지역명,연도,연월,수출_금액증감률,수출_중량증감률,수출액_백만불,수출중량_천톤,수출단가_USD_kg,수입_금액증감률,수입_중량증감률,수입액_백만불,수입중량_천톤,수입단가_USD_kg,수지_금액,수지_중량,중량비_수입대수출
광주,2000,2000-01-01,0.0,0.0,232.383,26.733831,8.692469104035258,0.0,0.0,139.105,24.233339,5.740232495406431,93.278,2.500492,0.9064671277378838
광주,2000,2000-02-01,0.0,0.0,214.205,28.72383,7.457396872213768,0.0,0.0,120.923,33.666202,3.591821851481792,93.282,-4.942372,1.1720652155370646
광주,2000,2000-03-01,0.0,0.0,263.885,50.335242,5.242549544114638,0.0,0.0,162.629,35.616209,4.566151327335259,101.256,14.719033,0.7075799695171824
광주,2000,2000-04-01,0.0,0.0,239.372,53.145849,4.504058256741745,0.0,0.0,136.896,30.517419,4.485831518058588,102.476,22.62843,0.5742201803945215
광주,2000,2000-05-01,0.0,0.0,260.743,52.908723,4.92816657094521,0.0,0.0,176.339,29.636925,5.949976254284141,84.404,23.271798,0.5601519620876126
광주,2000,2000-06-01,0.0,0.0,271.739,53.7503,5.055581085128827,0.0,0.0,157.775,37.322764,4.227312853892601,113.964,16.427536,0.6943731290802098
광주,2000,2000-07-01,0.0,0.0,284.95,37.060144,7.688853016869012,0.0,0.0,156.694,29.292131,5.349354746501714,128.256,7.768013,0.7903944194064654
광주,2000,2000-08-01,0.0,0.0,265.628,28.625417,9.279445605980168,0.0,0.0,196.732,18.11918,10.857665744255534,68.896,10.506237,0.6329752331642889
광주,2000,2000-09-01,0.0,0.0,285.764,33.239852,8.597029854404887,0.0,0.0,140.274,22.717265,6.174775000423686,145.49,10.522587,0.6834346013333633
광주,2000,2000-10-01,0.0,0.0,282.455,36.081665,7.828214135905314,0.0,0.0,150.02,22.063723,6.799396457252477,132.435,14.017942,0.6114940372069859
광주,2000,2000-11-01,0.0,0.0,285.935,40.915271,6.988466482355696,0.0,0.0,144.108,19.889286,7.245508963971859,141.827,21.025985,0.4861091107034339
광주,2000,2000-12-01,0.0,0.0,295.547,45.639943,6.475621584365257,0.0,0.0,162.45,21.326098,7.6174272480601,133.097,24.313845,0.4672682873420766
광주,2001,2001-01-01,12.1,4.2,260.507,27.850012,9.353927746961114,29.6,-22.2,180.243,18.843211,9.565407933923789,80.264,9.006801,0.6765961537108135
광주,2001,2001-02-01,30.6,50.1,279.769,43.119065,6.488290040611966,11.7,-29.2,135.124,23.842489,5.6673613228887305,144.645,19.276576,0.5529454082550259
광주,2001,2001-03-01,1.8,-20.8,268.708,39.869152,6.739747060584584,-12.3,-23.8,142.551,27.155773,5.249381043213169,126.157,12.713379,0.6811224126362155
광주,2001,2001-04-01,-5.7,-34.5,225.694,34.831982,6.479504956106144,2.7,-3.3,140.591,29.515012,4.763372618652501,85.103,5.31697,0.8473537911221934
광주,2001,2001-05-01,-1.6,-28.7,256.518,37.69882,6.804403957471348,-21.6,-6.2,138.246,27.791422,4.974412608322093,118.272,9.907398,0.7371960713889718
광주,2001,2001-06-01,-24.8,-44.0,204.303,30.098444,6.787825975322844,-22.4,7.8,122.374,40.240425,3.0410712610515422,81.929,-10.141981,1.3369603093103417
광주,2001,2001-07-01,-35.2,-29.6,184.612,26.072965,7.0805909492840575,-13.2,1.6,136.014,29.75987,4.570382867935915,48.598,-3.686905,1.1414072009071463
광주,2001,2001-08-01,-3.0,7.2,257.619,30.682062,8.396404387684244,-21.1,78.9,155.192,32.417054,4.787356679604507,102.427,-1.734992,1.0565474380437665
광주,2001,2001-09-01,-4.4,16.2,273.225,38.616053,7.0754253418908455,-15.0,36.0,119.303,30.892185,3.86191523843328,153.922,7.723868,0.7999829759918757
광주,2001,2001-10-01,15.1,10.4,325.038,39.827621,8.161120143229242,-2.6,32.4,146.177,29.207067,5.004850367207361,178.861,10.620554,0.7333369723489134
광주,2001,2001-11-01,8.8,39.1,311.187,56.909326,5.468119583774371,11.8,50.6,161.143,29.956732,5.379191562016845,150.044,26.952594,0.5263940746724008
광주,2001,2001-12-01,-16.1,7.7,248.069,49.164889,5.045653616750767,-18.0,38.2,133.206,29.475642,4.519189098578413,114.863,19.689247,0.5995262594816394
광주,2002,2002-01-01,-3.8,85.9,250.587,51.782257,4.83924445394491,-35.6,45.1,116.104,27.342753,4.246243968191498,134.483,24.439504,0.528033241193021
광주,2002,2002-02-01,-9.3,19.8,253.696,51.674378,4.909512408644764,-4.3,0.9,129.342,24.067222,5.374197321153226,124.354,27.607156,0.4657476864065978
광주,2002,2002-03-01,11.0,59.9,298.4,63.745883,4.681086620135138,-12.8,12.8,124.344,30.642413,4.057904969820751,174.056,33.10347,0.4806963455192863
광주,2002,2002-04-01,32.4,66.8,298.893,58.10712,5.143827468991752,6.3,-9.0,149.383,26.868886,5.559702028584289,149.51,31.238234,0.4624026453212618
광주,2002,2002-05-01,23.5,249.6,316.785,131.783047,2.40383727051022,13.4,-1.0,156.821,27.521619,5.698102280974095,159.964,104.261428,0.2088403601716691
광주,2002,2002-06-01,37.1,70.3,280.099,51.270139,5.46319954389045,6.0,-33.2,129.762,26.881293,4.82722315477905,150.337,24.388846,0.5243070045119246
광주,2002,2002-07-01,67.0,124.2,308.259,58.450779,5.273821928019129,26.9,1.8,172.598,30.291589,5.697885310671553,135.661,28.15919,0.5182409801587076
광주,2002,2002-08-01,24.4,75.5,320.533,53.834625,5.954030514747712,-8.8,-26.2,141.479,23.909605,5.91724539154871,179.054,29.92502,0.4441306129651688
광주,2002,2002-09-01,13.9,47.2,311.099,56.824162,5.474766174290436,20.7,10.4,144.028,34.108972,4.222584016897373,167.071,22.71519,0.6002547296693966
광주,2002,2002-10-01,6.6,66.7,346.416,66.411605,5.216196777656556,10.9,6.2,162.071,31.006102,5.227067884895689,184.345,35.405503,0.4668777693296224
광주,2002,2002-11-01,2.1,6.5,317.701,60.624358,5.240484361087997,1.7,-1.3,163.929,29.581048,5.541690071291592,153.772,31.04331,0.4879399795046077
광주,2002,2002-12-01,19.3,23.2,295.863,60.564098,4.885121875339413,13.8,-9.7,151.623,26.622378,5.695321432217663,144.24,33.94172,0.4395735902811596
광주,2003,2003-01-01,16.0,12.6,290.676,58.310653,4.984955321971785,30.2,65.6,151.176,45.277757,3.338857973905377,139.5,13.032896,0.776492024536237
광주,2003,2003-02-01,10.9,10.9,281.252,57.291042,4.909179344303076,49.6,-5.9,193.493,22.655269,8.540750498261575,87.759,34.635773,0.3954417341545297
광주,2003,2003-03-01,13.3,2.5,338.185,65.361725,5.174052551397626,265.3,2.3,454.273,31.337035,14.496361892565778,-116.088,34.02469,0.4794401463547665
광주,2003,2003-04-01,11.8,8.3,334.139,62.9415,5.3087231794602925,36.1,-35.4,203.347,17.358701,11.714413422985972,130.792,45.582799,0.2757910281769579
광주,2003,2003-05-01,3.0,-56.9,326.146,56.844704,5.737491394097153,31.0,-6.8,205.498,25.659533,8.008641466701674,120.648,31.185171,0.4513970729797449
광주,2003,2003-06-01,8.8,-6.7,304.7,47.827162,6.370856794722631,122.7,56.2,289.038,41.986897,6.884004788446262,15.662,5.840265,0.8778881130350156
광주,2003,2003-07-01,8.2,7.4,333.414,62.764416,5.312150120220986,43.7,-14.3,248.085,25.973447,9.551485407385472,85.329,36.790969,0.4138244033052103
광주,2003,2003-08-01,-7.8,-11.4,295.555,47.716451,6.19398538252562,52.0,45.1,215.114,34.694618,6.200212378761456,80.441,13.021833,0.7270997166155546
광주,2003,2003-09-01,18.6,6.5,369.066,60.543937,6.095837474196632,58.1,34.9,227.649,45.998258,4.949078723807324,141.417,14.545679,0.7597500307916877
광주,2003,2003-10-01,15.5,2.9,400.194,68.367542,5.853567179583552,64.9,-17.2,267.219,25.67493,10.407779105921612,132.975,42.692612,0.3755426807650917
광주,2003,2003-11-01,15.6,-2.1,367.399,59.326908,6.192788607826992,58.9,-27.5,260.519,21.443846,12.14889344010398,106.88,37.883062,0.3614522772702059
광주,2003,2003-12-01,33.2,6.7,394.109,64.621179,6.098759046163488,65.0,-33.5,250.18,17.705936,14.129724630203114,143.929,46.915243,0.2739958675158186
광주,2004,2004-01-01,7.7,-8.3,313.025,53.48232,5.852868761115823,34.5,-50.1,203.272,22.588165,8.999048838185837,109.753,30.894155,0.4223482638748655
광주,2004,2004-02-01,26.7,-0.9,356.305,56.759078,6.277498024192711,33.3,-13.7,257.978,19.559333,13.189509069659993,98.327,37.199745,0.3446027259287051
광주,2004,2004-03-01,19.4,1.6,403.946,66.377087,6.085624094953127,-43.0,-4.3,258.795,29.980817,8.63201960106691,145.151,36.39627,0.4516741899203862
광주,2004,2004-04-01,23.4,-1.3,412.368,62.129331,6.637251574461666,46.7,125.6,298.313,39.153975,7.618970998474612,114.055,22.975356,0.6302011364004547
광주,2004,2004-05-01,18.9,9.8,387.759,62.388124,6.215269431727102,21.0,-24.9,248.568,19.282452,12.89089167705435,139.191,43.105672,0.309072476678414
광주,2004,2004-06-01,32.9,24.5,405.006,59.549276,6.801191000206283,-8.3,-46.8,265.126,22.338427,11.868606504835816,139.88,37.210849,0.375125081285623
광주,2004,2004-07-01,27.4,9.7,424.881,68.879388,6.168478151983581,1.8,-20.7,252.523,20.595759,12.260922260743095,172.358,48.283629,0.2990119337297248
광주,2004,2004-08-01,39.8,27.8,413.2,60.964587,6.777705227462625,13.0,-46.0,243.161,18.74703,12.970641216235318,170.039,42.217557,0.3075068810029009
광주,2004,2004-09-01,31.0,22.3,483.522,74.066638,6.528202346648973,-4.7,-54.1,216.946,21.11955,10.272283263611204,266.576,52.947088,0.2851425496051272
광주,2004,2004-10-01,46.5,21.0,586.364,82.73577,7.087188528009107,16.8,4.1,312.002,26.731709,11.671606929433503,274.362,56.004061,0.3230973616369316
광주,2004,2004-11-01,46.8,29.4,539.319,76.753351,7.02665086244899,-7.5,15.3,241.081,24.716713,9.753764588357685,298.238,52.036638,0.3220278030596996
광주,2004,2004-12-01,42.6,31.7,561.887,85.082977,6.603988480562921,-4.2,52.5,239.739,26.998278,8.879788555403422,322.148,58.084699,0.3173170351103253
광주,2005,2005-01-01,64.9,53.7,516.12,82.195438,6.279180603672919,24.3,6.4,252.708,24.023532,10.519185938187608,263.412,58.171906,0.2922733011046184
광주,2005,2005-02-01,25.6,28.1,447.585,72.689155,6.157521022221266,-22.9,19.8,198.846,23.423153,8.489292624267962,248.739,49.266002,0.3222372443317026
광주,2005,2005-03-01,54.3,46.7,623.45,97.344838,6.404551209998418,2.3,-12.5,264.737,26.235893,10.09064185465309,358.713,71.108945,0.2695149895878403
광주,2005,2005-04-01,52.8,60.6,630.068,99.772572,6.315042174115748,-3.9,-17.0,286.819,32.489854,8.827955952033518,343.249,67.282718,0.325639134570972
광주,2005,2005-05-01,57.1,48.9,609.121,92.91195,6.555895124362367,7.7,25.3,267.693,24.158725,11.080593036263297,341.428,68.753225,0.2600174143369071
광주,2005,2005-06-01,54.8,58.6,626.762,94.432964,6.637110320925646,13.7,12.0,301.544,25.018041,12.053062028317886,325.218,69.414923,0.2649291088649934
광주,2005,2005-07-01,50.4,35.8,638.939,93.563067,6.828965963674534,29.5,35.9,327.095,27.991389,11.685558012144378,311.844,65.571678,0.2991713493103
광주,2005,2005-08-01,41.4,33.9,584.449,81.620428,7.16057259587024,57.6,23.1,383.257,23.079527,16.605929575593123,201.192,58.540901,0.2827665520205309
광주,2005,2005-09-01,13.2,6.9,547.287,79.190854,6.91098747337666,68.9,39.7,366.438,29.496033,12.423297736343054,180.849,49.694821,0.3724676715823774
광주,2005,2005-10-01,8.8,8.0,637.897,89.390184,7.136096732947769,11.3,-16.7,347.325,22.271017,15.595381207782294,290.572,67.119167,0.2491438769160605
광주,2005,2005-11-01,23.6,15.4,666.393,88.587176,7.522454491607228,37.4,4.3,331.261,25.779849,12.84960978631023,335.132,62.807327,0.2910110713993186
광주,2005,2005-12-01,17.6,-1.9,660.5,83.483102,7.911780757739453,46.7,-2.6,351.805,26.287533,13.38295989966042,308.695,57.195569,0.3148844780588052
광주,2006,2006-01-01,21.2,-6.2,625.545,77.091019,8.114369327508824,16.2,-29.5,293.654,16.931386,17.343766186654772,331.891,60.159633,0.2196285147041577
광주,2006,2006-02-01,46.1,17.6,654.026,85.483028,7.650945635664661,61.3,-3.5,320.763,22.596202,14.195438684784284,333.263,62.886826,0.2643355357042335
광주,2006,2006-03-01,18.0,1.4,735.654,98.682917,7.454724914546253,20.3,10.0,318.366,28.866912,11.028751533936155,417.288,69.816005,0.2925218758987434
광주,2006,2006-04-01,7.0,-8.9,673.971,90.918522,7.412911969686441,8.9,-16.4,312.281,27.150449,11.501872399973935,361.69,63.768073,0.2986239591532295
광주,2006,2006-05-01,12.0,-9.0,682.325,84.531433,8.071849438539626,21.7,18.3,325.848,28.578867,11.40171162138793,356.477,55.952566,0.3380856799150678
광주,2006,2006-06-01,15.1,-0.4,721.149,94.045036,7.6681240251744915,5.9,16.4,319.378,29.132431,10.962971130009713,401.771,64.912605,0.3097710654286952
광주,2006,2006-07-01,11.6,-4.3,712.769,89.557535,7.958783144265862,-2.4,-1.1,319.102,27.669688,11.53254781911527,393.667,61.887847,0.3089599105200919
광주,2006,2006-08-01,6.7,-5.9,623.648,76.840392,8.116148080035822,-1.1,98.2,379.211,45.734135,8.291640368840474,244.437,31.106257,0.5951835201465396
광주,2006,2006-09-01,64.5,34.3,900.055,106.316612,8.465798364605524,0.6,52.1,368.548,44.851298,8.217108900616433,531.507,61.465314,0.4218653807365494
광주,2006,2006-10-01,28.8,11.0,821.901,99.267491,8.2796592491695,0.8,43.3,350.092,31.905454,10.972794808060089,471.809,67.362037,0.3214088890390107
광주,2006,2006-11-01,52.2,25.8,1014.063,111.444288,9.099281965891334,15.2,38.4,381.471,35.669604,10.694567845496689,632.592,75.774684,0.3200666865941124
광주,2006,2006-12-01,47.9,20.8,976.893,100.869445,9.68472662856428,11.0,51.1,390.611,39.726948,9.83239387027667,586.282,61.142497,0.3938452124922468
광주,2007,2007-01-01,46.7,33.5,917.536,102.929258,8.914238942633784,42.7,109.6,419.032,35.486052,11.808357830282162,498.504,67.443206,0.3447615642969077
광주,2007,2007-02-01,22.6,4.6,802.15,89.408804,8.97171155538553,25.9,79.2,403.992,40.494392,9.97649254741249,398.158,48.914412,0.4529128026363041
광주,2007,2007-03-01,34.1,14.6,986.754,113.056173,8.727997541540699,35.3,48.1,430.718,42.765122,10.071712177039972,556.036,70.291051,0.3782643695183278
광주,2007,2007-04-01,24.8,8.2,841.221,98.37405,8.551249033662842,29.6,62.6,404.701,44.145669,9.16739986429926,436.52,54.228381,0.4487531925340067
광주,2007,2007-05-01,19.2,30.4,813.036,110.249332,7.374520872380433,22.7,45.8,399.926,41.675779,9.596125365767008,413.11,68.573553,0.3780138912769104
광주,2007,2007-06-01,11.7,8.9,805.653,102.442522,7.864439338969027,31.5,22.9,419.973,35.793218,11.73331215986224,385.68,66.649304,0.349398055623816
광주,2007,2007-07-01,2.0,6.3,727.008,95.209589,7.635869534107536,25.1,35.2,399.261,37.407142,10.673389589613665,327.747,57.802447,0.3928925898419748
광주,2007,2007-08-01,28.5,33.2,801.679,102.33015,7.834240446241894,25.5,-20.0,475.821,36.607712,12.997834991708851,325.858,65.722438,0.3577412131224277
광주,2007,2007-09-01,-18.5,-10.9,733.42,94.771665,7.738810962116156,-17.0,-30.3,305.785,31.275635,9.777099649615428,427.635,63.49603,0.3300103992052899
광주,2007,2007-10-01,10.8,19.2,910.326,118.346613,7.6920325552536095,20.3,27.9,421.313,40.802776,10.325596474122252,489.013,77.543837,0.3447735001930304
광주,2007,2007-11-01,-6.0,1.1,953.644,112.682398,8.463114176892118,24.9,7.3,476.563,38.272475,12.45184692131878,477.081,74.409923,0.3396490994094747
광주,2007,2007-12-01,-12.8,-2.1,851.507,98.715776,8.625845173926404,9.4,-7.4,427.207,36.789545,11.612184929169414,424.3,61.926231,0.3726815154651673
광주,2008,2008-01-01,-11.2,1.9,814.463,104.872146,7.766247102447966,16.6,22.5,488.405,43.461518,11.237642458783885,326.058,61.410628,0.4144238452029007
광주,2008,2008-02-01,-12.1,-3.5,705.149,86.258635,8.174822149689708,4.3,-13.7,421.24,34.9394,12.056303199253565,283.909,51.319235,0.4050539403968078
광주,2008,2008-03-01,-13.6,0.8,852.287,113.975946,7.477779565874364,-3.5,-7.4,415.814,39.584677,10.504418161603288,436.473,74.391269,0.3473072906102485
광주,2008,2008-04-01,3.1,19.3,867.611,117.320566,7.395216623827062,16.1,-6.8,469.66,41.137302,11.41688874005398,397.951,76.183264,0.3506401597141971
광주,2008,2008-05-01,10.2,4.4,895.595,115.078399,7.782477057227743,20.9,-2.0,483.469,40.859629,11.83243734298224,412.126,74.21877,0.3550590671668972
광주,2008,2008-06-01,8.5,-3.2,874.526,99.159325,8.819402512068331,3.1,-13.1,433.016,31.10752,13.919978191768422,441.51,68.051805,0.3137125025810734
광주,2008,2008-07-01,14.7,19.3,833.807,113.541455,7.34363497455621,7.8,34.1,430.439,50.157162,8.581805326226393,403.368,63.384293,0.441751975082581
광주,2008,2008-08-01,-4.0,1.1,769.87,103.454366,7.4416385674820145,-10.5,27.5,425.744,46.657465,9.12488494606383,344.126,56.796901,0.4509956109537223
광주,2008,2008-09-01,0.5,7.3,737.26,101.725993,7.247508510435479,28.1,11.7,391.686,34.939946,11.210263461769518,345.574,66.786047,0.3434711716208068
광주,2008,2008-10-01,-26.7,-18.3,667.339,96.736648,6.898512753925482,-6.1,-14.3,395.803,34.967178,11.319272032761694,271.536,61.76947,0.3614677448819604
광주,2008,2008-11-01,-19.0,-6.5,772.185,105.302636,7.333007314270842,-43.4,-23.6,269.725,29.22383,9.229625274989624,502.46,76.078806,0.277522302480633
광주,2008,2008-12-01,-27.0,-16.4,621.978,82.535907,7.535847397908888,-41.0,18.9,252.041,43.752672,5.760585319223475,369.937,38.783235,0.530104697341001
광주,2009,2009-01-01,-40.0,-32.6,488.544,70.697955,6.910298890540751,-49.1,-31.5,248.774,29.767432,8.357254330840497,239.77,40.930523,0.421050821059817
광주,2009,2009-02-01,-27.4,-8.4,511.61,79.004448,6.475711342227212,-53.4,8.1,196.258,37.773119,5.195705443333922,315.352,41.231329,0.4781138272113489
광주,2009,2009-03-01,-32.3,-22.2,577.002,88.722732,6.503429132457283,-46.1,2.2,224.217,40.439444,5.544512431971122,352.785,48.283288,0.455795748038958
광주,2009,2009-04-01,-21.0,-13.9,685.378,101.009554,6.785278944999599,-22.2,-7.3,365.291,38.139022,9.57788062840206,320.087,62.870532,0.3775783625378645
광주,2009,2009-05-01,-16.1,-7.4,751.746,106.544763,7.055682314484101,-32.5,19.7,326.174,48.909961,6.668866491224558,425.572,57.634802,0.4590555145352381
광주,2009,2009-06-01,-8.6,17.4,799.293,116.418373,6.865694644263754,-9.4,93.1,392.221,60.061204,6.530355268935335,407.072,56.357169,0.5159082922418097
광주,2009,2009-07-01,-6.2,2.7,781.822,116.639541,6.702889888772797,-7.4,-27.4,398.637,36.391389,10.954157314522948,383.185,80.248152,0.3119987329168245
광주,2009,2009-08-01,-18.9,-14.2,624.246,88.795742,7.030134395408284,-10.8,-32.9,379.678,31.288891,12.13459435171416,244.568,57.506851,0.3523692723914622
광주,2009,2009-09-01,26.1,26.1,929.738,128.261844,7.248749674922808,12.6,11.1,441.195,38.814268,11.366825209739885,488.543,89.447576,0.3026174175384536
광주,2009,2009-10-01,42.5,35.7,951.111,131.289942,7.244355397765352,9.5,31.8,433.53,46.077573,9.408698674298666,517.581,85.212369,0.3509604185825598
광주,2009,2009-11-01,19.3,21.9,921.269,128.350913,7.17773624251508,28.3,33.5,346.093,39.024618,8.868581365742005,575.176,89.326295,0.3040462828651635
광주,2009,2009-12-01,38.5,44.1,861.407,118.969456,7.2405727399476385,32.7,2.0,334.472,44.646693,7.491529103846505,526.935,74.322763,0.3752786177319328
광주,2010,2010-01-01,63.7,68.4,799.712,119.078379,6.715845535653454,49.5,48.5,371.955,44.198771,8.415505489960344,427.757,74.879608,0.3711737711847757
광주,2010,2010-02-01,27.1,29.4,650.087,102.221077,6.359617987589781,65.8,-3.1,325.403,36.597286,8.891451677591611,324.684,65.623791,0.3580209392628489
광주,2010,2010-03-01,51.8,51.1,876.091,134.102133,6.533013162437916,98.7,10.0,445.425,44.502281,10.009037514279324,430.666,89.599852,0.3318536402400102
광주,2010,2010-04-01,35.0,36.2,925.569,137.544167,6.729249376311247,19.6,43.1,436.924,54.570588,8.006584059530383,488.645,82.973579,0.3967495619061766
광주,2010,2010-05-01,24.0,31.1,932.227,139.671141,6.674442503480372,24.3,11.2,405.457,54.369407,7.457447531108809,526.77,85.301734,0.3892672932341836
광주,2010,2010-06-01,26.4,29.7,1010.248,151.046438,6.688327201731165,36.9,-10.6,536.843,53.703111,9.99649722341039,473.405,97.343327,0.3555404000986769
광주,2010,2010-07-01,38.9,32.6,1085.902,154.698555,7.019470867067892,68.2,68.0,670.373,61.152376,10.962337751193838,415.529,93.546179,0.3953002405226086
광주,2010,2010-08-01,43.9,50.0,898.458,133.151864,6.747618643926757,11.3,36.5,422.656,42.703042,9.897561864562247,475.802,90.448822,0.3207093067807147
광주,2010,2010-09-01,3.7,7.9,964.506,138.387764,6.969590172726543,4.0,35.3,458.861,52.511807,8.738244334269433,505.645,85.875957,0.3794541185014016
광주,2010,2010-10-01,18.1,15.2,1123.284,151.306001,7.423922333391125,12.8,-5.4,489.232,43.572057,11.228113467307727,634.052,107.733944,0.2879730923560659
광주,2010,2010-11-01,31.5,21.7,1211.421,156.200882,7.755532391936174,37.5,13.6,476.011,44.347711,10.73360922731728,735.41,111.853171,0.2839146004310014
광주,2010,2010-12-01,28.1,13.5,1103.848,135.086442,8.171419601087724,53.5,5.0,513.467,46.887455,10.951052898904408,590.381,88.198987,0.3470922344671717
광주,2011,2011-01-01,37.8,29.6,1102.175,154.379544,7.139384995203769,16.4,12.6,432.904,49.780219,8.69630565506351,669.271,104.599325,0.3224534657260032
광주,2011,2011-02-01,43.1,18.5,930.284,121.139304,7.679456371979816,14.5,2.8,372.661,37.633569,9.902356058762324,557.623,83.505735,0.3106635729061147
광주,2011,2011-03-01,37.1,14.9,1200.815,154.08227,7.793336637628716,7.6,17.1,479.441,52.095811,9.203062411294452,721.374,101.986459,0.338103864902821
광주,2011,2011-04-01,17.8,4.4,1090.082,143.583317,7.591982291368851,13.3,-11.9,494.836,48.05098,10.2981458442679,595.246,95.532337,0.3346557316265371
광주,2011,2011-05-01,20.2,7.8,1120.825,150.518053,7.446448965161674,11.8,17.4,453.503,63.85151,7.102463199382442,667.322,86.666543,0.4242116392510073
광주,2011,2011-06-01,12.7,1.8,1138.4,153.750509,7.404203130150288,-9.5,-16.1,485.666,45.039789,10.783043410793956,652.734,108.71072,0.292940747272583
광주,2011,2011-07-01,3.3,-6.8,1121.78,144.138472,7.782655001365631,-28.0,-27.2,482.937,44.490394,10.854860040124615,638.843,99.648078,0.3086642544677454
광주,2011,2011-08-01,19.2,4.0,1070.554,138.426039,7.733761709384749,0.4,33.6,424.217,57.032398,7.438175754068767,646.337,81.393641,0.4120062844534618
광주,2011,2011-09-01,21.7,6.5,1173.528,147.356943,7.963845992652006,-11.7,-19.0,405.14,42.534997,9.52486255024304,768.388,104.821946,0.2886528190259755
광주,2011,2011-10-01,-2.9,-12.8,1090.693,131.941864,8.266466509825873,-8.5,-2.8,447.842,42.373416,10.568937845369842,642.851,89.568448,0.3211521704741112
광주,2011,2011-11-01,-4.6,-7.9,1155.415,143.868886,8.031027639986036,-15.2,16.9,403.503,51.848681,7.782319476940986,751.912,92.020205,0.3603884233871109
광주,2011,2011-12-01,3.7,0.7,1145.143,136.000622,8.420130607932073,-33.7,-0.1,340.571,46.837529,7.271327229922825,804.572,89.163093,0.3443920205012004
광주,2012,2012-01-01,0.3,-5.5,1105.591,145.881946,7.578669124690728,-20.6,-16.0,343.859,41.836466,8.219121567294906,761.732,104.04548,0.2867830265987814
광주,2012,2012-02-01,24.3,27.0,1155.945,153.84353,7.513770647358391,-7.9,17.1,343.112,44.05154,7.788876393424611,812.833,109.79199,0.2863398935268841
광주,2012,2012-03-01,-2.6,1.7,1169.077,156.74502,7.4584634331604285,-16.3,-13.8,401.133,44.890051,8.935899850058089,767.944,111.854969,0.2863890093605525
광주,2012,2012-04-01,6.6,13.0,1162.317,162.27755,7.1625249456871884,-19.9,9.0,396.468,52.375764,7.56968432956892,765.849,109.901786,0.3227542195454639
광주,2012,2012-05-01,7.8,13.4,1208.099,170.669451,7.078589594806864,-10.9,-1.4,403.878,62.981031,6.4126927360080845,804.221,107.68842,0.3690234580997158
광주,2012,2012-06-01,4.0,6.0,1184.223,162.928508,7.268359690619643,-16.1,-4.5,407.322,43.012897,9.469764382529268,776.901,119.915611,0.2639985937881417
광주,2012,2012-07-01,0.6,8.9,1128.262,157.030068,7.185006122521707,-8.4,7.5,442.342,47.832239,9.247779515401737,685.92,109.197829,0.304605605851231
광주,2012,2012-08-01,-4.0,0.3,1027.679,138.843255,7.40172073897288,-8.5,-27.1,388.208,41.591704,9.33378444893722,639.471,97.251551,0.2995586930024076
광주,2012,2012-09-01,7.5,1.3,1261.899,149.257023,8.454536842799016,-1.4,3.4,399.479,43.971308,9.08499242278624,862.42,105.285715,0.2946012664342099
광주,2012,2012-10-01,5.6,2.2,1151.724,134.813732,8.543076309170049,-5.5,0.2,423.267,42.456431,9.969443733977544,728.457,92.357301,0.314926605547868
광주,2012,2012-11-01,19.0,15.2,1375.064,165.744122,8.29630627866248,-4.0,-12.8,387.414,45.236916,8.5641116649066,987.65,120.507206,0.2729322491448596
광주,2012,2012-12-01,5.1,-6.2,1203.029,127.627846,9.426069918942297,18.5,-3.6,403.568,45.164108,8.935591067136762,799.461,82.463738,0.3538734642595159
광주,2013,2013-01-01,20.4,-2.6,1330.944,142.036267,9.370451843823805,21.3,7.0,417.112,44.769115,9.316958800726796,913.832,97.267152,0.3151949565106495
광주,2013,2013-02-01,-2.2,-18.2,1130.133,125.832118,8.981276147636647,-9.8,-22.2,309.48,34.2891,9.025608721138788,820.653,91.543018,0.2724987908095133
광주,2013,2013-03-01,18.3,-4.7,1382.628,149.322714,9.259328088558584,0.7,2.0,404.058,45.782738,8.825553421466404,978.57,103.539976,0.3066026378277587
광주,2013,2013-04-01,19.3,-5.9,1387.188,152.717516,9.08335884666956,5.2,-8.3,417.01,48.004957,8.686811239097663,970.178,104.712559,0.314338251808653
광주,2013,2013-05-01,15.0,-11.7,1389.16,150.781771,9.213050031094276,8.2,-30.5,437.194,43.791227,9.983597856255546,951.966,106.990544,0.2904278594791143
광주,2013,2013-06-01,7.7,-11.4,1275.519,144.409463,8.832655239497706,1.5,30.3,413.291,56.062263,7.371999949413387,862.228,88.3472,0.3882173774166032
광주,2013,2013-07-01,13.2,0.6,1277.581,157.90506,8.090817355694618,7.2,-1.8,474.086,46.968477,10.093706040329986,803.495,110.936583,0.2974475738776199
광주,2013,2013-08-01,17.7,-1.1,1210.077,137.289632,8.814045040196481,0.3,-12.6,389.342,36.354525,10.7095884212488,820.735,100.935107,0.2648016785419018
광주,2013,2013-09-01,-7.6,-13.8,1166.254,128.70914,9.061159137571735,9.3,16.4,436.592,51.182806,8.530052064750025,729.662,77.526334,0.397662559162465
광주,2013,2013-10-01,28.9,25.3,1484.398,168.981782,8.784367062716855,11.2,-3.5,470.629,40.959065,11.490228109455137,1013.769,128.022717,0.2423874604423333
광주,2013,2013-11-01,5.0,-1.0,1443.833,164.056865,8.80080818318697,-2.9,-18.5,376.312,36.845513,10.213238176382562,1067.521,127.211352,0.2245898883902237
광주,2013,2013-12-01,15.5,23.2,1389.903,157.181785,8.84264674815851,-8.2,-20.2,370.368,36.037877,10.277186971918464,1019.535,121.143908,0.2292751478805257
광주,2014,2014-01-01,-4.1,7.0,1275.815,152.049567,8.390783513378897,-6.8,9.2,388.745,48.872806,7.954218957675563,887.07,103.176761,0.3214268015639926
광주,2014,2014-02-01,2.1,13.8,1153.452,143.232641,8.052996802593341,3.7,9.0,321.036,37.371284,8.590446076190478,832.416,105.861357,0.2609131810953622
광주,2014,2014-03-01,-0.7,7.4,1373.564,160.379694,8.564450808841174,-15.8,-2.7,340.04,44.538631,7.634720519362169,1033.524,115.841063,0.2777074197435493
광주,2014,2014-04-01,6.1,16.8,1471.979,178.344747,8.253559607225213,1.3,-4.3,422.445,45.948591,9.193861896657506,1049.534,132.396156,0.2576391610794121
광주,2014,2014-05-01,-2.7,12.4,1351.787,169.496627,7.975303248954919,-11.4,10.1,387.199,48.1942,8.034141037718232,964.588,121.302427,0.2843372216486644
광주,2014,2014-06-01,3.3,15.0,1317.343,166.13498,7.929353589472849,-0.8,-13.1,410.017,48.723747,8.415136873607032,907.326,117.411233,0.2932780742502271
광주,2014,2014-07-01,12.7,9.4,1439.312,172.779512,8.330339537016403,4.7,15.6,496.45,54.302557,9.142295085662356,942.862,118.476955,0.3142881720837364
광주,2014,2014-08-01,1.5,2.1,1227.899,140.176637,8.759655148525214,27.4,0.6,496.024,36.56786,13.564479846510023,731.875,103.608777,0.260869862358019
광주,2014,2014-09-01,10.2,12.0,1285.628,144.198081,8.915708108487241,3.6,-27.1,452.481,37.320993,12.12403432030868,833.147,106.877088,0.2588175427937907
광주,2014,2014-10-01,-8.0,-6.0,1365.484,158.829147,8.59718776932045,9.6,2.5,515.683,41.962715,12.289076147718278,849.801,116.866432,0.2642003422709309
광주,2014,2014-11-01,0.4,-3.5,1449.024,158.279167,9.154862433664436,21.8,20.4,458.336,44.35868,10.332498622592016,990.688,113.920487,0.2802559606596868
광주,2014,2014-12-01,11.3,7.9,1547.097,169.596357,9.122230143186387,29.3,5.8,479.035,38.113236,12.568730716016873,1068.062,131.483121,0.224729096038307
광주,2015,2015-01-01,3.0,-1.4,1314.089,149.931625,8.76458852493595,38.0,-27.3,536.425,35.53845,15.094214857429066,777.664,114.393175,0.2370310466520989
광주,2015,2015-02-01,-5.3,-10.6,1092.122,128.039683,8.529558761872286,37.3,4.6,440.749,39.085302,11.27659190147744,651.373,88.954381,0.3052592843423394
광주,2015,2015-03-01,3.1,-0.2,1415.574,160.084545,8.842664980557617,22.9,-23.0,417.837,34.275297,12.19061646643062,997.737,125.809248,0.2141074705244032
광주,2015,2015-04-01,-3.2,-3.3,1424.999,172.477461,8.26194328080931,30.2,17.3,550.172,53.919567,10.203568585778887,874.827,118.557894,0.3126180469458557
광주,2015,2015-05-01,-2.1,-14.1,1323.395,145.641,9.086692620896589,16.8,-6.1,452.145,45.270647,9.98759748231564,871.25,100.370353,0.3108372436333175
광주,2015,2015-06-01,7.6,-3.7,1417.629,159.963312,8.862213355522421,6.7,-6.0,437.581,45.804002,9.553335536052067,980.048,114.15931,0.2863406704157263
광주,2015,2015-07-01,-8.6,-6.4,1316.079,161.700468,8.138993141318553,3.0,-20.7,511.134,43.067559,11.86819062580259,804.945,118.632909,0.2663415853564505
광주,2015,2015-08-01,-5.6,-12.7,1159.341,122.381502,9.473171852393182,-10.7,33.5,443.099,48.82791,9.074707477751966,716.242,73.553592,0.39898113033455
광주,2015,2015-09-01,-2.8,-9.4,1249.748,130.639555,9.566382861607268,-8.3,75.9,414.815,65.658254,6.31778907797335,834.933,64.981301,0.5025909189601878
광주,2015,2015-10-01,-14.4,-13.9,1168.461,136.735454,8.545413539929447,1.1,46.4,521.446,61.440064,8.487067982220852,647.015,75.29539,0.4493352835907503
광주,2015,2015-11-01,-19.5,-9.9,1166.428,142.616563,8.178769530436657,-11.0,28.5,408.058,56.979957,7.161430465803967,758.37,85.636606,0.3995325353619691
광주,2015,2015-12-01,-18.8,-12.3,1256.734,148.697532,8.45161303685928,-12.6,71.4,418.52,65.320168,6.407209485437943,838.214,83.377364,0.4392821260812856
광주,2016,2016-01-01,-22.3,-24.1,1021.53,113.800287,8.976515147101518,-21.4,80.5,421.527,64.164409,6.569483091475213,600.003,49.635878,0.563833455007016
광주,2016,2016-02-01,-2.3,-2.9,1066.505,124.366989,8.57546691911951,9.7,54.5,483.609,60.368143,8.010996793457767,582.896,63.998846,0.4854032688690405
광주,2016,2016-03-01,-0.4,-1.6,1409.976,157.600662,8.946510643464176,6.8,109.7,446.181,71.886066,6.206780045523704,963.795,85.714596,0.4561279444371877
광주,2016,2016-04-01,-15.3,-21.3,1207.161,135.731995,8.893709990779993,-24.9,26.7,412.944,68.34022,6.042473963355693,794.217,67.391775,0.5034938151465319
광주,2016,2016-05-01,-4.2,2.4,1268.313,149.176007,8.50212460774607,7.0,34.9,483.762,61.070053,7.921427544855741,784.551,88.105954,0.4093825423280032
광주,2016,2016-06-01,-4.0,-5.4,1360.404,151.396274,8.98571651769977,20.5,42.3,527.156,65.183428,8.087270279801793,833.248,86.212846,0.4305484294811641
광주,2016,2016-07-01,-2.5,-10.1,1282.883,145.363534,8.825342675006787,-1.2,50.8,504.834,64.927893,7.775302365040553,778.049,80.435641,0.4466587404238535
광주,2016,2016-08-01,-8.4,-1.0,1062.06,121.123423,8.768411374899799,15.1,46.4,510.056,71.506241,7.133027731103919,552.004,49.617182,0.5903584891255922
광주,2016,2016-09-01,-9.5,3.1,1130.575,134.633596,8.397421101342342,10.6,-11.9,458.874,57.838102,7.933766567927834,671.701,76.795494,0.4295963542413292
광주,2016,2016-10-01,-2.0,4.3,1145.289,142.584094,8.032375616876312,-6.6,-3.9,486.843,59.054961,8.243896732062867,658.446,83.529133,0.4141763596716475
광주,2016,2016-11-01,14.6,11.7,1336.204,159.267218,8.389698877015608,7.0,9.7,436.71,62.482479,6.989319357831497,899.494,96.784739,0.3923122396725734
광주,2016,2016-12-01,12.0,8.1,1407.755,160.765004,8.756601032398818,8.9,-5.2,455.833,61.923451,7.361233791701951,951.922,98.841553,0.3851799176392892
광주,2017,2017-01-01,3.2,8.3,1054.362,123.235394,8.555675165853732,1.4,-16.2,427.383,53.750051,7.9513040834138,626.979,69.485343,0.4361575782360058
광주,2017,2017-02-01,12.9,13.3,1203.829,140.871149,8.545603613980603,-13.5,3.2,418.176,62.320651,6.7100711127038775,785.653,78.550498,0.4423947092246688
광주,2017,2017-03-01,-3.0,0.3,1368.365,158.067987,8.656812969978544,6.7,-1.2,476.16,71.01999,6.704591200308533,892.205,87.047997,0.4493002748241489
광주,2017,2017-04-01,8.3,8.4,1306.863,147.102626,8.88402223356638,7.2,-10.6,442.859,61.083048,7.250112993706535,864.004,86.019578,0.4152410440313961
광주,2017,2017-05-01,-5.8,-2.4,1195.085,145.589621,8.208586517304004,3.8,-7.3,502.366,56.589918,8.8773056713035,692.719,88.999703,0.3886947270781067
광주,2017,2017-06-01,-15.7,-6.3,1147.35,141.833555,8.089411564139388,0.3,-8.9,528.815,59.413222,8.900628213699637,618.535,82.420333,0.4188939775217508
광주,2017,2017-07-01,2.8,2.7,1319.081,149.234519,8.838980477432303,21.2,-12.9,611.897,56.541451,10.822095810735384,707.184,92.693068,0.3788764917049788
광주,2017,2017-08-01,20.1,21.0,1275.967,146.599646,8.703752258719643,22.8,-20.1,626.565,57.157005,10.962173402892612,649.402,89.442641,0.3898850137741806
광주,2017,2017-09-01,25.1,18.1,1414.784,159.01178,8.89735339105065,34.6,12.1,617.846,64.865411,9.525045636417843,796.938,94.146369,0.4079283371332614
광주,2017,2017-10-01,-3.1,-14.8,1109.66,121.500397,9.13297427332686,28.3,-16.7,624.456,49.221753,12.686585949102623,485.204,72.278644,0.4051159849296624
광주,2017,2017-11-01,2.7,-2.3,1372.935,155.580497,8.82459579750539,28.7,-3.0,561.98,60.590048,9.275120561053194,810.955,94.990449,0.3894450086504094
광주,2017,2017-12-01,-16.0,-21.0,1182.802,127.043847,9.310187214340258,20.6,-25.9,549.952,45.870618,11.989199709495956,632.85,81.173229,0.361061311375434
광주,2018,2018-01-01,19.8,8.5,1262.761,133.722704,9.44313091365547,25.2,18.4,535.039,63.635528,8.407866121579127,727.722,70.087176,0.4758767665960449
광주,2018,2018-02-01,-15.9,-24.0,1012.542,107.023475,9.460933687679267,9.0,-23.0,455.742,47.999356,9.494752387927871,556.8,59.024119,0.4484937159814704
광주,2018,2018-03-01,-9.9,-15.6,1233.292,133.419973,9.243683477585474,9.0,-8.4,519.191,65.047316,7.981743627976902,714.101,68.372657,0.4875380689816209
광주,2018,2018-04-01,-7.9,-6.8,1203.525,137.061295,8.780925351682983,13.3,-1.8,501.69,59.954817,8.367801372823806,701.835,77.106478,0.4374306911371295
광주,2018,2018-05-01,7.2,3.4,1281.64,150.468132,8.517683997034004,7.5,12.4,539.993,63.627842,8.48674075729301,741.647,86.84029,0.4228658996045754
광주,2018,2018-06-01,2.8,3.7,1179.414,147.089838,8.01832414826645,3.4,-5.2,547.005,56.312773,9.713693197101126,632.409,90.777065,0.3828461147669494
광주,2018,2018-07-01,-1.4,9.3,1300.533,163.141744,7.971797825086386,-5.5,2.1,578.436,57.704492,10.024106962071514,722.097,105.437252,0.3537077058585324
광주,2018,2018-08-01,-10.9,-9.9,1137.13,132.099794,8.608113348004162,-11.8,1.3,552.888,57.904626,9.548252673283825,584.242,74.195168,0.4383400173962421
광주,2018,2018-09-01,-19.0,-20.5,1145.457,126.393683,9.06261272566921,-21.1,-44.0,487.622,36.305818,13.430960294022295,657.835,90.087865,0.28724392816372
광주,2018,2018-10-01,22.9,26.2,1363.232,153.368218,8.888621239636494,-7.1,-0.9,580.227,48.792451,11.891737104987818,783.005,104.575767,0.3181392575090101
광주,2018,2018-11-01,-3.9,-3.2,1319.071,150.534516,8.762581732418099,-11.3,-5.6,498.397,57.199192,8.713357349523399,820.674,93.335324,0.3799739323571479
광주,2018,2018-12-01,3.6,12.7,1225.713,143.2052,8.559137517352722,-12.1,11.7,483.562,51.232084,9.438655667413412,742.151,91.973116,0.3577529586914442
광주,2019,2019-01-01,-6.1,7.9,1185.627,144.234206,8.220151328042116,-4.3,-30.3,512.064,44.342638,11.547892121348308,673.563,99.891568,0.3074349644910167
광주,2019,2019-02-01,-0.6,10.3,1006.51,118.021728,8.528175422071435,-10.2,3.1,409.133,49.479077,8.268808247979242,597.377,68.542651,0.4192370154078747
광주,2019,2019-03-01,-4.6,2.1,1176.509,136.227107,8.636379542288893,-6.0,-26.9,487.865,47.547988,10.260476216154508,688.644,88.679119,0.3490347042310749
광주,2019,2019-04-01,-0.6,7.3,1196.326,147.041424,8.135979423050202,5.8,-6.2,530.973,56.21088,9.446089440336106,665.353,90.830544,0.3822792140533133
광주,2019,2019-05-01,-3.8,-0.2,1232.67,150.202247,8.206734750113291,-4.9,-8.3,513.277,58.341326,8.797828832344331,719.393,91.860921,0.3884184635400294
광주,2019,2019-06-01,-5.9,-7.9,1110.2,135.494654,8.19368120604965,-4.2,3.6,523.786,58.342959,8.977707147146925,586.414,77.151695,0.4305923317092643
광주,2019,2019-07-01,-7.9,-11.4,1197.85,144.511534,8.288957751981236,-8.2,2.2,530.972,58.97304,9.003639629227186,666.878,85.538494,0.4080853504745164
광주,2019,2019-08-01,-12.6,-9.2,993.482,119.960514,8.281741773797334,-8.1,-5.0,508.339,55.014903,9.240023562342737,485.143,64.945611,0.4586084301039257
광주,2019,2019-09-01,-8.4,-0.4,1049.742,125.949918,8.334598518754097,-2.7,15.1,474.485,41.79456,11.35279328218792,575.257,84.155358,0.3318347535565684
광주,2019,2019-10-01,-16.4,-13.7,1139.493,132.289412,8.613637197208194,-25.1,13.4,434.41,55.353385,7.847939200104926,705.083,76.936027,0.418426419493043
광주,2019,2019-11-01,-18.7,-17.5,1071.932,124.159726,8.63349199079257,-11.9,-11.2,439.018,50.779393,8.645593695852174,632.914,73.380333,0.408984415767799
광주,2019,2019-12-01,-14.0,-16.8,1054.316,119.203717,8.844657083973313,10.5,19.5,534.552,61.247856,8.727685096438314,519.764,57.955861,0.5138082732772502
광주,2020,2020-01-01,-11.5,-20.6,1049.003,114.491013,9.162317395165331,-6.7,0.9,477.903,44.741941,10.681320240442854,571.1,69.749072,0.390789982791051
광주,2020,2020-02-01,-3.2,0.8,974.038,119.011411,8.18440846819302,7.8,-10.8,441.054,44.122688,9.996081834361496,532.984,74.888723,0.3707433398970456
광주,2020,2020-03-01,11.0,-0.6,1306.483,135.37222,9.651042141437882,2.3,39.0,499.2,66.086436,7.553743706197139,807.283,69.285784,0.4881831442226477
광주,2020,2020-04-01,-24.2,-39.4,907.244,89.096952,10.182660345103612,-13.9,27.6,457.142,71.732214,6.37289684102041,450.102,17.364738,0.8051028951024048
광주,2020,2020-05-01,-39.5,-46.9,746.329,79.716517,9.362288119035608,-0.4,7.2,511.148,62.520758,8.175652636841031,235.181,17.195759,0.7842886311753937
광주,2020,2020-06-01,-3.7,-10.9,1069.486,120.692553,8.861242665071472,-5.3,20.8,496.179,70.483423,7.039655267593914,573.307,50.20913,0.5839914828879293
광주,2020,2020-07-01,10.2,2.0,1319.438,147.386866,8.952208808076563,7.2,10.9,569.289,65.391283,8.705885155977136,750.149,81.995583,0.4436710323971472
광주,2020,2020-08-01,16.6,-0.2,1158.887,119.713734,9.680484947533255,3.9,-11.5,528.367,48.674758,10.855051400563717,630.52,71.038976,0.4065929311001192
광주,2020,2020-09-01,35.4,25.0,1421.03,157.405963,9.02780284124306,25.8,37.9,597.053,57.614113,10.362964366039966,823.977,99.79185,0.3660224295314657
광주,2020,2020-10-01,16.4,9.4,1326.273,144.753841,9.162264647609591,41.5,18.9,614.818,65.840694,9.33796353969173,711.455,78.913147,0.4548459201162061
광주,2020,2020-11-01,18.1,13.4,1266.042,140.780917,8.992994412729958,47.7,18.9,648.419,60.354181,10.74356389659235,617.623,80.426736,0.4287099578986262
광주,2020,2020-12-01,16.4,12.3,1227.54,133.898118,9.167716606741251,16.4,16.8,622.016,71.554748,8.692868291563265,605.524,62.34337,0.5343969659080645
광주,2021,2021-01-01,19.2,16.5,1250.178,133.358816,9.37454333727738,17.2,47.8,560.258,66.143783,8.470304760161662,689.92,67.215033,0.4959835801181678
광주,2021,2021-02-01,33.5,12.9,1299.968,134.382942,9.67360872334526,31.3,4.2,579.276,45.993657,12.594693220415154,720.692,88.389285,0.3422581491034777
광주,2021,2021-03-01,13.2,17.7,1478.847,159.322589,9.282092447041515,47.7,11.0,737.229,73.369326,10.048190983790692,741.618,85.953263,0.4605079948832616
광주,2021,2021-04-01,66.2,82.0,1507.77,162.142692,9.29903149751578,47.4,-10.4,673.935,64.249248,10.48938347107191,833.835,97.893444,0.3962512723052606
광주,2021,2021-05-01,74.8,68.3,1304.943,134.183112,9.72509118733213,33.6,19.7,682.814,74.852746,9.122096870033332,622.129,59.330366,0.5578402891714123
광주,2021,2021-06-01,29.0,24.5,1379.482,150.261153,9.180563122658857,32.4,32.7,657.078,93.535352,7.02491609803318,722.404,56.725801,0.6224852540563162
광주,2021,2021-07-01,9.4,0.7,1443.633,148.437055,9.725556735142716,18.5,20.5,674.848,78.773459,8.566946387361256,768.785,69.663596,0.5306859463090264
광주,2021,2021-08-01,7.8,5.0,1249.762,125.668714,9.944893682925729,34.2,24.1,709.031,60.393811,11.740126815312252,540.731,65.274903,0.4805795259431078
광주,2021,2021-09-01,-11.5,-19.5,1258.15,126.781827,9.923740884409243,14.7,-0.1,684.539,57.555573,11.89353114423863,573.611,69.226254,0.4539733679654261
광주,2021,2021-10-01,2.9,-5.2,1364.76,137.233349,9.944813049778448,9.2,-16.7,671.468,54.829515,12.246469807365614,693.292,82.403834,0.399534919168955
광주,2021,2021-11-01,15.0,1.0,1456.536,142.171176,10.244945853159434,8.7,-3.4,704.587,58.275618,12.090596791268691,751.949,83.895558,0.4098975589819978
광주,2021,2021-12-01,31.1,6.0,1608.833,141.992677,11.330394172369887,14.9,9.6,714.692,78.414368,9.114299052949072,894.141,63.578309,0.5522423385256692
광주,2022,2022-01-01,12.2,1.3,1403.046,135.056055,10.388619747555932,13.9,29.1,638.391,85.39893,7.475398110959938,764.655,49.657125,0.632322112473965
광주,2022,2022-02-01,-4.9,-14.5,1236.071,114.93318,10.754692422153465,23.6,8.3,716.193,49.797566,14.382088473962764,519.878,65.135614,0.4332740641127305
광주,2022,2022-03-01,4.4,-13.4,1543.62,138.006779,11.185102726004496,5.1,-21.5,774.66,57.568034,13.456426182627672,768.96,80.438745,0.4171391754603591
광주,2022,2022-04-01,5.0,-13.4,1583.02,140.362323,11.278097755620644,26.2,18.2,850.623,75.91193,11.205392880934523,732.397,64.450393,0.5408283959506712
광주,2022,2022-05-01,23.9,4.6,1617.395,140.400549,11.519862361791764,21.6,-4.0,830.299,71.882976,11.550704300278277,787.096,68.517573,0.5119850065543547
광주,2022,2022-06-01,8.7,-16.6,1499.699,125.315512,11.967385170959522,22.6,-24.5,805.471,70.578726,11.412376584978311,694.228,54.736786,0.5632082163938332
광주,2022,2022-07-01,20.4,-8.0,1738.277,136.500966,12.734539915270636,33.4,3.5,900.539,81.54059,11.044057934827306,837.738,54.960376,0.5973627322168548
광주,2022,2022-08-01,24.3,-15.3,1554.07,106.487456,14.593925504239673,38.7,-6.6,983.088,56.397739,17.43133709668751,570.982,50.089717,0.5296186153606675
광주,2022,2022-09-01,12.2,-13.1,1411.22,110.228794,12.802643926232196,43.0,-8.5,979.102,52.662224,18.592112630868,432.118,57.56657,0.4777537890870874
광주,2022,2022-10-01,6.4,-18.0,1452.009,112.510165,12.905580575763976,12.3,-21.3,754.22,43.151588,17.478383414302158,697.789,69.358577,0.383535016591612
광주,2022,2022-11-01,6.2,-22.4,1546.165,110.379344,14.0077386218204,-0.5,-14.0,700.874,50.102674,13.988754372670808,845.291,60.27667,0.4539134967136605
광주,2022,2022-12-01,-15.4,-23.5,1361.461,108.584749,12.538234075579068,9.3,-30.0,780.93,54.854495,14.23639029034904,580.531,53.730254,0.5051767905270012
광주,2023,2023-01-01,1.9,-10.0,1430.333,121.529431,11.769437149755108,0.9,-46.2,644.411,45.968397,14.018565842093643,785.922,75.561034,0.3782490926004582
광주,2023,2023-02-01,11.0,13.8,1372.38,130.781401,10.493693977173406,-27.9,-29.8,516.588,34.981383,14.767512193557357,855.792,95.800018,0.2674798001284602
광주,2023,2023-03-01,5.2,1.0,1624.047,139.347924,11.65461926795551,7.1,-19.0,829.408,46.62606,17.788507113832907,794.639,92.721864,0.3346017555309973
광주,2023,2023-04-01,-9.7,-8.1,1429.261,129.01107,11.07859193788564,-38.0,-33.7,527.152,50.35974,10.467726799224936,902.109,78.65133,0.3903520837397907
광주,2023,2023-05-01,-3.9,-9.2,1554.139,127.497403,12.189573775083089,-16.6,-26.6,692.267,52.758452,13.121442607906692,861.872,74.738951,0.4138002089344518
광주,2023,2023-06-01,3.8,-1.3,1556.891,123.624704,12.59368839419021,-29.9,-5.6,564.835,66.595219,8.481614873884565,992.056,57.029485,0.5386886022392418
광주,2023,2023-07-01,-4.5,-10.2,1659.651,122.519394,13.546026843717494,-21.4,-40.0,708.084,48.916111,14.475476188203103,951.567,73.603283,0.3992519829146396
광주,2023,2023-08-01,0.4,3.8,1560.571,110.494642,14.123499309586432,-36.9,-21.1,620.441,44.494905,13.944090902093173,940.13,65.999737,0.4026883493590576
광주,2023,2023-09-01,5.8,4.5,1492.774,115.176767,12.960721496897026,-46.1,-10.8,527.643,46.972479,11.233024341764036,965.131,68.204288,0.4078294626901622
광주,2023,2023-10-01,-8.4,-1.7,1329.67,110.552849,12.0274602782964,-28.9,6.6,536.318,46.006309,11.65748810668554,793.352,64.54654,0.4161476562218672
광주,2023,2023-11-01,-9.8,8.0,1394.661,119.251986,11.69507566943162,-30.8,-6.3,484.836,46.922272,10.33274774077436,909.825,72.329714,0.3934716189967687
광주,2023,2023-12-01,-3.7,7.4,1311.581,116.635841,11.24509403588902,-39.6,-7.8,471.956,50.568892,9.332931399802076,839.625,66.066949,0.4335622015191711
광주,2024,2024-01-01,4.0,12.6,1487.959,136.829796,10.874524727055794,-17.9,29.3,529.017,59.421006,8.902861725363586,958.942,77.40879,0.4342694920045046
광주,2024,2024-02-01,-2.7,-5.8,1335.729,123.215496,10.840592647535177,-2.6,41.5,503.324,49.493915,10.169411734755675,832.405,73.721581,0.4016857993251108
광주,2024,2024-03-01,-10.5,-17.0,1453.526,115.714712,12.561289527298827,-25.6,22.0,617.409,56.90595,10.849638746036224,836.117,58.808762,0.4917780031289366
광주,2024,2024-04-01,-2.2,-9.8,1397.628,116.385786,12.00857981059646,2.0,43.4,537.922,72.206938,7.449727337835597,859.706,44.178848,0.6204102793102244
광주,2024,2024-05-01,-7.7,-13.9,1434.604,109.797559,13.065900672709857,-12.5,33.1,606.031,70.231003,8.629109283830106,828.573,39.566556,0.63964084119575
광주,2024,2024-06-01,-9.8,-15.5,1404.186,104.423729,13.447001112170588,-10.1,4.2,507.908,69.399518,7.318609907348348,896.278,35.024211,0.6645952856175056
광주,2024,2024-07-01,-16.6,-3.0,1384.287,118.808881,11.651376465703772,-15.7,23.3,597.209,60.302336,9.903579854684237,787.078,58.506545,0.5075574779632845
광주,2024,2024-08-01,-21.1,-10.6,1230.893,98.743163,12.465602302004443,-2.7,17.4,603.692,52.230578,11.558210211650348,627.201,46.512585,0.5289538679250126
광주,2024,2024-09-01,-27.1,-23.7,1088.823,87.842432,12.395182774538847,14.4,29.2,603.854,60.68695,9.950310569240996,484.969,27.155482,0.6908614506483609
광주,2024,2024-10-01,-12.7,-10.4,1160.41,99.037041,11.716929224490864,22.5,74.8,657.118,80.430575,8.170002514591,503.292,18.606466,0.8121261922597223
광주,2024,2024-11-01,-29.8,-27.6,978.879,86.364778,11.334238594349191,42.8,37.7,692.317,64.621239,10.713459084249376,286.562,21.743539,0.7482360343704004
광주,2024,2024-12-01,-8.9,-12.4,1195.211,102.152688,11.700240330435554,101.1,25.7,949.002,63.547005,14.933858802629643,246.209,38.605683,0.6220786378132311
광주,2025,2025-01-01,-22.0,-30.6,1160.943,94.959382,12.225679817503446,11.6,-6.2,590.462,55.749292,10.591381142562312,570.481,39.21009,0.5870856657428541
광주,2025,2025-02-01,-1.5,-10.4,1315.06,110.350685,11.917098656886452,31.4,29.1,661.314,63.88175,10.352158480317147,653.746,46.468935,0.5788976298606574
광주,2025,2025-03-01,-8.0,-4.9,1337.455,110.09908,12.147740017446104,16.0,4.1,716.322,59.260905,12.087598054737771,621.133,50.838175,0.5382506829303206
광주,2025,2025-04-01,17.8,5.7,1645.752,122.999967,13.380101150758843,22.9,-21.8,660.957,56.492824,11.699839965514911,984.795,66.507143,0.4592913752570356
광주,2025,2025-05-01,11.3,-2.8,1597.167,106.751977,14.961474671330912,16.6,-26.5,706.569,51.619605,13.687997031360467,890.598,55.132372,0.4835470634890443
광주,2025,2025-06-01,2.1,-6.7,1434.267,97.378605,14.728769219891785,46.1,-18.9,741.864,56.262962,13.185654889623478,692.403,41.115643,0.5777753953242604
광주,2025,2025-07-01,16.2,-13.7,1609.027,102.577817,15.6859157960049,15.9,-11.2,692.21,53.56048,12.92389463275908,916.817,49.017337,0.5221448610083016
광주,2025,2025-08-01,13.8,-8.2,1401.243,90.678571,15.452857103361278,17.6,-10.1,710.204,46.939248,15.130280740756648,691.039,43.739323,0.5176443285591698
광주,2025,2025-09-01,44.0,24.6,1567.562,109.465369,14.320163667470029,38.1,-6.3,834.055,56.877093,14.664163655480776,733.507,52.588276,0.519589834845393
광주,2025,2025-10-01,20.0,-17.7,1392.808,81.514624,17.086602767130472,28.3,-43.9,843.298,45.110658,18.693985798212037,549.51,36.403966,0.553405705459673
광주,2025,2025-11-01,56.5,20.4,1531.566,103.951462,14.733472435433375,10.2,-10.8,763.097,57.653021,13.236027995826966,768.469,46.298441,0.5546148162880095
광주,2025,2025-12-01,27.5,2.6,1524.449,104.825165,14.54277701351579,-14.3,-2.5,813.165,61.967108,13.122526227946606,711.284,42.858057,0.591147249803995
광주,2026,2026-01-01,29.4,13.3,1502.682,107.576504,13.968496317746114,36.9,-7.5,808.173,51.583846,15.667172238378658,694.509,55.992658,0.4795084807738314
광주,2026,2026-02-01,5.6,-20.2,1389.314,88.022532,15.783617767323484,10.8,-38.3,732.441,39.441283,18.5704151662612,656.873,48.581249,0.4480816684528002
광주,2026,2026-03-01,18.7,-2.0,1587.643,107.937678,14.708885992526168,26.1,-18.0,903.334,48.599063,18.587477705074274,684.309,59.338615,0.4502511439981134
광주,2026,2026-04-01,5.6,0.3,1737.85,123.404486,14.082551261548142,40.8,11.8,930.365,63.182487,14.725045565237089,807.485,60.221999,0.5119950582671686
광주,2026,2026-05-01,-4.1,2.5,1531.687,109.434568,13.99637270007773,9.8,0.0,776.0,51.644062,15.025928827984137,755.687,57.790506,0.4719172647531263
광주,2026,2026-06-01,6.4,8.1,1525.451,105.276031,14.49001245117229,6.5,6.9,789.834,60.142555,13.13269780440821,735.617,45.133476,0.5712844075590198
광주,2026,2026-07-01,-100.0,-100.0,0.0,0.0,,-100.0,-100.0,0.0,0.0,,0.0,0.0,
대구,2000,2000-01-01,0.0,0.0,204.933,46.146098,4.440960533651188,0.0,0.0,111.556,72.975912,1.5286688023850938,93.377,-26.829814,1.581410241880039
대구,2000,2000-02-01,0.0,0.0,190.742,46.101546,4.137431746865929,0.0,0.0,113.746,79.641239,1.4282299149062712,76.996,-33.539693,1.727517749621672
대구,2000,2000-03-01,0.0,0.0,259.122,60.968624,4.25008771724945,0.0,0.0,131.653,109.762674,1.1994332426704546,127.469,-48.79405,1.8003141091063497
대구,2000,2000-04-01,0.0,0.0,249.224,59.032375,4.221818959511624,0.0,0.0,113.542,69.675562,1.6295814018694246,135.682,-10.643187,1.1802940674502762
대구,2000,2000-05-01,0.0,0.0,271.201,62.37532,4.347889517841352,0.0,0.0,120.967,84.6721,1.4286524132506455,150.234,-22.29678,1.3574615729426318
대구,2000,2000-06-01,0.0,0.0,265.024,59.186694,4.4777631945450445,0.0,0.0,114.915,74.179734,1.5491427887837936,150.109,-14.99304,1.2533177473977513
대구,2000,2000-07-01,0.0,0.0,248.755,54.490552,4.565103322865953,0.0,0.0,127.775,88.254259,1.4478054821127668,120.98,-33.763707,1.6196249764546338
대구,2000,2000-08-01,0.0,0.0,234.967,54.837901,4.284755537962695,0.0,0.0,125.057,84.458001,1.4807004489722648,109.91,-29.6201,1.5401392004409504
대구,2000,2000-09-01,0.0,0.0,233.927,54.091626,4.324643522455768,0.0,0.0,109.6,77.906195,1.406820086643944,124.327,-23.814569,1.440263507700804
대구,2000,2000-10-01,0.0,0.0,245.302,56.108005,4.371960828049402,0.0,0.0,118.123,71.057029,1.6623689684520866,127.179,-14.949024,1.2664329982860734
대구,2000,2000-11-01,0.0,0.0,229.607,51.568308,4.452482714771251,0.0,0.0,105.261,68.912102,1.5274675556987074,124.346,-17.343794,1.3363266058680847
대구,2000,2000-12-01,0.0,0.0,216.546,52.594268,4.117292781791354,0.0,0.0,103.14,76.389664,1.350182663455621,113.406,-23.795396,1.4524332575557473
대구,2001,2001-01-01,-18.4,-13.2,167.25,40.057667,4.175230674317604,-13.5,-14.3,96.531,62.518512,1.5440386680988183,70.719,-22.460845,1.5607127594325452
대구,2001,2001-02-01,6.1,16.3,202.464,53.61087,3.776547554628381,-7.3,-16.7,105.461,66.367719,1.5890405996927512,97.003,-12.756849,1.237952657735269
대구,2001,2001-03-01,-5.0,2.1,246.1,62.238357,3.954153224192599,-9.7,-16.6,118.909,91.547938,1.29887141750806,127.191,-29.309581,1.4709247225147668
대구,2001,2001-04-01,-10.4,-9.8,223.309,53.228456,4.195293585070361,-9.0,5.9,103.268,73.790554,1.3994745181070194,120.041,-20.562098,1.386298975119624
대구,2001,2001-05-01,-18.0,-6.6,222.398,58.28829,3.815483350086269,-4.3,-2.8,115.776,82.315282,1.4064946044891151,106.622,-24.026992,1.412209587894927
대구,2001,2001-06-01,-20.6,-0.1,210.447,59.119502,3.559688307252656,-9.4,15.9,104.128,85.973296,1.211166779042646,106.319,-26.853794,1.4542290291958142
대구,2001,2001-07-01,-22.5,4.0,192.701,56.673868,3.400173780268536,-24.9,-16.7,95.958,73.550643,1.3046520884936383,96.743,-16.876775,1.2977875976278874
대구,2001,2001-08-01,-22.9,-0.1,181.225,54.800034,3.3070234956423565,-16.8,-4.7,104.061,80.448939,1.2935036967982885,77.164,-25.648905,1.4680454212856875
대구,2001,2001-09-01,-12.6,4.8,204.48,56.70984,3.605723451168263,-8.9,-5.6,99.895,73.527183,1.358613181195858,104.585,-16.817343,1.296550704428015
대구,2001,2001-10-01,-26.9,-12.8,179.376,48.909403,3.667515630890036,-7.8,36.7,108.934,97.137196,1.1214447656076052,70.442,-48.227793,1.986063824986782
대구,2001,2001-11-01,-10.4,8.8,205.73,56.100278,3.667183253530401,4.6,17.1,110.077,80.690576,1.3641865687016537,95.653,-24.590298,1.438327560515832
대구,2001,2001-12-01,-9.0,1.5,196.964,53.399182,3.688520921537712,0.2,4.7,103.396,79.99141,1.292588791721511,93.568,-26.592228,1.4979894261301605
대구,2002,2002-01-01,7.5,29.5,179.828,51.867254,3.467081561711364,8.3,39.3,104.54,87.100615,1.2002211465441432,75.288,-35.233361,1.679298753699203
대구,2002,2002-02-01,-17.7,-13.0,166.597,46.6356,3.572313854651811,-16.3,13.9,88.278,75.620876,1.1673760563154545,78.319,-28.985276,1.6215268164235048
대구,2002,2002-03-01,-12.7,4.6,214.747,65.089498,3.299257278032779,-3.9,1.2,114.291,92.629033,1.233857207599263,100.456,-27.539535,1.4231025871485443
대구,2002,2002-04-01,2.2,17.8,228.264,62.72053,3.639382511595485,21.8,16.0,125.794,85.605459,1.4694623622075316,102.47,-22.884929,1.3648714224831966
대구,2002,2002-05-01,5.8,10.1,235.362,64.15987,3.668367781917264,10.7,46.7,128.121,120.745462,1.0610833556626749,107.241,-56.585592,1.8819467994557968
대구,2002,2002-06-01,7.5,-0.6,226.246,58.787775,3.8485212274150538,5.3,3.6,109.638,89.110326,1.2303624610238773,116.608,-30.322551,1.5157968812393392
대구,2002,2002-07-01,18.6,3.1,228.624,58.438326,3.912227054553205,19.6,26.9,114.72,93.307056,1.2294890109918375,113.904,-34.86873,1.5966757158649616
대구,2002,2002-08-01,11.2,-1.3,201.508,54.061997,3.727350286375843,10.2,-0.7,114.662,79.875021,1.4355176194570265,86.846,-25.813024,1.4774707822946311
대구,2002,2002-09-01,-2.9,-9.2,198.472,51.504415,3.853494889709941,16.2,36.1,116.033,100.054066,1.1597029949787347,82.439,-48.549651,1.9426308598981272
대구,2002,2002-10-01,28.3,17.8,230.181,57.6062,3.995767816658624,18.6,14.6,129.18,111.317611,1.1604632801542965,101.001,-53.711411,1.9323894129451344
대구,2002,2002-11-01,8.2,5.2,222.588,59.020655,3.771357671310154,11.5,15.0,122.703,92.826999,1.3218460288692515,99.885,-33.806344,1.5727883568896346
대구,2002,2002-12-01,14.9,8.7,226.405,58.038666,3.900933904993612,18.1,28.0,122.149,102.415072,1.1926857796868024,104.256,-44.376406,1.764600723248877
대구,2003,2003-01-01,12.1,-3.0,201.595,50.31076,4.006995720199814,15.9,3.9,121.126,90.532996,1.3379210382035738,80.469,-40.222236,1.799475817896609
대구,2003,2003-02-01,11.9,13.9,186.475,53.097893,3.511909596864794,19.3,10.2,105.285,83.333354,1.2634196866719176,81.19,-30.235461,1.5694286400403872
대구,2003,2003-03-01,4.0,-6.4,223.387,60.942946,3.665510361117101,12.5,7.0,128.632,99.103816,1.2979520384966812,94.755,-38.16087,1.6261737002343142
대구,2003,2003-04-01,4.4,-6.5,238.342,58.63245,4.065018603179639,12.9,5.1,142.063,89.960243,1.5791753697241568,96.279,-31.327793,1.5343081007189705
대구,2003,2003-05-01,4.3,-9.3,245.445,58.190019,4.217991405020851,-8.0,-20.7,117.834,95.695206,1.231346949605814,127.611,-37.505187,1.6445295541147702
대구,2003,2003-06-01,3.8,-1.1,234.851,58.145097,4.039050790473357,14.2,3.3,125.19,92.024513,1.3603983973270253,109.661,-33.879416,1.5826702120730831
대구,2003,2003-07-01,5.9,5.6,242.169,61.736666,3.92261221232776,17.5,10.5,134.803,103.143088,1.3069513683747769,107.366,-41.406422,1.6706941706246334
대구,2003,2003-08-01,0.9,-2.9,203.377,52.479433,3.8753658028279374,-1.5,-4.7,112.908,76.151362,1.4826786683079942,90.469,-23.671929,1.4510705936933428
대구,2003,2003-09-01,18.6,21.0,235.34,62.306585,3.7771288540368566,11.8,-10.1,129.695,89.993349,1.4411620574315998,105.645,-27.686764,1.4443633686551751
대구,2003,2003-10-01,13.7,18.9,261.667,68.465063,3.821905487766805,14.1,1.6,147.38,113.113599,1.302937942943536,114.287,-44.648536,1.6521360536833216
대구,2003,2003-11-01,6.8,3.0,237.715,60.768439,3.9118167902914207,13.3,-0.7,139.019,92.151729,1.508588080859557,98.696,-31.38329,1.516440614839555
대구,2003,2003-12-01,10.0,7.1,249.136,62.155127,4.008293636018152,23.7,-13.5,151.115,88.634594,1.7049212184578857,98.021,-26.479467,1.4260222491380317
대구,2004,2004-01-01,4.3,0.6,210.326,50.630268,4.154155375989714,7.3,9.0,129.958,98.703796,1.3166464236086726,80.368,-48.073528,1.9495017486377912
대구,2004,2004-02-01,27.7,10.2,238.103,58.52304,4.068534375521162,27.4,9.5,134.138,91.26608,1.469746481935019,103.965,-32.74304,1.5594897325907882
대구,2004,2004-03-01,19.5,0.2,266.884,61.082344,4.369249483942529,33.2,8.1,171.366,107.152402,1.5992735281846504,95.518,-46.070058,1.7542287178763147
대구,2004,2004-04-01,22.5,13.2,292.077,66.394136,4.399138502231582,44.6,26.3,205.47,113.656166,1.8078209676719168,86.607,-47.26203,1.7118404251845374
대구,2004,2004-05-01,15.1,12.1,282.444,65.244632,4.328999817180362,25.9,13.8,148.312,108.931194,1.3615200068402813,134.132,-43.686562,1.6695809396242745
대구,2004,2004-06-01,22.1,11.5,286.708,64.834688,4.422138963636256,20.2,4.9,150.418,96.571874,1.5575756560341782,136.29,-31.737186,1.489509350303344
대구,2004,2004-07-01,15.3,10.5,279.334,68.191056,4.09634366125669,14.2,-14.4,153.959,88.301364,1.743563100565468,125.375,-20.110308,1.294911227067667
대구,2004,2004-08-01,14.6,9.0,233.106,57.211511,4.07445977086674,31.3,25.5,148.204,95.569298,1.5507490700622286,84.902,-38.357787,1.6704557584574196
대구,2004,2004-09-01,10.6,5.1,260.352,65.494102,3.975197644514616,8.6,0.1,140.879,90.061222,1.5642581443098784,119.473,-24.56712,1.3751043109194778
대구,2004,2004-10-01,2.9,-4.0,269.185,65.745716,4.094335211133757,22.2,-8.8,180.137,103.117805,1.746904911329329,89.048,-37.372089,1.568433827688484
대구,2004,2004-11-01,10.6,5.2,262.891,63.949351,4.110925222681306,23.0,7.4,170.986,98.998018,1.72716589134138,91.905,-35.048667,1.5480691586690225
대구,2004,2004-12-01,9.8,-0.7,273.613,61.729616,4.432442929824802,23.5,35.8,186.599,120.365191,1.550273783057429,87.014,-58.635575,1.9498775271824145
대구,2005,2005-01-01,11.6,1.2,234.738,51.249239,4.5803216707276375,32.2,14.1,171.755,112.597766,1.5253855036519997,62.983,-61.348527,2.197062204182193
대구,2005,2005-02-01,-12.1,-16.4,209.313,48.940208,4.2769127585236255,3.2,-26.2,138.436,67.328478,2.056128463203936,70.877,-18.38827,1.3757292980855331
대구,2005,2005-03-01,10.2,5.3,294.199,64.349276,4.571908470267793,13.2,19.8,194.018,128.366025,1.5114435459071045,100.181,-64.016749,1.9948324671127613
대구,2005,2005-04-01,0.4,-0.1,293.289,66.339916,4.421003487553406,-5.2,1.0,194.881,114.795523,1.697635891253355,98.408,-48.455607,1.7304140541872255
대구,2005,2005-05-01,3.3,5.0,291.746,68.506877,4.258638151028253,32.4,19.1,196.392,129.701934,1.5141794261911314,95.354,-61.195057,1.8932688173772685
대구,2005,2005-06-01,3.4,-5.5,296.543,61.2605,4.840688535026649,28.6,25.9,193.424,121.563139,1.5911402222017317,103.119,-60.302639,1.9843641334954825
대구,2005,2005-07-01,2.4,4.3,285.902,71.098455,4.021212556587903,9.6,4.4,168.789,92.191221,1.8308576258036544,117.113,-21.092766,1.2966698221501438
대구,2005,2005-08-01,11.6,7.1,260.105,61.290481,4.24380745192716,22.8,9.0,181.928,104.203916,1.745884482882582,78.177,-42.913435,1.7001647613109774
대구,2005,2005-09-01,14.3,-0.5,297.454,65.194623,4.562554184875032,38.9,4.7,195.663,94.31407,2.074589719222169,101.791,-29.119447,1.4466541205399714
대구,2005,2005-10-01,7.5,-3.9,289.324,63.20819,4.577318224109882,4.5,4.5,188.292,107.79593,1.746744983785566,101.032,-44.58774,1.7054108019862615
대구,2005,2005-11-01,9.2,-2.8,287.187,62.154862,4.6205074029446,10.4,13.7,188.765,112.551498,1.6771433819565866,98.422,-50.396636,1.8108237131955984
대구,2005,2005-12-01,7.2,1.7,293.429,62.764043,4.675113105763439,5.1,-7.3,196.104,111.542134,1.7581159062278655,97.325,-48.778091,1.777166171401673
대구,2006,2006-01-01,1.7,0.7,238.834,51.60258,4.62833447474913,5.1,-23.1,180.511,86.557172,2.085453993344422,58.323,-34.954592,1.6773807046081803
대구,2006,2006-02-01,19.8,15.2,250.795,56.383241,4.44804157320435,46.7,66.0,203.112,111.756271,1.8174550580700743,47.683,-55.37303,1.9820831335325333
대구,2006,2006-03-01,1.4,-0.6,298.261,63.961715,4.663117616530451,14.9,-13.2,222.927,111.370223,2.0016750797024083,75.334,-47.408508,1.7412013264497364
대구,2006,2006-04-01,-4.5,-12.6,279.963,58.000892,4.826874041868184,17.0,1.4,228.092,116.422369,1.959176762671785,51.871,-58.421477,2.0072513539964176
대구,2006,2006-05-01,5.0,-14.4,306.449,58.670431,5.223227352804004,18.6,-9.6,232.827,117.23512,1.985983381089216,73.622,-58.564689,1.9981976951899327
대구,2006,2006-06-01,10.2,12.1,326.656,68.681352,4.7561090527163765,14.9,8.3,222.185,131.665771,1.6874924918793055,104.471,-62.984419,1.9170526957593963
대구,2006,2006-07-01,0.7,-15.9,288.024,59.794893,4.81686621631717,18.8,16.6,200.539,107.507191,1.8653542905795015,87.485,-47.712298,1.7979326595667626
대구,2006,2006-08-01,12.5,-0.8,292.673,60.814914,4.812520165694882,17.8,4.8,214.37,109.227777,1.962596016212982,78.303,-48.412863,1.796068921514877
대구,2006,2006-09-01,10.9,-4.6,329.95,62.194856,5.305101116401009,18.2,38.7,231.196,130.798124,1.7675788683330045,98.754,-68.603268,2.1030376531461057
대구,2006,2006-10-01,-1.4,-15.6,285.295,53.35158,5.347451753068981,14.9,2.8,216.291,110.843383,1.9513208109139,69.004,-57.491803,2.077602631449716
대구,2006,2006-11-01,14.0,-3.8,327.268,59.780475,5.474496480665301,27.3,16.9,240.299,131.522919,1.827050386556582,86.969,-71.742444,2.200098259506971
대구,2006,2006-12-01,9.6,-9.8,321.462,56.63033,5.67649879490372,10.2,2.9,216.127,114.829806,1.88215070223144,105.335,-58.199476,2.027708579483821
대구,2007,2007-01-01,23.6,8.7,295.125,56.116431,5.259154845396351,30.4,47.0,235.416,127.257208,1.8499227171477783,59.709,-71.140777,2.267735237830788
대구,2007,2007-02-01,13.2,-11.0,283.923,50.170642,5.659146239348502,1.5,4.7,206.148,117.043078,1.7613002282800525,77.775,-66.872436,2.332899746429396
대구,2007,2007-03-01,13.6,-2.5,338.945,62.346638,5.436459941913789,0.1,17.0,223.156,130.304485,1.712573439049316,115.789,-67.957847,2.090000185735757
대구,2007,2007-04-01,21.8,10.3,340.892,63.965343,5.329323411898221,6.2,19.4,242.283,138.978467,1.7433132285161843,98.609,-75.013124,2.1727151060536016
대구,2007,2007-05-01,13.5,9.5,347.732,64.269946,5.410491553859404,5.4,27.0,245.393,148.944724,1.647544091591992,102.339,-84.674778,2.3174863722462127
대구,2007,2007-06-01,5.2,-6.8,343.589,63.995427,5.368961754095335,3.4,13.2,229.791,149.072128,1.5414752783296954,113.798,-85.076701,2.3294184442272727
대구,2007,2007-07-01,16.2,-4.2,334.822,57.275519,5.845813461768893,21.4,14.3,243.366,122.93095,1.9796967321899,91.456,-65.655431,2.146308792068737
대구,2007,2007-08-01,12.4,-6.7,328.908,56.739491,5.796809139510962,3.9,-4.7,222.815,104.102415,2.140344198547171,106.093,-47.362924,1.8347435474879392
대구,2007,2007-09-01,-8.9,-21.0,300.549,49.137722,6.116461809116833,-14.4,-20.4,197.996,104.125998,1.901503983664099,102.553,-54.988276,2.1190644124691005
대구,2007,2007-10-01,31.0,15.6,373.635,61.650225,6.06056182276707,27.6,18.8,276.005,131.732443,2.0951938164541595,97.63,-70.082218,2.136771487857506
대구,2007,2007-11-01,14.2,1.6,373.617,60.761604,6.1488995583460895,11.1,1.2,267.046,133.159996,2.005452147955907,106.571,-72.398392,2.1915154840217848
대구,2007,2007-12-01,17.6,10.1,378.116,62.334537,6.065914951770637,20.2,16.8,259.793,134.100217,1.9373048441823175,118.323,-71.76568,2.151298837753459
대구,2008,2008-01-01,22.9,11.9,362.594,62.780535,5.775579962802165,9.2,-3.1,257.128,123.324405,2.084972556729546,105.466,-60.54387,1.964373272703076
대구,2008,2008-02-01,18.0,21.0,335.003,60.721062,5.51708071245526,12.2,4.8,231.401,122.617214,1.8871820069244112,103.602,-61.896152,2.019352263634651
대구,2008,2008-03-01,22.2,11.8,414.15,69.68158,5.943464542566343,27.4,7.9,284.27,140.610273,2.02168727742958,129.88,-70.928693,2.017897312316971
대구,2008,2008-04-01,27.7,19.5,435.177,76.423191,5.694305541363747,22.2,13.1,296.033,157.226647,1.882842416654729,139.144,-80.803456,2.0573159134378463
대구,2008,2008-05-01,17.3,12.3,408.048,72.200763,5.651574623941301,18.0,-5.1,289.628,141.285463,2.049949045359323,118.42,-69.0847,1.9568416887782751
대구,2008,2008-06-01,14.7,-6.8,394.169,59.6637,6.606512837789142,13.5,-9.4,260.739,134.994512,1.931478518178576,133.43,-75.330812,2.262590352257738
대구,2008,2008-07-01,28.7,30.8,430.754,74.94244,5.747797909969305,20.7,18.0,293.839,145.076764,2.025403599435124,136.915,-70.134324,1.9358425479608083
대구,2008,2008-08-01,7.8,5.0,354.681,59.598777,5.951145608239578,23.7,34.4,275.59,139.867362,1.970366753610467,79.091,-80.268585,2.346815975770778
대구,2008,2008-09-01,27.0,18.7,381.621,58.328404,6.542627156402222,28.1,16.0,253.578,120.817955,2.0988436693867234,128.043,-62.489551,2.071339977003314
대구,2008,2008-10-01,4.6,-0.3,390.727,61.457908,6.357635863557217,-13.8,-16.5,238.001,110.056473,2.162535228618493,152.726,-48.598565,1.790761784472065
대구,2008,2008-11-01,-13.1,-14.7,324.705,51.823472,6.2655971795946055,-27.0,-34.9,194.825,86.728077,2.246389021170157,129.88,-34.904605,1.6735288789604834
대구,2008,2008-12-01,-20.0,-24.5,302.407,47.057998,6.42626148269206,-29.3,-31.9,183.774,91.281639,2.0132635874340514,118.633,-44.223641,1.9397688571451768
대구,2009,2009-01-01,-37.2,-40.9,227.885,37.090488,6.144028086122781,-41.2,-34.8,151.099,80.367308,1.880105278628967,76.786,-43.27682,2.1667902563050667
대구,2009,2009-02-01,-15.0,-14.4,284.789,52.006608,5.476015663240333,-37.9,-34.0,143.599,80.877935,1.775502799372907,141.19,-28.871327,1.5551472805148143
대구,2009,2009-03-01,-26.9,-18.1,302.888,57.080327,5.306346615708772,-43.8,-40.8,159.871,83.255909,1.920236075976301,143.017,-26.175582,1.4585744927494897
대구,2009,2009-04-01,-23.9,-22.7,331.015,59.094718,5.601431248051645,-41.2,-35.1,173.986,101.986129,1.705977094198761,157.029,-42.891411,1.7258078632340712
대구,2009,2009-05-01,-27.9,-21.5,294.323,56.677937,5.192902486905972,-46.7,-32.0,154.493,96.111166,1.6074407004905134,139.83,-39.433229,1.6957421368388903
대구,2009,2009-06-01,-17.7,-0.7,324.262,59.22362,5.475214112207258,-33.2,-26.2,174.059,99.620263,1.7472248592638226,150.203,-40.396643,1.6821035762420466
대구,2009,2009-07-01,-17.2,-9.9,356.589,67.528129,5.280599437310043,-35.4,-33.7,189.848,96.201752,1.9734359931407488,166.741,-28.673623,1.424617465708253
대구,2009,2009-08-01,-19.4,-7.0,285.837,55.443963,5.155421519922737,-37.1,-32.5,173.277,94.430076,1.8349768139549096,112.56,-38.986113,1.703162452510835
대구,2009,2009-09-01,-2.7,2.4,371.454,59.747435,6.21707023908223,-17.3,-0.4,209.585,120.385908,1.7409429681753117,161.869,-60.638473,2.0149134100903243
대구,2009,2009-10-01,-10.6,-7.2,349.369,57.046542,6.124280065915301,-17.1,-9.1,197.187,100.022899,1.971418564862832,152.182,-42.976357,1.7533560404064457
대구,2009,2009-11-01,14.7,22.8,372.397,63.64747,5.850931702391312,5.7,18.4,205.893,102.707545,2.004653114822285,166.504,-39.060075,1.613694071421849
대구,2009,2009-12-01,29.3,35.3,390.94,63.670609,6.140038647973353,28.4,45.8,235.884,133.04734,1.7729328523215873,155.056,-69.376731,2.089619403514736
대구,2010,2010-01-01,54.9,57.6,352.996,58.47315,6.036890436037737,37.5,11.6,207.754,89.677718,2.316673579941006,145.242,-31.204568,1.5336563533861267
대구,2010,2010-02-01,16.8,10.2,332.601,57.291145,5.805452134007795,45.2,22.8,208.487,99.318305,2.099180005136012,124.114,-42.02716,1.7335716540488064
대구,2010,2010-03-01,36.1,22.0,412.173,69.635594,5.918998838438859,53.7,47.1,245.741,122.483999,2.0063110447594057,166.432,-52.848405,1.7589280418861652
대구,2010,2010-04-01,36.0,20.5,450.165,71.218963,6.320858673552998,43.8,18.9,250.235,121.308908,2.0627916294490096,199.93,-50.089945,1.703323144427138
대구,2010,2010-05-01,51.6,14.9,446.166,65.12022,6.851420342253143,60.4,42.7,247.824,137.157338,1.8068592144884,198.342,-72.037118,2.106217362287781
대구,2010,2010-06-01,37.9,10.1,447.198,65.202074,6.8586468583806095,46.2,16.8,254.414,116.344586,2.1867283106753246,192.784,-51.142512,1.7843694051818044
대구,2010,2010-07-01,32.0,0.6,470.615,67.949664,6.925935645539028,40.5,58.8,266.785,152.814421,1.745810364324189,203.83,-84.864757,2.248935638592709
대구,2010,2010-08-01,38.7,4.5,396.347,57.932881,6.841486098369594,52.7,66.4,264.657,157.17101,1.683879234472057,131.69,-99.238129,2.712984531185321
대구,2010,2010-09-01,16.3,0.7,432.103,60.145951,7.184240880986319,23.8,-4.3,259.519,115.257403,2.251647124133102,172.584,-55.111452,1.9162952964198705
대구,2010,2010-10-01,33.1,27.2,465.052,72.568885,6.408421460519891,37.0,50.6,270.228,150.593683,1.794417897329731,194.824,-78.024798,2.0751825386320872
대구,2010,2010-11-01,26.1,11.4,469.534,70.905421,6.621976054553008,44.3,25.4,297.061,128.773233,2.306853630055246,172.473,-57.867812,1.8161267669505836
대구,2010,2010-12-01,32.6,26.7,518.286,80.683696,6.423676971863064,28.5,-6.9,303.178,123.880939,2.44733372581233,215.108,-43.197243,1.5353899875880748
대구,2011,2011-01-01,29.7,16.9,457.789,68.35297,6.69742660779773,36.9,21.1,284.316,108.609617,2.617779234043335,173.473,-40.256647,1.588952418600099
대구,2011,2011-02-01,20.3,9.6,399.976,62.79248,6.369807339987209,14.2,12.4,238.1,111.653769,2.1324851111833043,161.876,-48.861289,1.7781391816344887
대구,2011,2011-03-01,32.2,19.1,544.768,82.904572,6.571024816339442,26.8,-2.1,311.716,119.949918,2.5987179082523424,233.052,-37.045346,1.4468432211434612
대구,2011,2011-04-01,21.4,6.7,546.577,76.003388,7.191482042879457,25.8,13.1,314.865,137.144853,2.2958572131029955,231.712,-61.141465,1.8044570986756536
대구,2011,2011-05-01,23.6,14.6,551.356,74.634244,7.387440006761508,30.5,-9.5,323.53,124.067182,2.6077000765601333,227.826,-49.432938,1.662335884316052
대구,2011,2011-06-01,23.5,16.1,552.139,75.721474,7.291709614633228,29.1,23.5,328.523,143.679411,2.2865001861679404,223.616,-67.957937,1.8974724527945663
대구,2011,2011-07-01,15.2,13.5,542.154,77.124644,7.0295818804687125,21.4,-10.5,323.809,136.813198,2.3667965133012974,218.345,-59.688554,1.7739232352242689
대구,2011,2011-08-01,28.4,26.0,508.94,72.980231,6.973669348895319,21.3,-11.1,320.969,139.693671,2.297663148962561,187.971,-66.71344,1.9141302937229672
대구,2011,2011-09-01,34.5,35.5,581.307,81.524173,7.130486316003475,32.2,-0.9,343.068,114.192753,3.004288722244922,238.239,-32.66858,1.4007226175725818
대구,2011,2011-10-01,21.4,13.4,564.715,82.266054,6.864496016789623,8.8,-17.0,293.922,124.920172,2.352878604746077,270.793,-42.654118,1.518489898640331
대구,2011,2011-11-01,18.5,10.5,556.26,78.378277,7.097119524584599,10.7,-1.6,328.92,126.768372,2.5946534992182437,227.34,-48.390095,1.617391665805565
대구,2011,2011-12-01,9.0,7.4,565.177,86.641956,6.523132972667423,-5.3,-18.6,287.248,100.855798,2.8481059661042,277.929,-14.213842,1.1640526444255253
대구,2012,2012-01-01,4.5,0.6,478.212,68.770511,6.953736318754415,12.6,19.3,320.13,129.61278,2.4698953297660924,158.082,-60.842269,1.8847145108460803
대구,2012,2012-02-01,49.2,39.4,596.638,87.516336,6.817447202085791,31.8,-9.8,313.785,100.730546,3.1150928140506653,282.853,-13.21421,1.1509913532029037
대구,2012,2012-03-01,14.4,11.6,623.261,92.497916,6.738108564521605,17.7,5.5,367.003,126.493762,2.9013525583973068,256.258,-33.995846,1.367530939832201
대구,2012,2012-04-01,4.6,16.4,571.876,88.496725,6.462114840972928,5.8,2.0,333.157,139.872801,2.3818569272806656,238.719,-51.376076,1.5805421161065565
대구,2012,2012-05-01,12.0,25.7,617.49,93.851344,6.579447599599639,1.6,4.4,328.724,129.476684,2.538866379988539,288.766,-35.62534,1.3795932853129946
대구,2012,2012-06-01,2.0,5.0,563.27,79.525528,7.082882870013765,-11.9,-20.9,289.548,113.593513,2.548983585004541,273.722,-34.067985,1.4283905540369377
대구,2012,2012-07-01,15.3,15.2,624.864,88.865727,7.0315522203514975,-1.2,-6.5,320.062,127.939361,2.501669521391466,304.802,-39.073634,1.4396929538425989
대구,2012,2012-08-01,15.1,7.0,585.692,78.065171,7.502603177542517,-13.4,-22.5,277.954,108.263546,2.5673831152731688,307.738,-30.198375,1.3868354429147411
대구,2012,2012-09-01,3.6,-8.2,602.478,74.879702,8.045945481994574,-11.4,12.2,303.923,128.123431,2.372110999743677,298.555,-53.243729,1.711056902977525
대구,2012,2012-10-01,3.5,-7.1,584.682,76.45763,7.64713737530185,5.1,8.4,308.82,135.398666,2.28082010793223,275.862,-58.941036,1.770898025481564
대구,2012,2012-11-01,6.0,-2.2,589.822,76.636865,7.696322129043248,-5.7,17.6,310.089,149.104856,2.079670698317163,279.733,-72.467991,1.945602237252268
대구,2012,2012-12-01,-3.4,-13.7,545.853,74.797796,7.297715028929462,7.4,24.5,308.394,125.515059,2.4570278853950107,237.459,-50.717263,1.678058254550709
대구,2013,2013-01-01,7.7,4.1,515.239,71.598401,7.196236128234204,-2.0,15.6,313.887,149.801414,2.0953540532000585,201.352,-78.203013,2.0922452444154445
대구,2013,2013-02-01,-22.4,-23.8,463.258,66.726974,6.942589663964082,-19.4,24.7,253.031,125.5852,2.014815440035928,210.227,-58.858226,1.8820754557219996
대구,2013,2013-03-01,-8.6,-12.7,569.472,80.731968,7.053860002520935,-25.8,-1.4,272.463,124.702351,2.1849066823126693,297.009,-43.970383,1.5446464899753218
대구,2013,2013-04-01,11.1,-1.7,635.26,87.021663,7.300021375137361,-3.3,14.1,322.012,159.57292,2.017961443583285,313.248,-72.551257,1.8337148992429624
대구,2013,2013-05-01,6.4,-9.0,657.213,85.417801,7.694098797977719,-7.6,14.1,303.647,147.787328,2.0546213542747047,353.566,-62.369527,1.7301701316333349
대구,2013,2013-06-01,-0.6,-4.6,560.071,75.895001,7.379550597805513,-7.7,11.1,267.15,126.154056,2.1176489164961927,292.921,-50.259055,1.6622182533471472
대구,2013,2013-07-01,-2.9,-11.1,606.885,78.985685,7.683480873781116,-1.7,21.9,314.527,155.961651,2.016694475746477,292.358,-76.975966,1.9745559084535385
대구,2013,2013-08-01,-10.1,-8.8,526.772,71.162347,7.402397787695226,2.8,22.9,285.847,133.090622,2.147762146607144,240.925,-61.928275,1.8702393556525052
대구,2013,2013-09-01,-12.3,-7.8,528.313,69.044001,7.651830605819034,0.5,10.9,305.446,142.108859,2.1493804267332832,222.867,-73.064858,2.05823615291356
대구,2013,2013-10-01,10.2,15.4,644.112,88.237807,7.299728108609952,-4.9,9.8,293.773,148.690986,1.9757283740118583,350.339,-60.453179,1.6851165170050066
대구,2013,2013-11-01,6.7,22.2,629.2,93.666939,6.717418191705827,-4.4,4.8,296.514,156.306083,1.8970087043893231,332.686,-62.639144,1.6687433652550554
대구,2013,2013-12-01,23.8,31.8,675.84,98.565464,6.85676272979347,-1.6,23.2,303.326,154.598647,1.9620223455125063,372.514,-56.033183,1.5684869803889931
대구,2014,2014-01-01,16.7,34.6,601.539,96.359433,6.242658152627361,-3.9,7.8,301.62,161.544626,1.867100178250436,299.919,-65.185193,1.676479623951295
대구,2014,2014-02-01,32.5,36.6,613.941,91.176204,6.733566139691448,2.8,13.0,260.106,141.865434,1.833469878222767,353.835,-50.68923,1.5559480190686596
대구,2014,2014-03-01,18.4,17.4,674.26,94.802547,7.112256171767199,20.2,25.6,327.444,156.662485,2.0901238736255205,346.816,-61.859938,1.6525134604242226
대구,2014,2014-04-01,11.3,10.5,707.01,96.13236,7.354547417747779,9.1,-2.7,351.221,155.241866,2.262411610022776,355.789,-59.109506,1.614876260189597
대구,2014,2014-05-01,3.4,19.4,679.513,102.022554,6.660419420592039,5.6,19.0,320.663,175.896772,1.8230181051872856,358.85,-73.874218,1.7240969286065904
대구,2014,2014-06-01,11.4,19.6,623.769,90.777114,6.871434577662383,15.9,19.5,309.72,150.774394,2.0541949583295955,314.049,-59.99728,1.6609295818767713
대구,2014,2014-07-01,16.6,26.6,707.382,100.017848,7.072557689903506,4.9,3.8,329.918,161.912878,2.0376266797011664,377.464,-61.89503,1.6188398494636678
대구,2014,2014-08-01,13.3,22.0,596.681,86.806789,6.873667450134574,-0.4,7.6,284.61,143.174681,1.9878514693530205,312.071,-56.367892,1.6493488890598176
대구,2014,2014-09-01,13.3,34.8,598.394,93.10535,6.427063536091105,2.3,7.9,312.508,153.389751,2.037346028418809,285.886,-60.284401,1.6474858963528949
대구,2014,2014-10-01,2.7,13.4,661.54,100.052004,6.611961515533462,5.4,5.5,309.691,156.874886,1.9741273309993037,351.849,-56.822882,1.567933471877285
대구,2014,2014-11-01,-3.2,-2.1,608.773,91.655196,6.641991142542535,-5.2,-15.4,281.228,132.297474,2.125724637796184,327.545,-40.642278,1.443425793339638
대구,2014,2014-12-01,8.7,10.9,734.322,109.296495,6.718623502061983,-3.6,-3.8,292.46,148.78159,1.9657001918046448,441.862,-39.485095,1.3612658850588026
대구,2015,2015-01-01,1.3,-6.8,609.5,89.775699,6.789142349089368,-5.6,-10.1,284.85,145.294071,1.96050670230033,324.65,-55.518372,1.618412027067592
대구,2015,2015-02-01,-13.9,-11.5,528.769,80.683658,6.553607175321674,-3.2,-16.4,251.728,118.573045,2.1229782873502154,277.041,-37.889387,1.4696042289009752
대구,2015,2015-03-01,-6.9,-4.1,627.922,90.904804,6.907467728548207,-16.2,-19.5,274.296,126.138949,2.174554347999205,353.626,-35.234145,1.387593872376646
대구,2015,2015-04-01,-12.9,0.6,615.775,96.731607,6.365809677906002,-9.7,4.3,317.201,161.862234,1.9596974053873493,298.574,-65.130627,1.673312777694265
대구,2015,2015-05-01,-21.8,-21.1,531.227,80.543639,6.5955177416307205,-13.6,-21.6,277.207,137.831027,2.011208985622664,254.02,-57.287388,1.7112589983673323
대구,2015,2015-06-01,-7.4,0.4,577.358,91.102198,6.337476072750737,0.4,2.9,311.028,155.107198,2.005245430324903,266.33,-64.005,1.7025626319136669
대구,2015,2015-07-01,-12.8,-7.7,616.626,92.292829,6.681190799774921,-10.5,0.2,295.427,162.173799,1.8216691094472048,321.199,-69.88097,1.7571657598663488
대구,2015,2015-08-01,-17.1,-8.7,494.419,79.282122,6.236197865642396,12.2,11.4,319.436,159.514625,2.0025499229302643,174.983,-80.232503,2.011987330510654
대구,2015,2015-09-01,3.8,7.2,620.905,99.854907,6.218071987188371,7.6,14.9,336.193,176.264153,1.9073248546458563,284.712,-76.409246,1.7652027155761107
대구,2015,2015-10-01,-4.2,4.9,633.597,104.918249,6.038958961276603,37.2,53.8,424.851,241.200303,1.7614032599287406,208.746,-136.282054,2.2989356503652667
대구,2015,2015-11-01,-8.9,-5.5,554.658,86.591629,6.405445958292343,39.1,60.4,391.092,212.196205,1.8430678343187143,163.566,-125.604576,2.4505394742025235
대구,2015,2015-12-01,-7.4,-0.2,679.686,109.054213,6.23255151087102,34.6,51.3,393.624,225.157318,1.7482176617506164,286.062,-116.103105,2.0646365858419427
대구,2016,2016-01-01,-14.7,0.6,520.186,90.340054,5.758088211902109,18.5,34.4,337.607,195.287913,1.7287654664013947,182.579,-104.947859,2.1616979883585192
대구,2016,2016-02-01,-4.0,5.3,507.769,84.93117,5.97859419574698,27.7,37.8,321.419,163.392496,1.9671588834777332,186.35,-78.461326,1.923822502386344
대구,2016,2016-03-01,-1.4,5.0,619.254,95.422422,6.48960681379477,43.4,78.6,393.362,225.291447,1.746013908819184,225.892,-129.869025,2.3609906589878844
대구,2016,2016-04-01,-5.9,-8.0,579.2,88.998192,6.507997375946694,15.1,15.0,365.028,186.198779,1.9604210186577,214.172,-97.200587,2.092163613840605
대구,2016,2016-05-01,6.2,10.5,564.326,88.967791,6.343037111037185,30.4,42.4,361.365,196.255072,1.841302730764584,202.961,-107.287281,2.20591148542735
대구,2016,2016-06-01,0.6,-1.4,580.712,89.78873,6.467537741095124,20.1,34.0,373.643,207.842466,1.7977221267188006,207.069,-118.053736,2.314794585021973
대구,2016,2016-07-01,-2.0,-0.6,604.288,91.750791,6.586188450408019,30.4,15.3,385.207,186.970256,2.060258183526261,219.081,-95.219465,2.037805385241856
대구,2016,2016-08-01,11.2,5.9,549.771,83.975768,6.546781447714774,25.0,24.1,399.359,197.957111,2.0174016380750275,150.412,-113.981343,2.357312302282249
대구,2016,2016-09-01,-4.6,-9.3,592.566,90.545846,6.544375321204686,3.5,1.6,348.05,179.02916,1.9440967046932467,244.516,-88.483314,1.9772211306082448
대구,2016,2016-10-01,-8.6,-13.1,579.118,91.163733,6.352504235428797,-20.0,-18.1,339.923,197.642773,1.7198858062976077,239.195,-106.47904,2.1679978045655504
대구,2016,2016-11-01,6.9,11.6,592.792,96.593708,6.136962875470108,-3.6,-11.0,377.001,188.791054,1.9969219516089995,215.791,-92.197346,1.9544860416788223
대구,2016,2016-12-01,-8.0,-5.7,625.133,102.845553,6.078366849755769,-9.4,-18.7,356.75,183.031848,1.9491143421116528,268.383,-80.186295,1.7796768325024224
대구,2017,2017-01-01,-5.2,-2.4,493.112,88.191952,5.591349197033307,-0.8,-15.4,334.746,165.165335,2.0267327886932205,158.366,-76.973383,1.8727937329247455
대구,2017,2017-02-01,9.8,4.6,557.501,88.811259,6.277368503468687,-3.3,-4.6,310.809,155.93301,1.993221319847542,246.692,-67.121751,1.7557797486014697
대구,2017,2017-03-01,1.4,2.0,627.716,97.34144,6.4485998974332,-2.7,-6.4,382.712,210.976891,1.813999619512831,245.004,-113.635451,2.1673902810560435
대구,2017,2017-04-01,0.6,-3.7,582.787,85.694211,6.800774442044866,4.1,-1.2,379.962,183.897516,2.0661616767025826,202.825,-98.203305,2.145973617751145
대구,2017,2017-05-01,5.0,-1.7,592.427,87.420152,6.776778425185077,7.0,-1.4,386.684,193.559181,1.9977559214822265,205.743,-106.139029,2.2141254227057394
대구,2017,2017-06-01,3.5,-3.7,601.2,86.481257,6.951795346822954,5.6,-8.8,394.707,189.553422,2.082299521873048,206.493,-103.072165,2.191843973775728
대구,2017,2017-07-01,-0.6,-4.5,600.367,87.630222,6.851140922591752,-4.7,-6.8,367.08,174.24764,2.10665693951436,233.287,-86.617418,1.988442297909504
대구,2017,2017-08-01,2.0,1.5,560.922,85.241993,6.58034825628725,-11.1,-14.6,354.919,169.004723,2.100053736368066,206.003,-83.76273,1.9826463114254027
대구,2017,2017-09-01,13.8,11.4,674.093,100.848096,6.684241217603156,9.4,-2.6,380.826,174.307194,2.184797949303229,293.267,-73.459098,1.728413335636996
대구,2017,2017-10-01,-8.1,-5.1,532.471,86.523021,6.15409626069344,1.1,-17.0,343.684,164.090218,2.094481951386036,188.787,-77.567197,1.8964920099125988
대구,2017,2017-11-01,21.4,3.9,719.412,100.349232,7.169083267124556,7.6,-4.6,405.538,180.07783,2.2520151425636348,313.874,-79.728598,1.7945112923235924
대구,2017,2017-12-01,7.3,-8.0,670.858,94.592197,7.092107185120143,11.3,-4.7,396.963,174.385717,2.276350419226134,273.895,-79.79352,1.8435528778340988
대구,2018,2018-01-01,34.0,2.8,660.539,90.62118,7.289013451380792,17.7,-1.6,393.976,162.54187,2.423843161149801,266.563,-71.92069,1.7936410671324297
대구,2018,2018-02-01,-1.2,-12.4,550.662,77.803334,7.077614437448143,15.0,-4.8,357.319,148.38057,2.4081252686925247,193.343,-70.577236,1.907123543060507
대구,2018,2018-03-01,16.4,0.5,730.868,97.855366,7.468859704637965,0.9,-22.4,386.31,163.688517,2.360031156003448,344.558,-65.833151,1.6727597442126985
대구,2018,2018-04-01,20.3,13.6,701.082,97.311539,7.204510453791096,9.9,-3.0,417.553,178.302071,2.3418292208170706,283.529,-80.990532,1.832280866506489
대구,2018,2018-05-01,23.3,10.2,730.674,96.334326,7.584773053791854,9.8,-6.2,424.705,181.651153,2.3380253468581067,305.969,-85.316827,1.885632676767781
대구,2018,2018-06-01,13.1,8.5,680.006,93.815748,7.248314003742741,0.5,-16.2,396.526,158.787372,2.4972136953056947,283.48,-64.971624,1.6925449659048712
대구,2018,2018-07-01,16.6,13.5,699.8,99.453885,7.036426983219409,9.7,-9.2,402.717,158.166038,2.5461660739077248,297.083,-58.712153,1.5903454953016667
대구,2018,2018-08-01,14.2,4.0,640.429,88.670703,7.222554669494388,6.0,-12.1,376.086,148.562125,2.5315066003532194,264.343,-59.891422,1.675436417821115
대구,2018,2018-09-01,-4.3,-19.0,644.803,81.729882,7.889439996989106,-6.8,-18.2,355.09,142.574696,2.490554144334279,289.713,-60.844814,1.7444622763556663
대구,2018,2018-10-01,44.9,19.2,771.536,103.109136,7.482712298161435,18.2,-3.1,406.219,159.025095,2.554433311295931,365.317,-55.915959,1.542298783300832
대구,2018,2018-11-01,-7.1,-5.8,668.312,94.532851,7.069627044253642,-7.8,-9.4,373.832,163.156269,2.291251217567374,294.48,-68.623418,1.7259213836679907
대구,2018,2018-12-01,-7.0,-7.3,623.83,87.71685,7.111860492026333,-8.8,-8.2,362.03,160.141766,2.260684448802694,261.8,-72.424916,1.825667086768392
대구,2019,2019-01-01,6.5,4.9,703.294,95.056622,7.398684964841271,6.5,5.2,419.526,170.955436,2.4540079556171586,283.768,-75.898814,1.7984589858452995
대구,2019,2019-02-01,-3.7,-1.0,530.296,77.056511,6.881910342397932,-18.2,-16.5,292.301,123.878766,2.359573068398179,237.995,-46.822255,1.6076352847068305
대구,2019,2019-03-01,-5.9,1.8,687.767,99.637395,6.90269953364397,-12.2,-6.5,339.364,153.020227,2.21777216419892,348.403,-53.382832,1.5357710526253725
대구,2019,2019-04-01,-10.1,-0.6,629.964,96.693798,6.51504039586903,-7.8,-8.2,384.864,163.738444,2.3504803795497167,245.1,-67.044646,1.6933706958123622
대구,2019,2019-05-01,-11.6,5.7,646.22,101.847126,6.344999857924317,-18.2,-5.0,347.506,172.582772,2.0135613536210903,298.714,-70.735646,1.6945276590328135
대구,2019,2019-06-01,-14.8,-7.6,579.387,86.694925,6.683055553713207,-13.2,-9.2,344.25,144.188674,2.3874968154572254,235.137,-57.493749,1.6631731788221744
대구,2019,2019-07-01,-9.8,-2.3,631.14,97.154081,6.496278833618939,-9.6,3.7,364.124,163.953151,2.2209027260476377,267.016,-66.79907,1.6875580450398169
대구,2019,2019-08-01,-9.8,2.7,577.634,91.08069,6.342002898748351,-7.9,-13.6,346.268,128.29312,2.69903795308743,231.366,-37.21243,1.4085655257991567
대구,2019,2019-09-01,-9.9,8.8,581.048,88.955322,6.531908231415317,-2.7,1.2,345.485,144.345709,2.3934552844934243,235.563,-55.390387,1.6226764824706048
대구,2019,2019-10-01,-13.4,1.1,668.519,104.250997,6.41259095104865,-3.5,6.5,391.959,169.430813,2.313386762772601,276.56,-65.179816,1.6252200734348852
대구,2019,2019-11-01,-10.5,-0.8,598.396,93.803316,6.379262754421176,-1.9,-1.6,366.732,160.60252,2.2834760002520507,231.664,-66.799204,1.7121198572553662
대구,2019,2019-12-01,5.3,6.4,656.841,93.336484,7.037344582210746,17.9,4.7,426.705,167.644913,2.545290473561819,230.136,-74.308429,1.796134864047375
대구,2020,2020-01-01,-19.5,-9.0,566.354,86.505109,6.547058393973008,-8.7,-10.4,382.893,153.109902,2.500772288391903,183.461,-66.604793,1.7699521308042048
대구,2020,2020-02-01,10.3,22.2,584.824,94.18268,6.209464415325621,-14.6,-20.7,249.694,98.266491,2.540988260179149,335.13,-4.083811,1.0433605308322085
대구,2020,2020-03-01,-11.8,-0.2,606.696,99.401561,6.103485638419702,2.0,-0.9,346.147,151.690779,2.2819251261146203,260.549,-52.289218,1.5260402097709511
대구,2020,2020-04-01,-36.0,-22.2,402.954,75.186091,5.359422130351211,-7.9,-6.2,354.511,153.554009,2.308705596869177,48.443,-78.367918,2.0423193566480267
대구,2020,2020-05-01,-46.1,-39.3,348.574,61.789546,5.641310263066183,-9.2,-16.1,315.362,144.752167,2.1786340511227027,33.212,-82.962621,2.342664356200319
대구,2020,2020-06-01,-25.4,-9.4,432.247,78.539695,5.503548237614114,5.3,14.7,362.645,165.359982,2.1930638574936467,69.602,-86.820287,2.1054319347687818
대구,2020,2020-07-01,-14.7,-13.7,538.166,83.847645,6.418379430930946,-1.0,-20.7,360.382,129.989579,2.7723914699346786,177.784,-46.141934,1.5503068571574072
대구,2020,2020-08-01,-24.1,-20.2,438.485,72.649367,6.035634143928604,-12.8,-6.2,301.976,120.33633,2.5094333523384003,136.509,-47.686963,1.656398878189813
대구,2020,2020-09-01,-1.6,-13.0,571.754,77.350804,7.391700802489396,-1.5,-6.9,340.431,134.324225,2.5343976486743176,231.323,-56.973421,1.7365588727429389
대구,2020,2020-10-01,-14.3,-15.8,572.723,87.747322,6.526957027816758,-10.2,-11.5,351.87,149.932871,2.346850278082116,220.853,-62.185549,1.7086888532051154
대구,2020,2020-11-01,-4.5,-11.9,571.555,82.656569,6.914816413441986,-5.3,-10.6,347.297,143.523464,2.4197924877286963,224.258,-60.866895,1.736383033271076
대구,2020,2020-12-01,-4.0,-9.2,630.369,84.703997,7.442021891835871,-12.6,-11.3,372.837,148.634941,2.508407494843356,257.532,-63.930944,1.7547571102223192
대구,2021,2021-01-01,6.1,-10.9,600.723,77.055485,7.79597974109176,-8.4,-10.4,350.714,137.201125,2.556203529672224,250.009,-60.14564,1.7805497558025882
대구,2021,2021-02-01,-5.1,-17.5,554.954,77.741775,7.13842718409761,34.8,14.8,336.661,112.806747,2.9844048246511354,218.293,-35.064972,1.4510441393960969
대구,2021,2021-03-01,15.6,-8.3,701.155,91.172252,7.690442921164216,29.9,7.1,449.513,162.426793,2.767480608941161,251.642,-71.254541,1.78153757790254
대구,2021,2021-04-01,60.6,8.5,647.23,81.578968,7.933785090294351,22.0,-4.4,432.517,146.79077,2.946486349243893,214.713,-65.211802,1.7993702739657114
대구,2021,2021-05-01,82.5,42.9,636.011,88.317512,7.201414369553345,28.9,-4.2,406.353,138.724912,2.929199911837032,229.658,-50.4074,1.5707520383952844
대구,2021,2021-06-01,54.4,12.5,667.331,88.351388,7.553146759844905,29.8,-21.1,470.866,130.537153,3.607141638825232,196.465,-42.185765,1.4774771053964653
대구,2021,2021-07-01,30.4,9.6,701.611,91.922221,7.63265935447752,25.9,22.7,453.778,159.469184,2.845552906322014,247.833,-67.546963,1.7348273601874784
대구,2021,2021-08-01,31.4,9.9,576.025,79.81339,7.21714739845031,42.5,10.6,430.456,133.106149,3.233930237137279,145.569,-53.292759,1.667717020915914
대구,2021,2021-09-01,10.5,2.2,632.043,79.071861,7.993273359280111,24.8,-6.9,424.96,125.012313,3.3993451509052552,207.083,-45.940452,1.580996215581672
대구,2021,2021-10-01,14.8,-2.1,657.613,85.925151,7.653323763143576,31.6,-5.0,463.145,142.434417,3.251636856841981,194.468,-56.509266,1.657656871618416
대구,2021,2021-11-01,30.6,5.3,746.614,87.0462,8.57721531784271,41.9,-5.8,492.802,135.144599,3.646479427564841,253.812,-48.098399,1.5525617315862152
대구,2021,2021-12-01,28.9,5.7,812.366,89.568785,9.069744554422616,41.7,-5.1,528.493,141.005743,3.7480246460599833,283.873,-51.436958,1.574273258256211
대구,2022,2022-01-01,32.8,18.5,797.995,91.277904,8.742477259337594,53.0,-14.4,536.728,117.389041,4.5722155614168445,261.267,-26.111137,1.2860619696087676
대구,2022,2022-02-01,22.4,-0.5,679.347,77.317661,8.786440138172312,32.1,16.2,444.815,131.04384,3.394398393697865,234.532,-53.726179,1.6948758964656212
대구,2022,2022-03-01,24.3,2.3,871.635,93.300853,9.342197546682666,35.1,-16.0,607.296,136.369541,4.453311168657523,264.339,-43.068688,1.4616108708030784
대구,2022,2022-04-01,32.8,12.6,859.665,91.823837,9.362111496168474,37.8,-9.2,595.942,133.237513,4.47277937407913,263.723,-41.413676,1.451012257307435
대구,2022,2022-05-01,40.8,10.8,895.491,97.856554,9.151057986366451,73.8,6.4,706.177,147.608445,4.784123293216727,189.314,-49.751891,1.5084165440773645
대구,2022,2022-06-01,34.6,-7.5,898.167,81.716292,10.99128433287208,67.1,10.9,786.992,144.733052,5.437541661181856,111.175,-63.01676,1.771165191881198
대구,2022,2022-07-01,35.7,-7.9,951.79,84.646747,11.24425962878408,60.7,-6.0,729.253,149.860815,4.866202015516865,222.537,-65.214068,1.770426157073703
대구,2022,2022-08-01,64.4,4.0,946.81,82.980988,11.409962966456847,76.4,4.7,759.123,139.362698,5.4471032126545085,187.687,-56.38171,1.6794533465906671
대구,2022,2022-09-01,42.4,9.6,899.884,86.639772,10.386500093744475,60.8,12.5,683.13,140.646095,4.857084727450129,216.754,-54.006323,1.6233433185858337
대구,2022,2022-10-01,32.4,5.4,870.795,90.596661,9.611778076456924,59.5,-8.4,738.722,130.459024,5.662482957100767,132.073,-39.862363,1.439998147393092
대구,2022,2022-11-01,33.8,-1.8,999.278,85.474197,11.690990206085235,59.4,61.1,785.705,217.670032,3.609614942308641,213.573,-132.195835,2.546616869650147
대구,2022,2022-12-01,19.4,3.2,970.296,92.419555,10.49881705230024,40.2,1.9,741.126,143.753079,5.155548703064649,229.17,-51.333524,1.555440068933463
대구,2023,2023-01-01,5.3,-9.9,840.077,82.221212,10.217278237153693,30.7,25.5,701.737,147.335418,4.762853423336404,138.34,-65.114206,1.7919392625834802
대구,2023,2023-02-01,48.4,15.7,1008.07,89.461397,11.268212142942502,53.1,6.4,681.225,139.469149,4.884413541520928,326.845,-50.007752,1.5589869337721165
대구,2023,2023-03-01,31.8,8.2,1148.79,100.952449,11.379515914467811,48.4,24.3,901.41,169.562429,5.316095112084057,247.38,-68.60998,1.6796267022704918
대구,2023,2023-04-01,17.1,-0.6,1006.324,91.263157,11.026618331864194,57.7,152.0,939.585,335.785866,2.7981672105281525,66.739,-244.522709,3.679314600085553
대구,2023,2023-05-01,16.6,-7.7,1044.463,90.341662,11.561255094022954,18.4,8.4,836.279,160.053032,5.225011919799183,208.184,-69.71137,1.7716414382547003
대구,2023,2023-06-01,5.1,2.3,943.83,83.605099,11.289143979125006,-6.9,6.1,732.336,153.518899,4.770331241106673,211.494,-69.9138,1.8362384691393048
대구,2023,2023-07-01,-10.1,-13.9,855.957,72.887936,11.743466024336318,-4.9,4.0,693.458,155.918895,4.4475558911573865,162.499,-83.030959,2.13915914699519
대구,2023,2023-08-01,-8.7,-5.8,864.062,78.132566,11.058922600852505,-10.4,-3.9,679.798,133.957549,5.074727068946297,184.264,-55.824983,1.714490587701932
대구,2023,2023-09-01,-6.2,-7.1,843.757,80.518236,10.479079546650771,-18.3,-2.3,558.323,137.453573,4.06190241413368,285.434,-56.935337,1.7071110822646438
대구,2023,2023-10-01,-10.9,-17.0,775.545,75.159256,10.318689157859678,-30.4,14.1,514.039,148.875441,3.452812609972386,261.506,-73.716185,1.980799823244658
대구,2023,2023-11-01,-11.5,-0.8,884.688,84.753386,10.43837941766716,-25.8,-25.1,583.154,163.112249,3.575169881938174,301.534,-78.358863,1.9245514155623236
대구,2023,2023-12-01,-17.5,-11.2,800.737,82.079708,9.75560244439466,-27.9,-4.1,534.077,137.857881,3.874112935190118,266.66,-55.778173,1.6795610554559963
대구,2024,2024-01-01,-2.5,-4.1,819.257,78.846524,10.390527805639218,-17.1,11.4,581.871,164.106185,3.5456981709738726,237.386,-85.259661,2.0813369654697778
대구,2024,2024-02-01,-25.1,-14.0,754.805,76.905841,9.814664142350384,-40.3,-4.4,406.465,133.366845,3.047721493299178,348.34,-56.461004,1.7341575524803117
대구,2024,2024-03-01,-29.0,-16.6,816.031,84.176458,9.694290059104176,-39.2,-16.7,547.869,141.2184,3.8795865128056968,268.162,-57.041942,1.6776472110527625
대구,2024,2024-04-01,-16.2,-4.2,843.122,87.430942,9.643290815738895,-36.9,-46.8,592.636,178.493052,3.320218873281409,250.486,-91.06211,2.041531841210175
대구,2024,2024-05-01,-30.1,-9.2,730.592,82.035422,8.905811443256793,-35.1,2.5,543.077,164.078494,3.3098609498451395,187.515,-82.043072,2.0000932524001644
대구,2024,2024-06-01,-20.5,-2.4,750.793,81.617458,9.198926533585498,-38.9,0.3,447.377,154.055566,2.903997639397203,303.416,-72.438108,1.8875320277678824
대구,2024,2024-07-01,-15.9,7.3,719.689,78.180581,9.205470089816805,-35.0,-4.0,451.074,149.74721,3.012236421633498,268.615,-71.566629,1.9154016008144017
대구,2024,2024-08-01,-19.8,-3.1,693.173,75.719888,9.154437735037328,-28.8,9.7,484.099,146.947045,3.294377236371102,209.074,-71.227157,1.9406664336323367
대구,2024,2024-09-01,-26.8,-9.8,617.453,72.624017,8.502049673181807,-25.4,3.3,416.506,141.995238,2.933239211867091,200.947,-69.371221,1.955210464328901
대구,2024,2024-10-01,-6.1,8.8,728.106,81.806072,8.900390670267116,-20.4,-1.5,408.997,146.683193,2.78830172452,319.109,-64.877121,1.7930599699249707
대구,2024,2024-11-01,-23.4,-7.8,677.906,78.133199,8.676286248051868,-22.0,0.6,454.733,164.078279,2.771439356698762,223.173,-85.94508,2.0999815840127063
대구,2024,2024-12-01,-9.2,10.3,727.371,90.548338,8.03295804280803,-17.6,11.8,440.126,154.069315,2.8566752568478675,287.245,-63.520977,1.7015145545796766
대구,2025,2025-01-01,-28.6,-9.9,585.256,71.058193,8.236291626498298,-24.1,-18.6,441.708,133.541668,3.3076417766475705,143.548,-62.483475,1.8793282289066933
대구,2025,2025-02-01,-7.7,9.1,697.043,83.919844,8.306056908304072,15.7,9.1,470.273,145.509368,3.2319087524316648,226.77,-61.589524,1.7339089429193886
대구,2025,2025-03-01,-13.3,-1.4,707.898,82.959265,8.533079457731453,-6.5,4.4,512.356,147.418419,3.475522281920552,195.542,-64.459154,1.776997650593939
대구,2025,2025-04-01,3.8,3.4,875.334,90.427969,9.679903349371918,-9.8,-12.6,534.686,156.060878,3.426137330843416,340.648,-65.632909,1.7258031970175067
대구,2025,2025-05-01,1.7,-3.7,743.28,79.000957,9.40849362115955,-12.7,-6.3,474.057,153.767139,3.082953894329789,269.223,-74.766182,1.9463959025205224
대구,2025,2025-06-01,8.2,-1.8,812.159,80.161072,10.131588559594114,17.3,3.4,524.861,159.224677,3.2963546222172586,287.298,-79.063605,1.9863092275013488
대구,2025,2025-07-01,9.6,6.8,788.561,83.481614,9.445924224704136,15.2,5.2,519.624,157.507945,3.2990335820837484,268.937,-74.026331,1.8867381385319169
대구,2025,2025-08-01,5.1,-5.4,728.824,71.608534,10.177893042748227,5.8,5.7,512.06,155.374814,3.295643526884608,216.764,-83.76628,2.169780685637273
대구,2025,2025-09-01,29.7,18.0,800.625,85.687198,9.343577788598012,36.1,24.5,566.798,176.738862,3.206980024574335,233.827,-91.051664,2.06260522137741
대구,2025,2025-10-01,-6.9,-10.3,677.686,73.359308,9.237900662857944,21.9,-2.8,498.77,142.627405,3.4970137751577264,178.916,-69.268097,1.9442305126433308
대구,2025,2025-11-01,12.4,1.1,762.296,78.975945,9.65225550640768,14.6,-7.4,521.276,151.909162,3.4314980948943683,241.02,-72.933217,1.923486474267576
대구,2025,2025-12-01,17.4,-8.0,853.921,83.286485,10.252815928058435,27.9,9.5,562.717,168.709668,3.3354164386121607,291.204,-85.423183,2.0256547986146853
대구,2026,2026-01-01,26.8,5.8,741.988,75.161847,9.871870232246954,25.1,4.7,552.405,139.786286,3.95178250890792,189.583,-64.624439,1.8598037645349508
대구,2026,2026-02-01,-7.0,-16.6,648.041,70.026326,9.254248180891285,5.6,-13.6,496.774,125.706162,3.951866735061087,151.267,-55.679836,1.7951271925932542
대구,2026,2026-03-01,16.3,3.7,823.326,86.055553,9.567377947126785,17.6,3.3,602.418,152.286538,3.9558191282804,220.908,-66.230985,1.769630578052296
대구,2026,2026-04-01,5.0,0.1,919.337,90.556506,10.152081176806888,30.1,0.9,695.676,157.506843,4.4167985768085005,223.661,-66.950337,1.7393211151499153
대구,2026,2026-05-01,12.9,-0.3,839.05,78.728373,10.657530036852153,21.9,-20.4,577.958,122.451825,4.719880655106611,261.092,-43.723452,1.555370958828274
대구,2026,2026-06-01,11.8,5.6,908.098,84.673242,10.724734031088593,40.0,3.8,734.585,165.209074,4.44639620702674,173.513,-80.535832,1.951136747545346
대구,2026,2026-07-01,20.0,3.3,946.509,86.244732,10.974687706143026,31.7,15.6,684.593,182.093624,3.759566013140581,261.916,-95.848892,2.1113593813474894
대전,2000,2000-01-01,0.0,0.0,72.423,51.351204,1.410346678531627,0.0,0.0,85.448,74.441698,1.1478513023708836,-13.025,-23.090494,1.4496582787036505
대전,2000,2000-02-01,0.0,0.0,63.607,51.663268,1.2311842138983542,0.0,0.0,90.221,67.8864,1.328999622899432,-26.614,-16.223132,1.3140167594508343
대전,2000,2000-03-01,0.0,0.0,76.333,61.315578,1.244920173467173,0.0,0.0,121.85,79.585931,1.5310495017015004,-45.517,-18.270353,1.2979724500028362
대전,2000,2000-04-01,0.0,0.0,69.989,52.886511,1.3233809278891548,0.0,0.0,90.819,65.333096,1.3900917844150535,-20.83,-12.446585,1.235345171474821
대전,2000,2000-05-01,0.0,0.0,71.539,52.363702,1.3661944680687397,0.0,0.0,121.885,76.604824,1.5910877884139516,-50.346,-24.241122,1.4629375134706863
대전,2000,2000-06-01,0.0,0.0,79.779,46.778605,1.7054591516784223,0.0,0.0,126.707,65.650163,1.9300332887216136,-46.928,-18.871558,1.4034228468335044
대전,2000,2000-07-01,0.0,0.0,61.407,29.119673,2.1087805484628896,0.0,0.0,117.987,63.104682,1.8697027900402063,-56.58,-33.985009,2.1670807223693758
대전,2000,2000-08-01,0.0,0.0,63.344,38.271656,1.6551152111108025,0.0,0.0,97.273,61.337418,1.585867210778256,-33.929,-23.065762,1.602685235256086
대전,2000,2000-09-01,0.0,0.0,62.01,40.712245,1.523128975078628,0.0,0.0,88.925,50.310592,1.767520445793999,-26.915,-9.598347,1.2357606906718115
대전,2000,2000-10-01,0.0,0.0,66.842,43.280619,1.544386414621288,0.0,0.0,98.899,62.317446,1.5870194680314722,-32.057,-19.036827,1.4398464587579027
대전,2000,2000-11-01,0.0,0.0,76.612,42.610517,1.7979598792476514,0.0,0.0,111.418,56.998589,1.9547501430254703,-34.806,-14.388072,1.33766480702405
대전,2000,2000-12-01,0.0,0.0,73.253,35.539277,2.0611843060285104,0.0,0.0,107.564,58.315123,1.8445301058526449,-34.311,-22.775846,1.6408640783547734
대전,2001,2001-01-01,-27.6,-23.6,52.4,39.206953,1.336497636018795,15.7,-19.7,98.885,59.798586,1.6536344187135128,-46.485,-20.591633,1.5252036035547063
대전,2001,2001-02-01,-10.1,-21.3,57.204,40.637909,1.407651166303857,7.9,-12.4,97.337,59.447477,1.6373613299013514,-40.133,-18.809568,1.4628576731150218
대전,2001,2001-03-01,-8.1,-14.9,70.145,52.156162,1.344903407578188,-10.8,-31.9,108.698,54.214077,2.004977415736507,-38.553,-2.057915,1.039456795152987
대전,2001,2001-04-01,-4.6,1.7,66.76,53.769132,1.2416045696999536,-2.2,-6.3,88.837,61.186043,1.4519160848496118,-22.077,-7.416911,1.137939942939752
대전,2001,2001-05-01,1.1,-10.0,72.349,47.132924,1.5349991865558776,-12.2,-16.8,107.074,63.712123,1.6805906781665398,-34.725,-16.579199,1.3517540944414992
대전,2001,2001-06-01,-14.7,-8.5,68.034,42.802601,1.5894828447458134,-20.0,-2.4,101.391,64.107219,1.5815847510090868,-33.357,-21.304618,1.4977412003536887
대전,2001,2001-07-01,0.5,59.6,61.744,46.477096,1.3284823130946046,-6.7,-5.7,110.122,59.487977,1.8511639755374436,-48.378,-13.010881,1.27994178035564
대전,2001,2001-08-01,8.8,34.9,68.91,51.623064,1.3348684611204016,8.5,13.4,105.526,69.553947,1.5171820515088812,-36.616,-17.930883,1.3473424785479606
대전,2001,2001-09-01,7.9,24.6,66.924,50.708154,1.3197877406462084,2.9,17.2,91.538,58.983936,1.5519140669079798,-24.614,-8.275782,1.163204166335852
대전,2001,2001-10-01,27.0,17.8,84.887,50.990381,1.6647649681221248,19.7,13.9,118.389,70.966019,1.6682491376612234,-33.502,-19.975638,1.391753064171064
대전,2001,2001-11-01,-11.6,10.0,67.76,46.87491,1.4455494421215955,6.6,42.0,118.727,80.961763,1.4664576906508322,-50.967,-34.086853,1.7271875935335128
대전,2001,2001-12-01,11.1,23.1,81.36,43.75382,1.859494782398428,5.1,2.1,113.1,59.556169,1.8990476032801908,-31.74,-15.802349,1.361165013706232
대전,2002,2002-01-01,10.8,4.0,58.059,40.779102,1.4237439559115352,45.7,27.6,144.033,76.280929,1.888191477059751,-85.974,-35.501827,1.8705887393008311
대전,2002,2002-02-01,13.0,12.9,64.644,45.89783,1.4084325991010904,10.1,-16.4,107.123,49.719718,2.154537561938706,-42.479,-3.821888,1.0832694704738763
대전,2002,2002-03-01,8.0,-7.4,75.743,48.310542,1.567835856612828,26.2,13.3,137.225,61.443415,2.233355681809027,-61.482,-13.132873,1.2718427998592936
대전,2002,2002-04-01,13.9,-10.4,76.035,48.191694,1.5777615121809163,36.1,3.3,120.919,63.191223,1.9135410624985052,-44.884,-14.999529,1.3112471829689158
대전,2002,2002-05-01,22.7,11.4,88.793,52.495284,1.691447178378919,15.5,9.8,123.672,69.968627,1.7675350410977766,-34.879,-17.473343,1.332855480884721
대전,2002,2002-06-01,16.5,14.8,79.255,49.150117,1.6125088776492638,-2.3,-5.6,99.07,60.524643,1.636853934024857,-19.815,-11.374526,1.231424189692163
대전,2002,2002-07-01,30.6,10.6,80.629,51.411119,1.5683183242908991,3.0,15.8,113.434,68.887665,1.646651835274138,-32.805,-17.476546,1.339937086372308
대전,2002,2002-08-01,6.1,-9.0,73.114,46.961022,1.5569081950558912,6.4,-13.1,112.259,60.445421,1.8571960976167243,-39.145,-13.484399,1.2871402372801852
대전,2002,2002-09-01,14.0,-2.1,76.314,49.630771,1.537634787096094,23.0,15.4,112.58,68.049429,1.6543856672184567,-36.266,-18.418658,1.3711136786490783
대전,2002,2002-10-01,1.8,-5.0,86.44,48.462757,1.7836376911037066,-5.5,0.4,111.863,71.264933,1.5696780350582804,-25.423,-22.802176,1.470509261369509
대전,2002,2002-11-01,27.5,1.2,86.412,47.432016,1.821807447526582,-2.9,-21.0,115.315,63.944061,1.8033731076291823,-28.903,-16.512045,1.3481202443514102
대전,2002,2002-12-01,8.5,-6.3,88.248,41.008394,2.1519496715721176,13.5,26.6,128.355,75.394214,1.7024515966172151,-40.107,-34.38582,1.8385068676427565
대전,2003,2003-01-01,51.8,13.9,88.137,46.434894,1.89807690742225,-9.5,-11.7,130.412,67.321049,1.9371652987760188,-42.275,-20.886155,1.4497943938452835
대전,2003,2003-02-01,41.8,15.6,91.674,53.06641,1.7275334811606815,17.1,9.0,125.482,54.173004,2.3163197669451745,-33.808,-1.106594,1.0208530028694234
대전,2003,2003-03-01,30.1,24.3,98.562,60.065909,1.6408975014429563,-13.5,13.0,118.679,69.425593,1.7094416463968842,-20.117,-9.359684,1.1558235637456182
대전,2003,2003-04-01,25.8,17.1,95.634,56.417255,1.695119693434216,25.0,8.6,151.119,68.628694,2.201979830768745,-55.485,-12.211439,1.2164486556462204
대전,2003,2003-05-01,15.1,8.3,102.24,56.849924,1.7984192907628165,11.4,22.9,137.769,85.973363,1.6024614507635349,-35.529,-29.123439,1.5122863312886752
대전,2003,2003-06-01,20.0,5.6,95.125,51.895013,1.833027770895828,20.9,16.5,119.752,70.534216,1.6977859369699382,-24.627,-18.639203,1.359171371630642
대전,2003,2003-07-01,28.3,5.0,103.473,53.971045,1.9171946735513457,18.3,11.2,134.205,76.603542,1.7519424885079071,-30.732,-22.632497,1.4193451692476955
대전,2003,2003-08-01,12.2,-3.3,82.015,45.415578,1.805878150444325,0.9,9.3,113.221,66.089084,1.713157349858261,-31.206,-20.673506,1.4552073739984108
대전,2003,2003-09-01,65.8,24.3,126.546,61.685838,2.0514595262530118,-1.6,22.2,110.788,83.181114,1.3318888708319054,15.758,-21.495276,1.3484637105845916
대전,2003,2003-10-01,78.5,43.7,154.29,69.661991,2.21483764367286,30.6,9.7,146.068,78.144689,1.869199325881251,8.222,-8.482698,1.121769387843078
대전,2003,2003-11-01,55.8,34.7,134.671,63.897543,2.1076084255696657,19.8,8.0,138.091,69.080644,1.998982522513832,-3.42,-5.183101,1.0811158106658345
대전,2003,2003-12-01,79.0,69.6,157.992,69.559947,2.2713070784829665,43.1,-13.5,183.728,65.213137,2.817346449688504,-25.736,4.34681,0.9375098718807248
대전,2004,2004-01-01,38.3,31.5,121.888,61.049825,1.9965331595954616,12.1,24.8,146.237,84.003303,1.740848214027965,-24.349,-22.953478,1.3759794233644405
대전,2004,2004-02-01,56.5,29.9,143.49,68.94731,2.081154435176659,25.4,21.4,157.298,65.789922,2.3909133073603583,-13.808,3.157388,0.9542057840980308
대전,2004,2004-03-01,60.4,24.2,158.052,74.626207,2.1179154931457256,57.9,19.3,187.346,82.817616,2.262151569298976,-29.294,-8.191409,1.1097658494153402
대전,2004,2004-04-01,58.2,25.9,151.294,71.050298,2.129392898535063,15.1,45.3,173.949,99.751627,1.74382118098184,-22.655,-28.701329,1.403957897544638
대전,2004,2004-05-01,43.9,17.9,147.091,67.001255,2.195346937904372,15.7,25.1,159.339,107.572567,1.4812233680358302,-12.248,-40.571312,1.6055306277471966
대전,2004,2004-06-01,65.0,47.4,156.922,76.474281,2.051957834033117,34.4,37.0,160.906,96.596816,1.6657484859542369,-3.984,-20.122535,1.2631281358500122
대전,2004,2004-07-01,55.2,40.5,160.597,75.815681,2.118255720739355,22.9,16.1,164.991,88.9131,1.8556433191509465,-4.394,-13.097419,1.1727534307843257
대전,2004,2004-08-01,72.6,52.9,141.57,69.417937,2.0393864484909714,21.4,33.8,137.4,88.418642,1.5539709374862374,4.17,-19.000705,1.273714630845339
대전,2004,2004-09-01,17.0,16.1,147.999,71.639318,2.0658906886857857,42.1,-11.7,157.377,73.448165,2.142694783457149,-9.378,-1.808847,1.0252493609724205
대전,2004,2004-10-01,-1.8,6.3,151.517,74.066518,2.045688174513617,9.3,6.5,159.64,83.241579,1.917791588263841,-8.123,-9.175061,1.1238759597150227
대전,2004,2004-11-01,28.1,16.0,172.553,74.092046,2.328900459841533,21.6,21.2,167.952,83.730325,2.0058682442711167,4.601,-9.638279,1.130085205097454
대전,2004,2004-12-01,17.0,10.8,184.784,77.082158,2.397234389831172,19.2,35.2,218.994,88.170718,2.4837497637254127,-34.21,-11.08856,1.1438537826094597
대전,2005,2005-01-01,34.1,21.5,163.397,74.205615,2.201949272976176,32.5,-2.3,193.71,82.102777,2.3593599032588144,-30.313,-7.897162,1.106422701300973
대전,2005,2005-02-01,8.0,1.0,154.911,69.615973,2.2252220765484383,-7.2,7.7,145.988,70.823908,2.061281340193766,8.923,-1.207935,1.017351405833256
대전,2005,2005-03-01,13.4,10.7,179.281,82.579366,2.171014488050199,19.8,16.6,224.362,96.576052,2.3231639247377807,-45.081,-13.996686,1.1694937449628762
대전,2005,2005-04-01,12.0,13.2,169.495,80.42591,2.107467605899641,10.5,-10.1,192.275,89.659124,2.144511249072654,-22.78,-9.233214,1.114803972998254
대전,2005,2005-05-01,18.8,18.2,174.73,79.200324,2.206177843413873,10.5,-16.0,176.008,90.33488,1.948394684312416,-1.278,-11.134556,1.1405872531531562
대전,2005,2005-06-01,14.2,0.7,179.18,77.039098,2.3258320080538843,27.6,2.4,205.344,98.891468,2.076458203654131,-26.164,-21.85237,1.283652983579844
대전,2005,2005-07-01,0.3,-0.3,161.006,75.558408,2.1308813176688424,6.4,-5.0,175.493,84.470938,2.077554768007904,-14.487,-8.91253,1.1179555027151975
대전,2005,2005-08-01,45.1,9.3,205.475,75.905554,2.706982416596288,34.7,-3.5,185.115,85.30942,2.169924493684285,20.36,-9.403866,1.1238890371579398
대전,2005,2005-09-01,28.1,7.5,189.563,77.039924,2.460581347406314,13.7,24.2,178.96,91.232924,1.9615725568545843,10.603,-14.193,1.1842291537047729
대전,2005,2005-10-01,16.1,0.4,175.896,74.333144,2.3663199285637644,27.0,7.7,202.712,89.688539,2.260177300914669,-26.816,-15.355395,1.2065753467928115
대전,2005,2005-11-01,18.1,1.5,203.756,75.221968,2.7087299816457877,16.7,17.8,196.072,98.6649,1.987251798765316,7.684,-23.442932,1.3116500754141396
대전,2005,2005-12-01,10.8,-0.4,204.664,76.769972,2.6659381873944152,-1.7,6.7,215.263,94.041864,2.289012476400936,-10.599,-17.271892,1.2249823928553731
대전,2006,2006-01-01,10.9,-8.0,181.254,68.261521,2.6552880355537347,-11.1,5.1,172.191,86.293158,1.995418918380528,9.063,-18.031637,1.2641552185747515
대전,2006,2006-02-01,10.2,-2.4,170.695,67.918796,2.513221818596431,24.2,25.5,181.365,88.889531,2.040341511083009,-10.67,-20.970735,1.3087618779343495
대전,2006,2006-03-01,0.7,-12.2,180.61,72.52994,2.4901440701591646,-13.5,2.5,194.019,98.982416,1.960136030625884,-13.409,-26.452476,1.3647111248127326
대전,2006,2006-04-01,2.6,-14.3,173.86,68.929617,2.522282983234913,3.1,-1.7,198.153,88.150602,2.247891625289184,-24.293,-19.220985,1.2788494385512108
대전,2006,2006-05-01,22.1,-8.5,213.301,72.486967,2.9426117387419453,6.0,14.4,186.606,103.38092,1.805033269195128,26.695,-30.893953,1.4262001057376286
대전,2006,2006-06-01,42.6,-6.0,255.58,72.449191,3.52771364969417,3.8,1.6,213.149,100.440584,2.122140189865881,42.431,-27.991393,1.386358944988081
대전,2006,2006-07-01,7.3,-10.9,172.756,67.326052,2.5659606477445016,5.1,4.8,184.514,88.53422,2.08409810353556,-11.758,-21.208168,1.315006856484025
대전,2006,2006-08-01,7.3,-14.8,220.474,64.666262,3.4094130877705595,8.5,4.0,200.77,88.747315,2.26226562459946,19.704,-24.081053,1.3723897478409994
대전,2006,2006-09-01,13.7,-8.2,215.589,70.747504,3.047301852514825,21.2,15.2,216.856,105.113277,2.0630695397309324,-1.267,-34.365773,1.485752444354786
대전,2006,2006-10-01,-1.4,-9.9,173.381,66.988438,2.5882227616652296,3.0,6.8,208.813,95.757535,2.1806430167610307,-35.432,-28.769097,1.4294636187814975
대전,2006,2006-11-01,2.9,-10.2,209.583,67.546693,3.102786986181544,6.7,-0.1,209.125,98.574187,2.1214986028746043,0.458,-31.027494,1.4593488240793668
대전,2006,2006-12-01,11.8,-18.6,228.781,62.50539,3.660180346046957,4.4,14.7,224.681,107.907741,2.082158313368825,4.1,-45.402351,1.726374973422292
대전,2007,2007-01-01,0.0,-1.6,181.242,67.168725,2.6983093694275126,39.5,27.4,240.212,109.959116,2.1845573949503194,-58.97,-42.790391,1.6370582588846223
대전,2007,2007-02-01,-5.4,-8.9,161.461,61.872371,2.609581585292731,19.7,7.4,217.159,95.467571,2.2746886479388904,-55.698,-33.5952,1.5429757977110656
대전,2007,2007-03-01,26.3,6.3,228.174,77.096504,2.9595894516825303,13.3,-1.2,219.762,97.752214,2.248153683762089,8.412,-20.65571,1.2679201899997956
대전,2007,2007-04-01,22.1,7.6,212.319,74.168328,2.862663966214797,14.6,20.7,227.09,106.382721,2.134651171405928,-14.771,-32.214393,1.434341637039465
대전,2007,2007-05-01,-1.9,1.9,209.202,73.855512,2.8325847906923998,31.5,2.3,245.459,105.720524,2.3217724497846794,-36.257,-31.865012,1.4314506952439785
대전,2007,2007-06-01,-4.2,1.8,244.83,73.733723,3.3204616563305773,3.8,15.8,221.259,116.276974,1.902861696418072,23.571,-42.543251,1.5769849841978003
대전,2007,2007-07-01,22.2,5.9,211.169,71.318476,2.9609297876752163,19.7,12.3,220.82,99.425591,2.220957379071551,-9.651,-28.107115,1.3941070614015925
대전,2007,2007-08-01,2.9,5.1,226.779,67.992322,3.335361895715225,31.6,9.8,264.145,97.445847,2.7106850433554137,-37.366,-29.453525,1.433188985662234
대전,2007,2007-09-01,-7.9,-6.8,198.618,65.944617,3.011891023644887,-8.6,-8.3,198.22,96.367646,2.0569144129555683,0.398,-30.423029,1.4613421137922449
대전,2007,2007-10-01,39.5,9.9,241.884,73.652172,3.2841394005325464,21.2,6.3,253.087,101.743482,2.4875008700803063,-11.203,-28.09131,1.381405045325751
대전,2007,2007-11-01,10.6,1.8,231.858,68.732696,3.373329048521536,29.9,17.1,271.742,115.472233,2.353310340850514,-39.884,-46.739537,1.6800189679741355
대전,2007,2007-12-01,2.0,5.1,233.294,65.710933,3.5503072220873806,3.9,6.1,233.55,114.470373,2.040265912298547,-0.256,-48.75944,1.7420293362749848
대전,2008,2008-01-01,34.2,3.7,243.317,69.637877,3.4940324214651173,3.5,0.3,248.616,110.314742,2.253696971887946,-5.299,-40.676865,1.584119831797859
대전,2008,2008-02-01,31.2,4.1,211.816,64.422557,3.2879166842135743,-2.7,5.4,211.274,100.63948,2.099315298528967,0.542,-36.216923,1.562177670159848
대전,2008,2008-03-01,15.3,-6.6,263.12,72.041414,3.6523436366754263,9.5,19.5,240.677,116.821942,2.060203724399651,22.443,-44.780528,1.621594240224102
대전,2008,2008-04-01,27.6,2.1,270.886,75.715004,3.57770568169025,8.1,-0.1,245.486,106.249645,2.310464190256824,25.4,-30.534641,1.403283885450234
대전,2008,2008-05-01,30.7,4.7,273.373,77.339497,3.534713963810755,0.8,13.0,247.301,119.48436,2.0697353193338444,26.072,-42.144863,1.5449332441352703
대전,2008,2008-06-01,12.1,-9.5,274.411,66.707624,4.113637745514666,-3.4,-17.8,213.704,95.557614,2.236389033321824,60.707,-28.84999,1.432484149038197
대전,2008,2008-07-01,12.4,0.9,237.267,71.925855,3.2987720479652274,12.7,7.5,248.89,106.857275,2.3291816116403865,-11.623,-34.93142,1.485658738432793
대전,2008,2008-08-01,-3.5,-17.8,218.838,55.866521,3.917158184953024,-2.4,13.9,257.75,111.02504,2.321548364224863,-38.912,-55.158519,1.987326900130402
대전,2008,2008-09-01,38.8,3.7,275.638,68.389885,4.030391336379641,3.3,2.3,204.817,98.620659,2.076816379821595,70.821,-30.230774,1.4420357484151347
대전,2008,2008-10-01,10.7,-13.5,267.85,63.697066,4.205060245632036,-0.1,-14.9,252.728,86.634526,2.9171741529468287,15.122,-22.93746,1.360102300473306
대전,2008,2008-11-01,-4.1,-18.4,222.398,56.099671,3.9643369744539134,-23.9,-28.6,206.812,82.474461,2.507588379389348,15.586,-26.37479,1.4701416163385344
대전,2008,2008-12-01,-1.2,-18.0,230.599,53.85937,4.281501993060817,-24.5,-39.9,176.25,68.74989,2.563640465461108,54.349,-14.89052,1.276470370893681
대전,2009,2009-01-01,-35.3,-28.6,157.425,49.688978,3.1682076455667896,-39.4,-38.6,150.684,67.730241,2.2247669250135997,6.741,-18.041263,1.3630838009990869
대전,2009,2009-02-01,-6.0,-5.1,199.163,61.121953,3.2584528180897623,-34.1,-43.8,139.321,56.607888,2.461158769957996,59.842,4.514065,0.92614658435407
대전,2009,2009-03-01,-26.0,-12.4,194.677,63.106292,3.0849063354887023,-32.0,-39.8,163.587,70.291886,2.3272529634501486,31.09,-7.185594,1.1138649375881569
대전,2009,2009-04-01,-18.2,-6.3,221.606,70.955142,3.1231845043732,-23.7,-5.4,187.316,100.50434,1.8637603112462608,34.29,-29.549198,1.416449000975856
대전,2009,2009-05-01,-24.4,-14.8,206.677,65.919966,3.1352716413719026,-3.1,-23.0,239.665,91.968618,2.6059432577316755,-32.988,-26.048652,1.395155725656776
대전,2009,2009-06-01,-7.3,2.8,254.34,68.546881,3.7104532881663865,7.4,47.9,229.502,141.348171,1.62366444769915,24.838,-72.80129,2.062065683192792
대전,2009,2009-07-01,4.1,-0.5,247.035,71.544377,3.4528919023223867,-19.6,-13.7,200.123,92.23425,2.169725454481388,46.912,-20.689873,1.289189365643648
대전,2009,2009-08-01,4.0,13.7,227.62,63.532792,3.582716780336051,-29.6,-18.5,181.347,90.524966,2.0032816140466707,46.273,-26.992174,1.4248542075720518
대전,2009,2009-09-01,2.0,-0.5,281.256,68.033567,4.134076932935179,-2.7,21.0,199.252,119.311903,1.6700094038396152,82.004,-51.278336,1.75372111534296
대전,2009,2009-10-01,-5.6,-3.0,252.758,61.816085,4.0888710438391564,-20.9,15.3,199.836,99.882557,2.00070969348532,52.922,-38.066472,1.615802052168137
대전,2009,2009-11-01,47.4,6.9,327.85,59.9846,5.465569496170684,2.1,28.2,211.089,105.755733,1.996005266210958,116.761,-45.771133,1.7630480656701888
대전,2009,2009-12-01,21.6,16.6,280.487,62.787626,4.467233718949654,29.7,65.1,228.669,113.48741,2.014928351964328,51.818,-50.699784,1.8074805057926544
대전,2010,2010-01-01,56.2,27.4,245.949,63.324589,3.883941512830032,37.0,29.2,206.496,87.473876,2.360659084090432,39.453,-24.149287,1.3813571849633324
대전,2010,2010-02-01,34.6,-6.9,268.017,56.908599,4.709604606502437,32.5,70.7,184.619,96.633194,1.9105132755934775,83.398,-39.724595,1.6980420480918883
대전,2010,2010-03-01,39.3,5.0,271.272,66.27789,4.092948643959547,36.0,72.0,222.542,120.883761,1.8409586048534676,48.73,-54.605871,1.8238927189746084
대전,2010,2010-04-01,28.3,-5.6,284.283,67.014905,4.242086144865833,45.4,18.5,272.444,119.049968,2.2884844454557096,11.839,-52.035063,1.776469995741992
대전,2010,2010-05-01,33.0,-6.5,274.94,61.658336,4.459088873238486,-5.6,34.3,226.203,123.522015,1.8312767970956432,48.737,-61.863679,2.0033303363879296
대전,2010,2010-06-01,29.8,-0.5,330.123,68.178024,4.84207345170344,8.5,-10.8,249.004,126.079236,1.9749802417901707,81.119,-57.901212,1.849265035900718
대전,2010,2010-07-01,22.1,-18.2,301.664,58.520822,5.154814811042812,15.0,25.4,230.194,115.631268,1.9907591085137972,71.47,-57.110446,1.975899586646271
대전,2010,2010-08-01,19.2,-31.7,271.282,43.412615,6.24892096456295,20.6,65.4,218.747,149.766191,1.460589993905901,52.535,-106.353576,3.449831137792552
대전,2010,2010-09-01,7.8,-10.2,303.304,61.098267,4.964199721082105,13.7,-9.6,226.562,107.874142,2.100243819320482,76.742,-46.775875,1.7655843168186751
대전,2010,2010-10-01,21.4,4.1,306.893,64.343319,4.769617184342014,15.2,-2.4,230.303,97.500409,2.3620721426922424,76.59,-33.15709,1.5153151953507402
대전,2010,2010-11-01,1.0,13.9,331.177,68.298057,4.848995923851831,14.2,-1.2,241.083,104.47637,2.3075361442975098,90.094,-36.178313,1.5297121849308246
대전,2010,2010-12-01,27.4,35.7,357.388,85.211668,4.194120457775806,17.5,21.9,268.58,138.326622,1.9416363684497409,88.808,-53.114954,1.623329589088668
대전,2011,2011-01-01,34.3,0.2,330.362,63.461154,5.205735779718093,4.7,-5.2,216.293,82.913457,2.6086597740099053,114.069,-19.452303,1.3065229951538542
대전,2011,2011-02-01,15.7,7.1,310.086,60.97367,5.085572182222261,10.0,-15.8,203.127,81.397406,2.495497215230668,106.959,-20.423736,1.3349599261451706
대전,2011,2011-03-01,27.5,3.5,345.737,68.629542,5.037728504730514,27.7,13.5,284.231,137.25166,2.070874771204953,61.506,-68.622118,1.9998918250102848
대전,2011,2011-04-01,20.3,4.4,341.866,69.986453,4.884745337787014,3.3,-23.5,281.557,91.080815,3.091287665794382,60.309,-21.094362,1.301406359313566
대전,2011,2011-05-01,24.9,16.3,343.422,71.695549,4.790004467362402,33.3,4.4,301.609,128.979011,2.338434739587203,41.813,-57.283462,1.7989821237019887
대전,2011,2011-06-01,1.0,0.9,333.297,68.759783,4.847266606411483,9.9,-6.7,273.62,117.659025,2.325533464177525,59.677,-48.899242,1.7111605049713434
대전,2011,2011-07-01,14.5,15.2,345.512,67.411345,5.125428071491527,7.3,-3.8,247.024,111.268577,2.220069732715284,98.488,-43.857232,1.650591261752751
대전,2011,2011-08-01,24.0,45.7,336.488,63.268207,5.318437426241587,13.3,-19.6,247.813,120.45641,2.057283626500242,88.675,-57.188203,1.9039011173495088
대전,2011,2011-09-01,9.7,9.4,332.646,66.814371,4.978659456361567,2.8,-29.8,232.936,75.690165,3.0774936215292965,99.71,-8.875794,1.1328425886101658
대전,2011,2011-10-01,6.5,1.9,326.913,65.589544,4.984224314777977,16.0,18.9,267.181,115.882141,2.3056270594793378,59.732,-50.292597,1.7667776589512498
대전,2011,2011-11-01,9.1,0.7,361.15,68.771056,5.251482542306752,7.1,-5.3,258.275,98.89105,2.6117125867305484,102.875,-30.119994,1.4379748654724744
대전,2011,2011-12-01,16.0,-12.5,414.699,74.593735,5.55943471660187,-9.3,-18.9,243.569,112.187729,2.1710841477145864,171.13,-37.593994,1.5039832634738024
대전,2012,2012-01-01,-11.9,-1.5,290.951,62.48634,4.656233666430135,-8.0,-11.9,199.034,73.058441,2.7243121708551103,91.917,-10.572101,1.1691905942962897
대전,2012,2012-02-01,17.1,21.5,362.965,74.053962,4.901358282491354,1.9,1.8,206.914,82.900522,2.4959312077673044,156.051,-8.84656,1.1194609952131933
대전,2012,2012-03-01,56.1,7.6,539.855,73.822924,7.312836863519522,-17.2,-34.9,235.242,89.370198,2.632219747347992,304.613,-15.547274,1.2106022514090609
대전,2012,2012-04-01,8.7,5.8,371.755,74.053211,5.020106420503494,-13.1,20.6,244.639,109.841727,2.227195499211333,127.116,-35.788516,1.483281082841904
대전,2012,2012-05-01,-4.7,7.0,327.333,76.693317,4.2680772302494105,-16.2,-9.6,252.811,116.590489,2.1683672670761336,74.522,-39.897172,1.5202170614161856
대전,2012,2012-06-01,0.1,-3.1,333.764,66.660745,5.006904738313381,-22.2,-22.4,212.823,91.292605,2.3312183938666227,120.941,-24.63186,1.369510721789863
대전,2012,2012-07-01,6.5,22.2,367.884,82.406998,4.464232515787069,-3.1,27.6,239.407,141.928567,1.686813338994679,128.477,-59.521569,1.7222877964805854
대전,2012,2012-08-01,-9.3,9.3,305.047,69.135859,4.412283356456163,14.7,12.6,284.339,135.667593,2.095850554376681,20.708,-66.531734,1.9623332227636023
대전,2012,2012-09-01,6.8,12.8,355.249,75.366015,4.713649779678546,4.5,58.4,243.514,119.856715,2.031709278866854,111.735,-44.4907,1.590328412614094
대전,2012,2012-10-01,-2.6,16.7,318.307,76.554783,4.157898272665733,-3.4,16.9,258.022,135.446835,1.904968838880584,60.285,-58.892052,1.7692798502217686
대전,2012,2012-11-01,-5.0,2.3,343.253,70.359185,4.878581239961776,0.1,36.9,258.548,135.402548,1.9094766222567687,84.705,-65.043363,1.9244473624872147
대전,2012,2012-12-01,-13.8,4.7,357.674,78.074388,4.581195052082893,7.4,3.3,261.695,115.86411,2.258637295017413,95.979,-37.789722,1.484022007319481
대전,2013,2013-01-01,6.6,9.0,310.032,68.087446,4.5534385296226265,61.1,149.5,320.666,182.253141,1.759453901537971,-10.634,-114.165695,2.6767510269073687
대전,2013,2013-02-01,-18.5,0.5,295.713,74.394725,3.974918920662722,27.1,55.6,263.056,128.995365,2.039267069789678,32.657,-54.60064,1.7339316060379282
대전,2013,2013-03-01,-38.6,-2.5,331.339,71.99816,4.602048163453066,13.8,48.2,267.628,132.428609,2.020922835487912,63.711,-60.430449,1.8393332412939445
대전,2013,2013-04-01,-8.1,1.4,341.495,75.082314,4.548274844059814,15.3,8.6,282.086,119.335411,2.363808006661158,59.409,-44.253097,1.5893944211682127
대전,2013,2013-05-01,1.0,-2.9,330.683,74.493772,4.439069080835375,-2.5,2.1,246.574,118.998236,2.0720811357237263,84.109,-44.504464,1.597425298855856
대전,2013,2013-06-01,-11.1,-1.9,296.706,65.395873,4.537075298314314,15.5,43.0,245.908,130.57058,1.8833339026295204,50.798,-65.174707,1.996618043465832
대전,2013,2013-07-01,13.4,-16.5,417.123,68.799062,6.06291696244347,28.8,13.2,308.266,160.67469,1.9185722405937116,108.857,-91.875628,2.335419776508
대전,2013,2013-08-01,1.4,-9.5,309.193,62.57015,4.941541613692791,-6.2,-1.9,266.841,133.146459,2.004116384349358,42.352,-70.576309,2.127954927389498
대전,2013,2013-09-01,-5.7,-5.1,334.989,71.520043,4.683847855069103,4.8,-15.8,255.159,100.901352,2.5287966409013034,79.83,-29.381309,1.41081223902508
대전,2013,2013-10-01,27.0,-8.0,404.293,70.453224,5.738459889358648,14.7,11.9,295.844,151.525783,1.952433402043532,108.449,-81.072559,2.150728872251467
대전,2013,2013-11-01,-9.1,-13.5,312.018,60.875202,5.125535353459689,3.5,-10.2,267.69,121.590348,2.201572776154897,44.328,-60.715146,1.9973707520510569
대전,2013,2013-12-01,-3.3,-11.7,346.031,68.935574,5.019628907420137,22.7,57.8,321.156,182.780975,1.7570537633908565,24.875,-113.845401,2.651475347111783
대전,2014,2014-01-01,12.0,-7.8,347.285,62.760419,5.533503528712898,-9.7,-34.8,289.638,118.821244,2.4375944086227546,57.647,-56.060825,1.8932512862924
대전,2014,2014-02-01,16.1,-17.1,343.304,61.69593,5.564451334147974,3.4,16.0,271.959,149.681754,1.8169148391994392,71.345,-87.985824,2.4261203940033
대전,2014,2014-03-01,20.6,0.1,399.707,72.069065,5.546166028378472,6.3,-9.8,284.403,119.436624,2.3812042778436204,115.304,-47.367559,1.6572523037450255
대전,2014,2014-04-01,28.4,0.2,438.579,75.229753,5.829860959399933,10.7,21.4,312.223,144.822231,2.155905193864884,126.356,-69.592478,1.9250658845044992
대전,2014,2014-05-01,9.1,-11.1,360.695,66.205486,5.448113469025815,22.3,9.6,301.545,130.481073,2.3110248334637777,59.15,-64.275587,1.9708498628044209
대전,2014,2014-06-01,32.9,7.8,394.287,70.467391,5.595311454059652,16.3,30.2,286.08,170.059253,1.682237190586742,108.207,-99.591862,2.41330423315942
대전,2014,2014-07-01,1.5,3.2,423.326,71.008304,5.9616407680994605,-4.1,-11.8,295.478,141.772024,2.0841770587968758,127.848,-70.76372,1.996555557783777
대전,2014,2014-08-01,19.3,3.9,368.91,65.012385,5.674457259182232,-1.2,-11.9,263.746,117.300751,2.2484596027863453,105.164,-52.288366,1.8042831531253625
대전,2014,2014-09-01,17.8,-2.5,394.733,69.742465,5.659865908094875,20.0,34.8,306.116,136.033743,2.250294619916472,88.617,-66.291278,1.950515270717776
대전,2014,2014-10-01,2.6,6.1,414.896,74.747685,5.55062006268154,5.1,6.1,310.823,160.699881,1.9341831373229208,104.073,-85.952196,2.1498977660645946
대전,2014,2014-11-01,44.7,9.5,451.613,66.660471,6.774824618325904,3.8,-14.2,277.932,104.330858,2.663948186834618,173.681,-37.670387,1.5651083233420298
대전,2014,2014-12-01,13.9,13.1,394.193,77.949814,5.057010142448832,11.5,-3.7,357.969,176.097998,2.0327829053456927,36.224,-98.148184,2.2591201821212814
대전,2015,2015-01-01,17.6,19.3,408.262,74.854541,5.454071249999382,9.4,17.2,317.004,139.289051,2.275871633298729,91.258,-64.43451,1.8607962742033248
대전,2015,2015-02-01,-2.5,4.9,334.696,64.746565,5.169324426708969,2.1,-23.2,277.763,114.888311,2.4176785051701213,56.933,-50.141746,1.774430983327069
대전,2015,2015-03-01,-4.6,1.5,381.459,73.123098,5.216669020232157,0.6,25.7,286.162,150.083482,1.9066855072032511,95.297,-76.960384,2.052477070924976
대전,2015,2015-04-01,-15.8,4.6,369.153,78.72131,4.689365560608684,-9.7,-15.7,281.788,122.01942,2.3093700986285626,87.365,-43.29811,1.5500176508749663
대전,2015,2015-05-01,-12.6,22.8,315.311,81.319129,3.8774517616882,-8.3,48.7,276.449,194.001621,1.424982938673487,38.862,-112.682492,2.3856824757677866
대전,2015,2015-06-01,-7.5,4.4,364.556,73.569427,4.955264909158529,10.5,-26.6,316.096,124.902386,2.5307442885838864,48.46,-51.332959,1.6977485226301954
대전,2015,2015-07-01,-9.6,8.9,382.647,77.319298,4.948919737993482,-6.3,11.0,276.736,157.344097,1.7587949295612917,105.911,-80.024799,2.034991277339326
대전,2015,2015-08-01,-19.3,7.7,297.672,69.993594,4.252846339052113,-2.5,18.9,257.218,139.518719,1.8436092435739757,40.454,-69.525125,1.9933069732067197
대전,2015,2015-09-01,-6.8,16.2,368.073,81.018068,4.543097719881446,-18.4,-2.9,249.825,132.145652,1.8905275823982464,118.248,-51.127584,1.6310639745198563
대전,2015,2015-10-01,-12.7,8.0,362.082,80.737599,4.484676340201793,8.3,-1.4,336.593,158.387013,2.12513004459526,25.489,-77.649414,1.9617503488058887
대전,2015,2015-11-01,-27.1,27.6,329.254,85.058107,3.870930257124109,26.5,36.7,351.624,142.646154,2.465008625469145,-22.37,-57.588047,1.6770436003237177
대전,2015,2015-12-01,-0.1,6.2,393.787,82.797599,4.75601955559122,10.8,30.7,396.695,230.139659,1.7237142078150034,-2.908,-147.34206,2.7795450807697937
대전,2016,2016-01-01,-21.9,-0.8,318.965,74.252066,4.295705388184081,-13.4,-1.8,274.403,136.775655,2.006226912238146,44.562,-62.523589,1.8420451088862635
대전,2016,2016-02-01,-12.6,7.7,292.412,69.731602,4.1933928321337,-5.2,0.4,263.437,115.368805,2.28343355034318,28.975,-45.637203,1.6544694470091192
대전,2016,2016-03-01,12.2,17.7,428.147,86.047058,4.975730837886404,8.5,17.7,310.365,176.709125,1.7563609123184782,117.782,-90.662067,2.053633547819845
대전,2016,2016-04-01,-9.8,-1.0,332.968,77.948579,4.271636561841621,-5.1,15.5,267.507,140.967365,1.8976519849115432,65.461,-63.018786,1.8084661299598548
대전,2016,2016-05-01,13.1,-5.4,356.661,76.963033,4.634185869468008,2.7,-3.4,284.037,187.338433,1.5161704699430256,72.624,-110.3754,2.434135268551592
대전,2016,2016-06-01,-3.2,-1.2,352.869,72.716486,4.852668485658121,-3.8,12.7,303.943,140.751962,2.1594228292178266,48.926,-68.035476,1.935626564793024
대전,2016,2016-07-01,-14.0,-15.3,329.145,65.510645,5.024297959514824,-3.6,-12.0,266.7,138.388487,1.9271834368707277,62.445,-72.877842,2.112458013502996
대전,2016,2016-08-01,9.8,2.6,326.853,71.779099,4.553595747976719,14.4,29.5,294.278,180.627078,1.6292020180938762,32.575,-108.847979,2.516429998654622
대전,2016,2016-09-01,-5.3,-12.7,348.444,70.722483,4.926919774578616,9.8,15.5,274.25,152.660011,1.7964756991927635,74.194,-81.937528,2.158578213380885
대전,2016,2016-10-01,-4.8,-4.9,344.654,76.811833,4.486990956198116,-9.1,13.5,305.85,179.756126,1.701471915343792,38.804,-102.944293,2.3402139876026653
대전,2016,2016-11-01,9.7,-7.5,361.215,78.68965,4.590374973074604,-13.4,15.0,304.347,164.11064,1.8545232655237955,56.868,-85.42099,2.085542889058472
대전,2016,2016-12-01,-5.8,-10.9,370.979,73.813492,5.025896891587245,-17.4,-40.4,327.791,137.239992,2.388451028181348,43.188,-63.4265,1.859280577052228
대전,2017,2017-01-01,32.4,-2.1,422.285,72.718403,5.807126979947566,5.7,-6.6,289.92,127.80078,2.2685307554460934,132.365,-55.082377,1.757475064462018
대전,2017,2017-02-01,20.2,5.1,351.435,73.308719,4.793904528600479,-1.3,-4.7,259.958,109.976998,2.36374882682286,91.477,-36.668279,1.500189875095212
대전,2017,2017-03-01,8.2,10.6,463.461,95.170159,4.869814287060296,21.0,-29.1,375.528,125.317169,2.996620518933044,87.933,-30.14701,1.31676956639318
대전,2017,2017-04-01,4.0,13.8,346.203,88.708507,3.902703491560285,30.2,-12.3,348.19,123.678914,2.815273749897254,-1.987,-34.970407,1.3942170619555123
대전,2017,2017-05-01,-9.8,8.2,321.577,83.305193,3.86022753707563,-13.9,-39.3,244.603,113.787057,2.1496557380862744,76.974,-30.481864,1.365905928577586
대전,2017,2017-06-01,3.9,7.0,366.751,77.79616,4.714255819310361,2.9,-32.0,312.767,95.717562,3.267603075807552,53.984,-17.921402,1.2303635809273876
대전,2017,2017-07-01,3.5,13.9,340.735,74.61996,4.566271544503643,-8.0,-17.5,245.451,114.101521,2.1511632610050837,95.284,-39.481561,1.529101878371417
대전,2017,2017-08-01,0.2,-4.9,327.59,68.269302,4.798496401794177,-8.7,-47.8,268.577,94.212031,2.850771787310264,59.013,-25.942729,1.380005774777073
대전,2017,2017-09-01,26.3,16.1,440.225,82.106669,5.361622939544655,6.1,-14.2,290.973,131.040667,2.2204786243952803,149.252,-48.933998,1.595980796639065
대전,2017,2017-10-01,-12.6,16.6,301.079,89.546322,3.362270981939381,-13.1,-50.0,265.805,89.807533,2.9597183122711987,35.274,-0.261211,1.0029170488990045
대전,2017,2017-11-01,5.7,-1.6,381.683,77.451092,4.9280518859566245,-8.2,-29.4,279.515,115.936442,2.410933052439198,102.168,-38.48535,1.496898739658829
대전,2017,2017-12-01,5.4,30.7,390.897,96.492404,4.051064993675564,-6.4,-8.6,306.863,125.36979,2.44766302950655,84.034,-28.877386,1.2992710804469128
대전,2018,2018-01-01,-24.7,2.9,317.923,74.809954,4.249741952788796,15.2,17.3,333.989,149.953698,2.2272808503862307,-16.066,-75.143744,2.004461839396399
대전,2018,2018-02-01,-13.3,-12.6,304.769,64.102499,4.754401228569888,9.9,-1.1,285.705,108.820284,2.6254755960754523,19.064,-44.717785,1.6975981544806855
대전,2018,2018-03-01,-11.5,19.4,410.02,113.608014,3.609076380826444,-27.4,-21.0,272.523,98.988081,2.7530890309915192,137.497,14.619933,0.8713124850505705
대전,2018,2018-04-01,6.0,-4.2,367.144,84.976076,4.320557235427063,-16.6,2.6,290.527,126.878205,2.289810137209933,76.617,-41.902129,1.4931050122860463
대전,2018,2018-05-01,35.0,14.0,434.141,94.928729,4.573336276313149,16.6,19.4,285.313,135.882302,2.0997068477688874,148.828,-40.953573,1.431413897893861
대전,2018,2018-06-01,2.6,0.5,376.436,78.154613,4.816555102128136,-10.5,30.6,279.825,124.976186,2.239026561428271,96.611,-46.821573,1.5990890518516163
대전,2018,2018-07-01,-1.5,8.0,335.613,80.56682,4.16564784361602,11.4,11.9,273.419,127.697811,2.141140853228878,62.194,-47.130991,1.5849925689011928
대전,2018,2018-08-01,0.7,5.8,329.875,72.255029,4.565426165699829,-0.1,9.7,268.402,103.349429,2.597034183904393,61.473,-31.0944,1.4303423641280388
대전,2018,2018-09-01,-28.7,-27.0,314.078,59.909803,5.242514317731941,-21.5,-31.5,228.556,89.823401,2.544503965063625,85.522,-29.913598,1.4993105719276023
대전,2018,2018-10-01,83.6,-12.4,552.909,78.473863,7.045772679751983,22.5,39.6,325.546,125.367288,2.5967379943642075,227.363,-46.893425,1.597567434650184
대전,2018,2018-11-01,7.1,34.9,408.895,104.499357,3.912894889869992,4.4,-1.3,291.703,114.475502,2.54816965118004,117.192,-9.976145,1.095466089805701
대전,2018,2018-12-01,-7.2,-8.6,362.78,88.234446,4.111546186848615,-5.7,-4.1,289.364,120.243088,2.406491756099943,73.416,-32.008642,1.3627680962602746
대전,2019,2019-01-01,4.2,17.5,331.214,87.891048,3.768461152039056,-2.5,-14.0,325.573,128.918769,2.5254119514591395,5.641,-41.027721,1.4668020456417814
대전,2019,2019-02-01,-0.4,27.6,303.53,81.790033,3.7110878779080574,-17.5,2.4,235.579,111.429328,2.11415615824229,67.951,-29.639295,1.3623827245552034
대전,2019,2019-03-01,-13.5,-34.8,354.585,74.051096,4.788382875521518,0.4,13.9,273.697,112.790689,2.426592145385334,80.888,-38.739593,1.5231467877261398
대전,2019,2019-04-01,1.1,-5.6,371.047,80.230166,4.624781656316154,-1.6,5.4,285.767,133.74637,2.1366336895722853,85.28,-53.516204,1.6670334447519404
대전,2019,2019-05-01,-18.0,-18.7,356.192,77.20526,4.613571665971982,-8.4,-11.9,261.38,119.761548,2.1825035194100866,94.812,-42.556288,1.5512096973703604
대전,2019,2019-06-01,-10.8,5.0,335.715,82.068671,4.090659637951247,-14.8,-26.4,238.506,91.920049,2.594711410565066,97.209,-9.851378,1.1200382299355134
대전,2019,2019-07-01,-2.4,1.6,327.435,81.82472,4.001663555952284,-1.7,-7.6,268.715,118.021383,2.2768331735275464,58.72,-36.196663,1.4423683087458166
대전,2019,2019-08-01,-9.7,3.0,297.802,74.415671,4.00187213255122,-14.2,-1.2,230.177,102.096688,2.2545001655685444,67.625,-27.681017,1.3719783296719854
대전,2019,2019-09-01,-1.9,32.2,308.172,79.19175,3.8914659670988456,5.9,10.9,241.971,99.619896,2.428942507629199,66.201,-20.428146,1.2579580069893643
대전,2019,2019-10-01,-37.3,3.4,346.662,81.145418,4.272108130615582,-17.3,3.0,269.3,129.181156,2.0846693770103744,77.362,-48.035738,1.5919710463503929
대전,2019,2019-11-01,-15.8,-20.8,344.356,82.731646,4.1623250188930125,-8.7,15.0,266.251,131.631952,2.0226927881461485,78.105,-48.900306,1.5910713537598418
대전,2019,2019-12-01,2.3,-6.9,371.216,82.109804,4.520970479968507,-5.1,-12.7,274.655,105.029319,2.6150317131923897,96.561,-22.919515,1.2791325016437745
대전,2020,2020-01-01,39.2,-16.7,461.0,73.195497,6.298201650300974,20.3,-13.6,391.608,111.352101,3.516844284779144,69.392,-38.156604,1.5212971502878108
대전,2020,2020-02-01,22.5,13.2,371.889,92.598352,4.0161513889577645,-3.3,-28.9,227.788,79.213694,2.875613905848148,144.101,13.384658,0.8554546845498935
대전,2020,2020-03-01,14.6,32.1,406.404,97.84675,4.153474693845222,-1.9,-12.8,268.433,98.378238,2.7285810912775244,137.971,-0.531488,1.0054318411188925
대전,2020,2020-04-01,-14.0,-15.3,319.125,67.971932,4.694952616618283,3.4,-31.3,295.545,91.860891,3.217310400353073,23.58,-23.888959,1.35145328810133
대전,2020,2020-05-01,-6.2,-10.6,334.112,69.025933,4.840383685940181,1.7,-10.3,265.823,107.457967,2.4737393366096345,68.289,-38.432034,1.5567767407070034
대전,2020,2020-06-01,16.1,-12.5,389.833,71.782925,5.43072046729776,24.4,3.5,296.77,95.132259,3.119551696969584,93.063,-23.349334,1.3252769931010753
대전,2020,2020-07-01,42.0,-10.2,464.871,73.494023,6.325289881056042,12.9,20.2,303.271,141.872012,2.1376379718925818,161.6,-68.377989,1.930388434444526
대전,2020,2020-08-01,36.8,-6.4,407.499,69.659746,5.849849064910458,20.9,-24.3,278.377,77.241669,3.6039744299155423,129.122,-7.581923,1.1088422429791804
대전,2020,2020-09-01,61.4,-8.0,497.351,72.86415,6.825729799908459,15.2,25.9,278.792,125.442673,2.2224653966039134,218.559,-52.578523,1.7215966013464783
대전,2020,2020-10-01,35.2,-6.5,468.516,75.894731,6.17323487186482,15.6,-11.8,311.398,113.943234,2.732922254953725,157.118,-38.048503,1.5013326023910671
대전,2020,2020-11-01,24.2,-4.1,427.739,79.335727,5.391505393276348,42.2,-38.1,378.623,81.476851,4.647000900906197,49.116,-2.141124,1.0269881436896646
대전,2020,2020-12-01,26.6,-10.7,469.847,73.309586,6.409079980345272,18.3,3.4,324.942,108.549769,2.9934840303529344,144.905,-35.240183,1.4807036149406163
대전,2021,2021-01-01,-13.2,-22.7,399.927,56.564111,7.070331221151871,-31.7,8.6,267.57,120.954195,2.212159735344441,132.357,-64.390084,2.1383558030285315
대전,2021,2021-02-01,6.8,-37.6,397.203,57.782417,6.874115355887588,6.8,9.4,243.372,86.694442,2.8072387846962554,153.831,-28.912025,1.5003602566503924
대전,2021,2021-03-01,18.6,-20.1,482.072,78.137262,6.169553266404446,12.7,9.9,302.51,108.157959,2.796927778565052,179.562,-30.020697,1.384204619301864
대전,2021,2021-04-01,16.5,-18.1,371.889,55.686994,6.678202095088846,3.4,37.9,305.574,126.705973,2.4116779403919657,66.315,-71.018979,2.27532434234105
대전,2021,2021-05-01,11.5,-25.2,372.481,51.652445,7.211294644425835,19.5,3.9,317.526,111.692671,2.8428543892553164,54.955,-60.040226,2.1623888472268837
대전,2021,2021-06-01,10.5,-24.3,430.623,54.321759,7.927265389178579,-3.0,36.1,287.921,129.45306,2.224134369631741,142.702,-75.131301,2.383079310815395
대전,2021,2021-07-01,-10.8,-19.7,414.642,59.038106,7.023294412595146,15.9,-37.4,351.394,88.827068,3.955933792613756,63.248,-29.788962,1.5045717760661224
대전,2021,2021-08-01,3.2,-21.6,420.532,54.625362,7.698475297976057,18.4,57.8,329.516,121.883698,2.7035280796944643,91.016,-67.258336,2.23126572598274
대전,2021,2021-09-01,-18.5,-23.3,405.371,55.886751,7.253436507697504,10.0,-19.4,306.73,101.104925,3.0337790171942665,98.641,-45.218174,1.809103646050206
대전,2021,2021-10-01,-14.0,-22.7,402.728,58.652475,6.866342809915524,9.7,24.9,341.482,142.293666,2.399839779235149,61.246,-83.641191,2.42604708496956
대전,2021,2021-11-01,-0.4,-30.5,426.004,55.117794,7.728974058722307,-6.0,97.4,355.904,160.807337,2.213232347725527,70.1,-105.689543,2.917521281784245
대전,2021,2021-12-01,-8.7,-20.1,429.198,58.590703,7.325360134354422,24.2,78.0,403.636,193.27242,2.088430413403009,25.562,-134.681717,3.298687506787553
대전,2022,2022-01-01,4.8,2.9,419.276,58.198314,7.2042636836524165,37.3,64.0,367.456,198.407909,1.8520229453151489,51.82,-140.209595,3.4091693618478365
대전,2022,2022-02-01,-6.5,-5.1,371.554,54.836093,6.775719780036116,31.4,66.0,319.75,143.931716,2.2215395528251745,51.804,-89.095623,2.62476241697234
대전,2022,2022-03-01,-8.8,-28.4,439.778,55.953003,7.8597747470318975,28.0,86.6,387.101,201.867721,1.917597316115735,52.677,-145.914718,3.60780852101897
대전,2022,2022-04-01,8.6,4.8,403.99,58.361502,6.92220018600618,16.1,48.6,354.674,188.309226,1.8834658690594372,49.316,-129.947724,3.2266000624863973
대전,2022,2022-05-01,34.2,27.2,499.891,65.697275,7.60900661404906,44.3,59.3,458.29,177.896173,2.576165592949546,41.601,-112.198898,2.707816617964748
대전,2022,2022-06-01,-9.3,3.4,390.776,56.152362,6.959208590370606,29.7,63.8,373.319,212.100523,1.7601040993189818,17.457,-155.948161,3.7772324341405263
대전,2022,2022-07-01,10.6,0.3,458.629,59.203513,7.74665179074762,4.7,80.1,367.971,159.946775,2.300584053664102,90.658,-100.743262,2.7016433129567834
대전,2022,2022-08-01,-18.5,0.0,342.632,54.618189,6.273221545298765,13.0,27.8,372.199,155.797308,2.388995065306263,-29.567,-101.179119,2.8524802973602803
대전,2022,2022-09-01,-18.8,-13.0,329.261,48.598513,6.775124991993068,25.7,82.3,385.665,184.356883,2.091947931230753,-56.404,-135.75837,3.793467569676463
대전,2022,2022-10-01,-13.6,-26.8,347.776,42.950104,8.09720972969006,-3.2,10.2,330.641,156.816556,2.108457221825481,17.135,-113.866452,3.651133324380309
대전,2022,2022-11-01,-21.3,-8.2,335.114,50.575767,6.62597959216318,5.0,-9.4,373.626,145.76575,2.563194714807834,-38.512,-95.189983,2.88212633532577
대전,2022,2022-12-01,-19.6,-17.9,344.983,48.110344,7.170661677247621,-5.4,3.7,381.988,200.508776,1.9050936703139616,-37.005,-152.398432,4.167685352655138
대전,2023,2023-01-01,-25.1,-13.1,314.211,50.602677,6.2093750494662565,1.2,-7.8,372.029,182.851766,2.0345934203337146,-57.818,-132.249089,3.613480093157917
대전,2023,2023-02-01,3.0,-5.9,382.553,51.610936,7.412246892790319,27.9,10.0,408.959,158.331006,2.582936913822173,-26.406,-106.72007,3.067780169691168
대전,2023,2023-03-01,-15.3,-6.7,372.283,52.19377,7.132709516863795,-9.3,-17.0,350.948,167.600787,2.093951981263668,21.335,-115.407017,3.2111262895935666
대전,2023,2023-04-01,-9.8,-18.0,364.513,47.852702,7.617396401147839,-10.5,-9.4,317.268,170.610082,1.859608742231306,47.245,-122.75738,3.5653176282501247
대전,2023,2023-05-01,-24.5,-37.5,377.511,41.061778,9.193732429219212,-25.5,6.2,341.245,188.939726,1.8061050855975096,36.266,-147.877948,4.601352771426508
대전,2023,2023-06-01,2.8,-21.8,401.558,43.937579,9.139283709737398,-4.2,-20.4,357.721,168.87157,2.118302091938862,43.837,-124.933991,3.843442762287836
대전,2023,2023-07-01,-31.7,-21.9,313.455,46.225184,6.781043856959012,21.5,20.5,446.971,192.807197,2.3182277786030987,-133.516,-146.582013,4.171042282925256
대전,2023,2023-08-01,-9.5,-8.2,310.119,50.158621,6.182765670531492,5.3,7.0,391.764,166.653027,2.3507763828376187,-81.645,-116.494406,3.3225201107502538
대전,2023,2023-09-01,-5.4,-11.0,311.509,43.259389,7.2009569991846165,-25.9,-15.1,285.724,156.49433,1.8257786080812,25.785,-113.234941,3.6175806828894417
대전,2023,2023-10-01,16.5,26.7,405.304,54.397475,7.450787008036678,37.0,-1.7,452.82,154.074551,2.9389668641643487,-47.516,-99.677076,2.8323842420994723
대전,2023,2023-11-01,-5.6,2.0,316.413,51.564012,6.136314606396415,-2.4,78.2,364.559,259.722212,1.403649680913699,-48.146,-208.1582,5.0368891388823664
대전,2023,2023-12-01,18.5,2.1,408.906,49.09904,8.328187272093304,21.9,2.3,465.772,205.123594,2.2706895433979186,-56.866,-156.024554,4.177751622027641
대전,2024,2024-01-01,20.0,-0.2,377.012,50.488844,7.467233751677895,-6.9,20.3,346.328,219.979948,1.574361677728917,30.684,-169.491104,4.3570010832492025
대전,2024,2024-02-01,8.2,-6.0,413.837,48.536511,8.526303013416024,-26.4,5.7,301.051,167.284489,1.7996348723042697,112.786,-118.747978,3.446570129443379
대전,2024,2024-03-01,-8.2,-0.3,341.744,52.046162,6.566171007960203,-10.8,-17.6,313.03,138.080574,2.2670096953681558,28.714,-86.034412,2.653040468190526
대전,2024,2024-04-01,-9.5,19.5,329.976,57.194071,5.769409210265868,-4.2,-6.1,303.868,160.154252,1.8973458163321195,26.108,-102.960181,2.800189760928191
대전,2024,2024-05-01,1.7,39.6,383.968,57.334922,6.696930711792021,55.2,2.4,529.458,193.428768,2.7372246924511248,-145.49,-136.093846,3.3736640995168705
대전,2024,2024-06-01,2.7,27.7,412.338,56.086925,7.351766922504666,3.2,-19.3,369.097,136.198183,2.709999442503576,43.241,-80.111258,2.42834106166455
대전,2024,2024-07-01,19.3,23.0,373.933,56.847243,6.577856379068375,-27.7,-18.7,322.957,156.792212,2.059777050661164,50.976,-99.944969,2.758132210562964
대전,2024,2024-08-01,20.2,-1.6,372.621,49.37655,7.54651752704472,34.0,-3.7,525.056,160.41036,3.273205047354797,-152.435,-111.03381,3.2487154327307195
대전,2024,2024-09-01,9.4,21.1,340.754,52.376868,6.505810924013249,14.9,-26.7,328.34,114.702661,2.8625316722163925,12.414,-62.325793,2.189948833901256
대전,2024,2024-10-01,13.0,11.8,457.83,60.820492,7.527561598811138,-20.4,21.9,360.293,187.821324,1.918275264633956,97.537,-127.000832,3.088125692899689
대전,2024,2024-11-01,36.2,-2.3,431.032,50.402142,8.551858768224573,-18.3,-49.5,297.992,131.254308,2.270340719026152,133.04,-80.852166,2.6041414668448017
대전,2024,2024-12-01,-12.6,13.1,357.439,55.508471,6.439359498841177,-27.5,-29.2,337.463,145.200104,2.3241236796910285,19.976,-89.691633,2.615818836011534
대전,2025,2025-01-01,-5.6,4.4,355.977,52.726915,6.751333735341808,-20.2,-30.9,276.536,152.026296,1.8190011022829893,79.441,-99.299381,2.8832768994734472
대전,2025,2025-02-01,-2.3,18.6,404.482,57.554391,7.027821734748266,-2.8,-7.9,292.661,154.129957,1.8987937562326056,111.821,-96.575566,2.677987801139273
대전,2025,2025-03-01,38.9,1.9,474.529,53.057062,8.943748147984524,-1.4,-8.3,308.754,126.657714,2.4377038732911287,165.775,-73.600652,2.387198032186554
대전,2025,2025-04-01,23.3,5.9,406.941,60.555964,6.720081278864622,52.5,3.7,463.465,166.087908,2.790480087207793,-56.524,-105.531944,2.742717595908472
대전,2025,2025-05-01,-17.2,-9.9,317.84,51.641092,6.154788516091023,-41.8,-32.8,308.015,129.891327,2.371328456749079,9.825,-78.250235,2.515270726653108
대전,2025,2025-06-01,23.6,1.8,509.836,57.073612,8.932954865376315,4.6,14.3,386.194,155.64346,2.481273546604528,123.642,-98.569848,2.727065180314854
대전,2025,2025-07-01,-0.1,6.0,373.461,60.233592,6.200211337221927,2.4,-17.3,330.791,129.659453,2.551229334586195,42.67,-69.425861,2.1526103407547077
대전,2025,2025-08-01,-10.1,3.8,335.128,51.260207,6.537780856015662,-37.2,-4.1,329.682,153.880027,2.1424612825158915,5.446,-102.61982,3.001939243046756
대전,2025,2025-09-01,39.5,12.0,475.499,58.640684,8.108687818170743,12.0,30.6,367.627,149.855077,2.4532168503039773,107.872,-91.214393,2.55547969051657
대전,2025,2025-10-01,-8.4,-18.9,419.588,49.355208,8.501392598730412,-1.0,-3.6,356.788,181.025779,1.9709237102633876,62.8,-131.670571,3.667815137158372
대전,2025,2025-11-01,26.2,1.2,544.089,51.017625,10.664726160812071,-2.5,-24.3,290.534,99.386948,2.9232611107043955,253.555,-48.369323,1.9480904491340003
대전,2025,2025-12-01,8.3,5.7,387.258,58.669811,6.600634864837045,30.9,41.9,441.796,205.975569,2.1448951550171467,-54.538,-147.305758,3.510759034147903
대전,2026,2026-01-01,29.2,-1.3,460.079,52.020339,8.844213798760519,18.9,5.1,328.878,159.785186,2.0582508819059107,131.201,-107.764847,3.0715906330406653
대전,2026,2026-02-01,-23.3,-18.5,310.182,46.894775,6.614425594322609,4.5,2.8,305.73,158.462125,1.929356936239496,4.452,-111.56735,3.3790998037627857
대전,2026,2026-03-01,8.9,14.1,516.727,60.557851,8.532782974745917,33.4,32.1,411.969,167.284224,2.462688890495735,104.758,-106.726373,2.76238706026738
대전,2026,2026-04-01,-2.3,1.1,397.592,61.241541,6.4921945710020585,27.0,9.4,588.745,181.739292,3.239503100958488,-191.153,-120.497751,2.967581955522641
대전,2026,2026-05-01,4.3,-2.6,331.511,50.30718,6.58973530219742,22.2,17.0,376.359,151.916446,2.477407877222193,-44.848,-101.609266,3.0197766203551857
대전,2026,2026-06-01,6.3,-7.1,541.723,53.004323,10.22035504537998,-12.4,4.6,338.301,162.84157,2.0774854971000343,203.422,-109.837247,3.072231863050114
대전,2026,2026-07-01,4.8,-7.6,391.202,55.680256,7.025865685675009,10.4,61.2,365.112,208.955727,1.7473175071195823,26.09,-153.275471,3.752779566961761
부산,2000,2000-01-01,0.0,0.0,346.94,128.679352,2.6961590543290894,0.0,0.0,299.004,559.56005,0.5343555173390238,47.936,-430.880698,4.34848358577373
부산,2000,2000-02-01,0.0,0.0,300.91,105.319329,2.857120367715218,0.0,0.0,313.785,459.712774,0.6825675024640494,-12.875,-354.393445,4.3649421085848354
부산,2000,2000-03-01,0.0,0.0,424.696,171.388316,2.4779752197343488,0.0,0.0,329.811,625.649614,0.5271496898901628,94.885,-454.261298,3.6504799662072647
부산,2000,2000-04-01,0.0,0.0,377.128,148.068219,2.5469881555068885,0.0,0.0,355.331,550.618928,0.6453301583559075,21.797,-402.550709,3.7186840749398087
부산,2000,2000-05-01,0.0,0.0,438.366,182.926885,2.396400069896779,0.0,0.0,333.158,664.74026,0.5011852298520327,105.208,-481.813375,3.633912314201381
부산,2000,2000-06-01,0.0,0.0,435.139,171.905329,2.531271150994976,0.0,0.0,306.408,545.4503,0.5617523723059644,128.731,-373.544971,3.172969117205203
부산,2000,2000-07-01,0.0,0.0,373.976,131.736362,2.8388213726442517,0.0,0.0,374.944,532.882166,0.703615215375776,-0.968,-401.145804,4.045065143062019
부산,2000,2000-08-01,0.0,0.0,409.336,219.085738,1.868382687694623,0.0,0.0,321.58,548.891113,0.5858721199590637,87.756,-329.805375,2.5053712670242367
부산,2000,2000-09-01,0.0,0.0,373.506,270.876751,1.3788780270773404,0.0,0.0,338.124,569.064171,0.5941755204967912,35.382,-298.18742,2.1008232301191474
부산,2000,2000-10-01,0.0,0.0,482.908,365.252211,1.32212204459455,0.0,0.0,328.635,561.4296,0.5853538894279888,154.273,-196.177389,1.537101167609359
부산,2000,2000-11-01,0.0,0.0,401.608,147.628482,2.7203964611652647,0.0,0.0,358.413,485.51018,0.7382193304371084,43.195,-337.881698,3.288729745253358
부산,2000,2000-12-01,0.0,0.0,470.937,204.19016,2.306364812094765,0.0,0.0,326.218,438.595231,0.7437791771155852,144.719,-234.405071,2.147974373495765
부산,2001,2001-01-01,-15.4,-19.4,293.527,103.743161,2.8293624097303147,-2.5,-16.3,291.42,468.307573,0.6222833385613433,2.107,-364.564412,4.514105493662373
부산,2001,2001-02-01,10.4,8.2,332.303,113.965062,2.915832222334947,6.5,-6.5,334.312,430.016156,0.7774405573729188,-2.009,-316.051094,3.7732279389274574
부산,2001,2001-03-01,-12.7,-13.6,370.567,148.146303,2.50135840379358,-1.9,-22.5,323.414,484.733928,0.6671990164468125,47.153,-336.587625,3.2719947658768103
부산,2001,2001-04-01,8.2,39.8,408.17,206.993115,1.971901335945401,-13.7,-8.4,306.696,504.404343,0.6080360017835928,101.474,-297.411228,2.436817007174369
부산,2001,2001-05-01,0.6,25.9,440.998,230.313432,1.914773255604128,18.6,-26.4,395.136,489.104522,0.8078763990654741,45.862,-258.79109,2.1236474041166646
부산,2001,2001-06-01,-16.6,-3.9,362.893,165.278884,2.19564043038916,9.2,-6.0,334.616,512.657092,0.6527091992321449,28.277,-347.378208,3.101770048253714
부산,2001,2001-07-01,10.1,48.4,411.804,195.478025,2.106651118456921,-13.5,5.0,324.26,559.375059,0.5796826204223023,87.544,-363.897034,2.861575151478024
부산,2001,2001-08-01,-15.0,-25.8,347.982,162.539608,2.140905864618549,17.7,-3.8,378.392,528.084447,0.7165369140288277,-30.41,-365.544839,3.248958536924736
부산,2001,2001-09-01,22.3,-16.2,456.871,226.964126,2.0129656966140983,36.7,71.8,462.374,977.914127,0.4728165666431772,-5.503,-750.950001,4.308672671028196
부산,2001,2001-10-01,-19.5,-46.0,388.618,197.098684,1.9716925152072555,14.5,20.9,376.239,678.747712,0.5543134707465504,12.379,-481.649028,3.4436947940251086
부산,2001,2001-11-01,-14.6,-2.3,342.829,144.285311,2.376049215432609,9.2,59.7,391.566,775.501303,0.5049198479554328,-48.737,-631.215992,5.37477652870707
부산,2001,2001-12-01,-12.9,-12.9,410.16,177.808175,2.306755580838733,19.8,56.7,390.673,687.098148,0.56858398052326,19.487,-509.289973,3.864266353332742
부산,2002,2002-01-01,27.8,30.9,375.085,135.829457,2.761440767594322,33.0,54.7,387.56,724.695075,0.5347904427251696,-12.475,-588.865618,5.3353307228490205
부산,2002,2002-02-01,-17.7,-14.4,273.55,97.578758,2.803376529961572,17.8,83.0,393.677,787.114829,0.5001519289125221,-120.127,-689.536071,8.066456728215377
부산,2002,2002-03-01,12.0,21.0,415.193,179.301545,2.3156130640145904,22.6,64.8,396.611,798.902709,0.496444680349682,18.582,-619.601164,4.455637618738868
부산,2002,2002-04-01,0.0,-17.9,408.181,169.934189,2.4019945744996614,39.9,81.1,428.928,913.670596,0.4694558431428388,-20.747,-743.736407,5.376614331563379
부산,2002,2002-05-01,0.7,-20.2,444.037,183.801007,2.415857275471837,10.8,81.4,437.748,887.045481,0.4934899161049894,6.289,-703.244474,4.826118721971964
부산,2002,2002-06-01,3.8,-14.2,376.629,141.868484,2.6547756723755502,34.7,62.2,450.591,831.595576,0.5418391018472662,-73.962,-689.727092,5.861735831335168
부산,2002,2002-07-01,8.3,-14.5,445.928,167.151159,2.667812790936137,49.3,31.8,484.055,737.414879,0.6564215257717901,-38.127,-570.26372,4.41166476745758
부산,2002,2002-08-01,1.3,-21.4,352.632,127.74156,2.7605111445327584,30.4,65.4,493.27,873.287981,0.5648423094466016,-140.638,-745.546421,6.836365400579107
부산,2002,2002-09-01,-2.7,-22.6,444.628,175.680678,2.5308873181830505,-0.1,-14.9,461.719,831.860006,0.5550441139972295,-17.091,-656.179328,4.735068281100327
부산,2002,2002-10-01,1.5,-23.2,394.521,151.412752,2.6055995600687583,14.8,11.5,431.746,756.493276,0.5707202082256181,-37.225,-605.080524,4.996232259222129
부산,2002,2002-11-01,31.3,23.4,450.001,177.981409,2.528359577151117,27.1,16.6,497.638,904.291854,0.5503068481693965,-47.637,-726.310445,5.080821975063699
부산,2002,2002-12-01,11.2,8.2,456.021,192.333817,2.3709871051953386,16.0,16.5,453.331,800.310203,0.566444109172503,2.69,-607.976386,4.161047783916231
부산,2003,2003-01-01,-13.5,-12.4,324.532,119.050645,2.725999510544441,17.5,14.1,455.366,826.592649,0.5508952935292799,-130.834,-707.542004,6.943201769297428
부산,2003,2003-02-01,38.5,69.9,378.825,165.826975,2.284459449374868,-14.4,-30.8,337.125,544.904339,0.6186865764708106,41.7,-379.077364,3.2859813006900715
부산,2003,2003-03-01,0.3,10.2,416.316,197.601591,2.106845384660896,18.2,-18.5,468.891,651.321882,0.7199067204070997,-52.575,-453.720291,3.29613683120598
부산,2003,2003-04-01,7.9,10.1,440.301,187.089367,2.3534261035796864,12.0,-3.7,480.389,879.759924,0.5460455595838212,-40.088,-692.670557,4.702351277932326
부산,2003,2003-05-01,-17.3,-22.1,367.112,143.235379,2.562998070469727,9.9,-12.7,481.197,774.639921,0.6211879699910277,-114.085,-631.404542,5.408160514589067
부산,2003,2003-06-01,8.0,19.6,406.844,169.621777,2.3985363624624685,0.5,-6.5,452.83,777.953445,0.58207853298985,-45.986,-608.331668,4.586400748531245
부산,2003,2003-07-01,-1.8,5.6,437.775,176.550999,2.479595145196545,-2.4,11.4,472.533,821.40454,0.5752743952450031,-34.758,-644.853541,4.652505761238995
부산,2003,2003-08-01,1.9,13.0,359.351,144.335383,2.489694436186864,-16.3,-9.6,412.848,789.687057,0.5227995018284819,-53.497,-645.351674,5.471195216213893
부산,2003,2003-09-01,-22.7,-25.1,343.673,131.537339,2.612741010368166,-6.6,-24.0,431.07,632.405248,0.6816357096391458,-87.397,-500.867909,4.807800224695134
부산,2003,2003-10-01,24.0,29.9,489.267,196.719126,2.4871348808249585,28.1,27.0,552.955,960.898847,0.5754559928200226,-63.688,-764.179721,4.88462340464038
부산,2003,2003-11-01,-7.6,-10.9,415.937,158.629959,2.622058296062473,-15.0,-21.8,423.066,707.251194,0.5981835076265704,-7.129,-548.621235,4.458496985427576
부산,2003,2003-12-01,1.9,-7.7,464.557,177.535373,2.616701067229008,10.3,-7.3,499.798,742.210413,0.6733912530003806,-35.241,-564.67504,4.180633979911147
부산,2004,2004-01-01,27.0,77.9,412.05,211.738975,1.9460281225976463,3.7,-3.5,472.203,797.921692,0.5917911553656571,-60.153,-586.182717,3.768421434929493
부산,2004,2004-02-01,30.8,51.8,495.589,251.705571,1.9689234450833828,20.5,21.0,406.331,659.182432,0.6164166098407186,89.258,-407.476861,2.618863100173496
부산,2004,2004-03-01,26.4,27.9,526.361,252.715823,2.0828177426785026,26.9,51.6,594.836,987.472841,0.6023821368065352,-68.475,-734.757018,3.90744366252049
부산,2004,2004-04-01,32.6,44.5,583.631,270.312974,2.159093555013752,25.8,-0.4,604.369,876.549321,0.6894865873725319,-20.738,-606.236347,3.242720125597819
부산,2004,2004-05-01,33.1,37.1,488.72,196.373989,2.488720642121294,21.0,3.7,582.046,803.550677,0.7243426166636159,-93.326,-607.176688,4.091940491161485
부산,2004,2004-06-01,31.4,50.3,534.432,254.997859,2.09582936145358,29.9,5.4,588.27,819.640236,0.7177173278740796,-53.838,-564.642377,3.2143024228293617
부산,2004,2004-07-01,33.0,62.7,582.427,287.307819,2.0271881288410043,24.9,8.6,589.988,892.447084,0.66109017618797,-7.561,-605.139265,3.1062401542228826
부산,2004,2004-08-01,29.9,41.2,466.964,203.865076,2.290554170249347,23.0,-14.3,507.737,676.542724,0.7504877105144951,-40.773,-472.677648,3.318580785264073
부산,2004,2004-09-01,52.9,87.4,525.327,246.457888,2.131508162562848,22.9,12.7,529.755,712.811459,0.7431909143873625,-4.428,-466.353571,2.892224163667263
부산,2004,2004-10-01,25.3,40.9,613.072,277.088583,2.2125487573769864,1.2,-29.5,559.318,677.165077,0.8259699429242716,53.754,-400.076494,2.443857735560328
부산,2004,2004-11-01,53.2,81.2,637.398,287.502924,2.2170139737430983,47.8,3.4,625.275,731.137383,0.8552086304688377,12.123,-443.634459,2.543060685532367
부산,2004,2004-12-01,22.3,25.0,567.946,221.907772,2.5593785872447947,36.0,2.7,679.862,761.916936,0.8923046173106723,-111.916,-540.009164,3.4334846820957674
부산,2005,2005-01-01,29.7,13.7,534.367,240.702149,2.220034188394388,27.4,-3.6,601.732,768.897509,0.7825906482420403,-67.365,-528.19536,3.1943940350943856
부산,2005,2005-02-01,0.1,-10.7,495.999,224.765835,2.206736624362862,31.2,5.3,533.268,693.919467,0.7684868711141087,-37.269,-469.153632,3.08729957557829
부산,2005,2005-03-01,2.7,-19.6,540.671,203.164675,2.661245120491542,13.9,-19.3,677.288,796.767954,0.8500442275568728,-136.617,-593.603279,3.9217839124838014
부산,2005,2005-04-01,13.1,4.5,660.298,282.533243,2.337063040755172,10.5,-12.6,667.622,766.109681,0.8714444113649048,-7.324,-483.576438,2.7115735934832985
부산,2005,2005-05-01,0.5,-7.4,491.318,181.760616,2.7031048354281544,15.4,-8.0,671.417,739.148883,0.908365033678878,-180.099,-557.388267,4.066606392883264
부산,2005,2005-06-01,4.0,-15.2,555.734,216.252831,2.56983456554148,6.0,-14.0,623.691,704.898951,0.8847949044543265,-67.957,-488.64612,3.259605655752086
부산,2005,2005-07-01,-0.4,-15.2,580.043,243.687487,2.380274043369326,0.5,-29.7,592.756,627.511299,0.9446140666225676,-12.713,-383.823812,2.575065739834233
부산,2005,2005-08-01,13.0,11.9,527.562,228.137109,2.3124778003564512,4.8,-8.8,532.016,617.025686,0.8622266658765969,-4.454,-388.888577,2.7046265673507768
부산,2005,2005-09-01,5.5,-10.9,554.143,219.615436,2.5232424919348566,21.9,-14.5,645.785,609.168034,1.0601097955839225,-91.642,-389.552598,2.773794251875811
부산,2005,2005-10-01,-10.4,-20.7,549.352,219.600679,2.501595179493958,9.4,-5.7,611.807,638.3456,0.9584259686289056,-62.455,-418.744921,2.9068471140747247
부산,2005,2005-11-01,-0.3,0.4,635.748,288.59847,2.2028807013425955,0.0,-1.5,625.019,720.129207,0.8679261914730255,10.729,-431.530737,2.495263426032716
부산,2005,2005-12-01,12.2,14.3,637.391,253.621516,2.5131582290518284,-2.3,-13.9,663.919,655.760473,1.012441321695826,-26.528,-402.138957,2.5855869144792907
부산,2006,2006-01-01,-10.8,-22.7,476.674,186.005297,2.562690459293748,-1.8,-17.2,590.785,636.336487,0.9284160378501132,-114.111,-450.33119,3.421066481778742
부산,2006,2006-02-01,6.7,-2.0,529.095,220.323104,2.401450371723158,17.1,-2.7,624.28,675.018926,0.9248333283028572,-95.185,-454.695822,3.0637682283198044
부산,2006,2006-03-01,49.5,62.4,808.404,329.948801,2.450089218539091,3.8,-8.5,702.745,728.978465,0.9640133882418598,105.659,-399.029664,2.2093684316797986
부산,2006,2006-04-01,-18.0,-32.8,541.509,189.906243,2.851454441126509,0.6,-9.2,671.376,695.676252,0.9650695967698492,-129.867,-505.770009,3.663261623263223
부산,2006,2006-05-01,54.1,69.5,756.965,308.108182,2.4568156388654425,12.8,2.7,757.408,759.0292,0.9978641137916696,-0.443,-450.921018,2.463515233749943
부산,2006,2006-06-01,23.0,16.6,683.388,252.171513,2.7100126888638685,28.3,19.5,800.396,842.145652,0.9504246659697768,-117.008,-589.974139,3.339574886874712
부산,2006,2006-07-01,24.8,11.8,724.037,272.547688,2.656551612354899,11.5,2.7,661.155,644.257406,1.0262280166943087,62.882,-371.709718,2.3638336862354894
부산,2006,2006-08-01,17.5,-1.6,619.989,224.442612,2.76234978053098,30.5,14.7,694.289,707.86108,0.9808266333840532,-74.3,-483.418468,3.1538622443050164
부산,2006,2006-09-01,26.2,-4.2,699.194,210.459079,3.322232537186005,23.2,31.9,795.651,803.426591,0.9903219645863078,-96.457,-592.967512,3.8174955189269832
부산,2006,2006-10-01,30.2,188.8,715.483,634.274289,1.128034057833298,19.3,9.2,730.002,697.352559,1.046819131268148,-14.519,-63.07827,1.099449514340948
부산,2006,2006-11-01,9.7,416.1,697.686,1489.331235,0.4684558972537764,29.7,2.9,810.838,740.900746,1.0943949029307631,-113.152,748.430489,0.4974721059952791
부산,2006,2006-12-01,31.4,552.9,837.794,1655.926125,0.5059368213059625,21.6,1.0,807.015,662.178583,1.2187271239486763,30.779,993.747542,0.3998841331161437
부산,2007,2007-01-01,56.8,43.8,747.312,267.510443,2.793580660325848,37.9,22.3,814.565,778.192075,1.0467402922344076,-67.253,-510.681632,2.909015686539011
부산,2007,2007-02-01,56.3,33.8,827.236,294.787066,2.806215385311376,21.1,14.4,756.0,772.072529,0.9791826176993794,71.236,-477.285463,2.6190854961051784
부산,2007,2007-03-01,-5.9,-22.2,760.396,256.664715,2.9626043455174584,22.9,10.6,863.574,805.945825,1.0715037825278144,-103.178,-549.28111,3.1400725456165643
부산,2007,2007-04-01,50.2,36.1,813.61,258.462596,3.147882953245583,38.3,35.8,928.528,945.01555,0.9825531442313304,-114.918,-686.552954,3.656295203349269
부산,2007,2007-05-01,19.1,0.9,901.214,310.946202,2.8982955707559985,28.0,25.5,969.322,952.560574,1.017596178613204,-68.108,-641.614372,3.063425659722321
부산,2007,2007-06-01,4.5,-8.4,714.188,230.943647,3.092477360938186,7.5,-10.4,860.216,754.32877,1.1403727846678842,-146.028,-523.385123,3.266289329881414
부산,2007,2007-07-01,35.1,22.8,978.229,334.707672,2.9226369212116534,54.3,38.6,1019.845,893.13349,1.141872980264126,-41.616,-558.425818,2.668398619796202
부산,2007,2007-08-01,20.6,1.9,747.931,228.649887,3.271075310000044,27.7,3.4,886.495,731.748066,1.2114756993426752,-138.564,-503.098179,3.200299268024567
부산,2007,2007-09-01,19.9,31.9,838.214,277.524912,3.020319847898916,2.8,-15.0,817.841,683.035349,1.1973626272745073,20.373,-405.510437,2.4611676987037474
부산,2007,2007-10-01,19.7,-54.7,856.549,287.47385,2.9795718810597904,37.9,36.3,1006.653,950.302166,1.0592978065463023,-150.104,-662.828316,3.305699513190504
부산,2007,2007-11-01,22.5,-81.9,854.9,269.943048,3.16696431463573,50.4,32.0,1219.244,977.729033,1.2470162579287958,-364.344,-707.785985,3.621982637611768
부산,2007,2007-12-01,33.7,-78.4,1119.925,357.731067,3.130633884811576,40.6,25.7,1134.696,832.587831,1.3628544133741969,-14.771,-474.856764,2.327412706931601
부산,2008,2008-01-01,12.9,11.7,843.675,298.876412,2.822822297532132,47.8,33.8,1204.143,1040.962765,1.1567589547739492,-360.468,-742.086353,3.4829204420454567
부산,2008,2008-02-01,5.8,-2.8,875.043,286.648707,3.052666830972309,41.3,11.5,1068.348,860.996982,1.2408266490299962,-193.305,-574.348275,3.0036660238624413
부산,2008,2008-03-01,43.6,41.3,1091.73,362.655703,3.010375932237856,44.3,14.2,1246.127,920.287776,1.3540623188718743,-154.397,-557.632073,2.537634920358608
부산,2008,2008-04-01,40.4,36.9,1142.099,353.785885,3.228220933687052,47.2,13.9,1366.582,1076.493941,1.269474864605857,-224.483,-722.708056,3.0427837475765886
부산,2008,2008-05-01,36.6,27.9,1230.864,397.734225,3.0946896762530307,36.1,-6.2,1318.945,893.114682,1.476792428321092,-88.081,-495.380457,2.2455062347224457
부산,2008,2008-06-01,56.5,26.5,1117.784,292.087359,3.8268824910016046,46.2,21.1,1257.656,913.427351,1.3768538884051875,-139.872,-621.339992,3.127240268552669
부산,2008,2008-07-01,40.3,17.1,1372.276,391.940514,3.501235394103708,47.4,10.6,1503.387,987.795539,1.521961722485568,-131.111,-595.855025,2.520269029906921
부산,2008,2008-08-01,39.5,22.1,1042.998,279.152861,3.736297010403917,60.1,24.5,1419.365,911.391986,1.557359535527011,-376.367,-632.239125,3.2648491680692464
부산,2008,2008-09-01,22.4,1.9,1026.146,282.694652,3.629874115906515,73.8,35.7,1421.628,927.195548,1.533255852086986,-395.482,-644.500896,3.2798482088016296
부산,2008,2008-10-01,39.0,14.7,1190.812,329.600949,3.612890083031891,31.4,-14.5,1322.278,812.693595,1.6270314028991455,-131.466,-483.092646,2.465689487441373
부산,2008,2008-11-01,0.6,4.8,859.915,282.779542,3.040937805889791,-21.5,-38.1,956.821,605.219672,1.580948280874783,-96.906,-322.44013,2.140252677826319
부산,2008,2008-12-01,-4.8,0.6,1066.388,359.870766,2.9632526472016902,-16.1,-29.8,952.142,584.292794,1.6295631398801744,114.246,-224.422028,1.6236183908308908
부산,2009,2009-01-01,-6.2,-11.8,791.723,263.634877,3.0031041757802024,-34.3,-61.0,791.488,405.597317,1.9514133028646243,0.235,-141.96244,1.538481257166896
부산,2009,2009-02-01,-19.5,-28.6,704.596,204.526442,3.4450117701651504,-15.4,-46.5,903.621,460.322349,1.963017876414252,-199.025,-255.795907,2.250674017983455
부산,2009,2009-03-01,-22.7,-22.1,843.641,282.607249,2.985206511811733,-30.8,-43.3,862.527,522.199643,1.6517188618606544,-18.886,-239.592394,1.847792810863107
부산,2009,2009-04-01,-37.5,-35.8,713.807,227.280698,3.140640653963497,-46.2,-51.5,735.727,522.281863,1.4086780570436923,-21.92,-295.001165,2.297959604999101
부산,2009,2009-05-01,-53.1,-49.6,577.529,200.479322,2.880740987342325,-46.3,-35.4,707.984,576.791227,1.2274527885633046,-130.455,-376.311905,2.8770609419758517
부산,2009,2009-06-01,-20.9,4.2,883.647,304.292955,2.9039351239663107,-38.2,-32.6,776.805,615.494146,1.2620834902303035,106.842,-311.201191,2.022702582779151
부산,2009,2009-07-01,-46.5,-28.6,734.674,279.655927,2.627063934890248,-41.6,-38.4,877.344,608.154668,1.442633011245751,-142.67,-328.498741,2.174653240944899
부산,2009,2009-08-01,-38.9,-22.4,637.653,216.718191,2.942314150269001,-35.6,-34.0,913.783,601.297854,1.519684452424472,-276.13,-384.579663,2.774561061189367
부산,2009,2009-09-01,-2.1,18.8,1004.976,335.807615,2.9927135511801897,-26.7,-20.4,1041.471,737.609793,1.4119538675918857,-36.495,-401.802178,2.1965249150171893
부산,2009,2009-10-01,-33.6,-31.7,790.177,225.104056,3.5102743772862093,-28.1,-1.9,950.76,797.537752,1.1921191161368372,-160.583,-572.433696,3.542973708123678
부산,2009,2009-11-01,16.5,26.9,1001.65,358.819873,2.791512052065188,9.6,20.4,1048.942,728.953565,1.438969572773816,-47.292,-370.133692,2.031530636543088
부산,2009,2009-12-01,-23.7,-26.2,813.312,265.569079,3.0625252121313413,9.2,30.4,1039.51,761.646965,1.3648186729136378,-226.198,-496.077886,2.867980594231756
부산,2010,2010-01-01,-3.3,9.4,765.854,288.47631,2.6548245850759806,18.8,77.0,940.183,718.077584,1.309305597262593,-174.329,-429.601274,2.4892081571620213
부산,2010,2010-02-01,2.7,22.5,723.486,250.56809,2.8873828267597843,15.3,41.7,1041.829,652.100502,1.5976509706781363,-318.343,-401.532412,2.6024882178732334
부산,2010,2010-03-01,13.6,5.6,958.238,298.301684,3.21231173472021,31.1,51.4,1130.483,790.633084,1.4298453010347338,-172.245,-492.3314,2.6504479404816235
부산,2010,2010-04-01,37.0,49.5,977.71,339.723564,2.8779575619900184,53.4,46.4,1128.512,764.568752,1.4760111462154026,-150.802,-424.845188,2.2505614358855603
부산,2010,2010-05-01,120.0,96.6,1270.53,394.213503,3.222948961238398,43.5,26.7,1015.845,730.725066,1.39018770159446,254.685,-336.511563,1.853627692707421
부산,2010,2010-06-01,25.2,19.7,1106.549,364.169391,3.03855575824603,39.4,17.7,1082.548,724.691999,1.4938042664936335,24.001,-360.522608,1.9899860254866943
부산,2010,2010-07-01,51.0,30.8,1109.174,365.704256,3.032980835749421,12.1,4.3,983.887,634.281907,1.5511825091362728,125.287,-268.577651,1.734412155706495
부산,2010,2010-08-01,27.4,24.6,812.453,269.97239,3.00939292347636,-0.6,-8.9,908.478,548.065163,1.657609462033988,-96.025,-278.092773,2.030078568404717
부산,2010,2010-09-01,10.0,17.4,1105.911,394.333103,2.8045096685682003,-8.1,-18.8,957.002,598.607189,1.5987145119301265,148.909,-204.274086,1.5180241893108324
부산,2010,2010-10-01,44.6,61.6,1142.986,363.680924,3.142826374913192,8.2,-18.5,1028.582,649.772799,1.5829871634869714,114.404,-286.091875,1.7866562586054142
부산,2010,2010-11-01,8.6,-11.5,1087.401,317.453224,3.4253896882773507,3.7,-6.6,1087.726,681.121184,1.5969639846057115,-0.325,-363.66796,2.1455796712904074
부산,2010,2010-12-01,61.5,84.0,1313.875,488.670539,2.688672418616994,12.0,-15.4,1164.09,644.082022,1.807362975891291,149.785,-155.411483,1.3180291640212836
부산,2011,2011-01-01,56.8,13.9,1200.557,328.483259,3.6548498807971215,30.6,-5.0,1228.007,682.281662,1.799853445276974,-27.45,-353.798403,2.0770667706995685
부산,2011,2011-02-01,32.7,27.8,960.413,320.217584,2.9992512840893832,-1.8,-12.8,1023.306,568.942247,1.7986113799701713,-62.893,-248.724663,1.7767364299394626
부산,2011,2011-03-01,33.9,20.5,1282.796,359.36264,3.5696420752029203,21.9,3.0,1378.581,814.202031,1.6931682156415548,-95.785,-454.839391,2.265683575231972
부산,2011,2011-04-01,19.8,-1.1,1171.181,336.037085,3.4852730614539165,20.1,3.8,1355.084,793.939529,1.7067849004908282,-183.903,-457.902444,2.3626544939228955
부산,2011,2011-05-01,-2.0,5.7,1245.469,416.743034,2.9885778486701717,26.5,3.9,1285.472,759.578895,1.692348231976614,-40.003,-342.835861,1.822655288822416
부산,2011,2011-06-01,18.6,2.5,1312.88,373.417187,3.5158531682688725,15.7,0.1,1252.245,725.346923,1.7264083713497742,60.635,-351.929736,1.9424572522421149
부산,2011,2011-07-01,0.9,-13.3,1119.038,317.10028,3.528971970633391,27.1,-1.8,1250.998,622.569498,2.0094110039422457,-131.96,-305.469218,1.963320555882196
부산,2011,2011-08-01,44.2,8.1,1171.288,291.919207,4.012370450156779,42.2,40.0,1292.146,767.269287,1.684084091326335,-120.858,-475.35008,2.62836178162131
부산,2011,2011-09-01,29.4,-16.5,1431.069,329.43995,4.343944928354925,26.6,10.0,1211.291,658.450719,1.839607680647092,219.778,-329.010769,1.9986972405744965
부산,2011,2011-10-01,1.0,-8.1,1154.736,334.36,3.453571001315947,6.0,-7.4,1090.463,601.43036,1.8131159856978287,64.273,-267.07036,1.798750927144395
부산,2011,2011-11-01,20.9,25.2,1314.888,397.508972,3.307819678595833,11.3,-2.0,1210.28,667.40412,1.8134140376598216,104.608,-269.895148,1.6789661794099078
부산,2011,2011-12-01,-8.9,-23.8,1197.287,372.137311,3.21732587571688,-3.4,-6.2,1124.286,604.392968,1.8601904051272813,73.001,-232.255657,1.6241127942153588
부산,2012,2012-01-01,-21.7,-12.6,939.553,287.158179,3.271900536742156,-0.2,-6.0,1225.185,641.30436,1.910457929835375,-285.632,-354.146181,2.233279101550508
부산,2012,2012-02-01,24.5,9.5,1195.586,350.51399,3.410950872460184,4.2,18.0,1065.859,671.415171,1.5874812575541282,129.727,-320.901181,1.9155160425979003
부산,2012,2012-03-01,-5.6,-5.7,1210.902,339.020313,3.57176827926532,-5.8,1.2,1298.702,824.100814,1.575901853192442,-87.8,-485.080501,2.430830196301541
부산,2012,2012-04-01,-1.7,5.9,1151.07,355.711968,3.2359608434653517,-13.4,-12.8,1172.868,692.371512,1.6939865082143934,-21.798,-336.659544,1.9464386196868133
부산,2012,2012-05-01,-2.6,-2.4,1213.5,406.821401,2.9828814241756176,-2.9,5.6,1248.468,801.863317,1.5569586156788864,-34.968,-395.041916,1.9710450704632425
부산,2012,2012-06-01,-11.0,-0.7,1168.728,370.680624,3.1529244431184518,-15.4,-13.1,1059.119,630.600116,1.6795413973567996,109.609,-259.919492,1.7011952477990864
부산,2012,2012-07-01,5.4,11.1,1179.719,352.254082,3.3490570025530606,-1.3,25.6,1234.131,781.898973,1.5783765455847452,-54.412,-429.644891,2.219701666934835
부산,2012,2012-08-01,-11.8,1.3,1033.21,295.707233,3.4940301916794847,-14.2,-11.5,1108.834,678.89336,1.633296280876867,-75.624,-383.186127,2.295829402319692
부산,2012,2012-09-01,-19.6,6.4,1150.388,350.630604,3.2809115544289456,-8.7,3.3,1105.952,680.192781,1.6259390438899703,44.436,-329.562177,1.9399127550200952
부산,2012,2012-10-01,-4.6,3.2,1101.082,344.895785,3.192506397258523,3.8,22.6,1132.206,737.333619,1.5355409964020643,-31.124,-392.437834,2.137844679661713
부산,2012,2012-11-01,-13.9,-20.4,1132.282,316.352311,3.5791804283674096,-11.5,2.4,1071.57,683.157847,1.5685540387271582,60.712,-366.805536,2.1594842940786987
부산,2012,2012-12-01,-9.7,-11.6,1080.695,329.046034,3.284327687718005,-6.5,5.5,1051.258,637.663269,1.648609934281788,29.437,-308.617235,1.9379150730016093
부산,2013,2013-01-01,2.8,-2.6,965.49,279.762825,3.4511018395671407,9.2,20.6,1337.931,773.354729,1.730035325095943,-372.441,-493.591904,2.76432270441936
부산,2013,2013-02-01,-11.4,2.8,1059.522,360.2898,2.940749363429106,-6.2,-0.7,999.873,666.807088,1.499493658651691,59.649,-306.517288,1.850752055706268
부산,2013,2013-03-01,0.2,7.3,1213.2,363.728391,3.335455878669641,-13.5,-12.9,1123.942,717.434463,1.5666127820235478,89.258,-353.706072,1.9724455960876588
부산,2013,2013-04-01,-3.4,-15.6,1111.734,300.089873,3.704670167260193,3.0,7.1,1207.936,741.827785,1.6283240186265064,-96.202,-441.737912,2.472018724203999
부산,2013,2013-05-01,-2.4,-15.8,1184.609,342.666581,3.4570310198997785,-10.3,-19.8,1119.891,643.001724,1.741660960150085,64.718,-300.335143,1.8764646442134372
부산,2013,2013-06-01,-12.0,-19.3,1028.152,299.067686,3.437857208016783,-9.6,-5.1,957.722,598.553882,1.600059792110746,70.43,-299.486196,2.0013993822120923
부산,2013,2013-07-01,0.0,3.9,1179.671,365.981476,3.2233079468754315,-4.8,-15.8,1175.248,658.479652,1.7847901547609248,4.423,-292.498176,1.7992157941895397
부산,2013,2013-08-01,4.3,7.9,1077.738,318.952467,3.3789925192834454,-0.8,-2.4,1100.039,662.561009,1.6602833324893105,-22.301,-343.608542,2.07730328983472
부산,2013,2013-09-01,-13.6,-20.8,993.997,277.661074,3.579893233431777,-8.4,-9.7,1012.932,614.094955,1.649471293897863,-18.935,-336.433881,2.2116710353140823
부산,2013,2013-10-01,10.5,-7.8,1216.286,318.143692,3.823071242914978,7.4,-5.8,1215.737,694.699953,1.750017392040906,0.549,-376.556261,2.183604360132968
부산,2013,2013-11-01,2.4,-5.3,1159.9,299.476486,3.873092059721844,3.7,-6.3,1110.683,640.306674,1.7346109998534858,49.217,-340.830188,2.138086640965862
부산,2013,2013-12-01,-0.7,-16.4,1072.819,274.960385,3.901722060797958,5.5,11.3,1108.93,709.685569,1.5625652379582204,-36.111,-434.725184,2.5810466078595287
부산,2014,2014-01-01,3.6,-6.2,1000.225,262.354164,3.812499046136733,-12.2,-5.0,1175.32,734.823621,1.5994586543101883,-175.095,-472.469457,2.800884155206319
부산,2014,2014-02-01,-6.0,-31.4,995.535,247.319443,4.025300186366666,-1.2,-5.0,987.888,633.546188,1.5592990988054054,7.647,-386.226745,2.56165136195944
부산,2014,2014-03-01,-3.6,-12.3,1169.922,319.008098,3.6673739862240113,5.4,0.8,1184.162,722.907519,1.638054618159256,-14.24,-403.899421,2.2661102446371126
부산,2014,2014-04-01,11.4,14.4,1238.928,343.425677,3.60755785887262,10.1,5.0,1329.727,778.680309,1.7076674273523975,-90.799,-435.254632,2.2673910576581613
부산,2014,2014-05-01,-1.7,-6.2,1164.564,321.265484,3.624927226853913,12.5,13.0,1260.298,726.838282,1.7339455436113091,-95.734,-405.572798,2.262422570113383
부산,2014,2014-06-01,8.8,5.6,1118.133,315.792523,3.540720310214565,28.1,20.3,1227.056,719.967494,1.7043213898209688,-108.923,-404.174971,2.2798750494798763
부산,2014,2014-07-01,15.2,1.0,1359.056,369.652432,3.676578002332743,14.1,9.1,1340.452,718.077744,1.8667226650600663,18.604,-348.425312,1.9425754623467484
부산,2014,2014-08-01,3.5,-15.2,1115.669,270.610981,4.122778003602153,13.2,1.9,1244.902,675.355692,1.8433279155660096,-129.233,-404.744711,2.495669944746256
부산,2014,2014-09-01,31.2,19.1,1303.708,330.5709,3.943807516027576,27.0,26.7,1286.234,778.280033,1.6526622108523243,17.474,-447.709133,2.354351314649898
부산,2014,2014-10-01,21.4,31.6,1476.562,418.609235,3.527303930597709,9.6,13.4,1332.335,787.978857,1.690825823769533,144.227,-369.369622,1.882373323655891
부산,2014,2014-11-01,10.7,7.5,1283.436,321.828143,3.987954527643656,13.5,13.9,1261.01,729.202704,1.7292996763215511,22.426,-407.374561,2.265813975131441
부산,2014,2014-12-01,37.6,32.5,1476.271,364.242945,4.052984471669039,14.0,6.9,1264.633,758.461008,1.667367190483179,211.638,-394.218063,2.082294299481902
부산,2015,2015-01-01,28.1,17.0,1281.646,306.895785,4.176160321002779,7.1,1.0,1259.226,741.828809,1.6974617118165871,22.42,-434.933024,2.417201034546629
부산,2015,2015-02-01,15.3,11.8,1147.601,276.397708,4.151991737934383,7.8,-5.6,1064.477,598.228232,1.7793827557105328,83.124,-321.830524,2.164374792861886
부산,2015,2015-03-01,24.1,16.7,1451.366,372.397064,3.897361553849415,8.9,0.0,1289.092,723.255569,1.78234645573811,162.274,-350.858505,1.942162382354336
부산,2015,2015-04-01,18.9,-2.7,1472.861,334.094922,4.408510584904969,3.5,-12.2,1376.287,683.901389,2.0124056218286173,96.574,-349.806467,2.0470271888777765
부산,2015,2015-05-01,12.7,2.0,1312.044,327.78866,4.00271321161629,-2.4,-2.9,1230.582,705.711167,1.7437473821354452,81.462,-377.922507,2.152945641865707
부산,2015,2015-06-01,16.8,8.8,1306.068,343.474918,3.802513463297486,-2.8,-3.6,1192.687,694.357861,1.717683441046259,113.381,-350.882943,2.0215678776288404
부산,2015,2015-07-01,-2.0,-10.6,1332.215,330.603816,4.029641932505704,-6.3,8.6,1256.188,779.983877,1.6105307263934636,76.027,-449.380061,2.3592706413285924
부산,2015,2015-08-01,-0.2,39.4,1113.966,377.223295,2.953067890465248,-8.6,12.1,1138.23,757.354986,1.5029015732920783,-24.264,-380.131691,2.007710011652382
부산,2015,2015-09-01,0.3,-9.5,1307.501,299.168436,4.370451032474563,-20.9,-12.9,1016.861,677.940687,1.4999262022460675,290.64,-378.772251,2.2660836018141968
부산,2015,2015-10-01,-13.9,-13.7,1271.149,361.346104,3.5178157061297664,-7.8,-5.5,1228.02,744.661573,1.6490981199052688,43.129,-383.315469,2.060798676827577
부산,2015,2015-11-01,-5.3,-9.2,1214.973,292.325042,4.156239888610022,-14.5,-1.7,1077.637,716.692696,1.503624923226509,137.336,-424.367654,2.451697915090012
부산,2015,2015-12-01,-7.4,-8.3,1367.296,333.975196,4.0940046338052,-1.3,1.7,1247.985,771.703056,1.6171829180886386,119.311,-437.72786,2.310659789237761
부산,2016,2016-01-01,-16.5,-12.5,1069.545,268.631471,3.9814583005429034,-12.7,-3.9,1099.189,713.142068,1.5413324347596895,-29.644,-444.510597,2.654722714897392
부산,2016,2016-02-01,-2.3,0.0,1120.833,276.503544,4.053593613252205,-2.4,10.4,1039.337,660.213566,1.574243628916889,81.496,-383.710022,2.3877218948050807
부산,2016,2016-03-01,-7.2,-12.5,1346.538,325.721733,4.134013372696872,-6.9,15.5,1199.745,835.390787,1.436148229870292,146.793,-509.669054,2.564737634501042
부산,2016,2016-04-01,-15.1,-5.5,1251.141,315.606222,3.964246940606893,-13.5,6.3,1190.42,727.017219,1.6374027586821158,60.721,-411.410997,2.303557941262641
부산,2016,2016-05-01,-16.6,-13.1,1094.704,284.949562,3.841746561449356,-4.0,10.7,1180.939,780.930052,1.512221225160381,-86.235,-495.98049,2.7405904628132047
부산,2016,2016-06-01,-11.9,-10.3,1150.504,308.177644,3.733249385214977,-7.2,11.5,1106.538,773.88165,1.4298542936119496,43.966,-465.704006,2.511154410668413
부산,2016,2016-07-01,-11.6,-8.7,1177.862,301.700677,3.904074766129875,-8.6,-2.5,1148.571,760.763766,1.5097603899289809,29.291,-459.063089,2.521584550504671
부산,2016,2016-08-01,-2.6,-17.5,1085.451,311.309946,3.486721236975834,-0.8,1.6,1128.946,769.172112,1.467741721764348,-43.495,-457.862166,2.470759838813502
부산,2016,2016-09-01,-18.3,18.7,1067.855,354.988488,3.008139801987044,3.0,-2.5,1047.27,660.829237,1.5847815764846374,20.585,-305.840749,1.8615511751468403
부산,2016,2016-10-01,-9.2,-15.7,1154.101,304.523334,3.789860648248387,-8.9,0.4,1118.132,747.674252,1.4954801466133676,35.969,-443.150918,2.4552281172647348
부산,2016,2016-11-01,3.1,16.5,1252.898,340.639767,3.678073206291266,10.2,7.7,1187.952,772.050171,1.538697930033876,64.946,-431.410404,2.266471051807642
부산,2016,2016-12-01,-4.7,3.9,1302.805,347.151782,3.7528397304899914,-10.8,-11.4,1112.931,683.878126,1.6273820695355885,189.874,-336.726344,1.969968646164115
부산,2017,2017-01-01,3.2,14.3,1103.64,307.100779,3.5937388488356783,6.4,7.9,1169.856,769.216071,1.5208418597900044,-66.216,-462.115292,2.5047675668709397
부산,2017,2017-02-01,5.3,37.8,1180.069,380.988916,3.0973840719292736,1.4,11.4,1054.282,735.204732,1.43399784320213,125.787,-354.215816,1.9297273519631737
부산,2017,2017-03-01,-2.1,14.5,1317.811,372.820305,3.534708228941554,6.2,0.3,1273.84,837.839495,1.5203866702416553,43.971,-465.01919,2.24730113613313
부산,2017,2017-04-01,2.6,5.7,1283.384,333.570651,3.847412822898499,3.0,4.3,1226.407,758.546725,1.6167850437954234,56.977,-424.976074,2.27402117879969
부산,2017,2017-05-01,4.2,8.1,1140.796,308.167041,3.7018754383925176,6.1,-2.5,1252.544,761.223605,1.6454350492717578,-111.748,-453.056564,2.4701655392148183
부산,2017,2017-06-01,19.3,6.5,1372.373,328.277379,4.180528686382622,9.2,0.0,1208.11,774.057422,1.5607498431815308,164.263,-445.780043,2.357937133402055
부산,2017,2017-07-01,4.5,5.1,1230.824,317.007744,3.882630703179289,3.0,-2.7,1182.809,740.371868,1.5975877138540873,48.015,-423.364124,2.3355008892148703
부산,2017,2017-08-01,11.0,3.7,1204.628,322.760222,3.732269089838462,6.3,-3.9,1200.153,738.899956,1.624242890061831,4.475,-416.139734,2.2893154287147564
부산,2017,2017-09-01,39.6,-1.1,1490.487,351.069384,4.245562466933887,16.2,15.2,1216.836,761.360817,1.598238276556856,273.651,-410.291433,2.168690440405934
부산,2017,2017-10-01,-10.6,-14.5,1032.151,260.495522,3.962260049905964,-4.2,-20.2,1071.091,596.899213,1.7944252173105144,-38.94,-336.403691,2.291399131997363
부산,2017,2017-11-01,9.8,48.3,1376.018,505.25083,2.72343540732036,10.1,0.7,1308.244,777.262025,1.6831441108936205,67.774,-272.011195,1.538368625737834
부산,2017,2017-12-01,2.2,22.2,1331.926,424.183009,3.139979611960365,16.7,18.8,1299.144,812.458132,1.5990288592495745,32.782,-388.275123,1.915348127487115
부산,2018,2018-01-01,23.0,37.5,1357.98,422.359647,3.2152219314644896,19.5,3.0,1398.231,791.989406,1.7654667971657187,-40.251,-369.629759,1.8751540579822483
부산,2018,2018-02-01,-7.3,-29.2,1094.06,269.896051,4.053634708423355,6.9,-16.3,1127.231,615.065609,1.8327004200945332,-33.171,-345.169558,2.2788981414181566
부산,2018,2018-03-01,3.6,-13.1,1364.634,323.91231,4.212973566827392,1.1,-20.6,1287.688,664.867539,1.9367587142797775,76.946,-340.955229,2.052615842232115
부산,2018,2018-04-01,5.2,45.9,1349.497,486.773341,2.7723313631508018,10.4,-7.4,1354.19,702.283366,1.9282672288154408,-4.693,-215.510025,1.4427317744173669
부산,2018,2018-05-01,7.7,8.2,1228.678,333.320451,3.686176459661637,3.4,-9.4,1295.451,689.690476,1.8783077990481047,-66.773,-356.370025,2.069151394493943
부산,2018,2018-06-01,-7.6,-10.2,1267.944,294.928092,4.299163200770987,-0.7,-21.6,1199.156,607.113263,1.9751767472093589,68.788,-312.185171,2.058512835732176
부산,2018,2018-07-01,-1.8,3.6,1208.455,328.482635,3.678900712666288,9.0,-9.0,1289.385,674.074362,1.912823084050184,-80.93,-345.591727,2.0520852251443977
부산,2018,2018-08-01,-10.9,1.8,1073.319,328.675338,3.2655903133200703,-8.8,-21.0,1094.221,583.384526,1.87564282430076,-20.902,-254.709188,1.7749567994663475
부산,2018,2018-09-01,-31.8,-19.3,1016.505,283.452199,3.58616021885228,-12.4,-24.1,1065.959,577.900356,1.844537711272841,-49.454,-294.448157,2.0387929888665286
부산,2018,2018-10-01,12.0,24.7,1156.39,324.931303,3.55887533556593,22.6,23.3,1312.622,736.273198,1.7827920445367074,-156.232,-411.341895,2.265934956719144
부산,2018,2018-11-01,-12.1,-39.7,1208.909,304.687692,3.9676988330726535,-7.1,-4.7,1215.395,740.554128,1.6411967120923263,-6.486,-435.866436,2.430535093619732
부산,2018,2018-12-01,-18.9,-33.3,1080.701,283.066792,3.817830386829692,-10.7,-19.3,1159.54,655.272888,1.769552840098582,-78.839,-372.206096,2.3149055506306087
부산,2019,2019-01-01,-12.0,-8.4,1195.54,387.059665,3.088774439982012,-1.5,0.4,1377.268,795.453335,1.7314252633059863,-181.728,-408.39367,2.0551181301725148
부산,2019,2019-02-01,-8.1,-5.6,1005.977,254.800333,3.948099235804374,-18.0,2.2,924.195,628.610654,1.4702184796250686,81.782,-373.810321,2.4670715559857608
부산,2019,2019-03-01,-17.7,25.5,1123.273,406.36396,2.764204286226564,-11.3,4.1,1142.762,691.870675,1.6516988525348324,-19.489,-285.506715,1.7025886719875454
부산,2019,2019-04-01,-12.2,-39.2,1184.517,296.188075,3.999205572337779,-4.5,24.2,1292.614,872.324315,1.4818043906067206,-108.097,-576.13624,2.9451702773651505
부산,2019,2019-05-01,-2.9,32.4,1193.437,441.247914,2.704685874163702,-7.4,4.9,1199.02,723.492745,1.6572661001597189,-5.583,-282.244831,1.6396513661478749
부산,2019,2019-06-01,-6.7,21.8,1183.306,359.302832,3.293338918074545,-8.3,18.1,1099.552,716.771867,1.5340334221013727,83.754,-357.469035,1.9948962356077395
부산,2019,2019-07-01,3.6,24.5,1251.773,408.921299,3.061158719443469,-4.8,1.2,1227.187,681.826786,1.7998515534999824,24.586,-272.905487,1.6673789985197127
부산,2019,2019-08-01,4.3,-5.3,1119.185,311.104616,3.597455461734454,0.2,20.2,1096.526,701.105833,1.5639949753491782,22.659,-390.001217,2.253601511974994
부산,2019,2019-09-01,3.5,-5.3,1052.081,268.56481,3.91741941172412,-6.1,3.1,1001.012,595.755765,1.680238881112632,51.069,-327.190955,2.218294217325047
부산,2019,2019-10-01,8.0,-11.6,1248.762,287.149633,4.348819766731166,-14.5,-4.0,1122.249,707.000666,1.5873379672318442,126.513,-419.851033,2.4621332739087984
부산,2019,2019-11-01,-6.5,-8.4,1130.657,279.193679,4.049722773272385,-4.8,0.9,1157.325,746.977522,1.549343810107314,-26.668,-467.783843,2.675481496126565
부산,2019,2019-12-01,14.4,39.8,1235.808,395.794236,3.122349664536297,-0.1,4.3,1158.61,683.285121,1.6956464649842713,77.198,-287.490885,1.7263645067332412
부산,2020,2020-01-01,-19.5,-23.7,962.383,295.418789,3.2576905594180063,-19.5,-20.2,1108.797,635.066706,1.7459535975107472,-146.414,-339.647917,2.149716706069092
부산,2020,2020-02-01,-1.2,16.9,994.237,297.772702,3.338912510522875,-11.4,-11.8,819.237,554.220354,1.4781792009031844,175.0,-256.447652,1.861219481428489
부산,2020,2020-03-01,-1.6,-9.1,1105.238,369.507219,2.991113415838298,-1.8,2.4,1122.664,708.627226,1.5842800824025918,-17.426,-339.120007,1.917762873260671
부산,2020,2020-04-01,-23.3,-4.7,908.074,282.269999,3.2170404336877474,-14.4,-14.8,1106.415,743.053117,1.4890119894349356,-198.341,-460.783118,2.632419738663052
부산,2020,2020-05-01,-37.8,-48.0,741.84,229.635086,3.230516786097748,-18.9,-7.1,972.276,671.855737,1.4471499556459098,-230.436,-442.220651,2.9257538501760134
부산,2020,2020-06-01,-31.9,-33.6,805.264,238.432265,3.377328148101097,-5.5,-12.1,1038.876,630.017696,1.648963206265241,-233.612,-391.585431,2.642334064980677
부산,2020,2020-07-01,-23.7,-35.4,954.936,264.148873,3.615143192376975,-13.6,-8.7,1060.711,622.580959,1.7037318354607758,-105.775,-358.432086,2.3569321039654785
부산,2020,2020-08-01,-27.7,-21.5,808.828,244.084137,3.313726200896046,-14.3,-17.2,939.896,580.578465,1.6188957335852958,-131.068,-336.494328,2.378599740793479
부산,2020,2020-09-01,-3.9,12.8,1010.94,302.979909,3.336656887041312,-0.3,-1.8,997.575,585.181961,1.7047261646535956,13.365,-282.202052,1.931421667302699
부산,2020,2020-10-01,-29.6,-7.9,879.31,264.441698,3.325156382863644,-12.9,-16.0,977.395,594.220246,1.6448362481408956,-98.085,-329.778548,2.2470746878958554
부산,2020,2020-11-01,-8.3,22.0,1036.686,340.592315,3.0437739031193347,-5.3,-21.1,1096.422,589.285525,1.8605955067367383,-59.736,-248.69321,1.7301785714102211
부산,2020,2020-12-01,-10.0,-3.1,1112.191,383.502643,2.900086923260135,-2.6,13.3,1128.198,774.182784,1.4572760119656705,-16.007,-390.680141,2.0187156415503504
부산,2021,2021-01-01,-0.9,-14.2,953.726,253.600398,3.7607433092435447,-5.5,-4.4,1047.594,607.298315,1.7250072561126737,-93.868,-353.697917,2.3947056857536952
부산,2021,2021-02-01,-0.3,-5.5,991.691,281.290647,3.525502929359752,15.4,3.4,945.094,572.964935,1.6494796492214658,46.597,-291.674288,2.0369142774946227
부산,2021,2021-03-01,3.9,-7.8,1147.973,340.720315,3.369253165899427,14.6,13.5,1287.091,804.021485,1.6008166746937118,-139.118,-463.30117,2.3597697278484846
부산,2021,2021-04-01,35.9,13.1,1233.716,319.190959,3.865134538475446,27.2,14.3,1407.794,849.126431,1.6579321389655342,-174.078,-529.935472,2.660245871813681
부산,2021,2021-05-01,66.0,33.4,1231.306,306.229142,4.020864872488197,26.7,6.1,1231.793,712.734032,1.7282646046007804,-0.487,-406.50489,2.327453315987804
부산,2021,2021-06-01,61.0,20.2,1296.296,286.65383,4.522165289052653,28.2,24.3,1331.871,783.185792,1.7005811566101547,-35.575,-496.531962,2.732165804308284
부산,2021,2021-07-01,36.4,19.1,1302.352,314.642794,4.139144530988369,40.5,62.4,1490.262,1010.913099,1.4741741911091806,-187.91,-696.270305,3.212891311281707
부산,2021,2021-08-01,47.1,32.0,1190.149,322.089279,3.6950903913818256,39.0,16.4,1306.668,675.55492,1.934214319688472,-116.519,-353.465641,2.0974151083122514
부산,2021,2021-09-01,31.2,5.4,1325.957,319.199017,4.154013419157867,30.4,9.8,1300.855,642.778611,2.023799450912345,25.102,-323.579594,2.013723654418397
부산,2021,2021-10-01,49.2,12.6,1312.17,297.721253,4.407377662084474,30.1,-5.4,1271.182,562.050857,2.261685013318999,40.988,-264.329604,1.8878425753501715
부산,2021,2021-11-01,39.5,1.6,1445.975,346.009007,4.1790097099986765,27.9,21.0,1402.556,713.295633,1.966303920999892,43.419,-367.286626,2.0614944078608914
부산,2021,2021-12-01,24.5,-11.5,1384.951,339.573976,4.078495697208552,20.6,-18.0,1360.716,634.93381,2.1430832294156774,24.235,-295.359834,1.8697952578085664
부산,2022,2022-01-01,35.9,15.9,1296.202,294.037511,4.408287893581034,16.4,-7.5,1219.531,561.917193,2.170303765736529,76.671,-267.879682,1.9110391428935745
부산,2022,2022-02-01,31.9,7.5,1307.609,302.355165,4.324745039496845,34.0,7.9,1266.713,618.075667,2.049446479827202,40.896,-315.720502,2.044204096860724
부산,2022,2022-03-01,21.8,-4.9,1397.891,323.940261,4.315274043691654,21.3,-1.3,1561.593,793.925557,1.966926226560559,-163.702,-469.985296,2.4508394064669843
부산,2022,2022-04-01,26.6,1.7,1561.567,324.596176,4.810799126604621,4.2,-19.7,1466.45,681.680299,2.151228372231424,95.117,-357.084123,2.10008727582792
부산,2022,2022-05-01,15.4,8.5,1421.273,332.211942,4.2782116483940245,26.7,17.1,1560.923,834.816776,1.8697791478018884,-139.65,-502.604834,2.5129041748896555
부산,2022,2022-06-01,-5.0,-9.7,1232.106,258.775494,4.761293200352271,13.0,-0.8,1505.648,777.273963,1.9370879145221027,-273.542,-518.498469,3.0036614015699645
부산,2022,2022-07-01,8.2,-6.3,1409.16,294.954021,4.777558194400747,-0.4,-37.6,1483.991,630.659315,2.353078698282606,-74.831,-335.705294,2.138161442457501
부산,2022,2022-08-01,7.8,-13.6,1283.523,278.151326,4.614477372651461,8.2,-4.8,1414.136,642.921804,2.1995458719891228,-130.613,-364.770478,2.3114101710232364
부산,2022,2022-09-01,7.4,-6.6,1424.321,298.040432,4.778952273160039,-0.8,-8.8,1291.096,585.943937,2.2034463000169247,133.225,-287.903505,1.9659880811070627
부산,2022,2022-10-01,-4.3,-3.3,1255.563,288.029024,4.359154444102133,3.7,39.8,1318.423,785.77026,1.6778733773915038,-62.86,-497.741236,2.728094027079716
부산,2022,2022-11-01,-11.0,-12.9,1286.575,301.254979,4.270717796169603,-4.4,8.4,1340.38,772.940775,1.7341302766696451,-53.805,-471.685796,2.5657361002488197
부산,2022,2022-12-01,-5.1,-10.9,1314.505,302.605244,4.343959749752387,2.0,9.7,1387.773,696.77473,1.991709716567936,-73.268,-394.169486,2.302586435018952
부산,2023,2023-01-01,-11.0,-4.2,1153.135,281.784275,4.092261713326622,13.4,43.8,1383.235,807.881978,1.7121745968691482,-230.1,-526.097703,2.8670229309282784
부산,2023,2023-02-01,-10.5,-11.3,1169.914,268.158368,4.362772673198847,-0.8,12.1,1256.535,692.851866,1.8135694823978437,-86.621,-424.693498,2.5837413583901285
부산,2023,2023-03-01,0.8,-9.9,1408.625,291.810765,4.8271865501603415,-3.3,2.9,1510.064,817.018942,1.8482606979753475,-101.439,-525.208177,2.79982454382723
부산,2023,2023-04-01,-16.5,-12.1,1303.595,285.305499,4.569119784123053,-13.1,-6.7,1274.331,636.298281,2.002725825374342,29.264,-350.992782,2.230234899888838
부산,2023,2023-05-01,-1.9,-12.9,1394.458,289.386032,4.818677634033145,-9.3,-3.7,1415.955,803.56008,1.7621022189156037,-21.497,-514.174048,2.7767756254386184
부산,2023,2023-06-01,5.3,9.3,1297.765,282.9366,4.586769615525174,-15.3,-1.4,1275.796,766.416454,1.664625013387304,21.969,-483.479854,2.708792195848823
부산,2023,2023-07-01,-20.0,-14.0,1127.524,253.776384,4.4429823698646445,-24.8,17.2,1115.59,739.201,1.5091835644161735,11.934,-485.424616,2.912804526366015
부산,2023,2023-08-01,4.9,15.9,1346.143,322.318412,4.176438422016053,-16.8,2.9,1177.19,661.328229,1.7800389403912773,168.953,-339.009817,2.0517854530755133
부산,2023,2023-09-01,-12.6,-5.9,1244.515,280.489279,4.436943203094761,-12.4,1.0,1130.987,591.949868,1.910612808853604,113.528,-311.460589,2.110418872729892
부산,2023,2023-10-01,-9.5,-7.5,1136.513,266.296744,4.267844146077881,-13.3,-7.0,1143.187,730.852509,1.5641829041049375,-6.674,-464.555765,2.744504112299623
부산,2023,2023-11-01,-4.4,-3.6,1229.681,290.537129,4.232440116113352,-16.5,-19.8,1118.928,620.261696,1.80396114610308,110.753,-329.724567,2.1348792773401435
부산,2023,2023-12-01,-1.1,-6.1,1299.542,284.003224,4.57580016767697,-16.5,-3.3,1158.783,673.675784,1.7200900307261155,140.759,-389.67256,2.372070902969749
부산,2024,2024-01-01,-10.2,-14.0,1035.389,242.463049,4.270296048285692,-15.3,-16.8,1172.029,671.952568,1.7442138862396608,-136.64,-429.489519,2.771360711544958
부산,2024,2024-02-01,-0.2,-5.1,1167.733,254.521123,4.5879610550044605,-17.1,-16.1,1041.901,581.606406,1.791419401938293,125.832,-327.085283,2.285100737984721
부산,2024,2024-03-01,-9.9,-4.1,1268.711,279.884747,4.532976568387273,-22.0,-25.5,1178.427,608.314585,1.9371999768836712,90.284,-328.429838,2.1734467187667077
부산,2024,2024-04-01,-3.9,-5.6,1253.405,269.19092,4.656193455559348,7.9,23.2,1375.559,783.644193,1.7553361746151548,-122.154,-514.453273,2.911109308590349
부산,2024,2024-05-01,-9.6,-6.8,1260.099,269.568208,4.674508946544616,-10.4,-16.0,1268.552,675.057028,1.8791775322425053,-8.453,-405.48882,2.504216031291049
부산,2024,2024-06-01,-4.1,-2.7,1244.735,275.314595,4.521136992392285,-9.0,-23.5,1160.433,586.227579,1.9794923363712984,84.302,-310.912984,2.129300769543293
부산,2024,2024-07-01,8.6,6.1,1224.727,269.148028,4.550384444949379,18.9,-15.0,1326.089,628.152517,2.111093984520323,-101.362,-359.004489,2.3338551713260185
부산,2024,2024-08-01,-11.8,-15.9,1187.645,271.120176,4.38051131982151,21.8,14.4,1433.557,756.5098,1.89496157220964,-245.912,-485.389624,2.790311702954929
부산,2024,2024-09-01,-10.5,-11.4,1113.426,248.432439,4.48180601728907,18.1,7.0,1336.213,633.466394,2.1093668309103704,-222.787,-385.033955,2.549853781373535
부산,2024,2024-10-01,13.5,11.0,1290.279,295.551966,4.365658660514544,19.3,-24.6,1363.917,550.966809,2.4754975757532427,-73.638,-255.414843,1.8641960547811076
부산,2024,2024-11-01,4.4,1.6,1283.98,295.041858,4.351857084631022,18.1,15.3,1321.117,715.065878,1.847545856467228,-37.137,-420.02402,2.4236082393434493
부산,2024,2024-12-01,-2.6,-4.0,1265.553,272.639471,4.641855397379347,10.7,-4.7,1282.898,642.2643,1.9974611698019025,-17.345,-369.624829,2.355727502126792
부산,2025,2025-01-01,-1.5,6.3,1019.635,257.642831,3.9575523838270503,4.7,-18.4,1226.562,548.118526,2.2377678217721835,-206.927,-290.475695,2.1274355815473864
부산,2025,2025-02-01,-2.9,9.2,1133.741,277.855117,4.080331549193676,12.3,8.6,1170.143,631.510931,1.852925963050353,-36.402,-353.655814,2.272806554071848
부산,2025,2025-03-01,-5.8,7.3,1195.168,300.418451,3.978344192980344,2.0,-9.9,1202.297,548.341067,2.1926079813387385,-7.129,-247.922616,1.825257620411604
부산,2025,2025-04-01,1.7,14.4,1274.651,307.95677,4.139058219113027,3.0,-4.8,1416.503,746.08028,1.8985932720269727,-141.852,-438.12351,2.4226786116765675
부산,2025,2025-05-01,-9.9,-8.4,1135.809,246.993922,4.59853016140211,-9.8,-20.7,1143.989,535.353717,2.1368843881586423,-8.18,-288.359795,2.167477291202332
부산,2025,2025-06-01,-10.3,-13.7,1116.371,237.566978,4.699184244369182,1.7,-1.3,1180.108,578.441227,2.0401519547983398,-63.737,-340.874249,2.43485534845672
부산,2025,2025-07-01,7.0,14.9,1310.62,309.205504,4.238669697160371,2.6,2.8,1361.179,645.76517,2.107854469760269,-50.559,-336.559666,2.08846596081291
부산,2025,2025-08-01,-7.0,-1.5,1104.988,267.088012,4.137168088248004,-18.0,-20.0,1175.643,605.343637,1.9421084622716536,-70.655,-338.255625,2.2664575338559185
부산,2025,2025-09-01,16.5,20.9,1297.498,300.448305,4.318539923199101,5.2,5.5,1406.262,668.184648,2.104600882718874,-108.764,-367.736343,2.223958787186368
부산,2025,2025-10-01,-11.2,-15.1,1146.346,250.839187,4.5700435155692,-20.4,-12.6,1085.536,481.730945,2.2534072416709705,60.81,-230.891758,1.9204772219262536
부산,2025,2025-11-01,-10.5,-12.0,1148.842,259.750789,4.422862407551724,-10.7,-11.4,1179.682,633.645878,1.8617370379232547,-30.84,-373.895089,2.439437741226649
부산,2025,2025-12-01,6.2,18.7,1344.271,323.702265,4.152800722602296,4.3,0.3,1338.379,644.239545,2.077455521610366,5.892,-320.53728,1.990222542928453
부산,2026,2026-01-01,15.1,12.2,1173.322,289.08891,4.05868907250714,-2.9,-16.8,1190.62,455.774195,2.612302348534673,-17.298,-166.685285,1.5765883063449235
부산,2026,2026-02-01,-5.2,-2.1,1074.938,271.94376,3.952795239721625,-8.9,-24.7,1066.182,475.285508,2.2432453379159205,8.756,-203.341748,1.747734560998936
부산,2026,2026-03-01,11.4,2.2,1331.536,307.109957,4.335697914216438,7.2,17.2,1288.287,642.819325,2.004119897919995,43.249,-335.709368,2.093124336571087
부산,2026,2026-04-01,6.4,7.2,1356.377,330.233815,4.107323170402765,-5.7,-8.6,1335.087,681.646387,1.958621105403145,21.29,-351.412572,2.064132611616409
부산,2026,2026-05-01,16.3,12.1,1321.352,276.995616,4.770299324881734,13.8,16.6,1301.405,624.366737,2.084359916822411,19.947,-347.371121,2.2540672159952164
부산,2026,2026-06-01,28.4,37.4,1433.546,326.347442,4.392698748348087,15.5,17.3,1362.683,678.700422,2.007782750428289,70.863,-352.35298,2.0796866610647435
부산,2026,2026-07-01,6.0,-1.0,1389.338,305.997289,4.540360486657776,-6.6,-14.3,1271.006,553.139441,2.2978039636844483,118.332,-247.142152,1.8076612469596092
세종,2012,2012-01-01,0.0,0.0,0.0,0.0,,0.0,0.0,0.0,0.0,,0.0,0.0,
세종,2012,2012-02-01,0.0,0.0,0.0,0.0,,0.0,0.0,0.0,0.0,,0.0,0.0,
세종,2012,2012-03-01,0.0,0.0,0.0,0.0,,0.0,0.0,0.0,0.0,,0.0,0.0,
세종,2012,2012-04-01,0.0,0.0,0.0,0.0,,0.0,0.0,0.0,0.0,,0.0,0.0,
세종,2012,2012-05-01,0.0,0.0,0.0,0.0,,0.0,0.0,0.0,0.0,,0.0,0.0,
세종,2012,2012-06-01,0.0,0.0,0.0,0.0,,0.0,0.0,0.0,0.0,,0.0,0.0,
세종,2012,2012-07-01,0.0,0.0,35.096,5.061938,6.933312893204144,0.0,0.0,34.674,12.356157,2.8062123198984925,0.422,-7.294219,2.440993350768026
세종,2012,2012-08-01,0.0,0.0,31.155,4.638881,6.716059325514062,0.0,0.0,44.577,11.88301,3.751322265991529,-13.422,-7.244129,2.5616113023808973
세종,2012,2012-09-01,0.0,0.0,34.935,4.473569,7.809201109896819,0.0,0.0,43.33,20.041985,2.1619615023162626,-8.395,-15.568416,4.480088493102487
세종,2012,2012-10-01,0.0,0.0,58.825,4.186954,14.04959309321287,0.0,0.0,76.819,15.824355,4.854479060915911,-17.994,-11.637401,3.7794432420322734
세종,2012,2012-11-01,0.0,0.0,66.604,4.914257,13.553218726655931,0.0,0.0,79.967,15.986208,5.002249439016432,-13.363,-11.071951,3.2530264493696603
세종,2012,2012-12-01,0.0,0.0,52.391,4.730719,11.0746379144481,0.0,0.0,68.699,22.122269,3.1054228659817853,-16.308,-17.39155,4.676301636178349
세종,2013,2013-01-01,0.0,0.0,79.412,5.957883,13.32889551540371,0.0,0.0,65.344,20.333102,3.213675906411132,14.068,-14.375219,3.412806528761978
세종,2013,2013-02-01,0.0,0.0,66.391,9.511485,6.980087757064223,0.0,0.0,73.63,55.223361,1.3333125450296297,-7.239,-45.711876,5.805966260788931
세종,2013,2013-03-01,0.0,0.0,60.542,11.744251,5.155032875234019,0.0,0.0,87.83,68.764843,1.2772515164471472,-27.288,-57.020592,5.855191872176437
세종,2013,2013-04-01,0.0,0.0,61.749,12.464571,4.953961111056289,0.0,0.0,83.691,69.00937,1.2127483557667604,-21.942,-56.544799,5.536441647289746
세종,2013,2013-05-01,0.0,0.0,72.963,12.929396,5.64318704446828,0.0,0.0,78.522,51.753748,1.517223448241855,-5.559,-38.824352,4.00279703707737
세종,2013,2013-06-01,0.0,0.0,73.19,7.468936,9.79925386962748,0.0,0.0,56.904,22.817117,2.4939171763023347,16.286,-15.348181,3.054935401776103
세종,2013,2013-07-01,150.0,112.6,87.749,10.762594,8.153145979491562,184.4,422.3,98.617,64.53068,1.528218825526091,-10.868,-53.768086,5.995829629920073
세종,2013,2013-08-01,177.1,142.8,86.327,11.262151,7.6652319792196,134.1,454.8,104.334,65.926651,1.5825769763429969,-18.007,-54.6645,5.853824105182039
세종,2013,2013-09-01,124.3,28.6,78.345,5.75485,13.61373450220249,108.7,128.4,90.425,45.766882,1.9757736609629644,-12.08,-40.012032,7.952749767587339
세종,2013,2013-10-01,22.8,61.8,72.222,6.775922,10.65862328403426,48.3,434.1,113.942,84.51918,1.3481200361858694,-41.72,-77.743258,12.473458224578144
세종,2013,2013-11-01,18.5,42.1,78.94,6.983299,11.304112855542918,30.0,320.6,103.966,67.236219,1.5462796919023658,-25.026,-60.25292,9.628145522624765
세종,2013,2013-12-01,63.8,82.0,85.823,8.609035,9.968945416065797,46.4,154.1,100.57,56.202658,1.789417148206763,-14.747,-47.593623,6.528334244198101
세종,2014,2014-01-01,-11.9,12.2,69.955,6.686561,10.462029733969375,37.2,199.9,89.669,60.980678,1.470449377424108,-19.714,-54.294117,9.119886590431165
세종,2014,2014-02-01,4.1,-6.5,69.104,8.892932,7.770665512791507,-9.7,-37.0,66.515,34.794545,1.91165023137966,2.589,-25.901613,3.912606663359171
세종,2014,2014-03-01,30.1,-18.4,78.742,9.58145,8.218171571108757,-12.7,-20.4,76.677,54.730548,1.4009909054811585,2.065,-45.149098,5.71213626330044
세종,2014,2014-04-01,35.2,-21.7,83.508,9.760206,8.555966953976176,-13.0,-57.3,72.798,29.479315,2.469460365683531,10.71,-19.719109,3.020357869495787
세종,2014,2014-05-01,1.9,-24.2,74.317,9.795343,7.586972707336537,22.4,30.0,96.135,67.261419,1.429274038955378,-21.818,-57.466076,6.866673173159939
세종,2014,2014-06-01,18.9,28.6,87.054,9.608077,9.0605019089668,63.1,179.7,92.786,63.819646,1.453878324552286,-5.732,-54.211569,6.642291272228563
세종,2014,2014-07-01,5.7,-6.5,92.779,10.066905,9.216238754612268,3.3,35.6,101.833,87.499713,1.1638095315809778,-9.054,-77.432808,8.69181868707413
세종,2014,2014-08-01,-5.9,-42.1,81.228,6.525548,12.44769021697488,-26.1,-23.9,77.094,50.19139,1.5360004972964487,4.134,-43.665842,7.691521079915434
세종,2014,2014-09-01,17.7,37.2,92.242,7.897996,11.679165195829423,14.4,88.9,103.414,86.445042,1.196297643073619,-11.172,-78.547046,10.945186854994608
세종,2014,2014-10-01,34.5,22.2,97.142,8.276993,11.736387840366664,-14.6,-31.4,97.348,57.978937,1.6790235391863082,-0.206,-49.701944,7.004830981492916
세종,2014,2014-11-01,24.2,45.3,98.07,10.144456,9.66734933839725,35.3,47.3,140.714,99.01445,1.4211461054421854,-42.644,-88.869994,9.760449451404789
세종,2014,2014-12-01,12.1,32.4,96.177,11.402096,8.435028086064177,34.3,74.0,135.034,97.793327,1.3808099605814617,-38.857,-86.391231,8.576785092846087
세종,2015,2015-01-01,32.6,72.7,92.744,11.54563,8.032822808283306,18.4,46.6,106.196,89.385255,1.1880706722825818,-13.452,-77.839625,7.741912307946817
세종,2015,2015-02-01,7.4,-19.7,74.211,7.138231,10.39627325033331,-1.1,-41.5,65.806,20.366404,3.2311055010005694,8.405,-13.228173,2.853144427519928
세종,2015,2015-03-01,13.1,-12.1,89.039,8.419389,10.575470500294024,3.3,-46.5,79.207,29.29246,2.704006423496012,9.832,-20.873071,3.4791669561769862
세종,2015,2015-04-01,-0.4,-19.9,83.137,7.815415,10.637566911034154,9.8,40.6,79.935,41.455214,1.9282254820829048,3.202,-33.639799,5.304288255965934
세종,2015,2015-05-01,-13.9,-23.1,63.988,7.531296,8.496280055916007,-0.3,33.3,95.883,89.63661,1.069685700965264,-31.895,-82.105314,11.901883819199243
세종,2015,2015-06-01,-17.9,-10.0,71.481,8.649454,8.264221071064139,18.6,34.2,110.037,85.643264,1.2848295926694246,-38.556,-76.99381,9.90158037721225
세종,2015,2015-07-01,-26.0,-6.3,68.7,9.435154,7.28128019956007,-15.6,-20.4,85.917,69.609888,1.234264304519496,-17.217,-60.174734,7.377716145385651
세종,2015,2015-08-01,-25.5,32.5,60.507,8.644697,6.999319929894593,28.6,32.0,99.159,66.243549,1.496885379737127,-38.652,-57.598852,7.662911609279076
세종,2015,2015-09-01,-23.1,13.6,70.948,8.971294,7.908335185537338,-13.3,-34.7,89.701,56.452829,1.588954913136417,-18.753,-47.481535,6.29260717573184
세종,2015,2015-10-01,-8.7,58.0,88.714,13.076899,6.784024255291717,1.5,55.7,98.833,90.263981,1.0949328725042606,-10.119,-77.187082,6.902552432346537
세종,2015,2015-11-01,-16.4,27.7,81.974,12.949399,6.330332396121241,-16.2,8.5,117.862,107.469495,1.0967019059687588,-35.888,-94.520096,8.299187861923167
세종,2015,2015-12-01,-13.5,6.8,83.177,12.173674,6.832530590189946,-40.9,-74.1,79.758,25.307245,3.1515876184863267,3.419,-13.133571,2.0788502304234533
세종,2016,2016-01-01,-12.5,3.4,81.115,11.934509,6.796676763157999,-31.8,-60.5,72.46,35.339283,2.050409455109772,8.655,-23.404774,2.9611007038496515
세종,2016,2016-02-01,-7.0,33.5,69.006,9.532217,7.239239308127375,36.4,280.4,89.73,77.466424,1.1583082755956309,-20.724,-67.934207,8.126800302594873
세종,2016,2016-03-01,-6.6,44.7,83.127,12.183869,6.822709600702371,18.5,92.8,93.863,56.475359,1.6620168806717988,-10.736,-44.29149,4.63525658393077
세종,2016,2016-04-01,-13.5,50.1,71.936,11.73253,6.131328877914653,39.2,154.5,111.239,105.492499,1.0544730768014132,-39.303,-93.759969,8.991453590998702
세종,2016,2016-05-01,32.5,100.3,84.782,15.085682,5.620030967111729,-3.5,-38.2,92.491,55.433281,1.6685102943843428,-7.709,-40.347599,3.6745624758628734
세종,2016,2016-06-01,13.8,53.8,81.352,13.303776,6.114955633648672,7.3,8.8,118.025,93.219493,1.266097853589485,-36.673,-79.915717,7.006995081697106
세종,2016,2016-07-01,21.2,17.6,83.237,11.093909,7.502945985945981,0.0,-6.3,85.891,65.201109,1.3173242191325305,-2.654,-54.1072,5.877198830457326
세종,2016,2016-08-01,39.8,43.6,84.562,12.415788,6.810844386196028,-21.6,-41.7,77.705,38.600993,2.0130311155466907,6.857,-26.185205,3.1090248158232083
세종,2016,2016-09-01,31.8,23.8,93.479,11.109414,8.414395214725097,4.5,44.6,93.742,81.605121,1.1487269285465551,-0.263,-70.495707,7.34558285432517
세종,2016,2016-10-01,4.9,-4.6,93.074,12.475743,7.460397348678953,1.9,-17.5,100.682,74.464832,1.3520744933662108,-7.608,-61.989089,5.9687693149818815
세종,2016,2016-11-01,14.4,7.3,93.759,13.901171,6.74468359536042,-5.6,-8.8,111.295,97.970972,1.1359997530697157,-17.536,-84.069801,7.047677638092504
세종,2016,2016-12-01,11.1,11.7,92.407,13.600779,6.794243182688286,17.9,168.5,94.013,67.956567,1.3834277414278446,-1.606,-54.355788,4.996520199320936
세종,2017,2017-01-01,1.1,17.8,82.036,14.058057,5.8355148225675855,32.0,148.2,95.614,87.71421,1.0900628301845277,-13.578,-73.656153,6.23942625926186
세종,2017,2017-02-01,32.7,30.0,91.584,12.387765,7.393101176846671,6.0,-7.7,95.156,71.516774,1.330541000073633,-3.572,-59.129009,5.773178131809894
세종,2017,2017-03-01,2.0,22.7,84.815,14.952717,5.672213284047308,46.0,154.4,137.053,143.688088,0.9538229780049686,-52.238,-128.735371,9.609496922866928
세종,2017,2017-04-01,14.1,13.6,82.075,13.333432,6.155579448712079,-6.0,-28.5,104.603,75.446986,1.3864437208929723,-22.528,-62.113554,5.6584820772326285
세종,2017,2017-05-01,-14.2,-2.4,72.77,14.730592,4.940059435493156,27.4,97.2,117.847,109.292672,1.0782699136498377,-45.077,-94.56208,7.419435145580028
세종,2017,2017-06-01,4.1,-3.4,84.705,12.854678,6.589429933600826,2.8,16.6,121.366,108.716653,1.116351512403532,-36.661,-95.861975,8.457361047861331
세종,2017,2017-07-01,2.8,10.4,85.527,12.248216,6.982812843927638,14.7,26.1,98.547,82.238413,1.1983086298126886,-13.02,-69.990197,6.714317660629107
세종,2017,2017-08-01,1.0,5.0,85.426,13.039804,6.551172088169423,13.2,138.0,87.976,91.851084,0.9578112327993864,-2.55,-78.81128,7.043900659856544
세종,2017,2017-09-01,3.3,18.3,96.557,13.139217,7.348763628761135,31.5,-43.4,123.24,46.148699,2.670497818367534,-26.683,-33.009482,3.51228684327232
세종,2017,2017-10-01,-20.2,7.4,74.252,13.404792,5.539213141091634,-25.0,-44.7,75.544,41.202411,1.833484938539155,-1.292,-27.797619,3.073707596507279
세종,2017,2017-11-01,-1.1,16.1,92.762,16.142262,5.746530442883407,-11.6,4.3,98.391,102.181884,0.9629006253202378,-5.629,-86.039622,6.330084594092203
세종,2017,2017-12-01,-0.5,0.9,91.919,13.723833,6.697764392790265,-16.0,-21.1,79.0,53.604915,1.4737454578558702,12.919,-39.881082,3.9059725515459127
세종,2018,2018-01-01,-3.4,-5.4,79.285,13.305869,5.958648773710308,21.3,-7.7,115.957,80.926551,1.4328671933640171,-36.672,-67.620682,6.082019220240332
세종,2018,2018-02-01,-21.6,-22.9,71.793,9.54998,7.517607366716998,21.4,56.4,115.534,111.886166,1.032603083387449,-43.741,-102.336186,11.715853436342275
세종,2018,2018-03-01,17.9,12.2,99.971,16.776952,5.958829708757586,-34.7,-59.8,89.49,57.83336,1.5473768081259671,10.481,-41.056408,3.4471911226783027
세종,2018,2018-04-01,34.8,48.8,110.598,19.837883,5.575090850167833,0.8,22.4,105.417,92.375458,1.1411797276285225,5.181,-72.537575,4.656517935910802
세종,2018,2018-05-01,52.5,26.6,110.955,18.651374,5.948891486493166,2.7,-15.4,121.069,92.478602,1.3091569009661284,-10.114,-73.827228,4.958272886490829
세종,2018,2018-06-01,18.7,47.6,100.558,18.968096,5.301428250890337,-25.3,-32.3,90.61,73.643363,1.2303892205465956,9.948,-54.675267,3.882485780333461
세종,2018,2018-07-01,25.5,75.4,107.325,21.489244,4.994359038410099,-0.3,-4.3,98.282,78.697513,1.2488577625064212,9.043,-57.208269,3.6621815546419407
세종,2018,2018-08-01,18.6,51.4,101.28,19.743522,5.129783834920639,-22.9,-69.2,67.853,28.328514,2.3952191773984333,33.427,-8.584992,1.434825762090472
세종,2018,2018-09-01,4.4,28.1,100.823,16.835332,5.988774085358103,-49.9,-33.4,61.716,30.745129,2.0073423663306147,39.107,-13.909797,1.826226474179422
세종,2018,2018-10-01,65.0,53.6,122.505,20.596282,5.947918172804198,47.7,144.3,111.551,100.642028,1.108393801444462,10.954,-80.045746,4.886417266961095
세종,2018,2018-11-01,24.7,28.0,115.644,20.666891,5.595616679838298,39.0,-20.5,136.736,81.216152,1.6836059900991125,-21.092,-60.549261,3.92977114941962
세종,2018,2018-12-01,18.2,19.3,108.641,16.368217,6.637314253592801,68.6,34.5,133.229,72.125178,1.8471912818017584,-24.588,-55.756961,4.406416288347105
세종,2019,2019-01-01,14.7,21.8,90.936,16.209283,5.610118596855888,50.2,23.6,174.119,100.053129,1.74026541438799,-83.183,-83.843846,6.172582032160213
세종,2019,2019-02-01,33.3,56.8,95.704,14.977248,6.389958956411752,-25.9,-70.4,85.555,33.071873,2.5869414774300807,10.149,-18.094625,2.2081408413615105
세종,2019,2019-03-01,10.6,5.5,110.519,17.703105,6.242916143806411,-2.9,-5.1,86.909,54.871209,1.5838725186463452,23.61,-37.168104,3.0995245749262628
세종,2019,2019-04-01,-16.4,-2.4,92.453,19.36831,4.773415956270836,-8.6,-33.5,96.368,61.420343,1.5689915635931893,-3.915,-42.052033,3.1711771961518584
세종,2019,2019-05-01,-11.9,10.8,97.766,20.656601,4.732918063334815,373.5,36.1,573.215,125.888555,4.553352765070661,-475.449,-105.231954,6.094349936855536
세종,2019,2019-06-01,-6.4,-6.3,94.143,17.768354,5.298352340346213,-12.9,-39.8,78.887,44.305226,1.7805348741478038,15.256,-26.536872,2.493490730767746
세종,2019,2019-07-01,13.9,6.6,122.216,22.916111,5.33319113352174,-8.6,-47.2,89.78,41.572535,2.1595988794043954,32.436,-18.656424,1.814118241965227
세종,2019,2019-08-01,9.2,-2.0,110.615,19.355887,5.714798810305102,7.6,21.1,73.027,34.299129,2.1291211214138994,37.588,-14.943242,1.7720256891353003
세종,2019,2019-09-01,12.5,-1.9,113.396,16.507428,6.869392372936596,0.3,-20.8,61.929,24.342506,2.5440683880287427,51.467,-7.835078,1.4746395380310005
세종,2019,2019-10-01,3.3,3.4,126.543,21.296161,5.942056880580496,-40.2,-81.3,66.741,18.802609,3.549560595553521,59.802,2.493552,0.8829107274311083
세종,2019,2019-11-01,-2.9,-15.4,112.282,17.475238,6.425205768299121,-54.9,-75.2,61.687,20.152901,3.060948892668108,50.595,-2.677663,1.1532261248745224
세종,2019,2019-12-01,9.1,19.3,118.58,19.527789,6.072372043757745,-14.4,9.7,114.024,79.105026,1.4414254790839711,4.556,-59.577237,4.05089516278571
세종,2020,2020-01-01,12.5,18.9,102.309,19.265661,5.310432899239741,-22.0,30.3,135.759,130.357669,1.0414347007079423,-33.45,-111.092008,6.766322162525334
세종,2020,2020-02-01,14.3,31.1,109.377,19.634449,5.5706681659363095,-14.1,48.5,73.47,49.101636,1.4962841563975586,35.907,-29.467187,2.500790116391858
세종,2020,2020-03-01,-2.4,5.3,107.921,18.634535,5.7914511953209455,9.3,3.2,95.023,56.628544,1.6780053536251964,12.898,-37.994009,3.038902983090268
세종,2020,2020-04-01,0.2,-30.3,92.669,13.50879,6.859903810778019,4.4,-1.5,100.59,60.528833,1.6618526248474013,-7.921,-47.020043,4.4806998258171165
세종,2020,2020-05-01,-14.0,-35.0,84.031,13.426008,6.258822428826201,-85.0,-57.6,86.008,53.384312,1.6111100204869175,-1.977,-39.958304,3.976186517988072
세종,2020,2020-06-01,5.1,-3.4,98.983,17.163972,5.7669052361539626,53.0,87.3,120.693,82.972432,1.454615672829742,-21.71,-65.80846,4.834104366984518
세종,2020,2020-07-01,-4.5,-28.9,116.742,16.286232,7.168140549637264,32.0,85.6,118.512,77.172438,1.5356778024817617,-1.77,-60.886206,4.73850783901396
세종,2020,2020-08-01,-1.0,-39.5,109.557,11.711245,9.35485509866799,-9.0,5.9,66.451,36.313438,1.8299286341326315,43.106,-24.602193,3.1007325011132463
세종,2020,2020-09-01,-5.8,-12.8,106.827,14.39601,7.420597790637823,50.4,118.3,93.137,53.145062,1.7525052468656448,13.69,-38.749052,3.691652200852875
세종,2020,2020-10-01,-12.0,-32.2,111.37,14.443319,7.710831561637598,26.4,191.4,84.36,54.786049,1.539808063180464,27.01,-40.34273,3.793175862140828
세종,2020,2020-11-01,22.0,-10.5,136.953,15.637833,8.757799114493677,38.6,48.8,85.477,29.990348,2.850150321696834,51.476,-14.352515,1.917807153970758
세종,2020,2020-12-01,4.3,-31.6,123.649,13.364961,9.25172920444736,9.4,11.5,124.781,88.194465,1.414839355281536,-1.132,-74.829504,6.598931714054385
세종,2021,2021-01-01,22.0,-34.5,124.85,12.625329,9.888851213303036,12.2,-16.7,152.309,108.640818,1.401950047909249,-27.459,-96.015489,8.604989066027507
세종,2021,2021-02-01,-1.9,-41.3,107.31,11.523196,9.312520588906064,-2.4,-38.6,71.672,30.150259,2.3771603421383545,35.638,-18.627063,2.616484090004197
세종,2021,2021-03-01,20.5,-16.2,129.996,15.609425,8.328045395650385,11.4,2.2,105.853,57.885142,1.8286730643245204,24.143,-42.275717,3.708345566861047
세종,2021,2021-04-01,26.7,5.7,117.389,14.272587,8.224787839793866,15.7,14.7,116.372,69.398177,1.676874019327626,1.017,-55.12559,4.862340443256713
세종,2021,2021-05-01,50.0,10.3,126.082,14.810204,8.51318455843012,61.6,93.5,138.953,103.284221,1.3453458684652324,-12.871,-88.474017,6.973855390513189
세종,2021,2021-06-01,19.5,-17.5,118.302,14.153014,8.35878492030037,-16.0,-47.3,101.34,43.708336,2.318550859497374,16.962,-29.555322,3.088270526687813
세종,2021,2021-07-01,12.8,-4.1,131.723,15.623188,8.431249755171608,3.5,-11.7,122.707,68.17659,1.7998406784498902,9.016,-52.553402,4.363807822065509
세종,2021,2021-08-01,7.1,4.6,117.297,12.246724,9.577826690631715,57.9,71.1,104.914,62.13976,1.6883554104489622,12.383,-49.893036,5.073990399391707
세종,2021,2021-09-01,29.8,-2.9,138.662,13.973733,9.923046332715815,16.8,6.5,108.755,56.57337,1.922370896412924,29.907,-42.599637,4.048550949127194
세종,2021,2021-10-01,29.8,-6.2,144.507,13.551468,10.663567961788347,-4.4,-60.8,80.652,21.449195,3.760141114853029,63.855,-7.897727,1.582794941477927
세종,2021,2021-11-01,0.1,-2.1,137.074,15.313312,8.951296754092127,8.6,33.6,92.807,40.082098,2.315422710657511,44.267,-24.768786,2.617467599432441
세종,2021,2021-12-01,12.5,3.3,139.141,13.812561,10.07351207353944,15.5,7.0,144.076,94.368303,1.5267414525828658,-4.935,-80.555742,6.832064162467772
세종,2022,2022-01-01,8.9,13.1,135.979,14.273371,9.52676140765906,-9.5,172.7,137.892,296.311047,0.4653623325761459,-1.913,-282.037676,20.759710302492664
세종,2022,2022-02-01,20.3,12.9,129.055,13.010225,9.919505619618416,24.3,572.0,89.116,202.609273,0.4398416650949633,39.939,-189.599048,15.57307986602845
세종,2022,2022-03-01,17.0,-1.2,152.034,15.419332,9.85996021098709,44.4,240.8,152.849,197.271741,0.7748144727936476,-0.815,-181.852409,12.793792947710056
세종,2022,2022-04-01,18.5,-0.4,139.125,14.216206,9.78636634837734,2.8,157.9,119.668,178.995008,0.6685549576890993,19.457,-164.778802,12.59091265278514
세종,2022,2022-05-01,18.9,9.1,149.953,16.1594,9.279614342116664,25.2,230.5,173.985,341.336307,0.509717239074717,-24.032,-325.176907,21.12308049803829
세종,2022,2022-06-01,26.1,-8.4,149.195,12.960927,11.511136510528916,51.6,378.1,153.64,208.972749,0.7352154801772742,-4.445,-196.011822,16.123287246352056
세종,2022,2022-07-01,-0.9,-18.8,130.529,12.693529,10.283113545492354,25.2,303.8,153.649,275.28583,0.5581435121451765,-23.12,-262.592301,21.68709978131377
세종,2022,2022-08-01,11.8,-0.8,131.107,12.153641,10.787466899836849,16.7,71.4,122.449,106.537313,1.1493531848320595,8.658,-94.383672,8.765876250582027
세종,2022,2022-09-01,6.4,-14.8,147.563,11.910636,12.389178881799428,36.9,520.4,148.93,350.964005,0.4243455108736863,-1.367,-339.053369,29.46643697280313
세종,2022,2022-10-01,-4.8,-6.8,137.541,12.635545,10.885244759921315,113.9,1950.6,172.52,439.838029,0.3922352971438947,-34.979,-427.202484,34.80958114588647
세종,2022,2022-11-01,-16.3,-31.0,114.705,10.570986,10.850927245575768,17.3,381.9,108.871,193.147267,0.5636683432854372,5.834,-182.576281,18.27145235080247
세종,2022,2022-12-01,-25.8,-28.9,103.223,9.824134,10.507083881388423,13.2,210.7,163.157,293.199843,0.5564702843309504,-59.934,-283.375709,29.844853805943607
세종,2023,2023-01-01,-27.9,-39.2,98.028,8.679098,11.294722101305918,-9.9,27.8,124.286,378.723677,0.3281706625382178,-26.258,-370.044579,43.63629457807712
세종,2023,2023-02-01,-39.5,-40.0,78.07,7.806651,10.000447054697334,12.5,16.7,100.212,236.432947,0.4238495576506941,-22.142,-228.626296,30.28609156474396
세종,2023,2023-03-01,-35.9,-37.8,97.446,9.595018,10.155895486595233,-21.7,62.6,119.731,320.773165,0.3732575323125923,-22.285,-311.178147,33.43122076477605
세종,2023,2023-04-01,-30.6,-33.1,96.612,9.515496,10.153122864010452,4.4,72.0,124.878,307.945967,0.405519192917373,-28.266,-298.430471,32.36257647525678
세종,2023,2023-05-01,-33.6,-36.7,99.604,10.221773,9.74429778473852,-11.8,-7.6,153.493,315.354129,0.4867321715010746,-53.889,-305.132356,30.85121622246943
세종,2023,2023-06-01,-30.9,-22.5,103.071,10.045378,10.260539722845673,-5.3,6.4,145.539,222.2723,0.6547779457899162,-42.468,-212.226922,22.12682290303063
세종,2023,2023-07-01,-23.0,-24.8,100.443,9.541178,10.527316438284664,-29.1,-10.0,108.966,247.638505,0.4400204241258846,-8.523,-238.097327,25.954709680502763
세종,2023,2023-08-01,-20.8,-24.5,103.805,9.178157,11.310004829945706,-4.0,72.3,117.593,183.578063,0.6405612853644719,-13.788,-174.399906,20.001625925553466
세종,2023,2023-09-01,-25.3,-10.0,110.236,10.715667,10.28736708596861,-22.1,-25.8,115.984,260.385169,0.4454324355163254,-5.748,-249.669502,24.29948308397415
세종,2023,2023-10-01,-12.7,0.8,120.015,12.739609,9.420618796071372,-23.3,-43.0,132.336,250.814559,0.5276248736422036,-12.321,-238.07495,19.68777526845604
세종,2023,2023-11-01,8.4,25.2,124.323,13.229819,9.397180717287211,-4.5,-25.3,103.926,144.358959,0.7199137533265254,20.397,-131.12914,10.91163522342974
세종,2023,2023-12-01,11.5,15.5,115.064,11.344133,10.14304045976894,2.3,10.0,166.983,322.410618,0.5179202876004536,-51.919,-311.066485,28.42091308344146
세종,2024,2024-01-01,31.3,44.4,128.734,12.53378,10.27096374756857,34.8,-8.7,167.582,345.709111,0.484748578118903,-38.848,-333.175331,27.58219076766945
세종,2024,2024-02-01,53.6,75.0,119.885,13.662526,8.774731700419087,2.1,37.7,102.291,325.620731,0.3141415464729732,17.594,-311.958205,23.83312800283052
세종,2024,2024-03-01,23.3,37.9,120.192,13.236191,9.0805579943656,43.8,0.1,172.123,320.980556,0.5362412045918445,-51.931,-307.744365,24.250220928362246
세종,2024,2024-04-01,8.5,15.9,104.854,11.028986,9.507129667224168,11.7,-7.8,139.449,283.967285,0.4910741742662363,-34.595,-272.938299,25.747361090131044
세종,2024,2024-05-01,13.5,18.4,113.049,12.104453,9.339455487992725,-16.6,-12.4,128.009,276.367273,0.4631843655381004,-14.96,-264.26282,22.83186799106081
세종,2024,2024-06-01,226.8,-0.2,336.789,10.023657,33.59941386661575,-11.4,45.2,128.98,322.744739,0.3996347094599736,207.809,-312.721082,32.19830237606893
세종,2024,2024-07-01,12.1,2.7,112.623,9.798056,11.494422975333066,31.4,44.4,143.181,357.677339,0.4003077198021762,-30.558,-347.879283,36.50492903898488
세종,2024,2024-08-01,-1.8,-9.0,101.889,8.351801,12.199644124662454,-1.2,41.4,116.214,259.654081,0.4475723992183277,-14.325,-251.30228,31.089591454585666
세종,2024,2024-09-01,-1.7,-31.1,108.362,7.382485,14.678255357105366,35.2,48.4,156.802,386.450107,0.4057496612363468,-48.44,-379.067622,52.34688685449412
세종,2024,2024-10-01,-16.0,-33.7,100.809,8.443525,11.939207854539426,25.6,8.8,166.23,272.970549,0.6089667937034482,-65.421,-264.527024,32.32897978036424
세종,2024,2024-11-01,-16.1,-30.8,104.336,9.159723,11.390737470991208,43.5,125.5,149.159,325.536825,0.4581939385812957,-44.823,-316.377102,35.540029431021004
세종,2024,2024-12-01,-14.7,-40.9,98.153,6.705541,14.63759598218846,-22.7,-0.6,129.07,320.359728,0.4028908402619195,-30.917,-313.654187,47.77537382889762
세종,2025,2025-01-01,-27.3,-32.1,93.528,8.513527,10.985811168508658,-25.8,-23.6,124.3,264.17008,0.4705301978180118,-30.772,-255.656553,31.02945230572476
세종,2025,2025-02-01,3.9,-27.0,124.618,9.978625,12.488494156259003,15.8,7.4,118.486,349.59949,0.3389192587208866,6.132,-339.620865,35.034835961868495
세종,2025,2025-03-01,-6.4,-33.7,112.481,8.77095,12.824266470564762,-14.4,-20.6,147.391,254.711139,0.5786594201520178,-34.91,-245.940189,29.0403136490346
세종,2025,2025-04-01,12.9,-20.1,118.333,8.814142,13.425356659786058,-7.4,10.6,129.125,314.147457,0.4110330901071085,-10.792,-305.333315,35.64129747399123
세종,2025,2025-05-01,-2.1,-32.6,110.704,8.152438,13.579250771364345,14.0,18.8,145.95,328.381744,0.4444522348355638,-35.246,-320.229306,40.28018906736856
세종,2025,2025-06-01,-64.4,-17.7,119.741,8.247308,14.518798133888051,18.8,7.2,153.192,346.003226,0.4427473170438012,-33.451,-337.755918,41.95347451556314
세종,2025,2025-07-01,18.6,-2.4,133.55,9.566214,13.9605908878894,-18.0,-49.5,117.477,180.542589,0.6506885752037155,16.073,-170.976375,18.87294064297537
세종,2025,2025-08-01,12.4,-11.6,114.564,7.383081,15.517099162260308,-1.0,5.4,115.031,273.55397,0.4205056866840572,-0.467,-266.170889,37.05146537062237
세종,2025,2025-09-01,15.3,30.1,124.987,9.601364,13.01762957846406,-16.9,-28.3,130.325,276.93151,0.4706037243649161,-5.338,-267.330146,28.842934191433635
세종,2025,2025-10-01,4.6,-21.3,105.435,6.644343,15.868386084222324,-13.4,-8.3,143.956,250.219538,0.5753187826603692,-38.521,-243.575195,37.65903385782462
세종,2025,2025-11-01,-2.0,-24.6,102.237,6.902312,14.81199343060702,-5.9,-23.1,140.395,250.294649,0.5609189032243355,-38.158,-243.392337,36.26243626773174
세종,2025,2025-12-01,35.6,47.4,133.083,9.884479,13.463835574945326,51.7,-23.1,195.809,246.509793,0.7943254408558121,-62.726,-236.625314,24.93907802323218
세종,2026,2026-01-01,46.2,-5.1,136.782,8.082105,16.924056294740048,79.0,92.9,222.531,509.503201,0.436760749614996,-85.749,-501.421096,63.04090345275148
세종,2026,2026-02-01,3.2,-9.7,128.627,9.010092,14.27588086780912,18.9,-19.9,140.898,280.071872,0.5030780099188255,-12.271,-271.06178,31.0842410932097
세종,2026,2026-03-01,38.0,10.5,155.199,9.694434,16.009083150187003,-9.6,-29.6,133.237,179.290816,0.7431334352340725,21.962,-169.596382,18.494201518108227
세종,2026,2026-04-01,28.2,17.4,151.754,10.343947,14.670802160915944,18.7,-16.7,153.256,261.644172,0.5857420741632265,-1.502,-251.300225,25.294423105609493
세종,2026,2026-05-01,34.1,22.0,148.428,9.948024,14.920350011218307,20.5,-30.0,175.943,230.007561,0.7649444185010944,-27.515,-220.059537,23.120929442872274
세종,2026,2026-06-01,21.8,29.8,145.823,10.702958,13.624551268910894,5.1,-43.8,160.934,194.455571,0.8276132135088071,-15.111,-183.752613,18.16839522307758
세종,2026,2026-07-01,19.0,45.1,158.984,13.879915,11.454248819247091,51.4,59.6,177.85,288.096157,0.6173286094892269,-18.866,-274.216242,20.756334386773982
전국,2000,2000-01-01,0.0,0.0,12162.425,8841.745565,1.375568309514005,0.0,0.0,12594.623,32753.101354,0.3845322268531334,-432.198,-23911.355789,3.704370490330888
전국,2000,2000-02-01,0.0,0.0,12676.042,8991.378889,1.409799559832563,0.0,0.0,12023.652,29527.955573,0.4071955462773142,652.39,-20536.576684,3.28402972864644
전국,2000,2000-03-01,0.0,0.0,14429.703,9032.50092,1.59753130697716,0.0,0.0,14212.011,31226.617463,0.4551248951904452,217.692,-22194.116543,3.4571396935988354
전국,2000,2000-04-01,0.0,0.0,13522.04,9043.835253,1.4951665550867372,0.0,0.0,13344.532,30912.342914,0.4316894399471852,177.508,-21868.507661,3.418056836423002
전국,2000,2000-05-01,0.0,0.0,14636.755,8998.222098,1.6266274426870675,0.0,0.0,13283.356,30074.461801,0.4416822514695281,1353.399,-21076.239703,3.3422671138206885
전국,2000,2000-06-01,0.0,0.0,15250.94,9729.361985,1.5675169680717764,0.0,0.0,13177.511,28509.045602,0.462222102555252,2073.429,-18779.683617,2.93020710360588
전국,2000,2000-07-01,0.0,0.0,14455.656,8907.311828,1.6228977136018596,0.0,0.0,13671.876,28885.388059,0.4733146036353896,783.78,-19978.076231,3.242885015903364
전국,2000,2000-08-01,0.0,0.0,14786.88,9412.503283,1.5709827189868508,0.0,0.0,13441.139,28859.64102,0.4657417252932968,1345.741,-19447.137737,3.0660962500936
전국,2000,2000-09-01,0.0,0.0,15133.379,8847.646388,1.7104412107298157,0.0,0.0,13291.803,27729.546522,0.479337193251775,1841.576,-18881.900134,3.134115594810546
전국,2000,2000-10-01,0.0,0.0,15248.068,8929.384927,1.7076280308953915,0.0,0.0,14104.212,28738.894364,0.4907708633936785,1143.856,-19809.509437,3.2184629287400863
전국,2000,2000-11-01,0.0,0.0,14989.068,9164.278848,1.6355971101066171,0.0,0.0,14160.418,30200.866323,0.4688745630192696,828.65,-21036.587475,3.2954984046116182
전국,2000,2000-12-01,0.0,0.0,14976.555,9999.473442,1.497734364401145,0.0,0.0,13175.885,28860.2438,0.4565410150831782,1800.67,-18860.770358,2.886176353924857
전국,2001,2001-01-01,4.0,9.0,12644.929,9638.779569,1.3118807116067164,-1.3,-6.9,12431.023,30480.335659,0.4078374706588726,213.906,-20841.55609,3.1622608900643487
전국,2001,2001-02-01,5.3,1.0,13354.074,9079.994599,1.47071387041031,5.9,13.6,12732.258,33554.874212,0.37944585694339,621.816,-24474.879613,3.695472926349039
전국,2001,2001-03-01,-2.1,7.7,14124.891,9723.624465,1.4526364166820998,-8.9,5.7,12951.886,33014.588219,0.3923079674380475,1173.005,-23290.963754,3.395296510867462
전국,2001,2001-04-01,-10.4,-0.5,12121.11,9002.850028,1.346363647322994,-16.0,-13.5,11212.192,26728.669485,0.4194818603407187,908.918,-17725.819457,2.9689120002966245
전국,2001,2001-05-01,-9.1,14.3,13306.959,10287.367417,1.2935242283667334,-13.0,-2.3,11554.834,29387.384533,0.3931902815993958,1752.125,-19100.017116,2.8566477060435296
전국,2001,2001-06-01,-15.2,-11.6,12931.941,8598.649502,1.5039502420690714,-11.1,11.2,11718.966,31706.286227,0.3696101749696729,1212.975,-23107.636725,3.687356510999232
전국,2001,2001-07-01,-21.2,-3.6,11392.257,8589.721802,1.3262661192761176,-18.8,-2.2,11107.564,28262.570352,0.3930132278012701,284.693,-19672.84855,3.290277729998129
전국,2001,2001-08-01,-20.4,-6.3,11766.192,8820.622869,1.3339411711334102,-15.6,2.0,11337.826,29436.642393,0.385160299487693,428.366,-20616.019524,3.337252122687936
전국,2001,2001-09-01,-17.7,-7.3,12447.324,8198.115934,1.5183151958582684,-11.9,8.7,11709.659,30130.757346,0.3886281006990523,737.665,-21932.641412,3.675327061555556
전국,2001,2001-10-01,-20.7,-6.3,12086.028,8370.653251,1.443857204162189,-18.4,-0.3,11506.884,28638.733523,0.4017944435552196,579.144,-20268.080272,3.4213259902479742
전국,2001,2001-11-01,-17.6,-7.6,12348.967,8464.585875,1.458897952287595,-18.6,3.1,11532.771,31126.771941,0.3705097021258764,816.196,-22662.186066,3.677294128816432
전국,2001,2001-12-01,-20.4,-13.7,11914.472,8632.961499,1.3801141127966474,-14.2,6.5,11301.958,30743.776486,0.3676177520073582,612.514,-22110.814987,3.5612085713067536
전국,2002,2002-01-01,-10.0,-15.4,11381.879,8151.295034,1.396327694252859,-8.9,4.4,11326.43,31833.895923,0.355797795764503,55.449,-23682.600889,3.905378935520935
전국,2002,2002-02-01,-17.5,-19.2,11023.037,7339.946842,1.5017870343317672,-17.8,-7.6,10471.161,30999.34492,0.3377865250708659,551.876,-23659.398078,4.2233745812188
전국,2002,2002-03-01,-6.2,-13.3,13251.323,8434.26354,1.571129825046942,-7.4,-5.3,11990.097,31275.473351,0.383370600516159,1261.226,-22841.209811,3.7081451394865943
전국,2002,2002-04-01,8.8,-9.0,13184.534,8189.451747,1.6099409835133132,12.0,18.3,12559.696,31629.100017,0.3970930564970049,624.838,-23439.64827,3.862175514812274
전국,2002,2002-05-01,6.5,-15.5,14173.177,8687.915149,1.6313668765090743,9.9,8.8,12698.101,31959.121356,0.3973232198267572,1475.076,-23271.206207,3.678571994303901
전국,2002,2002-06-01,-0.3,-4.7,12894.088,8195.988768,1.5732193350902357,1.8,-13.4,11934.221,27463.316528,0.434551340069673,959.867,-19267.32776,3.3508240805827323
전국,2002,2002-07-01,17.6,-2.5,13395.179,8376.889663,1.5990635592546183,17.3,8.3,13031.773,30609.25807,0.4257461245939961,363.406,-22232.368407,3.654012324550299
전국,2002,2002-08-01,18.6,1.3,13959.11,8937.661052,1.56183031766195,13.4,-0.5,12860.751,29302.569063,0.4388949983310206,1098.359,-20364.908011,3.278550047100175
전국,2002,2002-09-01,11.7,-3.5,13900.763,7911.384345,1.7570582332768716,10.9,0.5,12991.557,30284.220165,0.4289876684694879,909.206,-22372.83582,3.827929328719777
전국,2002,2002-10-01,24.8,-2.6,15084.659,8156.329299,1.8494421261105092,20.1,9.4,13817.061,31339.808801,0.4408789181751205,1267.598,-23183.479502,3.842391307673464
전국,2002,2002-11-01,23.1,-0.2,15196.561,8451.62675,1.7980634319895872,21.3,0.0,13993.431,31115.610998,0.4497238058702896,1203.13,-22663.984248,3.6816120633817615
전국,2002,2002-12-01,26.1,-7.0,15026.217,8031.625252,1.8708812386706213,27.9,13.9,14451.874,35002.515676,0.4128810092901164,574.343,-26970.890424,4.35808626246398
전국,2003,2003-01-01,25.8,0.2,14319.931,8166.059659,1.7535912787776022,28.0,10.1,14494.967,35049.933475,0.4135519118841922,-175.036,-26883.873816,4.292147613245842
전국,2003,2003-02-01,21.0,8.1,13337.145,7936.861441,1.6804054221109843,32.3,-4.5,13858.274,29617.523408,0.4679079276512612,-521.129,-21680.661967,3.731641736241317
전국,2003,2003-03-01,16.1,3.2,15378.85,8706.049331,1.7664556465628876,32.4,7.3,15870.217,33550.220238,0.4730286980955466,-491.367,-24844.170907,3.8536676008182384
전국,2003,2003-04-01,19.2,8.8,15720.592,8910.031902,1.7643698892336468,17.5,-1.2,14758.747,31257.167315,0.4721716095148976,961.845,-22347.135413,3.508087025814557
전국,2003,2003-05-01,3.5,-15.6,14676.092,7336.72543,2.000359988938553,6.5,-5.7,13523.642,30149.101855,0.4485587021809476,1152.45,-22812.376425,4.10934035117626
전국,2003,2003-06-01,21.4,0.4,15656.327,8230.73133,1.9021793291848343,12.5,0.7,13428.141,27660.971053,0.4854544323216605,2228.186,-19430.239723,3.3606942012770085
전국,2003,2003-07-01,15.2,5.7,15431.714,8853.938826,1.7429207839887102,14.3,12.5,14898.003,34426.838984,0.4327438544945675,533.711,-25572.900158,3.888307753257115
전국,2003,2003-08-01,10.1,-13.9,15375.268,7691.907386,1.998888861816569,5.3,-4.8,13541.36,27902.490454,0.485310084500316,1833.908,-20210.583068,3.6275125341193233
전국,2003,2003-09-01,22.4,2.5,17021.082,8107.501636,2.099423813178248,11.9,-1.1,14531.444,29952.147146,0.4851553355813632,2489.638,-21844.64551,3.694374480666463
전국,2003,2003-10-01,25.5,8.1,18929.665,8817.090117,2.146928833527765,19.7,8.2,16536.628,33918.188215,0.4875445555988403,2393.037,-25101.098098,3.846868724819227
전국,2003,2003-11-01,20.0,-2.8,18242.088,8216.055769,2.2202974898039547,12.6,1.6,15760.75,31616.958693,0.4984903878022092,2481.338,-23400.902924,3.8481918309627288
전국,2003,2003-12-01,31.3,7.8,19728.688,8655.022269,2.2794497098711046,22.0,1.6,17624.485,35574.011391,0.4954314768240863,2104.203,-26918.989122,4.110216043974456
전국,2004,2004-01-01,32.6,4.6,18987.12,8539.102339,2.2235498822026707,11.8,-2.1,16208.879,34329.642212,0.4721540323637323,2778.241,-25790.539873,4.020287010170707
전국,2004,2004-02-01,43.5,10.3,19136.968,8757.811798,2.1851312224327843,26.1,9.5,17468.564,32440.919622,0.5384731445206501,1668.404,-23683.107824,3.704226623071354
전국,2004,2004-03-01,37.7,2.6,21174.855,8934.212197,2.3700864198312037,20.5,0.9,19120.078,33847.039628,0.5648966116428952,2054.777,-24912.827431,3.7884750083913854
전국,2004,2004-04-01,36.7,1.3,21483.357,9024.142913,2.38065345452935,27.6,10.7,18829.952,34612.586158,0.5440203720705752,2653.405,-25588.443245,3.835553857213165
전국,2004,2004-05-01,42.0,31.9,20834.259,9673.500995,2.1537454754766374,32.3,8.1,17895.384,32599.752692,0.5489423238597616,2938.875,-22926.251697,3.3700056172889243
전국,2004,2004-06-01,38.3,-4.4,21657.111,7867.887839,2.752595288998501,38.1,14.8,18544.35,31756.443203,0.5839555104284517,3112.761,-23888.555364,4.0362094443680085
전국,2004,2004-07-01,36.1,2.0,21003.794,9035.238828,2.324652884095296,23.4,-7.7,18390.091,31766.680999,0.5789113127864668,2613.703,-22731.442171,3.5158651147721494
전국,2004,2004-08-01,28.8,14.7,19798.969,8825.56537,2.2433655148372664,33.8,10.0,18124.364,30698.466472,0.5903996545407632,1674.605,-21872.901102,3.4783569306903224
전국,2004,2004-09-01,22.4,7.4,20831.133,8703.545627,2.3934076861018565,25.2,3.9,18193.347,31110.78912,0.5847922060036772,2637.786,-22407.243493,3.5744960103947303
전국,2004,2004-10-01,19.7,9.4,22663.289,9646.421576,2.3493985641665884,23.4,3.8,20408.216,35199.264819,0.5797909730485045,2255.073,-25552.843243,3.648945315284031
전국,2004,2004-11-01,26.5,12.4,23076.612,9232.927142,2.499382010178111,28.9,9.8,20311.965,34726.792572,0.5849076029088103,2764.647,-25493.86543,3.761189927951453
전국,2004,2004-12-01,17.6,21.8,23197.206,10545.908209,2.1996404235913256,19.0,5.6,20967.497,37583.54408,0.5578903616798025,2229.709,-27037.635871,3.5638034520275617
전국,2005,2005-01-01,18.3,9.4,22454.025,9338.459229,2.404467851641996,20.0,-7.2,19450.003,31843.808695,0.6107938653410504,3004.022,-22505.349466,3.4099638831329955
전국,2005,2005-02-01,6.6,0.0,20401.096,8760.773323,2.328686663589413,5.3,-3.8,18396.908,31209.981329,0.5894559117504431,2004.188,-22449.208006,3.562468765977909
전국,2005,2005-03-01,13.1,8.4,23952.5,9680.834307,2.474218568401741,19.1,13.0,22779.866,38244.896663,0.5956315217878041,1172.634,-28564.062356,3.950578581367305
전국,2005,2005-04-01,6.5,0.1,22872.505,9030.604805,2.532776651607666,12.8,-5.7,21244.49,32626.504552,0.651142078862313,1628.015,-23595.899747,3.612881446648578
전국,2005,2005-05-01,11.0,2.1,23122.703,9877.895016,2.340853285294726,18.3,-2.7,21161.778,31705.022375,0.6674582263246235,1960.925,-21827.127359,3.209694203435539
전국,2005,2005-06-01,9.5,25.1,23707.576,9841.17004,2.4090200559119697,14.8,-0.1,21288.597,31721.777446,0.6711035356149129,2418.979,-21880.607406,3.223374590324628
전국,2005,2005-07-01,10.6,9.2,23235.522,9869.945367,2.3541692619381243,17.0,4.9,21508.824,33321.843896,0.6454872085449613,1726.698,-23451.898529,3.3760920306014093
전국,2005,2005-08-01,17.9,13.5,23342.967,10020.91855,2.32942388300322,21.4,2.3,22000.828,31397.00869,0.7007300669062559,1342.139,-21376.09014,3.1331467802420168
전국,2005,2005-09-01,17.7,14.9,24519.191,10001.341873,2.451590127740052,24.9,9.9,22718.657,34202.128142,0.6642468826991391,1800.534,-24200.786269,3.419753926653918
전국,2005,2005-10-01,11.9,2.2,25352.748,9858.807828,2.571583546642999,11.0,-10.0,22652.735,31685.523716,0.7149237993677605,2700.013,-21826.715888,3.213930555174221
전국,2005,2005-11-01,11.9,17.1,25826.192,10808.112271,2.389519219678728,17.4,2.1,23849.552,35466.371085,0.672455378725985,1976.64,-24658.258814,3.281458426386104
전국,2005,2005-12-01,10.5,2.6,25631.716,10815.740833,2.369853012915662,15.4,-6.0,24186.026,35336.046558,0.684457610737564,1445.69,-24520.305725,3.26709442317496
전국,2006,2006-01-01,3.6,0.1,23257.866,9346.590327,2.488379739166886,18.7,9.4,23089.304,34852.797866,0.6624806447038314,168.562,-25506.207539,3.7289317972265072
전국,2006,2006-02-01,16.6,7.7,23786.956,9431.312346,2.522125779249428,27.8,6.4,23507.78,33222.924063,0.7075770921133445,279.176,-23791.611717,3.5226194239119306
전국,2006,2006-03-01,12.1,7.4,26840.145,10400.781954,2.580589144038121,13.9,-8.0,25945.007,35200.133332,0.7370712705912883,895.138,-24799.351378,3.384373741097659
전국,2006,2006-04-01,11.9,10.0,25590.123,9930.274222,2.5769804970044463,15.3,0.9,24485.82,32928.375897,0.7436084936770545,1104.303,-22998.101675,3.3159583673982453
전국,2006,2006-05-01,20.8,7.9,27934.507,10656.915393,2.6212563363643477,23.9,9.1,26210.366,34599.094459,0.7575448551423604,1724.141,-23942.179066,3.246633118784675
전국,2006,2006-06-01,17.9,8.5,27948.805,10678.11584,2.617391065875532,22.2,11.9,26023.464,35488.88757,0.7332848613152514,1925.341,-24810.77173,3.3235158806818115
전국,2006,2006-07-01,10.9,12.2,25774.35,11076.546683,2.32693011076799,18.8,1.1,25549.715,33689.876807,0.7583795911860189,224.635,-22613.330124,3.04155056365233
전국,2006,2006-08-01,16.9,17.8,27287.195,11802.320691,2.312019450616028,22.9,10.4,27029.461,34667.831598,0.7796697905259047,257.734,-22865.510907,2.937374140700681
전국,2006,2006-09-01,20.9,15.5,29651.247,11549.271423,2.567369482801357,21.6,6.8,27636.644,36543.234133,0.7562725263838377,2014.603,-24993.96271,3.164115968408651
전국,2006,2006-10-01,10.5,8.6,28015.959,10703.243749,2.617520413156761,13.1,1.5,25621.762,32161.379765,0.796662400283062,2394.197,-21458.136016,3.0048255014284644
전국,2006,2006-11-01,18.5,12.8,30602.313,12186.332753,2.511199523291074,12.2,-1.3,26765.115,34995.11861,0.7648242401542185,3837.198,-22808.785857,2.871669379074274
전국,2006,2006-12-01,12.3,12.6,28775.383,12177.871742,2.3629238022566126,13.8,7.7,27518.194,38058.763317,0.7230448811695422,1257.189,-25880.891575,3.12523929659564
전국,2007,2007-01-01,20.8,7.1,28092.561,10014.210085,2.8052697877867616,19.4,2.9,27560.101,35874.336864,0.7682400124769035,532.46,-25860.126779,3.5823431463391358
전국,2007,2007-02-01,10.3,11.4,26225.125,10505.162304,2.496403600543552,8.1,5.6,25406.152,35090.877985,0.7240101547433538,818.973,-24585.715681,3.340346105041958
전국,2007,2007-03-01,13.2,11.5,30385.84,11594.538829,2.620702767754731,12.9,6.2,29295.46,37374.597732,0.7838334531402148,1090.38,-25780.058903,3.223465657687005
전국,2007,2007-04-01,17.0,17.6,29944.456,11682.319157,2.5632287217609013,20.9,10.1,29596.882,36243.872747,0.8166037389712945,347.574,-24561.55359,3.102455279633652
전국,2007,2007-05-01,11.1,5.8,31039.901,11275.963146,2.752749419104921,13.9,12.8,29856.937,39024.608288,0.7650797358337856,1182.964,-27748.645142,3.4608669594529022
전국,2007,2007-06-01,14.5,5.5,32000.109,11262.871343,2.841203457401511,9.5,-1.0,28508.098,35147.424641,0.8111006223410427,3492.011,-23884.553298,3.120645133076524
전국,2007,2007-07-01,17.2,0.1,30207.444,11086.647141,2.724669019931966,14.4,4.8,29223.201,35323.695123,0.8272973962164043,984.243,-24237.047982,3.186147685026246
전국,2007,2007-08-01,13.6,-2.6,30998.134,11494.861525,2.696694860793462,9.7,1.9,29642.05,35340.990796,0.8387441702215936,1356.084,-23846.129271,3.074503396072881
전국,2007,2007-09-01,-1.1,-11.0,29323.535,10282.267029,2.851855035207333,-1.6,-8.2,27193.582,33555.432089,0.8104077434578614,2129.953,-23273.16506,3.2634274128808958
전국,2007,2007-10-01,22.9,6.3,34433.813,11381.067736,3.025534492785836,27.8,17.3,32741.232,37715.210603,0.8681174379388364,1692.581,-26334.142867,3.313855209182282
전국,2007,2007-11-01,17.0,-4.1,35807.893,11690.601941,3.0629640099555933,26.8,9.0,33926.124,38155.495506,0.8891543288873047,1881.769,-26464.893565,3.263775098883935
전국,2007,2007-12-01,14.8,-4.6,33030.276,11620.722049,2.842360041030528,23.2,-1.0,33895.915,37672.338792,0.8997560567489388,-865.639,-26051.616743,3.24182427160297
전국,2008,2008-01-01,14.9,7.3,32274.575,10747.196798,3.003069135758837,31.8,13.6,36318.03,40757.637399,0.8910729943559259,-4043.455,-30010.440601,3.792397046882476
전국,2008,2008-02-01,18.9,2.4,31178.19,10755.70795,2.898757584804076,28.4,5.6,32624.334,37047.841152,0.880600137161806,-1446.144,-26292.133202,3.44448188108343
전국,2008,2008-03-01,18.4,1.7,35991.776,11790.948425,3.0524920220741274,26.7,4.5,37110.561,39052.67794,0.9502693018137236,-1118.785,-27261.729515,3.3120896243764206
전국,2008,2008-04-01,26.4,3.8,37850.247,12124.370353,3.121831971310123,29.3,8.5,38260.401,39307.894716,0.9733515691041672,-410.154,-27183.524363,3.242056582861957
전국,2008,2008-05-01,26.9,12.5,39383.158,12686.558618,3.104321604136382,29.6,2.0,38704.468,39807.227687,0.9722975009545785,678.69,-27120.669069,3.137748296099821
전국,2008,2008-06-01,16.4,1.8,37258.608,11464.600881,3.249882694280948,32.7,1.8,37827.931,35767.824084,1.0575966519842492,-569.323,-24303.223203,3.1198490427413947
전국,2008,2008-07-01,35.6,19.8,40961.223,13283.291748,3.0836650867182325,47.0,16.8,42952.491,41268.842734,1.0407970796964678,-1991.268,-27985.550986,3.1068234829829477
전국,2008,2008-08-01,18.1,4.2,36610.603,11976.610439,3.0568417655786124,36.4,5.3,40420.447,37225.25249,1.0858340587712156,-3809.844,-25248.642051,3.1081625873696
전국,2008,2008-09-01,27.6,20.7,37428.303,12409.116733,3.0161939649149723,45.4,9.4,39528.073,36718.725765,1.0765099326425387,-2099.77,-24309.609032,2.959012035671532
전국,2008,2008-10-01,7.8,14.4,37111.14,13021.807647,2.8499223000387177,10.3,1.0,36098.774,38091.906872,0.947675686630824,1012.366,-25070.099225,2.925239560021893
전국,2008,2008-11-01,-19.5,-4.4,28841.617,11173.871964,2.5811658745439336,-15.0,-6.9,28853.646,35521.664475,0.8122830511027173,-12.029,-24347.792511,3.178993332789543
전국,2008,2008-12-01,-17.9,2.7,27117.889,11936.907661,2.271768348229665,-21.6,-1.7,26575.58,37027.58506,0.717723825546186,542.309,-25090.677399,3.1019411485418207
전국,2009,2009-01-01,-34.5,-8.5,21133.405,9836.345818,2.1485016276397046,-31.4,-6.1,24898.821,38255.042711,0.6508637616248302,-3765.416,-28418.696893,3.889151867860854
전국,2009,2009-02-01,-18.5,2.4,25397.15,11008.973759,2.306949817119643,-30.7,-9.0,22598.094,33697.196769,0.6706223711994136,2799.056,-22688.22301,3.0608844663156765
전국,2009,2009-03-01,-22.5,10.4,27890.831,13020.584081,2.142056825292429,-35.5,-12.7,23920.622,34081.770957,0.7018597135160601,3970.209,-21061.186876,2.61753011577515
전국,2009,2009-04-01,-19.9,7.7,30326.509,13055.019594,2.3229769041432817,-35.0,-11.0,24873.845,34976.566626,0.7111574233678473,5452.664,-21921.547032,2.679166153230057
전국,2009,2009-05-01,-29.4,-8.5,27823.839,11611.209201,2.396291249115011,-39.5,-15.5,23407.033,33617.385234,0.6962776205546932,4416.806,-22006.176033,2.8952527382854103
전국,2009,2009-06-01,-13.6,12.3,32210.048,12877.528198,2.5012601412903543,-32.1,-5.7,25689.293,33715.081463,0.7619525709345311,6520.755,-20837.553265,2.6181329945164684
전국,2009,2009-07-01,-22.1,-4.3,31908.462,12708.550027,2.5107869845268542,-35.6,-11.1,27679.764,36689.993484,0.7544227014395836,4228.698,-23981.443457,2.887032226811881
전국,2009,2009-08-01,-20.9,-3.5,28949.627,11552.941914,2.505822951028472,-32.2,-1.6,27408.191,36648.117435,0.7478744589981147,1541.436,-25095.175521,3.1721891885035234
전국,2009,2009-09-01,-9.4,1.0,33922.429,12533.832669,2.706468954536192,-24.7,3.1,29757.14,37845.064583,0.7862885247490609,4165.289,-25311.231914,3.019432729192437
전국,2009,2009-10-01,-8.5,-5.7,33970.032,12282.675959,2.765686574602566,-15.8,7.8,30396.532,41074.774887,0.740029180528032,3573.5,-28792.098928,3.3441226508058204
전국,2009,2009-11-01,17.9,14.4,33991.607,12788.111401,2.658063097365725,2.4,4.3,29534.69,37049.772654,0.7971625163754237,4456.917,-24261.661253,2.897204402762928
전국,2009,2009-12-01,32.8,15.9,36009.623,13839.612817,2.6019241633528423,23.9,8.7,32920.497,40237.768439,0.8181491737024905,3089.126,-26398.155622,2.907434548282565
전국,2010,2010-01-01,45.4,11.5,30735.415,10969.983651,2.8017740023886204,26.7,6.8,31535.995,40872.901596,0.7715624232336431,-800.58,-29902.917945,3.725885370145845
전국,2010,2010-02-01,30.1,7.0,33039.402,11782.285118,2.8041590972472,37.4,15.9,31044.126,39040.509659,0.7951772728162478,1995.276,-27258.224541,3.31349218492066
전국,2010,2010-03-01,33.8,0.8,37308.94,13128.532137,2.841821127500813,48.7,25.0,35575.754,42612.75554,0.8348616171185066,1733.186,-29484.223403,3.245812638863482
전국,2010,2010-04-01,29.6,5.5,39301.014,13779.551558,2.85212576291592,42.8,19.8,35522.367,41894.271438,0.8479051140099217,3778.647,-28114.71988,3.04032183207569
전국,2010,2010-05-01,39.8,12.7,38887.93,13090.376371,2.970726654288648,48.9,19.0,34853.57,40002.754267,0.8712792566073936,4034.36,-26912.377896,3.055890306990777
전국,2010,2010-06-01,30.5,11.7,42049.045,14378.416602,2.924455881612937,37.2,20.5,35254.773,40610.758507,0.8681141228604041,6794.272,-26232.341905,2.824424944075633
전국,2010,2010-07-01,26.7,13.7,40423.611,14444.402926,2.7985657286835504,28.0,13.2,35421.718,41534.195825,0.8528326429924323,5001.893,-27089.792899,2.8754525914143696
전국,2010,2010-08-01,26.0,14.2,36480.955,13195.283968,2.764696469471236,28.7,10.2,35274.964,40370.631306,0.8737778642257035,1205.991,-27175.347338,3.0594742336658443
전국,2010,2010-09-01,16.2,9.5,39410.882,13722.678968,2.871952487695914,17.6,4.7,35001.78,39606.027542,0.8837488173456061,4409.102,-25883.348574,2.886173146974985
전국,2010,2010-10-01,27.6,20.2,43340.335,14766.263216,2.935091591286178,21.7,3.7,37001.095,42601.131016,0.8685472455203888,6339.24,-27834.8678,2.885031263010367
전국,2010,2010-11-01,21.4,9.6,41260.912,14009.547663,2.945199444873754,30.9,17.6,38669.304,43570.201469,0.8875172181040529,2591.608,-29560.653806,3.1100362779071977
전국,2010,2010-12-01,22.6,10.6,44145.32,15305.443282,2.884288889033172,21.7,8.8,40056.714,43773.926114,0.9150815920801962,4088.606,-28468.482832,2.860023411767526
전국,2011,2011-01-01,44.7,32.2,44465.366,14503.815004,3.0657703499208258,33.1,15.1,41981.323,47052.557429,0.8922219172326128,2484.043,-32548.742425,3.24415041256548
전국,2011,2011-02-01,16.4,11.8,38467.412,13166.743351,2.9215585794097247,17.3,4.0,36401.588,40590.57899,0.8967989347717358,2065.824,-27423.835639,3.0828108293701333
전국,2011,2011-03-01,28.8,18.2,48052.991,15515.101904,3.097175339055382,28.1,9.4,45565.952,46631.504152,0.9771495221658146,2487.039,-31116.402248,3.005555776593241
전국,2011,2011-04-01,23.5,11.8,48536.725,15402.277274,3.151269395853105,24.4,2.5,44188.522,42951.675514,1.0287962337021486,4348.203,-27549.39824,2.788657466029721
전국,2011,2011-05-01,21.7,14.8,47331.329,15022.383718,3.150720277720441,29.9,6.4,45284.932,42569.318534,1.0637927399244376,2046.397,-27546.934816,2.8337259474335577
전국,2011,2011-06-01,11.1,6.3,46736.893,15289.139601,3.056868746030884,27.1,4.8,44824.772,42567.587267,1.0530259025216084,1912.121,-27278.447666,2.784171534689619
전국,2011,2011-07-01,21.1,9.0,48950.113,15749.915425,3.107960371793552,25.1,2.9,44296.129,42751.31514,1.0361348850892915,4653.984,-27001.399715,2.7143837910481987
전국,2011,2011-08-01,25.5,19.8,45792.061,15805.231518,2.897272396664933,28.7,7.4,45381.68,43355.349518,1.046737726820971,410.381,-27550.118,2.743101198399035
전국,2011,2011-09-01,18.0,12.9,46510.965,15489.517783,3.002738087240298,29.4,18.2,45279.469,46818.34822,0.967130851930769,1231.496,-31328.830437,3.02258268306996
전국,2011,2011-10-01,7.6,6.6,46613.48,15735.612042,2.9622921482547824,15.4,-2.2,42709.77,41684.593205,1.024593661978619,3903.71,-25948.981163,2.649060811472693
전국,2011,2011-11-01,11.5,10.5,46012.595,15475.176905,2.9733162523740466,11.2,2.5,43010.481,44679.85524,0.9626369819008394,3002.114,-29204.678335,2.887195119919051
전국,2011,2011-12-01,8.2,7.2,47743.725,16407.829355,2.909813599777044,13.6,4.6,45488.471,45773.667529,0.993769419310364,2255.254,-29365.838174,2.7897454647193336
전국,2012,2012-01-01,-7.3,4.1,41200.358,15091.390037,2.730057198110173,3.7,-3.4,43517.291,45463.917502,0.9571830451717152,-2316.933,-30372.527465,3.0125732215875933
전국,2012,2012-02-01,20.4,19.0,46316.184,15673.032331,2.9551514360364277,23.9,13.9,45099.984,46213.934084,0.9758957962337668,1216.2,-30540.901753,2.9486274964540558
전국,2012,2012-03-01,-1.5,1.2,47329.817,15704.829596,3.01371095500806,-1.1,-6.0,45053.406,43817.306506,1.0282103030187568,2276.411,-28112.47691,2.7900529730777985
전국,2012,2012-04-01,-5.0,-0.4,46094.754,15338.509933,3.0051650519735005,-0.5,-4.3,43957.176,41103.8212,1.0694182369594387,2137.578,-25765.311267,2.67977928622436
전국,2012,2012-05-01,-1.0,7.5,46872.357,16151.778566,2.9019935364064358,-1.8,4.9,44480.339,44661.517551,0.9959432961319976,2392.018,-28509.738985,2.765114527078392
전국,2012,2012-06-01,0.9,9.9,47162.605,16806.922343,2.806141662196886,-6.3,2.7,41993.629,43705.470783,0.960832322536934,5168.976,-26898.54844,2.600444619844579
전국,2012,2012-07-01,-8.7,0.3,44667.681,15796.72346,2.827654805321255,-5.2,2.5,41976.9,43807.092051,0.9582215580785572,2690.781,-28010.368591,2.773175852696734
전국,2012,2012-08-01,-6.0,-2.5,43045.181,15410.317225,2.793270272864224,-9.4,3.7,41115.675,44951.814215,0.9146610813825636,1929.506,-29541.49699,2.916994735324146
전국,2012,2012-09-01,-2.4,3.3,45412.538,16000.131478,2.838260301950751,-6.0,-5.0,42559.535,44470.633811,0.9570255998796384,2853.003,-28470.502333,2.779391773883022
전국,2012,2012-10-01,1.0,1.8,47087.76,16011.748246,2.9408256535486874,1.6,5.7,43379.893,44048.098655,0.9848300908460632,3707.867,-28036.350409,2.750986212014915
전국,2012,2012-11-01,3.9,-0.1,47805.246,15462.37404,3.091714498454857,0.9,4.0,43381.537,46459.416751,0.933751218455971,4423.709,-30997.042711,3.004675519477991
전국,2012,2012-12-01,-6.0,-7.9,44875.311,15104.678837,2.9709543303942807,-5.3,-2.2,43069.109,44744.880082,0.9625483166134547,1806.202,-29640.201245,2.962319196909648
전국,2013,2013-01-01,10.9,7.7,45673.109,16257.630197,2.809333737239761,4.1,1.5,45296.942,46128.690402,0.981968956960375,376.167,-29871.060205,2.837356357786516
전국,2013,2013-02-01,-8.6,-4.4,42331.837,14984.188316,2.8251004396947144,-10.3,-5.2,40458.472,43790.791123,0.9239036555964438,1873.365,-28806.602807,2.9224666828459798
전국,2013,2013-03-01,0.0,2.5,47312.704,16099.910526,2.938693598550996,-2.4,1.5,43976.739,44468.480823,0.9889417894675264,3335.965,-28368.570297,2.7620327921193817
전국,2013,2013-04-01,0.1,-3.6,46157.925,14784.28106,3.122094663424912,-0.7,11.2,43648.241,45713.754194,0.9548163735309426,2509.684,-30929.473134,3.0920512136151177
전국,2013,2013-05-01,3.1,-2.5,48307.56,15745.399845,3.0680427601424305,-4.7,-3.1,42389.874,43285.663274,0.9793051739018156,5917.686,-27540.263429,2.749099019403149
전국,2013,2013-06-01,-1.0,-10.3,46690.983,15080.371016,3.096142856860863,-3.0,-1.5,40719.394,43034.756059,0.9461978579400876,5971.589,-27954.385043,2.8536934544475665
전국,2013,2013-07-01,2.6,-3.5,45829.521,15245.646202,3.00607271038389,3.4,3.1,43384.403,45152.677242,0.960837887141824,2445.118,-29907.03104,2.961676838340683
전국,2013,2013-08-01,7.6,-0.6,46311.341,15323.880678,3.0221679464319826,1.2,-1.5,41593.821,44290.028755,0.9391238201737312,4717.52,-28966.148077,2.8902619176998527
전국,2013,2013-09-01,-1.7,-7.5,44650.486,14799.486066,3.017029496894423,-3.5,-5.9,41055.405,41834.53205,0.9813759826674098,3595.081,-27035.045984,2.8267557308026863
전국,2013,2013-10-01,7.2,-1.8,50480.484,15722.427723,3.210730867355376,5.1,2.9,45604.963,45336.669728,1.005917798409315,4875.521,-29614.242005,2.8835667447005
전국,2013,2013-11-01,0.2,3.6,47905.028,16024.822582,2.989426419847523,-0.6,-0.8,43106.074,46083.016234,0.9354004473386962,4798.954,-30058.193652,2.875727078923363
전국,2013,2013-12-01,6.9,-2.0,47981.456,14797.202545,3.242603178140115,3.0,3.3,44351.186,46211.19331,0.9597498532980429,3630.27,-31413.990765,3.122968221153048
전국,2014,2014-01-01,-0.2,-4.5,45559.632,15527.931767,2.9340438046503685,-1.2,6.3,44746.013,49050.634533,0.912241267131744,813.619,-33522.702766,3.158864636257775
전국,2014,2014-02-01,1.4,-4.0,42911.735,14384.286029,2.983237048643647,4.0,3.1,42061.554,45167.936838,0.9312259302624027,850.181,-30783.650809,3.1400888961007465
전국,2014,2014-03-01,3.7,-1.0,49064.392,15946.573888,3.0767983357805515,3.6,4.4,45558.675,46409.074281,0.9816760128450104,3505.717,-30462.500393,2.9102849682290324
전국,2014,2014-04-01,8.9,11.4,50267.448,16463.986077,3.0531760513465844,5.1,4.0,45873.333,47550.473608,0.9647292554470408,4394.115,-31086.487531,2.888150742208624
전국,2014,2014-05-01,-1.5,-0.9,47577.183,15610.004359,3.047864811938327,0.5,2.3,42607.483,44289.191188,0.9620289252774692,4969.7,-28679.186829,2.8372311864515862
전국,2014,2014-06-01,2.4,0.2,47827.709,15110.943355,3.165104115367786,4.3,2.3,42476.381,44012.955174,0.9650881389825942,5351.328,-28902.011819,2.912654368427417
전국,2014,2014-07-01,5.2,5.5,48204.545,16086.921872,2.9965051974238865,5.7,3.4,45863.916,46691.257014,0.982280600975212,2340.629,-30604.335142,2.902435741623648
전국,2014,2014-08-01,-0.4,3.4,46108.37,15843.05192,2.9103212078598046,2.9,4.5,42791.869,46266.518883,0.9248992583214054,3316.501,-30423.466963,2.920303431221729
전국,2014,2014-09-01,6.3,6.4,47446.217,15744.799393,3.0134532562602336,7.6,8.8,44184.712,45496.811265,0.9711606323933876,3261.505,-29752.011872,2.889640580954463
전국,2014,2014-10-01,2.3,12.2,51630.657,17642.170273,2.926547936056189,-3.3,5.4,44097.421,47767.726559,0.9231634866594154,7533.236,-30125.556286,2.707587888555008
전국,2014,2014-11-01,-2.7,0.1,46605.342,16036.1101,2.906274757991341,-4.1,-4.5,41343.254,44022.383054,0.9391416623058854,5262.088,-27986.272954,2.74520334292292
전국,2014,2014-12-01,3.1,14.8,49461.377,16992.998998,2.910691456276869,-1.0,5.9,43909.896,48950.675159,0.8970232965607379,5551.481,-31957.676161,2.880637794703647
전국,2015,2015-01-01,-1.0,5.2,45105.389,16335.598647,2.761171474317748,-12.2,-0.8,39283.025,48647.22512,0.8075080316112386,5822.364,-32311.626473,2.9779885127707866
전국,2015,2015-02-01,-3.4,-1.0,41472.191,14237.475996,2.9128892657414527,-19.2,-1.3,33998.316,44558.275113,0.7630079017596644,7473.875,-30320.799117,3.12964707547311
전국,2015,2015-03-01,-4.6,6.1,46822.771,16923.506471,2.7667298783638703,-15.5,-0.1,38485.935,46341.620132,0.8304831572650292,8336.836,-29418.113661,2.738298957808222
전국,2015,2015-04-01,-8.0,-0.9,46221.931,16322.432264,2.831804124067033,-17.5,0.2,37858.798,47665.799402,0.7942549684462333,8363.133,-31343.367138,2.920263269042904
전국,2015,2015-05-01,-11.0,-3.1,42327.311,15119.304897,2.799554032963424,-15.4,5.0,36039.8,46519.830674,0.7747190709389812,6287.511,-31400.525777,3.076849828144583
전국,2015,2015-06-01,-2.7,10.7,46554.512,16731.601325,2.7824301509287843,-13.8,1.9,36598.398,44861.923127,0.8158009164340388,9956.114,-28130.321802,2.681268950627474
전국,2015,2015-07-01,-5.2,7.7,45695.747,17323.426117,2.637800784404731,-15.7,6.7,38647.067,49812.054538,0.7758577187479269,7048.68,-32488.628421,2.8754158791440183
전국,2015,2015-08-01,-15.2,3.1,39107.399,16334.665301,2.394135311582164,-18.7,-1.8,34772.163,45426.480086,0.7654602103039994,4335.236,-29091.814785,2.780986279726161
전국,2015,2015-09-01,-8.5,5.3,43432.312,16576.422221,2.620125828176442,-21.8,0.3,34540.504,45655.972399,0.7565385684514856,8891.808,-29079.550178,2.7542718078911075
전국,2015,2015-10-01,-16.0,-9.5,43352.046,15973.741831,2.713956846095217,-16.6,0.8,36762.975,48171.747647,0.7631646513927026,6589.071,-32198.005816,3.015683373166443
전국,2015,2015-11-01,-5.0,-0.2,44285.052,16008.125374,2.7664108673165866,-17.6,2.6,34049.682,45162.176047,0.7539424576124212,10235.37,-29154.050673,2.8212032946937864
전국,2015,2015-12-01,-14.3,0.8,42379.843,17136.970901,2.4730066500566323,-19.2,8.4,35462.311,53046.198243,0.6685174842794624,6917.532,-35909.227342,3.095424421821512
전국,2016,2016-01-01,-19.6,-5.5,36260.42,15435.344775,2.349181085914552,-20.3,-2.1,31321.901,47643.584032,0.6574211750938495,4938.519,-32208.239257,3.086654993879137
전국,2016,2016-02-01,-13.4,11.1,35924.541,15824.799774,2.2701418983527164,-14.2,2.5,29163.323,45650.107622,0.6388445618022031,6761.218,-29825.307848,2.884719445044904
전국,2016,2016-03-01,-8.2,-2.0,43002.468,16581.586063,2.593386895355886,-13.4,5.9,33344.423,49083.313335,0.6793433599810179,9658.045,-32501.727272,2.9601096751850573
전국,2016,2016-04-01,-11.1,5.4,41081.553,17196.662289,2.388925961887278,-14.4,-1.7,32388.783,46861.835656,0.6911548074590431,8692.77,-29665.173367,2.725054133671951
전국,2016,2016-05-01,-6.1,2.7,39733.794,15521.577929,2.5599068716952225,-8.4,1.7,33025.444,47289.283166,0.6983705776226399,6708.35,-31767.705237,3.046680136666149
전국,2016,2016-06-01,-2.9,-2.9,45209.071,16246.644845,2.7826712180461897,-7.4,1.3,33890.231,45422.760823,0.7461068060583307,11318.84,-29176.115978,2.795824076684924
전국,2016,2016-07-01,-10.5,-1.4,40881.7,17088.124879,2.3924040987224107,-13.6,-4.1,33371.802,47766.1236,0.6986499947004282,7509.898,-30677.998721,2.7952817490642823
전국,2016,2016-08-01,2.6,-3.6,40124.791,15739.102708,2.5493696651210644,1.0,5.6,35103.611,47987.003113,0.7315233026187917,5021.18,-32247.900405,3.0489033589321948
전국,2016,2016-09-01,-6.0,-0.2,40846.252,16538.933538,2.469702892641251,-1.6,9.3,33988.443,49902.812303,0.6810927366904475,6857.809,-33363.878765,3.017293236492115
전국,2016,2016-10-01,-3.2,-3.4,41983.329,15429.772454,2.7209298857233817,-4.7,-2.6,35050.112,46938.401846,0.7467257218299796,6933.217,-31508.629392,3.0420670159547125
전국,2016,2016-11-01,2.3,3.2,45309.141,16525.347364,2.7417965869028977,9.4,11.4,37240.858,50306.458358,0.7402798609868302,8068.283,-33781.110994,3.044199752653381
전국,2016,2016-12-01,6.3,-3.4,45068.88,16554.71032,2.72242033408169,8.0,2.5,38303.957,54362.574126,0.704601605347462,6764.923,-37807.863806,3.2838130704300963
전국,2017,2017-01-01,11.0,5.0,40257.0,16210.838468,2.4833385441145954,20.2,9.0,37645.403,51922.695901,0.725027896698156,2611.597,-35711.857433,3.202961771748869
전국,2017,2017-02-01,20.2,2.0,43166.536,16147.456091,2.673271613604786,24.1,4.1,36203.282,47522.587441,0.7618120971411103,6963.254,-31375.13135,2.9430386540878937
전국,2017,2017-03-01,13.1,5.7,48637.832,17526.032289,2.7751764459846933,27.7,6.5,42579.492,52296.140953,0.8141995035210605,6058.34,-34770.108664,2.9839121650952927
전국,2017,2017-04-01,23.8,-8.5,50843.799,15741.945923,3.229829352018922,17.2,1.2,37959.391,47404.372601,0.8007571647346144,12884.408,-31662.426678,3.011341344511872
전국,2017,2017-05-01,13.1,6.3,44926.979,16496.545407,2.7234174120441046,19.0,1.7,39287.764,48094.479331,0.8168871884361267,5639.215,-31597.933924,2.915427330051297
전국,2017,2017-06-01,13.4,2.0,51272.452,16572.209707,3.093881438052454,19.7,12.3,40551.012,51031.774017,0.7946228164925525,10721.44,-34459.56431,3.0793584512416885
전국,2017,2017-07-01,19.4,-1.9,48830.44,16755.919513,2.9142202528554244,15.7,2.8,38607.157,49097.362714,0.7863387128325583,10223.283,-32341.443201,2.930150307532096
전국,2017,2017-08-01,17.4,7.8,47105.569,16964.087507,2.77678177388336,15.5,8.0,40549.772,51803.85532,0.7827558730816099,6555.797,-34839.767813,3.0537366244204907
전국,2017,2017-09-01,34.9,16.9,55115.24,19330.53239,2.8512013475899924,22.7,7.1,41695.884,53442.545539,0.7802001865643206,13419.356,-34112.013149,2.7646701322435745
전국,2017,2017-10-01,6.7,-9.1,44791.239,14024.325379,3.1938248571350405,8.0,-1.4,37856.562,46294.632717,0.8177311229882286,6934.677,-32270.307338,3.3010238614629905
전국,2017,2017-11-01,9.7,2.4,49707.197,16920.35656,2.937715693149672,12.8,-0.9,42013.512,49845.371237,0.8428769002489354,7693.685,-32925.014677,2.9458818471258037
전국,2017,2017-12-01,8.8,3.8,49040.139,17186.867473,2.853349458651522,13.6,-3.7,43529.066,52327.808485,0.8318534114127444,5511.073,-35140.941012,3.044639086628512
전국,2018,2018-01-01,22.3,5.8,49221.291,17143.258349,2.871174778910753,21.7,2.5,45805.322,53207.016535,0.8608887508261038,3415.969,-36063.758186,3.103669993872761
전국,2018,2018-02-01,3.1,-2.6,44523.53,15719.751189,2.8323304526063766,15.2,3.0,41722.154,48960.179895,0.8521650469724035,2801.376,-33240.428706,3.1145645568016502
전국,2018,2018-03-01,5.5,-9.7,51309.932,15826.267036,3.2420741974898646,5.4,-6.4,44897.838,48925.716276,0.917673596166116,6412.094,-33099.44924,3.0914249181255884
전국,2018,2018-04-01,-2.0,9.3,49850.235,17207.569639,2.896994523097394,15.1,4.9,43693.963,49733.163236,0.8785679445455332,6156.272,-32525.593597,2.8901910193803637
전국,2018,2018-05-01,12.8,1.6,50687.75,16759.538331,3.0244120690510448,13.2,3.3,44458.729,49686.356691,0.8947874620087225,6229.021,-32926.81836,2.964661419049682
전국,2018,2018-06-01,-0.4,0.2,51079.375,16605.4788,3.0760555365618245,11.0,0.6,45000.164,51345.710705,0.8764152522601645,6079.211,-34740.231905,3.092094562488617
전국,2018,2018-07-01,6.1,3.2,51810.255,17289.215529,2.996680497914799,16.3,1.6,44917.044,49864.103202,0.9007891672701018,6893.211,-32574.887673,2.884116003896223
전국,2018,2018-08-01,8.7,1.5,51180.449,17215.014922,2.973012177560981,9.4,0.6,44360.778,52133.509417,0.8509071899451791,6819.671,-34918.494495,3.0283743379377364
전국,2018,2018-09-01,-8.1,-16.4,50650.208,16155.204494,3.135225432696401,-1.6,-12.6,41032.928,46735.144504,0.8779886835802561,9617.28,-30579.94001,2.8928847370119835
전국,2018,2018-10-01,22.5,26.3,54860.31,17710.317188,3.0976469488175944,28.1,12.2,48480.618,51927.573374,0.9336199411982176,6379.692,-34217.256186,2.9320521379021165
전국,2018,2018-11-01,3.6,0.0,51479.53,16922.118051,3.042144597080024,11.4,8.3,46808.199,53974.642643,0.8672257324536559,4671.331,-37052.524592,3.1895914258682536
전국,2018,2018-12-01,-1.7,1.5,48206.793,17449.800226,2.762598561338968,1.1,-2.1,44024.694,51220.819307,0.8595078055298394,4182.099,-33771.019081,2.9353241093661104
전국,2019,2019-01-01,-6.2,8.0,46168.934,18515.404114,2.49354179448292,-1.4,1.1,45153.389,53773.10456,0.8397021032999475,1015.545,-35257.700446,2.90423607440146
전국,2019,2019-02-01,-11.3,-3.4,39481.803,15190.954059,2.5990337964723613,-12.2,-3.4,36651.437,47313.038105,0.7746582859181623,2830.366,-32122.084046,3.114553432341468
전국,2019,2019-03-01,-8.4,-0.9,47003.206,15687.940265,2.9961362171211707,-6.5,-9.3,41992.349,44399.329905,0.9457879001743912,5010.857,-28711.38964,2.8301567417397355
전국,2019,2019-04-01,-2.1,2.1,48781.156,17574.328428,2.775705268047697,3.1,-0.8,45047.164,49324.579415,0.9132802455544264,3733.992,-31750.250987,2.806626700819728
전국,2019,2019-05-01,-9.8,0.6,45703.948,16852.04859,2.712070746527559,-1.9,-1.6,43619.667,48889.262969,0.8922136344673189,2084.281,-32037.214379,2.90108723030925
전국,2019,2019-06-01,-13.8,-4.5,44008.404,15851.294557,2.77632869932164,-10.9,-9.5,40104.812,46477.662272,0.86288358836328,3903.592,-30626.367715,2.9321051416255
전국,2019,2019-07-01,-11.1,2.6,46078.221,17736.020316,2.5980022676469288,-2.6,2.5,43762.245,51097.748156,0.8564417529006383,2315.976,-33361.72784,2.881015427677637
전국,2019,2019-08-01,-14.0,-0.1,44020.065,17191.006612,2.560644992671474,-4.3,1.6,42457.25,52950.777402,0.801824866095287,1562.815,-35759.77079,3.0801440891214757
전국,2019,2019-09-01,-11.9,2.9,44629.053,16621.147856,2.685076469245747,-5.6,-4.2,38741.473,44749.395422,0.8657429365169402,5887.58,-28128.247566,2.692316788809872
전국,2019,2019-10-01,-15.0,-2.4,46648.756,17289.887571,2.698036977304761,-14.6,-2.6,41396.517,50574.709265,0.8185220953637449,5252.239,-33284.821694,2.925103419979896
전국,2019,2019-11-01,-14.5,-2.7,44040.722,16462.4455,2.6752235565487523,-13.0,-10.4,40729.215,48382.664514,0.8418142202196119,3311.507,-31920.219014,2.9389718868925034
전국,2019,2019-12-01,-5.3,0.7,45668.341,17570.449379,2.5991561180320337,-0.8,5.5,43687.43,54022.640804,0.8086874197524466,1980.911,-36452.191425,3.074630570836011
전국,2020,2020-01-01,-6.6,-10.2,43103.061,16633.307635,2.591370396426868,-5.4,-4.6,42718.1,51272.911555,0.8331514381463723,384.961,-34639.60392,3.0825445353461114
전국,2020,2020-02-01,3.6,6.8,40911.819,16221.972464,2.5220002740598906,0.9,-5.8,36977.247,44547.609313,0.8300613112634353,3934.572,-28325.636849,2.746127785129743
전국,2020,2020-03-01,-1.8,12.9,46167.204,17714.258048,2.6062171994390946,-0.4,2.3,41803.86,45440.167379,0.9199759246335764,4363.344,-27725.909331,2.565174745443564
전국,2020,2020-04-01,-25.6,-11.3,36270.183,15582.202022,2.327667357206081,-15.8,-4.7,37932.611,47027.970369,0.8065968125429563,-1662.428,-31445.768347,3.0180567741711184
전국,2020,2020-05-01,-23.7,-20.7,34854.511,13370.518103,2.606818279702979,-20.5,-12.3,34661.974,42897.957455,0.8080098926938525,192.537,-29527.439352,3.2083990406755296
전국,2020,2020-06-01,-10.9,-1.9,39214.071,15551.484258,2.5215645239667386,-10.7,-8.4,35794.86,42560.411576,0.8410365096230619,3419.211,-27008.927318,2.7367427359292766
전국,2020,2020-07-01,-7.1,-5.4,42785.144,16771.343079,2.551086326149562,-11.2,-8.2,38849.185,46907.196092,0.8282137547468055,3935.959,-30135.853013,2.7968658127764487
전국,2020,2020-08-01,-10.3,-12.4,39469.231,15052.190444,2.6221586251410307,-15.6,-20.6,35817.929,42017.18105,0.8524591156502632,3651.302,-26964.990606,2.7914329948402026
전국,2020,2020-09-01,7.1,1.8,47819.948,16926.314615,2.8251836910571333,1.7,4.1,39400.19,46589.418987,0.8456896620881657,8419.758,-29663.104372,2.752484521687476
전국,2020,2020-10-01,-3.9,-11.7,44818.534,15262.454351,2.9365220671119308,-5.6,-11.0,39093.795,44994.341586,0.8688602526892858,5724.739,-29731.887235,2.9480410261179237
전국,2020,2020-11-01,3.9,-9.8,45751.883,14850.752017,3.080778868815987,-1.9,-7.8,39944.763,44628.151375,0.8950575313853676,5807.12,-29777.399358,3.005110537426867
전국,2020,2020-12-01,12.4,-6.0,51332.449,16519.587118,3.107368763718517,2.2,-10.0,44638.246,48621.893522,0.9180688526620726,6694.203,-32102.306404,2.943287454746422
전국,2021,2021-01-01,11.4,-14.4,48006.974,14238.150086,3.371714282405549,4.1,-13.2,44456.822,44484.704443,0.9993732128076578,3550.152,-30246.554357,3.12433175477906
전국,2021,2021-02-01,9.3,-10.9,44706.907,14448.039127,3.094323500027991,14.7,0.6,42404.636,44800.351878,0.9465246191698672,2302.271,-30352.312751,3.100791151255857
전국,2021,2021-03-01,16.3,-8.4,53690.914,16234.163736,3.307279319903491,19.0,5.2,49742.555,47822.881366,1.040141321040618,3948.359,-31588.71763,2.9458173604563678
전국,2021,2021-04-01,41.2,0.4,51225.991,15638.759826,3.2755788547142304,34.2,0.2,50891.152,47120.952421,1.0800111072737946,334.839,-31482.192595,3.0130875430838016
전국,2021,2021-05-01,45.5,15.4,50725.161,15429.16219,3.2876160335443334,38.2,4.2,47910.522,44719.801224,1.0713491717017656,2814.639,-29290.639034,2.8983946550891755
전국,2021,2021-06-01,39.7,-2.7,54778.905,15138.182968,3.618591816190552,40.9,11.6,50429.027,47513.882003,1.0613535428828136,4349.878,-32375.699035,3.1386780106593832
전국,2021,2021-07-01,29.6,-0.5,55461.518,16683.435081,3.3243464388915074,38.2,11.5,53676.256,52320.778593,1.0259070572619755,1785.262,-35637.343512,3.1360914787018737
전국,2021,2021-08-01,34.7,4.1,53165.104,15665.095602,3.393857615092517,44.0,12.8,51581.093,47403.572497,1.0881267019118523,1584.011,-31738.476895,3.0260634024440853
전국,2021,2021-09-01,16.9,-6.4,55913.862,15840.18183,3.5298750102794747,31.1,7.2,51636.341,49963.169817,1.0334880911104785,4277.521,-34122.987987,3.154204311113012
전국,2021,2021-10-01,24.2,5.8,55660.373,16151.016172,3.4462458836797456,37.7,4.3,53847.824,46940.140943,1.147159401702438,1812.549,-30789.124771,2.9063274064685274
전국,2021,2021-11-01,31.9,8.0,60330.542,16042.99077,3.760554554006017,43.6,8.8,57357.549,48539.69263,1.1816627978511367,2972.993,-32496.70186,3.025601231459164
전국,2021,2021-12-01,18.3,0.8,60734.117,16645.046549,3.648780243492247,37.0,3.8,61159.671,50457.865172,1.2120939082840672,-425.554,-33812.818623,3.0314042693399017
전국,2022,2022-01-01,15.5,8.5,55455.376,15444.372928,3.5906524828510022,36.3,15.4,60606.721,51335.608391,1.180598085804032,-5151.345,-35891.235463,3.323903704625696
전국,2022,2022-02-01,21.1,3.5,54155.835,14953.781931,3.621547729523327,26.1,-0.6,53482.054,44517.50885,1.2013712218310706,673.781,-29563.726919,2.977006690040918
전국,2022,2022-03-01,18.8,0.3,63786.835,16280.932783,3.917885777810228,28.3,2.8,63811.102,49146.743508,1.2983790470189132,-24.267,-32865.810725,3.018668780410258
전국,2022,2022-04-01,12.9,-5.4,57842.816,14797.450316,3.908971800192933,18.3,-7.2,60213.185,43723.045904,1.3771498246532592,-2370.369,-28925.595588,2.954768893984641
전국,2022,2022-05-01,21.4,7.9,61591.326,16651.314123,3.6988867992662273,31.8,7.2,63168.38,47944.852485,1.317521625908909,-1577.054,-31293.538362,2.879343463875629
전국,2022,2022-06-01,5.3,-6.2,57679.934,14198.209249,4.06247949924125,19.3,-5.9,60149.906,44687.776233,1.3460035622802344,-2469.972,-30489.566984,3.147423414410337
전국,2022,2022-07-01,8.6,-3.9,60241.774,16028.339378,3.758453859710881,21.6,-3.8,65259.838,50356.500305,1.2959565816673764,-5018.064,-34328.160927,3.141716625623598
전국,2022,2022-08-01,6.5,8.1,56605.95,16936.46564,3.3422528172766985,28.0,7.3,66027.733,50856.906417,1.2983041567374776,-9421.783,-33920.440777,3.002805160061719
전국,2022,2022-09-01,2.3,-2.4,57176.3,15457.277502,3.698989035591942,18.2,-6.7,61012.837,46606.425749,1.3091078326535073,-3836.537,-31149.148247,3.0151768798205016
전국,2022,2022-10-01,-5.8,-11.4,52428.092,14302.246537,3.665724252785617,9.9,-7.1,59167.185,43598.287307,1.3570988370109738,-6739.093,-29296.04077,3.04835238255829
전국,2022,2022-11-01,-14.2,-6.6,51771.855,14983.517224,3.455253811640027,2.6,-4.0,58847.655,46590.76054,1.2630756467149098,-7075.8,-31607.243316,3.109467546469849
전국,2022,2022-12-01,-9.7,-3.9,54848.666,15990.620901,3.4300523000060585,-2.5,-5.9,59623.062,47484.114726,1.2556422783502648,-4774.396,-31493.493825,2.9694978712821904
전국,2023,2023-01-01,-16.4,-3.4,46339.145,14925.352987,3.1047269059808134,-2.6,-6.1,59037.259,48207.366347,1.2246522362380403,-12698.114,-33282.01336,3.229897905194515
전국,2023,2023-02-01,-7.7,8.5,49994.593,16228.250945,3.080713575938605,3.5,3.4,55370.498,46029.574267,1.2029330899046962,-5375.905,-29801.323322,2.8363854134990394
전국,2023,2023-03-01,-14.0,-3.5,54882.484,15706.505082,3.4942518219980414,-6.5,2.5,59635.92,50376.33833,1.1838081523381734,-4753.436,-34669.833248,3.207355046014176
전국,2023,2023-04-01,-14.5,1.7,49430.879,15044.147649,3.2857214747746597,-13.7,-5.4,51940.137,41362.162873,1.2557403528311375,-2509.258,-26318.015224,2.749385597511693
전국,2023,2023-05-01,-15.5,-3.6,52054.195,16043.94996,3.2444750282679142,-14.1,-4.6,54251.194,45756.280427,1.1856556847218571,-2196.999,-29712.330467,2.851933628631188
전국,2023,2023-06-01,-5.9,10.1,54297.754,15635.723828,3.4726728738176584,-11.8,0.6,53055.48,44974.353327,1.1796829987580624,1242.274,-29338.629499,2.876384478373891
전국,2023,2023-07-01,-16.2,-5.3,50457.776,15184.115531,3.323063229925052,-25.3,-12.4,48738.114,44122.733547,1.1046032301712143,1719.662,-28938.618016,2.9058481185103413
전국,2023,2023-08-01,-8.1,-7.3,51994.074,15695.802303,3.312610148642237,-22.7,-7.8,51009.758,46890.995127,1.087836968736635,984.316,-31195.192824,2.987486349648883
전국,2023,2023-09-01,-4.4,0.2,54650.691,15483.124947,3.5296938561868987,-16.5,-0.4,50972.525,46427.868052,1.097886401824652,3678.166,-30944.743105,2.998610952952093
전국,2023,2023-10-01,4.9,14.2,54989.95,16334.261184,3.3665403889748404,-9.7,3.5,53440.582,45102.463634,1.1848705745580248,1549.368,-28768.20245,2.761218467485967
전국,2023,2023-11-01,7.3,4.3,55561.09,15631.49114,3.5544331313231323,-11.6,-0.7,51997.805,46252.056307,1.124226880959894,3563.285,-30620.565167,2.958902378074725
전국,2023,2023-12-01,5.0,4.6,57573.193,16731.073872,3.4410937062653595,-10.9,2.9,53122.854,48843.273964,1.0876186153932734,4450.339,-32112.200092,2.919314942822697
전국,2024,2024-01-01,18.1,14.6,54709.823,17105.790737,3.1983217754243944,-7.7,6.6,54474.611,51377.769305,1.0602759079830004,235.212,-34271.978568,3.003530798133135
전국,2024,2024-02-01,4.2,-3.4,52076.39,15678.985813,3.321413171815082,-12.9,-0.7,48221.86,45689.883835,1.0554165594761356,3854.53,-30010.898022,2.9140841365591967
전국,2024,2024-03-01,3.0,7.0,56518.309,16805.631471,3.3630577403490416,-12.6,-12.0,52112.905,44316.660011,1.1759213123702208,4405.404,-27511.02854,2.637012485218027
전국,2024,2024-04-01,13.6,9.6,56148.299,16491.489323,3.404683343043632,5.5,15.1,54821.181,47615.984752,1.151318854068168,1327.118,-31124.495429,2.8873065263785453
전국,2024,2024-05-01,11.5,4.7,58020.557,16793.79836,3.4548799358098283,-2.1,0.3,53132.937,45880.287019,1.1580776941956907,4887.62,-29086.488659,2.7319779620719467
전국,2024,2024-06-01,5.6,-6.4,57341.634,14641.434578,3.91639451001343,-7.5,-5.1,49090.193,42701.3646,1.1496164925839396,8251.441,-28059.930022,2.9164740908764792
전국,2024,2024-07-01,13.9,10.0,57458.788,16697.113273,3.4412408337022846,10.5,2.6,53838.742,45267.798671,1.1893386376327335,3620.046,-28570.685398,2.711115264708668
전국,2024,2024-08-01,10.9,8.8,57642.924,17070.040867,3.376847451574411,6.0,5.9,54054.894,49665.340393,1.088382634091816,3588.03,-32595.299526,2.909503309333817
전국,2024,2024-09-01,7.1,6.2,58544.693,16449.775351,3.558996506079398,2.2,-4.9,52102.925,44145.421623,1.1802565947825063,6441.768,-27695.646272,2.683648905899274
전국,2024,2024-10-01,4.6,-2.1,57500.192,15994.863514,3.594916077256375,1.7,5.2,54331.589,47452.574096,1.1449661063714531,3168.603,-31457.710582,2.966738294107084
전국,2024,2024-11-01,1.3,1.7,56288.629,15893.955992,3.541511567562669,-2.5,-4.6,50718.992,44116.294628,1.1496657284496727,5569.637,-28222.338636,2.7756648282029546
전국,2024,2024-12-01,6.6,5.3,61359.25,17620.291408,3.4823061990984754,3.3,-1.7,54866.38,48014.998357,1.1426925310307994,6492.87,-30394.706949,2.724983216520479
전국,2025,2025-01-01,-10.1,-12.4,49176.984,14986.301693,3.281462298531614,-6.1,-6.7,51172.292,47927.337565,1.067705710349529,-1995.308,-32941.035872,3.1980763864767607
전국,2025,2025-02-01,0.4,3.0,52292.301,16151.895073,3.23753347602,0.2,-9.1,48328.741,41535.200474,1.1635610385521695,3963.56,-25383.305401,2.5715372893569315
전국,2025,2025-03-01,2.7,-6.6,58064.562,15702.059561,3.6978946471594014,2.4,-5.3,53341.032,41960.252636,1.2712276177821629,4723.53,-26258.193075,2.672277001178801
전국,2025,2025-04-01,3.4,6.3,58035.745,17527.804886,3.3110674940451297,-2.9,-5.0,53232.716,45256.630002,1.1762412711164645,4803.029,-27728.825116,2.581990745352709
전국,2025,2025-05-01,-1.3,-1.3,57261.063,16573.462915,3.454984832902677,-5.2,-6.2,50345.116,43030.473787,1.1699874895453704,6915.947,-26457.010872,2.596347788491129
전국,2025,2025-06-01,4.3,10.8,59833.797,16221.157047,3.6886269473031135,3.5,0.1,50825.746,42728.885307,1.1894938432122764,9008.051,-26507.72826,2.6341453438367664
전국,2025,2025-07-01,5.7,5.3,60724.322,17580.838264,3.4540060654755136,0.7,5.0,54210.371,47540.215994,1.1403055258907917,6513.951,-29959.37773,2.704092676362727
전국,2025,2025-08-01,1.1,0.3,58259.332,17118.673895,3.4032619791312406,-4.1,-2.1,51856.624,48641.920598,1.066089154426443,6402.708,-31523.246703,2.841453777106372
전국,2025,2025-09-01,12.6,9.9,65904.118,18076.703201,3.645804064335924,8.3,7.1,56419.614,47278.338154,1.1933501938292346,9484.504,-29201.634953,2.615429242174235
전국,2025,2025-10-01,3.5,0.1,59511.578,16017.317918,3.715452131540816,-1.5,0.3,53510.827,47575.893582,1.1247466515320574,6000.751,-31558.575664,2.9702784090047305
전국,2025,2025-11-01,7.9,-8.1,60752.618,14605.096389,4.159686206915865,1.1,-1.3,51284.605,43553.038824,1.1775207054378831,9468.013,-28947.942435,2.982043915629512
전국,2025,2025-12-01,13.3,2.0,69513.624,17977.895761,3.866616256102565,4.6,-1.1,57367.684,47510.406216,1.2074761840424,12145.94,-29532.510455,2.642712297791034
전국,2026,2026-01-01,33.9,11.7,65843.937,16739.947781,3.93334183961634,11.7,4.4,57143.469,50015.116284,1.142523965665164,8700.468,-33275.168503,2.9877701494844344
전국,2026,2026-02-01,29.4,-3.4,67642.547,15601.51782,4.3356388641422585,7.5,4.3,51933.913,43303.286913,1.1993064892357863,15708.634,-27701.769093,2.7755816717709587
전국,2026,2026-03-01,50.4,3.0,87333.128,16180.251989,5.397513466376954,13.9,4.8,60753.446,43965.413076,1.3818463594321218,26579.682,-27785.161087,2.7172267221727755
전국,2026,2026-04-01,47.8,-17.8,85751.883,14413.70415,5.949330033945508,16.7,-7.2,62104.908,41998.480677,1.478741778247494,23646.975,-27584.776527,2.9137881726953583
전국,2026,2026-05-01,52.9,-18.0,87576.083,13589.511286,6.444387966344414,20.7,-7.7,60748.35,39727.51511,1.5291253387430903,26827.733,-26138.003824,2.9233954241553586
전국,2026,2026-06-01,70.4,-3.3,101956.159,15687.925917,6.499020937466096,30.0,2.2,66051.586,43689.06225,1.5118563456921077,35904.573,-28001.136333,2.784884533567115
전국,2026,2026-07-01,63.0,0.5,98959.099,17660.68069,5.603357013075581,26.5,7.6,68567.473,51144.176192,1.340670201482791,30391.626,-33483.495502,2.8959345955991007
충남,2000,2000-01-01,0.0,0.0,1176.26,1025.966553,1.146489616606439,0.0,0.0,747.257,3914.399897,0.1908995043078502,429.003,-2888.433344,3.8153289554654712
충남,2000,2000-02-01,0.0,0.0,1143.435,1041.404922,1.0979734931577363,0.0,0.0,784.096,3915.397172,0.2002596328176537,359.339,-2873.99225,3.759726009821951
충남,2000,2000-03-01,0.0,0.0,1181.823,982.057083,1.2034157896298172,0.0,0.0,861.167,3716.566644,0.2317103613331573,320.656,-2734.509561,3.784471094741852
충남,2000,2000-04-01,0.0,0.0,1228.059,1060.919614,1.157541988850439,0.0,0.0,902.8,3947.879565,0.2286797216419138,325.259,-2886.959951,3.721186330145462
충남,2000,2000-05-01,0.0,0.0,1360.9,554.993062,2.452102725565243,0.0,0.0,668.901,2611.269695,0.2561592934199008,691.999,-2056.276633,4.70504925879596
충남,2000,2000-06-01,0.0,0.0,1569.328,1174.638015,1.336009885564618,0.0,0.0,857.229,4024.429414,0.2130063449536252,712.099,-2849.791399,3.426101796986368
충남,2000,2000-07-01,0.0,0.0,1537.012,1119.134433,1.3733935393979608,0.0,0.0,910.703,3918.314647,0.2324221207445058,626.309,-2799.180214,3.501201045612006
충남,2000,2000-08-01,0.0,0.0,1709.94,1318.877291,1.2965118223420833,0.0,0.0,721.657,2978.113221,0.242320202909438,988.283,-1659.23593,2.258066949308023
충남,2000,2000-09-01,0.0,0.0,1618.654,991.818391,1.6320064385658282,0.0,0.0,873.592,3792.484186,0.2303482248455709,745.062,-2800.665795,3.82376876695766
충남,2000,2000-10-01,0.0,0.0,1616.277,1093.658208,1.4778629997718629,0.0,0.0,949.186,4168.100232,0.2277262894766202,667.091,-3074.442024,3.8111543455814303
충남,2000,2000-11-01,0.0,0.0,1542.23,1123.76068,1.372382952569581,0.0,0.0,971.108,4033.327882,0.240770903931187,571.122,-2909.567202,3.5891341935900445
충남,2000,2000-12-01,0.0,0.0,1306.874,1005.114082,1.30022454505816,0.0,0.0,730.384,3229.063987,0.2261906245712312,576.49,-2223.949905,3.2126343116939835
충남,2001,2001-01-01,5.6,-1.4,1241.677,1011.476724,1.227588307805687,14.6,2.9,856.22,4026.810135,0.2126298413123468,385.457,-3015.333411,3.981119920461956
충남,2001,2001-02-01,4.8,10.1,1198.657,1146.664241,1.045342618301812,17.1,5.2,918.318,4117.668215,0.2230189398589026,280.339,-2971.003974,3.5909973188045026
충남,2001,2001-03-01,-2.7,20.6,1149.554,1184.15124,0.9707830901735154,4.4,21.3,899.05,4508.670294,0.1994046894926932,250.504,-3324.519054,3.807512200890825
충남,2001,2001-04-01,-15.7,17.9,1034.713,1251.096518,0.8270449043005009,-23.3,-11.6,692.195,3491.380189,0.1982582710931456,342.518,-2240.283671,2.7906561474420157
충남,2001,2001-05-01,-30.3,119.4,949.145,1217.787505,0.7794011649019178,9.2,43.4,730.442,3745.42173,0.1950226310028911,218.703,-2527.634225,3.075595466879092
충남,2001,2001-06-01,-46.3,-8.1,842.03,1079.353043,0.7801247288464818,-23.6,-10.8,654.69,3588.012228,0.1824659333351636,187.34,-2508.659185,3.324224869026473
충남,2001,2001-07-01,-44.3,8.0,855.987,1208.767944,0.7081483292545024,-11.2,9.2,808.473,4278.873055,0.1889453109751114,47.514,-3070.105111,3.539863111227576
충남,2001,2001-08-01,-51.5,-12.6,829.912,1152.858656,0.7198731567662359,6.2,46.8,766.551,4373.156527,0.1752855163695356,63.361,-3220.297871,3.793315428773603
충남,2001,2001-09-01,-45.0,5.4,890.833,1045.202894,0.8523062891557589,-6.1,17.9,820.009,4471.600141,0.183381557863673,70.824,-3426.397247,4.278212552480744
충남,2001,2001-10-01,-47.3,0.8,851.029,1102.831329,0.7716764818167403,-24.8,-3.8,713.4,4010.491587,0.1778834301292352,137.629,-2907.660258,3.636541220348302
충남,2001,2001-11-01,-38.5,-29.3,948.527,794.407879,1.1940050257230643,-29.1,12.0,688.258,4518.904717,0.152306375792964,260.269,-3724.496838,5.688393628079814
충남,2001,2001-12-01,-34.2,-6.2,860.459,942.574128,0.9128820476175854,-4.4,39.8,697.891,4514.595942,0.1545854842749956,162.568,-3572.021814,4.789645512103426
충남,2002,2002-01-01,-19.1,-26.7,1003.927,741.11179,1.354622897039595,-23.1,2.6,658.415,4130.696019,0.1593956555920558,345.512,-3389.584229,5.573647693555111
충남,2002,2002-02-01,-16.3,-43.6,1003.549,646.221432,1.5529491135787648,-26.0,10.3,679.915,4540.324355,0.1497503144794597,323.634,-3894.102923,7.025957559080151
충남,2002,2002-03-01,12.1,-25.5,1288.897,882.507066,1.4604948216924531,-16.1,-4.6,753.93,4300.018906,0.1753317872505186,534.967,-3417.51184,4.872503656531629
충남,2002,2002-04-01,25.4,-37.9,1297.226,777.519161,1.66841676072855,12.0,25.7,775.237,4389.142855,0.1766260578912052,521.989,-3611.623694,5.645060694523514
충남,2002,2002-05-01,27.1,-54.1,1206.223,559.081584,2.1575080176491737,1.6,-2.0,742.356,3669.483046,0.2023053358453914,463.867,-3110.401462,6.563412480422535
충남,2002,2002-06-01,35.6,-47.5,1141.629,566.386729,2.0156351509429524,30.3,5.4,852.802,3782.303083,0.2254716190865342,288.827,-3215.916354,6.677951458498951
충남,2002,2002-07-01,52.2,-36.5,1303.109,767.210063,1.6985035296649909,-0.3,-5.2,806.096,4054.953572,0.1987929049462369,497.013,-3287.743509,5.285323756239626
충남,2002,2002-08-01,55.5,-41.8,1290.92,670.956261,1.9240002292787308,2.7,-9.9,787.479,3939.999416,0.1998677961225362,503.441,-3269.043155,5.872214993757991
충남,2002,2002-09-01,46.2,-32.1,1302.387,709.782763,1.83490931013212,-9.0,-16.0,746.255,3754.823033,0.1987457180914763,556.132,-3045.04027,5.290101744834849
충남,2002,2002-10-01,74.2,-36.4,1482.192,700.866627,2.114798940198361,13.0,-17.9,806.249,3292.99616,0.2448375159963745,675.943,-2592.129533,4.698463349718034
충남,2002,2002-11-01,51.5,-29.6,1436.754,559.113517,2.5696999917102703,31.5,-1.7,904.832,4442.480538,0.2036772006675699,531.922,-3883.367021,7.945578854606729
충남,2002,2002-12-01,62.0,-27.2,1393.7,686.220701,2.030979243221635,17.7,-14.1,821.736,3879.452738,0.2118175050699638,571.964,-3193.232037,5.653360110452279
충남,2003,2003-01-01,49.9,-23.0,1504.611,570.798155,2.635977335981403,32.5,-5.6,872.703,3901.279109,0.2236966327240546,631.908,-3330.480954,6.83477876518364
충남,2003,2003-02-01,11.4,-17.4,1117.463,533.5105,2.094547342554645,32.5,-16.9,900.988,3774.797164,0.2386851427654617,216.475,-3241.286664,7.075394324947681
충남,2003,2003-03-01,-2.1,-34.7,1262.037,575.945335,2.19124441731957,40.1,-10.3,1056.226,3858.47303,0.273741967816735,205.811,-3282.527695,6.699373700109924
충남,2003,2003-04-01,-0.7,-30.0,1287.72,544.467506,2.365099819198393,18.2,-8.9,916.606,3998.75141,0.2292230514024376,371.114,-3454.283904,7.344334355923896
충남,2003,2003-05-01,9.4,-14.7,1319.792,477.037502,2.766642023880127,-7.7,-15.8,684.995,3090.26163,0.2216624616343568,634.797,-2613.224128,6.4780266059669245
충남,2003,2003-06-01,21.4,26.6,1385.991,717.191803,1.932524875775804,-10.2,-3.8,765.613,3638.311334,0.2104308646831156,620.378,-2921.119531,5.0729962595515055
충남,2003,2003-07-01,24.2,10.4,1618.341,847.313495,1.9099672193938089,26.5,2.5,1019.958,4155.11206,0.2454706359953141,598.383,-3307.798565,4.903866260267694
충남,2003,2003-08-01,41.0,29.0,1820.385,865.680609,2.102836751885706,20.3,-12.9,946.951,3430.384798,0.2760480400193285,873.434,-2564.704189,3.962644839605042
충남,2003,2003-09-01,47.0,-16.6,1914.966,591.975145,3.234875680464591,31.6,-6.6,981.843,3505.962207,0.2800495105279952,933.123,-2913.987062,5.922482111981239
충남,2003,2003-10-01,46.1,3.1,2165.323,722.591532,2.996607217367723,26.5,28.4,1019.905,4229.353684,0.241149139136409,1145.418,-3506.762152,5.853035216582084
충남,2003,2003-11-01,51.2,18.5,2172.024,662.675757,3.2776572510106177,12.9,-14.7,1021.166,3789.33723,0.2694840648954329,1150.858,-3126.661473,5.718237297761898
충남,2003,2003-12-01,60.5,-14.7,2237.362,585.677182,3.8201283382079927,30.9,10.8,1075.423,4298.598148,0.2501799337768662,1161.939,-3712.920966,7.339534952208536
충남,2004,2004-01-01,39.1,9.6,2092.442,625.866278,3.343273273464336,28.6,15.7,1122.067,4514.367683,0.2485546324074197,970.375,-3888.501405,7.212990764458474
충남,2004,2004-02-01,102.3,5.5,2260.754,562.973185,4.015740110250544,26.8,3.2,1142.155,3894.663203,0.2932615583088713,1118.599,-3331.690018,6.918026127656506
충남,2004,2004-03-01,89.7,-4.3,2393.474,551.131652,4.342835312242237,1.7,3.2,1073.822,3981.782592,0.2696837346562994,1319.652,-3430.65094,7.224739456626236
충남,2004,2004-04-01,98.3,29.7,2553.177,705.958348,3.616611386823632,19.0,-7.5,1090.461,3700.339061,0.2946921841549589,1462.716,-2994.380713,5.241582696037472
충남,2004,2004-05-01,99.7,95.8,2635.123,933.934103,2.8215299040215047,70.1,50.9,1165.357,4662.262853,0.2499552334871326,1469.766,-3728.32875,4.992068324760596
충남,2004,2004-06-01,75.9,-35.6,2437.566,461.866932,5.277636979648502,57.6,-2.5,1206.882,3545.816023,0.3403679131042157,1230.684,-3083.949091,7.677137671765599
충남,2004,2004-07-01,49.6,-25.6,2421.388,630.21365,3.8421700323374464,37.0,5.8,1397.723,4397.430819,0.3178499122625992,1023.665,-3767.217169,6.977682598591763
충남,2004,2004-08-01,36.2,-35.2,2478.52,560.924841,4.418631194121067,42.7,17.2,1350.987,4021.289777,0.3359586289272284,1127.533,-3460.364936,7.169034927800603
충남,2004,2004-09-01,24.6,-15.7,2385.969,498.771494,4.783691587635119,34.5,-3.1,1320.368,3397.535612,0.3886252127384618,1065.601,-2898.764118,6.811807917795719
충남,2004,2004-10-01,19.5,-20.2,2586.548,576.511628,4.486549575718185,44.2,3.5,1471.086,4378.670013,0.3359663997589306,1115.462,-3802.158385,7.595111356539716
충남,2004,2004-11-01,19.2,-11.4,2589.109,586.834274,4.4119934957991225,49.0,17.5,1521.469,4453.673806,0.3416211124286366,1067.64,-3866.839532,7.589321216095159
충남,2004,2004-12-01,8.9,8.6,2437.479,636.253704,3.8309859489635287,45.4,-0.8,1563.236,4266.084252,0.3664334569264855,874.243,-3629.830548,6.705004977071222
충남,2005,2005-01-01,23.1,18.7,2575.649,743.167705,3.46577089218375,2.5,-17.0,1149.697,3748.908129,0.3066751599236109,1425.952,-3005.740424,5.044498171512983
충남,2005,2005-02-01,4.7,1.3,2366.972,570.5568,4.148529997363979,-1.2,-18.4,1128.817,3178.231499,0.355171421702658,1238.155,-2607.674699,5.57040333057112
충남,2005,2005-03-01,8.9,22.8,2605.816,676.561512,3.8515581418412106,33.0,3.6,1428.538,4125.508556,0.3462695521313082,1177.278,-3448.947044,6.097758271534666
충남,2005,2005-04-01,-3.7,-31.8,2459.843,481.380489,5.109976528359046,30.2,-5.1,1419.528,3509.936585,0.4044312384635291,1040.315,-3028.556096,7.291397688949541
충남,2005,2005-05-01,-7.9,-45.1,2426.323,513.119972,4.728568624103371,17.0,-20.7,1363.327,3694.906507,0.3689746946011156,1062.996,-3181.786535,7.200862777954782
충남,2005,2005-06-01,10.2,59.1,2686.294,735.055102,3.654547791983083,23.2,27.6,1487.431,4523.324498,0.3288357933766794,1198.863,-3788.269396,6.153721653917586
충남,2005,2005-07-01,15.8,20.0,2805.089,756.550142,3.7077370610023626,9.7,-3.1,1533.338,4261.678239,0.3597967547075531,1271.751,-3505.128097,5.633041357620947
충남,2005,2005-08-01,18.6,23.8,2938.592,694.223653,4.232918292687443,16.8,-3.6,1577.678,3876.786384,0.4069551024300131,1360.914,-3182.562731,5.584347878737574
충남,2005,2005-09-01,28.6,36.2,3067.319,679.380424,4.514876925567699,35.2,22.9,1785.616,4174.931874,0.4276994341201554,1281.703,-3495.55145,6.1452048462320725
충남,2005,2005-10-01,26.1,32.1,3261.169,761.724683,4.28129621211185,11.1,-10.7,1633.851,3909.184558,0.4179518709743148,1627.318,-3147.459875,5.132017703041927
충남,2005,2005-11-01,28.4,34.1,3323.37,786.740514,4.224226337478281,10.0,-5.7,1673.163,4197.885808,0.3985727760415535,1650.207,-3411.145294,5.335794627706182
충남,2005,2005-12-01,23.2,14.9,3003.188,731.311761,4.106576921302924,7.6,4.2,1682.445,4445.071134,0.3784967550082855,1320.743,-3713.759373,6.07821639285793
충남,2006,2006-01-01,14.4,17.1,2945.784,870.399453,3.384404700447347,50.8,23.3,1733.852,4621.834542,0.3751436760108925,1211.932,-3751.435089,5.310015448734433
충남,2006,2006-02-01,16.0,38.1,2744.733,788.086903,3.482779614217241,40.2,19.9,1582.829,3809.788639,0.4154637304014492,1161.904,-3021.701736,4.8342240233879386
충남,2006,2006-03-01,18.9,32.7,3098.522,897.995182,3.450488445939123,26.5,16.0,1806.633,4787.129368,0.3773938118482032,1291.889,-3889.134186,5.330907630638045
충남,2006,2006-04-01,16.5,37.7,2866.514,662.659714,4.325770737890368,34.2,19.6,1905.307,4199.560807,0.4536919662704148,961.207,-3536.901093,6.3374318949469135
충남,2006,2006-05-01,30.3,59.3,3160.651,817.224128,3.8675448897172062,39.8,20.4,1905.638,4449.041464,0.4283255203215611,1255.013,-3631.817336,5.444089707542262
충남,2006,2006-06-01,20.8,31.2,3244.939,964.538214,3.364240994188334,27.5,-0.7,1897.141,4493.683756,0.4221794641126944,1347.798,-3529.145542,4.658896548395334
충남,2006,2006-07-01,12.0,32.5,3141.31,1002.54258,3.1333432241850514,21.0,-3.8,1855.481,4100.966972,0.45244963265215,1285.829,-3098.424392,4.090566379734216
충남,2006,2006-08-01,16.6,39.9,3427.709,971.205516,3.5293343618118413,27.9,21.5,2018.477,4711.142914,0.4284474143209997,1409.232,-3739.937398,4.850819766143091
충남,2006,2006-09-01,23.7,30.5,3794.224,886.676171,4.279154131006866,7.0,2.1,1911.099,4263.72249,0.4482231206374784,1883.125,-3377.046319,4.80865803035097
충남,2006,2006-10-01,8.9,3.5,3553.042,788.235923,4.507587000700551,17.5,15.7,1919.13,4523.938838,0.4242166105075888,1633.912,-3735.702915,5.739320812456805
충남,2006,2006-11-01,9.3,-12.3,3631.578,690.193546,5.261680612701643,9.6,7.0,1833.481,4491.016524,0.4082552335761568,1798.097,-3800.822978,6.506894406688642
충남,2006,2006-12-01,11.6,-15.4,3352.034,619.007334,5.415176551042285,18.5,3.1,1993.288,4580.924657,0.4351278724818372,1358.746,-3961.917323,7.400436804840829
충남,2007,2007-01-01,18.1,-19.8,3479.485,697.837505,4.986096297590081,18.5,7.8,2054.648,4982.817796,0.4123466046961192,1424.837,-4284.980291,7.140369728336685
충남,2007,2007-02-01,19.5,-20.6,3280.513,625.729002,5.242705691305003,16.3,17.1,1841.044,4460.608069,0.4127338630790608,1439.469,-3834.879067,7.128658020872749
충남,2007,2007-03-01,23.0,-12.9,3811.672,782.438809,4.871527276198796,16.0,-1.1,2095.562,4735.579847,0.4425143420034493,1716.11,-3953.141038,6.052332517928568
충남,2007,2007-04-01,26.6,51.7,3629.189,1005.478541,3.6094146737240016,18.0,7.8,2248.45,4528.97137,0.4964593096997211,1380.739,-3523.492829,4.5042944084074685
충남,2007,2007-05-01,18.3,-1.1,3739.225,808.593087,4.624359347262142,22.9,16.2,2341.673,5167.642645,0.453141434279653,1397.552,-4359.049558,6.390906289061559
충남,2007,2007-06-01,17.9,-7.4,3825.974,892.938188,4.284701955204093,16.1,7.9,2201.746,4846.602399,0.454286491595491,1624.228,-3953.664211,5.427702011328918
충남,2007,2007-07-01,33.2,-6.8,4183.031,934.10288,4.4781266491759455,18.8,23.9,2204.327,5082.658429,0.4336956792970437,1978.704,-4148.555549,5.441219096765872
충남,2007,2007-08-01,24.0,-12.1,4249.016,853.212602,4.980020208374747,-4.5,5.2,1927.582,4956.406865,0.3889071362586775,2321.434,-4103.194263,5.809111179771346
충남,2007,2007-09-01,6.1,-38.4,4027.474,546.228159,7.373244922732004,1.7,12.5,1942.929,4798.813597,0.4048769473385319,2084.545,-4252.585438,8.785364719726944
충남,2007,2007-10-01,30.6,26.1,4641.133,993.918373,4.669531347922874,30.4,22.3,2502.873,5531.297697,0.4524929116285819,2138.26,-4537.379324,5.565142819831946
충남,2007,2007-11-01,29.3,45.1,4694.456,1001.325379,4.688242302105877,45.7,12.2,2671.131,5040.908506,0.5298907918722697,2023.325,-4039.583127,5.034236235013075
충남,2007,2007-12-01,27.1,61.9,4261.712,1002.336466,4.251777865577526,32.5,18.2,2641.871,5413.802276,0.4879880840332337,1619.841,-4411.46581,5.401182596503478
충남,2008,2008-01-01,2.5,27.8,3565.126,892.045327,3.9965749408606,12.5,5.2,2312.21,5242.051157,0.4410887896262474,1252.916,-4350.00583,5.8764403537983
충남,2008,2008-02-01,6.9,64.9,3507.773,1031.936111,3.3992152833965514,26.9,20.8,2336.439,5387.68208,0.4336631162171321,1171.334,-4355.745969,5.2209453885464425
충남,2008,2008-03-01,-2.1,17.2,3729.816,916.845318,4.068097340711947,21.9,16.1,2554.715,5496.819023,0.4647624361126797,1175.101,-4579.973705,5.995361393119968
충남,2008,2008-04-01,-0.1,-6.2,3627.083,943.199223,3.845511013530595,19.5,26.2,2687.048,5714.859165,0.470186214991354,940.035,-4771.659942,6.059015980550696
충남,2008,2008-05-01,-1.6,5.5,3678.385,853.342272,4.310562268735235,10.0,14.7,2576.956,5929.234838,0.4346186431147054,1101.429,-5075.892566,6.948249292869908
충남,2008,2008-06-01,-3.5,2.8,3692.808,918.128223,4.022104873253634,22.0,-3.4,2686.062,4681.023909,0.5738193293214389,1006.746,-3762.895686,5.098442452520055
충남,2008,2008-07-01,-6.4,19.3,3915.552,1114.677766,3.512721002815804,43.5,26.5,3162.919,6427.425822,0.492097316654182,752.633,-5312.748056,5.766173882757791
충남,2008,2008-08-01,1.8,30.1,4325.188,1109.7544,3.897428115626304,35.3,-11.2,2608.956,4400.82379,0.5928335521927361,1716.232,-3291.06939,3.965583547134393
충남,2008,2008-09-01,4.9,80.0,4224.324,983.010649,4.297332896950133,41.8,10.2,2755.984,5289.956267,0.5209842692259067,1468.34,-4306.945618,5.381382462521014
충남,2008,2008-10-01,-16.8,1.5,3863.009,1009.263052,3.827554166720848,-14.2,-14.4,2148.233,4734.031465,0.4537851123049094,1714.776,-3724.768413,4.690582356719426
충남,2008,2008-11-01,-42.1,-11.4,2717.822,886.882671,3.0644662353539207,-25.5,7.4,1990.915,5414.060876,0.3677304421946067,726.907,-4527.178205,6.104596530108547
충남,2008,2008-12-01,-51.0,-12.4,2089.321,877.99096,2.3796611755547006,-34.3,3.5,1735.676,5605.822874,0.3096202001048098,353.645,-4727.831914,6.384829832416497
충남,2009,2009-01-01,-44.5,-13.0,1980.065,776.498687,2.5499914335334863,-46.9,-1.9,1227.453,5141.62892,0.2387284300555863,752.612,-4365.130233,6.6215552016767285
충남,2009,2009-02-01,-32.0,-13.5,2384.97,893.054483,2.670576146696304,-35.6,-8.8,1505.738,4914.838709,0.3063656997009299,879.232,-4021.784226,5.50340298666862
충남,2009,2009-03-01,-22.0,19.5,2907.536,1095.308993,2.6545349472904403,-42.4,-9.1,1471.471,4994.670898,0.2946081994289586,1436.065,-3899.361905,4.560056504530133
충남,2009,2009-04-01,-16.9,0.8,3014.072,950.658128,3.1705109452343523,-48.9,-12.9,1372.725,4974.999532,0.2759246490719066,1641.347,-4024.341404,5.233216216713397
충남,2009,2009-05-01,-18.0,-6.1,3014.626,800.941792,3.763851543409037,-49.9,-22.0,1291.272,4627.497664,0.2790432526947679,1723.354,-3826.555872,5.777570492912923
충남,2009,2009-06-01,-11.8,6.3,3258.412,976.139757,3.338058896416817,-37.9,11.5,1668.109,5217.22717,0.3197309501092704,1590.303,-4241.087413,5.34475430652908
충남,2009,2009-07-01,-11.3,-14.3,3473.283,955.671148,3.634391398410199,-51.4,-23.2,1537.215,4936.046426,0.3114263658264871,1936.068,-3980.375278,5.165005176027351
충남,2009,2009-08-01,-17.7,-17.6,3559.889,914.801282,3.891434205489012,-36.6,21.0,1653.409,5323.780107,0.3105704906605753,1906.48,-4408.978825,5.819602805278972
충남,2009,2009-09-01,-5.1,-1.5,4010.031,968.006313,4.142566991709279,-33.1,-2.2,1843.43,5172.400529,0.3563973806097335,2166.601,-4204.394216,5.343354128517961
충남,2009,2009-10-01,3.8,-13.9,4008.613,869.209161,4.611793317258883,-16.5,11.8,1794.426,5293.542902,0.338983934431141,2214.187,-4424.333741,6.090068006082601
충남,2009,2009-11-01,43.7,-10.4,3905.884,794.85486,4.913958757200025,-10.9,-5.1,1773.601,5139.31521,0.3451045377697314,2132.283,-4344.46035,6.465727856278063
충남,2009,2009-12-01,87.2,-3.0,3910.441,851.975376,4.589852136759408,14.6,-7.2,1989.816,5202.95578,0.3824395370894349,1920.625,-4350.980404,6.106932109267909
충남,2010,2010-01-01,84.9,11.2,3661.228,863.28628,4.241035777841853,47.7,0.9,1812.496,5186.855374,0.3494402425572624,1848.732,-4323.569094,6.008268049852478
충남,2010,2010-02-01,53.1,-11.1,3650.522,794.105597,4.5970233855435225,25.6,16.3,1890.694,5713.962843,0.3308901461122084,1759.828,-4919.857246,7.195469802235886
충남,2010,2010-03-01,51.4,-15.8,4402.101,921.834284,4.775371318257458,38.8,12.0,2042.738,5596.34918,0.3650126063077429,2359.363,-4674.514896,6.070884189419017
충남,2010,2010-04-01,44.6,-26.8,4357.527,695.989589,6.260908307925853,39.4,12.6,1912.906,5603.855723,0.3413553265029339,2444.621,-4907.866134,8.051637282465155
충남,2010,2010-05-01,48.7,-4.6,4482.866,764.467049,5.864040845009659,49.3,-8.1,1927.953,4251.52224,0.4534735775015021,2554.913,-3487.055191,5.561419874880703
충남,2010,2010-06-01,40.9,2.2,4592.702,997.494553,4.604237673466273,41.6,17.4,2362.729,6124.455578,0.3857859641414154,2229.973,-5126.961025,6.13983861824657
충남,2010,2010-07-01,41.0,12.8,4898.02,1078.013013,4.543562963464895,34.3,25.0,2063.934,6171.317452,0.3344397717429234,2834.086,-5093.304439,5.724715172802835
충남,2010,2010-08-01,38.6,19.2,4935.246,1090.054721,4.527521329821386,25.2,11.2,2070.71,5918.187895,0.3498891952635444,2864.536,-4828.133174,5.429257615223888
충남,2010,2010-09-01,19.7,-3.8,4800.453,931.415838,5.153931041486112,20.7,17.8,2225.405,6092.743958,0.365254968096593,2575.048,-5161.32812,6.541378951728755
충남,2010,2010-10-01,24.6,33.8,4994.498,1163.176975,4.293841872170828,13.2,9.6,2031.294,5799.307227,0.3502649403609532,2963.204,-4636.130252,4.985747957227231
충남,2010,2010-11-01,19.3,22.6,4660.288,974.475257,4.782356418517048,21.1,7.6,2147.411,5530.884895,0.3882581251946304,2512.877,-4556.409638,5.675757137258951
충남,2010,2010-12-01,18.1,13.9,4618.531,970.633251,4.758265797345943,20.8,-4.5,2404.531,4969.15059,0.4838917550293037,2214.0,-3998.517339,5.119493469732782
충남,2011,2011-01-01,29.3,18.7,4733.094,1025.074105,4.617318862034858,41.0,24.8,2555.87,6475.771149,0.3946819523408701,2177.224,-5450.697044,6.317368780864872
충남,2011,2011-02-01,15.6,14.0,4220.455,905.131541,4.662808452500939,18.2,-7.5,2234.233,5286.247279,0.4226501111432399,1986.222,-4381.115738,5.840308330388853
충남,2011,2011-03-01,10.7,-4.0,4871.938,885.386862,5.502609321528424,38.8,8.1,2834.719,6049.284788,0.4686039919335998,2037.219,-5163.897926,6.832363396871819
충남,2011,2011-04-01,11.7,40.8,4868.279,980.13552,4.966944775147012,40.5,3.0,2687.54,5771.255439,0.4656768407509055,2180.739,-4791.119919,5.888221905272855
충남,2011,2011-05-01,12.0,37.1,5021.577,1047.721193,4.792856184975538,44.2,26.7,2780.826,5384.622668,0.5164384157363577,2240.751,-4336.901475,5.139365991616436
충남,2011,2011-06-01,7.9,-2.0,4956.737,977.402687,5.071335556907467,32.5,1.8,3131.141,6233.485924,0.5023097891253054,1825.596,-5256.083237,6.377602606283811
충남,2011,2011-07-01,3.9,10.3,5088.652,1189.16472,4.279181777273043,36.9,-16.8,2826.046,5135.254977,0.5503224304649751,2262.606,-3946.090257,4.31837145067674
충남,2011,2011-08-01,-0.2,-1.0,4924.953,1078.797946,4.565222818842853,38.5,12.0,2867.391,6627.858655,0.432627059395249,2057.562,-5549.060709,6.143744229005049
충남,2011,2011-09-01,13.2,6.5,5434.714,991.923767,5.47896338489488,44.9,10.7,3225.008,6746.196909,0.478048305364103,2209.706,-5754.273142,6.801124374107269
충남,2011,2011-10-01,10.3,-3.7,5510.227,1119.858267,4.920468207786156,39.5,-9.3,2834.079,5262.25399,0.5385675046065194,2676.148,-4142.395723,4.699035712882763
충남,2011,2011-11-01,7.2,5.6,4995.607,1028.795615,4.855781777413583,27.6,6.4,2740.806,5883.007217,0.4658852010379915,2254.801,-4854.211602,5.718343985165606
충남,2011,2011-12-01,15.4,28.4,5327.522,1246.181244,4.275077983760763,21.5,20.6,2922.021,5991.500455,0.4876943633646106,2405.501,-4745.319211,4.8078884864038285
충남,2012,2012-01-01,-3.6,1.2,4563.385,1037.117947,4.400063669903882,8.9,-8.2,2782.308,5944.549843,0.4680435143926507,1781.077,-4907.431896,5.731797294796983
충남,2012,2012-02-01,14.4,32.3,4827.753,1197.692857,4.030877342036281,38.8,9.1,3100.143,5767.322543,0.5375359149563694,1727.61,-4569.629686,4.81536022302586
충남,2012,2012-03-01,5.4,38.0,5135.14,1222.074835,4.20198489726695,-1.1,-23.8,2803.788,4611.854544,0.6079523916572162,2331.352,-3389.779709,3.7737906156949874
충남,2012,2012-04-01,-2.6,22.2,4741.444,1198.1656,3.957252653556403,10.6,-21.3,2971.593,4542.949825,0.6541109002893291,1769.851,-3344.784225,3.7915875944026434
충남,2012,2012-05-01,0.8,9.1,5061.277,1143.291458,4.426935025696658,12.1,-8.6,3116.193,4923.710909,0.6328951998997226,1945.084,-3780.419451,4.306610422519224
충남,2012,2012-06-01,1.0,21.0,5007.995,1182.741792,4.234225114791581,-11.8,-23.7,2763.089,4758.609285,0.5806505292858899,2244.906,-3575.867493,4.023371218626897
충남,2012,2012-07-01,0.2,5.6,5098.587,1255.771316,4.06012379406825,-16.4,-19.7,2363.064,4121.971279,0.5732849260835424,2735.523,-2866.199963,3.282421907939168
충남,2012,2012-08-01,1.9,9.7,5017.043,1183.261498,4.240012041700017,-15.2,-30.2,2432.283,4624.227546,0.5259868758197134,2584.76,-3440.966048,3.9080351670497775
충남,2012,2012-09-01,1.7,34.3,5528.741,1331.738304,4.151522099645187,-8.5,-23.2,2951.04,5179.334918,0.5697719971234345,2577.701,-3847.596614,3.889153674144076
충남,2012,2012-10-01,6.3,13.6,5859.543,1272.703974,4.604010924538843,-18.2,-25.1,2318.546,3943.361573,0.5879618079850879,3540.997,-2670.657599,3.0984122416199824
충남,2012,2012-11-01,13.6,10.5,5676.43,1136.425328,4.994987228936524,1.9,-13.0,2794.212,5117.740452,0.5459854844549666,2882.218,-3981.315124,4.503367116083847
충남,2012,2012-12-01,-1.7,-13.9,5234.968,1072.740229,4.879995975241831,-5.4,-17.6,2764.264,4936.353997,0.5599809093269937,2470.704,-3863.613768,4.601630351461351
충남,2013,2013-01-01,14.7,25.1,5236.166,1297.240094,4.036389273056187,1.2,-11.8,2816.858,5240.669943,0.5374996003635942,2419.308,-3943.429849,4.039861215544576
충남,2013,2013-02-01,4.2,3.6,5030.936,1241.234564,4.05317104914265,-10.6,-25.3,2770.441,4306.859639,0.6432624306844749,2260.495,-3065.625075,3.469819294365058
충남,2013,2013-03-01,5.7,14.1,5425.786,1393.865488,3.892618080231857,7.9,13.5,3025.643,5235.961761,0.5778581162560175,2400.143,-3842.096273,3.756432601335775
충남,2013,2013-04-01,3.3,-28.8,4897.712,853.394883,5.739092297791525,-6.5,10.5,2777.348,5019.624719,0.5532979366938208,2120.364,-4166.229836,5.881948461366624
충남,2013,2013-05-01,3.2,-11.4,5224.306,1012.817018,5.158193343074336,-23.6,-5.9,2380.299,4632.394568,0.5138377064084322,2844.007,-3619.57755,4.573772444254091
충남,2013,2013-06-01,-0.3,2.9,4993.881,1216.959601,4.103571717496973,4.0,4.0,2872.971,4951.004264,0.5802804535819321,2120.91,-3734.044663,4.068339047517815
충남,2013,2013-07-01,2.5,-17.5,5228.46,1036.134253,5.0461221457177325,15.1,32.7,2720.217,5470.092815,0.4972890025815769,2508.243,-4433.958562,5.279328232960174
충남,2013,2013-08-01,9.6,0.5,5501.108,1189.614342,4.624278478982897,4.6,3.8,2543.223,4800.265919,0.5298087737043136,2957.885,-3610.651577,4.035144625887504
충남,2013,2013-09-01,1.9,-23.7,5635.994,1016.667793,5.543594514162012,-10.0,-10.1,2654.614,4655.350215,0.5702286353122414,2981.38,-3638.682422,4.579027925398242
충남,2013,2013-10-01,4.9,0.0,6145.969,1272.958976,4.828096675442273,20.0,28.9,2782.778,5083.623397,0.5474005020989953,3363.191,-3810.664421,3.993548490442476
충남,2013,2013-11-01,-3.2,-13.5,5497.072,982.472805,5.595139093951817,-2.5,-9.3,2725.048,4642.039239,0.5870368300865627,2772.024,-3659.566434,4.724852652791748
충남,2013,2013-12-01,4.4,-4.6,5464.276,1022.953734,5.341664846007591,3.2,3.6,2852.805,5114.960544,0.557737440095491,2611.471,-4092.00681,5.000187568600243
충남,2014,2014-01-01,-1.4,-3.6,5165.039,1249.981959,4.132090837640641,-1.6,-2.6,2772.749,5102.35995,0.5434248126692826,2392.29,-3852.377991,4.081946873922842
충남,2014,2014-02-01,-2.2,-21.7,4919.888,972.185716,5.060646252078857,2.1,11.6,2827.499,4805.025902,0.5884461515229518,2092.389,-3832.840186,4.942497943469064
충남,2014,2014-03-01,3.2,-11.4,5601.629,1235.148044,4.535188334071474,-17.9,-13.6,2484.909,4522.032049,0.5495115852948259,3116.72,-3286.884005,3.661125539538967
충남,2014,2014-04-01,6.6,1.1,5222.408,862.838097,6.052593201618913,-6.2,9.9,2605.794,5518.784093,0.4721681363300979,2616.614,-4655.945996,6.396083010460768
충남,2014,2014-05-01,2.2,0.4,5341.242,1016.906516,5.252441513512733,22.9,27.3,2925.946,5897.19491,0.4961589441512965,2415.296,-4880.288394,5.799151463004295
충남,2014,2014-06-01,10.5,-23.6,5518.344,930.315163,5.931693064321258,-8.0,-2.4,2644.198,4831.196304,0.5473174413986719,2874.146,-3900.881141,5.193074880582162
충남,2014,2014-07-01,2.5,26.7,5360.101,1312.535693,4.083775419279207,9.6,-9.8,2980.387,4935.476271,0.603870191315119,2379.714,-3622.940578,3.760260614108877
충남,2014,2014-08-01,-1.5,12.5,5417.017,1338.239948,4.04786675819664,20.2,15.6,3057.335,5549.526769,0.5509181462243704,2359.682,-4211.286821,4.146884702772302
충남,2014,2014-09-01,1.7,30.7,5730.646,1328.967708,4.312103270458096,9.5,6.1,2907.957,4940.750924,0.5885657959146293,2822.689,-3611.783216,3.717735874437064
충남,2014,2014-10-01,-4.2,12.4,5885.437,1431.397501,4.111671982023392,0.7,8.8,2801.285,5533.316139,0.5062578984518781,3084.152,-4101.918638,3.8656740249541626
충남,2014,2014-11-01,-2.0,37.0,5388.187,1346.076905,4.002881989866693,-11.9,-5.9,2401.789,4366.380101,0.5500641136235336,2986.398,-3020.303196,3.2437820489907296
충남,2014,2014-12-01,1.8,47.7,5562.523,1510.793382,3.681855551045828,-5.5,20.9,2694.597,6181.730777,0.4358968543285041,2867.926,-4670.937395,4.091711580584618
충남,2015,2015-01-01,-4.9,9.7,4912.798,1370.876676,3.583690703918578,-29.9,-5.8,1944.497,4806.903564,0.4045217413061461,2968.301,-3436.026888,3.5064449254660746
충남,2015,2015-02-01,-6.2,45.2,4615.239,1411.551642,3.269621077030351,-39.6,1.7,1708.545,4885.771569,0.349698092895018,2906.694,-3474.219927,3.461277238201109
충남,2015,2015-03-01,1.9,28.4,5710.422,1585.475615,3.601709131300641,-21.4,14.7,1953.357,5187.998329,0.3765145777093021,3757.065,-3602.522714,3.2722031672495957
충남,2015,2015-04-01,8.1,36.7,5647.316,1179.791423,4.786707116110303,-21.2,-8.8,2052.103,5032.165955,0.4077971629614111,3595.213,-3852.374532,4.265301354881947
충남,2015,2015-05-01,-0.9,-4.6,5294.608,970.450797,5.455823228099219,-40.9,-25.3,1730.534,4405.680771,0.3927960489990753,3564.074,-3435.229974,4.539829102742238
충남,2015,2015-06-01,1.9,49.2,5620.677,1388.460298,4.048136636025008,-20.5,10.8,2101.012,5351.82674,0.3925784787270598,3519.665,-3963.366442,3.8545046968278527
충남,2015,2015-07-01,5.7,27.5,5664.306,1673.688711,3.3843246732635697,-22.4,23.8,2312.397,6110.641246,0.3784213320514742,3351.909,-4436.952535,3.651002247812855
충남,2015,2015-08-01,6.8,18.5,5782.796,1585.293649,3.647775920661624,-33.9,-0.7,2022.208,5508.308196,0.3671196178653326,3760.588,-3923.014547,3.4746295738172104
충남,2015,2015-09-01,13.1,16.8,6481.605,1552.747272,4.174282007690431,-37.2,30.8,1825.889,6463.348542,0.2824989226768516,4655.716,-4910.60127,4.162524487114346
충남,2015,2015-10-01,4.5,-0.9,6147.471,1418.852248,4.332706952866596,-33.0,17.2,1878.085,6487.636672,0.2894867722950068,4269.386,-5068.784424,4.572454024825283
충남,2015,2015-11-01,8.1,13.2,5827.271,1523.584819,3.824710595255675,-26.4,43.3,1767.906,6256.487725,0.2825716404646187,4059.365,-4732.902906,4.106425613446599
충남,2015,2015-12-01,-2.6,4.7,5418.97,1582.4832,3.4243459898973967,-30.5,17.2,1871.682,7242.278082,0.2584382950789876,3547.288,-5659.794882,4.576527625696121
충남,2016,2016-01-01,-8.9,2.0,4477.507,1398.636457,3.2013372578632846,-18.7,45.4,1581.156,6990.398798,0.2261896703879583,2896.351,-5591.762341,4.998009856681435
충남,2016,2016-02-01,-3.5,3.5,4454.776,1460.355225,3.0504742433471965,-18.7,20.4,1388.735,5882.784955,0.2360676126397688,3066.041,-4422.42973,4.028324652996671
충남,2016,2016-03-01,-7.3,3.0,5296.031,1633.261612,3.242610345512731,-18.9,26.2,1584.537,6548.720998,0.2419612929736848,3711.494,-4915.459386,4.009597084683088
충남,2016,2016-04-01,-12.2,27.0,4955.963,1498.484711,3.3073163600666198,-21.3,22.4,1615.959,6159.622424,0.262347087007098,3340.004,-4661.137713,4.11056741439119
충남,2016,2016-05-01,1.0,57.6,5349.678,1529.293869,3.4981360407193263,0.8,43.7,1744.209,6329.841475,0.2755533463024048,3605.469,-4800.547606,4.139061565151675
충남,2016,2016-06-01,-0.3,6.7,5602.331,1481.917365,3.7804611325274537,-11.1,17.7,1867.021,6301.173442,0.2962973511497892,3735.31,-4819.256077,4.252041031991011
충남,2016,2016-07-01,-1.4,6.8,5586.347,1787.242205,3.125679879521422,-16.2,10.2,1938.239,6733.889493,0.2878335027646109,3648.108,-4946.647288,3.767754294387872
충남,2016,2016-08-01,-1.0,-6.0,5723.927,1489.901132,3.841816666261853,-3.3,25.3,1955.184,6899.176031,0.2833938417015004,3768.743,-5409.274899,4.630626746177947
충남,2016,2016-09-01,-7.6,1.3,5988.65,1573.428217,3.8061158019768753,23.0,24.3,2246.295,8036.466776,0.2795127588542151,3742.355,-6463.038559,5.107615771199812
충남,2016,2016-10-01,-0.5,22.0,6118.087,1731.157329,3.5341022433438227,-1.3,-7.7,1854.562,5985.038876,0.3098663247513382,4263.525,-4253.881547,3.4572472274702197
충남,2016,2016-11-01,8.8,19.4,6337.393,1819.593411,3.482862139249635,30.1,18.6,2300.681,7422.744351,0.3099501870477392,4036.712,-5603.15094,4.07934228939676
충남,2016,2016-12-01,16.6,13.9,6320.237,1802.957442,3.5054831871067536,27.0,17.0,2376.23,8472.747219,0.2804556702307065,3944.007,-6669.789777,4.699360629167862
충남,2017,2017-01-01,24.5,26.7,5575.856,1772.603111,3.145574982577134,59.5,16.2,2522.487,8124.024132,0.3104972312999525,3053.369,-6351.421021,4.583103844050514
충남,2017,2017-02-01,29.2,16.0,5756.872,1693.418485,3.399556607532839,60.0,22.6,2222.08,7214.812632,0.3079885942074732,3534.792,-5521.394147,4.260501875884507
충남,2017,2017-03-01,28.2,19.8,6791.285,1956.00154,3.4720243625166063,82.1,25.1,2885.257,8190.575627,0.3522654733189731,3906.028,-6234.574087,4.187407555415319
충남,2017,2017-04-01,27.1,24.9,6298.952,1870.980907,3.3666575518934465,58.9,28.6,2568.248,7919.741266,0.3242843312351209,3730.704,-6048.760359,4.232935374364032
충남,2017,2017-05-01,17.4,3.0,6278.873,1575.330115,3.985750631066937,33.2,8.9,2323.91,6890.075665,0.3372836690030747,3954.963,-5314.74555,4.373734495007733
충남,2017,2017-06-01,19.2,8.5,6678.248,1607.514099,4.154394666991969,32.3,23.4,2470.809,7773.770788,0.3178391886488434,4207.439,-6166.256689,4.835895867312079
충남,2017,2017-07-01,8.2,-0.7,6043.877,1774.175806,3.4065829212417973,17.2,10.5,2272.274,7438.524042,0.3054737723734038,3771.603,-5664.348236,4.192664569567465
충남,2017,2017-08-01,14.9,-0.1,6577.522,1489.059828,4.417231515025466,25.8,24.1,2460.481,8563.710422,0.2873148295251873,4117.041,-7074.650594,5.751085524550193
충남,2017,2017-09-01,28.5,15.1,7694.545,1810.626406,4.249659109412105,9.3,-1.7,2456.231,7902.25822,0.3108264665135177,5238.314,-6091.631814,4.364378092473263
충남,2017,2017-10-01,17.3,-17.0,7177.471,1436.329626,4.997091802658396,40.5,28.9,2604.804,7716.342225,0.3375697868299251,4572.667,-6280.012599,5.372264197104293
충남,2017,2017-11-01,19.9,6.1,7599.562,1931.247195,3.935054000169046,14.4,-5.9,2632.653,6987.384557,0.3767723070805647,4966.909,-5056.137362,3.61806845601658
충남,2017,2017-12-01,16.6,2.1,7369.0,1840.525997,4.003746761529715,29.6,-2.5,3078.597,8263.406532,0.3725578534806618,4290.403,-6422.880535,4.489698350074432
충남,2018,2018-01-01,30.7,4.9,7286.757,1859.403108,3.91886889327497,16.9,-5.8,2948.0,7653.698923,0.3851732384116934,4338.757,-5794.295815,4.1162128266164
충남,2018,2018-02-01,21.0,9.6,6965.275,1855.931445,3.752980757325333,30.4,0.2,2897.566,7227.479372,0.4009096188119843,4067.709,-5371.547927,3.8942598830745063
충남,2018,2018-03-01,20.2,-7.4,8162.86,1810.672459,4.508192500209669,14.6,-1.5,3307.726,8067.985911,0.409981628189286,4855.134,-6257.313452,4.455795343270309
충남,2018,2018-04-01,12.5,8.4,7086.498,2028.529611,3.493416098819768,27.1,8.9,3263.596,8624.919639,0.378391467584548,3822.902,-6596.390028,4.251808596842809
충남,2018,2018-05-01,19.2,18.8,7483.907,1872.11198,3.997574439964857,43.2,14.8,3326.992,7910.531248,0.4205775687746831,4156.915,-6038.419268,4.225458376693898
충남,2018,2018-06-01,20.5,14.0,8050.355,1832.323575,4.393522579656817,23.5,-8.9,3050.237,7081.726863,0.4307193794689565,5000.118,-5249.403288,3.864888800003569
충남,2018,2018-07-01,21.8,-3.8,7362.616,1707.251204,4.312555752047372,64.0,4.2,3726.344,7747.323723,0.4809846771908281,3636.272,-6040.072519,4.537893254869832
충남,2018,2018-08-01,27.3,15.9,8371.347,1726.280511,4.849354984115904,25.3,-11.5,3083.091,7580.821472,0.4066961623337909,5288.256,-5854.540961,4.391419252951295
충남,2018,2018-09-01,12.5,-26.5,8660.077,1330.805126,6.507396786206848,13.8,-10.3,2795.405,7091.171593,0.3942091886141162,5864.672,-5760.366467,5.328482325818754
충남,2018,2018-10-01,14.9,34.8,8249.832,1936.437149,4.260314879964121,33.5,-4.0,3478.281,7409.628321,0.4694271897744221,4771.551,-5473.191172,3.826423349100911
충남,2018,2018-11-01,0.2,-8.0,7611.803,1776.34488,4.285092993878531,40.5,17.1,3699.805,8182.902027,0.4521384941176444,3911.998,-6406.557147,4.606595329055695
충남,2018,2018-12-01,-9.4,-6.1,6676.472,1728.149899,3.86336393843113,-0.3,-16.6,3070.257,6887.575476,0.4457674562984346,3606.215,-5159.425577,3.985519705197749
충남,2019,2019-01-01,-14.2,18.9,6250.713,2211.415855,2.8265660598693683,4.7,12.9,3086.646,8640.396929,0.3572342827955282,3164.067,-6428.981074,3.9071787015834714
충남,2019,2019-02-01,-17.6,-12.4,5739.695,1626.474843,3.5289171699780173,-4.9,5.9,2755.002,7652.683489,0.3600046969092674,2984.693,-6026.208646,4.705073381205688
충남,2019,2019-03-01,-16.7,2.8,6797.892,1862.024829,3.650806312636984,-16.6,-23.8,2759.782,6144.044735,0.449179997710417,4038.11,-4282.019906,3.299657791512725
충남,2019,2019-04-01,-0.6,15.1,7044.877,2335.269006,3.0167303988960663,-1.8,-12.1,3206.123,7578.007334,0.4230825939710023,3838.754,-5242.738328,3.2450254401226784
충남,2019,2019-05-01,-19.7,-13.6,6011.664,1617.247713,3.7172190454660425,-23.0,-25.7,2563.446,5880.8368,0.435898170137964,3448.218,-4263.589087,3.636324078697275
충남,2019,2019-06-01,-16.9,9.6,6686.841,2008.679826,3.328973046598418,-1.2,-3.1,3012.864,6863.113873,0.4389937360434643,3673.977,-4854.434047,3.416728631494704
충남,2019,2019-07-01,-10.9,8.8,6561.251,1858.330386,3.530723626665168,-19.7,5.8,2992.674,8197.633367,0.3650656068673631,3568.577,-6339.302981,4.411289525672105
충남,2019,2019-08-01,-16.5,0.1,6990.525,1728.836976,4.043484201832573,-0.9,5.1,3054.586,7967.860341,0.383363396102979,3935.939,-6239.023365,4.608797967426167
충남,2019,2019-09-01,-13.2,50.7,7513.966,2005.548301,3.7465893971506,-6.6,5.1,2612.13,7450.421761,0.3506016281753958,4901.836,-5444.87346,3.714905174452839
충남,2019,2019-10-01,-14.7,4.2,7040.704,2018.704374,3.4877340588751307,-14.5,13.9,2972.396,8439.648346,0.3521942950868062,4068.308,-6420.943972,4.180725248678735
충남,2019,2019-11-01,-13.2,4.1,6607.866,1849.513289,3.572759406109896,-22.1,-6.7,2882.989,7632.12596,0.3777438966691268,3724.877,-5782.612671,4.1265591360668505
충남,2019,2019-12-01,0.4,1.8,6704.907,1759.764186,3.810116749358599,-8.1,13.2,2822.36,7795.880203,0.3620322435065001,3882.547,-6036.116017,4.430070952131538
충남,2020,2020-01-01,-0.1,-17.8,6244.422,1817.829657,3.435097439385653,6.8,-10.0,3296.51,7777.597581,0.4238468197497244,2947.912,-5959.767924,4.278507367866097
충남,2020,2020-02-01,8.2,9.6,6208.465,1782.313878,3.4833735385412288,-5.9,-21.3,2593.051,6019.246415,0.4307932955756888,3615.414,-4236.932537,3.3772089693620173
충남,2020,2020-03-01,4.0,1.7,7067.342,1893.389871,3.732639594331072,-4.0,7.6,2649.695,6613.44002,0.40065306285185,4417.647,-4720.050149,3.49290979174146
충남,2020,2020-04-01,-25.3,-46.7,5262.447,1244.953869,4.2270216841263535,-41.4,-22.0,1879.338,5910.323232,0.3179755025621583,3383.109,-4665.369363,4.7474234822431
충남,2020,2020-05-01,-4.6,-41.1,5738.085,952.191491,6.026188066408587,-42.5,-5.9,1475.137,5531.158545,0.2666958446406276,4262.948,-4578.967054,5.808872057017783
충남,2020,2020-06-01,-4.9,-19.1,6361.749,1625.546919,3.9136052768711256,-41.4,1.4,1765.956,6961.728986,0.2536662951906528,4595.793,-5336.182067,4.282699505396436
충남,2020,2020-07-01,-9.5,-6.1,5937.781,1744.346731,3.4040141758949414,-31.8,-6.3,2040.0,7683.404066,0.2655073171313804,3897.781,-5939.057335,4.404745873886698
충남,2020,2020-08-01,-5.8,-2.8,6583.828,1681.184308,3.916184542450536,-38.9,-20.7,1867.328,6319.458328,0.295488616757914,4716.5,-4638.27402,3.758932496531487
충남,2020,2020-09-01,2.4,-9.6,7693.008,1813.795394,4.24138688710332,-14.4,0.0,2235.267,7449.477323,0.3000568903134575,5457.741,-5635.681929,4.107121094056544
충남,2020,2020-10-01,0.8,-16.3,7098.092,1689.844558,4.200440783974167,-27.9,-17.1,2142.899,6994.127565,0.3063854612437284,4955.193,-5304.283007,4.13891770807478
충남,2020,2020-11-01,10.8,-10.0,7322.281,1664.352254,4.399477924461056,-29.1,-22.6,2043.066,5905.789401,0.3459429148716439,5279.215,-4241.437147,3.5484011192981506
충남,2020,2020-12-01,20.1,-1.0,8054.459,1742.258455,4.622998945354523,-12.9,-4.5,2458.261,7443.982632,0.330234650122972,5596.198,-5701.724177,4.272605255917671
충남,2021,2021-01-01,12.9,-17.6,7050.946,1497.090018,4.709767559214332,-33.1,-28.7,2206.79,5542.339151,0.3981694262794854,4844.156,-4045.249133,3.7020747479194
충남,2021,2021-02-01,11.7,-3.0,6937.637,1728.144639,4.014500200639745,3.4,11.2,2680.768,6694.405883,0.4004489788716923,4256.869,-4966.261244,3.8737532333368536
충남,2021,2021-03-01,14.5,14.4,8089.605,2166.197942,3.7344717410870847,8.3,-1.4,2868.793,6521.931836,0.4398685960139495,5220.812,-4355.733894,3.010773719957675
충남,2021,2021-04-01,45.7,59.2,7666.879,1981.606351,3.8690222183285687,65.8,7.8,3116.167,6371.066785,0.4891122798048019,4550.712,-4389.460434,3.2151021224699337
충남,2021,2021-05-01,42.5,74.0,8177.758,1656.430944,4.93697490355505,93.4,11.9,2853.157,6190.434739,0.4608976784820928,5324.601,-4534.003795,3.73721268696608
충남,2021,2021-06-01,40.1,-16.4,8915.559,1358.347246,6.5635344910913895,76.1,-6.8,3109.898,6487.364588,0.4793777130627948,5805.661,-5129.017342,4.775925012623761
충남,2021,2021-07-01,47.0,-5.2,8726.562,1654.374191,5.274841718079003,58.1,6.0,3225.352,8141.089216,0.396181876211489,5501.21,-6486.715025,4.920947909057413
충남,2021,2021-08-01,42.9,-7.0,9408.765,1563.697956,6.016996417945053,81.8,14.6,3394.597,7241.959773,0.468740107153865,6014.168,-5678.261817,4.631303472139347
충남,2021,2021-09-01,30.8,-1.9,10059.34,1779.023068,5.654417967333519,43.2,5.5,3201.876,7861.489057,0.4072861994444928,6857.464,-6082.465989,4.41899219768858
충남,2021,2021-10-01,26.6,7.2,8983.552,1810.877763,4.9608826081763535,55.3,-9.2,3327.269,6351.157249,0.5238838954151047,5656.283,-4540.279486,3.5072258209622733
충남,2021,2021-11-01,35.9,4.3,9953.049,1735.904706,5.733637892447766,66.5,-4.3,3402.525,5650.484932,0.6021651311254218,6550.524,-3914.580226,3.2550663135306923
충남,2021,2021-12-01,26.0,3.1,10149.885,1795.499104,5.652960214454109,57.0,-4.4,3858.442,7118.440934,0.5420347005438818,6291.443,-5322.94183,3.964602888490219
충남,2022,2022-01-01,30.2,15.2,9181.162,1725.284301,5.321535699755956,76.2,33.2,3887.369,7382.940794,0.5265339528605192,5293.793,-5657.656493,4.279260403471323
충남,2022,2022-02-01,28.1,-7.9,8888.423,1590.975507,5.5867755103033145,44.5,4.2,3873.142,6975.89906,0.5552176094703986,5015.281,-5384.923553,4.384667789860576
충남,2022,2022-03-01,34.3,-12.0,10867.829,1906.51552,5.700362197943188,49.4,-3.4,4285.601,6301.974999,0.6800409396546385,6582.228,-4395.459479,3.305493678331032
충남,2022,2022-04-01,23.5,-20.3,9471.88,1579.82432,5.995527401426508,31.5,-9.4,4098.631,5771.17409,0.7101901512730142,5373.249,-4191.34977,3.653048011059863
충남,2022,2022-05-01,17.2,-9.3,9581.595,1502.051616,6.379005153974682,45.5,-3.8,4150.502,5953.627865,0.6971382985489974,5431.093,-4451.576249,3.963663965726195
충남,2022,2022-06-01,4.1,17.1,9279.056,1590.962992,5.832351881633209,56.3,20.2,4860.733,7798.210002,0.6233139398340609,4418.323,-6207.24701,4.9015659328422645
충남,2022,2022-07-01,-1.2,7.3,8617.802,1775.77744,4.852974142975935,60.0,-6.2,5161.391,7640.245975,0.6755529883316355,3456.411,-5864.468535,4.302479467809885
충남,2022,2022-08-01,-2.8,34.4,9149.312,2102.082992,4.352497991192538,45.6,-2.1,4943.656,7091.110776,0.6971624271802238,4205.656,-4989.027784,3.3733733648894866
충남,2022,2022-09-01,-7.0,5.1,9351.332,1870.640588,4.998999839941461,19.7,-21.0,3831.093,6213.798783,0.6165460346867495,5520.239,-4343.158195,3.321749149922754
충남,2022,2022-10-01,-5.5,-6.4,8491.898,1694.551493,5.0112953398460105,18.3,-6.1,3934.654,5960.64325,0.6601056018576519,4557.244,-4266.091757,3.5175344476829067
충남,2022,2022-11-01,-25.3,-12.9,7438.967,1512.639612,4.917871342906495,13.3,20.4,3856.247,6801.19198,0.5669957577054016,3582.72,-5288.552368,4.496240826992174
충남,2022,2022-12-01,-29.3,-9.7,7176.037,1621.683932,4.42505278519341,2.8,-4.0,3966.424,6831.625862,0.5805973687848891,3209.613,-5209.94193,4.212674077355291
충남,2023,2023-01-01,-39.5,-2.9,5556.942,1675.814288,3.3159652831412068,-5.0,-13.1,3694.825,6418.620351,0.5756416173491797,1862.117,-4742.806063,3.830150152652237
충남,2023,2023-02-01,-35.4,3.3,5742.411,1643.515737,3.4939799301720957,-4.2,-2.6,3710.73,6793.781443,0.5461950801822402,2031.681,-5150.265706,4.133688099270083
충남,2023,2023-03-01,-31.8,-15.0,7408.775,1620.992627,4.570517395696951,-7.4,13.7,3967.141,7166.27628,0.5535847133150161,3441.634,-5545.283653,4.420918491938335
충남,2023,2023-04-01,-39.2,-0.7,5755.482,1568.257111,3.66998622842527,-19.2,-10.5,3311.816,5164.923257,0.6412130123156252,2443.666,-3596.666146,3.2934161246726843
충남,2023,2023-05-01,-35.3,17.4,6194.992,1762.769018,3.514352667162658,-13.0,2.1,3611.199,6078.573254,0.5940866136019095,2583.793,-4315.804236,3.448309558388211
충남,2023,2023-06-01,-18.3,11.7,7580.632,1777.0348,4.265888321376711,-31.3,-15.7,3340.351,6570.863131,0.5083580244185731,4240.281,-4793.828331,3.697655854010287
충남,2023,2023-07-01,-26.8,-8.4,6310.157,1626.097324,3.8805530928971623,-46.2,-15.6,2775.837,6451.542206,0.4302594498131692,3534.32,-4825.444882,3.967500659880552
충남,2023,2023-08-01,-28.3,-44.1,6561.324,1175.08564,5.583698563451086,-42.6,-12.2,2835.999,6222.463269,0.4557678972777235,3725.325,-5047.377629,5.295327469919554
충남,2023,2023-09-01,-26.8,-38.8,6842.05,1144.353035,5.97896784535552,-21.3,0.1,3014.788,6221.967197,0.4845393594253628,3827.262,-5077.614162,5.4371046405273
충남,2023,2023-10-01,-21.2,5.6,6695.368,1789.234138,3.742030099807988,-12.9,2.2,3427.395,6094.374199,0.5623867009286018,3267.973,-4305.140061,3.406135658585338
충남,2023,2023-11-01,-6.3,12.9,6967.926,1708.211592,4.079076639353469,-5.9,5.8,3629.165,7199.011847,0.5041198816074125,3338.761,-5490.800255,4.214356043896932
충남,2023,2023-12-01,8.4,9.2,7777.067,1770.114829,4.39353813243491,-11.7,0.2,3501.606,6846.198919,0.5114671719926401,4275.461,-5076.08409,3.867658078921161
충남,2024,2024-01-01,13.7,18.4,6316.679,1984.700176,3.182686773742696,-7.1,1.4,3433.874,6509.10382,0.5275494284557286,2882.805,-4524.403644,3.2796408740783023
충남,2024,2024-02-01,18.1,3.4,6784.51,1699.252746,3.992643246256669,-12.3,4.7,3254.046,7112.714435,0.4574970680655479,3530.464,-5413.461689,4.185789578238528
충남,2024,2024-03-01,6.4,16.9,7879.504,1895.350919,4.157279752794949,-17.3,-22.2,3281.135,5578.903792,0.5881325655239046,4598.369,-3683.552873,2.943467479332781
충남,2024,2024-04-01,18.4,16.3,6814.913,1824.483848,3.7352553202762033,13.5,20.9,3758.669,6245.860486,0.601785615997187,3056.244,-4421.376638,3.423357511685683
충남,2024,2024-05-01,22.1,-6.5,7561.727,1647.683466,4.589308053419527,-7.3,10.6,3348.757,6723.484738,0.4980686549451642,4212.97,-5075.801272,4.08056818966708
충남,2024,2024-06-01,11.6,-17.9,8459.919,1458.72465,5.799531117815826,9.5,5.6,3658.491,6936.997507,0.5273882535359544,4801.428,-5478.272857,4.755522234439515
충남,2024,2024-07-01,21.4,24.3,7658.762,2020.960306,3.789664733771372,24.5,10.9,3456.404,7155.988945,0.4830085717802908,4202.358,-5135.028639,3.540885451215785
충남,2024,2024-08-01,21.1,61.1,7943.072,1893.201276,4.195577142638689,31.7,16.7,3734.179,7263.749762,0.514084202010262,4208.893,-5370.548486,3.836755158620546
충남,2024,2024-09-01,28.1,57.9,8765.878,1806.5663,4.852231551092257,13.4,9.0,3418.191,6782.573969,0.5039666379788803,5347.687,-4976.007669,3.7544008038896775
충남,2024,2024-10-01,7.9,-6.9,7222.979,1665.305184,4.337330520193709,-6.9,-2.3,3190.03,5954.128632,0.5357677331415772,4032.949,-4288.823448,3.575397884547749
충남,2024,2024-11-01,12.3,-2.8,7824.652,1660.842421,4.711254903574022,-9.0,-8.0,3302.319,6625.62387,0.4984163098893207,4522.333,-4964.781449,3.9893151729654672
충남,2024,2024-12-01,20.5,8.4,9372.992,1919.013504,4.884276207782225,-5.7,-2.5,3301.512,6676.219862,0.4945181657050707,6071.48,-4757.206358,3.478985347463193
충남,2025,2025-01-01,-9.1,-25.8,5741.004,1471.879978,3.9004566172582313,-2.2,10.5,3356.819,7195.483637,0.466517494771144,2384.185,-5723.603659,4.888634769512437
충남,2025,2025-02-01,-6.3,13.6,6355.742,1929.710549,3.2936245300071683,-1.5,-12.8,3205.59,6205.275733,0.5165910650758829,3150.152,-4275.565184,3.215651039590187
충남,2025,2025-03-01,1.3,-3.7,7979.435,1825.876438,4.370194408522183,-0.7,-5.3,3258.884,5285.20362,0.6166051933492016,4720.551,-3459.327182,2.89461187515472
충남,2025,2025-04-01,-6.3,12.1,6388.928,2045.644111,3.123186465155375,-19.7,-22.5,3018.078,4840.946958,0.6234478555920587,3370.85,-2795.302847,2.3664658637193416
충남,2025,2025-05-01,1.0,5.5,7634.873,1738.092241,4.392674232069137,-6.4,-14.6,3134.07,5741.773447,0.5458365832315293,4500.803,-4003.681206,3.3034917891909514
충남,2025,2025-06-01,1.9,23.5,8624.724,1802.003767,4.786185333207464,-23.1,-21.2,2814.126,5467.550432,0.5146959383364312,5810.598,-3665.546665,3.0341503897644184
충남,2025,2025-07-01,0.5,-1.3,7693.614,1993.698141,3.8589663308513855,-6.6,2.8,3227.075,7355.235054,0.4387453257860221,4466.539,-5361.536913,3.689242068666803
충남,2025,2025-08-01,2.5,-2.4,8140.24,1847.94906,4.40501319879456,-14.6,7.0,3188.041,7773.214858,0.4101315939722092,4952.199,-5925.265798,4.206401045492022
충남,2025,2025-09-01,17.4,5.2,10292.349,1899.777653,5.417659789684872,-9.2,5.2,3103.5,7138.248731,0.4347705042165474,7188.849,-5238.471078,3.757412726551321
충남,2025,2025-10-01,-1.2,12.7,7139.244,1877.389689,3.8027501918383018,5.9,31.9,3377.067,7851.582936,0.4301128864748961,3762.177,-5974.193247,4.1821807065437655
충남,2025,2025-11-01,20.9,-3.4,9457.027,1604.774756,5.893055685629192,-12.2,-0.6,2897.962,6588.506738,0.43985110970376,6559.065,-4983.731982,4.105564792421249
충남,2025,2025-12-01,24.1,18.1,11633.091,2265.962147,5.13384171725972,-6.2,-2.8,3095.524,6487.000092,0.4771888324493028,8537.567,-4221.037945,2.862801614134819
충남,2026,2026-01-01,64.1,27.6,9418.453,1877.599499,5.016220447979572,0.8,17.9,3383.776,8480.699005,0.3989972993977281,6034.677,-6603.099506,4.516777411538924
충남,2026,2026-02-01,108.9,-4.5,13275.702,1842.879773,7.203780840455293,-14.5,-1.6,2739.457,6105.070104,0.4487183526697141,10536.245,-4262.190331,3.3127880578241062
충남,2026,2026-03-01,125.1,8.7,17962.711,1984.368059,9.052106497346116,10.4,28.2,3598.607,6778.212338,0.5309079769935057,14364.104,-4793.844279,3.4158039922371075
충남,2026,2026-04-01,151.8,-28.7,16087.075,1458.390008,11.03070846053136,-6.3,-11.7,2827.982,4274.993266,0.6615172993350863,13259.093,-2816.603258,2.9313100354154376
충남,2026,2026-05-01,138.3,-18.9,18196.744,1410.345876,12.902327230260218,39.0,5.4,4356.565,6052.884249,0.7197502580228179,13840.179,-4642.538373,4.291772927480095
충남,2026,2026-06-01,164.4,9.0,22800.477,1964.632901,11.605464302463089,29.4,6.4,3642.159,5819.611616,0.6258422795752424,19158.318,-3854.978715,2.9621878026362136
충남,2026,2026-07-01,141.5,3.3,18576.665,2059.648867,9.019335915766073,30.2,3.9,4203.122,7639.110337,0.5502109296212407,14373.543,-5579.46147,3.7089381881518544
충북,2000,2000-01-01,0.0,0.0,391.04,63.298134,6.177749252450317,0.0,0.0,244.876,271.133464,0.9031566830127616,146.164,-207.83533,4.283435337920072
충북,2000,2000-02-01,0.0,0.0,345.086,54.115829,6.376803356371017,0.0,0.0,228.98,117.046787,1.9563117097780736,116.106,-62.930958,2.162893725604758
충북,2000,2000-03-01,0.0,0.0,397.248,66.092216,6.010511131900919,0.0,0.0,338.074,154.516816,2.187943090931928,59.174,-88.4246,2.3378973402858816
충북,2000,2000-04-01,0.0,0.0,385.958,67.650474,5.705178059801916,0.0,0.0,304.271,195.564173,1.555862688612193,81.687,-127.913699,2.8908027015450037
충북,2000,2000-05-01,0.0,0.0,418.527,74.114151,5.64705922354828,0.0,0.0,300.615,150.297246,2.0001364496060026,117.912,-76.183095,2.0279156405637027
충북,2000,2000-06-01,0.0,0.0,435.599,61.710984,7.058694769799814,0.0,0.0,262.691,121.788783,2.1569391985795603,172.908,-60.077799,1.973534938285865
충북,2000,2000-07-01,0.0,0.0,408.496,61.882212,6.601186137302267,0.0,0.0,240.189,163.145682,1.4722363292459066,168.307,-101.26347,2.6363905996120502
충북,2000,2000-08-01,0.0,0.0,423.97,56.979241,7.440780055318743,0.0,0.0,323.5,134.189239,2.4107745331203496,100.47,-77.209998,2.355054869895512
충북,2000,2000-09-01,0.0,0.0,441.274,51.046223,8.644596486599998,0.0,0.0,309.592,156.912786,1.9730195855422517,131.682,-105.866563,3.0739352841051533
충북,2000,2000-10-01,0.0,0.0,376.899,63.887065,5.899457112327824,0.0,0.0,263.167,149.08356,1.7652315251929858,113.732,-85.196495,2.3335484264302955
충북,2000,2000-11-01,0.0,0.0,366.472,53.233395,6.884250008852526,0.0,0.0,256.264,111.536825,2.297573021286916,110.208,-58.30343,2.095241624172195
충북,2000,2000-12-01,0.0,0.0,357.25,55.120157,6.481295036949913,0.0,0.0,241.518,193.740007,1.2466088121902463,115.732,-138.61985,3.514866748293188
충북,2001,2001-01-01,-10.1,-12.1,351.588,55.645284,6.318379110078762,-12.5,-57.2,214.367,116.157254,1.845489563656524,137.221,-60.51197,2.087459091771371
충북,2001,2001-02-01,5.5,41.3,364.019,76.473733,4.760052709863137,-6.5,6.2,213.996,124.264055,1.7221070083380106,150.023,-47.790322,1.6249246653095908
충북,2001,2001-03-01,-17.2,-6.1,329.109,62.086072,5.300850728646515,-28.5,-17.3,241.585,127.803358,1.8902867951247413,87.524,-65.717286,2.05848677300764
충북,2001,2001-04-01,-20.5,0.7,306.789,68.145406,4.501976259412117,-27.5,-42.7,220.446,112.003414,1.9682078619496368,86.343,-43.858008,1.643594492635351
충북,2001,2001-05-01,-32.9,-14.1,280.672,63.691561,4.406737652418348,-24.0,23.0,228.457,184.825359,1.236069559047901,52.215,-121.133798,2.901881443916879
충북,2001,2001-06-01,-42.5,34.6,250.633,83.051942,3.017786146409436,-21.6,19.0,206.026,144.879818,1.4220476174259136,44.607,-61.827876,1.744448287554793
충북,2001,2001-07-01,-39.9,21.6,245.591,75.273969,3.262628545599874,-8.1,-26.1,220.635,120.621863,1.8291460147651677,24.956,-45.347894,1.6024379291066744
충북,2001,2001-08-01,-42.5,28.0,243.9,72.947976,3.34347864565838,-29.3,59.8,228.564,214.386151,1.0661322988162607,15.336,-141.438175,2.9388910118630296
충북,2001,2001-09-01,-38.1,69.7,273.355,86.647929,3.1547782290330333,-25.8,-22.3,229.714,121.853203,1.8851699778462123,43.641,-35.205274,1.406302544172752
충북,2001,2001-10-01,-33.3,26.1,251.264,80.533889,3.119978472665091,-13.7,-29.2,227.067,105.545807,2.151359740894302,24.197,-25.011918,1.3105763090616425
충북,2001,2001-11-01,-25.6,87.4,272.728,99.773744,2.7334646277281127,-11.7,55.0,226.368,172.899986,1.3092424426222915,46.36,-73.126242,1.7329206970523228
충북,2001,2001-12-01,-21.4,28.0,280.822,70.558766,3.97997323252507,-9.0,-29.6,219.829,136.379885,1.6118872662196482,60.993,-65.821119,1.9328553024864408
충북,2002,2002-01-01,-19.5,9.5,282.871,60.950659,4.640983455158376,11.3,9.0,238.652,126.638854,1.884508525321936,44.219,-65.688195,2.0777273958596574
충북,2002,2002-02-01,-16.6,-1.1,303.709,75.645746,4.014885384301716,-0.3,41.5,213.416,175.818412,1.2138432919073343,90.293,-100.172666,2.3242339628721487
충북,2002,2002-03-01,13.5,91.3,373.399,118.769085,3.143907356026192,15.2,5.6,278.203,134.929178,2.061844621924548,95.196,-16.160093,1.1360631261914664
충북,2002,2002-04-01,10.5,-2.6,338.875,66.351637,5.107259071844753,39.9,53.2,308.395,171.540803,1.7977938461673169,30.48,-105.189166,2.585328874402903
충북,2002,2002-05-01,21.8,13.4,341.729,72.20919,4.7324862666372525,19.4,25.9,272.795,232.676124,1.172423690537324,68.934,-160.466934,3.2222508520037407
충북,2002,2002-06-01,26.0,21.5,315.686,100.915865,3.128209821121783,25.5,4.3,258.528,151.088365,1.711104624105238,57.158,-50.1725,1.4971715795132905
충북,2002,2002-07-01,36.5,39.1,335.117,104.676245,3.201461802532179,21.6,2.5,268.252,123.610281,2.1701431129341096,66.865,-18.934036,1.18088188012476
충북,2002,2002-08-01,35.2,118.1,329.87,159.108327,2.073241584646918,1.9,-47.4,232.994,112.724723,2.066929008998319,96.876,46.383604,0.7084778347270284
충북,2002,2002-09-01,23.1,-8.0,336.469,79.746352,4.219240022415069,11.9,79.2,256.938,218.365204,1.1766435095584185,79.531,-138.618852,2.7382469357344394
충북,2002,2002-10-01,47.5,23.3,370.538,99.276666,3.732377555869976,23.6,13.6,280.694,119.867345,2.3417053243316603,89.844,-20.590679,1.207407035606937
충북,2002,2002-11-01,27.9,59.5,348.725,159.180931,2.1907460762369837,39.1,-37.7,314.781,107.655579,2.923963652640798,33.944,51.525352,0.6763095197627661
충북,2002,2002-12-01,21.9,-4.4,342.374,67.482585,5.073516374632063,49.8,28.0,329.225,174.509271,1.8865759859830027,13.149,-107.026686,2.585989718680753
충북,2003,2003-01-01,22.6,90.3,346.879,116.013709,2.989982847630533,15.1,26.0,274.775,159.518671,1.72252563463245,72.104,-43.504962,1.3749984581563546
충북,2003,2003-02-01,0.2,-1.1,304.264,74.816636,4.066796053220036,37.7,-15.3,293.802,148.832956,1.9740385993542988,10.462,-74.01632,1.9893029673240048
충북,2003,2003-03-01,0.3,-45.1,374.64,65.226856,5.743646451394192,3.8,-22.6,288.889,104.417006,2.7666853424240108,85.751,-39.19015,1.600828437906006
충북,2003,2003-04-01,2.6,29.8,347.832,86.142653,4.037860315261012,-1.9,-22.9,302.647,132.332482,2.2870197507517465,45.185,-46.189829,1.5362016073500775
충북,2003,2003-05-01,-0.2,26.8,340.981,91.593692,3.722756366235352,-3.3,-17.9,263.789,190.975427,1.3812719476207795,77.192,-99.381735,2.085028158926053
충북,2003,2003-06-01,7.2,-0.8,338.524,100.101522,3.3818067221795087,1.4,-23.7,262.034,115.275605,2.273108868090521,76.49,-15.174083,1.1515869359109243
충북,2003,2003-07-01,16.8,-30.1,391.58,73.207245,5.348924139953635,2.8,-15.4,275.748,104.615349,2.6358273679324054,115.832,-31.408104,1.4290299955967474
충북,2003,2003-08-01,19.1,-44.7,392.778,88.052791,4.460710393609216,17.7,29.4,274.179,145.8883,1.8793762076876623,118.599,-57.835509,1.6568276637591193
충북,2003,2003-09-01,32.8,-2.7,446.798,77.573869,5.759645686874275,22.5,-37.2,314.708,137.200832,2.2937761776838204,132.09,-59.626963,1.7686475325860052
충북,2003,2003-10-01,32.8,11.3,492.231,110.483942,4.455226624698094,28.8,74.0,361.63,208.595953,1.73363861953736,130.601,-98.112011,1.888020550533941
충북,2003,2003-11-01,38.0,-24.8,481.321,119.640393,4.023064350850135,1.6,-2.0,319.82,105.532848,3.0305256236427924,161.501,14.107545,0.8820837624630672
충북,2003,2003-12-01,38.5,63.0,474.039,109.998156,4.309517697733042,8.3,24.9,356.539,217.954037,1.6358449006383855,117.5,-107.955881,1.9814335523951876
충북,2004,2004-01-01,33.3,-49.8,462.281,58.22055,7.940168892255397,15.8,-12.5,318.318,139.613747,2.279990379457404,143.963,-81.393197,2.3980149105427557
충북,2004,2004-02-01,49.9,-14.1,456.174,64.261711,7.098690540623794,28.0,-12.2,376.053,130.654178,2.8782317240555444,80.121,-66.392467,2.033157473818274
충북,2004,2004-03-01,36.6,10.4,511.765,71.991927,7.108644278962001,48.6,99.1,429.171,207.93225,2.0639944020227743,82.594,-135.940323,2.8882717641382207
충북,2004,2004-04-01,52.0,-17.8,528.683,70.83182,7.463919464444087,46.9,70.8,444.54,225.992324,1.9670579607827745,84.143,-155.160504,3.1905480333556304
충북,2004,2004-05-01,91.1,-14.2,651.764,78.576704,8.294621265865262,59.8,3.9,421.551,198.432234,2.124407872160528,230.213,-119.85553,2.525331604644552
충북,2004,2004-06-01,109.5,-17.3,709.325,82.749013,8.572005565794482,82.5,81.6,478.2,209.290744,2.284859764271276,231.125,-126.541731,2.5292234482603435
충북,2004,2004-07-01,72.4,15.0,675.046,84.162968,8.020700980982514,69.7,100.5,468.007,209.769389,2.231054789409717,207.039,-125.606421,2.4924191005241165
충북,2004,2004-08-01,78.4,-12.5,700.828,77.015991,9.099772539445736,59.9,4.8,438.323,152.819364,2.8682425350232448,262.505,-75.803373,1.984254984136996
충북,2004,2004-09-01,57.3,1.8,702.938,79.007078,8.897152227297914,39.9,39.9,440.243,191.909743,2.2940106798017026,262.695,-112.902665,2.429019625304963
충북,2004,2004-10-01,62.3,-20.1,798.849,88.257134,9.051381614091389,32.0,-10.1,477.221,187.627258,2.543452401782688,321.628,-99.370124,2.125916053426344
충북,2004,2004-11-01,62.2,-29.4,780.87,84.514461,9.239483879569438,52.5,50.2,487.845,158.501539,3.0778565500237822,293.025,-73.987078,1.8754369030407707
충북,2004,2004-12-01,19.7,-23.6,567.198,84.02106,6.75066465479012,32.4,-27.3,472.091,158.42023,2.9799918861372694,95.107,-74.39917,1.8854824016740568
충북,2005,2005-01-01,18.9,11.1,549.698,64.693436,8.496967142076052,48.7,64.8,473.441,230.017036,2.058286674035744,76.257,-165.3236,3.5554926468892454
충북,2005,2005-02-01,-25.4,-2.5,340.428,62.652229,5.433613543103151,-7.2,11.1,348.832,145.158581,2.4031097410631204,-8.404,-82.506352,2.316894120399132
충북,2005,2005-03-01,-22.2,3.4,398.38,74.417383,5.353319129752252,4.5,-11.5,448.569,183.921499,2.438915528847446,-50.189,-109.504116,2.4714857145675224
충북,2005,2005-04-01,-27.2,8.3,385.097,76.680876,5.022073561079297,-3.1,-30.6,430.734,156.928718,2.744774860137454,-45.637,-80.247842,2.046517022053843
충북,2005,2005-05-01,-37.7,-2.8,406.172,76.366081,5.31874877800787,-1.8,10.3,414.004,218.849074,1.8917329300648535,-7.832,-142.482993,2.86578898817657
충북,2005,2005-06-01,-38.5,-5.9,435.895,77.898691,5.595665272475503,-19.9,-25.6,383.159,155.816134,2.4590457365602463,52.736,-77.917443,2.0002407229153567
충북,2005,2005-07-01,-39.8,-1.9,406.043,82.543144,4.919160820915666,0.8,13.0,471.633,237.066261,1.9894564414630047,-65.59,-154.523117,2.8720284873084068
충북,2005,2005-08-01,-43.5,1.5,395.669,78.183542,5.060770974024175,1.3,18.4,444.154,180.929039,2.45485192678219,-48.485,-102.745497,2.314157613887588
충북,2005,2005-09-01,-36.2,6.9,448.37,84.475957,5.307664049310504,8.3,19.1,476.9,228.644809,2.085767886381361,-28.53,-144.168852,2.706625850950703
충북,2005,2005-10-01,-30.7,-12.3,553.215,77.441995,7.143604706981012,4.0,4.6,496.439,196.183427,2.530483882310813,56.776,-118.741432,2.533295106873215
충북,2005,2005-11-01,-14.7,3.3,666.395,87.315369,7.63204699965249,5.7,42.2,515.708,225.427622,2.287687708474341,150.687,-138.112253,2.581763377762281
충북,2005,2005-12-01,19.6,-4.6,678.218,80.160224,8.460779750316068,25.3,68.5,591.325,266.93579,2.215233109055927,86.893,-186.775566,3.3300279949317506
충북,2006,2006-01-01,8.9,9.5,598.672,70.865916,8.447954020660651,-3.3,-14.5,457.816,196.675659,2.3277715317074392,140.856,-125.809743,2.7753209173222286
충북,2006,2006-02-01,77.1,30.7,602.865,81.897723,7.361193668351439,52.1,74.3,530.46,253.059423,2.096187502964472,72.405,-171.1617,3.089944551938276
충북,2006,2006-03-01,64.1,23.5,653.707,91.926671,7.111178865598212,29.6,21.0,581.482,222.632844,2.611842842020201,72.225,-130.706173,2.4218525655084364
충북,2006,2006-04-01,51.5,12.5,583.485,86.262615,6.764054161817376,28.1,47.8,551.746,231.942825,2.378801758579943,31.739,-145.68021,2.688798907846696
충북,2006,2006-05-01,62.6,14.6,660.625,87.53162,7.547272631307407,53.2,19.1,634.116,260.603319,2.4332614121464817,26.509,-173.071699,2.977247753440414
충북,2006,2006-06-01,57.4,32.0,686.11,102.828559,6.672368130725239,53.5,74.8,588.1,272.311444,2.1596595110413355,98.01,-169.482885,2.6482083056322905
충북,2006,2006-07-01,65.2,7.4,670.623,88.622196,7.567212620188288,24.4,12.3,586.769,266.314508,2.203293408258479,83.854,-177.692312,3.00505426428386
충북,2006,2006-08-01,66.5,10.2,658.9,86.146458,7.648602337196499,31.9,14.1,585.985,206.458647,2.838268139963157,72.915,-120.312189,2.3966005311559067
충북,2006,2006-09-01,53.5,14.2,688.184,96.498843,7.131525918916976,26.7,5.6,604.403,241.510626,2.502593819619349,83.781,-145.011783,2.5027307943992656
충북,2006,2006-10-01,31.9,9.9,729.737,85.120548,8.572982871303884,17.8,31.9,584.878,258.737446,2.2605077426635805,144.859,-173.616898,3.0396590726836017
충북,2006,2006-11-01,20.7,3.6,804.132,90.474874,8.887904060524031,13.5,19.9,585.092,270.33712,2.16430507212624,219.04,-179.862246,2.987980066156268
충북,2006,2006-12-01,5.7,12.2,716.778,89.977816,7.966163570807275,1.4,-9.3,599.471,242.171253,2.475401157543666,117.307,-152.193437,2.69145511378049
충북,2007,2007-01-01,10.2,4.9,659.627,74.365348,8.870085567272541,25.4,43.4,574.135,282.101055,2.035210396501353,85.492,-207.735707,3.793447655217051
충북,2007,2007-02-01,-6.6,-8.1,563.203,75.288142,7.480633537217587,-1.5,-10.8,522.701,225.717501,2.3157309366100063,40.502,-150.429359,2.998048497464581
충북,2007,2007-03-01,-1.6,-3.1,643.4,89.083615,7.22242805256612,16.5,28.6,677.425,286.207186,2.366904232795888,-34.025,-197.123571,3.2127926779801204
충북,2007,2007-04-01,12.3,6.3,655.052,91.72937,7.141137020781893,11.4,0.1,614.37,232.164352,2.646271896212559,40.682,-140.434982,2.53097074579276
충북,2007,2007-05-01,2.0,1.5,673.811,88.828636,7.585515553790559,0.3,5.1,636.0,273.979849,2.321338603263483,37.811,-185.151213,3.0843640219804795
충북,2007,2007-06-01,10.9,-9.9,761.016,92.646704,8.21417241135745,15.0,-12.2,676.258,239.20706,2.8270821103691506,84.758,-146.560356,2.5819273613878373
충북,2007,2007-07-01,18.8,1.1,796.995,89.561263,8.89888075830284,5.6,21.3,619.915,322.919534,1.919719728073186,177.08,-233.358271,3.605571462296149
충북,2007,2007-08-01,25.4,9.3,826.258,94.166331,8.774452516367022,8.5,33.1,635.929,274.88249,2.3134576523953925,190.329,-180.716159,2.919116493983396
충북,2007,2007-09-01,15.9,-18.3,797.605,78.887116,10.110713135970135,-5.8,-27.4,569.315,175.231639,3.2489281230771345,228.29,-96.344523,2.2212960478869577
충북,2007,2007-10-01,30.1,17.7,949.289,100.20398,9.473565820439468,17.3,19.3,686.038,308.784857,2.221734597561564,263.251,-208.580877,3.081562798204223
충북,2007,2007-11-01,3.6,11.5,833.094,100.879234,8.258329955201683,17.3,4.8,686.15,283.252763,2.422394728767394,146.944,-182.373529,2.8078401447814323
충북,2007,2007-12-01,6.1,4.0,760.426,93.573362,8.126522161296288,7.6,-14.6,645.201,206.704844,3.121363716082048,115.225,-113.131482,2.209013757569168
충북,2008,2008-01-01,8.7,19.1,717.163,88.564763,8.097611010374408,12.2,-10.1,644.142,253.714263,2.538848200268504,73.021,-165.1495,2.8647314621053077
충북,2008,2008-02-01,12.6,14.4,634.418,86.127912,7.365997680287431,18.8,-17.2,620.914,186.814479,3.323693127661695,13.504,-100.686567,2.169035271631803
충북,2008,2008-03-01,17.4,3.3,755.137,92.021451,8.206097510894498,16.6,-26.5,790.103,210.45063,3.754338963014746,-34.966,-118.429179,2.286973610098802
충북,2008,2008-04-01,36.9,15.5,896.635,105.905348,8.466380753500758,38.7,31.8,851.937,306.024008,2.783889426087119,44.698,-200.11866,2.8895991919123856
충북,2008,2008-05-01,33.7,15.2,900.755,102.302198,8.804845033730361,10.7,5.6,703.929,289.203412,2.434027299788565,196.826,-186.901214,2.82695208562381
충북,2008,2008-06-01,17.4,10.4,893.684,102.252622,8.739961699955234,24.1,26.8,839.222,303.369432,2.766336721756462,54.462,-201.11681,2.966862130929024
충북,2008,2008-07-01,17.4,69.5,935.889,151.806917,6.164995762347245,24.7,-25.3,772.771,241.125923,3.204844134489845,163.118,-89.319006,1.5883724389185772
충북,2008,2008-08-01,-5.6,43.9,780.396,135.486771,5.759942422718156,9.0,2.2,693.25,280.814302,2.4687132922453503,87.146,-145.327531,2.072632626251016
충북,2008,2008-09-01,4.6,18.2,834.358,93.27555,8.945087967854384,19.2,28.5,678.749,225.093339,3.015411308994799,155.609,-131.817789,2.413208380974436
충북,2008,2008-10-01,-16.8,-7.8,789.512,92.406556,8.543895954741567,-3.6,-25.9,661.547,228.835657,2.890926216101016,127.965,-136.429101,2.4764006679352923
충북,2008,2008-11-01,-27.1,-29.0,607.469,71.641274,8.47931598759676,-20.3,-22.0,546.76,220.922643,2.4748934404157024,60.709,-149.281369,3.08373414744132
충북,2008,2008-12-01,-38.5,-22.4,467.723,72.627924,6.439988564178153,-23.2,30.9,495.445,270.615146,1.8308103124427484,-27.722,-197.987222,3.726048207022963
충북,2009,2009-01-01,-41.6,-46.6,418.803,47.250293,8.863500592472516,-49.0,-33.9,328.534,167.641437,1.959742208604428,90.269,-120.391144,3.54794491962198
충북,2009,2009-02-01,-21.5,-32.3,498.171,58.339589,8.539158546351775,-50.9,-26.9,305.145,136.479624,2.2358282581435014,193.026,-78.140035,2.3393998199061703
충북,2009,2009-03-01,-18.9,-18.2,612.324,75.281645,8.13377550397577,-52.5,-7.1,375.649,195.470572,1.9217675384916764,236.675,-120.188927,2.596523654603988
충북,2009,2009-04-01,-22.2,-25.8,697.721,78.535031,8.884200987964212,-46.6,-40.0,454.638,183.694333,2.4749701995433906,243.083,-105.159302,2.339011402440269
충북,2009,2009-05-01,-19.5,16.4,724.993,119.079773,6.088296792436781,-46.8,-22.3,374.192,224.691407,1.6653596370065011,350.801,-105.611634,1.8868981804323728
충북,2009,2009-06-01,-7.6,-18.0,825.484,83.843588,9.845523309427072,-45.1,-15.6,460.943,256.035096,1.8003117822566013,364.541,-172.191508,3.0537230348491287
충북,2009,2009-07-01,-14.2,-12.1,803.14,133.424761,6.019422436889356,-42.3,-27.0,446.217,176.078118,2.534199053626868,356.923,-42.653357,1.3196809698613587
충북,2009,2009-08-01,-20.6,-51.0,619.836,66.344181,9.342733464446566,-45.1,-27.6,380.271,203.298327,1.8705072767273685,239.565,-136.954146,3.06429778671923
충북,2009,2009-09-01,-13.0,-7.5,725.866,86.270446,8.41384313696489,-30.5,37.0,472.032,308.315609,1.531002603244781,253.834,-222.045163,3.5738265338282824
충북,2009,2009-10-01,-10.0,-10.4,710.724,82.817411,8.581818622656533,-35.2,-21.4,428.444,179.945665,2.3809631646308347,282.28,-97.128254,2.1727999321302134
충북,2009,2009-11-01,16.9,15.2,710.033,82.557729,8.600442485524281,-15.9,16.1,460.079,256.510637,1.7936059314374553,249.954,-173.952908,3.10704570131768
충북,2009,2009-12-01,56.7,19.2,732.799,86.596847,8.462190315081564,-2.6,-4.7,482.68,257.826687,1.872110314166198,250.119,-171.22984,2.9773218763958
충북,2010,2010-01-01,63.1,51.3,682.949,71.474494,9.55514284578216,22.2,4.9,401.414,175.928227,2.281691840161613,281.535,-104.453733,2.4614126963948846
충북,2010,2010-02-01,37.2,16.4,683.713,67.899739,10.069449604217183,39.6,24.0,426.134,169.205412,2.518441904210487,257.579,-101.305673,2.4919891371011014
충북,2010,2010-03-01,32.0,13.5,808.433,85.468766,9.458812123249796,39.1,43.9,522.708,281.329008,1.8579953902229664,285.725,-195.860242,3.291600208665701
충북,2010,2010-04-01,19.9,8.0,836.724,84.840164,9.862357173189812,21.2,61.6,550.931,296.934063,1.8553984491836493,285.793,-212.093899,3.4999232556881905
충북,2010,2010-05-01,15.7,-35.4,838.645,76.908469,10.904455788867674,34.9,-7.4,504.656,208.096012,2.4251113471602714,333.989,-131.187543,2.705761988318868
충북,2010,2010-06-01,1.7,2.9,839.581,86.23531,9.735930676192847,21.5,-0.7,559.994,254.321089,2.2019172778864595,279.587,-168.085779,2.949152603498497
충북,2010,2010-07-01,13.7,-30.6,912.908,92.568052,9.8620202140583,23.1,22.4,549.461,215.524163,2.5494171621026083,363.447,-122.956111,2.328278043487401
충북,2010,2010-08-01,40.0,30.2,867.902,86.36903,10.048764007191004,36.6,22.4,519.536,248.86225,2.0876448718116145,348.366,-162.49322,2.8813829447893533
충북,2010,2010-09-01,26.6,2.5,919.168,88.434851,10.39373040838843,-1.6,-36.4,464.708,196.15883,2.369039415661278,454.46,-107.723979,2.2181168146028765
충북,2010,2010-10-01,33.8,12.8,950.756,93.382,10.181362575228633,15.8,48.8,496.349,267.740281,1.8538450701035905,454.407,-174.358281,2.867150853483541
충북,2010,2010-11-01,37.1,6.5,973.506,87.960752,11.067504288730955,18.6,-13.3,545.609,222.475159,2.4524490844391305,427.897,-134.514407,2.5292548544832814
충북,2010,2010-12-01,38.5,3.3,1015.254,89.478497,11.346346150628792,19.9,-2.4,578.819,251.753576,2.299149069485313,436.435,-162.275079,2.813565095980546
충북,2011,2011-01-01,45.9,19.2,996.522,85.191052,11.697496117315232,54.6,42.8,620.769,251.171218,2.4714973512610032,375.753,-165.980166,2.948328634326525
충북,2011,2011-02-01,32.3,10.8,904.382,75.202365,12.025978172362,31.2,32.7,558.982,224.508242,2.4898061426181406,345.4,-149.305877,2.985388052623079
충북,2011,2011-03-01,46.0,21.7,1180.053,103.981027,11.34873384160747,65.8,-3.0,866.418,272.842225,3.1755275416039432,313.635,-168.861198,2.6239616290768124
충북,2011,2011-04-01,38.8,85.9,1161.708,157.690114,7.367031264876884,36.7,-18.1,753.157,243.312685,3.0954284196074693,408.551,-85.622571,1.542979954976759
충북,2011,2011-05-01,26.3,83.3,1058.825,141.009369,7.508898220798364,48.2,46.0,748.093,303.883311,2.461777178675008,310.732,-162.873942,2.155057590534995
충북,2011,2011-06-01,21.7,91.4,1021.775,165.038233,6.191141176360025,56.4,-9.9,875.893,229.260246,3.820518451332378,145.882,-64.222013,1.3891341529329146
충북,2011,2011-07-01,3.8,37.3,947.265,127.117025,7.451912912530796,15.8,20.9,636.491,260.504974,2.443296917624306,310.774,-133.387949,2.04933189712393
충북,2011,2011-08-01,8.0,25.7,937.186,108.596179,8.630008980334381,66.3,0.6,864.167,250.302686,3.45248792096462,73.019,-141.706507,2.304894042358525
충북,2011,2011-09-01,16.1,7.3,1067.065,94.928768,11.240691546739551,73.8,29.5,807.658,253.990059,3.179880359018304,259.407,-159.061291,2.6755857507810488
충북,2011,2011-10-01,-1.1,9.8,940.517,102.518731,9.174099121457132,21.7,-26.1,603.855,197.931604,3.0508265875519305,336.662,-95.412873,1.93068722241597
충북,2011,2011-11-01,1.0,17.1,983.578,103.013628,9.548037663521567,13.0,47.8,616.527,328.771137,1.875246731284687,367.051,-225.757509,3.191530512836612
충북,2011,2011-12-01,-4.4,5.7,970.794,94.566151,10.265766235954766,12.9,-14.2,653.583,215.95359,3.026497498837597,317.211,-121.387439,2.283624613208589
충북,2012,2012-01-01,-19.2,48.7,805.682,126.691307,6.359410279033589,9.4,27.0,678.935,318.99622,2.12834810393678,126.747,-192.304913,2.5179014058162648
충북,2012,2012-02-01,3.0,39.0,931.932,104.525992,8.915791968757398,13.2,0.8,632.661,226.258873,2.7961820529354444,299.271,-121.732881,2.1646182798246008
충북,2012,2012-03-01,-18.4,47.6,963.327,153.476107,6.276722929908562,-20.5,11.6,688.945,304.38041,2.2634341020829822,274.382,-150.904303,1.983242968236092
충북,2012,2012-04-01,-16.0,-35.9,976.317,101.049732,9.661747544268598,-9.0,13.4,685.717,275.943553,2.484990109553312,290.6,-174.893821,2.730769765920804
충북,2012,2012-05-01,-1.7,-16.9,1040.511,117.113821,8.884613200349769,-10.4,8.8,670.609,330.619168,2.02834277291509,369.902,-213.505347,2.823058501353141
충북,2012,2012-06-01,-4.0,-38.8,981.391,101.044072,9.7125044604299,-33.8,1.5,580.006,232.695443,2.492554183796371,401.385,-131.651371,2.3029103874594443
충북,2012,2012-07-01,4.5,-8.2,989.948,116.738312,8.480060941775482,-4.6,36.8,607.291,356.376707,1.7040704065992731,382.657,-239.638395,3.0527827659526205
충북,2012,2012-08-01,9.7,8.3,1028.161,117.603679,8.74259214288696,-35.6,7.8,556.286,269.807089,2.061791638098879,471.875,-152.20341,2.2942061957092346
충북,2012,2012-09-01,0.8,1.5,1075.179,96.378187,11.155833425254205,-24.8,27.8,606.957,324.716218,1.8691921325592675,468.222,-228.338031,3.3691878640547577
충북,2012,2012-10-01,11.5,2.4,1048.248,105.004934,9.982845187065209,6.5,28.3,642.808,254.016809,2.5305726913528783,405.44,-149.011875,2.4190940303814674
충북,2012,2012-11-01,14.4,4.7,1124.726,107.900764,10.423707472543938,2.3,4.2,630.78,342.689738,1.8406737350273383,493.946,-234.788974,3.175971376810641
충북,2012,2012-12-01,11.2,22.8,1079.3,116.104221,9.295958326958672,-12.0,35.8,574.891,293.358009,1.9596908295079136,504.409,-177.253788,2.526678241956423
충북,2013,2013-01-01,25.2,-21.6,1008.426,99.312823,10.154036201347331,-14.4,11.6,581.265,356.075985,1.632418428892361,427.161,-256.763162,3.58539787958701
충북,2013,2013-02-01,-3.1,-1.7,902.905,102.76225,8.786349072738286,-24.1,-6.2,480.166,212.234575,2.2624306148043973,422.739,-109.472325,2.065297081369861
충북,2013,2013-03-01,12.8,-27.3,1086.54,111.531102,9.7420359031331,-17.7,-15.3,566.876,257.897441,2.1980675643850223,519.664,-146.366339,2.312336526541269
충북,2013,2013-04-01,22.3,16.5,1193.738,117.72241,10.140278303850558,-12.4,20.8,600.668,333.440862,1.801422886196833,593.07,-215.718452,2.832433196024444
충북,2013,2013-05-01,16.8,2.7,1215.559,120.25779,10.107943942758302,-18.0,-24.1,549.776,250.976578,2.1905470398118188,665.783,-130.718788,2.086988111123612
충북,2013,2013-06-01,18.3,4.3,1161.103,105.356402,11.02071614024936,-4.1,25.6,556.075,292.368077,1.9019689348642528,605.028,-187.011675,2.775038549627008
충북,2013,2013-07-01,28.6,8.9,1272.98,127.171683,10.009932792978764,-8.3,-24.8,556.757,268.072322,2.076891026444722,716.223,-140.900639,2.1079560769829557
충북,2013,2013-08-01,22.3,-1.0,1257.561,116.456041,10.798589658393077,-8.8,-6.0,507.144,253.576994,1.9999606115687292,750.417,-137.120953,2.177448175487951
충북,2013,2013-09-01,9.3,11.5,1175.693,107.467847,10.939951183724746,-17.5,-8.8,500.727,295.981663,1.691750073044221,674.966,-188.513816,2.754141552682264
충북,2013,2013-10-01,16.2,20.6,1217.594,126.674588,9.611983107456409,-12.7,37.3,561.215,348.736046,1.609283027771669,656.379,-222.061458,2.7530071461531023
충북,2013,2013-11-01,-2.2,-1.1,1099.791,106.742422,10.30322321148006,-20.4,-23.2,501.976,263.189431,1.9072802357325664,597.815,-156.447009,2.4656497957297616
충북,2013,2013-12-01,5.9,5.3,1143.383,122.2183,9.355252036724451,-4.9,19.2,546.644,349.617614,1.5635482255765294,596.739,-227.399314,2.8605995501492
충북,2014,2014-01-01,-1.6,-0.2,992.512,99.092175,10.01604818947611,-13.9,-20.3,500.515,283.652122,1.7645381831481592,491.997,-184.559947,2.8625077812652715
충북,2014,2014-02-01,13.1,5.4,1021.154,108.279718,9.430704280186616,4.1,44.8,499.938,307.421216,1.6262312878236744,521.216,-199.141498,2.839139422213863
충북,2014,2014-03-01,5.0,14.4,1141.074,127.563404,8.94515169883676,-2.2,21.9,554.652,314.322384,1.764595931545238,586.422,-186.75898,2.46404826261927
충북,2014,2014-04-01,1.8,7.4,1215.47,126.430395,9.613748339550789,-6.3,7.2,562.637,357.380055,1.5743379971218596,652.833,-230.94966,2.8266941268355605
충북,2014,2014-05-01,-6.7,3.2,1134.35,124.057713,9.143728129181294,-4.7,0.6,523.893,252.477267,2.075010579071264,610.457,-128.419554,2.035159772774467
충북,2014,2014-06-01,-6.6,22.3,1084.379,128.866555,8.414743453023943,0.3,6.7,557.504,311.949655,1.7871601749327146,526.875,-183.0831,2.42071850993456
충북,2014,2014-07-01,-6.2,1.9,1194.272,129.606481,9.214600927248384,-1.2,16.1,550.079,311.354975,1.7667262262310086,644.193,-181.748494,2.402310228606546
충북,2014,2014-08-01,-2.6,-10.8,1224.656,103.935189,11.782881349260837,-6.4,26.4,474.612,320.632712,1.4802357408872242,750.044,-216.697523,3.084929320713507
충북,2014,2014-09-01,6.3,22.5,1250.318,131.601491,9.500789014616863,-0.5,18.0,498.197,349.20351,1.426666644902853,752.121,-217.602019,2.653492048961664
충북,2014,2014-10-01,8.7,5.3,1323.448,133.439358,9.917973376340736,-7.7,-5.4,517.764,329.9861,1.5690479083815954,805.684,-196.546742,2.4729293137036827
충북,2014,2014-11-01,12.2,11.6,1233.801,119.102894,10.359118561804216,-10.1,-10.9,451.201,234.438279,1.924604641889561,782.6,-115.335385,1.9683676116215951
충북,2014,2014-12-01,20.7,11.0,1380.48,135.692981,10.1735549608126,-11.0,-0.8,486.535,346.841913,1.4027572267484294,893.945,-211.148932,2.5560785122702847
충북,2015,2015-01-01,31.9,32.2,1308.969,131.03528,9.989439485305024,-12.8,-13.5,436.655,245.46212,1.7789099189724265,872.314,-114.42684,1.8732521501079709
충북,2015,2015-02-01,5.6,2.5,1078.302,110.967095,9.71731304671894,-18.5,-30.4,407.407,213.957975,1.90414496117754,670.895,-102.99088,1.9281208992629757
충북,2015,2015-03-01,18.6,-4.7,1353.34,121.533495,11.135530990859763,-2.0,23.7,543.591,388.954189,1.3975707560768809,809.749,-267.420694,3.2003867658047684
충북,2015,2015-04-01,14.4,-0.4,1390.548,125.950428,11.040438862184732,-10.3,-7.7,504.703,329.788289,1.530384846382462,885.845,-203.837861,2.618397525413729
충북,2015,2015-05-01,7.2,-13.2,1215.924,107.68835,11.291137806457243,-17.2,-3.0,433.646,244.810936,1.7713506066575393,782.278,-137.122586,2.2733279505164674
충북,2015,2015-06-01,17.2,0.4,1270.543,129.431378,9.8163445343215,-13.5,16.1,482.097,362.283513,1.3307174704359237,788.446,-232.852135,2.7990392947836806
충북,2015,2015-07-01,12.6,1.5,1344.692,131.573613,10.220073534045158,-13.2,-6.9,477.376,289.785677,1.647341597217726,867.316,-158.212064,2.2024604355890114
충북,2015,2015-08-01,-3.5,3.8,1181.997,107.859815,10.958641084262938,-8.2,7.2,435.884,343.654821,1.268377375680698,746.113,-235.795006,3.186124702698591
충북,2015,2015-09-01,2.1,4.4,1276.952,137.389253,9.294409658082936,-15.2,-26.1,422.609,258.181577,1.6368673741581492,854.343,-120.792324,1.879197763743573
충북,2015,2015-10-01,-1.5,16.5,1303.214,155.432124,8.384457256725128,-13.0,-0.3,450.63,328.954023,1.3698874872857232,852.584,-173.521899,2.1163837598976643
충북,2015,2015-11-01,-5.0,17.2,1171.666,139.566079,8.395062814654269,-2.3,50.7,440.867,353.308012,1.2478262168591865,730.799,-213.741933,2.5314748005494945
충북,2015,2015-12-01,-4.8,10.7,1313.689,150.200486,8.746236679953219,-3.3,-17.3,470.368,286.938215,1.6392657910693422,843.321,-136.737729,1.910368086292344
충북,2016,2016-01-01,-11.1,4.3,1164.17,136.705006,8.515928085325566,-0.9,3.1,432.801,253.168793,1.7095353454562623,731.369,-116.463787,1.8519350564236103
충북,2016,2016-02-01,-0.3,32.2,1075.597,146.658769,7.334010828905839,4.0,35.2,423.707,289.222365,1.4649869832853348,651.89,-142.563596,1.972076862311588
충북,2016,2016-03-01,-4.8,21.3,1288.306,147.426695,8.73862091258303,-7.7,-15.7,501.573,327.726311,1.5304630210175587,786.733,-180.299616,2.222978077342099
충북,2016,2016-04-01,-12.3,13.0,1219.084,142.26545,8.569079843349176,-1.7,2.2,495.883,337.203942,1.4705729626375483,723.201,-194.938492,2.3702447923933745
충북,2016,2016-05-01,3.1,39.6,1253.785,150.336331,8.339866961366777,10.7,60.1,480.065,391.959376,1.2247825397089112,773.72,-241.623045,2.6072165882510463
충북,2016,2016-06-01,8.3,9.0,1375.514,141.049572,9.751989889058295,-4.3,-10.1,461.608,325.698645,1.4172856015412651,913.906,-184.649073,2.309107644793137
충북,2016,2016-07-01,0.6,13.8,1352.591,149.665385,9.037433739271108,-1.9,1.8,468.437,294.892291,1.5885020202172733,884.154,-145.226906,1.9703439843488195
충북,2016,2016-08-01,17.9,27.2,1393.451,137.225118,10.154489355221395,10.7,1.0,482.515,347.175644,1.3898296390860876,910.936,-209.950526,2.5299715464627983
충북,2016,2016-09-01,12.6,-2.7,1437.225,133.681795,10.751089929634771,8.7,11.4,459.331,287.74148,1.596332235449682,977.894,-154.059685,2.152435789779753
충북,2016,2016-10-01,10.0,-11.1,1433.838,138.136353,10.379874441885692,3.2,20.6,465.042,396.64724,1.1724322095371191,968.796,-258.510887,2.8714182138571447
충북,2016,2016-11-01,27.6,9.2,1494.979,152.339368,9.813477761047295,11.6,-3.7,492.078,340.0595,1.4470350041683882,1002.901,-187.720132,2.23224964409725
충북,2016,2016-12-01,15.3,-3.0,1515.331,145.717948,10.399069028888604,5.7,47.6,497.043,423.521036,1.1735969591838644,1018.288,-277.803088,2.906443865103014
충북,2017,2017-01-01,21.1,-5.8,1409.704,128.811074,10.943965889143971,13.4,27.1,490.653,321.700254,1.5251868591934652,919.051,-192.88918,2.4974580524031653
충북,2017,2017-02-01,43.6,-5.7,1544.185,138.316746,11.16412180488977,10.8,15.8,469.627,334.820431,1.4026234856617814,1074.558,-196.503685,2.420678917648916
충북,2017,2017-03-01,27.4,19.3,1640.771,175.877347,9.329063850388874,12.1,0.8,562.471,330.354457,1.7026287615668525,1078.3,-154.47711,1.8783229485489112
충북,2017,2017-04-01,25.6,-4.5,1530.594,135.841146,11.267528617581007,4.8,17.1,519.68,394.875343,1.3160609017818568,1010.914,-259.034197,2.9068905455199854
충북,2017,2017-05-01,26.9,-9.2,1591.159,136.538317,11.65357120961144,13.2,-11.0,543.256,348.67606,1.5580536271976917,1047.903,-212.137743,2.553686523029283
충북,2017,2017-06-01,14.9,3.3,1581.128,145.755448,10.847814072788552,20.3,-17.1,555.319,269.944574,2.057159333752713,1025.809,-124.189126,1.8520376267513516
충북,2017,2017-07-01,19.1,-11.6,1611.556,132.325601,12.178716649093474,14.5,12.9,536.396,332.82834,1.6116295865910937,1075.16,-200.502739,2.515222583421329
충북,2017,2017-08-01,24.9,1.5,1740.834,139.270481,12.49966243744071,12.3,3.2,542.07,358.217601,1.5132422261964733,1198.764,-218.94712,2.572099977166016
충북,2017,2017-09-01,30.2,19.6,1871.251,159.887301,11.70356237359964,30.0,41.4,597.1,406.938809,1.467296769918054,1274.151,-247.051508,2.545160287620341
충북,2017,2017-10-01,16.9,-12.4,1675.893,121.030396,13.846876944862675,10.4,-38.4,513.562,244.29578,2.102213963745096,1162.331,-123.265384,2.0184663363408317
충북,2017,2017-11-01,25.9,8.1,1882.443,164.671823,11.431482118224926,20.4,10.8,592.355,376.685017,1.5725472829199365,1290.088,-212.013194,2.2874892020840747
충북,2017,2017-12-01,26.8,3.2,1921.21,150.420639,12.772249957002243,16.8,-26.8,580.326,309.905242,1.8725917517716597,1340.884,-159.484603,2.060257449112419
충북,2018,2018-01-01,35.5,19.1,1910.686,153.416524,12.45423863207851,16.0,-10.5,569.047,287.854537,1.9768561090979089,1341.639,-134.438013,1.8762942184767528
충북,2018,2018-02-01,8.7,-7.9,1678.714,127.322148,13.184775990427054,11.2,-3.4,522.2,323.494751,1.614245666693986,1156.514,-196.172603,2.5407578813389167
충북,2018,2018-03-01,24.0,-8.0,2034.279,161.878392,12.56671118897697,3.3,-15.9,580.877,277.749024,2.091373685619144,1453.402,-115.870632,1.7157881331067335
충북,2018,2018-04-01,21.0,27.0,1851.555,172.53572,10.731429990265204,11.2,-14.1,578.069,339.104967,1.704690453560947,1273.486,-166.569247,1.9654189115158296
충북,2018,2018-05-01,19.1,15.8,1894.543,158.102628,11.982994994871309,8.3,3.2,588.356,360.007126,1.6342898723621375,1306.187,-201.904498,2.277047070969624
충북,2018,2018-06-01,29.2,-2.0,2042.531,142.872841,14.296146039400169,2.5,31.5,569.146,355.058017,1.6029661991831603,1473.385,-212.185176,2.4851330351861627
충북,2018,2018-07-01,22.6,27.1,1976.54,168.198543,11.751231400381393,9.8,-15.4,588.775,281.60312,2.0907971474179687,1387.765,-113.404577,1.674230436110258
충북,2018,2018-08-01,12.6,4.3,1960.479,145.266015,13.495785645389942,0.9,-6.8,546.735,333.941785,1.6372164986780555,1413.744,-188.67577,2.298829392408128
충북,2018,2018-09-01,3.4,-16.7,1935.658,133.246485,14.526897276127022,-18.5,-41.5,486.426,237.967834,2.044082983080814,1449.232,-104.721349,1.7859220376432443
충북,2018,2018-10-01,32.3,49.0,2216.779,180.297957,12.295086627076978,14.1,29.9,586.014,317.228569,1.8472926377573515,1630.765,-136.930612,1.7594684614202256
충북,2018,2018-11-01,5.9,1.9,1992.677,167.810016,11.874601096516194,-8.5,-24.6,541.862,284.098402,1.907303934782428,1450.815,-116.288386,1.6929764311565287
충북,2018,2018-12-01,-9.5,3.9,1738.962,156.257249,11.128840493025702,-10.4,1.9,519.904,315.912509,1.6457214741059842,1219.058,-159.65526,2.021746261512642
충북,2019,2019-01-01,-10.0,3.9,1720.088,159.36723,10.793235221569704,2.5,11.6,583.291,321.123398,1.8164076602104215,1136.797,-161.756168,2.014990145715653
충북,2019,2019-02-01,-7.9,21.0,1546.914,154.097518,10.03853936180854,-12.1,-5.6,458.908,305.331736,1.502981661886598,1088.006,-151.234218,1.9814189090313576
충북,2019,2019-03-01,-3.0,-0.7,1973.602,160.699903,12.28128930482304,4.2,-0.2,605.526,277.321703,2.1834785862396062,1368.076,-116.6218,1.725711701269664
충북,2019,2019-04-01,-0.6,-3.4,1840.601,166.677183,11.042909214514385,13.1,-2.3,653.621,331.210725,1.9734294534091552,1186.98,-164.533542,1.9871389655055545
충북,2019,2019-05-01,2.0,5.0,1932.003,166.026524,11.636712938710923,4.3,-12.8,613.687,313.898599,1.955048547381379,1318.316,-147.872075,1.8906533211524683
충북,2019,2019-06-01,-6.4,9.5,1911.224,156.493656,12.212788996379508,0.3,-11.8,571.113,313.234011,1.8232790180629523,1340.111,-156.740355,2.0015764153404403
충북,2019,2019-07-01,-4.6,5.2,1885.392,176.929793,10.656158965833416,3.9,13.9,612.004,320.811886,1.9076724607391884,1273.388,-143.882093,1.813215742585535
충북,2019,2019-08-01,-5.9,2.0,1845.775,148.179872,12.45631390476569,6.8,-14.7,584.126,284.691017,2.051789361516805,1261.649,-136.511145,1.921252955327158
충북,2019,2019-09-01,-4.9,12.1,1840.023,149.414934,12.314853346587162,9.3,36.2,531.717,324.108196,1.6405540080819183,1308.306,-174.693262,2.169182071184397
충북,2019,2019-10-01,-17.1,0.2,1837.962,180.727662,10.169787954209246,-6.8,0.5,546.429,318.727442,1.7144083878412957,1291.533,-137.99978,1.7635786269397986
충북,2019,2019-11-01,-10.8,-10.8,1777.354,149.637031,11.877768411483652,-1.1,-5.6,535.79,268.265201,1.9972400371079064,1241.564,-118.62817,1.7927728130344955
충북,2019,2019-12-01,13.2,28.6,1969.16,200.886065,9.802372304918212,13.0,16.0,587.574,366.426775,1.6035236508030837,1381.586,-165.54071,1.8240527285951864
충북,2020,2020-01-01,2.3,-2.6,1759.734,155.282367,11.332477949669585,-5.2,-16.3,552.81,268.86692,2.056072944934989,1206.924,-113.584553,1.7314710304486791
충북,2020,2020-02-01,19.3,-2.0,1845.13,151.078469,12.213057308649322,2.0,-13.9,468.168,262.909342,1.7807202910271631,1376.962,-111.830873,1.740217145038715
충북,2020,2020-03-01,11.9,13.3,2207.943,182.058851,12.127633388172926,-0.5,28.9,602.199,357.341859,1.6852181876626997,1605.744,-175.283008,1.962782128071324
충북,2020,2020-04-01,-1.0,-9.9,1822.283,150.117629,12.139033983810124,-5.9,-9.2,614.788,300.821144,2.043699428255615,1207.495,-150.703515,2.003902846080789
충북,2020,2020-05-01,0.7,-12.8,1945.177,144.805028,13.433076370801157,-6.3,12.6,574.937,353.419683,1.6267826260259537,1370.24,-208.614655,2.4406589182801026
충북,2020,2020-06-01,-2.6,-14.6,1861.786,133.59483,13.936063244363574,-3.1,-13.0,553.232,272.567334,2.0297076391406463,1308.554,-138.972504,2.040253608616441
충북,2020,2020-07-01,6.5,0.4,2007.003,177.678643,11.295690726318751,-8.2,-7.2,561.623,297.652486,1.886841287796266,1445.38,-119.973843,1.6752293971538268
충북,2020,2020-08-01,7.8,-4.5,1988.831,141.530657,14.052298223981252,-7.6,7.7,539.565,306.69502,1.759288429267616,1449.266,-165.164363,2.1669864784136488
충북,2020,2020-09-01,24.9,15.9,2298.622,173.221471,13.269844591032252,10.4,-9.5,587.0,293.397651,2.0006976811140182,1711.622,-120.17618,1.693771847717423
충북,2020,2020-10-01,16.8,-9.2,2145.994,164.170303,13.071755127356989,9.1,-6.0,596.015,299.640559,1.9890998801667568,1549.979,-135.470256,1.8251812509598648
충북,2020,2020-11-01,27.6,20.5,2267.49,180.299826,12.576218459578548,22.3,9.2,655.356,293.027434,2.2365004909403807,1612.134,-112.727608,1.6252230548464313
충북,2020,2020-12-01,38.1,-4.7,2720.289,191.357699,14.215728001620672,19.4,5.4,701.466,386.36291,1.8155624720809769,2018.823,-195.005211,2.019061224184139
충북,2021,2021-01-01,31.6,-5.1,2316.501,147.326876,15.723546598517435,17.1,48.2,647.252,398.421773,1.6245397311657463,1669.249,-251.094897,2.7043387046366205
충북,2021,2021-02-01,18.3,9.0,2182.329,164.600425,13.25834365251487,25.4,-4.6,587.033,250.803399,2.3406102243454843,1595.296,-86.202974,1.5237105189734474
충북,2021,2021-03-01,23.2,4.0,2720.145,189.313464,14.368470908123047,27.2,6.3,765.852,379.948347,2.015673988443487,1954.293,-190.634883,2.006980058217096
충북,2021,2021-04-01,11.7,6.3,2034.989,159.606703,12.750022159157062,25.8,7.8,773.486,324.215508,2.385715614812601,1261.503,-164.608805,2.031340174979994
충북,2021,2021-05-01,14.9,11.6,2235.718,161.598201,13.835042631446123,22.5,-6.4,704.189,330.666676,2.1296037705353776,1531.529,-169.068475,2.046227457693047
충북,2021,2021-06-01,31.4,33.7,2445.515,178.598696,13.692793143349714,42.3,36.2,787.258,371.11251,2.1213458958847817,1658.257,-192.513814,2.0779127637079724
충북,2021,2021-07-01,29.9,-3.6,2607.001,171.349972,15.214481622442284,37.4,7.1,771.425,318.873406,2.419220246921438,1835.576,-147.523434,1.8609481068371576
충북,2021,2021-08-01,21.7,10.1,2419.499,155.883245,15.52122551721322,46.8,-5.9,791.815,288.693948,2.742748871202524,1627.684,-132.810703,1.851988313432916
충북,2021,2021-09-01,11.1,-8.0,2554.877,159.391231,16.028968369031542,77.5,14.3,1042.216,335.392738,3.107449511921156,1512.661,-176.001507,2.104210726623976
충북,2021,2021-10-01,4.2,4.0,2236.515,170.736513,13.099219145936289,59.8,10.4,952.437,330.739996,2.8797152189600923,1284.078,-160.003483,1.937136879444176
충북,2021,2021-11-01,1.5,-0.9,2300.625,178.65516,12.877461809667292,25.7,15.3,823.508,337.921242,2.43698204684037,1477.117,-159.266082,1.89147205152093
충북,2021,2021-12-01,-0.3,-5.9,2711.476,180.13914,15.052120266589482,24.2,-17.7,871.298,317.802511,2.7416334668293416,1840.178,-137.663371,1.764205774491873
충북,2022,2022-01-01,9.0,13.8,2524.954,167.682759,15.057922561973111,25.8,-15.8,814.396,335.562332,2.426958935307435,1710.558,-167.879573,2.001173728302025
충북,2022,2022-02-01,14.5,6.0,2499.07,174.436912,14.326497593582715,19.3,3.1,700.536,258.60391,2.7089149580143626,1798.534,-84.166998,1.4825068102558476
충북,2022,2022-03-01,13.1,-2.6,3075.811,184.364468,16.683317742115037,19.3,-14.1,913.375,326.389702,2.798418560399311,2162.436,-142.025234,1.7703503583998623
충북,2022,2022-04-01,30.4,14.4,2654.376,182.620506,14.534928514544802,12.1,18.7,867.111,384.890198,2.2528788846942787,1787.265,-202.269692,2.107595726407636
충북,2022,2022-05-01,29.1,9.8,2886.912,177.382382,16.275077420033742,40.0,4.6,985.741,345.954058,2.849340764200546,1901.171,-168.571676,1.9503293060976032
충북,2022,2022-06-01,17.0,-15.3,2860.73,151.291412,18.908740173566493,14.2,-21.4,898.885,291.569457,3.082918935504277,1961.845,-140.278045,1.9272042817605537
충북,2022,2022-07-01,2.8,3.0,2680.962,176.456967,15.193290724531154,20.0,1.2,925.513,322.706905,2.8679677616442696,1755.449,-146.249938,1.8288136223037317
충북,2022,2022-08-01,21.1,12.4,2930.255,175.153238,16.72966502623263,9.8,23.7,869.286,356.973865,2.435153060855029,2060.969,-181.820627,2.038066033355318
충북,2022,2022-09-01,22.1,4.6,3120.242,166.65838,18.72238287687664,-10.2,-5.7,936.255,316.194712,2.9610077729573163,2183.987,-149.536332,1.8972626038966656
충북,2022,2022-10-01,-0.1,-9.0,2234.364,155.361783,14.381683557274828,-19.3,5.9,768.385,350.239908,2.1938819147931024,1465.979,-194.878125,2.254350466613788
충북,2022,2022-11-01,2.6,-11.6,2360.988,157.970795,14.945724619541226,-9.4,0.2,746.012,338.54216,2.203601465767218,1614.976,-180.571365,2.143068027226172
충북,2022,2022-12-01,-4.8,-5.2,2582.412,170.838931,15.116062743333368,-15.2,2.1,738.744,324.380659,2.2773984191209133,1843.668,-153.541728,1.898751397595669
충북,2023,2023-01-01,-5.1,-12.3,2396.025,147.038868,16.29518121698271,-4.9,1.4,774.453,340.120131,2.276998417362129,1621.572,-193.081263,2.313130777094938
충북,2023,2023-02-01,-5.1,-7.6,2371.428,161.099524,14.72026695746165,2.9,2.4,721.077,264.913701,2.721931698051359,1650.351,-103.814177,1.644410203223195
충북,2023,2023-03-01,-12.8,-9.0,2682.432,167.833435,15.982703327260149,-11.6,8.9,807.173,355.444618,2.270882604839441,1875.259,-187.611183,2.117841525438599
충북,2023,2023-04-01,-13.9,-20.6,2285.696,144.96104,15.767657296056926,-13.8,-27.4,747.87,279.51581,2.6755910515401617,1537.826,-134.55477,1.9282133323546795
충북,2023,2023-05-01,-18.9,-12.2,2339.951,155.749758,15.02378578334613,-22.9,-10.8,760.034,308.430268,2.4642004331429623,1579.917,-152.68051,1.9802937221899248
충북,2023,2023-06-01,-18.0,7.3,2346.751,162.3228,14.457309755622749,-25.9,16.2,665.718,338.864391,1.9645557859751632,1681.033,-176.541591,2.0875957721281297
충북,2023,2023-07-01,-16.9,-15.0,2227.775,149.901778,14.861564884173688,-30.5,-12.0,643.023,284.028593,2.2639375606807306,1584.752,-134.126815,1.894764670503108
충북,2023,2023-08-01,-21.3,-14.4,2306.356,149.899781,15.385986454509895,-29.9,-9.3,609.511,323.919129,1.881676460052472,1696.845,-174.019348,2.1609046179994085
충북,2023,2023-09-01,-24.3,-10.3,2360.578,149.546225,15.784938737169728,-39.5,-14.6,566.473,270.161834,2.09679136246906,1794.105,-120.615609,1.8065439899937292
충북,2023,2023-10-01,-5.3,-10.9,2114.909,138.375473,15.283842968327198,-25.1,-20.1,575.518,279.817905,2.056759019763228,1539.391,-141.442432,2.0221640362522915
충북,2023,2023-11-01,-3.8,-3.3,2272.056,152.835432,14.866029233325948,-10.2,9.2,669.807,369.674232,1.811884470216469,1602.249,-216.8388,2.4187731022999954
충북,2023,2023-12-01,-16.8,-24.8,2149.636,128.48311,16.730883927078043,-26.0,-25.6,546.841,241.35637,2.26569947169822,1602.795,-112.87326,1.8785065990385816
충북,2024,2024-01-01,-9.5,-10.7,2168.662,131.363851,16.50881870081595,-17.2,8.4,640.919,368.605779,1.738765468460005,1527.743,-237.241928,2.8059909647441748
충북,2024,2024-02-01,-10.4,-14.9,2124.161,137.032262,15.501174460653653,-23.8,-11.2,549.24,235.251556,2.334692315488872,1574.921,-98.219294,1.716760364066675
충북,2024,2024-03-01,-20.2,-19.2,2141.766,135.639761,15.790104495981824,-26.8,-25.3,590.448,265.438143,2.224427858508639,1551.318,-129.798382,1.9569346115258928
충북,2024,2024-04-01,-8.0,1.4,2101.795,147.014403,14.296524402442392,-19.4,20.7,602.487,337.362377,1.7858748961802575,1499.308,-190.347974,2.294757317077293
충북,2024,2024-05-01,-5.4,-8.1,2213.724,143.184934,15.460593081671568,-18.6,-8.0,618.435,283.777056,2.1792988084279794,1595.289,-140.592122,1.9818918658020264
충북,2024,2024-06-01,0.7,-11.4,2363.462,143.752646,16.44117215066775,-14.1,-10.4,571.966,303.625264,1.8837892224936852,1791.496,-159.872618,2.1121368715536546
충북,2024,2024-07-01,-6.2,-1.6,2089.323,147.497446,14.165146968036314,-0.1,-9.5,642.09,256.906055,2.4993182819299453,1447.233,-109.408609,1.741766125224975
충북,2024,2024-08-01,-11.1,-8.0,2051.295,137.912748,14.873860681827615,-3.5,-15.0,587.992,275.368125,2.135294344615957,1463.303,-137.455377,1.996683620574365
충북,2024,2024-09-01,-8.8,-15.5,2153.458,126.439779,17.031491331537364,11.7,-3.3,632.495,261.216809,2.4213411166813543,1520.963,-134.77703,2.065938512910561
충북,2024,2024-10-01,4.0,-6.8,2198.572,128.981237,17.045673084992973,9.3,15.9,629.269,324.309212,1.940336495899475,1569.303,-195.327975,2.5143906163653864
충북,2024,2024-11-01,3.4,-8.8,2348.839,139.447291,16.84391990088929,-17.3,-27.8,553.696,266.776405,2.0755058904103607,1795.143,-127.329114,1.9130985126129127
충북,2024,2024-12-01,26.7,11.9,2724.38,143.834955,18.941014720656742,13.0,13.3,618.132,273.51549,2.259952443644051,2106.248,-129.680535,1.9015926274666684
충북,2025,2025-01-01,-3.4,-13.2,2095.316,114.040958,18.373363717270774,-5.1,-29.1,607.925,261.345933,2.326131472648553,1487.391,-147.304975,2.291684826078013
충북,2025,2025-02-01,-1.3,0.3,2097.333,137.462833,15.25745508242217,3.8,22.4,570.001,287.924268,1.9796907150598364,1527.332,-150.461435,2.094560847585616
충북,2025,2025-03-01,31.6,8.9,2819.198,147.763841,19.07907902854258,5.8,-4.5,624.549,253.392337,2.4647509368051645,2194.649,-105.628496,1.7148467127353573
충북,2025,2025-04-01,35.8,10.3,2854.634,162.186625,17.600921161039018,12.9,-11.9,680.35,297.049527,2.2903588060586277,2174.284,-134.862902,1.8315291227004693
충북,2025,2025-05-01,39.5,-3.9,3087.685,137.667798,22.428520284750977,-3.5,-8.8,596.703,258.927909,2.3045140336725924,2490.982,-121.260111,1.8808168123674065
충북,2025,2025-06-01,29.5,-1.1,3059.848,142.23204,21.513071175805397,12.2,-20.1,641.861,242.692263,2.6447526264980272,2417.987,-100.460223,1.7063121853557046
충북,2025,2025-07-01,40.8,-2.1,2941.445,144.332084,20.379702963341124,4.0,34.5,667.506,345.526886,1.93184966798792,2273.939,-201.194802,2.393971433267741
충북,2025,2025-08-01,34.4,-3.7,2756.959,132.800424,20.760167151273556,4.8,-9.6,616.08,248.924378,2.474968522367865,2140.879,-116.123954,1.8744245726203403
충북,2025,2025-09-01,35.3,16.4,2913.308,147.182333,19.79387023305304,11.8,-5.0,706.944,248.167311,2.848658822756878,2206.364,-100.984978,1.686121601293003
충북,2025,2025-10-01,45.5,1.4,3198.774,130.762843,24.462407872242423,0.4,-16.0,632.078,272.42564,2.320185427480321,2566.696,-141.662797,2.0833566611885304
충북,2025,2025-11-01,14.3,-6.4,2685.084,130.499719,20.57540062595844,33.0,38.0,736.652,368.256177,2.0003792088462373,1948.432,-237.756458,2.8218924900520284
충북,2025,2025-12-01,21.5,13.5,3309.514,163.198836,20.279029441116847,20.5,5.4,745.096,288.181242,2.585511793998029,2564.418,-124.982406,1.7658290283393934
충북,2026,2026-01-01,37.8,24.3,2886.369,141.780898,20.357954003084394,13.3,-6.4,688.85,244.663777,2.8154964680366232,2197.519,-102.882879,1.7256469697349497
충북,2026,2026-02-01,69.5,-7.6,3554.515,127.063145,27.974398083724434,9.4,-22.1,623.451,224.30197,2.779516381420992,2931.064,-97.238825,1.7652795387679094
충북,2026,2026-03-01,40.3,0.8,3954.026,148.999698,26.537141035010688,27.1,50.7,793.754,381.974439,2.078029100790171,3160.272,-232.974741,2.563592034931507
충북,2026,2026-04-01,34.2,2.8,3829.674,166.681304,22.976026153479097,18.3,-4.4,804.767,283.894654,2.8347381278972588,3024.907,-117.21335,1.7032183405524592
충북,2026,2026-05-01,4.5,-10.8,3225.681,122.80796,26.266057998194903,23.2,2.5,735.115,265.437117,2.7694506642791783,2490.566,-142.629157,2.1613999369421983
충북,2026,2026-06-01,46.2,11.8,4472.872,158.963322,28.137761237777852,37.0,24.1,879.483,301.088307,2.9210134686499134,3593.389,-142.124985,1.8940740745214169
충북,2026,2026-07-01,31.4,15.8,3866.038,167.133081,23.13149483554366,29.8,-7.1,866.604,320.941295,2.7001947505695707,2999.434,-153.808214,1.920273910345732
