년월,수출_금액,수출_금액증감률,수출_중량,수출_중량증감률,수입_금액,수입_금액증감률,수입_중량,수입_중량증감률,수지,지역명,연도,집계단위,월,연월
1월,1502682,29.4,107576504,13.3,808173,36.9,51583846,-7.5,694509,광주,2026,월간,1,2026-01-01
2월,1389314,5.6,88022532,-20.2,732441,10.8,39441283,-38.3,656873,광주,2026,월간,2,2026-02-01
3월,1587643,18.7,107937678,-2.0,903334,26.1,48599063,-18.0,684309,광주,2026,월간,3,2026-03-01
4월,1737850,5.6,123404486,0.3,930365,40.8,63182487,11.8,807485,광주,2026,월간,4,2026-04-01
5월,1531687,-4.1,109434568,2.5,776000,9.8,51644062,0.0,755687,광주,2026,월간,5,2026-05-01
6월,1525451,6.4,105276031,8.1,789834,6.5,60142555,6.9,735617,광주,2026,월간,6,2026-06-01
7월,0,-100.0,0,-100.0,0,-100.0,0,-100.0,0,광주,2026,월간,7,2026-07-01
1월,1160943,-22.0,94959382,-30.6,590462,11.6,55749292,-6.2,570481,광주,2025,월간,1,2025-01-01
2월,1315060,-1.5,110350685,-10.4,661314,31.4,63881750,29.1,653746,광주,2025,월간,2,2025-02-01
3월,1337455,-8.0,110099080,-4.9,716322,16.0,59260905,4.1,621133,광주,2025,월간,3,2025-03-01
4월,1645752,17.8,122999967,5.7,660957,22.9,56492824,-21.8,984795,광주,2025,월간,4,2025-04-01
5월,1597167,11.3,106751977,-2.8,706569,16.6,51619605,-26.5,890598,광주,2025,월간,5,2025-05-01
6월,1434267,2.1,97378605,-6.7,741864,46.1,56262962,-18.9,692403,광주,2025,월간,6,2025-06-01
7월,1609027,16.2,102577817,-13.7,692210,15.9,53560480,-11.2,916817,광주,2025,월간,7,2025-07-01
8월,1401243,13.8,90678571,-8.2,710204,17.6,46939248,-10.1,691039,광주,2025,월간,8,2025-08-01
9월,1567562,44.0,109465369,24.6,834055,38.1,56877093,-6.3,733507,광주,2025,월간,9,2025-09-01
10월,1392808,20.0,81514624,-17.7,843298,28.3,45110658,-43.9,549510,광주,2025,월간,10,2025-10-01
11월,1531566,56.5,103951462,20.4,763097,10.2,57653021,-10.8,768469,광주,2025,월간,11,2025-11-01
12월,1524449,27.5,104825165,2.6,813165,-14.3,61967108,-2.5,711284,광주,2025,월간,12,2025-12-01
1월,1487959,4.0,136829796,12.6,529017,-17.9,59421006,29.3,958942,광주,2024,월간,1,2024-01-01
2월,1335729,-2.7,123215496,-5.8,503324,-2.6,49493915,41.5,832405,광주,2024,월간,2,2024-02-01
3월,1453526,-10.5,115714712,-17.0,617409,-25.6,56905950,22.0,836117,광주,2024,월간,3,2024-03-01
4월,1397628,-2.2,116385786,-9.8,537922,2.0,72206938,43.4,859706,광주,2024,월간,4,2024-04-01
5월,1434604,-7.7,109797559,-13.9,606031,-12.5,70231003,33.1,828573,광주,2024,월간,5,2024-05-01
6월,1404186,-9.8,104423729,-15.5,507908,-10.1,69399518,4.2,896278,광주,2024,월간,6,2024-06-01
7월,1384287,-16.6,118808881,-3.0,597209,-15.7,60302336,23.3,787078,광주,2024,월간,7,2024-07-01
8월,1230893,-21.1,98743163,-10.6,603692,-2.7,52230578,17.4,627201,광주,2024,월간,8,2024-08-01
9월,1088823,-27.1,87842432,-23.7,603854,14.4,60686950,29.2,484969,광주,2024,월간,9,2024-09-01
10월,1160410,-12.7,99037041,-10.4,657118,22.5,80430575,74.8,503292,광주,2024,월간,10,2024-10-01
11월,978879,-29.8,86364778,-27.6,692317,42.8,64621239,37.7,286562,광주,2024,월간,11,2024-11-01
12월,1195211,-8.9,102152688,-12.4,949002,101.1,63547005,25.7,246209,광주,2024,월간,12,2024-12-01
1월,1430333,1.9,121529431,-10.0,644411,0.9,45968397,-46.2,785922,광주,2023,월간,1,2023-01-01
2월,1372380,11.0,130781401,13.8,516588,-27.9,34981383,-29.8,855792,광주,2023,월간,2,2023-02-01
3월,1624047,5.2,139347924,1.0,829408,7.1,46626060,-19.0,794639,광주,2023,월간,3,2023-03-01
4월,1429261,-9.7,129011070,-8.1,527152,-38.0,50359740,-33.7,902109,광주,2023,월간,4,2023-04-01
5월,1554139,-3.9,127497403,-9.2,692267,-16.6,52758452,-26.6,861872,광주,2023,월간,5,2023-05-01
6월,1556891,3.8,123624704,-1.3,564835,-29.9,66595219,-5.6,992056,광주,2023,월간,6,2023-06-01
7월,1659651,-4.5,122519394,-10.2,708084,-21.4,48916111,-40.0,951567,광주,2023,월간,7,2023-07-01
8월,1560571,0.4,110494642,3.8,620441,-36.9,44494905,-21.1,940130,광주,2023,월간,8,2023-08-01
9월,1492774,5.8,115176767,4.5,527643,-46.1,46972479,-10.8,965131,광주,2023,월간,9,2023-09-01
10월,1329670,-8.4,110552849,-1.7,536318,-28.9,46006309,6.6,793352,광주,2023,월간,10,2023-10-01
11월,1394661,-9.8,119251986,8.0,484836,-30.8,46922272,-6.3,909825,광주,2023,월간,11,2023-11-01
12월,1311581,-3.7,116635841,7.4,471956,-39.6,50568892,-7.8,839625,광주,2023,월간,12,2023-12-01
1월,1403046,12.2,135056055,1.3,638391,13.9,85398930,29.1,764655,광주,2022,월간,1,2022-01-01
2월,1236071,-4.9,114933180,-14.5,716193,23.6,49797566,8.3,519878,광주,2022,월간,2,2022-02-01
3월,1543620,4.4,138006779,-13.4,774660,5.1,57568034,-21.5,768960,광주,2022,월간,3,2022-03-01
4월,1583020,5.0,140362323,-13.4,850623,26.2,75911930,18.2,732397,광주,2022,월간,4,2022-04-01
5월,1617395,23.9,140400549,4.6,830299,21.6,71882976,-4.0,787096,광주,2022,월간,5,2022-05-01
6월,1499699,8.7,125315512,-16.6,805471,22.6,70578726,-24.5,694228,광주,2022,월간,6,2022-06-01
7월,1738277,20.4,136500966,-8.0,900539,33.4,81540590,3.5,837738,광주,2022,월간,7,2022-07-01
8월,1554070,24.3,106487456,-15.3,983088,38.7,56397739,-6.6,570982,광주,2022,월간,8,2022-08-01
9월,1411220,12.2,110228794,-13.1,979102,43.0,52662224,-8.5,432118,광주,2022,월간,9,2022-09-01
10월,1452009,6.4,112510165,-18.0,754220,12.3,43151588,-21.3,697789,광주,2022,월간,10,2022-10-01
11월,1546165,6.2,110379344,-22.4,700874,-0.5,50102674,-14.0,845291,광주,2022,월간,11,2022-11-01
12월,1361461,-15.4,108584749,-23.5,780930,9.3,54854495,-30.0,580531,광주,2022,월간,12,2022-12-01
1월,1250178,19.2,133358816,16.5,560258,17.2,66143783,47.8,689920,광주,2021,월간,1,2021-01-01
2월,1299968,33.5,134382942,12.9,579276,31.3,45993657,4.2,720692,광주,2021,월간,2,2021-02-01
3월,1478847,13.2,159322589,17.7,737229,47.7,73369326,11.0,741618,광주,2021,월간,3,2021-03-01
4월,1507770,66.2,162142692,82.0,673935,47.4,64249248,-10.4,833835,광주,2021,월간,4,2021-04-01
5월,1304943,74.8,134183112,68.3,682814,33.6,74852746,19.7,622129,광주,2021,월간,5,2021-05-01
6월,1379482,29.0,150261153,24.5,657078,32.4,93535352,32.7,722404,광주,2021,월간,6,2021-06-01
7월,1443633,9.4,148437055,0.7,674848,18.5,78773459,20.5,768785,광주,2021,월간,7,2021-07-01
8월,1249762,7.8,125668714,5.0,709031,34.2,60393811,24.1,540731,광주,2021,월간,8,2021-08-01
9월,1258150,-11.5,126781827,-19.5,684539,14.7,57555573,-0.1,573611,광주,2021,월간,9,2021-09-01
10월,1364760,2.9,137233349,-5.2,671468,9.2,54829515,-16.7,693292,광주,2021,월간,10,2021-10-01
11월,1456536,15.0,142171176,1.0,704587,8.7,58275618,-3.4,751949,광주,2021,월간,11,2021-11-01
12월,1608833,31.1,141992677,6.0,714692,14.9,78414368,9.6,894141,광주,2021,월간,12,2021-12-01
1월,1049003,-11.5,114491013,-20.6,477903,-6.7,44741941,0.9,571100,광주,2020,월간,1,2020-01-01
2월,974038,-3.2,119011411,0.8,441054,7.8,44122688,-10.8,532984,광주,2020,월간,2,2020-02-01
3월,1306483,11.0,135372220,-0.6,499200,2.3,66086436,39.0,807283,광주,2020,월간,3,2020-03-01
4월,907244,-24.2,89096952,-39.4,457142,-13.9,71732214,27.6,450102,광주,2020,월간,4,2020-04-01
5월,746329,-39.5,79716517,-46.9,511148,-0.4,62520758,7.2,235181,광주,2020,월간,5,2020-05-01
6월,1069486,-3.7,120692553,-10.9,496179,-5.3,70483423,20.8,573307,광주,2020,월간,6,2020-06-01
7월,1319438,10.2,147386866,2.0,569289,7.2,65391283,10.9,750149,광주,2020,월간,7,2020-07-01
8월,1158887,16.6,119713734,-0.2,528367,3.9,48674758,-11.5,630520,광주,2020,월간,8,2020-08-01
9월,1421030,35.4,157405963,25.0,597053,25.8,57614113,37.9,823977,광주,2020,월간,9,2020-09-01
10월,1326273,16.4,144753841,9.4,614818,41.5,65840694,18.9,711455,광주,2020,월간,10,2020-10-01
11월,1266042,18.1,140780917,13.4,648419,47.7,60354181,18.9,617623,광주,2020,월간,11,2020-11-01
12월,1227540,16.4,133898118,12.3,622016,16.4,71554748,16.8,605524,광주,2020,월간,12,2020-12-01
1월,1185627,-6.1,144234206,7.9,512064,-4.3,44342638,-30.3,673563,광주,2019,월간,1,2019-01-01
2월,1006510,-0.6,118021728,10.3,409133,-10.2,49479077,3.1,597377,광주,2019,월간,2,2019-02-01
3월,1176509,-4.6,136227107,2.1,487865,-6.0,47547988,-26.9,688644,광주,2019,월간,3,2019-03-01
4월,1196326,-0.6,147041424,7.3,530973,5.8,56210880,-6.2,665353,광주,2019,월간,4,2019-04-01
5월,1232670,-3.8,150202247,-0.2,513277,-4.9,58341326,-8.3,719393,광주,2019,월간,5,2019-05-01
6월,1110200,-5.9,135494654,-7.9,523786,-4.2,58342959,3.6,586414,광주,2019,월간,6,2019-06-01
7월,1197850,-7.9,144511534,-11.4,530972,-8.2,58973040,2.2,666878,광주,2019,월간,7,2019-07-01
8월,993482,-12.6,119960514,-9.2,508339,-8.1,55014903,-5.0,485143,광주,2019,월간,8,2019-08-01
9월,1049742,-8.4,125949918,-0.4,474485,-2.7,41794560,15.1,575257,광주,2019,월간,9,2019-09-01
10월,1139493,-16.4,132289412,-13.7,434410,-25.1,55353385,13.4,705083,광주,2019,월간,10,2019-10-01
11월,1071932,-18.7,124159726,-17.5,439018,-11.9,50779393,-11.2,632914,광주,2019,월간,11,2019-11-01
12월,1054316,-14.0,119203717,-16.8,534552,10.5,61247856,19.5,519764,광주,2019,월간,12,2019-12-01
1월,1262761,19.8,133722704,8.5,535039,25.2,63635528,18.4,727722,광주,2018,월간,1,2018-01-01
2월,1012542,-15.9,107023475,-24.0,455742,9.0,47999356,-23.0,556800,광주,2018,월간,2,2018-02-01
3월,1233292,-9.9,133419973,-15.6,519191,9.0,65047316,-8.4,714101,광주,2018,월간,3,2018-03-01
4월,1203525,-7.9,137061295,-6.8,501690,13.3,59954817,-1.8,701835,광주,2018,월간,4,2018-04-01
5월,1281640,7.2,150468132,3.4,539993,7.5,63627842,12.4,741647,광주,2018,월간,5,2018-05-01
6월,1179414,2.8,147089838,3.7,547005,3.4,56312773,-5.2,632409,광주,2018,월간,6,2018-06-01
7월,1300533,-1.4,163141744,9.3,578436,-5.5,57704492,2.1,722097,광주,2018,월간,7,2018-07-01
8월,1137130,-10.9,132099794,-9.9,552888,-11.8,57904626,1.3,584242,광주,2018,월간,8,2018-08-01
9월,1145457,-19.0,126393683,-20.5,487622,-21.1,36305818,-44.0,657835,광주,2018,월간,9,2018-09-01
10월,1363232,22.9,153368218,26.2,580227,-7.1,48792451,-0.9,783005,광주,2018,월간,10,2018-10-01
11월,1319071,-3.9,150534516,-3.2,498397,-11.3,57199192,-5.6,820674,광주,2018,월간,11,2018-11-01
12월,1225713,3.6,143205200,12.7,483562,-12.1,51232084,11.7,742151,광주,2018,월간,12,2018-12-01
1월,1054362,3.2,123235394,8.3,427383,1.4,53750051,-16.2,626979,광주,2017,월간,1,2017-01-01
2월,1203829,12.9,140871149,13.3,418176,-13.5,62320651,3.2,785653,광주,2017,월간,2,2017-02-01
3월,1368365,-3.0,158067987,0.3,476160,6.7,71019990,-1.2,892205,광주,2017,월간,3,2017-03-01
4월,1306863,8.3,147102626,8.4,442859,7.2,61083048,-10.6,864004,광주,2017,월간,4,2017-04-01
5월,1195085,-5.8,145589621,-2.4,502366,3.8,56589918,-7.3,692719,광주,2017,월간,5,2017-05-01
6월,1147350,-15.7,141833555,-6.3,528815,0.3,59413222,-8.9,618535,광주,2017,월간,6,2017-06-01
7월,1319081,2.8,149234519,2.7,611897,21.2,56541451,-12.9,707184,광주,2017,월간,7,2017-07-01
8월,1275967,20.1,146599646,21.0,626565,22.8,57157005,-20.1,649402,광주,2017,월간,8,2017-08-01
9월,1414784,25.1,159011780,18.1,617846,34.6,64865411,12.1,796938,광주,2017,월간,9,2017-09-01
10월,1109660,-3.1,121500397,-14.8,624456,28.3,49221753,-16.7,485204,광주,2017,월간,10,2017-10-01
11월,1372935,2.7,155580497,-2.3,561980,28.7,60590048,-3.0,810955,광주,2017,월간,11,2017-11-01
12월,1182802,-16.0,127043847,-21.0,549952,20.6,45870618,-25.9,632850,광주,2017,월간,12,2017-12-01
1월,1021530,-22.3,113800287,-24.1,421527,-21.4,64164409,80.5,600003,광주,2016,월간,1,2016-01-01
2월,1066505,-2.3,124366989,-2.9,483609,9.7,60368143,54.5,582896,광주,2016,월간,2,2016-02-01
3월,1409976,-0.4,157600662,-1.6,446181,6.8,71886066,109.7,963795,광주,2016,월간,3,2016-03-01
4월,1207161,-15.3,135731995,-21.3,412944,-24.9,68340220,26.7,794217,광주,2016,월간,4,2016-04-01
5월,1268313,-4.2,149176007,2.4,483762,7.0,61070053,34.9,784551,광주,2016,월간,5,2016-05-01
6월,1360404,-4.0,151396274,-5.4,527156,20.5,65183428,42.3,833248,광주,2016,월간,6,2016-06-01
7월,1282883,-2.5,145363534,-10.1,504834,-1.2,64927893,50.8,778049,광주,2016,월간,7,2016-07-01
8월,1062060,-8.4,121123423,-1.0,510056,15.1,71506241,46.4,552004,광주,2016,월간,8,2016-08-01
9월,1130575,-9.5,134633596,3.1,458874,10.6,57838102,-11.9,671701,광주,2016,월간,9,2016-09-01
10월,1145289,-2.0,142584094,4.3,486843,-6.6,59054961,-3.9,658446,광주,2016,월간,10,2016-10-01
11월,1336204,14.6,159267218,11.7,436710,7.0,62482479,9.7,899494,광주,2016,월간,11,2016-11-01
12월,1407755,12.0,160765004,8.1,455833,8.9,61923451,-5.2,951922,광주,2016,월간,12,2016-12-01
1월,1314089,3.0,149931625,-1.4,536425,38.0,35538450,-27.3,777664,광주,2015,월간,1,2015-01-01
2월,1092122,-5.3,128039683,-10.6,440749,37.3,39085302,4.6,651373,광주,2015,월간,2,2015-02-01
3월,1415574,3.1,160084545,-0.2,417837,22.9,34275297,-23.0,997737,광주,2015,월간,3,2015-03-01
4월,1424999,-3.2,172477461,-3.3,550172,30.2,53919567,17.3,874827,광주,2015,월간,4,2015-04-01
5월,1323395,-2.1,145641000,-14.1,452145,16.8,45270647,-6.1,871250,광주,2015,월간,5,2015-05-01
6월,1417629,7.6,159963312,-3.7,437581,6.7,45804002,-6.0,980048,광주,2015,월간,6,2015-06-01
7월,1316079,-8.6,161700468,-6.4,511134,3.0,43067559,-20.7,804945,광주,2015,월간,7,2015-07-01
8월,1159341,-5.6,122381502,-12.7,443099,-10.7,48827910,33.5,716242,광주,2015,월간,8,2015-08-01
9월,1249748,-2.8,130639555,-9.4,414815,-8.3,65658254,75.9,834933,광주,2015,월간,9,2015-09-01
10월,1168461,-14.4,136735454,-13.9,521446,1.1,61440064,46.4,647015,광주,2015,월간,10,2015-10-01
11월,1166428,-19.5,142616563,-9.9,408058,-11.0,56979957,28.5,758370,광주,2015,월간,11,2015-11-01
12월,1256734,-18.8,148697532,-12.3,418520,-12.6,65320168,71.4,838214,광주,2015,월간,12,2015-12-01
1월,1275815,-4.1,152049567,7.0,388745,-6.8,48872806,9.2,887070,광주,2014,월간,1,2014-01-01
2월,1153452,2.1,143232641,13.8,321036,3.7,37371284,9.0,832416,광주,2014,월간,2,2014-02-01
3월,1373564,-0.7,160379694,7.4,340040,-15.8,44538631,-2.7,1033524,광주,2014,월간,3,2014-03-01
4월,1471979,6.1,178344747,16.8,422445,1.3,45948591,-4.3,1049534,광주,2014,월간,4,2014-04-01
5월,1351787,-2.7,169496627,12.4,387199,-11.4,48194200,10.1,964588,광주,2014,월간,5,2014-05-01
6월,1317343,3.3,166134980,15.0,410017,-0.8,48723747,-13.1,907326,광주,2014,월간,6,2014-06-01
7월,1439312,12.7,172779512,9.4,496450,4.7,54302557,15.6,942862,광주,2014,월간,7,2014-07-01
8월,1227899,1.5,140176637,2.1,496024,27.4,36567860,0.6,731875,광주,2014,월간,8,2014-08-01
9월,1285628,10.2,144198081,12.0,452481,3.6,37320993,-27.1,833147,광주,2014,월간,9,2014-09-01
10월,1365484,-8.0,158829147,-6.0,515683,9.6,41962715,2.5,849801,광주,2014,월간,10,2014-10-01
11월,1449024,0.4,158279167,-3.5,458336,21.8,44358680,20.4,990688,광주,2014,월간,11,2014-11-01
12월,1547097,11.3,169596357,7.9,479035,29.3,38113236,5.8,1068062,광주,2014,월간,12,2014-12-01
1월,1330944,20.4,142036267,-2.6,417112,21.3,44769115,7.0,913832,광주,2013,월간,1,2013-01-01
2월,1130133,-2.2,125832118,-18.2,309480,-9.8,34289100,-22.2,820653,광주,2013,월간,2,2013-02-01
3월,1382628,18.3,149322714,-4.7,404058,0.7,45782738,2.0,978570,광주,2013,월간,3,2013-03-01
4월,1387188,19.3,152717516,-5.9,417010,5.2,48004957,-8.3,970178,광주,2013,월간,4,2013-04-01
5월,1389160,15.0,150781771,-11.7,437194,8.2,43791227,-30.5,951966,광주,2013,월간,5,2013-05-01
6월,1275519,7.7,144409463,-11.4,413291,1.5,56062263,30.3,862228,광주,2013,월간,6,2013-06-01
7월,1277581,13.2,157905060,0.6,474086,7.2,46968477,-1.8,803495,광주,2013,월간,7,2013-07-01
8월,1210077,17.7,137289632,-1.1,389342,0.3,36354525,-12.6,820735,광주,2013,월간,8,2013-08-01
9월,1166254,-7.6,128709140,-13.8,436592,9.3,51182806,16.4,729662,광주,2013,월간,9,2013-09-01
10월,1484398,28.9,168981782,25.3,470629,11.2,40959065,-3.5,1013769,광주,2013,월간,10,2013-10-01
11월,1443833,5.0,164056865,-1.0,376312,-2.9,36845513,-18.5,1067521,광주,2013,월간,11,2013-11-01
12월,1389903,15.5,157181785,23.2,370368,-8.2,36037877,-20.2,1019535,광주,2013,월간,12,2013-12-01
1월,1105591,0.3,145881946,-5.5,343859,-20.6,41836466,-16.0,761732,광주,2012,월간,1,2012-01-01
2월,1155945,24.3,153843530,27.0,343112,-7.9,44051540,17.1,812833,광주,2012,월간,2,2012-02-01
3월,1169077,-2.6,156745020,1.7,401133,-16.3,44890051,-13.8,767944,광주,2012,월간,3,2012-03-01
4월,1162317,6.6,162277550,13.0,396468,-19.9,52375764,9.0,765849,광주,2012,월간,4,2012-04-01
5월,1208099,7.8,170669451,13.4,403878,-10.9,62981031,-1.4,804221,광주,2012,월간,5,2012-05-01
6월,1184223,4.0,162928508,6.0,407322,-16.1,43012897,-4.5,776901,광주,2012,월간,6,2012-06-01
7월,1128262,0.6,157030068,8.9,442342,-8.4,47832239,7.5,685920,광주,2012,월간,7,2012-07-01
8월,1027679,-4.0,138843255,0.3,388208,-8.5,41591704,-27.1,639471,광주,2012,월간,8,2012-08-01
9월,1261899,7.5,149257023,1.3,399479,-1.4,43971308,3.4,862420,광주,2012,월간,9,2012-09-01
10월,1151724,5.6,134813732,2.2,423267,-5.5,42456431,0.2,728457,광주,2012,월간,10,2012-10-01
11월,1375064,19.0,165744122,15.2,387414,-4.0,45236916,-12.8,987650,광주,2012,월간,11,2012-11-01
12월,1203029,5.1,127627846,-6.2,403568,18.5,45164108,-3.6,799461,광주,2012,월간,12,2012-12-01
1월,1102175,37.8,154379544,29.6,432904,16.4,49780219,12.6,669271,광주,2011,월간,1,2011-01-01
2월,930284,43.1,121139304,18.5,372661,14.5,37633569,2.8,557623,광주,2011,월간,2,2011-02-01
3월,1200815,37.1,154082270,14.9,479441,7.6,52095811,17.1,721374,광주,2011,월간,3,2011-03-01
4월,1090082,17.8,143583317,4.4,494836,13.3,48050980,-11.9,595246,광주,2011,월간,4,2011-04-01
5월,1120825,20.2,150518053,7.8,453503,11.8,63851510,17.4,667322,광주,2011,월간,5,2011-05-01
6월,1138400,12.7,153750509,1.8,485666,-9.5,45039789,-16.1,652734,광주,2011,월간,6,2011-06-01
7월,1121780,3.3,144138472,-6.8,482937,-28.0,44490394,-27.2,638843,광주,2011,월간,7,2011-07-01
8월,1070554,19.2,138426039,4.0,424217,0.4,57032398,33.6,646337,광주,2011,월간,8,2011-08-01
9월,1173528,21.7,147356943,6.5,405140,-11.7,42534997,-19.0,768388,광주,2011,월간,9,2011-09-01
10월,1090693,-2.9,131941864,-12.8,447842,-8.5,42373416,-2.8,642851,광주,2011,월간,10,2011-10-01
11월,1155415,-4.6,143868886,-7.9,403503,-15.2,51848681,16.9,751912,광주,2011,월간,11,2011-11-01
12월,1145143,3.7,136000622,0.7,340571,-33.7,46837529,-0.1,804572,광주,2011,월간,12,2011-12-01
1월,799712,63.7,119078379,68.4,371955,49.5,44198771,48.5,427757,광주,2010,월간,1,2010-01-01
2월,650087,27.1,102221077,29.4,325403,65.8,36597286,-3.1,324684,광주,2010,월간,2,2010-02-01
3월,876091,51.8,134102133,51.1,445425,98.7,44502281,10.0,430666,광주,2010,월간,3,2010-03-01
4월,925569,35.0,137544167,36.2,436924,19.6,54570588,43.1,488645,광주,2010,월간,4,2010-04-01
5월,932227,24.0,139671141,31.1,405457,24.3,54369407,11.2,526770,광주,2010,월간,5,2010-05-01
6월,1010248,26.4,151046438,29.7,536843,36.9,53703111,-10.6,473405,광주,2010,월간,6,2010-06-01
7월,1085902,38.9,154698555,32.6,670373,68.2,61152376,68.0,415529,광주,2010,월간,7,2010-07-01
8월,898458,43.9,133151864,50.0,422656,11.3,42703042,36.5,475802,광주,2010,월간,8,2010-08-01
9월,964506,3.7,138387764,7.9,458861,4.0,52511807,35.3,505645,광주,2010,월간,9,2010-09-01
10월,1123284,18.1,151306001,15.2,489232,12.8,43572057,-5.4,634052,광주,2010,월간,10,2010-10-01
11월,1211421,31.5,156200882,21.7,476011,37.5,44347711,13.6,735410,광주,2010,월간,11,2010-11-01
12월,1103848,28.1,135086442,13.5,513467,53.5,46887455,5.0,590381,광주,2010,월간,12,2010-12-01
1월,488544,-40.0,70697955,-32.6,248774,-49.1,29767432,-31.5,239770,광주,2009,월간,1,2009-01-01
2월,511610,-27.4,79004448,-8.4,196258,-53.4,37773119,8.1,315352,광주,2009,월간,2,2009-02-01
3월,577002,-32.3,88722732,-22.2,224217,-46.1,40439444,2.2,352785,광주,2009,월간,3,2009-03-01
4월,685378,-21.0,101009554,-13.9,365291,-22.2,38139022,-7.3,320087,광주,2009,월간,4,2009-04-01
5월,751746,-16.1,106544763,-7.4,326174,-32.5,48909961,19.7,425572,광주,2009,월간,5,2009-05-01
6월,799293,-8.6,116418373,17.4,392221,-9.4,60061204,93.1,407072,광주,2009,월간,6,2009-06-01
7월,781822,-6.2,116639541,2.7,398637,-7.4,36391389,-27.4,383185,광주,2009,월간,7,2009-07-01
8월,624246,-18.9,88795742,-14.2,379678,-10.8,31288891,-32.9,244568,광주,2009,월간,8,2009-08-01
9월,929738,26.1,128261844,26.1,441195,12.6,38814268,11.1,488543,광주,2009,월간,9,2009-09-01
10월,951111,42.5,131289942,35.7,433530,9.5,46077573,31.8,517581,광주,2009,월간,10,2009-10-01
11월,921269,19.3,128350913,21.9,346093,28.3,39024618,33.5,575176,광주,2009,월간,11,2009-11-01
12월,861407,38.5,118969456,44.1,334472,32.7,44646693,2.0,526935,광주,2009,월간,12,2009-12-01
1월,814463,-11.2,104872146,1.9,488405,16.6,43461518,22.5,326058,광주,2008,월간,1,2008-01-01
2월,705149,-12.1,86258635,-3.5,421240,4.3,34939400,-13.7,283909,광주,2008,월간,2,2008-02-01
3월,852287,-13.6,113975946,0.8,415814,-3.5,39584677,-7.4,436473,광주,2008,월간,3,2008-03-01
4월,867611,3.1,117320566,19.3,469660,16.1,41137302,-6.8,397951,광주,2008,월간,4,2008-04-01
5월,895595,10.2,115078399,4.4,483469,20.9,40859629,-2.0,412126,광주,2008,월간,5,2008-05-01
6월,874526,8.5,99159325,-3.2,433016,3.1,31107520,-13.1,441510,광주,2008,월간,6,2008-06-01
7월,833807,14.7,113541455,19.3,430439,7.8,50157162,34.1,403368,광주,2008,월간,7,2008-07-01
8월,769870,-4.0,103454366,1.1,425744,-10.5,46657465,27.5,344126,광주,2008,월간,8,2008-08-01
9월,737260,0.5,101725993,7.3,391686,28.1,34939946,11.7,345574,광주,2008,월간,9,2008-09-01
10월,667339,-26.7,96736648,-18.3,395803,-6.1,34967178,-14.3,271536,광주,2008,월간,10,2008-10-01
11월,772185,-19.0,105302636,-6.5,269725,-43.4,29223830,-23.6,502460,광주,2008,월간,11,2008-11-01
12월,621978,-27.0,82535907,-16.4,252041,-41.0,43752672,18.9,369937,광주,2008,월간,12,2008-12-01
1월,917536,46.7,102929258,33.5,419032,42.7,35486052,109.6,498504,광주,2007,월간,1,2007-01-01
2월,802150,22.6,89408804,4.6,403992,25.9,40494392,79.2,398158,광주,2007,월간,2,2007-02-01
3월,986754,34.1,113056173,14.6,430718,35.3,42765122,48.1,556036,광주,2007,월간,3,2007-03-01
4월,841221,24.8,98374050,8.2,404701,29.6,44145669,62.6,436520,광주,2007,월간,4,2007-04-01
5월,813036,19.2,110249332,30.4,399926,22.7,41675779,45.8,413110,광주,2007,월간,5,2007-05-01
6월,805653,11.7,102442522,8.9,419973,31.5,35793218,22.9,385680,광주,2007,월간,6,2007-06-01
7월,727008,2.0,95209589,6.3,399261,25.1,37407142,35.2,327747,광주,2007,월간,7,2007-07-01
8월,801679,28.5,102330150,33.2,475821,25.5,36607712,-20.0,325858,광주,2007,월간,8,2007-08-01
9월,733420,-18.5,94771665,-10.9,305785,-17.0,31275635,-30.3,427635,광주,2007,월간,9,2007-09-01
10월,910326,10.8,118346613,19.2,421313,20.3,40802776,27.9,489013,광주,2007,월간,10,2007-10-01
11월,953644,-6.0,112682398,1.1,476563,24.9,38272475,7.3,477081,광주,2007,월간,11,2007-11-01
12월,851507,-12.8,98715776,-2.1,427207,9.4,36789545,-7.4,424300,광주,2007,월간,12,2007-12-01
1월,625545,21.2,77091019,-6.2,293654,16.2,16931386,-29.5,331891,광주,2006,월간,1,2006-01-01
2월,654026,46.1,85483028,17.6,320763,61.3,22596202,-3.5,333263,광주,2006,월간,2,2006-02-01
3월,735654,18.0,98682917,1.4,318366,20.3,28866912,10.0,417288,광주,2006,월간,3,2006-03-01
4월,673971,7.0,90918522,-8.9,312281,8.9,27150449,-16.4,361690,광주,2006,월간,4,2006-04-01
5월,682325,12.0,84531433,-9.0,325848,21.7,28578867,18.3,356477,광주,2006,월간,5,2006-05-01
6월,721149,15.1,94045036,-0.4,319378,5.9,29132431,16.4,401771,광주,2006,월간,6,2006-06-01
7월,712769,11.6,89557535,-4.3,319102,-2.4,27669688,-1.1,393667,광주,2006,월간,7,2006-07-01
8월,623648,6.7,76840392,-5.9,379211,-1.1,45734135,98.2,244437,광주,2006,월간,8,2006-08-01
9월,900055,64.5,106316612,34.3,368548,0.6,44851298,52.1,531507,광주,2006,월간,9,2006-09-01
10월,821901,28.8,99267491,11.0,350092,0.8,31905454,43.3,471809,광주,2006,월간,10,2006-10-01
11월,1014063,52.2,111444288,25.8,381471,15.2,35669604,38.4,632592,광주,2006,월간,11,2006-11-01
12월,976893,47.9,100869445,20.8,390611,11.0,39726948,51.1,586282,광주,2006,월간,12,2006-12-01
1월,516120,64.9,82195438,53.7,252708,24.3,24023532,6.4,263412,광주,2005,월간,1,2005-01-01
2월,447585,25.6,72689155,28.1,198846,-22.9,23423153,19.8,248739,광주,2005,월간,2,2005-02-01
3월,623450,54.3,97344838,46.7,264737,2.3,26235893,-12.5,358713,광주,2005,월간,3,2005-03-01
4월,630068,52.8,99772572,60.6,286819,-3.9,32489854,-17.0,343249,광주,2005,월간,4,2005-04-01
5월,609121,57.1,92911950,48.9,267693,7.7,24158725,25.3,341428,광주,2005,월간,5,2005-05-01
6월,626762,54.8,94432964,58.6,301544,13.7,25018041,12.0,325218,광주,2005,월간,6,2005-06-01
7월,638939,50.4,93563067,35.8,327095,29.5,27991389,35.9,311844,광주,2005,월간,7,2005-07-01
8월,584449,41.4,81620428,33.9,383257,57.6,23079527,23.1,201192,광주,2005,월간,8,2005-08-01
9월,547287,13.2,79190854,6.9,366438,68.9,29496033,39.7,180849,광주,2005,월간,9,2005-09-01
10월,637897,8.8,89390184,8.0,347325,11.3,22271017,-16.7,290572,광주,2005,월간,10,2005-10-01
11월,666393,23.6,88587176,15.4,331261,37.4,25779849,4.3,335132,광주,2005,월간,11,2005-11-01
12월,660500,17.6,83483102,-1.9,351805,46.7,26287533,-2.6,308695,광주,2005,월간,12,2005-12-01
1월,313025,7.7,53482320,-8.3,203272,34.5,22588165,-50.1,109753,광주,2004,월간,1,2004-01-01
2월,356305,26.7,56759078,-0.9,257978,33.3,19559333,-13.7,98327,광주,2004,월간,2,2004-02-01
3월,403946,19.4,66377087,1.6,258795,-43.0,29980817,-4.3,145151,광주,2004,월간,3,2004-03-01
4월,412368,23.4,62129331,-1.3,298313,46.7,39153975,125.6,114055,광주,2004,월간,4,2004-04-01
5월,387759,18.9,62388124,9.8,248568,21.0,19282452,-24.9,139191,광주,2004,월간,5,2004-05-01
6월,405006,32.9,59549276,24.5,265126,-8.3,22338427,-46.8,139880,광주,2004,월간,6,2004-06-01
7월,424881,27.4,68879388,9.7,252523,1.8,20595759,-20.7,172358,광주,2004,월간,7,2004-07-01
8월,413200,39.8,60964587,27.8,243161,13.0,18747030,-46.0,170039,광주,2004,월간,8,2004-08-01
9월,483522,31.0,74066638,22.3,216946,-4.7,21119550,-54.1,266576,광주,2004,월간,9,2004-09-01
10월,586364,46.5,82735770,21.0,312002,16.8,26731709,4.1,274362,광주,2004,월간,10,2004-10-01
11월,539319,46.8,76753351,29.4,241081,-7.5,24716713,15.3,298238,광주,2004,월간,11,2004-11-01
12월,561887,42.6,85082977,31.7,239739,-4.2,26998278,52.5,322148,광주,2004,월간,12,2004-12-01
1월,290676,16.0,58310653,12.6,151176,30.2,45277757,65.6,139500,광주,2003,월간,1,2003-01-01
2월,281252,10.9,57291042,10.9,193493,49.6,22655269,-5.9,87759,광주,2003,월간,2,2003-02-01
3월,338185,13.3,65361725,2.5,454273,265.3,31337035,2.3,-116088,광주,2003,월간,3,2003-03-01
4월,334139,11.8,62941500,8.3,203347,36.1,17358701,-35.4,130792,광주,2003,월간,4,2003-04-01
5월,326146,3.0,56844704,-56.9,205498,31.0,25659533,-6.8,120648,광주,2003,월간,5,2003-05-01
6월,304700,8.8,47827162,-6.7,289038,122.7,41986897,56.2,15662,광주,2003,월간,6,2003-06-01
7월,333414,8.2,62764416,7.4,248085,43.7,25973447,-14.3,85329,광주,2003,월간,7,2003-07-01
8월,295555,-7.8,47716451,-11.4,215114,52.0,34694618,45.1,80441,광주,2003,월간,8,2003-08-01
9월,369066,18.6,60543937,6.5,227649,58.1,45998258,34.9,141417,광주,2003,월간,9,2003-09-01
10월,400194,15.5,68367542,2.9,267219,64.9,25674930,-17.2,132975,광주,2003,월간,10,2003-10-01
11월,367399,15.6,59326908,-2.1,260519,58.9,21443846,-27.5,106880,광주,2003,월간,11,2003-11-01
12월,394109,33.2,64621179,6.7,250180,65.0,17705936,-33.5,143929,광주,2003,월간,12,2003-12-01
1월,250587,-3.8,51782257,85.9,116104,-35.6,27342753,45.1,134483,광주,2002,월간,1,2002-01-01
2월,253696,-9.3,51674378,19.8,129342,-4.3,24067222,0.9,124354,광주,2002,월간,2,2002-02-01
3월,298400,11.0,63745883,59.9,124344,-12.8,30642413,12.8,174056,광주,2002,월간,3,2002-03-01
4월,298893,32.4,58107120,66.8,149383,6.3,26868886,-9.0,149510,광주,2002,월간,4,2002-04-01
5월,316785,23.5,131783047,249.6,156821,13.4,27521619,-1.0,159964,광주,2002,월간,5,2002-05-01
6월,280099,37.1,51270139,70.3,129762,6.0,26881293,-33.2,150337,광주,2002,월간,6,2002-06-01
7월,308259,67.0,58450779,124.2,172598,26.9,30291589,1.8,135661,광주,2002,월간,7,2002-07-01
8월,320533,24.4,53834625,75.5,141479,-8.8,23909605,-26.2,179054,광주,2002,월간,8,2002-08-01
9월,311099,13.9,56824162,47.2,144028,20.7,34108972,10.4,167071,광주,2002,월간,9,2002-09-01
10월,346416,6.6,66411605,66.7,162071,10.9,31006102,6.2,184345,광주,2002,월간,10,2002-10-01
11월,317701,2.1,60624358,6.5,163929,1.7,29581048,-1.3,153772,광주,2002,월간,11,2002-11-01
12월,295863,19.3,60564098,23.2,151623,13.8,26622378,-9.7,144240,광주,2002,월간,12,2002-12-01
1월,260507,12.1,27850012,4.2,180243,29.6,18843211,-22.2,80264,광주,2001,월간,1,2001-01-01
2월,279769,30.6,43119065,50.1,135124,11.7,23842489,-29.2,144645,광주,2001,월간,2,2001-02-01
3월,268708,1.8,39869152,-20.8,142551,-12.3,27155773,-23.8,126157,광주,2001,월간,3,2001-03-01
4월,225694,-5.7,34831982,-34.5,140591,2.7,29515012,-3.3,85103,광주,2001,월간,4,2001-04-01
5월,256518,-1.6,37698820,-28.7,138246,-21.6,27791422,-6.2,118272,광주,2001,월간,5,2001-05-01
6월,204303,-24.8,30098444,-44.0,122374,-22.4,40240425,7.8,81929,광주,2001,월간,6,2001-06-01
7월,184612,-35.2,26072965,-29.6,136014,-13.2,29759870,1.6,48598,광주,2001,월간,7,2001-07-01
8월,257619,-3.0,30682062,7.2,155192,-21.1,32417054,78.9,102427,광주,2001,월간,8,2001-08-01
9월,273225,-4.4,38616053,16.2,119303,-15.0,30892185,36.0,153922,광주,2001,월간,9,2001-09-01
10월,325038,15.1,39827621,10.4,146177,-2.6,29207067,32.4,178861,광주,2001,월간,10,2001-10-01
11월,311187,8.8,56909326,39.1,161143,11.8,29956732,50.6,150044,광주,2001,월간,11,2001-11-01
12월,248069,-16.1,49164889,7.7,133206,-18.0,29475642,38.2,114863,광주,2001,월간,12,2001-12-01
1월,232383,0.0,26733831,0.0,139105,0.0,24233339,0.0,93278,광주,2000,월간,1,2000-01-01
2월,214205,0.0,28723830,0.0,120923,0.0,33666202,0.0,93282,광주,2000,월간,2,2000-02-01
3월,263885,0.0,50335242,0.0,162629,0.0,35616209,0.0,101256,광주,2000,월간,3,2000-03-01
4월,239372,0.0,53145849,0.0,136896,0.0,30517419,0.0,102476,광주,2000,월간,4,2000-04-01
5월,260743,0.0,52908723,0.0,176339,0.0,29636925,0.0,84404,광주,2000,월간,5,2000-05-01
6월,271739,0.0,53750300,0.0,157775,0.0,37322764,0.0,113964,광주,2000,월간,6,2000-06-01
7월,284950,0.0,37060144,0.0,156694,0.0,29292131,0.0,128256,광주,2000,월간,7,2000-07-01
8월,265628,0.0,28625417,0.0,196732,0.0,18119180,0.0,68896,광주,2000,월간,8,2000-08-01
9월,285764,0.0,33239852,0.0,140274,0.0,22717265,0.0,145490,광주,2000,월간,9,2000-09-01
10월,282455,0.0,36081665,0.0,150020,0.0,22063723,0.0,132435,광주,2000,월간,10,2000-10-01
11월,285935,0.0,40915271,0.0,144108,0.0,19889286,0.0,141827,광주,2000,월간,11,2000-11-01
12월,295547,0.0,45639943,0.0,162450,0.0,21326098,0.0,133097,광주,2000,월간,12,2000-12-01
1월,741988,26.8,75161847,5.8,552405,25.1,139786286,4.7,189583,대구,2026,월간,1,2026-01-01
2월,648041,-7.0,70026326,-16.6,496774,5.6,125706162,-13.6,151267,대구,2026,월간,2,2026-02-01
3월,823326,16.3,86055553,3.7,602418,17.6,152286538,3.3,220908,대구,2026,월간,3,2026-03-01
4월,919337,5.0,90556506,0.1,695676,30.1,157506843,0.9,223661,대구,2026,월간,4,2026-04-01
5월,839050,12.9,78728373,-0.3,577958,21.9,122451825,-20.4,261092,대구,2026,월간,5,2026-05-01
6월,908098,11.8,84673242,5.6,734585,40.0,165209074,3.8,173513,대구,2026,월간,6,2026-06-01
7월,946509,20.0,86244732,3.3,684593,31.7,182093624,15.6,261916,대구,2026,월간,7,2026-07-01
1월,585256,-28.6,71058193,-9.9,441708,-24.1,133541668,-18.6,143548,대구,2025,월간,1,2025-01-01
2월,697043,-7.7,83919844,9.1,470273,15.7,145509368,9.1,226770,대구,2025,월간,2,2025-02-01
3월,707898,-13.3,82959265,-1.4,512356,-6.5,147418419,4.4,195542,대구,2025,월간,3,2025-03-01
4월,875334,3.8,90427969,3.4,534686,-9.8,156060878,-12.6,340648,대구,2025,월간,4,2025-04-01
5월,743280,1.7,79000957,-3.7,474057,-12.7,153767139,-6.3,269223,대구,2025,월간,5,2025-05-01
6월,812159,8.2,80161072,-1.8,524861,17.3,159224677,3.4,287298,대구,2025,월간,6,2025-06-01
7월,788561,9.6,83481614,6.8,519624,15.2,157507945,5.2,268937,대구,2025,월간,7,2025-07-01
8월,728824,5.1,71608534,-5.4,512060,5.8,155374814,5.7,216764,대구,2025,월간,8,2025-08-01
9월,800625,29.7,85687198,18.0,566798,36.1,176738862,24.5,233827,대구,2025,월간,9,2025-09-01
10월,677686,-6.9,73359308,-10.3,498770,21.9,142627405,-2.8,178916,대구,2025,월간,10,2025-10-01
11월,762296,12.4,78975945,1.1,521276,14.6,151909162,-7.4,241020,대구,2025,월간,11,2025-11-01
12월,853921,17.4,83286485,-8.0,562717,27.9,168709668,9.5,291204,대구,2025,월간,12,2025-12-01
1월,819257,-2.5,78846524,-4.1,581871,-17.1,164106185,11.4,237386,대구,2024,월간,1,2024-01-01
2월,754805,-25.1,76905841,-14.0,406465,-40.3,133366845,-4.4,348340,대구,2024,월간,2,2024-02-01
3월,816031,-29.0,84176458,-16.6,547869,-39.2,141218400,-16.7,268162,대구,2024,월간,3,2024-03-01
4월,843122,-16.2,87430942,-4.2,592636,-36.9,178493052,-46.8,250486,대구,2024,월간,4,2024-04-01
5월,730592,-30.1,82035422,-9.2,543077,-35.1,164078494,2.5,187515,대구,2024,월간,5,2024-05-01
6월,750793,-20.5,81617458,-2.4,447377,-38.9,154055566,0.3,303416,대구,2024,월간,6,2024-06-01
7월,719689,-15.9,78180581,7.3,451074,-35.0,149747210,-4.0,268615,대구,2024,월간,7,2024-07-01
8월,693173,-19.8,75719888,-3.1,484099,-28.8,146947045,9.7,209074,대구,2024,월간,8,2024-08-01
9월,617453,-26.8,72624017,-9.8,416506,-25.4,141995238,3.3,200947,대구,2024,월간,9,2024-09-01
10월,728106,-6.1,81806072,8.8,408997,-20.4,146683193,-1.5,319109,대구,2024,월간,10,2024-10-01
11월,677906,-23.4,78133199,-7.8,454733,-22.0,164078279,0.6,223173,대구,2024,월간,11,2024-11-01
12월,727371,-9.2,90548338,10.3,440126,-17.6,154069315,11.8,287245,대구,2024,월간,12,2024-12-01
1월,840077,5.3,82221212,-9.9,701737,30.7,147335418,25.5,138340,대구,2023,월간,1,2023-01-01
2월,1008070,48.4,89461397,15.7,681225,53.1,139469149,6.4,326845,대구,2023,월간,2,2023-02-01
3월,1148790,31.8,100952449,8.2,901410,48.4,169562429,24.3,247380,대구,2023,월간,3,2023-03-01
4월,1006324,17.1,91263157,-0.6,939585,57.7,335785866,152.0,66739,대구,2023,월간,4,2023-04-01
5월,1044463,16.6,90341662,-7.7,836279,18.4,160053032,8.4,208184,대구,2023,월간,5,2023-05-01
6월,943830,5.1,83605099,2.3,732336,-6.9,153518899,6.1,211494,대구,2023,월간,6,2023-06-01
7월,855957,-10.1,72887936,-13.9,693458,-4.9,155918895,4.0,162499,대구,2023,월간,7,2023-07-01
8월,864062,-8.7,78132566,-5.8,679798,-10.4,133957549,-3.9,184264,대구,2023,월간,8,2023-08-01
9월,843757,-6.2,80518236,-7.1,558323,-18.3,137453573,-2.3,285434,대구,2023,월간,9,2023-09-01
10월,775545,-10.9,75159256,-17.0,514039,-30.4,148875441,14.1,261506,대구,2023,월간,10,2023-10-01
11월,884688,-11.5,84753386,-0.8,583154,-25.8,163112249,-25.1,301534,대구,2023,월간,11,2023-11-01
12월,800737,-17.5,82079708,-11.2,534077,-27.9,137857881,-4.1,266660,대구,2023,월간,12,2023-12-01
1월,797995,32.8,91277904,18.5,536728,53.0,117389041,-14.4,261267,대구,2022,월간,1,2022-01-01
2월,679347,22.4,77317661,-0.5,444815,32.1,131043840,16.2,234532,대구,2022,월간,2,2022-02-01
3월,871635,24.3,93300853,2.3,607296,35.1,136369541,-16.0,264339,대구,2022,월간,3,2022-03-01
4월,859665,32.8,91823837,12.6,595942,37.8,133237513,-9.2,263723,대구,2022,월간,4,2022-04-01
5월,895491,40.8,97856554,10.8,706177,73.8,147608445,6.4,189314,대구,2022,월간,5,2022-05-01
6월,898167,34.6,81716292,-7.5,786992,67.1,144733052,10.9,111175,대구,2022,월간,6,2022-06-01
7월,951790,35.7,84646747,-7.9,729253,60.7,149860815,-6.0,222537,대구,2022,월간,7,2022-07-01
8월,946810,64.4,82980988,4.0,759123,76.4,139362698,4.7,187687,대구,2022,월간,8,2022-08-01
9월,899884,42.4,86639772,9.6,683130,60.8,140646095,12.5,216754,대구,2022,월간,9,2022-09-01
10월,870795,32.4,90596661,5.4,738722,59.5,130459024,-8.4,132073,대구,2022,월간,10,2022-10-01
11월,999278,33.8,85474197,-1.8,785705,59.4,217670032,61.1,213573,대구,2022,월간,11,2022-11-01
12월,970296,19.4,92419555,3.2,741126,40.2,143753079,1.9,229170,대구,2022,월간,12,2022-12-01
1월,600723,6.1,77055485,-10.9,350714,-8.4,137201125,-10.4,250009,대구,2021,월간,1,2021-01-01
2월,554954,-5.1,77741775,-17.5,336661,34.8,112806747,14.8,218293,대구,2021,월간,2,2021-02-01
3월,701155,15.6,91172252,-8.3,449513,29.9,162426793,7.1,251642,대구,2021,월간,3,2021-03-01
4월,647230,60.6,81578968,8.5,432517,22.0,146790770,-4.4,214713,대구,2021,월간,4,2021-04-01
5월,636011,82.5,88317512,42.9,406353,28.9,138724912,-4.2,229658,대구,2021,월간,5,2021-05-01
6월,667331,54.4,88351388,12.5,470866,29.8,130537153,-21.1,196465,대구,2021,월간,6,2021-06-01
7월,701611,30.4,91922221,9.6,453778,25.9,159469184,22.7,247833,대구,2021,월간,7,2021-07-01
8월,576025,31.4,79813390,9.9,430456,42.5,133106149,10.6,145569,대구,2021,월간,8,2021-08-01
9월,632043,10.5,79071861,2.2,424960,24.8,125012313,-6.9,207083,대구,2021,월간,9,2021-09-01
10월,657613,14.8,85925151,-2.1,463145,31.6,142434417,-5.0,194468,대구,2021,월간,10,2021-10-01
11월,746614,30.6,87046200,5.3,492802,41.9,135144599,-5.8,253812,대구,2021,월간,11,2021-11-01
12월,812366,28.9,89568785,5.7,528493,41.7,141005743,-5.1,283873,대구,2021,월간,12,2021-12-01
1월,566354,-19.5,86505109,-9.0,382893,-8.7,153109902,-10.4,183461,대구,2020,월간,1,2020-01-01
2월,584824,10.3,94182680,22.2,249694,-14.6,98266491,-20.7,335130,대구,2020,월간,2,2020-02-01
3월,606696,-11.8,99401561,-0.2,346147,2.0,151690779,-0.9,260549,대구,2020,월간,3,2020-03-01
4월,402954,-36.0,75186091,-22.2,354511,-7.9,153554009,-6.2,48443,대구,2020,월간,4,2020-04-01
5월,348574,-46.1,61789546,-39.3,315362,-9.2,144752167,-16.1,33212,대구,2020,월간,5,2020-05-01
6월,432247,-25.4,78539695,-9.4,362645,5.3,165359982,14.7,69602,대구,2020,월간,6,2020-06-01
7월,538166,-14.7,83847645,-13.7,360382,-1.0,129989579,-20.7,177784,대구,2020,월간,7,2020-07-01
8월,438485,-24.1,72649367,-20.2,301976,-12.8,120336330,-6.2,136509,대구,2020,월간,8,2020-08-01
9월,571754,-1.6,77350804,-13.0,340431,-1.5,134324225,-6.9,231323,대구,2020,월간,9,2020-09-01
10월,572723,-14.3,87747322,-15.8,351870,-10.2,149932871,-11.5,220853,대구,2020,월간,10,2020-10-01
11월,571555,-4.5,82656569,-11.9,347297,-5.3,143523464,-10.6,224258,대구,2020,월간,11,2020-11-01
12월,630369,-4.0,84703997,-9.2,372837,-12.6,148634941,-11.3,257532,대구,2020,월간,12,2020-12-01
1월,703294,6.5,95056622,4.9,419526,6.5,170955436,5.2,283768,대구,2019,월간,1,2019-01-01
2월,530296,-3.7,77056511,-1.0,292301,-18.2,123878766,-16.5,237995,대구,2019,월간,2,2019-02-01
3월,687767,-5.9,99637395,1.8,339364,-12.2,153020227,-6.5,348403,대구,2019,월간,3,2019-03-01
4월,629964,-10.1,96693798,-0.6,384864,-7.8,163738444,-8.2,245100,대구,2019,월간,4,2019-04-01
5월,646220,-11.6,101847126,5.7,347506,-18.2,172582772,-5.0,298714,대구,2019,월간,5,2019-05-01
6월,579387,-14.8,86694925,-7.6,344250,-13.2,144188674,-9.2,235137,대구,2019,월간,6,2019-06-01
7월,631140,-9.8,97154081,-2.3,364124,-9.6,163953151,3.7,267016,대구,2019,월간,7,2019-07-01
8월,577634,-9.8,91080690,2.7,346268,-7.9,128293120,-13.6,231366,대구,2019,월간,8,2019-08-01
9월,581048,-9.9,88955322,8.8,345485,-2.7,144345709,1.2,235563,대구,2019,월간,9,2019-09-01
10월,668519,-13.4,104250997,1.1,391959,-3.5,169430813,6.5,276560,대구,2019,월간,10,2019-10-01
11월,598396,-10.5,93803316,-0.8,366732,-1.9,160602520,-1.6,231664,대구,2019,월간,11,2019-11-01
12월,656841,5.3,93336484,6.4,426705,17.9,167644913,4.7,230136,대구,2019,월간,12,2019-12-01
1월,660539,34.0,90621180,2.8,393976,17.7,162541870,-1.6,266563,대구,2018,월간,1,2018-01-01
2월,550662,-1.2,77803334,-12.4,357319,15.0,148380570,-4.8,193343,대구,2018,월간,2,2018-02-01
3월,730868,16.4,97855366,0.5,386310,0.9,163688517,-22.4,344558,대구,2018,월간,3,2018-03-01
4월,701082,20.3,97311539,13.6,417553,9.9,178302071,-3.0,283529,대구,2018,월간,4,2018-04-01
5월,730674,23.3,96334326,10.2,424705,9.8,181651153,-6.2,305969,대구,2018,월간,5,2018-05-01
6월,680006,13.1,93815748,8.5,396526,0.5,158787372,-16.2,283480,대구,2018,월간,6,2018-06-01
7월,699800,16.6,99453885,13.5,402717,9.7,158166038,-9.2,297083,대구,2018,월간,7,2018-07-01
8월,640429,14.2,88670703,4.0,376086,6.0,148562125,-12.1,264343,대구,2018,월간,8,2018-08-01
9월,644803,-4.3,81729882,-19.0,355090,-6.8,142574696,-18.2,289713,대구,2018,월간,9,2018-09-01
10월,771536,44.9,103109136,19.2,406219,18.2,159025095,-3.1,365317,대구,2018,월간,10,2018-10-01
11월,668312,-7.1,94532851,-5.8,373832,-7.8,163156269,-9.4,294480,대구,2018,월간,11,2018-11-01
12월,623830,-7.0,87716850,-7.3,362030,-8.8,160141766,-8.2,261800,대구,2018,월간,12,2018-12-01
1월,493112,-5.2,88191952,-2.4,334746,-0.8,165165335,-15.4,158366,대구,2017,월간,1,2017-01-01
2월,557501,9.8,88811259,4.6,310809,-3.3,155933010,-4.6,246692,대구,2017,월간,2,2017-02-01
3월,627716,1.4,97341440,2.0,382712,-2.7,210976891,-6.4,245004,대구,2017,월간,3,2017-03-01
4월,582787,0.6,85694211,-3.7,379962,4.1,183897516,-1.2,202825,대구,2017,월간,4,2017-04-01
5월,592427,5.0,87420152,-1.7,386684,7.0,193559181,-1.4,205743,대구,2017,월간,5,2017-05-01
6월,601200,3.5,86481257,-3.7,394707,5.6,189553422,-8.8,206493,대구,2017,월간,6,2017-06-01
7월,600367,-0.6,87630222,-4.5,367080,-4.7,174247640,-6.8,233287,대구,2017,월간,7,2017-07-01
8월,560922,2.0,85241993,1.5,354919,-11.1,169004723,-14.6,206003,대구,2017,월간,8,2017-08-01
9월,674093,13.8,100848096,11.4,380826,9.4,174307194,-2.6,293267,대구,2017,월간,9,2017-09-01
10월,532471,-8.1,86523021,-5.1,343684,1.1,164090218,-17.0,188787,대구,2017,월간,10,2017-10-01
11월,719412,21.4,100349232,3.9,405538,7.6,180077830,-4.6,313874,대구,2017,월간,11,2017-11-01
12월,670858,7.3,94592197,-8.0,396963,11.3,174385717,-4.7,273895,대구,2017,월간,12,2017-12-01
1월,520186,-14.7,90340054,0.6,337607,18.5,195287913,34.4,182579,대구,2016,월간,1,2016-01-01
2월,507769,-4.0,84931170,5.3,321419,27.7,163392496,37.8,186350,대구,2016,월간,2,2016-02-01
3월,619254,-1.4,95422422,5.0,393362,43.4,225291447,78.6,225892,대구,2016,월간,3,2016-03-01
4월,579200,-5.9,88998192,-8.0,365028,15.1,186198779,15.0,214172,대구,2016,월간,4,2016-04-01
5월,564326,6.2,88967791,10.5,361365,30.4,196255072,42.4,202961,대구,2016,월간,5,2016-05-01
6월,580712,0.6,89788730,-1.4,373643,20.1,207842466,34.0,207069,대구,2016,월간,6,2016-06-01
7월,604288,-2.0,91750791,-0.6,385207,30.4,186970256,15.3,219081,대구,2016,월간,7,2016-07-01
8월,549771,11.2,83975768,5.9,399359,25.0,197957111,24.1,150412,대구,2016,월간,8,2016-08-01
9월,592566,-4.6,90545846,-9.3,348050,3.5,179029160,1.6,244516,대구,2016,월간,9,2016-09-01
10월,579118,-8.6,91163733,-13.1,339923,-20.0,197642773,-18.1,239195,대구,2016,월간,10,2016-10-01
11월,592792,6.9,96593708,11.6,377001,-3.6,188791054,-11.0,215791,대구,2016,월간,11,2016-11-01
12월,625133,-8.0,102845553,-5.7,356750,-9.4,183031848,-18.7,268383,대구,2016,월간,12,2016-12-01
1월,609500,1.3,89775699,-6.8,284850,-5.6,145294071,-10.1,324650,대구,2015,월간,1,2015-01-01
2월,528769,-13.9,80683658,-11.5,251728,-3.2,118573045,-16.4,277041,대구,2015,월간,2,2015-02-01
3월,627922,-6.9,90904804,-4.1,274296,-16.2,126138949,-19.5,353626,대구,2015,월간,3,2015-03-01
4월,615775,-12.9,96731607,0.6,317201,-9.7,161862234,4.3,298574,대구,2015,월간,4,2015-04-01
5월,531227,-21.8,80543639,-21.1,277207,-13.6,137831027,-21.6,254020,대구,2015,월간,5,2015-05-01
6월,577358,-7.4,91102198,0.4,311028,0.4,155107198,2.9,266330,대구,2015,월간,6,2015-06-01
7월,616626,-12.8,92292829,-7.7,295427,-10.5,162173799,0.2,321199,대구,2015,월간,7,2015-07-01
8월,494419,-17.1,79282122,-8.7,319436,12.2,159514625,11.4,174983,대구,2015,월간,8,2015-08-01
9월,620905,3.8,99854907,7.2,336193,7.6,176264153,14.9,284712,대구,2015,월간,9,2015-09-01
10월,633597,-4.2,104918249,4.9,424851,37.2,241200303,53.8,208746,대구,2015,월간,10,2015-10-01
11월,554658,-8.9,86591629,-5.5,391092,39.1,212196205,60.4,163566,대구,2015,월간,11,2015-11-01
12월,679686,-7.4,109054213,-0.2,393624,34.6,225157318,51.3,286062,대구,2015,월간,12,2015-12-01
1월,601539,16.7,96359433,34.6,301620,-3.9,161544626,7.8,299919,대구,2014,월간,1,2014-01-01
2월,613941,32.5,91176204,36.6,260106,2.8,141865434,13.0,353835,대구,2014,월간,2,2014-02-01
3월,674260,18.4,94802547,17.4,327444,20.2,156662485,25.6,346816,대구,2014,월간,3,2014-03-01
4월,707010,11.3,96132360,10.5,351221,9.1,155241866,-2.7,355789,대구,2014,월간,4,2014-04-01
5월,679513,3.4,102022554,19.4,320663,5.6,175896772,19.0,358850,대구,2014,월간,5,2014-05-01
6월,623769,11.4,90777114,19.6,309720,15.9,150774394,19.5,314049,대구,2014,월간,6,2014-06-01
7월,707382,16.6,100017848,26.6,329918,4.9,161912878,3.8,377464,대구,2014,월간,7,2014-07-01
8월,596681,13.3,86806789,22.0,284610,-0.4,143174681,7.6,312071,대구,2014,월간,8,2014-08-01
9월,598394,13.3,93105350,34.8,312508,2.3,153389751,7.9,285886,대구,2014,월간,9,2014-09-01
10월,661540,2.7,100052004,13.4,309691,5.4,156874886,5.5,351849,대구,2014,월간,10,2014-10-01
11월,608773,-3.2,91655196,-2.1,281228,-5.2,132297474,-15.4,327545,대구,2014,월간,11,2014-11-01
12월,734322,8.7,109296495,10.9,292460,-3.6,148781590,-3.8,441862,대구,2014,월간,12,2014-12-01
1월,515239,7.7,71598401,4.1,313887,-2.0,149801414,15.6,201352,대구,2013,월간,1,2013-01-01
2월,463258,-22.4,66726974,-23.8,253031,-19.4,125585200,24.7,210227,대구,2013,월간,2,2013-02-01
3월,569472,-8.6,80731968,-12.7,272463,-25.8,124702351,-1.4,297009,대구,2013,월간,3,2013-03-01
4월,635260,11.1,87021663,-1.7,322012,-3.3,159572920,14.1,313248,대구,2013,월간,4,2013-04-01
5월,657213,6.4,85417801,-9.0,303647,-7.6,147787328,14.1,353566,대구,2013,월간,5,2013-05-01
6월,560071,-0.6,75895001,-4.6,267150,-7.7,126154056,11.1,292921,대구,2013,월간,6,2013-06-01
7월,606885,-2.9,78985685,-11.1,314527,-1.7,155961651,21.9,292358,대구,2013,월간,7,2013-07-01
8월,526772,-10.1,71162347,-8.8,285847,2.8,133090622,22.9,240925,대구,2013,월간,8,2013-08-01
9월,528313,-12.3,69044001,-7.8,305446,0.5,142108859,10.9,222867,대구,2013,월간,9,2013-09-01
10월,644112,10.2,88237807,15.4,293773,-4.9,148690986,9.8,350339,대구,2013,월간,10,2013-10-01
11월,629200,6.7,93666939,22.2,296514,-4.4,156306083,4.8,332686,대구,2013,월간,11,2013-11-01
12월,675840,23.8,98565464,31.8,303326,-1.6,154598647,23.2,372514,대구,2013,월간,12,2013-12-01
1월,478212,4.5,68770511,0.6,320130,12.6,129612780,19.3,158082,대구,2012,월간,1,2012-01-01
2월,596638,49.2,87516336,39.4,313785,31.8,100730546,-9.8,282853,대구,2012,월간,2,2012-02-01
3월,623261,14.4,92497916,11.6,367003,17.7,126493762,5.5,256258,대구,2012,월간,3,2012-03-01
4월,571876,4.6,88496725,16.4,333157,5.8,139872801,2.0,238719,대구,2012,월간,4,2012-04-01
5월,617490,12.0,93851344,25.7,328724,1.6,129476684,4.4,288766,대구,2012,월간,5,2012-05-01
6월,563270,2.0,79525528,5.0,289548,-11.9,113593513,-20.9,273722,대구,2012,월간,6,2012-06-01
7월,624864,15.3,88865727,15.2,320062,-1.2,127939361,-6.5,304802,대구,2012,월간,7,2012-07-01
8월,585692,15.1,78065171,7.0,277954,-13.4,108263546,-22.5,307738,대구,2012,월간,8,2012-08-01
9월,602478,3.6,74879702,-8.2,303923,-11.4,128123431,12.2,298555,대구,2012,월간,9,2012-09-01
10월,584682,3.5,76457630,-7.1,308820,5.1,135398666,8.4,275862,대구,2012,월간,10,2012-10-01
11월,589822,6.0,76636865,-2.2,310089,-5.7,149104856,17.6,279733,대구,2012,월간,11,2012-11-01
12월,545853,-3.4,74797796,-13.7,308394,7.4,125515059,24.5,237459,대구,2012,월간,12,2012-12-01
1월,457789,29.7,68352970,16.9,284316,36.9,108609617,21.1,173473,대구,2011,월간,1,2011-01-01
2월,399976,20.3,62792480,9.6,238100,14.2,111653769,12.4,161876,대구,2011,월간,2,2011-02-01
3월,544768,32.2,82904572,19.1,311716,26.8,119949918,-2.1,233052,대구,2011,월간,3,2011-03-01
4월,546577,21.4,76003388,6.7,314865,25.8,137144853,13.1,231712,대구,2011,월간,4,2011-04-01
5월,551356,23.6,74634244,14.6,323530,30.5,124067182,-9.5,227826,대구,2011,월간,5,2011-05-01
6월,552139,23.5,75721474,16.1,328523,29.1,143679411,23.5,223616,대구,2011,월간,6,2011-06-01
7월,542154,15.2,77124644,13.5,323809,21.4,136813198,-10.5,218345,대구,2011,월간,7,2011-07-01
8월,508940,28.4,72980231,26.0,320969,21.3,139693671,-11.1,187971,대구,2011,월간,8,2011-08-01
9월,581307,34.5,81524173,35.5,343068,32.2,114192753,-0.9,238239,대구,2011,월간,9,2011-09-01
10월,564715,21.4,82266054,13.4,293922,8.8,124920172,-17.0,270793,대구,2011,월간,10,2011-10-01
11월,556260,18.5,78378277,10.5,328920,10.7,126768372,-1.6,227340,대구,2011,월간,11,2011-11-01
12월,565177,9.0,86641956,7.4,287248,-5.3,100855798,-18.6,277929,대구,2011,월간,12,2011-12-01
1월,352996,54.9,58473150,57.6,207754,37.5,89677718,11.6,145242,대구,2010,월간,1,2010-01-01
2월,332601,16.8,57291145,10.2,208487,45.2,99318305,22.8,124114,대구,2010,월간,2,2010-02-01
3월,412173,36.1,69635594,22.0,245741,53.7,122483999,47.1,166432,대구,2010,월간,3,2010-03-01
4월,450165,36.0,71218963,20.5,250235,43.8,121308908,18.9,199930,대구,2010,월간,4,2010-04-01
5월,446166,51.6,65120220,14.9,247824,60.4,137157338,42.7,198342,대구,2010,월간,5,2010-05-01
6월,447198,37.9,65202074,10.1,254414,46.2,116344586,16.8,192784,대구,2010,월간,6,2010-06-01
7월,470615,32.0,67949664,0.6,266785,40.5,152814421,58.8,203830,대구,2010,월간,7,2010-07-01
8월,396347,38.7,57932881,4.5,264657,52.7,157171010,66.4,131690,대구,2010,월간,8,2010-08-01
9월,432103,16.3,60145951,0.7,259519,23.8,115257403,-4.3,172584,대구,2010,월간,9,2010-09-01
10월,465052,33.1,72568885,27.2,270228,37.0,150593683,50.6,194824,대구,2010,월간,10,2010-10-01
11월,469534,26.1,70905421,11.4,297061,44.3,128773233,25.4,172473,대구,2010,월간,11,2010-11-01
12월,518286,32.6,80683696,26.7,303178,28.5,123880939,-6.9,215108,대구,2010,월간,12,2010-12-01
1월,227885,-37.2,37090488,-40.9,151099,-41.2,80367308,-34.8,76786,대구,2009,월간,1,2009-01-01
2월,284789,-15.0,52006608,-14.4,143599,-37.9,80877935,-34.0,141190,대구,2009,월간,2,2009-02-01
3월,302888,-26.9,57080327,-18.1,159871,-43.8,83255909,-40.8,143017,대구,2009,월간,3,2009-03-01
4월,331015,-23.9,59094718,-22.7,173986,-41.2,101986129,-35.1,157029,대구,2009,월간,4,2009-04-01
5월,294323,-27.9,56677937,-21.5,154493,-46.7,96111166,-32.0,139830,대구,2009,월간,5,2009-05-01
6월,324262,-17.7,59223620,-0.7,174059,-33.2,99620263,-26.2,150203,대구,2009,월간,6,2009-06-01
7월,356589,-17.2,67528129,-9.9,189848,-35.4,96201752,-33.7,166741,대구,2009,월간,7,2009-07-01
8월,285837,-19.4,55443963,-7.0,173277,-37.1,94430076,-32.5,112560,대구,2009,월간,8,2009-08-01
9월,371454,-2.7,59747435,2.4,209585,-17.3,120385908,-0.4,161869,대구,2009,월간,9,2009-09-01
10월,349369,-10.6,57046542,-7.2,197187,-17.1,100022899,-9.1,152182,대구,2009,월간,10,2009-10-01
11월,372397,14.7,63647470,22.8,205893,5.7,102707545,18.4,166504,대구,2009,월간,11,2009-11-01
12월,390940,29.3,63670609,35.3,235884,28.4,133047340,45.8,155056,대구,2009,월간,12,2009-12-01
1월,362594,22.9,62780535,11.9,257128,9.2,123324405,-3.1,105466,대구,2008,월간,1,2008-01-01
2월,335003,18.0,60721062,21.0,231401,12.2,122617214,4.8,103602,대구,2008,월간,2,2008-02-01
3월,414150,22.2,69681580,11.8,284270,27.4,140610273,7.9,129880,대구,2008,월간,3,2008-03-01
4월,435177,27.7,76423191,19.5,296033,22.2,157226647,13.1,139144,대구,2008,월간,4,2008-04-01
5월,408048,17.3,72200763,12.3,289628,18.0,141285463,-5.1,118420,대구,2008,월간,5,2008-05-01
6월,394169,14.7,59663700,-6.8,260739,13.5,134994512,-9.4,133430,대구,2008,월간,6,2008-06-01
7월,430754,28.7,74942440,30.8,293839,20.7,145076764,18.0,136915,대구,2008,월간,7,2008-07-01
8월,354681,7.8,59598777,5.0,275590,23.7,139867362,34.4,79091,대구,2008,월간,8,2008-08-01
9월,381621,27.0,58328404,18.7,253578,28.1,120817955,16.0,128043,대구,2008,월간,9,2008-09-01
10월,390727,4.6,61457908,-0.3,238001,-13.8,110056473,-16.5,152726,대구,2008,월간,10,2008-10-01
11월,324705,-13.1,51823472,-14.7,194825,-27.0,86728077,-34.9,129880,대구,2008,월간,11,2008-11-01
12월,302407,-20.0,47057998,-24.5,183774,-29.3,91281639,-31.9,118633,대구,2008,월간,12,2008-12-01
1월,295125,23.6,56116431,8.7,235416,30.4,127257208,47.0,59709,대구,2007,월간,1,2007-01-01
2월,283923,13.2,50170642,-11.0,206148,1.5,117043078,4.7,77775,대구,2007,월간,2,2007-02-01
3월,338945,13.6,62346638,-2.5,223156,0.1,130304485,17.0,115789,대구,2007,월간,3,2007-03-01
4월,340892,21.8,63965343,10.3,242283,6.2,138978467,19.4,98609,대구,2007,월간,4,2007-04-01
5월,347732,13.5,64269946,9.5,245393,5.4,148944724,27.0,102339,대구,2007,월간,5,2007-05-01
6월,343589,5.2,63995427,-6.8,229791,3.4,149072128,13.2,113798,대구,2007,월간,6,2007-06-01
7월,334822,16.2,57275519,-4.2,243366,21.4,122930950,14.3,91456,대구,2007,월간,7,2007-07-01
8월,328908,12.4,56739491,-6.7,222815,3.9,104102415,-4.7,106093,대구,2007,월간,8,2007-08-01
9월,300549,-8.9,49137722,-21.0,197996,-14.4,104125998,-20.4,102553,대구,2007,월간,9,2007-09-01
10월,373635,31.0,61650225,15.6,276005,27.6,131732443,18.8,97630,대구,2007,월간,10,2007-10-01
11월,373617,14.2,60761604,1.6,267046,11.1,133159996,1.2,106571,대구,2007,월간,11,2007-11-01
12월,378116,17.6,62334537,10.1,259793,20.2,134100217,16.8,118323,대구,2007,월간,12,2007-12-01
1월,238834,1.7,51602580,0.7,180511,5.1,86557172,-23.1,58323,대구,2006,월간,1,2006-01-01
2월,250795,19.8,56383241,15.2,203112,46.7,111756271,66.0,47683,대구,2006,월간,2,2006-02-01
3월,298261,1.4,63961715,-0.6,222927,14.9,111370223,-13.2,75334,대구,2006,월간,3,2006-03-01
4월,279963,-4.5,58000892,-12.6,228092,17.0,116422369,1.4,51871,대구,2006,월간,4,2006-04-01
5월,306449,5.0,58670431,-14.4,232827,18.6,117235120,-9.6,73622,대구,2006,월간,5,2006-05-01
6월,326656,10.2,68681352,12.1,222185,14.9,131665771,8.3,104471,대구,2006,월간,6,2006-06-01
7월,288024,0.7,59794893,-15.9,200539,18.8,107507191,16.6,87485,대구,2006,월간,7,2006-07-01
8월,292673,12.5,60814914,-0.8,214370,17.8,109227777,4.8,78303,대구,2006,월간,8,2006-08-01
9월,329950,10.9,62194856,-4.6,231196,18.2,130798124,38.7,98754,대구,2006,월간,9,2006-09-01
10월,285295,-1.4,53351580,-15.6,216291,14.9,110843383,2.8,69004,대구,2006,월간,10,2006-10-01
11월,327268,14.0,59780475,-3.8,240299,27.3,131522919,16.9,86969,대구,2006,월간,11,2006-11-01
12월,321462,9.6,56630330,-9.8,216127,10.2,114829806,2.9,105335,대구,2006,월간,12,2006-12-01
1월,234738,11.6,51249239,1.2,171755,32.2,112597766,14.1,62983,대구,2005,월간,1,2005-01-01
2월,209313,-12.1,48940208,-16.4,138436,3.2,67328478,-26.2,70877,대구,2005,월간,2,2005-02-01
3월,294199,10.2,64349276,5.3,194018,13.2,128366025,19.8,100181,대구,2005,월간,3,2005-03-01
4월,293289,0.4,66339916,-0.1,194881,-5.2,114795523,1.0,98408,대구,2005,월간,4,2005-04-01
5월,291746,3.3,68506877,5.0,196392,32.4,129701934,19.1,95354,대구,2005,월간,5,2005-05-01
6월,296543,3.4,61260500,-5.5,193424,28.6,121563139,25.9,103119,대구,2005,월간,6,2005-06-01
7월,285902,2.4,71098455,4.3,168789,9.6,92191221,4.4,117113,대구,2005,월간,7,2005-07-01
8월,260105,11.6,61290481,7.1,181928,22.8,104203916,9.0,78177,대구,2005,월간,8,2005-08-01
9월,297454,14.3,65194623,-0.5,195663,38.9,94314070,4.7,101791,대구,2005,월간,9,2005-09-01
10월,289324,7.5,63208190,-3.9,188292,4.5,107795930,4.5,101032,대구,2005,월간,10,2005-10-01
11월,287187,9.2,62154862,-2.8,188765,10.4,112551498,13.7,98422,대구,2005,월간,11,2005-11-01
12월,293429,7.2,62764043,1.7,196104,5.1,111542134,-7.3,97325,대구,2005,월간,12,2005-12-01
1월,210326,4.3,50630268,0.6,129958,7.3,98703796,9.0,80368,대구,2004,월간,1,2004-01-01
2월,238103,27.7,58523040,10.2,134138,27.4,91266080,9.5,103965,대구,2004,월간,2,2004-02-01
3월,266884,19.5,61082344,0.2,171366,33.2,107152402,8.1,95518,대구,2004,월간,3,2004-03-01
4월,292077,22.5,66394136,13.2,205470,44.6,113656166,26.3,86607,대구,2004,월간,4,2004-04-01
5월,282444,15.1,65244632,12.1,148312,25.9,108931194,13.8,134132,대구,2004,월간,5,2004-05-01
6월,286708,22.1,64834688,11.5,150418,20.2,96571874,4.9,136290,대구,2004,월간,6,2004-06-01
7월,279334,15.3,68191056,10.5,153959,14.2,88301364,-14.4,125375,대구,2004,월간,7,2004-07-01
8월,233106,14.6,57211511,9.0,148204,31.3,95569298,25.5,84902,대구,2004,월간,8,2004-08-01
9월,260352,10.6,65494102,5.1,140879,8.6,90061222,0.1,119473,대구,2004,월간,9,2004-09-01
10월,269185,2.9,65745716,-4.0,180137,22.2,103117805,-8.8,89048,대구,2004,월간,10,2004-10-01
11월,262891,10.6,63949351,5.2,170986,23.0,98998018,7.4,91905,대구,2004,월간,11,2004-11-01
12월,273613,9.8,61729616,-0.7,186599,23.5,120365191,35.8,87014,대구,2004,월간,12,2004-12-01
1월,201595,12.1,50310760,-3.0,121126,15.9,90532996,3.9,80469,대구,2003,월간,1,2003-01-01
2월,186475,11.9,53097893,13.9,105285,19.3,83333354,10.2,81190,대구,2003,월간,2,2003-02-01
3월,223387,4.0,60942946,-6.4,128632,12.5,99103816,7.0,94755,대구,2003,월간,3,2003-03-01
4월,238342,4.4,58632450,-6.5,142063,12.9,89960243,5.1,96279,대구,2003,월간,4,2003-04-01
5월,245445,4.3,58190019,-9.3,117834,-8.0,95695206,-20.7,127611,대구,2003,월간,5,2003-05-01
6월,234851,3.8,58145097,-1.1,125190,14.2,92024513,3.3,109661,대구,2003,월간,6,2003-06-01
7월,242169,5.9,61736666,5.6,134803,17.5,103143088,10.5,107366,대구,2003,월간,7,2003-07-01
8월,203377,0.9,52479433,-2.9,112908,-1.5,76151362,-4.7,90469,대구,2003,월간,8,2003-08-01
9월,235340,18.6,62306585,21.0,129695,11.8,89993349,-10.1,105645,대구,2003,월간,9,2003-09-01
10월,261667,13.7,68465063,18.9,147380,14.1,113113599,1.6,114287,대구,2003,월간,10,2003-10-01
11월,237715,6.8,60768439,3.0,139019,13.3,92151729,-0.7,98696,대구,2003,월간,11,2003-11-01
12월,249136,10.0,62155127,7.1,151115,23.7,88634594,-13.5,98021,대구,2003,월간,12,2003-12-01
1월,179828,7.5,51867254,29.5,104540,8.3,87100615,39.3,75288,대구,2002,월간,1,2002-01-01
2월,166597,-17.7,46635600,-13.0,88278,-16.3,75620876,13.9,78319,대구,2002,월간,2,2002-02-01
3월,214747,-12.7,65089498,4.6,114291,-3.9,92629033,1.2,100456,대구,2002,월간,3,2002-03-01
4월,228264,2.2,62720530,17.8,125794,21.8,85605459,16.0,102470,대구,2002,월간,4,2002-04-01
5월,235362,5.8,64159870,10.1,128121,10.7,120745462,46.7,107241,대구,2002,월간,5,2002-05-01
6월,226246,7.5,58787775,-0.6,109638,5.3,89110326,3.6,116608,대구,2002,월간,6,2002-06-01
7월,228624,18.6,58438326,3.1,114720,19.6,93307056,26.9,113904,대구,2002,월간,7,2002-07-01
8월,201508,11.2,54061997,-1.3,114662,10.2,79875021,-0.7,86846,대구,2002,월간,8,2002-08-01
9월,198472,-2.9,51504415,-9.2,116033,16.2,100054066,36.1,82439,대구,2002,월간,9,2002-09-01
10월,230181,28.3,57606200,17.8,129180,18.6,111317611,14.6,101001,대구,2002,월간,10,2002-10-01
11월,222588,8.2,59020655,5.2,122703,11.5,92826999,15.0,99885,대구,2002,월간,11,2002-11-01
12월,226405,14.9,58038666,8.7,122149,18.1,102415072,28.0,104256,대구,2002,월간,12,2002-12-01
1월,167250,-18.4,40057667,-13.2,96531,-13.5,62518512,-14.3,70719,대구,2001,월간,1,2001-01-01
2월,202464,6.1,53610870,16.3,105461,-7.3,66367719,-16.7,97003,대구,2001,월간,2,2001-02-01
3월,246100,-5.0,62238357,2.1,118909,-9.7,91547938,-16.6,127191,대구,2001,월간,3,2001-03-01
4월,223309,-10.4,53228456,-9.8,103268,-9.0,73790554,5.9,120041,대구,2001,월간,4,2001-04-01
5월,222398,-18.0,58288290,-6.6,115776,-4.3,82315282,-2.8,106622,대구,2001,월간,5,2001-05-01
6월,210447,-20.6,59119502,-0.1,104128,-9.4,85973296,15.9,106319,대구,2001,월간,6,2001-06-01
7월,192701,-22.5,56673868,4.0,95958,-24.9,73550643,-16.7,96743,대구,2001,월간,7,2001-07-01
8월,181225,-22.9,54800034,-0.1,104061,-16.8,80448939,-4.7,77164,대구,2001,월간,8,2001-08-01
9월,204480,-12.6,56709840,4.8,99895,-8.9,73527183,-5.6,104585,대구,2001,월간,9,2001-09-01
10월,179376,-26.9,48909403,-12.8,108934,-7.8,97137196,36.7,70442,대구,2001,월간,10,2001-10-01
11월,205730,-10.4,56100278,8.8,110077,4.6,80690576,17.1,95653,대구,2001,월간,11,2001-11-01
12월,196964,-9.0,53399182,1.5,103396,0.2,79991410,4.7,93568,대구,2001,월간,12,2001-12-01
1월,204933,0.0,46146098,0.0,111556,0.0,72975912,0.0,93377,대구,2000,월간,1,2000-01-01
2월,190742,0.0,46101546,0.0,113746,0.0,79641239,0.0,76996,대구,2000,월간,2,2000-02-01
3월,259122,0.0,60968624,0.0,131653,0.0,109762674,0.0,127469,대구,2000,월간,3,2000-03-01
4월,249224,0.0,59032375,0.0,113542,0.0,69675562,0.0,135682,대구,2000,월간,4,2000-04-01
5월,271201,0.0,62375320,0.0,120967,0.0,84672100,0.0,150234,대구,2000,월간,5,2000-05-01
6월,265024,0.0,59186694,0.0,114915,0.0,74179734,0.0,150109,대구,2000,월간,6,2000-06-01
7월,248755,0.0,54490552,0.0,127775,0.0,88254259,0.0,120980,대구,2000,월간,7,2000-07-01
8월,234967,0.0,54837901,0.0,125057,0.0,84458001,0.0,109910,대구,2000,월간,8,2000-08-01
9월,233927,0.0,54091626,0.0,109600,0.0,77906195,0.0,124327,대구,2000,월간,9,2000-09-01
10월,245302,0.0,56108005,0.0,118123,0.0,71057029,0.0,127179,대구,2000,월간,10,2000-10-01
11월,229607,0.0,51568308,0.0,105261,0.0,68912102,0.0,124346,대구,2000,월간,11,2000-11-01
12월,216546,0.0,52594268,0.0,103140,0.0,76389664,0.0,113406,대구,2000,월간,12,2000-12-01
1월,460079,29.2,52020339,-1.3,328878,18.9,159785186,5.1,131201,대전,2026,월간,1,2026-01-01
2월,310182,-23.3,46894775,-18.5,305730,4.5,158462125,2.8,4452,대전,2026,월간,2,2026-02-01
3월,516727,8.9,60557851,14.1,411969,33.4,167284224,32.1,104758,대전,2026,월간,3,2026-03-01
4월,397592,-2.3,61241541,1.1,588745,27.0,181739292,9.4,-191153,대전,2026,월간,4,2026-04-01
5월,331511,4.3,50307180,-2.6,376359,22.2,151916446,17.0,-44848,대전,2026,월간,5,2026-05-01
6월,541723,6.3,53004323,-7.1,338301,-12.4,162841570,4.6,203422,대전,2026,월간,6,2026-06-01
7월,391202,4.8,55680256,-7.6,365112,10.4,208955727,61.2,26090,대전,2026,월간,7,2026-07-01
1월,355977,-5.6,52726915,4.4,276536,-20.2,152026296,-30.9,79441,대전,2025,월간,1,2025-01-01
2월,404482,-2.3,57554391,18.6,292661,-2.8,154129957,-7.9,111821,대전,2025,월간,2,2025-02-01
3월,474529,38.9,53057062,1.9,308754,-1.4,126657714,-8.3,165775,대전,2025,월간,3,2025-03-01
4월,406941,23.3,60555964,5.9,463465,52.5,166087908,3.7,-56524,대전,2025,월간,4,2025-04-01
5월,317840,-17.2,51641092,-9.9,308015,-41.8,129891327,-32.8,9825,대전,2025,월간,5,2025-05-01
6월,509836,23.6,57073612,1.8,386194,4.6,155643460,14.3,123642,대전,2025,월간,6,2025-06-01
7월,373461,-0.1,60233592,6.0,330791,2.4,129659453,-17.3,42670,대전,2025,월간,7,2025-07-01
8월,335128,-10.1,51260207,3.8,329682,-37.2,153880027,-4.1,5446,대전,2025,월간,8,2025-08-01
9월,475499,39.5,58640684,12.0,367627,12.0,149855077,30.6,107872,대전,2025,월간,9,2025-09-01
10월,419588,-8.4,49355208,-18.9,356788,-1.0,181025779,-3.6,62800,대전,2025,월간,10,2025-10-01
11월,544089,26.2,51017625,1.2,290534,-2.5,99386948,-24.3,253555,대전,2025,월간,11,2025-11-01
12월,387258,8.3,58669811,5.7,441796,30.9,205975569,41.9,-54538,대전,2025,월간,12,2025-12-01
1월,377012,20.0,50488844,-0.2,346328,-6.9,219979948,20.3,30684,대전,2024,월간,1,2024-01-01
2월,413837,8.2,48536511,-6.0,301051,-26.4,167284489,5.7,112786,대전,2024,월간,2,2024-02-01
3월,341744,-8.2,52046162,-0.3,313030,-10.8,138080574,-17.6,28714,대전,2024,월간,3,2024-03-01
4월,329976,-9.5,57194071,19.5,303868,-4.2,160154252,-6.1,26108,대전,2024,월간,4,2024-04-01
5월,383968,1.7,57334922,39.6,529458,55.2,193428768,2.4,-145490,대전,2024,월간,5,2024-05-01
6월,412338,2.7,56086925,27.7,369097,3.2,136198183,-19.3,43241,대전,2024,월간,6,2024-06-01
7월,373933,19.3,56847243,23.0,322957,-27.7,156792212,-18.7,50976,대전,2024,월간,7,2024-07-01
8월,372621,20.2,49376550,-1.6,525056,34.0,160410360,-3.7,-152435,대전,2024,월간,8,2024-08-01
9월,340754,9.4,52376868,21.1,328340,14.9,114702661,-26.7,12414,대전,2024,월간,9,2024-09-01
10월,457830,13.0,60820492,11.8,360293,-20.4,187821324,21.9,97537,대전,2024,월간,10,2024-10-01
11월,431032,36.2,50402142,-2.3,297992,-18.3,131254308,-49.5,133040,대전,2024,월간,11,2024-11-01
12월,357439,-12.6,55508471,13.1,337463,-27.5,145200104,-29.2,19976,대전,2024,월간,12,2024-12-01
1월,314211,-25.1,50602677,-13.1,372029,1.2,182851766,-7.8,-57818,대전,2023,월간,1,2023-01-01
2월,382553,3.0,51610936,-5.9,408959,27.9,158331006,10.0,-26406,대전,2023,월간,2,2023-02-01
3월,372283,-15.3,52193770,-6.7,350948,-9.3,167600787,-17.0,21335,대전,2023,월간,3,2023-03-01
4월,364513,-9.8,47852702,-18.0,317268,-10.5,170610082,-9.4,47245,대전,2023,월간,4,2023-04-01
5월,377511,-24.5,41061778,-37.5,341245,-25.5,188939726,6.2,36266,대전,2023,월간,5,2023-05-01
6월,401558,2.8,43937579,-21.8,357721,-4.2,168871570,-20.4,43837,대전,2023,월간,6,2023-06-01
7월,313455,-31.7,46225184,-21.9,446971,21.5,192807197,20.5,-133516,대전,2023,월간,7,2023-07-01
8월,310119,-9.5,50158621,-8.2,391764,5.3,166653027,7.0,-81645,대전,2023,월간,8,2023-08-01
9월,311509,-5.4,43259389,-11.0,285724,-25.9,156494330,-15.1,25785,대전,2023,월간,9,2023-09-01
10월,405304,16.5,54397475,26.7,452820,37.0,154074551,-1.7,-47516,대전,2023,월간,10,2023-10-01
11월,316413,-5.6,51564012,2.0,364559,-2.4,259722212,78.2,-48146,대전,2023,월간,11,2023-11-01
12월,408906,18.5,49099040,2.1,465772,21.9,205123594,2.3,-56866,대전,2023,월간,12,2023-12-01
1월,419276,4.8,58198314,2.9,367456,37.3,198407909,64.0,51820,대전,2022,월간,1,2022-01-01
2월,371554,-6.5,54836093,-5.1,319750,31.4,143931716,66.0,51804,대전,2022,월간,2,2022-02-01
3월,439778,-8.8,55953003,-28.4,387101,28.0,201867721,86.6,52677,대전,2022,월간,3,2022-03-01
4월,403990,8.6,58361502,4.8,354674,16.1,188309226,48.6,49316,대전,2022,월간,4,2022-04-01
5월,499891,34.2,65697275,27.2,458290,44.3,177896173,59.3,41601,대전,2022,월간,5,2022-05-01
6월,390776,-9.3,56152362,3.4,373319,29.7,212100523,63.8,17457,대전,2022,월간,6,2022-06-01
7월,458629,10.6,59203513,0.3,367971,4.7,159946775,80.1,90658,대전,2022,월간,7,2022-07-01
8월,342632,-18.5,54618189,0.0,372199,13.0,155797308,27.8,-29567,대전,2022,월간,8,2022-08-01
9월,329261,-18.8,48598513,-13.0,385665,25.7,184356883,82.3,-56404,대전,2022,월간,9,2022-09-01
10월,347776,-13.6,42950104,-26.8,330641,-3.2,156816556,10.2,17135,대전,2022,월간,10,2022-10-01
11월,335114,-21.3,50575767,-8.2,373626,5.0,145765750,-9.4,-38512,대전,2022,월간,11,2022-11-01
12월,344983,-19.6,48110344,-17.9,381988,-5.4,200508776,3.7,-37005,대전,2022,월간,12,2022-12-01
1월,399927,-13.2,56564111,-22.7,267570,-31.7,120954195,8.6,132357,대전,2021,월간,1,2021-01-01
2월,397203,6.8,57782417,-37.6,243372,6.8,86694442,9.4,153831,대전,2021,월간,2,2021-02-01
3월,482072,18.6,78137262,-20.1,302510,12.7,108157959,9.9,179562,대전,2021,월간,3,2021-03-01
4월,371889,16.5,55686994,-18.1,305574,3.4,126705973,37.9,66315,대전,2021,월간,4,2021-04-01
5월,372481,11.5,51652445,-25.2,317526,19.5,111692671,3.9,54955,대전,2021,월간,5,2021-05-01
6월,430623,10.5,54321759,-24.3,287921,-3.0,129453060,36.1,142702,대전,2021,월간,6,2021-06-01
7월,414642,-10.8,59038106,-19.7,351394,15.9,88827068,-37.4,63248,대전,2021,월간,7,2021-07-01
8월,420532,3.2,54625362,-21.6,329516,18.4,121883698,57.8,91016,대전,2021,월간,8,2021-08-01
9월,405371,-18.5,55886751,-23.3,306730,10.0,101104925,-19.4,98641,대전,2021,월간,9,2021-09-01
10월,402728,-14.0,58652475,-22.7,341482,9.7,142293666,24.9,61246,대전,2021,월간,10,2021-10-01
11월,426004,-0.4,55117794,-30.5,355904,-6.0,160807337,97.4,70100,대전,2021,월간,11,2021-11-01
12월,429198,-8.7,58590703,-20.1,403636,24.2,193272420,78.0,25562,대전,2021,월간,12,2021-12-01
1월,461000,39.2,73195497,-16.7,391608,20.3,111352101,-13.6,69392,대전,2020,월간,1,2020-01-01
2월,371889,22.5,92598352,13.2,227788,-3.3,79213694,-28.9,144101,대전,2020,월간,2,2020-02-01
3월,406404,14.6,97846750,32.1,268433,-1.9,98378238,-12.8,137971,대전,2020,월간,3,2020-03-01
4월,319125,-14.0,67971932,-15.3,295545,3.4,91860891,-31.3,23580,대전,2020,월간,4,2020-04-01
5월,334112,-6.2,69025933,-10.6,265823,1.7,107457967,-10.3,68289,대전,2020,월간,5,2020-05-01
6월,389833,16.1,71782925,-12.5,296770,24.4,95132259,3.5,93063,대전,2020,월간,6,2020-06-01
7월,464871,42.0,73494023,-10.2,303271,12.9,141872012,20.2,161600,대전,2020,월간,7,2020-07-01
8월,407499,36.8,69659746,-6.4,278377,20.9,77241669,-24.3,129122,대전,2020,월간,8,2020-08-01
9월,497351,61.4,72864150,-8.0,278792,15.2,125442673,25.9,218559,대전,2020,월간,9,2020-09-01
10월,468516,35.2,75894731,-6.5,311398,15.6,113943234,-11.8,157118,대전,2020,월간,10,2020-10-01
11월,427739,24.2,79335727,-4.1,378623,42.2,81476851,-38.1,49116,대전,2020,월간,11,2020-11-01
12월,469847,26.6,73309586,-10.7,324942,18.3,108549769,3.4,144905,대전,2020,월간,12,2020-12-01
1월,331214,4.2,87891048,17.5,325573,-2.5,128918769,-14.0,5641,대전,2019,월간,1,2019-01-01
2월,303530,-0.4,81790033,27.6,235579,-17.5,111429328,2.4,67951,대전,2019,월간,2,2019-02-01
3월,354585,-13.5,74051096,-34.8,273697,0.4,112790689,13.9,80888,대전,2019,월간,3,2019-03-01
4월,371047,1.1,80230166,-5.6,285767,-1.6,133746370,5.4,85280,대전,2019,월간,4,2019-04-01
5월,356192,-18.0,77205260,-18.7,261380,-8.4,119761548,-11.9,94812,대전,2019,월간,5,2019-05-01
6월,335715,-10.8,82068671,5.0,238506,-14.8,91920049,-26.4,97209,대전,2019,월간,6,2019-06-01
7월,327435,-2.4,81824720,1.6,268715,-1.7,118021383,-7.6,58720,대전,2019,월간,7,2019-07-01
8월,297802,-9.7,74415671,3.0,230177,-14.2,102096688,-1.2,67625,대전,2019,월간,8,2019-08-01
9월,308172,-1.9,79191750,32.2,241971,5.9,99619896,10.9,66201,대전,2019,월간,9,2019-09-01
10월,346662,-37.3,81145418,3.4,269300,-17.3,129181156,3.0,77362,대전,2019,월간,10,2019-10-01
11월,344356,-15.8,82731646,-20.8,266251,-8.7,131631952,15.0,78105,대전,2019,월간,11,2019-11-01
12월,371216,2.3,82109804,-6.9,274655,-5.1,105029319,-12.7,96561,대전,2019,월간,12,2019-12-01
1월,317923,-24.7,74809954,2.9,333989,15.2,149953698,17.3,-16066,대전,2018,월간,1,2018-01-01
2월,304769,-13.3,64102499,-12.6,285705,9.9,108820284,-1.1,19064,대전,2018,월간,2,2018-02-01
3월,410020,-11.5,113608014,19.4,272523,-27.4,98988081,-21.0,137497,대전,2018,월간,3,2018-03-01
4월,367144,6.0,84976076,-4.2,290527,-16.6,126878205,2.6,76617,대전,2018,월간,4,2018-04-01
5월,434141,35.0,94928729,14.0,285313,16.6,135882302,19.4,148828,대전,2018,월간,5,2018-05-01
6월,376436,2.6,78154613,0.5,279825,-10.5,124976186,30.6,96611,대전,2018,월간,6,2018-06-01
7월,335613,-1.5,80566820,8.0,273419,11.4,127697811,11.9,62194,대전,2018,월간,7,2018-07-01
8월,329875,0.7,72255029,5.8,268402,-0.1,103349429,9.7,61473,대전,2018,월간,8,2018-08-01
9월,314078,-28.7,59909803,-27.0,228556,-21.5,89823401,-31.5,85522,대전,2018,월간,9,2018-09-01
10월,552909,83.6,78473863,-12.4,325546,22.5,125367288,39.6,227363,대전,2018,월간,10,2018-10-01
11월,408895,7.1,104499357,34.9,291703,4.4,114475502,-1.3,117192,대전,2018,월간,11,2018-11-01
12월,362780,-7.2,88234446,-8.6,289364,-5.7,120243088,-4.1,73416,대전,2018,월간,12,2018-12-01
1월,422285,32.4,72718403,-2.1,289920,5.7,127800780,-6.6,132365,대전,2017,월간,1,2017-01-01
2월,351435,20.2,73308719,5.1,259958,-1.3,109976998,-4.7,91477,대전,2017,월간,2,2017-02-01
3월,463461,8.2,95170159,10.6,375528,21.0,125317169,-29.1,87933,대전,2017,월간,3,2017-03-01
4월,346203,4.0,88708507,13.8,348190,30.2,123678914,-12.3,-1987,대전,2017,월간,4,2017-04-01
5월,321577,-9.8,83305193,8.2,244603,-13.9,113787057,-39.3,76974,대전,2017,월간,5,2017-05-01
6월,366751,3.9,77796160,7.0,312767,2.9,95717562,-32.0,53984,대전,2017,월간,6,2017-06-01
7월,340735,3.5,74619960,13.9,245451,-8.0,114101521,-17.5,95284,대전,2017,월간,7,2017-07-01
8월,327590,0.2,68269302,-4.9,268577,-8.7,94212031,-47.8,59013,대전,2017,월간,8,2017-08-01
9월,440225,26.3,82106669,16.1,290973,6.1,131040667,-14.2,149252,대전,2017,월간,9,2017-09-01
10월,301079,-12.6,89546322,16.6,265805,-13.1,89807533,-50.0,35274,대전,2017,월간,10,2017-10-01
11월,381683,5.7,77451092,-1.6,279515,-8.2,115936442,-29.4,102168,대전,2017,월간,11,2017-11-01
12월,390897,5.4,96492404,30.7,306863,-6.4,125369790,-8.6,84034,대전,2017,월간,12,2017-12-01
1월,318965,-21.9,74252066,-0.8,274403,-13.4,136775655,-1.8,44562,대전,2016,월간,1,2016-01-01
2월,292412,-12.6,69731602,7.7,263437,-5.2,115368805,0.4,28975,대전,2016,월간,2,2016-02-01
3월,428147,12.2,86047058,17.7,310365,8.5,176709125,17.7,117782,대전,2016,월간,3,2016-03-01
4월,332968,-9.8,77948579,-1.0,267507,-5.1,140967365,15.5,65461,대전,2016,월간,4,2016-04-01
5월,356661,13.1,76963033,-5.4,284037,2.7,187338433,-3.4,72624,대전,2016,월간,5,2016-05-01
6월,352869,-3.2,72716486,-1.2,303943,-3.8,140751962,12.7,48926,대전,2016,월간,6,2016-06-01
7월,329145,-14.0,65510645,-15.3,266700,-3.6,138388487,-12.0,62445,대전,2016,월간,7,2016-07-01
8월,326853,9.8,71779099,2.6,294278,14.4,180627078,29.5,32575,대전,2016,월간,8,2016-08-01
9월,348444,-5.3,70722483,-12.7,274250,9.8,152660011,15.5,74194,대전,2016,월간,9,2016-09-01
10월,344654,-4.8,76811833,-4.9,305850,-9.1,179756126,13.5,38804,대전,2016,월간,10,2016-10-01
11월,361215,9.7,78689650,-7.5,304347,-13.4,164110640,15.0,56868,대전,2016,월간,11,2016-11-01
12월,370979,-5.8,73813492,-10.9,327791,-17.4,137239992,-40.4,43188,대전,2016,월간,12,2016-12-01
1월,408262,17.6,74854541,19.3,317004,9.4,139289051,17.2,91258,대전,2015,월간,1,2015-01-01
2월,334696,-2.5,64746565,4.9,277763,2.1,114888311,-23.2,56933,대전,2015,월간,2,2015-02-01
3월,381459,-4.6,73123098,1.5,286162,0.6,150083482,25.7,95297,대전,2015,월간,3,2015-03-01
4월,369153,-15.8,78721310,4.6,281788,-9.7,122019420,-15.7,87365,대전,2015,월간,4,2015-04-01
5월,315311,-12.6,81319129,22.8,276449,-8.3,194001621,48.7,38862,대전,2015,월간,5,2015-05-01
6월,364556,-7.5,73569427,4.4,316096,10.5,124902386,-26.6,48460,대전,2015,월간,6,2015-06-01
7월,382647,-9.6,77319298,8.9,276736,-6.3,157344097,11.0,105911,대전,2015,월간,7,2015-07-01
8월,297672,-19.3,69993594,7.7,257218,-2.5,139518719,18.9,40454,대전,2015,월간,8,2015-08-01
9월,368073,-6.8,81018068,16.2,249825,-18.4,132145652,-2.9,118248,대전,2015,월간,9,2015-09-01
10월,362082,-12.7,80737599,8.0,336593,8.3,158387013,-1.4,25489,대전,2015,월간,10,2015-10-01
11월,329254,-27.1,85058107,27.6,351624,26.5,142646154,36.7,-22370,대전,2015,월간,11,2015-11-01
12월,393787,-0.1,82797599,6.2,396695,10.8,230139659,30.7,-2908,대전,2015,월간,12,2015-12-01
1월,347285,12.0,62760419,-7.8,289638,-9.7,118821244,-34.8,57647,대전,2014,월간,1,2014-01-01
2월,343304,16.1,61695930,-17.1,271959,3.4,149681754,16.0,71345,대전,2014,월간,2,2014-02-01
3월,399707,20.6,72069065,0.1,284403,6.3,119436624,-9.8,115304,대전,2014,월간,3,2014-03-01
4월,438579,28.4,75229753,0.2,312223,10.7,144822231,21.4,126356,대전,2014,월간,4,2014-04-01
5월,360695,9.1,66205486,-11.1,301545,22.3,130481073,9.6,59150,대전,2014,월간,5,2014-05-01
6월,394287,32.9,70467391,7.8,286080,16.3,170059253,30.2,108207,대전,2014,월간,6,2014-06-01
7월,423326,1.5,71008304,3.2,295478,-4.1,141772024,-11.8,127848,대전,2014,월간,7,2014-07-01
8월,368910,19.3,65012385,3.9,263746,-1.2,117300751,-11.9,105164,대전,2014,월간,8,2014-08-01
9월,394733,17.8,69742465,-2.5,306116,20.0,136033743,34.8,88617,대전,2014,월간,9,2014-09-01
10월,414896,2.6,74747685,6.1,310823,5.1,160699881,6.1,104073,대전,2014,월간,10,2014-10-01
11월,451613,44.7,66660471,9.5,277932,3.8,104330858,-14.2,173681,대전,2014,월간,11,2014-11-01
12월,394193,13.9,77949814,13.1,357969,11.5,176097998,-3.7,36224,대전,2014,월간,12,2014-12-01
1월,310032,6.6,68087446,9.0,320666,61.1,182253141,149.5,-10634,대전,2013,월간,1,2013-01-01
2월,295713,-18.5,74394725,0.5,263056,27.1,128995365,55.6,32657,대전,2013,월간,2,2013-02-01
3월,331339,-38.6,71998160,-2.5,267628,13.8,132428609,48.2,63711,대전,2013,월간,3,2013-03-01
4월,341495,-8.1,75082314,1.4,282086,15.3,119335411,8.6,59409,대전,2013,월간,4,2013-04-01
5월,330683,1.0,74493772,-2.9,246574,-2.5,118998236,2.1,84109,대전,2013,월간,5,2013-05-01
6월,296706,-11.1,65395873,-1.9,245908,15.5,130570580,43.0,50798,대전,2013,월간,6,2013-06-01
7월,417123,13.4,68799062,-16.5,308266,28.8,160674690,13.2,108857,대전,2013,월간,7,2013-07-01
8월,309193,1.4,62570150,-9.5,266841,-6.2,133146459,-1.9,42352,대전,2013,월간,8,2013-08-01
9월,334989,-5.7,71520043,-5.1,255159,4.8,100901352,-15.8,79830,대전,2013,월간,9,2013-09-01
10월,404293,27.0,70453224,-8.0,295844,14.7,151525783,11.9,108449,대전,2013,월간,10,2013-10-01
11월,312018,-9.1,60875202,-13.5,267690,3.5,121590348,-10.2,44328,대전,2013,월간,11,2013-11-01
12월,346031,-3.3,68935574,-11.7,321156,22.7,182780975,57.8,24875,대전,2013,월간,12,2013-12-01
1월,290951,-11.9,62486340,-1.5,199034,-8.0,73058441,-11.9,91917,대전,2012,월간,1,2012-01-01
2월,362965,17.1,74053962,21.5,206914,1.9,82900522,1.8,156051,대전,2012,월간,2,2012-02-01
3월,539855,56.1,73822924,7.6,235242,-17.2,89370198,-34.9,304613,대전,2012,월간,3,2012-03-01
4월,371755,8.7,74053211,5.8,244639,-13.1,109841727,20.6,127116,대전,2012,월간,4,2012-04-01
5월,327333,-4.7,76693317,7.0,252811,-16.2,116590489,-9.6,74522,대전,2012,월간,5,2012-05-01
6월,333764,0.1,66660745,-3.1,212823,-22.2,91292605,-22.4,120941,대전,2012,월간,6,2012-06-01
7월,367884,6.5,82406998,22.2,239407,-3.1,141928567,27.6,128477,대전,2012,월간,7,2012-07-01
8월,305047,-9.3,69135859,9.3,284339,14.7,135667593,12.6,20708,대전,2012,월간,8,2012-08-01
9월,355249,6.8,75366015,12.8,243514,4.5,119856715,58.4,111735,대전,2012,월간,9,2012-09-01
10월,318307,-2.6,76554783,16.7,258022,-3.4,135446835,16.9,60285,대전,2012,월간,10,2012-10-01
11월,343253,-5.0,70359185,2.3,258548,0.1,135402548,36.9,84705,대전,2012,월간,11,2012-11-01
12월,357674,-13.8,78074388,4.7,261695,7.4,115864110,3.3,95979,대전,2012,월간,12,2012-12-01
1월,330362,34.3,63461154,0.2,216293,4.7,82913457,-5.2,114069,대전,2011,월간,1,2011-01-01
2월,310086,15.7,60973670,7.1,203127,10.0,81397406,-15.8,106959,대전,2011,월간,2,2011-02-01
3월,345737,27.5,68629542,3.5,284231,27.7,137251660,13.5,61506,대전,2011,월간,3,2011-03-01
4월,341866,20.3,69986453,4.4,281557,3.3,91080815,-23.5,60309,대전,2011,월간,4,2011-04-01
5월,343422,24.9,71695549,16.3,301609,33.3,128979011,4.4,41813,대전,2011,월간,5,2011-05-01
6월,333297,1.0,68759783,0.9,273620,9.9,117659025,-6.7,59677,대전,2011,월간,6,2011-06-01
7월,345512,14.5,67411345,15.2,247024,7.3,111268577,-3.8,98488,대전,2011,월간,7,2011-07-01
8월,336488,24.0,63268207,45.7,247813,13.3,120456410,-19.6,88675,대전,2011,월간,8,2011-08-01
9월,332646,9.7,66814371,9.4,232936,2.8,75690165,-29.8,99710,대전,2011,월간,9,2011-09-01
10월,326913,6.5,65589544,1.9,267181,16.0,115882141,18.9,59732,대전,2011,월간,10,2011-10-01
11월,361150,9.1,68771056,0.7,258275,7.1,98891050,-5.3,102875,대전,2011,월간,11,2011-11-01
12월,414699,16.0,74593735,-12.5,243569,-9.3,112187729,-18.9,171130,대전,2011,월간,12,2011-12-01
1월,245949,56.2,63324589,27.4,206496,37.0,87473876,29.2,39453,대전,2010,월간,1,2010-01-01
2월,268017,34.6,56908599,-6.9,184619,32.5,96633194,70.7,83398,대전,2010,월간,2,2010-02-01
3월,271272,39.3,66277890,5.0,222542,36.0,120883761,72.0,48730,대전,2010,월간,3,2010-03-01
4월,284283,28.3,67014905,-5.6,272444,45.4,119049968,18.5,11839,대전,2010,월간,4,2010-04-01
5월,274940,33.0,61658336,-6.5,226203,-5.6,123522015,34.3,48737,대전,2010,월간,5,2010-05-01
6월,330123,29.8,68178024,-0.5,249004,8.5,126079236,-10.8,81119,대전,2010,월간,6,2010-06-01
7월,301664,22.1,58520822,-18.2,230194,15.0,115631268,25.4,71470,대전,2010,월간,7,2010-07-01
8월,271282,19.2,43412615,-31.7,218747,20.6,149766191,65.4,52535,대전,2010,월간,8,2010-08-01
9월,303304,7.8,61098267,-10.2,226562,13.7,107874142,-9.6,76742,대전,2010,월간,9,2010-09-01
10월,306893,21.4,64343319,4.1,230303,15.2,97500409,-2.4,76590,대전,2010,월간,10,2010-10-01
11월,331177,1.0,68298057,13.9,241083,14.2,104476370,-1.2,90094,대전,2010,월간,11,2010-11-01
12월,357388,27.4,85211668,35.7,268580,17.5,138326622,21.9,88808,대전,2010,월간,12,2010-12-01
1월,157425,-35.3,49688978,-28.6,150684,-39.4,67730241,-38.6,6741,대전,2009,월간,1,2009-01-01
2월,199163,-6.0,61121953,-5.1,139321,-34.1,56607888,-43.8,59842,대전,2009,월간,2,2009-02-01
3월,194677,-26.0,63106292,-12.4,163587,-32.0,70291886,-39.8,31090,대전,2009,월간,3,2009-03-01
4월,221606,-18.2,70955142,-6.3,187316,-23.7,100504340,-5.4,34290,대전,2009,월간,4,2009-04-01
5월,206677,-24.4,65919966,-14.8,239665,-3.1,91968618,-23.0,-32988,대전,2009,월간,5,2009-05-01
6월,254340,-7.3,68546881,2.8,229502,7.4,141348171,47.9,24838,대전,2009,월간,6,2009-06-01
7월,247035,4.1,71544377,-0.5,200123,-19.6,92234250,-13.7,46912,대전,2009,월간,7,2009-07-01
8월,227620,4.0,63532792,13.7,181347,-29.6,90524966,-18.5,46273,대전,2009,월간,8,2009-08-01
9월,281256,2.0,68033567,-0.5,199252,-2.7,119311903,21.0,82004,대전,2009,월간,9,2009-09-01
10월,252758,-5.6,61816085,-3.0,199836,-20.9,99882557,15.3,52922,대전,2009,월간,10,2009-10-01
11월,327850,47.4,59984600,6.9,211089,2.1,105755733,28.2,116761,대전,2009,월간,11,2009-11-01
12월,280487,21.6,62787626,16.6,228669,29.7,113487410,65.1,51818,대전,2009,월간,12,2009-12-01
1월,243317,34.2,69637877,3.7,248616,3.5,110314742,0.3,-5299,대전,2008,월간,1,2008-01-01
2월,211816,31.2,64422557,4.1,211274,-2.7,100639480,5.4,542,대전,2008,월간,2,2008-02-01
3월,263120,15.3,72041414,-6.6,240677,9.5,116821942,19.5,22443,대전,2008,월간,3,2008-03-01
4월,270886,27.6,75715004,2.1,245486,8.1,106249645,-0.1,25400,대전,2008,월간,4,2008-04-01
5월,273373,30.7,77339497,4.7,247301,0.8,119484360,13.0,26072,대전,2008,월간,5,2008-05-01
6월,274411,12.1,66707624,-9.5,213704,-3.4,95557614,-17.8,60707,대전,2008,월간,6,2008-06-01
7월,237267,12.4,71925855,0.9,248890,12.7,106857275,7.5,-11623,대전,2008,월간,7,2008-07-01
8월,218838,-3.5,55866521,-17.8,257750,-2.4,111025040,13.9,-38912,대전,2008,월간,8,2008-08-01
9월,275638,38.8,68389885,3.7,204817,3.3,98620659,2.3,70821,대전,2008,월간,9,2008-09-01
10월,267850,10.7,63697066,-13.5,252728,-0.1,86634526,-14.9,15122,대전,2008,월간,10,2008-10-01
11월,222398,-4.1,56099671,-18.4,206812,-23.9,82474461,-28.6,15586,대전,2008,월간,11,2008-11-01
12월,230599,-1.2,53859370,-18.0,176250,-24.5,68749890,-39.9,54349,대전,2008,월간,12,2008-12-01
1월,181242,0.0,67168725,-1.6,240212,39.5,109959116,27.4,-58970,대전,2007,월간,1,2007-01-01
2월,161461,-5.4,61872371,-8.9,217159,19.7,95467571,7.4,-55698,대전,2007,월간,2,2007-02-01
3월,228174,26.3,77096504,6.3,219762,13.3,97752214,-1.2,8412,대전,2007,월간,3,2007-03-01
4월,212319,22.1,74168328,7.6,227090,14.6,106382721,20.7,-14771,대전,2007,월간,4,2007-04-01
5월,209202,-1.9,73855512,1.9,245459,31.5,105720524,2.3,-36257,대전,2007,월간,5,2007-05-01
6월,244830,-4.2,73733723,1.8,221259,3.8,116276974,15.8,23571,대전,2007,월간,6,2007-06-01
7월,211169,22.2,71318476,5.9,220820,19.7,99425591,12.3,-9651,대전,2007,월간,7,2007-07-01
8월,226779,2.9,67992322,5.1,264145,31.6,97445847,9.8,-37366,대전,2007,월간,8,2007-08-01
9월,198618,-7.9,65944617,-6.8,198220,-8.6,96367646,-8.3,398,대전,2007,월간,9,2007-09-01
10월,241884,39.5,73652172,9.9,253087,21.2,101743482,6.3,-11203,대전,2007,월간,10,2007-10-01
11월,231858,10.6,68732696,1.8,271742,29.9,115472233,17.1,-39884,대전,2007,월간,11,2007-11-01
12월,233294,2.0,65710933,5.1,233550,3.9,114470373,6.1,-256,대전,2007,월간,12,2007-12-01
1월,181254,10.9,68261521,-8.0,172191,-11.1,86293158,5.1,9063,대전,2006,월간,1,2006-01-01
2월,170695,10.2,67918796,-2.4,181365,24.2,88889531,25.5,-10670,대전,2006,월간,2,2006-02-01
3월,180610,0.7,72529940,-12.2,194019,-13.5,98982416,2.5,-13409,대전,2006,월간,3,2006-03-01
4월,173860,2.6,68929617,-14.3,198153,3.1,88150602,-1.7,-24293,대전,2006,월간,4,2006-04-01
5월,213301,22.1,72486967,-8.5,186606,6.0,103380920,14.4,26695,대전,2006,월간,5,2006-05-01
6월,255580,42.6,72449191,-6.0,213149,3.8,100440584,1.6,42431,대전,2006,월간,6,2006-06-01
7월,172756,7.3,67326052,-10.9,184514,5.1,88534220,4.8,-11758,대전,2006,월간,7,2006-07-01
8월,220474,7.3,64666262,-14.8,200770,8.5,88747315,4.0,19704,대전,2006,월간,8,2006-08-01
9월,215589,13.7,70747504,-8.2,216856,21.2,105113277,15.2,-1267,대전,2006,월간,9,2006-09-01
10월,173381,-1.4,66988438,-9.9,208813,3.0,95757535,6.8,-35432,대전,2006,월간,10,2006-10-01
11월,209583,2.9,67546693,-10.2,209125,6.7,98574187,-0.1,458,대전,2006,월간,11,2006-11-01
12월,228781,11.8,62505390,-18.6,224681,4.4,107907741,14.7,4100,대전,2006,월간,12,2006-12-01
1월,163397,34.1,74205615,21.5,193710,32.5,82102777,-2.3,-30313,대전,2005,월간,1,2005-01-01
2월,154911,8.0,69615973,1.0,145988,-7.2,70823908,7.7,8923,대전,2005,월간,2,2005-02-01
3월,179281,13.4,82579366,10.7,224362,19.8,96576052,16.6,-45081,대전,2005,월간,3,2005-03-01
4월,169495,12.0,80425910,13.2,192275,10.5,89659124,-10.1,-22780,대전,2005,월간,4,2005-04-01
5월,174730,18.8,79200324,18.2,176008,10.5,90334880,-16.0,-1278,대전,2005,월간,5,2005-05-01
6월,179180,14.2,77039098,0.7,205344,27.6,98891468,2.4,-26164,대전,2005,월간,6,2005-06-01
7월,161006,0.3,75558408,-0.3,175493,6.4,84470938,-5.0,-14487,대전,2005,월간,7,2005-07-01
8월,205475,45.1,75905554,9.3,185115,34.7,85309420,-3.5,20360,대전,2005,월간,8,2005-08-01
9월,189563,28.1,77039924,7.5,178960,13.7,91232924,24.2,10603,대전,2005,월간,9,2005-09-01
10월,175896,16.1,74333144,0.4,202712,27.0,89688539,7.7,-26816,대전,2005,월간,10,2005-10-01
11월,203756,18.1,75221968,1.5,196072,16.7,98664900,17.8,7684,대전,2005,월간,11,2005-11-01
12월,204664,10.8,76769972,-0.4,215263,-1.7,94041864,6.7,-10599,대전,2005,월간,12,2005-12-01
1월,121888,38.3,61049825,31.5,146237,12.1,84003303,24.8,-24349,대전,2004,월간,1,2004-01-01
2월,143490,56.5,68947310,29.9,157298,25.4,65789922,21.4,-13808,대전,2004,월간,2,2004-02-01
3월,158052,60.4,74626207,24.2,187346,57.9,82817616,19.3,-29294,대전,2004,월간,3,2004-03-01
4월,151294,58.2,71050298,25.9,173949,15.1,99751627,45.3,-22655,대전,2004,월간,4,2004-04-01
5월,147091,43.9,67001255,17.9,159339,15.7,107572567,25.1,-12248,대전,2004,월간,5,2004-05-01
6월,156922,65.0,76474281,47.4,160906,34.4,96596816,37.0,-3984,대전,2004,월간,6,2004-06-01
7월,160597,55.2,75815681,40.5,164991,22.9,88913100,16.1,-4394,대전,2004,월간,7,2004-07-01
8월,141570,72.6,69417937,52.9,137400,21.4,88418642,33.8,4170,대전,2004,월간,8,2004-08-01
9월,147999,17.0,71639318,16.1,157377,42.1,73448165,-11.7,-9378,대전,2004,월간,9,2004-09-01
10월,151517,-1.8,74066518,6.3,159640,9.3,83241579,6.5,-8123,대전,2004,월간,10,2004-10-01
11월,172553,28.1,74092046,16.0,167952,21.6,83730325,21.2,4601,대전,2004,월간,11,2004-11-01
12월,184784,17.0,77082158,10.8,218994,19.2,88170718,35.2,-34210,대전,2004,월간,12,2004-12-01
1월,88137,51.8,46434894,13.9,130412,-9.5,67321049,-11.7,-42275,대전,2003,월간,1,2003-01-01
2월,91674,41.8,53066410,15.6,125482,17.1,54173004,9.0,-33808,대전,2003,월간,2,2003-02-01
3월,98562,30.1,60065909,24.3,118679,-13.5,69425593,13.0,-20117,대전,2003,월간,3,2003-03-01
4월,95634,25.8,56417255,17.1,151119,25.0,68628694,8.6,-55485,대전,2003,월간,4,2003-04-01
5월,102240,15.1,56849924,8.3,137769,11.4,85973363,22.9,-35529,대전,2003,월간,5,2003-05-01
6월,95125,20.0,51895013,5.6,119752,20.9,70534216,16.5,-24627,대전,2003,월간,6,2003-06-01
7월,103473,28.3,53971045,5.0,134205,18.3,76603542,11.2,-30732,대전,2003,월간,7,2003-07-01
8월,82015,12.2,45415578,-3.3,113221,0.9,66089084,9.3,-31206,대전,2003,월간,8,2003-08-01
9월,126546,65.8,61685838,24.3,110788,-1.6,83181114,22.2,15758,대전,2003,월간,9,2003-09-01
10월,154290,78.5,69661991,43.7,146068,30.6,78144689,9.7,8222,대전,2003,월간,10,2003-10-01
11월,134671,55.8,63897543,34.7,138091,19.8,69080644,8.0,-3420,대전,2003,월간,11,2003-11-01
12월,157992,79.0,69559947,69.6,183728,43.1,65213137,-13.5,-25736,대전,2003,월간,12,2003-12-01
1월,58059,10.8,40779102,4.0,144033,45.7,76280929,27.6,-85974,대전,2002,월간,1,2002-01-01
2월,64644,13.0,45897830,12.9,107123,10.1,49719718,-16.4,-42479,대전,2002,월간,2,2002-02-01
3월,75743,8.0,48310542,-7.4,137225,26.2,61443415,13.3,-61482,대전,2002,월간,3,2002-03-01
4월,76035,13.9,48191694,-10.4,120919,36.1,63191223,3.3,-44884,대전,2002,월간,4,2002-04-01
5월,88793,22.7,52495284,11.4,123672,15.5,69968627,9.8,-34879,대전,2002,월간,5,2002-05-01
6월,79255,16.5,49150117,14.8,99070,-2.3,60524643,-5.6,-19815,대전,2002,월간,6,2002-06-01
7월,80629,30.6,51411119,10.6,113434,3.0,68887665,15.8,-32805,대전,2002,월간,7,2002-07-01
8월,73114,6.1,46961022,-9.0,112259,6.4,60445421,-13.1,-39145,대전,2002,월간,8,2002-08-01
9월,76314,14.0,49630771,-2.1,112580,23.0,68049429,15.4,-36266,대전,2002,월간,9,2002-09-01
10월,86440,1.8,48462757,-5.0,111863,-5.5,71264933,0.4,-25423,대전,2002,월간,10,2002-10-01
11월,86412,27.5,47432016,1.2,115315,-2.9,63944061,-21.0,-28903,대전,2002,월간,11,2002-11-01
12월,88248,8.5,41008394,-6.3,128355,13.5,75394214,26.6,-40107,대전,2002,월간,12,2002-12-01
1월,52400,-27.6,39206953,-23.6,98885,15.7,59798586,-19.7,-46485,대전,2001,월간,1,2001-01-01
2월,57204,-10.1,40637909,-21.3,97337,7.9,59447477,-12.4,-40133,대전,2001,월간,2,2001-02-01
3월,70145,-8.1,52156162,-14.9,108698,-10.8,54214077,-31.9,-38553,대전,2001,월간,3,2001-03-01
4월,66760,-4.6,53769132,1.7,88837,-2.2,61186043,-6.3,-22077,대전,2001,월간,4,2001-04-01
5월,72349,1.1,47132924,-10.0,107074,-12.2,63712123,-16.8,-34725,대전,2001,월간,5,2001-05-01
6월,68034,-14.7,42802601,-8.5,101391,-20.0,64107219,-2.4,-33357,대전,2001,월간,6,2001-06-01
7월,61744,0.5,46477096,59.6,110122,-6.7,59487977,-5.7,-48378,대전,2001,월간,7,2001-07-01
8월,68910,8.8,51623064,34.9,105526,8.5,69553947,13.4,-36616,대전,2001,월간,8,2001-08-01
9월,66924,7.9,50708154,24.6,91538,2.9,58983936,17.2,-24614,대전,2001,월간,9,2001-09-01
10월,84887,27.0,50990381,17.8,118389,19.7,70966019,13.9,-33502,대전,2001,월간,10,2001-10-01
11월,67760,-11.6,46874910,10.0,118727,6.6,80961763,42.0,-50967,대전,2001,월간,11,2001-11-01
12월,81360,11.1,43753820,23.1,113100,5.1,59556169,2.1,-31740,대전,2001,월간,12,2001-12-01
1월,72423,0.0,51351204,0.0,85448,0.0,74441698,0.0,-13025,대전,2000,월간,1,2000-01-01
2월,63607,0.0,51663268,0.0,90221,0.0,67886400,0.0,-26614,대전,2000,월간,2,2000-02-01
3월,76333,0.0,61315578,0.0,121850,0.0,79585931,0.0,-45517,대전,2000,월간,3,2000-03-01
4월,69989,0.0,52886511,0.0,90819,0.0,65333096,0.0,-20830,대전,2000,월간,4,2000-04-01
5월,71539,0.0,52363702,0.0,121885,0.0,76604824,0.0,-50346,대전,2000,월간,5,2000-05-01
6월,79779,0.0,46778605,0.0,126707,0.0,65650163,0.0,-46928,대전,2000,월간,6,2000-06-01
7월,61407,0.0,29119673,0.0,117987,0.0,63104682,0.0,-56580,대전,2000,월간,7,2000-07-01
8월,63344,0.0,38271656,0.0,97273,0.0,61337418,0.0,-33929,대전,2000,월간,8,2000-08-01
9월,62010,0.0,40712245,0.0,88925,0.0,50310592,0.0,-26915,대전,2000,월간,9,2000-09-01
10월,66842,0.0,43280619,0.0,98899,0.0,62317446,0.0,-32057,대전,2000,월간,10,2000-10-01
11월,76612,0.0,42610517,0.0,111418,0.0,56998589,0.0,-34806,대전,2000,월간,11,2000-11-01
12월,73253,0.0,35539277,0.0,107564,0.0,58315123,0.0,-34311,대전,2000,월간,12,2000-12-01
1월,1173322,15.1,289088910,12.2,1190620,-2.9,455774195,-16.8,-17298,부산,2026,월간,1,2026-01-01
2월,1074938,-5.2,271943760,-2.1,1066182,-8.9,475285508,-24.7,8756,부산,2026,월간,2,2026-02-01
3월,1331536,11.4,307109957,2.2,1288287,7.2,642819325,17.2,43249,부산,2026,월간,3,2026-03-01
4월,1356377,6.4,330233815,7.2,1335087,-5.7,681646387,-8.6,21290,부산,2026,월간,4,2026-04-01
5월,1321352,16.3,276995616,12.1,1301405,13.8,624366737,16.6,19947,부산,2026,월간,5,2026-05-01
6월,1433546,28.4,326347442,37.4,1362683,15.5,678700422,17.3,70863,부산,2026,월간,6,2026-06-01
7월,1389338,6.0,305997289,-1.0,1271006,-6.6,553139441,-14.3,118332,부산,2026,월간,7,2026-07-01
1월,1019635,-1.5,257642831,6.3,1226562,4.7,548118526,-18.4,-206927,부산,2025,월간,1,2025-01-01
2월,1133741,-2.9,277855117,9.2,1170143,12.3,631510931,8.6,-36402,부산,2025,월간,2,2025-02-01
3월,1195168,-5.8,300418451,7.3,1202297,2.0,548341067,-9.9,-7129,부산,2025,월간,3,2025-03-01
4월,1274651,1.7,307956770,14.4,1416503,3.0,746080280,-4.8,-141852,부산,2025,월간,4,2025-04-01
5월,1135809,-9.9,246993922,-8.4,1143989,-9.8,535353717,-20.7,-8180,부산,2025,월간,5,2025-05-01
6월,1116371,-10.3,237566978,-13.7,1180108,1.7,578441227,-1.3,-63737,부산,2025,월간,6,2025-06-01
7월,1310620,7.0,309205504,14.9,1361179,2.6,645765170,2.8,-50559,부산,2025,월간,7,2025-07-01
8월,1104988,-7.0,267088012,-1.5,1175643,-18.0,605343637,-20.0,-70655,부산,2025,월간,8,2025-08-01
9월,1297498,16.5,300448305,20.9,1406262,5.2,668184648,5.5,-108764,부산,2025,월간,9,2025-09-01
10월,1146346,-11.2,250839187,-15.1,1085536,-20.4,481730945,-12.6,60810,부산,2025,월간,10,2025-10-01
11월,1148842,-10.5,259750789,-12.0,1179682,-10.7,633645878,-11.4,-30840,부산,2025,월간,11,2025-11-01
12월,1344271,6.2,323702265,18.7,1338379,4.3,644239545,0.3,5892,부산,2025,월간,12,2025-12-01
1월,1035389,-10.2,242463049,-14.0,1172029,-15.3,671952568,-16.8,-136640,부산,2024,월간,1,2024-01-01
2월,1167733,-0.2,254521123,-5.1,1041901,-17.1,581606406,-16.1,125832,부산,2024,월간,2,2024-02-01
3월,1268711,-9.9,279884747,-4.1,1178427,-22.0,608314585,-25.5,90284,부산,2024,월간,3,2024-03-01
4월,1253405,-3.9,269190920,-5.6,1375559,7.9,783644193,23.2,-122154,부산,2024,월간,4,2024-04-01
5월,1260099,-9.6,269568208,-6.8,1268552,-10.4,675057028,-16.0,-8453,부산,2024,월간,5,2024-05-01
6월,1244735,-4.1,275314595,-2.7,1160433,-9.0,586227579,-23.5,84302,부산,2024,월간,6,2024-06-01
7월,1224727,8.6,269148028,6.1,1326089,18.9,628152517,-15.0,-101362,부산,2024,월간,7,2024-07-01
8월,1187645,-11.8,271120176,-15.9,1433557,21.8,756509800,14.4,-245912,부산,2024,월간,8,2024-08-01
9월,1113426,-10.5,248432439,-11.4,1336213,18.1,633466394,7.0,-222787,부산,2024,월간,9,2024-09-01
10월,1290279,13.5,295551966,11.0,1363917,19.3,550966809,-24.6,-73638,부산,2024,월간,10,2024-10-01
11월,1283980,4.4,295041858,1.6,1321117,18.1,715065878,15.3,-37137,부산,2024,월간,11,2024-11-01
12월,1265553,-2.6,272639471,-4.0,1282898,10.7,642264300,-4.7,-17345,부산,2024,월간,12,2024-12-01
1월,1153135,-11.0,281784275,-4.2,1383235,13.4,807881978,43.8,-230100,부산,2023,월간,1,2023-01-01
2월,1169914,-10.5,268158368,-11.3,1256535,-0.8,692851866,12.1,-86621,부산,2023,월간,2,2023-02-01
3월,1408625,0.8,291810765,-9.9,1510064,-3.3,817018942,2.9,-101439,부산,2023,월간,3,2023-03-01
4월,1303595,-16.5,285305499,-12.1,1274331,-13.1,636298281,-6.7,29264,부산,2023,월간,4,2023-04-01
5월,1394458,-1.9,289386032,-12.9,1415955,-9.3,803560080,-3.7,-21497,부산,2023,월간,5,2023-05-01
6월,1297765,5.3,282936600,9.3,1275796,-15.3,766416454,-1.4,21969,부산,2023,월간,6,2023-06-01
7월,1127524,-20.0,253776384,-14.0,1115590,-24.8,739201000,17.2,11934,부산,2023,월간,7,2023-07-01
8월,1346143,4.9,322318412,15.9,1177190,-16.8,661328229,2.9,168953,부산,2023,월간,8,2023-08-01
9월,1244515,-12.6,280489279,-5.9,1130987,-12.4,591949868,1.0,113528,부산,2023,월간,9,2023-09-01
10월,1136513,-9.5,266296744,-7.5,1143187,-13.3,730852509,-7.0,-6674,부산,2023,월간,10,2023-10-01
11월,1229681,-4.4,290537129,-3.6,1118928,-16.5,620261696,-19.8,110753,부산,2023,월간,11,2023-11-01
12월,1299542,-1.1,284003224,-6.1,1158783,-16.5,673675784,-3.3,140759,부산,2023,월간,12,2023-12-01
1월,1296202,35.9,294037511,15.9,1219531,16.4,561917193,-7.5,76671,부산,2022,월간,1,2022-01-01
2월,1307609,31.9,302355165,7.5,1266713,34.0,618075667,7.9,40896,부산,2022,월간,2,2022-02-01
3월,1397891,21.8,323940261,-4.9,1561593,21.3,793925557,-1.3,-163702,부산,2022,월간,3,2022-03-01
4월,1561567,26.6,324596176,1.7,1466450,4.2,681680299,-19.7,95117,부산,2022,월간,4,2022-04-01
5월,1421273,15.4,332211942,8.5,1560923,26.7,834816776,17.1,-139650,부산,2022,월간,5,2022-05-01
6월,1232106,-5.0,258775494,-9.7,1505648,13.0,777273963,-0.8,-273542,부산,2022,월간,6,2022-06-01
7월,1409160,8.2,294954021,-6.3,1483991,-0.4,630659315,-37.6,-74831,부산,2022,월간,7,2022-07-01
8월,1283523,7.8,278151326,-13.6,1414136,8.2,642921804,-4.8,-130613,부산,2022,월간,8,2022-08-01
9월,1424321,7.4,298040432,-6.6,1291096,-0.8,585943937,-8.8,133225,부산,2022,월간,9,2022-09-01
10월,1255563,-4.3,288029024,-3.3,1318423,3.7,785770260,39.8,-62860,부산,2022,월간,10,2022-10-01
11월,1286575,-11.0,301254979,-12.9,1340380,-4.4,772940775,8.4,-53805,부산,2022,월간,11,2022-11-01
12월,1314505,-5.1,302605244,-10.9,1387773,2.0,696774730,9.7,-73268,부산,2022,월간,12,2022-12-01
1월,953726,-0.9,253600398,-14.2,1047594,-5.5,607298315,-4.4,-93868,부산,2021,월간,1,2021-01-01
2월,991691,-0.3,281290647,-5.5,945094,15.4,572964935,3.4,46597,부산,2021,월간,2,2021-02-01
3월,1147973,3.9,340720315,-7.8,1287091,14.6,804021485,13.5,-139118,부산,2021,월간,3,2021-03-01
4월,1233716,35.9,319190959,13.1,1407794,27.2,849126431,14.3,-174078,부산,2021,월간,4,2021-04-01
5월,1231306,66.0,306229142,33.4,1231793,26.7,712734032,6.1,-487,부산,2021,월간,5,2021-05-01
6월,1296296,61.0,286653830,20.2,1331871,28.2,783185792,24.3,-35575,부산,2021,월간,6,2021-06-01
7월,1302352,36.4,314642794,19.1,1490262,40.5,1010913099,62.4,-187910,부산,2021,월간,7,2021-07-01
8월,1190149,47.1,322089279,32.0,1306668,39.0,675554920,16.4,-116519,부산,2021,월간,8,2021-08-01
9월,1325957,31.2,319199017,5.4,1300855,30.4,642778611,9.8,25102,부산,2021,월간,9,2021-09-01
10월,1312170,49.2,297721253,12.6,1271182,30.1,562050857,-5.4,40988,부산,2021,월간,10,2021-10-01
11월,1445975,39.5,346009007,1.6,1402556,27.9,713295633,21.0,43419,부산,2021,월간,11,2021-11-01
12월,1384951,24.5,339573976,-11.5,1360716,20.6,634933810,-18.0,24235,부산,2021,월간,12,2021-12-01
1월,962383,-19.5,295418789,-23.7,1108797,-19.5,635066706,-20.2,-146414,부산,2020,월간,1,2020-01-01
2월,994237,-1.2,297772702,16.9,819237,-11.4,554220354,-11.8,175000,부산,2020,월간,2,2020-02-01
3월,1105238,-1.6,369507219,-9.1,1122664,-1.8,708627226,2.4,-17426,부산,2020,월간,3,2020-03-01
4월,908074,-23.3,282269999,-4.7,1106415,-14.4,743053117,-14.8,-198341,부산,2020,월간,4,2020-04-01
5월,741840,-37.8,229635086,-48.0,972276,-18.9,671855737,-7.1,-230436,부산,2020,월간,5,2020-05-01
6월,805264,-31.9,238432265,-33.6,1038876,-5.5,630017696,-12.1,-233612,부산,2020,월간,6,2020-06-01
7월,954936,-23.7,264148873,-35.4,1060711,-13.6,622580959,-8.7,-105775,부산,2020,월간,7,2020-07-01
8월,808828,-27.7,244084137,-21.5,939896,-14.3,580578465,-17.2,-131068,부산,2020,월간,8,2020-08-01
9월,1010940,-3.9,302979909,12.8,997575,-0.3,585181961,-1.8,13365,부산,2020,월간,9,2020-09-01
10월,879310,-29.6,264441698,-7.9,977395,-12.9,594220246,-16.0,-98085,부산,2020,월간,10,2020-10-01
11월,1036686,-8.3,340592315,22.0,1096422,-5.3,589285525,-21.1,-59736,부산,2020,월간,11,2020-11-01
12월,1112191,-10.0,383502643,-3.1,1128198,-2.6,774182784,13.3,-16007,부산,2020,월간,12,2020-12-01
1월,1195540,-12.0,387059665,-8.4,1377268,-1.5,795453335,0.4,-181728,부산,2019,월간,1,2019-01-01
2월,1005977,-8.1,254800333,-5.6,924195,-18.0,628610654,2.2,81782,부산,2019,월간,2,2019-02-01
3월,1123273,-17.7,406363960,25.5,1142762,-11.3,691870675,4.1,-19489,부산,2019,월간,3,2019-03-01
4월,1184517,-12.2,296188075,-39.2,1292614,-4.5,872324315,24.2,-108097,부산,2019,월간,4,2019-04-01
5월,1193437,-2.9,441247914,32.4,1199020,-7.4,723492745,4.9,-5583,부산,2019,월간,5,2019-05-01
6월,1183306,-6.7,359302832,21.8,1099552,-8.3,716771867,18.1,83754,부산,2019,월간,6,2019-06-01
7월,1251773,3.6,408921299,24.5,1227187,-4.8,681826786,1.2,24586,부산,2019,월간,7,2019-07-01
8월,1119185,4.3,311104616,-5.3,1096526,0.2,701105833,20.2,22659,부산,2019,월간,8,2019-08-01
9월,1052081,3.5,268564810,-5.3,1001012,-6.1,595755765,3.1,51069,부산,2019,월간,9,2019-09-01
10월,1248762,8.0,287149633,-11.6,1122249,-14.5,707000666,-4.0,126513,부산,2019,월간,10,2019-10-01
11월,1130657,-6.5,279193679,-8.4,1157325,-4.8,746977522,0.9,-26668,부산,2019,월간,11,2019-11-01
12월,1235808,14.4,395794236,39.8,1158610,-0.1,683285121,4.3,77198,부산,2019,월간,12,2019-12-01
1월,1357980,23.0,422359647,37.5,1398231,19.5,791989406,3.0,-40251,부산,2018,월간,1,2018-01-01
2월,1094060,-7.3,269896051,-29.2,1127231,6.9,615065609,-16.3,-33171,부산,2018,월간,2,2018-02-01
3월,1364634,3.6,323912310,-13.1,1287688,1.1,664867539,-20.6,76946,부산,2018,월간,3,2018-03-01
4월,1349497,5.2,486773341,45.9,1354190,10.4,702283366,-7.4,-4693,부산,2018,월간,4,2018-04-01
5월,1228678,7.7,333320451,8.2,1295451,3.4,689690476,-9.4,-66773,부산,2018,월간,5,2018-05-01
6월,1267944,-7.6,294928092,-10.2,1199156,-0.7,607113263,-21.6,68788,부산,2018,월간,6,2018-06-01
7월,1208455,-1.8,328482635,3.6,1289385,9.0,674074362,-9.0,-80930,부산,2018,월간,7,2018-07-01
8월,1073319,-10.9,328675338,1.8,1094221,-8.8,583384526,-21.0,-20902,부산,2018,월간,8,2018-08-01
9월,1016505,-31.8,283452199,-19.3,1065959,-12.4,577900356,-24.1,-49454,부산,2018,월간,9,2018-09-01
10월,1156390,12.0,324931303,24.7,1312622,22.6,736273198,23.3,-156232,부산,2018,월간,10,2018-10-01
11월,1208909,-12.1,304687692,-39.7,1215395,-7.1,740554128,-4.7,-6486,부산,2018,월간,11,2018-11-01
12월,1080701,-18.9,283066792,-33.3,1159540,-10.7,655272888,-19.3,-78839,부산,2018,월간,12,2018-12-01
1월,1103640,3.2,307100779,14.3,1169856,6.4,769216071,7.9,-66216,부산,2017,월간,1,2017-01-01
2월,1180069,5.3,380988916,37.8,1054282,1.4,735204732,11.4,125787,부산,2017,월간,2,2017-02-01
3월,1317811,-2.1,372820305,14.5,1273840,6.2,837839495,0.3,43971,부산,2017,월간,3,2017-03-01
4월,1283384,2.6,333570651,5.7,1226407,3.0,758546725,4.3,56977,부산,2017,월간,4,2017-04-01
5월,1140796,4.2,308167041,8.1,1252544,6.1,761223605,-2.5,-111748,부산,2017,월간,5,2017-05-01
6월,1372373,19.3,328277379,6.5,1208110,9.2,774057422,0.0,164263,부산,2017,월간,6,2017-06-01
7월,1230824,4.5,317007744,5.1,1182809,3.0,740371868,-2.7,48015,부산,2017,월간,7,2017-07-01
8월,1204628,11.0,322760222,3.7,1200153,6.3,738899956,-3.9,4475,부산,2017,월간,8,2017-08-01
9월,1490487,39.6,351069384,-1.1,1216836,16.2,761360817,15.2,273651,부산,2017,월간,9,2017-09-01
10월,1032151,-10.6,260495522,-14.5,1071091,-4.2,596899213,-20.2,-38940,부산,2017,월간,10,2017-10-01
11월,1376018,9.8,505250830,48.3,1308244,10.1,777262025,0.7,67774,부산,2017,월간,11,2017-11-01
12월,1331926,2.2,424183009,22.2,1299144,16.7,812458132,18.8,32782,부산,2017,월간,12,2017-12-01
1월,1069545,-16.5,268631471,-12.5,1099189,-12.7,713142068,-3.9,-29644,부산,2016,월간,1,2016-01-01
2월,1120833,-2.3,276503544,0.0,1039337,-2.4,660213566,10.4,81496,부산,2016,월간,2,2016-02-01
3월,1346538,-7.2,325721733,-12.5,1199745,-6.9,835390787,15.5,146793,부산,2016,월간,3,2016-03-01
4월,1251141,-15.1,315606222,-5.5,1190420,-13.5,727017219,6.3,60721,부산,2016,월간,4,2016-04-01
5월,1094704,-16.6,284949562,-13.1,1180939,-4.0,780930052,10.7,-86235,부산,2016,월간,5,2016-05-01
6월,1150504,-11.9,308177644,-10.3,1106538,-7.2,773881650,11.5,43966,부산,2016,월간,6,2016-06-01
7월,1177862,-11.6,301700677,-8.7,1148571,-8.6,760763766,-2.5,29291,부산,2016,월간,7,2016-07-01
8월,1085451,-2.6,311309946,-17.5,1128946,-0.8,769172112,1.6,-43495,부산,2016,월간,8,2016-08-01
9월,1067855,-18.3,354988488,18.7,1047270,3.0,660829237,-2.5,20585,부산,2016,월간,9,2016-09-01
10월,1154101,-9.2,304523334,-15.7,1118132,-8.9,747674252,0.4,35969,부산,2016,월간,10,2016-10-01
11월,1252898,3.1,340639767,16.5,1187952,10.2,772050171,7.7,64946,부산,2016,월간,11,2016-11-01
12월,1302805,-4.7,347151782,3.9,1112931,-10.8,683878126,-11.4,189874,부산,2016,월간,12,2016-12-01
1월,1281646,28.1,306895785,17.0,1259226,7.1,741828809,1.0,22420,부산,2015,월간,1,2015-01-01
2월,1147601,15.3,276397708,11.8,1064477,7.8,598228232,-5.6,83124,부산,2015,월간,2,2015-02-01
3월,1451366,24.1,372397064,16.7,1289092,8.9,723255569,0.0,162274,부산,2015,월간,3,2015-03-01
4월,1472861,18.9,334094922,-2.7,1376287,3.5,683901389,-12.2,96574,부산,2015,월간,4,2015-04-01
5월,1312044,12.7,327788660,2.0,1230582,-2.4,705711167,-2.9,81462,부산,2015,월간,5,2015-05-01
6월,1306068,16.8,343474918,8.8,1192687,-2.8,694357861,-3.6,113381,부산,2015,월간,6,2015-06-01
7월,1332215,-2.0,330603816,-10.6,1256188,-6.3,779983877,8.6,76027,부산,2015,월간,7,2015-07-01
8월,1113966,-0.2,377223295,39.4,1138230,-8.6,757354986,12.1,-24264,부산,2015,월간,8,2015-08-01
9월,1307501,0.3,299168436,-9.5,1016861,-20.9,677940687,-12.9,290640,부산,2015,월간,9,2015-09-01
10월,1271149,-13.9,361346104,-13.7,1228020,-7.8,744661573,-5.5,43129,부산,2015,월간,10,2015-10-01
11월,1214973,-5.3,292325042,-9.2,1077637,-14.5,716692696,-1.7,137336,부산,2015,월간,11,2015-11-01
12월,1367296,-7.4,333975196,-8.3,1247985,-1.3,771703056,1.7,119311,부산,2015,월간,12,2015-12-01
1월,1000225,3.6,262354164,-6.2,1175320,-12.2,734823621,-5.0,-175095,부산,2014,월간,1,2014-01-01
2월,995535,-6.0,247319443,-31.4,987888,-1.2,633546188,-5.0,7647,부산,2014,월간,2,2014-02-01
3월,1169922,-3.6,319008098,-12.3,1184162,5.4,722907519,0.8,-14240,부산,2014,월간,3,2014-03-01
4월,1238928,11.4,343425677,14.4,1329727,10.1,778680309,5.0,-90799,부산,2014,월간,4,2014-04-01
5월,1164564,-1.7,321265484,-6.2,1260298,12.5,726838282,13.0,-95734,부산,2014,월간,5,2014-05-01
6월,1118133,8.8,315792523,5.6,1227056,28.1,719967494,20.3,-108923,부산,2014,월간,6,2014-06-01
7월,1359056,15.2,369652432,1.0,1340452,14.1,718077744,9.1,18604,부산,2014,월간,7,2014-07-01
8월,1115669,3.5,270610981,-15.2,1244902,13.2,675355692,1.9,-129233,부산,2014,월간,8,2014-08-01
9월,1303708,31.2,330570900,19.1,1286234,27.0,778280033,26.7,17474,부산,2014,월간,9,2014-09-01
10월,1476562,21.4,418609235,31.6,1332335,9.6,787978857,13.4,144227,부산,2014,월간,10,2014-10-01
11월,1283436,10.7,321828143,7.5,1261010,13.5,729202704,13.9,22426,부산,2014,월간,11,2014-11-01
12월,1476271,37.6,364242945,32.5,1264633,14.0,758461008,6.9,211638,부산,2014,월간,12,2014-12-01
1월,965490,2.8,279762825,-2.6,1337931,9.2,773354729,20.6,-372441,부산,2013,월간,1,2013-01-01
2월,1059522,-11.4,360289800,2.8,999873,-6.2,666807088,-0.7,59649,부산,2013,월간,2,2013-02-01
3월,1213200,0.2,363728391,7.3,1123942,-13.5,717434463,-12.9,89258,부산,2013,월간,3,2013-03-01
4월,1111734,-3.4,300089873,-15.6,1207936,3.0,741827785,7.1,-96202,부산,2013,월간,4,2013-04-01
5월,1184609,-2.4,342666581,-15.8,1119891,-10.3,643001724,-19.8,64718,부산,2013,월간,5,2013-05-01
6월,1028152,-12.0,299067686,-19.3,957722,-9.6,598553882,-5.1,70430,부산,2013,월간,6,2013-06-01
7월,1179671,0.0,365981476,3.9,1175248,-4.8,658479652,-15.8,4423,부산,2013,월간,7,2013-07-01
8월,1077738,4.3,318952467,7.9,1100039,-0.8,662561009,-2.4,-22301,부산,2013,월간,8,2013-08-01
9월,993997,-13.6,277661074,-20.8,1012932,-8.4,614094955,-9.7,-18935,부산,2013,월간,9,2013-09-01
10월,1216286,10.5,318143692,-7.8,1215737,7.4,694699953,-5.8,549,부산,2013,월간,10,2013-10-01
11월,1159900,2.4,299476486,-5.3,1110683,3.7,640306674,-6.3,49217,부산,2013,월간,11,2013-11-01
12월,1072819,-0.7,274960385,-16.4,1108930,5.5,709685569,11.3,-36111,부산,2013,월간,12,2013-12-01
1월,939553,-21.7,287158179,-12.6,1225185,-0.2,641304360,-6.0,-285632,부산,2012,월간,1,2012-01-01
2월,1195586,24.5,350513990,9.5,1065859,4.2,671415171,18.0,129727,부산,2012,월간,2,2012-02-01
3월,1210902,-5.6,339020313,-5.7,1298702,-5.8,824100814,1.2,-87800,부산,2012,월간,3,2012-03-01
4월,1151070,-1.7,355711968,5.9,1172868,-13.4,692371512,-12.8,-21798,부산,2012,월간,4,2012-04-01
5월,1213500,-2.6,406821401,-2.4,1248468,-2.9,801863317,5.6,-34968,부산,2012,월간,5,2012-05-01
6월,1168728,-11.0,370680624,-0.7,1059119,-15.4,630600116,-13.1,109609,부산,2012,월간,6,2012-06-01
7월,1179719,5.4,352254082,11.1,1234131,-1.3,781898973,25.6,-54412,부산,2012,월간,7,2012-07-01
8월,1033210,-11.8,295707233,1.3,1108834,-14.2,678893360,-11.5,-75624,부산,2012,월간,8,2012-08-01
9월,1150388,-19.6,350630604,6.4,1105952,-8.7,680192781,3.3,44436,부산,2012,월간,9,2012-09-01
10월,1101082,-4.6,344895785,3.2,1132206,3.8,737333619,22.6,-31124,부산,2012,월간,10,2012-10-01
11월,1132282,-13.9,316352311,-20.4,1071570,-11.5,683157847,2.4,60712,부산,2012,월간,11,2012-11-01
12월,1080695,-9.7,329046034,-11.6,1051258,-6.5,637663269,5.5,29437,부산,2012,월간,12,2012-12-01
1월,1200557,56.8,328483259,13.9,1228007,30.6,682281662,-5.0,-27450,부산,2011,월간,1,2011-01-01
2월,960413,32.7,320217584,27.8,1023306,-1.8,568942247,-12.8,-62893,부산,2011,월간,2,2011-02-01
3월,1282796,33.9,359362640,20.5,1378581,21.9,814202031,3.0,-95785,부산,2011,월간,3,2011-03-01
4월,1171181,19.8,336037085,-1.1,1355084,20.1,793939529,3.8,-183903,부산,2011,월간,4,2011-04-01
5월,1245469,-2.0,416743034,5.7,1285472,26.5,759578895,3.9,-40003,부산,2011,월간,5,2011-05-01
6월,1312880,18.6,373417187,2.5,1252245,15.7,725346923,0.1,60635,부산,2011,월간,6,2011-06-01
7월,1119038,0.9,317100280,-13.3,1250998,27.1,622569498,-1.8,-131960,부산,2011,월간,7,2011-07-01
8월,1171288,44.2,291919207,8.1,1292146,42.2,767269287,40.0,-120858,부산,2011,월간,8,2011-08-01
9월,1431069,29.4,329439950,-16.5,1211291,26.6,658450719,10.0,219778,부산,2011,월간,9,2011-09-01
10월,1154736,1.0,334360000,-8.1,1090463,6.0,601430360,-7.4,64273,부산,2011,월간,10,2011-10-01
11월,1314888,20.9,397508972,25.2,1210280,11.3,667404120,-2.0,104608,부산,2011,월간,11,2011-11-01
12월,1197287,-8.9,372137311,-23.8,1124286,-3.4,604392968,-6.2,73001,부산,2011,월간,12,2011-12-01
1월,765854,-3.3,288476310,9.4,940183,18.8,718077584,77.0,-174329,부산,2010,월간,1,2010-01-01
2월,723486,2.7,250568090,22.5,1041829,15.3,652100502,41.7,-318343,부산,2010,월간,2,2010-02-01
3월,958238,13.6,298301684,5.6,1130483,31.1,790633084,51.4,-172245,부산,2010,월간,3,2010-03-01
4월,977710,37.0,339723564,49.5,1128512,53.4,764568752,46.4,-150802,부산,2010,월간,4,2010-04-01
5월,1270530,120.0,394213503,96.6,1015845,43.5,730725066,26.7,254685,부산,2010,월간,5,2010-05-01
6월,1106549,25.2,364169391,19.7,1082548,39.4,724691999,17.7,24001,부산,2010,월간,6,2010-06-01
7월,1109174,51.0,365704256,30.8,983887,12.1,634281907,4.3,125287,부산,2010,월간,7,2010-07-01
8월,812453,27.4,269972390,24.6,908478,-0.6,548065163,-8.9,-96025,부산,2010,월간,8,2010-08-01
9월,1105911,10.0,394333103,17.4,957002,-8.1,598607189,-18.8,148909,부산,2010,월간,9,2010-09-01
10월,1142986,44.6,363680924,61.6,1028582,8.2,649772799,-18.5,114404,부산,2010,월간,10,2010-10-01
11월,1087401,8.6,317453224,-11.5,1087726,3.7,681121184,-6.6,-325,부산,2010,월간,11,2010-11-01
12월,1313875,61.5,488670539,84.0,1164090,12.0,644082022,-15.4,149785,부산,2010,월간,12,2010-12-01
1월,791723,-6.2,263634877,-11.8,791488,-34.3,405597317,-61.0,235,부산,2009,월간,1,2009-01-01
2월,704596,-19.5,204526442,-28.6,903621,-15.4,460322349,-46.5,-199025,부산,2009,월간,2,2009-02-01
3월,843641,-22.7,282607249,-22.1,862527,-30.8,522199643,-43.3,-18886,부산,2009,월간,3,2009-03-01
4월,713807,-37.5,227280698,-35.8,735727,-46.2,522281863,-51.5,-21920,부산,2009,월간,4,2009-04-01
5월,577529,-53.1,200479322,-49.6,707984,-46.3,576791227,-35.4,-130455,부산,2009,월간,5,2009-05-01
6월,883647,-20.9,304292955,4.2,776805,-38.2,615494146,-32.6,106842,부산,2009,월간,6,2009-06-01
7월,734674,-46.5,279655927,-28.6,877344,-41.6,608154668,-38.4,-142670,부산,2009,월간,7,2009-07-01
8월,637653,-38.9,216718191,-22.4,913783,-35.6,601297854,-34.0,-276130,부산,2009,월간,8,2009-08-01
9월,1004976,-2.1,335807615,18.8,1041471,-26.7,737609793,-20.4,-36495,부산,2009,월간,9,2009-09-01
10월,790177,-33.6,225104056,-31.7,950760,-28.1,797537752,-1.9,-160583,부산,2009,월간,10,2009-10-01
11월,1001650,16.5,358819873,26.9,1048942,9.6,728953565,20.4,-47292,부산,2009,월간,11,2009-11-01
12월,813312,-23.7,265569079,-26.2,1039510,9.2,761646965,30.4,-226198,부산,2009,월간,12,2009-12-01
1월,843675,12.9,298876412,11.7,1204143,47.8,1040962765,33.8,-360468,부산,2008,월간,1,2008-01-01
2월,875043,5.8,286648707,-2.8,1068348,41.3,860996982,11.5,-193305,부산,2008,월간,2,2008-02-01
3월,1091730,43.6,362655703,41.3,1246127,44.3,920287776,14.2,-154397,부산,2008,월간,3,2008-03-01
4월,1142099,40.4,353785885,36.9,1366582,47.2,1076493941,13.9,-224483,부산,2008,월간,4,2008-04-01
5월,1230864,36.6,397734225,27.9,1318945,36.1,893114682,-6.2,-88081,부산,2008,월간,5,2008-05-01
6월,1117784,56.5,292087359,26.5,1257656,46.2,913427351,21.1,-139872,부산,2008,월간,6,2008-06-01
7월,1372276,40.3,391940514,17.1,1503387,47.4,987795539,10.6,-131111,부산,2008,월간,7,2008-07-01
8월,1042998,39.5,279152861,22.1,1419365,60.1,911391986,24.5,-376367,부산,2008,월간,8,2008-08-01
9월,1026146,22.4,282694652,1.9,1421628,73.8,927195548,35.7,-395482,부산,2008,월간,9,2008-09-01
10월,1190812,39.0,329600949,14.7,1322278,31.4,812693595,-14.5,-131466,부산,2008,월간,10,2008-10-01
11월,859915,0.6,282779542,4.8,956821,-21.5,605219672,-38.1,-96906,부산,2008,월간,11,2008-11-01
12월,1066388,-4.8,359870766,0.6,952142,-16.1,584292794,-29.8,114246,부산,2008,월간,12,2008-12-01
1월,747312,56.8,267510443,43.8,814565,37.9,778192075,22.3,-67253,부산,2007,월간,1,2007-01-01
2월,827236,56.3,294787066,33.8,756000,21.1,772072529,14.4,71236,부산,2007,월간,2,2007-02-01
3월,760396,-5.9,256664715,-22.2,863574,22.9,805945825,10.6,-103178,부산,2007,월간,3,2007-03-01
4월,813610,50.2,258462596,36.1,928528,38.3,945015550,35.8,-114918,부산,2007,월간,4,2007-04-01
5월,901214,19.1,310946202,0.9,969322,28.0,952560574,25.5,-68108,부산,2007,월간,5,2007-05-01
6월,714188,4.5,230943647,-8.4,860216,7.5,754328770,-10.4,-146028,부산,2007,월간,6,2007-06-01
7월,978229,35.1,334707672,22.8,1019845,54.3,893133490,38.6,-41616,부산,2007,월간,7,2007-07-01
8월,747931,20.6,228649887,1.9,886495,27.7,731748066,3.4,-138564,부산,2007,월간,8,2007-08-01
9월,838214,19.9,277524912,31.9,817841,2.8,683035349,-15.0,20373,부산,2007,월간,9,2007-09-01
10월,856549,19.7,287473850,-54.7,1006653,37.9,950302166,36.3,-150104,부산,2007,월간,10,2007-10-01
11월,854900,22.5,269943048,-81.9,1219244,50.4,977729033,32.0,-364344,부산,2007,월간,11,2007-11-01
12월,1119925,33.7,357731067,-78.4,1134696,40.6,832587831,25.7,-14771,부산,2007,월간,12,2007-12-01
1월,476674,-10.8,186005297,-22.7,590785,-1.8,636336487,-17.2,-114111,부산,2006,월간,1,2006-01-01
2월,529095,6.7,220323104,-2.0,624280,17.1,675018926,-2.7,-95185,부산,2006,월간,2,2006-02-01
3월,808404,49.5,329948801,62.4,702745,3.8,728978465,-8.5,105659,부산,2006,월간,3,2006-03-01
4월,541509,-18.0,189906243,-32.8,671376,0.6,695676252,-9.2,-129867,부산,2006,월간,4,2006-04-01
5월,756965,54.1,308108182,69.5,757408,12.8,759029200,2.7,-443,부산,2006,월간,5,2006-05-01
6월,683388,23.0,252171513,16.6,800396,28.3,842145652,19.5,-117008,부산,2006,월간,6,2006-06-01
7월,724037,24.8,272547688,11.8,661155,11.5,644257406,2.7,62882,부산,2006,월간,7,2006-07-01
8월,619989,17.5,224442612,-1.6,694289,30.5,707861080,14.7,-74300,부산,2006,월간,8,2006-08-01
9월,699194,26.2,210459079,-4.2,795651,23.2,803426591,31.9,-96457,부산,2006,월간,9,2006-09-01
10월,715483,30.2,634274289,188.8,730002,19.3,697352559,9.2,-14519,부산,2006,월간,10,2006-10-01
11월,697686,9.7,1489331235,416.1,810838,29.7,740900746,2.9,-113152,부산,2006,월간,11,2006-11-01
12월,837794,31.4,1655926125,552.9,807015,21.6,662178583,1.0,30779,부산,2006,월간,12,2006-12-01
1월,534367,29.7,240702149,13.7,601732,27.4,768897509,-3.6,-67365,부산,2005,월간,1,2005-01-01
2월,495999,0.1,224765835,-10.7,533268,31.2,693919467,5.3,-37269,부산,2005,월간,2,2005-02-01
3월,540671,2.7,203164675,-19.6,677288,13.9,796767954,-19.3,-136617,부산,2005,월간,3,2005-03-01
4월,660298,13.1,282533243,4.5,667622,10.5,766109681,-12.6,-7324,부산,2005,월간,4,2005-04-01
5월,491318,0.5,181760616,-7.4,671417,15.4,739148883,-8.0,-180099,부산,2005,월간,5,2005-05-01
6월,555734,4.0,216252831,-15.2,623691,6.0,704898951,-14.0,-67957,부산,2005,월간,6,2005-06-01
7월,580043,-0.4,243687487,-15.2,592756,0.5,627511299,-29.7,-12713,부산,2005,월간,7,2005-07-01
8월,527562,13.0,228137109,11.9,532016,4.8,617025686,-8.8,-4454,부산,2005,월간,8,2005-08-01
9월,554143,5.5,219615436,-10.9,645785,21.9,609168034,-14.5,-91642,부산,2005,월간,9,2005-09-01
10월,549352,-10.4,219600679,-20.7,611807,9.4,638345600,-5.7,-62455,부산,2005,월간,10,2005-10-01
11월,635748,-0.3,288598470,0.4,625019,0.0,720129207,-1.5,10729,부산,2005,월간,11,2005-11-01
12월,637391,12.2,253621516,14.3,663919,-2.3,655760473,-13.9,-26528,부산,2005,월간,12,2005-12-01
1월,412050,27.0,211738975,77.9,472203,3.7,797921692,-3.5,-60153,부산,2004,월간,1,2004-01-01
2월,495589,30.8,251705571,51.8,406331,20.5,659182432,21.0,89258,부산,2004,월간,2,2004-02-01
3월,526361,26.4,252715823,27.9,594836,26.9,987472841,51.6,-68475,부산,2004,월간,3,2004-03-01
4월,583631,32.6,270312974,44.5,604369,25.8,876549321,-0.4,-20738,부산,2004,월간,4,2004-04-01
5월,488720,33.1,196373989,37.1,582046,21.0,803550677,3.7,-93326,부산,2004,월간,5,2004-05-01
6월,534432,31.4,254997859,50.3,588270,29.9,819640236,5.4,-53838,부산,2004,월간,6,2004-06-01
7월,582427,33.0,287307819,62.7,589988,24.9,892447084,8.6,-7561,부산,2004,월간,7,2004-07-01
8월,466964,29.9,203865076,41.2,507737,23.0,676542724,-14.3,-40773,부산,2004,월간,8,2004-08-01
9월,525327,52.9,246457888,87.4,529755,22.9,712811459,12.7,-4428,부산,2004,월간,9,2004-09-01
10월,613072,25.3,277088583,40.9,559318,1.2,677165077,-29.5,53754,부산,2004,월간,10,2004-10-01
11월,637398,53.2,287502924,81.2,625275,47.8,731137383,3.4,12123,부산,2004,월간,11,2004-11-01
12월,567946,22.3,221907772,25.0,679862,36.0,761916936,2.7,-111916,부산,2004,월간,12,2004-12-01
1월,324532,-13.5,119050645,-12.4,455366,17.5,826592649,14.1,-130834,부산,2003,월간,1,2003-01-01
2월,378825,38.5,165826975,69.9,337125,-14.4,544904339,-30.8,41700,부산,2003,월간,2,2003-02-01
3월,416316,0.3,197601591,10.2,468891,18.2,651321882,-18.5,-52575,부산,2003,월간,3,2003-03-01
4월,440301,7.9,187089367,10.1,480389,12.0,879759924,-3.7,-40088,부산,2003,월간,4,2003-04-01
5월,367112,-17.3,143235379,-22.1,481197,9.9,774639921,-12.7,-114085,부산,2003,월간,5,2003-05-01
6월,406844,8.0,169621777,19.6,452830,0.5,777953445,-6.5,-45986,부산,2003,월간,6,2003-06-01
7월,437775,-1.8,176550999,5.6,472533,-2.4,821404540,11.4,-34758,부산,2003,월간,7,2003-07-01
8월,359351,1.9,144335383,13.0,412848,-16.3,789687057,-9.6,-53497,부산,2003,월간,8,2003-08-01
9월,343673,-22.7,131537339,-25.1,431070,-6.6,632405248,-24.0,-87397,부산,2003,월간,9,2003-09-01
10월,489267,24.0,196719126,29.9,552955,28.1,960898847,27.0,-63688,부산,2003,월간,10,2003-10-01
11월,415937,-7.6,158629959,-10.9,423066,-15.0,707251194,-21.8,-7129,부산,2003,월간,11,2003-11-01
12월,464557,1.9,177535373,-7.7,499798,10.3,742210413,-7.3,-35241,부산,2003,월간,12,2003-12-01
1월,375085,27.8,135829457,30.9,387560,33.0,724695075,54.7,-12475,부산,2002,월간,1,2002-01-01
2월,273550,-17.7,97578758,-14.4,393677,17.8,787114829,83.0,-120127,부산,2002,월간,2,2002-02-01
3월,415193,12.0,179301545,21.0,396611,22.6,798902709,64.8,18582,부산,2002,월간,3,2002-03-01
4월,408181,0.0,169934189,-17.9,428928,39.9,913670596,81.1,-20747,부산,2002,월간,4,2002-04-01
5월,444037,0.7,183801007,-20.2,437748,10.8,887045481,81.4,6289,부산,2002,월간,5,2002-05-01
6월,376629,3.8,141868484,-14.2,450591,34.7,831595576,62.2,-73962,부산,2002,월간,6,2002-06-01
7월,445928,8.3,167151159,-14.5,484055,49.3,737414879,31.8,-38127,부산,2002,월간,7,2002-07-01
8월,352632,1.3,127741560,-21.4,493270,30.4,873287981,65.4,-140638,부산,2002,월간,8,2002-08-01
9월,444628,-2.7,175680678,-22.6,461719,-0.1,831860006,-14.9,-17091,부산,2002,월간,9,2002-09-01
10월,394521,1.5,151412752,-23.2,431746,14.8,756493276,11.5,-37225,부산,2002,월간,10,2002-10-01
11월,450001,31.3,177981409,23.4,497638,27.1,904291854,16.6,-47637,부산,2002,월간,11,2002-11-01
12월,456021,11.2,192333817,8.2,453331,16.0,800310203,16.5,2690,부산,2002,월간,12,2002-12-01
1월,293527,-15.4,103743161,-19.4,291420,-2.5,468307573,-16.3,2107,부산,2001,월간,1,2001-01-01
2월,332303,10.4,113965062,8.2,334312,6.5,430016156,-6.5,-2009,부산,2001,월간,2,2001-02-01
3월,370567,-12.7,148146303,-13.6,323414,-1.9,484733928,-22.5,47153,부산,2001,월간,3,2001-03-01
4월,408170,8.2,206993115,39.8,306696,-13.7,504404343,-8.4,101474,부산,2001,월간,4,2001-04-01
5월,440998,0.6,230313432,25.9,395136,18.6,489104522,-26.4,45862,부산,2001,월간,5,2001-05-01
6월,362893,-16.6,165278884,-3.9,334616,9.2,512657092,-6.0,28277,부산,2001,월간,6,2001-06-01
7월,411804,10.1,195478025,48.4,324260,-13.5,559375059,5.0,87544,부산,2001,월간,7,2001-07-01
8월,347982,-15.0,162539608,-25.8,378392,17.7,528084447,-3.8,-30410,부산,2001,월간,8,2001-08-01
9월,456871,22.3,226964126,-16.2,462374,36.7,977914127,71.8,-5503,부산,2001,월간,9,2001-09-01
10월,388618,-19.5,197098684,-46.0,376239,14.5,678747712,20.9,12379,부산,2001,월간,10,2001-10-01
11월,342829,-14.6,144285311,-2.3,391566,9.2,775501303,59.7,-48737,부산,2001,월간,11,2001-11-01
12월,410160,-12.9,177808175,-12.9,390673,19.8,687098148,56.7,19487,부산,2001,월간,12,2001-12-01
1월,346940,0.0,128679352,0.0,299004,0.0,559560050,0.0,47936,부산,2000,월간,1,2000-01-01
2월,300910,0.0,105319329,0.0,313785,0.0,459712774,0.0,-12875,부산,2000,월간,2,2000-02-01
3월,424696,0.0,171388316,0.0,329811,0.0,625649614,0.0,94885,부산,2000,월간,3,2000-03-01
4월,377128,0.0,148068219,0.0,355331,0.0,550618928,0.0,21797,부산,2000,월간,4,2000-04-01
5월,438366,0.0,182926885,0.0,333158,0.0,664740260,0.0,105208,부산,2000,월간,5,2000-05-01
6월,435139,0.0,171905329,0.0,306408,0.0,545450300,0.0,128731,부산,2000,월간,6,2000-06-01
7월,373976,0.0,131736362,0.0,374944,0.0,532882166,0.0,-968,부산,2000,월간,7,2000-07-01
8월,409336,0.0,219085738,0.0,321580,0.0,548891113,0.0,87756,부산,2000,월간,8,2000-08-01
9월,373506,0.0,270876751,0.0,338124,0.0,569064171,0.0,35382,부산,2000,월간,9,2000-09-01
10월,482908,0.0,365252211,0.0,328635,0.0,561429600,0.0,154273,부산,2000,월간,10,2000-10-01
11월,401608,0.0,147628482,0.0,358413,0.0,485510180,0.0,43195,부산,2000,월간,11,2000-11-01
12월,470937,0.0,204190160,0.0,326218,0.0,438595231,0.0,144719,부산,2000,월간,12,2000-12-01
1월,5754671,12.8,1776583197,13.6,17391175,16.3,8839516684,3.1,-11636504,서울,2026,월간,1,2026-01-01
2월,5468787,-5.8,1471155039,-11.2,15813386,8.6,7536091040,-0.9,-10344599,서울,2026,월간,2,2026-02-01
3월,6943058,22.9,1597129441,5.1,17688514,12.2,7384357182,-10.2,-10745456,서울,2026,월간,3,2026-03-01
4월,6712597,3.3,1499603566,-17.4,18105650,12.8,6817613133,-15.3,-11393053,서울,2026,월간,4,2026-04-01
5월,6380997,12.6,1339313754,-10.6,17964879,18.8,7015697545,-20.7,-11583882,서울,2026,월간,5,2026-05-01
6월,6940059,21.7,1403006220,-16.5,19761297,31.0,8181693067,5.0,-12821238,서울,2026,월간,6,2026-06-01
7월,7322727,24.1,2002645090,18.9,20167330,22.0,9366304066,18.8,-12844603,서울,2026,월간,7,2026-07-01
1월,5102012,-2.0,1564340778,10.4,14957023,-6.6,8577708325,-3.4,-9855011,서울,2025,월간,1,2025-01-01
2월,5806078,12.7,1656529197,19.0,14560269,0.5,7601899072,-9.2,-8754191,서울,2025,월간,2,2025-02-01
3월,5647573,4.9,1520233390,5.2,15758303,0.9,8223862798,1.4,-10110730,서울,2025,월간,3,2025-03-01
4월,6498918,7.8,1816315242,-4.8,16050537,-3.7,8051067986,-12.8,-9551619,서울,2025,월간,4,2025-04-01
5월,5667087,-3.7,1497510151,-7.2,15128273,-3.3,8842792661,2.9,-9461186,서울,2025,월간,5,2025-05-01
6월,5700775,0.0,1679989596,11.7,15087587,2.4,7793296250,5.6,-9386812,서울,2025,월간,6,2025-06-01
7월,5901858,-7.7,1684878344,-6.8,16532915,3.1,7887313047,-4.2,-10631057,서울,2025,월간,7,2025-07-01
8월,5311979,-9.1,1605340394,-4.7,16389233,-1.5,8479022162,-7.3,-11077254,서울,2025,월간,8,2025-08-01
9월,5889417,9.0,1708587091,4.8,18574256,16.8,8456197422,13.5,-12684839,서울,2025,월간,9,2025-09-01
10월,5399098,-7.9,1339128529,-23.5,18134365,6.4,8165978203,-5.5,-12735267,서울,2025,월간,10,2025-10-01
11월,5824199,1.6,1555268679,-13.7,16755632,12.2,7412052875,-10.2,-10931433,서울,2025,월간,11,2025-11-01
12월,5975183,3.1,1621364144,-6.8,17591229,12.0,7938637667,-3.5,-11616046,서울,2025,월간,12,2025-12-01
1월,5206650,11.4,1417169442,-7.3,16018691,-10.6,8882195718,7.4,-10812041,서울,2024,월간,1,2024-01-01
2월,5153183,-6.6,1392127910,-16.5,14487407,-12.6,8372354781,-2.2,-9334224,서울,2024,월간,2,2024-02-01
3월,5383072,-10.5,1445202326,-10.6,15618265,-14.0,8106932033,-11.0,-10235193,서울,2024,월간,3,2024-03-01
4월,6030602,8.9,1907911288,19.7,16673486,3.2,9234027717,21.0,-10642884,서울,2024,월간,4,2024-04-01
5월,5886038,0.7,1614416553,-5.3,15651235,-3.1,8592602681,6.2,-9765197,서울,2024,월간,5,2024-05-01
6월,5698498,-2.1,1504290390,-16.0,14731425,-12.3,7378812594,-13.1,-9032927,서울,2024,월간,6,2024-06-01
7월,6393640,16.2,1807937338,1.7,16029841,6.2,8234807289,-1.0,-9636201,서울,2024,월간,7,2024-07-01
8월,5841703,6.4,1685326789,-0.7,16639328,4.3,9151154306,11.5,-10797625,서울,2024,월간,8,2024-08-01
9월,5401343,-3.8,1630793423,-2.7,15907176,-4.7,7447739094,-18.1,-10505833,서울,2024,월간,9,2024-09-01
10월,5860335,8.3,1751029175,6.9,17040909,-4.3,8641799000,5.2,-11180574,서울,2024,월간,10,2024-10-01
11월,5732232,2.3,1802274303,5.4,14929225,-7.9,8251772406,2.0,-9196993,서울,2024,월간,11,2024-11-01
12월,5796749,9.1,1740026609,5.4,15699930,0.7,8229552603,-5.6,-9903181,서울,2024,월간,12,2024-12-01
1월,4672559,-20.5,1529172324,-13.4,17920239,1.7,8273130828,-16.9,-13247680,서울,2023,월간,1,2023-01-01
2월,5516103,1.9,1667594713,6.9,16585114,2.6,8557546568,-3.8,-11069011,서울,2023,월간,2,2023-02-01
3월,6015194,-1.0,1616021295,-11.1,18155179,-2.7,9111328187,-2.0,-12139985,서울,2023,월간,3,2023-03-01
4월,5535723,-3.8,1593503092,-1.3,16154479,-11.4,7632129468,-10.0,-10618756,서울,2023,월간,4,2023-04-01
5월,5845856,-4.4,1704276420,-7.3,16152053,-13.3,8089515632,-8.0,-10306197,서울,2023,월간,5,2023-05-01
6월,5820190,-0.7,1791609594,5.7,16799274,-3.3,8495132364,14.5,-10979084,서울,2023,월간,6,2023-06-01
7월,5501892,-6.0,1776853373,7.7,15090828,-19.6,8318351513,-15.4,-9588936,서울,2023,월간,7,2023-07-01
8월,5489353,10.9,1696646326,10.8,15948461,-16.8,8207035239,-7.4,-10459108,서울,2023,월간,8,2023-08-01
9월,5615904,-0.3,1675321514,4.0,16696725,-4.2,9097045855,8.3,-11080821,서울,2023,월간,9,2023-09-01
10월,5412301,9.2,1637850398,16.7,17808913,-0.5,8211595758,15.7,-12396612,서울,2023,월간,10,2023-10-01
11월,5602967,9.6,1710097146,13.0,16206100,-6.4,8090341014,-3.0,-10603133,서울,2023,월간,11,2023-11-01
12월,5314138,0.3,1650454205,4.3,15583130,-6.1,8715696561,6.8,-10268992,서울,2023,월간,12,2023-12-01
1월,5877292,12.5,1765336536,12.2,17613692,26.2,9959322379,23.6,-11736400,서울,2022,월간,1,2022-01-01
2월,5411191,8.8,1559542166,2.7,16171231,24.5,8896877558,22.7,-10760040,서울,2022,월간,2,2022-02-01
3월,6078210,0.5,1817596093,8.7,18664800,18.9,9297638949,12.5,-12586590,서울,2022,월간,3,2022-03-01
4월,5756570,-5.7,1614682156,-7.2,18226575,14.7,8477713740,-5.1,-12470005,서울,2022,월간,4,2022-04-01
5월,6115560,8.7,1837634719,20.3,18620477,23.7,8794355655,11.0,-12504917,서울,2022,월간,5,2022-05-01
6월,5860977,-0.9,1695052181,8.1,17366536,14.8,7419541175,-11.7,-11505559,서울,2022,월간,6,2022-06-01
7월,5855137,2.6,1649053133,-8.2,18779608,15.0,9836567293,4.6,-12924471,서울,2022,월간,7,2022-07-01
8월,4947679,-9.8,1531692997,-14.7,19168668,20.5,8860118799,4.9,-14220989,서울,2022,월간,8,2022-08-01
9월,5633736,-3.0,1611169829,5.4,17436476,9.3,8401755861,-6.3,-11802740,서울,2022,월간,9,2022-09-01
10월,4958058,-13.4,1404061717,-19.2,17890647,7.0,7098453349,-16.7,-12932589,서울,2022,월간,10,2022-10-01
11월,5112893,-12.7,1513738863,-10.4,17306893,0.6,8344669810,-4.5,-12194000,서울,2022,월간,11,2022-11-01
12월,5299196,-12.8,1582533802,-7.0,16603520,-10.1,8162743485,-10.4,-11304324,서울,2022,월간,12,2022-12-01
1월,5226558,21.9,1573558896,0.0,13955801,4.8,8058089720,-13.0,-8729243,서울,2021,월간,1,2021-01-01
2월,4972221,4.8,1518168842,-11.2,12985353,14.1,7249543652,-16.1,-8013132,서울,2021,월간,2,2021-02-01
3월,6045100,28.0,1671401927,5.0,15703930,20.7,8267245920,-0.6,-9658830,서울,2021,월간,3,2021-03-01
4월,6101864,76.1,1740716625,19.9,15890461,33.0,8934975621,2.8,-9788597,서울,2021,월간,4,2021-04-01
5월,5624254,87.8,1527305572,29.9,15057835,42.0,7922142853,-3.5,-9433581,서울,2021,월간,5,2021-05-01
6월,5914267,55.6,1568107808,0.4,15133333,34.2,8404762261,8.6,-9219066,서울,2021,월간,6,2021-06-01
7월,5708337,24.8,1796612474,7.2,16334966,38.3,9401086663,18.2,-10626629,서울,2021,월간,7,2021-07-01
8월,5484784,28.8,1794845114,37.8,15904508,35.2,8450222766,14.5,-10419724,서울,2021,월간,8,2021-08-01
9월,5805184,12.0,1527944633,-16.5,15955151,25.7,8965777544,5.5,-10149967,서울,2021,월간,9,2021-09-01
10월,5721965,18.7,1738024464,13.7,16726511,32.1,8525747517,16.2,-11004546,서울,2021,월간,10,2021-10-01
11월,5858548,15.8,1688805955,22.1,17198119,28.4,8738513346,21.6,-11339571,서울,2021,월간,11,2021-11-01
12월,6075165,12.0,1702354533,8.1,18469141,31.6,9114777189,18.9,-12393976,서울,2021,월간,12,2021-12-01
1월,4288846,-17.2,1574022240,-11.9,13311618,-2.8,9259916647,2.9,-9022772,서울,2020,월간,1,2020-01-01
2월,4744930,11.9,1708971351,16.3,11382166,4.7,8637232447,7.1,-6637236,서울,2020,월간,2,2020-02-01
3월,4721263,-6.0,1591799266,1.3,13010830,-5.3,8319386585,-1.9,-8289567,서울,2020,월간,3,2020-03-01
4월,3464221,-29.3,1452347943,-8.8,11945155,-12.8,8695456898,-0.2,-8480934,서울,2020,월간,4,2020-04-01
5월,2995311,-39.6,1175636700,-20.1,10607186,-20.8,8213142278,-4.4,-7611875,서울,2020,월간,5,2020-05-01
6월,3800924,-14.6,1562335288,15.7,11280657,-6.4,7741196767,1.5,-7479733,서울,2020,월간,6,2020-06-01
7월,4572885,-8.5,1675763753,-1.5,11813121,-14.8,7955109374,-6.9,-7240236,서울,2020,월간,7,2020-07-01
8월,4258746,-7.0,1302775652,-16.7,11763359,-12.6,7381358028,-12.7,-7504613,서울,2020,월간,8,2020-08-01
9월,5181660,12.7,1829391500,18.8,12693598,0.3,8500468894,4.7,-7511938,서울,2020,월간,9,2020-09-01
10월,4819469,-4.5,1527984914,-13.1,12659755,-3.5,7338452164,-0.6,-7840286,서울,2020,월간,10,2020-10-01
11월,5057592,10.1,1383552497,-13.9,13389796,5.0,7184587360,-15.2,-8332204,서울,2020,월간,11,2020-11-01
12월,5425755,12.8,1574480813,-9.1,14036578,-0.3,7664255358,-18.2,-8610823,서울,2020,월간,12,2020-12-01
1월,5182543,3.1,1786798580,-0.4,13698248,-3.6,9002066966,-1.1,-8515705,서울,2019,월간,1,2019-01-01
2월,4239179,-9.1,1468845265,-6.8,10876020,-13.3,8067479584,-6.3,-6636841,서울,2019,월간,2,2019-02-01
3월,5021728,-10.3,1572073758,-14.4,13744992,-1.0,8482954037,6.6,-8723264,서울,2019,월간,3,2019-03-01
4월,4900888,-9.3,1591979947,-1.5,13702278,6.9,8711133223,11.7,-8801390,서울,2019,월간,4,2019-04-01
5월,4959791,-10.3,1471406524,-19.9,13390360,-1.5,8594113428,-2.6,-8430569,서울,2019,월간,5,2019-05-01
6월,4451067,-19.3,1350232543,-20.0,12052948,-11.5,7623911168,-10.0,-7601881,서울,2019,월간,6,2019-06-01
7월,4998672,-9.6,1700467734,-2.2,13857156,-1.7,8547326984,-0.6,-8858484,서울,2019,월간,7,2019-07-01
8월,4579328,-17.9,1564744084,-10.4,13459843,-2.8,8457010317,-3.3,-8880515,서울,2019,월간,8,2019-08-01
9월,4597624,-12.5,1539843686,-4.5,12661070,0.3,8120096007,2.4,-8063446,서울,2019,월간,9,2019-09-01
10월,5047095,-12.6,1758978922,-1.0,13121045,-14.8,7382143146,-18.9,-8073950,서울,2019,월간,10,2019-10-01
11월,4591558,-18.0,1606899682,-10.7,12749374,-7.7,8469642588,4.3,-8157816,서울,2019,월간,11,2019-11-01
12월,4809529,-6.5,1731800315,3.4,14085698,5.7,9370776803,9.6,-9276169,서울,2019,월간,12,2019-12-01
1월,5024303,31.3,1793454895,26.3,14213959,21.3,9104665118,6.8,-9189656,서울,2018,월간,1,2018-01-01
2월,4662726,7.5,1576675699,9.1,12537748,10.7,8609197436,2.3,-7875022,서울,2018,월간,2,2018-02-01
3월,5596951,15.3,1836996691,15.2,13882801,7.2,7960922166,-13.5,-8285850,서울,2018,월간,3,2018-03-01
4월,5402659,20.1,1615848441,1.5,12818700,7.4,7798816007,-8.2,-7416041,서울,2018,월간,4,2018-04-01
5월,5529743,27.1,1836651327,22.6,13600518,18.5,8821933060,5.9,-8070775,서울,2018,월간,5,2018-05-01
6월,5518675,12.5,1687371017,1.5,13617404,19.0,8473202171,11.4,-8098729,서울,2018,월간,6,2018-06-01
7월,5532239,13.4,1738668804,3.9,14103463,17.6,8599978003,1.6,-8571224,서울,2018,월간,7,2018-07-01
8월,5579947,5.1,1746522655,-5.4,13854693,8.3,8741922842,-2.8,-8274746,서울,2018,월간,8,2018-08-01
9월,5254701,-5.9,1611596664,-19.0,12619540,0.4,7932354968,-12.7,-7364839,서울,2018,월간,9,2018-09-01
10월,5773171,42.7,1776810624,32.3,15405917,27.5,9102386036,18.7,-9632746,서울,2018,월간,10,2018-10-01
11월,5596488,3.8,1799522716,-2.1,13813410,1.3,8116973947,-8.4,-8216922,서울,2018,월간,11,2018-11-01
12월,5146381,-4.8,1675504884,-20.8,13324757,-1.6,8552552727,0.0,-8178376,서울,2018,월간,12,2018-12-01
1월,3827788,-11.6,1419825536,14.5,11722164,21.6,8524862262,14.1,-7894376,서울,2017,월간,1,2017-01-01
2월,4339279,-0.5,1445757809,2.4,11328968,29.5,8419400026,3.4,-6989689,서울,2017,월간,2,2017-02-01
3월,4852429,-4.8,1595002817,5.2,12947130,28.1,9206323868,8.1,-8094701,서울,2017,월간,3,2017-03-01
4월,4497584,-14.5,1591683633,-1.7,11938648,21.0,8498594552,6.1,-7441064,서울,2017,월간,4,2017-04-01
5월,4350857,-12.0,1498454074,7.9,11472555,5.7,8328883577,-5.7,-7121698,서울,2017,월간,5,2017-05-01
6월,4905796,7.3,1662822360,5.9,11440492,0.3,7609180519,-6.6,-6534696,서울,2017,월간,6,2017-06-01
7월,4876388,19.3,1674070885,17.9,11997099,13.3,8465547831,0.6,-7120711,서울,2017,월간,7,2017-07-01
8월,5306708,36.9,1847176188,38.1,12788003,15.4,8994490605,13.2,-7481295,서울,2017,월간,8,2017-08-01
9월,5585772,32.8,1989925866,29.5,12566201,14.2,9081943404,4.8,-6980429,서울,2017,월간,9,2017-09-01
10월,4046946,0.7,1343205726,-1.2,12086126,2.6,7666978671,-4.0,-8039180,서울,2017,월간,10,2017-10-01
11월,5390739,26.7,1838992403,26.3,13638279,18.0,8861148373,9.3,-8247540,서울,2017,월간,11,2017-11-01
12월,5405597,22.3,2114533180,42.5,13541723,13.9,8555948494,-1.0,-8136126,서울,2017,월간,12,2017-12-01
1월,4332138,-9.1,1240403784,-19.9,9639791,-23.8,7471506604,-20.2,-5307653,서울,2016,월간,1,2016-01-01
2월,4361708,7.0,1411950584,4.6,8749293,-22.5,8141301946,-12.3,-4387585,서울,2016,월간,2,2016-02-01
3월,5095367,5.3,1515934442,2.5,10109035,-19.7,8514902367,-3.2,-5013668,서울,2016,월간,3,2016-03-01
4월,5257316,4.3,1619546870,-10.4,9865135,-20.8,8010011007,-15.7,-4607819,서울,2016,월간,4,2016-04-01
5월,4945873,3.7,1389381437,-19.2,10856245,-11.3,8829526261,-10.4,-5910372,서울,2016,월간,5,2016-05-01
6월,4574164,-9.1,1570509900,-6.5,11407080,-8.6,8150455475,-4.5,-6832916,서울,2016,월간,6,2016-06-01
7월,4088602,-23.4,1419906892,-5.1,10584769,-19.4,8410970469,-16.6,-6496167,서울,2016,월간,7,2016-07-01
8월,3875722,-19.7,1337149750,3.6,11082559,-1.3,7942632877,-15.1,-7206837,서울,2016,월간,8,2016-08-01
9월,4204946,-24.4,1536619878,2.6,11003610,-1.3,8666714808,6.8,-6798664,서울,2016,월간,9,2016-09-01
10월,4019604,-30.1,1359540769,-1.1,11780310,9.3,7983766884,32.6,-7760706,서울,2016,월간,10,2016-10-01
11월,4253843,-15.3,1456338412,12.8,11559409,11.8,8109623979,11.0,-7305566,서울,2016,월간,11,2016-11-01
12월,4418470,-15.8,1483671611,4.0,11893929,15.0,8638913447,-0.8,-7475459,서울,2016,월간,12,2016-12-01
1월,4765699,-1.9,1548814917,36.7,12644851,14.9,9366810605,44.1,-7879152,서울,2015,월간,1,2015-01-01
2월,4075786,-13.9,1349836473,7.9,11287505,6.7,9278486756,76.4,-7211719,서울,2015,월간,2,2015-02-01
3월,4839523,-8.6,1478325849,16.7,12590287,4.8,8798475685,46.2,-7750764,서울,2015,월간,3,2015-03-01
4월,5042771,-10.2,1806944308,34.2,12461931,3.9,9498672125,91.6,-7419160,서울,2015,월간,4,2015-04-01
5월,4770890,-11.9,1719189242,40.9,12241148,8.0,9858570339,102.1,-7470258,서울,2015,월간,5,2015-05-01
6월,5032555,-4.7,1680244701,35.8,12474125,6.6,8532393713,45.5,-7441570,서울,2015,월간,6,2015-06-01
7월,5334696,-5.6,1496971859,16.6,13126649,1.2,10086772537,55.3,-7791953,서울,2015,월간,7,2015-07-01
8월,4829154,-2.6,1290734587,17.8,11224553,2.3,9358732838,73.6,-6395399,서울,2015,월간,8,2015-08-01
9월,5560470,6.4,1497558630,27.6,11146901,-9.3,8114628458,31.4,-5586431,서울,2015,월간,9,2015-09-01
10월,5752203,7.2,1374323263,6.8,10779902,-11.4,6022638612,-0.6,-5027699,서울,2015,월간,10,2015-10-01
11월,5022352,4.0,1291078862,7.3,10342994,-8.4,7307684906,27.4,-5320642,서울,2015,월간,11,2015-11-01
12월,5247389,2.8,1426836850,12.3,10346980,-14.9,8704886735,42.2,-5099591,서울,2015,월간,12,2015-12-01
1월,4856136,-1.6,1133410797,12.8,11009684,-0.4,6499809680,10.1,-6153548,서울,2014,월간,1,2014-01-01
2월,4735082,5.7,1250991614,40.4,10578520,15.1,5261339103,-2.0,-5843438,서울,2014,월간,2,2014-02-01
3월,5295628,3.9,1266822107,23.1,12014266,11.4,6019350062,6.4,-6718638,서울,2014,월간,3,2014-03-01
4월,5613678,7.7,1346218450,32.0,11998296,9.7,4958370667,-15.0,-6384618,서울,2014,월간,4,2014-04-01
5월,5412832,0.8,1219865836,12.5,11329503,13.0,4879038712,-19.6,-5916671,서울,2014,월간,5,2014-05-01
6월,5281105,12.5,1237166120,32.7,11703512,23.3,5864899647,9.6,-6422407,서울,2014,월간,6,2014-06-01
7월,5648736,6.4,1283462158,9.7,12970601,17.2,6493266948,16.4,-7321865,서울,2014,월간,7,2014-07-01
8월,4959287,-1.2,1095269432,-2.1,10967484,2.0,5392077975,-15.0,-6008197,서울,2014,월간,8,2014-08-01
9월,5228099,8.6,1173962439,13.1,12283602,15.1,6173179728,16.9,-7055503,서울,2014,월간,9,2014-09-01
10월,5364098,1.1,1287155617,8.3,12163108,0.5,6058112538,6.6,-6799010,서울,2014,월간,10,2014-10-01
11월,4829713,-2.1,1203149143,4.0,11291102,2.1,5734182615,-4.4,-6461389,서울,2014,월간,11,2014-11-01
12월,5104916,-0.8,1270370457,5.6,12162858,5.9,6120620986,12.0,-7057942,서울,2014,월간,12,2014-12-01
1월,4937459,19.3,1005006728,19.5,11051414,14.6,5905490207,23.6,-6113955,서울,2013,월간,1,2013-01-01
2월,4479281,-5.9,891291685,-8.2,9188689,-7.3,5366993678,17.2,-4709408,서울,2013,월간,2,2013-02-01
3월,5096751,1.5,1029291953,6.5,10788540,2.6,5658961578,3.9,-5691789,서울,2013,월간,3,2013-03-01
4월,5214049,8.3,1019953871,4.7,10935602,5.9,5831881839,3.6,-5721553,서울,2013,월간,4,2013-04-01
5월,5369179,8.3,1084793858,13.1,10028162,1.8,6065469595,13.6,-4658983,서울,2013,월간,5,2013-05-01
6월,4696213,-4.4,932596254,-2.8,9494846,-3.4,5351618921,6.9,-4798633,서울,2013,월간,6,2013-06-01
7월,5308294,1.9,1169792698,14.8,11070568,14.1,5576300235,-3.5,-5762274,서울,2013,월간,7,2013-07-01
8월,5018446,2.5,1118193419,22.4,10751280,11.5,6342478314,13.0,-5732834,서울,2013,월간,8,2013-08-01
9월,4812882,-6.7,1037910767,-2.6,10674737,5.0,5281370147,-11.0,-5861855,서울,2013,월간,9,2013-09-01
10월,5303305,7.8,1188917836,19.2,12108066,17.0,5685180740,-0.4,-6804761,서울,2013,월간,10,2013-10-01
11월,4934166,-3.2,1156598717,21.4,11063472,6.0,5997050865,1.6,-6129306,서울,2013,월간,11,2013-11-01
12월,5145645,6.5,1203570091,27.3,11484350,9.9,5462785294,2.4,-6338705,서울,2013,월간,12,2013-12-01
1월,4139187,8.6,840764572,14.2,9641781,0.3,4779078475,3.0,-5502594,서울,2012,월간,1,2012-01-01
2월,4760862,31.5,971412650,45.8,9915636,13.7,4577402554,2.2,-5154774,서울,2012,월간,2,2012-02-01
3월,5019163,9.4,966610102,16.8,10516434,-4.5,5448931538,18.4,-5497271,서울,2012,월간,3,2012-03-01
4월,4813000,0.4,974395911,19.5,10326264,3.3,5629715279,28.0,-5513264,서울,2012,월간,4,2012-04-01
5월,4955868,6.4,959375594,-0.9,9851984,-10.3,5340162673,10.5,-4896116,서울,2012,월간,5,2012-05-01
6월,4909991,2.2,959754787,10.9,9826243,-8.2,5006952042,20.2,-4916252,서울,2012,월간,6,2012-06-01
7월,5207518,2.8,1019327813,2.9,9704775,-7.9,5780490170,25.4,-4497257,서울,2012,월간,7,2012-07-01
8월,4896519,1.7,913247976,7.0,9639118,-15.4,5612687548,21.0,-4742599,서울,2012,월간,8,2012-08-01
9월,5157144,3.3,1066062501,20.1,10166886,-3.3,5931583375,34.1,-5009742,서울,2012,월간,9,2012-09-01
10월,4919063,2.1,997262944,18.1,10351356,7.8,5707765165,34.0,-5432293,서울,2012,월간,10,2012-10-01
11월,5098357,2.9,952639279,7.2,10441131,1.7,5904467539,26.3,-5342774,서울,2012,월간,11,2012-11-01
12월,4832577,-4.9,945306596,-0.3,10451461,6.4,5333867365,15.8,-5618884,서울,2012,월간,12,2012-12-01
1월,3812331,23.5,736479644,12.5,9613824,32.4,4640787326,17.1,-5801493,서울,2011,월간,1,2011-01-01
2월,3621551,20.7,666066849,8.3,8723020,19.6,4478792541,9.3,-5101469,서울,2011,월간,2,2011-02-01
3월,4587352,26.8,827549591,8.7,11006919,25.0,4603670020,6.5,-6419567,서울,2011,월간,3,2011-03-01
4월,4795531,28.5,815464997,8.4,9996008,11.6,4399636098,-15.9,-5200477,서울,2011,월간,4,2011-04-01
5월,4657768,19.3,968204275,29.7,10984435,28.5,4833656640,8.5,-6326667,서울,2011,월간,5,2011-05-01
6월,4804811,14.5,865465594,14.7,10708878,22.5,4164664480,-5.4,-5904067,서울,2011,월간,6,2011-06-01
7월,5063328,29.1,990972524,34.0,10533955,17.6,4610820730,-2.7,-5470627,서울,2011,월간,7,2011-07-01
8월,4813123,27.9,853328218,17.4,11392070,31.8,4639336676,15.0,-6578947,서울,2011,월간,8,2011-08-01
9월,4990829,35.2,887768546,22.4,10517212,18.1,4422205193,4.5,-5526383,서울,2011,월간,9,2011-09-01
10월,4820176,15.8,844510169,5.8,9600554,9.4,4261114135,3.2,-4780378,서울,2011,월간,10,2011-10-01
11월,4953576,22.2,888259054,24.2,10265686,8.0,4674250482,11.4,-5312110,서울,2011,월간,11,2011-11-01
12월,5082139,20.4,947966235,7.3,9821702,1.6,4606256202,4.2,-4739563,서울,2011,월간,12,2011-12-01
1월,3086619,57.2,654413646,38.8,7259017,43.3,3961599573,36.8,-4172398,서울,2010,월간,1,2010-01-01
2월,3001403,35.1,614851483,12.6,7291492,41.8,4097528070,39.5,-4290089,서울,2010,월간,2,2010-02-01
3월,3617426,43.0,761021507,29.2,8804499,58.5,4324072232,45.9,-5187073,서울,2010,월간,3,2010-03-01
4월,3732606,44.8,752107164,23.0,8958504,42.5,5233771565,43.5,-5225898,서울,2010,월간,4,2010-04-01
5월,3905238,76.2,746425596,36.1,8546934,54.8,4454344102,47.7,-4641696,서울,2010,월간,5,2010-05-01
6월,4195370,68.4,754836390,32.3,8743232,45.6,4404211684,28.4,-4547862,서울,2010,월간,6,2010-06-01
7월,3920543,27.6,739576509,-4.8,8960930,36.1,4737010161,23.0,-5040387,서울,2010,월간,7,2010-07-01
8월,3763741,35.7,726811122,17.8,8643602,33.5,4035376526,19.4,-4879861,서울,2010,월간,8,2010-08-01
9월,3691092,16.2,725119080,12.3,8903349,25.8,4231903626,24.1,-5212257,서울,2010,월간,9,2010-09-01
10월,4161225,31.9,798066869,20.1,8773891,31.3,4127595542,15.3,-4612666,서울,2010,월간,10,2010-10-01
11월,4052102,21.7,715327543,-2.6,9506371,39.7,4195920392,10.1,-5454269,서울,2010,월간,11,2010-11-01
12월,4220855,18.5,883377958,13.4,9671272,33.0,4420341524,12.8,-5450417,서울,2010,월간,12,2010-12-01
1월,1963816,-32.4,471316810,-20.7,5066885,-31.6,2896917988,-7.5,-3103069,서울,2009,월간,1,2009-01-01
2월,2221319,-23.7,545962883,-0.1,5141715,-20.4,2936808190,-12.3,-2920396,서울,2009,월간,2,2009-02-01
3월,2530184,-7.9,588905686,1.4,5554347,-25.5,2963750055,-6.9,-3024163,서울,2009,월간,3,2009-03-01
4월,2577101,-18.9,611240326,-4.8,6287820,-23.7,3645972187,-5.6,-3710719,서울,2009,월간,4,2009-04-01
5월,2215846,-25.5,548521264,-13.0,5521476,-28.8,3015438688,-18.3,-3305630,서울,2009,월간,5,2009-05-01
6월,2491925,-7.1,570730601,18.6,6004395,-16.0,3430669220,7.2,-3512470,서울,2009,월간,6,2009-06-01
7월,3073055,-0.5,776461715,23.0,6584936,-21.1,3849691427,5.1,-3511881,서울,2009,월간,7,2009-07-01
8월,2774377,8.7,616977854,18.8,6476246,-18.8,3380985343,-0.6,-3701869,서울,2009,월간,8,2009-08-01
9월,3176024,16.4,645635898,17.2,7076580,-11.6,3409525808,2.2,-3900556,서울,2009,월간,9,2009-09-01
10월,3153922,9.0,664651788,14.2,6684397,-10.4,3579894984,20.8,-3530475,서울,2009,월간,10,2009-10-01
11월,3328254,42.0,734736966,52.3,6805337,21.8,3812374935,45.8,-3477083,서울,2009,월간,11,2009-11-01
12월,3561437,55.7,779226267,30.4,7273128,33.0,3917234708,48.7,-3711691,서울,2009,월간,12,2009-12-01
1월,2906336,44.6,594669987,32.0,7406011,43.1,3132368830,14.4,-4499675,서울,2008,월간,1,2008-01-01
2월,2912584,59.6,546292702,25.7,6457611,34.8,3348919653,32.3,-3545027,서울,2008,월간,2,2008-02-01
3월,2748470,18.2,580698717,-28.3,7459031,36.3,3181921622,30.6,-4710561,서울,2008,월간,3,2008-03-01
4월,3179400,41.7,641956793,4.2,8241334,39.5,3862904879,42.2,-5061934,서울,2008,월간,4,2008-04-01
5월,2975928,30.6,630637996,14.2,7759818,29.8,3692263619,6.8,-4783890,서울,2008,월간,5,2008-05-01
6월,2681659,13.6,481316006,-14.6,7145983,23.8,3200723391,6.0,-4464324,서울,2008,월간,6,2008-06-01
7월,3087743,35.6,631070380,14.2,8350725,49.0,3663741255,39.6,-5262982,서울,2008,월간,7,2008-07-01
8월,2552365,9.7,519240856,-7.0,7980268,33.6,3399784621,13.3,-5427903,서울,2008,월간,8,2008-08-01
9월,2728728,29.8,550656573,12.8,8002066,53.2,3336409054,37.1,-5273338,서울,2008,월간,9,2008-09-01
10월,2892475,18.9,582146072,6.1,7462894,16.4,2962643713,-3.2,-4570419,서울,2008,월간,10,2008-10-01
11월,2343426,-6.1,482408485,-16.1,5586130,-12.9,2614467856,-12.0,-3242704,서울,2008,월간,11,2008-11-01
12월,2287261,-0.5,597393269,20.5,5468875,-16.2,2633938333,-11.7,-3181614,서울,2008,월간,12,2008-12-01
1월,2010052,22.3,450384489,18.2,5174314,22.1,2737129382,27.1,-3164262,서울,2007,월간,1,2007-01-01
2월,1824778,2.7,434451036,5.1,4790734,11.6,2530411384,16.4,-2965956,서울,2007,월간,2,2007-02-01
3월,2325768,6.2,810218372,62.9,5473531,11.1,2436199843,-6.1,-3147763,서울,2007,월간,3,2007-03-01
4월,2243301,11.6,616330922,30.3,5907012,26.1,2715996244,-4.5,-3663711,서울,2007,월간,4,2007-04-01
5월,2278364,8.6,552217293,18.7,5979056,23.3,3457645362,31.6,-3700692,서울,2007,월간,5,2007-05-01
6월,2359766,6.0,563465030,18.5,5774073,15.8,3019035862,12.6,-3414307,서울,2007,월간,6,2007-06-01
7월,2277061,7.2,552450946,9.2,5605990,17.0,2625259184,15.2,-3328929,서울,2007,월간,7,2007-07-01
8월,2327536,13.7,558575131,24.5,5973056,14.4,3000022315,12.4,-3645520,서울,2007,월간,8,2007-08-01
9월,2102856,-7.8,488003814,-16.0,5224262,-2.9,2433048894,-7.8,-3121406,서울,2007,월간,9,2007-09-01
10월,2433513,27.6,548489302,31.9,6412314,28.7,3060745816,26.7,-3978801,서울,2007,월간,10,2007-10-01
11월,2496255,13.9,574738348,22.0,6409973,21.7,2970892008,26.7,-3913718,서울,2007,월간,11,2007-11-01
12월,2299471,3.5,495798145,11.0,6527795,26.5,2981825494,10.6,-4228324,서울,2007,월간,12,2007-12-01
1월,1643413,-24.4,380910633,-10.6,4236237,6.5,2153862969,-2.6,-2592824,서울,2006,월간,1,2006-01-01
2월,1776980,-1.6,413383076,13.6,4292579,27.8,2172981482,14.6,-2515599,서울,2006,월간,2,2006-02-01
3월,2190407,-7.6,497342976,9.5,4925430,8.3,2593888821,2.9,-2735023,서울,2006,월간,3,2006-03-01
4월,2009925,-13.2,472996716,7.3,4685636,7.8,2843398191,10.3,-2675711,서울,2006,월간,4,2006-04-01
5월,2098289,8.3,465063483,16.4,4848262,17.8,2628386254,-2.1,-2749973,서울,2006,월간,5,2006-05-01
6월,2226059,7.7,475382057,13.3,4986602,14.8,2681324711,7.6,-2760543,서울,2006,월간,6,2006-06-01
7월,2124431,9.3,505907212,21.0,4793391,15.1,2279777212,-3.6,-2668960,서울,2006,월간,7,2006-07-01
8월,2047792,7.5,448772116,15.9,5220094,17.3,2668986224,14.2,-3172302,서울,2006,월간,8,2006-08-01
9월,2279715,13.4,580921826,48.4,5378544,27.6,2637877448,17.2,-3098829,서울,2006,월간,9,2006-09-01
10월,1906720,-3.1,415866391,5.3,4981410,18.4,2415579052,8.6,-3074690,서울,2006,월간,10,2006-10-01
11월,2191698,14.0,470910182,23.6,5266839,13.5,2344415034,-11.2,-3075141,서울,2006,월간,11,2006-11-01
12월,2222137,7.7,446708901,-0.6,5159891,11.1,2696969740,11.8,-2937754,서울,2006,월간,12,2006-12-01
1월,2174814,-10.5,426182698,9.5,3978136,8.9,2211527338,3.2,-1803322,서울,2005,월간,1,2005-01-01
2월,1805625,-31.3,363989511,-19.5,3358519,-9.4,1895903903,-2.9,-1552894,서울,2005,월간,2,2005-02-01
3월,2370806,-21.3,454379367,-0.7,4549895,-1.0,2520283815,3.8,-2179089,서울,2005,월간,3,2005-03-01
4월,2314869,-18.9,440940147,-6.8,4348490,-2.5,2578564914,-3.8,-2033621,서울,2005,월간,4,2005-04-01
5월,1938320,-22.9,399705164,-11.6,4117102,-0.6,2685308038,11.6,-2178782,서울,2005,월간,5,2005-05-01
6월,2067294,-11.9,419473957,-8.0,4343328,8.8,2491095395,6.2,-2276034,서울,2005,월간,6,2005-06-01
7월,1944387,-21.8,418249197,-5.8,4164560,8.7,2365837781,0.9,-2220173,서울,2005,월간,7,2005-07-01
8월,1904473,-9.0,387201309,-1.1,4448780,12.0,2336260996,9.6,-2544307,서울,2005,월간,8,2005-08-01
9월,2009803,-13.1,391413599,-13.6,4213862,10.6,2251172095,11.9,-2204059,서울,2005,월간,9,2005-09-01
10월,1968554,-16.1,394989266,-12.1,4208227,2.5,2224641161,6.9,-2239673,서울,2005,월간,10,2005-10-01
11월,1921883,-16.7,380906957,-21.5,4639388,18.9,2639089042,22.8,-2717505,서울,2005,월간,11,2005-11-01
12월,2064033,-20.3,449468846,-40.6,4646092,10.3,2413233821,-6.3,-2582059,서울,2005,월간,12,2005-12-01
1월,2430602,33.9,389052204,-15.6,3652840,9.7,2143459414,-7.4,-1222238,서울,2004,월간,1,2004-01-01
2월,2627324,49.2,452066252,10.2,3706362,24.5,1953446250,-19.5,-1079038,서울,2004,월간,2,2004-02-01
3월,3013534,49.7,457615854,3.7,4597641,33.3,2429015538,5.3,-1584107,서울,2004,월간,3,2004-03-01
4월,2854824,31.5,473351472,2.0,4460078,30.4,2680474051,2.8,-1605254,서울,2004,월간,4,2004-04-01
5월,2514845,20.2,452245153,-1.0,4142252,31.3,2405920837,-2.0,-1627407,서울,2004,월간,5,2004-05-01
6월,2346147,1.8,456159568,-4.0,3992719,14.9,2346315179,8.4,-1646572,서울,2004,월간,6,2004-06-01
7월,2485330,6.0,444140224,-9.4,3829529,10.2,2345474805,-5.6,-1344199,서울,2004,월간,7,2004-07-01
8월,2093138,-7.0,391580418,-10.3,3971038,21.4,2131365627,-5.5,-1877900,서울,2004,월간,8,2004-08-01
9월,2312143,-2.5,453194971,-21.8,3811313,7.9,2011308119,-13.8,-1499170,서울,2004,월간,9,2004-09-01
10월,2347515,-15.2,449468588,-14.0,4106934,3.8,2080487949,-20.0,-1759419,서울,2004,월간,10,2004-10-01
11월,2308539,-15.6,485318033,-0.6,3900349,3.8,2148505458,0.9,-1591810,서울,2004,월간,11,2004-11-01
12월,2590022,-17.5,757059924,42.5,4211441,0.9,2576159932,19.8,-1621419,서울,2004,월간,12,2004-12-01
1월,1815038,-1.9,460911132,-46.3,3328492,16.7,2313905365,-3.2,-1513454,서울,2003,월간,1,2003-01-01
2월,1760840,2.7,410345324,-41.6,2976397,17.3,2427763485,13.1,-1215557,서울,2003,월간,2,2003-02-01
3월,2013434,-15.4,441172099,-40.7,3448389,12.6,2307778969,-1.8,-1434955,서울,2003,월간,3,2003-03-01
4월,2171599,2.4,463886392,-28.4,3420390,10.2,2607309259,9.0,-1248791,서울,2003,월간,4,2003-04-01
5월,2092164,-8.9,456751003,-25.8,3155751,3.4,2454324039,-6.0,-1063587,서울,2003,월간,5,2003-05-01
6월,2305480,7.8,475052636,-12.8,3475526,21.1,2165483437,-9.0,-1170046,서울,2003,월간,6,2003-06-01
7월,2344139,4.8,490475566,-13.1,3474931,4.3,2484043931,-2.7,-1130792,서울,2003,월간,7,2003-07-01
8월,2251761,2.2,436449665,-24.7,3270546,3.5,2254517292,-0.4,-1018785,서울,2003,월간,8,2003-08-01
9월,2370890,10.4,579574125,8.0,3532083,16.4,2334006412,-2.6,-1161193,서울,2003,월간,9,2003-09-01
10월,2768877,14.2,522595335,-17.3,3955775,17.8,2600868757,-6.8,-1186898,서울,2003,월간,10,2003-10-01
11월,2735032,21.9,488264588,-18.1,3756853,17.5,2129870141,-14.0,-1021821,서울,2003,월간,11,2003-11-01
12월,3140621,49.3,531206022,-6.4,4171988,25.6,2150382625,-12.2,-1031367,서울,2003,월간,12,2003-12-01
1월,1850943,-21.0,858135895,-28.0,2852112,-4.1,2390506431,-66.4,-1001169,서울,2002,월간,1,2002-01-01
2월,1714066,-30.6,702365344,-43.3,2537556,-2.3,2146374698,-65.5,-823490,서울,2002,월간,2,2002-02-01
3월,2381205,-9.3,743766536,-45.1,3062372,4.7,2351202712,-62.5,-681167,서울,2002,월간,3,2002-03-01
4월,2121314,-9.3,647920938,-58.1,3103126,23.2,2391314402,1.7,-981812,서울,2002,월간,4,2002-04-01
5월,2296069,-13.4,615834695,-59.7,3051912,20.2,2612299161,38.9,-755843,서울,2002,월간,5,2002-05-01
6월,2139197,-28.2,544750030,-65.7,2871048,5.6,2378619601,4.4,-731851,서울,2002,월간,6,2002-06-01
7월,2237689,-7.6,564471420,-61.1,3331543,21.4,2552522615,13.5,-1093854,서울,2002,월간,7,2002-07-01
8월,2203709,-8.7,579794228,-57.3,3160091,12.8,2263130057,-9.8,-956382,서울,2002,월간,8,2002-08-01
9월,2147141,-16.1,536550265,-57.3,3035032,13.2,2396788339,9.5,-887891,서울,2002,월간,9,2002-09-01
10월,2424611,11.0,631822610,-42.1,3356677,23.2,2789258017,28.7,-932066,서울,2002,월간,10,2002-10-01
11월,2243315,4.8,596288803,-41.2,3197028,17.2,2475985640,1.7,-953713,서울,2002,월간,11,2002-11-01
12월,2103661,3.5,567677459,-31.3,3321710,13.0,2448892774,3.8,-1218049,서울,2002,월간,12,2002-12-01
1월,2342660,9.3,1191104546,1.4,2973804,-11.5,7107967171,33.6,-631144,서울,2001,월간,1,2001-01-01
2월,2468880,12.4,1238547707,12.0,2598156,-22.3,6218842807,24.6,-129276,서울,2001,월간,2,2001-02-01
3월,2624031,-7.8,1354207236,9.1,2923957,-28.1,6268682325,21.4,-299926,서울,2001,월간,3,2001-03-01
4월,2338669,-6.6,1545345741,22.5,2517868,-33.7,2350632511,-67.6,-179199,서울,2001,월간,4,2001-04-01
5월,2651044,-6.8,1527736072,10.7,2538213,-35.0,1880374996,-68.3,112831,서울,2001,월간,5,2001-05-01
6월,2977629,2.7,1587375792,15.6,2718578,-25.3,2279418628,-44.9,259051,서울,2001,월간,6,2001-06-01
7월,2421716,-14.0,1452507589,8.3,2745267,-27.8,2248623986,-65.0,-323551,서울,2001,월간,7,2001-07-01
8월,2413058,-11.0,1358354064,11.6,2800287,-26.2,2508191529,-72.6,-387229,서울,2001,월간,8,2001-08-01
9월,2559207,-6.8,1256329934,-14.5,2681853,-20.9,2188737444,-63.4,-122646,서울,2001,월간,9,2001-09-01
10월,2183997,-18.7,1090566381,-17.8,2725019,-27.8,2167562380,-76.1,-541022,서울,2001,월간,10,2001-10-01
11월,2140682,-23.2,1014525201,-24.4,2726795,-30.3,2434893295,-75.2,-586113,서울,2001,월간,11,2001-11-01
12월,2032994,-25.8,825975723,-38.1,2938419,-13.1,2358670563,-72.1,-905425,서울,2001,월간,12,2001-12-01
1월,2142470,0.0,1174595668,0.0,3360466,0.0,5321797197,0.0,-1217996,서울,2000,월간,1,2000-01-01
2월,2196865,0.0,1105570321,0.0,3344029,0.0,4992816862,0.0,-1147164,서울,2000,월간,2,2000-02-01
3월,2845139,0.0,1241625082,0.0,4065303,0.0,5163035771,0.0,-1220164,서울,2000,월간,3,2000-03-01
4월,2503201,0.0,1261330465,0.0,3794869,0.0,7250440185,0.0,-1291668,서울,2000,월간,4,2000-04-01
5월,2843303,0.0,1380347151,0.0,3905641,0.0,5938826730,0.0,-1062338,서울,2000,월간,5,2000-05-01
6월,2898174,0.0,1373106190,0.0,3637652,0.0,4139212855,0.0,-739478,서울,2000,월간,6,2000-06-01
7월,2817007,0.0,1341349137,0.0,3804398,0.0,6425475349,0.0,-987391,서울,2000,월간,7,2000-07-01
8월,2711529,0.0,1217467679,0.0,3794115,0.0,9168975845,0.0,-1082586,서울,2000,월간,8,2000-08-01
9월,2744884,0.0,1470086086,0.0,3390700,0.0,5975970127,0.0,-645816,서울,2000,월간,9,2000-09-01
10월,2684692,0.0,1327113731,0.0,3774787,0.0,9076043493,0.0,-1090095,서울,2000,월간,10,2000-10-01
11월,2786146,0.0,1342266917,0.0,3909761,0.0,9834447066,0.0,-1123615,서울,2000,월간,11,2000-11-01
12월,2740008,0.0,1335136836,0.0,3381813,0.0,8453327401,0.0,-641805,서울,2000,월간,12,2000-12-01
1월,136782,46.2,8082105,-5.1,222531,79.0,509503201,92.9,-85749,세종,2026,월간,1,2026-01-01
2월,128627,3.2,9010092,-9.7,140898,18.9,280071872,-19.9,-12271,세종,2026,월간,2,2026-02-01
3월,155199,38.0,9694434,10.5,133237,-9.6,179290816,-29.6,21962,세종,2026,월간,3,2026-03-01
4월,151754,28.2,10343947,17.4,153256,18.7,261644172,-16.7,-1502,세종,2026,월간,4,2026-04-01
5월,148428,34.1,9948024,22.0,175943,20.5,230007561,-30.0,-27515,세종,2026,월간,5,2026-05-01
6월,145823,21.8,10702958,29.8,160934,5.1,194455571,-43.8,-15111,세종,2026,월간,6,2026-06-01
7월,158984,19.0,13879915,45.1,177850,51.4,288096157,59.6,-18866,세종,2026,월간,7,2026-07-01
1월,93528,-27.3,8513527,-32.1,124300,-25.8,264170080,-23.6,-30772,세종,2025,월간,1,2025-01-01
2월,124618,3.9,9978625,-27.0,118486,15.8,349599490,7.4,6132,세종,2025,월간,2,2025-02-01
3월,112481,-6.4,8770950,-33.7,147391,-14.4,254711139,-20.6,-34910,세종,2025,월간,3,2025-03-01
4월,118333,12.9,8814142,-20.1,129125,-7.4,314147457,10.6,-10792,세종,2025,월간,4,2025-04-01
5월,110704,-2.1,8152438,-32.6,145950,14.0,328381744,18.8,-35246,세종,2025,월간,5,2025-05-01
6월,119741,-64.4,8247308,-17.7,153192,18.8,346003226,7.2,-33451,세종,2025,월간,6,2025-06-01
7월,133550,18.6,9566214,-2.4,117477,-18.0,180542589,-49.5,16073,세종,2025,월간,7,2025-07-01
8월,114564,12.4,7383081,-11.6,115031,-1.0,273553970,5.4,-467,세종,2025,월간,8,2025-08-01
9월,124987,15.3,9601364,30.1,130325,-16.9,276931510,-28.3,-5338,세종,2025,월간,9,2025-09-01
10월,105435,4.6,6644343,-21.3,143956,-13.4,250219538,-8.3,-38521,세종,2025,월간,10,2025-10-01
11월,102237,-2.0,6902312,-24.6,140395,-5.9,250294649,-23.1,-38158,세종,2025,월간,11,2025-11-01
12월,133083,35.6,9884479,47.4,195809,51.7,246509793,-23.1,-62726,세종,2025,월간,12,2025-12-01
1월,128734,31.3,12533780,44.4,167582,34.8,345709111,-8.7,-38848,세종,2024,월간,1,2024-01-01
2월,119885,53.6,13662526,75.0,102291,2.1,325620731,37.7,17594,세종,2024,월간,2,2024-02-01
3월,120192,23.3,13236191,37.9,172123,43.8,320980556,0.1,-51931,세종,2024,월간,3,2024-03-01
4월,104854,8.5,11028986,15.9,139449,11.7,283967285,-7.8,-34595,세종,2024,월간,4,2024-04-01
5월,113049,13.5,12104453,18.4,128009,-16.6,276367273,-12.4,-14960,세종,2024,월간,5,2024-05-01
6월,336789,226.8,10023657,-0.2,128980,-11.4,322744739,45.2,207809,세종,2024,월간,6,2024-06-01
7월,112623,12.1,9798056,2.7,143181,31.4,357677339,44.4,-30558,세종,2024,월간,7,2024-07-01
8월,101889,-1.8,8351801,-9.0,116214,-1.2,259654081,41.4,-14325,세종,2024,월간,8,2024-08-01
9월,108362,-1.7,7382485,-31.1,156802,35.2,386450107,48.4,-48440,세종,2024,월간,9,2024-09-01
10월,100809,-16.0,8443525,-33.7,166230,25.6,272970549,8.8,-65421,세종,2024,월간,10,2024-10-01
11월,104336,-16.1,9159723,-30.8,149159,43.5,325536825,125.5,-44823,세종,2024,월간,11,2024-11-01
12월,98153,-14.7,6705541,-40.9,129070,-22.7,320359728,-0.6,-30917,세종,2024,월간,12,2024-12-01
1월,98028,-27.9,8679098,-39.2,124286,-9.9,378723677,27.8,-26258,세종,2023,월간,1,2023-01-01
2월,78070,-39.5,7806651,-40.0,100212,12.5,236432947,16.7,-22142,세종,2023,월간,2,2023-02-01
3월,97446,-35.9,9595018,-37.8,119731,-21.7,320773165,62.6,-22285,세종,2023,월간,3,2023-03-01
4월,96612,-30.6,9515496,-33.1,124878,4.4,307945967,72.0,-28266,세종,2023,월간,4,2023-04-01
5월,99604,-33.6,10221773,-36.7,153493,-11.8,315354129,-7.6,-53889,세종,2023,월간,5,2023-05-01
6월,103071,-30.9,10045378,-22.5,145539,-5.3,222272300,6.4,-42468,세종,2023,월간,6,2023-06-01
7월,100443,-23.0,9541178,-24.8,108966,-29.1,247638505,-10.0,-8523,세종,2023,월간,7,2023-07-01
8월,103805,-20.8,9178157,-24.5,117593,-4.0,183578063,72.3,-13788,세종,2023,월간,8,2023-08-01
9월,110236,-25.3,10715667,-10.0,115984,-22.1,260385169,-25.8,-5748,세종,2023,월간,9,2023-09-01
10월,120015,-12.7,12739609,0.8,132336,-23.3,250814559,-43.0,-12321,세종,2023,월간,10,2023-10-01
11월,124323,8.4,13229819,25.2,103926,-4.5,144358959,-25.3,20397,세종,2023,월간,11,2023-11-01
12월,115064,11.5,11344133,15.5,166983,2.3,322410618,10.0,-51919,세종,2023,월간,12,2023-12-01
1월,135979,8.9,14273371,13.1,137892,-9.5,296311047,172.7,-1913,세종,2022,월간,1,2022-01-01
2월,129055,20.3,13010225,12.9,89116,24.3,202609273,572.0,39939,세종,2022,월간,2,2022-02-01
3월,152034,17.0,15419332,-1.2,152849,44.4,197271741,240.8,-815,세종,2022,월간,3,2022-03-01
4월,139125,18.5,14216206,-0.4,119668,2.8,178995008,157.9,19457,세종,2022,월간,4,2022-04-01
5월,149953,18.9,16159400,9.1,173985,25.2,341336307,230.5,-24032,세종,2022,월간,5,2022-05-01
6월,149195,26.1,12960927,-8.4,153640,51.6,208972749,378.1,-4445,세종,2022,월간,6,2022-06-01
7월,130529,-0.9,12693529,-18.8,153649,25.2,275285830,303.8,-23120,세종,2022,월간,7,2022-07-01
8월,131107,11.8,12153641,-0.8,122449,16.7,106537313,71.4,8658,세종,2022,월간,8,2022-08-01
9월,147563,6.4,11910636,-14.8,148930,36.9,350964005,520.4,-1367,세종,2022,월간,9,2022-09-01
10월,137541,-4.8,12635545,-6.8,172520,113.9,439838029,1950.6,-34979,세종,2022,월간,10,2022-10-01
11월,114705,-16.3,10570986,-31.0,108871,17.3,193147267,381.9,5834,세종,2022,월간,11,2022-11-01
12월,103223,-25.8,9824134,-28.9,163157,13.2,293199843,210.7,-59934,세종,2022,월간,12,2022-12-01
1월,124850,22.0,12625329,-34.5,152309,12.2,108640818,-16.7,-27459,세종,2021,월간,1,2021-01-01
2월,107310,-1.9,11523196,-41.3,71672,-2.4,30150259,-38.6,35638,세종,2021,월간,2,2021-02-01
3월,129996,20.5,15609425,-16.2,105853,11.4,57885142,2.2,24143,세종,2021,월간,3,2021-03-01
4월,117389,26.7,14272587,5.7,116372,15.7,69398177,14.7,1017,세종,2021,월간,4,2021-04-01
5월,126082,50.0,14810204,10.3,138953,61.6,103284221,93.5,-12871,세종,2021,월간,5,2021-05-01
6월,118302,19.5,14153014,-17.5,101340,-16.0,43708336,-47.3,16962,세종,2021,월간,6,2021-06-01
7월,131723,12.8,15623188,-4.1,122707,3.5,68176590,-11.7,9016,세종,2021,월간,7,2021-07-01
8월,117297,7.1,12246724,4.6,104914,57.9,62139760,71.1,12383,세종,2021,월간,8,2021-08-01
9월,138662,29.8,13973733,-2.9,108755,16.8,56573370,6.5,29907,세종,2021,월간,9,2021-09-01
10월,144507,29.8,13551468,-6.2,80652,-4.4,21449195,-60.8,63855,세종,2021,월간,10,2021-10-01
11월,137074,0.1,15313312,-2.1,92807,8.6,40082098,33.6,44267,세종,2021,월간,11,2021-11-01
12월,139141,12.5,13812561,3.3,144076,15.5,94368303,7.0,-4935,세종,2021,월간,12,2021-12-01
1월,102309,12.5,19265661,18.9,135759,-22.0,130357669,30.3,-33450,세종,2020,월간,1,2020-01-01
2월,109377,14.3,19634449,31.1,73470,-14.1,49101636,48.5,35907,세종,2020,월간,2,2020-02-01
3월,107921,-2.4,18634535,5.3,95023,9.3,56628544,3.2,12898,세종,2020,월간,3,2020-03-01
4월,92669,0.2,13508790,-30.3,100590,4.4,60528833,-1.5,-7921,세종,2020,월간,4,2020-04-01
5월,84031,-14.0,13426008,-35.0,86008,-85.0,53384312,-57.6,-1977,세종,2020,월간,5,2020-05-01
6월,98983,5.1,17163972,-3.4,120693,53.0,82972432,87.3,-21710,세종,2020,월간,6,2020-06-01
7월,116742,-4.5,16286232,-28.9,118512,32.0,77172438,85.6,-1770,세종,2020,월간,7,2020-07-01
8월,109557,-1.0,11711245,-39.5,66451,-9.0,36313438,5.9,43106,세종,2020,월간,8,2020-08-01
9월,106827,-5.8,14396010,-12.8,93137,50.4,53145062,118.3,13690,세종,2020,월간,9,2020-09-01
10월,111370,-12.0,14443319,-32.2,84360,26.4,54786049,191.4,27010,세종,2020,월간,10,2020-10-01
11월,136953,22.0,15637833,-10.5,85477,38.6,29990348,48.8,51476,세종,2020,월간,11,2020-11-01
12월,123649,4.3,13364961,-31.6,124781,9.4,88194465,11.5,-1132,세종,2020,월간,12,2020-12-01
1월,90936,14.7,16209283,21.8,174119,50.2,100053129,23.6,-83183,세종,2019,월간,1,2019-01-01
2월,95704,33.3,14977248,56.8,85555,-25.9,33071873,-70.4,10149,세종,2019,월간,2,2019-02-01
3월,110519,10.6,17703105,5.5,86909,-2.9,54871209,-5.1,23610,세종,2019,월간,3,2019-03-01
4월,92453,-16.4,19368310,-2.4,96368,-8.6,61420343,-33.5,-3915,세종,2019,월간,4,2019-04-01
5월,97766,-11.9,20656601,10.8,573215,373.5,125888555,36.1,-475449,세종,2019,월간,5,2019-05-01
6월,94143,-6.4,17768354,-6.3,78887,-12.9,44305226,-39.8,15256,세종,2019,월간,6,2019-06-01
7월,122216,13.9,22916111,6.6,89780,-8.6,41572535,-47.2,32436,세종,2019,월간,7,2019-07-01
8월,110615,9.2,19355887,-2.0,73027,7.6,34299129,21.1,37588,세종,2019,월간,8,2019-08-01
9월,113396,12.5,16507428,-1.9,61929,0.3,24342506,-20.8,51467,세종,2019,월간,9,2019-09-01
10월,126543,3.3,21296161,3.4,66741,-40.2,18802609,-81.3,59802,세종,2019,월간,10,2019-10-01
11월,112282,-2.9,17475238,-15.4,61687,-54.9,20152901,-75.2,50595,세종,2019,월간,11,2019-11-01
12월,118580,9.1,19527789,19.3,114024,-14.4,79105026,9.7,4556,세종,2019,월간,12,2019-12-01
1월,79285,-3.4,13305869,-5.4,115957,21.3,80926551,-7.7,-36672,세종,2018,월간,1,2018-01-01
2월,71793,-21.6,9549980,-22.9,115534,21.4,111886166,56.4,-43741,세종,2018,월간,2,2018-02-01
3월,99971,17.9,16776952,12.2,89490,-34.7,57833360,-59.8,10481,세종,2018,월간,3,2018-03-01
4월,110598,34.8,19837883,48.8,105417,0.8,92375458,22.4,5181,세종,2018,월간,4,2018-04-01
5월,110955,52.5,18651374,26.6,121069,2.7,92478602,-15.4,-10114,세종,2018,월간,5,2018-05-01
6월,100558,18.7,18968096,47.6,90610,-25.3,73643363,-32.3,9948,세종,2018,월간,6,2018-06-01
7월,107325,25.5,21489244,75.4,98282,-0.3,78697513,-4.3,9043,세종,2018,월간,7,2018-07-01
8월,101280,18.6,19743522,51.4,67853,-22.9,28328514,-69.2,33427,세종,2018,월간,8,2018-08-01
9월,100823,4.4,16835332,28.1,61716,-49.9,30745129,-33.4,39107,세종,2018,월간,9,2018-09-01
10월,122505,65.0,20596282,53.6,111551,47.7,100642028,144.3,10954,세종,2018,월간,10,2018-10-01
11월,115644,24.7,20666891,28.0,136736,39.0,81216152,-20.5,-21092,세종,2018,월간,11,2018-11-01
12월,108641,18.2,16368217,19.3,133229,68.6,72125178,34.5,-24588,세종,2018,월간,12,2018-12-01
1월,82036,1.1,14058057,17.8,95614,32.0,87714210,148.2,-13578,세종,2017,월간,1,2017-01-01
2월,91584,32.7,12387765,30.0,95156,6.0,71516774,-7.7,-3572,세종,2017,월간,2,2017-02-01
3월,84815,2.0,14952717,22.7,137053,46.0,143688088,154.4,-52238,세종,2017,월간,3,2017-03-01
4월,82075,14.1,13333432,13.6,104603,-6.0,75446986,-28.5,-22528,세종,2017,월간,4,2017-04-01
5월,72770,-14.2,14730592,-2.4,117847,27.4,109292672,97.2,-45077,세종,2017,월간,5,2017-05-01
6월,84705,4.1,12854678,-3.4,121366,2.8,108716653,16.6,-36661,세종,2017,월간,6,2017-06-01
7월,85527,2.8,12248216,10.4,98547,14.7,82238413,26.1,-13020,세종,2017,월간,7,2017-07-01
8월,85426,1.0,13039804,5.0,87976,13.2,91851084,138.0,-2550,세종,2017,월간,8,2017-08-01
9월,96557,3.3,13139217,18.3,123240,31.5,46148699,-43.4,-26683,세종,2017,월간,9,2017-09-01
10월,74252,-20.2,13404792,7.4,75544,-25.0,41202411,-44.7,-1292,세종,2017,월간,10,2017-10-01
11월,92762,-1.1,16142262,16.1,98391,-11.6,102181884,4.3,-5629,세종,2017,월간,11,2017-11-01
12월,91919,-0.5,13723833,0.9,79000,-16.0,53604915,-21.1,12919,세종,2017,월간,12,2017-12-01
1월,81115,-12.5,11934509,3.4,72460,-31.8,35339283,-60.5,8655,세종,2016,월간,1,2016-01-01
2월,69006,-7.0,9532217,33.5,89730,36.4,77466424,280.4,-20724,세종,2016,월간,2,2016-02-01
3월,83127,-6.6,12183869,44.7,93863,18.5,56475359,92.8,-10736,세종,2016,월간,3,2016-03-01
4월,71936,-13.5,11732530,50.1,111239,39.2,105492499,154.5,-39303,세종,2016,월간,4,2016-04-01
5월,84782,32.5,15085682,100.3,92491,-3.5,55433281,-38.2,-7709,세종,2016,월간,5,2016-05-01
6월,81352,13.8,13303776,53.8,118025,7.3,93219493,8.8,-36673,세종,2016,월간,6,2016-06-01
7월,83237,21.2,11093909,17.6,85891,0.0,65201109,-6.3,-2654,세종,2016,월간,7,2016-07-01
8월,84562,39.8,12415788,43.6,77705,-21.6,38600993,-41.7,6857,세종,2016,월간,8,2016-08-01
9월,93479,31.8,11109414,23.8,93742,4.5,81605121,44.6,-263,세종,2016,월간,9,2016-09-01
10월,93074,4.9,12475743,-4.6,100682,1.9,74464832,-17.5,-7608,세종,2016,월간,10,2016-10-01
11월,93759,14.4,13901171,7.3,111295,-5.6,97970972,-8.8,-17536,세종,2016,월간,11,2016-11-01
12월,92407,11.1,13600779,11.7,94013,17.9,67956567,168.5,-1606,세종,2016,월간,12,2016-12-01
1월,92744,32.6,11545630,72.7,106196,18.4,89385255,46.6,-13452,세종,2015,월간,1,2015-01-01
2월,74211,7.4,7138231,-19.7,65806,-1.1,20366404,-41.5,8405,세종,2015,월간,2,2015-02-01
3월,89039,13.1,8419389,-12.1,79207,3.3,29292460,-46.5,9832,세종,2015,월간,3,2015-03-01
4월,83137,-0.4,7815415,-19.9,79935,9.8,41455214,40.6,3202,세종,2015,월간,4,2015-04-01
5월,63988,-13.9,7531296,-23.1,95883,-0.3,89636610,33.3,-31895,세종,2015,월간,5,2015-05-01
6월,71481,-17.9,8649454,-10.0,110037,18.6,85643264,34.2,-38556,세종,2015,월간,6,2015-06-01
7월,68700,-26.0,9435154,-6.3,85917,-15.6,69609888,-20.4,-17217,세종,2015,월간,7,2015-07-01
8월,60507,-25.5,8644697,32.5,99159,28.6,66243549,32.0,-38652,세종,2015,월간,8,2015-08-01
9월,70948,-23.1,8971294,13.6,89701,-13.3,56452829,-34.7,-18753,세종,2015,월간,9,2015-09-01
10월,88714,-8.7,13076899,58.0,98833,1.5,90263981,55.7,-10119,세종,2015,월간,10,2015-10-01
11월,81974,-16.4,12949399,27.7,117862,-16.2,107469495,8.5,-35888,세종,2015,월간,11,2015-11-01
12월,83177,-13.5,12173674,6.8,79758,-40.9,25307245,-74.1,3419,세종,2015,월간,12,2015-12-01
1월,69955,-11.9,6686561,12.2,89669,37.2,60980678,199.9,-19714,세종,2014,월간,1,2014-01-01
2월,69104,4.1,8892932,-6.5,66515,-9.7,34794545,-37.0,2589,세종,2014,월간,2,2014-02-01
3월,78742,30.1,9581450,-18.4,76677,-12.7,54730548,-20.4,2065,세종,2014,월간,3,2014-03-01
4월,83508,35.2,9760206,-21.7,72798,-13.0,29479315,-57.3,10710,세종,2014,월간,4,2014-04-01
5월,74317,1.9,9795343,-24.2,96135,22.4,67261419,30.0,-21818,세종,2014,월간,5,2014-05-01
6월,87054,18.9,9608077,28.6,92786,63.1,63819646,179.7,-5732,세종,2014,월간,6,2014-06-01
7월,92779,5.7,10066905,-6.5,101833,3.3,87499713,35.6,-9054,세종,2014,월간,7,2014-07-01
8월,81228,-5.9,6525548,-42.1,77094,-26.1,50191390,-23.9,4134,세종,2014,월간,8,2014-08-01
9월,92242,17.7,7897996,37.2,103414,14.4,86445042,88.9,-11172,세종,2014,월간,9,2014-09-01
10월,97142,34.5,8276993,22.2,97348,-14.6,57978937,-31.4,-206,세종,2014,월간,10,2014-10-01
11월,98070,24.2,10144456,45.3,140714,35.3,99014450,47.3,-42644,세종,2014,월간,11,2014-11-01
12월,96177,12.1,11402096,32.4,135034,34.3,97793327,74.0,-38857,세종,2014,월간,12,2014-12-01
1월,79412,0.0,5957883,0.0,65344,0.0,20333102,0.0,14068,세종,2013,월간,1,2013-01-01
2월,66391,0.0,9511485,0.0,73630,0.0,55223361,0.0,-7239,세종,2013,월간,2,2013-02-01
3월,60542,0.0,11744251,0.0,87830,0.0,68764843,0.0,-27288,세종,2013,월간,3,2013-03-01
4월,61749,0.0,12464571,0.0,83691,0.0,69009370,0.0,-21942,세종,2013,월간,4,2013-04-01
5월,72963,0.0,12929396,0.0,78522,0.0,51753748,0.0,-5559,세종,2013,월간,5,2013-05-01
6월,73190,0.0,7468936,0.0,56904,0.0,22817117,0.0,16286,세종,2013,월간,6,2013-06-01
7월,87749,150.0,10762594,112.6,98617,184.4,64530680,422.3,-10868,세종,2013,월간,7,2013-07-01
8월,86327,177.1,11262151,142.8,104334,134.1,65926651,454.8,-18007,세종,2013,월간,8,2013-08-01
9월,78345,124.3,5754850,28.6,90425,108.7,45766882,128.4,-12080,세종,2013,월간,9,2013-09-01
10월,72222,22.8,6775922,61.8,113942,48.3,84519180,434.1,-41720,세종,2013,월간,10,2013-10-01
11월,78940,18.5,6983299,42.1,103966,30.0,67236219,320.6,-25026,세종,2013,월간,11,2013-11-01
12월,85823,63.8,8609035,82.0,100570,46.4,56202658,154.1,-14747,세종,2013,월간,12,2013-12-01
1월,0,0.0,0,0.0,0,0.0,0,0.0,0,세종,2012,월간,1,2012-01-01
2월,0,0.0,0,0.0,0,0.0,0,0.0,0,세종,2012,월간,2,2012-02-01
3월,0,0.0,0,0.0,0,0.0,0,0.0,0,세종,2012,월간,3,2012-03-01
4월,0,0.0,0,0.0,0,0.0,0,0.0,0,세종,2012,월간,4,2012-04-01
5월,0,0.0,0,0.0,0,0.0,0,0.0,0,세종,2012,월간,5,2012-05-01
6월,0,0.0,0,0.0,0,0.0,0,0.0,0,세종,2012,월간,6,2012-06-01
7월,35096,0.0,5061938,0.0,34674,0.0,12356157,0.0,422,세종,2012,월간,7,2012-07-01
8월,31155,0.0,4638881,0.0,44577,0.0,11883010,0.0,-13422,세종,2012,월간,8,2012-08-01
9월,34935,0.0,4473569,0.0,43330,0.0,20041985,0.0,-8395,세종,2012,월간,9,2012-09-01
10월,58825,0.0,4186954,0.0,76819,0.0,15824355,0.0,-17994,세종,2012,월간,10,2012-10-01
11월,66604,0.0,4914257,0.0,79967,0.0,15986208,0.0,-13363,세종,2012,월간,11,2012-11-01
12월,52391,0.0,4730719,0.0,68699,0.0,22122269,0.0,-16308,세종,2012,월간,12,2012-12-01
1월,7820441,21.6,4792678826,17.9,4700117,6.9,4279318710,-11.5,3120324,울산,2026,월간,1,2026-01-01
2월,6408156,-6.3,4151987300,-3.6,3814123,6.8,3973639329,2.0,2594033,울산,2026,월간,2,2026-02-01
3월,9281796,17.9,3936175617,-12.6,4224338,7.9,3433956586,-15.3,5057458,울산,2026,월간,3,2026-03-01
4월,8578912,18.9,3055430010,-33.5,6046420,53.9,5354843095,27.1,2532492,울산,2026,월간,4,2026-04-01
5월,8319932,21.4,3396111358,-21.6,4793573,21.4,3470928686,-18.9,3526359,울산,2026,월간,5,2026-05-01
6월,8648999,13.4,3748413385,-15.6,5224919,28.7,4373003612,11.5,3424080,울산,2026,월간,6,2026-06-01
7월,8601868,11.5,4213686275,-11.8,5173632,25.4,3985256412,-5.7,3428236,울산,2026,월간,7,2026-07-01
1월,6432651,-16.2,4064511264,-8.0,4396031,9.5,4833963291,5.3,2036620,울산,2025,월간,1,2025-01-01
2월,6841783,-5.7,4306760185,-1.1,3570828,-6.4,3897041261,-11.8,3270955,울산,2025,월간,2,2025-02-01
3월,7874168,4.2,4501839439,-1.3,3914824,6.5,4055376630,-1.6,3959344,울산,2025,월간,3,2025-03-01
4월,7217127,-3.6,4591553491,6.2,3928683,-4.7,4212344246,-2.1,3288444,울산,2025,월간,4,2025-04-01
5월,6855268,-15.3,4329493559,-5.9,3947509,-14.4,4281739704,-7.6,2907759,울산,2025,월간,5,2025-05-01
6월,7628463,13.3,4438968857,19.2,4058638,15.7,3920648158,6.6,3569825,울산,2025,월간,6,2025-06-01
7월,7717332,7.4,4778659749,7.7,4125840,-1.9,4228350451,-2.3,3591492,울산,2025,월간,7,2025-07-01
8월,7722386,5.0,4826178758,-0.1,3788660,-13.5,4144166715,-14.5,3933726,울산,2025,월간,8,2025-08-01
9월,8160974,12.4,5080541341,10.6,4359495,9.2,4416886063,3.4,3801479,울산,2025,월간,9,2025-09-01
10월,6304961,-8.1,4317078035,5.6,4285316,16.4,4787833530,16.2,2019645,울산,2025,월간,10,2025-10-01
11월,6375570,-5.8,3606956758,-10.6,3645275,9.3,3836145483,2.5,2730295,울산,2025,월간,11,2025-11-01
12월,7703361,-2.5,4587143953,-1.6,4105563,7.9,4102574108,-0.2,3597798,울산,2025,월간,12,2025-12-01
1월,7673094,19.1,4416988803,18.6,4014595,4.4,4592238614,17.5,3658499,울산,2024,월간,1,2024-01-01
2월,7254872,-5.8,4355380688,2.0,3814057,-2.1,4419502402,10.3,3440815,울산,2024,월간,2,2024-02-01
3월,7553726,4.5,4559013488,9.0,3676008,-7.7,4121038020,-5.6,3877718,울산,2024,월간,3,2024-03-01
4월,7485340,2.0,4322302291,9.1,4123466,8.2,4303910406,7.3,3361874,울산,2024,월간,4,2024-04-01
5월,8096715,18.3,4598961471,13.3,4609907,26.9,4632849456,21.6,3486808,울산,2024,월간,5,2024-05-01
6월,6732941,2.9,3725170286,29.3,3508017,6.2,3679258373,12.0,3224924,울산,2024,월간,6,2024-06-01
7월,7188326,5.1,4438820258,28.1,4207101,25.6,4328698919,10.6,2981225,울산,2024,월간,7,2024-07-01
8월,7357805,0.3,4832918976,12.0,4379585,18.2,4845093527,21.0,2978220,울산,2024,월간,8,2024-08-01
9월,7261333,-4.4,4594488925,2.2,3993595,1.6,4270626483,2.8,3267738,울산,2024,월간,9,2024-09-01
10월,6861255,-10.4,4087849092,2.4,3680399,-3.5,4119884064,2.6,3180856,울산,2024,월간,10,2024-10-01
11월,6767919,-7.2,4035451817,-0.2,3333764,-18.1,3742579138,-16.3,3434155,울산,2024,월간,11,2024-11-01
12월,7897866,-7.5,4662562797,-1.7,3806359,2.8,4112159373,4.8,4091507,울산,2024,월간,12,2024-12-01
1월,6443153,-4.2,3723452556,-6.2,3846843,-11.2,3906776022,-14.2,2596310,울산,2023,월간,1,2023-01-01
2월,7699658,11.0,4270912025,11.5,3897230,10.1,4005292265,11.9,3802428,울산,2023,월간,2,2023-02-01
3월,7227849,-5.2,4184272806,4.0,3983995,-10.4,4364561489,4.4,3243854,울산,2023,월간,3,2023-03-01
4월,7339752,-11.8,3962068113,-10.2,3810277,-28.7,4012716605,-17.4,3529475,울산,2023,월간,4,2023-04-01
5월,6846185,-16.1,4059841663,-3.8,3632127,-23.9,3809300422,-10.9,3214058,울산,2023,월간,5,2023-05-01
6월,6542780,-4.9,2879945220,-10.3,3304124,-15.4,3286080734,-3.6,3238656,울산,2023,월간,6,2023-06-01
7월,6840814,-17.9,3463862495,-19.4,3350333,-30.7,3912476889,-4.7,3490481,울산,2023,월간,7,2023-07-01
8월,7336149,-4.1,4314930421,-6.4,3705601,-22.1,4003465847,-17.0,3630548,울산,2023,월간,8,2023-08-01
9월,7594401,5.2,4493812724,7.8,3931958,-12.7,4154761087,-1.2,3662443,울산,2023,월간,9,2023-09-01
10월,7661384,10.0,3992824080,11.4,3814415,7.6,4016754632,10.4,3846969,울산,2023,월간,10,2023-10-01
11월,7291040,4.1,4043377961,7.2,4071599,3.2,4469822663,9.4,3219441,울산,2023,월간,11,2023-11-01
12월,8541342,3.0,4742973674,6.0,3701721,-13.1,3923686172,-14.6,4839621,울산,2023,월간,12,2023-12-01
1월,6726781,36.3,3969565134,40.6,4329919,68.4,4552670405,33.3,2396862,울산,2022,월간,1,2022-01-01
2월,6934328,35.2,3830681559,20.5,3539900,37.9,3578154387,6.6,3394428,울산,2022,월간,2,2022-02-01
3월,7626407,16.9,4024359753,3.5,4447516,49.2,4182206990,8.3,3178891,울산,2022,월간,3,2022-03-01
4월,8320421,32.6,4411079710,12.8,5340588,51.0,4856245927,16.1,2979833,울산,2022,월간,4,2022-04-01
5월,8156456,38.3,4220852065,11.4,4771539,50.4,4275526497,6.0,3384917,울산,2022,월간,5,2022-05-01
6월,6876884,3.7,3209078159,-13.4,3905591,10.9,3407761983,-18.4,2971293,울산,2022,월간,6,2022-06-01
7월,8329396,23.6,4295263772,9.3,4831195,25.8,4107521063,4.2,3498201,울산,2022,월간,7,2022-07-01
8월,7646641,36.9,4611726586,29.1,4757561,43.3,4820687813,19.8,2889080,울산,2022,월간,8,2022-08-01
9월,7218102,18.1,4170049700,7.4,4506219,28.9,4205948314,3.5,2711883,울산,2022,월간,9,2022-09-01
10월,6964444,5.7,3582663506,-4.9,3544129,-8.8,3639139691,-11.5,3420315,울산,2022,월간,10,2022-10-01
11월,7004770,8.1,3772311477,-0.6,3946594,10.7,4087305197,6.0,3058176,울산,2022,월간,11,2022-11-01
12월,8288834,12.4,4472664043,4.3,4259251,0.6,4593190152,4.5,4029583,울산,2022,월간,12,2022-12-01
1월,4936480,-11.0,2823492446,-36.0,2571939,-11.8,3414912583,-13.8,2364541,울산,2021,월간,1,2021-01-01
2월,5129921,8.3,3180112920,-20.5,2566787,-0.2,3356043844,-9.1,2563134,울산,2021,월간,2,2021-02-01
3월,6521908,20.9,3888427414,-19.5,2980342,14.8,3861673813,-1.5,3541566,울산,2021,월간,3,2021-03-01
4월,6274719,51.4,3911548752,-19.2,3536951,49.6,4184162810,5.5,2737768,울산,2021,월간,4,2021-04-01
5월,5895568,74.0,3788469547,13.4,3173218,74.9,4034950062,1.1,2722350,울산,2021,월간,5,2021-05-01
6월,6633212,75.8,3704529840,10.9,3522308,100.0,4176403279,21.7,3110904,울산,2021,월간,6,2021-06-01
7월,6736418,46.1,3930387285,-0.5,3841874,57.2,3940916783,-5.1,2894544,울산,2021,월간,7,2021-07-01
8월,5585167,42.1,3573575544,-9.1,3319897,67.8,4022312948,15.4,2265270,울산,2021,월간,8,2021-08-01
9월,6112864,11.4,3883463568,-7.7,3495814,50.6,4061921376,25.8,2617050,울산,2021,월간,9,2021-09-01
10월,6589996,39.3,3766839619,11.8,3885905,67.5,4112208217,2.9,2704091,울산,2021,월간,10,2021-10-01
11월,6480980,28.4,3793739932,14.4,3564871,57.9,3857208820,7.4,2916109,울산,2021,월간,11,2021-11-01
12월,7371268,39.0,4288390350,12.3,4235717,44.1,4395391034,-4.1,3135551,울산,2021,월간,12,2021-12-01
1월,5546168,-4.9,4408573244,-13.6,2917066,-1.7,3961414986,1.3,2629102,울산,2020,월간,1,2020-01-01
2월,4734754,-5.4,4002274827,2.6,2571279,2.4,3693149355,-1.4,2163475,울산,2020,월간,2,2020-02-01
3월,5396035,-5.1,4832415184,36.9,2597117,18.1,3919182201,40.1,2798918,울산,2020,월간,3,2020-03-01
4월,4143506,-36.0,4843454435,6.7,2364169,-15.0,3964239139,4.3,1779337,울산,2020,월간,4,2020-04-01
5월,3387417,-47.3,3341033850,-32.4,1813947,-38.8,3990893423,-0.4,1573470,울산,2020,월간,5,2020-05-01
6월,3772994,-35.3,3341713396,-22.9,1761263,-36.8,3430640852,-11.1,2011731,울산,2020,월간,6,2020-06-01
7월,4609878,-22.3,3951199035,-16.9,2443901,-17.6,4154346029,-0.5,2165977,울산,2020,월간,7,2020-07-01
8월,3931342,-30.8,3932833229,-15.0,1978518,-27.1,3484484962,-10.8,1952824,울산,2020,월간,8,2020-08-01
9월,5485784,3.6,4205525787,0.3,2321327,-6.9,3228948909,-9.2,3164457,울산,2020,월간,9,2020-09-01
10월,4729789,-21.4,3369786582,-24.4,2319805,-21.4,3997410597,-1.9,2409984,울산,2020,월간,10,2020-10-01
11월,5048491,-4.5,3316114307,-13.8,2257603,-15.1,3591822976,-8.0,2790888,울산,2020,월간,11,2020-11-01
12월,5304568,-12.5,3818927240,-14.2,2939844,6.9,4584483122,15.8,2364724,울산,2020,월간,12,2020-12-01
1월,5830581,9.4,5102057704,20.5,2966896,-0.5,3909960976,-1.8,2863685,울산,2019,월간,1,2019-01-01
2월,5004997,-13.3,3902326123,-7.7,2511141,-15.4,3745418388,-7.9,2493856,울산,2019,월간,2,2019-02-01
3월,5685941,12.3,3530145968,-3.8,2199346,-14.1,2798265173,-19.0,3486595,울산,2019,월간,3,2019-03-01
4월,6476828,16.2,4538071651,13.6,2780106,4.8,3802299503,17.3,3696722,울산,2019,월간,4,2019-04-01
5월,6431775,10.1,4945216046,13.4,2963685,4.0,4007122222,7.1,3468090,울산,2019,월간,5,2019-05-01
6월,5830826,5.1,4332114348,3.5,2787601,-17.8,3858953668,-11.3,3043225,울산,2019,월간,6,2019-06-01
7월,5929157,-6.8,4752027081,4.1,2966103,0.0,4174858852,4.9,2963054,울산,2019,월간,7,2019-07-01
8월,5680254,-6.6,4628702737,-2.9,2712435,-17.3,3907917372,-10.1,2967819,울산,2019,월간,8,2019-08-01
9월,5296565,-9.5,4193090708,-10.3,2494709,-10.7,3554927531,-4.5,2801856,울산,2019,월간,9,2019-09-01
10월,6015636,-12.4,4457516495,-8.9,2949879,-13.4,4074209558,-2.6,3065757,울산,2019,월간,10,2019-10-01
11월,5286991,-12.8,3847209506,-13.3,2660454,-21.5,3903606970,-6.1,2626537,울산,2019,월간,11,2019-11-01
12월,6060516,4.9,4453153216,-4.2,2749851,-1.8,3960363311,3.0,3310665,울산,2019,월간,12,2019-12-01
1월,5327709,7.8,4235722265,-2.2,2980873,23.5,3980065681,11.6,2346836,울산,2018,월간,1,2018-01-01
2월,5775367,0.9,4227860850,-1.3,2967859,17.2,4065908535,5.5,2807508,울산,2018,월간,2,2018-02-01
3월,5061655,-18.1,3668200478,-23.9,2561081,1.7,3455647529,-4.2,2500574,울산,2018,월간,3,2018-03-01
4월,5572862,-9.8,3995161610,-8.2,2653473,18.2,3240869765,-0.5,2919389,울산,2018,월간,4,2018-04-01
5월,5840439,3.2,4360845166,1.0,2848413,1.9,3740083153,-18.6,2992026,울산,2018,월간,5,2018-05-01
6월,5550392,1.9,4185164233,1.9,3390343,35.0,4349158033,8.3,2160049,울산,2018,월간,6,2018-06-01
7월,6361545,18.7,4564157104,7.4,2965776,24.4,3978389852,4.2,3395769,울산,2018,월간,7,2018-07-01
8월,6080480,26.4,4768790717,0.7,3278932,31.9,4346454890,5.3,2801548,울산,2018,월간,8,2018-08-01
9월,5852888,-25.8,4676931073,-20.7,2794659,0.0,3722889108,-13.4,3058229,울산,2018,월간,9,2018-09-01
10월,6867325,77.2,4894498587,65.3,3408041,57.7,4185076554,31.3,3459284,울산,2018,월간,10,2018-10-01
11월,6060123,13.2,4435783454,-1.2,3388464,34.7,4159003778,13.2,2671659,울산,2018,월간,11,2018-11-01
12월,5775850,9.3,4646372267,3.8,2800290,-3.8,3846574184,-7.0,2975560,울산,2018,월간,12,2018-12-01
1월,4942611,11.6,4331539336,4.9,2413671,10.8,3567524840,5.6,2528940,울산,2017,월간,1,2017-01-01
2월,5725637,40.1,4283609456,1.2,2532071,26.3,3855431766,-5.1,3193566,울산,2017,월간,2,2017-02-01
3월,6179093,6.2,4821321606,13.0,2518863,19.8,3608925771,-7.4,3660230,울산,2017,월간,3,2017-03-01
4월,6177210,-1.1,4352389199,-19.4,2244629,-7.0,3256222717,-22.7,3932581,울산,2017,월간,4,2017-04-01
5월,5657199,11.1,4316805796,2.0,2794408,19.0,4593545275,16.4,2862791,울산,2017,월간,5,2017-05-01
6월,5447514,-16.2,4106535405,-6.6,2510601,8.5,4014053876,11.9,2936913,울산,2017,월간,6,2017-06-01
7월,5359463,-1.3,4251603585,-15.6,2383912,-5.1,3817705642,-8.4,2975551,울산,2017,월간,7,2017-07-01
8월,4810926,-15.9,4735272808,12.3,2486579,4.7,4126341357,0.6,2324347,울산,2017,월간,8,2017-08-01
9월,7890406,59.2,5900853436,29.1,2795570,22.6,4297563903,19.3,5094836,울산,2017,월간,9,2017-09-01
10월,3875152,-21.6,2961025919,-22.9,2161182,-5.7,3186935090,-9.3,1713970,울산,2017,월간,10,2017-10-01
11월,5351536,-16.0,4489230817,9.5,2516212,0.8,3672802669,-2.7,2835324,울산,2017,월간,11,2017-11-01
12월,5282793,-6.8,4476367085,7.4,2911385,22.1,4133890166,-1.8,2371408,울산,2017,월간,12,2017-12-01
1월,4427369,-20.0,4127899185,-11.9,2177438,-31.2,3378092285,-19.3,2249931,울산,2016,월간,1,2016-01-01
2월,4085646,-42.2,4232776357,13.3,2004841,-21.8,4062959716,12.8,2080805,울산,2016,월간,2,2016-02-01
3월,5820969,-21.3,4264982613,-8.4,2102445,-22.1,3898451153,7.4,3718524,울산,2016,월간,3,2016-03-01
4월,6243516,-0.4,5397078710,25.8,2414357,-7.6,4213880219,21.4,3829159,울산,2016,월간,4,2016-04-01
5월,5090962,-6.6,4233033689,6.7,2347521,-29.6,3947766215,-14.4,2743441,울산,2016,월간,5,2016-05-01
6월,6497734,-6.8,4397085037,-4.8,2314165,-12.1,3585813737,16.5,4183569,울산,2016,월간,6,2016-06-01
7월,5430783,-10.7,5037620884,8.1,2512294,-24.5,4167484482,-4.7,2918489,울산,2016,월간,7,2016-07-01
8월,5722574,17.5,4217237500,-5.7,2374512,6.1,4102240082,32.4,3348062,울산,2016,월간,8,2016-08-01
9월,4955938,-8.0,4571409534,2.8,2280732,2.6,3602871308,21.2,2675206,울산,2016,월간,9,2016-09-01
10월,4945413,-1.4,3838459945,-8.3,2291241,-13.5,3513658009,-4.0,2654172,울산,2016,월간,10,2016-10-01
11월,6372317,-13.6,4100968452,-1.4,2496881,4.6,3775414511,0.8,3875436,울산,2016,월간,11,2016-11-01
12월,5666110,3.2,4168325598,-13.0,2384553,-9.0,4211080687,-2.0,3281557,울산,2016,월간,12,2016-12-01
1월,5533531,-32.6,4683267404,-9.3,3166814,-57.7,4186835245,-46.4,2366717,울산,2015,월간,1,2015-01-01
2월,7069301,2.4,3735431568,-12.5,2562222,-60.0,3601840517,-45.9,4507079,울산,2015,월간,2,2015-02-01
3월,7394353,-5.2,4657711676,-0.6,2698350,-61.8,3631005112,-52.0,4696003,울산,2015,월간,3,2015-03-01
4월,6267806,-33.3,4289735583,-21.4,2613892,-63.5,3472109634,-53.1,3653914,울산,2015,월간,4,2015-04-01
5월,5449634,-31.7,3968263412,-20.7,3335592,-51.9,4609954771,-34.5,2114042,울산,2015,월간,5,2015-05-01
6월,6968983,-9.3,4619032912,5.9,2633091,-59.9,3078968602,-54.8,4335892,울산,2015,월간,6,2015-06-01
7월,6081128,-18.2,4661721936,-0.7,3327153,-53.0,4373631781,-39.9,2753975,울산,2015,월간,7,2015-07-01
8월,4871910,-36.6,4472608455,-9.1,2238823,-66.4,3099003412,-55.0,2633087,울산,2015,월간,8,2015-08-01
9월,5389717,-17.9,4448148742,-0.6,2222952,-66.1,2971482382,-58.4,3166765,울산,2015,월간,9,2015-09-01
10월,5013911,-39.4,4186171665,-21.2,2648267,-59.3,3658782684,-47.8,2365644,울산,2015,월간,10,2015-10-01
11월,7373897,-2.8,4160710519,-17.6,2387954,-60.2,3744990385,-50.6,4985943,울산,2015,월간,11,2015-11-01
12월,5492892,-20.2,4790417545,-1.2,2621597,-50.8,4297094052,-37.6,2871295,울산,2015,월간,12,2015-12-01
1월,8208154,3.1,5163206705,0.1,7482305,-2.3,7806864759,2.0,725849,울산,2014,월간,1,2014-01-01
2월,6906228,-12.0,4268317207,-10.8,6402449,-9.5,6653145459,-5.2,503779,울산,2014,월간,2,2014-02-01
3월,7801941,-6.3,4683985460,-6.2,7069766,5.4,7566924793,11.4,732175,울산,2014,월간,3,2014-03-01
4월,9397136,32.9,5454867534,19.4,7155431,4.7,7398701726,6.4,2241705,울산,2014,월간,4,2014-04-01
5월,7976330,7.8,5006641328,8.3,6929959,-1.7,7036867228,-6.4,1046371,울산,2014,월간,5,2014-05-01
6월,7687370,3.7,4363650998,-8.6,6562181,-0.2,6807687634,-2.6,1125189,울산,2014,월간,6,2014-06-01
7월,7431623,1.5,4694599734,8.0,7074971,-5.9,7283262452,-8.5,356652,울산,2014,월간,7,2014-07-01
8월,7685978,8.5,4922521368,9.3,6668878,9.8,6883005364,7.4,1017100,울산,2014,월간,8,2014-08-01
9월,6568266,-10.8,4473498597,-0.8,6553961,-5.3,7149713321,1.9,14305,울산,2014,월간,9,2014-09-01
10월,8268556,8.9,5312438607,13.0,6501158,-15.5,7013040968,-9.6,1767398,울산,2014,월간,10,2014-10-01
11월,7586729,-9.4,5048320679,-6.1,6005681,-15.4,7587107194,5.2,1581048,울산,2014,월간,11,2014-11-01
12월,6882097,-11.3,4850452904,22.8,5332533,-20.6,6883329466,1.4,1549564,울산,2014,월간,12,2014-12-01
1월,7960187,7.0,5160247316,7.6,7660645,0.2,7652172295,-0.1,299542,울산,2013,월간,1,2013-01-01
2월,7845641,-8.3,4786505718,-2.0,7073604,-8.2,7017215233,-4.6,772037,울산,2013,월간,2,2013-02-01
3월,8328556,-3.5,4994046716,1.7,6704467,-9.0,6790337038,-0.2,1624089,울산,2013,월간,3,2013-03-01
4월,7070634,-12.4,4567498451,3.6,6834273,-4.5,6956661307,4.4,236361,울산,2013,월간,4,2013-04-01
5월,7396434,-9.1,4623362003,-7.3,7048107,-7.5,7520821558,2.8,348327,울산,2013,월간,5,2013-05-01
6월,7416447,-13.9,4773574597,-12.9,6576108,-5.2,6992464096,-5.2,840339,울산,2013,월간,6,2013-06-01
7월,7321981,-3.7,4346872542,-11.2,7517835,4.3,7963022096,5.1,-195854,울산,2013,월간,7,2013-07-01
8월,7081928,-4.5,4505591095,-13.6,6074668,-13.1,6407465435,-14.2,1007260,울산,2013,월간,8,2013-08-01
9월,7361034,-10.4,4507991386,-14.4,6920017,-1.1,7017657651,-3.6,441017,울산,2013,월간,9,2013-09-01
10월,7591963,-4.0,4699223784,-4.7,7689913,1.4,7759955485,3.0,-97950,울산,2013,월간,10,2013-10-01
11월,8376829,-3.2,5377839755,6.6,7095911,-4.9,7209309383,-1.9,1280918,울산,2013,월간,11,2013-11-01
12월,7760949,-2.8,3951096623,-17.5,6719587,-3.0,6789159940,-4.3,1041362,울산,2013,월간,12,2013-12-01
1월,7438681,11.8,4795801969,13.0,7645845,6.6,7657786493,-9.4,-207164,울산,2012,월간,1,2012-01-01
2월,8556366,29.4,4885588345,19.7,7706367,28.8,7355640756,12.7,849999,울산,2012,월간,2,2012-02-01
3월,8627819,1.1,4911386572,-4.4,7365431,6.9,6800651866,-4.6,1262388,울산,2012,월간,3,2012-03-01
4월,8068406,-21.0,4408604366,-15.3,7156242,-8.8,6666158293,-12.6,912164,울산,2012,월간,4,2012-04-01
5월,8136222,-12.2,4986894000,2.4,7622812,7.8,7316728531,11.0,513410,울산,2012,월간,5,2012-05-01
6월,8611439,-2.7,5481056440,8.5,6935044,-4.7,7378398854,-0.4,1676395,울산,2012,월간,6,2012-06-01
7월,7601453,-20.5,4893051301,-3.5,7210664,-1.9,7575732228,3.0,390789,울산,2012,월간,7,2012-07-01
8월,7418969,-7.5,5212969073,2.2,6993373,-1.1,7471391096,10.6,425596,울산,2012,월간,8,2012-08-01
9월,8212051,2.2,5263743505,9.0,6998229,-5.1,7276974466,-2.2,1213822,울산,2012,월간,9,2012-09-01
10월,7906622,-7.2,4929496913,4.6,7585240,-0.6,7532208983,-4.2,321382,울산,2012,월간,10,2012-10-01
11월,8653835,5.3,5042529739,2.9,7465306,9.6,7348311577,7.2,1188529,울산,2012,월간,11,2012-11-01
12월,7980845,-11.3,4789142669,-7.0,6926798,-5.1,7091611335,-3.8,1054047,울산,2012,월간,12,2012-12-01
1월,6651425,40.2,4243528307,21.5,7175825,35.8,8453474043,16.4,-524400,울산,2011,월간,1,2011-01-01
2월,6613469,23.5,4081155184,8.2,5981916,23.2,6525903842,-0.8,631553,울산,2011,월간,2,2011-02-01
3월,8535559,39.2,5136264520,26.3,6890787,45.8,7131615987,11.9,1644772,울산,2011,월간,3,2011-03-01
4월,10213194,74.3,5204770062,18.5,7850088,41.8,7626110018,5.5,2363106,울산,2011,월간,4,2011-04-01
5월,9262339,59.2,4868026417,15.0,7068230,30.3,6589115300,-9.5,2194109,울산,2011,월간,5,2011-05-01
6월,8847132,35.4,5051301951,12.5,7276804,57.4,7404356178,18.1,1570328,울산,2011,월간,6,2011-06-01
7월,9563353,54.2,5072542775,18.8,7346817,54.5,7355108831,13.8,2216536,울산,2011,월간,7,2011-07-01
8월,8023057,56.2,5102461121,24.3,7071764,30.4,6755428352,-10.1,951293,울산,2011,월간,8,2011-08-01
9월,8037938,41.9,4830485026,13.0,7375596,42.5,7440909570,5.3,662342,울산,2011,월간,9,2011-09-01
10월,8520366,25.4,4714082129,-1.2,7634474,43.9,7865092038,10.0,885892,울산,2011,월간,10,2011-10-01
11월,8216641,28.2,4899085640,7.6,6813422,16.9,6857778875,-4.6,1403219,울산,2011,월간,11,2011-11-01
12월,8995610,33.6,5152356816,13.0,7300127,20.6,7372010088,3.0,1695483,울산,2011,월간,12,2011-12-01
1월,4742975,17.8,3491743697,-6.9,5282879,41.8,7262689952,-16.4,-539904,울산,2010,월간,1,2010-01-01
2월,5355409,23.0,3772876705,-10.1,4855282,58.2,6580433985,-4.4,500127,울산,2010,월간,2,2010-02-01
3월,6132193,37.3,4065250216,-13.8,4726403,55.1,6375040399,2.7,1405790,울산,2010,월간,3,2010-03-01
4월,5861041,6.8,4393907291,-6.9,5536056,51.5,7226998626,7.8,324985,울산,2010,월간,4,2010-04-01
5월,5817415,16.8,4234020766,3.2,5425945,47.7,7279144534,1.3,391470,울산,2010,월간,5,2010-05-01
6월,6532413,6.1,4488930393,-4.2,4623586,29.2,6271165941,14.2,1908827,울산,2010,월간,6,2010-06-01
7월,6200880,18.1,4268051977,-4.4,4753721,12.4,6464647299,-0.5,1447159,울산,2010,월간,7,2010-07-01
8월,5137993,14.8,4106512423,6.4,5425158,25.6,7516645380,12.5,-287165,울산,2010,월간,8,2010-08-01
9월,5665962,13.7,4276489723,5.2,5176278,20.9,7066401875,9.5,489684,울산,2010,월간,9,2010-09-01
10월,6794254,32.5,4770107260,12.3,5306499,8.1,7151472669,-1.0,1487755,울산,2010,월간,10,2010-10-01
11월,6407915,13.6,4552392801,-1.3,5828808,49.2,7189147698,31.2,579107,울산,2010,월간,11,2010-11-01
12월,6735182,14.9,4560207618,-4.9,6054147,21.9,7159427763,5.4,681035,울산,2010,월간,12,2010-12-01
1월,4027063,-23.2,3751377763,2.2,3725307,-39.0,8687080847,16.5,301756,울산,2009,월간,1,2009-01-01
2월,4355627,-21.5,4197463243,15.3,3068497,-41.6,6881849086,10.9,1287130,울산,2009,월간,2,2009-02-01
3월,4467272,-30.1,4718630768,21.6,3046898,-47.4,6209348434,-5.6,1420374,울산,2009,월간,3,2009-03-01
4월,5488516,-25.0,4720990926,14.3,3652990,-34.5,6706452129,7.8,1835526,울산,2009,월간,4,2009-04-01
5월,4982147,-44.3,4103579490,-3.8,3674182,-46.1,7189263371,5.6,1307965,울산,2009,월간,5,2009-05-01
6월,6157849,-12.2,4684096680,22.1,3577449,-43.1,5490863240,-8.8,2580400,울산,2009,월간,6,2009-06-01
7월,5250335,-35.4,4462233913,-3.6,4230019,-44.6,6497744207,-10.7,1020316,울산,2009,월간,7,2009-07-01
8월,4473664,-39.2,3859859735,-11.2,4317978,-41.4,6680024637,-6.2,155686,울산,2009,월간,8,2009-08-01
9월,4983267,-23.6,4063423228,-10.1,4281101,-32.6,6454080510,-1.6,702166,울산,2009,월간,9,2009-09-01
10월,5126130,-22.2,4248467467,-8.6,4910641,-7.5,7226322635,9.2,215489,울산,2009,월간,10,2009-10-01
11월,5641769,10.3,4613223052,15.3,3906885,-10.8,5478304723,-18.3,1734884,울산,2009,월간,11,2009-11-01
12월,5860635,26.8,4794551666,15.3,4967644,33.9,6791941523,-1.0,892991,울산,2009,월간,12,2009-12-01
1월,5244297,18.0,3671824203,5.5,6105810,45.7,7455534198,7.1,-861513,울산,2008,월간,1,2008-01-01
2월,5548295,29.4,3639454252,-2.5,5251072,27.3,6205580085,-11.5,297223,울산,2008,월간,2,2008-02-01
3월,6392578,19.0,3881548320,-2.3,5795749,28.0,6577151099,-12.2,596829,울산,2008,월간,3,2008-03-01
4월,7318320,34.2,4130814582,-0.9,5575960,25.6,6218948810,-5.9,1742360,울산,2008,월간,4,2008-04-01
5월,8939154,66.6,4266602534,13.3,6818505,45.1,6805902833,-5.0,2120649,울산,2008,월간,5,2008-05-01
6월,7015305,29.7,3836746555,-4.4,6288547,49.3,6022321804,-2.1,726758,울산,2008,월간,6,2008-06-01
7월,8132586,77.5,4630850465,32.3,7634096,66.5,7278870944,9.4,498490,울산,2008,월간,7,2008-07-01
8월,7361767,32.5,4348686519,8.2,7368830,58.0,7122507542,10.4,-7063,울산,2008,월간,8,2008-08-01
9월,6523648,35.4,4519406535,20.0,6347745,46.3,6559385925,2.8,175903,울산,2008,월간,9,2008-09-01
10월,6592346,17.3,4649947422,23.7,5306721,10.3,6614830483,11.6,1285625,울산,2008,월간,10,2008-10-01
11월,5112628,-25.3,3999733248,-3.8,4378643,-17.5,6707619490,-1.6,733985,울산,2008,월간,11,2008-11-01
12월,4621499,-25.4,4158372379,-0.5,3708693,-30.4,6863919697,3.9,912806,울산,2008,월간,12,2008-12-01
1월,4445314,17.7,3480209335,11.6,4189332,10.0,6961629468,0.6,255982,울산,2007,월간,1,2007-01-01
2월,4288394,10.0,3732205993,22.6,4125268,9.2,7013950586,2.6,163126,울산,2007,월간,2,2007-02-01
3월,5372725,39.4,3972931706,25.3,4529587,17.2,7489327327,18.6,843138,울산,2007,월간,3,2007-03-01
4월,5451490,19.3,4166996369,14.1,4438902,17.2,6608133024,6.5,1012588,울산,2007,월간,4,2007-04-01
5월,5364905,4.5,3765091438,-1.7,4700306,7.1,7163452265,0.6,664599,울산,2007,월간,5,2007-05-01
6월,5409727,12.8,4012847436,10.6,4211810,0.9,6154467568,-7.1,1197917,울산,2007,월간,6,2007-06-01
7월,4582152,15.7,3499012982,-6.1,4586130,10.7,6656301207,2.7,-3978,울산,2007,월간,7,2007-07-01
8월,5557378,11.7,4017539595,-7.7,4663114,-5.9,6451854034,-14.4,894264,울산,2007,월간,8,2007-08-01
9월,4816380,0.4,3767124104,-8.7,4337795,4.4,6382540943,-3.5,478585,울산,2007,월간,9,2007-09-01
10월,5619127,19.5,3758470540,1.7,4812349,19.1,5928444896,-12.7,806778,울산,2007,월간,10,2007-10-01
11월,6847618,20.6,4158008292,-0.8,5305029,30.0,6819300983,-2.8,1542589,울산,2007,월간,11,2007-11-01
12월,6196340,29.2,4178128353,12.4,5330891,31.5,6608947095,-1.0,865449,울산,2007,월간,12,2007-12-01
1월,3777549,-4.2,3119367731,-4.2,3807142,44.7,6918239191,7.8,-29593,울산,2006,월간,1,2006-01-01
2월,3898994,22.5,3045257388,0.3,3777340,39.6,6837038907,3.3,121654,울산,2006,월간,2,2006-02-01
3월,3855116,7.0,3169471063,0.2,3865558,23.9,6313724357,-7.7,-10442,울산,2006,월간,3,2006-03-01
4월,4570150,26.9,3652103898,18.0,3788156,20.7,6204714137,-8.5,781994,울산,2006,월간,4,2006-04-01
5월,5135499,41.5,3831562238,5.4,4386854,32.8,7123366759,4.4,748645,울산,2006,월간,5,2006-05-01
6월,4796607,23.5,3627577754,5.8,4176291,40.9,6626995301,15.0,620316,울산,2006,월간,6,2006-06-01
7월,3962061,11.0,3727080614,9.7,4144001,25.1,6481022639,1.5,-181940,울산,2006,월간,7,2006-07-01
8월,4973835,33.0,4354225239,23.3,4957549,45.6,7539816367,17.8,16286,울산,2006,월간,8,2006-08-01
9월,4796011,24.7,4125760221,6.3,4154832,23.6,6617434556,5.0,641179,울산,2006,월간,9,2006-09-01
10월,4702140,18.1,3695395201,5.0,4041536,15.1,6788738180,-1.1,660604,울산,2006,월간,10,2006-10-01
11월,5676726,37.7,4189955547,7.6,4080000,20.3,7014632906,6.1,1596726,울산,2006,월간,11,2006-11-01
12월,4794867,17.6,3718006702,-1.6,4055340,12.7,6674999342,-5.9,739527,울산,2006,월간,12,2006-12-01
1월,3944011,30.2,3256040431,13.8,2631335,19.7,6417233219,2.5,1312676,울산,2005,월간,1,2005-01-01
2월,3182087,18.0,3036547387,-5.0,2706115,10.9,6617655547,-11.8,475972,울산,2005,월간,2,2005-02-01
3월,3603496,33.6,3162776510,0.7,3119918,49.9,6836888656,18.2,483578,울산,2005,월간,3,2005-03-01
4월,3600589,21.2,3094119809,-0.3,3138319,42.1,6779622894,9.0,462270,울산,2005,월간,4,2005-04-01
5월,3629729,19.1,3634737480,-1.1,3302578,39.9,6824542592,4.2,327151,울산,2005,월간,5,2005-05-01
6월,3882365,43.2,3429825264,68.3,2964365,23.0,5761652154,-9.1,918000,울산,2005,월간,6,2005-06-01
7월,3570868,13.4,3398514814,3.8,3312463,29.8,6386831206,-1.2,258405,울산,2005,월간,7,2005-07-01
8월,3738670,23.4,3529995492,9.1,3404741,31.1,6398380789,-8.2,333929,울산,2005,월간,8,2005-08-01
9월,3846731,17.4,3879772925,23.8,3361828,36.4,6303485847,5.6,484903,울산,2005,월간,9,2005-09-01
10월,3983139,9.4,3517839529,0.0,3511755,21.1,6863448376,-7.4,471384,울산,2005,월간,10,2005-10-01
11월,4121319,16.0,3894501623,19.2,3392307,12.8,6611270642,-16.5,729012,울산,2005,월간,11,2005-11-01
12월,4078855,11.2,3778718206,-0.7,3596925,39.8,7093017805,10.8,481930,울산,2005,월간,12,2005-12-01
1월,3028721,35.7,2861068747,5.6,2198029,8.2,6261019839,-12.1,830692,울산,2004,월간,1,2004-01-01
2월,2697766,27.7,3197540240,10.8,2439615,32.6,7500494519,27.8,258151,울산,2004,월간,2,2004-02-01
3월,2697070,12.6,3140939029,-1.5,2081536,-0.6,5781879028,-13.2,615534,울산,2004,월간,3,2004-03-01
4월,2971921,13.1,3104414810,-5.9,2208155,19.6,6218032441,5.3,763766,울산,2004,월간,4,2004-04-01
5월,3047387,45.4,3674920953,67.7,2360821,31.0,6552311198,3.8,686566,울산,2004,월간,5,2004-05-01
6월,2710999,10.5,2037840801,-27.6,2409485,62.2,6340450297,29.0,301514,울산,2004,월간,6,2004-06-01
7월,3148806,76.2,3274660728,20.4,2551413,17.8,6464514908,-17.9,597393,울산,2004,월간,7,2004-07-01
8월,3029961,39.9,3236217601,35.5,2597305,69.4,6967282897,51.7,432656,울산,2004,월간,8,2004-08-01
9월,3277984,50.2,3134958635,28.1,2464679,37.5,5969497095,0.5,813305,울산,2004,월간,9,2004-09-01
10월,3640555,58.4,3517003550,24.2,2899410,47.8,7408987060,14.0,741145,울산,2004,월간,10,2004-10-01
11월,3551476,47.0,3267169104,18.1,3006611,43.7,7919250382,14.7,544865,울산,2004,월간,11,2004-11-01
12월,3667434,34.8,3807223113,26.5,2572706,28.3,6402700941,-0.1,1094728,울산,2004,월간,12,2004-12-01
1월,2231606,43.5,2710024202,-1.6,2031007,41.2,7120258899,4.0,200599,울산,2003,월간,1,2003-01-01
2월,2112521,31.9,2885221625,7.9,1840160,41.9,5868093207,-4.7,272361,울산,2003,월간,2,2003-02-01
3월,2395698,24.6,3188942059,16.7,2093798,49.9,6664323325,10.0,301900,울산,2003,월간,3,2003-03-01
4월,2627624,43.0,3298111622,18.4,1845795,10.1,5905169862,-13.0,781829,울산,2003,월간,4,2003-04-01
5월,2096212,-6.1,2191844135,-27.0,1802495,-1.3,6310475176,-8.7,293717,울산,2003,월간,5,2003-05-01
6월,2452370,42.6,2815331775,-3.4,1485295,3.3,4913370532,-6.1,967075,울산,2003,월간,6,2003-06-01
7월,1786755,-10.7,2718837069,-8.6,2166800,32.3,7870341450,25.2,-380045,울산,2003,월간,7,2003-07-01
8월,2165138,-6.9,2388517115,-21.3,1533491,-0.6,4593860952,-15.0,631647,울산,2003,월간,8,2003-08-01
9월,2181995,11.2,2446676762,-8.7,1791929,6.3,5941569102,-1.6,390066,울산,2003,월간,9,2003-09-01
10월,2297767,4.9,2832625143,-2.0,1961718,15.4,6501419571,10.8,336049,울산,2003,월간,10,2003-10-01
11월,2416666,12.8,2767291259,-5.9,2092336,35.6,6905969199,36.1,324330,울산,2003,월간,11,2003-11-01
12월,2720593,1.3,3008871255,18.2,2005849,14.0,6407562579,1.2,714744,울산,2003,월간,12,2003-12-01
1월,1555306,-6.7,2754725067,-3.0,1438223,-13.7,6846661185,0.1,117083,울산,2002,월간,1,2002-01-01
2월,1601244,-12.3,2672774050,4.8,1296905,-29.1,6154874249,-17.1,304339,울산,2002,월간,2,2002-02-01
3월,1923433,0.3,2732868810,0.1,1396972,-8.8,6058781124,6.2,526461,울산,2002,월간,3,2002-03-01
4월,1837498,24.1,2786410394,29.7,1676816,4.6,6788131319,11.7,160682,울산,2002,월간,4,2002-04-01
5월,2232880,23.0,3003361235,-4.0,1826450,12.0,6909029686,8.1,406430,울산,2002,월간,5,2002-05-01
6월,1719157,-1.7,2913608640,20.0,1438234,-10.5,5232970834,-14.3,280923,울산,2002,월간,6,2002-06-01
7월,2001650,65.0,2975970570,45.4,1637528,23.3,6287462195,28.7,364122,울산,2002,월간,7,2002-07-01
8월,2325407,45.9,3035884460,23.4,1543352,12.7,5403102753,3.8,782055,울산,2002,월간,8,2002-08-01
9월,1962403,24.6,2680424667,17.1,1685507,3.1,6038909002,-9.9,276896,울산,2002,월간,9,2002-09-01
10월,2190435,27.5,2889420504,10.3,1699712,23.1,5865164405,7.6,490723,울산,2002,월간,10,2002-10-01
11월,2143002,21.5,2939244856,-4.7,1543165,8.5,5075552072,-19.8,599837,울산,2002,월간,11,2002-11-01
12월,2684658,64.5,2544783914,-10.2,1760257,39.0,6332085827,5.4,924401,울산,2002,월간,12,2002-12-01
1월,1667600,40.6,2839844407,14.1,1666760,39.9,6837064104,71.4,840,울산,2001,월간,1,2001-01-01
2월,1825780,13.3,2549733441,-5.2,1828136,63.1,7426473040,108.7,-2356,울산,2001,월간,2,2001-02-01
3월,1918134,11.1,2729118984,11.7,1532428,30.4,5704729941,62.5,385706,울산,2001,월간,3,2001-03-01
4월,1480481,-1.0,2148145539,-13.3,1602328,43.8,6075859088,80.8,-121847,울산,2001,월간,4,2001-04-01
5월,1815310,15.7,3129226764,26.8,1631486,49.9,6394242619,81.3,183824,울산,2001,월간,5,2001-05-01
6월,1748544,-6.1,2428519986,-12.4,1607821,43.4,6109234414,73.7,140723,울산,2001,월간,6,2001-06-01
7월,1212805,-17.7,2046416842,-8.4,1328003,12.1,4883976013,42.4,-115198,울산,2001,월간,7,2001-07-01
8월,1593511,-1.5,2461087105,-0.6,1369002,16.2,5204227749,59.5,224509,울산,2001,월간,8,2001-08-01
9월,1574960,-9.8,2289423265,-4.3,1635191,46.5,6704287974,108.7,-60231,울산,2001,월간,9,2001-09-01
10월,1718421,-4.5,2619701013,17.2,1381047,15.4,5450195782,60.1,337374,울산,2001,월간,10,2001-10-01
11월,1763148,2.2,3084439555,31.1,1422695,11.5,6331308584,76.3,340453,울산,2001,월간,11,2001-11-01
12월,1631852,-24.4,2833947138,-6.2,1266703,-15.8,6010513632,23.6,365149,울산,2001,월간,12,2001-12-01
1월,1186120,0.0,2489927274,0.0,1191556,0.0,3987970450,0.0,-5436,울산,2000,월간,1,2000-01-01
2월,1611569,0.0,2690701708,0.0,1120786,0.0,3558665129,0.0,490783,울산,2000,월간,2,2000-02-01
3월,1726480,0.0,2442981693,0.0,1175556,0.0,3509570201,0.0,550924,울산,2000,월간,3,2000-03-01
4월,1495032,0.0,2477892358,0.0,1113951,0.0,3360830657,0.0,381081,울산,2000,월간,4,2000-04-01
5월,1568465,0.0,2468031618,0.0,1088138,0.0,3526870080,0.0,480327,울산,2000,월간,5,2000-05-01
6월,1862323,0.0,2773479151,0.0,1121534,0.0,3517914165,0.0,740789,울산,2000,월간,6,2000-06-01
7월,1474361,0.0,2234076172,0.0,1184881,0.0,3428791781,0.0,289480,울산,2000,월간,7,2000-07-01
8월,1618250,0.0,2476650751,0.0,1178428,0.0,3262611514,0.0,439822,울산,2000,월간,8,2000-08-01
9월,1746287,0.0,2393442576,0.0,1116270,0.0,3213055226,0.0,630017,울산,2000,월간,9,2000-09-01
10월,1800100,0.0,2235095659,0.0,1196478,0.0,3404312510,0.0,603622,울산,2000,월간,10,2000-10-01
11월,1725928,0.0,2353465666,0.0,1275813,0.0,3590811515,0.0,450115,울산,2000,월간,11,2000-11-01
12월,2157213,0.0,3022331983,0.0,1504908,0.0,4862960603,0.0,652305,울산,2000,월간,12,2000-12-01
1월,5058632,16.8,910548825,13.0,4920140,-4.3,6067952529,4.7,138492,인천,2026,월간,1,2026-01-01
2월,4345138,-7.6,860140673,-14.1,4711407,2.3,5729656542,4.6,-366269,인천,2026,월간,2,2026-02-01
3월,5525262,13.8,996907743,5.8,5209314,-9.3,5918890163,-0.2,315948,인천,2026,월간,3,2026-03-01
4월,5322092,3.6,753382626,-33.4,4854849,-4.6,5666131774,-9.6,467243,인천,2026,월간,4,2026-04-01
5월,5184224,3.6,748428872,-26.6,4870258,-5.1,4226073834,-29.6,313966,인천,2026,월간,5,2026-05-01
6월,5591126,5.5,993414011,-7.0,5815961,19.6,5321254223,-2.3,-224835,인천,2026,월간,6,2026-06-01
7월,5525569,0.3,1033401029,1.6,6267821,20.8,6290552971,-2.7,-742252,인천,2026,월간,7,2026-07-01
1월,4332248,-10.4,805792833,-32.5,5141512,-6.0,5797446852,-22.1,-809264,인천,2025,월간,1,2025-01-01
2월,4700309,6.6,1001567062,-0.8,4606963,-6.1,5475955541,-14.2,93346,인천,2025,월간,2,2025-02-01
3월,4856713,-0.5,942353652,-16.4,5744184,14.0,5932035690,2.6,-887471,인천,2025,월간,3,2025-03-01
4월,5135718,5.3,1130587035,20.7,5090190,-11.2,6264843015,-6.0,45528,인천,2025,월간,4,2025-04-01
5월,5002334,-0.9,1019970095,-1.0,5131766,0.6,6004274361,6.7,-129432,인천,2025,월간,5,2025-05-01
6월,5299152,12.0,1068003786,9.9,4863818,2.2,5448058236,-8.6,435334,인천,2025,월간,6,2025-06-01
7월,5506977,13.1,1017598438,-4.6,5190095,1.5,6462652657,20.1,316882,인천,2025,월간,7,2025-07-01
8월,4615506,-6.1,920368210,-9.1,4625744,-18.3,6026248762,-11.7,-10238,인천,2025,월간,8,2025-08-01
9월,5400635,9.1,1241909560,26.4,4585832,-15.4,5735667700,4.5,814803,인천,2025,월간,9,2025-09-01
10월,5026703,-12.2,932734897,-3.1,4722237,-18.6,5874511245,-10.9,304466,인천,2025,월간,10,2025-10-01
11월,5069774,-4.5,819125179,-11.5,4520706,-12.4,5184816402,5.0,549068,인천,2025,월간,11,2025-11-01
12월,5205607,4.5,1025555865,1.8,5122968,-8.6,6540099091,3.0,82639,인천,2025,월간,12,2025-12-01
1월,4834085,21.7,1194080879,30.4,5467683,-1.9,7444537133,24.1,-633598,인천,2024,월간,1,2024-01-01
2월,4408188,13.5,1009708405,2.6,4905825,-10.6,6382840431,-4.8,-497637,인천,2024,월간,2,2024-02-01
3월,4881129,6.2,1127586428,-2.3,5039099,-3.8,5779867199,-12.3,-157970,인천,2024,월간,3,2024-03-01
4월,4875944,15.5,936349578,-2.8,5732278,30.1,6661185391,26.0,-856334,인천,2024,월간,4,2024-04-01
5월,5047045,7.5,1030060730,-9.0,5102405,2.8,5629424769,-16.0,-55360,인천,2024,월간,5,2024-05-01
6월,4729348,-3.0,971712444,-21.8,4760340,0.8,5962725085,3.8,-30992,인천,2024,월간,6,2024-06-01
7월,4867367,10.8,1066228248,11.4,5111487,12.6,5379117753,-9.6,-244120,인천,2024,월간,7,2024-07-01
8월,4914134,14.4,1012279609,-0.3,5662425,15.4,6825753460,14.8,-748291,인천,2024,월간,8,2024-08-01
9월,4949346,7.7,982870457,-5.5,5421810,10.5,5487281949,-1.4,-472464,인천,2024,월간,9,2024-09-01
10월,5726884,22.1,962144695,13.1,5802828,12.2,6592770496,-0.4,-75944,인천,2024,월간,10,2024-10-01
11월,5310080,5.4,925194596,-10.9,5159231,2.8,4939068302,-6.8,150849,인천,2024,월간,11,2024-11-01
12월,4980647,9.6,1007653697,-9.2,5602576,2.5,6348146309,-4.0,-621929,인천,2024,월간,12,2024-12-01
1월,3970801,-7.5,915506927,-7.1,5575718,-16.8,5999026465,-19.3,-1604917,인천,2023,월간,1,2023-01-01
2월,3884536,-1.8,984386948,21.9,5486519,17.1,6701403871,29.3,-1601983,인천,2023,월간,2,2023-02-01
3월,4595432,-6.7,1154676383,18.2,5240505,-18.0,6592861176,0.1,-645073,인천,2023,월간,3,2023-03-01
4월,4222876,3.8,963560786,8.8,4407240,-15.1,5286555022,-15.5,-184364,인천,2023,월간,4,2023-04-01
5월,4695372,10.6,1131519299,17.6,4964082,-10.9,6703906407,5.5,-268710,인천,2023,월간,5,2023-05-01
6월,4875632,3.0,1242167600,42.0,4724599,-14.6,5744235378,2.1,151033,인천,2023,월간,6,2023-06-01
7월,4391304,-13.2,956994648,-1.7,4538603,-24.4,5951178421,-4.0,-147299,인천,2023,월간,7,2023-07-01
8월,4296876,-10.6,1015060187,0.4,4907862,-20.1,5948307446,-11.5,-610986,인천,2023,월간,8,2023-08-01
9월,4593674,-5.5,1040024997,23.6,4907324,-14.0,5567094876,1.3,-313650,인천,2023,월간,9,2023-09-01
10월,4690916,3.6,850393169,47.2,5173323,0.6,6616198131,15.4,-482407,인천,2023,월간,10,2023-10-01
11월,5039206,13.4,1037920236,14.2,5016910,-4.8,5297209785,-1.4,22296,인천,2023,월간,11,2023-11-01
12월,4544513,4.4,1109439213,33.2,5464143,-8.5,6609332513,18.5,-919630,인천,2023,월간,12,2023-12-01
1월,4291134,31.8,985327832,15.0,6699972,80.9,7433708341,28.9,-2408838,인천,2022,월간,1,2022-01-01
2월,3953957,23.9,807553922,-5.9,4684926,30.1,5182968479,-24.4,-730969,인천,2022,월간,2,2022-02-01
3월,4924357,36.8,977273904,-7.2,6386999,69.4,6588931739,6.4,-1462642,인천,2022,월간,3,2022-03-01
4월,4067761,16.7,885285656,-22.2,5188951,34.1,6253100287,1.0,-1121190,인천,2022,월간,4,2022-04-01
5월,4244605,25.0,962336206,-17.1,5573064,44.4,6356603113,7.7,-1328459,인천,2022,월간,5,2022-05-01
6월,4735635,23.4,874972100,-17.0,5530015,26.8,5625019022,-6.4,-794380,인천,2022,월간,6,2022-06-01
7월,5058722,36.2,974023078,7.0,6001975,22.2,6196012387,-13.8,-943253,인천,2022,월간,7,2022-07-01
8월,4805952,18.8,1010796434,-7.3,6142132,27.7,6717835379,-1.4,-1336180,인천,2022,월간,8,2022-08-01
9월,4860834,16.4,841568455,-8.4,5703425,26.7,5496504808,-3.6,-842591,인천,2022,월간,9,2022-09-01
10월,4528482,4.3,577640234,-46.5,5140843,1.6,5735686400,-15.3,-612361,인천,2022,월간,10,2022-10-01
11월,4444886,3.4,908881227,1.6,5271568,8.6,5373145637,-21.7,-826682,인천,2022,월간,11,2022-11-01
12월,4353972,-5.5,832687454,-6.5,5972448,-2.9,5576741099,-16.7,-1618476,인천,2022,월간,12,2022-12-01
1월,3255848,5.5,856963975,-19.5,3702705,0.8,5765676331,-18.1,-446857,인천,2021,월간,1,2021-01-01
2월,3189961,-1.2,857805352,-35.3,3600441,5.8,6852843878,1.2,-410480,인천,2021,월간,2,2021-02-01
3월,3600940,-6.3,1053072441,-22.3,3769842,10.3,6195416678,0.0,-168902,인천,2021,월간,3,2021-03-01
4월,3485757,18.9,1138069095,-23.4,3868790,30.6,6190727665,-7.2,-383033,인천,2021,월간,4,2021-04-01
5월,3396892,27.2,1160507112,9.1,3858370,42.1,5903396455,5.2,-461478,인천,2021,월간,5,2021-05-01
6월,3836526,37.0,1053798910,-5.9,4361113,51.0,6006534921,7.1,-524587,인천,2021,월간,6,2021-06-01
7월,3713428,26.6,910633879,-16.4,4911862,59.9,7185024982,20.8,-1198434,인천,2021,월간,7,2021-07-01
8월,4046173,45.7,1090669245,5.8,4808358,67.8,6811126912,21.2,-762185,인천,2021,월간,8,2021-08-01
9월,4176870,20.0,918510640,-20.4,4501954,37.9,5700133845,-14.0,-325084,인천,2021,월간,9,2021-09-01
10월,4342552,42.8,1080388524,12.5,5058860,49.0,6773298940,8.8,-716308,인천,2021,월간,10,2021-10-01
11월,4297438,33.3,894876766,-3.0,4855389,51.5,6861948975,11.9,-557951,인천,2021,월간,11,2021-11-01
12월,4606028,25.1,890842168,-11.7,6153742,64.9,6692692444,-3.9,-1547714,인천,2021,월간,12,2021-12-01
1월,3085773,-6.9,1064909176,-7.8,3672899,-10.3,7037387240,-8.2,-587126,인천,2020,월간,1,2020-01-01
2월,3227442,9.9,1324833314,6.8,3404581,-2.8,6770704098,-0.7,-177139,인천,2020,월간,2,2020-02-01
3월,3844488,18.7,1355475018,22.4,3416292,-4.8,6192494932,7.0,428196,인천,2020,월간,3,2020-03-01
4월,2932714,-10.4,1485723395,26.3,2961734,-22.1,6673379739,-6.1,-29020,인천,2020,월간,4,2020-04-01
5월,2670253,-18.0,1064059872,-20.0,2715378,-25.1,5610243332,-21.2,-45125,인천,2020,월간,5,2020-05-01
6월,2800736,-6.7,1120288658,-4.7,2887268,-12.0,5608619699,-16.1,-86532,인천,2020,월간,6,2020-06-01
7월,2933011,-10.6,1089335474,-13.9,3071268,-17.4,5949953303,-13.8,-138257,인천,2020,월간,7,2020-07-01
8월,2777588,-5.8,1030707014,-19.9,2865421,-11.7,5619145385,-19.7,-87833,인천,2020,월간,8,2020-08-01
9월,3481628,19.1,1153278693,21.4,3265472,16.7,6629850739,14.4,216156,인천,2020,월간,9,2020-09-01
10월,3040359,-2.6,960253462,23.8,3394264,9.1,6227572983,-9.4,-353905,인천,2020,월간,10,2020-10-01
11월,3223880,0.1,922204275,-21.6,3204225,-10.3,6131193319,-16.2,19655,인천,2020,월간,11,2020-11-01
12월,3682944,5.3,1008816079,-25.9,3731835,-1.2,6961918603,-10.3,-48891,인천,2020,월간,12,2020-12-01
1월,3314049,1.7,1155473234,-1.7,4094050,7.9,7668643979,0.4,-780001,인천,2019,월간,1,2019-01-01
2월,2935510,3.4,1240706682,-2.5,3503090,0.3,6821771996,-8.2,-567580,인천,2019,월간,2,2019-02-01
3월,3238918,-5.2,1107638670,-17.7,3590347,-4.3,5787218186,-20.1,-351429,인천,2019,월간,3,2019-03-01
4월,3274394,-5.1,1175996323,-6.2,3801403,9.8,7110665621,1.6,-527009,인천,2019,월간,4,2019-04-01
5월,3255723,-3.9,1330770974,6.1,3623418,1.9,7117086168,3.2,-367695,인천,2019,월간,5,2019-05-01
6월,3002647,-16.6,1175317645,-19.9,3280753,-14.1,6681051321,-3.9,-278106,인천,2019,월간,6,2019-06-01
7월,3279926,-6.8,1265770528,1.1,3716165,-2.4,6898905298,-5.1,-436239,인천,2019,월간,7,2019-07-01
8월,2949620,-13.2,1287272838,-7.3,3245004,-17.2,6993639027,-1.3,-295384,인천,2019,월간,8,2019-08-01
9월,2923447,-11.3,950029960,-24.0,2798807,-23.9,5796793642,-16.6,124640,인천,2019,월간,9,2019-09-01
10월,3123012,-14.4,775920788,-28.8,3112566,-25.5,6874872379,-1.1,10446,인천,2019,월간,10,2019-10-01
11월,3222078,-11.2,1176736266,-13.3,3573578,-15.9,7315463660,-12.2,-351500,인천,2019,월간,11,2019-11-01
12월,3498654,4.8,1362029310,-1.3,3775318,-4.9,7764074590,-3.0,-276664,인천,2019,월간,12,2019-12-01
1월,3259127,13.6,1174943025,-12.0,3795174,16.6,7638110622,-7.7,-536047,인천,2018,월간,1,2018-01-01
2월,2837929,-0.9,1272502773,3.0,3492302,16.0,7434883151,13.3,-654373,인천,2018,월간,2,2018-02-01
3월,3417843,1.8,1346090970,-7.2,3750302,2.6,7240594767,-8.0,-332459,인천,2018,월간,3,2018-03-01
4월,3452153,13.3,1254334204,-2.2,3462453,21.0,7001295637,8.3,-10300,인천,2018,월간,4,2018-04-01
5월,3387839,8.0,1253833620,-1.6,3556594,12.7,6897026831,3.6,-168755,인천,2018,월간,5,2018-05-01
6월,3601547,10.2,1467715548,14.6,3819908,15.2,6952840709,-14.9,-218361,인천,2018,월간,6,2018-06-01
7월,3517580,2.8,1251691966,-3.3,3808312,26.1,7266056759,13.8,-290732,인천,2018,월간,7,2018-07-01
8월,3398934,-4.9,1389287160,3.2,3918184,15.8,7085628876,2.8,-519250,인천,2018,월간,8,2018-08-01
9월,3294904,-9.8,1249951925,-9.3,3679028,8.8,6950134356,-10.9,-384124,인천,2018,월간,9,2018-09-01
10월,3649444,21.6,1090351895,8.3,4178084,34.7,6947825240,4.5,-528640,인천,2018,월간,10,2018-10-01
11월,3626853,-0.9,1356498816,2.7,4247103,28.3,8328702127,10.6,-620250,인천,2018,월간,11,2018-11-01
12월,3337275,-2.9,1379977462,-2.2,3969388,7.9,8002270767,2.9,-632113,인천,2018,월간,12,2018-12-01
1월,2869951,1.0,1334619182,39.5,3256255,16.0,8276294973,14.7,-386304,인천,2017,월간,1,2017-01-01
2월,2863078,7.0,1234934650,5.9,3011878,13.8,6562724901,-2.9,-148800,인천,2017,월간,2,2017-02-01
3월,3356101,3.7,1449970992,31.5,3654236,15.4,7866308542,12.7,-298135,인천,2017,월간,3,2017-03-01
4월,3047027,8.5,1282914922,4.0,2860408,5.5,6467629397,-8.7,186619,인천,2017,월간,4,2017-04-01
5월,3138340,6.4,1274430006,6.0,3154696,19.7,6657434411,-4.3,-16356,인천,2017,월간,5,2017-05-01
6월,3268183,7.6,1280485147,28.4,3317237,22.0,8170659766,33.3,-49054,인천,2017,월간,6,2017-06-01
7월,3420805,13.5,1293765668,9.4,3021121,11.0,6387310766,-3.1,399684,인천,2017,월간,7,2017-07-01
8월,3572302,20.6,1346009840,24.3,3384379,21.9,6892979911,11.2,187923,인천,2017,월간,8,2017-08-01
9월,3652756,24.7,1377915577,50.5,3382077,26.3,7798436103,7.2,270679,인천,2017,월간,9,2017-09-01
10월,3001341,2.2,1006712795,19.3,3102748,15.0,6647836978,-3.0,-101407,인천,2017,월간,10,2017-10-01
11월,3660242,17.3,1321288478,8.9,3309806,7.4,7532814140,4.6,350436,인천,2017,월간,11,2017-11-01
12월,3436418,3.9,1411640876,7.6,3679599,2.2,7777489260,-3.3,-243181,인천,2017,월간,12,2017-12-01
1월,2841628,24.6,956634297,1.9,2806446,-16.5,7214256040,-2.9,35182,인천,2016,월간,1,2016-01-01
2월,2676207,31.8,1165814110,31.1,2647285,0.0,6755581283,2.4,28922,인천,2016,월간,2,2016-02-01
3월,3236441,24.8,1102686180,13.0,3167278,4.6,6979319666,-4.3,69163,인천,2016,월간,3,2016-03-01
4월,2807959,12.9,1233132239,3.7,2712206,-5.4,7081109856,1.7,95753,인천,2016,월간,4,2016-04-01
5월,2948798,30.4,1202034595,12.9,2634654,-6.5,6953869593,-0.8,314144,인천,2016,월간,5,2016-05-01
6월,3036920,26.4,997201794,-4.5,2718968,-5.2,6131070767,-19.1,317952,인천,2016,월간,6,2016-06-01
7월,3014911,18.5,1182905745,1.7,2721782,-4.5,6590546075,-1.4,293129,인천,2016,월간,7,2016-07-01
8월,2961158,41.7,1082562603,6.8,2775223,-3.5,6195998475,-7.3,185935,인천,2016,월간,8,2016-08-01
9월,2929074,8.7,915496637,-7.7,2678755,-11.0,7274912736,11.7,250319,인천,2016,월간,9,2016-09-01
10월,2937507,-9.1,844120313,-22.8,2697736,-11.1,6855098625,-7.6,239771,인천,2016,월간,10,2016-10-01
11월,3119328,-10.7,1212775859,-4.5,3082100,4.3,7202434936,6.2,37228,인천,2016,월간,11,2016-11-01
12월,3308728,7.3,1312038002,1.6,3601527,15.5,8044171299,-0.6,-292799,인천,2016,월간,12,2016-12-01
1월,2280996,-12.0,939222330,4.9,3360762,-18.7,7427050963,-1.8,-1079766,인천,2015,월간,1,2015-01-01
2월,2031190,-15.7,888961684,4.6,2647767,-24.1,6594039603,0.0,-616577,인천,2015,월간,2,2015-02-01
3월,2594036,5.5,975696764,15.8,3029224,-19.7,7291969198,2.6,-435188,인천,2015,월간,3,2015-03-01
4월,2488052,-1.6,1189246015,38.6,2867771,-16.8,6963418732,0.3,-379719,인천,2015,월간,4,2015-04-01
5월,2262181,-2.0,1064890524,29.2,2817459,-3.6,7006706357,12.4,-555278,인천,2015,월간,5,2015-05-01
6월,2403531,-2.2,1043857211,13.6,2868841,1.1,7574490127,31.8,-465310,인천,2015,월간,6,2015-06-01
7월,2543280,-3.3,1163635824,26.5,2850049,-12.7,6684611657,-2.2,-306769,인천,2015,월간,7,2015-07-01
8월,2089643,-15.4,1013687793,0.4,2876269,-7.9,6687219510,-0.4,-786626,인천,2015,월간,8,2015-08-01
9월,2694740,10.2,992167665,1.7,3009513,-10.6,6512497945,-5.0,-314773,인천,2015,월간,9,2015-09-01
10월,3230712,16.7,1093019182,-0.2,3035998,-6.5,7415899607,4.6,194714,인천,2015,월간,10,2015-10-01
11월,3494767,44.4,1270290310,26.8,2953700,-10.6,6779302756,-1.9,541067,인천,2015,월간,11,2015-11-01
12월,3084571,22.8,1290777434,24.2,3119245,-9.5,8091978546,16.1,-34674,인천,2015,월간,12,2015-12-01
1월,2593127,21.4,895571560,29.2,4135967,12.3,7564133395,18.0,-1542840,인천,2014,월간,1,2014-01-01
2월,2410652,21.2,850154204,18.2,3489730,3.6,6596727383,16.0,-1079078,인천,2014,월간,2,2014-02-01
3월,2458963,-2.1,842244701,-2.7,3772109,4.0,7105602681,26.2,-1313146,인천,2014,월간,3,2014-03-01
4월,2527857,9.9,858029495,14.8,3448883,7.5,6945654375,12.0,-921026,인천,2014,월간,4,2014-04-01
5월,2308291,-5.6,824434991,4.0,2923295,-1.5,6231208546,20.0,-615004,인천,2014,월간,5,2014-05-01
6월,2457507,5.6,918811584,32.7,2837014,-11.1,5747074069,-6.7,-379507,인천,2014,월간,6,2014-06-01
7월,2631080,28.1,919782556,35.1,3263900,21.2,6831805097,30.5,-632820,인천,2014,월간,7,2014-07-01
8월,2470813,16.8,1009247814,71.8,3121795,-7.9,6714114924,6.0,-650982,인천,2014,월간,8,2014-08-01
9월,2445511,14.0,975969527,44.6,3364519,28.4,6852452428,12.2,-919008,인천,2014,월간,9,2014-09-01
10월,2767325,14.7,1094808287,50.7,3246766,8.1,7087742354,29.3,-479441,인천,2014,월간,10,2014-10-01
11월,2419530,3.4,1001959567,39.7,3302202,-2.2,6912121592,-1.2,-882672,인천,2014,월간,11,2014-11-01
12월,2512105,0.2,1038971677,39.9,3445690,-2.5,6969298295,2.8,-933585,인천,2014,월간,12,2014-12-01
1월,2135392,6.9,693164260,-12.0,3682308,8.5,6409959039,5.2,-1546916,인천,2013,월간,1,2013-01-01
2월,1989209,-12.5,719187889,-11.6,3368875,-17.0,5686461069,-19.5,-1379666,인천,2013,월간,2,2013-02-01
3월,2511681,3.2,865821852,10.7,3625819,-0.8,5632538666,-13.0,-1114138,인천,2013,월간,3,2013-03-01
4월,2300294,-0.2,747365942,-7.0,3207756,-0.5,6203013490,17.4,-907462,인천,2013,월간,4,2013-04-01
5월,2446303,7.2,792347265,4.3,2966949,-10.3,5193667853,-11.7,-520646,인천,2013,월간,5,2013-05-01
6월,2328267,-3.5,692201362,-15.9,3192040,1.1,6159444500,11.6,-863773,인천,2013,월간,6,2013-06-01
7월,2054462,-5.5,681016303,-3.7,2692503,-19.6,5235684316,-11.3,-638041,인천,2013,월간,7,2013-07-01
8월,2116177,8.4,587413086,-14.7,3388444,18.9,6334808614,20.2,-1272267,인천,2013,월간,8,2013-08-01
9월,2145114,1.7,675110537,-12.5,2619956,-21.2,6104843660,8.0,-474842,인천,2013,월간,9,2013-09-01
10월,2412061,13.3,726449169,-0.9,3003844,-0.2,5480358255,2.1,-591783,인천,2013,월간,10,2013-10-01
11월,2340943,0.7,717095870,-5.2,3377261,1.2,6998034554,15.9,-1036318,인천,2013,월간,11,2013-11-01
12월,2508207,8.2,742539078,-2.3,3534138,-1.4,6781383879,20.8,-1025931,인천,2013,월간,12,2013-12-01
1월,1996781,3.0,788046566,-9.4,3392648,-0.8,6092340542,-14.9,-1395867,인천,2012,월간,1,2012-01-01
2월,2274607,31.4,813908779,38.7,4059846,43.0,7062052835,27.4,-1785239,인천,2012,월간,2,2012-02-01
3월,2432705,7.4,781887479,-9.6,3656356,5.7,6471170422,0.3,-1223651,인천,2012,월간,3,2012-03-01
4월,2304494,-1.5,803734766,-8.4,3223807,-0.3,5285192198,-9.5,-919313,인천,2012,월간,4,2012-04-01
5월,2281057,4.9,759548072,0.8,3309474,0.0,5884790587,5.4,-1028417,인천,2012,월간,5,2012-05-01
6월,2412098,-5.4,823236424,-17.5,3157697,12.2,5519967715,15.0,-745599,인천,2012,월간,6,2012-06-01
7월,2175094,0.4,707469400,-2.9,3349127,27.7,5905805193,17.3,-1174033,인천,2012,월간,7,2012-07-01
8월,1952999,-12.2,688580085,-16.8,2849637,-9.2,5268511520,-4.2,-896638,인천,2012,월간,8,2012-08-01
9월,2108747,-15.2,771774087,-12.8,3322732,-9.2,5653183284,-16.4,-1213985,인천,2012,월간,9,2012-09-01
10월,2129449,-9.6,732890579,-22.8,3009264,-3.5,5367840636,4.6,-879815,인천,2012,월간,10,2012-10-01
11월,2325156,1.3,756712321,-11.0,3338582,9.8,6038710602,9.6,-1013426,인천,2012,월간,11,2012-11-01
12월,2317053,1.8,760043723,-8.2,3582544,-10.8,5615101834,-15.9,-1265491,인천,2012,월간,12,2012-12-01
1월,1938016,38.8,869827795,87.2,3420013,38.6,7157513381,44.0,-1481997,인천,2011,월간,1,2011-01-01
2월,1731678,23.3,586709578,2.3,2839199,28.1,5541566871,22.0,-1107521,인천,2011,월간,2,2011-02-01
3월,2265647,33.4,865063124,35.9,3459521,37.9,6454929084,29.5,-1193874,인천,2011,월간,3,2011-03-01
4월,2340761,25.1,877009985,7.4,3232464,24.8,5837174608,17.9,-891703,인천,2011,월간,4,2011-04-01
5월,2174855,24.8,753160426,12.7,3310252,34.4,5580851892,17.8,-1135397,인천,2011,월간,5,2011-05-01
6월,2550353,48.3,997943806,44.8,2813779,20.4,4799953588,0.4,-263426,인천,2011,월간,6,2011-06-01
7월,2165849,17.1,728570503,-2.9,2622509,10.2,5032674590,1.3,-456660,인천,2011,월간,7,2011-07-01
8월,2224150,34.4,827474685,20.2,3137575,37.5,5498168990,16.4,-913425,인천,2011,월간,8,2011-08-01
9월,2486407,43.2,884822526,33.5,3658099,63.5,6764217985,58.5,-1171692,인천,2011,월간,9,2011-09-01
10월,2355304,20.6,949386594,29.5,3119685,20.1,5133139807,-1.7,-764381,인천,2011,월간,10,2011-10-01
11월,2296188,17.2,849912809,2.6,3041004,13.7,5511992265,3.2,-744816,인천,2011,월간,11,2011-11-01
12월,2276274,11.8,828368077,-10.0,4015130,44.7,6677181245,17.2,-1738856,인천,2011,월간,12,2011-12-01
1월,1396432,33.3,464707046,6.8,2466859,2.1,4970643020,32.9,-1070427,인천,2010,월간,1,2010-01-01
2월,1404774,24.7,573592075,29.9,2215895,16.8,4541261809,25.5,-811121,인천,2010,월간,2,2010-02-01
3월,1698251,35.6,636736972,7.0,2507981,31.8,4982829812,13.1,-809730,인천,2010,월간,3,2010-03-01
4월,1871093,39.4,816600602,20.0,2589903,66.0,4953037426,37.9,-718810,인천,2010,월간,4,2010-04-01
5월,1742083,48.5,668005781,30.5,2462490,60.1,4736289628,32.6,-720407,인천,2010,월간,5,2010-05-01
6월,1719316,45.4,689202496,41.1,2337318,32.3,4780209707,17.3,-618002,인천,2010,월간,6,2010-06-01
7월,1849921,40.1,750145391,40.4,2379086,36.6,4968618380,38.2,-529165,인천,2010,월간,7,2010-07-01
8월,1655169,44.6,688556262,50.4,2281344,34.2,4722591887,27.6,-626175,인천,2010,월간,8,2010-08-01
9월,1736124,17.1,662606633,4.9,2236869,11.2,4268709207,3.3,-500745,인천,2010,월간,9,2010-09-01
10월,1952965,48.1,733129416,56.3,2598491,14.9,5221112259,-2.2,-645526,인천,2010,월간,10,2010-10-01
11월,1960021,39.8,828481649,38.9,2675283,34.1,5343160586,40.3,-715262,인천,2010,월간,11,2010-11-01
12월,2035898,29.1,920040907,38.9,2774826,13.8,5699486030,16.4,-738928,인천,2010,월간,12,2010-12-01
1월,1047365,-37.8,435105240,1.3,2415715,-9.4,3740295743,-6.1,-1368350,인천,2009,월간,1,2009-01-01
2월,1126273,-20.1,441493745,14.6,1896703,-16.6,3619901009,-3.5,-770430,인천,2009,월간,2,2009-02-01
3월,1252530,-30.8,595211444,31.6,1902996,-23.2,4404159458,18.3,-650466,인천,2009,월간,3,2009-03-01
4월,1342586,-30.5,680222413,38.6,1559898,-36.6,3592813919,3.7,-217312,인천,2009,월간,4,2009-04-01
5월,1173018,-35.7,511887795,2.6,1538412,-30.0,3572061245,9.7,-365394,인천,2009,월간,5,2009-05-01
6월,1182183,-35.2,488568584,27.7,1767055,-17.6,4073905735,50.0,-584872,인천,2009,월간,6,2009-06-01
7월,1320620,-34.3,534246481,16.3,1741899,-35.8,3596213296,-5.2,-421279,인천,2009,월간,7,2009-07-01
8월,1144910,-32.7,457682295,-17.9,1699429,-38.4,3699836706,2.9,-554519,인천,2009,월간,8,2009-08-01
9월,1482271,-21.5,631696639,7.9,2011976,-27.0,4134309483,11.7,-529705,인천,2009,월간,9,2009-09-01
10월,1318499,-24.2,469099213,7.3,2262261,-13.0,5340538133,33.6,-943762,인천,2009,월간,10,2009-10-01
11월,1402036,-6.9,596617853,61.4,1994584,-9.1,3809575578,28.4,-592548,인천,2009,월간,11,2009-11-01
12월,1577062,32.2,662374787,23.6,2437947,7.6,4895050501,30.5,-860885,인천,2009,월간,12,2009-12-01
1월,1684972,10.4,429637833,-16.9,2666370,34.8,3982783004,6.2,-981398,인천,2008,월간,1,2008-01-01
2월,1409770,-2.9,385316449,-36.2,2274757,30.2,3750045118,5.9,-864987,인천,2008,월간,2,2008-02-01
3월,1809227,2.8,452125874,-32.4,2478982,21.3,3723698739,-0.6,-669755,인천,2008,월간,3,2008-03-01
4월,1931103,8.4,490789134,-25.1,2458714,29.9,3463201564,0.6,-527611,인천,2008,월간,4,2008-04-01
5월,1824962,-1.5,498951388,-27.7,2197900,16.8,3256867784,-8.0,-372938,인천,2008,월간,5,2008-05-01
6월,1824893,2.2,382604341,-41.9,2144777,13.3,2715270008,-10.6,-319884,인천,2008,월간,6,2008-06-01
7월,2010028,7.3,459508285,-37.8,2711532,41.2,3793208591,23.2,-701504,인천,2008,월간,7,2008-07-01
8월,1700334,-0.3,557432826,-14.0,2760596,62.3,3595167707,19.6,-1060262,인천,2008,월간,8,2008-08-01
9월,1888117,7.5,585381480,-20.8,2758010,38.3,3700191729,13.3,-869893,인천,2008,월간,9,2008-09-01
10월,1739518,-3.3,437161418,-37.4,2601107,13.6,3997366441,1.9,-861589,인천,2008,월간,10,2008-10-01
11월,1505772,-20.0,369560252,-46.0,2193187,-6.5,2965962401,-18.7,-687415,인천,2008,월간,11,2008-11-01
12월,1192537,-32.0,535834637,-21.5,2266224,-6.3,3751362438,10.9,-1073687,인천,2008,월간,12,2008-12-01
1월,1525948,45.3,517220015,12.7,1977398,25.1,3749543646,10.9,-451450,인천,2007,월간,1,2007-01-01
2월,1451717,39.5,603516714,27.2,1747443,-1.1,3541828425,0.5,-295726,인천,2007,월간,2,2007-02-01
3월,1759709,43.6,668908606,49.1,2044205,17.7,3744566686,8.7,-284496,인천,2007,월간,3,2007-03-01
4월,1781246,43.3,654852164,27.8,1892156,18.2,3441422898,8.7,-110910,인천,2007,월간,4,2007-04-01
5월,1852426,50.4,690438686,73.0,1882135,7.4,3541774617,11.1,-29709,인천,2007,월간,5,2007-05-01
6월,1785198,39.2,658065696,77.0,1893064,16.3,3036414037,4.6,-107866,인천,2007,월간,6,2007-06-01
7월,1874148,33.7,738632436,18.6,1919824,19.9,3079819155,1.6,-45676,인천,2007,월간,7,2007-07-01
8월,1706132,18.7,648447410,-16.7,1701438,-4.8,3006173755,-8.3,4694,인천,2007,월간,8,2007-08-01
9월,1757188,10.5,739164927,7.8,1994332,20.5,3265619837,2.6,-237144,인천,2007,월간,9,2007-09-01
10월,1799596,29.4,698866398,19.5,2288874,35.6,3924146454,23.6,-489278,인천,2007,월간,10,2007-10-01
11월,1882191,19.6,684748269,20.6,2346890,25.4,3649320855,5.3,-464699,인천,2007,월간,11,2007-11-01
12월,1752606,18.8,682710311,6.9,2417770,16.5,3383837559,-18.2,-665164,인천,2007,월간,12,2007-12-01
1월,1049989,13.2,458854875,-2.7,1581254,37.9,3381062427,14.5,-531265,인천,2006,월간,1,2006-01-01
2월,1041018,30.9,474623010,27.9,1766688,48.2,3525269054,16.8,-725670,인천,2006,월간,2,2006-02-01
3월,1225024,7.0,448560954,-26.4,1736239,14.8,3444229341,-8.7,-511215,인천,2006,월간,3,2006-03-01
4월,1243015,13.3,512270324,-10.5,1600440,13.2,3165033209,-3.3,-357425,인천,2006,월간,4,2006-04-01
5월,1231601,6.7,399101270,-34.2,1751815,31.5,3187686587,5.8,-520214,인천,2006,월간,5,2006-05-01
6월,1282065,10.5,371693306,-39.2,1628427,27.0,2903505671,-1.1,-346362,인천,2006,월간,6,2006-06-01
7월,1402140,22.4,622598994,-1.2,1601665,35.0,3030337306,12.7,-199525,인천,2006,월간,7,2006-07-01
8월,1436972,30.0,778185442,42.2,1787506,44.5,3278825368,29.7,-350534,인천,2006,월간,8,2006-08-01
9월,1589700,48.5,685366676,61.8,1654798,20.6,3181563857,14.9,-65098,인천,2006,월간,9,2006-09-01
10월,1390254,25.6,584754842,13.7,1687938,21.5,3174114660,7.6,-297684,인천,2006,월간,10,2006-10-01
11월,1574307,35.5,567694234,-8.6,1870993,7.7,3465586816,-6.0,-296686,인천,2006,월간,11,2006-11-01
12월,1475461,26.8,638571494,11.5,2074800,25.2,4134909764,14.7,-599339,인천,2006,월간,12,2006-12-01
1월,927548,23.8,471711741,5.2,1146990,14.8,2953076856,-6.1,-219442,인천,2005,월간,1,2005-01-01
2월,794993,-0.8,371156900,-3.5,1192088,11.0,3018698279,-2.6,-397095,인천,2005,월간,2,2005-02-01
3월,1145303,28.5,609675204,49.1,1512009,33.1,3770681649,14.9,-366706,인천,2005,월간,3,2005-03-01
4월,1096756,33.8,572317628,79.2,1414360,23.1,3271921273,4.0,-317604,인천,2005,월간,4,2005-04-01
5월,1154358,40.0,606868724,70.5,1332598,35.9,3012607149,31.6,-178240,인천,2005,월간,5,2005-05-01
6월,1159879,35.6,611511504,74.8,1282050,23.9,2936362406,11.8,-122171,인천,2005,월간,6,2005-06-01
7월,1146003,33.8,630142438,74.0,1186107,22.3,2688225895,19.9,-40104,인천,2005,월간,7,2005-07-01
8월,1105557,29.0,547422863,9.0,1237237,20.1,2528104680,7.1,-131680,인천,2005,월간,8,2005-08-01
9월,1070238,14.5,423487953,-17.2,1371994,24.3,2768871705,-2.6,-301756,인천,2005,월간,9,2005-09-01
10월,1107182,13.7,514172327,16.3,1388905,5.5,2949339240,-7.7,-281723,인천,2005,월간,10,2005-10-01
11월,1161481,11.5,621198181,30.2,1737452,29.2,3688257159,11.6,-575971,인천,2005,월간,11,2005-11-01
12월,1163658,11.8,572724673,-1.0,1657312,15.3,3604083592,0.5,-493654,인천,2005,월간,12,2005-12-01
1월,749227,27.1,448224552,-3.2,998717,-2.1,3145054349,-5.8,-249490,인천,2004,월간,1,2004-01-01
2월,801015,31.7,384460410,-9.3,1074368,22.0,3098913039,17.4,-273353,인천,2004,월간,2,2004-02-01
3월,890985,26.2,408933423,-10.3,1136042,18.5,3281822027,20.8,-245057,인천,2004,월간,3,2004-03-01
4월,819503,30.0,319379023,-12.3,1148592,24.0,3145145639,20.4,-329089,인천,2004,월간,4,2004-04-01
5월,824640,28.5,356000669,0.2,980401,16.3,2288511120,-13.7,-155761,인천,2004,월간,5,2004-05-01
6월,855470,33.9,349844068,10.2,1034560,39.3,2626426954,26.2,-179090,인천,2004,월간,6,2004-06-01
7월,856223,28.5,362199392,14.4,969528,11.3,2242033837,-9.6,-113305,인천,2004,월간,7,2004-07-01
8월,857116,42.6,502208089,66.2,1030057,38.0,2360331170,2.8,-172941,인천,2004,월간,8,2004-08-01
9월,934981,37.6,511372448,30.4,1103577,45.6,2842087019,31.1,-168596,인천,2004,월간,9,2004-09-01
10월,973659,14.4,441921552,11.9,1315996,52.3,3195942581,16.8,-342337,인천,2004,월간,10,2004-10-01
11월,1041624,31.8,477084240,21.5,1345180,54.1,3303685975,27.4,-303556,인천,2004,월간,11,2004-11-01
12월,1040571,27.1,578633475,71.2,1437231,30.9,3584586039,7.9,-396660,인천,2004,월간,12,2004-12-01
1월,589282,58.4,463130364,102.7,1020046,39.4,3340122215,28.6,-430764,인천,2003,월간,1,2003-01-01
2월,608103,69.9,423780478,96.3,880316,38.4,2640160827,22.1,-272213,인천,2003,월간,2,2003-02-01
3월,706023,53.2,455656825,55.9,958970,45.2,2715721070,27.3,-252947,인천,2003,월간,3,2003-03-01
4월,630608,40.8,364324872,46.2,926234,53.1,2612848206,28.2,-295626,인천,2003,월간,4,2003-04-01
5월,641613,28.4,355392811,16.6,842727,49.8,2653283432,38.8,-201114,인천,2003,월간,5,2003-05-01
6월,639114,36.1,317470046,24.0,742771,31.7,2080862712,20.8,-103657,인천,2003,월간,6,2003-06-01
7월,666292,40.8,316718562,-7.0,871068,38.7,2479172980,21.4,-204776,인천,2003,월간,7,2003-07-01
8월,600883,27.6,302212074,-7.1,746626,9.8,2294945710,6.1,-145743,인천,2003,월간,8,2003-08-01
9월,679560,41.4,392182954,2.9,757887,2.7,2168104325,-8.0,-78327,인천,2003,월간,9,2003-09-01
10월,850913,77.6,394781701,48.7,864314,7.9,2735406623,3.1,-13401,인천,2003,월간,10,2003-10-01
11월,790091,42.6,392657567,23.7,873124,0.2,2592549801,-9.4,-83033,인천,2003,월간,11,2003-11-01
12월,818829,33.2,337892930,-20.7,1098000,21.3,3323182597,7.8,-279171,인천,2003,월간,12,2003-12-01
1월,371915,-26.6,228481648,-70.9,731531,-16.9,2596529246,-13.9,-359616,인천,2002,월간,1,2002-01-01
2월,357925,-33.3,215870172,-69.7,636219,-35.1,2162950936,-36.5,-278294,인천,2002,월간,2,2002-02-01
3월,460770,-25.5,292284806,-53.9,660237,-30.5,2133977525,-32.9,-199467,인천,2002,월간,3,2002-03-01
4월,447724,-13.9,249203796,-52.7,604855,-13.4,2037934812,-11.4,-157131,인천,2002,월간,4,2002-04-01
5월,499711,-16.3,304666045,-53.1,562418,-28.5,1912227503,-32.5,-62707,인천,2002,월간,5,2002-05-01
6월,469544,-8.7,256007461,-39.5,564201,-25.4,1722746329,-36.1,-94657,인천,2002,월간,6,2002-06-01
7월,473240,-6.6,340569815,-15.9,627897,-4.2,2041407238,-12.3,-154657,인천,2002,월간,7,2002-07-01
8월,470921,-7.0,325149142,-37.1,680045,10.4,2163210937,3.6,-209124,인천,2002,월간,8,2002-08-01
9월,480761,4.8,381083522,56.0,738162,32.3,2355382028,28.6,-257401,인천,2002,월간,9,2002-09-01
10월,479151,15.9,265517475,0.2,800680,39.5,2652051009,44.4,-321529,인천,2002,월간,10,2002-10-01
11월,554091,33.5,317440032,33.5,871163,28.5,2861775720,30.1,-317072,인천,2002,월간,11,2002-11-01
12월,614931,42.0,425916165,59.5,905192,32.1,3083403788,39.0,-290261,인천,2002,월간,12,2002-12-01
1월,506481,-11.2,784623868,14.6,880567,-7.6,3014212488,-18.3,-374086,인천,2001,월간,1,2001-01-01
2월,536773,-9.1,713132315,-12.9,979842,25.7,3406499302,19.7,-443069,인천,2001,월간,2,2001-02-01
3월,618343,-3.6,633697257,-2.1,950648,8.9,3182605593,6.4,-332305,인천,2001,월간,3,2001-03-01
4월,520255,-15.4,527282282,-35.6,698227,-7.4,2300786146,-5.6,-177972,인천,2001,월간,4,2001-04-01
5월,596909,-13.1,649650482,-25.3,787006,9.7,2833175965,21.8,-190097,인천,2001,월간,5,2001-05-01
6월,514177,-17.8,423490725,-31.4,755938,-6.5,2697496110,0.5,-241761,인천,2001,월간,6,2001-06-01
7월,506705,-30.1,404736637,-46.6,655681,-20.7,2328125881,-17.6,-148976,인천,2001,월간,7,2001-07-01
8월,506167,-16.0,516875375,-25.9,616117,-24.7,2088009423,-13.1,-109950,인천,2001,월간,8,2001-08-01
9월,458706,-26.9,244262588,-46.4,557784,-37.3,1832252846,-27.4,-99078,인천,2001,월간,9,2001-09-01
10월,413298,-38.6,265104217,-57.7,573773,-36.2,1837092743,-30.8,-160475,인천,2001,월간,10,2001-10-01
11월,415118,-29.3,237706287,-70.9,677749,-31.8,2199692238,-28.1,-262631,인천,2001,월간,11,2001-11-01
12월,432953,-25.6,267088278,-63.3,685233,-26.5,2218165506,-24.0,-252280,인천,2001,월간,12,2001-12-01
1월,570417,0.0,684882890,0.0,953377,0.0,3689267246,0.0,-382960,인천,2000,월간,1,2000-01-01
2월,590311,0.0,818749757,0.0,779559,0.0,2846017913,0.0,-189248,인천,2000,월간,2,2000-02-01
3월,641586,0.0,647165599,0.0,873067,0.0,2990918115,0.0,-231481,인천,2000,월간,3,2000-03-01
4월,614712,0.0,818210186,0.0,754346,0.0,2436000033,0.0,-139634,인천,2000,월간,4,2000-04-01
5월,686715,0.0,869203883,0.0,717524,0.0,2325700480,0.0,-30809,인천,2000,월간,5,2000-05-01
6월,625175,0.0,617406899,0.0,808144,0.0,2685364230,0.0,-182969,인천,2000,월간,6,2000-06-01
7월,725157,0.0,758059009,0.0,826438,0.0,2825871820,0.0,-101281,인천,2000,월간,7,2000-07-01
8월,602744,0.0,697148641,0.0,817674,0.0,2402836188,0.0,-214930,인천,2000,월간,8,2000-08-01
9월,627756,0.0,455514777,0.0,889897,0.0,2525092407,0.0,-262141,인천,2000,월간,9,2000-09-01
10월,672726,0.0,626050508,0.0,898681,0.0,2654957783,0.0,-225955,인천,2000,월간,10,2000-10-01
11월,587324,0.0,816428051,0.0,994171,0.0,3057294253,0.0,-406847,인천,2000,월간,11,2000-11-01
12월,582272,0.0,728398715,0.0,932018,0.0,2918898390,0.0,-349746,인천,2000,월간,12,2000-12-01
1월,65843937,33.9,16739947781,11.7,57143469,11.7,50015116284,4.4,8700468,전국,2026,월간,1,2026-01-01
2월,67642547,29.4,15601517820,-3.4,51933913,7.5,43303286913,4.3,15708634,전국,2026,월간,2,2026-02-01
3월,87333128,50.4,16180251989,3.0,60753446,13.9,43965413076,4.8,26579682,전국,2026,월간,3,2026-03-01
4월,85751883,47.8,14413704150,-17.8,62104908,16.7,41998480677,-7.2,23646975,전국,2026,월간,4,2026-04-01
5월,87576083,52.9,13589511286,-18.0,60748350,20.7,39727515110,-7.7,26827733,전국,2026,월간,5,2026-05-01
6월,101956159,70.4,15687925917,-3.3,66051586,30.0,43689062250,2.2,35904573,전국,2026,월간,6,2026-06-01
7월,98959099,63.0,17660680690,0.5,68567473,26.5,51144176192,7.6,30391626,전국,2026,월간,7,2026-07-01
1월,49176984,-10.1,14986301693,-12.4,51172292,-6.1,47927337565,-6.7,-1995308,전국,2025,월간,1,2025-01-01
2월,52292301,0.4,16151895073,3.0,48328741,0.2,41535200474,-9.1,3963560,전국,2025,월간,2,2025-02-01
3월,58064562,2.7,15702059561,-6.6,53341032,2.4,41960252636,-5.3,4723530,전국,2025,월간,3,2025-03-01
4월,58035745,3.4,17527804886,6.3,53232716,-2.9,45256630002,-5.0,4803029,전국,2025,월간,4,2025-04-01
5월,57261063,-1.3,16573462915,-1.3,50345116,-5.2,43030473787,-6.2,6915947,전국,2025,월간,5,2025-05-01
6월,59833797,4.3,16221157047,10.8,50825746,3.5,42728885307,0.1,9008051,전국,2025,월간,6,2025-06-01
7월,60724322,5.7,17580838264,5.3,54210371,0.7,47540215994,5.0,6513951,전국,2025,월간,7,2025-07-01
8월,58259332,1.1,17118673895,0.3,51856624,-4.1,48641920598,-2.1,6402708,전국,2025,월간,8,2025-08-01
9월,65904118,12.6,18076703201,9.9,56419614,8.3,47278338154,7.1,9484504,전국,2025,월간,9,2025-09-01
10월,59511578,3.5,16017317918,0.1,53510827,-1.5,47575893582,0.3,6000751,전국,2025,월간,10,2025-10-01
11월,60752618,7.9,14605096389,-8.1,51284605,1.1,43553038824,-1.3,9468013,전국,2025,월간,11,2025-11-01
12월,69513624,13.3,17977895761,2.0,57367684,4.6,47510406216,-1.1,12145940,전국,2025,월간,12,2025-12-01
1월,54709823,18.1,17105790737,14.6,54474611,-7.7,51377769305,6.6,235212,전국,2024,월간,1,2024-01-01
2월,52076390,4.2,15678985813,-3.4,48221860,-12.9,45689883835,-0.7,3854530,전국,2024,월간,2,2024-02-01
3월,56518309,3.0,16805631471,7.0,52112905,-12.6,44316660011,-12.0,4405404,전국,2024,월간,3,2024-03-01
4월,56148299,13.6,16491489323,9.6,54821181,5.5,47615984752,15.1,1327118,전국,2024,월간,4,2024-04-01
5월,58020557,11.5,16793798360,4.7,53132937,-2.1,45880287019,0.3,4887620,전국,2024,월간,5,2024-05-01
6월,57341634,5.6,14641434578,-6.4,49090193,-7.5,42701364600,-5.1,8251441,전국,2024,월간,6,2024-06-01
7월,57458788,13.9,16697113273,10.0,53838742,10.5,45267798671,2.6,3620046,전국,2024,월간,7,2024-07-01
8월,57642924,10.9,17070040867,8.8,54054894,6.0,49665340393,5.9,3588030,전국,2024,월간,8,2024-08-01
9월,58544693,7.1,16449775351,6.2,52102925,2.2,44145421623,-4.9,6441768,전국,2024,월간,9,2024-09-01
10월,57500192,4.6,15994863514,-2.1,54331589,1.7,47452574096,5.2,3168603,전국,2024,월간,10,2024-10-01
11월,56288629,1.3,15893955992,1.7,50718992,-2.5,44116294628,-4.6,5569637,전국,2024,월간,11,2024-11-01
12월,61359250,6.6,17620291408,5.3,54866380,3.3,48014998357,-1.7,6492870,전국,2024,월간,12,2024-12-01
1월,46339145,-16.4,14925352987,-3.4,59037259,-2.6,48207366347,-6.1,-12698114,전국,2023,월간,1,2023-01-01
2월,49994593,-7.7,16228250945,8.5,55370498,3.5,46029574267,3.4,-5375905,전국,2023,월간,2,2023-02-01
3월,54882484,-14.0,15706505082,-3.5,59635920,-6.5,50376338330,2.5,-4753436,전국,2023,월간,3,2023-03-01
4월,49430879,-14.5,15044147649,1.7,51940137,-13.7,41362162873,-5.4,-2509258,전국,2023,월간,4,2023-04-01
5월,52054195,-15.5,16043949960,-3.6,54251194,-14.1,45756280427,-4.6,-2196999,전국,2023,월간,5,2023-05-01
6월,54297754,-5.9,15635723828,10.1,53055480,-11.8,44974353327,0.6,1242274,전국,2023,월간,6,2023-06-01
7월,50457776,-16.2,15184115531,-5.3,48738114,-25.3,44122733547,-12.4,1719662,전국,2023,월간,7,2023-07-01
8월,51994074,-8.1,15695802303,-7.3,51009758,-22.7,46890995127,-7.8,984316,전국,2023,월간,8,2023-08-01
9월,54650691,-4.4,15483124947,0.2,50972525,-16.5,46427868052,-0.4,3678166,전국,2023,월간,9,2023-09-01
10월,54989950,4.9,16334261184,14.2,53440582,-9.7,45102463634,3.5,1549368,전국,2023,월간,10,2023-10-01
11월,55561090,7.3,15631491140,4.3,51997805,-11.6,46252056307,-0.7,3563285,전국,2023,월간,11,2023-11-01
12월,57573193,5.0,16731073872,4.6,53122854,-10.9,48843273964,2.9,4450339,전국,2023,월간,12,2023-12-01
1월,55455376,15.5,15444372928,8.5,60606721,36.3,51335608391,15.4,-5151345,전국,2022,월간,1,2022-01-01
2월,54155835,21.1,14953781931,3.5,53482054,26.1,44517508850,-0.6,673781,전국,2022,월간,2,2022-02-01
3월,63786835,18.8,16280932783,0.3,63811102,28.3,49146743508,2.8,-24267,전국,2022,월간,3,2022-03-01
4월,57842816,12.9,14797450316,-5.4,60213185,18.3,43723045904,-7.2,-2370369,전국,2022,월간,4,2022-04-01
5월,61591326,21.4,16651314123,7.9,63168380,31.8,47944852485,7.2,-1577054,전국,2022,월간,5,2022-05-01
6월,57679934,5.3,14198209249,-6.2,60149906,19.3,44687776233,-5.9,-2469972,전국,2022,월간,6,2022-06-01
7월,60241774,8.6,16028339378,-3.9,65259838,21.6,50356500305,-3.8,-5018064,전국,2022,월간,7,2022-07-01
8월,56605950,6.5,16936465640,8.1,66027733,28.0,50856906417,7.3,-9421783,전국,2022,월간,8,2022-08-01
9월,57176300,2.3,15457277502,-2.4,61012837,18.2,46606425749,-6.7,-3836537,전국,2022,월간,9,2022-09-01
10월,52428092,-5.8,14302246537,-11.4,59167185,9.9,43598287307,-7.1,-6739093,전국,2022,월간,10,2022-10-01
11월,51771855,-14.2,14983517224,-6.6,58847655,2.6,46590760540,-4.0,-7075800,전국,2022,월간,11,2022-11-01
12월,54848666,-9.7,15990620901,-3.9,59623062,-2.5,47484114726,-5.9,-4774396,전국,2022,월간,12,2022-12-01
1월,48006974,11.4,14238150086,-14.4,44456822,4.1,44484704443,-13.2,3550152,전국,2021,월간,1,2021-01-01
2월,44706907,9.3,14448039127,-10.9,42404636,14.7,44800351878,0.6,2302271,전국,2021,월간,2,2021-02-01
3월,53690914,16.3,16234163736,-8.4,49742555,19.0,47822881366,5.2,3948359,전국,2021,월간,3,2021-03-01
4월,51225991,41.2,15638759826,0.4,50891152,34.2,47120952421,0.2,334839,전국,2021,월간,4,2021-04-01
5월,50725161,45.5,15429162190,15.4,47910522,38.2,44719801224,4.2,2814639,전국,2021,월간,5,2021-05-01
6월,54778905,39.7,15138182968,-2.7,50429027,40.9,47513882003,11.6,4349878,전국,2021,월간,6,2021-06-01
7월,55461518,29.6,16683435081,-0.5,53676256,38.2,52320778593,11.5,1785262,전국,2021,월간,7,2021-07-01
8월,53165104,34.7,15665095602,4.1,51581093,44.0,47403572497,12.8,1584011,전국,2021,월간,8,2021-08-01
9월,55913862,16.9,15840181830,-6.4,51636341,31.1,49963169817,7.2,4277521,전국,2021,월간,9,2021-09-01
10월,55660373,24.2,16151016172,5.8,53847824,37.7,46940140943,4.3,1812549,전국,2021,월간,10,2021-10-01
11월,60330542,31.9,16042990770,8.0,57357549,43.6,48539692630,8.8,2972993,전국,2021,월간,11,2021-11-01
12월,60734117,18.3,16645046549,0.8,61159671,37.0,50457865172,3.8,-425554,전국,2021,월간,12,2021-12-01
1월,43103061,-6.6,16633307635,-10.2,42718100,-5.4,51272911555,-4.6,384961,전국,2020,월간,1,2020-01-01
2월,40911819,3.6,16221972464,6.8,36977247,0.9,44547609313,-5.8,3934572,전국,2020,월간,2,2020-02-01
3월,46167204,-1.8,17714258048,12.9,41803860,-0.4,45440167379,2.3,4363344,전국,2020,월간,3,2020-03-01
4월,36270183,-25.6,15582202022,-11.3,37932611,-15.8,47027970369,-4.7,-1662428,전국,2020,월간,4,2020-04-01
5월,34854511,-23.7,13370518103,-20.7,34661974,-20.5,42897957455,-12.3,192537,전국,2020,월간,5,2020-05-01
6월,39214071,-10.9,15551484258,-1.9,35794860,-10.7,42560411576,-8.4,3419211,전국,2020,월간,6,2020-06-01
7월,42785144,-7.1,16771343079,-5.4,38849185,-11.2,46907196092,-8.2,3935959,전국,2020,월간,7,2020-07-01
8월,39469231,-10.3,15052190444,-12.4,35817929,-15.6,42017181050,-20.6,3651302,전국,2020,월간,8,2020-08-01
9월,47819948,7.1,16926314615,1.8,39400190,1.7,46589418987,4.1,8419758,전국,2020,월간,9,2020-09-01
10월,44818534,-3.9,15262454351,-11.7,39093795,-5.6,44994341586,-11.0,5724739,전국,2020,월간,10,2020-10-01
11월,45751883,3.9,14850752017,-9.8,39944763,-1.9,44628151375,-7.8,5807120,전국,2020,월간,11,2020-11-01
12월,51332449,12.4,16519587118,-6.0,44638246,2.2,48621893522,-10.0,6694203,전국,2020,월간,12,2020-12-01
1월,46168934,-6.2,18515404114,8.0,45153389,-1.4,53773104560,1.1,1015545,전국,2019,월간,1,2019-01-01
2월,39481803,-11.3,15190954059,-3.4,36651437,-12.2,47313038105,-3.4,2830366,전국,2019,월간,2,2019-02-01
3월,47003206,-8.4,15687940265,-0.9,41992349,-6.5,44399329905,-9.3,5010857,전국,2019,월간,3,2019-03-01
4월,48781156,-2.1,17574328428,2.1,45047164,3.1,49324579415,-0.8,3733992,전국,2019,월간,4,2019-04-01
5월,45703948,-9.8,16852048590,0.6,43619667,-1.9,48889262969,-1.6,2084281,전국,2019,월간,5,2019-05-01
6월,44008404,-13.8,15851294557,-4.5,40104812,-10.9,46477662272,-9.5,3903592,전국,2019,월간,6,2019-06-01
7월,46078221,-11.1,17736020316,2.6,43762245,-2.6,51097748156,2.5,2315976,전국,2019,월간,7,2019-07-01
8월,44020065,-14.0,17191006612,-0.1,42457250,-4.3,52950777402,1.6,1562815,전국,2019,월간,8,2019-08-01
9월,44629053,-11.9,16621147856,2.9,38741473,-5.6,44749395422,-4.2,5887580,전국,2019,월간,9,2019-09-01
10월,46648756,-15.0,17289887571,-2.4,41396517,-14.6,50574709265,-2.6,5252239,전국,2019,월간,10,2019-10-01
11월,44040722,-14.5,16462445500,-2.7,40729215,-13.0,48382664514,-10.4,3311507,전국,2019,월간,11,2019-11-01
12월,45668341,-5.3,17570449379,0.7,43687430,-0.8,54022640804,5.5,1980911,전국,2019,월간,12,2019-12-01
1월,49221291,22.3,17143258349,5.8,45805322,21.7,53207016535,2.5,3415969,전국,2018,월간,1,2018-01-01
2월,44523530,3.1,15719751189,-2.6,41722154,15.2,48960179895,3.0,2801376,전국,2018,월간,2,2018-02-01
3월,51309932,5.5,15826267036,-9.7,44897838,5.4,48925716276,-6.4,6412094,전국,2018,월간,3,2018-03-01
4월,49850235,-2.0,17207569639,9.3,43693963,15.1,49733163236,4.9,6156272,전국,2018,월간,4,2018-04-01
5월,50687750,12.8,16759538331,1.6,44458729,13.2,49686356691,3.3,6229021,전국,2018,월간,5,2018-05-01
6월,51079375,-0.4,16605478800,0.2,45000164,11.0,51345710705,0.6,6079211,전국,2018,월간,6,2018-06-01
7월,51810255,6.1,17289215529,3.2,44917044,16.3,49864103202,1.6,6893211,전국,2018,월간,7,2018-07-01
8월,51180449,8.7,17215014922,1.5,44360778,9.4,52133509417,0.6,6819671,전국,2018,월간,8,2018-08-01
9월,50650208,-8.1,16155204494,-16.4,41032928,-1.6,46735144504,-12.6,9617280,전국,2018,월간,9,2018-09-01
10월,54860310,22.5,17710317188,26.3,48480618,28.1,51927573374,12.2,6379692,전국,2018,월간,10,2018-10-01
11월,51479530,3.6,16922118051,0.0,46808199,11.4,53974642643,8.3,4671331,전국,2018,월간,11,2018-11-01
12월,48206793,-1.7,17449800226,1.5,44024694,1.1,51220819307,-2.1,4182099,전국,2018,월간,12,2018-12-01
1월,40257000,11.0,16210838468,5.0,37645403,20.2,51922695901,9.0,2611597,전국,2017,월간,1,2017-01-01
2월,43166536,20.2,16147456091,2.0,36203282,24.1,47522587441,4.1,6963254,전국,2017,월간,2,2017-02-01
3월,48637832,13.1,17526032289,5.7,42579492,27.7,52296140953,6.5,6058340,전국,2017,월간,3,2017-03-01
4월,50843799,23.8,15741945923,-8.5,37959391,17.2,47404372601,1.2,12884408,전국,2017,월간,4,2017-04-01
5월,44926979,13.1,16496545407,6.3,39287764,19.0,48094479331,1.7,5639215,전국,2017,월간,5,2017-05-01
6월,51272452,13.4,16572209707,2.0,40551012,19.7,51031774017,12.3,10721440,전국,2017,월간,6,2017-06-01
7월,48830440,19.4,16755919513,-1.9,38607157,15.7,49097362714,2.8,10223283,전국,2017,월간,7,2017-07-01
8월,47105569,17.4,16964087507,7.8,40549772,15.5,51803855320,8.0,6555797,전국,2017,월간,8,2017-08-01
9월,55115240,34.9,19330532390,16.9,41695884,22.7,53442545539,7.1,13419356,전국,2017,월간,9,2017-09-01
10월,44791239,6.7,14024325379,-9.1,37856562,8.0,46294632717,-1.4,6934677,전국,2017,월간,10,2017-10-01
11월,49707197,9.7,16920356560,2.4,42013512,12.8,49845371237,-0.9,7693685,전국,2017,월간,11,2017-11-01
12월,49040139,8.8,17186867473,3.8,43529066,13.6,52327808485,-3.7,5511073,전국,2017,월간,12,2017-12-01
1월,36260420,-19.6,15435344775,-5.5,31321901,-20.3,47643584032,-2.1,4938519,전국,2016,월간,1,2016-01-01
2월,35924541,-13.4,15824799774,11.1,29163323,-14.2,45650107622,2.5,6761218,전국,2016,월간,2,2016-02-01
3월,43002468,-8.2,16581586063,-2.0,33344423,-13.4,49083313335,5.9,9658045,전국,2016,월간,3,2016-03-01
4월,41081553,-11.1,17196662289,5.4,32388783,-14.4,46861835656,-1.7,8692770,전국,2016,월간,4,2016-04-01
5월,39733794,-6.1,15521577929,2.7,33025444,-8.4,47289283166,1.7,6708350,전국,2016,월간,5,2016-05-01
6월,45209071,-2.9,16246644845,-2.9,33890231,-7.4,45422760823,1.3,11318840,전국,2016,월간,6,2016-06-01
7월,40881700,-10.5,17088124879,-1.4,33371802,-13.6,47766123600,-4.1,7509898,전국,2016,월간,7,2016-07-01
8월,40124791,2.6,15739102708,-3.6,35103611,1.0,47987003113,5.6,5021180,전국,2016,월간,8,2016-08-01
9월,40846252,-6.0,16538933538,-0.2,33988443,-1.6,49902812303,9.3,6857809,전국,2016,월간,9,2016-09-01
10월,41983329,-3.2,15429772454,-3.4,35050112,-4.7,46938401846,-2.6,6933217,전국,2016,월간,10,2016-10-01
11월,45309141,2.3,16525347364,3.2,37240858,9.4,50306458358,11.4,8068283,전국,2016,월간,11,2016-11-01
12월,45068880,6.3,16554710320,-3.4,38303957,8.0,54362574126,2.5,6764923,전국,2016,월간,12,2016-12-01
1월,45105389,-1.0,16335598647,5.2,39283025,-12.2,48647225120,-0.8,5822364,전국,2015,월간,1,2015-01-01
2월,41472191,-3.4,14237475996,-1.0,33998316,-19.2,44558275113,-1.3,7473875,전국,2015,월간,2,2015-02-01
3월,46822771,-4.6,16923506471,6.1,38485935,-15.5,46341620132,-0.1,8336836,전국,2015,월간,3,2015-03-01
4월,46221931,-8.0,16322432264,-0.9,37858798,-17.5,47665799402,0.2,8363133,전국,2015,월간,4,2015-04-01
5월,42327311,-11.0,15119304897,-3.1,36039800,-15.4,46519830674,5.0,6287511,전국,2015,월간,5,2015-05-01
6월,46554512,-2.7,16731601325,10.7,36598398,-13.8,44861923127,1.9,9956114,전국,2015,월간,6,2015-06-01
7월,45695747,-5.2,17323426117,7.7,38647067,-15.7,49812054538,6.7,7048680,전국,2015,월간,7,2015-07-01
8월,39107399,-15.2,16334665301,3.1,34772163,-18.7,45426480086,-1.8,4335236,전국,2015,월간,8,2015-08-01
9월,43432312,-8.5,16576422221,5.3,34540504,-21.8,45655972399,0.3,8891808,전국,2015,월간,9,2015-09-01
10월,43352046,-16.0,15973741831,-9.5,36762975,-16.6,48171747647,0.8,6589071,전국,2015,월간,10,2015-10-01
11월,44285052,-5.0,16008125374,-0.2,34049682,-17.6,45162176047,2.6,10235370,전국,2015,월간,11,2015-11-01
12월,42379843,-14.3,17136970901,0.8,35462311,-19.2,53046198243,8.4,6917532,전국,2015,월간,12,2015-12-01
1월,45559632,-0.2,15527931767,-4.5,44746013,-1.2,49050634533,6.3,813619,전국,2014,월간,1,2014-01-01
2월,42911735,1.4,14384286029,-4.0,42061554,4.0,45167936838,3.1,850181,전국,2014,월간,2,2014-02-01
3월,49064392,3.7,15946573888,-1.0,45558675,3.6,46409074281,4.4,3505717,전국,2014,월간,3,2014-03-01
4월,50267448,8.9,16463986077,11.4,45873333,5.1,47550473608,4.0,4394115,전국,2014,월간,4,2014-04-01
5월,47577183,-1.5,15610004359,-0.9,42607483,0.5,44289191188,2.3,4969700,전국,2014,월간,5,2014-05-01
6월,47827709,2.4,15110943355,0.2,42476381,4.3,44012955174,2.3,5351328,전국,2014,월간,6,2014-06-01
7월,48204545,5.2,16086921872,5.5,45863916,5.7,46691257014,3.4,2340629,전국,2014,월간,7,2014-07-01
8월,46108370,-0.4,15843051920,3.4,42791869,2.9,46266518883,4.5,3316501,전국,2014,월간,8,2014-08-01
9월,47446217,6.3,15744799393,6.4,44184712,7.6,45496811265,8.8,3261505,전국,2014,월간,9,2014-09-01
10월,51630657,2.3,17642170273,12.2,44097421,-3.3,47767726559,5.4,7533236,전국,2014,월간,10,2014-10-01
11월,46605342,-2.7,16036110100,0.1,41343254,-4.1,44022383054,-4.5,5262088,전국,2014,월간,11,2014-11-01
12월,49461377,3.1,16992998998,14.8,43909896,-1.0,48950675159,5.9,5551481,전국,2014,월간,12,2014-12-01
1월,45673109,10.9,16257630197,7.7,45296942,4.1,46128690402,1.5,376167,전국,2013,월간,1,2013-01-01
2월,42331837,-8.6,14984188316,-4.4,40458472,-10.3,43790791123,-5.2,1873365,전국,2013,월간,2,2013-02-01
3월,47312704,0.0,16099910526,2.5,43976739,-2.4,44468480823,1.5,3335965,전국,2013,월간,3,2013-03-01
4월,46157925,0.1,14784281060,-3.6,43648241,-0.7,45713754194,11.2,2509684,전국,2013,월간,4,2013-04-01
5월,48307560,3.1,15745399845,-2.5,42389874,-4.7,43285663274,-3.1,5917686,전국,2013,월간,5,2013-05-01
6월,46690983,-1.0,15080371016,-10.3,40719394,-3.0,43034756059,-1.5,5971589,전국,2013,월간,6,2013-06-01
7월,45829521,2.6,15245646202,-3.5,43384403,3.4,45152677242,3.1,2445118,전국,2013,월간,7,2013-07-01
8월,46311341,7.6,15323880678,-0.6,41593821,1.2,44290028755,-1.5,4717520,전국,2013,월간,8,2013-08-01
9월,44650486,-1.7,14799486066,-7.5,41055405,-3.5,41834532050,-5.9,3595081,전국,2013,월간,9,2013-09-01
10월,50480484,7.2,15722427723,-1.8,45604963,5.1,45336669728,2.9,4875521,전국,2013,월간,10,2013-10-01
11월,47905028,0.2,16024822582,3.6,43106074,-0.6,46083016234,-0.8,4798954,전국,2013,월간,11,2013-11-01
12월,47981456,6.9,14797202545,-2.0,44351186,3.0,46211193310,3.3,3630270,전국,2013,월간,12,2013-12-01
1월,41200358,-7.3,15091390037,4.1,43517291,3.7,45463917502,-3.4,-2316933,전국,2012,월간,1,2012-01-01
2월,46316184,20.4,15673032331,19.0,45099984,23.9,46213934084,13.9,1216200,전국,2012,월간,2,2012-02-01
3월,47329817,-1.5,15704829596,1.2,45053406,-1.1,43817306506,-6.0,2276411,전국,2012,월간,3,2012-03-01
4월,46094754,-5.0,15338509933,-0.4,43957176,-0.5,41103821200,-4.3,2137578,전국,2012,월간,4,2012-04-01
5월,46872357,-1.0,16151778566,7.5,44480339,-1.8,44661517551,4.9,2392018,전국,2012,월간,5,2012-05-01
6월,47162605,0.9,16806922343,9.9,41993629,-6.3,43705470783,2.7,5168976,전국,2012,월간,6,2012-06-01
7월,44667681,-8.7,15796723460,0.3,41976900,-5.2,43807092051,2.5,2690781,전국,2012,월간,7,2012-07-01
8월,43045181,-6.0,15410317225,-2.5,41115675,-9.4,44951814215,3.7,1929506,전국,2012,월간,8,2012-08-01
9월,45412538,-2.4,16000131478,3.3,42559535,-6.0,44470633811,-5.0,2853003,전국,2012,월간,9,2012-09-01
10월,47087760,1.0,16011748246,1.8,43379893,1.6,44048098655,5.7,3707867,전국,2012,월간,10,2012-10-01
11월,47805246,3.9,15462374040,-0.1,43381537,0.9,46459416751,4.0,4423709,전국,2012,월간,11,2012-11-01
12월,44875311,-6.0,15104678837,-7.9,43069109,-5.3,44744880082,-2.2,1806202,전국,2012,월간,12,2012-12-01
1월,44465366,44.7,14503815004,32.2,41981323,33.1,47052557429,15.1,2484043,전국,2011,월간,1,2011-01-01
2월,38467412,16.4,13166743351,11.8,36401588,17.3,40590578990,4.0,2065824,전국,2011,월간,2,2011-02-01
3월,48052991,28.8,15515101904,18.2,45565952,28.1,46631504152,9.4,2487039,전국,2011,월간,3,2011-03-01
4월,48536725,23.5,15402277274,11.8,44188522,24.4,42951675514,2.5,4348203,전국,2011,월간,4,2011-04-01
5월,47331329,21.7,15022383718,14.8,45284932,29.9,42569318534,6.4,2046397,전국,2011,월간,5,2011-05-01
6월,46736893,11.1,15289139601,6.3,44824772,27.1,42567587267,4.8,1912121,전국,2011,월간,6,2011-06-01
7월,48950113,21.1,15749915425,9.0,44296129,25.1,42751315140,2.9,4653984,전국,2011,월간,7,2011-07-01
8월,45792061,25.5,15805231518,19.8,45381680,28.7,43355349518,7.4,410381,전국,2011,월간,8,2011-08-01
9월,46510965,18.0,15489517783,12.9,45279469,29.4,46818348220,18.2,1231496,전국,2011,월간,9,2011-09-01
10월,46613480,7.6,15735612042,6.6,42709770,15.4,41684593205,-2.2,3903710,전국,2011,월간,10,2011-10-01
11월,46012595,11.5,15475176905,10.5,43010481,11.2,44679855240,2.5,3002114,전국,2011,월간,11,2011-11-01
12월,47743725,8.2,16407829355,7.2,45488471,13.6,45773667529,4.6,2255254,전국,2011,월간,12,2011-12-01
1월,30735415,45.4,10969983651,11.5,31535995,26.7,40872901596,6.8,-800580,전국,2010,월간,1,2010-01-01
2월,33039402,30.1,11782285118,7.0,31044126,37.4,39040509659,15.9,1995276,전국,2010,월간,2,2010-02-01
3월,37308940,33.8,13128532137,0.8,35575754,48.7,42612755540,25.0,1733186,전국,2010,월간,3,2010-03-01
4월,39301014,29.6,13779551558,5.5,35522367,42.8,41894271438,19.8,3778647,전국,2010,월간,4,2010-04-01
5월,38887930,39.8,13090376371,12.7,34853570,48.9,40002754267,19.0,4034360,전국,2010,월간,5,2010-05-01
6월,42049045,30.5,14378416602,11.7,35254773,37.2,40610758507,20.5,6794272,전국,2010,월간,6,2010-06-01
7월,40423611,26.7,14444402926,13.7,35421718,28.0,41534195825,13.2,5001893,전국,2010,월간,7,2010-07-01
8월,36480955,26.0,13195283968,14.2,35274964,28.7,40370631306,10.2,1205991,전국,2010,월간,8,2010-08-01
9월,39410882,16.2,13722678968,9.5,35001780,17.6,39606027542,4.7,4409102,전국,2010,월간,9,2010-09-01
10월,43340335,27.6,14766263216,20.2,37001095,21.7,42601131016,3.7,6339240,전국,2010,월간,10,2010-10-01
11월,41260912,21.4,14009547663,9.6,38669304,30.9,43570201469,17.6,2591608,전국,2010,월간,11,2010-11-01
12월,44145320,22.6,15305443282,10.6,40056714,21.7,43773926114,8.8,4088606,전국,2010,월간,12,2010-12-01
1월,21133405,-34.5,9836345818,-8.5,24898821,-31.4,38255042711,-6.1,-3765416,전국,2009,월간,1,2009-01-01
2월,25397150,-18.5,11008973759,2.4,22598094,-30.7,33697196769,-9.0,2799056,전국,2009,월간,2,2009-02-01
3월,27890831,-22.5,13020584081,10.4,23920622,-35.5,34081770957,-12.7,3970209,전국,2009,월간,3,2009-03-01
4월,30326509,-19.9,13055019594,7.7,24873845,-35.0,34976566626,-11.0,5452664,전국,2009,월간,4,2009-04-01
5월,27823839,-29.4,11611209201,-8.5,23407033,-39.5,33617385234,-15.5,4416806,전국,2009,월간,5,2009-05-01
6월,32210048,-13.6,12877528198,12.3,25689293,-32.1,33715081463,-5.7,6520755,전국,2009,월간,6,2009-06-01
7월,31908462,-22.1,12708550027,-4.3,27679764,-35.6,36689993484,-11.1,4228698,전국,2009,월간,7,2009-07-01
8월,28949627,-20.9,11552941914,-3.5,27408191,-32.2,36648117435,-1.6,1541436,전국,2009,월간,8,2009-08-01
9월,33922429,-9.4,12533832669,1.0,29757140,-24.7,37845064583,3.1,4165289,전국,2009,월간,9,2009-09-01
10월,33970032,-8.5,12282675959,-5.7,30396532,-15.8,41074774887,7.8,3573500,전국,2009,월간,10,2009-10-01
11월,33991607,17.9,12788111401,14.4,29534690,2.4,37049772654,4.3,4456917,전국,2009,월간,11,2009-11-01
12월,36009623,32.8,13839612817,15.9,32920497,23.9,40237768439,8.7,3089126,전국,2009,월간,12,2009-12-01
1월,32274575,14.9,10747196798,7.3,36318030,31.8,40757637399,13.6,-4043455,전국,2008,월간,1,2008-01-01
2월,31178190,18.9,10755707950,2.4,32624334,28.4,37047841152,5.6,-1446144,전국,2008,월간,2,2008-02-01
3월,35991776,18.4,11790948425,1.7,37110561,26.7,39052677940,4.5,-1118785,전국,2008,월간,3,2008-03-01
4월,37850247,26.4,12124370353,3.8,38260401,29.3,39307894716,8.5,-410154,전국,2008,월간,4,2008-04-01
5월,39383158,26.9,12686558618,12.5,38704468,29.6,39807227687,2.0,678690,전국,2008,월간,5,2008-05-01
6월,37258608,16.4,11464600881,1.8,37827931,32.7,35767824084,1.8,-569323,전국,2008,월간,6,2008-06-01
7월,40961223,35.6,13283291748,19.8,42952491,47.0,41268842734,16.8,-1991268,전국,2008,월간,7,2008-07-01
8월,36610603,18.1,11976610439,4.2,40420447,36.4,37225252490,5.3,-3809844,전국,2008,월간,8,2008-08-01
9월,37428303,27.6,12409116733,20.7,39528073,45.4,36718725765,9.4,-2099770,전국,2008,월간,9,2008-09-01
10월,37111140,7.8,13021807647,14.4,36098774,10.3,38091906872,1.0,1012366,전국,2008,월간,10,2008-10-01
11월,28841617,-19.5,11173871964,-4.4,28853646,-15.0,35521664475,-6.9,-12029,전국,2008,월간,11,2008-11-01
12월,27117889,-17.9,11936907661,2.7,26575580,-21.6,37027585060,-1.7,542309,전국,2008,월간,12,2008-12-01
1월,28092561,20.8,10014210085,7.1,27560101,19.4,35874336864,2.9,532460,전국,2007,월간,1,2007-01-01
2월,26225125,10.3,10505162304,11.4,25406152,8.1,35090877985,5.6,818973,전국,2007,월간,2,2007-02-01
3월,30385840,13.2,11594538829,11.5,29295460,12.9,37374597732,6.2,1090380,전국,2007,월간,3,2007-03-01
4월,29944456,17.0,11682319157,17.6,29596882,20.9,36243872747,10.1,347574,전국,2007,월간,4,2007-04-01
5월,31039901,11.1,11275963146,5.8,29856937,13.9,39024608288,12.8,1182964,전국,2007,월간,5,2007-05-01
6월,32000109,14.5,11262871343,5.5,28508098,9.5,35147424641,-1.0,3492011,전국,2007,월간,6,2007-06-01
7월,30207444,17.2,11086647141,0.1,29223201,14.4,35323695123,4.8,984243,전국,2007,월간,7,2007-07-01
8월,30998134,13.6,11494861525,-2.6,29642050,9.7,35340990796,1.9,1356084,전국,2007,월간,8,2007-08-01
9월,29323535,-1.1,10282267029,-11.0,27193582,-1.6,33555432089,-8.2,2129953,전국,2007,월간,9,2007-09-01
10월,34433813,22.9,11381067736,6.3,32741232,27.8,37715210603,17.3,1692581,전국,2007,월간,10,2007-10-01
11월,35807893,17.0,11690601941,-4.1,33926124,26.8,38155495506,9.0,1881769,전국,2007,월간,11,2007-11-01
12월,33030276,14.8,11620722049,-4.6,33895915,23.2,37672338792,-1.0,-865639,전국,2007,월간,12,2007-12-01
1월,23257866,3.6,9346590327,0.1,23089304,18.7,34852797866,9.4,168562,전국,2006,월간,1,2006-01-01
2월,23786956,16.6,9431312346,7.7,23507780,27.8,33222924063,6.4,279176,전국,2006,월간,2,2006-02-01
3월,26840145,12.1,10400781954,7.4,25945007,13.9,35200133332,-8.0,895138,전국,2006,월간,3,2006-03-01
4월,25590123,11.9,9930274222,10.0,24485820,15.3,32928375897,0.9,1104303,전국,2006,월간,4,2006-04-01
5월,27934507,20.8,10656915393,7.9,26210366,23.9,34599094459,9.1,1724141,전국,2006,월간,5,2006-05-01
6월,27948805,17.9,10678115840,8.5,26023464,22.2,35488887570,11.9,1925341,전국,2006,월간,6,2006-06-01
7월,25774350,10.9,11076546683,12.2,25549715,18.8,33689876807,1.1,224635,전국,2006,월간,7,2006-07-01
8월,27287195,16.9,11802320691,17.8,27029461,22.9,34667831598,10.4,257734,전국,2006,월간,8,2006-08-01
9월,29651247,20.9,11549271423,15.5,27636644,21.6,36543234133,6.8,2014603,전국,2006,월간,9,2006-09-01
10월,28015959,10.5,10703243749,8.6,25621762,13.1,32161379765,1.5,2394197,전국,2006,월간,10,2006-10-01
11월,30602313,18.5,12186332753,12.8,26765115,12.2,34995118610,-1.3,3837198,전국,2006,월간,11,2006-11-01
12월,28775383,12.3,12177871742,12.6,27518194,13.8,38058763317,7.7,1257189,전국,2006,월간,12,2006-12-01
1월,22454025,18.3,9338459229,9.4,19450003,20.0,31843808695,-7.2,3004022,전국,2005,월간,1,2005-01-01
2월,20401096,6.6,8760773323,0.0,18396908,5.3,31209981329,-3.8,2004188,전국,2005,월간,2,2005-02-01
3월,23952500,13.1,9680834307,8.4,22779866,19.1,38244896663,13.0,1172634,전국,2005,월간,3,2005-03-01
4월,22872505,6.5,9030604805,0.1,21244490,12.8,32626504552,-5.7,1628015,전국,2005,월간,4,2005-04-01
5월,23122703,11.0,9877895016,2.1,21161778,18.3,31705022375,-2.7,1960925,전국,2005,월간,5,2005-05-01
6월,23707576,9.5,9841170040,25.1,21288597,14.8,31721777446,-0.1,2418979,전국,2005,월간,6,2005-06-01
7월,23235522,10.6,9869945367,9.2,21508824,17.0,33321843896,4.9,1726698,전국,2005,월간,7,2005-07-01
8월,23342967,17.9,10020918550,13.5,22000828,21.4,31397008690,2.3,1342139,전국,2005,월간,8,2005-08-01
9월,24519191,17.7,10001341873,14.9,22718657,24.9,34202128142,9.9,1800534,전국,2005,월간,9,2005-09-01
10월,25352748,11.9,9858807828,2.2,22652735,11.0,31685523716,-10.0,2700013,전국,2005,월간,10,2005-10-01
11월,25826192,11.9,10808112271,17.1,23849552,17.4,35466371085,2.1,1976640,전국,2005,월간,11,2005-11-01
12월,25631716,10.5,10815740833,2.6,24186026,15.4,35336046558,-6.0,1445690,전국,2005,월간,12,2005-12-01
1월,18987120,32.6,8539102339,4.6,16208879,11.8,34329642212,-2.1,2778241,전국,2004,월간,1,2004-01-01
2월,19136968,43.5,8757811798,10.3,17468564,26.1,32440919622,9.5,1668404,전국,2004,월간,2,2004-02-01
3월,21174855,37.7,8934212197,2.6,19120078,20.5,33847039628,0.9,2054777,전국,2004,월간,3,2004-03-01
4월,21483357,36.7,9024142913,1.3,18829952,27.6,34612586158,10.7,2653405,전국,2004,월간,4,2004-04-01
5월,20834259,42.0,9673500995,31.9,17895384,32.3,32599752692,8.1,2938875,전국,2004,월간,5,2004-05-01
6월,21657111,38.3,7867887839,-4.4,18544350,38.1,31756443203,14.8,3112761,전국,2004,월간,6,2004-06-01
7월,21003794,36.1,9035238828,2.0,18390091,23.4,31766680999,-7.7,2613703,전국,2004,월간,7,2004-07-01
8월,19798969,28.8,8825565370,14.7,18124364,33.8,30698466472,10.0,1674605,전국,2004,월간,8,2004-08-01
9월,20831133,22.4,8703545627,7.4,18193347,25.2,31110789120,3.9,2637786,전국,2004,월간,9,2004-09-01
10월,22663289,19.7,9646421576,9.4,20408216,23.4,35199264819,3.8,2255073,전국,2004,월간,10,2004-10-01
11월,23076612,26.5,9232927142,12.4,20311965,28.9,34726792572,9.8,2764647,전국,2004,월간,11,2004-11-01
12월,23197206,17.6,10545908209,21.8,20967497,19.0,37583544080,5.6,2229709,전국,2004,월간,12,2004-12-01
1월,14319931,25.8,8166059659,0.2,14494967,28.0,35049933475,10.1,-175036,전국,2003,월간,1,2003-01-01
2월,13337145,21.0,7936861441,8.1,13858274,32.3,29617523408,-4.5,-521129,전국,2003,월간,2,2003-02-01
3월,15378850,16.1,8706049331,3.2,15870217,32.4,33550220238,7.3,-491367,전국,2003,월간,3,2003-03-01
4월,15720592,19.2,8910031902,8.8,14758747,17.5,31257167315,-1.2,961845,전국,2003,월간,4,2003-04-01
5월,14676092,3.5,7336725430,-15.6,13523642,6.5,30149101855,-5.7,1152450,전국,2003,월간,5,2003-05-01
6월,15656327,21.4,8230731330,0.4,13428141,12.5,27660971053,0.7,2228186,전국,2003,월간,6,2003-06-01
7월,15431714,15.2,8853938826,5.7,14898003,14.3,34426838984,12.5,533711,전국,2003,월간,7,2003-07-01
8월,15375268,10.1,7691907386,-13.9,13541360,5.3,27902490454,-4.8,1833908,전국,2003,월간,8,2003-08-01
9월,17021082,22.4,8107501636,2.5,14531444,11.9,29952147146,-1.1,2489638,전국,2003,월간,9,2003-09-01
10월,18929665,25.5,8817090117,8.1,16536628,19.7,33918188215,8.2,2393037,전국,2003,월간,10,2003-10-01
11월,18242088,20.0,8216055769,-2.8,15760750,12.6,31616958693,1.6,2481338,전국,2003,월간,11,2003-11-01
12월,19728688,31.3,8655022269,7.8,17624485,22.0,35574011391,1.6,2104203,전국,2003,월간,12,2003-12-01
1월,11381879,-10.0,8151295034,-15.4,11326430,-8.9,31833895923,4.4,55449,전국,2002,월간,1,2002-01-01
2월,11023037,-17.5,7339946842,-19.2,10471161,-17.8,30999344920,-7.6,551876,전국,2002,월간,2,2002-02-01
3월,13251323,-6.2,8434263540,-13.3,11990097,-7.4,31275473351,-5.3,1261226,전국,2002,월간,3,2002-03-01
4월,13184534,8.8,8189451747,-9.0,12559696,12.0,31629100017,18.3,624838,전국,2002,월간,4,2002-04-01
5월,14173177,6.5,8687915149,-15.5,12698101,9.9,31959121356,8.8,1475076,전국,2002,월간,5,2002-05-01
6월,12894088,-0.3,8195988768,-4.7,11934221,1.8,27463316528,-13.4,959867,전국,2002,월간,6,2002-06-01
7월,13395179,17.6,8376889663,-2.5,13031773,17.3,30609258070,8.3,363406,전국,2002,월간,7,2002-07-01
8월,13959110,18.6,8937661052,1.3,12860751,13.4,29302569063,-0.5,1098359,전국,2002,월간,8,2002-08-01
9월,13900763,11.7,7911384345,-3.5,12991557,10.9,30284220165,0.5,909206,전국,2002,월간,9,2002-09-01
10월,15084659,24.8,8156329299,-2.6,13817061,20.1,31339808801,9.4,1267598,전국,2002,월간,10,2002-10-01
11월,15196561,23.1,8451626750,-0.2,13993431,21.3,31115610998,0.0,1203130,전국,2002,월간,11,2002-11-01
12월,15026217,26.1,8031625252,-7.0,14451874,27.9,35002515676,13.9,574343,전국,2002,월간,12,2002-12-01
1월,12644929,4.0,9638779569,9.0,12431023,-1.3,30480335659,-6.9,213906,전국,2001,월간,1,2001-01-01
2월,13354074,5.3,9079994599,1.0,12732258,5.9,33554874212,13.6,621816,전국,2001,월간,2,2001-02-01
3월,14124891,-2.1,9723624465,7.7,12951886,-8.9,33014588219,5.7,1173005,전국,2001,월간,3,2001-03-01
4월,12121110,-10.4,9002850028,-0.5,11212192,-16.0,26728669485,-13.5,908918,전국,2001,월간,4,2001-04-01
5월,13306959,-9.1,10287367417,14.3,11554834,-13.0,29387384533,-2.3,1752125,전국,2001,월간,5,2001-05-01
6월,12931941,-15.2,8598649502,-11.6,11718966,-11.1,31706286227,11.2,1212975,전국,2001,월간,6,2001-06-01
7월,11392257,-21.2,8589721802,-3.6,11107564,-18.8,28262570352,-2.2,284693,전국,2001,월간,7,2001-07-01
8월,11766192,-20.4,8820622869,-6.3,11337826,-15.6,29436642393,2.0,428366,전국,2001,월간,8,2001-08-01
9월,12447324,-17.7,8198115934,-7.3,11709659,-11.9,30130757346,8.7,737665,전국,2001,월간,9,2001-09-01
10월,12086028,-20.7,8370653251,-6.3,11506884,-18.4,28638733523,-0.3,579144,전국,2001,월간,10,2001-10-01
11월,12348967,-17.6,8464585875,-7.6,11532771,-18.6,31126771941,3.1,816196,전국,2001,월간,11,2001-11-01
12월,11914472,-20.4,8632961499,-13.7,11301958,-14.2,30743776486,6.5,612514,전국,2001,월간,12,2001-12-01
1월,12162425,0.0,8841745565,0.0,12594623,0.0,32753101354,0.0,-432198,전국,2000,월간,1,2000-01-01
2월,12676042,0.0,8991378889,0.0,12023652,0.0,29527955573,0.0,652390,전국,2000,월간,2,2000-02-01
3월,14429703,0.0,9032500920,0.0,14212011,0.0,31226617463,0.0,217692,전국,2000,월간,3,2000-03-01
4월,13522040,0.0,9043835253,0.0,13344532,0.0,30912342914,0.0,177508,전국,2000,월간,4,2000-04-01
5월,14636755,0.0,8998222098,0.0,13283356,0.0,30074461801,0.0,1353399,전국,2000,월간,5,2000-05-01
6월,15250940,0.0,9729361985,0.0,13177511,0.0,28509045602,0.0,2073429,전국,2000,월간,6,2000-06-01
7월,14455656,0.0,8907311828,0.0,13671876,0.0,28885388059,0.0,783780,전국,2000,월간,7,2000-07-01
8월,14786880,0.0,9412503283,0.0,13441139,0.0,28859641020,0.0,1345741,전국,2000,월간,8,2000-08-01
9월,15133379,0.0,8847646388,0.0,13291803,0.0,27729546522,0.0,1841576,전국,2000,월간,9,2000-09-01
10월,15248068,0.0,8929384927,0.0,14104212,0.0,28738894364,0.0,1143856,전국,2000,월간,10,2000-10-01
11월,14989068,0.0,9164278848,0.0,14160418,0.0,30200866323,0.0,828650,전국,2000,월간,11,2000-11-01
12월,14976555,0.0,9999473442,0.0,13175885,0.0,28860243800,0.0,1800670,전국,2000,월간,12,2000-12-01
1월,9418453,64.1,1877599499,27.6,3383776,0.8,8480699005,17.9,6034677,충남,2026,월간,1,2026-01-01
2월,13275702,108.9,1842879773,-4.5,2739457,-14.5,6105070104,-1.6,10536245,충남,2026,월간,2,2026-02-01
3월,17962711,125.1,1984368059,8.7,3598607,10.4,6778212338,28.2,14364104,충남,2026,월간,3,2026-03-01
4월,16087075,151.8,1458390008,-28.7,2827982,-6.3,4274993266,-11.7,13259093,충남,2026,월간,4,2026-04-01
5월,18196744,138.3,1410345876,-18.9,4356565,39.0,6052884249,5.4,13840179,충남,2026,월간,5,2026-05-01
6월,22800477,164.4,1964632901,9.0,3642159,29.4,5819611616,6.4,19158318,충남,2026,월간,6,2026-06-01
7월,18576665,141.5,2059648867,3.3,4203122,30.2,7639110337,3.9,14373543,충남,2026,월간,7,2026-07-01
1월,5741004,-9.1,1471879978,-25.8,3356819,-2.2,7195483637,10.5,2384185,충남,2025,월간,1,2025-01-01
2월,6355742,-6.3,1929710549,13.6,3205590,-1.5,6205275733,-12.8,3150152,충남,2025,월간,2,2025-02-01
3월,7979435,1.3,1825876438,-3.7,3258884,-0.7,5285203620,-5.3,4720551,충남,2025,월간,3,2025-03-01
4월,6388928,-6.3,2045644111,12.1,3018078,-19.7,4840946958,-22.5,3370850,충남,2025,월간,4,2025-04-01
5월,7634873,1.0,1738092241,5.5,3134070,-6.4,5741773447,-14.6,4500803,충남,2025,월간,5,2025-05-01
6월,8624724,1.9,1802003767,23.5,2814126,-23.1,5467550432,-21.2,5810598,충남,2025,월간,6,2025-06-01
7월,7693614,0.5,1993698141,-1.3,3227075,-6.6,7355235054,2.8,4466539,충남,2025,월간,7,2025-07-01
8월,8140240,2.5,1847949060,-2.4,3188041,-14.6,7773214858,7.0,4952199,충남,2025,월간,8,2025-08-01
9월,10292349,17.4,1899777653,5.2,3103500,-9.2,7138248731,5.2,7188849,충남,2025,월간,9,2025-09-01
10월,7139244,-1.2,1877389689,12.7,3377067,5.9,7851582936,31.9,3762177,충남,2025,월간,10,2025-10-01
11월,9457027,20.9,1604774756,-3.4,2897962,-12.2,6588506738,-0.6,6559065,충남,2025,월간,11,2025-11-01
12월,11633091,24.1,2265962147,18.1,3095524,-6.2,6487000092,-2.8,8537567,충남,2025,월간,12,2025-12-01
1월,6316679,13.7,1984700176,18.4,3433874,-7.1,6509103820,1.4,2882805,충남,2024,월간,1,2024-01-01
2월,6784510,18.1,1699252746,3.4,3254046,-12.3,7112714435,4.7,3530464,충남,2024,월간,2,2024-02-01
3월,7879504,6.4,1895350919,16.9,3281135,-17.3,5578903792,-22.2,4598369,충남,2024,월간,3,2024-03-01
4월,6814913,18.4,1824483848,16.3,3758669,13.5,6245860486,20.9,3056244,충남,2024,월간,4,2024-04-01
5월,7561727,22.1,1647683466,-6.5,3348757,-7.3,6723484738,10.6,4212970,충남,2024,월간,5,2024-05-01
6월,8459919,11.6,1458724650,-17.9,3658491,9.5,6936997507,5.6,4801428,충남,2024,월간,6,2024-06-01
7월,7658762,21.4,2020960306,24.3,3456404,24.5,7155988945,10.9,4202358,충남,2024,월간,7,2024-07-01
8월,7943072,21.1,1893201276,61.1,3734179,31.7,7263749762,16.7,4208893,충남,2024,월간,8,2024-08-01
9월,8765878,28.1,1806566300,57.9,3418191,13.4,6782573969,9.0,5347687,충남,2024,월간,9,2024-09-01
10월,7222979,7.9,1665305184,-6.9,3190030,-6.9,5954128632,-2.3,4032949,충남,2024,월간,10,2024-10-01
11월,7824652,12.3,1660842421,-2.8,3302319,-9.0,6625623870,-8.0,4522333,충남,2024,월간,11,2024-11-01
12월,9372992,20.5,1919013504,8.4,3301512,-5.7,6676219862,-2.5,6071480,충남,2024,월간,12,2024-12-01
1월,5556942,-39.5,1675814288,-2.9,3694825,-5.0,6418620351,-13.1,1862117,충남,2023,월간,1,2023-01-01
2월,5742411,-35.4,1643515737,3.3,3710730,-4.2,6793781443,-2.6,2031681,충남,2023,월간,2,2023-02-01
3월,7408775,-31.8,1620992627,-15.0,3967141,-7.4,7166276280,13.7,3441634,충남,2023,월간,3,2023-03-01
4월,5755482,-39.2,1568257111,-0.7,3311816,-19.2,5164923257,-10.5,2443666,충남,2023,월간,4,2023-04-01
5월,6194992,-35.3,1762769018,17.4,3611199,-13.0,6078573254,2.1,2583793,충남,2023,월간,5,2023-05-01
6월,7580632,-18.3,1777034800,11.7,3340351,-31.3,6570863131,-15.7,4240281,충남,2023,월간,6,2023-06-01
7월,6310157,-26.8,1626097324,-8.4,2775837,-46.2,6451542206,-15.6,3534320,충남,2023,월간,7,2023-07-01
8월,6561324,-28.3,1175085640,-44.1,2835999,-42.6,6222463269,-12.2,3725325,충남,2023,월간,8,2023-08-01
9월,6842050,-26.8,1144353035,-38.8,3014788,-21.3,6221967197,0.1,3827262,충남,2023,월간,9,2023-09-01
10월,6695368,-21.2,1789234138,5.6,3427395,-12.9,6094374199,2.2,3267973,충남,2023,월간,10,2023-10-01
11월,6967926,-6.3,1708211592,12.9,3629165,-5.9,7199011847,5.8,3338761,충남,2023,월간,11,2023-11-01
12월,7777067,8.4,1770114829,9.2,3501606,-11.7,6846198919,0.2,4275461,충남,2023,월간,12,2023-12-01
1월,9181162,30.2,1725284301,15.2,3887369,76.2,7382940794,33.2,5293793,충남,2022,월간,1,2022-01-01
2월,8888423,28.1,1590975507,-7.9,3873142,44.5,6975899060,4.2,5015281,충남,2022,월간,2,2022-02-01
3월,10867829,34.3,1906515520,-12.0,4285601,49.4,6301974999,-3.4,6582228,충남,2022,월간,3,2022-03-01
4월,9471880,23.5,1579824320,-20.3,4098631,31.5,5771174090,-9.4,5373249,충남,2022,월간,4,2022-04-01
5월,9581595,17.2,1502051616,-9.3,4150502,45.5,5953627865,-3.8,5431093,충남,2022,월간,5,2022-05-01
6월,9279056,4.1,1590962992,17.1,4860733,56.3,7798210002,20.2,4418323,충남,2022,월간,6,2022-06-01
7월,8617802,-1.2,1775777440,7.3,5161391,60.0,7640245975,-6.2,3456411,충남,2022,월간,7,2022-07-01
8월,9149312,-2.8,2102082992,34.4,4943656,45.6,7091110776,-2.1,4205656,충남,2022,월간,8,2022-08-01
9월,9351332,-7.0,1870640588,5.1,3831093,19.7,6213798783,-21.0,5520239,충남,2022,월간,9,2022-09-01
10월,8491898,-5.5,1694551493,-6.4,3934654,18.3,5960643250,-6.1,4557244,충남,2022,월간,10,2022-10-01
11월,7438967,-25.3,1512639612,-12.9,3856247,13.3,6801191980,20.4,3582720,충남,2022,월간,11,2022-11-01
12월,7176037,-29.3,1621683932,-9.7,3966424,2.8,6831625862,-4.0,3209613,충남,2022,월간,12,2022-12-01
1월,7050946,12.9,1497090018,-17.6,2206790,-33.1,5542339151,-28.7,4844156,충남,2021,월간,1,2021-01-01
2월,6937637,11.7,1728144639,-3.0,2680768,3.4,6694405883,11.2,4256869,충남,2021,월간,2,2021-02-01
3월,8089605,14.5,2166197942,14.4,2868793,8.3,6521931836,-1.4,5220812,충남,2021,월간,3,2021-03-01
4월,7666879,45.7,1981606351,59.2,3116167,65.8,6371066785,7.8,4550712,충남,2021,월간,4,2021-04-01
5월,8177758,42.5,1656430944,74.0,2853157,93.4,6190434739,11.9,5324601,충남,2021,월간,5,2021-05-01
6월,8915559,40.1,1358347246,-16.4,3109898,76.1,6487364588,-6.8,5805661,충남,2021,월간,6,2021-06-01
7월,8726562,47.0,1654374191,-5.2,3225352,58.1,8141089216,6.0,5501210,충남,2021,월간,7,2021-07-01
8월,9408765,42.9,1563697956,-7.0,3394597,81.8,7241959773,14.6,6014168,충남,2021,월간,8,2021-08-01
9월,10059340,30.8,1779023068,-1.9,3201876,43.2,7861489057,5.5,6857464,충남,2021,월간,9,2021-09-01
10월,8983552,26.6,1810877763,7.2,3327269,55.3,6351157249,-9.2,5656283,충남,2021,월간,10,2021-10-01
11월,9953049,35.9,1735904706,4.3,3402525,66.5,5650484932,-4.3,6550524,충남,2021,월간,11,2021-11-01
12월,10149885,26.0,1795499104,3.1,3858442,57.0,7118440934,-4.4,6291443,충남,2021,월간,12,2021-12-01
1월,6244422,-0.1,1817829657,-17.8,3296510,6.8,7777597581,-10.0,2947912,충남,2020,월간,1,2020-01-01
2월,6208465,8.2,1782313878,9.6,2593051,-5.9,6019246415,-21.3,3615414,충남,2020,월간,2,2020-02-01
3월,7067342,4.0,1893389871,1.7,2649695,-4.0,6613440020,7.6,4417647,충남,2020,월간,3,2020-03-01
4월,5262447,-25.3,1244953869,-46.7,1879338,-41.4,5910323232,-22.0,3383109,충남,2020,월간,4,2020-04-01
5월,5738085,-4.6,952191491,-41.1,1475137,-42.5,5531158545,-5.9,4262948,충남,2020,월간,5,2020-05-01
6월,6361749,-4.9,1625546919,-19.1,1765956,-41.4,6961728986,1.4,4595793,충남,2020,월간,6,2020-06-01
7월,5937781,-9.5,1744346731,-6.1,2040000,-31.8,7683404066,-6.3,3897781,충남,2020,월간,7,2020-07-01
8월,6583828,-5.8,1681184308,-2.8,1867328,-38.9,6319458328,-20.7,4716500,충남,2020,월간,8,2020-08-01
9월,7693008,2.4,1813795394,-9.6,2235267,-14.4,7449477323,0.0,5457741,충남,2020,월간,9,2020-09-01
10월,7098092,0.8,1689844558,-16.3,2142899,-27.9,6994127565,-17.1,4955193,충남,2020,월간,10,2020-10-01
11월,7322281,10.8,1664352254,-10.0,2043066,-29.1,5905789401,-22.6,5279215,충남,2020,월간,11,2020-11-01
12월,8054459,20.1,1742258455,-1.0,2458261,-12.9,7443982632,-4.5,5596198,충남,2020,월간,12,2020-12-01
1월,6250713,-14.2,2211415855,18.9,3086646,4.7,8640396929,12.9,3164067,충남,2019,월간,1,2019-01-01
2월,5739695,-17.6,1626474843,-12.4,2755002,-4.9,7652683489,5.9,2984693,충남,2019,월간,2,2019-02-01
3월,6797892,-16.7,1862024829,2.8,2759782,-16.6,6144044735,-23.8,4038110,충남,2019,월간,3,2019-03-01
4월,7044877,-0.6,2335269006,15.1,3206123,-1.8,7578007334,-12.1,3838754,충남,2019,월간,4,2019-04-01
5월,6011664,-19.7,1617247713,-13.6,2563446,-23.0,5880836800,-25.7,3448218,충남,2019,월간,5,2019-05-01
6월,6686841,-16.9,2008679826,9.6,3012864,-1.2,6863113873,-3.1,3673977,충남,2019,월간,6,2019-06-01
7월,6561251,-10.9,1858330386,8.8,2992674,-19.7,8197633367,5.8,3568577,충남,2019,월간,7,2019-07-01
8월,6990525,-16.5,1728836976,0.1,3054586,-0.9,7967860341,5.1,3935939,충남,2019,월간,8,2019-08-01
9월,7513966,-13.2,2005548301,50.7,2612130,-6.6,7450421761,5.1,4901836,충남,2019,월간,9,2019-09-01
10월,7040704,-14.7,2018704374,4.2,2972396,-14.5,8439648346,13.9,4068308,충남,2019,월간,10,2019-10-01
11월,6607866,-13.2,1849513289,4.1,2882989,-22.1,7632125960,-6.7,3724877,충남,2019,월간,11,2019-11-01
12월,6704907,0.4,1759764186,1.8,2822360,-8.1,7795880203,13.2,3882547,충남,2019,월간,12,2019-12-01
1월,7286757,30.7,1859403108,4.9,2948000,16.9,7653698923,-5.8,4338757,충남,2018,월간,1,2018-01-01
2월,6965275,21.0,1855931445,9.6,2897566,30.4,7227479372,0.2,4067709,충남,2018,월간,2,2018-02-01
3월,8162860,20.2,1810672459,-7.4,3307726,14.6,8067985911,-1.5,4855134,충남,2018,월간,3,2018-03-01
4월,7086498,12.5,2028529611,8.4,3263596,27.1,8624919639,8.9,3822902,충남,2018,월간,4,2018-04-01
5월,7483907,19.2,1872111980,18.8,3326992,43.2,7910531248,14.8,4156915,충남,2018,월간,5,2018-05-01
6월,8050355,20.5,1832323575,14.0,3050237,23.5,7081726863,-8.9,5000118,충남,2018,월간,6,2018-06-01
7월,7362616,21.8,1707251204,-3.8,3726344,64.0,7747323723,4.2,3636272,충남,2018,월간,7,2018-07-01
8월,8371347,27.3,1726280511,15.9,3083091,25.3,7580821472,-11.5,5288256,충남,2018,월간,8,2018-08-01
9월,8660077,12.5,1330805126,-26.5,2795405,13.8,7091171593,-10.3,5864672,충남,2018,월간,9,2018-09-01
10월,8249832,14.9,1936437149,34.8,3478281,33.5,7409628321,-4.0,4771551,충남,2018,월간,10,2018-10-01
11월,7611803,0.2,1776344880,-8.0,3699805,40.5,8182902027,17.1,3911998,충남,2018,월간,11,2018-11-01
12월,6676472,-9.4,1728149899,-6.1,3070257,-0.3,6887575476,-16.6,3606215,충남,2018,월간,12,2018-12-01
1월,5575856,24.5,1772603111,26.7,2522487,59.5,8124024132,16.2,3053369,충남,2017,월간,1,2017-01-01
2월,5756872,29.2,1693418485,16.0,2222080,60.0,7214812632,22.6,3534792,충남,2017,월간,2,2017-02-01
3월,6791285,28.2,1956001540,19.8,2885257,82.1,8190575627,25.1,3906028,충남,2017,월간,3,2017-03-01
4월,6298952,27.1,1870980907,24.9,2568248,58.9,7919741266,28.6,3730704,충남,2017,월간,4,2017-04-01
5월,6278873,17.4,1575330115,3.0,2323910,33.2,6890075665,8.9,3954963,충남,2017,월간,5,2017-05-01
6월,6678248,19.2,1607514099,8.5,2470809,32.3,7773770788,23.4,4207439,충남,2017,월간,6,2017-06-01
7월,6043877,8.2,1774175806,-0.7,2272274,17.2,7438524042,10.5,3771603,충남,2017,월간,7,2017-07-01
8월,6577522,14.9,1489059828,-0.1,2460481,25.8,8563710422,24.1,4117041,충남,2017,월간,8,2017-08-01
9월,7694545,28.5,1810626406,15.1,2456231,9.3,7902258220,-1.7,5238314,충남,2017,월간,9,2017-09-01
10월,7177471,17.3,1436329626,-17.0,2604804,40.5,7716342225,28.9,4572667,충남,2017,월간,10,2017-10-01
11월,7599562,19.9,1931247195,6.1,2632653,14.4,6987384557,-5.9,4966909,충남,2017,월간,11,2017-11-01
12월,7369000,16.6,1840525997,2.1,3078597,29.6,8263406532,-2.5,4290403,충남,2017,월간,12,2017-12-01
1월,4477507,-8.9,1398636457,2.0,1581156,-18.7,6990398798,45.4,2896351,충남,2016,월간,1,2016-01-01
2월,4454776,-3.5,1460355225,3.5,1388735,-18.7,5882784955,20.4,3066041,충남,2016,월간,2,2016-02-01
3월,5296031,-7.3,1633261612,3.0,1584537,-18.9,6548720998,26.2,3711494,충남,2016,월간,3,2016-03-01
4월,4955963,-12.2,1498484711,27.0,1615959,-21.3,6159622424,22.4,3340004,충남,2016,월간,4,2016-04-01
5월,5349678,1.0,1529293869,57.6,1744209,0.8,6329841475,43.7,3605469,충남,2016,월간,5,2016-05-01
6월,5602331,-0.3,1481917365,6.7,1867021,-11.1,6301173442,17.7,3735310,충남,2016,월간,6,2016-06-01
7월,5586347,-1.4,1787242205,6.8,1938239,-16.2,6733889493,10.2,3648108,충남,2016,월간,7,2016-07-01
8월,5723927,-1.0,1489901132,-6.0,1955184,-3.3,6899176031,25.3,3768743,충남,2016,월간,8,2016-08-01
9월,5988650,-7.6,1573428217,1.3,2246295,23.0,8036466776,24.3,3742355,충남,2016,월간,9,2016-09-01
10월,6118087,-0.5,1731157329,22.0,1854562,-1.3,5985038876,-7.7,4263525,충남,2016,월간,10,2016-10-01
11월,6337393,8.8,1819593411,19.4,2300681,30.1,7422744351,18.6,4036712,충남,2016,월간,11,2016-11-01
12월,6320237,16.6,1802957442,13.9,2376230,27.0,8472747219,17.0,3944007,충남,2016,월간,12,2016-12-01
1월,4912798,-4.9,1370876676,9.7,1944497,-29.9,4806903564,-5.8,2968301,충남,2015,월간,1,2015-01-01
2월,4615239,-6.2,1411551642,45.2,1708545,-39.6,4885771569,1.7,2906694,충남,2015,월간,2,2015-02-01
3월,5710422,1.9,1585475615,28.4,1953357,-21.4,5187998329,14.7,3757065,충남,2015,월간,3,2015-03-01
4월,5647316,8.1,1179791423,36.7,2052103,-21.2,5032165955,-8.8,3595213,충남,2015,월간,4,2015-04-01
5월,5294608,-0.9,970450797,-4.6,1730534,-40.9,4405680771,-25.3,3564074,충남,2015,월간,5,2015-05-01
6월,5620677,1.9,1388460298,49.2,2101012,-20.5,5351826740,10.8,3519665,충남,2015,월간,6,2015-06-01
7월,5664306,5.7,1673688711,27.5,2312397,-22.4,6110641246,23.8,3351909,충남,2015,월간,7,2015-07-01
8월,5782796,6.8,1585293649,18.5,2022208,-33.9,5508308196,-0.7,3760588,충남,2015,월간,8,2015-08-01
9월,6481605,13.1,1552747272,16.8,1825889,-37.2,6463348542,30.8,4655716,충남,2015,월간,9,2015-09-01
10월,6147471,4.5,1418852248,-0.9,1878085,-33.0,6487636672,17.2,4269386,충남,2015,월간,10,2015-10-01
11월,5827271,8.1,1523584819,13.2,1767906,-26.4,6256487725,43.3,4059365,충남,2015,월간,11,2015-11-01
12월,5418970,-2.6,1582483200,4.7,1871682,-30.5,7242278082,17.2,3547288,충남,2015,월간,12,2015-12-01
1월,5165039,-1.4,1249981959,-3.6,2772749,-1.6,5102359950,-2.6,2392290,충남,2014,월간,1,2014-01-01
2월,4919888,-2.2,972185716,-21.7,2827499,2.1,4805025902,11.6,2092389,충남,2014,월간,2,2014-02-01
3월,5601629,3.2,1235148044,-11.4,2484909,-17.9,4522032049,-13.6,3116720,충남,2014,월간,3,2014-03-01
4월,5222408,6.6,862838097,1.1,2605794,-6.2,5518784093,9.9,2616614,충남,2014,월간,4,2014-04-01
5월,5341242,2.2,1016906516,0.4,2925946,22.9,5897194910,27.3,2415296,충남,2014,월간,5,2014-05-01
6월,5518344,10.5,930315163,-23.6,2644198,-8.0,4831196304,-2.4,2874146,충남,2014,월간,6,2014-06-01
7월,5360101,2.5,1312535693,26.7,2980387,9.6,4935476271,-9.8,2379714,충남,2014,월간,7,2014-07-01
8월,5417017,-1.5,1338239948,12.5,3057335,20.2,5549526769,15.6,2359682,충남,2014,월간,8,2014-08-01
9월,5730646,1.7,1328967708,30.7,2907957,9.5,4940750924,6.1,2822689,충남,2014,월간,9,2014-09-01
10월,5885437,-4.2,1431397501,12.4,2801285,0.7,5533316139,8.8,3084152,충남,2014,월간,10,2014-10-01
11월,5388187,-2.0,1346076905,37.0,2401789,-11.9,4366380101,-5.9,2986398,충남,2014,월간,11,2014-11-01
12월,5562523,1.8,1510793382,47.7,2694597,-5.5,6181730777,20.9,2867926,충남,2014,월간,12,2014-12-01
1월,5236166,14.7,1297240094,25.1,2816858,1.2,5240669943,-11.8,2419308,충남,2013,월간,1,2013-01-01
2월,5030936,4.2,1241234564,3.6,2770441,-10.6,4306859639,-25.3,2260495,충남,2013,월간,2,2013-02-01
3월,5425786,5.7,1393865488,14.1,3025643,7.9,5235961761,13.5,2400143,충남,2013,월간,3,2013-03-01
4월,4897712,3.3,853394883,-28.8,2777348,-6.5,5019624719,10.5,2120364,충남,2013,월간,4,2013-04-01
5월,5224306,3.2,1012817018,-11.4,2380299,-23.6,4632394568,-5.9,2844007,충남,2013,월간,5,2013-05-01
6월,4993881,-0.3,1216959601,2.9,2872971,4.0,4951004264,4.0,2120910,충남,2013,월간,6,2013-06-01
7월,5228460,2.5,1036134253,-17.5,2720217,15.1,5470092815,32.7,2508243,충남,2013,월간,7,2013-07-01
8월,5501108,9.6,1189614342,0.5,2543223,4.6,4800265919,3.8,2957885,충남,2013,월간,8,2013-08-01
9월,5635994,1.9,1016667793,-23.7,2654614,-10.0,4655350215,-10.1,2981380,충남,2013,월간,9,2013-09-01
10월,6145969,4.9,1272958976,0.0,2782778,20.0,5083623397,28.9,3363191,충남,2013,월간,10,2013-10-01
11월,5497072,-3.2,982472805,-13.5,2725048,-2.5,4642039239,-9.3,2772024,충남,2013,월간,11,2013-11-01
12월,5464276,4.4,1022953734,-4.6,2852805,3.2,5114960544,3.6,2611471,충남,2013,월간,12,2013-12-01
1월,4563385,-3.6,1037117947,1.2,2782308,8.9,5944549843,-8.2,1781077,충남,2012,월간,1,2012-01-01
2월,4827753,14.4,1197692857,32.3,3100143,38.8,5767322543,9.1,1727610,충남,2012,월간,2,2012-02-01
3월,5135140,5.4,1222074835,38.0,2803788,-1.1,4611854544,-23.8,2331352,충남,2012,월간,3,2012-03-01
4월,4741444,-2.6,1198165600,22.2,2971593,10.6,4542949825,-21.3,1769851,충남,2012,월간,4,2012-04-01
5월,5061277,0.8,1143291458,9.1,3116193,12.1,4923710909,-8.6,1945084,충남,2012,월간,5,2012-05-01
6월,5007995,1.0,1182741792,21.0,2763089,-11.8,4758609285,-23.7,2244906,충남,2012,월간,6,2012-06-01
7월,5098587,0.2,1255771316,5.6,2363064,-16.4,4121971279,-19.7,2735523,충남,2012,월간,7,2012-07-01
8월,5017043,1.9,1183261498,9.7,2432283,-15.2,4624227546,-30.2,2584760,충남,2012,월간,8,2012-08-01
9월,5528741,1.7,1331738304,34.3,2951040,-8.5,5179334918,-23.2,2577701,충남,2012,월간,9,2012-09-01
10월,5859543,6.3,1272703974,13.6,2318546,-18.2,3943361573,-25.1,3540997,충남,2012,월간,10,2012-10-01
11월,5676430,13.6,1136425328,10.5,2794212,1.9,5117740452,-13.0,2882218,충남,2012,월간,11,2012-11-01
12월,5234968,-1.7,1072740229,-13.9,2764264,-5.4,4936353997,-17.6,2470704,충남,2012,월간,12,2012-12-01
1월,4733094,29.3,1025074105,18.7,2555870,41.0,6475771149,24.8,2177224,충남,2011,월간,1,2011-01-01
2월,4220455,15.6,905131541,14.0,2234233,18.2,5286247279,-7.5,1986222,충남,2011,월간,2,2011-02-01
3월,4871938,10.7,885386862,-4.0,2834719,38.8,6049284788,8.1,2037219,충남,2011,월간,3,2011-03-01
4월,4868279,11.7,980135520,40.8,2687540,40.5,5771255439,3.0,2180739,충남,2011,월간,4,2011-04-01
5월,5021577,12.0,1047721193,37.1,2780826,44.2,5384622668,26.7,2240751,충남,2011,월간,5,2011-05-01
6월,4956737,7.9,977402687,-2.0,3131141,32.5,6233485924,1.8,1825596,충남,2011,월간,6,2011-06-01
7월,5088652,3.9,1189164720,10.3,2826046,36.9,5135254977,-16.8,2262606,충남,2011,월간,7,2011-07-01
8월,4924953,-0.2,1078797946,-1.0,2867391,38.5,6627858655,12.0,2057562,충남,2011,월간,8,2011-08-01
9월,5434714,13.2,991923767,6.5,3225008,44.9,6746196909,10.7,2209706,충남,2011,월간,9,2011-09-01
10월,5510227,10.3,1119858267,-3.7,2834079,39.5,5262253990,-9.3,2676148,충남,2011,월간,10,2011-10-01
11월,4995607,7.2,1028795615,5.6,2740806,27.6,5883007217,6.4,2254801,충남,2011,월간,11,2011-11-01
12월,5327522,15.4,1246181244,28.4,2922021,21.5,5991500455,20.6,2405501,충남,2011,월간,12,2011-12-01
1월,3661228,84.9,863286280,11.2,1812496,47.7,5186855374,0.9,1848732,충남,2010,월간,1,2010-01-01
2월,3650522,53.1,794105597,-11.1,1890694,25.6,5713962843,16.3,1759828,충남,2010,월간,2,2010-02-01
3월,4402101,51.4,921834284,-15.8,2042738,38.8,5596349180,12.0,2359363,충남,2010,월간,3,2010-03-01
4월,4357527,44.6,695989589,-26.8,1912906,39.4,5603855723,12.6,2444621,충남,2010,월간,4,2010-04-01
5월,4482866,48.7,764467049,-4.6,1927953,49.3,4251522240,-8.1,2554913,충남,2010,월간,5,2010-05-01
6월,4592702,40.9,997494553,2.2,2362729,41.6,6124455578,17.4,2229973,충남,2010,월간,6,2010-06-01
7월,4898020,41.0,1078013013,12.8,2063934,34.3,6171317452,25.0,2834086,충남,2010,월간,7,2010-07-01
8월,4935246,38.6,1090054721,19.2,2070710,25.2,5918187895,11.2,2864536,충남,2010,월간,8,2010-08-01
9월,4800453,19.7,931415838,-3.8,2225405,20.7,6092743958,17.8,2575048,충남,2010,월간,9,2010-09-01
10월,4994498,24.6,1163176975,33.8,2031294,13.2,5799307227,9.6,2963204,충남,2010,월간,10,2010-10-01
11월,4660288,19.3,974475257,22.6,2147411,21.1,5530884895,7.6,2512877,충남,2010,월간,11,2010-11-01
12월,4618531,18.1,970633251,13.9,2404531,20.8,4969150590,-4.5,2214000,충남,2010,월간,12,2010-12-01
1월,1980065,-44.5,776498687,-13.0,1227453,-46.9,5141628920,-1.9,752612,충남,2009,월간,1,2009-01-01
2월,2384970,-32.0,893054483,-13.5,1505738,-35.6,4914838709,-8.8,879232,충남,2009,월간,2,2009-02-01
3월,2907536,-22.0,1095308993,19.5,1471471,-42.4,4994670898,-9.1,1436065,충남,2009,월간,3,2009-03-01
4월,3014072,-16.9,950658128,0.8,1372725,-48.9,4974999532,-12.9,1641347,충남,2009,월간,4,2009-04-01
5월,3014626,-18.0,800941792,-6.1,1291272,-49.9,4627497664,-22.0,1723354,충남,2009,월간,5,2009-05-01
6월,3258412,-11.8,976139757,6.3,1668109,-37.9,5217227170,11.5,1590303,충남,2009,월간,6,2009-06-01
7월,3473283,-11.3,955671148,-14.3,1537215,-51.4,4936046426,-23.2,1936068,충남,2009,월간,7,2009-07-01
8월,3559889,-17.7,914801282,-17.6,1653409,-36.6,5323780107,21.0,1906480,충남,2009,월간,8,2009-08-01
9월,4010031,-5.1,968006313,-1.5,1843430,-33.1,5172400529,-2.2,2166601,충남,2009,월간,9,2009-09-01
10월,4008613,3.8,869209161,-13.9,1794426,-16.5,5293542902,11.8,2214187,충남,2009,월간,10,2009-10-01
11월,3905884,43.7,794854860,-10.4,1773601,-10.9,5139315210,-5.1,2132283,충남,2009,월간,11,2009-11-01
12월,3910441,87.2,851975376,-3.0,1989816,14.6,5202955780,-7.2,1920625,충남,2009,월간,12,2009-12-01
1월,3565126,2.5,892045327,27.8,2312210,12.5,5242051157,5.2,1252916,충남,2008,월간,1,2008-01-01
2월,3507773,6.9,1031936111,64.9,2336439,26.9,5387682080,20.8,1171334,충남,2008,월간,2,2008-02-01
3월,3729816,-2.1,916845318,17.2,2554715,21.9,5496819023,16.1,1175101,충남,2008,월간,3,2008-03-01
4월,3627083,-0.1,943199223,-6.2,2687048,19.5,5714859165,26.2,940035,충남,2008,월간,4,2008-04-01
5월,3678385,-1.6,853342272,5.5,2576956,10.0,5929234838,14.7,1101429,충남,2008,월간,5,2008-05-01
6월,3692808,-3.5,918128223,2.8,2686062,22.0,4681023909,-3.4,1006746,충남,2008,월간,6,2008-06-01
7월,3915552,-6.4,1114677766,19.3,3162919,43.5,6427425822,26.5,752633,충남,2008,월간,7,2008-07-01
8월,4325188,1.8,1109754400,30.1,2608956,35.3,4400823790,-11.2,1716232,충남,2008,월간,8,2008-08-01
9월,4224324,4.9,983010649,80.0,2755984,41.8,5289956267,10.2,1468340,충남,2008,월간,9,2008-09-01
10월,3863009,-16.8,1009263052,1.5,2148233,-14.2,4734031465,-14.4,1714776,충남,2008,월간,10,2008-10-01
11월,2717822,-42.1,886882671,-11.4,1990915,-25.5,5414060876,7.4,726907,충남,2008,월간,11,2008-11-01
12월,2089321,-51.0,877990960,-12.4,1735676,-34.3,5605822874,3.5,353645,충남,2008,월간,12,2008-12-01
1월,3479485,18.1,697837505,-19.8,2054648,18.5,4982817796,7.8,1424837,충남,2007,월간,1,2007-01-01
2월,3280513,19.5,625729002,-20.6,1841044,16.3,4460608069,17.1,1439469,충남,2007,월간,2,2007-02-01
3월,3811672,23.0,782438809,-12.9,2095562,16.0,4735579847,-1.1,1716110,충남,2007,월간,3,2007-03-01
4월,3629189,26.6,1005478541,51.7,2248450,18.0,4528971370,7.8,1380739,충남,2007,월간,4,2007-04-01
5월,3739225,18.3,808593087,-1.1,2341673,22.9,5167642645,16.2,1397552,충남,2007,월간,5,2007-05-01
6월,3825974,17.9,892938188,-7.4,2201746,16.1,4846602399,7.9,1624228,충남,2007,월간,6,2007-06-01
7월,4183031,33.2,934102880,-6.8,2204327,18.8,5082658429,23.9,1978704,충남,2007,월간,7,2007-07-01
8월,4249016,24.0,853212602,-12.1,1927582,-4.5,4956406865,5.2,2321434,충남,2007,월간,8,2007-08-01
9월,4027474,6.1,546228159,-38.4,1942929,1.7,4798813597,12.5,2084545,충남,2007,월간,9,2007-09-01
10월,4641133,30.6,993918373,26.1,2502873,30.4,5531297697,22.3,2138260,충남,2007,월간,10,2007-10-01
11월,4694456,29.3,1001325379,45.1,2671131,45.7,5040908506,12.2,2023325,충남,2007,월간,11,2007-11-01
12월,4261712,27.1,1002336466,61.9,2641871,32.5,5413802276,18.2,1619841,충남,2007,월간,12,2007-12-01
1월,2945784,14.4,870399453,17.1,1733852,50.8,4621834542,23.3,1211932,충남,2006,월간,1,2006-01-01
2월,2744733,16.0,788086903,38.1,1582829,40.2,3809788639,19.9,1161904,충남,2006,월간,2,2006-02-01
3월,3098522,18.9,897995182,32.7,1806633,26.5,4787129368,16.0,1291889,충남,2006,월간,3,2006-03-01
4월,2866514,16.5,662659714,37.7,1905307,34.2,4199560807,19.6,961207,충남,2006,월간,4,2006-04-01
5월,3160651,30.3,817224128,59.3,1905638,39.8,4449041464,20.4,1255013,충남,2006,월간,5,2006-05-01
6월,3244939,20.8,964538214,31.2,1897141,27.5,4493683756,-0.7,1347798,충남,2006,월간,6,2006-06-01
7월,3141310,12.0,1002542580,32.5,1855481,21.0,4100966972,-3.8,1285829,충남,2006,월간,7,2006-07-01
8월,3427709,16.6,971205516,39.9,2018477,27.9,4711142914,21.5,1409232,충남,2006,월간,8,2006-08-01
9월,3794224,23.7,886676171,30.5,1911099,7.0,4263722490,2.1,1883125,충남,2006,월간,9,2006-09-01
10월,3553042,8.9,788235923,3.5,1919130,17.5,4523938838,15.7,1633912,충남,2006,월간,10,2006-10-01
11월,3631578,9.3,690193546,-12.3,1833481,9.6,4491016524,7.0,1798097,충남,2006,월간,11,2006-11-01
12월,3352034,11.6,619007334,-15.4,1993288,18.5,4580924657,3.1,1358746,충남,2006,월간,12,2006-12-01
1월,2575649,23.1,743167705,18.7,1149697,2.5,3748908129,-17.0,1425952,충남,2005,월간,1,2005-01-01
2월,2366972,4.7,570556800,1.3,1128817,-1.2,3178231499,-18.4,1238155,충남,2005,월간,2,2005-02-01
3월,2605816,8.9,676561512,22.8,1428538,33.0,4125508556,3.6,1177278,충남,2005,월간,3,2005-03-01
4월,2459843,-3.7,481380489,-31.8,1419528,30.2,3509936585,-5.1,1040315,충남,2005,월간,4,2005-04-01
5월,2426323,-7.9,513119972,-45.1,1363327,17.0,3694906507,-20.7,1062996,충남,2005,월간,5,2005-05-01
6월,2686294,10.2,735055102,59.1,1487431,23.2,4523324498,27.6,1198863,충남,2005,월간,6,2005-06-01
7월,2805089,15.8,756550142,20.0,1533338,9.7,4261678239,-3.1,1271751,충남,2005,월간,7,2005-07-01
8월,2938592,18.6,694223653,23.8,1577678,16.8,3876786384,-3.6,1360914,충남,2005,월간,8,2005-08-01
9월,3067319,28.6,679380424,36.2,1785616,35.2,4174931874,22.9,1281703,충남,2005,월간,9,2005-09-01
10월,3261169,26.1,761724683,32.1,1633851,11.1,3909184558,-10.7,1627318,충남,2005,월간,10,2005-10-01
11월,3323370,28.4,786740514,34.1,1673163,10.0,4197885808,-5.7,1650207,충남,2005,월간,11,2005-11-01
12월,3003188,23.2,731311761,14.9,1682445,7.6,4445071134,4.2,1320743,충남,2005,월간,12,2005-12-01
1월,2092442,39.1,625866278,9.6,1122067,28.6,4514367683,15.7,970375,충남,2004,월간,1,2004-01-01
2월,2260754,102.3,562973185,5.5,1142155,26.8,3894663203,3.2,1118599,충남,2004,월간,2,2004-02-01
3월,2393474,89.7,551131652,-4.3,1073822,1.7,3981782592,3.2,1319652,충남,2004,월간,3,2004-03-01
4월,2553177,98.3,705958348,29.7,1090461,19.0,3700339061,-7.5,1462716,충남,2004,월간,4,2004-04-01
5월,2635123,99.7,933934103,95.8,1165357,70.1,4662262853,50.9,1469766,충남,2004,월간,5,2004-05-01
6월,2437566,75.9,461866932,-35.6,1206882,57.6,3545816023,-2.5,1230684,충남,2004,월간,6,2004-06-01
7월,2421388,49.6,630213650,-25.6,1397723,37.0,4397430819,5.8,1023665,충남,2004,월간,7,2004-07-01
8월,2478520,36.2,560924841,-35.2,1350987,42.7,4021289777,17.2,1127533,충남,2004,월간,8,2004-08-01
9월,2385969,24.6,498771494,-15.7,1320368,34.5,3397535612,-3.1,1065601,충남,2004,월간,9,2004-09-01
10월,2586548,19.5,576511628,-20.2,1471086,44.2,4378670013,3.5,1115462,충남,2004,월간,10,2004-10-01
11월,2589109,19.2,586834274,-11.4,1521469,49.0,4453673806,17.5,1067640,충남,2004,월간,11,2004-11-01
12월,2437479,8.9,636253704,8.6,1563236,45.4,4266084252,-0.8,874243,충남,2004,월간,12,2004-12-01
1월,1504611,49.9,570798155,-23.0,872703,32.5,3901279109,-5.6,631908,충남,2003,월간,1,2003-01-01
2월,1117463,11.4,533510500,-17.4,900988,32.5,3774797164,-16.9,216475,충남,2003,월간,2,2003-02-01
3월,1262037,-2.1,575945335,-34.7,1056226,40.1,3858473030,-10.3,205811,충남,2003,월간,3,2003-03-01
4월,1287720,-0.7,544467506,-30.0,916606,18.2,3998751410,-8.9,371114,충남,2003,월간,4,2003-04-01
5월,1319792,9.4,477037502,-14.7,684995,-7.7,3090261630,-15.8,634797,충남,2003,월간,5,2003-05-01
6월,1385991,21.4,717191803,26.6,765613,-10.2,3638311334,-3.8,620378,충남,2003,월간,6,2003-06-01
7월,1618341,24.2,847313495,10.4,1019958,26.5,4155112060,2.5,598383,충남,2003,월간,7,2003-07-01
8월,1820385,41.0,865680609,29.0,946951,20.3,3430384798,-12.9,873434,충남,2003,월간,8,2003-08-01
9월,1914966,47.0,591975145,-16.6,981843,31.6,3505962207,-6.6,933123,충남,2003,월간,9,2003-09-01
10월,2165323,46.1,722591532,3.1,1019905,26.5,4229353684,28.4,1145418,충남,2003,월간,10,2003-10-01
11월,2172024,51.2,662675757,18.5,1021166,12.9,3789337230,-14.7,1150858,충남,2003,월간,11,2003-11-01
12월,2237362,60.5,585677182,-14.7,1075423,30.9,4298598148,10.8,1161939,충남,2003,월간,12,2003-12-01
1월,1003927,-19.1,741111790,-26.7,658415,-23.1,4130696019,2.6,345512,충남,2002,월간,1,2002-01-01
2월,1003549,-16.3,646221432,-43.6,679915,-26.0,4540324355,10.3,323634,충남,2002,월간,2,2002-02-01
3월,1288897,12.1,882507066,-25.5,753930,-16.1,4300018906,-4.6,534967,충남,2002,월간,3,2002-03-01
4월,1297226,25.4,777519161,-37.9,775237,12.0,4389142855,25.7,521989,충남,2002,월간,4,2002-04-01
5월,1206223,27.1,559081584,-54.1,742356,1.6,3669483046,-2.0,463867,충남,2002,월간,5,2002-05-01
6월,1141629,35.6,566386729,-47.5,852802,30.3,3782303083,5.4,288827,충남,2002,월간,6,2002-06-01
7월,1303109,52.2,767210063,-36.5,806096,-0.3,4054953572,-5.2,497013,충남,2002,월간,7,2002-07-01
8월,1290920,55.5,670956261,-41.8,787479,2.7,3939999416,-9.9,503441,충남,2002,월간,8,2002-08-01
9월,1302387,46.2,709782763,-32.1,746255,-9.0,3754823033,-16.0,556132,충남,2002,월간,9,2002-09-01
10월,1482192,74.2,700866627,-36.4,806249,13.0,3292996160,-17.9,675943,충남,2002,월간,10,2002-10-01
11월,1436754,51.5,559113517,-29.6,904832,31.5,4442480538,-1.7,531922,충남,2002,월간,11,2002-11-01
12월,1393700,62.0,686220701,-27.2,821736,17.7,3879452738,-14.1,571964,충남,2002,월간,12,2002-12-01
1월,1241677,5.6,1011476724,-1.4,856220,14.6,4026810135,2.9,385457,충남,2001,월간,1,2001-01-01
2월,1198657,4.8,1146664241,10.1,918318,17.1,4117668215,5.2,280339,충남,2001,월간,2,2001-02-01
3월,1149554,-2.7,1184151240,20.6,899050,4.4,4508670294,21.3,250504,충남,2001,월간,3,2001-03-01
4월,1034713,-15.7,1251096518,17.9,692195,-23.3,3491380189,-11.6,342518,충남,2001,월간,4,2001-04-01
5월,949145,-30.3,1217787505,119.4,730442,9.2,3745421730,43.4,218703,충남,2001,월간,5,2001-05-01
6월,842030,-46.3,1079353043,-8.1,654690,-23.6,3588012228,-10.8,187340,충남,2001,월간,6,2001-06-01
7월,855987,-44.3,1208767944,8.0,808473,-11.2,4278873055,9.2,47514,충남,2001,월간,7,2001-07-01
8월,829912,-51.5,1152858656,-12.6,766551,6.2,4373156527,46.8,63361,충남,2001,월간,8,2001-08-01
9월,890833,-45.0,1045202894,5.4,820009,-6.1,4471600141,17.9,70824,충남,2001,월간,9,2001-09-01
10월,851029,-47.3,1102831329,0.8,713400,-24.8,4010491587,-3.8,137629,충남,2001,월간,10,2001-10-01
11월,948527,-38.5,794407879,-29.3,688258,-29.1,4518904717,12.0,260269,충남,2001,월간,11,2001-11-01
12월,860459,-34.2,942574128,-6.2,697891,-4.4,4514595942,39.8,162568,충남,2001,월간,12,2001-12-01
1월,1176260,0.0,1025966553,0.0,747257,0.0,3914399897,0.0,429003,충남,2000,월간,1,2000-01-01
2월,1143435,0.0,1041404922,0.0,784096,0.0,3915397172,0.0,359339,충남,2000,월간,2,2000-02-01
3월,1181823,0.0,982057083,0.0,861167,0.0,3716566644,0.0,320656,충남,2000,월간,3,2000-03-01
4월,1228059,0.0,1060919614,0.0,902800,0.0,3947879565,0.0,325259,충남,2000,월간,4,2000-04-01
5월,1360900,0.0,554993062,0.0,668901,0.0,2611269695,0.0,691999,충남,2000,월간,5,2000-05-01
6월,1569328,0.0,1174638015,0.0,857229,0.0,4024429414,0.0,712099,충남,2000,월간,6,2000-06-01
7월,1537012,0.0,1119134433,0.0,910703,0.0,3918314647,0.0,626309,충남,2000,월간,7,2000-07-01
8월,1709940,0.0,1318877291,0.0,721657,0.0,2978113221,0.0,988283,충남,2000,월간,8,2000-08-01
9월,1618654,0.0,991818391,0.0,873592,0.0,3792484186,0.0,745062,충남,2000,월간,9,2000-09-01
10월,1616277,0.0,1093658208,0.0,949186,0.0,4168100232,0.0,667091,충남,2000,월간,10,2000-10-01
11월,1542230,0.0,1123760680,0.0,971108,0.0,4033327882,0.0,571122,충남,2000,월간,11,2000-11-01
12월,1306874,0.0,1005114082,0.0,730384,0.0,3229063987,0.0,576490,충남,2000,월간,12,2000-12-01
1월,2886369,37.8,141780898,24.3,688850,13.3,244663777,-6.4,2197519,충북,2026,월간,1,2026-01-01
2월,3554515,69.5,127063145,-7.6,623451,9.4,224301970,-22.1,2931064,충북,2026,월간,2,2026-02-01
3월,3954026,40.3,148999698,0.8,793754,27.1,381974439,50.7,3160272,충북,2026,월간,3,2026-03-01
4월,3829674,34.2,166681304,2.8,804767,18.3,283894654,-4.4,3024907,충북,2026,월간,4,2026-04-01
5월,3225681,4.5,122807960,-10.8,735115,23.2,265437117,2.5,2490566,충북,2026,월간,5,2026-05-01
6월,4472872,46.2,158963322,11.8,879483,37.0,301088307,24.1,3593389,충북,2026,월간,6,2026-06-01
7월,3866038,31.4,167133081,15.8,866604,29.8,320941295,-7.1,2999434,충북,2026,월간,7,2026-07-01
1월,2095316,-3.4,114040958,-13.2,607925,-5.1,261345933,-29.1,1487391,충북,2025,월간,1,2025-01-01
2월,2097333,-1.3,137462833,0.3,570001,3.8,287924268,22.4,1527332,충북,2025,월간,2,2025-02-01
3월,2819198,31.6,147763841,8.9,624549,5.8,253392337,-4.5,2194649,충북,2025,월간,3,2025-03-01
4월,2854634,35.8,162186625,10.3,680350,12.9,297049527,-11.9,2174284,충북,2025,월간,4,2025-04-01
5월,3087685,39.5,137667798,-3.9,596703,-3.5,258927909,-8.8,2490982,충북,2025,월간,5,2025-05-01
6월,3059848,29.5,142232040,-1.1,641861,12.2,242692263,-20.1,2417987,충북,2025,월간,6,2025-06-01
7월,2941445,40.8,144332084,-2.1,667506,4.0,345526886,34.5,2273939,충북,2025,월간,7,2025-07-01
8월,2756959,34.4,132800424,-3.7,616080,4.8,248924378,-9.6,2140879,충북,2025,월간,8,2025-08-01
9월,2913308,35.3,147182333,16.4,706944,11.8,248167311,-5.0,2206364,충북,2025,월간,9,2025-09-01
10월,3198774,45.5,130762843,1.4,632078,0.4,272425640,-16.0,2566696,충북,2025,월간,10,2025-10-01
11월,2685084,14.3,130499719,-6.4,736652,33.0,368256177,38.0,1948432,충북,2025,월간,11,2025-11-01
12월,3309514,21.5,163198836,13.5,745096,20.5,288181242,5.4,2564418,충북,2025,월간,12,2025-12-01
1월,2168662,-9.5,131363851,-10.7,640919,-17.2,368605779,8.4,1527743,충북,2024,월간,1,2024-01-01
2월,2124161,-10.4,137032262,-14.9,549240,-23.8,235251556,-11.2,1574921,충북,2024,월간,2,2024-02-01
3월,2141766,-20.2,135639761,-19.2,590448,-26.8,265438143,-25.3,1551318,충북,2024,월간,3,2024-03-01
4월,2101795,-8.0,147014403,1.4,602487,-19.4,337362377,20.7,1499308,충북,2024,월간,4,2024-04-01
5월,2213724,-5.4,143184934,-8.1,618435,-18.6,283777056,-8.0,1595289,충북,2024,월간,5,2024-05-01
6월,2363462,0.7,143752646,-11.4,571966,-14.1,303625264,-10.4,1791496,충북,2024,월간,6,2024-06-01
7월,2089323,-6.2,147497446,-1.6,642090,-0.1,256906055,-9.5,1447233,충북,2024,월간,7,2024-07-01
8월,2051295,-11.1,137912748,-8.0,587992,-3.5,275368125,-15.0,1463303,충북,2024,월간,8,2024-08-01
9월,2153458,-8.8,126439779,-15.5,632495,11.7,261216809,-3.3,1520963,충북,2024,월간,9,2024-09-01
10월,2198572,4.0,128981237,-6.8,629269,9.3,324309212,15.9,1569303,충북,2024,월간,10,2024-10-01
11월,2348839,3.4,139447291,-8.8,553696,-17.3,266776405,-27.8,1795143,충북,2024,월간,11,2024-11-01
12월,2724380,26.7,143834955,11.9,618132,13.0,273515490,13.3,2106248,충북,2024,월간,12,2024-12-01
1월,2396025,-5.1,147038868,-12.3,774453,-4.9,340120131,1.4,1621572,충북,2023,월간,1,2023-01-01
2월,2371428,-5.1,161099524,-7.6,721077,2.9,264913701,2.4,1650351,충북,2023,월간,2,2023-02-01
3월,2682432,-12.8,167833435,-9.0,807173,-11.6,355444618,8.9,1875259,충북,2023,월간,3,2023-03-01
4월,2285696,-13.9,144961040,-20.6,747870,-13.8,279515810,-27.4,1537826,충북,2023,월간,4,2023-04-01
5월,2339951,-18.9,155749758,-12.2,760034,-22.9,308430268,-10.8,1579917,충북,2023,월간,5,2023-05-01
6월,2346751,-18.0,162322800,7.3,665718,-25.9,338864391,16.2,1681033,충북,2023,월간,6,2023-06-01
7월,2227775,-16.9,149901778,-15.0,643023,-30.5,284028593,-12.0,1584752,충북,2023,월간,7,2023-07-01
8월,2306356,-21.3,149899781,-14.4,609511,-29.9,323919129,-9.3,1696845,충북,2023,월간,8,2023-08-01
9월,2360578,-24.3,149546225,-10.3,566473,-39.5,270161834,-14.6,1794105,충북,2023,월간,9,2023-09-01
10월,2114909,-5.3,138375473,-10.9,575518,-25.1,279817905,-20.1,1539391,충북,2023,월간,10,2023-10-01
11월,2272056,-3.8,152835432,-3.3,669807,-10.2,369674232,9.2,1602249,충북,2023,월간,11,2023-11-01
12월,2149636,-16.8,128483110,-24.8,546841,-26.0,241356370,-25.6,1602795,충북,2023,월간,12,2023-12-01
1월,2524954,9.0,167682759,13.8,814396,25.8,335562332,-15.8,1710558,충북,2022,월간,1,2022-01-01
2월,2499070,14.5,174436912,6.0,700536,19.3,258603910,3.1,1798534,충북,2022,월간,2,2022-02-01
3월,3075811,13.1,184364468,-2.6,913375,19.3,326389702,-14.1,2162436,충북,2022,월간,3,2022-03-01
4월,2654376,30.4,182620506,14.4,867111,12.1,384890198,18.7,1787265,충북,2022,월간,4,2022-04-01
5월,2886912,29.1,177382382,9.8,985741,40.0,345954058,4.6,1901171,충북,2022,월간,5,2022-05-01
6월,2860730,17.0,151291412,-15.3,898885,14.2,291569457,-21.4,1961845,충북,2022,월간,6,2022-06-01
7월,2680962,2.8,176456967,3.0,925513,20.0,322706905,1.2,1755449,충북,2022,월간,7,2022-07-01
8월,2930255,21.1,175153238,12.4,869286,9.8,356973865,23.7,2060969,충북,2022,월간,8,2022-08-01
9월,3120242,22.1,166658380,4.6,936255,-10.2,316194712,-5.7,2183987,충북,2022,월간,9,2022-09-01
10월,2234364,-0.1,155361783,-9.0,768385,-19.3,350239908,5.9,1465979,충북,2022,월간,10,2022-10-01
11월,2360988,2.6,157970795,-11.6,746012,-9.4,338542160,0.2,1614976,충북,2022,월간,11,2022-11-01
12월,2582412,-4.8,170838931,-5.2,738744,-15.2,324380659,2.1,1843668,충북,2022,월간,12,2022-12-01
1월,2316501,31.6,147326876,-5.1,647252,17.1,398421773,48.2,1669249,충북,2021,월간,1,2021-01-01
2월,2182329,18.3,164600425,9.0,587033,25.4,250803399,-4.6,1595296,충북,2021,월간,2,2021-02-01
3월,2720145,23.2,189313464,4.0,765852,27.2,379948347,6.3,1954293,충북,2021,월간,3,2021-03-01
4월,2034989,11.7,159606703,6.3,773486,25.8,324215508,7.8,1261503,충북,2021,월간,4,2021-04-01
5월,2235718,14.9,161598201,11.6,704189,22.5,330666676,-6.4,1531529,충북,2021,월간,5,2021-05-01
6월,2445515,31.4,178598696,33.7,787258,42.3,371112510,36.2,1658257,충북,2021,월간,6,2021-06-01
7월,2607001,29.9,171349972,-3.6,771425,37.4,318873406,7.1,1835576,충북,2021,월간,7,2021-07-01
8월,2419499,21.7,155883245,10.1,791815,46.8,288693948,-5.9,1627684,충북,2021,월간,8,2021-08-01
9월,2554877,11.1,159391231,-8.0,1042216,77.5,335392738,14.3,1512661,충북,2021,월간,9,2021-09-01
10월,2236515,4.2,170736513,4.0,952437,59.8,330739996,10.4,1284078,충북,2021,월간,10,2021-10-01
11월,2300625,1.5,178655160,-0.9,823508,25.7,337921242,15.3,1477117,충북,2021,월간,11,2021-11-01
12월,2711476,-0.3,180139140,-5.9,871298,24.2,317802511,-17.7,1840178,충북,2021,월간,12,2021-12-01
1월,1759734,2.3,155282367,-2.6,552810,-5.2,268866920,-16.3,1206924,충북,2020,월간,1,2020-01-01
2월,1845130,19.3,151078469,-2.0,468168,2.0,262909342,-13.9,1376962,충북,2020,월간,2,2020-02-01
3월,2207943,11.9,182058851,13.3,602199,-0.5,357341859,28.9,1605744,충북,2020,월간,3,2020-03-01
4월,1822283,-1.0,150117629,-9.9,614788,-5.9,300821144,-9.2,1207495,충북,2020,월간,4,2020-04-01
5월,1945177,0.7,144805028,-12.8,574937,-6.3,353419683,12.6,1370240,충북,2020,월간,5,2020-05-01
6월,1861786,-2.6,133594830,-14.6,553232,-3.1,272567334,-13.0,1308554,충북,2020,월간,6,2020-06-01
7월,2007003,6.5,177678643,0.4,561623,-8.2,297652486,-7.2,1445380,충북,2020,월간,7,2020-07-01
8월,1988831,7.8,141530657,-4.5,539565,-7.6,306695020,7.7,1449266,충북,2020,월간,8,2020-08-01
9월,2298622,24.9,173221471,15.9,587000,10.4,293397651,-9.5,1711622,충북,2020,월간,9,2020-09-01
10월,2145994,16.8,164170303,-9.2,596015,9.1,299640559,-6.0,1549979,충북,2020,월간,10,2020-10-01
11월,2267490,27.6,180299826,20.5,655356,22.3,293027434,9.2,1612134,충북,2020,월간,11,2020-11-01
12월,2720289,38.1,191357699,-4.7,701466,19.4,386362910,5.4,2018823,충북,2020,월간,12,2020-12-01
1월,1720088,-10.0,159367230,3.9,583291,2.5,321123398,11.6,1136797,충북,2019,월간,1,2019-01-01
2월,1546914,-7.9,154097518,21.0,458908,-12.1,305331736,-5.6,1088006,충북,2019,월간,2,2019-02-01
3월,1973602,-3.0,160699903,-0.7,605526,4.2,277321703,-0.2,1368076,충북,2019,월간,3,2019-03-01
4월,1840601,-0.6,166677183,-3.4,653621,13.1,331210725,-2.3,1186980,충북,2019,월간,4,2019-04-01
5월,1932003,2.0,166026524,5.0,613687,4.3,313898599,-12.8,1318316,충북,2019,월간,5,2019-05-01
6월,1911224,-6.4,156493656,9.5,571113,0.3,313234011,-11.8,1340111,충북,2019,월간,6,2019-06-01
7월,1885392,-4.6,176929793,5.2,612004,3.9,320811886,13.9,1273388,충북,2019,월간,7,2019-07-01
8월,1845775,-5.9,148179872,2.0,584126,6.8,284691017,-14.7,1261649,충북,2019,월간,8,2019-08-01
9월,1840023,-4.9,149414934,12.1,531717,9.3,324108196,36.2,1308306,충북,2019,월간,9,2019-09-01
10월,1837962,-17.1,180727662,0.2,546429,-6.8,318727442,0.5,1291533,충북,2019,월간,10,2019-10-01
11월,1777354,-10.8,149637031,-10.8,535790,-1.1,268265201,-5.6,1241564,충북,2019,월간,11,2019-11-01
12월,1969160,13.2,200886065,28.6,587574,13.0,366426775,16.0,1381586,충북,2019,월간,12,2019-12-01
1월,1910686,35.5,153416524,19.1,569047,16.0,287854537,-10.5,1341639,충북,2018,월간,1,2018-01-01
2월,1678714,8.7,127322148,-7.9,522200,11.2,323494751,-3.4,1156514,충북,2018,월간,2,2018-02-01
3월,2034279,24.0,161878392,-8.0,580877,3.3,277749024,-15.9,1453402,충북,2018,월간,3,2018-03-01
4월,1851555,21.0,172535720,27.0,578069,11.2,339104967,-14.1,1273486,충북,2018,월간,4,2018-04-01
5월,1894543,19.1,158102628,15.8,588356,8.3,360007126,3.2,1306187,충북,2018,월간,5,2018-05-01
6월,2042531,29.2,142872841,-2.0,569146,2.5,355058017,31.5,1473385,충북,2018,월간,6,2018-06-01
7월,1976540,22.6,168198543,27.1,588775,9.8,281603120,-15.4,1387765,충북,2018,월간,7,2018-07-01
8월,1960479,12.6,145266015,4.3,546735,0.9,333941785,-6.8,1413744,충북,2018,월간,8,2018-08-01
9월,1935658,3.4,133246485,-16.7,486426,-18.5,237967834,-41.5,1449232,충북,2018,월간,9,2018-09-01
10월,2216779,32.3,180297957,49.0,586014,14.1,317228569,29.9,1630765,충북,2018,월간,10,2018-10-01
11월,1992677,5.9,167810016,1.9,541862,-8.5,284098402,-24.6,1450815,충북,2018,월간,11,2018-11-01
12월,1738962,-9.5,156257249,3.9,519904,-10.4,315912509,1.9,1219058,충북,2018,월간,12,2018-12-01
1월,1409704,21.1,128811074,-5.8,490653,13.4,321700254,27.1,919051,충북,2017,월간,1,2017-01-01
2월,1544185,43.6,138316746,-5.7,469627,10.8,334820431,15.8,1074558,충북,2017,월간,2,2017-02-01
3월,1640771,27.4,175877347,19.3,562471,12.1,330354457,0.8,1078300,충북,2017,월간,3,2017-03-01
4월,1530594,25.6,135841146,-4.5,519680,4.8,394875343,17.1,1010914,충북,2017,월간,4,2017-04-01
5월,1591159,26.9,136538317,-9.2,543256,13.2,348676060,-11.0,1047903,충북,2017,월간,5,2017-05-01
6월,1581128,14.9,145755448,3.3,555319,20.3,269944574,-17.1,1025809,충북,2017,월간,6,2017-06-01
7월,1611556,19.1,132325601,-11.6,536396,14.5,332828340,12.9,1075160,충북,2017,월간,7,2017-07-01
8월,1740834,24.9,139270481,1.5,542070,12.3,358217601,3.2,1198764,충북,2017,월간,8,2017-08-01
9월,1871251,30.2,159887301,19.6,597100,30.0,406938809,41.4,1274151,충북,2017,월간,9,2017-09-01
10월,1675893,16.9,121030396,-12.4,513562,10.4,244295780,-38.4,1162331,충북,2017,월간,10,2017-10-01
11월,1882443,25.9,164671823,8.1,592355,20.4,376685017,10.8,1290088,충북,2017,월간,11,2017-11-01
12월,1921210,26.8,150420639,3.2,580326,16.8,309905242,-26.8,1340884,충북,2017,월간,12,2017-12-01
1월,1164170,-11.1,136705006,4.3,432801,-0.9,253168793,3.1,731369,충북,2016,월간,1,2016-01-01
2월,1075597,-0.3,146658769,32.2,423707,4.0,289222365,35.2,651890,충북,2016,월간,2,2016-02-01
3월,1288306,-4.8,147426695,21.3,501573,-7.7,327726311,-15.7,786733,충북,2016,월간,3,2016-03-01
4월,1219084,-12.3,142265450,13.0,495883,-1.7,337203942,2.2,723201,충북,2016,월간,4,2016-04-01
5월,1253785,3.1,150336331,39.6,480065,10.7,391959376,60.1,773720,충북,2016,월간,5,2016-05-01
6월,1375514,8.3,141049572,9.0,461608,-4.3,325698645,-10.1,913906,충북,2016,월간,6,2016-06-01
7월,1352591,0.6,149665385,13.8,468437,-1.9,294892291,1.8,884154,충북,2016,월간,7,2016-07-01
8월,1393451,17.9,137225118,27.2,482515,10.7,347175644,1.0,910936,충북,2016,월간,8,2016-08-01
9월,1437225,12.6,133681795,-2.7,459331,8.7,287741480,11.4,977894,충북,2016,월간,9,2016-09-01
10월,1433838,10.0,138136353,-11.1,465042,3.2,396647240,20.6,968796,충북,2016,월간,10,2016-10-01
11월,1494979,27.6,152339368,9.2,492078,11.6,340059500,-3.7,1002901,충북,2016,월간,11,2016-11-01
12월,1515331,15.3,145717948,-3.0,497043,5.7,423521036,47.6,1018288,충북,2016,월간,12,2016-12-01
1월,1308969,31.9,131035280,32.2,436655,-12.8,245462120,-13.5,872314,충북,2015,월간,1,2015-01-01
2월,1078302,5.6,110967095,2.5,407407,-18.5,213957975,-30.4,670895,충북,2015,월간,2,2015-02-01
3월,1353340,18.6,121533495,-4.7,543591,-2.0,388954189,23.7,809749,충북,2015,월간,3,2015-03-01
4월,1390548,14.4,125950428,-0.4,504703,-10.3,329788289,-7.7,885845,충북,2015,월간,4,2015-04-01
5월,1215924,7.2,107688350,-13.2,433646,-17.2,244810936,-3.0,782278,충북,2015,월간,5,2015-05-01
6월,1270543,17.2,129431378,0.4,482097,-13.5,362283513,16.1,788446,충북,2015,월간,6,2015-06-01
7월,1344692,12.6,131573613,1.5,477376,-13.2,289785677,-6.9,867316,충북,2015,월간,7,2015-07-01
8월,1181997,-3.5,107859815,3.8,435884,-8.2,343654821,7.2,746113,충북,2015,월간,8,2015-08-01
9월,1276952,2.1,137389253,4.4,422609,-15.2,258181577,-26.1,854343,충북,2015,월간,9,2015-09-01
10월,1303214,-1.5,155432124,16.5,450630,-13.0,328954023,-0.3,852584,충북,2015,월간,10,2015-10-01
11월,1171666,-5.0,139566079,17.2,440867,-2.3,353308012,50.7,730799,충북,2015,월간,11,2015-11-01
12월,1313689,-4.8,150200486,10.7,470368,-3.3,286938215,-17.3,843321,충북,2015,월간,12,2015-12-01
1월,992512,-1.6,99092175,-0.2,500515,-13.9,283652122,-20.3,491997,충북,2014,월간,1,2014-01-01
2월,1021154,13.1,108279718,5.4,499938,4.1,307421216,44.8,521216,충북,2014,월간,2,2014-02-01
3월,1141074,5.0,127563404,14.4,554652,-2.2,314322384,21.9,586422,충북,2014,월간,3,2014-03-01
4월,1215470,1.8,126430395,7.4,562637,-6.3,357380055,7.2,652833,충북,2014,월간,4,2014-04-01
5월,1134350,-6.7,124057713,3.2,523893,-4.7,252477267,0.6,610457,충북,2014,월간,5,2014-05-01
6월,1084379,-6.6,128866555,22.3,557504,0.3,311949655,6.7,526875,충북,2014,월간,6,2014-06-01
7월,1194272,-6.2,129606481,1.9,550079,-1.2,311354975,16.1,644193,충북,2014,월간,7,2014-07-01
8월,1224656,-2.6,103935189,-10.8,474612,-6.4,320632712,26.4,750044,충북,2014,월간,8,2014-08-01
9월,1250318,6.3,131601491,22.5,498197,-0.5,349203510,18.0,752121,충북,2014,월간,9,2014-09-01
10월,1323448,8.7,133439358,5.3,517764,-7.7,329986100,-5.4,805684,충북,2014,월간,10,2014-10-01
11월,1233801,12.2,119102894,11.6,451201,-10.1,234438279,-10.9,782600,충북,2014,월간,11,2014-11-01
12월,1380480,20.7,135692981,11.0,486535,-11.0,346841913,-0.8,893945,충북,2014,월간,12,2014-12-01
1월,1008426,25.2,99312823,-21.6,581265,-14.4,356075985,11.6,427161,충북,2013,월간,1,2013-01-01
2월,902905,-3.1,102762250,-1.7,480166,-24.1,212234575,-6.2,422739,충북,2013,월간,2,2013-02-01
3월,1086540,12.8,111531102,-27.3,566876,-17.7,257897441,-15.3,519664,충북,2013,월간,3,2013-03-01
4월,1193738,22.3,117722410,16.5,600668,-12.4,333440862,20.8,593070,충북,2013,월간,4,2013-04-01
5월,1215559,16.8,120257790,2.7,549776,-18.0,250976578,-24.1,665783,충북,2013,월간,5,2013-05-01
6월,1161103,18.3,105356402,4.3,556075,-4.1,292368077,25.6,605028,충북,2013,월간,6,2013-06-01
7월,1272980,28.6,127171683,8.9,556757,-8.3,268072322,-24.8,716223,충북,2013,월간,7,2013-07-01
8월,1257561,22.3,116456041,-1.0,507144,-8.8,253576994,-6.0,750417,충북,2013,월간,8,2013-08-01
9월,1175693,9.3,107467847,11.5,500727,-17.5,295981663,-8.8,674966,충북,2013,월간,9,2013-09-01
10월,1217594,16.2,126674588,20.6,561215,-12.7,348736046,37.3,656379,충북,2013,월간,10,2013-10-01
11월,1099791,-2.2,106742422,-1.1,501976,-20.4,263189431,-23.2,597815,충북,2013,월간,11,2013-11-01
12월,1143383,5.9,122218300,5.3,546644,-4.9,349617614,19.2,596739,충북,2013,월간,12,2013-12-01
1월,805682,-19.2,126691307,48.7,678935,9.4,318996220,27.0,126747,충북,2012,월간,1,2012-01-01
2월,931932,3.0,104525992,39.0,632661,13.2,226258873,0.8,299271,충북,2012,월간,2,2012-02-01
3월,963327,-18.4,153476107,47.6,688945,-20.5,304380410,11.6,274382,충북,2012,월간,3,2012-03-01
4월,976317,-16.0,101049732,-35.9,685717,-9.0,275943553,13.4,290600,충북,2012,월간,4,2012-04-01
5월,1040511,-1.7,117113821,-16.9,670609,-10.4,330619168,8.8,369902,충북,2012,월간,5,2012-05-01
6월,981391,-4.0,101044072,-38.8,580006,-33.8,232695443,1.5,401385,충북,2012,월간,6,2012-06-01
7월,989948,4.5,116738312,-8.2,607291,-4.6,356376707,36.8,382657,충북,2012,월간,7,2012-07-01
8월,1028161,9.7,117603679,8.3,556286,-35.6,269807089,7.8,471875,충북,2012,월간,8,2012-08-01
9월,1075179,0.8,96378187,1.5,606957,-24.8,324716218,27.8,468222,충북,2012,월간,9,2012-09-01
10월,1048248,11.5,105004934,2.4,642808,6.5,254016809,28.3,405440,충북,2012,월간,10,2012-10-01
11월,1124726,14.4,107900764,4.7,630780,2.3,342689738,4.2,493946,충북,2012,월간,11,2012-11-01
12월,1079300,11.2,116104221,22.8,574891,-12.0,293358009,35.8,504409,충북,2012,월간,12,2012-12-01
1월,996522,45.9,85191052,19.2,620769,54.6,251171218,42.8,375753,충북,2011,월간,1,2011-01-01
2월,904382,32.3,75202365,10.8,558982,31.2,224508242,32.7,345400,충북,2011,월간,2,2011-02-01
3월,1180053,46.0,103981027,21.7,866418,65.8,272842225,-3.0,313635,충북,2011,월간,3,2011-03-01
4월,1161708,38.8,157690114,85.9,753157,36.7,243312685,-18.1,408551,충북,2011,월간,4,2011-04-01
5월,1058825,26.3,141009369,83.3,748093,48.2,303883311,46.0,310732,충북,2011,월간,5,2011-05-01
6월,1021775,21.7,165038233,91.4,875893,56.4,229260246,-9.9,145882,충북,2011,월간,6,2011-06-01
7월,947265,3.8,127117025,37.3,636491,15.8,260504974,20.9,310774,충북,2011,월간,7,2011-07-01
8월,937186,8.0,108596179,25.7,864167,66.3,250302686,0.6,73019,충북,2011,월간,8,2011-08-01
9월,1067065,16.1,94928768,7.3,807658,73.8,253990059,29.5,259407,충북,2011,월간,9,2011-09-01
10월,940517,-1.1,102518731,9.8,603855,21.7,197931604,-26.1,336662,충북,2011,월간,10,2011-10-01
11월,983578,1.0,103013628,17.1,616527,13.0,328771137,47.8,367051,충북,2011,월간,11,2011-11-01
12월,970794,-4.4,94566151,5.7,653583,12.9,215953590,-14.2,317211,충북,2011,월간,12,2011-12-01
1월,682949,63.1,71474494,51.3,401414,22.2,175928227,4.9,281535,충북,2010,월간,1,2010-01-01
2월,683713,37.2,67899739,16.4,426134,39.6,169205412,24.0,257579,충북,2010,월간,2,2010-02-01
3월,808433,32.0,85468766,13.5,522708,39.1,281329008,43.9,285725,충북,2010,월간,3,2010-03-01
4월,836724,19.9,84840164,8.0,550931,21.2,296934063,61.6,285793,충북,2010,월간,4,2010-04-01
5월,838645,15.7,76908469,-35.4,504656,34.9,208096012,-7.4,333989,충북,2010,월간,5,2010-05-01
6월,839581,1.7,86235310,2.9,559994,21.5,254321089,-0.7,279587,충북,2010,월간,6,2010-06-01
7월,912908,13.7,92568052,-30.6,549461,23.1,215524163,22.4,363447,충북,2010,월간,7,2010-07-01
8월,867902,40.0,86369030,30.2,519536,36.6,248862250,22.4,348366,충북,2010,월간,8,2010-08-01
9월,919168,26.6,88434851,2.5,464708,-1.6,196158830,-36.4,454460,충북,2010,월간,9,2010-09-01
10월,950756,33.8,93382000,12.8,496349,15.8,267740281,48.8,454407,충북,2010,월간,10,2010-10-01
11월,973506,37.1,87960752,6.5,545609,18.6,222475159,-13.3,427897,충북,2010,월간,11,2010-11-01
12월,1015254,38.5,89478497,3.3,578819,19.9,251753576,-2.4,436435,충북,2010,월간,12,2010-12-01
1월,418803,-41.6,47250293,-46.6,328534,-49.0,167641437,-33.9,90269,충북,2009,월간,1,2009-01-01
2월,498171,-21.5,58339589,-32.3,305145,-50.9,136479624,-26.9,193026,충북,2009,월간,2,2009-02-01
3월,612324,-18.9,75281645,-18.2,375649,-52.5,195470572,-7.1,236675,충북,2009,월간,3,2009-03-01
4월,697721,-22.2,78535031,-25.8,454638,-46.6,183694333,-40.0,243083,충북,2009,월간,4,2009-04-01
5월,724993,-19.5,119079773,16.4,374192,-46.8,224691407,-22.3,350801,충북,2009,월간,5,2009-05-01
6월,825484,-7.6,83843588,-18.0,460943,-45.1,256035096,-15.6,364541,충북,2009,월간,6,2009-06-01
7월,803140,-14.2,133424761,-12.1,446217,-42.3,176078118,-27.0,356923,충북,2009,월간,7,2009-07-01
8월,619836,-20.6,66344181,-51.0,380271,-45.1,203298327,-27.6,239565,충북,2009,월간,8,2009-08-01
9월,725866,-13.0,86270446,-7.5,472032,-30.5,308315609,37.0,253834,충북,2009,월간,9,2009-09-01
10월,710724,-10.0,82817411,-10.4,428444,-35.2,179945665,-21.4,282280,충북,2009,월간,10,2009-10-01
11월,710033,16.9,82557729,15.2,460079,-15.9,256510637,16.1,249954,충북,2009,월간,11,2009-11-01
12월,732799,56.7,86596847,19.2,482680,-2.6,257826687,-4.7,250119,충북,2009,월간,12,2009-12-01
1월,717163,8.7,88564763,19.1,644142,12.2,253714263,-10.1,73021,충북,2008,월간,1,2008-01-01
2월,634418,12.6,86127912,14.4,620914,18.8,186814479,-17.2,13504,충북,2008,월간,2,2008-02-01
3월,755137,17.4,92021451,3.3,790103,16.6,210450630,-26.5,-34966,충북,2008,월간,3,2008-03-01
4월,896635,36.9,105905348,15.5,851937,38.7,306024008,31.8,44698,충북,2008,월간,4,2008-04-01
5월,900755,33.7,102302198,15.2,703929,10.7,289203412,5.6,196826,충북,2008,월간,5,2008-05-01
6월,893684,17.4,102252622,10.4,839222,24.1,303369432,26.8,54462,충북,2008,월간,6,2008-06-01
7월,935889,17.4,151806917,69.5,772771,24.7,241125923,-25.3,163118,충북,2008,월간,7,2008-07-01
8월,780396,-5.6,135486771,43.9,693250,9.0,280814302,2.2,87146,충북,2008,월간,8,2008-08-01
9월,834358,4.6,93275550,18.2,678749,19.2,225093339,28.5,155609,충북,2008,월간,9,2008-09-01
10월,789512,-16.8,92406556,-7.8,661547,-3.6,228835657,-25.9,127965,충북,2008,월간,10,2008-10-01
11월,607469,-27.1,71641274,-29.0,546760,-20.3,220922643,-22.0,60709,충북,2008,월간,11,2008-11-01
12월,467723,-38.5,72627924,-22.4,495445,-23.2,270615146,30.9,-27722,충북,2008,월간,12,2008-12-01
1월,659627,10.2,74365348,4.9,574135,25.4,282101055,43.4,85492,충북,2007,월간,1,2007-01-01
2월,563203,-6.6,75288142,-8.1,522701,-1.5,225717501,-10.8,40502,충북,2007,월간,2,2007-02-01
3월,643400,-1.6,89083615,-3.1,677425,16.5,286207186,28.6,-34025,충북,2007,월간,3,2007-03-01
4월,655052,12.3,91729370,6.3,614370,11.4,232164352,0.1,40682,충북,2007,월간,4,2007-04-01
5월,673811,2.0,88828636,1.5,636000,0.3,273979849,5.1,37811,충북,2007,월간,5,2007-05-01
6월,761016,10.9,92646704,-9.9,676258,15.0,239207060,-12.2,84758,충북,2007,월간,6,2007-06-01
7월,796995,18.8,89561263,1.1,619915,5.6,322919534,21.3,177080,충북,2007,월간,7,2007-07-01
8월,826258,25.4,94166331,9.3,635929,8.5,274882490,33.1,190329,충북,2007,월간,8,2007-08-01
9월,797605,15.9,78887116,-18.3,569315,-5.8,175231639,-27.4,228290,충북,2007,월간,9,2007-09-01
10월,949289,30.1,100203980,17.7,686038,17.3,308784857,19.3,263251,충북,2007,월간,10,2007-10-01
11월,833094,3.6,100879234,11.5,686150,17.3,283252763,4.8,146944,충북,2007,월간,11,2007-11-01
12월,760426,6.1,93573362,4.0,645201,7.6,206704844,-14.6,115225,충북,2007,월간,12,2007-12-01
1월,598672,8.9,70865916,9.5,457816,-3.3,196675659,-14.5,140856,충북,2006,월간,1,2006-01-01
2월,602865,77.1,81897723,30.7,530460,52.1,253059423,74.3,72405,충북,2006,월간,2,2006-02-01
3월,653707,64.1,91926671,23.5,581482,29.6,222632844,21.0,72225,충북,2006,월간,3,2006-03-01
4월,583485,51.5,86262615,12.5,551746,28.1,231942825,47.8,31739,충북,2006,월간,4,2006-04-01
5월,660625,62.6,87531620,14.6,634116,53.2,260603319,19.1,26509,충북,2006,월간,5,2006-05-01
6월,686110,57.4,102828559,32.0,588100,53.5,272311444,74.8,98010,충북,2006,월간,6,2006-06-01
7월,670623,65.2,88622196,7.4,586769,24.4,266314508,12.3,83854,충북,2006,월간,7,2006-07-01
8월,658900,66.5,86146458,10.2,585985,31.9,206458647,14.1,72915,충북,2006,월간,8,2006-08-01
9월,688184,53.5,96498843,14.2,604403,26.7,241510626,5.6,83781,충북,2006,월간,9,2006-09-01
10월,729737,31.9,85120548,9.9,584878,17.8,258737446,31.9,144859,충북,2006,월간,10,2006-10-01
11월,804132,20.7,90474874,3.6,585092,13.5,270337120,19.9,219040,충북,2006,월간,11,2006-11-01
12월,716778,5.7,89977816,12.2,599471,1.4,242171253,-9.3,117307,충북,2006,월간,12,2006-12-01
1월,549698,18.9,64693436,11.1,473441,48.7,230017036,64.8,76257,충북,2005,월간,1,2005-01-01
2월,340428,-25.4,62652229,-2.5,348832,-7.2,145158581,11.1,-8404,충북,2005,월간,2,2005-02-01
3월,398380,-22.2,74417383,3.4,448569,4.5,183921499,-11.5,-50189,충북,2005,월간,3,2005-03-01
4월,385097,-27.2,76680876,8.3,430734,-3.1,156928718,-30.6,-45637,충북,2005,월간,4,2005-04-01
5월,406172,-37.7,76366081,-2.8,414004,-1.8,218849074,10.3,-7832,충북,2005,월간,5,2005-05-01
6월,435895,-38.5,77898691,-5.9,383159,-19.9,155816134,-25.6,52736,충북,2005,월간,6,2005-06-01
7월,406043,-39.8,82543144,-1.9,471633,0.8,237066261,13.0,-65590,충북,2005,월간,7,2005-07-01
8월,395669,-43.5,78183542,1.5,444154,1.3,180929039,18.4,-48485,충북,2005,월간,8,2005-08-01
9월,448370,-36.2,84475957,6.9,476900,8.3,228644809,19.1,-28530,충북,2005,월간,9,2005-09-01
10월,553215,-30.7,77441995,-12.3,496439,4.0,196183427,4.6,56776,충북,2005,월간,10,2005-10-01
11월,666395,-14.7,87315369,3.3,515708,5.7,225427622,42.2,150687,충북,2005,월간,11,2005-11-01
12월,678218,19.6,80160224,-4.6,591325,25.3,266935790,68.5,86893,충북,2005,월간,12,2005-12-01
1월,462281,33.3,58220550,-49.8,318318,15.8,139613747,-12.5,143963,충북,2004,월간,1,2004-01-01
2월,456174,49.9,64261711,-14.1,376053,28.0,130654178,-12.2,80121,충북,2004,월간,2,2004-02-01
3월,511765,36.6,71991927,10.4,429171,48.6,207932250,99.1,82594,충북,2004,월간,3,2004-03-01
4월,528683,52.0,70831820,-17.8,444540,46.9,225992324,70.8,84143,충북,2004,월간,4,2004-04-01
5월,651764,91.1,78576704,-14.2,421551,59.8,198432234,3.9,230213,충북,2004,월간,5,2004-05-01
6월,709325,109.5,82749013,-17.3,478200,82.5,209290744,81.6,231125,충북,2004,월간,6,2004-06-01
7월,675046,72.4,84162968,15.0,468007,69.7,209769389,100.5,207039,충북,2004,월간,7,2004-07-01
8월,700828,78.4,77015991,-12.5,438323,59.9,152819364,4.8,262505,충북,2004,월간,8,2004-08-01
9월,702938,57.3,79007078,1.8,440243,39.9,191909743,39.9,262695,충북,2004,월간,9,2004-09-01
10월,798849,62.3,88257134,-20.1,477221,32.0,187627258,-10.1,321628,충북,2004,월간,10,2004-10-01
11월,780870,62.2,84514461,-29.4,487845,52.5,158501539,50.2,293025,충북,2004,월간,11,2004-11-01
12월,567198,19.7,84021060,-23.6,472091,32.4,158420230,-27.3,95107,충북,2004,월간,12,2004-12-01
1월,346879,22.6,116013709,90.3,274775,15.1,159518671,26.0,72104,충북,2003,월간,1,2003-01-01
2월,304264,0.2,74816636,-1.1,293802,37.7,148832956,-15.3,10462,충북,2003,월간,2,2003-02-01
3월,374640,0.3,65226856,-45.1,288889,3.8,104417006,-22.6,85751,충북,2003,월간,3,2003-03-01
4월,347832,2.6,86142653,29.8,302647,-1.9,132332482,-22.9,45185,충북,2003,월간,4,2003-04-01
5월,340981,-0.2,91593692,26.8,263789,-3.3,190975427,-17.9,77192,충북,2003,월간,5,2003-05-01
6월,338524,7.2,100101522,-0.8,262034,1.4,115275605,-23.7,76490,충북,2003,월간,6,2003-06-01
7월,391580,16.8,73207245,-30.1,275748,2.8,104615349,-15.4,115832,충북,2003,월간,7,2003-07-01
8월,392778,19.1,88052791,-44.7,274179,17.7,145888300,29.4,118599,충북,2003,월간,8,2003-08-01
9월,446798,32.8,77573869,-2.7,314708,22.5,137200832,-37.2,132090,충북,2003,월간,9,2003-09-01
10월,492231,32.8,110483942,11.3,361630,28.8,208595953,74.0,130601,충북,2003,월간,10,2003-10-01
11월,481321,38.0,119640393,-24.8,319820,1.6,105532848,-2.0,161501,충북,2003,월간,11,2003-11-01
12월,474039,38.5,109998156,63.0,356539,8.3,217954037,24.9,117500,충북,2003,월간,12,2003-12-01
1월,282871,-19.5,60950659,9.5,238652,11.3,126638854,9.0,44219,충북,2002,월간,1,2002-01-01
2월,303709,-16.6,75645746,-1.1,213416,-0.3,175818412,41.5,90293,충북,2002,월간,2,2002-02-01
3월,373399,13.5,118769085,91.3,278203,15.2,134929178,5.6,95196,충북,2002,월간,3,2002-03-01
4월,338875,10.5,66351637,-2.6,308395,39.9,171540803,53.2,30480,충북,2002,월간,4,2002-04-01
5월,341729,21.8,72209190,13.4,272795,19.4,232676124,25.9,68934,충북,2002,월간,5,2002-05-01
6월,315686,26.0,100915865,21.5,258528,25.5,151088365,4.3,57158,충북,2002,월간,6,2002-06-01
7월,335117,36.5,104676245,39.1,268252,21.6,123610281,2.5,66865,충북,2002,월간,7,2002-07-01
8월,329870,35.2,159108327,118.1,232994,1.9,112724723,-47.4,96876,충북,2002,월간,8,2002-08-01
9월,336469,23.1,79746352,-8.0,256938,11.9,218365204,79.2,79531,충북,2002,월간,9,2002-09-01
10월,370538,47.5,99276666,23.3,280694,23.6,119867345,13.6,89844,충북,2002,월간,10,2002-10-01
11월,348725,27.9,159180931,59.5,314781,39.1,107655579,-37.7,33944,충북,2002,월간,11,2002-11-01
12월,342374,21.9,67482585,-4.4,329225,49.8,174509271,28.0,13149,충북,2002,월간,12,2002-12-01
1월,351588,-10.1,55645284,-12.1,214367,-12.5,116157254,-57.2,137221,충북,2001,월간,1,2001-01-01
2월,364019,5.5,76473733,41.3,213996,-6.5,124264055,6.2,150023,충북,2001,월간,2,2001-02-01
3월,329109,-17.2,62086072,-6.1,241585,-28.5,127803358,-17.3,87524,충북,2001,월간,3,2001-03-01
4월,306789,-20.5,68145406,0.7,220446,-27.5,112003414,-42.7,86343,충북,2001,월간,4,2001-04-01
5월,280672,-32.9,63691561,-14.1,228457,-24.0,184825359,23.0,52215,충북,2001,월간,5,2001-05-01
6월,250633,-42.5,83051942,34.6,206026,-21.6,144879818,19.0,44607,충북,2001,월간,6,2001-06-01
7월,245591,-39.9,75273969,21.6,220635,-8.1,120621863,-26.1,24956,충북,2001,월간,7,2001-07-01
8월,243900,-42.5,72947976,28.0,228564,-29.3,214386151,59.8,15336,충북,2001,월간,8,2001-08-01
9월,273355,-38.1,86647929,69.7,229714,-25.8,121853203,-22.3,43641,충북,2001,월간,9,2001-09-01
10월,251264,-33.3,80533889,26.1,227067,-13.7,105545807,-29.2,24197,충북,2001,월간,10,2001-10-01
11월,272728,-25.6,99773744,87.4,226368,-11.7,172899986,55.0,46360,충북,2001,월간,11,2001-11-01
12월,280822,-21.4,70558766,28.0,219829,-9.0,136379885,-29.6,60993,충북,2001,월간,12,2001-12-01
1월,391040,0.0,63298134,0.0,244876,0.0,271133464,0.0,146164,충북,2000,월간,1,2000-01-01
2월,345086,0.0,54115829,0.0,228980,0.0,117046787,0.0,116106,충북,2000,월간,2,2000-02-01
3월,397248,0.0,66092216,0.0,338074,0.0,154516816,0.0,59174,충북,2000,월간,3,2000-03-01
4월,385958,0.0,67650474,0.0,304271,0.0,195564173,0.0,81687,충북,2000,월간,4,2000-04-01
5월,418527,0.0,74114151,0.0,300615,0.0,150297246,0.0,117912,충북,2000,월간,5,2000-05-01
6월,435599,0.0,61710984,0.0,262691,0.0,121788783,0.0,172908,충북,2000,월간,6,2000-06-01
7월,408496,0.0,61882212,0.0,240189,0.0,163145682,0.0,168307,충북,2000,월간,7,2000-07-01
8월,423970,0.0,56979241,0.0,323500,0.0,134189239,0.0,100470,충북,2000,월간,8,2000-08-01
9월,441274,0.0,51046223,0.0,309592,0.0,156912786,0.0,131682,충북,2000,월간,9,2000-09-01
10월,376899,0.0,63887065,0.0,263167,0.0,149083560,0.0,113732,충북,2000,월간,10,2000-10-01
11월,366472,0.0,53233395,0.0,256264,0.0,111536825,0.0,110208,충북,2000,월간,11,2000-11-01
12월,357250,0.0,55120157,0.0,241518,0.0,193740007,0.0,115732,충북,2000,월간,12,2000-12-01
