행정구역별,산업별,산업코드,연도,지표,단위,값,지수
전 국,전체 산업,0,2021,사업체수,개,6079702,100.0
전 국,"농업, 임업 및 어업",01~03,2021,사업체수,개,12775,100.0
전 국,광업,05~08,2021,사업체수,개,2104,100.0
전 국,제조업,10~34,2021,사업체수,개,579050,100.0
전 국,"전기, 가스, 증기 및 공기조절 공급업",35,2021,사업체수,개,88513,100.0
전 국,"수도, 하수 및 폐기물 처리, 원료 재생업",36~39,2021,사업체수,개,13296,100.0
전 국,건설업,41~42,2021,사업체수,개,485078,100.0
전 국,도매 및 소매업,45~47,2021,사업체수,개,1536229,100.0
전 국,운수 및 창고업,49~52,2021,사업체수,개,616484,100.0
전 국,숙박 및 음식점업,55~56,2021,사업체수,개,863009,100.0
전 국,정보통신업,58~63,2021,사업체수,개,120745,100.0
전 국,금융 및 보험업,64~66,2021,사업체수,개,64035,100.0
전 국,부동산업,68,2021,사업체수,개,285968,100.0
전 국,"전문, 과학 및 기술 서비스업",70~73,2021,사업체수,개,223434,100.0
전 국,"사업시설 관리, 사업 지원 및 임대 서비스업",74~76,2021,사업체수,개,142424,100.0
전 국,"공공행정, 국방 및 사회보장 행정",84,2021,사업체수,개,13052,100.0
전 국,교육 서비스업,85,2021,사업체수,개,249231,100.0
전 국,보건업 및 사회복지 서비스업,86~87,2021,사업체수,개,162288,100.0
전 국,"예술, 스포츠 및 여가관련 서비스업",90~91,2021,사업체수,개,143372,100.0
전 국,"협회 및 단체, 수리 및 기타 개인 서비스업",94~96,2021,사업체수,개,478615,100.0
서 울,전체 산업,0,2021,사업체수,개,1188091,100.0
서 울,"농업, 임업 및 어업",01~03,2021,사업체수,개,154,100.0
서 울,광업,05~08,2021,사업체수,개,25,100.0
서 울,제조업,10~34,2021,사업체수,개,76870,100.0
서 울,"전기, 가스, 증기 및 공기조절 공급업",35,2021,사업체수,개,683,100.0
서 울,"수도, 하수 및 폐기물 처리, 원료 재생업",36~39,2021,사업체수,개,720,100.0
서 울,건설업,41~42,2021,사업체수,개,67382,100.0
서 울,도매 및 소매업,45~47,2021,사업체수,개,335817,100.0
서 울,운수 및 창고업,49~52,2021,사업체수,개,110339,100.0
서 울,숙박 및 음식점업,55~56,2021,사업체수,개,141679,100.0
서 울,정보통신업,58~63,2021,사업체수,개,57615,100.0
서 울,금융 및 보험업,64~66,2021,사업체수,개,23262,100.0
서 울,부동산업,68,2021,사업체수,개,72984,100.0
서 울,"전문, 과학 및 기술 서비스업",70~73,2021,사업체수,개,82402,100.0
서 울,"사업시설 관리, 사업 지원 및 임대 서비스업",74~76,2021,사업체수,개,31460,100.0
서 울,"공공행정, 국방 및 사회보장 행정",84,2021,사업체수,개,1369,100.0
서 울,교육 서비스업,85,2021,사업체수,개,46855,100.0
서 울,보건업 및 사회복지 서비스업,86~87,2021,사업체수,개,31866,100.0
서 울,"예술, 스포츠 및 여가관련 서비스업",90~91,2021,사업체수,개,28722,100.0
서 울,"협회 및 단체, 수리 및 기타 개인 서비스업",94~96,2021,사업체수,개,77887,100.0
부 산,전체 산업,0,2021,사업체수,개,401254,100.0
부 산,"농업, 임업 및 어업",01~03,2021,사업체수,개,164,100.0
부 산,광업,05~08,2021,사업체수,개,20,100.0
부 산,제조업,10~34,2021,사업체수,개,38105,100.0
부 산,"전기, 가스, 증기 및 공기조절 공급업",35,2021,사업체수,개,299,100.0
부 산,"수도, 하수 및 폐기물 처리, 원료 재생업",36~39,2021,사업체수,개,636,100.0
부 산,건설업,41~42,2021,사업체수,개,26204,100.0
부 산,도매 및 소매업,45~47,2021,사업체수,개,110109,100.0
부 산,운수 및 창고업,49~52,2021,사업체수,개,49764,100.0
부 산,숙박 및 음식점업,55~56,2021,사업체수,개,57185,100.0
부 산,정보통신업,58~63,2021,사업체수,개,4111,100.0
부 산,금융 및 보험업,64~66,2021,사업체수,개,3981,100.0
부 산,부동산업,68,2021,사업체수,개,20972,100.0
부 산,"전문, 과학 및 기술 서비스업",70~73,2021,사업체수,개,12634,100.0
부 산,"사업시설 관리, 사업 지원 및 임대 서비스업",74~76,2021,사업체수,개,9303,100.0
부 산,"공공행정, 국방 및 사회보장 행정",84,2021,사업체수,개,723,100.0
부 산,교육 서비스업,85,2021,사업체수,개,16039,100.0
부 산,보건업 및 사회복지 서비스업,86~87,2021,사업체수,개,10292,100.0
부 산,"예술, 스포츠 및 여가관련 서비스업",90~91,2021,사업체수,개,8188,100.0
부 산,"협회 및 단체, 수리 및 기타 개인 서비스업",94~96,2021,사업체수,개,32525,100.0
대 구,전체 산업,0,2021,사업체수,개,279798,100.0
대 구,"농업, 임업 및 어업",01~03,2021,사업체수,개,58,100.0
대 구,광업,05~08,2021,사업체수,개,9,100.0
대 구,제조업,10~34,2021,사업체수,개,32690,100.0
대 구,"전기, 가스, 증기 및 공기조절 공급업",35,2021,사업체수,개,651,100.0
대 구,"수도, 하수 및 폐기물 처리, 원료 재생업",36~39,2021,사업체수,개,467,100.0
대 구,건설업,41~42,2021,사업체수,개,19393,100.0
대 구,도매 및 소매업,45~47,2021,사업체수,개,74078,100.0
대 구,운수 및 창고업,49~52,2021,사업체수,개,31075,100.0
대 구,숙박 및 음식점업,55~56,2021,사업체수,개,38117,100.0
대 구,정보통신업,58~63,2021,사업체수,개,2812,100.0
대 구,금융 및 보험업,64~66,2021,사업체수,개,2789,100.0
대 구,부동산업,68,2021,사업체수,개,12607,100.0
대 구,"전문, 과학 및 기술 서비스업",70~73,2021,사업체수,개,8299,100.0
대 구,"사업시설 관리, 사업 지원 및 임대 서비스업",74~76,2021,사업체수,개,5524,100.0
대 구,"공공행정, 국방 및 사회보장 행정",84,2021,사업체수,개,468,100.0
대 구,교육 서비스업,85,2021,사업체수,개,13107,100.0
대 구,보건업 및 사회복지 서비스업,86~87,2021,사업체수,개,7663,100.0
대 구,"예술, 스포츠 및 여가관련 서비스업",90~91,2021,사업체수,개,6364,100.0
대 구,"협회 및 단체, 수리 및 기타 개인 서비스업",94~96,2021,사업체수,개,23627,100.0
인 천,전체 산업,0,2021,사업체수,개,308892,100.0
인 천,"농업, 임업 및 어업",01~03,2021,사업체수,개,132,100.0
인 천,광업,05~08,2021,사업체수,개,35,100.0
인 천,제조업,10~34,2021,사업체수,개,33574,100.0
인 천,"전기, 가스, 증기 및 공기조절 공급업",35,2021,사업체수,개,442,100.0
인 천,"수도, 하수 및 폐기물 처리, 원료 재생업",36~39,2021,사업체수,개,750,100.0
인 천,건설업,41~42,2021,사업체수,개,24979,100.0
인 천,도매 및 소매업,45~47,2021,사업체수,개,78576,100.0
인 천,운수 및 창고업,49~52,2021,사업체수,개,38766,100.0
인 천,숙박 및 음식점업,55~56,2021,사업체수,개,41752,100.0
인 천,정보통신업,58~63,2021,사업체수,개,4194,100.0
인 천,금융 및 보험업,64~66,2021,사업체수,개,2365,100.0
인 천,부동산업,68,2021,사업체수,개,14678,100.0
인 천,"전문, 과학 및 기술 서비스업",70~73,2021,사업체수,개,8722,100.0
인 천,"사업시설 관리, 사업 지원 및 임대 서비스업",74~76,2021,사업체수,개,7563,100.0
인 천,"공공행정, 국방 및 사회보장 행정",84,2021,사업체수,개,509,100.0
인 천,교육 서비스업,85,2021,사업체수,개,11644,100.0
인 천,보건업 및 사회복지 서비스업,86~87,2021,사업체수,개,8230,100.0
인 천,"예술, 스포츠 및 여가관련 서비스업",90~91,2021,사업체수,개,7871,100.0
인 천,"협회 및 단체, 수리 및 기타 개인 서비스업",94~96,2021,사업체수,개,24110,100.0
광 주,전체 산업,0,2021,사업체수,개,170973,100.0
광 주,"농업, 임업 및 어업",01~03,2021,사업체수,개,115,100.0
광 주,광업,05~08,2021,사업체수,개,11,100.0
광 주,제조업,10~34,2021,사업체수,개,11572,100.0
광 주,"전기, 가스, 증기 및 공기조절 공급업",35,2021,사업체수,개,1711,100.0
광 주,"수도, 하수 및 폐기물 처리, 원료 재생업",36~39,2021,사업체수,개,250,100.0
광 주,건설업,41~42,2021,사업체수,개,15769,100.0
광 주,도매 및 소매업,45~47,2021,사업체수,개,43193,100.0
광 주,운수 및 창고업,49~52,2021,사업체수,개,18986,100.0
광 주,숙박 및 음식점업,55~56,2021,사업체수,개,22526,100.0
광 주,정보통신업,58~63,2021,사업체수,개,1820,100.0
광 주,금융 및 보험업,64~66,2021,사업체수,개,2013,100.0
광 주,부동산업,68,2021,사업체수,개,9332,100.0
광 주,"전문, 과학 및 기술 서비스업",70~73,2021,사업체수,개,5762,100.0
광 주,"사업시설 관리, 사업 지원 및 임대 서비스업",74~76,2021,사업체수,개,4009,100.0
광 주,"공공행정, 국방 및 사회보장 행정",84,2021,사업체수,개,286,100.0
광 주,교육 서비스업,85,2021,사업체수,개,7980,100.0
광 주,보건업 및 사회복지 서비스업,86~87,2021,사업체수,개,5316,100.0
광 주,"예술, 스포츠 및 여가관련 서비스업",90~91,2021,사업체수,개,4631,100.0
광 주,"협회 및 단체, 수리 및 기타 개인 서비스업",94~96,2021,사업체수,개,15691,100.0
대 전,전체 산업,0,2021,사업체수,개,164095,100.0
대 전,"농업, 임업 및 어업",01~03,2021,사업체수,개,96,100.0
대 전,광업,05~08,2021,사업체수,개,10,100.0
대 전,제조업,10~34,2021,사업체수,개,11047,100.0
대 전,"전기, 가스, 증기 및 공기조절 공급업",35,2021,사업체수,개,455,100.0
대 전,"수도, 하수 및 폐기물 처리, 원료 재생업",36~39,2021,사업체수,개,230,100.0
대 전,건설업,41~42,2021,사업체수,개,13145,100.0
대 전,도매 및 소매업,45~47,2021,사업체수,개,43994,100.0
대 전,운수 및 창고업,49~52,2021,사업체수,개,17999,100.0
대 전,숙박 및 음식점업,55~56,2021,사업체수,개,23357,100.0
대 전,정보통신업,58~63,2021,사업체수,개,2898,100.0
대 전,금융 및 보험업,64~66,2021,사업체수,개,1681,100.0
대 전,부동산업,68,2021,사업체수,개,7297,100.0
대 전,"전문, 과학 및 기술 서비스업",70~73,2021,사업체수,개,5806,100.0
대 전,"사업시설 관리, 사업 지원 및 임대 서비스업",74~76,2021,사업체수,개,3954,100.0
대 전,"공공행정, 국방 및 사회보장 행정",84,2021,사업체수,개,292,100.0
대 전,교육 서비스업,85,2021,사업체수,개,7382,100.0
대 전,보건업 및 사회복지 서비스업,86~87,2021,사업체수,개,5141,100.0
대 전,"예술, 스포츠 및 여가관련 서비스업",90~91,2021,사업체수,개,4250,100.0
대 전,"협회 및 단체, 수리 및 기타 개인 서비스업",94~96,2021,사업체수,개,15061,100.0
울 산,전체 산업,0,2021,사업체수,개,115408,100.0
울 산,"농업, 임업 및 어업",01~03,2021,사업체수,개,101,100.0
울 산,광업,05~08,2021,사업체수,개,16,100.0
울 산,제조업,10~34,2021,사업체수,개,10025,100.0
울 산,"전기, 가스, 증기 및 공기조절 공급업",35,2021,사업체수,개,264,100.0
울 산,"수도, 하수 및 폐기물 처리, 원료 재생업",36~39,2021,사업체수,개,314,100.0
울 산,건설업,41~42,2021,사업체수,개,9929,100.0
울 산,도매 및 소매업,45~47,2021,사업체수,개,26003,100.0
울 산,운수 및 창고업,49~52,2021,사업체수,개,12621,100.0
울 산,숙박 및 음식점업,55~56,2021,사업체수,개,20519,100.0
울 산,정보통신업,58~63,2021,사업체수,개,773,100.0
울 산,금융 및 보험업,64~66,2021,사업체수,개,1123,100.0
울 산,부동산업,68,2021,사업체수,개,4912,100.0
울 산,"전문, 과학 및 기술 서비스업",70~73,2021,사업체수,개,3156,100.0
울 산,"사업시설 관리, 사업 지원 및 임대 서비스업",74~76,2021,사업체수,개,2693,100.0
울 산,"공공행정, 국방 및 사회보장 행정",84,2021,사업체수,개,221,100.0
울 산,교육 서비스업,85,2021,사업체수,개,5910,100.0
울 산,보건업 및 사회복지 서비스업,86~87,2021,사업체수,개,3106,100.0
울 산,"예술, 스포츠 및 여가관련 서비스업",90~91,2021,사업체수,개,3143,100.0
울 산,"협회 및 단체, 수리 및 기타 개인 서비스업",94~96,2021,사업체수,개,10579,100.0
세 종,전체 산업,0,2021,사업체수,개,30478,100.0
세 종,"농업, 임업 및 어업",01~03,2021,사업체수,개,87,100.0
세 종,광업,05~08,2021,사업체수,개,8,100.0
세 종,제조업,10~34,2021,사업체수,개,1841,100.0
세 종,"전기, 가스, 증기 및 공기조절 공급업",35,2021,사업체수,개,347,100.0
세 종,"수도, 하수 및 폐기물 처리, 원료 재생업",36~39,2021,사업체수,개,101,100.0
세 종,건설업,41~42,2021,사업체수,개,2214,100.0
세 종,도매 및 소매업,45~47,2021,사업체수,개,6310,100.0
세 종,운수 및 창고업,49~52,2021,사업체수,개,2230,100.0
세 종,숙박 및 음식점업,55~56,2021,사업체수,개,4583,100.0
세 종,정보통신업,58~63,2021,사업체수,개,708,100.0
세 종,금융 및 보험업,64~66,2021,사업체수,개,255,100.0
세 종,부동산업,68,2021,사업체수,개,2745,100.0
세 종,"전문, 과학 및 기술 서비스업",70~73,2021,사업체수,개,1237,100.0
세 종,"사업시설 관리, 사업 지원 및 임대 서비스업",74~76,2021,사업체수,개,782,100.0
세 종,"공공행정, 국방 및 사회보장 행정",84,2021,사업체수,개,165,100.0
세 종,교육 서비스업,85,2021,사업체수,개,2641,100.0
세 종,보건업 및 사회복지 서비스업,86~87,2021,사업체수,개,1016,100.0
세 종,"예술, 스포츠 및 여가관련 서비스업",90~91,2021,사업체수,개,870,100.0
세 종,"협회 및 단체, 수리 및 기타 개인 서비스업",94~96,2021,사업체수,개,2338,100.0
경 기,전체 산업,0,2021,사업체수,개,1481054,100.0
경 기,"농업, 임업 및 어업",01~03,2021,사업체수,개,1649,100.0
경 기,광업,05~08,2021,사업체수,개,116,100.0
경 기,제조업,10~34,2021,사업체수,개,184432,100.0
경 기,"전기, 가스, 증기 및 공기조절 공급업",35,2021,사업체수,개,6090,100.0
경 기,"수도, 하수 및 폐기물 처리, 원료 재생업",36~39,2021,사업체수,개,3538,100.0
경 기,건설업,41~42,2021,사업체수,개,113884,100.0
경 기,도매 및 소매업,45~47,2021,사업체수,개,376406,100.0
경 기,운수 및 창고업,49~52,2021,사업체수,개,155809,100.0
경 기,숙박 및 음식점업,55~56,2021,사업체수,개,181248,100.0
경 기,정보통신업,58~63,2021,사업체수,개,31523,100.0
경 기,금융 및 보험업,64~66,2021,사업체수,개,10257,100.0
경 기,부동산업,68,2021,사업체수,개,80072,100.0
경 기,"전문, 과학 및 기술 서비스업",70~73,2021,사업체수,개,53057,100.0
경 기,"사업시설 관리, 사업 지원 및 임대 서비스업",74~76,2021,사업체수,개,36130,100.0
경 기,"공공행정, 국방 및 사회보장 행정",84,2021,사업체수,개,2004,100.0
경 기,교육 서비스업,85,2021,사업체수,개,64609,100.0
경 기,보건업 및 사회복지 서비스업,86~87,2021,사업체수,개,38264,100.0
경 기,"예술, 스포츠 및 여가관련 서비스업",90~91,2021,사업체수,개,35761,100.0
경 기,"협회 및 단체, 수리 및 기타 개인 서비스업",94~96,2021,사업체수,개,106205,100.0
강 원,전체 산업,0,2021,사업체수,개,200365,100.0
강 원,"농업, 임업 및 어업",01~03,2021,사업체수,개,964,100.0
강 원,광업,05~08,2021,사업체수,개,214,100.0
강 원,제조업,10~34,2021,사업체수,개,10682,100.0
강 원,"전기, 가스, 증기 및 공기조절 공급업",35,2021,사업체수,개,5455,100.0
강 원,"수도, 하수 및 폐기물 처리, 원료 재생업",36~39,2021,사업체수,개,638,100.0
강 원,건설업,41~42,2021,사업체수,개,24044,100.0
강 원,도매 및 소매업,45~47,2021,사업체수,개,44218,100.0
강 원,운수 및 창고업,49~52,2021,사업체수,개,14773,100.0
강 원,숙박 및 음식점업,55~56,2021,사업체수,개,43120,100.0
강 원,정보통신업,58~63,2021,사업체수,개,2134,100.0
강 원,금융 및 보험업,64~66,2021,사업체수,개,1829,100.0
강 원,부동산업,68,2021,사업체수,개,5912,100.0
강 원,"전문, 과학 및 기술 서비스업",70~73,2021,사업체수,개,4462,100.0
강 원,"사업시설 관리, 사업 지원 및 임대 서비스업",74~76,2021,사업체수,개,4309,100.0
강 원,"공공행정, 국방 및 사회보장 행정",84,2021,사업체수,개,818,100.0
강 원,교육 서비스업,85,2021,사업체수,개,7615,100.0
강 원,보건업 및 사회복지 서비스업,86~87,2021,사업체수,개,5363,100.0
강 원,"예술, 스포츠 및 여가관련 서비스업",90~91,2021,사업체수,개,5387,100.0
강 원,"협회 및 단체, 수리 및 기타 개인 서비스업",94~96,2021,사업체수,개,18428,100.0
충 북,전체 산업,0,2021,사업체수,개,194561,100.0
충 북,"농업, 임업 및 어업",01~03,2021,사업체수,개,833,100.0
충 북,광업,05~08,2021,사업체수,개,113,100.0
충 북,제조업,10~34,2021,사업체수,개,18644,100.0
충 북,"전기, 가스, 증기 및 공기조절 공급업",35,2021,사업체수,개,6322,100.0
충 북,"수도, 하수 및 폐기물 처리, 원료 재생업",36~39,2021,사업체수,개,690,100.0
충 북,건설업,41~42,2021,사업체수,개,20614,100.0
충 북,도매 및 소매업,45~47,2021,사업체수,개,43719,100.0
충 북,운수 및 창고업,49~52,2021,사업체수,개,19281,100.0
충 북,숙박 및 음식점업,55~56,2021,사업체수,개,31446,100.0
충 북,정보통신업,58~63,2021,사업체수,개,1402,100.0
충 북,금융 및 보험업,64~66,2021,사업체수,개,1532,100.0
충 북,부동산업,68,2021,사업체수,개,6497,100.0
충 북,"전문, 과학 및 기술 서비스업",70~73,2021,사업체수,개,4432,100.0
충 북,"사업시설 관리, 사업 지원 및 임대 서비스업",74~76,2021,사업체수,개,4681,100.0
충 북,"공공행정, 국방 및 사회보장 행정",84,2021,사업체수,개,573,100.0
충 북,교육 서비스업,85,2021,사업체수,개,6947,100.0
충 북,보건업 및 사회복지 서비스업,86~87,2021,사업체수,개,5221,100.0
충 북,"예술, 스포츠 및 여가관련 서비스업",90~91,2021,사업체수,개,4848,100.0
충 북,"협회 및 단체, 수리 및 기타 개인 서비스업",94~96,2021,사업체수,개,16766,100.0
충 남,전체 산업,0,2021,사업체수,개,261263,100.0
충 남,"농업, 임업 및 어업",01~03,2021,사업체수,개,1584,100.0
충 남,광업,05~08,2021,사업체수,개,131,100.0
충 남,제조업,10~34,2021,사업체수,개,24704,100.0
충 남,"전기, 가스, 증기 및 공기조절 공급업",35,2021,사업체수,개,12588,100.0
충 남,"수도, 하수 및 폐기물 처리, 원료 재생업",36~39,2021,사업체수,개,853,100.0
충 남,건설업,41~42,2021,사업체수,개,25744,100.0
충 남,도매 및 소매업,45~47,2021,사업체수,개,60491,100.0
충 남,운수 및 창고업,49~52,2021,사업체수,개,23236,100.0
충 남,숙박 및 음식점업,55~56,2021,사업체수,개,41468,100.0
충 남,정보통신업,58~63,2021,사업체수,개,1970,100.0
충 남,금융 및 보험업,64~66,2021,사업체수,개,2012,100.0
충 남,부동산업,68,2021,사업체수,개,9311,100.0
충 남,"전문, 과학 및 기술 서비스업",70~73,2021,사업체수,개,5694,100.0
충 남,"사업시설 관리, 사업 지원 및 임대 서비스업",74~76,2021,사업체수,개,5860,100.0
충 남,"공공행정, 국방 및 사회보장 행정",84,2021,사업체수,개,774,100.0
충 남,교육 서비스업,85,2021,사업체수,개,9197,100.0
충 남,보건업 및 사회복지 서비스업,86~87,2021,사업체수,개,6984,100.0
충 남,"예술, 스포츠 및 여가관련 서비스업",90~91,2021,사업체수,개,6006,100.0
충 남,"협회 및 단체, 수리 및 기타 개인 서비스업",94~96,2021,사업체수,개,22656,100.0
전 북,전체 산업,0,2021,사업체수,개,231380,100.0
전 북,"농업, 임업 및 어업",01~03,2021,사업체수,개,1509,100.0
전 북,광업,05~08,2021,사업체수,개,116,100.0
전 북,제조업,10~34,2021,사업체수,개,16384,100.0
전 북,"전기, 가스, 증기 및 공기조절 공급업",35,2021,사업체수,개,21774,100.0
전 북,"수도, 하수 및 폐기물 처리, 원료 재생업",36~39,2021,사업체수,개,613,100.0
전 북,건설업,41~42,2021,사업체수,개,22623,100.0
전 북,도매 및 소매업,45~47,2021,사업체수,개,53139,100.0
전 북,운수 및 창고업,49~52,2021,사업체수,개,20718,100.0
전 북,숙박 및 음식점업,55~56,2021,사업체수,개,31328,100.0
전 북,정보통신업,58~63,2021,사업체수,개,1629,100.0
전 북,금융 및 보험업,64~66,2021,사업체수,개,2099,100.0
전 북,부동산업,68,2021,사업체수,개,7110,100.0
전 북,"전문, 과학 및 기술 서비스업",70~73,2021,사업체수,개,5227,100.0
전 북,"사업시설 관리, 사업 지원 및 임대 서비스업",74~76,2021,사업체수,개,4327,100.0
전 북,"공공행정, 국방 및 사회보장 행정",84,2021,사업체수,개,926,100.0
전 북,교육 서비스업,85,2021,사업체수,개,9061,100.0
전 북,보건업 및 사회복지 서비스업,86~87,2021,사업체수,개,6783,100.0
전 북,"예술, 스포츠 및 여가관련 서비스업",90~91,2021,사업체수,개,4857,100.0
전 북,"협회 및 단체, 수리 및 기타 개인 서비스업",94~96,2021,사업체수,개,21157,100.0
전 남,전체 산업,0,2021,사업체수,개,234688,100.0
전 남,"농업, 임업 및 어업",01~03,2021,사업체수,개,2281,100.0
전 남,광업,05~08,2021,사업체수,개,962,100.0
전 남,제조업,10~34,2021,사업체수,개,17417,100.0
전 남,"전기, 가스, 증기 및 공기조절 공급업",35,2021,사업체수,개,12835,100.0
전 남,"수도, 하수 및 폐기물 처리, 원료 재생업",36~39,2021,사업체수,개,800,100.0
전 남,건설업,41~42,2021,사업체수,개,24868,100.0
전 남,도매 및 소매업,45~47,2021,사업체수,개,54801,100.0
전 남,운수 및 창고업,49~52,2021,사업체수,개,24332,100.0
전 남,숙박 및 음식점업,55~56,2021,사업체수,개,37061,100.0
전 남,정보통신업,58~63,2021,사업체수,개,1586,100.0
전 남,금융 및 보험업,64~66,2021,사업체수,개,1964,100.0
전 남,부동산업,68,2021,사업체수,개,5249,100.0
전 남,"전문, 과학 및 기술 서비스업",70~73,2021,사업체수,개,4442,100.0
전 남,"사업시설 관리, 사업 지원 및 임대 서비스업",74~76,2021,사업체수,개,4401,100.0
전 남,"공공행정, 국방 및 사회보장 행정",84,2021,사업체수,개,1291,100.0
전 남,교육 서비스업,85,2021,사업체수,개,7627,100.0
전 남,보건업 및 사회복지 서비스업,86~87,2021,사업체수,개,6358,100.0
전 남,"예술, 스포츠 및 여가관련 서비스업",90~91,2021,사업체수,개,4931,100.0
전 남,"협회 및 단체, 수리 및 기타 개인 서비스업",94~96,2021,사업체수,개,21482,100.0
경 북,전체 산업,0,2021,사업체수,개,328657,100.0
경 북,"농업, 임업 및 어업",01~03,2021,사업체수,개,1236,100.0
경 북,광업,05~08,2021,사업체수,개,196,100.0
경 북,제조업,10~34,2021,사업체수,개,37897,100.0
경 북,"전기, 가스, 증기 및 공기조절 공급업",35,2021,사업체수,개,11551,100.0
경 북,"수도, 하수 및 폐기물 처리, 원료 재생업",36~39,2021,사업체수,개,1246,100.0
경 북,건설업,41~42,2021,사업체수,개,32419,100.0
경 북,도매 및 소매업,45~47,2021,사업체수,개,73428,100.0
경 북,운수 및 창고업,49~52,2021,사업체수,개,32491,100.0
경 북,숙박 및 음식점업,55~56,2021,사업체수,개,55386,100.0
경 북,정보통신업,58~63,2021,사업체수,개,2109,100.0
경 북,금융 및 보험업,64~66,2021,사업체수,개,2702,100.0
경 북,부동산업,68,2021,사업체수,개,8638,100.0
경 북,"전문, 과학 및 기술 서비스업",70~73,2021,사업체수,개,6149,100.0
경 북,"사업시설 관리, 사업 지원 및 임대 서비스업",74~76,2021,사업체수,개,6072,100.0
경 북,"공공행정, 국방 및 사회보장 행정",84,2021,사업체수,개,1309,100.0
경 북,교육 서비스업,85,2021,사업체수,개,11823,100.0
경 북,보건업 및 사회복지 서비스업,86~87,2021,사업체수,개,8366,100.0
경 북,"예술, 스포츠 및 여가관련 서비스업",90~91,2021,사업체수,개,6826,100.0
경 북,"협회 및 단체, 수리 및 기타 개인 서비스업",94~96,2021,사업체수,개,28813,100.0
경 남,전체 산업,0,2021,사업체수,개,392614,100.0
경 남,"농업, 임업 및 어업",01~03,2021,사업체수,개,1057,100.0
경 남,광업,05~08,2021,사업체수,개,111,100.0
경 남,제조업,10~34,2021,사업체수,개,49462,100.0
경 남,"전기, 가스, 증기 및 공기조절 공급업",35,2021,사업체수,개,5927,100.0
경 남,"수도, 하수 및 폐기물 처리, 원료 재생업",36~39,2021,사업체수,개,1260,100.0
경 남,건설업,41~42,2021,사업체수,개,32433,100.0
경 남,도매 및 소매업,45~47,2021,사업체수,개,90075,100.0
경 남,운수 및 창고업,49~52,2021,사업체수,개,35988,100.0
경 남,숙박 및 음식점업,55~56,2021,사업체수,개,68765,100.0
경 남,정보통신업,58~63,2021,사업체수,개,2494,100.0
경 남,금융 및 보험업,64~66,2021,사업체수,개,3310,100.0
경 남,부동산업,68,2021,사업체수,개,13675,100.0
경 남,"전문, 과학 및 기술 서비스업",70~73,2021,사업체수,개,9180,100.0
경 남,"사업시설 관리, 사업 지원 및 임대 서비스업",74~76,2021,사업체수,개,8395,100.0
경 남,"공공행정, 국방 및 사회보장 행정",84,2021,사업체수,개,1100,100.0
경 남,교육 서비스업,85,2021,사업체수,개,17005,100.0
경 남,보건업 및 사회복지 서비스업,86~87,2021,사업체수,개,10159,100.0
경 남,"예술, 스포츠 및 여가관련 서비스업",90~91,2021,사업체수,개,8072,100.0
경 남,"협회 및 단체, 수리 및 기타 개인 서비스업",94~96,2021,사업체수,개,34146,100.0
제 주,전체 산업,0,2021,사업체수,개,96131,100.0
제 주,"농업, 임업 및 어업",01~03,2021,사업체수,개,755,100.0
제 주,광업,05~08,2021,사업체수,개,11,100.0
제 주,제조업,10~34,2021,사업체수,개,3704,100.0
제 주,"전기, 가스, 증기 및 공기조절 공급업",35,2021,사업체수,개,1119,100.0
제 주,"수도, 하수 및 폐기물 처리, 원료 재생업",36~39,2021,사업체수,개,190,100.0
제 주,건설업,41~42,2021,사업체수,개,9434,100.0
제 주,도매 및 소매업,45~47,2021,사업체수,개,21872,100.0
제 주,운수 및 창고업,49~52,2021,사업체수,개,8076,100.0
제 주,숙박 및 음식점업,55~56,2021,사업체수,개,23469,100.0
제 주,정보통신업,58~63,2021,사업체수,개,967,100.0
제 주,금융 및 보험업,64~66,2021,사업체수,개,861,100.0
제 주,부동산업,68,2021,사업체수,개,3977,100.0
제 주,"전문, 과학 및 기술 서비스업",70~73,2021,사업체수,개,2773,100.0
제 주,"사업시설 관리, 사업 지원 및 임대 서비스업",74~76,2021,사업체수,개,2961,100.0
제 주,"공공행정, 국방 및 사회보장 행정",84,2021,사업체수,개,224,100.0
제 주,교육 서비스업,85,2021,사업체수,개,3789,100.0
제 주,보건업 및 사회복지 서비스업,86~87,2021,사업체수,개,2160,100.0
제 주,"예술, 스포츠 및 여가관련 서비스업",90~91,2021,사업체수,개,2645,100.0
제 주,"협회 및 단체, 수리 및 기타 개인 서비스업",94~96,2021,사업체수,개,7144,100.0
전 국,전체 산업,0,2021,종사자수,명,24931600,100.0
전 국,"농업, 임업 및 어업",01~03,2021,종사자수,명,66163,100.0
전 국,광업,05~08,2021,종사자수,명,14863,100.0
전 국,제조업,10~34,2021,종사자수,명,4217537,100.0
전 국,"전기, 가스, 증기 및 공기조절 공급업",35,2021,종사자수,명,156994,100.0
전 국,"수도, 하수 및 폐기물 처리, 원료 재생업",36~39,2021,종사자수,명,133172,100.0
전 국,건설업,41~42,2021,종사자수,명,1987478,100.0
전 국,도매 및 소매업,45~47,2021,종사자수,명,3668167,100.0
전 국,운수 및 창고업,49~52,2021,종사자수,명,1361418,100.0
전 국,숙박 및 음식점업,55~56,2021,종사자수,명,2108073,100.0
전 국,정보통신업,58~63,2021,종사자수,명,831969,100.0
전 국,금융 및 보험업,64~66,2021,종사자수,명,710025,100.0
전 국,부동산업,68,2021,종사자수,명,702920,100.0
전 국,"전문, 과학 및 기술 서비스업",70~73,2021,종사자수,명,1404904,100.0
전 국,"사업시설 관리, 사업 지원 및 임대 서비스업",74~76,2021,종사자수,명,1300767,100.0
전 국,"공공행정, 국방 및 사회보장 행정",84,2021,종사자수,명,897295,100.0
전 국,교육 서비스업,85,2021,종사자수,명,1687025,100.0
전 국,보건업 및 사회복지 서비스업,86~87,2021,종사자수,명,2357153,100.0
전 국,"예술, 스포츠 및 여가관련 서비스업",90~91,2021,종사자수,명,421838,100.0
전 국,"협회 및 단체, 수리 및 기타 개인 서비스업",94~96,2021,종사자수,명,903839,100.0
서 울,전체 산업,0,2021,종사자수,명,5771226,100.0
서 울,"농업, 임업 및 어업",01~03,2021,종사자수,명,753,100.0
서 울,광업,05~08,2021,종사자수,명,135,100.0
서 울,제조업,10~34,2021,종사자수,명,267489,100.0
서 울,"전기, 가스, 증기 및 공기조절 공급업",35,2021,종사자수,명,6873,100.0
서 울,"수도, 하수 및 폐기물 처리, 원료 재생업",36~39,2021,종사자수,명,10610,100.0
서 울,건설업,41~42,2021,종사자수,명,449060,100.0
서 울,도매 및 소매업,45~47,2021,종사자수,명,1009123,100.0
서 울,운수 및 창고업,49~52,2021,종사자수,명,274477,100.0
서 울,숙박 및 음식점업,55~56,2021,종사자수,명,424071,100.0
서 울,정보통신업,58~63,2021,종사자수,명,490621,100.0
서 울,금융 및 보험업,64~66,2021,종사자수,명,293681,100.0
서 울,부동산업,68,2021,종사자수,명,205378,100.0
서 울,"전문, 과학 및 기술 서비스업",70~73,2021,종사자수,명,597759,100.0
서 울,"사업시설 관리, 사업 지원 및 임대 서비스업",74~76,2021,종사자수,명,492983,100.0
서 울,"공공행정, 국방 및 사회보장 행정",84,2021,종사자수,명,161167,100.0
서 울,교육 서비스업,85,2021,종사자수,명,361663,100.0
서 울,보건업 및 사회복지 서비스업,86~87,2021,종사자수,명,450396,100.0
서 울,"예술, 스포츠 및 여가관련 서비스업",90~91,2021,종사자수,명,88491,100.0
서 울,"협회 및 단체, 수리 및 기타 개인 서비스업",94~96,2021,종사자수,명,186496,100.0
부 산,전체 산업,0,2021,종사자수,명,1544504,100.0
부 산,"농업, 임업 및 어업",01~03,2021,종사자수,명,2757,100.0
부 산,광업,05~08,2021,종사자수,명,85,100.0
부 산,제조업,10~34,2021,종사자수,명,213028,100.0
부 산,"전기, 가스, 증기 및 공기조절 공급업",35,2021,종사자수,명,4130,100.0
부 산,"수도, 하수 및 폐기물 처리, 원료 재생업",36~39,2021,종사자수,명,7905,100.0
부 산,건설업,41~42,2021,종사자수,명,123951,100.0
부 산,도매 및 소매업,45~47,2021,종사자수,명,247220,100.0
부 산,운수 및 창고업,49~52,2021,종사자수,명,131749,100.0
부 산,숙박 및 음식점업,55~56,2021,종사자수,명,142912,100.0
부 산,정보통신업,58~63,2021,종사자수,명,21361,100.0
부 산,금융 및 보험업,64~66,2021,종사자수,명,48854,100.0
부 산,부동산업,68,2021,종사자수,명,47738,100.0
부 산,"전문, 과학 및 기술 서비스업",70~73,2021,종사자수,명,58661,100.0
부 산,"사업시설 관리, 사업 지원 및 임대 서비스업",74~76,2021,종사자수,명,78673,100.0
부 산,"공공행정, 국방 및 사회보장 행정",84,2021,종사자수,명,52452,100.0
부 산,교육 서비스업,85,2021,종사자수,명,104539,100.0
부 산,보건업 및 사회복지 서비스업,86~87,2021,종사자수,명,176077,100.0
부 산,"예술, 스포츠 및 여가관련 서비스업",90~91,2021,종사자수,명,22726,100.0
부 산,"협회 및 단체, 수리 및 기타 개인 서비스업",94~96,2021,종사자수,명,59686,100.0
대 구,전체 산업,0,2021,종사자수,명,1004563,100.0
대 구,"농업, 임업 및 어업",01~03,2021,종사자수,명,389,100.0
대 구,광업,05~08,2021,종사자수,명,23,100.0
대 구,제조업,10~34,2021,종사자수,명,169828,100.0
대 구,"전기, 가스, 증기 및 공기조절 공급업",35,2021,종사자수,명,3308,100.0
대 구,"수도, 하수 및 폐기물 처리, 원료 재생업",36~39,2021,종사자수,명,4488,100.0
대 구,건설업,41~42,2021,종사자수,명,75353,100.0
대 구,도매 및 소매업,45~47,2021,종사자수,명,159185,100.0
대 구,운수 및 창고업,49~52,2021,종사자수,명,56222,100.0
대 구,숙박 및 음식점업,55~56,2021,종사자수,명,88808,100.0
대 구,정보통신업,58~63,2021,종사자수,명,16564,100.0
대 구,금융 및 보험업,64~66,2021,종사자수,명,30442,100.0
대 구,부동산업,68,2021,종사자수,명,30461,100.0
대 구,"전문, 과학 및 기술 서비스업",70~73,2021,종사자수,명,34582,100.0
대 구,"사업시설 관리, 사업 지원 및 임대 서비스업",74~76,2021,종사자수,명,43132,100.0
대 구,"공공행정, 국방 및 사회보장 행정",84,2021,종사자수,명,34447,100.0
대 구,교육 서비스업,85,2021,종사자수,명,81948,100.0
대 구,보건업 및 사회복지 서비스업,86~87,2021,종사자수,명,118579,100.0
대 구,"예술, 스포츠 및 여가관련 서비스업",90~91,2021,종사자수,명,15432,100.0
대 구,"협회 및 단체, 수리 및 기타 개인 서비스업",94~96,2021,종사자수,명,41372,100.0
인 천,전체 산업,0,2021,종사자수,명,1223448,100.0
인 천,"농업, 임업 및 어업",01~03,2021,종사자수,명,648,100.0
인 천,광업,05~08,2021,종사자수,명,510,100.0
인 천,제조업,10~34,2021,종사자수,명,250357,100.0
인 천,"전기, 가스, 증기 및 공기조절 공급업",35,2021,종사자수,명,4644,100.0
인 천,"수도, 하수 및 폐기물 처리, 원료 재생업",36~39,2021,종사자수,명,7859,100.0
인 천,건설업,41~42,2021,종사자수,명,87370,100.0
인 천,도매 및 소매업,45~47,2021,종사자수,명,173100,100.0
인 천,운수 및 창고업,49~52,2021,종사자수,명,95243,100.0
인 천,숙박 및 음식점업,55~56,2021,종사자수,명,103117,100.0
인 천,정보통신업,58~63,2021,종사자수,명,14909,100.0
인 천,금융 및 보험업,64~66,2021,종사자수,명,22697,100.0
인 천,부동산업,68,2021,종사자수,명,32906,100.0
인 천,"전문, 과학 및 기술 서비스업",70~73,2021,종사자수,명,43353,100.0
인 천,"사업시설 관리, 사업 지원 및 임대 서비스업",74~76,2021,종사자수,명,64731,100.0
인 천,"공공행정, 국방 및 사회보장 행정",84,2021,종사자수,명,43612,100.0
인 천,교육 서비스업,85,2021,종사자수,명,79359,100.0
인 천,보건업 및 사회복지 서비스업,86~87,2021,종사자수,명,135496,100.0
인 천,"예술, 스포츠 및 여가관련 서비스업",90~91,2021,종사자수,명,19310,100.0
인 천,"협회 및 단체, 수리 및 기타 개인 서비스업",94~96,2021,종사자수,명,44227,100.0
광 주,전체 산업,0,2021,종사자수,명,676261,100.0
광 주,"농업, 임업 및 어업",01~03,2021,종사자수,명,441,100.0
광 주,광업,05~08,2021,종사자수,명,40,100.0
광 주,제조업,10~34,2021,종사자수,명,87325,100.0
광 주,"전기, 가스, 증기 및 공기조절 공급업",35,2021,종사자수,명,3243,100.0
광 주,"수도, 하수 및 폐기물 처리, 원료 재생업",36~39,2021,종사자수,명,2628,100.0
광 주,건설업,41~42,2021,종사자수,명,75298,100.0
광 주,도매 및 소매업,45~47,2021,종사자수,명,96138,100.0
광 주,운수 및 창고업,49~52,2021,종사자수,명,37571,100.0
광 주,숙박 및 음식점업,55~56,2021,종사자수,명,55002,100.0
광 주,정보통신업,58~63,2021,종사자수,명,12868,100.0
광 주,금융 및 보험업,64~66,2021,종사자수,명,21775,100.0
광 주,부동산업,68,2021,종사자수,명,25559,100.0
광 주,"전문, 과학 및 기술 서비스업",70~73,2021,종사자수,명,24650,100.0
광 주,"사업시설 관리, 사업 지원 및 임대 서비스업",74~76,2021,종사자수,명,31891,100.0
광 주,"공공행정, 국방 및 사회보장 행정",84,2021,종사자수,명,23436,100.0
광 주,교육 서비스업,85,2021,종사자수,명,51491,100.0
광 주,보건업 및 사회복지 서비스업,86~87,2021,종사자수,명,87414,100.0
광 주,"예술, 스포츠 및 여가관련 서비스업",90~91,2021,종사자수,명,11555,100.0
광 주,"협회 및 단체, 수리 및 기타 개인 서비스업",94~96,2021,종사자수,명,27936,100.0
대 전,전체 산업,0,2021,종사자수,명,688457,100.0
대 전,"농업, 임업 및 어업",01~03,2021,종사자수,명,403,100.0
대 전,광업,05~08,2021,종사자수,명,27,100.0
대 전,제조업,10~34,2021,종사자수,명,67179,100.0
대 전,"전기, 가스, 증기 및 공기조절 공급업",35,2021,종사자수,명,2187,100.0
대 전,"수도, 하수 및 폐기물 처리, 원료 재생업",36~39,2021,종사자수,명,4596,100.0
대 전,건설업,41~42,2021,종사자수,명,60430,100.0
대 전,도매 및 소매업,45~47,2021,종사자수,명,100570,100.0
대 전,운수 및 창고업,49~52,2021,종사자수,명,34615,100.0
대 전,숙박 및 음식점업,55~56,2021,종사자수,명,58203,100.0
대 전,정보통신업,58~63,2021,종사자수,명,20059,100.0
대 전,금융 및 보험업,64~66,2021,종사자수,명,18953,100.0
대 전,부동산업,68,2021,종사자수,명,18629,100.0
대 전,"전문, 과학 및 기술 서비스업",70~73,2021,종사자수,명,57526,100.0
대 전,"사업시설 관리, 사업 지원 및 임대 서비스업",74~76,2021,종사자수,명,44752,100.0
대 전,"공공행정, 국방 및 사회보장 행정",84,2021,종사자수,명,30151,100.0
대 전,교육 서비스업,85,2021,종사자수,명,58903,100.0
대 전,보건업 및 사회복지 서비스업,86~87,2021,종사자수,명,73371,100.0
대 전,"예술, 스포츠 및 여가관련 서비스업",90~91,2021,종사자수,명,10681,100.0
대 전,"협회 및 단체, 수리 및 기타 개인 서비스업",94~96,2021,종사자수,명,27222,100.0
울 산,전체 산업,0,2021,종사자수,명,543984,100.0
울 산,"농업, 임업 및 어업",01~03,2021,종사자수,명,404,100.0
울 산,광업,05~08,2021,종사자수,명,275,100.0
울 산,제조업,10~34,2021,종사자수,명,177408,100.0
울 산,"전기, 가스, 증기 및 공기조절 공급업",35,2021,종사자수,명,2789,100.0
울 산,"수도, 하수 및 폐기물 처리, 원료 재생업",36~39,2021,종사자수,명,2752,100.0
울 산,건설업,41~42,2021,종사자수,명,38416,100.0
울 산,도매 및 소매업,45~47,2021,종사자수,명,56293,100.0
울 산,운수 및 창고업,49~52,2021,종사자수,명,30470,100.0
울 산,숙박 및 음식점업,55~56,2021,종사자수,명,44953,100.0
울 산,정보통신업,58~63,2021,종사자수,명,4822,100.0
울 산,금융 및 보험업,64~66,2021,종사자수,명,11378,100.0
울 산,부동산업,68,2021,종사자수,명,11608,100.0
울 산,"전문, 과학 및 기술 서비스업",70~73,2021,종사자수,명,19828,100.0
울 산,"사업시설 관리, 사업 지원 및 임대 서비스업",74~76,2021,종사자수,명,21195,100.0
울 산,"공공행정, 국방 및 사회보장 행정",84,2021,종사자수,명,17797,100.0
울 산,교육 서비스업,85,2021,종사자수,명,35027,100.0
울 산,보건업 및 사회복지 서비스업,86~87,2021,종사자수,명,42954,100.0
울 산,"예술, 스포츠 및 여가관련 서비스업",90~91,2021,종사자수,명,7433,100.0
울 산,"협회 및 단체, 수리 및 기타 개인 서비스업",94~96,2021,종사자수,명,18182,100.0
세 종,전체 산업,0,2021,종사자수,명,152974,100.0
세 종,"농업, 임업 및 어업",01~03,2021,종사자수,명,294,100.0
세 종,광업,05~08,2021,종사자수,명,83,100.0
세 종,제조업,10~34,2021,종사자수,명,21081,100.0
세 종,"전기, 가스, 증기 및 공기조절 공급업",35,2021,종사자수,명,887,100.0
세 종,"수도, 하수 및 폐기물 처리, 원료 재생업",36~39,2021,종사자수,명,783,100.0
세 종,건설업,41~42,2021,종사자수,명,9829,100.0
세 종,도매 및 소매업,45~47,2021,종사자수,명,13772,100.0
세 종,운수 및 창고업,49~52,2021,종사자수,명,5462,100.0
세 종,숙박 및 음식점업,55~56,2021,종사자수,명,12353,100.0
세 종,정보통신업,58~63,2021,종사자수,명,2975,100.0
세 종,금융 및 보험업,64~66,2021,종사자수,명,1944,100.0
세 종,부동산업,68,2021,종사자수,명,6005,100.0
세 종,"전문, 과학 및 기술 서비스업",70~73,2021,종사자수,명,8915,100.0
세 종,"사업시설 관리, 사업 지원 및 임대 서비스업",74~76,2021,종사자수,명,5546,100.0
세 종,"공공행정, 국방 및 사회보장 행정",84,2021,종사자수,명,24610,100.0
세 종,교육 서비스업,85,2021,종사자수,명,17491,100.0
세 종,보건업 및 사회복지 서비스업,86~87,2021,종사자수,명,13119,100.0
세 종,"예술, 스포츠 및 여가관련 서비스업",90~91,2021,종사자수,명,2830,100.0
세 종,"협회 및 단체, 수리 및 기타 개인 서비스업",94~96,2021,종사자수,명,4995,100.0
경 기,전체 산업,0,2021,종사자수,명,5994570,100.0
경 기,"농업, 임업 및 어업",01~03,2021,종사자수,명,8262,100.0
경 기,광업,05~08,2021,종사자수,명,1497,100.0
경 기,제조업,10~34,2021,종사자수,명,1373285,100.0
경 기,"전기, 가스, 증기 및 공기조절 공급업",35,2021,종사자수,명,15557,100.0
경 기,"수도, 하수 및 폐기물 처리, 원료 재생업",36~39,2021,종사자수,명,34744,100.0
경 기,건설업,41~42,2021,종사자수,명,421535,100.0
경 기,도매 및 소매업,45~47,2021,종사자수,명,909374,100.0
경 기,운수 및 창고업,49~52,2021,종사자수,명,325661,100.0
경 기,숙박 및 음식점업,55~56,2021,종사자수,명,468186,100.0
경 기,정보통신업,58~63,2021,종사자수,명,176080,100.0
경 기,금융 및 보험업,64~66,2021,종사자수,명,101121,100.0
경 기,부동산업,68,2021,종사자수,명,180814,100.0
경 기,"전문, 과학 및 기술 서비스업",70~73,2021,종사자수,명,343646,100.0
경 기,"사업시설 관리, 사업 지원 및 임대 서비스업",74~76,2021,종사자수,명,269408,100.0
경 기,"공공행정, 국방 및 사회보장 행정",84,2021,종사자수,명,152228,100.0
경 기,교육 서비스업,85,2021,종사자수,명,390147,100.0
경 기,보건업 및 사회복지 서비스업,86~87,2021,종사자수,명,510794,100.0
경 기,"예술, 스포츠 및 여가관련 서비스업",90~91,2021,종사자수,명,108123,100.0
경 기,"협회 및 단체, 수리 및 기타 개인 서비스업",94~96,2021,종사자수,명,204108,100.0
강 원,전체 산업,0,2021,종사자수,명,714310,100.0
강 원,"농업, 임업 및 어업",01~03,2021,종사자수,명,5309,100.0
강 원,광업,05~08,2021,종사자수,명,4173,100.0
강 원,제조업,10~34,2021,종사자수,명,64204,100.0
강 원,"전기, 가스, 증기 및 공기조절 공급업",35,2021,종사자수,명,9007,100.0
강 원,"수도, 하수 및 폐기물 처리, 원료 재생업",36~39,2021,종사자수,명,5629,100.0
강 원,건설업,41~42,2021,종사자수,명,76558,100.0
강 원,도매 및 소매업,45~47,2021,종사자수,명,92079,100.0
강 원,운수 및 창고업,49~52,2021,종사자수,명,30678,100.0
강 원,숙박 및 음식점업,55~56,2021,종사자수,명,96148,100.0
강 원,정보통신업,58~63,2021,종사자수,명,9810,100.0
강 원,금융 및 보험업,64~66,2021,종사자수,명,19536,100.0
강 원,부동산업,68,2021,종사자수,명,14577,100.0
강 원,"전문, 과학 및 기술 서비스업",70~73,2021,종사자수,명,21488,100.0
강 원,"사업시설 관리, 사업 지원 및 임대 서비스업",74~76,2021,종사자수,명,26643,100.0
강 원,"공공행정, 국방 및 사회보장 행정",84,2021,종사자수,명,47857,100.0
강 원,교육 서비스업,85,2021,종사자수,명,56810,100.0
강 원,보건업 및 사회복지 서비스업,86~87,2021,종사자수,명,80518,100.0
강 원,"예술, 스포츠 및 여가관련 서비스업",90~91,2021,종사자수,명,21989,100.0
강 원,"협회 및 단체, 수리 및 기타 개인 서비스업",94~96,2021,종사자수,명,31297,100.0
충 북,전체 산업,0,2021,종사자수,명,817324,100.0
충 북,"농업, 임업 및 어업",01~03,2021,종사자수,명,4370,100.0
충 북,광업,05~08,2021,종사자수,명,1139,100.0
충 북,제조업,10~34,2021,종사자수,명,224302,100.0
충 북,"전기, 가스, 증기 및 공기조절 공급업",35,2021,종사자수,명,7841,100.0
충 북,"수도, 하수 및 폐기물 처리, 원료 재생업",36~39,2021,종사자수,명,6451,100.0
충 북,건설업,41~42,2021,종사자수,명,67990,100.0
충 북,도매 및 소매업,45~47,2021,종사자수,명,91392,100.0
충 북,운수 및 창고업,49~52,2021,종사자수,명,39409,100.0
충 북,숙박 및 음식점업,55~56,2021,종사자수,명,67924,100.0
충 북,정보통신업,58~63,2021,종사자수,명,7560,100.0
충 북,금융 및 보험업,64~66,2021,종사자수,명,14640,100.0
충 북,부동산업,68,2021,종사자수,명,16219,100.0
충 북,"전문, 과학 및 기술 서비스업",70~73,2021,종사자수,명,27117,100.0
충 북,"사업시설 관리, 사업 지원 및 임대 서비스업",74~76,2021,종사자수,명,35449,100.0
충 북,"공공행정, 국방 및 사회보장 행정",84,2021,종사자수,명,35794,100.0
충 북,교육 서비스업,85,2021,종사자수,명,54630,100.0
충 북,보건업 및 사회복지 서비스업,86~87,2021,종사자수,명,71568,100.0
충 북,"예술, 스포츠 및 여가관련 서비스업",90~91,2021,종사자수,명,14495,100.0
충 북,"협회 및 단체, 수리 및 기타 개인 서비스업",94~96,2021,종사자수,명,29034,100.0
충 남,전체 산업,0,2021,종사자수,명,1082844,100.0
충 남,"농업, 임업 및 어업",01~03,2021,종사자수,명,7981,100.0
충 남,광업,05~08,2021,종사자수,명,879,100.0
충 남,제조업,10~34,2021,종사자수,명,318380,100.0
충 남,"전기, 가스, 증기 및 공기조절 공급업",35,2021,종사자수,명,19533,100.0
충 남,"수도, 하수 및 폐기물 처리, 원료 재생업",36~39,2021,종사자수,명,7770,100.0
충 남,건설업,41~42,2021,종사자수,명,85490,100.0
충 남,도매 및 소매업,45~47,2021,종사자수,명,123978,100.0
충 남,운수 및 창고업,49~52,2021,종사자수,명,48019,100.0
충 남,숙박 및 음식점업,55~56,2021,종사자수,명,90448,100.0
충 남,정보통신업,58~63,2021,종사자수,명,8246,100.0
충 남,금융 및 보험업,64~66,2021,종사자수,명,18100,100.0
충 남,부동산업,68,2021,종사자수,명,19591,100.0
충 남,"전문, 과학 및 기술 서비스업",70~73,2021,종사자수,명,28836,100.0
충 남,"사업시설 관리, 사업 지원 및 임대 서비스업",74~76,2021,종사자수,명,41751,100.0
충 남,"공공행정, 국방 및 사회보장 행정",84,2021,종사자수,명,41501,100.0
충 남,교육 서비스업,85,2021,종사자수,명,71764,100.0
충 남,보건업 및 사회복지 서비스업,86~87,2021,종사자수,명,97917,100.0
충 남,"예술, 스포츠 및 여가관련 서비스업",90~91,2021,종사자수,명,14269,100.0
충 남,"협회 및 단체, 수리 및 기타 개인 서비스업",94~96,2021,종사자수,명,38391,100.0
전 북,전체 산업,0,2021,종사자수,명,791096,100.0
전 북,"농업, 임업 및 어업",01~03,2021,종사자수,명,6348,100.0
전 북,광업,05~08,2021,종사자수,명,834,100.0
전 북,제조업,10~34,2021,종사자수,명,121697,100.0
전 북,"전기, 가스, 증기 및 공기조절 공급업",35,2021,종사자수,명,24390,100.0
전 북,"수도, 하수 및 폐기물 처리, 원료 재생업",36~39,2021,종사자수,명,5794,100.0
전 북,건설업,41~42,2021,종사자수,명,71806,100.0
전 북,도매 및 소매업,45~47,2021,종사자수,명,105497,100.0
전 북,운수 및 창고업,49~52,2021,종사자수,명,38984,100.0
전 북,숙박 및 음식점업,55~56,2021,종사자수,명,69834,100.0
전 북,정보통신업,58~63,2021,종사자수,명,8135,100.0
전 북,금융 및 보험업,64~66,2021,종사자수,명,22004,100.0
전 북,부동산업,68,2021,종사자수,명,16346,100.0
전 북,"전문, 과학 및 기술 서비스업",70~73,2021,종사자수,명,26374,100.0
전 북,"사업시설 관리, 사업 지원 및 임대 서비스업",74~76,2021,종사자수,명,24024,100.0
전 북,"공공행정, 국방 및 사회보장 행정",84,2021,종사자수,명,41386,100.0
전 북,교육 서비스업,85,2021,종사자수,명,60935,100.0
전 북,보건업 및 사회복지 서비스업,86~87,2021,종사자수,명,97263,100.0
전 북,"예술, 스포츠 및 여가관련 서비스업",90~91,2021,종사자수,명,13645,100.0
전 북,"협회 및 단체, 수리 및 기타 개인 서비스업",94~96,2021,종사자수,명,35800,100.0
전 남,전체 산업,0,2021,종사자수,명,856478,100.0
전 남,"농업, 임업 및 어업",01~03,2021,종사자수,명,11185,100.0
전 남,광업,05~08,2021,종사자수,명,2904,100.0
전 남,제조업,10~34,2021,종사자수,명,126107,100.0
전 남,"전기, 가스, 증기 및 공기조절 공급업",35,2021,종사자수,명,20450,100.0
전 남,"수도, 하수 및 폐기물 처리, 원료 재생업",36~39,2021,종사자수,명,7966,100.0
전 남,건설업,41~42,2021,종사자수,명,103198,100.0
전 남,도매 및 소매업,45~47,2021,종사자수,명,108380,100.0
전 남,운수 및 창고업,49~52,2021,종사자수,명,52829,100.0
전 남,숙박 및 음식점업,55~56,2021,종사자수,명,77372,100.0
전 남,정보통신업,58~63,2021,종사자수,명,9276,100.0
전 남,금융 및 보험업,64~66,2021,종사자수,명,19514,100.0
전 남,부동산업,68,2021,종사자수,명,14034,100.0
전 남,"전문, 과학 및 기술 서비스업",70~73,2021,종사자수,명,22951,100.0
전 남,"사업시설 관리, 사업 지원 및 임대 서비스업",74~76,2021,종사자수,명,28732,100.0
전 남,"공공행정, 국방 및 사회보장 행정",84,2021,종사자수,명,51286,100.0
전 남,교육 서비스업,85,2021,종사자수,명,55766,100.0
전 남,보건업 및 사회복지 서비스업,86~87,2021,종사자수,명,93974,100.0
전 남,"예술, 스포츠 및 여가관련 서비스업",90~91,2021,종사자수,명,15737,100.0
전 남,"협회 및 단체, 수리 및 기타 개인 서비스업",94~96,2021,종사자수,명,34817,100.0
경 북,전체 산업,0,2021,종사자수,명,1234314,100.0
경 북,"농업, 임업 및 어업",01~03,2021,종사자수,명,6693,100.0
경 북,광업,05~08,2021,종사자수,명,1344,100.0
경 북,제조업,10~34,2021,종사자수,명,315862,100.0
경 북,"전기, 가스, 증기 및 공기조절 공급업",35,2021,종사자수,명,19240,100.0
경 북,"수도, 하수 및 폐기물 처리, 원료 재생업",36~39,2021,종사자수,명,10567,100.0
경 북,건설업,41~42,2021,종사자수,명,100762,100.0
경 북,도매 및 소매업,45~47,2021,종사자수,명,145410,100.0
경 북,운수 및 창고업,49~52,2021,종사자수,명,61730,100.0
경 북,숙박 및 음식점업,55~56,2021,종사자수,명,110114,100.0
경 북,정보통신업,58~63,2021,종사자수,명,10028,100.0
경 북,금융 및 보험업,64~66,2021,종사자수,명,23247,100.0
경 북,부동산업,68,2021,종사자수,명,21684,100.0
경 북,"전문, 과학 및 기술 서비스업",70~73,2021,종사자수,명,36026,100.0
경 북,"사업시설 관리, 사업 지원 및 임대 서비스업",74~76,2021,종사자수,명,32475,100.0
경 북,"공공행정, 국방 및 사회보장 행정",84,2021,종사자수,명,60843,100.0
경 북,교육 서비스업,85,2021,종사자수,명,83737,100.0
경 북,보건업 및 사회복지 서비스업,86~87,2021,종사자수,명,127371,100.0
경 북,"예술, 스포츠 및 여가관련 서비스업",90~91,2021,종사자수,명,19756,100.0
경 북,"협회 및 단체, 수리 및 기타 개인 서비스업",94~96,2021,종사자수,명,47425,100.0
경 남,전체 산업,0,2021,종사자수,명,1511931,100.0
경 남,"농업, 임업 및 어업",01~03,2021,종사자수,명,5833,100.0
경 남,광업,05~08,2021,종사자수,명,730,100.0
경 남,제조업,10~34,2021,종사자수,명,406186,100.0
경 남,"전기, 가스, 증기 및 공기조절 공급업",35,2021,종사자수,명,10479,100.0
경 남,"수도, 하수 및 폐기물 처리, 원료 재생업",36~39,2021,종사자수,명,11100,100.0
경 남,건설업,41~42,2021,종사자수,명,107617,100.0
경 남,도매 및 소매업,45~47,2021,종사자수,명,185680,100.0
경 남,운수 및 창고업,49~52,2021,종사자수,명,80884,100.0
경 남,숙박 및 음식점업,55~56,2021,종사자수,명,140508,100.0
경 남,정보통신업,58~63,2021,종사자수,명,12487,100.0
경 남,금융 및 보험업,64~66,2021,종사자수,명,33758,100.0
경 남,부동산업,68,2021,종사자수,명,34340,100.0
경 남,"전문, 과학 및 기술 서비스업",70~73,2021,종사자수,명,42846,100.0
경 남,"사업시설 관리, 사업 지원 및 임대 서비스업",74~76,2021,종사자수,명,44220,100.0
경 남,"공공행정, 국방 및 사회보장 행정",84,2021,종사자수,명,61375,100.0
경 남,교육 서비스업,85,2021,종사자수,명,100290,100.0
경 남,보건업 및 사회복지 서비스업,86~87,2021,종사자수,명,151573,100.0
경 남,"예술, 스포츠 및 여가관련 서비스업",90~91,2021,종사자수,명,23322,100.0
경 남,"협회 및 단체, 수리 및 기타 개인 서비스업",94~96,2021,종사자수,명,58703,100.0
제 주,전체 산업,0,2021,종사자수,명,323316,100.0
제 주,"농업, 임업 및 어업",01~03,2021,종사자수,명,4093,100.0
제 주,광업,05~08,2021,종사자수,명,185,100.0
제 주,제조업,10~34,2021,종사자수,명,13819,100.0
제 주,"전기, 가스, 증기 및 공기조절 공급업",35,2021,종사자수,명,2436,100.0
제 주,"수도, 하수 및 폐기물 처리, 원료 재생업",36~39,2021,종사자수,명,1530,100.0
제 주,건설업,41~42,2021,종사자수,명,32815,100.0
제 주,도매 및 소매업,45~47,2021,종사자수,명,50976,100.0
제 주,운수 및 창고업,49~52,2021,종사자수,명,17415,100.0
제 주,숙박 및 음식점업,55~56,2021,종사자수,명,58120,100.0
제 주,정보통신업,58~63,2021,종사자수,명,6168,100.0
제 주,금융 및 보험업,64~66,2021,종사자수,명,8381,100.0
제 주,부동산업,68,2021,종사자수,명,7031,100.0
제 주,"전문, 과학 및 기술 서비스업",70~73,2021,종사자수,명,10346,100.0
제 주,"사업시설 관리, 사업 지원 및 임대 서비스업",74~76,2021,종사자수,명,15162,100.0
제 주,"공공행정, 국방 및 사회보장 행정",84,2021,종사자수,명,17353,100.0
제 주,교육 서비스업,85,2021,종사자수,명,22525,100.0
제 주,보건업 및 사회복지 서비스업,86~87,2021,종사자수,명,28769,100.0
제 주,"예술, 스포츠 및 여가관련 서비스업",90~91,2021,종사자수,명,12044,100.0
제 주,"협회 및 단체, 수리 및 기타 개인 서비스업",94~96,2021,종사자수,명,14148,100.0
전 국,전체 산업,0,2021,매출액,백만원,7474083484,100.0
전 국,"농업, 임업 및 어업",01~03,2021,매출액,백만원,20997315,100.0
전 국,광업,05~08,2021,매출액,백만원,4808468,100.0
전 국,제조업,10~34,2021,매출액,백만원,2171240106,100.0
전 국,"전기, 가스, 증기 및 공기조절 공급업",35,2021,매출액,백만원,165808133,100.0
전 국,"수도, 하수 및 폐기물 처리, 원료 재생업",36~39,2021,매출액,백만원,35648861,100.0
전 국,건설업,41~42,2021,매출액,백만원,505268234,100.0
전 국,도매 및 소매업,45~47,2021,매출액,백만원,1606287940,100.0
전 국,운수 및 창고업,49~52,2021,매출액,백만원,301540708,100.0
전 국,숙박 및 음식점업,55~56,2021,매출액,백만원,163084959,100.0
전 국,정보통신업,58~63,2021,매출액,백만원,228074208,100.0
전 국,금융 및 보험업,64~66,2021,매출액,백만원,1013314596,100.0
전 국,부동산업,68,2021,매출액,백만원,227588948,100.0
전 국,"전문, 과학 및 기술 서비스업",70~73,2021,매출액,백만원,299224674,100.0
전 국,"사업시설 관리, 사업 지원 및 임대 서비스업",74~76,2021,매출액,백만원,109825803,100.0
전 국,"공공행정, 국방 및 사회보장 행정",84,2021,매출액,백만원,207050341,100.0
전 국,교육 서비스업,85,2021,매출액,백만원,122811397,100.0
전 국,보건업 및 사회복지 서비스업,86~87,2021,매출액,백만원,183524716,100.0
전 국,"예술, 스포츠 및 여가관련 서비스업",90~91,2021,매출액,백만원,42515291,100.0
전 국,"협회 및 단체, 수리 및 기타 개인 서비스업",94~96,2021,매출액,백만원,65468786,100.0
서 울,전체 산업,0,2021,매출액,백만원,2242880703,100.0
서 울,"농업, 임업 및 어업",01~03,2021,매출액,백만원,323268,100.0
서 울,광업,05~08,2021,매출액,백만원,48295,100.0
서 울,제조업,10~34,2021,매출액,백만원,64451197,100.0
서 울,"전기, 가스, 증기 및 공기조절 공급업",35,2021,매출액,백만원,15088617,100.0
서 울,"수도, 하수 및 폐기물 처리, 원료 재생업",36~39,2021,매출액,백만원,2029726,100.0
서 울,건설업,41~42,2021,매출액,백만원,191766911,100.0
서 울,도매 및 소매업,45~47,2021,매출액,백만원,613757195,100.0
서 울,운수 및 창고업,49~52,2021,매출액,백만원,99114072,100.0
서 울,숙박 및 음식점업,55~56,2021,매출액,백만원,38247486,100.0
서 울,정보통신업,58~63,2021,매출액,백만원,141347242,100.0
서 울,금융 및 보험업,64~66,2021,매출액,백만원,697133246,100.0
서 울,부동산업,68,2021,매출액,백만원,70154577,100.0
서 울,"전문, 과학 및 기술 서비스업",70~73,2021,매출액,백만원,131761445,100.0
서 울,"사업시설 관리, 사업 지원 및 임대 서비스업",74~76,2021,매출액,백만원,42330689,100.0
서 울,"공공행정, 국방 및 사회보장 행정",84,2021,매출액,백만원,30517170,100.0
서 울,교육 서비스업,85,2021,매출액,백만원,26656618,100.0
서 울,보건업 및 사회복지 서비스업,86~87,2021,매출액,백만원,47014260,100.0
서 울,"예술, 스포츠 및 여가관련 서비스업",90~91,2021,매출액,백만원,11131669,100.0
서 울,"협회 및 단체, 수리 및 기타 개인 서비스업",94~96,2021,매출액,백만원,20007020,100.0
부 산,전체 산업,0,2021,매출액,백만원,347409336,100.0
부 산,"농업, 임업 및 어업",01~03,2021,매출액,백만원,1404281,100.0
부 산,광업,05~08,2021,매출액,백만원,23002,100.0
부 산,제조업,10~34,2021,매출액,백만원,62448313,100.0
부 산,"전기, 가스, 증기 및 공기조절 공급업",35,2021,매출액,백만원,7680973,100.0
부 산,"수도, 하수 및 폐기물 처리, 원료 재생업",36~39,2021,매출액,백만원,1596624,100.0
부 산,건설업,41~42,2021,매출액,백만원,25444830,100.0
부 산,도매 및 소매업,45~47,2021,매출액,백만원,98999421,100.0
부 산,운수 및 창고업,49~52,2021,매출액,백만원,29529090,100.0
부 산,숙박 및 음식점업,55~56,2021,매출액,백만원,9749359,100.0
부 산,정보통신업,58~63,2021,매출액,백만원,4742162,100.0
부 산,금융 및 보험업,64~66,2021,매출액,백만원,39618450,100.0
부 산,부동산업,68,2021,매출액,백만원,15653456,100.0
부 산,"전문, 과학 및 기술 서비스업",70~73,2021,매출액,백만원,8638618,100.0
부 산,"사업시설 관리, 사업 지원 및 임대 서비스업",74~76,2021,매출액,백만원,5650462,100.0
부 산,"공공행정, 국방 및 사회보장 행정",84,2021,매출액,백만원,10035992,100.0
부 산,교육 서비스업,85,2021,매출액,백만원,7169670,100.0
부 산,보건업 및 사회복지 서비스업,86~87,2021,매출액,백만원,13261574,100.0
부 산,"예술, 스포츠 및 여가관련 서비스업",90~91,2021,매출액,백만원,1763661,100.0
부 산,"협회 및 단체, 수리 및 기타 개인 서비스업",94~96,2021,매출액,백만원,3999398,100.0
대 구,전체 산업,0,2021,매출액,백만원,215868161,100.0
대 구,"농업, 임업 및 어업",01~03,2021,매출액,백만원,54845,100.0
대 구,광업,05~08,2021,매출액,백만원,2991,100.0
대 구,제조업,10~34,2021,매출액,백만원,45894871,100.0
대 구,"전기, 가스, 증기 및 공기조절 공급업",35,2021,매출액,백만원,12429598,100.0
대 구,"수도, 하수 및 폐기물 처리, 원료 재생업",36~39,2021,매출액,백만원,1217460,100.0
대 구,건설업,41~42,2021,매출액,백만원,16268453,100.0
대 구,도매 및 소매업,45~47,2021,매출액,백만원,55084498,100.0
대 구,운수 및 창고업,49~52,2021,매출액,백만원,6285284,100.0
대 구,숙박 및 음식점업,55~56,2021,매출액,백만원,5963449,100.0
대 구,정보통신업,58~63,2021,매출액,백만원,4300131,100.0
대 구,금융 및 보험업,64~66,2021,매출액,백만원,23391686,100.0
대 구,부동산업,68,2021,매출액,백만원,9808847,100.0
대 구,"전문, 과학 및 기술 서비스업",70~73,2021,매출액,백만원,5608717,100.0
대 구,"사업시설 관리, 사업 지원 및 임대 서비스업",74~76,2021,매출액,백만원,3594399,100.0
대 구,"공공행정, 국방 및 사회보장 행정",84,2021,매출액,백만원,8009984,100.0
대 구,교육 서비스업,85,2021,매출액,백만원,5039363,100.0
대 구,보건업 및 사회복지 서비스업,86~87,2021,매출액,백만원,9251021,100.0
대 구,"예술, 스포츠 및 여가관련 서비스업",90~91,2021,매출액,백만원,1023768,100.0
대 구,"협회 및 단체, 수리 및 기타 개인 서비스업",94~96,2021,매출액,백만원,2638796,100.0
인 천,전체 산업,0,2021,매출액,백만원,335636557,100.0
인 천,"농업, 임업 및 어업",01~03,2021,매출액,백만원,154665,100.0
인 천,광업,05~08,2021,매출액,백만원,191439,100.0
인 천,제조업,10~34,2021,매출액,백만원,96753561,100.0
인 천,"전기, 가스, 증기 및 공기조절 공급업",35,2021,매출액,백만원,11691534,100.0
인 천,"수도, 하수 및 폐기물 처리, 원료 재생업",36~39,2021,매출액,백만원,2545824,100.0
인 천,건설업,41~42,2021,매출액,백만원,23762357,100.0
인 천,도매 및 소매업,45~47,2021,매출액,백만원,95288282,100.0
인 천,운수 및 창고업,49~52,2021,매출액,백만원,21245738,100.0
인 천,숙박 및 음식점업,55~56,2021,매출액,백만원,8225246,100.0
인 천,정보통신업,58~63,2021,매출액,백만원,2579426,100.0
인 천,금융 및 보험업,64~66,2021,매출액,백만원,17388722,100.0
인 천,부동산업,68,2021,매출액,백만원,15355599,100.0
인 천,"전문, 과학 및 기술 서비스업",70~73,2021,매출액,백만원,7663283,100.0
인 천,"사업시설 관리, 사업 지원 및 임대 서비스업",74~76,2021,매출액,백만원,4609478,100.0
인 천,"공공행정, 국방 및 사회보장 행정",84,2021,매출액,백만원,8434419,100.0
인 천,교육 서비스업,85,2021,매출액,백만원,6077650,100.0
인 천,보건업 및 사회복지 서비스업,86~87,2021,매출액,백만원,9278209,100.0
인 천,"예술, 스포츠 및 여가관련 서비스업",90~91,2021,매출액,백만원,1497533,100.0
인 천,"협회 및 단체, 수리 및 기타 개인 서비스업",94~96,2021,매출액,백만원,2893592,100.0
광 주,전체 산업,0,2021,매출액,백만원,175689830,100.0
광 주,"농업, 임업 및 어업",01~03,2021,매출액,백만원,105377,100.0
광 주,광업,05~08,2021,매출액,백만원,8684,100.0
광 주,제조업,10~34,2021,매출액,백만원,49596738,100.0
광 주,"전기, 가스, 증기 및 공기조절 공급업",35,2021,매출액,백만원,3791463,100.0
광 주,"수도, 하수 및 폐기물 처리, 원료 재생업",36~39,2021,매출액,백만원,843314,100.0
광 주,건설업,41~42,2021,매출액,백만원,24149080,100.0
광 주,도매 및 소매업,45~47,2021,매출액,백만원,35290762,100.0
광 주,운수 및 창고업,49~52,2021,매출액,백만원,5216253,100.0
광 주,숙박 및 음식점업,55~56,2021,매출액,백만원,4015958,100.0
광 주,정보통신업,58~63,2021,매출액,백만원,4151824,100.0
광 주,금융 및 보험업,64~66,2021,매출액,백만원,13996631,100.0
광 주,부동산업,68,2021,매출액,백만원,10997247,100.0
광 주,"전문, 과학 및 기술 서비스업",70~73,2021,매출액,백만원,3074838,100.0
광 주,"사업시설 관리, 사업 지원 및 임대 서비스업",74~76,2021,매출액,백만원,2726710,100.0
광 주,"공공행정, 국방 및 사회보장 행정",84,2021,매출액,백만원,5420473,100.0
광 주,교육 서비스업,85,2021,매출액,백만원,3540459,100.0
광 주,보건업 및 사회복지 서비스업,86~87,2021,매출액,백만원,5988501,100.0
광 주,"예술, 스포츠 및 여가관련 서비스업",90~91,2021,매출액,백만원,897216,100.0
광 주,"협회 및 단체, 수리 및 기타 개인 서비스업",94~96,2021,매출액,백만원,1878302,100.0
대 전,전체 산업,0,2021,매출액,백만원,151895365,100.0
대 전,"농업, 임업 및 어업",01~03,2021,매출액,백만원,80005,100.0
대 전,광업,05~08,2021,매출액,백만원,3829,100.0
대 전,제조업,10~34,2021,매출액,백만원,25339081,100.0
대 전,"전기, 가스, 증기 및 공기조절 공급업",35,2021,매출액,백만원,4691749,100.0
대 전,"수도, 하수 및 폐기물 처리, 원료 재생업",36~39,2021,매출액,백만원,1580141,100.0
대 전,건설업,41~42,2021,매출액,백만원,13774733,100.0
대 전,도매 및 소매업,45~47,2021,매출액,백만원,34806324,100.0
대 전,운수 및 창고업,49~52,2021,매출액,백만원,3908702,100.0
대 전,숙박 및 음식점업,55~56,2021,매출액,백만원,4322900,100.0
대 전,정보통신업,58~63,2021,매출액,백만원,4578751,100.0
대 전,금융 및 보험업,64~66,2021,매출액,백만원,17225087,100.0
대 전,부동산업,68,2021,매출액,백만원,4647486,100.0
대 전,"전문, 과학 및 기술 서비스업",70~73,2021,매출액,백만원,15121813,100.0
대 전,"사업시설 관리, 사업 지원 및 임대 서비스업",74~76,2021,매출액,백만원,3181763,100.0
대 전,"공공행정, 국방 및 사회보장 행정",84,2021,매출액,백만원,6409620,100.0
대 전,교육 서비스업,85,2021,매출액,백만원,3842429,100.0
대 전,보건업 및 사회복지 서비스업,86~87,2021,매출액,백만원,5484499,100.0
대 전,"예술, 스포츠 및 여가관련 서비스업",90~91,2021,매출액,백만원,875537,100.0
대 전,"협회 및 단체, 수리 및 기타 개인 서비스업",94~96,2021,매출액,백만원,2020916,100.0
울 산,전체 산업,0,2021,매출액,백만원,282862685,100.0
울 산,"농업, 임업 및 어업",01~03,2021,매출액,백만원,62831,100.0
울 산,광업,05~08,2021,매출액,백만원,151891,100.0
울 산,제조업,10~34,2021,매출액,백만원,214027463,100.0
울 산,"전기, 가스, 증기 및 공기조절 공급업",35,2021,매출액,백만원,5407389,100.0
울 산,"수도, 하수 및 폐기물 처리, 원료 재생업",36~39,2021,매출액,백만원,738642,100.0
울 산,건설업,41~42,2021,매출액,백만원,7293558,100.0
울 산,도매 및 소매업,45~47,2021,매출액,백만원,17583829,100.0
울 산,운수 및 창고업,49~52,2021,매출액,백만원,5638411,100.0
울 산,숙박 및 음식점업,55~56,2021,매출액,백만원,3279607,100.0
울 산,정보통신업,58~63,2021,매출액,백만원,1001824,100.0
울 산,금융 및 보험업,64~66,2021,매출액,백만원,8201152,100.0
울 산,부동산업,68,2021,매출액,백만원,1913406,100.0
울 산,"전문, 과학 및 기술 서비스업",70~73,2021,매출액,백만원,3548564,100.0
울 산,"사업시설 관리, 사업 지원 및 임대 서비스업",74~76,2021,매출액,백만원,1996540,100.0
울 산,"공공행정, 국방 및 사회보장 행정",84,2021,매출액,백만원,4007297,100.0
울 산,교육 서비스업,85,2021,매출액,백만원,3054640,100.0
울 산,보건업 및 사회복지 서비스업,86~87,2021,매출액,백만원,3457873,100.0
울 산,"예술, 스포츠 및 여가관련 서비스업",90~91,2021,매출액,백만원,523637,100.0
울 산,"협회 및 단체, 수리 및 기타 개인 서비스업",94~96,2021,매출액,백만원,974131,100.0
세 종,전체 산업,0,2021,매출액,백만원,43213337,100.0
세 종,"농업, 임업 및 어업",01~03,2021,매출액,백만원,130951,100.0
세 종,광업,05~08,2021,매출액,백만원,44022,100.0
세 종,제조업,10~34,2021,매출액,백만원,11264012,100.0
세 종,"전기, 가스, 증기 및 공기조절 공급업",35,2021,매출액,백만원,854083,100.0
세 종,"수도, 하수 및 폐기물 처리, 원료 재생업",36~39,2021,매출액,백만원,210298,100.0
세 종,건설업,41~42,2021,매출액,백만원,1908140,100.0
세 종,도매 및 소매업,45~47,2021,매출액,백만원,4669606,100.0
세 종,운수 및 창고업,49~52,2021,매출액,백만원,887757,100.0
세 종,숙박 및 음식점업,55~56,2021,매출액,백만원,949262,100.0
세 종,정보통신업,58~63,2021,매출액,백만원,483218,100.0
세 종,금융 및 보험업,64~66,2021,매출액,백만원,1641497,100.0
세 종,부동산업,68,2021,매출액,백만원,2449500,100.0
세 종,"전문, 과학 및 기술 서비스업",70~73,2021,매출액,백만원,2243306,100.0
세 종,"사업시설 관리, 사업 지원 및 임대 서비스업",74~76,2021,매출액,백만원,432157,100.0
세 종,"공공행정, 국방 및 사회보장 행정",84,2021,매출액,백만원,9704358,100.0
세 종,교육 서비스업,85,2021,매출액,백만원,951405,100.0
세 종,보건업 및 사회복지 서비스업,86~87,2021,매출액,백만원,889758,100.0
세 종,"예술, 스포츠 및 여가관련 서비스업",90~91,2021,매출액,백만원,3104401,100.0
세 종,"협회 및 단체, 수리 및 기타 개인 서비스업",94~96,2021,매출액,백만원,395606,100.0
경 기,전체 산업,0,2021,매출액,백만원,1704841721,100.0
경 기,"농업, 임업 및 어업",01~03,2021,매출액,백만원,2822650,100.0
경 기,광업,05~08,2021,매출액,백만원,858598,100.0
경 기,제조업,10~34,2021,매출액,백만원,645483109,100.0
경 기,"전기, 가스, 증기 및 공기조절 공급업",35,2021,매출액,백만원,31051829,100.0
경 기,"수도, 하수 및 폐기물 처리, 원료 재생업",36~39,2021,매출액,백만원,9651217,100.0
경 기,건설업,41~42,2021,매출액,백만원,92740234,100.0
경 기,도매 및 소매업,45~47,2021,매출액,백만원,377770458,100.0
경 기,운수 및 창고업,49~52,2021,매출액,백만원,64885626,100.0
경 기,숙박 및 음식점업,55~56,2021,매출액,백만원,39297465,100.0
경 기,정보통신업,58~63,2021,매출액,백만원,48599457,100.0
경 기,금융 및 보험업,64~66,2021,매출액,백만원,83567792,100.0
경 기,부동산업,68,2021,매출액,백만원,62676512,100.0
경 기,"전문, 과학 및 기술 서비스업",70~73,2021,매출액,백만원,91658126,100.0
경 기,"사업시설 관리, 사업 지원 및 임대 서비스업",74~76,2021,매출액,백만원,23609875,100.0
경 기,"공공행정, 국방 및 사회보장 행정",84,2021,매출액,백만원,38323171,100.0
경 기,교육 서비스업,85,2021,매출액,백만원,28166885,100.0
경 기,보건업 및 사회복지 서비스업,86~87,2021,매출액,백만원,39282043,100.0
경 기,"예술, 스포츠 및 여가관련 서비스업",90~91,2021,매출액,백만원,9513339,100.0
경 기,"협회 및 단체, 수리 및 기타 개인 서비스업",94~96,2021,매출액,백만원,14883335,100.0
강 원,전체 산업,0,2021,매출액,백만원,124543268,100.0
강 원,"농업, 임업 및 어업",01~03,2021,매출액,백만원,1121571,100.0
강 원,광업,05~08,2021,매출액,백만원,1440665,100.0
강 원,제조업,10~34,2021,매출액,백만원,19501122,100.0
강 원,"전기, 가스, 증기 및 공기조절 공급업",35,2021,매출액,백만원,8126225,100.0
강 원,"수도, 하수 및 폐기물 처리, 원료 재생업",36~39,2021,매출액,백만원,1156345,100.0
강 원,건설업,41~42,2021,매출액,백만원,10503504,100.0
강 원,도매 및 소매업,45~47,2021,매출액,백만원,24474186,100.0
강 원,운수 및 창고업,49~52,2021,매출액,백만원,4349554,100.0
강 원,숙박 및 음식점업,55~56,2021,매출액,백만원,6476686,100.0
강 원,정보통신업,58~63,2021,매출액,백만원,1826877,100.0
강 원,금융 및 보험업,64~66,2021,매출액,백만원,11620227,100.0
강 원,부동산업,68,2021,매출액,백만원,3435850,100.0
강 원,"전문, 과학 및 기술 서비스업",70~73,2021,매출액,백만원,2832191,100.0
강 원,"사업시설 관리, 사업 지원 및 임대 서비스업",74~76,2021,매출액,백만원,2094522,100.0
강 원,"공공행정, 국방 및 사회보장 행정",84,2021,매출액,백만원,12199326,100.0
강 원,교육 서비스업,85,2021,매출액,백만원,4079190,100.0
강 원,보건업 및 사회복지 서비스업,86~87,2021,매출액,백만원,5035725,100.0
강 원,"예술, 스포츠 및 여가관련 서비스업",90~91,2021,매출액,백만원,2455203,100.0
강 원,"협회 및 단체, 수리 및 기타 개인 서비스업",94~96,2021,매출액,백만원,1814299,100.0
충 북,전체 산업,0,2021,매출액,백만원,237093905,100.0
충 북,"농업, 임업 및 어업",01~03,2021,매출액,백만원,1579068,100.0
충 북,광업,05~08,2021,매출액,백만원,417268,100.0
충 북,제조업,10~34,2021,매출액,백만원,133619220,100.0
충 북,"전기, 가스, 증기 및 공기조절 공급업",35,2021,매출액,백만원,3592335,100.0
충 북,"수도, 하수 및 폐기물 처리, 원료 재생업",36~39,2021,매출액,백만원,1895103,100.0
충 북,건설업,41~42,2021,매출액,백만원,11627399,100.0
충 북,도매 및 소매업,45~47,2021,매출액,백만원,28535447,100.0
충 북,운수 및 창고업,49~52,2021,매출액,백만원,6981204,100.0
충 북,숙박 및 음식점업,55~56,2021,매출액,백만원,5114234,100.0
충 북,정보통신업,58~63,2021,매출액,백만원,1868803,100.0
충 북,금융 및 보험업,64~66,2021,매출액,백만원,10893447,100.0
충 북,부동산업,68,2021,매출액,백만원,3786655,100.0
충 북,"전문, 과학 및 기술 서비스업",70~73,2021,매출액,백만원,3187860,100.0
충 북,"사업시설 관리, 사업 지원 및 임대 서비스업",74~76,2021,매출액,백만원,3234114,100.0
충 북,"공공행정, 국방 및 사회보장 행정",84,2021,매출액,백만원,8637778,100.0
충 북,교육 서비스업,85,2021,매출액,백만원,4124753,100.0
충 북,보건업 및 사회복지 서비스업,86~87,2021,매출액,백만원,5057178,100.0
충 북,"예술, 스포츠 및 여가관련 서비스업",90~91,2021,매출액,백만원,1279851,100.0
충 북,"협회 및 단체, 수리 및 기타 개인 서비스업",94~96,2021,매출액,백만원,1662188,100.0
충 남,전체 산업,0,2021,매출액,백만원,396511931,100.0
충 남,"농업, 임업 및 어업",01~03,2021,매출액,백만원,2937320,100.0
충 남,광업,05~08,2021,매출액,백만원,379264,100.0
충 남,제조업,10~34,2021,매출액,백만원,249964398,100.0
충 남,"전기, 가스, 증기 및 공기조절 공급업",35,2021,매출액,백만원,15836511,100.0
충 남,"수도, 하수 및 폐기물 처리, 원료 재생업",36~39,2021,매출액,백만원,2085428,100.0
충 남,건설업,41~42,2021,매출액,백만원,15134724,100.0
충 남,도매 및 소매업,45~47,2021,매출액,백만원,40048771,100.0
충 남,운수 및 창고업,49~52,2021,매출액,백만원,10933500,100.0
충 남,숙박 및 음식점업,55~56,2021,매출액,백만원,6836574,100.0
충 남,정보통신업,58~63,2021,매출액,백만원,1823262,100.0
충 남,금융 및 보험업,64~66,2021,매출액,백만원,13642726,100.0
충 남,부동산업,68,2021,매출액,백만원,3846662,100.0
충 남,"전문, 과학 및 기술 서비스업",70~73,2021,매출액,백만원,4068479,100.0
충 남,"사업시설 관리, 사업 지원 및 임대 서비스업",74~76,2021,매출액,백만원,3507470,100.0
충 남,"공공행정, 국방 및 사회보장 행정",84,2021,매출액,백만원,9958006,100.0
충 남,교육 서비스업,85,2021,매출액,백만원,5596121,100.0
충 남,보건업 및 사회복지 서비스업,86~87,2021,매출액,백만원,6590728,100.0
충 남,"예술, 스포츠 및 여가관련 서비스업",90~91,2021,매출액,백만원,1231695,100.0
충 남,"협회 및 단체, 수리 및 기타 개인 서비스업",94~96,2021,매출액,백만원,2090292,100.0
전 북,전체 산업,0,2021,매출액,백만원,172615293,100.0
전 북,"농업, 임업 및 어업",01~03,2021,매출액,백만원,2765183,100.0
전 북,광업,05~08,2021,매출액,백만원,255717,100.0
전 북,제조업,10~34,2021,매출액,백만원,56709620,100.0
전 북,"전기, 가스, 증기 및 공기조절 공급업",35,2021,매출액,백만원,6081369,100.0
전 북,"수도, 하수 및 폐기물 처리, 원료 재생업",36~39,2021,매출액,백만원,1519828,100.0
전 북,건설업,41~42,2021,매출액,백만원,12890319,100.0
전 북,도매 및 소매업,45~47,2021,매출액,백만원,31320349,100.0
전 북,운수 및 창고업,49~52,2021,매출액,백만원,5049469,100.0
전 북,숙박 및 음식점업,55~56,2021,매출액,백만원,4704449,100.0
전 북,정보통신업,58~63,2021,매출액,백만원,1571266,100.0
전 북,금융 및 보험업,64~66,2021,매출액,백만원,14935197,100.0
전 북,부동산업,68,2021,매출액,백만원,2760223,100.0
전 북,"전문, 과학 및 기술 서비스업",70~73,2021,매출액,백만원,4050437,100.0
전 북,"사업시설 관리, 사업 지원 및 임대 서비스업",74~76,2021,매출액,백만원,1740505,100.0
전 북,"공공행정, 국방 및 사회보장 행정",84,2021,매출액,백만원,11129548,100.0
전 북,교육 서비스업,85,2021,매출액,백만원,5686780,100.0
전 북,보건업 및 사회복지 서비스업,86~87,2021,매출액,백만원,6446382,100.0
전 북,"예술, 스포츠 및 여가관련 서비스업",90~91,2021,매출액,백만원,1105634,100.0
전 북,"협회 및 단체, 수리 및 기타 개인 서비스업",94~96,2021,매출액,백만원,1893018,100.0
전 남,전체 산업,0,2021,매출액,백만원,275397236,100.0
전 남,"농업, 임업 및 어업",01~03,2021,매출액,백만원,3125680,100.0
전 남,광업,05~08,2021,매출액,백만원,356153,100.0
전 남,제조업,10~34,2021,매출액,백만원,140563761,100.0
전 남,"전기, 가스, 증기 및 공기조절 공급업",35,2021,매출액,백만원,13369091,100.0
전 남,"수도, 하수 및 폐기물 처리, 원료 재생업",36~39,2021,매출액,백만원,1731581,100.0
전 남,건설업,41~42,2021,매출액,백만원,18270411,100.0
전 남,도매 및 소매업,45~47,2021,매출액,백만원,30695786,100.0
전 남,운수 및 창고업,49~52,2021,매출액,백만원,10148595,100.0
전 남,숙박 및 음식점업,55~56,2021,매출액,백만원,5074863,100.0
전 남,정보통신업,58~63,2021,매출액,백만원,2720685,100.0
전 남,금융 및 보험업,64~66,2021,매출액,백만원,13600304,100.0
전 남,부동산업,68,2021,매출액,백만원,2896022,100.0
전 남,"전문, 과학 및 기술 서비스업",70~73,2021,매출액,백만원,3433632,100.0
전 남,"사업시설 관리, 사업 지원 및 임대 서비스업",74~76,2021,매출액,백만원,2573953,100.0
전 남,"공공행정, 국방 및 사회보장 행정",84,2021,매출액,백만원,13264221,100.0
전 남,교육 서비스업,85,2021,매출액,백만원,3780989,100.0
전 남,보건업 및 사회복지 서비스업,86~87,2021,매출액,백만원,6633384,100.0
전 남,"예술, 스포츠 및 여가관련 서비스업",90~91,2021,매출액,백만원,1317177,100.0
전 남,"협회 및 단체, 수리 및 기타 개인 서비스업",94~96,2021,매출액,백만원,1840948,100.0
경 북,전체 산업,0,2021,매출액,백만원,346626548,100.0
경 북,"농업, 임업 및 어업",01~03,2021,매출액,백만원,2003265,100.0
경 북,광업,05~08,2021,매출액,백만원,364865,100.0
경 북,제조업,10~34,2021,매출액,백만원,186739870,100.0
경 북,"전기, 가스, 증기 및 공기조절 공급업",35,2021,매출액,백만원,11894107,100.0
경 북,"수도, 하수 및 폐기물 처리, 원료 재생업",36~39,2021,매출액,백만원,3643541,100.0
경 북,건설업,41~42,2021,매출액,백만원,16216402,100.0
경 북,도매 및 소매업,45~47,2021,매출액,백만원,44586514,100.0
경 북,운수 및 창고업,49~52,2021,매출액,백만원,11711314,100.0
경 북,숙박 및 음식점업,55~56,2021,매출액,백만원,7489884,100.0
경 북,정보통신업,58~63,2021,매출액,백만원,2108296,100.0
경 북,금융 및 보험업,64~66,2021,매출액,백만원,16510347,100.0
경 북,부동산업,68,2021,매출액,백만원,3001905,100.0
경 북,"전문, 과학 및 기술 서비스업",70~73,2021,매출액,백만원,6228339,100.0
경 북,"사업시설 관리, 사업 지원 및 임대 서비스업",74~76,2021,매출액,백만원,3085382,100.0
경 북,"공공행정, 국방 및 사회보장 행정",84,2021,매출액,백만원,13273237,100.0
경 북,교육 서비스업,85,2021,매출액,백만원,6417721,100.0
경 북,보건업 및 사회복지 서비스업,86~87,2021,매출액,백만원,7342057,100.0
경 북,"예술, 스포츠 및 여가관련 서비스업",90~91,2021,매출액,백만원,1764025,100.0
경 북,"협회 및 단체, 수리 및 기타 개인 서비스업",94~96,2021,매출액,백만원,2245477,100.0
경 남,전체 산업,0,2021,매출액,백만원,364264966,100.0
경 남,"농업, 임업 및 어업",01~03,2021,매출액,백만원,1490828,100.0
경 남,광업,05~08,2021,매출액,백만원,214977,100.0
경 남,제조업,10~34,2021,매출액,백만원,165726088,100.0
경 남,"전기, 가스, 증기 및 공기조절 공급업",35,2021,매출액,백만원,11506366,100.0
경 남,"수도, 하수 및 폐기물 처리, 원료 재생업",36~39,2021,매출액,백만원,2889364,100.0
경 남,건설업,41~42,2021,매출액,백만원,18498996,100.0
경 남,도매 및 소매업,45~47,2021,매출액,백만원,59247596,100.0
경 남,운수 및 창고업,49~52,2021,매출액,백만원,13720000,100.0
경 남,숙박 및 음식점업,55~56,2021,매출액,백만원,9072804,100.0
경 남,정보통신업,58~63,2021,매출액,백만원,2902797,100.0
경 남,금융 및 보험업,64~66,2021,매출액,백만원,22946223,100.0
경 남,부동산업,68,2021,매출액,백만원,12040724,100.0
경 남,"전문, 과학 및 기술 서비스업",70~73,2021,매출액,백만원,5014939,100.0
경 남,"사업시설 관리, 사업 지원 및 임대 서비스업",74~76,2021,매출액,백만원,3728666,100.0
경 남,"공공행정, 국방 및 사회보장 행정",84,2021,매출액,백만원,12955262,100.0
경 남,교육 서비스업,85,2021,매출액,백만원,6946802,100.0
경 남,보건업 및 사회복지 서비스업,86~87,2021,매출액,백만원,10378296,100.0
경 남,"예술, 스포츠 및 여가관련 서비스업",90~91,2021,매출액,백만원,1795167,100.0
경 남,"협회 및 단체, 수리 및 기타 개인 서비스업",94~96,2021,매출액,백만원,3189071,100.0
제 주,전체 산업,0,2021,매출액,백만원,56732642,100.0
제 주,"농업, 임업 및 어업",01~03,2021,매출액,백만원,835527,100.0
제 주,광업,05~08,2021,매출액,백만원,46808,100.0
제 주,제조업,10~34,2021,매출액,백만원,3157682,100.0
제 주,"전기, 가스, 증기 및 공기조절 공급업",35,2021,매출액,백만원,2714894,100.0
제 주,"수도, 하수 및 폐기물 처리, 원료 재생업",36~39,2021,매출액,백만원,314425,100.0
제 주,건설업,41~42,2021,매출액,백만원,5018183,100.0
제 주,도매 및 소매업,45~47,2021,매출액,백만원,14128916,100.0
제 주,운수 및 창고업,49~52,2021,매출액,백만원,1936139,100.0
제 주,숙박 및 음식점업,55~56,2021,매출액,백만원,4264733,100.0
제 주,정보통신업,58~63,2021,매출액,백만원,1468187,100.0
제 주,금융 및 보험업,64~66,2021,매출액,백만원,7001862,100.0
제 주,부동산업,68,2021,매출액,백만원,2164277,100.0
제 주,"전문, 과학 및 기술 서비스업",70~73,2021,매출액,백만원,1090087,100.0
제 주,"사업시설 관리, 사업 지원 및 임대 서비스업",74~76,2021,매출액,백만원,1729118,100.0
제 주,"공공행정, 국방 및 사회보장 행정",84,2021,매출액,백만원,4770479,100.0
제 주,교육 서비스업,85,2021,매출액,백만원,1679922,100.0
제 주,보건업 및 사회복지 서비스업,86~87,2021,매출액,백만원,2133228,100.0
제 주,"예술, 스포츠 및 여가관련 서비스업",90~91,2021,매출액,백만원,1235778,100.0
제 주,"협회 및 단체, 수리 및 기타 개인 서비스업",94~96,2021,매출액,백만원,1042397,100.0
전 국,전체 산업,0,2022,사업체수,개,6139899,100.99
전 국,"농업, 임업 및 어업",01~03,2022,사업체수,개,13102,102.56
전 국,광업,05~08,2022,사업체수,개,1936,92.02
전 국,제조업,10~34,2022,사업체수,개,586532,101.29
전 국,"전기, 가스, 증기 및 공기조절 공급업",35,2022,사업체수,개,91286,103.13
전 국,"수도, 하수 및 폐기물 처리, 원료 재생업",36~39,2022,사업체수,개,13756,103.46
전 국,건설업,41~42,2022,사업체수,개,494228,101.89
전 국,도매 및 소매업,45~47,2022,사업체수,개,1519506,98.91
전 국,운수 및 창고업,49~52,2022,사업체수,개,644407,104.53
전 국,숙박 및 음식점업,55~56,2022,사업체수,개,858593,99.49
전 국,정보통신업,58~63,2022,사업체수,개,127974,105.99
전 국,금융 및 보험업,64~66,2022,사업체수,개,64560,100.82
전 국,부동산업,68,2022,사업체수,개,290074,101.44
전 국,"전문, 과학 및 기술 서비스업",70~73,2022,사업체수,개,226569,101.4
전 국,"사업시설 관리, 사업 지원 및 임대 서비스업",74~76,2022,사업체수,개,138183,97.02
전 국,"공공행정, 국방 및 사회보장 행정",84,2022,사업체수,개,13132,100.61
전 국,교육 서비스업,85,2022,사업체수,개,256060,102.74
전 국,보건업 및 사회복지 서비스업,86~87,2022,사업체수,개,167062,102.94
전 국,"예술, 스포츠 및 여가관련 서비스업",90~91,2022,사업체수,개,144915,101.08
전 국,"협회 및 단체, 수리 및 기타 개인 서비스업",94~96,2022,사업체수,개,488024,101.97
서 울,전체 산업,0,2022,사업체수,개,1180025,99.32
서 울,"농업, 임업 및 어업",01~03,2022,사업체수,개,141,91.56
서 울,광업,05~08,2022,사업체수,개,26,104.0
서 울,제조업,10~34,2022,사업체수,개,75641,98.4
서 울,"전기, 가스, 증기 및 공기조절 공급업",35,2022,사업체수,개,653,95.61
서 울,"수도, 하수 및 폐기물 처리, 원료 재생업",36~39,2022,사업체수,개,764,106.11
서 울,건설업,41~42,2022,사업체수,개,66868,99.24
서 울,도매 및 소매업,45~47,2022,사업체수,개,324613,96.66
서 울,운수 및 창고업,49~52,2022,사업체수,개,118073,107.01
서 울,숙박 및 음식점업,55~56,2022,사업체수,개,139173,98.23
서 울,정보통신업,58~63,2022,사업체수,개,59783,103.76
서 울,금융 및 보험업,64~66,2022,사업체수,개,24627,105.87
서 울,부동산업,68,2022,사업체수,개,72058,98.73
서 울,"전문, 과학 및 기술 서비스업",70~73,2022,사업체수,개,81166,98.5
서 울,"사업시설 관리, 사업 지원 및 임대 서비스업",74~76,2022,사업체수,개,29595,94.07
서 울,"공공행정, 국방 및 사회보장 행정",84,2022,사업체수,개,1365,99.71
서 울,교육 서비스업,85,2022,사업체수,개,47002,100.31
서 울,보건업 및 사회복지 서비스업,86~87,2022,사업체수,개,32319,101.42
서 울,"예술, 스포츠 및 여가관련 서비스업",90~91,2022,사업체수,개,28242,98.33
서 울,"협회 및 단체, 수리 및 기타 개인 서비스업",94~96,2022,사업체수,개,77916,100.04
부 산,전체 산업,0,2022,사업체수,개,400565,99.83
부 산,"농업, 임업 및 어업",01~03,2022,사업체수,개,152,92.68
부 산,광업,05~08,2022,사업체수,개,16,80.0
부 산,제조업,10~34,2022,사업체수,개,38067,99.9
부 산,"전기, 가스, 증기 및 공기조절 공급업",35,2022,사업체수,개,301,100.67
부 산,"수도, 하수 및 폐기물 처리, 원료 재생업",36~39,2022,사업체수,개,681,107.08
부 산,건설업,41~42,2022,사업체수,개,26465,101.0
부 산,도매 및 소매업,45~47,2022,사업체수,개,108084,98.16
부 산,운수 및 창고업,49~52,2022,사업체수,개,49937,100.35
부 산,숙박 및 음식점업,55~56,2022,사업체수,개,56687,99.13
부 산,정보통신업,58~63,2022,사업체수,개,4376,106.45
부 산,금융 및 보험업,64~66,2022,사업체수,개,3812,95.75
부 산,부동산업,68,2022,사업체수,개,21414,102.11
부 산,"전문, 과학 및 기술 서비스업",70~73,2022,사업체수,개,12707,100.58
부 산,"사업시설 관리, 사업 지원 및 임대 서비스업",74~76,2022,사업체수,개,9083,97.64
부 산,"공공행정, 국방 및 사회보장 행정",84,2022,사업체수,개,728,100.69
부 산,교육 서비스업,85,2022,사업체수,개,16472,102.7
부 산,보건업 및 사회복지 서비스업,86~87,2022,사업체수,개,10719,104.15
부 산,"예술, 스포츠 및 여가관련 서비스업",90~91,2022,사업체수,개,8177,99.87
부 산,"협회 및 단체, 수리 및 기타 개인 서비스업",94~96,2022,사업체수,개,32687,100.5
대 구,전체 산업,0,2022,사업체수,개,279223,99.79
대 구,"농업, 임업 및 어업",01~03,2022,사업체수,개,58,100.0
대 구,광업,05~08,2022,사업체수,개,9,100.0
대 구,제조업,10~34,2022,사업체수,개,32445,99.25
대 구,"전기, 가스, 증기 및 공기조절 공급업",35,2022,사업체수,개,705,108.29
대 구,"수도, 하수 및 폐기물 처리, 원료 재생업",36~39,2022,사업체수,개,484,103.64
대 구,건설업,41~42,2022,사업체수,개,19535,100.73
대 구,도매 및 소매업,45~47,2022,사업체수,개,72840,98.33
대 구,운수 및 창고업,49~52,2022,사업체수,개,31605,101.71
대 구,숙박 및 음식점업,55~56,2022,사업체수,개,37517,98.43
대 구,정보통신업,58~63,2022,사업체수,개,3009,107.01
대 구,금융 및 보험업,64~66,2022,사업체수,개,2711,97.2
대 구,부동산업,68,2022,사업체수,개,12522,99.33
대 구,"전문, 과학 및 기술 서비스업",70~73,2022,사업체수,개,8293,99.93
대 구,"사업시설 관리, 사업 지원 및 임대 서비스업",74~76,2022,사업체수,개,5319,96.29
대 구,"공공행정, 국방 및 사회보장 행정",84,2022,사업체수,개,472,100.85
대 구,교육 서비스업,85,2022,사업체수,개,13461,102.7
대 구,보건업 및 사회복지 서비스업,86~87,2022,사업체수,개,7928,103.46
대 구,"예술, 스포츠 및 여가관련 서비스업",90~91,2022,사업체수,개,6361,99.95
대 구,"협회 및 단체, 수리 및 기타 개인 서비스업",94~96,2022,사업체수,개,23949,101.36
인 천,전체 산업,0,2022,사업체수,개,317133,102.67
인 천,"농업, 임업 및 어업",01~03,2022,사업체수,개,129,97.73
인 천,광업,05~08,2022,사업체수,개,35,100.0
인 천,제조업,10~34,2022,사업체수,개,33961,101.15
인 천,"전기, 가스, 증기 및 공기조절 공급업",35,2022,사업체수,개,416,94.12
인 천,"수도, 하수 및 폐기물 처리, 원료 재생업",36~39,2022,사업체수,개,807,107.6
인 천,건설업,41~42,2022,사업체수,개,25578,102.4
인 천,도매 및 소매업,45~47,2022,사업체수,개,80224,102.1
인 천,운수 및 창고업,49~52,2022,사업체수,개,41236,106.37
인 천,숙박 및 음식점업,55~56,2022,사업체수,개,42097,100.83
인 천,정보통신업,58~63,2022,사업체수,개,4704,112.16
인 천,금융 및 보험업,64~66,2022,사업체수,개,2329,98.48
인 천,부동산업,68,2022,사업체수,개,15081,102.75
인 천,"전문, 과학 및 기술 서비스업",70~73,2022,사업체수,개,8960,102.73
인 천,"사업시설 관리, 사업 지원 및 임대 서비스업",74~76,2022,사업체수,개,7466,98.72
인 천,"공공행정, 국방 및 사회보장 행정",84,2022,사업체수,개,520,102.16
인 천,교육 서비스업,85,2022,사업체수,개,12365,106.19
인 천,보건업 및 사회복지 서비스업,86~87,2022,사업체수,개,8571,104.14
인 천,"예술, 스포츠 및 여가관련 서비스업",90~91,2022,사업체수,개,8047,102.24
인 천,"협회 및 단체, 수리 및 기타 개인 서비스업",94~96,2022,사업체수,개,24607,102.06
광 주,전체 산업,0,2022,사업체수,개,170894,99.95
광 주,"농업, 임업 및 어업",01~03,2022,사업체수,개,111,96.52
광 주,광업,05~08,2022,사업체수,개,14,127.27
광 주,제조업,10~34,2022,사업체수,개,11661,100.77
광 주,"전기, 가스, 증기 및 공기조절 공급업",35,2022,사업체수,개,1607,93.92
광 주,"수도, 하수 및 폐기물 처리, 원료 재생업",36~39,2022,사업체수,개,256,102.4
광 주,건설업,41~42,2022,사업체수,개,16026,101.63
광 주,도매 및 소매업,45~47,2022,사업체수,개,42436,98.25
광 주,운수 및 창고업,49~52,2022,사업체수,개,19354,101.94
광 주,숙박 및 음식점업,55~56,2022,사업체수,개,21995,97.64
광 주,정보통신업,58~63,2022,사업체수,개,1949,107.09
광 주,금융 및 보험업,64~66,2022,사업체수,개,1988,98.76
광 주,부동산업,68,2022,사업체수,개,9265,99.28
광 주,"전문, 과학 및 기술 서비스업",70~73,2022,사업체수,개,5923,102.79
광 주,"사업시설 관리, 사업 지원 및 임대 서비스업",74~76,2022,사업체수,개,4008,99.98
광 주,"공공행정, 국방 및 사회보장 행정",84,2022,사업체수,개,289,101.05
광 주,교육 서비스업,85,2022,사업체수,개,8064,101.05
광 주,보건업 및 사회복지 서비스업,86~87,2022,사업체수,개,5469,102.88
광 주,"예술, 스포츠 및 여가관련 서비스업",90~91,2022,사업체수,개,4492,97.0
광 주,"협회 및 단체, 수리 및 기타 개인 서비스업",94~96,2022,사업체수,개,15987,101.89
대 전,전체 산업,0,2022,사업체수,개,164664,100.35
대 전,"농업, 임업 및 어업",01~03,2022,사업체수,개,90,93.75
대 전,광업,05~08,2022,사업체수,개,8,80.0
대 전,제조업,10~34,2022,사업체수,개,11151,100.94
대 전,"전기, 가스, 증기 및 공기조절 공급업",35,2022,사업체수,개,405,89.01
대 전,"수도, 하수 및 폐기물 처리, 원료 재생업",36~39,2022,사업체수,개,223,96.96
대 전,건설업,41~42,2022,사업체수,개,13411,102.02
대 전,도매 및 소매업,45~47,2022,사업체수,개,43400,98.65
대 전,운수 및 창고업,49~52,2022,사업체수,개,18358,101.99
대 전,숙박 및 음식점업,55~56,2022,사업체수,개,23150,99.11
대 전,정보통신업,58~63,2022,사업체수,개,3235,111.63
대 전,금융 및 보험업,64~66,2022,사업체수,개,1645,97.86
대 전,부동산업,68,2022,사업체수,개,7240,99.22
대 전,"전문, 과학 및 기술 서비스업",70~73,2022,사업체수,개,5826,100.34
대 전,"사업시설 관리, 사업 지원 및 임대 서비스업",74~76,2022,사업체수,개,3850,97.37
대 전,"공공행정, 국방 및 사회보장 행정",84,2022,사업체수,개,290,99.32
대 전,교육 서비스업,85,2022,사업체수,개,7515,101.8
대 전,보건업 및 사회복지 서비스업,86~87,2022,사업체수,개,5236,101.85
대 전,"예술, 스포츠 및 여가관련 서비스업",90~91,2022,사업체수,개,4291,100.96
대 전,"협회 및 단체, 수리 및 기타 개인 서비스업",94~96,2022,사업체수,개,15340,101.85
울 산,전체 산업,0,2022,사업체수,개,115784,100.33
울 산,"농업, 임업 및 어업",01~03,2022,사업체수,개,115,113.86
울 산,광업,05~08,2022,사업체수,개,17,106.25
울 산,제조업,10~34,2022,사업체수,개,10282,102.56
울 산,"전기, 가스, 증기 및 공기조절 공급업",35,2022,사업체수,개,273,103.41
울 산,"수도, 하수 및 폐기물 처리, 원료 재생업",36~39,2022,사업체수,개,322,102.55
울 산,건설업,41~42,2022,사업체수,개,10092,101.64
울 산,도매 및 소매업,45~47,2022,사업체수,개,26422,101.61
울 산,운수 및 창고업,49~52,2022,사업체수,개,11888,94.19
울 산,숙박 및 음식점업,55~56,2022,사업체수,개,20233,98.61
울 산,정보통신업,58~63,2022,사업체수,개,858,111.0
울 산,금융 및 보험업,64~66,2022,사업체수,개,1083,96.44
울 산,부동산업,68,2022,사업체수,개,4840,98.53
울 산,"전문, 과학 및 기술 서비스업",70~73,2022,사업체수,개,3241,102.69
울 산,"사업시설 관리, 사업 지원 및 임대 서비스업",74~76,2022,사업체수,개,2608,96.84
울 산,"공공행정, 국방 및 사회보장 행정",84,2022,사업체수,개,217,98.19
울 산,교육 서비스업,85,2022,사업체수,개,6080,102.88
울 산,보건업 및 사회복지 서비스업,86~87,2022,사업체수,개,3157,101.64
울 산,"예술, 스포츠 및 여가관련 서비스업",90~91,2022,사업체수,개,3209,102.1
울 산,"협회 및 단체, 수리 및 기타 개인 서비스업",94~96,2022,사업체수,개,10847,102.53
세 종,전체 산업,0,2022,사업체수,개,33076,108.52
세 종,"농업, 임업 및 어업",01~03,2022,사업체수,개,88,101.15
세 종,광업,05~08,2022,사업체수,개,7,87.5
세 종,제조업,10~34,2022,사업체수,개,1949,105.87
세 종,"전기, 가스, 증기 및 공기조절 공급업",35,2022,사업체수,개,375,108.07
세 종,"수도, 하수 및 폐기물 처리, 원료 재생업",36~39,2022,사업체수,개,105,103.96
세 종,건설업,41~42,2022,사업체수,개,2276,102.8
세 종,도매 및 소매업,45~47,2022,사업체수,개,7079,112.19
세 종,운수 및 창고업,49~52,2022,사업체수,개,2476,111.03
세 종,숙박 및 음식점업,55~56,2022,사업체수,개,4804,104.82
세 종,정보통신업,58~63,2022,사업체수,개,859,121.33
세 종,금융 및 보험업,64~66,2022,사업체수,개,267,104.71
세 종,부동산업,68,2022,사업체수,개,2841,103.5
세 종,"전문, 과학 및 기술 서비스업",70~73,2022,사업체수,개,1396,112.85
세 종,"사업시설 관리, 사업 지원 및 임대 서비스업",74~76,2022,사업체수,개,848,108.44
세 종,"공공행정, 국방 및 사회보장 행정",84,2022,사업체수,개,169,102.42
세 종,교육 서비스업,85,2022,사업체수,개,2947,111.59
세 종,보건업 및 사회복지 서비스업,86~87,2022,사업체수,개,1099,108.17
세 종,"예술, 스포츠 및 여가관련 서비스업",90~91,2022,사업체수,개,959,110.23
세 종,"협회 및 단체, 수리 및 기타 개인 서비스업",94~96,2022,사업체수,개,2532,108.3
경 기,전체 산업,0,2022,사업체수,개,1514951,102.29
경 기,"농업, 임업 및 어업",01~03,2022,사업체수,개,1691,102.55
경 기,광업,05~08,2022,사업체수,개,110,94.83
경 기,제조업,10~34,2022,사업체수,개,187354,101.58
경 기,"전기, 가스, 증기 및 공기조절 공급업",35,2022,사업체수,개,5759,94.56
경 기,"수도, 하수 및 폐기물 처리, 원료 재생업",36~39,2022,사업체수,개,3637,102.8
경 기,건설업,41~42,2022,사업체수,개,115819,101.7
경 기,도매 및 소매업,45~47,2022,사업체수,개,377002,100.16
경 기,운수 및 창고업,49~52,2022,사업체수,개,168257,107.99
경 기,숙박 및 음식점업,55~56,2022,사업체수,개,182176,100.51
경 기,정보통신업,58~63,2022,사업체수,개,34324,108.89
경 기,금융 및 보험업,64~66,2022,사업체수,개,10062,98.1
경 기,부동산업,68,2022,사업체수,개,83322,104.06
경 기,"전문, 과학 및 기술 서비스업",70~73,2022,사업체수,개,55452,104.51
경 기,"사업시설 관리, 사업 지원 및 임대 서비스업",74~76,2022,사업체수,개,35053,97.02
경 기,"공공행정, 국방 및 사회보장 행정",84,2022,사업체수,개,2038,101.7
경 기,교육 서비스업,85,2022,사업체수,개,67454,104.4
경 기,보건업 및 사회복지 서비스업,86~87,2022,사업체수,개,39559,103.38
경 기,"예술, 스포츠 및 여가관련 서비스업",90~91,2022,사업체수,개,36601,102.35
경 기,"협회 및 단체, 수리 및 기타 개인 서비스업",94~96,2022,사업체수,개,109281,102.9
강 원,전체 산업,0,2022,사업체수,개,203375,101.5
강 원,"농업, 임업 및 어업",01~03,2022,사업체수,개,946,98.13
강 원,광업,05~08,2022,사업체수,개,216,100.93
강 원,제조업,10~34,2022,사업체수,개,10805,101.15
강 원,"전기, 가스, 증기 및 공기조절 공급업",35,2022,사업체수,개,5886,107.9
강 원,"수도, 하수 및 폐기물 처리, 원료 재생업",36~39,2022,사업체수,개,663,103.92
강 원,건설업,41~42,2022,사업체수,개,24845,103.33
강 원,도매 및 소매업,45~47,2022,사업체수,개,44195,99.95
강 원,운수 및 창고업,49~52,2022,사업체수,개,15328,103.76
강 원,숙박 및 음식점업,55~56,2022,사업체수,개,43293,100.4
강 원,정보통신업,58~63,2022,사업체수,개,1738,81.44
강 원,금융 및 보험업,64~66,2022,사업체수,개,1810,98.96
강 원,부동산업,68,2022,사업체수,개,6144,103.92
강 원,"전문, 과학 및 기술 서비스업",70~73,2022,사업체수,개,4714,105.65
강 원,"사업시설 관리, 사업 지원 및 임대 서비스업",74~76,2022,사업체수,개,4312,100.07
강 원,"공공행정, 국방 및 사회보장 행정",84,2022,사업체수,개,824,100.73
강 원,교육 서비스업,85,2022,사업체수,개,7798,102.4
강 원,보건업 및 사회복지 서비스업,86~87,2022,사업체수,개,5518,102.89
강 원,"예술, 스포츠 및 여가관련 서비스업",90~91,2022,사업체수,개,5451,101.19
강 원,"협회 및 단체, 수리 및 기타 개인 서비스업",94~96,2022,사업체수,개,18889,102.5
충 북,전체 산업,0,2022,사업체수,개,197158,101.33
충 북,"농업, 임업 및 어업",01~03,2022,사업체수,개,866,103.96
충 북,광업,05~08,2022,사업체수,개,116,102.65
충 북,제조업,10~34,2022,사업체수,개,19318,103.62
충 북,"전기, 가스, 증기 및 공기조절 공급업",35,2022,사업체수,개,6530,103.29
충 북,"수도, 하수 및 폐기물 처리, 원료 재생업",36~39,2022,사업체수,개,704,102.03
충 북,건설업,41~42,2022,사업체수,개,21012,101.93
충 북,도매 및 소매업,45~47,2022,사업체수,개,43004,98.36
충 북,운수 및 창고업,49~52,2022,사업체수,개,19938,103.41
충 북,숙박 및 음식점업,55~56,2022,사업체수,개,31367,99.75
충 북,정보통신업,58~63,2022,사업체수,개,1541,109.91
충 북,금융 및 보험업,64~66,2022,사업체수,개,1510,98.56
충 북,부동산업,68,2022,사업체수,개,6630,102.05
충 북,"전문, 과학 및 기술 서비스업",70~73,2022,사업체수,개,4610,104.02
충 북,"사업시설 관리, 사업 지원 및 임대 서비스업",74~76,2022,사업체수,개,4660,99.55
충 북,"공공행정, 국방 및 사회보장 행정",84,2022,사업체수,개,577,100.7
충 북,교육 서비스업,85,2022,사업체수,개,7141,102.79
충 북,보건업 및 사회복지 서비스업,86~87,2022,사업체수,개,5385,103.14
충 북,"예술, 스포츠 및 여가관련 서비스업",90~91,2022,사업체수,개,4929,101.67
충 북,"협회 및 단체, 수리 및 기타 개인 서비스업",94~96,2022,사업체수,개,17320,103.3
충 남,전체 산업,0,2022,사업체수,개,266577,102.03
충 남,"농업, 임업 및 어업",01~03,2022,사업체수,개,1636,103.28
충 남,광업,05~08,2022,사업체수,개,110,83.97
충 남,제조업,10~34,2022,사업체수,개,25584,103.56
충 남,"전기, 가스, 증기 및 공기조절 공급업",35,2022,사업체수,개,12401,98.51
충 남,"수도, 하수 및 폐기물 처리, 원료 재생업",36~39,2022,사업체수,개,896,105.04
충 남,건설업,41~42,2022,사업체수,개,26898,104.48
충 남,도매 및 소매업,45~47,2022,사업체수,개,60583,100.15
충 남,운수 및 창고업,49~52,2022,사업체수,개,24286,104.52
충 남,숙박 및 음식점업,55~56,2022,사업체수,개,41510,100.1
충 남,정보통신업,58~63,2022,사업체수,개,2206,111.98
충 남,금융 및 보험업,64~66,2022,사업체수,개,1987,98.76
충 남,부동산업,68,2022,사업체수,개,9647,103.61
충 남,"전문, 과학 및 기술 서비스업",70~73,2022,사업체수,개,5952,104.53
충 남,"사업시설 관리, 사업 지원 및 임대 서비스업",74~76,2022,사업체수,개,5933,101.25
충 남,"공공행정, 국방 및 사회보장 행정",84,2022,사업체수,개,774,100.0
충 남,교육 서비스업,85,2022,사업체수,개,9475,103.02
충 남,보건업 및 사회복지 서비스업,86~87,2022,사업체수,개,7259,103.94
충 남,"예술, 스포츠 및 여가관련 서비스업",90~91,2022,사업체수,개,6108,101.7
충 남,"협회 및 단체, 수리 및 기타 개인 서비스업",94~96,2022,사업체수,개,23332,102.98
전 북,전체 산업,0,2022,사업체수,개,232695,100.57
전 북,"농업, 임업 및 어업",01~03,2022,사업체수,개,1554,102.98
전 북,광업,05~08,2022,사업체수,개,108,93.1
전 북,제조업,10~34,2022,사업체수,개,16667,101.73
전 북,"전기, 가스, 증기 및 공기조절 공급업",35,2022,사업체수,개,22757,104.51
전 북,"수도, 하수 및 폐기물 처리, 원료 재생업",36~39,2022,사업체수,개,609,99.35
전 북,건설업,41~42,2022,사업체수,개,23179,102.46
전 북,도매 및 소매업,45~47,2022,사업체수,개,51482,96.88
전 북,운수 및 창고업,49~52,2022,사업체수,개,21527,103.9
전 북,숙박 및 음식점업,55~56,2022,사업체수,개,31213,99.63
전 북,정보통신업,58~63,2022,사업체수,개,1680,103.13
전 북,금융 및 보험업,64~66,2022,사업체수,개,2037,97.05
전 북,부동산업,68,2022,사업체수,개,7001,98.47
전 북,"전문, 과학 및 기술 서비스업",70~73,2022,사업체수,개,5270,100.82
전 북,"사업시설 관리, 사업 지원 및 임대 서비스업",74~76,2022,사업체수,개,4150,95.91
전 북,"공공행정, 국방 및 사회보장 행정",84,2022,사업체수,개,932,100.65
전 북,교육 서비스업,85,2022,사업체수,개,9098,100.41
전 북,보건업 및 사회복지 서비스업,86~87,2022,사업체수,개,6990,103.05
전 북,"예술, 스포츠 및 여가관련 서비스업",90~91,2022,사업체수,개,4960,102.12
전 북,"협회 및 단체, 수리 및 기타 개인 서비스업",94~96,2022,사업체수,개,21481,101.53
전 남,전체 산업,0,2022,사업체수,개,236470,100.76
전 남,"농업, 임업 및 어업",01~03,2022,사업체수,개,2380,104.34
전 남,광업,05~08,2022,사업체수,개,828,86.07
전 남,제조업,10~34,2022,사업체수,개,18103,103.94
전 남,"전기, 가스, 증기 및 공기조절 공급업",35,2022,사업체수,개,12391,96.54
전 남,"수도, 하수 및 폐기물 처리, 원료 재생업",36~39,2022,사업체수,개,801,100.12
전 남,건설업,41~42,2022,사업체수,개,25825,103.85
전 남,도매 및 소매업,45~47,2022,사업체수,개,53903,98.36
전 남,운수 및 창고업,49~52,2022,사업체수,개,24579,101.02
전 남,숙박 및 음식점업,55~56,2022,사업체수,개,36745,99.15
전 남,정보통신업,58~63,2022,사업체수,개,1693,106.75
전 남,금융 및 보험업,64~66,2022,사업체수,개,1922,97.86
전 남,부동산업,68,2022,사업체수,개,5544,105.62
전 남,"전문, 과학 및 기술 서비스업",70~73,2022,사업체수,개,4542,102.25
전 남,"사업시설 관리, 사업 지원 및 임대 서비스업",74~76,2022,사업체수,개,4340,98.61
전 남,"공공행정, 국방 및 사회보장 행정",84,2022,사업체수,개,1300,100.7
전 남,교육 서비스업,85,2022,사업체수,개,7808,102.37
전 남,보건업 및 사회복지 서비스업,86~87,2022,사업체수,개,6573,103.38
전 남,"예술, 스포츠 및 여가관련 서비스업",90~91,2022,사업체수,개,5149,104.42
전 남,"협회 및 단체, 수리 및 기타 개인 서비스업",94~96,2022,사업체수,개,22044,102.62
경 북,전체 산업,0,2022,사업체수,개,333276,101.41
경 북,"농업, 임업 및 어업",01~03,2022,사업체수,개,1277,103.32
경 북,광업,05~08,2022,사업체수,개,196,100.0
경 북,제조업,10~34,2022,사업체수,개,38816,102.42
경 북,"전기, 가스, 증기 및 공기조절 공급업",35,2022,사업체수,개,13224,114.48
경 북,"수도, 하수 및 폐기물 처리, 원료 재생업",36~39,2022,사업체수,개,1293,103.77
경 북,건설업,41~42,2022,사업체수,개,33498,103.33
경 북,도매 및 소매업,45~47,2022,사업체수,개,72987,99.4
경 북,운수 및 창고업,49~52,2022,사업체수,개,32852,101.11
경 북,숙박 및 음식점업,55~56,2022,사업체수,개,54907,99.14
경 북,정보통신업,58~63,2022,사업체수,개,2295,108.82
경 북,금융 및 보험업,64~66,2022,사업체수,개,2653,98.19
경 북,부동산업,68,2022,사업체수,개,8715,100.89
경 북,"전문, 과학 및 기술 서비스업",70~73,2022,사업체수,개,6272,102.0
경 북,"사업시설 관리, 사업 지원 및 임대 서비스업",74~76,2022,사업체수,개,5950,97.99
경 북,"공공행정, 국방 및 사회보장 행정",84,2022,사업체수,개,1318,100.69
경 북,교육 서비스업,85,2022,사업체수,개,12126,102.56
경 북,보건업 및 사회복지 서비스업,86~87,2022,사업체수,개,8593,102.71
경 북,"예술, 스포츠 및 여가관련 서비스업",90~91,2022,사업체수,개,6874,100.7
경 북,"협회 및 단체, 수리 및 기타 개인 서비스업",94~96,2022,사업체수,개,29430,102.14
경 남,전체 산업,0,2022,사업체수,개,397699,101.3
경 남,"농업, 임업 및 어업",01~03,2022,사업체수,개,1116,105.58
경 남,광업,05~08,2022,사업체수,개,109,98.2
경 남,제조업,10~34,2022,사업체수,개,51033,103.18
경 남,"전기, 가스, 증기 및 공기조절 공급업",35,2022,사업체수,개,6530,110.17
경 남,"수도, 하수 및 폐기물 처리, 원료 재생업",36~39,2022,사업체수,개,1315,104.37
경 남,건설업,41~42,2022,사업체수,개,33409,103.01
경 남,도매 및 소매업,45~47,2022,사업체수,개,89910,99.82
경 남,운수 및 창고업,49~52,2022,사업체수,개,36520,101.48
경 남,숙박 및 음식점업,55~56,2022,사업체수,개,68055,98.97
경 남,정보통신업,58~63,2022,사업체수,개,2696,108.1
경 남,금융 및 보험업,64~66,2022,사업체수,개,3252,98.25
경 남,부동산업,68,2022,사업체수,개,13771,100.7
경 남,"전문, 과학 및 기술 서비스업",70~73,2022,사업체수,개,9426,102.68
경 남,"사업시설 관리, 사업 지원 및 임대 서비스업",74~76,2022,사업체수,개,8187,97.52
경 남,"공공행정, 국방 및 사회보장 행정",84,2022,사업체수,개,1096,99.64
경 남,교육 서비스업,85,2022,사업체수,개,17434,102.52
경 남,보건업 및 사회복지 서비스업,86~87,2022,사업체수,개,10427,102.64
경 남,"예술, 스포츠 및 여가관련 서비스업",90~91,2022,사업체수,개,8350,103.44
경 남,"협회 및 단체, 수리 및 기타 개인 서비스업",94~96,2022,사업체수,개,35063,102.69
제 주,전체 산업,0,2022,사업체수,개,96334,100.21
제 주,"농업, 임업 및 어업",01~03,2022,사업체수,개,752,99.6
제 주,광업,05~08,2022,사업체수,개,11,100.0
제 주,제조업,10~34,2022,사업체수,개,3695,99.76
제 주,"전기, 가스, 증기 및 공기조절 공급업",35,2022,사업체수,개,1073,95.89
제 주,"수도, 하수 및 폐기물 처리, 원료 재생업",36~39,2022,사업체수,개,196,103.16
제 주,건설업,41~42,2022,사업체수,개,9492,100.61
제 주,도매 및 소매업,45~47,2022,사업체수,개,21342,97.58
제 주,운수 및 창고업,49~52,2022,사업체수,개,8193,101.45
제 주,숙박 및 음식점업,55~56,2022,사업체수,개,23671,100.86
제 주,정보통신업,58~63,2022,사업체수,개,1028,106.31
제 주,금융 및 보험업,64~66,2022,사업체수,개,865,100.46
제 주,부동산업,68,2022,사업체수,개,4039,101.56
제 주,"전문, 과학 및 기술 서비스업",70~73,2022,사업체수,개,2819,101.66
제 주,"사업시설 관리, 사업 지원 및 임대 서비스업",74~76,2022,사업체수,개,2821,95.27
제 주,"공공행정, 국방 및 사회보장 행정",84,2022,사업체수,개,223,99.55
제 주,교육 서비스업,85,2022,사업체수,개,3820,100.82
제 주,보건업 및 사회복지 서비스업,86~87,2022,사업체수,개,2260,104.63
제 주,"예술, 스포츠 및 여가관련 서비스업",90~91,2022,사업체수,개,2715,102.65
제 주,"협회 및 단체, 수리 및 기타 개인 서비스업",94~96,2022,사업체수,개,7319,102.45
전 국,전체 산업,0,2022,종사자수,명,25217123,101.15
전 국,"농업, 임업 및 어업",01~03,2022,종사자수,명,66605,100.67
전 국,광업,05~08,2022,종사자수,명,14442,97.17
전 국,제조업,10~34,2022,종사자수,명,4253904,100.86
전 국,"전기, 가스, 증기 및 공기조절 공급업",35,2022,종사자수,명,160666,102.34
전 국,"수도, 하수 및 폐기물 처리, 원료 재생업",36~39,2022,종사자수,명,134281,100.83
전 국,건설업,41~42,2022,종사자수,명,1955608,98.4
전 국,도매 및 소매업,45~47,2022,종사자수,명,3577536,97.53
전 국,운수 및 창고업,49~52,2022,종사자수,명,1383516,101.62
전 국,숙박 및 음식점업,55~56,2022,종사자수,명,2215219,105.08
전 국,정보통신업,58~63,2022,종사자수,명,872905,104.92
전 국,금융 및 보험업,64~66,2022,종사자수,명,700940,98.72
전 국,부동산업,68,2022,종사자수,명,692012,98.45
전 국,"전문, 과학 및 기술 서비스업",70~73,2022,종사자수,명,1436619,102.26
전 국,"사업시설 관리, 사업 지원 및 임대 서비스업",74~76,2022,종사자수,명,1300103,99.95
전 국,"공공행정, 국방 및 사회보장 행정",84,2022,종사자수,명,919195,102.44
전 국,교육 서비스업,85,2022,종사자수,명,1723109,102.14
전 국,보건업 및 사회복지 서비스업,86~87,2022,종사자수,명,2457512,104.26
전 국,"예술, 스포츠 및 여가관련 서비스업",90~91,2022,종사자수,명,444340,105.33
전 국,"협회 및 단체, 수리 및 기타 개인 서비스업",94~96,2022,종사자수,명,908611,100.53
서 울,전체 산업,0,2022,종사자수,명,5795417,100.42
서 울,"농업, 임업 및 어업",01~03,2022,종사자수,명,621,82.47
서 울,광업,05~08,2022,종사자수,명,150,111.11
서 울,제조업,10~34,2022,종사자수,명,261088,97.61
서 울,"전기, 가스, 증기 및 공기조절 공급업",35,2022,종사자수,명,6929,100.81
서 울,"수도, 하수 및 폐기물 처리, 원료 재생업",36~39,2022,종사자수,명,10750,101.32
서 울,건설업,41~42,2022,종사자수,명,453044,100.89
서 울,도매 및 소매업,45~47,2022,종사자수,명,962626,95.39
서 울,운수 및 창고업,49~52,2022,종사자수,명,280575,102.22
서 울,숙박 및 음식점업,55~56,2022,종사자수,명,441817,104.18
서 울,정보통신업,58~63,2022,종사자수,명,518475,105.68
서 울,금융 및 보험업,64~66,2022,종사자수,명,291740,99.34
서 울,부동산업,68,2022,종사자수,명,196379,95.62
서 울,"전문, 과학 및 기술 서비스업",70~73,2022,종사자수,명,605708,101.33
서 울,"사업시설 관리, 사업 지원 및 임대 서비스업",74~76,2022,종사자수,명,488351,99.06
서 울,"공공행정, 국방 및 사회보장 행정",84,2022,종사자수,명,165663,102.79
서 울,교육 서비스업,85,2022,종사자수,명,365167,100.97
서 울,보건업 및 사회복지 서비스업,86~87,2022,종사자수,명,470395,104.44
서 울,"예술, 스포츠 및 여가관련 서비스업",90~91,2022,종사자수,명,90030,101.74
서 울,"협회 및 단체, 수리 및 기타 개인 서비스업",94~96,2022,종사자수,명,185909,99.69
부 산,전체 산업,0,2022,종사자수,명,1554664,100.66
부 산,"농업, 임업 및 어업",01~03,2022,종사자수,명,2985,108.27
부 산,광업,05~08,2022,종사자수,명,41,48.24
부 산,제조업,10~34,2022,종사자수,명,210883,98.99
부 산,"전기, 가스, 증기 및 공기조절 공급업",35,2022,종사자수,명,4456,107.89
부 산,"수도, 하수 및 폐기물 처리, 원료 재생업",36~39,2022,종사자수,명,7853,99.34
부 산,건설업,41~42,2022,종사자수,명,118404,95.52
부 산,도매 및 소매업,45~47,2022,종사자수,명,241934,97.86
부 산,운수 및 창고업,49~52,2022,종사자수,명,133110,101.03
부 산,숙박 및 음식점업,55~56,2022,종사자수,명,153289,107.26
부 산,정보통신업,58~63,2022,종사자수,명,21702,101.6
부 산,금융 및 보험업,64~66,2022,종사자수,명,47844,97.93
부 산,부동산업,68,2022,종사자수,명,47341,99.17
부 산,"전문, 과학 및 기술 서비스업",70~73,2022,종사자수,명,58659,100.0
부 산,"사업시설 관리, 사업 지원 및 임대 서비스업",74~76,2022,종사자수,명,77706,98.77
부 산,"공공행정, 국방 및 사회보장 행정",84,2022,종사자수,명,53672,102.33
부 산,교육 서비스업,85,2022,종사자수,명,105593,101.01
부 산,보건업 및 사회복지 서비스업,86~87,2022,종사자수,명,184789,104.95
부 산,"예술, 스포츠 및 여가관련 서비스업",90~91,2022,종사자수,명,24790,109.08
부 산,"협회 및 단체, 수리 및 기타 개인 서비스업",94~96,2022,종사자수,명,59613,99.88
대 구,전체 산업,0,2022,종사자수,명,1014987,101.04
대 구,"농업, 임업 및 어업",01~03,2022,종사자수,명,393,101.03
대 구,광업,05~08,2022,종사자수,명,19,82.61
대 구,제조업,10~34,2022,종사자수,명,169297,99.69
대 구,"전기, 가스, 증기 및 공기조절 공급업",35,2022,종사자수,명,3391,102.51
대 구,"수도, 하수 및 폐기물 처리, 원료 재생업",36~39,2022,종사자수,명,4498,100.22
대 구,건설업,41~42,2022,종사자수,명,75231,99.84
대 구,도매 및 소매업,45~47,2022,종사자수,명,155393,97.62
대 구,운수 및 창고업,49~52,2022,종사자수,명,56927,101.25
대 구,숙박 및 음식점업,55~56,2022,종사자수,명,92541,104.2
대 구,정보통신업,58~63,2022,종사자수,명,16931,102.22
대 구,금융 및 보험업,64~66,2022,종사자수,명,31189,102.45
대 구,부동산업,68,2022,종사자수,명,29852,98.0
대 구,"전문, 과학 및 기술 서비스업",70~73,2022,종사자수,명,34584,100.01
대 구,"사업시설 관리, 사업 지원 및 임대 서비스업",74~76,2022,종사자수,명,46305,107.36
대 구,"공공행정, 국방 및 사회보장 행정",84,2022,종사자수,명,34571,100.36
대 구,교육 서비스업,85,2022,종사자수,명,83096,101.4
대 구,보건업 및 사회복지 서비스업,86~87,2022,종사자수,명,124130,104.68
대 구,"예술, 스포츠 및 여가관련 서비스업",90~91,2022,종사자수,명,15637,101.33
대 구,"협회 및 단체, 수리 및 기타 개인 서비스업",94~96,2022,종사자수,명,41002,99.11
인 천,전체 산업,0,2022,종사자수,명,1250203,102.19
인 천,"농업, 임업 및 어업",01~03,2022,종사자수,명,616,95.06
인 천,광업,05~08,2022,종사자수,명,431,84.51
인 천,제조업,10~34,2022,종사자수,명,252668,100.92
인 천,"전기, 가스, 증기 및 공기조절 공급업",35,2022,종사자수,명,4486,96.6
인 천,"수도, 하수 및 폐기물 처리, 원료 재생업",36~39,2022,종사자수,명,7796,99.2
인 천,건설업,41~42,2022,종사자수,명,84237,96.41
인 천,도매 및 소매업,45~47,2022,종사자수,명,171500,99.08
인 천,운수 및 창고업,49~52,2022,종사자수,명,97207,102.06
인 천,숙박 및 음식점업,55~56,2022,종사자수,명,109781,106.46
인 천,정보통신업,58~63,2022,종사자수,명,16435,110.24
인 천,금융 및 보험업,64~66,2022,종사자수,명,22426,98.81
인 천,부동산업,68,2022,종사자수,명,32522,98.83
인 천,"전문, 과학 및 기술 서비스업",70~73,2022,종사자수,명,43004,99.19
인 천,"사업시설 관리, 사업 지원 및 임대 서비스업",74~76,2022,종사자수,명,66073,102.07
인 천,"공공행정, 국방 및 사회보장 행정",84,2022,종사자수,명,46155,105.83
인 천,교육 서비스업,85,2022,종사자수,명,82746,104.27
인 천,보건업 및 사회복지 서비스업,86~87,2022,종사자수,명,145972,107.73
인 천,"예술, 스포츠 및 여가관련 서비스업",90~91,2022,종사자수,명,21088,109.21
인 천,"협회 및 단체, 수리 및 기타 개인 서비스업",94~96,2022,종사자수,명,45060,101.88
광 주,전체 산업,0,2022,종사자수,명,675251,99.85
광 주,"농업, 임업 및 어업",01~03,2022,종사자수,명,514,116.55
광 주,광업,05~08,2022,종사자수,명,31,77.5
광 주,제조업,10~34,2022,종사자수,명,88914,101.82
광 주,"전기, 가스, 증기 및 공기조절 공급업",35,2022,종사자수,명,2965,91.43
광 주,"수도, 하수 및 폐기물 처리, 원료 재생업",36~39,2022,종사자수,명,2489,94.71
광 주,건설업,41~42,2022,종사자수,명,73411,97.49
광 주,도매 및 소매업,45~47,2022,종사자수,명,92610,96.33
광 주,운수 및 창고업,49~52,2022,종사자수,명,36816,97.99
광 주,숙박 및 음식점업,55~56,2022,종사자수,명,57182,103.96
광 주,정보통신업,58~63,2022,종사자수,명,12901,100.26
광 주,금융 및 보험업,64~66,2022,종사자수,명,20150,92.54
광 주,부동산업,68,2022,종사자수,명,25315,99.05
광 주,"전문, 과학 및 기술 서비스업",70~73,2022,종사자수,명,25131,101.95
광 주,"사업시설 관리, 사업 지원 및 임대 서비스업",74~76,2022,종사자수,명,30840,96.7
광 주,"공공행정, 국방 및 사회보장 행정",84,2022,종사자수,명,23934,102.12
광 주,교육 서비스업,85,2022,종사자수,명,51760,100.52
광 주,보건업 및 사회복지 서비스업,86~87,2022,종사자수,명,90482,103.51
광 주,"예술, 스포츠 및 여가관련 서비스업",90~91,2022,종사자수,명,11332,98.07
광 주,"협회 및 단체, 수리 및 기타 개인 서비스업",94~96,2022,종사자수,명,28474,101.93
대 전,전체 산업,0,2022,종사자수,명,695570,101.03
대 전,"농업, 임업 및 어업",01~03,2022,종사자수,명,327,81.14
대 전,광업,05~08,2022,종사자수,명,23,85.19
대 전,제조업,10~34,2022,종사자수,명,69175,102.97
대 전,"전기, 가스, 증기 및 공기조절 공급업",35,2022,종사자수,명,2008,91.82
대 전,"수도, 하수 및 폐기물 처리, 원료 재생업",36~39,2022,종사자수,명,4356,94.78
대 전,건설업,41~42,2022,종사자수,명,60042,99.36
대 전,도매 및 소매업,45~47,2022,종사자수,명,98226,97.67
대 전,운수 및 창고업,49~52,2022,종사자수,명,34980,101.05
대 전,숙박 및 음식점업,55~56,2022,종사자수,명,61195,105.14
대 전,정보통신업,58~63,2022,종사자수,명,21072,105.05
대 전,금융 및 보험업,64~66,2022,종사자수,명,18329,96.71
대 전,부동산업,68,2022,종사자수,명,18164,97.5
대 전,"전문, 과학 및 기술 서비스업",70~73,2022,종사자수,명,59261,103.02
대 전,"사업시설 관리, 사업 지원 및 임대 서비스업",74~76,2022,종사자수,명,44852,100.22
대 전,"공공행정, 국방 및 사회보장 행정",84,2022,종사자수,명,30248,100.32
대 전,교육 서비스업,85,2022,종사자수,명,58902,100.0
대 전,보건업 및 사회복지 서비스업,86~87,2022,종사자수,명,75912,103.46
대 전,"예술, 스포츠 및 여가관련 서비스업",90~91,2022,종사자수,명,11148,104.37
대 전,"협회 및 단체, 수리 및 기타 개인 서비스업",94~96,2022,종사자수,명,27350,100.47
울 산,전체 산업,0,2022,종사자수,명,547780,100.7
울 산,"농업, 임업 및 어업",01~03,2022,종사자수,명,496,122.77
울 산,광업,05~08,2022,종사자수,명,262,95.27
울 산,제조업,10~34,2022,종사자수,명,176701,99.6
울 산,"전기, 가스, 증기 및 공기조절 공급업",35,2022,종사자수,명,2910,104.34
울 산,"수도, 하수 및 폐기물 처리, 원료 재생업",36~39,2022,종사자수,명,2933,106.58
울 산,건설업,41~42,2022,종사자수,명,41150,107.12
울 산,도매 및 소매업,45~47,2022,종사자수,명,55657,98.87
울 산,운수 및 창고업,49~52,2022,종사자수,명,29714,97.52
울 산,숙박 및 음식점업,55~56,2022,종사자수,명,46257,102.9
울 산,정보통신업,58~63,2022,종사자수,명,4922,102.07
울 산,금융 및 보험업,64~66,2022,종사자수,명,11243,98.81
울 산,부동산업,68,2022,종사자수,명,11231,96.75
울 산,"전문, 과학 및 기술 서비스업",70~73,2022,종사자수,명,20585,103.82
울 산,"사업시설 관리, 사업 지원 및 임대 서비스업",74~76,2022,종사자수,명,20455,96.51
울 산,"공공행정, 국방 및 사회보장 행정",84,2022,종사자수,명,18290,102.77
울 산,교육 서비스업,85,2022,종사자수,명,34543,98.62
울 산,보건업 및 사회복지 서비스업,86~87,2022,종사자수,명,44589,103.81
울 산,"예술, 스포츠 및 여가관련 서비스업",90~91,2022,종사자수,명,7687,103.42
울 산,"협회 및 단체, 수리 및 기타 개인 서비스업",94~96,2022,종사자수,명,18155,99.85
세 종,전체 산업,0,2022,종사자수,명,158168,103.4
세 종,"농업, 임업 및 어업",01~03,2022,종사자수,명,320,108.84
세 종,광업,05~08,2022,종사자수,명,123,148.19
세 종,제조업,10~34,2022,종사자수,명,22513,106.79
세 종,"전기, 가스, 증기 및 공기조절 공급업",35,2022,종사자수,명,796,89.74
세 종,"수도, 하수 및 폐기물 처리, 원료 재생업",36~39,2022,종사자수,명,753,96.17
세 종,건설업,41~42,2022,종사자수,명,8630,87.8
세 종,도매 및 소매업,45~47,2022,종사자수,명,14599,106.0
세 종,운수 및 창고업,49~52,2022,종사자수,명,5879,107.63
세 종,숙박 및 음식점업,55~56,2022,종사자수,명,13182,106.71
세 종,정보통신업,58~63,2022,종사자수,명,3451,116.0
세 종,금융 및 보험업,64~66,2022,종사자수,명,1937,99.64
세 종,부동산업,68,2022,종사자수,명,6085,101.33
세 종,"전문, 과학 및 기술 서비스업",70~73,2022,종사자수,명,9598,107.66
세 종,"사업시설 관리, 사업 지원 및 임대 서비스업",74~76,2022,종사자수,명,5479,98.79
세 종,"공공행정, 국방 및 사회보장 행정",84,2022,종사자수,명,23920,97.2
세 종,교육 서비스업,85,2022,종사자수,명,18465,105.57
세 종,보건업 및 사회복지 서비스업,86~87,2022,종사자수,명,14020,106.87
세 종,"예술, 스포츠 및 여가관련 서비스업",90~91,2022,종사자수,명,3240,114.49
세 종,"협회 및 단체, 수리 및 기타 개인 서비스업",94~96,2022,종사자수,명,5178,103.66
경 기,전체 산업,0,2022,종사자수,명,6103213,101.81
경 기,"농업, 임업 및 어업",01~03,2022,종사자수,명,8242,99.76
경 기,광업,05~08,2022,종사자수,명,1610,107.55
경 기,제조업,10~34,2022,종사자수,명,1387627,101.04
경 기,"전기, 가스, 증기 및 공기조절 공급업",35,2022,종사자수,명,15439,99.24
경 기,"수도, 하수 및 폐기물 처리, 원료 재생업",36~39,2022,종사자수,명,34890,100.42
경 기,건설업,41~42,2022,종사자수,명,404447,95.95
경 기,도매 및 소매업,45~47,2022,종사자수,명,892035,98.09
경 기,운수 및 창고업,49~52,2022,종사자수,명,340362,104.51
경 기,숙박 및 음식점업,55~56,2022,종사자수,명,498796,106.54
경 기,정보통신업,58~63,2022,종사자수,명,184325,104.68
경 기,금융 및 보험업,64~66,2022,종사자수,명,99002,97.9
경 기,부동산업,68,2022,종사자수,명,182512,100.94
경 기,"전문, 과학 및 기술 서비스업",70~73,2022,종사자수,명,361935,105.32
경 기,"사업시설 관리, 사업 지원 및 임대 서비스업",74~76,2022,종사자수,명,272790,101.26
경 기,"공공행정, 국방 및 사회보장 행정",84,2022,종사자수,명,153128,100.59
경 기,교육 서비스업,85,2022,종사자수,명,408637,104.74
경 기,보건업 및 사회복지 서비스업,86~87,2022,종사자수,명,535934,104.92
경 기,"예술, 스포츠 및 여가관련 서비스업",90~91,2022,종사자수,명,115392,106.72
경 기,"협회 및 단체, 수리 및 기타 개인 서비스업",94~96,2022,종사자수,명,206110,100.98
강 원,전체 산업,0,2022,종사자수,명,727557,101.85
강 원,"농업, 임업 및 어업",01~03,2022,종사자수,명,5201,97.97
강 원,광업,05~08,2022,종사자수,명,4417,105.85
강 원,제조업,10~34,2022,종사자수,명,64520,100.49
강 원,"전기, 가스, 증기 및 공기조절 공급업",35,2022,종사자수,명,9582,106.38
강 원,"수도, 하수 및 폐기물 처리, 원료 재생업",36~39,2022,종사자수,명,5971,106.08
강 원,건설업,41~42,2022,종사자수,명,78678,102.77
강 원,도매 및 소매업,45~47,2022,종사자수,명,91945,99.85
강 원,운수 및 창고업,49~52,2022,종사자수,명,31620,103.07
강 원,숙박 및 음식점업,55~56,2022,종사자수,명,98597,102.55
강 원,정보통신업,58~63,2022,종사자수,명,9414,95.96
강 원,금융 및 보험업,64~66,2022,종사자수,명,19275,98.66
강 원,부동산업,68,2022,종사자수,명,14818,101.65
강 원,"전문, 과학 및 기술 서비스업",70~73,2022,종사자수,명,22098,102.84
강 원,"사업시설 관리, 사업 지원 및 임대 서비스업",74~76,2022,종사자수,명,27972,104.99
강 원,"공공행정, 국방 및 사회보장 행정",84,2022,종사자수,명,47576,99.41
강 원,교육 서비스업,85,2022,종사자수,명,57791,101.73
강 원,보건업 및 사회복지 서비스업,86~87,2022,종사자수,명,82272,102.18
강 원,"예술, 스포츠 및 여가관련 서비스업",90~91,2022,종사자수,명,23655,107.58
강 원,"협회 및 단체, 수리 및 기타 개인 서비스업",94~96,2022,종사자수,명,32155,102.74
충 북,전체 산업,0,2022,종사자수,명,838620,102.61
충 북,"농업, 임업 및 어업",01~03,2022,종사자수,명,4477,102.45
충 북,광업,05~08,2022,종사자수,명,1073,94.21
충 북,제조업,10~34,2022,종사자수,명,231173,103.06
충 북,"전기, 가스, 증기 및 공기조절 공급업",35,2022,종사자수,명,8151,103.95
충 북,"수도, 하수 및 폐기물 처리, 원료 재생업",36~39,2022,종사자수,명,6536,101.32
충 북,건설업,41~42,2022,종사자수,명,68751,101.12
충 북,도매 및 소매업,45~47,2022,종사자수,명,90776,99.33
충 북,운수 및 창고업,49~52,2022,종사자수,명,40368,102.43
충 북,숙박 및 음식점업,55~56,2022,종사자수,명,71219,104.85
충 북,정보통신업,58~63,2022,종사자수,명,7574,100.19
충 북,금융 및 보험업,64~66,2022,종사자수,명,14279,97.53
충 북,부동산업,68,2022,종사자수,명,15862,97.8
충 북,"전문, 과학 및 기술 서비스업",70~73,2022,종사자수,명,27424,101.13
충 북,"사업시설 관리, 사업 지원 및 임대 서비스업",74~76,2022,종사자수,명,36823,103.88
충 북,"공공행정, 국방 및 사회보장 행정",84,2022,종사자수,명,37352,104.35
충 북,교육 서비스업,85,2022,종사자수,명,55920,102.36
충 북,보건업 및 사회복지 서비스업,86~87,2022,종사자수,명,75615,105.65
충 북,"예술, 스포츠 및 여가관련 서비스업",90~91,2022,종사자수,명,15712,108.4
충 북,"협회 및 단체, 수리 및 기타 개인 서비스업",94~96,2022,종사자수,명,29535,101.73
충 남,전체 산업,0,2022,종사자수,명,1092389,100.88
충 남,"농업, 임업 및 어업",01~03,2022,종사자수,명,8123,101.78
충 남,광업,05~08,2022,종사자수,명,818,93.06
충 남,제조업,10~34,2022,종사자수,명,315551,99.11
충 남,"전기, 가스, 증기 및 공기조절 공급업",35,2022,종사자수,명,19350,99.06
충 남,"수도, 하수 및 폐기물 처리, 원료 재생업",36~39,2022,종사자수,명,8042,103.5
충 남,건설업,41~42,2022,종사자수,명,85556,100.08
충 남,도매 및 소매업,45~47,2022,종사자수,명,123836,99.89
충 남,운수 및 창고업,49~52,2022,종사자수,명,47627,99.18
충 남,숙박 및 음식점업,55~56,2022,종사자수,명,96378,106.56
충 남,정보통신업,58~63,2022,종사자수,명,8550,103.69
충 남,금융 및 보험업,64~66,2022,종사자수,명,18020,99.56
충 남,부동산업,68,2022,종사자수,명,19903,101.59
충 남,"전문, 과학 및 기술 서비스업",70~73,2022,종사자수,명,29666,102.88
충 남,"사업시설 관리, 사업 지원 및 임대 서비스업",74~76,2022,종사자수,명,39397,94.36
충 남,"공공행정, 국방 및 사회보장 행정",84,2022,종사자수,명,41810,100.74
충 남,교육 서비스업,85,2022,종사자수,명,73726,102.73
충 남,보건업 및 사회복지 서비스업,86~87,2022,종사자수,명,101754,103.92
충 남,"예술, 스포츠 및 여가관련 서비스업",90~91,2022,종사자수,명,15404,107.95
충 남,"협회 및 단체, 수리 및 기타 개인 서비스업",94~96,2022,종사자수,명,38878,101.27
전 북,전체 산업,0,2022,종사자수,명,795273,100.53
전 북,"농업, 임업 및 어업",01~03,2022,종사자수,명,6429,101.28
전 북,광업,05~08,2022,종사자수,명,734,88.01
전 북,제조업,10~34,2022,종사자수,명,123074,101.13
전 북,"전기, 가스, 증기 및 공기조절 공급업",35,2022,종사자수,명,25694,105.35
전 북,"수도, 하수 및 폐기물 처리, 원료 재생업",36~39,2022,종사자수,명,5913,102.05
전 북,건설업,41~42,2022,종사자수,명,68203,94.98
전 북,도매 및 소매업,45~47,2022,종사자수,명,102216,96.89
전 북,운수 및 창고업,49~52,2022,종사자수,명,39365,100.98
전 북,숙박 및 음식점업,55~56,2022,종사자수,명,73474,105.21
전 북,정보통신업,58~63,2022,종사자수,명,8475,104.18
전 북,금융 및 보험업,64~66,2022,종사자수,명,22120,100.53
전 북,부동산업,68,2022,종사자수,명,16164,98.89
전 북,"전문, 과학 및 기술 서비스업",70~73,2022,종사자수,명,26903,102.01
전 북,"사업시설 관리, 사업 지원 및 임대 서비스업",74~76,2022,종사자수,명,23244,96.75
전 북,"공공행정, 국방 및 사회보장 행정",84,2022,종사자수,명,42965,103.82
전 북,교육 서비스업,85,2022,종사자수,명,60804,99.79
전 북,보건업 및 사회복지 서비스업,86~87,2022,종사자수,명,99395,102.19
전 북,"예술, 스포츠 및 여가관련 서비스업",90~91,2022,종사자수,명,14466,106.02
전 북,"협회 및 단체, 수리 및 기타 개인 서비스업",94~96,2022,종사자수,명,35635,99.54
전 남,전체 산업,0,2022,종사자수,명,862357,100.69
전 남,"농업, 임업 및 어업",01~03,2022,종사자수,명,11161,99.79
전 남,광업,05~08,2022,종사자수,명,2547,87.71
전 남,제조업,10~34,2022,종사자수,명,128548,101.94
전 남,"전기, 가스, 증기 및 공기조절 공급업",35,2022,종사자수,명,20119,98.38
전 남,"수도, 하수 및 폐기물 처리, 원료 재생업",36~39,2022,종사자수,명,7745,97.23
전 남,건설업,41~42,2022,종사자수,명,101571,98.42
전 남,도매 및 소매업,45~47,2022,종사자수,명,106690,98.44
전 남,운수 및 창고업,49~52,2022,종사자수,명,52322,99.04
전 남,숙박 및 음식점업,55~56,2022,종사자수,명,80072,103.49
전 남,정보통신업,58~63,2022,종사자수,명,9673,104.28
전 남,금융 및 보험업,64~66,2022,종사자수,명,19256,98.68
전 남,부동산업,68,2022,종사자수,명,14004,99.79
전 남,"전문, 과학 및 기술 서비스업",70~73,2022,종사자수,명,23279,101.43
전 남,"사업시설 관리, 사업 지원 및 임대 서비스업",74~76,2022,종사자수,명,26230,91.29
전 남,"공공행정, 국방 및 사회보장 행정",84,2022,종사자수,명,55097,107.43
전 남,교육 서비스업,85,2022,종사자수,명,56496,101.31
전 남,보건업 및 사회복지 서비스업,86~87,2022,종사자수,명,96420,102.6
전 남,"예술, 스포츠 및 여가관련 서비스업",90~91,2022,종사자수,명,16486,104.76
전 남,"협회 및 단체, 수리 및 기타 개인 서비스업",94~96,2022,종사자수,명,34641,99.49
경 북,전체 산업,0,2022,종사자수,명,1255587,101.72
경 북,"농업, 임업 및 어업",01~03,2022,종사자수,명,7384,110.32
경 북,광업,05~08,2022,종사자수,명,1299,96.65
경 북,제조업,10~34,2022,종사자수,명,325945,103.19
경 북,"전기, 가스, 증기 및 공기조절 공급업",35,2022,종사자수,명,20958,108.93
경 북,"수도, 하수 및 폐기물 처리, 원료 재생업",36~39,2022,종사자수,명,10780,102.02
경 북,건설업,41~42,2022,종사자수,명,100530,99.77
경 북,도매 및 소매업,45~47,2022,종사자수,명,144474,99.36
경 북,운수 및 창고업,49~52,2022,종사자수,명,59884,97.01
경 북,숙박 및 음식점업,55~56,2022,종사자수,명,114978,104.42
경 북,정보통신업,58~63,2022,종사자수,명,10312,102.83
경 북,금융 및 보험업,64~66,2022,종사자수,명,23049,99.15
경 북,부동산업,68,2022,종사자수,명,21173,97.64
경 북,"전문, 과학 및 기술 서비스업",70~73,2022,종사자수,명,34738,96.42
경 북,"사업시설 관리, 사업 지원 및 임대 서비스업",74~76,2022,종사자수,명,33754,103.94
경 북,"공공행정, 국방 및 사회보장 행정",84,2022,종사자수,명,62414,102.58
경 북,교육 서비스업,85,2022,종사자수,명,85034,101.55
경 북,보건업 및 사회복지 서비스업,86~87,2022,종사자수,명,130136,102.17
경 북,"예술, 스포츠 및 여가관련 서비스업",90~91,2022,종사자수,명,20747,105.02
경 북,"협회 및 단체, 수리 및 기타 개인 서비스업",94~96,2022,종사자수,명,47998,101.21
경 남,전체 산업,0,2022,종사자수,명,1529668,101.17
경 남,"농업, 임업 및 어업",01~03,2022,종사자수,명,5812,99.64
경 남,광업,05~08,2022,종사자수,명,700,95.89
경 남,제조업,10~34,2022,종사자수,명,412666,101.6
경 남,"전기, 가스, 증기 및 공기조절 공급업",35,2022,종사자수,명,11055,105.5
경 남,"수도, 하수 및 폐기물 처리, 원료 재생업",36~39,2022,종사자수,명,11483,103.45
경 남,건설업,41~42,2022,종사자수,명,103858,96.51
경 남,도매 및 소매업,45~47,2022,종사자수,명,183450,98.8
경 남,운수 및 창고업,49~52,2022,종사자수,명,79646,98.47
경 남,숙박 및 음식점업,55~56,2022,종사자수,명,146388,104.18
경 남,정보통신업,58~63,2022,종사자수,명,13071,104.68
경 남,금융 및 보험업,64~66,2022,종사자수,명,32794,97.14
경 남,부동산업,68,2022,종사자수,명,33570,97.76
경 남,"전문, 과학 및 기술 서비스업",70~73,2022,종사자수,명,43951,102.58
경 남,"사업시설 관리, 사업 지원 및 임대 서비스업",74~76,2022,종사자수,명,45789,103.55
경 남,"공공행정, 국방 및 사회보장 행정",84,2022,종사자수,명,63732,103.84
경 남,교육 서비스업,85,2022,종사자수,명,101584,101.29
경 남,보건업 및 사회복지 서비스업,86~87,2022,종사자수,명,156520,103.26
경 남,"예술, 스포츠 및 여가관련 서비스업",90~91,2022,종사자수,명,25109,107.66
경 남,"협회 및 단체, 수리 및 기타 개인 서비스업",94~96,2022,종사자수,명,58490,99.64
제 주,전체 산업,0,2022,종사자수,명,320419,99.1
제 주,"농업, 임업 및 어업",01~03,2022,종사자수,명,3504,85.61
제 주,광업,05~08,2022,종사자수,명,164,88.65
제 주,제조업,10~34,2022,종사자수,명,13561,98.13
제 주,"전기, 가스, 증기 및 공기조절 공급업",35,2022,종사자수,명,2377,97.58
제 주,"수도, 하수 및 폐기물 처리, 원료 재생업",36~39,2022,종사자수,명,1493,97.58
제 주,건설업,41~42,2022,종사자수,명,29865,91.01
제 주,도매 및 소매업,45~47,2022,종사자수,명,49569,97.24
제 주,운수 및 창고업,49~52,2022,종사자수,명,17114,98.27
제 주,숙박 및 음식점업,55~56,2022,종사자수,명,60073,103.36
제 주,정보통신업,58~63,2022,종사자수,명,5622,91.15
제 주,금융 및 보험업,64~66,2022,종사자수,명,8287,98.88
제 주,부동산업,68,2022,종사자수,명,7117,101.22
제 주,"전문, 과학 및 기술 서비스업",70~73,2022,종사자수,명,10095,97.57
제 주,"사업시설 관리, 사업 지원 및 임대 서비스업",74~76,2022,종사자수,명,14043,92.62
제 주,"공공행정, 국방 및 사회보장 행정",84,2022,종사자수,명,18668,107.58
제 주,교육 서비스업,85,2022,종사자수,명,22845,101.42
제 주,보건업 및 사회복지 서비스업,86~87,2022,종사자수,명,29177,101.42
제 주,"예술, 스포츠 및 여가관련 서비스업",90~91,2022,종사자수,명,12417,103.1
제 주,"협회 및 단체, 수리 및 기타 개인 서비스업",94~96,2022,종사자수,명,14428,101.98
전 국,전체 산업,0,2022,매출액,백만원,8773555947,117.39
전 국,"농업, 임업 및 어업",01~03,2022,매출액,백만원,22550162,107.4
전 국,광업,05~08,2022,매출액,백만원,5884849,122.39
전 국,제조업,10~34,2022,매출액,백만원,2502873184,115.27
전 국,"전기, 가스, 증기 및 공기조절 공급업",35,2022,매출액,백만원,243279070,146.72
전 국,"수도, 하수 및 폐기물 처리, 원료 재생업",36~39,2022,매출액,백만원,37790836,106.01
전 국,건설업,41~42,2022,매출액,백만원,556896361,110.22
전 국,도매 및 소매업,45~47,2022,매출액,백만원,1740118282,108.33
전 국,운수 및 창고업,49~52,2022,매출액,백만원,375136965,124.41
전 국,숙박 및 음식점업,55~56,2022,매출액,백만원,193891244,118.89
전 국,정보통신업,58~63,2022,매출액,백만원,248523936,108.97
전 국,금융 및 보험업,64~66,2022,매출액,백만원,1498795743,147.91
전 국,부동산업,68,2022,매출액,백만원,208038731,91.41
전 국,"전문, 과학 및 기술 서비스업",70~73,2022,매출액,백만원,345484777,115.46
전 국,"사업시설 관리, 사업 지원 및 임대 서비스업",74~76,2022,매출액,백만원,118124045,107.56
전 국,"공공행정, 국방 및 사회보장 행정",84,2022,매출액,백만원,227008344,109.64
전 국,교육 서비스업,85,2022,매출액,백만원,123446507,100.52
전 국,보건업 및 사회복지 서비스업,86~87,2022,매출액,백만원,199490576,108.7
전 국,"예술, 스포츠 및 여가관련 서비스업",90~91,2022,매출액,백만원,55936344,131.57
전 국,"협회 및 단체, 수리 및 기타 개인 서비스업",94~96,2022,매출액,백만원,70285991,107.36
서 울,전체 산업,0,2022,매출액,백만원,2856087130,127.34
서 울,"농업, 임업 및 어업",01~03,2022,매출액,백만원,404085,125.0
서 울,광업,05~08,2022,매출액,백만원,187345,387.92
서 울,제조업,10~34,2022,매출액,백만원,68509823,106.3
서 울,"전기, 가스, 증기 및 공기조절 공급업",35,2022,매출액,백만원,20134956,133.44
서 울,"수도, 하수 및 폐기물 처리, 원료 재생업",36~39,2022,매출액,백만원,2126738,104.78
서 울,건설업,41~42,2022,매출액,백만원,214504889,111.86
서 울,도매 및 소매업,45~47,2022,매출액,백만원,683313611,111.33
서 울,운수 및 창고업,49~52,2022,매출액,백만원,135888030,137.1
서 울,숙박 및 음식점업,55~56,2022,매출액,백만원,45618248,119.27
서 울,정보통신업,58~63,2022,매출액,백만원,155959927,110.34
서 울,금융 및 보험업,64~66,2022,매출액,백만원,1114211476,159.83
서 울,부동산업,68,2022,매출액,백만원,68306009,97.37
서 울,"전문, 과학 및 기술 서비스업",70~73,2022,매출액,백만원,151716259,115.14
서 울,"사업시설 관리, 사업 지원 및 임대 서비스업",74~76,2022,매출액,백만원,43742195,103.33
서 울,"공공행정, 국방 및 사회보장 행정",84,2022,매출액,백만원,37754054,123.71
서 울,교육 서비스업,85,2022,매출액,백만원,26837703,100.68
서 울,보건업 및 사회복지 서비스업,86~87,2022,매출액,백만원,50418522,107.24
서 울,"예술, 스포츠 및 여가관련 서비스업",90~91,2022,매출액,백만원,14459550,129.9
서 울,"협회 및 단체, 수리 및 기타 개인 서비스업",94~96,2022,매출액,백만원,21993710,109.93
부 산,전체 산업,0,2022,매출액,백만원,394629618,113.59
부 산,"농업, 임업 및 어업",01~03,2022,매출액,백만원,1712002,121.91
부 산,광업,05~08,2022,매출액,백만원,15955,69.36
부 산,제조업,10~34,2022,매출액,백만원,74062348,118.6
부 산,"전기, 가스, 증기 및 공기조절 공급업",35,2022,매출액,백만원,10569651,137.61
부 산,"수도, 하수 및 폐기물 처리, 원료 재생업",36~39,2022,매출액,백만원,1701457,106.57
부 산,건설업,41~42,2022,매출액,백만원,26859343,105.56
부 산,도매 및 소매업,45~47,2022,매출액,백만원,106646833,107.72
부 산,운수 및 창고업,49~52,2022,매출액,백만원,35886925,121.53
부 산,숙박 및 음식점업,55~56,2022,매출액,백만원,12171422,124.84
부 산,정보통신업,58~63,2022,매출액,백만원,4740544,99.97
부 산,금융 및 보험업,64~66,2022,매출액,백만원,50941870,128.58
부 산,부동산업,68,2022,매출액,백만원,14059084,89.81
부 산,"전문, 과학 및 기술 서비스업",70~73,2022,매출액,백만원,9835558,113.86
부 산,"사업시설 관리, 사업 지원 및 임대 서비스업",74~76,2022,매출액,백만원,6124784,108.39
부 산,"공공행정, 국방 및 사회보장 행정",84,2022,매출액,백만원,12255086,122.11
부 산,교육 서비스업,85,2022,매출액,백만원,6987529,97.46
부 산,보건업 및 사회복지 서비스업,86~87,2022,매출액,백만원,13898689,104.8
부 산,"예술, 스포츠 및 여가관련 서비스업",90~91,2022,매출액,백만원,2333925,132.33
부 산,"협회 및 단체, 수리 및 기타 개인 서비스업",94~96,2022,매출액,백만원,3826613,95.68
대 구,전체 산업,0,2022,매출액,백만원,251979654,116.73
대 구,"농업, 임업 및 어업",01~03,2022,매출액,백만원,67002,122.17
대 구,광업,05~08,2022,매출액,백만원,2559,85.56
대 구,제조업,10~34,2022,매출액,백만원,53786536,117.2
대 구,"전기, 가스, 증기 및 공기조절 공급업",35,2022,매출액,백만원,22285389,179.29
대 구,"수도, 하수 및 폐기물 처리, 원료 재생업",36~39,2022,매출액,백만원,1297316,106.56
대 구,건설업,41~42,2022,매출액,백만원,17330752,106.53
대 구,도매 및 소매업,45~47,2022,매출액,백만원,58380051,105.98
대 구,운수 및 창고업,49~52,2022,매출액,백만원,7019219,111.68
대 구,숙박 및 음식점업,55~56,2022,매출액,백만원,7017128,117.67
대 구,정보통신업,58~63,2022,매출액,백만원,4480254,104.19
대 구,금융 및 보험업,64~66,2022,매출액,백만원,29804888,127.42
대 구,부동산업,68,2022,매출액,백만원,9600229,97.87
대 구,"전문, 과학 및 기술 서비스업",70~73,2022,매출액,백만원,6346592,113.16
대 구,"사업시설 관리, 사업 지원 및 임대 서비스업",74~76,2022,매출액,백만원,3609768,100.43
대 구,"공공행정, 국방 및 사회보장 행정",84,2022,매출액,백만원,11597397,144.79
대 구,교육 서비스업,85,2022,매출액,백만원,5244215,104.07
대 구,보건업 및 사회복지 서비스업,86~87,2022,매출액,백만원,10106994,109.25
대 구,"예술, 스포츠 및 여가관련 서비스업",90~91,2022,매출액,백만원,1245650,121.67
대 구,"협회 및 단체, 수리 및 기타 개인 서비스업",94~96,2022,매출액,백만원,2757715,104.51
인 천,전체 산업,0,2022,매출액,백만원,376669966,112.23
인 천,"농업, 임업 및 어업",01~03,2022,매출액,백만원,188176,121.67
인 천,광업,05~08,2022,매출액,백만원,173664,90.72
인 천,제조업,10~34,2022,매출액,백만원,113656771,117.47
인 천,"전기, 가스, 증기 및 공기조절 공급업",35,2022,매출액,백만원,17497875,149.66
인 천,"수도, 하수 및 폐기물 처리, 원료 재생업",36~39,2022,매출액,백만원,2644729,103.88
인 천,건설업,41~42,2022,매출액,백만원,24640127,103.69
인 천,도매 및 소매업,45~47,2022,매출액,백만원,98518312,103.39
인 천,운수 및 창고업,49~52,2022,매출액,백만원,27845463,131.06
인 천,숙박 및 음식점업,55~56,2022,매출액,백만원,9826155,119.46
인 천,정보통신업,58~63,2022,매출액,백만원,2918252,113.14
인 천,금융 및 보험업,64~66,2022,매출액,백만원,22168362,127.49
인 천,부동산업,68,2022,매출액,백만원,13682652,89.11
인 천,"전문, 과학 및 기술 서비스업",70~73,2022,매출액,백만원,7867713,102.67
인 천,"사업시설 관리, 사업 지원 및 임대 서비스업",74~76,2022,매출액,백만원,4808004,104.31
인 천,"공공행정, 국방 및 사회보장 행정",84,2022,매출액,백만원,9317562,110.47
인 천,교육 서비스업,85,2022,매출액,백만원,5664401,93.2
인 천,보건업 및 사회복지 서비스업,86~87,2022,매출액,백만원,9915849,106.87
인 천,"예술, 스포츠 및 여가관련 서비스업",90~91,2022,매출액,백만원,2206221,147.32
인 천,"협회 및 단체, 수리 및 기타 개인 서비스업",94~96,2022,매출액,백만원,3129678,108.16
광 주,전체 산업,0,2022,매출액,백만원,184076132,104.77
광 주,"농업, 임업 및 어업",01~03,2022,매출액,백만원,146071,138.62
광 주,광업,05~08,2022,매출액,백만원,12639,145.54
광 주,제조업,10~34,2022,매출액,백만원,53457503,107.78
광 주,"전기, 가스, 증기 및 공기조절 공급업",35,2022,매출액,백만원,4122564,108.73
광 주,"수도, 하수 및 폐기물 처리, 원료 재생업",36~39,2022,매출액,백만원,855886,101.49
광 주,건설업,41~42,2022,매출액,백만원,26416365,109.39
광 주,도매 및 소매업,45~47,2022,매출액,백만원,35662769,101.05
광 주,운수 및 창고업,49~52,2022,매출액,백만원,5959642,114.25
광 주,숙박 및 음식점업,55~56,2022,매출액,백만원,4601562,114.58
광 주,정보통신업,58~63,2022,매출액,백만원,3652833,87.98
광 주,금융 및 보험업,64~66,2022,매출액,백만원,15429311,110.24
광 주,부동산업,68,2022,매출액,백만원,8848959,80.47
광 주,"전문, 과학 및 기술 서비스업",70~73,2022,매출액,백만원,3249881,105.69
광 주,"사업시설 관리, 사업 지원 및 임대 서비스업",74~76,2022,매출액,백만원,2870724,105.28
광 주,"공공행정, 국방 및 사회보장 행정",84,2022,매출액,백만원,5718413,105.5
광 주,교육 서비스업,85,2022,매출액,백만원,3453537,97.54
광 주,보건업 및 사회복지 서비스업,86~87,2022,매출액,백만원,6459179,107.86
광 주,"예술, 스포츠 및 여가관련 서비스업",90~91,2022,매출액,백만원,1087423,121.2
광 주,"협회 및 단체, 수리 및 기타 개인 서비스업",94~96,2022,매출액,백만원,2070871,110.25
대 전,전체 산업,0,2022,매출액,백만원,171378512,112.83
대 전,"농업, 임업 및 어업",01~03,2022,매출액,백만원,81311,101.63
대 전,광업,05~08,2022,매출액,백만원,6694,174.82
대 전,제조업,10~34,2022,매출액,백만원,27987451,110.45
대 전,"전기, 가스, 증기 및 공기조절 공급업",35,2022,매출액,백만원,5269492,112.31
대 전,"수도, 하수 및 폐기물 처리, 원료 재생업",36~39,2022,매출액,백만원,1564466,99.01
대 전,건설업,41~42,2022,매출액,백만원,15544973,112.85
대 전,도매 및 소매업,45~47,2022,매출액,백만원,35718878,102.62
대 전,운수 및 창고업,49~52,2022,매출액,백만원,4316688,110.44
대 전,숙박 및 음식점업,55~56,2022,매출액,백만원,5023135,116.2
대 전,정보통신업,58~63,2022,매출액,백만원,4532933,99.0
대 전,금융 및 보험업,64~66,2022,매출액,백만원,20389967,118.37
대 전,부동산업,68,2022,매출액,백만원,4025306,86.61
대 전,"전문, 과학 및 기술 서비스업",70~73,2022,매출액,백만원,21466378,141.96
대 전,"사업시설 관리, 사업 지원 및 임대 서비스업",74~76,2022,매출액,백만원,3490410,109.7
대 전,"공공행정, 국방 및 사회보장 행정",84,2022,매출액,백만원,8487906,132.42
대 전,교육 서비스업,85,2022,매출액,백만원,4555061,118.55
대 전,보건업 및 사회복지 서비스업,86~87,2022,매출액,백만원,5873713,107.1
대 전,"예술, 스포츠 및 여가관련 서비스업",90~91,2022,매출액,백만원,861540,98.4
대 전,"협회 및 단체, 수리 및 기타 개인 서비스업",94~96,2022,매출액,백만원,2182210,107.98
울 산,전체 산업,0,2022,매출액,백만원,369613875,130.67
울 산,"농업, 임업 및 어업",01~03,2022,매출액,백만원,71235,113.38
울 산,광업,05~08,2022,매출액,백만원,159532,105.03
울 산,제조업,10~34,2022,매출액,백만원,290209357,135.59
울 산,"전기, 가스, 증기 및 공기조절 공급업",35,2022,매출액,백만원,7834553,144.89
울 산,"수도, 하수 및 폐기물 처리, 원료 재생업",36~39,2022,매출액,백만원,850533,115.15
울 산,건설업,41~42,2022,매출액,백만원,8981641,123.14
울 산,도매 및 소매업,45~47,2022,매출액,백만원,19009727,108.11
울 산,운수 및 창고업,49~52,2022,매출액,백만원,6692644,118.7
울 산,숙박 및 음식점업,55~56,2022,매출액,백만원,3808325,116.12
울 산,정보통신업,58~63,2022,매출액,백만원,978721,97.69
울 산,금융 및 보험업,64~66,2022,매출액,백만원,10252514,125.01
울 산,부동산업,68,2022,매출액,백만원,1761689,92.07
울 산,"전문, 과학 및 기술 서비스업",70~73,2022,매출액,백만원,4272554,120.4
울 산,"사업시설 관리, 사업 지원 및 임대 서비스업",74~76,2022,매출액,백만원,2092383,104.8
울 산,"공공행정, 국방 및 사회보장 행정",84,2022,매출액,백만원,4210826,105.08
울 산,교육 서비스업,85,2022,매출액,백만원,3056091,100.05
울 산,보건업 및 사회복지 서비스업,86~87,2022,매출액,백만원,3750001,108.45
울 산,"예술, 스포츠 및 여가관련 서비스업",90~91,2022,매출액,백만원,583737,111.48
울 산,"협회 및 단체, 수리 및 기타 개인 서비스업",94~96,2022,매출액,백만원,1037812,106.54
세 종,전체 산업,0,2022,매출액,백만원,46719861,108.11
세 종,"농업, 임업 및 어업",01~03,2022,매출액,백만원,128781,98.34
세 종,광업,05~08,2022,매출액,백만원,48210,109.51
세 종,제조업,10~34,2022,매출액,백만원,12713946,112.87
세 종,"전기, 가스, 증기 및 공기조절 공급업",35,2022,매출액,백만원,1192840,139.66
세 종,"수도, 하수 및 폐기물 처리, 원료 재생업",36~39,2022,매출액,백만원,207227,98.54
세 종,건설업,41~42,2022,매출액,백만원,2214260,116.04
세 종,도매 및 소매업,45~47,2022,매출액,백만원,4653094,99.65
세 종,운수 및 창고업,49~52,2022,매출액,백만원,1088324,122.59
세 종,숙박 및 음식점업,55~56,2022,매출액,백만원,1095342,115.39
세 종,정보통신업,58~63,2022,매출액,백만원,618455,127.99
세 종,금융 및 보험업,64~66,2022,매출액,백만원,2131081,129.83
세 종,부동산업,68,2022,매출액,백만원,1620058,66.14
세 종,"전문, 과학 및 기술 서비스업",70~73,2022,매출액,백만원,2178842,97.13
세 종,"사업시설 관리, 사업 지원 및 임대 서비스업",74~76,2022,매출액,백만원,496786,114.95
세 종,"공공행정, 국방 및 사회보장 행정",84,2022,매출액,백만원,10659461,109.84
세 종,교육 서비스업,85,2022,매출액,백만원,859235,90.31
세 종,보건업 및 사회복지 서비스업,86~87,2022,매출액,백만원,954979,107.33
세 종,"예술, 스포츠 및 여가관련 서비스업",90~91,2022,매출액,백만원,3386735,109.09
세 종,"협회 및 단체, 수리 및 기타 개인 서비스업",94~96,2022,매출액,백만원,472205,119.36
경 기,전체 산업,0,2022,매출액,백만원,1868460782,109.6
경 기,"농업, 임업 및 어업",01~03,2022,매출액,백만원,2897273,102.64
경 기,광업,05~08,2022,매출액,백만원,916757,106.77
경 기,제조업,10~34,2022,매출액,백만원,694846466,107.65
경 기,"전기, 가스, 증기 및 공기조절 공급업",35,2022,매출액,백만원,45794768,147.48
경 기,"수도, 하수 및 폐기물 처리, 원료 재생업",36~39,2022,매출액,백만원,10147798,105.15
경 기,건설업,41~42,2022,매출액,백만원,104701058,112.9
경 기,도매 및 소매업,45~47,2022,매출액,백만원,399322401,105.71
경 기,운수 및 창고업,49~52,2022,매출액,백만원,78027814,120.25
경 기,숙박 및 음식점업,55~56,2022,매출액,백만원,46825430,119.16
경 기,정보통신업,58~63,2022,매출액,백만원,53778470,110.66
경 기,금융 및 보험업,64~66,2022,매출액,백만원,103233481,123.53
경 기,부동산업,68,2022,매출액,백만원,54939958,87.66
경 기,"전문, 과학 및 기술 서비스업",70~73,2022,매출액,백만원,105129244,114.7
경 기,"사업시설 관리, 사업 지원 및 임대 서비스업",74~76,2022,매출액,백만원,27247728,115.41
경 기,"공공행정, 국방 및 사회보장 행정",84,2022,매출액,백만원,37033134,96.63
경 기,교육 서비스업,85,2022,매출액,백만원,29655504,105.28
경 기,보건업 및 사회복지 서비스업,86~87,2022,매출액,백만원,43042778,109.57
경 기,"예술, 스포츠 및 여가관련 서비스업",90~91,2022,매출액,백만원,14879499,156.41
경 기,"협회 및 단체, 수리 및 기타 개인 서비스업",94~96,2022,매출액,백만원,16041221,107.78
강 원,전체 산업,0,2022,매출액,백만원,141135492,113.32
강 원,"농업, 임업 및 어업",01~03,2022,매출액,백만원,1141425,101.77
강 원,광업,05~08,2022,매출액,백만원,2223889,154.37
강 원,제조업,10~34,2022,매출액,백만원,22200357,113.84
강 원,"전기, 가스, 증기 및 공기조절 공급업",35,2022,매출액,백만원,12456712,153.29
강 원,"수도, 하수 및 폐기물 처리, 원료 재생업",36~39,2022,매출액,백만원,1281813,110.85
강 원,건설업,41~42,2022,매출액,백만원,11003227,104.76
강 원,도매 및 소매업,45~47,2022,매출액,백만원,26541192,108.45
강 원,운수 및 창고업,49~52,2022,매출액,백만원,4704787,108.17
강 원,숙박 및 음식점업,55~56,2022,매출액,백만원,7806267,120.53
강 원,정보통신업,58~63,2022,매출액,백만원,1762961,96.5
강 원,금융 및 보험업,64~66,2022,매출액,백만원,13462894,115.86
강 원,부동산업,68,2022,매출액,백만원,3103244,90.32
강 원,"전문, 과학 및 기술 서비스업",70~73,2022,매출액,백만원,2963561,104.64
강 원,"사업시설 관리, 사업 지원 및 임대 서비스업",74~76,2022,매출액,백만원,2529211,120.75
강 원,"공공행정, 국방 및 사회보장 행정",84,2022,매출액,백만원,13126383,107.6
강 원,교육 서비스업,85,2022,매출액,백만원,4046132,99.19
강 원,보건업 및 사회복지 서비스업,86~87,2022,매출액,백만원,5636192,111.92
강 원,"예술, 스포츠 및 여가관련 서비스업",90~91,2022,매출액,백만원,3104138,126.43
강 원,"협회 및 단체, 수리 및 기타 개인 서비스업",94~96,2022,매출액,백만원,2041107,112.5
충 북,전체 산업,0,2022,매출액,백만원,265658788,112.05
충 북,"농업, 임업 및 어업",01~03,2022,매출액,백만원,1771003,112.15
충 북,광업,05~08,2022,매출액,백만원,431776,103.48
충 북,제조업,10~34,2022,매출액,백만원,149657108,112.0
충 북,"전기, 가스, 증기 및 공기조절 공급업",35,2022,매출액,백만원,4723131,131.48
충 북,"수도, 하수 및 폐기물 처리, 원료 재생업",36~39,2022,매출액,백만원,1957803,103.31
충 북,건설업,41~42,2022,매출액,백만원,12725981,109.45
충 북,도매 및 소매업,45~47,2022,매출액,백만원,30425483,106.62
충 북,운수 및 창고업,49~52,2022,매출액,백만원,8166710,116.98
충 북,숙박 및 음식점업,55~56,2022,매출액,백만원,6024454,117.8
충 북,정보통신업,58~63,2022,매출액,백만원,1760118,94.18
충 북,금융 및 보험업,64~66,2022,매출액,백만원,13592724,124.78
충 북,부동산업,68,2022,매출액,백만원,4524539,119.49
충 북,"전문, 과학 및 기술 서비스업",70~73,2022,매출액,백만원,3444007,108.04
충 북,"사업시설 관리, 사업 지원 및 임대 서비스업",74~76,2022,매출액,백만원,3347056,103.49
충 북,"공공행정, 국방 및 사회보장 행정",84,2022,매출액,백만원,10115256,117.1
충 북,교육 서비스업,85,2022,매출액,백만원,4120252,99.89
충 북,보건업 및 사회복지 서비스업,86~87,2022,매출액,백만원,5592391,110.58
충 북,"예술, 스포츠 및 여가관련 서비스업",90~91,2022,매출액,백만원,1552232,121.28
충 북,"협회 및 단체, 수리 및 기타 개인 서비스업",94~96,2022,매출액,백만원,1726764,103.88
충 남,전체 산업,0,2022,매출액,백만원,467235975,117.84
충 남,"농업, 임업 및 어업",01~03,2022,매출액,백만원,3089150,105.17
충 남,광업,05~08,2022,매출액,백만원,455060,119.99
충 남,제조업,10~34,2022,매출액,백만원,293996442,117.62
충 남,"전기, 가스, 증기 및 공기조절 공급업",35,2022,매출액,백만원,26004308,164.2
충 남,"수도, 하수 및 폐기물 처리, 원료 재생업",36~39,2022,매출액,백만원,2267317,108.72
충 남,건설업,41~42,2022,매출액,백만원,17316113,114.41
충 남,도매 및 소매업,45~47,2022,매출액,백만원,45320698,113.16
충 남,운수 및 창고업,49~52,2022,매출액,백만원,12480664,114.15
충 남,숙박 및 음식점업,55~56,2022,매출액,백만원,8162533,119.4
충 남,정보통신업,58~63,2022,매출액,백만원,1865443,102.31
충 남,금융 및 보험업,64~66,2022,매출액,백만원,16315974,119.59
충 남,부동산업,68,2022,매출액,백만원,4117127,107.03
충 남,"전문, 과학 및 기술 서비스업",70~73,2022,매출액,백만원,5320843,130.78
충 남,"사업시설 관리, 사업 지원 및 임대 서비스업",74~76,2022,매출액,백만원,3941245,112.37
충 남,"공공행정, 국방 및 사회보장 행정",84,2022,매출액,백만원,9862800,99.04
충 남,교육 서비스업,85,2022,매출액,백만원,5419656,96.85
충 남,보건업 및 사회복지 서비스업,86~87,2022,매출액,백만원,7345541,111.45
충 남,"예술, 스포츠 및 여가관련 서비스업",90~91,2022,매출액,백만원,1649384,133.91
충 남,"협회 및 단체, 수리 및 기타 개인 서비스업",94~96,2022,매출액,백만원,2305677,110.3
전 북,전체 산업,0,2022,매출액,백만원,192535249,111.54
전 북,"농업, 임업 및 어업",01~03,2022,매출액,백만원,2843910,102.85
전 북,광업,05~08,2022,매출액,백만원,235372,92.04
전 북,제조업,10~34,2022,매출액,백만원,65163312,114.91
전 북,"전기, 가스, 증기 및 공기조절 공급업",35,2022,매출액,백만원,9522836,156.59
전 북,"수도, 하수 및 폐기물 처리, 원료 재생업",36~39,2022,매출액,백만원,1633527,107.48
전 북,건설업,41~42,2022,매출액,백만원,13364056,103.68
전 북,도매 및 소매업,45~47,2022,매출액,백만원,34121167,108.94
전 북,운수 및 창고업,49~52,2022,매출액,백만원,5775309,114.37
전 북,숙박 및 음식점업,55~56,2022,매출액,백만원,5459091,116.04
전 북,정보통신업,58~63,2022,매출액,백만원,1626886,103.54
전 북,금융 및 보험업,64~66,2022,매출액,백만원,18044200,120.82
전 북,부동산업,68,2022,매출액,백만원,2853986,103.4
전 북,"전문, 과학 및 기술 서비스업",70~73,2022,매출액,백만원,4102112,101.28
전 북,"사업시설 관리, 사업 지원 및 임대 서비스업",74~76,2022,매출액,백만원,1847554,106.15
전 북,"공공행정, 국방 및 사회보장 행정",84,2022,매출액,백만원,11028208,99.09
전 북,교육 서비스업,85,2022,매출액,백만원,4550280,80.02
전 북,보건업 및 사회복지 서비스업,86~87,2022,매출액,백만원,7136379,110.7
전 북,"예술, 스포츠 및 여가관련 서비스업",90~91,2022,매출액,백만원,1295098,117.14
전 북,"협회 및 단체, 수리 및 기타 개인 서비스업",94~96,2022,매출액,백만원,1931966,102.06
전 남,전체 산업,0,2022,매출액,백만원,326484391,118.55
전 남,"농업, 임업 및 어업",01~03,2022,매출액,백만원,3382700,108.22
전 남,광업,05~08,2022,매출액,백만원,365640,102.66
전 남,제조업,10~34,2022,매출액,백만원,178924247,127.29
전 남,"전기, 가스, 증기 및 공기조절 공급업",35,2022,매출액,백만원,17886874,133.79
전 남,"수도, 하수 및 폐기물 처리, 원료 재생업",36~39,2022,매출액,백만원,1844619,106.53
전 남,건설업,41~42,2022,매출액,백만원,18878936,103.33
전 남,도매 및 소매업,45~47,2022,매출액,백만원,33092594,107.81
전 남,운수 및 창고업,49~52,2022,매출액,백만원,11701501,115.3
전 남,숙박 및 음식점업,55~56,2022,매출액,백만원,5906420,116.39
전 남,정보통신업,58~63,2022,매출액,백만원,2790825,102.58
전 남,금융 및 보험업,64~66,2022,매출액,백만원,15074346,110.84
전 남,부동산업,68,2022,매출액,백만원,2353477,81.27
전 남,"전문, 과학 및 기술 서비스업",70~73,2022,매출액,백만원,3193180,93.0
전 남,"사업시설 관리, 사업 지원 및 임대 서비스업",74~76,2022,매출액,백만원,2580065,100.24
전 남,"공공행정, 국방 및 사회보장 행정",84,2022,매출액,백만원,13683095,103.16
전 남,교육 서비스업,85,2022,매출액,백만원,4106389,108.61
전 남,보건업 및 사회복지 서비스업,86~87,2022,매출액,백만원,7324029,110.41
전 남,"예술, 스포츠 및 여가관련 서비스업",90~91,2022,매출액,백만원,1422618,108.01
전 남,"협회 및 단체, 수리 및 기타 개인 서비스업",94~96,2022,매출액,백만원,1972836,107.16
경 북,전체 산업,0,2022,매출액,백만원,384362747,110.89
경 북,"농업, 임업 및 어업",01~03,2022,매출액,백만원,2205598,110.1
경 북,광업,05~08,2022,매출액,백만원,394656,108.16
경 북,제조업,10~34,2022,매출액,백만원,208968661,111.9
경 북,"전기, 가스, 증기 및 공기조절 공급업",35,2022,매출액,백만원,15372983,129.25
경 북,"수도, 하수 및 폐기물 처리, 원료 재생업",36~39,2022,매출액,백만원,3955233,108.55
경 북,건설업,41~42,2022,매출액,백만원,17686368,109.06
경 북,도매 및 소매업,45~47,2022,매출액,백만원,48052173,107.77
경 북,운수 및 창고업,49~52,2022,매출액,백만원,11360163,97.0
경 북,숙박 및 음식점업,55~56,2022,매출액,백만원,8685580,115.96
경 북,정보통신업,58~63,2022,매출액,백만원,2244037,106.44
경 북,금융 및 보험업,64~66,2022,매출액,백만원,19627676,118.88
경 북,부동산업,68,2022,매출액,백만원,2740846,91.3
경 북,"전문, 과학 및 기술 서비스업",70~73,2022,매출액,백만원,6743467,108.27
경 북,"사업시설 관리, 사업 지원 및 임대 서비스업",74~76,2022,매출액,백만원,3317785,107.53
경 북,"공공행정, 국방 및 사회보장 행정",84,2022,매출액,백만원,14361466,108.2
경 북,교육 서비스업,85,2022,매출액,백만원,5997132,93.45
경 북,보건업 및 사회복지 서비스업,86~87,2022,매출액,백만원,8169266,111.27
경 북,"예술, 스포츠 및 여가관련 서비스업",90~91,2022,매출액,백만원,2079928,117.91
경 북,"협회 및 단체, 수리 및 기타 개인 서비스업",94~96,2022,매출액,백만원,2399729,106.87
경 남,전체 산업,0,2022,매출액,백만원,412800643,113.32
경 남,"농업, 임업 및 어업",01~03,2022,매출액,백만원,1569795,105.3
경 남,광업,05~08,2022,매출액,백만원,201332,93.65
경 남,제조업,10~34,2022,매출액,백만원,191488511,115.55
경 남,"전기, 가스, 증기 및 공기조절 공급업",35,2022,매출액,백만원,18046487,156.84
경 남,"수도, 하수 및 폐기물 처리, 원료 재생업",36~39,2022,매출액,백만원,3120698,108.01
경 남,건설업,41~42,2022,매출액,백만원,19347810,104.59
경 남,도매 및 소매업,45~47,2022,매출액,백만원,65100047,109.88
경 남,운수 및 창고업,49~52,2022,매출액,백만원,15795430,115.13
경 남,숙박 및 음식점업,55~56,2022,매출액,백만원,10648533,117.37
경 남,정보통신업,58~63,2022,매출액,백만원,3188368,109.84
경 남,금융 및 보험업,64~66,2022,매출액,백만원,26308928,114.65
경 남,부동산업,68,2022,매출액,백만원,9816942,81.53
경 남,"전문, 과학 및 기술 서비스업",70~73,2022,매출액,백만원,6423263,128.08
경 남,"사업시설 관리, 사업 지원 및 임대 서비스업",74~76,2022,매출액,백만원,4249852,113.98
경 남,"공공행정, 국방 및 사회보장 행정",84,2022,매출액,백만원,13268512,102.42
경 남,교육 서비스업,85,2022,매출액,백만원,7049684,101.48
경 남,보건업 및 사회복지 서비스업,86~87,2022,매출액,백만원,11610568,111.87
경 남,"예술, 스포츠 및 여가관련 서비스업",90~91,2022,매출액,백만원,2125174,118.38
경 남,"협회 및 단체, 수리 및 기타 개인 서비스업",94~96,2022,매출액,백만원,3440709,107.89
제 주,전체 산업,0,2022,매출액,백만원,63727132,112.33
제 주,"농업, 임업 및 어업",01~03,2022,매출액,백만원,850645,101.81
제 주,광업,05~08,2022,매출액,백만원,53769,114.87
제 주,제조업,10~34,2022,매출액,백만원,3244345,102.74
제 주,"전기, 가스, 증기 및 공기조절 공급업",35,2022,매출액,백만원,4563651,168.1
제 주,"수도, 하수 및 폐기물 처리, 원료 재생업",36~39,2022,매출액,백만원,333676,106.12
제 주,건설업,41~42,2022,매출액,백만원,5380462,107.22
제 주,도매 및 소매업,45~47,2022,매출액,백만원,16239252,114.94
제 주,운수 및 창고업,49~52,2022,매출액,백만원,2427652,125.39
제 주,숙박 및 음식점업,55~56,2022,매출액,백만원,5211619,122.2
제 주,정보통신업,58~63,2022,매출액,백만원,1624909,110.67
제 주,금융 및 보험업,64~66,2022,매출액,백만원,7806051,111.49
제 주,부동산업,68,2022,매출액,백만원,1684626,77.84
제 주,"전문, 과학 및 기술 서비스업",70~73,2022,매출액,백만원,1231323,112.96
제 주,"사업시설 관리, 사업 지원 및 임대 서비스업",74~76,2022,매출액,백만원,1828495,105.75
제 주,"공공행정, 국방 및 사회보장 행정",84,2022,매출액,백만원,4528785,94.93
제 주,교육 서비스업,85,2022,매출액,백만원,1843706,109.75
제 주,보건업 및 사회복지 서비스업,86~87,2022,매출액,백만원,2255506,105.73
제 주,"예술, 스포츠 및 여가관련 서비스업",90~91,2022,매출액,백만원,1663492,134.61
제 주,"협회 및 단체, 수리 및 기타 개인 서비스업",94~96,2022,매출액,백만원,955168,91.63
전 국,전체 산업,0,2023,사업체수,개,6246489,102.74
전 국,"농업, 임업 및 어업",01~03,2023,사업체수,개,12630,98.86
전 국,광업,05~08,2023,사업체수,개,1873,89.02
전 국,제조업,10~34,2023,사업체수,개,537580,92.84
전 국,"전기, 가스, 증기 및 공기조절 공급업",35,2023,사업체수,개,109976,124.25
전 국,"수도, 하수 및 폐기물 처리, 원료 재생업",36~39,2023,사업체수,개,13696,103.01
전 국,건설업,41~42,2023,사업체수,개,497848,102.63
전 국,도매 및 소매업,45~47,2023,사업체수,개,1576429,102.62
전 국,운수 및 창고업,49~52,2023,사업체수,개,669091,108.53
전 국,숙박 및 음식점업,55~56,2023,사업체수,개,860198,99.67
전 국,정보통신업,58~63,2023,사업체수,개,131273,108.72
전 국,금융 및 보험업,64~66,2023,사업체수,개,65525,102.33
전 국,부동산업,68,2023,사업체수,개,288971,101.05
전 국,"전문, 과학 및 기술 서비스업",70~73,2023,사업체수,개,232104,103.88
전 국,"사업시설 관리, 사업 지원 및 임대 서비스업",74~76,2023,사업체수,개,137330,96.42
전 국,"공공행정, 국방 및 사회보장 행정",84,2023,사업체수,개,13105,100.41
전 국,교육 서비스업,85,2023,사업체수,개,270205,108.42
전 국,보건업 및 사회복지 서비스업,86~87,2023,사업체수,개,167755,103.37
전 국,"예술, 스포츠 및 여가관련 서비스업",90~91,2023,사업체수,개,147479,102.86
전 국,"협회 및 단체, 수리 및 기타 개인 서비스업",94~96,2023,사업체수,개,513421,107.27
서 울,전체 산업,0,2023,사업체수,개,1177287,99.09
서 울,"농업, 임업 및 어업",01~03,2023,사업체수,개,112,72.73
서 울,광업,05~08,2023,사업체수,개,21,84.0
서 울,제조업,10~34,2023,사업체수,개,67269,87.51
서 울,"전기, 가스, 증기 및 공기조절 공급업",35,2023,사업체수,개,755,110.54
서 울,"수도, 하수 및 폐기물 처리, 원료 재생업",36~39,2023,사업체수,개,741,102.92
서 울,건설업,41~42,2023,사업체수,개,66079,98.07
서 울,도매 및 소매업,45~47,2023,사업체수,개,332064,98.88
서 울,운수 및 창고업,49~52,2023,사업체수,개,117785,106.75
서 울,숙박 및 음식점업,55~56,2023,사업체수,개,138619,97.84
서 울,정보통신업,58~63,2023,사업체수,개,57551,99.89
서 울,금융 및 보험업,64~66,2023,사업체수,개,24807,106.64
서 울,부동산업,68,2023,사업체수,개,71119,97.44
서 울,"전문, 과학 및 기술 서비스업",70~73,2023,사업체수,개,80707,97.94
서 울,"사업시설 관리, 사업 지원 및 임대 서비스업",74~76,2023,사업체수,개,28626,90.99
서 울,"공공행정, 국방 및 사회보장 행정",84,2023,사업체수,개,1334,97.44
서 울,교육 서비스업,85,2023,사업체수,개,49232,105.07
서 울,보건업 및 사회복지 서비스업,86~87,2023,사업체수,개,32286,101.32
서 울,"예술, 스포츠 및 여가관련 서비스업",90~91,2023,사업체수,개,28777,100.19
서 울,"협회 및 단체, 수리 및 기타 개인 서비스업",94~96,2023,사업체수,개,79403,101.95
부 산,전체 산업,0,2023,사업체수,개,401008,99.94
부 산,"농업, 임업 및 어업",01~03,2023,사업체수,개,139,84.76
부 산,광업,05~08,2023,사업체수,개,13,65.0
부 산,제조업,10~34,2023,사업체수,개,35062,92.01
부 산,"전기, 가스, 증기 및 공기조절 공급업",35,2023,사업체수,개,377,126.09
부 산,"수도, 하수 및 폐기물 처리, 원료 재생업",36~39,2023,사업체수,개,677,106.45
부 산,건설업,41~42,2023,사업체수,개,26182,99.92
부 산,도매 및 소매업,45~47,2023,사업체수,개,109774,99.7
부 산,운수 및 창고업,49~52,2023,사업체수,개,51527,103.54
부 산,숙박 및 음식점업,55~56,2023,사업체수,개,55922,97.79
부 산,정보통신업,58~63,2023,사업체수,개,4536,110.34
부 산,금융 및 보험업,64~66,2023,사업체수,개,3836,96.36
부 산,부동산업,68,2023,사업체수,개,21251,101.33
부 산,"전문, 과학 및 기술 서비스업",70~73,2023,사업체수,개,12728,100.74
부 산,"사업시설 관리, 사업 지원 및 임대 서비스업",74~76,2023,사업체수,개,8763,94.2
부 산,"공공행정, 국방 및 사회보장 행정",84,2023,사업체수,개,720,99.59
부 산,교육 서비스업,85,2023,사업체수,개,17176,107.09
부 산,보건업 및 사회복지 서비스업,86~87,2023,사업체수,개,10799,104.93
부 산,"예술, 스포츠 및 여가관련 서비스업",90~91,2023,사업체수,개,8247,100.72
부 산,"협회 및 단체, 수리 및 기타 개인 서비스업",94~96,2023,사업체수,개,33279,102.32
대 구,전체 산업,0,2023,사업체수,개,285388,102.0
대 구,"농업, 임업 및 어업",01~03,2023,사업체수,개,96,165.52
대 구,광업,05~08,2023,사업체수,개,10,111.11
대 구,제조업,10~34,2023,사업체수,개,30025,91.85
대 구,"전기, 가스, 증기 및 공기조절 공급업",35,2023,사업체수,개,1357,208.45
대 구,"수도, 하수 및 폐기물 처리, 원료 재생업",36~39,2023,사업체수,개,499,106.85
대 구,건설업,41~42,2023,사업체수,개,20206,104.19
대 구,도매 및 소매업,45~47,2023,사업체수,개,75135,101.43
대 구,운수 및 창고업,49~52,2023,사업체수,개,34118,109.79
대 구,숙박 및 음식점업,55~56,2023,사업체수,개,37976,99.63
대 구,정보통신업,58~63,2023,사업체수,개,3052,108.53
대 구,금융 및 보험업,64~66,2023,사업체수,개,2843,101.94
대 구,부동산업,68,2023,사업체수,개,12480,98.99
대 구,"전문, 과학 및 기술 서비스업",70~73,2023,사업체수,개,8417,101.42
대 구,"사업시설 관리, 사업 지원 및 임대 서비스업",74~76,2023,사업체수,개,5263,95.28
대 구,"공공행정, 국방 및 사회보장 행정",84,2023,사업체수,개,511,109.19
대 구,교육 서비스업,85,2023,사업체수,개,13920,106.2
대 구,보건업 및 사회복지 서비스업,86~87,2023,사업체수,개,8135,106.16
대 구,"예술, 스포츠 및 여가관련 서비스업",90~91,2023,사업체수,개,6386,100.35
대 구,"협회 및 단체, 수리 및 기타 개인 서비스업",94~96,2023,사업체수,개,24959,105.64
인 천,전체 산업,0,2023,사업체수,개,322297,104.34
인 천,"농업, 임업 및 어업",01~03,2023,사업체수,개,122,92.42
인 천,광업,05~08,2023,사업체수,개,36,102.86
인 천,제조업,10~34,2023,사업체수,개,30869,91.94
인 천,"전기, 가스, 증기 및 공기조절 공급업",35,2023,사업체수,개,539,121.95
인 천,"수도, 하수 및 폐기물 처리, 원료 재생업",36~39,2023,사업체수,개,781,104.13
인 천,건설업,41~42,2023,사업체수,개,25648,102.68
인 천,도매 및 소매업,45~47,2023,사업체수,개,84976,108.14
인 천,운수 및 창고업,49~52,2023,사업체수,개,42619,109.94
인 천,숙박 및 음식점업,55~56,2023,사업체수,개,41726,99.94
인 천,정보통신업,58~63,2023,사업체수,개,5169,123.25
인 천,금융 및 보험업,64~66,2023,사업체수,개,2350,99.37
인 천,부동산업,68,2023,사업체수,개,14760,100.56
인 천,"전문, 과학 및 기술 서비스업",70~73,2023,사업체수,개,9307,106.71
인 천,"사업시설 관리, 사업 지원 및 임대 서비스업",74~76,2023,사업체수,개,7534,99.62
인 천,"공공행정, 국방 및 사회보장 행정",84,2023,사업체수,개,529,103.93
인 천,교육 서비스업,85,2023,사업체수,개,13282,114.07
인 천,보건업 및 사회복지 서비스업,86~87,2023,사업체수,개,8626,104.81
인 천,"예술, 스포츠 및 여가관련 서비스업",90~91,2023,사업체수,개,8021,101.91
인 천,"협회 및 단체, 수리 및 기타 개인 서비스업",94~96,2023,사업체수,개,25403,105.36
광 주,전체 산업,0,2023,사업체수,개,173424,101.43
광 주,"농업, 임업 및 어업",01~03,2023,사업체수,개,106,92.17
광 주,광업,05~08,2023,사업체수,개,15,136.36
광 주,제조업,10~34,2023,사업체수,개,10711,92.56
광 주,"전기, 가스, 증기 및 공기조절 공급업",35,2023,사업체수,개,1972,115.25
광 주,"수도, 하수 및 폐기물 처리, 원료 재생업",36~39,2023,사업체수,개,259,103.6
광 주,건설업,41~42,2023,사업체수,개,15953,101.17
광 주,도매 및 소매업,45~47,2023,사업체수,개,43318,100.29
광 주,운수 및 창고업,49~52,2023,사업체수,개,20126,106.0
광 주,숙박 및 음식점업,55~56,2023,사업체수,개,22065,97.95
광 주,정보통신업,58~63,2023,사업체수,개,2066,113.52
광 주,금융 및 보험업,64~66,2023,사업체수,개,2048,101.74
광 주,부동산업,68,2023,사업체수,개,9150,98.05
광 주,"전문, 과학 및 기술 서비스업",70~73,2023,사업체수,개,6117,106.16
광 주,"사업시설 관리, 사업 지원 및 임대 서비스업",74~76,2023,사업체수,개,3910,97.53
광 주,"공공행정, 국방 및 사회보장 행정",84,2023,사업체수,개,287,100.35
광 주,교육 서비스업,85,2023,사업체수,개,8337,104.47
광 주,보건업 및 사회복지 서비스업,86~87,2023,사업체수,개,5496,103.39
광 주,"예술, 스포츠 및 여가관련 서비스업",90~91,2023,사업체수,개,4465,96.42
광 주,"협회 및 단체, 수리 및 기타 개인 서비스업",94~96,2023,사업체수,개,17023,108.49
대 전,전체 산업,0,2023,사업체수,개,167782,102.25
대 전,"농업, 임업 및 어업",01~03,2023,사업체수,개,84,87.5
대 전,광업,05~08,2023,사업체수,개,8,80.0
대 전,제조업,10~34,2023,사업체수,개,10302,93.26
대 전,"전기, 가스, 증기 및 공기조절 공급업",35,2023,사업체수,개,508,111.65
대 전,"수도, 하수 및 폐기물 처리, 원료 재생업",36~39,2023,사업체수,개,231,100.43
대 전,건설업,41~42,2023,사업체수,개,13622,103.63
대 전,도매 및 소매업,45~47,2023,사업체수,개,45395,103.18
대 전,운수 및 창고업,49~52,2023,사업체수,개,18298,101.66
대 전,숙박 및 음식점업,55~56,2023,사업체수,개,23164,99.17
대 전,정보통신업,58~63,2023,사업체수,개,3364,116.08
대 전,금융 및 보험업,64~66,2023,사업체수,개,1682,100.06
대 전,부동산업,68,2023,사업체수,개,7208,98.78
대 전,"전문, 과학 및 기술 서비스업",70~73,2023,사업체수,개,6042,104.06
대 전,"사업시설 관리, 사업 지원 및 임대 서비스업",74~76,2023,사업체수,개,3964,100.25
대 전,"공공행정, 국방 및 사회보장 행정",84,2023,사업체수,개,286,97.95
대 전,교육 서비스업,85,2023,사업체수,개,7952,107.72
대 전,보건업 및 사회복지 서비스업,86~87,2023,사업체수,개,5219,101.52
대 전,"예술, 스포츠 및 여가관련 서비스업",90~91,2023,사업체수,개,4363,102.66
대 전,"협회 및 단체, 수리 및 기타 개인 서비스업",94~96,2023,사업체수,개,16090,106.83
울 산,전체 산업,0,2023,사업체수,개,116666,101.09
울 산,"농업, 임업 및 어업",01~03,2023,사업체수,개,120,118.81
울 산,광업,05~08,2023,사업체수,개,15,93.75
울 산,제조업,10~34,2023,사업체수,개,9313,92.9
울 산,"전기, 가스, 증기 및 공기조절 공급업",35,2023,사업체수,개,329,124.62
울 산,"수도, 하수 및 폐기물 처리, 원료 재생업",36~39,2023,사업체수,개,330,105.1
울 산,건설업,41~42,2023,사업체수,개,10278,103.51
울 산,도매 및 소매업,45~47,2023,사업체수,개,26733,102.81
울 산,운수 및 창고업,49~52,2023,사업체수,개,12828,101.64
울 산,숙박 및 음식점업,55~56,2023,사업체수,개,19964,97.3
울 산,정보통신업,58~63,2023,사업체수,개,916,118.5
울 산,금융 및 보험업,64~66,2023,사업체수,개,1061,94.48
울 산,부동산업,68,2023,사업체수,개,4776,97.23
울 산,"전문, 과학 및 기술 서비스업",70~73,2023,사업체수,개,3327,105.42
울 산,"사업시설 관리, 사업 지원 및 임대 서비스업",74~76,2023,사업체수,개,2527,93.84
울 산,"공공행정, 국방 및 사회보장 행정",84,2023,사업체수,개,218,98.64
울 산,교육 서비스업,85,2023,사업체수,개,6279,106.24
울 산,보건업 및 사회복지 서비스업,86~87,2023,사업체수,개,3170,102.06
울 산,"예술, 스포츠 및 여가관련 서비스업",90~91,2023,사업체수,개,3224,102.58
울 산,"협회 및 단체, 수리 및 기타 개인 서비스업",94~96,2023,사업체수,개,11258,106.42
세 종,전체 산업,0,2023,사업체수,개,34099,111.88
세 종,"농업, 임업 및 어업",01~03,2023,사업체수,개,85,97.7
세 종,광업,05~08,2023,사업체수,개,9,112.5
세 종,제조업,10~34,2023,사업체수,개,1870,101.58
세 종,"전기, 가스, 증기 및 공기조절 공급업",35,2023,사업체수,개,393,113.26
세 종,"수도, 하수 및 폐기물 처리, 원료 재생업",36~39,2023,사업체수,개,108,106.93
세 종,건설업,41~42,2023,사업체수,개,2320,104.79
세 종,도매 및 소매업,45~47,2023,사업체수,개,7288,115.5
세 종,운수 및 창고업,49~52,2023,사업체수,개,2568,115.16
세 종,숙박 및 음식점업,55~56,2023,사업체수,개,4829,105.37
세 종,정보통신업,58~63,2023,사업체수,개,975,137.71
세 종,금융 및 보험업,64~66,2023,사업체수,개,277,108.63
세 종,부동산업,68,2023,사업체수,개,2741,99.85
세 종,"전문, 과학 및 기술 서비스업",70~73,2023,사업체수,개,1497,121.02
세 종,"사업시설 관리, 사업 지원 및 임대 서비스업",74~76,2023,사업체수,개,848,108.44
세 종,"공공행정, 국방 및 사회보장 행정",84,2023,사업체수,개,171,103.64
세 종,교육 서비스업,85,2023,사업체수,개,3214,121.7
세 종,보건업 및 사회복지 서비스업,86~87,2023,사업체수,개,1128,111.02
세 종,"예술, 스포츠 및 여가관련 서비스업",90~91,2023,사업체수,개,965,110.92
세 종,"협회 및 단체, 수리 및 기타 개인 서비스업",94~96,2023,사업체수,개,2813,120.32
경 기,전체 산업,0,2023,사업체수,개,1562116,105.47
경 기,"농업, 임업 및 어업",01~03,2023,사업체수,개,1667,101.09
경 기,광업,05~08,2023,사업체수,개,106,91.38
경 기,제조업,10~34,2023,사업체수,개,171187,92.82
경 기,"전기, 가스, 증기 및 공기조절 공급업",35,2023,사업체수,개,7698,126.4
경 기,"수도, 하수 및 폐기물 처리, 원료 재생업",36~39,2023,사업체수,개,3658,103.39
경 기,건설업,41~42,2023,사업체수,개,117019,102.75
경 기,도매 및 소매업,45~47,2023,사업체수,개,406623,108.03
경 기,운수 및 창고업,49~52,2023,사업체수,개,178600,114.63
경 기,숙박 및 음식점업,55~56,2023,사업체수,개,183285,101.12
경 기,정보통신업,58~63,2023,사업체수,개,37078,117.62
경 기,금융 및 보험업,64~66,2023,사업체수,개,10355,100.96
경 기,부동산업,68,2023,사업체수,개,83842,104.71
경 기,"전문, 과학 및 기술 서비스업",70~73,2023,사업체수,개,58767,110.76
경 기,"사업시설 관리, 사업 지원 및 임대 서비스업",74~76,2023,사업체수,개,35486,98.22
경 기,"공공행정, 국방 및 사회보장 행정",84,2023,사업체수,개,2034,101.5
경 기,교육 서비스업,85,2023,사업체수,개,72609,112.38
경 기,보건업 및 사회복지 서비스업,86~87,2023,사업체수,개,39791,103.99
경 기,"예술, 스포츠 및 여가관련 서비스업",90~91,2023,사업체수,개,37748,105.56
경 기,"협회 및 단체, 수리 및 기타 개인 서비스업",94~96,2023,사업체수,개,114563,107.87
강 원,전체 산업,0,2023,사업체수,개,209314,104.47
강 원,"농업, 임업 및 어업",01~03,2023,사업체수,개,963,99.9
강 원,광업,05~08,2023,사업체수,개,203,94.86
강 원,제조업,10~34,2023,사업체수,개,10426,97.6
강 원,"전기, 가스, 증기 및 공기조절 공급업",35,2023,사업체수,개,6801,124.67
강 원,"수도, 하수 및 폐기물 처리, 원료 재생업",36~39,2023,사업체수,개,672,105.33
강 원,건설업,41~42,2023,사업체수,개,25072,104.28
강 원,도매 및 소매업,45~47,2023,사업체수,개,45006,101.78
강 원,운수 및 창고업,49~52,2023,사업체수,개,16249,109.99
강 원,숙박 및 음식점업,55~56,2023,사업체수,개,43926,101.87
강 원,정보통신업,58~63,2023,사업체수,개,1929,90.39
강 원,금융 및 보험업,64~66,2023,사업체수,개,1811,99.02
강 원,부동산업,68,2023,사업체수,개,6266,105.99
강 원,"전문, 과학 및 기술 서비스업",70~73,2023,사업체수,개,4990,111.83
강 원,"사업시설 관리, 사업 지원 및 임대 서비스업",74~76,2023,사업체수,개,4442,103.09
강 원,"공공행정, 국방 및 사회보장 행정",84,2023,사업체수,개,827,101.1
강 원,교육 서비스업,85,2023,사업체수,개,8183,107.46
강 원,보건업 및 사회복지 서비스업,86~87,2023,사업체수,개,5646,105.28
강 원,"예술, 스포츠 및 여가관련 서비스업",90~91,2023,사업체수,개,5616,104.25
강 원,"협회 및 단체, 수리 및 기타 개인 서비스업",94~96,2023,사업체수,개,20286,110.08
충 북,전체 산업,0,2023,사업체수,개,203356,104.52
충 북,"농업, 임업 및 어업",01~03,2023,사업체수,개,861,103.36
충 북,광업,05~08,2023,사업체수,개,106,93.81
충 북,제조업,10~34,2023,사업체수,개,18189,97.56
충 북,"전기, 가스, 증기 및 공기조절 공급업",35,2023,사업체수,개,8180,129.39
충 북,"수도, 하수 및 폐기물 처리, 원료 재생업",36~39,2023,사업체수,개,716,103.77
충 북,건설업,41~42,2023,사업체수,개,21484,104.22
충 북,도매 및 소매업,45~47,2023,사업체수,개,44092,100.85
충 북,운수 및 창고업,49~52,2023,사업체수,개,21338,110.67
충 북,숙박 및 음식점업,55~56,2023,사업체수,개,31440,99.98
충 북,정보통신업,58~63,2023,사업체수,개,1949,139.02
충 북,금융 및 보험업,64~66,2023,사업체수,개,1546,100.91
충 북,부동산업,68,2023,사업체수,개,6754,103.96
충 북,"전문, 과학 및 기술 서비스업",70~73,2023,사업체수,개,4845,109.32
충 북,"사업시설 관리, 사업 지원 및 임대 서비스업",74~76,2023,사업체수,개,4698,100.36
충 북,"공공행정, 국방 및 사회보장 행정",84,2023,사업체수,개,576,100.52
충 북,교육 서비스업,85,2023,사업체수,개,7567,108.92
충 북,보건업 및 사회복지 서비스업,86~87,2023,사업체수,개,5411,103.64
충 북,"예술, 스포츠 및 여가관련 서비스업",90~91,2023,사업체수,개,5049,104.15
충 북,"협회 및 단체, 수리 및 기타 개인 서비스업",94~96,2023,사업체수,개,18555,110.67
충 남,전체 산업,0,2023,사업체수,개,276134,105.69
충 남,"농업, 임업 및 어업",01~03,2023,사업체수,개,1666,105.18
충 남,광업,05~08,2023,사업체수,개,113,86.26
충 남,제조업,10~34,2023,사업체수,개,24019,97.23
충 남,"전기, 가스, 증기 및 공기조절 공급업",35,2023,사업체수,개,15615,124.05
충 남,"수도, 하수 및 폐기물 처리, 원료 재생업",36~39,2023,사업체수,개,857,100.47
충 남,건설업,41~42,2023,사업체수,개,27444,106.6
충 남,도매 및 소매업,45~47,2023,사업체수,개,62559,103.42
충 남,운수 및 창고업,49~52,2023,사업체수,개,25056,107.83
충 남,숙박 및 음식점업,55~56,2023,사업체수,개,42097,101.52
충 남,정보통신업,58~63,2023,사업체수,개,2608,132.39
충 남,금융 및 보험업,64~66,2023,사업체수,개,2050,101.89
충 남,부동산업,68,2023,사업체수,개,9777,105.0
충 남,"전문, 과학 및 기술 서비스업",70~73,2023,사업체수,개,6261,109.96
충 남,"사업시설 관리, 사업 지원 및 임대 서비스업",74~76,2023,사업체수,개,6185,105.55
충 남,"공공행정, 국방 및 사회보장 행정",84,2023,사업체수,개,775,100.13
충 남,교육 서비스업,85,2023,사업체수,개,10179,110.68
충 남,보건업 및 사회복지 서비스업,86~87,2023,사업체수,개,7229,103.51
충 남,"예술, 스포츠 및 여가관련 서비스업",90~91,2023,사업체수,개,6245,103.98
충 남,"협회 및 단체, 수리 및 기타 개인 서비스업",94~96,2023,사업체수,개,25399,112.11
전 북,전체 산업,0,2023,사업체수,개,239757,103.62
전 북,"농업, 임업 및 어업",01~03,2023,사업체수,개,1413,93.64
전 북,광업,05~08,2023,사업체수,개,99,85.34
전 북,제조업,10~34,2023,사업체수,개,15570,95.03
전 북,"전기, 가스, 증기 및 공기조절 공급업",35,2023,사업체수,개,25570,117.43
전 북,"수도, 하수 및 폐기물 처리, 원료 재생업",36~39,2023,사업체수,개,639,104.24
전 북,건설업,41~42,2023,사업체수,개,23170,102.42
전 북,도매 및 소매업,45~47,2023,사업체수,개,52432,98.67
전 북,운수 및 창고업,49~52,2023,사업체수,개,22586,109.02
전 북,숙박 및 음식점업,55~56,2023,사업체수,개,31373,100.14
전 북,정보통신업,58~63,2023,사업체수,개,1815,111.42
전 북,금융 및 보험업,64~66,2023,사업체수,개,2125,101.24
전 북,부동산업,68,2023,사업체수,개,6970,98.03
전 북,"전문, 과학 및 기술 서비스업",70~73,2023,사업체수,개,5380,102.93
전 북,"사업시설 관리, 사업 지원 및 임대 서비스업",74~76,2023,사업체수,개,4145,95.79
전 북,"공공행정, 국방 및 사회보장 행정",84,2023,사업체수,개,931,100.54
전 북,교육 서비스업,85,2023,사업체수,개,9383,103.55
전 북,보건업 및 사회복지 서비스업,86~87,2023,사업체수,개,7041,103.8
전 북,"예술, 스포츠 및 여가관련 서비스업",90~91,2023,사업체수,개,5037,103.71
전 북,"협회 및 단체, 수리 및 기타 개인 서비스업",94~96,2023,사업체수,개,24078,113.81
전 남,전체 산업,0,2023,사업체수,개,243020,103.55
전 남,"농업, 임업 및 어업",01~03,2023,사업체수,개,2057,90.18
전 남,광업,05~08,2023,사업체수,개,848,88.15
전 남,제조업,10~34,2023,사업체수,개,16993,97.57
전 남,"전기, 가스, 증기 및 공기조절 공급업",35,2023,사업체수,개,16045,125.01
전 남,"수도, 하수 및 폐기물 처리, 원료 재생업",36~39,2023,사업체수,개,821,102.63
전 남,건설업,41~42,2023,사업체수,개,26314,105.81
전 남,도매 및 소매업,45~47,2023,사업체수,개,54466,99.39
전 남,운수 및 창고업,49~52,2023,사업체수,개,24616,101.17
전 남,숙박 및 음식점업,55~56,2023,사업체수,개,37127,100.18
전 남,정보통신업,58~63,2023,사업체수,개,1772,111.73
전 남,금융 및 보험업,64~66,2023,사업체수,개,1938,98.68
전 남,부동산업,68,2023,사업체수,개,5470,104.21
전 남,"전문, 과학 및 기술 서비스업",70~73,2023,사업체수,개,4716,106.17
전 남,"사업시설 관리, 사업 지원 및 임대 서비스업",74~76,2023,사업체수,개,4381,99.55
전 남,"공공행정, 국방 및 사회보장 행정",84,2023,사업체수,개,1292,100.08
전 남,교육 서비스업,85,2023,사업체수,개,8124,106.52
전 남,보건업 및 사회복지 서비스업,86~87,2023,사업체수,개,6657,104.7
전 남,"예술, 스포츠 및 여가관련 서비스업",90~91,2023,사업체수,개,5180,105.05
전 남,"협회 및 단체, 수리 및 기타 개인 서비스업",94~96,2023,사업체수,개,24203,112.67
경 북,전체 산업,0,2023,사업체수,개,336555,102.4
경 북,"농업, 임업 및 어업",01~03,2023,사업체수,개,1271,102.83
경 북,광업,05~08,2023,사업체수,개,174,88.78
경 북,제조업,10~34,2023,사업체수,개,35501,93.68
경 북,"전기, 가스, 증기 및 공기조절 공급업",35,2023,사업체수,개,15073,130.49
경 북,"수도, 하수 및 폐기물 처리, 원료 재생업",36~39,2023,사업체수,개,1243,99.76
경 북,건설업,41~42,2023,사업체수,개,33756,104.12
경 북,도매 및 소매업,45~47,2023,사업체수,개,73945,100.7
경 북,운수 및 창고업,49~52,2023,사업체수,개,33831,104.12
경 북,숙박 및 음식점업,55~56,2023,사업체수,개,54980,99.27
경 북,정보통신업,58~63,2023,사업체수,개,2449,116.12
경 북,금융 및 보험업,64~66,2023,사업체수,개,2628,97.26
경 북,부동산업,68,2023,사업체수,개,8705,100.78
경 북,"전문, 과학 및 기술 서비스업",70~73,2023,사업체수,개,6466,105.16
경 북,"사업시설 관리, 사업 지원 및 임대 서비스업",74~76,2023,사업체수,개,5941,97.84
경 북,"공공행정, 국방 및 사회보장 행정",84,2023,사업체수,개,1283,98.01
경 북,교육 서비스업,85,2023,사업체수,개,12585,106.45
경 북,보건업 및 사회복지 서비스업,86~87,2023,사업체수,개,8441,100.9
경 북,"예술, 스포츠 및 여가관련 서비스업",90~91,2023,사업체수,개,7028,102.96
경 북,"협회 및 단체, 수리 및 기타 개인 서비스업",94~96,2023,사업체수,개,31255,108.48
경 남,전체 산업,0,2023,사업체수,개,399164,101.67
경 남,"농업, 임업 및 어업",01~03,2023,사업체수,개,1149,108.7
경 남,광업,05~08,2023,사업체수,개,86,77.48
경 남,제조업,10~34,2023,사업체수,개,46864,94.75
경 남,"전기, 가스, 증기 및 공기조절 공급업",35,2023,사업체수,개,7643,128.95
경 남,"수도, 하수 및 폐기물 처리, 원료 재생업",36~39,2023,사업체수,개,1268,100.63
경 남,건설업,41~42,2023,사업체수,개,33704,103.92
경 남,도매 및 소매업,45~47,2023,사업체수,개,90637,100.62
경 남,운수 및 창고업,49~52,2023,사업체수,개,38517,107.03
경 남,숙박 및 음식점업,55~56,2023,사업체수,개,67454,98.09
경 남,정보통신업,58~63,2023,사업체수,개,2961,118.72
경 남,금융 및 보험업,64~66,2023,사업체수,개,3287,99.31
경 남,부동산업,68,2023,사업체수,개,13607,99.5
경 남,"전문, 과학 및 기술 서비스업",70~73,2023,사업체수,개,9562,104.16
경 남,"사업시설 관리, 사업 지원 및 임대 서비스업",74~76,2023,사업체수,개,7737,92.16
경 남,"공공행정, 국방 및 사회보장 행정",84,2023,사업체수,개,1104,100.36
경 남,교육 서비스업,85,2023,사업체수,개,17966,105.65
경 남,보건업 및 사회복지 서비스업,86~87,2023,사업체수,개,10380,102.18
경 남,"예술, 스포츠 및 여가관련 서비스업",90~91,2023,사업체수,개,8344,103.37
경 남,"협회 및 단체, 수리 및 기타 개인 서비스업",94~96,2023,사업체수,개,36894,108.05
제 주,전체 산업,0,2023,사업체수,개,99122,103.11
제 주,"농업, 임업 및 어업",01~03,2023,사업체수,개,719,95.23
제 주,광업,05~08,2023,사업체수,개,11,100.0
제 주,제조업,10~34,2023,사업체수,개,3410,92.06
제 주,"전기, 가스, 증기 및 공기조절 공급업",35,2023,사업체수,개,1121,100.18
제 주,"수도, 하수 및 폐기물 처리, 원료 재생업",36~39,2023,사업체수,개,196,103.16
제 주,건설업,41~42,2023,사업체수,개,9597,101.73
제 주,도매 및 소매업,45~47,2023,사업체수,개,21986,100.52
제 주,운수 및 창고업,49~52,2023,사업체수,개,8429,104.37
제 주,숙박 및 음식점업,55~56,2023,사업체수,개,24251,103.33
제 주,정보통신업,58~63,2023,사업체수,개,1083,112.0
제 주,금융 및 보험업,64~66,2023,사업체수,개,881,102.32
제 주,부동산업,68,2023,사업체수,개,4095,102.97
제 주,"전문, 과학 및 기술 서비스업",70~73,2023,사업체수,개,2975,107.28
제 주,"사업시설 관리, 사업 지원 및 임대 서비스업",74~76,2023,사업체수,개,2880,97.26
제 주,"공공행정, 국방 및 사회보장 행정",84,2023,사업체수,개,227,101.34
제 주,교육 서비스업,85,2023,사업체수,개,4217,111.3
제 주,보건업 및 사회복지 서비스업,86~87,2023,사업체수,개,2300,106.48
제 주,"예술, 스포츠 및 여가관련 서비스업",90~91,2023,사업체수,개,2784,105.26
제 주,"협회 및 단체, 수리 및 기타 개인 서비스업",94~96,2023,사업체수,개,7960,111.42
전 국,전체 산업,0,2023,종사자수,명,25445897,102.06
전 국,"농업, 임업 및 어업",01~03,2023,종사자수,명,65192,98.53
전 국,광업,05~08,2023,종사자수,명,13232,89.03
전 국,제조업,10~34,2023,종사자수,명,4156969,98.56
전 국,"전기, 가스, 증기 및 공기조절 공급업",35,2023,종사자수,명,175313,111.67
전 국,"수도, 하수 및 폐기물 처리, 원료 재생업",36~39,2023,종사자수,명,131801,98.97
전 국,건설업,41~42,2023,종사자수,명,1923114,96.76
전 국,도매 및 소매업,45~47,2023,종사자수,명,3574852,97.46
전 국,운수 및 창고업,49~52,2023,종사자수,명,1427375,104.84
전 국,숙박 및 음식점업,55~56,2023,종사자수,명,2298936,109.05
전 국,정보통신업,58~63,2023,종사자수,명,873769,105.02
전 국,금융 및 보험업,64~66,2023,종사자수,명,703095,99.02
전 국,부동산업,68,2023,종사자수,명,674587,95.97
전 국,"전문, 과학 및 기술 서비스업",70~73,2023,종사자수,명,1492837,106.26
전 국,"사업시설 관리, 사업 지원 및 임대 서비스업",74~76,2023,종사자수,명,1338595,102.91
전 국,"공공행정, 국방 및 사회보장 행정",84,2023,종사자수,명,929279,103.56
전 국,교육 서비스업,85,2023,종사자수,명,1718615,101.87
전 국,보건업 및 사회복지 서비스업,86~87,2023,종사자수,명,2567968,108.94
전 국,"예술, 스포츠 및 여가관련 서비스업",90~91,2023,종사자수,명,455369,107.95
전 국,"협회 및 단체, 수리 및 기타 개인 서비스업",94~96,2023,종사자수,명,924999,102.34
서 울,전체 산업,0,2023,종사자수,명,5800617,100.51
서 울,"농업, 임업 및 어업",01~03,2023,종사자수,명,522,69.32
서 울,광업,05~08,2023,종사자수,명,141,104.44
서 울,제조업,10~34,2023,종사자수,명,241919,90.44
서 울,"전기, 가스, 증기 및 공기조절 공급업",35,2023,종사자수,명,7368,107.2
서 울,"수도, 하수 및 폐기물 처리, 원료 재생업",36~39,2023,종사자수,명,10599,99.9
서 울,건설업,41~42,2023,종사자수,명,408445,90.96
서 울,도매 및 소매업,45~47,2023,종사자수,명,950356,94.18
서 울,운수 및 창고업,49~52,2023,종사자수,명,285491,104.01
서 울,숙박 및 음식점업,55~56,2023,종사자수,명,462916,109.16
서 울,정보통신업,58~63,2023,종사자수,명,507543,103.45
서 울,금융 및 보험업,64~66,2023,종사자수,명,288023,98.07
서 울,부동산업,68,2023,종사자수,명,193591,94.26
서 울,"전문, 과학 및 기술 서비스업",70~73,2023,종사자수,명,628504,105.14
서 울,"사업시설 관리, 사업 지원 및 임대 서비스업",74~76,2023,종사자수,명,524790,106.45
서 울,"공공행정, 국방 및 사회보장 행정",84,2023,종사자수,명,163456,101.42
서 울,교육 서비스업,85,2023,종사자수,명,364171,100.69
서 울,보건업 및 사회복지 서비스업,86~87,2023,종사자수,명,486955,108.12
서 울,"예술, 스포츠 및 여가관련 서비스업",90~91,2023,종사자수,명,91995,103.96
서 울,"협회 및 단체, 수리 및 기타 개인 서비스업",94~96,2023,종사자수,명,183832,98.57
부 산,전체 산업,0,2023,종사자수,명,1555085,100.69
부 산,"농업, 임업 및 어업",01~03,2023,종사자수,명,2915,105.73
부 산,광업,05~08,2023,종사자수,명,32,37.65
부 산,제조업,10~34,2023,종사자수,명,205191,96.32
부 산,"전기, 가스, 증기 및 공기조절 공급업",35,2023,종사자수,명,4428,107.22
부 산,"수도, 하수 및 폐기물 처리, 원료 재생업",36~39,2023,종사자수,명,7695,97.34
부 산,건설업,41~42,2023,종사자수,명,115039,92.81
부 산,도매 및 소매업,45~47,2023,종사자수,명,240302,97.2
부 산,운수 및 창고업,49~52,2023,종사자수,명,132691,100.71
부 산,숙박 및 음식점업,55~56,2023,종사자수,명,158094,110.62
부 산,정보통신업,58~63,2023,종사자수,명,22775,106.62
부 산,금융 및 보험업,64~66,2023,종사자수,명,48280,98.83
부 산,부동산업,68,2023,종사자수,명,46384,97.16
부 산,"전문, 과학 및 기술 서비스업",70~73,2023,종사자수,명,59574,101.56
부 산,"사업시설 관리, 사업 지원 및 임대 서비스업",74~76,2023,종사자수,명,78448,99.71
부 산,"공공행정, 국방 및 사회보장 행정",84,2023,종사자수,명,52920,100.89
부 산,교육 서비스업,85,2023,종사자수,명,104913,100.36
부 산,보건업 및 사회복지 서비스업,86~87,2023,종사자수,명,190746,108.33
부 산,"예술, 스포츠 및 여가관련 서비스업",90~91,2023,종사자수,명,25159,110.71
부 산,"협회 및 단체, 수리 및 기타 개인 서비스업",94~96,2023,종사자수,명,59499,99.69
대 구,전체 산업,0,2023,종사자수,명,1028785,102.41
대 구,"농업, 임업 및 어업",01~03,2023,종사자수,명,575,147.81
대 구,광업,05~08,2023,종사자수,명,84,365.22
대 구,제조업,10~34,2023,종사자수,명,164964,97.14
대 구,"전기, 가스, 증기 및 공기조절 공급업",35,2023,종사자수,명,4014,121.34
대 구,"수도, 하수 및 폐기물 처리, 원료 재생업",36~39,2023,종사자수,명,4670,104.06
대 구,건설업,41~42,2023,종사자수,명,73138,97.06
대 구,도매 및 소매업,45~47,2023,종사자수,명,155834,97.89
대 구,운수 및 창고업,49~52,2023,종사자수,명,59657,106.11
대 구,숙박 및 음식점업,55~56,2023,종사자수,명,97701,110.01
대 구,정보통신업,58~63,2023,종사자수,명,16924,102.17
대 구,금융 및 보험업,64~66,2023,종사자수,명,31052,102.0
대 구,부동산업,68,2023,종사자수,명,28935,94.99
대 구,"전문, 과학 및 기술 서비스업",70~73,2023,종사자수,명,36467,105.45
대 구,"사업시설 관리, 사업 지원 및 임대 서비스업",74~76,2023,종사자수,명,45788,106.16
대 구,"공공행정, 국방 및 사회보장 행정",84,2023,종사자수,명,36921,107.18
대 구,교육 서비스업,85,2023,종사자수,명,82152,100.25
대 구,보건업 및 사회복지 서비스업,86~87,2023,종사자수,명,132104,111.41
대 구,"예술, 스포츠 및 여가관련 서비스업",90~91,2023,종사자수,명,16255,105.33
대 구,"협회 및 단체, 수리 및 기타 개인 서비스업",94~96,2023,종사자수,명,41550,100.43
인 천,전체 산업,0,2023,종사자수,명,1258759,102.89
인 천,"농업, 임업 및 어업",01~03,2023,종사자수,명,488,75.31
인 천,광업,05~08,2023,종사자수,명,437,85.69
인 천,제조업,10~34,2023,종사자수,명,246065,98.29
인 천,"전기, 가스, 증기 및 공기조절 공급업",35,2023,종사자수,명,4462,96.08
인 천,"수도, 하수 및 폐기물 처리, 원료 재생업",36~39,2023,종사자수,명,7695,97.91
인 천,건설업,41~42,2023,종사자수,명,84452,96.66
인 천,도매 및 소매업,45~47,2023,종사자수,명,174170,100.62
인 천,운수 및 창고업,49~52,2023,종사자수,명,100101,105.1
인 천,숙박 및 음식점업,55~56,2023,종사자수,명,114430,110.97
인 천,정보통신업,58~63,2023,종사자수,명,15766,105.75
인 천,금융 및 보험업,64~66,2023,종사자수,명,22316,98.32
인 천,부동산업,68,2023,종사자수,명,32141,97.68
인 천,"전문, 과학 및 기술 서비스업",70~73,2023,종사자수,명,43550,100.45
인 천,"사업시설 관리, 사업 지원 및 임대 서비스업",74~76,2023,종사자수,명,66620,102.92
인 천,"공공행정, 국방 및 사회보장 행정",84,2023,종사자수,명,46540,106.71
인 천,교육 서비스업,85,2023,종사자수,명,81747,103.01
인 천,보건업 및 사회복지 서비스업,86~87,2023,종사자수,명,150562,111.12
인 천,"예술, 스포츠 및 여가관련 서비스업",90~91,2023,종사자수,명,21528,111.49
인 천,"협회 및 단체, 수리 및 기타 개인 서비스업",94~96,2023,종사자수,명,45689,103.31
광 주,전체 산업,0,2023,종사자수,명,678748,100.37
광 주,"농업, 임업 및 어업",01~03,2023,종사자수,명,517,117.23
광 주,광업,05~08,2023,종사자수,명,33,82.5
광 주,제조업,10~34,2023,종사자수,명,82335,94.29
광 주,"전기, 가스, 증기 및 공기조절 공급업",35,2023,종사자수,명,3354,103.42
광 주,"수도, 하수 및 폐기물 처리, 원료 재생업",36~39,2023,종사자수,명,2765,105.21
광 주,건설업,41~42,2023,종사자수,명,72871,96.78
광 주,도매 및 소매업,45~47,2023,종사자수,명,91836,95.53
광 주,운수 및 창고업,49~52,2023,종사자수,명,38656,102.89
광 주,숙박 및 음식점업,55~56,2023,종사자수,명,59294,107.8
광 주,정보통신업,58~63,2023,종사자수,명,10619,82.52
광 주,금융 및 보험업,64~66,2023,종사자수,명,20870,95.84
광 주,부동산업,68,2023,종사자수,명,22009,86.11
광 주,"전문, 과학 및 기술 서비스업",70~73,2023,종사자수,명,29279,118.78
광 주,"사업시설 관리, 사업 지원 및 임대 서비스업",74~76,2023,종사자수,명,33069,103.69
광 주,"공공행정, 국방 및 사회보장 행정",84,2023,종사자수,명,24122,102.93
광 주,교육 서비스업,85,2023,종사자수,명,52509,101.98
광 주,보건업 및 사회복지 서비스업,86~87,2023,종사자수,명,93458,106.91
광 주,"예술, 스포츠 및 여가관련 서비스업",90~91,2023,종사자수,명,11758,101.76
광 주,"협회 및 단체, 수리 및 기타 개인 서비스업",94~96,2023,종사자수,명,29394,105.22
대 전,전체 산업,0,2023,종사자수,명,709610,103.07
대 전,"농업, 임업 및 어업",01~03,2023,종사자수,명,220,54.59
대 전,광업,05~08,2023,종사자수,명,23,85.19
대 전,제조업,10~34,2023,종사자수,명,66422,98.87
대 전,"전기, 가스, 증기 및 공기조절 공급업",35,2023,종사자수,명,2012,92.0
대 전,"수도, 하수 및 폐기물 처리, 원료 재생업",36~39,2023,종사자수,명,4148,90.25
대 전,건설업,41~42,2023,종사자수,명,66251,109.63
대 전,도매 및 소매업,45~47,2023,종사자수,명,97798,97.24
대 전,운수 및 창고업,49~52,2023,종사자수,명,34627,100.03
대 전,숙박 및 음식점업,55~56,2023,종사자수,명,65259,112.12
대 전,정보통신업,58~63,2023,종사자수,명,21980,109.58
대 전,금융 및 보험업,64~66,2023,종사자수,명,18933,99.89
대 전,부동산업,68,2023,종사자수,명,17336,93.06
대 전,"전문, 과학 및 기술 서비스업",70~73,2023,종사자수,명,61529,106.96
대 전,"사업시설 관리, 사업 지원 및 임대 서비스업",74~76,2023,종사자수,명,47028,105.09
대 전,"공공행정, 국방 및 사회보장 행정",84,2023,종사자수,명,28917,95.91
대 전,교육 서비스업,85,2023,종사자수,명,58946,100.07
대 전,보건업 및 사회복지 서비스업,86~87,2023,종사자수,명,78629,107.17
대 전,"예술, 스포츠 및 여가관련 서비스업",90~91,2023,종사자수,명,11423,106.95
대 전,"협회 및 단체, 수리 및 기타 개인 서비스업",94~96,2023,종사자수,명,28129,103.33
울 산,전체 산업,0,2023,종사자수,명,551628,101.41
울 산,"농업, 임업 및 어업",01~03,2023,종사자수,명,472,116.83
울 산,광업,05~08,2023,종사자수,명,142,51.64
울 산,제조업,10~34,2023,종사자수,명,171192,96.5
울 산,"전기, 가스, 증기 및 공기조절 공급업",35,2023,종사자수,명,2877,103.16
울 산,"수도, 하수 및 폐기물 처리, 원료 재생업",36~39,2023,종사자수,명,2829,102.8
울 산,건설업,41~42,2023,종사자수,명,45258,117.81
울 산,도매 및 소매업,45~47,2023,종사자수,명,54654,97.09
울 산,운수 및 창고업,49~52,2023,종사자수,명,30847,101.24
울 산,숙박 및 음식점업,55~56,2023,종사자수,명,47447,105.55
울 산,정보통신업,58~63,2023,종사자수,명,4762,98.76
울 산,금융 및 보험업,64~66,2023,종사자수,명,11108,97.63
울 산,부동산업,68,2023,종사자수,명,11078,95.43
울 산,"전문, 과학 및 기술 서비스업",70~73,2023,종사자수,명,20764,104.72
울 산,"사업시설 관리, 사업 지원 및 임대 서비스업",74~76,2023,종사자수,명,21380,100.87
울 산,"공공행정, 국방 및 사회보장 행정",84,2023,종사자수,명,17499,98.33
울 산,교육 서비스업,85,2023,종사자수,명,36112,103.1
울 산,보건업 및 사회복지 서비스업,86~87,2023,종사자수,명,46809,108.97
울 산,"예술, 스포츠 및 여가관련 서비스업",90~91,2023,종사자수,명,7791,104.82
울 산,"협회 및 단체, 수리 및 기타 개인 서비스업",94~96,2023,종사자수,명,18607,102.34
세 종,전체 산업,0,2023,종사자수,명,163650,106.98
세 종,"농업, 임업 및 어업",01~03,2023,종사자수,명,305,103.74
세 종,광업,05~08,2023,종사자수,명,184,221.69
세 종,제조업,10~34,2023,종사자수,명,23411,111.05
세 종,"전기, 가스, 증기 및 공기조절 공급업",35,2023,종사자수,명,968,109.13
세 종,"수도, 하수 및 폐기물 처리, 원료 재생업",36~39,2023,종사자수,명,843,107.66
세 종,건설업,41~42,2023,종사자수,명,8569,87.18
세 종,도매 및 소매업,45~47,2023,종사자수,명,14619,106.15
세 종,운수 및 창고업,49~52,2023,종사자수,명,5953,108.99
세 종,숙박 및 음식점업,55~56,2023,종사자수,명,13948,112.91
세 종,정보통신업,58~63,2023,종사자수,명,3792,127.46
세 종,금융 및 보험업,64~66,2023,종사자수,명,2140,110.08
세 종,부동산업,68,2023,종사자수,명,5908,98.38
세 종,"전문, 과학 및 기술 서비스업",70~73,2023,종사자수,명,10379,116.42
세 종,"사업시설 관리, 사업 지원 및 임대 서비스업",74~76,2023,종사자수,명,5948,107.25
세 종,"공공행정, 국방 및 사회보장 행정",84,2023,종사자수,명,25101,102.0
세 종,교육 서비스업,85,2023,종사자수,명,19185,109.68
세 종,보건업 및 사회복지 서비스업,86~87,2023,종사자수,명,13658,104.11
세 종,"예술, 스포츠 및 여가관련 서비스업",90~91,2023,종사자수,명,3383,119.54
세 종,"협회 및 단체, 수리 및 기타 개인 서비스업",94~96,2023,종사자수,명,5356,107.23
경 기,전체 산업,0,2023,종사자수,명,6187581,103.22
경 기,"농업, 임업 및 어업",01~03,2023,종사자수,명,8133,98.44
경 기,광업,05~08,2023,종사자수,명,1554,103.81
경 기,제조업,10~34,2023,종사자수,명,1357108,98.82
경 기,"전기, 가스, 증기 및 공기조절 공급업",35,2023,종사자수,명,16554,106.41
경 기,"수도, 하수 및 폐기물 처리, 원료 재생업",36~39,2023,종사자수,명,34144,98.27
경 기,건설업,41~42,2023,종사자수,명,404510,95.96
경 기,도매 및 소매업,45~47,2023,종사자수,명,915589,100.68
경 기,운수 및 창고업,49~52,2023,종사자수,명,358514,110.09
경 기,숙박 및 음식점업,55~56,2023,종사자수,명,520610,111.2
경 기,정보통신업,58~63,2023,종사자수,명,195454,111.0
경 기,금융 및 보험업,64~66,2023,종사자수,명,101918,100.79
경 기,부동산업,68,2023,종사자수,명,178916,98.95
경 기,"전문, 과학 및 기술 서비스업",70~73,2023,종사자수,명,371568,108.13
경 기,"사업시설 관리, 사업 지원 및 임대 서비스업",74~76,2023,종사자수,명,269662,100.09
경 기,"공공행정, 국방 및 사회보장 행정",84,2023,종사자수,명,152811,100.38
경 기,교육 서비스업,85,2023,종사자수,명,409918,105.07
경 기,보건업 및 사회복지 서비스업,86~87,2023,종사자수,명,561631,109.95
경 기,"예술, 스포츠 및 여가관련 서비스업",90~91,2023,종사자수,명,117950,109.09
경 기,"협회 및 단체, 수리 및 기타 개인 서비스업",94~96,2023,종사자수,명,211037,103.39
강 원,전체 산업,0,2023,종사자수,명,738221,103.35
강 원,"농업, 임업 및 어업",01~03,2023,종사자수,명,5309,100.0
강 원,광업,05~08,2023,종사자수,명,3578,85.74
강 원,제조업,10~34,2023,종사자수,명,63456,98.83
강 원,"전기, 가스, 증기 및 공기조절 공급업",35,2023,종사자수,명,10264,113.96
강 원,"수도, 하수 및 폐기물 처리, 원료 재생업",36~39,2023,종사자수,명,5565,98.86
강 원,건설업,41~42,2023,종사자수,명,79694,104.1
강 원,도매 및 소매업,45~47,2023,종사자수,명,90754,98.56
강 원,운수 및 창고업,49~52,2023,종사자수,명,32009,104.34
강 원,숙박 및 음식점업,55~56,2023,종사자수,명,101719,105.79
강 원,정보통신업,58~63,2023,종사자수,명,9435,96.18
강 원,금융 및 보험업,64~66,2023,종사자수,명,19336,98.98
강 원,부동산업,68,2023,종사자수,명,14548,99.8
강 원,"전문, 과학 및 기술 서비스업",70~73,2023,종사자수,명,23313,108.49
강 원,"사업시설 관리, 사업 지원 및 임대 서비스업",74~76,2023,종사자수,명,27940,104.87
강 원,"공공행정, 국방 및 사회보장 행정",84,2023,종사자수,명,48401,101.14
강 원,교육 서비스업,85,2023,종사자수,명,57143,100.59
강 원,보건업 및 사회복지 서비스업,86~87,2023,종사자수,명,88508,109.92
강 원,"예술, 스포츠 및 여가관련 서비스업",90~91,2023,종사자수,명,23806,108.26
강 원,"협회 및 단체, 수리 및 기타 개인 서비스업",94~96,2023,종사자수,명,33443,106.86
충 북,전체 산업,0,2023,종사자수,명,845108,103.4
충 북,"농업, 임업 및 어업",01~03,2023,종사자수,명,4451,101.85
충 북,광업,05~08,2023,종사자수,명,1156,101.49
충 북,제조업,10~34,2023,종사자수,명,227470,101.41
충 북,"전기, 가스, 증기 및 공기조절 공급업",35,2023,종사자수,명,9663,123.24
충 북,"수도, 하수 및 폐기물 처리, 원료 재생업",36~39,2023,종사자수,명,6702,103.89
충 북,건설업,41~42,2023,종사자수,명,69468,102.17
충 북,도매 및 소매업,45~47,2023,종사자수,명,89411,97.83
충 북,운수 및 창고업,49~52,2023,종사자수,명,41687,105.78
충 북,숙박 및 음식점업,55~56,2023,종사자수,명,73679,108.47
충 북,정보통신업,58~63,2023,종사자수,명,8073,106.79
충 북,금융 및 보험업,64~66,2023,종사자수,명,14941,102.06
충 북,부동산업,68,2023,종사자수,명,15374,94.79
충 북,"전문, 과학 및 기술 서비스업",70~73,2023,종사자수,명,29292,108.02
충 북,"사업시설 관리, 사업 지원 및 임대 서비스업",74~76,2023,종사자수,명,35610,100.45
충 북,"공공행정, 국방 및 사회보장 행정",84,2023,종사자수,명,36027,100.65
충 북,교육 서비스업,85,2023,종사자수,명,56083,102.66
충 북,보건업 및 사회복지 서비스업,86~87,2023,종사자수,명,79469,111.04
충 북,"예술, 스포츠 및 여가관련 서비스업",90~91,2023,종사자수,명,16137,111.33
충 북,"협회 및 단체, 수리 및 기타 개인 서비스업",94~96,2023,종사자수,명,30415,104.76
충 남,전체 산업,0,2023,종사자수,명,1100749,101.65
충 남,"농업, 임업 및 어업",01~03,2023,종사자수,명,8331,104.39
충 남,광업,05~08,2023,종사자수,명,837,95.22
충 남,제조업,10~34,2023,종사자수,명,311475,97.83
충 남,"전기, 가스, 증기 및 공기조절 공급업",35,2023,종사자수,명,21757,111.39
충 남,"수도, 하수 및 폐기물 처리, 원료 재생업",36~39,2023,종사자수,명,7579,97.54
충 남,건설업,41~42,2023,종사자수,명,84539,98.89
충 남,도매 및 소매업,45~47,2023,종사자수,명,122817,99.06
충 남,운수 및 창고업,49~52,2023,종사자수,명,48047,100.06
충 남,숙박 및 음식점업,55~56,2023,종사자수,명,99234,109.71
충 남,정보통신업,58~63,2023,종사자수,명,8720,105.75
충 남,금융 및 보험업,64~66,2023,종사자수,명,18408,101.7
충 남,부동산업,68,2023,종사자수,명,19875,101.45
충 남,"전문, 과학 및 기술 서비스업",70~73,2023,종사자수,명,31327,108.64
충 남,"사업시설 관리, 사업 지원 및 임대 서비스업",74~76,2023,종사자수,명,37116,88.9
충 남,"공공행정, 국방 및 사회보장 행정",84,2023,종사자수,명,44299,106.74
충 남,교육 서비스업,85,2023,종사자수,명,72581,101.14
충 남,보건업 및 사회복지 서비스업,86~87,2023,종사자수,명,106912,109.19
충 남,"예술, 스포츠 및 여가관련 서비스업",90~91,2023,종사자수,명,15801,110.74
충 남,"협회 및 단체, 수리 및 기타 개인 서비스업",94~96,2023,종사자수,명,41094,107.04
전 북,전체 산업,0,2023,종사자수,명,799091,101.01
전 북,"농업, 임업 및 어업",01~03,2023,종사자수,명,5996,94.45
전 북,광업,05~08,2023,종사자수,명,753,90.29
전 북,제조업,10~34,2023,종사자수,명,120105,98.69
전 북,"전기, 가스, 증기 및 공기조절 공급업",35,2023,종사자수,명,28140,115.38
전 북,"수도, 하수 및 폐기물 처리, 원료 재생업",36~39,2023,종사자수,명,5929,102.33
전 북,건설업,41~42,2023,종사자수,명,68448,95.32
전 북,도매 및 소매업,45~47,2023,종사자수,명,99833,94.63
전 북,운수 및 창고업,49~52,2023,종사자수,명,40099,102.86
전 북,숙박 및 음식점업,55~56,2023,종사자수,명,74778,107.08
전 북,정보통신업,58~63,2023,종사자수,명,8535,104.92
전 북,금융 및 보험업,64~66,2023,종사자수,명,21846,99.28
전 북,부동산업,68,2023,종사자수,명,15553,95.15
전 북,"전문, 과학 및 기술 서비스업",70~73,2023,종사자수,명,28266,107.17
전 북,"사업시설 관리, 사업 지원 및 임대 서비스업",74~76,2023,종사자수,명,22595,94.05
전 북,"공공행정, 국방 및 사회보장 행정",84,2023,종사자수,명,43730,105.66
전 북,교육 서비스업,85,2023,종사자수,명,59913,98.32
전 북,보건업 및 사회복지 서비스업,86~87,2023,종사자수,명,102573,105.46
전 북,"예술, 스포츠 및 여가관련 서비스업",90~91,2023,종사자수,명,14752,108.11
전 북,"협회 및 단체, 수리 및 기타 개인 서비스업",94~96,2023,종사자수,명,37247,104.04
전 남,전체 산업,0,2023,종사자수,명,888352,103.72
전 남,"농업, 임업 및 어업",01~03,2023,종사자수,명,9869,88.23
전 남,광업,05~08,2023,종사자수,명,2318,79.82
전 남,제조업,10~34,2023,종사자수,명,129241,102.49
전 남,"전기, 가스, 증기 및 공기조절 공급업",35,2023,종사자수,명,23152,113.21
전 남,"수도, 하수 및 폐기물 처리, 원료 재생업",36~39,2023,종사자수,명,7538,94.63
전 남,건설업,41~42,2023,종사자수,명,108835,105.46
전 남,도매 및 소매업,45~47,2023,종사자수,명,105727,97.55
전 남,운수 및 창고업,49~52,2023,종사자수,명,52183,98.78
전 남,숙박 및 음식점업,55~56,2023,종사자수,명,82873,107.11
전 남,정보통신업,58~63,2023,종사자수,명,9594,103.43
전 남,금융 및 보험업,64~66,2023,종사자수,명,18988,97.3
전 남,부동산업,68,2023,종사자수,명,13503,96.22
전 남,"전문, 과학 및 기술 서비스업",70~73,2023,종사자수,명,24717,107.69
전 남,"사업시설 관리, 사업 지원 및 임대 서비스업",74~76,2023,종사자수,명,26727,93.02
전 남,"공공행정, 국방 및 사회보장 행정",84,2023,종사자수,명,59202,115.44
전 남,교육 서비스업,85,2023,종사자수,명,56309,100.97
전 남,보건업 및 사회복지 서비스업,86~87,2023,종사자수,명,103727,110.38
전 남,"예술, 스포츠 및 여가관련 서비스업",90~91,2023,종사자수,명,17257,109.66
전 남,"협회 및 단체, 수리 및 기타 개인 서비스업",94~96,2023,종사자수,명,36592,105.1
경 북,전체 산업,0,2023,종사자수,명,1263352,102.35
경 북,"농업, 임업 및 어업",01~03,2023,종사자수,명,7209,107.71
경 북,광업,05~08,2023,종사자수,명,1130,84.08
경 북,제조업,10~34,2023,종사자수,명,320444,101.45
경 북,"전기, 가스, 증기 및 공기조절 공급업",35,2023,종사자수,명,22051,114.61
경 북,"수도, 하수 및 폐기물 처리, 원료 재생업",36~39,2023,종사자수,명,10688,101.15
경 북,건설업,41~42,2023,종사자수,명,101001,100.24
경 북,도매 및 소매업,45~47,2023,종사자수,명,142835,98.23
경 북,운수 및 창고업,49~52,2023,종사자수,명,62288,100.9
경 북,숙박 및 음식점업,55~56,2023,종사자수,명,117020,106.27
경 북,정보통신업,58~63,2023,종사자수,명,10390,103.61
경 북,금융 및 보험업,64~66,2023,종사자수,명,22914,98.57
경 북,부동산업,68,2023,종사자수,명,19947,91.99
경 북,"전문, 과학 및 기술 서비스업",70~73,2023,종사자수,명,39105,108.55
경 북,"사업시설 관리, 사업 지원 및 임대 서비스업",74~76,2023,종사자수,명,34209,105.34
경 북,"공공행정, 국방 및 사회보장 행정",84,2023,종사자수,명,63582,104.5
경 북,교육 서비스업,85,2023,종사자수,명,82638,98.69
경 북,보건업 및 사회복지 서비스업,86~87,2023,종사자수,명,134791,105.83
경 북,"예술, 스포츠 및 여가관련 서비스업",90~91,2023,종사자수,명,21795,110.32
경 북,"협회 및 단체, 수리 및 기타 개인 서비스업",94~96,2023,종사자수,명,49315,103.99
경 남,전체 산업,0,2023,종사자수,명,1547788,102.37
경 남,"농업, 임업 및 어업",01~03,2023,종사자수,명,6363,109.09
경 남,광업,05~08,2023,종사자수,명,669,91.64
경 남,제조업,10~34,2023,종사자수,명,413205,101.73
경 남,"전기, 가스, 증기 및 공기조절 공급업",35,2023,종사자수,명,11753,112.16
경 남,"수도, 하수 및 폐기물 처리, 원료 재생업",36~39,2023,종사자수,명,11128,100.25
경 남,건설업,41~42,2023,종사자수,명,103502,96.18
경 남,도매 및 소매업,45~47,2023,종사자수,명,179320,96.57
경 남,운수 및 창고업,49~52,2023,종사자수,명,85204,105.34
경 남,숙박 및 음식점업,55~56,2023,종사자수,명,148810,105.91
경 남,정보통신업,58~63,2023,종사자수,명,13633,109.18
경 남,금융 및 보험업,64~66,2023,종사자수,명,34025,100.79
경 남,부동산업,68,2023,종사자수,명,32666,95.13
경 남,"전문, 과학 및 기술 서비스업",70~73,2023,종사자수,명,44873,104.73
경 남,"사업시설 관리, 사업 지원 및 임대 서비스업",74~76,2023,종사자수,명,46599,105.38
경 남,"공공행정, 국방 및 사회보장 행정",84,2023,종사자수,명,65030,105.96
경 남,교육 서비스업,85,2023,종사자수,명,100994,100.7
경 남,보건업 및 사회복지 서비스업,86~87,2023,종사자수,명,165589,109.25
경 남,"예술, 스포츠 및 여가관련 서비스업",90~91,2023,종사자수,명,25298,108.47
경 남,"협회 및 단체, 수리 및 기타 개인 서비스업",94~96,2023,종사자수,명,59127,100.72
제 주,전체 산업,0,2023,종사자수,명,328773,101.69
제 주,"농업, 임업 및 어업",01~03,2023,종사자수,명,3517,85.93
제 주,광업,05~08,2023,종사자수,명,161,87.03
제 주,제조업,10~34,2023,종사자수,명,12966,93.83
제 주,"전기, 가스, 증기 및 공기조절 공급업",35,2023,종사자수,명,2496,102.46
제 주,"수도, 하수 및 폐기물 처리, 원료 재생업",36~39,2023,종사자수,명,1284,83.92
제 주,건설업,41~42,2023,종사자수,명,29094,88.66
제 주,도매 및 소매업,45~47,2023,종사자수,명,48997,96.12
제 주,운수 및 창고업,49~52,2023,종사자수,명,19321,110.94
제 주,숙박 및 음식점업,55~56,2023,종사자수,명,61124,105.17
제 주,정보통신업,58~63,2023,종사자수,명,5774,93.61
제 주,금융 및 보험업,64~66,2023,종사자수,명,7997,95.42
제 주,부동산업,68,2023,종사자수,명,6823,97.04
제 주,"전문, 과학 및 기술 서비스업",70~73,2023,종사자수,명,10330,99.85
제 주,"사업시설 관리, 사업 지원 및 임대 서비스업",74~76,2023,종사자수,명,15066,99.37
제 주,"공공행정, 국방 및 사회보장 행정",84,2023,종사자수,명,20721,119.41
제 주,교육 서비스업,85,2023,종사자수,명,23301,103.45
제 주,보건업 및 사회복지 서비스업,86~87,2023,종사자수,명,31847,110.7
제 주,"예술, 스포츠 및 여가관련 서비스업",90~91,2023,종사자수,명,13281,110.27
제 주,"협회 및 단체, 수리 및 기타 개인 서비스업",94~96,2023,종사자수,명,14673,103.71
전 국,전체 산업,0,2023,매출액,백만원,8696034986,116.35
전 국,"농업, 임업 및 어업",01~03,2023,매출액,백만원,22269169,106.06
전 국,광업,05~08,2023,매출액,백만원,5925865,123.24
전 국,제조업,10~34,2023,매출액,백만원,2421884637,111.54
전 국,"전기, 가스, 증기 및 공기조절 공급업",35,2023,매출액,백만원,242970547,146.54
전 국,"수도, 하수 및 폐기물 처리, 원료 재생업",36~39,2023,매출액,백만원,37669849,105.67
전 국,건설업,41~42,2023,매출액,백만원,570314068,112.87
전 국,도매 및 소매업,45~47,2023,매출액,백만원,1720691792,107.12
전 국,운수 및 창고업,49~52,2023,매출액,백만원,351939550,116.71
전 국,숙박 및 음식점업,55~56,2023,매출액,백만원,211357686,129.6
전 국,정보통신업,58~63,2023,매출액,백만원,256730850,112.56
전 국,금융 및 보험업,64~66,2023,매출액,백만원,1446645036,142.76
전 국,부동산업,68,2023,매출액,백만원,212142261,93.21
전 국,"전문, 과학 및 기술 서비스업",70~73,2023,매출액,백만원,385894648,128.96
전 국,"사업시설 관리, 사업 지원 및 임대 서비스업",74~76,2023,매출액,백만원,129014045,117.47
전 국,"공공행정, 국방 및 사회보장 행정",84,2023,매출액,백만원,200012122,96.6
전 국,교육 서비스업,85,2023,매출액,백만원,135020615,109.94
전 국,보건업 및 사회복지 서비스업,86~87,2023,매출액,백만원,209434594,114.12
전 국,"예술, 스포츠 및 여가관련 서비스업",90~91,2023,매출액,백만원,59925589,140.95
전 국,"협회 및 단체, 수리 및 기타 개인 서비스업",94~96,2023,매출액,백만원,76192063,116.38
서 울,전체 산업,0,2023,매출액,백만원,2802352432,124.94
서 울,"농업, 임업 및 어업",01~03,2023,매출액,백만원,340113,105.21
서 울,광업,05~08,2023,매출액,백만원,195735,405.29
서 울,제조업,10~34,2023,매출액,백만원,67201274,104.27
서 울,"전기, 가스, 증기 및 공기조절 공급업",35,2023,매출액,백만원,20536564,136.11
서 울,"수도, 하수 및 폐기물 처리, 원료 재생업",36~39,2023,매출액,백만원,2087311,102.84
서 울,건설업,41~42,2023,매출액,백만원,211802514,110.45
서 울,도매 및 소매업,45~47,2023,매출액,백만원,680801402,110.92
서 울,운수 및 창고업,49~52,2023,매출액,백만원,108194245,109.16
서 울,숙박 및 음식점업,55~56,2023,매출액,백만원,51683893,135.13
서 울,정보통신업,58~63,2023,매출액,백만원,158324075,112.01
서 울,금융 및 보험업,64~66,2023,매출액,백만원,1063079847,152.49
서 울,부동산업,68,2023,매출액,백만원,67492333,96.21
서 울,"전문, 과학 및 기술 서비스업",70~73,2023,매출액,백만원,168893177,128.18
서 울,"사업시설 관리, 사업 지원 및 임대 서비스업",74~76,2023,매출액,백만원,47634633,112.53
서 울,"공공행정, 국방 및 사회보장 행정",84,2023,매출액,백만원,33331870,109.22
서 울,교육 서비스업,85,2023,매출액,백만원,28805218,108.06
서 울,보건업 및 사회복지 서비스업,86~87,2023,매출액,백만원,52072672,110.76
서 울,"예술, 스포츠 및 여가관련 서비스업",90~91,2023,매출액,백만원,16230434,145.8
서 울,"협회 및 단체, 수리 및 기타 개인 서비스업",94~96,2023,매출액,백만원,23645122,118.18
부 산,전체 산업,0,2023,매출액,백만원,393421493,113.24
부 산,"농업, 임업 및 어업",01~03,2023,매출액,백만원,1782841,126.96
부 산,광업,05~08,2023,매출액,백만원,15100,65.65
부 산,제조업,10~34,2023,매출액,백만원,70245669,112.49
부 산,"전기, 가스, 증기 및 공기조절 공급업",35,2023,매출액,백만원,11072628,144.16
부 산,"수도, 하수 및 폐기물 처리, 원료 재생업",36~39,2023,매출액,백만원,1764985,110.54
부 산,건설업,41~42,2023,매출액,백만원,28306126,111.25
부 산,도매 및 소매업,45~47,2023,매출액,백만원,107490871,108.58
부 산,운수 및 창고업,49~52,2023,매출액,백만원,32461159,109.93
부 산,숙박 및 음식점업,55~56,2023,매출액,백만원,13085524,134.22
부 산,정보통신업,58~63,2023,매출액,백만원,5556689,117.18
부 산,금융 및 보험업,64~66,2023,매출액,백만원,51204181,129.24
부 산,부동산업,68,2023,매출액,백만원,15034705,96.05
부 산,"전문, 과학 및 기술 서비스업",70~73,2023,매출액,백만원,11401668,131.98
부 산,"사업시설 관리, 사업 지원 및 임대 서비스업",74~76,2023,매출액,백만원,6344186,112.28
부 산,"공공행정, 국방 및 사회보장 행정",84,2023,매출액,백만원,9069367,90.37
부 산,교육 서비스업,85,2023,매출액,백만원,7567172,105.54
부 산,보건업 및 사회복지 서비스업,86~87,2023,매출액,백만원,14499364,109.33
부 산,"예술, 스포츠 및 여가관련 서비스업",90~91,2023,매출액,백만원,2551857,144.69
부 산,"협회 및 단체, 수리 및 기타 개인 서비스업",94~96,2023,매출액,백만원,3967401,99.2
대 구,전체 산업,0,2023,매출액,백만원,261039253,120.93
대 구,"농업, 임업 및 어업",01~03,2023,매출액,백만원,126464,230.58
대 구,광업,05~08,2023,매출액,백만원,42856,1432.83
대 구,제조업,10~34,2023,매출액,백만원,54360204,118.45
대 구,"전기, 가스, 증기 및 공기조절 공급업",35,2023,매출액,백만원,19955367,160.55
대 구,"수도, 하수 및 폐기물 처리, 원료 재생업",36~39,2023,매출액,백만원,1292757,106.18
대 구,건설업,41~42,2023,매출액,백만원,19873291,122.16
대 구,도매 및 소매업,45~47,2023,매출액,백만원,59280913,107.62
대 구,운수 및 창고업,49~52,2023,매출액,백만원,6832418,108.71
대 구,숙박 및 음식점업,55~56,2023,매출액,백만원,7765286,130.21
대 구,정보통신업,58~63,2023,매출액,백만원,4256826,98.99
대 구,금융 및 보험업,64~66,2023,매출액,백만원,33845697,144.69
대 구,부동산업,68,2023,매출액,백만원,13557283,138.21
대 구,"전문, 과학 및 기술 서비스업",70~73,2023,매출액,백만원,5939940,105.91
대 구,"사업시설 관리, 사업 지원 및 임대 서비스업",74~76,2023,매출액,백만원,3968547,110.41
대 구,"공공행정, 국방 및 사회보장 행정",84,2023,매출액,백만원,9266022,115.68
대 구,교육 서비스업,85,2023,매출액,백만원,5498494,109.11
대 구,보건업 및 사회복지 서비스업,86~87,2023,매출액,백만원,10695662,115.62
대 구,"예술, 스포츠 및 여가관련 서비스업",90~91,2023,매출액,백만원,1446766,141.32
대 구,"협회 및 단체, 수리 및 기타 개인 서비스업",94~96,2023,매출액,백만원,3034460,114.99
인 천,전체 산업,0,2023,매출액,백만원,378621843,112.81
인 천,"농업, 임업 및 어업",01~03,2023,매출액,백만원,122356,79.11
인 천,광업,05~08,2023,매출액,백만원,150058,78.38
인 천,제조업,10~34,2023,매출액,백만원,120128414,124.16
인 천,"전기, 가스, 증기 및 공기조절 공급업",35,2023,매출액,백만원,18985489,162.39
인 천,"수도, 하수 및 폐기물 처리, 원료 재생업",36~39,2023,매출액,백만원,2634762,103.49
인 천,건설업,41~42,2023,매출액,백만원,26460514,111.35
인 천,도매 및 소매업,45~47,2023,매출액,백만원,89978432,94.43
인 천,운수 및 창고업,49~52,2023,매출액,백만원,27432572,129.12
인 천,숙박 및 음식점업,55~56,2023,매출액,백만원,10813709,131.47
인 천,정보통신업,58~63,2023,매출액,백만원,2805524,108.77
인 천,금융 및 보험업,64~66,2023,매출액,백만원,19744367,113.55
인 천,부동산업,68,2023,매출액,백만원,13872561,90.34
인 천,"전문, 과학 및 기술 서비스업",70~73,2023,매출액,백만원,7847967,102.41
인 천,"사업시설 관리, 사업 지원 및 임대 서비스업",74~76,2023,매출액,백만원,5674616,123.11
인 천,"공공행정, 국방 및 사회보장 행정",84,2023,매출액,백만원,9331251,110.63
인 천,교육 서비스업,85,2023,매출액,백만원,6102534,100.41
인 천,보건업 및 사회복지 서비스업,86~87,2023,매출액,백만원,10729007,115.64
인 천,"예술, 스포츠 및 여가관련 서비스업",90~91,2023,매출액,백만원,2430493,162.3
인 천,"협회 및 단체, 수리 및 기타 개인 서비스업",94~96,2023,매출액,백만원,3377217,116.71
광 주,전체 산업,0,2023,매출액,백만원,185532821,105.6
광 주,"농업, 임업 및 어업",01~03,2023,매출액,백만원,132403,125.65
광 주,광업,05~08,2023,매출액,백만원,9369,107.89
광 주,제조업,10~34,2023,매출액,백만원,56885567,114.7
광 주,"전기, 가스, 증기 및 공기조절 공급업",35,2023,매출액,백만원,4831033,127.42
광 주,"수도, 하수 및 폐기물 처리, 원료 재생업",36~39,2023,매출액,백만원,840105,99.62
광 주,건설업,41~42,2023,매출액,백만원,25293357,104.74
광 주,도매 및 소매업,45~47,2023,매출액,백만원,34856862,98.77
광 주,운수 및 창고업,49~52,2023,매출액,백만원,4935640,94.62
광 주,숙박 및 음식점업,55~56,2023,매출액,백만원,4922783,122.58
광 주,정보통신업,58~63,2023,매출액,백만원,2957078,71.22
광 주,금융 및 보험업,64~66,2023,매출액,백만원,16304710,116.49
광 주,부동산업,68,2023,매출액,백만원,7508458,68.28
광 주,"전문, 과학 및 기술 서비스업",70~73,2023,매출액,백만원,4136353,134.52
광 주,"사업시설 관리, 사업 지원 및 임대 서비스업",74~76,2023,매출액,백만원,2984560,109.46
광 주,"공공행정, 국방 및 사회보장 행정",84,2023,매출액,백만원,4942121,91.18
광 주,교육 서비스업,85,2023,매출액,백만원,3838919,108.43
광 주,보건업 및 사회복지 서비스업,86~87,2023,매출액,백만원,6804528,113.63
광 주,"예술, 스포츠 및 여가관련 서비스업",90~91,2023,매출액,백만원,1234968,137.64
광 주,"협회 및 단체, 수리 및 기타 개인 서비스업",94~96,2023,매출액,백만원,2114007,112.55
대 전,전체 산업,0,2023,매출액,백만원,178329138,117.4
대 전,"농업, 임업 및 어업",01~03,2023,매출액,백만원,29252,36.56
대 전,광업,05~08,2023,매출액,백만원,8686,226.85
대 전,제조업,10~34,2023,매출액,백만원,27275290,107.64
대 전,"전기, 가스, 증기 및 공기조절 공급업",35,2023,매출액,백만원,5732138,122.17
대 전,"수도, 하수 및 폐기물 처리, 원료 재생업",36~39,2023,매출액,백만원,1448153,91.65
대 전,건설업,41~42,2023,매출액,백만원,17212624,124.96
대 전,도매 및 소매업,45~47,2023,매출액,백만원,35884789,103.1
대 전,운수 및 창고업,49~52,2023,매출액,백만원,4670882,119.5
대 전,숙박 및 음식점업,55~56,2023,매출액,백만원,5542719,128.22
대 전,정보통신업,58~63,2023,매출액,백만원,4350164,95.01
대 전,금융 및 보험업,64~66,2023,매출액,백만원,22212313,128.95
대 전,부동산업,68,2023,매출액,백만원,4240503,91.24
대 전,"전문, 과학 및 기술 서비스업",70~73,2023,매출액,백만원,24799588,164.0
대 전,"사업시설 관리, 사업 지원 및 임대 서비스업",74~76,2023,매출액,백만원,3740637,117.56
대 전,"공공행정, 국방 및 사회보장 행정",84,2023,매출액,백만원,6290893,98.15
대 전,교육 서비스업,85,2023,매출액,백만원,5347487,139.17
대 전,보건업 및 사회복지 서비스업,86~87,2023,매출액,백만원,6235850,113.7
대 전,"예술, 스포츠 및 여가관련 서비스업",90~91,2023,매출액,백만원,942821,107.68
대 전,"협회 및 단체, 수리 및 기타 개인 서비스업",94~96,2023,매출액,백만원,2364349,116.99
울 산,전체 산업,0,2023,매출액,백만원,357496508,126.39
울 산,"농업, 임업 및 어업",01~03,2023,매출액,백만원,59978,95.46
울 산,광업,05~08,2023,매출액,백만원,75194,49.51
울 산,제조업,10~34,2023,매출액,백만원,274959251,128.47
울 산,"전기, 가스, 증기 및 공기조절 공급업",35,2023,매출액,백만원,7850406,145.18
울 산,"수도, 하수 및 폐기물 처리, 원료 재생업",36~39,2023,매출액,백만원,859068,116.3
울 산,건설업,41~42,2023,매출액,백만원,9125346,125.12
울 산,도매 및 소매업,45~47,2023,매출액,백만원,18254121,103.81
울 산,운수 및 창고업,49~52,2023,매출액,백만원,7799655,138.33
울 산,숙박 및 음식점업,55~56,2023,매출액,백만원,4117990,125.56
울 산,정보통신업,58~63,2023,매출액,백만원,939295,93.76
울 산,금융 및 보험업,64~66,2023,매출액,백만원,11507958,140.32
울 산,부동산업,68,2023,매출액,백만원,2157670,112.77
울 산,"전문, 과학 및 기술 서비스업",70~73,2023,매출액,백만원,5340506,150.5
울 산,"사업시설 관리, 사업 지원 및 임대 서비스업",74~76,2023,매출액,백만원,2110853,105.73
울 산,"공공행정, 국방 및 사회보장 행정",84,2023,매출액,백만원,3449507,86.08
울 산,교육 서비스업,85,2023,매출액,백만원,3236951,105.97
울 산,보건업 및 사회복지 서비스업,86~87,2023,매출액,백만원,3925073,113.51
울 산,"예술, 스포츠 및 여가관련 서비스업",90~91,2023,매출액,백만원,612380,116.95
울 산,"협회 및 단체, 수리 및 기타 개인 서비스업",94~96,2023,매출액,백만원,1115306,114.49
세 종,전체 산업,0,2023,매출액,백만원,49010903,113.42
세 종,"농업, 임업 및 어업",01~03,2023,매출액,백만원,166252,126.96
세 종,광업,05~08,2023,매출액,백만원,98102,222.85
세 종,제조업,10~34,2023,매출액,백만원,12845399,114.04
세 종,"전기, 가스, 증기 및 공기조절 공급업",35,2023,매출액,백만원,1397676,163.65
세 종,"수도, 하수 및 폐기물 처리, 원료 재생업",36~39,2023,매출액,백만원,262672,124.9
세 종,건설업,41~42,2023,매출액,백만원,2008822,105.28
세 종,도매 및 소매업,45~47,2023,매출액,백만원,5154989,110.39
세 종,운수 및 창고업,49~52,2023,매출액,백만원,1272243,143.31
세 종,숙박 및 음식점업,55~56,2023,매출액,백만원,1187370,125.08
세 종,정보통신업,58~63,2023,매출액,백만원,593069,122.73
세 종,금융 및 보험업,64~66,2023,매출액,백만원,2133506,129.97
세 종,부동산업,68,2023,매출액,백만원,1370869,55.97
세 종,"전문, 과학 및 기술 서비스업",70~73,2023,매출액,백만원,2840907,126.64
세 종,"사업시설 관리, 사업 지원 및 임대 서비스업",74~76,2023,매출액,백만원,497579,115.14
세 종,"공공행정, 국방 및 사회보장 행정",84,2023,매출액,백만원,11060238,113.97
세 종,교육 서비스업,85,2023,매출액,백만원,1007811,105.93
세 종,보건업 및 사회복지 서비스업,86~87,2023,매출액,백만원,1044559,117.4
세 종,"예술, 스포츠 및 여가관련 서비스업",90~91,2023,매출액,백만원,3560222,114.68
세 종,"협회 및 단체, 수리 및 기타 개인 서비스업",94~96,2023,매출액,백만원,508618,128.57
경 기,전체 산업,0,2023,매출액,백만원,1850889310,108.57
경 기,"농업, 임업 및 어업",01~03,2023,매출액,백만원,2788311,98.78
경 기,광업,05~08,2023,매출액,백만원,910682,106.07
경 기,제조업,10~34,2023,매출액,백만원,651157103,100.88
경 기,"전기, 가스, 증기 및 공기조절 공급업",35,2023,매출액,백만원,45442214,146.34
경 기,"수도, 하수 및 폐기물 처리, 원료 재생업",36~39,2023,매출액,백만원,10003560,103.65
경 기,건설업,41~42,2023,매출액,백만원,104688499,112.88
경 기,도매 및 소매업,45~47,2023,매출액,백만원,395399467,104.67
경 기,운수 및 창고업,49~52,2023,매출액,백만원,80293557,123.75
경 기,숙박 및 음식점업,55~56,2023,매출액,백만원,49972632,127.17
경 기,정보통신업,58~63,2023,매출액,백만원,59602710,122.64
경 기,금융 및 보험업,64~66,2023,매출액,백만원,100293737,120.01
경 기,부동산업,68,2023,매출액,백만원,56906273,90.79
경 기,"전문, 과학 및 기술 서비스업",70~73,2023,매출액,백만원,115102049,125.58
경 기,"사업시설 관리, 사업 지원 및 임대 서비스업",74~76,2023,매출액,백만원,30529627,129.31
경 기,"공공행정, 국방 및 사회보장 행정",84,2023,매출액,백만원,36143498,94.31
경 기,교육 서비스업,85,2023,매출액,백만원,33346691,118.39
경 기,보건업 및 사회복지 서비스업,86~87,2023,매출액,백만원,45450244,115.7
경 기,"예술, 스포츠 및 여가관련 서비스업",90~91,2023,매출액,백만원,15513362,163.07
경 기,"협회 및 단체, 수리 및 기타 개인 서비스업",94~96,2023,매출액,백만원,17345094,116.54
강 원,전체 산업,0,2023,매출액,백만원,143739289,115.41
강 원,"농업, 임업 및 어업",01~03,2023,매출액,백만원,1148574,102.41
강 원,광업,05~08,2023,매출액,백만원,2201149,152.79
강 원,제조업,10~34,2023,매출액,백만원,22783007,116.83
강 원,"전기, 가스, 증기 및 공기조절 공급업",35,2023,매출액,백만원,11694875,143.92
강 원,"수도, 하수 및 폐기물 처리, 원료 재생업",36~39,2023,매출액,백만원,1254492,108.49
강 원,건설업,41~42,2023,매출액,백만원,13523018,128.75
강 원,도매 및 소매업,45~47,2023,매출액,백만원,26627871,108.8
강 원,운수 및 창고업,49~52,2023,매출액,백만원,5402365,124.21
강 원,숙박 및 음식점업,55~56,2023,매출액,백만원,8700384,134.33
강 원,정보통신업,58~63,2023,매출액,백만원,1853315,101.45
강 원,금융 및 보험업,64~66,2023,매출액,백만원,12970769,111.62
강 원,부동산업,68,2023,매출액,백만원,2941022,85.6
강 원,"전문, 과학 및 기술 서비스업",70~73,2023,매출액,백만원,3219051,113.66
강 원,"사업시설 관리, 사업 지원 및 임대 서비스업",74~76,2023,매출액,백만원,2702536,129.03
강 원,"공공행정, 국방 및 사회보장 행정",84,2023,매출액,백만원,11230301,92.06
강 원,교육 서비스업,85,2023,매출액,백만원,4162612,102.05
강 원,보건업 및 사회복지 서비스업,86~87,2023,매출액,백만원,5812269,115.42
강 원,"예술, 스포츠 및 여가관련 서비스업",90~91,2023,매출액,백만원,3196801,130.21
강 원,"협회 및 단체, 수리 및 기타 개인 서비스업",94~96,2023,매출액,백만원,2314878,127.59
충 북,전체 산업,0,2023,매출액,백만원,259962229,109.65
충 북,"농업, 임업 및 어업",01~03,2023,매출액,백만원,1871534,118.52
충 북,광업,05~08,2023,매출액,백만원,430004,103.05
충 북,제조업,10~34,2023,매출액,백만원,144543810,108.18
충 북,"전기, 가스, 증기 및 공기조절 공급업",35,2023,매출액,백만원,5349601,148.92
충 북,"수도, 하수 및 폐기물 처리, 원료 재생업",36~39,2023,매출액,백만원,2086503,110.1
충 북,건설업,41~42,2023,매출액,백만원,13577397,116.77
충 북,도매 및 소매업,45~47,2023,매출액,백만원,29881164,104.72
충 북,운수 및 창고업,49~52,2023,매출액,백만원,8478932,121.45
충 북,숙박 및 음식점업,55~56,2023,매출액,백만원,6469071,126.49
충 북,정보통신업,58~63,2023,매출액,백만원,1662439,88.96
충 북,금융 및 보험업,64~66,2023,매출액,백만원,13316483,122.24
충 북,부동산업,68,2023,매출액,백만원,3371226,89.03
충 북,"전문, 과학 및 기술 서비스업",70~73,2023,매출액,백만원,4224328,132.51
충 북,"사업시설 관리, 사업 지원 및 임대 서비스업",74~76,2023,매출액,백만원,3612294,111.69
충 북,"공공행정, 국방 및 사회보장 행정",84,2023,매출액,백만원,7387947,85.53
충 북,교육 서비스업,85,2023,매출액,백만원,4476357,108.52
충 북,보건업 및 사회복지 서비스업,86~87,2023,매출액,백만원,5775603,114.21
충 북,"예술, 스포츠 및 여가관련 서비스업",90~91,2023,매출액,백만원,1560514,121.93
충 북,"협회 및 단체, 수리 및 기타 개인 서비스업",94~96,2023,매출액,백만원,1887022,113.53
충 남,전체 산업,0,2023,매출액,백만원,452469856,114.11
충 남,"농업, 임업 및 어업",01~03,2023,매출액,백만원,3212031,109.35
충 남,광업,05~08,2023,매출액,백만원,569351,150.12
충 남,제조업,10~34,2023,매출액,백만원,283197754,113.3
충 남,"전기, 가스, 증기 및 공기조절 공급업",35,2023,매출액,백만원,23484598,148.29
충 남,"수도, 하수 및 폐기물 처리, 원료 재생업",36~39,2023,매출액,백만원,2261207,108.43
충 남,건설업,41~42,2023,매출액,백만원,18965352,125.31
충 남,도매 및 소매업,45~47,2023,매출액,백만원,42490780,106.1
충 남,운수 및 창고업,49~52,2023,매출액,백만원,11530232,105.46
충 남,숙박 및 음식점업,55~56,2023,매출액,백만원,9014338,131.85
충 남,정보통신업,58~63,2023,매출액,백만원,1946967,106.78
충 남,금융 및 보험업,64~66,2023,매출액,백만원,15736760,115.35
충 남,부동산업,68,2023,매출액,백만원,3877852,100.81
충 남,"전문, 과학 및 기술 서비스업",70~73,2023,매출액,백만원,5482435,134.75
충 남,"사업시설 관리, 사업 지원 및 임대 서비스업",74~76,2023,매출액,백만원,4354081,124.14
충 남,"공공행정, 국방 및 사회보장 행정",84,2023,매출액,백만원,8357100,83.92
충 남,교육 서비스업,85,2023,매출액,백만원,5889802,105.25
충 남,보건업 및 사회복지 서비스업,86~87,2023,매출액,백만원,7791080,118.21
충 남,"예술, 스포츠 및 여가관련 서비스업",90~91,2023,매출액,백만원,1701151,138.11
충 남,"협회 및 단체, 수리 및 기타 개인 서비스업",94~96,2023,매출액,백만원,2606985,124.72
전 북,전체 산업,0,2023,매출액,백만원,189527978,109.8
전 북,"농업, 임업 및 어업",01~03,2023,매출액,백만원,2690706,97.31
전 북,광업,05~08,2023,매출액,백만원,224915,87.95
전 북,제조업,10~34,2023,매출액,백만원,62018475,109.36
전 북,"전기, 가스, 증기 및 공기조절 공급업",35,2023,매출액,백만원,9681552,159.2
전 북,"수도, 하수 및 폐기물 처리, 원료 재생업",36~39,2023,매출액,백만원,1672241,110.03
전 북,건설업,41~42,2023,매출액,백만원,13886937,107.73
전 북,도매 및 소매업,45~47,2023,매출액,백만원,33973089,108.47
전 북,운수 및 창고업,49~52,2023,매출액,백만원,5642212,111.74
전 북,숙박 및 음식점업,55~56,2023,매출액,백만원,5923887,125.92
전 북,정보통신업,58~63,2023,매출액,백만원,1801160,114.63
전 북,금융 및 보험업,64~66,2023,매출액,백만원,17456933,116.88
전 북,부동산업,68,2023,매출액,백만원,3125749,113.24
전 북,"전문, 과학 및 기술 서비스업",70~73,2023,매출액,백만원,4799890,118.5
전 북,"사업시설 관리, 사업 지원 및 임대 서비스업",74~76,2023,매출액,백만원,1941383,111.54
전 북,"공공행정, 국방 및 사회보장 행정",84,2023,매출액,백만원,8943686,80.36
전 북,교육 서비스업,85,2023,매출액,백만원,4754572,83.61
전 북,보건업 및 사회복지 서비스업,86~87,2023,매출액,백만원,7475225,115.96
전 북,"예술, 스포츠 및 여가관련 서비스업",90~91,2023,매출액,백만원,1386955,125.44
전 북,"협회 및 단체, 수리 및 기타 개인 서비스업",94~96,2023,매출액,백만원,2128411,112.43
전 남,전체 산업,0,2023,매출액,백만원,313146540,113.71
전 남,"농업, 임업 및 어업",01~03,2023,매출액,백만원,3051791,97.64
전 남,광업,05~08,2023,매출액,백만원,363976,102.2
전 남,제조업,10~34,2023,매출액,백만원,158306409,112.62
전 남,"전기, 가스, 증기 및 공기조절 공급업",35,2023,매출액,백만원,19271537,144.15
전 남,"수도, 하수 및 폐기물 처리, 원료 재생업",36~39,2023,매출액,백만원,1822150,105.23
전 남,건설업,41~42,2023,매출액,백만원,20833125,114.03
전 남,도매 및 소매업,45~47,2023,매출액,백만원,34100968,111.09
전 남,운수 및 창고업,49~52,2023,매출액,백만원,12942107,127.53
전 남,숙박 및 음식점업,55~56,2023,매출액,백만원,6444944,127.0
전 남,정보통신업,58~63,2023,매출액,백만원,3190691,117.28
전 남,금융 및 보험업,64~66,2023,매출액,백만원,14514100,106.72
전 남,부동산업,68,2023,매출액,백만원,2906857,100.37
전 남,"전문, 과학 및 기술 서비스업",70~73,2023,매출액,백만원,3524590,102.65
전 남,"사업시설 관리, 사업 지원 및 임대 서비스업",74~76,2023,매출액,백만원,2715455,105.5
전 남,"공공행정, 국방 및 사회보장 행정",84,2023,매출액,백만원,12664058,95.48
전 남,교육 서비스업,85,2023,매출액,백만원,4520862,119.57
전 남,보건업 및 사회복지 서비스업,86~87,2023,매출액,백만원,8222230,123.95
전 남,"예술, 스포츠 및 여가관련 서비스업",90~91,2023,매출액,백만원,1532841,116.37
전 남,"협회 및 단체, 수리 및 기타 개인 서비스업",94~96,2023,매출액,백만원,2217849,120.47
경 북,전체 산업,0,2023,매출액,백만원,388531626,112.09
경 북,"농업, 임업 및 어업",01~03,2023,매출액,백만원,2245299,112.08
경 북,광업,05~08,2023,매출액,백만원,362514,99.36
경 북,제조업,10~34,2023,매출액,백만원,206443779,110.55
경 북,"전기, 가스, 증기 및 공기조절 공급업",35,2023,매출액,백만원,16145365,135.74
경 북,"수도, 하수 및 폐기물 처리, 원료 재생업",36~39,2023,매출액,백만원,3926592,107.77
경 북,건설업,41~42,2023,매출액,백만원,19634364,121.08
경 북,도매 및 소매업,45~47,2023,매출액,백만원,47973659,107.6
경 북,운수 및 창고업,49~52,2023,매출액,백만원,13326606,113.79
경 북,숙박 및 음식점업,55~56,2023,매출액,백만원,9157374,122.26
경 북,정보통신업,58~63,2023,매출액,백만원,2436028,115.54
경 북,금융 및 보험업,64~66,2023,매출액,백만원,19275189,116.75
경 북,부동산업,68,2023,매출액,백만원,2767040,92.18
경 북,"전문, 과학 및 기술 서비스업",70~73,2023,매출액,백만원,9003308,144.55
경 북,"사업시설 관리, 사업 지원 및 임대 서비스업",74~76,2023,매출액,백만원,3961643,128.4
경 북,"공공행정, 국방 및 사회보장 행정",84,2023,매출액,백만원,11681507,88.01
경 북,교육 서비스업,85,2023,매출액,백만원,6901854,107.54
경 북,보건업 및 사회복지 서비스업,86~87,2023,매출액,백만원,8583035,116.9
경 북,"예술, 스포츠 및 여가관련 서비스업",90~91,2023,매출액,백만원,2044499,115.9
경 북,"협회 및 단체, 수리 및 기타 개인 서비스업",94~96,2023,매출액,백만원,2661971,118.55
경 남,전체 산업,0,2023,매출액,백만원,428622550,117.67
경 남,"농업, 임업 및 어업",01~03,2023,매출액,백만원,1669643,111.99
경 남,광업,05~08,2023,매출액,백만원,206904,96.24
경 남,제조업,10~34,2023,매출액,백만원,206265045,124.46
경 남,"전기, 가스, 증기 및 공기조절 공급업",35,2023,매출액,백만원,16880434,146.71
경 남,"수도, 하수 및 폐기물 처리, 원료 재생업",36~39,2023,매출액,백만원,3120188,107.99
경 남,건설업,41~42,2023,매출액,백만원,19416016,104.96
경 남,도매 및 소매업,45~47,2023,매출액,백만원,63047386,106.41
경 남,운수 및 창고업,49~52,2023,매출액,백만원,17526655,127.75
경 남,숙박 및 음식점업,55~56,2023,매출액,백만원,11394415,125.59
경 남,정보통신업,58~63,2023,매출액,백만원,3096163,106.66
경 남,금융 및 보험업,64~66,2023,매출액,백만원,26223295,114.28
경 남,부동산업,68,2023,매출액,백만원,9442140,78.42
경 남,"전문, 과학 및 기술 서비스업",70~73,2023,매출액,백만원,7830182,156.14
경 남,"사업시설 관리, 사업 지원 및 임대 서비스업",74~76,2023,매출액,백만원,4293332,115.14
경 남,"공공행정, 국방 및 사회보장 행정",84,2023,매출액,백만원,12446913,96.08
경 남,교육 서비스업,85,2023,매출액,백만원,7605600,109.48
경 남,보건업 및 사회복지 서비스업,86~87,2023,매출액,백만원,12008553,115.71
경 남,"예술, 스포츠 및 여가관련 서비스업",90~91,2023,매출액,백만원,2284743,127.27
경 남,"협회 및 단체, 수리 및 기타 개인 서비스업",94~96,2023,매출액,백만원,3864943,121.19
제 주,전체 산업,0,2023,매출액,백만원,63341217,111.65
제 주,"농업, 임업 및 어업",01~03,2023,매출액,백만원,831621,99.53
제 주,광업,05~08,2023,매출액,백만원,61270,130.9
제 주,제조업,10~34,2023,매출액,백만원,3268187,103.5
제 주,"전기, 가스, 증기 및 공기조절 공급업",35,2023,매출액,백만원,4659070,171.61
제 주,"수도, 하수 및 폐기물 처리, 원료 재생업",36~39,2023,매출액,백만원,333103,105.94
제 주,건설업,41~42,2023,매출액,백만원,5706766,113.72
제 주,도매 및 소매업,45~47,2023,매출액,백만원,15495029,109.67
제 주,운수 및 창고업,49~52,2023,매출액,백만원,3198070,165.18
제 주,숙박 및 음식점업,55~56,2023,매출액,백만원,5161367,121.02
제 주,정보통신업,58~63,2023,매출액,백만원,1358657,92.54
제 주,금융 및 보험업,64~66,2023,매출액,백만원,6825191,97.48
제 주,부동산업,68,2023,매출액,백만원,1569720,72.53
제 주,"전문, 과학 및 기술 서비스업",70~73,2023,매출액,백만원,1508709,138.4
제 주,"사업시설 관리, 사업 지원 및 임대 서비스업",74~76,2023,매출액,백만원,1948083,112.66
제 주,"공공행정, 국방 및 사회보장 행정",84,2023,매출액,백만원,4415843,92.57
제 주,교육 서비스업,85,2023,매출액,백만원,1957679,116.53
제 주,보건업 및 사회복지 서비스업,86~87,2023,매출액,백만원,2309640,108.27
제 주,"예술, 스포츠 및 여가관련 서비스업",90~91,2023,매출액,백만원,1694782,137.14
제 주,"협회 및 단체, 수리 및 기타 개인 서비스업",94~96,2023,매출액,백만원,1038430,99.62
전 국,전체 산업,0,2024,사업체수,개,6363262,104.66
전 국,"농업, 임업 및 어업",01~03,2024,사업체수,개,11967,93.68
전 국,광업,05~08,2024,사업체수,개,1913,90.92
전 국,제조업,10~34,2024,사업체수,개,509467,87.98
전 국,"전기, 가스, 증기 및 공기조절 공급업",35,2024,사업체수,개,145874,164.81
전 국,"수도, 하수 및 폐기물 처리, 원료 재생업",36~39,2024,사업체수,개,13733,103.29
전 국,건설업,41~42,2024,사업체수,개,504267,103.96
전 국,도매 및 소매업,45~47,2024,사업체수,개,1612664,104.98
전 국,운수 및 창고업,49~52,2024,사업체수,개,673767,109.29
전 국,숙박 및 음식점업,55~56,2024,사업체수,개,858195,99.44
전 국,정보통신업,58~63,2024,사업체수,개,137647,114.0
전 국,금융 및 보험업,64~66,2024,사업체수,개,69017,107.78
전 국,부동산업,68,2024,사업체수,개,277096,96.9
전 국,"전문, 과학 및 기술 서비스업",70~73,2024,사업체수,개,244426,109.4
전 국,"사업시설 관리, 사업 지원 및 임대 서비스업",74~76,2024,사업체수,개,136241,95.66
전 국,"공공행정, 국방 및 사회보장 행정",84,2024,사업체수,개,13114,100.48
전 국,교육 서비스업,85,2024,사업체수,개,280982,112.74
전 국,보건업 및 사회복지 서비스업,86~87,2024,사업체수,개,170120,104.83
전 국,"예술, 스포츠 및 여가관련 서비스업",90~91,2024,사업체수,개,153429,107.01
전 국,"협회 및 단체, 수리 및 기타 개인 서비스업",94~96,2024,사업체수,개,549343,114.78
서 울,전체 산업,0,2024,사업체수,개,1176066,98.99
서 울,"농업, 임업 및 어업",01~03,2024,사업체수,개,93,60.39
서 울,광업,05~08,2024,사업체수,개,16,64.0
서 울,제조업,10~34,2024,사업체수,개,62032,80.7
서 울,"전기, 가스, 증기 및 공기조절 공급업",35,2024,사업체수,개,867,126.94
서 울,"수도, 하수 및 폐기물 처리, 원료 재생업",36~39,2024,사업체수,개,757,105.14
서 울,건설업,41~42,2024,사업체수,개,65232,96.81
서 울,도매 및 소매업,45~47,2024,사업체수,개,331830,98.81
서 울,운수 및 창고업,49~52,2024,사업체수,개,120234,108.97
서 울,숙박 및 음식점업,55~56,2024,사업체수,개,138531,97.78
서 울,정보통신업,58~63,2024,사업체수,개,54557,94.69
서 울,금융 및 보험업,64~66,2024,사업체수,개,26746,114.98
서 울,부동산업,68,2024,사업체수,개,68325,93.62
서 울,"전문, 과학 및 기술 서비스업",70~73,2024,사업체수,개,81006,98.31
서 울,"사업시설 관리, 사업 지원 및 임대 서비스업",74~76,2024,사업체수,개,27912,88.72
서 울,"공공행정, 국방 및 사회보장 행정",84,2024,사업체수,개,1316,96.13
서 울,교육 서비스업,85,2024,사업체수,개,50822,108.47
서 울,보건업 및 사회복지 서비스업,86~87,2024,사업체수,개,32815,102.98
서 울,"예술, 스포츠 및 여가관련 서비스업",90~91,2024,사업체수,개,30188,105.1
서 울,"협회 및 단체, 수리 및 기타 개인 서비스업",94~96,2024,사업체수,개,82787,106.29
부 산,전체 산업,0,2024,사업체수,개,402419,100.29
부 산,"농업, 임업 및 어업",01~03,2024,사업체수,개,135,82.32
부 산,광업,05~08,2024,사업체수,개,13,65.0
부 산,제조업,10~34,2024,사업체수,개,33609,88.2
부 산,"전기, 가스, 증기 및 공기조절 공급업",35,2024,사업체수,개,504,168.56
부 산,"수도, 하수 및 폐기물 처리, 원료 재생업",36~39,2024,사업체수,개,675,106.13
부 산,건설업,41~42,2024,사업체수,개,26395,100.73
부 산,도매 및 소매업,45~47,2024,사업체수,개,110241,100.12
부 산,운수 및 창고업,49~52,2024,사업체수,개,52816,106.13
부 산,숙박 및 음식점업,55~56,2024,사업체수,개,55106,96.36
부 산,정보통신업,58~63,2024,사업체수,개,4655,113.23
부 산,금융 및 보험업,64~66,2024,사업체수,개,3894,97.81
부 산,부동산업,68,2024,사업체수,개,20479,97.65
부 산,"전문, 과학 및 기술 서비스업",70~73,2024,사업체수,개,13410,106.14
부 산,"사업시설 관리, 사업 지원 및 임대 서비스업",74~76,2024,사업체수,개,8394,90.23
부 산,"공공행정, 국방 및 사회보장 행정",84,2024,사업체수,개,697,96.4
부 산,교육 서비스업,85,2024,사업체수,개,17703,110.37
부 산,보건업 및 사회복지 서비스업,86~87,2024,사업체수,개,10884,105.75
부 산,"예술, 스포츠 및 여가관련 서비스업",90~91,2024,사업체수,개,8394,102.52
부 산,"협회 및 단체, 수리 및 기타 개인 서비스업",94~96,2024,사업체수,개,34415,105.81
대 구,전체 산업,0,2024,사업체수,개,286841,102.52
대 구,"농업, 임업 및 어업",01~03,2024,사업체수,개,83,143.1
대 구,광업,05~08,2024,사업체수,개,8,88.89
대 구,제조업,10~34,2024,사업체수,개,28408,86.9
대 구,"전기, 가스, 증기 및 공기조절 공급업",35,2024,사업체수,개,1965,301.84
대 구,"수도, 하수 및 폐기물 처리, 원료 재생업",36~39,2024,사업체수,개,496,106.21
대 구,건설업,41~42,2024,사업체수,개,20418,105.29
대 구,도매 및 소매업,45~47,2024,사업체수,개,76045,102.66
대 구,운수 및 창고업,49~52,2024,사업체수,개,33457,107.67
대 구,숙박 및 음식점업,55~56,2024,사업체수,개,37729,98.98
대 구,정보통신업,58~63,2024,사업체수,개,3141,111.7
대 구,금융 및 보험업,64~66,2024,사업체수,개,2895,103.8
대 구,부동산업,68,2024,사업체수,개,12214,96.88
대 구,"전문, 과학 및 기술 서비스업",70~73,2024,사업체수,개,8883,107.04
대 구,"사업시설 관리, 사업 지원 및 임대 서비스업",74~76,2024,사업체수,개,5339,96.65
대 구,"공공행정, 국방 및 사회보장 행정",84,2024,사업체수,개,495,105.77
대 구,교육 서비스업,85,2024,사업체수,개,14319,109.25
대 구,보건업 및 사회복지 서비스업,86~87,2024,사업체수,개,8326,108.65
대 구,"예술, 스포츠 및 여가관련 서비스업",90~91,2024,사업체수,개,6548,102.89
대 구,"협회 및 단체, 수리 및 기타 개인 서비스업",94~96,2024,사업체수,개,26072,110.35
인 천,전체 산업,0,2024,사업체수,개,328929,106.49
인 천,"농업, 임업 및 어업",01~03,2024,사업체수,개,123,93.18
인 천,광업,05~08,2024,사업체수,개,33,94.29
인 천,제조업,10~34,2024,사업체수,개,29156,86.84
인 천,"전기, 가스, 증기 및 공기조절 공급업",35,2024,사업체수,개,681,154.07
인 천,"수도, 하수 및 폐기물 처리, 원료 재생업",36~39,2024,사업체수,개,767,102.27
인 천,건설업,41~42,2024,사업체수,개,26536,106.23
인 천,도매 및 소매업,45~47,2024,사업체수,개,89140,113.44
인 천,운수 및 창고업,49~52,2024,사업체수,개,41572,107.24
인 천,숙박 및 음식점업,55~56,2024,사업체수,개,41849,100.23
인 천,정보통신업,58~63,2024,사업체수,개,5689,135.65
인 천,금융 및 보험업,64~66,2024,사업체수,개,2459,103.97
인 천,부동산업,68,2024,사업체수,개,14172,96.55
인 천,"전문, 과학 및 기술 서비스업",70~73,2024,사업체수,개,10177,116.68
인 천,"사업시설 관리, 사업 지원 및 임대 서비스업",74~76,2024,사업체수,개,7650,101.15
인 천,"공공행정, 국방 및 사회보장 행정",84,2024,사업체수,개,526,103.34
인 천,교육 서비스업,85,2024,사업체수,개,14196,121.92
인 천,보건업 및 사회복지 서비스업,86~87,2024,사업체수,개,8825,107.23
인 천,"예술, 스포츠 및 여가관련 서비스업",90~91,2024,사업체수,개,8375,106.4
인 천,"협회 및 단체, 수리 및 기타 개인 서비스업",94~96,2024,사업체수,개,27003,112.0
광 주,전체 산업,0,2024,사업체수,개,175238,102.49
광 주,"농업, 임업 및 어업",01~03,2024,사업체수,개,93,80.87
광 주,광업,05~08,2024,사업체수,개,9,81.82
광 주,제조업,10~34,2024,사업체수,개,10166,87.85
광 주,"전기, 가스, 증기 및 공기조절 공급업",35,2024,사업체수,개,2470,144.36
광 주,"수도, 하수 및 폐기물 처리, 원료 재생업",36~39,2024,사업체수,개,260,104.0
광 주,건설업,41~42,2024,사업체수,개,15986,101.38
광 주,도매 및 소매업,45~47,2024,사업체수,개,43410,100.5
광 주,운수 및 창고업,49~52,2024,사업체수,개,20508,108.02
광 주,숙박 및 음식점업,55~56,2024,사업체수,개,21603,95.9
광 주,정보통신업,58~63,2024,사업체수,개,2089,114.78
광 주,금융 및 보험업,64~66,2024,사업체수,개,2105,104.57
광 주,부동산업,68,2024,사업체수,개,8867,95.02
광 주,"전문, 과학 및 기술 서비스업",70~73,2024,사업체수,개,6544,113.57
광 주,"사업시설 관리, 사업 지원 및 임대 서비스업",74~76,2024,사업체수,개,3768,93.99
광 주,"공공행정, 국방 및 사회보장 행정",84,2024,사업체수,개,283,98.95
광 주,교육 서비스업,85,2024,사업체수,개,8569,107.38
광 주,보건업 및 사회복지 서비스업,86~87,2024,사업체수,개,5584,105.04
광 주,"예술, 스포츠 및 여가관련 서비스업",90~91,2024,사업체수,개,4517,97.54
광 주,"협회 및 단체, 수리 및 기타 개인 서비스업",94~96,2024,사업체수,개,18407,117.31
대 전,전체 산업,0,2024,사업체수,개,172209,104.94
대 전,"농업, 임업 및 어업",01~03,2024,사업체수,개,74,77.08
대 전,광업,05~08,2024,사업체수,개,6,60.0
대 전,제조업,10~34,2024,사업체수,개,9939,89.97
대 전,"전기, 가스, 증기 및 공기조절 공급업",35,2024,사업체수,개,622,136.7
대 전,"수도, 하수 및 폐기물 처리, 원료 재생업",36~39,2024,사업체수,개,236,102.61
대 전,건설업,41~42,2024,사업체수,개,14140,107.57
대 전,도매 및 소매업,45~47,2024,사업체수,개,46931,106.68
대 전,운수 및 창고업,49~52,2024,사업체수,개,19111,106.18
대 전,숙박 및 음식점업,55~56,2024,사업체수,개,22930,98.17
대 전,정보통신업,58~63,2024,사업체수,개,3486,120.29
대 전,금융 및 보험업,64~66,2024,사업체수,개,1815,107.97
대 전,부동산업,68,2024,사업체수,개,7171,98.27
대 전,"전문, 과학 및 기술 서비스업",70~73,2024,사업체수,개,6385,109.97
대 전,"사업시설 관리, 사업 지원 및 임대 서비스업",74~76,2024,사업체수,개,4008,101.37
대 전,"공공행정, 국방 및 사회보장 행정",84,2024,사업체수,개,284,97.26
대 전,교육 서비스업,85,2024,사업체수,개,8329,112.83
대 전,보건업 및 사회복지 서비스업,86~87,2024,사업체수,개,5239,101.91
대 전,"예술, 스포츠 및 여가관련 서비스업",90~91,2024,사업체수,개,4606,108.38
대 전,"협회 및 단체, 수리 및 기타 개인 서비스업",94~96,2024,사업체수,개,16897,112.19
울 산,전체 산업,0,2024,사업체수,개,116775,101.18
울 산,"농업, 임업 및 어업",01~03,2024,사업체수,개,114,112.87
울 산,광업,05~08,2024,사업체수,개,12,75.0
울 산,제조업,10~34,2024,사업체수,개,8836,88.14
울 산,"전기, 가스, 증기 및 공기조절 공급업",35,2024,사업체수,개,422,159.85
울 산,"수도, 하수 및 폐기물 처리, 원료 재생업",36~39,2024,사업체수,개,314,100.0
울 산,건설업,41~42,2024,사업체수,개,10309,103.83
울 산,도매 및 소매업,45~47,2024,사업체수,개,26241,100.92
울 산,운수 및 창고업,49~52,2024,사업체수,개,13117,103.93
울 산,숙박 및 음식점업,55~56,2024,사업체수,개,19754,96.27
울 산,정보통신업,58~63,2024,사업체수,개,953,123.29
울 산,금융 및 보험업,64~66,2024,사업체수,개,1102,98.13
울 산,부동산업,68,2024,사업체수,개,4626,94.18
울 산,"전문, 과학 및 기술 서비스업",70~73,2024,사업체수,개,3432,108.75
울 산,"사업시설 관리, 사업 지원 및 임대 서비스업",74~76,2024,사업체수,개,2463,91.46
울 산,"공공행정, 국방 및 사회보장 행정",84,2024,사업체수,개,222,100.45
울 산,교육 서비스업,85,2024,사업체수,개,6400,108.29
울 산,보건업 및 사회복지 서비스업,86~87,2024,사업체수,개,3164,101.87
울 산,"예술, 스포츠 및 여가관련 서비스업",90~91,2024,사업체수,개,3326,105.82
울 산,"협회 및 단체, 수리 및 기타 개인 서비스업",94~96,2024,사업체수,개,11968,113.13
세 종,전체 산업,0,2024,사업체수,개,36117,118.5
세 종,"농업, 임업 및 어업",01~03,2024,사업체수,개,85,97.7
세 종,광업,05~08,2024,사업체수,개,9,112.5
세 종,제조업,10~34,2024,사업체수,개,1830,99.4
세 종,"전기, 가스, 증기 및 공기조절 공급업",35,2024,사업체수,개,536,154.47
세 종,"수도, 하수 및 폐기물 처리, 원료 재생업",36~39,2024,사업체수,개,105,103.96
세 종,건설업,41~42,2024,사업체수,개,2320,104.79
세 종,도매 및 소매업,45~47,2024,사업체수,개,8105,128.45
세 종,운수 및 창고업,49~52,2024,사업체수,개,2682,120.27
세 종,숙박 및 음식점업,55~56,2024,사업체수,개,4801,104.76
세 종,정보통신업,58~63,2024,사업체수,개,1093,154.38
세 종,금융 및 보험업,64~66,2024,사업체수,개,301,118.04
세 종,부동산업,68,2024,사업체수,개,2584,94.13
세 종,"전문, 과학 및 기술 서비스업",70~73,2024,사업체수,개,1592,128.7
세 종,"사업시설 관리, 사업 지원 및 임대 서비스업",74~76,2024,사업체수,개,898,114.83
세 종,"공공행정, 국방 및 사회보장 행정",84,2024,사업체수,개,183,110.91
세 종,교육 서비스업,85,2024,사업체수,개,3528,133.59
세 종,보건업 및 사회복지 서비스업,86~87,2024,사업체수,개,1160,114.17
세 종,"예술, 스포츠 및 여가관련 서비스업",90~91,2024,사업체수,개,1024,117.7
세 종,"협회 및 단체, 수리 및 기타 개인 서비스업",94~96,2024,사업체수,개,3281,140.33
경 기,전체 산업,0,2024,사업체수,개,1604724,108.35
경 기,"농업, 임업 및 어업",01~03,2024,사업체수,개,1524,92.42
경 기,광업,05~08,2024,사업체수,개,100,86.21
경 기,제조업,10~34,2024,사업체수,개,162358,88.03
경 기,"전기, 가스, 증기 및 공기조절 공급업",35,2024,사업체수,개,10613,174.27
경 기,"수도, 하수 및 폐기물 처리, 원료 재생업",36~39,2024,사업체수,개,3712,104.92
경 기,건설업,41~42,2024,사업체수,개,119667,105.08
경 기,도매 및 소매업,45~47,2024,사업체수,개,432142,114.81
경 기,운수 및 창고업,49~52,2024,사업체수,개,176300,113.15
경 기,숙박 및 음식점업,55~56,2024,사업체수,개,183032,100.98
경 기,정보통신업,58~63,2024,사업체수,개,44056,139.76
경 기,금융 및 보험업,64~66,2024,사업체수,개,10970,106.95
경 기,부동산업,68,2024,사업체수,개,78464,97.99
경 기,"전문, 과학 및 기술 서비스업",70~73,2024,사업체수,개,65586,123.61
경 기,"사업시설 관리, 사업 지원 및 임대 서비스업",74~76,2024,사업체수,개,35554,98.41
경 기,"공공행정, 국방 및 사회보장 행정",84,2024,사업체수,개,2058,102.69
경 기,교육 서비스업,85,2024,사업체수,개,76624,118.6
경 기,보건업 및 사회복지 서비스업,86~87,2024,사업체수,개,40215,105.1
경 기,"예술, 스포츠 및 여가관련 서비스업",90~91,2024,사업체수,개,39702,111.02
경 기,"협회 및 단체, 수리 및 기타 개인 서비스업",94~96,2024,사업체수,개,122047,114.92
강 원,전체 산업,0,2024,사업체수,개,214203,106.91
강 원,"농업, 임업 및 어업",01~03,2024,사업체수,개,855,88.69
강 원,광업,05~08,2024,사업체수,개,192,89.72
강 원,제조업,10~34,2024,사업체수,개,10161,95.12
강 원,"전기, 가스, 증기 및 공기조절 공급업",35,2024,사업체수,개,8331,152.72
강 원,"수도, 하수 및 폐기물 처리, 원료 재생업",36~39,2024,사업체수,개,673,105.49
강 원,건설업,41~42,2024,사업체수,개,25436,105.79
강 원,도매 및 소매업,45~47,2024,사업체수,개,46217,104.52
강 원,운수 및 창고업,49~52,2024,사업체수,개,15565,105.36
강 원,숙박 및 음식점업,55~56,2024,사업체수,개,44281,102.69
강 원,정보통신업,58~63,2024,사업체수,개,2037,95.45
강 원,금융 및 보험업,64~66,2024,사업체수,개,1879,102.73
강 원,부동산업,68,2024,사업체수,개,6188,104.67
강 원,"전문, 과학 및 기술 서비스업",70~73,2024,사업체수,개,5157,115.58
강 원,"사업시설 관리, 사업 지원 및 임대 서비스업",74~76,2024,사업체수,개,4534,105.22
강 원,"공공행정, 국방 및 사회보장 행정",84,2024,사업체수,개,831,101.59
강 원,교육 서비스업,85,2024,사업체수,개,8396,110.26
강 원,보건업 및 사회복지 서비스업,86~87,2024,사업체수,개,5760,107.4
강 원,"예술, 스포츠 및 여가관련 서비스업",90~91,2024,사업체수,개,5892,109.37
강 원,"협회 및 단체, 수리 및 기타 개인 서비스업",94~96,2024,사업체수,개,21818,118.4
충 북,전체 산업,0,2024,사업체수,개,208190,107.01
충 북,"농업, 임업 및 어업",01~03,2024,사업체수,개,824,98.92
충 북,광업,05~08,2024,사업체수,개,110,97.35
충 북,제조업,10~34,2024,사업체수,개,17375,93.19
충 북,"전기, 가스, 증기 및 공기조절 공급업",35,2024,사업체수,개,10529,166.55
충 북,"수도, 하수 및 폐기물 처리, 원료 재생업",36~39,2024,사업체수,개,697,101.01
충 북,건설업,41~42,2024,사업체수,개,22133,107.37
충 북,도매 및 소매업,45~47,2024,사업체수,개,44438,101.64
충 북,운수 및 창고업,49~52,2024,사업체수,개,21665,112.36
충 북,숙박 및 음식점업,55~56,2024,사업체수,개,31465,100.06
충 북,정보통신업,58~63,2024,사업체수,개,2145,153.0
충 북,금융 및 보험업,64~66,2024,사업체수,개,1608,104.96
충 북,부동산업,68,2024,사업체수,개,6580,101.28
충 북,"전문, 과학 및 기술 서비스업",70~73,2024,사업체수,개,5091,114.87
충 북,"사업시설 관리, 사업 지원 및 임대 서비스업",74~76,2024,사업체수,개,4625,98.8
충 북,"공공행정, 국방 및 사회보장 행정",84,2024,사업체수,개,570,99.48
충 북,교육 서비스업,85,2024,사업체수,개,7799,112.26
충 북,보건업 및 사회복지 서비스업,86~87,2024,사업체수,개,5471,104.79
충 북,"예술, 스포츠 및 여가관련 서비스업",90~91,2024,사업체수,개,5126,105.73
충 북,"협회 및 단체, 수리 및 기타 개인 서비스업",94~96,2024,사업체수,개,19939,118.93
충 남,전체 산업,0,2024,사업체수,개,287424,110.01
충 남,"농업, 임업 및 어업",01~03,2024,사업체수,개,1626,102.65
충 남,광업,05~08,2024,사업체수,개,112,85.5
충 남,제조업,10~34,2024,사업체수,개,22992,93.07
충 남,"전기, 가스, 증기 및 공기조절 공급업",35,2024,사업체수,개,19636,155.99
충 남,"수도, 하수 및 폐기물 처리, 원료 재생업",36~39,2024,사업체수,개,876,102.7
충 남,건설업,41~42,2024,사업체수,개,28272,109.82
충 남,도매 및 소매업,45~47,2024,사업체수,개,63715,105.33
충 남,운수 및 창고업,49~52,2024,사업체수,개,26613,114.53
충 남,숙박 및 음식점업,55~56,2024,사업체수,개,42099,101.52
충 남,정보통신업,58~63,2024,사업체수,개,3526,178.98
충 남,금융 및 보험업,64~66,2024,사업체수,개,2103,104.52
충 남,부동산업,68,2024,사업체수,개,9534,102.4
충 남,"전문, 과학 및 기술 서비스업",70~73,2024,사업체수,개,7059,123.97
충 남,"사업시설 관리, 사업 지원 및 임대 서비스업",74~76,2024,사업체수,개,6312,107.71
충 남,"공공행정, 국방 및 사회보장 행정",84,2024,사업체수,개,789,101.94
충 남,교육 서비스업,85,2024,사업체수,개,10567,114.9
충 남,보건업 및 사회복지 서비스업,86~87,2024,사업체수,개,7351,105.25
충 남,"예술, 스포츠 및 여가관련 서비스업",90~91,2024,사업체수,개,6474,107.79
충 남,"협회 및 단체, 수리 및 기타 개인 서비스업",94~96,2024,사업체수,개,27768,122.56
전 북,전체 산업,0,2024,사업체수,개,252411,109.09
전 북,"농업, 임업 및 어업",01~03,2024,사업체수,개,1363,90.32
전 북,광업,05~08,2024,사업체수,개,88,75.86
전 북,제조업,10~34,2024,사업체수,개,15002,91.56
전 북,"전기, 가스, 증기 및 공기조절 공급업",35,2024,사업체수,개,33073,151.89
전 북,"수도, 하수 및 폐기물 처리, 원료 재생업",36~39,2024,사업체수,개,636,103.75
전 북,건설업,41~42,2024,사업체수,개,23297,102.98
전 북,도매 및 소매업,45~47,2024,사업체수,개,52638,99.06
전 북,운수 및 창고업,49~52,2024,사업체수,개,23070,111.35
전 북,숙박 및 음식점업,55~56,2024,사업체수,개,31394,100.21
전 북,정보통신업,58~63,2024,사업체수,개,1853,113.75
전 북,금융 및 보험업,64~66,2024,사업체수,개,2227,106.1
전 북,부동산업,68,2024,사업체수,개,6879,96.75
전 북,"전문, 과학 및 기술 서비스업",70~73,2024,사업체수,개,5530,105.8
전 북,"사업시설 관리, 사업 지원 및 임대 서비스업",74~76,2024,사업체수,개,4233,97.83
전 북,"공공행정, 국방 및 사회보장 행정",84,2024,사업체수,개,932,100.65
전 북,교육 서비스업,85,2024,사업체수,개,9562,105.53
전 북,보건업 및 사회복지 서비스업,86~87,2024,사업체수,개,7227,106.55
전 북,"예술, 스포츠 및 여가관련 서비스업",90~91,2024,사업체수,개,5190,106.86
전 북,"협회 및 단체, 수리 및 기타 개인 서비스업",94~96,2024,사업체수,개,28217,133.37
전 남,전체 산업,0,2024,사업체수,개,253206,107.89
전 남,"농업, 임업 및 어업",01~03,2024,사업체수,개,1967,86.23
전 남,광업,05~08,2024,사업체수,개,961,99.9
전 남,제조업,10~34,2024,사업체수,개,16143,92.69
전 남,"전기, 가스, 증기 및 공기조절 공급업",35,2024,사업체수,개,22255,173.39
전 남,"수도, 하수 및 폐기물 처리, 원료 재생업",36~39,2024,사업체수,개,823,102.88
전 남,건설업,41~42,2024,사업체수,개,26554,106.78
전 남,도매 및 소매업,45~47,2024,사업체수,개,54664,99.75
전 남,운수 및 창고업,49~52,2024,사업체수,개,25782,105.96
전 남,숙박 및 음식점업,55~56,2024,사업체수,개,37394,100.9
전 남,정보통신업,58~63,2024,사업체수,개,1762,111.1
전 남,금융 및 보험업,64~66,2024,사업체수,개,1957,99.64
전 남,부동산업,68,2024,사업체수,개,5236,99.75
전 남,"전문, 과학 및 기술 서비스업",70~73,2024,사업체수,개,4805,108.17
전 남,"사업시설 관리, 사업 지원 및 임대 서비스업",74~76,2024,사업체수,개,4373,99.36
전 남,"공공행정, 국방 및 사회보장 행정",84,2024,사업체수,개,1292,100.08
전 남,교육 서비스업,85,2024,사업체수,개,8374,109.79
전 남,보건업 및 사회복지 서비스업,86~87,2024,사업체수,개,6735,105.93
전 남,"예술, 스포츠 및 여가관련 서비스업",90~91,2024,사업체수,개,5364,108.78
전 남,"협회 및 단체, 수리 및 기타 개인 서비스업",94~96,2024,사업체수,개,26765,124.59
경 북,전체 산업,0,2024,사업체수,개,344568,104.84
경 북,"농업, 임업 및 어업",01~03,2024,사업체수,개,1235,99.92
경 북,광업,05~08,2024,사업체수,개,156,79.59
경 북,제조업,10~34,2024,사업체수,개,33867,89.37
경 북,"전기, 가스, 증기 및 공기조절 공급업",35,2024,사업체수,개,21474,185.91
경 북,"수도, 하수 및 폐기물 처리, 원료 재생업",36~39,2024,사업체수,개,1252,100.48
경 북,건설업,41~42,2024,사업체수,개,34158,105.36
경 북,도매 및 소매업,45~47,2024,사업체수,개,74143,100.97
경 북,운수 및 창고업,49~52,2024,사업체수,개,33267,102.39
경 북,숙박 및 음식점업,55~56,2024,사업체수,개,55153,99.58
경 북,정보통신업,58~63,2024,사업체수,개,2482,117.69
경 북,금융 및 보험업,64~66,2024,사업체수,개,2688,99.48
경 북,부동산업,68,2024,사업체수,개,8501,98.41
경 북,"전문, 과학 및 기술 서비스업",70~73,2024,사업체수,개,6631,107.84
경 북,"사업시설 관리, 사업 지원 및 임대 서비스업",74~76,2024,사업체수,개,5742,94.57
경 북,"공공행정, 국방 및 사회보장 행정",84,2024,사업체수,개,1286,98.24
경 북,교육 서비스업,85,2024,사업체수,개,12914,109.23
경 북,보건업 및 사회복지 서비스업,86~87,2024,사업체수,개,8625,103.1
경 북,"예술, 스포츠 및 여가관련 서비스업",90~91,2024,사업체수,개,7210,105.63
경 북,"협회 및 단체, 수리 및 기타 개인 서비스업",94~96,2024,사업체수,개,33784,117.25
경 남,전체 산업,0,2024,사업체수,개,403774,102.84
경 남,"농업, 임업 및 어업",01~03,2024,사업체수,개,1087,102.84
경 남,광업,05~08,2024,사업체수,개,79,71.17
경 남,제조업,10~34,2024,사업체수,개,44369,89.7
경 남,"전기, 가스, 증기 및 공기조절 공급업",35,2024,사업체수,개,10605,178.93
경 남,"수도, 하수 및 폐기물 처리, 원료 재생업",36~39,2024,사업체수,개,1258,99.84
경 남,건설업,41~42,2024,사업체수,개,33922,104.59
경 남,도매 및 소매업,45~47,2024,사업체수,개,90490,100.46
경 남,운수 및 창고업,49~52,2024,사업체수,개,39823,110.66
경 남,숙박 및 음식점업,55~56,2024,사업체수,개,66831,97.19
경 남,정보통신업,58~63,2024,사업체수,개,3047,122.17
경 남,금융 및 보험업,64~66,2024,사업체수,개,3367,101.72
경 남,부동산업,68,2024,사업체수,개,13365,97.73
경 남,"전문, 과학 및 기술 서비스업",70~73,2024,사업체수,개,10028,109.24
경 남,"사업시설 관리, 사업 지원 및 임대 서비스업",74~76,2024,사업체수,개,7532,89.72
경 남,"공공행정, 국방 및 사회보장 행정",84,2024,사업체수,개,1112,101.09
경 남,교육 서비스업,85,2024,사업체수,개,18396,108.18
경 남,보건업 및 사회복지 서비스업,86~87,2024,사업체수,개,10415,102.52
경 남,"예술, 스포츠 및 여가관련 서비스업",90~91,2024,사업체수,개,8586,106.37
경 남,"협회 및 단체, 수리 및 기타 개인 서비스업",94~96,2024,사업체수,개,39462,115.57
제 주,전체 산업,0,2024,사업체수,개,100168,104.2
제 주,"농업, 임업 및 어업",01~03,2024,사업체수,개,686,90.86
제 주,광업,05~08,2024,사업체수,개,9,81.82
제 주,제조업,10~34,2024,사업체수,개,3224,87.04
제 주,"전기, 가스, 증기 및 공기조절 공급업",35,2024,사업체수,개,1291,115.37
제 주,"수도, 하수 및 폐기물 처리, 원료 재생업",36~39,2024,사업체수,개,196,103.16
제 주,건설업,41~42,2024,사업체수,개,9492,100.61
제 주,도매 및 소매업,45~47,2024,사업체수,개,22274,101.84
제 주,운수 및 창고업,49~52,2024,사업체수,개,8185,101.35
제 주,숙박 및 음식점업,55~56,2024,사업체수,개,24243,103.3
제 주,정보통신업,58~63,2024,사업체수,개,1076,111.27
제 주,금융 및 보험업,64~66,2024,사업체수,개,901,104.65
제 주,부동산업,68,2024,사업체수,개,3911,98.34
제 주,"전문, 과학 및 기술 서비스업",70~73,2024,사업체수,개,3110,112.15
제 주,"사업시설 관리, 사업 지원 및 임대 서비스업",74~76,2024,사업체수,개,2904,98.07
제 주,"공공행정, 국방 및 사회보장 행정",84,2024,사업체수,개,238,106.25
제 주,교육 서비스업,85,2024,사업체수,개,4484,118.34
제 주,보건업 및 사회복지 서비스업,86~87,2024,사업체수,개,2324,107.59
제 주,"예술, 스포츠 및 여가관련 서비스업",90~91,2024,사업체수,개,2907,109.91
제 주,"협회 및 단체, 수리 및 기타 개인 서비스업",94~96,2024,사업체수,개,8713,121.96
전 국,전체 산업,0,2024,종사자수,명,25641480,102.85
전 국,"농업, 임업 및 어업",01~03,2024,종사자수,명,62963,95.16
전 국,광업,05~08,2024,종사자수,명,13098,88.12
전 국,제조업,10~34,2024,종사자수,명,4159656,98.63
전 국,"전기, 가스, 증기 및 공기조절 공급업",35,2024,종사자수,명,212795,135.54
전 국,"수도, 하수 및 폐기물 처리, 원료 재생업",36~39,2024,종사자수,명,132892,99.79
전 국,건설업,41~42,2024,종사자수,명,1861094,93.64
전 국,도매 및 소매업,45~47,2024,종사자수,명,3551791,96.83
전 국,운수 및 창고업,49~52,2024,종사자수,명,1464734,107.59
전 국,숙박 및 음식점업,55~56,2024,종사자수,명,2234009,105.97
전 국,정보통신업,58~63,2024,종사자수,명,858952,103.24
전 국,금융 및 보험업,64~66,2024,종사자수,명,735916,103.65
전 국,부동산업,68,2024,종사자수,명,655270,93.22
전 국,"전문, 과학 및 기술 서비스업",70~73,2024,종사자수,명,1513309,107.72
전 국,"사업시설 관리, 사업 지원 및 임대 서비스업",74~76,2024,종사자수,명,1341037,103.1
전 국,"공공행정, 국방 및 사회보장 행정",84,2024,종사자수,명,944330,105.24
전 국,교육 서비스업,85,2024,종사자수,명,1739023,103.08
전 국,보건업 및 사회복지 서비스업,86~87,2024,종사자수,명,2726259,115.66
전 국,"예술, 스포츠 및 여가관련 서비스업",90~91,2024,종사자수,명,467950,110.93
전 국,"협회 및 단체, 수리 및 기타 개인 서비스업",94~96,2024,종사자수,명,966402,106.92
서 울,전체 산업,0,2024,종사자수,명,5772456,100.02
서 울,"농업, 임업 및 어업",01~03,2024,종사자수,명,409,54.32
서 울,광업,05~08,2024,종사자수,명,190,140.74
서 울,제조업,10~34,2024,종사자수,명,237097,88.64
서 울,"전기, 가스, 증기 및 공기조절 공급업",35,2024,종사자수,명,6637,96.57
서 울,"수도, 하수 및 폐기물 처리, 원료 재생업",36~39,2024,종사자수,명,10638,100.26
서 울,건설업,41~42,2024,종사자수,명,388553,86.53
서 울,도매 및 소매업,45~47,2024,종사자수,명,936536,92.81
서 울,운수 및 창고업,49~52,2024,종사자수,명,289414,105.44
서 울,숙박 및 음식점업,55~56,2024,종사자수,명,450505,106.23
서 울,정보통신업,58~63,2024,종사자수,명,490271,99.93
서 울,금융 및 보험업,64~66,2024,종사자수,명,299964,102.14
서 울,부동산업,68,2024,종사자수,명,188936,91.99
서 울,"전문, 과학 및 기술 서비스업",70~73,2024,종사자수,명,630526,105.48
서 울,"사업시설 관리, 사업 지원 및 임대 서비스업",74~76,2024,종사자수,명,520190,105.52
서 울,"공공행정, 국방 및 사회보장 행정",84,2024,종사자수,명,163874,101.68
서 울,교육 서비스업,85,2024,종사자수,명,366094,101.23
서 울,보건업 및 사회복지 서비스업,86~87,2024,종사자수,명,508898,112.99
서 울,"예술, 스포츠 및 여가관련 서비스업",90~91,2024,종사자수,명,93249,105.38
서 울,"협회 및 단체, 수리 및 기타 개인 서비스업",94~96,2024,종사자수,명,190475,102.13
부 산,전체 산업,0,2024,종사자수,명,1563954,101.26
부 산,"농업, 임업 및 어업",01~03,2024,종사자수,명,3333,120.89
부 산,광업,05~08,2024,종사자수,명,33,38.82
부 산,제조업,10~34,2024,종사자수,명,210397,98.76
부 산,"전기, 가스, 증기 및 공기조절 공급업",35,2024,종사자수,명,4714,114.14
부 산,"수도, 하수 및 폐기물 처리, 원료 재생업",36~39,2024,종사자수,명,7591,96.03
부 산,건설업,41~42,2024,종사자수,명,110035,88.77
부 산,도매 및 소매업,45~47,2024,종사자수,명,235313,95.18
부 산,운수 및 창고업,49~52,2024,종사자수,명,136371,103.51
부 산,숙박 및 음식점업,55~56,2024,종사자수,명,153036,107.08
부 산,정보통신업,58~63,2024,종사자수,명,21228,99.38
부 산,금융 및 보험업,64~66,2024,종사자수,명,50537,103.44
부 산,부동산업,68,2024,종사자수,명,44615,93.46
부 산,"전문, 과학 및 기술 서비스업",70~73,2024,종사자수,명,60567,103.25
부 산,"사업시설 관리, 사업 지원 및 임대 서비스업",74~76,2024,종사자수,명,75767,96.31
부 산,"공공행정, 국방 및 사회보장 행정",84,2024,종사자수,명,54720,104.32
부 산,교육 서비스업,85,2024,종사자수,명,106156,101.55
부 산,보건업 및 사회복지 서비스업,86~87,2024,종사자수,명,203967,115.84
부 산,"예술, 스포츠 및 여가관련 서비스업",90~91,2024,종사자수,명,25292,111.29
부 산,"협회 및 단체, 수리 및 기타 개인 서비스업",94~96,2024,종사자수,명,60282,101.0
대 구,전체 산업,0,2024,종사자수,명,1021246,101.66
대 구,"농업, 임업 및 어업",01~03,2024,종사자수,명,563,144.73
대 구,광업,05~08,2024,종사자수,명,73,317.39
대 구,제조업,10~34,2024,종사자수,명,159551,93.95
대 구,"전기, 가스, 증기 및 공기조절 공급업",35,2024,종사자수,명,4561,137.88
대 구,"수도, 하수 및 폐기물 처리, 원료 재생업",36~39,2024,종사자수,명,4663,103.9
대 구,건설업,41~42,2024,종사자수,명,70905,94.1
대 구,도매 및 소매업,45~47,2024,종사자수,명,152493,95.8
대 구,운수 및 창고업,49~52,2024,종사자수,명,59297,105.47
대 구,숙박 및 음식점업,55~56,2024,종사자수,명,94265,106.14
대 구,정보통신업,58~63,2024,종사자수,명,15968,96.4
대 구,금융 및 보험업,64~66,2024,종사자수,명,32499,106.76
대 구,부동산업,68,2024,종사자수,명,29114,95.58
대 구,"전문, 과학 및 기술 서비스업",70~73,2024,종사자수,명,35746,103.37
대 구,"사업시설 관리, 사업 지원 및 임대 서비스업",74~76,2024,종사자수,명,46699,108.27
대 구,"공공행정, 국방 및 사회보장 행정",84,2024,종사자수,명,37580,109.1
대 구,교육 서비스업,85,2024,종사자수,명,82871,101.13
대 구,보건업 및 사회복지 서비스업,86~87,2024,종사자수,명,135545,114.31
대 구,"예술, 스포츠 및 여가관련 서비스업",90~91,2024,종사자수,명,16377,106.12
대 구,"협회 및 단체, 수리 및 기타 개인 서비스업",94~96,2024,종사자수,명,42476,102.67
인 천,전체 산업,0,2024,종사자수,명,1271660,103.94
인 천,"농업, 임업 및 어업",01~03,2024,종사자수,명,442,68.21
인 천,광업,05~08,2024,종사자수,명,397,77.84
인 천,제조업,10~34,2024,종사자수,명,242091,96.7
인 천,"전기, 가스, 증기 및 공기조절 공급업",35,2024,종사자수,명,4544,97.85
인 천,"수도, 하수 및 폐기물 처리, 원료 재생업",36~39,2024,종사자수,명,7951,101.17
인 천,건설업,41~42,2024,종사자수,명,81837,93.67
인 천,도매 및 소매업,45~47,2024,종사자수,명,176309,101.85
인 천,운수 및 창고업,49~52,2024,종사자수,명,100309,105.32
인 천,숙박 및 음식점업,55~56,2024,종사자수,명,112402,109.0
인 천,정보통신업,58~63,2024,종사자수,명,16133,108.21
인 천,금융 및 보험업,64~66,2024,종사자수,명,24128,106.3
인 천,부동산업,68,2024,종사자수,명,32578,99.0
인 천,"전문, 과학 및 기술 서비스업",70~73,2024,종사자수,명,45432,104.8
인 천,"사업시설 관리, 사업 지원 및 임대 서비스업",74~76,2024,종사자수,명,70006,108.15
인 천,"공공행정, 국방 및 사회보장 행정",84,2024,종사자수,명,44448,101.92
인 천,교육 서비스업,85,2024,종사자수,명,82713,104.23
인 천,보건업 및 사회복지 서비스업,86~87,2024,종사자수,명,158215,116.77
인 천,"예술, 스포츠 및 여가관련 서비스업",90~91,2024,종사자수,명,23490,121.65
인 천,"협회 및 단체, 수리 및 기타 개인 서비스업",94~96,2024,종사자수,명,48235,109.06
광 주,전체 산업,0,2024,종사자수,명,673601,99.61
광 주,"농업, 임업 및 어업",01~03,2024,종사자수,명,448,101.59
광 주,광업,05~08,2024,종사자수,명,25,62.5
광 주,제조업,10~34,2024,종사자수,명,80250,91.9
광 주,"전기, 가스, 증기 및 공기조절 공급업",35,2024,종사자수,명,3982,122.79
광 주,"수도, 하수 및 폐기물 처리, 원료 재생업",36~39,2024,종사자수,명,2673,101.71
광 주,건설업,41~42,2024,종사자수,명,68055,90.38
광 주,도매 및 소매업,45~47,2024,종사자수,명,90215,93.84
광 주,운수 및 창고업,49~52,2024,종사자수,명,39134,104.16
광 주,숙박 및 음식점업,55~56,2024,종사자수,명,56342,102.44
광 주,정보통신업,58~63,2024,종사자수,명,10267,79.79
광 주,금융 및 보험업,64~66,2024,종사자수,명,21487,98.68
광 주,부동산업,68,2024,종사자수,명,19074,74.63
광 주,"전문, 과학 및 기술 서비스업",70~73,2024,종사자수,명,29207,118.49
광 주,"사업시설 관리, 사업 지원 및 임대 서비스업",74~76,2024,종사자수,명,32227,101.05
광 주,"공공행정, 국방 및 사회보장 행정",84,2024,종사자수,명,22853,97.51
광 주,교육 서비스업,85,2024,종사자수,명,52184,101.35
광 주,보건업 및 사회복지 서비스업,86~87,2024,종사자수,명,102915,117.73
광 주,"예술, 스포츠 및 여가관련 서비스업",90~91,2024,종사자수,명,11806,102.17
광 주,"협회 및 단체, 수리 및 기타 개인 서비스업",94~96,2024,종사자수,명,30457,109.02
대 전,전체 산업,0,2024,종사자수,명,706075,102.56
대 전,"농업, 임업 및 어업",01~03,2024,종사자수,명,171,42.43
대 전,광업,05~08,2024,종사자수,명,21,77.78
대 전,제조업,10~34,2024,종사자수,명,66618,99.16
대 전,"전기, 가스, 증기 및 공기조절 공급업",35,2024,종사자수,명,2109,96.43
대 전,"수도, 하수 및 폐기물 처리, 원료 재생업",36~39,2024,종사자수,명,4207,91.54
대 전,건설업,41~42,2024,종사자수,명,58437,96.7
대 전,도매 및 소매업,45~47,2024,종사자수,명,97979,97.42
대 전,운수 및 창고업,49~52,2024,종사자수,명,36024,104.07
대 전,숙박 및 음식점업,55~56,2024,종사자수,명,62460,107.31
대 전,정보통신업,58~63,2024,종사자수,명,21027,104.83
대 전,금융 및 보험업,64~66,2024,종사자수,명,20107,106.09
대 전,부동산업,68,2024,종사자수,명,16846,90.43
대 전,"전문, 과학 및 기술 서비스업",70~73,2024,종사자수,명,61616,107.11
대 전,"사업시설 관리, 사업 지원 및 임대 서비스업",74~76,2024,종사자수,명,43969,98.25
대 전,"공공행정, 국방 및 사회보장 행정",84,2024,종사자수,명,30219,100.23
대 전,교육 서비스업,85,2024,종사자수,명,60708,103.06
대 전,보건업 및 사회복지 서비스업,86~87,2024,종사자수,명,82808,112.86
대 전,"예술, 스포츠 및 여가관련 서비스업",90~91,2024,종사자수,명,11803,110.5
대 전,"협회 및 단체, 수리 및 기타 개인 서비스업",94~96,2024,종사자수,명,28946,106.33
울 산,전체 산업,0,2024,종사자수,명,568107,104.43
울 산,"농업, 임업 및 어업",01~03,2024,종사자수,명,455,112.62
울 산,광업,05~08,2024,종사자수,명,134,48.73
울 산,제조업,10~34,2024,종사자수,명,180998,102.02
울 산,"전기, 가스, 증기 및 공기조절 공급업",35,2024,종사자수,명,3288,117.89
울 산,"수도, 하수 및 폐기물 처리, 원료 재생업",36~39,2024,종사자수,명,2828,102.76
울 산,건설업,41~42,2024,종사자수,명,43170,112.38
울 산,도매 및 소매업,45~47,2024,종사자수,명,53377,94.82
울 산,운수 및 창고업,49~52,2024,종사자수,명,31777,104.29
울 산,숙박 및 음식점업,55~56,2024,종사자수,명,47957,106.68
울 산,정보통신업,58~63,2024,종사자수,명,4716,97.8
울 산,금융 및 보험업,64~66,2024,종사자수,명,11573,101.71
울 산,부동산업,68,2024,종사자수,명,9721,83.74
울 산,"전문, 과학 및 기술 서비스업",70~73,2024,종사자수,명,21271,107.28
울 산,"사업시설 관리, 사업 지원 및 임대 서비스업",74~76,2024,종사자수,명,24842,117.21
울 산,"공공행정, 국방 및 사회보장 행정",84,2024,종사자수,명,18307,102.87
울 산,교육 서비스업,85,2024,종사자수,명,36325,103.71
울 산,보건업 및 사회복지 서비스업,86~87,2024,종사자수,명,49748,115.82
울 산,"예술, 스포츠 및 여가관련 서비스업",90~91,2024,종사자수,명,7809,105.06
울 산,"협회 및 단체, 수리 및 기타 개인 서비스업",94~96,2024,종사자수,명,19811,108.96
세 종,전체 산업,0,2024,종사자수,명,172001,112.44
세 종,"농업, 임업 및 어업",01~03,2024,종사자수,명,287,97.62
세 종,광업,05~08,2024,종사자수,명,109,131.33
세 종,제조업,10~34,2024,종사자수,명,24037,114.02
세 종,"전기, 가스, 증기 및 공기조절 공급업",35,2024,종사자수,명,1854,209.02
세 종,"수도, 하수 및 폐기물 처리, 원료 재생업",36~39,2024,종사자수,명,851,108.68
세 종,건설업,41~42,2024,종사자수,명,8395,85.41
세 종,도매 및 소매업,45~47,2024,종사자수,명,15490,112.47
세 종,운수 및 창고업,49~52,2024,종사자수,명,6479,118.62
세 종,숙박 및 음식점업,55~56,2024,종사자수,명,13657,110.56
세 종,정보통신업,58~63,2024,종사자수,명,3975,133.61
세 종,금융 및 보험업,64~66,2024,종사자수,명,2526,129.94
세 종,부동산업,68,2024,종사자수,명,5674,94.49
세 종,"전문, 과학 및 기술 서비스업",70~73,2024,종사자수,명,11527,129.3
세 종,"사업시설 관리, 사업 지원 및 임대 서비스업",74~76,2024,종사자수,명,6409,115.56
세 종,"공공행정, 국방 및 사회보장 행정",84,2024,종사자수,명,26094,106.03
세 종,교육 서비스업,85,2024,종사자수,명,19977,114.21
세 종,보건업 및 사회복지 서비스업,86~87,2024,종사자수,명,15433,117.64
세 종,"예술, 스포츠 및 여가관련 서비스업",90~91,2024,종사자수,명,3459,122.23
세 종,"협회 및 단체, 수리 및 기타 개인 서비스업",94~96,2024,종사자수,명,5768,115.48
경 기,전체 산업,0,2024,종사자수,명,6269495,104.59
경 기,"농업, 임업 및 어업",01~03,2024,종사자수,명,7819,94.64
경 기,광업,05~08,2024,종사자수,명,1340,89.51
경 기,제조업,10~34,2024,종사자수,명,1360933,99.1
경 기,"전기, 가스, 증기 및 공기조절 공급업",35,2024,종사자수,명,19634,126.21
경 기,"수도, 하수 및 폐기물 처리, 원료 재생업",36~39,2024,종사자수,명,34754,100.03
경 기,건설업,41~42,2024,종사자수,명,396817,94.14
경 기,도매 및 소매업,45~47,2024,종사자수,명,926720,101.91
경 기,운수 및 창고업,49~52,2024,종사자수,명,371549,114.09
경 기,숙박 및 음식점업,55~56,2024,종사자수,명,504719,107.8
경 기,정보통신업,58~63,2024,종사자수,명,205061,116.46
경 기,금융 및 보험업,64~66,2024,종사자수,명,108325,107.12
경 기,부동산업,68,2024,종사자수,명,171433,94.81
경 기,"전문, 과학 및 기술 서비스업",70~73,2024,종사자수,명,386145,112.37
경 기,"사업시설 관리, 사업 지원 및 임대 서비스업",74~76,2024,종사자수,명,275936,102.42
경 기,"공공행정, 국방 및 사회보장 행정",84,2024,종사자수,명,149974,98.52
경 기,교육 서비스업,85,2024,종사자수,명,416109,106.65
경 기,보건업 및 사회복지 서비스업,86~87,2024,종사자수,명,589446,115.4
경 기,"예술, 스포츠 및 여가관련 서비스업",90~91,2024,종사자수,명,124105,114.78
경 기,"협회 및 단체, 수리 및 기타 개인 서비스업",94~96,2024,종사자수,명,218676,107.14
강 원,전체 산업,0,2024,종사자수,명,751263,105.17
강 원,"농업, 임업 및 어업",01~03,2024,종사자수,명,4710,88.72
강 원,광업,05~08,2024,종사자수,명,3833,91.85
강 원,제조업,10~34,2024,종사자수,명,62173,96.84
강 원,"전기, 가스, 증기 및 공기조절 공급업",35,2024,종사자수,명,11996,133.19
강 원,"수도, 하수 및 폐기물 처리, 원료 재생업",36~39,2024,종사자수,명,5798,103.0
강 원,건설업,41~42,2024,종사자수,명,78280,102.25
강 원,도매 및 소매업,45~47,2024,종사자수,명,90784,98.59
강 원,운수 및 창고업,49~52,2024,종사자수,명,32290,105.25
강 원,숙박 및 음식점업,55~56,2024,종사자수,명,100603,104.63
강 원,정보통신업,58~63,2024,종사자수,명,9276,94.56
강 원,금융 및 보험업,64~66,2024,종사자수,명,20054,102.65
강 원,부동산업,68,2024,종사자수,명,14179,97.27
강 원,"전문, 과학 및 기술 서비스업",70~73,2024,종사자수,명,23473,109.24
강 원,"사업시설 관리, 사업 지원 및 임대 서비스업",74~76,2024,종사자수,명,28857,108.31
강 원,"공공행정, 국방 및 사회보장 행정",84,2024,종사자수,명,49038,102.47
강 원,교육 서비스업,85,2024,종사자수,명,58146,102.35
강 원,보건업 및 사회복지 서비스업,86~87,2024,종사자수,명,98613,122.47
강 원,"예술, 스포츠 및 여가관련 서비스업",90~91,2024,종사자수,명,24038,109.32
강 원,"협회 및 단체, 수리 및 기타 개인 서비스업",94~96,2024,종사자수,명,35122,112.22
충 북,전체 산업,0,2024,종사자수,명,861910,105.46
충 북,"농업, 임업 및 어업",01~03,2024,종사자수,명,4472,102.33
충 북,광업,05~08,2024,종사자수,명,1105,97.01
충 북,제조업,10~34,2024,종사자수,명,228821,102.01
충 북,"전기, 가스, 증기 및 공기조절 공급업",35,2024,종사자수,명,12185,155.4
충 북,"수도, 하수 및 폐기물 처리, 원료 재생업",36~39,2024,종사자수,명,6162,95.52
충 북,건설업,41~42,2024,종사자수,명,70576,103.8
충 북,도매 및 소매업,45~47,2024,종사자수,명,88054,96.35
충 북,운수 및 창고업,49~52,2024,종사자수,명,45792,116.2
충 북,숙박 및 음식점업,55~56,2024,종사자수,명,72168,106.25
충 북,정보통신업,58~63,2024,종사자수,명,7833,103.61
충 북,금융 및 보험업,64~66,2024,종사자수,명,15688,107.16
충 북,부동산업,68,2024,종사자수,명,15043,92.75
충 북,"전문, 과학 및 기술 서비스업",70~73,2024,종사자수,명,29003,106.96
충 북,"사업시설 관리, 사업 지원 및 임대 서비스업",74~76,2024,종사자수,명,34112,96.23
충 북,"공공행정, 국방 및 사회보장 행정",84,2024,종사자수,명,36614,102.29
충 북,교육 서비스업,85,2024,종사자수,명,56688,103.77
충 북,보건업 및 사회복지 서비스업,86~87,2024,종사자수,명,89074,124.46
충 북,"예술, 스포츠 및 여가관련 서비스업",90~91,2024,종사자수,명,16131,111.29
충 북,"협회 및 단체, 수리 및 기타 개인 서비스업",94~96,2024,종사자수,명,32389,111.56
충 남,전체 산업,0,2024,종사자수,명,1121335,103.55
충 남,"농업, 임업 및 어업",01~03,2024,종사자수,명,8081,101.25
충 남,광업,05~08,2024,종사자수,명,886,100.8
충 남,제조업,10~34,2024,종사자수,명,314597,98.81
충 남,"전기, 가스, 증기 및 공기조절 공급업",35,2024,종사자수,명,25824,132.21
충 남,"수도, 하수 및 폐기물 처리, 원료 재생업",36~39,2024,종사자수,명,8082,104.02
충 남,건설업,41~42,2024,종사자수,명,82339,96.31
충 남,도매 및 소매업,45~47,2024,종사자수,명,121966,98.38
충 남,운수 및 창고업,49~52,2024,종사자수,명,51501,107.25
충 남,숙박 및 음식점업,55~56,2024,종사자수,명,96835,107.06
충 남,정보통신업,58~63,2024,종사자수,명,8883,107.72
충 남,금융 및 보험업,64~66,2024,종사자수,명,19246,106.33
충 남,부동산업,68,2024,종사자수,명,20047,102.33
충 남,"전문, 과학 및 기술 서비스업",70~73,2024,종사자수,명,31940,110.76
충 남,"사업시설 관리, 사업 지원 및 임대 서비스업",74~76,2024,종사자수,명,37364,89.49
충 남,"공공행정, 국방 및 사회보장 행정",84,2024,종사자수,명,43272,104.27
충 남,교육 서비스업,85,2024,종사자수,명,74604,103.96
충 남,보건업 및 사회복지 서비스업,86~87,2024,종사자수,명,115839,118.3
충 남,"예술, 스포츠 및 여가관련 서비스업",90~91,2024,종사자수,명,16336,114.49
충 남,"협회 및 단체, 수리 및 기타 개인 서비스업",94~96,2024,종사자수,명,43693,113.81
전 북,전체 산업,0,2024,종사자수,명,817157,103.29
전 북,"농업, 임업 및 어업",01~03,2024,종사자수,명,5729,90.25
전 북,광업,05~08,2024,종사자수,명,613,73.5
전 북,제조업,10~34,2024,종사자수,명,119854,98.49
전 북,"전기, 가스, 증기 및 공기조절 공급업",35,2024,종사자수,명,35803,146.79
전 북,"수도, 하수 및 폐기물 처리, 원료 재생업",36~39,2024,종사자수,명,6044,104.31
전 북,건설업,41~42,2024,종사자수,명,66989,93.29
전 북,도매 및 소매업,45~47,2024,종사자수,명,98230,93.11
전 북,운수 및 창고업,49~52,2024,종사자수,명,42478,108.96
전 북,숙박 및 음식점업,55~56,2024,종사자수,명,72740,104.16
전 북,정보통신업,58~63,2024,종사자수,명,8008,98.44
전 북,금융 및 보험업,64~66,2024,종사자수,명,23426,106.46
전 북,부동산업,68,2024,종사자수,명,16232,99.3
전 북,"전문, 과학 및 기술 서비스업",70~73,2024,종사자수,명,27750,105.22
전 북,"사업시설 관리, 사업 지원 및 임대 서비스업",74~76,2024,종사자수,명,22808,94.94
전 북,"공공행정, 국방 및 사회보장 행정",84,2024,종사자수,명,44307,107.06
전 북,교육 서비스업,85,2024,종사자수,명,60085,98.61
전 북,보건업 및 사회복지 서비스업,86~87,2024,종사자수,명,109268,112.34
전 북,"예술, 스포츠 및 여가관련 서비스업",90~91,2024,종사자수,명,14676,107.56
전 북,"협회 및 단체, 수리 및 기타 개인 서비스업",94~96,2024,종사자수,명,42117,117.65
전 남,전체 산업,0,2024,종사자수,명,899604,105.04
전 남,"농업, 임업 및 어업",01~03,2024,종사자수,명,10112,90.41
전 남,광업,05~08,2024,종사자수,명,2487,85.64
전 남,제조업,10~34,2024,종사자수,명,128939,102.25
전 남,"전기, 가스, 증기 및 공기조절 공급업",35,2024,종사자수,명,29204,142.81
전 남,"수도, 하수 및 폐기물 처리, 원료 재생업",36~39,2024,종사자수,명,7542,94.68
전 남,건설업,41~42,2024,종사자수,명,104319,101.09
전 남,도매 및 소매업,45~47,2024,종사자수,명,103477,95.48
전 남,운수 및 창고업,49~52,2024,종사자수,명,55134,104.36
전 남,숙박 및 음식점업,55~56,2024,종사자수,명,80333,103.83
전 남,정보통신업,58~63,2024,종사자수,명,8684,93.62
전 남,금융 및 보험업,64~66,2024,종사자수,명,19185,98.31
전 남,부동산업,68,2024,종사자수,명,13233,94.29
전 남,"전문, 과학 및 기술 서비스업",70~73,2024,종사자수,명,23655,103.07
전 남,"사업시설 관리, 사업 지원 및 임대 서비스업",74~76,2024,종사자수,명,27102,94.33
전 남,"공공행정, 국방 및 사회보장 행정",84,2024,종사자수,명,62608,122.08
전 남,교육 서비스업,85,2024,종사자수,명,57509,103.13
전 남,보건업 및 사회복지 서비스업,86~87,2024,종사자수,명,108728,115.7
전 남,"예술, 스포츠 및 여가관련 서비스업",90~91,2024,종사자수,명,17816,113.21
전 남,"협회 및 단체, 수리 및 기타 개인 서비스업",94~96,2024,종사자수,명,39537,113.56
경 북,전체 산업,0,2024,종사자수,명,1283224,103.96
경 북,"농업, 임업 및 어업",01~03,2024,종사자수,명,6923,103.44
경 북,광업,05~08,2024,종사자수,명,1061,78.94
경 북,제조업,10~34,2024,종사자수,명,317918,100.65
경 북,"전기, 가스, 증기 및 공기조절 공급업",35,2024,종사자수,명,28613,148.72
경 북,"수도, 하수 및 폐기물 처리, 원료 재생업",36~39,2024,종사자수,명,10688,101.15
경 북,건설업,41~42,2024,종사자수,명,102598,101.82
경 북,도매 및 소매업,45~47,2024,종사자수,명,140526,96.64
경 북,운수 및 창고업,49~52,2024,종사자수,명,62534,101.3
경 북,숙박 및 음식점업,55~56,2024,종사자수,명,114727,104.19
경 북,정보통신업,58~63,2024,종사자수,명,9898,98.7
경 북,금융 및 보험업,64~66,2024,종사자수,명,23772,102.26
경 북,부동산업,68,2024,종사자수,명,19187,88.48
경 북,"전문, 과학 및 기술 서비스업",70~73,2024,종사자수,명,38948,108.11
경 북,"사업시설 관리, 사업 지원 및 임대 서비스업",74~76,2024,종사자수,명,32978,101.55
경 북,"공공행정, 국방 및 사회보장 행정",84,2024,종사자수,명,69071,113.52
경 북,교육 서비스업,85,2024,종사자수,명,83138,99.28
경 북,보건업 및 사회복지 서비스업,86~87,2024,종사자수,명,147257,115.61
경 북,"예술, 스포츠 및 여가관련 서비스업",90~91,2024,종사자수,명,21777,110.23
경 북,"협회 및 단체, 수리 및 기타 개인 서비스업",94~96,2024,종사자수,명,51610,108.82
경 남,전체 산업,0,2024,종사자수,명,1557690,103.03
경 남,"농업, 임업 및 어업",01~03,2024,종사자수,명,5734,98.3
경 남,광업,05~08,2024,종사자수,명,639,87.53
경 남,제조업,10~34,2024,종사자수,명,412477,101.55
경 남,"전기, 가스, 증기 및 공기조절 공급업",35,2024,종사자수,명,15105,144.15
경 남,"수도, 하수 및 폐기물 처리, 원료 재생업",36~39,2024,종사자수,명,11157,100.51
경 남,건설업,41~42,2024,종사자수,명,102350,95.11
경 남,도매 및 소매업,45~47,2024,종사자수,명,175723,94.64
경 남,운수 및 창고업,49~52,2024,종사자수,명,85292,105.45
경 남,숙박 및 음식점업,55~56,2024,종사자수,명,143292,101.98
경 남,정보통신업,58~63,2024,종사자수,명,12407,99.36
경 남,금융 및 보험업,64~66,2024,종사자수,명,35137,104.08
경 남,부동산업,68,2024,종사자수,명,32915,95.85
경 남,"전문, 과학 및 기술 서비스업",70~73,2024,종사자수,명,45770,106.82
경 남,"사업시설 관리, 사업 지원 및 임대 서비스업",74~76,2024,종사자수,명,46610,105.4
경 남,"공공행정, 국방 및 사회보장 행정",84,2024,종사자수,명,68027,110.84
경 남,교육 서비스업,85,2024,종사자수,명,102370,102.07
경 남,보건업 및 사회복지 서비스업,86~87,2024,종사자수,명,175146,115.55
경 남,"예술, 스포츠 및 여가관련 서비스업",90~91,2024,종사자수,명,25837,110.78
경 남,"협회 및 단체, 수리 및 기타 개인 서비스업",94~96,2024,종사자수,명,61702,105.11
제 주,전체 산업,0,2024,종사자수,명,330702,102.28
제 주,"농업, 임업 및 어업",01~03,2024,종사자수,명,3275,80.01
제 주,광업,05~08,2024,종사자수,명,152,82.16
제 주,제조업,10~34,2024,종사자수,명,12905,93.39
제 주,"전기, 가스, 증기 및 공기조절 공급업",35,2024,종사자수,명,2742,112.56
제 주,"수도, 하수 및 폐기물 처리, 원료 재생업",36~39,2024,종사자수,명,1263,82.55
제 주,건설업,41~42,2024,종사자수,명,27439,83.62
제 주,도매 및 소매업,45~47,2024,종사자수,명,48599,95.34
제 주,운수 및 창고업,49~52,2024,종사자수,명,19359,111.16
제 주,숙박 및 음식점업,55~56,2024,종사자수,명,57968,99.74
제 주,정보통신업,58~63,2024,종사자수,명,5317,86.2
제 주,금융 및 보험업,64~66,2024,종사자수,명,8262,98.58
제 주,부동산업,68,2024,종사자수,명,6443,91.64
제 주,"전문, 과학 및 기술 서비스업",70~73,2024,종사자수,명,10733,103.74
제 주,"사업시설 관리, 사업 지원 및 임대 서비스업",74~76,2024,종사자수,명,15161,99.99
제 주,"공공행정, 국방 및 사회보장 행정",84,2024,종사자수,명,23324,134.41
제 주,교육 서비스업,85,2024,종사자수,명,23346,103.64
제 주,보건업 및 사회복지 서비스업,86~87,2024,종사자수,명,35359,122.91
제 주,"예술, 스포츠 및 여가관련 서비스업",90~91,2024,종사자수,명,13949,115.82
제 주,"협회 및 단체, 수리 및 기타 개인 서비스업",94~96,2024,종사자수,명,15106,106.77
전 국,전체 산업,0,2024,매출액,백만원,9038331262,120.93
전 국,"농업, 임업 및 어업",01~03,2024,매출액,백만원,21220748,101.06
전 국,광업,05~08,2024,매출액,백만원,6049722,125.81
전 국,제조업,10~34,2024,매출액,백만원,2598258671,119.67
전 국,"전기, 가스, 증기 및 공기조절 공급업",35,2024,매출액,백만원,236378872,142.56
전 국,"수도, 하수 및 폐기물 처리, 원료 재생업",36~39,2024,매출액,백만원,37911593,106.35
전 국,건설업,41~42,2024,매출액,백만원,546910803,108.24
전 국,도매 및 소매업,45~47,2024,매출액,백만원,1719516835,107.05
전 국,운수 및 창고업,49~52,2024,매출액,백만원,386001244,128.01
전 국,숙박 및 음식점업,55~56,2024,매출액,백만원,219249696,134.44
전 국,정보통신업,58~63,2024,매출액,백만원,264836260,116.12
전 국,금융 및 보험업,64~66,2024,매출액,백만원,1515075966,149.52
전 국,부동산업,68,2024,매출액,백만원,204654761,89.92
전 국,"전문, 과학 및 기술 서비스업",70~73,2024,매출액,백만원,416975689,139.35
전 국,"사업시설 관리, 사업 지원 및 임대 서비스업",74~76,2024,매출액,백만원,129950420,118.32
전 국,"공공행정, 국방 및 사회보장 행정",84,2024,매출액,백만원,217003245,104.81
전 국,교육 서비스업,85,2024,매출액,백만원,141749817,115.42
전 국,보건업 및 사회복지 서비스업,86~87,2024,매출액,백만원,228023092,124.25
전 국,"예술, 스포츠 및 여가관련 서비스업",90~91,2024,매출액,백만원,61474066,144.59
전 국,"협회 및 단체, 수리 및 기타 개인 서비스업",94~96,2024,매출액,백만원,87089762,133.02
서 울,전체 산업,0,2024,매출액,백만원,2896433490,129.14
서 울,"농업, 임업 및 어업",01~03,2024,매출액,백만원,301561,93.29
서 울,광업,05~08,2024,매출액,백만원,563082,1165.92
서 울,제조업,10~34,2024,매출액,백만원,73313797,113.75
서 울,"전기, 가스, 증기 및 공기조절 공급업",35,2024,매출액,백만원,17839602,118.23
서 울,"수도, 하수 및 폐기물 처리, 원료 재생업",36~39,2024,매출액,백만원,2204888,108.63
서 울,건설업,41~42,2024,매출액,백만원,209088885,109.03
서 울,도매 및 소매업,45~47,2024,매출액,백만원,680969625,110.95
서 울,운수 및 창고업,49~52,2024,매출액,백만원,123237502,124.34
서 울,숙박 및 음식점업,55~56,2024,매출액,백만원,53066908,138.75
서 울,정보통신업,58~63,2024,매출액,백만원,163041172,115.35
서 울,금융 및 보험업,64~66,2024,매출액,백만원,1104878745,158.49
서 울,부동산업,68,2024,매출액,백만원,68714068,97.95
서 울,"전문, 과학 및 기술 서비스업",70~73,2024,매출액,백만원,183624324,139.36
서 울,"사업시설 관리, 사업 지원 및 임대 서비스업",74~76,2024,매출액,백만원,49121719,116.04
서 울,"공공행정, 국방 및 사회보장 행정",84,2024,매출액,백만원,35872602,117.55
서 울,교육 서비스업,85,2024,매출액,백만원,29541691,110.82
서 울,보건업 및 사회복지 서비스업,86~87,2024,매출액,백만원,56714077,120.63
서 울,"예술, 스포츠 및 여가관련 서비스업",90~91,2024,매출액,백만원,16649611,149.57
서 울,"협회 및 단체, 수리 및 기타 개인 서비스업",94~96,2024,매출액,백만원,27689631,138.4
부 산,전체 산업,0,2024,매출액,백만원,406057900,116.88
부 산,"농업, 임업 및 어업",01~03,2024,매출액,백만원,1900956,135.37
부 산,광업,05~08,2024,매출액,백만원,11733,51.01
부 산,제조업,10~34,2024,매출액,백만원,76641513,122.73
부 산,"전기, 가스, 증기 및 공기조절 공급업",35,2024,매출액,백만원,11434167,148.86
부 산,"수도, 하수 및 폐기물 처리, 원료 재생업",36~39,2024,매출액,백만원,1645152,103.04
부 산,건설업,41~42,2024,매출액,백만원,25759463,101.24
부 산,도매 및 소매업,45~47,2024,매출액,백만원,105679619,106.75
부 산,운수 및 창고업,49~52,2024,매출액,백만원,34422355,116.57
부 산,숙박 및 음식점업,55~56,2024,매출액,백만원,13627310,139.78
부 산,정보통신업,58~63,2024,매출액,백만원,5340492,112.62
부 산,금융 및 보험업,64~66,2024,매출액,백만원,58732351,148.24
부 산,부동산업,68,2024,매출액,백만원,12251451,78.27
부 산,"전문, 과학 및 기술 서비스업",70~73,2024,매출액,백만원,11668329,135.07
부 산,"사업시설 관리, 사업 지원 및 임대 서비스업",74~76,2024,매출액,백만원,5922456,104.81
부 산,"공공행정, 국방 및 사회보장 행정",84,2024,매출액,백만원,10261940,102.25
부 산,교육 서비스업,85,2024,매출액,백만원,7770926,108.39
부 산,보건업 및 사회복지 서비스업,86~87,2024,매출액,백만원,16066799,121.15
부 산,"예술, 스포츠 및 여가관련 서비스업",90~91,2024,매출액,백만원,2590495,146.88
부 산,"협회 및 단체, 수리 및 기타 개인 서비스업",94~96,2024,매출액,백만원,4330393,108.28
대 구,전체 산업,0,2024,매출액,백만원,254436148,117.87
대 구,"농업, 임업 및 어업",01~03,2024,매출액,백만원,137599,250.89
대 구,광업,05~08,2024,매출액,백만원,26456,884.52
대 구,제조업,10~34,2024,매출액,백만원,53114622,115.73
대 구,"전기, 가스, 증기 및 공기조절 공급업",35,2024,매출액,백만원,17959246,144.49
대 구,"수도, 하수 및 폐기물 처리, 원료 재생업",36~39,2024,매출액,백만원,1513655,124.33
대 구,건설업,41~42,2024,매출액,백만원,17285417,106.25
대 구,도매 및 소매업,45~47,2024,매출액,백만원,58627014,106.43
대 구,운수 및 창고업,49~52,2024,매출액,백만원,6701286,106.62
대 구,숙박 및 음식점업,55~56,2024,매출액,백만원,8118606,136.14
대 구,정보통신업,58~63,2024,매출액,백만원,4327771,100.64
대 구,금융 및 보험업,64~66,2024,매출액,백만원,33878093,144.83
대 구,부동산업,68,2024,매출액,백만원,10239691,104.39
대 구,"전문, 과학 및 기술 서비스업",70~73,2024,매출액,백만원,5824289,103.84
대 구,"사업시설 관리, 사업 지원 및 임대 서비스업",74~76,2024,매출액,백만원,4836235,134.55
대 구,"공공행정, 국방 및 사회보장 행정",84,2024,매출액,백만원,9695376,121.04
대 구,교육 서비스업,85,2024,매출액,백만원,5853481,116.16
대 구,보건업 및 사회복지 서비스업,86~87,2024,매출액,백만원,11314222,122.3
대 구,"예술, 스포츠 및 여가관련 서비스업",90~91,2024,매출액,백만원,1404056,137.15
대 구,"협회 및 단체, 수리 및 기타 개인 서비스업",94~96,2024,매출액,백만원,3579033,135.63
인 천,전체 산업,0,2024,매출액,백만원,382352838,113.92
인 천,"농업, 임업 및 어업",01~03,2024,매출액,백만원,111394,72.02
인 천,광업,05~08,2024,매출액,백만원,161138,84.17
인 천,제조업,10~34,2024,매출액,백만원,125141756,129.34
인 천,"전기, 가스, 증기 및 공기조절 공급업",35,2024,매출액,백만원,19867154,169.93
인 천,"수도, 하수 및 폐기물 처리, 원료 재생업",36~39,2024,매출액,백만원,2757890,108.33
인 천,건설업,41~42,2024,매출액,백만원,22816074,96.02
인 천,도매 및 소매업,45~47,2024,매출액,백만원,86948667,91.25
인 천,운수 및 창고업,49~52,2024,매출액,백만원,28537948,134.32
인 천,숙박 및 음식점업,55~56,2024,매출액,백만원,11557714,140.52
인 천,정보통신업,58~63,2024,매출액,백만원,3524677,136.65
인 천,금융 및 보험업,64~66,2024,매출액,백만원,21954296,126.26
인 천,부동산업,68,2024,매출액,백만원,9690126,63.1
인 천,"전문, 과학 및 기술 서비스업",70~73,2024,매출액,백만원,8928950,116.52
인 천,"사업시설 관리, 사업 지원 및 임대 서비스업",74~76,2024,매출액,백만원,5599419,121.48
인 천,"공공행정, 국방 및 사회보장 행정",84,2024,매출액,백만원,9670363,114.65
인 천,교육 서비스업,85,2024,매출액,백만원,6619441,108.91
인 천,보건업 및 사회복지 서비스업,86~87,2024,매출액,백만원,11884408,128.09
인 천,"예술, 스포츠 및 여가관련 서비스업",90~91,2024,매출액,백만원,2591226,173.03
인 천,"협회 및 단체, 수리 및 기타 개인 서비스업",94~96,2024,매출액,백만원,3990197,137.9
광 주,전체 산업,0,2024,매출액,백만원,187590349,106.77
광 주,"농업, 임업 및 어업",01~03,2024,매출액,백만원,116781,110.82
광 주,광업,05~08,2024,매출액,백만원,6740,77.61
광 주,제조업,10~34,2024,매출액,백만원,58368225,117.69
광 주,"전기, 가스, 증기 및 공기조절 공급업",35,2024,매출액,백만원,5080037,133.99
광 주,"수도, 하수 및 폐기물 처리, 원료 재생업",36~39,2024,매출액,백만원,795762,94.36
광 주,건설업,41~42,2024,매출액,백만원,21828427,90.39
광 주,도매 및 소매업,45~47,2024,매출액,백만원,35004800,99.19
광 주,운수 및 창고업,49~52,2024,매출액,백만원,5444224,104.37
광 주,숙박 및 음식점업,55~56,2024,매출액,백만원,5069595,126.24
광 주,정보통신업,58~63,2024,매출액,백만원,3615581,87.08
광 주,금융 및 보험업,64~66,2024,매출액,백만원,17322833,123.76
광 주,부동산업,68,2024,매출액,백만원,7610573,69.2
광 주,"전문, 과학 및 기술 서비스업",70~73,2024,매출액,백만원,4277804,139.12
광 주,"사업시설 관리, 사업 지원 및 임대 서비스업",74~76,2024,매출액,백만원,2827298,103.69
광 주,"공공행정, 국방 및 사회보장 행정",84,2024,매출액,백만원,5228719,96.46
광 주,교육 서비스업,85,2024,매출액,백만원,3968080,112.08
광 주,보건업 및 사회복지 서비스업,86~87,2024,매출액,백만원,7300426,121.91
광 주,"예술, 스포츠 및 여가관련 서비스업",90~91,2024,매출액,백만원,1228652,136.94
광 주,"협회 및 단체, 수리 및 기타 개인 서비스업",94~96,2024,매출액,백만원,2495792,132.87
대 전,전체 산업,0,2024,매출액,백만원,179761333,118.35
대 전,"농업, 임업 및 어업",01~03,2024,매출액,백만원,24203,30.25
대 전,광업,05~08,2024,매출액,백만원,4077,106.48
대 전,제조업,10~34,2024,매출액,백만원,28996151,114.43
대 전,"전기, 가스, 증기 및 공기조절 공급업",35,2024,매출액,백만원,5135003,109.45
대 전,"수도, 하수 및 폐기물 처리, 원료 재생업",36~39,2024,매출액,백만원,1487681,94.15
대 전,건설업,41~42,2024,매출액,백만원,15785180,114.6
대 전,도매 및 소매업,45~47,2024,매출액,백만원,35878831,103.08
대 전,운수 및 창고업,49~52,2024,매출액,백만원,5504165,140.82
대 전,숙박 및 음식점업,55~56,2024,매출액,백만원,5698020,131.81
대 전,정보통신업,58~63,2024,매출액,백만원,4412382,96.37
대 전,금융 및 보험업,64~66,2024,매출액,백만원,22043996,127.98
대 전,부동산업,68,2024,매출액,백만원,4667583,100.43
대 전,"전문, 과학 및 기술 서비스업",70~73,2024,매출액,백만원,22367775,147.92
대 전,"사업시설 관리, 사업 지원 및 임대 서비스업",74~76,2024,매출액,백만원,3896365,122.46
대 전,"공공행정, 국방 및 사회보장 행정",84,2024,매출액,백만원,7372665,115.02
대 전,교육 서비스업,85,2024,매출액,백만원,5877763,152.97
대 전,보건업 및 사회복지 서비스업,86~87,2024,매출액,백만원,6773154,123.5
대 전,"예술, 스포츠 및 여가관련 서비스업",90~91,2024,매출액,백만원,1014992,115.93
대 전,"협회 및 단체, 수리 및 기타 개인 서비스업",94~96,2024,매출액,백만원,2821347,139.61
울 산,전체 산업,0,2024,매출액,백만원,375440011,132.73
울 산,"농업, 임업 및 어업",01~03,2024,매출액,백만원,89302,142.13
울 산,광업,05~08,2024,매출액,백만원,66945,44.07
울 산,제조업,10~34,2024,매출액,백만원,288730915,134.9
울 산,"전기, 가스, 증기 및 공기조절 공급업",35,2024,매출액,백만원,8456750,156.39
울 산,"수도, 하수 및 폐기물 처리, 원료 재생업",36~39,2024,매출액,백만원,891606,120.71
울 산,건설업,41~42,2024,매출액,백만원,8936558,122.53
울 산,도매 및 소매업,45~47,2024,매출액,백만원,17715037,100.75
울 산,운수 및 창고업,49~52,2024,매출액,백만원,10033744,177.95
울 산,숙박 및 음식점업,55~56,2024,매출액,백만원,4470822,136.32
울 산,정보통신업,58~63,2024,매출액,백만원,989202,98.74
울 산,금융 및 보험업,64~66,2024,매출액,백만원,10885925,132.74
울 산,부동산업,68,2024,매출액,백만원,2017342,105.43
울 산,"전문, 과학 및 기술 서비스업",70~73,2024,매출액,백만원,5876415,165.6
울 산,"사업시설 관리, 사업 지원 및 임대 서비스업",74~76,2024,매출액,백만원,2899604,145.23
울 산,"공공행정, 국방 및 사회보장 행정",84,2024,매출액,백만원,4103636,102.4
울 산,교육 서비스업,85,2024,매출액,백만원,3288456,107.65
울 산,보건업 및 사회복지 서비스업,86~87,2024,매출액,백만원,4142498,119.8
울 산,"예술, 스포츠 및 여가관련 서비스업",90~91,2024,매출액,백만원,649855,124.1
울 산,"협회 및 단체, 수리 및 기타 개인 서비스업",94~96,2024,매출액,백만원,1195399,122.71
세 종,전체 산업,0,2024,매출액,백만원,53502625,123.81
세 종,"농업, 임업 및 어업",01~03,2024,매출액,백만원,139600,106.6
세 종,광업,05~08,2024,매출액,백만원,60642,137.75
세 종,제조업,10~34,2024,매출액,백만원,13150286,116.75
세 종,"전기, 가스, 증기 및 공기조절 공급업",35,2024,매출액,백만원,2103146,246.25
세 종,"수도, 하수 및 폐기물 처리, 원료 재생업",36~39,2024,매출액,백만원,233555,111.06
세 종,건설업,41~42,2024,매출액,백만원,3111529,163.07
세 종,도매 및 소매업,45~47,2024,매출액,백만원,5162497,110.56
세 종,운수 및 창고업,49~52,2024,매출액,백만원,1444204,162.68
세 종,숙박 및 음식점업,55~56,2024,매출액,백만원,1238869,130.51
세 종,정보통신업,58~63,2024,매출액,백만원,689558,142.7
세 종,금융 및 보험업,64~66,2024,매출액,백만원,2645148,161.14
세 종,부동산업,68,2024,매출액,백만원,1353179,55.24
세 종,"전문, 과학 및 기술 서비스업",70~73,2024,매출액,백만원,2826474,126.0
세 종,"사업시설 관리, 사업 지원 및 임대 서비스업",74~76,2024,매출액,백만원,515960,119.39
세 종,"공공행정, 국방 및 사회보장 행정",84,2024,매출액,백만원,11930576,122.94
세 종,교육 서비스업,85,2024,매출액,백만원,1211160,127.3
세 종,보건업 및 사회복지 서비스업,86~87,2024,매출액,백만원,1268185,142.53
세 종,"예술, 스포츠 및 여가관련 서비스업",90~91,2024,매출액,백만원,3846608,123.91
세 종,"협회 및 단체, 수리 및 기타 개인 서비스업",94~96,2024,매출액,백만원,571449,144.45
경 기,전체 산업,0,2024,매출액,백만원,1975348132,115.87
경 기,"농업, 임업 및 어업",01~03,2024,매출액,백만원,2788799,98.8
경 기,광업,05~08,2024,매출액,백만원,769853,89.66
경 기,제조업,10~34,2024,매출액,백만원,734877691,113.85
경 기,"전기, 가스, 증기 및 공기조절 공급업",35,2024,매출액,백만원,42707377,137.54
경 기,"수도, 하수 및 폐기물 처리, 원료 재생업",36~39,2024,매출액,백만원,9847589,102.03
경 기,건설업,41~42,2024,매출액,백만원,99086334,106.84
경 기,도매 및 소매업,45~47,2024,매출액,백만원,401979657,106.41
경 기,운수 및 창고업,49~52,2024,매출액,백만원,87868608,135.42
경 기,숙박 및 음식점업,55~56,2024,매출액,백만원,51847002,131.93
경 기,정보통신업,58~63,2024,매출액,백만원,62673581,128.96
경 기,금융 및 보험업,64~66,2024,매출액,백만원,108284624,129.58
경 기,부동산업,68,2024,매출액,백만원,54228157,86.52
경 기,"전문, 과학 및 기술 서비스업",70~73,2024,매출액,백만원,132899125,144.99
경 기,"사업시설 관리, 사업 지원 및 임대 서비스업",74~76,2024,매출액,백만원,28683850,121.49
경 기,"공공행정, 국방 및 사회보장 행정",84,2024,매출액,백만원,37286511,97.29
경 기,교육 서비스업,85,2024,매출액,백만원,35120478,124.69
경 기,보건업 및 사회복지 서비스업,86~87,2024,매출액,백만원,49093638,124.98
경 기,"예술, 스포츠 및 여가관련 서비스업",90~91,2024,매출액,백만원,15733747,165.39
경 기,"협회 및 단체, 수리 및 기타 개인 서비스업",94~96,2024,매출액,백만원,19571511,131.5
강 원,전체 산업,0,2024,매출액,백만원,145820494,117.08
강 원,"농업, 임업 및 어업",01~03,2024,매출액,백만원,1027498,91.61
강 원,광업,05~08,2024,매출액,백만원,2099897,145.76
강 원,제조업,10~34,2024,매출액,백만원,23410006,120.04
강 원,"전기, 가스, 증기 및 공기조절 공급업",35,2024,매출액,백만원,11776141,144.92
강 원,"수도, 하수 및 폐기물 처리, 원료 재생업",36~39,2024,매출액,백만원,1252836,108.34
강 원,건설업,41~42,2024,매출액,백만원,11630572,110.73
강 원,도매 및 소매업,45~47,2024,매출액,백만원,26555857,108.51
강 원,운수 및 창고업,49~52,2024,매출액,백만원,5535634,127.27
강 원,숙박 및 음식점업,55~56,2024,매출액,백만원,8827251,136.29
강 원,정보통신업,58~63,2024,매출액,백만원,1936839,106.02
강 원,금융 및 보험업,64~66,2024,매출액,백만원,13536315,116.49
강 원,부동산업,68,2024,매출액,백만원,2690967,78.32
강 원,"전문, 과학 및 기술 서비스업",70~73,2024,매출액,백만원,3344036,118.07
강 원,"사업시설 관리, 사업 지원 및 임대 서비스업",74~76,2024,매출액,백만원,2874306,137.23
강 원,"공공행정, 국방 및 사회보장 행정",84,2024,매출액,백만원,12502293,102.48
강 원,교육 서비스업,85,2024,매출액,백만원,4366122,107.03
강 원,보건업 및 사회복지 서비스업,86~87,2024,매출액,백만원,6469656,128.48
강 원,"예술, 스포츠 및 여가관련 서비스업",90~91,2024,매출액,백만원,3272409,133.28
강 원,"협회 및 단체, 수리 및 기타 개인 서비스업",94~96,2024,매출액,백만원,2711859,149.47
충 북,전체 산업,0,2024,매출액,백만원,280726572,118.4
충 북,"농업, 임업 및 어업",01~03,2024,매출액,백만원,1795071,113.68
충 북,광업,05~08,2024,매출액,백만원,413374,99.07
충 북,제조업,10~34,2024,매출액,백만원,159911032,119.68
충 북,"전기, 가스, 증기 및 공기조절 공급업",35,2024,매출액,백만원,5717689,159.16
충 북,"수도, 하수 및 폐기물 처리, 원료 재생업",36~39,2024,매출액,백만원,1934797,102.09
충 북,건설업,41~42,2024,매출액,백만원,13709148,117.9
충 북,도매 및 소매업,45~47,2024,매출액,백만원,30130308,105.59
충 북,운수 및 창고업,49~52,2024,매출액,백만원,9502034,136.11
충 북,숙박 및 음식점업,55~56,2024,매출액,백만원,6954936,135.99
충 북,정보통신업,58~63,2024,매출액,백만원,1358770,72.71
충 북,금융 및 보험업,64~66,2024,매출액,백만원,14360838,131.83
충 북,부동산업,68,2024,매출액,백만원,4139625,109.32
충 북,"전문, 과학 및 기술 서비스업",70~73,2024,매출액,백만원,4163221,130.6
충 북,"사업시설 관리, 사업 지원 및 임대 서비스업",74~76,2024,매출액,백만원,3605523,111.48
충 북,"공공행정, 국방 및 사회보장 행정",84,2024,매출액,백만원,8260839,95.64
충 북,교육 서비스업,85,2024,매출액,백만원,4811243,116.64
충 북,보건업 및 사회복지 서비스업,86~87,2024,매출액,백만원,6324914,125.07
충 북,"예술, 스포츠 및 여가관련 서비스업",90~91,2024,매출액,백만원,1555726,121.56
충 북,"협회 및 단체, 수리 및 기타 개인 서비스업",94~96,2024,매출액,백만원,2077484,124.98
충 남,전체 산업,0,2024,매출액,백만원,470104764,118.56
충 남,"농업, 임업 및 어업",01~03,2024,매출액,백만원,2977082,101.35
충 남,광업,05~08,2024,매출액,백만원,775866,204.57
충 남,제조업,10~34,2024,매출액,백만원,296348631,118.56
충 남,"전기, 가스, 증기 및 공기조절 공급업",35,2024,매출액,백만원,21367886,134.93
충 남,"수도, 하수 및 폐기물 처리, 원료 재생업",36~39,2024,매출액,백만원,2549744,122.26
충 남,건설업,41~42,2024,매출액,백만원,17903429,118.29
충 남,도매 및 소매업,45~47,2024,매출액,백만원,42877380,107.06
충 남,운수 및 창고업,49~52,2024,매출액,백만원,14354122,131.29
충 남,숙박 및 음식점업,55~56,2024,매출액,백만원,9164858,134.06
충 남,정보통신업,58~63,2024,매출액,백만원,1871512,102.65
충 남,금융 및 보험업,64~66,2024,매출액,백만원,17855282,130.88
충 남,부동산업,68,2024,매출액,백만원,4826709,125.48
충 남,"전문, 과학 및 기술 서비스업",70~73,2024,매출액,백만원,4388256,107.86
충 남,"사업시설 관리, 사업 지원 및 임대 서비스업",74~76,2024,매출액,백만원,3930077,112.05
충 남,"공공행정, 국방 및 사회보장 행정",84,2024,매출액,백만원,9744963,97.86
충 남,교육 서비스업,85,2024,매출액,백만원,6081062,108.67
충 남,보건업 및 사회복지 서비스업,86~87,2024,매출액,백만원,8435378,127.99
충 남,"예술, 스포츠 및 여가관련 서비스업",90~91,2024,매출액,백만원,1755247,142.51
충 남,"협회 및 단체, 수리 및 기타 개인 서비스업",94~96,2024,매출액,백만원,2897280,138.61
전 북,전체 산업,0,2024,매출액,백만원,194395073,112.62
전 북,"농업, 임업 및 어업",01~03,2024,매출액,백만원,2422218,87.6
전 북,광업,05~08,2024,매출액,백만원,207719,81.23
전 북,제조업,10~34,2024,매출액,백만원,62752754,110.66
전 북,"전기, 가스, 증기 및 공기조절 공급업",35,2024,매출액,백만원,8968656,147.48
전 북,"수도, 하수 및 폐기물 처리, 원료 재생업",36~39,2024,매출액,백만원,1737405,114.32
전 북,건설업,41~42,2024,매출액,백만원,13977676,108.44
전 북,도매 및 소매업,45~47,2024,매출액,백만원,32624719,104.16
전 북,운수 및 창고업,49~52,2024,매출액,백만원,6606885,130.84
전 북,숙박 및 음식점업,55~56,2024,매출액,백만원,6285320,133.6
전 북,정보통신업,58~63,2024,매출액,백만원,1636870,104.18
전 북,금융 및 보험업,64~66,2024,매출액,백만원,18807871,125.93
전 북,부동산업,68,2024,매출액,백만원,3462414,125.44
전 북,"전문, 과학 및 기술 서비스업",70~73,2024,매출액,백만원,5500627,135.8
전 북,"사업시설 관리, 사업 지원 및 임대 서비스업",74~76,2024,매출액,백만원,2088428,119.99
전 북,"공공행정, 국방 및 사회보장 행정",84,2024,매출액,백만원,10408998,93.53
전 북,교육 서비스업,85,2024,매출액,백만원,5025865,88.38
전 북,보건업 및 사회복지 서비스업,86~87,2024,매출액,백만원,8044760,124.79
전 북,"예술, 스포츠 및 여가관련 서비스업",90~91,2024,매출액,백만원,1423219,128.72
전 북,"협회 및 단체, 수리 및 기타 개인 서비스업",94~96,2024,매출액,백만원,2412669,127.45
전 남,전체 산업,0,2024,매출액,백만원,321462249,116.73
전 남,"농업, 임업 및 어업",01~03,2024,매출액,백만원,2934371,93.88
전 남,광업,05~08,2024,매출액,백만원,330286,92.74
전 남,제조업,10~34,2024,매출액,백만원,165502090,117.74
전 남,"전기, 가스, 증기 및 공기조절 공급업",35,2024,매출액,백만원,19765890,147.85
전 남,"수도, 하수 및 폐기물 처리, 원료 재생업",36~39,2024,매출액,백만원,1920855,110.93
전 남,건설업,41~42,2024,매출액,백만원,19158216,104.86
전 남,도매 및 소매업,45~47,2024,매출액,백만원,32978472,107.44
전 남,운수 및 창고업,49~52,2024,매출액,백만원,14847964,146.31
전 남,숙박 및 음식점업,55~56,2024,매출액,백만원,6776334,133.53
전 남,정보통신업,58~63,2024,매출액,백만원,2641752,97.1
전 남,금융 및 보험업,64~66,2024,매출액,백만원,14938069,109.84
전 남,부동산업,68,2024,매출액,백만원,2618649,90.42
전 남,"전문, 과학 및 기술 서비스업",70~73,2024,매출액,백만원,3374465,98.28
전 남,"사업시설 관리, 사업 지원 및 임대 서비스업",74~76,2024,매출액,백만원,2702796,105.01
전 남,"공공행정, 국방 및 사회보장 행정",84,2024,매출액,백만원,13336709,100.55
전 남,교육 서비스업,85,2024,매출액,백만원,4901147,129.63
전 남,보건업 및 사회복지 서비스업,86~87,2024,매출액,백만원,8619972,129.95
전 남,"예술, 스포츠 및 여가관련 서비스업",90~91,2024,매출액,백만원,1558855,118.35
전 남,"협회 및 단체, 수리 및 기타 개인 서비스업",94~96,2024,매출액,백만원,2555357,138.81
경 북,전체 산업,0,2024,매출액,백만원,406424581,117.25
경 북,"농업, 임업 및 어업",01~03,2024,매출액,백만원,2029551,101.31
경 북,광업,05~08,2024,매출액,백만원,305313,83.68
경 북,제조업,10~34,2024,매출액,백만원,215792560,115.56
경 북,"전기, 가스, 증기 및 공기조절 공급업",35,2024,매출액,백만원,17359711,145.95
경 북,"수도, 하수 및 폐기물 처리, 원료 재생업",36~39,2024,매출액,백만원,3758711,103.16
경 북,건설업,41~42,2024,매출액,백만원,22549162,139.05
경 북,도매 및 소매업,45~47,2024,매출액,백만원,48241494,108.2
경 북,운수 및 창고업,49~52,2024,매출액,백만원,12764281,108.99
경 북,숙박 및 음식점업,55~56,2024,매출액,백만원,9479024,126.56
경 북,정보통신업,58~63,2024,매출액,백만원,2256662,107.04
경 북,금융 및 보험업,64~66,2024,매출액,백만원,20830941,126.17
경 북,부동산업,68,2024,매출액,백만원,3912436,130.33
경 북,"전문, 과학 및 기술 서비스업",70~73,2024,매출액,백만원,7968562,127.94
경 북,"사업시설 관리, 사업 지원 및 임대 서비스업",74~76,2024,매출액,백만원,3441616,111.55
경 북,"공공행정, 국방 및 사회보장 행정",84,2024,매출액,백만원,13886889,104.62
경 북,교육 서비스업,85,2024,매출액,백만원,7360654,114.69
경 북,보건업 및 사회복지 서비스업,86~87,2024,매출액,백만원,9590791,130.63
경 북,"예술, 스포츠 및 여가관련 서비스업",90~91,2024,매출액,백만원,2079337,117.87
경 북,"협회 및 단체, 수리 및 기타 개인 서비스업",94~96,2024,매출액,백만원,2816886,125.45
경 남,전체 산업,0,2024,매출액,백만원,444363919,121.99
경 남,"농업, 임업 및 어업",01~03,2024,매출액,백만원,1539985,103.3
경 남,광업,05~08,2024,매출액,백만원,197122,91.69
경 남,제조업,10~34,2024,매출액,백만원,218979081,132.13
경 남,"전기, 가스, 증기 및 공기조절 공급업",35,2024,매출액,백만원,16541938,143.76
경 남,"수도, 하수 및 폐기물 처리, 원료 재생업",36~39,2024,매출액,백만원,3076228,106.47
경 남,건설업,41~42,2024,매출액,백만원,19668014,106.32
경 남,도매 및 소매업,45~47,2024,매출액,백만원,62607439,105.67
경 남,운수 및 창고업,49~52,2024,매출액,백만원,15621781,113.86
경 남,숙박 및 음식점업,55~56,2024,매출액,백만원,11779708,129.84
경 남,정보통신업,58~63,2024,매출액,백만원,2938462,101.23
경 남,금융 및 보험업,64~66,2024,매출액,백만원,27104615,118.12
경 남,부동산업,68,2024,매출액,백만원,10226119,84.93
경 남,"전문, 과학 및 기술 서비스업",70~73,2024,매출액,백만원,8385762,167.22
경 남,"사업시설 관리, 사업 지원 및 임대 서비스업",74~76,2024,매출액,백만원,4448838,119.31
경 남,"공공행정, 국방 및 사회보장 행정",84,2024,매출액,백만원,13510850,104.29
경 남,교육 서비스업,85,2024,매출액,백만원,7908789,113.85
경 남,보건업 및 사회복지 서비스업,86~87,2024,매출액,백만원,13196350,127.15
경 남,"예술, 스포츠 및 여가관련 서비스업",90~91,2024,매출액,백만원,2275627,126.76
경 남,"협회 및 단체, 수리 및 기타 개인 서비스업",94~96,2024,매출액,백만원,4357211,136.63
제 주,전체 산업,0,2024,매출액,백만원,64110784,113.01
제 주,"농업, 임업 및 어업",01~03,2024,매출액,백만원,884777,105.89
제 주,광업,05~08,2024,매출액,백만원,49479,105.71
제 주,제조업,10~34,2024,매출액,백만원,3227561,102.21
제 주,"전기, 가스, 증기 및 공기조절 공급업",35,2024,매출액,백만원,4298479,158.33
제 주,"수도, 하수 및 폐기물 처리, 원료 재생업",36~39,2024,매출액,백만원,303239,96.44
제 주,건설업,41~42,2024,매출액,백만원,4616719,92.0
제 주,도매 및 소매업,45~47,2024,매출액,백만원,15535419,109.95
제 주,운수 및 창고업,49~52,2024,매출액,백만원,3574507,184.62
제 주,숙박 및 음식점업,55~56,2024,매출액,백만원,5287419,123.98
제 주,정보통신업,58~63,2024,매출액,백만원,1580977,107.68
제 주,금융 및 보험업,64~66,2024,매출액,백만원,7016024,100.2
제 주,부동산업,68,2024,매출액,백만원,2005672,92.67
제 주,"전문, 과학 및 기술 서비스업",70~73,2024,매출액,백만원,1557275,142.86
제 주,"사업시설 관리, 사업 지원 및 임대 서비스업",74~76,2024,매출액,백만원,2555930,147.82
제 주,"공공행정, 국방 및 사회보장 행정",84,2024,매출액,백만원,3929316,82.37
제 주,교육 서비스업,85,2024,매출액,백만원,2043459,121.64
제 주,보건업 및 사회복지 서비스업,86~87,2024,매출액,백만원,2783864,130.5
제 주,"예술, 스포츠 및 여가관련 서비스업",90~91,2024,매출액,백만원,1844404,149.25
제 주,"협회 및 단체, 수리 및 기타 개인 서비스업",94~96,2024,매출액,백만원,1016264,97.49
