연도,출발지,도착지,품목,물동량_톤
2022,서울특별시,서울특별시,합계,43496606
2022,서울특별시,서울특별시,농산물,2420
2022,서울특별시,서울특별시,임산물,1807
2022,서울특별시,서울특별시,수산물,35
2022,서울특별시,서울특별시,축산물,6
2022,서울특별시,서울특별시,석탄광물,0
2022,서울특별시,서울특별시,석회석광물,0
2022,서울특별시,서울특별시,비금속광물,68620
2022,서울특별시,서울특별시,음식료품,381493
2022,서울특별시,서울특별시,담배제품,0
2022,서울특별시,서울특별시,섬유제품,226626
2022,서울특별시,서울특별시,의복,795138
2022,서울특별시,서울특별시,가죽,84943
2022,서울특별시,서울특별시,"목재,나무제품",400
2022,서울특별시,서울특별시,"펄프,종이",27163
2022,서울특별시,서울특별시,"인쇄,기록매체",189309
2022,서울특별시,서울특별시,"코크스,연탄,석유정제품",63569
2022,서울특별시,서울특별시,"화합물,화학제품",12948
2022,서울특별시,서울특별시,"고무,플라스틱제품",60529
2022,서울특별시,서울특별시,비금속광물제품,30538
2022,서울특별시,서울특별시,제1차금속제품,1255
2022,서울특별시,서울특별시,금속가공제품,145408
2022,서울특별시,서울특별시,"기타기계,장비제조품",43960
2022,서울특별시,서울특별시,"전자부품,컴퓨터,영상,음향,통신장비",16217
2022,서울특별시,서울특별시,전기장비제품,11620
2022,서울특별시,서울특별시,"의료,정밀,광학기기,시계",80670
2022,서울특별시,서울특별시,"자동차,트레일러",2908
2022,서울특별시,서울특별시,기타운송장비,303
2022,서울특별시,서울특별시,가구제품,3378
2022,서울특별시,서울특별시,기타제품,11744
2022,서울특별시,서울특별시,*) 재생제품,41233599
2022,서울특별시,서울특별시,*) 기타,0
2022,서울특별시,부산광역시,합계,5463377
2022,서울특별시,부산광역시,농산물,42
2022,서울특별시,부산광역시,임산물,89
2022,서울특별시,부산광역시,수산물,31
2022,서울특별시,부산광역시,축산물,0
2022,서울특별시,부산광역시,석탄광물,0
2022,서울특별시,부산광역시,석회석광물,0
2022,서울특별시,부산광역시,비금속광물,5444
2022,서울특별시,부산광역시,음식료품,12621
2022,서울특별시,부산광역시,담배제품,0
2022,서울특별시,부산광역시,섬유제품,1669
2022,서울특별시,부산광역시,의복,23982
2022,서울특별시,부산광역시,가죽,7683
2022,서울특별시,부산광역시,"목재,나무제품",70
2022,서울특별시,부산광역시,"펄프,종이",881
2022,서울특별시,부산광역시,"인쇄,기록매체",7505
2022,서울특별시,부산광역시,"코크스,연탄,석유정제품",2858
2022,서울특별시,부산광역시,"화합물,화학제품",1998
2022,서울특별시,부산광역시,"고무,플라스틱제품",2420
2022,서울특별시,부산광역시,비금속광물제품,1727
2022,서울특별시,부산광역시,제1차금속제품,373
2022,서울특별시,부산광역시,금속가공제품,10500
2022,서울특별시,부산광역시,"기타기계,장비제조품",1905
2022,서울특별시,부산광역시,"전자부품,컴퓨터,영상,음향,통신장비",1098
2022,서울특별시,부산광역시,전기장비제품,416
2022,서울특별시,부산광역시,"의료,정밀,광학기기,시계",2845
2022,서울특별시,부산광역시,"자동차,트레일러",49
2022,서울특별시,부산광역시,기타운송장비,42
2022,서울특별시,부산광역시,가구제품,126
2022,서울특별시,부산광역시,기타제품,325
2022,서울특별시,부산광역시,*) 재생제품,4515890
2022,서울특별시,부산광역시,*) 기타,860788
2022,서울특별시,대구광역시,합계,3243896
2022,서울특별시,대구광역시,농산물,29
2022,서울특별시,대구광역시,임산물,51
2022,서울특별시,대구광역시,수산물,3
2022,서울특별시,대구광역시,축산물,1
2022,서울특별시,대구광역시,석탄광물,0
2022,서울특별시,대구광역시,석회석광물,0
2022,서울특별시,대구광역시,비금속광물,5631
2022,서울특별시,대구광역시,음식료품,7664
2022,서울특별시,대구광역시,담배제품,0
2022,서울특별시,대구광역시,섬유제품,819
2022,서울특별시,대구광역시,의복,43650
2022,서울특별시,대구광역시,가죽,1102
2022,서울특별시,대구광역시,"목재,나무제품",28
2022,서울특별시,대구광역시,"펄프,종이",984
2022,서울특별시,대구광역시,"인쇄,기록매체",5897
2022,서울특별시,대구광역시,"코크스,연탄,석유정제품",1574
2022,서울특별시,대구광역시,"화합물,화학제품",1672
2022,서울특별시,대구광역시,"고무,플라스틱제품",1960
2022,서울특별시,대구광역시,비금속광물제품,751
2022,서울특별시,대구광역시,제1차금속제품,169
2022,서울특별시,대구광역시,금속가공제품,8078
2022,서울특별시,대구광역시,"기타기계,장비제조품",1449
2022,서울특별시,대구광역시,"전자부품,컴퓨터,영상,음향,통신장비",768
2022,서울특별시,대구광역시,전기장비제품,359
2022,서울특별시,대구광역시,"의료,정밀,광학기기,시계",3588
2022,서울특별시,대구광역시,"자동차,트레일러",25
2022,서울특별시,대구광역시,기타운송장비,5
2022,서울특별시,대구광역시,가구제품,83
2022,서울특별시,대구광역시,기타제품,189
2022,서울특별시,대구광역시,*) 재생제품,3157367
2022,서울특별시,대구광역시,*) 기타,0
2022,서울특별시,인천광역시,합계,6881648
2022,서울특별시,인천광역시,농산물,399
2022,서울특별시,인천광역시,임산물,704
2022,서울특별시,인천광역시,수산물,11
2022,서울특별시,인천광역시,축산물,0
2022,서울특별시,인천광역시,석탄광물,0
2022,서울특별시,인천광역시,석회석광물,0
2022,서울특별시,인천광역시,비금속광물,28759
2022,서울특별시,인천광역시,음식료품,41549
2022,서울특별시,인천광역시,담배제품,0
2022,서울특별시,인천광역시,섬유제품,5636
2022,서울특별시,인천광역시,의복,41709
2022,서울특별시,인천광역시,가죽,5602
2022,서울특별시,인천광역시,"목재,나무제품",239
2022,서울특별시,인천광역시,"펄프,종이",1848
2022,서울특별시,인천광역시,"인쇄,기록매체",15110
2022,서울특별시,인천광역시,"코크스,연탄,석유정제품",21005
2022,서울특별시,인천광역시,"화합물,화학제품",7200
2022,서울특별시,인천광역시,"고무,플라스틱제품",18325
2022,서울특별시,인천광역시,비금속광물제품,7576
2022,서울특별시,인천광역시,제1차금속제품,859
2022,서울특별시,인천광역시,금속가공제품,52400
2022,서울특별시,인천광역시,"기타기계,장비제조품",19303
2022,서울특별시,인천광역시,"전자부품,컴퓨터,영상,음향,통신장비",3960
2022,서울특별시,인천광역시,전기장비제품,3219
2022,서울특별시,인천광역시,"의료,정밀,광학기기,시계",17694
2022,서울특별시,인천광역시,"자동차,트레일러",902
2022,서울특별시,인천광역시,기타운송장비,116
2022,서울특별시,인천광역시,가구제품,327
2022,서울특별시,인천광역시,기타제품,937
2022,서울특별시,인천광역시,*) 재생제품,6500604
2022,서울특별시,인천광역시,*) 기타,85655
2022,서울특별시,광주광역시,합계,2048727
2022,서울특별시,광주광역시,농산물,19
2022,서울특별시,광주광역시,임산물,30
2022,서울특별시,광주광역시,수산물,1
2022,서울특별시,광주광역시,축산물,0
2022,서울특별시,광주광역시,석탄광물,0
2022,서울특별시,광주광역시,석회석광물,0
2022,서울특별시,광주광역시,비금속광물,2113
2022,서울특별시,광주광역시,음식료품,4371
2022,서울특별시,광주광역시,담배제품,0
2022,서울특별시,광주광역시,섬유제품,928
2022,서울특별시,광주광역시,의복,14513
2022,서울특별시,광주광역시,가죽,700
2022,서울특별시,광주광역시,"목재,나무제품",23
2022,서울특별시,광주광역시,"펄프,종이",494
2022,서울특별시,광주광역시,"인쇄,기록매체",4002
2022,서울특별시,광주광역시,"코크스,연탄,석유정제품",1139
2022,서울특별시,광주광역시,"화합물,화학제품",904
2022,서울특별시,광주광역시,"고무,플라스틱제품",1799
2022,서울특별시,광주광역시,비금속광물제품,1205
2022,서울특별시,광주광역시,제1차금속제품,186
2022,서울특별시,광주광역시,금속가공제품,8029
2022,서울특별시,광주광역시,"기타기계,장비제조품",1416
2022,서울특별시,광주광역시,"전자부품,컴퓨터,영상,음향,통신장비",408
2022,서울특별시,광주광역시,전기장비제품,514
2022,서울특별시,광주광역시,"의료,정밀,광학기기,시계",2277
2022,서울특별시,광주광역시,"자동차,트레일러",22
2022,서울특별시,광주광역시,기타운송장비,2
2022,서울특별시,광주광역시,가구제품,105
2022,서울특별시,광주광역시,기타제품,250
2022,서울특별시,광주광역시,*) 재생제품,2003277
2022,서울특별시,광주광역시,*) 기타,0
2022,서울특별시,대전광역시,합계,2727886
2022,서울특별시,대전광역시,농산물,38
2022,서울특별시,대전광역시,임산물,41
2022,서울특별시,대전광역시,수산물,2
2022,서울특별시,대전광역시,축산물,0
2022,서울특별시,대전광역시,석탄광물,0
2022,서울특별시,대전광역시,석회석광물,0
2022,서울특별시,대전광역시,비금속광물,4471
2022,서울특별시,대전광역시,음식료품,6351
2022,서울특별시,대전광역시,담배제품,0
2022,서울특별시,대전광역시,섬유제품,1003
2022,서울특별시,대전광역시,의복,15473
2022,서울특별시,대전광역시,가죽,731
2022,서울특별시,대전광역시,"목재,나무제품",17
2022,서울특별시,대전광역시,"펄프,종이",1033
2022,서울특별시,대전광역시,"인쇄,기록매체",6878
2022,서울특별시,대전광역시,"코크스,연탄,석유정제품",1129
2022,서울특별시,대전광역시,"화합물,화학제품",1501
2022,서울특별시,대전광역시,"고무,플라스틱제품",3816
2022,서울특별시,대전광역시,비금속광물제품,1417
2022,서울특별시,대전광역시,제1차금속제품,110
2022,서울특별시,대전광역시,금속가공제품,5595
2022,서울특별시,대전광역시,"기타기계,장비제조품",1876
2022,서울특별시,대전광역시,"전자부품,컴퓨터,영상,음향,통신장비",992
2022,서울특별시,대전광역시,전기장비제품,305
2022,서울특별시,대전광역시,"의료,정밀,광학기기,시계",1912
2022,서울특별시,대전광역시,"자동차,트레일러",23
2022,서울특별시,대전광역시,기타운송장비,10
2022,서울특별시,대전광역시,가구제품,71
2022,서울특별시,대전광역시,기타제품,80
2022,서울특별시,대전광역시,*) 재생제품,2673011
2022,서울특별시,대전광역시,*) 기타,0
2022,서울특별시,울산광역시,합계,4136060
2022,서울특별시,울산광역시,농산물,20
2022,서울특별시,울산광역시,임산물,51
2022,서울특별시,울산광역시,수산물,1
2022,서울특별시,울산광역시,축산물,0
2022,서울특별시,울산광역시,석탄광물,0
2022,서울특별시,울산광역시,석회석광물,0
2022,서울특별시,울산광역시,비금속광물,6937
2022,서울특별시,울산광역시,음식료품,5769
2022,서울특별시,울산광역시,담배제품,0
2022,서울특별시,울산광역시,섬유제품,634
2022,서울특별시,울산광역시,의복,17460
2022,서울특별시,울산광역시,가죽,809
2022,서울특별시,울산광역시,"목재,나무제품",55
2022,서울특별시,울산광역시,"펄프,종이",1138
2022,서울특별시,울산광역시,"인쇄,기록매체",9270
2022,서울특별시,울산광역시,"코크스,연탄,석유정제품",40026
2022,서울특별시,울산광역시,"화합물,화학제품",14760
2022,서울특별시,울산광역시,"고무,플라스틱제품",3918
2022,서울특별시,울산광역시,비금속광물제품,3080
2022,서울특별시,울산광역시,제1차금속제품,937
2022,서울특별시,울산광역시,금속가공제품,27034
2022,서울특별시,울산광역시,"기타기계,장비제조품",4714
2022,서울특별시,울산광역시,"전자부품,컴퓨터,영상,음향,통신장비",882
2022,서울특별시,울산광역시,전기장비제품,1313
2022,서울특별시,울산광역시,"의료,정밀,광학기기,시계",4836
2022,서울특별시,울산광역시,"자동차,트레일러",110
2022,서울특별시,울산광역시,기타운송장비,157
2022,서울특별시,울산광역시,가구제품,228
2022,서울특별시,울산광역시,기타제품,501
2022,서울특별시,울산광역시,*) 재생제품,3991420
2022,서울특별시,울산광역시,*) 기타,0
2022,서울특별시,경기도,합계,35813380
2022,서울특별시,경기도,농산물,1941
2022,서울특별시,경기도,임산물,1667
2022,서울특별시,경기도,수산물,52
2022,서울특별시,경기도,축산물,19
2022,서울특별시,경기도,석탄광물,0
2022,서울특별시,경기도,석회석광물,0
2022,서울특별시,경기도,비금속광물,162209
2022,서울특별시,경기도,음식료품,259918
2022,서울특별시,경기도,담배제품,0
2022,서울특별시,경기도,섬유제품,38475
2022,서울특별시,경기도,의복,289921
2022,서울특별시,경기도,가죽,46234
2022,서울특별시,경기도,"목재,나무제품",953
2022,서울특별시,경기도,"펄프,종이",13212
2022,서울특별시,경기도,"인쇄,기록매체",108793
2022,서울특별시,경기도,"코크스,연탄,석유정제품",35950
2022,서울특별시,경기도,"화합물,화학제품",30715
2022,서울특별시,경기도,"고무,플라스틱제품",110132
2022,서울특별시,경기도,비금속광물제품,86785
2022,서울특별시,경기도,제1차금속제품,4882
2022,서울특별시,경기도,금속가공제품,245850
2022,서울특별시,경기도,"기타기계,장비제조품",103188
2022,서울특별시,경기도,"전자부품,컴퓨터,영상,음향,통신장비",75471
2022,서울특별시,경기도,전기장비제품,17531
2022,서울특별시,경기도,"의료,정밀,광학기기,시계",141600
2022,서울특별시,경기도,"자동차,트레일러",3131
2022,서울특별시,경기도,기타운송장비,344
2022,서울특별시,경기도,가구제품,2181
2022,서울특별시,경기도,기타제품,4878
2022,서울특별시,경기도,*) 재생제품,34024413
2022,서울특별시,경기도,*) 기타,2935
2022,서울특별시,강원특별자치도,합계,2558960
2022,서울특별시,강원특별자치도,농산물,138
2022,서울특별시,강원특별자치도,임산물,337
2022,서울특별시,강원특별자치도,수산물,19
2022,서울특별시,강원특별자치도,축산물,3
2022,서울특별시,강원특별자치도,석탄광물,0
2022,서울특별시,강원특별자치도,석회석광물,0
2022,서울특별시,강원특별자치도,비금속광물,46646
2022,서울특별시,강원특별자치도,음식료품,18292
2022,서울특별시,강원특별자치도,담배제품,0
2022,서울특별시,강원특별자치도,섬유제품,1204
2022,서울특별시,강원특별자치도,의복,13906
2022,서울특별시,강원특별자치도,가죽,815
2022,서울특별시,강원특별자치도,"목재,나무제품",21
2022,서울특별시,강원특별자치도,"펄프,종이",488
2022,서울특별시,강원특별자치도,"인쇄,기록매체",3063
2022,서울특별시,강원특별자치도,"코크스,연탄,석유정제품",2215
2022,서울특별시,강원특별자치도,"화합물,화학제품",981
2022,서울특별시,강원특별자치도,"고무,플라스틱제품",2589
2022,서울특별시,강원특별자치도,비금속광물제품,4445
2022,서울특별시,강원특별자치도,제1차금속제품,120
2022,서울특별시,강원특별자치도,금속가공제품,9043
2022,서울특별시,강원특별자치도,"기타기계,장비제조품",1157
2022,서울특별시,강원특별자치도,"전자부품,컴퓨터,영상,음향,통신장비",427
2022,서울특별시,강원특별자치도,전기장비제품,306
2022,서울특별시,강원특별자치도,"의료,정밀,광학기기,시계",5914
2022,서울특별시,강원특별자치도,"자동차,트레일러",72
2022,서울특별시,강원특별자치도,기타운송장비,63
2022,서울특별시,강원특별자치도,가구제품,67
2022,서울특별시,강원특별자치도,기타제품,169
2022,서울특별시,강원특별자치도,*) 재생제품,2446460
2022,서울특별시,강원특별자치도,*) 기타,0
2022,서울특별시,충청북도,합계,4439986
2022,서울특별시,충청북도,농산물,179
2022,서울특별시,충청북도,임산물,231
2022,서울특별시,충청북도,수산물,5
2022,서울특별시,충청북도,축산물,10
2022,서울특별시,충청북도,석탄광물,0
2022,서울특별시,충청북도,석회석광물,0
2022,서울특별시,충청북도,비금속광물,36790
2022,서울특별시,충청북도,음식료품,35508
2022,서울특별시,충청북도,담배제품,0
2022,서울특별시,충청북도,섬유제품,1928
2022,서울특별시,충청북도,의복,25781
2022,서울특별시,충청북도,가죽,1997
2022,서울특별시,충청북도,"목재,나무제품",89
2022,서울특별시,충청북도,"펄프,종이",1268
2022,서울특별시,충청북도,"인쇄,기록매체",10559
2022,서울특별시,충청북도,"코크스,연탄,석유정제품",1611
2022,서울특별시,충청북도,"화합물,화학제품",4829
2022,서울특별시,충청북도,"고무,플라스틱제품",9244
2022,서울특별시,충청북도,비금속광물제품,6920
2022,서울특별시,충청북도,제1차금속제품,517
2022,서울특별시,충청북도,금속가공제품,18493
2022,서울특별시,충청북도,"기타기계,장비제조품",4054
2022,서울특별시,충청북도,"전자부품,컴퓨터,영상,음향,통신장비",5953
2022,서울특별시,충청북도,전기장비제품,1215
2022,서울특별시,충청북도,"의료,정밀,광학기기,시계",10601
2022,서울특별시,충청북도,"자동차,트레일러",67
2022,서울특별시,충청북도,기타운송장비,26
2022,서울특별시,충청북도,가구제품,206
2022,서울특별시,충청북도,기타제품,421
2022,서울특별시,충청북도,*) 재생제품,4261484
2022,서울특별시,충청북도,*) 기타,0
2022,서울특별시,충청남도,합계,6650532
2022,서울특별시,충청남도,농산물,291
2022,서울특별시,충청남도,임산물,265
2022,서울특별시,충청남도,수산물,11
2022,서울특별시,충청남도,축산물,4
2022,서울특별시,충청남도,석탄광물,0
2022,서울특별시,충청남도,석회석광물,0
2022,서울특별시,충청남도,비금속광물,34365
2022,서울특별시,충청남도,음식료품,41735
2022,서울특별시,충청남도,담배제품,0
2022,서울특별시,충청남도,섬유제품,3124
2022,서울특별시,충청남도,의복,36279
2022,서울특별시,충청남도,가죽,1881
2022,서울특별시,충청남도,"목재,나무제품",121
2022,서울특별시,충청남도,"펄프,종이",1936
2022,서울특별시,충청남도,"인쇄,기록매체",10212
2022,서울특별시,충청남도,"코크스,연탄,석유정제품",19729
2022,서울특별시,충청남도,"화합물,화학제품",13341
2022,서울특별시,충청남도,"고무,플라스틱제품",17135
2022,서울특별시,충청남도,비금속광물제품,17059
2022,서울특별시,충청남도,제1차금속제품,1548
2022,서울특별시,충청남도,금속가공제품,34266
2022,서울특별시,충청남도,"기타기계,장비제조품",10721
2022,서울특별시,충청남도,"전자부품,컴퓨터,영상,음향,통신장비",15372
2022,서울특별시,충청남도,전기장비제품,2521
2022,서울특별시,충청남도,"의료,정밀,광학기기,시계",14549
2022,서울특별시,충청남도,"자동차,트레일러",274
2022,서울특별시,충청남도,기타운송장비,46
2022,서울특별시,충청남도,가구제품,445
2022,서울특별시,충청남도,기타제품,696
2022,서울특별시,충청남도,*) 재생제품,6372606
2022,서울특별시,충청남도,*) 기타,0
2022,서울특별시,전북특별자치도,합계,3422920
2022,서울특별시,전북특별자치도,농산물,118
2022,서울특별시,전북특별자치도,임산물,197
2022,서울특별시,전북특별자치도,수산물,5
2022,서울특별시,전북특별자치도,축산물,6
2022,서울특별시,전북특별자치도,석탄광물,0
2022,서울특별시,전북특별자치도,석회석광물,0
2022,서울특별시,전북특별자치도,비금속광물,17227
2022,서울특별시,전북특별자치도,음식료품,21056
2022,서울특별시,전북특별자치도,담배제품,0
2022,서울특별시,전북특별자치도,섬유제품,1591
2022,서울특별시,전북특별자치도,의복,20706
2022,서울특별시,전북특별자치도,가죽,875
2022,서울특별시,전북특별자치도,"목재,나무제품",48
2022,서울특별시,전북특별자치도,"펄프,종이",1226
2022,서울특별시,전북특별자치도,"인쇄,기록매체",4200
2022,서울특별시,전북특별자치도,"코크스,연탄,석유정제품",2704
2022,서울특별시,전북특별자치도,"화합물,화학제품",3100
2022,서울특별시,전북특별자치도,"고무,플라스틱제품",3129
2022,서울특별시,전북특별자치도,비금속광물제품,2486
2022,서울특별시,전북특별자치도,제1차금속제품,365
2022,서울특별시,전북특별자치도,금속가공제품,9552
2022,서울특별시,전북특별자치도,"기타기계,장비제조품",2419
2022,서울특별시,전북특별자치도,"전자부품,컴퓨터,영상,음향,통신장비",606
2022,서울특별시,전북특별자치도,전기장비제품,406
2022,서울특별시,전북특별자치도,"의료,정밀,광학기기,시계",2279
2022,서울특별시,전북특별자치도,"자동차,트레일러",104
2022,서울특별시,전북특별자치도,기타운송장비,64
2022,서울특별시,전북특별자치도,가구제품,137
2022,서울특별시,전북특별자치도,기타제품,205
2022,서울특별시,전북특별자치도,*) 재생제품,3327297
2022,서울특별시,전북특별자치도,*) 기타,812
2022,서울특별시,전라남도,합계,4336902
2022,서울특별시,전라남도,농산물,92
2022,서울특별시,전라남도,임산물,180
2022,서울특별시,전라남도,수산물,13
2022,서울특별시,전라남도,축산물,1
2022,서울특별시,전라남도,석탄광물,0
2022,서울특별시,전라남도,석회석광물,0
2022,서울특별시,전라남도,비금속광물,23344
2022,서울특별시,전라남도,음식료품,14311
2022,서울특별시,전라남도,담배제품,0
2022,서울특별시,전라남도,섬유제품,1164
2022,서울특별시,전라남도,의복,18322
2022,서울특별시,전라남도,가죽,788
2022,서울특별시,전라남도,"목재,나무제품",59
2022,서울특별시,전라남도,"펄프,종이",716
2022,서울특별시,전라남도,"인쇄,기록매체",5348
2022,서울특별시,전라남도,"코크스,연탄,석유정제품",28045
2022,서울특별시,전라남도,"화합물,화학제품",14194
2022,서울특별시,전라남도,"고무,플라스틱제품",2140
2022,서울특별시,전라남도,비금속광물제품,3783
2022,서울특별시,전라남도,제1차금속제품,1011
2022,서울특별시,전라남도,금속가공제품,11743
2022,서울특별시,전라남도,"기타기계,장비제조품",3377
2022,서울특별시,전라남도,"전자부품,컴퓨터,영상,음향,통신장비",549
2022,서울특별시,전라남도,전기장비제품,335
2022,서울특별시,전라남도,"의료,정밀,광학기기,시계",4388
2022,서울특별시,전라남도,"자동차,트레일러",11
2022,서울특별시,전라남도,기타운송장비,140
2022,서울특별시,전라남도,가구제품,158
2022,서울특별시,전라남도,기타제품,345
2022,서울특별시,전라남도,*) 재생제품,4172967
2022,서울특별시,전라남도,*) 기타,29378
2022,서울특별시,경상북도,합계,7679735
2022,서울특별시,경상북도,농산물,116
2022,서울특별시,경상북도,임산물,357
2022,서울특별시,경상북도,수산물,10
2022,서울특별시,경상북도,축산물,6
2022,서울특별시,경상북도,석탄광물,0
2022,서울특별시,경상북도,석회석광물,0
2022,서울특별시,경상북도,비금속광물,26657
2022,서울특별시,경상북도,음식료품,17689
2022,서울특별시,경상북도,담배제품,0
2022,서울특별시,경상북도,섬유제품,2678
2022,서울특별시,경상북도,의복,64116
2022,서울특별시,경상북도,가죽,1639
2022,서울특별시,경상북도,"목재,나무제품",112
2022,서울특별시,경상북도,"펄프,종이",1729
2022,서울특별시,경상북도,"인쇄,기록매체",10739
2022,서울특별시,경상북도,"코크스,연탄,석유정제품",4375
2022,서울특별시,경상북도,"화합물,화학제품",6971
2022,서울특별시,경상북도,"고무,플라스틱제품",11031
2022,서울특별시,경상북도,비금속광물제품,11443
2022,서울특별시,경상북도,제1차금속제품,1394
2022,서울특별시,경상북도,금속가공제품,27409
2022,서울특별시,경상북도,"기타기계,장비제조품",3877
2022,서울특별시,경상북도,"전자부품,컴퓨터,영상,음향,통신장비",18823
2022,서울특별시,경상북도,전기장비제품,1347
2022,서울특별시,경상북도,"의료,정밀,광학기기,시계",12013
2022,서울특별시,경상북도,"자동차,트레일러",81
2022,서울특별시,경상북도,기타운송장비,10
2022,서울특별시,경상북도,가구제품,321
2022,서울특별시,경상북도,기타제품,783
2022,서울특별시,경상북도,*) 재생제품,7454009
2022,서울특별시,경상북도,*) 기타,0
2022,서울특별시,경상남도,합계,7330654
2022,서울특별시,경상남도,농산물,86
2022,서울특별시,경상남도,임산물,239
2022,서울특별시,경상남도,수산물,21
2022,서울특별시,경상남도,축산물,2
2022,서울특별시,경상남도,석탄광물,0
2022,서울특별시,경상남도,석회석광물,0
2022,서울특별시,경상남도,비금속광물,14388
2022,서울특별시,경상남도,음식료품,22358
2022,서울특별시,경상남도,담배제품,0
2022,서울특별시,경상남도,섬유제품,1844
2022,서울특별시,경상남도,의복,36308
2022,서울특별시,경상남도,가죽,2274
2022,서울특별시,경상남도,"목재,나무제품",120
2022,서울특별시,경상남도,"펄프,종이",2124
2022,서울특별시,경상남도,"인쇄,기록매체",11072
2022,서울특별시,경상남도,"코크스,연탄,석유정제품",4242
2022,서울특별시,경상남도,"화합물,화학제품",4127
2022,서울특별시,경상남도,"고무,플라스틱제품",8202
2022,서울특별시,경상남도,비금속광물제품,5569
2022,서울특별시,경상남도,제1차금속제품,952
2022,서울특별시,경상남도,금속가공제품,45583
2022,서울특별시,경상남도,"기타기계,장비제조품",7006
2022,서울특별시,경상남도,"전자부품,컴퓨터,영상,음향,통신장비",1203
2022,서울특별시,경상남도,전기장비제품,1505
2022,서울특별시,경상남도,"의료,정밀,광학기기,시계",7099
2022,서울특별시,경상남도,"자동차,트레일러",82
2022,서울특별시,경상남도,기타운송장비,545
2022,서울특별시,경상남도,가구제품,381
2022,서울특별시,경상남도,기타제품,928
2022,서울특별시,경상남도,*) 재생제품,7152394
2022,서울특별시,경상남도,*) 기타,0
2022,서울특별시,제주특별자치도,합계,0
2022,서울특별시,제주특별자치도,농산물,0
2022,서울특별시,제주특별자치도,임산물,0
2022,서울특별시,제주특별자치도,수산물,0
2022,서울특별시,제주특별자치도,축산물,0
2022,서울특별시,제주특별자치도,석탄광물,0
2022,서울특별시,제주특별자치도,석회석광물,0
2022,서울특별시,제주특별자치도,비금속광물,0
2022,서울특별시,제주특별자치도,음식료품,0
2022,서울특별시,제주특별자치도,담배제품,0
2022,서울특별시,제주특별자치도,섬유제품,0
2022,서울특별시,제주특별자치도,의복,0
2022,서울특별시,제주특별자치도,가죽,0
2022,서울특별시,제주특별자치도,"목재,나무제품",0
2022,서울특별시,제주특별자치도,"펄프,종이",0
2022,서울특별시,제주특별자치도,"인쇄,기록매체",0
2022,서울특별시,제주특별자치도,"코크스,연탄,석유정제품",0
2022,서울특별시,제주특별자치도,"화합물,화학제품",0
2022,서울특별시,제주특별자치도,"고무,플라스틱제품",0
2022,서울특별시,제주특별자치도,비금속광물제품,0
2022,서울특별시,제주특별자치도,제1차금속제품,0
2022,서울특별시,제주특별자치도,금속가공제품,0
2022,서울특별시,제주특별자치도,"기타기계,장비제조품",0
2022,서울특별시,제주특별자치도,"전자부품,컴퓨터,영상,음향,통신장비",0
2022,서울특별시,제주특별자치도,전기장비제품,0
2022,서울특별시,제주특별자치도,"의료,정밀,광학기기,시계",0
2022,서울특별시,제주특별자치도,"자동차,트레일러",0
2022,서울특별시,제주특별자치도,기타운송장비,0
2022,서울특별시,제주특별자치도,가구제품,0
2022,서울특별시,제주특별자치도,기타제품,0
2022,서울특별시,제주특별자치도,*) 재생제품,0
2022,서울특별시,제주특별자치도,*) 기타,0
2022,서울특별시,세종특별자치시,합계,561643
2022,서울특별시,세종특별자치시,농산물,22
2022,서울특별시,세종특별자치시,임산물,37
2022,서울특별시,세종특별자치시,수산물,0
2022,서울특별시,세종특별자치시,축산물,0
2022,서울특별시,세종특별자치시,석탄광물,0
2022,서울특별시,세종특별자치시,석회석광물,0
2022,서울특별시,세종특별자치시,비금속광물,5887
2022,서울특별시,세종특별자치시,음식료품,2373
2022,서울특별시,세종특별자치시,담배제품,0
2022,서울특별시,세종특별자치시,섬유제품,179
2022,서울특별시,세종특별자치시,의복,2283
2022,서울특별시,세종특별자치시,가죽,76
2022,서울특별시,세종특별자치시,"목재,나무제품",6
2022,서울특별시,세종특별자치시,"펄프,종이",306
2022,서울특별시,세종특별자치시,"인쇄,기록매체",1997
2022,서울특별시,세종특별자치시,"코크스,연탄,석유정제품",205
2022,서울특별시,세종특별자치시,"화합물,화학제품",584
2022,서울특별시,세종특별자치시,"고무,플라스틱제품",1114
2022,서울특별시,세종특별자치시,비금속광물제품,1243
2022,서울특별시,세종특별자치시,제1차금속제품,30
2022,서울특별시,세종특별자치시,금속가공제품,1088
2022,서울특별시,세종특별자치시,"기타기계,장비제조품",216
2022,서울특별시,세종특별자치시,"전자부품,컴퓨터,영상,음향,통신장비",281
2022,서울특별시,세종특별자치시,전기장비제품,105
2022,서울특별시,세종특별자치시,"의료,정밀,광학기기,시계",1891
2022,서울특별시,세종특별자치시,"자동차,트레일러",6
2022,서울특별시,세종특별자치시,기타운송장비,0
2022,서울특별시,세종특별자치시,가구제품,27
2022,서울특별시,세종특별자치시,기타제품,43
2022,서울특별시,세종특별자치시,*) 재생제품,541644
2022,서울특별시,세종특별자치시,*) 기타,0
2022,부산광역시,서울특별시,합계,1438857
2022,부산광역시,서울특별시,농산물,3850
2022,부산광역시,서울특별시,임산물,168
2022,부산광역시,서울특별시,수산물,12208
2022,부산광역시,서울특별시,축산물,55
2022,부산광역시,서울특별시,석탄광물,0
2022,부산광역시,서울특별시,석회석광물,0
2022,부산광역시,서울특별시,비금속광물,25367
2022,부산광역시,서울특별시,음식료품,23490
2022,부산광역시,서울특별시,담배제품,0
2022,부산광역시,서울특별시,섬유제품,39056
2022,부산광역시,서울특별시,의복,17449
2022,부산광역시,서울특별시,가죽,3964
2022,부산광역시,서울특별시,"목재,나무제품",1487
2022,부산광역시,서울특별시,"펄프,종이",841
2022,부산광역시,서울특별시,"인쇄,기록매체",1182
2022,부산광역시,서울특별시,"코크스,연탄,석유정제품",8658
2022,부산광역시,서울특별시,"화합물,화학제품",1129
2022,부산광역시,서울특별시,"고무,플라스틱제품",11518
2022,부산광역시,서울특별시,비금속광물제품,26923
2022,부산광역시,서울특별시,제1차금속제품,9099
2022,부산광역시,서울특별시,금속가공제품,12115
2022,부산광역시,서울특별시,"기타기계,장비제조품",13109
2022,부산광역시,서울특별시,"전자부품,컴퓨터,영상,음향,통신장비",321
2022,부산광역시,서울특별시,전기장비제품,5423
2022,부산광역시,서울특별시,"의료,정밀,광학기기,시계",1292
2022,부산광역시,서울특별시,"자동차,트레일러",10485
2022,부산광역시,서울특별시,기타운송장비,1338
2022,부산광역시,서울특별시,가구제품,2350
2022,부산광역시,서울특별시,기타제품,384
2022,부산광역시,서울특별시,*) 재생제품,9726
2022,부산광역시,서울특별시,*) 기타,1195870
2022,부산광역시,부산광역시,합계,40869185
2022,부산광역시,부산광역시,농산물,1452859
2022,부산광역시,부산광역시,임산물,1178
2022,부산광역시,부산광역시,수산물,1076399
2022,부산광역시,부산광역시,축산물,707
2022,부산광역시,부산광역시,석탄광물,3287
2022,부산광역시,부산광역시,석회석광물,667569
2022,부산광역시,부산광역시,비금속광물,1714499
2022,부산광역시,부산광역시,음식료품,566835
2022,부산광역시,부산광역시,담배제품,508
2022,부산광역시,부산광역시,섬유제품,273841
2022,부산광역시,부산광역시,의복,148020
2022,부산광역시,부산광역시,가죽,30485
2022,부산광역시,부산광역시,"목재,나무제품",123897
2022,부산광역시,부산광역시,"펄프,종이",89726
2022,부산광역시,부산광역시,"인쇄,기록매체",10409
2022,부산광역시,부산광역시,"코크스,연탄,석유정제품",1769903
2022,부산광역시,부산광역시,"화합물,화학제품",134562
2022,부산광역시,부산광역시,"고무,플라스틱제품",278248
2022,부산광역시,부산광역시,비금속광물제품,2467120
2022,부산광역시,부산광역시,제1차금속제품,5303330
2022,부산광역시,부산광역시,금속가공제품,297038
2022,부산광역시,부산광역시,"기타기계,장비제조품",405743
2022,부산광역시,부산광역시,"전자부품,컴퓨터,영상,음향,통신장비",15914
2022,부산광역시,부산광역시,전기장비제품,92938
2022,부산광역시,부산광역시,"의료,정밀,광학기기,시계",461618
2022,부산광역시,부산광역시,"자동차,트레일러",662388
2022,부산광역시,부산광역시,기타운송장비,260004
2022,부산광역시,부산광역시,가구제품,16625
2022,부산광역시,부산광역시,기타제품,177236
2022,부산광역시,부산광역시,*) 재생제품,2712600
2022,부산광역시,부산광역시,*) 기타,19653699
2022,부산광역시,대구광역시,합계,1925308
2022,부산광역시,대구광역시,농산물,2289
2022,부산광역시,대구광역시,임산물,108
2022,부산광역시,대구광역시,수산물,5000
2022,부산광역시,대구광역시,축산물,156
2022,부산광역시,대구광역시,석탄광물,0
2022,부산광역시,대구광역시,석회석광물,0
2022,부산광역시,대구광역시,비금속광물,120171
2022,부산광역시,대구광역시,음식료품,24533
2022,부산광역시,대구광역시,담배제품,0
2022,부산광역시,대구광역시,섬유제품,4833
2022,부산광역시,대구광역시,의복,14751
2022,부산광역시,대구광역시,가죽,807
2022,부산광역시,대구광역시,"목재,나무제품",2107
2022,부산광역시,대구광역시,"펄프,종이",2867
2022,부산광역시,대구광역시,"인쇄,기록매체",889
2022,부산광역시,대구광역시,"코크스,연탄,석유정제품",3944
2022,부산광역시,대구광역시,"화합물,화학제품",4186
2022,부산광역시,대구광역시,"고무,플라스틱제품",13821
2022,부산광역시,대구광역시,비금속광물제품,76990
2022,부산광역시,대구광역시,제1차금속제품,42930
2022,부산광역시,대구광역시,금속가공제품,25787
2022,부산광역시,대구광역시,"기타기계,장비제조품",14232
2022,부산광역시,대구광역시,"전자부품,컴퓨터,영상,음향,통신장비",651
2022,부산광역시,대구광역시,전기장비제품,5209
2022,부산광역시,대구광역시,"의료,정밀,광학기기,시계",1554
2022,부산광역시,대구광역시,"자동차,트레일러",6077
2022,부산광역시,대구광역시,기타운송장비,416
2022,부산광역시,대구광역시,가구제품,1342
2022,부산광역시,대구광역시,기타제품,469
2022,부산광역시,대구광역시,*) 재생제품,94215
2022,부산광역시,대구광역시,*) 기타,1454974
2022,부산광역시,인천광역시,합계,3047806
2022,부산광역시,인천광역시,농산물,1855
2022,부산광역시,인천광역시,임산물,175
2022,부산광역시,인천광역시,수산물,5855
2022,부산광역시,인천광역시,축산물,16
2022,부산광역시,인천광역시,석탄광물,0
2022,부산광역시,인천광역시,석회석광물,0
2022,부산광역시,인천광역시,비금속광물,50228
2022,부산광역시,인천광역시,음식료품,8284
2022,부산광역시,인천광역시,담배제품,0
2022,부산광역시,인천광역시,섬유제품,2550
2022,부산광역시,인천광역시,의복,2046
2022,부산광역시,인천광역시,가죽,581
2022,부산광역시,인천광역시,"목재,나무제품",2337
2022,부산광역시,인천광역시,"펄프,종이",245
2022,부산광역시,인천광역시,"인쇄,기록매체",252
2022,부산광역시,인천광역시,"코크스,연탄,석유정제품",6971
2022,부산광역시,인천광역시,"화합물,화학제품",1656
2022,부산광역시,인천광역시,"고무,플라스틱제품",8905
2022,부산광역시,인천광역시,비금속광물제품,31482
2022,부산광역시,인천광역시,제1차금속제품,13944
2022,부산광역시,인천광역시,금속가공제품,10852
2022,부산광역시,인천광역시,"기타기계,장비제조품",13163
2022,부산광역시,인천광역시,"전자부품,컴퓨터,영상,음향,통신장비",181
2022,부산광역시,인천광역시,전기장비제품,3372
2022,부산광역시,인천광역시,"의료,정밀,광학기기,시계",644
2022,부산광역시,인천광역시,"자동차,트레일러",9566
2022,부산광역시,인천광역시,기타운송장비,1017
2022,부산광역시,인천광역시,가구제품,594
2022,부산광역시,인천광역시,기타제품,161
2022,부산광역시,인천광역시,*) 재생제품,6847
2022,부산광역시,인천광역시,*) 기타,2864027
2022,부산광역시,광주광역시,합계,797800
2022,부산광역시,광주광역시,농산물,794
2022,부산광역시,광주광역시,임산물,37
2022,부산광역시,광주광역시,수산물,1541
2022,부산광역시,광주광역시,축산물,22
2022,부산광역시,광주광역시,석탄광물,0
2022,부산광역시,광주광역시,석회석광물,0
2022,부산광역시,광주광역시,비금속광물,23438
2022,부산광역시,광주광역시,음식료품,7147
2022,부산광역시,광주광역시,담배제품,0
2022,부산광역시,광주광역시,섬유제품,2296
2022,부산광역시,광주광역시,의복,3006
2022,부산광역시,광주광역시,가죽,314
2022,부산광역시,광주광역시,"목재,나무제품",1039
2022,부산광역시,광주광역시,"펄프,종이",675
2022,부산광역시,광주광역시,"인쇄,기록매체",348
2022,부산광역시,광주광역시,"코크스,연탄,석유정제품",1741
2022,부산광역시,광주광역시,"화합물,화학제품",1284
2022,부산광역시,광주광역시,"고무,플라스틱제품",6786
2022,부산광역시,광주광역시,비금속광물제품,56392
2022,부산광역시,광주광역시,제1차금속제품,24926
2022,부산광역시,광주광역시,금속가공제품,13046
2022,부산광역시,광주광역시,"기타기계,장비제조품",7507
2022,부산광역시,광주광역시,"전자부품,컴퓨터,영상,음향,통신장비",175
2022,부산광역시,광주광역시,전기장비제품,4080
2022,부산광역시,광주광역시,"의료,정밀,광학기기,시계",548
2022,부산광역시,광주광역시,"자동차,트레일러",2601
2022,부산광역시,광주광역시,기타운송장비,116
2022,부산광역시,광주광역시,가구제품,999
2022,부산광역시,광주광역시,기타제품,300
2022,부산광역시,광주광역시,*) 재생제품,26720
2022,부산광역시,광주광역시,*) 기타,609922
2022,부산광역시,대전광역시,합계,524481
2022,부산광역시,대전광역시,농산물,939
2022,부산광역시,대전광역시,임산물,33
2022,부산광역시,대전광역시,수산물,2653
2022,부산광역시,대전광역시,축산물,19
2022,부산광역시,대전광역시,석탄광물,0
2022,부산광역시,대전광역시,석회석광물,0
2022,부산광역시,대전광역시,비금속광물,29565
2022,부산광역시,대전광역시,음식료품,6202
2022,부산광역시,대전광역시,담배제품,0
2022,부산광역시,대전광역시,섬유제품,1613
2022,부산광역시,대전광역시,의복,2223
2022,부산광역시,대전광역시,가죽,228
2022,부산광역시,대전광역시,"목재,나무제품",524
2022,부산광역시,대전광역시,"펄프,종이",792
2022,부산광역시,대전광역시,"인쇄,기록매체",397
2022,부산광역시,대전광역시,"코크스,연탄,석유정제품",1160
2022,부산광역시,대전광역시,"화합물,화학제품",1367
2022,부산광역시,대전광역시,"고무,플라스틱제품",8910
2022,부산광역시,대전광역시,비금속광물제품,36522
2022,부산광역시,대전광역시,제1차금속제품,9223
2022,부산광역시,대전광역시,금속가공제품,5657
2022,부산광역시,대전광역시,"기타기계,장비제조품",6187
2022,부산광역시,대전광역시,"전자부품,컴퓨터,영상,음향,통신장비",258
2022,부산광역시,대전광역시,전기장비제품,1529
2022,부산광역시,대전광역시,"의료,정밀,광학기기,시계",297
2022,부산광역시,대전광역시,"자동차,트레일러",1622
2022,부산광역시,대전광역시,기타운송장비,346
2022,부산광역시,대전광역시,가구제품,444
2022,부산광역시,대전광역시,기타제품,55
2022,부산광역시,대전광역시,*) 재생제품,19184
2022,부산광역시,대전광역시,*) 기타,386532
2022,부산광역시,울산광역시,합계,12560161
2022,부산광역시,울산광역시,농산물,3160
2022,부산광역시,울산광역시,임산물,205
2022,부산광역시,울산광역시,수산물,3270
2022,부산광역시,울산광역시,축산물,29
2022,부산광역시,울산광역시,석탄광물,0
2022,부산광역시,울산광역시,석회석광물,0
2022,부산광역시,울산광역시,비금속광물,426556
2022,부산광역시,울산광역시,음식료품,35915
2022,부산광역시,울산광역시,담배제품,0
2022,부산광역시,울산광역시,섬유제품,4631
2022,부산광역시,울산광역시,의복,9662
2022,부산광역시,울산광역시,가죽,887
2022,부산광역시,울산광역시,"목재,나무제품",6461
2022,부산광역시,울산광역시,"펄프,종이",6941
2022,부산광역시,울산광역시,"인쇄,기록매체",2191
2022,부산광역시,울산광역시,"코크스,연탄,석유정제품",4291813
2022,부산광역시,울산광역시,"화합물,화학제품",61535
2022,부산광역시,울산광역시,"고무,플라스틱제품",49487
2022,부산광역시,울산광역시,비금속광물제품,704813
2022,부산광역시,울산광역시,제1차금속제품,380066
2022,부산광역시,울산광역시,금속가공제품,137145
2022,부산광역시,울산광역시,"기타기계,장비제조품",77922
2022,부산광역시,울산광역시,"전자부품,컴퓨터,영상,음향,통신장비",1460
2022,부산광역시,울산광역시,전기장비제품,33042
2022,부산광역시,울산광역시,"의료,정밀,광학기기,시계",3696
2022,부산광역시,울산광역시,"자동차,트레일러",57141
2022,부산광역시,울산광역시,기타운송장비,19990
2022,부산광역시,울산광역시,가구제품,6482
2022,부산광역시,울산광역시,기타제품,2520
2022,부산광역시,울산광역시,*) 재생제품,262736
2022,부산광역시,울산광역시,*) 기타,5970405
2022,부산광역시,경기도,합계,18206638
2022,부산광역시,경기도,농산물,9119
2022,부산광역시,경기도,임산물,398
2022,부산광역시,경기도,수산물,27435
2022,부산광역시,경기도,축산물,345
2022,부산광역시,경기도,석탄광물,0
2022,부산광역시,경기도,석회석광물,0
2022,부산광역시,경기도,비금속광물,231622
2022,부산광역시,경기도,음식료품,51306
2022,부산광역시,경기도,담배제품,0
2022,부산광역시,경기도,섬유제품,16881
2022,부산광역시,경기도,의복,14416
2022,부산광역시,경기도,가죽,4953
2022,부산광역시,경기도,"목재,나무제품",8906
2022,부산광역시,경기도,"펄프,종이",2113
2022,부산광역시,경기도,"인쇄,기록매체",1884
2022,부산광역시,경기도,"코크스,연탄,석유정제품",11146
2022,부산광역시,경기도,"화합물,화학제품",8086
2022,부산광역시,경기도,"고무,플라스틱제품",58285
2022,부산광역시,경기도,비금속광물제품,351260
2022,부산광역시,경기도,제1차금속제품,107972
2022,부산광역시,경기도,금속가공제품,116064
2022,부산광역시,경기도,"기타기계,장비제조품",80707
2022,부산광역시,경기도,"전자부품,컴퓨터,영상,음향,통신장비",4131
2022,부산광역시,경기도,전기장비제품,29614
2022,부산광역시,경기도,"의료,정밀,광학기기,시계",13798
2022,부산광역시,경기도,"자동차,트레일러",35036
2022,부산광역시,경기도,기타운송장비,3154
2022,부산광역시,경기도,가구제품,3940
2022,부산광역시,경기도,기타제품,722
2022,부산광역시,경기도,*) 재생제품,40926
2022,부산광역시,경기도,*) 기타,16972419
2022,부산광역시,강원특별자치도,합계,660709
2022,부산광역시,강원특별자치도,농산물,2226
2022,부산광역시,강원특별자치도,임산물,199
2022,부산광역시,강원특별자치도,수산물,15824
2022,부산광역시,강원특별자치도,축산물,113
2022,부산광역시,강원특별자치도,석탄광물,0
2022,부산광역시,강원특별자치도,석회석광물,0
2022,부산광역시,강원특별자치도,비금속광물,208794
2022,부산광역시,강원특별자치도,음식료품,12355
2022,부산광역시,강원특별자치도,담배제품,0
2022,부산광역시,강원특별자치도,섬유제품,1417
2022,부산광역시,강원특별자치도,의복,1572
2022,부산광역시,강원특별자치도,가죽,198
2022,부산광역시,강원특별자치도,"목재,나무제품",473
2022,부산광역시,강원특별자치도,"펄프,종이",268
2022,부산광역시,강원특별자치도,"인쇄,기록매체",139
2022,부산광역시,강원특별자치도,"코크스,연탄,석유정제품",1685
2022,부산광역시,강원특별자치도,"화합물,화학제품",693
2022,부산광역시,강원특별자치도,"고무,플라스틱제품",4460
2022,부산광역시,강원특별자치도,비금속광물제품,72878
2022,부산광역시,강원특별자치도,제1차금속제품,7482
2022,부산광역시,강원특별자치도,금속가공제품,6741
2022,부산광역시,강원특별자치도,"기타기계,장비제조품",2813
2022,부산광역시,강원특별자치도,"전자부품,컴퓨터,영상,음향,통신장비",85
2022,부산광역시,강원특별자치도,전기장비제품,1150
2022,부산광역시,강원특별자치도,"의료,정밀,광학기기,시계",695
2022,부산광역시,강원특별자치도,"자동차,트레일러",3357
2022,부산광역시,강원특별자치도,기타운송장비,1546
2022,부산광역시,강원특별자치도,가구제품,326
2022,부산광역시,강원특별자치도,기타제품,85
2022,부산광역시,강원특별자치도,*) 재생제품,12361
2022,부산광역시,강원특별자치도,*) 기타,300774
2022,부산광역시,충청북도,합계,3802854
2022,부산광역시,충청북도,농산물,3391
2022,부산광역시,충청북도,임산물,155
2022,부산광역시,충청북도,수산물,4591
2022,부산광역시,충청북도,축산물,391
2022,부산광역시,충청북도,석탄광물,0
2022,부산광역시,충청북도,석회석광물,0
2022,부산광역시,충청북도,비금속광물,190683
2022,부산광역시,충청북도,음식료품,27660
2022,부산광역시,충청북도,담배제품,0
2022,부산광역시,충청북도,섬유제품,2518
2022,부산광역시,충청북도,의복,3121
2022,부산광역시,충청북도,가죽,526
2022,부산광역시,충청북도,"목재,나무제품",2248
2022,부산광역시,충청북도,"펄프,종이",795
2022,부산광역시,충청북도,"인쇄,기록매체",514
2022,부산광역시,충청북도,"코크스,연탄,석유정제품",1410
2022,부산광역시,충청북도,"화합물,화학제품",3670
2022,부산광역시,충청북도,"고무,플라스틱제품",17642
2022,부산광역시,충청북도,비금속광물제품,140891
2022,부산광역시,충청북도,제1차금속제품,35435
2022,부산광역시,충청북도,금속가공제품,15410
2022,부산광역시,충청북도,"기타기계,장비제조품",10990
2022,부산광역시,충청북도,"전자부품,컴퓨터,영상,음향,통신장비",1259
2022,부산광역시,충청북도,전기장비제품,5056
2022,부산광역시,충청북도,"의료,정밀,광학기기,시계",1343
2022,부산광역시,충청북도,"자동차,트레일러",3919
2022,부산광역시,충청북도,기타운송장비,716
2022,부산광역시,충청북도,가구제품,1077
2022,부산광역시,충청북도,기타제품,231
2022,부산광역시,충청북도,*) 재생제품,23765
2022,부산광역시,충청북도,*) 기타,3303447
2022,부산광역시,충청남도,합계,3495488
2022,부산광역시,충청남도,농산물,4455
2022,부산광역시,충청남도,임산물,153
2022,부산광역시,충청남도,수산물,8918
2022,부산광역시,충청남도,축산물,165
2022,부산광역시,충청남도,석탄광물,0
2022,부산광역시,충청남도,석회석광물,0
2022,부산광역시,충청남도,비금속광물,149779
2022,부산광역시,충청남도,음식료품,25924
2022,부산광역시,충청남도,담배제품,0
2022,부산광역시,충청남도,섬유제품,3482
2022,부산광역시,충청남도,의복,3846
2022,부산광역시,충청남도,가죽,432
2022,부산광역시,충청남도,"목재,나무제품",2643
2022,부산광역시,충청남도,"펄프,종이",937
2022,부산광역시,충청남도,"인쇄,기록매체",425
2022,부산광역시,충청남도,"코크스,연탄,석유정제품",14700
2022,부산광역시,충청남도,"화합물,화학제품",8365
2022,부산광역시,충청남도,"고무,플라스틱제품",26231
2022,부산광역시,충청남도,비금속광물제품,262994
2022,부산광역시,충청남도,제1차금속제품,90117
2022,부산광역시,충청남도,금속가공제품,23463
2022,부산광역시,충청남도,"기타기계,장비제조품",23124
2022,부산광역시,충청남도,"전자부품,컴퓨터,영상,음향,통신장비",2570
2022,부산광역시,충청남도,전기장비제품,8410
2022,부산광역시,충청남도,"의료,정밀,광학기기,시계",1506
2022,부산광역시,충청남도,"자동차,트레일러",11484
2022,부산광역시,충청남도,기타운송장비,1007
2022,부산광역시,충청남도,가구제품,1962
2022,부산광역시,충청남도,기타제품,301
2022,부산광역시,충청남도,*) 재생제품,27781
2022,부산광역시,충청남도,*) 기타,2790314
2022,부산광역시,전북특별자치도,합계,1549045
2022,부산광역시,전북특별자치도,농산물,3714
2022,부산광역시,전북특별자치도,임산물,194
2022,부산광역시,전북특별자치도,수산물,5475
2022,부산광역시,전북특별자치도,축산물,336
2022,부산광역시,전북특별자치도,석탄광물,0
2022,부산광역시,전북특별자치도,석회석광물,0
2022,부산광역시,전북특별자치도,비금속광물,151619
2022,부산광역시,전북특별자치도,음식료품,26700
2022,부산광역시,전북특별자치도,담배제품,0
2022,부산광역시,전북특별자치도,섬유제품,3145
2022,부산광역시,전북특별자치도,의복,3554
2022,부산광역시,전북특별자치도,가죽,326
2022,부산광역시,전북특별자치도,"목재,나무제품",1781
2022,부산광역시,전북특별자치도,"펄프,종이",1257
2022,부산광역시,전북특별자치도,"인쇄,기록매체",297
2022,부산광역시,전북특별자치도,"코크스,연탄,석유정제품",3383
2022,부산광역시,전북특별자치도,"화합물,화학제품",3529
2022,부산광역시,전북특별자치도,"고무,플라스틱제품",9180
2022,부산광역시,전북특별자치도,비금속광물제품,86948
2022,부산광역시,전북특별자치도,제1차금속제품,40505
2022,부산광역시,전북특별자치도,금속가공제품,12221
2022,부산광역시,전북특별자치도,"기타기계,장비제조품",10032
2022,부산광역시,전북특별자치도,"전자부품,컴퓨터,영상,음향,통신장비",200
2022,부산광역시,전북특별자치도,전기장비제품,2543
2022,부산광역시,전북특별자치도,"의료,정밀,광학기기,시계",437
2022,부산광역시,전북특별자치도,"자동차,트레일러",9200
2022,부산광역시,전북특별자치도,기타운송장비,2483
2022,부산광역시,전북특별자치도,가구제품,1051
2022,부산광역시,전북특별자치도,기타제품,191
2022,부산광역시,전북특별자치도,*) 재생제품,32583
2022,부산광역시,전북특별자치도,*) 기타,1136161
2022,부산광역시,전라남도,합계,2239252
2022,부산광역시,전라남도,농산물,4918
2022,부산광역시,전라남도,임산물,265
2022,부산광역시,전라남도,수산물,16970
2022,부산광역시,전라남도,축산물,107
2022,부산광역시,전라남도,석탄광물,0
2022,부산광역시,전라남도,석회석광물,359426
2022,부산광역시,전라남도,비금속광물,323856
2022,부산광역시,전라남도,음식료품,29903
2022,부산광역시,전라남도,담배제품,0
2022,부산광역시,전라남도,섬유제품,3477
2022,부산광역시,전라남도,의복,4463
2022,부산광역시,전라남도,가죽,416
2022,부산광역시,전라남도,"목재,나무제품",3213
2022,부산광역시,전라남도,"펄프,종이",1284
2022,부산광역시,전라남도,"인쇄,기록매체",560
2022,부산광역시,전라남도,"코크스,연탄,석유정제품",50230
2022,부산광역시,전라남도,"화합물,화학제품",24309
2022,부산광역시,전라남도,"고무,플라스틱제품",10190
2022,부산광역시,전라남도,비금속광물제품,234316
2022,부산광역시,전라남도,제1차금속제품,166765
2022,부산광역시,전라남도,금속가공제품,23448
2022,부산광역시,전라남도,"기타기계,장비제조품",22060
2022,부산광역시,전라남도,"전자부품,컴퓨터,영상,음향,통신장비",301
2022,부산광역시,전라남도,전기장비제품,3600
2022,부산광역시,전라남도,"의료,정밀,광학기기,시계",1282
2022,부산광역시,전라남도,"자동차,트레일러",2846
2022,부산광역시,전라남도,기타운송장비,7996
2022,부산광역시,전라남도,가구제품,1798
2022,부산광역시,전라남도,기타제품,534
2022,부산광역시,전라남도,*) 재생제품,74508
2022,부산광역시,전라남도,*) 기타,866211
2022,부산광역시,경상북도,합계,11148534
2022,부산광역시,경상북도,농산물,82791
2022,부산광역시,경상북도,임산물,649
2022,부산광역시,경상북도,수산물,15540
2022,부산광역시,경상북도,축산물,484
2022,부산광역시,경상북도,석탄광물,2973
2022,부산광역시,경상북도,석회석광물,0
2022,부산광역시,경상북도,비금속광물,775742
2022,부산광역시,경상북도,음식료품,45507
2022,부산광역시,경상북도,담배제품,0
2022,부산광역시,경상북도,섬유제품,9179
2022,부산광역시,경상북도,의복,18479
2022,부산광역시,경상북도,가죽,1003
2022,부산광역시,경상북도,"목재,나무제품",7089
2022,부산광역시,경상북도,"펄프,종이",4186
2022,부산광역시,경상북도,"인쇄,기록매체",1352
2022,부산광역시,경상북도,"코크스,연탄,석유정제품",9302
2022,부산광역시,경상북도,"화합물,화학제품",14647
2022,부산광역시,경상북도,"고무,플라스틱제품",61422
2022,부산광역시,경상북도,비금속광물제품,932002
2022,부산광역시,경상북도,제1차금속제품,279226
2022,부산광역시,경상북도,금속가공제품,65099
2022,부산광역시,경상북도,"기타기계,장비제조품",29750
2022,부산광역시,경상북도,"전자부품,컴퓨터,영상,음향,통신장비",13445
2022,부산광역시,경상북도,전기장비제품,15843
2022,부산광역시,경상북도,"의료,정밀,광학기기,시계",4263
2022,부산광역시,경상북도,"자동차,트레일러",13879
2022,부산광역시,경상북도,기타운송장비,673
2022,부산광역시,경상북도,가구제품,4322
2022,부산광역시,경상북도,기타제품,1577
2022,부산광역시,경상북도,*) 재생제품,181698
2022,부산광역시,경상북도,*) 기타,8556412
2022,부산광역시,경상남도,합계,20674959
2022,부산광역시,경상남도,농산물,264854
2022,부산광역시,경상남도,임산물,1019
2022,부산광역시,경상남도,수산물,60220
2022,부산광역시,경상남도,축산물,370
2022,부산광역시,경상남도,석탄광물,1108
2022,부산광역시,경상남도,석회석광물,1380831
2022,부산광역시,경상남도,비금속광물,1377571
2022,부산광역시,경상남도,음식료품,189159
2022,부산광역시,경상남도,담배제품,1
2022,부산광역시,경상남도,섬유제품,27897
2022,부산광역시,경상남도,의복,21849
2022,부산광역시,경상남도,가죽,3050
2022,부산광역시,경상남도,"목재,나무제품",21364
2022,부산광역시,경상남도,"펄프,종이",21149
2022,부산광역시,경상남도,"인쇄,기록매체",3368
2022,부산광역시,경상남도,"코크스,연탄,석유정제품",860917
2022,부산광역시,경상남도,"화합물,화학제품",26622
2022,부산광역시,경상남도,"고무,플라스틱제품",135613
2022,부산광역시,경상남도,비금속광물제품,1902826
2022,부산광역시,경상남도,제1차금속제품,796460
2022,부산광역시,경상남도,금속가공제품,350486
2022,부산광역시,경상남도,"기타기계,장비제조품",175409
2022,부산광역시,경상남도,"전자부품,컴퓨터,영상,음향,통신장비",2589
2022,부산광역시,경상남도,전기장비제품,52469
2022,부산광역시,경상남도,"의료,정밀,광학기기,시계",6462
2022,부산광역시,경상남도,"자동차,트레일러",553321
2022,부산광역시,경상남도,기타운송장비,90684
2022,부산광역시,경상남도,가구제품,13128
2022,부산광역시,경상남도,기타제품,11535
2022,부산광역시,경상남도,*) 재생제품,712235
2022,부산광역시,경상남도,*) 기타,11610393
2022,부산광역시,제주특별자치도,합계,0
2022,부산광역시,제주특별자치도,농산물,0
2022,부산광역시,제주특별자치도,임산물,0
2022,부산광역시,제주특별자치도,수산물,0
2022,부산광역시,제주특별자치도,축산물,0
2022,부산광역시,제주특별자치도,석탄광물,0
2022,부산광역시,제주특별자치도,석회석광물,0
2022,부산광역시,제주특별자치도,비금속광물,0
2022,부산광역시,제주특별자치도,음식료품,0
2022,부산광역시,제주특별자치도,담배제품,0
2022,부산광역시,제주특별자치도,섬유제품,0
2022,부산광역시,제주특별자치도,의복,0
2022,부산광역시,제주특별자치도,가죽,0
2022,부산광역시,제주특별자치도,"목재,나무제품",0
2022,부산광역시,제주특별자치도,"펄프,종이",0
2022,부산광역시,제주특별자치도,"인쇄,기록매체",0
2022,부산광역시,제주특별자치도,"코크스,연탄,석유정제품",0
2022,부산광역시,제주특별자치도,"화합물,화학제품",0
2022,부산광역시,제주특별자치도,"고무,플라스틱제품",0
2022,부산광역시,제주특별자치도,비금속광물제품,0
2022,부산광역시,제주특별자치도,제1차금속제품,0
2022,부산광역시,제주특별자치도,금속가공제품,0
2022,부산광역시,제주특별자치도,"기타기계,장비제조품",0
2022,부산광역시,제주특별자치도,"전자부품,컴퓨터,영상,음향,통신장비",0
2022,부산광역시,제주특별자치도,전기장비제품,0
2022,부산광역시,제주특별자치도,"의료,정밀,광학기기,시계",0
2022,부산광역시,제주특별자치도,"자동차,트레일러",0
2022,부산광역시,제주특별자치도,기타운송장비,0
2022,부산광역시,제주특별자치도,가구제품,0
2022,부산광역시,제주특별자치도,기타제품,0
2022,부산광역시,제주특별자치도,*) 재생제품,0
2022,부산광역시,제주특별자치도,*) 기타,0
2022,부산광역시,세종특별자치시,합계,367651
2022,부산광역시,세종특별자치시,농산물,410
2022,부산광역시,세종특별자치시,임산물,24
2022,부산광역시,세종특별자치시,수산물,259
2022,부산광역시,세종특별자치시,축산물,12
2022,부산광역시,세종특별자치시,석탄광물,0
2022,부산광역시,세종특별자치시,석회석광물,0
2022,부산광역시,세종특별자치시,비금속광물,28735
2022,부산광역시,세종특별자치시,음식료품,1714
2022,부산광역시,세종특별자치시,담배제품,0
2022,부산광역시,세종특별자치시,섬유제품,224
2022,부산광역시,세종특별자치시,의복,264
2022,부산광역시,세종특별자치시,가죽,19
2022,부산광역시,세종특별자치시,"목재,나무제품",152
2022,부산광역시,세종특별자치시,"펄프,종이",166
2022,부산광역시,세종특별자치시,"인쇄,기록매체",90
2022,부산광역시,세종특별자치시,"코크스,연탄,석유정제품",167
2022,부산광역시,세종특별자치시,"화합물,화학제품",408
2022,부산광역시,세종특별자치시,"고무,플라스틱제품",1946
2022,부산광역시,세종특별자치시,비금속광물제품,22469
2022,부산광역시,세종특별자치시,제1차금속제품,1884
2022,부산광역시,세종특별자치시,금속가공제품,828
2022,부산광역시,세종특별자치시,"기타기계,장비제조품",534
2022,부산광역시,세종특별자치시,"전자부품,컴퓨터,영상,음향,통신장비",53
2022,부산광역시,세종특별자치시,전기장비제품,399
2022,부산광역시,세종특별자치시,"의료,정밀,광학기기,시계",223
2022,부산광역시,세종특별자치시,"자동차,트레일러",319
2022,부산광역시,세종특별자치시,기타운송장비,14
2022,부산광역시,세종특별자치시,가구제품,135
2022,부산광역시,세종특별자치시,기타제품,21
2022,부산광역시,세종특별자치시,*) 재생제품,2700
2022,부산광역시,세종특별자치시,*) 기타,303482
2022,대구광역시,서울특별시,합계,468188
2022,대구광역시,서울특별시,농산물,6456
2022,대구광역시,서울특별시,임산물,329
2022,대구광역시,서울특별시,수산물,4
2022,대구광역시,서울특별시,축산물,126
2022,대구광역시,서울특별시,석탄광물,0
2022,대구광역시,서울특별시,석회석광물,0
2022,대구광역시,서울특별시,비금속광물,10305
2022,대구광역시,서울특별시,음식료품,17996
2022,대구광역시,서울특별시,담배제품,0
2022,대구광역시,서울특별시,섬유제품,263079
2022,대구광역시,서울특별시,의복,4136
2022,대구광역시,서울특별시,가죽,876
2022,대구광역시,서울특별시,"목재,나무제품",1005
2022,대구광역시,서울특별시,"펄프,종이",4424
2022,대구광역시,서울특별시,"인쇄,기록매체",3986
2022,대구광역시,서울특별시,"코크스,연탄,석유정제품",436
2022,대구광역시,서울특별시,"화합물,화학제품",197
2022,대구광역시,서울특별시,"고무,플라스틱제품",10453
2022,대구광역시,서울특별시,비금속광물제품,42461
2022,대구광역시,서울특별시,제1차금속제품,3405
2022,대구광역시,서울특별시,금속가공제품,29377
2022,대구광역시,서울특별시,"기타기계,장비제조품",24583
2022,대구광역시,서울특별시,"전자부품,컴퓨터,영상,음향,통신장비",408
2022,대구광역시,서울특별시,전기장비제품,4637
2022,대구광역시,서울특별시,"의료,정밀,광학기기,시계",2602
2022,대구광역시,서울특별시,"자동차,트레일러",24155
2022,대구광역시,서울특별시,기타운송장비,194
2022,대구광역시,서울특별시,가구제품,1482
2022,대구광역시,서울특별시,기타제품,572
2022,대구광역시,서울특별시,*) 재생제품,10504
2022,대구광역시,서울특별시,*) 기타,0
2022,대구광역시,부산광역시,합계,3145496
2022,대구광역시,부산광역시,농산물,5839
2022,대구광역시,부산광역시,임산물,370
2022,대구광역시,부산광역시,수산물,17
2022,대구광역시,부산광역시,축산물,112
2022,대구광역시,부산광역시,석탄광물,0
2022,대구광역시,부산광역시,석회석광물,0
2022,대구광역시,부산광역시,비금속광물,47795
2022,대구광역시,부산광역시,음식료품,30574
2022,대구광역시,부산광역시,담배제품,0
2022,대구광역시,부산광역시,섬유제품,48299
2022,대구광역시,부산광역시,의복,1915
2022,대구광역시,부산광역시,가죽,1219
2022,대구광역시,부산광역시,"목재,나무제품",3501
2022,대구광역시,부산광역시,"펄프,종이",13241
2022,대구광역시,부산광역시,"인쇄,기록매체",3752
2022,대구광역시,부산광역시,"코크스,연탄,석유정제품",359
2022,대구광역시,부산광역시,"화합물,화학제품",863
2022,대구광역시,부산광역시,"고무,플라스틱제품",15368
2022,대구광역시,부산광역시,비금속광물제품,273950
2022,대구광역시,부산광역시,제1차금속제품,34182
2022,대구광역시,부산광역시,금속가공제품,75392
2022,대구광역시,부산광역시,"기타기계,장비제조품",34662
2022,대구광역시,부산광역시,"전자부품,컴퓨터,영상,음향,통신장비",1155
2022,대구광역시,부산광역시,전기장비제품,5050
2022,대구광역시,부산광역시,"의료,정밀,광학기기,시계",2483
2022,대구광역시,부산광역시,"자동차,트레일러",26988
2022,대구광역시,부산광역시,기타운송장비,512
2022,대구광역시,부산광역시,가구제품,1280
2022,대구광역시,부산광역시,기타제품,1203
2022,대구광역시,부산광역시,*) 재생제품,145850
2022,대구광역시,부산광역시,*) 기타,2369565
2022,대구광역시,대구광역시,합계,6534817
2022,대구광역시,대구광역시,농산물,37958
2022,대구광역시,대구광역시,임산물,1376
2022,대구광역시,대구광역시,수산물,4
2022,대구광역시,대구광역시,축산물,1176
2022,대구광역시,대구광역시,석탄광물,0
2022,대구광역시,대구광역시,석회석광물,0
2022,대구광역시,대구광역시,비금속광물,540568
2022,대구광역시,대구광역시,음식료품,215272
2022,대구광역시,대구광역시,담배제품,0
2022,대구광역시,대구광역시,섬유제품,173301
2022,대구광역시,대구광역시,의복,19467
2022,대구광역시,대구광역시,가죽,939
2022,대구광역시,대구광역시,"목재,나무제품",8591
2022,대구광역시,대구광역시,"펄프,종이",230360
2022,대구광역시,대구광역시,"인쇄,기록매체",19485
2022,대구광역시,대구광역시,"코크스,연탄,석유정제품",1202
2022,대구광역시,대구광역시,"화합물,화학제품",5536
2022,대구광역시,대구광역시,"고무,플라스틱제품",111472
2022,대구광역시,대구광역시,비금속광물제품,2059563
2022,대구광역시,대구광역시,제1차금속제품,137785
2022,대구광역시,대구광역시,금속가공제품,509336
2022,대구광역시,대구광역시,"기타기계,장비제조품",236291
2022,대구광역시,대구광역시,"전자부품,컴퓨터,영상,음향,통신장비",8850
2022,대구광역시,대구광역시,전기장비제품,38370
2022,대구광역시,대구광역시,"의료,정밀,광학기기,시계",23756
2022,대구광역시,대구광역시,"자동차,트레일러",174873
2022,대구광역시,대구광역시,기타운송장비,386
2022,대구광역시,대구광역시,가구제품,5879
2022,대구광역시,대구광역시,기타제품,9162
2022,대구광역시,대구광역시,*) 재생제품,1963859
2022,대구광역시,대구광역시,*) 기타,0
2022,대구광역시,인천광역시,합계,441329
2022,대구광역시,인천광역시,농산물,3066
2022,대구광역시,인천광역시,임산물,340
2022,대구광역시,인천광역시,수산물,2
2022,대구광역시,인천광역시,축산물,37
2022,대구광역시,인천광역시,석탄광물,0
2022,대구광역시,인천광역시,석회석광물,0
2022,대구광역시,인천광역시,비금속광물,20094
2022,대구광역시,인천광역시,음식료품,6246
2022,대구광역시,인천광역시,담배제품,0
2022,대구광역시,인천광역시,섬유제품,16961
2022,대구광역시,인천광역시,의복,473
2022,대구광역시,인천광역시,가죽,127
2022,대구광역시,인천광역시,"목재,나무제품",1562
2022,대구광역시,인천광역시,"펄프,종이",1221
2022,대구광역시,인천광역시,"인쇄,기록매체",840
2022,대구광역시,인천광역시,"코크스,연탄,석유정제품",347
2022,대구광역시,인천광역시,"화합물,화학제품",285
2022,대구광역시,인천광역시,"고무,플라스틱제품",7969
2022,대구광역시,인천광역시,비금속광물제품,48769
2022,대구광역시,인천광역시,제1차금속제품,4987
2022,대구광역시,인천광역시,금속가공제품,25939
2022,대구광역시,인천광역시,"기타기계,장비제조품",23658
2022,대구광역시,인천광역시,"전자부품,컴퓨터,영상,음향,통신장비",227
2022,대구광역시,인천광역시,전기장비제품,2840
2022,대구광역시,인천광역시,"의료,정밀,광학기기,시계",1279
2022,대구광역시,인천광역시,"자동차,트레일러",21682
2022,대구광역시,인천광역시,기타운송장비,146
2022,대구광역시,인천광역시,가구제품,370
2022,대구광역시,인천광역시,기타제품,171
2022,대구광역시,인천광역시,*) 재생제품,7261
2022,대구광역시,인천광역시,*) 기타,244430
2022,대구광역시,광주광역시,합계,216892
2022,대구광역시,광주광역시,농산물,1284
2022,대구광역시,광주광역시,임산물,70
2022,대구광역시,광주광역시,수산물,0
2022,대구광역시,광주광역시,축산물,50
2022,대구광역시,광주광역시,석탄광물,0
2022,대구광역시,광주광역시,석회석광물,0
2022,대구광역시,광주광역시,비금속광물,9091
2022,대구광역시,광주광역시,음식료품,5192
2022,대구광역시,광주광역시,담배제품,0
2022,대구광역시,광주광역시,섬유제품,14775
2022,대구광역시,광주광역시,의복,691
2022,대구광역시,광주광역시,가죽,66
2022,대구광역시,광주광역시,"목재,나무제품",667
2022,대구광역시,광주광역시,"펄프,종이",3337
2022,대구광역시,광주광역시,"인쇄,기록매체",1128
2022,대구광역시,광주광역시,"코크스,연탄,석유정제품",83
2022,대구광역시,광주광역시,"화합물,화학제품",212
2022,대구광역시,광주광역시,"고무,플라스틱제품",5887
2022,대구광역시,광주광역시,비금속광물제품,83776
2022,대구광역시,광주광역시,제1차금속제품,8807
2022,대구광역시,광주광역시,금속가공제품,30046
2022,대구광역시,광주광역시,"기타기계,장비제조품",13359
2022,대구광역시,광주광역시,"전자부품,컴퓨터,영상,음향,통신장비",213
2022,대구광역시,광주광역시,전기장비제품,3292
2022,대구광역시,광주광역시,"의료,정밀,광학기기,시계",1064
2022,대구광역시,광주광역시,"자동차,트레일러",5697
2022,대구광역시,광주광역시,기타운송장비,16
2022,대구광역시,광주광역시,가구제품,604
2022,대구광역시,광주광역시,기타제품,426
2022,대구광역시,광주광역시,*) 재생제품,27059
2022,대구광역시,광주광역시,*) 기타,0
2022,대구광역시,대전광역시,합계,188609
2022,대구광역시,대전광역시,농산물,1849
2022,대구광역시,대전광역시,임산물,76
2022,대구광역시,대전광역시,수산물,1
2022,대구광역시,대전광역시,축산물,48
2022,대구광역시,대전광역시,석탄광물,0
2022,대구광역시,대전광역시,석회석광물,0
2022,대구광역시,대전광역시,비금속광물,14241
2022,대구광역시,대전광역시,음식료품,5655
2022,대구광역시,대전광역시,담배제품,0
2022,대구광역시,대전광역시,섬유제품,12539
2022,대구광역시,대전광역시,의복,598
2022,대구광역시,대전광역시,가죽,56
2022,대구광역시,대전광역시,"목재,나무제품",403
2022,대구광역시,대전광역시,"펄프,종이",5050
2022,대구광역시,대전광역시,"인쇄,기록매체",1533
2022,대구광역시,대전광역시,"코크스,연탄,석유정제품",66
2022,대구광역시,대전광역시,"화합물,화학제품",276
2022,대구광역시,대전광역시,"고무,플라스틱제품",9426
2022,대구광역시,대전광역시,비금속광물제품,70197
2022,대구광역시,대전광역시,제1차금속제품,4011
2022,대구광역시,대전광역시,금속가공제품,15983
2022,대구광역시,대전광역시,"기타기계,장비제조품",13504
2022,대구광역시,대전광역시,"전자부품,컴퓨터,영상,음향,통신장비",390
2022,대구광역시,대전광역시,전기장비제품,1525
2022,대구광역시,대전광역시,"의료,정밀,광학기기,시계",693
2022,대구광역시,대전광역시,"자동차,트레일러",4471
2022,대구광역시,대전광역시,기타운송장비,57
2022,대구광역시,대전광역시,가구제품,321
2022,대구광역시,대전광역시,기타제품,99
2022,대구광역시,대전광역시,*) 재생제품,25541
2022,대구광역시,대전광역시,*) 기타,0
2022,대구광역시,울산광역시,합계,1102512
2022,대구광역시,울산광역시,농산물,2551
2022,대구광역시,울산광역시,임산물,199
2022,대구광역시,울산광역시,수산물,0
2022,대구광역시,울산광역시,축산물,39
2022,대구광역시,울산광역시,석탄광물,0
2022,대구광역시,울산광역시,석회석광물,0
2022,대구광역시,울산광역시,비금속광물,55307
2022,대구광역시,울산광역시,음식료품,12614
2022,대구광역시,울산광역시,담배제품,0
2022,대구광역시,울산광역시,섬유제품,16834
2022,대구광역시,울산광역시,의복,1295
2022,대구광역시,울산광역시,가죽,119
2022,대구광역시,울산광역시,"목재,나무제품",2551
2022,대구광역시,울산광역시,"펄프,종이",15246
2022,대구광역시,울산광역시,"인쇄,기록매체",4278
2022,대구광역시,울산광역시,"코크스,연탄,석유정제품",4663
2022,대구광역시,울산광역시,"화합물,화학제품",5845
2022,대구광역시,울산광역시,"고무,플라스틱제품",22653
2022,대구광역시,울산광역시,비금속광물제품,433838
2022,대구광역시,울산광역시,제1차금속제품,77503
2022,대구광역시,울산광역시,금속가공제품,176148
2022,대구광역시,울산광역시,"기타기계,장비제조품",77542
2022,대구광역시,울산광역시,"전자부품,컴퓨터,영상,음향,통신장비",837
2022,대구광역시,울산광역시,전기장비제품,14593
2022,대구광역시,울산광역시,"의료,정밀,광학기기,시계",3871
2022,대구광역시,울산광역시,"자동차,트레일러",53854
2022,대구광역시,울산광역시,기타운송장비,1692
2022,대구광역시,울산광역시,가구제품,2127
2022,대구광역시,울산광역시,기타제품,1662
2022,대구광역시,울산광역시,*) 재생제품,114651
2022,대구광역시,울산광역시,*) 기타,0
2022,대구광역시,경기도,합계,1401700
2022,대구광역시,경기도,농산물,15460
2022,대구광역시,경기도,임산물,788
2022,대구광역시,경기도,수산물,10
2022,대구광역시,경기도,축산물,790
2022,대구광역시,경기도,석탄광물,0
2022,대구광역시,경기도,석회석광물,0
2022,대구광역시,경기도,비금속광물,95137
2022,대구광역시,경기도,음식료품,39834
2022,대구광역시,경기도,담배제품,0
2022,대구광역시,경기도,섬유제품,114870
2022,대구광역시,경기도,의복,3434
2022,대구광역시,경기도,가죽,1106
2022,대구광역시,경기도,"목재,나무제품",6076
2022,대구광역시,경기도,"펄프,종이",8941
2022,대구광역시,경기도,"인쇄,기록매체",6427
2022,대구광역시,경기도,"코크스,연탄,석유정제품",566
2022,대구광역시,경기도,"화합물,화학제품",1272
2022,대구광역시,경기도,"고무,플라스틱제품",52120
2022,대구광역시,경기도,비금속광물제품,554887
2022,대구광역시,경기도,제1차금속제품,35836
2022,대구광역시,경기도,금속가공제품,138265
2022,대구광역시,경기도,"기타기계,장비제조품",143936
2022,대구광역시,경기도,"전자부품,컴퓨터,영상,음향,통신장비",5264
2022,대구광역시,경기도,전기장비제품,17555
2022,대구광역시,경기도,"의료,정밀,광학기기,시계",11493
2022,대구광역시,경기도,"자동차,트레일러",81398
2022,대구광역시,경기도,기타운송장비,462
2022,대구광역시,경기도,가구제품,2515
2022,대구광역시,경기도,기타제품,952
2022,대구광역시,경기도,*) 재생제품,45200
2022,대구광역시,경기도,*) 기타,17106
2022,대구광역시,강원특별자치도,합계,266579
2022,대구광역시,강원특별자치도,농산물,3585
2022,대구광역시,강원특별자치도,임산물,379
2022,대구광역시,강원특별자치도,수산물,5
2022,대구광역시,강원특별자치도,축산물,250
2022,대구광역시,강원특별자치도,석탄광물,0
2022,대구광역시,강원특별자치도,석회석광물,0
2022,대구광역시,강원특별자치도,비금속광물,81632
2022,대구광역시,강원특별자치도,음식료품,9131
2022,대구광역시,강원특별자치도,담배제품,0
2022,대구광역시,강원특별자치도,섬유제품,9204
2022,대구광역시,강원특별자치도,의복,359
2022,대구광역시,강원특별자치도,가죽,42
2022,대구광역시,강원특별자치도,"목재,나무제품",310
2022,대구광역시,강원특별자치도,"펄프,종이",1320
2022,대구광역시,강원특별자치도,"인쇄,기록매체",452
2022,대구광역시,강원특별자치도,"코크스,연탄,석유정제품",82
2022,대구광역시,강원특별자치도,"화합물,화학제품",115
2022,대구광역시,강원특별자치도,"고무,플라스틱제품",3881
2022,대구광역시,강원특별자치도,비금속광물제품,109456
2022,대구광역시,강원특별자치도,제1차금속제품,2691
2022,대구광역시,강원특별자치도,금속가공제품,15652
2022,대구광역시,강원특별자치도,"기타기계,장비제조품",5068
2022,대구광역시,강원특별자치도,"전자부품,컴퓨터,영상,음향,통신장비",101
2022,대구광역시,강원특별자치도,전기장비제품,943
2022,대구광역시,강원특별자치도,"의료,정밀,광학기기,시계",1344
2022,대구광역시,강원특별자치도,"자동차,트레일러",7355
2022,대구광역시,강원특별자치도,기타운송장비,219
2022,대구광역시,강원특별자치도,가구제품,197
2022,대구광역시,강원특별자치도,기타제품,119
2022,대구광역시,강원특별자치도,*) 재생제품,12649
2022,대구광역시,강원특별자치도,*) 기타,38
2022,대구광역시,충청북도,합계,565484
2022,대구광역시,충청북도,농산물,6492
2022,대구광역시,충청북도,임산물,340
2022,대구광역시,충청북도,수산물,1
2022,대구광역시,충청북도,축산물,959
2022,대구광역시,충청북도,석탄광물,0
2022,대구광역시,충청북도,석회석광물,0
2022,대구광역시,충청북도,비금속광물,89307
2022,대구광역시,충청북도,음식료품,24530
2022,대구광역시,충청북도,담배제품,0
2022,대구광역시,충청북도,섬유제품,19074
2022,대구광역시,충청북도,의복,821
2022,대구광역시,충청북도,가죽,128
2022,대구광역시,충청북도,"목재,나무제품",1692
2022,대구광역시,충청북도,"펄프,종이",4992
2022,대구광역시,충청북도,"인쇄,기록매체",1940
2022,대구광역시,충청북도,"코크스,연탄,석유정제품",79
2022,대구광역시,충청북도,"화합물,화학제품",725
2022,대구광역시,충청북도,"고무,플라스틱제품",18229
2022,대구광역시,충청북도,비금속광물제품,263991
2022,대구광역시,충청북도,제1차금속제품,15031
2022,대구광역시,충청북도,금속가공제품,42542
2022,대구광역시,충청북도,"기타기계,장비제조품",23209
2022,대구광역시,충청북도,"전자부품,컴퓨터,영상,음향,통신장비",1853
2022,대구광역시,충청북도,전기장비제품,4937
2022,대구광역시,충청북도,"의료,정밀,광학기기,시계",3051
2022,대구광역시,충청북도,"자동차,트레일러",9508
2022,대구광역시,충청북도,기타운송장비,115
2022,대구광역시,충청북도,가구제품,763
2022,대구광역시,충청북도,기타제품,402
2022,대구광역시,충청북도,*) 재생제품,30773
2022,대구광역시,충청북도,*) 기타,0
2022,대구광역시,충청남도,합계,815191
2022,대구광역시,충청남도,농산물,7914
2022,대구광역시,충청남도,임산물,315
2022,대구광역시,충청남도,수산물,3
2022,대구광역시,충청남도,축산물,388
2022,대구광역시,충청남도,석탄광물,0
2022,대구광역시,충청남도,석회석광물,0
2022,대구광역시,충청남도,비금속광물,64706
2022,대구광역시,충청남도,음식료품,21118
2022,대구광역시,충청남도,담배제품,0
2022,대구광역시,충청남도,섬유제품,24652
2022,대구광역시,충청남도,의복,951
2022,대구광역시,충청남도,가죽,99
2022,대구광역시,충청남도,"목재,나무제품",1866
2022,대구광역시,충청남도,"펄프,종이",5256
2022,대구광역시,충청남도,"인쇄,기록매체",1500
2022,대구광역시,충청남도,"코크스,연탄,석유정제품",772
2022,대구광역시,충청남도,"화합물,화학제품",1536
2022,대구광역시,충청남도,"고무,플라스틱제품",25079
2022,대구광역시,충청남도,비금속광물제품,444136
2022,대구광역시,충청남도,제1차금속제품,33557
2022,대구광역시,충청남도,금속가공제품,59184
2022,대구광역시,충청남도,"기타기계,장비제조품",45510
2022,대구광역시,충청남도,"전자부품,컴퓨터,영상,음향,통신장비",3469
2022,대구광역시,충청남도,전기장비제품,7510
2022,대구광역시,충청남도,"의료,정밀,광학기기,시계",3186
2022,대구광역시,충청남도,"자동차,트레일러",28189
2022,대구광역시,충청남도,기타운송장비,153
2022,대구광역시,충청남도,가구제품,1298
2022,대구광역시,충청남도,기타제품,476
2022,대구광역시,충청남도,*) 재생제품,32368
2022,대구광역시,충청남도,*) 기타,0
2022,대구광역시,전북특별자치도,합계,397779
2022,대구광역시,전북특별자치도,농산물,6330
2022,대구광역시,전북특별자치도,임산물,382
2022,대구광역시,전북특별자치도,수산물,1
2022,대구광역시,전북특별자치도,축산물,786
2022,대구광역시,전북특별자치도,석탄광물,0
2022,대구광역시,전북특별자치도,석회석광물,0
2022,대구광역시,전북특별자치도,비금속광물,59686
2022,대구광역시,전북특별자치도,음식료품,20431
2022,대구광역시,전북특별자치도,담배제품,0
2022,대구광역시,전북특별자치도,섬유제품,21051
2022,대구광역시,전북특별자치도,의복,847
2022,대구광역시,전북특별자치도,가죽,71
2022,대구광역시,전북특별자치도,"목재,나무제품",1187
2022,대구광역시,전북특별자치도,"펄프,종이",6579
2022,대구광역시,전북특별자치도,"인쇄,기록매체",1002
2022,대구광역시,전북특별자치도,"코크스,연탄,석유정제품",168
2022,대구광역시,전북특별자치도,"화합물,화학제품",612
2022,대구광역시,전북특별자치도,"고무,플라스틱제품",8342
2022,대구광역시,전북특별자치도,비금속광물제품,137357
2022,대구광역시,전북특별자치도,제1차금속제품,14140
2022,대구광역시,전북특별자치도,금속가공제품,29462
2022,대구광역시,전북특별자치도,"기타기계,장비제조품",18670
2022,대구광역시,전북특별자치도,"전자부품,컴퓨터,영상,음향,통신장비",257
2022,대구광역시,전북특별자치도,전기장비제품,2199
2022,대구광역시,전북특별자치도,"의료,정밀,광학기기,시계",885
2022,대구광역시,전북특별자치도,"자동차,트레일러",21274
2022,대구광역시,전북특별자치도,기타운송장비,358
2022,대구광역시,전북특별자치도,가구제품,661
2022,대구광역시,전북특별자치도,기타제품,287
2022,대구광역시,전북특별자치도,*) 재생제품,35078
2022,대구광역시,전북특별자치도,*) 기타,9676
2022,대구광역시,전라남도,합계,645258
2022,대구광역시,전라남도,농산물,6523
2022,대구광역시,전라남도,임산물,431
2022,대구광역시,전라남도,수산물,5
2022,대구광역시,전라남도,축산물,220
2022,대구광역시,전라남도,석탄광물,0
2022,대구광역시,전라남도,석회석광물,0
2022,대구광역시,전라남도,비금속광물,104494
2022,대구광역시,전라남도,음식료품,17786
2022,대구광역시,전라남도,담배제품,0
2022,대구광역시,전라남도,섬유제품,19079
2022,대구광역시,전라남도,의복,896
2022,대구광역시,전라남도,가죽,77
2022,대구광역시,전라남도,"목재,나무제품",1775
2022,대구광역시,전라남도,"펄프,종이",5074
2022,대구광역시,전라남도,"인쇄,기록매체",1557
2022,대구광역시,전라남도,"코크스,연탄,석유정제품",2103
2022,대구광역시,전라남도,"화합물,화학제품",3437
2022,대구광역시,전라남도,"고무,플라스틱제품",7318
2022,대구광역시,전라남도,비금속광물제품,276364
2022,대구광역시,전라남도,제1차금속제품,49220
2022,대구광역시,전라남도,금속가공제품,45278
2022,대구광역시,전라남도,"기타기계,장비제조품",32854
2022,대구광역시,전라남도,"전자부품,컴퓨터,영상,음향,통신장비",300
2022,대구광역시,전라남도,전기장비제품,2221
2022,대구광역시,전라남도,"의료,정밀,광학기기,시계",2118
2022,대구광역시,전라남도,"자동차,트레일러",3107
2022,대구광역시,전라남도,기타운송장비,961
2022,대구광역시,전라남도,가구제품,932
2022,대구광역시,전라남도,기타제품,616
2022,대구광역시,전라남도,*) 재생제품,59465
2022,대구광역시,전라남도,*) 기타,1047
2022,대구광역시,경상북도,합계,4299411
2022,대구광역시,경상북도,농산물,21368
2022,대구광역시,경상북도,임산물,1972
2022,대구광역시,경상북도,수산물,6
2022,대구광역시,경상북도,축산물,1432
2022,대구광역시,경상북도,석탄광물,0
2022,대구광역시,경상북도,석회석광물,0
2022,대구광역시,경상북도,비금속광물,320163
2022,대구광역시,경상북도,음식료품,58858
2022,대구광역시,경상북도,담배제품,0
2022,대구광역시,경상북도,섬유제품,87245
2022,대구광역시,경상북도,의복,6266
2022,대구광역시,경상북도,가죽,314
2022,대구광역시,경상북도,"목재,나무제품",7084
2022,대구광역시,경상북도,"펄프,종이",39075
2022,대구광역시,경상북도,"인쇄,기록매체",6678
2022,대구광역시,경상북도,"코크스,연탄,석유정제품",690
2022,대구광역시,경상북도,"화합물,화학제품",3885
2022,대구광역시,경상북도,"고무,플라스틱제품",86284
2022,대구광역시,경상북도,비금속광물제품,2646718
2022,대구광역시,경상북도,제1차금속제품,161467
2022,대구광역시,경상북도,금속가공제품,244491
2022,대구광역시,경상북도,"기타기계,장비제조품",83675
2022,대구광역시,경상북도,"전자부품,컴퓨터,영상,음향,통신장비",26823
2022,대구광역시,경상북도,전기장비제품,21064
2022,대구광역시,경상북도,"의료,정밀,광학기기,시계",12878
2022,대구광역시,경상북도,"자동차,트레일러",54499
2022,대구광역시,경상북도,기타운송장비,149
2022,대구광역시,경상북도,가구제품,3934
2022,대구광역시,경상북도,기타제품,4092
2022,대구광역시,경상북도,*) 재생제품,398301
2022,대구광역시,경상북도,*) 기타,0
2022,대구광역시,경상남도,합계,2396749
2022,대구광역시,경상남도,농산물,14237
2022,대구광역시,경상남도,임산물,1092
2022,대구광역시,경상남도,수산물,12
2022,대구광역시,경상남도,축산물,553
2022,대구광역시,경상남도,석탄광물,0
2022,대구광역시,경상남도,석회석광물,0
2022,대구광역시,경상남도,비금속광물,141736
2022,대구광역시,경상남도,음식료품,61549
2022,대구광역시,경상남도,담배제품,0
2022,대구광역시,경상남도,섬유제품,57546
2022,대구광역시,경상남도,의복,3153
2022,대구광역시,경상남도,가죽,387
2022,대구광역시,경상남도,"목재,나무제품",6557
2022,대구광역시,경상남도,"펄프,종이",36975
2022,대구광역시,경상남도,"인쇄,기록매체",6083
2022,대구광역시,경상남도,"코크스,연탄,석유정제품",584
2022,대구광역시,경상남도,"화합물,화학제품",1988
2022,대구광역시,경상남도,"고무,플라스틱제품",58352
2022,대구광역시,경상남도,비금속광물제품,1029914
2022,대구광역시,경상남도,제1차금속제품,96269
2022,대구광역시,경상남도,금속가공제품,364990
2022,대구광역시,경상남도,"기타기계,장비제조품",146796
2022,대구광역시,경상남도,"전자부품,컴퓨터,영상,음향,통신장비",1444
2022,대구광역시,경상남도,전기장비제품,19824
2022,대구광역시,경상남도,"의료,정밀,광학기기,시계",6851
2022,대구광역시,경상남도,"자동차,트레일러",53184
2022,대구광역시,경상남도,기타운송장비,6888
2022,대구광역시,경상남도,가구제품,4163
2022,대구광역시,경상남도,기타제품,3973
2022,대구광역시,경상남도,*) 재생제품,268412
2022,대구광역시,경상남도,*) 기타,3237
2022,대구광역시,제주특별자치도,합계,0
2022,대구광역시,제주특별자치도,농산물,0
2022,대구광역시,제주특별자치도,임산물,0
2022,대구광역시,제주특별자치도,수산물,0
2022,대구광역시,제주특별자치도,축산물,0
2022,대구광역시,제주특별자치도,석탄광물,0
2022,대구광역시,제주특별자치도,석회석광물,0
2022,대구광역시,제주특별자치도,비금속광물,0
2022,대구광역시,제주특별자치도,음식료품,0
2022,대구광역시,제주특별자치도,담배제품,0
2022,대구광역시,제주특별자치도,섬유제품,0
2022,대구광역시,제주특별자치도,의복,0
2022,대구광역시,제주특별자치도,가죽,0
2022,대구광역시,제주특별자치도,"목재,나무제품",0
2022,대구광역시,제주특별자치도,"펄프,종이",0
2022,대구광역시,제주특별자치도,"인쇄,기록매체",0
2022,대구광역시,제주특별자치도,"코크스,연탄,석유정제품",0
2022,대구광역시,제주특별자치도,"화합물,화학제품",0
2022,대구광역시,제주특별자치도,"고무,플라스틱제품",0
2022,대구광역시,제주특별자치도,비금속광물제품,0
2022,대구광역시,제주특별자치도,제1차금속제품,0
2022,대구광역시,제주특별자치도,금속가공제품,0
2022,대구광역시,제주특별자치도,"기타기계,장비제조품",0
2022,대구광역시,제주특별자치도,"전자부품,컴퓨터,영상,음향,통신장비",0
2022,대구광역시,제주특별자치도,전기장비제품,0
2022,대구광역시,제주특별자치도,"의료,정밀,광학기기,시계",0
2022,대구광역시,제주특별자치도,"자동차,트레일러",0
2022,대구광역시,제주특별자치도,기타운송장비,0
2022,대구광역시,제주특별자치도,가구제품,0
2022,대구광역시,제주특별자치도,기타제품,0
2022,대구광역시,제주특별자치도,*) 재생제품,0
2022,대구광역시,제주특별자치도,*) 기타,0
2022,대구광역시,세종특별자치시,합계,70865
2022,대구광역시,세종특별자치시,농산물,771
2022,대구광역시,세종특별자치시,임산물,52
2022,대구광역시,세종특별자치시,수산물,0
2022,대구광역시,세종특별자치시,축산물,30
2022,대구광역시,세종특별자치시,석탄광물,0
2022,대구광역시,세종특별자치시,석회석광물,0
2022,대구광역시,세종특별자치시,비금속광물,13153
2022,대구광역시,세종특별자치시,음식료품,1485
2022,대구광역시,세종특별자치시,담배제품,0
2022,대구광역시,세종특별자치시,섬유제품,1671
2022,대구광역시,세종특별자치시,의복,68
2022,대구광역시,세종특별자치시,가죽,4
2022,대구광역시,세종특별자치시,"목재,나무제품",112
2022,대구광역시,세종특별자치시,"펄프,종이",1004
2022,대구광역시,세종특별자치시,"인쇄,기록매체",336
2022,대구광역시,세종특별자치시,"코크스,연탄,석유정제품",9
2022,대구광역시,세종특별자치시,"화합물,화학제품",79
2022,대구광역시,세종특별자치시,"고무,플라스틱제품",1969
2022,대구광역시,세종특별자치시,비금속광물제품,40691
2022,대구광역시,세종특별자치시,제1차금속제품,783
2022,대구광역시,세종특별자치시,금속가공제품,2235
2022,대구광역시,세종특별자치시,"기타기계,장비제조품",1113
2022,대구광역시,세종특별자치시,"전자부품,컴퓨터,영상,음향,통신장비",76
2022,대구광역시,세종특별자치시,전기장비제품,380
2022,대구광역시,세종특별자치시,"의료,정밀,광학기기,시계",499
2022,대구광역시,세종특별자치시,"자동차,트레일러",836
2022,대구광역시,세종특별자치시,기타운송장비,2
2022,대구광역시,세종특별자치시,가구제품,93
2022,대구광역시,세종특별자치시,기타제품,36
2022,대구광역시,세종특별자치시,*) 재생제품,3378
2022,대구광역시,세종특별자치시,*) 기타,0
2022,인천광역시,서울특별시,합계,7007210
2022,인천광역시,서울특별시,농산물,32368
2022,인천광역시,서울특별시,임산물,437
2022,인천광역시,서울특별시,수산물,4530
2022,인천광역시,서울특별시,축산물,2424
2022,인천광역시,서울특별시,석탄광물,0
2022,인천광역시,서울특별시,석회석광물,243531
2022,인천광역시,서울특별시,비금속광물,246852
2022,인천광역시,서울특별시,음식료품,493013
2022,인천광역시,서울특별시,담배제품,0
2022,인천광역시,서울특별시,섬유제품,19391
2022,인천광역시,서울특별시,의복,1559
2022,인천광역시,서울특별시,가죽,2658
2022,인천광역시,서울특별시,"목재,나무제품",77155
2022,인천광역시,서울특별시,"펄프,종이",21362
2022,인천광역시,서울특별시,"인쇄,기록매체",6933
2022,인천광역시,서울특별시,"코크스,연탄,석유정제품",2849842
2022,인천광역시,서울특별시,"화합물,화학제품",34733
2022,인천광역시,서울특별시,"고무,플라스틱제품",28168
2022,인천광역시,서울특별시,비금속광물제품,1013337
2022,인천광역시,서울특별시,제1차금속제품,288728
2022,인천광역시,서울특별시,금속가공제품,170200
2022,인천광역시,서울특별시,"기타기계,장비제조품",64890
2022,인천광역시,서울특별시,"전자부품,컴퓨터,영상,음향,통신장비",7759
2022,인천광역시,서울특별시,전기장비제품,32958
2022,인천광역시,서울특별시,"의료,정밀,광학기기,시계",2065
2022,인천광역시,서울특별시,"자동차,트레일러",21601
2022,인천광역시,서울특별시,기타운송장비,482
2022,인천광역시,서울특별시,가구제품,36085
2022,인천광역시,서울특별시,기타제품,4027
2022,인천광역시,서울특별시,*) 재생제품,271310
2022,인천광역시,서울특별시,*) 기타,1028812
2022,인천광역시,부산광역시,합계,3481148
2022,인천광역시,부산광역시,농산물,2351
2022,인천광역시,부산광역시,임산물,59
2022,인천광역시,부산광역시,수산물,7045
2022,인천광역시,부산광역시,축산물,489
2022,인천광역시,부산광역시,석탄광물,0
2022,인천광역시,부산광역시,석회석광물,0
2022,인천광역시,부산광역시,비금속광물,66600
2022,인천광역시,부산광역시,음식료품,52408
2022,인천광역시,부산광역시,담배제품,0
2022,인천광역시,부산광역시,섬유제품,336
2022,인천광역시,부산광역시,의복,86
2022,인천광역시,부산광역시,가죽,471
2022,인천광역시,부산광역시,"목재,나무제품",32677
2022,인천광역시,부산광역시,"펄프,종이",2770
2022,인천광역시,부산광역시,"인쇄,기록매체",690
2022,인천광역시,부산광역시,"코크스,연탄,석유정제품",737
2022,인천광역시,부산광역시,"화합물,화학제품",14201
2022,인천광역시,부산광역시,"고무,플라스틱제품",3135
2022,인천광역시,부산광역시,비금속광물제품,268359
2022,인천광역시,부산광역시,제1차금속제품,231060
2022,인천광역시,부산광역시,금속가공제품,33739
2022,인천광역시,부산광역시,"기타기계,장비제조품",7467
2022,인천광역시,부산광역시,"전자부품,컴퓨터,영상,음향,통신장비",1385
2022,인천광역시,부산광역시,전기장비제품,2920
2022,인천광역시,부산광역시,"의료,정밀,광학기기,시계",173
2022,인천광역시,부산광역시,"자동차,트레일러",1194
2022,인천광역시,부산광역시,기타운송장비,143
2022,인천광역시,부산광역시,가구제품,3379
2022,인천광역시,부산광역시,기타제품,411
2022,인천광역시,부산광역시,*) 재생제품,128108
2022,인천광역시,부산광역시,*) 기타,2618755
2022,인천광역시,대구광역시,합계,594863
2022,인천광역시,대구광역시,농산물,1546
2022,인천광역시,대구광역시,임산물,33
2022,인천광역시,대구광역시,수산물,747
2022,인천광역시,대구광역시,축산물,1575
2022,인천광역시,대구광역시,석탄광물,0
2022,인천광역시,대구광역시,석회석광물,0
2022,인천광역시,대구광역시,비금속광물,67107
2022,인천광역시,대구광역시,음식료품,31252
2022,인천광역시,대구광역시,담배제품,0
2022,인천광역시,대구광역시,섬유제품,158
2022,인천광역시,대구광역시,의복,155
2022,인천광역시,대구광역시,가죽,66
2022,인천광역시,대구광역시,"목재,나무제품",23836
2022,인천광역시,대구광역시,"펄프,종이",3036
2022,인천광역시,대구광역시,"인쇄,기록매체",536
2022,인천광역시,대구광역시,"코크스,연탄,석유정제품",399
2022,인천광역시,대구광역시,"화합물,화학제품",11738
2022,인천광역시,대구광역시,"고무,플라스틱제품",2398
2022,인천광역시,대구광역시,비금속광물제품,114249
2022,인천광역시,대구광역시,제1차금속제품,102169
2022,인천광역시,대구광역시,금속가공제품,25324
2022,인천광역시,대구광역시,"기타기계,장비제조품",5309
2022,인천광역시,대구광역시,"전자부품,컴퓨터,영상,음향,통신장비",957
2022,인천광역시,대구광역시,전기장비제품,2508
2022,인천광역시,대구광역시,"의료,정밀,광학기기,시계",216
2022,인천광역시,대구광역시,"자동차,트레일러",605
2022,인천광역시,대구광역시,기타운송장비,17
2022,인천광역시,대구광역시,가구제품,2177
2022,인천광역시,대구광역시,기타제품,226
2022,인천광역시,대구광역시,*) 재생제품,87759
2022,인천광역시,대구광역시,*) 기타,108765
2022,인천광역시,인천광역시,합계,77559030
2022,인천광역시,인천광역시,농산물,3983359
2022,인천광역시,인천광역시,임산물,1177
2022,인천광역시,인천광역시,수산물,3566
2022,인천광역시,인천광역시,축산물,1205
2022,인천광역시,인천광역시,석탄광물,10815608
2022,인천광역시,인천광역시,석회석광물,1244071
2022,인천광역시,인천광역시,비금속광물,6182055
2022,인천광역시,인천광역시,음식료품,2084602
2022,인천광역시,인천광역시,담배제품,0
2022,인천광역시,인천광역시,섬유제품,19550
2022,인천광역시,인천광역시,의복,46423
2022,인천광역시,인천광역시,가죽,2450
2022,인천광역시,인천광역시,"목재,나무제품",2018004
2022,인천광역시,인천광역시,"펄프,종이",44796
2022,인천광역시,인천광역시,"인쇄,기록매체",5054
2022,인천광역시,인천광역시,"코크스,연탄,석유정제품",5932419
2022,인천광역시,인천광역시,"화합물,화학제품",2065064
2022,인천광역시,인천광역시,"고무,플라스틱제품",97531
2022,인천광역시,인천광역시,비금속광물제품,6202997
2022,인천광역시,인천광역시,제1차금속제품,6777444
2022,인천광역시,인천광역시,금속가공제품,636961
2022,인천광역시,인천광역시,"기타기계,장비제조품",614474
2022,인천광역시,인천광역시,"전자부품,컴퓨터,영상,음향,통신장비",25719
2022,인천광역시,인천광역시,전기장비제품,107868
2022,인천광역시,인천광역시,"의료,정밀,광학기기,시계",159842
2022,인천광역시,인천광역시,"자동차,트레일러",4749791
2022,인천광역시,인천광역시,기타운송장비,7329
2022,인천광역시,인천광역시,가구제품,28202
2022,인천광역시,인천광역시,기타제품,741075
2022,인천광역시,인천광역시,*) 재생제품,1218433
2022,인천광역시,인천광역시,*) 기타,21741961
2022,인천광역시,광주광역시,합계,472396
2022,인천광역시,광주광역시,농산물,1058
2022,인천광역시,광주광역시,임산물,20
2022,인천광역시,광주광역시,수산물,297
2022,인천광역시,광주광역시,축산물,335
2022,인천광역시,광주광역시,석탄광물,0
2022,인천광역시,광주광역시,석회석광물,0
2022,인천광역시,광주광역시,비금속광물,25548
2022,인천광역시,광주광역시,음식료품,17992
2022,인천광역시,광주광역시,담배제품,0
2022,인천광역시,광주광역시,섬유제품,182
2022,인천광역시,광주광역시,의복,52
2022,인천광역시,광주광역시,가죽,42
2022,인천광역시,광주광역시,"목재,나무제품",10537
2022,인천광역시,광주광역시,"펄프,종이",1533
2022,인천광역시,광주광역시,"인쇄,기록매체",364
2022,인천광역시,광주광역시,"코크스,연탄,석유정제품",293
2022,인천광역시,광주광역시,"화합물,화학제품",6366
2022,인천광역시,광주광역시,"고무,플라스틱제품",2208
2022,인천광역시,광주광역시,비금속광물제품,184536
2022,인천광역시,광주광역시,제1차금속제품,112019
2022,인천광역시,광주광역시,금속가공제품,25252
2022,인천광역시,광주광역시,"기타기계,장비제조품",5188
2022,인천광역시,광주광역시,"전자부품,컴퓨터,영상,음향,통신장비",509
2022,인천광역시,광주광역시,전기장비제품,3575
2022,인천광역시,광주광역시,"의료,정밀,광학기기,시계",137
2022,인천광역시,광주광역시,"자동차,트레일러",532
2022,인천광역시,광주광역시,기타운송장비,8
2022,인천광역시,광주광역시,가구제품,2791
2022,인천광역시,광주광역시,기타제품,301
2022,인천광역시,광주광역시,*) 재생제품,56099
2022,인천광역시,광주광역시,*) 기타,14622
2022,인천광역시,대전광역시,합계,641622
2022,인천광역시,대전광역시,농산물,1959
2022,인천광역시,대전광역시,임산물,26
2022,인천광역시,대전광역시,수산물,616
2022,인천광역시,대전광역시,축산물,375
2022,인천광역시,대전광역시,석탄광물,0
2022,인천광역시,대전광역시,석회석광물,0
2022,인천광역시,대전광역시,비금속광물,50535
2022,인천광역시,대전광역시,음식료품,24916
2022,인천광역시,대전광역시,담배제품,0
2022,인천광역시,대전광역시,섬유제품,190
2022,인천광역시,대전광역시,의복,54
2022,인천광역시,대전광역시,가죽,43
2022,인천광역시,대전광역시,"목재,나무제품",7608
2022,인천광역시,대전광역시,"펄프,종이",3043
2022,인천광역시,대전광역시,"인쇄,기록매체",605
2022,인천광역시,대전광역시,"코크스,연탄,석유정제품",278
2022,인천광역시,대전광역시,"화합물,화학제품",10206
2022,인천광역시,대전광역시,"고무,플라스틱제품",4512
2022,인천광역시,대전광역시,비금속광물제품,204207
2022,인천광역시,대전광역시,제1차금속제품,64339
2022,인천광역시,대전광역시,금속가공제품,16991
2022,인천광역시,대전광역시,"기타기계,장비제조품",6630
2022,인천광역시,대전광역시,"전자부품,컴퓨터,영상,음향,통신장비",1189
2022,인천광역시,대전광역시,전기장비제품,2054
2022,인천광역시,대전광역시,"의료,정밀,광학기기,시계",112
2022,인천광역시,대전광역시,"자동차,트레일러",552
2022,인천광역시,대전광역시,기타운송장비,34
2022,인천광역시,대전광역시,가구제품,1797
2022,인천광역시,대전광역시,기타제품,92
2022,인천광역시,대전광역시,*) 재생제품,70723
2022,인천광역시,대전광역시,*) 기타,167936
2022,인천광역시,울산광역시,합계,1576170
2022,인천광역시,울산광역시,농산물,1137
2022,인천광역시,울산광역시,임산물,34
2022,인천광역시,울산광역시,수산물,373
2022,인천광역시,울산광역시,축산물,181
2022,인천광역시,울산광역시,석탄광물,0
2022,인천광역시,울산광역시,석회석광물,0
2022,인천광역시,울산광역시,비금속광물,84431
2022,인천광역시,울산광역시,음식료품,23870
2022,인천광역시,울산광역시,담배제품,0
2022,인천광역시,울산광역시,섬유제품,124
2022,인천광역시,울산광역시,의복,62
2022,인천광역시,울산광역시,가죽,49
2022,인천광역시,울산광역시,"목재,나무제품",30348
2022,인천광역시,울산광역시,"펄프,종이",3564
2022,인천광역시,울산광역시,"인쇄,기록매체",850
2022,인천광역시,울산광역시,"코크스,연탄,석유정제품",10290
2022,인천광역시,울산광역시,"화합물,화학제품",104620
2022,인천광역시,울산광역시,"고무,플라스틱제품",4843
2022,인천광역시,울산광역시,비금속광물제품,476369
2022,인천광역시,울산광역시,제1차금속제품,568236
2022,인천광역시,울산광역시,금속가공제품,85584
2022,인천광역시,울산광역시,"기타기계,장비제조품",17432
2022,인천광역시,울산광역시,"전자부품,컴퓨터,영상,음향,통신장비",1110
2022,인천광역시,울산광역시,전기장비제품,9196
2022,인천광역시,울산광역시,"의료,정밀,광학기기,시계",294
2022,인천광역시,울산광역시,"자동차,트레일러",2672
2022,인천광역시,울산광역시,기타운송장비,528
2022,인천광역시,울산광역시,가구제품,6047
2022,인천광역시,울산광역시,기타제품,908
2022,인천광역시,울산광역시,*) 재생제품,112779
2022,인천광역시,울산광역시,*) 기타,30239
2022,인천광역시,경기도,합계,43119287
2022,인천광역시,경기도,농산물,1006058
2022,인천광역시,경기도,임산물,951
2022,인천광역시,경기도,수산물,10035
2022,인천광역시,경기도,축산물,13819
2022,인천광역시,경기도,석탄광물,0
2022,인천광역시,경기도,석회석광물,3250896
2022,인천광역시,경기도,비금속광물,6286044
2022,인천광역시,경기도,음식료품,981614
2022,인천광역시,경기도,담배제품,0
2022,인천광역시,경기도,섬유제품,7491
2022,인천광역시,경기도,의복,4306
2022,인천광역시,경기도,가죽,2850
2022,인천광역시,경기도,"목재,나무제품",467906
2022,인천광역시,경기도,"펄프,종이",45036
2022,인천광역시,경기도,"인쇄,기록매체",9557
2022,인천광역시,경기도,"코크스,연탄,석유정제품",1155602
2022,인천광역시,경기도,"화합물,화학제품",271750
2022,인천광역시,경기도,"고무,플라스틱제품",124750
2022,인천광역시,경기도,비금속광물제품,11188308
2022,인천광역시,경기도,제1차금속제품,2766111
2022,인천광역시,경기도,금속가공제품,703115
2022,인천광역시,경기도,"기타기계,장비제조품",340648
2022,인천광역시,경기도,"전자부품,컴퓨터,영상,음향,통신장비",84973
2022,인천광역시,경기도,전기장비제품,111411
2022,인천광역시,경기도,"의료,정밀,광학기기,시계",8045
2022,인천광역시,경기도,"자동차,트레일러",123507
2022,인천광역시,경기도,기타운송장비,1029
2022,인천광역시,경기도,가구제품,52326
2022,인천광역시,경기도,기타제품,102780
2022,인천광역시,경기도,*) 재생제품,898983
2022,인천광역시,경기도,*) 기타,13099386
2022,인천광역시,강원특별자치도,합계,1781677
2022,인천광역시,강원특별자치도,농산물,106211
2022,인천광역시,강원특별자치도,임산물,192
2022,인천광역시,강원특별자치도,수산물,3931
2022,인천광역시,강원특별자치도,축산물,2525
2022,인천광역시,강원특별자치도,석탄광물,0
2022,인천광역시,강원특별자치도,석회석광물,0
2022,인천광역시,강원특별자치도,비금속광물,472027
2022,인천광역시,강원특별자치도,음식료품,65719
2022,인천광역시,강원특별자치도,담배제품,0
2022,인천광역시,강원특별자치도,섬유제품,210
2022,인천광역시,강원특별자치도,의복,62
2022,인천광역시,강원특별자치도,가죽,45
2022,인천광역시,강원특별자치도,"목재,나무제품",8647
2022,인천광역시,강원특별자치도,"펄프,종이",1331
2022,인천광역시,강원특별자치도,"인쇄,기록매체",257
2022,인천광역시,강원특별자치도,"코크스,연탄,석유정제품",509
2022,인천광역시,강원특별자치도,"화합물,화학제품",9296
2022,인천광역시,강원특별자치도,"고무,플라스틱제품",2901
2022,인천광역시,강원특별자치도,비금속광물제품,578002
2022,인천광역시,강원특별자치도,제1차금속제품,67183
2022,인천광역시,강원특별자치도,금속가공제품,25970
2022,인천광역시,강원특별자치도,"기타기계,장비제조품",3915
2022,인천광역시,강원특별자치도,"전자부품,컴퓨터,영상,음향,통신장비",493
2022,인천광역시,강원특별자치도,전기장비제품,1969
2022,인천광역시,강원특별자치도,"의료,정밀,광학기기,시계",328
2022,인천광역시,강원특별자치도,"자동차,트레일러",1553
2022,인천광역시,강원특별자치도,기타운송장비,197
2022,인천광역시,강원특별자치도,가구제품,1604
2022,인천광역시,강원특별자치도,기타제품,14857
2022,인천광역시,강원특별자치도,*) 재생제품,59711
2022,인천광역시,강원특별자치도,*) 기타,352032
2022,인천광역시,충청북도,합계,3488803
2022,인천광역시,충청북도,농산물,616604
2022,인천광역시,충청북도,임산물,139
2022,인천광역시,충청북도,수산물,1147
2022,인천광역시,충청북도,축산물,8303
2022,인천광역시,충청북도,석탄광물,0
2022,인천광역시,충청북도,석회석광물,569093
2022,인천광역시,충청북도,비금속광물,393120
2022,인천광역시,충청북도,음식료품,166270
2022,인천광역시,충청북도,담배제품,0
2022,인천광역시,충청북도,섬유제품,351
2022,인천광역시,충청북도,의복,87
2022,인천광역시,충청북도,가죽,115
2022,인천광역시,충청북도,"목재,나무제품",37542
2022,인천광역시,충청북도,"펄프,종이",3603
2022,인천광역시,충청북도,"인쇄,기록매체",910
2022,인천광역시,충청북도,"코크스,연탄,석유정제품",381
2022,인천광역시,충청북도,"화합물,화학제품",37699
2022,인천광역시,충청북도,"고무,플라스틱제품",10622
2022,인천광역시,충청북도,비금속광물제품,958577
2022,인천광역시,충청북도,제1차금속제품,294210
2022,인천광역시,충청북도,금속가공제품,54669
2022,인천광역시,충청북도,"기타기계,장비제조품",13966
2022,인천광역시,충청북도,"전자부품,컴퓨터,영상,음향,통신장비",6942
2022,인천광역시,충청북도,전기장비제품,7961
2022,인천광역시,충청북도,"의료,정밀,광학기기,시계",602
2022,인천광역시,충청북도,"자동차,트레일러",1492
2022,인천광역시,충청북도,기타운송장비,84
2022,인천광역시,충청북도,가구제품,5023
2022,인천광역시,충청북도,기타제품,9029
2022,인천광역시,충청북도,*) 재생제품,107961
2022,인천광역시,충청북도,*) 기타,182301
2022,인천광역시,충청남도,합계,5540492
2022,인천광역시,충청남도,농산물,108630
2022,인천광역시,충청남도,임산물,172
2022,인천광역시,충청남도,수산물,2522
2022,인천광역시,충청남도,축산물,4041
2022,인천광역시,충청남도,석탄광물,0
2022,인천광역시,충청남도,석회석광물,0
2022,인천광역시,충청남도,비금속광물,406782
2022,인천광역시,충청남도,음식료품,169498
2022,인천광역시,충청남도,담배제품,0
2022,인천광역시,충청남도,섬유제품,620
2022,인천광역시,충청남도,의복,133
2022,인천광역시,충청남도,가죽,116
2022,인천광역시,충청남도,"목재,나무제품",54747
2022,인천광역시,충청남도,"펄프,종이",5964
2022,인천광역시,충청남도,"인쇄,기록매체",941
2022,인천광역시,충청남도,"코크스,연탄,석유정제품",4993
2022,인천광역시,충청남도,"화합물,화학제품",101519
2022,인천광역시,충청남도,"고무,플라스틱제품",20746
2022,인천광역시,충청남도,비금속광물제품,2553134
2022,인천광역시,충청남도,제1차금속제품,928148
2022,인천광역시,충청남도,금속가공제품,106621
2022,인천광역시,충청남도,"기타기계,장비제조품",38499
2022,인천광역시,충청남도,"전자부품,컴퓨터,영상,음향,통신장비",18670
2022,인천광역시,충청남도,전기장비제품,17289
2022,인천광역시,충청남도,"의료,정밀,광학기기,시계",875
2022,인천광역시,충청남도,"자동차,트레일러",6503
2022,인천광역시,충청남도,기타운송장비,149
2022,인천광역시,충청남도,가구제품,11533
2022,인천광역시,충청남도,기타제품,19383
2022,인천광역시,충청남도,*) 재생제품,176290
2022,인천광역시,충청남도,*) 기타,781974
2022,인천광역시,전북특별자치도,합계,1277144
2022,인천광역시,전북특별자치도,농산물,71669
2022,인천광역시,전북특별자치도,임산물,128
2022,인천광역시,전북특별자치도,수산물,1169
2022,인천광역시,전북특별자치도,축산물,5761
2022,인천광역시,전북특별자치도,석탄광물,0
2022,인천광역시,전북특별자치도,석회석광물,0
2022,인천광역시,전북특별자치도,비금속광물,204172
2022,인천광역시,전북특별자치도,음식료품,87736
2022,인천광역시,전북특별자치도,담배제품,0
2022,인천광역시,전북특별자치도,섬유제품,311
2022,인천광역시,전북특별자치도,의복,74
2022,인천광역시,전북특별자치도,가죽,53
2022,인천광역시,전북특별자치도,"목재,나무제품",21701
2022,인천광역시,전북특별자치도,"펄프,종이",3753
2022,인천광역시,전북특별자치도,"인쇄,기록매체",379
2022,인천광역시,전북특별자치도,"코크스,연탄,석유정제품",687
2022,인천광역시,전북특별자치도,"화합물,화학제품",21641
2022,인천광역시,전북특별자치도,"고무,플라스틱제품",3802
2022,인천광역시,전북특별자치도,비금속광물제품,374089
2022,인천광역시,전북특별자치도,제1차금속제품,216887
2022,인천광역시,전북특별자치도,금속가공제품,29779
2022,인천광역시,전북특별자치도,"기타기계,장비제조품",8772
2022,인천광역시,전북특별자치도,"전자부품,컴퓨터,영상,음향,통신장비",747
2022,인천광역시,전북특별자치도,전기장비제품,2802
2022,인천광역시,전북특별자치도,"의료,정밀,광학기기,시계",137
2022,인천광역시,전북특별자치도,"자동차,트레일러",2489
2022,인천광역시,전북특별자치도,기타운송장비,212
2022,인천광역시,전북특별자치도,가구제품,3588
2022,인천광역시,전북특별자치도,기타제품,9145
2022,인천광역시,전북특별자치도,*) 재생제품,91873
2022,인천광역시,전북특별자치도,*) 기타,113588
2022,인천광역시,전라남도,합계,2358822
2022,인천광역시,전라남도,농산물,6606
2022,인천광역시,전라남도,임산물,120
2022,인천광역시,전라남도,수산물,3008
2022,인천광역시,전라남도,축산물,1417
2022,인천광역시,전라남도,석탄광물,0
2022,인천광역시,전라남도,석회석광물,0
2022,인천광역시,전라남도,비금속광물,296655
2022,인천광역시,전라남도,음식료품,59588
2022,인천광역시,전라남도,담배제품,0
2022,인천광역시,전라남도,섬유제품,231
2022,인천광역시,전라남도,의복,66
2022,인천광역시,전라남도,가죽,48
2022,인천광역시,전라남도,"목재,나무제품",27472
2022,인천광역시,전라남도,"펄프,종이",2251
2022,인천광역시,전라남도,"인쇄,기록매체",491
2022,인천광역시,전라남도,"코크스,연탄,석유정제품",7288
2022,인천광역시,전라남도,"화합물,화학제품",100943
2022,인천광역시,전라남도,"고무,플라스틱제품",2654
2022,인천광역시,전라남도,비금속광물제품,587938
2022,인천광역시,전라남도,제1차금속제품,618104
2022,인천광역시,전라남도,금속가공제품,37303
2022,인천광역시,전라남도,"기타기계,장비제조품",12493
2022,인천광역시,전라남도,"전자부품,컴퓨터,영상,음향,통신장비",691
2022,인천광역시,전라남도,전기장비제품,2355
2022,인천광역시,전라남도,"의료,정밀,광학기기,시계",268
2022,인천광역시,전라남도,"자동차,트레일러",2577
2022,인천광역시,전라남도,기타운송장비,472
2022,인천광역시,전라남도,가구제품,4225
2022,인천광역시,전라남도,기타제품,420
2022,인천광역시,전라남도,*) 재생제품,118580
2022,인천광역시,전라남도,*) 기타,464558
2022,인천광역시,경상북도,합계,3541509
2022,인천광역시,경상북도,농산물,6128
2022,인천광역시,경상북도,임산물,230
2022,인천광역시,경상북도,수산물,2391
2022,인천광역시,경상북도,축산물,5380
2022,인천광역시,경상북도,석탄광물,0
2022,인천광역시,경상북도,석회석광물,0
2022,인천광역시,경상북도,비금속광물,313519
2022,인천광역시,경상북도,음식료품,71452
2022,인천광역시,경상북도,담배제품,0
2022,인천광역시,경상북도,섬유제품,515
2022,인천광역시,경상북도,의복,227
2022,인천광역시,경상북도,가죽,98
2022,인천광역시,경상북도,"목재,나무제품",50263
2022,인천광역시,경상북도,"펄프,종이",5289
2022,인천광역시,경상북도,"인쇄,기록매체",971
2022,인천광역시,경상북도,"코크스,연탄,석유정제품",1101
2022,인천광역시,경상북도,"화합물,화학제품",50587
2022,인천광역시,경상북도,"고무,플라스틱제품",13371
2022,인천광역시,경상북도,비금속광물제품,1717688
2022,인천광역시,경상북도,제1차금속제품,835707
2022,인천광역시,경상북도,금속가공제품,85214
2022,인천광역시,경상북도,"기타기계,장비제조품",16526
2022,인천광역시,경상북도,"전자부품,컴퓨터,영상,음향,통신장비",23265
2022,인천광역시,경상북도,전기장비제품,9274
2022,인천광역시,경상북도,"의료,정밀,광학기기,시계",718
2022,인천광역시,경상북도,"자동차,트레일러",1920
2022,인천광역시,경상북도,기타운송장비,35
2022,인천광역시,경상북도,가구제품,8316
2022,인천광역시,경상북도,기타제품,929
2022,인천광역시,경상북도,*) 재생제품,205246
2022,인천광역시,경상북도,*) 기타,115149
2022,인천광역시,경상남도,합계,2449606
2022,인천광역시,경상남도,농산물,4734
2022,인천광역시,경상남도,임산물,158
2022,인천광역시,경상남도,수산물,4757
2022,인천광역시,경상남도,축산물,2128
2022,인천광역시,경상남도,석탄광물,0
2022,인천광역시,경상남도,석회석광물,0
2022,인천광역시,경상남도,비금속광물,174968
2022,인천광역시,경상남도,음식료품,92685
2022,인천광역시,경상남도,담배제품,0
2022,인천광역시,경상남도,섬유제품,362
2022,인천광역시,경상남도,의복,130
2022,인천광역시,경상남도,가죽,139
2022,인천광역시,경상남도,"목재,나무제품",64681
2022,인천광역시,경상남도,"펄프,종이",7062
2022,인천광역시,경상남도,"인쇄,기록매체",1014
2022,인천광역시,경상남도,"코크스,연탄,석유정제품",1091
2022,인천광역시,경상남도,"화합물,화학제품",35419
2022,인천광역시,경상남도,"고무,플라스틱제품",10119
2022,인천광역시,경상남도,비금속광물제품,859748
2022,인천광역시,경상남도,제1차금속제품,583275
2022,인천광역시,경상남도,금속가공제품,144139
2022,인천광역시,경상남도,"기타기계,장비제조품",205118
2022,인천광역시,경상남도,"전자부품,컴퓨터,영상,음향,통신장비",1510
2022,인천광역시,경상남도,전기장비제품,10516
2022,인천광역시,경상남도,"의료,정밀,광학기기,시계",616
2022,인천광역시,경상남도,"자동차,트레일러",3750
2022,인천광역시,경상남도,기타운송장비,1832
2022,인천광역시,경상남도,가구제품,10090
2022,인천광역시,경상남도,기타제품,1123
2022,인천광역시,경상남도,*) 재생제품,201734
2022,인천광역시,경상남도,*) 기타,26708
2022,인천광역시,제주특별자치도,합계,0
2022,인천광역시,제주특별자치도,농산물,0
2022,인천광역시,제주특별자치도,임산물,0
2022,인천광역시,제주특별자치도,수산물,0
2022,인천광역시,제주특별자치도,축산물,0
2022,인천광역시,제주특별자치도,석탄광물,0
2022,인천광역시,제주특별자치도,석회석광물,0
2022,인천광역시,제주특별자치도,비금속광물,0
2022,인천광역시,제주특별자치도,음식료품,0
2022,인천광역시,제주특별자치도,담배제품,0
2022,인천광역시,제주특별자치도,섬유제품,0
2022,인천광역시,제주특별자치도,의복,0
2022,인천광역시,제주특별자치도,가죽,0
2022,인천광역시,제주특별자치도,"목재,나무제품",0
2022,인천광역시,제주특별자치도,"펄프,종이",0
2022,인천광역시,제주특별자치도,"인쇄,기록매체",0
2022,인천광역시,제주특별자치도,"코크스,연탄,석유정제품",0
2022,인천광역시,제주특별자치도,"화합물,화학제품",0
2022,인천광역시,제주특별자치도,"고무,플라스틱제품",0
2022,인천광역시,제주특별자치도,비금속광물제품,0
2022,인천광역시,제주특별자치도,제1차금속제품,0
2022,인천광역시,제주특별자치도,금속가공제품,0
2022,인천광역시,제주특별자치도,"기타기계,장비제조품",0
2022,인천광역시,제주특별자치도,"전자부품,컴퓨터,영상,음향,통신장비",0
2022,인천광역시,제주특별자치도,전기장비제품,0
2022,인천광역시,제주특별자치도,"의료,정밀,광학기기,시계",0
2022,인천광역시,제주특별자치도,"자동차,트레일러",0
2022,인천광역시,제주특별자치도,기타운송장비,0
2022,인천광역시,제주특별자치도,가구제품,0
2022,인천광역시,제주특별자치도,기타제품,0
2022,인천광역시,제주특별자치도,*) 재생제품,0
2022,인천광역시,제주특별자치도,*) 기타,0
2022,인천광역시,세종특별자치시,합계,308011
2022,인천광역시,세종특별자치시,농산물,1121
2022,인천광역시,세종특별자치시,임산물,23
2022,인천광역시,세종특별자치시,수산물,68
2022,인천광역시,세종특별자치시,축산물,281
2022,인천광역시,세종특별자치시,석탄광물,0
2022,인천광역시,세종특별자치시,석회석광물,0
2022,인천광역시,세종특별자치시,비금속광물,66636
2022,인천광역시,세종특별자치시,음식료품,9392
2022,인천광역시,세종특별자치시,담배제품,0
2022,인천광역시,세종특별자치시,섬유제품,34
2022,인천광역시,세종특별자치시,의복,8
2022,인천광역시,세종특별자치시,가죽,4
2022,인천광역시,세종특별자치시,"목재,나무제품",2794
2022,인천광역시,세종특별자치시,"펄프,종이",910
2022,인천광역시,세종특별자치시,"인쇄,기록매체",178
2022,인천광역시,세종특별자치시,"코크스,연탄,석유정제품",50
2022,인천광역시,세종특별자치시,"화합물,화학제품",4021
2022,인천광역시,세종특별자치시,"고무,플라스틱제품",1325
2022,인천광역시,세종특별자치시,비금속광물제품,179842
2022,인천광역시,세종특별자치시,제1차금속제품,17622
2022,인천광역시,세종특별자치시,금속가공제품,3339
2022,인천광역시,세종특별자치시,"기타기계,장비제조품",768
2022,인천광역시,세종특별자치시,"전자부품,컴퓨터,영상,음향,통신장비",337
2022,인천광역시,세종특별자치시,전기장비제품,715
2022,인천광역시,세종특별자치시,"의료,정밀,광학기기,시계",111
2022,인천광역시,세종특별자치시,"자동차,트레일러",153
2022,인천광역시,세종특별자치시,기타운송장비,1
2022,인천광역시,세종특별자치시,가구제품,698
2022,인천광역시,세종특별자치시,기타제품,50
2022,인천광역시,세종특별자치시,*) 재생제품,14538
2022,인천광역시,세종특별자치시,*) 기타,2992
2022,광주광역시,서울특별시,합계,634793
2022,광주광역시,서울특별시,농산물,7022
2022,광주광역시,서울특별시,임산물,411
2022,광주광역시,서울특별시,수산물,17
2022,광주광역시,서울특별시,축산물,86
2022,광주광역시,서울특별시,석탄광물,0
2022,광주광역시,서울특별시,석회석광물,0
2022,광주광역시,서울특별시,비금속광물,374
2022,광주광역시,서울특별시,음식료품,17636
2022,광주광역시,서울특별시,담배제품,3167
2022,광주광역시,서울특별시,섬유제품,9292
2022,광주광역시,서울특별시,의복,1525
2022,광주광역시,서울특별시,가죽,0
2022,광주광역시,서울특별시,"목재,나무제품",907
2022,광주광역시,서울특별시,"펄프,종이",1662
2022,광주광역시,서울특별시,"인쇄,기록매체",975
2022,광주광역시,서울특별시,"코크스,연탄,석유정제품",321
2022,광주광역시,서울특별시,"화합물,화학제품",621
2022,광주광역시,서울특별시,"고무,플라스틱제품",62927
2022,광주광역시,서울특별시,비금속광물제품,3126
2022,광주광역시,서울특별시,제1차금속제품,11166
2022,광주광역시,서울특별시,금속가공제품,17474
2022,광주광역시,서울특별시,"기타기계,장비제조품",25307
2022,광주광역시,서울특별시,"전자부품,컴퓨터,영상,음향,통신장비",3151
2022,광주광역시,서울특별시,전기장비제품,25445
2022,광주광역시,서울특별시,"의료,정밀,광학기기,시계",1284
2022,광주광역시,서울특별시,"자동차,트레일러",422965
2022,광주광역시,서울특별시,기타운송장비,9
2022,광주광역시,서울특별시,가구제품,2451
2022,광주광역시,서울특별시,기타제품,61
2022,광주광역시,서울특별시,*) 재생제품,15411
2022,광주광역시,서울특별시,*) 기타,0
2022,광주광역시,부산광역시,합계,2571392
2022,광주광역시,부산광역시,농산물,3092
2022,광주광역시,부산광역시,임산물,266
2022,광주광역시,부산광역시,수산물,52
2022,광주광역시,부산광역시,축산물,49
2022,광주광역시,부산광역시,석탄광물,0
2022,광주광역시,부산광역시,석회석광물,0
2022,광주광역시,부산광역시,비금속광물,905
2022,광주광역시,부산광역시,음식료품,15322
2022,광주광역시,부산광역시,담배제품,785
2022,광주광역시,부산광역시,섬유제품,960
2022,광주광역시,부산광역시,의복,435
2022,광주광역시,부산광역시,가죽,0
2022,광주광역시,부산광역시,"목재,나무제품",1881
2022,광주광역시,부산광역시,"펄프,종이",2319
2022,광주광역시,부산광역시,"인쇄,기록매체",539
2022,광주광역시,부산광역시,"코크스,연탄,석유정제품",160
2022,광주광역시,부산광역시,"화합물,화학제품",1531
2022,광주광역시,부산광역시,"고무,플라스틱제품",48391
2022,광주광역시,부산광역시,비금속광물제품,9234
2022,광주광역시,부산광역시,제1차금속제품,59780
2022,광주광역시,부산광역시,금속가공제품,23887
2022,광주광역시,부산광역시,"기타기계,장비제조품",18983
2022,광주광역시,부산광역시,"전자부품,컴퓨터,영상,음향,통신장비",4635
2022,광주광역시,부산광역시,전기장비제품,15213
2022,광주광역시,부산광역시,"의료,정밀,광학기기,시계",682
2022,광주광역시,부산광역시,"자동차,트레일러",224795
2022,광주광역시,부산광역시,기타운송장비,15
2022,광주광역시,부산광역시,가구제품,1233
2022,광주광역시,부산광역시,기타제품,62
2022,광주광역시,부산광역시,*) 재생제품,95841
2022,광주광역시,부산광역시,*) 기타,2040345
2022,광주광역시,대구광역시,합계,305690
2022,광주광역시,대구광역시,농산물,1977
2022,광주광역시,대구광역시,임산물,147
2022,광주광역시,대구광역시,수산물,5
2022,광주광역시,대구광역시,축산물,157
2022,광주광역시,대구광역시,석탄광물,0
2022,광주광역시,대구광역시,석회석광물,0
2022,광주광역시,대구광역시,비금속광물,881
2022,광주광역시,대구광역시,음식료품,8814
2022,광주광역시,대구광역시,담배제품,597
2022,광주광역시,대구광역시,섬유제품,450
2022,광주광역시,대구광역시,의복,761
2022,광주광역시,대구광역시,가죽,0
2022,광주광역시,대구광역시,"목재,나무제품",730
2022,광주광역시,대구광역시,"펄프,종이",2430
2022,광주광역시,대구광역시,"인쇄,기록매체",406
2022,광주광역시,대구광역시,"코크스,연탄,석유정제품",84
2022,광주광역시,대구광역시,"화합물,화학제품",1222
2022,광주광역시,대구광역시,"고무,플라스틱제품",37298
2022,광주광역시,대구광역시,비금속광물제품,3776
2022,광주광역시,대구광역시,제1차금속제품,25618
2022,광주광역시,대구광역시,금속가공제품,17506
2022,광주광역시,대구광역시,"기타기계,장비제조품",13746
2022,광주광역시,대구광역시,"전자부품,컴퓨터,영상,음향,통신장비",3087
2022,광주광역시,대구광역시,전기장비제품,12552
2022,광주광역시,대구광역시,"의료,정밀,광학기기,시계",823
2022,광주광역시,대구광역시,"자동차,트레일러",109017
2022,광주광역시,대구광역시,기타운송장비,1
2022,광주광역시,대구광역시,가구제품,774
2022,광주광역시,대구광역시,기타제품,34
2022,광주광역시,대구광역시,*) 재생제품,62797
2022,광주광역시,대구광역시,*) 기타,0
2022,광주광역시,인천광역시,합계,626441
2022,광주광역시,인천광역시,농산물,3398
2022,광주광역시,인천광역시,임산물,432
2022,광주광역시,인천광역시,수산물,8
2022,광주광역시,인천광역시,축산물,26
2022,광주광역시,인천광역시,석탄광물,0
2022,광주광역시,인천광역시,석회석광물,0
2022,광주광역시,인천광역시,비금속광물,745
2022,광주광역시,인천광역시,음식료품,6245
2022,광주광역시,인천광역시,담배제품,837
2022,광주광역시,인천광역시,섬유제품,608
2022,광주광역시,인천광역시,의복,177
2022,광주광역시,인천광역시,가죽,0
2022,광주광역시,인천광역시,"목재,나무제품",1431
2022,광주광역시,인천광역시,"펄프,종이",470
2022,광주광역시,인천광역시,"인쇄,기록매체",209
2022,광주광역시,인천광역시,"코크스,연탄,석유정제품",260
2022,광주광역시,인천광역시,"화합물,화학제품",914
2022,광주광역시,인천광역시,"고무,플라스틱제품",48863
2022,광주광역시,인천광역시,비금속광물제품,3676
2022,광주광역시,인천광역시,제1차금속제품,16662
2022,광주광역시,인천광역시,금속가공제품,15715
2022,광주광역시,인천광역시,"기타기계,장비제조품",24797
2022,광주광역시,인천광역시,"전자부품,컴퓨터,영상,음향,통신장비",1790
2022,광주광역시,인천광역시,전기장비제품,15867
2022,광주광역시,인천광역시,"의료,정밀,광학기기,시계",642
2022,광주광역시,인천광역시,"자동차,트레일러",387497
2022,광주광역시,인천광역시,기타운송장비,7
2022,광주광역시,인천광역시,가구제품,622
2022,광주광역시,인천광역시,기타제품,18
2022,광주광역시,인천광역시,*) 재생제품,10946
2022,광주광역시,인천광역시,*) 기타,83579
2022,광주광역시,광주광역시,합계,5289842
2022,광주광역시,광주광역시,농산물,29447
2022,광주광역시,광주광역시,임산물,995
2022,광주광역시,광주광역시,수산물,7
2022,광주광역시,광주광역시,축산물,164
2022,광주광역시,광주광역시,석탄광물,0
2022,광주광역시,광주광역시,석회석광물,0
2022,광주광역시,광주광역시,비금속광물,10383
2022,광주광역시,광주광역시,음식료품,104770
2022,광주광역시,광주광역시,담배제품,1371
2022,광주광역시,광주광역시,섬유제품,5826
2022,광주광역시,광주광역시,의복,2393
2022,광주광역시,광주광역시,가죽,0
2022,광주광역시,광주광역시,"목재,나무제품",5512
2022,광주광역시,광주광역시,"펄프,종이",30754
2022,광주광역시,광주광역시,"인쇄,기록매체",2974
2022,광주광역시,광주광역시,"코크스,연탄,석유정제품",728
2022,광주광역시,광주광역시,"화합물,화학제품",7608
2022,광주광역시,광주광역시,"고무,플라스틱제품",432932
2022,광주광역시,광주광역시,비금속광물제품,190900
2022,광주광역시,광주광역시,제1차금속제품,343979
2022,광주광역시,광주광역시,금속가공제품,238289
2022,광주광역시,광주광역시,"기타기계,장비제조품",169350
2022,광주광역시,광주광역시,"전자부품,컴퓨터,영상,음향,통신장비",29458
2022,광주광역시,광주광역시,전기장비제품,230913
2022,광주광역시,광주광역시,"의료,정밀,광학기기,시계",7029
2022,광주광역시,광주광역시,"자동차,트레일러",1653954
2022,광주광역시,광주광역시,기타운송장비,7
2022,광주광역시,광주광역시,가구제품,10162
2022,광주광역시,광주광역시,기타제품,1364
2022,광주광역시,광주광역시,*) 재생제품,1778573
2022,광주광역시,광주광역시,*) 기타,0
2022,광주광역시,대전광역시,합계,234760
2022,광주광역시,대전광역시,농산물,1974
2022,광주광역시,대전광역시,임산물,93
2022,광주광역시,대전광역시,수산물,4
2022,광주광역시,대전광역시,축산물,33
2022,광주광역시,대전광역시,석탄광물,0
2022,광주광역시,대전광역시,석회석광물,0
2022,광주광역시,대전광역시,비금속광물,500
2022,광주광역시,대전광역시,음식료품,5402
2022,광주광역시,대전광역시,담배제품,1169
2022,광주광역시,대전광역시,섬유제품,434
2022,광주광역시,대전광역시,의복,215
2022,광주광역시,대전광역시,가죽,0
2022,광주광역시,대전광역시,"목재,나무제품",357
2022,광주광역시,대전광역시,"펄프,종이",1844
2022,광주광역시,대전광역시,"인쇄,기록매체",367
2022,광주광역시,대전광역시,"코크스,연탄,석유정제품",47
2022,광주광역시,대전광역시,"화합물,화학제품",849
2022,광주광역시,대전광역시,"고무,플라스틱제품",55725
2022,광주광역시,대전광역시,비금속광물제품,5025
2022,광주광역시,대전광역시,제1차금속제품,12901
2022,광주광역시,대전광역시,금속가공제품,9322
2022,광주광역시,대전광역시,"기타기계,장비제조품",13649
2022,광주광역시,대전광역시,"전자부품,컴퓨터,영상,음향,통신장비",2944
2022,광주광역시,대전광역시,전기장비제품,8197
2022,광주광역시,대전광역시,"의료,정밀,광학기기,시계",335
2022,광주광역시,대전광역시,"자동차,트레일러",76490
2022,광주광역시,대전광역시,기타운송장비,2
2022,광주광역시,대전광역시,가구제품,522
2022,광주광역시,대전광역시,기타제품,10
2022,광주광역시,대전광역시,*) 재생제품,36350
2022,광주광역시,대전광역시,*) 기타,0
2022,광주광역시,울산광역시,합계,855837
2022,광주광역시,울산광역시,농산물,1253
2022,광주광역시,울산광역시,임산물,133
2022,광주광역시,울산광역시,수산물,2
2022,광주광역시,울산광역시,축산물,16
2022,광주광역시,울산광역시,석탄광물,0
2022,광주광역시,울산광역시,석회석광물,0
2022,광주광역시,울산광역시,비금속광물,963
2022,광주광역시,울산광역시,음식료품,5839
2022,광주광역시,울산광역시,담배제품,293
2022,광주광역시,울산광역시,섬유제품,313
2022,광주광역시,울산광역시,의복,277
2022,광주광역시,울산광역시,가죽,0
2022,광주광역시,울산광역시,"목재,나무제품",1289
2022,광주광역시,울산광역시,"펄프,종이",2447
2022,광주광역시,울산광역시,"인쇄,기록매체",577
2022,광주광역시,울산광역시,"코크스,연탄,석유정제품",1962
2022,광주광역시,울산광역시,"화합물,화학제품",9693
2022,광주광역시,울산광역시,"고무,플라스틱제품",66479
2022,광주광역시,울산광역시,비금속광물제품,13353
2022,광주광역시,울산광역시,제1차금속제품,126140
2022,광주광역시,울산광역시,금속가공제품,52245
2022,광주광역시,울산광역시,"기타기계,장비제조품",39895
2022,광주광역시,울산광역시,"전자부품,컴퓨터,영상,음향,통신장비",3110
2022,광주광역시,울산광역시,전기장비제품,40893
2022,광주광역시,울산광역시,"의료,정밀,광학기기,시계",991
2022,광주광역시,울산광역시,"자동차,트레일러",417503
2022,광주광역시,울산광역시,기타운송장비,46
2022,광주광역시,울산광역시,가구제품,1922
2022,광주광역시,울산광역시,기타제품,78
2022,광주광역시,울산광역시,*) 재생제품,68125
2022,광주광역시,울산광역시,*) 기타,0
2022,광주광역시,경기도,합계,2401866
2022,광주광역시,경기도,농산물,16698
2022,광주광역시,경기도,임산물,980
2022,광주광역시,경기도,수산물,39
2022,광주광역시,경기도,축산물,539
2022,광주광역시,경기도,석탄광물,0
2022,광주광역시,경기도,석회석광물,0
2022,광주광역시,경기도,비금속광물,3422
2022,광주광역시,경기도,음식료품,38732
2022,광주광역시,경기도,담배제품,3478
2022,광주광역시,경기도,섬유제품,4036
2022,광주광역시,경기도,의복,1260
2022,광주광역시,경기도,가죽,0
2022,광주광역시,경기도,"목재,나무제품",5458
2022,광주광역시,경기도,"펄프,종이",3310
2022,광주광역시,경기도,"인쇄,기록매체",1560
2022,광주광역시,경기도,"코크스,연탄,석유정제품",414
2022,광주광역시,경기도,"화합물,화학제품",3954
2022,광주광역시,경기도,"고무,플라스틱제품",310590
2022,광주광역시,경기도,비금속광물제품,40523
2022,광주광역시,경기도,제1차금속제품,116156
2022,광주광역시,경기도,금속가공제품,81303
2022,광주광역시,경기도,"기타기계,장비제조품",146645
2022,광주광역시,경기도,"전자부품,컴퓨터,영상,음향,통신장비",39941
2022,광주광역시,경기도,전기장비제품,95423
2022,광주광역시,경기도,"의료,정밀,광학기기,시계",5622
2022,광주광역시,경기도,"자동차,트레일러",1407262
2022,광주광역시,경기도,기타운송장비,22
2022,광주광역시,경기도,가구제품,4142
2022,광주광역시,경기도,기타제품,101
2022,광주광역시,경기도,*) 재생제품,65737
2022,광주광역시,경기도,*) 기타,4519
2022,광주광역시,강원특별자치도,합계,175552
2022,광주광역시,강원특별자치도,농산물,3043
2022,광주광역시,강원특별자치도,임산물,387
2022,광주광역시,강원특별자치도,수산물,20
2022,광주광역시,강원특별자치도,축산물,147
2022,광주광역시,강원특별자치도,석탄광물,0
2022,광주광역시,강원특별자치도,석회석광물,0
2022,광주광역시,강원특별자치도,비금속광물,2334
2022,광주광역시,강원특별자치도,음식료품,6922
2022,광주광역시,강원특별자치도,담배제품,413
2022,광주광역시,강원특별자치도,섬유제품,262
2022,광주광역시,강원특별자치도,의복,109
2022,광주광역시,강원특별자치도,가죽,0
2022,광주광역시,강원특별자치도,"목재,나무제품",232
2022,광주광역시,강원특별자치도,"펄프,종이",369
2022,광주광역시,강원특별자치도,"인쇄,기록매체",90
2022,광주광역시,강원특별자치도,"코크스,연탄,석유정제품",50
2022,광주광역시,강원특별자치도,"화합물,화학제품",290
2022,광주광역시,강원특별자치도,"고무,플라스틱제품",18448
2022,광주광역시,강원특별자치도,비금속광물제품,6078
2022,광주광역시,강원특별자치도,제1차금속제품,7020
2022,광주광역시,강원특별자치도,금속가공제품,7394
2022,광주광역시,강원특별자치도,"기타기계,장비제조품",4162
2022,광주광역시,강원특별자치도,"전자부품,컴퓨터,영상,음향,통신장비",609
2022,광주광역시,강원특별자치도,전기장비제품,4131
2022,광주광역시,강원특별자치도,"의료,정밀,광학기기,시계",532
2022,광주광역시,강원특별자치도,"자동차,트레일러",98713
2022,광주광역시,강원특별자치도,기타운송장비,8
2022,광주광역시,강원특별자치도,가구제품,265
2022,광주광역시,강원특별자치도,기타제품,9
2022,광주광역시,강원특별자치도,*) 재생제품,13491
2022,광주광역시,강원특별자치도,*) 기타,24
2022,광주광역시,충청북도,합계,425865
2022,광주광역시,충청북도,농산물,5796
2022,광주광역시,충청북도,임산물,361
2022,광주광역시,충청북도,수산물,6
2022,광주광역시,충청북도,축산물,587
2022,광주광역시,충청북도,석탄광물,0
2022,광주광역시,충청북도,석회석광물,0
2022,광주광역시,충청북도,비금속광물,2650
2022,광주광역시,충청북도,음식료품,19432
2022,광주광역시,충청북도,담배제품,349
2022,광주광역시,충청북도,섬유제품,568
2022,광주광역시,충청북도,의복,260
2022,광주광역시,충청북도,가죽,0
2022,광주광역시,충청북도,"목재,나무제품",1319
2022,광주광역시,충청북도,"펄프,종이",1420
2022,광주광역시,충청북도,"인쇄,기록매체",400
2022,광주광역시,충청북도,"코크스,연탄,석유정제품",49
2022,광주광역시,충청북도,"화합물,화학제품",1904
2022,광주광역시,충청북도,"고무,플라스틱제품",90208
2022,광주광역시,충청북도,비금속광물제품,15148
2022,광주광역시,충청북도,제1차금속제품,40878
2022,광주광역시,충청북도,금속가공제품,20768
2022,광주광역시,충청북도,"기타기계,장비제조품",19732
2022,광주광역시,충청북도,"전자부품,컴퓨터,영상,음향,통신장비",11478
2022,광주광역시,충청북도,전기장비제품,21917
2022,광주광역시,충청북도,"의료,정밀,광학기기,시계",1251
2022,광주광역시,충청북도,"자동차,트레일러",133008
2022,광주광역시,충청북도,기타운송장비,4
2022,광주광역시,충청북도,가구제품,1064
2022,광주광역시,충청북도,기타제품,33
2022,광주광역시,충청북도,*) 재생제품,35275
2022,광주광역시,충청북도,*) 기타,0
2022,광주광역시,충청남도,합계,1205478
2022,광주광역시,충청남도,농산물,9816
2022,광주광역시,충청남도,임산물,439
2022,광주광역시,충청남도,수산물,13
2022,광주광역시,충청남도,축산물,289
2022,광주광역시,충청남도,석탄광물,0
2022,광주광역시,충청남도,석회석광물,0
2022,광주광역시,충청남도,비금속광물,2695
2022,광주광역시,충청남도,음식료품,23791
2022,광주광역시,충청남도,담배제품,532
2022,광주광역시,충청남도,섬유제품,981
2022,광주광역시,충청남도,의복,387
2022,광주광역시,충청남도,가죽,0
2022,광주광역시,충청남도,"목재,나무제품",1872
2022,광주광역시,충청남도,"펄프,종이",2385
2022,광주광역시,충청남도,"인쇄,기록매체",414
2022,광주광역시,충청남도,"코크스,연탄,석유정제품",632
2022,광주광역시,충청남도,"화합물,화학제품",5489
2022,광주광역시,충청남도,"고무,플라스틱제품",174236
2022,광주광역시,충청남도,비금속광물제품,38856
2022,광주광역시,충청남도,제1차금속제품,126898
2022,광주광역시,충청남도,금속가공제품,40740
2022,광주광역시,충청남도,"기타기계,장비제조품",54124
2022,광주광역시,충청남도,"전자부품,컴퓨터,영상,음향,통신장비",31673
2022,광주광역시,충청남도,전기장비제품,47496
2022,광주광역시,충청남도,"의료,정밀,광학기기,시계",1793
2022,광주광역시,충청남도,"자동차,트레일러",579902
2022,광주광역시,충청남도,기타운송장비,8
2022,광주광역시,충청남도,가구제품,2415
2022,광주광역시,충청남도,기타제품,60
2022,광주광역시,충청남도,*) 재생제품,57542
2022,광주광역시,충청남도,*) 기타,0
2022,광주광역시,전북특별자치도,합계,1186842
2022,광주광역시,전북특별자치도,농산물,12495
2022,광주광역시,전북특별자치도,임산물,799
2022,광주광역시,전북특별자치도,수산물,9
2022,광주광역시,전북특별자치도,축산물,758
2022,광주광역시,전북특별자치도,석탄광물,0
2022,광주광역시,전북특별자치도,석회석광물,0
2022,광주광역시,전북특별자치도,비금속광물,3996
2022,광주광역시,전북특별자치도,음식료품,38249
2022,광주광역시,전북특별자치도,담배제품,698
2022,광주광역시,전북특별자치도,섬유제품,1282
2022,광주광역시,전북특별자치도,의복,497
2022,광주광역시,전북특별자치도,가죽,0
2022,광주광역시,전북특별자치도,"목재,나무제품",1754
2022,광주광역시,전북특별자치도,"펄프,종이",5139
2022,광주광역시,전북특별자치도,"인쇄,기록매체",407
2022,광주광역시,전북특별자치도,"코크스,연탄,석유정제품",194
2022,광주광역시,전북특별자치도,"화합물,화학제품",3327
2022,광주광역시,전북특별자치도,"고무,플라스틱제품",89301
2022,광주광역시,전북특별자치도,비금속광물제품,21355
2022,광주광역시,전북특별자치도,제1차금속제품,82945
2022,광주광역시,전북특별자치도,금속가공제품,31597
2022,광주광역시,전북특별자치도,"기타기계,장비제조품",34495
2022,광주광역시,전북특별자치도,"전자부품,컴퓨터,영상,음향,통신장비",3799
2022,광주광역시,전북특별자치도,전기장비제품,21131
2022,광주광역시,전북특별자치도,"의료,정밀,광학기기,시계",766
2022,광주광역시,전북특별자치도,"자동차,트레일러",716803
2022,광주광역시,전북특별자치도,기타운송장비,28
2022,광주광역시,전북특별자치도,가구제품,1835
2022,광주광역시,전북특별자치도,기타제품,62
2022,광주광역시,전북특별자치도,*) 재생제품,113121
2022,광주광역시,전북특별자치도,*) 기타,0
2022,광주광역시,전라남도,합계,7176160
2022,광주광역시,전라남도,농산물,20335
2022,광주광역시,전라남도,임산물,1296
2022,광주광역시,전라남도,수산물,33
2022,광주광역시,전라남도,축산물,272
2022,광주광역시,전라남도,석탄광물,0
2022,광주광역시,전라남도,석회석광물,0
2022,광주광역시,전라남도,비금속광물,70565
2022,광주광역시,전라남도,음식료품,53194
2022,광주광역시,전라남도,담배제품,824
2022,광주광역시,전라남도,섬유제품,1741
2022,광주광역시,전라남도,의복,740
2022,광주광역시,전라남도,가죽,15180
2022,광주광역시,전라남도,"목재,나무제품",3706
2022,광주광역시,전라남도,"펄프,종이",6998
2022,광주광역시,전라남도,"인쇄,기록매체",922
2022,광주광역시,전라남도,"코크스,연탄,석유정제품",3790
2022,광주광역시,전라남도,"화합물,화학제품",28050
2022,광주광역시,전라남도,"고무,플라스틱제품",113951
2022,광주광역시,전라남도,비금속광물제품,74643
2022,광주광역시,전라남도,제1차금속제품,482576
2022,광주광역시,전라남도,금속가공제품,76082
2022,광주광역시,전라남도,"기타기계,장비제조품",92433
2022,광주광역시,전라남도,"전자부품,컴퓨터,영상,음향,통신장비",6620
2022,광주광역시,전라남도,전기장비제품,31779
2022,광주광역시,전라남도,"의료,정밀,광학기기,시계",2691
2022,광주광역시,전라남도,"자동차,트레일러",3282516
2022,광주광역시,전라남도,기타운송장비,109
2022,광주광역시,전라남도,가구제품,3737
2022,광주광역시,전라남도,기타제품,220
2022,광주광역시,전라남도,*) 재생제품,344032
2022,광주광역시,전라남도,*) 기타,2457125
2022,광주광역시,경상북도,합계,957121
2022,광주광역시,경상북도,농산물,6176
2022,광주광역시,경상북도,임산물,840
2022,광주광역시,경상북도,수산물,16
2022,광주광역시,경상북도,축산물,469
2022,광주광역시,경상북도,석탄광물,0
2022,광주광역시,경상북도,석회석광물,0
2022,광주광역시,경상북도,비금속광물,3250
2022,광주광역시,경상북도,음식료품,15816
2022,광주광역시,경상북도,담배제품,816
2022,광주광역시,경상북도,섬유제품,1160
2022,광주광역시,경상북도,의복,933
2022,광주광역시,경상북도,가죽,0
2022,광주광역시,경상북도,"목재,나무제품",2399
2022,광주광역시,경상북도,"펄프,종이",3296
2022,광주광역시,경상북도,"인쇄,기록매체",608
2022,광주광역시,경상북도,"코크스,연탄,석유정제품",196
2022,광주광역시,경상북도,"화합물,화학제품",4147
2022,광주광역시,경상북도,"고무,플라스틱제품",164013
2022,광주광역시,경상북도,비금속광물제품,43110
2022,광주광역시,경상북도,제1차금속제품,164781
2022,광주광역시,경상북도,금속가공제품,46697
2022,광주광역시,경상북도,"기타기계,장비제조품",28586
2022,광주광역시,경상북도,"전자부품,컴퓨터,영상,음향,통신장비",59387
2022,광주광역시,경상북도,전기장비제품,37294
2022,광주광역시,경상북도,"의료,정밀,광학기기,시계",2194
2022,광주광역시,경상북도,"자동차,트레일러",256554
2022,광주광역시,경상북도,기타운송장비,2
2022,광주광역시,경상북도,가구제품,2433
2022,광주광역시,경상북도,기타제품,108
2022,광주광역시,경상북도,*) 재생제품,111840
2022,광주광역시,경상북도,*) 기타,0
2022,광주광역시,경상남도,합계,1327084
2022,광주광역시,경상남도,농산물,7006
2022,광주광역시,경상남도,임산물,781
2022,광주광역시,경상남도,수산물,37
2022,광주광역시,경상남도,축산물,230
2022,광주광역시,경상남도,석탄광물,0
2022,광주광역시,경상남도,석회석광물,0
2022,광주광역시,경상남도,비금속광물,2699
2022,광주광역시,경상남도,음식료품,30538
2022,광주광역시,경상남도,담배제품,1375
2022,광주광역시,경상남도,섬유제품,1184
2022,광주광역시,경상남도,의복,724
2022,광주광역시,경상남도,가죽,0
2022,광주광역시,경상남도,"목재,나무제품",3538
2022,광주광역시,경상남도,"펄프,종이",6357
2022,광주광역시,경상남도,"인쇄,기록매체",874
2022,광주광역시,경상남도,"코크스,연탄,석유정제품",261
2022,광주광역시,경상남도,"화합물,화학제품",3476
2022,광주광역시,경상남도,"고무,플라스틱제품",185977
2022,광주광역시,경상남도,비금속광물제품,34180
2022,광주광역시,경상남도,제1차금속제품,168990
2022,광주광역시,경상남도,금속가공제품,117357
2022,광주광역시,경상남도,"기타기계,장비제조품",80102
2022,광주광역시,경상남도,"전자부품,컴퓨터,영상,음향,통신장비",5745
2022,광주광역시,경상남도,전기장비제품,62058
2022,광주광역시,경상남도,"의료,정밀,광학기기,시계",1926
2022,광주광역시,경상남도,"자동차,트레일러",431893
2022,광주광역시,경상남도,기타운송장비,203
2022,광주광역시,경상남도,가구제품,4123
2022,광주광역시,경상남도,기타제품,203
2022,광주광역시,경상남도,*) 재생제품,175247
2022,광주광역시,경상남도,*) 기타,0
2022,광주광역시,제주특별자치도,합계,0
2022,광주광역시,제주특별자치도,농산물,0
2022,광주광역시,제주특별자치도,임산물,0
2022,광주광역시,제주특별자치도,수산물,0
2022,광주광역시,제주특별자치도,축산물,0
2022,광주광역시,제주특별자치도,석탄광물,0
2022,광주광역시,제주특별자치도,석회석광물,0
2022,광주광역시,제주특별자치도,비금속광물,0
2022,광주광역시,제주특별자치도,음식료품,0
2022,광주광역시,제주특별자치도,담배제품,0
2022,광주광역시,제주특별자치도,섬유제품,0
2022,광주광역시,제주특별자치도,의복,0
2022,광주광역시,제주특별자치도,가죽,0
2022,광주광역시,제주특별자치도,"목재,나무제품",0
2022,광주광역시,제주특별자치도,"펄프,종이",0
2022,광주광역시,제주특별자치도,"인쇄,기록매체",0
2022,광주광역시,제주특별자치도,"코크스,연탄,석유정제품",0
2022,광주광역시,제주특별자치도,"화합물,화학제품",0
2022,광주광역시,제주특별자치도,"고무,플라스틱제품",0
2022,광주광역시,제주특별자치도,비금속광물제품,0
2022,광주광역시,제주특별자치도,제1차금속제품,0
2022,광주광역시,제주특별자치도,금속가공제품,0
2022,광주광역시,제주특별자치도,"기타기계,장비제조품",0
2022,광주광역시,제주특별자치도,"전자부품,컴퓨터,영상,음향,통신장비",0
2022,광주광역시,제주특별자치도,전기장비제품,0
2022,광주광역시,제주특별자치도,"의료,정밀,광학기기,시계",0
2022,광주광역시,제주특별자치도,"자동차,트레일러",0
2022,광주광역시,제주특별자치도,기타운송장비,0
2022,광주광역시,제주특별자치도,가구제품,0
2022,광주광역시,제주특별자치도,기타제품,0
2022,광주광역시,제주특별자치도,*) 재생제품,0
2022,광주광역시,제주특별자치도,*) 기타,0
2022,광주광역시,세종특별자치시,합계,45276
2022,광주광역시,세종특별자치시,농산물,820
2022,광주광역시,세종특별자치시,임산물,63
2022,광주광역시,세종특별자치시,수산물,0
2022,광주광역시,세종특별자치시,축산물,20
2022,광주광역시,세종특별자치시,석탄광물,0
2022,광주광역시,세종특별자치시,석회석광물,0
2022,광주광역시,세종특별자치시,비금속광물,463
2022,광주광역시,세종특별자치시,음식료품,1416
2022,광주광역시,세종특별자치시,담배제품,39
2022,광주광역시,세종특별자치시,섬유제품,57
2022,광주광역시,세종특별자치시,의복,24
2022,광주광역시,세종특별자치시,가죽,0
2022,광주광역시,세종특별자치시,"목재,나무제품",99
2022,광주광역시,세종특별자치시,"펄프,종이",366
2022,광주광역시,세종특별자치시,"인쇄,기록매체",80
2022,광주광역시,세종특별자치시,"코크스,연탄,석유정제품",6
2022,광주광역시,세종특별자치시,"화합물,화학제품",243
2022,광주광역시,세종특별자치시,"고무,플라스틱제품",11616
2022,광주광역시,세종특별자치시,비금속광물제품,2915
2022,광주광역시,세종특별자치시,제1차금속제품,2521
2022,광주광역시,세종특별자치시,금속가공제품,1302
2022,광주광역시,세종특별자치시,"기타기계,장비제조품",1125
2022,광주광역시,세종특별자치시,"전자부품,컴퓨터,영상,음향,통신장비",575
2022,광주광역시,세종특별자치시,전기장비제품,2042
2022,광주광역시,세종특별자치시,"의료,정밀,광학기기,시계",241
2022,광주광역시,세종특별자치시,"자동차,트레일러",14285
2022,광주광역시,세종특별자치시,기타운송장비,0
2022,광주광역시,세종특별자치시,가구제품,152
2022,광주광역시,세종특별자치시,기타제품,3
2022,광주광역시,세종특별자치시,*) 재생제품,4803
2022,광주광역시,세종특별자치시,*) 기타,0
2022,대전광역시,서울특별시,합계,114558
2022,대전광역시,서울특별시,농산물,2181
2022,대전광역시,서울특별시,임산물,168
2022,대전광역시,서울특별시,수산물,8
2022,대전광역시,서울특별시,축산물,200
2022,대전광역시,서울특별시,석탄광물,0
2022,대전광역시,서울특별시,석회석광물,0
2022,대전광역시,서울특별시,비금속광물,255
2022,대전광역시,서울특별시,음식료품,29174
2022,대전광역시,서울특별시,담배제품,2341
2022,대전광역시,서울특별시,섬유제품,22622
2022,대전광역시,서울특별시,의복,2158
2022,대전광역시,서울특별시,가죽,1128
2022,대전광역시,서울특별시,"목재,나무제품",577
2022,대전광역시,서울특별시,"펄프,종이",509
2022,대전광역시,서울특별시,"인쇄,기록매체",4041
2022,대전광역시,서울특별시,"코크스,연탄,석유정제품",901
2022,대전광역시,서울특별시,"화합물,화학제품",753
2022,대전광역시,서울특별시,"고무,플라스틱제품",938
2022,대전광역시,서울특별시,비금속광물제품,2676
2022,대전광역시,서울특별시,제1차금속제품,324
2022,대전광역시,서울특별시,금속가공제품,5690
2022,대전광역시,서울특별시,"기타기계,장비제조품",4739
2022,대전광역시,서울특별시,"전자부품,컴퓨터,영상,음향,통신장비",1485
2022,대전광역시,서울특별시,전기장비제품,6200
2022,대전광역시,서울특별시,"의료,정밀,광학기기,시계",13279
2022,대전광역시,서울특별시,"자동차,트레일러",1604
2022,대전광역시,서울특별시,기타운송장비,107
2022,대전광역시,서울특별시,가구제품,725
2022,대전광역시,서울특별시,기타제품,2844
2022,대전광역시,서울특별시,*) 재생제품,6931
2022,대전광역시,서울특별시,*) 기타,0
2022,대전광역시,부산광역시,합계,1324433
2022,대전광역시,부산광역시,농산물,578
2022,대전광역시,부산광역시,임산물,73
2022,대전광역시,부산광역시,수산물,19
2022,대전광역시,부산광역시,축산물,86
2022,대전광역시,부산광역시,석탄광물,0
2022,대전광역시,부산광역시,석회석광물,0
2022,대전광역시,부산광역시,비금속광물,6298
2022,대전광역시,부산광역시,음식료품,15387
2022,대전광역시,부산광역시,담배제품,381
2022,대전광역시,부산광역시,섬유제품,1540
2022,대전광역시,부산광역시,의복,430
2022,대전광역시,부산광역시,가죽,679
2022,대전광역시,부산광역시,"목재,나무제품",809
2022,대전광역시,부산광역시,"펄프,종이",409
2022,대전광역시,부산광역시,"인쇄,기록매체",1518
2022,대전광역시,부산광역시,"코크스,연탄,석유정제품",298
2022,대전광역시,부산광역시,"화합물,화학제품",1186
2022,대전광역시,부산광역시,"고무,플라스틱제품",455
2022,대전광역시,부산광역시,비금속광물제품,4387
2022,대전광역시,부산광역시,제1차금속제품,4433
2022,대전광역시,부산광역시,금속가공제품,4879
2022,대전광역시,부산광역시,"기타기계,장비제조품",2279
2022,대전광역시,부산광역시,"전자부품,컴퓨터,영상,음향,통신장비",1286
2022,대전광역시,부산광역시,전기장비제품,2332
2022,대전광역시,부산광역시,"의료,정밀,광학기기,시계",4418
2022,대전광역시,부산광역시,"자동차,트레일러",495
2022,대전광역시,부산광역시,기타운송장비,112
2022,대전광역시,부산광역시,가구제품,246
2022,대전광역시,부산광역시,기타제품,1665
2022,대전광역시,부산광역시,*) 재생제품,23237
2022,대전광역시,부산광역시,*) 기타,1244518
2022,대전광역시,대구광역시,합계,59504
2022,대전광역시,대구광역시,농산물,466
2022,대전광역시,대구광역시,임산물,48
2022,대전광역시,대구광역시,수산물,2
2022,대전광역시,대구광역시,축산물,316
2022,대전광역시,대구광역시,석탄광물,0
2022,대전광역시,대구광역시,석회석광물,0
2022,대전광역시,대구광역시,비금속광물,446
2022,대전광역시,대구광역시,음식료품,11203
2022,대전광역시,대구광역시,담배제품,344
2022,대전광역시,대구광역시,섬유제품,879
2022,대전광역시,대구광역시,의복,893
2022,대전광역시,대구광역시,가죽,110
2022,대전광역시,대구광역시,"목재,나무제품",375
2022,대전광역시,대구광역시,"펄프,종이",559
2022,대전광역시,대구광역시,"인쇄,기록매체",1380
2022,대전광역시,대구광역시,"코크스,연탄,석유정제품",188
2022,대전광역시,대구광역시,"화합물,화학제품",1142
2022,대전광역시,대구광역시,"고무,플라스틱제품",437
2022,대전광역시,대구광역시,비금속광물제품,2342
2022,대전광역시,대구광역시,제1차금속제품,582
2022,대전광역시,대구광역시,금속가공제품,4415
2022,대전광역시,대구광역시,"기타기계,장비제조품",1963
2022,대전광역시,대구광역시,"전자부품,컴퓨터,영상,음향,통신장비",1050
2022,대전광역시,대구광역시,전기장비제품,2353
2022,대전광역시,대구광역시,"의료,정밀,광학기기,시계",6413
2022,대전광역시,대구광역시,"자동차,트레일러",307
2022,대전광역시,대구광역시,기타운송장비,14
2022,대전광역시,대구광역시,가구제품,187
2022,대전광역시,대구광역시,기타제품,1176
2022,대전광역시,대구광역시,*) 재생제품,19914
2022,대전광역시,대구광역시,*) 기타,0
2022,대전광역시,인천광역시,합계,183959
2022,대전광역시,인천광역시,농산물,1007
2022,대전광역시,인천광역시,임산물,170
2022,대전광역시,인천광역시,수산물,3
2022,대전광역시,인천광역시,축산물,58
2022,대전광역시,인천광역시,석탄광물,0
2022,대전광역시,인천광역시,석회석광물,0
2022,대전광역시,인천광역시,비금속광물,479
2022,대전광역시,인천광역시,음식료품,9809
2022,대전광역시,인천광역시,담배제품,596
2022,대전광역시,인천광역시,섬유제품,1418
2022,대전광역시,인천광역시,의복,241
2022,대전광역시,인천광역시,가죽,160
2022,대전광역시,인천광역시,"목재,나무제품",876
2022,대전광역시,인천광역시,"펄프,종이",135
2022,대전광역시,인천광역시,"인쇄,기록매체",832
2022,대전광역시,인천광역시,"코크스,연탄,석유정제품",697
2022,대전광역시,인천광역시,"화합물,화학제품",1069
2022,대전광역시,인천광역시,"고무,플라스틱제품",694
2022,대전광역시,인천광역시,비금속광물제품,2966
2022,대전광역시,인천광역시,제1차금속제품,461
2022,대전광역시,인천광역시,금속가공제품,4885
2022,대전광역시,인천광역시,"기타기계,장비제조품",4457
2022,대전광역시,인천광역시,"전자부품,컴퓨터,영상,음향,통신장비",811
2022,대전광역시,인천광역시,전기장비제품,3709
2022,대전광역시,인천광역시,"의료,정밀,광학기기,시계",6422
2022,대전광역시,인천광역시,"자동차,트레일러",1397
2022,대전광역시,인천광역시,기타운송장비,79
2022,대전광역시,인천광역시,가구제품,177
2022,대전광역시,인천광역시,기타제품,828
2022,대전광역시,인천광역시,*) 재생제품,4674
2022,대전광역시,인천광역시,*) 기타,134849
2022,대전광역시,광주광역시,합계,42701
2022,대전광역시,광주광역시,농산물,305
2022,대전광역시,광주광역시,임산물,27
2022,대전광역시,광주광역시,수산물,0
2022,대전광역시,광주광역시,축산물,64
2022,대전광역시,광주광역시,석탄광물,0
2022,대전광역시,광주광역시,석회석광물,0
2022,대전광역시,광주광역시,비금속광물,155
2022,대전광역시,광주광역시,음식료품,6027
2022,대전광역시,광주광역시,담배제품,86
2022,대전광역시,광주광역시,섬유제품,951
2022,대전광역시,광주광역시,의복,286
2022,대전광역시,광주광역시,가죽,68
2022,대전광역시,광주광역시,"목재,나무제품",292
2022,대전광역시,광주광역시,"펄프,종이",260
2022,대전광역시,광주광역시,"인쇄,기록매체",880
2022,대전광역시,광주광역시,"코크스,연탄,석유정제품",129
2022,대전광역시,광주광역시,"화합물,화학제품",609
2022,대전광역시,광주광역시,"고무,플라스틱제품",378
2022,대전광역시,광주광역시,비금속광물제품,3520
2022,대전광역시,광주광역시,제1차금속제품,595
2022,대전광역시,광주광역시,금속가공제품,4171
2022,대전광역시,광주광역시,"기타기계,장비제조품",1866
2022,대전광역시,광주광역시,"전자부품,컴퓨터,영상,음향,통신장비",558
2022,대전광역시,광주광역시,전기장비제품,3251
2022,대전광역시,광주광역시,"의료,정밀,광학기기,시계",4066
2022,대전광역시,광주광역시,"자동차,트레일러",256
2022,대전광역시,광주광역시,기타운송장비,6
2022,대전광역시,광주광역시,가구제품,226
2022,대전광역시,광주광역시,기타제품,1470
2022,대전광역시,광주광역시,*) 재생제품,12199
2022,대전광역시,광주광역시,*) 기타,0
2022,대전광역시,대전광역시,합계,908460
2022,대전광역시,대전광역시,농산물,9603
2022,대전광역시,대전광역시,임산물,345
2022,대전광역시,대전광역시,수산물,4
2022,대전광역시,대전광역시,축산물,388
2022,대전광역시,대전광역시,석탄광물,0
2022,대전광역시,대전광역시,석회석광물,0
2022,대전광역시,대전광역시,비금속광물,5538
2022,대전광역시,대전광역시,음식료품,142163
2022,대전광역시,대전광역시,담배제품,6011
2022,대전광역시,대전광역시,섬유제품,10215
2022,대전광역시,대전광역시,의복,2213
2022,대전광역시,대전광역시,가죽,475
2022,대전광역시,대전광역시,"목재,나무제품",1746
2022,대전광역시,대전광역시,"펄프,종이",12838
2022,대전광역시,대전광역시,"인쇄,기록매체",12964
2022,대전광역시,대전광역시,"코크스,연탄,석유정제품",1088
2022,대전광역시,대전광역시,"화합물,화학제품",9098
2022,대전광역시,대전광역시,"고무,플라스틱제품",10545
2022,대전광역시,대전광역시,비금속광물제품,108463
2022,대전광역시,대전광역시,제1차금속제품,4613
2022,대전광역시,대전광역시,금속가공제품,35915
2022,대전광역시,대전광역시,"기타기계,장비제조품",27320
2022,대전광역시,대전광역시,"전자부품,컴퓨터,영상,음향,통신장비",16424
2022,대전광역시,대전광역시,전기장비제품,20735
2022,대전광역시,대전광역시,"의료,정밀,광학기기,시계",29930
2022,대전광역시,대전광역시,"자동차,트레일러",5237
2022,대전광역시,대전광역시,기타운송장비,205
2022,대전광역시,대전광역시,가구제품,1353
2022,대전광역시,대전광역시,기타제품,8786
2022,대전광역시,대전광역시,*) 재생제품,424245
2022,대전광역시,대전광역시,*) 기타,0
2022,대전광역시,울산광역시,합계,91243
2022,대전광역시,울산광역시,농산물,269
2022,대전광역시,울산광역시,임산물,41
2022,대전광역시,울산광역시,수산물,1
2022,대전광역시,울산광역시,축산물,31
2022,대전광역시,울산광역시,석탄광물,0
2022,대전광역시,울산광역시,석회석광물,0
2022,대전광역시,울산광역시,비금속광물,442
2022,대전광역시,울산광역시,음식료품,6737
2022,대전광역시,울산광역시,담배제품,158
2022,대전광역시,울산광역시,섬유제품,565
2022,대전광역시,울산광역시,의복,303
2022,대전광역시,울산광역시,가죽,69
2022,대전광역시,울산광역시,"목재,나무제품",615
2022,대전광역시,울산광역시,"펄프,종이",503
2022,대전광역시,울산광역시,"인쇄,기록매체",1813
2022,대전광역시,울산광역시,"코크스,연탄,석유정제품",4044
2022,대전광역시,울산광역시,"화합물,화학제품",8445
2022,대전광역시,울산광역시,"고무,플라스틱제품",710
2022,대전광역시,울산광역시,비금속광물제품,7440
2022,대전광역시,울산광역시,제1차금속제품,2609
2022,대전광역시,울산광역시,금속가공제품,12060
2022,대전광역시,울산광역시,"기타기계,장비제조품",5255
2022,대전광역시,울산광역시,"전자부품,컴퓨터,영상,음향,통신장비",984
2022,대전광역시,울산광역시,전기장비제품,7084
2022,대전광역시,울산광역시,"의료,정밀,광학기기,시계",7235
2022,대전광역시,울산광역시,"자동차,트레일러",1061
2022,대전광역시,울산광역시,기타운송장비,381
2022,대전광역시,울산광역시,가구제품,429
2022,대전광역시,울산광역시,기타제품,2454
2022,대전광역시,울산광역시,*) 재생제품,19505
2022,대전광역시,울산광역시,*) 기타,0
2022,대전광역시,경기도,합계,369642
2022,대전광역시,경기도,농산물,5461
2022,대전광역시,경기도,임산물,418
2022,대전광역시,경기도,수산물,18
2022,대전광역시,경기도,축산물,1288
2022,대전광역시,경기도,석탄광물,0
2022,대전광역시,경기도,석회석광물,0
2022,대전광역시,경기도,비금속광물,2489
2022,대전광역시,경기도,음식료품,67959
2022,대전광역시,경기도,담배제품,2679
2022,대전광역시,경기도,섬유제품,10352
2022,대전광역시,경기도,의복,1870
2022,대전광역시,경기도,가죽,1485
2022,대전광역시,경기도,"목재,나무제품",3641
2022,대전광역시,경기도,"펄프,종이",1092
2022,대전광역시,경기도,"인쇄,기록매체",6799
2022,대전광역시,경기도,"코크스,연탄,석유정제품",1209
2022,대전광역시,경기도,"화합물,화학제품",5022
2022,대전광역시,경기도,"고무,플라스틱제품",4884
2022,대전광역시,경기도,비금속광물제품,37336
2022,대전광역시,경기도,제1차금속제품,3598
2022,대전광역시,경기도,금속가공제품,27888
2022,대전광역시,경기도,"기타기계,장비제조품",28808
2022,대전광역시,경기도,"전자부품,컴퓨터,영상,음향,통신장비",19818
2022,대전광역시,경기도,전기장비제품,24365
2022,대전광역시,경기도,"의료,정밀,광학기기,시계",60966
2022,대전광역시,경기도,"자동차,트레일러",5622
2022,대전광역시,경기도,기타운송장비,265
2022,대전광역시,경기도,가구제품,1290
2022,대전광역시,경기도,기타제품,5047
2022,대전광역시,경기도,*) 재생제품,32634
2022,대전광역시,경기도,*) 기타,5339
2022,대전광역시,강원특별자치도,합계,37007
2022,대전광역시,강원특별자치도,농산물,888
2022,대전광역시,강원특별자치도,임산물,152
2022,대전광역시,강원특별자치도,수산물,9
2022,대전광역시,강원특별자치도,축산물,331
2022,대전광역시,강원특별자치도,석탄광물,0
2022,대전광역시,강원특별자치도,석회석광물,0
2022,대전광역시,강원특별자치도,비금속광물,1496
2022,대전광역시,강원특별자치도,음식료품,10869
2022,대전광역시,강원특별자치도,담배제품,288
2022,대전광역시,강원특별자치도,섬유제품,608
2022,대전광역시,강원특별자치도,의복,149
2022,대전광역시,강원특별자치도,가죽,43
2022,대전광역시,강원특별자치도,"목재,나무제품",140
2022,대전광역시,강원특별자치도,"펄프,종이",104
2022,대전광역시,강원특별자치도,"인쇄,기록매체",356
2022,대전광역시,강원특별자치도,"코크스,연탄,석유정제품",133
2022,대전광역시,강원특별자치도,"화합물,화학제품",328
2022,대전광역시,강원특별자치도,"고무,플라스틱제품",259
2022,대전광역시,강원특별자치도,비금속광물제품,4844
2022,대전광역시,강원특별자치도,제1차금속제품,192
2022,대전광역시,강원특별자치도,금속가공제품,2255
2022,대전광역시,강원특별자치도,"기타기계,장비제조품",725
2022,대전광역시,강원특별자치도,"전자부품,컴퓨터,영상,음향,통신장비",262
2022,대전광역시,강원특별자치도,전기장비제품,939
2022,대전광역시,강원특별자치도,"의료,정밀,광학기기,시계",5114
2022,대전광역시,강원특별자치도,"자동차,트레일러",347
2022,대전광역시,강원특별자치도,기타운송장비,94
2022,대전광역시,강원특별자치도,가구제품,74
2022,대전광역시,강원특별자치도,기타제품,416
2022,대전광역시,강원특별자치도,*) 재생제품,5592
2022,대전광역시,강원특별자치도,*) 기타,0
2022,대전광역시,충청북도,합계,224541
2022,대전광역시,충청북도,농산물,3426
2022,대전광역시,충청북도,임산물,242
2022,대전광역시,충청북도,수산물,3
2022,대전광역시,충청북도,축산물,1985
2022,대전광역시,충청북도,석탄광물,0
2022,대전광역시,충청북도,석회석광물,0
2022,대전광역시,충청북도,비금속광물,4027
2022,대전광역시,충청북도,음식료품,63730
2022,대전광역시,충청북도,담배제품,437
2022,대전광역시,충청북도,섬유제품,2484
2022,대전광역시,충청북도,의복,587
2022,대전광역시,충청북도,가죽,223
2022,대전광역시,충청북도,"목재,나무제품",1475
2022,대전광역시,충청북도,"펄프,종이",946
2022,대전광역시,충청북도,"인쇄,기록매체",2722
2022,대전광역시,충청북도,"코크스,연탄,석유정제품",252
2022,대전광역시,충청북도,"화합물,화학제품",4056
2022,대전광역시,충청북도,"고무,플라스틱제품",2583
2022,대전광역시,충청북도,비금속광물제품,30796
2022,대전광역시,충청북도,제1차금속제품,2380
2022,대전광역시,충청북도,금속가공제품,12990
2022,대전광역시,충청북도,"기타기계,장비제조품",6767
2022,대전광역시,충청북도,"전자부품,컴퓨터,영상,음향,통신장비",9935
2022,대전광역시,충청북도,전기장비제품,9415
2022,대전광역시,충청북도,"의료,정밀,광학기기,시계",21568
2022,대전광역시,충청북도,"자동차,트레일러",1069
2022,대전광역시,충청북도,기타운송장비,88
2022,대전광역시,충청북도,가구제품,531
2022,대전광역시,충청북도,기타제품,3173
2022,대전광역시,충청북도,*) 재생제품,36651
2022,대전광역시,충청북도,*) 기타,0
2022,대전광역시,충청남도,합계,276818
2022,대전광역시,충청남도,농산물,4339
2022,대전광역시,충청남도,임산물,232
2022,대전광역시,충청남도,수산물,7
2022,대전광역시,충청남도,축산물,797
2022,대전광역시,충청남도,석탄광물,0
2022,대전광역시,충청남도,석회석광물,0
2022,대전광역시,충청남도,비금속광물,2386
2022,대전광역시,충청남도,음식료품,53533
2022,대전광역시,충청남도,담배제품,487
2022,대전광역시,충청남도,섬유제품,3004
2022,대전광역시,충청남도,의복,682
2022,대전광역시,충청남도,가죽,175
2022,대전광역시,충청남도,"목재,나무제품",1486
2022,대전광역시,충청남도,"펄프,종이",1010
2022,대전광역시,충청남도,"인쇄,기록매체",2146
2022,대전광역시,충청남도,"코크스,연탄,석유정제품",2134
2022,대전광역시,충청남도,"화합물,화학제품",8877
2022,대전광역시,충청남도,"고무,플라스틱제품",3380
2022,대전광역시,충청남도,비금속광물제품,47398
2022,대전광역시,충청남도,제1차금속제품,4767
2022,대전광역시,충청남도,금속가공제품,17387
2022,대전광역시,충청남도,"기타기계,장비제조품",13509
2022,대전광역시,충청남도,"전자부품,컴퓨터,영상,음향,통신장비",21349
2022,대전광역시,충청남도,전기장비제품,15080
2022,대전광역시,충청남도,"의료,정밀,광학기기,시계",24640
2022,대전광역시,충청남도,"자동차,트레일러",3114
2022,대전광역시,충청남도,기타운송장비,123
2022,대전광역시,충청남도,가구제품,899
2022,대전광역시,충청남도,기타제품,3883
2022,대전광역시,충청남도,*) 재생제품,39994
2022,대전광역시,충청남도,*) 기타,0
2022,대전광역시,전북특별자치도,합계,128437
2022,대전광역시,전북특별자치도,농산물,2454
2022,대전광역시,전북특별자치도,임산물,226
2022,대전광역시,전북특별자치도,수산물,3
2022,대전광역시,전북특별자치도,축산물,1324
2022,대전광역시,전북특별자치도,석탄광물,0
2022,대전광역시,전북특별자치도,석회석광물,0
2022,대전광역시,전북특별자치도,비금속광물,1599
2022,대전광역시,전북특별자치도,음식료품,37678
2022,대전광역시,전북특별자치도,담배제품,345
2022,대전광역시,전북특별자치도,섬유제품,2018
2022,대전광역시,전북특별자치도,의복,492
2022,대전광역시,전북특별자치도,가죽,102
2022,대전광역시,전북특별자치도,"목재,나무제품",741
2022,대전광역시,전북특별자치도,"펄프,종이",14096
2022,대전광역시,전북특별자치도,"인쇄,기록매체",1127
2022,대전광역시,전북특별자치도,"코크스,연탄,석유정제품",369
2022,대전광역시,전북특별자치도,"화합물,화학제품",2603
2022,대전광역시,전북특별자치도,"고무,플라스틱제품",836
2022,대전광역시,전북특별자치도,비금속광물제품,9758
2022,대전광역시,전북특별자치도,제1차금속제품,1464
2022,대전광역시,전북특별자치도,금속가공제품,6268
2022,대전광역시,전북특별자치도,"기타기계,장비제조품",4049
2022,대전광역시,전북특별자치도,"전자부품,컴퓨터,영상,음향,통신장비",1079
2022,대전광역시,전북특별자치도,전기장비제품,3244
2022,대전광역시,전북특별자치도,"의료,정밀,광학기기,시계",5114
2022,대전광역시,전북특별자치도,"자동차,트레일러",1612
2022,대전광역시,전북특별자치도,기타운송장비,226
2022,대전광역시,전북특별자치도,가구제품,362
2022,대전광역시,전북특별자치도,기타제품,1576
2022,대전광역시,전북특별자치도,*) 재생제품,27672
2022,대전광역시,전북특별자치도,*) 기타,0
2022,대전광역시,전라남도,합계,124472
2022,대전광역시,전라남도,농산물,1341
2022,대전광역시,전라남도,임산물,156
2022,대전광역시,전라남도,수산물,8
2022,대전광역시,전라남도,축산물,260
2022,대전광역시,전라남도,석탄광물,0
2022,대전광역시,전라남도,석회석광물,0
2022,대전광역시,전라남도,비금속광물,1603
2022,대전광역시,전라남도,음식료품,18299
2022,대전광역시,전라남도,담배제품,196
2022,대전광역시,전라남도,섬유제품,1120
2022,대전광역시,전라남도,의복,341
2022,대전광역시,전라남도,가죽,72
2022,대전광역시,전라남도,"목재,나무제품",714
2022,대전광역시,전라남도,"펄프,종이",347
2022,대전광역시,전라남도,"인쇄,기록매체",1109
2022,대전광역시,전라남도,"코크스,연탄,석유정제품",3012
2022,대전광역시,전라남도,"화합물,화학제품",8949
2022,대전광역시,전라남도,"고무,플라스틱제품",418
2022,대전광역시,전라남도,비금속광물제품,10126
2022,대전광역시,전라남도,제1차금속제품,3011
2022,대전광역시,전라남도,금속가공제품,5685
2022,대전광역시,전라남도,"기타기계,장비제조품",4139
2022,대전광역시,전라남도,"전자부품,컴퓨터,영상,음향,통신장비",693
2022,대전광역시,전라남도,전기장비제품,1977
2022,대전광역시,전라남도,"의료,정밀,광학기기,시계",7315
2022,대전광역시,전라남도,"자동차,트레일러",120
2022,대전광역시,전라남도,기타운송장비,377
2022,대전광역시,전라남도,가구제품,320
2022,대전광역시,전라남도,기타제품,1870
2022,대전광역시,전라남도,*) 재생제품,23199
2022,대전광역시,전라남도,*) 기타,27695
2022,대전광역시,경상북도,합계,209138
2022,대전광역시,경상북도,농산물,1779
2022,대전광역시,경상북도,임산물,322
2022,대전광역시,경상북도,수산물,7
2022,대전광역시,경상북도,축산물,1052
2022,대전광역시,경상북도,석탄광물,0
2022,대전광역시,경상북도,석회석광물,0
2022,대전광역시,경상북도,비금속광물,2058
2022,대전광역시,경상북도,음식료품,24871
2022,대전광역시,경상북도,담배제품,540
2022,대전광역시,경상북도,섬유제품,2736
2022,대전광역시,경상북도,의복,1267
2022,대전광역시,경상북도,가죽,159
2022,대전광역시,경상북도,"목재,나무제품",1437
2022,대전광역시,경상북도,"펄프,종이",937
2022,대전광역시,경상북도,"인쇄,기록매체",2415
2022,대전광역시,경상북도,"코크스,연탄,석유정제품",510
2022,대전광역시,경상북도,"화합물,화학제품",4553
2022,대전광역시,경상북도,"고무,플라스틱제품",2346
2022,대전광역시,경상북도,비금속광물제품,34290
2022,대전광역시,경상북도,제1차금속제품,4648
2022,대전광역시,경상북도,금속가공제품,14390
2022,대전광역시,경상북도,"기타기계,장비제조품",4956
2022,대전광역시,경상북도,"전자부품,컴퓨터,영상,음향,통신장비",24050
2022,대전광역시,경상북도,전기장비제품,8382
2022,대전광역시,경상북도,"의료,정밀,광학기기,시계",20276
2022,대전광역시,경상북도,"자동차,트레일러",949
2022,대전광역시,경상북도,기타운송장비,29
2022,대전광역시,경상북도,가구제품,694
2022,대전광역시,경상북도,기타제품,4594
2022,대전광역시,경상북도,*) 재생제품,44891
2022,대전광역시,경상북도,*) 기타,0
2022,대전광역시,경상남도,합계,168716
2022,대전광역시,경상남도,농산물,1279
2022,대전광역시,경상남도,임산물,210
2022,대전광역시,경상남도,수산물,13
2022,대전광역시,경상남도,축산물,398
2022,대전광역시,경상남도,석탄광물,0
2022,대전광역시,경상남도,석회석광물,0
2022,대전광역시,경상남도,비금속광물,1044
2022,대전광역시,경상남도,음식료품,29841
2022,대전광역시,경상남도,담배제품,650
2022,대전광역시,경상남도,섬유제품,1845
2022,대전광역시,경상남도,의복,701
2022,대전광역시,경상남도,가죽,216
2022,대전광역시,경상남도,"목재,나무제품",1487
2022,대전광역시,경상남도,"펄프,종이",1089
2022,대전광역시,경상남도,"인쇄,기록매체",2417
2022,대전광역시,경상남도,"코크스,연탄,석유정제품",473
2022,대전광역시,경상남도,"화합물,화학제품",2624
2022,대전광역시,경상남도,"고무,플라스틱제품",1694
2022,대전광역시,경상남도,비금속광물제품,15652
2022,대전광역시,경상남도,제1차금속제품,2991
2022,대전광역시,경상남도,금속가공제품,23126
2022,대전광역시,경상남도,"기타기계,장비제조품",8875
2022,대전광역시,경상남도,"전자부품,컴퓨터,영상,음향,통신장비",1527
2022,대전광역시,경상남도,전기장비제품,9198
2022,대전광역시,경상남도,"의료,정밀,광학기기,시계",11999
2022,대전광역시,경상남도,"자동차,트레일러",916
2022,대전광역시,경상남도,기타운송장비,1469
2022,대전광역시,경상남도,가구제품,804
2022,대전광역시,경상남도,기타제품,5268
2022,대전광역시,경상남도,*) 재생제품,40910
2022,대전광역시,경상남도,*) 기타,0
2022,대전광역시,제주특별자치도,합계,0
2022,대전광역시,제주특별자치도,농산물,0
2022,대전광역시,제주특별자치도,임산물,0
2022,대전광역시,제주특별자치도,수산물,0
2022,대전광역시,제주특별자치도,축산물,0
2022,대전광역시,제주특별자치도,석탄광물,0
2022,대전광역시,제주특별자치도,석회석광물,0
2022,대전광역시,제주특별자치도,비금속광물,0
2022,대전광역시,제주특별자치도,음식료품,0
2022,대전광역시,제주특별자치도,담배제품,0
2022,대전광역시,제주특별자치도,섬유제품,0
2022,대전광역시,제주특별자치도,의복,0
2022,대전광역시,제주특별자치도,가죽,0
2022,대전광역시,제주특별자치도,"목재,나무제품",0
2022,대전광역시,제주특별자치도,"펄프,종이",0
2022,대전광역시,제주특별자치도,"인쇄,기록매체",0
2022,대전광역시,제주특별자치도,"코크스,연탄,석유정제품",0
2022,대전광역시,제주특별자치도,"화합물,화학제품",0
2022,대전광역시,제주특별자치도,"고무,플라스틱제품",0
2022,대전광역시,제주특별자치도,비금속광물제품,0
2022,대전광역시,제주특별자치도,제1차금속제품,0
2022,대전광역시,제주특별자치도,금속가공제품,0
2022,대전광역시,제주특별자치도,"기타기계,장비제조품",0
2022,대전광역시,제주특별자치도,"전자부품,컴퓨터,영상,음향,통신장비",0
2022,대전광역시,제주특별자치도,전기장비제품,0
2022,대전광역시,제주특별자치도,"의료,정밀,광학기기,시계",0
2022,대전광역시,제주특별자치도,"자동차,트레일러",0
2022,대전광역시,제주특별자치도,기타운송장비,0
2022,대전광역시,제주특별자치도,가구제품,0
2022,대전광역시,제주특별자치도,기타제품,0
2022,대전광역시,제주특별자치도,*) 재생제품,0
2022,대전광역시,제주특별자치도,*) 기타,0
2022,대전광역시,세종특별자치시,합계,33034
2022,대전광역시,세종특별자치시,농산물,629
2022,대전광역시,세종특별자치시,임산물,53
2022,대전광역시,세종특별자치시,수산물,0
2022,대전광역시,세종특별자치시,축산물,80
2022,대전광역시,세종특별자치시,석탄광물,0
2022,대전광역시,세종특별자치시,석회석광물,0
2022,대전광역시,세종특별자치시,비금속광물,754
2022,대전광역시,세종특별자치시,음식료품,5413
2022,대전광역시,세종특별자치시,담배제품,60
2022,대전광역시,세종특별자치시,섬유제품,283
2022,대전광역시,세종특별자치시,의복,61
2022,대전광역시,세종특별자치시,가죽,10
2022,대전광역시,세종특별자치시,"목재,나무제품",125
2022,대전광역시,세종특별자치시,"펄프,종이",286
2022,대전광역시,세종특별자치시,"인쇄,기록매체",608
2022,대전광역시,세종특별자치시,"코크스,연탄,석유정제품",36
2022,대전광역시,세종특별자치시,"화합물,화학제품",676
2022,대전광역시,세종특별자치시,"고무,플라스틱제품",388
2022,대전광역시,세종특별자치시,비금속광물제품,6953
2022,대전광역시,세종특별자치시,제1차금속제품,165
2022,대전광역시,세종특별자치시,금속가공제품,972
2022,대전광역시,세종특별자치시,"기타기계,장비제조품",506
2022,대전광역시,세종특별자치시,"전자부품,컴퓨터,영상,음향,통신장비",739
2022,대전광역시,세종특별자치시,전기장비제품,1140
2022,대전광역시,세종특별자치시,"의료,정밀,광학기기,시계",5896
2022,대전광역시,세종특별자치시,"자동차,트레일러",145
2022,대전광역시,세종특별자치시,기타운송장비,2
2022,대전광역시,세종특별자치시,가구제품,86
2022,대전광역시,세종특별자치시,기타제품,450
2022,대전광역시,세종특별자치시,*) 재생제품,6518
2022,대전광역시,세종특별자치시,*) 기타,0
2022,울산광역시,서울특별시,합계,300096
2022,울산광역시,서울특별시,농산물,3803
2022,울산광역시,서울특별시,임산물,409
2022,울산광역시,서울특별시,수산물,1152
2022,울산광역시,서울특별시,축산물,325
2022,울산광역시,서울특별시,석탄광물,0
2022,울산광역시,서울특별시,석회석광물,0
2022,울산광역시,서울특별시,비금속광물,30090
2022,울산광역시,서울특별시,음식료품,7744
2022,울산광역시,서울특별시,담배제품,0
2022,울산광역시,서울특별시,섬유제품,53677
2022,울산광역시,서울특별시,의복,262
2022,울산광역시,서울특별시,가죽,1153
2022,울산광역시,서울특별시,"목재,나무제품",1005
2022,울산광역시,서울특별시,"펄프,종이",1136
2022,울산광역시,서울특별시,"인쇄,기록매체",14
2022,울산광역시,서울특별시,"코크스,연탄,석유정제품",16466
2022,울산광역시,서울특별시,"화합물,화학제품",8272
2022,울산광역시,서울특별시,"고무,플라스틱제품",11154
2022,울산광역시,서울특별시,비금속광물제품,10407
2022,울산광역시,서울특별시,제1차금속제품,2821
2022,울산광역시,서울특별시,금속가공제품,14398
2022,울산광역시,서울특별시,"기타기계,장비제조품",4493
2022,울산광역시,서울특별시,"전자부품,컴퓨터,영상,음향,통신장비",72
2022,울산광역시,서울특별시,전기장비제품,3231
2022,울산광역시,서울특별시,"의료,정밀,광학기기,시계",725
2022,울산광역시,서울특별시,"자동차,트레일러",107942
2022,울산광역시,서울특별시,기타운송장비,15787
2022,울산광역시,서울특별시,가구제품,4
2022,울산광역시,서울특별시,기타제품,287
2022,울산광역시,서울특별시,*) 재생제품,2132
2022,울산광역시,서울특별시,*) 기타,1135
2022,울산광역시,부산광역시,합계,14885329
2022,울산광역시,부산광역시,농산물,6876
2022,울산광역시,부산광역시,임산물,835
2022,울산광역시,부산광역시,수산물,5779
2022,울산광역시,부산광역시,축산물,430
2022,울산광역시,부산광역시,석탄광물,0
2022,울산광역시,부산광역시,석회석광물,0
2022,울산광역시,부산광역시,비금속광물,311564
2022,울산광역시,부산광역시,음식료품,27770
2022,울산광역시,부산광역시,담배제품,0
2022,울산광역시,부산광역시,섬유제품,17263
2022,울산광역시,부산광역시,의복,199
2022,울산광역시,부산광역시,가죽,2675
2022,울산광역시,부산광역시,"목재,나무제품",6175
2022,울산광역시,부산광역시,"펄프,종이",7921
2022,울산광역시,부산광역시,"인쇄,기록매체",24
2022,울산광역시,부산광역시,"코크스,연탄,석유정제품",529119
2022,울산광역시,부산광역시,"화합물,화학제품",68094
2022,울산광역시,부산광역시,"고무,플라스틱제품",32300
2022,울산광역시,부산광역시,비금속광물제품,160719
2022,울산광역시,부산광역시,제1차금속제품,67381
2022,울산광역시,부산광역시,금속가공제품,71266
2022,울산광역시,부산광역시,"기타기계,장비제조품",16164
2022,울산광역시,부산광역시,"전자부품,컴퓨터,영상,음향,통신장비",417
2022,울산광역시,부산광역시,전기장비제품,7918
2022,울산광역시,부산광역시,"의료,정밀,광학기기,시계",1215
2022,울산광역시,부산광역시,"자동차,트레일러",255727
2022,울산광역시,부산광역시,기타운송장비,66079
2022,울산광역시,부산광역시,가구제품,6
2022,울산광역시,부산광역시,기타제품,1312
2022,울산광역시,부산광역시,*) 재생제품,68627
2022,울산광역시,부산광역시,*) 기타,13151474
2022,울산광역시,대구광역시,합계,532658
2022,울산광역시,대구광역시,농산물,153698
2022,울산광역시,대구광역시,임산물,262
2022,울산광역시,대구광역시,수산물,464
2022,울산광역시,대구광역시,축산물,906
2022,울산광역시,대구광역시,석탄광물,0
2022,울산광역시,대구광역시,석회석광물,0
2022,울산광역시,대구광역시,비금속광물,136420
2022,울산광역시,대구광역시,음식료품,7786
2022,울산광역시,대구광역시,담배제품,0
2022,울산광역시,대구광역시,섬유제품,4544
2022,울산광역시,대구광역시,의복,209
2022,울산광역시,대구광역시,가죽,227
2022,울산광역시,대구광역시,"목재,나무제품",1397
2022,울산광역시,대구광역시,"펄프,종이",3788
2022,울산광역시,대구광역시,"인쇄,기록매체",10
2022,울산광역시,대구광역시,"코크스,연탄,석유정제품",7301
2022,울산광역시,대구광역시,"화합물,화학제품",29309
2022,울산광역시,대구광역시,"고무,플라스틱제품",12997
2022,울산광역시,대구광역시,비금속광물제품,29046
2022,울산광역시,대구광역시,제1차금속제품,12607
2022,울산광역시,대구광역시,금속가공제품,27722
2022,울산광역시,대구광역시,"기타기계,장비제조품",4655
2022,울산광역시,대구광역시,"전자부품,컴퓨터,영상,음향,통신장비",138
2022,울산광역시,대구광역시,전기장비제품,2960
2022,울산광역시,대구광역시,"의료,정밀,광학기기,시계",820
2022,울산광역시,대구광역시,"자동차,트레일러",60094
2022,울산광역시,대구광역시,기타운송장비,4478
2022,울산광역시,대구광역시,가구제품,2
2022,울산광역시,대구광역시,기타제품,321
2022,울산광역시,대구광역시,*) 재생제품,19084
2022,울산광역시,대구광역시,*) 기타,11413
2022,울산광역시,인천광역시,합계,297523
2022,울산광역시,인천광역시,농산물,1826
2022,울산광역시,인천광역시,임산물,427
2022,울산광역시,인천광역시,수산물,531
2022,울산광역시,인천광역시,축산물,97
2022,울산광역시,인천광역시,석탄광물,0
2022,울산광역시,인천광역시,석회석광물,0
2022,울산광역시,인천광역시,비금속광물,59379
2022,울산광역시,인천광역시,음식료품,2720
2022,울산광역시,인천광역시,담배제품,0
2022,울산광역시,인천광역시,섬유제품,3495
2022,울산광역시,인천광역시,의복,30
2022,울산광역시,인천광역시,가죽,168
2022,울산광역시,인천광역시,"목재,나무제품",1575
2022,울산광역시,인천광역시,"펄프,종이",318
2022,울산광역시,인천광역시,"인쇄,기록매체",3
2022,울산광역시,인천광역시,"코크스,연탄,석유정제품",13221
2022,울산광역시,인천광역시,"화합물,화학제품",12095
2022,울산광역시,인천광역시,"고무,플라스틱제품",8593
2022,울산광역시,인천광역시,비금속광물제품,12114
2022,울산광역시,인천광역시,제1차금속제품,4179
2022,울산광역시,인천광역시,금속가공제품,12854
2022,울산광역시,인천광역시,"기타기계,장비제조품",4372
2022,울산광역시,인천광역시,"전자부품,컴퓨터,영상,음향,통신장비",40
2022,울산광역시,인천광역시,전기장비제품,2001
2022,울산광역시,인천광역시,"의료,정밀,광학기기,시계",360
2022,울산광역시,인천광역시,"자동차,트레일러",98089
2022,울산광역시,인천광역시,기타운송장비,11984
2022,울산광역시,인천광역시,가구제품,1
2022,울산광역시,인천광역시,기타제품,87
2022,울산광역시,인천광역시,*) 재생제품,1495
2022,울산광역시,인천광역시,*) 기타,45469
2022,울산광역시,광주광역시,합계,116749
2022,울산광역시,광주광역시,농산물,647
2022,울산광역시,광주광역시,임산물,79
2022,울산광역시,광주광역시,수산물,135
2022,울산광역시,광주광역시,축산물,118
2022,울산광역시,광주광역시,석탄광물,0
2022,울산광역시,광주광역시,석회석광물,0
2022,울산광역시,광주광역시,비금속광물,23491
2022,울산광역시,광주광역시,음식료품,1973
2022,울산광역시,광주광역시,담배제품,0
2022,울산광역시,광주광역시,섬유제품,2673
2022,울산광역시,광주광역시,의복,39
2022,울산광역시,광주광역시,가죽,79
2022,울산광역시,광주광역시,"목재,나무제품",609
2022,울산광역시,광주광역시,"펄프,종이",747
2022,울산광역시,광주광역시,"인쇄,기록매체",3
2022,울산광역시,광주광역시,"코크스,연탄,석유정제품",2885
2022,울산광역시,광주광역시,"화합물,화학제품",8050
2022,울산광역시,광주광역시,"고무,플라스틱제품",5549
2022,울산광역시,광주광역시,비금속광물제품,17795
2022,울산광역시,광주광역시,제1차금속제품,6495
2022,울산광역시,광주광역시,금속가공제품,12974
2022,울산광역시,광주광역시,"기타기계,장비제조품",2148
2022,울산광역시,광주광역시,"전자부품,컴퓨터,영상,음향,통신장비",33
2022,울산광역시,광주광역시,전기장비제품,2037
2022,울산광역시,광주광역시,"의료,정밀,광학기기,시계",259
2022,울산광역시,광주광역시,"자동차,트레일러",21840
2022,울산광역시,광주광역시,기타운송장비,1202
2022,울산광역시,광주광역시,가구제품,1
2022,울산광역시,광주광역시,기타제품,186
2022,울산광역시,광주광역시,*) 재생제품,4702
2022,울산광역시,광주광역시,*) 기타,0
2022,울산광역시,대전광역시,합계,176750
2022,울산광역시,대전광역시,농산물,66916
2022,울산광역시,대전광역시,임산물,80
2022,울산광역시,대전광역시,수산물,246
2022,울산광역시,대전광역시,축산물,112
2022,울산광역시,대전광역시,석탄광물,0
2022,울산광역시,대전광역시,석회석광물,0
2022,울산광역시,대전광역시,비금속광물,33791
2022,울산광역시,대전광역시,음식료품,1968
2022,울산광역시,대전광역시,담배제품,0
2022,울산광역시,대전광역시,섬유제품,2141
2022,울산광역시,대전광역시,의복,32
2022,울산광역시,대전광역시,가죽,64
2022,울산광역시,대전광역시,"목재,나무제품",344
2022,울산광역시,대전광역시,"펄프,종이",1027
2022,울산광역시,대전광역시,"인쇄,기록매체",4
2022,울산광역시,대전광역시,"코크스,연탄,석유정제품",2140
2022,울산광역시,대전광역시,"화합물,화학제품",9664
2022,울산광역시,대전광역시,"고무,플라스틱제품",8326
2022,울산광역시,대전광역시,비금속광물제품,13525
2022,울산광역시,대전광역시,제1차금속제품,2755
2022,울산광역시,대전광역시,금속가공제품,6473
2022,울산광역시,대전광역시,"기타기계,장비제조품",2042
2022,울산광역시,대전광역시,"전자부품,컴퓨터,영상,음향,통신장비",56
2022,울산광역시,대전광역시,전기장비제품,879
2022,울산광역시,대전광역시,"의료,정밀,광학기기,시계",161
2022,울산광역시,대전광역시,"자동차,트레일러",16022
2022,울산광역시,대전광역시,기타운송장비,3927
2022,울산광역시,대전광역시,가구제품,0
2022,울산광역시,대전광역시,기타제품,39
2022,울산광역시,대전광역시,*) 재생제품,4016
2022,울산광역시,대전광역시,*) 기타,0
2022,울산광역시,울산광역시,합계,79194746
2022,울산광역시,울산광역시,농산물,943187
2022,울산광역시,울산광역시,임산물,1556
2022,울산광역시,울산광역시,수산물,573
2022,울산광역시,울산광역시,축산물,386
2022,울산광역시,울산광역시,석탄광물,1854911
2022,울산광역시,울산광역시,석회석광물,1677019
2022,울산광역시,울산광역시,비금속광물,7823920
2022,울산광역시,울산광역시,음식료품,1015265
2022,울산광역시,울산광역시,담배제품,0
2022,울산광역시,울산광역시,섬유제품,38846
2022,울산광역시,울산광역시,의복,632
2022,울산광역시,울산광역시,가죽,908
2022,울산광역시,울산광역시,"목재,나무제품",1043036
2022,울산광역시,울산광역시,"펄프,종이",657505
2022,울산광역시,울산광역시,"인쇄,기록매체",172
2022,울산광역시,울산광역시,"코크스,연탄,석유정제품",10357967
2022,울산광역시,울산광역시,"화합물,화학제품",22409132
2022,울산광역시,울산광역시,"고무,플라스틱제품",262570
2022,울산광역시,울산광역시,비금속광물제품,1939594
2022,울산광역시,울산광역시,제1차금속제품,2982252
2022,울산광역시,울산광역시,금속가공제품,1167014
2022,울산광역시,울산광역시,"기타기계,장비제조품",373909
2022,울산광역시,울산광역시,"전자부품,컴퓨터,영상,음향,통신장비",2371
2022,울산광역시,울산광역시,전기장비제품,115305
2022,울산광역시,울산광역시,"의료,정밀,광학기기,시계",11734
2022,울산광역시,울산광역시,"자동차,트레일러",17749004
2022,울산광역시,울산광역시,기타운송장비,986237
2022,울산광역시,울산광역시,가구제품,155
2022,울산광역시,울산광역시,기타제품,919011
2022,울산광역시,울산광역시,*) 재생제품,734501
2022,울산광역시,울산광역시,*) 기타,4126074
2022,울산광역시,경기도,합계,1236900
2022,울산광역시,경기도,농산물,16182
2022,울산광역시,경기도,임산물,973
2022,울산광역시,경기도,수산물,2592
2022,울산광역시,경기도,축산물,2022
2022,울산광역시,경기도,석탄광물,0
2022,울산광역시,경기도,석회석광물,0
2022,울산광역시,경기도,비금속광물,274956
2022,울산광역시,경기도,음식료품,30031
2022,울산광역시,경기도,담배제품,0
2022,울산광역시,경기도,섬유제품,23222
2022,울산광역시,경기도,의복,215
2022,울산광역시,경기도,가죽,1445
2022,울산광역시,경기도,"목재,나무제품",6029
2022,울산광역시,경기도,"펄프,종이",2268
2022,울산광역시,경기도,"인쇄,기록매체",23
2022,울산광역시,경기도,"코크스,연탄,석유정제품",21236
2022,울산광역시,경기도,"화합물,화학제품",52849
2022,울산광역시,경기도,"고무,플라스틱제품",55143
2022,울산광역시,경기도,비금속광물제품,134428
2022,울산광역시,경기도,제1차금속제품,29413
2022,울산광역시,경기도,금속가공제품,67200
2022,울산광역시,경기도,"기타기계,장비제조품",26102
2022,울산광역시,경기도,"전자부품,컴퓨터,영상,음향,통신장비",924
2022,울산광역시,경기도,전기장비제품,12130
2022,울산광역시,경기도,"의료,정밀,광학기기,시계",3175
2022,울산광역시,경기도,"자동차,트레일러",363325
2022,울산광역시,경기도,기타운송장비,37262
2022,울산광역시,경기도,가구제품,7
2022,울산광역시,경기도,기타제품,471
2022,울산광역시,경기도,*) 재생제품,9018
2022,울산광역시,경기도,*) 기타,64259
2022,울산광역시,강원특별자치도,합계,376239
2022,울산광역시,강원특별자치도,농산물,2254
2022,울산광역시,강원특별자치도,임산물,493
2022,울산광역시,강원특별자치도,수산물,1503
2022,울산광역시,강원특별자치도,축산물,669
2022,울산광역시,강원특별자치도,석탄광물,0
2022,울산광역시,강원특별자치도,석회석광물,0
2022,울산광역시,강원특별자치도,비금속광물,252907
2022,울산광역시,강원특별자치도,음식료품,4172
2022,울산광역시,강원특별자치도,담배제품,0
2022,울산광역시,강원특별자치도,섬유제품,1990
2022,울산광역시,강원특별자치도,의복,24
2022,울산광역시,강원특별자치도,가죽,58
2022,울산광역시,강원특별자치도,"목재,나무제품",326
2022,울산광역시,강원특별자치도,"펄프,종이",373
2022,울산광역시,강원특별자치도,"인쇄,기록매체",1
2022,울산광역시,강원특별자치도,"코크스,연탄,석유정제품",3272
2022,울산광역시,강원특별자치도,"화합물,화학제품",5140
2022,울산광역시,강원특별자치도,"고무,플라스틱제품",4422
2022,울산광역시,강원특별자치도,비금속광물제품,28891
2022,울산광역시,강원특별자치도,제1차금속제품,2381
2022,울산광역시,강원특별자치도,금속가공제품,8223
2022,울산광역시,강원특별자치도,"기타기계,장비제조품",988
2022,울산광역시,강원특별자치도,"전자부품,컴퓨터,영상,음향,통신장비",19
2022,울산광역시,강원특별자치도,전기장비제품,702
2022,울산광역시,강원특별자치도,"의료,정밀,광학기기,시계",399
2022,울산광역시,강원특별자치도,"자동차,트레일러",35448
2022,울산광역시,강원특별자치도,기타운송장비,18697
2022,울산광역시,강원특별자치도,가구제품,0
2022,울산광역시,강원특별자치도,기타제품,65
2022,울산광역시,강원특별자치도,*) 재생제품,2796
2022,울산광역시,강원특별자치도,*) 기타,26
2022,울산광역시,충청북도,합계,475707
2022,울산광역시,충청북도,농산물,31685
2022,울산광역시,충청북도,임산물,387
2022,울산광역시,충청북도,수산물,437
2022,울산광역시,충청북도,축산물,2325
2022,울산광역시,충청북도,석탄광물,0
2022,울산광역시,충청북도,석회석광물,0
2022,울산광역시,충청북도,비금속광물,231525
2022,울산광역시,충청북도,음식료품,9368
2022,울산광역시,충청북도,담배제품,0
2022,울산광역시,충청북도,섬유제품,3528
2022,울산광역시,충청북도,의복,47
2022,울산광역시,충청북도,가죽,156
2022,울산광역시,충청북도,"목재,나무제품",1550
2022,울산광역시,충청북도,"펄프,종이",1107
2022,울산광역시,충청북도,"인쇄,기록매체",6
2022,울산광역시,충청북도,"코크스,연탄,석유정제품",2734
2022,울산광역시,충청북도,"화합물,화학제품",27416
2022,울산광역시,충청북도,"고무,플라스틱제품",17526
2022,울산광역시,충청북도,비금속광물제품,56208
2022,울산광역시,충청북도,제1차금속제품,11247
2022,울산광역시,충청북도,금속가공제품,18738
2022,울산광역시,충청북도,"기타기계,장비제조품",3827
2022,울산광역시,충청북도,"전자부품,컴퓨터,영상,음향,통신장비",290
2022,울산광역시,충청북도,전기장비제품,3080
2022,울산광역시,충청북도,"의료,정밀,광학기기,시계",770
2022,울산광역시,충청북도,"자동차,트레일러",37678
2022,울산광역시,충청북도,기타운송장비,8542
2022,울산광역시,충청북도,가구제품,2
2022,울산광역시,충청북도,기타제품,176
2022,울산광역시,충청북도,*) 재생제품,5352
2022,울산광역시,충청북도,*) 기타,0
2022,울산광역시,충청남도,합계,607616
2022,울산광역시,충청남도,농산물,4318
2022,울산광역시,충청남도,임산물,369
2022,울산광역시,충청남도,수산물,836
2022,울산광역시,충청남도,축산물,956
2022,울산광역시,충청남도,석탄광물,0
2022,울산광역시,충청남도,석회석광물,0
2022,울산광역시,충청남도,비금속광물,174000
2022,울산광역시,충청남도,음식료품,8378
2022,울산광역시,충청남도,담배제품,0
2022,울산광역시,충청남도,섬유제품,4699
2022,울산광역시,충청남도,의복,56
2022,울산광역시,충청남도,가죽,123
2022,울산광역시,충청남도,"목재,나무제품",1756
2022,울산광역시,충청남도,"펄프,종이",1225
2022,울산광역시,충청남도,"인쇄,기록매체",5
2022,울산광역시,충청남도,"코크스,연탄,석유정제품",27399
2022,울산광역시,충청남도,"화합물,화학제품",59903
2022,울산광역시,충청남도,"고무,플라스틱제품",24835
2022,울산광역시,충청남도,비금속광물제품,99108
2022,울산광역시,충청남도,제1차금속제품,25776
2022,울산광역시,충청남도,금속가공제품,26850
2022,울산광역시,충청남도,"기타기계,장비제조품",7724
2022,울산광역시,충청남도,"전자부품,컴퓨터,영상,음향,통신장비",563
2022,울산광역시,충청남도,전기장비제품,4858
2022,울산광역시,충청남도,"의료,정밀,광학기기,시계",829
2022,울산광역시,충청남도,"자동차,트레일러",115248
2022,울산광역시,충청남도,기타운송장비,11682
2022,울산광역시,충청남도,가구제품,3
2022,울산광역시,충청남도,기타제품,218
2022,울산광역시,충청남도,*) 재생제품,5899
2022,울산광역시,충청남도,*) 기타,0
2022,울산광역시,전북특별자치도,합계,444307
2022,울산광역시,전북특별자치도,농산물,79861
2022,울산광역시,전북특별자치도,임산물,418
2022,울산광역시,전북특별자치도,수산물,483
2022,울산광역시,전북특별자치도,축산물,1785
2022,울산광역시,전북특별자치도,석탄광물,0
2022,울산광역시,전북특별자치도,석회석광물,0
2022,울산광역시,전북특별자치도,비금속광물,147804
2022,울산광역시,전북특별자치도,음식료품,7401
2022,울산광역시,전북특별자치도,담배제품,0
2022,울산광역시,전북특별자치도,섬유제품,3716
2022,울산광역시,전북특별자치도,의복,47
2022,울산광역시,전북특별자치도,가죽,83
2022,울산광역시,전북특별자치도,"목재,나무제품",1046
2022,울산광역시,전북특별자치도,"펄프,종이",1395
2022,울산광역시,전북특별자치도,"인쇄,기록매체",3
2022,울산광역시,전북특별자치도,"코크스,연탄,석유정제품",5610
2022,울산광역시,전북특별자치도,"화합물,화학제품",22206
2022,울산광역시,전북특별자치도,"고무,플라스틱제품",7551
2022,울산광역시,전북특별자치도,비금속광물제품,27505
2022,울산광역시,전북특별자치도,제1차금속제품,10006
2022,울산광역시,전북특별자치도,금속가공제품,12252
2022,울산광역시,전북특별자치도,"기타기계,장비제조품",3361
2022,울산광역시,전북특별자치도,"전자부품,컴퓨터,영상,음향,통신장비",38
2022,울산광역시,전북특별자치도,전기장비제품,1285
2022,울산광역시,전북특별자치도,"의료,정밀,광학기기,시계",210
2022,울산광역시,전북특별자치도,"자동차,트레일러",78191
2022,울산광역시,전북특별자치도,기타운송장비,25630
2022,울산광역시,전북특별자치도,가구제품,1
2022,울산광역시,전북특별자치도,기타제품,118
2022,울산광역시,전북특별자치도,*) 재생제품,5793
2022,울산광역시,전북특별자치도,*) 기타,508
2022,울산광역시,전라남도,합계,916085
2022,울산광역시,전라남도,농산물,76580
2022,울산광역시,전라남도,임산물,562
2022,울산광역시,전라남도,수산물,1479
2022,울산광역시,전라남도,축산물,562
2022,울산광역시,전라남도,석탄광물,0
2022,울산광역시,전라남도,석회석광물,0
2022,울산광역시,전라남도,비금속광물,317755
2022,울산광역시,전라남도,음식료품,8047
2022,울산광역시,전라남도,담배제품,0
2022,울산광역시,전라남도,섬유제품,3958
2022,울산광역시,전라남도,의복,57
2022,울산광역시,전라남도,가죽,103
2022,울산광역시,전라남도,"목재,나무제품",1847
2022,울산광역시,전라남도,"펄프,종이",1383
2022,울산광역시,전라남도,"인쇄,기록매체",5
2022,울산광역시,전라남도,"코크스,연탄,석유정제품",81938
2022,울산광역시,전라남도,"화합물,화학제품",149767
2022,울산광역시,전라남도,"고무,플라스틱제품",8137
2022,울산광역시,전라남도,비금속광물제품,71945
2022,울산광역시,전라남도,제1차금속제품,42428
2022,울산광역시,전라남도,금속가공제품,22772
2022,울산광역시,전라남도,"기타기계,장비제조품",6157
2022,울산광역시,전라남도,"전자부품,컴퓨터,영상,음향,통신장비",55
2022,울산광역시,전라남도,전기장비제품,1608
2022,울산광역시,전라남도,"의료,정밀,광학기기,시계",592
2022,울산광역시,전라남도,"자동차,트레일러",19523
2022,울산광역시,전라남도,기타운송장비,80546
2022,울산광역시,전라남도,가구제품,2
2022,울산광역시,전라남도,기타제품,323
2022,울산광역시,전라남도,*) 재생제품,12682
2022,울산광역시,전라남도,*) 기타,5272
2022,울산광역시,경상북도,합계,2559282
2022,울산광역시,경상북도,농산물,198099
2022,울산광역시,경상북도,임산물,1977
2022,울산광역시,경상북도,수산물,1521
2022,울산광역시,경상북도,축산물,3249
2022,울산광역시,경상북도,석탄광물,0
2022,울산광역시,경상북도,석회석광물,108579
2022,울산광역시,경상북도,비금속광물,756405
2022,울산광역시,경상북도,음식료품,20255
2022,울산광역시,경상북도,담배제품,0
2022,울산광역시,경상북도,섬유제품,16148
2022,울산광역시,경상북도,의복,338
2022,울산광역시,경상북도,가죽,359
2022,울산광역시,경상북도,"목재,나무제품",5942
2022,울산광역시,경상북도,"펄프,종이",8220
2022,울산광역시,경상북도,"인쇄,기록매체",20
2022,울산광역시,경상북도,"코크스,연탄,석유정제품",21924
2022,울산광역시,경상북도,"화합물,화학제품",139114
2022,울산광역시,경상북도,"고무,플라스틱제품",78318
2022,울산광역시,경상북도,비금속광물제품,516019
2022,울산광역시,경상북도,제1차금속제품,106956
2022,울산광역시,경상북도,금속가공제품,100942
2022,울산광역시,경상북도,"기타기계,장비제조품",14174
2022,울산광역시,경상북도,"전자부품,컴퓨터,영상,음향,통신장비",4167
2022,울산광역시,경상북도,전기장비제품,12424
2022,울산광역시,경상북도,"의료,정밀,광학기기,시계",3134
2022,울산광역시,경상북도,"자동차,트레일러",184915
2022,울산광역시,경상북도,기타운송장비,9190
2022,울산광역시,경상북도,가구제품,10
2022,울산광역시,경상북도,기타제품,1580
2022,울산광역시,경상북도,*) 재생제품,58962
2022,울산광역시,경상북도,*) 기타,186341
2022,울산광역시,경상남도,합계,3277622
2022,울산광역시,경상남도,농산물,104023
2022,울산광역시,경상남도,임산물,1787
2022,울산광역시,경상남도,수산물,3389
2022,울산광역시,경상남도,축산물,1559
2022,울산광역시,경상남도,석탄광물,0
2022,울산광역시,경상남도,석회석광물,0
2022,울산광역시,경상남도,비금속광물,535804
2022,울산광역시,경상남도,음식료품,35069
2022,울산광역시,경상남도,담배제품,0
2022,울산광역시,경상남도,섬유제품,13088
2022,울산광역시,경상남도,의복,221
2022,울산광역시,경상남도,가죽,586
2022,울산광역시,경상남도,"목재,나무제품",8213
2022,울산광역시,경상남도,"펄프,종이",13769
2022,울산광역시,경상남도,"인쇄,기록매체",25
2022,울산광역시,경상남도,"코크스,연탄,석유정제품",557779
2022,울산광역시,경상남도,"화합물,화학제품",105289
2022,울산광역시,경상남도,"고무,플라스틱제품",76051
2022,울산광역시,경상남도,비금속광물제품,363027
2022,울산광역시,경상남도,제1차금속제품,103874
2022,울산광역시,경상남도,금속가공제품,221426
2022,울산광역시,경상남도,"기타기계,장비제조품",104528
2022,울산광역시,경상남도,"전자부품,컴퓨터,영상,음향,통신장비",317
2022,울산광역시,경상남도,전기장비제품,50682
2022,울산광역시,경상남도,"의료,정밀,광학기기,시계",2257
2022,울산광역시,경상남도,"자동차,트레일러",292196
2022,울산광역시,경상남도,기타운송장비,605396
2022,울산광역시,경상남도,가구제품,14
2022,울산광역시,경상남도,기타제품,2457
2022,울산광역시,경상남도,*) 재생제품,69880
2022,울산광역시,경상남도,*) 기타,4916
2022,울산광역시,제주특별자치도,합계,0
2022,울산광역시,제주특별자치도,농산물,0
2022,울산광역시,제주특별자치도,임산물,0
2022,울산광역시,제주특별자치도,수산물,0
2022,울산광역시,제주특별자치도,축산물,0
2022,울산광역시,제주특별자치도,석탄광물,0
2022,울산광역시,제주특별자치도,석회석광물,0
2022,울산광역시,제주특별자치도,비금속광물,0
2022,울산광역시,제주특별자치도,음식료품,0
2022,울산광역시,제주특별자치도,담배제품,0
2022,울산광역시,제주특별자치도,섬유제품,0
2022,울산광역시,제주특별자치도,의복,0
2022,울산광역시,제주특별자치도,가죽,0
2022,울산광역시,제주특별자치도,"목재,나무제품",0
2022,울산광역시,제주특별자치도,"펄프,종이",0
2022,울산광역시,제주특별자치도,"인쇄,기록매체",0
2022,울산광역시,제주특별자치도,"코크스,연탄,석유정제품",0
2022,울산광역시,제주특별자치도,"화합물,화학제품",0
2022,울산광역시,제주특별자치도,"고무,플라스틱제품",0
2022,울산광역시,제주특별자치도,비금속광물제품,0
2022,울산광역시,제주특별자치도,제1차금속제품,0
2022,울산광역시,제주특별자치도,금속가공제품,0
2022,울산광역시,제주특별자치도,"기타기계,장비제조품",0
2022,울산광역시,제주특별자치도,"전자부품,컴퓨터,영상,음향,통신장비",0
2022,울산광역시,제주특별자치도,전기장비제품,0
2022,울산광역시,제주특별자치도,"의료,정밀,광학기기,시계",0
2022,울산광역시,제주특별자치도,"자동차,트레일러",0
2022,울산광역시,제주특별자치도,기타운송장비,0
2022,울산광역시,제주특별자치도,가구제품,0
2022,울산광역시,제주특별자치도,기타제품,0
2022,울산광역시,제주특별자치도,*) 재생제품,0
2022,울산광역시,제주특별자치도,*) 기타,0
2022,울산광역시,세종특별자치시,합계,57409
2022,울산광역시,세종특별자치시,농산물,415
2022,울산광역시,세종특별자치시,임산물,60
2022,울산광역시,세종특별자치시,수산물,24
2022,울산광역시,세종특별자치시,축산물,75
2022,울산광역시,세종특별자치시,석탄광물,0
2022,울산광역시,세종특별자치시,석회석광물,0
2022,울산광역시,세종특별자치시,비금속광물,34938
2022,울산광역시,세종특별자치시,음식료품,581
2022,울산광역시,세종특별자치시,담배제품,0
2022,울산광역시,세종특별자치시,섬유제품,314
2022,울산광역시,세종특별자치시,의복,4
2022,울산광역시,세종특별자치시,가죽,5
2022,울산광역시,세종특별자치시,"목재,나무제품",105
2022,울산광역시,세종특별자치시,"펄프,종이",232
2022,울산광역시,세종특별자치시,"인쇄,기록매체",1
2022,울산광역시,세종특별자치시,"코크스,연탄,석유정제품",325
2022,울산광역시,세종특별자치시,"화합물,화학제품",3055
2022,울산광역시,세종특별자치시,"고무,플라스틱제품",1933
2022,울산광역시,세종특별자치시,비금속광물제품,8976
2022,울산광역시,세종특별자치시,제1차금속제품,598
2022,울산광역시,세종특별자치시,금속가공제품,1007
2022,울산광역시,세종특별자치시,"기타기계,장비제조품",187
2022,울산광역시,세종특별자치시,"전자부품,컴퓨터,영상,음향,통신장비",12
2022,울산광역시,세종특별자치시,전기장비제품,243
2022,울산광역시,세종특별자치시,"의료,정밀,광학기기,시계",128
2022,울산광역시,세종특별자치시,"자동차,트레일러",3388
2022,울산광역시,세종특별자치시,기타운송장비,178
2022,울산광역시,세종특별자치시,가구제품,0
2022,울산광역시,세종특별자치시,기타제품,16
2022,울산광역시,세종특별자치시,*) 재생제품,609
2022,울산광역시,세종특별자치시,*) 기타,0
2022,경기도,서울특별시,합계,22296749
2022,경기도,서울특별시,농산물,238259
2022,경기도,서울특별시,임산물,51717
2022,경기도,서울특별시,수산물,3982
2022,경기도,서울특별시,축산물,57700
2022,경기도,서울특별시,석탄광물,0
2022,경기도,서울특별시,석회석광물,0
2022,경기도,서울특별시,비금속광물,2676539
2022,경기도,서울특별시,음식료품,1425977
2022,경기도,서울특별시,담배제품,0
2022,경기도,서울특별시,섬유제품,1102639
2022,경기도,서울특별시,의복,47147
2022,경기도,서울특별시,가죽,40472
2022,경기도,서울특별시,"목재,나무제품",85846
2022,경기도,서울특별시,"펄프,종이",4921683
2022,경기도,서울특별시,"인쇄,기록매체",126356
2022,경기도,서울특별시,"코크스,연탄,석유정제품",366717
2022,경기도,서울특별시,"화합물,화학제품",1089955
2022,경기도,서울특별시,"고무,플라스틱제품",359472
2022,경기도,서울특별시,비금속광물제품,2139347
2022,경기도,서울특별시,제1차금속제품,221336
2022,경기도,서울특별시,금속가공제품,751046
2022,경기도,서울특별시,"기타기계,장비제조품",244668
2022,경기도,서울특별시,"전자부품,컴퓨터,영상,음향,통신장비",171034
2022,경기도,서울특별시,전기장비제품,169175
2022,경기도,서울특별시,"의료,정밀,광학기기,시계",43273
2022,경기도,서울특별시,"자동차,트레일러",223116
2022,경기도,서울특별시,기타운송장비,922
2022,경기도,서울특별시,가구제품,163726
2022,경기도,서울특별시,기타제품,166779
2022,경기도,서울특별시,*) 재생제품,5373355
2022,경기도,서울특별시,*) 기타,34511
2022,경기도,부산광역시,합계,24999459
2022,경기도,부산광역시,농산물,18865
2022,경기도,부산광역시,임산물,7877
2022,경기도,부산광역시,수산물,6242
2022,경기도,부산광역시,축산물,12845
2022,경기도,부산광역시,석탄광물,0
2022,경기도,부산광역시,석회석광물,644
2022,경기도,부산광역시,비금속광물,888732
2022,경기도,부산광역시,음식료품,177080
2022,경기도,부산광역시,담배제품,0
2022,경기도,부산광역시,섬유제품,23030
2022,경기도,부산광역시,의복,2611
2022,경기도,부산광역시,가죽,7618
2022,경기도,부산광역시,"목재,나무제품",42537
2022,경기도,부산광역시,"펄프,종이",777654
2022,경기도,부산광역시,"인쇄,기록매체",13308
2022,경기도,부산광역시,"코크스,연탄,석유정제품",2458
2022,경기도,부산광역시,"화합물,화학제품",529866
2022,경기도,부산광역시,"고무,플라스틱제품",46949
2022,경기도,부산광역시,비금속광물제품,747606
2022,경기도,부산광역시,제1차금속제품,215051
2022,경기도,부산광역시,금속가공제품,174648
2022,경기도,부산광역시,"기타기계,장비제조품",33197
2022,경기도,부산광역시,"전자부품,컴퓨터,영상,음향,통신장비",31253
2022,경기도,부산광역시,전기장비제품,15804
2022,경기도,부산광역시,"의료,정밀,광학기기,시계",5527
2022,경기도,부산광역시,"자동차,트레일러",19836
2022,경기도,부산광역시,기타운송장비,338
2022,경기도,부산광역시,가구제품,17794
2022,경기도,부산광역시,기타제품,19652
2022,경기도,부산광역시,*) 재생제품,2416521
2022,경기도,부산광역시,*) 기타,18743916
2022,경기도,대구광역시,합계,4868177
2022,경기도,대구광역시,농산물,13131
2022,경기도,대구광역시,임산물,4618
2022,경기도,대구광역시,수산물,664
2022,경기도,대구광역시,축산물,42673
2022,경기도,대구광역시,석탄광물,0
2022,경기도,대구광역시,석회석광물,0
2022,경기도,대구광역시,비금속광물,896982
2022,경기도,대구광역시,음식료품,109072
2022,경기도,대구광역시,담배제품,0
2022,경기도,대구광역시,섬유제품,11285
2022,경기도,대구광역시,의복,4776
2022,경기도,대구광역시,가죽,1094
2022,경기도,대구광역시,"목재,나무제품",17343
2022,경기도,대구광역시,"펄프,종이",875756
2022,경기도,대구광역시,"인쇄,기록매체",10418
2022,경기도,대구광역시,"코크스,연탄,석유정제품",1359
2022,경기도,대구광역시,"화합물,화학제품",448529
2022,경기도,대구광역시,"고무,플라스틱제품",38069
2022,경기도,대구광역시,비금속광물제품,332216
2022,경기도,대구광역시,제1차금속제품,99354
2022,경기도,대구광역시,금속가공제품,133797
2022,경기도,대구광역시,"기타기계,장비제조품",23946
2022,경기도,대구광역시,"전자부품,컴퓨터,영상,음향,통신장비",22197
2022,경기도,대구광역시,전기장비제품,13776
2022,경기도,대구광역시,"의료,정밀,광학기기,시계",4744
2022,경기도,대구광역시,"자동차,트레일러",10832
2022,경기도,대구광역시,기타운송장비,37
2022,경기도,대구광역시,가구제품,11694
2022,경기도,대구광역시,기타제품,10366
2022,경기도,대구광역시,*) 재생제품,1711293
2022,경기도,대구광역시,*) 기타,18156
2022,경기도,인천광역시,합계,25863817
2022,경기도,인천광역시,농산물,104518
2022,경기도,인천광역시,임산물,47744
2022,경기도,인천광역시,수산물,1818
2022,경기도,인천광역시,축산물,16004
2022,경기도,인천광역시,석탄광물,0
2022,경기도,인천광역시,석회석광물,0
2022,경기도,인천광역시,비금속광물,5171159
2022,경기도,인천광역시,음식료품,443339
2022,경기도,인천광역시,담배제품,0
2022,경기도,인천광역시,섬유제품,64830
2022,경기도,인천광역시,의복,11402
2022,경기도,인천광역시,가죽,5437
2022,경기도,인천광역시,"목재,나무제품",137282
2022,경기도,인천광역시,"펄프,종이",1455083
2022,경기도,인천광역시,"인쇄,기록매체",29161
2022,경기도,인천광역시,"코크스,연탄,석유정제품",527213
2022,경기도,인천광역시,"화합물,화학제품",1708315
2022,경기도,인천광역시,"고무,플라스틱제품",304415
2022,경기도,인천광역시,비금속광물제품,2365637
2022,경기도,인천광역시,제1차금속제품,412409
2022,경기도,인천광역시,금속가공제품,798924
2022,경기도,인천광역시,"기타기계,장비제조품",292183
2022,경기도,인천광역시,"전자부품,컴퓨터,영상,음향,통신장비",104386
2022,경기도,인천광역시,전기장비제품,115560
2022,경기도,인천광역시,"의료,정밀,광학기기,시계",22170
2022,경기도,인천광역시,"자동차,트레일러",489966
2022,경기도,인천광역시,기타운송장비,743
2022,경기도,인천광역시,가구제품,38997
2022,경기도,인천광역시,기타제품,53740
2022,경기도,인천광역시,*) 재생제품,3225383
2022,경기도,인천광역시,*) 기타,7915999
2022,경기도,광주광역시,합계,3170844
2022,경기도,광주광역시,농산물,8391
2022,경기도,광주광역시,임산물,2588
2022,경기도,광주광역시,수산물,259
2022,경기도,광주광역시,축산물,8761
2022,경기도,광주광역시,석탄광물,0
2022,경기도,광주광역시,석회석광물,0
2022,경기도,광주광역시,비금속광물,331573
2022,경기도,광주광역시,음식료품,59861
2022,경기도,광주광역시,담배제품,0
2022,경기도,광주광역시,섬유제품,12521
2022,경기도,광주광역시,의복,1558
2022,경기도,광주광역시,가죽,680
2022,경기도,광주광역시,"목재,나무제품",13784
2022,경기도,광주광역시,"펄프,종이",430581
2022,경기도,광주광역시,"인쇄,기록매체",6968
2022,경기도,광주광역시,"코크스,연탄,석유정제품",993
2022,경기도,광주광역시,"화합물,화학제품",240629
2022,경기도,광주광역시,"고무,플라스틱제품",34299
2022,경기도,광주광역시,비금속광물제품,499034
2022,경기도,광주광역시,제1차금속제품,103746
2022,경기도,광주광역시,금속가공제품,131615
2022,경기도,광주광역시,"기타기계,장비제조품",23266
2022,경기도,광주광역시,"전자부품,컴퓨터,영상,음향,통신장비",11738
2022,경기도,광주광역시,전기장비제품,19470
2022,경기도,광주광역시,"의료,정밀,광학기기,시계",2997
2022,경기도,광주광역시,"자동차,트레일러",8409
2022,경기도,광주광역시,기타운송장비,17
2022,경기도,광주광역시,가구제품,14388
2022,경기도,광주광역시,기타제품,13245
2022,경기도,광주광역시,*) 재생제품,1053812
2022,경기도,광주광역시,*) 기타,135661
2022,경기도,대전광역시,합계,5055054
2022,경기도,대전광역시,농산물,37449
2022,경기도,대전광역시,임산물,3681
2022,경기도,대전광역시,수산물,560
2022,경기도,대전광역시,축산물,10813
2022,경기도,대전광역시,석탄광물,0
2022,경기도,대전광역시,석회석광물,224359
2022,경기도,대전광역시,비금속광물,727313
2022,경기도,대전광역시,음식료품,92516
2022,경기도,대전광역시,담배제품,0
2022,경기도,대전광역시,섬유제품,13648
2022,경기도,대전광역시,의복,1690
2022,경기도,대전광역시,가죽,717
2022,경기도,대전광역시,"목재,나무제품",10742
2022,경기도,대전광역시,"펄프,종이",986204
2022,경기도,대전광역시,"인쇄,기록매체",11907
2022,경기도,대전광역시,"코크스,연탄,석유정제품",1019
2022,경기도,대전광역시,"화합물,화학제품",421831
2022,경기도,대전광역시,"고무,플라스틱제품",76928
2022,경기도,대전광역시,비금속광물제품,635695
2022,경기도,대전광역시,제1차금속제품,64609
2022,경기도,대전광역시,금속가공제품,96695
2022,경기도,대전광역시,"기타기계,장비제조품",32778
2022,경기도,대전광역시,"전자부품,컴퓨터,영상,음향,통신장비",30225
2022,경기도,대전광역시,전기장비제품,12108
2022,경기도,대전광역시,"의료,정밀,광학기기,시계",2649
2022,경기도,대전광역시,"자동차,트레일러",10181
2022,경기도,대전광역시,기타운송장비,78
2022,경기도,대전광역시,가구제품,9773
2022,경기도,대전광역시,기타제품,40098
2022,경기도,대전광역시,*) 재생제품,1481894
2022,경기도,대전광역시,*) 기타,16894
2022,경기도,울산광역시,합계,11371019
2022,경기도,울산광역시,농산물,9227
2022,경기도,울산광역시,임산물,4584
2022,경기도,울산광역시,수산물,328
2022,경기도,울산광역시,축산물,4789
2022,경기도,울산광역시,석탄광물,0
2022,경기도,울산광역시,석회석광물,0
2022,경기도,울산광역시,비금속광물,1100953
2022,경기도,울산광역시,음식료품,81129
2022,경기도,울산광역시,담배제품,0
2022,경기도,울산광역시,섬유제품,8751
2022,경기도,울산광역시,의복,1902
2022,경기도,울산광역시,가죽,803
2022,경기도,울산광역시,"목재,나무제품",33485
2022,경기도,울산광역시,"펄프,종이",1004654
2022,경기도,울산광역시,"인쇄,기록매체",16410
2022,경기도,울산광역시,"코크스,연탄,석유정제품",34421
2022,경기도,울산광역시,"화합물,화학제품",3928526
2022,경기도,울산광역시,"고무,플라스틱제품",75328
2022,경기도,울산광역시,비금속광물제품,1337371
2022,경기도,울산광역시,제1차금속제품,522391
2022,경기도,울산광역시,금속가공제품,443309
2022,경기도,울산광역시,"기타기계,장비제조품",76941
2022,경기도,울산광역시,"전자부품,컴퓨터,영상,음향,통신장비",25158
2022,경기도,울산광역시,전기장비제품,49863
2022,경기도,울산광역시,"의료,정밀,광학기기,시계",6327
2022,경기도,울산광역시,"자동차,트레일러",40160
2022,경기도,울산광역시,기타운송장비,1094
2022,경기도,울산광역시,가구제품,32035
2022,경기도,울산광역시,기타제품,27282
2022,경기도,울산광역시,*) 재생제품,2140462
2022,경기도,울산광역시,*) 기타,363336
2022,경기도,경기도,합계,156706291
2022,경기도,경기도,농산물,1861547
2022,경기도,경기도,임산물,136966
2022,경기도,경기도,수산물,9508
2022,경기도,경기도,축산물,383681
2022,경기도,경기도,석탄광물,57050
2022,경기도,경기도,석회석광물,630964
2022,경기도,경기도,비금속광물,29239073
2022,경기도,경기도,음식료품,4990834
2022,경기도,경기도,담배제품,11
2022,경기도,경기도,섬유제품,484142
2022,경기도,경기도,의복,75688
2022,경기도,경기도,가죽,46658
2022,경기도,경기도,"목재,나무제품",770962
2022,경기도,경기도,"펄프,종이",12138749
2022,경기도,경기도,"인쇄,기록매체",199872
2022,경기도,경기도,"코크스,연탄,석유정제품",160899
2022,경기도,경기도,"화합물,화학제품",8823141
2022,경기도,경기도,"고무,플라스틱제품",2146447
2022,경기도,경기도,비금속광물제품,34710244
2022,경기도,경기도,제1차금속제품,4569510
2022,경기도,경기도,금속가공제품,4358974
2022,경기도,경기도,"기타기계,장비제조품",1877848
2022,경기도,경기도,"전자부품,컴퓨터,영상,음향,통신장비",2416963
2022,경기도,경기도,전기장비제품,752817
2022,경기도,경기도,"의료,정밀,광학기기,시계",215403
2022,경기도,경기도,"자동차,트레일러",12629511
2022,경기도,경기도,기타운송장비,2540
2022,경기도,경기도,가구제품,312605
2022,경기도,경기도,기타제품,1234810
2022,경기도,경기도,*) 재생제품,24033897
2022,경기도,경기도,*) 기타,7434977
2022,경기도,강원특별자치도,합계,11857914
2022,경기도,강원특별자치도,농산물,64398
2022,경기도,강원특별자치도,임산물,31758
2022,경기도,강원특별자치도,수산물,3720
2022,경기도,강원특별자치도,축산물,74793
2022,경기도,강원특별자치도,석탄광물,0
2022,경기도,강원특별자치도,석회석광물,0
2022,경기도,강원특별자치도,비금속광물,7011723
2022,경기도,강원특별자치도,음식료품,263990
2022,경기도,강원특별자치도,담배제품,0
2022,경기도,강원특별자치도,섬유제품,16737
2022,경기도,강원특별자치도,의복,1526
2022,경기도,강원특별자치도,가죽,802
2022,경기도,강원특별자치도,"목재,나무제품",12440
2022,경기도,강원특별자치도,"펄프,종이",405489
2022,경기도,강원특별자치도,"인쇄,기록매체",5167
2022,경기도,강원특별자치도,"코크스,연탄,석유정제품",1758
2022,경기도,강원특별자치도,"화합물,화학제품",245282
2022,경기도,강원특별자치도,"고무,플라스틱제품",48095
2022,경기도,강원특별자치도,비금속광물제품,2047640
2022,경기도,강원특별자치도,제1차금속제품,64126
2022,경기도,강원특별자치도,금속가공제품,140713
2022,경기도,강원특별자치도,"기타기계,장비제조품",17695
2022,경기도,강원특별자치도,"전자부품,컴퓨터,영상,음향,통신장비",11620
2022,경기도,강원특별자치도,전기장비제품,11241
2022,경기도,강원특별자치도,"의료,정밀,광학기기,시계",7354
2022,경기도,강원특별자치도,"자동차,트레일러",23381
2022,경기도,강원특별자치도,기타운송장비,429
2022,경기도,강원특별자치도,가구제품,9586
2022,경기도,강원특별자치도,기타제품,9149
2022,경기도,강원특별자치도,*) 재생제품,1303411
2022,경기도,강원특별자치도,*) 기타,23891
2022,경기도,충청북도,합계,19672799
2022,경기도,충청북도,농산물,527074
2022,경기도,충청북도,임산물,21698
2022,경기도,충청북도,수산물,1085
2022,경기도,충청북도,축산물,261462
2022,경기도,충청북도,석탄광물,0
2022,경기도,충청북도,석회석광물,604953
2022,경기도,충청북도,비금속광물,7474763
2022,경기도,충청북도,음식료품,557369
2022,경기도,충청북도,담배제품,0
2022,경기도,충청북도,섬유제품,26738
2022,경기도,충청북도,의복,2884
2022,경기도,충청북도,가죽,2011
2022,경기도,충청북도,"목재,나무제품",56991
2022,경기도,충청북도,"펄프,종이",1227646
2022,경기도,충청북도,"인쇄,기록매체",18515
2022,경기도,충청북도,"코크스,연탄,석유정제품",1448
2022,경기도,충청북도,"화합물,화학제품",1396922
2022,경기도,충청북도,"고무,플라스틱제품",193912
2022,경기도,충청북도,비금속광물제품,3452337
2022,경기도,충청북도,제1차금속제품,312441
2022,경기도,충청북도,금속가공제품,327828
2022,경기도,충청북도,"기타기계,장비제조품",73111
2022,경기도,충청북도,"전자부품,컴퓨터,영상,음향,통신장비",186440
2022,경기도,충청북도,전기장비제품,49395
2022,경기도,충청북도,"의료,정밀,광학기기,시계",15069
2022,경기도,충청북도,"자동차,트레일러",33300
2022,경기도,충청북도,기타운송장비,202
2022,경기도,충청북도,가구제품,29247
2022,경기도,충청북도,기타제품,128993
2022,경기도,충청북도,*) 재생제품,2491799
2022,경기도,충청북도,*) 기타,197166
2022,경기도,충청남도,합계,47403458
2022,경기도,충청남도,농산물,1888045
2022,경기도,충청남도,임산물,23584
2022,경기도,충청남도,수산물,2328
2022,경기도,충청남도,축산물,120487
2022,경기도,충청남도,석탄광물,9432173
2022,경기도,충청남도,석회석광물,1629053
2022,경기도,충청남도,비금속광물,6875383
2022,경기도,충청남도,음식료품,648875
2022,경기도,충청남도,담배제품,3
2022,경기도,충청남도,섬유제품,42945
2022,경기도,충청남도,의복,4089
2022,경기도,충청남도,가죽,1830
2022,경기도,충청남도,"목재,나무제품",78101
2022,경기도,충청남도,"펄프,종이",1973512
2022,경기도,충청남도,"인쇄,기록매체",18203
2022,경기도,충청남도,"코크스,연탄,석유정제품",29522
2022,경기도,충청남도,"화합물,화학제품",4266518
2022,경기도,충청남도,"고무,플라스틱제품",372118
2022,경기도,충청남도,비금속광물제품,8029347
2022,경기도,충청남도,제1차금속제품,5217072
2022,경기도,충청남도,금속가공제품,651610
2022,경기도,충청남도,"기타기계,장비제조품",207838
2022,경기도,충청남도,"전자부품,컴퓨터,영상,음향,통신장비",502954
2022,경기도,충청남도,전기장비제품,105318
2022,경기도,충청남도,"의료,정밀,광학기기,시계",21814
2022,경기도,충청남도,"자동차,트레일러",148271
2022,경기도,충청남도,기타운송장비,358
2022,경기도,충청남도,가구제품,59885
2022,경기도,충청남도,기타제품,159048
2022,경기도,충청남도,*) 재생제품,3720309
2022,경기도,충청남도,*) 기타,1172865
2022,경기도,전북특별자치도,합계,9819334
2022,경기도,전북특별자치도,농산물,468804
2022,경기도,전북특별자치도,임산물,16876
2022,경기도,전북특별자치도,수산물,1028
2022,경기도,전북특별자치도,축산물,154395
2022,경기도,전북특별자치도,석탄광물,35183
2022,경기도,전북특별자치도,석회석광물,601320
2022,경기도,전북특별자치도,비금속광물,2719429
2022,경기도,전북특별자치도,음식료품,314348
2022,경기도,전북특별자치도,담배제품,0
2022,경기도,전북특별자치도,섬유제품,21316
2022,경기도,전북특별자치도,의복,2226
2022,경기도,전북특별자치도,가죽,848
2022,경기도,전북특별자치도,"목재,나무제품",28852
2022,경기도,전북특별자치도,"펄프,종이",1080949
2022,경기도,전북특별자치도,"인쇄,기록매체",7273
2022,경기도,전북특별자치도,"코크스,연탄,석유정제품",2392
2022,경기도,전북특별자치도,"화합물,화학제품",839252
2022,경기도,전북특별자치도,"고무,플라스틱제품",60518
2022,경기도,전북특별자치도,비금속광물제품,1038437
2022,경기도,전북특별자치도,제1차금속제품,205652
2022,경기도,전북특별자치도,금속가공제품,159708
2022,경기도,전북특별자치도,"기타기계,장비제조품",40735
2022,경기도,전북특별자치도,"전자부품,컴퓨터,영상,음향,통신장비",17798
2022,경기도,전북특별자치도,전기장비제품,15736
2022,경기도,전북특별자치도,"의료,정밀,광학기기,시계",3124
2022,경기도,전북특별자치도,"자동차,트레일러",41156
2022,경기도,전북특별자치도,기타운송장비,454
2022,경기도,전북특별자치도,가구제품,18574
2022,경기도,전북특별자치도,기타제품,73594
2022,경기도,전북특별자치도,*) 재생제품,1769264
2022,경기도,전북특별자치도,*) 기타,80093
2022,경기도,전라남도,합계,13878408
2022,경기도,전라남도,농산물,39481
2022,경기도,전라남도,임산물,15441
2022,경기도,전라남도,수산물,2605
2022,경기도,전라남도,축산물,36617
2022,경기도,전라남도,석탄광물,0
2022,경기도,전라남도,석회석광물,0
2022,경기도,전라남도,비금속광물,3664224
2022,경기도,전라남도,음식료품,195656
2022,경기도,전라남도,담배제품,0
2022,경기도,전라남도,섬유제품,15757
2022,경기도,전라남도,의복,1968
2022,경기도,전라남도,가죽,768
2022,경기도,전라남도,"목재,나무제품",35611
2022,경기도,전라남도,"펄프,종이",623151
2022,경기도,전라남도,"인쇄,기록매체",9341
2022,경기도,전라남도,"코크스,연탄,석유정제품",24411
2022,경기도,전라남도,"화합물,화학제품",3761445
2022,경기도,전라남도,"고무,플라스틱제품",40677
2022,경기도,전라남도,비금속광물제품,1564861
2022,경기도,전라남도,제1차금속제품,565453
2022,경기도,전라남도,금속가공제품,191859
2022,경기도,전라남도,"기타기계,장비제조품",55182
2022,경기도,전라남도,"전자부품,컴퓨터,영상,음향,통신장비",15688
2022,경기도,전라남도,전기장비제품,12668
2022,경기도,전라남도,"의료,정밀,광학기기,시계",5748
2022,경기도,전라남도,"자동차,트레일러",146027
2022,경기도,전라남도,기타운송장비,975
2022,경기도,전라남도,가구제품,21649
2022,경기도,전라남도,기타제품,18298
2022,경기도,전라남도,*) 재생제품,2192062
2022,경기도,전라남도,*) 기타,620785
2022,경기도,경상북도,합계,20335676
2022,경기도,경상북도,농산물,157318
2022,경기도,경상북도,임산물,32062
2022,경기도,경상북도,수산물,2138
2022,경기도,경상북도,축산물,147430
2022,경기도,경상북도,석탄광물,0
2022,경기도,경상북도,석회석광물,0
2022,경기도,경상북도,비금속광물,4245400
2022,경기도,경상북도,음식료품,253153
2022,경기도,경상북도,담배제품,0
2022,경기도,경상북도,섬유제품,36829
2022,경기도,경상북도,의복,7026
2022,경기도,경상북도,가죽,1628
2022,경기도,경상북도,"목재,나무제품",68336
2022,경기도,경상북도,"펄프,종이",1540775
2022,경기도,경상북도,"인쇄,기록매체",18942
2022,경기도,경상북도,"코크스,연탄,석유정제품",3778
2022,경기도,경상북도,"화합물,화학제품",1873394
2022,경기도,경상북도,"고무,플라스틱제품",214595
2022,경기도,경상북도,비금속광물제품,5095778
2022,경기도,경상북도,제1차금속제품,798680
2022,경기도,경상북도,금속가공제품,455039
2022,경기도,경상북도,"기타기계,장비제조품",65334
2022,경기도,경상북도,"전자부품,컴퓨터,영상,음향,통신장비",544501
2022,경기도,경상북도,전기장비제품,52029
2022,경기도,경상북도,"의료,정밀,광학기기,시계",15922
2022,경기도,경상북도,"자동차,트레일러",30647
2022,경기도,경상북도,기타운송장비,76
2022,경기도,경상북도,가구제품,44992
2022,경기도,경상북도,기타제품,57099
2022,경기도,경상북도,*) 재생제품,4054700
2022,경기도,경상북도,*) 기타,518075
2022,경기도,경상남도,합계,13987787
2022,경기도,경상남도,농산물,39101
2022,경기도,경상남도,임산물,21145
2022,경기도,경상남도,수산물,4176
2022,경기도,경상남도,축산물,56253
2022,경기도,경상남도,석탄광물,0
2022,경기도,경상남도,석회석광물,0
2022,경기도,경상남도,비금속광물,2284904
2022,경기도,경상남도,음식료품,313956
2022,경기도,경상남도,담배제품,0
2022,경기도,경상남도,섬유제품,25381
2022,경기도,경상남도,의복,3951
2022,경기도,경상남도,가죽,2249
2022,경기도,경상남도,"목재,나무제품",73150
2022,경기도,경상남도,"펄프,종이",1876545
2022,경기도,경상남도,"인쇄,기록매체",19546
2022,경기도,경상남도,"코크스,연탄,석유정제품",3665
2022,경기도,경상남도,"화합물,화학제품",1097957
2022,경기도,경상남도,"고무,플라스틱제품",158155
2022,경기도,경상남도,비금속광물제품,2409664
2022,경기도,경상남도,제1차금속제품,536794
2022,경기도,경상남도,금속가공제품,749645
2022,경기도,경상남도,"기타기계,장비제조품",149941
2022,경기도,경상남도,"전자부품,컴퓨터,영상,음향,통신장비",34385
2022,경기도,경상남도,전기장비제품,66345
2022,경기도,경상남도,"의료,정밀,광학기기,시계",10755
2022,경기도,경상남도,"자동차,트레일러",44691
2022,경기도,경상남도,기타운송장비,3801
2022,경기도,경상남도,가구제품,53355
2022,경기도,경상남도,기타제품,52190
2022,경기도,경상남도,*) 재생제품,3832683
2022,경기도,경상남도,*) 기타,63404
2022,경기도,제주특별자치도,합계,0
2022,경기도,제주특별자치도,농산물,0
2022,경기도,제주특별자치도,임산물,0
2022,경기도,제주특별자치도,수산물,0
2022,경기도,제주특별자치도,축산물,0
2022,경기도,제주특별자치도,석탄광물,0
2022,경기도,제주특별자치도,석회석광물,0
2022,경기도,제주특별자치도,비금속광물,0
2022,경기도,제주특별자치도,음식료품,0
2022,경기도,제주특별자치도,담배제품,0
2022,경기도,제주특별자치도,섬유제품,0
2022,경기도,제주특별자치도,의복,0
2022,경기도,제주특별자치도,가죽,0
2022,경기도,제주특별자치도,"목재,나무제품",0
2022,경기도,제주특별자치도,"펄프,종이",0
2022,경기도,제주특별자치도,"인쇄,기록매체",0
2022,경기도,제주특별자치도,"코크스,연탄,석유정제품",0
2022,경기도,제주특별자치도,"화합물,화학제품",0
2022,경기도,제주특별자치도,"고무,플라스틱제품",0
2022,경기도,제주특별자치도,비금속광물제품,0
2022,경기도,제주특별자치도,제1차금속제품,0
2022,경기도,제주특별자치도,금속가공제품,0
2022,경기도,제주특별자치도,"기타기계,장비제조품",0
2022,경기도,제주특별자치도,"전자부품,컴퓨터,영상,음향,통신장비",0
2022,경기도,제주특별자치도,전기장비제품,0
2022,경기도,제주특별자치도,"의료,정밀,광학기기,시계",0
2022,경기도,제주특별자치도,"자동차,트레일러",0
2022,경기도,제주특별자치도,기타운송장비,0
2022,경기도,제주특별자치도,가구제품,0
2022,경기도,제주특별자치도,기타제품,0
2022,경기도,제주특별자치도,*) 재생제품,0
2022,경기도,제주특별자치도,*) 기타,0
2022,경기도,세종특별자치시,합계,2504365
2022,경기도,세종특별자치시,농산물,11481
2022,경기도,세종특별자치시,임산물,3295
2022,경기도,세종특별자치시,수산물,62
2022,경기도,세종특별자치시,축산물,8408
2022,경기도,세종특별자치시,석탄광물,0
2022,경기도,세종특별자치시,석회석광물,0
2022,경기도,세종특별자치시,비금속광물,978202
2022,경기도,세종특별자치시,음식료품,35165
2022,경기도,세종특별자치시,담배제품,0
2022,경기도,세종특별자치시,섬유제품,2409
2022,경기도,세종특별자치시,의복,247
2022,경기도,세종특별자치시,가죽,73
2022,경기도,세종특별자치시,"목재,나무제품",3958
2022,경기도,세종특별자치시,"펄프,종이",291545
2022,경기도,세종특별자치시,"인쇄,기록매체",3448
2022,경기도,세종특별자치시,"코크스,연탄,석유정제품",195
2022,경기도,세종특별자치시,"화합물,화학제품",172782
2022,경기도,세종특별자치시,"고무,플라스틱제품",23232
2022,경기도,세종특별자치시,비금속광물제품,561666
2022,경기도,세종특별자치시,제1차금속제품,18364
2022,경기도,세종특별자치시,금속가공제품,19707
2022,경기도,세종특별자치시,"기타기계,장비제조품",4007
2022,경기도,세종특별자치시,"전자부품,컴퓨터,영상,음향,통신장비",8943
2022,경기도,세종특별자치시,전기장비제품,4309
2022,경기도,세종특별자치시,"의료,정밀,광학기기,시계",2732
2022,경기도,세종특별자치시,"자동차,트레일러",3177
2022,경기도,세종특별자치시,기타운송장비,4
2022,경기도,세종특별자치시,가구제품,3682
2022,경기도,세종특별자치시,기타제품,2336
2022,경기도,세종특별자치시,*) 재생제품,305769
2022,경기도,세종특별자치시,*) 기타,35167
2022,강원특별자치도,서울특별시,합계,2835387
2022,강원특별자치도,서울특별시,농산물,176910
2022,강원특별자치도,서울특별시,임산물,83808
2022,강원특별자치도,서울특별시,수산물,5684
2022,강원특별자치도,서울특별시,축산물,9684
2022,강원특별자치도,서울특별시,석탄광물,19732
2022,강원특별자치도,서울특별시,석회석광물,6591
2022,강원특별자치도,서울특별시,비금속광물,381794
2022,강원특별자치도,서울특별시,음식료품,534359
2022,강원특별자치도,서울특별시,담배제품,0
2022,강원특별자치도,서울특별시,섬유제품,14548
2022,강원특별자치도,서울특별시,의복,4870
2022,강원특별자치도,서울특별시,가죽,103
2022,강원특별자치도,서울특별시,"목재,나무제품",171742
2022,강원특별자치도,서울특별시,"펄프,종이",83474
2022,강원특별자치도,서울특별시,"인쇄,기록매체",761
2022,강원특별자치도,서울특별시,"코크스,연탄,석유정제품",120622
2022,강원특별자치도,서울특별시,"화합물,화학제품",46396
2022,강원특별자치도,서울특별시,"고무,플라스틱제품",8239
2022,강원특별자치도,서울특별시,비금속광물제품,631926
2022,강원특별자치도,서울특별시,제1차금속제품,12167
2022,강원특별자치도,서울특별시,금속가공제품,18962
2022,강원특별자치도,서울특별시,"기타기계,장비제조품",12901
2022,강원특별자치도,서울특별시,"전자부품,컴퓨터,영상,음향,통신장비",0
2022,강원특별자치도,서울특별시,전기장비제품,9796
2022,강원특별자치도,서울특별시,"의료,정밀,광학기기,시계",843
2022,강원특별자치도,서울특별시,"자동차,트레일러",15352
2022,강원특별자치도,서울특별시,기타운송장비,0
2022,강원특별자치도,서울특별시,가구제품,1625
2022,강원특별자치도,서울특별시,기타제품,163
2022,강원특별자치도,서울특별시,*) 재생제품,462335
2022,강원특별자치도,서울특별시,*) 기타,0
2022,강원특별자치도,부산광역시,합계,3389851
2022,강원특별자치도,부산광역시,농산물,33813
2022,강원특별자치도,부산광역시,임산물,28467
2022,강원특별자치도,부산광역시,수산물,13746
2022,강원특별자치도,부산광역시,축산물,2979
2022,강원특별자치도,부산광역시,석탄광물,5954
2022,강원특별자치도,부산광역시,석회석광물,9142
2022,강원특별자치도,부산광역시,비금속광물,460002
2022,강원특별자치도,부산광역시,음식료품,199009
2022,강원특별자치도,부산광역시,담배제품,0
2022,강원특별자치도,부산광역시,섬유제품,723
2022,강원특별자치도,부산광역시,의복,679
2022,강원특별자치도,부산광역시,가죽,43
2022,강원특별자치도,부산광역시,"목재,나무제품",188200
2022,강원특별자치도,부산광역시,"펄프,종이",42502
2022,강원특별자치도,부산광역시,"인쇄,기록매체",206
2022,강원특별자치도,부산광역시,"코크스,연탄,석유정제품",37746
2022,강원특별자치도,부산광역시,"화합물,화학제품",51893
2022,강원특별자치도,부산광역시,"고무,플라스틱제품",2871
2022,강원특별자치도,부산광역시,비금속광물제품,773013
2022,강원특별자치도,부산광역시,제1차금속제품,32303
2022,강원특별자치도,부산광역시,금속가공제품,11716
2022,강원특별자치도,부산광역시,"기타기계,장비제조품",4540
2022,강원특별자치도,부산광역시,"전자부품,컴퓨터,영상,음향,통신장비",0
2022,강원특별자치도,부산광역시,전기장비제품,2487
2022,강원특별자치도,부산광역시,"의료,정밀,광학기기,시계",186
2022,강원특별자치도,부산광역시,"자동차,트레일러",2791
2022,강원특별자치도,부산광역시,기타운송장비,0
2022,강원특별자치도,부산광역시,가구제품,393
2022,강원특별자치도,부산광역시,기타제품,61
2022,강원특별자치도,부산광역시,*) 재생제품,980386
2022,강원특별자치도,부산광역시,*) 기타,504000
2022,강원특별자치도,대구광역시,합계,1827897
2022,강원특별자치도,대구광역시,농산물,22287
2022,강원특별자치도,대구광역시,임산물,16268
2022,강원특별자치도,대구광역시,수산물,1382
2022,강원특별자치도,대구광역시,축산물,9663
2022,강원특별자치도,대구광역시,석탄광물,6580
2022,강원특별자치도,대구광역시,석회석광물,6992
2022,강원특별자치도,대구광역시,비금속광물,452669
2022,강원특별자치도,대구광역시,음식료품,112945
2022,강원특별자치도,대구광역시,담배제품,0
2022,강원특별자치도,대구광역시,섬유제품,355
2022,강원특별자치도,대구광역시,의복,1199
2022,강원특별자치도,대구광역시,가죽,6
2022,강원특별자치도,대구광역시,"목재,나무제품",75992
2022,강원특별자치도,대구광역시,"펄프,종이",47875
2022,강원특별자치도,대구광역시,"인쇄,기록매체",154
2022,강원특별자치도,대구광역시,"코크스,연탄,석유정제품",20557
2022,강원특별자치도,대구광역시,"화합물,화학제품",43700
2022,강원특별자치도,대구광역시,"고무,플라스틱제품",2312
2022,강원특별자치도,대구광역시,비금속광물제품,322679
2022,강원특별자치도,대구광역시,제1차금속제품,14436
2022,강원특별자치도,대구광역시,금속가공제품,8875
2022,강원특별자치도,대구광역시,"기타기계,장비제조품",3430
2022,강원특별자치도,대구광역시,"전자부품,컴퓨터,영상,음향,통신장비",0
2022,강원특별자치도,대구광역시,전기장비제품,2151
2022,강원특별자치도,대구광역시,"의료,정밀,광학기기,시계",243
2022,강원특별자치도,대구광역시,"자동차,트레일러",1554
2022,강원특별자치도,대구광역시,기타운송장비,0
2022,강원특별자치도,대구광역시,가구제품,247
2022,강원특별자치도,대구광역시,기타제품,34
2022,강원특별자치도,대구광역시,*) 재생제품,653312
2022,강원특별자치도,대구광역시,*) 기타,0
2022,강원특별자치도,인천광역시,합계,2525137
2022,강원특별자치도,인천광역시,농산물,76381
2022,강원특별자치도,인천광역시,임산물,80258
2022,강원특별자치도,인천광역시,수산물,2554
2022,강원특별자치도,인천광역시,축산물,2682
2022,강원특별자치도,인천광역시,석탄광물,0
2022,강원특별자치도,인천광역시,석회석광물,14497
2022,강원특별자치도,인천광역시,비금속광물,682404
2022,강원특별자치도,인천광역시,음식료품,166624
2022,강원특별자치도,인천광역시,담배제품,0
2022,강원특별자치도,인천광역시,섬유제품,852
2022,강원특별자치도,인천광역시,의복,508
2022,강원특별자치도,인천광역시,가죽,13
2022,강원특별자치도,인천광역시,"목재,나무제품",245756
2022,강원특별자치도,인천광역시,"펄프,종이",20279
2022,강원특별자치도,인천광역시,"인쇄,기록매체",144
2022,강원특별자치도,인천광역시,"코크스,연탄,석유정제품",91540
2022,강원특별자치도,인천광역시,"화합물,화학제품",60398
2022,강원특별자치도,인천광역시,"고무,플라스틱제품",5685
2022,강원특별자치도,인천광역시,비금속광물제품,650188
2022,강원특별자치도,인천광역시,제1차금속제품,16385
2022,강원특별자치도,인천광역시,금속가공제품,15021
2022,강원특별자치도,인천광역시,"기타기계,장비제조품",11291
2022,강원특별자치도,인천광역시,"전자부품,컴퓨터,영상,음향,통신장비",0
2022,강원특별자치도,인천광역시,전기장비제품,5356
2022,강원특별자치도,인천광역시,"의료,정밀,광학기기,시계",372
2022,강원특별자치도,인천광역시,"자동차,트레일러",12160
2022,강원특별자치도,인천광역시,기타운송장비,0
2022,강원특별자치도,인천광역시,가구제품,366
2022,강원특별자치도,인천광역시,기타제품,43
2022,강원특별자치도,인천광역시,*) 재생제품,275779
2022,강원특별자치도,인천광역시,*) 기타,87601
2022,강원특별자치도,광주광역시,합계,1007585
2022,강원특별자치도,광주광역시,농산물,11688
2022,강원특별자치도,광주광역시,임산물,7722
2022,강원특별자치도,광주광역시,수산물,495
2022,강원특별자치도,광주광역시,축산물,1854
2022,강원특별자치도,광주광역시,석탄광물,1606
2022,강원특별자치도,광주광역시,석회석광물,2336
2022,강원특별자치도,광주광역시,비금속광물,127084
2022,강원특별자치도,광주광역시,음식료품,51118
2022,강원특별자치도,광주광역시,담배제품,0
2022,강원특별자치도,광주광역시,섬유제품,322
2022,강원특별자치도,광주광역시,의복,344
2022,강원특별자치도,광주광역시,가죽,3
2022,강원특별자치도,광주광역시,"목재,나무제품",49568
2022,강원특별자치도,광주광역시,"펄프,종이",17686
2022,강원특별자치도,광주광역시,"인쇄,기록매체",85
2022,강원특별자치도,광주광역시,"코크스,연탄,석유정제품",11466
2022,강원특별자치도,광주광역시,"화합물,화학제품",18820
2022,강원특별자치도,광주광역시,"고무,플라스틱제품",1638
2022,강원특별자치도,광주광역시,비금속광물제품,372662
2022,강원특별자치도,광주광역시,제1차금속제품,11924
2022,강원특별자치도,광주광역시,금속가공제품,6832
2022,강원특별자치도,광주광역시,"기타기계,장비제조품",2569
2022,강원특별자치도,광주광역시,"전자부품,컴퓨터,영상,음향,통신장비",0
2022,강원특별자치도,광주광역시,전기장비제품,2452
2022,강원특별자치도,광주광역시,"의료,정밀,광학기기,시계",123
2022,강원특별자치도,광주광역시,"자동차,트레일러",1012
2022,강원특별자치도,광주광역시,기타운송장비,0
2022,강원특별자치도,광주광역시,가구제품,262
2022,강원특별자치도,광주광역시,기타제품,35
2022,강원특별자치도,광주광역시,*) 재생제품,305879
2022,강원특별자치도,광주광역시,*) 기타,0
2022,강원특별자치도,대전광역시,합계,1281678
2022,강원특별자치도,대전광역시,농산물,21625
2022,강원특별자치도,대전광역시,임산물,9987
2022,강원특별자치도,대전광역시,수산물,983
2022,강원특별자치도,대전광역시,축산물,2085
2022,강원특별자치도,대전광역시,석탄광물,6654
2022,강원특별자치도,대전광역시,석회석광물,3709
2022,강원특별자치도,대전광역시,비금속광물,244982
2022,강원특별자치도,대전광역시,음식료품,68294
2022,강원특별자치도,대전광역시,담배제품,0
2022,강원특별자치도,대전광역시,섬유제품,330
2022,강원특별자치도,대전광역시,의복,351
2022,강원특별자치도,대전광역시,가죽,3
2022,강원특별자치도,대전광역시,"목재,나무제품",36158
2022,강원특별자치도,대전광역시,"펄프,종이",35800
2022,강원특별자치도,대전광역시,"인쇄,기록매체",139
2022,강원특별자치도,대전광역시,"코크스,연탄,석유정제품",10995
2022,강원특별자치도,대전광역시,"화합물,화학제품",30458
2022,강원특별자치도,대전광역시,"고무,플라스틱제품",3411
2022,강원특별자치도,대전광역시,비금속광물제품,405075
2022,강원특별자치도,대전광역시,제1차금속제품,6880
2022,강원특별자치도,대전광역시,금속가공제품,4599
2022,강원특별자치도,대전광역시,"기타기계,장비제조품",3330
2022,강원특별자치도,대전광역시,"전자부품,컴퓨터,영상,음향,통신장비",0
2022,강원특별자치도,대전광역시,전기장비제품,1420
2022,강원특별자치도,대전광역시,"의료,정밀,광학기기,시계",105
2022,강원특별자치도,대전광역시,"자동차,트레일러",1167
2022,강원특별자치도,대전광역시,기타운송장비,0
2022,강원특별자치도,대전광역시,가구제품,167
2022,강원특별자치도,대전광역시,기타제품,10
2022,강원특별자치도,대전광역시,*) 재생제품,382961
2022,강원특별자치도,대전광역시,*) 기타,0
2022,강원특별자치도,울산광역시,합계,4357775
2022,강원특별자치도,울산광역시,농산물,16797
2022,강원특별자치도,울산광역시,임산물,16812
2022,강원특별자치도,울산광역시,수산물,741
2022,강원특별자치도,울산광역시,축산물,1113
2022,강원특별자치도,울산광역시,석탄광물,8762
2022,강원특별자치도,울산광역시,석회석광물,11674
2022,강원특별자치도,울산광역시,비금속광물,604038
2022,강원특별자치도,울산광역시,음식료품,93196
2022,강원특별자치도,울산광역시,담배제품,0
2022,강원특별자치도,울산광역시,섬유제품,279
2022,강원특별자치도,울산광역시,의복,501
2022,강원특별자치도,울산광역시,가죽,4
2022,강원특별자치도,울산광역시,"목재,나무제품",151001
2022,강원특별자치도,울산광역시,"펄프,종이",56225
2022,강원특별자치도,울산광역시,"인쇄,기록매체",260
2022,강원특별자치도,울산광역시,"코크스,연탄,석유정제품",543407
2022,강원특별자치도,울산광역시,"화합물,화학제품",390167
2022,강원특별자치도,울산광역시,"고무,플라스틱제품",4769
2022,강원특별자치도,울산광역시,비금속광물제품,1422730
2022,강원특별자치도,울산광역시,제1차금속제품,83246
2022,강원특별자치도,울산광역시,금속가공제품,31039
2022,강원특별자치도,울산광역시,"기타기계,장비제조품",11516
2022,강원특별자치도,울산광역시,"전자부품,컴퓨터,영상,음향,통신장비",0
2022,강원특별자치도,울산광역시,전기장비제품,8001
2022,강원특별자치도,울산광역시,"의료,정밀,광학기기,시계",322
2022,강원특별자치도,울산광역시,"자동차,트레일러",6388
2022,강원특별자치도,울산광역시,기타운송장비,0
2022,강원특별자치도,울산광역시,가구제품,723
2022,강원특별자치도,울산광역시,기타제품,97
2022,강원특별자치도,울산광역시,*) 재생제품,893967
2022,강원특별자치도,울산광역시,*) 기타,0
2022,강원특별자치도,경기도,합계,17095516
2022,강원특별자치도,경기도,농산물,399932
2022,강원특별자치도,경기도,임산물,189335
2022,강원특별자치도,경기도,수산물,12471
2022,강원특별자치도,경기도,축산물,57427
2022,강원특별자치도,경기도,석탄광물,35330
2022,강원특별자치도,경기도,석회석광물,64657
2022,강원특별자치도,경기도,비금속광물,3375759
2022,강원특별자치도,경기도,음식료품,1106866
2022,강원특별자치도,경기도,담배제품,0
2022,강원특별자치도,경기도,섬유제품,6042
2022,강원특별자치도,경기도,의복,3804
2022,강원특별자치도,경기도,가죽,137
2022,강원특별자치도,경기도,"목재,나무제품",1007149
2022,강원특별자치도,경기도,"펄프,종이",167407
2022,강원특별자치도,경기도,"인쇄,기록매체",1168
2022,강원특별자치도,경기도,"코크스,연탄,석유정제품",158254
2022,강원특별자치도,경기도,"화합물,화학제품",292620
2022,강원특별자치도,경기도,"고무,플라스틱제품",41265
2022,강원특별자치도,경기도,비금속광물제품,7883463
2022,강원특별자치도,경기도,제1차금속제품,128313
2022,강원특별자치도,경기도,금속가공제품,87856
2022,강원특별자치도,경기도,"기타기계,장비제조품",75704
2022,강원특별자치도,경기도,"전자부품,컴퓨터,영상,음향,통신장비",6
2022,강원특별자치도,경기도,전기장비제품,36185
2022,강원특별자치도,경기도,"의료,정밀,광학기기,시계",3795
2022,강원특별자치도,경기도,"자동차,트레일러",55000
2022,강원특별자치도,경기도,기타운송장비,0
2022,강원특별자치도,경기도,가구제품,2614
2022,강원특별자치도,경기도,기타제품,264
2022,강원특별자치도,경기도,*) 재생제품,1893477
2022,강원특별자치도,경기도,*) 기타,9216
2022,강원특별자치도,강원특별자치도,합계,33756526
2022,강원특별자치도,강원특별자치도,농산물,213174
2022,강원특별자치도,강원특별자치도,임산물,160631
2022,강원특별자치도,강원특별자치도,수산물,24851
2022,강원특별자치도,강원특별자치도,축산물,21922
2022,강원특별자치도,강원특별자치도,석탄광물,13404714
2022,강원특별자치도,강원특별자치도,석회석광물,3703385
2022,강원특별자치도,강원특별자치도,비금속광물,7864741
2022,강원특별자치도,강원특별자치도,음식료품,557523
2022,강원특별자치도,강원특별자치도,담배제품,0
2022,강원특별자치도,강원특별자치도,섬유제품,840
2022,강원특별자치도,강원특별자치도,의복,185010
2022,강원특별자치도,강원특별자치도,가죽,7
2022,강원특별자치도,강원특별자치도,"목재,나무제품",309799
2022,강원특별자치도,강원특별자치도,"펄프,종이",52779
2022,강원특별자치도,강원특별자치도,"인쇄,기록매체",143
2022,강원특별자치도,강원특별자치도,"코크스,연탄,석유정제품",1400570
2022,강원특별자치도,강원특별자치도,"화합물,화학제품",110319
2022,강원특별자치도,강원특별자치도,"고무,플라스틱제품",11250
2022,강원특별자치도,강원특별자치도,비금속광물제품,4087659
2022,강원특별자치도,강원특별자치도,제1차금속제품,163985
2022,강원특별자치도,강원특별자치도,금속가공제품,21090
2022,강원특별자치도,강원특별자치도,"기타기계,장비제조품",5103
2022,강원특별자치도,강원특별자치도,"전자부품,컴퓨터,영상,음향,통신장비",0
2022,강원특별자치도,강원특별자치도,전기장비제품,36769
2022,강원특별자치도,강원특별자치도,"의료,정밀,광학기기,시계",696
2022,강원특별자치도,강원특별자치도,"자동차,트레일러",12874
2022,강원특별자치도,강원특별자치도,기타운송장비,63
2022,강원특별자치도,강원특별자치도,가구제품,362
2022,강원특별자치도,강원특별자치도,기타제품,70
2022,강원특별자치도,강원특별자치도,*) 재생제품,1395579
2022,강원특별자치도,강원특별자치도,*) 기타,10618
2022,강원특별자치도,충청북도,합계,7217399
2022,강원특별자치도,충청북도,농산물,116479
2022,강원특별자치도,충청북도,임산물,61758
2022,강원특별자치도,충청북도,수산물,1887
2022,강원특별자치도,충청북도,축산물,50457
2022,강원특별자치도,충청북도,석탄광물,226472
2022,강원특별자치도,충청북도,석회석광물,26532
2022,강원특별자치도,충청북도,비금속광물,2405347
2022,강원특별자치도,충청북도,음식료품,446948
2022,강원특별자치도,충청북도,담배제품,0
2022,강원특별자치도,충청북도,섬유제품,740
2022,강원특별자치도,충청북도,의복,651
2022,강원특별자치도,충청북도,가죽,13
2022,강원특별자치도,충청북도,"목재,나무제품",210640
2022,강원특별자치도,충청북도,"펄프,종이",63851
2022,강원특별자치도,충청북도,"인쇄,기록매체",248
2022,강원특별자치도,충청북도,"코크스,연탄,석유정제품",19057
2022,강원특별자치도,충청북도,"화합물,화학제품",121339
2022,강원특별자치도,충청북도,"고무,플라스틱제품",10833
2022,강원특별자치도,충청북도,비금속광물제품,2580821
2022,강원특별자치도,충청북도,제1차금속제품,40581
2022,강원특별자치도,충청북도,금속가공제품,19341
2022,강원특별자치도,충청북도,"기타기계,장비제조품",9436
2022,강원특별자치도,충청북도,"전자부품,컴퓨터,영상,음향,통신장비",1
2022,강원특별자치도,충청북도,전기장비제품,7491
2022,강원특별자치도,충청북도,"의료,정밀,광학기기,시계",810
2022,강원특별자치도,충청북도,"자동차,트레일러",5211
2022,강원특별자치도,충청북도,기타운송장비,0
2022,강원특별자치도,충청북도,가구제품,568
2022,강원특별자치도,충청북도,기타제품,77
2022,강원특별자치도,충청북도,*) 재생제품,789810
2022,강원특별자치도,충청북도,*) 기타,0
2022,강원특별자치도,충청남도,합계,7198265
2022,강원특별자치도,충청남도,농산물,126874
2022,강원특별자치도,충청남도,임산물,52928
2022,강원특별자치도,충청남도,수산물,3566
2022,강원특별자치도,충청남도,축산물,20165
2022,강원특별자치도,충청남도,석탄광물,14642
2022,강원특별자치도,충청남도,석회석광물,26152
2022,강원특별자치도,충청남도,비금속광물,1485744
2022,강원특별자치도,충청남도,음식료품,352088
2022,강원특별자치도,충청남도,담배제품,0
2022,강원특별자치도,충청남도,섬유제품,853
2022,강원특별자치도,충청남도,의복,708
2022,강원특별자치도,충청남도,가죽,8
2022,강원특별자치도,충청남도,"목재,나무제품",211951
2022,강원특별자치도,충청남도,"펄프,종이",51446
2022,강원특별자치도,충청남도,"인쇄,기록매체",174
2022,강원특별자치도,충청남도,"코크스,연탄,석유정제품",157792
2022,강원특별자치도,충청남도,"화합물,화학제품",219476
2022,강원특별자치도,충청남도,"고무,플라스틱제품",11956
2022,강원특별자치도,충청남도,비금속광물제품,3637636
2022,강원특별자치도,충청남도,제1차금속제품,74622
2022,강원특별자치도,충청남도,금속가공제품,22405
2022,강원특별자치도,충청남도,"기타기계,장비제조품",14713
2022,강원특별자치도,충청남도,"전자부품,컴퓨터,영상,음향,통신장비",2
2022,강원특별자치도,충청남도,전기장비제품,9275
2022,강원특별자치도,충청남도,"의료,정밀,광학기기,시계",640
2022,강원특별자치도,충청남도,"자동차,트레일러",10121
2022,강원특별자치도,충청남도,기타운송장비,0
2022,강원특별자치도,충청남도,가구제품,875
2022,강원특별자치도,충청남도,기타제품,72
2022,강원특별자치도,충청남도,*) 재생제품,691381
2022,강원특별자치도,충청남도,*) 기타,0
2022,강원특별자치도,전북특별자치도,합계,2813932
2022,강원특별자치도,전북특별자치도,농산물,66102
2022,강원특별자치도,전북특별자치도,임산물,47453
2022,강원특별자치도,전북특별자치도,수산물,1879
2022,강원특별자치도,전북특별자치도,축산물,31266
2022,강원특별자치도,전북특별자치도,석탄광물,9765
2022,강원특별자치도,전북특별자치도,석회석광물,19555
2022,강원특별자치도,전북특별자치도,비금속광물,955741
2022,강원특별자치도,전북특별자치도,음식료품,229204
2022,강원특별자치도,전북특별자치도,담배제품,0
2022,강원특별자치도,전북특별자치도,섬유제품,523
2022,강원특별자치도,전북특별자치도,의복,470
2022,강원특별자치도,전북특별자치도,가죽,4
2022,강원특별자치도,전북특별자치도,"목재,나무제품",98830
2022,강원특별자치도,전북특별자치도,"펄프,종이",41278
2022,강원특별자치도,전북특별자치도,"인쇄,기록매체",85
2022,강원특별자치도,전북특별자치도,"코크스,연탄,석유정제품",25823
2022,강원특별자치도,전북특별자치도,"화합물,화학제품",61534
2022,강원특별자치도,전북특별자치도,"고무,플라스틱제품",2703
2022,강원특별자치도,전북특별자치도,비금속광물제품,709549
2022,강원특별자치도,전북특별자치도,제1차금속제품,22052
2022,강원특별자치도,전북특별자치도,금속가공제품,7703
2022,강원특별자치도,전북특별자치도,"기타기계,장비제조품",4160
2022,강원특별자치도,전북특별자치도,"전자부품,컴퓨터,영상,음향,통신장비",0
2022,강원특별자치도,전북특별자치도,전기장비제품,1845
2022,강원특별자치도,전북특별자치도,"의료,정밀,광학기기,시계",119
2022,강원특별자치도,전북특별자치도,"자동차,트레일러",4640
2022,강원특별자치도,전북특별자치도,기타운송장비,0
2022,강원특별자치도,전북특별자치도,가구제품,324
2022,강원특별자치도,전북특별자치도,기타제품,27
2022,강원특별자치도,전북특별자치도,*) 재생제품,471254
2022,강원특별자치도,전북특별자치도,*) 기타,44
2022,강원특별자치도,전라남도,합계,4483064
2022,강원특별자치도,전라남도,농산물,56831
2022,강원특별자치도,전라남도,임산물,47037
2022,강원특별자치도,전라남도,수산물,5082
2022,강원특별자치도,전라남도,축산물,7858
2022,강원특별자치도,전라남도,석탄광물,11426
2022,강원특별자치도,전라남도,석회석광물,29766
2022,강원특별자치도,전라남도,비금속광물,1452238
2022,강원특별자치도,전라남도,음식료품,171975
2022,강원특별자치도,전라남도,담배제품,0
2022,강원특별자치도,전라남도,섬유제품,413
2022,강원특별자치도,전라남도,의복,439
2022,강원특별자치도,전라남도,가죽,3
2022,강원특별자치도,전라남도,"목재,나무제품",130638
2022,강원특별자치도,전라남도,"펄프,종이",26242
2022,강원특별자치도,전라남도,"인쇄,기록매체",117
2022,강원특별자치도,전라남도,"코크스,연탄,석유정제품",288720
2022,강원특별자치도,전라남도,"화합물,화학제품",299919
2022,강원특별자치도,전라남도,"고무,플라스틱제품",1990
2022,강원특별자치도,전라남도,비금속광물제품,1210034
2022,강원특별자치도,전라남도,제1차금속제품,66321
2022,강원특별자치도,전라남도,금속가공제품,10222
2022,강원특별자치도,전라남도,"기타기계,장비제조품",6251
2022,강원특별자치도,전라남도,"전자부품,컴퓨터,영상,음향,통신장비",0
2022,강원특별자치도,전라남도,전기장비제품,1627
2022,강원특별자치도,전라남도,"의료,정밀,광학기기,시계",239
2022,강원특별자치도,전라남도,"자동차,트레일러",522
2022,강원특별자치도,전라남도,기타운송장비,0
2022,강원특별자치도,전라남도,가구제품,400
2022,강원특별자치도,전라남도,기타제품,49
2022,강원특별자치도,전라남도,*) 재생제품,656124
2022,강원특별자치도,전라남도,*) 기타,581
2022,강원특별자치도,경상북도,합계,11863656
2022,강원특별자치도,경상북도,농산물,97705
2022,강원특별자치도,경상북도,임산물,119545
2022,강원특별자치도,경상북도,수산물,4660
2022,강원특별자치도,경상북도,축산물,33871
2022,강원특별자치도,경상북도,석탄광물,56495
2022,강원특별자치도,경상북도,석회석광물,80341
2022,강원특별자치도,경상북도,비금속광물,3026485
2022,강원특별자치도,경상북도,음식료품,285574
2022,강원특별자치도,경상북도,담배제품,0
2022,강원특별자치도,경상북도,섬유제품,1270
2022,강원특별자치도,경상북도,의복,1853
2022,강원특별자치도,경상북도,가죽,10
2022,강원특별자치도,경상북도,"목재,나무제품",317729
2022,강원특별자치도,경상북도,"펄프,종이",92151
2022,강원특별자치도,경상북도,"인쇄,기록매체",305
2022,강원특별자치도,경상북도,"코크스,연탄,석유정제품",63586
2022,강원특별자치도,경상북도,"화합물,화학제품",194348
2022,강원특별자치도,경상북도,"고무,플라스틱제품",14435
2022,강원특별자치도,경상북도,비금속광물제품,5552832
2022,강원특별자치도,경상북도,제1차금속제품,130839
2022,강원특별자치도,경상북도,금속가공제품,33267
2022,강원특별자치도,경상북도,"기타기계,장비제조품",10216
2022,강원특별자치도,경상북도,"전자부품,컴퓨터,영상,음향,통신장비",6
2022,강원특별자치도,경상북도,전기장비제품,8716
2022,강원특별자치도,경상북도,"의료,정밀,광학기기,시계",872
2022,강원특별자치도,경상북도,"자동차,트레일러",5537
2022,강원특별자치도,경상북도,기타운송장비,0
2022,강원특별자치도,경상북도,가구제품,1024
2022,강원특별자치도,경상북도,기타제품,160
2022,강원특별자치도,경상북도,*) 재생제품,1729824
2022,강원특별자치도,경상북도,*) 기타,0
2022,강원특별자치도,경상남도,합계,6038194
2022,강원특별자치도,경상남도,농산물,64201
2022,강원특별자치도,경상남도,임산물,72612
2022,강원특별자치도,경상남도,수산물,8810
2022,강원특별자치도,경상남도,축산물,12700
2022,강원특별자치도,경상남도,석탄광물,10871
2022,강원특별자치도,경상남도,석회석광물,21123
2022,강원특별자치도,경상남도,비금속광물,1112309
2022,강원특별자치도,경상남도,음식료품,322363
2022,강원특별자치도,경상남도,담배제품,0
2022,강원특별자치도,경상남도,섬유제품,760
2022,강원특별자치도,경상남도,의복,973
2022,강원특별자치도,경상남도,가죽,12
2022,강원특별자치도,경상남도,"목재,나무제품",308353
2022,강원특별자치도,경상남도,"펄프,종이",96351
2022,강원특별자치도,경상남도,"인쇄,기록매체",282
2022,강원특별자치도,경상남도,"코크스,연탄,석유정제품",52894
2022,강원특별자치도,경상남도,"화합물,화학제품",102491
2022,강원특별자치도,경상남도,"고무,플라스틱제품",9107
2022,강원특별자치도,경상남도,비금속광물제품,2270265
2022,강원특별자치도,경상남도,제1차금속제품,76507
2022,강원특별자치도,경상남도,금속가공제품,47442
2022,강원특별자치도,경상남도,"기타기계,장비제조품",15585
2022,강원특별자치도,경상남도,"전자부품,컴퓨터,영상,음향,통신장비",0
2022,강원특별자치도,경상남도,전기장비제품,8497
2022,강원특별자치도,경상남도,"의료,정밀,광학기기,시계",448
2022,강원특별자치도,경상남도,"자동차,트레일러",4551
2022,강원특별자치도,경상남도,기타운송장비,0
2022,강원특별자치도,경상남도,가구제품,1102
2022,강원특별자치도,경상남도,기타제품,162
2022,강원특별자치도,경상남도,*) 재생제품,1417317
2022,강원특별자치도,경상남도,*) 기타,106
2022,강원특별자치도,제주특별자치도,합계,0
2022,강원특별자치도,제주특별자치도,농산물,0
2022,강원특별자치도,제주특별자치도,임산물,0
2022,강원특별자치도,제주특별자치도,수산물,0
2022,강원특별자치도,제주특별자치도,축산물,0
2022,강원특별자치도,제주특별자치도,석탄광물,0
2022,강원특별자치도,제주특별자치도,석회석광물,0
2022,강원특별자치도,제주특별자치도,비금속광물,0
2022,강원특별자치도,제주특별자치도,음식료품,0
2022,강원특별자치도,제주특별자치도,담배제품,0
2022,강원특별자치도,제주특별자치도,섬유제품,0
2022,강원특별자치도,제주특별자치도,의복,0
2022,강원특별자치도,제주특별자치도,가죽,0
2022,강원특별자치도,제주특별자치도,"목재,나무제품",0
2022,강원특별자치도,제주특별자치도,"펄프,종이",0
2022,강원특별자치도,제주특별자치도,"인쇄,기록매체",0
2022,강원특별자치도,제주특별자치도,"코크스,연탄,석유정제품",0
2022,강원특별자치도,제주특별자치도,"화합물,화학제품",0
2022,강원특별자치도,제주특별자치도,"고무,플라스틱제품",0
2022,강원특별자치도,제주특별자치도,비금속광물제품,0
2022,강원특별자치도,제주특별자치도,제1차금속제품,0
2022,강원특별자치도,제주특별자치도,금속가공제품,0
2022,강원특별자치도,제주특별자치도,"기타기계,장비제조품",0
2022,강원특별자치도,제주특별자치도,"전자부품,컴퓨터,영상,음향,통신장비",0
2022,강원특별자치도,제주특별자치도,전기장비제품,0
2022,강원특별자치도,제주특별자치도,"의료,정밀,광학기기,시계",0
2022,강원특별자치도,제주특별자치도,"자동차,트레일러",0
2022,강원특별자치도,제주특별자치도,기타운송장비,0
2022,강원특별자치도,제주특별자치도,가구제품,0
2022,강원특별자치도,제주특별자치도,기타제품,0
2022,강원특별자치도,제주특별자치도,*) 재생제품,0
2022,강원특별자치도,제주특별자치도,*) 기타,0
2022,강원특별자치도,세종특별자치시,합계,735694
2022,강원특별자치도,세종특별자치시,농산물,11129
2022,강원특별자치도,세종특별자치시,임산물,8074
2022,강원특별자치도,세종특별자치시,수산물,101
2022,강원특별자치도,세종특별자치시,축산물,1489
2022,강원특별자치도,세종특별자치시,석탄광물,2388
2022,강원특별자치도,세종특별자치시,석회석광물,4907
2022,강원특별자치도,세종특별자치시,비금속광물,278781
2022,강원특별자치도,세종특별자치시,음식료품,22184
2022,강원특별자치도,세종특별자치시,담배제품,0
2022,강원특별자치도,세종특별자치시,섬유제품,53
2022,강원특별자치도,세종특별자치시,의복,47
2022,강원특별자치도,세종특별자치시,가죽,0
2022,강원특별자치도,세종특별자치시,"목재,나무제품",12021
2022,강원특별자치도,세종특별자치시,"펄프,종이",9220
2022,강원특별자치도,세종특별자치시,"인쇄,기록매체",36
2022,강원특별자치도,세종특별자치시,"코크스,연탄,석유정제품",1812
2022,강원특별자치도,세종특별자치시,"화합물,화학제품",10622
2022,강원특별자치도,세종특별자치시,"고무,플라스틱제품",879
2022,강원특별자치도,세종특별자치시,비금속광물제품,301979
2022,강원특별자치도,세종특별자치시,제1차금속제품,1647
2022,강원특별자치도,세종특별자치시,금속가공제품,792
2022,강원특별자치도,세종특별자치시,"기타기계,장비제조품",338
2022,강원특별자치도,세종특별자치시,"전자부품,컴퓨터,영상,음향,통신장비",0
2022,강원특별자치도,세종특별자치시,전기장비제품,436
2022,강원특별자치도,세종특별자치시,"의료,정밀,광학기기,시계",94
2022,강원특별자치도,세종특별자치시,"자동차,트레일러",284
2022,강원특별자치도,세종특별자치시,기타운송장비,0
2022,강원특별자치도,세종특별자치시,가구제품,58
2022,강원특별자치도,세종특별자치시,기타제품,5
2022,강원특별자치도,세종특별자치시,*) 재생제품,66318
2022,강원특별자치도,세종특별자치시,*) 기타,0
2022,충청북도,서울특별시,합계,3630919
2022,충청북도,서울특별시,농산물,95464
2022,충청북도,서울특별시,임산물,38813
2022,충청북도,서울특별시,수산물,331
2022,충청북도,서울특별시,축산물,6451
2022,충청북도,서울특별시,석탄광물,0
2022,충청북도,서울특별시,석회석광물,6728
2022,충청북도,서울특별시,비금속광물,150482
2022,충청북도,서울특별시,음식료품,187386
2022,충청북도,서울특별시,담배제품,0
2022,충청북도,서울특별시,섬유제품,63329
2022,충청북도,서울특별시,의복,1427
2022,충청북도,서울특별시,가죽,5510
2022,충청북도,서울특별시,"목재,나무제품",3743
2022,충청북도,서울특별시,"펄프,종이",523811
2022,충청북도,서울특별시,"인쇄,기록매체",1501
2022,충청북도,서울특별시,"코크스,연탄,석유정제품",1552666
2022,충청북도,서울특별시,"화합물,화학제품",62005
2022,충청북도,서울특별시,"고무,플라스틱제품",37953
2022,충청북도,서울특별시,비금속광물제품,478232
2022,충청북도,서울특별시,제1차금속제품,10387
2022,충청북도,서울특별시,금속가공제품,134071
2022,충청북도,서울특별시,"기타기계,장비제조품",48310
2022,충청북도,서울특별시,"전자부품,컴퓨터,영상,음향,통신장비",4973
2022,충청북도,서울특별시,전기장비제품,99619
2022,충청북도,서울특별시,"의료,정밀,광학기기,시계",4130
2022,충청북도,서울특별시,"자동차,트레일러",67614
2022,충청북도,서울특별시,기타운송장비,744
2022,충청북도,서울특별시,가구제품,19770
2022,충청북도,서울특별시,기타제품,6932
2022,충청북도,서울특별시,*) 재생제품,18537
2022,충청북도,서울특별시,*) 기타,0
2022,충청북도,부산광역시,합계,4188940
2022,충청북도,부산광역시,농산물,21552
2022,충청북도,부산광역시,임산물,16073
2022,충청북도,부산광역시,수산물,779
2022,충청북도,부산광역시,축산물,2410
2022,충청북도,부산광역시,석탄광물,0
2022,충청북도,부산광역시,석회석광물,14280
2022,충청북도,부산광역시,비금속광물,194904
2022,충청북도,부산광역시,음식료품,76434
2022,충청북도,부산광역시,담배제품,0
2022,충청북도,부산광역시,섬유제품,3310
2022,충청북도,부산광역시,의복,449
2022,충청북도,부산광역시,가죽,2846
2022,충청북도,부산광역시,"목재,나무제품",4223
2022,충청북도,부산광역시,"펄프,종이",289674
2022,충청북도,부산광역시,"인쇄,기록매체",434
2022,충청북도,부산광역시,"코크스,연탄,석유정제품",407923
2022,충청북도,부산광역시,"화합물,화학제품",75165
2022,충청북도,부산광역시,"고무,플라스틱제품",13343
2022,충청북도,부산광역시,비금속광물제품,577935
2022,충청북도,부산광역시,제1차금속제품,33562
2022,충청북도,부산광역시,금속가공제품,84709
2022,충청북도,부산광역시,"기타기계,장비제조품",18700
2022,충청북도,부산광역시,"전자부품,컴퓨터,영상,음향,통신장비",3380
2022,충청북도,부산광역시,전기장비제품,29105
2022,충청북도,부산광역시,"의료,정밀,광학기기,시계",1150
2022,충청북도,부산광역시,"자동차,트레일러",17181
2022,충청북도,부산광역시,기타운송장비,644
2022,충청북도,부산광역시,가구제품,5365
2022,충청북도,부산광역시,기타제품,3399
2022,충청북도,부산광역시,*) 재생제품,47328
2022,충청북도,부산광역시,*) 기타,2242683
2022,충청북도,대구광역시,합계,1513580
2022,충청북도,대구광역시,농산물,17362
2022,충청북도,대구광역시,임산물,10882
2022,충청북도,대구광역시,수산물,88
2022,충청북도,대구광역시,축산물,8629
2022,충청북도,대구광역시,석탄광물,0
2022,충청북도,대구광역시,석회석광물,6894
2022,충청북도,대구광역시,비금속광물,224331
2022,충청북도,대구광역시,음식료품,53888
2022,충청북도,대구광역시,담배제품,0
2022,충청북도,대구광역시,섬유제품,1812
2022,충청북도,대구광역시,의복,468
2022,충청북도,대구광역시,가죽,452
2022,충청북도,대구광역시,"목재,나무제품",1885
2022,충청북도,대구광역시,"펄프,종이",371355
2022,충청북도,대구광역시,"인쇄,기록매체",377
2022,충청북도,대구광역시,"코크스,연탄,석유정제품",246624
2022,충청북도,대구광역시,"화합물,화학제품",69930
2022,충청북도,대구광역시,"고무,플라스틱제품",12146
2022,충청북도,대구광역시,비금속광물제품,296975
2022,충청북도,대구광역시,제1차금속제품,13022
2022,충청북도,대구광역시,금속가공제품,73432
2022,충청북도,대구광역시,"기타기계,장비제조품",15389
2022,충청북도,대구광역시,"전자부품,컴퓨터,영상,음향,통신장비",2690
2022,충청북도,대구광역시,전기장비제품,28194
2022,충청북도,대구광역시,"의료,정밀,광학기기,시계",1633
2022,충청북도,대구광역시,"자동차,트레일러",9761
2022,충청북도,대구광역시,기타운송장비,89
2022,충청북도,대구광역시,가구제품,3952
2022,충청북도,대구광역시,기타제품,2178
2022,충청북도,대구광역시,*) 재생제품,39142
2022,충청북도,대구광역시,*) 기타,0
2022,충청북도,인천광역시,합계,2779303
2022,충청북도,인천광역시,농산물,42315
2022,충청북도,인천광역시,임산물,38426
2022,충청북도,인천광역시,수산물,148
2022,충청북도,인천광역시,축산물,1840
2022,충청북도,인천광역시,석탄광물,0
2022,충청북도,인천광역시,석회석광물,14538
2022,충청북도,인천광역시,비금속광물,274939
2022,충청북도,인천광역시,음식료품,60356
2022,충청북도,인천광역시,담배제품,0
2022,충청북도,인천광역시,섬유제품,3831
2022,충청북도,인천광역시,의복,155
2022,충청북도,인천광역시,가죽,768
2022,충청북도,인천광역시,"목재,나무제품",5494
2022,충청북도,인천광역시,"펄프,종이",132769
2022,충청북도,인천광역시,"인쇄,기록매체",299
2022,충청북도,인천광역시,"코크스,연탄,석유정제품",1164946
2022,충청북도,인천광역시,"화합물,화학제품",83808
2022,충청북도,인천광역시,"고무,플라스틱제품",26817
2022,충청북도,인천광역시,비금속광물제품,502265
2022,충청북도,인천광역시,제1차금속제품,14056
2022,충청북도,인천광역시,금속가공제품,109728
2022,충청북도,인천광역시,"기타기계,장비제조품",43552
2022,충청북도,인천광역시,"전자부품,컴퓨터,영상,음향,통신장비",2592
2022,충청북도,인천광역시,전기장비제품,57231
2022,충청북도,인천광역시,"의료,정밀,광학기기,시계",4396
2022,충청북도,인천광역시,"자동차,트레일러",56094
2022,충청북도,인천광역시,기타운송장비,532
2022,충청북도,인천광역시,가구제품,4664
2022,충청북도,인천광역시,기타제품,1932
2022,충청북도,인천광역시,*) 재생제품,11866
2022,충청북도,인천광역시,*) 기타,118946
2022,충청북도,광주광역시,합계,970574
2022,충청북도,광주광역시,농산물,8659
2022,충청북도,광주광역시,임산물,4943
2022,충청북도,광주광역시,수산물,31
2022,충청북도,광주광역시,축산물,1601
2022,충청북도,광주광역시,석탄광물,0
2022,충청북도,광주광역시,석회석광물,2257
2022,충청북도,광주광역시,비금속광물,60448
2022,충청북도,광주광역시,음식료품,24065
2022,충청북도,광주광역시,담배제품,0
2022,충청북도,광주광역시,섬유제품,1785
2022,충청북도,광주광역시,의복,134
2022,충청북도,광주광역시,가죽,263
2022,충청북도,광주광역시,"목재,나무제품",1318
2022,충청북도,광주광역시,"펄프,종이",154046
2022,충청북도,광주광역시,"인쇄,기록매체",227
2022,충청북도,광주광역시,"코크스,연탄,석유정제품",155879
2022,충청북도,광주광역시,"화합물,화학제품",32083
2022,충청북도,광주광역시,"고무,플라스틱제품",9459
2022,충청북도,광주광역시,비금속광물제품,357239
2022,충청북도,광주광역시,제1차금속제품,11983
2022,충청북도,광주광역시,금속가공제품,61490
2022,충청북도,광주광역시,"기타기계,장비제조품",12782
2022,충청북도,광주광역시,"전자부품,컴퓨터,영상,음향,통신장비",1244
2022,충청북도,광주광역시,전기장비제품,35039
2022,충청북도,광주광역시,"의료,정밀,광학기기,시계",916
2022,충청북도,광주광역시,"자동차,트레일러",6667
2022,충청북도,광주광역시,기타운송장비,35
2022,충청북도,광주광역시,가구제품,4291
2022,충청북도,광주광역시,기타제품,2287
2022,충청북도,광주광역시,*) 재생제품,19403
2022,충청북도,광주광역시,*) 기타,0
2022,충청북도,대전광역시,합계,2282543
2022,충청북도,대전광역시,농산물,29539
2022,충청북도,대전광역시,임산물,10790
2022,충청북도,대전광역시,수산물,79
2022,충청북도,대전광역시,축산물,2594
2022,충청북도,대전광역시,석탄광물,0
2022,충청북도,대전광역시,석회석광물,3848
2022,충청북도,대전광역시,비금속광물,192927
2022,충청북도,대전광역시,음식료품,60734
2022,충청북도,대전광역시,담배제품,0
2022,충청북도,대전광역시,섬유제품,3233
2022,충청북도,대전광역시,의복,221
2022,충청북도,대전광역시,가죽,501
2022,충청북도,대전광역시,"목재,나무제품",1505
2022,충청북도,대전광역시,"펄프,종이",642066
2022,충청북도,대전광역시,"인쇄,기록매체",660
2022,충청북도,대전광역시,"코크스,연탄,석유정제품",223073
2022,충청북도,대전광역시,"화합물,화학제품",84077
2022,충청북도,대전광역시,"고무,플라스틱제품",33544
2022,충청북도,대전광역시,비금속광물제품,758677
2022,충청북도,대전광역시,제1차금속제품,11540
2022,충청북도,대전광역시,금속가공제품,70915
2022,충청북도,대전광역시,"기타기계,장비제조품",30665
2022,충청북도,대전광역시,"전자부품,컴퓨터,영상,음향,통신장비",6191
2022,충청북도,대전광역시,전기장비제품,37171
2022,충청북도,대전광역시,"의료,정밀,광학기기,시계",1467
2022,충청북도,대전광역시,"자동차,트레일러",13645
2022,충청북도,대전광역시,기타운송장비,253
2022,충청북도,대전광역시,가구제품,4747
2022,충청북도,대전광역시,기타제품,1465
2022,충청북도,대전광역시,*) 재생제품,56416
2022,충청북도,대전광역시,*) 기타,0
2022,충청북도,울산광역시,합계,8657075
2022,충청북도,울산광역시,농산물,10666
2022,충청북도,울산광역시,임산물,9433
2022,충청북도,울산광역시,수산물,41
2022,충청북도,울산광역시,축산물,906
2022,충청북도,울산광역시,석탄광물,0
2022,충청북도,울산광역시,석회석광물,10781
2022,충청북도,울산광역시,비금속광물,244536
2022,충청북도,울산광역시,음식료품,35429
2022,충청북도,울산광역시,담배제품,0
2022,충청북도,울산광역시,섬유제품,1273
2022,충청북도,울산광역시,의복,173
2022,충청북도,울산광역시,가죽,304
2022,충청북도,울산광역시,"목재,나무제품",3372
2022,충청북도,울산광역시,"펄프,종이",383118
2022,충청북도,울산광역시,"인쇄,기록매체",547
2022,충청북도,울산광역시,"코크스,연탄,석유정제품",5790554
2022,충청북도,울산광역시,"화합물,화학제품",564462
2022,충청북도,울산광역시,"고무,플라스틱제품",22006
2022,충청북도,울산광역시,비금속광물제품,1051768
2022,충청북도,울산광역시,제1차금속제품,65064
2022,충청북도,울산광역시,금속가공제품,222664
2022,충청북도,울산광역시,"기타기계,장비제조품",44920
2022,충청북도,울산광역시,"전자부품,컴퓨터,영상,음향,통신장비",2778
2022,충청북도,울산광역시,전기장비제품,93479
2022,충청북도,울산광역시,"의료,정밀,광학기기,시계",1987
2022,충청북도,울산광역시,"자동차,트레일러",36842
2022,충청북도,울산광역시,기타운송장비,2433
2022,충청북도,울산광역시,가구제품,9762
2022,충청북도,울산광역시,기타제품,4963
2022,충청북도,울산광역시,*) 재생제품,42814
2022,충청북도,울산광역시,*) 기타,0
2022,충청북도,경기도,합계,15595914
2022,충청북도,경기도,농산물,244222
2022,충청북도,경기도,임산물,96811
2022,충청북도,경기도,수산물,760
2022,충청북도,경기도,축산물,42237
2022,충청북도,경기도,석탄광물,0
2022,충청북도,경기도,석회석광물,66421
2022,충청북도,경기도,비금속광물,1463828
2022,충청북도,경기도,음식료품,453014
2022,충청북도,경기도,담배제품,0
2022,충청북도,경기도,섬유제품,30288
2022,충청북도,경기도,의복,1255
2022,충청북도,경기도,가죽,7463
2022,충청북도,경기도,"목재,나무제품",24339
2022,충청북도,경기도,"펄프,종이",1205942
2022,충청북도,경기도,"인쇄,기록매체",2639
2022,충청북도,경기도,"코크스,연탄,석유정제품",2137706
2022,충청북도,경기도,"화합물,화학제품",434698
2022,충청북도,경기도,"고무,플라스틱제품",208671
2022,충청북도,경기도,비금속광물제품,7012333
2022,충청북도,경기도,제1차금속제품,121856
2022,충청북도,경기도,금속가공제품,692218
2022,충청북도,경기도,"기타기계,장비제조품",307684
2022,충청북도,경기도,"전자부품,컴퓨터,영상,음향,통신장비",70225
2022,충청북도,경기도,전기장비제품,408425
2022,충청북도,경기도,"의료,정밀,광학기기,시계",19697
2022,충청북도,경기도,"자동차,트레일러",259179
2022,충청북도,경기도,기타운송장비,1870
2022,충청북도,경기도,가구제품,36525
2022,충청북도,경기도,기타제품,12974
2022,충청북도,경기도,*) 재생제품,92242
2022,충청북도,경기도,*) 기타,140392
2022,충청북도,강원특별자치도,합계,3481123
2022,충청북도,강원특별자치도,농산물,50884
2022,충청북도,강원특별자치도,임산물,42704
2022,충청북도,강원특별자치도,수산물,419
2022,충청북도,강원특별자치도,축산물,11310
2022,충청북도,강원특별자치도,석탄광물,0
2022,충청북도,강원특별자치도,석회석광물,31000
2022,충청북도,강원특별자치도,비금속광물,1585892
2022,충청북도,강원특별자치도,음식료품,87176
2022,충청북도,강원특별자치도,담배제품,0
2022,충청북도,강원특별자치도,섬유제품,1844
2022,충청북도,강원특별자치도,의복,116
2022,충청북도,강원특별자치도,가죽,208
2022,충청북도,강원특별자치도,"목재,나무제품",1025
2022,충청북도,강원특별자치도,"펄프,종이",122546
2022,충청북도,강원특별자치도,"인쇄,기록매체",139
2022,충청북도,강원특별자치도,"코크스,연탄,석유정제품",250911
2022,충청북도,강원특별자치도,"화합물,화학제품",30481
2022,충청북도,강원특별자치도,"고무,플라스틱제품",11482
2022,충청북도,강원특별자치도,비금속광물제품,1115896
2022,충청북도,강원특별자치도,제1차금속제품,6937
2022,충청북도,강원특별자치도,금속가공제품,60361
2022,충청북도,강원특별자치도,"기타기계,장비제조품",8232
2022,충청북도,강원특별자치도,"전자부품,컴퓨터,영상,음향,통신장비",943
2022,충청북도,강원특별자치도,전기장비제품,16325
2022,충청북도,강원특별자치도,"의료,정밀,광학기기,시계",1683
2022,충청북도,강원특별자치도,"자동차,트레일러",18749
2022,충청북도,강원특별자치도,기타운송장비,737
2022,충청북도,강원특별자치도,가구제품,2219
2022,충청북도,강원특별자치도,기타제품,1172
2022,충청북도,강원특별자치도,*) 재생제품,19528
2022,충청북도,강원특별자치도,*) 기타,204
2022,충청북도,충청북도,합계,15709952
2022,충청북도,충청북도,농산물,217692
2022,충청북도,충청북도,임산물,75056
2022,충청북도,충청북도,수산물,158
2022,충청북도,충청북도,축산물,77553
2022,충청북도,충청북도,석탄광물,0
2022,충청북도,충청북도,석회석광물,31066
2022,충청북도,충청북도,비금속광물,2617850
2022,충청북도,충청북도,음식료품,606774
2022,충청북도,충청북도,담배제품,0
2022,충청북도,충청북도,섬유제품,10107
2022,충청북도,충청북도,의복,560
2022,충청북도,충청북도,가죽,1752
2022,충청북도,충청북도,"목재,나무제품",12588
2022,충청북도,충청북도,"펄프,종이",1677619
2022,충청북도,충청북도,"인쇄,기록매체",1690
2022,충청북도,충청북도,"코크스,연탄,석유정제품",480086
2022,충청북도,충청북도,"화합물,화학제품",463948
2022,충청북도,충청북도,"고무,플라스틱제품",156117
2022,충청북도,충청북도,비금속광물제품,7968563
2022,충청북도,충청북도,제1차금속제품,104631
2022,충청북도,충청북도,금속가공제품,439265
2022,충청북도,충청북도,"기타기계,장비제조품",115542
2022,충청북도,충청북도,"전자부품,컴퓨터,영상,음향,통신장비",67483
2022,충청북도,충청북도,전기장비제품,248946
2022,충청북도,충청북도,"의료,정밀,광학기기,시계",12626
2022,충청북도,충청북도,"자동차,트레일러",73466
2022,충청북도,충청북도,기타운송장비,909
2022,충청북도,충청북도,가구제품,20965
2022,충청북도,충청북도,기타제품,14475
2022,충청북도,충청북도,*) 재생제품,212465
2022,충청북도,충청북도,*) 기타,0
2022,충청북도,충청남도,합계,12088404
2022,충청북도,충청남도,농산물,129994
2022,충청북도,충청남도,임산물,41502
2022,충청북도,충청남도,수산물,251
2022,충청북도,충청남도,축산물,21485
2022,충청북도,충청남도,석탄광물,0
2022,충청북도,충청남도,석회석광물,27066
2022,충청북도,충청남도,비금속광물,929338
2022,충청북도,충청남도,음식료품,240737
2022,충청북도,충청남도,담배제품,0
2022,충청북도,충청남도,섬유제품,6656
2022,충청북도,충청남도,의복,358
2022,충청북도,충청남도,가죽,825
2022,충청북도,충청남도,"목재,나무제품",7615
2022,충청북도,충청남도,"펄프,종이",695064
2022,충청북도,충청남도,"인쇄,기록매체",649
2022,충청북도,충청남도,"코크스,연탄,석유정제품",3016881
2022,충청북도,충청남도,"화합물,화학제품",519777
2022,충청북도,충청남도,"고무,플라스틱제품",99270
2022,충청북도,충청남도,비금속광물제품,5409510
2022,충청북도,충청남도,제1차금속제품,109918
2022,충청북도,충청남도,금속가공제품,288031
2022,충청북도,충청남도,"기타기계,장비제조품",106013
2022,충청북도,충청남도,"전자부품,컴퓨터,영상,음향,통신장비",55458
2022,충청북도,충청남도,전기장비제품,189762
2022,충청북도,충청남도,"의료,정밀,광학기기,시계",6636
2022,충청북도,충청남도,"자동차,트레일러",88426
2022,충청북도,충청남도,기타운송장비,710
2022,충청북도,충청남도,가구제품,18763
2022,충청북도,충청남도,기타제품,6867
2022,충청북도,충청남도,*) 재생제품,70842
2022,충청북도,충청남도,*) 기타,0
2022,충청북도,전북특별자치도,합계,2792510
2022,충청북도,전북특별자치도,농산물,57874
2022,충청북도,전북특별자치도,임산물,35081
2022,충청북도,전북특별자치도,수산물,125
2022,충청북도,전북특별자치도,축산물,29593
2022,충청북도,전북특별자치도,석탄광물,0
2022,충청북도,전북특별자치도,석회석광물,19302
2022,충청북도,전북특별자치도,비금속광물,515062
2022,충청북도,전북특별자치도,음식료품,126832
2022,충청북도,전북특별자치도,담배제품,0
2022,충청북도,전북특별자치도,섬유제품,3323
2022,충청북도,전북특별자치도,의복,203
2022,충청북도,전북특별자치도,가죽,369
2022,충청북도,전북특별자치도,"목재,나무제품",2923
2022,충청북도,전북특별자치도,"펄프,종이",423890
2022,충청북도,전북특별자치도,"인쇄,기록매체",259
2022,충청북도,전북특별자치도,"코크스,연탄,석유정제품",391811
2022,충청북도,전북특별자치도,"화합물,화학제품",117718
2022,충청북도,전북특별자치도,"고무,플라스틱제품",17800
2022,충청북도,전북특별자치도,비금속광물제품,808236
2022,충청북도,전북특별자치도,제1차금속제품,25154
2022,충청북도,전북특별자치도,금속가공제품,78862
2022,충청북도,전북특별자치도,"기타기계,장비제조품",24034
2022,충청북도,전북특별자치도,"전자부품,컴퓨터,영상,음향,통신장비",2085
2022,충청북도,전북특별자치도,전기장비제품,30447
2022,충청북도,전북특별자치도,"의료,정밀,광학기기,시계",1025
2022,충청북도,전북특별자치도,"자동차,트레일러",34854
2022,충청북도,전북특별자치도,기타운송장비,1003
2022,충청북도,전북특별자치도,가구제품,6043
2022,충청북도,전북특별자치도,기타제품,2110
2022,충청북도,전북특별자치도,*) 재생제품,36375
2022,충청북도,전북특별자치도,*) 기타,117
2022,충청북도,전라남도,합계,6699494
2022,충청북도,전라남도,농산물,40085
2022,충청북도,전라남도,임산물,28900
2022,충청북도,전라남도,수산물,309
2022,충청북도,전라남도,축산물,6598
2022,충청북도,전라남도,석탄광물,0
2022,충청북도,전라남도,석회석광물,28231
2022,충청북도,전라남도,비금속광물,661876
2022,충청북도,전라남도,음식료품,76721
2022,충청북도,전라남도,담배제품,0
2022,충청북도,전라남도,섬유제품,2179
2022,충청북도,전라남도,의복,165
2022,충청북도,전라남도,가죽,288
2022,충청북도,전라남도,"목재,나무제품",3334
2022,충청북도,전라남도,"펄프,종이",215625
2022,충청북도,전라남도,"인쇄,기록매체",295
2022,충청북도,전라남도,"코크스,연탄,석유정제품",3759068
2022,충청북도,전라남도,"화합물,화학제품",491773
2022,충청북도,전라남도,"고무,플라스틱제품",10927
2022,충청북도,전라남도,비금속광물제품,1090531
2022,충청북도,전라남도,제1차금속제품,63138
2022,충청북도,전라남도,금속가공제품,87439
2022,충청북도,전라남도,"기타기계,장비제조품",29514
2022,충청북도,전라남도,"전자부품,컴퓨터,영상,음향,통신장비",1612
2022,충청북도,전라남도,전기장비제품,22149
2022,충청북도,전라남도,"의료,정밀,광학기기,시계",1708
2022,충청북도,전라남도,"자동차,트레일러",3679
2022,충청북도,전라남도,기타운송장비,1978
2022,충청북도,전라남도,가구제품,6266
2022,충청북도,전라남도,기타제품,3050
2022,충청북도,전라남도,*) 재생제품,38982
2022,충청북도,전라남도,*) 기타,23074
2022,충청북도,경상북도,합계,8893259
2022,충청북도,경상북도,농산물,74501
2022,충청북도,경상북도,임산물,78651
2022,충청북도,경상북도,수산물,289
2022,충청북도,경상북도,축산물,30376
2022,충청북도,경상북도,석탄광물,0
2022,충청북도,경상북도,석회석광물,28946
2022,충청북도,경상북도,비금속광물,1144448
2022,충청북도,경상북도,음식료품,131740
2022,충청북도,경상북도,담배제품,0
2022,충청북도,경상북도,섬유제품,6126
2022,충청북도,경상북도,의복,709
2022,충청북도,경상북도,가죽,686
2022,충청북도,경상북도,"목재,나무제품",7660
2022,충청북도,경상북도,"펄프,종이",679370
2022,충청북도,경상북도,"인쇄,기록매체",704
2022,충청북도,경상북도,"코크스,연탄,석유정제품",707393
2022,충청북도,경상북도,"화합물,화학제품",301828
2022,충청북도,경상북도,"고무,플라스틱제품",71352
2022,충청북도,경상북도,비금속광물제품,4872840
2022,충청북도,경상북도,제1차금속제품,112825
2022,충청북도,경상북도,금속가공제품,261108
2022,충청북도,경상북도,"기타기계,장비제조품",42655
2022,충청북도,경상북도,"전자부품,컴퓨터,영상,음향,통신장비",67411
2022,충청북도,경상북도,전기장비제품,108904
2022,충청북도,경상북도,"의료,정밀,광학기기,시계",5580
2022,충청북도,경상북도,"자동차,트레일러",33954
2022,충청북도,경상북도,기타운송장비,192
2022,충청북도,경상북도,가구제품,15715
2022,충청북도,경상북도,기타제품,9415
2022,충청북도,경상북도,*) 재생제품,97881
2022,충청북도,경상북도,*) 기타,0
2022,충청북도,경상남도,합계,5028025
2022,충청북도,경상남도,농산물,45149
2022,충청북도,경상남도,임산물,44658
2022,충청북도,경상남도,수산물,532
2022,충청북도,경상남도,축산물,10763
2022,충청북도,경상남도,석탄광물,0
2022,충청북도,경상남도,석회석광물,19912
2022,충청북도,경상남도,비금속광물,500452
2022,충청북도,경상남도,음식료품,139740
2022,충청북도,경상남도,담배제품,0
2022,충청북도,경상남도,섬유제품,3779
2022,충청북도,경상남도,의복,360
2022,충청북도,경상남도,가죽,878
2022,충청북도,경상남도,"목재,나무제품",7411
2022,충청북도,경상남도,"펄프,종이",721409
2022,충청북도,경상남도,"인쇄,기록매체",659
2022,충청북도,경상남도,"코크스,연탄,석유정제품",619808
2022,충청북도,경상남도,"화합물,화학제품",158876
2022,충청북도,경상남도,"고무,플라스틱제품",46651
2022,충청북도,경상남도,비금속광물제품,1922844
2022,충청북도,경상남도,제1차금속제품,69634
2022,충청북도,경상남도,금속가공제품,379389
2022,충청북도,경상남도,"기타기계,장비제조품",73561
2022,충청북도,경상남도,"전자부품,컴퓨터,영상,음향,통신장비",3853
2022,충청북도,경상남도,전기장비제품,111352
2022,충청북도,경상남도,"의료,정밀,광학기기,시계",2995
2022,충청북도,경상남도,"자동차,트레일러",28730
2022,충청북도,경상남도,기타운송장비,8471
2022,충청북도,경상남도,가구제품,16675
2022,충청북도,경상남도,기타제품,9443
2022,충청북도,경상남도,*) 재생제품,77954
2022,충청북도,경상남도,*) 기타,2087
2022,충청북도,제주특별자치도,합계,0
2022,충청북도,제주특별자치도,농산물,0
2022,충청북도,제주특별자치도,임산물,0
2022,충청북도,제주특별자치도,수산물,0
2022,충청북도,제주특별자치도,축산물,0
2022,충청북도,제주특별자치도,석탄광물,0
2022,충청북도,제주특별자치도,석회석광물,0
2022,충청북도,제주특별자치도,비금속광물,0
2022,충청북도,제주특별자치도,음식료품,0
2022,충청북도,제주특별자치도,담배제품,0
2022,충청북도,제주특별자치도,섬유제품,0
2022,충청북도,제주특별자치도,의복,0
2022,충청북도,제주특별자치도,가죽,0
2022,충청북도,제주특별자치도,"목재,나무제품",0
2022,충청북도,제주특별자치도,"펄프,종이",0
2022,충청북도,제주특별자치도,"인쇄,기록매체",0
2022,충청북도,제주특별자치도,"코크스,연탄,석유정제품",0
2022,충청북도,제주특별자치도,"화합물,화학제품",0
2022,충청북도,제주특별자치도,"고무,플라스틱제품",0
2022,충청북도,제주특별자치도,비금속광물제품,0
2022,충청북도,제주특별자치도,제1차금속제품,0
2022,충청북도,제주특별자치도,금속가공제품,0
2022,충청북도,제주특별자치도,"기타기계,장비제조품",0
2022,충청북도,제주특별자치도,"전자부품,컴퓨터,영상,음향,통신장비",0
2022,충청북도,제주특별자치도,전기장비제품,0
2022,충청북도,제주특별자치도,"의료,정밀,광학기기,시계",0
2022,충청북도,제주특별자치도,"자동차,트레일러",0
2022,충청북도,제주특별자치도,기타운송장비,0
2022,충청북도,제주특별자치도,가구제품,0
2022,충청북도,제주특별자치도,기타제품,0
2022,충청북도,제주특별자치도,*) 재생제품,0
2022,충청북도,제주특별자치도,*) 기타,0
2022,충청북도,세종특별자치시,합계,1512082
2022,충청북도,세종특별자치시,농산물,17296
2022,충청북도,세종특별자치시,임산물,9346
2022,충청북도,세종특별자치시,수산물,8
2022,충청북도,세종특별자치시,축산물,2107
2022,충청북도,세종특별자치시,석탄광물,0
2022,충청북도,세종특별자치시,석회석광물,5193
2022,충청북도,세종특별자치시,비금속광물,267598
2022,충청북도,세종특별자치시,음식료품,24489
2022,충청북도,세종특별자치시,담배제품,0
2022,충청북도,세종특별자치시,섬유제품,676
2022,충청북도,세종특별자치시,의복,40
2022,충청북도,세종특별자치시,가죽,81
2022,충청북도,세종특별자치시,"목재,나무제품",630
2022,충청북도,세종특별자치시,"펄프,종이",267006
2022,충청북도,세종특별자치시,"인쇄,기록매체",247
2022,충청북도,세종특별자치시,"코크스,연탄,석유정제품",47925
2022,충청북도,세종특별자치시,"화합물,화학제품",39884
2022,충청북도,세종특별자치시,"고무,플라스틱제품",11587
2022,충청북도,세종특별자치시,비금속광물제품,748340
2022,충청북도,세종특별자치시,제1차금속제품,3638
2022,충청북도,세종특별자치시,금속가공제품,16283
2022,충청북도,세종특별자치시,"기타기계,장비제조품",4509
2022,충청북도,세종특별자치시,"전자부품,컴퓨터,영상,음향,통신장비",2863
2022,충청북도,세종특별자치시,전기장비제품,17204
2022,충청북도,세종특별자치시,"의료,정밀,광학기기,시계",2090
2022,충청북도,세종특별자치시,"자동차,트레일러",3924
2022,충청북도,세종특별자치시,기타운송장비,18
2022,충청북도,세종특별자치시,가구제품,1886
2022,충청북도,세종특별자치시,기타제품,997
2022,충청북도,세종특별자치시,*) 재생제품,16217
2022,충청북도,세종특별자치시,*) 기타,0
2022,충청남도,서울특별시,합계,3159264
2022,충청남도,서울특별시,농산물,241141
2022,충청남도,서울특별시,임산물,44416
2022,충청남도,서울특별시,수산물,16379
2022,충청남도,서울특별시,축산물,24602
2022,충청남도,서울특별시,석탄광물,0
2022,충청남도,서울특별시,석회석광물,0
2022,충청남도,서울특별시,비금속광물,267226
2022,충청남도,서울특별시,음식료품,707568
2022,충청남도,서울특별시,담배제품,0
2022,충청남도,서울특별시,섬유제품,94395
2022,충청남도,서울특별시,의복,6646
2022,충청남도,서울특별시,가죽,1286
2022,충청남도,서울특별시,"목재,나무제품",11143
2022,충청남도,서울특별시,"펄프,종이",51069
2022,충청남도,서울특별시,"인쇄,기록매체",49393
2022,충청남도,서울특별시,"코크스,연탄,석유정제품",231943
2022,충청남도,서울특별시,"화합물,화학제품",44521
2022,충청남도,서울특별시,"고무,플라스틱제품",79794
2022,충청남도,서울특별시,비금속광물제품,316040
2022,충청남도,서울특별시,제1차금속제품,91631
2022,충청남도,서울특별시,금속가공제품,319911
2022,충청남도,서울특별시,"기타기계,장비제조품",89958
2022,충청남도,서울특별시,"전자부품,컴퓨터,영상,음향,통신장비",7565
2022,충청남도,서울특별시,전기장비제품,53930
2022,충청남도,서울특별시,"의료,정밀,광학기기,시계",3953
2022,충청남도,서울특별시,"자동차,트레일러",358303
2022,충청남도,서울특별시,기타운송장비,428
2022,충청남도,서울특별시,가구제품,3466
2022,충청남도,서울특별시,기타제품,20277
2022,충청남도,서울특별시,*) 재생제품,22280
2022,충청남도,서울특별시,*) 기타,0
2022,충청남도,부산광역시,합계,5288338
2022,충청남도,부산광역시,농산물,44631
2022,충청남도,부산광역시,임산물,15977
2022,충청남도,부산광역시,수산물,34644
2022,충청남도,부산광역시,축산물,8480
2022,충청남도,부산광역시,석탄광물,0
2022,충청남도,부산광역시,석회석광물,0
2022,충청남도,부산광역시,비금속광물,261060
2022,충청남도,부산광역시,음식료품,279361
2022,충청남도,부산광역시,담배제품,0
2022,충청남도,부산광역시,섬유제품,4691
2022,충청남도,부산광역시,의복,949
2022,충청남도,부산광역시,가죽,502
2022,충청남도,부산광역시,"목재,나무제품",12114
2022,충청남도,부산광역시,"펄프,종이",26592
2022,충청남도,부산광역시,"인쇄,기록매체",12690
2022,충청남도,부산광역시,"코크스,연탄,석유정제품",56286
2022,충청남도,부산광역시,"화합물,화학제품",50135
2022,충청남도,부산광역시,"고무,플라스틱제품",25790
2022,충청남도,부산광역시,비금속광물제품,341750
2022,충청남도,부산광역시,제1차금속제품,239693
2022,충청남도,부산광역시,금속가공제품,171868
2022,충청남도,부산광역시,"기타기계,장비제조품",27136
2022,충청남도,부산광역시,"전자부품,컴퓨터,영상,음향,통신장비",3820
2022,충청남도,부산광역시,전기장비제품,13388
2022,충청남도,부산광역시,"의료,정밀,광학기기,시계",841
2022,충청남도,부산광역시,"자동차,트레일러",64026
2022,충청남도,부산광역시,기타운송장비,326
2022,충청남도,부산광역시,가구제품,910
2022,충청남도,부산광역시,기타제품,8035
2022,충청남도,부산광역시,*) 재생제품,43719
2022,충청남도,부산광역시,*) 기타,3538924
2022,충청남도,대구광역시,합계,1188920
2022,충청남도,대구광역시,농산물,31645
2022,충청남도,대구광역시,임산물,9732
2022,충청남도,대구광역시,수산물,3720
2022,충청남도,대구광역시,축산물,28698
2022,충청남도,대구광역시,석탄광물,0
2022,충청남도,대구광역시,석회석광물,0
2022,충청남도,대구광역시,비금속광물,282926
2022,충청남도,대구광역시,음식료품,179306
2022,충청남도,대구광역시,담배제품,0
2022,충청남도,대구광역시,섬유제품,2438
2022,충청남도,대구광역시,의복,1823
2022,충청남도,대구광역시,가죽,75
2022,충청남도,대구광역시,"목재,나무제품",4880
2022,충청남도,대구광역시,"펄프,종이",32227
2022,충청남도,대구광역시,"인쇄,기록매체",10569
2022,충청남도,대구광역시,"코크스,연탄,석유정제품",32071
2022,충청남도,대구광역시,"화합물,화학제품",44410
2022,충청남도,대구광역시,"고무,플라스틱제품",22181
2022,충청남도,대구광역시,비금속광물제품,159154
2022,충청남도,대구광역시,제1차금속제품,91854
2022,충청남도,대구광역시,금속가공제품,140379
2022,충청남도,대구광역시,"기타기계,장비제조품",21444
2022,충청남도,대구광역시,"전자부품,컴퓨터,영상,음향,통신장비",2877
2022,충청남도,대구광역시,전기장비제품,11987
2022,충청남도,대구광역시,"의료,정밀,광학기기,시계",1129
2022,충청남도,대구광역시,"자동차,트레일러",34724
2022,충청남도,대구광역시,기타운송장비,42
2022,충청남도,대구광역시,가구제품,636
2022,충청남도,대구광역시,기타제품,5066
2022,충청남도,대구광역시,*) 재생제품,32927
2022,충청남도,대구광역시,*) 기타,0
2022,충청남도,인천광역시,합계,3605722
2022,충청남도,인천광역시,농산물,126263
2022,충청남도,인천광역시,임산물,46729
2022,충청남도,인천광역시,수산물,7726
2022,충청남도,인천광역시,축산물,7485
2022,충청남도,인천광역시,석탄광물,0
2022,충청남도,인천광역시,석회석광물,0
2022,충청남도,인천광역시,비금속광물,532325
2022,충청남도,인천광역시,음식료품,250012
2022,충청남도,인천광역시,담배제품,0
2022,충청남도,인천광역시,섬유제품,6118
2022,충청남도,인천광역시,의복,732
2022,충청남도,인천광역시,가죽,184
2022,충청남도,인천광역시,"목재,나무제품",17664
2022,충청남도,인천광역시,"펄프,종이",13976
2022,충청남도,인천광역시,"인쇄,기록매체",10299
2022,충청남도,인천광역시,"코크스,연탄,석유정제품",191777
2022,충청남도,인천광역시,"화합물,화학제품",65028
2022,충청남도,인천광역시,"고무,플라스틱제품",61008
2022,충청남도,인천광역시,비금속광물제품,377036
2022,충청남도,인천광역시,제1차금속제품,187407
2022,충청남도,인천광역시,금속가공제품,288176
2022,충청남도,인천광역시,"기타기계,장비제조품",86124
2022,충청남도,인천광역시,"전자부품,컴퓨터,영상,음향,통신장비",4119
2022,충청남도,인천광역시,전기장비제품,35808
2022,충청남도,인천광역시,"의료,정밀,광학기기,시계",2096
2022,충청남도,인천광역시,"자동차,트레일러",335200
2022,충청남도,인천광역시,기타운송장비,328
2022,충청남도,인천광역시,가구제품,868
2022,충청남도,인천광역시,기타제품,6086
2022,충청남도,인천광역시,*) 재생제품,15591
2022,충청남도,인천광역시,*) 기타,929557
2022,충청남도,광주광역시,합계,1092655
2022,충청남도,광주광역시,농산물,26847
2022,충청남도,광주광역시,임산물,6711
2022,충청남도,광주광역시,수산물,1621
2022,충청남도,광주광역시,축산물,6806
2022,충청남도,광주광역시,석탄광물,0
2022,충청남도,광주광역시,석회석광물,0
2022,충청남도,광주광역시,비금속광물,125641
2022,충청남도,광주광역시,음식료품,126633
2022,충청남도,광주광역시,담배제품,0
2022,충청남도,광주광역시,섬유제품,3175
2022,충청남도,광주광역시,의복,655
2022,충청남도,광주광역시,가죽,50
2022,충청남도,광주광역시,"목재,나무제품",4377
2022,충청남도,광주광역시,"펄프,종이",18423
2022,충청남도,광주광역시,"인쇄,기록매체",7805
2022,충청남도,광주광역시,"코크스,연탄,석유정제품",26112
2022,충청남도,광주광역시,"화합물,화학제품",26533
2022,충청남도,광주광역시,"고무,플라스틱제품",22194
2022,충청남도,광주광역시,비금속광물제품,314413
2022,충청남도,광주광역시,제1차금속제품,111311
2022,충청남도,광주광역시,금속가공제품,152982
2022,충청남도,광주광역시,"기타기계,장비제조품",22212
2022,충청남도,광주광역시,"전자부품,컴퓨터,영상,음향,통신장비",1592
2022,충청남도,광주광역시,전기장비제품,18447
2022,충청남도,광주광역시,"의료,정밀,광학기기,시계",752
2022,충청남도,광주광역시,"자동차,트레일러",34317
2022,충청남도,광주광역시,기타운송장비,21
2022,충청남도,광주광역시,가구제품,893
2022,충청남도,광주광역시,기타제품,7719
2022,충청남도,광주광역시,*) 재생제품,24413
2022,충청남도,광주광역시,*) 기타,0
2022,충청남도,대전광역시,합계,2378267
2022,충청남도,대전광역시,농산물,66773
2022,충청남도,대전광역시,임산물,13012
2022,충청남도,대전광역시,수산물,3408
2022,충청남도,대전광역시,축산물,9222
2022,충청남도,대전광역시,석탄광물,0
2022,충청남도,대전광역시,석회석광물,0
2022,충청남도,대전광역시,비금속광물,356690
2022,충청남도,대전광역시,음식료품,261210
2022,충청남도,대전광역시,담배제품,0
2022,충청남도,대전광역시,섬유제품,4836
2022,충청남도,대전광역시,의복,948
2022,충청남도,대전광역시,가죽,64
2022,충청남도,대전광역시,"목재,나무제품",4431
2022,충청남도,대전광역시,"펄프,종이",66088
2022,충청남도,대전광역시,"인쇄,기록매체",18743
2022,충청남도,대전광역시,"코크스,연탄,석유정제품",479327
2022,충청남도,대전광역시,"화합물,화학제품",62346
2022,충청남도,대전광역시,"고무,플라스틱제품",69495
2022,충청남도,대전광역시,비금속광물제품,560967
2022,충청남도,대전광역시,제1차금속제품,88004
2022,충청남도,대전광역시,금속가공제품,145357
2022,충청남도,대전광역시,"기타기계,장비제조품",41510
2022,충청남도,대전광역시,"전자부품,컴퓨터,영상,음향,통신장비",5568
2022,충청남도,대전광역시,전기장비제품,15187
2022,충청남도,대전광역시,"의료,정밀,광학기기,시계",875
2022,충청남도,대전광역시,"자동차,트레일러",48954
2022,충청남도,대전광역시,기타운송장비,122
2022,충청남도,대전광역시,가구제품,924
2022,충청남도,대전광역시,기타제품,4167
2022,충청남도,대전광역시,*) 재생제품,50039
2022,충청남도,대전광역시,*) 기타,0
2022,충청남도,울산광역시,합계,3534520
2022,충청남도,울산광역시,농산물,20612
2022,충청남도,울산광역시,임산물,8825
2022,충청남도,울산광역시,수산물,1801
2022,충청남도,울산광역시,축산물,3077
2022,충청남도,울산광역시,석탄광물,0
2022,충청남도,울산광역시,석회석광물,0
2022,충청남도,울산광역시,비금속광물,320489
2022,충청남도,울산광역시,음식료품,120866
2022,충청남도,울산광역시,담배제품,0
2022,충청남도,울산광역시,섬유제품,1732
2022,충청남도,울산광역시,의복,683
2022,충청남도,울산광역시,가죽,52
2022,충청남도,울산광역시,"목재,나무제품",8810
2022,충청남도,울산광역시,"펄프,종이",33186
2022,충청남도,울산광역시,"인쇄,기록매체",15442
2022,충청남도,울산광역시,"코크스,연탄,석유정제품",763135
2022,충청남도,울산광역시,"화합물,화학제품",361000
2022,충청남도,울산광역시,"고무,플라스틱제품",40720
2022,충청남도,울산광역시,비금속광물제품,628309
2022,충청남도,울산광역시,제1차금속제품,467583
2022,충청남도,울산광역시,금속가공제품,435390
2022,충청남도,울산광역시,"기타기계,장비제조품",65053
2022,충청남도,울산광역시,"전자부품,컴퓨터,영상,음향,통신장비",3087
2022,충청남도,울산광역시,전기장비제품,40843
2022,충청남도,울산광역시,"의료,정밀,광학기기,시계",1430
2022,충청남도,울산광역시,"자동차,트레일러",140186
2022,충청남도,울산광역시,기타운송장비,1170
2022,충청남도,울산광역시,가구제품,1585
2022,충청남도,울산광역시,기타제품,11913
2022,충청남도,울산광역시,*) 재생제품,37541
2022,충청남도,울산광역시,*) 기타,0
2022,충청남도,경기도,합계,22369864
2022,충청남도,경기도,농산물,619819
2022,충청남도,경기도,임산물,111801
2022,충청남도,경기도,수산물,37668
2022,충청남도,경기도,축산물,160464
2022,충청남도,경기도,석탄광물,47886
2022,충청남도,경기도,석회석광물,23547
2022,충청남도,경기도,비금속광물,2798671
2022,충청남도,경기도,음식료품,1718446
2022,충청남도,경기도,담배제품,0
2022,충청남도,경기도,섬유제품,46111
2022,충청남도,경기도,의복,6199
2022,충청남도,경기도,가죽,1876
2022,충청남도,경기도,"목재,나무제품",74967
2022,충청남도,경기도,"펄프,종이",123699
2022,충청남도,경기도,"인쇄,기록매체",89035
2022,충청남도,경기도,"코크스,연탄,석유정제품",320499
2022,충청남도,경기도,"화합물,화학제품",311910
2022,충청남도,경기도,"고무,플라스틱제품",452694
2022,충청남도,경기도,비금속광물제품,4743143
2022,충청남도,경기도,제1차금속제품,4292815
2022,충청남도,경기도,금속가공제품,1714982
2022,충청남도,경기도,"기타기계,장비제조품",604940
2022,충청남도,경기도,"전자부품,컴퓨터,영상,음향,통신장비",117520
2022,충청남도,경기도,전기장비제품,231578
2022,충청남도,경기도,"의료,정밀,광학기기,시계",20384
2022,충청남도,경기도,"자동차,트레일러",2333516
2022,충청남도,경기도,기타운송장비,1119
2022,충청남도,경기도,가구제품,6598
2022,충청남도,경기도,기타제품,39110
2022,충청남도,경기도,*) 재생제품,123923
2022,충청남도,경기도,*) 기타,1194944
2022,충청남도,강원특별자치도,합계,2401967
2022,충청남도,강원특별자치도,농산물,78692
2022,충청남도,강원특별자치도,임산물,35123
2022,충청남도,강원특별자치도,수산물,16954
2022,충청남도,강원특별자치도,축산물,35322
2022,충청남도,강원특별자치도,석탄광물,0
2022,충청남도,강원특별자치도,석회석광물,0
2022,충청남도,강원특별자치도,비금속광물,1256676
2022,충청남도,강원특별자치도,음식료품,218383
2022,충청남도,강원특별자치도,담배제품,0
2022,충청남도,강원특별자치도,섬유제품,2126
2022,충청남도,강원특별자치도,의복,388
2022,충청남도,강원특별자치도,가죽,40
2022,충청남도,강원특별자치도,"목재,나무제품",2284
2022,충청남도,강원특별자치도,"펄프,종이",8256
2022,충청남도,강원특별자치도,"인쇄,기록매체",3592
2022,충청남도,강원특별자치도,"코크스,연탄,석유정제품",28553
2022,충청남도,강원특별자치도,"화합물,화학제품",16173
2022,충청남도,강원특별자치도,"고무,플라스틱제품",17781
2022,충청남도,강원특별자치도,비금속광물제품,445126
2022,충청남도,강원특별자치도,제1차금속제품,41824
2022,충청남도,강원특별자치도,금속가공제품,99480
2022,충청남도,강원특별자치도,"기타기계,장비제조품",11116
2022,충청남도,강원특별자치도,"전자부품,컴퓨터,영상,음향,통신장비",1059
2022,충청남도,강원특별자치도,전기장비제품,6611
2022,충청남도,강원특별자치도,"의료,정밀,광학기기,시계",1253
2022,충청남도,강원특별자치도,"자동차,트레일러",58548
2022,충청남도,강원특별자치도,기타운송장비,326
2022,충청남도,강원특별자치도,가구제품,307
2022,충청남도,강원특별자치도,기타제품,2361
2022,충청남도,강원특별자치도,*) 재생제품,13529
2022,충청남도,강원특별자치도,*) 기타,84
2022,충청남도,충청북도,합계,7033420
2022,충청남도,충청북도,농산물,198103
2022,충청남도,충청북도,임산물,44322
2022,충청남도,충청북도,수산물,5677
2022,충청남도,충청북도,축산물,169333
2022,충청남도,충청북도,석탄광물,0
2022,충청남도,충청북도,석회석광물,473784
2022,충청남도,충청북도,비금속광물,2058280
2022,충청남도,충청북도,음식료품,893777
2022,충청남도,충청북도,담배제품,0
2022,충청남도,충청북도,섬유제품,6434
2022,충청남도,충청북도,의복,1376
2022,충청남도,충청북도,가죽,165
2022,충청남도,충청북도,"목재,나무제품",17728
2022,충청남도,충청북도,"펄프,종이",53041
2022,충청남도,충청북도,"인쇄,기록매체",23279
2022,충청남도,충청북도,"코크스,연탄,석유정제품",34660
2022,충청남도,충청북도,"화합물,화학제품",151703
2022,충청남도,충청북도,"고무,플라스틱제품",129040
2022,충청남도,충청북도,비금속광물제품,1700638
2022,충청남도,충청북도,제1차금속제품,327412
2022,충청남도,충청북도,금속가공제품,391959
2022,충청남도,충청북도,"기타기계,장비제조품",78069
2022,충청남도,충청북도,"전자부품,컴퓨터,영상,음향,통신장비",30941
2022,충청남도,충청북도,전기장비제품,50773
2022,충청남도,충청북도,"의료,정밀,광학기기,시계",4368
2022,충청남도,충청북도,"자동차,트레일러",112710
2022,충청남도,충청북도,기타운송장비,237
2022,충청남도,충청북도,가구제품,1743
2022,충청남도,충청북도,기타제품,13595
2022,충청남도,충청북도,*) 재생제품,60273
2022,충청남도,충청북도,*) 기타,0
2022,충청남도,충청남도,합계,68040310
2022,충청남도,충청남도,농산물,668408
2022,충청남도,충청남도,임산물,78023
2022,충청남도,충청남도,수산물,15378
2022,충청남도,충청남도,축산물,119498
2022,충청남도,충청남도,석탄광물,35837279
2022,충청남도,충청남도,석회석광물,398941
2022,충청남도,충청남도,비금속광물,4075856
2022,충청남도,충청남도,음식료품,1980806
2022,충청남도,충청남도,담배제품,0
2022,충청남도,충청남도,섬유제품,18241
2022,충청남도,충청남도,의복,2970
2022,충청남도,충청남도,가죽,278
2022,충청남도,충청남도,"목재,나무제품",535152
2022,충청남도,충청남도,"펄프,종이",168166
2022,충청남도,충청남도,"인쇄,기록매체",35620
2022,충청남도,충청남도,"코크스,연탄,석유정제품",1537974
2022,충청남도,충청남도,"화합물,화학제품",6792098
2022,충청남도,충청남도,"고무,플라스틱제품",440985
2022,충청남도,충청남도,비금속광물제품,9359962
2022,충청남도,충청남도,제1차금속제품,1843354
2022,충청남도,충청남도,금속가공제품,1376014
2022,충청남도,충청남도,"기타기계,장비제조품",382600
2022,충청남도,충청남도,"전자부품,컴퓨터,영상,음향,통신장비",158725
2022,충청남도,충청남도,전기장비제품,194424
2022,충청남도,충청남도,"의료,정밀,광학기기,시계",11108
2022,충청남도,충청남도,"자동차,트레일러",1108399
2022,충청남도,충청남도,기타운송장비,653
2022,충청남도,충청남도,가구제품,5851
2022,충청남도,충청남도,기타제품,54862
2022,충청남도,충청남도,*) 재생제품,212955
2022,충청남도,충청남도,*) 기타,625730
2022,충청남도,전북특별자치도,합계,4940441
2022,충청남도,전북특별자치도,농산물,231199
2022,충청남도,전북특별자치도,임산물,59085
2022,충청남도,전북특별자치도,수산물,6919
2022,충청남도,전북특별자치도,축산물,138518
2022,충청남도,전북특별자치도,석탄광물,0
2022,충청남도,전북특별자치도,석회석광물,139431
2022,충청남도,전북특별자치도,비금속광물,1339567
2022,충청남도,전북특별자치도,음식료품,898867
2022,충청남도,전북특별자치도,담배제품,0
2022,충청남도,전북특별자치도,섬유제품,7204
2022,충청남도,전북특별자치도,의복,1120
2022,충청남도,전북특별자치도,가죽,68
2022,충청남도,전북특별자치도,"목재,나무제품",15398
2022,충청남도,전북특별자치도,"펄프,종이",69612
2022,충청남도,전북특별자치도,"인쇄,기록매체",10066
2022,충청남도,전북특별자치도,"코크스,연탄,석유정제품",71985
2022,충청남도,전북특별자치도,"화합물,화학제품",119831
2022,충청남도,전북특별자치도,"고무,플라스틱제품",48976
2022,충청남도,전북특별자치도,비금속광물제품,948330
2022,충청남도,전북특별자치도,제1차금속제품,261586
2022,충청남도,전북특별자치도,금속가공제품,219112
2022,충청남도,전북특별자치도,"기타기계,장비제조품",45235
2022,충청남도,전북특별자치도,"전자부품,컴퓨터,영상,음향,통신장비",2745
2022,충청남도,전북특별자치도,전기장비제품,17571
2022,충청남도,전북특별자치도,"의료,정밀,광학기기,시계",872
2022,충청남도,전북특별자치도,"자동차,트레일러",195050
2022,충청남도,전북특별자치도,기타운송장비,731
2022,충청남도,전북특별자치도,가구제품,1508
2022,충청남도,전북특별자치도,기타제품,8503
2022,충청남도,전북특별자치도,*) 재생제품,54532
2022,충청남도,전북특별자치도,*) 기타,26820
2022,충청남도,전라남도,합계,4884743
2022,충청남도,전라남도,농산물,117697
2022,충청남도,전라남도,임산물,37612
2022,충청남도,전라남도,수산물,15854
2022,충청남도,전라남도,축산물,27395
2022,충청남도,전라남도,석탄광물,0
2022,충청남도,전라남도,석회석광물,0
2022,충청남도,전라남도,비금속광물,1308662
2022,충청남도,전라남도,음식료품,381438
2022,충청남도,전라남도,담배제품,0
2022,충청남도,전라남도,섬유제품,3773
2022,충청남도,전라남도,의복,793
2022,충청남도,전라남도,가죽,55
2022,충청남도,전라남도,"목재,나무제품",10826
2022,충청남도,전라남도,"펄프,종이",24893
2022,충청남도,전라남도,"인쇄,기록매체",9950
2022,충청남도,전라남도,"코크스,연탄,석유정제품",616564
2022,충청남도,전라남도,"화합물,화학제품",397050
2022,충청남도,전라남도,"고무,플라스틱제품",25043
2022,충청남도,전라남도,비금속광물제품,909493
2022,충청남도,전라남도,제1차금속제품,577152
2022,충청남도,전라남도,금속가공제품,213938
2022,충청남도,전라남도,"기타기계,장비제조품",50735
2022,충청남도,전라남도,"전자부품,컴퓨터,영상,음향,통신장비",2051
2022,충청남도,전라남도,전기장비제품,11498
2022,충청남도,전라남도,"의료,정밀,광학기기,시계",1395
2022,충청남도,전라남도,"자동차,트레일러",16747
2022,충청남도,전라남도,기타운송장비,1199
2022,충청남도,전라남도,가구제품,1271
2022,충청남도,전라남도,기타제품,9916
2022,충청남도,전라남도,*) 재생제품,47378
2022,충청남도,전라남도,*) 기타,64365
2022,충청남도,경상북도,합계,6384397
2022,충청남도,경상북도,농산물,120378
2022,충청남도,경상북도,임산물,64680
2022,충청남도,경상북도,수산물,11701
2022,충청남도,경상북도,축산물,96131
2022,충청남도,경상북도,석탄광물,0
2022,충청남도,경상북도,석회석광물,0
2022,충청남도,경상북도,비금속광물,1293105
2022,충청남도,경상북도,음식료품,396511
2022,충청남도,경상북도,담배제품,0
2022,충청남도,경상북도,섬유제품,7670
2022,충청남도,경상북도,의복,2655
2022,충청남도,경상북도,가죽,111
2022,충청남도,경상북도,"목재,나무제품",18878
2022,충청남도,경상북도,"펄프,종이",55262
2022,충청남도,경상북도,"인쇄,기록매체",18934
2022,충청남도,경상북도,"코크스,연탄,석유정제품",86627
2022,충청남도,경상북도,"화합물,화학제품",180672
2022,충청남도,경상북도,"고무,플라스틱제품",122087
2022,충청남도,경상북도,비금속광물제품,2321090
2022,충청남도,경상북도,제1차금속제품,737804
2022,충청남도,경상북도,금속가공제품,467991
2022,충청남도,경상북도,"기타기계,장비제조품",56584
2022,충청남도,경상북도,"전자부품,컴퓨터,영상,음향,통신장비",70109
2022,충청남도,경상북도,전기장비제품,44460
2022,충청남도,경상북도,"의료,정밀,광학기기,시계",3755
2022,충청남도,경상북도,"자동차,트레일러",108720
2022,충청남도,경상북도,기타운송장비,85
2022,충청남도,경상북도,가구제품,2386
2022,충청남도,경상북도,기타제품,20213
2022,충청남도,경상북도,*) 재생제품,75798
2022,충청남도,경상북도,*) 기타,0
2022,충청남도,경상남도,합계,4736410
2022,충청남도,경상남도,농산물,95275
2022,충청남도,경상남도,임산물,45450
2022,충청남도,경상남도,수산물,23744
2022,충청남도,경상남도,축산물,38133
2022,충청남도,경상남도,석탄광물,0
2022,충청남도,경상남도,석회석광물,0
2022,충청남도,경상남도,비금속광물,726178
2022,충청남도,경상남도,음식료품,529511
2022,충청남도,경상남도,담배제품,0
2022,충청남도,경상남도,섬유제품,5492
2022,충청남도,경상남도,의복,1500
2022,충청남도,경상남도,가죽,152
2022,충청남도,경상남도,"목재,나무제품",24046
2022,충청남도,경상남도,"펄프,종이",71540
2022,충청남도,경상남도,"인쇄,기록매체",19436
2022,충청남도,경상남도,"코크스,연탄,석유정제품",86786
2022,충청남도,경상남도,"화합물,화학제품",107892
2022,충청남도,경상남도,"고무,플라스틱제품",91946
2022,충청남도,경상남도,비금속광물제품,1180400
2022,충청남도,경상남도,제1차금속제품,518723
2022,충청남도,경상남도,금속가공제품,783314
2022,충청남도,경상남도,"기타기계,장비제조품",102636
2022,충청남도,경상남도,"전자부품,컴퓨터,영상,음향,통신장비",4385
2022,충청남도,경상남도,전기장비제품,54281
2022,충청남도,경상남도,"의료,정밀,광학기기,시계",2176
2022,충청남도,경상남도,"자동차,트레일러",116484
2022,충청남도,경상남도,기타운송장비,4392
2022,충청남도,경상남도,가구제품,2925
2022,충청남도,경상남도,기타제품,24691
2022,충청남도,경상남도,*) 재생제품,73133
2022,충청남도,경상남도,*) 기타,1789
2022,충청남도,제주특별자치도,합계,0
2022,충청남도,제주특별자치도,농산물,0
2022,충청남도,제주특별자치도,임산물,0
2022,충청남도,제주특별자치도,수산물,0
2022,충청남도,제주특별자치도,축산물,0
2022,충청남도,제주특별자치도,석탄광물,0
2022,충청남도,제주특별자치도,석회석광물,0
2022,충청남도,제주특별자치도,비금속광물,0
2022,충청남도,제주특별자치도,음식료품,0
2022,충청남도,제주특별자치도,담배제품,0
2022,충청남도,제주특별자치도,섬유제품,0
2022,충청남도,제주특별자치도,의복,0
2022,충청남도,제주특별자치도,가죽,0
2022,충청남도,제주특별자치도,"목재,나무제품",0
2022,충청남도,제주특별자치도,"펄프,종이",0
2022,충청남도,제주특별자치도,"인쇄,기록매체",0
2022,충청남도,제주특별자치도,"코크스,연탄,석유정제품",0
2022,충청남도,제주특별자치도,"화합물,화학제품",0
2022,충청남도,제주특별자치도,"고무,플라스틱제품",0
2022,충청남도,제주특별자치도,비금속광물제품,0
2022,충청남도,제주특별자치도,제1차금속제품,0
2022,충청남도,제주특별자치도,금속가공제품,0
2022,충청남도,제주특별자치도,"기타기계,장비제조품",0
2022,충청남도,제주특별자치도,"전자부품,컴퓨터,영상,음향,통신장비",0
2022,충청남도,제주특별자치도,전기장비제품,0
2022,충청남도,제주특별자치도,"의료,정밀,광학기기,시계",0
2022,충청남도,제주특별자치도,"자동차,트레일러",0
2022,충청남도,제주특별자치도,기타운송장비,0
2022,충청남도,제주특별자치도,가구제품,0
2022,충청남도,제주특별자치도,기타제품,0
2022,충청남도,제주특별자치도,*) 재생제품,0
2022,충청남도,제주특별자치도,*) 기타,0
2022,충청남도,세종특별자치시,합계,1408695
2022,충청남도,세종특별자치시,농산물,37618
2022,충청남도,세종특별자치시,임산물,10246
2022,충청남도,세종특별자치시,수산물,367
2022,충청남도,세종특별자치시,축산물,7325
2022,충청남도,세종특별자치시,석탄광물,0
2022,충청남도,세종특별자치시,석회석광물,0
2022,충청남도,세종특별자치시,비금속광물,526382
2022,충청남도,세종특별자치시,음식료품,93947
2022,충청남도,세종특별자치시,담배제품,0
2022,충청남도,세종특별자치시,섬유제품,880
2022,충청남도,세종특별자치시,의복,191
2022,충청남도,세종특별자치시,가죽,8
2022,충청남도,세종특별자치시,"목재,나무제품",1806
2022,충청남도,세종특별자치시,"펄프,종이",24526
2022,충청남도,세종특별자치시,"인쇄,기록매체",7002
2022,충청남도,세종특별자치시,"코크스,연탄,석유정제품",6269
2022,충청남도,세종특별자치시,"화합물,화학제품",28430
2022,충청남도,세종특별자치시,"고무,플라스틱제품",24914
2022,충청남도,세종특별자치시,비금속광물제품,520695
2022,충청남도,세종특별자치시,제1차금속제품,28503
2022,충청남도,세종특별자치시,금속가공제품,36320
2022,충청남도,세종특별자치시,"기타기계,장비제조품",6654
2022,충청남도,세종특별자치시,"전자부품,컴퓨터,영상,음향,통신장비",2422
2022,충청남도,세종특별자치시,전기장비제품,7312
2022,충청남도,세종특별자치시,"의료,정밀,광학기기,시계",1239
2022,충청남도,세종특별자치시,"자동차,트레일러",18433
2022,충청남도,세종특별자치시,기타운송장비,7
2022,충청남도,세종특별자치시,가구제품,337
2022,충청남도,세종특별자치시,기타제품,2609
2022,충청남도,세종특별자치시,*) 재생제품,14253
2022,충청남도,세종특별자치시,*) 기타,0
2022,전북특별자치도,서울특별시,합계,1006442
2022,전북특별자치도,서울특별시,농산물,167695
2022,전북특별자치도,서울특별시,임산물,23959
2022,전북특별자치도,서울특별시,수산물,7220
2022,전북특별자치도,서울특별시,축산물,10845
2022,전북특별자치도,서울특별시,석탄광물,0
2022,전북특별자치도,서울특별시,석회석광물,0
2022,전북특별자치도,서울특별시,비금속광물,148129
2022,전북특별자치도,서울특별시,음식료품,156192
2022,전북특별자치도,서울특별시,담배제품,0
2022,전북특별자치도,서울특별시,섬유제품,21732
2022,전북특별자치도,서울특별시,의복,9937
2022,전북특별자치도,서울특별시,가죽,0
2022,전북특별자치도,서울특별시,"목재,나무제품",24026
2022,전북특별자치도,서울특별시,"펄프,종이",14102
2022,전북특별자치도,서울특별시,"인쇄,기록매체",765
2022,전북특별자치도,서울특별시,"코크스,연탄,석유정제품",11317
2022,전북특별자치도,서울특별시,"화합물,화학제품",54631
2022,전북특별자치도,서울특별시,"고무,플라스틱제품",13293
2022,전북특별자치도,서울특별시,비금속광물제품,197030
2022,전북특별자치도,서울특별시,제1차금속제품,2617
2022,전북특별자치도,서울특별시,금속가공제품,38002
2022,전북특별자치도,서울특별시,"기타기계,장비제조품",16639
2022,전북특별자치도,서울특별시,"전자부품,컴퓨터,영상,음향,통신장비",1062
2022,전북특별자치도,서울특별시,전기장비제품,6770
2022,전북특별자치도,서울특별시,"의료,정밀,광학기기,시계",1029
2022,전북특별자치도,서울특별시,"자동차,트레일러",48938
2022,전북특별자치도,서울특별시,기타운송장비,346
2022,전북특별자치도,서울특별시,가구제품,2063
2022,전북특별자치도,서울특별시,기타제품,5794
2022,전북특별자치도,서울특별시,*) 재생제품,20239
2022,전북특별자치도,서울특별시,*) 기타,2070
2022,전북특별자치도,부산광역시,합계,2816966
2022,전북특별자치도,부산광역시,농산물,60442
2022,전북특별자치도,부산광역시,임산물,14441
2022,전북특별자치도,부산광역시,수산물,19464
2022,전북특별자치도,부산광역시,축산물,5686
2022,전북특별자치도,부산광역시,석탄광물,0
2022,전북특별자치도,부산광역시,석회석광물,0
2022,전북특별자치도,부산광역시,비금속광물,322574
2022,전북특별자치도,부산광역시,음식료품,108486
2022,전북특별자치도,부산광역시,담배제품,0
2022,전북특별자치도,부산광역시,섬유제품,1768
2022,전북특별자치도,부산광역시,의복,3575
2022,전북특별자치도,부산광역시,가죽,0
2022,전북특별자치도,부산광역시,"목재,나무제품",41261
2022,전북특별자치도,부산광역시,"펄프,종이",15113
2022,전북특별자치도,부산광역시,"인쇄,기록매체",342
2022,전북특별자치도,부산광역시,"코크스,연탄,석유정제품",4411
2022,전북특별자치도,부산광역시,"화합물,화학제품",105572
2022,전북특별자치도,부산광역시,"고무,플라스틱제품",7899
2022,전북특별자치도,부산광역시,비금속광물제품,432207
2022,전북특별자치도,부산광역시,제1차금속제품,20958
2022,전북특별자치도,부산광역시,금속가공제품,39434
2022,전북특별자치도,부산광역시,"기타기계,장비제조품",9385
2022,전북특별자치도,부산광역시,"전자부품,컴퓨터,영상,음향,통신장비",1158
2022,전북특별자치도,부산광역시,전기장비제품,3103
2022,전북특별자치도,부산광역시,"의료,정밀,광학기기,시계",415
2022,전북특별자치도,부산광역시,"자동차,트레일러",21912
2022,전북특별자치도,부산광역시,기타운송장비,397
2022,전북특별자치도,부산광역시,가구제품,858
2022,전북특별자치도,부산광역시,기타제품,7690
2022,전북특별자치도,부산광역시,*) 재생제품,91522
2022,전북특별자치도,부산광역시,*) 기타,1476893
2022,전북특별자치도,대구광역시,합계,884094
2022,전북특별자치도,대구광역시,농산물,40620
2022,전북특별자치도,대구광역시,임산물,8611
2022,전북특별자치도,대구광역시,수산물,2048
2022,전북특별자치도,대구광역시,축산물,18592
2022,전북특별자치도,대구광역시,석탄광물,0
2022,전북특별자치도,대구광역시,석회석광물,0
2022,전북특별자치도,대구광역시,비금속광물,299129
2022,전북특별자치도,대구광역시,음식료품,65902
2022,전북특별자치도,대구광역시,담배제품,0
2022,전북특별자치도,대구광역시,섬유제품,859
2022,전북특별자치도,대구광역시,의복,4068
2022,전북특별자치도,대구광역시,가죽,0
2022,전북특별자치도,대구광역시,"목재,나무제품",16716
2022,전북특별자치도,대구광역시,"펄프,종이",16845
2022,전북특별자치도,대구광역시,"인쇄,기록매체",269
2022,전북특별자치도,대구광역시,"코크스,연탄,석유정제품",2346
2022,전북특별자치도,대구광역시,"화합물,화학제품",87131
2022,전북특별자치도,대구광역시,"고무,플라스틱제품",6289
2022,전북특별자치도,대구광역시,비금속광물제품,186651
2022,전북특별자치도,대구광역시,제1차금속제품,4739
2022,전북특별자치도,대구광역시,금속가공제품,30098
2022,전북특별자치도,대구광역시,"기타기계,장비제조품",7037
2022,전북특별자치도,대구광역시,"전자부품,컴퓨터,영상,음향,통신장비",808
2022,전북특별자치도,대구광역시,전기장비제품,2655
2022,전북특별자치도,대구광역시,"의료,정밀,광학기기,시계",518
2022,전북특별자치도,대구광역시,"자동차,트레일러",9485
2022,전북특별자치도,대구광역시,기타운송장비,48
2022,전북특별자치도,대구광역시,가구제품,561
2022,전북특별자치도,대구광역시,기타제품,2207
2022,전북특별자치도,대구광역시,*) 재생제품,63830
2022,전북특별자치도,대구광역시,*) 기타,6032
2022,전북특별자치도,인천광역시,합계,1336057
2022,전북특별자치도,인천광역시,농산물,80824
2022,전북특별자치도,인천광역시,임산물,25029
2022,전북특별자치도,인천광역시,수산물,3345
2022,전북특별자치도,인천광역시,축산물,3249
2022,전북특별자치도,인천광역시,석탄광물,0
2022,전북특별자치도,인천광역시,석회석광물,0
2022,전북특별자치도,인천광역시,비금속광물,292763
2022,전북특별자치도,인천광역시,음식료품,54926
2022,전북특별자치도,인천광역시,담배제품,0
2022,전북특별자치도,인천광역시,섬유제품,1411
2022,전북특별자치도,인천광역시,의복,1141
2022,전북특별자치도,인천광역시,가죽,0
2022,전북특별자치도,인천광역시,"목재,나무제품",37967
2022,전북특별자치도,인천광역시,"펄프,종이",3955
2022,전북특별자치도,인천광역시,"인쇄,기록매체",162
2022,전북특별자치도,인천광역시,"코크스,연탄,석유정제품",9147
2022,전북특별자치도,인천광역시,"화합물,화학제품",80123
2022,전북특별자치도,인천광역시,"고무,플라스틱제품",10237
2022,전북특별자치도,인천광역시,비금속광물제품,229920
2022,전북특별자치도,인천광역시,제1차금속제품,8897
2022,전북특별자치도,인천광역시,금속가공제품,34079
2022,전북특별자치도,인천광역시,"기타기계,장비제조품",16236
2022,전북특별자치도,인천광역시,"전자부품,컴퓨터,영상,음향,통신장비",595
2022,전북특별자치도,인천광역시,전기장비제품,4770
2022,전북특별자치도,인천광역시,"의료,정밀,광학기기,시계",511
2022,전북특별자치도,인천광역시,"자동차,트레일러",44352
2022,전북특별자치도,인천광역시,기타운송장비,265
2022,전북특별자치도,인천광역시,가구제품,519
2022,전북특별자치도,인천광역시,기타제품,1745
2022,전북특별자치도,인천광역시,*) 재생제품,14245
2022,전북특별자치도,인천광역시,*) 기타,375644
2022,전북특별자치도,광주광역시,합계,1433886
2022,전북특별자치도,광주광역시,농산물,63686
2022,전북특별자치도,광주광역시,임산물,8981
2022,전북특별자치도,광주광역시,수산물,1119
2022,전북특별자치도,광주광역시,축산물,6407
2022,전북특별자치도,광주광역시,석탄광물,0
2022,전북특별자치도,광주광역시,석회석광물,0
2022,전북특별자치도,광주광역시,비금속광물,226561
2022,전북특별자치도,광주광역시,음식료품,78801
2022,전북특별자치도,광주광역시,담배제품,0
2022,전북특별자치도,광주광역시,섬유제품,1700
2022,전북특별자치도,광주광역시,의복,2048
2022,전북특별자치도,광주광역시,가죽,0
2022,전북특별자치도,광주광역시,"목재,나무제품",40727
2022,전북특별자치도,광주광역시,"펄프,종이",18156
2022,전북특별자치도,광주광역시,"인쇄,기록매체",294
2022,전북특별자치도,광주광역시,"코크스,연탄,석유정제품",3291
2022,전북특별자치도,광주광역시,"화합물,화학제품",83437
2022,전북특별자치도,광주광역시,"고무,플라스틱제품",11645
2022,전북특별자치도,광주광역시,비금속광물제품,693011
2022,전북특별자치도,광주광역시,제1차금속제품,9560
2022,전북특별자치도,광주광역시,금속가공제품,52743
2022,전북특별자치도,광주광역시,"기타기계,장비제조품",12348
2022,전북특별자치도,광주광역시,"전자부품,컴퓨터,영상,음향,통신장비",764
2022,전북특별자치도,광주광역시,전기장비제품,6663
2022,전북특별자치도,광주광역시,"의료,정밀,광학기기,시계",545
2022,전북특별자치도,광주광역시,"자동차,트레일러",16037
2022,전북특별자치도,광주광역시,기타운송장비,35
2022,전북특별자치도,광주광역시,가구제품,1247
2022,전북특별자치도,광주광역시,기타제품,5454
2022,전북특별자치도,광주광역시,*) 재생제품,87239
2022,전북특별자치도,광주광역시,*) 기타,1387
2022,전북특별자치도,대전광역시,합계,1136717
2022,전북특별자치도,대전광역시,농산물,122747
2022,전북특별자치도,대전광역시,임산물,6360
2022,전북특별자치도,대전광역시,수산물,1770
2022,전북특별자치도,대전광역시,축산물,4600
2022,전북특별자치도,대전광역시,석탄광물,0
2022,전북특별자치도,대전광역시,석회석광물,0
2022,전북특별자치도,대전광역시,비금속광물,245965
2022,전북특별자치도,대전광역시,음식료품,66638
2022,전북특별자치도,대전광역시,담배제품,0
2022,전북특별자치도,대전광역시,섬유제품,1277
2022,전북특별자치도,대전광역시,의복,1768
2022,전북특별자치도,대전광역시,가죽,0
2022,전북특별자치도,대전광역시,"목재,나무제품",11134
2022,전북특별자치도,대전광역시,"펄프,종이",20489
2022,전북특별자치도,대전광역시,"인쇄,기록매체",362
2022,전북특별자치도,대전광역시,"코크스,연탄,석유정제품",1971
2022,전북특별자치도,대전광역시,"화합물,화학제품",91798
2022,전북특별자치도,대전광역시,"고무,플라스틱제품",14852
2022,전북특별자치도,대전광역시,비금속광물제품,416998
2022,전북특별자치도,대전광역시,제1차금속제품,3736
2022,전북특별자치도,대전광역시,금속가공제품,25529
2022,전북특별자치도,대전광역시,"기타기계,장비제조품",11444
2022,전북특별자치도,대전광역시,"전자부품,컴퓨터,영상,음향,통신장비",1337
2022,전북특별자치도,대전광역시,전기장비제품,2779
2022,전북특별자치도,대전광역시,"의료,정밀,광학기기,시계",343
2022,전북특별자치도,대전광역시,"자동차,트레일러",12075
2022,전북특별자치도,대전광역시,기타운송장비,120
2022,전북특별자치도,대전광역시,가구제품,535
2022,전북특별자치도,대전광역시,기타제품,1403
2022,전북특별자치도,대전광역시,*) 재생제품,65814
2022,전북특별자치도,대전광역시,*) 기타,2873
2022,전북특별자치도,울산광역시,합계,2066692
2022,전북특별자치도,울산광역시,농산물,24700
2022,전북특별자치도,울산광역시,임산물,7236
2022,전북특별자치도,울산광역시,수산물,970
2022,전북특별자치도,울산광역시,축산물,1908
2022,전북특별자치도,울산광역시,석탄광물,0
2022,전북특별자치도,울산광역시,석회석광물,0
2022,전북특별자치도,울산광역시,비금속광물,309760
2022,전북특별자치도,울산광역시,음식료품,41649
2022,전북특별자치도,울산광역시,담배제품,0
2022,전북특별자치도,울산광역시,섬유제품,582
2022,전북특별자치도,울산광역시,의복,1442
2022,전북특별자치도,울산광역시,가죽,0
2022,전북특별자치도,울산광역시,"목재,나무제품",28432
2022,전북특별자치도,울산광역시,"펄프,종이",16050
2022,전북특별자치도,울산광역시,"인쇄,기록매체",369
2022,전북특별자치도,울산광역시,"코크스,연탄,석유정제품",54457
2022,전북특별자치도,울산광역시,"화합물,화학제품",687095
2022,전북특별자치도,울산광역시,"고무,플라스틱제품",10959
2022,전북특별자치도,울산광역시,비금속광물제품,632004
2022,전북특별자치도,울산광역시,제1차금속제품,22815
2022,전북특별자치도,울산광역시,금속가공제품,87403
2022,전북특별자치도,울산광역시,"기타기계,장비제조품",19955
2022,전북특별자치도,울산광역시,"전자부품,컴퓨터,영상,음향,통신장비",785
2022,전북특별자치도,울산광역시,전기장비제품,8423
2022,전북특별자치도,울산광역시,"의료,정밀,광학기기,시계",610
2022,전북특별자치도,울산광역시,"자동차,트레일러",35181
2022,전북특별자치도,울산광역시,기타운송장비,1296
2022,전북특별자치도,울산광역시,가구제품,1345
2022,전북특별자치도,울산광역시,기타제품,4980
2022,전북특별자치도,울산광역시,*) 재생제품,65729
2022,전북특별자치도,울산광역시,*) 기타,557
2022,전북특별자치도,경기도,합계,6232033
2022,전북특별자치도,경기도,농산물,452813
2022,전북특별자치도,경기도,임산물,57547
2022,전북특별자치도,경기도,수산물,16321
2022,전북특별자치도,경기도,축산물,67888
2022,전북특별자치도,경기도,석탄광물,0
2022,전북특별자치도,경기도,석회석광물,0
2022,전북특별자치도,경기도,비금속광물,1372495
2022,전북특별자치도,경기도,음식료품,362188
2022,전북특별자치도,경기도,담배제품,0
2022,전북특별자치도,경기도,섬유제품,9600
2022,전북특별자치도,경기도,의복,8368
2022,전북특별자치도,경기도,가죽,0
2022,전북특별자치도,경기도,"목재,나무제품",150210
2022,전북특별자치도,경기도,"펄프,종이",28626
2022,전북특별자치도,경기도,"인쇄,기록매체",1244
2022,전북특별자치도,경기도,"코크스,연탄,석유정제품",14744
2022,전북특별자치도,경기도,"화합물,화학제품",352095
2022,전북특별자치도,경기도,"고무,플라스틱제품",66498
2022,전북특별자치도,경기도,비금속광물제품,2606409
2022,전북특별자치도,경기도,제1차금속제품,27887
2022,전북특별자치도,경기도,금속가공제품,179240
2022,전북특별자치도,경기도,"기타기계,장비제조품",97769
2022,전북특별자치도,경기도,"전자부품,컴퓨터,영상,음향,통신장비",13666
2022,전북특별자치도,경기도,전기장비제품,25744
2022,전북특별자치도,경기도,"의료,정밀,광학기기,시계",4576
2022,전북특별자치도,경기도,"자동차,트레일러",167997
2022,전북특별자치도,경기도,기타운송장비,832
2022,전북특별자치도,경기도,가구제품,3539
2022,전북특별자치도,경기도,기타제품,9834
2022,전북특별자치도,경기도,*) 재생제품,89061
2022,전북특별자치도,경기도,*) 기타,44842
2022,전북특별자치도,강원특별자치도,합계,1489968
2022,전북특별자치도,강원특별자치도,농산물,69362
2022,전북특별자치도,강원특별자치도,임산물,22143
2022,전북특별자치도,강원특별자치도,수산물,8193
2022,전북특별자치도,강원특별자치도,축산물,18073
2022,전북특별자치도,강원특별자치도,석탄광물,0
2022,전북특별자치도,강원특별자치도,석회석광물,0
2022,전북특별자치도,강원특별자치도,비금속광물,869179
2022,전북특별자치도,강원특별자치도,음식료품,57942
2022,전북특별자치도,강원특별자치도,담배제품,0
2022,전북특별자치도,강원특별자치도,섬유제품,576
2022,전북특별자치도,강원특별자치도,의복,669
2022,전북특별자치도,강원특별자치도,가죽,0
2022,전북특별자치도,강원특별자치도,"목재,나무제품",5822
2022,전북특별자치도,강원특별자치도,"펄프,종이",2894
2022,전북특별자치도,강원특별자치도,"인쇄,기록매체",66
2022,전북특별자치도,강원특별자치도,"코크스,연탄,석유정제품",1675
2022,전북특별자치도,강원특별자치도,"화합물,화학제품",23919
2022,전북특별자치도,강원특별자치도,"고무,플라스틱제품",3649
2022,전북특별자치도,강원특별자치도,비금속광물제품,354285
2022,전북특별자치도,강원특별자치도,제1차금속제품,1526
2022,전북특별자치도,강원특별자치도,금속가공제품,14896
2022,전북특별자치도,강원특별자치도,"기타기계,장비제조품",2536
2022,전북특별자치도,강원특별자치도,"전자부품,컴퓨터,영상,음향,통신장비",189
2022,전북특별자치도,강원특별자치도,전기장비제품,1023
2022,전북특별자치도,강원특별자치도,"의료,정밀,광학기기,시계",396
2022,전북특별자치도,강원특별자치도,"자동차,트레일러",10477
2022,전북특별자치도,강원특별자치도,기타운송장비,301
2022,전북특별자치도,강원특별자치도,가구제품,212
2022,전북특별자치도,강원특별자치도,기타제품,810
2022,전북특별자치도,강원특별자치도,*) 재생제품,16227
2022,전북특별자치도,강원특별자치도,*) 기타,2928
2022,전북특별자치도,충청북도,합계,3100777
2022,전북특별자치도,충청북도,농산물,171875
2022,전북특별자치도,충청북도,임산물,22861
2022,전북특별자치도,충청북도,수산물,2714
2022,전북특별자치도,충청북도,축산물,76680
2022,전북특별자치도,충청북도,석탄광물,0
2022,전북특별자치도,충청북도,석회석광물,0
2022,전북특별자치도,충청북도,비금속광물,1145279
2022,전북특별자치도,충청북도,음식료품,189515
2022,전북특별자치도,충청북도,담배제품,0
2022,전북특별자치도,충청북도,섬유제품,1449
2022,전북특별자치도,충청북도,의복,1850
2022,전북특별자치도,충청북도,가죽,0
2022,전북특별자치도,충청북도,"목재,나무제품",37572
2022,전북특별자치도,충청북도,"펄프,종이",13373
2022,전북특별자치도,충청북도,"인쇄,기록매체",341
2022,전북특별자치도,충청북도,"코크스,연탄,석유정제품",1833
2022,전북특별자치도,충청북도,"화합물,화학제품",181215
2022,전북특별자치도,충청북도,"고무,플라스틱제품",20780
2022,전북특별자치도,충청북도,비금속광물제품,1071786
2022,전북특별자치도,충청북도,제1차금속제품,10370
2022,전북특별자치도,충청북도,금속가공제품,49193
2022,전북특별자치도,충청북도,"기타기계,장비제조품",14145
2022,전북특별자치도,충청북도,"전자부품,컴퓨터,영상,음향,통신장비",4325
2022,전북특별자치도,충청북도,전기장비제품,6328
2022,전북특별자치도,충청북도,"의료,정밀,광학기기,시계",1087
2022,전북특별자치도,충청북도,"자동차,트레일러",17283
2022,전북특별자치도,충청북도,기타운송장비,189
2022,전북특별자치도,충청북도,가구제품,965
2022,전북특별자치도,충청북도,기타제품,3604
2022,전북특별자치도,충청북도,*) 재생제품,53122
2022,전북특별자치도,충청북도,*) 기타,1043
2022,전북특별자치도,충청남도,합계,7470409
2022,전북특별자치도,충청남도,농산물,281221
2022,전북특별자치도,충청남도,임산물,27852
2022,전북특별자치도,충청남도,수산물,6048
2022,전북특별자치도,충청남도,축산물,39250
2022,전북특별자치도,충청남도,석탄광물,0
2022,전북특별자치도,충청남도,석회석광물,0
2022,전북특별자치도,충청남도,비금속광물,1349490
2022,전북특별자치도,충청남도,음식료품,263256
2022,전북특별자치도,충청남도,담배제품,0
2022,전북특별자치도,충청남도,섬유제품,2866
2022,전북특별자치도,충청남도,의복,3111
2022,전북특별자치도,충청남도,가죽,0
2022,전북특별자치도,충청남도,"목재,나무제품",61101
2022,전북특별자치도,충청남도,"펄프,종이",778139
2022,전북특별자치도,충청남도,"인쇄,기록매체",395
2022,전북특별자치도,충청남도,"코크스,연탄,석유정제품",27916
2022,전북특별자치도,충청남도,"화합물,화학제품",731868
2022,전북특별자치도,충청남도,"고무,플라스틱제품",47234
2022,전북특별자치도,충청남도,비금속광물제품,3390041
2022,전북특별자치도,충청남도,제1차금속제품,40617
2022,전북특별자치도,충청남도,금속가공제품,120152
2022,전북특별자치도,충청남도,"기타기계,장비제조품",47389
2022,전북특별자치도,충청남도,"전자부품,컴퓨터,영상,음향,통신장비",14636
2022,전북특별자치도,충청남도,전기장비제품,16425
2022,전북특별자치도,충청남도,"의료,정밀,광학기기,시계",1851
2022,전북특별자치도,충청남도,"자동차,트레일러",93748
2022,전북특별자치도,충청남도,기타운송장비,383
2022,전북특별자치도,충청남도,가구제품,2426
2022,전북특별자치도,충청남도,기타제품,8589
2022,전북특별자치도,충청남도,*) 재생제품,110200
2022,전북특별자치도,충청남도,*) 기타,4205
2022,전북특별자치도,전북특별자치도,합계,27346546
2022,전북특별자치도,전북특별자치도,농산물,1414009
2022,전북특별자치도,전북특별자치도,임산물,71490
2022,전북특별자치도,전북특별자치도,수산물,5221
2022,전북특별자치도,전북특별자치도,축산물,131576
2022,전북특별자치도,전북특별자치도,석탄광물,2496266
2022,전북특별자치도,전북특별자치도,석회석광물,1196677
2022,전북특별자치도,전북특별자치도,비금속광물,5282482
2022,전북특별자치도,전북특별자치도,음식료품,1300842
2022,전북특별자치도,전북특별자치도,담배제품,0
2022,전북특별자치도,전북특별자치도,섬유제품,7732
2022,전북특별자치도,전북특별자치도,의복,7963
2022,전북특별자치도,전북특별자치도,가죽,1
2022,전북특별자치도,전북특별자치도,"목재,나무제품",1167666
2022,전북특별자치도,전북특별자치도,"펄프,종이",237704
2022,전북특별자치도,전북특별자치도,"인쇄,기록매체",1043
2022,전북특별자치도,전북특별자치도,"코크스,연탄,석유정제품",1112198
2022,전북특별자치도,전북특별자치도,"화합물,화학제품",827414
2022,전북특별자치도,전북특별자치도,"고무,플라스틱제품",47364
2022,전북특별자치도,전북특별자치도,비금속광물제품,3680080
2022,전북특별자치도,전북특별자치도,제1차금속제품,859139
2022,전북특별자치도,전북특별자치도,금속가공제품,273520
2022,전북특별자치도,전북특별자치도,"기타기계,장비제조품",151592
2022,전북특별자치도,전북특별자치도,"전자부품,컴퓨터,영상,음향,통신장비",4109
2022,전북특별자치도,전북특별자치도,전기장비제품,15000
2022,전북특별자치도,전북특별자치도,"의료,정밀,광학기기,시계",1831
2022,전북특별자치도,전북특별자치도,"자동차,트레일러",771583
2022,전북특별자치도,전북특별자치도,기타운송장비,4844
2022,전북특별자치도,전북특별자치도,가구제품,3552
2022,전북특별자치도,전북특별자치도,기타제품,5010706
2022,전북특별자치도,전북특별자치도,*) 재생제품,698474
2022,전북특별자치도,전북특별자치도,*) 기타,564468
2022,전북특별자치도,전라남도,합계,7297543
2022,전북특별자치도,전라남도,농산물,274295
2022,전북특별자치도,전라남도,임산물,45208
2022,전북특별자치도,전라남도,수산물,10164
2022,전북특별자치도,전라남도,축산물,23011
2022,전북특별자치도,전라남도,석탄광물,0
2022,전북특별자치도,전라남도,석회석광물,0
2022,전북특별자치도,전라남도,비금속광물,2101632
2022,전북특별자치도,전라남도,음식료품,206458
2022,전북특별자치도,전라남도,담배제품,0
2022,전북특별자치도,전라남도,섬유제품,1797
2022,전북특별자치도,전라남도,의복,2295
2022,전북특별자치도,전라남도,가죽,0
2022,전북특별자치도,전라남도,"목재,나무제품",48852
2022,전북특별자치도,전라남도,"펄프,종이",21077
2022,전북특별자치도,전라남도,"인쇄,기록매체",340
2022,전북특별자치도,전라남도,"코크스,연탄,석유정제품",65229
2022,전북특별자치도,전라남도,"화합물,화학제품",1098151
2022,전북특별자치도,전라남도,"고무,플라스틱제품",10760
2022,전북특별자치도,전라남도,비금속광물제품,1697142
2022,전북특별자치도,전라남도,제1차금속제품,115387
2022,전북특별자치도,전라남도,금속가공제품,65066
2022,전북특별자치도,전라남도,"기타기계,장비제조품",24354
2022,전북특별자치도,전라남도,"전자부품,컴퓨터,영상,음향,통신장비",854
2022,전북특별자치도,전라남도,전기장비제품,3623
2022,전북특별자치도,전라남도,"의료,정밀,광학기기,시계",902
2022,전북특별자치도,전라남도,"자동차,트레일러",10926
2022,전북특별자치도,전라남도,기타운송장비,1774
2022,전북특별자치도,전라남도,가구제품,1579
2022,전북특별자치도,전라남도,기타제품,12813
2022,전북특별자치도,전라남도,*) 재생제품,145982
2022,전북특별자치도,전라남도,*) 기타,1307872
2022,전북특별자치도,경상북도,합계,4645779
2022,전북특별자치도,경상북도,농산물,135099
2022,전북특별자치도,경상북도,임산물,50023
2022,전북특별자치도,경상북도,수산물,6166
2022,전북특별자치도,경상북도,축산물,56996
2022,전북특별자치도,경상북도,석탄광물,0
2022,전북특별자치도,경상북도,석회석광물,0
2022,전북특별자치도,경상북도,비금속광물,1163148
2022,전북특별자치도,경상북도,음식료품,126946
2022,전북특별자치도,경상북도,담배제품,0
2022,전북특별자치도,경상북도,섬유제품,2397
2022,전북특별자치도,경상북도,의복,5308
2022,전북특별자치도,경상북도,가죽,0
2022,전북특별자치도,경상북도,"목재,나무제품",58042
2022,전북특별자치도,경상북도,"펄프,종이",24309
2022,전북특별자치도,경상북도,"인쇄,기록매체",423
2022,전북특별자치도,경상북도,"코크스,연탄,석유정제품",5865
2022,전북특별자치도,경상북도,"화합물,화학제품",317671
2022,전북특별자치도,경상북도,"고무,플라스틱제품",30212
2022,전북특별자치도,경상북도,비금속광물제품,2338361
2022,전북특별자치도,경상북도,제1차금속제품,33633
2022,전북특별자치도,경상북도,금속가공제품,87787
2022,전북특별자치도,경상북도,"기타기계,장비제조품",16096
2022,전북특별자치도,경상북도,"전자부품,컴퓨터,영상,음향,통신장비",16806
2022,전북특별자치도,경상북도,전기장비제품,8543
2022,전북특별자치도,경상북도,"의료,정밀,광학기기,시계",1496
2022,전북특별자치도,경상북도,"자동차,트레일러",26377
2022,전북특별자치도,경상북도,기타운송장비,89
2022,전북특별자치도,경상북도,가구제품,1859
2022,전북특별자치도,경상북도,기타제품,7952
2022,전북특별자치도,경상북도,*) 재생제품,123432
2022,전북특별자치도,경상북도,*) 기타,743
2022,전북특별자치도,경상남도,합계,3906233
2022,전북특별자치도,경상남도,농산물,138996
2022,전북특별자치도,경상남도,임산물,44005
2022,전북특별자치도,경상남도,수산물,13620
2022,전북특별자치도,경상남도,축산물,26787
2022,전북특별자치도,경상남도,석탄광물,0
2022,전북특별자치도,경상남도,석회석광물,0
2022,전북특별자치도,경상남도,비금속광물,895991
2022,전북특별자치도,경상남도,음식료품,220000
2022,전북특별자치도,경상남도,담배제품,0
2022,전북특별자치도,경상남도,섬유제품,2183
2022,전북특별자치도,경상남도,의복,3737
2022,전북특별자치도,경상남도,가죽,0
2022,전북특별자치도,경상남도,"목재,나무제품",78771
2022,전북특별자치도,경상남도,"펄프,종이",42606
2022,전북특별자치도,경상남도,"인쇄,기록매체",558
2022,전북특별자치도,경상남도,"코크스,연탄,석유정제품",7065
2022,전북특별자치도,경상남도,"화합물,화학제품",240206
2022,전북특별자치도,경상남도,"고무,플라스틱제품",36967
2022,전북특별자치도,경상남도,비금속광물제품,1622775
2022,전북특별자치도,경상남도,제1차금속제품,30372
2022,전북특별자치도,경상남도,금속가공제품,194564
2022,전북특별자치도,경상남도,"기타기계,장비제조품",42842
2022,전북특별자치도,경상남도,"전자부품,컴퓨터,영상,음향,통신장비",1438
2022,전북특별자치도,경상남도,전기장비제품,15706
2022,전북특별자치도,경상남도,"의료,정밀,광학기기,시계",1164
2022,전북특별자치도,경상남도,"자동차,트레일러",52384
2022,전북특별자치도,경상남도,기타운송장비,5549
2022,전북특별자치도,경상남도,가구제품,2905
2022,전북특별자치도,경상남도,기타제품,12979
2022,전북특별자치도,경상남도,*) 재생제품,169969
2022,전북특별자치도,경상남도,*) 기타,2094
2022,전북특별자치도,제주특별자치도,합계,0
2022,전북특별자치도,제주특별자치도,농산물,0
2022,전북특별자치도,제주특별자치도,임산물,0
2022,전북특별자치도,제주특별자치도,수산물,0
2022,전북특별자치도,제주특별자치도,축산물,0
2022,전북특별자치도,제주특별자치도,석탄광물,0
2022,전북특별자치도,제주특별자치도,석회석광물,0
2022,전북특별자치도,제주특별자치도,비금속광물,0
2022,전북특별자치도,제주특별자치도,음식료품,0
2022,전북특별자치도,제주특별자치도,담배제품,0
2022,전북특별자치도,제주특별자치도,섬유제품,0
2022,전북특별자치도,제주특별자치도,의복,0
2022,전북특별자치도,제주특별자치도,가죽,0
2022,전북특별자치도,제주특별자치도,"목재,나무제품",0
2022,전북특별자치도,제주특별자치도,"펄프,종이",0
2022,전북특별자치도,제주특별자치도,"인쇄,기록매체",0
2022,전북특별자치도,제주특별자치도,"코크스,연탄,석유정제품",0
2022,전북특별자치도,제주특별자치도,"화합물,화학제품",0
2022,전북특별자치도,제주특별자치도,"고무,플라스틱제품",0
2022,전북특별자치도,제주특별자치도,비금속광물제품,0
2022,전북특별자치도,제주특별자치도,제1차금속제품,0
2022,전북특별자치도,제주특별자치도,금속가공제품,0
2022,전북특별자치도,제주특별자치도,"기타기계,장비제조품",0
2022,전북특별자치도,제주특별자치도,"전자부품,컴퓨터,영상,음향,통신장비",0
2022,전북특별자치도,제주특별자치도,전기장비제품,0
2022,전북특별자치도,제주특별자치도,"의료,정밀,광학기기,시계",0
2022,전북특별자치도,제주특별자치도,"자동차,트레일러",0
2022,전북특별자치도,제주특별자치도,기타운송장비,0
2022,전북특별자치도,제주특별자치도,가구제품,0
2022,전북특별자치도,제주특별자치도,기타제품,0
2022,전북특별자치도,제주특별자치도,*) 재생제품,0
2022,전북특별자치도,제주특별자치도,*) 기타,0
2022,전북특별자치도,세종특별자치시,합계,537337
2022,전북특별자치도,세종특별자치시,농산물,22437
2022,전북특별자치도,세종특별자치시,임산물,4074
2022,전북특별자치도,세종특별자치시,수산물,167
2022,전북특별자치도,세종특별자치시,축산물,2787
2022,전북특별자치도,세종특별자치시,석탄광물,0
2022,전북특별자치도,세종특별자치시,석회석광물,0
2022,전북특별자치도,세종특별자치시,비금속광물,215200
2022,전북특별자치도,세종특별자치시,음식료품,14737
2022,전북특별자치도,세종특별자치시,담배제품,0
2022,전북특별자치도,세종특별자치시,섬유제품,159
2022,전북특별자치도,세종특별자치시,의복,190
2022,전북특별자치도,세종특별자치시,가죽,0
2022,전북특별자치도,세종특별자치시,"목재,나무제품",3024
2022,전북특별자치도,세종특별자치시,"펄프,종이",3782
2022,전북특별자치도,세종특별자치시,"인쇄,기록매체",73
2022,전북특별자치도,세종특별자치시,"코크스,연탄,석유정제품",265
2022,전북특별자치도,세종특별자치시,"화합물,화학제품",25110
2022,전북특별자치도,세종특별자치시,"고무,플라스틱제품",2904
2022,전북특별자치도,세종특별자치시,비금속광물제품,225721
2022,전북특별자치도,세종특별자치시,제1차금속제품,701
2022,전북특별자치도,세종특별자치시,금속가공제품,3382
2022,전북특별자치도,세종특별자치시,"기타기계,장비제조품",890
2022,전북특별자치도,세종특별자치시,"전자부품,컴퓨터,영상,음향,통신장비",239
2022,전북특별자치도,세종특별자치시,전기장비제품,649
2022,전북특별자치도,세종특별자치시,"의료,정밀,광학기기,시계",231
2022,전북특별자치도,세종특별자치시,"자동차,트레일러",2061
2022,전북특별자치도,세종특별자치시,기타운송장비,4
2022,전북특별자치도,세종특별자치시,가구제품,146
2022,전북특별자치도,세종특별자치시,기타제품,482
2022,전북특별자치도,세종특별자치시,*) 재생제품,7922
2022,전북특별자치도,세종특별자치시,*) 기타,0
2022,전라남도,서울특별시,합계,1426117
2022,전라남도,서울특별시,농산물,273477
2022,전라남도,서울특별시,임산물,28120
2022,전라남도,서울특별시,수산물,130499
2022,전라남도,서울특별시,축산물,9488
2022,전라남도,서울특별시,석탄광물,40687
2022,전라남도,서울특별시,석회석광물,0
2022,전라남도,서울특별시,비금속광물,120099
2022,전라남도,서울특별시,음식료품,132299
2022,전라남도,서울특별시,담배제품,0
2022,전라남도,서울특별시,섬유제품,28760
2022,전라남도,서울특별시,의복,1398
2022,전라남도,서울특별시,가죽,0
2022,전라남도,서울특별시,"목재,나무제품",1010
2022,전라남도,서울특별시,"펄프,종이",1787
2022,전라남도,서울특별시,"인쇄,기록매체",575
2022,전라남도,서울특별시,"코크스,연탄,석유정제품",119594
2022,전라남도,서울특별시,"화합물,화학제품",42134
2022,전라남도,서울특별시,"고무,플라스틱제품",19256
2022,전라남도,서울특별시,비금속광물제품,130662
2022,전라남도,서울특별시,제1차금속제품,5270
2022,전라남도,서울특별시,금속가공제품,31380
2022,전라남도,서울특별시,"기타기계,장비제조품",14618
2022,전라남도,서울특별시,"전자부품,컴퓨터,영상,음향,통신장비",157
2022,전라남도,서울특별시,전기장비제품,5389
2022,전라남도,서울특별시,"의료,정밀,광학기기,시계",611
2022,전라남도,서울특별시,"자동차,트레일러",9839
2022,전라남도,서울특별시,기타운송장비,17069
2022,전라남도,서울특별시,가구제품,506
2022,전라남도,서울특별시,기타제품,649
2022,전라남도,서울특별시,*) 재생제품,10807
2022,전라남도,서울특별시,*) 기타,249977
2022,전라남도,부산광역시,합계,2877640
2022,전라남도,부산광역시,농산물,134388
2022,전라남도,부산광역시,임산물,20258
2022,전라남도,부산광역시,수산물,401919
2022,전라남도,부산광역시,축산물,5778
2022,전라남도,부산광역시,석탄광물,16445
2022,전라남도,부산광역시,석회석광물,0
2022,전라남도,부산광역시,비금속광물,347260
2022,전라남도,부산광역시,음식료품,132186
2022,전라남도,부산광역시,담배제품,0
2022,전라남도,부산광역시,섬유제품,3319
2022,전라남도,부산광역시,의복,534
2022,전라남도,부산광역시,가죽,0
2022,전라남도,부산광역시,"목재,나무제품",2364
2022,전라남도,부산광역시,"펄프,종이",2882
2022,전라남도,부산광역시,"인쇄,기록매체",389
2022,전라남도,부산광역시,"코크스,연탄,석유정제품",77360
2022,전라남도,부산광역시,"화합물,화학제품",130440
2022,전라남도,부산광역시,"고무,플라스틱제품",16524
2022,전라남도,부산광역시,비금속광물제품,474276
2022,전라남도,부산광역시,제1차금속제품,37454
2022,전라남도,부산광역시,금속가공제품,53974
2022,전라남도,부산광역시,"기타기계,장비제조품",12579
2022,전라남도,부산광역시,"전자부품,컴퓨터,영상,음향,통신장비",259
2022,전라남도,부산광역시,전기장비제품,3731
2022,전라남도,부산광역시,"의료,정밀,광학기기,시계",392
2022,전라남도,부산광역시,"자동차,트레일러",5890
2022,전라남도,부산광역시,기타운송장비,27947
2022,전라남도,부산광역시,가구제품,287
2022,전라남도,부산광역시,기타제품,804
2022,전라남도,부산광역시,*) 재생제품,85929
2022,전라남도,부산광역시,*) 기타,882072
2022,전라남도,대구광역시,합계,984349
2022,전라남도,대구광역시,농산물,90390
2022,전라남도,대구광역시,임산물,10097
2022,전라남도,대구광역시,수산물,39888
2022,전라남도,대구광역시,축산물,17149
2022,전라남도,대구광역시,석탄광물,15842
2022,전라남도,대구광역시,석회석광물,0
2022,전라남도,대구광역시,비금속광물,282056
2022,전라남도,대구광역시,음식료품,64296
2022,전라남도,대구광역시,담배제품,0
2022,전라남도,대구광역시,섬유제품,1382
2022,전라남도,대구광역시,의복,767
2022,전라남도,대구광역시,가죽,0
2022,전라남도,대구광역시,"목재,나무제품",831
2022,전라남도,대구광역시,"펄프,종이",2718
2022,전라남도,대구광역시,"인쇄,기록매체",247
2022,전라남도,대구광역시,"코크스,연탄,석유정제품",33694
2022,전라남도,대구광역시,"화합물,화학제품",88796
2022,전라남도,대구광역시,"고무,플라스틱제품",11716
2022,전라남도,대구광역시,비금속광물제품,162682
2022,전라남도,대구광역시,제1차금속제품,13306
2022,전라남도,대구광역시,금속가공제품,33867
2022,전라남도,대구광역시,"기타기계,장비제조품",8220
2022,전라남도,대구광역시,"전자부품,컴퓨터,영상,음향,통신장비",157
2022,전라남도,대구광역시,전기장비제품,2740
2022,전라남도,대구광역시,"의료,정밀,광학기기,시계",407
2022,전라남도,대구광역시,"자동차,트레일러",2594
2022,전라남도,대구광역시,기타운송장비,3016
2022,전라남도,대구광역시,가구제품,164
2022,전라남도,대구광역시,기타제품,363
2022,전라남도,대구광역시,*) 재생제품,44980
2022,전라남도,대구광역시,*) 기타,51984
2022,전라남도,인천광역시,합계,1256714
2022,전라남도,인천광역시,농산물,133838
2022,전라남도,인천광역시,임산물,29633
2022,전라남도,인천광역시,수산물,60643
2022,전라남도,인천광역시,축산물,2860
2022,전라남도,인천광역시,석탄광물,0
2022,전라남도,인천광역시,석회석광물,0
2022,전라남도,인천광역시,비금속광물,240765
2022,전라남도,인천광역시,음식료품,47375
2022,전라남도,인천광역시,담배제품,0
2022,전라남도,인천광역시,섬유제품,1897
2022,전라남도,인천광역시,의복,162
2022,전라남도,인천광역시,가죽,0
2022,전라남도,인천광역시,"목재,나무제품",1599
2022,전라남도,인천광역시,"펄프,종이",505
2022,전라남도,인천광역시,"인쇄,기록매체",124
2022,전라남도,인천광역시,"코크스,연탄,석유정제품",97123
2022,전라남도,인천광역시,"화합물,화학제품",62248
2022,전라남도,인천광역시,"고무,플라스틱제품",14985
2022,전라남도,인천광역시,비금속광물제품,154699
2022,전라남도,인천광역시,제1차금속제품,7879
2022,전라남도,인천광역시,금속가공제품,28292
2022,전라남도,인천광역시,"기타기계,장비제조품",14798
2022,전라남도,인천광역시,"전자부품,컴퓨터,영상,음향,통신장비",89
2022,전라남도,인천광역시,전기장비제품,3367
2022,전라남도,인천광역시,"의료,정밀,광학기기,시계",307
2022,전라남도,인천광역시,"자동차,트레일러",9006
2022,전라남도,인천광역시,기타운송장비,12973
2022,전라남도,인천광역시,가구제품,128
2022,전라남도,인천광역시,기타제품,201
2022,전라남도,인천광역시,*) 재생제품,7743
2022,전라남도,인천광역시,*) 기타,323475
2022,전라남도,광주광역시,합계,5788909
2022,전라남도,광주광역시,농산물,172912
2022,전라남도,광주광역시,임산물,18325
2022,전라남도,광주광역시,수산물,25336
2022,전라남도,광주광역시,축산물,8439
2022,전라남도,광주광역시,석탄광물,16615
2022,전라남도,광주광역시,석회석광물,0
2022,전라남도,광주광역시,비금속광물,330223
2022,전라남도,광주광역시,음식료품,124798
2022,전라남도,광주광역시,담배제품,0
2022,전라남도,광주광역시,섬유제품,5091
2022,전라남도,광주광역시,의복,459
2022,전라남도,광주광역시,가죽,0
2022,전라남도,광주광역시,"목재,나무제품",2118
2022,전라남도,광주광역시,"펄프,종이",9193
2022,전라남도,광주광역시,"인쇄,기록매체",374
2022,전라남도,광주광역시,"코크스,연탄,석유정제품",2225250
2022,전라남도,광주광역시,"화합물,화학제품",131422
2022,전라남도,광주광역시,"고무,플라스틱제품",49141
2022,전라남도,광주광역시,비금속광물제품,1221236
2022,전라남도,광주광역시,제1차금속제품,42653
2022,전라남도,광주광역시,금속가공제품,103830
2022,전라남도,광주광역시,"기타기계,장비제조품",31458
2022,전라남도,광주광역시,"전자부품,컴퓨터,영상,음향,통신장비",431
2022,전라남도,광주광역시,전기장비제품,15592
2022,전라남도,광주광역시,"의료,정밀,광학기기,시계",817
2022,전라남도,광주광역시,"자동차,트레일러",13675
2022,전라남도,광주광역시,기타운송장비,3863
2022,전라남도,광주광역시,가구제품,694
2022,전라남도,광주광역시,기타제품,2114
2022,전라남도,광주광역시,*) 재생제품,121478
2022,전라남도,광주광역시,*) 기타,1111372
2022,전라남도,대전광역시,합계,712396
2022,전라남도,대전광역시,농산물,69712
2022,전라남도,대전광역시,임산물,6120
2022,전라남도,대전광역시,수산물,29047
2022,전라남도,대전광역시,축산물,3499
2022,전라남도,대전광역시,석탄광물,18557
2022,전라남도,대전광역시,석회석광물,0
2022,전라남도,대전광역시,비금속광물,148641
2022,전라남도,대전광역시,음식료품,37285
2022,전라남도,대전광역시,담배제품,0
2022,전라남도,대전광역시,섬유제품,1253
2022,전라남도,대전광역시,의복,187
2022,전라남도,대전광역시,가죽,0
2022,전라남도,대전광역시,"목재,나무제품",380
2022,전라남도,대전광역시,"펄프,종이",1922
2022,전라남도,대전광역시,"인쇄,기록매체",203
2022,전라남도,대전광역시,"코크스,연탄,석유정제품",17003
2022,전라남도,대전광역시,"화합물,화학제품",54663
2022,전라남도,대전광역시,"고무,플라스틱제품",16617
2022,전라남도,대전광역시,비금속광물제품,194324
2022,전라남도,대전광역시,제1차금속제품,5831
2022,전라남도,대전광역시,금속가공제품,15883
2022,전라남도,대전광역시,"기타기계,장비제조품",7625
2022,전라남도,대전광역시,"전자부품,컴퓨터,영상,음향,통신장비",144
2022,전라남도,대전광역시,전기장비제품,1668
2022,전라남도,대전광역시,"의료,정밀,광학기기,시계",152
2022,전라남도,대전광역시,"자동차,트레일러",1758
2022,전라남도,대전광역시,기타운송장비,4613
2022,전라남도,대전광역시,가구제품,103
2022,전라남도,대전광역시,기타제품,102
2022,전라남도,대전광역시,*) 재생제품,23199
2022,전라남도,대전광역시,*) 기타,51905
2022,전라남도,울산광역시,합계,3512427
2022,전라남도,울산광역시,농산물,65961
2022,전라남도,울산광역시,임산물,10078
2022,전라남도,울산광역시,수산물,19912
2022,전라남도,울산광역시,축산물,1932
2022,전라남도,울산광역시,석탄광물,21013
2022,전라남도,울산광역시,석회석광물,0
2022,전라남도,울산광역시,비금속광물,363598
2022,전라남도,울산광역시,음식료품,50165
2022,전라남도,울산광역시,담배제품,0
2022,전라남도,울산광역시,섬유제품,1078
2022,전라남도,울산광역시,의복,327
2022,전라남도,울산광역시,가죽,0
2022,전라남도,울산광역시,"목재,나무제품",1600
2022,전라남도,울산광역시,"펄프,종이",2986
2022,전라남도,울산광역시,"인쇄,기록매체",406
2022,전라남도,울산광역시,"코크스,연탄,석유정제품",908905
2022,전라남도,울산광역시,"화합물,화학제품",803070
2022,전라남도,울산광역시,"고무,플라스틱제품",22288
2022,전라남도,울산광역시,비금속광물제품,671904
2022,전라남도,울산광역시,제1차금속제품,74675
2022,전라남도,울산광역시,금속가공제품,114800
2022,전라남도,울산광역시,"기타기계,장비제조품",25977
2022,전라남도,울산광역시,"전자부품,컴퓨터,영상,음향,통신장비",171
2022,전라남도,울산광역시,전기장비제품,9849
2022,전라남도,울산광역시,"의료,정밀,광학기기,시계",556
2022,전라남도,울산광역시,"자동차,트레일러",10361
2022,전라남도,울산광역시,기타운송장비,90035
2022,전라남도,울산광역시,가구제품,440
2022,전라남도,울산광역시,기타제품,961
2022,전라남도,울산광역시,*) 재생제품,59579
2022,전라남도,울산광역시,*) 기타,179800
2022,전라남도,경기도,합계,7513329
2022,전라남도,경기도,농산물,646409
2022,전라남도,경기도,임산물,66786
2022,전라남도,경기도,수산물,293242
2022,전라남도,경기도,축산물,58910
2022,전라남도,경기도,석탄광물,73756
2022,전라남도,경기도,석회석광물,0
2022,전라남도,경기도,비금속광물,1091615
2022,전라남도,경기도,음식료품,288794
2022,전라남도,경기도,담배제품,0
2022,전라남도,경기도,섬유제품,12428
2022,전라남도,경기도,의복,1150
2022,전라남도,경기도,가죽,0
2022,전라남도,경기도,"목재,나무제품",6062
2022,전라남도,경기도,"펄프,종이",3549
2022,전라남도,경기도,"인쇄,기록매체",915
2022,전라남도,경기도,"코크스,연탄,석유정제품",153941
2022,전라남도,경기도,"화합물,화학제품",267478
2022,전라남도,경기도,"고무,플라스틱제품",94885
2022,전라남도,경기도,비금속광물제품,1683721
2022,전라남도,경기도,제1차금속제품,54659
2022,전라남도,경기도,금속가공제품,145560
2022,전라남도,경기도,"기타기계,장비제조품",84540
2022,전라남도,경기도,"전자부품,컴퓨터,영상,음향,통신장비",1999
2022,전라남도,경기도,전기장비제품,20164
2022,전라남도,경기도,"의료,정밀,광학기기,시계",2669
2022,전라남도,경기도,"자동차,트레일러",32709
2022,전라남도,경기도,기타운송장비,40203
2022,전라남도,경기도,가구제품,852
2022,전라남도,경기도,기타제품,1063
2022,전라남도,경기도,*) 재생제품,45651
2022,전라남도,경기도,*) 기타,2339619
2022,전라남도,강원특별자치도,합계,1624970
2022,전라남도,강원특별자치도,농산물,133936
2022,전라남도,강원특별자치도,임산물,26880
2022,전라남도,강원특별자치도,수산물,152586
2022,전라남도,강원특별자치도,축산물,16380
2022,전라남도,강원특별자치도,석탄광물,95347
2022,전라남도,강원특별자치도,석회석광물,0
2022,전라남도,강원특별자치도,비금속광물,766303
2022,전라남도,강원특별자치도,음식료품,53485
2022,전라남도,강원특별자치도,담배제품,0
2022,전라남도,강원특별자치도,섬유제품,827
2022,전라남도,강원특별자치도,의복,103
2022,전라남도,강원특별자치도,가죽,0
2022,전라남도,강원특별자치도,"목재,나무제품",262
2022,전라남도,강원특별자치도,"펄프,종이",402
2022,전라남도,강원특별자치도,"인쇄,기록매체",54
2022,전라남도,강원특별자치도,"코크스,연탄,석유정제품",19190
2022,전라남도,강원특별자치도,"화합물,화학제품",20238
2022,전라남도,강원특별자치도,"고무,플라스틱제품",5708
2022,전라남도,강원특별자치도,비금속광물제품,260905
2022,전라남도,강원특별자치도,제1차금속제품,3383
2022,전라남도,강원특별자치도,금속가공제품,13584
2022,전라남도,강원특별자치도,"기타기계,장비제조품",2436
2022,전라남도,강원특별자치도,"전자부품,컴퓨터,영상,음향,통신장비",30
2022,전라남도,강원특별자치도,전기장비제품,889
2022,전라남도,강원특별자치도,"의료,정밀,광학기기,시계",258
2022,전라남도,강원특별자치도,"자동차,트레일러",2312
2022,전라남도,강원특별자치도,기타운송장비,16277
2022,전라남도,강원특별자치도,가구제품,55
2022,전라남도,강원특별자치도,기타제품,104
2022,전라남도,강원특별자치도,*) 재생제품,9783
2022,전라남도,강원특별자치도,*) 기타,23253
2022,전라남도,충청북도,합계,3297404
2022,전라남도,충청북도,농산물,227654
2022,전라남도,충청북도,임산물,24292
2022,전라남도,충청북도,수산물,47342
2022,전라남도,충청북도,축산물,63303
2022,전라남도,충청북도,석탄광물,47195
2022,전라남도,충청북도,석회석광물,0
2022,전라남도,충청북도,비금속광물,824009
2022,전라남도,충청북도,음식료품,141180
2022,전라남도,충청북도,담배제품,0
2022,전라남도,충청북도,섬유제품,1710
2022,전라남도,충청북도,의복,235
2022,전라남도,충청북도,가죽,0
2022,전라남도,충청북도,"목재,나무제품",1443
2022,전라남도,충청북도,"펄프,종이",1513
2022,전라남도,충청북도,"인쇄,기록매체",230
2022,전라남도,충청북도,"코크스,연탄,석유정제품",18166
2022,전라남도,충청북도,"화합물,화학제품",126789
2022,전라남도,충청북도,"고무,플라스틱제품",27346
2022,전라남도,충청북도,비금속광물제품,615488
2022,전라남도,충청북도,제1차금속제품,19073
2022,전라남도,충청북도,금속가공제품,36709
2022,전라남도,충청북도,"기타기계,장비제조품",11267
2022,전라남도,충청북도,"전자부품,컴퓨터,영상,음향,통신장비",570
2022,전라남도,충청북도,전기장비제품,4584
2022,전라남도,충청북도,"의료,정밀,광학기기,시계",586
2022,전라남도,충청북도,"자동차,트레일러",3082
2022,전라남도,충청북도,기타운송장비,8506
2022,전라남도,충청북도,가구제품,217
2022,전라남도,충청북도,기타제품,349
2022,전라남도,충청북도,*) 재생제품,23793
2022,전라남도,충청북도,*) 기타,1020773
2022,전라남도,충청남도,합계,4353278
2022,전라남도,충청남도,농산물,361979
2022,전라남도,충청남도,임산물,29049
2022,전라남도,충청남도,수산물,100610
2022,전라남도,충청남도,축산물,30845
2022,전라남도,충청남도,석탄광물,38251
2022,전라남도,충청남도,석회석광물,0
2022,전라남도,충청남도,비금속광물,817944
2022,전라남도,충청남도,음식료품,168871
2022,전라남도,충청남도,담배제품,0
2022,전라남도,충청남도,섬유제품,2914
2022,전라남도,충청남도,의복,337
2022,전라남도,충청남도,가죽,0
2022,전라남도,충청남도,"목재,나무제품",2018
2022,전라남도,충청남도,"펄프,종이",2471
2022,전라남도,충청남도,"인쇄,기록매체",232
2022,전라남도,충청남도,"코크스,연탄,석유정제품",226671
2022,전라남도,충청남도,"화합물,화학제품",353937
2022,전라남도,충청남도,"고무,플라스틱제품",51958
2022,전라남도,충청남도,비금속광물제품,1530100
2022,전라남도,충청남도,제1차금속제품,57117
2022,전라남도,충청남도,금속가공제품,69569
2022,전라남도,충청남도,"기타기계,장비제조품",30264
2022,전라남도,충청남도,"전자부품,컴퓨터,영상,음향,통신장비",1540
2022,전라남도,충청남도,전기장비제품,9692
2022,전라남도,충청남도,"의료,정밀,광학기기,시계",817
2022,전라남도,충청남도,"자동차,트레일러",13253
2022,전라남도,충청남도,기타운송장비,14224
2022,전라남도,충청남도,가구제품,484
2022,전라남도,충청남도,기타제품,605
2022,전라남도,충청남도,*) 재생제품,37355
2022,전라남도,충청남도,*) 기타,400171
2022,전라남도,전북특별자치도,합계,5462477
2022,전라남도,전북특별자치도,농산물,480703
2022,전라남도,전북특별자치도,임산물,49939
2022,전라남도,전북특별자치도,수산물,68959
2022,전라남도,전북특별자치도,축산물,76078
2022,전라남도,전북특별자치도,석탄광물,39589
2022,전라남도,전북특별자치도,석회석광물,64100
2022,전라남도,전북특별자치도,비금속광물,1078123
2022,전라남도,전북특별자치도,음식료품,240613
2022,전라남도,전북특별자치도,담배제품,0
2022,전라남도,전북특별자치도,섬유제품,3403
2022,전라남도,전북특별자치도,의복,386
2022,전라남도,전북특별자치도,가죽,0
2022,전라남도,전북특별자치도,"목재,나무제품",1777
2022,전라남도,전북특별자치도,"펄프,종이",5323
2022,전라남도,전북특별자치도,"인쇄,기록매체",203
2022,전라남도,전북특별자치도,"코크스,연탄,석유정제품",65327
2022,전라남도,전북특별자치도,"화합물,화학제품",197692
2022,전라남도,전북특별자치도,"고무,플라스틱제품",26477
2022,전라남도,전북특별자치도,비금속광물제품,761217
2022,전라남도,전북특별자치도,제1차금속제품,35182
2022,전라남도,전북특별자치도,금속가공제품,49923
2022,전라남도,전북특별자치도,"기타기계,장비제조품",18618
2022,전라남도,전북특별자치도,"전자부품,컴퓨터,영상,음향,통신장비",183
2022,전라남도,전북특별자치도,전기장비제품,4069
2022,전라남도,전북특별자치도,"의료,정밀,광학기기,시계",324
2022,전라남도,전북특별자치도,"자동차,트레일러",16885
2022,전라남도,전북특별자치도,기타운송장비,42716
2022,전라남도,전북특별자치도,가구제품,349
2022,전라남도,전북특별자치도,기타제품,568
2022,전라남도,전북특별자치도,*) 재생제품,63537
2022,전라남도,전북특별자치도,*) 기타,2070214
2022,전라남도,전라남도,합계,107510031
2022,전라남도,전라남도,농산물,1127940
2022,전라남도,전라남도,임산물,106745
2022,전라남도,전라남도,수산물,278351
2022,전라남도,전라남도,축산물,33730
2022,전라남도,전라남도,석탄광물,23635335
2022,전라남도,전라남도,석회석광물,8431711
2022,전라남도,전라남도,비금속광물,13867395
2022,전라남도,전라남도,음식료품,897633
2022,전라남도,전라남도,담배제품,0
2022,전라남도,전라남도,섬유제품,12042
2022,전라남도,전라남도,의복,13023
2022,전라남도,전라남도,가죽,16
2022,전라남도,전라남도,"목재,나무제품",22359
2022,전라남도,전라남도,"펄프,종이",11042
2022,전라남도,전라남도,"인쇄,기록매체",815
2022,전라남도,전라남도,"코크스,연탄,석유정제품",5716973
2022,전라남도,전라남도,"화합물,화학제품",10927165
2022,전라남도,전라남도,"고무,플라스틱제품",134803
2022,전라남도,전라남도,비금속광물제품,5793212
2022,전라남도,전라남도,제1차금속제품,16893086
2022,전라남도,전라남도,금속가공제품,257047
2022,전라남도,전라남도,"기타기계,장비제조품",91724
2022,전라남도,전라남도,"전자부품,컴퓨터,영상,음향,통신장비",486
2022,전라남도,전라남도,전기장비제품,15505
2022,전라남도,전라남도,"의료,정밀,광학기기,시계",2362
2022,전라남도,전라남도,"자동차,트레일러",6779838
2022,전라남도,전라남도,기타운송장비,304817
2022,전라남도,전라남도,가구제품,1027
2022,전라남도,전라남도,기타제품,211058
2022,전라남도,전라남도,*) 재생제품,409367
2022,전라남도,전라남도,*) 기타,11533424
2022,전라남도,경상북도,합계,4647002
2022,전라남도,경상북도,농산물,282071
2022,전라남도,경상북도,임산물,58362
2022,전라남도,경상북도,수산물,117792
2022,전라남도,경상북도,축산물,51892
2022,전라남도,경상북도,석탄광물,107088
2022,전라남도,경상북도,석회석광물,0
2022,전라남도,경상북도,비금속광물,1068030
2022,전라남도,경상북도,음식료품,119547
2022,전라남도,경상북도,담배제품,0
2022,전라남도,경상북도,섬유제품,3637
2022,전라남도,경상북도,의복,943
2022,전라남도,경상북도,가죽,0
2022,전라남도,경상북도,"목재,나무제품",2754
2022,전라남도,경상북도,"펄프,종이",3699
2022,전라남도,경상북도,"인쇄,기록매체",376
2022,전라남도,경상북도,"코크스,연탄,석유정제품",78721
2022,전라남도,경상북도,"화합물,화학제품",303647
2022,전라남도,경상북도,"고무,플라스틱제품",51632
2022,전라남도,경상북도,비금속광물제품,1892464
2022,전라남도,경상북도,제1차금속제품,85226
2022,전라남도,경상북도,금속가공제품,90503
2022,전라남도,경상북도,"기타기계,장비제조품",17147
2022,전라남도,경상북도,"전자부품,컴퓨터,영상,음향,통신장비",3043
2022,전라남도,경상북도,전기장비제품,8198
2022,전라남도,경상북도,"의료,정밀,광학기기,시계",1097
2022,전라남도,경상북도,"자동차,트레일러",6085
2022,전라남도,경상북도,기타운송장비,5121
2022,전라남도,경상북도,가구제품,518
2022,전라남도,경상북도,기타제품,1173
2022,전라남도,경상북도,*) 재생제품,82442
2022,전라남도,경상북도,*) 기타,203794
2022,전라남도,경상남도,합계,6586428
2022,전라남도,경상남도,농산물,352172
2022,전라남도,경상남도,임산물,60718
2022,전라남도,경상남도,수산물,281561
2022,전라남도,경상남도,축산물,26941
2022,전라남도,경상남도,석탄광물,34109
2022,전라남도,경상남도,석회석광물,555217
2022,전라남도,경상남도,비금속광물,1081789
2022,전라남도,경상남도,음식료품,265640
2022,전라남도,경상남도,담배제품,0
2022,전라남도,경상남도,섬유제품,4166
2022,전라남도,경상남도,의복,989
2022,전라남도,경상남도,가죽,0
2022,전라남도,경상남도,"목재,나무제품",4579
2022,전라남도,경상남도,"펄프,종이",8312
2022,전라남도,경상남도,"인쇄,기록매체",666
2022,전라남도,경상남도,"코크스,연탄,석유정제품",139853
2022,전라남도,경상남도,"화합물,화학제품",315964
2022,전라남도,경상남도,"고무,플라스틱제품",73478
2022,전라남도,경상남도,비금속광물제품,1886135
2022,전라남도,경상남도,제1차금속제품,126532
2022,전라남도,경상남도,금속가공제품,295604
2022,전라남도,경상남도,"기타기계,장비제조품",58465
2022,전라남도,경상남도,"전자부품,컴퓨터,영상,음향,통신장비",335
2022,전라남도,경상남도,전기장비제품,16336
2022,전라남도,경상남도,"의료,정밀,광학기기,시계",1182
2022,전라남도,경상남도,"자동차,트레일러",12375
2022,전라남도,경상남도,기타운송장비,393492
2022,전라남도,경상남도,가구제품,1012
2022,전라남도,경상남도,기타제품,2635
2022,전라남도,경상남도,*) 재생제품,169152
2022,전라남도,경상남도,*) 기타,417019
2022,전라남도,제주특별자치도,합계,0
2022,전라남도,제주특별자치도,농산물,0
2022,전라남도,제주특별자치도,임산물,0
2022,전라남도,제주특별자치도,수산물,0
2022,전라남도,제주특별자치도,축산물,0
2022,전라남도,제주특별자치도,석탄광물,0
2022,전라남도,제주특별자치도,석회석광물,0
2022,전라남도,제주특별자치도,비금속광물,0
2022,전라남도,제주특별자치도,음식료품,0
2022,전라남도,제주특별자치도,담배제품,0
2022,전라남도,제주특별자치도,섬유제품,0
2022,전라남도,제주특별자치도,의복,0
2022,전라남도,제주특별자치도,가죽,0
2022,전라남도,제주특별자치도,"목재,나무제품",0
2022,전라남도,제주특별자치도,"펄프,종이",0
2022,전라남도,제주특별자치도,"인쇄,기록매체",0
2022,전라남도,제주특별자치도,"코크스,연탄,석유정제품",0
2022,전라남도,제주특별자치도,"화합물,화학제품",0
2022,전라남도,제주특별자치도,"고무,플라스틱제품",0
2022,전라남도,제주특별자치도,비금속광물제품,0
2022,전라남도,제주특별자치도,제1차금속제품,0
2022,전라남도,제주특별자치도,금속가공제품,0
2022,전라남도,제주특별자치도,"기타기계,장비제조품",0
2022,전라남도,제주특별자치도,"전자부품,컴퓨터,영상,음향,통신장비",0
2022,전라남도,제주특별자치도,전기장비제품,0
2022,전라남도,제주특별자치도,"의료,정밀,광학기기,시계",0
2022,전라남도,제주특별자치도,"자동차,트레일러",0
2022,전라남도,제주특별자치도,기타운송장비,0
2022,전라남도,제주특별자치도,가구제품,0
2022,전라남도,제주특별자치도,기타제품,0
2022,전라남도,제주특별자치도,*) 재생제품,0
2022,전라남도,제주특별자치도,*) 기타,0
2022,전라남도,세종특별자치시,합계,1376311
2022,전라남도,세종특별자치시,농산물,29932
2022,전라남도,세종특별자치시,임산물,4249
2022,전라남도,세종특별자치시,수산물,2820
2022,전라남도,세종특별자치시,축산물,2222
2022,전라남도,세종특별자치시,석탄광물,5989
2022,전라남도,세종특별자치시,석회석광물,0
2022,전라남도,세종특별자치시,비금속광물,141515
2022,전라남도,세종특별자치시,음식료품,10036
2022,전라남도,세종특별자치시,담배제품,0
2022,전라남도,세종특별자치시,섬유제품,171
2022,전라남도,세종특별자치시,의복,21
2022,전라남도,세종특별자치시,가죽,0
2022,전라남도,세종특별자치시,"목재,나무제품",108
2022,전라남도,세종특별자치시,"펄프,종이",386
2022,전라남도,세종특별자치시,"인쇄,기록매체",45
2022,전라남도,세종특별자치시,"코크스,연탄,석유정제품",2406
2022,전라남도,세종특별자치시,"화합물,화학제품",15939
2022,전라남도,세종특별자치시,"고무,플라스틱제품",3495
2022,전라남도,세종특별자치시,비금속광물제품,115807
2022,전라남도,세종특별자치시,제1차금속제품,1156
2022,전라남도,세종특별자치시,금속가공제품,2261
2022,전라남도,세종특별자치시,"기타기계,장비제조품",636
2022,전라남도,세종특별자치시,"전자부품,컴퓨터,영상,음향,통신장비",28
2022,전라남도,세종특별자치시,전기장비제품,421
2022,전라남도,세종특별자치시,"의료,정밀,광학기기,시계",111
2022,전라남도,세종특별자치시,"자동차,트레일러",329
2022,전라남도,세종특별자치시,기타운송장비,195
2022,전라남도,세종특별자치시,가구제품,30
2022,전라남도,세종특별자치시,기타제품,38
2022,전라남도,세종특별자치시,*) 재생제품,3170
2022,전라남도,세종특별자치시,*) 기타,1032795
2022,경상북도,서울특별시,합계,1632980
2022,경상북도,서울특별시,농산물,215510
2022,경상북도,서울특별시,임산물,38112
2022,경상북도,서울특별시,수산물,7675
2022,경상북도,서울특별시,축산물,13121
2022,경상북도,서울특별시,석탄광물,58796
2022,경상북도,서울특별시,석회석광물,0
2022,경상북도,서울특별시,비금속광물,114253
2022,경상북도,서울특별시,음식료품,190417
2022,경상북도,서울특별시,담배제품,3408
2022,경상북도,서울특별시,섬유제품,320523
2022,경상북도,서울특별시,의복,2112
2022,경상북도,서울특별시,가죽,505
2022,경상북도,서울특별시,"목재,나무제품",5629
2022,경상북도,서울특별시,"펄프,종이",19296
2022,경상북도,서울특별시,"인쇄,기록매체",1915
2022,경상북도,서울특별시,"코크스,연탄,석유정제품",38608
2022,경상북도,서울특별시,"화합물,화학제품",15944
2022,경상북도,서울특별시,"고무,플라스틱제품",41612
2022,경상북도,서울특별시,비금속광물제품,111512
2022,경상북도,서울특별시,제1차금속제품,52261
2022,경상북도,서울특별시,금속가공제품,71337
2022,경상북도,서울특별시,"기타기계,장비제조품",86254
2022,경상북도,서울특별시,"전자부품,컴퓨터,영상,음향,통신장비",2154
2022,경상북도,서울특별시,전기장비제품,32858
2022,경상북도,서울특별시,"의료,정밀,광학기기,시계",2665
2022,경상북도,서울특별시,"자동차,트레일러",159125
2022,경상북도,서울특별시,기타운송장비,7709
2022,경상북도,서울특별시,가구제품,5681
2022,경상북도,서울특별시,기타제품,802
2022,경상북도,서울특별시,*) 재생제품,13186
2022,경상북도,서울특별시,*) 기타,0
2022,경상북도,부산광역시,합계,16306918
2022,경상북도,부산광역시,농산물,122791
2022,경상북도,부산광역시,임산물,29865
2022,경상북도,부산광역시,수산물,28424
2022,경상북도,부산광역시,축산물,9100
2022,경상북도,부산광역시,석탄광물,32605
2022,경상북도,부산광역시,석회석광물,0
2022,경상북도,부산광역시,비금속광물,385485
2022,경상북도,부산광역시,음식료품,240108
2022,경상북도,부산광역시,담배제품,823
2022,경상북도,부산광역시,섬유제품,51202
2022,경상북도,부산광역시,의복,749
2022,경상북도,부산광역시,가죽,614
2022,경상북도,부산광역시,"목재,나무제품",29602
2022,경상북도,부산광역시,"펄프,종이",43992
2022,경상북도,부산광역시,"인쇄,기록매체",1458
2022,경상북도,부산광역시,"코크스,연탄,석유정제품",28273
2022,경상북도,부산광역시,"화합물,화학제품",57252
2022,경상북도,부산광역시,"고무,플라스틱제품",51723
2022,경상북도,부산광역시,비금속광물제품,504614
2022,경상북도,부산광역시,제1차금속제품,588186
2022,경상북도,부산광역시,금속가공제품,162955
2022,경상북도,부산광역시,"기타기계,장비제조품",102764
2022,경상북도,부산광역시,"전자부품,컴퓨터,영상,음향,통신장비",4063
2022,경상북도,부산광역시,전기장비제품,29315
2022,경상북도,부산광역시,"의료,정밀,광학기기,시계",3451
2022,경상북도,부산광역시,"자동차,트레일러",189897
2022,경상북도,부산광역시,기타운송장비,20863
2022,경상북도,부산광역시,가구제품,4764
2022,경상북도,부산광역시,기타제품,4030
2022,경상북도,부산광역시,*) 재생제품,124153
2022,경상북도,부산광역시,*) 기타,13453797
2022,경상북도,대구광역시,합계,3267629
2022,경상북도,대구광역시,농산물,130405
2022,경상북도,대구광역시,임산물,22850
2022,경상북도,대구광역시,수산물,3036
2022,경상북도,대구광역시,축산물,38134
2022,경상북도,대구광역시,석탄광물,35332
2022,경상북도,대구광역시,석회석광물,0
2022,경상북도,대구광역시,비금속광물,656339
2022,경상북도,대구광역시,음식료품,248230
2022,경상북도,대구광역시,담배제품,903
2022,경상북도,대구광역시,섬유제품,54413
2022,경상북도,대구광역시,의복,2316
2022,경상북도,대구광역시,가죽,168
2022,경상북도,대구광역시,"목재,나무제품",11936
2022,경상북도,대구광역시,"펄프,종이",125194
2022,경상북도,대구광역시,"인쇄,기록매체",1922
2022,경상북도,대구광역시,"코크스,연탄,석유정제품",163566
2022,경상북도,대구광역시,"화합물,화학제품",89108
2022,경상북도,대구광역시,"고무,플라스틱제품",86497
2022,경상북도,대구광역시,비금속광물제품,421620
2022,경상북도,대구광역시,제1차금속제품,359059
2022,경상북도,대구광역시,금속가공제품,233177
2022,경상북도,대구광역시,"기타기계,장비제조품",150651
2022,경상북도,대구광역시,"전자부품,컴퓨터,영상,음향,통신장비",5976
2022,경상북도,대구광역시,전기장비제품,44727
2022,경상북도,대구광역시,"의료,정밀,광학기기,시계",4945
2022,경상북도,대구광역시,"자동차,트레일러",183644
2022,경상북도,대구광역시,기타운송장비,2968
2022,경상북도,대구광역시,가구제품,6698
2022,경상북도,대구광역시,기타제품,2026
2022,경상북도,대구광역시,*) 재생제품,181789
2022,경상북도,대구광역시,*) 기타,0
2022,경상북도,인천광역시,합계,1296590
2022,경상북도,인천광역시,농산물,100682
2022,경상북도,인천광역시,임산물,38963
2022,경상북도,인천광역시,수산물,3530
2022,경상북도,인천광역시,축산물,3867
2022,경상북도,인천광역시,석탄광물,0
2022,경상북도,인천광역시,석회석광물,0
2022,경상북도,인천광역시,비금속광물,220204
2022,경상북도,인천광역시,음식료품,65315
2022,경상북도,인천광역시,담배제품,875
2022,경상북도,인천광역시,섬유제품,20582
2022,경상북도,인천광역시,의복,239
2022,경상북도,인천광역시,가죽,72
2022,경상북도,인천광역시,"목재,나무제품",8704
2022,경상북도,인천광역시,"펄프,종이",5284
2022,경상북도,인천광역시,"인쇄,기록매체",400
2022,경상북도,인천광역시,"코크스,연탄,석유정제품",30570
2022,경상북도,인천광역시,"화합물,화학제품",22940
2022,경상북도,인천광역시,"고무,플라스틱제품",31549
2022,경상북도,인천광역시,비금속광물제품,126390
2022,경상북도,인천광역시,제1차금속제품,78651
2022,경상북도,인천광역시,금속가공제품,62738
2022,경상북도,인천광역시,"기타기계,장비제조품",82524
2022,경상북도,인천광역시,"전자부품,컴퓨터,영상,음향,통신장비",1185
2022,경상북도,인천광역시,전기장비제품,19989
2022,경상북도,인천광역시,"의료,정밀,광학기기,시계",1299
2022,경상북도,인천광역시,"자동차,트레일러",142788
2022,경상북도,인천광역시,기타운송장비,5800
2022,경상북도,인천광역시,가구제품,1416
2022,경상북도,인천광역시,기타제품,239
2022,경상북도,인천광역시,*) 재생제품,8981
2022,경상북도,인천광역시,*) 기타,210814
2022,경상북도,광주광역시,합계,693985
2022,경상북도,광주광역시,농산물,29524
2022,경상북도,광주광역시,임산물,6073
2022,경상북도,광주광역시,수산물,858
2022,경상북도,광주광역시,축산물,4260
2022,경상북도,광주광역시,석탄광물,6671
2022,경상북도,광주광역시,석회석광물,0
2022,경상북도,광주광역시,비금속광물,74976
2022,경상북도,광주광역시,음식료품,41222
2022,경상북도,광주광역시,담배제품,130
2022,경상북도,광주광역시,섬유제품,16194
2022,경상북도,광주광역시,의복,295
2022,경상북도,광주광역시,가죽,32
2022,경상북도,광주광역시,"목재,나무제품",3231
2022,경상북도,광주광역시,"펄프,종이",11928
2022,경상북도,광주광역시,"인쇄,기록매체",444
2022,경상북도,광주광역시,"코크스,연탄,석유정제품",6244
2022,경상북도,광주광역시,"화합물,화학제품",14480
2022,경상북도,광주광역시,"고무,플라스틱제품",19815
2022,경상북도,광주광역시,비금속광물제품,158478
2022,경상북도,광주광역시,제1차금속제품,119845
2022,경상북도,광주광역시,금속가공제품,61228
2022,경상북도,광주광역시,"기타기계,장비제조품",38679
2022,경상북도,광주광역시,"전자부품,컴퓨터,영상,음향,통신장비",853
2022,경상북도,광주광역시,전기장비제품,18959
2022,경상북도,광주광역시,"의료,정밀,광학기기,시계",872
2022,경상북도,광주광역시,"자동차,트레일러",31649
2022,경상북도,광주광역시,기타운송장비,561
2022,경상북도,광주광역시,가구제품,2063
2022,경상북도,광주광역시,기타제품,488
2022,경상북도,광주광역시,*) 재생제품,23933
2022,경상북도,광주광역시,*) 기타,0
2022,경상북도,대전광역시,합계,812770
2022,경상북도,대전광역시,농산물,58729
2022,경상북도,대전광역시,임산물,8306
2022,경상북도,대전광역시,수산물,1646
2022,경상북도,대전광역시,축산물,4886
2022,경상북도,대전광역시,석탄광물,24920
2022,경상북도,대전광역시,석회석광물,0
2022,경상북도,대전광역시,비금속광물,147562
2022,경상북도,대전광역시,음식료품,57654
2022,경상북도,대전광역시,담배제품,1368
2022,경상북도,대전광역시,섬유제품,15406
2022,경상북도,대전광역시,의복,313
2022,경상북도,대전광역시,가죽,31
2022,경상북도,대전광역시,"목재,나무제품",2235
2022,경상북도,대전광역시,"펄프,종이",23215
2022,경상북도,대전광역시,"인쇄,기록매체",723
2022,경상북도,대전광역시,"코크스,연탄,석유정제품",5664
2022,경상북도,대전광역시,"화합물,화학제품",22847
2022,경상북도,대전광역시,"고무,플라스틱제품",38881
2022,경상북도,대전광역시,비금속광물제품,177075
2022,경상북도,대전광역시,제1차금속제품,59129
2022,경상북도,대전광역시,금속가공제품,38675
2022,경상북도,대전광역시,"기타기계,장비제조품",47745
2022,경상북도,대전광역시,"전자부품,컴퓨터,영상,음향,통신장비",2243
2022,경상북도,대전광역시,전기장비제품,10876
2022,경상북도,대전광역시,"의료,정밀,광학기기,시계",732
2022,경상북도,대전광역시,"자동차,트레일러",28050
2022,경상북도,대전광역시,기타운송장비,2143
2022,경상북도,대전광역시,가구제품,1175
2022,경상북도,대전광역시,기타제품,148
2022,경상북도,대전광역시,*) 재생제품,30393
2022,경상북도,대전광역시,*) 기타,0
2022,경상북도,울산광역시,합계,6758846
2022,경상북도,울산광역시,농산물,72570
2022,경상북도,울산광역시,임산물,19969
2022,경상북도,울산광역시,수산물,1708
2022,경상북도,울산광역시,축산물,3883
2022,경상북도,울산광역시,석탄광물,58849
2022,경상북도,울산광역시,석회석광물,0
2022,경상북도,울산광역시,비금속광물,613316
2022,경상북도,울산광역시,음식료품,135892
2022,경상북도,울산광역시,담배제품,349
2022,경상북도,울산광역시,섬유제품,21322
2022,경상북도,울산광역시,의복,574
2022,경상북도,울산광역시,가죽,75
2022,경상북도,울산광역시,"목재,나무제품",16411
2022,경상북도,울산광역시,"펄프,종이",66237
2022,경상북도,울산광역시,"인쇄,기록매체",2089
2022,경상북도,울산광역시,"코크스,연탄,석유정제품",496335
2022,경상북도,울산광역시,"화합물,화학제품",487768
2022,경상북도,울산광역시,"고무,플라스틱제품",102239
2022,경상북도,울산광역시,비금속광물제품,1182394
2022,경상북도,울산광역시,제1차금속제품,1517656
2022,경상북도,울산광역시,금속가공제품,544421
2022,경상북도,울산광역시,"기타기계,장비제조품",315915
2022,경상북도,울산광역시,"전자부품,컴퓨터,영상,음향,통신장비",3422
2022,경상북도,울산광역시,전기장비제품,114486
2022,경상북도,울산광역시,"의료,정밀,광학기기,시계",3686
2022,경상북도,울산광역시,"자동차,트레일러",703345
2022,경상북도,울산광역시,기타운송장비,116850
2022,경상북도,울산광역시,가구제품,10277
2022,경상북도,울산광역시,기타제품,2672
2022,경상북도,울산광역시,*) 재생제품,144136
2022,경상북도,울산광역시,*) 기타,0
2022,경상북도,경기도,합계,6664297
2022,경상북도,경기도,농산물,519107
2022,경상북도,경기도,임산물,91725
2022,경상북도,경기도,수산물,17346
2022,경상북도,경기도,축산물,82235
2022,경상북도,경기도,석탄광물,106793
2022,경상북도,경기도,석회석광물,0
2022,경상북도,경기도,비금속광물,1060145
2022,경상북도,경기도,음식료품,423751
2022,경상북도,경기도,담배제품,3793
2022,경상북도,경기도,섬유제품,140380
2022,경상북도,경기도,의복,1764
2022,경상북도,경기도,가죽,640
2022,경상북도,경기도,"목재,나무제품",34089
2022,경상북도,경기도,"펄프,종이",39267
2022,경상북도,경기도,"인쇄,기록매체",3101
2022,경상북도,경기도,"코크스,연탄,석유정제품",50151
2022,경상북도,경기도,"화합물,화학제품",103160
2022,경상북도,경기도,"고무,플라스틱제품",208404
2022,경상북도,경기도,비금속광물제품,1469429
2022,경상북도,경기도,제1차금속제품,552517
2022,경상북도,경기도,금속가공제품,336772
2022,경상북도,경기도,"기타기계,장비제조품",507195
2022,경상북도,경기도,"전자부품,컴퓨터,영상,음향,통신장비",28081
2022,경상북도,경기도,전기장비제품,124953
2022,경상북도,경기도,"의료,정밀,광학기기,시계",11839
2022,경상북도,경기도,"자동차,트레일러",536272
2022,경상북도,경기도,기타운송장비,18343
2022,경상북도,경기도,가구제품,9652
2022,경상북도,경기도,기타제품,1346
2022,경상북도,경기도,*) 재생제품,57240
2022,경상북도,경기도,*) 기타,124807
2022,경상북도,강원특별자치도,합계,2143049
2022,경상북도,강원특별자치도,농산물,138506
2022,경상북도,강원특별자치도,임산물,49832
2022,경상북도,강원특별자치도,수산물,10694
2022,경상북도,강원특별자치도,축산물,27674
2022,경상북도,강원특별자치도,석탄광물,167307
2022,경상북도,강원특별자치도,석회석광물,0
2022,경상북도,강원특별자치도,비금속광물,1063806
2022,경상북도,강원특별자치도,음식료품,109011
2022,경상북도,강원특별자치도,담배제품,552
2022,경상북도,강원특별자치도,섬유제품,11375
2022,경상북도,강원특별자치도,의복,185
2022,경상북도,강원특별자치도,가죽,25
2022,경상북도,강원특별자치도,"목재,나무제품",1806
2022,경상북도,강원특별자치도,"펄프,종이",5952
2022,경상북도,강원특별자치도,"인쇄,기록매체",231
2022,경상북도,강원특별자치도,"코크스,연탄,석유정제품",7659
2022,경상북도,강원특별자치도,"화합물,화학제품",9698
2022,경상북도,강원특별자치도,"고무,플라스틱제품",15670
2022,경상북도,강원특별자치도,비금속광물제품,331756
2022,경상북도,강원특별자치도,제1차금속제품,44081
2022,경상북도,강원특별자치도,금속가공제품,39548
2022,경상북도,강원특별자치도,"기타기계,장비제조품",18191
2022,경상북도,강원특별자치도,"전자부품,컴퓨터,영상,음향,통신장비",523
2022,경상북도,강원특별자치도,전기장비제품,6897
2022,경상북도,강원특별자치도,"의료,정밀,광학기기,시계",1396
2022,경상북도,강원특별자치도,"자동차,트레일러",51488
2022,경상북도,강원특별자치도,기타운송장비,9214
2022,경상북도,강원특별자치도,가구제품,806
2022,경상북도,강원특별자치도,기타제품,171
2022,경상북도,강원특별자치도,*) 재생제품,18417
2022,경상북도,강원특별자치도,*) 기타,578
2022,경상북도,충청북도,합계,3955310
2022,경상북도,충청북도,농산물,238122
2022,경상북도,충청북도,임산물,41806
2022,경상북도,충청북도,수산물,2980
2022,경상북도,충청북도,축산물,103850
2022,경상북도,충청북도,석탄광물,116788
2022,경상북도,충청북도,석회석광물,555654
2022,경상북도,충청북도,비금속광물,1058266
2022,경상북도,충청북도,음식료품,280673
2022,경상북도,충청북도,담배제품,477
2022,경상북도,충청북도,섬유제품,23945
2022,경상북도,충청북도,의복,447
2022,경상북도,충청북도,가죽,76
2022,경상북도,충청북도,"목재,나무제품",9750
2022,경상북도,충청북도,"펄프,종이",23816
2022,경상북도,충청북도,"인쇄,기록매체",969
2022,경상북도,충청북도,"코크스,연탄,석유정제품",7309
2022,경상북도,충청북도,"화합물,화학제품",61698
2022,경상북도,충청북도,"고무,플라스틱제품",76675
2022,경상북도,충청북도,비금속광물제품,762459
2022,경상북도,충청북도,제1차금속제품,232844
2022,경상북도,충청북도,금속가공제품,107104
2022,경상북도,충청북도,"기타기계,장비제조품",85322
2022,경상북도,충청북도,"전자부품,컴퓨터,영상,음향,통신장비",10879
2022,경상북도,충청북도,전기장비제품,36975
2022,경상북도,충청북도,"의료,정밀,광학기기,시계",3331
2022,경상북도,충청북도,"자동차,트레일러",62890
2022,경상북도,충청북도,기타운송장비,4557
2022,경상북도,충청북도,가구제품,2939
2022,경상북도,충청북도,기타제품,615
2022,경상북도,충청북도,*) 재생제품,42094
2022,경상북도,충청북도,*) 기타,0
2022,경상북도,충청남도,합계,3894827
2022,경상북도,충청남도,농산물,255576
2022,경상북도,충청남도,임산물,35237
2022,경상북도,충청남도,수산물,5573
2022,경상북도,충청남도,축산물,39407
2022,경상북도,충청남도,석탄광물,50217
2022,경상북도,충청남도,석회석광물,0
2022,경상북도,충청남도,비금속광물,686667
2022,경상북도,충청남도,음식료품,217425
2022,경상북도,충청남도,담배제품,520
2022,경상북도,충청남도,섬유제품,30128
2022,경상북도,충청남도,의복,488
2022,경상북도,충청남도,가죽,56
2022,경상북도,충청남도,"목재,나무제품",10364
2022,경상북도,충청남도,"펄프,종이",23219
2022,경상북도,충청남도,"인쇄,기록매체",708
2022,경상북도,충청남도,"코크스,연탄,석유정제품",66865
2022,경상북도,충청남도,"화합물,화학제품",124668
2022,경상북도,충청남도,"고무,플라스틱제품",100913
2022,경상북도,충청남도,비금속광물제품,1131119
2022,경상북도,충청남도,제1차금속제품,505626
2022,경상북도,충청남도,금속가공제품,143107
2022,경상북도,충청남도,"기타기계,장비제조품",159651
2022,경상북도,충청남도,"전자부품,컴퓨터,영상,음향,통신장비",18863
2022,경상북도,충청남도,전기장비제품,52983
2022,경상북도,충청남도,"의료,정밀,광학기기,시계",3287
2022,경상북도,충청남도,"자동차,트레일러",181837
2022,경상북도,충청남도,기타운송장비,5951
2022,경상북도,충청남도,가구제품,4863
2022,경상북도,충청남도,기타제품,682
2022,경상북도,충청남도,*) 재생제품,38827
2022,경상북도,충청남도,*) 기타,0
2022,경상북도,전북특별자치도,합계,1965515
2022,경상북도,전북특별자치도,농산물,162639
2022,경상북도,전북특별자치도,임산물,36356
2022,경상북도,전북특별자치도,수산물,3125
2022,경상북도,전북특별자치도,축산물,69656
2022,경상북도,전북특별자치도,석탄광물,37505
2022,경상북도,전북특별자치도,석회석광물,0
2022,경상북도,전북특별자치도,비금속광물,537898
2022,경상북도,전북특별자치도,음식료품,177882
2022,경상북도,전북특별자치도,담배제품,415
2022,경상북도,전북특별자치도,섬유제품,24031
2022,경상북도,전북특별자치도,의복,390
2022,경상북도,전북특별자치도,가죽,36
2022,경상북도,전북특별자치도,"목재,나무제품",6009
2022,경상북도,전북특별자치도,"펄프,종이",25674
2022,경상북도,전북특별자치도,"인쇄,기록매체",419
2022,경상북도,전북특별자치도,"코크스,연탄,석유정제품",13175
2022,경상북도,전북특별자치도,"화합물,화학제품",44615
2022,경상북도,전북특별자치도,"고무,플라스틱제품",30086
2022,경상북도,전북특별자치도,비금속광물제품,288464
2022,경상북도,전북특별자치도,제1차금속제품,198633
2022,경상북도,전북특별자치도,금속가공제품,63342
2022,경상북도,전북특별자치도,"기타기계,장비제조품",57793
2022,경상북도,전북특별자치도,"전자부품,컴퓨터,영상,음향,통신장비",1182
2022,경상북도,전북특별자치도,전기장비제품,13446
2022,경상북도,전북특별자치도,"의료,정밀,광학기기,시계",790
2022,경상북도,전북특별자치도,"자동차,트레일러",122020
2022,경상북도,전북특별자치도,기타운송장비,12720
2022,경상북도,전북특별자치도,가구제품,2306
2022,경상북도,전북특별자치도,기타제품,359
2022,경상북도,전북특별자치도,*) 재생제품,34514
2022,경상북도,전북특별자치도,*) 기타,35
2022,경상북도,전라남도,합계,3389026
2022,경상북도,전라남도,농산물,148514
2022,경상북도,전라남도,임산물,37644
2022,경상북도,전라남도,수산물,8911
2022,경상북도,전라남도,축산물,18386
2022,경상북도,전라남도,석탄광물,98428
2022,경상북도,전라남도,석회석광물,0
2022,경상북도,전라남도,비금속광물,872588
2022,경상북도,전라남도,음식료품,142955
2022,경상북도,전라남도,담배제품,312
2022,경상북도,전라남도,섬유제품,21162
2022,경상북도,전라남도,의복,382
2022,경상북도,전라남도,가죽,38
2022,경상북도,전라남도,"목재,나무제품",8694
2022,경상북도,전라남도,"펄프,종이",18223
2022,경상북도,전라남도,"인쇄,기록매체",620
2022,경상북도,전라남도,"코크스,연탄,석유정제품",159262
2022,경상북도,전라남도,"화합물,화학제품",234715
2022,경상북도,전라남도,"고무,플라스틱제품",24783
2022,경상북도,전라남도,비금속광물제품,529129
2022,경상북도,전라남도,제1차금속제품,683261
2022,경상북도,전라남도,금속가공제품,93646
2022,경상북도,전라남도,"기타기계,장비제조품",96356
2022,경상북도,전라남도,"전자부품,컴퓨터,영상,음향,통신장비",1193
2022,경상북도,전라남도,전기장비제품,12962
2022,경상북도,전라남도,"의료,정밀,광학기기,시계",1746
2022,경상북도,전라남도,"자동차,트레일러",18511
2022,경상북도,전라남도,기타운송장비,34157
2022,경상북도,전라남도,가구제품,3276
2022,경상북도,전라남도,기타제품,710
2022,경상북도,전라남도,*) 재생제품,53191
2022,경상북도,전라남도,*) 기타,65271
2022,경상북도,경상북도,합계,47169474
2022,경상북도,경상북도,농산물,646955
2022,경상북도,경상북도,임산물,193133
2022,경상북도,경상북도,수산물,11622
2022,경상북도,경상북도,축산물,139556
2022,경상북도,경상북도,석탄광물,12592185
2022,경상북도,경상북도,석회석광물,4152283
2022,경상북도,경상북도,비금속광물,4338210
2022,경상북도,경상북도,음식료품,688443
2022,경상북도,경상북도,담배제품,1749
2022,경상북도,경상북도,섬유제품,121811
2022,경상북도,경상북도,의복,3285
2022,경상북도,경상북도,가죽,203
2022,경상북도,경상북도,"목재,나무제품",71243
2022,경상북도,경상북도,"펄프,종이",208028
2022,경상북도,경상북도,"인쇄,기록매체",3782
2022,경상북도,경상북도,"코크스,연탄,석유정제품",196923
2022,경상북도,경상북도,"화합물,화학제품",433603
2022,경상북도,경상북도,"고무,플라스틱제품",424047
2022,경상북도,경상북도,비금속광물제품,8278645
2022,경상북도,경상북도,제1차금속제품,11120446
2022,경상북도,경상북도,금속가공제품,809667
2022,경상북도,경상북도,"기타기계,장비제조품",422831
2022,경상북도,경상북도,"전자부품,컴퓨터,영상,음향,통신장비",162584
2022,경상북도,경상북도,전기장비제품,190683
2022,경상북도,경상북도,"의료,정밀,광학기기,시계",16204
2022,경상북도,경상북도,"자동차,트레일러",632517
2022,경상북도,경상북도,기타운송장비,7266
2022,경상북도,경상북도,가구제품,18134
2022,경상북도,경상북도,기타제품,122397
2022,경상북도,경상북도,*) 재생제품,604034
2022,경상북도,경상북도,*) 기타,557005
2022,경상북도,경상남도,합계,7022839
2022,경상북도,경상남도,농산물,246561
2022,경상북도,경상남도,임산물,78116
2022,경상북도,경상남도,수산물,17848
2022,경상북도,경상남도,축산물,39005
2022,경상북도,경상남도,석탄광물,54499
2022,경상북도,경상남도,석회석광물,0
2022,경상북도,경상남도,비금속광물,971113
2022,경상북도,경상남도,음식료품,414729
2022,경상북도,경상남도,담배제품,1434
2022,경상북도,경상남도,섬유제품,58946
2022,경상북도,경상남도,의복,1171
2022,경상북도,경상남도,가죽,176
2022,경상북도,경상남도,"목재,나무제품",29258
2022,경상북도,경상남도,"펄프,종이",111548
2022,경상북도,경상남도,"인쇄,기록매체",2108
2022,경상북도,경상남도,"코크스,연탄,석유정제품",39873
2022,경상북도,경상남도,"화합물,화학제품",118841
2022,경상북도,경상남도,"고무,플라스틱제품",173550
2022,경상북도,경상남도,비금속광물제품,1577930
2022,경상북도,경상남도,제1차금속제품,1187484
2022,경상북도,경상남도,금속가공제품,671148
2022,경상북도,경상남도,"기타기계,장비제조품",394013
2022,경상북도,경상남도,"전자부품,컴퓨터,영상,음향,통신장비",4613
2022,경상북도,경상남도,전기장비제품,107917
2022,경상북도,경상남도,"의료,정밀,광학기기,시계",4808
2022,경상북도,경상남도,"자동차,트레일러",277611
2022,경상북도,경상남도,기타운송장비,228205
2022,경상북도,경상남도,가구제품,14033
2022,경상북도,경상남도,기타제품,6163
2022,경상북도,경상남도,*) 재생제품,190138
2022,경상북도,경상남도,*) 기타,0
2022,경상북도,제주특별자치도,합계,0
2022,경상북도,제주특별자치도,농산물,0
2022,경상북도,제주특별자치도,임산물,0
2022,경상북도,제주특별자치도,수산물,0
2022,경상북도,제주특별자치도,축산물,0
2022,경상북도,제주특별자치도,석탄광물,0
2022,경상북도,제주특별자치도,석회석광물,0
2022,경상북도,제주특별자치도,비금속광물,0
2022,경상북도,제주특별자치도,음식료품,0
2022,경상북도,제주특별자치도,담배제품,0
2022,경상북도,제주특별자치도,섬유제품,0
2022,경상북도,제주특별자치도,의복,0
2022,경상북도,제주특별자치도,가죽,0
2022,경상북도,제주특별자치도,"목재,나무제품",0
2022,경상북도,제주특별자치도,"펄프,종이",0
2022,경상북도,제주특별자치도,"인쇄,기록매체",0
2022,경상북도,제주특별자치도,"코크스,연탄,석유정제품",0
2022,경상북도,제주특별자치도,"화합물,화학제품",0
2022,경상북도,제주특별자치도,"고무,플라스틱제품",0
2022,경상북도,제주특별자치도,비금속광물제품,0
2022,경상북도,제주특별자치도,제1차금속제품,0
2022,경상북도,제주특별자치도,금속가공제품,0
2022,경상북도,제주특별자치도,"기타기계,장비제조품",0
2022,경상북도,제주특별자치도,"전자부품,컴퓨터,영상,음향,통신장비",0
2022,경상북도,제주특별자치도,전기장비제품,0
2022,경상북도,제주특별자치도,"의료,정밀,광학기기,시계",0
2022,경상북도,제주특별자치도,"자동차,트레일러",0
2022,경상북도,제주특별자치도,기타운송장비,0
2022,경상북도,제주특별자치도,가구제품,0
2022,경상북도,제주특별자치도,기타제품,0
2022,경상북도,제주특별자치도,*) 재생제품,0
2022,경상북도,제주특별자치도,*) 기타,0
2022,경상북도,세종특별자치시,합계,372629
2022,경상북도,세종특별자치시,농산물,26005
2022,경상북도,세종특별자치시,임산물,6030
2022,경상북도,세종특별자치시,수산물,165
2022,경상북도,세종특별자치시,축산물,3184
2022,경상북도,세종특별자치시,석탄광물,8633
2022,경상북도,세종특별자치시,석회석광물,0
2022,경상북도,세종특별자치시,비금속광물,144747
2022,경상북도,세종특별자치시,음식료품,15955
2022,경상북도,세종특별자치시,담배제품,44
2022,경상북도,세종특별자치시,섬유제품,2079
2022,경상북도,세종특별자치시,의복,36
2022,경상북도,세종특별자치시,가죽,2
2022,경상북도,세종특별자치시,"목재,나무제품",639
2022,경상북도,세종특별자치시,"펄프,종이",4600
2022,경상북도,세종특별자치시,"인쇄,기록매체",164
2022,경상북도,세종특별자치시,"코크스,연탄,석유정제품",821
2022,경상북도,세종특별자치시,"화합물,화학제품",6603
2022,경상북도,세종특별자치시,"고무,플라스틱제품",8201
2022,경상북도,세종특별자치시,비금속광물제품,108998
2022,경상북도,세종특별자치시,제1차금속제품,12000
2022,경상북도,세종특별자치시,금속가공제품,5582
2022,경상북도,세종특별자치시,"기타기계,장비제조품",4065
2022,경상북도,세종특별자치시,"전자부품,컴퓨터,영상,음향,통신장비",446
2022,경상북도,세종특별자치시,전기장비제품,2804
2022,경상북도,세종특별자치시,"의료,정밀,광학기기,시계",540
2022,경상북도,세종특별자치시,"자동차,트레일러",5526
2022,경상북도,세종특별자치시,기타운송장비,93
2022,경상북도,세종특별자치시,가구제품,355
2022,경상북도,세종특별자치시,기타제품,54
2022,경상북도,세종특별자치시,*) 재생제품,4258
2022,경상북도,세종특별자치시,*) 기타,0
2022,경상남도,서울특별시,합계,868854
2022,경상남도,서울특별시,농산물,104132
2022,경상남도,서울특별시,임산물,14305
2022,경상남도,서울특별시,수산물,33453
2022,경상남도,서울특별시,축산물,8211
2022,경상남도,서울특별시,석탄광물,0
2022,경상남도,서울특별시,석회석광물,0
2022,경상남도,서울특별시,비금속광물,103361
2022,경상남도,서울특별시,음식료품,37791
2022,경상남도,서울특별시,담배제품,2281
2022,경상남도,서울특별시,섬유제품,61543
2022,경상남도,서울특별시,의복,3972
2022,경상남도,서울특별시,가죽,4378
2022,경상남도,서울특별시,"목재,나무제품",6196
2022,경상남도,서울특별시,"펄프,종이",8703
2022,경상남도,서울특별시,"인쇄,기록매체",3921
2022,경상남도,서울특별시,"코크스,연탄,석유정제품",97152
2022,경상남도,서울특별시,"화합물,화학제품",7226
2022,경상남도,서울특별시,"고무,플라스틱제품",35873
2022,경상남도,서울특별시,비금속광물제품,11695
2022,경상남도,서울특별시,제1차금속제품,12685
2022,경상남도,서울특별시,금속가공제품,100972
2022,경상남도,서울특별시,"기타기계,장비제조품",77735
2022,경상남도,서울특별시,"전자부품,컴퓨터,영상,음향,통신장비",1426
2022,경상남도,서울특별시,전기장비제품,24778
2022,경상남도,서울특별시,"의료,정밀,광학기기,시계",8692
2022,경상남도,서울특별시,"자동차,트레일러",56921
2022,경상남도,서울특별시,기타운송장비,19800
2022,경상남도,서울특별시,가구제품,9962
2022,경상남도,서울특별시,기타제품,1981
2022,경상남도,서울특별시,*) 재생제품,9709
2022,경상남도,서울특별시,*) 기타,0
2022,경상남도,부산광역시,합계,24767149
2022,경상남도,부산광역시,농산물,174145
2022,경상남도,부산광역시,임산물,19780
2022,경상남도,부산광역시,수산물,145873
2022,경상남도,부산광역시,축산물,9100
2022,경상남도,부산광역시,석탄광물,0
2022,경상남도,부산광역시,석회석광물,604
2022,경상남도,부산광역시,비금속광물,1152347
2022,경상남도,부산광역시,음식료품,133194
2022,경상남도,부산광역시,담배제품,1592
2022,경상남도,부산광역시,섬유제품,29029
2022,경상남도,부산광역시,의복,4335
2022,경상남도,부산광역시,가죽,16185
2022,경상남도,부산광역시,"목재,나무제품",67754
2022,경상남도,부산광역시,"펄프,종이",90891
2022,경상남도,부산광역시,"인쇄,기록매체",7753
2022,경상남도,부산광역시,"코크스,연탄,석유정제품",485376
2022,경상남도,부산광역시,"화합물,화학제품",76735
2022,경상남도,부산광역시,"고무,플라스틱제품",166517
2022,경상남도,부산광역시,비금속광물제품,193995
2022,경상남도,부산광역시,제1차금속제품,550350
2022,경상남도,부산광역시,금속가공제품,674873
2022,경상남도,부산광역시,"기타기계,장비제조품",275085
2022,경상남도,부산광역시,"전자부품,컴퓨터,영상,음향,통신장비",11451
2022,경상남도,부산광역시,전기장비제품,71751
2022,경상남도,부산광역시,"의료,정밀,광학기기,시계",20259
2022,경상남도,부산광역시,"자동차,트레일러",210687
2022,경상남도,부산광역시,기타운송장비,94984
2022,경상남도,부산광역시,가구제품,22398
2022,경상남도,부산광역시,기타제품,15807
2022,경상남도,부산광역시,*) 재생제품,372100
2022,경상남도,부산광역시,*) 기타,19672199
2022,경상남도,대구광역시,합계,1632787
2022,경상남도,대구광역시,농산물,78206
2022,경상남도,대구광역시,임산물,9633
2022,경상남도,대구광역시,수산물,13643
2022,경상남도,대구광역시,축산물,25662
2022,경상남도,대구광역시,석탄광물,0
2022,경상남도,대구광역시,석회석광물,0
2022,경상남도,대구광역시,비금속광물,582074
2022,경상남도,대구광역시,음식료품,44917
2022,경상남도,대구광역시,담배제품,726
2022,경상남도,대구광역시,섬유제품,6674
2022,경상남도,대구광역시,의복,3876
2022,경상남도,대구광역시,가죽,1008
2022,경상남도,대구광역시,"목재,나무제품",41858
2022,경상남도,대구광역시,"펄프,종이",38368
2022,경상남도,대구광역시,"인쇄,기록매체",3269
2022,경상남도,대구광역시,"코크스,연탄,석유정제품",50832
2022,경상남도,대구광역시,"화합물,화학제품",31886
2022,경상남도,대구광역시,"고무,플라스틱제품",51902
2022,경상남도,대구광역시,비금속광물제품,40711
2022,경상남도,대구광역시,제1차금속제품,69236
2022,경상남도,대구광역시,금속가공제품,235812
2022,경상남도,대구광역시,"기타기계,장비제조품",96056
2022,경상남도,대구광역시,"전자부품,컴퓨터,영상,음향,통신장비",3332
2022,경상남도,대구광역시,전기장비제품,27499
2022,경상남도,대구광역시,"의료,정밀,광학기기,시계",11817
2022,경상남도,대구광역시,"자동차,트레일러",40319
2022,경상남도,대구광역시,기타운송장비,6011
2022,경상남도,대구광역시,가구제품,6669
2022,경상남도,대구광역시,기타제품,2854
2022,경상남도,대구광역시,*) 재생제품,107937
2022,경상남도,대구광역시,*) 기타,0
2022,경상남도,인천광역시,합계,861269
2022,경상남도,인천광역시,농산물,49838
2022,경상남도,인천광역시,임산물,14883
2022,경상남도,인천광역시,수산물,15437
2022,경상남도,인천광역시,축산물,2453
2022,경상남도,인천광역시,석탄광물,0
2022,경상남도,인천광역시,석회석광물,0
2022,경상남도,인천광역시,비금속광물,203881
2022,경상남도,인천광역시,음식료품,13263
2022,경상남도,인천광역시,담배제품,600
2022,경상남도,인천광역시,섬유제품,4004
2022,경상남도,인천광역시,의복,458
2022,경상남도,인천광역시,가죽,640
2022,경상남도,인천광역시,"목재,나무제품",9705
2022,경상남도,인천광역시,"펄프,종이",2432
2022,경상남도,인천광역시,"인쇄,기록매체",834
2022,경상남도,인천광역시,"코크스,연탄,석유정제품",78004
2022,경상남도,인천광역시,"화합물,화학제품",10558
2022,경상남도,인천광역시,"고무,플라스틱제품",27642
2022,경상남도,인천광역시,비금속광물제품,13588
2022,경상남도,인천광역시,제1차금속제품,18781
2022,경상남도,인천광역시,금속가공제품,90118
2022,경상남도,인천광역시,"기타기계,장비제조품",75730
2022,경상남도,인천광역시,"전자부품,컴퓨터,영상,음향,통신장비",804
2022,경상남도,인천광역시,전기장비제품,15339
2022,경상남도,인천광역시,"의료,정밀,광학기기,시계",4682
2022,경상남도,인천광역시,"자동차,트레일러",51698
2022,경상남도,인천광역시,기타운송장비,15039
2022,경상남도,인천광역시,가구제품,2513
2022,경상남도,인천광역시,기타제품,603
2022,경상남도,인천광역시,*) 재생제품,6809
2022,경상남도,인천광역시,*) 기타,130933
2022,경상남도,광주광역시,합계,540327
2022,경상남도,광주광역시,농산물,26171
2022,경상남도,광주광역시,임산물,3949
2022,경상남도,광주광역시,수산물,4604
2022,경상남도,광주광역시,축산물,3704
2022,경상남도,광주광역시,석탄광물,0
2022,경상남도,광주광역시,석회석광물,0
2022,경상남도,광주광역시,비금속광물,110033
2022,경상남도,광주광역시,음식료품,13651
2022,경상남도,광주광역시,담배제품,132
2022,경상남도,광주광역시,섬유제품,3760
2022,경상남도,광주광역시,의복,712
2022,경상남도,광주광역시,가죽,356
2022,경상남도,광주광역시,"목재,나무제품",4589
2022,경상남도,광주광역시,"펄프,종이",7475
2022,경상남도,광주광역시,"인쇄,기록매체",1229
2022,경상남도,광주광역시,"코크스,연탄,석유정제품",19977
2022,경상남도,광주광역시,"화합물,화학제품",8597
2022,경상남도,광주광역시,"고무,플라스틱제품",21528
2022,경상남도,광주광역시,비금속광물제품,29654
2022,경상남도,광주광역시,제1차금속제품,36433
2022,경상남도,광주광역시,금속가공제품,115069
2022,경상남도,광주광역시,"기타기계,장비제조품",47681
2022,경상남도,광주광역시,"전자부품,컴퓨터,영상,음향,통신장비",838
2022,경상남도,광주광역시,전기장비제품,19472
2022,경상남도,광주광역시,"의료,정밀,광학기기,시계",3910
2022,경상남도,광주광역시,"자동차,트레일러",17344
2022,경상남도,광주광역시,기타운송장비,1914
2022,경상남도,광주광역시,가구제품,4392
2022,경상남도,광주광역시,기타제품,1706
2022,경상남도,광주광역시,*) 재생제품,31447
2022,경상남도,광주광역시,*) 기타,0
2022,경상남도,대전광역시,합계,430383
2022,경상남도,대전광역시,농산물,30085
2022,경상남도,대전광역시,임산물,3482
2022,경상남도,대전광역시,수산물,7725
2022,경상남도,대전광역시,축산물,3166
2022,경상남도,대전광역시,석탄광물,0
2022,경상남도,대전광역시,석회석광물,0
2022,경상남도,대전광역시,비금속광물,133929
2022,경상남도,대전광역시,음식료품,11455
2022,경상남도,대전광역시,담배제품,807
2022,경상남도,대전광역시,섬유제품,2702
2022,경상남도,대전광역시,의복,529
2022,경상남도,대전광역시,가죽,259
2022,경상남도,대전광역시,"목재,나무제품",2316
2022,경상남도,대전광역시,"펄프,종이",8960
2022,경상남도,대전광역시,"인쇄,기록매체",1387
2022,경상남도,대전광역시,"코크스,연탄,석유정제품",13478
2022,경상남도,대전광역시,"화합물,화학제품",9328
2022,경상남도,대전광역시,"고무,플라스틱제품",28931
2022,경상남도,대전광역시,비금속광물제품,18695
2022,경상남도,대전광역시,제1차금속제품,13597
2022,경상남도,대전광역시,금속가공제품,49759
2022,경상남도,대전광역시,"기타기계,장비제조품",39123
2022,경상남도,대전광역시,"전자부품,컴퓨터,영상,음향,통신장비",1213
2022,경상남도,대전광역시,전기장비제품,7301
2022,경상남도,대전광역시,"의료,정밀,광학기기,시계",2112
2022,경상남도,대전광역시,"자동차,트레일러",9487
2022,경상남도,대전광역시,기타운송장비,6364
2022,경상남도,대전광역시,가구제품,1974
2022,경상남도,대전광역시,기타제품,311
2022,경상남도,대전광역시,*) 재생제품,21908
2022,경상남도,대전광역시,*) 기타,0
2022,경상남도,울산광역시,합계,6897234
2022,경상남도,울산광역시,농산물,42414
2022,경상남도,울산광역시,임산물,8450
2022,경상남도,울산광역시,수산물,6650
2022,경상남도,울산광역시,축산물,2633
2022,경상남도,울산광역시,석탄광물,0
2022,경상남도,울산광역시,석회석광물,0
2022,경상남도,울산광역시,비금속광물,837144
2022,경상남도,울산광역시,음식료품,35480
2022,경상남도,울산광역시,담배제품,536
2022,경상남도,울산광역시,섬유제품,6537
2022,경상남도,울산광역시,의복,1887
2022,경상남도,울산광역시,가죽,932
2022,경상남도,울산광역시,"목재,나무제품",31889
2022,경상남도,울산광역시,"펄프,종이",56398
2022,경상남도,울산광역시,"인쇄,기록매체",5749
2022,경상남도,울산광역시,"코크스,연탄,석유정제품",2693426
2022,경상남도,울산광역시,"화합물,화학제품",335616
2022,경상남도,울산광역시,"고무,플라스틱제품",139978
2022,경상남도,울산광역시,비금속광물제품,173803
2022,경상남도,울산광역시,제1차금속제품,446178
2022,경상남도,울산광역시,금속가공제품,938922
2022,경상남도,울산광역시,"기타기계,장비제조품",365585
2022,경상남도,울산광역시,"전자부품,컴퓨터,영상,음향,통신장비",4643
2022,경상남도,울산광역시,전기장비제품,121707
2022,경상남도,울산광역시,"의료,정밀,광학기기,시계",19720
2022,경상남도,울산광역시,"자동차,트레일러",209348
2022,경상남도,울산광역시,기타운송장비,216102
2022,경상남도,울산광역시,가구제품,22868
2022,경상남도,울산광역시,기타제품,9111
2022,경상남도,울산광역시,*) 재생제품,160958
2022,경상남도,울산광역시,*) 기타,2570
2022,경상남도,경기도,합계,3658709
2022,경상남도,경기도,농산물,248382
2022,경상남도,경기도,임산물,34198
2022,경상남도,경기도,수산물,75377
2022,경상남도,경기도,축산물,51165
2022,경상남도,경기도,석탄광물,0
2022,경상남도,경기도,석회석광물,0
2022,경상남도,경기도,비금속광물,1021139
2022,경상남도,경기도,음식료품,83051
2022,경상남도,경기도,담배제품,2500
2022,경상남도,경기도,섬유제품,26633
2022,경상남도,경기도,의복,3268
2022,경상남도,경기도,가죽,5480
2022,경상남도,경기도,"목재,나무제품",37183
2022,경상남도,경기도,"펄프,종이",17365
2022,경상남도,경기도,"인쇄,기록매체",6269
2022,경상남도,경기도,"코크스,연탄,석유정제품",125202
2022,경상남도,경기도,"화합물,화학제품",46168
2022,경상남도,경기도,"고무,플라스틱제품",177161
2022,경상남도,경기도,비금속광물제품,151655
2022,경상남도,경기도,제1차금속제품,132316
2022,경상남도,경기도,금속가공제품,471239
2022,경상남도,경기도,"기타기계,장비제조품",451696
2022,경상남도,경기도,"전자부품,컴퓨터,영상,음향,통신장비",18231
2022,경상남도,경기도,전기장비제품,93009
2022,경상남도,경기도,"의료,정밀,광학기기,시계",38069
2022,경상남도,경기도,"자동차,트레일러",193359
2022,경상남도,경기도,기타운송장비,46811
2022,경상남도,경기도,가구제품,16745
2022,경상남도,경기도,기타제품,3258
2022,경상남도,경기도,*) 재생제품,41220
2022,경상남도,경기도,*) 기타,40560
2022,경상남도,강원특별자치도,합계,1139054
2022,경상남도,강원특별자치도,농산물,53302
2022,경상남도,강원특별자치도,임산물,14985
2022,경상남도,강원특별자치도,수산물,41082
2022,경상남도,강원특별자치도,축산물,15552
2022,경상남도,강원특별자치도,석탄광물,0
2022,경상남도,강원특별자치도,석회석광물,0
2022,경상남도,강원특별자치도,비금속광물,782924
2022,경상남도,강원특별자치도,음식료품,17969
2022,경상남도,강원특별자치도,담배제품,344
2022,경상남도,강원특별자치도,섬유제품,2153
2022,경상남도,강원특별자치도,의복,347
2022,경상남도,강원특별자치도,가죽,215
2022,경상남도,강원특별자치도,"목재,나무제품",1887
2022,경상남도,강원특별자치도,"펄프,종이",2597
2022,경상남도,강원특별자치도,"인쇄,기록매체",437
2022,경상남도,강원특별자치도,"코크스,연탄,석유정제품",18502
2022,경상남도,강원특별자치도,"화합물,화학제품",4192
2022,경상남도,강원특별자치도,"고무,플라스틱제품",13509
2022,경상남도,강원특별자치도,비금속광물제품,28347
2022,경상남도,강원특별자치도,제1차금속제품,9979
2022,경상남도,강원특별자치도,금속가공제품,53498
2022,경상남도,강원특별자치도,"기타기계,장비제조품",15779
2022,경상남도,강원특별자치도,"전자부품,컴퓨터,영상,음향,통신장비",353
2022,경상남도,강원특별자치도,전기장비제품,5022
2022,경상남도,강원특별자치도,"의료,정밀,광학기기,시계",4448
2022,경상남도,강원특별자치도,"자동차,트레일러",17054
2022,경상남도,강원특별자치도,기타운송장비,21739
2022,경상남도,강원특별자치도,가구제품,1336
2022,경상남도,강원특별자치도,기타제품,408
2022,경상남도,강원특별자치도,*) 재생제품,11022
2022,경상남도,강원특별자치도,*) 기타,72
2022,경상남도,충청북도,합계,1574478
2022,경상남도,충청북도,농산물,97465
2022,경상남도,충청북도,임산물,14025
2022,경상남도,충청북도,수산물,12771
2022,경상남도,충청북도,축산물,59650
2022,경상남도,충청북도,석탄광물,0
2022,경상남도,충청북도,석회석광물,0
2022,경상남도,충청북도,비금속광물,806223
2022,경상남도,충청북도,음식료품,46564
2022,경상남도,충청북도,담배제품,266
2022,경상남도,충청북도,섬유제품,4076
2022,경상남도,충청북도,의복,726
2022,경상남도,충청북도,가죽,591
2022,경상남도,충청북도,"목재,나무제품",9640
2022,경상남도,충청북도,"펄프,종이",8615
2022,경상남도,충청북도,"인쇄,기록매체",1752
2022,경상남도,충청북도,"코크스,연탄,석유정제품",16157
2022,경상남도,충청북도,"화합물,화학제품",24191
2022,경상남도,충청북도,"고무,플라스틱제품",56302
2022,경상남도,충청북도,비금속광물제품,65336
2022,경상남도,충청북도,제1차금속제품,50924
2022,경상남도,충청북도,금속가공제품,132101
2022,경상남도,충청북도,"기타기계,장비제조품",66663
2022,경상남도,충청북도,"전자부품,컴퓨터,영상,음향,통신장비",5778
2022,경상남도,충청북도,전기장비제품,23729
2022,경상남도,충청북도,"의료,정밀,광학기기,시계",9269
2022,경상남도,충청북도,"자동차,트레일러",20015
2022,경상남도,충청북도,기타운송장비,10711
2022,경상남도,충청북도,가구제품,4679
2022,경상남도,충청북도,기타제품,1237
2022,경상남도,충청북도,*) 재생제품,25022
2022,경상남도,충청북도,*) 기타,0
2022,경상남도,충청남도,합계,1986208
2022,경상남도,충청남도,농산물,130347
2022,경상남도,충청남도,임산물,14245
2022,경상남도,충청남도,수산물,25182
2022,경상남도,충청남도,축산물,25490
2022,경상남도,충청남도,석탄광물,0
2022,경상남도,충청남도,석회석광물,0
2022,경상남도,충청남도,비금속광물,645359
2022,경상남도,충청남도,음식료품,44597
2022,경상남도,충청남도,담배제품,341
2022,경상남도,충청남도,섬유제품,5617
2022,경상남도,충청남도,의복,888
2022,경상남도,충청남도,가죽,483
2022,경상남도,충청남도,"목재,나무제품",11289
2022,경상남도,충청남도,"펄프,종이",10088
2022,경상남도,충청남도,"인쇄,기록매체",1446
2022,경상남도,충청남도,"코크스,연탄,석유정제품",166901
2022,경상남도,충청남도,"화합물,화학제품",54963
2022,경상남도,충청남도,"고무,플라스틱제품",82854
2022,경상남도,충청남도,비금속광물제품,123782
2022,경상남도,충청남도,제1차금속제품,121896
2022,경상남도,충청남도,금속가공제품,198255
2022,경상남도,충청남도,"기타기계,장비제조품",141193
2022,경상남도,충청남도,"전자부품,컴퓨터,영상,음향,통신장비",11750
2022,경상남도,충청남도,전기장비제품,38873
2022,경상남도,충청남도,"의료,정밀,광학기기,시계",10378
2022,경상남도,충청남도,"자동차,트레일러",64601
2022,경상남도,충청남도,기타운송장비,15408
2022,경상남도,충청남도,가구제품,8477
2022,경상남도,충청남도,기타제품,1616
2022,경상남도,충청남도,*) 재생제품,29889
2022,경상남도,충청남도,*) 기타,0
2022,경상남도,전북특별자치도,합계,1532595
2022,경상남도,전북특별자치도,농산물,127732
2022,경상남도,전북특별자치도,임산물,22033
2022,경상남도,전북특별자치도,수산물,16381
2022,경상남도,전북특별자치도,축산물,56530
2022,경상남도,전북특별자치도,석탄광물,0
2022,경상남도,전북특별자치도,석회석광물,0
2022,경상남도,전북특별자치도,비금속광물,698867
2022,경상남도,전북특별자치도,음식료품,52755
2022,경상남도,전북특별자치도,담배제품,335
2022,경상남도,전북특별자치도,섬유제품,5217
2022,경상남도,전북특별자치도,의복,848
2022,경상남도,전북특별자치도,가죽,370
2022,경상남도,전북특별자치도,"목재,나무제품",7923
2022,경상남도,전북특별자치도,"펄프,종이",14373
2022,경상남도,전북특별자치도,"인쇄,기록매체",1055
2022,경상남도,전북특별자치도,"코크스,연탄,석유정제품",38819
2022,경상남도,전북특별자치도,"화합물,화학제품",23981
2022,경상남도,전북특별자치도,"고무,플라스틱제품",29246
2022,경상남도,전북특별자치도,비금속광물제품,49104
2022,경상남도,전북특별자치도,제1차금속제품,56374
2022,경상남도,전북특별자치도,금속가공제품,108221
2022,경상남도,전북특별자치도,"기타기계,장비제조품",64271
2022,경상남도,전북특별자치도,"전자부품,컴퓨터,영상,음향,통신장비",957
2022,경상남도,전북특별자치도,전기장비제품,12148
2022,경상남도,전북특별자치도,"의료,정밀,광학기기,시계",3126
2022,경상남도,전북특별자치도,"자동차,트레일러",56145
2022,경상남도,전북특별자치도,기타운송장비,40386
2022,경상남도,전북특별자치도,가구제품,4640
2022,경상남도,전북특별자치도,기타제품,1103
2022,경상남도,전북특별자치도,*) 재생제품,39362
2022,경상남도,전북특별자치도,*) 기타,293
2022,경상남도,전라남도,합계,3915074
2022,경상남도,전라남도,농산물,174702
2022,경상남도,전라남도,임산물,27512
2022,경상남도,전라남도,수산물,52127
2022,경상남도,전라남도,축산물,18277
2022,경상남도,전라남도,석탄광물,0
2022,경상남도,전라남도,석회석광물,0
2022,경상남도,전라남도,비금속광물,1627057
2022,경상남도,전라남도,음식료품,61685
2022,경상남도,전라남도,담배제품,447
2022,경상남도,전라남도,섬유제품,5787
2022,경상남도,전라남도,의복,1069
2022,경상남도,전라남도,가죽,478
2022,경상남도,전라남도,"목재,나무제품",14613
2022,경상남도,전라남도,"펄프,종이",14689
2022,경상남도,전라남도,"인쇄,기록매체",2051
2022,경상남도,전라남도,"코크스,연탄,석유정제품",589038
2022,경상남도,전라남도,"화합물,화학제품",166845
2022,경상남도,전라남도,"고무,플라스틱제품",33229
2022,경상남도,전라남도,비금속광물제품,130486
2022,경상남도,전라남도,제1차금속제품,275328
2022,경상남도,전라남도,금속가공제품,215291
2022,경상남도,전라남도,"기타기계,장비제조품",148215
2022,경상남도,전라남도,"전자부품,컴퓨터,영상,음향,통신장비",1530
2022,경상남도,전라남도,전기장비제품,16394
2022,경상남도,전라남도,"의료,정밀,광학기기,시계",9504
2022,경상남도,전라남도,"자동차,트레일러",18066
2022,경상남도,전라남도,기타운송장비,139812
2022,경상남도,전라남도,가구제품,8180
2022,경상남도,전라남도,기타제품,3216
2022,경상남도,전라남도,*) 재생제품,98112
2022,경상남도,전라남도,*) 기타,61334
2022,경상남도,경상북도,합계,4518145
2022,경상남도,경상북도,농산물,181975
2022,경상남도,경상북도,임산물,47428
2022,경상남도,경상북도,수산물,37480
2022,경상남도,경상북도,축산물,66245
2022,경상남도,경상북도,석탄광물,0
2022,경상남도,경상북도,석회석광물,0
2022,경상남도,경상북도,비금속광물,1732673
2022,경상남도,경상북도,음식료품,67260
2022,경상남도,경상북도,담배제품,981
2022,경상남도,경상북도,섬유제품,14768
2022,경상남도,경상북도,의복,4311
2022,경상남도,경상북도,가죽,1139
2022,경상남도,경상북도,"목재,나무제품",31066
2022,경상남도,경상북도,"펄프,종이",45150
2022,경상남도,경상북도,"인쇄,기록매체",4349
2022,경상남도,경상북도,"코크스,연탄,석유정제품",108138
2022,경상남도,경상북도,"화합물,화학제품",94461
2022,경상남도,경상북도,"고무,플라스틱제품",199265
2022,경상남도,경상북도,비금속광물제품,371884
2022,경상남도,경상북도,제1차금속제품,373646
2022,경상남도,경상북도,금속가공제품,535653
2022,경상남도,경상북도,"기타기계,장비제조품",169950
2022,경상남도,경상북도,"전자부품,컴퓨터,영상,음향,통신장비",57084
2022,경상남도,경상북도,전기장비제품,71602
2022,경상남도,경상북도,"의료,정밀,광학기기,시계",28025
2022,경상남도,경상북도,"자동차,트레일러",74228
2022,경상남도,경상북도,기타운송장비,9260
2022,경상남도,경상북도,가구제품,18541
2022,경상남도,경상북도,기타제품,7751
2022,경상남도,경상북도,*) 재생제품,163832
2022,경상남도,경상북도,*) 기타,0
2022,경상남도,경상남도,합계,55968802
2022,경상남도,경상남도,농산물,423102
2022,경상남도,경상남도,임산물,71856
2022,경상남도,경상남도,수산물,224599
2022,경상남도,경상남도,축산물,49200
2022,경상남도,경상남도,석탄광물,18446052
2022,경상남도,경상남도,석회석광물,1845100
2022,경상남도,경상남도,비금속광물,5193452
2022,경상남도,경상남도,음식료품,483196
2022,경상남도,경상남도,담배제품,2770
2022,경상남도,경상남도,섬유제품,39622
2022,경상남도,경상남도,의복,10711
2022,경상남도,경상남도,가죽,4435
2022,경상남도,경상남도,"목재,나무제품",175925
2022,경상남도,경상남도,"펄프,종이",422332
2022,경상남도,경상남도,"인쇄,기록매체",17041
2022,경상남도,경상남도,"코크스,연탄,석유정제품",720290
2022,경상남도,경상남도,"화합물,화학제품",201528
2022,경상남도,경상남도,"고무,플라스틱제품",633012
2022,경상남도,경상남도,비금속광물제품,926553
2022,경상남도,경상남도,제1차금속제품,13580861
2022,경상남도,경상남도,금속가공제품,4189062
2022,경상남도,경상남도,"기타기계,장비제조품",3083955
2022,경상남도,경상남도,"전자부품,컴퓨터,영상,음향,통신장비",25022
2022,경상남도,경상남도,전기장비제품,553507
2022,경상남도,경상남도,"의료,정밀,광학기기,시계",77824
2022,경상남도,경상남도,"자동차,트레일러",1742850
2022,경상남도,경상남도,기타운송장비,1517144
2022,경상남도,경상남도,가구제품,73686
2022,경상남도,경상남도,기타제품,60425
2022,경상남도,경상남도,*) 재생제품,1048127
2022,경상남도,경상남도,*) 기타,125563
2022,경상남도,제주특별자치도,합계,0
2022,경상남도,제주특별자치도,농산물,0
2022,경상남도,제주특별자치도,임산물,0
2022,경상남도,제주특별자치도,수산물,0
2022,경상남도,제주특별자치도,축산물,0
2022,경상남도,제주특별자치도,석탄광물,0
2022,경상남도,제주특별자치도,석회석광물,0
2022,경상남도,제주특별자치도,비금속광물,0
2022,경상남도,제주특별자치도,음식료품,0
2022,경상남도,제주특별자치도,담배제품,0
2022,경상남도,제주특별자치도,섬유제품,0
2022,경상남도,제주특별자치도,의복,0
2022,경상남도,제주특별자치도,가죽,0
2022,경상남도,제주특별자치도,"목재,나무제품",0
2022,경상남도,제주특별자치도,"펄프,종이",0
2022,경상남도,제주특별자치도,"인쇄,기록매체",0
2022,경상남도,제주특별자치도,"코크스,연탄,석유정제품",0
2022,경상남도,제주특별자치도,"화합물,화학제품",0
2022,경상남도,제주특별자치도,"고무,플라스틱제품",0
2022,경상남도,제주특별자치도,비금속광물제품,0
2022,경상남도,제주특별자치도,제1차금속제품,0
2022,경상남도,제주특별자치도,금속가공제품,0
2022,경상남도,제주특별자치도,"기타기계,장비제조품",0
2022,경상남도,제주특별자치도,"전자부품,컴퓨터,영상,음향,통신장비",0
2022,경상남도,제주특별자치도,전기장비제품,0
2022,경상남도,제주특별자치도,"의료,정밀,광학기기,시계",0
2022,경상남도,제주특별자치도,"자동차,트레일러",0
2022,경상남도,제주특별자치도,기타운송장비,0
2022,경상남도,제주특별자치도,가구제품,0
2022,경상남도,제주특별자치도,기타제품,0
2022,경상남도,제주특별자치도,*) 재생제품,0
2022,경상남도,제주특별자치도,*) 기타,0
2022,경상남도,세종특별자치시,합계,190197
2022,경상남도,세종특별자치시,농산물,12088
2022,경상남도,세종특별자치시,임산물,2267
2022,경상남도,세종특별자치시,수산물,732
2022,경상남도,세종특별자치시,축산물,1953
2022,경상남도,세종특별자치시,석탄광물,0
2022,경상남도,세종특별자치시,석회석광물,0
2022,경상남도,세종특별자치시,비금속광물,123179
2022,경상남도,세종특별자치시,음식료품,2953
2022,경상남도,세종특별자치시,담배제품,27
2022,경상남도,세종특별자치시,섬유제품,363
2022,경상남도,세종특별자치시,의복,61
2022,경상남도,세종특별자치시,가죽,21
2022,경상남도,세종특별자치시,"목재,나무제품",655
2022,경상남도,세종특별자치시,"펄프,종이",1804
2022,경상남도,세종특별자치시,"인쇄,기록매체",309
2022,경상남도,세종특별자치시,"코크스,연탄,석유정제품",1917
2022,경상남도,세종특별자치시,"화합물,화학제품",2698
2022,경상남도,세종특별자치시,"고무,플라스틱제품",6190
2022,경상남도,세종특별자치시,비금속광물제품,10597
2022,경상남도,세종특별자치시,제1차금속제품,2712
2022,경상남도,세종특별자치시,금속가공제품,7109
2022,경상남도,세종특별자치시,"기타기계,장비제조품",3282
2022,경상남도,세종특별자치시,"전자부품,컴퓨터,영상,음향,통신장비",244
2022,경상남도,세종특별자치시,전기장비제품,1872
2022,경상남도,세종특별자치시,"의료,정밀,광학기기,시계",1549
2022,경상남도,세종특별자치시,"자동차,트레일러",1808
2022,경상남도,세종특별자치시,기타운송장비,226
2022,경상남도,세종특별자치시,가구제품,586
2022,경상남도,세종특별자치시,기타제품,116
2022,경상남도,세종특별자치시,*) 재생제품,2879
2022,경상남도,세종특별자치시,*) 기타,0
2022,제주특별자치도,서울특별시,합계,0
2022,제주특별자치도,서울특별시,농산물,0
2022,제주특별자치도,서울특별시,임산물,0
2022,제주특별자치도,서울특별시,수산물,0
2022,제주특별자치도,서울특별시,축산물,0
2022,제주특별자치도,서울특별시,석탄광물,0
2022,제주특별자치도,서울특별시,석회석광물,0
2022,제주특별자치도,서울특별시,비금속광물,0
2022,제주특별자치도,서울특별시,음식료품,0
2022,제주특별자치도,서울특별시,담배제품,0
2022,제주특별자치도,서울특별시,섬유제품,0
2022,제주특별자치도,서울특별시,의복,0
2022,제주특별자치도,서울특별시,가죽,0
2022,제주특별자치도,서울특별시,"목재,나무제품",0
2022,제주특별자치도,서울특별시,"펄프,종이",0
2022,제주특별자치도,서울특별시,"인쇄,기록매체",0
2022,제주특별자치도,서울특별시,"코크스,연탄,석유정제품",0
2022,제주특별자치도,서울특별시,"화합물,화학제품",0
2022,제주특별자치도,서울특별시,"고무,플라스틱제품",0
2022,제주특별자치도,서울특별시,비금속광물제품,0
2022,제주특별자치도,서울특별시,제1차금속제품,0
2022,제주특별자치도,서울특별시,금속가공제품,0
2022,제주특별자치도,서울특별시,"기타기계,장비제조품",0
2022,제주특별자치도,서울특별시,"전자부품,컴퓨터,영상,음향,통신장비",0
2022,제주특별자치도,서울특별시,전기장비제품,0
2022,제주특별자치도,서울특별시,"의료,정밀,광학기기,시계",0
2022,제주특별자치도,서울특별시,"자동차,트레일러",0
2022,제주특별자치도,서울특별시,기타운송장비,0
2022,제주특별자치도,서울특별시,가구제품,0
2022,제주특별자치도,서울특별시,기타제품,0
2022,제주특별자치도,서울특별시,*) 재생제품,0
2022,제주특별자치도,서울특별시,*) 기타,0
2022,제주특별자치도,부산광역시,합계,0
2022,제주특별자치도,부산광역시,농산물,0
2022,제주특별자치도,부산광역시,임산물,0
2022,제주특별자치도,부산광역시,수산물,0
2022,제주특별자치도,부산광역시,축산물,0
2022,제주특별자치도,부산광역시,석탄광물,0
2022,제주특별자치도,부산광역시,석회석광물,0
2022,제주특별자치도,부산광역시,비금속광물,0
2022,제주특별자치도,부산광역시,음식료품,0
2022,제주특별자치도,부산광역시,담배제품,0
2022,제주특별자치도,부산광역시,섬유제품,0
2022,제주특별자치도,부산광역시,의복,0
2022,제주특별자치도,부산광역시,가죽,0
2022,제주특별자치도,부산광역시,"목재,나무제품",0
2022,제주특별자치도,부산광역시,"펄프,종이",0
2022,제주특별자치도,부산광역시,"인쇄,기록매체",0
2022,제주특별자치도,부산광역시,"코크스,연탄,석유정제품",0
2022,제주특별자치도,부산광역시,"화합물,화학제품",0
2022,제주특별자치도,부산광역시,"고무,플라스틱제품",0
2022,제주특별자치도,부산광역시,비금속광물제품,0
2022,제주특별자치도,부산광역시,제1차금속제품,0
2022,제주특별자치도,부산광역시,금속가공제품,0
2022,제주특별자치도,부산광역시,"기타기계,장비제조품",0
2022,제주특별자치도,부산광역시,"전자부품,컴퓨터,영상,음향,통신장비",0
2022,제주특별자치도,부산광역시,전기장비제품,0
2022,제주특별자치도,부산광역시,"의료,정밀,광학기기,시계",0
2022,제주특별자치도,부산광역시,"자동차,트레일러",0
2022,제주특별자치도,부산광역시,기타운송장비,0
2022,제주특별자치도,부산광역시,가구제품,0
2022,제주특별자치도,부산광역시,기타제품,0
2022,제주특별자치도,부산광역시,*) 재생제품,0
2022,제주특별자치도,부산광역시,*) 기타,0
2022,제주특별자치도,대구광역시,합계,0
2022,제주특별자치도,대구광역시,농산물,0
2022,제주특별자치도,대구광역시,임산물,0
2022,제주특별자치도,대구광역시,수산물,0
2022,제주특별자치도,대구광역시,축산물,0
2022,제주특별자치도,대구광역시,석탄광물,0
2022,제주특별자치도,대구광역시,석회석광물,0
2022,제주특별자치도,대구광역시,비금속광물,0
2022,제주특별자치도,대구광역시,음식료품,0
2022,제주특별자치도,대구광역시,담배제품,0
2022,제주특별자치도,대구광역시,섬유제품,0
2022,제주특별자치도,대구광역시,의복,0
2022,제주특별자치도,대구광역시,가죽,0
2022,제주특별자치도,대구광역시,"목재,나무제품",0
2022,제주특별자치도,대구광역시,"펄프,종이",0
2022,제주특별자치도,대구광역시,"인쇄,기록매체",0
2022,제주특별자치도,대구광역시,"코크스,연탄,석유정제품",0
2022,제주특별자치도,대구광역시,"화합물,화학제품",0
2022,제주특별자치도,대구광역시,"고무,플라스틱제품",0
2022,제주특별자치도,대구광역시,비금속광물제품,0
2022,제주특별자치도,대구광역시,제1차금속제품,0
2022,제주특별자치도,대구광역시,금속가공제품,0
2022,제주특별자치도,대구광역시,"기타기계,장비제조품",0
2022,제주특별자치도,대구광역시,"전자부품,컴퓨터,영상,음향,통신장비",0
2022,제주특별자치도,대구광역시,전기장비제품,0
2022,제주특별자치도,대구광역시,"의료,정밀,광학기기,시계",0
2022,제주특별자치도,대구광역시,"자동차,트레일러",0
2022,제주특별자치도,대구광역시,기타운송장비,0
2022,제주특별자치도,대구광역시,가구제품,0
2022,제주특별자치도,대구광역시,기타제품,0
2022,제주특별자치도,대구광역시,*) 재생제품,0
2022,제주특별자치도,대구광역시,*) 기타,0
2022,제주특별자치도,인천광역시,합계,0
2022,제주특별자치도,인천광역시,농산물,0
2022,제주특별자치도,인천광역시,임산물,0
2022,제주특별자치도,인천광역시,수산물,0
2022,제주특별자치도,인천광역시,축산물,0
2022,제주특별자치도,인천광역시,석탄광물,0
2022,제주특별자치도,인천광역시,석회석광물,0
2022,제주특별자치도,인천광역시,비금속광물,0
2022,제주특별자치도,인천광역시,음식료품,0
2022,제주특별자치도,인천광역시,담배제품,0
2022,제주특별자치도,인천광역시,섬유제품,0
2022,제주특별자치도,인천광역시,의복,0
2022,제주특별자치도,인천광역시,가죽,0
2022,제주특별자치도,인천광역시,"목재,나무제품",0
2022,제주특별자치도,인천광역시,"펄프,종이",0
2022,제주특별자치도,인천광역시,"인쇄,기록매체",0
2022,제주특별자치도,인천광역시,"코크스,연탄,석유정제품",0
2022,제주특별자치도,인천광역시,"화합물,화학제품",0
2022,제주특별자치도,인천광역시,"고무,플라스틱제품",0
2022,제주특별자치도,인천광역시,비금속광물제품,0
2022,제주특별자치도,인천광역시,제1차금속제품,0
2022,제주특별자치도,인천광역시,금속가공제품,0
2022,제주특별자치도,인천광역시,"기타기계,장비제조품",0
2022,제주특별자치도,인천광역시,"전자부품,컴퓨터,영상,음향,통신장비",0
2022,제주특별자치도,인천광역시,전기장비제품,0
2022,제주특별자치도,인천광역시,"의료,정밀,광학기기,시계",0
2022,제주특별자치도,인천광역시,"자동차,트레일러",0
2022,제주특별자치도,인천광역시,기타운송장비,0
2022,제주특별자치도,인천광역시,가구제품,0
2022,제주특별자치도,인천광역시,기타제품,0
2022,제주특별자치도,인천광역시,*) 재생제품,0
2022,제주특별자치도,인천광역시,*) 기타,0
2022,제주특별자치도,광주광역시,합계,0
2022,제주특별자치도,광주광역시,농산물,0
2022,제주특별자치도,광주광역시,임산물,0
2022,제주특별자치도,광주광역시,수산물,0
2022,제주특별자치도,광주광역시,축산물,0
2022,제주특별자치도,광주광역시,석탄광물,0
2022,제주특별자치도,광주광역시,석회석광물,0
2022,제주특별자치도,광주광역시,비금속광물,0
2022,제주특별자치도,광주광역시,음식료품,0
2022,제주특별자치도,광주광역시,담배제품,0
2022,제주특별자치도,광주광역시,섬유제품,0
2022,제주특별자치도,광주광역시,의복,0
2022,제주특별자치도,광주광역시,가죽,0
2022,제주특별자치도,광주광역시,"목재,나무제품",0
2022,제주특별자치도,광주광역시,"펄프,종이",0
2022,제주특별자치도,광주광역시,"인쇄,기록매체",0
2022,제주특별자치도,광주광역시,"코크스,연탄,석유정제품",0
2022,제주특별자치도,광주광역시,"화합물,화학제품",0
2022,제주특별자치도,광주광역시,"고무,플라스틱제품",0
2022,제주특별자치도,광주광역시,비금속광물제품,0
2022,제주특별자치도,광주광역시,제1차금속제품,0
2022,제주특별자치도,광주광역시,금속가공제품,0
2022,제주특별자치도,광주광역시,"기타기계,장비제조품",0
2022,제주특별자치도,광주광역시,"전자부품,컴퓨터,영상,음향,통신장비",0
2022,제주특별자치도,광주광역시,전기장비제품,0
2022,제주특별자치도,광주광역시,"의료,정밀,광학기기,시계",0
2022,제주특별자치도,광주광역시,"자동차,트레일러",0
2022,제주특별자치도,광주광역시,기타운송장비,0
2022,제주특별자치도,광주광역시,가구제품,0
2022,제주특별자치도,광주광역시,기타제품,0
2022,제주특별자치도,광주광역시,*) 재생제품,0
2022,제주특별자치도,광주광역시,*) 기타,0
2022,제주특별자치도,대전광역시,합계,0
2022,제주특별자치도,대전광역시,농산물,0
2022,제주특별자치도,대전광역시,임산물,0
2022,제주특별자치도,대전광역시,수산물,0
2022,제주특별자치도,대전광역시,축산물,0
2022,제주특별자치도,대전광역시,석탄광물,0
2022,제주특별자치도,대전광역시,석회석광물,0
2022,제주특별자치도,대전광역시,비금속광물,0
2022,제주특별자치도,대전광역시,음식료품,0
2022,제주특별자치도,대전광역시,담배제품,0
2022,제주특별자치도,대전광역시,섬유제품,0
2022,제주특별자치도,대전광역시,의복,0
2022,제주특별자치도,대전광역시,가죽,0
2022,제주특별자치도,대전광역시,"목재,나무제품",0
2022,제주특별자치도,대전광역시,"펄프,종이",0
2022,제주특별자치도,대전광역시,"인쇄,기록매체",0
2022,제주특별자치도,대전광역시,"코크스,연탄,석유정제품",0
2022,제주특별자치도,대전광역시,"화합물,화학제품",0
2022,제주특별자치도,대전광역시,"고무,플라스틱제품",0
2022,제주특별자치도,대전광역시,비금속광물제품,0
2022,제주특별자치도,대전광역시,제1차금속제품,0
2022,제주특별자치도,대전광역시,금속가공제품,0
2022,제주특별자치도,대전광역시,"기타기계,장비제조품",0
2022,제주특별자치도,대전광역시,"전자부품,컴퓨터,영상,음향,통신장비",0
2022,제주특별자치도,대전광역시,전기장비제품,0
2022,제주특별자치도,대전광역시,"의료,정밀,광학기기,시계",0
2022,제주특별자치도,대전광역시,"자동차,트레일러",0
2022,제주특별자치도,대전광역시,기타운송장비,0
2022,제주특별자치도,대전광역시,가구제품,0
2022,제주특별자치도,대전광역시,기타제품,0
2022,제주특별자치도,대전광역시,*) 재생제품,0
2022,제주특별자치도,대전광역시,*) 기타,0
2022,제주특별자치도,울산광역시,합계,0
2022,제주특별자치도,울산광역시,농산물,0
2022,제주특별자치도,울산광역시,임산물,0
2022,제주특별자치도,울산광역시,수산물,0
2022,제주특별자치도,울산광역시,축산물,0
2022,제주특별자치도,울산광역시,석탄광물,0
2022,제주특별자치도,울산광역시,석회석광물,0
2022,제주특별자치도,울산광역시,비금속광물,0
2022,제주특별자치도,울산광역시,음식료품,0
2022,제주특별자치도,울산광역시,담배제품,0
2022,제주특별자치도,울산광역시,섬유제품,0
2022,제주특별자치도,울산광역시,의복,0
2022,제주특별자치도,울산광역시,가죽,0
2022,제주특별자치도,울산광역시,"목재,나무제품",0
2022,제주특별자치도,울산광역시,"펄프,종이",0
2022,제주특별자치도,울산광역시,"인쇄,기록매체",0
2022,제주특별자치도,울산광역시,"코크스,연탄,석유정제품",0
2022,제주특별자치도,울산광역시,"화합물,화학제품",0
2022,제주특별자치도,울산광역시,"고무,플라스틱제품",0
2022,제주특별자치도,울산광역시,비금속광물제품,0
2022,제주특별자치도,울산광역시,제1차금속제품,0
2022,제주특별자치도,울산광역시,금속가공제품,0
2022,제주특별자치도,울산광역시,"기타기계,장비제조품",0
2022,제주특별자치도,울산광역시,"전자부품,컴퓨터,영상,음향,통신장비",0
2022,제주특별자치도,울산광역시,전기장비제품,0
2022,제주특별자치도,울산광역시,"의료,정밀,광학기기,시계",0
2022,제주특별자치도,울산광역시,"자동차,트레일러",0
2022,제주특별자치도,울산광역시,기타운송장비,0
2022,제주특별자치도,울산광역시,가구제품,0
2022,제주특별자치도,울산광역시,기타제품,0
2022,제주특별자치도,울산광역시,*) 재생제품,0
2022,제주특별자치도,울산광역시,*) 기타,0
2022,제주특별자치도,경기도,합계,0
2022,제주특별자치도,경기도,농산물,0
2022,제주특별자치도,경기도,임산물,0
2022,제주특별자치도,경기도,수산물,0
2022,제주특별자치도,경기도,축산물,0
2022,제주특별자치도,경기도,석탄광물,0
2022,제주특별자치도,경기도,석회석광물,0
2022,제주특별자치도,경기도,비금속광물,0
2022,제주특별자치도,경기도,음식료품,0
2022,제주특별자치도,경기도,담배제품,0
2022,제주특별자치도,경기도,섬유제품,0
2022,제주특별자치도,경기도,의복,0
2022,제주특별자치도,경기도,가죽,0
2022,제주특별자치도,경기도,"목재,나무제품",0
2022,제주특별자치도,경기도,"펄프,종이",0
2022,제주특별자치도,경기도,"인쇄,기록매체",0
2022,제주특별자치도,경기도,"코크스,연탄,석유정제품",0
2022,제주특별자치도,경기도,"화합물,화학제품",0
2022,제주특별자치도,경기도,"고무,플라스틱제품",0
2022,제주특별자치도,경기도,비금속광물제품,0
2022,제주특별자치도,경기도,제1차금속제품,0
2022,제주특별자치도,경기도,금속가공제품,0
2022,제주특별자치도,경기도,"기타기계,장비제조품",0
2022,제주특별자치도,경기도,"전자부품,컴퓨터,영상,음향,통신장비",0
2022,제주특별자치도,경기도,전기장비제품,0
2022,제주특별자치도,경기도,"의료,정밀,광학기기,시계",0
2022,제주특별자치도,경기도,"자동차,트레일러",0
2022,제주특별자치도,경기도,기타운송장비,0
2022,제주특별자치도,경기도,가구제품,0
2022,제주특별자치도,경기도,기타제품,0
2022,제주특별자치도,경기도,*) 재생제품,0
2022,제주특별자치도,경기도,*) 기타,0
2022,제주특별자치도,강원특별자치도,합계,0
2022,제주특별자치도,강원특별자치도,농산물,0
2022,제주특별자치도,강원특별자치도,임산물,0
2022,제주특별자치도,강원특별자치도,수산물,0
2022,제주특별자치도,강원특별자치도,축산물,0
2022,제주특별자치도,강원특별자치도,석탄광물,0
2022,제주특별자치도,강원특별자치도,석회석광물,0
2022,제주특별자치도,강원특별자치도,비금속광물,0
2022,제주특별자치도,강원특별자치도,음식료품,0
2022,제주특별자치도,강원특별자치도,담배제품,0
2022,제주특별자치도,강원특별자치도,섬유제품,0
2022,제주특별자치도,강원특별자치도,의복,0
2022,제주특별자치도,강원특별자치도,가죽,0
2022,제주특별자치도,강원특별자치도,"목재,나무제품",0
2022,제주특별자치도,강원특별자치도,"펄프,종이",0
2022,제주특별자치도,강원특별자치도,"인쇄,기록매체",0
2022,제주특별자치도,강원특별자치도,"코크스,연탄,석유정제품",0
2022,제주특별자치도,강원특별자치도,"화합물,화학제품",0
2022,제주특별자치도,강원특별자치도,"고무,플라스틱제품",0
2022,제주특별자치도,강원특별자치도,비금속광물제품,0
2022,제주특별자치도,강원특별자치도,제1차금속제품,0
2022,제주특별자치도,강원특별자치도,금속가공제품,0
2022,제주특별자치도,강원특별자치도,"기타기계,장비제조품",0
2022,제주특별자치도,강원특별자치도,"전자부품,컴퓨터,영상,음향,통신장비",0
2022,제주특별자치도,강원특별자치도,전기장비제품,0
2022,제주특별자치도,강원특별자치도,"의료,정밀,광학기기,시계",0
2022,제주특별자치도,강원특별자치도,"자동차,트레일러",0
2022,제주특별자치도,강원특별자치도,기타운송장비,0
2022,제주특별자치도,강원특별자치도,가구제품,0
2022,제주특별자치도,강원특별자치도,기타제품,0
2022,제주특별자치도,강원특별자치도,*) 재생제품,0
2022,제주특별자치도,강원특별자치도,*) 기타,0
2022,제주특별자치도,충청북도,합계,0
2022,제주특별자치도,충청북도,농산물,0
2022,제주특별자치도,충청북도,임산물,0
2022,제주특별자치도,충청북도,수산물,0
2022,제주특별자치도,충청북도,축산물,0
2022,제주특별자치도,충청북도,석탄광물,0
2022,제주특별자치도,충청북도,석회석광물,0
2022,제주특별자치도,충청북도,비금속광물,0
2022,제주특별자치도,충청북도,음식료품,0
2022,제주특별자치도,충청북도,담배제품,0
2022,제주특별자치도,충청북도,섬유제품,0
2022,제주특별자치도,충청북도,의복,0
2022,제주특별자치도,충청북도,가죽,0
2022,제주특별자치도,충청북도,"목재,나무제품",0
2022,제주특별자치도,충청북도,"펄프,종이",0
2022,제주특별자치도,충청북도,"인쇄,기록매체",0
2022,제주특별자치도,충청북도,"코크스,연탄,석유정제품",0
2022,제주특별자치도,충청북도,"화합물,화학제품",0
2022,제주특별자치도,충청북도,"고무,플라스틱제품",0
2022,제주특별자치도,충청북도,비금속광물제품,0
2022,제주특별자치도,충청북도,제1차금속제품,0
2022,제주특별자치도,충청북도,금속가공제품,0
2022,제주특별자치도,충청북도,"기타기계,장비제조품",0
2022,제주특별자치도,충청북도,"전자부품,컴퓨터,영상,음향,통신장비",0
2022,제주특별자치도,충청북도,전기장비제품,0
2022,제주특별자치도,충청북도,"의료,정밀,광학기기,시계",0
2022,제주특별자치도,충청북도,"자동차,트레일러",0
2022,제주특별자치도,충청북도,기타운송장비,0
2022,제주특별자치도,충청북도,가구제품,0
2022,제주특별자치도,충청북도,기타제품,0
2022,제주특별자치도,충청북도,*) 재생제품,0
2022,제주특별자치도,충청북도,*) 기타,0
2022,제주특별자치도,충청남도,합계,0
2022,제주특별자치도,충청남도,농산물,0
2022,제주특별자치도,충청남도,임산물,0
2022,제주특별자치도,충청남도,수산물,0
2022,제주특별자치도,충청남도,축산물,0
2022,제주특별자치도,충청남도,석탄광물,0
2022,제주특별자치도,충청남도,석회석광물,0
2022,제주특별자치도,충청남도,비금속광물,0
2022,제주특별자치도,충청남도,음식료품,0
2022,제주특별자치도,충청남도,담배제품,0
2022,제주특별자치도,충청남도,섬유제품,0
2022,제주특별자치도,충청남도,의복,0
2022,제주특별자치도,충청남도,가죽,0
2022,제주특별자치도,충청남도,"목재,나무제품",0
2022,제주특별자치도,충청남도,"펄프,종이",0
2022,제주특별자치도,충청남도,"인쇄,기록매체",0
2022,제주특별자치도,충청남도,"코크스,연탄,석유정제품",0
2022,제주특별자치도,충청남도,"화합물,화학제품",0
2022,제주특별자치도,충청남도,"고무,플라스틱제품",0
2022,제주특별자치도,충청남도,비금속광물제품,0
2022,제주특별자치도,충청남도,제1차금속제품,0
2022,제주특별자치도,충청남도,금속가공제품,0
2022,제주특별자치도,충청남도,"기타기계,장비제조품",0
2022,제주특별자치도,충청남도,"전자부품,컴퓨터,영상,음향,통신장비",0
2022,제주특별자치도,충청남도,전기장비제품,0
2022,제주특별자치도,충청남도,"의료,정밀,광학기기,시계",0
2022,제주특별자치도,충청남도,"자동차,트레일러",0
2022,제주특별자치도,충청남도,기타운송장비,0
2022,제주특별자치도,충청남도,가구제품,0
2022,제주특별자치도,충청남도,기타제품,0
2022,제주특별자치도,충청남도,*) 재생제품,0
2022,제주특별자치도,충청남도,*) 기타,0
2022,제주특별자치도,전북특별자치도,합계,0
2022,제주특별자치도,전북특별자치도,농산물,0
2022,제주특별자치도,전북특별자치도,임산물,0
2022,제주특별자치도,전북특별자치도,수산물,0
2022,제주특별자치도,전북특별자치도,축산물,0
2022,제주특별자치도,전북특별자치도,석탄광물,0
2022,제주특별자치도,전북특별자치도,석회석광물,0
2022,제주특별자치도,전북특별자치도,비금속광물,0
2022,제주특별자치도,전북특별자치도,음식료품,0
2022,제주특별자치도,전북특별자치도,담배제품,0
2022,제주특별자치도,전북특별자치도,섬유제품,0
2022,제주특별자치도,전북특별자치도,의복,0
2022,제주특별자치도,전북특별자치도,가죽,0
2022,제주특별자치도,전북특별자치도,"목재,나무제품",0
2022,제주특별자치도,전북특별자치도,"펄프,종이",0
2022,제주특별자치도,전북특별자치도,"인쇄,기록매체",0
2022,제주특별자치도,전북특별자치도,"코크스,연탄,석유정제품",0
2022,제주특별자치도,전북특별자치도,"화합물,화학제품",0
2022,제주특별자치도,전북특별자치도,"고무,플라스틱제품",0
2022,제주특별자치도,전북특별자치도,비금속광물제품,0
2022,제주특별자치도,전북특별자치도,제1차금속제품,0
2022,제주특별자치도,전북특별자치도,금속가공제품,0
2022,제주특별자치도,전북특별자치도,"기타기계,장비제조품",0
2022,제주특별자치도,전북특별자치도,"전자부품,컴퓨터,영상,음향,통신장비",0
2022,제주특별자치도,전북특별자치도,전기장비제품,0
2022,제주특별자치도,전북특별자치도,"의료,정밀,광학기기,시계",0
2022,제주특별자치도,전북특별자치도,"자동차,트레일러",0
2022,제주특별자치도,전북특별자치도,기타운송장비,0
2022,제주특별자치도,전북특별자치도,가구제품,0
2022,제주특별자치도,전북특별자치도,기타제품,0
2022,제주특별자치도,전북특별자치도,*) 재생제품,0
2022,제주특별자치도,전북특별자치도,*) 기타,0
2022,제주특별자치도,전라남도,합계,0
2022,제주특별자치도,전라남도,농산물,0
2022,제주특별자치도,전라남도,임산물,0
2022,제주특별자치도,전라남도,수산물,0
2022,제주특별자치도,전라남도,축산물,0
2022,제주특별자치도,전라남도,석탄광물,0
2022,제주특별자치도,전라남도,석회석광물,0
2022,제주특별자치도,전라남도,비금속광물,0
2022,제주특별자치도,전라남도,음식료품,0
2022,제주특별자치도,전라남도,담배제품,0
2022,제주특별자치도,전라남도,섬유제품,0
2022,제주특별자치도,전라남도,의복,0
2022,제주특별자치도,전라남도,가죽,0
2022,제주특별자치도,전라남도,"목재,나무제품",0
2022,제주특별자치도,전라남도,"펄프,종이",0
2022,제주특별자치도,전라남도,"인쇄,기록매체",0
2022,제주특별자치도,전라남도,"코크스,연탄,석유정제품",0
2022,제주특별자치도,전라남도,"화합물,화학제품",0
2022,제주특별자치도,전라남도,"고무,플라스틱제품",0
2022,제주특별자치도,전라남도,비금속광물제품,0
2022,제주특별자치도,전라남도,제1차금속제품,0
2022,제주특별자치도,전라남도,금속가공제품,0
2022,제주특별자치도,전라남도,"기타기계,장비제조품",0
2022,제주특별자치도,전라남도,"전자부품,컴퓨터,영상,음향,통신장비",0
2022,제주특별자치도,전라남도,전기장비제품,0
2022,제주특별자치도,전라남도,"의료,정밀,광학기기,시계",0
2022,제주특별자치도,전라남도,"자동차,트레일러",0
2022,제주특별자치도,전라남도,기타운송장비,0
2022,제주특별자치도,전라남도,가구제품,0
2022,제주특별자치도,전라남도,기타제품,0
2022,제주특별자치도,전라남도,*) 재생제품,0
2022,제주특별자치도,전라남도,*) 기타,0
2022,제주특별자치도,경상북도,합계,0
2022,제주특별자치도,경상북도,농산물,0
2022,제주특별자치도,경상북도,임산물,0
2022,제주특별자치도,경상북도,수산물,0
2022,제주특별자치도,경상북도,축산물,0
2022,제주특별자치도,경상북도,석탄광물,0
2022,제주특별자치도,경상북도,석회석광물,0
2022,제주특별자치도,경상북도,비금속광물,0
2022,제주특별자치도,경상북도,음식료품,0
2022,제주특별자치도,경상북도,담배제품,0
2022,제주특별자치도,경상북도,섬유제품,0
2022,제주특별자치도,경상북도,의복,0
2022,제주특별자치도,경상북도,가죽,0
2022,제주특별자치도,경상북도,"목재,나무제품",0
2022,제주특별자치도,경상북도,"펄프,종이",0
2022,제주특별자치도,경상북도,"인쇄,기록매체",0
2022,제주특별자치도,경상북도,"코크스,연탄,석유정제품",0
2022,제주특별자치도,경상북도,"화합물,화학제품",0
2022,제주특별자치도,경상북도,"고무,플라스틱제품",0
2022,제주특별자치도,경상북도,비금속광물제품,0
2022,제주특별자치도,경상북도,제1차금속제품,0
2022,제주특별자치도,경상북도,금속가공제품,0
2022,제주특별자치도,경상북도,"기타기계,장비제조품",0
2022,제주특별자치도,경상북도,"전자부품,컴퓨터,영상,음향,통신장비",0
2022,제주특별자치도,경상북도,전기장비제품,0
2022,제주특별자치도,경상북도,"의료,정밀,광학기기,시계",0
2022,제주특별자치도,경상북도,"자동차,트레일러",0
2022,제주특별자치도,경상북도,기타운송장비,0
2022,제주특별자치도,경상북도,가구제품,0
2022,제주특별자치도,경상북도,기타제품,0
2022,제주특별자치도,경상북도,*) 재생제품,0
2022,제주특별자치도,경상북도,*) 기타,0
2022,제주특별자치도,경상남도,합계,0
2022,제주특별자치도,경상남도,농산물,0
2022,제주특별자치도,경상남도,임산물,0
2022,제주특별자치도,경상남도,수산물,0
2022,제주특별자치도,경상남도,축산물,0
2022,제주특별자치도,경상남도,석탄광물,0
2022,제주특별자치도,경상남도,석회석광물,0
2022,제주특별자치도,경상남도,비금속광물,0
2022,제주특별자치도,경상남도,음식료품,0
2022,제주특별자치도,경상남도,담배제품,0
2022,제주특별자치도,경상남도,섬유제품,0
2022,제주특별자치도,경상남도,의복,0
2022,제주특별자치도,경상남도,가죽,0
2022,제주특별자치도,경상남도,"목재,나무제품",0
2022,제주특별자치도,경상남도,"펄프,종이",0
2022,제주특별자치도,경상남도,"인쇄,기록매체",0
2022,제주특별자치도,경상남도,"코크스,연탄,석유정제품",0
2022,제주특별자치도,경상남도,"화합물,화학제품",0
2022,제주특별자치도,경상남도,"고무,플라스틱제품",0
2022,제주특별자치도,경상남도,비금속광물제품,0
2022,제주특별자치도,경상남도,제1차금속제품,0
2022,제주특별자치도,경상남도,금속가공제품,0
2022,제주특별자치도,경상남도,"기타기계,장비제조품",0
2022,제주특별자치도,경상남도,"전자부품,컴퓨터,영상,음향,통신장비",0
2022,제주특별자치도,경상남도,전기장비제품,0
2022,제주특별자치도,경상남도,"의료,정밀,광학기기,시계",0
2022,제주특별자치도,경상남도,"자동차,트레일러",0
2022,제주특별자치도,경상남도,기타운송장비,0
2022,제주특별자치도,경상남도,가구제품,0
2022,제주특별자치도,경상남도,기타제품,0
2022,제주특별자치도,경상남도,*) 재생제품,0
2022,제주특별자치도,경상남도,*) 기타,0
2022,제주특별자치도,제주특별자치도,합계,7579159
2022,제주특별자치도,제주특별자치도,농산물,798403
2022,제주특별자치도,제주특별자치도,임산물,61657
2022,제주특별자치도,제주특별자치도,수산물,84036
2022,제주특별자치도,제주특별자치도,축산물,82780
2022,제주특별자치도,제주특별자치도,석탄광물,0
2022,제주특별자치도,제주특별자치도,석회석광물,0
2022,제주특별자치도,제주특별자치도,비금속광물,2303928
2022,제주특별자치도,제주특별자치도,음식료품,489802
2022,제주특별자치도,제주특별자치도,담배제품,0
2022,제주특별자치도,제주특별자치도,섬유제품,0
2022,제주특별자치도,제주특별자치도,의복,0
2022,제주특별자치도,제주특별자치도,가죽,0
2022,제주특별자치도,제주특별자치도,"목재,나무제품",75671
2022,제주특별자치도,제주특별자치도,"펄프,종이",140597
2022,제주특별자치도,제주특별자치도,"인쇄,기록매체",5887
2022,제주특별자치도,제주특별자치도,"코크스,연탄,석유정제품",94910
2022,제주특별자치도,제주특별자치도,"화합물,화학제품",197682
2022,제주특별자치도,제주특별자치도,"고무,플라스틱제품",70445
2022,제주특별자치도,제주특별자치도,비금속광물제품,1010801
2022,제주특별자치도,제주특별자치도,제1차금속제품,195966
2022,제주특별자치도,제주특별자치도,금속가공제품,106834
2022,제주특별자치도,제주특별자치도,"기타기계,장비제조품",262188
2022,제주특별자치도,제주특별자치도,"전자부품,컴퓨터,영상,음향,통신장비",56434
2022,제주특별자치도,제주특별자치도,전기장비제품,41347
2022,제주특별자치도,제주특별자치도,"의료,정밀,광학기기,시계",7627
2022,제주특별자치도,제주특별자치도,"자동차,트레일러",138378
2022,제주특별자치도,제주특별자치도,기타운송장비,8075
2022,제주특별자치도,제주특별자치도,가구제품,112785
2022,제주특별자치도,제주특별자치도,기타제품,10005
2022,제주특별자치도,제주특별자치도,*) 재생제품,1222921
2022,제주특별자치도,제주특별자치도,*) 기타,0
2022,제주특별자치도,세종특별자치시,합계,0
2022,제주특별자치도,세종특별자치시,농산물,0
2022,제주특별자치도,세종특별자치시,임산물,0
2022,제주특별자치도,세종특별자치시,수산물,0
2022,제주특별자치도,세종특별자치시,축산물,0
2022,제주특별자치도,세종특별자치시,석탄광물,0
2022,제주특별자치도,세종특별자치시,석회석광물,0
2022,제주특별자치도,세종특별자치시,비금속광물,0
2022,제주특별자치도,세종특별자치시,음식료품,0
2022,제주특별자치도,세종특별자치시,담배제품,0
2022,제주특별자치도,세종특별자치시,섬유제품,0
2022,제주특별자치도,세종특별자치시,의복,0
2022,제주특별자치도,세종특별자치시,가죽,0
2022,제주특별자치도,세종특별자치시,"목재,나무제품",0
2022,제주특별자치도,세종특별자치시,"펄프,종이",0
2022,제주특별자치도,세종특별자치시,"인쇄,기록매체",0
2022,제주특별자치도,세종특별자치시,"코크스,연탄,석유정제품",0
2022,제주특별자치도,세종특별자치시,"화합물,화학제품",0
2022,제주특별자치도,세종특별자치시,"고무,플라스틱제품",0
2022,제주특별자치도,세종특별자치시,비금속광물제품,0
2022,제주특별자치도,세종특별자치시,제1차금속제품,0
2022,제주특별자치도,세종특별자치시,금속가공제품,0
2022,제주특별자치도,세종특별자치시,"기타기계,장비제조품",0
2022,제주특별자치도,세종특별자치시,"전자부품,컴퓨터,영상,음향,통신장비",0
2022,제주특별자치도,세종특별자치시,전기장비제품,0
2022,제주특별자치도,세종특별자치시,"의료,정밀,광학기기,시계",0
2022,제주특별자치도,세종특별자치시,"자동차,트레일러",0
2022,제주특별자치도,세종특별자치시,기타운송장비,0
2022,제주특별자치도,세종특별자치시,가구제품,0
2022,제주특별자치도,세종특별자치시,기타제품,0
2022,제주특별자치도,세종특별자치시,*) 재생제품,0
2022,제주특별자치도,세종특별자치시,*) 기타,0
2022,세종특별자치시,서울특별시,합계,177384
2022,세종특별자치시,서울특별시,농산물,6275
2022,세종특별자치시,서울특별시,임산물,1527
2022,세종특별자치시,서울특별시,수산물,22
2022,세종특별자치시,서울특별시,축산물,1092
2022,세종특별자치시,서울특별시,석탄광물,0
2022,세종특별자치시,서울특별시,석회석광물,0
2022,세종특별자치시,서울특별시,비금속광물,47407
2022,세종특별자치시,서울특별시,음식료품,27446
2022,세종특별자치시,서울특별시,담배제품,0
2022,세종특별자치시,서울특별시,섬유제품,1394
2022,세종특별자치시,서울특별시,의복,0
2022,세종특별자치시,서울특별시,가죽,1463
2022,세종특별자치시,서울특별시,"목재,나무제품",491
2022,세종특별자치시,서울특별시,"펄프,종이",6644
2022,세종특별자치시,서울특별시,"인쇄,기록매체",1206
2022,세종특별자치시,서울특별시,"코크스,연탄,석유정제품",0
2022,세종특별자치시,서울특별시,"화합물,화학제품",7087
2022,세종특별자치시,서울특별시,"고무,플라스틱제품",6430
2022,세종특별자치시,서울특별시,비금속광물제품,44210
2022,세종특별자치시,서울특별시,제1차금속제품,6880
2022,세종특별자치시,서울특별시,금속가공제품,2585
2022,세종특별자치시,서울특별시,"기타기계,장비제조품",1175
2022,세종특별자치시,서울특별시,"전자부품,컴퓨터,영상,음향,통신장비",286
2022,세종특별자치시,서울특별시,전기장비제품,8589
2022,세종특별자치시,서울특별시,"의료,정밀,광학기기,시계",269
2022,세종특별자치시,서울특별시,"자동차,트레일러",3963
2022,세종특별자치시,서울특별시,기타운송장비,0
2022,세종특별자치시,서울특별시,가구제품,0
2022,세종특별자치시,서울특별시,기타제품,176
2022,세종특별자치시,서울특별시,*) 재생제품,767
2022,세종특별자치시,서울특별시,*) 기타,0
2022,세종특별자치시,부산광역시,합계,221241
2022,세종특별자치시,부산광역시,농산물,1220
2022,세종특별자치시,부산광역시,임산물,514
2022,세종특별자치시,부산광역시,수산물,50
2022,세종특별자치시,부산광역시,축산물,393
2022,세종특별자치시,부산광역시,석탄광물,0
2022,세종특별자치시,부산광역시,석회석광물,0
2022,세종특별자치시,부산광역시,비금속광물,51036
2022,세종특별자치시,부산광역시,음식료품,10571
2022,세종특별자치시,부산광역시,담배제품,0
2022,세종특별자치시,부산광역시,섬유제품,73
2022,세종특별자치시,부산광역시,의복,0
2022,세종특별자치시,부산광역시,가죽,705
2022,세종특별자치시,부산광역시,"목재,나무제품",552
2022,세종특별자치시,부산광역시,"펄프,종이",3781
2022,세종특별자치시,부산광역시,"인쇄,기록매체",349
2022,세종특별자치시,부산광역시,"코크스,연탄,석유정제품",0
2022,세종특별자치시,부산광역시,"화합물,화학제품",8834
2022,세종특별자치시,부산광역시,"고무,플라스틱제품",2367
2022,세종특별자치시,부산광역시,비금속광물제품,51482
2022,세종특별자치시,부산광역시,제1차금속제품,17674
2022,세종특별자치시,부산광역시,금속가공제품,1694
2022,세종특별자치시,부산광역시,"기타기계,장비제조품",425
2022,세종특별자치시,부산광역시,"전자부품,컴퓨터,영상,음향,통신장비",189
2022,세종특별자치시,부산광역시,전기장비제품,2503
2022,세종특별자치시,부산광역시,"의료,정밀,광학기기,시계",70
2022,세종특별자치시,부산광역시,"자동차,트레일러",902
2022,세종특별자치시,부산광역시,기타운송장비,0
2022,세종특별자치시,부산광역시,가구제품,0
2022,세종특별자치시,부산광역시,기타제품,74
2022,세종특별자치시,부산광역시,*) 재생제품,1810
2022,세종특별자치시,부산광역시,*) 기타,63973
2022,세종특별자치시,대구광역시,합계,125832
2022,세종특별자치시,대구광역시,농산물,933
2022,세종특별자치시,대구광역시,임산물,328
2022,세종특별자치시,대구광역시,수산물,5
2022,세종특별자치시,대구광역시,축산물,1385
2022,세종특별자치시,대구광역시,석탄광물,0
2022,세종특별자치시,대구광역시,석회석광물,0
2022,세종특별자치시,대구광역시,비금속광물,58866
2022,세종특별자치시,대구광역시,음식료품,7241
2022,세종특별자치시,대구광역시,담배제품,0
2022,세종특별자치시,대구광역시,섬유제품,39
2022,세종특별자치시,대구광역시,의복,0
2022,세종특별자치시,대구광역시,가죽,110
2022,세종특별자치시,대구광역시,"목재,나무제품",245
2022,세종특별자치시,대구광역시,"펄프,종이",4831
2022,세종특별자치시,대구광역시,"인쇄,기록매체",302
2022,세종특별자치시,대구광역시,"코크스,연탄,석유정제품",0
2022,세종특별자치시,대구광역시,"화합물,화학제품",8182
2022,세종특별자치시,대구광역시,"고무,플라스틱제품",2150
2022,세종특별자치시,대구광역시,비금속광물제품,25697
2022,세종특별자치시,대구광역시,제1차금속제품,8999
2022,세종특별자치시,대구광역시,금속가공제품,1463
2022,세종특별자치시,대구광역시,"기타기계,장비제조품",361
2022,세종특별자치시,대구광역시,"전자부품,컴퓨터,영상,음향,통신장비",149
2022,세종특별자치시,대구광역시,전기장비제품,2412
2022,세종특별자치시,대구광역시,"의료,정밀,광학기기,시계",98
2022,세종특별자치시,대구광역시,"자동차,트레일러",529
2022,세종특별자치시,대구광역시,기타운송장비,0
2022,세종특별자치시,대구광역시,가구제품,0
2022,세종특별자치시,대구광역시,기타제품,49
2022,세종특별자치시,대구광역시,*) 재생제품,1458
2022,세종특별자치시,대구광역시,*) 기타,0
2022,세종특별자치시,인천광역시,합계,279338
2022,세종특별자치시,인천광역시,농산물,2938
2022,세종특별자치시,인천광역시,임산물,1562
2022,세종특별자치시,인천광역시,수산물,10
2022,세종특별자치시,인천광역시,축산물,322
2022,세종특별자치시,인천광역시,석탄광물,0
2022,세종특별자치시,인천광역시,석회석광물,0
2022,세종특별자치시,인천광역시,비금속광물,91130
2022,세종특별자치시,인천광역시,음식료품,9391
2022,세종특별자치시,인천광역시,담배제품,0
2022,세종특별자치시,인천광역시,섬유제품,88
2022,세종특별자치시,인천광역시,의복,0
2022,세종특별자치시,인천광역시,가죽,210
2022,세종특별자치시,인천광역시,"목재,나무제품",757
2022,세종특별자치시,인천광역시,"펄프,종이",1810
2022,세종특별자치시,인천광역시,"인쇄,기록매체",251
2022,세종특별자치시,인천광역시,"코크스,연탄,석유정제품",0
2022,세종특별자치시,인천광역시,"화합물,화학제품",10134
2022,세종특별자치시,인천광역시,"고무,플라스틱제품",4838
2022,세종특별자치시,인천광역시,비금속광물제품,50055
2022,세종특별자치시,인천광역시,제1차금속제품,9926
2022,세종특별자치시,인천광역시,금속가공제품,2250
2022,세종특별자치시,인천광역시,"기타기계,장비제조품",1115
2022,세종특별자치시,인천광역시,"전자부품,컴퓨터,영상,음향,통신장비",157
2022,세종특별자치시,인천광역시,전기장비제품,5191
2022,세종특별자치시,인천광역시,"의료,정밀,광학기기,시계",130
2022,세종특별자치시,인천광역시,"자동차,트레일러",3503
2022,세종특별자치시,인천광역시,기타운송장비,0
2022,세종특별자치시,인천광역시,가구제품,0
2022,세종특별자치시,인천광역시,기타제품,52
2022,세종특별자치시,인천광역시,*) 재생제품,526
2022,세종특별자치시,인천광역시,*) 기타,82992
2022,세종특별자치시,광주광역시,합계,91621
2022,세종특별자치시,광주광역시,농산물,612
2022,세종특별자치시,광주광역시,임산물,189
2022,세종특별자치시,광주광역시,수산물,2
2022,세종특별자치시,광주광역시,축산물,288
2022,세종특별자치시,광주광역시,석탄광물,0
2022,세종특별자치시,광주광역시,석회석광물,0
2022,세종특별자치시,광주광역시,비금속광물,21591
2022,세종특별자치시,광주광역시,음식료품,4011
2022,세종특별자치시,광주광역시,담배제품,0
2022,세종특별자치시,광주광역시,섬유제품,44
2022,세종특별자치시,광주광역시,의복,0
2022,세종특별자치시,광주광역시,가죽,68
2022,세종특별자치시,광주광역시,"목재,나무제품",194
2022,세종특별자치시,광주광역시,"펄프,종이",2338
2022,세종특별자치시,광주광역시,"인쇄,기록매체",199
2022,세종특별자치시,광주광역시,"코크스,연탄,석유정제품",0
2022,세종특별자치시,광주광역시,"화합물,화학제품",4298
2022,세종특별자치시,광주광역시,"고무,플라스틱제품",1909
2022,세종특별자치시,광주광역시,비금속광물제품,39722
2022,세종특별자치시,광주광역시,제1차금속제품,9528
2022,세종특별자치시,광주광역시,금속가공제품,1409
2022,세종특별자치시,광주광역시,"기타기계,장비제조품",341
2022,세종특별자치시,광주광역시,"전자부품,컴퓨터,영상,음향,통신장비",76
2022,세종특별자치시,광주광역시,전기장비제품,3341
2022,세종특별자치시,광주광역시,"의료,정밀,광학기기,시계",61
2022,세종특별자치시,광주광역시,"자동차,트레일러",446
2022,세종특별자치시,광주광역시,기타운송장비,0
2022,세종특별자치시,광주광역시,가구제품,0
2022,세종특별자치시,광주광역시,기타제품,63
2022,세종특별자치시,광주광역시,*) 재생제품,891
2022,세종특별자치시,광주광역시,*) 기타,0
2022,세종특별자치시,대전광역시,합계,326576
2022,세종특별자치시,대전광역시,농산물,3069
2022,세종특별자치시,대전광역시,임산물,538
2022,세종특별자치시,대전광역시,수산물,6
2022,세종특별자치시,대전광역시,축산물,574
2022,세종특별자치시,대전광역시,석탄광물,0
2022,세종특별자치시,대전광역시,석회석광물,0
2022,세종특별자치시,대전광역시,비금속광물,108848
2022,세종특별자치시,대전광역시,음식료품,14621
2022,세종특별자치시,대전광역시,담배제품,0
2022,세종특별자치시,대전광역시,섬유제품,103
2022,세종특별자치시,대전광역시,의복,0
2022,세종특별자치시,대전광역시,가죽,137
2022,세종특별자치시,대전광역시,"목재,나무제품",292
2022,세종특별자치시,대전광역시,"펄프,종이",13545
2022,세종특별자치시,대전광역시,"인쇄,기록매체",705
2022,세종특별자치시,대전광역시,"코크스,연탄,석유정제품",0
2022,세종특별자치시,대전광역시,"화합물,화학제품",15331
2022,세종특별자치시,대전광역시,"고무,플라스틱제품",9407
2022,세종특별자치시,대전광역시,비금속광물제품,133223
2022,세종특별자치시,대전광역시,제1차금속제품,12982
2022,세종특별자치시,대전광역시,금속가공제품,2264
2022,세종특별자치시,대전광역시,"기타기계,장비제조품",1037
2022,세종특별자치시,대전광역시,"전자부품,컴퓨터,영상,음향,통신장비",454
2022,세종특별자치시,대전광역시,전기장비제품,4483
2022,세종특별자치시,대전광역시,"의료,정밀,광학기기,시계",111
2022,세종특별자치시,대전광역시,"자동차,트레일러",1278
2022,세종특별자치시,대전광역시,기타운송장비,0
2022,세종특별자치시,대전광역시,가구제품,0
2022,세종특별자치시,대전광역시,기타제품,54
2022,세종특별자치시,대전광역시,*) 재생제품,3514
2022,세종특별자치시,대전광역시,*) 기타,0
2022,세종특별자치시,울산광역시,합계,305951
2022,세종특별자치시,울산광역시,농산물,607
2022,세종특별자치시,울산광역시,임산물,304
2022,세종특별자치시,울산광역시,수산물,2
2022,세종특별자치시,울산광역시,축산물,148
2022,세종특별자치시,울산광역시,석탄광물,0
2022,세종특별자치시,울산광역시,석회석광물,0
2022,세종특별자치시,울산광역시,비금속광물,66380
2022,세종특별자치시,울산광역시,음식료품,4942
2022,세종특별자치시,울산광역시,담배제품,0
2022,세종특별자치시,울산광역시,섬유제품,28
2022,세종특별자치시,울산광역시,의복,0
2022,세종특별자치시,울산광역시,가죽,75
2022,세종특별자치시,울산광역시,"목재,나무제품",441
2022,세종특별자치시,울산광역시,"펄프,종이",5007
2022,세종특별자치시,울산광역시,"인쇄,기록매체",439
2022,세종특별자치시,울산광역시,"코크스,연탄,석유정제품",0
2022,세종특별자치시,울산광역시,"화합물,화학제품",66497
2022,세종특별자치시,울산광역시,"고무,플라스틱제품",3920
2022,세종특별자치시,울산광역시,비금속광물제품,94177
2022,세종특별자치시,울산광역시,제1차금속제품,45263
2022,세종특별자치시,울산광역시,금속가공제품,4471
2022,세종특별자치시,울산광역시,"기타기계,장비제조품",1074
2022,세종특별자치시,울산광역시,"전자부품,컴퓨터,영상,음향,통신장비",155
2022,세종특별자치시,울산광역시,전기장비제품,8065
2022,세종특별자치시,울산광역시,"의료,정밀,광학기기,시계",122
2022,세종특별자치시,울산광역시,"자동차,트레일러",2072
2022,세종특별자치시,울산광역시,기타운송장비,1
2022,세종특별자치시,울산광역시,가구제품,0
2022,세종특별자치시,울산광역시,기타제품,117
2022,세종특별자치시,울산광역시,*) 재생제품,1644
2022,세종특별자치시,울산광역시,*) 기타,0
2022,세종특별자치시,경기도,합계,1537884
2022,세종특별자치시,경기도,농산물,16299
2022,세종특별자치시,경기도,임산물,3907
2022,세종특별자치시,경기도,수산물,53
2022,세종특별자치시,경기도,축산물,7141
2022,세종특별자치시,경기도,석탄광물,0
2022,세종특별자치시,경기도,석회석광물,0
2022,세종특별자치시,경기도,비금속광물,476632
2022,세종특별자치시,경기도,음식료품,66460
2022,세종특별자치시,경기도,담배제품,0
2022,세종특별자치시,경기도,섬유제품,660
2022,세종특별자치시,경기도,의복,0
2022,세종특별자치시,경기도,가죽,1989
2022,세종특별자치시,경기도,"목재,나무제품",3191
2022,세종특별자치시,경기도,"펄프,종이",14896
2022,세종특별자치시,경기도,"인쇄,기록매체",2095
2022,세종특별자치시,경기도,"코크스,연탄,석유정제품",0
2022,세종특별자치시,경기도,"화합물,화학제품",48479
2022,세종특별자치시,경기도,"고무,플라스틱제품",34384
2022,세종특별자치시,경기도,비금속광물제품,646593
2022,세종특별자치시,경기도,제1차금속제품,78209
2022,세종특별자치시,경기도,금속가공제품,12985
2022,세종특별자치시,경기도,"기타기계,장비제조품",7339
2022,세종특별자치시,경기도,"전자부품,컴퓨터,영상,음향,통신장비",3957
2022,세종특별자치시,경기도,전기장비제품,34702
2022,세종특별자치시,경기도,"의료,정밀,광학기기,시계",1276
2022,세종특별자치시,경기도,"자동차,트레일러",14247
2022,세종특별자치시,경기도,기타운송장비,1
2022,세종특별자치시,경기도,가구제품,0
2022,세종특별자치시,경기도,기타제품,329
2022,세종특별자치시,경기도,*) 재생제품,3904
2022,세종특별자치시,경기도,*) 기타,58156
2022,세종특별자치시,강원특별자치도,합계,338744
2022,세종특별자치시,강원특별자치도,농산물,2232
2022,세종특별자치시,강원특별자치도,임산물,1231
2022,세종특별자치시,강원특별자치도,수산물,24
2022,세종특별자치시,강원특별자치도,축산물,1656
2022,세종특별자치시,강원특별자치도,석탄광물,0
2022,세종특별자치시,강원특별자치도,석회석광물,0
2022,세종특별자치시,강원특별자치도,비금속광물,243159
2022,세종특별자치시,강원특별자치도,음식료품,8878
2022,세종특별자치시,강원특별자치도,담배제품,0
2022,세종특별자치시,강원특별자치도,섬유제품,33
2022,세종특별자치시,강원특별자치도,의복,0
2022,세종특별자치시,강원특별자치도,가죽,51
2022,세종특별자치시,강원특별자치도,"목재,나무제품",108
2022,세종특별자치시,강원특별자치도,"펄프,종이",1162
2022,세종특별자치시,강원특별자치도,"인쇄,기록매체",94
2022,세종특별자치시,강원특별자치도,"코크스,연탄,석유정제품",0
2022,세종특별자치시,강원특별자치도,"화합물,화학제품",2786
2022,세종특별자치시,강원특별자치도,"고무,플라스틱제품",1563
2022,세종특별자치시,강원특별자치도,비금속광물제품,68499
2022,세종특별자치시,강원특별자치도,제1차금속제품,3602
2022,세종특별자치시,강원특별자치도,금속가공제품,907
2022,세종특별자치시,강원특별자치도,"기타기계,장비제조품",161
2022,세종특별자치시,강원특별자치도,"전자부품,컴퓨터,영상,음향,통신장비",45
2022,세종특별자치시,강원특별자치도,전기장비제품,1161
2022,세종특별자치시,강원특별자치도,"의료,정밀,광학기기,시계",93
2022,세종특별자치시,강원특별자치도,"자동차,트레일러",748
2022,세종특별자치시,강원특별자치도,기타운송장비,0
2022,세종특별자치시,강원특별자치도,가구제품,0
2022,세종특별자치시,강원특별자치도,기타제품,22
2022,세종특별자치시,강원특별자치도,*) 재생제품,529
2022,세종특별자치시,강원특별자치도,*) 기타,0
2022,세종특별자치시,충청북도,합계,1760662
2022,세종특별자치시,충청북도,농산물,13298
2022,세종특별자치시,충청북도,임산물,2744
2022,세종특별자치시,충청북도,수산물,11
2022,세종특별자치시,충청북도,축산물,12098
2022,세종특별자치시,충청북도,석탄광물,0
2022,세종특별자치시,충청북도,석회석광물,0
2022,세종특별자치시,충청북도,비금속광물,828977
2022,세종특별자치시,충청북도,음식료품,75780
2022,세종특별자치시,충청북도,담배제품,0
2022,세종특별자치시,충청북도,섬유제품,182
2022,세종특별자치시,충청북도,의복,0
2022,세종특별자치시,충청북도,가죽,328
2022,세종특별자치시,충청북도,"목재,나무제품",1441
2022,세종특별자치시,충청북도,"펄프,종이",15050
2022,세종특별자치시,충청북도,"인쇄,기록매체",975
2022,세종특별자치시,충청북도,"코크스,연탄,석유정제품",0
2022,세종특별자치시,충청북도,"화합물,화학제품",46011
2022,세종특별자치시,충청북도,"고무,플라스틱제품",21091
2022,세종특별자치시,충청북도,비금속광물제품,649402
2022,세종특별자치시,충청북도,제1차금속제품,56796
2022,세종특별자치시,충청북도,금속가공제품,6928
2022,세종특별자치시,충청북도,"기타기계,장비제조품",2042
2022,세종특별자치시,충청북도,"전자부품,컴퓨터,영상,음향,통신장비",2448
2022,세종특별자치시,충청북도,전기장비제품,15241
2022,세종특별자치시,충청북도,"의료,정밀,광학기기,시계",537
2022,세종특별자치시,충청북도,"자동차,트레일러",3322
2022,세종특별자치시,충청북도,기타운송장비,0
2022,세종특별자치시,충청북도,가구제품,0
2022,세종특별자치시,충청북도,기타제품,251
2022,세종특별자치시,충청북도,*) 재생제품,5709
2022,세종특별자치시,충청북도,*) 기타,0
2022,세종특별자치시,충청남도,합계,2028171
2022,세종특별자치시,충청남도,농산물,16315
2022,세종특별자치시,충청남도,임산물,2550
2022,세종특별자치시,충청남도,수산물,22
2022,세종특별자치시,충청남도,축산물,4938
2022,세종특별자치시,충청남도,석탄광물,0
2022,세종특별자치시,충청남도,석회석광물,0
2022,세종특별자치시,충청남도,비금속광물,579507
2022,세종특별자치시,충청남도,음식료품,64843
2022,세종특별자치시,충청남도,담배제품,0
2022,세종특별자치시,충청남도,섬유제품,230
2022,세종특별자치시,충청남도,의복,0
2022,세종특별자치시,충청남도,가죽,263
2022,세종특별자치시,충청남도,"목재,나무제품",1525
2022,세종특별자치시,충청남도,"펄프,종이",16202
2022,세종특별자치시,충청남도,"인쇄,기록매체",743
2022,세종특별자치시,충청남도,"코크스,연탄,석유정제품",0
2022,세종특별자치시,충청남도,"화합물,화학제품",96229
2022,세종특별자치시,충청남도,"고무,플라스틱제품",28337
2022,세종특별자치시,충청남도,비금속광물제품,1033655
2022,세종특별자치시,충청남도,제1차금속제품,124545
2022,세종특별자치시,충청남도,금속가공제품,9428
2022,세종특별자치시,충청남도,"기타기계,장비제조품",3921
2022,세종특별자치시,충청남도,"전자부품,컴퓨터,영상,음향,통신장비",4589
2022,세종특별자치시,충청남도,전기장비제품,24270
2022,세종특별자치시,충청남도,"의료,정밀,광학기기,시계",582
2022,세종특별자치시,충청남도,"자동차,트레일러",9723
2022,세종특별자치시,충청남도,기타운송장비,0
2022,세종특별자치시,충청남도,가구제품,0
2022,세종특별자치시,충청남도,기타제품,301
2022,세종특별자치시,충청남도,*) 재생제품,5453
2022,세종특별자치시,충청남도,*) 기타,0
2022,세종특별자치시,전북특별자치도,합계,406923
2022,세종특별자치시,전북특별자치도,농산물,4515
2022,세종특별자치시,전북특별자치도,임산물,1437
2022,세종특별자치시,전북특별자치도,수산물,9
2022,세종특별자치시,전북특별자치도,축산물,5621
2022,세종특별자치시,전북특별자치도,석탄광물,0
2022,세종특별자치시,전북특별자치도,석회석광물,0
2022,세종특별자치시,전북특별자치도,비금속광물,209265
2022,세종특별자치시,전북특별자치도,음식료품,23225
2022,세종특별자치시,전북특별자치도,담배제품,0
2022,세종특별자치시,전북특별자치도,섬유제품,88
2022,세종특별자치시,전북특별자치도,의복,0
2022,세종특별자치시,전북특별자치도,가죽,98
2022,세종특별자치시,전북특별자치도,"목재,나무제품",466
2022,세종특별자치시,전북특별자치도,"펄프,종이",7121
2022,세종특별자치시,전북특별자치도,"인쇄,기록매체",241
2022,세종특별자치시,전북특별자치도,"코크스,연탄,석유정제품",0
2022,세종특별자치시,전북특별자치도,"화합물,화학제품",17156
2022,세종특별자치시,전북특별자치도,"고무,플라스틱제품",3948
2022,세종특별자치시,전북특별자치도,비금속광물제품,100921
2022,세종특별자치시,전북특별자치도,제1차금속제품,22037
2022,세종특별자치시,전북특별자치도,금속가공제품,1983
2022,세종특별자치시,전북특별자치도,"기타기계,장비제조품",689
2022,세종특별자치시,전북특별자치도,"전자부품,컴퓨터,영상,음향,통신장비",135
2022,세종특별자치시,전북특별자치도,전기장비제품,3115
2022,세종특별자치시,전북특별자치도,"의료,정밀,광학기기,시계",71
2022,세종특별자치시,전북특별자치도,"자동차,트레일러",2584
2022,세종특별자치시,전북특별자치도,기타운송장비,0
2022,세종특별자치시,전북특별자치도,가구제품,0
2022,세종특별자치시,전북특별자치도,기타제품,62
2022,세종특별자치시,전북특별자치도,*) 재생제품,1839
2022,세종특별자치시,전북특별자치도,*) 기타,297
2022,세종특별자치시,전라남도,합계,600181
2022,세종특별자치시,전라남도,농산물,2763
2022,세종특별자치시,전라남도,임산물,1084
2022,세종특별자치시,전라남도,수산물,21
2022,세종특별자치시,전라남도,축산물,1173
2022,세종특별자치시,전라남도,석탄광물,0
2022,세종특별자치시,전라남도,석회석광물,0
2022,세종특별자치시,전라남도,비금속광물,228270
2022,세종특별자치시,전라남도,음식료품,12510
2022,세종특별자치시,전라남도,담배제품,0
2022,세종특별자치시,전라남도,섬유제품,53
2022,세종특별자치시,전라남도,의복,0
2022,세종특별자치시,전라남도,가죽,74
2022,세종특별자치시,전라남도,"목재,나무제품",485
2022,세종특별자치시,전라남도,"펄프,종이",3212
2022,세종특별자치시,전라남도,"인쇄,기록매체",256
2022,세종특별자치시,전라남도,"코크스,연탄,석유정제품",0
2022,세종특별자치시,전라남도,"화합물,화학제품",64748
2022,세종특별자치시,전라남도,"고무,플라스틱제품",2166
2022,세종특별자치시,전라남도,비금속광물제품,117858
2022,세종특별자치시,전라남도,제1차금속제품,49299
2022,세종특별자치시,전라남도,금속가공제품,1969
2022,세종특별자치시,전라남도,"기타기계,장비제조품",777
2022,세종특별자치시,전라남도,"전자부품,컴퓨터,영상,음향,통신장비",97
2022,세종특별자치시,전라남도,전기장비제품,2084
2022,세종특별자치시,전라남도,"의료,정밀,광학기기,시계",112
2022,세종특별자치시,전라남도,"자동차,트레일러",216
2022,세종특별자치시,전라남도,기타운송장비,1
2022,세종특별자치시,전라남도,가구제품,0
2022,세종특별자치시,전라남도,기타제품,82
2022,세종특별자치시,전라남도,*) 재생제품,1754
2022,세종특별자치시,전라남도,*) 기타,109117
2022,세종특별자치시,경상북도,합계,864150
2022,세종특별자치시,경상북도,농산물,3792
2022,세종특별자치시,경상북도,임산물,2291
2022,세종특별자치시,경상북도,수산물,18
2022,세종특별자치시,경상북도,축산물,4787
2022,세종특별자치시,경상북도,석탄광물,0
2022,세종특별자치시,경상북도,석회석광물,0
2022,세종특별자치시,경상북도,비금속광물,281987
2022,세종특별자치시,경상북도,음식료품,16956
2022,세종특별자치시,경상북도,담배제품,0
2022,세종특별자치시,경상북도,섬유제품,130
2022,세종특별자치시,경상북도,의복,0
2022,세종특별자치시,경상북도,가죽,165
2022,세종특별자치시,경상북도,"목재,나무제품",976
2022,세종특별자치시,경상북도,"펄프,종이",8589
2022,세종특별자치시,경상북도,"인쇄,기록매체",554
2022,세종특별자치시,경상북도,"코크스,연탄,석유정제품",0
2022,세종특별자치시,경상북도,"화합물,화학제품",34379
2022,세종특별자치시,경상북도,"고무,플라스틱제품",12155
2022,세종특별자치시,경상북도,비금속광물제품,398047
2022,세종특별자치시,경상북도,제1차금속제품,74840
2022,세종특별자치시,경상북도,금속가공제품,5008
2022,세종특별자치시,경상북도,"기타기계,장비제조품",968
2022,세종특별자치시,경상북도,"전자부품,컴퓨터,영상,음향,통신장비",3663
2022,세종특별자치시,경상북도,전기장비제품,9071
2022,세종특별자치시,경상북도,"의료,정밀,광학기기,시계",332
2022,세종특별자치시,경상북도,"자동차,트레일러",1724
2022,세종특별자치시,경상북도,기타운송장비,0
2022,세종특별자치시,경상북도,가구제품,0
2022,세종특별자치시,경상북도,기타제품,205
2022,세종특별자치시,경상북도,*) 재생제품,3513
2022,세종특별자치시,경상북도,*) 기타,0
2022,세종특별자치시,경상남도,합계,451189
2022,세종특별자치시,경상남도,농산물,2586
2022,세종특별자치시,경상남도,임산물,1433
2022,세종특별자치시,경상남도,수산물,34
2022,세종특별자치시,경상남도,축산물,1766
2022,세종특별자치시,경상남도,석탄광물,0
2022,세종특별자치시,경상남도,석회석광물,0
2022,세종특별자치시,경상남도,비금속광물,141093
2022,세종특별자치시,경상남도,음식료품,19594
2022,세종특별자치시,경상남도,담배제품,0
2022,세종특별자치시,경상남도,섬유제품,84
2022,세종특별자치시,경상남도,의복,0
2022,세종특별자치시,경상남도,가죽,216
2022,세종특별자치시,경상남도,"목재,나무제품",983
2022,세종특별자치시,경상남도,"펄프,종이",9577
2022,세종특별자치시,경상남도,"인쇄,기록매체",533
2022,세종특별자치시,경상남도,"코크스,연탄,석유정제품",0
2022,세종특별자치시,경상남도,"화합물,화학제품",18926
2022,세종특별자치시,경상남도,"고무,플라스틱제품",8415
2022,세종특별자치시,경상남도,비금속광물제품,174860
2022,세종특별자치시,경상남도,제1차금속제품,47023
2022,세종특별자치시,경상남도,금속가공제품,7728
2022,세종특별자치시,경상남도,"기타기계,장비제조품",1636
2022,세종특별자치시,경상남도,"전자부품,컴퓨터,영상,음향,통신장비",216
2022,세종특별자치시,경상남도,전기장비제품,9460
2022,세종특별자치시,경상남도,"의료,정밀,광학기기,시계",184
2022,세종특별자치시,경상남도,"자동차,트레일러",1589
2022,세종특별자치시,경상남도,기타운송장비,4
2022,세종특별자치시,경상남도,가구제품,0
2022,세종특별자치시,경상남도,기타제품,223
2022,세종특별자치시,경상남도,*) 재생제품,3026
2022,세종특별자치시,경상남도,*) 기타,0
2022,세종특별자치시,제주특별자치도,합계,0
2022,세종특별자치시,제주특별자치도,농산물,0
2022,세종특별자치시,제주특별자치도,임산물,0
2022,세종특별자치시,제주특별자치도,수산물,0
2022,세종특별자치시,제주특별자치도,축산물,0
2022,세종특별자치시,제주특별자치도,석탄광물,0
2022,세종특별자치시,제주특별자치도,석회석광물,0
2022,세종특별자치시,제주특별자치도,비금속광물,0
2022,세종특별자치시,제주특별자치도,음식료품,0
2022,세종특별자치시,제주특별자치도,담배제품,0
2022,세종특별자치시,제주특별자치도,섬유제품,0
2022,세종특별자치시,제주특별자치도,의복,0
2022,세종특별자치시,제주특별자치도,가죽,0
2022,세종특별자치시,제주특별자치도,"목재,나무제품",0
2022,세종특별자치시,제주특별자치도,"펄프,종이",0
2022,세종특별자치시,제주특별자치도,"인쇄,기록매체",0
2022,세종특별자치시,제주특별자치도,"코크스,연탄,석유정제품",0
2022,세종특별자치시,제주특별자치도,"화합물,화학제품",0
2022,세종특별자치시,제주특별자치도,"고무,플라스틱제품",0
2022,세종특별자치시,제주특별자치도,비금속광물제품,0
2022,세종특별자치시,제주특별자치도,제1차금속제품,0
2022,세종특별자치시,제주특별자치도,금속가공제품,0
2022,세종특별자치시,제주특별자치도,"기타기계,장비제조품",0
2022,세종특별자치시,제주특별자치도,"전자부품,컴퓨터,영상,음향,통신장비",0
2022,세종특별자치시,제주특별자치도,전기장비제품,0
2022,세종특별자치시,제주특별자치도,"의료,정밀,광학기기,시계",0
2022,세종특별자치시,제주특별자치도,"자동차,트레일러",0
2022,세종특별자치시,제주특별자치도,기타운송장비,0
2022,세종특별자치시,제주특별자치도,가구제품,0
2022,세종특별자치시,제주특별자치도,기타제품,0
2022,세종특별자치시,제주특별자치도,*) 재생제품,0
2022,세종특별자치시,제주특별자치도,*) 기타,0
2022,세종특별자치시,세종특별자치시,합계,1079560
2022,세종특별자치시,세종특별자치시,농산물,6482
2022,세종특별자치시,세종특별자치시,임산물,1345
2022,세종특별자치시,세종특별자치시,수산물,1
2022,세종특별자치시,세종특별자치시,축산물,923
2022,세종특별자치시,세종특별자치시,석탄광물,0
2022,세종특별자치시,세종특별자치시,석회석광물,0
2022,세종특별자치시,세종특별자치시,비금속광물,488019
2022,세종특별자치시,세종특별자치시,음식료품,19254
2022,세종특별자치시,세종특별자치시,담배제품,0
2022,세종특별자치시,세종특별자치시,섬유제품,52
2022,세종특별자치시,세종특별자치시,의복,0
2022,세종특별자치시,세종특별자치시,가죽,35
2022,세종특별자치시,세종특별자치시,"목재,나무제품",279
2022,세종특별자치시,세종특별자치시,"펄프,종이",16431
2022,세종특별자치시,세종특별자치시,"인쇄,기록매체",554
2022,세종특별자치시,세종특별자치시,"코크스,연탄,석유정제품",0
2022,세종특별자치시,세종특별자치시,"화합물,화학제품",17270
2022,세종특별자치시,세종특별자치시,"고무,플라스틱제품",8744
2022,세종특별자치시,세종특별자치시,비금속광물제품,497238
2022,세종특별자치시,세종특별자치시,제1차금속제품,11036
2022,세종특별자치시,세종특별자치시,금속가공제품,1389
2022,세종특별자치시,세종특별자치시,"기타기계,장비제조품",372
2022,세종특별자치시,세종특별자치시,"전자부품,컴퓨터,영상,음향,통신장비",444
2022,세종특별자치시,세종특별자치시,전기장비제품,4731
2022,세종특별자치시,세종특별자치시,"의료,정밀,광학기기,시계",326
2022,세종특별자치시,세종특별자치시,"자동차,트레일러",1335
2022,세종특별자치시,세종특별자치시,기타운송장비,0
2022,세종특별자치시,세종특별자치시,가구제품,0
2022,세종특별자치시,세종특별자치시,기타제품,111
2022,세종특별자치시,세종특별자치시,*) 재생제품,3189
2022,세종특별자치시,세종특별자치시,*) 기타,0
