"year","base_city","base_region_en","base_region_kr","target_city","target_region_en","target_region_kr","cargo_volume","logistics_type"
"2019","서울","Capital Area","수도권","서울","Capital Area","수도권","32615377","권역 내"
"2019","서울","Capital Area","수도권","부산","Yeongnam","영남권","859478","권역 간"
"2019","서울","Capital Area","수도권","대구","Yeongnam","영남권","262600","권역 간"
"2019","서울","Capital Area","수도권","인천","Capital Area","수도권","1691278","권역 내"
"2019","서울","Capital Area","수도권","광주","Honam","호남권","196522","권역 간"
"2019","서울","Capital Area","수도권","세종","Chungcheong(excl. DJ)","충청권(대전제외)","127295","권역 간"
"2019","서울","Capital Area","수도권","대전","Daejeon","대전시","325791","권역 간"
"2019","서울","Capital Area","수도권","울산","Yeongnam","영남권","550779","권역 간"
"2019","서울","Capital Area","수도권","경기","Capital Area","수도권","17279539","권역 내"
"2019","서울","Capital Area","수도권","강원","Others","기타","919960","권역 간"
"2019","서울","Capital Area","수도권","충북","Chungcheong(excl. DJ)","충청권(대전제외)","1172843","권역 간"
"2019","서울","Capital Area","수도권","충남","Chungcheong(excl. DJ)","충청권(대전제외)","1798445","권역 간"
"2019","서울","Capital Area","수도권","전북","Honam","호남권","271482","권역 간"
"2019","서울","Capital Area","수도권","전남","Honam","호남권","623937","권역 간"
"2019","서울","Capital Area","수도권","경북","Yeongnam","영남권","1331778","권역 간"
"2019","서울","Capital Area","수도권","경남","Yeongnam","영남권","704418","권역 간"
"2019","서울","Capital Area","수도권","제주","Others","기타","0","권역 간"
"2019","부산","Yeongnam","영남권","서울","Capital Area","수도권","1819414","권역 간"
"2019","부산","Yeongnam","영남권","부산","Yeongnam","영남권","40877316","권역 내"
"2019","부산","Yeongnam","영남권","대구","Yeongnam","영남권","1761914","권역 내"
"2019","부산","Yeongnam","영남권","인천","Capital Area","수도권","3599080","권역 간"
"2019","부산","Yeongnam","영남권","광주","Honam","호남권","908596","권역 간"
"2019","부산","Yeongnam","영남권","세종","Chungcheong(excl. DJ)","충청권(대전제외)","598895","권역 간"
"2019","부산","Yeongnam","영남권","대전","Daejeon","대전시","701147","권역 간"
"2019","부산","Yeongnam","영남권","울산","Yeongnam","영남권","13026607","권역 내"
"2019","부산","Yeongnam","영남권","경기","Capital Area","수도권","18525683","권역 간"
"2019","부산","Yeongnam","영남권","강원","Others","기타","858301","권역 간"
"2019","부산","Yeongnam","영남권","충북","Chungcheong(excl. DJ)","충청권(대전제외)","4362464","권역 간"
"2019","부산","Yeongnam","영남권","충남","Chungcheong(excl. DJ)","충청권(대전제외)","4108942","권역 간"
"2019","부산","Yeongnam","영남권","전북","Honam","호남권","1502044","권역 간"
"2019","부산","Yeongnam","영남권","전남","Honam","호남권","2425508","권역 간"
"2019","부산","Yeongnam","영남권","경북","Yeongnam","영남권","11053198","권역 내"
"2019","부산","Yeongnam","영남권","경남","Yeongnam","영남권","21789224","권역 내"
"2019","부산","Yeongnam","영남권","제주","Others","기타","0","권역 간"
"2019","대구","Yeongnam","영남권","서울","Capital Area","수도권","783503","권역 간"
"2019","대구","Yeongnam","영남권","부산","Yeongnam","영남권","3435981","권역 내"
"2019","대구","Yeongnam","영남권","대구","Yeongnam","영남권","11252162","권역 내"
"2019","대구","Yeongnam","영남권","인천","Capital Area","수도권","444803","권역 간"
"2019","대구","Yeongnam","영남권","광주","Honam","호남권","324300","권역 간"
"2019","대구","Yeongnam","영남권","세종","Chungcheong(excl. DJ)","충청권(대전제외)","130409","권역 간"
"2019","대구","Yeongnam","영남권","대전","Daejeon","대전시","332431","권역 간"
"2019","대구","Yeongnam","영남권","울산","Yeongnam","영남권","1856625","권역 내"
"2019","대구","Yeongnam","영남권","경기","Capital Area","수도권","2579167","권역 간"
"2019","대구","Yeongnam","영남권","강원","Others","기타","526219","권역 간"
"2019","대구","Yeongnam","영남권","충북","Chungcheong(excl. DJ)","충청권(대전제외)","1222594","권역 간"
"2019","대구","Yeongnam","영남권","충남","Chungcheong(excl. DJ)","충청권(대전제외)","1712771","권역 간"
"2019","대구","Yeongnam","영남권","전북","Honam","호남권","619550","권역 간"
"2019","대구","Yeongnam","영남권","전남","Honam","호남권","930919","권역 간"
"2019","대구","Yeongnam","영남권","경북","Yeongnam","영남권","8739264","권역 내"
"2019","대구","Yeongnam","영남권","경남","Yeongnam","영남권","3544909","권역 내"
"2019","대구","Yeongnam","영남권","제주","Others","기타","0","권역 간"
"2019","인천","Capital Area","수도권","서울","Capital Area","수도권","12061421","권역 내"
"2019","인천","Capital Area","수도권","부산","Yeongnam","영남권","3070958","권역 간"
"2019","인천","Capital Area","수도권","대구","Yeongnam","영남권","485602","권역 간"
"2019","인천","Capital Area","수도권","인천","Capital Area","수도권","92936079","권역 내"
"2019","인천","Capital Area","수도권","광주","Honam","호남권","475700","권역 간"
"2019","인천","Capital Area","수도권","세종","Chungcheong(excl. DJ)","충청권(대전제외)","435280","권역 간"
"2019","인천","Capital Area","수도권","대전","Daejeon","대전시","816600","권역 간"
"2019","인천","Capital Area","수도권","울산","Yeongnam","영남권","2638975","권역 간"
"2019","인천","Capital Area","수도권","경기","Capital Area","수도권","58096164","권역 내"
"2019","인천","Capital Area","수도권","강원","Others","기타","2794757","권역 간"
"2019","인천","Capital Area","수도권","충북","Chungcheong(excl. DJ)","충청권(대전제외)","4499256","권역 간"
"2019","인천","Capital Area","수도권","충남","Chungcheong(excl. DJ)","충청권(대전제외)","9094134","권역 간"
"2019","인천","Capital Area","수도권","전북","Honam","호남권","1435605","권역 간"
"2019","인천","Capital Area","수도권","전남","Honam","호남권","3275657","권역 간"
"2019","인천","Capital Area","수도권","경북","Yeongnam","영남권","4174440","권역 간"
"2019","인천","Capital Area","수도권","경남","Yeongnam","영남권","1987671","권역 간"
"2019","인천","Capital Area","수도권","제주","Others","기타","0","권역 간"
"2019","광주","Honam","호남권","서울","Capital Area","수도권","392870","권역 간"
"2019","광주","Honam","호남권","부산","Yeongnam","영남권","2348710","권역 간"
"2019","광주","Honam","호남권","대구","Yeongnam","영남권","212338","권역 간"
"2019","광주","Honam","호남권","인천","Capital Area","수도권","360220","권역 간"
"2019","광주","Honam","호남권","광주","Honam","호남권","6926086","권역 내"
"2019","광주","Honam","호남권","세종","Chungcheong(excl. DJ)","충청권(대전제외)","51560","권역 간"
"2019","광주","Honam","호남권","대전","Daejeon","대전시","210551","권역 간"
"2019","광주","Honam","호남권","울산","Yeongnam","영남권","754504","권역 간"
"2019","광주","Honam","호남권","경기","Capital Area","수도권","1779222","권역 간"
"2019","광주","Honam","호남권","강원","Others","기타","169339","권역 간"
"2019","광주","Honam","호남권","충북","Chungcheong(excl. DJ)","충청권(대전제외)","470535","권역 간"
"2019","광주","Honam","호남권","충남","Chungcheong(excl. DJ)","충청권(대전제외)","1075334","권역 간"
"2019","광주","Honam","호남권","전북","Honam","호남권","878198","권역 내"
"2019","광주","Honam","호남권","전남","Honam","호남권","8339487","권역 내"
"2019","광주","Honam","호남권","경북","Yeongnam","영남권","920295","권역 간"
"2019","광주","Honam","호남권","경남","Yeongnam","영남권","1116391","권역 간"
"2019","광주","Honam","호남권","제주","Others","기타","0","권역 간"
"2019","대전","Daejeon","대전시","서울","Capital Area","수도권","173498","권역 간"
"2019","대전","Daejeon","대전시","부산","Yeongnam","영남권","1310958","권역 간"
"2019","대전","Daejeon","대전시","대구","Yeongnam","영남권","76617","권역 간"
"2019","대전","Daejeon","대전시","인천","Capital Area","수도권","239921","권역 간"
"2019","대전","Daejeon","대전시","광주","Honam","호남권","69417","권역 간"
"2019","대전","Daejeon","대전시","세종","Chungcheong(excl. DJ)","충청권(대전제외)","111453","권역 간"
"2019","대전","Daejeon","대전시","대전","Daejeon","대전시","3866207","권역 내"
"2019","대전","Daejeon","대전시","울산","Yeongnam","영남권","235116","권역 간"
"2019","대전","Daejeon","대전시","경기","Capital Area","수도권","884474","권역 간"
"2019","대전","Daejeon","대전시","강원","Others","기타","113745","권역 간"
"2019","대전","Daejeon","대전시","충북","Chungcheong(excl. DJ)","충청권(대전제외)","724716","권역 간"
"2019","대전","Daejeon","대전시","충남","Chungcheong(excl. DJ)","충청권(대전제외)","934311","권역 간"
"2019","대전","Daejeon","대전시","전북","Honam","호남권","202801","권역 간"
"2019","대전","Daejeon","대전시","전남","Honam","호남권","285561","권역 간"
"2019","대전","Daejeon","대전시","경북","Yeongnam","영남권","562870","권역 간"
"2019","대전","Daejeon","대전시","경남","Yeongnam","영남권","273715","권역 간"
"2019","대전","Daejeon","대전시","제주","Others","기타","0","권역 간"
"2019","울산","Yeongnam","영남권","서울","Capital Area","수도권","488338","권역 간"
"2019","울산","Yeongnam","영남권","부산","Yeongnam","영남권","15564102","권역 내"
"2019","울산","Yeongnam","영남권","대구","Yeongnam","영남권","1100495","권역 내"
"2019","울산","Yeongnam","영남권","인천","Capital Area","수도권","796901","권역 간"
"2019","울산","Yeongnam","영남권","광주","Honam","호남권","256726","권역 간"
"2019","울산","Yeongnam","영남권","세종","Chungcheong(excl. DJ)","충청권(대전제외)","196410","권역 간"
"2019","울산","Yeongnam","영남권","대전","Daejeon","대전시","303950","권역 간"
"2019","울산","Yeongnam","영남권","울산","Yeongnam","영남권","101148611","권역 내"
"2019","울산","Yeongnam","영남권","경기","Capital Area","수도권","3719703","권역 간"
"2019","울산","Yeongnam","영남권","강원","Others","기타","1567503","권역 간"
"2019","울산","Yeongnam","영남권","충북","Chungcheong(excl. DJ)","충청권(대전제외)","1572863","권역 간"
"2019","울산","Yeongnam","영남권","충남","Chungcheong(excl. DJ)","충청권(대전제외)","1943008","권역 간"
"2019","울산","Yeongnam","영남권","전북","Honam","호남권","879507","권역 간"
"2019","울산","Yeongnam","영남권","전남","Honam","호남권","2254678","권역 간"
"2019","울산","Yeongnam","영남권","경북","Yeongnam","영남권","7247116","권역 내"
"2019","울산","Yeongnam","영남권","경남","Yeongnam","영남권","5353531","권역 내"
"2019","울산","Yeongnam","영남권","제주","Others","기타","0","권역 간"
"2019","경기","Capital Area","수도권","서울","Capital Area","수도권","21074934","권역 내"
"2019","경기","Capital Area","수도권","부산","Yeongnam","영남권","17673485","권역 간"
"2019","경기","Capital Area","수도권","대구","Yeongnam","영남권","1450458","권역 간"
"2019","경기","Capital Area","수도권","인천","Capital Area","수도권","20788596","권역 내"
"2019","경기","Capital Area","수도권","광주","Honam","호남권","1218139","권역 간"
"2019","경기","Capital Area","수도권","세종","Chungcheong(excl. DJ)","충청권(대전제외)","1309630","권역 간"
"2019","경기","Capital Area","수도권","대전","Daejeon","대전시","2587443","권역 간"
"2019","경기","Capital Area","수도권","울산","Yeongnam","영남권","4406035","권역 간"
"2019","경기","Capital Area","수도권","경기","Capital Area","수도권","140813006","권역 내"
"2019","경기","Capital Area","수도권","강원","Others","기타","6822992","권역 간"
"2019","경기","Capital Area","수도권","충북","Chungcheong(excl. DJ)","충청권(대전제외)","12765606","권역 간"
"2019","경기","Capital Area","수도권","충남","Chungcheong(excl. DJ)","충청권(대전제외)","38981676","권역 간"
"2019","경기","Capital Area","수도권","전북","Honam","호남권","4279625","권역 간"
"2019","경기","Capital Area","수도권","전남","Honam","호남권","4901792","권역 간"
"2019","경기","Capital Area","수도권","경북","Yeongnam","영남권","9515318","권역 간"
"2019","경기","Capital Area","수도권","경남","Yeongnam","영남권","5067318","권역 간"
"2019","경기","Capital Area","수도권","제주","Others","기타","0","권역 간"
"2019","강원","Others","기타","서울","Capital Area","수도권","2074430","권역 간"
"2019","강원","Others","기타","부산","Yeongnam","영남권","1401706","권역 간"
"2019","강원","Others","기타","대구","Yeongnam","영남권","709912","권역 간"
"2019","강원","Others","기타","인천","Capital Area","수도권","1983727","권역 간"
"2019","강원","Others","기타","광주","Honam","호남권","332855","권역 간"
"2019","강원","Others","기타","세종","Chungcheong(excl. DJ)","충청권(대전제외)","463985","권역 간"
"2019","강원","Others","기타","대전","Daejeon","대전시","625769","권역 간"
"2019","강원","Others","기타","울산","Yeongnam","영남권","1805151","권역 간"
"2019","강원","Others","기타","경기","Capital Area","수도권","13628830","권역 간"
"2019","강원","Others","기타","강원","Others","기타","39990838","권역 내"
"2019","강원","Others","기타","충북","Chungcheong(excl. DJ)","충청권(대전제외)","5259809","권역 간"
"2019","강원","Others","기타","충남","Chungcheong(excl. DJ)","충청권(대전제외)","4809139","권역 간"
"2019","강원","Others","기타","전북","Honam","호남권","1462522","권역 간"
"2019","강원","Others","기타","전남","Honam","호남권","2175156","권역 간"
"2019","강원","Others","기타","경북","Yeongnam","영남권","6508647","권역 간"
"2019","강원","Others","기타","경남","Yeongnam","영남권","2044182","권역 간"
"2019","강원","Others","기타","제주","Others","기타","0","권역 내"
"2019","충북","Chungcheong(excl. DJ)","충청권(대전제외)","서울","Capital Area","수도권","1922404","권역 간"
"2019","충북","Chungcheong(excl. DJ)","충청권(대전제외)","부산","Yeongnam","영남권","3241416","권역 간"
"2019","충북","Chungcheong(excl. DJ)","충청권(대전제외)","대구","Yeongnam","영남권","830068","권역 간"
"2019","충북","Chungcheong(excl. DJ)","충청권(대전제외)","인천","Capital Area","수도권","1761043","권역 간"
"2019","충북","Chungcheong(excl. DJ)","충청권(대전제외)","광주","Honam","호남권","463549","권역 간"
"2019","충북","Chungcheong(excl. DJ)","충청권(대전제외)","세종","Chungcheong(excl. DJ)","충청권(대전제외)","1347315","권역 내"
"2019","충북","Chungcheong(excl. DJ)","충청권(대전제외)","대전","Daejeon","대전시","1557682","권역 간"
"2019","충북","Chungcheong(excl. DJ)","충청권(대전제외)","울산","Yeongnam","영남권","2281546","권역 간"
"2019","충북","Chungcheong(excl. DJ)","충청권(대전제외)","경기","Capital Area","수도권","13222806","권역 간"
"2019","충북","Chungcheong(excl. DJ)","충청권(대전제외)","강원","Others","기타","4329075","권역 간"
"2019","충북","Chungcheong(excl. DJ)","충청권(대전제외)","충북","Chungcheong(excl. DJ)","충청권(대전제외)","18410833","권역 내"
"2019","충북","Chungcheong(excl. DJ)","충청권(대전제외)","충남","Chungcheong(excl. DJ)","충청권(대전제외)","8437910","권역 내"
"2019","충북","Chungcheong(excl. DJ)","충청권(대전제외)","전북","Honam","호남권","1920330","권역 간"
"2019","충북","Chungcheong(excl. DJ)","충청권(대전제외)","전남","Honam","호남권","2547119","권역 간"
"2019","충북","Chungcheong(excl. DJ)","충청권(대전제외)","경북","Yeongnam","영남권","5695639","권역 간"
"2019","충북","Chungcheong(excl. DJ)","충청권(대전제외)","경남","Yeongnam","영남권","2472561","권역 간"
"2019","충북","Chungcheong(excl. DJ)","충청권(대전제외)","제주","Others","기타","0","권역 간"
"2019","충남","Chungcheong(excl. DJ)","충청권(대전제외)","서울","Capital Area","수도권","3049702","권역 간"
"2019","충남","Chungcheong(excl. DJ)","충청권(대전제외)","부산","Yeongnam","영남권","5258050","권역 간"
"2019","충남","Chungcheong(excl. DJ)","충청권(대전제외)","대구","Yeongnam","영남권","831398","권역 간"
"2019","충남","Chungcheong(excl. DJ)","충청권(대전제외)","인천","Capital Area","수도권","3522537","권역 간"
"2019","충남","Chungcheong(excl. DJ)","충청권(대전제외)","광주","Honam","호남권","831753","권역 간"
"2019","충남","Chungcheong(excl. DJ)","충청권(대전제외)","세종","Chungcheong(excl. DJ)","충청권(대전제외)","1491311","권역 내"
"2019","충남","Chungcheong(excl. DJ)","충청권(대전제외)","대전","Daejeon","대전시","2347961","권역 간"
"2019","충남","Chungcheong(excl. DJ)","충청권(대전제외)","울산","Yeongnam","영남권","2488740","권역 간"
"2019","충남","Chungcheong(excl. DJ)","충청권(대전제외)","경기","Capital Area","수도권","24584563","권역 간"
"2019","충남","Chungcheong(excl. DJ)","충청권(대전제외)","강원","Others","기타","2325474","권역 간"
"2019","충남","Chungcheong(excl. DJ)","충청권(대전제외)","충북","Chungcheong(excl. DJ)","충청권(대전제외)","6631537","권역 내"
"2019","충남","Chungcheong(excl. DJ)","충청권(대전제외)","충남","Chungcheong(excl. DJ)","충청권(대전제외)","81175357","권역 내"
"2019","충남","Chungcheong(excl. DJ)","충청권(대전제외)","전북","Honam","호남권","4327955","권역 간"
"2019","충남","Chungcheong(excl. DJ)","충청권(대전제외)","전남","Honam","호남권","3659474","권역 간"
"2019","충남","Chungcheong(excl. DJ)","충청권(대전제외)","경북","Yeongnam","영남권","5007881","권역 간"
"2019","충남","Chungcheong(excl. DJ)","충청권(대전제외)","경남","Yeongnam","영남권","2798203","권역 간"
"2019","충남","Chungcheong(excl. DJ)","충청권(대전제외)","제주","Others","기타","0","권역 간"
"2019","전북","Honam","호남권","서울","Capital Area","수도권","2208227","권역 간"
"2019","전북","Honam","호남권","부산","Yeongnam","영남권","3089907","권역 간"
"2019","전북","Honam","호남권","대구","Yeongnam","영남권","1203108","권역 간"
"2019","전북","Honam","호남권","인천","Capital Area","수도권","1688531","권역 간"
"2019","전북","Honam","호남권","광주","Honam","호남권","2159696","권역 내"
"2019","전북","Honam","호남권","세종","Chungcheong(excl. DJ)","충청권(대전제외)","696250","권역 간"
"2019","전북","Honam","호남권","대전","Daejeon","대전시","1989114","권역 간"
"2019","전북","Honam","호남권","울산","Yeongnam","영남권","1927584","권역 간"
"2019","전북","Honam","호남권","경기","Capital Area","수도권","10665850","권역 간"
"2019","전북","Honam","호남권","강원","Others","기타","2208814","권역 간"
"2019","전북","Honam","호남권","충북","Chungcheong(excl. DJ)","충청권(대전제외)","4676695","권역 간"
"2019","전북","Honam","호남권","충남","Chungcheong(excl. DJ)","충청권(대전제외)","9766402","권역 간"
"2019","전북","Honam","호남권","전북","Honam","호남권","36267802","권역 내"
"2019","전북","Honam","호남권","전남","Honam","호남권","8846343","권역 내"
"2019","전북","Honam","호남권","경북","Yeongnam","영남권","6027876","권역 간"
"2019","전북","Honam","호남권","경남","Yeongnam","영남권","4536023","권역 간"
"2019","전북","Honam","호남권","제주","Others","기타","0","권역 간"
"2019","전남","Honam","호남권","서울","Capital Area","수도권","2058909","권역 간"
"2019","전남","Honam","호남권","부산","Yeongnam","영남권","3911614","권역 간"
"2019","전남","Honam","호남권","대구","Yeongnam","영남권","1525855","권역 간"
"2019","전남","Honam","호남권","인천","Capital Area","수도권","2260270","권역 간"
"2019","전남","Honam","호남권","광주","Honam","호남권","7048069","권역 내"
"2019","전남","Honam","호남권","세종","Chungcheong(excl. DJ)","충청권(대전제외)","1676843","권역 간"
"2019","전남","Honam","호남권","대전","Daejeon","대전시","1308980","권역 간"
"2019","전남","Honam","호남권","울산","Yeongnam","영남권","4408399","권역 간"
"2019","전남","Honam","호남권","경기","Capital Area","수도권","13449679","권역 간"
"2019","전남","Honam","호남권","강원","Others","기타","3266261","권역 간"
"2019","전남","Honam","호남권","충북","Chungcheong(excl. DJ)","충청권(대전제외)","5782148","권역 간"
"2019","전남","Honam","호남권","충남","Chungcheong(excl. DJ)","충청권(대전제외)","9043056","권역 간"
"2019","전남","Honam","호남권","전북","Honam","호남권","8730761","권역 내"
"2019","전남","Honam","호남권","전남","Honam","호남권","129135963","권역 내"
"2019","전남","Honam","호남권","경북","Yeongnam","영남권","8121883","권역 간"
"2019","전남","Honam","호남권","경남","Yeongnam","영남권","9110439","권역 간"
"2019","전남","Honam","호남권","제주","Others","기타","0","권역 간"
"2019","경북","Yeongnam","영남권","서울","Capital Area","수도권","2387283","권역 간"
"2019","경북","Yeongnam","영남권","부산","Yeongnam","영남권","17204732","권역 내"
"2019","경북","Yeongnam","영남권","대구","Yeongnam","영남권","4254852","권역 내"
"2019","경북","Yeongnam","영남권","인천","Capital Area","수도권","1843616","권역 간"
"2019","경북","Yeongnam","영남권","광주","Honam","호남권","763300","권역 간"
"2019","경북","Yeongnam","영남권","세종","Chungcheong(excl. DJ)","충청권(대전제외)","490148","권역 간"
"2019","경북","Yeongnam","영남권","대전","Daejeon","대전시","1077966","권역 간"
"2019","경북","Yeongnam","영남권","울산","Yeongnam","영남권","8539236","권역 내"
"2019","경북","Yeongnam","영남권","경기","Capital Area","수도권","9416103","권역 간"
"2019","경북","Yeongnam","영남권","강원","Others","기타","3454565","권역 간"
"2019","경북","Yeongnam","영남권","충북","Chungcheong(excl. DJ)","충청권(대전제외)","5435226","권역 간"
"2019","경북","Yeongnam","영남권","충남","Chungcheong(excl. DJ)","충청권(대전제외)","5444021","권역 간"
"2019","경북","Yeongnam","영남권","전북","Honam","호남권","2203186","권역 간"
"2019","경북","Yeongnam","영남권","전남","Honam","호남권","3896714","권역 간"
"2019","경북","Yeongnam","영남권","경북","Yeongnam","영남권","63771940","권역 내"
"2019","경북","Yeongnam","영남권","경남","Yeongnam","영남권","7072812","권역 내"
"2019","경북","Yeongnam","영남권","제주","Others","기타","0","권역 간"
"2019","경남","Yeongnam","영남권","서울","Capital Area","수도권","1501038","권역 간"
"2019","경남","Yeongnam","영남권","부산","Yeongnam","영남권","28586338","권역 내"
"2019","경남","Yeongnam","영남권","대구","Yeongnam","영남권","3099498","권역 내"
"2019","경남","Yeongnam","영남권","인천","Capital Area","수도권","1500842","권역 간"
"2019","경남","Yeongnam","영남권","광주","Honam","호남권","1004416","권역 간"
"2019","경남","Yeongnam","영남권","세종","Chungcheong(excl. DJ)","충청권(대전제외)","427349","권역 간"
"2019","경남","Yeongnam","영남권","대전","Daejeon","대전시","939013","권역 간"
"2019","경남","Yeongnam","영남권","울산","Yeongnam","영남권","9404499","권역 내"
"2019","경남","Yeongnam","영남권","경기","Capital Area","수도권","8254060","권역 간"
"2019","경남","Yeongnam","영남권","강원","Others","기타","2556241","권역 간"
"2019","경남","Yeongnam","영남권","충북","Chungcheong(excl. DJ)","충청권(대전제외)","3584586","권역 간"
"2019","경남","Yeongnam","영남권","충남","Chungcheong(excl. DJ)","충청권(대전제외)","4666749","권역 간"
"2019","경남","Yeongnam","영남권","전북","Honam","호남권","2834892","권역 간"
"2019","경남","Yeongnam","영남권","전남","Honam","호남권","6928796","권역 간"
"2019","경남","Yeongnam","영남권","경북","Yeongnam","영남권","10947281","권역 내"
"2019","경남","Yeongnam","영남권","경남","Yeongnam","영남권","79738422","권역 내"
"2019","경남","Yeongnam","영남권","제주","Others","기타","0","권역 간"
"2019","제주","Others","기타","서울","Capital Area","수도권","0","권역 간"
"2019","제주","Others","기타","부산","Yeongnam","영남권","0","권역 간"
"2019","제주","Others","기타","대구","Yeongnam","영남권","0","권역 간"
"2019","제주","Others","기타","인천","Capital Area","수도권","0","권역 간"
"2019","제주","Others","기타","광주","Honam","호남권","0","권역 간"
"2019","제주","Others","기타","세종","Chungcheong(excl. DJ)","충청권(대전제외)","0","권역 간"
"2019","제주","Others","기타","대전","Daejeon","대전시","0","권역 간"
"2019","제주","Others","기타","울산","Yeongnam","영남권","0","권역 간"
"2019","제주","Others","기타","경기","Capital Area","수도권","0","권역 간"
"2019","제주","Others","기타","강원","Others","기타","0","권역 내"
"2019","제주","Others","기타","충북","Chungcheong(excl. DJ)","충청권(대전제외)","0","권역 간"
"2019","제주","Others","기타","충남","Chungcheong(excl. DJ)","충청권(대전제외)","0","권역 간"
"2019","제주","Others","기타","전북","Honam","호남권","0","권역 간"
"2019","제주","Others","기타","전남","Honam","호남권","0","권역 간"
"2019","제주","Others","기타","경북","Yeongnam","영남권","0","권역 간"
"2019","제주","Others","기타","경남","Yeongnam","영남권","0","권역 간"
"2019","제주","Others","기타","제주","Others","기타","9376659","권역 내"
"2019","세종","Chungcheong(excl. DJ)","충청권(대전제외)","서울","Capital Area","수도권","342030","권역 간"
"2019","세종","Chungcheong(excl. DJ)","충청권(대전제외)","부산","Yeongnam","영남권","480023","권역 간"
"2019","세종","Chungcheong(excl. DJ)","충청권(대전제외)","대구","Yeongnam","영남권","135665","권역 간"
"2019","세종","Chungcheong(excl. DJ)","충청권(대전제외)","인천","Capital Area","수도권","407434","권역 간"
"2019","세종","Chungcheong(excl. DJ)","충청권(대전제외)","광주","Honam","호남권","115502","권역 간"
"2019","세종","Chungcheong(excl. DJ)","충청권(대전제외)","세종","Chungcheong(excl. DJ)","충청권(대전제외)","2581444","권역 내"
"2019","세종","Chungcheong(excl. DJ)","충청권(대전제외)","대전","Daejeon","대전시","649624","권역 간"
"2019","세종","Chungcheong(excl. DJ)","충청권(대전제외)","울산","Yeongnam","영남권","293245","권역 간"
"2019","세종","Chungcheong(excl. DJ)","충청권(대전제외)","경기","Capital Area","수도권","3200579","권역 간"
"2019","세종","Chungcheong(excl. DJ)","충청권(대전제외)","강원","Others","기타","555895","권역 간"
"2019","세종","Chungcheong(excl. DJ)","충청권(대전제외)","충북","Chungcheong(excl. DJ)","충청권(대전제외)","3898433","권역 내"
"2019","세종","Chungcheong(excl. DJ)","충청권(대전제외)","충남","Chungcheong(excl. DJ)","충청권(대전제외)","4668356","권역 내"
"2019","세종","Chungcheong(excl. DJ)","충청권(대전제외)","전북","Honam","호남권","563421","권역 간"
"2019","세종","Chungcheong(excl. DJ)","충청권(대전제외)","전남","Honam","호남권","634206","권역 간"
"2019","세종","Chungcheong(excl. DJ)","충청권(대전제외)","경북","Yeongnam","영남권","1301929","권역 간"
"2019","세종","Chungcheong(excl. DJ)","충청권(대전제외)","경남","Yeongnam","영남권","471805","권역 간"
"2019","세종","Chungcheong(excl. DJ)","충청권(대전제외)","제주","Others","기타","0","권역 간"
"2020","서울","Capital Area","수도권","서울","Capital Area","수도권","32668611","권역 내"
"2020","서울","Capital Area","수도권","부산","Yeongnam","영남권","879870","권역 간"
"2020","서울","Capital Area","수도권","대구","Yeongnam","영남권","246905","권역 간"
"2020","서울","Capital Area","수도권","인천","Capital Area","수도권","1622015","권역 내"
"2020","서울","Capital Area","수도권","광주","Honam","호남권","181615","권역 간"
"2020","서울","Capital Area","수도권","세종","Chungcheong(excl. DJ)","충청권(대전제외)","117497","권역 간"
"2020","서울","Capital Area","수도권","대전","Daejeon","대전시","294377","권역 간"
"2020","서울","Capital Area","수도권","울산","Yeongnam","영남권","429498","권역 간"
"2020","서울","Capital Area","수도권","경기","Capital Area","수도권","16739449","권역 내"
"2020","서울","Capital Area","수도권","강원","Others","기타","858841","권역 간"
"2020","서울","Capital Area","수도권","충북","Chungcheong(excl. DJ)","충청권(대전제외)","1086555","권역 간"
"2020","서울","Capital Area","수도권","충남","Chungcheong(excl. DJ)","충청권(대전제외)","1608799","권역 간"
"2020","서울","Capital Area","수도권","전북","Honam","호남권","249708","권역 간"
"2020","서울","Capital Area","수도권","전남","Honam","호남권","509461","권역 간"
"2020","서울","Capital Area","수도권","경북","Yeongnam","영남권","1233957","권역 간"
"2020","서울","Capital Area","수도권","경남","Yeongnam","영남권","758943","권역 간"
"2020","서울","Capital Area","수도권","제주","Others","기타","0","권역 간"
"2020","부산","Yeongnam","영남권","서울","Capital Area","수도권","1732550","권역 간"
"2020","부산","Yeongnam","영남권","부산","Yeongnam","영남권","38446239","권역 내"
"2020","부산","Yeongnam","영남권","대구","Yeongnam","영남권","1722556","권역 내"
"2020","부산","Yeongnam","영남권","인천","Capital Area","수도권","3479945","권역 간"
"2020","부산","Yeongnam","영남권","광주","Honam","호남권","880264","권역 간"
"2020","부산","Yeongnam","영남권","세종","Chungcheong(excl. DJ)","충청권(대전제외)","553008","권역 간"
"2020","부산","Yeongnam","영남권","대전","Daejeon","대전시","688262","권역 간"
"2020","부산","Yeongnam","영남권","울산","Yeongnam","영남권","12632453","권역 내"
"2020","부산","Yeongnam","영남권","경기","Capital Area","수도권","17096810","권역 간"
"2020","부산","Yeongnam","영남권","강원","Others","기타","686200","권역 간"
"2020","부산","Yeongnam","영남권","충북","Chungcheong(excl. DJ)","충청권(대전제외)","4149408","권역 간"
"2020","부산","Yeongnam","영남권","충남","Chungcheong(excl. DJ)","충청권(대전제외)","3945331","권역 간"
"2020","부산","Yeongnam","영남권","전북","Honam","호남권","1505459","권역 간"
"2020","부산","Yeongnam","영남권","전남","Honam","호남권","2262487","권역 간"
"2020","부산","Yeongnam","영남권","경북","Yeongnam","영남권","10707194","권역 내"
"2020","부산","Yeongnam","영남권","경남","Yeongnam","영남권","21064077","권역 내"
"2020","부산","Yeongnam","영남권","제주","Others","기타","0","권역 간"
"2020","대구","Yeongnam","영남권","서울","Capital Area","수도권","771193","권역 간"
"2020","대구","Yeongnam","영남권","부산","Yeongnam","영남권","3228088","권역 내"
"2020","대구","Yeongnam","영남권","대구","Yeongnam","영남권","11159681","권역 내"
"2020","대구","Yeongnam","영남권","인천","Capital Area","수도권","410669","권역 간"
"2020","대구","Yeongnam","영남권","광주","Honam","호남권","312874","권역 간"
"2020","대구","Yeongnam","영남권","세종","Chungcheong(excl. DJ)","충청권(대전제외)","129262","권역 간"
"2020","대구","Yeongnam","영남권","대전","Daejeon","대전시","318716","권역 간"
"2020","대구","Yeongnam","영남권","울산","Yeongnam","영남권","1738290","권역 내"
"2020","대구","Yeongnam","영남권","경기","Capital Area","수도권","2468148","권역 간"
"2020","대구","Yeongnam","영남권","강원","Others","기타","500323","권역 간"
"2020","대구","Yeongnam","영남권","충북","Chungcheong(excl. DJ)","충청권(대전제외)","1179669","권역 간"
"2020","대구","Yeongnam","영남권","충남","Chungcheong(excl. DJ)","충청권(대전제외)","1631557","권역 간"
"2020","대구","Yeongnam","영남권","전북","Honam","호남권","597265","권역 간"
"2020","대구","Yeongnam","영남권","전남","Honam","호남권","874038","권역 간"
"2020","대구","Yeongnam","영남권","경북","Yeongnam","영남권","8503959","권역 내"
"2020","대구","Yeongnam","영남권","경남","Yeongnam","영남권","3482021","권역 내"
"2020","대구","Yeongnam","영남권","제주","Others","기타","0","권역 간"
"2020","인천","Capital Area","수도권","서울","Capital Area","수도권","12490451","권역 내"
"2020","인천","Capital Area","수도권","부산","Yeongnam","영남권","3187858","권역 간"
"2020","인천","Capital Area","수도권","대구","Yeongnam","영남권","627813","권역 간"
"2020","인천","Capital Area","수도권","인천","Capital Area","수도권","95444949","권역 내"
"2020","인천","Capital Area","수도권","광주","Honam","호남권","525339","권역 간"
"2020","인천","Capital Area","수도권","세종","Chungcheong(excl. DJ)","충청권(대전제외)","557576","권역 간"
"2020","인천","Capital Area","수도권","대전","Daejeon","대전시","993047","권역 간"
"2020","인천","Capital Area","수도권","울산","Yeongnam","영남권","2564670","권역 간"
"2020","인천","Capital Area","수도권","경기","Capital Area","수도권","67032872","권역 내"
"2020","인천","Capital Area","수도권","강원","Others","기타","3639138","권역 간"
"2020","인천","Capital Area","수도권","충북","Chungcheong(excl. DJ)","충청권(대전제외)","4959200","권역 간"
"2020","인천","Capital Area","수도권","충남","Chungcheong(excl. DJ)","충청권(대전제외)","9916943","권역 간"
"2020","인천","Capital Area","수도권","전북","Honam","호남권","1696618","권역 간"
"2020","인천","Capital Area","수도권","전남","Honam","호남권","3817676","권역 간"
"2020","인천","Capital Area","수도권","경북","Yeongnam","영남권","4716171","권역 간"
"2020","인천","Capital Area","수도권","경남","Yeongnam","영남권","2471224","권역 간"
"2020","인천","Capital Area","수도권","제주","Others","기타","0","권역 간"
"2020","광주","Honam","호남권","서울","Capital Area","수도권","432618","권역 간"
"2020","광주","Honam","호남권","부산","Yeongnam","영남권","2265410","권역 간"
"2020","광주","Honam","호남권","대구","Yeongnam","영남권","225510","권역 간"
"2020","광주","Honam","호남권","인천","Capital Area","수도권","384491","권역 간"
"2020","광주","Honam","호남권","광주","Honam","호남권","7018146","권역 내"
"2020","광주","Honam","호남권","세종","Chungcheong(excl. DJ)","충청권(대전제외)","53169","권역 간"
"2020","광주","Honam","호남권","대전","Daejeon","대전시","216503","권역 간"
"2020","광주","Honam","호남권","울산","Yeongnam","영남권","869361","권역 간"
"2020","광주","Honam","호남권","경기","Capital Area","수도권","1854397","권역 간"
"2020","광주","Honam","호남권","강원","Others","기타","178955","권역 간"
"2020","광주","Honam","호남권","충북","Chungcheong(excl. DJ)","충청권(대전제외)","480773","권역 간"
"2020","광주","Honam","호남권","충남","Chungcheong(excl. DJ)","충청권(대전제외)","1101507","권역 간"
"2020","광주","Honam","호남권","전북","Honam","호남권","928817","권역 내"
"2020","광주","Honam","호남권","전남","Honam","호남권","8052783","권역 내"
"2020","광주","Honam","호남권","경북","Yeongnam","영남권","951554","권역 간"
"2020","광주","Honam","호남권","경남","Yeongnam","영남권","1163219","권역 간"
"2020","광주","Honam","호남권","제주","Others","기타","0","권역 간"
"2020","대전","Daejeon","대전시","서울","Capital Area","수도권","193396","권역 간"
"2020","대전","Daejeon","대전시","부산","Yeongnam","영남권","1317637","권역 간"
"2020","대전","Daejeon","대전시","대구","Yeongnam","영남권","84226","권역 간"
"2020","대전","Daejeon","대전시","인천","Capital Area","수도권","239712","권역 간"
"2020","대전","Daejeon","대전시","광주","Honam","호남권","75339","권역 간"
"2020","대전","Daejeon","대전시","세종","Chungcheong(excl. DJ)","충청권(대전제외)","117059","권역 간"
"2020","대전","Daejeon","대전시","대전","Daejeon","대전시","4042179","권역 내"
"2020","대전","Daejeon","대전시","울산","Yeongnam","영남권","249076","권역 간"
"2020","대전","Daejeon","대전시","경기","Capital Area","수도권","922966","권역 간"
"2020","대전","Daejeon","대전시","강원","Others","기타","119361","권역 간"
"2020","대전","Daejeon","대전시","충북","Chungcheong(excl. DJ)","충청권(대전제외)","754804","권역 간"
"2020","대전","Daejeon","대전시","충남","Chungcheong(excl. DJ)","충청권(대전제외)","964371","권역 간"
"2020","대전","Daejeon","대전시","전북","Honam","호남권","210730","권역 간"
"2020","대전","Daejeon","대전시","전남","Honam","호남권","328154","권역 간"
"2020","대전","Daejeon","대전시","경북","Yeongnam","영남권","582819","권역 간"
"2020","대전","Daejeon","대전시","경남","Yeongnam","영남권","288464","권역 간"
"2020","대전","Daejeon","대전시","제주","Others","기타","0","권역 간"
"2020","울산","Yeongnam","영남권","서울","Capital Area","수도권","304135","권역 간"
"2020","울산","Yeongnam","영남권","부산","Yeongnam","영남권","14046251","권역 내"
"2020","울산","Yeongnam","영남권","대구","Yeongnam","영남권","635310","권역 내"
"2020","울산","Yeongnam","영남권","인천","Capital Area","수도권","403544","권역 간"
"2020","울산","Yeongnam","영남권","광주","Honam","호남권","210701","권역 간"
"2020","울산","Yeongnam","영남권","세종","Chungcheong(excl. DJ)","충청권(대전제외)","76411","권역 간"
"2020","울산","Yeongnam","영남권","대전","Daejeon","대전시","175649","권역 간"
"2020","울산","Yeongnam","영남권","울산","Yeongnam","영남권","92380440","권역 내"
"2020","울산","Yeongnam","영남권","경기","Capital Area","수도권","2010877","권역 간"
"2020","울산","Yeongnam","영남권","강원","Others","기타","446986","권역 간"
"2020","울산","Yeongnam","영남권","충북","Chungcheong(excl. DJ)","충청권(대전제외)","759505","권역 간"
"2020","울산","Yeongnam","영남권","충남","Chungcheong(excl. DJ)","충청권(대전제외)","1225071","권역 간"
"2020","울산","Yeongnam","영남권","전북","Honam","호남권","455225","권역 간"
"2020","울산","Yeongnam","영남권","전남","Honam","호남권","1537187","권역 간"
"2020","울산","Yeongnam","영남권","경북","Yeongnam","영남권","4666355","권역 내"
"2020","울산","Yeongnam","영남권","경남","Yeongnam","영남권","4028206","권역 내"
"2020","울산","Yeongnam","영남권","제주","Others","기타","0","권역 간"
"2020","경기","Capital Area","수도권","서울","Capital Area","수도권","20980390","권역 내"
"2020","경기","Capital Area","수도권","부산","Yeongnam","영남권","16758236","권역 간"
"2020","경기","Capital Area","수도권","대구","Yeongnam","영남권","1523411","권역 간"
"2020","경기","Capital Area","수도권","인천","Capital Area","수도권","18413459","권역 내"
"2020","경기","Capital Area","수도권","광주","Honam","호남권","1235762","권역 간"
"2020","경기","Capital Area","수도권","세종","Chungcheong(excl. DJ)","충청권(대전제외)","1330598","권역 간"
"2020","경기","Capital Area","수도권","대전","Daejeon","대전시","2736630","권역 간"
"2020","경기","Capital Area","수도권","울산","Yeongnam","영남권","4388180","권역 간"
"2020","경기","Capital Area","수도권","경기","Capital Area","수도권","137702306","권역 내"
"2020","경기","Capital Area","수도권","강원","Others","기타","6646866","권역 간"
"2020","경기","Capital Area","수도권","충북","Chungcheong(excl. DJ)","충청권(대전제외)","13243197","권역 간"
"2020","경기","Capital Area","수도권","충남","Chungcheong(excl. DJ)","충청권(대전제외)","38717686","권역 간"
"2020","경기","Capital Area","수도권","전북","Honam","호남권","4362687","권역 간"
"2020","경기","Capital Area","수도권","전남","Honam","호남권","4868620","권역 간"
"2020","경기","Capital Area","수도권","경북","Yeongnam","영남권","9837422","권역 간"
"2020","경기","Capital Area","수도권","경남","Yeongnam","영남권","5263844","권역 간"
"2020","경기","Capital Area","수도권","제주","Others","기타","0","권역 간"
"2020","강원","Others","기타","서울","Capital Area","수도권","2069045","권역 간"
"2020","강원","Others","기타","부산","Yeongnam","영남권","1650677","권역 간"
"2020","강원","Others","기타","대구","Yeongnam","영남권","891337","권역 간"
"2020","강원","Others","기타","인천","Capital Area","수도권","1485520","권역 간"
"2020","강원","Others","기타","광주","Honam","호남권","361939","권역 간"
"2020","강원","Others","기타","세종","Chungcheong(excl. DJ)","충청권(대전제외)","508818","권역 간"
"2020","강원","Others","기타","대전","Daejeon","대전시","668926","권역 간"
"2020","강원","Others","기타","울산","Yeongnam","영남권","2063055","권역 간"
"2020","강원","Others","기타","경기","Capital Area","수도권","14098674","권역 간"
"2020","강원","Others","기타","강원","Others","기타","36629399","권역 내"
"2020","강원","Others","기타","충북","Chungcheong(excl. DJ)","충청권(대전제외)","5692567","권역 간"
"2020","강원","Others","기타","충남","Chungcheong(excl. DJ)","충청권(대전제외)","4990576","권역 간"
"2020","강원","Others","기타","전북","Honam","호남권","1634893","권역 간"
"2020","강원","Others","기타","전남","Honam","호남권","2417066","권역 간"
"2020","강원","Others","기타","경북","Yeongnam","영남권","7488028","권역 간"
"2020","강원","Others","기타","경남","Yeongnam","영남권","2438446","권역 간"
"2020","강원","Others","기타","제주","Others","기타","0","권역 내"
"2020","충북","Chungcheong(excl. DJ)","충청권(대전제외)","서울","Capital Area","수도권","1846122","권역 간"
"2020","충북","Chungcheong(excl. DJ)","충청권(대전제외)","부산","Yeongnam","영남권","3227865","권역 간"
"2020","충북","Chungcheong(excl. DJ)","충청권(대전제외)","대구","Yeongnam","영남권","945603","권역 간"
"2020","충북","Chungcheong(excl. DJ)","충청권(대전제외)","인천","Capital Area","수도권","1347345","권역 간"
"2020","충북","Chungcheong(excl. DJ)","충청권(대전제외)","광주","Honam","호남권","464930","권역 간"
"2020","충북","Chungcheong(excl. DJ)","충청권(대전제외)","세종","Chungcheong(excl. DJ)","충청권(대전제외)","1414284","권역 내"
"2020","충북","Chungcheong(excl. DJ)","충청권(대전제외)","대전","Daejeon","대전시","1576999","권역 간"
"2020","충북","Chungcheong(excl. DJ)","충청권(대전제외)","울산","Yeongnam","영남권","2307201","권역 간"
"2020","충북","Chungcheong(excl. DJ)","충청권(대전제외)","경기","Capital Area","수도권","12709896","권역 간"
"2020","충북","Chungcheong(excl. DJ)","충청권(대전제외)","강원","Others","기타","4276163","권역 간"
"2020","충북","Chungcheong(excl. DJ)","충청권(대전제외)","충북","Chungcheong(excl. DJ)","충청권(대전제외)","18810808","권역 내"
"2020","충북","Chungcheong(excl. DJ)","충청권(대전제외)","충남","Chungcheong(excl. DJ)","충청권(대전제외)","8215914","권역 내"
"2020","충북","Chungcheong(excl. DJ)","충청권(대전제외)","전북","Honam","호남권","1999292","권역 간"
"2020","충북","Chungcheong(excl. DJ)","충청권(대전제외)","전남","Honam","호남권","2571479","권역 간"
"2020","충북","Chungcheong(excl. DJ)","충청권(대전제외)","경북","Yeongnam","영남권","6112245","권역 간"
"2020","충북","Chungcheong(excl. DJ)","충청권(대전제외)","경남","Yeongnam","영남권","2628267","권역 간"
"2020","충북","Chungcheong(excl. DJ)","충청권(대전제외)","제주","Others","기타","0","권역 간"
"2020","충남","Chungcheong(excl. DJ)","충청권(대전제외)","서울","Capital Area","수도권","3218660","권역 간"
"2020","충남","Chungcheong(excl. DJ)","충청권(대전제외)","부산","Yeongnam","영남권","5235730","권역 간"
"2020","충남","Chungcheong(excl. DJ)","충청권(대전제외)","대구","Yeongnam","영남권","1000850","권역 간"
"2020","충남","Chungcheong(excl. DJ)","충청권(대전제외)","인천","Capital Area","수도권","3250221","권역 간"
"2020","충남","Chungcheong(excl. DJ)","충청권(대전제외)","광주","Honam","호남권","890142","권역 간"
"2020","충남","Chungcheong(excl. DJ)","충청권(대전제외)","세종","Chungcheong(excl. DJ)","충청권(대전제외)","1662469","권역 내"
"2020","충남","Chungcheong(excl. DJ)","충청권(대전제외)","대전","Daejeon","대전시","2535641","권역 간"
"2020","충남","Chungcheong(excl. DJ)","충청권(대전제외)","울산","Yeongnam","영남권","2828489","권역 간"
"2020","충남","Chungcheong(excl. DJ)","충청권(대전제외)","경기","Capital Area","수도권","25980168","권역 간"
"2020","충남","Chungcheong(excl. DJ)","충청권(대전제외)","강원","Others","기타","2584696","권역 간"
"2020","충남","Chungcheong(excl. DJ)","충청권(대전제외)","충북","Chungcheong(excl. DJ)","충청권(대전제외)","7269432","권역 내"
"2020","충남","Chungcheong(excl. DJ)","충청권(대전제외)","충남","Chungcheong(excl. DJ)","충청권(대전제외)","77271817","권역 내"
"2020","충남","Chungcheong(excl. DJ)","충청권(대전제외)","전북","Honam","호남권","4777632","권역 간"
"2020","충남","Chungcheong(excl. DJ)","충청권(대전제외)","전남","Honam","호남권","4151459","권역 간"
"2020","충남","Chungcheong(excl. DJ)","충청권(대전제외)","경북","Yeongnam","영남권","5727406","권역 간"
"2020","충남","Chungcheong(excl. DJ)","충청권(대전제외)","경남","Yeongnam","영남권","3181443","권역 간"
"2020","충남","Chungcheong(excl. DJ)","충청권(대전제외)","제주","Others","기타","0","권역 간"
"2020","전북","Honam","호남권","서울","Capital Area","수도권","2268456","권역 간"
"2020","전북","Honam","호남권","부산","Yeongnam","영남권","3037156","권역 간"
"2020","전북","Honam","호남권","대구","Yeongnam","영남권","1268782","권역 간"
"2020","전북","Honam","호남권","인천","Capital Area","수도권","1386895","권역 간"
"2020","전북","Honam","호남권","광주","Honam","호남권","2187586","권역 내"
"2020","전북","Honam","호남권","세종","Chungcheong(excl. DJ)","충청권(대전제외)","683338","권역 간"
"2020","전북","Honam","호남권","대전","Daejeon","대전시","1965197","권역 간"
"2020","전북","Honam","호남권","울산","Yeongnam","영남권","1994334","권역 간"
"2020","전북","Honam","호남권","경기","Capital Area","수도권","10431422","권역 간"
"2020","전북","Honam","호남권","강원","Others","기타","2099421","권역 간"
"2020","전북","Honam","호남권","충북","Chungcheong(excl. DJ)","충청권(대전제외)","4581243","권역 간"
"2020","전북","Honam","호남권","충남","Chungcheong(excl. DJ)","충청권(대전제외)","9482624","권역 간"
"2020","전북","Honam","호남권","전북","Honam","호남권","35101162","권역 내"
"2020","전북","Honam","호남권","전남","Honam","호남권","8702205","권역 내"
"2020","전북","Honam","호남권","경북","Yeongnam","영남권","6177346","권역 간"
"2020","전북","Honam","호남권","경남","Yeongnam","영남권","4677727","권역 간"
"2020","전북","Honam","호남권","제주","Others","기타","0","권역 간"
"2020","전남","Honam","호남권","서울","Capital Area","수도권","1860580","권역 간"
"2020","전남","Honam","호남권","부산","Yeongnam","영남권","4108442","권역 간"
"2020","전남","Honam","호남권","대구","Yeongnam","영남권","1574577","권역 간"
"2020","전남","Honam","호남권","인천","Capital Area","수도권","1541310","권역 간"
"2020","전남","Honam","호남권","광주","Honam","호남권","7172901","권역 내"
"2020","전남","Honam","호남권","세종","Chungcheong(excl. DJ)","충청권(대전제외)","1629672","권역 간"
"2020","전남","Honam","호남권","대전","Daejeon","대전시","1228904","권역 간"
"2020","전남","Honam","호남권","울산","Yeongnam","영남권","4871732","권역 간"
"2020","전남","Honam","호남권","경기","Capital Area","수도권","12011279","권역 간"
"2020","전남","Honam","호남권","강원","Others","기타","2816975","권역 간"
"2020","전남","Honam","호남권","충북","Chungcheong(excl. DJ)","충청권(대전제외)","5390504","권역 간"
"2020","전남","Honam","호남권","충남","Chungcheong(excl. DJ)","충청권(대전제외)","8303445","권역 간"
"2020","전남","Honam","호남권","전북","Honam","호남권","8366904","권역 내"
"2020","전남","Honam","호남권","전남","Honam","호남권","122266607","권역 내"
"2020","전남","Honam","호남권","경북","Yeongnam","영남권","8304798","권역 간"
"2020","전남","Honam","호남권","경남","Yeongnam","영남권","9289769","권역 간"
"2020","전남","Honam","호남권","제주","Others","기타","0","권역 간"
"2020","경북","Yeongnam","영남권","서울","Capital Area","수도권","1832623","권역 간"
"2020","경북","Yeongnam","영남권","부산","Yeongnam","영남권","16312443","권역 내"
"2020","경북","Yeongnam","영남권","대구","Yeongnam","영남권","4179689","권역 내"
"2020","경북","Yeongnam","영남권","인천","Capital Area","수도권","1356152","권역 간"
"2020","경북","Yeongnam","영남권","광주","Honam","호남권","776795","권역 간"
"2020","경북","Yeongnam","영남권","세종","Chungcheong(excl. DJ)","충청권(대전제외)","424484","권역 간"
"2020","경북","Yeongnam","영남권","대전","Daejeon","대전시","988440","권역 간"
"2020","경북","Yeongnam","영남권","울산","Yeongnam","영남권","8299089","권역 내"
"2020","경북","Yeongnam","영남권","경기","Capital Area","수도권","8288409","권역 간"
"2020","경북","Yeongnam","영남권","강원","Others","기타","3001646","권역 간"
"2020","경북","Yeongnam","영남권","충북","Chungcheong(excl. DJ)","충청권(대전제외)","4740100","권역 간"
"2020","경북","Yeongnam","영남권","충남","Chungcheong(excl. DJ)","충청권(대전제외)","4865969","권역 간"
"2020","경북","Yeongnam","영남권","전북","Honam","호남권","1979556","권역 간"
"2020","경북","Yeongnam","영남권","전남","Honam","호남권","3474456","권역 간"
"2020","경북","Yeongnam","영남권","경북","Yeongnam","영남권","60789502","권역 내"
"2020","경북","Yeongnam","영남권","경남","Yeongnam","영남권","6901430","권역 내"
"2020","경북","Yeongnam","영남권","제주","Others","기타","0","권역 간"
"2020","경남","Yeongnam","영남권","서울","Capital Area","수도권","1345938","권역 간"
"2020","경남","Yeongnam","영남권","부산","Yeongnam","영남권","27139453","권역 내"
"2020","경남","Yeongnam","영남권","대구","Yeongnam","영남권","2950726","권역 내"
"2020","경남","Yeongnam","영남권","인천","Capital Area","수도권","1012331","권역 간"
"2020","경남","Yeongnam","영남권","광주","Honam","호남권","959178","권역 간"
"2020","경남","Yeongnam","영남권","세종","Chungcheong(excl. DJ)","충청권(대전제외)","344685","권역 간"
"2020","경남","Yeongnam","영남권","대전","Daejeon","대전시","830463","권역 간"
"2020","경남","Yeongnam","영남권","울산","Yeongnam","영남권","9841903","권역 내"
"2020","경남","Yeongnam","영남권","경기","Capital Area","수도권","6800034","권역 간"
"2020","경남","Yeongnam","영남권","강원","Others","기타","1903285","권역 간"
"2020","경남","Yeongnam","영남권","충북","Chungcheong(excl. DJ)","충청권(대전제외)","3011408","권역 간"
"2020","경남","Yeongnam","영남권","충남","Chungcheong(excl. DJ)","충청권(대전제외)","4044465","권역 간"
"2020","경남","Yeongnam","영남권","전북","Honam","호남권","2440337","권역 간"
"2020","경남","Yeongnam","영남권","전남","Honam","호남권","6393940","권역 간"
"2020","경남","Yeongnam","영남권","경북","Yeongnam","영남권","10424454","권역 내"
"2020","경남","Yeongnam","영남권","경남","Yeongnam","영남권","69045854","권역 내"
"2020","경남","Yeongnam","영남권","제주","Others","기타","0","권역 간"
"2020","제주","Others","기타","서울","Capital Area","수도권","0","권역 간"
"2020","제주","Others","기타","부산","Yeongnam","영남권","0","권역 간"
"2020","제주","Others","기타","대구","Yeongnam","영남권","0","권역 간"
"2020","제주","Others","기타","인천","Capital Area","수도권","0","권역 간"
"2020","제주","Others","기타","광주","Honam","호남권","0","권역 간"
"2020","제주","Others","기타","세종","Chungcheong(excl. DJ)","충청권(대전제외)","0","권역 간"
"2020","제주","Others","기타","대전","Daejeon","대전시","0","권역 간"
"2020","제주","Others","기타","울산","Yeongnam","영남권","0","권역 간"
"2020","제주","Others","기타","경기","Capital Area","수도권","0","권역 간"
"2020","제주","Others","기타","강원","Others","기타","0","권역 내"
"2020","제주","Others","기타","충북","Chungcheong(excl. DJ)","충청권(대전제외)","0","권역 간"
"2020","제주","Others","기타","충남","Chungcheong(excl. DJ)","충청권(대전제외)","0","권역 간"
"2020","제주","Others","기타","전북","Honam","호남권","0","권역 간"
"2020","제주","Others","기타","전남","Honam","호남권","0","권역 간"
"2020","제주","Others","기타","경북","Yeongnam","영남권","0","권역 간"
"2020","제주","Others","기타","경남","Yeongnam","영남권","0","권역 간"
"2020","제주","Others","기타","제주","Others","기타","9123013","권역 내"
"2020","세종","Chungcheong(excl. DJ)","충청권(대전제외)","서울","Capital Area","수도권","323739","권역 간"
"2020","세종","Chungcheong(excl. DJ)","충청권(대전제외)","부산","Yeongnam","영남권","449627","권역 간"
"2020","세종","Chungcheong(excl. DJ)","충청권(대전제외)","대구","Yeongnam","영남권","147691","권역 간"
"2020","세종","Chungcheong(excl. DJ)","충청권(대전제외)","인천","Capital Area","수도권","298813","권역 간"
"2020","세종","Chungcheong(excl. DJ)","충청권(대전제외)","광주","Honam","호남권","108438","권역 간"
"2020","세종","Chungcheong(excl. DJ)","충청권(대전제외)","세종","Chungcheong(excl. DJ)","충청권(대전제외)","2363623","권역 내"
"2020","세종","Chungcheong(excl. DJ)","충청권(대전제외)","대전","Daejeon","대전시","607431","권역 간"
"2020","세종","Chungcheong(excl. DJ)","충청권(대전제외)","울산","Yeongnam","영남권","307115","권역 간"
"2020","세종","Chungcheong(excl. DJ)","충청권(대전제외)","경기","Capital Area","수도권","2737789","권역 간"
"2020","세종","Chungcheong(excl. DJ)","충청권(대전제외)","강원","Others","기타","487486","권역 간"
"2020","세종","Chungcheong(excl. DJ)","충청권(대전제외)","충북","Chungcheong(excl. DJ)","충청권(대전제외)","3494556","권역 내"
"2020","세종","Chungcheong(excl. DJ)","충청권(대전제외)","충남","Chungcheong(excl. DJ)","충청권(대전제외)","4030889","권역 내"
"2020","세종","Chungcheong(excl. DJ)","충청권(대전제외)","전북","Honam","호남권","529705","권역 간"
"2020","세종","Chungcheong(excl. DJ)","충청권(대전제외)","전남","Honam","호남권","613294","권역 간"
"2020","세종","Chungcheong(excl. DJ)","충청권(대전제외)","경북","Yeongnam","영남권","1208162","권역 간"
"2020","세종","Chungcheong(excl. DJ)","충청권(대전제외)","경남","Yeongnam","영남권","465389","권역 간"
"2020","세종","Chungcheong(excl. DJ)","충청권(대전제외)","제주","Others","기타","0","권역 간"
"2021","서울","Capital Area","수도권","서울","Capital Area","수도권","35820763","권역 내"
"2021","서울","Capital Area","수도권","부산","Yeongnam","영남권","1028857","권역 간"
"2021","서울","Capital Area","수도권","대구","Yeongnam","영남권","289488","권역 간"
"2021","서울","Capital Area","수도권","인천","Capital Area","수도권","1806951","권역 내"
"2021","서울","Capital Area","수도권","광주","Honam","호남권","213471","권역 간"
"2021","서울","Capital Area","수도권","세종","Chungcheong(excl. DJ)","충청권(대전제외)","134196","권역 간"
"2021","서울","Capital Area","수도권","대전","Daejeon","대전시","340934","권역 간"
"2021","서울","Capital Area","수도권","울산","Yeongnam","영남권","609983","권역 간"
"2021","서울","Capital Area","수도권","경기","Capital Area","수도권","18468535","권역 내"
"2021","서울","Capital Area","수도권","강원","Others","기타","995461","권역 간"
"2021","서울","Capital Area","수도권","충북","Chungcheong(excl. DJ)","충청권(대전제외)","1237892","권역 간"
"2021","서울","Capital Area","수도권","충남","Chungcheong(excl. DJ)","충청권(대전제외)","1894318","권역 간"
"2021","서울","Capital Area","수도권","전북","Honam","호남권","281431","권역 간"
"2021","서울","Capital Area","수도권","전남","Honam","호남권","699408","권역 간"
"2021","서울","Capital Area","수도권","경북","Yeongnam","영남권","1442676","권역 간"
"2021","서울","Capital Area","수도권","경남","Yeongnam","영남권","901098","권역 간"
"2021","서울","Capital Area","수도권","제주","Others","기타","0","권역 간"
"2021","부산","Yeongnam","영남권","서울","Capital Area","수도권","1778726","권역 간"
"2021","부산","Yeongnam","영남권","부산","Yeongnam","영남권","41926722","권역 내"
"2021","부산","Yeongnam","영남권","대구","Yeongnam","영남권","1871581","권역 내"
"2021","부산","Yeongnam","영남권","인천","Capital Area","수도권","3567405","권역 간"
"2021","부산","Yeongnam","영남권","광주","Honam","호남권","932604","권역 간"
"2021","부산","Yeongnam","영남권","세종","Chungcheong(excl. DJ)","충청권(대전제외)","597952","권역 간"
"2021","부산","Yeongnam","영남권","대전","Daejeon","대전시","720759","권역 간"
"2021","부산","Yeongnam","영남권","울산","Yeongnam","영남권","13254480","권역 내"
"2021","부산","Yeongnam","영남권","경기","Capital Area","수도권","17910171","권역 간"
"2021","부산","Yeongnam","영남권","강원","Others","기타","767964","권역 간"
"2021","부산","Yeongnam","영남권","충북","Chungcheong(excl. DJ)","충청권(대전제외)","4428011","권역 간"
"2021","부산","Yeongnam","영남권","충남","Chungcheong(excl. DJ)","충청권(대전제외)","4076760","권역 간"
"2021","부산","Yeongnam","영남권","전북","Honam","호남권","1551987","권역 간"
"2021","부산","Yeongnam","영남권","전남","Honam","호남권","2461425","권역 간"
"2021","부산","Yeongnam","영남권","경북","Yeongnam","영남권","11577889","권역 내"
"2021","부산","Yeongnam","영남권","경남","Yeongnam","영남권","22807538","권역 내"
"2021","부산","Yeongnam","영남권","제주","Others","기타","0","권역 간"
"2021","대구","Yeongnam","영남권","서울","Capital Area","수도권","703622","권역 간"
"2021","대구","Yeongnam","영남권","부산","Yeongnam","영남권","3463283","권역 내"
"2021","대구","Yeongnam","영남권","대구","Yeongnam","영남권","11362561","권역 내"
"2021","대구","Yeongnam","영남권","인천","Capital Area","수도권","406084","권역 간"
"2021","대구","Yeongnam","영남권","광주","Honam","호남권","294949","권역 간"
"2021","대구","Yeongnam","영남권","세종","Chungcheong(excl. DJ)","충청권(대전제외)","130375","권역 간"
"2021","대구","Yeongnam","영남권","대전","Daejeon","대전시","312078","권역 간"
"2021","대구","Yeongnam","영남권","울산","Yeongnam","영남권","1720047","권역 내"
"2021","대구","Yeongnam","영남권","경기","Capital Area","수도권","2359284","권역 간"
"2021","대구","Yeongnam","영남권","강원","Others","기타","491472","권역 간"
"2021","대구","Yeongnam","영남권","충북","Chungcheong(excl. DJ)","충청권(대전제외)","1146245","권역 간"
"2021","대구","Yeongnam","영남권","충남","Chungcheong(excl. DJ)","충청권(대전제외)","1590905","권역 간"
"2021","대구","Yeongnam","영남권","전북","Honam","호남권","573326","권역 간"
"2021","대구","Yeongnam","영남권","전남","Honam","호남권","865550","권역 간"
"2021","대구","Yeongnam","영남권","경북","Yeongnam","영남권","8258078","권역 내"
"2021","대구","Yeongnam","영남권","경남","Yeongnam","영남권","3385826","권역 내"
"2021","대구","Yeongnam","영남권","제주","Others","기타","0","권역 간"
"2021","인천","Capital Area","수도권","서울","Capital Area","수도권","12312791","권역 내"
"2021","인천","Capital Area","수도권","부산","Yeongnam","영남권","3492160","권역 간"
"2021","인천","Capital Area","수도권","대구","Yeongnam","영남권","665359","권역 간"
"2021","인천","Capital Area","수도권","인천","Capital Area","수도권","96896361","권역 내"
"2021","인천","Capital Area","수도권","광주","Honam","호남권","526224","권역 간"
"2021","인천","Capital Area","수도권","세종","Chungcheong(excl. DJ)","충청권(대전제외)","563156","권역 간"
"2021","인천","Capital Area","수도권","대전","Daejeon","대전시","1041055","권역 간"
"2021","인천","Capital Area","수도권","울산","Yeongnam","영남권","2648770","권역 간"
"2021","인천","Capital Area","수도권","경기","Capital Area","수도권","65674173","권역 내"
"2021","인천","Capital Area","수도권","강원","Others","기타","3685178","권역 간"
"2021","인천","Capital Area","수도권","충북","Chungcheong(excl. DJ)","충청권(대전제외)","5027923","권역 간"
"2021","인천","Capital Area","수도권","충남","Chungcheong(excl. DJ)","충청권(대전제외)","9785673","권역 간"
"2021","인천","Capital Area","수도권","전북","Honam","호남권","1735270","권역 간"
"2021","인천","Capital Area","수도권","전남","Honam","호남권","3837331","권역 간"
"2021","인천","Capital Area","수도권","경북","Yeongnam","영남권","4798951","권역 간"
"2021","인천","Capital Area","수도권","경남","Yeongnam","영남권","2747329","권역 간"
"2021","인천","Capital Area","수도권","제주","Others","기타","0","권역 간"
"2021","광주","Honam","호남권","서울","Capital Area","수도권","442880","권역 간"
"2021","광주","Honam","호남권","부산","Yeongnam","영남권","2507353","권역 간"
"2021","광주","Honam","호남권","대구","Yeongnam","영남권","241338","권역 간"
"2021","광주","Honam","호남권","인천","Capital Area","수도권","406875","권역 간"
"2021","광주","Honam","호남권","광주","Honam","호남권","7264710","권역 내"
"2021","광주","Honam","호남권","세종","Chungcheong(excl. DJ)","충청권(대전제외)","57331","권역 간"
"2021","광주","Honam","호남권","대전","Daejeon","대전시","226657","권역 간"
"2021","광주","Honam","호남권","울산","Yeongnam","영남권","961727","권역 간"
"2021","광주","Honam","호남권","경기","Capital Area","수도권","1903319","권역 간"
"2021","광주","Honam","호남권","강원","Others","기타","188881","권역 간"
"2021","광주","Honam","호남권","충북","Chungcheong(excl. DJ)","충청권(대전제외)","500229","권역 간"
"2021","광주","Honam","호남권","충남","Chungcheong(excl. DJ)","충청권(대전제외)","1148128","권역 간"
"2021","광주","Honam","호남권","전북","Honam","호남권","989557","권역 내"
"2021","광주","Honam","호남권","전남","Honam","호남권","8213525","권역 내"
"2021","광주","Honam","호남권","경북","Yeongnam","영남권","1002568","권역 간"
"2021","광주","Honam","호남권","경남","Yeongnam","영남권","1220583","권역 간"
"2021","광주","Honam","호남권","제주","Others","기타","0","권역 간"
"2021","대전","Daejeon","대전시","서울","Capital Area","수도권","181335","권역 간"
"2021","대전","Daejeon","대전시","부산","Yeongnam","영남권","1449224","권역 간"
"2021","대전","Daejeon","대전시","대구","Yeongnam","영남권","85756","권역 간"
"2021","대전","Daejeon","대전시","인천","Capital Area","수도권","247595","권역 간"
"2021","대전","Daejeon","대전시","광주","Honam","호남권","71934","권역 간"
"2021","대전","Daejeon","대전시","세종","Chungcheong(excl. DJ)","충청권(대전제외)","113024","권역 간"
"2021","대전","Daejeon","대전시","대전","Daejeon","대전시","4041811","권역 내"
"2021","대전","Daejeon","대전시","울산","Yeongnam","영남권","219687","권역 간"
"2021","대전","Daejeon","대전시","경기","Capital Area","수도권","871498","권역 간"
"2021","대전","Daejeon","대전시","강원","Others","기타","113149","권역 간"
"2021","대전","Daejeon","대전시","충북","Chungcheong(excl. DJ)","충청권(대전제외)","712155","권역 간"
"2021","대전","Daejeon","대전시","충남","Chungcheong(excl. DJ)","충청권(대전제외)","876909","권역 간"
"2021","대전","Daejeon","대전시","전북","Honam","호남권","193770","권역 간"
"2021","대전","Daejeon","대전시","전남","Honam","호남권","272482","권역 간"
"2021","대전","Daejeon","대전시","경북","Yeongnam","영남권","560180","권역 간"
"2021","대전","Daejeon","대전시","경남","Yeongnam","영남권","287143","권역 간"
"2021","대전","Daejeon","대전시","제주","Others","기타","0","권역 간"
"2021","울산","Yeongnam","영남권","서울","Capital Area","수도권","280573","권역 간"
"2021","울산","Yeongnam","영남권","부산","Yeongnam","영남권","15144010","권역 내"
"2021","울산","Yeongnam","영남권","대구","Yeongnam","영남권","640576","권역 내"
"2021","울산","Yeongnam","영남권","인천","Capital Area","수도권","374213","권역 간"
"2021","울산","Yeongnam","영남권","광주","Honam","호남권","195286","권역 간"
"2021","울산","Yeongnam","영남권","세종","Chungcheong(excl. DJ)","충청권(대전제외)","76359","권역 간"
"2021","울산","Yeongnam","영남권","대전","Daejeon","대전시","172952","권역 간"
"2021","울산","Yeongnam","영남권","울산","Yeongnam","영남권","93584105","권역 내"
"2021","울산","Yeongnam","영남권","경기","Capital Area","수도권","1837550","권역 간"
"2021","울산","Yeongnam","영남권","강원","Others","기타","445745","권역 간"
"2021","울산","Yeongnam","영남권","충북","Chungcheong(excl. DJ)","충청권(대전제외)","746232","권역 간"
"2021","울산","Yeongnam","영남권","충남","Chungcheong(excl. DJ)","충청권(대전제외)","1167834","권역 간"
"2021","울산","Yeongnam","영남권","전북","Honam","호남권","440267","권역 간"
"2021","울산","Yeongnam","영남권","전남","Honam","호남권","1463811","권역 간"
"2021","울산","Yeongnam","영남권","경북","Yeongnam","영남권","4750247","권역 내"
"2021","울산","Yeongnam","영남권","경남","Yeongnam","영남권","4100706","권역 내"
"2021","울산","Yeongnam","영남권","제주","Others","기타","0","권역 간"
"2021","경기","Capital Area","수도권","서울","Capital Area","수도권","23502069","권역 내"
"2021","경기","Capital Area","수도권","부산","Yeongnam","영남권","18727078","권역 간"
"2021","경기","Capital Area","수도권","대구","Yeongnam","영남권","2093957","권역 간"
"2021","경기","Capital Area","수도권","인천","Capital Area","수도권","21550101","권역 내"
"2021","경기","Capital Area","수도권","광주","Honam","호남권","1383914","권역 간"
"2021","경기","Capital Area","수도권","세종","Chungcheong(excl. DJ)","충청권(대전제외)","1769412","권역 간"
"2021","경기","Capital Area","수도권","대전","Daejeon","대전시","3183600","권역 간"
"2021","경기","Capital Area","수도권","울산","Yeongnam","영남권","5185270","권역 간"
"2021","경기","Capital Area","수도권","경기","Capital Area","수도권","158727338","권역 내"
"2021","경기","Capital Area","수도권","강원","Others","기타","10331182","권역 간"
"2021","경기","Capital Area","수도권","충북","Chungcheong(excl. DJ)","충청권(대전제외)","16233454","권역 간"
"2021","경기","Capital Area","수도권","충남","Chungcheong(excl. DJ)","충청권(대전제외)","42384731","권역 간"
"2021","경기","Capital Area","수도권","전북","Honam","호남권","5801052","권역 간"
"2021","경기","Capital Area","수도권","전남","Honam","호남권","6596265","권역 간"
"2021","경기","Capital Area","수도권","경북","Yeongnam","영남권","12079379","권역 간"
"2021","경기","Capital Area","수도권","경남","Yeongnam","영남권","6449160","권역 간"
"2021","경기","Capital Area","수도권","제주","Others","기타","0","권역 간"
"2021","강원","Others","기타","서울","Capital Area","수도권","1712598","권역 간"
"2021","강원","Others","기타","부산","Yeongnam","영남권","1577622","권역 간"
"2021","강원","Others","기타","대구","Yeongnam","영남권","838283","권역 간"
"2021","강원","Others","기타","인천","Capital Area","수도권","1226560","권역 간"
"2021","강원","Others","기타","광주","Honam","호남권","334002","권역 간"
"2021","강원","Others","기타","세종","Chungcheong(excl. DJ)","충청권(대전제외)","438456","권역 간"
"2021","강원","Others","기타","대전","Daejeon","대전시","610815","권역 간"
"2021","강원","Others","기타","울산","Yeongnam","영남권","1826645","권역 간"
"2021","강원","Others","기타","경기","Capital Area","수도권","10625502","권역 간"
"2021","강원","Others","기타","강원","Others","기타","34777451","권역 내"
"2021","강원","Others","기타","충북","Chungcheong(excl. DJ)","충청권(대전제외)","5011748","권역 간"
"2021","강원","Others","기타","충남","Chungcheong(excl. DJ)","충청권(대전제외)","4321937","권역 간"
"2021","강원","Others","기타","전북","Honam","호남권","1594788","권역 간"
"2021","강원","Others","기타","전남","Honam","호남권","2168302","권역 간"
"2021","강원","Others","기타","경북","Yeongnam","영남권","7095292","권역 간"
"2021","강원","Others","기타","경남","Yeongnam","영남권","2359287","권역 간"
"2021","강원","Others","기타","제주","Others","기타","0","권역 내"
"2021","충북","Chungcheong(excl. DJ)","충청권(대전제외)","서울","Capital Area","수도권","1787908","권역 간"
"2021","충북","Chungcheong(excl. DJ)","충청권(대전제외)","부산","Yeongnam","영남권","3498693","권역 간"
"2021","충북","Chungcheong(excl. DJ)","충청권(대전제외)","대구","Yeongnam","영남권","1022705","권역 간"
"2021","충북","Chungcheong(excl. DJ)","충청권(대전제외)","인천","Capital Area","수도권","1314728","권역 간"
"2021","충북","Chungcheong(excl. DJ)","충청권(대전제외)","광주","Honam","호남권","495017","권역 간"
"2021","충북","Chungcheong(excl. DJ)","충청권(대전제외)","세종","Chungcheong(excl. DJ)","충청권(대전제외)","1365015","권역 내"
"2021","충북","Chungcheong(excl. DJ)","충청권(대전제외)","대전","Daejeon","대전시","1615031","권역 간"
"2021","충북","Chungcheong(excl. DJ)","충청권(대전제외)","울산","Yeongnam","영남권","2632731","권역 간"
"2021","충북","Chungcheong(excl. DJ)","충청권(대전제외)","경기","Capital Area","수도권","11390776","권역 간"
"2021","충북","Chungcheong(excl. DJ)","충청권(대전제외)","강원","Others","기타","4421357","권역 간"
"2021","충북","Chungcheong(excl. DJ)","충청권(대전제외)","충북","Chungcheong(excl. DJ)","충청권(대전제외)","18673745","권역 내"
"2021","충북","Chungcheong(excl. DJ)","충청권(대전제외)","충남","Chungcheong(excl. DJ)","충청권(대전제외)","8319738","권역 내"
"2021","충북","Chungcheong(excl. DJ)","충청권(대전제외)","전북","Honam","호남권","2170671","권역 간"
"2021","충북","Chungcheong(excl. DJ)","충청권(대전제외)","전남","Honam","호남권","2881284","권역 간"
"2021","충북","Chungcheong(excl. DJ)","충청권(대전제외)","경북","Yeongnam","영남권","6465915","권역 간"
"2021","충북","Chungcheong(excl. DJ)","충청권(대전제외)","경남","Yeongnam","영남권","2894703","권역 간"
"2021","충북","Chungcheong(excl. DJ)","충청권(대전제외)","제주","Others","기타","0","권역 간"
"2021","충남","Chungcheong(excl. DJ)","충청권(대전제외)","서울","Capital Area","수도권","3133155","권역 간"
"2021","충남","Chungcheong(excl. DJ)","충청권(대전제외)","부산","Yeongnam","영남권","5995752","권역 간"
"2021","충남","Chungcheong(excl. DJ)","충청권(대전제외)","대구","Yeongnam","영남권","1104440","권역 간"
"2021","충남","Chungcheong(excl. DJ)","충청권(대전제외)","인천","Capital Area","수도권","3326514","권역 간"
"2021","충남","Chungcheong(excl. DJ)","충청권(대전제외)","광주","Honam","호남권","915501","권역 간"
"2021","충남","Chungcheong(excl. DJ)","충청권(대전제외)","세종","Chungcheong(excl. DJ)","충청권(대전제외)","1703545","권역 내"
"2021","충남","Chungcheong(excl. DJ)","충청권(대전제외)","대전","Daejeon","대전시","2707191","권역 간"
"2021","충남","Chungcheong(excl. DJ)","충청권(대전제외)","울산","Yeongnam","영남권","3007123","권역 간"
"2021","충남","Chungcheong(excl. DJ)","충청권(대전제외)","경기","Capital Area","수도권","24265196","권역 간"
"2021","충남","Chungcheong(excl. DJ)","충청권(대전제외)","강원","Others","기타","2748830","권역 간"
"2021","충남","Chungcheong(excl. DJ)","충청권(대전제외)","충북","Chungcheong(excl. DJ)","충청권(대전제외)","7498867","권역 내"
"2021","충남","Chungcheong(excl. DJ)","충청권(대전제외)","충남","Chungcheong(excl. DJ)","충청권(대전제외)","75412416","권역 내"
"2021","충남","Chungcheong(excl. DJ)","충청권(대전제외)","전북","Honam","호남권","5259169","권역 간"
"2021","충남","Chungcheong(excl. DJ)","충청권(대전제외)","전남","Honam","호남권","4494204","권역 간"
"2021","충남","Chungcheong(excl. DJ)","충청권(대전제외)","경북","Yeongnam","영남권","6077487","권역 간"
"2021","충남","Chungcheong(excl. DJ)","충청권(대전제외)","경남","Yeongnam","영남권","3454049","권역 간"
"2021","충남","Chungcheong(excl. DJ)","충청권(대전제외)","제주","Others","기타","0","권역 간"
"2021","전북","Honam","호남권","서울","Capital Area","수도권","2280634","권역 간"
"2021","전북","Honam","호남권","부산","Yeongnam","영남권","3220467","권역 간"
"2021","전북","Honam","호남권","대구","Yeongnam","영남권","1342879","권역 간"
"2021","전북","Honam","호남권","인천","Capital Area","수도권","1407131","권역 간"
"2021","전북","Honam","호남권","광주","Honam","호남권","2426137","권역 내"
"2021","전북","Honam","호남권","세종","Chungcheong(excl. DJ)","충청권(대전제외)","639662","권역 간"
"2021","전북","Honam","호남권","대전","Daejeon","대전시","2057164","권역 간"
"2021","전북","Honam","호남권","울산","Yeongnam","영남권","2318158","권역 간"
"2021","전북","Honam","호남권","경기","Capital Area","수도권","9901676","권역 간"
"2021","전북","Honam","호남권","강원","Others","기타","1905650","권역 간"
"2021","전북","Honam","호남권","충북","Chungcheong(excl. DJ)","충청권(대전제외)","4455319","권역 간"
"2021","전북","Honam","호남권","충남","Chungcheong(excl. DJ)","충청권(대전제외)","9637402","권역 간"
"2021","전북","Honam","호남권","전북","Honam","호남권","34733993","권역 내"
"2021","전북","Honam","호남권","전남","Honam","호남권","9420263","권역 내"
"2021","전북","Honam","호남권","경북","Yeongnam","영남권","6466675","권역 간"
"2021","전북","Honam","호남권","경남","Yeongnam","영남권","5101324","권역 간"
"2021","전북","Honam","호남권","제주","Others","기타","0","권역 간"
"2021","전남","Honam","호남권","서울","Capital Area","수도권","1752650","권역 간"
"2021","전남","Honam","호남권","부산","Yeongnam","영남권","4211482","권역 간"
"2021","전남","Honam","호남권","대구","Yeongnam","영남권","1623073","권역 간"
"2021","전남","Honam","호남권","인천","Capital Area","수도권","1473852","권역 간"
"2021","전남","Honam","호남권","광주","Honam","호남권","7197753","권역 내"
"2021","전남","Honam","호남권","세종","Chungcheong(excl. DJ)","충청권(대전제외)","1653848","권역 간"
"2021","전남","Honam","호남권","대전","Daejeon","대전시","1236053","권역 간"
"2021","전남","Honam","호남권","울산","Yeongnam","영남권","4933737","권역 간"
"2021","전남","Honam","호남권","경기","Capital Area","수도권","10952230","권역 간"
"2021","전남","Honam","호남권","강원","Others","기타","2775987","권역 간"
"2021","전남","Honam","호남권","충북","Chungcheong(excl. DJ)","충청권(대전제외)","5399438","권역 간"
"2021","전남","Honam","호남권","충남","Chungcheong(excl. DJ)","충청권(대전제외)","8226017","권역 간"
"2021","전남","Honam","호남권","전북","Honam","호남권","8391869","권역 내"
"2021","전남","Honam","호남권","전남","Honam","호남권","127099079","권역 내"
"2021","전남","Honam","호남권","경북","Yeongnam","영남권","8599864","권역 간"
"2021","전남","Honam","호남권","경남","Yeongnam","영남권","9656949","권역 간"
"2021","전남","Honam","호남권","제주","Others","기타","0","권역 간"
"2021","경북","Yeongnam","영남권","서울","Capital Area","수도권","1728908","권역 간"
"2021","경북","Yeongnam","영남권","부산","Yeongnam","영남권","17697016","권역 내"
"2021","경북","Yeongnam","영남권","대구","Yeongnam","영남권","4110247","권역 내"
"2021","경북","Yeongnam","영남권","인천","Capital Area","수도권","1309843","권역 간"
"2021","경북","Yeongnam","영남권","광주","Honam","호남권","716842","권역 간"
"2021","경북","Yeongnam","영남권","세종","Chungcheong(excl. DJ)","충청권(대전제외)","392850","권역 간"
"2021","경북","Yeongnam","영남권","대전","Daejeon","대전시","954677","권역 간"
"2021","경북","Yeongnam","영남권","울산","Yeongnam","영남권","9188869","권역 내"
"2021","경북","Yeongnam","영남권","경기","Capital Area","수도권","7439346","권역 간"
"2021","경북","Yeongnam","영남권","강원","Others","기타","2480353","권역 간"
"2021","경북","Yeongnam","영남권","충북","Chungcheong(excl. DJ)","충청권(대전제외)","4545593","권역 간"
"2021","경북","Yeongnam","영남권","충남","Chungcheong(excl. DJ)","충청권(대전제외)","4675973","권역 간"
"2021","경북","Yeongnam","영남권","전북","Honam","호남권","1912089","권역 간"
"2021","경북","Yeongnam","영남권","전남","Honam","호남권","3566949","권역 간"
"2021","경북","Yeongnam","영남권","경북","Yeongnam","영남권","60671893","권역 내"
"2021","경북","Yeongnam","영남권","경남","Yeongnam","영남권","6960685","권역 내"
"2021","경북","Yeongnam","영남권","제주","Others","기타","0","권역 간"
"2021","경남","Yeongnam","영남권","서울","Capital Area","수도권","1192047","권역 간"
"2021","경남","Yeongnam","영남권","부산","Yeongnam","영남권","28271753","권역 내"
"2021","경남","Yeongnam","영남권","대구","Yeongnam","영남권","2782419","권역 내"
"2021","경남","Yeongnam","영남권","인천","Capital Area","수도권","894255","권역 간"
"2021","경남","Yeongnam","영남권","광주","Honam","호남권","883410","권역 간"
"2021","경남","Yeongnam","영남권","세종","Chungcheong(excl. DJ)","충청권(대전제외)","300055","권역 간"
"2021","경남","Yeongnam","영남권","대전","Daejeon","대전시","765900","권역 간"
"2021","경남","Yeongnam","영남권","울산","Yeongnam","영남권","9815890","권역 내"
"2021","경남","Yeongnam","영남권","경기","Capital Area","수도권","5612941","권역 간"
"2021","경남","Yeongnam","영남권","강원","Others","기타","1629898","권역 간"
"2021","경남","Yeongnam","영남권","충북","Chungcheong(excl. DJ)","충청권(대전제외)","2662537","권역 간"
"2021","경남","Yeongnam","영남권","충남","Chungcheong(excl. DJ)","충청권(대전제외)","3572679","권역 간"
"2021","경남","Yeongnam","영남권","전북","Honam","호남권","2290020","권역 간"
"2021","경남","Yeongnam","영남권","전남","Honam","호남권","5762710","권역 간"
"2021","경남","Yeongnam","영남권","경북","Yeongnam","영남권","9685461","권역 내"
"2021","경남","Yeongnam","영남권","경남","Yeongnam","영남권","68449459","권역 내"
"2021","경남","Yeongnam","영남권","제주","Others","기타","0","권역 간"
"2021","제주","Others","기타","서울","Capital Area","수도권","0","권역 간"
"2021","제주","Others","기타","부산","Yeongnam","영남권","0","권역 간"
"2021","제주","Others","기타","대구","Yeongnam","영남권","0","권역 간"
"2021","제주","Others","기타","인천","Capital Area","수도권","0","권역 간"
"2021","제주","Others","기타","광주","Honam","호남권","0","권역 간"
"2021","제주","Others","기타","세종","Chungcheong(excl. DJ)","충청권(대전제외)","0","권역 간"
"2021","제주","Others","기타","대전","Daejeon","대전시","0","권역 간"
"2021","제주","Others","기타","울산","Yeongnam","영남권","0","권역 간"
"2021","제주","Others","기타","경기","Capital Area","수도권","0","권역 간"
"2021","제주","Others","기타","강원","Others","기타","0","권역 내"
"2021","제주","Others","기타","충북","Chungcheong(excl. DJ)","충청권(대전제외)","0","권역 간"
"2021","제주","Others","기타","충남","Chungcheong(excl. DJ)","충청권(대전제외)","0","권역 간"
"2021","제주","Others","기타","전북","Honam","호남권","0","권역 간"
"2021","제주","Others","기타","전남","Honam","호남권","0","권역 간"
"2021","제주","Others","기타","경북","Yeongnam","영남권","0","권역 간"
"2021","제주","Others","기타","경남","Yeongnam","영남권","0","권역 간"
"2021","제주","Others","기타","제주","Others","기타","8837435","권역 내"
"2021","세종","Chungcheong(excl. DJ)","충청권(대전제외)","서울","Capital Area","수도권","277677","권역 간"
"2021","세종","Chungcheong(excl. DJ)","충청권(대전제외)","부산","Yeongnam","영남권","495977","권역 간"
"2021","세종","Chungcheong(excl. DJ)","충청권(대전제외)","대구","Yeongnam","영남권","166792","권역 간"
"2021","세종","Chungcheong(excl. DJ)","충청권(대전제외)","인천","Capital Area","수도권","296828","권역 간"
"2021","세종","Chungcheong(excl. DJ)","충청권(대전제외)","광주","Honam","호남권","102498","권역 간"
"2021","세종","Chungcheong(excl. DJ)","충청권(대전제외)","세종","Chungcheong(excl. DJ)","충청권(대전제외)","2342547","권역 내"
"2021","세종","Chungcheong(excl. DJ)","충청권(대전제외)","대전","Daejeon","대전시","597467","권역 간"
"2021","세종","Chungcheong(excl. DJ)","충청권(대전제외)","울산","Yeongnam","영남권","300262","권역 간"
"2021","세종","Chungcheong(excl. DJ)","충청권(대전제외)","경기","Capital Area","수도권","2321408","권역 간"
"2021","세종","Chungcheong(excl. DJ)","충청권(대전제외)","강원","Others","기타","522014","권역 간"
"2021","세종","Chungcheong(excl. DJ)","충청권(대전제외)","충북","Chungcheong(excl. DJ)","충청권(대전제외)","3417475","권역 내"
"2021","세종","Chungcheong(excl. DJ)","충청권(대전제외)","충남","Chungcheong(excl. DJ)","충청권(대전제외)","3711632","권역 내"
"2021","세종","Chungcheong(excl. DJ)","충청권(대전제외)","전북","Honam","호남권","582857","권역 간"
"2021","세종","Chungcheong(excl. DJ)","충청권(대전제외)","전남","Honam","호남권","650042","권역 간"
"2021","세종","Chungcheong(excl. DJ)","충청권(대전제외)","경북","Yeongnam","영남권","1191487","권역 간"
"2021","세종","Chungcheong(excl. DJ)","충청권(대전제외)","경남","Yeongnam","영남권","479179","권역 간"
"2021","세종","Chungcheong(excl. DJ)","충청권(대전제외)","제주","Others","기타","0","권역 간"
"2022","서울","Capital Area","수도권","서울","Capital Area","수도권","43496606","권역 내"
"2022","서울","Capital Area","수도권","부산","Yeongnam","영남권","5463377","권역 간"
"2022","서울","Capital Area","수도권","대구","Yeongnam","영남권","3243896","권역 간"
"2022","서울","Capital Area","수도권","인천","Capital Area","수도권","6881648","권역 내"
"2022","서울","Capital Area","수도권","광주","Honam","호남권","2048727","권역 간"
"2022","서울","Capital Area","수도권","세종","Chungcheong(excl. DJ)","충청권(대전제외)","561643","권역 간"
"2022","서울","Capital Area","수도권","대전","Daejeon","대전시","2727886","권역 간"
"2022","서울","Capital Area","수도권","울산","Yeongnam","영남권","4136060","권역 간"
"2022","서울","Capital Area","수도권","경기","Capital Area","수도권","35813380","권역 내"
"2022","서울","Capital Area","수도권","강원","Others","기타","2558960","권역 간"
"2022","서울","Capital Area","수도권","충북","Chungcheong(excl. DJ)","충청권(대전제외)","4439986","권역 간"
"2022","서울","Capital Area","수도권","충남","Chungcheong(excl. DJ)","충청권(대전제외)","6650532","권역 간"
"2022","서울","Capital Area","수도권","전북","Honam","호남권","3422920","권역 간"
"2022","서울","Capital Area","수도권","전남","Honam","호남권","4336902","권역 간"
"2022","서울","Capital Area","수도권","경북","Yeongnam","영남권","7679735","권역 간"
"2022","서울","Capital Area","수도권","경남","Yeongnam","영남권","7330654","권역 간"
"2022","서울","Capital Area","수도권","제주","Others","기타","0","권역 간"
"2022","부산","Yeongnam","영남권","서울","Capital Area","수도권","1438857","권역 간"
"2022","부산","Yeongnam","영남권","부산","Yeongnam","영남권","40869185","권역 내"
"2022","부산","Yeongnam","영남권","대구","Yeongnam","영남권","1925308","권역 내"
"2022","부산","Yeongnam","영남권","인천","Capital Area","수도권","3047806","권역 간"
"2022","부산","Yeongnam","영남권","광주","Honam","호남권","797800","권역 간"
"2022","부산","Yeongnam","영남권","세종","Chungcheong(excl. DJ)","충청권(대전제외)","367651","권역 간"
"2022","부산","Yeongnam","영남권","대전","Daejeon","대전시","524481","권역 간"
"2022","부산","Yeongnam","영남권","울산","Yeongnam","영남권","12560161","권역 내"
"2022","부산","Yeongnam","영남권","경기","Capital Area","수도권","18206638","권역 간"
"2022","부산","Yeongnam","영남권","강원","Others","기타","660709","권역 간"
"2022","부산","Yeongnam","영남권","충북","Chungcheong(excl. DJ)","충청권(대전제외)","3802854","권역 간"
"2022","부산","Yeongnam","영남권","충남","Chungcheong(excl. DJ)","충청권(대전제외)","3495488","권역 간"
"2022","부산","Yeongnam","영남권","전북","Honam","호남권","1549045","권역 간"
"2022","부산","Yeongnam","영남권","전남","Honam","호남권","2239252","권역 간"
"2022","부산","Yeongnam","영남권","경북","Yeongnam","영남권","11148534","권역 내"
"2022","부산","Yeongnam","영남권","경남","Yeongnam","영남권","20674959","권역 내"
"2022","부산","Yeongnam","영남권","제주","Others","기타","0","권역 간"
"2022","대구","Yeongnam","영남권","서울","Capital Area","수도권","468188","권역 간"
"2022","대구","Yeongnam","영남권","부산","Yeongnam","영남권","3145496","권역 내"
"2022","대구","Yeongnam","영남권","대구","Yeongnam","영남권","6534817","권역 내"
"2022","대구","Yeongnam","영남권","인천","Capital Area","수도권","441329","권역 간"
"2022","대구","Yeongnam","영남권","광주","Honam","호남권","216892","권역 간"
"2022","대구","Yeongnam","영남권","세종","Chungcheong(excl. DJ)","충청권(대전제외)","70865","권역 간"
"2022","대구","Yeongnam","영남권","대전","Daejeon","대전시","188609","권역 간"
"2022","대구","Yeongnam","영남권","울산","Yeongnam","영남권","1102512","권역 내"
"2022","대구","Yeongnam","영남권","경기","Capital Area","수도권","1401700","권역 간"
"2022","대구","Yeongnam","영남권","강원","Others","기타","266579","권역 간"
"2022","대구","Yeongnam","영남권","충북","Chungcheong(excl. DJ)","충청권(대전제외)","565484","권역 간"
"2022","대구","Yeongnam","영남권","충남","Chungcheong(excl. DJ)","충청권(대전제외)","815191","권역 간"
"2022","대구","Yeongnam","영남권","전북","Honam","호남권","397779","권역 간"
"2022","대구","Yeongnam","영남권","전남","Honam","호남권","645258","권역 간"
"2022","대구","Yeongnam","영남권","경북","Yeongnam","영남권","4299411","권역 내"
"2022","대구","Yeongnam","영남권","경남","Yeongnam","영남권","2396749","권역 내"
"2022","대구","Yeongnam","영남권","제주","Others","기타","0","권역 간"
"2022","인천","Capital Area","수도권","서울","Capital Area","수도권","7007210","권역 내"
"2022","인천","Capital Area","수도권","부산","Yeongnam","영남권","3481148","권역 간"
"2022","인천","Capital Area","수도권","대구","Yeongnam","영남권","594863","권역 간"
"2022","인천","Capital Area","수도권","인천","Capital Area","수도권","77559030","권역 내"
"2022","인천","Capital Area","수도권","광주","Honam","호남권","472396","권역 간"
"2022","인천","Capital Area","수도권","세종","Chungcheong(excl. DJ)","충청권(대전제외)","308011","권역 간"
"2022","인천","Capital Area","수도권","대전","Daejeon","대전시","641622","권역 간"
"2022","인천","Capital Area","수도권","울산","Yeongnam","영남권","1576170","권역 간"
"2022","인천","Capital Area","수도권","경기","Capital Area","수도권","43119287","권역 내"
"2022","인천","Capital Area","수도권","강원","Others","기타","1781677","권역 간"
"2022","인천","Capital Area","수도권","충북","Chungcheong(excl. DJ)","충청권(대전제외)","3488803","권역 간"
"2022","인천","Capital Area","수도권","충남","Chungcheong(excl. DJ)","충청권(대전제외)","5540492","권역 간"
"2022","인천","Capital Area","수도권","전북","Honam","호남권","1277144","권역 간"
"2022","인천","Capital Area","수도권","전남","Honam","호남권","2358822","권역 간"
"2022","인천","Capital Area","수도권","경북","Yeongnam","영남권","3541509","권역 간"
"2022","인천","Capital Area","수도권","경남","Yeongnam","영남권","2449606","권역 간"
"2022","인천","Capital Area","수도권","제주","Others","기타","0","권역 간"
"2022","광주","Honam","호남권","서울","Capital Area","수도권","634793","권역 간"
"2022","광주","Honam","호남권","부산","Yeongnam","영남권","2571392","권역 간"
"2022","광주","Honam","호남권","대구","Yeongnam","영남권","305690","권역 간"
"2022","광주","Honam","호남권","인천","Capital Area","수도권","626441","권역 간"
"2022","광주","Honam","호남권","광주","Honam","호남권","5289842","권역 내"
"2022","광주","Honam","호남권","세종","Chungcheong(excl. DJ)","충청권(대전제외)","45276","권역 간"
"2022","광주","Honam","호남권","대전","Daejeon","대전시","234760","권역 간"
"2022","광주","Honam","호남권","울산","Yeongnam","영남권","855837","권역 간"
"2022","광주","Honam","호남권","경기","Capital Area","수도권","2401866","권역 간"
"2022","광주","Honam","호남권","강원","Others","기타","175552","권역 간"
"2022","광주","Honam","호남권","충북","Chungcheong(excl. DJ)","충청권(대전제외)","425865","권역 간"
"2022","광주","Honam","호남권","충남","Chungcheong(excl. DJ)","충청권(대전제외)","1205478","권역 간"
"2022","광주","Honam","호남권","전북","Honam","호남권","1186842","권역 내"
"2022","광주","Honam","호남권","전남","Honam","호남권","7176160","권역 내"
"2022","광주","Honam","호남권","경북","Yeongnam","영남권","957121","권역 간"
"2022","광주","Honam","호남권","경남","Yeongnam","영남권","1327084","권역 간"
"2022","광주","Honam","호남권","제주","Others","기타","0","권역 간"
"2022","대전","Daejeon","대전시","서울","Capital Area","수도권","114558","권역 간"
"2022","대전","Daejeon","대전시","부산","Yeongnam","영남권","1324433","권역 간"
"2022","대전","Daejeon","대전시","대구","Yeongnam","영남권","59504","권역 간"
"2022","대전","Daejeon","대전시","인천","Capital Area","수도권","183959","권역 간"
"2022","대전","Daejeon","대전시","광주","Honam","호남권","42701","권역 간"
"2022","대전","Daejeon","대전시","세종","Chungcheong(excl. DJ)","충청권(대전제외)","33034","권역 간"
"2022","대전","Daejeon","대전시","대전","Daejeon","대전시","908460","권역 내"
"2022","대전","Daejeon","대전시","울산","Yeongnam","영남권","91243","권역 간"
"2022","대전","Daejeon","대전시","경기","Capital Area","수도권","369642","권역 간"
"2022","대전","Daejeon","대전시","강원","Others","기타","37007","권역 간"
"2022","대전","Daejeon","대전시","충북","Chungcheong(excl. DJ)","충청권(대전제외)","224541","권역 간"
"2022","대전","Daejeon","대전시","충남","Chungcheong(excl. DJ)","충청권(대전제외)","276818","권역 간"
"2022","대전","Daejeon","대전시","전북","Honam","호남권","128437","권역 간"
"2022","대전","Daejeon","대전시","전남","Honam","호남권","124472","권역 간"
"2022","대전","Daejeon","대전시","경북","Yeongnam","영남권","209138","권역 간"
"2022","대전","Daejeon","대전시","경남","Yeongnam","영남권","168716","권역 간"
"2022","대전","Daejeon","대전시","제주","Others","기타","0","권역 간"
"2022","울산","Yeongnam","영남권","서울","Capital Area","수도권","300096","권역 간"
"2022","울산","Yeongnam","영남권","부산","Yeongnam","영남권","14885329","권역 내"
"2022","울산","Yeongnam","영남권","대구","Yeongnam","영남권","532658","권역 내"
"2022","울산","Yeongnam","영남권","인천","Capital Area","수도권","297523","권역 간"
"2022","울산","Yeongnam","영남권","광주","Honam","호남권","116749","권역 간"
"2022","울산","Yeongnam","영남권","세종","Chungcheong(excl. DJ)","충청권(대전제외)","57409","권역 간"
"2022","울산","Yeongnam","영남권","대전","Daejeon","대전시","176750","권역 간"
"2022","울산","Yeongnam","영남권","울산","Yeongnam","영남권","79194746","권역 내"
"2022","울산","Yeongnam","영남권","경기","Capital Area","수도권","1236900","권역 간"
"2022","울산","Yeongnam","영남권","강원","Others","기타","376239","권역 간"
"2022","울산","Yeongnam","영남권","충북","Chungcheong(excl. DJ)","충청권(대전제외)","475707","권역 간"
"2022","울산","Yeongnam","영남권","충남","Chungcheong(excl. DJ)","충청권(대전제외)","607616","권역 간"
"2022","울산","Yeongnam","영남권","전북","Honam","호남권","444307","권역 간"
"2022","울산","Yeongnam","영남권","전남","Honam","호남권","916085","권역 간"
"2022","울산","Yeongnam","영남권","경북","Yeongnam","영남권","2559282","권역 내"
"2022","울산","Yeongnam","영남권","경남","Yeongnam","영남권","3277622","권역 내"
"2022","울산","Yeongnam","영남권","제주","Others","기타","0","권역 간"
"2022","경기","Capital Area","수도권","서울","Capital Area","수도권","22296749","권역 내"
"2022","경기","Capital Area","수도권","부산","Yeongnam","영남권","24999459","권역 간"
"2022","경기","Capital Area","수도권","대구","Yeongnam","영남권","4868177","권역 간"
"2022","경기","Capital Area","수도권","인천","Capital Area","수도권","25863817","권역 내"
"2022","경기","Capital Area","수도권","광주","Honam","호남권","3170844","권역 간"
"2022","경기","Capital Area","수도권","세종","Chungcheong(excl. DJ)","충청권(대전제외)","2504365","권역 간"
"2022","경기","Capital Area","수도권","대전","Daejeon","대전시","5055054","권역 간"
"2022","경기","Capital Area","수도권","울산","Yeongnam","영남권","11371019","권역 간"
"2022","경기","Capital Area","수도권","경기","Capital Area","수도권","156706291","권역 내"
"2022","경기","Capital Area","수도권","강원","Others","기타","11857914","권역 간"
"2022","경기","Capital Area","수도권","충북","Chungcheong(excl. DJ)","충청권(대전제외)","19672799","권역 간"
"2022","경기","Capital Area","수도권","충남","Chungcheong(excl. DJ)","충청권(대전제외)","47403458","권역 간"
"2022","경기","Capital Area","수도권","전북","Honam","호남권","9819334","권역 간"
"2022","경기","Capital Area","수도권","전남","Honam","호남권","13878408","권역 간"
"2022","경기","Capital Area","수도권","경북","Yeongnam","영남권","20335676","권역 간"
"2022","경기","Capital Area","수도권","경남","Yeongnam","영남권","13987787","권역 간"
"2022","경기","Capital Area","수도권","제주","Others","기타","0","권역 간"
"2022","강원","Others","기타","서울","Capital Area","수도권","2835387","권역 간"
"2022","강원","Others","기타","부산","Yeongnam","영남권","3389851","권역 간"
"2022","강원","Others","기타","대구","Yeongnam","영남권","1827897","권역 간"
"2022","강원","Others","기타","인천","Capital Area","수도권","2525137","권역 간"
"2022","강원","Others","기타","광주","Honam","호남권","1007585","권역 간"
"2022","강원","Others","기타","세종","Chungcheong(excl. DJ)","충청권(대전제외)","735694","권역 간"
"2022","강원","Others","기타","대전","Daejeon","대전시","1281678","권역 간"
"2022","강원","Others","기타","울산","Yeongnam","영남권","4357775","권역 간"
"2022","강원","Others","기타","경기","Capital Area","수도권","17095516","권역 간"
"2022","강원","Others","기타","강원","Others","기타","33756526","권역 내"
"2022","강원","Others","기타","충북","Chungcheong(excl. DJ)","충청권(대전제외)","7217399","권역 간"
"2022","강원","Others","기타","충남","Chungcheong(excl. DJ)","충청권(대전제외)","7198265","권역 간"
"2022","강원","Others","기타","전북","Honam","호남권","2813932","권역 간"
"2022","강원","Others","기타","전남","Honam","호남권","4483064","권역 간"
"2022","강원","Others","기타","경북","Yeongnam","영남권","11863656","권역 간"
"2022","강원","Others","기타","경남","Yeongnam","영남권","6038194","권역 간"
"2022","강원","Others","기타","제주","Others","기타","0","권역 내"
"2022","충북","Chungcheong(excl. DJ)","충청권(대전제외)","서울","Capital Area","수도권","3630919","권역 간"
"2022","충북","Chungcheong(excl. DJ)","충청권(대전제외)","부산","Yeongnam","영남권","4188940","권역 간"
"2022","충북","Chungcheong(excl. DJ)","충청권(대전제외)","대구","Yeongnam","영남권","1513580","권역 간"
"2022","충북","Chungcheong(excl. DJ)","충청권(대전제외)","인천","Capital Area","수도권","2779303","권역 간"
"2022","충북","Chungcheong(excl. DJ)","충청권(대전제외)","광주","Honam","호남권","970574","권역 간"
"2022","충북","Chungcheong(excl. DJ)","충청권(대전제외)","세종","Chungcheong(excl. DJ)","충청권(대전제외)","1512082","권역 내"
"2022","충북","Chungcheong(excl. DJ)","충청권(대전제외)","대전","Daejeon","대전시","2282543","권역 간"
"2022","충북","Chungcheong(excl. DJ)","충청권(대전제외)","울산","Yeongnam","영남권","8657075","권역 간"
"2022","충북","Chungcheong(excl. DJ)","충청권(대전제외)","경기","Capital Area","수도권","15595914","권역 간"
"2022","충북","Chungcheong(excl. DJ)","충청권(대전제외)","강원","Others","기타","3481123","권역 간"
"2022","충북","Chungcheong(excl. DJ)","충청권(대전제외)","충북","Chungcheong(excl. DJ)","충청권(대전제외)","15709952","권역 내"
"2022","충북","Chungcheong(excl. DJ)","충청권(대전제외)","충남","Chungcheong(excl. DJ)","충청권(대전제외)","12088404","권역 내"
"2022","충북","Chungcheong(excl. DJ)","충청권(대전제외)","전북","Honam","호남권","2792510","권역 간"
"2022","충북","Chungcheong(excl. DJ)","충청권(대전제외)","전남","Honam","호남권","6699494","권역 간"
"2022","충북","Chungcheong(excl. DJ)","충청권(대전제외)","경북","Yeongnam","영남권","8893259","권역 간"
"2022","충북","Chungcheong(excl. DJ)","충청권(대전제외)","경남","Yeongnam","영남권","5028025","권역 간"
"2022","충북","Chungcheong(excl. DJ)","충청권(대전제외)","제주","Others","기타","0","권역 간"
"2022","충남","Chungcheong(excl. DJ)","충청권(대전제외)","서울","Capital Area","수도권","3159264","권역 간"
"2022","충남","Chungcheong(excl. DJ)","충청권(대전제외)","부산","Yeongnam","영남권","5288338","권역 간"
"2022","충남","Chungcheong(excl. DJ)","충청권(대전제외)","대구","Yeongnam","영남권","1188920","권역 간"
"2022","충남","Chungcheong(excl. DJ)","충청권(대전제외)","인천","Capital Area","수도권","3605722","권역 간"
"2022","충남","Chungcheong(excl. DJ)","충청권(대전제외)","광주","Honam","호남권","1092655","권역 간"
"2022","충남","Chungcheong(excl. DJ)","충청권(대전제외)","세종","Chungcheong(excl. DJ)","충청권(대전제외)","1408695","권역 내"
"2022","충남","Chungcheong(excl. DJ)","충청권(대전제외)","대전","Daejeon","대전시","2378267","권역 간"
"2022","충남","Chungcheong(excl. DJ)","충청권(대전제외)","울산","Yeongnam","영남권","3534520","권역 간"
"2022","충남","Chungcheong(excl. DJ)","충청권(대전제외)","경기","Capital Area","수도권","22369864","권역 간"
"2022","충남","Chungcheong(excl. DJ)","충청권(대전제외)","강원","Others","기타","2401967","권역 간"
"2022","충남","Chungcheong(excl. DJ)","충청권(대전제외)","충북","Chungcheong(excl. DJ)","충청권(대전제외)","7033420","권역 내"
"2022","충남","Chungcheong(excl. DJ)","충청권(대전제외)","충남","Chungcheong(excl. DJ)","충청권(대전제외)","68040310","권역 내"
"2022","충남","Chungcheong(excl. DJ)","충청권(대전제외)","전북","Honam","호남권","4940441","권역 간"
"2022","충남","Chungcheong(excl. DJ)","충청권(대전제외)","전남","Honam","호남권","4884743","권역 간"
"2022","충남","Chungcheong(excl. DJ)","충청권(대전제외)","경북","Yeongnam","영남권","6384397","권역 간"
"2022","충남","Chungcheong(excl. DJ)","충청권(대전제외)","경남","Yeongnam","영남권","4736410","권역 간"
"2022","충남","Chungcheong(excl. DJ)","충청권(대전제외)","제주","Others","기타","0","권역 간"
"2022","전북","Honam","호남권","서울","Capital Area","수도권","1006442","권역 간"
"2022","전북","Honam","호남권","부산","Yeongnam","영남권","2816966","권역 간"
"2022","전북","Honam","호남권","대구","Yeongnam","영남권","884094","권역 간"
"2022","전북","Honam","호남권","인천","Capital Area","수도권","1336057","권역 간"
"2022","전북","Honam","호남권","광주","Honam","호남권","1433886","권역 내"
"2022","전북","Honam","호남권","세종","Chungcheong(excl. DJ)","충청권(대전제외)","537337","권역 간"
"2022","전북","Honam","호남권","대전","Daejeon","대전시","1136717","권역 간"
"2022","전북","Honam","호남권","울산","Yeongnam","영남권","2066692","권역 간"
"2022","전북","Honam","호남권","경기","Capital Area","수도권","6232033","권역 간"
"2022","전북","Honam","호남권","강원","Others","기타","1489968","권역 간"
"2022","전북","Honam","호남권","충북","Chungcheong(excl. DJ)","충청권(대전제외)","3100777","권역 간"
"2022","전북","Honam","호남권","충남","Chungcheong(excl. DJ)","충청권(대전제외)","7470409","권역 간"
"2022","전북","Honam","호남권","전북","Honam","호남권","27346546","권역 내"
"2022","전북","Honam","호남권","전남","Honam","호남권","7297543","권역 내"
"2022","전북","Honam","호남권","경북","Yeongnam","영남권","4645779","권역 간"
"2022","전북","Honam","호남권","경남","Yeongnam","영남권","3906233","권역 간"
"2022","전북","Honam","호남권","제주","Others","기타","0","권역 간"
"2022","전남","Honam","호남권","서울","Capital Area","수도권","1426117","권역 간"
"2022","전남","Honam","호남권","부산","Yeongnam","영남권","2877640","권역 간"
"2022","전남","Honam","호남권","대구","Yeongnam","영남권","984349","권역 간"
"2022","전남","Honam","호남권","인천","Capital Area","수도권","1256714","권역 간"
"2022","전남","Honam","호남권","광주","Honam","호남권","5788909","권역 내"
"2022","전남","Honam","호남권","세종","Chungcheong(excl. DJ)","충청권(대전제외)","1376311","권역 간"
"2022","전남","Honam","호남권","대전","Daejeon","대전시","712396","권역 간"
"2022","전남","Honam","호남권","울산","Yeongnam","영남권","3512427","권역 간"
"2022","전남","Honam","호남권","경기","Capital Area","수도권","7513329","권역 간"
"2022","전남","Honam","호남권","강원","Others","기타","1624970","권역 간"
"2022","전남","Honam","호남권","충북","Chungcheong(excl. DJ)","충청권(대전제외)","3297404","권역 간"
"2022","전남","Honam","호남권","충남","Chungcheong(excl. DJ)","충청권(대전제외)","4353278","권역 간"
"2022","전남","Honam","호남권","전북","Honam","호남권","5462477","권역 내"
"2022","전남","Honam","호남권","전남","Honam","호남권","107510031","권역 내"
"2022","전남","Honam","호남권","경북","Yeongnam","영남권","4647002","권역 간"
"2022","전남","Honam","호남권","경남","Yeongnam","영남권","6586428","권역 간"
"2022","전남","Honam","호남권","제주","Others","기타","0","권역 간"
"2022","경북","Yeongnam","영남권","서울","Capital Area","수도권","1632980","권역 간"
"2022","경북","Yeongnam","영남권","부산","Yeongnam","영남권","16306918","권역 내"
"2022","경북","Yeongnam","영남권","대구","Yeongnam","영남권","3267629","권역 내"
"2022","경북","Yeongnam","영남권","인천","Capital Area","수도권","1296590","권역 간"
"2022","경북","Yeongnam","영남권","광주","Honam","호남권","693985","권역 간"
"2022","경북","Yeongnam","영남권","세종","Chungcheong(excl. DJ)","충청권(대전제외)","372629","권역 간"
"2022","경북","Yeongnam","영남권","대전","Daejeon","대전시","812770","권역 간"
"2022","경북","Yeongnam","영남권","울산","Yeongnam","영남권","6758846","권역 내"
"2022","경북","Yeongnam","영남권","경기","Capital Area","수도권","6664297","권역 간"
"2022","경북","Yeongnam","영남권","강원","Others","기타","2143049","권역 간"
"2022","경북","Yeongnam","영남권","충북","Chungcheong(excl. DJ)","충청권(대전제외)","3955310","권역 간"
"2022","경북","Yeongnam","영남권","충남","Chungcheong(excl. DJ)","충청권(대전제외)","3894827","권역 간"
"2022","경북","Yeongnam","영남권","전북","Honam","호남권","1965515","권역 간"
"2022","경북","Yeongnam","영남권","전남","Honam","호남권","3389026","권역 간"
"2022","경북","Yeongnam","영남권","경북","Yeongnam","영남권","47169474","권역 내"
"2022","경북","Yeongnam","영남권","경남","Yeongnam","영남권","7022839","권역 내"
"2022","경북","Yeongnam","영남권","제주","Others","기타","0","권역 간"
"2022","경남","Yeongnam","영남권","서울","Capital Area","수도권","868854","권역 간"
"2022","경남","Yeongnam","영남권","부산","Yeongnam","영남권","24767149","권역 내"
"2022","경남","Yeongnam","영남권","대구","Yeongnam","영남권","1632787","권역 내"
"2022","경남","Yeongnam","영남권","인천","Capital Area","수도권","861269","권역 간"
"2022","경남","Yeongnam","영남권","광주","Honam","호남권","540327","권역 간"
"2022","경남","Yeongnam","영남권","세종","Chungcheong(excl. DJ)","충청권(대전제외)","190197","권역 간"
"2022","경남","Yeongnam","영남권","대전","Daejeon","대전시","430383","권역 간"
"2022","경남","Yeongnam","영남권","울산","Yeongnam","영남권","6897234","권역 내"
"2022","경남","Yeongnam","영남권","경기","Capital Area","수도권","3658709","권역 간"
"2022","경남","Yeongnam","영남권","강원","Others","기타","1139054","권역 간"
"2022","경남","Yeongnam","영남권","충북","Chungcheong(excl. DJ)","충청권(대전제외)","1574478","권역 간"
"2022","경남","Yeongnam","영남권","충남","Chungcheong(excl. DJ)","충청권(대전제외)","1986208","권역 간"
"2022","경남","Yeongnam","영남권","전북","Honam","호남권","1532595","권역 간"
"2022","경남","Yeongnam","영남권","전남","Honam","호남권","3915074","권역 간"
"2022","경남","Yeongnam","영남권","경북","Yeongnam","영남권","4518145","권역 내"
"2022","경남","Yeongnam","영남권","경남","Yeongnam","영남권","55968802","권역 내"
"2022","경남","Yeongnam","영남권","제주","Others","기타","0","권역 간"
"2022","제주","Others","기타","서울","Capital Area","수도권","0","권역 간"
"2022","제주","Others","기타","부산","Yeongnam","영남권","0","권역 간"
"2022","제주","Others","기타","대구","Yeongnam","영남권","0","권역 간"
"2022","제주","Others","기타","인천","Capital Area","수도권","0","권역 간"
"2022","제주","Others","기타","광주","Honam","호남권","0","권역 간"
"2022","제주","Others","기타","세종","Chungcheong(excl. DJ)","충청권(대전제외)","0","권역 간"
"2022","제주","Others","기타","대전","Daejeon","대전시","0","권역 간"
"2022","제주","Others","기타","울산","Yeongnam","영남권","0","권역 간"
"2022","제주","Others","기타","경기","Capital Area","수도권","0","권역 간"
"2022","제주","Others","기타","강원","Others","기타","0","권역 내"
"2022","제주","Others","기타","충북","Chungcheong(excl. DJ)","충청권(대전제외)","0","권역 간"
"2022","제주","Others","기타","충남","Chungcheong(excl. DJ)","충청권(대전제외)","0","권역 간"
"2022","제주","Others","기타","전북","Honam","호남권","0","권역 간"
"2022","제주","Others","기타","전남","Honam","호남권","0","권역 간"
"2022","제주","Others","기타","경북","Yeongnam","영남권","0","권역 간"
"2022","제주","Others","기타","경남","Yeongnam","영남권","0","권역 간"
"2022","제주","Others","기타","제주","Others","기타","7579159","권역 내"
"2022","세종","Chungcheong(excl. DJ)","충청권(대전제외)","서울","Capital Area","수도권","177384","권역 간"
"2022","세종","Chungcheong(excl. DJ)","충청권(대전제외)","부산","Yeongnam","영남권","221241","권역 간"
"2022","세종","Chungcheong(excl. DJ)","충청권(대전제외)","대구","Yeongnam","영남권","125832","권역 간"
"2022","세종","Chungcheong(excl. DJ)","충청권(대전제외)","인천","Capital Area","수도권","279338","권역 간"
"2022","세종","Chungcheong(excl. DJ)","충청권(대전제외)","광주","Honam","호남권","91621","권역 간"
"2022","세종","Chungcheong(excl. DJ)","충청권(대전제외)","세종","Chungcheong(excl. DJ)","충청권(대전제외)","1079560","권역 내"
"2022","세종","Chungcheong(excl. DJ)","충청권(대전제외)","대전","Daejeon","대전시","326576","권역 간"
"2022","세종","Chungcheong(excl. DJ)","충청권(대전제외)","울산","Yeongnam","영남권","305951","권역 간"
"2022","세종","Chungcheong(excl. DJ)","충청권(대전제외)","경기","Capital Area","수도권","1537884","권역 간"
"2022","세종","Chungcheong(excl. DJ)","충청권(대전제외)","강원","Others","기타","338744","권역 간"
"2022","세종","Chungcheong(excl. DJ)","충청권(대전제외)","충북","Chungcheong(excl. DJ)","충청권(대전제외)","1760662","권역 내"
"2022","세종","Chungcheong(excl. DJ)","충청권(대전제외)","충남","Chungcheong(excl. DJ)","충청권(대전제외)","2028171","권역 내"
"2022","세종","Chungcheong(excl. DJ)","충청권(대전제외)","전북","Honam","호남권","406923","권역 간"
"2022","세종","Chungcheong(excl. DJ)","충청권(대전제외)","전남","Honam","호남권","600181","권역 간"
"2022","세종","Chungcheong(excl. DJ)","충청권(대전제외)","경북","Yeongnam","영남권","864150","권역 간"
"2022","세종","Chungcheong(excl. DJ)","충청권(대전제외)","경남","Yeongnam","영남권","451189","권역 간"
"2022","세종","Chungcheong(excl. DJ)","충청권(대전제외)","제주","Others","기타","0","권역 간"
"2023","서울","Capital Area","수도권","서울","Capital Area","수도권","41436341","권역 내"
"2023","서울","Capital Area","수도권","부산","Yeongnam","영남권","5340316","권역 간"
"2023","서울","Capital Area","수도권","대구","Yeongnam","영남권","3208269","권역 간"
"2023","서울","Capital Area","수도권","인천","Capital Area","수도권","6348164","권역 내"
"2023","서울","Capital Area","수도권","광주","Honam","호남권","2146381","권역 간"
"2023","서울","Capital Area","수도권","세종","Chungcheong(excl. DJ)","충청권(대전제외)","520066","권역 간"
"2023","서울","Capital Area","수도권","대전","Daejeon","대전시","2579992","권역 간"
"2023","서울","Capital Area","수도권","울산","Yeongnam","영남권","3971692","권역 간"
"2023","서울","Capital Area","수도권","경기","Capital Area","수도권","31883488","권역 내"
"2023","서울","Capital Area","수도권","강원","Others","기타","2616366","권역 간"
"2023","서울","Capital Area","수도권","충북","Chungcheong(excl. DJ)","충청권(대전제외)","4177146","권역 간"
"2023","서울","Capital Area","수도권","충남","Chungcheong(excl. DJ)","충청권(대전제외)","6139688","권역 간"
"2023","서울","Capital Area","수도권","전북","Honam","호남권","3263925","권역 간"
"2023","서울","Capital Area","수도권","전남","Honam","호남권","4093724","권역 간"
"2023","서울","Capital Area","수도권","경북","Yeongnam","영남권","7392138","권역 간"
"2023","서울","Capital Area","수도권","경남","Yeongnam","영남권","7106954","권역 간"
"2023","서울","Capital Area","수도권","제주","Others","기타","0","권역 간"
"2023","부산","Yeongnam","영남권","서울","Capital Area","수도권","1403013","권역 간"
"2023","부산","Yeongnam","영남권","부산","Yeongnam","영남권","36777638","권역 내"
"2023","부산","Yeongnam","영남권","대구","Yeongnam","영남권","2259945","권역 내"
"2023","부산","Yeongnam","영남권","인천","Capital Area","수도권","3023292","권역 간"
"2023","부산","Yeongnam","영남권","광주","Honam","호남권","757230","권역 간"
"2023","부산","Yeongnam","영남권","세종","Chungcheong(excl. DJ)","충청권(대전제외)","361027","권역 간"
"2023","부산","Yeongnam","영남권","대전","Daejeon","대전시","499720","권역 간"
"2023","부산","Yeongnam","영남권","울산","Yeongnam","영남권","8336953","권역 내"
"2023","부산","Yeongnam","영남권","경기","Capital Area","수도권","18039377","권역 간"
"2023","부산","Yeongnam","영남권","강원","Others","기타","650474","권역 간"
"2023","부산","Yeongnam","영남권","충북","Chungcheong(excl. DJ)","충청권(대전제외)","3731956","권역 간"
"2023","부산","Yeongnam","영남권","충남","Chungcheong(excl. DJ)","충청권(대전제외)","3343832","권역 간"
"2023","부산","Yeongnam","영남권","전북","Honam","호남권","1502852","권역 간"
"2023","부산","Yeongnam","영남권","전남","Honam","호남권","1708407","권역 간"
"2023","부산","Yeongnam","영남권","경북","Yeongnam","영남권","10023823","권역 내"
"2023","부산","Yeongnam","영남권","경남","Yeongnam","영남권","16854813","권역 내"
"2023","부산","Yeongnam","영남권","제주","Others","기타","0","권역 간"
"2023","대구","Yeongnam","영남권","서울","Capital Area","수도권","411876","권역 간"
"2023","대구","Yeongnam","영남권","부산","Yeongnam","영남권","3618151","권역 내"
"2023","대구","Yeongnam","영남권","대구","Yeongnam","영남권","5087212","권역 내"
"2023","대구","Yeongnam","영남권","인천","Capital Area","수도권","415670","권역 간"
"2023","대구","Yeongnam","영남권","광주","Honam","호남권","175003","권역 간"
"2023","대구","Yeongnam","영남권","세종","Chungcheong(excl. DJ)","충청권(대전제외)","56506","권역 간"
"2023","대구","Yeongnam","영남권","대전","Daejeon","대전시","151065","권역 간"
"2023","대구","Yeongnam","영남권","울산","Yeongnam","영남권","924665","권역 내"
"2023","대구","Yeongnam","영남권","경기","Capital Area","수도권","1211566","권역 간"
"2023","대구","Yeongnam","영남권","강원","Others","기타","224052","권역 간"
"2023","대구","Yeongnam","영남권","충북","Chungcheong(excl. DJ)","충청권(대전제외)","464553","권역 간"
"2023","대구","Yeongnam","영남권","충남","Chungcheong(excl. DJ)","충청권(대전제외)","641802","권역 간"
"2023","대구","Yeongnam","영남권","전북","Honam","호남권","335891","권역 간"
"2023","대구","Yeongnam","영남권","전남","Honam","호남권","561560","권역 간"
"2023","대구","Yeongnam","영남권","경북","Yeongnam","영남권","3400165","권역 내"
"2023","대구","Yeongnam","영남권","경남","Yeongnam","영남권","1984939","권역 내"
"2023","대구","Yeongnam","영남권","제주","Others","기타","0","권역 간"
"2023","인천","Capital Area","수도권","서울","Capital Area","수도권","4410513","권역 내"
"2023","인천","Capital Area","수도권","부산","Yeongnam","영남권","3459331","권역 간"
"2023","인천","Capital Area","수도권","대구","Yeongnam","영남권","641164","권역 간"
"2023","인천","Capital Area","수도권","인천","Capital Area","수도권","68309234","권역 내"
"2023","인천","Capital Area","수도권","광주","Honam","호남권","438118","권역 간"
"2023","인천","Capital Area","수도권","세종","Chungcheong(excl. DJ)","충청권(대전제외)","358919","권역 간"
"2023","인천","Capital Area","수도권","대전","Daejeon","대전시","644155","권역 간"
"2023","인천","Capital Area","수도권","울산","Yeongnam","영남권","1424594","권역 간"
"2023","인천","Capital Area","수도권","경기","Capital Area","수도권","36541807","권역 내"
"2023","인천","Capital Area","수도권","강원","Others","기타","2096589","권역 간"
"2023","인천","Capital Area","수도권","충북","Chungcheong(excl. DJ)","충청권(대전제외)","3153245","권역 간"
"2023","인천","Capital Area","수도권","충남","Chungcheong(excl. DJ)","충청권(대전제외)","5589034","권역 간"
"2023","인천","Capital Area","수도권","전북","Honam","호남권","1362747","권역 간"
"2023","인천","Capital Area","수도권","전남","Honam","호남권","2282849","권역 간"
"2023","인천","Capital Area","수도권","경북","Yeongnam","영남권","3536504","권역 간"
"2023","인천","Capital Area","수도권","경남","Yeongnam","영남권","2445121","권역 간"
"2023","인천","Capital Area","수도권","제주","Others","기타","0","권역 간"
"2023","광주","Honam","호남권","서울","Capital Area","수도권","587836","권역 간"
"2023","광주","Honam","호남권","부산","Yeongnam","영남권","2605622","권역 간"
"2023","광주","Honam","호남권","대구","Yeongnam","영남권","311586","권역 간"
"2023","광주","Honam","호남권","인천","Capital Area","수도권","602891","권역 간"
"2023","광주","Honam","호남권","광주","Honam","호남권","5103060","권역 내"
"2023","광주","Honam","호남권","세종","Chungcheong(excl. DJ)","충청권(대전제외)","45702","권역 간"
"2023","광주","Honam","호남권","대전","Daejeon","대전시","222756","권역 간"
"2023","광주","Honam","호남권","울산","Yeongnam","영남권","1020489","권역 간"
"2023","광주","Honam","호남권","경기","Capital Area","수도권","2333947","권역 간"
"2023","광주","Honam","호남권","강원","Others","기타","173692","권역 간"
"2023","광주","Honam","호남권","충북","Chungcheong(excl. DJ)","충청권(대전제외)","432304","권역 간"
"2023","광주","Honam","호남권","충남","Chungcheong(excl. DJ)","충청권(대전제외)","1188216","권역 간"
"2023","광주","Honam","호남권","전북","Honam","호남권","1175927","권역 내"
"2023","광주","Honam","호남권","전남","Honam","호남권","7286413","권역 내"
"2023","광주","Honam","호남권","경북","Yeongnam","영남권","1039379","권역 간"
"2023","광주","Honam","호남권","경남","Yeongnam","영남권","1437848","권역 간"
"2023","광주","Honam","호남권","제주","Others","기타","0","권역 간"
"2023","대전","Daejeon","대전시","서울","Capital Area","수도권","93404","권역 간"
"2023","대전","Daejeon","대전시","부산","Yeongnam","영남권","1313504","권역 간"
"2023","대전","Daejeon","대전시","대구","Yeongnam","영남권","50782","권역 간"
"2023","대전","Daejeon","대전시","인천","Capital Area","수도권","176803","권역 간"
"2023","대전","Daejeon","대전시","광주","Honam","호남권","36722","권역 간"
"2023","대전","Daejeon","대전시","세종","Chungcheong(excl. DJ)","충청권(대전제외)","26410","권역 간"
"2023","대전","Daejeon","대전시","대전","Daejeon","대전시","744614","권역 내"
"2023","대전","Daejeon","대전시","울산","Yeongnam","영남권","87049","권역 간"
"2023","대전","Daejeon","대전시","경기","Capital Area","수도권","326228","권역 간"
"2023","대전","Daejeon","대전시","강원","Others","기타","28579","권역 간"
"2023","대전","Daejeon","대전시","충북","Chungcheong(excl. DJ)","충청권(대전제외)","180756","권역 간"
"2023","대전","Daejeon","대전시","충남","Chungcheong(excl. DJ)","충청권(대전제외)","243034","권역 간"
"2023","대전","Daejeon","대전시","전북","Honam","호남권","104010","권역 간"
"2023","대전","Daejeon","대전시","전남","Honam","호남권","110047","권역 간"
"2023","대전","Daejeon","대전시","경북","Yeongnam","영남권","192106","권역 간"
"2023","대전","Daejeon","대전시","경남","Yeongnam","영남권","145714","권역 간"
"2023","대전","Daejeon","대전시","제주","Others","기타","0","권역 간"
"2023","울산","Yeongnam","영남권","서울","Capital Area","수도권","251264","권역 간"
"2023","울산","Yeongnam","영남권","부산","Yeongnam","영남권","16606363","권역 내"
"2023","울산","Yeongnam","영남권","대구","Yeongnam","영남권","611053","권역 내"
"2023","울산","Yeongnam","영남권","인천","Capital Area","수도권","273176","권역 간"
"2023","울산","Yeongnam","영남권","광주","Honam","호남권","113093","권역 간"
"2023","울산","Yeongnam","영남권","세종","Chungcheong(excl. DJ)","충청권(대전제외)","63961","권역 간"
"2023","울산","Yeongnam","영남권","대전","Daejeon","대전시","178063","권역 간"
"2023","울산","Yeongnam","영남권","울산","Yeongnam","영남권","81918092","권역 내"
"2023","울산","Yeongnam","영남권","경기","Capital Area","수도권","1214497","권역 간"
"2023","울산","Yeongnam","영남권","강원","Others","기타","413782","권역 간"
"2023","울산","Yeongnam","영남권","충북","Chungcheong(excl. DJ)","충청권(대전제외)","503769","권역 간"
"2023","울산","Yeongnam","영남권","충남","Chungcheong(excl. DJ)","충청권(대전제외)","596443","권역 간"
"2023","울산","Yeongnam","영남권","전북","Honam","호남권","451206","권역 간"
"2023","울산","Yeongnam","영남권","전남","Honam","호남권","943365","권역 간"
"2023","울산","Yeongnam","영남권","경북","Yeongnam","영남권","2525989","권역 내"
"2023","울산","Yeongnam","영남권","경남","Yeongnam","영남권","5152545","권역 내"
"2023","울산","Yeongnam","영남권","제주","Others","기타","0","권역 간"
"2023","경기","Capital Area","수도권","서울","Capital Area","수도권","21795505","권역 내"
"2023","경기","Capital Area","수도권","부산","Yeongnam","영남권","25343985","권역 간"
"2023","경기","Capital Area","수도권","대구","Yeongnam","영남권","5394568","권역 간"
"2023","경기","Capital Area","수도권","인천","Capital Area","수도권","24724897","권역 내"
"2023","경기","Capital Area","수도권","광주","Honam","호남권","3365037","권역 간"
"2023","경기","Capital Area","수도권","세종","Chungcheong(excl. DJ)","충청권(대전제외)","2293918","권역 간"
"2023","경기","Capital Area","수도권","대전","Daejeon","대전시","4882808","권역 간"
"2023","경기","Capital Area","수도권","울산","Yeongnam","영남권","11430552","권역 간"
"2023","경기","Capital Area","수도권","경기","Capital Area","수도권","150760250","권역 내"
"2023","경기","Capital Area","수도권","강원","Others","기타","10656270","권역 간"
"2023","경기","Capital Area","수도권","충북","Chungcheong(excl. DJ)","충청권(대전제외)","16543551","권역 간"
"2023","경기","Capital Area","수도권","충남","Chungcheong(excl. DJ)","충청권(대전제외)","42763120","권역 간"
"2023","경기","Capital Area","수도권","전북","Honam","호남권","8930290","권역 간"
"2023","경기","Capital Area","수도권","전남","Honam","호남권","13230260","권역 간"
"2023","경기","Capital Area","수도권","경북","Yeongnam","영남권","19534211","권역 간"
"2023","경기","Capital Area","수도권","경남","Yeongnam","영남권","14109121","권역 간"
"2023","경기","Capital Area","수도권","제주","Others","기타","0","권역 간"
"2023","강원","Others","기타","서울","Capital Area","수도권","2451322","권역 간"
"2023","강원","Others","기타","부산","Yeongnam","영남권","2718928","권역 간"
"2023","강원","Others","기타","대구","Yeongnam","영남권","1553719","권역 간"
"2023","강원","Others","기타","인천","Capital Area","수도권","2153194","권역 간"
"2023","강원","Others","기타","광주","Honam","호남권","804951","권역 간"
"2023","강원","Others","기타","세종","Chungcheong(excl. DJ)","충청권(대전제외)","668123","권역 간"
"2023","강원","Others","기타","대전","Daejeon","대전시","1015145","권역 간"
"2023","강원","Others","기타","울산","Yeongnam","영남권","3843993","권역 간"
"2023","강원","Others","기타","경기","Capital Area","수도권","15821553","권역 간"
"2023","강원","Others","기타","강원","Others","기타","57780366","권역 내"
"2023","강원","Others","기타","충북","Chungcheong(excl. DJ)","충청권(대전제외)","7132090","권역 간"
"2023","강원","Others","기타","충남","Chungcheong(excl. DJ)","충청권(대전제외)","6452114","권역 간"
"2023","강원","Others","기타","전북","Honam","호남권","2540311","권역 간"
"2023","강원","Others","기타","전남","Honam","호남권","4125366","권역 간"
"2023","강원","Others","기타","경북","Yeongnam","영남권","11799463","권역 간"
"2023","강원","Others","기타","경남","Yeongnam","영남권","5032579","권역 간"
"2023","강원","Others","기타","제주","Others","기타","0","권역 내"
"2023","충북","Chungcheong(excl. DJ)","충청권(대전제외)","서울","Capital Area","수도권","3560010","권역 간"
"2023","충북","Chungcheong(excl. DJ)","충청권(대전제외)","부산","Yeongnam","영남권","4240005","권역 간"
"2023","충북","Chungcheong(excl. DJ)","충청권(대전제외)","대구","Yeongnam","영남권","1709753","권역 간"
"2023","충북","Chungcheong(excl. DJ)","충청권(대전제외)","인천","Capital Area","수도권","2902058","권역 간"
"2023","충북","Chungcheong(excl. DJ)","충청권(대전제외)","광주","Honam","호남권","975359","권역 간"
"2023","충북","Chungcheong(excl. DJ)","충청권(대전제외)","세종","Chungcheong(excl. DJ)","충청권(대전제외)","1762710","권역 내"
"2023","충북","Chungcheong(excl. DJ)","충청권(대전제외)","대전","Daejeon","대전시","2273988","권역 간"
"2023","충북","Chungcheong(excl. DJ)","충청권(대전제외)","울산","Yeongnam","영남권","8557925","권역 간"
"2023","충북","Chungcheong(excl. DJ)","충청권(대전제외)","경기","Capital Area","수도권","17254013","권역 간"
"2023","충북","Chungcheong(excl. DJ)","충청권(대전제외)","강원","Others","기타","4322469","권역 간"
"2023","충북","Chungcheong(excl. DJ)","충청권(대전제외)","충북","Chungcheong(excl. DJ)","충청권(대전제외)","18037464","권역 내"
"2023","충북","Chungcheong(excl. DJ)","충청권(대전제외)","충남","Chungcheong(excl. DJ)","충청권(대전제외)","12652583","권역 내"
"2023","충북","Chungcheong(excl. DJ)","충청권(대전제외)","전북","Honam","호남권","3223266","권역 간"
"2023","충북","Chungcheong(excl. DJ)","충청권(대전제외)","전남","Honam","호남권","7155720","권역 간"
"2023","충북","Chungcheong(excl. DJ)","충청권(대전제외)","경북","Yeongnam","영남권","9598432","권역 간"
"2023","충북","Chungcheong(excl. DJ)","충청권(대전제외)","경남","Yeongnam","영남권","5289728","권역 간"
"2023","충북","Chungcheong(excl. DJ)","충청권(대전제외)","제주","Others","기타","0","권역 간"
"2023","충남","Chungcheong(excl. DJ)","충청권(대전제외)","서울","Capital Area","수도권","3010835","권역 간"
"2023","충남","Chungcheong(excl. DJ)","충청권(대전제외)","부산","Yeongnam","영남권","5339874","권역 간"
"2023","충남","Chungcheong(excl. DJ)","충청권(대전제외)","대구","Yeongnam","영남권","1278865","권역 간"
"2023","충남","Chungcheong(excl. DJ)","충청권(대전제외)","인천","Capital Area","수도권","3675271","권역 간"
"2023","충남","Chungcheong(excl. DJ)","충청권(대전제외)","광주","Honam","호남권","1088758","권역 간"
"2023","충남","Chungcheong(excl. DJ)","충청권(대전제외)","세종","Chungcheong(excl. DJ)","충청권(대전제외)","1586566","권역 내"
"2023","충남","Chungcheong(excl. DJ)","충청권(대전제외)","대전","Daejeon","대전시","5077334","권역 간"
"2023","충남","Chungcheong(excl. DJ)","충청권(대전제외)","울산","Yeongnam","영남권","3695877","권역 간"
"2023","충남","Chungcheong(excl. DJ)","충청권(대전제외)","경기","Capital Area","수도권","23971591","권역 간"
"2023","충남","Chungcheong(excl. DJ)","충청권(대전제외)","강원","Others","기타","2591652","권역 간"
"2023","충남","Chungcheong(excl. DJ)","충청권(대전제외)","충북","Chungcheong(excl. DJ)","충청권(대전제외)","7331232","권역 내"
"2023","충남","Chungcheong(excl. DJ)","충청권(대전제외)","충남","Chungcheong(excl. DJ)","충청권(대전제외)","77847056","권역 내"
"2023","충남","Chungcheong(excl. DJ)","충청권(대전제외)","전북","Honam","호남권","5061767","권역 간"
"2023","충남","Chungcheong(excl. DJ)","충청권(대전제외)","전남","Honam","호남권","5131628","권역 간"
"2023","충남","Chungcheong(excl. DJ)","충청권(대전제외)","경북","Yeongnam","영남권","6984239","권역 간"
"2023","충남","Chungcheong(excl. DJ)","충청권(대전제외)","경남","Yeongnam","영남권","4889254","권역 간"
"2023","충남","Chungcheong(excl. DJ)","충청권(대전제외)","제주","Others","기타","0","권역 간"
"2023","전북","Honam","호남권","서울","Capital Area","수도권","928808","권역 간"
"2023","전북","Honam","호남권","부산","Yeongnam","영남권","2727192","권역 간"
"2023","전북","Honam","호남권","대구","Yeongnam","영남권","889312","권역 간"
"2023","전북","Honam","호남권","인천","Capital Area","수도권","1253153","권역 간"
"2023","전북","Honam","호남권","광주","Honam","호남권","1287463","권역 내"
"2023","전북","Honam","호남권","세종","Chungcheong(excl. DJ)","충청권(대전제외)","485920","권역 간"
"2023","전북","Honam","호남권","대전","Daejeon","대전시","1028214","권역 간"
"2023","전북","Honam","호남권","울산","Yeongnam","영남권","2025232","권역 간"
"2023","전북","Honam","호남권","경기","Capital Area","수도권","6003330","권역 간"
"2023","전북","Honam","호남권","강원","Others","기타","1347483","권역 간"
"2023","전북","Honam","호남권","충북","Chungcheong(excl. DJ)","충청권(대전제외)","2815890","권역 간"
"2023","전북","Honam","호남권","충남","Chungcheong(excl. DJ)","충청권(대전제외)","6856624","권역 간"
"2023","전북","Honam","호남권","전북","Honam","호남권","23113020","권역 내"
"2023","전북","Honam","호남권","전남","Honam","호남권","6928344","권역 내"
"2023","전북","Honam","호남권","경북","Yeongnam","영남권","4258208","권역 간"
"2023","전북","Honam","호남권","경남","Yeongnam","영남권","3639173","권역 간"
"2023","전북","Honam","호남권","제주","Others","기타","0","권역 간"
"2023","전남","Honam","호남권","서울","Capital Area","수도권","1332412","권역 간"
"2023","전남","Honam","호남권","부산","Yeongnam","영남권","2779753","권역 간"
"2023","전남","Honam","호남권","대구","Yeongnam","영남권","995191","권역 간"
"2023","전남","Honam","호남권","인천","Capital Area","수도권","1182032","권역 간"
"2023","전남","Honam","호남권","광주","Honam","호남권","5659756","권역 내"
"2023","전남","Honam","호남권","세종","Chungcheong(excl. DJ)","충청권(대전제외)","1344540","권역 간"
"2023","전남","Honam","호남권","대전","Daejeon","대전시","642219","권역 간"
"2023","전남","Honam","호남권","울산","Yeongnam","영남권","3221541","권역 간"
"2023","전남","Honam","호남권","경기","Capital Area","수도권","7306696","권역 간"
"2023","전남","Honam","호남권","강원","Others","기타","1450402","권역 간"
"2023","전남","Honam","호남권","충북","Chungcheong(excl. DJ)","충청권(대전제외)","3103790","권역 간"
"2023","전남","Honam","호남권","충남","Chungcheong(excl. DJ)","충청권(대전제외)","4005960","권역 간"
"2023","전남","Honam","호남권","전북","Honam","호남권","6385113","권역 내"
"2023","전남","Honam","호남권","전남","Honam","호남권","106940602","권역 내"
"2023","전남","Honam","호남권","경북","Yeongnam","영남권","4213618","권역 간"
"2023","전남","Honam","호남권","경남","Yeongnam","영남권","5881671","권역 간"
"2023","전남","Honam","호남권","제주","Others","기타","0","권역 간"
"2023","경북","Yeongnam","영남권","서울","Capital Area","수도권","1601095","권역 간"
"2023","경북","Yeongnam","영남권","부산","Yeongnam","영남권","15725577","권역 내"
"2023","경북","Yeongnam","영남권","대구","Yeongnam","영남권","3314355","권역 내"
"2023","경북","Yeongnam","영남권","인천","Capital Area","수도권","1318716","권역 간"
"2023","경북","Yeongnam","영남권","광주","Honam","호남권","678526","권역 간"
"2023","경북","Yeongnam","영남권","세종","Chungcheong(excl. DJ)","충청권(대전제외)","386961","권역 간"
"2023","경북","Yeongnam","영남권","대전","Daejeon","대전시","807340","권역 간"
"2023","경북","Yeongnam","영남권","울산","Yeongnam","영남권","7013263","권역 내"
"2023","경북","Yeongnam","영남권","경기","Capital Area","수도권","6998413","권역 간"
"2023","경북","Yeongnam","영남권","강원","Others","기타","2172459","권역 간"
"2023","경북","Yeongnam","영남권","충북","Chungcheong(excl. DJ)","충청권(대전제외)","3433692","권역 간"
"2023","경북","Yeongnam","영남권","충남","Chungcheong(excl. DJ)","충청권(대전제외)","3917201","권역 간"
"2023","경북","Yeongnam","영남권","전북","Honam","호남권","2016525","권역 간"
"2023","경북","Yeongnam","영남권","전남","Honam","호남권","3228506","권역 간"
"2023","경북","Yeongnam","영남권","경북","Yeongnam","영남권","46134599","권역 내"
"2023","경북","Yeongnam","영남권","경남","Yeongnam","영남권","7234817","권역 내"
"2023","경북","Yeongnam","영남권","제주","Others","기타","0","권역 간"
"2023","경남","Yeongnam","영남권","서울","Capital Area","수도권","861265","권역 간"
"2023","경남","Yeongnam","영남권","부산","Yeongnam","영남권","24498984","권역 내"
"2023","경남","Yeongnam","영남권","대구","Yeongnam","영남권","1721131","권역 내"
"2023","경남","Yeongnam","영남권","인천","Capital Area","수도권","871768","권역 간"
"2023","경남","Yeongnam","영남권","광주","Honam","호남권","523835","권역 간"
"2023","경남","Yeongnam","영남권","세종","Chungcheong(excl. DJ)","충청권(대전제외)","206201","권역 간"
"2023","경남","Yeongnam","영남권","대전","Daejeon","대전시","431977","권역 간"
"2023","경남","Yeongnam","영남권","울산","Yeongnam","영남권","5874466","권역 내"
"2023","경남","Yeongnam","영남권","경기","Capital Area","수도권","3686434","권역 간"
"2023","경남","Yeongnam","영남권","강원","Others","기타","1240302","권역 간"
"2023","경남","Yeongnam","영남권","충북","Chungcheong(excl. DJ)","충청권(대전제외)","1608041","권역 간"
"2023","경남","Yeongnam","영남권","충남","Chungcheong(excl. DJ)","충청권(대전제외)","1989280","권역 간"
"2023","경남","Yeongnam","영남권","전북","Honam","호남권","1617333","권역 간"
"2023","경남","Yeongnam","영남권","전남","Honam","호남권","3857328","권역 간"
"2023","경남","Yeongnam","영남권","경북","Yeongnam","영남권","4489023","권역 내"
"2023","경남","Yeongnam","영남권","경남","Yeongnam","영남권","48494318","권역 내"
"2023","경남","Yeongnam","영남권","제주","Others","기타","0","권역 간"
"2023","제주","Others","기타","서울","Capital Area","수도권","0","권역 간"
"2023","제주","Others","기타","부산","Yeongnam","영남권","0","권역 간"
"2023","제주","Others","기타","대구","Yeongnam","영남권","0","권역 간"
"2023","제주","Others","기타","인천","Capital Area","수도권","0","권역 간"
"2023","제주","Others","기타","광주","Honam","호남권","0","권역 간"
"2023","제주","Others","기타","세종","Chungcheong(excl. DJ)","충청권(대전제외)","0","권역 간"
"2023","제주","Others","기타","대전","Daejeon","대전시","0","권역 간"
"2023","제주","Others","기타","울산","Yeongnam","영남권","0","권역 간"
"2023","제주","Others","기타","경기","Capital Area","수도권","0","권역 간"
"2023","제주","Others","기타","강원","Others","기타","0","권역 내"
"2023","제주","Others","기타","충북","Chungcheong(excl. DJ)","충청권(대전제외)","0","권역 간"
"2023","제주","Others","기타","충남","Chungcheong(excl. DJ)","충청권(대전제외)","0","권역 간"
"2023","제주","Others","기타","전북","Honam","호남권","0","권역 간"
"2023","제주","Others","기타","전남","Honam","호남권","0","권역 간"
"2023","제주","Others","기타","경북","Yeongnam","영남권","0","권역 간"
"2023","제주","Others","기타","경남","Yeongnam","영남권","0","권역 간"
"2023","제주","Others","기타","제주","Others","기타","7591310","권역 내"
"2023","세종","Chungcheong(excl. DJ)","충청권(대전제외)","서울","Capital Area","수도권","168452","권역 간"
"2023","세종","Chungcheong(excl. DJ)","충청권(대전제외)","부산","Yeongnam","영남권","245382","권역 간"
"2023","세종","Chungcheong(excl. DJ)","충청권(대전제외)","대구","Yeongnam","영남권","147088","권역 간"
"2023","세종","Chungcheong(excl. DJ)","충청권(대전제외)","인천","Capital Area","수도권","287494","권역 간"
"2023","세종","Chungcheong(excl. DJ)","충청권(대전제외)","광주","Honam","호남권","98720","권역 간"
"2023","세종","Chungcheong(excl. DJ)","충청권(대전제외)","세종","Chungcheong(excl. DJ)","충청권(대전제외)","1084338","권역 내"
"2023","세종","Chungcheong(excl. DJ)","충청권(대전제외)","대전","Daejeon","대전시","328454","권역 간"
"2023","세종","Chungcheong(excl. DJ)","충청권(대전제외)","울산","Yeongnam","영남권","369209","권역 간"
"2023","세종","Chungcheong(excl. DJ)","충청권(대전제외)","경기","Capital Area","수도권","1720415","권역 간"
"2023","세종","Chungcheong(excl. DJ)","충청권(대전제외)","강원","Others","기타","330921","권역 간"
"2023","세종","Chungcheong(excl. DJ)","충청권(대전제외)","충북","Chungcheong(excl. DJ)","충청권(대전제외)","1760064","권역 내"
"2023","세종","Chungcheong(excl. DJ)","충청권(대전제외)","충남","Chungcheong(excl. DJ)","충청권(대전제외)","2148311","권역 내"
"2023","세종","Chungcheong(excl. DJ)","충청권(대전제외)","전북","Honam","호남권","429333","권역 간"
"2023","세종","Chungcheong(excl. DJ)","충청권(대전제외)","전남","Honam","호남권","639274","권역 간"
"2023","세종","Chungcheong(excl. DJ)","충청권(대전제외)","경북","Yeongnam","영남권","966021","권역 간"
"2023","세종","Chungcheong(excl. DJ)","충청권(대전제외)","경남","Yeongnam","영남권","531506","권역 간"
"2023","세종","Chungcheong(excl. DJ)","충청권(대전제외)","제주","Others","기타","0","권역 간"
