"배송년월일","송하인_시명","송하인_시코드","송하인_구명","송하인_구코드","수하인_시명","수하인_시코드","대분류_착지물동량 가구/인테리어","대분류_착지물동량 기타","대분류_착지물동량 도서/음반","대분류_착지물동량 디지털/가전","대분류_착지물동량 생활/건강","대분류_착지물동량 스포츠/레저","대분류_착지물동량 식품","대분류_착지물동량 출산/육아","대분류_착지물동량 패션의류","대분류_착지물동량 패션잡화","대분류_착지물동량 화장품/미용"
20181101,서울특별시,11,노원구,11350,제주특별자치도,50,4,24,0,6,8,4,4,0,45,7,3
20181101,서울특별시,11,동대문구,11230,서울특별시,11,493,1670,169,634,1091,348,1635,186,4071,928,648
20181101,서울특별시,11,동대문구,11230,부산광역시,26,120,546,39,139,306,103,487,68,1113,274,154
20181101,서울특별시,11,동대문구,11230,대구광역시,27,89,405,24,107,247,67,377,38,830,182,148
20181101,서울특별시,11,동대문구,11230,인천광역시,28,122,494,35,145,332,89,465,85,1143,231,163
20181101,서울특별시,11,동대문구,11230,광주광역시,29,54,243,10,75,169,37,205,27,585,124,81
20181101,서울특별시,11,동대문구,11230,대전광역시,30,57,245,17,70,199,38,216,36,581,120,78
20181101,서울특별시,11,강동구,11740,서울특별시,11,519,1050,341,351,938,94,1063,82,1357,398,308
20181101,서울특별시,11,강동구,11740,부산광역시,26,120,376,42,76,252,25,312,23,343,126,76
20181101,서울특별시,11,강동구,11740,대구광역시,27,94,231,47,56,186,23,207,17,225,75,50
20181101,서울특별시,11,강동구,11740,인천광역시,28,114,259,58,89,280,14,216,21,345,79,86
20181101,서울특별시,11,강동구,11740,광주광역시,29,66,207,18,37,117,9,113,9,164,42,33
20181101,서울특별시,11,강동구,11740,대전광역시,30,76,179,31,30,145,11,115,8,163,36,35
20181101,서울특별시,11,강동구,11740,울산광역시,31,53,156,12,24,84,13,65,6,130,27,25
20181101,서울특별시,11,동대문구,11230,울산광역시,31,19,185,15,50,131,34,175,28,425,79,67
20181101,서울특별시,11,동대문구,11230,세종특별자치시,36,13,64,11,10,38,9,30,15,118,25,21
20181101,서울특별시,11,동대문구,11230,경기도,41,568,2444,161,735,1656,488,2117,302,5480,1080,856
20181101,서울특별시,11,동대문구,11230,강원도,42,60,243,17,70,166,43,196,23,469,121,86
20181101,서울특별시,11,동대문구,11230,충청북도,43,69,288,24,84,201,46,242,41,581,136,87
20181101,서울특별시,11,동대문구,11230,충청남도,44,88,359,18,109,285,70,308,49,787,167,144
20181101,서울특별시,11,동대문구,11230,전라북도,45,48,279,14,78,180,47,231,34,576,142,90
20181101,서울특별시,11,동대문구,11230,전라남도,46,45,266,11,68,179,46,233,29,449,105,69
20181101,서울특별시,11,동대문구,11230,경상북도,47,89,379,32,95,275,70,379,45,801,194,130
20181101,서울특별시,11,동대문구,11230,경상남도,48,102,522,31,148,344,89,476,53,1065,237,156
20181101,서울특별시,11,동대문구,11230,제주특별자치도,50,26,60,0,18,41,6,46,10,136,37,19
20181101,서울특별시,11,강서구,11500,울산광역시,31,22,141,21,79,159,29,131,21,356,68,117
20181101,서울특별시,11,강서구,11500,세종특별자치시,36,8,43,4,30,53,9,50,7,116,33,32
20181101,서울특별시,11,강서구,11500,경기도,41,324,1770,290,936,2133,259,1990,317,5547,1233,1603
20181101,서울특별시,11,강서구,11500,강원도,42,60,152,23,147,406,53,246,25,828,165,321
20181101,서울특별시,11,도봉구,11320,대구광역시,27,24,282,79,220,111,28,168,29,339,250,378
20181101,서울특별시,11,도봉구,11320,인천광역시,28,25,400,62,291,188,37,227,58,474,362,513
20181101,서울특별시,11,도봉구,11320,광주광역시,29,12,165,97,143,102,15,102,19,222,212,267
20181101,서울특별시,11,도봉구,11320,대전광역시,30,13,239,58,159,83,16,115,19,178,172,230
20181101,서울특별시,11,강서구,11500,충청북도,43,44,147,26,143,321,40,244,35,717,128,226
20181101,서울특별시,11,강서구,11500,충청남도,44,61,206,38,166,412,44,362,58,890,191,310
20181101,서울특별시,11,강서구,11500,전라북도,45,36,172,35,125,279,34,205,27,681,162,264
20181101,서울특별시,11,강서구,11500,전라남도,46,43,170,21,129,292,70,220,24,701,138,231
20181101,서울특별시,11,강서구,11500,경상북도,47,59,267,40,221,469,87,370,44,1035,202,368
20181101,서울특별시,11,강서구,11500,경상남도,48,64,338,42,250,516,76,408,61,1187,252,371
20181101,서울특별시,11,강서구,11500,제주특별자치도,50,8,88,11,31,40,15,48,9,176,73,36
20181101,서울특별시,11,동작구,11590,서울특별시,11,193,604,154,388,561,105,211,86,1108,519,594
20181101,서울특별시,11,동작구,11590,부산광역시,26,54,174,62,101,157,34,44,24,300,147,124
20181101,서울특별시,11,강북구,11305,제주특별자치도,50,0,32,0,6,4,7,3,5,91,14,5
20181101,서울특별시,11,강북구,11305,경상남도,48,8,238,6,43,82,14,36,100,647,160,68
20181101,서울특별시,11,강북구,11305,경상북도,47,15,205,10,36,41,10,33,69,515,113,39
20181101,서울특별시,11,강북구,11305,전라남도,46,5,121,7,25,36,6,21,40,322,75,41
20181101,서울특별시,11,강북구,11305,전라북도,45,8,139,8,22,46,4,21,50,356,80,31
20181101,서울특별시,11,강북구,11305,충청남도,44,12,230,14,22,54,7,19,81,496,97,50
20181101,서울특별시,11,강북구,11305,충청북도,43,3,161,9,20,38,7,19,51,390,88,43
20181101,서울특별시,11,강북구,11305,강원도,42,9,117,5,20,23,3,20,34,345,58,41
20181101,서울특별시,11,동작구,11590,대구광역시,27,50,113,27,74,99,26,20,6,168,91,98
20181101,서울특별시,11,동작구,11590,인천광역시,28,57,137,26,89,172,29,36,20,282,112,140
20181101,서울특별시,11,동작구,11590,광주광역시,29,16,82,14,34,59,16,14,11,147,78,63
20181101,서울특별시,11,동작구,11590,대전광역시,30,34,78,14,51,60,16,19,7,108,65,65
20181101,서울특별시,11,중랑구,11260,서울특별시,11,313,1555,165,1274,1482,258,779,328,3807,1432,1043
20181101,서울특별시,11,중랑구,11260,부산광역시,26,98,392,42,314,381,72,227,134,1131,407,312
20181101,서울특별시,11,중랑구,11260,대구광역시,27,88,299,29,238,337,40,159,87,849,306,234
20181101,서울특별시,11,중랑구,11260,인천광역시,28,131,426,42,308,404,62,220,114,1171,424,319
20181101,서울특별시,11,중랑구,11260,광주광역시,29,43,189,13,170,226,34,87,59,614,226,163
20181101,서울특별시,11,중랑구,11260,대전광역시,30,52,181,22,160,224,22,86,65,561,209,132
20181101,서울특별시,11,중랑구,11260,울산광역시,31,48,137,12,98,142,24,60,52,430,133,121
20181101,서울특별시,11,중랑구,11260,세종특별자치시,36,9,33,10,28,53,10,24,22,110,50,29
20181101,서울특별시,11,중랑구,11260,경기도,41,534,2024,200,1437,2094,303,941,648,5511,1814,1342
20181101,서울특별시,11,중랑구,11260,강원도,42,54,162,18,141,231,30,92,55,558,184,140
20181101,서울특별시,11,중랑구,11260,충청북도,43,56,187,19,158,237,26,82,73,616,204,153
20181101,서울특별시,11,중랑구,11260,충청남도,44,94,290,21,197,339,51,119,98,821,255,200
20181101,서울특별시,11,중랑구,11260,전라북도,45,51,180,15,144,221,33,100,76,634,220,143
20181101,서울특별시,11,중랑구,11260,전라남도,46,52,175,13,145,222,41,96,65,590,182,144
20181101,서울특별시,11,중랑구,11260,경상북도,47,85,279,30,203,394,47,136,116,882,335,207
20181101,서울특별시,11,중랑구,11260,경상남도,48,113,346,28,273,440,68,183,130,1140,375,293
20181101,서울특별시,11,중랑구,11260,제주특별자치도,50,17,33,5,27,52,10,19,14,160,51,22
20181101,서울특별시,11,동작구,11590,울산광역시,31,18,133,6,42,46,13,10,4,80,23,46
20181101,서울특별시,11,동작구,11590,세종특별자치시,36,5,16,4,10,15,6,6,5,29,12,14
20181101,서울특별시,11,동작구,11590,경기도,41,253,735,183,509,721,167,215,115,1499,550,622
20181101,서울특별시,11,서초구,11650,제주특별자치도,50,11,109,15,23,51,5,29,3,32,19,49
20181101,서울특별시,11,서초구,11650,경상남도,48,44,455,92,160,372,22,238,58,197,118,133
20181101,서울특별시,11,서초구,11650,경상북도,47,47,340,54,133,261,29,232,41,135,111,90
20181101,서울특별시,11,서초구,11650,전라남도,46,23,204,38,73,176,13,104,25,82,61,70
20181101,서울특별시,11,서초구,11650,전라북도,45,22,238,55,78,155,16,128,24,114,69,63
20181101,서울특별시,11,서초구,11650,충청남도,44,41,289,53,118,275,18,160,40,159,72,90
20181101,서울특별시,11,서초구,11650,충청북도,43,36,210,40,103,202,12,97,29,150,68,71
20181101,서울특별시,11,서초구,11650,강원도,42,23,206,46,64,157,20,92,24,81,61,74
20181101,서울특별시,11,서초구,11650,경기도,41,301,2807,474,828,1776,223,1365,250,1588,716,718
20181101,서울특별시,11,서초구,11650,세종특별자치시,36,6,65,13,17,48,4,33,7,17,10,13
20181101,서울특별시,11,서초구,11650,울산광역시,31,12,165,24,59,119,12,72,15,81,37,41
20181101,서울특별시,11,서초구,11650,대전광역시,30,22,244,65,97,177,9,125,36,87,82,77
20181101,서울특별시,11,서초구,11650,광주광역시,29,33,325,63,83,127,23,124,17,131,82,62
20181101,서울특별시,11,서초구,11650,인천광역시,28,51,1239,93,173,385,34,243,52,222,147,150
20181101,서울특별시,11,서초구,11650,대구광역시,27,43,439,70,132,247,30,171,38,181,100,128
20181101,서울특별시,11,서초구,11650,부산광역시,26,59,568,119,182,437,27,301,63,246,160,142
20181101,서울특별시,11,서초구,11650,서울특별시,11,281,2813,549,820,1672,141,1670,161,1164,570,668
20181101,서울특별시,11,동작구,11590,강원도,42,33,87,9,43,62,14,19,14,133,51,54
20181101,서울특별시,11,동작구,11590,충청북도,43,26,104,24,44,79,13,15,19,169,57,51
20181101,서울특별시,11,성북구,11290,서울특별시,11,311,2999,697,1668,2210,487,1400,457,12793,5439,2341
20181101,서울특별시,11,성북구,11290,부산광역시,26,75,767,130,422,516,141,363,160,3690,1306,716
20181101,서울특별시,11,성북구,11290,대구광역시,27,61,530,119,279,372,131,234,109,2747,1075,459
20181101,서울특별시,11,성북구,11290,인천광역시,28,68,864,80,387,563,141,305,154,3759,1343,629
20181101,서울특별시,11,성북구,11290,광주광역시,29,36,389,66,232,244,74,138,64,2043,743,411
20181101,서울특별시,11,강북구,11305,경기도,41,83,1291,65,205,360,44,190,436,3349,878,366
20181101,서울특별시,11,강북구,11305,세종특별자치시,36,0,26,0,3,0,0,6,15,65,23,6
20181101,서울특별시,11,강북구,11305,울산광역시,31,3,92,6,14,31,3,17,25,204,47,23
20181101,서울특별시,11,용산구,11170,서울특별시,11,253,2287,147,10895,1297,232,394,209,1693,846,446
20181101,서울특별시,11,성북구,11290,대전광역시,30,30,375,62,192,254,68,147,65,1910,713,301
20181101,서울특별시,11,성북구,11290,울산광역시,31,18,255,181,124,179,53,109,58,1302,469,226
20181101,서울특별시,11,성북구,11290,세종특별자치시,36,13,81,19,48,59,17,38,28,425,140,76
20181101,서울특별시,11,성북구,11290,경기도,41,395,3451,519,1895,2469,744,1577,716,16731,5988,2914
20181101,서울특별시,11,성북구,11290,강원도,42,47,347,96,196,245,67,159,84,1815,553,259
20181101,서울특별시,11,성북구,11290,충청북도,43,40,346,75,236,273,90,146,57,1881,644,293
20181101,서울특별시,11,성북구,11290,충청남도,44,41,507,82,248,325,106,230,114,2655,791,450
20181101,서울특별시,11,성북구,11290,전라북도,45,45,382,78,204,252,72,157,79,2030,597,294
20181101,서울특별시,11,성북구,11290,전라남도,46,39,364,110,201,271,50,143,64,1777,587,304
20181101,서울특별시,11,성북구,11290,경상북도,47,66,547,109,263,414,108,215,101,2796,907,507
20181101,서울특별시,11,성북구,11290,경상남도,48,69,713,113,354,508,154,341,141,3634,1160,699
20181101,서울특별시,11,성북구,11290,제주특별자치도,50,13,128,48,56,73,18,31,16,565,227,63
20181101,서울특별시,11,서대문구,11410,전라남도,46,3,51,8,8,207,4,54,27,125,23,60
20181101,서울특별시,11,서대문구,11410,전라북도,45,7,44,14,12,228,5,45,6,165,14,48
20181101,서울특별시,11,서대문구,11410,충청남도,44,4,80,18,8,326,3,75,24,189,24,87
20181101,서울특별시,11,서대문구,11410,충청북도,43,8,60,4,28,214,4,56,11,187,21,50
20181101,서울특별시,11,서대문구,11410,강원도,42,7,46,64,5,180,0,36,12,146,18,61
20181101,서울특별시,11,서대문구,11410,경기도,41,58,597,127,106,1667,55,521,109,1694,229,534
20181101,서울특별시,11,서대문구,11410,세종특별자치시,36,0,9,0,4,37,0,16,5,26,0,7
20181101,서울특별시,11,서대문구,11410,울산광역시,31,3,33,21,13,128,0,22,10,95,11,35
20181101,서울특별시,11,서대문구,11410,대전광역시,30,3,46,9,8,179,0,40,7,139,19,55
20181101,서울특별시,11,서대문구,11410,광주광역시,29,5,47,9,9,200,0,63,19,162,29,65
20181101,서울특별시,11,서대문구,11410,인천광역시,28,17,92,14,28,388,8,114,26,324,35,118
20181101,서울특별시,11,서대문구,11410,대구광역시,27,3,74,10,14,240,3,85,16,233,32,70
20181101,서울특별시,11,서대문구,11410,부산광역시,26,9,128,12,20,424,3,155,30,281,51,136
20181101,서울특별시,11,서대문구,11410,서울특별시,11,31,655,104,100,1233,36,486,89,1399,165,346
20181101,서울특별시,11,종로구,11110,서울특별시,11,170,1022,313,299,530,50,252,154,1220,1046,130
20181101,서울특별시,11,종로구,11110,부산광역시,26,41,225,55,79,184,11,30,28,415,283,38
20181101,서울특별시,11,종로구,11110,대구광역시,27,27,152,43,36,80,9,22,23,250,221,34
20181101,서울특별시,11,종로구,11110,인천광역시,28,52,219,42,70,131,10,69,46,289,273,28
20181101,서울특별시,11,종로구,11110,광주광역시,29,21,97,18,24,70,8,25,25,184,129,13
20181101,서울특별시,11,종로구,11110,대전광역시,30,19,101,28,30,75,13,31,23,202,140,22
20181101,서울특별시,11,종로구,11110,울산광역시,31,17,69,15,18,51,4,9,11,126,117,8
20181101,서울특별시,11,동작구,11590,충청남도,44,36,119,27,68,127,21,23,14,190,97,76
20181101,서울특별시,11,동작구,11590,전라북도,45,25,81,21,46,125,17,19,13,133,51,57
20181101,서울특별시,11,동작구,11590,전라남도,46,25,67,15,28,62,13,24,11,139,53,51
20181101,서울특별시,11,동작구,11590,경상북도,47,42,114,22,74,92,32,41,19,190,73,94
20181101,서울특별시,11,동작구,11590,경상남도,48,57,141,32,67,140,40,34,18,282,102,128
20181101,서울특별시,11,동작구,11590,제주특별자치도,50,6,15,4,16,15,6,3,0,46,24,9
20181101,서울특별시,11,종로구,11110,전라남도,46,22,88,19,33,97,4,26,30,184,135,20
20181101,서울특별시,11,종로구,11110,전라북도,45,22,143,24,25,83,0,34,20,180,172,8
20181101,서울특별시,11,종로구,11110,충청남도,44,32,149,24,37,94,13,43,25,233,202,21
20181101,서울특별시,11,종로구,11110,충청북도,43,24,108,27,37,62,10,41,19,206,169,14
20181101,서울특별시,11,종로구,11110,강원도,42,25,125,23,20,62,7,30,21,180,136,14
20181101,서울특별시,11,종로구,11110,경기도,41,218,1145,226,365,624,66,382,187,1519,1307,141
20181101,서울특별시,11,종로구,11110,세종특별자치시,36,7,21,5,3,21,0,6,6,44,28,0
20181101,서울특별시,11,마포구,11440,서울특별시,11,837,2208,1492,1164,1770,135,1447,240,2013,1614,460
20181101,서울특별시,11,마포구,11440,부산광역시,26,203,422,226,257,562,23,420,61,424,344,92
20181101,서울특별시,11,마포구,11440,대구광역시,27,153,355,134,230,358,30,253,64,330,257,83
20181101,서울특별시,11,마포구,11440,인천광역시,28,190,455,210,245,452,19,356,65,431,346,126
20181101,서울특별시,11,마포구,11440,광주광역시,29,81,206,83,126,195,13,183,35,196,184,47
20181101,서울특별시,11,마포구,11440,대전광역시,30,92,248,118,131,254,10,187,31,217,196,54
20181101,서울특별시,11,마포구,11440,울산광역시,31,70,127,62,75,142,8,122,36,107,100,35
20181101,서울특별시,11,마포구,11440,세종특별자치시,36,17,42,31,35,66,0,33,12,47,30,13
20181101,서울특별시,11,마포구,11440,경기도,41,834,2241,1027,1230,2187,143,1731,352,2370,1559,541
20181101,서울특별시,11,마포구,11440,강원도,42,85,208,92,83,231,8,173,22,183,141,43
20181101,서울특별시,11,마포구,11440,충청북도,43,80,200,108,116,235,10,178,30,244,139,41
20181101,서울특별시,11,마포구,11440,충청남도,44,94,337,102,157,333,19,268,57,266,231,76
20181101,서울특별시,11,마포구,11440,전라북도,45,79,225,98,141,273,13,198,35,226,172,46
20181101,서울특별시,11,마포구,11440,전라남도,46,90,175,69,105,218,6,179,34,154,144,44
20181101,서울특별시,11,마포구,11440,경상북도,47,117,298,120,175,345,16,284,47,300,220,72
20181101,서울특별시,11,마포구,11440,경상남도,48,191,355,129,175,421,22,317,64,361,301,114
20181101,서울특별시,11,마포구,11440,제주특별자치도,50,44,65,65,29,58,0,23,3,66,53,13
20181101,서울특별시,11,용산구,11170,부산광역시,26,71,547,38,2593,312,59,61,46,391,208,138
20181101,서울특별시,11,용산구,11170,대구광역시,27,65,364,33,1793,201,45,52,38,324,112,88
20181101,서울특별시,11,용산구,11170,인천광역시,28,62,542,43,2329,299,57,97,77,389,141,128
20181101,서울특별시,11,용산구,11170,광주광역시,29,34,250,15,1103,128,26,39,26,218,103,56
20181101,서울특별시,11,용산구,11170,대전광역시,30,39,259,31,1385,144,28,41,23,256,87,52
20181101,서울특별시,11,용산구,11170,울산광역시,31,22,180,15,748,122,24,25,21,131,49,33
20181101,서울특별시,11,용산구,11170,세종특별자치시,36,9,55,4,267,34,5,5,9,47,15,10
20181101,서울특별시,11,용산구,11170,경기도,41,319,2444,191,12001,1548,269,399,287,2127,832,544
20181101,서울특별시,11,용산구,11170,강원도,42,36,239,18,1035,115,20,34,19,161,69,52
20181101,서울특별시,11,용산구,11170,충청북도,43,37,230,16,1302,167,28,34,22,228,76,40
20181101,서울특별시,11,용산구,11170,충청남도,44,76,327,31,1846,240,42,55,30,263,95,53
20181101,서울특별시,11,용산구,11170,전라북도,45,30,238,20,1295,156,28,31,22,215,88,64
20181101,서울특별시,11,용산구,11170,전라남도,46,45,237,21,1123,120,34,52,16,202,74,48
20181101,서울특별시,11,용산구,11170,경상북도,47,50,382,51,1824,216,31,60,53,293,102,92
20181101,서울특별시,11,용산구,11170,경상남도,48,67,441,30,2170,254,52,65,44,425,144,110
20181101,서울특별시,11,용산구,11170,제주특별자치도,50,5,73,6,297,39,7,17,8,65,21,14
20181101,서울특별시,11,강동구,11740,세종특별자치시,36,7,20,3,10,23,0,28,4,30,6,6
20181101,서울특별시,11,금천구,11545,제주특별자치도,50,17,87,21,69,87,25,21,9,92,39,93
20181101,서울특별시,11,송파구,11710,제주특별자치도,50,8,62,0,16,45,6,24,0,110,22,30
20181101,서울특별시,11,송파구,11710,경상남도,48,33,288,16,120,333,31,268,42,787,151,238
20181101,서울특별시,11,송파구,11710,경상북도,47,15,226,9,81,255,36,178,40,530,96,187
20181101,서울특별시,11,송파구,11710,전라남도,46,12,138,6,51,171,12,105,23,318,63,90
20181101,서울특별시,11,송파구,11710,전라북도,45,7,149,22,51,154,20,128,16,421,81,125
20181101,서울특별시,11,송파구,11710,충청남도,44,28,207,8,88,173,31,173,38,554,96,171
20181101,서울특별시,11,송파구,11710,충청북도,43,17,140,18,90,198,17,107,12,501,80,102
20181101,서울특별시,11,송파구,11710,강원도,42,7,152,6,50,153,16,134,22,374,69,125
20181101,서울특별시,11,송파구,11710,경기도,41,158,1662,109,685,1311,183,1293,219,4167,833,1113
20181101,서울특별시,11,송파구,11710,세종특별자치시,36,0,48,6,19,42,3,32,6,70,24,15
20181101,서울특별시,11,송파구,11710,울산광역시,31,9,102,13,35,98,15,78,12,231,53,89
20181101,서울특별시,11,송파구,11710,대전광역시,30,9,164,9,95,129,26,133,20,374,93,106
20181101,서울특별시,11,송파구,11710,광주광역시,29,15,175,8,72,132,13,121,20,455,70,112
20181101,서울특별시,11,송파구,11710,인천광역시,28,30,292,14,130,300,53,240,46,810,150,278
20181101,서울특별시,11,송파구,11710,대구광역시,27,29,259,16,93,199,33,168,31,554,135,191
20181101,서울특별시,11,송파구,11710,부산광역시,26,30,317,13,134,302,29,332,41,742,254,287
20181101,서울특별시,11,송파구,11710,서울특별시,11,115,1677,97,663,1021,149,1292,161,3025,689,878
20181101,서울특별시,11,금천구,11545,경상남도,48,115,567,88,433,530,120,250,55,598,343,677
20181101,서울특별시,11,금천구,11545,경상북도,47,78,425,36,317,417,79,174,38,502,278,444
20181101,서울특별시,11,금천구,11545,전라남도,46,65,256,27,193,280,52,119,25,351,198,281
20181101,서울특별시,11,금천구,11545,전라북도,45,59,316,17,215,273,46,113,26,451,188,369
20181101,서울특별시,11,금천구,11545,충청남도,44,93,435,34,309,347,68,166,43,435,213,636
20181101,서울특별시,11,금천구,11545,충청북도,43,68,329,38,230,246,36,148,30,310,164,263
20181101,서울특별시,11,금천구,11545,강원도,42,78,285,16,202,282,55,117,27,285,183,279
20181101,서울특별시,11,금천구,11545,경기도,41,618,2955,401,2104,2634,473,1271,286,3285,1675,2886
20181101,서울특별시,11,금천구,11545,세종특별자치시,36,14,73,8,54,56,11,38,22,108,43,52
20181101,서울특별시,11,금천구,11545,울산광역시,31,31,207,17,157,176,42,89,20,215,120,273
20181101,서울특별시,11,금천구,11545,대전광역시,30,63,317,33,235,304,41,114,41,354,176,356
20181101,서울특별시,11,금천구,11545,광주광역시,29,73,304,28,229,319,54,119,37,357,219,296
20181101,서울특별시,11,금천구,11545,인천광역시,28,142,621,56,501,520,107,249,54,630,375,706
20181101,서울특별시,11,금천구,11545,대구광역시,27,93,446,168,304,396,111,208,49,474,286,668
20181101,서울특별시,11,금천구,11545,부산광역시,26,95,606,140,437,585,145,334,61,667,411,707
20181101,서울특별시,11,금천구,11545,서울특별시,11,541,2430,453,1746,2196,417,1142,226,2666,1449,2274
20181101,서울특별시,11,강북구,11305,대전광역시,30,8,139,11,29,31,9,9,37,324,86,39
20181101,서울특별시,11,강북구,11305,광주광역시,29,9,140,13,25,37,3,11,45,322,89,37
20181101,서울특별시,11,강북구,11305,인천광역시,28,17,260,11,47,67,69,38,113,729,180,76
20181101,서울특별시,11,강북구,11305,대구광역시,27,13,169,9,29,45,7,31,46,494,130,44
20181101,서울특별시,11,강북구,11305,부산광역시,26,25,254,10,41,66,19,58,87,633,192,71
20181101,서울특별시,11,강북구,11305,서울특별시,11,47,995,57,163,269,42,161,255,2196,655,281
20181101,서울특별시,11,중구,11140,제주특별자치도,50,29,96,20,16,60,14,24,0,144,33,12
20181101,서울특별시,11,중구,11140,경상남도,48,68,536,131,105,413,76,199,56,902,238,66
20181101,서울특별시,11,중구,11140,경상북도,47,50,418,88,76,321,72,143,31,717,172,49
20181101,서울특별시,11,중구,11140,전라남도,46,27,316,73,41,187,33,110,27,468,112,30
20181101,서울특별시,11,중구,11140,전라북도,45,42,273,69,44,287,41,85,38,527,115,25
20181101,서울특별시,11,중구,11140,충청남도,44,59,387,94,59,329,51,129,32,704,162,41
20181101,서울특별시,11,강동구,11740,강원도,42,47,119,21,45,148,12,144,17,122,31,22
20181101,서울특별시,11,강동구,11740,충청북도,43,65,112,23,42,164,10,135,13,185,41,44
20181101,서울특별시,11,강동구,11740,충청남도,44,104,232,35,43,205,13,172,32,245,56,50
20181101,서울특별시,11,중구,11140,충청북도,43,28,278,60,46,263,32,95,26,532,119,27
20181101,서울특별시,11,중구,11140,강원도,42,30,310,59,42,221,26,122,24,442,130,27
20181101,서울특별시,11,중구,11140,경기도,41,356,2565,530,482,2285,281,813,210,4901,1165,348
20181101,서울특별시,11,중구,11140,세종특별자치시,36,9,59,5,8,76,8,23,6,117,31,11
20181101,서울특별시,11,중구,11140,울산광역시,31,28,229,31,31,148,25,42,10,338,111,30
20181101,서울특별시,11,중구,11140,대전광역시,30,30,326,82,47,232,32,99,27,551,131,40
20181101,서울특별시,11,중구,11140,광주광역시,29,29,334,108,31,206,25,89,30,531,146,36
20181101,서울특별시,11,중구,11140,인천광역시,28,60,469,79,105,480,63,186,45,1012,241,109
20181101,서울특별시,11,중구,11140,대구광역시,27,40,451,83,77,315,38,126,33,786,187,77
20181101,서울특별시,11,강동구,11740,전라북도,45,76,121,30,49,153,16,133,11,181,48,34
20181101,서울특별시,11,중구,11140,부산광역시,26,73,618,165,118,513,56,165,43,1002,259,97
20181101,서울특별시,11,중구,11140,서울특별시,11,282,2631,537,422,2123,256,734,141,4207,1217,367
20181101,서울특별시,11,강동구,11740,전라남도,46,56,221,20,35,141,4,124,11,166,36,32
20181101,서울특별시,11,강동구,11740,경상북도,47,81,326,34,54,196,18,165,23,243,54,61
20181101,서울특별시,11,강동구,11740,경상남도,48,103,419,33,84,239,33,247,25,320,61,55
20181101,서울특별시,11,강동구,11740,제주특별자치도,50,7,41,6,8,34,9,40,0,46,11,0
20181101,서울특별시,11,구로구,11530,서울특별시,11,129,1431,139,733,1443,195,626,95,2106,436,990
20181101,서울특별시,11,구로구,11530,부산광역시,26,43,410,40,205,336,65,185,30,509,133,304
20181101,서울특별시,11,구로구,11530,대구광역시,27,22,194,33,162,253,22,145,17,375,76,180
20181101,서울특별시,11,구로구,11530,인천광역시,28,28,381,53,186,367,57,160,38,560,133,265
20181101,서울특별시,11,구로구,11530,광주광역시,29,22,172,17,107,158,28,89,13,254,52,125
20181101,서울특별시,11,구로구,11530,대전광역시,30,17,205,29,113,179,32,81,24,267,57,122
20181101,서울특별시,11,구로구,11530,울산광역시,31,8,125,15,79,132,18,65,10,152,37,90
20181101,서울특별시,11,구로구,11530,세종특별자치시,36,3,37,3,20,57,0,22,5,50,17,30
20181101,서울특별시,11,구로구,11530,경기도,41,175,1771,169,954,1733,221,833,156,2618,569,1130
20181101,서울특별시,11,구로구,11530,강원도,42,20,134,14,92,165,29,80,19,242,52,126
20181101,서울특별시,11,구로구,11530,충청북도,43,16,193,18,118,167,39,95,17,263,51,138
20181101,서울특별시,11,구로구,11530,충청남도,44,17,217,18,125,243,47,126,28,392,82,184
20181101,서울특별시,11,구로구,11530,전라북도,45,12,192,25,109,172,30,84,19,301,58,113
20181101,서울특별시,11,구로구,11530,전라남도,46,19,202,11,76,154,34,104,14,242,53,101
20181101,서울특별시,11,구로구,11530,경상북도,47,16,226,28,144,273,38,155,16,363,73,203
20181101,서울특별시,11,구로구,11530,경상남도,48,37,350,21,201,315,54,210,44,522,121,243
20181101,서울특별시,11,구로구,11530,제주특별자치도,50,0,56,5,18,46,3,26,6,56,15,38
20181101,서울특별시,11,도봉구,11320,서울특별시,11,95,1836,466,1257,703,125,936,162,1478,1115,1708
20181101,서울특별시,11,도봉구,11320,부산광역시,26,37,381,86,311,178,25,227,43,403,358,541
20181101,서울특별시,11,영등포구,11560,경상남도,48,30,539,51,466,348,27,435,23,259,120,176
20181101,서울특별시,11,도봉구,11320,제주특별자치도,50,5,70,16,29,28,0,44,10,62,33,61
20181101,서울특별시,11,도봉구,11320,경상남도,48,19,291,80,261,164,26,215,52,402,377,495
20181101,서울특별시,11,도봉구,11320,경상북도,47,15,269,84,202,213,24,169,46,372,312,412
20181101,서울특별시,11,도봉구,11320,전라남도,46,12,151,38,143,86,15,92,17,199,201,248
20181101,서울특별시,11,도봉구,11320,전라북도,45,15,201,46,154,97,9,108,18,224,173,250
20181101,서울특별시,11,도봉구,11320,충청남도,44,18,211,45,202,129,11,176,46,306,260,355
20181101,서울특별시,11,도봉구,11320,충청북도,43,16,163,47,149,93,22,100,32,249,196,264
20181101,서울특별시,11,도봉구,11320,강원도,42,9,167,26,151,103,16,128,22,191,158,224
20181101,서울특별시,11,도봉구,11320,경기도,41,133,1861,525,1382,883,141,1227,231,2352,1716,2322
20181101,서울특별시,11,도봉구,11320,세종특별자치시,36,3,40,12,31,28,8,30,6,39,44,51
20181101,서울특별시,11,도봉구,11320,울산광역시,31,9,101,35,93,61,13,91,20,141,141,191
20181101,서울특별시,11,영등포구,11560,경상북도,47,23,381,47,363,229,22,334,21,168,58,144
20181101,서울특별시,11,영등포구,11560,전라남도,46,15,275,18,233,134,8,206,16,120,36,75
20181101,서울특별시,11,영등포구,11560,전라북도,45,13,331,30,284,113,9,211,12,146,59,96
20181101,서울특별시,11,영등포구,11560,충청남도,44,30,376,45,319,183,23,239,15,201,82,116
20181101,서울특별시,11,영등포구,11560,충청북도,43,19,294,39,266,139,16,173,8,164,58,102
20181101,서울특별시,11,광진구,11215,서울특별시,11,146,1016,110,846,793,497,552,251,1631,566,563
20181101,서울특별시,11,관악구,11620,제주특별자치도,50,0,53,6,18,21,0,27,9,43,8,11
20181101,서울특별시,11,관악구,11620,경상남도,48,47,309,32,135,478,31,58,85,331,71,178
20181101,서울특별시,11,관악구,11620,경상북도,47,29,247,44,123,303,12,45,33,209,61,154
20181101,서울특별시,11,관악구,11620,전라남도,46,21,129,16,68,185,5,42,22,143,36,86
20181101,서울특별시,11,관악구,11620,전라북도,45,16,152,19,76,218,7,44,43,154,43,102
20181101,서울특별시,11,관악구,11620,충청남도,44,20,236,35,120,256,10,51,44,225,45,108
20181101,서울특별시,11,관악구,11620,충청북도,43,43,180,20,87,227,11,40,34,184,31,102
20181101,서울특별시,11,관악구,11620,강원도,42,20,144,18,97,169,10,24,17,156,19,88
20181101,서울특별시,11,관악구,11620,경기도,41,193,1395,236,773,2242,131,325,256,1723,417,891
20181101,서울특별시,11,관악구,11620,세종특별자치시,36,5,41,8,12,59,0,7,14,33,8,17
20181101,서울특별시,11,관악구,11620,울산광역시,31,11,101,20,56,157,5,29,22,92,19,72
20181101,서울특별시,11,관악구,11620,대전광역시,30,35,139,39,79,221,8,37,47,142,45,97
20181101,서울특별시,11,관악구,11620,광주광역시,29,24,132,31,86,205,11,30,42,151,44,104
20181101,서울특별시,11,광진구,11215,부산광역시,26,34,253,19,223,241,141,120,74,414,145,177
20181101,서울특별시,11,광진구,11215,대구광역시,27,26,167,14,134,166,99,62,41,267,108,98
20181101,서울특별시,11,광진구,11215,인천광역시,28,34,251,24,179,227,145,96,45,368,123,124
20181101,서울특별시,11,관악구,11620,인천광역시,28,42,305,55,151,485,18,57,55,337,70,223
20181101,서울특별시,11,관악구,11620,대구광역시,27,17,211,40,132,360,12,39,43,225,47,146
20181101,서울특별시,11,관악구,11620,부산광역시,26,30,278,70,140,513,17,70,45,328,91,204
20181101,서울특별시,11,관악구,11620,서울특별시,11,146,1084,295,578,1861,72,326,145,1305,304,734
20181101,서울특별시,11,광진구,11215,광주광역시,29,19,88,8,89,100,72,50,22,178,83,60
20181101,서울특별시,11,광진구,11215,대전광역시,30,25,115,21,105,101,66,59,21,178,76,60
20181101,서울특별시,11,광진구,11215,울산광역시,31,10,85,7,53,63,52,26,14,149,52,49
20181101,서울특별시,11,광진구,11215,세종특별자치시,36,4,17,0,20,24,15,14,10,40,13,11
20181101,서울특별시,11,광진구,11215,경기도,41,175,1068,157,933,1084,643,544,303,1926,670,641
20181101,서울특별시,11,광진구,11215,강원도,42,14,101,11,81,111,71,50,25,125,73,57
20181101,서울특별시,11,광진구,11215,충청북도,43,17,105,13,98,118,69,46,18,212,84,63
20181101,서울특별시,11,광진구,11215,충청남도,44,25,174,22,119,145,94,79,43,263,112,80
20181101,서울특별시,11,광진구,11215,전라북도,45,16,104,7,91,105,60,71,18,189,87,62
20181101,서울특별시,11,광진구,11215,전라남도,46,11,104,17,74,74,67,56,30,154,64,55
20181101,서울특별시,11,광진구,11215,경상북도,47,25,142,25,135,132,108,82,45,248,95,90
20181101,서울특별시,11,광진구,11215,경상남도,48,50,204,14,170,200,123,86,51,307,149,136
20181101,서울특별시,11,광진구,11215,제주특별자치도,50,4,35,4,22,33,22,16,4,52,38,22
20181101,서울특별시,11,영등포구,11560,서울특별시,11,99,2495,229,1968,1126,97,1438,74,1318,548,582
20181101,서울특별시,11,영등포구,11560,부산광역시,26,19,655,70,466,284,34,444,21,276,146,177
20181101,서울특별시,11,영등포구,11560,대구광역시,27,17,416,39,415,254,18,333,14,214,118,128
20181101,서울특별시,11,영등포구,11560,인천광역시,28,35,571,49,500,295,22,394,13,311,98,159
20181101,서울특별시,11,영등포구,11560,광주광역시,29,11,306,26,295,168,9,189,15,128,51,69
20181101,서울특별시,11,영등포구,11560,대전광역시,30,12,278,19,255,156,9,177,21,116,49,93
20181101,서울특별시,11,영등포구,11560,울산광역시,31,7,178,19,163,95,10,109,8,94,43,68
20181101,서울특별시,11,영등포구,11560,세종특별자치시,36,0,50,9,63,39,0,49,4,24,5,15
20181101,서울특별시,11,영등포구,11560,경기도,41,131,2742,257,2321,1452,142,1703,121,1768,642,803
20181101,서울특별시,11,영등포구,11560,강원도,42,8,298,20,252,145,4,195,7,120,50,88
20181101,서울특별시,11,은평구,11380,서울특별시,11,116,969,117,306,1100,162,569,138,2212,456,1349
20181101,서울특별시,11,은평구,11380,부산광역시,26,40,306,44,71,323,56,184,49,769,138,450
20181101,서울특별시,11,은평구,11380,대구광역시,27,29,212,18,57,195,39,95,24,533,116,324
20181101,서울특별시,11,은평구,11380,인천광역시,28,36,290,36,53,285,65,142,49,749,118,314
20181101,서울특별시,11,은평구,11380,광주광역시,29,17,116,14,35,105,21,59,18,394,60,160
20181101,서울특별시,11,은평구,11380,대전광역시,30,13,121,17,28,117,23,76,20,308,59,172
20181101,서울특별시,11,은평구,11380,울산광역시,31,5,96,9,27,100,23,46,11,275,40,136
20181101,서울특별시,11,은평구,11380,세종특별자치시,36,3,27,5,9,36,3,18,5,69,19,26
20181101,서울특별시,11,은평구,11380,경기도,41,183,1380,144,372,1308,225,683,228,3668,694,1618
20181101,서울특별시,11,은평구,11380,강원도,42,19,138,10,22,111,24,55,9,323,64,143
20181101,서울특별시,11,은평구,11380,충청북도,43,18,127,20,36,114,32,62,22,441,72,145
20181101,서울특별시,11,은평구,11380,충청남도,44,23,218,28,57,162,35,87,32,492,86,206
20181101,서울특별시,11,은평구,11380,전라북도,45,10,141,23,23,95,38,68,25,415,79,172
20181101,서울특별시,11,은평구,11380,전라남도,46,16,131,11,33,96,24,69,26,359,64,165
20181101,서울특별시,11,은평구,11380,경상북도,47,23,207,27,47,193,42,80,28,539,95,276
20181101,서울특별시,11,은평구,11380,경상남도,48,40,278,37,50,292,61,116,45,762,132,395
20181101,서울특별시,11,은평구,11380,제주특별자치도,50,10,29,4,9,23,8,9,0,124,15,14
20181101,서울특별시,11,노원구,11350,경상남도,48,40,210,9,40,118,29,45,42,326,80,43
20181101,서울특별시,11,강남구,11680,서울특별시,11,285,2857,242,1235,2009,174,1763,209,3357,1256,2595
20181101,서울특별시,11,강남구,11680,부산광역시,26,66,600,52,246,368,47,373,56,645,294,664
20181101,서울특별시,11,강남구,11680,대구광역시,27,45,369,26,149,281,41,300,37,507,191,437
20181101,서울특별시,11,강남구,11680,인천광역시,28,52,514,41,297,343,37,395,39,537,204,563
20181101,서울특별시,11,강남구,11680,광주광역시,29,22,221,40,142,175,17,194,22,332,98,256
20181101,서울특별시,11,강남구,11680,대전광역시,30,29,261,39,166,187,16,197,41,322,130,242
20181101,서울특별시,11,강남구,11680,울산광역시,31,16,188,36,72,117,10,126,23,212,70,221
20181101,서울특별시,11,강남구,11680,세종특별자치시,36,0,52,6,26,33,0,44,11,51,22,70
20181101,서울특별시,11,강남구,11680,경기도,41,298,2627,249,1329,1807,280,1939,274,3632,1285,2427
20181101,서울특별시,11,강남구,11680,강원도,42,23,196,15,124,153,27,256,21,225,116,246
20181101,서울특별시,11,강남구,11680,충청북도,43,41,234,23,144,196,24,206,39,357,119,213
20181101,서울특별시,11,강남구,11680,충청남도,44,41,253,25,149,200,20,259,33,386,122,358
20181101,서울특별시,11,강남구,11680,전라북도,45,22,188,14,121,152,17,172,37,314,110,268
20181101,서울특별시,11,강남구,11680,전라남도,46,14,173,41,101,130,27,203,18,226,100,239
20181101,서울특별시,11,강남구,11680,경상북도,47,31,312,24,185,212,29,279,37,428,141,358
20181101,서울특별시,11,강남구,11680,경상남도,48,47,401,61,231,291,35,398,55,539,214,481
20181101,서울특별시,11,종로구,11110,제주특별자치도,50,6,45,7,9,25,0,17,13,61,46,5
20181101,서울특별시,11,종로구,11110,경상남도,48,54,242,60,62,124,11,47,32,338,290,23
20181101,서울특별시,11,종로구,11110,경상북도,47,28,188,51,55,207,14,27,29,294,211,15
20181101,서울특별시,11,노원구,11350,경상북도,47,15,126,11,23,98,14,45,27,249,57,32
20181101,서울특별시,11,강남구,11680,제주특별자치도,50,8,82,6,45,44,6,63,9,103,68,67
20181101,서울특별시,11,강서구,11500,서울특별시,11,227,1495,275,902,1597,171,1973,247,3641,919,1249
20181101,서울특별시,11,강서구,11500,부산광역시,26,61,410,68,221,429,87,443,63,1077,280,383
20181101,서울특별시,11,강서구,11500,대구광역시,27,47,326,42,155,307,31,306,35,759,200,242
20181101,서울특별시,11,강서구,11500,인천광역시,28,70,401,63,215,426,57,406,45,1252,228,323
20181101,서울특별시,11,강서구,11500,광주광역시,29,21,195,40,107,201,18,166,21,524,145,170
20181101,서울특별시,11,노원구,11350,전라남도,46,17,97,8,14,55,9,31,18,155,40,15
20181101,서울특별시,11,서대문구,11410,제주특별자치도,50,0,14,5,3,47,0,4,3,64,5,15
20181101,서울특별시,11,서대문구,11410,경상남도,48,12,77,14,13,439,4,122,42,232,40,128
20181101,서울특별시,11,서대문구,11410,경상북도,47,6,59,17,18,310,7,69,29,185,20,99
20181101,서울특별시,11,노원구,11350,전라북도,45,13,99,6,20,63,9,23,15,216,37,31
20181101,서울특별시,11,노원구,11350,충청남도,44,21,136,3,23,78,14,57,23,226,60,27
20181101,서울특별시,11,노원구,11350,충청북도,43,21,111,6,44,64,5,30,32,217,52,29
20181101,서울특별시,11,노원구,11350,강원도,42,23,83,0,19,79,14,37,24,167,39,14
20181101,서울특별시,11,노원구,11350,경기도,41,218,975,71,342,609,140,303,197,2173,526,255
20181101,서울특별시,11,강동구,11740,경기도,41,586,1412,237,405,1274,144,1245,125,1888,412,350
20181101,서울특별시,11,노원구,11350,세종특별자치시,36,5,16,4,4,15,3,5,11,44,9,3
20181101,서울특별시,11,노원구,11350,울산광역시,31,8,75,5,10,41,8,19,19,89,30,7
20181101,서울특별시,11,강서구,11500,대전광역시,30,24,208,34,127,186,21,179,28,587,141,151
20181101,서울특별시,11,노원구,11350,대전광역시,30,24,114,7,22,65,15,29,18,195,49,19
20181101,서울특별시,11,노원구,11350,광주광역시,29,17,97,0,20,49,10,15,11,181,48,16
20181101,서울특별시,11,노원구,11350,인천광역시,28,36,231,16,28,172,16,85,46,370,91,40
20181101,서울특별시,11,노원구,11350,대구광역시,27,31,157,4,40,106,20,31,33,246,73,24
20181101,서울특별시,11,노원구,11350,부산광역시,26,29,215,7,32,125,28,42,42,334,132,27
20181101,서울특별시,11,노원구,11350,서울특별시,11,185,843,61,311,526,86,350,176,1417,399,155
20181101,서울특별시,11,영등포구,11560,제주특별자치도,50,6,95,7,52,36,7,50,0,37,10,15
20181101,서울특별시,11,양천구,11470,서울특별시,11,323,767,103,798,866,191,674,106,820,359,534
20181101,서울특별시,11,양천구,11470,부산광역시,26,87,199,29,190,254,68,164,37,174,137,138
20181101,서울특별시,11,양천구,11470,대구광역시,27,55,121,27,131,190,46,114,32,138,80,151
20181101,서울특별시,11,양천구,11470,인천광역시,28,88,189,36,188,267,52,171,43,181,84,166
20181101,서울특별시,11,양천구,11470,광주광역시,29,48,94,17,82,117,30,78,10,90,49,70
20181101,서울특별시,11,양천구,11470,대전광역시,30,49,92,13,94,122,29,62,13,90,54,73
20181101,서울특별시,11,양천구,11470,울산광역시,31,28,63,5,60,101,17,54,11,52,40,45
20181101,서울특별시,11,양천구,11470,세종특별자치시,36,5,16,0,28,28,0,20,8,21,12,19
20181101,서울특별시,11,양천구,11470,경기도,41,398,933,141,901,1265,254,726,189,1213,532,713
20181101,서울특별시,11,양천구,11470,강원도,42,45,88,18,98,134,13,70,17,74,40,80
20181101,서울특별시,11,양천구,11470,충청북도,43,42,83,8,87,138,33,74,24,129,48,75
20181101,서울특별시,11,양천구,11470,충청남도,44,58,116,17,125,224,47,118,34,148,62,120
20181101,서울특별시,11,양천구,11470,전라북도,45,32,79,13,87,124,32,87,19,89,50,74
20181101,서울특별시,11,양천구,11470,전라남도,46,38,78,19,87,129,23,90,15,68,39,86
20181101,서울특별시,11,양천구,11470,경상북도,47,66,148,17,138,199,41,98,26,132,72,122
20181101,서울특별시,11,양천구,11470,경상남도,48,104,163,29,174,250,72,144,41,158,93,165
20181101,서울특별시,11,양천구,11470,제주특별자치도,50,15,10,0,19,34,3,12,5,22,15,22
20181101,서울특별시,11,성동구,11200,서울특별시,11,105,2926,636,536,740,174,895,234,2890,1061,419
20181101,서울특별시,11,성동구,11200,부산광역시,26,19,494,163,131,248,48,242,62,693,237,117
20181101,서울특별시,11,성동구,11200,대구광역시,27,24,430,142,86,179,21,158,74,471,142,72
20181101,서울특별시,11,성동구,11200,인천광역시,28,18,611,121,110,204,33,194,73,661,201,90
20181101,서울특별시,11,성동구,11200,광주광역시,29,11,319,101,69,107,18,91,30,322,106,61
20181101,서울특별시,11,성동구,11200,대전광역시,30,16,263,93,98,142,29,107,36,325,112,52
20181101,서울특별시,11,성동구,11200,울산광역시,31,5,189,62,39,87,17,76,37,227,69,31
20181101,서울특별시,11,성동구,11200,세종특별자치시,36,0,68,26,8,24,0,25,8,61,26,12
20181101,서울특별시,11,성동구,11200,경기도,41,112,2948,642,519,999,249,1000,327,3287,977,480
20181101,서울특별시,11,성동구,11200,강원도,42,9,254,107,42,89,21,109,34,274,98,40
20181101,서울특별시,11,성동구,11200,충청북도,43,10,281,115,55,100,29,97,25,334,70,41
20181101,서울특별시,11,성동구,11200,충청남도,44,11,403,171,66,170,39,149,46,443,133,58
20181101,서울특별시,11,성동구,11200,전라북도,45,7,209,102,51,135,18,109,37,351,100,40
20181101,서울특별시,11,성동구,11200,전라남도,46,13,212,108,46,94,17,91,18,307,84,34
20181101,서울특별시,11,성동구,11200,경상북도,47,17,347,175,61,149,33,142,51,440,106,65
20181101,서울특별시,11,성동구,11200,경상남도,48,29,442,155,95,213,65,201,94,581,163,89
20181101,서울특별시,11,성동구,11200,제주특별자치도,50,4,104,20,11,27,7,25,3,102,41,12
20181102,서울특별시,11,도봉구,11320,광주광역시,29,19,188,39,150,60,19,138,22,222,218,187
20181102,서울특별시,11,서초구,11650,울산광역시,31,9,130,18,55,109,13,84,13,93,48,103
20181102,서울특별시,11,서초구,11650,대전광역시,30,22,279,27,98,170,21,127,25,168,82,172
20181102,서울특별시,11,서초구,11650,광주광역시,29,18,239,31,66,161,29,131,26,153,66,119
20181102,서울특별시,11,서초구,11650,인천광역시,28,55,453,68,148,411,44,275,52,318,171,285
20181102,서울특별시,11,서초구,11650,대구광역시,27,42,406,50,113,286,29,208,19,232,117,249
20181102,서울특별시,11,서초구,11650,부산광역시,26,47,519,84,143,308,52,307,33,283,151,339
20181102,서울특별시,11,서초구,11650,서울특별시,11,208,2860,468,648,1650,316,1674,192,1551,710,1014
20181102,서울특별시,11,중랑구,11260,경기도,41,502,1997,161,1686,2388,254,849,699,5658,1402,1313
20181102,서울특별시,11,중랑구,11260,강원도,42,51,185,18,158,239,14,88,82,501,169,112
20181102,서울특별시,11,중랑구,11260,충청북도,43,61,220,19,176,277,23,80,61,621,159,135
20181102,서울특별시,11,중랑구,11260,충청남도,44,71,297,25,251,402,36,98,129,859,198,178
20181102,서울특별시,11,중랑구,11260,전라북도,45,66,174,18,190,262,20,87,62,619,164,186
20181102,서울특별시,11,중랑구,11260,전라남도,46,52,206,12,158,231,21,90,68,562,147,142
20181102,서울특별시,11,중랑구,11260,경상북도,47,78,298,28,238,406,38,132,132,850,221,227
20181102,서울특별시,11,중랑구,11260,경상남도,48,101,318,38,379,512,47,171,158,1155,350,332
20181102,서울특별시,11,중랑구,11260,제주특별자치도,50,14,48,3,37,44,11,16,8,146,37,33
20181102,서울특별시,11,성북구,11290,제주특별자치도,50,11,102,19,53,65,19,40,25,619,217,52
20181102,서울특별시,11,도봉구,11320,대전광역시,30,13,203,35,160,65,19,142,30,226,213,188
20181102,서울특별시,11,도봉구,11320,울산광역시,31,10,142,29,84,49,8,89,14,138,142,139
20181102,서울특별시,11,도봉구,11320,세종특별자치시,36,3,38,10,33,17,0,29,0,33,42,35
20181102,서울특별시,11,도봉구,11320,경기도,41,151,2069,411,1394,737,125,1176,190,2243,1825,1611
20181102,서울특별시,11,중랑구,11260,대구광역시,27,67,282,26,293,360,39,116,71,844,256,236
20181102,서울특별시,11,중랑구,11260,인천광역시,28,111,436,31,331,507,48,162,141,1232,337,290
20181102,서울특별시,11,중랑구,11260,광주광역시,29,54,188,16,184,231,26,68,96,573,176,166
20181102,서울특별시,11,중랑구,11260,대전광역시,30,54,188,25,210,258,26,62,74,598,149,137
20181102,서울특별시,11,강남구,11680,경상남도,48,41,450,42,200,311,40,320,37,446,198,555
20181102,서울특별시,11,강남구,11680,제주특별자치도,50,7,87,5,46,42,0,65,14,87,34,68
20181102,서울특별시,11,동작구,11590,광주광역시,29,29,105,59,35,63,21,15,26,107,49,59
20181102,서울특별시,11,동작구,11590,인천광역시,28,72,190,58,96,165,19,55,37,208,112,137
20181102,서울특별시,11,중랑구,11260,울산광역시,31,31,126,21,148,186,23,57,38,417,113,94
20181102,서울특별시,11,중랑구,11260,세종특별자치시,36,8,54,7,33,55,0,12,20,129,36,34
20181102,서울특별시,11,서초구,11650,제주특별자치도,50,15,68,16,13,41,11,30,6,48,27,38
20181102,서울특별시,11,서초구,11650,경상남도,48,45,400,76,144,313,38,244,37,282,124,279
20181102,서울특별시,11,서초구,11650,경상북도,47,31,269,43,109,259,45,191,29,213,112,192
20181102,서울특별시,11,서대문구,11410,서울특별시,11,42,524,77,93,1945,38,484,101,1149,286,440
20181102,서울특별시,11,서대문구,11410,부산광역시,26,12,95,13,26,664,10,164,25,236,69,138
20181102,서울특별시,11,서대문구,11410,대구광역시,27,16,77,6,12,429,6,73,14,165,40,86
20181102,서울특별시,11,서대문구,11410,인천광역시,28,9,113,21,27,650,10,143,17,281,77,134
20181102,서울특별시,11,서대문구,11410,광주광역시,29,0,42,9,10,269,7,55,12,112,30,57
20181102,서울특별시,11,서대문구,11410,대전광역시,30,9,83,7,13,314,4,67,5,115,37,60
20181102,서울특별시,11,서대문구,11410,울산광역시,31,0,31,6,9,174,3,41,0,80,28,38
20181102,서울특별시,11,서대문구,11410,세종특별자치시,36,0,14,0,0,65,0,12,5,32,9,7
20181102,서울특별시,11,서대문구,11410,경기도,41,77,532,80,116,2785,79,562,110,1314,340,560
20181102,서울특별시,11,서초구,11650,전라남도,46,28,184,47,77,155,20,131,18,120,79,116
20181102,서울특별시,11,서초구,11650,전라북도,45,27,244,45,86,211,24,123,27,161,82,109
20181102,서울특별시,11,서초구,11650,충청남도,44,48,311,47,113,287,26,154,40,209,102,172
20181102,서울특별시,11,성북구,11290,강원도,42,33,355,69,151,292,86,144,78,1771,572,255
20181102,서울특별시,11,성북구,11290,경기도,41,373,3403,443,1785,3186,680,1911,747,16793,6136,2412
20181102,서울특별시,11,강동구,11740,서울특별시,11,487,1153,210,332,1107,105,674,106,1735,389,300
20181102,서울특별시,11,강동구,11740,부산광역시,26,113,206,52,78,288,19,191,31,527,125,101
20181102,서울특별시,11,강동구,11740,대구광역시,27,76,196,42,46,214,20,103,24,365,64,67
20181102,서울특별시,11,강동구,11740,인천광역시,28,106,287,73,76,375,24,154,31,527,103,71
20181102,서울특별시,11,강동구,11740,광주광역시,29,80,130,16,36,127,16,62,21,241,32,34
20181102,서울특별시,11,강동구,11740,대전광역시,30,66,166,18,46,148,13,68,11,268,46,43
20181102,서울특별시,11,성북구,11290,경상남도,48,77,683,121,347,549,178,335,173,3749,1263,555
20181102,서울특별시,11,성북구,11290,경상북도,47,55,575,67,249,411,108,231,117,2827,922,406
20181102,서울특별시,11,성북구,11290,전라남도,46,34,348,41,164,267,75,169,69,1782,643,230
20181102,서울특별시,11,성북구,11290,전라북도,45,39,395,59,201,260,87,166,67,2057,646,231
20181102,서울특별시,11,성북구,11290,충청남도,44,49,441,70,247,426,103,212,125,2628,946,326
20181102,서울특별시,11,강동구,11740,울산광역시,31,29,162,57,18,91,10,56,12,166,31,34
20181102,서울특별시,11,강동구,11740,세종특별자치시,36,7,20,6,4,30,4,13,0,44,7,5
20181102,서울특별시,11,강동구,11740,경기도,41,503,1572,205,414,1526,142,745,155,2576,470,401
20181102,서울특별시,11,강동구,11740,강원도,42,52,124,17,33,188,11,111,14,197,44,33
20181102,서울특별시,11,관악구,11620,제주특별자치도,50,4,40,5,21,26,3,4,4,43,10,18
20181102,서울특별시,11,관악구,11620,경상남도,48,60,284,25,128,245,29,82,96,302,47,193
20181102,서울특별시,11,관악구,11620,경상북도,47,31,206,21,98,179,23,66,49,229,49,132
20181102,서울특별시,11,관악구,11620,전라남도,46,9,144,10,55,125,10,36,32,150,25,97
20181102,서울특별시,11,관악구,11620,전라북도,45,22,162,17,80,155,12,47,53,170,38,81
20181102,서울특별시,11,관악구,11620,충청남도,44,28,205,15,100,217,15,56,68,227,34,119
20181102,서울특별시,11,노원구,11350,서울특별시,11,130,739,60,291,521,81,282,145,1365,395,252
20181102,서울특별시,11,노원구,11350,부산광역시,26,64,201,8,38,119,27,55,34,325,112,74
20181102,서울특별시,11,노원구,11350,대구광역시,27,31,124,10,25,87,13,43,24,243,80,46
20181102,서울특별시,11,관악구,11620,충청북도,43,16,171,13,74,145,15,48,40,188,42,82
20181102,서울특별시,11,관악구,11620,강원도,42,20,138,13,99,112,8,42,33,157,26,86
20181102,서울특별시,11,관악구,11620,경기도,41,246,1368,166,671,1218,154,385,311,1804,336,836
20181102,서울특별시,11,관악구,11620,세종특별자치시,36,4,32,6,11,29,0,6,13,42,9,21
20181102,서울특별시,11,동작구,11590,대구광역시,27,55,141,58,58,101,22,34,32,185,76,59
20181102,서울특별시,11,동작구,11590,부산광역시,26,79,216,93,96,164,28,38,31,216,113,123
20181102,서울특별시,11,동작구,11590,서울특별시,11,252,753,411,511,547,102,258,107,1080,423,536
20181102,서울특별시,11,성북구,11290,충청북도,43,41,354,63,167,288,87,152,83,1927,652,225
20181102,서울특별시,11,관악구,11620,울산광역시,31,7,128,9,45,75,5,28,29,107,23,72
20181102,서울특별시,11,금천구,11545,제주특별자치도,50,18,69,6,63,69,25,28,10,156,75,82
20181102,서울특별시,11,금천구,11545,경상남도,48,133,588,32,459,660,84,448,104,726,404,733
20181102,서울특별시,11,금천구,11545,경상북도,47,97,423,33,321,406,64,319,72,583,239,562
20181102,서울특별시,11,금천구,11545,전라남도,46,59,266,26,206,284,28,195,37,392,182,309
20181102,서울특별시,11,금천구,11545,전라북도,45,64,342,19,266,327,49,183,40,492,216,602
20181102,서울특별시,11,구로구,11530,충청남도,44,29,260,16,149,177,31,155,16,457,77,177
20181102,서울특별시,11,구로구,11530,충청북도,43,20,199,13,101,166,18,103,16,344,56,106
20181102,서울특별시,11,중구,11140,서울특별시,11,282,2315,293,378,1739,245,523,189,4903,1283,305
20181102,서울특별시,11,구로구,11530,강원도,42,11,162,22,81,130,14,133,16,271,53,116
20181102,서울특별시,11,구로구,11530,경기도,41,198,1916,194,896,1408,239,935,177,2948,481,1083
20181102,서울특별시,11,구로구,11530,세종특별자치시,36,3,39,0,11,32,6,21,0,75,11,15
20181102,서울특별시,11,구로구,11530,울산광역시,31,17,150,14,60,120,22,100,14,205,35,98
20181102,서울특별시,11,성북구,11290,세종특별자치시,36,18,82,32,38,85,20,42,17,372,154,62
20181102,서울특별시,11,성북구,11290,울산광역시,31,27,230,25,102,199,40,126,71,1350,463,192
20181102,서울특별시,11,성북구,11290,대전광역시,30,35,377,77,176,262,88,158,63,1892,741,272
20181102,서울특별시,11,성북구,11290,광주광역시,29,36,400,41,162,303,81,178,74,2056,689,252
20181102,서울특별시,11,성북구,11290,인천광역시,28,69,751,107,335,700,156,349,149,3809,1412,536
20181102,서울특별시,11,성북구,11290,대구광역시,27,60,533,72,253,390,112,264,118,2896,1062,403
20181102,서울특별시,11,성북구,11290,부산광역시,26,73,738,113,343,659,139,424,171,3788,1456,611
20181102,서울특별시,11,성북구,11290,서울특별시,11,255,2788,713,1525,2003,652,1530,472,12526,5096,1942
20181102,서울특별시,11,관악구,11620,대전광역시,30,11,139,17,66,142,11,41,45,158,35,89
20181102,서울특별시,11,관악구,11620,광주광역시,29,145,142,15,65,146,22,39,49,173,35,100
20181102,서울특별시,11,관악구,11620,인천광역시,28,60,228,25,136,322,20,79,54,352,55,188
20181102,서울특별시,11,관악구,11620,대구광역시,27,55,199,38,119,214,28,54,41,253,41,164
20181102,서울특별시,11,관악구,11620,부산광역시,26,44,307,42,129,337,29,96,72,345,68,197
20181102,서울특별시,11,관악구,11620,서울특별시,11,166,983,248,512,858,117,284,169,1372,258,723
20181102,서울특별시,11,마포구,11440,제주특별자치도,50,18,67,26,33,49,5,21,8,72,48,14
20181102,서울특별시,11,마포구,11440,경상남도,48,114,482,86,413,497,28,392,75,418,285,112
20181102,서울특별시,11,마포구,11440,경상북도,47,87,374,80,305,376,17,247,76,309,239,70
20181102,서울특별시,11,강북구,11305,서울특별시,11,55,731,32,202,229,37,124,243,2841,360,334
20181102,서울특별시,11,강북구,11305,부산광역시,26,12,240,10,41,71,11,50,119,928,121,88
20181102,서울특별시,11,강북구,11305,대구광역시,27,8,168,3,36,44,12,19,80,636,67,63
20181102,서울특별시,11,강북구,11305,인천광역시,28,15,219,6,49,65,9,34,78,919,105,94
20181102,서울특별시,11,강북구,11305,광주광역시,29,4,88,5,16,24,0,12,47,404,45,36
20181102,서울특별시,11,강북구,11305,대전광역시,30,8,99,5,19,35,0,14,51,446,45,44
20181102,서울특별시,11,강북구,11305,울산광역시,31,7,84,0,13,26,0,10,43,325,35,33
20181102,서울특별시,11,강북구,11305,세종특별자치시,36,0,30,0,11,10,0,3,18,92,17,9
20181102,서울특별시,11,강북구,11305,경기도,41,54,1048,43,245,309,58,158,464,4387,474,442
20181102,서울특별시,11,강북구,11305,강원도,42,11,114,4,19,36,4,16,26,448,38,47
20181102,서울특별시,11,강북구,11305,충청북도,43,17,106,0,18,34,10,15,59,519,41,34
20181102,서울특별시,11,강북구,11305,충청남도,44,10,152,5,37,38,4,12,78,708,74,69
20181102,서울특별시,11,강북구,11305,전라북도,45,7,113,4,14,38,4,18,55,519,59,48
20181102,서울특별시,11,강북구,11305,전라남도,46,9,106,6,15,32,7,19,61,429,51,32
20181102,서울특별시,11,강북구,11305,경상북도,47,5,188,3,32,29,7,24,80,734,77,71
20181102,서울특별시,11,강북구,11305,경상남도,48,17,214,4,32,58,15,39,126,904,84,100
20181102,서울특별시,11,강북구,11305,제주특별자치도,50,3,20,0,5,9,0,4,8,102,18,7
20181102,서울특별시,11,은평구,11380,서울특별시,11,148,1056,137,269,977,178,553,122,1524,510,1225
20181102,서울특별시,11,은평구,11380,부산광역시,26,43,336,47,66,261,51,183,37,432,136,398
20181102,서울특별시,11,은평구,11380,대구광역시,27,20,224,33,49,194,40,93,34,285,133,293
20181102,서울특별시,11,은평구,11380,인천광역시,28,46,239,33,54,235,38,154,54,432,141,332
20181102,서울특별시,11,은평구,11380,광주광역시,29,14,166,23,30,104,22,66,12,242,57,169
20181102,서울특별시,11,은평구,11380,대전광역시,30,22,128,15,35,113,23,83,19,196,75,162
20181102,서울특별시,11,은평구,11380,울산광역시,31,13,112,17,13,61,16,45,17,177,53,105
20181102,서울특별시,11,은평구,11380,세종특별자치시,36,8,26,0,10,26,5,16,0,40,11,32
20181102,서울특별시,11,은평구,11380,경기도,41,195,1323,188,339,1154,245,703,209,2364,682,1562
20181102,서울특별시,11,은평구,11380,강원도,42,15,119,19,31,112,23,53,15,197,74,148
20181102,서울특별시,11,은평구,11380,충청북도,43,20,150,21,38,102,21,62,23,255,70,161
20181102,서울특별시,11,은평구,11380,충청남도,44,24,192,23,49,141,29,80,23,310,90,240
20181102,서울특별시,11,은평구,11380,전라북도,45,15,152,26,24,112,27,69,13,234,96,141
20181102,서울특별시,11,은평구,11380,전라남도,46,10,147,24,29,90,19,64,10,221,72,187
20181102,서울특별시,11,은평구,11380,경상북도,47,34,265,43,44,174,43,93,18,310,111,243
20181102,서울특별시,11,은평구,11380,경상남도,48,27,323,47,49,261,43,127,28,413,133,389
20181102,서울특별시,11,은평구,11380,제주특별자치도,50,15,29,3,13,17,10,9,0,58,18,16
20181102,서울특별시,11,강서구,11500,서울특별시,11,215,1615,220,1001,1690,171,1744,242,3236,1153,1157
20181102,서울특별시,11,강서구,11500,부산광역시,26,51,478,64,248,443,62,465,51,1187,315,337
20181102,서울특별시,11,강서구,11500,대구광역시,27,58,310,40,175,337,38,318,63,891,218,279
20181102,서울특별시,11,강서구,11500,인천광역시,28,59,423,50,242,441,48,397,68,1026,337,335
20181102,서울특별시,11,강서구,11500,광주광역시,29,20,179,30,110,183,41,168,36,526,140,143
20181102,서울특별시,11,강서구,11500,대전광역시,30,35,195,36,159,267,24,207,40,491,143,174
20181102,서울특별시,11,강서구,11500,울산광역시,31,25,128,15,85,147,21,125,18,388,86,98
20181102,서울특별시,11,강서구,11500,세종특별자치시,36,6,31,3,29,61,4,49,6,85,39,33
20181102,서울특별시,11,강서구,11500,경기도,41,331,1960,239,1203,2231,250,1850,308,5016,1398,1406
20181102,서울특별시,11,강서구,11500,강원도,42,25,185,18,111,219,26,151,20,445,128,139
20181102,서울특별시,11,강서구,11500,충청북도,43,29,221,23,139,216,23,189,28,541,154,155
20181102,서울특별시,11,강서구,11500,충청남도,44,40,228,28,184,323,48,242,60,684,172,199
20181102,서울특별시,11,강서구,11500,전라북도,45,27,174,36,129,267,21,182,29,585,144,161
20181102,서울특별시,11,강서구,11500,전라남도,46,30,169,15,115,224,19,174,21,499,125,135
20181102,서울특별시,11,강서구,11500,경상북도,47,33,278,29,167,301,38,254,37,772,192,246
20181102,서울특별시,11,강서구,11500,경상남도,48,61,351,41,245,474,61,363,57,1027,252,316
20181102,서울특별시,11,강서구,11500,제주특별자치도,50,5,59,7,34,66,7,34,28,203,42,18
20181102,서울특별시,11,마포구,11440,전라남도,46,55,201,36,189,209,12,174,51,177,153,22
20181102,서울특별시,11,노원구,11350,인천광역시,28,41,189,29,46,124,17,72,42,348,96,55
20181102,서울특별시,11,노원구,11350,광주광역시,29,18,95,12,21,42,7,21,13,184,40,26
20181102,서울특별시,11,마포구,11440,전라북도,45,74,211,50,248,289,12,187,38,230,171,56
20181102,서울특별시,11,노원구,11350,대전광역시,30,18,92,4,25,37,9,28,18,161,43,28
20181102,서울특별시,11,중구,11140,부산광역시,26,72,569,92,97,485,61,148,71,1206,263,98
20181102,서울특별시,11,중구,11140,대구광역시,27,43,456,72,57,334,45,105,51,960,223,63
20181102,서울특별시,11,중구,11140,인천광역시,28,65,518,57,98,440,48,142,46,1207,261,96
20181102,서울특별시,11,중구,11140,광주광역시,29,18,273,36,32,261,20,73,33,622,142,62
20181102,서울특별시,11,중구,11140,대전광역시,30,29,232,50,58,285,30,63,46,586,132,33
20181102,서울특별시,11,중구,11140,울산광역시,31,20,180,35,24,174,30,48,25,406,90,28
20181102,서울특별시,11,중구,11140,세종특별자치시,36,13,58,9,8,61,0,15,11,139,23,8
20181102,서울특별시,11,노원구,11350,울산광역시,31,13,54,0,12,30,10,17,12,127,29,22
20181102,서울특별시,11,노원구,11350,세종특별자치시,36,5,20,3,8,6,0,4,10,38,5,6
20181102,서울특별시,11,노원구,11350,경기도,41,174,843,73,331,565,86,282,178,1988,477,310
20181102,서울특별시,11,노원구,11350,강원도,42,16,85,4,13,51,7,34,11,168,40,21
20181102,서울특별시,11,노원구,11350,충청북도,43,14,76,3,31,66,11,41,15,197,40,25
20181102,서울특별시,11,중구,11140,경기도,41,361,2431,323,421,2066,292,640,291,5401,1158,438
20181102,서울특별시,11,중구,11140,강원도,42,58,289,31,40,215,31,80,26,510,135,37
20181102,서울특별시,11,중구,11140,충청북도,43,41,236,37,57,212,27,88,35,575,152,31
20181102,서울특별시,11,중구,11140,충청남도,44,59,399,43,71,323,29,113,47,744,167,42
20181102,서울특별시,11,중구,11140,전라북도,45,43,297,30,33,233,31,73,38,576,141,33
20181102,서울특별시,11,중구,11140,전라남도,46,35,264,39,32,187,32,72,41,464,116,36
20181102,서울특별시,11,중구,11140,경상북도,47,48,366,49,65,313,53,105,45,830,180,61
20181102,서울특별시,11,중구,11140,경상남도,48,52,486,75,77,446,60,138,92,1033,265,71
20181102,서울특별시,11,중구,11140,제주특별자치도,50,15,110,17,13,74,26,32,4,178,62,17
20181102,서울특별시,11,노원구,11350,충청남도,44,19,109,8,19,78,12,41,25,263,70,31
20181102,서울특별시,11,노원구,11350,전라북도,45,15,107,4,12,64,6,23,14,219,55,42
20181102,서울특별시,11,노원구,11350,전라남도,46,14,66,3,11,49,8,17,11,139,30,19
20181102,서울특별시,11,도봉구,11320,경상남도,48,19,341,47,266,126,29,299,49,415,429,385
20181102,서울특별시,11,도봉구,11320,제주특별자치도,50,0,91,14,21,31,0,35,7,51,37,37
20181102,서울특별시,11,노원구,11350,경상북도,47,27,115,5,23,93,14,23,14,266,49,39
20181102,서울특별시,11,서대문구,11410,강원도,42,5,47,35,10,284,4,59,11,120,18,53
20181102,서울특별시,11,서대문구,11410,충청북도,43,5,48,10,14,308,6,66,7,136,38,61
20181102,서울특별시,11,성동구,11200,서울특별시,11,106,3122,1441,525,806,223,868,289,2519,1061,463
20181102,서울특별시,11,성동구,11200,부산광역시,26,23,590,242,102,222,47,194,67,568,225,142
20181102,서울특별시,11,성동구,11200,대구광역시,27,35,393,202,85,146,53,127,66,415,134,84
20181102,서울특별시,11,성동구,11200,인천광역시,28,43,623,266,111,189,49,178,56,550,193,103
20181102,서울특별시,11,성동구,11200,광주광역시,29,13,275,89,56,100,24,70,35,255,120,93
20181102,서울특별시,11,성동구,11200,대전광역시,30,12,301,144,75,120,27,79,29,247,90,56
20181102,서울특별시,11,성동구,11200,울산광역시,31,17,179,95,37,77,19,52,18,184,63,28
20181102,서울특별시,11,성동구,11200,세종특별자치시,36,0,60,32,15,22,5,24,12,44,23,13
20181102,서울특별시,11,성동구,11200,경기도,41,129,2921,1247,575,930,272,937,384,2883,917,476
20181102,서울특별시,11,성동구,11200,강원도,42,7,224,72,52,82,21,104,46,264,66,45
20181102,서울특별시,11,성동구,11200,충청북도,43,11,225,97,57,84,26,86,35,306,82,52
20181102,서울특별시,11,성동구,11200,충청남도,44,24,374,120,85,124,54,127,46,377,98,69
20181102,서울특별시,11,성동구,11200,전라북도,45,10,253,76,53,77,25,82,44,275,92,58
20181102,서울특별시,11,성동구,11200,전라남도,46,10,190,78,42,68,23,72,31,238,70,43
20181102,서울특별시,11,성동구,11200,경상북도,47,16,355,146,66,118,55,153,47,386,103,80
20181102,서울특별시,11,성동구,11200,경상남도,48,27,461,243,99,151,48,185,87,492,127,88
20181102,서울특별시,11,성동구,11200,제주특별자치도,50,3,97,39,20,25,11,16,7,82,30,14
20181102,서울특별시,11,노원구,11350,경상남도,48,33,146,11,38,94,15,36,52,332,79,50
20181102,서울특별시,11,노원구,11350,제주특별자치도,50,3,24,0,3,13,4,15,5,54,5,0
20181102,서울특별시,11,구로구,11530,대전광역시,30,18,220,34,126,181,16,124,20,288,41,94
20181102,서울특별시,11,강동구,11740,충청북도,43,72,195,20,62,148,11,83,23,293,44,49
20181102,서울특별시,11,마포구,11440,충청남도,44,62,317,74,308,321,19,269,57,327,219,64
20181102,서울특별시,11,마포구,11440,충청북도,43,41,199,51,215,233,15,174,57,239,178,43
20181102,서울특별시,11,마포구,11440,강원도,42,49,212,34,203,212,18,165,34,211,158,44
20181102,서울특별시,11,마포구,11440,경기도,41,414,2397,472,2082,2272,156,1664,454,2353,1507,479
20181102,서울특별시,11,마포구,11440,세종특별자치시,36,10,62,11,53,57,0,40,20,44,28,6
20181102,서울특별시,11,강동구,11740,충청남도,44,83,289,31,39,200,21,106,22,368,50,50
20181102,서울특별시,11,동작구,11590,제주특별자치도,50,7,13,15,9,11,4,10,0,20,15,10
20181102,서울특별시,11,동작구,11590,경상남도,48,84,183,57,94,149,28,35,39,163,79,96
20181102,서울특별시,11,동작구,11590,경상북도,47,50,96,39,54,108,21,37,24,143,62,73
20181102,서울특별시,11,동작구,11590,전라남도,46,17,87,18,39,84,8,21,26,84,48,33
20181102,서울특별시,11,동작구,11590,전라북도,45,45,91,42,39,86,9,21,21,112,41,56
20181102,서울특별시,11,동작구,11590,충청남도,44,46,123,37,53,113,30,31,24,146,69,75
20181102,서울특별시,11,동작구,11590,충청북도,43,31,96,35,49,80,17,15,16,130,45,64
20181102,서울특별시,11,서대문구,11410,충청남도,44,13,54,7,10,476,6,93,11,154,50,76
20181102,서울특별시,11,서대문구,11410,전라북도,45,5,50,6,9,335,5,60,12,113,23,50
20181102,서울특별시,11,서대문구,11410,전라남도,46,3,33,3,5,326,4,52,7,98,29,57
20181102,서울특별시,11,서대문구,11410,경상북도,47,6,80,11,9,442,5,75,15,166,34,97
20181102,서울특별시,11,동작구,11590,강원도,42,35,91,27,28,78,10,25,23,93,36,62
20181102,서울특별시,11,도봉구,11320,강원도,42,11,187,25,135,72,16,117,30,202,179,137
20181102,서울특별시,11,구로구,11530,광주광역시,29,18,188,15,94,119,18,114,20,285,49,109
20181102,서울특별시,11,구로구,11530,인천광역시,28,38,424,27,189,311,49,179,28,585,90,212
20181102,서울특별시,11,도봉구,11320,충청북도,43,17,219,36,143,52,14,127,24,256,195,152
20181102,서울특별시,11,도봉구,11320,충청남도,44,11,291,38,200,96,15,173,35,283,285,235
20181102,서울특별시,11,도봉구,11320,전라북도,45,14,189,94,118,55,10,129,23,218,190,202
20181102,서울특별시,11,도봉구,11320,전라남도,46,9,170,32,124,61,11,104,20,210,231,168
20181102,서울특별시,11,도봉구,11320,경상북도,47,11,269,56,202,162,21,214,48,310,290,270
20181102,서울특별시,11,도봉구,11320,서울특별시,11,109,2006,346,1234,546,128,1021,145,1276,1221,1235
20181102,서울특별시,11,마포구,11440,울산광역시,31,52,203,26,156,182,14,90,35,140,99,34
20181102,서울특별시,11,구로구,11530,대구광역시,27,40,298,33,100,219,45,185,24,446,85,192
20181102,서울특별시,11,구로구,11530,부산광역시,26,35,503,33,223,313,42,235,35,545,115,258
20181102,서울특별시,11,구로구,11530,서울특별시,11,140,1674,138,784,1199,144,738,127,2248,395,847
20181102,서울특별시,11,금천구,11545,충청남도,44,116,466,41,337,404,56,286,66,582,261,555
20181102,서울특별시,11,금천구,11545,충청북도,43,79,330,63,234,306,29,189,54,358,195,315
20181102,서울특별시,11,금천구,11545,강원도,42,72,320,43,200,259,33,185,40,358,195,361
20181102,서울특별시,11,금천구,11545,경기도,41,757,3230,370,2087,3169,379,2006,452,3513,1749,3743
20181102,서울특별시,11,금천구,11545,세종특별자치시,36,13,70,6,42,69,9,57,20,122,43,92
20181102,서울특별시,11,금천구,11545,울산광역시,31,36,206,11,143,201,25,130,31,281,147,286
20181102,서울특별시,11,금천구,11545,대전광역시,30,89,346,29,220,365,32,207,33,443,207,388
20181102,서울특별시,11,금천구,11545,광주광역시,29,73,272,21,243,329,44,204,35,420,223,372
20181102,서울특별시,11,금천구,11545,인천광역시,28,186,689,87,487,630,64,399,87,675,409,813
20181102,서울특별시,11,금천구,11545,대구광역시,27,96,483,37,328,477,64,321,60,563,278,600
20181102,서울특별시,11,금천구,11545,부산광역시,26,144,659,100,450,697,99,481,83,732,421,846
20181102,서울특별시,11,마포구,11440,대전광역시,30,50,236,46,254,217,15,197,46,225,175,50
20181102,서울특별시,11,동작구,11590,경기도,41,333,810,338,467,797,140,210,186,1306,561,619
20181102,서울특별시,11,동작구,11590,세종특별자치시,36,7,19,8,8,28,6,0,7,25,15,15
20181102,서울특별시,11,마포구,11440,광주광역시,29,60,216,36,192,201,15,168,59,202,177,50
20181102,서울특별시,11,마포구,11440,인천광역시,28,95,564,108,422,498,38,318,79,492,315,115
20181102,서울특별시,11,마포구,11440,대구광역시,27,98,332,84,266,334,20,305,75,319,277,74
20181102,서울특별시,11,마포구,11440,부산광역시,26,147,558,82,527,492,42,372,91,445,372,128
20181102,서울특별시,11,마포구,11440,서울특별시,11,381,2372,483,1721,1774,134,1390,404,1903,1413,456
20181102,서울특별시,11,동작구,11590,울산광역시,31,32,51,23,37,63,20,16,16,62,28,28
20181102,서울특별시,11,영등포구,11560,제주특별자치도,50,7,89,8,66,25,6,53,0,34,15,23
20181102,서울특별시,11,영등포구,11560,경상남도,48,20,595,48,525,281,27,372,15,195,83,191
20181102,서울특별시,11,영등포구,11560,경상북도,47,15,462,35,361,208,15,262,16,136,68,130
20181102,서울특별시,11,영등포구,11560,전라남도,46,10,283,28,260,131,11,132,4,97,47,92
20181102,서울특별시,11,영등포구,11560,전라북도,45,9,288,35,250,173,17,189,12,105,67,92
20181102,서울특별시,11,영등포구,11560,충청남도,44,16,413,148,366,176,16,235,6,162,61,103
20181102,서울특별시,11,영등포구,11560,충청북도,43,8,298,22,244,154,7,164,0,114,43,80
20181102,서울특별시,11,영등포구,11560,강원도,42,12,239,25,211,129,7,174,5,76,31,84
20181102,서울특별시,11,영등포구,11560,경기도,41,125,2780,237,2504,1420,122,1477,100,1272,454,793
20181102,서울특별시,11,영등포구,11560,세종특별자치시,36,0,57,4,64,36,0,50,3,23,9,12
20181102,서울특별시,11,영등포구,11560,울산광역시,31,15,193,14,210,84,9,114,7,66,39,52
20181102,서울특별시,11,광진구,11215,제주특별자치도,50,4,32,0,30,29,13,6,5,47,25,20
20181102,서울특별시,11,광진구,11215,경상남도,48,47,183,12,219,229,92,78,43,288,125,150
20181102,서울특별시,11,서대문구,11410,경상남도,48,15,74,19,15,673,12,142,17,218,59,121
20181102,서울특별시,11,서대문구,11410,제주특별자치도,50,0,9,3,0,37,0,6,0,36,8,17
20181102,서울특별시,11,동대문구,11230,제주특별자치도,50,25,77,5,26,39,7,49,6,194,31,16
20181102,서울특별시,11,동대문구,11230,경상남도,48,100,459,38,158,333,103,444,68,1051,228,134
20181102,서울특별시,11,동대문구,11230,경상북도,47,92,348,29,115,321,79,338,42,831,160,114
20181102,서울특별시,11,동대문구,11230,전라남도,46,54,224,21,65,186,34,231,22,516,111,67
20181102,서울특별시,11,동대문구,11230,전라북도,45,45,252,14,79,192,53,229,33,597,118,77
20181102,서울특별시,11,동대문구,11230,충청남도,44,105,361,28,115,279,59,297,45,792,174,104
20181102,서울특별시,11,동대문구,11230,충청북도,43,71,236,28,83,216,36,228,36,597,116,67
20181102,서울특별시,11,동대문구,11230,강원도,42,72,258,15,77,179,45,239,24,540,123,63
20181102,서울특별시,11,동대문구,11230,경기도,41,579,2205,191,765,1818,465,1912,290,5540,1094,700
20181102,서울특별시,11,양천구,11470,서울특별시,11,250,725,62,747,877,221,540,123,874,375,646
20181102,서울특별시,11,양천구,11470,부산광역시,26,76,183,15,203,309,61,166,38,225,130,198
20181102,서울특별시,11,양천구,11470,대구광역시,27,58,142,5,116,184,50,121,32,160,61,152
20181102,서울특별시,11,양천구,11470,인천광역시,28,81,179,10,198,269,53,116,35,211,81,205
20181102,서울특별시,11,양천구,11470,광주광역시,29,43,68,7,86,138,32,62,26,119,39,81
20181102,서울특별시,11,양천구,11470,대전광역시,30,30,77,5,87,141,27,70,26,109,51,89
20181102,서울특별시,11,양천구,11470,울산광역시,31,25,54,9,58,116,22,53,14,53,39,56
20181102,서울특별시,11,양천구,11470,세종특별자치시,36,5,24,3,22,31,4,13,6,15,5,16
20181102,서울특별시,11,양천구,11470,경기도,41,392,945,85,863,1418,302,707,194,1328,530,872
20181102,서울특별시,11,양천구,11470,강원도,42,33,78,5,73,122,30,66,18,72,50,79
20181102,서울특별시,11,양천구,11470,충청북도,43,39,94,8,89,141,26,70,33,127,41,106
20181102,서울특별시,11,양천구,11470,충청남도,44,65,133,14,112,233,46,97,31,133,54,97
20181102,서울특별시,11,양천구,11470,전라북도,45,35,119,8,72,146,34,74,23,114,37,90
20181102,서울특별시,11,양천구,11470,전라남도,46,42,68,6,78,121,30,59,22,93,34,88
20181102,서울특별시,11,양천구,11470,경상북도,47,52,115,10,118,237,42,116,29,136,44,121
20181102,서울특별시,11,양천구,11470,경상남도,48,74,151,8,178,300,58,188,53,197,102,166
20181102,서울특별시,11,양천구,11470,제주특별자치도,50,20,10,0,21,31,7,17,4,31,9,16
20181102,서울특별시,11,광진구,11215,경상북도,47,25,131,10,179,173,73,59,33,205,90,100
20181102,서울특별시,11,광진구,11215,전라남도,46,13,81,7,121,99,31,39,26,132,61,75
20181102,서울특별시,11,광진구,11215,전라북도,45,19,84,15,137,98,40,39,29,195,82,70
20181102,서울특별시,11,광진구,11215,충청남도,44,28,147,8,169,144,49,48,26,204,87,83
20181102,서울특별시,11,광진구,11215,충청북도,43,24,109,11,134,100,45,21,14,177,69,78
20181102,서울특별시,11,광진구,11215,강원도,42,23,91,5,131,108,34,47,20,133,82,62
20181102,서울특별시,11,광진구,11215,경기도,41,180,878,79,1290,1032,364,358,212,1739,667,702
20181102,서울특별시,11,광진구,11215,세종특별자치시,36,7,19,0,35,35,8,6,3,38,12,14
20181102,서울특별시,11,광진구,11215,울산광역시,31,6,54,4,72,66,35,13,11,123,41,49
20181102,서울특별시,11,광진구,11215,대전광역시,30,18,71,6,144,139,43,28,17,142,75,75
20181102,서울특별시,11,광진구,11215,광주광역시,29,21,70,8,132,106,30,36,27,156,68,76
20181102,서울특별시,11,광진구,11215,인천광역시,28,38,209,24,247,216,78,78,46,356,110,143
20181102,서울특별시,11,광진구,11215,대구광역시,27,28,125,12,205,153,60,67,27,246,100,113
20181102,서울특별시,11,광진구,11215,부산광역시,26,47,188,19,294,202,78,100,56,340,152,164
20181102,서울특별시,11,광진구,11215,서울특별시,11,118,787,97,1065,812,266,298,171,1361,593,641
20181102,서울특별시,11,영등포구,11560,대전광역시,30,16,272,30,268,161,15,173,3,88,68,67
20181102,서울특별시,11,종로구,11110,서울특별시,11,183,1001,223,275,666,36,218,105,1234,952,117
20181102,서울특별시,11,종로구,11110,부산광역시,26,50,194,40,68,120,10,38,28,404,311,41
20181102,서울특별시,11,종로구,11110,대구광역시,27,37,161,31,54,124,9,24,28,281,197,32
20181102,서울특별시,11,종로구,11110,인천광역시,28,38,279,47,51,140,16,55,37,283,276,25
20181102,서울특별시,11,종로구,11110,광주광역시,29,20,113,28,27,60,0,58,23,192,135,10
20181102,서울특별시,11,종로구,11110,대전광역시,30,27,84,39,32,64,7,18,16,159,150,11
20181102,서울특별시,11,종로구,11110,울산광역시,31,17,84,15,25,36,7,11,12,126,103,7
20181102,서울특별시,11,종로구,11110,세종특별자치시,36,5,21,9,3,16,0,3,4,54,28,7
20181102,서울특별시,11,종로구,11110,경기도,41,205,1127,193,282,706,64,343,217,1607,1327,126
20181102,서울특별시,11,종로구,11110,강원도,42,16,145,22,40,69,6,33,14,175,132,13
20181102,서울특별시,11,종로구,11110,충청북도,43,23,136,24,32,80,5,21,18,203,163,21
20181102,서울특별시,11,종로구,11110,충청남도,44,23,169,29,45,135,14,46,17,233,204,14
20181102,서울특별시,11,종로구,11110,전라북도,45,19,133,29,22,73,7,32,21,210,166,15
20181102,서울특별시,11,종로구,11110,전라남도,46,25,124,30,24,62,3,32,20,194,138,16
20181102,서울특별시,11,종로구,11110,경상북도,47,36,171,45,46,130,11,25,19,284,204,13
20181102,서울특별시,11,종로구,11110,경상남도,48,52,194,49,67,144,15,47,42,376,267,30
20181102,서울특별시,11,종로구,11110,제주특별자치도,50,7,56,7,8,15,0,14,15,51,50,8
20181102,서울특별시,11,동작구,11590,대전광역시,30,40,91,47,40,80,14,23,24,112,53,46
20181102,서울특별시,11,송파구,11710,제주특별자치도,50,4,66,5,39,84,4,22,6,85,18,19
20181102,서울특별시,11,송파구,11710,경상남도,48,24,368,17,227,467,17,223,32,657,154,208
20181102,서울특별시,11,송파구,11710,경상북도,47,20,222,27,162,337,18,163,22,508,95,206
20181102,서울특별시,11,송파구,11710,전라남도,46,8,166,16,100,230,8,88,24,319,69,102
20181102,서울특별시,11,송파구,11710,전라북도,45,8,188,9,102,240,5,101,17,340,74,99
20181102,서울특별시,11,송파구,11710,충청남도,44,11,268,21,145,330,15,155,20,458,100,151
20181102,서울특별시,11,송파구,11710,충청북도,43,11,217,22,110,222,17,117,16,375,75,87
20181102,서울특별시,11,송파구,11710,강원도,42,8,174,13,99,242,15,128,18,321,71,114
20181102,서울특별시,11,송파구,11710,경기도,41,183,1901,110,1062,1996,127,1222,203,3735,889,1061
20181102,서울특별시,11,송파구,11710,세종특별자치시,36,0,33,3,26,44,3,26,6,75,20,24
20181102,서울특별시,11,송파구,11710,울산광역시,31,4,124,8,82,191,7,78,10,219,52,77
20181102,서울특별시,11,송파구,11710,대전광역시,30,14,180,10,131,274,11,103,17,386,80,113
20181102,서울특별시,11,송파구,11710,광주광역시,29,12,199,16,233,231,12,99,18,398,105,93
20181102,서울특별시,11,송파구,11710,인천광역시,28,39,353,20,220,551,17,268,44,634,165,242
20181102,서울특별시,11,송파구,11710,대구광역시,27,33,280,22,176,297,14,150,41,512,126,160
20181102,서울특별시,11,송파구,11710,부산광역시,26,25,417,19,233,558,27,269,47,683,227,204
20181102,서울특별시,11,강남구,11680,서울특별시,11,240,2952,268,1077,1703,147,1624,179,2993,1152,2748
20181102,서울특별시,11,동대문구,11230,세종특별자치시,36,16,65,8,24,44,11,31,9,98,31,14
20181102,서울특별시,11,동대문구,11230,울산광역시,31,38,176,11,46,124,32,161,18,393,96,64
20181102,서울특별시,11,동대문구,11230,대전광역시,30,60,237,28,88,173,60,201,19,634,125,85
20181102,서울특별시,11,동대문구,11230,광주광역시,29,61,270,14,66,139,41,229,37,542,136,67
20181102,서울특별시,11,동대문구,11230,인천광역시,28,123,482,47,132,476,88,453,72,1174,229,138
20181102,서울특별시,11,동대문구,11230,대구광역시,27,99,368,34,133,289,74,324,54,872,194,110
20181102,서울특별시,11,동대문구,11230,부산광역시,26,109,513,48,180,339,90,476,65,1170,245,149
20181102,서울특별시,11,동대문구,11230,서울특별시,11,475,1733,166,614,1066,314,1479,163,3947,949,521
20181102,서울특별시,11,강남구,11680,부산광역시,26,42,632,46,207,377,33,401,47,663,271,674
20181102,서울특별시,11,강남구,11680,대구광역시,27,47,391,32,129,264,31,285,41,460,181,428
20181102,서울특별시,11,강남구,11680,인천광역시,28,41,494,35,256,367,35,382,33,590,231,613
20181102,서울특별시,11,강남구,11680,광주광역시,29,16,236,13,100,157,21,178,26,294,117,323
20181102,서울특별시,11,강남구,11680,대전광역시,30,30,252,25,145,171,12,190,32,284,112,336
20181102,서울특별시,11,중랑구,11260,서울특별시,11,374,1364,138,1260,1565,166,748,442,3902,1119,957
20181102,서울특별시,11,중랑구,11260,부산광역시,26,83,365,29,381,453,58,219,112,1230,346,318
20181102,서울특별시,11,강남구,11680,울산광역시,31,23,164,13,87,99,13,113,14,214,66,250
20181102,서울특별시,11,강남구,11680,세종특별자치시,36,3,45,7,24,35,0,58,13,53,30,84
20181102,서울특별시,11,강남구,11680,경기도,41,251,2638,215,1196,1604,215,1759,260,3420,1160,2903
20181102,서울특별시,11,강남구,11680,강원도,42,15,207,10,103,135,21,209,22,211,110,266
20181102,서울특별시,11,강남구,11680,충청북도,43,31,286,25,103,154,20,154,22,261,126,266
20181102,서울특별시,11,강남구,11680,충청남도,44,33,282,29,141,232,23,244,32,350,161,343
20181102,서울특별시,11,강남구,11680,전라북도,45,19,204,21,102,153,18,149,23,279,127,263
20181102,서울특별시,11,강남구,11680,전라남도,46,17,168,17,92,149,17,158,12,209,112,253
20181102,서울특별시,11,강남구,11680,경상북도,47,50,323,24,132,249,29,273,36,328,146,382
20181102,서울특별시,11,서초구,11650,경기도,41,273,2574,446,839,1891,359,1411,247,1932,858,1269
20181102,서울특별시,11,강동구,11740,전라북도,45,70,164,14,42,138,11,80,20,266,52,54
20181102,서울특별시,11,강동구,11740,전라남도,46,51,110,25,37,139,16,59,13,207,28,35
20181102,서울특별시,11,강동구,11740,경상북도,47,97,177,31,64,221,25,100,17,344,55,48
20181102,서울특별시,11,강동구,11740,경상남도,48,104,264,48,70,280,40,141,39,526,77,69
20181102,서울특별시,11,강동구,11740,제주특별자치도,50,27,33,3,6,37,7,9,0,67,13,6
20181102,서울특별시,11,서초구,11650,충청북도,43,31,215,54,74,190,40,128,21,205,70,123
20181102,서울특별시,11,서초구,11650,강원도,42,31,210,40,76,208,27,138,13,128,62,119
20181102,서울특별시,11,용산구,11170,제주특별자치도,50,14,67,14,340,43,0,12,6,72,21,10
20181102,서울특별시,11,용산구,11170,경상남도,48,57,445,15,2132,341,72,66,53,407,145,112
20181102,서울특별시,11,용산구,11170,경상북도,47,55,394,15,1579,249,88,106,36,297,88,79
20181102,서울특별시,11,용산구,11170,전라남도,46,34,225,14,943,158,38,46,20,176,54,47
20181102,서울특별시,11,금천구,11545,서울특별시,11,528,2454,200,1830,2678,296,1753,280,3096,1549,3427
20181102,서울특별시,11,서초구,11650,세종특별자치시,36,8,60,9,16,39,4,36,7,32,16,48
20181102,서울특별시,11,영등포구,11560,광주광역시,29,12,263,24,281,138,14,152,8,97,56,83
20181102,서울특별시,11,용산구,11170,전라북도,45,35,224,12,1116,192,44,35,30,220,92,41
20181102,서울특별시,11,용산구,11170,충청남도,44,68,355,10,1579,261,61,62,42,216,85,50
20181102,서울특별시,11,용산구,11170,충청북도,43,36,293,6,1222,149,32,39,29,204,67,71
20181102,서울특별시,11,용산구,11170,강원도,42,24,200,11,1005,130,39,24,23,161,50,37
20181102,서울특별시,11,용산구,11170,경기도,41,344,2427,154,11751,1744,359,414,283,2023,796,473
20181102,서울특별시,11,용산구,11170,세종특별자치시,36,8,53,0,261,48,6,4,9,47,16,10
20181102,서울특별시,11,용산구,11170,울산광역시,31,24,162,7,813,155,21,20,25,149,47,35
20181102,서울특별시,11,용산구,11170,대전광역시,30,30,288,15,1343,179,47,41,27,193,92,37
20181102,서울특별시,11,용산구,11170,광주광역시,29,25,236,16,1061,165,29,37,32,195,76,49
20181102,서울특별시,11,용산구,11170,인천광역시,28,63,554,33,2306,371,93,95,77,417,165,135
20181102,서울특별시,11,용산구,11170,대구광역시,27,51,401,13,1752,237,59,49,32,328,136,83
20181102,서울특별시,11,용산구,11170,부산광역시,26,77,544,13,2480,395,91,65,49,427,170,118
20181102,서울특별시,11,용산구,11170,서울특별시,11,226,2136,130,10489,1501,296,403,234,1675,792,399
20181102,서울특별시,11,영등포구,11560,인천광역시,28,27,540,28,562,263,23,368,21,224,79,154
20181102,서울특별시,11,송파구,11710,서울특별시,11,131,1793,76,1024,1246,114,1106,131,2742,725,825
20181102,서울특별시,11,구로구,11530,제주특별자치도,50,6,57,6,26,38,8,26,5,84,13,26
20181102,서울특별시,11,구로구,11530,경상남도,48,55,380,45,172,326,54,209,23,525,95,235
20181102,서울특별시,11,구로구,11530,경상북도,47,32,281,19,164,253,50,163,16,404,84,197
20181102,서울특별시,11,구로구,11530,전라남도,46,21,175,23,70,144,24,116,16,292,53,101
20181102,서울특별시,11,구로구,11530,전라북도,45,23,210,13,103,165,20,91,19,354,56,88
20181102,서울특별시,11,영등포구,11560,대구광역시,27,18,671,46,412,203,24,250,12,169,69,130
20181102,서울특별시,11,영등포구,11560,부산광역시,26,29,643,34,542,297,27,414,14,197,83,194
20181102,서울특별시,11,영등포구,11560,서울특별시,11,70,2441,163,2117,957,94,1319,68,955,412,629
20181102,서울특별시,11,도봉구,11320,부산광역시,26,23,403,83,320,140,31,305,42,434,391,419
20181102,서울특별시,11,도봉구,11320,대구광역시,27,18,296,60,220,100,19,217,36,314,302,293
20181102,서울특별시,11,도봉구,11320,인천광역시,28,33,433,47,306,132,24,269,55,425,349,397
20181103,서울특별시,11,광진구,11215,전라북도,45,0,16,0,18,5,0,6,3,29,7,0
20181103,서울특별시,11,강동구,11740,제주특별자치도,50,0,8,0,0,21,0,19,4,7,0,0
20181103,서울특별시,11,강동구,11740,경상남도,48,6,46,10,4,102,0,72,13,100,4,12
20181103,서울특별시,11,강동구,11740,경상북도,47,0,32,3,0,74,0,44,3,65,0,13
20181103,서울특별시,11,강동구,11740,전라남도,46,0,19,5,0,55,0,34,0,39,0,5
20181103,서울특별시,11,강동구,11740,전라북도,45,6,27,0,0,76,0,25,10,67,5,6
20181103,서울특별시,11,강동구,11740,충청남도,44,0,32,3,5,78,0,51,7,60,0,6
20181103,서울특별시,11,강동구,11740,충청북도,43,5,9,6,12,74,0,33,0,76,0,10
20181103,서울특별시,11,강동구,11740,강원도,42,0,23,0,0,81,3,37,5,42,0,0
20181103,서울특별시,11,강동구,11740,경기도,41,31,236,47,60,697,21,316,68,748,92,79
20181103,서울특별시,11,강동구,11740,세종특별자치시,36,0,5,0,0,13,0,9,0,9,0,4
20181103,서울특별시,11,강동구,11740,울산광역시,31,0,11,3,3,41,0,22,4,28,0,0
20181103,서울특별시,11,강동구,11740,대전광역시,30,0,17,5,5,66,4,31,0,51,3,3
20181103,서울특별시,11,강동구,11740,광주광역시,29,0,20,5,0,53,3,27,6,52,3,9
20181103,서울특별시,11,강동구,11740,인천광역시,28,6,32,6,10,162,0,73,12,89,6,8
20181103,서울특별시,11,강동구,11740,대구광역시,27,4,34,7,4,70,0,40,4,63,3,6
20181103,서울특별시,11,강동구,11740,부산광역시,26,3,45,0,4,118,0,98,10,85,19,12
20181103,서울특별시,11,강동구,11740,서울특별시,11,17,232,27,47,519,6,310,42,399,50,46
20181103,서울특별시,11,성북구,11290,제주특별자치도,50,0,11,0,0,9,0,11,5,90,13,10
20181103,서울특별시,11,성북구,11290,경상남도,48,10,103,3,30,48,10,44,16,502,108,67
20181103,서울특별시,11,성북구,11290,경상북도,47,9,71,6,20,42,6,41,8,371,79,49
20181103,서울특별시,11,성북구,11290,전라남도,46,5,40,12,18,24,5,30,0,261,55,32
20181103,서울특별시,11,성북구,11290,전라북도,45,5,41,4,12,24,0,23,10,273,59,36
20181103,서울특별시,11,성북구,11290,충청남도,44,4,63,7,26,39,10,36,8,301,68,60
20181103,서울특별시,11,성북구,11290,충청북도,43,8,55,6,23,32,6,20,11,260,59,33
20181103,서울특별시,11,성북구,11290,강원도,42,6,45,4,21,33,6,28,0,217,51,37
20181103,서울특별시,11,성북구,11290,경기도,41,67,489,21,160,300,69,303,87,2248,520,426
20181103,서울특별시,11,성북구,11290,세종특별자치시,36,0,9,0,0,6,3,4,0,48,14,15
20181103,서울특별시,11,성북구,11290,울산광역시,31,0,31,0,12,19,0,19,6,153,44,48
20181103,서울특별시,11,성북구,11290,대전광역시,30,5,37,0,15,25,10,28,7,209,58,38
20181103,서울특별시,11,성북구,11290,광주광역시,29,6,37,0,10,29,5,31,5,241,60,30
20181103,서울특별시,11,성북구,11290,인천광역시,28,18,103,5,25,61,9,55,9,478,102,75
20181103,서울특별시,11,성북구,11290,대구광역시,27,19,70,0,15,35,8,39,19,362,77,69
20181103,서울특별시,11,성북구,11290,부산광역시,26,9,101,0,37,67,6,81,17,486,120,82
20181103,서울특별시,11,성북구,11290,서울특별시,11,62,431,15,137,272,45,264,57,1703,406,371
20181103,서울특별시,11,구로구,11530,세종특별자치시,36,0,8,0,0,6,0,0,0,4,0,0
20181103,서울특별시,11,구로구,11530,울산광역시,31,0,33,0,0,15,0,0,0,23,0,0
20181103,서울특별시,11,구로구,11530,대전광역시,30,0,39,0,16,28,0,0,3,38,0,0
20181103,서울특별시,11,구로구,11530,광주광역시,29,0,41,4,4,23,0,0,0,76,11,0
20181103,서울특별시,11,구로구,11530,인천광역시,28,5,72,0,11,44,3,11,8,90,17,0
20181103,서울특별시,11,구로구,11530,대구광역시,27,3,69,0,5,37,0,0,0,90,11,0
20181103,서울특별시,11,구로구,11530,부산광역시,26,3,110,4,11,54,4,8,0,86,26,6
20181103,서울특별시,11,구로구,11530,서울특별시,11,12,399,8,60,228,15,10,5,377,49,25
20181103,서울특별시,11,용산구,11170,서울특별시,11,12,227,5,241,41,17,20,32,246,75,30
20181103,서울특별시,11,용산구,11170,부산광역시,26,3,38,0,64,4,4,3,10,39,20,15
20181103,서울특별시,11,용산구,11170,대구광역시,27,3,41,0,41,9,3,0,5,25,16,9
20181103,서울특별시,11,용산구,11170,인천광역시,28,9,45,0,88,7,9,4,9,38,11,48
20181103,서울특별시,11,용산구,11170,광주광역시,29,0,16,0,28,0,0,0,0,15,8,6
20181103,서울특별시,11,용산구,11170,대전광역시,30,0,30,0,28,5,0,0,5,21,9,5
20181103,서울특별시,11,용산구,11170,울산광역시,31,0,19,0,26,5,0,0,0,9,3,4
20181103,서울특별시,11,용산구,11170,세종특별자치시,36,0,4,0,6,0,0,0,0,4,0,0
20181103,서울특별시,11,용산구,11170,경기도,41,13,273,19,310,52,26,24,37,336,74,75
20181103,서울특별시,11,용산구,11170,강원도,42,0,19,0,42,4,0,4,0,11,7,4
20181103,서울특별시,11,용산구,11170,충청북도,43,0,23,5,23,6,0,0,5,22,5,0
20181103,서울특별시,11,용산구,11170,충청남도,44,3,17,0,38,7,0,0,6,19,6,7
20181103,서울특별시,11,용산구,11170,전라북도,45,0,14,0,21,4,0,0,0,34,9,4
20181103,서울특별시,11,용산구,11170,전라남도,46,0,26,0,33,0,0,3,0,16,3,4
20181103,서울특별시,11,용산구,11170,경상북도,47,0,26,0,57,7,0,3,5,14,7,13
20181103,서울특별시,11,용산구,11170,경상남도,48,0,39,0,80,8,0,13,6,28,11,9
20181103,서울특별시,11,용산구,11170,제주특별자치도,50,0,6,0,8,5,4,0,0,3,0,0
20181103,서울특별시,11,종로구,11110,서울특별시,11,20,136,27,58,135,9,41,10,93,85,11
20181103,서울특별시,11,종로구,11110,부산광역시,26,11,25,0,5,12,0,7,3,59,27,4
20181103,서울특별시,11,종로구,11110,대구광역시,27,0,16,0,7,18,0,8,0,39,13,3
20181103,서울특별시,11,종로구,11110,인천광역시,28,6,17,0,5,16,0,10,0,19,33,0
20181103,서울특별시,11,종로구,11110,광주광역시,29,3,14,0,4,12,0,4,0,24,12,0
20181103,서울특별시,11,종로구,11110,대전광역시,30,0,11,0,5,18,0,7,0,16,21,0
20181103,서울특별시,11,종로구,11110,울산광역시,31,0,9,0,0,4,0,3,0,20,7,0
20181103,서울특별시,11,종로구,11110,세종특별자치시,36,0,0,0,0,0,0,0,0,4,0,0
20181103,서울특별시,11,종로구,11110,경기도,41,40,152,28,47,131,11,100,18,224,110,14
20181103,서울특별시,11,종로구,11110,강원도,42,11,11,4,0,6,0,10,0,13,5,0
20181103,서울특별시,11,종로구,11110,충청북도,43,6,10,3,9,6,3,3,5,16,11,3
20181103,서울특별시,11,종로구,11110,충청남도,44,6,6,0,5,11,0,11,0,18,15,0
20181103,서울특별시,11,종로구,11110,전라북도,45,4,15,0,0,9,0,8,3,22,15,0
20181103,서울특별시,11,종로구,11110,전라남도,46,0,8,0,7,7,0,0,0,17,18,0
20181103,서울특별시,11,종로구,11110,경상북도,47,14,22,0,6,15,0,0,0,39,14,0
20181103,서울특별시,11,종로구,11110,경상남도,48,8,23,0,7,16,0,16,5,46,17,0
20181103,서울특별시,11,종로구,11110,제주특별자치도,50,0,6,0,0,0,0,0,0,0,4,0
20181103,서울특별시,11,동작구,11590,제주특별자치도,50,0,3,0,0,0,0,0,0,0,0,0
20181103,서울특별시,11,노원구,11350,서울특별시,11,20,169,3,34,85,8,129,30,359,86,32
20181103,서울특별시,11,노원구,11350,부산광역시,26,0,40,0,5,5,0,3,4,61,30,0
20181103,서울특별시,11,구로구,11530,강원도,42,0,100,0,0,22,0,9,0,26,0,3
20181103,서울특별시,11,구로구,11530,충청북도,43,0,105,5,10,20,3,3,0,57,0,0
20181103,서울특별시,11,구로구,11530,충청남도,44,0,123,0,6,27,0,4,0,49,14,0
20181103,서울특별시,11,구로구,11530,전라북도,45,0,94,0,11,19,0,4,0,45,8,0
20181103,서울특별시,11,구로구,11530,전라남도,46,0,152,0,0,15,0,0,0,40,0,5
20181103,서울특별시,11,구로구,11530,경상북도,47,0,111,0,7,41,0,4,3,75,6,0
20181103,서울특별시,11,구로구,11530,경상남도,48,4,126,0,10,48,5,4,3,86,7,4
20181103,서울특별시,11,구로구,11530,제주특별자치도,50,0,12,0,0,14,0,6,0,15,0,0
20181103,서울특별시,11,중랑구,11260,서울특별시,11,17,139,0,53,61,9,54,30,324,86,73
20181103,서울특별시,11,중랑구,11260,부산광역시,26,3,34,0,14,6,0,17,17,60,37,21
20181103,서울특별시,11,중랑구,11260,대구광역시,27,5,13,0,8,15,0,11,12,48,15,18
20181103,서울특별시,11,중랑구,11260,인천광역시,28,13,41,0,23,12,4,21,8,73,15,26
20181103,서울특별시,11,중랑구,11260,광주광역시,29,3,5,0,5,4,0,22,8,23,7,10
20181103,서울특별시,11,중랑구,11260,대전광역시,30,0,9,6,10,6,0,10,4,11,10,9
20181103,서울특별시,11,동작구,11590,경상남도,48,0,16,7,7,0,0,0,0,20,7,0
20181103,서울특별시,11,동작구,11590,경상북도,47,0,24,6,0,0,0,4,0,22,0,0
20181103,서울특별시,11,동작구,11590,전라남도,46,0,5,7,5,5,0,0,0,16,0,0
20181103,서울특별시,11,동작구,11590,전라북도,45,0,10,8,0,0,0,0,0,14,4,0
20181103,서울특별시,11,동작구,11590,충청남도,44,0,17,16,4,6,0,8,0,33,5,5
20181103,서울특별시,11,동작구,11590,충청북도,43,3,9,14,6,0,0,0,0,30,0,0
20181103,서울특별시,11,동작구,11590,강원도,42,0,10,4,0,0,0,0,0,10,0,5
20181103,서울특별시,11,동작구,11590,경기도,41,14,146,79,42,45,18,21,17,424,71,63
20181103,서울특별시,11,동작구,11590,세종특별자치시,36,0,3,0,0,0,0,0,0,4,0,0
20181103,서울특별시,11,동작구,11590,울산광역시,31,0,10,4,0,0,0,0,0,3,0,0
20181103,서울특별시,11,동작구,11590,대전광역시,30,0,9,9,9,0,0,0,0,7,0,9
20181103,서울특별시,11,동작구,11590,광주광역시,29,0,5,8,3,0,0,0,0,10,0,0
20181103,서울특별시,11,동작구,11590,인천광역시,28,8,18,11,5,15,0,4,0,30,8,5
20181103,서울특별시,11,동작구,11590,대구광역시,27,4,16,10,0,4,0,0,0,30,7,0
20181103,서울특별시,11,동작구,11590,부산광역시,26,5,25,15,6,0,0,6,0,31,18,0
20181103,서울특별시,11,동작구,11590,서울특별시,11,3,136,75,42,17,9,20,11,248,39,42
20181103,서울특별시,11,중구,11140,서울특별시,11,25,988,136,57,952,24,128,15,598,171,41
20181103,서울특별시,11,중구,11140,부산광역시,26,6,259,43,10,202,3,41,5,197,39,3
20181103,서울특별시,11,중구,11140,대구광역시,27,6,232,33,9,132,7,38,5,141,28,0
20181103,서울특별시,11,중구,11140,인천광역시,28,11,174,28,9,160,5,23,4,173,40,5
20181103,서울특별시,11,중구,11140,광주광역시,29,4,139,19,0,95,3,19,0,87,21,0
20181103,서울특별시,11,중구,11140,대전광역시,30,3,120,7,6,102,0,20,0,82,18,0
20181103,서울특별시,11,중구,11140,울산광역시,31,4,59,14,3,76,3,11,0,54,10,0
20181103,서울특별시,11,중구,11140,세종특별자치시,36,0,24,9,0,20,0,5,0,19,0,0
20181103,서울특별시,11,중구,11140,경기도,41,41,910,174,37,698,38,131,20,785,184,24
20181103,서울특별시,11,중구,11140,강원도,42,6,99,25,8,71,0,20,3,77,7,0
20181103,서울특별시,11,중구,11140,충청북도,43,6,106,20,8,82,3,21,4,85,18,0
20181103,서울특별시,11,중구,11140,충청남도,44,5,138,31,4,125,0,28,4,98,30,0
20181103,서울특별시,11,중구,11140,전라북도,45,0,93,19,4,72,0,30,0,102,18,0
20181103,서울특별시,11,중구,11140,전라남도,46,4,150,20,0,65,0,43,3,66,9,4
20181103,서울특별시,11,중구,11140,경상북도,47,5,136,29,12,90,6,44,6,126,18,0
20181103,서울특별시,11,중구,11140,경상남도,48,15,221,33,10,128,9,51,0,143,28,0
20181103,서울특별시,11,중구,11140,제주특별자치도,50,4,23,12,0,30,0,6,0,14,4,0
20181103,서울특별시,11,중랑구,11260,울산광역시,31,3,3,0,5,0,0,20,6,16,5,10
20181103,서울특별시,11,중랑구,11260,세종특별자치시,36,0,0,0,0,0,0,3,0,4,3,0
20181103,서울특별시,11,중랑구,11260,경기도,41,40,221,16,84,90,18,113,33,532,121,115
20181103,서울특별시,11,금천구,11545,제주특별자치도,50,0,9,0,29,4,0,0,0,24,12,5
20181103,서울특별시,11,노원구,11350,대구광역시,27,4,21,0,0,0,0,0,0,37,9,0
20181103,서울특별시,11,송파구,11710,서울특별시,11,18,248,32,107,156,18,55,18,593,105,31
20181103,서울특별시,11,송파구,11710,부산광역시,26,5,47,6,10,24,3,8,0,193,41,14
20181103,서울특별시,11,송파구,11710,대구광역시,27,6,20,6,10,31,0,8,0,92,18,3
20181103,서울특별시,11,송파구,11710,인천광역시,28,9,35,0,14,19,0,14,5,110,16,6
20181103,서울특별시,11,송파구,11710,광주광역시,29,3,35,4,6,13,0,3,0,86,10,0
20181103,서울특별시,11,송파구,11710,대전광역시,30,3,11,0,18,34,4,8,0,47,6,0
20181103,서울특별시,11,강북구,11305,제주특별자치도,50,0,0,0,0,0,0,0,0,13,0,0
20181103,서울특별시,11,강북구,11305,경상남도,48,0,13,0,5,3,0,0,3,220,0,0
20181103,서울특별시,11,강북구,11305,경상북도,47,0,11,0,0,7,0,0,0,140,0,0
20181103,서울특별시,11,강북구,11305,전라남도,46,0,9,0,0,4,0,0,0,84,0,0
20181103,서울특별시,11,강북구,11305,전라북도,45,0,4,0,3,0,0,0,0,98,4,0
20181103,서울특별시,11,강북구,11305,충청남도,44,0,12,0,0,5,0,0,4,172,4,0
20181103,서울특별시,11,노원구,11350,인천광역시,28,5,30,0,11,11,0,10,4,55,16,0
20181103,서울특별시,11,노원구,11350,광주광역시,29,0,15,0,0,7,0,0,0,34,7,0
20181103,서울특별시,11,구로구,11530,경기도,41,33,450,26,75,283,26,41,20,611,112,28
20181103,서울특별시,11,서초구,11650,서울특별시,11,17,354,36,144,104,27,377,15,336,101,55
20181103,서울특별시,11,서초구,11650,부산광역시,26,0,44,0,19,17,5,9,0,54,26,14
20181103,서울특별시,11,서초구,11650,대구광역시,27,5,56,0,16,11,3,13,0,43,13,10
20181103,서울특별시,11,서초구,11650,인천광역시,28,9,48,0,32,24,6,11,0,58,21,13
20181103,서울특별시,11,서초구,11650,광주광역시,29,0,18,0,13,8,0,8,0,19,4,8
20181103,서울특별시,11,서초구,11650,대전광역시,30,0,32,0,15,6,3,0,0,35,8,13
20181103,서울특별시,11,서초구,11650,울산광역시,31,0,13,0,6,5,0,3,0,11,5,5
20181103,서울특별시,11,서초구,11650,세종특별자치시,36,0,5,0,3,0,3,0,0,9,0,0
20181103,서울특별시,11,서초구,11650,경기도,41,26,294,32,151,135,39,93,24,704,179,98
20181103,서울특별시,11,서초구,11650,강원도,42,0,21,0,8,10,3,6,0,24,3,13
20181103,서울특별시,11,서초구,11650,충청북도,43,0,32,15,19,15,0,8,0,44,7,7
20181103,서울특별시,11,서초구,11650,충청남도,44,0,37,4,16,14,0,7,0,32,10,11
20181103,서울특별시,11,서초구,11650,전라북도,45,0,27,0,11,4,3,9,0,35,6,9
20181103,서울특별시,11,서초구,11650,전라남도,46,0,30,0,7,0,0,4,0,19,4,4
20181103,서울특별시,11,서초구,11650,경상북도,47,4,34,0,21,9,5,9,0,35,11,15
20181103,서울특별시,11,서초구,11650,경상남도,48,5,50,0,22,19,0,20,0,52,13,13
20181103,서울특별시,11,금천구,11545,경상남도,48,11,39,4,119,27,4,11,7,84,30,46
20181103,서울특별시,11,금천구,11545,경상북도,47,3,31,0,36,12,3,13,3,84,31,38
20181103,서울특별시,11,금천구,11545,전라남도,46,0,19,0,24,12,0,4,0,55,25,27
20181103,서울특별시,11,금천구,11545,전라북도,45,8,27,0,6,9,0,0,3,84,27,111
20181103,서울특별시,11,금천구,11545,충청남도,44,4,25,0,14,15,3,5,7,80,25,164
20181103,서울특별시,11,금천구,11545,충청북도,43,0,18,0,9,15,0,8,5,80,22,26
20181103,서울특별시,11,금천구,11545,강원도,42,0,22,0,5,9,0,15,0,42,16,22
20181103,서울특별시,11,금천구,11545,경기도,41,99,221,11,95,163,21,76,48,569,229,207
20181103,서울특별시,11,금천구,11545,세종특별자치시,36,0,5,0,0,0,0,0,0,23,4,9
20181103,서울특별시,11,금천구,11545,울산광역시,31,0,17,0,14,8,0,0,0,36,13,14
20181103,서울특별시,11,금천구,11545,대전광역시,30,0,21,4,9,19,0,6,3,62,21,21
20181103,서울특별시,11,금천구,11545,광주광역시,29,0,28,0,6,10,0,4,4,63,28,21
20181103,서울특별시,11,금천구,11545,인천광역시,28,23,38,7,14,40,0,17,4,88,45,34
20181103,서울특별시,11,금천구,11545,대구광역시,27,4,33,0,9,18,8,3,4,73,39,36
20181103,서울특별시,11,금천구,11545,부산광역시,26,0,45,4,9,27,4,6,10,104,35,50
20181103,서울특별시,11,금천구,11545,서울특별시,11,111,242,5,129,149,16,78,48,402,184,186
20181103,서울특별시,11,성동구,11200,서울특별시,11,6,444,11,45,179,0,104,30,312,106,13
20181103,서울특별시,11,성동구,11200,부산광역시,26,0,57,5,3,16,0,3,4,47,27,0
20181103,서울특별시,11,성동구,11200,대구광역시,27,3,26,0,3,17,0,4,4,41,6,0
20181103,서울특별시,11,성동구,11200,인천광역시,28,0,73,4,6,12,0,7,0,43,16,5
20181103,서울특별시,11,성동구,11200,광주광역시,29,0,31,0,0,9,0,0,0,21,9,0
20181103,서울특별시,11,성동구,11200,대전광역시,30,0,19,0,5,25,0,6,0,23,17,0
20181103,서울특별시,11,성동구,11200,울산광역시,31,0,15,0,0,0,0,0,0,14,5,0
20181103,서울특별시,11,성동구,11200,세종특별자치시,36,0,6,0,0,4,0,0,0,4,0,0
20181103,서울특별시,11,성동구,11200,경기도,41,26,404,24,48,103,20,90,34,465,144,21
20181103,서울특별시,11,성동구,11200,강원도,42,0,23,0,0,9,0,7,0,26,4,0
20181103,서울특별시,11,성동구,11200,충청북도,43,0,24,7,4,10,0,0,5,30,6,0
20181103,서울특별시,11,성동구,11200,충청남도,44,0,40,3,4,13,0,6,6,39,14,0
20181103,서울특별시,11,성동구,11200,전라북도,45,0,23,0,0,6,0,3,0,28,7,0
20181103,서울특별시,11,성동구,11200,전라남도,46,0,20,0,0,3,0,0,0,27,8,0
20181103,서울특별시,11,성동구,11200,경상북도,47,0,28,0,0,5,0,4,0,30,3,0
20181103,서울특별시,11,성동구,11200,경상남도,48,0,30,0,4,8,0,8,0,50,10,0
20181103,서울특별시,11,성동구,11200,제주특별자치도,50,0,15,0,0,0,0,0,0,4,0,0
20181103,서울특별시,11,은평구,11380,서울특별시,11,5,515,113,88,248,13,82,28,273,55,172
20181103,서울특별시,11,은평구,11380,부산광역시,26,0,140,35,9,96,4,13,7,46,28,52
20181103,서울특별시,11,은평구,11380,대구광역시,27,4,109,18,17,46,0,9,8,30,6,44
20181103,서울특별시,11,은평구,11380,인천광역시,28,14,153,31,15,80,3,29,7,62,6,50
20181103,서울특별시,11,은평구,11380,광주광역시,29,0,70,9,28,48,4,7,0,23,5,35
20181103,서울특별시,11,은평구,11380,대전광역시,30,0,63,25,10,52,0,6,4,18,7,20
20181103,서울특별시,11,은평구,11380,울산광역시,31,0,46,11,5,17,3,3,0,10,0,24
20181103,서울특별시,11,은평구,11380,세종특별자치시,36,0,14,4,0,6,0,0,0,0,0,4
20181103,서울특별시,11,은평구,11380,경기도,41,22,666,142,93,335,18,110,42,498,71,268
20181103,서울특별시,11,은평구,11380,강원도,42,0,53,13,7,28,0,8,0,15,0,21
20181103,서울특별시,11,은평구,11380,충청북도,43,0,61,26,19,33,0,17,0,36,4,25
20181103,서울특별시,11,은평구,11380,충청남도,44,0,107,23,13,52,0,3,0,35,8,30
20181103,서울특별시,11,은평구,11380,전라북도,45,0,75,15,3,37,4,10,0,46,5,33
20181103,서울특별시,11,은평구,11380,전라남도,46,0,69,7,10,39,0,14,4,18,0,36
20181103,서울특별시,11,은평구,11380,경상북도,47,0,123,36,12,59,0,8,6,28,7,45
20181103,서울특별시,11,은평구,11380,경상남도,48,0,147,42,13,79,7,28,8,49,7,62
20181103,서울특별시,11,은평구,11380,제주특별자치도,50,0,13,0,0,7,0,0,0,4,0,4
20181103,서울특별시,11,강북구,11305,충청북도,43,0,8,0,7,4,0,0,0,117,0,0
20181103,서울특별시,11,강북구,11305,강원도,42,0,6,0,0,3,0,0,0,69,0,0
20181103,서울특별시,11,강북구,11305,경기도,41,11,89,4,34,49,6,10,13,1279,43,25
20181103,서울특별시,11,강북구,11305,세종특별자치시,36,0,3,0,0,0,0,0,0,22,0,0
20181103,서울특별시,11,강북구,11305,울산광역시,31,0,8,0,0,5,0,0,0,59,0,0
20181103,서울특별시,11,강북구,11305,대전광역시,30,0,12,0,4,0,0,0,0,104,0,0
20181103,서울특별시,11,강북구,11305,광주광역시,29,0,11,0,0,0,0,0,0,94,0,0
20181103,서울특별시,11,강북구,11305,인천광역시,28,0,19,0,5,14,0,0,0,202,6,0
20181103,서울특별시,11,강북구,11305,대구광역시,27,3,11,0,4,7,0,0,0,163,0,0
20181103,서울특별시,11,강북구,11305,부산광역시,26,0,13,0,3,9,0,0,0,230,9,0
20181103,서울특별시,11,강북구,11305,서울특별시,11,6,98,0,37,31,0,5,4,901,22,7
20181103,서울특별시,11,송파구,11710,울산광역시,31,0,12,0,4,11,0,0,0,44,0,0
20181103,서울특별시,11,송파구,11710,세종특별자치시,36,0,4,0,5,4,0,0,0,14,0,0
20181103,서울특별시,11,송파구,11710,경기도,41,46,250,36,173,176,41,94,29,1119,178,56
20181103,서울특별시,11,송파구,11710,강원도,42,0,17,0,4,11,0,6,0,63,6,0
20181103,서울특별시,11,송파구,11710,충청북도,43,3,20,13,18,9,0,5,0,108,6,3
20181103,서울특별시,11,송파구,11710,충청남도,44,7,16,0,12,10,0,9,0,122,14,0
20181103,서울특별시,11,강서구,11500,제주특별자치도,50,0,0,0,0,4,0,8,0,148,4,0
20181103,서울특별시,11,강서구,11500,경상남도,48,3,40,13,25,23,6,22,0,684,28,7
20181103,서울특별시,11,강서구,11500,경상북도,47,0,17,9,22,21,0,24,3,481,18,5
20181103,서울특별시,11,강서구,11500,전라남도,46,3,23,0,10,14,0,20,0,403,8,0
20181103,서울특별시,11,강서구,11500,전라북도,45,0,27,3,4,15,0,11,0,416,12,0
20181103,서울특별시,11,강서구,11500,충청남도,44,5,26,8,18,17,0,22,4,458,16,3
20181103,서울특별시,11,강서구,11500,충청북도,43,3,21,14,17,10,0,8,3,419,8,0
20181103,서울특별시,11,강서구,11500,강원도,42,0,20,6,10,14,0,3,0,331,9,0
20181103,서울특별시,11,강서구,11500,경기도,41,27,290,51,114,137,20,97,28,2895,189,55
20181103,서울특별시,11,강서구,11500,세종특별자치시,36,0,7,0,0,4,0,0,0,41,0,0
20181103,서울특별시,11,강서구,11500,울산광역시,31,0,8,0,5,5,0,7,0,191,4,0
20181103,서울특별시,11,강서구,11500,대전광역시,30,0,18,4,25,16,0,4,4,279,13,0
20181103,서울특별시,11,강서구,11500,광주광역시,29,4,26,5,4,12,0,9,0,285,14,0
20181103,서울특별시,11,강남구,11680,제주특별자치도,50,0,12,0,0,0,0,4,0,12,0,0
20181103,서울특별시,11,강남구,11680,경상남도,48,5,41,0,8,5,3,5,0,96,6,58
20181103,서울특별시,11,강남구,11680,경상북도,47,0,32,5,7,6,4,13,0,46,11,50
20181103,서울특별시,11,강남구,11680,전라남도,46,0,23,0,4,5,0,10,0,37,12,27
20181103,서울특별시,11,강남구,11680,전라북도,45,0,28,0,0,6,0,5,0,38,20,27
20181103,서울특별시,11,송파구,11710,전라북도,45,0,14,3,7,7,0,7,0,64,8,0
20181103,서울특별시,11,송파구,11710,전라남도,46,0,6,0,6,14,0,0,0,82,4,0
20181103,서울특별시,11,송파구,11710,경상북도,47,0,19,3,10,9,0,6,0,133,8,3
20181103,서울특별시,11,송파구,11710,경상남도,48,4,30,6,11,24,0,17,3,177,18,0
20181103,서울특별시,11,송파구,11710,제주특별자치도,50,0,4,0,0,0,0,6,0,79,4,0
20181103,서울특별시,11,강남구,11680,충청남도,44,0,34,5,4,11,3,5,0,63,17,30
20181103,서울특별시,11,강남구,11680,충청북도,43,0,26,15,7,14,0,5,5,79,11,11
20181103,서울특별시,11,강남구,11680,강원도,42,0,36,0,0,0,0,13,3,35,3,9
20181103,서울특별시,11,강남구,11680,경기도,41,42,371,51,103,116,72,100,31,993,203,226
20181103,서울특별시,11,강남구,11680,세종특별자치시,36,0,7,0,0,0,0,0,0,12,4,5
20181103,서울특별시,11,강남구,11680,울산광역시,31,0,25,0,3,8,3,6,0,31,8,16
20181103,서울특별시,11,강남구,11680,대전광역시,30,0,32,5,5,4,0,3,0,46,6,26
20181103,서울특별시,11,강서구,11500,인천광역시,28,12,55,16,24,34,4,21,5,578,27,4
20181103,서울특별시,11,강서구,11500,대구광역시,27,7,50,14,13,25,0,12,9,404,24,5
20181103,서울특별시,11,강서구,11500,부산광역시,26,4,48,6,22,30,0,44,5,538,52,10
20181103,서울특별시,11,강서구,11500,서울특별시,11,22,259,46,102,91,16,63,19,1663,136,25
20181103,서울특별시,11,강남구,11680,광주광역시,29,0,24,0,8,0,0,0,0,39,7,21
20181103,서울특별시,11,강남구,11680,인천광역시,28,4,62,3,21,18,6,19,3,99,22,54
20181103,서울특별시,11,강남구,11680,대구광역시,27,5,39,0,12,12,3,0,6,64,18,37
20181103,서울특별시,11,강남구,11680,부산광역시,26,5,58,6,3,27,3,15,4,105,32,87
20181103,서울특별시,11,강남구,11680,서울특별시,11,24,349,29,85,62,45,124,17,555,153,332
20181103,서울특별시,11,영등포구,11560,서울특별시,11,9,228,0,70,125,17,44,26,217,65,24
20181103,서울특별시,11,영등포구,11560,부산광역시,26,0,37,0,14,36,0,9,3,39,14,4
20181103,서울특별시,11,영등포구,11560,대구광역시,27,0,23,0,9,29,0,11,6,20,3,0
20181103,서울특별시,11,영등포구,11560,인천광역시,28,3,46,0,13,49,0,12,0,25,8,8
20181103,서울특별시,11,영등포구,11560,광주광역시,29,0,16,0,4,6,0,0,0,14,0,0
20181103,서울특별시,11,영등포구,11560,대전광역시,30,0,9,0,12,20,0,6,4,9,5,0
20181103,서울특별시,11,영등포구,11560,울산광역시,31,0,12,0,3,12,0,10,0,4,0,0
20181103,서울특별시,11,영등포구,11560,세종특별자치시,36,0,3,0,0,4,0,0,0,0,0,0
20181103,서울특별시,11,영등포구,11560,경기도,41,19,231,16,94,248,13,49,36,459,91,33
20181103,서울특별시,11,영등포구,11560,강원도,42,0,16,0,8,17,0,16,4,8,5,0
20181103,서울특별시,11,영등포구,11560,충청북도,43,0,23,0,14,22,0,7,0,24,0,0
20181103,서울특별시,11,영등포구,11560,충청남도,44,0,20,0,7,16,0,8,5,23,5,0
20181103,서울특별시,11,영등포구,11560,전라북도,45,0,8,0,4,19,0,7,0,16,4,0
20181103,서울특별시,11,영등포구,11560,전라남도,46,0,21,0,3,12,0,11,0,6,0,3
20181103,서울특별시,11,영등포구,11560,경상북도,47,0,30,0,13,30,0,15,4,13,3,0
20181103,서울특별시,11,영등포구,11560,경상남도,48,6,26,0,11,57,3,25,3,24,4,3
20181103,서울특별시,11,영등포구,11560,제주특별자치도,50,0,6,0,0,0,0,4,0,7,0,0
20181103,서울특별시,11,노원구,11350,대전광역시,30,3,23,0,5,0,0,0,0,34,8,0
20181103,서울특별시,11,노원구,11350,울산광역시,31,0,7,0,0,0,0,0,0,14,0,0
20181103,서울특별시,11,노원구,11350,세종특별자치시,36,0,4,0,0,0,0,0,0,12,3,0
20181103,서울특별시,11,노원구,11350,경기도,41,37,228,14,69,63,24,63,29,675,115,36
20181103,서울특별시,11,노원구,11350,강원도,42,0,12,0,0,0,0,0,0,15,6,0
20181103,서울특별시,11,노원구,11350,충청북도,43,4,15,6,5,4,0,0,0,52,5,0
20181103,서울특별시,11,노원구,11350,충청남도,44,0,25,0,0,0,0,5,0,61,16,0
20181103,서울특별시,11,노원구,11350,전라북도,45,0,17,0,0,3,0,0,0,31,9,3
20181103,서울특별시,11,노원구,11350,전라남도,46,0,19,0,0,4,0,9,0,24,3,0
20181103,서울특별시,11,노원구,11350,경상북도,47,6,17,0,0,6,0,8,3,47,10,0
20181103,서울특별시,11,노원구,11350,경상남도,48,4,36,0,9,0,4,5,3,66,7,0
20181103,서울특별시,11,노원구,11350,제주특별자치도,50,0,0,0,0,0,0,0,0,9,0,0
20181103,서울특별시,11,마포구,11440,서울특별시,11,25,357,25,42,105,7,53,10,374,146,7
20181103,서울특별시,11,마포구,11440,부산광역시,26,4,139,0,7,31,0,36,17,81,39,5
20181103,서울특별시,11,마포구,11440,대구광역시,27,9,59,3,6,15,0,5,0,45,19,0
20181103,서울특별시,11,마포구,11440,인천광역시,28,4,71,7,11,31,0,14,3,69,31,4
20181103,서울특별시,11,마포구,11440,광주광역시,29,0,53,0,0,18,0,11,8,37,24,0
20181103,서울특별시,11,마포구,11440,대전광역시,30,3,48,0,6,15,0,5,0,26,16,0
20181103,서울특별시,11,마포구,11440,울산광역시,31,0,50,0,3,18,0,13,0,27,13,0
20181103,서울특별시,11,마포구,11440,세종특별자치시,36,0,9,0,0,4,0,0,0,12,0,0
20181103,서울특별시,11,마포구,11440,경기도,41,27,460,29,67,142,20,55,18,699,186,28
20181103,서울특별시,11,마포구,11440,강원도,42,0,49,0,3,22,0,14,0,23,18,0
20181103,서울특별시,11,마포구,11440,충청북도,43,0,61,5,8,21,0,23,8,66,16,0
20181103,서울특별시,11,마포구,11440,충청남도,44,0,88,4,3,18,0,17,9,52,26,5
20181103,서울특별시,11,마포구,11440,전라북도,45,0,59,0,0,10,0,14,3,48,16,0
20181103,서울특별시,11,마포구,11440,전라남도,46,0,61,0,4,11,0,25,6,34,14,0
20181103,서울특별시,11,마포구,11440,경상북도,47,5,99,0,5,24,0,24,19,59,19,5
20181103,서울특별시,11,마포구,11440,경상남도,48,7,128,0,9,40,0,50,30,85,33,3
20181103,서울특별시,11,마포구,11440,제주특별자치도,50,0,16,0,0,0,0,4,3,11,7,0
20181103,서울특별시,11,중랑구,11260,강원도,42,0,9,0,4,7,0,12,0,18,10,9
20181103,서울특별시,11,중랑구,11260,충청북도,43,11,16,0,16,3,0,16,6,48,5,18
20181103,서울특별시,11,중랑구,11260,충청남도,44,8,26,5,10,12,0,16,9,58,11,18
20181103,서울특별시,11,중랑구,11260,전라북도,45,0,5,0,5,6,0,12,4,43,10,17
20181103,서울특별시,11,중랑구,11260,전라남도,46,4,13,0,3,7,0,15,10,33,19,13
20181103,서울특별시,11,중랑구,11260,경상북도,47,0,15,0,4,9,0,21,6,44,10,19
20181103,서울특별시,11,광진구,11215,서울특별시,11,4,208,7,137,31,5,51,15,363,41,39
20181103,서울특별시,11,광진구,11215,부산광역시,26,0,38,0,30,5,4,13,5,64,8,11
20181103,서울특별시,11,광진구,11215,대구광역시,27,0,26,0,39,3,0,10,0,41,3,6
20181103,서울특별시,11,광진구,11215,인천광역시,28,0,29,3,35,7,0,14,0,47,15,6
20181103,서울특별시,11,광진구,11215,광주광역시,29,0,12,0,16,5,0,5,0,20,5,0
20181103,서울특별시,11,광진구,11215,대전광역시,30,0,13,0,21,0,0,5,0,16,0,5
20181103,서울특별시,11,광진구,11215,울산광역시,31,0,13,0,8,0,0,0,0,9,0,5
20181103,서울특별시,11,광진구,11215,세종특별자치시,36,0,4,0,5,0,0,0,0,6,0,0
20181103,서울특별시,11,광진구,11215,경기도,41,17,197,16,156,45,16,68,30,425,67,41
20181103,서울특별시,11,광진구,11215,강원도,42,0,7,0,16,4,0,0,0,16,0,4
20181103,서울특별시,11,광진구,11215,충청북도,43,0,19,0,22,4,0,3,0,26,0,4
20181103,서울특별시,11,광진구,11215,충청남도,44,0,23,0,20,9,0,10,4,26,4,5
20181103,서울특별시,11,광진구,11215,전라남도,46,0,19,0,6,0,4,7,0,15,0,0
20181103,서울특별시,11,광진구,11215,경상북도,47,0,18,3,23,0,4,15,4,17,5,0
20181103,서울특별시,11,광진구,11215,경상남도,48,0,46,0,29,6,0,7,0,31,3,11
20181103,서울특별시,11,광진구,11215,제주특별자치도,50,0,8,0,4,0,0,0,0,6,0,0
20181103,서울특별시,11,중랑구,11260,경상남도,48,6,20,0,7,13,0,29,14,71,23,27
20181103,서울특별시,11,중랑구,11260,제주특별자치도,50,0,4,0,0,0,0,4,0,14,0,3
20181103,서울특별시,11,동대문구,11230,제주특별자치도,50,0,4,0,0,0,0,6,0,10,0,0
20181103,서울특별시,11,동대문구,11230,경상남도,48,6,25,7,4,14,4,23,3,45,10,0
20181103,서울특별시,11,동대문구,11230,경상북도,47,7,28,7,0,5,0,20,0,35,3,4
20181103,서울특별시,11,동대문구,11230,전라남도,46,0,12,3,4,8,0,13,0,25,0,0
20181103,서울특별시,11,동대문구,11230,전라북도,45,0,10,3,0,3,0,6,0,27,10,0
20181103,서울특별시,11,동대문구,11230,충청남도,44,4,23,6,9,15,0,17,0,38,8,6
20181103,서울특별시,11,동대문구,11230,충청북도,43,0,11,6,5,10,0,13,0,32,4,3
20181103,서울특별시,11,동대문구,11230,강원도,42,3,10,4,0,7,0,12,0,13,3,0
20181103,서울특별시,11,동대문구,11230,경기도,41,22,151,69,47,97,18,89,19,373,80,42
20181103,서울특별시,11,동대문구,11230,세종특별자치시,36,0,3,0,0,0,0,5,0,4,0,0
20181103,서울특별시,11,동대문구,11230,울산광역시,31,0,7,0,0,5,0,10,0,11,0,0
20181103,서울특별시,11,동대문구,11230,대전광역시,30,0,18,4,12,3,0,11,0,20,7,0
20181103,서울특별시,11,동대문구,11230,광주광역시,29,0,12,0,8,11,0,8,0,21,7,0
20181103,서울특별시,11,동대문구,11230,인천광역시,28,4,32,9,5,15,0,23,3,48,14,7
20181103,서울특별시,11,동대문구,11230,대구광역시,27,4,14,10,0,15,5,13,4,35,7,0
20181103,서울특별시,11,동대문구,11230,부산광역시,26,6,36,11,9,12,0,23,0,39,15,3
20181103,서울특별시,11,동대문구,11230,서울특별시,11,12,160,65,38,52,7,62,12,250,62,21
20181103,서울특별시,11,도봉구,11320,서울특별시,11,8,413,3,23,27,7,4,5,197,31,12
20181103,서울특별시,11,도봉구,11320,부산광역시,26,0,68,0,8,4,0,0,0,25,8,4
20181103,서울특별시,11,도봉구,11320,대구광역시,27,0,58,0,4,4,0,0,0,35,0,5
20181103,서울특별시,11,도봉구,11320,인천광역시,28,4,88,0,7,4,0,3,0,44,0,3
20181103,서울특별시,11,도봉구,11320,광주광역시,29,0,35,0,0,0,0,0,0,12,4,0
20181103,서울특별시,11,도봉구,11320,대전광역시,30,0,56,0,6,0,0,3,0,17,0,3
20181103,서울특별시,11,도봉구,11320,울산광역시,31,0,34,0,3,3,0,0,0,8,0,0
20181103,서울특별시,11,도봉구,11320,세종특별자치시,36,0,4,0,0,0,0,0,0,3,0,0
20181103,서울특별시,11,도봉구,11320,경기도,41,11,373,5,42,35,15,11,12,356,68,31
20181103,서울특별시,11,도봉구,11320,강원도,42,0,35,0,3,6,0,3,0,15,0,0
20181103,서울특별시,11,도봉구,11320,충청북도,43,0,41,3,7,10,0,0,0,34,0,5
20181103,서울특별시,11,관악구,11620,서울특별시,11,22,191,39,50,100,13,25,8,331,55,9
20181103,서울특별시,11,관악구,11620,부산광역시,26,5,48,15,6,29,0,9,0,40,17,3
20181103,서울특별시,11,관악구,11620,대구광역시,27,11,20,5,6,23,0,5,0,27,8,0
20181103,서울특별시,11,관악구,11620,인천광역시,28,6,30,3,16,21,3,6,3,60,10,5
20181103,서울특별시,11,관악구,11620,광주광역시,29,11,20,4,5,10,3,0,0,21,6,0
20181103,서울특별시,11,관악구,11620,대전광역시,30,0,24,3,7,11,0,4,0,19,0,0
20181103,서울특별시,11,관악구,11620,울산광역시,31,0,4,0,0,7,0,0,0,10,0,0
20181103,서울특별시,11,관악구,11620,세종특별자치시,36,0,0,0,0,0,0,3,0,5,0,0
20181103,서울특별시,11,관악구,11620,경기도,41,55,198,33,74,136,24,45,16,466,108,24
20181103,서울특별시,11,관악구,11620,강원도,42,4,15,0,4,7,0,6,0,19,0,0
20181103,서울특별시,11,관악구,11620,충청북도,43,15,21,3,7,9,0,12,0,52,7,0
20181103,서울특별시,11,관악구,11620,충청남도,44,0,25,4,0,14,0,10,5,31,12,0
20181103,서울특별시,11,관악구,11620,전라북도,45,0,14,7,7,15,0,4,0,32,4,0
20181103,서울특별시,11,관악구,11620,전라남도,46,0,6,0,0,11,0,7,0,12,0,3
20181103,서울특별시,11,관악구,11620,경상북도,47,12,21,0,10,14,0,4,0,30,4,0
20181103,서울특별시,11,관악구,11620,경상남도,48,5,34,4,15,24,3,8,0,32,6,0
20181103,서울특별시,11,관악구,11620,제주특별자치도,50,0,3,0,0,0,0,4,0,5,0,0
20181103,서울특별시,11,서대문구,11410,서울특별시,11,8,235,26,35,28,5,12,0,929,42,10
20181103,서울특별시,11,서대문구,11410,부산광역시,26,0,41,3,3,10,0,8,0,147,17,4
20181103,서울특별시,11,서대문구,11410,대구광역시,27,0,31,5,4,0,0,3,0,112,4,0
20181103,서울특별시,11,서대문구,11410,인천광역시,28,0,32,5,4,5,0,3,0,179,0,0
20181103,서울특별시,11,서대문구,11410,광주광역시,29,0,12,0,3,8,0,0,0,70,3,4
20181103,서울특별시,11,서대문구,11410,대전광역시,30,0,13,0,6,0,0,0,0,111,5,0
20181103,서울특별시,11,서대문구,11410,울산광역시,31,0,8,0,0,0,0,0,0,37,0,0
20181103,서울특별시,11,서대문구,11410,세종특별자치시,36,0,0,0,0,0,0,0,0,11,0,0
20181103,서울특별시,11,서대문구,11410,경기도,41,14,173,27,34,44,16,18,14,1052,73,23
20181103,서울특별시,11,서대문구,11410,강원도,42,0,10,0,0,3,0,3,0,60,0,0
20181103,서울특별시,11,서대문구,11410,충청북도,43,0,19,5,3,0,0,0,0,97,0,3
20181103,서울특별시,11,서대문구,11410,충청남도,44,0,10,0,0,5,0,0,0,90,5,0
20181103,서울특별시,11,서대문구,11410,전라북도,45,0,16,0,0,0,0,3,3,68,3,0
20181103,서울특별시,11,서대문구,11410,전라남도,46,0,6,0,0,7,0,0,0,47,0,0
20181103,서울특별시,11,서대문구,11410,경상북도,47,0,17,0,4,6,0,3,0,96,0,0
20181103,서울특별시,11,서대문구,11410,경상남도,48,0,17,0,0,12,0,0,3,88,4,6
20181103,서울특별시,11,서대문구,11410,제주특별자치도,50,0,4,0,0,0,0,3,0,23,0,0
20181103,서울특별시,11,서초구,11650,제주특별자치도,50,0,10,0,0,13,0,5,0,7,5,0
20181103,서울특별시,11,양천구,11470,제주특별자치도,50,0,0,0,0,0,0,0,0,0,6,0
20181103,서울특별시,11,양천구,11470,경상남도,48,9,15,0,17,5,5,4,0,28,24,0
20181103,서울특별시,11,양천구,11470,경상북도,47,0,15,0,21,3,0,6,0,16,19,0
20181103,서울특별시,11,양천구,11470,전라남도,46,0,9,0,14,5,0,0,0,9,13,0
20181103,서울특별시,11,양천구,11470,전라북도,45,5,9,0,9,0,0,0,0,17,20,0
20181103,서울특별시,11,양천구,11470,충청남도,44,8,7,0,14,8,3,4,0,34,28,0
20181103,서울특별시,11,양천구,11470,충청북도,43,3,7,8,15,8,0,0,0,30,14,0
20181103,서울특별시,11,양천구,11470,강원도,42,0,5,0,6,3,0,0,0,5,11,0
20181103,서울특별시,11,양천구,11470,경기도,41,32,135,21,127,85,23,18,22,559,342,31
20181103,서울특별시,11,양천구,11470,세종특별자치시,36,0,4,0,4,0,0,0,0,0,11,0
20181103,서울특별시,11,양천구,11470,울산광역시,31,0,4,0,5,6,0,0,0,4,10,0
20181103,서울특별시,11,양천구,11470,대전광역시,30,0,4,0,13,0,0,7,0,12,31,0
20181103,서울특별시,11,양천구,11470,광주광역시,29,0,7,0,9,6,0,0,0,13,22,0
20181103,서울특별시,11,양천구,11470,인천광역시,28,15,21,0,24,9,4,0,0,30,42,0
20181103,서울특별시,11,양천구,11470,대구광역시,27,6,13,0,4,11,8,5,0,29,48,0
20181103,서울특별시,11,양천구,11470,부산광역시,26,6,22,0,12,7,0,0,0,33,59,0
20181103,서울특별시,11,양천구,11470,서울특별시,11,15,157,12,78,40,9,34,5,243,275,8
20181103,서울특별시,11,도봉구,11320,충청남도,44,0,40,0,0,4,0,4,0,27,6,3
20181103,서울특별시,11,도봉구,11320,전라북도,45,0,34,0,0,4,0,0,0,12,3,0
20181103,서울특별시,11,도봉구,11320,전라남도,46,0,27,0,0,0,0,0,0,11,0,0
20181103,서울특별시,11,도봉구,11320,경상북도,47,0,59,0,0,4,0,4,0,18,4,0
20181103,서울특별시,11,도봉구,11320,경상남도,48,0,65,0,5,4,0,6,0,32,4,0
20181103,서울특별시,11,도봉구,11320,제주특별자치도,50,0,14,0,0,0,0,0,0,3,0,0
20181104,서울특별시,11,강남구,11680,서울특별시,11,0,13,0,5,0,0,171,0,17,0,594
20181104,서울특별시,11,서대문구,11410,광주광역시,29,0,0,0,0,0,0,0,0,0,0,0
20181104,서울특별시,11,강북구,11305,경상북도,47,0,0,0,0,0,0,0,0,0,0,0
20181104,서울특별시,11,강서구,11500,서울특별시,11,0,27,0,0,0,0,14,0,0,0,0
20181104,서울특별시,11,강서구,11500,부산광역시,26,0,6,0,0,0,0,0,0,0,0,0
20181104,서울특별시,11,강서구,11500,대구광역시,27,0,0,0,0,0,0,0,0,0,0,0
20181104,서울특별시,11,강서구,11500,인천광역시,28,0,4,0,0,0,0,5,0,0,0,0
20181104,서울특별시,11,강서구,11500,광주광역시,29,0,0,0,0,0,0,0,0,0,0,0
20181104,서울특별시,11,강북구,11305,전라북도,45,0,0,0,0,0,0,0,0,0,0,0
20181104,서울특별시,11,서대문구,11410,인천광역시,28,0,0,0,0,0,0,0,0,0,0,0
20181104,서울특별시,11,성북구,11290,제주특별자치도,50,0,11,0,3,8,5,0,3,9,23,8
20181104,서울특별시,11,성북구,11290,경상남도,48,7,67,3,4,14,12,15,12,53,120,41
20181104,서울특별시,11,성북구,11290,경상북도,47,3,56,4,5,18,9,12,6,41,103,31
20181104,서울특별시,11,성북구,11290,전라남도,46,3,31,4,0,8,5,6,7,22,47,13
20181104,서울특별시,11,도봉구,11320,경상북도,47,0,7,0,0,0,0,0,0,34,38,0
20181104,서울특별시,11,도봉구,11320,전라남도,46,0,10,0,0,0,0,0,0,29,20,0
20181104,서울특별시,11,도봉구,11320,전라북도,45,0,6,0,0,0,0,0,0,30,18,0
20181104,서울특별시,11,도봉구,11320,충청남도,44,0,7,0,0,0,0,0,0,45,21,0
20181104,서울특별시,11,도봉구,11320,충청북도,43,0,7,0,0,0,0,0,0,36,15,0
20181104,서울특별시,11,도봉구,11320,강원도,42,0,7,0,0,0,0,0,0,25,16,0
20181104,서울특별시,11,도봉구,11320,경기도,41,0,37,0,0,0,0,0,0,198,157,0
20181104,서울특별시,11,도봉구,11320,세종특별자치시,36,0,0,0,0,0,0,0,0,7,4,0
20181104,서울특별시,11,도봉구,11320,울산광역시,31,0,0,0,0,0,0,0,0,10,8,0
20181104,서울특별시,11,도봉구,11320,대전광역시,30,0,4,0,0,0,0,0,0,26,23,0
20181104,서울특별시,11,도봉구,11320,광주광역시,29,0,5,0,0,0,0,0,0,20,20,0
20181104,서울특별시,11,도봉구,11320,인천광역시,28,0,10,0,0,0,0,0,0,70,40,0
20181104,서울특별시,11,도봉구,11320,대구광역시,27,0,9,0,0,0,0,0,0,53,31,0
20181104,서울특별시,11,도봉구,11320,부산광역시,26,0,7,0,0,0,0,0,0,73,47,0
20181104,서울특별시,11,도봉구,11320,서울특별시,11,0,34,0,0,0,0,0,0,69,99,0
20181104,서울특별시,11,성북구,11290,전라북도,45,3,30,0,0,15,6,8,5,22,68,15
20181104,서울특별시,11,광진구,11215,광주광역시,29,0,0,0,0,0,0,0,0,0,0,0
20181104,서울특별시,11,성북구,11290,충청남도,44,3,49,0,5,16,7,6,11,32,77,25
20181104,서울특별시,11,은평구,11380,서울특별시,11,0,8,0,0,0,0,11,0,0,0,0
20181104,서울특별시,11,광진구,11215,대전광역시,30,0,0,0,0,0,0,0,0,0,0,0
20181104,서울특별시,11,은평구,11380,부산광역시,26,0,0,0,0,0,0,0,0,0,0,0
20181104,서울특별시,11,은평구,11380,대구광역시,27,0,0,0,0,0,0,0,0,0,0,0
20181104,서울특별시,11,송파구,11710,경상남도,48,0,4,0,0,9,0,0,0,4,0,0
20181104,서울특별시,11,은평구,11380,인천광역시,28,0,14,8,0,0,0,0,0,0,0,0
20181104,서울특별시,11,은평구,11380,대전광역시,30,0,0,0,0,0,0,13,0,0,0,0
20181104,서울특별시,11,은평구,11380,세종특별자치시,36,0,3,0,0,0,0,0,0,0,0,0
20181104,서울특별시,11,은평구,11380,경기도,41,0,24,8,0,0,0,5,0,5,0,0
20181104,서울특별시,11,은평구,11380,경상북도,47,0,0,0,0,0,0,0,0,0,0,0
20181104,서울특별시,11,성북구,11290,충청북도,43,0,31,3,5,15,7,0,4,29,73,11
20181104,서울특별시,11,성북구,11290,강원도,42,0,18,0,5,14,7,7,3,22,36,8
20181104,서울특별시,11,성북구,11290,경기도,41,24,308,39,49,124,61,122,64,232,548,234
20181104,서울특별시,11,성북구,11290,세종특별자치시,36,0,9,0,0,3,0,0,0,10,13,5
20181104,서울특별시,11,성북구,11290,울산광역시,31,0,20,4,4,6,6,8,7,22,44,8
20181104,서울특별시,11,서대문구,11410,전라북도,45,0,0,0,0,0,0,0,0,0,0,0
20181104,서울특별시,11,송파구,11710,경상북도,47,0,7,0,0,18,0,5,0,9,0,0
20181104,서울특별시,11,광진구,11215,서울특별시,11,0,0,0,0,0,0,91,0,0,0,0
20181104,서울특별시,11,광진구,11215,부산광역시,26,0,0,0,0,0,0,0,0,0,0,0
20181104,서울특별시,11,광진구,11215,대구광역시,27,0,0,0,0,0,0,0,0,0,0,0
20181104,서울특별시,11,송파구,11710,전라남도,46,0,7,0,0,12,0,0,0,7,0,0
20181104,서울특별시,11,송파구,11710,전라북도,45,0,4,0,0,5,0,0,0,0,0,0
20181104,서울특별시,11,송파구,11710,충청남도,44,0,6,0,0,3,0,0,0,4,0,0
20181104,서울특별시,11,송파구,11710,충청북도,43,0,0,0,0,12,0,0,0,0,0,0
20181104,서울특별시,11,송파구,11710,강원도,42,0,8,0,0,11,0,0,0,3,0,0
20181104,서울특별시,11,송파구,11710,경기도,41,0,54,0,0,4,0,72,0,3,0,0
20181104,서울특별시,11,송파구,11710,세종특별자치시,36,0,0,0,0,0,0,0,0,0,0,0
20181104,서울특별시,11,송파구,11710,울산광역시,31,0,0,0,0,0,0,0,0,0,0,0
20181104,서울특별시,11,송파구,11710,대전광역시,30,0,3,0,0,0,0,0,0,0,0,0
20181104,서울특별시,11,송파구,11710,광주광역시,29,0,0,0,0,0,0,0,0,0,0,0
20181104,서울특별시,11,송파구,11710,인천광역시,28,0,0,0,0,0,0,8,0,0,0,0
20181104,서울특별시,11,송파구,11710,대구광역시,27,0,0,0,0,0,0,0,0,0,0,0
20181104,서울특별시,11,양천구,11470,제주특별자치도,50,0,0,0,0,0,0,10,0,0,0,0
20181104,서울특별시,11,양천구,11470,경상남도,48,0,0,0,0,0,0,7,0,0,0,0
20181104,서울특별시,11,양천구,11470,경상북도,47,0,0,0,0,0,0,8,0,0,0,0
20181104,서울특별시,11,양천구,11470,전라남도,46,0,0,0,0,0,0,7,0,0,0,0
20181104,서울특별시,11,양천구,11470,전라북도,45,0,0,0,0,0,0,7,0,0,0,0
20181104,서울특별시,11,양천구,11470,충청남도,44,0,0,0,0,0,0,11,0,0,0,0
20181104,서울특별시,11,송파구,11710,부산광역시,26,0,0,0,0,0,0,0,0,0,0,0
20181104,서울특별시,11,송파구,11710,서울특별시,11,0,93,0,0,3,0,133,0,0,0,0
20181104,서울특별시,11,양천구,11470,충청북도,43,0,0,0,0,0,0,0,0,0,0,0
20181104,서울특별시,11,양천구,11470,강원도,42,0,0,0,0,0,0,5,0,0,0,0
20181104,서울특별시,11,양천구,11470,경기도,41,0,4,0,3,0,0,73,0,0,0,0
20181104,서울특별시,11,양천구,11470,세종특별자치시,36,0,0,0,0,0,0,0,0,0,0,0
20181104,서울특별시,11,양천구,11470,울산광역시,31,0,0,0,0,0,0,6,0,0,0,0
20181104,서울특별시,11,양천구,11470,대전광역시,30,0,3,0,0,0,0,13,0,0,0,0
20181104,서울특별시,11,양천구,11470,광주광역시,29,0,0,0,0,0,0,4,0,0,0,0
20181104,서울특별시,11,양천구,11470,인천광역시,28,0,0,0,0,0,0,14,0,0,0,0
20181104,서울특별시,11,양천구,11470,대구광역시,27,0,0,0,0,0,0,13,0,0,0,0
20181104,서울특별시,11,양천구,11470,부산광역시,26,0,4,0,0,0,0,22,0,0,0,0
20181104,서울특별시,11,양천구,11470,서울특별시,11,0,9,0,0,0,0,88,0,0,0,0
20181104,서울특별시,11,성북구,11290,대전광역시,30,0,27,7,3,5,4,3,9,31,72,23
20181104,서울특별시,11,강서구,11500,대전광역시,30,0,3,0,0,0,0,0,0,0,0,0
20181104,서울특별시,11,강서구,11500,울산광역시,31,0,4,0,0,0,0,0,0,0,0,0
20181104,서울특별시,11,강서구,11500,경기도,41,0,33,0,0,0,0,12,0,0,3,0
20181104,서울특별시,11,강서구,11500,강원도,42,0,0,0,0,0,0,11,0,0,0,0
20181104,서울특별시,11,동작구,11590,서울특별시,11,0,0,0,0,0,0,8,0,0,0,0
20181104,서울특별시,11,동작구,11590,인천광역시,28,0,0,0,0,0,0,0,0,0,0,0
20181104,서울특별시,11,동작구,11590,경기도,41,0,0,0,0,0,0,0,0,0,0,0
20181104,서울특별시,11,동작구,11590,충청북도,43,0,0,0,0,0,0,0,0,0,0,0
20181104,서울특별시,11,동작구,11590,전라남도,46,0,0,0,0,0,0,0,0,0,0,0
20181104,서울특별시,11,동작구,11590,경상남도,48,0,0,0,0,0,0,0,0,0,0,0
20181104,서울특별시,11,강서구,11500,충청북도,43,0,0,0,0,0,0,11,0,0,0,0
20181104,서울특별시,11,영등포구,11560,경상북도,47,0,0,0,0,0,0,0,0,0,0,0
20181104,서울특별시,11,영등포구,11560,강원도,42,0,0,0,0,0,0,0,0,0,0,0
20181104,서울특별시,11,영등포구,11560,경기도,41,0,0,0,0,0,0,3,0,3,0,0
20181104,서울특별시,11,영등포구,11560,울산광역시,31,0,0,0,0,0,0,0,0,0,0,0
20181104,서울특별시,11,영등포구,11560,인천광역시,28,0,0,0,0,0,0,0,0,0,0,0
20181104,서울특별시,11,영등포구,11560,서울특별시,11,0,0,0,0,0,0,24,0,0,0,0
20181104,서울특별시,11,종로구,11110,강원도,42,0,0,0,0,0,0,0,0,0,0,0
20181104,서울특별시,11,종로구,11110,경기도,41,0,0,0,0,0,0,0,0,0,0,0
20181104,서울특별시,11,종로구,11110,서울특별시,11,0,0,0,0,0,0,5,0,0,0,0
20181104,서울특별시,11,강서구,11500,충청남도,44,0,3,0,0,0,0,3,0,0,0,0
20181104,서울특별시,11,강서구,11500,전라북도,45,0,4,0,0,0,0,12,0,0,0,0
20181104,서울특별시,11,강서구,11500,전라남도,46,0,0,0,0,0,0,8,0,0,0,0
20181104,서울특별시,11,강서구,11500,경상북도,47,0,4,0,0,0,0,15,0,0,0,0
20181104,서울특별시,11,강서구,11500,경상남도,48,0,8,0,0,0,0,14,0,0,0,0
20181104,서울특별시,11,강서구,11500,제주특별자치도,50,0,3,0,0,0,0,0,0,0,0,0
20181104,서울특별시,11,성북구,11290,광주광역시,29,0,24,5,4,12,12,5,3,26,56,28
20181104,서울특별시,11,동대문구,11230,서울특별시,11,0,0,0,0,0,0,0,0,14,0,0
20181104,서울특별시,11,동대문구,11230,부산광역시,26,0,6,0,12,4,0,0,0,12,0,0
20181104,서울특별시,11,동대문구,11230,대구광역시,27,0,0,0,0,0,0,0,0,6,0,0
20181104,서울특별시,11,광진구,11215,인천광역시,28,0,0,0,0,0,0,0,0,0,0,0
20181104,서울특별시,11,중랑구,11260,서울특별시,11,0,36,0,0,4,11,4,3,76,28,4
20181104,서울특별시,11,중랑구,11260,부산광역시,26,0,0,0,0,0,0,0,0,0,0,0
20181104,서울특별시,11,중랑구,11260,대구광역시,27,0,4,0,0,0,3,0,0,27,8,0
20181104,서울특별시,11,중랑구,11260,인천광역시,28,0,3,0,0,0,7,0,0,50,9,0
20181104,서울특별시,11,중랑구,11260,광주광역시,29,0,0,0,0,0,0,0,0,0,0,0
20181104,서울특별시,11,동대문구,11230,인천광역시,28,0,0,0,0,0,0,0,0,0,0,0
20181104,서울특별시,11,동대문구,11230,광주광역시,29,0,6,0,3,3,0,3,0,3,0,0
20181104,서울특별시,11,동대문구,11230,대전광역시,30,0,0,0,0,0,0,0,0,3,0,0
20181104,서울특별시,11,동대문구,11230,울산광역시,31,0,3,0,0,7,0,0,0,4,0,0
20181104,서울특별시,11,동대문구,11230,경기도,41,0,0,0,0,0,0,0,0,18,0,0
20181104,서울특별시,11,동대문구,11230,강원도,42,0,0,0,0,0,0,3,0,0,0,0
20181104,서울특별시,11,동대문구,11230,충청북도,43,0,0,0,0,5,0,0,0,0,0,0
20181104,서울특별시,11,동대문구,11230,충청남도,44,0,0,0,0,0,0,0,0,4,0,0
20181104,서울특별시,11,동대문구,11230,전라북도,45,0,0,0,0,0,0,0,0,6,0,0
20181104,서울특별시,11,동대문구,11230,전라남도,46,0,0,0,3,5,0,0,0,8,0,0
20181104,서울특별시,11,동대문구,11230,경상북도,47,0,3,0,4,8,0,0,0,4,0,0
20181104,서울특별시,11,동대문구,11230,경상남도,48,0,0,0,11,7,0,0,0,11,0,0
20181104,서울특별시,11,동대문구,11230,제주특별자치도,50,0,0,0,0,0,0,0,0,0,0,0
20181104,서울특별시,11,성북구,11290,인천광역시,28,4,72,4,8,18,12,26,13,48,105,42
20181104,서울특별시,11,성북구,11290,대구광역시,27,4,52,6,9,13,9,9,8,53,83,36
20181104,서울특별시,11,성북구,11290,부산광역시,26,7,65,4,14,33,16,15,14,60,129,38
20181104,서울특별시,11,성북구,11290,서울특별시,11,15,292,40,45,112,46,97,55,271,432,226
20181104,서울특별시,11,강북구,11305,충청북도,43,0,0,0,0,0,0,0,0,0,0,0
20181104,서울특별시,11,강북구,11305,경기도,41,0,0,0,0,0,0,0,0,0,0,0
20181104,서울특별시,11,강동구,11740,서울특별시,11,0,3,0,0,6,0,10,0,0,0,0
20181104,서울특별시,11,강동구,11740,부산광역시,26,0,0,0,0,0,0,0,0,0,0,0
20181104,서울특별시,11,마포구,11440,서울특별시,11,0,3,0,0,0,0,29,0,0,0,0
20181104,서울특별시,11,마포구,11440,대구광역시,27,0,0,0,0,0,0,0,0,0,0,0
20181104,서울특별시,11,마포구,11440,인천광역시,28,0,0,0,0,0,0,0,0,0,0,0
20181104,서울특별시,11,용산구,11170,경상북도,47,0,0,0,0,0,0,0,0,0,0,0
20181104,서울특별시,11,용산구,11170,전라남도,46,0,0,0,0,0,0,0,0,0,0,0
20181104,서울특별시,11,용산구,11170,전라북도,45,0,0,0,0,0,0,0,0,0,0,0
20181104,서울특별시,11,용산구,11170,충청북도,43,0,0,0,0,0,0,0,0,0,0,0
20181104,서울특별시,11,용산구,11170,경기도,41,0,0,0,0,0,0,0,0,4,0,0
20181104,서울특별시,11,중랑구,11260,대전광역시,30,0,0,0,0,0,0,0,0,22,0,0
20181104,서울특별시,11,중랑구,11260,세종특별자치시,36,0,0,0,0,0,0,0,0,5,0,0
20181104,서울특별시,11,중랑구,11260,경기도,41,0,24,0,0,5,13,8,0,150,30,0
20181104,서울특별시,11,중랑구,11260,강원도,42,0,4,0,0,0,0,0,0,11,0,0
20181104,서울특별시,11,중랑구,11260,충청북도,43,0,3,0,0,0,0,0,0,12,0,0
20181104,서울특별시,11,중랑구,11260,충청남도,44,0,0,0,0,0,0,0,3,21,3,0
20181104,서울특별시,11,중랑구,11260,전라북도,45,0,0,0,0,0,0,0,0,17,5,0
20181104,서울특별시,11,중랑구,11260,전라남도,46,0,0,0,0,0,0,0,0,4,0,0
20181104,서울특별시,11,중랑구,11260,경상북도,47,0,3,0,0,0,0,0,0,18,3,4
20181104,서울특별시,11,중랑구,11260,경상남도,48,0,0,0,0,0,0,0,0,3,0,0
20181104,서울특별시,11,중랑구,11260,제주특별자치도,50,0,0,0,0,0,0,0,0,0,0,0
20181104,서울특별시,11,마포구,11440,대전광역시,30,0,0,0,0,0,0,0,0,0,0,0
20181104,서울특별시,11,마포구,11440,경기도,41,0,0,0,0,0,0,19,0,0,0,0
20181104,서울특별시,11,마포구,11440,경상북도,47,0,0,0,0,0,0,0,0,0,0,0
20181104,서울특별시,11,강동구,11740,대구광역시,27,0,0,0,0,0,0,0,0,0,0,0
20181104,서울특별시,11,광진구,11215,세종특별자치시,36,0,0,0,0,0,0,0,0,0,0,0
20181104,서울특별시,11,중구,11140,서울특별시,11,0,85,0,0,8,0,21,0,58,0,0
20181104,서울특별시,11,중구,11140,부산광역시,26,0,4,0,0,3,0,0,0,0,3,0
20181104,서울특별시,11,중구,11140,대구광역시,27,0,5,0,0,0,0,0,0,6,0,0
20181104,서울특별시,11,중구,11140,인천광역시,28,0,5,0,0,0,0,0,0,14,0,0
20181104,서울특별시,11,중구,11140,광주광역시,29,0,6,0,0,0,0,0,0,0,0,0
20181104,서울특별시,11,중구,11140,대전광역시,30,0,3,0,0,3,0,0,0,6,0,0
20181104,서울특별시,11,중구,11140,울산광역시,31,0,0,0,0,0,0,0,0,0,0,0
20181104,서울특별시,11,중구,11140,세종특별자치시,36,0,0,0,0,0,0,0,0,4,0,0
20181104,서울특별시,11,중구,11140,경기도,41,0,21,0,0,7,0,7,0,54,4,0
20181104,서울특별시,11,중구,11140,강원도,42,0,5,0,0,3,0,0,0,6,0,0
20181104,서울특별시,11,중구,11140,충청북도,43,0,5,0,0,0,0,0,0,3,3,0
20181104,서울특별시,11,중구,11140,충청남도,44,0,4,0,0,0,0,0,0,7,0,0
20181104,서울특별시,11,광진구,11215,경기도,41,0,0,0,0,0,0,45,0,0,0,0
20181104,서울특별시,11,광진구,11215,강원도,42,0,0,0,0,0,0,6,0,0,0,0
20181104,서울특별시,11,광진구,11215,충청남도,44,0,0,0,0,0,0,0,0,0,0,0
20181104,서울특별시,11,광진구,11215,전라북도,45,0,0,0,0,0,0,0,0,0,0,0
20181104,서울특별시,11,광진구,11215,경상남도,48,0,0,0,0,0,0,0,0,0,0,0
20181104,서울특별시,11,강동구,11740,인천광역시,28,0,0,0,0,3,0,0,0,0,0,0
20181104,서울특별시,11,용산구,11170,대전광역시,30,0,0,0,0,0,0,0,0,0,0,0
20181104,서울특별시,11,용산구,11170,인천광역시,28,0,0,0,0,0,0,0,0,0,0,0
20181104,서울특별시,11,용산구,11170,대구광역시,27,0,0,0,0,0,0,0,0,0,0,0
20181104,서울특별시,11,용산구,11170,부산광역시,26,0,0,0,0,0,0,0,0,0,0,0
20181104,서울특별시,11,용산구,11170,서울특별시,11,0,3,0,0,0,0,0,0,3,0,0
20181104,서울특별시,11,서대문구,11410,서울특별시,11,0,0,0,3,0,0,14,0,0,0,0
20181104,서울특별시,11,중구,11140,전라북도,45,0,3,0,0,0,0,0,0,6,0,0
20181104,서울특별시,11,중구,11140,전라남도,46,0,6,0,0,0,0,0,0,0,0,0
20181104,서울특별시,11,중구,11140,경상북도,47,0,5,0,0,0,0,0,0,6,0,0
20181104,서울특별시,11,강동구,11740,광주광역시,29,0,0,0,0,0,0,0,0,0,0,0
20181104,서울특별시,11,강동구,11740,대전광역시,30,0,0,0,0,0,0,0,0,0,0,0
20181104,서울특별시,11,강동구,11740,세종특별자치시,36,0,0,0,0,0,0,0,0,0,0,0
20181104,서울특별시,11,성동구,11200,서울특별시,11,0,31,0,0,0,0,5,0,0,0,0
20181104,서울특별시,11,노원구,11350,서울특별시,11,0,0,0,0,0,0,3,0,0,0,0
20181104,서울특별시,11,노원구,11350,경기도,41,0,3,0,0,0,0,3,0,0,0,0
20181104,서울특별시,11,서초구,11650,제주특별자치도,50,0,25,0,0,0,0,0,0,0,0,0
20181104,서울특별시,11,서초구,11650,경상남도,48,0,129,0,0,0,0,3,0,0,0,0
20181104,서울특별시,11,서초구,11650,경상북도,47,0,90,0,0,0,0,0,0,0,0,0
20181104,서울특별시,11,서초구,11650,전라남도,46,0,60,0,0,0,0,6,0,0,0,0
20181104,서울특별시,11,서초구,11650,전라북도,45,0,75,0,0,0,0,7,0,0,0,0
20181104,서울특별시,11,노원구,11350,강원도,42,0,0,0,0,0,0,0,0,0,0,0
20181104,서울특별시,11,노원구,11350,전라북도,45,0,0,0,0,0,0,0,0,0,0,0
20181104,서울특별시,11,노원구,11350,경상북도,47,0,0,0,0,0,0,0,0,0,0,0
20181104,서울특별시,11,서대문구,11410,경상남도,48,0,0,0,0,0,0,0,0,0,0,0
20181104,서울특별시,11,서대문구,11410,경상북도,47,0,0,0,0,0,0,0,0,0,0,0
20181104,서울특별시,11,서대문구,11410,전라남도,46,0,0,0,0,0,0,0,0,0,0,0
20181104,서울특별시,11,노원구,11350,경상남도,48,0,0,0,0,0,0,0,0,0,0,0
20181104,서울특별시,11,노원구,11350,제주특별자치도,50,0,0,0,0,0,0,0,0,0,0,0
20181104,서울특별시,11,성동구,11200,부산광역시,26,0,6,0,0,0,0,0,0,0,0,0
20181104,서울특별시,11,성동구,11200,대구광역시,27,0,3,0,0,0,0,0,0,0,0,0
20181104,서울특별시,11,성동구,11200,인천광역시,28,0,3,0,0,0,0,0,0,0,0,0
20181104,서울특별시,11,성동구,11200,광주광역시,29,0,0,0,0,0,0,0,0,0,0,0
20181104,서울특별시,11,성동구,11200,대전광역시,30,0,4,0,0,0,0,0,0,0,0,0
20181104,서울특별시,11,성동구,11200,울산광역시,31,0,0,0,0,0,0,0,0,0,0,0
20181104,서울특별시,11,성동구,11200,경기도,41,0,22,0,0,0,0,3,0,0,0,0
20181104,서울특별시,11,성동구,11200,강원도,42,0,4,0,0,0,0,0,0,0,0,0
20181104,서울특별시,11,성동구,11200,충청북도,43,0,0,0,0,0,0,0,0,0,0,0
20181104,서울특별시,11,성동구,11200,충청남도,44,0,6,0,0,0,0,0,0,0,0,0
20181104,서울특별시,11,성동구,11200,전라북도,45,0,0,0,0,0,0,0,0,0,0,0
20181104,서울특별시,11,성동구,11200,전라남도,46,0,0,0,0,0,0,0,0,0,0,0
20181104,서울특별시,11,성동구,11200,경상북도,47,0,0,0,0,0,0,0,0,0,0,0
20181104,서울특별시,11,성동구,11200,경상남도,48,0,0,0,0,0,0,0,0,0,0,0
20181104,서울특별시,11,강동구,11740,경기도,41,0,0,0,0,10,0,5,0,0,0,0
20181104,서울특별시,11,강동구,11740,강원도,42,0,0,0,0,0,0,0,0,0,0,0
20181104,서울특별시,11,강동구,11740,충청북도,43,0,0,0,0,0,0,0,0,0,0,0
20181104,서울특별시,11,강동구,11740,충청남도,44,0,0,0,0,0,0,0,0,0,0,0
20181104,서울특별시,11,강동구,11740,전라남도,46,0,0,0,0,3,0,0,0,0,0,0
20181104,서울특별시,11,강동구,11740,경상북도,47,0,0,0,0,0,0,0,0,0,0,0
20181104,서울특별시,11,강동구,11740,경상남도,48,0,0,0,0,4,0,0,0,0,0,0
20181104,서울특별시,11,강북구,11305,서울특별시,11,0,0,0,0,0,0,0,0,0,0,0
20181104,서울특별시,11,관악구,11620,경상북도,47,0,0,0,0,0,0,0,0,0,0,0
20181104,서울특별시,11,관악구,11620,경기도,41,0,0,0,0,0,0,0,0,0,0,0
20181104,서울특별시,11,관악구,11620,대전광역시,30,0,0,0,0,0,0,0,0,0,0,0
20181104,서울특별시,11,관악구,11620,서울특별시,11,0,0,0,0,0,0,0,0,0,0,0
20181104,서울특별시,11,구로구,11530,제주특별자치도,50,0,0,0,0,0,0,0,0,3,0,0
20181104,서울특별시,11,구로구,11530,경상남도,48,0,0,0,0,0,0,0,0,56,10,0
20181104,서울특별시,11,구로구,11530,경상북도,47,0,0,0,0,0,0,0,0,40,3,0
20181104,서울특별시,11,구로구,11530,전라남도,46,0,0,0,0,0,0,0,0,23,6,0
20181104,서울특별시,11,금천구,11545,서울특별시,11,44,55,0,35,112,0,77,10,6,7,3
20181104,서울특별시,11,금천구,11545,부산광역시,26,0,0,0,0,0,0,0,0,0,0,0
20181104,서울특별시,11,금천구,11545,대구광역시,27,0,0,0,0,0,0,0,0,0,0,0
20181104,서울특별시,11,금천구,11545,인천광역시,28,0,0,0,0,0,0,0,0,0,0,0
20181104,서울특별시,11,금천구,11545,광주광역시,29,0,0,0,0,0,0,0,0,0,0,0
20181104,서울특별시,11,금천구,11545,경기도,41,27,17,0,8,22,0,9,4,5,7,4
20181104,서울특별시,11,금천구,11545,강원도,42,0,0,0,0,3,0,0,0,0,0,0
20181104,서울특별시,11,금천구,11545,충청북도,43,0,0,0,0,0,0,0,0,0,0,0
20181104,서울특별시,11,금천구,11545,충청남도,44,0,0,0,0,0,0,0,0,0,0,0
20181104,서울특별시,11,금천구,11545,전라북도,45,0,0,0,0,0,0,0,0,0,0,0
20181104,서울특별시,11,금천구,11545,전라남도,46,0,0,0,0,0,0,0,0,0,0,0
20181104,서울특별시,11,금천구,11545,경상북도,47,0,0,0,0,0,0,0,0,0,0,0
20181104,서울특별시,11,금천구,11545,경상남도,48,0,0,0,0,0,0,0,0,0,0,0
20181104,서울특별시,11,금천구,11545,제주특별자치도,50,0,0,0,0,0,0,0,0,0,0,0
20181104,서울특별시,11,서초구,11650,충청남도,44,0,73,3,0,0,0,3,0,0,0,0
20181104,서울특별시,11,서초구,11650,충청북도,43,0,57,0,0,0,0,0,0,0,0,0
20181104,서울특별시,11,서초구,11650,강원도,42,0,47,0,0,0,0,0,0,0,0,0
20181104,서울특별시,11,서초구,11650,경기도,41,0,877,6,0,9,0,118,0,0,0,3
20181104,서울특별시,11,서초구,11650,세종특별자치시,36,0,16,0,0,0,0,0,0,0,0,0
20181104,서울특별시,11,중구,11140,경상남도,48,0,3,0,0,0,0,0,0,0,0,0
20181104,서울특별시,11,중구,11140,제주특별자치도,50,0,0,0,0,0,0,0,0,0,0,0
20181104,서울특별시,11,구로구,11530,전라북도,45,0,0,0,0,0,0,0,0,26,4,0
20181104,서울특별시,11,구로구,11530,충청남도,44,0,0,0,0,3,0,0,0,42,5,0
20181104,서울특별시,11,구로구,11530,충청북도,43,0,0,0,0,0,0,0,0,23,3,0
20181104,서울특별시,11,구로구,11530,강원도,42,0,0,0,0,0,0,0,0,25,0,0
20181104,서울특별시,11,구로구,11530,경기도,41,0,3,0,0,0,0,0,0,165,17,0
20181104,서울특별시,11,구로구,11530,세종특별자치시,36,0,0,0,0,0,0,0,0,10,0,0
20181104,서울특별시,11,구로구,11530,울산광역시,31,0,0,0,0,0,0,0,0,20,0,0
20181104,서울특별시,11,도봉구,11320,제주특별자치도,50,0,0,0,0,0,0,0,0,0,0,0
20181104,서울특별시,11,도봉구,11320,경상남도,48,0,13,0,0,0,0,0,0,61,47,0
20181104,서울특별시,11,서대문구,11410,충청북도,43,0,0,0,0,0,0,0,0,0,0,0
20181104,서울특별시,11,서대문구,11410,강원도,42,0,0,0,0,0,0,0,0,0,0,0
20181104,서울특별시,11,서대문구,11410,경기도,41,0,0,0,0,0,0,3,0,0,0,0
20181104,서울특별시,11,서대문구,11410,세종특별자치시,36,0,0,0,0,0,0,0,0,0,0,0
20181104,서울특별시,11,구로구,11530,대전광역시,30,0,0,0,0,0,0,0,0,13,0,0
20181104,서울특별시,11,구로구,11530,광주광역시,29,0,0,0,0,0,0,0,0,30,11,0
20181104,서울특별시,11,서초구,11650,울산광역시,31,0,56,0,0,0,0,7,0,0,0,0
20181104,서울특별시,11,서초구,11650,대전광역시,30,0,99,0,0,0,0,4,0,0,0,0
20181104,서울특별시,11,서초구,11650,광주광역시,29,0,81,0,0,0,0,47,0,0,0,0
20181104,서울특별시,11,서초구,11650,인천광역시,28,0,89,3,0,0,0,9,0,0,0,0
20181104,서울특별시,11,서초구,11650,대구광역시,27,0,149,0,0,0,0,0,0,0,0,0
20181104,서울특별시,11,서초구,11650,부산광역시,26,0,172,0,0,0,0,12,0,0,0,0
20181104,서울특별시,11,서초구,11650,서울특별시,11,0,777,0,0,32,0,352,3,0,0,0
20181104,서울특별시,11,구로구,11530,인천광역시,28,0,0,0,0,0,0,0,0,41,8,0
20181104,서울특별시,11,구로구,11530,대구광역시,27,0,0,0,0,0,0,0,0,33,6,0
20181104,서울특별시,11,구로구,11530,부산광역시,26,0,0,0,0,0,0,0,0,41,5,0
20181104,서울특별시,11,구로구,11530,서울특별시,11,0,0,0,0,0,0,8,0,125,9,0
20181104,서울특별시,11,강남구,11680,제주특별자치도,50,0,0,0,0,0,0,3,0,0,0,9
20181104,서울특별시,11,강남구,11680,경상남도,48,0,3,0,0,0,0,17,0,0,0,132
20181104,서울특별시,11,강남구,11680,경상북도,47,0,0,0,0,0,0,19,0,0,0,60
20181104,서울특별시,11,강남구,11680,전라남도,46,0,0,0,0,0,0,17,0,0,0,60
20181104,서울특별시,11,강남구,11680,전라북도,45,0,0,0,0,0,0,24,0,0,0,61
20181104,서울특별시,11,강남구,11680,충청남도,44,0,0,0,0,0,0,21,0,0,0,68
20181104,서울특별시,11,강남구,11680,충청북도,43,0,0,0,0,0,0,3,0,0,0,73
20181104,서울특별시,11,강남구,11680,강원도,42,0,0,0,0,0,0,24,0,0,0,60
20181104,서울특별시,11,강남구,11680,경기도,41,0,7,0,0,0,0,93,0,8,0,758
20181104,서울특별시,11,강남구,11680,세종특별자치시,36,0,0,0,0,0,0,0,0,0,0,19
20181104,서울특별시,11,강남구,11680,울산광역시,31,0,0,0,0,0,0,9,0,0,0,39
20181104,서울특별시,11,강남구,11680,대전광역시,30,0,0,0,0,0,0,9,0,0,0,75
20181104,서울특별시,11,강남구,11680,광주광역시,29,0,0,0,0,0,0,22,0,0,0,71
20181104,서울특별시,11,강남구,11680,인천광역시,28,0,0,0,0,0,0,14,0,3,0,147
20181104,서울특별시,11,강남구,11680,대구광역시,27,0,0,0,0,0,0,29,0,4,0,127
20181104,서울특별시,11,강남구,11680,부산광역시,26,0,4,0,0,0,0,32,0,0,0,124
20181105,서울특별시,11,광진구,11215,인천광역시,28,92,316,27,405,464,91,136,63,650,258,239
20181105,서울특별시,11,광진구,11215,대구광역시,27,65,224,16,313,343,95,98,44,484,193,161
20181105,서울특별시,11,광진구,11215,부산광역시,26,97,336,12,463,485,123,152,87,661,260,282
20181105,서울특별시,11,광진구,11215,서울특별시,11,307,1287,129,1795,1857,389,667,245,2486,1003,1036
20181105,서울특별시,11,관악구,11620,제주특별자치도,50,13,71,5,33,65,3,14,22,86,17,42
20181105,서울특별시,11,관악구,11620,경상남도,48,425,529,48,251,408,35,73,184,649,129,407
20181105,서울특별시,11,관악구,11620,경상북도,47,207,414,27,224,284,31,57,77,445,107,316
20181105,서울특별시,11,관악구,11620,전라남도,46,152,258,12,108,204,16,36,53,247,72,201
20181105,서울특별시,11,관악구,11620,전라북도,45,187,284,30,121,208,24,41,49,346,73,207
20181105,서울특별시,11,관악구,11620,충청남도,44,197,379,24,188,303,24,79,79,456,93,270
20181105,서울특별시,11,관악구,11620,충청북도,43,138,243,33,138,241,19,55,45,353,75,208
20181105,서울특별시,11,관악구,11620,강원도,42,49,224,26,134,218,14,66,64,303,58,201
20181105,서울특별시,11,관악구,11620,경기도,41,627,2161,244,1192,2074,212,433,457,3395,622,1869
20181105,서울특별시,11,관악구,11620,세종특별자치시,36,18,59,9,31,52,5,6,28,88,13,60
20181105,서울특별시,11,관악구,11620,울산광역시,31,233,207,8,76,141,12,42,63,233,38,155
20181105,서울특별시,11,관악구,11620,대전광역시,30,165,269,35,147,247,12,50,63,345,70,218
20181105,서울특별시,11,관악구,11620,광주광역시,29,127,236,31,118,193,18,48,64,365,69,221
20181105,서울특별시,11,관악구,11620,인천광역시,28,151,455,35,270,415,32,100,85,642,120,432
20181105,서울특별시,11,관악구,11620,대구광역시,27,425,332,55,213,326,33,62,83,505,101,337
20181105,서울특별시,11,관악구,11620,부산광역시,26,835,479,91,276,475,37,86,109,720,150,468
20181105,서울특별시,11,동작구,11590,대전광역시,30,88,163,39,88,132,22,80,13,143,101,186
20181105,서울특별시,11,동작구,11590,울산광역시,31,64,100,20,67,100,21,53,14,94,100,128
20181105,서울특별시,11,동작구,11590,세종특별자치시,36,22,34,4,21,38,3,14,5,25,23,33
20181105,서울특별시,11,동작구,11590,경기도,41,838,1345,279,922,1225,266,704,185,1407,999,1583
20181105,서울특별시,11,동작구,11590,강원도,42,65,155,27,87,109,30,66,10,113,80,130
20181105,서울특별시,11,동작구,11590,충청북도,43,103,143,38,98,111,25,79,22,144,90,174
20181105,서울특별시,11,동작구,11590,충청남도,44,125,211,35,137,169,38,98,28,199,156,187
20181105,서울특별시,11,동작구,11590,전라북도,45,81,147,34,77,125,24,80,37,147,93,165
20181105,서울특별시,11,동작구,11590,전라남도,46,78,140,26,92,140,17,60,32,110,73,140
20181105,서울특별시,11,동작구,11590,경상북도,47,131,228,42,138,189,44,118,29,157,129,234
20181105,서울특별시,11,동작구,11590,경상남도,48,165,311,43,177,251,62,140,43,235,190,315
20181105,서울특별시,11,동작구,11590,제주특별자치도,50,21,49,7,22,39,6,12,0,47,25,32
20181105,서울특별시,11,관악구,11620,서울특별시,11,706,1507,418,892,1565,161,332,241,2747,499,1505
20181105,서울특별시,11,구로구,11530,서울특별시,11,179,2255,211,1029,2560,332,1820,208,2301,577,1912
20181105,서울특별시,11,구로구,11530,부산광역시,26,80,624,56,282,765,111,667,56,522,195,555
20181105,서울특별시,11,구로구,11530,대구광역시,27,38,451,41,192,498,79,462,43,393,141,389
20181105,서울특별시,11,구로구,11530,인천광역시,28,77,609,31,280,707,96,544,61,562,163,504
20181105,서울특별시,11,구로구,11530,광주광역시,29,30,273,23,98,323,39,366,34,259,96,216
20181105,서울특별시,11,강남구,11680,경기도,41,430,3718,316,2028,2818,323,2647,509,5099,1984,4584
20181105,서울특별시,11,강남구,11680,강원도,42,41,311,49,172,232,31,287,57,423,209,478
20181105,서울특별시,11,강남구,11680,충청북도,43,58,407,36,217,285,34,283,68,533,205,414
20181105,서울특별시,11,강남구,11680,충청남도,44,63,454,34,265,410,53,347,71,658,219,587
20181105,서울특별시,11,강남구,11680,전라북도,45,34,324,29,222,260,33,232,58,467,191,455
20181105,서울특별시,11,강남구,11680,전라남도,46,34,301,23,171,251,16,214,36,400,157,404
20181105,서울특별시,11,강남구,11680,제주특별자치도,50,17,149,13,56,72,11,106,20,226,78,128
20181105,서울특별시,11,강서구,11500,광주광역시,29,48,344,76,194,408,38,308,70,745,279,344
20181105,서울특별시,11,강서구,11500,대전광역시,30,60,332,74,218,389,40,333,49,704,243,348
20181105,서울특별시,11,강서구,11500,울산광역시,31,39,293,30,168,272,53,241,48,551,209,260
20181105,서울특별시,11,강서구,11500,세종특별자치시,36,14,83,10,60,101,10,65,24,146,46,77
20181105,서울특별시,11,강서구,11500,경기도,41,547,3183,454,1922,4054,500,3392,592,6665,2475,3036
20181105,서울특별시,11,강서구,11500,강원도,42,49,304,46,168,459,76,317,57,706,240,339
20181105,서울특별시,11,강서구,11500,충청북도,43,50,364,58,163,429,60,350,79,811,273,324
20181105,서울특별시,11,강남구,11680,경상남도,48,72,692,49,333,552,50,554,102,827,368,914
20181105,서울특별시,11,강남구,11680,경상북도,47,65,511,65,302,353,54,426,76,653,318,695
20181105,서울특별시,11,강서구,11500,인천광역시,28,128,711,94,364,835,98,745,116,1418,549,668
20181105,서울특별시,11,강서구,11500,대구광역시,27,104,545,85,288,629,75,556,104,1105,431,474
20181105,서울특별시,11,강서구,11500,부산광역시,26,116,734,102,439,843,104,865,116,1478,610,720
20181105,서울특별시,11,강서구,11500,서울특별시,11,454,2649,441,1707,3135,322,2881,437,4677,1956,2445
20181105,서울특별시,11,성북구,11290,서울특별시,11,406,4230,422,2754,3508,668,2308,706,17496,7388,3184
20181105,서울특별시,11,성북구,11290,부산광역시,26,115,1216,77,653,945,180,735,247,5388,2304,960
20181105,서울특별시,11,성북구,11290,대구광역시,27,63,869,47,469,631,154,480,191,3922,1628,731
20181105,서울특별시,11,성북구,11290,인천광역시,28,108,1182,82,684,953,188,601,259,5265,2071,892
20181105,서울특별시,11,성북구,11290,광주광역시,29,50,620,27,344,443,80,249,108,2904,1265,450
20181105,서울특별시,11,강동구,11740,제주특별자치도,50,15,35,10,26,68,15,38,5,95,24,19
20181105,서울특별시,11,강동구,11740,경상남도,48,184,351,109,142,481,69,399,58,700,156,205
20181105,서울특별시,11,강동구,11740,경상북도,47,177,284,107,125,384,54,324,29,456,109,153
20181105,서울특별시,11,강동구,11740,전라남도,46,93,144,71,72,244,36,174,21,321,57,63
20181105,서울특별시,11,강동구,11740,전라북도,45,113,269,47,73,234,32,252,29,387,76,98
20181105,서울특별시,11,강동구,11740,충청남도,44,117,470,86,102,368,52,264,37,502,121,133
20181105,서울특별시,11,강동구,11740,충청북도,43,124,376,63,77,241,29,217,33,416,67,81
20181105,서울특별시,11,강동구,11740,강원도,42,92,221,63,69,268,31,244,18,328,81,80
20181105,서울특별시,11,강동구,11740,경기도,41,1111,1876,553,752,2387,355,1928,240,3706,792,839
20181105,서울특별시,11,강동구,11740,세종특별자치시,36,20,66,37,14,43,11,69,7,72,21,16
20181105,서울특별시,11,강동구,11740,울산광역시,31,60,136,44,58,154,23,183,23,264,48,71
20181105,서울특별시,11,강동구,11740,대전광역시,30,128,253,48,70,239,35,187,18,365,75,101
20181105,서울특별시,11,강동구,11740,광주광역시,29,132,160,36,72,217,31,173,31,344,66,96
20181105,서울특별시,11,강동구,11740,인천광역시,28,245,387,161,177,548,60,418,44,755,164,189
20181105,서울특별시,11,강동구,11740,대구광역시,27,144,274,105,101,332,54,333,35,547,118,157
20181105,서울특별시,11,강동구,11740,부산광역시,26,209,359,118,135,502,76,465,58,821,169,233
20181105,서울특별시,11,강동구,11740,서울특별시,11,937,1423,565,622,1802,261,1891,181,2870,738,706
20181105,서울특별시,11,강서구,11500,충청남도,44,96,437,57,285,596,59,479,64,1024,364,419
20181105,서울특별시,11,강서구,11500,전라북도,45,50,289,73,198,415,68,382,49,814,288,331
20181105,서울특별시,11,강서구,11500,전라남도,46,42,294,36,137,345,50,325,47,727,209,300
20181105,서울특별시,11,강서구,11500,경상북도,47,86,491,59,270,750,85,501,91,1129,379,553
20181105,서울특별시,11,강서구,11500,경상남도,48,129,607,89,372,764,103,743,127,1514,491,636
20181105,서울특별시,11,강서구,11500,제주특별자치도,50,15,86,16,45,133,11,91,12,266,76,68
20181105,서울특별시,11,은평구,11380,제주특별자치도,50,4,46,0,13,34,23,28,4,183,43,30
20181105,서울특별시,11,은평구,11380,경상남도,48,80,342,50,86,292,117,158,38,1063,263,266
20181105,서울특별시,11,은평구,11380,경상북도,47,44,275,43,73,223,109,110,36,798,188,203
20181105,서울특별시,11,은평구,11380,전라남도,46,30,167,21,41,131,45,74,15,564,131,135
20181105,서울특별시,11,은평구,11380,전라북도,45,25,197,33,63,165,67,75,18,550,140,134
20181105,서울특별시,11,은평구,11380,충청남도,44,36,248,45,67,217,85,118,20,744,206,182
20181105,서울특별시,11,은평구,11380,충청북도,43,24,194,39,65,154,50,60,20,608,146,127
20181105,서울특별시,11,은평구,11380,강원도,42,39,177,25,49,145,56,88,14,497,120,141
20181105,서울특별시,11,은평구,11380,경기도,41,317,1699,253,522,1635,593,735,173,5038,1238,1187
20181105,서울특별시,11,은평구,11380,세종특별자치시,36,9,45,5,13,42,15,18,0,96,23,25
20181105,서울특별시,11,은평구,11380,울산광역시,31,14,114,16,53,121,47,51,19,416,95,97
20181105,서울특별시,11,은평구,11380,대전광역시,30,26,169,21,62,171,62,70,17,483,141,145
20181105,서울특별시,11,은평구,11380,광주광역시,29,33,163,31,50,132,72,85,20,536,119,127
20181105,서울특별시,11,은평구,11380,인천광역시,28,60,315,53,101,361,111,178,21,1130,260,265
20181105,서울특별시,11,은평구,11380,대구광역시,27,51,285,44,102,272,107,100,21,743,184,187
20181105,서울특별시,11,동대문구,11230,제주특별자치도,50,50,129,6,42,88,14,115,19,280,67,17
20181105,서울특별시,11,동대문구,11230,경상남도,48,194,904,39,273,714,171,943,125,1830,403,281
20181105,서울특별시,11,성북구,11290,대전광역시,30,61,577,29,370,472,91,293,134,2654,1118,385
20181105,서울특별시,11,성북구,11290,울산광역시,31,32,418,20,262,309,84,211,102,1913,764,364
20181105,서울특별시,11,성북구,11290,세종특별자치시,36,17,132,15,97,99,27,77,41,658,262,89
20181105,서울특별시,11,성북구,11290,경기도,41,502,5283,408,3424,4415,804,2860,1158,22776,9672,4028
20181105,서울특별시,11,성북구,11290,강원도,42,67,570,32,311,399,108,266,105,2448,981,388
20181105,서울특별시,11,성북구,11290,충청북도,43,60,589,37,381,469,97,270,141,2691,1040,464
20181105,서울특별시,11,성북구,11290,충청남도,44,79,817,38,507,655,138,383,218,3757,1422,646
20181105,서울특별시,11,은평구,11380,부산광역시,26,59,341,49,106,352,126,197,40,1130,277,296
20181105,서울특별시,11,은평구,11380,서울특별시,11,249,1263,172,470,1217,471,677,154,3481,912,1001
20181105,서울특별시,11,동대문구,11230,경상북도,47,154,680,47,232,588,115,756,88,1391,341,176
20181105,서울특별시,11,동대문구,11230,전라남도,46,94,396,32,136,340,85,490,60,870,194,122
20181105,서울특별시,11,동대문구,11230,전라북도,45,104,462,29,135,387,81,461,49,982,236,156
20181105,서울특별시,11,동대문구,11230,충청남도,44,144,652,31,210,579,115,639,76,1305,284,191
20181105,서울특별시,11,동대문구,11230,충청북도,43,114,413,29,160,404,77,492,75,952,229,140
20181105,서울특별시,11,동대문구,11230,강원도,42,125,447,26,137,384,65,446,35,866,215,128
20181105,서울특별시,11,동대문구,11230,경기도,41,1104,4182,286,1400,3335,709,4119,522,8651,2020,1237
20181105,서울특별시,11,동대문구,11230,세종특별자치시,36,20,101,8,42,89,15,85,9,187,57,21
20181105,서울특별시,11,동대문구,11230,대전광역시,30,98,470,26,158,373,78,432,56,978,256,173
20181105,서울특별시,11,동대문구,11230,울산광역시,31,58,322,19,96,268,59,375,41,760,172,113
20181105,서울특별시,11,동대문구,11230,광주광역시,29,93,437,25,135,363,73,460,60,1019,244,151
20181105,서울특별시,11,동대문구,11230,인천광역시,28,225,934,52,342,671,179,930,122,1951,437,219
20181105,서울특별시,11,동대문구,11230,대구광역시,27,188,602,48,184,489,118,690,82,1436,382,182
20181105,서울특별시,11,동대문구,11230,부산광역시,26,245,901,76,320,642,135,1047,107,2011,412,256
20181105,서울특별시,11,동대문구,11230,서울특별시,11,946,2935,209,1103,2240,511,2999,322,6501,1708,1048
20181105,서울특별시,11,중구,11140,제주특별자치도,50,18,138,17,39,128,30,31,12,256,76,28
20181105,서울특별시,11,중구,11140,경상남도,48,91,585,58,116,621,118,212,92,1629,406,158
20181105,서울특별시,11,중구,11140,경상북도,47,91,462,60,88,450,81,132,55,1255,348,127
20181105,서울특별시,11,중구,11140,전라남도,46,41,318,23,54,308,51,89,39,746,179,77
20181105,서울특별시,11,중구,11140,전라북도,45,51,345,26,51,307,63,94,57,939,238,68
20181105,서울특별시,11,중구,11140,충청남도,44,77,432,42,65,445,86,146,77,1180,304,109
20181105,서울특별시,11,중구,11140,충청북도,43,66,349,53,48,301,45,130,42,813,220,75
20181105,서울특별시,11,중구,11140,강원도,42,61,350,26,61,384,66,132,42,803,197,76
20181105,서울특별시,11,중구,11140,경기도,41,489,3128,316,592,3112,539,1031,363,8175,2075,662
20181105,서울특별시,11,중구,11140,세종특별자치시,36,21,71,9,12,89,12,23,9,217,58,15
20181105,서울특별시,11,중구,11140,울산광역시,31,50,248,17,39,195,45,69,40,611,138,70
20181105,서울특별시,11,중구,11140,대전광역시,30,46,355,25,67,355,57,121,46,914,250,79
20181105,서울특별시,11,중구,11140,광주광역시,29,44,379,32,61,301,62,98,50,1001,244,106
20181105,서울특별시,11,중구,11140,인천광역시,28,98,538,56,113,643,79,244,79,1728,451,152
20181105,서울특별시,11,중구,11140,대구광역시,27,63,576,68,89,438,83,126,66,1452,363,155
20181105,서울특별시,11,중구,11140,부산광역시,26,88,758,85,125,648,113,225,97,1861,469,199
20181105,서울특별시,11,노원구,11350,서울특별시,11,318,1504,102,409,898,141,582,231,2353,610,413
20181105,서울특별시,11,노원구,11350,부산광역시,26,80,343,30,65,192,35,131,68,600,198,95
20181105,서울특별시,11,노원구,11350,대구광역시,27,36,249,14,49,148,35,77,35,434,143,64
20181105,서울특별시,11,노원구,11350,인천광역시,28,71,401,22,55,208,45,113,61,580,177,99
20181105,서울특별시,11,노원구,11350,광주광역시,29,26,159,11,34,85,23,51,25,303,74,38
20181105,서울특별시,11,노원구,11350,대전광역시,30,31,192,12,47,100,17,46,39,340,75,50
20181105,서울특별시,11,노원구,11350,울산광역시,31,26,137,4,20,57,12,34,19,196,52,23
20181105,서울특별시,11,노원구,11350,세종특별자치시,36,15,41,3,7,13,5,13,10,77,9,5
20181105,서울특별시,11,노원구,11350,경기도,41,344,1708,108,466,1057,153,630,277,3056,746,516
20181105,서울특별시,11,노원구,11350,강원도,42,30,179,10,29,100,15,60,27,283,65,53
20181105,서울특별시,11,노원구,11350,충청북도,43,46,197,14,43,113,12,46,34,316,72,58
20181105,서울특별시,11,노원구,11350,충청남도,44,45,264,11,46,148,24,72,37,429,115,79
20181105,서울특별시,11,노원구,11350,전라북도,45,24,163,8,31,103,11,51,24,385,70,48
20181105,서울특별시,11,노원구,11350,전라남도,46,21,173,13,26,105,22,51,28,270,77,44
20181105,서울특별시,11,노원구,11350,경상북도,47,46,234,11,51,154,40,74,39,406,130,80
20181105,서울특별시,11,노원구,11350,경상남도,48,79,324,20,54,181,33,97,74,597,132,106
20181105,서울특별시,11,노원구,11350,제주특별자치도,50,8,34,0,5,19,4,17,7,98,15,15
20181105,서울특별시,11,중구,11140,서울특별시,11,423,3022,369,569,2559,392,911,248,7075,1918,622
20181105,서울특별시,11,영등포구,11560,서울특별시,11,137,3391,510,4206,1720,145,2307,107,1400,616,1115
20181105,서울특별시,11,영등포구,11560,부산광역시,26,27,1136,168,1171,510,54,702,36,339,167,357
20181105,서울특별시,11,영등포구,11560,대구광역시,27,32,798,98,816,345,36,446,21,274,116,216
20181105,서울특별시,11,성북구,11290,전라북도,45,42,586,22,341,473,89,280,128,2825,1133,458
20181105,서울특별시,11,성북구,11290,전라남도,46,61,603,24,288,450,77,266,114,2523,1004,429
20181105,서울특별시,11,성북구,11290,경상북도,47,85,932,38,497,674,132,435,202,3985,1602,705
20181105,서울특별시,11,성북구,11290,경상남도,48,121,1195,78,580,901,192,632,263,5295,2095,882
20181105,서울특별시,11,성북구,11290,제주특별자치도,50,7,184,15,103,96,26,69,35,890,333,99
20181105,서울특별시,11,영등포구,11560,인천광역시,28,51,916,89,1128,423,45,582,36,318,143,303
20181105,서울특별시,11,서대문구,11410,서울특별시,11,61,857,104,168,1851,67,804,128,1579,386,793
20181105,서울특별시,11,서대문구,11410,부산광역시,26,10,235,50,46,546,14,286,38,371,110,262
20181105,서울특별시,11,서대문구,11410,대구광역시,27,11,120,3,33,345,7,235,22,276,76,170
20181105,서울특별시,11,서대문구,11410,인천광역시,28,18,220,91,43,565,22,239,45,368,90,231
20181105,서울특별시,11,서대문구,11410,광주광역시,29,8,95,7,13,255,7,110,14,198,38,104
20181105,서울특별시,11,서대문구,11410,대전광역시,30,7,91,5,31,266,9,85,37,184,58,158
20181105,서울특별시,11,서대문구,11410,울산광역시,31,4,46,0,16,161,5,119,17,124,30,93
20181105,서울특별시,11,서대문구,11410,세종특별자치시,36,0,15,0,0,65,3,20,6,28,22,30
20181105,서울특별시,11,서대문구,11410,경기도,41,65,1015,88,220,2562,122,946,173,1916,467,1074
20181105,서울특별시,11,서대문구,11410,강원도,42,10,60,17,16,290,8,106,16,182,42,130
20181105,서울특별시,11,서대문구,11410,충청북도,43,6,87,19,17,310,6,130,16,212,46,152
20181105,서울특별시,11,서대문구,11410,충청남도,44,14,132,6,28,413,17,153,35,244,84,177
20181105,서울특별시,11,서대문구,11410,전라북도,45,7,90,3,16,311,7,152,19,227,48,138
20181105,서울특별시,11,서대문구,11410,전라남도,46,10,72,3,21,285,8,118,21,168,37,107
20181105,서울특별시,11,서대문구,11410,경상북도,47,3,139,10,21,420,12,196,21,267,77,183
20181105,서울특별시,11,서대문구,11410,경상남도,48,10,166,13,34,546,12,264,38,361,86,232
20181105,서울특별시,11,서대문구,11410,제주특별자치도,50,3,22,0,3,61,0,18,0,60,11,35
20181105,서울특별시,11,도봉구,11320,서울특별시,11,205,3088,686,3500,1191,198,1427,278,2011,1710,2318
20181105,서울특별시,11,도봉구,11320,부산광역시,26,55,689,153,848,308,58,415,74,596,523,736
20181105,서울특별시,11,도봉구,11320,대구광역시,27,55,528,136,609,232,33,247,76,483,391,552
20181105,서울특별시,11,도봉구,11320,인천광역시,28,47,707,91,818,306,56,297,98,580,516,696
20181105,서울특별시,11,성동구,11200,서울특별시,11,162,3471,327,1011,1381,385,1534,307,4447,1473,897
20181105,서울특별시,11,성동구,11200,부산광역시,26,49,788,101,246,423,117,379,89,1192,281,255
20181105,서울특별시,11,성동구,11200,대구광역시,27,40,618,95,176,289,80,264,79,797,239,180
20181105,서울특별시,11,성동구,11200,인천광역시,28,42,737,87,248,353,101,347,96,1102,265,172
20181105,서울특별시,11,성동구,11200,광주광역시,29,15,380,39,95,160,60,157,39,558,140,87
20181105,서울특별시,11,성동구,11200,대전광역시,30,21,371,46,121,199,31,151,50,550,136,99
20181105,서울특별시,11,도봉구,11320,광주광역시,29,36,388,92,431,126,24,155,50,319,328,377
20181105,서울특별시,11,도봉구,11320,대전광역시,30,29,366,90,405,132,24,168,42,301,257,384
20181105,서울특별시,11,도봉구,11320,울산광역시,31,18,238,61,273,110,21,81,33,236,213,282
20181105,서울특별시,11,도봉구,11320,세종특별자치시,36,12,77,12,71,39,6,38,12,67,73,91
20181105,서울특별시,11,도봉구,11320,경기도,41,311,3344,837,3635,1452,234,1719,434,3010,2361,3101
20181105,서울특별시,11,도봉구,11320,강원도,42,23,363,46,401,198,25,162,46,293,245,346
20181105,서울특별시,11,도봉구,11320,충청북도,43,29,387,76,386,156,30,161,49,344,258,367
20181105,서울특별시,11,도봉구,11320,충청남도,44,41,453,82,557,191,36,210,64,451,392,474
20181105,서울특별시,11,도봉구,11320,전라북도,45,12,376,91,418,149,24,151,48,364,279,354
20181105,서울특별시,11,도봉구,11320,전라남도,46,28,297,70,335,141,27,142,45,301,272,379
20181105,서울특별시,11,도봉구,11320,경상북도,47,42,486,132,573,236,42,265,73,531,408,583
20181105,서울특별시,11,도봉구,11320,경상남도,48,60,626,155,728,290,48,330,99,714,513,706
20181105,서울특별시,11,도봉구,11320,제주특별자치도,50,4,99,33,107,42,8,41,12,81,59,74
20181105,서울특별시,11,중랑구,11260,제주특별자치도,50,18,91,7,47,106,9,26,25,264,80,53
20181105,서울특별시,11,중랑구,11260,경상남도,48,194,611,82,599,1016,96,296,287,2243,708,459
20181105,서울특별시,11,중랑구,11260,경상북도,47,149,499,57,472,710,91,215,199,1624,537,387
20181105,서울특별시,11,구로구,11530,대전광역시,30,19,297,30,177,379,50,289,29,288,83,246
20181105,서울특별시,11,마포구,11440,제주특별자치도,50,14,117,31,63,83,7,41,12,151,104,25
20181105,서울특별시,11,마포구,11440,경상남도,48,93,749,156,443,866,39,662,169,683,575,188
20181105,서울특별시,11,마포구,11440,경상북도,47,61,552,178,332,612,32,475,148,498,485,156
20181105,서울특별시,11,마포구,11440,전라남도,46,38,338,121,214,400,18,268,82,321,263,88
20181105,서울특별시,11,마포구,11440,전라북도,45,41,378,86,259,454,21,302,82,438,356,95
20181105,서울특별시,11,마포구,11440,충청남도,44,54,489,188,350,584,33,368,118,518,429,143
20181105,서울특별시,11,마포구,11440,충청북도,43,59,377,65,269,463,19,294,90,386,315,108
20181105,서울특별시,11,마포구,11440,강원도,42,50,350,104,221,340,19,215,68,363,283,109
20181105,서울특별시,11,마포구,11440,경기도,41,395,3774,779,2527,3902,248,2563,825,3761,2799,1056
20181105,서울특별시,11,마포구,11440,세종특별자치시,36,11,86,22,60,78,4,71,16,86,72,32
20181105,서울특별시,11,중랑구,11260,전라남도,46,107,338,21,287,468,38,106,164,1032,344,236
20181105,서울특별시,11,성동구,11200,울산광역시,31,25,260,42,74,130,52,124,54,399,86,67
20181105,서울특별시,11,성동구,11200,세종특별자치시,36,0,88,14,16,41,15,59,13,118,37,28
20181105,서울특별시,11,성동구,11200,경기도,41,202,3679,393,1039,1667,522,1886,475,5375,1362,1039
20181105,서울특별시,11,중랑구,11260,전라북도,45,89,323,39,313,484,57,130,147,1159,344,254
20181105,서울특별시,11,중랑구,11260,충청남도,44,164,489,46,423,762,77,164,218,1609,501,314
20181105,서울특별시,11,중랑구,11260,충청북도,43,116,297,44,319,543,48,111,138,1129,347,220
20181105,서울특별시,11,중랑구,11260,강원도,42,82,268,37,312,483,45,145,116,1009,308,220
20181105,서울특별시,11,중랑구,11260,경기도,41,933,3066,365,2964,4496,470,1415,1276,9673,3135,2159
20181105,서울특별시,11,중랑구,11260,세종특별자치시,36,28,52,7,71,119,11,27,36,245,78,51
20181105,서울특별시,11,중랑구,11260,울산광역시,31,66,244,30,264,409,43,112,91,789,267,166
20181105,서울특별시,11,중랑구,11260,대전광역시,30,94,297,40,331,487,55,137,134,1031,332,217
20181105,서울특별시,11,중랑구,11260,광주광역시,29,77,317,33,321,476,47,108,132,1113,354,264
20181105,서울특별시,11,중랑구,11260,인천광역시,28,215,642,50,614,1057,76,274,255,2171,693,471
20181105,서울특별시,11,성동구,11200,강원도,42,14,364,38,95,217,67,182,45,458,120,79
20181105,서울특별시,11,금천구,11545,전라북도,45,116,501,34,447,468,73,330,49,721,344,664
20181105,서울특별시,11,양천구,11470,충청북도,43,87,172,26,170,304,82,119,33,182,79,233
20181105,서울특별시,11,양천구,11470,강원도,42,77,146,19,158,287,60,133,40,115,63,229
20181105,서울특별시,11,양천구,11470,경기도,41,733,1520,154,1586,2654,674,1274,383,1765,827,2393
20181105,서울특별시,11,양천구,11470,세종특별자치시,36,20,30,7,43,51,13,26,17,40,17,66
20181105,서울특별시,11,양천구,11470,울산광역시,31,53,119,11,102,228,53,90,35,103,32,184
20181105,서울특별시,11,양천구,11470,대전광역시,30,65,149,15,170,262,60,170,40,133,59,279
20181105,서울특별시,11,양천구,11470,광주광역시,29,76,145,17,131,254,58,133,44,169,77,269
20181105,서울특별시,11,양천구,11470,인천광역시,28,138,316,25,288,523,114,257,68,263,137,517
20181105,서울특별시,11,양천구,11470,대구광역시,27,114,230,24,231,404,82,172,56,217,98,446
20181105,서울특별시,11,양천구,11470,부산광역시,26,170,339,30,364,526,114,315,96,307,177,617
20181105,서울특별시,11,양천구,11470,서울특별시,11,573,1218,219,1334,1823,420,1077,221,1287,583,1976
20181105,서울특별시,11,영등포구,11560,광주광역시,29,19,448,61,540,218,16,294,13,181,76,169
20181105,서울특별시,11,영등포구,11560,대전광역시,30,16,509,54,552,281,14,294,17,158,75,179
20181105,서울특별시,11,영등포구,11560,울산광역시,31,15,329,55,398,151,17,220,16,122,46,118
20181105,서울특별시,11,영등포구,11560,세종특별자치시,36,0,101,40,125,58,0,67,9,35,16,31
20181105,서울특별시,11,영등포구,11560,경기도,41,172,4183,555,5133,2231,191,2667,163,1928,713,1367
20181105,서울특별시,11,영등포구,11560,강원도,42,19,437,64,513,339,14,281,10,155,77,150
20181105,서울특별시,11,영등포구,11560,충청북도,43,12,454,75,617,212,24,288,15,190,61,164
20181105,서울특별시,11,영등포구,11560,충청남도,44,23,618,92,814,376,30,381,26,199,88,226
20181105,서울특별시,11,성동구,11200,충청북도,43,16,387,53,135,141,46,180,42,513,136,99
20181105,서울특별시,11,성동구,11200,충청남도,44,24,464,69,131,269,67,235,68,736,172,120
20181105,서울특별시,11,영등포구,11560,전라북도,45,17,517,54,499,253,22,306,22,186,64,169
20181105,서울특별시,11,영등포구,11560,전라남도,46,25,523,67,528,208,23,256,17,173,63,176
20181105,서울특별시,11,영등포구,11560,경상북도,47,29,758,100,809,392,28,448,26,222,102,247
20181105,서울특별시,11,영등포구,11560,경상남도,48,39,2143,1271,1092,488,36,625,30,345,129,345
20181105,서울특별시,11,영등포구,11560,제주특별자치도,50,5,97,20,117,60,5,94,4,61,17,41
20181105,서울특별시,11,중랑구,11260,대구광역시,27,151,476,64,468,693,83,227,210,1669,519,353
20181105,서울특별시,11,중랑구,11260,부산광역시,26,178,645,72,617,972,102,304,246,2089,734,504
20181105,서울특별시,11,중랑구,11260,서울특별시,11,648,2161,311,2455,3192,367,1188,767,6704,2274,1709
20181105,서울특별시,11,용산구,11170,서울특별시,11,356,3596,198,17678,2256,772,842,374,2245,1488,718
20181105,서울특별시,11,용산구,11170,부산광역시,26,112,921,56,4223,700,213,147,77,582,438,193
20181105,서울특별시,11,용산구,11170,대구광역시,27,56,655,27,2892,418,129,114,49,445,241,134
20181105,서울특별시,11,용산구,11170,인천광역시,28,105,843,41,4167,594,173,168,94,537,372,153
20181105,서울특별시,11,용산구,11170,광주광역시,29,47,460,11,1822,238,106,74,27,269,170,70
20181105,서울특별시,11,용산구,11170,대전광역시,30,37,467,23,2228,315,96,78,41,289,178,86
20181105,서울특별시,11,용산구,11170,울산광역시,31,37,297,13,1444,238,77,55,32,224,120,54
20181105,서울특별시,11,종로구,11110,부산광역시,26,68,329,94,116,199,23,79,50,638,409,57
20181105,서울특별시,11,종로구,11110,서울특별시,11,316,1402,511,480,792,68,446,181,1882,1570,232
20181105,서울특별시,11,성동구,11200,전라북도,45,18,346,49,109,178,42,163,49,597,141,97
20181105,서울특별시,11,성동구,11200,전라남도,46,16,297,46,93,145,42,166,50,508,102,77
20181105,서울특별시,11,성동구,11200,경상북도,47,43,544,100,133,265,76,271,107,737,188,158
20181105,서울특별시,11,성동구,11200,경상남도,48,36,653,116,189,357,95,337,103,1010,191,224
20181105,서울특별시,11,성동구,11200,제주특별자치도,50,7,114,19,28,51,23,47,8,176,46,20
20181105,서울특별시,11,용산구,11170,세종특별자치시,36,14,98,9,514,74,33,11,12,70,47,22
20181105,서울특별시,11,용산구,11170,경기도,41,448,3995,258,20146,2770,956,851,414,2698,1635,784
20181105,서울특별시,11,종로구,11110,대구광역시,27,55,238,67,97,140,8,45,48,423,320,49
20181105,서울특별시,11,종로구,11110,인천광역시,28,77,273,84,121,209,14,84,78,449,449,50
20181105,서울특별시,11,종로구,11110,광주광역시,29,34,148,50,62,74,8,58,44,315,203,30
20181105,서울특별시,11,종로구,11110,대전광역시,30,48,175,58,74,102,8,46,28,219,246,38
20181105,서울특별시,11,종로구,11110,울산광역시,31,36,117,33,35,72,8,28,26,193,146,19
20181105,서울특별시,11,종로구,11110,세종특별자치시,36,11,45,15,11,27,3,16,6,59,52,7
20181105,서울특별시,11,종로구,11110,경기도,41,397,1580,441,546,903,91,564,341,2357,2037,249
20181105,서울특별시,11,종로구,11110,강원도,42,37,162,64,60,94,11,53,35,253,219,28
20181105,서울특별시,11,종로구,11110,충청북도,43,48,172,51,67,104,8,46,43,290,180,24
20181105,서울특별시,11,종로구,11110,충청남도,44,50,243,69,93,142,14,95,46,369,323,26
20181105,서울특별시,11,종로구,11110,전라북도,45,45,161,66,58,99,9,70,34,293,212,32
20181105,서울특별시,11,종로구,11110,전라남도,46,45,141,64,59,83,10,70,35,265,201,21
20181105,서울특별시,11,종로구,11110,경상북도,47,58,241,84,99,153,15,47,42,385,291,26
20181105,서울특별시,11,종로구,11110,경상남도,48,96,309,85,112,197,16,68,82,499,427,47
20181105,서울특별시,11,금천구,11545,충청남도,44,129,752,27,642,610,95,505,81,794,417,767
20181105,서울특별시,11,금천구,11545,충청북도,43,105,517,38,480,432,63,311,88,553,313,606
20181105,서울특별시,11,구로구,11530,제주특별자치도,50,6,80,3,49,119,4,106,12,90,35,73
20181105,서울특별시,11,마포구,11440,서울특별시,11,314,3300,774,2218,3281,239,2202,547,3519,2656,867
20181105,서울특별시,11,구로구,11530,울산광역시,31,25,196,13,103,266,42,256,28,218,51,186
20181105,서울특별시,11,구로구,11530,세종특별자치시,36,8,77,15,29,72,16,53,9,63,22,60
20181105,서울특별시,11,구로구,11530,경기도,41,258,2713,191,1385,3275,452,2554,272,2724,830,2185
20181105,서울특별시,11,구로구,11530,강원도,42,29,262,21,141,362,54,266,20,227,101,210
20181105,서울특별시,11,구로구,11530,충청북도,43,31,280,19,150,385,44,316,34,314,88,226
20181105,서울특별시,11,구로구,11530,충청남도,44,44,405,29,192,478,65,436,52,420,135,319
20181105,서울특별시,11,송파구,11710,경상남도,48,44,516,32,299,497,37,437,76,1144,333,507
20181105,서울특별시,11,송파구,11710,경상북도,47,39,409,16,243,331,45,322,58,839,196,388
20181105,서울특별시,11,종로구,11110,제주특별자치도,50,16,59,16,13,27,0,9,27,95,74,7
20181105,서울특별시,11,송파구,11710,전라남도,46,13,219,10,142,203,30,210,38,538,146,224
20181105,서울특별시,11,송파구,11710,전라북도,45,13,281,17,148,253,32,206,30,656,160,262
20181105,서울특별시,11,송파구,11710,충청남도,44,27,418,19,233,332,28,320,62,776,202,345
20181105,서울특별시,11,송파구,11710,충청북도,43,27,284,33,142,211,23,222,31,668,159,239
20181105,서울특별시,11,송파구,11710,강원도,42,17,270,8,131,230,29,214,33,532,162,231
20181105,서울특별시,11,송파구,11710,경기도,41,217,2768,162,1516,2098,289,2514,357,5727,1676,2385
20181105,서울특별시,11,송파구,11710,세종특별자치시,36,0,55,6,45,62,7,49,10,133,25,47
20181105,서울특별시,11,송파구,11710,울산광역시,31,22,191,9,100,163,19,179,35,405,126,173
20181105,서울특별시,11,송파구,11710,대전광역시,30,15,293,6,145,218,23,228,25,579,208,263
20181105,서울특별시,11,송파구,11710,광주광역시,29,18,296,14,178,225,40,197,36,661,178,234
20181105,서울특별시,11,송파구,11710,인천광역시,28,39,567,23,339,577,71,527,72,1088,348,532
20181105,서울특별시,11,용산구,11170,강원도,42,58,436,12,1832,255,91,74,31,229,122,71
20181105,서울특별시,11,용산구,11170,충청북도,43,43,496,26,2028,309,82,70,43,280,175,77
20181105,서울특별시,11,용산구,11170,충청남도,44,72,539,28,2867,433,116,113,47,388,240,97
20181105,서울특별시,11,용산구,11170,전라북도,45,42,452,17,1884,282,111,97,30,297,172,80
20181105,서울특별시,11,용산구,11170,전라남도,46,64,427,26,1744,249,75,86,27,256,132,72
20181105,서울특별시,11,용산구,11170,경상북도,47,68,697,34,2884,433,146,112,46,407,231,131
20181105,서울특별시,11,용산구,11170,경상남도,48,89,880,34,3774,545,204,125,66,532,307,167
20181105,서울특별시,11,용산구,11170,제주특별자치도,50,12,147,6,543,85,26,22,8,70,62,28
20181105,서울특별시,11,금천구,11545,전라남도,46,115,434,22,368,427,99,277,47,575,298,571
20181105,서울특별시,11,금천구,11545,경상북도,47,159,743,42,643,586,114,500,72,996,456,947
20181105,서울특별시,11,금천구,11545,경상남도,48,221,998,44,801,847,152,660,117,1069,578,1286
20181105,서울특별시,11,금천구,11545,제주특별자치도,50,25,131,13,116,120,30,70,21,196,103,172
20181105,서울특별시,11,동작구,11590,서울특별시,11,665,1066,350,844,909,182,611,112,1174,743,1410
20181105,서울특별시,11,동작구,11590,부산광역시,26,176,310,65,167,284,59,195,46,291,185,387
20181105,서울특별시,11,동작구,11590,대구광역시,27,115,199,63,132,200,44,106,28,193,183,282
20181105,서울특별시,11,동작구,11590,인천광역시,28,146,268,52,178,233,43,201,47,245,218,371
20181105,서울특별시,11,동작구,11590,광주광역시,29,91,158,46,76,140,26,59,29,126,107,178
20181105,서울특별시,11,송파구,11710,제주특별자치도,50,6,80,4,48,83,10,65,6,195,62,84
20181105,서울특별시,11,강북구,11305,제주특별자치도,50,0,60,0,10,14,0,8,8,178,32,12
20181105,서울특별시,11,강북구,11305,경상남도,48,30,332,17,67,110,20,66,145,1306,176,121
20181105,서울특별시,11,강북구,11305,경상북도,47,25,288,13,67,82,19,55,93,993,163,123
20181105,서울특별시,11,강북구,11305,전라남도,46,11,162,4,46,49,14,32,63,606,80,72
20181105,서울특별시,11,강북구,11305,전라북도,45,14,188,0,36,57,11,29,79,697,94,80
20181105,서울특별시,11,강북구,11305,충청남도,44,16,281,8,55,74,17,61,102,963,133,102
20181105,서울특별시,11,강북구,11305,충청북도,43,13,205,15,36,68,6,44,71,667,102,59
20181105,서울특별시,11,강북구,11305,강원도,42,14,177,8,36,55,9,30,55,592,82,78
20181105,서울특별시,11,강북구,11305,경기도,41,128,1581,74,426,568,90,330,633,5780,918,682
20181105,서울특별시,11,강북구,11305,세종특별자치시,36,0,38,3,3,16,0,8,12,134,20,20
20181105,서울특별시,11,강북구,11305,울산광역시,31,7,154,3,31,40,5,23,50,482,80,53
20181105,서울특별시,11,강북구,11305,대전광역시,30,9,176,5,40,50,8,42,59,681,108,70
20181105,서울특별시,11,강북구,11305,광주광역시,29,16,177,7,46,44,12,41,67,658,103,73
20181105,서울특별시,11,강북구,11305,인천광역시,28,27,357,19,88,115,16,58,124,1338,194,174
20181105,서울특별시,11,강북구,11305,대구광역시,27,21,260,10,53,86,13,54,79,942,131,100
20181105,서울특별시,11,강북구,11305,부산광역시,26,30,347,20,85,116,24,71,121,1300,215,167
20181105,서울특별시,11,강북구,11305,서울특별시,11,113,1161,58,337,413,68,264,389,4018,678,552
20181105,서울특별시,11,광진구,11215,제주특별자치도,50,18,52,5,27,55,14,17,12,108,35,45
20181105,서울특별시,11,광진구,11215,경상남도,48,91,283,22,409,442,149,129,79,611,259,239
20181105,서울특별시,11,광진구,11215,경상북도,47,84,220,21,296,310,109,90,66,409,193,175
20181105,서울특별시,11,광진구,11215,전라남도,46,44,141,8,193,247,65,56,32,298,104,101
20181105,서울특별시,11,광진구,11215,전라북도,45,41,162,14,221,199,86,66,46,312,130,110
20181105,서울특별시,11,광진구,11215,충청남도,44,77,205,17,301,336,88,88,68,439,181,120
20181105,서울특별시,11,광진구,11215,충청북도,43,61,143,23,229,239,82,80,18,296,129,111
20181105,서울특별시,11,광진구,11215,강원도,42,54,168,15,233,238,53,84,37,263,134,109
20181105,서울특별시,11,광진구,11215,경기도,41,471,1524,158,2177,2250,523,664,376,2878,1190,1129
20181105,서울특별시,11,광진구,11215,세종특별자치시,36,13,34,4,56,51,9,17,11,68,30,28
20181105,서울특별시,11,광진구,11215,울산광역시,31,35,115,10,157,142,54,40,27,231,94,79
20181105,서울특별시,11,양천구,11470,충청남도,44,124,211,27,243,427,89,191,78,228,109,336
20181105,서울특별시,11,양천구,11470,전라북도,45,87,170,13,154,333,74,112,44,159,91,255
20181105,서울특별시,11,양천구,11470,전라남도,46,81,136,12,164,285,64,120,29,119,60,237
20181105,서울특별시,11,양천구,11470,경상북도,47,143,236,13,256,448,113,205,74,201,110,385
20181105,서울특별시,11,양천구,11470,경상남도,48,164,301,22,289,583,138,253,93,297,141,501
20181105,서울특별시,11,양천구,11470,제주특별자치도,50,24,30,4,48,57,16,25,3,43,30,76
20181105,서울특별시,11,금천구,11545,서울특별시,11,745,3994,218,2982,3494,587,3122,389,4384,2542,4476
20181105,서울특별시,11,송파구,11710,대구광역시,27,61,416,22,271,325,33,340,51,861,276,438
20181105,서울특별시,11,송파구,11710,부산광역시,26,25,612,28,316,520,51,584,70,1239,364,607
20181105,서울특별시,11,송파구,11710,서울특별시,11,161,2434,153,1326,1615,231,2225,236,4250,1372,1963
20181105,서울특별시,11,구로구,11530,전라북도,45,34,247,22,150,328,54,318,23,312,94,231
20181105,서울특별시,11,마포구,11440,울산광역시,31,40,240,53,155,345,24,210,61,258,237,78
20181105,서울특별시,11,마포구,11440,대전광역시,30,40,435,120,283,378,20,286,97,446,368,105
20181105,서울특별시,11,마포구,11440,광주광역시,29,39,369,133,253,438,33,306,69,428,362,110
20181105,서울특별시,11,마포구,11440,인천광역시,28,94,786,138,508,837,45,627,171,718,629,208
20181105,서울특별시,11,마포구,11440,대구광역시,27,75,604,128,389,610,30,391,120,611,490,158
20181105,서울특별시,11,마포구,11440,부산광역시,26,76,807,195,547,868,63,650,202,829,727,241
20181105,서울특별시,11,구로구,11530,전라남도,46,20,224,20,112,336,42,344,30,261,93,240
20181105,서울특별시,11,구로구,11530,경상북도,47,45,407,26,191,539,81,492,48,383,156,395
20181105,서울특별시,11,구로구,11530,경상남도,48,42,576,26,271,689,101,717,54,509,190,518
20181105,서울특별시,11,금천구,11545,부산광역시,26,189,961,61,847,907,229,825,113,1232,668,1377
20181105,서울특별시,11,금천구,11545,대구광역시,27,130,812,35,603,613,163,602,75,887,491,964
20181105,서울특별시,11,금천구,11545,인천광역시,28,241,1142,39,852,937,123,656,107,1073,635,1181
20181105,서울특별시,11,금천구,11545,광주광역시,29,93,497,33,415,402,88,371,49,668,373,593
20181105,서울특별시,11,금천구,11545,대전광역시,30,95,511,29,425,421,75,401,53,654,342,596
20181105,서울특별시,11,금천구,11545,울산광역시,31,69,366,19,305,292,43,250,39,400,210,488
20181105,서울특별시,11,금천구,11545,세종특별자치시,36,22,153,7,79,107,16,98,23,180,85,110
20181105,서울특별시,11,금천구,11545,경기도,41,1074,4652,246,3833,4150,730,3533,502,5376,2863,5567
20181105,서울특별시,11,금천구,11545,강원도,42,78,473,30,425,438,62,305,45,582,277,597
20181105,서울특별시,11,서초구,11650,서울특별시,11,378,3651,775,1436,2949,266,1950,292,1793,1344,1298
20181105,서울특별시,11,서초구,11650,부산광역시,26,82,742,158,335,705,51,438,60,389,350,321
20181105,서울특별시,11,서초구,11650,대구광역시,27,84,633,121,234,559,36,263,57,283,274,244
20181105,서울특별시,11,서초구,11650,인천광역시,28,105,666,114,353,676,40,345,70,372,338,292
20181105,서울특별시,11,서초구,11650,광주광역시,29,52,381,76,168,318,21,159,36,193,185,135
20181105,서울특별시,11,서초구,11650,대전광역시,30,50,414,80,180,319,32,168,44,198,175,158
20181105,서울특별시,11,서초구,11650,울산광역시,31,34,199,32,120,217,20,152,30,115,107,107
20181105,서울특별시,11,서초구,11650,세종특별자치시,36,14,82,17,45,81,6,40,14,49,32,35
20181105,서울특별시,11,서초구,11650,경기도,41,489,3645,664,1646,3507,331,1814,393,2260,1582,1459
20181105,서울특별시,11,강남구,11680,서울특별시,11,499,3898,381,1913,2560,244,2599,369,4922,1988,4617
20181105,서울특별시,11,강남구,11680,부산광역시,26,97,847,48,387,571,56,640,80,1119,477,1128
20181105,서울특별시,11,강남구,11680,대구광역시,27,60,568,59,261,422,35,441,81,804,309,854
20181105,서울특별시,11,강남구,11680,인천광역시,28,128,717,47,414,579,53,557,86,920,421,990
20181105,서울특별시,11,강남구,11680,광주광역시,29,52,356,26,170,257,20,251,40,517,200,503
20181105,서울특별시,11,강남구,11680,대전광역시,30,41,402,21,214,295,16,274,62,516,213,469
20181105,서울특별시,11,강남구,11680,울산광역시,31,22,290,20,121,172,18,195,51,362,149,364
20181105,서울특별시,11,강남구,11680,세종특별자치시,36,15,72,15,36,61,5,69,11,98,50,115
20181105,서울특별시,11,서초구,11650,강원도,42,56,333,43,165,358,22,170,40,162,160,139
20181105,서울특별시,11,서초구,11650,충청북도,43,38,354,68,172,357,25,173,50,190,161,150
20181105,서울특별시,11,서초구,11650,충청남도,44,88,475,82,229,546,38,243,58,237,217,203
20181105,서울특별시,11,서초구,11650,전라북도,45,35,363,60,178,361,26,153,42,168,166,172
20181105,서울특별시,11,서초구,11650,전라남도,46,40,295,62,150,283,20,164,32,129,138,142
20181105,서울특별시,11,서초구,11650,경상북도,47,76,497,86,253,535,31,241,51,276,235,257
20181105,서울특별시,11,서초구,11650,경상남도,48,102,542,109,307,633,50,388,67,344,313,295
20181105,서울특별시,11,서초구,11650,제주특별자치도,50,11,135,18,40,77,10,42,23,54,45,50
20181105,서울특별시,11,광진구,11215,대전광역시,30,44,175,22,230,231,67,46,32,326,135,121
20181105,서울특별시,11,광진구,11215,광주광역시,29,49,157,10,217,228,45,47,46,305,147,115
20181106,서울특별시,11,강남구,11680,인천광역시,28,68,558,42,245,401,38,395,68,704,295,594
20181106,서울특별시,11,성동구,11200,부산광역시,26,49,538,131,163,245,60,214,52,747,379,144
20181106,서울특별시,11,성동구,11200,대구광역시,27,40,395,108,93,218,50,105,54,554,273,115
20181106,서울특별시,11,성동구,11200,인천광역시,28,38,557,119,124,340,63,152,49,701,297,132
20181106,서울특별시,11,성동구,11200,광주광역시,29,14,254,52,90,132,29,82,28,362,148,50
20181106,서울특별시,11,성동구,11200,대전광역시,30,17,277,75,96,112,33,88,28,356,130,62
20181106,서울특별시,11,성동구,11200,울산광역시,31,22,180,43,42,115,22,72,34,215,142,46
20181106,서울특별시,11,성동구,11200,세종특별자치시,36,6,53,21,12,28,3,25,9,66,24,15
20181106,서울특별시,11,성동구,11200,경기도,41,202,2980,575,801,1508,257,970,256,3313,1413,641
20181106,서울특별시,11,성동구,11200,강원도,42,24,271,48,60,84,34,96,31,312,101,51
20181106,서울특별시,11,성동구,11200,충청북도,43,26,270,48,76,128,41,123,33,338,137,39
20181106,서울특별시,11,성동구,11200,충청남도,44,33,377,64,100,157,42,144,35,430,183,70
20181106,서울특별시,11,성동구,11200,전라북도,45,11,241,60,68,121,28,101,20,370,141,51
20181106,서울특별시,11,성동구,11200,전라남도,46,11,243,51,49,106,20,100,20,299,97,37
20181106,서울특별시,11,성동구,11200,경상북도,47,25,336,85,96,176,57,166,50,465,223,92
20181106,서울특별시,11,성동구,11200,경상남도,48,36,468,113,126,234,75,180,58,602,276,139
20181106,서울특별시,11,성동구,11200,제주특별자치도,50,3,106,15,19,31,13,19,3,104,43,22
20181106,서울특별시,11,강남구,11680,서울특별시,11,347,3441,339,1268,1948,200,1883,279,3827,1500,2882
20181106,서울특별시,11,강남구,11680,부산광역시,26,61,699,47,227,440,34,409,62,839,357,703
20181106,서울특별시,11,강남구,11680,대구광역시,27,47,484,26,170,324,30,333,62,617,245,474
20181106,서울특별시,11,강남구,11680,광주광역시,29,18,326,25,115,219,22,203,28,391,164,312
20181106,서울특별시,11,강남구,11680,대전광역시,30,47,316,31,137,250,46,231,52,387,168,314
20181106,서울특별시,11,강남구,11680,울산광역시,31,21,228,6,69,161,21,129,17,258,92,213
20181106,서울특별시,11,강남구,11680,세종특별자치시,36,8,48,4,26,50,0,53,6,71,37,55
20181106,서울특별시,11,강남구,11680,경기도,41,364,3171,285,1267,2230,226,2038,365,4065,1547,2832
20181106,서울특별시,11,강남구,11680,강원도,42,29,233,23,121,183,23,223,37,300,144,264
20181106,서울특별시,11,강남구,11680,충청북도,43,31,273,21,107,226,14,236,21,403,162,299
20181106,서울특별시,11,강남구,11680,충청남도,44,39,347,27,142,327,26,269,34,468,198,358
20181106,서울특별시,11,강남구,11680,전라북도,45,31,259,18,143,214,15,197,47,389,170,279
20181106,서울특별시,11,강남구,11680,전라남도,46,22,243,18,96,211,16,167,31,271,155,242
20181106,서울특별시,11,강남구,11680,경상북도,47,46,402,27,144,337,30,339,42,492,226,475
20181106,서울특별시,11,강남구,11680,경상남도,48,90,550,28,186,369,35,359,65,648,326,564
20181106,서울특별시,11,강남구,11680,제주특별자치도,50,9,112,8,28,68,5,81,12,140,59,70
20181106,서울특별시,11,중랑구,11260,서울특별시,11,482,1507,513,1085,1665,224,816,523,4042,1599,1217
20181106,서울특별시,11,중랑구,11260,부산광역시,26,138,392,48,269,496,61,231,167,1384,513,336
20181106,서울특별시,11,중랑구,11260,대구광역시,27,96,299,34,222,334,39,174,105,936,418,244
20181106,서울특별시,11,중랑구,11260,인천광역시,28,119,435,50,278,515,48,200,163,1307,511,336
20181106,서울특별시,11,중랑구,11260,광주광역시,29,61,214,22,141,250,34,103,105,740,250,153
20181106,서울특별시,11,중랑구,11260,대전광역시,30,77,197,33,162,226,34,122,107,636,259,133
20181106,서울특별시,11,중랑구,11260,울산광역시,31,53,151,19,80,194,23,79,69,443,187,88
20181106,서울특별시,11,중랑구,11260,세종특별자치시,36,14,45,11,30,54,8,23,30,141,59,43
20181106,서울특별시,11,중랑구,11260,경기도,41,612,1999,363,1244,2369,321,984,846,5997,2147,1584
20181106,서울특별시,11,중랑구,11260,강원도,42,59,195,17,140,216,33,100,102,608,204,138
20181106,서울특별시,11,은평구,11380,제주특별자치도,50,3,19,3,9,17,12,10,0,94,19,21
20181106,서울특별시,11,은평구,11380,경상남도,48,37,268,75,51,205,68,92,37,454,124,205
20181106,서울특별시,11,은평구,11380,경상북도,47,23,200,41,46,169,43,99,19,305,93,128
20181106,서울특별시,11,은평구,11380,전라남도,46,17,149,37,32,71,32,73,15,214,67,96
20181106,서울특별시,11,은평구,11380,전라북도,45,20,146,26,26,116,25,64,17,222,79,95
20181106,서울특별시,11,은평구,11380,충청남도,44,35,214,49,61,144,42,91,20,286,105,118
20181106,서울특별시,11,은평구,11380,충청북도,43,13,134,36,34,117,29,46,10,275,77,101
20181106,서울특별시,11,은평구,11380,강원도,42,16,94,17,32,103,29,46,7,201,59,60
20181106,서울특별시,11,은평구,11380,경기도,41,192,1143,331,371,1184,276,507,131,2144,622,802
20181106,서울특별시,11,은평구,11380,세종특별자치시,36,5,15,5,7,20,11,9,14,37,9,15
20181106,서울특별시,11,은평구,11380,울산광역시,31,8,82,33,24,64,21,34,11,149,40,71
20181106,서울특별시,11,은평구,11380,대전광역시,30,15,113,31,45,87,36,61,10,216,61,66
20181106,서울특별시,11,은평구,11380,광주광역시,29,10,120,27,29,104,27,98,14,218,72,99
20181106,서울특별시,11,은평구,11380,인천광역시,28,42,264,70,76,215,44,118,33,407,127,176
20181106,서울특별시,11,은평구,11380,대구광역시,27,27,178,25,48,165,46,63,21,280,105,140
20181106,서울특별시,11,은평구,11380,부산광역시,26,21,283,98,80,233,61,138,25,431,138,190
20181106,서울특별시,11,은평구,11380,서울특별시,11,126,916,201,300,830,207,439,104,1423,456,586
20181106,서울특별시,11,노원구,11350,제주특별자치도,50,4,15,0,4,12,0,5,4,51,10,0
20181106,서울특별시,11,노원구,11350,경상남도,48,39,204,12,53,137,20,67,42,385,82,80
20181106,서울특별시,11,노원구,11350,경상북도,47,46,145,10,32,100,18,43,35,255,56,63
20181106,서울특별시,11,노원구,11350,전라남도,46,27,89,9,19,55,8,26,14,192,38,31
20181106,서울특별시,11,노원구,11350,전라북도,45,20,120,8,26,49,7,32,25,264,50,45
20181106,서울특별시,11,노원구,11350,충청남도,44,32,144,21,30,87,14,46,24,280,63,51
20181106,서울특별시,11,노원구,11350,충청북도,43,27,123,19,23,56,12,35,23,243,36,40
20181106,서울특별시,11,노원구,11350,강원도,42,26,141,5,22,65,9,20,14,189,35,26
20181106,서울특별시,11,노원구,11350,경기도,41,218,1093,98,397,624,96,368,191,2258,463,382
20181106,서울특별시,11,서대문구,11410,제주특별자치도,50,3,14,0,13,52,0,9,6,30,6,26
20181106,서울특별시,11,서대문구,11410,경상남도,48,12,101,11,73,490,7,102,21,177,50,134
20181106,서울특별시,11,서대문구,11410,경상북도,47,9,72,11,52,401,9,75,14,120,42,100
20181106,서울특별시,11,서대문구,11410,전라남도,46,12,57,9,36,278,3,43,12,98,29,61
20181106,서울특별시,11,서대문구,11410,전라북도,45,8,62,10,37,267,8,66,13,116,24,67
20181106,서울특별시,11,서대문구,11410,충청남도,44,11,90,11,44,405,9,116,30,191,48,94
20181106,서울특별시,11,서대문구,11410,충청북도,43,11,55,8,43,314,5,91,15,133,24,56
20181106,서울특별시,11,서대문구,11410,강원도,42,8,64,13,28,234,7,80,8,95,22,57
20181106,서울특별시,11,서대문구,11410,경기도,41,75,680,81,286,2312,69,835,107,1375,319,589
20181106,서울특별시,11,서대문구,11410,세종특별자치시,36,3,11,0,6,60,0,13,0,17,5,10
20181106,서울특별시,11,서대문구,11410,울산광역시,31,5,37,0,25,178,5,22,10,60,21,39
20181106,서울특별시,11,서대문구,11410,대전광역시,30,4,74,17,43,239,7,87,5,146,31,54
20181106,서울특별시,11,서대문구,11410,광주광역시,29,0,56,5,36,226,4,39,11,112,33,61
20181106,서울특별시,11,서대문구,11410,인천광역시,28,15,133,68,61,444,8,217,23,262,60,115
20181106,서울특별시,11,서대문구,11410,대구광역시,27,9,112,7,39,290,7,86,14,136,39,83
20181106,서울특별시,11,서대문구,11410,부산광역시,26,10,145,10,74,467,11,69,30,152,78,145
20181106,서울특별시,11,서대문구,11410,서울특별시,11,48,624,68,258,1633,50,603,102,1097,221,446
20181106,서울특별시,11,노원구,11350,세종특별자치시,36,6,23,10,8,16,3,3,6,60,11,7
20181106,서울특별시,11,노원구,11350,울산광역시,31,5,83,9,13,42,11,18,24,163,27,25
20181106,서울특별시,11,노원구,11350,대전광역시,30,18,127,21,36,56,14,25,17,220,34,33
20181106,서울특별시,11,노원구,11350,광주광역시,29,22,131,12,20,80,7,29,19,225,53,34
20181106,서울특별시,11,노원구,11350,인천광역시,28,34,252,13,49,148,18,84,41,421,93,84
20181106,서울특별시,11,노원구,11350,대구광역시,27,34,163,20,30,86,8,35,24,327,70,57
20181106,서울특별시,11,노원구,11350,부산광역시,26,34,223,15,45,116,24,67,26,402,112,75
20181106,서울특별시,11,노원구,11350,서울특별시,11,163,958,162,374,651,82,380,144,1605,382,325
20181106,서울특별시,11,중랑구,11260,충청북도,43,62,249,33,114,252,38,107,97,691,250,150
20181106,서울특별시,11,중랑구,11260,충청남도,44,116,352,34,193,341,53,155,158,940,353,214
20181106,서울특별시,11,중랑구,11260,전라북도,45,96,251,24,116,238,34,98,97,769,244,170
20181106,서울특별시,11,중랑구,11260,전라남도,46,62,203,19,128,198,25,92,92,633,233,187
20181106,서울특별시,11,중랑구,11260,경상북도,47,110,278,40,177,331,54,159,142,1021,394,262
20181106,서울특별시,11,중랑구,11260,경상남도,48,119,445,44,242,453,80,199,198,1371,456,350
20181106,서울특별시,11,중랑구,11260,제주특별자치도,50,26,36,5,23,61,11,16,16,177,69,21
20181106,서울특별시,11,강북구,11305,제주특별자치도,50,7,28,3,8,11,0,3,6,103,25,9
20181106,서울특별시,11,강북구,11305,경상남도,48,7,228,5,54,64,14,43,78,707,109,59
20181106,서울특별시,11,강북구,11305,경상북도,47,5,165,8,49,39,13,28,74,612,108,53
20181106,서울특별시,11,강북구,11305,전라남도,46,6,114,3,21,29,5,18,49,325,75,39
20181106,서울특별시,11,강북구,11305,전라북도,45,8,135,7,24,26,6,17,36,391,69,35
20181106,서울특별시,11,강북구,11305,충청남도,44,10,171,4,30,48,10,29,63,550,107,34
20181106,서울특별시,11,강북구,11305,충청북도,43,5,116,6,28,33,7,22,40,358,64,27
20181106,서울특별시,11,강북구,11305,강원도,42,3,95,3,27,34,6,24,33,341,66,18
20181106,서울특별시,11,강북구,11305,경기도,41,76,1057,51,275,374,57,164,404,3346,752,286
20181106,서울특별시,11,강북구,11305,세종특별자치시,36,0,24,0,5,12,0,3,10,72,16,5
20181106,서울특별시,11,강북구,11305,울산광역시,31,9,82,3,18,23,5,9,29,266,43,23
20181106,서울특별시,11,강북구,11305,대전광역시,30,9,115,4,25,35,8,12,31,360,71,29
20181106,서울특별시,11,강북구,11305,광주광역시,29,12,103,3,30,25,6,21,31,367,86,36
20181106,서울특별시,11,강북구,11305,인천광역시,28,19,234,11,63,66,6,23,90,699,171,76
20181106,서울특별시,11,강북구,11305,대구광역시,27,11,171,0,36,57,8,18,71,502,104,51
20181106,서울특별시,11,강북구,11305,부산광역시,26,20,234,4,61,47,10,43,78,719,181,58
20181106,서울특별시,11,강북구,11305,서울특별시,11,54,773,39,248,259,49,109,255,2188,654,254
20181106,서울특별시,11,송파구,11710,제주특별자치도,50,4,71,4,38,42,0,49,5,144,38,30
20181106,서울특별시,11,송파구,11710,경상남도,48,38,332,18,188,415,31,313,44,921,212,201
20181106,서울특별시,11,송파구,11710,경상북도,47,20,259,20,123,240,28,237,29,741,153,174
20181106,서울특별시,11,송파구,11710,전라남도,46,16,164,7,86,176,21,135,20,449,96,106
20181106,서울특별시,11,송파구,11710,전라북도,45,15,208,10,90,236,9,147,18,525,102,134
20181106,서울특별시,11,송파구,11710,충청남도,44,20,232,10,126,261,19,251,32,652,146,165
20181106,서울특별시,11,송파구,11710,충청북도,43,14,200,18,93,190,20,170,16,521,111,130
20181106,서울특별시,11,송파구,11710,강원도,42,14,159,6,70,196,13,142,20,481,101,93
20181106,서울특별시,11,송파구,11710,경기도,41,167,2009,161,898,1719,178,1465,201,4751,1118,1044
20181106,서울특별시,11,송파구,11710,세종특별자치시,36,4,40,0,19,36,5,36,9,97,25,22
20181106,서울특별시,11,송파구,11710,울산광역시,31,3,111,9,55,132,13,115,21,267,87,72
20181106,서울특별시,11,송파구,11710,대전광역시,30,7,200,16,89,177,16,153,19,493,108,99
20181106,서울특별시,11,송파구,11710,광주광역시,29,7,188,12,89,167,20,130,26,532,116,110
20181106,서울특별시,11,송파구,11710,인천광역시,28,46,400,17,212,374,34,336,55,880,207,249
20181106,서울특별시,11,송파구,11710,대구광역시,27,29,297,20,135,264,15,209,35,778,174,202
20181106,서울특별시,11,송파구,11710,부산광역시,26,27,393,24,184,399,30,362,52,950,251,269
20181106,서울특별시,11,송파구,11710,서울특별시,11,114,1856,193,771,1106,162,1324,156,3730,1026,936
20181106,서울특별시,11,동작구,11590,서울특별시,11,262,1016,211,404,540,113,490,70,1121,441,622
20181106,서울특별시,11,동작구,11590,부산광역시,26,78,238,50,100,164,62,147,17,246,133,180
20181106,서울특별시,11,동작구,11590,대구광역시,27,49,193,43,70,101,27,103,15,181,88,107
20181106,서울특별시,11,동작구,11590,인천광역시,28,82,310,30,79,143,33,136,32,238,113,156
20181106,서울특별시,11,동작구,11590,광주광역시,29,33,90,18,31,74,14,59,13,102,62,85
20181106,서울특별시,11,마포구,11440,제주특별자치도,50,10,76,24,37,97,0,39,12,101,76,15
20181106,서울특별시,11,마포구,11440,경상남도,48,47,596,144,250,756,25,450,246,424,405,107
20181106,서울특별시,11,마포구,11440,경상북도,47,50,433,121,207,482,20,301,200,297,327,81
20181106,서울특별시,11,마포구,11440,전라남도,46,18,307,49,120,395,15,189,100,170,203,59
20181106,서울특별시,11,마포구,11440,전라북도,45,19,276,70,162,469,10,214,100,265,233,59
20181106,서울특별시,11,마포구,11440,충청남도,44,42,384,112,201,564,13,288,159,325,306,88
20181106,서울특별시,11,마포구,11440,충청북도,43,25,256,89,165,336,13,199,120,251,249,61
20181106,서울특별시,11,마포구,11440,강원도,42,16,264,77,129,323,8,200,63,211,197,43
20181106,서울특별시,11,마포구,11440,경기도,41,250,2799,823,1343,3133,121,1804,947,2644,2111,588
20181106,서울특별시,11,마포구,11440,세종특별자치시,36,4,64,28,24,77,4,41,28,61,42,8
20181106,서울특별시,11,마포구,11440,울산광역시,31,19,245,54,80,228,10,131,92,179,172,38
20181106,서울특별시,11,마포구,11440,대전광역시,30,33,280,85,147,402,7,184,85,243,274,59
20181106,서울특별시,11,마포구,11440,광주광역시,29,33,346,81,150,409,10,215,129,250,255,52
20181106,서울특별시,11,마포구,11440,인천광역시,28,64,563,154,286,660,26,448,241,505,440,132
20181106,서울특별시,11,마포구,11440,대구광역시,27,46,402,116,189,423,12,280,156,389,394,73
20181106,서울특별시,11,마포구,11440,부산광역시,26,49,739,163,294,748,25,468,254,521,477,119
20181106,서울특별시,11,마포구,11440,서울특별시,11,239,2527,699,1128,2695,100,1524,651,2378,1953,423
20181106,서울특별시,11,동작구,11590,대전광역시,30,48,101,16,42,75,16,75,10,128,45,89
20181106,서울특별시,11,동작구,11590,울산광역시,31,19,74,10,30,46,10,56,11,60,46,50
20181106,서울특별시,11,동작구,11590,세종특별자치시,36,8,21,6,9,16,5,21,4,21,17,23
20181106,서울특별시,11,동작구,11590,경기도,41,378,1265,211,530,718,189,639,132,1405,544,668
20181106,서울특별시,11,동작구,11590,강원도,42,34,116,21,36,69,14,47,4,106,48,59
20181106,서울특별시,11,동작구,11590,충청북도,43,50,133,26,51,81,10,57,9,131,56,79
20181106,서울특별시,11,동작구,11590,충청남도,44,60,173,23,46,107,23,61,21,144,65,103
20181106,서울특별시,11,동작구,11590,전라북도,45,38,143,23,53,89,21,96,17,131,49,77
20181106,서울특별시,11,동작구,11590,전라남도,46,44,110,20,33,78,13,53,15,92,44,63
20181106,서울특별시,11,동작구,11590,경상북도,47,51,181,22,76,106,44,91,20,141,77,100
20181106,서울특별시,11,동작구,11590,경상남도,48,71,236,41,92,159,43,118,32,199,110,162
20181106,서울특별시,11,동작구,11590,제주특별자치도,50,5,19,3,8,19,5,11,5,41,9,11
20181106,서울특별시,11,강서구,11500,제주특별자치도,50,7,77,18,42,66,14,44,6,151,46,48
20181106,서울특별시,11,강서구,11500,경상남도,48,74,400,80,237,497,63,401,70,779,276,461
20181106,서울특별시,11,강서구,11500,경상북도,47,50,263,40,194,342,41,301,46,611,210,319
20181106,서울특별시,11,강서구,11500,전라남도,46,24,175,32,134,204,23,185,29,430,121,212
20181106,서울특별시,11,강서구,11500,전라북도,45,24,238,23,142,229,22,212,39,475,158,212
20181106,서울특별시,11,강서구,11500,충청남도,44,34,259,27,214,322,31,259,74,625,215,264
20181106,서울특별시,11,강서구,11500,충청북도,43,40,203,35,130,239,35,182,33,455,142,227
20181106,서울특별시,11,강서구,11500,강원도,42,37,183,28,108,205,33,195,23,384,119,167
20181106,서울특별시,11,강서구,11500,경기도,41,311,2170,275,1500,2565,294,2222,282,3825,1318,1960
20181106,서울특별시,11,강서구,11500,세종특별자치시,36,6,47,6,32,52,3,44,9,72,23,54
20181106,서울특별시,11,강서구,11500,울산광역시,31,24,141,22,102,150,23,153,25,303,107,148
20181106,서울특별시,11,강서구,11500,대전광역시,30,25,230,36,159,249,30,211,26,419,156,221
20181106,서울특별시,11,강서구,11500,광주광역시,29,25,196,38,115,176,28,188,22,412,148,240
20181106,서울특별시,11,강서구,11500,인천광역시,28,78,490,51,344,521,47,436,59,842,278,462
20181106,서울특별시,11,강서구,11500,대구광역시,27,45,377,49,221,320,35,355,64,556,236,311
20181106,서울특별시,11,강서구,11500,부산광역시,26,53,473,66,282,467,54,544,48,919,304,459
20181106,서울특별시,11,강서구,11500,서울특별시,11,234,1752,264,1397,1953,206,2096,207,2598,1067,1723
20181106,서울특별시,11,강동구,11740,서울특별시,11,536,985,267,372,1647,132,1043,108,1568,422,371
20181106,서울특별시,11,성동구,11200,서울특별시,11,195,3105,501,713,1492,234,852,165,2948,1451,582
20181106,서울특별시,11,강동구,11740,부산광역시,26,156,375,51,94,425,31,249,36,489,106,99
20181106,서울특별시,11,강동구,11740,대구광역시,27,128,151,62,53,300,31,160,22,304,68,63
20181106,서울특별시,11,강동구,11740,인천광역시,28,132,225,211,96,515,44,232,31,465,93,109
20181106,서울특별시,11,강동구,11740,광주광역시,29,60,132,33,38,231,10,105,9,219,40,44
20181106,서울특별시,11,강동구,11740,대전광역시,30,81,125,42,43,202,19,129,7,212,48,41
20181106,서울특별시,11,구로구,11530,제주특별자치도,50,6,53,3,27,79,3,52,14,79,19,37
20181106,서울특별시,11,구로구,11530,경상남도,48,25,345,28,224,539,59,308,50,551,126,336
20181106,서울특별시,11,구로구,11530,경상북도,47,37,264,15,174,348,49,237,49,405,86,241
20181106,서울특별시,11,구로구,11530,전라남도,46,18,169,13,105,220,27,127,18,291,61,149
20181106,서울특별시,11,구로구,11530,전라북도,45,27,192,12,153,215,24,155,20,345,112,149
20181106,서울특별시,11,구로구,11530,충청남도,44,65,227,23,143,360,29,224,37,387,78,198
20181106,서울특별시,11,구로구,11530,충청북도,43,20,175,18,108,264,38,152,28,265,61,127
20181106,서울특별시,11,구로구,11530,강원도,42,26,188,10,93,220,34,135,28,257,63,129
20181106,서울특별시,11,구로구,11530,경기도,41,218,1839,164,1245,2302,282,1180,230,2637,618,1369
20181106,서울특별시,11,구로구,11530,세종특별자치시,36,5,43,0,24,49,5,32,5,60,18,38
20181106,서울특별시,11,구로구,11530,울산광역시,31,18,122,7,90,194,28,116,25,202,33,115
20181106,서울특별시,11,구로구,11530,대전광역시,30,21,202,15,132,243,25,151,26,302,93,149
20181106,서울특별시,11,구로구,11530,광주광역시,29,27,143,14,138,213,24,118,25,322,59,115
20181106,서울특별시,11,구로구,11530,인천광역시,28,39,346,21,227,452,49,266,71,541,115,272
20181106,서울특별시,11,구로구,11530,대구광역시,27,37,257,24,200,361,38,208,32,439,78,237
20181106,서울특별시,11,구로구,11530,부산광역시,26,43,371,48,244,546,52,306,34,495,133,288
20181106,서울특별시,11,구로구,11530,서울특별시,11,147,1621,182,986,1757,180,946,145,2026,465,1059
20181106,서울특별시,11,강동구,11740,울산광역시,31,31,157,51,26,155,6,91,15,169,28,36
20181106,서울특별시,11,강동구,11740,세종특별자치시,36,15,38,13,11,56,0,24,0,52,5,11
20181106,서울특별시,11,강동구,11740,경기도,41,656,1371,367,447,2184,202,1165,173,2427,466,456
20181106,서울특별시,11,강동구,11740,강원도,42,53,221,22,51,264,19,132,16,196,38,44
20181106,서울특별시,11,강동구,11740,충청북도,43,62,262,38,49,239,18,137,20,292,46,62
20181106,서울특별시,11,강동구,11740,충청남도,44,80,411,55,57,323,22,180,33,312,73,78
20181106,서울특별시,11,강동구,11740,전라북도,45,77,300,33,37,225,26,143,27,252,30,47
20181106,서울특별시,11,강동구,11740,전라남도,46,59,281,28,38,275,24,95,21,208,39,35
20181106,서울특별시,11,강동구,11740,경상북도,47,87,347,35,71,382,28,186,16,375,59,61
20181106,서울특별시,11,강동구,11740,경상남도,48,117,377,74,127,399,40,210,40,478,71,82
20181106,서울특별시,11,강동구,11740,제주특별자치도,50,16,26,0,13,63,3,57,5,64,14,7
20181106,서울특별시,11,중구,11140,서울특별시,11,367,2644,465,508,2318,214,625,144,5337,1399,472
20181106,서울특별시,11,중구,11140,부산광역시,26,81,717,111,119,474,56,190,60,1493,335,137
20181106,서울특별시,11,중구,11140,대구광역시,27,53,450,78,76,319,42,140,37,1050,243,96
20181106,서울특별시,11,중구,11140,인천광역시,28,70,452,95,86,488,41,208,48,1270,276,101
20181106,서울특별시,11,중구,11140,광주광역시,29,48,309,63,48,246,34,110,29,777,175,63
20181106,서울특별시,11,중구,11140,대전광역시,30,50,316,49,63,269,44,76,28,680,163,51
20181106,서울특별시,11,중구,11140,울산광역시,31,48,198,39,34,158,29,58,16,475,112,50
20181106,서울특별시,11,중구,11140,세종특별자치시,36,18,72,10,8,50,7,24,7,127,27,14
20181106,서울특별시,11,중구,11140,경기도,41,400,2655,439,567,2524,301,846,208,5953,1440,499
20181106,서울특별시,11,중구,11140,강원도,42,35,283,71,52,255,38,85,24,616,155,32
20181106,서울특별시,11,중구,11140,충청북도,43,52,293,52,70,259,37,89,39,676,156,51
20181106,서울특별시,11,중구,11140,충청남도,44,44,395,72,96,308,49,116,48,907,195,69
20181106,서울특별시,11,중구,11140,전라북도,45,34,282,44,47,240,31,98,36,709,153,59
20181106,서울특별시,11,중구,11140,전라남도,46,43,300,58,54,210,27,78,27,629,131,49
20181106,서울특별시,11,중구,11140,경상북도,47,42,425,86,88,380,45,143,31,967,194,84
20181106,서울특별시,11,중구,11140,경상남도,48,72,566,100,101,468,89,172,53,1355,302,115
20181106,서울특별시,11,중구,11140,제주특별자치도,50,20,90,20,30,93,18,33,9,195,43,20
20181106,서울특별시,11,양천구,11470,제주특별자치도,50,11,16,0,15,35,8,16,13,29,10,24
20181106,서울특별시,11,양천구,11470,경상남도,48,93,174,16,142,330,56,148,55,157,80,349
20181106,서울특별시,11,양천구,11470,경상북도,47,74,127,10,119,270,34,147,38,124,63,241
20181106,서울특별시,11,양천구,11470,전라남도,46,54,88,7,85,180,31,76,25,88,43,156
20181106,서울특별시,11,양천구,11470,전라북도,45,52,77,3,98,176,31,75,20,102,45,177
20181106,서울특별시,11,양천구,11470,충청남도,44,69,119,15,127,273,47,140,39,124,81,229
20181106,서울특별시,11,양천구,11470,충청북도,43,43,96,12,88,176,29,100,24,110,43,143
20181106,서울특별시,11,양천구,11470,강원도,42,43,72,6,73,189,24,82,16,75,34,122
20181106,서울특별시,11,양천구,11470,경기도,41,453,955,113,908,1678,260,739,258,1231,434,1394
20181106,서울특별시,11,양천구,11470,세종특별자치시,36,15,20,4,16,33,0,11,10,20,5,36
20181106,서울특별시,11,양천구,11470,울산광역시,31,36,50,14,67,121,22,47,22,62,22,122
20181106,서울특별시,11,양천구,11470,대전광역시,30,46,92,6,99,179,34,87,20,80,44,137
20181106,서울특별시,11,양천구,11470,광주광역시,29,38,113,5,83,151,27,79,22,65,36,168
20181106,서울특별시,11,양천구,11470,인천광역시,28,102,215,12,179,336,49,149,52,179,95,317
20181106,서울특별시,11,양천구,11470,대구광역시,27,60,117,9,132,247,27,158,34,109,75,195
20181106,서울특별시,11,양천구,11470,부산광역시,26,89,216,16,143,302,62,179,40,159,101,337
20181106,서울특별시,11,양천구,11470,서울특별시,11,332,816,73,753,1084,194,630,146,792,314,1208
20181106,서울특별시,11,금천구,11545,제주특별자치도,50,21,125,15,96,76,13,33,13,182,65,73
20181106,서울특별시,11,금천구,11545,경상남도,48,121,671,61,486,590,99,286,124,734,357,737
20181106,서울특별시,11,금천구,11545,경상북도,47,93,473,62,420,382,79,256,84,547,280,517
20181106,서울특별시,11,금천구,11545,전라남도,46,49,304,52,238,298,54,155,34,355,160,301
20181106,서울특별시,11,금천구,11545,전라북도,45,58,330,52,233,292,51,143,56,452,207,338
20181106,서울특별시,11,금천구,11545,충청남도,44,85,456,69,381,399,66,221,84,548,274,649
20181106,서울특별시,11,금천구,11545,충청북도,43,66,321,43,270,285,51,146,59,335,177,304
20181106,서울특별시,11,금천구,11545,강원도,42,47,311,49,227,258,52,132,38,360,197,272
20181106,서울특별시,11,금천구,11545,경기도,41,670,3152,328,2493,3045,487,1408,508,3521,1785,3126
20181106,서울특별시,11,금천구,11545,세종특별자치시,36,19,71,10,57,75,11,42,22,104,44,78
20181106,서울특별시,11,금천구,11545,울산광역시,31,41,200,27,158,212,45,75,38,284,120,278
20181106,서울특별시,11,금천구,11545,대전광역시,30,50,394,33,259,320,48,152,48,406,209,366
20181106,서울특별시,11,금천구,11545,광주광역시,29,58,351,50,252,291,40,129,38,446,196,357
20181106,서울특별시,11,금천구,11545,인천광역시,28,173,737,65,573,652,75,333,125,685,395,704
20181106,서울특별시,11,금천구,11545,대구광역시,27,79,516,53,354,465,105,224,66,574,287,522
20181106,서울특별시,11,금천구,11545,부산광역시,26,122,710,92,572,623,159,282,93,708,375,799
20181106,서울특별시,11,금천구,11545,서울특별시,11,492,2646,276,2182,2625,372,1238,273,3065,1564,2831
20181106,서울특별시,11,용산구,11170,서울특별시,11,309,2409,111,10810,1476,251,498,160,1763,952,484
20181106,서울특별시,11,용산구,11170,부산광역시,26,75,606,16,2570,293,57,83,50,441,266,143
20181106,서울특별시,11,용산구,11170,대구광역시,27,48,440,9,1753,183,43,66,36,379,159,88
20181106,서울특별시,11,용산구,11170,인천광역시,28,69,558,13,2377,343,50,113,66,438,173,120
20181106,서울특별시,11,용산구,11170,광주광역시,29,34,248,8,1099,141,23,29,22,260,97,64
20181106,서울특별시,11,용산구,11170,대전광역시,30,41,266,9,1362,165,28,43,15,207,118,56
20181106,서울특별시,11,용산구,11170,울산광역시,31,28,176,8,900,94,29,23,18,185,52,42
20181106,서울특별시,11,용산구,11170,세종특별자치시,36,8,60,3,278,38,5,13,14,65,18,27
20181106,서울특별시,11,용산구,11170,경기도,41,429,2654,140,12017,1694,309,489,256,2332,1026,511
20181106,서울특별시,11,용산구,11170,강원도,42,44,229,12,1021,131,28,39,23,188,90,51
20181106,서울특별시,11,용산구,11170,충청북도,43,52,300,19,1304,135,43,43,22,211,93,48
20181106,서울특별시,11,용산구,11170,충청남도,44,74,356,10,1826,270,58,50,50,339,133,69
20181106,서울특별시,11,용산구,11170,전라북도,45,43,272,17,1195,161,36,29,19,250,98,65
20181106,서울특별시,11,용산구,11170,전라남도,46,41,250,11,1159,127,31,39,26,228,75,50
20181106,서울특별시,11,용산구,11170,경상북도,47,80,402,18,1713,255,55,62,51,347,117,92
20181106,서울특별시,11,용산구,11170,경상남도,48,92,496,18,2227,308,74,67,38,441,200,115
20181106,서울특별시,11,용산구,11170,제주특별자치도,50,13,90,9,336,36,9,13,7,66,26,9
20181106,서울특별시,11,성북구,11290,제주특별자치도,50,19,118,7,52,77,23,30,29,729,242,90
20181106,서울특별시,11,성북구,11290,경상남도,48,117,848,75,353,646,119,326,267,4612,1616,553
20181106,서울특별시,11,성북구,11290,경상북도,47,100,662,56,260,448,81,245,210,3494,1163,400
20181106,서울특별시,11,성북구,11290,전라남도,46,48,426,33,160,325,54,139,121,2266,755,261
20181106,서울특별시,11,성북구,11290,전라북도,45,57,423,18,216,292,51,147,150,2464,805,268
20181106,서울특별시,11,성북구,11290,충청남도,44,91,612,32,262,492,112,220,198,3194,1107,338
20181106,서울특별시,11,성북구,11290,충청북도,43,53,426,40,191,310,49,165,139,2241,821,253
20181106,서울특별시,11,성북구,11290,강원도,42,56,390,34,158,285,59,158,105,2287,752,212
20181106,서울특별시,11,성북구,11290,경기도,41,553,3924,362,1770,2879,577,1676,1276,20314,7408,2328
20181106,서울특별시,11,성북구,11290,세종특별자치시,36,17,97,7,25,79,15,36,29,535,197,59
20181106,서울특별시,11,성북구,11290,울산광역시,31,34,344,18,107,211,48,125,122,1704,576,195
20181106,서울특별시,11,성북구,11290,대전광역시,30,46,431,27,189,339,50,152,138,2298,933,280
20181106,서울특별시,11,성북구,11290,광주광역시,29,50,418,28,172,275,53,153,135,2452,908,254
20181106,서울특별시,11,성북구,11290,인천광역시,28,112,989,49,371,648,116,329,314,4505,1664,533
20181106,서울특별시,11,성북구,11290,대구광역시,27,85,687,36,251,444,81,228,238,3415,1244,394
20181106,서울특별시,11,성북구,11290,부산광역시,26,106,887,45,359,684,101,385,302,4584,1726,611
20181106,서울특별시,11,성북구,11290,서울특별시,11,358,3406,211,1599,2323,419,1436,952,15537,6451,1932
20181106,서울특별시,11,서초구,11650,서울특별시,11,236,2728,598,969,1566,306,2019,185,1344,1104,909
20181106,서울특별시,11,서초구,11650,부산광역시,26,62,521,103,233,372,61,357,44,301,311,240
20181106,서울특별시,11,서초구,11650,대구광역시,27,40,442,93,150,267,49,248,34,203,202,186
20181106,서울특별시,11,서초구,11650,인천광역시,28,50,548,78,192,417,70,355,68,301,271,201
20181106,서울특별시,11,서초구,11650,광주광역시,29,19,336,67,98,154,36,154,20,142,130,81
20181106,서울특별시,11,서초구,11650,대전광역시,30,27,283,57,121,184,32,207,28,134,134,107
20181106,서울특별시,11,서초구,11650,울산광역시,31,13,193,30,79,133,24,106,12,90,126,79
20181106,서울특별시,11,서초구,11650,세종특별자치시,36,7,70,14,25,40,8,43,4,29,35,19
20181106,서울특별시,11,서초구,11650,경기도,41,333,2805,557,1122,1824,382,1678,246,1854,1317,1073
20181106,서울특별시,11,서초구,11650,강원도,42,45,245,53,85,178,19,124,23,101,142,92
20181106,서울특별시,11,서초구,11650,충청북도,43,35,245,52,99,206,38,152,23,130,124,98
20181106,서울특별시,11,서초구,11650,충청남도,44,45,609,62,138,295,35,214,40,191,167,165
20181106,서울특별시,11,서초구,11650,전라북도,45,36,300,49,97,238,38,160,19,153,115,122
20181106,서울특별시,11,서초구,11650,전라남도,46,16,296,47,93,173,27,156,21,100,116,90
20181106,서울특별시,11,서초구,11650,경상북도,47,43,380,76,158,281,38,273,46,205,179,191
20181106,서울특별시,11,서초구,11650,경상남도,48,35,508,79,226,354,57,285,35,241,220,219
20181106,서울특별시,11,서초구,11650,제주특별자치도,50,10,71,24,21,54,5,32,10,28,50,34
20181106,서울특별시,11,종로구,11110,제주특별자치도,50,15,46,7,6,25,3,11,30,58,48,4
20181106,서울특별시,11,종로구,11110,경상남도,48,57,202,65,76,157,15,66,62,406,363,35
20181106,서울특별시,11,종로구,11110,경상북도,47,32,156,57,43,130,8,41,27,327,270,19
20181106,서울특별시,11,종로구,11110,전라남도,46,26,101,39,23,76,5,36,35,228,174,16
20181106,서울특별시,11,종로구,11110,전라북도,45,24,123,39,29,75,3,32,41,210,206,20
20181106,서울특별시,11,종로구,11110,충청남도,44,29,165,46,53,125,8,53,29,307,237,24
20181106,서울특별시,11,종로구,11110,충청북도,43,33,130,27,39,96,6,51,36,215,165,17
20181106,서울특별시,11,종로구,11110,강원도,42,29,110,23,32,87,7,40,48,209,186,24
20181106,서울특별시,11,동대문구,11230,서울특별시,11,651,1735,182,603,1281,187,1675,210,4303,1022,641
20181106,서울특별시,11,동대문구,11230,부산광역시,26,121,570,51,141,434,40,547,88,1259,268,188
20181106,서울특별시,11,동대문구,11230,대구광역시,27,87,339,23,92,292,37,357,40,942,175,137
20181106,서울특별시,11,동대문구,11230,인천광역시,28,186,485,29,155,424,52,446,79,1295,250,181
20181106,서울특별시,11,동대문구,11230,광주광역시,29,51,239,29,87,184,23,205,44,663,145,95
20181106,서울특별시,11,동대문구,11230,대전광역시,30,83,255,26,64,260,35,225,43,631,137,94
20181106,서울특별시,11,동대문구,11230,울산광역시,31,46,159,22,36,159,30,175,22,428,85,63
20181106,서울특별시,11,동대문구,11230,세종특별자치시,36,20,47,10,18,49,4,49,8,116,36,35
20181106,서울특별시,11,동대문구,11230,경기도,41,753,2290,208,723,1936,249,2194,368,5705,1237,860
20181106,서울특별시,11,동대문구,11230,강원도,42,76,228,19,65,205,23,230,19,537,103,111
20181106,서울특별시,11,동대문구,11230,충청북도,43,72,260,21,84,240,24,256,28,681,147,87
20181106,서울특별시,11,동대문구,11230,충청남도,44,86,336,24,100,324,30,337,52,797,188,136
20181106,서울특별시,11,동대문구,11230,전라북도,45,50,264,15,57,223,20,243,36,651,125,97
20181106,서울특별시,11,동대문구,11230,전라남도,46,47,242,13,53,236,36,244,35,567,120,82
20181106,서울특별시,11,동대문구,11230,경상북도,47,91,370,20,117,335,47,376,56,892,185,124
20181106,서울특별시,11,동대문구,11230,경상남도,48,117,458,47,138,460,60,489,98,1173,238,202
20181106,서울특별시,11,동대문구,11230,제주특별자치도,50,28,76,5,31,66,13,47,13,180,41,18
20181106,서울특별시,11,관악구,11620,제주특별자치도,50,8,58,14,28,16,4,7,5,51,11,30
20181106,서울특별시,11,관악구,11620,경상남도,48,46,302,49,133,224,28,54,79,333,89,231
20181106,서울특별시,11,관악구,11620,경상북도,47,43,197,43,101,168,16,33,40,261,88,185
20181106,서울특별시,11,관악구,11620,전라남도,46,19,140,19,57,92,13,27,15,165,44,119
20181106,서울특별시,11,관악구,11620,전라북도,45,32,158,18,86,145,7,31,44,183,59,128
20181106,서울특별시,11,관악구,11620,충청남도,44,32,205,21,108,175,11,52,48,228,80,139
20181106,서울특별시,11,관악구,11620,충청북도,43,38,168,28,79,105,15,22,39,206,41,125
20181106,서울특별시,11,관악구,11620,강원도,42,23,127,25,75,88,6,26,17,180,41,121
20181106,서울특별시,11,관악구,11620,경기도,41,293,1313,263,718,1132,116,277,249,2048,503,1151
20181106,서울특별시,11,관악구,11620,세종특별자치시,36,8,51,6,10,25,4,5,16,50,13,24
20181106,서울특별시,11,관악구,11620,울산광역시,31,9,106,17,53,75,10,26,17,125,32,82
20181106,서울특별시,11,관악구,11620,대전광역시,30,27,145,36,79,110,11,17,26,176,55,127
20181106,서울특별시,11,관악구,11620,광주광역시,29,33,169,33,68,118,9,16,26,206,56,140
20181106,서울특별시,11,관악구,11620,인천광역시,28,62,240,60,158,240,29,44,46,367,86,258
20181106,서울특별시,11,관악구,11620,대구광역시,27,41,200,53,92,155,18,37,41,286,85,186
20181106,서울특별시,11,관악구,11620,부산광역시,26,42,289,92,156,241,21,50,43,360,123,260
20181106,서울특별시,11,관악구,11620,서울특별시,11,237,1024,323,550,840,87,195,134,1537,350,899
20181106,서울특별시,11,영등포구,11560,제주특별자치도,50,5,77,16,91,36,4,44,7,35,11,26
20181106,서울특별시,11,영등포구,11560,경상남도,48,31,546,104,591,332,30,388,24,290,102,170
20181106,서울특별시,11,영등포구,11560,경상북도,47,28,395,84,444,335,19,270,11,175,74,151
20181106,서울특별시,11,영등포구,11560,전라남도,46,15,293,73,296,145,11,187,9,108,51,81
20181106,서울특별시,11,영등포구,11560,전라북도,45,17,335,68,295,156,11,182,21,129,68,77
20181106,서울특별시,11,광진구,11215,제주특별자치도,50,9,25,6,24,24,6,30,3,60,61,18
20181106,서울특별시,11,광진구,11215,경상남도,48,37,177,34,207,201,57,107,28,290,235,148
20181106,서울특별시,11,광진구,11215,경상북도,47,34,127,8,112,180,40,80,22,252,168,99
20181106,서울특별시,11,광진구,11215,전라남도,46,26,105,21,86,92,24,70,18,164,133,70
20181106,서울특별시,11,광진구,11215,전라북도,45,25,100,8,89,113,23,51,22,207,144,74
20181106,서울특별시,11,광진구,11215,충청남도,44,41,133,14,155,130,38,73,35,235,186,95
20181106,서울특별시,11,광진구,11215,충청북도,43,19,109,12,103,119,21,47,29,175,126,65
20181106,서울특별시,11,광진구,11215,강원도,42,16,84,10,91,98,20,47,14,166,113,62
20181106,서울특별시,11,광진구,11215,경기도,41,235,1010,112,972,1046,219,524,225,1749,1114,727
20181106,서울특별시,11,광진구,11215,세종특별자치시,36,6,16,4,14,21,4,15,3,21,30,11
20181106,서울특별시,11,광진구,11215,울산광역시,31,15,60,7,71,76,13,31,16,109,79,40
20181106,서울특별시,11,광진구,11215,대전광역시,30,26,115,11,131,104,21,47,14,157,125,92
20181106,서울특별시,11,광진구,11215,광주광역시,29,26,86,11,77,97,30,50,10,165,104,63
20181106,서울특별시,11,광진구,11215,인천광역시,28,49,190,11,202,254,33,100,23,324,258,125
20181106,서울특별시,11,광진구,11215,대구광역시,27,38,150,21,146,185,37,66,30,229,217,110
20181106,서울특별시,11,광진구,11215,부산광역시,26,36,235,31,200,238,48,148,40,334,255,171
20181106,서울특별시,11,영등포구,11560,충청남도,44,33,441,96,431,232,14,242,14,166,68,114
20181106,서울특별시,11,영등포구,11560,충청북도,43,19,278,79,268,146,17,152,16,135,52,95
20181106,서울특별시,11,영등포구,11560,강원도,42,18,268,53,294,314,11,180,8,129,52,69
20181106,서울특별시,11,영등포구,11560,경기도,41,204,2910,686,2956,1512,112,1803,106,1534,540,788
20181106,서울특별시,11,영등포구,11560,세종특별자치시,36,5,67,23,84,43,0,42,5,33,8,15
20181106,서울특별시,11,영등포구,11560,울산광역시,31,9,205,36,233,133,6,135,10,99,50,76
20181106,서울특별시,11,영등포구,11560,대전광역시,30,20,313,94,336,167,13,170,14,124,75,76
20181106,서울특별시,11,영등포구,11560,광주광역시,29,13,233,105,331,157,17,167,13,151,62,83
20181106,서울특별시,11,영등포구,11560,인천광역시,28,41,641,122,591,343,24,382,27,217,105,160
20181106,서울특별시,11,영등포구,11560,대구광역시,27,25,499,122,441,245,23,331,24,179,89,136
20181106,서울특별시,11,영등포구,11560,부산광역시,26,28,615,278,614,424,38,430,22,264,103,180
20181106,서울특별시,11,영등포구,11560,서울특별시,11,159,2796,820,2531,1271,115,1401,84,1158,471,581
20181106,서울특별시,11,광진구,11215,서울특별시,11,179,885,136,844,784,156,505,104,1339,891,694
20181106,서울특별시,11,도봉구,11320,서울특별시,11,114,1995,381,2151,689,112,1203,229,1539,960,1160
20181106,서울특별시,11,도봉구,11320,부산광역시,26,38,430,87,508,163,18,285,59,452,321,366
20181106,서울특별시,11,도봉구,11320,대구광역시,27,17,332,82,339,128,26,197,58,349,248,301
20181106,서울특별시,11,도봉구,11320,인천광역시,28,31,488,62,493,175,20,337,67,473,278,336
20181106,서울특별시,11,도봉구,11320,광주광역시,29,14,193,58,233,80,14,103,31,232,169,172
20181106,서울특별시,11,도봉구,11320,대전광역시,30,14,210,41,268,78,10,169,44,202,120,194
20181106,서울특별시,11,도봉구,11320,울산광역시,31,7,117,32,159,63,7,137,30,184,129,144
20181106,서울특별시,11,도봉구,11320,세종특별자치시,36,3,48,4,47,14,0,39,8,57,23,28
20181106,서울특별시,11,도봉구,11320,경기도,41,128,2113,444,2276,903,134,1259,385,2360,1484,1579
20181106,서울특별시,11,도봉구,11320,강원도,42,10,191,26,234,86,7,138,31,195,148,162
20181106,서울특별시,11,도봉구,11320,충청북도,43,15,213,55,237,102,17,179,48,267,159,177
20181106,서울특별시,11,도봉구,11320,충청남도,44,30,269,50,301,102,18,230,55,319,228,225
20181106,서울특별시,11,도봉구,11320,전라북도,45,17,183,93,225,83,18,153,47,262,149,200
20181106,서울특별시,11,도봉구,11320,전라남도,46,6,177,47,231,84,11,167,52,208,173,195
20181106,서울특별시,11,도봉구,11320,경상북도,47,18,314,61,361,166,16,201,54,342,239,263
20181106,서울특별시,11,도봉구,11320,경상남도,48,34,384,66,417,163,24,281,63,478,303,331
20181106,서울특별시,11,도봉구,11320,제주특별자치도,50,0,77,22,52,30,0,39,9,56,33,45
20181106,서울특별시,11,종로구,11110,경기도,41,252,1105,200,366,811,72,440,239,1875,1509,177
20181106,서울특별시,11,종로구,11110,세종특별자치시,36,4,28,10,6,24,0,15,7,45,46,5
20181106,서울특별시,11,종로구,11110,울산광역시,31,28,91,21,23,53,3,14,16,174,117,8
20181106,서울특별시,11,종로구,11110,대전광역시,30,21,111,21,22,86,0,33,31,226,213,11
20181106,서울특별시,11,종로구,11110,광주광역시,29,19,94,25,31,78,5,21,45,230,166,35
20181106,서울특별시,11,종로구,11110,인천광역시,28,47,202,47,55,150,11,62,43,279,305,27
20181106,서울특별시,11,종로구,11110,대구광역시,27,39,140,29,59,131,12,36,23,302,217,29
20181106,서울특별시,11,종로구,11110,부산광역시,26,53,229,53,81,145,16,62,32,477,347,52
20181106,서울특별시,11,종로구,11110,서울특별시,11,194,1026,289,285,577,45,275,119,1437,1105,189
20181107,서울특별시,11,노원구,11350,대전광역시,30,13,136,8,44,49,7,33,13,237,48,23
20181107,서울특별시,11,노원구,11350,광주광역시,29,12,94,3,27,48,4,28,17,166,37,30
20181107,서울특별시,11,노원구,11350,인천광역시,28,41,186,13,64,122,15,60,28,319,73,66
20181107,서울특별시,11,노원구,11350,대구광역시,27,31,143,13,37,67,11,38,28,255,65,57
20181107,서울특별시,11,노원구,11350,부산광역시,26,40,212,12,60,105,12,47,26,336,82,67
20181107,서울특별시,11,노원구,11350,서울특별시,11,121,817,69,412,504,61,287,110,1470,332,282
20181107,서울특별시,11,강서구,11500,세종특별자치시,36,13,32,7,28,65,6,27,5,79,38,57
20181107,서울특별시,11,금천구,11545,대구광역시,27,73,516,10,351,449,93,415,62,524,296,474
20181107,서울특별시,11,금천구,11545,인천광역시,28,179,594,52,640,628,66,523,50,645,372,652
20181107,서울특별시,11,용산구,11170,전라북도,45,25,252,8,1198,297,26,54,30,216,90,47
20181107,서울특별시,11,용산구,11170,전라남도,46,17,265,25,1013,221,29,50,22,211,60,42
20181107,서울특별시,11,용산구,11170,경상북도,47,37,409,18,1705,343,39,81,16,315,100,68
20181107,서울특별시,11,마포구,11440,세종특별자치시,36,7,59,22,14,88,0,65,46,48,42,12
20181107,서울특별시,11,용산구,11170,경상남도,48,46,476,20,2104,474,74,83,45,388,166,116
20181107,서울특별시,11,용산구,11170,제주특별자치도,50,15,82,8,338,87,6,13,4,73,22,11
20181107,서울특별시,11,금천구,11545,부산광역시,26,134,633,25,509,627,122,568,43,628,344,693
20181107,서울특별시,11,동작구,11590,서울특별시,11,253,1079,225,448,557,136,368,75,1037,378,649
20181107,서울특별시,11,강북구,11305,제주특별자치도,50,4,26,3,7,8,0,3,7,87,10,7
20181107,서울특별시,11,성동구,11200,울산광역시,31,11,175,33,40,56,22,58,22,201,84,39
20181107,서울특별시,11,성동구,11200,대전광역시,30,19,254,54,87,114,28,79,28,330,85,44
20181107,서울특별시,11,성동구,11200,광주광역시,29,11,208,33,77,95,18,101,22,306,90,58
20181107,서울특별시,11,성동구,11200,인천광역시,28,35,540,52,182,175,55,161,53,633,195,98
20181107,서울특별시,11,성동구,11200,대구광역시,27,24,385,60,118,161,58,135,32,423,141,81
20181107,서울특별시,11,마포구,11440,경기도,41,275,2903,611,1046,3771,205,2590,1647,2604,1694,679
20181107,서울특별시,11,마포구,11440,강원도,42,29,246,62,47,400,12,271,219,220,155,63
20181107,서울특별시,11,마포구,11440,충청북도,43,24,295,52,95,398,13,315,172,323,196,65
20181107,서울특별시,11,마포구,11440,충청남도,44,32,420,88,118,661,14,379,255,326,236,101
20181107,서울특별시,11,마포구,11440,전라북도,45,20,309,57,101,473,12,315,176,292,175,51
20181107,서울특별시,11,마포구,11440,전라남도,46,14,252,67,93,384,18,275,195,203,175,59
20181107,서울특별시,11,강북구,11305,경상남도,48,26,240,7,48,78,17,31,87,579,104,57
20181107,서울특별시,11,강북구,11305,경상북도,47,7,190,6,35,56,12,29,49,475,79,32
20181107,서울특별시,11,중구,11140,경기도,41,391,2802,299,498,2814,327,727,220,5373,1250,418
20181107,서울특별시,11,금천구,11545,서울특별시,11,547,2462,261,1950,2401,359,2137,238,2838,1412,2391
20181107,서울특별시,11,강북구,11305,전라남도,46,8,125,3,25,45,4,22,46,294,61,24
20181107,서울특별시,11,강북구,11305,전라북도,45,8,151,7,22,36,9,22,54,323,61,25
20181107,서울특별시,11,강북구,11305,충청남도,44,11,175,5,36,62,7,27,58,407,68,28
20181107,서울특별시,11,강북구,11305,충청북도,43,8,137,6,38,45,8,15,46,363,54,25
20181107,서울특별시,11,강북구,11305,강원도,42,9,102,6,24,47,4,9,35,270,48,15
20181107,서울특별시,11,강남구,11680,제주특별자치도,50,12,91,8,16,57,3,48,12,132,46,66
20181107,서울특별시,11,금천구,11545,광주광역시,29,81,307,11,251,283,53,229,33,403,181,278
20181107,서울특별시,11,강남구,11680,경상남도,48,37,454,30,172,378,49,274,52,605,244,436
20181107,서울특별시,11,마포구,11440,경상북도,47,42,412,123,123,542,18,426,278,372,260,103
20181107,서울특별시,11,마포구,11440,경상남도,48,43,567,113,168,714,17,629,399,484,345,136
20181107,서울특별시,11,마포구,11440,제주특별자치도,50,12,111,22,22,95,3,30,17,85,63,21
20181107,서울특별시,11,동작구,11590,강원도,42,44,91,11,58,58,17,31,18,78,30,55
20181107,서울특별시,11,동작구,11590,충청북도,43,41,124,22,60,55,17,44,17,139,48,59
20181107,서울특별시,11,동작구,11590,충청남도,44,51,185,22,72,82,23,41,23,139,67,82
20181107,서울특별시,11,동작구,11590,전라북도,45,45,132,19,47,56,13,32,21,120,45,71
20181107,서울특별시,11,동작구,11590,전라남도,46,39,96,16,45,74,16,30,17,85,38,67
20181107,서울특별시,11,동작구,11590,경상북도,47,67,149,21,66,101,26,38,24,136,72,106
20181107,서울특별시,11,동작구,11590,경상남도,48,77,210,38,104,144,43,68,29,183,81,150
20181107,서울특별시,11,동작구,11590,제주특별자치도,50,13,20,8,12,6,0,11,0,33,17,13
20181107,서울특별시,11,중랑구,11260,제주특별자치도,50,23,26,7,21,46,3,22,18,182,58,33
20181107,서울특별시,11,동대문구,11230,서울특별시,11,439,1792,158,656,1319,145,1459,183,3945,903,658
20181107,서울특별시,11,동대문구,11230,부산광역시,26,91,466,46,152,373,56,451,64,1169,234,158
20181107,서울특별시,11,동대문구,11230,대구광역시,27,89,369,30,100,285,41,271,44,843,187,121
20181107,서울특별시,11,동대문구,11230,인천광역시,28,134,467,27,138,409,40,459,68,1202,216,142
20181107,서울특별시,11,동대문구,11230,광주광역시,29,41,235,27,77,202,18,224,20,629,115,77
20181107,서울특별시,11,동대문구,11230,대전광역시,30,63,219,16,71,204,20,192,33,552,113,93
20181107,서울특별시,11,종로구,11110,경상남도,48,46,223,37,48,139,11,59,49,418,286,21
20181107,서울특별시,11,종로구,11110,제주특별자치도,50,13,45,7,13,15,3,7,24,54,32,7
20181107,서울특별시,11,양천구,11470,제주특별자치도,50,10,24,0,24,27,7,17,6,14,7,33
20181107,서울특별시,11,양천구,11470,경상남도,48,73,136,12,174,281,67,138,54,173,77,226
20181107,서울특별시,11,양천구,11470,경상북도,47,58,99,5,136,215,40,113,32,111,60,164
20181107,서울특별시,11,양천구,11470,전라남도,46,34,85,9,78,116,31,65,16,63,33,98
20181107,서울특별시,11,양천구,11470,전라북도,45,36,73,9,100,138,22,90,25,104,46,119
20181107,서울특별시,11,양천구,11470,충청남도,44,60,102,6,139,216,52,120,35,118,62,160
20181107,서울특별시,11,양천구,11470,충청북도,43,43,96,14,109,158,28,77,27,169,38,118
20181107,서울특별시,11,양천구,11470,강원도,42,28,85,5,84,131,29,80,17,65,42,105
20181107,서울특별시,11,양천구,11470,경기도,41,390,799,94,1014,1340,264,710,245,1273,438,1138
20181107,서울특별시,11,양천구,11470,세종특별자치시,36,11,19,0,25,27,8,15,4,25,14,28
20181107,서울특별시,11,양천구,11470,울산광역시,31,30,65,5,67,92,29,56,24,54,28,88
20181107,서울특별시,11,양천구,11470,대전광역시,30,54,78,5,115,142,28,75,22,85,40,126
20181107,서울특별시,11,양천구,11470,광주광역시,29,31,104,4,84,129,25,60,20,73,51,138
20181107,서울특별시,11,영등포구,11560,경기도,41,114,2389,472,2481,1405,110,1401,97,1481,499,744
20181107,서울특별시,11,영등포구,11560,강원도,42,13,223,42,207,133,17,153,8,83,36,87
20181107,서울특별시,11,영등포구,11560,충청북도,43,17,224,43,272,160,6,147,12,172,42,83
20181107,서울특별시,11,영등포구,11560,충청남도,44,17,348,67,333,361,13,191,17,158,52,90
20181107,서울특별시,11,영등포구,11560,전라북도,45,9,254,36,272,161,14,117,13,125,47,84
20181107,서울특별시,11,영등포구,11560,전라남도,46,12,237,24,251,156,11,134,10,85,24,77
20181107,서울특별시,11,관악구,11620,제주특별자치도,50,4,38,8,14,20,0,4,11,41,19,14
20181107,서울특별시,11,관악구,11620,경상남도,48,31,238,24,129,263,17,68,50,266,66,162
20181107,서울특별시,11,관악구,11620,경상북도,47,50,169,30,127,177,18,39,33,183,58,147
20181107,서울특별시,11,관악구,11620,전라남도,46,16,141,11,80,96,10,21,28,122,45,86
20181107,서울특별시,11,관악구,11620,전라북도,45,29,159,41,75,119,8,29,32,163,38,86
20181107,서울특별시,11,관악구,11620,충청남도,44,23,189,20,96,167,14,51,34,188,60,110
20181107,서울특별시,11,관악구,11620,충청북도,43,24,163,31,68,129,24,53,28,190,34,81
20181107,서울특별시,11,관악구,11620,강원도,42,22,115,12,56,106,9,30,22,135,37,80
20181107,서울특별시,11,관악구,11620,경기도,41,166,1195,177,637,1238,94,261,206,1570,419,856
20181107,서울특별시,11,관악구,11620,세종특별자치시,36,3,19,5,17,26,5,3,6,33,5,25
20181107,서울특별시,11,관악구,11620,울산광역시,31,14,73,18,53,70,5,19,15,100,26,66
20181107,서울특별시,11,관악구,11620,대전광역시,30,22,121,24,83,114,12,23,20,144,50,80
20181107,서울특별시,11,관악구,11620,광주광역시,29,34,138,30,67,136,9,21,20,138,52,95
20181107,서울특별시,11,관악구,11620,인천광역시,28,52,254,37,148,248,15,42,40,297,75,176
20181107,서울특별시,11,관악구,11620,대구광역시,27,32,141,32,106,177,15,47,34,209,64,146
20181107,서울특별시,11,관악구,11620,부산광역시,26,38,269,59,151,293,24,64,42,283,113,205
20181107,서울특별시,11,관악구,11620,서울특별시,11,178,902,231,478,965,82,209,101,1253,310,679
20181107,서울특별시,11,성동구,11200,부산광역시,26,26,489,58,155,216,77,178,33,683,212,93
20181107,서울특별시,11,성동구,11200,서울특별시,11,159,2871,311,646,1114,264,795,160,2652,1001,477
20181107,서울특별시,11,강남구,11680,경상북도,47,29,386,57,116,297,25,225,37,428,175,335
20181107,서울특별시,11,강남구,11680,전라남도,46,30,222,16,89,180,34,141,28,222,108,192
20181107,서울특별시,11,강남구,11680,전라북도,45,18,277,22,85,185,16,139,51,336,139,218
20181107,서울특별시,11,강남구,11680,충청남도,44,33,308,51,140,275,20,195,49,409,167,282
20181107,서울특별시,11,강남구,11680,충청북도,43,38,229,33,118,182,16,161,32,380,118,212
20181107,서울특별시,11,강남구,11680,강원도,42,12,244,59,96,202,24,160,20,284,119,238
20181107,서울특별시,11,강남구,11680,경기도,41,282,3029,279,1083,2020,214,1450,320,3764,1325,2012
20181107,서울특별시,11,강남구,11680,세종특별자치시,36,7,60,6,21,43,5,22,7,68,22,33
20181107,서울특별시,11,강남구,11680,울산광역시,31,16,169,34,52,138,15,106,22,220,79,144
20181107,서울특별시,11,강남구,11680,대전광역시,30,24,325,31,121,258,27,116,40,358,172,202
20181107,서울특별시,11,강남구,11680,광주광역시,29,20,257,13,108,200,15,127,36,351,131,261
20181107,서울특별시,11,강남구,11680,인천광역시,28,54,559,59,189,427,42,315,62,654,283,470
20181107,서울특별시,11,영등포구,11560,경상북도,47,19,395,55,353,264,17,247,22,155,55,117
20181107,서울특별시,11,영등포구,11560,경상남도,48,26,586,87,492,525,26,310,19,237,82,171
20181107,서울특별시,11,영등포구,11560,제주특별자치도,50,5,63,113,71,51,4,43,3,44,10,23
20181107,서울특별시,11,강남구,11680,대구광역시,27,41,446,33,146,274,40,238,68,491,220,390
20181107,서울특별시,11,강남구,11680,부산광역시,26,40,618,66,199,420,27,324,54,743,301,509
20181107,서울특별시,11,강남구,11680,서울특별시,11,258,2984,358,1087,1802,195,1306,254,3404,1325,1965
20181107,서울특별시,11,강북구,11305,경기도,41,71,1257,48,263,439,50,160,383,2670,579,255
20181107,서울특별시,11,강북구,11305,세종특별자치시,36,0,22,3,6,12,0,5,11,48,12,6
20181107,서울특별시,11,강북구,11305,울산광역시,31,8,79,0,22,22,3,10,28,189,40,21
20181107,서울특별시,11,강북구,11305,대전광역시,30,11,114,7,29,49,3,11,34,255,52,19
20181107,서울특별시,11,강북구,11305,광주광역시,29,8,146,3,27,33,5,15,48,276,51,28
20181107,서울특별시,11,서초구,11650,제주특별자치도,50,7,78,11,14,43,7,49,5,26,23,22
20181107,서울특별시,11,서초구,11650,경상남도,48,60,442,108,201,317,36,312,48,185,162,234
20181107,서울특별시,11,서초구,11650,경상북도,47,44,282,73,159,262,31,203,23,143,132,162
20181107,서울특별시,11,서초구,11650,전라남도,46,21,194,216,93,193,24,120,22,81,88,108
20181107,서울특별시,11,서초구,11650,전라북도,45,29,205,121,100,204,9,118,27,115,93,99
20181107,서울특별시,11,서초구,11650,충청남도,44,54,249,78,144,256,25,189,23,113,133,130
20181107,서울특별시,11,서초구,11650,충청북도,43,24,246,73,122,213,18,116,29,161,99,88
20181107,서울특별시,11,서초구,11650,강원도,42,26,244,57,94,151,15,151,32,86,103,107
20181107,서울특별시,11,서초구,11650,경기도,41,266,2162,452,1027,1683,180,1507,215,1685,1004,869
20181107,서울특별시,11,동작구,11590,인천광역시,28,82,326,36,96,132,38,95,21,210,85,162
20181107,서울특별시,11,동작구,11590,광주광역시,29,38,139,28,45,55,18,38,15,104,47,87
20181107,서울특별시,11,강서구,11500,서울특별시,11,268,1661,396,1442,2256,268,1277,232,2528,1046,1554
20181107,서울특별시,11,강서구,11500,부산광역시,26,59,468,78,310,514,71,385,59,764,283,393
20181107,서울특별시,11,양천구,11470,인천광역시,28,72,163,15,181,265,54,179,44,168,63,264
20181107,서울특별시,11,양천구,11470,대구광역시,27,51,121,8,150,168,38,120,42,128,64,191
20181107,서울특별시,11,양천구,11470,부산광역시,26,76,174,9,176,250,54,158,52,163,96,247
20181107,서울특별시,11,도봉구,11320,서울특별시,11,117,2079,288,1871,606,113,874,144,1241,995,1092
20181107,서울특별시,11,도봉구,11320,부산광역시,26,33,424,64,440,146,38,314,46,395,339,363
20181107,서울특별시,11,도봉구,11320,대구광역시,27,19,331,51,294,103,29,162,33,263,264,254
20181107,서울특별시,11,도봉구,11320,인천광역시,28,29,448,50,440,150,21,229,49,378,337,302
20181107,서울특별시,11,도봉구,11320,광주광역시,29,17,217,32,205,63,7,101,25,181,169,182
20181107,서울특별시,11,양천구,11470,서울특별시,11,265,715,77,876,912,179,629,143,718,333,968
20181107,서울특별시,11,광진구,11215,제주특별자치도,50,4,28,5,24,18,7,11,0,43,35,20
20181107,서울특별시,11,광진구,11215,경상남도,48,34,160,22,202,214,72,81,45,274,166,118
20181107,서울특별시,11,광진구,11215,경상북도,47,30,124,22,174,176,61,53,19,228,122,64
20181107,서울특별시,11,광진구,11215,전라남도,46,20,87,16,90,102,33,32,20,119,85,43
20181107,서울특별시,11,강서구,11500,대구광역시,27,52,318,52,209,406,53,245,46,607,203,308
20181107,서울특별시,11,강서구,11500,인천광역시,28,57,477,69,314,610,63,322,65,781,256,379
20181107,서울특별시,11,강서구,11500,광주광역시,29,33,213,34,183,265,29,119,36,435,139,231
20181107,서울특별시,11,강서구,11500,대전광역시,30,33,188,37,145,268,41,145,30,345,122,195
20181107,서울특별시,11,강서구,11500,울산광역시,31,23,178,16,92,176,31,115,28,312,108,141
20181107,서울특별시,11,중구,11140,울산광역시,31,44,201,23,29,160,22,56,15,407,95,28
20181107,서울특별시,11,중구,11140,대전광역시,30,31,287,37,53,274,34,74,29,586,148,47
20181107,서울특별시,11,중구,11140,광주광역시,29,45,337,39,42,264,28,101,22,649,136,46
20181107,서울특별시,11,성동구,11200,제주특별자치도,50,4,88,18,21,117,8,12,5,106,37,13
20181107,서울특별시,11,성동구,11200,경상남도,48,30,390,58,109,157,48,155,38,511,131,100
20181107,서울특별시,11,성동구,11200,경상북도,47,16,300,63,87,134,54,146,35,410,114,49
20181107,서울특별시,11,중구,11140,세종특별자치시,36,10,59,7,9,65,6,17,4,127,46,16
20181107,서울특별시,11,광진구,11215,서울특별시,11,150,822,131,1044,849,214,307,115,1304,672,507
20181107,서울특별시,11,광진구,11215,부산광역시,26,42,187,43,236,191,47,70,35,283,175,126
20181107,서울특별시,11,광진구,11215,대구광역시,27,36,132,20,179,178,45,43,23,241,120,79
20181107,서울특별시,11,광진구,11215,인천광역시,28,39,176,18,210,197,52,76,40,313,152,98
20181107,서울특별시,11,광진구,11215,광주광역시,29,18,79,18,106,86,32,24,21,142,89,52
20181107,서울특별시,11,서초구,11650,세종특별자치시,36,8,45,14,13,32,0,38,6,23,18,19
20181107,서울특별시,11,서초구,11650,울산광역시,31,17,152,21,70,114,12,134,16,70,67,90
20181107,서울특별시,11,서초구,11650,대전광역시,30,23,212,56,124,142,9,138,18,94,99,80
20181107,서울특별시,11,서초구,11650,광주광역시,29,30,191,590,83,236,14,121,19,114,96,89
20181107,서울특별시,11,서초구,11650,인천광역시,28,57,392,59,223,319,24,298,44,211,192,199
20181107,서울특별시,11,서초구,11650,대구광역시,27,36,296,90,158,229,16,270,31,144,132,152
20181107,서울특별시,11,서초구,11650,부산광역시,26,46,779,95,222,382,34,352,38,235,215,247
20181107,서울특별시,11,서초구,11650,서울특별시,11,221,2319,590,1042,1359,126,1729,154,1291,826,737
20181107,서울특별시,11,도봉구,11320,제주특별자치도,50,0,66,17,32,42,0,26,4,58,45,38
20181107,서울특별시,11,도봉구,11320,경상남도,48,30,388,66,342,150,25,195,53,418,332,322
20181107,서울특별시,11,도봉구,11320,경상북도,47,24,304,61,273,81,22,161,32,268,296,258
20181107,서울특별시,11,도봉구,11320,전라남도,46,10,180,81,177,73,10,111,26,181,185,156
20181107,서울특별시,11,도봉구,11320,전라북도,45,16,197,34,199,82,15,139,34,212,177,156
20181107,서울특별시,11,도봉구,11320,충청남도,44,16,280,29,278,98,21,179,53,292,216,211
20181107,서울특별시,11,도봉구,11320,충청북도,43,21,215,30,196,61,20,126,22,272,166,172
20181107,서울특별시,11,도봉구,11320,강원도,42,14,193,23,183,68,10,101,23,181,173,155
20181107,서울특별시,11,도봉구,11320,경기도,41,158,2094,351,1969,746,132,1001,231,2014,1513,1430
20181107,서울특별시,11,도봉구,11320,세종특별자치시,36,4,52,5,53,25,0,21,6,38,39,32
20181107,서울특별시,11,도봉구,11320,울산광역시,31,11,151,20,122,55,4,97,18,129,157,113
20181107,서울특별시,11,도봉구,11320,대전광역시,30,17,221,26,194,71,9,120,30,184,170,134
20181107,서울특별시,11,광진구,11215,대전광역시,30,14,94,11,142,111,35,32,12,143,96,48
20181107,서울특별시,11,성동구,11200,전라남도,46,17,171,42,53,101,28,92,23,268,81,42
20181107,서울특별시,11,성동구,11200,전라북도,45,14,227,33,85,94,21,89,22,336,68,44
20181107,서울특별시,11,성동구,11200,충청남도,44,21,305,34,93,110,39,165,41,410,114,62
20181107,서울특별시,11,성동구,11200,충청북도,43,15,251,34,79,86,41,98,21,332,78,35
20181107,서울특별시,11,성동구,11200,강원도,42,13,263,53,54,108,20,77,30,246,62,33
20181107,서울특별시,11,성동구,11200,경기도,41,172,2775,309,671,1344,280,966,252,3166,953,457
20181107,서울특별시,11,성동구,11200,세종특별자치시,36,4,51,13,13,40,0,19,7,59,21,5
20181107,서울특별시,11,성북구,11290,부산광역시,26,86,776,36,358,597,98,354,161,3730,1253,488
20181107,서울특별시,11,성북구,11290,서울특별시,11,362,2788,251,1509,2306,376,1268,537,12714,4636,1893
20181107,서울특별시,11,금천구,11545,대전광역시,30,61,298,39,304,268,42,302,43,433,168,304
20181107,서울특별시,11,금천구,11545,울산광역시,31,34,174,7,160,185,33,173,36,236,118,266
20181107,서울특별시,11,금천구,11545,세종특별자치시,36,20,58,11,59,67,8,69,7,95,34,51
20181107,서울특별시,11,금천구,11545,경기도,41,703,2801,150,2421,2862,421,2602,310,3289,1668,2725
20181107,서울특별시,11,금천구,11545,강원도,42,69,305,7,230,271,33,249,35,341,163,297
20181107,서울특별시,11,금천구,11545,충청북도,43,80,281,8,218,291,43,261,38,347,168,291
20181107,서울특별시,11,금천구,11545,충청남도,44,81,413,22,344,377,59,333,60,467,237,702
20181107,서울특별시,11,금천구,11545,전라북도,45,77,334,13,254,301,45,264,29,434,217,343
20181107,서울특별시,11,금천구,11545,전라남도,46,53,258,8,249,228,40,230,39,327,188,253
20181107,서울특별시,11,금천구,11545,경상북도,47,88,471,21,393,422,77,375,61,480,263,415
20181107,서울특별시,11,중랑구,11260,경상남도,48,64,354,41,221,477,67,187,153,1559,379,283
20181107,서울특별시,11,금천구,11545,경상남도,48,136,517,26,505,550,105,546,74,664,358,863
20181107,서울특별시,11,금천구,11545,제주특별자치도,50,25,76,13,58,60,19,77,11,117,45,71
20181107,서울특별시,11,강서구,11500,경기도,41,410,2141,297,1600,2843,343,1440,323,3881,1316,2042
20181107,서울특별시,11,중구,11140,인천광역시,28,71,515,65,89,546,56,180,42,1164,262,91
20181107,서울특별시,11,중구,11140,대구광역시,27,56,536,63,60,385,40,116,37,941,200,77
20181107,서울특별시,11,중구,11140,부산광역시,26,56,628,87,103,641,85,183,45,1164,268,110
20181107,서울특별시,11,강북구,11305,인천광역시,28,26,251,18,57,80,15,31,71,571,97,56
20181107,서울특별시,11,강동구,11740,서울특별시,11,414,985,209,371,1385,139,968,105,1634,465,325
20181107,서울특별시,11,강동구,11740,부산광역시,26,100,228,52,61,334,39,240,29,565,128,99
20181107,서울특별시,11,강동구,11740,대구광역시,27,74,156,57,60,276,30,131,21,315,56,63
20181107,서울특별시,11,광진구,11215,울산광역시,31,17,59,7,90,71,29,23,8,96,66,28
20181107,서울특별시,11,광진구,11215,세종특별자치시,36,3,20,4,29,16,8,6,4,34,23,9
20181107,서울특별시,11,광진구,11215,경기도,41,206,974,143,1141,1114,323,354,194,1699,833,480
20181107,서울특별시,11,광진구,11215,강원도,42,23,90,23,109,113,36,43,16,116,62,44
20181107,서울특별시,11,광진구,11215,충청북도,43,21,95,36,112,100,39,45,15,193,97,40
20181107,서울특별시,11,광진구,11215,충청남도,44,40,159,6,169,152,65,45,28,188,125,55
20181107,서울특별시,11,광진구,11215,전라북도,45,28,88,23,109,109,39,39,15,147,98,53
20181107,서울특별시,11,강동구,11740,인천광역시,28,107,180,56,93,451,15,233,15,433,110,82
20181107,서울특별시,11,강동구,11740,광주광역시,29,46,99,19,35,174,12,77,17,232,41,46
20181107,서울특별시,11,강동구,11740,대전광역시,30,51,93,35,29,179,16,94,13,202,47,37
20181107,서울특별시,11,강동구,11740,울산광역시,31,37,55,45,24,117,17,64,11,165,38,26
20181107,서울특별시,11,강동구,11740,세종특별자치시,36,11,26,13,14,39,4,21,3,41,3,6
20181107,서울특별시,11,강동구,11740,경기도,41,547,948,294,427,1740,165,1019,137,2364,487,356
20181107,서울특별시,11,강동구,11740,강원도,42,47,95,20,41,189,12,116,11,207,46,32
20181107,서울특별시,11,강동구,11740,충청북도,43,50,88,15,39,196,16,112,21,295,36,44
20181107,서울특별시,11,강동구,11740,충청남도,44,63,128,45,49,243,25,112,23,275,61,59
20181107,서울특별시,11,강동구,11740,전라북도,45,68,67,24,44,199,16,109,14,261,42,31
20181107,서울특별시,11,구로구,11530,서울특별시,11,153,1474,137,737,1758,195,1021,153,1763,429,917
20181107,서울특별시,11,구로구,11530,부산광역시,26,27,391,34,217,457,54,384,48,397,123,238
20181107,서울특별시,11,구로구,11530,대구광역시,27,29,262,32,149,357,34,201,27,280,87,169
20181107,서울특별시,11,구로구,11530,인천광역시,28,43,371,31,192,483,53,281,51,378,103,230
20181107,서울특별시,11,구로구,11530,광주광역시,29,14,169,13,72,219,27,112,25,199,55,135
20181107,서울특별시,11,구로구,11530,대전광역시,30,17,176,22,124,284,25,145,19,203,51,131
20181107,서울특별시,11,구로구,11530,울산광역시,31,11,123,12,68,200,33,105,12,145,32,98
20181107,서울특별시,11,구로구,11530,세종특별자치시,36,4,38,3,20,51,3,25,3,44,15,21
20181107,서울특별시,11,구로구,11530,경기도,41,210,1738,163,1011,2334,238,1190,196,2145,584,1085
20181107,서울특별시,11,구로구,11530,강원도,42,22,184,8,103,198,26,131,19,189,51,103
20181107,서울특별시,11,구로구,11530,충청북도,43,20,204,18,95,261,29,164,25,287,54,126
20181107,서울특별시,11,구로구,11530,충청남도,44,34,266,18,161,359,31,190,28,299,73,150
20181107,서울특별시,11,구로구,11530,전라북도,45,14,169,19,118,226,28,157,19,235,78,117
20181107,서울특별시,11,구로구,11530,전라남도,46,17,160,22,89,228,20,115,19,199,54,111
20181107,서울특별시,11,구로구,11530,경상북도,47,29,275,31,149,377,48,218,27,272,91,159
20181107,서울특별시,11,구로구,11530,경상남도,48,32,302,28,166,531,46,290,25,427,86,239
20181107,서울특별시,11,구로구,11530,제주특별자치도,50,5,50,10,30,70,12,50,3,66,17,34
20181107,서울특별시,11,강서구,11500,강원도,42,20,139,31,138,213,38,183,33,368,130,193
20181107,서울특별시,11,강서구,11500,충청북도,43,35,189,27,133,256,46,148,30,453,126,193
20181107,서울특별시,11,강서구,11500,충청남도,44,36,274,42,181,467,53,210,30,575,181,282
20181107,서울특별시,11,강서구,11500,전라북도,45,25,210,29,127,281,38,152,29,456,132,276
20181107,서울특별시,11,강서구,11500,전라남도,46,22,180,35,117,213,24,132,28,400,100,209
20181107,서울특별시,11,은평구,11380,제주특별자치도,50,0,27,6,6,28,10,13,3,63,25,12
20181107,서울특별시,11,은평구,11380,경상남도,48,39,430,107,63,276,55,232,36,449,125,208
20181107,서울특별시,11,은평구,11380,경상북도,47,24,220,74,49,199,43,78,34,345,99,100
20181107,서울특별시,11,은평구,11380,전라남도,46,23,245,40,30,113,32,169,18,227,61,89
20181107,서울특별시,11,은평구,11380,전라북도,45,25,169,62,32,121,33,46,18,242,64,92
20181107,서울특별시,11,은평구,11380,충청남도,44,27,172,55,57,184,37,67,27,311,99,119
20181107,서울특별시,11,은평구,11380,충청북도,43,14,135,39,37,135,33,63,21,272,82,79
20181107,서울특별시,11,은평구,11380,강원도,42,17,117,31,29,117,32,53,12,193,73,91
20181107,서울특별시,11,은평구,11380,경기도,41,229,1489,343,455,1395,270,683,165,2425,657,811
20181107,서울특별시,11,은평구,11380,세종특별자치시,36,7,31,12,4,26,3,8,3,47,10,7
20181107,서울특별시,11,은평구,11380,울산광역시,31,8,97,41,24,101,24,41,15,170,35,48
20181107,서울특별시,11,은평구,11380,대전광역시,30,20,116,19,42,126,24,43,16,183,62,86
20181107,서울특별시,11,강동구,11740,전라남도,46,34,114,19,31,186,12,90,17,205,31,55
20181107,서울특별시,11,강동구,11740,경상북도,47,82,130,29,62,249,33,136,28,340,59,68
20181107,서울특별시,11,강동구,11740,경상남도,48,132,220,42,65,331,47,180,25,473,85,69
20181107,서울특별시,11,강동구,11740,제주특별자치도,50,9,40,5,10,49,4,15,3,66,16,5
20181107,서울특별시,11,중구,11140,강원도,42,33,278,47,39,313,38,100,22,512,135,39
20181107,서울특별시,11,송파구,11710,인천광역시,28,24,334,8,185,391,20,294,31,804,171,252
20181107,서울특별시,11,송파구,11710,광주광역시,29,10,157,16,456,248,20,114,12,480,107,112
20181107,서울특별시,11,송파구,11710,대전광역시,30,19,178,10,101,291,14,137,16,452,98,122
20181107,서울특별시,11,송파구,11710,울산광역시,31,7,121,5,63,198,13,105,15,305,76,73
20181107,서울특별시,11,송파구,11710,세종특별자치시,36,4,29,4,18,64,0,28,7,104,23,31
20181107,서울특별시,11,송파구,11710,경기도,41,159,1844,132,901,1945,141,1470,178,4590,923,1094
20181107,서울특별시,11,송파구,11710,강원도,42,9,173,7,88,345,12,138,15,436,90,73
20181107,서울특별시,11,송파구,11710,충청북도,43,19,198,12,101,296,15,139,15,560,100,118
20181107,서울특별시,11,송파구,11710,충청남도,44,11,204,11,134,303,19,201,21,636,132,165
20181107,서울특별시,11,송파구,11710,전라북도,45,8,163,10,98,244,11,96,10,508,107,111
20181107,서울특별시,11,송파구,11710,전라남도,46,9,167,18,94,171,9,117,10,429,100,103
20181107,서울특별시,11,송파구,11710,경상북도,47,12,263,28,139,338,19,183,33,703,133,166
20181107,서울특별시,11,송파구,11710,경상남도,48,31,287,15,183,432,29,270,48,879,192,267
20181107,서울특별시,11,송파구,11710,제주특별자치도,50,0,80,4,33,84,0,35,4,132,30,30
20181107,서울특별시,11,송파구,11710,대구광역시,27,31,263,28,125,409,24,198,13,662,136,195
20181107,서울특별시,11,송파구,11710,부산광역시,26,20,392,15,208,552,27,286,35,897,191,260
20181107,서울특별시,11,송파구,11710,서울특별시,11,113,1680,89,746,1195,108,1215,144,3497,771,955
20181107,서울특별시,11,중구,11140,충청북도,43,35,305,45,46,266,35,95,21,624,136,41
20181107,서울특별시,11,중구,11140,충청남도,44,50,374,67,53,401,46,109,37,797,185,59
20181107,서울특별시,11,중구,11140,전라북도,45,33,312,35,48,333,29,74,29,575,148,45
20181107,서울특별시,11,중구,11140,전라남도,46,47,283,55,53,303,35,97,28,473,134,44
20181107,서울특별시,11,중구,11140,경상북도,47,73,429,49,75,364,41,140,31,884,176,49
20181107,서울특별시,11,중구,11140,경상남도,48,62,554,79,92,583,77,149,49,1117,241,92
20181107,서울특별시,11,중구,11140,제주특별자치도,50,17,75,13,17,64,13,20,5,181,50,14
20181107,서울특별시,11,강서구,11500,경상북도,47,48,284,45,196,442,67,218,35,579,216,308
20181107,서울특별시,11,은평구,11380,광주광역시,29,10,261,37,27,107,33,165,12,226,57,89
20181107,서울특별시,11,은평구,11380,인천광역시,28,32,327,95,93,286,49,96,29,458,119,147
20181107,서울특별시,11,은평구,11380,대구광역시,27,26,236,75,55,202,66,82,18,299,89,140
20181107,서울특별시,11,은평구,11380,부산광역시,26,32,420,99,74,288,58,234,32,448,152,172
20181107,서울특별시,11,은평구,11380,서울특별시,11,139,1322,239,389,1032,224,724,99,1476,460,668
20181107,서울특별시,11,강서구,11500,경상남도,48,60,400,56,228,479,55,316,69,830,246,433
20181107,서울특별시,11,강북구,11305,대구광역시,27,11,201,14,39,77,11,25,60,416,67,42
20181107,서울특별시,11,강북구,11305,부산광역시,26,15,275,11,55,96,6,32,89,557,127,52
20181107,서울특별시,11,강북구,11305,서울특별시,11,66,938,65,239,299,50,121,214,1852,413,175
20181107,서울특별시,11,동작구,11590,부산광역시,26,67,266,48,78,119,35,119,27,197,97,177
20181107,서울특별시,11,동작구,11590,대구광역시,27,54,181,28,58,113,22,73,23,183,66,99
20181107,서울특별시,11,용산구,11170,서울특별시,11,202,2158,91,11221,2900,231,404,213,1604,809,590
20181107,서울특별시,11,용산구,11170,부산광역시,26,49,473,17,2405,487,58,98,46,418,199,140
20181107,서울특별시,11,용산구,11170,대구광역시,27,35,438,8,1731,354,38,65,26,314,146,82
20181107,서울특별시,11,용산구,11170,인천광역시,28,50,492,16,2392,725,44,102,67,344,147,138
20181107,서울특별시,11,용산구,11170,광주광역시,29,19,216,10,1055,293,33,35,9,219,77,59
20181107,서울특별시,11,강서구,11500,제주특별자치도,50,5,56,6,36,60,10,29,8,145,37,26
20181107,서울특별시,11,동작구,11590,대전광역시,30,43,138,15,44,54,26,51,9,125,50,76
20181107,서울특별시,11,동작구,11590,울산광역시,31,25,73,6,35,47,11,37,11,62,35,56
20181107,서울특별시,11,동작구,11590,세종특별자치시,36,8,19,0,14,15,3,10,3,18,13,11
20181107,서울특별시,11,동작구,11590,경기도,41,382,1332,168,482,731,198,385,174,1330,496,717
20181107,서울특별시,11,종로구,11110,서울특별시,11,194,1022,347,309,540,53,403,108,1266,1038,163
20181107,서울특별시,11,종로구,11110,부산광역시,26,55,250,53,67,146,4,75,27,379,285,38
20181107,서울특별시,11,종로구,11110,대구광역시,27,28,144,45,62,110,4,56,25,316,203,23
20181107,서울특별시,11,종로구,11110,인천광역시,28,45,211,35,80,120,13,76,55,308,258,29
20181107,서울특별시,11,종로구,11110,광주광역시,29,34,122,29,30,66,8,33,33,201,164,17
20181107,서울특별시,11,용산구,11170,대전광역시,30,28,264,16,1348,287,23,45,16,236,97,64
20181107,서울특별시,11,용산구,11170,울산광역시,31,19,145,0,829,180,21,26,32,156,68,46
20181107,서울특별시,11,용산구,11170,세종특별자치시,36,6,48,3,237,90,3,10,10,52,20,13
20181107,서울특별시,11,용산구,11170,경기도,41,286,2391,114,12072,3378,254,458,280,1930,823,583
20181107,서울특별시,11,용산구,11170,강원도,42,41,212,12,1045,210,36,39,17,172,87,47
20181107,서울특별시,11,용산구,11170,충청북도,43,25,261,33,1199,258,39,36,17,234,90,67
20181107,서울특별시,11,용산구,11170,충청남도,44,46,391,16,1847,428,38,74,30,272,112,91
20181107,서울특별시,11,중구,11140,서울특별시,11,337,3233,309,429,2291,198,622,160,4700,1206,417
20181107,서울특별시,11,노원구,11350,제주특별자치도,50,3,17,4,7,9,3,6,0,44,6,9
20181107,서울특별시,11,노원구,11350,경상남도,48,48,167,4,45,108,18,57,47,363,69,90
20181107,서울특별시,11,노원구,11350,경상북도,47,19,133,4,39,92,17,40,27,257,49,47
20181107,서울특별시,11,성북구,11290,제주특별자치도,50,11,98,8,33,81,27,34,30,609,182,53
20181107,서울특별시,11,성북구,11290,경상남도,48,85,756,81,341,629,117,285,183,3711,1202,449
20181107,서울특별시,11,성북구,11290,경상북도,47,66,502,29,242,416,69,237,150,2967,896,304
20181107,서울특별시,11,성북구,11290,전라남도,46,44,343,24,152,280,62,113,96,1769,565,195
20181107,서울특별시,11,성북구,11290,전라북도,45,41,375,17,172,345,72,117,99,2056,620,229
20181107,서울특별시,11,성북구,11290,충청남도,44,64,502,40,283,410,87,206,149,2689,794,276
20181107,서울특별시,11,영등포구,11560,세종특별자치시,36,3,73,16,58,29,4,40,0,26,7,11
20181107,서울특별시,11,영등포구,11560,울산광역시,31,12,165,24,185,112,5,114,7,78,26,54
20181107,서울특별시,11,영등포구,11560,대전광역시,30,20,273,68,246,146,10,150,13,115,51,83
20181107,서울특별시,11,영등포구,11560,광주광역시,29,16,252,43,473,135,10,128,12,115,42,74
20181107,서울특별시,11,영등포구,11560,인천광역시,28,33,497,104,507,279,29,325,35,212,70,148
20181107,서울특별시,11,영등포구,11560,대구광역시,27,29,364,62,364,225,19,232,12,184,78,113
20181107,서울특별시,11,영등포구,11560,부산광역시,26,18,535,106,508,395,26,333,20,221,102,177
20181107,서울특별시,11,종로구,11110,대전광역시,30,18,130,31,47,90,6,49,19,178,153,17
20181107,서울특별시,11,종로구,11110,울산광역시,31,15,83,10,31,69,7,28,13,127,102,16
20181107,서울특별시,11,종로구,11110,세종특별자치시,36,4,27,15,9,23,0,14,5,45,38,0
20181107,서울특별시,11,종로구,11110,경기도,41,230,1143,210,318,729,58,476,215,1659,1416,152
20181107,서울특별시,11,종로구,11110,강원도,42,34,124,22,33,72,5,44,17,188,161,19
20181107,서울특별시,11,종로구,11110,충청북도,43,30,109,18,39,77,5,33,14,218,166,21
20181107,서울특별시,11,종로구,11110,충청남도,44,34,142,31,45,90,5,47,24,256,189,21
20181107,서울특별시,11,종로구,11110,전라북도,45,18,118,20,29,67,6,43,33,223,174,28
20181107,서울특별시,11,종로구,11110,전라남도,46,24,84,17,25,66,4,36,22,202,151,16
20181107,서울특별시,11,종로구,11110,경상북도,47,55,149,22,46,90,7,57,37,300,221,26
20181107,서울특별시,11,마포구,11440,서울특별시,11,255,2771,566,954,3219,150,2239,1371,2329,1625,592
20181107,서울특별시,11,마포구,11440,부산광역시,26,60,628,177,189,814,27,553,353,543,375,205
20181107,서울특별시,11,마포구,11440,대구광역시,27,33,481,90,123,576,20,434,287,417,291,91
20181107,서울특별시,11,마포구,11440,인천광역시,28,61,638,166,199,702,27,472,294,522,348,163
20181107,서울특별시,11,마포구,11440,광주광역시,29,31,276,85,89,420,12,311,179,261,212,94
20181107,서울특별시,11,마포구,11440,대전광역시,30,27,320,97,95,406,12,288,246,265,199,81
20181107,서울특별시,11,마포구,11440,울산광역시,31,24,217,44,70,238,9,222,129,189,121,50
20181107,서울특별시,11,영등포구,11560,서울특별시,11,111,2153,609,2165,1111,94,1151,63,1089,408,550
20181107,서울특별시,11,성북구,11290,충청북도,43,37,382,25,162,317,60,153,113,1991,605,227
20181107,서울특별시,11,성북구,11290,강원도,42,52,337,16,164,305,65,148,78,1838,579,186
20181107,서울특별시,11,성북구,11290,경기도,41,468,3451,186,1701,2909,550,1501,803,16689,5600,2102
20181107,서울특별시,11,성북구,11290,세종특별자치시,36,11,78,3,36,52,14,36,23,410,148,55
20181107,서울특별시,11,성북구,11290,울산광역시,31,26,248,14,113,209,50,98,87,1337,440,163
20181107,서울특별시,11,동대문구,11230,제주특별자치도,50,21,66,6,19,59,3,63,9,171,42,16
20181107,서울특별시,11,동대문구,11230,경상남도,48,89,460,31,146,383,49,450,59,1102,223,149
20181107,서울특별시,11,동대문구,11230,경상북도,47,68,376,25,94,342,28,325,54,835,161,113
20181107,서울특별시,11,동대문구,11230,전라남도,46,34,238,17,63,201,27,224,26,544,100,93
20181107,서울특별시,11,동대문구,11230,전라북도,45,44,254,20,77,200,19,213,36,611,117,90
20181107,서울특별시,11,동대문구,11230,충청남도,44,75,346,23,92,325,37,309,48,760,165,116
20181107,서울특별시,11,동대문구,11230,충청북도,43,62,281,22,90,238,22,220,30,584,119,60
20181107,서울특별시,11,동대문구,11230,강원도,42,39,244,19,50,213,22,225,29,489,96,75
20181107,서울특별시,11,동대문구,11230,경기도,41,495,2423,198,730,1983,221,1865,332,5338,1074,726
20181107,서울특별시,11,동대문구,11230,세종특별자치시,36,15,67,5,14,56,5,40,7,136,30,15
20181107,서울특별시,11,동대문구,11230,울산광역시,31,46,185,10,64,146,16,169,32,413,92,62
20181107,서울특별시,11,성북구,11290,대전광역시,30,52,370,19,148,349,53,128,86,1957,717,217
20181107,서울특별시,11,성북구,11290,광주광역시,29,43,392,17,162,308,54,140,83,1989,696,239
20181107,서울특별시,11,성북구,11290,인천광역시,28,103,747,47,364,610,113,330,200,3789,1188,452
20181107,서울특별시,11,성북구,11290,대구광역시,27,62,505,23,248,437,73,200,143,2880,936,339
20181107,서울특별시,11,노원구,11350,전라남도,46,13,79,5,28,50,5,21,20,158,53,32
20181107,서울특별시,11,노원구,11350,전라북도,45,15,104,0,20,44,6,34,17,205,39,47
20181107,서울특별시,11,노원구,11350,충청남도,44,33,114,11,33,76,15,55,15,252,52,29
20181107,서울특별시,11,노원구,11350,충청북도,43,18,90,8,40,84,7,33,20,237,42,30
20181107,서울특별시,11,노원구,11350,강원도,42,14,72,0,25,42,7,27,17,183,36,30
20181107,서울특별시,11,노원구,11350,경기도,41,162,936,90,490,558,107,330,173,2069,454,320
20181107,서울특별시,11,노원구,11350,세종특별자치시,36,6,20,0,8,11,0,6,5,31,9,7
20181107,서울특별시,11,노원구,11350,울산광역시,31,10,58,5,16,40,5,21,16,110,30,15
20181107,서울특별시,11,중랑구,11260,서울특별시,11,266,1356,168,983,1542,208,752,449,4842,1249,976
20181107,서울특별시,11,중랑구,11260,부산광역시,26,81,413,31,237,421,58,218,128,1556,347,275
20181107,서울특별시,11,중랑구,11260,대구광역시,27,56,245,35,157,315,44,143,104,1156,252,207
20181107,서울특별시,11,중랑구,11260,인천광역시,28,81,352,39,246,452,55,175,173,1517,398,256
20181107,서울특별시,11,중랑구,11260,광주광역시,29,50,187,23,121,231,29,79,65,775,185,129
20181107,서울특별시,11,중랑구,11260,대전광역시,30,35,168,21,123,225,31,107,63,813,190,157
20181107,서울특별시,11,서대문구,11410,서울특별시,11,40,589,253,129,1240,38,469,124,1911,198,578
20181107,서울특별시,11,서대문구,11410,부산광역시,26,7,124,5,22,447,13,244,34,487,57,190
20181107,서울특별시,11,서대문구,11410,대구광역시,27,8,77,4,21,277,11,93,15,379,36,110
20181107,서울특별시,11,서대문구,11410,인천광역시,28,19,110,26,34,342,10,111,30,413,43,176
20181107,서울특별시,11,서대문구,11410,광주광역시,29,0,50,7,12,183,5,85,16,239,24,79
20181107,서울특별시,11,서대문구,11410,대전광역시,30,7,62,17,17,154,0,56,14,195,27,81
20181107,서울특별시,11,서대문구,11410,울산광역시,31,0,28,6,8,139,4,53,15,127,20,63
20181107,서울특별시,11,서대문구,11410,세종특별자치시,36,0,13,0,3,50,0,13,0,41,3,16
20181107,서울특별시,11,서대문구,11410,경기도,41,55,600,174,154,1710,75,513,112,2122,279,713
20181107,서울특별시,11,서대문구,11410,강원도,42,6,80,9,12,183,5,55,13,181,23,76
20181107,서울특별시,11,서대문구,11410,충청북도,43,5,61,9,14,182,3,86,12,223,21,74
20181107,서울특별시,11,서대문구,11410,충청남도,44,3,96,7,22,305,9,79,26,241,34,111
20181107,서울특별시,11,서대문구,11410,전라북도,45,4,92,6,9,198,5,61,16,247,32,76
20181107,서울특별시,11,서대문구,11410,전라남도,46,3,51,3,11,189,3,72,11,182,19,73
20181107,서울특별시,11,서대문구,11410,경상북도,47,10,76,3,20,322,12,123,17,307,39,133
20181107,서울특별시,11,서대문구,11410,경상남도,48,6,108,4,33,378,9,204,43,413,45,146
20181107,서울특별시,11,서대문구,11410,제주특별자치도,50,0,21,0,0,35,0,3,3,59,11,10
20181107,서울특별시,11,중랑구,11260,울산광역시,31,23,150,12,75,168,14,69,48,543,148,100
20181107,서울특별시,11,중랑구,11260,세종특별자치시,36,0,40,4,20,44,7,18,19,180,45,23
20181107,서울특별시,11,중랑구,11260,경기도,41,356,1751,196,1191,2228,291,883,681,7222,1588,1255
20181107,서울특별시,11,중랑구,11260,강원도,42,49,161,16,111,185,31,103,64,783,182,117
20181107,서울특별시,11,중랑구,11260,충청북도,43,35,213,18,112,240,33,80,65,842,212,136
20181107,서울특별시,11,중랑구,11260,충청남도,44,52,249,27,183,369,60,132,113,1132,254,208
20181107,서울특별시,11,중랑구,11260,전라북도,45,42,159,17,122,231,37,84,73,886,209,156
20181107,서울특별시,11,중랑구,11260,전라남도,46,41,154,19,100,224,25,62,78,706,190,146
20181107,서울특별시,11,중랑구,11260,경상북도,47,53,275,31,212,368,52,138,146,1209,303,240
20181108,서울특별시,11,용산구,11170,전라남도,46,28,221,8,835,136,30,25,10,192,52,41
20181108,서울특별시,11,용산구,11170,경상북도,47,51,367,13,1437,224,37,50,24,282,88,70
20181108,서울특별시,11,용산구,11170,경상남도,48,57,503,11,1850,270,60,58,42,420,117,91
20181108,서울특별시,11,용산구,11170,제주특별자치도,50,13,71,3,283,28,7,13,0,59,18,6
20181108,서울특별시,11,종로구,11110,서울특별시,11,184,809,223,407,525,36,354,122,1106,958,124
20181108,서울특별시,11,종로구,11110,부산광역시,26,57,199,38,62,145,8,53,27,392,296,41
20181108,서울특별시,11,종로구,11110,대구광역시,27,24,133,30,44,102,4,39,28,247,194,22
20181108,서울특별시,11,종로구,11110,인천광역시,28,39,176,36,77,138,7,62,33,272,280,25
20181108,서울특별시,11,종로구,11110,광주광역시,29,17,85,10,27,59,0,28,23,174,135,23
20181108,서울특별시,11,종로구,11110,대전광역시,30,19,72,29,32,54,6,22,19,170,118,18
20181108,서울특별시,11,종로구,11110,울산광역시,31,25,44,15,24,45,4,19,12,140,85,12
20181108,서울특별시,11,종로구,11110,세종특별자치시,36,0,25,3,6,23,0,7,8,30,21,5
20181108,서울특별시,11,종로구,11110,경기도,41,236,836,218,344,678,61,511,214,1549,1165,128
20181108,서울특별시,11,종로구,11110,강원도,42,20,98,18,35,63,9,29,21,201,133,21
20181108,서울특별시,11,종로구,11110,충청북도,43,32,103,18,42,68,6,36,23,210,161,10
20181108,서울특별시,11,종로구,11110,충청남도,44,46,135,31,46,117,6,50,26,257,203,19
20181108,서울특별시,11,종로구,11110,전라북도,45,21,150,20,31,79,3,27,26,196,129,14
20181108,서울특별시,11,종로구,11110,전라남도,46,24,76,18,24,64,5,28,22,213,116,11
20181108,서울특별시,11,종로구,11110,경상북도,47,40,143,33,49,88,11,37,28,292,203,19
20181108,서울특별시,11,종로구,11110,경상남도,48,49,162,34,68,128,10,45,39,356,285,19
20181108,서울특별시,11,종로구,11110,제주특별자치도,50,8,38,5,16,15,4,7,9,58,33,0
20181108,서울특별시,11,서대문구,11410,서울특별시,11,21,458,54,130,1158,33,602,75,1410,267,527
20181108,서울특별시,11,서초구,11650,서울특별시,11,183,4713,514,870,1956,196,1532,139,1264,919,742
20181108,서울특별시,11,서초구,11650,부산광역시,26,40,675,86,193,373,34,313,32,222,258,189
20181108,서울특별시,11,서초구,11650,대구광역시,27,34,735,72,149,291,28,199,29,172,196,155
20181108,서울특별시,11,서초구,11650,인천광역시,28,59,965,73,200,495,42,284,49,250,228,183
20181108,서울특별시,11,서초구,11650,광주광역시,29,13,409,54,106,172,18,113,16,136,126,55
20181108,서울특별시,11,서초구,11650,대전광역시,30,38,460,36,105,199,14,119,14,108,141,94
20181108,서울특별시,11,서초구,11650,울산광역시,31,11,220,23,66,109,20,87,11,91,82,61
20181108,서울특별시,11,서초구,11650,세종특별자치시,36,9,72,10,30,48,3,33,5,33,23,16
20181108,서울특별시,11,서초구,11650,경기도,41,231,4344,450,1017,2374,258,1301,212,1727,1130,835
20181108,서울특별시,11,서초구,11650,강원도,42,21,377,38,82,184,13,125,21,92,110,90
20181108,서울특별시,11,서초구,11650,충청북도,43,26,405,36,108,217,17,113,25,192,102,88
20181108,서울특별시,11,서초구,11650,충청남도,44,28,464,50,136,336,36,173,21,151,161,152
20181108,서울특별시,11,서초구,11650,전라북도,45,22,424,32,94,212,28,133,17,126,126,103
20181108,서울특별시,11,서초구,11650,전라남도,46,20,242,42,100,167,19,115,15,102,103,95
20181108,서울특별시,11,서초구,11650,경상북도,47,29,497,40,121,261,27,222,31,169,167,128
20181108,서울특별시,11,서초구,11650,경상남도,48,38,576,70,192,335,35,265,35,256,200,165
20181108,서울특별시,11,서초구,11650,제주특별자치도,50,6,120,20,24,32,4,32,4,31,41,18
20181108,서울특별시,11,강동구,11740,제주특별자치도,50,9,25,3,6,48,8,24,0,41,8,5
20181108,서울특별시,11,강동구,11740,경상남도,48,98,176,38,56,330,42,180,32,358,76,71
20181108,서울특별시,11,강동구,11740,경상북도,47,86,149,34,30,272,17,149,18,254,47,69
20181108,서울특별시,11,강동구,11740,전라남도,46,52,82,24,46,159,21,88,14,134,22,39
20181108,서울특별시,11,강동구,11740,전라북도,45,57,102,15,24,162,18,85,10,196,37,28
20181108,서울특별시,11,강동구,11740,충청남도,44,69,113,28,38,237,15,142,23,222,54,44
20181108,서울특별시,11,강동구,11740,충청북도,43,48,100,15,48,188,13,96,27,232,51,54
20181108,서울특별시,11,강동구,11740,강원도,42,37,90,20,36,236,13,106,11,142,35,39
20181108,서울특별시,11,강동구,11740,경기도,41,479,862,248,348,1621,153,1029,150,1868,433,375
20181108,서울특별시,11,강동구,11740,세종특별자치시,36,6,12,20,6,35,5,19,3,35,4,8
20181108,서울특별시,11,강동구,11740,울산광역시,31,30,52,20,20,152,10,70,9,118,22,12
20181108,서울특별시,11,강동구,11740,대전광역시,30,45,85,34,34,163,15,81,17,159,36,25
20181108,서울특별시,11,강동구,11740,광주광역시,29,61,90,24,33,141,15,79,12,176,38,20
20181108,서울특별시,11,강동구,11740,인천광역시,28,131,177,57,79,393,27,182,24,340,84,67
20181108,서울특별시,11,강동구,11740,대구광역시,27,88,129,50,52,236,26,146,20,221,47,46
20181108,서울특별시,11,강동구,11740,부산광역시,26,82,171,48,80,320,27,223,28,379,98,94
20181108,서울특별시,11,강동구,11740,서울특별시,11,416,826,208,284,1239,121,1027,88,1233,385,314
20181108,서울특별시,11,강남구,11680,제주특별자치도,50,11,78,3,35,61,8,39,15,118,48,76
20181108,서울특별시,11,강남구,11680,경상남도,48,36,436,31,242,347,33,262,77,510,243,433
20181108,서울특별시,11,강남구,11680,경상북도,47,28,279,22,147,245,32,202,55,397,160,308
20181108,서울특별시,11,강남구,11680,전라남도,46,19,185,24,111,135,8,106,23,236,114,186
20181108,서울특별시,11,강남구,11680,전라북도,45,13,227,18,129,176,11,126,36,279,136,222
20181108,서울특별시,11,강남구,11680,충청남도,44,23,229,38,170,242,20,191,52,393,148,274
20181108,서울특별시,11,강남구,11680,충청북도,43,23,252,16,162,184,19,134,42,374,112,196
20181108,서울특별시,11,강남구,11680,강원도,42,12,219,20,145,201,25,133,31,222,126,216
20181108,서울특별시,11,강남구,11680,경기도,41,235,2427,180,1370,1898,210,1450,352,3604,1318,2035
20181108,서울특별시,11,강남구,11680,세종특별자치시,36,5,53,4,16,44,0,41,7,73,32,56
20181108,서울특별시,11,강남구,11680,울산광역시,31,13,157,10,117,127,11,111,28,195,88,172
20181108,서울특별시,11,강남구,11680,대전광역시,30,17,235,26,163,236,17,176,51,298,159,232
20181108,서울특별시,11,강남구,11680,광주광역시,29,25,204,10,118,189,14,105,31,333,129,207
20181108,서울특별시,11,강남구,11680,인천광역시,28,45,462,33,281,393,25,328,67,591,249,429
20181108,서울특별시,11,강남구,11680,대구광역시,27,35,395,19,186,336,21,229,36,453,229,345
20181108,서울특별시,11,강남구,11680,부산광역시,26,42,570,40,263,418,30,293,60,707,326,489
20181108,서울특별시,11,강남구,11680,서울특별시,11,209,2723,238,1192,1657,141,1379,244,3264,1208,1907
20181108,서울특별시,11,강서구,11500,제주특별자치도,50,8,60,4,36,79,6,43,6,85,31,32
20181108,서울특별시,11,강서구,11500,경상남도,48,54,373,50,202,401,51,515,56,578,268,269
20181108,서울특별시,11,강서구,11500,경상북도,47,51,322,28,130,300,37,332,40,378,229,216
20181108,서울특별시,11,강서구,11500,전라남도,46,36,179,21,102,202,38,232,22,286,108,164
20181108,서울특별시,11,강서구,11500,전라북도,45,36,198,28,123,256,39,244,29,293,148,172
20181108,서울특별시,11,광진구,11215,충청북도,43,37,81,14,123,123,21,47,20,171,64,64
20181108,서울특별시,11,광진구,11215,충청남도,44,40,118,15,123,148,32,53,27,166,104,75
20181108,서울특별시,11,광진구,11215,전라북도,45,35,76,11,97,116,25,34,24,166,66,45
20181108,서울특별시,11,광진구,11215,전라남도,46,16,95,10,90,83,26,33,21,117,59,44
20181108,서울특별시,11,광진구,11215,경상북도,47,31,147,9,144,162,35,54,35,158,111,81
20181108,서울특별시,11,광진구,11215,경상남도,48,54,165,19,183,213,46,73,41,282,119,107
20181108,서울특별시,11,광진구,11215,제주특별자치도,50,4,31,3,23,13,3,10,0,44,21,11
20181108,서울특별시,11,광진구,11215,강원도,42,26,82,13,100,94,27,54,17,121,71,44
20181108,서울특별시,11,광진구,11215,경기도,41,246,845,113,1017,1022,258,428,171,1521,646,523
20181108,서울특별시,11,광진구,11215,세종특별자치시,36,4,19,0,27,21,0,8,7,30,18,16
20181108,서울특별시,11,광진구,11215,울산광역시,31,17,57,11,70,89,20,28,10,86,58,40
20181108,서울특별시,11,광진구,11215,대전광역시,30,31,83,8,125,97,22,31,18,136,69,50
20181108,서울특별시,11,광진구,11215,광주광역시,29,25,90,11,90,110,17,27,16,135,69,54
20181108,서울특별시,11,광진구,11215,인천광역시,28,60,176,15,219,184,34,77,29,251,132,127
20181108,서울특별시,11,광진구,11215,대구광역시,27,34,112,15,152,151,31,49,19,189,109,84
20181108,서울특별시,11,광진구,11215,부산광역시,26,41,199,16,213,182,45,61,31,271,132,130
20181108,서울특별시,11,광진구,11215,서울특별시,11,187,748,105,884,867,155,380,121,1186,552,508
20181108,서울특별시,11,강서구,11500,충청남도,44,37,278,40,161,368,30,290,51,473,201,181
20181108,서울특별시,11,강서구,11500,충청북도,43,37,209,44,127,276,26,226,39,383,145,160
20181108,서울특별시,11,강서구,11500,강원도,42,33,192,31,108,198,23,199,20,249,149,131
20181108,서울특별시,11,강서구,11500,경기도,41,337,2098,305,1264,2529,253,2333,266,2959,1449,1326
20181108,서울특별시,11,강서구,11500,세종특별자치시,36,0,47,10,25,44,0,60,9,49,35,33
20181108,서울특별시,11,강서구,11500,울산광역시,31,17,135,17,61,167,15,153,24,198,101,107
20181108,서울특별시,11,강서구,11500,대전광역시,30,30,218,39,99,243,20,196,38,270,157,135
20181108,서울특별시,11,강서구,11500,광주광역시,29,20,174,41,120,190,24,183,16,283,140,137
20181108,서울특별시,11,강서구,11500,인천광역시,28,60,485,63,269,480,54,497,68,595,276,280
20181108,서울특별시,11,강서구,11500,대구광역시,27,61,416,48,173,323,33,436,39,413,235,210
20181108,서울특별시,11,강서구,11500,부산광역시,26,57,443,71,251,432,47,515,56,525,328,300
20181108,서울특별시,11,강서구,11500,서울특별시,11,264,1808,263,1252,1955,182,2255,202,1997,1109,1015
20181108,서울특별시,11,도봉구,11320,제주특별자치도,50,4,65,7,32,16,0,16,0,52,36,29
20181108,서울특별시,11,도봉구,11320,경상남도,48,34,356,58,335,121,41,179,49,368,243,249
20181108,서울특별시,11,도봉구,11320,경상북도,47,27,270,46,262,107,14,135,36,235,171,231
20181108,서울특별시,11,도봉구,11320,전라남도,46,16,166,84,161,68,22,80,29,170,113,151
20181108,서울특별시,11,도봉구,11320,전라북도,45,10,170,38,159,89,13,78,27,191,128,122
20181108,서울특별시,11,성동구,11200,제주특별자치도,50,4,89,21,21,28,7,17,0,99,28,9
20181108,서울특별시,11,성동구,11200,경상남도,48,22,375,114,105,182,50,170,63,572,151,108
20181108,서울특별시,11,성동구,11200,경상북도,47,11,336,93,94,118,48,126,62,446,125,56
20181108,서울특별시,11,성동구,11200,전라남도,46,12,203,59,43,79,16,83,28,295,84,44
20181108,서울특별시,11,성동구,11200,전라북도,45,16,192,64,54,101,22,95,24,368,84,55
20181108,서울특별시,11,성동구,11200,충청남도,44,31,314,95,87,132,28,154,53,439,95,56
20181108,서울특별시,11,성동구,11200,충청북도,43,15,225,53,58,82,24,85,25,352,68,45
20181108,서울특별시,11,성동구,11200,강원도,42,10,234,37,63,118,25,89,22,281,62,33
20181108,서울특별시,11,성동구,11200,경기도,41,154,2699,457,624,996,237,891,262,3060,964,500
20181108,서울특별시,11,성동구,11200,세종특별자치시,36,4,50,11,17,14,4,30,9,59,21,12
20181108,서울특별시,11,성동구,11200,울산광역시,31,8,157,35,38,56,17,73,31,203,51,35
20181108,서울특별시,11,성동구,11200,대전광역시,30,17,230,73,67,110,19,85,31,285,97,47
20181108,서울특별시,11,성동구,11200,광주광역시,29,17,259,52,77,105,30,86,34,332,100,45
20181108,서울특별시,11,성동구,11200,인천광역시,28,33,553,85,123,161,55,145,43,616,166,105
20181108,서울특별시,11,성동구,11200,대구광역시,27,28,360,82,108,156,46,130,69,455,137,70
20181108,서울특별시,11,성동구,11200,부산광역시,26,23,497,107,167,209,58,169,46,646,206,100
20181108,서울특별시,11,성동구,11200,서울특별시,11,140,2825,427,578,921,192,672,173,2452,1093,444
20181108,서울특별시,11,도봉구,11320,충청남도,44,21,245,37,264,90,20,111,40,210,161,204
20181108,서울특별시,11,도봉구,11320,충청북도,43,13,188,29,198,58,3,83,22,219,137,136
20181108,서울특별시,11,도봉구,11320,강원도,42,14,166,18,152,60,13,87,21,147,115,104
20181108,서울특별시,11,도봉구,11320,경기도,41,175,1930,317,1694,657,120,792,231,1732,1198,1198
20181108,서울특별시,11,도봉구,11320,세종특별자치시,36,3,49,7,31,21,7,13,4,38,30,36
20181108,서울특별시,11,도봉구,11320,울산광역시,31,16,132,29,131,45,11,64,21,123,94,106
20181108,서울특별시,11,도봉구,11320,대전광역시,30,20,188,26,169,48,9,91,21,173,135,136
20181108,서울특별시,11,도봉구,11320,광주광역시,29,20,223,31,150,57,15,85,24,150,152,143
20181108,서울특별시,11,도봉구,11320,인천광역시,28,27,416,38,386,122,15,157,52,332,307,253
20181108,서울특별시,11,도봉구,11320,대구광역시,27,27,287,67,243,91,15,163,32,227,181,204
20181108,서울특별시,11,도봉구,11320,부산광역시,26,25,395,43,369,140,31,200,62,330,289,333
20181108,서울특별시,11,도봉구,11320,서울특별시,11,134,1909,245,1614,519,117,698,160,1025,813,879
20181108,서울특별시,11,동작구,11590,제주특별자치도,50,0,17,0,15,12,0,5,3,39,16,10
20181108,서울특별시,11,동작구,11590,경상남도,48,51,137,28,85,129,30,110,20,174,114,132
20181108,서울특별시,11,동작구,11590,경상북도,47,35,112,19,71,67,31,92,22,123,81,100
20181108,서울특별시,11,동작구,11590,전라남도,46,26,71,14,31,73,25,64,8,87,48,59
20181108,서울특별시,11,동작구,11590,전라북도,45,21,75,26,46,69,19,66,17,99,54,76
20181108,서울특별시,11,성북구,11290,제주특별자치도,50,30,110,10,55,58,20,44,18,596,190,93
20181108,서울특별시,11,성북구,11290,경상남도,48,158,735,62,309,505,119,320,176,3658,1072,540
20181108,서울특별시,11,성북구,11290,경상북도,47,116,573,77,210,456,84,226,96,2777,795,388
20181108,서울특별시,11,성북구,11290,전라남도,46,76,327,30,135,350,55,150,68,1664,555,253
20181108,서울특별시,11,성북구,11290,전라북도,45,83,404,33,153,407,58,162,80,1997,613,274
20181108,서울특별시,11,성북구,11290,충청남도,44,90,493,59,240,387,96,211,98,2580,729,350
20181108,서울특별시,11,성북구,11290,충청북도,43,69,333,40,163,300,62,154,75,1938,556,235
20181108,서울특별시,11,성북구,11290,강원도,42,86,332,38,157,250,44,143,75,1753,511,196
20181108,서울특별시,11,성북구,11290,경기도,41,565,3479,304,1556,2488,523,1635,699,16622,5435,2504
20181108,서울특별시,11,성북구,11290,세종특별자치시,36,8,89,10,41,61,17,42,25,417,141,58
20181108,서울특별시,11,성북구,11290,울산광역시,31,44,263,31,120,173,38,106,60,1312,424,180
20181108,서울특별시,11,성북구,11290,대전광역시,30,68,361,28,165,281,52,153,87,1842,665,282
20181108,서울특별시,11,동작구,11590,충청남도,44,44,103,22,71,99,20,81,11,124,62,101
20181108,서울특별시,11,동작구,11590,충청북도,43,33,78,28,46,44,20,54,18,151,63,53
20181108,서울특별시,11,동작구,11590,강원도,42,26,60,16,45,61,17,59,15,80,51,65
20181108,서울특별시,11,동작구,11590,경기도,41,268,899,197,490,631,193,672,107,1170,564,688
20181108,서울특별시,11,동작구,11590,세종특별자치시,36,4,23,3,8,10,3,14,0,21,12,15
20181108,서울특별시,11,동작구,11590,울산광역시,31,18,40,14,28,38,8,39,7,69,44,42
20181108,서울특별시,11,동작구,11590,대전광역시,30,29,84,24,48,81,12,64,10,94,62,71
20181108,서울특별시,11,동작구,11590,광주광역시,29,26,63,18,45,57,22,57,13,82,61,80
20181108,서울특별시,11,동작구,11590,인천광역시,28,56,181,41,103,117,33,106,17,192,129,176
20181108,서울특별시,11,동작구,11590,대구광역시,27,41,110,43,72,79,26,111,9,131,74,120
20181108,서울특별시,11,동작구,11590,부산광역시,26,62,170,42,85,121,32,159,20,217,117,148
20181108,서울특별시,11,동작구,11590,서울특별시,11,225,781,205,425,468,106,569,57,989,418,647
20181108,서울특별시,11,마포구,11440,제주특별자치도,50,12,60,16,34,86,0,41,24,66,64,14
20181108,서울특별시,11,마포구,11440,경상남도,48,56,414,83,221,548,31,336,190,378,315,72
20181108,서울특별시,11,마포구,11440,경상북도,47,36,334,74,156,410,7,273,176,260,271,75
20181108,서울특별시,11,성북구,11290,광주광역시,29,82,391,37,169,292,48,165,75,2006,660,264
20181108,서울특별시,11,성북구,11290,인천광역시,28,129,752,49,356,500,97,368,144,3739,1164,521
20181108,서울특별시,11,성북구,11290,대구광역시,27,107,514,44,213,462,63,276,93,2855,902,367
20181108,서울특별시,11,성북구,11290,부산광역시,26,145,789,61,298,592,106,405,143,3645,1149,563
20181108,서울특별시,11,성북구,11290,서울특별시,11,522,2989,300,1331,1930,394,1477,409,12336,4740,2042
20181108,서울특별시,11,동대문구,11230,제주특별자치도,50,28,72,3,18,45,0,33,5,146,45,16
20181108,서울특별시,11,동대문구,11230,경상남도,48,96,470,41,103,370,44,476,60,1039,239,175
20181108,서울특별시,11,동대문구,11230,경상북도,47,80,378,31,105,323,30,375,43,731,153,110
20181108,서울특별시,11,동대문구,11230,전라남도,46,28,238,14,49,199,23,203,29,492,90,83
20181108,서울특별시,11,마포구,11440,전라남도,46,22,191,48,113,346,8,194,100,180,176,36
20181108,서울특별시,11,마포구,11440,전라북도,45,22,218,50,173,359,4,225,128,203,219,41
20181108,서울특별시,11,마포구,11440,충청남도,44,23,290,70,214,394,12,272,165,278,243,65
20181108,서울특별시,11,마포구,11440,충청북도,43,27,201,51,198,287,12,180,110,269,186,41
20181108,서울특별시,11,마포구,11440,강원도,42,22,206,49,127,286,10,164,96,191,148,38
20181108,서울특별시,11,양천구,11470,대전광역시,30,51,80,6,87,133,30,65,15,77,38,73
20181108,서울특별시,11,양천구,11470,광주광역시,29,40,71,8,83,148,30,82,12,96,44,93
20181108,서울특별시,11,양천구,11470,인천광역시,28,81,175,16,179,302,70,138,40,200,86,168
20181108,서울특별시,11,양천구,11470,대구광역시,27,56,106,13,137,193,65,103,21,136,58,135
20181108,서울특별시,11,양천구,11470,부산광역시,26,49,159,16,180,266,76,131,36,173,111,174
20181108,서울특별시,11,양천구,11470,서울특별시,11,283,730,83,779,983,250,518,105,789,320,1074
20181108,서울특별시,11,동대문구,11230,전라북도,45,41,254,16,76,213,24,226,23,550,105,81
20181108,서울특별시,11,동대문구,11230,충청남도,44,80,357,22,96,361,32,304,42,709,133,117
20181108,서울특별시,11,동대문구,11230,충청북도,43,64,235,18,76,215,30,235,17,570,119,94
20181108,서울특별시,11,동대문구,11230,강원도,42,55,233,12,68,194,24,206,34,459,89,83
20181108,서울특별시,11,동대문구,11230,경기도,41,429,2290,165,623,1909,194,1919,244,4974,986,799
20181108,서울특별시,11,동대문구,11230,세종특별자치시,36,12,37,3,17,34,0,40,4,120,22,29
20181108,서울특별시,11,동대문구,11230,울산광역시,31,34,148,9,46,120,17,156,20,396,78,62
20181108,서울특별시,11,동대문구,11230,대전광역시,30,51,247,19,86,169,23,221,25,523,116,81
20181108,서울특별시,11,동대문구,11230,광주광역시,29,48,226,13,72,170,17,201,28,532,131,88
20181108,서울특별시,11,동대문구,11230,인천광역시,28,101,501,36,137,403,40,428,56,1046,220,141
20181108,서울특별시,11,동대문구,11230,대구광역시,27,80,343,42,88,273,45,328,43,806,180,122
20181108,서울특별시,11,동대문구,11230,부산광역시,26,108,464,38,132,339,39,486,41,990,218,182
20181108,서울특별시,11,동대문구,11230,서울특별시,11,407,1678,140,557,1207,125,1428,148,3594,849,550
20181108,서울특별시,11,구로구,11530,제주특별자치도,50,5,48,7,22,77,10,24,4,59,18,21
20181108,서울특별시,11,구로구,11530,경상남도,48,36,307,28,190,440,37,243,27,431,109,191
20181108,서울특별시,11,구로구,11530,경상북도,47,27,272,17,223,387,28,174,28,259,57,115
20181108,서울특별시,11,구로구,11530,전라남도,46,16,123,13,89,191,23,91,15,183,65,94
20181108,서울특별시,11,구로구,11530,전라북도,45,19,151,21,108,210,32,120,21,225,58,77
20181108,서울특별시,11,구로구,11530,충청남도,44,28,233,18,148,339,27,155,26,299,92,98
20181108,서울특별시,11,구로구,11530,충청북도,43,32,148,11,109,232,27,126,19,262,56,79
20181108,서울특별시,11,구로구,11530,강원도,42,20,143,9,90,224,20,95,16,206,49,92
20181108,서울특별시,11,구로구,11530,경기도,41,236,1625,177,1022,2125,213,877,145,2446,535,794
20181108,서울특별시,11,구로구,11530,세종특별자치시,36,7,33,4,11,47,3,27,3,59,8,23
20181108,서울특별시,11,구로구,11530,울산광역시,31,16,124,6,65,204,14,77,12,137,42,66
20181108,서울특별시,11,구로구,11530,대전광역시,30,23,190,23,101,270,24,90,29,223,42,74
20181108,서울특별시,11,구로구,11530,광주광역시,29,11,141,21,92,184,22,102,17,216,58,68
20181108,서울특별시,11,구로구,11530,인천광역시,28,35,315,30,205,452,44,174,26,547,78,182
20181108,서울특별시,11,구로구,11530,대구광역시,27,21,249,25,147,320,32,134,21,345,79,139
20181108,서울특별시,11,구로구,11530,부산광역시,26,38,355,33,193,464,35,185,25,444,112,186
20181108,서울특별시,11,구로구,11530,서울특별시,11,138,1309,163,749,1587,157,821,122,1856,445,674
20181108,서울특별시,11,금천구,11545,제주특별자치도,50,25,67,25,55,59,14,43,9,116,53,115
20181108,서울특별시,11,금천구,11545,경상남도,48,94,516,113,407,490,79,396,58,658,339,716
20181108,서울특별시,11,금천구,11545,경상북도,47,68,369,101,356,361,62,296,49,456,281,520
20181108,서울특별시,11,금천구,11545,전라남도,46,64,253,83,240,222,48,183,35,306,160,304
20181108,서울특별시,11,금천구,11545,전라북도,45,54,323,67,229,254,29,244,37,382,172,409
20181108,서울특별시,11,금천구,11545,충청남도,44,69,459,83,339,411,51,281,67,448,242,508
20181108,서울특별시,11,금천구,11545,충청북도,43,55,279,71,260,303,35,170,57,380,195,324
20181108,서울특별시,11,금천구,11545,강원도,42,51,273,86,201,233,44,203,30,275,161,371
20181108,서울특별시,11,금천구,11545,경기도,41,583,2619,328,2383,2711,322,2148,315,3090,1562,2900
20181108,서울특별시,11,금천구,11545,세종특별자치시,36,20,70,7,53,54,6,65,9,106,39,64
20181108,서울특별시,11,금천구,11545,울산광역시,31,38,199,41,159,201,30,119,23,215,116,255
20181108,서울특별시,11,노원구,11350,제주특별자치도,50,4,12,3,5,7,5,6,4,59,4,26
20181108,서울특별시,11,노원구,11350,경상남도,48,41,125,3,38,81,20,51,23,326,77,48
20181108,서울특별시,11,노원구,11350,경상북도,47,25,106,5,20,89,10,36,16,232,47,32
20181108,서울특별시,11,노원구,11350,전라남도,46,14,69,7,22,65,6,32,9,169,36,24
20181108,서울특별시,11,노원구,11350,전라북도,45,12,96,3,7,58,3,27,12,217,43,34
20181108,서울특별시,11,노원구,11350,충청남도,44,33,123,9,30,76,7,54,17,233,59,23
20181108,서울특별시,11,노원구,11350,충청북도,43,19,60,10,31,53,9,31,14,240,45,18
20181108,서울특별시,11,노원구,11350,강원도,42,20,73,4,21,50,7,27,14,158,30,28
20181108,서울특별시,11,노원구,11350,경기도,41,202,800,96,377,583,86,302,142,2078,383,275
20181108,서울특별시,11,노원구,11350,세종특별자치시,36,4,20,5,5,10,0,4,0,32,12,4
20181108,서울특별시,11,노원구,11350,울산광역시,31,15,44,5,15,30,5,15,8,126,19,14
20181108,서울특별시,11,노원구,11350,대전광역시,30,16,103,6,20,39,5,26,14,170,34,23
20181108,서울특별시,11,노원구,11350,광주광역시,29,19,95,4,25,51,4,15,16,167,34,25
20181108,서울특별시,11,노원구,11350,인천광역시,28,36,180,20,42,112,14,45,35,346,89,56
20181108,서울특별시,11,노원구,11350,대구광역시,27,29,105,9,24,71,17,43,23,251,55,40
20181108,서울특별시,11,노원구,11350,부산광역시,26,35,168,12,47,87,19,46,23,346,102,95
20181108,서울특별시,11,마포구,11440,경기도,41,270,2338,472,1549,2700,125,1807,951,2449,1671,465
20181108,서울특별시,11,마포구,11440,세종특별자치시,36,6,57,12,33,90,0,36,29,45,44,13
20181108,서울특별시,11,마포구,11440,울산광역시,31,23,142,31,86,206,6,137,106,126,126,23
20181108,서울특별시,11,마포구,11440,대전광역시,30,30,252,46,223,307,4,183,109,243,220,35
20181108,서울특별시,11,마포구,11440,광주광역시,29,26,202,48,145,312,3,192,106,206,200,41
20181108,서울특별시,11,마포구,11440,인천광역시,28,66,523,77,257,604,18,366,215,419,338,108
20181108,서울특별시,11,마포구,11440,대구광역시,27,59,312,70,189,353,25,263,177,331,316,86
20181108,서울특별시,11,마포구,11440,부산광역시,26,62,523,107,307,637,14,419,237,441,442,118
20181108,서울특별시,11,마포구,11440,서울특별시,11,246,2070,480,1650,2365,70,1484,738,2246,1672,374
20181108,서울특별시,11,노원구,11350,서울특별시,11,143,747,65,326,477,77,336,126,1418,335,184
20181108,서울특별시,11,금천구,11545,대전광역시,30,67,304,45,228,251,45,254,30,385,164,305
20181108,서울특별시,11,금천구,11545,광주광역시,29,59,331,45,210,276,40,230,25,401,220,311
20181108,서울특별시,11,금천구,11545,인천광역시,28,146,561,73,476,562,54,409,65,556,300,592
20181108,서울특별시,11,금천구,11545,대구광역시,27,90,389,62,328,353,89,296,52,552,282,473
20181108,서울특별시,11,금천구,11545,부산광역시,26,91,502,84,463,559,127,494,67,685,372,717
20181108,서울특별시,11,금천구,11545,서울특별시,11,463,2305,292,1774,2298,274,1801,254,2672,1335,2374
20181108,서울특별시,11,관악구,11620,서울특별시,11,194,791,248,428,919,52,266,158,1186,304,574
20181108,서울특별시,11,관악구,11620,부산광역시,26,51,234,47,140,293,16,70,37,278,95,169
20181108,서울특별시,11,관악구,11620,대구광역시,27,30,150,33,111,168,60,52,34,223,57,131
20181108,서울특별시,11,관악구,11620,인천광역시,28,139,208,34,116,230,18,72,35,327,60,163
20181108,서울특별시,11,관악구,11620,광주광역시,29,60,121,29,61,92,11,25,12,151,48,86
20181108,서울특별시,11,관악구,11620,대전광역시,30,37,118,19,63,144,8,29,27,152,34,88
20181108,서울특별시,11,관악구,11620,울산광역시,31,11,86,10,49,86,17,25,18,104,16,60
20181108,서울특별시,11,관악구,11620,세종특별자치시,36,10,18,7,12,30,3,8,14,38,8,18
20181108,서울특별시,11,관악구,11620,경기도,41,311,1032,213,503,1244,88,351,192,1834,371,725
20181108,서울특별시,11,관악구,11620,강원도,42,29,120,15,51,128,9,33,22,124,38,87
20181108,서울특별시,11,관악구,11620,충청북도,43,21,115,28,55,95,14,50,28,215,31,92
20181108,서울특별시,11,관악구,11620,충청남도,44,64,177,21,50,186,15,46,32,191,50,105
20181108,서울특별시,11,관악구,11620,전라북도,45,22,122,24,63,140,19,35,23,186,37,72
20181108,서울특별시,11,관악구,11620,전라남도,46,27,109,6,49,134,13,40,23,140,38,59
20181108,서울특별시,11,관악구,11620,경상북도,47,39,147,20,100,182,9,47,47,183,59,128
20181108,서울특별시,11,관악구,11620,경상남도,48,51,223,28,116,286,20,79,59,307,76,155
20181108,서울특별시,11,송파구,11710,제주특별자치도,50,8,43,4,18,85,3,35,12,82,33,31
20181108,서울특별시,11,송파구,11710,경상남도,48,19,284,38,145,302,14,251,32,658,121,240
20181108,서울특별시,11,송파구,11710,경상북도,47,14,204,27,151,292,46,201,28,469,120,187
20181108,서울특별시,11,송파구,11710,전라남도,46,13,111,17,72,163,9,129,10,320,64,97
20181108,서울특별시,11,송파구,11710,전라북도,45,8,159,15,81,234,14,151,15,381,94,132
20181108,서울특별시,11,송파구,11710,충청남도,44,17,202,36,104,254,15,170,17,467,113,156
20181108,서울특별시,11,송파구,11710,충청북도,43,14,136,29,78,172,15,142,15,472,76,127
20181108,서울특별시,11,송파구,11710,강원도,42,14,158,12,58,157,18,157,6,283,61,111
20181108,서울특별시,11,송파구,11710,경기도,41,132,1501,232,788,1749,165,1319,169,3696,763,1212
20181108,서울특별시,11,송파구,11710,세종특별자치시,36,4,29,8,15,37,3,36,9,70,17,28
20181108,서울특별시,11,송파구,11710,울산광역시,31,11,86,10,43,132,16,90,16,210,54,99
20181108,서울특별시,11,송파구,11710,대전광역시,30,14,156,29,89,145,21,117,18,350,98,139
20181108,서울특별시,11,송파구,11710,광주광역시,29,7,149,24,143,138,12,106,16,339,94,124
20181108,서울특별시,11,송파구,11710,인천광역시,28,27,323,51,185,386,56,290,35,677,169,254
20181108,서울특별시,11,송파구,11710,대구광역시,27,16,228,47,111,263,19,205,19,514,135,222
20181108,서울특별시,11,송파구,11710,부산광역시,26,19,305,48,160,317,29,301,23,667,173,286
20181108,서울특별시,11,송파구,11710,서울특별시,11,90,1478,229,718,1088,105,1270,104,2728,706,1143
20181108,서울특별시,11,은평구,11380,제주특별자치도,50,10,24,5,8,23,16,5,0,45,17,21
20181108,서울특별시,11,은평구,11380,경상남도,48,77,352,128,65,238,47,133,17,300,108,220
20181108,서울특별시,11,은평구,11380,경상북도,47,53,234,79,47,195,49,101,9,263,81,143
20181108,서울특별시,11,은평구,11380,전라남도,46,32,175,60,43,108,19,83,10,155,57,96
20181108,서울특별시,11,은평구,11380,전라북도,45,28,188,66,34,119,30,74,8,186,47,105
20181108,서울특별시,11,은평구,11380,충청남도,44,45,218,86,55,179,30,110,9,205,68,124
20181108,서울특별시,11,은평구,11380,충청북도,43,47,144,50,50,130,20,60,7,249,60,88
20181108,서울특별시,11,중구,11140,서울특별시,11,288,2693,277,316,1730,305,580,162,4200,1212,408
20181108,서울특별시,11,중구,11140,부산광역시,26,55,583,65,65,400,62,161,53,1080,242,111
20181108,서울특별시,11,중구,11140,대구광역시,27,54,520,62,55,280,62,128,34,877,167,94
20181108,서울특별시,11,중구,11140,인천광역시,28,69,428,43,73,379,68,143,52,998,243,89
20181108,서울특별시,11,중구,11140,광주광역시,29,24,287,52,36,228,38,86,28,595,134,46
20181108,서울특별시,11,중구,11140,대전광역시,30,19,276,42,42,189,24,90,20,531,126,42
20181108,서울특별시,11,중구,11140,울산광역시,31,20,185,23,24,124,19,51,13,393,86,27
20181108,서울특별시,11,중구,11140,세종특별자치시,36,12,59,4,7,43,12,26,7,116,34,10
20181108,서울특별시,11,중구,11140,경기도,41,330,2393,330,360,2057,303,672,227,4832,1184,391
20181108,서울특별시,11,중구,11140,강원도,42,36,323,36,35,170,36,80,25,470,128,43
20181108,서울특별시,11,중구,11140,충청북도,43,52,280,43,44,223,39,71,19,543,120,31
20181108,서울특별시,11,중구,11140,충청남도,44,37,345,39,53,287,44,106,27,746,167,44
20181108,서울특별시,11,중구,11140,전라북도,45,28,282,30,37,206,42,74,27,545,130,36
20181108,서울특별시,11,중구,11140,전라남도,46,37,300,34,31,208,30,91,22,477,114,41
20181108,서울특별시,11,중구,11140,경상북도,47,39,348,66,41,296,44,127,36,789,155,61
20181108,서울특별시,11,중구,11140,경상남도,48,55,510,61,62,386,76,150,51,1013,229,99
20181108,서울특별시,11,중구,11140,제주특별자치도,50,17,78,18,12,69,10,29,3,173,37,19
20181108,서울특별시,11,강북구,11305,서울특별시,11,59,642,32,210,234,33,180,198,1770,343,202
20181108,서울특별시,11,강북구,11305,부산광역시,26,12,159,3,49,61,7,42,52,510,108,50
20181108,서울특별시,11,강북구,11305,대구광역시,27,5,125,7,33,37,6,24,50,383,52,36
20181108,서울특별시,11,강북구,11305,인천광역시,28,17,154,10,47,66,8,35,59,590,76,51
20181108,서울특별시,11,강북구,11305,광주광역시,29,4,67,4,29,22,4,19,36,273,42,20
20181108,서울특별시,11,강북구,11305,대전광역시,30,6,81,5,26,37,10,19,36,302,34,24
20181108,서울특별시,11,강북구,11305,울산광역시,31,0,52,0,16,20,9,13,40,182,22,27
20181108,서울특별시,11,강북구,11305,세종특별자치시,36,0,17,0,6,8,0,0,15,59,13,4
20181108,서울특별시,11,강북구,11305,경기도,41,81,805,52,244,333,60,188,337,2743,418,214
20181108,서울특별시,11,강북구,11305,강원도,42,9,103,4,23,22,4,17,33,282,47,29
20181108,서울특별시,11,강북구,11305,충청북도,43,15,101,3,22,34,4,15,51,348,54,17
20181108,서울특별시,11,강북구,11305,충청남도,44,13,115,5,38,50,6,27,60,413,71,37
20181108,서울특별시,11,강북구,11305,전라북도,45,3,79,8,27,27,5,26,36,333,43,24
20181108,서울특별시,11,강북구,11305,전라남도,46,9,79,8,26,33,10,25,37,270,41,25
20181108,서울특별시,11,강북구,11305,경상북도,47,10,134,5,37,50,14,32,65,456,63,44
20181108,서울특별시,11,강북구,11305,경상남도,48,18,175,3,59,83,10,26,81,598,93,47
20181108,서울특별시,11,강북구,11305,제주특별자치도,50,0,20,0,4,0,3,4,10,77,17,9
20181108,서울특별시,11,은평구,11380,강원도,42,34,92,38,35,131,26,56,4,158,60,68
20181108,서울특별시,11,은평구,11380,경기도,41,314,1314,401,412,1391,231,618,120,1754,545,781
20181108,서울특별시,11,은평구,11380,세종특별자치시,36,7,37,6,8,20,3,17,0,26,7,13
20181108,서울특별시,11,은평구,11380,울산광역시,31,18,85,44,18,99,25,39,7,111,36,64
20181108,서울특별시,11,은평구,11380,대전광역시,30,24,120,52,41,125,24,61,13,141,51,77
20181108,서울특별시,11,은평구,11380,광주광역시,29,30,155,39,39,126,23,54,7,154,50,103
20181108,서울특별시,11,은평구,11380,인천광역시,28,62,290,73,67,320,38,111,18,306,102,192
20181108,서울특별시,11,은평구,11380,대구광역시,27,38,309,69,46,162,38,85,13,228,77,190
20181108,서울특별시,11,은평구,11380,부산광역시,26,57,335,119,85,265,35,120,18,297,126,210
20181108,서울특별시,11,은평구,11380,서울특별시,11,244,963,292,320,1007,170,544,124,1039,367,591
20181108,서울특별시,11,관악구,11620,제주특별자치도,50,6,39,4,12,40,3,6,5,42,14,16
20181108,서울특별시,11,서대문구,11410,제주특별자치도,50,0,22,0,0,25,0,4,5,19,9,20
20181108,서울특별시,11,서대문구,11410,경상남도,48,6,88,8,15,269,4,108,35,195,49,143
20181108,서울특별시,11,서대문구,11410,경상북도,47,11,73,4,17,229,3,95,42,179,48,108
20181108,서울특별시,11,서대문구,11410,전라남도,46,6,43,7,7,134,0,44,20,114,32,58
20181108,서울특별시,11,서대문구,11410,전라북도,45,4,49,16,11,164,4,72,11,113,41,68
20181108,서울특별시,11,서대문구,11410,충청남도,44,4,63,11,13,244,8,109,20,190,49,95
20181108,서울특별시,11,서대문구,11410,충청북도,43,0,51,27,15,188,4,86,23,181,24,69
20181108,서울특별시,11,서대문구,11410,강원도,42,4,49,6,14,145,0,59,14,99,25,64
20181108,서울특별시,11,서대문구,11410,경기도,41,55,535,50,157,1516,58,813,116,1763,335,764
20181108,서울특별시,11,서대문구,11410,세종특별자치시,36,0,9,0,5,33,0,19,0,37,10,26
20181108,서울특별시,11,서대문구,11410,울산광역시,31,0,30,6,8,93,0,29,15,79,18,38
20181108,서울특별시,11,서대문구,11410,대전광역시,30,3,45,6,13,174,7,81,16,161,38,51
20181108,서울특별시,11,서대문구,11410,광주광역시,29,0,41,0,6,155,3,37,8,107,39,82
20181108,서울특별시,11,서대문구,11410,인천광역시,28,10,110,21,23,311,13,169,24,319,72,160
20181108,서울특별시,11,서대문구,11410,대구광역시,27,7,81,3,15,227,10,97,18,186,43,119
20181108,서울특별시,11,서대문구,11410,부산광역시,26,3,110,76,22,316,8,128,37,197,60,179
20181108,서울특별시,11,영등포구,11560,제주특별자치도,50,4,57,12,57,53,5,46,0,11,9,23
20181108,서울특별시,11,영등포구,11560,경상남도,48,22,440,52,436,299,21,329,19,209,68,135
20181108,서울특별시,11,영등포구,11560,경상북도,47,13,337,36,346,185,23,236,17,145,57,96
20181108,서울특별시,11,영등포구,11560,전라남도,46,11,222,24,210,109,14,149,8,87,34,78
20181108,서울특별시,11,영등포구,11560,전라북도,45,15,224,22,221,126,11,164,10,131,29,83
20181108,서울특별시,11,영등포구,11560,충청남도,44,16,341,29,344,290,17,216,8,153,55,99
20181108,서울특별시,11,영등포구,11560,충청북도,43,23,218,35,205,169,8,133,7,171,40,78
20181108,서울특별시,11,영등포구,11560,강원도,42,10,207,21,215,123,20,153,7,99,25,70
20181108,서울특별시,11,영등포구,11560,경기도,41,161,1998,251,2234,1335,112,1410,113,1432,420,640
20181108,서울특별시,11,영등포구,11560,세종특별자치시,36,4,45,3,43,42,0,35,4,22,10,18
20181108,서울특별시,11,양천구,11470,제주특별자치도,50,8,19,0,12,29,7,10,5,27,6,22
20181108,서울특별시,11,양천구,11470,경상남도,48,80,131,11,157,339,77,132,59,159,70,157
20181108,서울특별시,11,양천구,11470,경상북도,47,55,108,20,119,209,47,125,32,112,44,144
20181108,서울특별시,11,양천구,11470,전라남도,46,36,63,9,85,140,42,61,21,95,33,82
20181108,서울특별시,11,양천구,11470,전라북도,45,37,81,7,96,182,43,92,23,84,45,89
20181108,서울특별시,11,양천구,11470,충청남도,44,58,90,9,133,245,60,101,27,129,55,100
20181108,서울특별시,11,영등포구,11560,울산광역시,31,3,327,18,178,110,5,117,9,66,21,49
20181108,서울특별시,11,영등포구,11560,대전광역시,30,12,204,27,240,136,10,141,15,118,47,71
20181108,서울특별시,11,영등포구,11560,광주광역시,29,13,190,17,246,122,11,164,9,110,36,103
20181108,서울특별시,11,영등포구,11560,인천광역시,28,41,416,42,475,273,18,289,25,224,60,151
20181108,서울특별시,11,영등포구,11560,대구광역시,27,20,317,31,313,203,11,239,12,166,41,108
20181108,서울특별시,11,영등포구,11560,부산광역시,26,27,503,78,496,277,25,339,23,214,87,173
20181108,서울특별시,11,영등포구,11560,서울특별시,11,123,1892,234,1928,1154,86,1237,82,1021,392,513
20181108,서울특별시,11,중랑구,11260,제주특별자치도,50,14,49,4,36,62,11,27,20,138,49,16
20181108,서울특별시,11,중랑구,11260,경상남도,48,70,349,36,216,433,62,233,146,1223,423,243
20181108,서울특별시,11,중랑구,11260,경상북도,47,62,290,33,200,350,28,160,103,942,299,190
20181108,서울특별시,11,중랑구,11260,전라남도,46,32,182,16,103,234,32,112,72,551,205,111
20181108,서울특별시,11,중랑구,11260,전라북도,45,36,185,11,129,232,23,112,82,671,195,127
20181108,서울특별시,11,중랑구,11260,충청남도,44,58,267,30,152,395,41,163,111,859,260,161
20181108,서울특별시,11,중랑구,11260,충청북도,43,42,165,24,131,268,33,104,65,612,199,116
20181108,서울특별시,11,중랑구,11260,강원도,42,36,181,19,115,221,21,133,48,528,175,112
20181108,서울특별시,11,중랑구,11260,경기도,41,389,1700,220,1162,2182,246,1065,670,5623,1738,985
20181108,서울특별시,11,중랑구,11260,세종특별자치시,36,0,38,8,20,64,5,28,22,135,48,25
20181108,서울특별시,11,중랑구,11260,울산광역시,31,33,153,11,80,167,18,81,57,452,142,89
20181108,서울특별시,11,중랑구,11260,대전광역시,30,34,177,19,165,226,21,110,57,627,153,107
20181108,서울특별시,11,중랑구,11260,광주광역시,29,33,160,18,141,253,31,130,73,625,223,126
20181108,서울특별시,11,중랑구,11260,인천광역시,28,77,351,49,229,465,45,232,129,1196,385,248
20181108,서울특별시,11,중랑구,11260,대구광역시,27,72,236,33,184,343,32,195,91,934,295,167
20181108,서울특별시,11,중랑구,11260,부산광역시,26,94,367,36,289,428,51,262,118,1186,429,242
20181108,서울특별시,11,중랑구,11260,서울특별시,11,328,1318,151,993,1517,201,930,400,3858,1254,908
20181108,서울특별시,11,양천구,11470,충청북도,43,50,100,17,84,161,38,68,20,165,28,96
20181108,서울특별시,11,양천구,11470,강원도,42,41,86,6,97,148,38,78,20,84,33,79
20181108,서울특별시,11,양천구,11470,경기도,41,370,796,77,941,1505,366,670,205,1251,410,811
20181108,서울특별시,11,양천구,11470,세종특별자치시,36,13,12,0,24,34,4,11,4,22,11,16
20181108,서울특별시,11,양천구,11470,울산광역시,31,24,55,7,78,101,23,57,13,44,20,58
20181108,서울특별시,11,용산구,11170,서울특별시,11,199,2127,104,9486,2073,238,349,143,1522,692,458
20181108,서울특별시,11,용산구,11170,부산광역시,26,54,554,18,2163,284,51,68,57,383,150,102
20181108,서울특별시,11,용산구,11170,대구광역시,27,58,390,14,1446,237,46,53,35,302,110,61
20181108,서울특별시,11,용산구,11170,인천광역시,28,60,478,20,2206,456,48,71,76,346,117,117
20181108,서울특별시,11,용산구,11170,광주광역시,29,39,253,14,869,159,20,47,26,207,73,54
20181108,서울특별시,11,용산구,11170,대전광역시,30,27,233,23,1133,201,29,46,22,176,82,45
20181108,서울특별시,11,용산구,11170,울산광역시,31,23,168,4,675,94,23,28,13,128,40,41
20181108,서울특별시,11,용산구,11170,세종특별자치시,36,8,49,0,264,40,8,7,3,52,20,6
20181108,서울특별시,11,용산구,11170,경기도,41,221,2359,120,10533,2333,269,382,182,1781,649,439
20181108,서울특별시,11,용산구,11170,강원도,42,22,224,10,988,134,27,33,25,172,64,32
20181108,서울특별시,11,용산구,11170,충청북도,43,33,255,21,1067,163,31,44,19,199,59,46
20181108,서울특별시,11,용산구,11170,충청남도,44,50,330,14,1587,286,42,58,25,277,97,64
20181108,서울특별시,11,용산구,11170,전라북도,45,37,261,20,1021,211,27,41,18,201,71,42
20181109,서울특별시,11,강남구,11680,충청북도,43,22,202,21,90,178,13,150,20,370,129,154
20181109,서울특별시,11,강남구,11680,강원도,42,18,230,12,78,129,23,133,21,242,114,162
20181109,서울특별시,11,강남구,11680,경기도,41,311,2674,247,1025,1840,204,1446,225,3429,1194,1563
20181109,서울특별시,11,종로구,11110,제주특별자치도,50,10,35,4,3,19,0,6,11,61,42,4
20181109,서울특별시,11,종로구,11110,경상남도,48,66,157,42,57,133,10,52,46,353,282,12
20181109,서울특별시,11,종로구,11110,경상북도,47,39,123,50,28,96,6,31,35,273,211,22
20181109,서울특별시,11,종로구,11110,전라남도,46,27,87,30,25,48,0,32,19,200,121,5
20181109,서울특별시,11,중구,11140,제주특별자치도,50,18,73,16,39,57,12,13,7,174,41,10
20181109,서울특별시,11,마포구,11440,서울특별시,11,279,2122,355,1101,1783,134,1131,584,2296,1264,341
20181109,서울특별시,11,마포구,11440,부산광역시,26,72,472,51,330,447,22,337,179,524,317,111
20181109,서울특별시,11,마포구,11440,대구광역시,27,39,364,55,260,324,20,209,129,440,238,60
20181109,서울특별시,11,마포구,11440,인천광역시,28,72,498,78,285,434,21,311,162,455,271,86
20181109,서울특별시,11,마포구,11440,광주광역시,29,20,315,34,165,270,10,148,103,240,143,42
20181109,서울특별시,11,마포구,11440,대전광역시,30,26,258,31,145,224,12,131,90,268,171,36
20181109,서울특별시,11,강남구,11680,세종특별자치시,36,9,61,6,25,60,0,37,5,59,28,43
20181109,서울특별시,11,강남구,11680,울산광역시,31,20,166,9,39,93,14,103,14,167,94,114
20181109,서울특별시,11,도봉구,11320,경상남도,48,28,315,39,229,168,28,358,44,373,187,275
20181109,서울특별시,11,도봉구,11320,경상북도,47,19,273,36,179,164,21,274,20,253,158,204
20181109,서울특별시,11,도봉구,11320,전라남도,46,15,155,16,126,94,3,157,20,184,94,131
20181109,서울특별시,11,도봉구,11320,전라북도,45,8,181,23,125,114,17,157,24,174,92,131
20181109,서울특별시,11,도봉구,11320,충청남도,44,20,220,19,196,105,12,260,26,211,134,191
20181109,서울특별시,11,도봉구,11320,충청북도,43,10,177,26,123,108,7,192,31,171,82,159
20181109,서울특별시,11,도봉구,11320,강원도,42,6,166,14,135,79,10,208,17,133,90,142
20181109,서울특별시,11,도봉구,11320,경기도,41,157,1855,253,1284,799,124,1594,193,1748,911,1204
20181109,서울특별시,11,도봉구,11320,세종특별자치시,36,4,37,0,28,20,0,31,7,31,22,18
20181109,서울특별시,11,도봉구,11320,울산광역시,31,10,122,23,90,70,15,156,23,138,69,103
20181109,서울특별시,11,도봉구,11320,대전광역시,30,12,183,31,155,102,7,203,26,164,95,146
20181109,서울특별시,11,도봉구,11320,광주광역시,29,11,166,72,125,103,9,162,26,141,110,161
20181109,서울특별시,11,도봉구,11320,인천광역시,28,20,380,36,270,156,24,368,41,364,188,276
20181109,서울특별시,11,도봉구,11320,대구광역시,27,18,270,42,197,150,16,241,31,256,181,243
20181109,서울특별시,11,도봉구,11320,부산광역시,26,28,381,45,299,166,26,462,40,319,203,315
20181109,서울특별시,11,구로구,11530,제주특별자치도,50,0,45,6,19,63,5,42,6,62,13,18
20181109,서울특별시,11,구로구,11530,경상남도,48,46,283,18,166,380,43,234,34,519,93,190
20181109,서울특별시,11,구로구,11530,경상북도,47,28,258,19,162,255,26,188,30,360,83,146
20181109,서울특별시,11,구로구,11530,전라남도,46,21,135,15,90,168,23,112,19,205,55,70
20181109,서울특별시,11,구로구,11530,전라북도,45,23,153,14,87,200,22,132,21,255,75,88
20181109,서울특별시,11,구로구,11530,충청남도,44,31,233,25,118,255,25,146,39,354,102,119
20181109,서울특별시,11,구로구,11530,충청북도,43,22,174,9,82,202,23,146,37,332,59,91
20181109,서울특별시,11,구로구,11530,강원도,42,18,163,13,63,168,17,99,22,232,54,93
20181109,서울특별시,11,구로구,11530,경기도,41,173,1567,144,849,1843,164,960,232,2543,573,823
20181109,서울특별시,11,구로구,11530,세종특별자치시,36,6,29,12,25,44,5,16,7,53,19,13
20181109,서울특별시,11,구로구,11530,울산광역시,31,8,122,7,62,116,14,93,18,180,34,76
20181109,서울특별시,11,구로구,11530,대전광역시,30,11,179,15,140,175,12,142,31,259,64,100
20181109,서울특별시,11,구로구,11530,광주광역시,29,9,135,15,88,192,26,117,19,238,65,89
20181109,서울특별시,11,강남구,11680,대전광역시,30,25,224,32,113,172,19,175,23,320,117,161
20181109,서울특별시,11,강남구,11680,광주광역시,29,27,270,22,111,180,17,140,24,301,119,173
20181109,서울특별시,11,강남구,11680,인천광역시,28,53,545,59,198,399,40,285,36,546,251,416
20181109,서울특별시,11,강남구,11680,대구광역시,27,31,424,54,98,222,34,226,31,498,169,236
20181109,서울특별시,11,강남구,11680,부산광역시,26,35,663,44,193,317,33,329,56,679,276,399
20181109,서울특별시,11,구로구,11530,인천광역시,28,44,299,32,195,374,38,202,55,478,105,200
20181109,서울특별시,11,구로구,11530,대구광역시,27,28,225,11,142,258,24,182,39,386,68,148
20181109,서울특별시,11,구로구,11530,부산광역시,26,35,379,27,212,393,34,229,66,480,128,213
20181109,서울특별시,11,구로구,11530,서울특별시,11,137,1411,104,717,1423,137,794,174,1894,448,730
20181109,서울특별시,11,관악구,11620,서울특별시,11,133,792,317,414,719,64,209,108,1689,266,507
20181109,서울특별시,11,관악구,11620,부산광역시,26,39,222,71,81,232,19,72,56,554,99,144
20181109,서울특별시,11,관악구,11620,대구광역시,27,24,145,56,66,141,17,34,29,362,58,97
20181109,서울특별시,11,관악구,11620,인천광역시,28,32,187,50,102,179,9,49,22,487,71,170
20181109,서울특별시,11,관악구,11620,광주광역시,29,47,114,54,42,120,6,24,28,237,46,73
20181109,서울특별시,11,관악구,11620,대전광역시,30,14,148,47,58,143,8,50,70,245,45,65
20181109,서울특별시,11,관악구,11620,울산광역시,31,7,72,32,26,51,4,24,15,167,25,37
20181109,서울특별시,11,관악구,11620,세종특별자치시,36,5,34,0,7,41,3,5,7,45,9,43
20181109,서울특별시,11,관악구,11620,경기도,41,187,1000,333,490,1127,75,260,203,2508,366,610
20181109,서울특별시,11,관악구,11620,강원도,42,9,117,50,48,78,6,27,21,216,26,57
20181109,서울특별시,11,관악구,11620,충청북도,43,15,117,59,53,101,9,24,23,323,26,54
20181109,서울특별시,11,관악구,11620,충청남도,44,30,166,35,80,131,10,43,41,330,45,92
20181109,서울특별시,11,관악구,11620,전라북도,45,19,115,65,53,85,19,29,30,286,26,69
20181109,서울특별시,11,강남구,11680,서울특별시,11,316,2898,247,1017,1642,187,1192,192,3177,1197,1664
20181109,서울특별시,11,마포구,11440,울산광역시,31,22,175,24,124,157,14,108,50,170,106,20
20181109,서울특별시,11,마포구,11440,세종특별자치시,36,11,58,14,41,68,0,41,24,50,32,5
20181109,서울특별시,11,마포구,11440,경기도,41,333,2357,416,1237,2024,138,1411,717,2667,1376,406
20181109,서울특별시,11,마포구,11440,강원도,42,29,239,48,106,224,8,147,72,205,133,37
20181109,서울특별시,11,마포구,11440,충청북도,43,36,243,39,158,214,18,135,87,311,149,38
20181109,서울특별시,11,마포구,11440,충청남도,44,37,304,55,163,309,17,187,116,311,188,64
20181109,서울특별시,11,마포구,11440,전라북도,45,22,231,33,145,316,10,167,93,249,176,29
20181109,서울특별시,11,노원구,11350,경상북도,47,20,101,4,23,83,7,23,15,207,53,43
20181109,서울특별시,11,종로구,11110,강원도,42,31,100,19,29,69,6,32,21,172,151,11
20181109,서울특별시,11,종로구,11110,경기도,41,258,950,234,339,732,62,382,221,1536,1265,116
20181109,서울특별시,11,종로구,11110,세종특별자치시,36,7,29,5,4,23,0,0,8,40,26,5
20181109,서울특별시,11,종로구,11110,울산광역시,31,14,73,8,19,47,3,14,15,105,79,4
20181109,서울특별시,11,종로구,11110,대전광역시,30,20,75,25,23,62,3,23,19,192,133,14
20181109,서울특별시,11,종로구,11110,광주광역시,29,19,96,27,29,62,5,25,22,190,158,7
20181109,서울특별시,11,종로구,11110,인천광역시,28,47,176,39,53,132,14,44,45,238,240,33
20181109,서울특별시,11,종로구,11110,대구광역시,27,30,110,40,37,84,5,32,39,261,184,20
20181109,서울특별시,11,서대문구,11410,제주특별자치도,50,0,13,0,4,34,0,3,0,37,4,17
20181109,서울특별시,11,서대문구,11410,경상남도,48,12,97,10,20,253,12,106,45,314,60,76
20181109,서울특별시,11,서대문구,11410,경상북도,47,8,67,5,5,216,8,114,23,222,52,63
20181109,서울특별시,11,서대문구,11410,전라남도,46,4,41,3,6,129,8,55,12,134,24,42
20181109,서울특별시,11,서대문구,11410,전라북도,45,6,34,25,10,176,0,69,28,152,31,45
20181109,서울특별시,11,서대문구,11410,충청남도,44,5,85,5,16,224,6,107,28,217,40,60
20181109,서울특별시,11,서대문구,11410,충청북도,43,3,56,7,14,163,5,70,22,177,26,45
20181109,서울특별시,11,서대문구,11410,강원도,42,5,61,8,16,140,7,44,16,148,20,48
20181109,서울특별시,11,서대문구,11410,경기도,41,51,520,43,160,1485,66,584,189,1474,317,416
20181109,서울특별시,11,서대문구,11410,세종특별자치시,36,0,11,0,7,26,0,25,6,21,13,12
20181109,서울특별시,11,서대문구,11410,울산광역시,31,3,25,4,6,79,5,39,17,101,21,31
20181109,서울특별시,11,서대문구,11410,대전광역시,30,4,54,5,10,126,6,53,14,164,35,54
20181109,서울특별시,11,강북구,11305,서울특별시,11,49,541,39,178,218,34,129,191,1749,276,169
20181109,서울특별시,11,강북구,11305,부산광역시,26,16,148,5,43,54,8,38,56,564,91,30
20181109,서울특별시,11,강북구,11305,대구광역시,27,7,114,0,23,46,7,19,49,403,69,38
20181109,서울특별시,11,강북구,11305,인천광역시,28,13,144,4,42,52,6,31,73,597,77,40
20181109,서울특별시,11,강북구,11305,광주광역시,29,6,80,0,16,37,0,15,21,293,47,20
20181109,서울특별시,11,강북구,11305,대전광역시,30,6,66,7,15,38,3,15,35,228,47,18
20181109,서울특별시,11,강북구,11305,울산광역시,31,0,45,3,16,22,3,11,21,182,27,14
20181109,서울특별시,11,강북구,11305,세종특별자치시,36,0,16,0,8,13,0,7,12,52,8,3
20181109,서울특별시,11,강북구,11305,경기도,41,52,703,50,249,319,59,153,335,2589,411,194
20181109,서울특별시,11,강북구,11305,강원도,42,4,97,0,32,31,4,10,28,271,42,24
20181109,서울특별시,11,강북구,11305,충청북도,43,9,93,0,32,29,12,16,32,324,33,27
20181109,서울특별시,11,강북구,11305,충청남도,44,5,108,8,24,55,4,16,52,429,69,29
20181109,서울특별시,11,강북구,11305,전라북도,45,8,78,8,16,34,7,6,24,288,39,24
20181109,서울특별시,11,강북구,11305,전라남도,46,6,85,5,15,20,0,24,35,244,38,24
20181109,서울특별시,11,강북구,11305,경상북도,47,5,126,7,44,38,6,28,57,416,48,30
20181109,서울특별시,11,강북구,11305,경상남도,48,10,128,5,37,65,9,33,80,579,79,28
20181109,서울특별시,11,강북구,11305,제주특별자치도,50,0,24,0,3,7,0,0,10,81,12,0
20181109,서울특별시,11,관악구,11620,전라남도,46,22,101,17,40,106,11,21,16,279,38,61
20181109,서울특별시,11,관악구,11620,경상북도,47,40,184,62,80,144,14,43,26,408,54,107
20181109,서울특별시,11,관악구,11620,경상남도,48,55,205,58,100,226,13,49,67,525,71,142
20181109,서울특별시,11,관악구,11620,제주특별자치도,50,3,39,21,12,14,0,20,6,94,11,21
20181109,서울특별시,11,서대문구,11410,광주광역시,29,7,44,4,12,121,7,66,19,222,36,52
20181109,서울특별시,11,서대문구,11410,인천광역시,28,11,129,11,23,300,3,136,42,254,47,99
20181109,서울특별시,11,서대문구,11410,대구광역시,27,7,69,0,22,225,6,107,19,231,45,73
20181109,서울특별시,11,서대문구,11410,부산광역시,26,7,112,6,14,267,9,143,37,332,72,92
20181109,서울특별시,11,서대문구,11410,서울특별시,11,35,467,35,125,1107,36,558,118,1229,253,321
20181109,서울특별시,11,서초구,11650,경기도,41,242,3783,323,847,2736,198,1482,194,1592,825,818
20181109,서울특별시,11,강동구,11740,경상남도,48,80,182,39,90,258,23,151,21,304,64,58
20181109,서울특별시,11,강동구,11740,경상북도,47,55,130,34,42,210,19,108,16,252,48,37
20181109,서울특별시,11,강동구,11740,전라남도,46,56,81,7,30,132,9,61,18,145,31,36
20181109,서울특별시,11,강동구,11740,전라북도,45,54,86,13,23,148,13,71,12,163,41,41
20181109,서울특별시,11,강동구,11740,충청남도,44,71,95,28,41,212,14,121,17,226,52,46
20181109,서울특별시,11,성동구,11200,제주특별자치도,50,6,103,4,22,33,4,24,4,91,76,8
20181109,서울특별시,11,성동구,11200,경상남도,48,28,399,71,114,164,39,201,54,506,253,97
20181109,서울특별시,11,성동구,11200,경상북도,47,21,297,56,82,154,34,162,32,370,179,64
20181109,서울특별시,11,성동구,11200,전라남도,46,18,182,21,73,95,16,88,20,225,104,39
20181109,서울특별시,11,성동구,11200,전라북도,45,13,209,33,75,132,22,97,19,284,142,34
20181109,서울특별시,11,성동구,11200,충청남도,44,17,278,28,92,147,20,148,22,347,151,56
20181109,서울특별시,11,성동구,11200,충청북도,43,15,207,34,72,88,18,87,17,283,132,40
20181109,서울특별시,11,강동구,11740,충청북도,43,48,70,12,37,180,17,77,22,233,49,35
20181109,서울특별시,11,광진구,11215,서울특별시,11,118,772,105,659,631,114,313,145,1216,483,588
20181109,서울특별시,11,광진구,11215,부산광역시,26,33,190,19,159,149,23,62,29,268,167,121
20181109,서울특별시,11,도봉구,11320,서울특별시,11,104,1682,207,1123,576,102,1364,112,988,631,939
20181109,서울특별시,11,광진구,11215,대구광역시,27,33,111,9,123,120,31,44,23,180,90,82
20181109,서울특별시,11,종로구,11110,부산광역시,26,46,184,52,57,141,10,37,44,378,277,34
20181109,서울특별시,11,종로구,11110,서울특별시,11,190,817,210,279,501,43,273,146,1083,915,155
20181109,서울특별시,11,마포구,11440,전라남도,46,27,205,39,165,306,13,142,87,203,109,39
20181109,서울특별시,11,성동구,11200,부산광역시,26,27,479,69,137,196,39,267,33,567,391,120
20181109,서울특별시,11,성동구,11200,대구광역시,27,22,310,99,88,215,32,157,38,357,242,57
20181109,서울특별시,11,성동구,11200,인천광역시,28,24,489,52,118,253,55,240,29,583,305,70
20181109,서울특별시,11,성동구,11200,광주광역시,29,17,216,32,59,148,24,78,18,287,156,50
20181109,서울특별시,11,성동구,11200,대전광역시,30,7,212,32,55,99,13,95,26,271,158,29
20181109,서울특별시,11,성동구,11200,울산광역시,31,10,137,29,26,50,14,80,15,181,120,29
20181109,서울특별시,11,성동구,11200,세종특별자치시,36,0,36,8,25,24,11,30,4,62,30,5
20181109,서울특별시,11,성동구,11200,경기도,41,110,2555,323,612,1038,214,999,215,2743,1659,383
20181109,서울특별시,11,성동구,11200,강원도,42,17,232,28,50,127,14,116,16,251,134,31
20181109,서울특별시,11,서초구,11650,전라북도,45,27,359,30,86,534,18,151,15,99,87,86
20181109,서울특별시,11,서초구,11650,충청남도,44,37,412,30,101,459,29,190,16,129,103,117
20181109,서울특별시,11,서초구,11650,충청북도,43,45,330,26,103,484,10,132,20,200,75,97
20181109,서울특별시,11,서초구,11650,강원도,42,32,362,29,111,635,26,149,16,96,79,92
20181109,서울특별시,11,강동구,11740,서울특별시,11,412,762,158,268,1068,82,729,115,1290,402,270
20181109,서울특별시,11,서초구,11650,전라남도,46,35,274,30,68,646,16,121,9,84,60,87
20181109,서울특별시,11,노원구,11350,경상남도,48,36,132,4,27,104,14,38,29,333,90,38
20181109,서울특별시,11,노원구,11350,제주특별자치도,50,4,6,0,5,7,0,5,4,53,13,4
20181109,서울특별시,11,영등포구,11560,제주특별자치도,50,0,74,7,72,36,8,45,0,26,14,14
20181109,서울특별시,11,영등포구,11560,경상남도,48,12,437,44,461,249,25,355,21,185,65,119
20181109,서울특별시,11,영등포구,11560,경상북도,47,19,319,21,333,181,32,255,17,135,48,105
20181109,서울특별시,11,영등포구,11560,전라남도,46,13,226,15,219,101,13,156,4,87,37,61
20181109,서울특별시,11,광진구,11215,인천광역시,28,30,180,10,145,141,33,72,37,289,125,127
20181109,서울특별시,11,광진구,11215,광주광역시,29,11,88,10,66,66,13,23,15,146,72,52
20181109,서울특별시,11,광진구,11215,대전광역시,30,14,91,11,85,77,13,29,18,115,83,68
20181109,서울특별시,11,광진구,11215,울산광역시,31,21,43,3,50,52,20,25,7,97,59,34
20181109,서울특별시,11,광진구,11215,세종특별자치시,36,4,17,0,13,9,3,4,0,25,9,14
20181109,서울특별시,11,영등포구,11560,전라북도,45,9,236,45,212,134,16,154,4,109,35,61
20181109,서울특별시,11,영등포구,11560,충청남도,44,23,310,41,343,176,24,206,13,120,48,85
20181109,서울특별시,11,영등포구,11560,충청북도,43,19,269,31,227,134,15,129,8,146,30,58
20181109,서울특별시,11,영등포구,11560,강원도,42,11,194,21,235,116,11,180,5,76,30,50
20181109,서울특별시,11,영등포구,11560,경기도,41,128,1962,176,2292,1230,158,1430,79,1219,395,542
20181109,서울특별시,11,은평구,11380,부산광역시,26,19,268,83,64,220,43,210,14,325,101,183
20181109,서울특별시,11,은평구,11380,대구광역시,27,14,175,47,45,135,38,118,10,235,80,135
20181109,서울특별시,11,종로구,11110,전라북도,45,23,94,25,21,65,6,28,37,176,151,10
20181109,서울특별시,11,종로구,11110,충청남도,44,41,124,25,47,106,3,38,28,227,187,12
20181109,서울특별시,11,종로구,11110,충청북도,43,20,90,26,33,67,7,13,24,199,139,13
20181109,서울특별시,11,성동구,11200,서울특별시,11,94,2644,270,506,894,153,832,124,2367,1663,387
20181109,서울특별시,11,은평구,11380,인천광역시,28,27,244,58,67,221,35,187,27,271,84,172
20181109,서울특별시,11,은평구,11380,광주광역시,29,14,110,29,36,79,26,79,5,139,60,88
20181109,서울특별시,11,은평구,11380,대전광역시,30,11,154,38,44,75,19,79,11,128,50,84
20181109,서울특별시,11,은평구,11380,울산광역시,31,8,92,32,31,80,19,51,12,104,40,53
20181109,서울특별시,11,은평구,11380,세종특별자치시,36,0,27,8,7,18,3,21,3,29,10,19
20181109,서울특별시,11,은평구,11380,경기도,41,126,1373,388,403,903,212,831,109,1708,444,761
20181109,서울특별시,11,은평구,11380,강원도,42,12,173,56,21,87,29,67,8,113,61,65
20181109,서울특별시,11,은평구,11380,충청북도,43,10,168,39,37,102,23,71,6,216,54,78
20181109,서울특별시,11,은평구,11380,충청남도,44,13,180,53,53,139,29,91,20,211,60,115
20181109,서울특별시,11,은평구,11380,전라북도,45,12,123,51,26,85,35,114,13,180,48,79
20181109,서울특별시,11,은평구,11380,전라남도,46,17,133,35,32,86,32,73,11,156,49,71
20181109,서울특별시,11,은평구,11380,경상북도,47,19,182,56,54,157,42,124,16,226,67,98
20181109,서울특별시,11,은평구,11380,경상남도,48,30,241,65,56,199,46,138,22,309,95,148
20181109,서울특별시,11,은평구,11380,제주특별자치도,50,0,31,4,8,23,12,9,0,55,31,13
20181109,서울특별시,11,마포구,11440,제주특별자치도,50,10,77,10,55,59,3,23,20,95,55,11
20181109,서울특별시,11,마포구,11440,경상남도,48,35,471,72,296,503,25,288,181,455,289,80
20181109,서울특별시,11,마포구,11440,경상북도,47,36,375,59,194,305,16,222,158,348,202,61
20181109,서울특별시,11,송파구,11710,서울특별시,11,109,1757,90,666,936,93,1275,97,3089,636,752
20181109,서울특별시,11,송파구,11710,부산광역시,26,20,416,16,164,406,23,343,33,810,184,209
20181109,서울특별시,11,송파구,11710,대구광역시,27,33,300,20,118,295,19,208,33,583,88,177
20181109,서울특별시,11,송파구,11710,인천광역시,28,17,412,20,141,415,24,305,28,821,133,210
20181109,서울특별시,11,송파구,11710,광주광역시,29,7,178,5,96,221,7,144,16,438,67,96
20181109,서울특별시,11,송파구,11710,대전광역시,30,7,168,19,96,141,5,137,15,412,63,115
20181109,서울특별시,11,광진구,11215,경기도,41,203,809,99,789,815,139,338,180,1496,605,627
20181109,서울특별시,11,광진구,11215,강원도,42,23,88,8,80,74,17,48,11,114,68,47
20181109,서울특별시,11,광진구,11215,충청북도,43,23,57,7,82,99,13,41,16,175,57,53
20181109,서울특별시,11,광진구,11215,충청남도,44,41,119,14,110,115,30,56,35,178,86,62
20181109,서울특별시,11,광진구,11215,전라북도,45,19,88,8,57,79,22,33,17,140,76,55
20181109,서울특별시,11,광진구,11215,전라남도,46,15,92,13,77,67,17,26,14,120,63,53
20181109,서울특별시,11,광진구,11215,경상북도,47,27,130,10,112,133,28,56,30,189,76,84
20181109,서울특별시,11,광진구,11215,경상남도,48,46,172,13,152,166,40,84,30,253,132,100
20181109,서울특별시,11,광진구,11215,제주특별자치도,50,9,28,0,22,22,5,9,5,56,27,16
20181109,서울특별시,11,은평구,11380,서울특별시,11,101,980,322,304,717,159,644,63,1131,342,671
20181109,서울특별시,11,강동구,11740,강원도,42,38,117,24,32,155,19,88,7,132,43,34
20181109,서울특별시,11,강동구,11740,경기도,41,461,844,208,312,1383,124,832,132,1790,452,326
20181109,서울특별시,11,영등포구,11560,서울특별시,11,66,1625,452,1865,1070,141,1107,80,843,338,449
20181109,서울특별시,11,영등포구,11560,부산광역시,26,25,449,36,477,252,39,373,17,170,85,129
20181109,서울특별시,11,송파구,11710,울산광역시,31,6,116,4,52,142,11,97,16,272,57,98
20181109,서울특별시,11,송파구,11710,세종특별자치시,36,4,38,0,13,33,0,23,9,71,16,20
20181109,서울특별시,11,송파구,11710,경기도,41,130,1901,112,785,1868,113,1558,188,4287,742,893
20181109,서울특별시,11,송파구,11710,강원도,42,7,206,10,60,225,14,140,16,358,69,67
20181109,서울특별시,11,송파구,11710,충청북도,43,7,157,17,88,242,10,147,9,518,74,104
20181109,서울특별시,11,송파구,11710,충청남도,44,11,260,18,82,343,14,174,22,520,101,109
20181109,서울특별시,11,송파구,11710,전라북도,45,7,183,9,87,240,15,164,23,453,75,100
20181109,서울특별시,11,동작구,11590,제주특별자치도,50,14,28,4,8,10,0,10,3,29,20,18
20181109,서울특별시,11,동작구,11590,경상남도,48,58,132,38,72,120,27,109,18,153,72,190
20181109,서울특별시,11,동작구,11590,경상북도,47,38,94,33,41,88,29,74,17,118,41,131
20181109,서울특별시,11,동작구,11590,전라남도,46,27,70,16,28,68,8,49,12,59,27,69
20181109,서울특별시,11,동작구,11590,전라북도,45,24,57,31,29,63,15,58,17,100,32,88
20181109,서울특별시,11,동작구,11590,충청남도,44,68,97,29,60,106,26,64,16,130,47,98
20181109,서울특별시,11,동작구,11590,충청북도,43,24,67,32,59,68,18,38,16,123,39,81
20181109,서울특별시,11,동작구,11590,강원도,42,23,98,22,40,44,10,52,16,74,39,61
20181109,서울특별시,11,동작구,11590,경기도,41,264,725,213,392,642,138,520,101,1114,391,826
20181109,서울특별시,11,동작구,11590,세종특별자치시,36,0,13,6,9,10,3,12,0,26,7,13
20181109,서울특별시,11,동작구,11590,울산광역시,31,17,35,8,21,34,14,35,7,40,24,68
20181109,서울특별시,11,동작구,11590,대전광역시,30,28,54,32,30,61,17,62,10,92,60,90
20181109,서울특별시,11,동작구,11590,광주광역시,29,25,71,20,38,51,9,47,13,106,42,96
20181109,서울특별시,11,중랑구,11260,제주특별자치도,50,11,34,6,27,50,9,28,13,140,37,25
20181109,서울특별시,11,중랑구,11260,경상남도,48,62,339,30,160,432,73,178,131,1069,292,216
20181109,서울특별시,11,중랑구,11260,경상북도,47,57,256,28,149,308,37,126,117,868,243,174
20181109,서울특별시,11,중랑구,11260,전라남도,46,34,145,17,69,207,19,80,68,480,151,94
20181109,서울특별시,11,중랑구,11260,전라북도,45,47,146,19,94,223,20,94,87,596,177,109
20181109,서울특별시,11,중랑구,11260,충청남도,44,51,230,26,146,321,32,111,114,769,220,132
20181109,서울특별시,11,중랑구,11260,충청북도,43,41,198,12,93,230,22,79,79,610,147,90
20181109,서울특별시,11,중랑구,11260,강원도,42,36,158,16,96,222,24,76,62,459,144,99
20181109,서울특별시,11,중랑구,11260,경기도,41,423,1719,214,997,2092,217,870,634,5058,1440,911
20181109,서울특별시,11,중랑구,11260,세종특별자치시,36,11,35,7,20,62,8,13,25,119,40,26
20181109,서울특별시,11,중랑구,11260,울산광역시,31,31,122,17,70,129,28,64,43,366,127,65
20181109,서울특별시,11,동작구,11590,인천광역시,28,51,155,37,71,162,38,119,15,183,76,184
20181109,서울특별시,11,동작구,11590,대구광역시,27,20,104,32,59,79,21,78,10,125,58,159
20181109,서울특별시,11,중구,11140,서울특별시,11,392,2279,305,425,1625,167,481,121,4258,1122,328
20181109,서울특별시,11,중구,11140,부산광역시,26,67,524,59,104,421,55,114,22,1056,325,79
20181109,서울특별시,11,중구,11140,대구광역시,27,55,391,67,73,239,31,99,23,811,215,66
20181109,서울특별시,11,중구,11140,인천광역시,28,73,380,70,97,380,47,120,41,972,261,72
20181109,서울특별시,11,중구,11140,광주광역시,29,29,236,48,52,191,24,52,12,517,153,43
20181109,서울특별시,11,중구,11140,대전광역시,30,25,234,27,71,195,25,86,14,526,132,38
20181109,서울특별시,11,송파구,11710,전라남도,46,6,165,11,72,185,12,113,13,377,61,69
20181109,서울특별시,11,송파구,11710,경상북도,47,13,261,16,104,342,21,232,18,639,113,131
20181109,서울특별시,11,송파구,11710,경상남도,48,30,351,18,166,551,21,297,28,791,135,178
20181109,서울특별시,11,용산구,11170,충청남도,44,28,311,22,1455,231,39,63,28,242,92,46
20181109,서울특별시,11,강동구,11740,세종특별자치시,36,10,16,6,4,36,0,13,4,38,5,0
20181109,서울특별시,11,강동구,11740,울산광역시,31,19,71,10,15,102,9,62,7,121,33,18
20181109,서울특별시,11,강동구,11740,대전광역시,30,54,87,30,26,162,11,102,18,125,36,39
20181109,서울특별시,11,강동구,11740,광주광역시,29,59,75,15,27,117,29,76,7,170,42,33
20181109,서울특별시,11,강동구,11740,인천광역시,28,71,210,40,65,324,34,147,18,337,82,73
20181109,서울특별시,11,강동구,11740,대구광역시,27,62,131,47,33,209,21,127,17,239,52,51
20181109,서울특별시,11,서초구,11650,울산광역시,31,19,202,10,51,200,15,88,13,63,61,62
20181109,서울특별시,11,서초구,11650,대전광역시,30,27,419,19,101,150,18,165,18,116,75,104
20181109,서울특별시,11,서초구,11650,광주광역시,29,21,374,43,83,355,15,118,12,140,78,103
20181109,서울특별시,11,서초구,11650,인천광역시,28,53,866,37,182,444,36,262,45,221,185,213
20181109,서울특별시,11,강동구,11740,부산광역시,26,93,205,34,53,242,26,180,21,407,132,72
20181109,서울특별시,11,중구,11140,울산광역시,31,26,153,23,41,114,17,44,10,307,87,21
20181109,서울특별시,11,중구,11140,세종특별자치시,36,7,40,5,7,37,3,19,5,115,29,7
20181109,서울특별시,11,중구,11140,경기도,41,375,2131,337,457,1830,256,593,156,4758,1212,329
20181109,서울특별시,11,중구,11140,강원도,42,46,237,35,92,185,28,73,9,449,136,33
20181109,서울특별시,11,중구,11140,충청북도,43,31,268,44,66,185,26,70,19,505,121,36
20181109,서울특별시,11,중구,11140,충청남도,44,39,295,41,91,277,44,72,27,679,173,43
20181109,서울특별시,11,동대문구,11230,제주특별자치도,50,29,50,3,12,54,5,45,7,154,44,16
20181109,서울특별시,11,동대문구,11230,경상남도,48,96,425,33,106,341,23,470,41,1024,204,132
20181109,서울특별시,11,동대문구,11230,경상북도,47,88,346,23,95,248,17,370,39,761,175,96
20181109,서울특별시,11,동대문구,11230,전라남도,46,52,186,13,58,175,13,204,20,459,95,54
20181109,서울특별시,11,동대문구,11230,전라북도,45,52,188,30,75,184,13,231,15,549,117,64
20181109,서울특별시,11,동대문구,11230,충청남도,44,96,278,11,95,266,19,300,24,698,120,106
20181109,서울특별시,11,동대문구,11230,충청북도,43,64,199,16,73,193,13,224,23,530,106,74
20181109,서울특별시,11,동대문구,11230,강원도,42,64,229,18,56,138,17,202,11,448,84,65
20181109,서울특별시,11,동대문구,11230,경기도,41,671,1943,152,638,1677,148,1911,202,4857,1016,607
20181109,서울특별시,11,동대문구,11230,세종특별자치시,36,13,54,8,17,41,8,40,9,88,16,16
20181109,서울특별시,11,동대문구,11230,울산광역시,31,32,142,16,43,123,12,151,19,386,71,54
20181109,서울특별시,11,동대문구,11230,대전광역시,30,76,198,14,69,175,7,224,24,473,115,74
20181109,서울특별시,11,동대문구,11230,광주광역시,29,53,191,10,48,151,16,180,26,565,107,59
20181109,서울특별시,11,동대문구,11230,인천광역시,28,115,457,23,165,323,36,463,57,1068,211,140
20181109,서울특별시,11,동대문구,11230,대구광역시,27,88,309,23,101,242,29,279,33,788,167,103
20181109,서울특별시,11,동대문구,11230,부산광역시,26,106,381,18,165,309,36,454,47,1094,239,153
20181109,서울특별시,11,동대문구,11230,서울특별시,11,531,1335,128,548,1082,113,1388,115,3569,819,475
20181109,서울특별시,11,양천구,11470,서울특별시,11,234,625,82,643,968,273,523,93,713,281,507
20181109,서울특별시,11,양천구,11470,부산광역시,26,59,153,15,144,269,83,156,35,186,98,153
20181109,서울특별시,11,양천구,11470,대구광역시,27,53,134,14,114,187,43,121,23,149,66,119
20181109,서울특별시,11,양천구,11470,인천광역시,28,62,173,13,154,345,90,140,28,177,66,155
20181109,서울특별시,11,양천구,11470,광주광역시,29,41,64,12,76,124,42,47,9,71,47,77
20181109,서울특별시,11,양천구,11470,대전광역시,30,42,67,9,80,155,31,67,18,71,39,62
20181109,서울특별시,11,양천구,11470,울산광역시,31,25,65,8,40,105,29,39,6,52,28,74
20181109,서울특별시,11,양천구,11470,세종특별자치시,36,7,13,0,18,24,8,32,7,12,9,19
20181109,서울특별시,11,양천구,11470,경기도,41,319,815,89,710,1430,378,710,156,1217,383,622
20181109,서울특별시,11,양천구,11470,강원도,42,36,101,15,66,136,34,74,15,86,37,86
20181109,서울특별시,11,양천구,11470,충청북도,43,35,71,11,74,158,40,76,23,155,35,60
20181109,서울특별시,11,양천구,11470,충청남도,44,62,103,12,101,191,51,120,23,133,62,111
20181109,서울특별시,11,양천구,11470,전라북도,45,40,88,9,56,126,38,58,21,110,35,81
20181109,서울특별시,11,양천구,11470,전라남도,46,35,64,3,73,131,37,74,19,77,38,75
20181109,서울특별시,11,양천구,11470,경상북도,47,53,107,12,113,229,56,117,22,134,61,110
20181109,서울특별시,11,양천구,11470,경상남도,48,79,148,8,147,303,86,142,42,205,66,144
20181109,서울특별시,11,양천구,11470,제주특별자치도,50,0,28,0,26,32,12,11,6,31,4,28
20181109,서울특별시,11,강서구,11500,제주특별자치도,50,9,47,5,39,48,6,33,6,104,38,39
20181109,서울특별시,11,강서구,11500,경상남도,48,40,378,34,254,366,52,587,39,579,305,355
20181109,서울특별시,11,강서구,11500,경상북도,47,31,258,34,196,300,42,386,39,430,211,273
20181109,서울특별시,11,강서구,11500,전라남도,46,20,177,16,143,158,32,235,28,295,134,161
20181109,서울특별시,11,강서구,11500,전라북도,45,18,193,20,163,168,28,268,28,312,157,200
20181109,서울특별시,11,강서구,11500,충청남도,44,39,264,39,193,270,50,389,28,409,172,216
20181109,서울특별시,11,강서구,11500,충청북도,43,24,191,33,161,181,31,302,29,408,140,195
20181109,서울특별시,11,강서구,11500,강원도,42,16,170,27,137,188,29,243,18,269,142,146
20181109,서울특별시,11,강서구,11500,경기도,41,274,1914,244,1724,1872,256,3166,231,3071,1373,1569
20181109,서울특별시,11,강서구,11500,세종특별자치시,36,8,43,4,31,42,7,50,4,66,29,27
20181109,서울특별시,11,강서구,11500,울산광역시,31,12,123,13,79,126,19,200,10,207,83,133
20181109,서울특별시,11,강서구,11500,대전광역시,30,22,215,24,172,216,27,355,20,269,136,158
20181109,서울특별시,11,중구,11140,전라북도,45,29,224,53,61,161,23,78,20,448,133,30
20181109,서울특별시,11,중구,11140,전라남도,46,21,240,40,90,216,28,60,17,456,125,44
20181109,서울특별시,11,중구,11140,경상북도,47,40,356,63,106,251,42,100,26,671,208,49
20181109,서울특별시,11,중구,11140,경상남도,48,63,388,59,132,326,60,115,30,937,225,68
20181109,서울특별시,11,용산구,11170,대전광역시,30,26,237,19,1132,161,37,32,22,175,100,51
20181109,서울특별시,11,용산구,11170,울산광역시,31,20,131,4,684,96,17,15,17,144,43,32
20181109,서울특별시,11,용산구,11170,세종특별자치시,36,3,48,0,203,39,7,7,5,48,17,12
20181109,서울특별시,11,용산구,11170,경기도,41,239,2140,153,10215,2022,307,418,179,1923,700,502
20181109,서울특별시,11,용산구,11170,강원도,42,23,212,14,894,111,26,47,14,150,64,45
20181109,서울특별시,11,용산구,11170,충청북도,43,30,250,13,1027,165,22,37,19,223,69,42
20181109,서울특별시,11,서초구,11650,대구광역시,27,36,624,43,117,390,26,208,25,175,107,118
20181109,서울특별시,11,강서구,11500,광주광역시,29,22,148,22,183,164,18,254,33,268,141,174
20181109,서울특별시,11,강서구,11500,인천광역시,28,48,448,41,393,412,51,766,66,592,280,309
20181109,서울특별시,11,강서구,11500,대구광역시,27,36,247,43,220,263,57,449,56,423,222,273
20181109,서울특별시,11,강서구,11500,부산광역시,26,51,372,57,299,403,64,699,63,627,295,385
20181109,서울특별시,11,강서구,11500,서울특별시,11,207,1639,234,1698,1356,205,2791,147,2219,1085,1269
20181109,서울특별시,11,동작구,11590,부산광역시,26,50,155,64,91,116,26,134,15,160,102,224
20181109,서울특별시,11,동작구,11590,서울특별시,11,201,588,219,366,497,101,369,55,847,296,767
20181109,서울특별시,11,서초구,11650,부산광역시,26,53,840,63,159,417,35,310,27,228,204,169
20181109,서울특별시,11,성북구,11290,제주특별자치도,50,22,126,23,49,72,20,33,22,601,200,72
20181109,서울특별시,11,성북구,11290,경상남도,48,93,867,168,294,466,118,248,146,3523,1259,440
20181109,서울특별시,11,성북구,11290,경상북도,47,70,631,103,303,492,63,188,102,2630,896,293
20181109,서울특별시,11,성북구,11290,전라남도,46,43,383,69,148,226,40,109,50,1661,596,214
20181109,서울특별시,11,성북구,11290,전라북도,45,38,424,102,183,243,45,117,73,1855,672,210
20181109,서울특별시,11,성북구,11290,충청남도,44,57,559,102,231,388,74,183,104,2314,812,296
20181109,서울특별시,11,서초구,11650,서울특별시,11,245,4297,391,725,1614,158,1544,168,1217,769,809
20181109,서울특별시,11,성북구,11290,충청북도,43,57,362,83,179,255,53,127,63,1852,633,213
20181109,서울특별시,11,서초구,11650,제주특별자치도,50,9,79,12,16,229,7,34,5,28,30,24
20181109,서울특별시,11,서초구,11650,경상남도,48,48,589,48,182,616,30,275,34,238,133,173
20181109,서울특별시,11,서초구,11650,경상북도,47,38,472,40,121,643,28,214,26,160,119,137
20181109,서울특별시,11,용산구,11170,광주광역시,29,24,245,6,837,162,21,59,13,191,71,55
20181109,서울특별시,11,용산구,11170,인천광역시,28,49,471,49,2174,409,47,96,36,320,153,118
20181109,서울특별시,11,용산구,11170,대구광역시,27,41,325,22,1550,221,42,50,18,287,105,85
20181109,서울특별시,11,용산구,11170,부산광역시,26,55,464,20,1974,268,63,60,33,426,137,103
20181109,서울특별시,11,용산구,11170,서울특별시,11,197,2012,134,9134,1832,263,396,117,1442,611,376
20181109,서울특별시,11,용산구,11170,전라북도,45,18,231,7,998,188,31,40,16,203,78,59
20181109,서울특별시,11,용산구,11170,전라남도,46,23,220,10,804,121,21,36,14,194,55,40
20181109,서울특별시,11,용산구,11170,경상북도,47,45,359,14,1416,215,42,64,31,285,103,90
20181109,서울특별시,11,용산구,11170,경상남도,48,37,424,25,1756,246,48,72,24,395,106,110
20181109,서울특별시,11,용산구,11170,제주특별자치도,50,6,80,11,256,40,8,14,3,68,19,18
20181109,서울특별시,11,노원구,11350,서울특별시,11,156,614,52,344,472,60,355,111,1295,329,197
20181109,서울특별시,11,노원구,11350,부산광역시,26,44,146,7,46,114,11,47,28,305,103,47
20181109,서울특별시,11,노원구,11350,대구광역시,27,29,104,3,21,54,13,21,22,246,57,32
20181109,서울특별시,11,노원구,11350,인천광역시,28,40,156,16,41,139,10,58,30,351,76,43
20181109,서울특별시,11,노원구,11350,광주광역시,29,18,89,3,24,59,9,19,15,158,57,17
20181109,서울특별시,11,노원구,11350,대전광역시,30,16,62,8,25,46,4,27,11,177,32,34
20181109,서울특별시,11,노원구,11350,울산광역시,31,13,39,0,11,30,7,17,11,107,15,24
20181109,서울특별시,11,노원구,11350,세종특별자치시,36,4,18,0,5,9,3,6,3,32,6,7
20181109,서울특별시,11,노원구,11350,경기도,41,171,722,75,367,577,81,321,140,1929,380,241
20181109,서울특별시,11,노원구,11350,강원도,42,16,85,0,12,40,7,25,11,171,38,26
20181109,서울특별시,11,노원구,11350,충청북도,43,19,75,8,24,57,6,32,17,233,35,21
20181109,서울특별시,11,영등포구,11560,대구광역시,27,16,387,26,329,184,28,267,8,136,56,116
20181109,서울특별시,11,영등포구,11560,인천광역시,28,31,468,34,514,432,34,319,22,197,62,128
20181109,서울특별시,11,영등포구,11560,광주광역시,29,6,217,22,253,127,20,147,7,108,32,77
20181109,서울특별시,11,영등포구,11560,대전광역시,30,8,172,18,247,123,9,190,6,99,35,66
20181109,서울특별시,11,영등포구,11560,울산광역시,31,10,147,12,157,86,11,131,8,70,26,51
20181109,서울특별시,11,영등포구,11560,세종특별자치시,36,0,58,3,52,22,3,43,0,21,12,14
20181109,서울특별시,11,송파구,11710,제주특별자치도,50,0,59,0,24,48,4,34,5,126,29,31
20181109,서울특별시,11,노원구,11350,충청남도,44,37,100,0,15,85,7,45,15,188,55,32
20181109,서울특별시,11,노원구,11350,전라북도,45,16,75,0,22,58,7,36,11,153,36,22
20181109,서울특별시,11,성북구,11290,강원도,42,32,410,53,161,226,40,126,61,1613,593,222
20181109,서울특별시,11,성북구,11290,경기도,41,388,3859,889,1792,2304,509,1319,644,14902,5517,2121
20181109,서울특별시,11,성북구,11290,세종특별자치시,36,11,99,27,32,53,8,35,18,357,133,52
20181109,서울특별시,11,성북구,11290,울산광역시,31,39,311,58,104,190,35,78,47,1245,445,170
20181109,서울특별시,11,성북구,11290,대전광역시,30,32,402,103,173,310,49,99,53,1704,622,228
20181109,서울특별시,11,성북구,11290,광주광역시,29,46,394,72,160,237,51,143,71,1844,704,228
20181109,서울특별시,11,성북구,11290,인천광역시,28,83,926,131,369,517,114,292,134,3424,1188,499
20181109,서울특별시,11,성북구,11290,대구광역시,27,86,619,128,229,437,73,188,91,2461,958,350
20181109,서울특별시,11,성북구,11290,부산광역시,26,84,835,257,319,552,127,292,150,3599,1234,503
20181109,서울특별시,11,성북구,11290,서울특별시,11,259,3205,930,1428,1805,330,1039,473,11102,4196,1831
20181109,서울특별시,11,중랑구,11260,대전광역시,30,38,171,15,126,198,14,72,74,555,173,90
20181109,서울특별시,11,강동구,11740,제주특별자치도,50,10,14,0,10,41,3,14,0,33,12,8
20181109,서울특별시,11,중랑구,11260,광주광역시,29,34,161,18,79,201,24,70,58,534,153,88
20181109,서울특별시,11,중랑구,11260,인천광역시,28,83,403,28,173,464,45,188,139,1113,301,204
20181109,서울특별시,11,중랑구,11260,대구광역시,27,62,251,25,152,295,37,128,114,871,226,157
20181109,서울특별시,11,중랑구,11260,부산광역시,26,78,377,32,184,402,45,208,118,1084,327,187
20181109,서울특별시,11,중랑구,11260,서울특별시,11,290,1281,115,776,1428,171,713,429,3612,1018,766
20181109,서울특별시,11,서초구,11650,세종특별자치시,36,3,55,0,17,33,3,35,3,28,19,29
20181109,서울특별시,11,금천구,11545,제주특별자치도,50,17,98,25,54,59,18,44,13,128,56,57
20181109,서울특별시,11,금천구,11545,경상남도,48,100,528,94,369,466,70,485,66,590,298,654
20181109,서울특별시,11,금천구,11545,경상북도,47,105,448,99,302,329,33,359,38,455,251,331
20181109,서울특별시,11,금천구,11545,전라남도,46,59,258,83,220,231,25,249,36,324,164,220
20181109,서울특별시,11,금천구,11545,전라북도,45,78,328,70,185,240,32,265,33,457,201,257
20181109,서울특별시,11,금천구,11545,충청남도,44,79,357,75,282,348,33,343,45,429,277,645
20181109,서울특별시,11,금천구,11545,충청북도,43,49,242,66,191,230,27,264,26,313,137,245
20181109,서울특별시,11,노원구,11350,전라남도,46,4,52,4,19,42,7,19,9,168,29,20
20181109,서울특별시,11,금천구,11545,강원도,42,73,233,71,199,225,28,222,42,271,141,242
20181109,서울특별시,11,금천구,11545,경기도,41,594,2489,305,1920,2240,306,2568,290,2661,1533,2386
20181109,서울특별시,11,금천구,11545,세종특별자치시,36,15,67,22,46,49,5,89,13,82,37,49
20181109,서울특별시,11,금천구,11545,울산광역시,31,37,166,27,152,186,19,186,20,192,120,178
20181109,서울특별시,11,금천구,11545,대전광역시,30,53,255,45,222,240,38,263,26,332,185,278
20181109,서울특별시,11,금천구,11545,광주광역시,29,55,291,46,240,192,29,254,24,357,190,263
20181109,서울특별시,11,금천구,11545,인천광역시,28,145,529,83,526,467,63,532,50,540,378,521
20181109,서울특별시,11,금천구,11545,대구광역시,27,75,393,75,260,331,43,380,52,469,276,429
20181109,서울특별시,11,금천구,11545,부산광역시,26,82,523,74,414,424,54,573,59,577,361,553
20181109,서울특별시,11,금천구,11545,서울특별시,11,483,2216,265,1677,1803,281,2142,247,2346,1395,2059
20181109,서울특별시,11,강남구,11680,제주특별자치도,50,6,77,11,35,40,13,39,5,88,42,43
20181109,서울특별시,11,강남구,11680,경상남도,48,43,456,38,156,242,39,259,54,509,224,287
20181109,서울특별시,11,강남구,11680,경상북도,47,35,333,26,123,225,25,177,21,374,171,236
20181109,서울특별시,11,강남구,11680,전라남도,46,12,188,8,72,134,16,121,20,237,110,139
20181109,서울특별시,11,강남구,11680,전라북도,45,17,239,14,94,163,19,143,25,259,120,143
20181109,서울특별시,11,도봉구,11320,제주특별자치도,50,6,62,9,16,35,0,58,5,45,19,50
20181109,서울특별시,11,강남구,11680,충청남도,44,30,276,25,132,193,20,167,30,338,149,174
20181110,서울특별시,11,강남구,11680,인천광역시,28,4,59,0,39,51,8,36,0,81,6,20
20181110,서울특별시,11,성동구,11200,서울특별시,11,22,434,50,40,146,4,71,11,270,122,10
20181110,서울특별시,11,성동구,11200,부산광역시,26,3,67,6,5,34,0,7,0,49,31,0
20181110,서울특별시,11,성동구,11200,대구광역시,27,3,43,4,0,26,0,10,0,29,20,4
20181110,서울특별시,11,성동구,11200,인천광역시,28,0,114,14,6,20,0,9,0,35,10,4
20181110,서울특별시,11,성동구,11200,광주광역시,29,4,36,4,3,14,0,4,0,12,7,0
20181110,서울특별시,11,성동구,11200,대전광역시,30,3,36,3,4,10,0,5,0,22,6,0
20181110,서울특별시,11,성동구,11200,울산광역시,31,0,18,0,0,14,0,4,0,17,3,0
20181110,서울특별시,11,성동구,11200,세종특별자치시,36,0,9,0,0,0,0,4,0,5,0,0
20181110,서울특별시,11,성동구,11200,경기도,41,30,411,44,51,153,11,61,16,405,118,21
20181110,서울특별시,11,성동구,11200,강원도,42,0,28,0,0,12,0,0,0,13,14,0
20181110,서울특별시,11,성동구,11200,충청북도,43,0,24,0,3,11,0,5,0,55,6,0
20181110,서울특별시,11,성동구,11200,충청남도,44,0,79,3,0,20,0,4,0,18,5,0
20181110,서울특별시,11,성동구,11200,전라북도,45,0,23,4,0,12,0,4,0,34,13,0
20181110,서울특별시,11,성동구,11200,전라남도,46,0,21,3,0,5,0,3,0,18,15,0
20181110,서울특별시,11,성동구,11200,경상북도,47,0,24,0,0,13,0,0,3,22,7,4
20181110,서울특별시,11,성동구,11200,경상남도,48,4,39,0,3,19,0,3,0,36,12,0
20181110,서울특별시,11,성동구,11200,제주특별자치도,50,0,21,0,0,0,0,5,0,4,3,0
20181110,서울특별시,11,도봉구,11320,서울특별시,11,7,500,93,34,40,5,7,18,161,37,19
20181110,서울특별시,11,도봉구,11320,부산광역시,26,0,123,18,5,3,3,3,6,18,20,0
20181110,서울특별시,11,도봉구,11320,대구광역시,27,3,82,33,0,7,0,0,4,20,5,0
20181110,서울특별시,11,도봉구,11320,인천광역시,28,0,85,12,4,10,0,0,3,39,0,5
20181110,서울특별시,11,도봉구,11320,광주광역시,29,0,56,22,0,0,3,0,0,5,3,0
20181110,서울특별시,11,도봉구,11320,대전광역시,30,0,60,9,0,9,0,0,4,12,4,4
20181110,서울특별시,11,도봉구,11320,울산광역시,31,0,27,4,0,6,0,0,0,7,3,3
20181110,서울특별시,11,도봉구,11320,세종특별자치시,36,0,11,0,0,0,0,0,0,0,0,0
20181110,서울특별시,11,도봉구,11320,경기도,41,21,494,81,37,57,38,30,25,378,63,30
20181110,서울특별시,11,도봉구,11320,강원도,42,0,35,8,0,5,0,0,0,9,0,3
20181110,서울특별시,11,도봉구,11320,충청북도,43,0,51,12,5,3,0,0,0,54,0,3
20181110,서울특별시,11,도봉구,11320,충청남도,44,0,67,8,4,3,0,0,5,19,0,0
20181110,서울특별시,11,도봉구,11320,전라북도,45,0,61,12,0,6,0,0,0,35,3,0
20181110,서울특별시,11,도봉구,11320,전라남도,46,0,45,10,3,11,0,4,3,11,0,0
20181110,서울특별시,11,도봉구,11320,경상북도,47,0,72,11,0,9,0,5,4,14,4,4
20181110,서울특별시,11,도봉구,11320,경상남도,48,0,96,17,0,9,5,0,0,31,3,3
20181110,서울특별시,11,도봉구,11320,제주특별자치도,50,0,13,0,0,0,0,0,0,0,0,0
20181110,서울특별시,11,서대문구,11410,세종특별자치시,36,0,3,0,0,0,0,0,0,7,0,0
20181110,서울특별시,11,서대문구,11410,울산광역시,31,0,4,0,0,44,0,13,0,18,0,0
20181110,서울특별시,11,서대문구,11410,대전광역시,30,0,7,0,3,4,0,0,0,28,0,0
20181110,서울특별시,11,서대문구,11410,광주광역시,29,0,7,0,4,53,0,19,0,24,4,0
20181110,서울특별시,11,광진구,11215,대구광역시,27,5,28,0,13,6,0,8,3,25,13,11
20181110,서울특별시,11,광진구,11215,부산광역시,26,0,41,3,19,9,0,11,6,50,28,19
20181110,서울특별시,11,광진구,11215,서울특별시,11,6,185,19,89,41,6,21,17,225,55,40
20181110,서울특별시,11,구로구,11530,제주특별자치도,50,0,8,0,0,9,0,0,0,22,3,0
20181110,서울특별시,11,구로구,11530,경상남도,48,3,53,0,14,47,8,7,3,195,16,5
20181110,서울특별시,11,구로구,11530,경상북도,47,5,52,0,8,41,3,0,0,136,16,0
20181110,서울특별시,11,구로구,11530,전라남도,46,0,30,0,5,23,8,7,0,88,0,0
20181110,서울특별시,11,구로구,11530,전라북도,45,4,27,0,8,23,0,3,0,86,8,0
20181110,서울특별시,11,구로구,11530,충청남도,44,4,37,0,8,39,5,8,0,147,13,3
20181110,서울특별시,11,구로구,11530,충청북도,43,0,26,0,78,28,0,0,0,96,0,0
20181110,서울특별시,11,구로구,11530,강원도,42,0,21,0,0,21,0,0,0,59,0,0
20181110,서울특별시,11,구로구,11530,경기도,41,34,275,12,76,293,41,53,24,943,106,29
20181110,서울특별시,11,구로구,11530,세종특별자치시,36,0,7,0,0,5,0,0,0,20,4,0
20181110,서울특별시,11,구로구,11530,울산광역시,31,3,17,0,0,19,0,0,0,52,5,0
20181110,서울특별시,11,구로구,11530,대전광역시,30,0,32,0,14,37,0,7,0,63,8,0
20181110,서울특별시,11,구로구,11530,광주광역시,29,3,21,0,6,36,3,0,0,75,13,0
20181110,서울특별시,11,구로구,11530,인천광역시,28,6,68,0,14,56,6,11,4,185,14,6
20181110,서울특별시,11,구로구,11530,대구광역시,27,5,35,0,5,45,4,6,0,95,15,3
20181110,서울특별시,11,구로구,11530,부산광역시,26,0,80,0,10,59,9,8,0,207,35,0
20181110,서울특별시,11,구로구,11530,서울특별시,11,9,317,4,61,264,21,28,11,749,81,22
20181110,서울특별시,11,용산구,11170,제주특별자치도,50,0,6,0,17,5,0,0,0,8,0,0
20181110,서울특별시,11,용산구,11170,경상남도,48,5,41,0,84,25,0,4,0,45,18,7
20181110,서울특별시,11,용산구,11170,경상북도,47,3,35,0,69,18,3,6,0,16,9,29
20181110,서울특별시,11,용산구,11170,전라남도,46,0,14,0,29,16,0,0,0,15,4,5
20181110,서울특별시,11,용산구,11170,전라북도,45,0,17,0,32,25,0,3,0,25,15,6
20181110,서울특별시,11,용산구,11170,충청남도,44,0,19,0,48,45,3,0,0,32,9,9
20181110,서울특별시,11,용산구,11170,충청북도,43,0,14,4,45,20,3,0,0,53,8,3
20181110,서울특별시,11,용산구,11170,강원도,42,0,14,0,36,5,4,0,0,12,10,0
20181110,서울특별시,11,용산구,11170,경기도,41,24,214,18,425,344,20,23,16,405,118,63
20181110,서울특별시,11,용산구,11170,세종특별자치시,36,0,4,0,6,7,0,0,0,0,3,3
20181110,서울특별시,11,용산구,11170,울산광역시,31,0,13,0,50,9,0,0,0,9,7,3
20181110,서울특별시,11,용산구,11170,대전광역시,30,0,15,0,36,21,0,0,0,13,7,6
20181110,서울특별시,11,용산구,11170,광주광역시,29,4,13,0,25,35,3,0,0,15,5,3
20181110,서울특별시,11,용산구,11170,인천광역시,28,3,38,0,76,62,4,0,0,42,16,11
20181110,서울특별시,11,용산구,11170,대구광역시,27,3,29,0,42,29,0,0,0,31,11,15
20181110,서울특별시,11,용산구,11170,부산광역시,26,0,46,0,126,25,5,0,0,53,30,10
20181110,서울특별시,11,용산구,11170,서울특별시,11,6,277,3,429,256,20,11,4,283,83,47
20181110,서울특별시,11,강남구,11680,충청북도,43,0,28,15,21,13,0,21,0,96,8,0
20181110,서울특별시,11,강남구,11680,충청남도,44,0,36,4,15,21,4,27,3,47,7,9
20181110,서울특별시,11,강남구,11680,전라북도,45,3,22,0,11,16,0,22,0,51,7,0
20181110,서울특별시,11,강남구,11680,전라남도,46,3,24,0,14,20,0,15,0,29,4,3
20181110,서울특별시,11,관악구,11620,제주특별자치도,50,0,7,0,0,0,0,0,0,4,0,0
20181110,서울특별시,11,관악구,11620,경상남도,48,4,64,0,16,4,0,0,5,52,9,0
20181110,서울특별시,11,관악구,11620,경상북도,47,0,27,0,9,4,0,3,3,30,0,0
20181110,서울특별시,11,관악구,11620,전라남도,46,0,25,4,7,0,0,5,0,21,3,0
20181110,서울특별시,11,관악구,11620,전라북도,45,6,33,7,6,3,0,6,0,44,3,0
20181110,서울특별시,11,관악구,11620,충청남도,44,3,52,0,6,4,0,7,0,44,5,0
20181110,서울특별시,11,관악구,11620,충청북도,43,3,31,4,10,3,3,0,0,73,7,0
20181110,서울특별시,11,관악구,11620,강원도,42,0,38,0,5,3,0,0,0,22,4,0
20181110,서울특별시,11,관악구,11620,경기도,41,23,344,28,122,63,22,38,30,561,97,36
20181110,서울특별시,11,관악구,11620,세종특별자치시,36,0,9,3,0,0,0,0,0,8,0,0
20181110,서울특별시,11,관악구,11620,울산광역시,31,3,25,0,4,0,0,0,0,12,0,0
20181110,서울특별시,11,관악구,11620,대전광역시,30,0,37,0,10,3,0,0,0,24,5,0
20181110,서울특별시,11,관악구,11620,광주광역시,29,0,39,0,5,0,0,3,0,24,8,0
20181110,서울특별시,11,관악구,11620,인천광역시,28,5,66,0,24,12,0,6,4,90,5,3
20181110,서울특별시,11,관악구,11620,대구광역시,27,0,56,0,7,5,3,3,5,51,5,0
20181110,서울특별시,11,관악구,11620,부산광역시,26,0,77,7,16,4,0,13,0,62,23,3
20181110,서울특별시,11,관악구,11620,서울특별시,11,11,306,48,79,31,14,32,5,342,62,16
20181110,서울특별시,11,금천구,11545,제주특별자치도,50,0,10,0,6,6,0,3,0,58,32,12
20181110,서울특별시,11,금천구,11545,경상남도,48,7,103,0,45,47,3,22,10,207,99,99
20181110,서울특별시,11,금천구,11545,경상북도,47,8,70,0,47,36,0,14,7,136,65,39
20181110,서울특별시,11,금천구,11545,전라남도,46,0,57,0,23,24,0,6,5,112,59,20
20181110,서울특별시,11,금천구,11545,전라북도,45,0,70,0,32,28,0,7,5,126,37,35
20181110,서울특별시,11,금천구,11545,충청남도,44,9,68,0,44,33,0,6,9,130,61,149
20181110,서울특별시,11,금천구,11545,충청북도,43,3,49,0,36,27,3,5,12,109,38,29
20181110,서울특별시,11,금천구,11545,강원도,42,0,59,0,38,19,0,6,9,97,47,44
20181110,서울특별시,11,금천구,11545,경기도,41,92,425,10,308,325,23,134,83,924,411,299
20181110,서울특별시,11,금천구,11545,세종특별자치시,36,0,12,0,0,11,0,0,4,26,14,9
20181110,서울특별시,11,금천구,11545,울산광역시,31,3,20,0,16,18,0,6,0,71,30,44
20181110,서울특별시,11,금천구,11545,대전광역시,30,0,65,0,37,27,0,7,4,108,40,35
20181110,서울특별시,11,금천구,11545,광주광역시,29,3,40,0,21,23,0,10,4,116,62,33
20181110,서울특별시,11,금천구,11545,인천광역시,28,19,77,0,74,53,6,24,5,143,78,67
20181110,서울특별시,11,금천구,11545,대구광역시,27,7,63,0,52,54,6,20,8,151,63,58
20181110,서울특별시,11,금천구,11545,부산광역시,26,7,115,0,52,61,8,18,9,180,117,54
20181110,서울특별시,11,금천구,11545,서울특별시,11,135,352,14,221,288,26,113,56,731,339,246
20181110,서울특별시,11,종로구,11110,서울특별시,11,33,159,16,53,56,12,45,12,148,61,5
20181110,서울특별시,11,중랑구,11260,제주특별자치도,50,3,0,0,0,4,0,0,0,26,3,0
20181110,서울특별시,11,중랑구,11260,경상남도,48,6,40,0,20,16,3,28,4,129,16,0
20181110,서울특별시,11,중랑구,11260,경상북도,47,4,20,0,11,9,0,13,0,77,7,7
20181110,서울특별시,11,중랑구,11260,전라남도,46,0,16,0,3,8,0,25,0,50,7,3
20181110,서울특별시,11,중랑구,11260,전라북도,45,7,17,0,4,3,0,5,0,40,5,0
20181110,서울특별시,11,중랑구,11260,충청남도,44,4,13,0,17,9,6,10,0,54,4,3
20181110,서울특별시,11,중랑구,11260,충청북도,43,3,19,0,6,5,0,20,0,64,0,4
20181110,서울특별시,11,중랑구,11260,강원도,42,0,12,0,4,0,0,27,0,43,3,0
20181110,서울특별시,11,중랑구,11260,경기도,41,36,160,7,67,68,18,115,12,592,67,44
20181110,서울특별시,11,중랑구,11260,세종특별자치시,36,0,0,0,0,3,0,9,0,3,0,0
20181110,서울특별시,11,중랑구,11260,울산광역시,31,0,7,0,8,0,0,14,0,52,5,0
20181110,서울특별시,11,중랑구,11260,대전광역시,30,0,12,0,8,10,3,16,0,45,7,0
20181110,서울특별시,11,중랑구,11260,광주광역시,29,3,17,0,13,3,0,6,0,52,7,0
20181110,서울특별시,11,중랑구,11260,인천광역시,28,10,32,0,15,13,3,15,0,94,10,8
20181110,서울특별시,11,중랑구,11260,대구광역시,27,3,37,0,14,6,0,12,0,52,3,5
20181110,서울특별시,11,중랑구,11260,부산광역시,26,5,35,0,13,14,4,21,3,128,33,15
20181110,서울특별시,11,중랑구,11260,서울특별시,11,27,157,3,54,46,11,67,5,299,66,32
20181110,서울특별시,11,은평구,11380,서울특별시,11,3,446,164,44,88,9,20,14,273,60,13
20181110,서울특별시,11,은평구,11380,부산광역시,26,0,116,48,6,9,3,4,0,48,43,3
20181110,서울특별시,11,은평구,11380,대구광역시,27,4,76,38,5,14,0,6,0,36,13,5
20181110,서울특별시,11,종로구,11110,부산광역시,26,8,24,3,21,11,0,5,6,121,19,0
20181110,서울특별시,11,종로구,11110,대구광역시,27,15,28,0,14,10,0,5,3,74,15,0
20181110,서울특별시,11,종로구,11110,인천광역시,28,13,44,3,28,20,0,11,0,28,21,0
20181110,서울특별시,11,은평구,11380,인천광역시,28,7,94,49,11,12,0,3,3,60,22,4
20181110,서울특별시,11,은평구,11380,광주광역시,29,0,62,23,0,4,0,5,0,20,8,0
20181110,서울특별시,11,은평구,11380,대전광역시,30,0,51,25,0,7,0,7,0,24,7,0
20181110,서울특별시,11,은평구,11380,울산광역시,31,0,40,14,0,6,0,0,0,7,0,0
20181110,서울특별시,11,은평구,11380,세종특별자치시,36,0,10,4,0,0,0,0,0,0,0,0
20181110,서울특별시,11,은평구,11380,경기도,41,14,537,203,72,104,34,24,18,561,130,33
20181110,서울특별시,11,은평구,11380,강원도,42,0,54,34,5,6,0,8,0,19,10,0
20181110,서울특별시,11,은평구,11380,충청북도,43,0,52,20,11,9,3,4,0,71,14,0
20181110,서울특별시,11,은평구,11380,충청남도,44,0,86,35,5,16,0,0,4,43,21,0
20181110,서울특별시,11,은평구,11380,전라북도,45,0,64,16,6,6,0,0,0,35,11,0
20181110,서울특별시,11,은평구,11380,전라남도,46,0,49,18,3,12,0,0,0,21,15,0
20181110,서울특별시,11,은평구,11380,경상북도,47,0,94,26,3,6,0,7,0,24,19,0
20181110,서울특별시,11,은평구,11380,경상남도,48,0,116,41,6,15,0,6,9,47,18,0
20181110,서울특별시,11,은평구,11380,제주특별자치도,50,0,13,0,0,0,0,0,0,0,4,0
20181110,서울특별시,11,광진구,11215,울산광역시,31,0,10,0,4,4,0,4,3,10,0,7
20181110,서울특별시,11,광진구,11215,세종특별자치시,36,0,6,0,0,0,0,0,0,0,0,0
20181110,서울특별시,11,종로구,11110,광주광역시,29,4,12,0,4,4,0,4,0,50,11,4
20181110,서울특별시,11,종로구,11110,대전광역시,30,5,21,0,7,5,0,7,0,40,12,4
20181110,서울특별시,11,종로구,11110,울산광역시,31,0,10,0,0,3,0,0,0,30,11,0
20181110,서울특별시,11,종로구,11110,세종특별자치시,36,0,3,0,0,0,0,0,0,13,4,0
20181110,서울특별시,11,종로구,11110,경기도,41,63,228,17,110,110,11,112,27,327,114,13
20181110,서울특별시,11,종로구,11110,강원도,42,0,21,0,5,8,0,8,0,54,8,5
20181110,서울특별시,11,종로구,11110,충청북도,43,7,23,0,11,7,0,8,0,60,10,0
20181110,서울특별시,11,종로구,11110,충청남도,44,3,27,0,8,10,0,11,3,73,15,0
20181110,서울특별시,11,종로구,11110,전라북도,45,6,14,3,8,7,0,11,5,49,7,0
20181110,서울특별시,11,종로구,11110,전라남도,46,0,15,0,7,10,4,5,4,50,7,0
20181110,서울특별시,11,종로구,11110,경상북도,47,9,25,3,13,4,0,0,0,114,9,0
20181110,서울특별시,11,종로구,11110,경상남도,48,16,30,7,17,18,3,9,4,112,14,4
20181110,서울특별시,11,종로구,11110,제주특별자치도,50,0,5,0,3,0,0,0,0,10,4,0
20181110,서울특별시,11,강동구,11740,서울특별시,11,7,150,24,49,46,5,17,16,339,51,21
20181110,서울특별시,11,강동구,11740,부산광역시,26,0,41,4,11,16,0,6,0,64,27,0
20181110,서울특별시,11,강동구,11740,대구광역시,27,0,24,9,6,16,0,4,0,54,3,0
20181110,서울특별시,11,강동구,11740,인천광역시,28,8,31,0,8,10,0,0,5,72,6,7
20181110,서울특별시,11,강동구,11740,광주광역시,29,0,20,0,4,14,0,0,0,40,0,0
20181110,서울특별시,11,강동구,11740,대전광역시,30,0,12,4,5,5,0,5,0,45,0,0
20181110,서울특별시,11,강동구,11740,울산광역시,31,3,5,0,0,9,0,0,0,23,0,0
20181110,서울특별시,11,강동구,11740,세종특별자치시,36,0,3,0,0,3,0,0,0,5,0,0
20181110,서울특별시,11,강동구,11740,경기도,41,39,195,57,58,86,15,17,22,711,63,26
20181110,서울특별시,11,강동구,11740,강원도,42,0,14,5,0,15,0,0,0,35,0,0
20181110,서울특별시,11,강동구,11740,충청북도,43,5,21,6,9,10,0,3,0,86,0,0
20181110,서울특별시,11,강동구,11740,충청남도,44,0,26,5,5,15,0,4,4,52,0,0
20181110,서울특별시,11,강동구,11740,전라북도,45,4,10,0,8,14,0,0,0,57,0,0
20181110,서울특별시,11,강동구,11740,전라남도,46,0,8,4,3,14,0,0,0,37,0,0
20181110,서울특별시,11,강동구,11740,경상북도,47,0,22,6,6,19,0,7,0,53,0,0
20181110,서울특별시,11,강동구,11740,경상남도,48,0,32,3,5,17,0,4,6,82,3,0
20181110,서울특별시,11,강동구,11740,제주특별자치도,50,0,0,0,0,0,0,0,0,12,0,0
20181110,서울특별시,11,송파구,11710,제주특별자치도,50,0,8,0,8,21,0,4,0,40,0,0
20181110,서울특별시,11,송파구,11710,경상남도,48,8,27,0,12,226,4,30,7,216,20,5
20181110,서울특별시,11,송파구,11710,경상북도,47,0,32,0,9,110,0,13,0,146,9,6
20181110,서울특별시,11,송파구,11710,전라남도,46,0,25,4,3,56,0,12,4,89,6,5
20181110,서울특별시,11,송파구,11710,전라북도,45,0,20,0,4,83,0,6,0,126,14,5
20181110,서울특별시,11,송파구,11710,충청남도,44,0,20,3,7,112,4,15,4,173,18,0
20181110,서울특별시,11,송파구,11710,충청북도,43,0,14,18,17,95,5,35,0,191,13,3
20181110,서울특별시,11,송파구,11710,강원도,42,0,19,0,0,86,0,16,0,85,13,0
20181110,서울특별시,11,송파구,11710,경기도,41,58,268,48,93,802,59,102,22,1446,191,56
20181110,서울특별시,11,송파구,11710,세종특별자치시,36,0,3,0,0,13,0,10,0,16,3,0
20181110,서울특별시,11,송파구,11710,울산광역시,31,0,15,0,6,110,0,11,0,70,7,3
20181110,서울특별시,11,송파구,11710,대전광역시,30,4,18,0,9,149,3,15,0,115,8,0
20181110,서울특별시,11,송파구,11710,광주광역시,29,0,22,0,3,116,0,7,0,110,8,3
20181110,서울특별시,11,송파구,11710,인천광역시,28,8,28,3,13,183,3,37,0,178,17,13
20181110,서울특별시,11,송파구,11710,대구광역시,27,3,36,3,16,139,0,7,0,151,25,3
20181110,서울특별시,11,양천구,11470,서울특별시,11,12,120,17,42,45,10,34,3,251,65,11
20181110,서울특별시,11,양천구,11470,부산광역시,26,4,24,0,5,8,0,3,0,48,40,0
20181110,서울특별시,11,양천구,11470,대구광역시,27,4,10,0,7,8,0,4,0,24,13,0
20181110,서울특별시,11,양천구,11470,인천광역시,28,7,20,0,7,12,6,3,0,40,13,5
20181110,서울특별시,11,양천구,11470,광주광역시,29,3,6,0,0,0,0,0,0,13,6,0
20181110,서울특별시,11,양천구,11470,대전광역시,30,0,7,0,7,7,0,0,0,11,6,0
20181110,서울특별시,11,동작구,11590,제주특별자치도,50,0,6,0,0,0,0,0,0,0,0,0
20181110,서울특별시,11,동작구,11590,경상남도,48,3,20,3,4,0,6,37,0,32,0,0
20181110,서울특별시,11,동작구,11590,경상북도,47,0,25,0,0,4,0,18,0,16,0,3
20181110,서울특별시,11,동작구,11590,전라남도,46,0,9,0,3,0,0,20,0,11,0,0
20181110,서울특별시,11,동작구,11590,전라북도,45,0,13,0,0,0,0,20,0,18,0,0
20181110,서울특별시,11,동작구,11590,충청남도,44,4,26,4,5,13,0,39,0,20,0,0
20181110,서울특별시,11,동작구,11590,충청북도,43,0,14,5,10,3,0,14,0,59,0,0
20181110,서울특별시,11,동작구,11590,강원도,42,0,19,3,0,7,0,13,0,7,0,0
20181110,서울특별시,11,동작구,11590,경기도,41,23,191,28,52,52,12,197,27,495,70,28
20181110,서울특별시,11,동작구,11590,세종특별자치시,36,0,0,0,0,0,0,5,0,3,0,0
20181110,서울특별시,11,동작구,11590,울산광역시,31,0,7,0,0,0,3,14,0,3,0,0
20181110,서울특별시,11,동작구,11590,대전광역시,30,0,16,0,0,0,0,24,0,10,5,0
20181110,서울특별시,11,동작구,11590,광주광역시,29,0,9,3,4,0,0,18,0,11,5,0
20181110,서울특별시,11,동작구,11590,인천광역시,28,6,23,5,7,7,3,45,11,47,14,3
20181110,서울특별시,11,동작구,11590,대구광역시,27,4,22,0,0,0,3,22,0,15,0,0
20181110,서울특별시,11,동작구,11590,부산광역시,26,0,32,3,7,4,4,51,3,41,27,0
20181110,서울특별시,11,동작구,11590,서울특별시,11,6,154,15,57,23,13,115,14,255,42,9
20181110,서울특별시,11,송파구,11710,부산광역시,26,4,53,9,12,221,3,36,4,200,60,8
20181110,서울특별시,11,송파구,11710,서울특별시,11,14,266,23,73,315,17,65,17,854,114,34
20181110,서울특별시,11,강남구,11680,경상북도,47,0,31,0,9,12,4,23,0,35,6,6
20181110,서울특별시,11,강남구,11680,경상남도,48,10,47,0,23,29,0,24,5,89,8,16
20181110,서울특별시,11,강남구,11680,제주특별자치도,50,0,9,0,3,7,7,5,0,15,5,4
20181110,서울특별시,11,양천구,11470,울산광역시,31,0,6,0,3,0,0,0,0,8,3,0
20181110,서울특별시,11,양천구,11470,세종특별자치시,36,0,0,0,0,0,0,3,0,7,0,0
20181110,서울특별시,11,양천구,11470,경기도,41,33,141,15,70,96,29,17,17,569,120,30
20181110,서울특별시,11,양천구,11470,강원도,42,0,10,0,3,4,0,0,0,10,3,0
20181110,서울특별시,11,양천구,11470,충청북도,43,4,16,6,11,10,0,6,0,70,4,0
20181110,서울특별시,11,양천구,11470,충청남도,44,0,14,0,3,9,0,8,0,20,5,0
20181110,서울특별시,11,양천구,11470,전라북도,45,3,14,0,0,3,0,0,0,31,7,3
20181110,서울특별시,11,양천구,11470,전라남도,46,0,6,0,0,0,3,3,0,8,4,0
20181110,서울특별시,11,양천구,11470,경상북도,47,8,8,0,5,9,4,5,0,13,9,0
20181110,서울특별시,11,양천구,11470,경상남도,48,4,19,0,11,9,4,5,0,49,8,0
20181110,서울특별시,11,양천구,11470,제주특별자치도,50,0,0,0,0,0,0,0,0,0,0,0
20181110,서울특별시,11,중구,11140,제주특별자치도,50,0,45,13,0,8,0,7,0,22,9,0
20181110,서울특별시,11,중구,11140,경상남도,48,16,233,46,6,75,8,52,5,157,34,6
20181110,서울특별시,11,중구,11140,경상북도,47,9,132,43,3,61,7,52,3,113,22,0
20181110,서울특별시,11,중구,11140,전라남도,46,10,124,31,0,32,3,47,5,83,20,0
20181110,서울특별시,11,중구,11140,전라북도,45,13,115,23,0,33,0,23,3,98,25,3
20181110,서울특별시,11,중구,11140,충청남도,44,15,138,22,7,74,7,27,0,96,36,0
20181110,서울특별시,11,중구,11140,충청북도,43,12,104,27,7,32,0,23,4,116,21,5
20181110,서울특별시,11,중구,11140,강원도,42,9,108,36,0,79,0,17,3,66,20,0
20181110,서울특별시,11,중구,11140,경기도,41,72,801,189,40,394,27,149,36,832,243,25
20181110,서울특별시,11,중구,11140,세종특별자치시,36,0,28,0,0,5,0,7,0,18,7,0
20181110,서울특별시,11,중구,11140,울산광역시,31,4,77,21,0,24,4,28,0,60,21,0
20181110,서울특별시,11,중구,11140,대전광역시,30,9,104,18,3,50,3,28,3,82,19,0
20181110,서울특별시,11,중구,11140,광주광역시,29,8,105,35,0,44,3,42,3,95,25,0
20181110,서울특별시,11,중구,11140,인천광역시,28,8,148,19,12,85,6,20,6,175,47,9
20181110,서울특별시,11,중구,11140,대구광역시,27,8,189,47,5,44,6,51,3,130,40,3
20181110,서울특별시,11,중구,11140,부산광역시,26,26,263,62,5,101,3,62,10,167,56,11
20181110,서울특별시,11,중구,11140,서울특별시,11,63,718,110,44,324,18,100,35,722,191,26
20181110,서울특별시,11,광진구,11215,경기도,41,24,207,17,119,66,15,51,27,394,89,58
20181110,서울특별시,11,광진구,11215,강원도,42,0,17,0,14,0,0,6,0,6,0,3
20181110,서울특별시,11,광진구,11215,충청북도,43,0,13,0,19,0,0,4,0,38,6,3
20181110,서울특별시,11,광진구,11215,충청남도,44,0,23,0,14,4,0,0,0,28,6,7
20181110,서울특별시,11,광진구,11215,전라북도,45,0,23,0,5,4,0,4,4,22,4,5
20181110,서울특별시,11,광진구,11215,전라남도,46,0,20,0,5,0,0,9,0,5,0,6
20181110,서울특별시,11,광진구,11215,경상북도,47,0,27,3,16,5,0,10,0,18,4,7
20181110,서울특별시,11,광진구,11215,경상남도,48,3,35,0,18,3,3,20,4,47,5,18
20181110,서울특별시,11,서초구,11650,제주특별자치도,50,0,5,0,0,6,0,5,0,0,11,0
20181110,서울특별시,11,서초구,11650,경상남도,48,3,49,4,18,21,0,47,9,62,58,7
20181110,서울특별시,11,서초구,11650,경상북도,47,0,29,7,15,11,0,37,4,29,51,3
20181110,서울특별시,11,서초구,11650,전라남도,46,0,20,4,13,17,0,26,0,19,31,4
20181110,서울특별시,11,서초구,11650,전라북도,45,0,25,7,14,16,0,35,3,26,28,0
20181110,서울특별시,11,서초구,11650,충청남도,44,0,25,8,8,35,4,32,4,33,38,0
20181110,서울특별시,11,서초구,11650,충청북도,43,0,21,14,16,15,0,23,7,88,30,7
20181110,서울특별시,11,서초구,11650,강원도,42,0,28,9,6,19,0,26,3,28,19,4
20181110,서울특별시,11,서초구,11650,경기도,41,35,322,60,138,171,43,220,38,782,353,41
20181110,서울특별시,11,서초구,11650,세종특별자치시,36,0,7,0,0,4,0,4,0,6,8,0
20181110,서울특별시,11,서초구,11650,울산광역시,31,0,23,5,7,5,0,13,0,18,23,4
20181110,서울특별시,11,서초구,11650,대전광역시,30,0,18,6,18,16,0,20,3,26,26,5
20181110,서울특별시,11,서초구,11650,광주광역시,29,0,22,4,10,11,0,27,3,27,22,0
20181110,서울특별시,11,서초구,11650,인천광역시,28,19,39,5,21,22,3,27,0,55,60,3
20181110,서울특별시,11,서초구,11650,대구광역시,27,0,47,0,13,17,0,34,5,48,51,6
20181110,서울특별시,11,서초구,11650,부산광역시,26,0,46,4,21,15,5,53,3,80,65,9
20181110,서울특별시,11,서초구,11650,서울특별시,11,4,401,66,138,122,35,407,26,382,298,29
20181110,서울특별시,11,광진구,11215,제주특별자치도,50,0,7,0,0,0,0,0,0,4,0,0
20181110,서울특별시,11,강북구,11305,서울특별시,11,3,103,4,26,29,0,10,3,167,23,16
20181110,서울특별시,11,강북구,11305,부산광역시,26,0,19,0,5,5,0,0,0,40,18,0
20181110,서울특별시,11,강북구,11305,대구광역시,27,3,10,0,5,4,0,0,0,21,4,0
20181110,서울특별시,11,강북구,11305,인천광역시,28,3,16,0,5,8,0,0,10,35,11,4
20181110,서울특별시,11,강북구,11305,광주광역시,29,0,6,0,0,13,0,0,0,12,4,0
20181110,서울특별시,11,강북구,11305,대전광역시,30,0,3,0,0,4,0,0,0,18,0,0
20181110,서울특별시,11,서대문구,11410,인천광역시,28,0,16,0,6,4,0,4,0,59,3,0
20181110,서울특별시,11,강북구,11305,울산광역시,31,0,0,0,0,0,0,0,0,9,0,0
20181110,서울특별시,11,동대문구,11230,제주특별자치도,50,0,3,3,0,0,0,5,0,10,0,0
20181110,서울특별시,11,동대문구,11230,경상남도,48,7,42,1327,6,20,3,30,9,75,10,3
20181110,서울특별시,11,동대문구,11230,경상북도,47,4,24,1263,4,15,0,18,0,61,10,0
20181110,서울특별시,11,동대문구,11230,전라남도,46,3,27,486,5,8,0,11,0,48,3,0
20181110,서울특별시,11,동대문구,11230,전라북도,45,6,15,534,3,9,0,17,0,46,3,0
20181110,서울특별시,11,동대문구,11230,충청남도,44,3,16,728,7,15,0,18,3,53,6,0
20181110,서울특별시,11,동대문구,11230,충청북도,43,3,23,465,8,21,0,9,4,68,7,5
20181110,서울특별시,11,동대문구,11230,강원도,42,0,22,390,5,10,0,15,0,17,3,0
20181110,서울특별시,11,동대문구,11230,경기도,41,25,193,4302,53,96,19,110,28,497,95,27
20181110,서울특별시,11,동대문구,11230,세종특별자치시,36,0,5,191,0,4,0,0,0,0,0,0
20181110,서울특별시,11,동대문구,11230,울산광역시,31,6,16,615,0,5,0,7,0,19,0,0
20181110,서울특별시,11,동대문구,11230,대전광역시,30,0,23,721,5,21,0,20,0,24,8,0
20181110,서울특별시,11,동대문구,11230,광주광역시,29,0,11,431,0,7,0,14,0,30,11,0
20181110,서울특별시,11,동대문구,11230,인천광역시,28,4,39,919,8,22,0,28,5,63,11,4
20181110,서울특별시,11,동대문구,11230,대구광역시,27,4,17,1217,5,20,0,36,0,50,3,0
20181110,서울특별시,11,동대문구,11230,부산광역시,26,4,44,940,5,23,0,32,0,99,36,0
20181110,서울특별시,11,성북구,11290,서울특별시,11,32,736,30,282,1281,66,155,51,1348,541,373
20181110,서울특별시,11,성북구,11290,부산광역시,26,9,176,5,117,381,18,53,18,359,128,188
20181110,서울특별시,11,성북구,11290,대구광역시,27,9,116,5,46,230,15,27,12,277,118,113
20181110,서울특별시,11,동대문구,11230,서울특별시,11,17,149,2323,40,52,17,83,11,270,63,24
20181110,서울특별시,11,강북구,11305,세종특별자치시,36,0,0,0,0,0,0,0,0,0,4,0
20181110,서울특별시,11,강북구,11305,경기도,41,16,94,8,21,75,3,22,8,371,33,22
20181110,서울특별시,11,강북구,11305,강원도,42,0,11,0,0,0,0,0,0,11,0,0
20181110,서울특별시,11,강북구,11305,충청북도,43,3,21,0,0,0,0,0,0,49,3,0
20181110,서울특별시,11,강북구,11305,충청남도,44,0,10,0,3,0,0,0,0,46,0,4
20181110,서울특별시,11,강북구,11305,전라북도,45,0,9,0,5,0,0,0,0,27,0,0
20181110,서울특별시,11,강북구,11305,전라남도,46,0,5,0,0,5,0,0,0,10,5,0
20181110,서울특별시,11,강북구,11305,경상북도,47,0,12,0,0,7,0,0,0,20,3,3
20181110,서울특별시,11,강북구,11305,경상남도,48,0,18,0,6,4,0,3,0,37,6,0
20181110,서울특별시,11,강북구,11305,제주특별자치도,50,0,0,0,0,0,0,0,0,3,0,0
20181110,서울특별시,11,영등포구,11560,서울특별시,11,14,338,9,156,118,16,161,16,234,62,29
20181110,서울특별시,11,영등포구,11560,부산광역시,26,0,86,5,41,25,0,85,5,24,24,0
20181110,서울특별시,11,영등포구,11560,대구광역시,27,0,47,0,23,22,0,40,3,16,11,7
20181110,서울특별시,11,영등포구,11560,인천광역시,28,0,65,0,47,24,3,39,0,30,6,8
20181110,서울특별시,11,영등포구,11560,광주광역시,29,0,29,0,20,13,3,26,0,9,5,0
20181110,서울특별시,11,영등포구,11560,대전광역시,30,0,35,0,15,8,0,18,0,6,4,0
20181110,서울특별시,11,강서구,11500,서울특별시,11,17,308,64,255,171,16,719,42,859,165,29
20181110,서울특별시,11,강서구,11500,부산광역시,26,3,95,15,120,61,3,230,9,244,73,4
20181110,서울특별시,11,강서구,11500,대구광역시,27,9,48,8,36,48,3,120,3,164,34,0
20181110,서울특별시,11,강서구,11500,인천광역시,28,6,65,11,72,73,4,218,13,223,32,5
20181110,서울특별시,11,강서구,11500,광주광역시,29,0,28,4,47,27,0,109,0,111,14,0
20181110,서울특별시,11,강서구,11500,대전광역시,30,0,17,6,34,31,0,71,6,131,22,4
20181110,서울특별시,11,강서구,11500,울산광역시,31,0,19,4,37,19,0,65,0,74,10,0
20181110,서울특별시,11,강서구,11500,세종특별자치시,36,0,7,0,8,5,0,17,0,26,0,0
20181110,서울특별시,11,강서구,11500,경기도,41,50,379,82,331,331,61,758,56,1404,206,60
20181110,서울특별시,11,강서구,11500,강원도,42,0,16,5,43,33,0,70,4,101,16,3
20181110,서울특별시,11,강서구,11500,충청북도,43,6,21,12,30,35,6,124,0,190,20,3
20181110,서울특별시,11,강서구,11500,충청남도,44,4,37,6,44,38,3,120,6,174,32,4
20181110,서울특별시,11,강서구,11500,전라북도,45,3,28,7,34,30,3,89,3,140,25,0
20181110,서울특별시,11,강서구,11500,전라남도,46,0,22,8,49,21,0,123,5,149,16,7
20181110,서울특별시,11,강서구,11500,경상북도,47,0,35,11,50,45,5,131,3,202,29,3
20181110,서울특별시,11,강서구,11500,경상남도,48,5,47,14,90,56,6,191,11,237,41,5
20181110,서울특별시,11,강서구,11500,제주특별자치도,50,0,14,0,10,6,0,12,0,29,6,0
20181110,서울특별시,11,영등포구,11560,울산광역시,31,0,27,4,23,9,0,32,0,6,0,0
20181110,서울특별시,11,영등포구,11560,세종특별자치시,36,0,5,0,7,4,0,3,0,0,0,0
20181110,서울특별시,11,영등포구,11560,경기도,41,32,367,27,122,174,30,280,25,410,87,31
20181110,서울특별시,11,영등포구,11560,강원도,42,0,41,0,17,23,0,34,0,4,0,0
20181110,서울특별시,11,영등포구,11560,충청북도,43,0,42,9,33,7,0,29,0,65,6,0
20181110,서울특별시,11,영등포구,11560,충청남도,44,0,46,0,34,18,0,47,0,20,7,5
20181110,서울특별시,11,영등포구,11560,전라북도,45,0,46,0,22,11,0,34,0,28,0,0
20181110,서울특별시,11,영등포구,11560,전라남도,46,0,40,0,24,9,0,30,0,7,0,0
20181110,서울특별시,11,영등포구,11560,경상북도,47,3,72,0,28,31,0,71,0,15,5,0
20181110,서울특별시,11,영등포구,11560,경상남도,48,4,67,8,40,48,3,81,8,37,8,0
20181110,서울특별시,11,영등포구,11560,제주특별자치도,50,0,13,0,11,5,0,18,0,0,0,0
20181110,서울특별시,11,노원구,11350,제주특별자치도,50,0,0,0,0,0,0,5,0,6,0,0
20181110,서울특별시,11,노원구,11350,경상남도,48,0,24,0,3,0,0,4,5,66,11,0
20181110,서울특별시,11,노원구,11350,경상북도,47,0,28,0,3,0,0,5,3,32,11,0
20181110,서울특별시,11,노원구,11350,전라남도,46,0,12,0,0,0,0,0,5,31,6,0
20181110,서울특별시,11,노원구,11350,전라북도,45,0,14,0,3,0,0,0,4,38,7,0
20181110,서울특별시,11,노원구,11350,충청남도,44,3,14,0,0,7,3,4,0,44,9,0
20181110,서울특별시,11,노원구,11350,충청북도,43,0,14,0,13,0,3,5,0,79,12,0
20181110,서울특별시,11,노원구,11350,강원도,42,0,14,0,4,0,0,0,0,20,6,0
20181110,서울특별시,11,노원구,11350,경기도,41,25,185,21,51,94,16,71,38,699,120,40
20181110,서울특별시,11,노원구,11350,세종특별자치시,36,0,3,0,0,0,0,0,0,10,0,0
20181110,서울특별시,11,노원구,11350,울산광역시,31,0,7,0,0,0,0,0,0,17,4,0
20181110,서울특별시,11,노원구,11350,대전광역시,30,0,13,0,6,6,0,6,0,27,10,0
20181110,서울특별시,11,노원구,11350,광주광역시,29,0,9,0,0,4,0,0,0,36,7,0
20181110,서울특별시,11,노원구,11350,인천광역시,28,7,22,0,6,21,4,21,5,67,11,4
20181110,서울특별시,11,노원구,11350,대구광역시,27,3,18,0,5,0,0,6,5,51,10,0
20181110,서울특별시,11,노원구,11350,부산광역시,26,0,40,0,4,6,3,5,4,61,37,0
20181110,서울특별시,11,노원구,11350,서울특별시,11,13,141,8,58,92,14,145,36,347,72,20
20181110,서울특별시,11,강남구,11680,강원도,42,0,24,0,9,17,0,21,0,19,6,4
20181110,서울특별시,11,강남구,11680,경기도,41,31,369,40,186,266,43,188,22,1012,157,57
20181110,서울특별시,11,강남구,11680,세종특별자치시,36,0,9,0,0,6,0,3,0,12,0,0
20181110,서울특별시,11,강남구,11680,울산광역시,31,0,24,0,5,6,0,8,3,19,0,5
20181110,서울특별시,11,강남구,11680,대전광역시,30,0,27,4,18,23,3,15,3,41,13,5
20181110,서울특별시,11,강남구,11680,광주광역시,29,0,31,0,23,19,0,10,0,32,15,7
20181110,서울특별시,11,서대문구,11410,제주특별자치도,50,0,0,0,0,5,0,0,0,16,0,0
20181110,서울특별시,11,서대문구,11410,경상남도,48,0,14,0,3,134,0,60,3,56,4,0
20181110,서울특별시,11,서대문구,11410,경상북도,47,0,13,0,0,62,0,26,0,46,3,0
20181110,서울특별시,11,서대문구,11410,전라남도,46,0,8,0,0,72,0,25,0,23,0,0
20181110,서울특별시,11,강남구,11680,서울특별시,11,19,392,23,146,230,22,174,16,564,120,39
20181110,서울특별시,11,강남구,11680,부산광역시,26,3,66,0,15,74,5,39,0,91,35,18
20181110,서울특별시,11,강남구,11680,대구광역시,27,3,47,0,20,31,3,26,0,66,14,9
20181110,서울특별시,11,광진구,11215,대전광역시,30,0,7,0,6,4,0,6,0,19,5,6
20181110,서울특별시,11,광진구,11215,광주광역시,29,0,8,3,10,0,0,8,0,13,3,4
20181110,서울특별시,11,광진구,11215,인천광역시,28,4,26,0,23,12,0,14,4,36,15,16
20181110,서울특별시,11,서대문구,11410,전라북도,45,0,6,0,0,14,0,11,0,41,0,0
20181110,서울특별시,11,서대문구,11410,충청남도,44,0,8,0,4,39,0,17,0,42,0,0
20181110,서울특별시,11,서대문구,11410,충청북도,43,0,11,0,7,36,0,12,0,71,0,0
20181110,서울특별시,11,서대문구,11410,강원도,42,0,6,0,0,26,0,15,0,40,0,0
20181110,서울특별시,11,성북구,11290,인천광역시,28,11,186,4,134,377,21,26,15,351,128,119
20181110,서울특별시,11,성북구,11290,광주광역시,29,4,61,5,35,138,6,17,4,178,66,56
20181110,서울특별시,11,성북구,11290,대전광역시,30,5,88,0,69,163,6,27,5,177,66,20
20181110,서울특별시,11,성북구,11290,울산광역시,31,0,46,0,58,99,3,11,10,96,41,46
20181110,서울특별시,11,성북구,11290,세종특별자치시,36,0,16,0,7,29,3,4,4,26,26,13
20181110,서울특별시,11,성북구,11290,경기도,41,55,769,38,321,1590,90,169,102,1895,648,443
20181110,서울특별시,11,성북구,11290,강원도,42,5,60,4,120,176,12,16,6,151,61,33
20181110,서울특별시,11,성북구,11290,충청북도,43,9,66,5,93,164,10,8,13,196,58,39
20181110,서울특별시,11,성북구,11290,충청남도,44,5,82,0,87,180,6,24,14,262,91,49
20181110,서울특별시,11,성북구,11290,전라북도,45,0,75,0,50,178,4,19,4,174,56,58
20181110,서울특별시,11,성북구,11290,전라남도,46,3,65,0,45,152,9,17,8,162,67,46
20181110,서울특별시,11,성북구,11290,경상북도,47,8,95,5,94,238,14,24,16,234,99,77
20181110,서울특별시,11,성북구,11290,경상남도,48,11,140,7,176,346,19,32,12,345,129,130
20181110,서울특별시,11,성북구,11290,제주특별자치도,50,0,24,0,7,33,3,9,3,46,19,30
20181110,서울특별시,11,서대문구,11410,서울특별시,11,5,134,7,29,23,5,18,3,337,45,10
20181110,서울특별시,11,서대문구,11410,부산광역시,26,0,26,0,3,102,0,61,0,71,23,0
20181110,서울특별시,11,서대문구,11410,대구광역시,27,0,18,0,0,6,0,3,0,40,5,0
20181110,서울특별시,11,서대문구,11410,경기도,41,14,120,9,37,55,17,40,11,528,46,15
20181110,서울특별시,11,마포구,11440,서울특별시,11,6,216,25,108,166,16,106,7,437,187,15
20181110,서울특별시,11,마포구,11440,부산광역시,26,3,47,6,23,41,3,10,0,87,65,0
20181110,서울특별시,11,마포구,11440,대구광역시,27,0,25,6,17,49,3,21,0,55,38,0
20181110,서울특별시,11,마포구,11440,인천광역시,28,5,51,7,28,43,0,26,0,100,47,3
20181110,서울특별시,11,마포구,11440,광주광역시,29,4,19,0,29,19,0,29,0,57,33,0
20181110,서울특별시,11,마포구,11440,대전광역시,30,0,24,5,12,29,0,6,0,24,21,0
20181110,서울특별시,11,마포구,11440,울산광역시,31,26,18,0,15,10,0,8,0,26,14,0
20181110,서울특별시,11,마포구,11440,세종특별자치시,36,0,6,0,4,7,0,3,0,5,6,0
20181110,서울특별시,11,마포구,11440,경기도,41,22,253,36,134,230,18,107,15,735,247,33
20181110,서울특별시,11,마포구,11440,강원도,42,4,27,3,23,69,3,15,0,41,13,0
20181110,서울특별시,11,마포구,11440,충청북도,43,4,30,5,19,37,0,15,0,79,28,0
20181110,서울특별시,11,마포구,11440,충청남도,44,8,29,6,25,31,0,39,0,79,35,3
20181110,서울특별시,11,마포구,11440,전라북도,45,0,30,6,22,81,0,51,0,58,22,0
20181110,서울특별시,11,마포구,11440,전라남도,46,3,23,6,18,62,5,55,0,40,20,0
20181110,서울특별시,11,마포구,11440,경상북도,47,5,31,6,34,54,0,35,0,66,36,0
20181110,서울특별시,11,마포구,11440,경상남도,48,11,59,5,54,65,4,46,4,117,46,3
20181110,서울특별시,11,마포구,11440,제주특별자치도,50,5,8,0,29,37,0,20,0,9,7,0
20181111,서울특별시,11,도봉구,11320,대전광역시,30,0,0,0,0,0,0,0,0,0,0,40
20181111,서울특별시,11,송파구,11710,서울특별시,11,0,37,0,0,6,0,274,4,0,0,4
20181111,서울특별시,11,송파구,11710,부산광역시,26,0,0,0,0,22,0,5,0,5,0,0
20181111,서울특별시,11,송파구,11710,대구광역시,27,0,0,0,0,16,0,3,0,0,0,0
20181111,서울특별시,11,송파구,11710,인천광역시,28,0,0,0,0,18,0,7,0,0,0,0
20181111,서울특별시,11,송파구,11710,광주광역시,29,0,0,0,0,12,0,3,0,0,0,0
20181111,서울특별시,11,송파구,11710,대전광역시,30,0,3,0,0,4,0,3,0,0,0,0
20181111,서울특별시,11,송파구,11710,울산광역시,31,0,0,0,0,10,0,0,0,3,0,0
20181111,서울특별시,11,송파구,11710,세종특별자치시,36,0,0,0,0,7,0,0,0,0,0,0
20181111,서울특별시,11,송파구,11710,경기도,41,0,16,0,0,52,0,182,0,0,0,0
20181111,서울특별시,11,송파구,11710,강원도,42,0,0,0,0,8,0,0,0,0,0,0
20181111,서울특별시,11,송파구,11710,충청북도,43,0,0,0,0,13,0,0,0,0,0,0
20181111,서울특별시,11,송파구,11710,충청남도,44,0,4,0,0,14,0,0,0,0,0,0
20181111,서울특별시,11,송파구,11710,전라북도,45,0,0,0,0,21,0,3,0,0,0,0
20181111,서울특별시,11,송파구,11710,전라남도,46,0,3,0,0,32,0,0,0,0,0,0
20181111,서울특별시,11,송파구,11710,경상북도,47,0,3,0,0,16,0,0,0,4,0,0
20181111,서울특별시,11,송파구,11710,경상남도,48,0,3,0,0,26,0,0,0,4,0,0
20181111,서울특별시,11,송파구,11710,제주특별자치도,50,0,0,0,0,0,0,0,0,0,0,0
20181111,서울특별시,11,구로구,11530,서울특별시,11,0,3,0,0,0,0,22,0,297,12,0
20181111,서울특별시,11,구로구,11530,부산광역시,26,0,0,0,0,0,0,12,0,68,0,0
20181111,서울특별시,11,구로구,11530,대구광역시,27,0,0,0,0,0,0,0,0,55,0,0
20181111,서울특별시,11,구로구,11530,인천광역시,28,3,0,0,0,5,0,0,0,87,3,0
20181111,서울특별시,11,구로구,11530,광주광역시,29,0,0,0,0,0,0,0,0,35,0,0
20181111,서울특별시,11,구로구,11530,대전광역시,30,0,0,0,0,0,0,0,0,46,0,0
20181111,서울특별시,11,구로구,11530,울산광역시,31,0,0,0,0,0,0,0,0,35,0,0
20181111,서울특별시,11,구로구,11530,세종특별자치시,36,0,0,0,0,0,0,0,0,9,0,0
20181111,서울특별시,11,구로구,11530,경기도,41,5,0,0,3,7,0,4,4,383,21,3
20181111,서울특별시,11,구로구,11530,강원도,42,0,0,0,0,0,0,0,0,45,0,0
20181111,서울특별시,11,구로구,11530,충청북도,43,0,0,0,0,0,0,0,0,25,0,0
20181111,서울특별시,11,구로구,11530,충청남도,44,0,3,0,0,0,0,0,0,48,4,0
20181111,서울특별시,11,구로구,11530,전라북도,45,0,0,0,0,0,0,0,0,48,0,0
20181111,서울특별시,11,구로구,11530,전라남도,46,0,0,0,0,0,0,0,0,43,0,0
20181111,서울특별시,11,구로구,11530,경상북도,47,0,0,0,0,0,0,0,0,41,0,0
20181111,서울특별시,11,구로구,11530,경상남도,48,0,0,0,0,0,0,6,0,89,6,0
20181111,서울특별시,11,구로구,11530,제주특별자치도,50,0,0,0,0,3,0,0,0,10,0,0
20181111,서울특별시,11,중랑구,11260,서울특별시,11,0,41,0,0,0,0,19,3,89,10,0
20181111,서울특별시,11,중랑구,11260,부산광역시,26,0,11,0,0,3,0,0,0,19,4,0
20181111,서울특별시,11,중랑구,11260,대구광역시,27,0,0,0,0,0,0,0,0,19,0,0
20181111,서울특별시,11,중랑구,11260,인천광역시,28,0,3,0,0,0,0,0,0,28,0,0
20181111,서울특별시,11,중랑구,11260,광주광역시,29,0,0,0,0,0,0,0,0,11,0,0
20181111,서울특별시,11,중랑구,11260,대전광역시,30,0,0,0,0,0,0,0,0,10,0,0
20181111,서울특별시,11,중랑구,11260,울산광역시,31,0,0,0,0,0,0,0,0,5,0,0
20181111,서울특별시,11,중랑구,11260,세종특별자치시,36,0,0,0,0,0,0,0,0,0,0,0
20181111,서울특별시,11,중랑구,11260,경기도,41,0,17,0,0,3,0,0,0,145,4,0
20181111,서울특별시,11,중랑구,11260,강원도,42,0,3,0,0,0,0,0,0,6,0,0
20181111,서울특별시,11,중랑구,11260,충청북도,43,0,0,0,0,0,0,0,0,8,0,3
20181111,서울특별시,11,중랑구,11260,충청남도,44,0,0,0,0,0,0,0,0,12,0,0
20181111,서울특별시,11,중랑구,11260,전라북도,45,0,0,0,0,0,0,0,0,20,0,0
20181111,서울특별시,11,중랑구,11260,전라남도,46,0,0,0,0,0,0,0,0,6,0,0
20181111,서울특별시,11,중랑구,11260,경상북도,47,0,0,0,0,0,0,0,0,16,0,0
20181111,서울특별시,11,중랑구,11260,경상남도,48,0,0,0,3,3,0,0,0,25,0,0
20181111,서울특별시,11,도봉구,11320,서울특별시,11,0,0,0,0,0,0,16,0,3,0,427
20181111,서울특별시,11,서대문구,11410,경기도,41,0,0,0,0,0,0,0,0,0,0,0
20181111,서울특별시,11,서대문구,11410,서울특별시,11,0,3,0,0,0,0,24,0,0,0,0
20181111,서울특별시,11,강북구,11305,서울특별시,11,0,0,0,0,0,0,21,0,0,0,0
20181111,서울특별시,11,강북구,11305,경기도,41,0,3,0,0,0,0,0,0,0,0,0
20181111,서울특별시,11,강남구,11680,서울특별시,11,0,8,0,0,0,0,43,0,34,0,3
20181111,서울특별시,11,강남구,11680,부산광역시,26,0,4,0,0,0,0,0,0,0,0,0
20181111,서울특별시,11,강남구,11680,대구광역시,27,0,0,0,0,0,0,0,0,0,0,0
20181111,서울특별시,11,강남구,11680,광주광역시,29,0,4,0,0,0,0,0,0,0,0,0
20181111,서울특별시,11,강남구,11680,대전광역시,30,0,3,0,0,0,0,0,0,0,0,0
20181111,서울특별시,11,강남구,11680,경기도,41,0,25,0,5,0,0,5,0,18,0,3
20181111,서울특별시,11,강남구,11680,강원도,42,0,0,0,0,0,0,0,0,0,0,0
20181111,서울특별시,11,강남구,11680,충청북도,43,0,0,0,0,0,0,0,0,0,0,0
20181111,서울특별시,11,강남구,11680,충청남도,44,0,0,0,0,0,0,0,0,5,0,0
20181111,서울특별시,11,강남구,11680,전라북도,45,0,0,0,0,0,0,0,0,0,0,0
20181111,서울특별시,11,강남구,11680,전라남도,46,0,0,0,0,0,0,3,0,0,0,0
20181111,서울특별시,11,강남구,11680,경상북도,47,0,3,0,0,0,0,0,0,0,0,0
20181111,서울특별시,11,강남구,11680,경상남도,48,0,3,0,0,0,0,0,0,4,0,0
20181111,서울특별시,11,도봉구,11320,부산광역시,26,0,0,0,0,0,0,0,0,0,0,94
20181111,서울특별시,11,도봉구,11320,대구광역시,27,0,0,0,0,0,0,0,0,0,0,50
20181111,서울특별시,11,도봉구,11320,인천광역시,28,0,0,0,0,0,0,0,0,0,0,93
20181111,서울특별시,11,도봉구,11320,광주광역시,29,0,0,0,0,0,0,0,0,0,0,51
20181111,서울특별시,11,도봉구,11320,울산광역시,31,0,0,0,0,0,0,0,0,0,0,31
20181111,서울특별시,11,도봉구,11320,세종특별자치시,36,0,0,0,0,0,0,0,0,0,0,11
20181111,서울특별시,11,도봉구,11320,경기도,41,0,0,0,0,0,0,0,0,19,0,399
20181111,서울특별시,11,도봉구,11320,강원도,42,0,0,0,0,0,0,0,0,0,0,32
20181111,서울특별시,11,도봉구,11320,충청북도,43,0,0,0,0,0,0,0,0,0,0,28
20181111,서울특별시,11,도봉구,11320,충청남도,44,0,0,0,0,0,0,0,0,0,0,44
20181111,서울특별시,11,도봉구,11320,전라북도,45,0,0,0,0,0,0,0,0,0,0,45
20181111,서울특별시,11,도봉구,11320,전라남도,46,0,0,0,0,0,0,0,0,0,0,42
20181111,서울특별시,11,도봉구,11320,경상북도,47,0,0,0,0,0,0,0,0,0,0,53
20181111,서울특별시,11,도봉구,11320,경상남도,48,0,0,0,0,0,0,0,0,0,0,95
20181111,서울특별시,11,도봉구,11320,제주특별자치도,50,0,0,0,0,0,0,0,0,0,0,0
20181111,서울특별시,11,종로구,11110,경기도,41,0,0,0,0,0,0,0,0,0,0,0
20181111,서울특별시,11,종로구,11110,서울특별시,11,0,3,0,0,0,0,12,0,0,0,0
20181111,서울특별시,11,서초구,11650,제주특별자치도,50,0,0,0,0,0,0,4,0,0,0,0
20181111,서울특별시,11,서초구,11650,경상남도,48,0,3,0,0,0,0,18,0,0,0,0
20181111,서울특별시,11,서초구,11650,경상북도,47,0,0,0,0,0,0,10,0,0,0,0
20181111,서울특별시,11,서초구,11650,전라남도,46,0,0,0,0,0,0,9,0,0,0,0
20181111,서울특별시,11,서초구,11650,전라북도,45,0,5,0,0,0,0,4,0,0,0,0
20181111,서울특별시,11,서초구,11650,충청남도,44,0,4,0,0,0,0,10,0,0,0,0
20181111,서울특별시,11,서초구,11650,충청북도,43,0,0,0,0,0,0,5,0,0,0,0
20181111,서울특별시,11,서초구,11650,강원도,42,0,0,0,0,0,0,19,0,0,0,0
20181111,서울특별시,11,서초구,11650,경기도,41,0,17,0,0,0,0,67,0,3,0,0
20181111,서울특별시,11,서초구,11650,울산광역시,31,0,0,0,0,0,0,4,0,0,0,0
20181111,서울특별시,11,서초구,11650,대전광역시,30,0,3,0,0,0,0,6,0,0,0,0
20181111,서울특별시,11,서초구,11650,광주광역시,29,0,0,0,0,0,0,5,0,0,0,0
20181111,서울특별시,11,서초구,11650,인천광역시,28,0,4,0,0,0,0,16,0,0,0,0
20181111,서울특별시,11,서초구,11650,대구광역시,27,0,0,0,0,0,0,9,0,0,0,0
20181111,서울특별시,11,서초구,11650,부산광역시,26,0,9,0,0,0,0,14,0,0,0,0
20181111,서울특별시,11,서초구,11650,서울특별시,11,0,77,6,0,31,0,327,0,4,4,0
20181111,서울특별시,11,은평구,11380,제주특별자치도,50,0,0,0,3,0,0,0,0,0,0,4
20181111,서울특별시,11,은평구,11380,경상남도,48,0,0,0,8,37,0,29,3,0,0,112
20181111,서울특별시,11,은평구,11380,경상북도,47,0,0,0,9,21,0,11,0,0,0,73
20181111,서울특별시,11,은평구,11380,전라남도,46,0,0,0,0,11,0,14,0,0,0,53
20181111,서울특별시,11,은평구,11380,전라북도,45,0,0,0,5,7,0,11,0,0,0,31
20181111,서울특별시,11,은평구,11380,충청남도,44,0,0,0,10,17,0,26,4,0,0,62
20181111,서울특별시,11,은평구,11380,충청북도,43,0,0,0,4,14,0,13,0,0,0,30
20181111,서울특별시,11,은평구,11380,강원도,42,0,0,0,7,17,0,6,5,0,0,44
20181111,서울특별시,11,은평구,11380,경기도,41,0,0,0,52,185,3,138,21,0,0,424
20181111,서울특별시,11,은평구,11380,세종특별자치시,36,0,0,0,0,4,0,4,0,0,0,9
20181111,서울특별시,11,은평구,11380,울산광역시,31,0,0,0,3,10,0,7,0,0,0,40
20181111,서울특별시,11,은평구,11380,대전광역시,30,0,0,0,5,25,0,15,0,0,0,38
20181111,서울특별시,11,은평구,11380,광주광역시,29,0,0,0,0,14,0,12,0,0,0,69
20181111,서울특별시,11,은평구,11380,인천광역시,28,0,0,0,7,38,0,32,4,0,0,101
20181111,서울특별시,11,은평구,11380,대구광역시,27,0,0,0,10,23,0,13,0,0,0,60
20181111,서울특별시,11,은평구,11380,부산광역시,26,0,0,0,18,35,0,31,0,0,0,123
20181111,서울특별시,11,은평구,11380,서울특별시,11,0,0,0,42,141,0,125,13,0,0,334
20181111,서울특별시,11,강서구,11500,서울특별시,11,0,25,0,0,20,0,219,0,0,0,10
20181111,서울특별시,11,강서구,11500,부산광역시,26,0,10,0,0,0,0,50,0,0,0,0
20181111,서울특별시,11,강서구,11500,대구광역시,27,0,8,0,0,7,0,19,0,0,0,0
20181111,서울특별시,11,강서구,11500,인천광역시,28,0,10,0,0,8,0,70,0,0,0,0
20181111,서울특별시,11,강서구,11500,광주광역시,29,0,0,0,0,0,0,15,0,0,0,0
20181111,서울특별시,11,강서구,11500,대전광역시,30,0,4,0,0,0,0,21,0,0,0,0
20181111,서울특별시,11,강서구,11500,울산광역시,31,0,3,0,0,0,0,13,0,0,0,0
20181111,서울특별시,11,강서구,11500,세종특별자치시,36,0,0,0,0,0,0,5,0,0,0,0
20181111,서울특별시,11,강서구,11500,경기도,41,0,44,0,0,20,0,299,0,3,0,6
20181111,서울특별시,11,강서구,11500,강원도,42,0,4,0,0,0,0,13,0,0,0,0
20181111,서울특별시,11,강서구,11500,충청북도,43,0,4,0,0,0,0,14,0,0,0,0
20181111,서울특별시,11,강서구,11500,충청남도,44,0,3,0,0,0,0,25,0,0,0,0
20181111,서울특별시,11,강서구,11500,전라북도,45,0,3,0,0,0,0,18,0,0,0,3
20181111,서울특별시,11,강서구,11500,전라남도,46,0,0,0,0,0,0,11,0,0,0,0
20181111,서울특별시,11,강서구,11500,경상북도,47,0,8,0,0,4,0,21,0,0,0,0
20181111,서울특별시,11,강서구,11500,경상남도,48,0,7,0,0,6,0,25,0,0,0,0
20181111,서울특별시,11,강서구,11500,제주특별자치도,50,0,3,0,0,0,0,5,0,0,0,0
20181111,서울특별시,11,동작구,11590,서울특별시,11,0,0,0,0,0,0,21,0,3,0,0
20181111,서울특별시,11,동작구,11590,대구광역시,27,0,0,0,0,0,0,0,0,0,0,0
20181111,서울특별시,11,동작구,11590,인천광역시,28,0,0,0,0,0,0,0,0,0,0,0
20181111,서울특별시,11,동작구,11590,경기도,41,0,0,0,0,0,0,0,0,3,0,0
20181111,서울특별시,11,노원구,11350,경상북도,47,0,0,0,0,0,0,0,0,0,0,0
20181111,서울특별시,11,노원구,11350,충청북도,43,0,0,0,0,0,0,0,0,0,0,0
20181111,서울특별시,11,노원구,11350,경기도,41,0,6,0,0,0,0,0,0,0,0,0
20181111,서울특별시,11,노원구,11350,대구광역시,27,0,0,0,0,0,0,0,0,0,0,0
20181111,서울특별시,11,노원구,11350,서울특별시,11,0,3,0,0,0,0,19,0,0,0,0
20181111,서울특별시,11,마포구,11440,제주특별자치도,50,0,0,0,0,0,0,0,0,0,0,0
20181111,서울특별시,11,마포구,11440,경상남도,48,0,0,0,0,6,0,200,179,0,0,0
20181111,서울특별시,11,마포구,11440,경상북도,47,3,0,0,0,8,0,175,141,0,0,0
20181111,서울특별시,11,마포구,11440,전라남도,46,0,0,0,0,5,0,78,66,0,0,0
20181111,서울특별시,11,마포구,11440,전라북도,45,0,0,0,0,7,0,107,85,0,0,0
20181111,서울특별시,11,마포구,11440,충청남도,44,0,0,0,0,11,0,181,136,0,0,0
20181111,서울특별시,11,마포구,11440,충청북도,43,0,0,0,0,3,0,114,95,0,0,0
20181111,서울특별시,11,마포구,11440,강원도,42,0,0,0,0,5,0,111,117,0,0,0
20181111,서울특별시,11,마포구,11440,경기도,41,16,0,0,0,42,0,1016,818,0,0,0
20181111,서울특별시,11,마포구,11440,세종특별자치시,36,0,0,0,0,0,0,38,20,0,0,0
20181111,서울특별시,11,마포구,11440,울산광역시,31,0,0,0,0,3,0,81,59,0,0,0
20181111,서울특별시,11,용산구,11170,서울특별시,11,0,81,0,5,0,0,13,0,0,0,0
20181111,서울특별시,11,용산구,11170,부산광역시,26,0,6,0,0,0,0,0,0,0,0,0
20181111,서울특별시,11,용산구,11170,대구광역시,27,0,0,0,0,0,0,0,0,0,0,0
20181111,서울특별시,11,용산구,11170,인천광역시,28,0,3,0,0,0,0,0,0,0,0,0
20181111,서울특별시,11,용산구,11170,대전광역시,30,0,6,0,0,0,0,0,0,0,0,0
20181111,서울특별시,11,용산구,11170,경기도,41,0,43,3,3,0,0,0,0,0,0,0
20181111,서울특별시,11,용산구,11170,강원도,42,0,0,0,0,0,0,0,0,0,0,0
20181111,서울특별시,11,용산구,11170,충청북도,43,3,0,0,0,0,0,0,0,0,0,0
20181111,서울특별시,11,용산구,11170,충청남도,44,0,3,0,0,0,0,0,0,0,0,0
20181111,서울특별시,11,용산구,11170,전라북도,45,0,0,0,0,0,0,0,0,0,0,0
20181111,서울특별시,11,용산구,11170,전라남도,46,0,0,0,0,0,0,0,0,0,0,0
20181111,서울특별시,11,용산구,11170,경상북도,47,0,0,0,0,0,0,0,0,0,0,0
20181111,서울특별시,11,용산구,11170,경상남도,48,0,4,0,0,0,0,0,0,0,0,0
20181111,서울특별시,11,용산구,11170,제주특별자치도,50,0,0,0,0,0,0,0,0,0,0,0
20181111,서울특별시,11,마포구,11440,대전광역시,30,0,0,0,0,6,0,155,100,0,0,0
20181111,서울특별시,11,마포구,11440,광주광역시,29,0,0,0,0,4,0,123,112,0,0,0
20181111,서울특별시,11,마포구,11440,인천광역시,28,6,0,0,0,9,0,263,207,0,0,0
20181111,서울특별시,11,마포구,11440,대구광역시,27,0,0,0,0,10,0,209,133,0,0,0
20181111,서울특별시,11,마포구,11440,부산광역시,26,0,0,0,0,11,0,253,204,0,0,0
20181111,서울특별시,11,마포구,11440,서울특별시,11,58,0,0,0,39,0,1006,640,0,0,0
20181111,서울특별시,11,금천구,11545,서울특별시,11,69,29,0,28,54,0,1054,11,11,11,5
20181111,서울특별시,11,금천구,11545,부산광역시,26,0,0,0,0,0,0,4,0,0,0,0
20181111,서울특별시,11,금천구,11545,대구광역시,27,0,0,0,0,0,0,168,0,0,0,0
20181111,서울특별시,11,금천구,11545,인천광역시,28,0,0,0,0,0,0,244,0,0,0,0
20181111,서울특별시,11,금천구,11545,광주광역시,29,0,0,0,0,0,0,0,0,0,0,0
20181111,서울특별시,11,금천구,11545,대전광역시,30,0,0,0,4,0,0,125,0,0,0,0
20181111,서울특별시,11,금천구,11545,세종특별자치시,36,0,0,0,0,0,0,46,0,0,0,0
20181111,서울특별시,11,금천구,11545,경기도,41,19,30,0,22,40,0,1157,6,13,3,7
20181111,서울특별시,11,금천구,11545,강원도,42,0,0,0,0,0,0,75,0,0,0,0
20181111,서울특별시,11,금천구,11545,충청북도,43,0,0,0,0,0,0,81,0,0,0,0
20181111,서울특별시,11,금천구,11545,충청남도,44,0,0,0,0,0,0,122,0,0,0,0
20181111,서울특별시,11,금천구,11545,전라북도,45,0,0,0,0,0,0,90,0,0,0,0
20181111,서울특별시,11,금천구,11545,전라남도,46,0,0,0,0,0,0,4,0,0,0,0
20181111,서울특별시,11,금천구,11545,경상북도,47,0,0,0,0,0,0,54,0,0,0,0
20181111,서울특별시,11,금천구,11545,경상남도,48,0,0,0,0,0,0,7,0,0,0,0
20181111,서울특별시,11,강동구,11740,제주특별자치도,50,0,0,0,0,0,0,0,0,3,0,0
20181111,서울특별시,11,강동구,11740,경상남도,48,0,0,0,0,9,0,8,0,42,0,0
20181111,서울특별시,11,강동구,11740,경상북도,47,3,0,0,0,9,0,6,3,38,0,0
20181111,서울특별시,11,강동구,11740,전라남도,46,0,0,0,0,9,0,11,0,15,0,0
20181111,서울특별시,11,강동구,11740,전라북도,45,0,0,0,0,0,0,0,0,18,0,0
20181111,서울특별시,11,강동구,11740,충청남도,44,0,0,0,0,0,0,0,0,28,0,0
20181111,서울특별시,11,강동구,11740,충청북도,43,0,0,0,0,0,0,0,0,27,0,0
20181111,서울특별시,11,강동구,11740,강원도,42,0,0,0,0,0,0,0,0,19,0,0
20181111,서울특별시,11,강동구,11740,경기도,41,0,0,0,5,3,6,5,0,170,0,0
20181111,서울특별시,11,강동구,11740,세종특별자치시,36,0,0,0,0,0,0,0,0,5,0,0
20181111,서울특별시,11,강동구,11740,울산광역시,31,0,0,0,0,9,0,0,0,14,0,0
20181111,서울특별시,11,강동구,11740,대전광역시,30,0,0,0,0,0,0,0,0,23,0,0
20181111,서울특별시,11,강동구,11740,광주광역시,29,0,0,0,0,5,0,0,0,12,0,0
20181111,서울특별시,11,강동구,11740,인천광역시,28,0,0,0,0,0,0,0,0,44,0,0
20181111,서울특별시,11,강동구,11740,대구광역시,27,0,0,0,0,0,0,0,0,32,0,0
20181111,서울특별시,11,강동구,11740,부산광역시,26,6,0,0,0,14,3,14,3,33,0,0
20181111,서울특별시,11,강동구,11740,서울특별시,11,0,0,0,5,0,0,23,0,123,0,0
20181111,서울특별시,11,성동구,11200,서울특별시,11,0,77,0,0,0,0,18,0,0,0,0
20181111,서울특별시,11,성동구,11200,부산광역시,26,0,0,0,0,0,0,0,0,0,0,0
20181111,서울특별시,11,성동구,11200,인천광역시,28,0,21,0,0,0,0,0,0,0,0,0
20181111,서울특별시,11,성동구,11200,대전광역시,30,0,0,0,0,0,0,0,0,0,0,0
20181111,서울특별시,11,성동구,11200,울산광역시,31,0,0,0,0,0,0,0,0,0,0,0
20181111,서울특별시,11,성동구,11200,세종특별자치시,36,0,3,0,0,0,0,0,0,0,0,0
20181111,서울특별시,11,성동구,11200,경기도,41,0,29,0,0,0,0,0,0,0,0,0
20181111,서울특별시,11,성동구,11200,강원도,42,0,0,0,0,0,0,0,0,0,0,0
20181111,서울특별시,11,성동구,11200,충청북도,43,0,0,0,0,0,0,0,0,0,0,0
20181111,서울특별시,11,성동구,11200,충청남도,44,0,0,0,0,0,0,0,0,0,0,0
20181111,서울특별시,11,성동구,11200,전라남도,46,0,0,0,0,0,0,0,0,0,0,0
20181111,서울특별시,11,성동구,11200,경상북도,47,0,0,0,0,0,0,0,0,0,0,0
20181111,서울특별시,11,성동구,11200,경상남도,48,0,0,0,0,0,0,0,0,0,0,0
20181111,서울특별시,11,성동구,11200,제주특별자치도,50,0,0,0,0,0,0,0,0,0,0,0
20181111,서울특별시,11,영등포구,11560,경상남도,48,0,0,0,0,0,0,0,0,0,0,0
20181111,서울특별시,11,영등포구,11560,충청남도,44,0,0,0,0,0,0,0,0,0,0,0
20181111,서울특별시,11,영등포구,11560,충청북도,43,0,0,0,0,0,0,3,0,0,0,0
20181111,서울특별시,11,영등포구,11560,강원도,42,0,0,0,0,0,0,0,0,0,0,0
20181111,서울특별시,11,영등포구,11560,경기도,41,0,0,0,0,0,0,70,0,0,0,0
20181111,서울특별시,11,영등포구,11560,울산광역시,31,0,0,0,0,0,0,0,0,0,0,0
20181111,서울특별시,11,영등포구,11560,인천광역시,28,0,0,0,0,0,0,0,0,0,0,0
20181111,서울특별시,11,영등포구,11560,대구광역시,27,0,0,0,0,0,0,0,0,0,0,0
20181111,서울특별시,11,영등포구,11560,서울특별시,11,0,4,0,0,0,0,29,0,0,0,0
20181111,서울특별시,11,동대문구,11230,경상남도,48,0,0,0,0,0,0,0,0,4,0,0
20181111,서울특별시,11,동대문구,11230,경상북도,47,5,0,0,0,0,0,0,0,0,0,0
20181111,서울특별시,11,동대문구,11230,전라남도,46,0,0,0,0,0,0,0,0,0,0,0
20181111,서울특별시,11,동대문구,11230,전라북도,45,0,0,0,0,0,0,0,0,0,0,0
20181111,서울특별시,11,동대문구,11230,충청남도,44,0,0,0,0,0,0,0,0,10,0,0
20181111,서울특별시,11,동대문구,11230,충청북도,43,0,0,0,0,0,0,0,0,15,0,0
20181111,서울특별시,11,동대문구,11230,강원도,42,0,0,0,0,0,0,0,0,19,0,0
20181111,서울특별시,11,동대문구,11230,경기도,41,0,0,0,0,0,0,3,0,124,5,0
20181111,서울특별시,11,동대문구,11230,울산광역시,31,0,0,0,0,0,0,0,0,0,0,0
20181111,서울특별시,11,동대문구,11230,대전광역시,30,0,0,0,0,0,0,3,0,18,0,0
20181111,서울특별시,11,동대문구,11230,광주광역시,29,0,0,0,0,0,0,0,0,0,0,0
20181111,서울특별시,11,동대문구,11230,인천광역시,28,0,0,0,0,0,0,0,0,9,0,0
20181111,서울특별시,11,동대문구,11230,대구광역시,27,0,0,0,0,0,0,0,0,0,0,0
20181111,서울특별시,11,동대문구,11230,부산광역시,26,0,0,0,0,0,0,0,0,3,0,0
20181111,서울특별시,11,동대문구,11230,서울특별시,11,0,7,0,3,0,0,23,0,34,6,0
20181111,서울특별시,11,광진구,11215,경상남도,48,0,0,0,0,0,0,0,0,0,0,0
20181111,서울특별시,11,광진구,11215,경상북도,47,0,0,0,0,0,0,0,0,0,0,0
20181111,서울특별시,11,광진구,11215,전라남도,46,0,0,0,0,0,0,0,0,0,0,0
20181111,서울특별시,11,광진구,11215,전라북도,45,0,0,0,0,0,0,0,0,0,0,0
20181111,서울특별시,11,광진구,11215,충청남도,44,0,0,0,0,0,0,0,0,0,0,0
20181111,서울특별시,11,광진구,11215,충청북도,43,0,0,0,0,0,0,0,0,0,0,0
20181111,서울특별시,11,광진구,11215,강원도,42,0,0,0,0,0,0,0,0,0,0,0
20181111,서울특별시,11,광진구,11215,경기도,41,0,3,0,0,0,0,40,0,0,0,0
20181111,서울특별시,11,광진구,11215,인천광역시,28,0,0,0,0,0,0,0,0,0,0,0
20181111,서울특별시,11,광진구,11215,부산광역시,26,0,0,0,0,0,0,0,0,0,0,0
20181111,서울특별시,11,광진구,11215,서울특별시,11,0,0,0,0,0,0,167,0,0,0,0
20181111,서울특별시,11,중구,11140,서울특별시,11,0,81,0,0,13,0,8,0,0,0,0
20181111,서울특별시,11,중구,11140,부산광역시,26,0,6,0,0,9,0,0,0,0,0,0
20181111,서울특별시,11,중구,11140,대구광역시,27,0,4,0,0,0,0,0,0,0,0,0
20181111,서울특별시,11,중구,11140,인천광역시,28,0,6,0,0,0,0,0,0,0,0,0
20181111,서울특별시,11,중구,11140,광주광역시,29,0,5,0,0,4,0,0,0,0,0,0
20181111,서울특별시,11,중구,11140,대전광역시,30,0,3,0,0,0,0,4,0,0,0,0
20181111,서울특별시,11,중구,11140,울산광역시,31,0,5,0,0,0,0,0,0,0,0,0
20181111,서울특별시,11,중구,11140,경기도,41,0,31,0,0,9,0,0,0,0,4,0
20181111,서울특별시,11,중구,11140,강원도,42,0,4,0,0,0,0,0,0,0,0,0
20181111,서울특별시,11,중구,11140,충청북도,43,0,4,0,0,0,0,0,0,0,0,0
20181111,서울특별시,11,중구,11140,충청남도,44,0,7,0,0,0,0,0,0,0,0,0
20181111,서울특별시,11,중구,11140,전라북도,45,0,3,0,0,0,0,0,0,0,0,0
20181111,서울특별시,11,중구,11140,전라남도,46,0,0,0,0,0,0,0,0,0,0,0
20181111,서울특별시,11,중구,11140,경상북도,47,0,7,0,0,0,0,0,0,0,0,4
20181111,서울특별시,11,중구,11140,경상남도,48,0,6,0,0,4,0,0,0,0,0,0
20181111,서울특별시,11,관악구,11620,서울특별시,11,0,0,0,0,0,0,29,0,0,0,0
20181111,서울특별시,11,성북구,11290,제주특별자치도,50,0,30,0,4,3,0,6,0,24,39,10
20181111,서울특별시,11,성북구,11290,경상남도,48,5,153,4,23,15,6,11,9,150,209,132
20181111,서울특별시,11,성북구,11290,경상북도,47,5,126,0,49,24,4,11,6,96,126,85
20181111,서울특별시,11,성북구,11290,전라남도,46,0,64,0,12,10,4,7,4,66,89,36
20181111,서울특별시,11,성북구,11290,전라북도,45,0,73,0,65,10,6,4,5,53,90,57
20181111,서울특별시,11,성북구,11290,충청남도,44,0,115,3,34,30,6,6,8,94,117,94
20181111,서울특별시,11,성북구,11290,충청북도,43,4,77,0,51,22,9,4,5,66,90,63
20181111,서울특별시,11,성북구,11290,강원도,42,0,65,0,34,8,6,0,5,44,79,52
20181111,서울특별시,11,성북구,11290,경기도,41,18,857,18,645,150,46,170,67,641,937,833
20181111,서울특별시,11,성북구,11290,세종특별자치시,36,0,29,0,34,8,0,0,0,27,23,23
20181111,서울특별시,11,성북구,11290,울산광역시,31,0,63,3,9,14,3,5,0,59,81,47
20181111,서울특별시,11,성북구,11290,대전광역시,30,0,90,0,54,12,10,7,4,80,105,95
20181111,서울특별시,11,성북구,11290,광주광역시,29,0,90,0,13,15,6,9,6,102,105,54
20181111,서울특별시,11,성북구,11290,인천광역시,28,5,190,7,128,31,7,29,12,129,150,105
20181111,서울특별시,11,성북구,11290,대구광역시,27,6,128,3,181,28,9,13,7,112,127,110
20181111,서울특별시,11,성북구,11290,부산광역시,26,3,208,7,33,32,7,16,13,182,216,114
20181111,서울특별시,11,성북구,11290,서울특별시,11,17,807,27,450,128,39,111,50,595,788,715
20181111,서울특별시,11,양천구,11470,서울특별시,11,0,0,0,0,0,0,17,0,0,0,0
20181111,서울특별시,11,양천구,11470,대전광역시,30,0,0,0,0,0,0,0,0,0,0,0
20181111,서울특별시,11,양천구,11470,경기도,41,0,0,0,0,7,0,0,0,0,0,0
20181111,서울특별시,11,양천구,11470,충청남도,44,0,0,0,0,0,0,0,0,0,0,0
20181111,서울특별시,11,양천구,11470,경상남도,48,0,0,0,0,0,0,0,0,0,0,0
20181111,서울특별시,11,관악구,11620,인천광역시,28,0,0,0,0,0,0,0,0,0,0,0
20181111,서울특별시,11,관악구,11620,경기도,41,0,3,0,0,0,0,0,0,0,0,0
20181111,서울특별시,11,관악구,11620,충청남도,44,0,0,0,0,0,0,0,0,0,0,0
20181112,서울특별시,11,송파구,11710,제주특별자치도,50,3,113,6,48,48,11,66,6,200,47,67
20181112,서울특별시,11,종로구,11110,경기도,41,459,1469,315,570,1099,157,606,379,2396,2297,262
20181112,서울특별시,11,종로구,11110,세종특별자치시,36,11,30,9,11,43,0,11,17,77,74,4
20181112,서울특별시,11,종로구,11110,울산광역시,31,31,110,18,53,81,6,16,35,161,185,16
20181112,서울특별시,11,종로구,11110,대전광역시,30,42,157,31,49,105,10,29,46,249,243,31
20181112,서울특별시,11,종로구,11110,광주광역시,29,50,149,26,65,108,15,29,37,266,271,18
20181112,서울특별시,11,종로구,11110,인천광역시,28,75,287,59,124,204,22,83,78,478,517,61
20181112,서울특별시,11,종로구,11110,대구광역시,27,76,223,38,70,173,31,42,59,398,342,56
20181112,서울특별시,11,종로구,11110,부산광역시,26,95,278,58,100,250,25,72,73,563,452,77
20181112,서울특별시,11,종로구,11110,서울특별시,11,347,1333,387,502,901,126,354,305,1794,1678,301
20181112,서울특별시,11,은평구,11380,서울특별시,11,228,1407,223,716,1361,391,952,134,1964,780,1302
20181112,서울특별시,11,은평구,11380,부산광역시,26,48,454,74,134,387,127,276,30,539,235,422
20181112,서울특별시,11,은평구,11380,대구광역시,27,36,275,29,113,295,78,162,29,421,161,282
20181112,서울특별시,11,은평구,11380,인천광역시,28,60,368,61,149,418,112,232,41,550,246,386
20181112,서울특별시,11,은평구,11380,광주광역시,29,16,180,39,59,156,57,95,16,296,83,178
20181112,서울특별시,11,은평구,11380,대전광역시,30,30,216,23,84,187,51,126,13,285,98,192
20181112,서울특별시,11,은평구,11380,울산광역시,31,18,131,20,61,120,47,67,11,186,75,129
20181112,서울특별시,11,은평구,11380,세종특별자치시,36,7,46,6,20,63,14,28,8,62,19,36
20181112,서울특별시,11,은평구,11380,경기도,41,262,1857,296,823,1793,517,1047,186,2840,1039,1664
20181112,서울특별시,11,은평구,11380,강원도,42,21,167,30,70,179,58,94,12,278,98,177
20181112,서울특별시,11,은평구,11380,충청북도,43,31,189,33,73,207,47,115,25,309,122,198
20181112,서울특별시,11,은평구,11380,충청남도,44,37,233,50,103,276,76,116,30,404,178,300
20181112,서울특별시,11,은평구,11380,전라북도,45,23,187,32,69,157,60,120,13,281,142,188
20181112,서울특별시,11,은평구,11380,전라남도,46,36,184,44,65,155,46,94,15,284,100,168
20181112,서울특별시,11,은평구,11380,경상북도,47,45,313,50,114,283,88,136,38,415,178,291
20181112,서울특별시,11,은평구,11380,경상남도,48,58,410,81,162,343,111,219,46,556,238,360
20181112,서울특별시,11,은평구,11380,제주특별자치도,50,7,32,4,15,30,30,28,0,61,41,42
20181112,서울특별시,11,서초구,11650,제주특별자치도,50,18,87,19,39,61,5,71,6,56,48,37
20181112,서울특별시,11,서초구,11650,경상남도,48,111,540,68,415,612,51,491,65,323,276,240
20181112,서울특별시,11,서초구,11650,경상북도,47,59,456,64,289,520,34,316,42,245,230,183
20181112,서울특별시,11,서초구,11650,전라남도,46,42,259,44,193,351,18,229,36,151,143,117
20181112,서울특별시,11,서초구,11650,전라북도,45,30,280,55,214,352,26,212,26,176,158,103
20181112,서울특별시,11,서초구,11650,충청남도,44,63,429,67,290,461,35,283,46,227,212,174
20181112,서울특별시,11,서초구,11650,충청북도,43,57,318,55,233,341,32,219,42,215,157,119
20181112,서울특별시,11,서초구,11650,강원도,42,48,305,48,195,325,29,230,40,137,195,112
20181112,서울특별시,11,서초구,11650,경기도,41,437,3663,480,1836,3178,305,2235,361,2348,1482,1103
20181112,서울특별시,11,서초구,11650,세종특별자치시,36,16,74,11,42,94,0,46,9,40,25,31
20181112,서울특별시,11,서초구,11650,울산광역시,31,20,185,23,149,209,20,167,31,110,110,83
20181112,서울특별시,11,서초구,11650,대전광역시,30,45,388,53,218,351,25,228,48,191,163,117
20181112,서울특별시,11,서초구,11650,광주광역시,29,39,286,62,192,348,24,218,35,179,168,105
20181112,서울특별시,11,서초구,11650,인천광역시,28,94,623,92,373,668,48,490,70,379,339,247
20181112,서울특별시,11,강서구,11500,제주특별자치도,50,13,104,18,48,115,25,147,15,155,71,91
20181112,서울특별시,11,강서구,11500,경상남도,48,111,663,94,425,876,118,1118,151,1018,513,920
20181112,서울특별시,11,강서구,11500,경상북도,47,104,520,69,311,699,78,769,132,714,436,678
20181112,서울특별시,11,강서구,11500,전라남도,46,51,334,52,244,425,36,457,66,446,263,426
20181112,서울특별시,11,강서구,11500,전라북도,45,45,358,47,249,447,46,525,82,522,269,457
20181112,서울특별시,11,강서구,11500,충청남도,44,76,461,53,296,697,84,695,134,656,385,611
20181112,서울특별시,11,강서구,11500,충청북도,43,62,370,56,236,466,41,506,92,511,289,416
20181112,서울특별시,11,강서구,11500,강원도,42,37,333,48,178,433,31,482,68,480,238,386
20181112,서울특별시,11,강서구,11500,경기도,41,526,3520,435,2393,4426,414,5241,759,4762,2492,4208
20181112,서울특별시,11,강서구,11500,세종특별자치시,36,17,93,4,53,110,3,109,27,92,57,83
20181112,서울특별시,11,강서구,11500,울산광역시,31,37,252,26,149,326,31,385,52,335,190,340
20181112,서울특별시,11,강서구,11500,대전광역시,30,53,383,63,246,495,37,581,102,472,281,454
20181112,서울특별시,11,강서구,11500,광주광역시,29,60,351,68,235,438,36,503,79,508,300,447
20181112,서울특별시,11,강서구,11500,인천광역시,28,123,768,85,495,967,77,1141,149,1015,555,937
20181112,서울특별시,11,강서구,11500,대구광역시,27,66,575,77,310,661,51,900,108,745,445,677
20181112,서울특별시,11,강서구,11500,부산광역시,26,103,798,102,459,949,101,1387,181,983,635,998
20181112,서울특별시,11,강서구,11500,서울특별시,11,395,3076,408,1958,3390,312,4659,570,3427,1977,3304
20181112,서울특별시,11,서초구,11650,대구광역시,27,55,483,78,309,503,30,341,48,308,227,213
20181112,서울특별시,11,서초구,11650,부산광역시,26,70,708,99,417,639,45,520,73,354,354,259
20181112,서울특별시,11,서초구,11650,서울특별시,11,355,3287,559,1626,2421,201,2105,251,1790,1231,991
20181112,서울특별시,11,노원구,11350,제주특별자치도,50,14,45,0,15,23,3,14,8,102,14,6
20181112,서울특별시,11,노원구,11350,경상남도,48,82,328,23,63,206,28,102,55,564,119,131
20181112,서울특별시,11,노원구,11350,경상북도,47,76,265,14,44,192,25,66,38,400,124,86
20181112,서울특별시,11,노원구,11350,전라남도,46,30,151,9,19,93,16,54,21,259,64,60
20181112,서울특별시,11,노원구,11350,전라북도,45,37,189,16,34,99,17,52,25,328,66,52
20181112,서울특별시,11,노원구,11350,충청남도,44,59,258,11,57,171,22,87,36,432,99,84
20181112,서울특별시,11,노원구,11350,충청북도,43,46,188,19,41,132,13,57,34,364,64,65
20181112,서울특별시,11,노원구,11350,강원도,42,32,155,9,32,102,11,35,21,255,61,62
20181112,서울특별시,11,노원구,11350,경기도,41,462,1805,103,540,1050,162,495,268,3090,756,552
20181112,서울특별시,11,노원구,11350,세종특별자치시,36,5,60,5,7,27,0,12,9,64,18,17
20181112,서울특별시,11,노원구,11350,울산광역시,31,18,119,9,17,78,8,26,16,220,42,44
20181112,서울특별시,11,노원구,11350,대전광역시,30,38,211,13,56,114,20,58,16,310,79,63
20181112,서울특별시,11,노원구,11350,광주광역시,29,41,171,11,34,94,15,40,25,331,80,49
20181112,서울특별시,11,노원구,11350,인천광역시,28,90,439,35,90,205,32,108,50,575,150,118
20181112,서울특별시,11,성동구,11200,강원도,42,26,309,24,129,177,53,146,36,355,132,86
20181112,서울특별시,11,성동구,11200,충청북도,43,17,320,45,121,240,49,151,40,487,143,89
20181112,서울특별시,11,성동구,11200,충청남도,44,26,441,44,168,266,75,198,64,572,178,101
20181112,서울특별시,11,성동구,11200,전라북도,45,20,305,43,123,200,51,153,59,472,131,98
20181112,서울특별시,11,성동구,11200,전라남도,46,19,269,53,90,192,60,134,65,326,112,82
20181112,서울특별시,11,성동구,11200,경상북도,47,23,426,74,175,281,78,230,114,591,188,129
20181112,서울특별시,11,성동구,11200,경상남도,48,44,584,106,235,346,94,283,142,825,273,147
20181112,서울특별시,11,성동구,11200,제주특별자치도,50,6,138,11,39,77,19,33,12,166,62,26
20181112,서울특별시,11,노원구,11350,대구광역시,27,59,260,18,68,146,27,59,35,433,125,91
20181112,서울특별시,11,성북구,11290,서울특별시,11,417,5124,276,2767,3459,712,2064,749,17776,7707,4328
20181112,서울특별시,11,성북구,11290,부산광역시,26,111,1409,70,759,1001,205,584,261,5365,2111,1276
20181112,서울특별시,11,성북구,11290,대구광역시,27,75,1086,126,472,653,144,378,198,4011,1547,871
20181112,서울특별시,11,성북구,11290,인천광역시,28,137,1400,39,696,920,219,518,283,5673,2166,1159
20181112,서울특별시,11,성북구,11290,광주광역시,29,54,698,77,379,433,103,271,104,2811,1266,533
20181112,서울특별시,11,성북구,11290,대전광역시,30,61,621,61,369,462,99,254,120,2810,1107,557
20181112,서울특별시,11,성북구,11290,울산광역시,31,49,498,55,244,349,83,177,93,1888,742,429
20181112,서울특별시,11,성북구,11290,세종특별자치시,36,20,156,8,100,140,28,55,39,662,256,120
20181112,서울특별시,11,성북구,11290,경기도,41,622,6067,286,3525,4572,1029,2492,1140,23931,9493,5265
20181112,서울특별시,11,성북구,11290,강원도,42,68,605,29,387,397,106,245,111,2552,971,467
20181112,서울특별시,11,성북구,11290,충청북도,43,63,612,21,401,441,126,261,135,2700,991,548
20181112,서울특별시,11,성북구,11290,충청남도,44,103,951,35,589,691,141,356,216,3767,1458,775
20181112,서울특별시,11,성북구,11290,전라북도,45,57,669,25,393,525,113,252,109,3076,1013,612
20181112,서울특별시,11,성북구,11290,전라남도,46,60,594,24,367,402,113,250,96,2536,954,518
20181112,서울특별시,11,성북구,11290,경상북도,47,100,1027,98,584,717,180,374,186,3970,1568,878
20181112,서울특별시,11,성북구,11290,경상남도,48,124,1341,74,798,908,227,518,232,5275,2051,1124
20181112,서울특별시,11,성북구,11290,제주특별자치도,50,18,184,28,104,104,41,48,33,902,332,117
20181112,서울특별시,11,송파구,11710,서울특별시,11,166,2598,174,1308,1852,268,2381,206,5273,1228,1918
20181112,서울특별시,11,송파구,11710,부산광역시,26,42,683,26,355,448,53,509,76,1378,297,519
20181112,서울특별시,11,송파구,11710,대구광역시,27,38,473,28,251,336,48,426,60,986,202,357
20181112,서울특별시,11,송파구,11710,인천광역시,28,32,670,22,319,548,70,573,52,1309,263,447
20181112,서울특별시,11,송파구,11710,광주광역시,29,25,335,16,144,207,42,231,43,729,149,245
20181112,서울특별시,11,송파구,11710,대전광역시,30,12,283,15,175,235,39,237,29,1025,155,249
20181112,서울특별시,11,송파구,11710,울산광역시,31,12,221,4,127,155,27,177,30,456,96,169
20181112,서울특별시,11,송파구,11710,세종특별자치시,36,6,70,0,41,67,8,44,9,183,34,58
20181112,서울특별시,11,송파구,11710,경기도,41,219,3075,158,1488,2371,300,2633,299,6656,1392,2180
20181112,서울특별시,11,송파구,11710,강원도,42,23,318,8,138,221,21,223,29,588,132,213
20181112,서울특별시,11,송파구,11710,충청북도,43,15,330,31,159,233,31,235,42,771,151,202
20181112,서울특별시,11,송파구,11710,충청남도,44,19,459,25,219,323,37,315,45,946,183,313
20181112,서울특별시,11,송파구,11710,전라북도,45,19,335,13,168,232,25,228,29,681,170,237
20181112,서울특별시,11,송파구,11710,전라남도,46,20,308,23,146,218,23,228,30,605,98,228
20181112,서울특별시,11,송파구,11710,경상북도,47,33,448,22,239,308,57,328,42,951,183,358
20181112,서울특별시,11,송파구,11710,경상남도,48,37,572,32,300,472,51,441,66,1208,273,477
20181112,서울특별시,11,마포구,11440,세종특별자치시,36,8,104,25,71,103,0,98,18,81,68,23
20181112,서울특별시,11,마포구,11440,전라남도,46,25,372,57,211,330,22,589,91,271,246,82
20181112,서울특별시,11,마포구,11440,전라북도,45,20,392,70,235,400,17,679,77,352,306,110
20181112,서울특별시,11,마포구,11440,충청남도,44,39,530,101,340,865,30,864,106,471,391,115
20181112,서울특별시,11,구로구,11530,제주특별자치도,50,15,87,9,52,106,8,91,13,78,22,61
20181112,서울특별시,11,구로구,11530,경상남도,48,83,598,36,256,742,94,607,81,616,189,432
20181112,서울특별시,11,구로구,11530,경상북도,47,70,461,30,186,595,67,414,61,445,133,362
20181112,서울특별시,11,구로구,11530,전라남도,46,49,264,16,127,311,47,275,40,289,74,192
20181112,서울특별시,11,구로구,11530,전라북도,45,40,314,24,131,331,42,290,39,308,99,211
20181112,서울특별시,11,구로구,11530,충청남도,44,52,466,24,181,501,69,392,69,442,136,307
20181112,서울특별시,11,구로구,11530,충청북도,43,44,315,24,146,353,40,304,60,349,111,196
20181112,서울특별시,11,구로구,11530,강원도,42,40,301,21,107,341,42,276,44,306,91,188
20181112,서울특별시,11,구로구,11530,경기도,41,370,3016,164,1273,3498,450,2430,458,3166,966,1919
20181112,서울특별시,11,구로구,11530,세종특별자치시,36,12,79,6,32,83,4,59,11,79,17,41
20181112,서울특별시,11,구로구,11530,울산광역시,31,39,194,20,105,277,37,221,31,219,66,183
20181112,서울특별시,11,구로구,11530,대전광역시,30,40,303,14,143,371,45,278,32,322,97,211
20181112,서울특별시,11,구로구,11530,광주광역시,29,30,306,19,148,381,44,260,38,296,104,230
20181112,서울특별시,11,구로구,11530,인천광역시,28,74,688,35,273,695,101,536,100,728,191,465
20181112,서울특별시,11,구로구,11530,대구광역시,27,57,457,37,200,501,52,424,57,471,134,332
20181112,서울특별시,11,구로구,11530,부산광역시,26,69,697,42,295,807,95,651,91,581,216,491
20181112,서울특별시,11,구로구,11530,서울특별시,11,264,2662,150,1059,2686,292,1930,379,2455,686,1631
20181112,서울특별시,11,마포구,11440,충청북도,43,24,411,73,233,373,10,630,74,349,332,86
20181112,서울특별시,11,마포구,11440,강원도,42,23,424,86,178,398,17,575,65,327,290,90
20181112,서울특별시,11,마포구,11440,경기도,41,291,4044,807,2441,4315,207,4928,588,3528,2925,1004
20181112,서울특별시,11,마포구,11440,광주광역시,29,27,411,102,229,417,18,649,57,365,364,91
20181112,서울특별시,11,마포구,11440,대전광역시,30,30,413,98,255,444,22,624,68,380,320,100
20181112,서울특별시,11,노원구,11350,부산광역시,26,81,338,24,70,201,37,86,46,571,170,130
20181112,서울특별시,11,노원구,11350,서울특별시,11,323,1497,130,431,870,102,412,177,2267,592,412
20181112,서울특별시,11,광진구,11215,제주특별자치도,50,16,63,4,49,39,13,28,4,102,60,38
20181112,서울특별시,11,광진구,11215,경상남도,48,67,371,18,419,463,95,154,85,641,244,228
20181112,서울특별시,11,광진구,11215,경상북도,47,50,269,14,331,380,70,103,83,446,186,154
20181112,서울특별시,11,광진구,11215,전라남도,46,27,179,12,178,217,40,87,36,284,141,130
20181112,서울특별시,11,광진구,11215,전라북도,45,39,174,19,216,216,41,86,43,346,146,145
20181112,서울특별시,11,광진구,11215,충청남도,44,42,267,23,347,292,73,114,47,467,217,155
20181112,서울특별시,11,서대문구,11410,울산광역시,31,5,46,0,18,181,6,72,12,169,39,78
20181112,서울특별시,11,서대문구,11410,대전광역시,30,14,103,5,25,263,8,104,15,253,41,96
20181112,서울특별시,11,서대문구,11410,광주광역시,29,12,88,10,28,253,9,97,19,233,59,84
20181112,서울특별시,11,서대문구,11410,인천광역시,28,24,203,17,61,577,17,210,44,467,93,241
20181112,서울특별시,11,서대문구,11410,대구광역시,27,29,121,0,39,369,5,150,24,368,56,138
20181112,서울특별시,11,서대문구,11410,부산광역시,26,10,190,5,68,544,6,222,37,470,127,195
20181112,서울특별시,11,서대문구,11410,서울특별시,11,79,952,102,258,1974,82,691,103,1840,368,712
20181112,서울특별시,11,양천구,11470,세종특별자치시,36,20,30,6,37,120,13,29,16,17,16,67
20181112,서울특별시,11,양천구,11470,울산광역시,31,56,101,10,115,301,49,70,56,83,60,213
20181112,서울특별시,11,양천구,11470,대전광역시,30,81,177,20,160,403,61,120,70,125,77,281
20181112,서울특별시,11,광진구,11215,충청북도,43,25,184,11,239,245,60,98,49,329,138,110
20181112,서울특별시,11,광진구,11215,강원도,42,43,194,16,218,219,44,80,35,267,149,88
20181112,서울특별시,11,광진구,11215,경기도,41,331,1821,162,2176,2301,382,828,377,3260,1453,1145
20181112,서울특별시,11,광진구,11215,세종특별자치시,36,9,43,7,46,70,10,20,12,68,33,28
20181112,서울특별시,11,광진구,11215,울산광역시,31,20,155,7,162,187,30,51,25,207,102,71
20181112,서울특별시,11,광진구,11215,대전광역시,30,46,192,18,215,260,39,68,33,313,142,124
20181112,서울특별시,11,광진구,11215,광주광역시,29,37,189,16,198,234,30,59,41,332,158,91
20181112,서울특별시,11,광진구,11215,인천광역시,28,59,390,21,436,457,79,148,63,663,309,234
20181112,서울특별시,11,광진구,11215,대구광역시,27,51,269,20,346,352,60,92,50,503,209,170
20181112,서울특별시,11,광진구,11215,부산광역시,26,69,333,29,461,481,75,167,80,620,294,276
20181112,서울특별시,11,광진구,11215,서울특별시,11,242,1458,145,1986,1729,268,660,243,2554,1111,1189
20181112,서울특별시,11,양천구,11470,광주광역시,29,80,150,8,160,465,67,114,76,115,81,295
20181112,서울특별시,11,양천구,11470,인천광역시,28,165,317,29,392,747,116,254,141,266,150,590
20181112,서울특별시,11,양천구,11470,대구광역시,27,121,246,19,242,564,73,190,125,197,122,460
20181112,서울특별시,11,양천구,11470,부산광역시,26,165,309,26,329,864,111,290,168,286,193,684
20181112,서울특별시,11,양천구,11470,서울특별시,11,809,1398,139,1425,2750,397,1038,445,1123,575,2468
20181112,서울특별시,11,서대문구,11410,세종특별자치시,36,0,26,0,4,68,0,20,5,51,11,15
20181112,서울특별시,11,강동구,11740,서울특별시,11,921,1668,348,649,2567,228,1863,192,2181,733,858
20181112,서울특별시,11,강동구,11740,부산광역시,26,217,408,96,138,658,82,454,62,561,214,268
20181112,서울특별시,11,강동구,11740,대구광역시,27,185,297,75,105,487,41,279,57,409,102,150
20181112,서울특별시,11,강동구,11740,인천광역시,28,227,359,110,175,673,58,424,56,634,159,188
20181112,서울특별시,11,강동구,11740,광주광역시,29,102,198,49,74,284,25,173,34,311,81,104
20181112,서울특별시,11,강동구,11740,대전광역시,30,140,183,45,82,321,26,226,24,263,83,118
20181112,서울특별시,11,강동구,11740,울산광역시,31,83,145,29,44,214,30,156,16,185,50,56
20181112,서울특별시,11,강동구,11740,세종특별자치시,36,37,37,23,17,77,8,45,0,54,10,17
20181112,서울특별시,11,강동구,11740,경기도,41,1082,1954,437,788,3127,263,1874,268,2992,819,977
20181112,서울특별시,11,강동구,11740,강원도,42,105,224,36,58,373,23,186,14,230,78,84
20181112,서울특별시,11,강동구,11740,충청북도,43,109,189,48,85,308,40,186,18,351,64,104
20181112,서울특별시,11,강동구,11740,충청남도,44,171,271,58,111,457,38,256,52,418,110,144
20181112,서울특별시,11,강동구,11740,전라북도,45,118,182,48,71,355,31,179,35,312,64,107
20181112,서울특별시,11,강동구,11740,전라남도,46,114,174,29,64,306,23,152,31,236,77,83
20181112,서울특별시,11,강동구,11740,경상북도,47,174,239,55,92,487,35,270,47,418,120,154
20181112,서울특별시,11,강동구,11740,경상남도,48,236,343,64,149,643,53,333,73,545,117,179
20181112,서울특별시,11,서대문구,11410,제주특별자치도,50,0,27,4,15,54,0,8,0,64,8,31
20181112,서울특별시,11,마포구,11440,경상북도,47,33,573,121,358,561,21,977,120,433,495,136
20181112,서울특별시,11,강동구,11740,제주특별자치도,50,28,38,8,24,58,16,44,6,91,26,21
20181112,서울특별시,11,영등포구,11560,서울특별시,11,115,2726,1551,4233,2049,189,2626,142,1645,695,1014
20181112,서울특별시,11,영등포구,11560,부산광역시,26,27,736,205,1148,554,50,822,57,396,174,338
20181112,서울특별시,11,영등포구,11560,대구광역시,27,24,559,181,770,451,22,550,33,306,104,248
20181112,서울특별시,11,영등포구,11560,인천광역시,28,40,715,277,1123,502,34,692,43,359,150,294
20181112,서울특별시,11,영등포구,11560,광주광역시,29,15,361,99,544,246,15,350,18,224,97,157
20181112,서울특별시,11,영등포구,11560,대전광역시,30,18,375,146,515,298,24,298,13,198,89,145
20181112,서울특별시,11,영등포구,11560,울산광역시,31,16,281,50,390,204,16,236,17,133,40,94
20181112,서울특별시,11,영등포구,11560,세종특별자치시,36,4,72,24,122,66,5,87,3,39,19,38
20181112,서울특별시,11,영등포구,11560,경기도,41,180,3298,1029,5116,2540,232,3059,171,2281,792,1356
20181112,서울특별시,11,영등포구,11560,강원도,42,19,356,106,556,244,22,333,15,173,76,151
20181112,서울특별시,11,영등포구,11560,충청북도,43,19,322,110,596,264,14,345,26,229,69,175
20181112,서울특별시,11,영등포구,11560,충청남도,44,26,529,138,775,396,31,501,33,258,108,228
20181112,서울특별시,11,마포구,11440,경상남도,48,57,767,163,437,714,33,1215,156,589,527,180
20181112,서울특별시,11,마포구,11440,제주특별자치도,50,7,119,21,44,107,9,110,23,114,107,23
20181112,서울특별시,11,강남구,11680,서울특별시,11,698,4056,345,1778,2599,253,2220,414,4994,2159,4355
20181112,서울특별시,11,강남구,11680,부산광역시,26,118,860,38,381,622,50,588,88,1077,546,1059
20181112,서울특별시,11,강남구,11680,대구광역시,27,95,605,37,276,447,49,438,65,876,390,740
20181112,서울특별시,11,동작구,11590,제주특별자치도,50,24,33,18,17,28,10,11,0,38,25,22
20181112,서울특별시,11,동작구,11590,경상남도,48,167,250,54,202,286,55,143,56,258,177,428
20181112,서울특별시,11,동작구,11590,경상북도,47,136,176,42,162,212,44,88,40,164,135,293
20181112,서울특별시,11,동작구,11590,전라남도,46,75,129,27,100,130,20,62,21,117,86,162
20181112,서울특별시,11,동작구,11590,전라북도,45,93,125,32,124,171,20,65,21,123,96,213
20181112,서울특별시,11,동작구,11590,충청남도,44,124,186,39,175,243,33,80,32,183,117,288
20181112,서울특별시,11,동작구,11590,충청북도,43,98,148,24,125,146,31,61,29,178,94,199
20181112,서울특별시,11,동작구,11590,강원도,42,91,121,24,111,120,33,55,19,117,86,171
20181112,서울특별시,11,동작구,11590,경기도,41,789,1401,282,1111,1398,275,579,242,1562,921,2040
20181112,서울특별시,11,동작구,11590,세종특별자치시,36,19,32,5,42,39,10,14,0,27,20,47
20181112,서울특별시,11,동작구,11590,울산광역시,31,52,89,18,75,89,30,41,24,75,77,161
20181112,서울특별시,11,동작구,11590,대전광역시,30,92,151,42,122,155,27,63,23,149,106,225
20181112,서울특별시,11,서대문구,11410,경기도,41,108,961,78,290,2673,106,798,175,2361,452,937
20181112,서울특별시,11,서대문구,11410,강원도,42,15,108,8,30,304,6,62,22,243,39,105
20181112,서울특별시,11,양천구,11470,전라남도,46,84,168,20,172,417,61,104,70,118,59,293
20181112,서울특별시,11,양천구,11470,경상북도,47,153,228,34,298,597,93,201,109,177,123,429
20181112,서울특별시,11,양천구,11470,경상남도,48,167,318,33,334,828,108,245,143,275,121,556
20181112,서울특별시,11,양천구,11470,제주특별자치도,50,19,36,5,41,72,18,22,13,35,24,75
20181112,서울특별시,11,양천구,11470,충청남도,44,129,211,22,266,604,78,188,113,188,116,427
20181112,서울특별시,11,양천구,11470,충청북도,43,91,155,22,178,439,73,139,87,194,69,263
20181112,서울특별시,11,양천구,11470,강원도,42,95,150,12,164,389,68,115,68,109,69,276
20181112,서울특별시,11,양천구,11470,경기도,41,805,1584,151,1763,3816,557,1304,644,1609,749,2722
20181112,서울특별시,11,서대문구,11410,충청북도,43,12,81,4,26,230,7,85,26,249,52,109
20181112,서울특별시,11,서대문구,11410,충청남도,44,12,147,11,32,425,7,141,29,345,76,167
20181112,서울특별시,11,서대문구,11410,전라북도,45,10,88,6,33,311,4,80,30,274,50,97
20181112,서울특별시,11,서대문구,11410,전라남도,46,11,115,3,24,254,4,88,23,246,44,104
20181112,서울특별시,11,서대문구,11410,경상북도,47,17,144,7,35,435,8,124,40,329,76,142
20181112,서울특별시,11,서대문구,11410,경상남도,48,22,182,9,38,526,14,200,60,448,92,199
20181112,서울특별시,11,동작구,11590,광주광역시,29,89,140,45,103,139,28,47,29,119,89,209
20181112,서울특별시,11,동작구,11590,인천광역시,28,171,308,57,231,285,49,122,26,252,172,502
20181112,서울특별시,11,동작구,11590,대구광역시,27,131,196,47,171,195,35,80,12,206,150,376
20181112,서울특별시,11,동작구,11590,부산광역시,26,175,286,68,235,298,48,168,43,279,232,471
20181112,서울특별시,11,동작구,11590,서울특별시,11,636,1215,336,936,1033,194,431,125,1286,652,1840
20181112,서울특별시,11,중구,11140,제주특별자치도,50,15,112,16,24,91,20,30,6,332,80,18
20181112,서울특별시,11,중구,11140,경상남도,48,83,620,78,97,610,164,229,63,1729,412,149
20181112,서울특별시,11,중구,11140,경상북도,47,58,473,56,113,478,96,143,39,1293,289,103
20181112,서울특별시,11,중구,11140,전라남도,46,31,325,39,75,264,69,130,20,834,202,70
20181112,서울특별시,11,중구,11140,전라북도,45,46,343,44,63,289,52,105,35,990,203,82
20181112,서울특별시,11,중구,11140,충청남도,44,73,417,62,96,459,76,164,30,1296,270,100
20181112,서울특별시,11,중구,11140,충청북도,43,46,317,50,58,330,52,127,34,935,224,64
20181112,서울특별시,11,중구,11140,강원도,42,36,313,37,60,338,43,93,26,860,196,46
20181112,서울특별시,11,성동구,11200,서울특별시,11,157,3535,296,1129,1971,341,1315,230,3949,1554,803
20181112,서울특별시,11,성동구,11200,부산광역시,26,40,691,89,303,362,103,329,108,997,342,210
20181112,서울특별시,11,중구,11140,경기도,41,459,3066,358,616,3239,500,951,273,8841,2093,676
20181112,서울특별시,11,중구,11140,세종특별자치시,36,28,64,12,15,77,17,33,11,223,47,16
20181112,서울특별시,11,중구,11140,울산광역시,31,41,209,25,46,227,59,73,24,608,148,54
20181112,서울특별시,11,도봉구,11320,서울특별시,11,243,3403,241,3082,1293,231,2282,288,1826,1384,2471
20181112,서울특별시,11,도봉구,11320,부산광역시,26,60,735,61,787,301,42,699,76,555,439,728
20181112,서울특별시,11,도봉구,11320,대구광역시,27,33,572,32,513,234,27,507,63,407,327,575
20181112,서울특별시,11,도봉구,11320,인천광역시,28,40,799,51,736,292,63,654,86,572,408,693
20181112,서울특별시,11,도봉구,11320,광주광역시,29,18,408,38,380,246,22,299,48,291,214,388
20181112,서울특별시,11,도봉구,11320,대전광역시,30,35,418,30,393,153,28,334,42,252,218,366
20181112,서울특별시,11,도봉구,11320,울산광역시,31,16,216,25,271,119,24,196,34,225,146,280
20181112,서울특별시,11,도봉구,11320,세종특별자치시,36,4,101,11,73,43,6,56,9,69,44,91
20181112,서울특별시,11,도봉구,11320,경기도,41,307,3642,273,3433,1564,282,3077,391,2753,1912,3220
20181112,서울특별시,11,도봉구,11320,강원도,42,23,354,22,324,154,29,382,29,261,204,349
20181112,서울특별시,11,도봉구,11320,충청북도,43,25,388,21,385,177,22,314,40,321,242,407
20181112,서울특별시,11,도봉구,11320,충청남도,44,27,483,33,564,224,30,489,61,397,318,518
20181112,서울특별시,11,도봉구,11320,전라북도,45,28,345,48,327,218,31,293,40,308,177,385
20181112,서울특별시,11,도봉구,11320,전라남도,46,22,342,27,327,162,24,255,47,284,192,333
20181112,서울특별시,11,도봉구,11320,경상북도,47,37,540,38,499,269,49,508,55,429,309,562
20181112,서울특별시,11,도봉구,11320,경상남도,48,41,705,60,705,373,58,666,96,640,438,734
20181112,서울특별시,11,도봉구,11320,제주특별자치도,50,5,134,7,72,49,5,105,6,76,58,81
20181112,서울특별시,11,중구,11140,대전광역시,30,34,340,37,80,340,49,111,33,986,236,83
20181112,서울특별시,11,중구,11140,광주광역시,29,31,350,42,69,300,62,120,28,1025,260,76
20181112,서울특별시,11,중구,11140,인천광역시,28,80,590,69,133,653,105,241,55,1842,448,153
20181112,서울특별시,11,중구,11140,대구광역시,27,62,566,66,78,424,65,135,35,1436,335,127
20181112,서울특별시,11,중구,11140,부산광역시,26,94,710,84,118,725,103,200,62,1888,508,172
20181112,서울특별시,11,중구,11140,서울특별시,11,424,3007,372,564,2787,388,819,201,7603,1955,564
20181112,서울특별시,11,강북구,11305,서울특별시,11,97,1039,69,356,435,66,306,555,3996,716,465
20181112,서울특별시,11,강북구,11305,부산광역시,26,27,332,10,82,114,19,90,173,1168,214,128
20181112,서울특별시,11,강북구,11305,대구광역시,27,18,260,14,62,91,13,62,149,942,115,92
20181112,서울특별시,11,강북구,11305,인천광역시,28,26,300,19,85,125,24,83,172,1248,183,127
20181112,서울특별시,11,강북구,11305,광주광역시,29,14,157,11,42,61,14,34,109,646,101,66
20181112,서울특별시,11,강북구,11305,대전광역시,30,20,145,7,34,76,17,32,75,638,83,73
20181112,서울특별시,11,강북구,11305,울산광역시,31,8,122,6,23,49,3,27,82,384,76,44
20181112,서울특별시,11,강북구,11305,세종특별자치시,36,6,39,0,8,28,0,6,40,134,20,17
20181112,서울특별시,11,강북구,11305,경기도,41,153,1424,71,370,614,92,372,946,5703,904,536
20181112,서울특별시,11,강북구,11305,강원도,42,23,168,7,34,66,11,35,66,579,94,61
20181112,서울특별시,11,강북구,11305,충청북도,43,17,172,8,31,73,11,42,106,698,109,58
20181112,서울특별시,11,강북구,11305,충청남도,44,24,205,9,44,95,11,49,124,937,128,84
20181112,서울특별시,11,강북구,11305,전라북도,45,18,173,11,39,46,8,33,97,720,98,80
20181112,서울특별시,11,강북구,11305,전라남도,46,10,146,8,41,53,7,51,125,567,78,48
20181112,서울특별시,11,강북구,11305,경상북도,47,20,240,13,59,103,13,47,155,963,128,88
20181112,서울특별시,11,강북구,11305,경상남도,48,22,338,13,87,114,24,86,211,1259,173,119
20181112,서울특별시,11,강북구,11305,제주특별자치도,50,5,49,0,9,17,0,6,10,171,26,9
20181112,서울특별시,11,강남구,11680,인천광역시,28,157,825,55,404,654,63,507,96,944,463,1060
20181112,서울특별시,11,강남구,11680,광주광역시,29,58,365,32,201,286,26,253,33,514,238,488
20181112,서울특별시,11,강남구,11680,대전광역시,30,75,379,39,206,318,23,245,65,514,277,457
20181112,서울특별시,11,강남구,11680,울산광역시,31,56,281,20,112,236,21,181,34,334,154,431
20181112,서울특별시,11,강남구,11680,세종특별자치시,36,28,79,5,50,105,8,51,5,108,60,78
20181112,서울특별시,11,강남구,11680,경기도,41,726,3987,282,1920,3148,399,2303,478,5465,2359,4369
20181112,서울특별시,11,강남구,11680,강원도,42,66,332,36,171,295,43,251,57,418,232,425
20181112,서울특별시,11,강남구,11680,충청북도,43,71,357,33,194,325,43,276,63,537,246,469
20181112,서울특별시,11,강남구,11680,충청남도,44,103,482,38,259,413,47,356,65,639,310,628
20181112,서울특별시,11,강남구,11680,전라북도,45,56,341,24,183,284,20,233,37,493,222,442
20181112,서울특별시,11,양천구,11470,전라북도,45,88,162,14,162,367,56,135,70,129,88,289
20181112,서울특별시,11,강남구,11680,전라남도,46,80,307,14,148,265,28,250,43,380,219,379
20181112,서울특별시,11,강남구,11680,경상북도,47,105,560,48,268,427,50,390,61,553,341,695
20181112,서울특별시,11,강남구,11680,경상남도,48,134,677,32,290,531,45,489,105,824,450,879
20181112,서울특별시,11,강남구,11680,제주특별자치도,50,32,142,14,64,79,8,65,17,184,80,131
20181112,서울특별시,11,성동구,11200,대구광역시,27,34,568,83,181,317,87,227,121,692,218,130
20181112,서울특별시,11,성동구,11200,인천광역시,28,54,771,71,243,370,113,297,67,1006,322,206
20181112,서울특별시,11,영등포구,11560,전라북도,45,21,390,98,541,443,14,315,18,235,98,202
20181112,서울특별시,11,영등포구,11560,전라남도,46,8,336,79,556,259,14,310,19,206,70,158
20181112,서울특별시,11,영등포구,11560,경상북도,47,24,542,110,843,545,31,511,56,288,97,244
20181112,서울특별시,11,영등포구,11560,경상남도,48,27,752,160,1103,572,43,735,54,367,136,310
20181112,서울특별시,11,영등포구,11560,제주특별자치도,50,3,106,28,142,70,11,71,3,42,17,32
20181112,서울특별시,11,동대문구,11230,제주특별자치도,50,22,103,3,38,84,11,102,9,291,80,32
20181112,서울특별시,11,동대문구,11230,경상남도,48,167,827,48,288,750,103,989,92,1854,417,300
20181112,서울특별시,11,동대문구,11230,경상북도,47,132,574,30,238,581,63,701,71,1342,337,194
20181112,서울특별시,11,동대문구,11230,전라남도,46,75,446,21,133,384,46,491,40,832,213,124
20181112,서울특별시,11,동대문구,11230,전라북도,45,76,475,32,145,358,71,527,51,1016,225,155
20181112,서울특별시,11,동대문구,11230,충청남도,44,160,589,32,217,599,77,660,79,1223,328,203
20181112,서울특별시,11,동대문구,11230,충청북도,43,110,420,25,154,412,42,473,61,905,234,164
20181112,서울특별시,11,동대문구,11230,강원도,42,108,413,33,144,396,58,435,46,856,206,123
20181112,서울특별시,11,동대문구,11230,경기도,41,943,3779,221,1487,3661,466,4204,458,8715,2056,1318
20181112,서울특별시,11,동대문구,11230,세종특별자치시,36,29,83,11,45,106,13,88,11,196,48,33
20181112,서울특별시,11,동대문구,11230,울산광역시,31,61,260,16,102,263,43,351,38,646,147,102
20181112,서울특별시,11,동대문구,11230,대전광역시,30,106,369,23,148,353,45,464,42,980,237,170
20181112,서울특별시,11,동대문구,11230,광주광역시,29,72,394,19,141,357,48,436,50,1035,250,150
20181112,서울특별시,11,동대문구,11230,인천광역시,28,207,840,65,308,802,104,926,142,2060,457,288
20181112,서울특별시,11,동대문구,11230,대구광역시,27,165,595,32,210,541,80,687,71,1421,336,213
20181112,서울특별시,11,동대문구,11230,부산광역시,26,188,802,64,301,728,79,1050,95,1922,437,297
20181112,서울특별시,11,동대문구,11230,서울특별시,11,866,2802,182,1158,2400,337,3351,264,6661,1664,1121
20181112,서울특별시,11,마포구,11440,인천광역시,28,76,830,159,458,861,40,1176,112,746,615,219
20181112,서울특별시,11,마포구,11440,대구광역시,27,36,550,139,382,587,25,878,76,604,484,168
20181112,서울특별시,11,마포구,11440,부산광역시,26,62,909,177,498,802,46,1417,148,769,682,190
20181112,서울특별시,11,마포구,11440,서울특별시,11,228,3613,782,2198,3743,212,4202,433,3473,2864,857
20181112,서울특별시,11,마포구,11440,울산광역시,31,27,296,58,169,287,10,445,46,235,217,65
20181112,서울특별시,11,관악구,11620,제주특별자치도,50,6,81,7,36,66,3,20,9,98,14,32
20181112,서울특별시,11,관악구,11620,경상남도,48,123,501,62,187,581,41,127,152,617,153,423
20181112,서울특별시,11,관악구,11620,경상북도,47,112,351,40,142,353,21,84,57,445,84,289
20181112,서울특별시,11,관악구,11620,전라남도,46,29,273,15,102,243,12,52,49,277,70,187
20181112,서울특별시,11,성동구,11200,광주광역시,29,21,309,47,111,192,60,141,51,478,152,102
20181112,서울특별시,11,성동구,11200,대전광역시,30,23,306,51,149,234,36,143,56,469,134,108
20181112,서울특별시,11,성동구,11200,울산광역시,31,27,236,49,83,121,50,127,66,323,100,72
20181112,서울특별시,11,성동구,11200,세종특별자치시,36,0,68,10,31,37,7,35,10,111,33,23
20181112,서울특별시,11,성동구,11200,경기도,41,206,3580,380,1216,2090,526,1533,404,4650,1499,904
20181112,서울특별시,11,관악구,11620,전라북도,45,29,307,42,110,265,17,79,69,347,61,192
20181112,서울특별시,11,관악구,11620,충청남도,44,54,353,40,152,396,20,96,83,446,106,265
20181112,서울특별시,11,관악구,11620,충청북도,43,59,277,26,118,275,15,55,66,404,72,216
20181112,서울특별시,11,관악구,11620,강원도,42,56,247,25,91,274,18,70,47,310,49,186
20181112,서울특별시,11,관악구,11620,경기도,41,443,2207,274,1036,2574,168,518,410,3279,635,1921
20181112,서울특별시,11,관악구,11620,세종특별자치시,36,9,54,5,19,79,4,20,28,70,26,41
20181112,서울특별시,11,종로구,11110,제주특별자치도,50,6,64,12,19,25,5,11,12,94,68,17
20181112,서울특별시,11,종로구,11110,경상남도,48,116,254,42,121,251,21,56,87,505,460,49
20181112,서울특별시,11,종로구,11110,경상북도,47,77,180,32,105,166,28,56,68,359,375,33
20181112,서울특별시,11,종로구,11110,전라남도,46,31,123,24,56,92,14,29,38,276,253,22
20181112,서울특별시,11,종로구,11110,전라북도,45,51,139,25,55,118,12,35,50,267,246,27
20181112,서울특별시,11,종로구,11110,충청남도,44,71,181,48,67,177,21,62,75,311,351,39
20181112,서울특별시,11,종로구,11110,충청북도,43,54,158,24,61,107,8,36,46,303,265,30
20181112,서울특별시,11,종로구,11110,강원도,42,39,167,23,50,136,17,50,49,243,238,20
20181112,서울특별시,11,금천구,11545,제주특별자치도,50,25,145,114,87,76,38,58,20,215,99,102
20181112,서울특별시,11,금천구,11545,경상남도,48,205,822,304,799,928,198,758,108,1169,682,993
20181112,서울특별시,11,금천구,11545,경상북도,47,150,629,331,626,770,143,518,83,983,508,798
20181112,서울특별시,11,금천구,11545,전라남도,46,79,384,191,395,419,101,302,48,647,348,497
20181112,서울특별시,11,금천구,11545,전라북도,45,105,411,286,416,457,89,281,52,806,461,518
20181112,서울특별시,11,금천구,11545,충청남도,44,126,604,490,634,653,110,401,89,918,506,712
20181112,서울특별시,11,금천구,11545,충청북도,43,109,441,366,441,466,61,322,58,687,405,517
20181112,서울특별시,11,금천구,11545,강원도,42,98,437,322,396,403,93,282,61,608,366,459
20181112,서울특별시,11,금천구,11545,경기도,41,921,4136,5752,3861,4656,819,2999,536,5919,3940,4900
20181112,서울특별시,11,금천구,11545,세종특별자치시,36,26,109,106,103,130,32,104,20,227,106,149
20181112,서울특별시,11,금천구,11545,울산광역시,31,53,304,153,273,330,57,253,43,461,227,397
20181112,서울특별시,11,금천구,11545,대전광역시,30,105,430,434,429,462,86,309,55,723,451,568
20181112,서울특별시,11,금천구,11545,광주광역시,29,118,520,262,413,469,105,401,46,726,414,534
20181112,서울특별시,11,금천구,11545,인천광역시,28,207,982,1196,863,899,140,576,106,1208,893,1096
20181112,서울특별시,11,금천구,11545,대구광역시,27,143,757,352,592,681,187,462,101,954,624,859
20181112,서울특별시,11,금천구,11545,부산광역시,26,176,851,380,863,1017,252,883,114,1155,756,1152
20181112,서울특별시,11,금천구,11545,서울특별시,11,692,3591,7986,3264,3730,677,2600,410,5024,3597,3951
20181112,서울특별시,11,중랑구,11260,제주특별자치도,50,25,65,7,56,111,7,37,45,269,88,42
20181112,서울특별시,11,중랑구,11260,경상남도,48,175,576,92,505,1041,81,372,379,2230,680,447
20181112,서울특별시,11,중랑구,11260,경상북도,47,132,509,61,398,826,87,307,307,1614,491,394
20181112,서울특별시,11,중랑구,11260,전라남도,46,85,320,37,233,471,38,164,186,1001,330,240
20181112,서울특별시,11,중랑구,11260,전라북도,45,87,357,35,282,481,54,170,215,1204,368,240
20181112,서울특별시,11,중랑구,11260,충청남도,44,144,486,42,395,760,71,243,273,1507,503,328
20181112,서울특별시,11,중랑구,11260,충청북도,43,90,289,36,274,543,37,167,216,1055,367,264
20181112,서울특별시,11,중랑구,11260,강원도,42,93,286,29,245,477,48,179,173,993,311,214
20181112,서울특별시,11,중랑구,11260,경기도,41,838,3092,409,2607,4789,450,1769,1737,9598,3180,2112
20181112,서울특별시,11,중랑구,11260,세종특별자치시,36,28,65,17,68,124,16,66,51,250,87,61
20181112,서울특별시,11,중랑구,11260,울산광역시,31,72,222,24,202,364,51,127,131,771,277,177
20181112,서울특별시,11,중랑구,11260,대전광역시,30,74,304,31,320,543,42,143,204,1074,367,232
20181112,서울특별시,11,중랑구,11260,광주광역시,29,85,327,40,264,504,43,158,196,1171,374,256
20181112,서울특별시,11,중랑구,11260,인천광역시,28,178,695,79,527,1042,104,299,392,2239,731,490
20181112,서울특별시,11,중랑구,11260,대구광역시,27,116,442,68,415,715,64,257,312,1586,510,354
20181112,서울특별시,11,중랑구,11260,부산광역시,26,173,676,72,539,1023,106,408,369,2177,737,500
20181112,서울특별시,11,중랑구,11260,서울특별시,11,546,2327,315,2091,3581,323,1411,1210,6844,2369,1662
20181112,서울특별시,11,용산구,11170,제주특별자치도,50,20,162,8,557,78,10,37,15,84,49,20
20181112,서울특별시,11,용산구,11170,경상남도,48,78,759,49,3831,507,103,141,110,563,255,236
20181112,서울특별시,11,용산구,11170,경상북도,47,60,662,39,2942,441,73,149,85,402,185,160
20181112,서울특별시,11,용산구,11170,전라남도,46,47,369,19,1728,268,49,83,38,246,123,123
20181112,서울특별시,11,용산구,11170,전라북도,45,44,447,23,1911,313,68,106,43,256,128,129
20181112,서울특별시,11,용산구,11170,충청남도,44,68,582,31,3157,492,64,142,67,359,183,145
20181112,서울특별시,11,용산구,11170,충청북도,43,47,431,31,2154,285,53,108,48,288,121,120
20181112,서울특별시,11,용산구,11170,강원도,42,37,375,27,1905,261,57,103,35,223,125,123
20181112,서울특별시,11,용산구,11170,경기도,41,420,4002,229,20650,3477,574,913,562,2767,1370,1108
20181112,서울특별시,11,용산구,11170,세종특별자치시,36,12,101,12,519,69,10,28,23,63,21,25
20181112,서울특별시,11,용산구,11170,울산광역시,31,30,286,24,1459,168,27,67,48,209,99,84
20181112,서울특별시,11,용산구,11170,대전광역시,30,52,449,19,2256,330,46,96,56,228,190,109
20181112,서울특별시,11,용산구,11170,광주광역시,29,29,406,32,1801,260,48,96,46,283,134,148
20181112,서울특별시,11,용산구,11170,인천광역시,28,88,869,54,4238,782,96,207,113,536,268,220
20181112,서울특별시,11,용산구,11170,대구광역시,27,58,677,32,3088,424,82,137,91,449,198,201
20181112,서울특별시,11,용산구,11170,부산광역시,26,71,921,46,4156,589,87,151,105,568,315,254
20181112,서울특별시,11,용산구,11170,서울특별시,11,337,3632,213,18202,3127,409,871,347,2183,1155,989
20181112,서울특별시,11,관악구,11620,울산광역시,31,144,167,12,62,211,12,53,34,202,40,164
20181112,서울특별시,11,관악구,11620,대전광역시,30,30,281,45,128,292,8,69,102,313,79,217
20181112,서울특별시,11,관악구,11620,광주광역시,29,68,227,32,102,274,20,53,44,329,80,226
20181112,서울특별시,11,관악구,11620,인천광역시,28,81,480,57,218,525,22,119,80,684,125,439
20181112,서울특별시,11,관악구,11620,대구광역시,27,203,291,39,140,371,22,79,72,484,101,378
20181112,서울특별시,11,관악구,11620,부산광역시,26,328,439,77,203,598,25,127,74,644,169,434
20181112,서울특별시,11,관악구,11620,서울특별시,11,316,1678,378,752,2082,98,436,220,2615,498,1573
20181113,서울특별시,11,강서구,11500,울산광역시,31,20,165,21,97,181,20,291,18,334,109,103
20181113,서울특별시,11,양천구,11470,부산광역시,26,93,198,6,174,277,51,181,48,213,105,295
20181113,서울특별시,11,양천구,11470,대구광역시,27,99,121,13,102,264,39,165,38,180,82,200
20181113,서울특별시,11,양천구,11470,인천광역시,28,99,168,9,183,403,70,150,54,186,82,297
20181113,서울특별시,11,양천구,11470,광주광역시,29,42,81,7,71,183,29,92,22,114,53,152
20181113,서울특별시,11,양천구,11470,대전광역시,30,42,97,6,99,180,25,80,20,91,44,137
20181113,서울특별시,11,양천구,11470,울산광역시,31,45,66,8,57,117,16,63,19,72,28,98
20181113,서울특별시,11,양천구,11470,세종특별자치시,36,10,13,0,7,38,12,20,5,22,10,28
20181113,서울특별시,11,양천구,11470,경기도,41,460,929,89,751,1832,293,782,253,1393,448,1231
20181113,서울특별시,11,양천구,11470,강원도,42,48,82,7,83,154,24,66,16,86,34,119
20181113,서울특별시,11,동작구,11590,경상남도,48,45,145,42,89,131,37,149,48,212,94,123
20181113,서울특별시,11,동작구,11590,제주특별자치도,50,4,31,9,9,18,6,9,11,34,23,10
20181113,서울특별시,11,강동구,11740,광주광역시,29,60,118,26,29,139,10,75,16,216,44,69
20181113,서울특별시,11,강동구,11740,대전광역시,30,51,105,23,55,166,12,104,10,208,38,56
20181113,서울특별시,11,강동구,11740,울산광역시,31,41,82,20,29,123,16,76,8,174,28,47
20181113,서울특별시,11,강동구,11740,세종특별자치시,36,11,18,10,9,32,5,16,5,39,6,9
20181113,서울특별시,11,강동구,11740,경기도,41,646,1148,283,357,1694,156,950,154,2347,423,505
20181113,서울특별시,11,강동구,11740,강원도,42,57,112,26,26,147,10,98,10,187,33,47
20181113,서울특별시,11,강동구,11740,충청북도,43,66,120,24,48,174,13,119,8,274,47,46
20181113,서울특별시,11,구로구,11530,경상남도,48,60,385,38,191,405,61,245,37,498,130,219
20181113,서울특별시,11,구로구,11530,경상북도,47,49,237,46,155,376,39,191,26,339,78,189
20181113,서울특별시,11,구로구,11530,전라남도,46,34,174,22,93,190,25,137,22,236,54,97
20181113,서울특별시,11,구로구,11530,전라북도,45,20,225,30,100,211,20,124,15,247,58,106
20181113,서울특별시,11,구로구,11530,충청남도,44,49,294,32,151,301,45,162,24,354,83,163
20181113,서울특별시,11,구로구,11530,충청북도,43,27,220,24,116,240,33,118,24,269,58,131
20181113,서울특별시,11,구로구,11530,강원도,42,32,180,28,124,214,36,115,20,190,45,104
20181113,서울특별시,11,서대문구,11410,서울특별시,11,34,635,65,182,1216,48,471,50,1662,256,642
20181113,서울특별시,11,서대문구,11410,부산광역시,26,8,162,8,40,397,15,129,17,331,74,196
20181113,서울특별시,11,서대문구,11410,대구광역시,27,9,104,12,27,230,5,97,11,279,46,143
20181113,서울특별시,11,서대문구,11410,인천광역시,28,12,151,39,34,370,5,117,10,366,56,211
20181113,서울특별시,11,서대문구,11410,광주광역시,29,6,71,13,6,160,4,45,13,200,31,97
20181113,서울특별시,11,서대문구,11410,대전광역시,30,5,70,7,10,172,0,68,10,190,22,113
20181113,서울특별시,11,서대문구,11410,울산광역시,31,0,43,4,8,126,0,33,6,105,20,64
20181113,서울특별시,11,서대문구,11410,세종특별자치시,36,0,10,5,3,46,0,13,0,45,6,13
20181113,서울특별시,11,서대문구,11410,경기도,41,56,697,101,205,1642,66,568,99,1871,308,976
20181113,서울특별시,11,서대문구,11410,강원도,42,8,63,7,13,207,10,58,6,135,28,97
20181113,서울특별시,11,강동구,11740,충청남도,44,120,181,37,48,241,18,146,12,269,54,77
20181113,서울특별시,11,강동구,11740,전라북도,45,71,115,21,34,155,13,104,13,236,45,50
20181113,서울특별시,11,강동구,11740,전라남도,46,58,125,16,42,207,10,71,14,185,31,49
20181113,서울특별시,11,강동구,11740,경상북도,47,96,160,54,50,236,21,147,23,307,52,61
20181113,서울특별시,11,강동구,11740,경상남도,48,129,209,53,81,362,29,194,32,458,73,105
20181113,서울특별시,11,강동구,11740,제주특별자치도,50,22,37,0,12,46,8,37,0,52,15,9
20181113,서울특별시,11,구로구,11530,경기도,41,299,1836,223,948,2211,258,1033,192,2561,508,1021
20181113,서울특별시,11,구로구,11530,세종특별자치시,36,8,28,3,20,47,6,20,8,61,13,19
20181113,서울특별시,11,구로구,11530,울산광역시,31,24,109,13,70,179,24,95,11,163,35,88
20181113,서울특별시,11,구로구,11530,대전광역시,30,22,183,36,122,210,24,110,16,271,57,98
20181113,서울특별시,11,구로구,11530,광주광역시,29,34,150,27,96,203,23,100,23,256,51,87
20181113,서울특별시,11,구로구,11530,인천광역시,28,58,395,53,219,469,59,218,30,611,102,213
20181113,서울특별시,11,구로구,11530,대구광역시,27,46,299,33,139,333,29,169,30,353,94,174
20181113,서울특별시,11,구로구,11530,부산광역시,26,50,453,59,201,543,68,259,41,483,137,245
20181113,서울특별시,11,구로구,11530,서울특별시,11,196,1605,250,776,1690,182,817,145,1956,417,750
20181113,서울특별시,11,종로구,11110,강원도,42,31,109,22,27,68,10,37,23,185,175,19
20181113,서울특별시,11,종로구,11110,경기도,41,259,1102,248,346,764,94,391,251,1861,1412,132
20181113,서울특별시,11,강북구,11305,충청북도,43,11,127,13,30,39,6,27,40,347,60,32
20181113,서울특별시,11,강서구,11500,대전광역시,30,28,209,46,165,296,27,297,30,490,177,145
20181113,서울특별시,11,강서구,11500,광주광역시,29,20,231,43,140,280,27,319,24,493,181,138
20181113,서울특별시,11,강서구,11500,인천광역시,28,68,510,72,280,530,42,598,54,950,280,282
20181113,서울특별시,11,강서구,11500,대구광역시,27,47,407,63,210,361,38,457,37,689,257,216
20181113,서울특별시,11,강서구,11500,부산광역시,26,42,551,84,267,565,68,654,56,998,356,329
20181113,서울특별시,11,강서구,11500,서울특별시,11,230,2114,323,1268,2047,225,2999,213,2906,1048,1171
20181113,서울특별시,11,강북구,11305,강원도,42,9,113,24,27,36,4,25,39,291,54,27
20181113,서울특별시,11,강북구,11305,경기도,41,77,1061,65,282,384,60,218,373,3190,631,290
20181113,서울특별시,11,강북구,11305,부산광역시,26,15,219,9,47,66,17,58,73,601,128,75
20181113,서울특별시,11,강북구,11305,서울특별시,11,62,864,62,205,301,49,148,211,2116,470,241
20181113,서울특별시,11,용산구,11170,서울특별시,11,234,2282,133,10194,1866,246,356,161,1960,649,328
20181113,서울특별시,11,용산구,11170,부산광역시,26,49,522,20,2237,385,59,63,47,465,188,70
20181113,서울특별시,11,용산구,11170,대구광역시,27,33,428,12,1725,245,38,58,36,379,117,48
20181113,서울특별시,11,용산구,11170,인천광역시,28,54,524,22,2158,536,68,63,95,431,157,116
20181113,서울특별시,11,용산구,11170,광주광역시,29,19,260,8,964,142,27,29,21,258,72,50
20181113,서울특별시,11,용산구,11170,대전광역시,30,24,249,14,1275,197,22,24,25,260,73,36
20181113,서울특별시,11,용산구,11170,울산광역시,31,11,159,5,748,125,19,26,15,172,43,29
20181113,서울특별시,11,용산구,11170,세종특별자치시,36,6,59,4,214,47,6,7,10,83,16,7
20181113,서울특별시,11,용산구,11170,경기도,41,292,2395,123,10987,2073,288,338,229,2515,796,404
20181113,서울특별시,11,용산구,11170,강원도,42,30,216,13,983,173,34,28,26,207,60,40
20181113,서울특별시,11,용산구,11170,충청북도,43,30,257,11,1185,186,43,33,27,237,60,42
20181113,서울특별시,11,용산구,11170,충청남도,44,48,385,15,1645,284,37,51,45,306,105,40
20181113,서울특별시,11,용산구,11170,전라북도,45,35,248,9,1107,201,26,37,26,246,80,47
20181113,서울특별시,11,강북구,11305,세종특별자치시,36,0,29,4,6,7,0,0,13,88,14,3
20181113,서울특별시,11,노원구,11350,서울특별시,11,150,902,75,418,518,69,298,82,1729,421,233
20181113,서울특별시,11,노원구,11350,부산광역시,26,23,220,13,63,113,18,64,18,446,127,64
20181113,서울특별시,11,노원구,11350,대구광역시,27,33,162,13,39,64,13,43,18,328,75,39
20181113,서울특별시,11,노원구,11350,인천광역시,28,51,230,16,82,115,14,70,26,403,91,56
20181113,서울특별시,11,노원구,11350,광주광역시,29,16,90,4,29,41,4,26,14,267,54,21
20181113,서울특별시,11,노원구,11350,대전광역시,30,16,107,10,26,69,10,33,15,246,48,18
20181113,서울특별시,11,노원구,11350,울산광역시,31,10,67,7,23,35,0,11,6,146,31,18
20181113,서울특별시,11,노원구,11350,세종특별자치시,36,5,15,4,11,39,0,5,4,48,8,11
20181113,서울특별시,11,노원구,11350,경기도,41,227,1012,94,463,595,93,330,135,2478,454,266
20181113,서울특별시,11,노원구,11350,강원도,42,16,106,0,18,63,5,32,9,191,48,22
20181113,서울특별시,11,노원구,11350,충청북도,43,21,106,18,42,55,12,23,10,240,45,23
20181113,서울특별시,11,노원구,11350,충청남도,44,26,144,9,33,72,12,55,13,334,75,43
20181113,서울특별시,11,노원구,11350,전라북도,45,12,110,0,30,77,6,27,9,257,55,29
20181113,서울특별시,11,노원구,11350,전라남도,46,15,75,4,16,55,11,27,11,179,41,30
20181113,서울특별시,11,노원구,11350,경상북도,47,24,135,7,47,78,10,40,13,274,70,44
20181113,서울특별시,11,노원구,11350,경상남도,48,40,207,8,67,87,16,50,23,396,93,69
20181113,서울특별시,11,노원구,11350,제주특별자치도,50,4,15,0,8,7,0,7,4,59,9,4
20181113,서울특별시,11,금천구,11545,서울특별시,11,653,3094,623,2164,2643,317,2025,291,2990,1557,2682
20181113,서울특별시,11,금천구,11545,부산광역시,26,129,690,126,569,683,123,702,97,818,451,811
20181113,서울특별시,11,금천구,11545,대구광역시,27,105,450,85,364,451,84,332,56,568,243,482
20181113,서울특별시,11,금천구,11545,인천광역시,28,228,629,128,592,650,89,476,96,685,384,680
20181113,서울특별시,11,금천구,11545,광주광역시,29,64,324,71,287,284,40,261,36,481,255,347
20181113,서울특별시,11,금천구,11545,대전광역시,30,72,384,53,331,329,38,264,38,397,191,372
20181113,서울특별시,11,금천구,11545,울산광역시,31,47,277,47,220,252,38,185,36,268,142,300
20181113,서울특별시,11,금천구,11545,세종특별자치시,36,18,65,11,60,71,9,72,11,92,53,75
20181113,서울특별시,11,금천구,11545,경기도,41,825,2981,581,2806,3085,385,2253,486,3545,1737,3006
20181113,서울특별시,11,금천구,11545,강원도,42,80,285,83,280,295,44,213,40,350,172,311
20181113,서울특별시,11,금천구,11545,충청북도,43,71,272,68,277,310,40,224,48,349,189,327
20181113,서울특별시,11,금천구,11545,충청남도,44,116,385,79,439,430,55,300,71,496,272,394
20181113,서울특별시,11,금천구,11545,전라북도,45,81,285,72,282,328,49,231,31,472,168,347
20181113,서울특별시,11,금천구,11545,전라남도,46,77,269,55,260,302,51,208,49,377,183,288
20181113,서울특별시,11,금천구,11545,경상북도,47,134,463,87,423,465,71,362,71,532,285,477
20181113,서울특별시,11,금천구,11545,경상남도,48,144,570,82,522,636,93,467,100,743,362,757
20181113,서울특별시,11,금천구,11545,제주특별자치도,50,25,88,21,84,74,19,41,13,162,63,77
20181113,서울특별시,11,서초구,11650,제주특별자치도,50,3,69,6,27,39,0,52,11,42,27,24
20181113,서울특별시,11,강북구,11305,울산광역시,31,4,78,0,23,20,5,14,24,229,48,28
20181113,서울특별시,11,강북구,11305,대전광역시,30,10,106,15,26,21,5,21,32,289,64,20
20181113,서울특별시,11,강북구,11305,광주광역시,29,7,129,3,21,32,0,23,43,337,60,25
20181113,서울특별시,11,강북구,11305,인천광역시,28,21,227,23,54,71,10,50,57,685,128,83
20181113,서울특별시,11,강북구,11305,대구광역시,27,9,176,8,23,43,19,37,60,472,88,48
20181113,서울특별시,11,종로구,11110,세종특별자치시,36,3,23,10,6,23,3,10,10,55,36,0
20181113,서울특별시,11,종로구,11110,울산광역시,31,25,95,16,32,39,3,12,19,133,109,3
20181113,서울특별시,11,중랑구,11260,제주특별자치도,50,7,34,7,26,62,8,22,25,192,60,36
20181113,서울특별시,11,중랑구,11260,경상남도,48,184,340,49,281,520,103,151,146,1538,511,320
20181113,서울특별시,11,광진구,11215,서울특별시,11,168,880,148,1076,681,176,325,139,1317,771,783
20181113,서울특별시,11,광진구,11215,부산광역시,26,35,229,22,218,195,36,90,27,324,210,182
20181113,서울특별시,11,광진구,11215,대구광역시,27,37,130,12,159,102,42,60,18,247,142,92
20181113,서울특별시,11,광진구,11215,인천광역시,28,31,202,16,218,171,48,71,24,312,195,158
20181113,서울특별시,11,광진구,11215,광주광역시,29,27,76,12,103,75,31,45,19,159,99,64
20181113,서울특별시,11,광진구,11215,대전광역시,30,21,118,10,138,89,29,40,18,149,112,63
20181113,서울특별시,11,광진구,11215,울산광역시,31,16,63,11,71,70,17,22,9,105,73,47
20181113,서울특별시,11,서초구,11650,경상남도,48,43,351,55,199,343,29,311,50,244,212,127
20181113,서울특별시,11,서초구,11650,경상북도,47,30,1082,60,147,268,31,280,32,190,190,130
20181113,서울특별시,11,서초구,11650,전라남도,46,21,169,45,103,171,17,207,20,118,80,70
20181113,서울특별시,11,서초구,11650,전라북도,45,19,327,36,92,169,23,154,22,141,121,70
20181113,서울특별시,11,서초구,11650,충청남도,44,36,305,33,122,271,19,213,34,193,153,93
20181113,서울특별시,11,서초구,11650,충청북도,43,22,235,39,149,188,14,144,21,161,103,71
20181113,서울특별시,11,서초구,11650,강원도,42,21,231,30,74,165,19,158,18,120,104,74
20181113,서울특별시,11,서초구,11650,경기도,41,279,3154,394,954,1770,236,1596,228,1890,1201,730
20181113,서울특별시,11,서초구,11650,세종특별자치시,36,7,54,14,20,39,3,34,11,34,20,21
20181113,서울특별시,11,서초구,11650,울산광역시,31,9,152,15,60,112,10,100,17,75,81,34
20181113,서울특별시,11,서초구,11650,대전광역시,30,20,217,28,99,184,13,143,21,127,147,60
20181113,서울특별시,11,서초구,11650,광주광역시,29,21,205,38,92,135,20,166,17,119,129,55
20181113,서울특별시,11,서초구,11650,인천광역시,28,62,495,51,198,384,26,376,50,259,249,144
20181113,서울특별시,11,서초구,11650,대구광역시,27,43,460,61,131,267,25,272,27,250,164,116
20181113,서울특별시,11,서초구,11650,부산광역시,26,50,605,136,198,350,29,383,50,298,258,124
20181113,서울특별시,11,서초구,11650,서울특별시,11,267,3092,459,979,1478,193,1728,166,1417,1021,554
20181113,서울특별시,11,마포구,11440,제주특별자치도,50,7,93,21,38,64,5,104,23,132,76,10
20181113,서울특별시,11,마포구,11440,경상남도,48,56,473,133,199,381,13,509,55,515,373,99
20181113,서울특별시,11,마포구,11440,경상북도,47,48,401,85,179,336,15,404,29,395,306,89
20181113,서울특별시,11,마포구,11440,전라남도,46,26,258,49,125,177,8,244,18,262,194,36
20181113,서울특별시,11,마포구,11440,전라북도,45,20,250,55,98,188,8,318,25,334,223,53
20181113,서울특별시,11,마포구,11440,충청남도,44,34,422,83,161,382,17,437,21,386,300,74
20181113,서울특별시,11,성북구,11290,제주특별자치도,50,13,111,12,54,89,19,25,13,648,251,74
20181113,서울특별시,11,성북구,11290,경상남도,48,96,931,46,425,589,129,307,149,3971,1510,546
20181113,서울특별시,11,성북구,11290,경상북도,47,69,702,50,264,435,96,267,90,2972,1073,425
20181113,서울특별시,11,성북구,11290,전라남도,46,35,426,26,220,273,75,140,84,2008,747,216
20181113,서울특별시,11,성북구,11290,전라북도,45,42,468,38,222,292,61,131,68,2172,730,258
20181113,서울특별시,11,성북구,11290,충청남도,44,61,620,37,304,419,98,181,115,2763,1042,392
20181113,서울특별시,11,성북구,11290,충청북도,43,35,425,39,271,308,59,156,75,2064,755,260
20181113,서울특별시,11,성북구,11290,강원도,42,44,422,29,195,286,53,119,59,1918,686,256
20181113,서울특별시,11,성북구,11290,경기도,41,387,4332,291,2022,2836,491,1381,673,18086,6672,2541
20181113,서울특별시,11,성북구,11290,세종특별자치시,36,12,77,9,38,81,7,30,21,462,176,58
20181113,서울특별시,11,성북구,11290,울산광역시,31,25,333,15,143,211,43,98,38,1482,509,205
20181113,서울특별시,11,성북구,11290,대전광역시,30,30,472,47,224,281,44,115,54,1986,782,262
20181113,서울특별시,11,성북구,11290,광주광역시,29,37,462,42,229,264,53,127,61,2133,849,258
20181113,서울특별시,11,성북구,11290,인천광역시,28,76,1002,60,413,570,105,370,157,4138,1565,524
20181113,서울특별시,11,성북구,11290,대구광역시,27,50,713,52,263,441,73,221,109,3093,1092,431
20181113,서울특별시,11,성북구,11290,부산광역시,26,64,944,77,411,616,101,333,136,4040,1539,583
20181113,서울특별시,11,성북구,11290,서울특별시,11,252,3597,411,1662,2231,436,1202,433,13487,5681,1881
20181113,서울특별시,11,마포구,11440,충청북도,43,22,311,59,134,203,10,302,45,330,234,55
20181113,서울특별시,11,마포구,11440,강원도,42,24,258,53,116,191,5,349,24,234,195,52
20181113,서울특별시,11,마포구,11440,경기도,41,260,2690,653,1067,2055,123,2862,326,3127,1999,568
20181113,서울특별시,11,마포구,11440,세종특별자치시,36,4,57,15,18,38,0,84,9,58,51,12
20181113,서울특별시,11,마포구,11440,울산광역시,31,21,195,26,74,186,6,184,23,178,122,30
20181113,서울특별시,11,마포구,11440,대전광역시,30,28,280,57,140,209,19,276,24,283,235,62
20181113,서울특별시,11,마포구,11440,광주광역시,29,24,246,55,117,193,6,267,36,300,273,61
20181113,서울특별시,11,마포구,11440,인천광역시,28,57,613,145,213,437,24,767,38,544,423,117
20181113,서울특별시,11,마포구,11440,대구광역시,27,62,397,87,184,290,13,412,44,431,324,83
20181113,서울특별시,11,마포구,11440,부산광역시,26,60,598,117,268,420,25,571,36,591,477,108
20181113,서울특별시,11,마포구,11440,서울특별시,11,280,2543,489,1006,1746,85,2744,182,2698,1854,499
20181113,서울특별시,11,중랑구,11260,경상북도,47,128,271,34,214,399,80,111,118,1150,390,228
20181113,서울특별시,11,중랑구,11260,전라남도,46,77,190,27,155,225,42,81,83,767,276,151
20181113,서울특별시,11,중랑구,11260,전라북도,45,88,173,27,127,284,33,68,78,885,278,149
20181113,서울특별시,11,동대문구,11230,서울특별시,11,559,1779,153,599,1240,180,1652,193,4420,1146,496
20181113,서울특별시,11,동대문구,11230,부산광역시,26,135,614,32,140,381,43,551,58,1329,341,143
20181113,서울특별시,11,동대문구,11230,대구광역시,27,85,346,30,110,295,36,364,43,957,252,96
20181113,서울특별시,11,용산구,11170,전라남도,46,24,223,12,950,161,34,24,33,222,65,45
20181113,서울특별시,11,용산구,11170,경상북도,47,41,385,10,1595,233,41,59,57,340,105,46
20181113,서울특별시,11,용산구,11170,경상남도,48,62,452,20,2078,305,51,50,60,489,128,89
20181113,서울특별시,11,용산구,11170,제주특별자치도,50,11,78,0,307,39,5,18,9,67,21,13
20181113,서울특별시,11,중랑구,11260,충청남도,44,123,260,31,243,388,67,119,92,1150,400,212
20181113,서울특별시,11,중랑구,11260,충청북도,43,79,217,21,174,258,45,71,53,778,234,120
20181113,서울특별시,11,중랑구,11260,강원도,42,80,165,24,140,233,56,79,71,777,254,121
20181113,서울특별시,11,중랑구,11260,경기도,41,941,1820,221,1531,2438,411,751,614,7121,2386,1332
20181113,서울특별시,11,중랑구,11260,세종특별자치시,36,31,38,6,31,67,12,10,18,180,65,31
20181113,서울특별시,11,중랑구,11260,울산광역시,31,70,123,22,95,194,46,50,42,534,230,118
20181113,서울특별시,11,중랑구,11260,대전광역시,30,83,156,25,201,304,47,93,59,788,276,142
20181113,서울특별시,11,중랑구,11260,광주광역시,29,72,184,24,178,247,30,75,83,715,278,138
20181113,서울특별시,11,중랑구,11260,인천광역시,28,208,409,41,352,514,90,183,143,1545,532,305
20181113,서울특별시,11,강북구,11305,제주특별자치도,50,5,36,5,5,5,3,3,5,102,13,3
20181113,서울특별시,11,강북구,11305,경상남도,48,17,239,20,65,79,16,40,74,640,124,67
20181113,서울특별시,11,동대문구,11230,인천광역시,28,128,526,30,121,422,41,451,82,1295,247,138
20181113,서울특별시,11,동대문구,11230,광주광역시,29,68,250,18,80,228,26,208,33,677,196,86
20181113,서울특별시,11,성동구,11200,제주특별자치도,50,6,98,17,17,31,9,19,8,112,55,14
20181113,서울특별시,11,성동구,11200,경상남도,48,56,659,1450,127,254,50,210,155,652,221,99
20181113,서울특별시,11,성동구,11200,경상북도,47,44,582,1673,73,180,41,180,120,476,178,82
20181113,서울특별시,11,성동구,11200,전라남도,46,38,373,516,49,143,28,103,51,315,106,42
20181113,서울특별시,11,성동구,11200,전라북도,45,18,357,528,70,141,32,108,59,363,116,44
20181113,서울특별시,11,성동구,11200,충청남도,44,33,508,981,77,217,36,159,87,498,149,74
20181113,서울특별시,11,성동구,11200,충청북도,43,19,313,476,73,173,27,111,37,368,104,47
20181113,서울특별시,11,성동구,11200,강원도,42,28,333,390,50,141,27,108,62,294,91,56
20181113,서울특별시,11,성동구,11200,경기도,41,286,3722,5090,691,1645,263,1065,471,3431,1293,481
20181113,서울특별시,11,성동구,11200,세종특별자치시,36,7,67,147,13,38,5,31,21,62,37,13
20181113,서울특별시,11,양천구,11470,서울특별시,11,298,781,66,668,1252,184,670,166,851,334,1086
20181113,서울특별시,11,은평구,11380,서울특별시,11,126,1030,316,423,1085,170,464,93,1364,477,964
20181113,서울특별시,11,은평구,11380,부산광역시,26,36,284,92,87,296,35,107,28,364,136,312
20181113,서울특별시,11,은평구,11380,대구광역시,27,25,201,51,69,214,39,87,14,258,109,222
20181113,서울특별시,11,은평구,11380,인천광역시,28,40,285,89,104,319,33,94,39,367,142,299
20181113,서울특별시,11,성동구,11200,울산광역시,31,55,329,1016,41,86,31,68,59,258,107,39
20181113,서울특별시,11,송파구,11710,제주특별자치도,50,5,69,3,26,51,7,53,5,178,49,29
20181113,서울특별시,11,광진구,11215,세종특별자치시,36,3,22,0,20,24,6,13,6,30,15,16
20181113,서울특별시,11,광진구,11215,경기도,41,223,1104,127,1144,900,241,375,213,1829,948,743
20181113,서울특별시,11,광진구,11215,강원도,42,21,118,19,103,91,28,34,26,156,98,59
20181113,서울특별시,11,광진구,11215,충청북도,43,26,94,12,115,113,36,46,17,183,123,63
20181113,서울특별시,11,광진구,11215,충청남도,44,43,144,20,170,132,38,60,22,256,108,88
20181113,서울특별시,11,광진구,11215,전라북도,45,27,97,19,118,96,25,41,22,154,107,71
20181113,서울특별시,11,광진구,11215,전라남도,46,12,87,0,102,95,19,31,24,135,88,64
20181113,서울특별시,11,광진구,11215,경상북도,47,32,156,15,177,150,38,51,24,237,139,125
20181113,서울특별시,11,광진구,11215,경상남도,48,48,167,21,186,187,51,76,32,342,185,155
20181113,서울특별시,11,성동구,11200,대전광역시,30,24,307,449,73,149,20,117,58,344,128,48
20181113,서울특별시,11,성동구,11200,광주광역시,29,18,341,526,61,134,23,82,38,346,155,48
20181113,서울특별시,11,성동구,11200,인천광역시,28,38,694,1136,132,264,43,195,112,723,230,108
20181113,서울특별시,11,송파구,11710,경상남도,48,28,337,22,215,342,33,278,59,985,211,296
20181113,서울특별시,11,송파구,11710,경상북도,47,21,301,12,131,186,18,162,38,796,161,223
20181113,서울특별시,11,송파구,11710,전라남도,46,7,157,9,81,198,23,134,25,475,91,113
20181113,서울특별시,11,송파구,11710,전라북도,45,6,185,16,102,218,23,128,24,580,144,106
20181113,서울특별시,11,송파구,11710,충청남도,44,13,288,14,152,226,36,178,24,792,144,152
20181113,서울특별시,11,송파구,11710,충청북도,43,25,201,17,130,157,26,105,18,558,125,111
20181113,서울특별시,11,송파구,11710,강원도,42,7,175,11,65,184,24,136,14,471,108,112
20181113,서울특별시,11,송파구,11710,경기도,41,144,1943,160,1022,1496,249,1280,212,5129,1100,1187
20181113,서울특별시,11,송파구,11710,세종특별자치시,36,0,61,8,13,96,5,36,8,134,27,35
20181113,서울특별시,11,송파구,11710,울산광역시,31,10,108,8,66,113,6,70,12,371,66,90
20181113,서울특별시,11,송파구,11710,대전광역시,30,13,311,17,130,150,16,134,17,632,119,124
20181113,서울특별시,11,송파구,11710,광주광역시,29,15,180,8,199,132,10,120,20,529,130,124
20181113,서울특별시,11,송파구,11710,인천광역시,28,27,375,20,210,326,40,247,49,999,195,272
20181113,서울특별시,11,송파구,11710,대구광역시,27,41,275,23,124,243,31,169,28,760,160,214
20181113,서울특별시,11,송파구,11710,부산광역시,26,21,408,34,166,324,46,306,27,1022,285,286
20181113,서울특별시,11,송파구,11710,서울특별시,11,106,1815,100,841,962,205,1084,156,3850,904,906
20181113,서울특별시,11,은평구,11380,광주광역시,29,18,107,36,46,122,20,52,15,177,58,144
20181113,서울특별시,11,은평구,11380,대전광역시,30,21,146,43,43,130,29,48,8,146,64,172
20181113,서울특별시,11,은평구,11380,울산광역시,31,6,96,30,30,99,23,35,7,125,45,111
20181113,서울특별시,11,은평구,11380,세종특별자치시,36,3,28,12,11,32,3,19,3,28,9,36
20181113,서울특별시,11,은평구,11380,경기도,41,195,1314,480,500,1276,215,469,166,2099,647,1275
20181113,서울특별시,11,은평구,11380,강원도,42,20,121,35,36,131,29,52,15,166,83,97
20181113,서울특별시,11,은평구,11380,충청북도,43,17,147,45,40,123,27,53,14,223,74,156
20181113,서울특별시,11,은평구,11380,충청남도,44,22,209,70,70,191,28,69,36,259,94,178
20181113,서울특별시,11,은평구,11380,전라북도,45,13,130,59,49,125,25,47,10,186,85,120
20181113,서울특별시,11,은평구,11380,전라남도,46,12,161,53,39,105,22,60,22,163,81,128
20181113,서울특별시,11,은평구,11380,경상북도,47,33,220,71,52,178,46,80,28,283,115,215
20181113,서울특별시,11,은평구,11380,경상남도,48,37,261,88,79,261,62,103,25,296,138,277
20181113,서울특별시,11,은평구,11380,제주특별자치도,50,4,33,5,16,21,26,9,0,53,26,18
20181113,서울특별시,11,관악구,11620,서울특별시,11,624,948,253,612,909,53,264,127,1199,297,656
20181113,서울특별시,11,관악구,11620,부산광역시,26,1381,245,46,141,314,18,64,70,300,99,158
20181113,서울특별시,11,관악구,11620,대구광역시,27,812,159,38,120,155,9,35,34,247,62,140
20181113,서울특별시,11,관악구,11620,인천광역시,28,63,250,39,170,261,12,81,46,289,71,160
20181113,서울특별시,11,성동구,11200,대구광역시,27,57,577,1671,95,229,45,175,99,533,209,114
20181113,서울특별시,11,성동구,11200,부산광역시,26,42,754,1029,171,298,63,190,92,719,330,109
20181113,서울특별시,11,성동구,11200,서울특별시,11,164,3430,2418,636,1075,211,907,301,2960,1309,484
20181113,서울특별시,11,동대문구,11230,대전광역시,30,70,225,16,73,188,14,249,20,625,155,81
20181113,서울특별시,11,동대문구,11230,울산광역시,31,42,176,11,51,140,16,186,19,492,112,48
20181113,서울특별시,11,강북구,11305,경상북도,47,8,181,10,34,49,7,35,61,488,80,47
20181113,서울특별시,11,강북구,11305,전라남도,46,7,121,8,33,28,3,28,38,322,59,26
20181113,서울특별시,11,강북구,11305,전라북도,45,9,102,7,31,39,5,21,35,372,53,43
20181113,서울특별시,11,강북구,11305,충청남도,44,10,179,3,41,53,8,29,56,489,109,43
20181113,서울특별시,11,중랑구,11260,대구광역시,27,121,237,28,226,380,75,135,73,1106,363,220
20181113,서울특별시,11,중랑구,11260,부산광역시,26,162,355,45,345,503,86,170,132,1466,540,319
20181113,서울특별시,11,동대문구,11230,세종특별자치시,36,16,51,12,19,40,5,41,8,143,23,14
20181113,서울특별시,11,동대문구,11230,경기도,41,625,2417,192,699,2008,221,2086,326,5986,1307,682
20181113,서울특별시,11,동대문구,11230,강원도,42,100,257,20,68,196,19,233,23,532,139,78
20181113,서울특별시,11,동대문구,11230,충청북도,43,77,261,16,76,214,17,227,25,623,148,81
20181113,서울특별시,11,동대문구,11230,충청남도,44,84,341,27,118,291,26,363,48,903,191,115
20181113,서울특별시,11,동대문구,11230,전라북도,45,67,292,25,76,226,25,206,37,707,167,71
20181113,서울특별시,11,관악구,11620,광주광역시,29,25,124,28,93,106,6,22,24,145,51,107
20181113,서울특별시,11,강남구,11680,서울특별시,11,424,3009,339,1497,1702,225,1196,289,3855,1291,2583
20181113,서울특별시,11,강남구,11680,부산광역시,26,92,686,39,338,352,69,317,84,913,344,669
20181113,서울특별시,11,강남구,11680,대구광역시,27,81,421,41,233,267,22,194,63,643,248,466
20181113,서울특별시,11,강남구,11680,인천광역시,28,96,556,43,307,356,47,287,69,778,305,581
20181113,서울특별시,11,강남구,11680,광주광역시,29,36,279,24,142,184,13,124,35,447,164,292
20181113,서울특별시,11,강남구,11680,대전광역시,30,46,257,20,184,220,11,153,51,392,148,294
20181113,서울특별시,11,강남구,11680,울산광역시,31,43,234,23,108,113,25,88,31,294,121,205
20181113,서울특별시,11,강남구,11680,세종특별자치시,36,17,49,8,34,61,5,40,9,72,28,58
20181113,서울특별시,11,강남구,11680,경기도,41,473,2877,296,1557,1881,275,1332,374,4338,1478,2596
20181113,서울특별시,11,강남구,11680,강원도,42,34,217,12,158,194,28,141,38,338,134,271
20181113,서울특별시,11,강남구,11680,충청북도,43,41,267,27,152,184,25,171,46,403,142,261
20181113,서울특별시,11,강남구,11680,충청남도,44,65,314,24,194,278,24,201,59,540,192,348
20181113,서울특별시,11,강남구,11680,전라북도,45,24,245,17,148,194,24,149,32,426,158,309
20181113,서울특별시,11,강남구,11680,전라남도,46,43,222,11,117,136,15,160,33,323,113,247
20181113,서울특별시,11,강남구,11680,경상북도,47,70,353,44,192,255,35,173,55,498,201,347
20181113,서울특별시,11,강남구,11680,경상남도,48,94,535,35,283,275,34,260,70,680,265,577
20181113,서울특별시,11,강남구,11680,제주특별자치도,50,24,114,6,45,45,9,56,18,134,40,79
20181113,서울특별시,11,동대문구,11230,전라남도,46,57,248,11,68,202,33,248,24,612,154,79
20181113,서울특별시,11,동대문구,11230,경상북도,47,85,421,36,114,350,36,428,46,1005,234,104
20181113,서울특별시,11,동대문구,11230,경상남도,48,113,541,38,132,392,51,513,62,1344,306,150
20181113,서울특별시,11,동대문구,11230,제주특별자치도,50,33,84,5,17,53,7,53,8,203,53,17
20181113,서울특별시,11,중랑구,11260,서울특별시,11,727,1440,184,1271,1810,316,674,422,5163,1674,1034
20181113,서울특별시,11,관악구,11620,대전광역시,30,24,204,22,84,178,8,48,105,133,44,114
20181113,서울특별시,11,관악구,11620,울산광역시,31,299,70,8,48,121,7,28,23,97,22,48
20181113,서울특별시,11,관악구,11620,세종특별자치시,36,0,36,5,13,37,0,7,11,40,5,23
20181113,서울특별시,11,관악구,11620,경기도,41,612,1184,211,725,1225,101,329,239,1627,427,836
20181113,서울특별시,11,관악구,11620,강원도,42,50,129,13,88,114,8,32,26,141,25,79
20181113,서울특별시,11,관악구,11620,충청북도,43,37,133,20,88,141,13,35,40,173,48,82
20181113,서울특별시,11,관악구,11620,충청남도,44,45,207,28,125,185,12,59,41,217,39,123
20181113,서울특별시,11,관악구,11620,전라북도,45,30,134,23,106,102,12,42,44,190,41,88
20181113,서울특별시,11,관악구,11620,전라남도,46,27,111,9,90,119,10,39,21,132,43,97
20181113,서울특별시,11,관악구,11620,경상북도,47,334,195,23,132,162,11,45,44,208,48,129
20181113,서울특별시,11,관악구,11620,경상남도,48,313,278,45,141,285,22,62,69,292,71,175
20181113,서울특별시,11,관악구,11620,제주특별자치도,50,14,34,3,17,14,3,4,5,49,14,15
20181113,서울특별시,11,광진구,11215,제주특별자치도,50,10,35,8,22,21,7,13,0,60,34,19
20181113,서울특별시,11,종로구,11110,대전광역시,30,20,113,17,32,62,5,27,21,214,121,13
20181113,서울특별시,11,구로구,11530,제주특별자치도,50,7,65,8,26,57,10,27,8,79,15,30
20181113,서울특별시,11,동작구,11590,서울특별시,11,207,757,293,427,460,135,484,118,1188,476,529
20181113,서울특별시,11,동작구,11590,부산광역시,26,48,177,42,108,146,27,174,34,223,146,159
20181113,서울특별시,11,동작구,11590,대구광역시,27,39,130,34,57,118,31,102,49,199,108,85
20181113,서울특별시,11,동작구,11590,인천광역시,28,58,202,45,103,141,39,166,65,279,138,151
20181113,서울특별시,11,동작구,11590,광주광역시,29,30,112,21,42,62,7,75,16,133,57,100
20181113,서울특별시,11,동작구,11590,대전광역시,30,23,92,24,61,76,7,83,16,128,53,61
20181113,서울특별시,11,동작구,11590,울산광역시,31,16,59,20,35,51,12,62,17,88,53,48
20181113,서울특별시,11,동작구,11590,세종특별자치시,36,5,18,10,13,21,4,29,7,22,19,10
20181113,서울특별시,11,동작구,11590,경기도,41,265,882,202,489,708,163,674,248,1487,616,648
20181113,서울특별시,11,동작구,11590,강원도,42,27,63,25,47,50,24,38,33,93,61,66
20181113,서울특별시,11,동작구,11590,충청북도,43,23,87,15,62,72,22,56,24,163,55,70
20181113,서울특별시,11,동작구,11590,충청남도,44,38,121,28,69,111,21,111,30,163,103,97
20181113,서울특별시,11,동작구,11590,전라북도,45,25,90,28,52,64,16,92,39,152,54,60
20181113,서울특별시,11,동작구,11590,전라남도,46,18,91,20,45,61,5,71,24,82,50,68
20181113,서울특별시,11,양천구,11470,제주특별자치도,50,19,36,3,18,30,8,17,9,20,8,46
20181113,서울특별시,11,양천구,11470,경상남도,48,90,165,10,141,289,72,150,60,231,77,273
20181113,서울특별시,11,양천구,11470,경상북도,47,59,125,6,105,243,44,153,30,129,58,198
20181113,서울특별시,11,양천구,11470,전라남도,46,44,81,8,69,143,30,69,22,93,47,138
20181113,서울특별시,11,양천구,11470,전라북도,45,44,101,6,77,172,26,90,34,107,56,145
20181113,서울특별시,11,양천구,11470,충청남도,44,77,108,4,114,254,30,121,31,164,62,178
20181113,서울특별시,11,양천구,11470,충청북도,43,51,100,9,73,206,30,98,37,129,56,119
20181113,서울특별시,11,동작구,11590,경상북도,47,36,133,27,63,109,31,111,41,165,94,76
20181113,서울특별시,11,도봉구,11320,제주특별자치도,50,6,58,0,35,19,0,18,9,47,33,14
20181113,서울특별시,11,도봉구,11320,경상남도,48,27,349,28,327,202,43,125,38,409,237,259
20181113,서울특별시,11,도봉구,11320,경상북도,47,18,294,30,283,148,19,77,23,279,196,203
20181113,서울특별시,11,도봉구,11320,전라남도,46,9,150,13,153,86,6,81,31,189,121,125
20181113,서울특별시,11,도봉구,11320,전라북도,45,21,203,21,201,97,13,80,18,196,136,137
20181113,서울특별시,11,도봉구,11320,충청남도,44,22,285,24,282,129,12,117,35,255,149,197
20181113,서울특별시,11,도봉구,11320,충청북도,43,11,195,18,218,81,12,89,20,223,126,125
20181113,서울특별시,11,도봉구,11320,강원도,42,12,198,10,161,70,18,40,20,166,124,120
20181113,서울특별시,11,도봉구,11320,경기도,41,125,2028,118,1976,1002,138,505,222,2015,1134,1254
20181113,서울특별시,11,도봉구,11320,세종특별자치시,36,0,63,4,48,29,0,21,6,34,20,33
20181113,서울특별시,11,도봉구,11320,울산광역시,31,8,139,9,131,74,12,51,23,152,101,99
20181113,서울특별시,11,도봉구,11320,대전광역시,30,4,214,18,205,125,18,51,19,155,147,121
20181113,서울특별시,11,도봉구,11320,광주광역시,29,11,197,23,205,93,14,69,26,186,154,151
20181113,서울특별시,11,도봉구,11320,인천광역시,28,28,461,19,406,190,26,186,46,380,247,278
20181113,서울특별시,11,도봉구,11320,대구광역시,27,24,332,31,317,133,18,88,31,268,186,215
20181113,서울특별시,11,도봉구,11320,부산광역시,26,28,417,37,408,208,23,168,37,383,259,272
20181113,서울특별시,11,도봉구,11320,서울특별시,11,100,2074,131,1778,844,103,659,144,1189,819,930
20181113,서울특별시,11,종로구,11110,광주광역시,29,26,107,24,38,75,0,24,34,215,176,13
20181113,서울특별시,11,종로구,11110,인천광역시,28,48,228,52,76,151,20,61,48,325,269,35
20181113,서울특별시,11,종로구,11110,대구광역시,27,46,137,34,37,116,4,40,40,299,203,33
20181113,서울특별시,11,종로구,11110,부산광역시,26,38,198,42,70,172,19,47,52,428,334,35
20181113,서울특별시,11,종로구,11110,서울특별시,11,182,948,219,338,573,54,313,170,1326,1024,134
20181113,서울특별시,11,종로구,11110,제주특별자치도,50,4,33,10,6,16,0,10,19,60,60,3
20181113,서울특별시,11,서대문구,11410,충청북도,43,3,55,7,29,223,10,52,5,188,32,107
20181113,서울특별시,11,서대문구,11410,충청남도,44,7,85,6,18,286,5,78,15,233,50,136
20181113,서울특별시,11,서대문구,11410,전라북도,45,5,56,4,19,185,10,70,5,185,26,101
20181113,서울특별시,11,서대문구,11410,전라남도,46,10,39,7,18,255,8,55,8,118,29,102
20181113,서울특별시,11,서대문구,11410,경상북도,47,8,87,23,23,315,0,80,17,236,43,151
20181113,서울특별시,11,서대문구,11410,경상남도,48,14,110,8,27,434,12,117,21,268,47,199
20181113,서울특별시,11,서대문구,11410,제주특별자치도,50,0,24,0,6,31,0,3,0,40,7,32
20181113,서울특별시,11,종로구,11110,경상남도,48,50,186,20,67,145,8,40,70,446,313,20
20181113,서울특별시,11,종로구,11110,경상북도,47,30,136,22,52,106,11,29,37,306,207,18
20181113,서울특별시,11,종로구,11110,전라남도,46,26,99,19,38,70,9,26,25,203,159,9
20181113,서울특별시,11,종로구,11110,전라북도,45,31,108,19,32,78,11,31,35,211,176,31
20181113,서울특별시,11,종로구,11110,충청남도,44,37,152,32,38,139,5,50,39,288,238,15
20181113,서울특별시,11,종로구,11110,충청북도,43,22,117,21,36,66,4,44,28,230,182,14
20181113,서울특별시,11,중구,11140,서울특별시,11,320,2408,349,372,1957,264,633,104,5105,1567,399
20181113,서울특별시,11,중구,11140,부산광역시,26,65,642,100,84,472,91,210,31,1275,392,115
20181113,서울특별시,11,중구,11140,대구광역시,27,39,447,80,48,327,31,113,21,985,259,76
20181113,서울특별시,11,중구,11140,인천광역시,28,59,456,52,84,424,47,161,29,1237,341,115
20181113,서울특별시,11,중구,11140,광주광역시,29,23,320,67,30,191,24,85,10,680,199,65
20181113,서울특별시,11,중구,11140,대전광역시,30,34,313,41,39,301,19,89,12,649,215,61
20181113,서울특별시,11,중구,11140,울산광역시,31,20,197,22,36,115,29,60,10,393,128,44
20181113,서울특별시,11,중구,11140,세종특별자치시,36,19,65,9,13,58,5,22,7,135,35,10
20181113,서울특별시,11,중구,11140,경기도,41,378,2547,361,413,2304,311,833,155,5704,1686,493
20181113,서울특별시,11,중구,11140,강원도,42,37,272,44,26,235,39,89,24,608,186,34
20181113,서울특별시,11,중구,11140,충청북도,43,44,262,44,53,248,49,106,16,637,174,36
20181113,서울특별시,11,중구,11140,충청남도,44,42,394,50,38,324,34,127,28,898,217,63
20181113,서울특별시,11,중구,11140,전라북도,45,29,251,40,33,315,39,88,14,673,185,54
20181113,서울특별시,11,중구,11140,전라남도,46,30,296,32,40,188,34,95,30,534,160,47
20181113,서울특별시,11,중구,11140,경상북도,47,45,391,65,48,311,53,153,32,869,215,82
20181113,서울특별시,11,영등포구,11560,서울특별시,11,103,1928,288,2477,1034,120,1263,84,1238,452,515
20181113,서울특별시,11,영등포구,11560,부산광역시,26,24,561,170,577,307,29,393,26,325,113,169
20181113,서울특별시,11,영등포구,11560,대구광역시,27,14,354,48,459,224,15,274,17,248,78,122
20181113,서울특별시,11,영등포구,11560,인천광역시,28,36,469,61,587,296,28,329,17,308,109,175
20181113,서울특별시,11,영등포구,11560,광주광역시,29,14,269,32,316,122,13,164,10,199,38,96
20181113,서울특별시,11,영등포구,11560,대전광역시,30,10,268,46,288,141,10,173,12,169,59,67
20181113,서울특별시,11,영등포구,11560,울산광역시,31,6,173,22,220,130,12,104,6,110,43,57
20181113,서울특별시,11,영등포구,11560,세종특별자치시,36,0,60,8,77,37,0,50,3,40,14,24
20181113,서울특별시,11,영등포구,11560,경기도,41,112,2351,323,2871,1602,144,1606,96,1755,544,728
20181113,서울특별시,11,영등포구,11560,강원도,42,15,224,23,313,132,9,169,6,146,52,75
20181113,서울특별시,11,영등포구,11560,충청북도,43,7,246,37,327,153,17,171,12,178,44,80
20181113,서울특별시,11,영등포구,11560,충청남도,44,12,353,38,401,248,15,236,14,225,75,116
20181113,서울특별시,11,영등포구,11560,전라북도,45,11,281,88,310,161,14,169,10,168,47,67
20181113,서울특별시,11,영등포구,11560,전라남도,46,5,289,32,301,143,16,167,4,171,44,79
20181113,서울특별시,11,영등포구,11560,경상북도,47,22,348,43,473,383,18,303,16,252,69,112
20181113,서울특별시,11,영등포구,11560,경상남도,48,22,511,104,604,290,26,405,31,329,77,142
20181113,서울특별시,11,영등포구,11560,제주특별자치도,50,3,86,12,96,31,6,56,0,64,11,26
20181113,서울특별시,11,중구,11140,경상남도,48,61,538,84,66,416,90,173,41,1121,313,122
20181113,서울특별시,11,중구,11140,제주특별자치도,50,5,87,12,19,90,12,16,0,212,67,6
20181113,서울특별시,11,강동구,11740,서울특별시,11,504,1032,216,339,1421,109,926,90,1547,422,387
20181113,서울특별시,11,강동구,11740,부산광역시,26,108,230,57,64,314,42,276,29,441,108,109
20181113,서울특별시,11,강동구,11740,대구광역시,27,111,165,54,52,244,15,138,22,301,66,76
20181113,서울특별시,11,강동구,11740,인천광역시,28,111,226,77,88,384,34,196,33,440,92,99
20181113,서울특별시,11,강서구,11500,제주특별자치도,50,7,97,11,36,83,7,38,17,181,44,32
20181113,서울특별시,11,강서구,11500,경상남도,48,50,410,55,211,552,69,672,41,968,306,313
20181113,서울특별시,11,강서구,11500,경상북도,47,56,313,38,165,425,49,509,39,648,268,238
20181113,서울특별시,11,강서구,11500,전라남도,46,19,229,35,108,301,38,252,37,516,110,142
20181113,서울특별시,11,강서구,11500,전라북도,45,24,264,40,132,366,35,364,30,602,146,155
20181113,서울특별시,11,강서구,11500,충청남도,44,47,321,47,215,431,36,498,33,765,203,189
20181113,서울특별시,11,강서구,11500,충청북도,43,17,226,44,159,269,30,339,23,567,159,139
20181113,서울특별시,11,강서구,11500,강원도,42,29,205,31,123,298,20,295,27,489,138,142
20181113,서울특별시,11,강서구,11500,경기도,41,303,2490,367,1382,2688,245,3148,283,4531,1379,1370
20181113,서울특별시,11,강서구,11500,세종특별자치시,36,0,61,10,18,58,7,57,7,98,31,34
20181114,서울특별시,11,강동구,11740,충청북도,43,81,97,21,45,162,18,110,9,247,49,45
20181114,서울특별시,11,강남구,11680,제주특별자치도,50,21,66,6,38,60,10,40,7,119,55,87
20181114,서울특별시,11,강남구,11680,경상남도,48,81,441,32,160,333,51,240,102,676,247,559
20181114,서울특별시,11,강남구,11680,경상북도,47,95,356,45,166,327,32,216,63,500,192,439
20181114,서울특별시,11,강남구,11680,전라남도,46,44,218,25,75,144,15,116,41,307,133,267
20181114,서울특별시,11,강남구,11680,전라북도,45,36,266,21,73,196,22,117,58,368,146,283
20181114,서울특별시,11,강남구,11680,충청남도,44,54,294,36,150,279,35,211,83,532,160,347
20181114,서울특별시,11,강남구,11680,충청북도,43,38,214,33,111,182,23,147,38,427,137,279
20181114,서울특별시,11,강남구,11680,강원도,42,40,202,25,114,180,28,143,30,299,146,258
20181114,서울특별시,11,강남구,11680,경기도,41,423,2753,305,1123,2001,238,1279,524,4524,1461,2860
20181114,서울특별시,11,강남구,11680,세종특별자치시,36,9,59,12,24,53,3,26,22,85,21,71
20181114,서울특별시,11,강남구,11680,울산광역시,31,44,192,14,63,120,12,80,43,254,133,240
20181114,서울특별시,11,강남구,11680,대전광역시,30,49,298,24,111,210,29,128,63,364,144,307
20181114,서울특별시,11,강남구,11680,광주광역시,29,46,247,13,94,186,16,138,35,460,124,334
20181114,서울특별시,11,강남구,11680,인천광역시,28,92,518,33,194,381,44,259,112,769,271,590
20181114,서울특별시,11,강남구,11680,대구광역시,27,90,421,47,133,305,32,214,103,679,240,486
20181114,서울특별시,11,강남구,11680,부산광역시,26,119,669,49,228,415,30,257,114,888,342,667
20181114,서울특별시,11,강남구,11680,서울특별시,11,385,2858,320,1118,2018,182,1138,341,4279,1379,2864
20181114,서울특별시,11,서초구,11650,서울특별시,11,210,3031,535,929,1384,148,1648,258,1258,768,1030
20181114,서울특별시,11,서초구,11650,부산광역시,26,49,1706,105,208,327,32,382,45,198,189,353
20181114,서울특별시,11,서초구,11650,대구광역시,27,30,353,74,154,262,23,268,43,162,137,225
20181114,서울특별시,11,서초구,11650,인천광역시,28,41,473,75,202,358,32,272,63,221,154,300
20181114,서울특별시,11,서초구,11650,광주광역시,29,21,234,63,92,177,14,96,31,102,90,133
20181114,서울특별시,11,서초구,11650,대전광역시,30,23,224,53,106,144,12,139,29,98,89,126
20181114,서울특별시,11,서초구,11650,울산광역시,31,12,166,28,74,93,20,115,19,62,57,122
20181114,서울특별시,11,서초구,11650,세종특별자치시,36,7,45,9,13,32,3,26,6,25,25,30
20181114,서울특별시,11,서초구,11650,경기도,41,264,2923,472,1027,1737,174,1491,343,1716,917,1303
20181114,서울특별시,11,서초구,11650,강원도,42,23,181,31,117,168,13,124,29,81,74,151
20181114,서울특별시,11,서초구,11650,충청북도,43,40,200,43,94,176,21,109,31,129,91,120
20181114,서울특별시,11,서초구,11650,충청남도,44,49,248,58,128,282,24,215,49,119,130,212
20181114,서울특별시,11,서초구,11650,전라북도,45,26,196,39,99,181,15,175,25,105,98,160
20181114,서울특별시,11,서초구,11650,전라남도,46,26,153,36,93,167,8,118,25,82,63,123
20181114,서울특별시,11,서초구,11650,경상북도,47,29,444,45,157,233,19,219,23,168,117,228
20181114,서울특별시,11,서초구,11650,경상남도,48,41,528,75,190,321,31,259,48,192,174,283
20181114,서울특별시,11,서초구,11650,제주특별자치도,50,7,66,14,27,51,4,37,6,32,28,75
20181114,서울특별시,11,마포구,11440,서울특별시,11,219,2195,502,1590,1712,101,1426,161,2603,1705,425
20181114,서울특별시,11,마포구,11440,부산광역시,26,54,545,123,410,440,25,359,42,602,428,134
20181114,서울특별시,11,마포구,11440,대구광역시,27,28,367,75,325,311,18,244,33,425,294,73
20181114,서울특별시,11,마포구,11440,인천광역시,28,65,584,113,439,393,16,282,39,542,343,119
20181114,서울특별시,11,마포구,11440,광주광역시,29,21,286,59,202,235,3,133,22,264,209,48
20181114,서울특별시,11,마포구,11440,대전광역시,30,22,251,49,236,212,8,149,24,310,194,72
20181114,서울특별시,11,마포구,11440,울산광역시,31,15,179,34,157,138,7,112,13,188,132,48
20181114,서울특별시,11,마포구,11440,세종특별자치시,36,11,42,12,53,42,0,33,7,68,45,10
20181114,서울특별시,11,마포구,11440,경기도,41,254,2481,598,1884,1920,99,1435,220,2821,1753,531
20181114,서울특별시,11,마포구,11440,강원도,42,18,205,53,197,210,17,164,20,257,167,29
20181114,서울특별시,11,마포구,11440,충청북도,43,17,241,82,222,203,9,141,21,296,148,71
20181114,서울특별시,11,마포구,11440,충청남도,44,20,333,73,256,277,12,244,23,353,260,69
20181114,서울특별시,11,마포구,11440,전라북도,45,21,287,60,214,203,9,154,22,304,173,46
20181114,서울특별시,11,마포구,11440,전라남도,46,22,231,47,186,187,6,159,28,259,164,41
20181114,서울특별시,11,마포구,11440,경상북도,47,35,359,76,295,283,17,220,32,387,273,60
20181114,서울특별시,11,마포구,11440,경상남도,48,34,484,98,420,348,20,281,30,521,303,98
20181114,서울특별시,11,마포구,11440,제주특별자치도,50,11,78,14,69,58,4,60,6,99,43,14
20181114,서울특별시,11,성북구,11290,제주특별자치도,50,8,180,9,49,68,22,45,25,694,209,175
20181114,서울특별시,11,성북구,11290,경상남도,48,70,800,75,341,495,106,263,142,4148,1291,559
20181114,서울특별시,11,성북구,11290,경상북도,47,45,697,37,324,409,100,177,106,2889,857,375
20181114,서울특별시,11,성북구,11290,전라남도,46,23,443,16,187,305,45,144,56,2065,626,249
20181114,서울특별시,11,성북구,11290,전라북도,45,40,486,16,207,270,48,142,74,2177,685,275
20181114,서울특별시,11,성북구,11290,충청남도,44,50,602,32,298,410,82,163,101,2826,874,374
20181114,서울특별시,11,성북구,11290,충청북도,43,42,383,29,211,248,63,111,53,2090,618,248
20181114,서울특별시,11,성북구,11290,강원도,42,42,371,24,194,237,59,150,65,1875,585,243
20181114,서울특별시,11,성북구,11290,경기도,41,346,3654,276,2023,2717,481,1361,644,17864,5865,2393
20181114,서울특별시,11,성북구,11290,세종특별자치시,36,9,86,6,41,59,11,43,21,468,142,57
20181114,서울특별시,11,성북구,11290,울산광역시,31,26,292,14,158,218,34,106,62,1396,501,182
20181114,서울특별시,11,성북구,11290,대전광역시,30,35,375,23,212,220,36,137,55,1943,602,243
20181114,서울특별시,11,성북구,11290,광주광역시,29,31,404,24,203,245,45,108,66,2225,719,261
20181114,서울특별시,11,성북구,11290,인천광역시,28,70,907,49,392,581,113,302,132,3946,1324,491
20181114,서울특별시,11,성북구,11290,대구광역시,27,70,689,67,306,320,74,230,91,2847,930,377
20181114,서울특별시,11,성북구,11290,부산광역시,26,74,907,52,400,567,93,304,145,4077,1306,520
20181114,서울특별시,11,성북구,11290,서울특별시,11,314,2961,214,1531,1913,342,1152,417,13482,4965,1948
20181114,서울특별시,11,금천구,11545,서울특별시,11,426,1952,419,1797,2039,320,965,324,2684,1269,2446
20181114,서울특별시,11,금천구,11545,부산광역시,26,82,501,123,517,567,113,284,120,725,372,776
20181114,서울특별시,11,금천구,11545,대구광역시,27,76,344,61,316,338,63,186,68,530,235,501
20181114,서울특별시,11,금천구,11545,인천광역시,28,136,554,67,509,513,72,255,101,571,329,650
20181114,서울특별시,11,금천구,11545,광주광역시,29,39,235,35,218,202,39,124,48,364,183,310
20181114,서울특별시,11,금천구,11545,대전광역시,30,43,262,41,249,227,56,124,43,361,166,306
20181114,서울특별시,11,금천구,11545,울산광역시,31,37,200,47,155,205,30,90,36,230,88,273
20181114,서울특별시,11,금천구,11545,세종특별자치시,36,14,60,19,49,51,5,31,23,102,43,68
20181114,서울특별시,11,금천구,11545,경기도,41,531,2400,373,2175,2766,327,1175,524,3174,1397,3054
20181114,서울특별시,11,금천구,11545,강원도,42,51,254,110,227,213,36,109,47,364,132,310
20181114,서울특별시,11,금천구,11545,충청북도,43,43,228,79,250,225,16,136,54,380,160,281
20181114,서울특별시,11,금천구,11545,충청남도,44,59,370,121,388,377,51,147,66,462,236,444
20181114,서울특별시,11,금천구,11545,전라북도,45,50,263,96,238,289,33,127,42,480,161,343
20181114,서울특별시,11,금천구,11545,전라남도,46,43,275,75,224,256,39,108,59,353,175,266
20181114,서울특별시,11,금천구,11545,경상북도,47,78,364,78,309,422,64,180,68,536,218,441
20181114,서울특별시,11,금천구,11545,경상남도,48,95,482,64,448,587,70,250,111,671,314,752
20181114,서울특별시,11,금천구,11545,제주특별자치도,50,21,79,13,60,58,15,32,12,158,36,104
20181114,서울특별시,11,영등포구,11560,제주특별자치도,50,3,51,12,56,33,3,45,3,106,10,21
20181114,서울특별시,11,영등포구,11560,경상남도,48,21,450,100,540,397,38,349,15,513,102,152
20181114,서울특별시,11,영등포구,11560,경상북도,47,17,301,52,379,251,27,265,20,378,58,110
20181114,서울특별시,11,영등포구,11560,전라남도,46,9,191,24,271,144,25,158,6,286,41,96
20181114,서울특별시,11,성동구,11200,서울특별시,11,107,4669,1146,636,952,194,892,166,2962,974,388
20181114,서울특별시,11,성동구,11200,부산광역시,26,36,1227,447,138,258,53,199,93,714,217,89
20181114,서울특별시,11,성동구,11200,대구광역시,27,24,1350,681,102,179,42,187,119,551,132,68
20181114,서울특별시,11,성동구,11200,인천광역시,28,30,1310,502,110,276,44,217,64,683,185,91
20181114,서울특별시,11,성동구,11200,광주광역시,29,13,598,233,71,133,24,121,50,384,108,46
20181114,서울특별시,11,성동구,11200,대전광역시,30,15,648,247,80,132,35,103,47,353,79,28
20181114,서울특별시,11,성동구,11200,울산광역시,31,16,767,403,42,83,13,106,62,242,76,43
20181114,서울특별시,11,성동구,11200,세종특별자치시,36,4,185,63,18,22,6,28,4,75,15,8
20181114,서울특별시,11,성동구,11200,경기도,41,172,6834,2247,637,1155,274,1100,264,3484,909,473
20181114,서울특별시,11,성동구,11200,강원도,42,14,491,192,77,124,29,99,31,301,73,34
20181114,서울특별시,11,성동구,11200,충청북도,43,10,612,234,60,92,25,106,47,368,71,53
20181114,서울특별시,11,성동구,11200,충청남도,44,25,1112,457,89,188,52,157,54,473,100,50
20181114,서울특별시,11,성동구,11200,전라북도,45,11,595,213,56,142,18,111,43,399,72,41
20181114,서울특별시,11,성동구,11200,전라남도,46,17,556,231,49,125,28,116,46,297,74,32
20181114,서울특별시,11,성동구,11200,경상북도,47,22,1489,721,77,240,49,177,101,478,127,87
20181114,서울특별시,11,성동구,11200,경상남도,48,44,1454,647,112,222,61,217,111,653,158,100
20181114,서울특별시,11,성동구,11200,제주특별자치도,50,10,119,10,21,37,7,15,12,107,38,9
20181114,서울특별시,11,중구,11140,제주특별자치도,50,9,80,29,12,71,6,25,4,191,53,14
20181114,서울특별시,11,중구,11140,경상남도,48,64,498,91,76,382,89,180,38,1100,277,80
20181114,서울특별시,11,중구,11140,경상북도,47,64,376,72,51,298,27,142,20,781,243,52
20181114,서울특별시,11,중구,11140,전라남도,46,32,296,44,37,207,27,97,23,522,122,40
20181114,서울특별시,11,중구,11140,전라북도,45,39,238,57,31,241,33,90,21,631,166,43
20181114,서울특별시,11,중구,11140,충청남도,44,51,327,49,53,323,43,113,21,785,203,44
20181114,서울특별시,11,중구,11140,충청북도,43,26,270,46,26,230,31,80,21,570,142,36
20181114,서울특별시,11,중구,11140,강원도,42,46,299,45,35,237,29,87,17,534,143,28
20181114,서울특별시,11,중구,11140,경기도,41,372,2423,424,384,2198,274,718,169,5396,1525,405
20181114,서울특별시,11,중구,11140,세종특별자치시,36,5,68,11,9,52,5,24,3,142,36,4
20181114,서울특별시,11,중구,11140,울산광역시,31,16,194,29,24,125,24,68,15,392,118,47
20181114,서울특별시,11,중구,11140,대전광역시,30,48,297,47,48,218,28,100,15,583,163,36
20181114,서울특별시,11,중구,11140,광주광역시,29,37,266,75,28,204,29,85,15,650,185,61
20181114,서울특별시,11,중구,11140,인천광역시,28,79,414,65,72,393,56,193,50,1129,297,90
20181114,서울특별시,11,중구,11140,대구광역시,27,51,417,101,69,273,40,139,22,902,241,73
20181114,서울특별시,11,중구,11140,부산광역시,26,66,618,90,73,416,64,170,52,1248,335,99
20181114,서울특별시,11,중구,11140,서울특별시,11,305,2388,380,363,1887,202,575,135,4751,1339,394
20181114,서울특별시,11,영등포구,11560,전라북도,45,17,232,22,285,130,17,154,11,318,40,85
20181114,서울특별시,11,관악구,11620,서울특별시,11,120,797,269,450,845,65,192,128,951,358,598
20181114,서울특별시,11,관악구,11620,부산광역시,26,25,230,56,123,233,16,50,36,230,89,180
20181114,서울특별시,11,관악구,11620,대구광역시,27,36,153,49,84,158,8,23,33,181,48,145
20181114,서울특별시,11,관악구,11620,인천광역시,28,48,231,32,129,253,13,56,41,207,70,171
20181114,서울특별시,11,관악구,11620,광주광역시,29,12,88,20,59,110,16,24,22,117,68,86
20181114,서울특별시,11,관악구,11620,대전광역시,30,16,134,19,51,115,8,28,47,119,47,73
20181114,서울특별시,11,관악구,11620,울산광역시,31,15,69,10,47,65,3,16,17,91,31,68
20181114,서울특별시,11,관악구,11620,세종특별자치시,36,6,75,12,10,28,0,3,8,31,4,10
20181114,서울특별시,11,관악구,11620,경기도,41,148,1094,189,632,1154,81,281,171,1397,465,770
20181114,서울특별시,11,관악구,11620,강원도,42,17,102,12,66,95,6,37,20,110,41,59
20181114,서울특별시,11,관악구,11620,충청북도,43,20,123,26,78,138,9,30,27,137,53,80
20181114,서울특별시,11,관악구,11620,충청남도,44,42,187,18,94,170,7,49,50,171,59,103
20181114,서울특별시,11,관악구,11620,전라북도,45,24,130,26,69,112,6,45,26,127,32,88
20181114,서울특별시,11,관악구,11620,전라남도,46,9,107,15,57,90,11,33,21,138,44,87
20181114,서울특별시,11,관악구,11620,경상북도,47,21,166,29,106,164,5,50,52,150,75,129
20181114,서울특별시,11,관악구,11620,경상남도,48,39,220,21,103,233,16,66,62,207,101,172
20181114,서울특별시,11,관악구,11620,제주특별자치도,50,4,36,6,27,15,0,13,7,49,16,16
20181114,서울특별시,11,영등포구,11560,충청남도,44,14,281,39,369,217,31,240,11,334,53,104
20181114,서울특별시,11,영등포구,11560,충청북도,43,13,238,43,265,133,20,143,7,294,35,77
20181114,서울특별시,11,영등포구,11560,강원도,42,9,195,34,278,127,15,142,9,293,47,66
20181114,서울특별시,11,영등포구,11560,경기도,41,124,1905,380,2412,1409,186,1521,106,2784,484,736
20181114,서울특별시,11,영등포구,11560,세종특별자치시,36,0,44,5,58,36,0,23,4,41,9,17
20181114,서울특별시,11,영등포구,11560,울산광역시,31,12,152,37,176,106,19,126,4,221,30,61
20181114,서울특별시,11,영등포구,11560,대전광역시,30,6,226,40,294,149,22,162,16,308,64,71
20181114,서울특별시,11,영등포구,11560,광주광역시,29,11,187,32,259,136,16,145,9,324,48,79
20181114,서울특별시,11,영등포구,11560,인천광역시,28,30,391,55,501,273,37,282,21,525,96,175
20181114,서울특별시,11,영등포구,11560,대구광역시,27,17,396,51,357,208,39,252,16,395,72,137
20181114,서울특별시,11,영등포구,11560,부산광역시,26,29,461,187,512,283,47,386,25,599,107,145
20181114,서울특별시,11,영등포구,11560,서울특별시,11,79,1772,368,2003,968,143,1303,59,2046,456,565
20181114,서울특별시,11,강북구,11305,제주특별자치도,50,3,22,0,6,9,0,5,4,93,19,0
20181114,서울특별시,11,강북구,11305,경상남도,48,14,247,11,50,68,15,41,68,689,118,50
20181114,서울특별시,11,강북구,11305,경상북도,47,8,193,12,31,52,11,28,41,562,83,41
20181114,서울특별시,11,강북구,11305,전라남도,46,7,124,8,16,28,7,23,24,379,71,22
20181114,서울특별시,11,서대문구,11410,제주특별자치도,50,0,21,0,0,28,0,4,0,54,4,16
20181114,서울특별시,11,서대문구,11410,경상남도,48,11,118,14,20,346,12,92,9,285,52,129
20181114,서울특별시,11,서대문구,11410,경상북도,47,12,110,11,19,280,6,81,6,222,33,95
20181114,서울특별시,11,서대문구,11410,전라남도,46,4,65,7,10,193,4,41,6,123,29,52
20181114,서울특별시,11,서대문구,11410,전라북도,45,9,58,6,4,195,9,52,6,171,29,51
20181114,서울특별시,11,서대문구,11410,충청남도,44,11,79,5,12,269,6,70,18,209,28,103
20181114,서울특별시,11,서대문구,11410,충청북도,43,10,61,5,13,183,6,52,9,161,27,64
20181114,서울특별시,11,서대문구,11410,강원도,42,10,50,6,11,182,4,33,7,128,16,52
20181114,서울특별시,11,서대문구,11410,경기도,41,86,620,127,137,1604,58,503,71,1807,278,595
20181114,서울특별시,11,서대문구,11410,세종특별자치시,36,0,12,0,0,30,3,12,19,39,9,18
20181114,서울특별시,11,서대문구,11410,울산광역시,31,6,36,6,5,128,4,25,5,107,13,37
20181114,서울특별시,11,서대문구,11410,대전광역시,30,5,55,12,18,172,7,42,4,180,37,57
20181114,서울특별시,11,서대문구,11410,광주광역시,29,9,53,4,12,172,4,43,5,195,24,54
20181114,서울특별시,11,강북구,11305,전라북도,45,4,134,7,14,33,5,22,30,415,55,32
20181114,서울특별시,11,강북구,11305,충청남도,44,12,174,11,17,53,7,23,51,520,103,36
20181114,서울특별시,11,강북구,11305,충청북도,43,13,124,6,23,39,5,16,32,393,60,27
20181114,서울특별시,11,강북구,11305,강원도,42,4,118,0,13,41,6,21,25,315,58,28
20181114,서울특별시,11,강북구,11305,경기도,41,66,1144,74,252,362,59,190,301,3399,728,265
20181114,서울특별시,11,강북구,11305,세종특별자치시,36,4,24,0,3,5,0,0,10,67,12,4
20181114,서울특별시,11,강북구,11305,울산광역시,31,0,78,7,14,33,4,12,19,230,53,20
20181114,서울특별시,11,강북구,11305,대전광역시,30,9,120,3,24,36,9,25,24,336,71,28
20181114,서울특별시,11,강북구,11305,광주광역시,29,13,115,12,16,32,7,22,31,420,59,11
20181114,서울특별시,11,강북구,11305,인천광역시,28,17,234,17,41,78,6,40,55,755,145,67
20181114,서울특별시,11,강북구,11305,대구광역시,27,8,158,6,31,51,10,24,44,537,106,44
20181114,서울특별시,11,강북구,11305,부산광역시,26,17,224,15,53,72,13,35,63,723,142,60
20181114,서울특별시,11,강북구,11305,서울특별시,11,64,854,36,167,283,50,152,164,2269,588,225
20181114,서울특별시,11,강동구,11740,서울특별시,11,598,876,194,364,1152,146,905,85,1739,430,328
20181114,서울특별시,11,강동구,11740,부산광역시,26,129,192,47,78,302,36,230,24,445,139,80
20181114,서울특별시,11,강동구,11740,대구광역시,27,119,114,63,53,206,22,140,13,286,73,42
20181114,서울특별시,11,강동구,11740,인천광역시,28,150,208,61,88,345,30,203,21,489,96,101
20181114,서울특별시,11,강동구,11740,광주광역시,29,66,103,15,31,197,16,99,9,238,64,44
20181114,서울특별시,11,강동구,11740,대전광역시,30,86,87,26,29,176,21,73,9,208,45,50
20181114,서울특별시,11,강동구,11740,울산광역시,31,64,77,17,39,96,15,57,12,161,27,29
20181114,서울특별시,11,강동구,11740,세종특별자치시,36,18,15,8,3,29,3,24,3,32,4,11
20181114,서울특별시,11,강동구,11740,경기도,41,652,1046,237,389,1505,160,904,145,2297,456,407
20181114,서울특별시,11,강동구,11740,강원도,42,57,96,18,43,185,20,106,11,165,44,43
20181114,서울특별시,11,강동구,11740,충청남도,44,87,121,29,53,213,25,156,13,329,71,52
20181114,서울특별시,11,강동구,11740,전라북도,45,95,93,19,30,157,20,74,9,225,39,35
20181114,서울특별시,11,강동구,11740,전라남도,46,74,83,22,34,248,19,77,4,204,39,33
20181114,서울특별시,11,강동구,11740,경상북도,47,96,111,34,53,272,28,130,18,309,60,60
20181114,서울특별시,11,강동구,11740,경상남도,48,155,171,46,89,295,47,212,25,416,80,75
20181114,서울특별시,11,강동구,11740,제주특별자치도,50,13,16,4,6,38,11,15,0,52,11,7
20181114,서울특별시,11,서대문구,11410,인천광역시,28,11,122,75,24,364,10,129,17,327,47,128
20181114,서울특별시,11,서대문구,11410,대구광역시,27,16,65,0,20,218,10,59,16,237,37,89
20181114,서울특별시,11,서대문구,11410,부산광역시,26,15,124,48,24,306,12,124,9,341,67,119
20181114,서울특별시,11,서대문구,11410,서울특별시,11,57,772,76,128,1124,50,498,41,1683,216,479
20181114,서울특별시,11,송파구,11710,제주특별자치도,50,5,56,0,18,119,5,52,0,139,27,17
20181114,서울특별시,11,송파구,11710,경상남도,48,30,255,7,172,553,38,308,48,750,148,205
20181114,서울특별시,11,송파구,11710,경상북도,47,17,235,19,98,278,11,228,21,562,100,158
20181114,서울특별시,11,송파구,11710,전라남도,46,6,124,3,48,214,17,130,15,378,67,92
20181114,서울특별시,11,송파구,11710,전라북도,45,8,145,13,50,271,14,140,11,440,69,118
20181114,서울특별시,11,송파구,11710,충청남도,44,15,244,14,81,353,15,176,22,639,115,138
20181114,서울특별시,11,송파구,11710,충청북도,43,17,196,18,90,210,13,149,22,410,64,115
20181114,서울특별시,11,송파구,11710,강원도,42,9,173,16,57,262,13,129,18,385,70,100
20181114,서울특별시,11,송파구,11710,경기도,41,159,1718,133,725,2004,143,1433,182,4305,839,974
20181114,서울특별시,11,송파구,11710,세종특별자치시,36,4,32,4,14,96,0,26,3,87,20,25
20181114,서울특별시,11,송파구,11710,울산광역시,31,6,102,5,35,181,11,88,12,274,59,80
20181114,서울특별시,11,송파구,11710,대전광역시,30,9,199,11,81,226,12,156,13,443,82,100
20181114,서울특별시,11,송파구,11710,광주광역시,29,13,177,13,39,232,28,129,20,415,88,95
20181114,서울특별시,11,송파구,11710,인천광역시,28,35,348,7,140,433,35,330,45,826,153,204
20181114,서울특별시,11,송파구,11710,대구광역시,27,21,225,19,91,367,24,186,22,580,115,172
20181114,서울특별시,11,송파구,11710,부산광역시,26,23,310,28,115,501,22,316,33,852,175,213
20181114,서울특별시,11,송파구,11710,서울특별시,11,96,1570,83,590,1110,115,1197,132,3399,753,786
20181114,서울특별시,11,종로구,11110,서울특별시,11,200,900,611,276,629,55,233,146,1269,901,124
20181114,서울특별시,11,종로구,11110,부산광역시,26,66,178,42,68,188,10,42,37,411,289,35
20181114,서울특별시,11,종로구,11110,대구광역시,27,44,122,32,47,110,6,29,36,306,195,27
20181114,서울특별시,11,종로구,11110,인천광역시,28,46,190,73,82,201,15,33,54,307,284,33
20181114,서울특별시,11,종로구,11110,광주광역시,29,20,89,22,31,68,6,14,24,233,158,9
20181114,서울특별시,11,종로구,11110,대전광역시,30,21,105,27,33,80,6,15,37,180,130,18
20181114,서울특별시,11,종로구,11110,울산광역시,31,25,61,13,27,66,11,9,16,137,100,13
20181114,서울특별시,11,종로구,11110,세종특별자치시,36,4,17,3,10,19,0,0,6,49,31,4
20181114,서울특별시,11,종로구,11110,경기도,41,242,1000,531,310,910,86,305,237,1755,1312,147
20181114,서울특별시,11,종로구,11110,강원도,42,33,97,23,39,57,5,32,20,169,139,17
20181114,서울특별시,11,종로구,11110,충청북도,43,32,97,19,39,82,4,23,35,216,159,17
20181114,서울특별시,11,종로구,11110,충청남도,44,36,148,21,42,139,9,41,32,281,214,25
20181114,서울특별시,11,종로구,11110,전라북도,45,26,113,23,40,74,4,19,23,197,155,24
20181114,서울특별시,11,종로구,11110,전라남도,46,22,97,21,35,82,5,21,29,244,153,16
20181114,서울특별시,11,종로구,11110,경상북도,47,40,168,24,57,119,12,17,38,319,196,17
20181114,서울특별시,11,종로구,11110,경상남도,48,56,179,32,64,154,18,42,57,403,281,18
20181114,서울특별시,11,종로구,11110,제주특별자치도,50,11,35,6,12,21,0,9,23,63,39,6
20181114,서울특별시,11,동대문구,11230,서울특별시,11,480,1668,159,608,1035,131,1422,178,4156,1090,500
20181114,서울특별시,11,동대문구,11230,부산광역시,26,101,468,50,155,304,36,468,66,1236,325,144
20181114,서울특별시,11,동대문구,11230,대구광역시,27,87,323,24,101,229,34,290,36,865,214,109
20181114,서울특별시,11,동대문구,11230,인천광역시,28,135,506,34,167,303,42,457,66,1239,286,130
20181114,서울특별시,11,동대문구,11230,광주광역시,29,48,217,23,76,150,18,190,26,626,150,76
20181114,서울특별시,11,동대문구,11230,대전광역시,30,64,226,14,67,178,17,191,28,571,159,54
20181114,서울특별시,11,동대문구,11230,울산광역시,31,29,164,9,52,100,18,142,20,474,105,54
20181114,서울특별시,11,동대문구,11230,세종특별자치시,36,15,43,5,15,27,0,43,7,129,41,9
20181114,서울특별시,11,동대문구,11230,경기도,41,575,2158,191,713,1661,227,1953,273,5491,1239,666
20181114,서울특별시,11,동대문구,11230,강원도,42,67,224,19,62,187,15,222,36,528,120,49
20181114,서울특별시,11,동대문구,11230,충청북도,43,66,240,17,73,190,24,216,20,573,148,72
20181114,서울특별시,11,동대문구,11230,충청남도,44,91,297,23,98,268,25,314,38,866,180,90
20181114,서울특별시,11,동대문구,11230,전라북도,45,41,233,23,60,179,26,227,31,627,139,71
20181114,서울특별시,11,동대문구,11230,전라남도,46,39,203,18,82,147,20,217,27,528,122,57
20181114,서울특별시,11,동대문구,11230,경상북도,47,71,392,32,110,312,34,366,29,860,201,103
20181114,서울특별시,11,동대문구,11230,경상남도,48,107,503,32,137,346,45,423,51,1261,270,139
20181114,서울특별시,11,동대문구,11230,제주특별자치도,50,21,69,0,20,43,8,37,29,184,42,14
20181114,서울특별시,11,중랑구,11260,제주특별자치도,50,14,61,0,19,62,4,18,11,173,47,27
20181114,서울특별시,11,중랑구,11260,경상남도,48,143,380,41,219,494,63,170,132,1548,401,230
20181114,서울특별시,11,중랑구,11260,경상북도,47,92,289,30,182,369,48,121,91,1118,313,178
20181114,서울특별시,11,중랑구,11260,전라남도,46,43,172,10,99,257,34,88,67,658,176,94
20181114,서울특별시,11,중랑구,11260,전라북도,45,41,239,14,138,253,37,76,86,810,215,110
20181114,서울특별시,11,중랑구,11260,충청남도,44,76,262,32,184,375,37,106,105,1074,304,178
20181114,서울특별시,11,중랑구,11260,충청북도,43,48,194,25,113,281,30,89,67,770,191,115
20181114,서울특별시,11,중랑구,11260,강원도,42,51,153,12,134,229,25,103,78,684,167,93
20181114,서울특별시,11,중랑구,11260,경기도,41,402,1995,211,1325,2414,305,780,650,6787,1708,1023
20181114,서울특별시,11,중랑구,11260,세종특별자치시,36,15,45,4,32,65,15,25,21,144,51,22
20181114,서울특별시,11,중랑구,11260,울산광역시,31,36,148,13,81,188,32,67,54,518,156,75
20181114,서울특별시,11,중랑구,11260,대전광역시,30,39,203,18,136,258,29,81,72,745,217,106
20181114,서울특별시,11,중랑구,11260,광주광역시,29,42,178,23,133,265,32,69,60,777,229,114
20181114,서울특별시,11,중랑구,11260,인천광역시,28,79,431,47,227,508,79,163,137,1513,401,230
20181114,서울특별시,11,중랑구,11260,대구광역시,27,68,307,23,176,397,44,162,98,1050,284,166
20181114,서울특별시,11,중랑구,11260,부산광역시,26,93,432,52,235,497,45,178,123,1418,441,224
20181114,서울특별시,11,중랑구,11260,서울특별시,11,315,1608,147,1029,1764,200,640,368,4737,1337,852
20181114,서울특별시,11,용산구,11170,제주특별자치도,50,11,87,16,316,64,4,12,5,52,12,8
20181114,서울특별시,11,용산구,11170,경상남도,48,60,439,31,1896,472,55,64,32,380,121,72
20181114,서울특별시,11,용산구,11170,경상북도,47,25,344,20,1486,384,38,44,36,288,92,71
20181114,서울특별시,11,용산구,11170,전라남도,46,22,187,20,832,222,28,33,17,203,66,32
20181114,서울특별시,11,용산구,11170,전라북도,45,26,207,29,1086,269,24,30,19,214,68,30
20181114,서울특별시,11,용산구,11170,충청남도,44,44,306,18,1486,375,43,59,19,235,97,46
20181114,서울특별시,11,용산구,11170,충청북도,43,24,245,29,1021,271,25,37,19,216,71,42
20181114,서울특별시,11,용산구,11170,강원도,42,25,220,20,897,196,25,36,15,190,68,34
20181114,서울특별시,11,용산구,11170,경기도,41,274,2143,218,10415,2621,238,367,175,1999,660,394
20181114,서울특별시,11,용산구,11170,세종특별자치시,36,6,47,3,235,62,4,12,8,49,23,6
20181114,서울특별시,11,용산구,11170,울산광역시,31,16,127,10,717,187,28,29,17,176,48,22
20181114,서울특별시,11,용산구,11170,대전광역시,30,31,239,28,1220,278,31,21,26,177,67,37
20181114,서울특별시,11,용산구,11170,광주광역시,29,35,214,19,894,227,29,30,16,183,57,46
20181114,서울특별시,11,용산구,11170,인천광역시,28,48,453,55,2035,569,53,76,62,363,127,91
20181114,서울특별시,11,용산구,11170,대구광역시,27,46,371,25,1482,368,40,45,34,298,104,60
20181114,서울특별시,11,용산구,11170,부산광역시,26,44,553,29,2050,491,42,65,53,443,150,75
20181114,서울특별시,11,용산구,11170,서울특별시,11,213,2075,246,9154,2081,219,312,123,1589,576,335
20181114,서울특별시,11,강서구,11500,서울특별시,11,186,1729,292,875,1659,189,2594,275,2460,1101,1150
20181114,서울특별시,11,강서구,11500,부산광역시,26,48,402,77,203,449,47,784,98,718,353,338
20181114,서울특별시,11,강서구,11500,대구광역시,27,53,313,56,142,315,35,563,63,493,276,243
20181114,서울특별시,11,강서구,11500,인천광역시,28,67,477,77,219,452,45,890,77,696,324,265
20181114,서울특별시,11,강서구,11500,광주광역시,29,26,161,33,90,204,24,315,33,385,215,147
20181114,서울특별시,11,강서구,11500,대전광역시,30,29,210,38,106,211,25,326,44,343,186,146
20181114,서울특별시,11,강서구,11500,울산광역시,31,17,122,15,89,146,16,211,46,242,112,94
20181114,서울특별시,11,강서구,11500,세종특별자치시,36,0,65,7,19,59,8,55,19,54,41,34
20181114,서울특별시,11,강서구,11500,경기도,41,256,2092,293,1089,2123,234,3066,462,3499,1401,1305
20181114,서울특별시,11,강서구,11500,강원도,42,19,188,33,91,197,26,297,36,360,178,134
20181114,서울특별시,11,강서구,11500,충청북도,43,22,187,39,118,266,26,247,53,382,214,156
20181114,서울특별시,11,강서구,11500,충청남도,44,39,266,40,132,313,50,411,106,510,266,200
20181114,서울특별시,11,강서구,11500,전라북도,45,27,204,33,106,222,26,362,42,426,223,205
20181114,서울특별시,11,강서구,11500,전라남도,46,18,159,17,114,189,32,284,37,373,181,154
20181114,서울특별시,11,강서구,11500,경상북도,47,38,293,39,171,314,47,460,60,513,254,221
20181114,서울특별시,11,강서구,11500,경상남도,48,45,371,51,198,446,60,689,87,743,301,261
20181114,서울특별시,11,강서구,11500,제주특별자치도,50,5,65,8,45,64,4,36,13,149,74,32
20181114,서울특별시,11,구로구,11530,서울특별시,11,169,1338,144,913,1564,161,1001,140,1973,351,641
20181114,서울특별시,11,구로구,11530,부산광역시,26,50,383,26,223,410,66,364,59,463,133,182
20181114,서울특별시,11,구로구,11530,대구광역시,27,38,268,17,191,315,33,264,35,360,68,139
20181114,서울특별시,11,구로구,11530,인천광역시,28,55,352,22,195,449,39,287,41,486,98,170
20181114,서울특별시,11,구로구,11530,광주광역시,29,21,187,13,97,212,23,187,21,245,53,80
20181114,서울특별시,11,구로구,11530,대전광역시,30,20,196,30,114,187,22,190,24,268,51,91
20181114,서울특별시,11,구로구,11530,울산광역시,31,20,115,7,59,158,23,168,14,203,42,73
20181114,서울특별시,11,구로구,11530,세종특별자치시,36,8,28,6,48,57,4,27,4,65,14,13
20181114,서울특별시,11,구로구,11530,경기도,41,271,1703,173,1047,2085,249,1317,189,2576,509,770
20181114,서울특별시,11,구로구,11530,강원도,42,19,208,28,104,222,29,129,22,214,50,68
20181114,서울특별시,11,구로구,11530,충청북도,43,36,185,26,172,227,30,203,22,263,54,76
20181114,서울특별시,11,구로구,11530,충청남도,44,50,233,19,154,332,36,223,40,339,71,121
20181114,서울특별시,11,구로구,11530,전라북도,45,37,176,14,117,211,12,153,16,278,54,93
20181114,서울특별시,11,구로구,11530,전라남도,46,26,160,18,95,207,31,155,13,257,58,93
20181114,서울특별시,11,구로구,11530,경상북도,47,41,257,23,163,306,43,276,32,337,81,144
20181114,서울특별시,11,구로구,11530,경상남도,48,33,306,18,181,452,59,337,37,473,108,183
20181114,서울특별시,11,구로구,11530,제주특별자치도,50,11,75,7,29,60,0,67,8,58,21,19
20181114,서울특별시,11,동작구,11590,제주특별자치도,50,5,18,3,12,15,3,10,3,25,13,17
20181114,서울특별시,11,동작구,11590,경상남도,48,39,178,33,113,122,46,106,24,168,98,138
20181114,서울특별시,11,동작구,11590,경상북도,47,36,89,25,58,80,22,74,16,130,78,106
20181114,서울특별시,11,동작구,11590,전라남도,46,24,85,14,32,65,15,45,11,83,46,55
20181114,서울특별시,11,동작구,11590,전라북도,45,18,86,21,36,72,16,60,16,127,59,74
20181114,서울특별시,11,동작구,11590,충청남도,44,34,118,27,62,79,28,81,13,149,67,95
20181114,서울특별시,11,동작구,11590,충청북도,43,22,88,22,48,48,17,42,12,116,41,62
20181114,서울특별시,11,동작구,11590,강원도,42,17,84,30,35,45,21,30,11,112,50,78
20181114,서울특별시,11,동작구,11590,경기도,41,213,793,187,498,616,133,518,89,1316,534,712
20181114,서울특별시,11,동작구,11590,세종특별자치시,36,0,24,8,11,12,0,11,6,26,17,18
20181114,서울특별시,11,동작구,11590,울산광역시,31,18,61,16,35,31,13,26,6,52,41,51
20181114,서울특별시,11,동작구,11590,대전광역시,30,18,84,28,41,56,14,57,7,124,52,70
20181114,서울특별시,11,동작구,11590,광주광역시,29,24,79,20,44,52,11,54,8,117,60,83
20181114,서울특별시,11,동작구,11590,인천광역시,28,39,157,46,98,110,28,111,23,211,102,146
20181114,서울특별시,11,동작구,11590,대구광역시,27,22,111,32,46,104,21,81,15,156,74,120
20181114,서울특별시,11,동작구,11590,부산광역시,26,33,206,35,88,142,21,133,18,207,120,183
20181114,서울특별시,11,동작구,11590,서울특별시,11,134,719,231,423,480,123,431,66,964,382,570
20181114,서울특별시,11,은평구,11380,서울특별시,11,248,880,146,317,789,168,392,74,1259,479,831
20181114,서울특별시,11,은평구,11380,부산광역시,26,86,270,42,76,227,47,94,16,346,141,206
20181114,서울특별시,11,은평구,11380,대구광역시,27,61,207,32,40,197,39,51,24,253,127,157
20181114,서울특별시,11,은평구,11380,인천광역시,28,82,221,29,68,230,41,108,23,353,152,200
20181114,서울특별시,11,은평구,11380,광주광역시,29,42,121,26,40,102,20,39,21,144,70,105
20181114,서울특별시,11,은평구,11380,대전광역시,30,30,107,19,26,100,14,51,13,163,62,88
20181114,서울특별시,11,은평구,11380,울산광역시,31,26,80,10,22,75,27,21,12,134,44,73
20181114,서울특별시,11,은평구,11380,세종특별자치시,36,10,22,4,8,26,5,9,0,36,15,23
20181114,서울특별시,11,은평구,11380,경기도,41,406,1212,191,322,1074,238,422,123,2058,652,910
20181114,서울특별시,11,은평구,11380,강원도,42,37,137,28,27,111,33,61,10,166,64,85
20181114,서울특별시,11,은평구,11380,충청북도,43,50,140,14,30,142,25,52,6,237,55,113
20181114,서울특별시,11,은평구,11380,충청남도,44,68,165,31,45,136,40,45,22,253,98,124
20181114,서울특별시,11,은평구,11380,전라북도,45,43,146,39,27,115,31,45,14,207,85,109
20181114,서울특별시,11,은평구,11380,전라남도,46,40,128,21,26,114,21,60,11,171,87,84
20181114,서울특별시,11,은평구,11380,경상북도,47,55,216,34,42,179,47,71,11,251,95,136
20181114,서울특별시,11,은평구,11380,경상남도,48,77,239,62,70,248,73,88,25,327,133,193
20181114,서울특별시,11,은평구,11380,제주특별자치도,50,6,23,0,7,21,12,6,0,34,27,15
20181114,서울특별시,11,광진구,11215,제주특별자치도,50,4,30,3,32,24,3,4,0,57,43,13
20181114,서울특별시,11,광진구,11215,경상남도,48,30,169,9,210,161,59,68,42,285,227,162
20181114,서울특별시,11,광진구,11215,경상북도,47,34,122,8,152,139,36,47,21,217,154,113
20181114,서울특별시,11,광진구,11215,전라남도,46,16,80,13,94,91,24,41,17,131,108,59
20181114,서울특별시,11,광진구,11215,전라북도,45,19,79,7,116,80,27,30,12,140,150,76
20181114,서울특별시,11,광진구,11215,충청남도,44,21,123,8,187,119,37,51,33,193,157,84
20181114,서울특별시,11,광진구,11215,충청북도,43,24,101,14,115,87,25,39,16,167,113,74
20181114,서울특별시,11,광진구,11215,강원도,42,26,85,13,78,84,28,59,8,130,99,50
20181114,서울특별시,11,광진구,11215,경기도,41,168,959,105,1107,896,228,392,183,1680,1058,760
20181114,서울특별시,11,광진구,11215,세종특별자치시,36,0,14,3,28,22,6,0,4,36,27,13
20181114,서울특별시,11,광진구,11215,울산광역시,31,9,53,3,78,60,16,21,12,114,62,54
20181114,서울특별시,11,광진구,11215,대전광역시,30,24,82,4,122,87,26,36,9,143,120,68
20181114,서울특별시,11,광진구,11215,광주광역시,29,22,75,3,91,99,24,52,16,132,111,66
20181114,서울특별시,11,광진구,11215,인천광역시,28,36,175,19,203,173,43,71,37,299,229,170
20181114,서울특별시,11,광진구,11215,대구광역시,27,22,153,9,168,140,36,103,26,201,191,89
20181114,서울특별시,11,광진구,11215,부산광역시,26,39,178,20,215,168,42,117,33,295,230,181
20181114,서울특별시,11,광진구,11215,서울특별시,11,139,890,110,994,712,164,383,128,1300,890,620
20181114,서울특별시,11,도봉구,11320,서울특별시,11,120,2494,107,2456,620,110,726,149,1161,915,915
20181114,서울특별시,11,도봉구,11320,부산광역시,26,27,503,27,522,186,35,238,38,320,327,295
20181114,서울특별시,11,도봉구,11320,대구광역시,27,22,384,22,387,136,14,142,28,233,205,206
20181114,서울특별시,11,도봉구,11320,인천광역시,28,36,557,31,535,141,25,193,38,328,334,260
20181114,서울특별시,11,도봉구,11320,광주광역시,29,11,248,13,239,77,13,87,23,175,179,133
20181114,서울특별시,11,도봉구,11320,대전광역시,30,13,281,14,276,75,9,92,18,154,149,139
20181114,서울특별시,11,도봉구,11320,울산광역시,31,7,163,5,188,58,7,62,17,132,138,100
20181114,서울특별시,11,도봉구,11320,세종특별자치시,36,4,50,5,55,37,4,17,3,38,33,25
20181114,서울특별시,11,도봉구,11320,경기도,41,138,2573,128,2526,774,118,829,217,1800,1460,1213
20181114,서울특별시,11,도봉구,11320,강원도,42,9,231,9,252,86,21,105,21,146,164,118
20181114,서울특별시,11,도봉구,11320,충청북도,43,15,251,18,244,113,15,107,27,215,166,147
20181114,서울특별시,11,도봉구,11320,충청남도,44,18,325,15,354,112,13,119,38,277,239,171
20181114,서울특별시,11,도봉구,11320,전라북도,45,12,255,13,263,103,12,82,19,167,192,157
20181114,서울특별시,11,도봉구,11320,전라남도,46,10,210,6,226,74,16,77,23,167,161,130
20181114,서울특별시,11,도봉구,11320,경상북도,47,17,344,17,394,133,14,141,31,248,275,236
20181114,서울특별시,11,도봉구,11320,경상남도,48,25,410,19,522,158,21,160,41,356,371,256
20181114,서울특별시,11,도봉구,11320,제주특별자치도,50,3,80,3,39,28,3,28,7,42,36,28
20181114,서울특별시,11,노원구,11350,제주특별자치도,50,8,25,0,4,5,0,15,0,48,10,4
20181114,서울특별시,11,노원구,11350,경상남도,48,46,162,7,36,100,23,52,27,337,60,58
20181114,서울특별시,11,노원구,11350,경상북도,47,17,120,6,23,90,14,50,23,229,48,48
20181114,서울특별시,11,노원구,11350,전라남도,46,15,81,0,19,45,9,35,15,159,46,16
20181114,서울특별시,11,노원구,11350,전라북도,45,17,102,8,20,41,6,33,12,205,26,25
20181114,서울특별시,11,노원구,11350,충청남도,44,24,134,8,25,80,13,52,29,278,50,26
20181114,서울특별시,11,노원구,11350,충청북도,43,22,72,8,22,45,7,32,17,197,33,27
20181114,서울특별시,11,노원구,11350,강원도,42,24,74,5,23,40,5,25,11,173,40,29
20181114,서울특별시,11,노원구,11350,경기도,41,165,872,76,362,595,89,357,190,2051,438,311
20181114,서울특별시,11,노원구,11350,세종특별자치시,36,5,19,0,6,11,3,4,3,48,14,3
20181114,서울특별시,11,노원구,11350,울산광역시,31,10,50,0,18,35,6,23,12,113,30,15
20181114,서울특별시,11,노원구,11350,대전광역시,30,14,98,8,26,46,15,45,13,192,36,25
20181114,서울특별시,11,노원구,11350,광주광역시,29,17,87,5,17,44,4,18,19,204,39,22
20181114,서울특별시,11,노원구,11350,인천광역시,28,34,193,17,49,122,10,80,29,395,83,50
20181114,서울특별시,11,노원구,11350,대구광역시,27,19,131,7,25,75,9,33,29,247,72,30
20181114,서울특별시,11,노원구,11350,부산광역시,26,36,209,3,50,117,13,69,25,338,157,54
20181114,서울특별시,11,노원구,11350,서울특별시,11,169,753,64,302,529,82,352,132,1539,316,234
20181114,서울특별시,11,양천구,11470,제주특별자치도,50,14,29,3,15,30,8,13,5,23,4,24
20181114,서울특별시,11,양천구,11470,경상남도,48,73,179,17,156,283,66,101,56,218,62,200
20181114,서울특별시,11,양천구,11470,경상북도,47,70,126,12,113,204,34,88,42,135,56,125
20181114,서울특별시,11,양천구,11470,전라남도,46,31,68,12,61,131,24,61,23,79,28,81
20181114,서울특별시,11,양천구,11470,전라북도,45,35,93,0,67,139,33,69,18,113,46,79
20181114,서울특별시,11,양천구,11470,충청남도,44,57,127,13,114,224,50,74,31,118,56,101
20181114,서울특별시,11,양천구,11470,충청북도,43,41,99,5,83,155,27,73,19,122,39,82
20181114,서울특별시,11,양천구,11470,강원도,42,32,99,6,61,124,22,71,20,79,40,69
20181114,서울특별시,11,양천구,11470,경기도,41,318,948,105,798,1248,237,695,267,1366,358,783
20181114,서울특별시,11,양천구,11470,세종특별자치시,36,8,17,4,17,30,4,19,3,23,8,16
20181114,서울특별시,11,양천구,11470,울산광역시,31,26,57,3,59,88,13,38,29,65,31,51
20181114,서울특별시,11,양천구,11470,대전광역시,30,47,66,6,78,129,16,68,23,101,28,64
20181114,서울특별시,11,양천구,11470,광주광역시,29,42,80,4,68,130,32,58,23,98,33,76
20181114,서울특별시,11,양천구,11470,인천광역시,28,74,212,17,153,253,61,131,36,240,77,169
20181114,서울특별시,11,양천구,11470,대구광역시,27,51,111,10,95,174,56,77,34,167,61,110
20181114,서울특별시,11,양천구,11470,부산광역시,26,72,163,9,112,243,59,161,46,231,105,167
20181114,서울특별시,11,양천구,11470,서울특별시,11,295,848,86,623,833,168,565,142,965,318,827
20181115,서울특별시,11,강동구,11740,제주특별자치도,50,7,14,5,4,19,7,13,7,58,7,38
20181115,서울특별시,11,강동구,11740,경상남도,48,86,172,42,45,259,33,156,38,379,66,198
20181115,서울특별시,11,강동구,11740,경상북도,47,59,140,34,41,187,17,111,18,278,47,123
20181115,서울특별시,11,강동구,11740,전라남도,46,43,58,18,30,153,17,70,8,187,33,93
20181115,서울특별시,11,강동구,11740,전라북도,45,34,72,20,37,141,10,79,6,206,23,113
20181115,서울특별시,11,강동구,11740,충청남도,44,70,128,30,34,206,18,106,14,273,48,116
20181115,서울특별시,11,강동구,11740,충청북도,43,45,123,33,37,147,14,79,8,231,34,96
20181115,서울특별시,11,강동구,11740,강원도,42,48,113,16,43,123,9,89,8,147,98,94
20181115,서울특별시,11,강동구,11740,경기도,41,447,894,234,346,1334,145,858,117,2032,610,820
20181115,서울특별시,11,강동구,11740,세종특별자치시,36,10,13,17,10,40,0,24,0,32,14,19
20181115,서울특별시,11,강동구,11740,울산광역시,31,44,54,13,26,96,10,60,10,137,23,63
20181115,서울특별시,11,강동구,11740,대전광역시,30,44,91,11,35,128,14,86,13,181,41,93
20181115,서울특별시,11,강동구,11740,광주광역시,29,58,77,28,29,137,10,102,11,219,35,105
20181115,서울특별시,11,강동구,11740,인천광역시,28,96,189,51,74,290,22,165,21,386,171,167
20181115,서울특별시,11,강동구,11740,대구광역시,27,62,105,42,40,189,12,107,17,238,44,158
20181115,서울특별시,11,강동구,11740,부산광역시,26,83,190,31,59,265,26,182,33,405,106,227
20181115,서울특별시,11,강동구,11740,서울특별시,11,358,755,175,278,1035,87,726,75,1372,607,669
20181115,서울특별시,11,동작구,11590,서울특별시,11,332,762,494,350,401,97,457,36,1027,444,566
20181115,서울특별시,11,동작구,11590,부산광역시,26,87,215,107,95,174,33,153,12,192,125,145
20181115,서울특별시,11,동작구,11590,대구광역시,27,62,132,73,41,85,21,93,9,182,90,107
20181115,서울특별시,11,동작구,11590,인천광역시,28,86,198,71,97,119,28,116,10,228,118,151
20181115,서울특별시,11,동작구,11590,광주광역시,29,46,102,57,38,46,4,59,8,80,63,62
20181115,서울특별시,11,동작구,11590,대전광역시,30,54,105,47,39,66,5,65,5,102,59,64
20181115,서울특별시,11,동작구,11590,울산광역시,31,24,58,23,30,40,8,39,6,72,46,47
20181115,서울특별시,11,동작구,11590,세종특별자치시,36,11,21,12,10,12,0,10,0,25,16,11
20181115,서울특별시,11,동작구,11590,경기도,41,429,879,362,399,571,154,646,70,1341,524,723
20181115,서울특별시,11,동작구,11590,강원도,42,47,71,20,25,48,15,46,8,83,51,43
20181115,서울특별시,11,동작구,11590,충청북도,43,54,78,24,41,73,25,51,4,111,47,73
20181115,서울특별시,11,동작구,11590,충청남도,44,72,127,45,61,76,21,83,10,141,76,75
20181115,서울특별시,11,동작구,11590,전라북도,45,33,101,28,27,46,15,57,5,114,53,66
20181115,서울특별시,11,동작구,11590,전라남도,46,46,86,35,43,45,13,60,11,81,46,60
20181115,서울특별시,11,동작구,11590,경상북도,47,69,117,49,42,67,31,74,14,102,74,91
20181115,서울특별시,11,동작구,11590,경상남도,48,67,170,82,81,117,26,126,12,194,109,130
20181115,서울특별시,11,동작구,11590,제주특별자치도,50,16,22,12,5,17,0,4,0,36,12,16
20181115,서울특별시,11,강남구,11680,서울특별시,11,277,2860,450,1071,1737,173,1422,140,3378,1127,3042
20181115,서울특별시,11,강남구,11680,부산광역시,26,48,651,42,220,415,56,419,45,769,289,876
20181115,서울특별시,11,강남구,11680,대구광역시,27,52,441,18,130,322,35,255,34,574,189,628
20181115,서울특별시,11,강남구,11680,인천광역시,28,49,462,49,195,455,46,331,40,615,243,720
20181115,서울특별시,11,강남구,11680,광주광역시,29,30,236,15,95,212,42,154,21,349,138,396
20181115,서울특별시,11,강남구,11680,대전광역시,30,33,277,17,121,246,24,141,29,342,127,334
20181115,서울특별시,11,강남구,11680,울산광역시,31,19,167,20,69,155,16,127,10,229,92,275
20181115,서울특별시,11,강남구,11680,세종특별자치시,36,8,48,0,22,61,7,30,8,59,27,87
20181115,서울특별시,11,강남구,11680,경기도,41,272,2643,218,1091,2196,281,1370,217,3908,1165,3410
20181115,서울특별시,11,강남구,11680,강원도,42,27,249,12,103,241,28,172,10,242,96,293
20181115,서울특별시,11,강남구,11680,충청북도,43,43,225,28,104,229,24,170,18,317,96,336
20181115,서울특별시,11,강남구,11680,충청남도,44,45,284,18,121,320,27,218,29,420,165,420
20181115,서울특별시,11,강남구,11680,전라북도,45,41,243,11,92,172,24,131,21,368,103,378
20181115,서울특별시,11,강남구,11680,전라남도,46,26,179,8,81,159,24,144,15,236,122,340
20181115,서울특별시,11,강남구,11680,경상북도,47,45,366,33,155,281,37,249,23,378,182,530
20181115,서울특별시,11,강남구,11680,경상남도,48,59,453,36,191,377,35,344,48,578,223,718
20181115,서울특별시,11,용산구,11170,제주특별자치도,50,3,80,7,311,49,6,8,3,51,13,8
20181115,서울특별시,11,용산구,11170,경상남도,48,26,386,20,1985,287,43,83,38,373,94,57
20181115,서울특별시,11,용산구,11170,경상북도,47,40,333,24,1511,202,44,52,23,264,93,38
20181115,서울특별시,11,용산구,11170,전라남도,46,20,168,12,912,124,23,35,14,179,50,32
20181115,서울특별시,11,관악구,11620,제주특별자치도,50,12,26,6,16,27,5,33,3,29,13,11
20181115,서울특별시,11,관악구,11620,경상남도,48,671,208,39,112,205,16,28,54,228,90,127
20181115,서울특별시,11,관악구,11620,경상북도,47,56,151,21,65,130,11,39,34,171,58,80
20181115,서울특별시,11,관악구,11620,전라남도,46,234,98,4,58,92,5,29,14,112,47,62
20181115,서울특별시,11,관악구,11620,전라북도,45,322,124,17,49,120,4,27,39,144,42,76
20181115,서울특별시,11,관악구,11620,충청남도,44,222,172,20,121,179,7,84,41,128,52,95
20181115,서울특별시,11,관악구,11620,충청북도,43,158,107,19,72,121,12,46,28,155,45,54
20181115,서울특별시,11,관악구,11620,강원도,42,27,139,26,58,119,6,43,34,116,36,76
20181115,서울특별시,11,관악구,11620,경기도,41,534,1080,206,540,1154,81,288,201,1369,436,662
20181115,서울특별시,11,관악구,11620,세종특별자치시,36,17,23,0,10,22,0,5,9,27,14,9
20181115,서울특별시,11,관악구,11620,울산광역시,31,37,90,8,40,92,0,21,12,83,39,46
20181115,서울특별시,11,관악구,11620,대전광역시,30,277,119,25,48,120,9,31,19,122,53,63
20181115,서울특별시,11,관악구,11620,광주광역시,29,317,116,27,50,93,7,13,26,114,59,92
20181115,서울특별시,11,관악구,11620,인천광역시,28,77,207,30,129,227,14,64,27,264,88,150
20181115,서울특별시,11,관악구,11620,대구광역시,27,89,156,33,85,152,11,33,31,162,79,114
20181115,서울특별시,11,관악구,11620,부산광역시,26,50,231,47,114,194,15,50,35,262,117,139
20181115,서울특별시,11,관악구,11620,서울특별시,11,469,758,300,442,805,36,220,117,919,312,581
20181115,서울특별시,11,광진구,11215,대전광역시,30,17,103,11,101,63,18,22,17,105,100,56
20181115,서울특별시,11,광진구,11215,전라북도,45,23,111,12,96,70,22,31,11,173,75,68
20181115,서울특별시,11,광진구,11215,전라남도,46,23,120,9,90,70,26,39,26,129,75,46
20181115,서울특별시,11,광진구,11215,경상북도,47,30,144,11,114,118,36,52,22,195,103,79
20181115,서울특별시,11,광진구,11215,경상남도,48,29,191,15,163,110,60,72,36,277,143,103
20181115,서울특별시,11,광진구,11215,제주특별자치도,50,0,38,5,16,17,5,8,5,33,26,9
20181115,서울특별시,11,서대문구,11410,충청남도,44,6,56,9,16,184,7,77,10,198,35,77
20181115,서울특별시,11,서대문구,11410,충청북도,43,4,46,9,21,135,4,32,7,159,17,54
20181115,서울특별시,11,서대문구,11410,강원도,42,3,51,11,6,114,6,27,23,130,16,57
20181115,서울특별시,11,서대문구,11410,경기도,41,78,546,109,112,1068,52,382,116,1839,237,575
20181115,서울특별시,11,서대문구,11410,세종특별자치시,36,0,6,0,0,19,0,6,3,27,4,9
20181115,서울특별시,11,서대문구,11410,울산광역시,31,4,36,4,5,83,0,32,6,102,19,29
20181115,서울특별시,11,서대문구,11410,대전광역시,30,0,46,10,9,98,4,24,7,161,29,50
20181115,서울특별시,11,서대문구,11410,광주광역시,29,4,45,8,8,108,4,42,8,209,23,53
20181115,서울특별시,11,서대문구,11410,인천광역시,28,10,102,16,24,240,10,70,26,321,47,127
20181115,서울특별시,11,서대문구,11410,대구광역시,27,7,75,13,17,133,5,43,14,260,35,70
20181115,서울특별시,11,서대문구,11410,부산광역시,26,16,107,14,13,260,10,110,19,333,55,122
20181115,서울특별시,11,용산구,11170,전라북도,45,27,213,9,991,164,41,31,17,175,60,28
20181115,서울특별시,11,용산구,11170,충청남도,44,36,292,9,1561,253,38,45,19,233,98,47
20181115,서울특별시,11,용산구,11170,충청북도,43,14,163,14,1150,175,35,31,17,210,61,35
20181115,서울특별시,11,용산구,11170,강원도,42,12,205,7,1015,133,29,23,7,155,43,35
20181115,서울특별시,11,용산구,11170,경기도,41,217,2067,133,11072,1656,222,316,176,1879,586,361
20181115,서울특별시,11,용산구,11170,세종특별자치시,36,4,38,0,260,35,10,8,0,34,20,9
20181115,서울특별시,11,용산구,11170,울산광역시,31,16,136,4,750,103,17,16,8,137,49,30
20181115,서울특별시,11,용산구,11170,대전광역시,30,24,186,10,1169,170,25,41,11,193,66,30
20181115,서울특별시,11,용산구,11170,광주광역시,29,12,171,3,961,128,21,26,13,192,52,33
20181115,서울특별시,11,용산구,11170,인천광역시,28,49,392,21,2246,372,56,64,36,343,138,79
20181115,서울특별시,11,용산구,11170,대구광역시,27,34,352,11,1529,211,44,37,22,289,101,53
20181115,서울특별시,11,용산구,11170,부산광역시,26,46,403,16,2246,283,47,84,29,354,146,77
20181115,서울특별시,11,용산구,11170,서울특별시,11,190,1793,173,9834,1353,189,316,128,1387,605,308
20181115,서울특별시,11,중구,11140,서울특별시,11,290,2317,389,293,1882,181,617,105,4989,1128,386
20181115,서울특별시,11,중구,11140,부산광역시,26,58,532,156,59,477,46,172,21,1246,268,98
20181115,서울특별시,11,중구,11140,대구광역시,27,39,380,137,48,306,47,108,13,984,206,69
20181115,서울특별시,11,중구,11140,인천광역시,28,69,412,109,60,424,53,158,36,1138,272,85
20181115,서울특별시,11,중구,11140,광주광역시,29,36,261,106,28,207,26,87,12,643,143,41
20181115,서울특별시,11,중구,11140,대전광역시,30,38,241,61,47,219,27,84,8,580,146,43
20181115,서울특별시,11,중구,11140,울산광역시,31,27,133,68,19,177,28,50,11,405,84,24
20181115,서울특별시,11,중구,11140,세종특별자치시,36,7,44,30,0,53,6,20,5,114,27,8
20181115,서울특별시,11,중구,11140,경기도,41,378,2228,470,319,2163,233,785,133,5755,1154,347
20181115,서울특별시,11,중구,11140,강원도,42,33,251,92,24,195,29,100,16,512,130,32
20181115,서울특별시,11,중구,11140,충청북도,43,47,267,79,42,208,23,89,18,591,116,45
20181115,서울특별시,11,강남구,11680,제주특별자치도,50,11,122,8,34,58,4,39,12,90,64,111
20181115,서울특별시,11,중구,11140,충청남도,44,39,338,132,48,315,29,122,21,825,171,60
20181115,서울특별시,11,중구,11140,전라북도,45,38,248,76,28,533,37,77,20,686,135,45
20181115,서울특별시,11,중구,11140,전라남도,46,33,270,125,48,215,23,104,19,566,108,35
20181115,서울특별시,11,중구,11140,경상북도,47,50,346,131,42,332,44,129,17,810,189,62
20181115,서울특별시,11,중구,11140,경상남도,48,65,454,135,59,386,70,164,27,1124,226,84
20181115,서울특별시,11,중구,11140,제주특별자치도,50,6,99,63,9,52,22,25,4,185,42,11
20181115,서울특별시,11,양천구,11470,서울특별시,11,300,846,65,630,1155,158,641,319,671,289,654
20181115,서울특별시,11,양천구,11470,부산광역시,26,66,177,13,128,303,61,159,73,137,116,159
20181115,서울특별시,11,양천구,11470,대구광역시,27,60,132,11,105,230,32,137,57,139,56,94
20181115,서울특별시,11,양천구,11470,인천광역시,28,56,198,16,168,322,56,146,92,178,68,156
20181115,서울특별시,11,양천구,11470,광주광역시,29,22,86,10,69,118,22,58,25,76,34,87
20181115,서울특별시,11,양천구,11470,대전광역시,30,41,73,7,85,165,28,67,33,77,33,82
20181115,서울특별시,11,양천구,11470,울산광역시,31,20,65,7,56,101,17,54,29,49,22,42
20181115,서울특별시,11,서대문구,11410,서울특별시,11,47,590,103,103,754,48,362,54,1560,197,379
20181115,서울특별시,11,서초구,11650,전라북도,45,27,323,25,68,162,26,116,17,101,71,189
20181115,서울특별시,11,서초구,11650,전라남도,46,26,264,30,69,146,16,129,15,81,68,164
20181115,서울특별시,11,서초구,11650,경상북도,47,40,467,34,122,221,23,169,27,106,105,301
20181115,서울특별시,11,서초구,11650,경상남도,48,81,462,61,149,306,44,226,30,177,135,352
20181115,서울특별시,11,서초구,11650,제주특별자치도,50,15,79,10,27,29,10,37,4,27,16,84
20181115,서울특별시,11,서대문구,11410,제주특별자치도,50,0,25,0,0,26,0,3,0,65,4,19
20181115,서울특별시,11,동대문구,11230,제주특별자치도,50,14,70,4,16,46,5,48,13,176,31,32
20181115,서울특별시,11,동대문구,11230,경상남도,48,90,383,34,131,324,39,388,39,1023,217,181
20181115,서울특별시,11,동대문구,11230,경상북도,47,64,281,16,90,270,24,308,32,767,159,124
20181115,서울특별시,11,동대문구,11230,전라남도,46,43,223,18,47,140,16,213,28,477,104,81
20181115,서울특별시,11,동대문구,11230,전라북도,45,48,230,14,70,205,23,181,34,517,99,98
20181115,서울특별시,11,동대문구,11230,충청남도,44,76,287,28,73,250,26,254,40,673,159,102
20181115,서울특별시,11,동대문구,11230,충청북도,43,48,225,19,76,176,16,203,25,483,97,88
20181115,서울특별시,11,동대문구,11230,강원도,42,44,188,14,53,195,13,149,23,449,85,70
20181115,서울특별시,11,동대문구,11230,경기도,41,409,1921,164,650,1670,206,1768,242,4858,1059,673
20181115,서울특별시,11,동대문구,11230,세종특별자치시,36,13,42,9,13,38,5,29,3,89,27,19
20181115,서울특별시,11,성동구,11200,서울특별시,11,127,7028,820,654,837,152,765,955,2624,1334,362
20181115,서울특별시,11,성동구,11200,부산광역시,26,29,2123,371,168,177,52,231,371,601,323,95
20181115,서울특별시,11,성동구,11200,대구광역시,27,42,2614,519,109,131,44,186,458,417,238,65
20181115,서울특별시,11,성동구,11200,인천광역시,28,28,2235,370,141,204,39,212,433,635,265,96
20181115,서울특별시,11,성동구,11200,광주광역시,29,12,1152,256,78,88,27,118,152,299,157,35
20181115,서울특별시,11,성동구,11200,대전광역시,30,8,943,181,65,86,23,87,192,289,158,34
20181115,서울특별시,11,성동구,11200,울산광역시,31,15,1514,305,51,63,16,78,284,190,106,29
20181115,서울특별시,11,성동구,11200,세종특별자치시,36,3,253,44,21,21,4,21,55,67,33,11
20181115,서울특별시,11,성동구,11200,경기도,41,132,11295,1677,804,945,221,1086,1938,3044,1364,436
20181115,서울특별시,11,성동구,11200,강원도,42,13,821,147,66,89,27,120,176,263,128,35
20181115,서울특별시,11,성동구,11200,충청북도,43,13,899,152,88,73,21,115,161,324,134,31
20181115,서울특별시,11,성동구,11200,충청남도,44,19,1675,332,90,121,30,130,307,392,174,41
20181115,서울특별시,11,성동구,11200,전라북도,45,15,1204,223,72,72,29,129,236,345,142,44
20181115,서울특별시,11,성동구,11200,전라남도,46,19,1194,230,62,87,21,111,236,257,124,43
20181115,서울특별시,11,성동구,11200,경상북도,47,22,2794,617,87,143,30,192,576,401,214,54
20181115,서울특별시,11,성동구,11200,경상남도,48,40,2949,615,154,189,32,226,585,561,297,79
20181115,서울특별시,11,성동구,11200,제주특별자치도,50,3,103,15,26,32,5,9,5,99,46,4
20181115,서울특별시,11,양천구,11470,세종특별자치시,36,8,19,3,17,34,3,26,14,14,12,10
20181115,서울특별시,11,양천구,11470,경기도,41,344,911,75,715,1622,246,749,490,1234,374,730
20181115,서울특별시,11,양천구,11470,강원도,42,32,93,4,79,148,33,67,35,60,27,73
20181115,서울특별시,11,양천구,11470,충청북도,43,31,90,11,83,170,33,76,42,105,25,70
20181115,서울특별시,11,양천구,11470,충청남도,44,56,130,10,107,282,36,127,82,109,55,106
20181115,서울특별시,11,양천구,11470,전라북도,45,41,84,5,76,148,20,80,44,78,49,82
20181115,서울특별시,11,양천구,11470,전라남도,46,36,70,7,62,187,26,96,25,68,39,91
20181115,서울특별시,11,양천구,11470,경상북도,47,61,131,13,138,257,35,119,64,87,56,111
20181115,서울특별시,11,은평구,11380,서울특별시,11,324,735,109,285,775,136,303,58,1216,359,542
20181115,서울특별시,11,은평구,11380,부산광역시,26,94,234,23,71,229,36,82,14,324,114,143
20181115,서울특별시,11,은평구,11380,대구광역시,27,72,123,27,43,152,37,50,17,226,58,113
20181115,서울특별시,11,은평구,11380,인천광역시,28,111,195,19,84,244,40,90,19,334,97,147
20181115,서울특별시,11,은평구,11380,광주광역시,29,45,79,14,31,89,20,40,12,157,36,74
20181115,서울특별시,11,은평구,11380,대전광역시,30,47,86,15,36,112,15,46,6,139,41,60
20181115,서울특별시,11,은평구,11380,울산광역시,31,36,89,9,27,75,10,30,3,114,35,52
20181115,서울특별시,11,은평구,11380,세종특별자치시,36,14,18,4,11,27,7,7,0,34,6,14
20181115,서울특별시,11,은평구,11380,경기도,41,469,924,164,328,1033,200,346,112,1844,421,697
20181115,서울특별시,11,은평구,11380,강원도,42,39,100,8,25,98,25,34,6,152,43,69
20181115,서울특별시,11,은평구,11380,충청북도,43,47,101,18,25,113,25,37,10,187,46,77
20181115,서울특별시,11,은평구,11380,충청남도,44,78,161,20,49,155,31,54,11,208,73,79
20181115,서울특별시,11,은평구,11380,전라북도,45,62,104,10,28,109,18,37,9,183,53,65
20181115,서울특별시,11,은평구,11380,전라남도,46,40,91,22,26,89,23,30,8,142,47,68
20181115,서울특별시,11,은평구,11380,경상북도,47,83,162,21,28,177,33,39,16,223,68,84
20181115,서울특별시,11,은평구,11380,경상남도,48,92,210,33,73,201,42,59,16,289,90,135
20181115,서울특별시,11,은평구,11380,제주특별자치도,50,8,15,0,5,21,15,13,0,34,18,6
20181115,서울특별시,11,영등포구,11560,서울특별시,11,84,1591,221,1920,1097,93,1002,59,1745,375,571
20181115,서울특별시,11,영등포구,11560,부산광역시,26,24,376,74,452,262,23,306,20,496,102,141
20181115,서울특별시,11,영등포구,11560,대구광역시,27,20,263,39,403,197,22,167,11,348,61,119
20181115,서울특별시,11,영등포구,11560,인천광역시,28,27,380,41,503,383,17,271,12,455,73,148
20181115,서울특별시,11,영등포구,11560,광주광역시,29,5,183,17,220,129,8,117,4,272,41,81
20181115,서울특별시,11,영등포구,11560,대전광역시,30,11,195,22,249,135,11,120,5,279,45,77
20181115,서울특별시,11,영등포구,11560,울산광역시,31,10,113,8,172,78,7,87,7,178,25,53
20181115,서울특별시,11,영등포구,11560,세종특별자치시,36,0,32,8,54,28,0,28,0,51,12,18
20181115,서울특별시,11,영등포구,11560,경기도,41,108,1847,293,2233,1218,112,1234,90,2580,435,715
20181115,서울특별시,11,영등포구,11560,강원도,42,9,207,21,228,118,7,139,9,219,37,79
20181115,서울특별시,11,영등포구,11560,충청북도,43,15,177,31,254,134,12,113,7,239,37,69
20181115,서울특별시,11,영등포구,11560,충청남도,44,21,251,29,322,195,18,178,4,329,39,104
20181115,서울특별시,11,영등포구,11560,전라북도,45,10,219,23,239,141,12,114,9,283,46,88
20181115,서울특별시,11,영등포구,11560,전라남도,46,10,203,18,214,117,11,108,9,225,37,76
20181115,서울특별시,11,영등포구,11560,경상북도,47,23,312,32,313,228,14,212,10,321,49,117
20181115,서울특별시,11,영등포구,11560,경상남도,48,19,403,50,470,265,33,352,15,453,78,145
20181115,서울특별시,11,영등포구,11560,제주특별자치도,50,5,50,6,49,37,3,28,0,76,13,23
20181115,서울특별시,11,양천구,11470,경상남도,48,72,179,9,143,331,62,170,95,179,63,137
20181115,서울특별시,11,양천구,11470,제주특별자치도,50,11,20,0,19,47,10,11,18,29,8,22
20181115,서울특별시,11,종로구,11110,제주특별자치도,50,6,28,6,8,19,0,3,12,62,36,3
20181115,서울특별시,11,종로구,11110,경상남도,48,59,184,32,49,87,16,28,39,362,255,25
20181115,서울특별시,11,종로구,11110,경상북도,47,30,132,30,56,83,14,25,28,270,190,16
20181115,서울특별시,11,종로구,11110,전라남도,46,18,71,20,21,69,3,19,18,191,104,16
20181115,서울특별시,11,종로구,11110,전라북도,45,22,96,21,26,58,3,30,22,165,140,21
20181115,서울특별시,11,종로구,11110,충청남도,44,32,112,32,38,75,15,32,28,212,174,18
20181115,서울특별시,11,종로구,11110,충청북도,43,18,79,19,27,56,3,23,19,193,127,14
20181115,서울특별시,11,종로구,11110,강원도,42,28,86,16,28,43,9,27,22,138,118,15
20181115,서울특별시,11,종로구,11110,경기도,41,229,958,384,263,594,70,287,140,1482,1118,125
20181115,서울특별시,11,종로구,11110,세종특별자치시,36,4,19,6,6,14,0,8,7,41,22,0
20181115,서울특별시,11,종로구,11110,울산광역시,31,16,55,12,24,44,5,11,25,129,78,6
20181115,서울특별시,11,종로구,11110,대전광역시,30,21,95,22,29,58,4,11,30,176,128,10
20181115,서울특별시,11,종로구,11110,광주광역시,29,19,81,22,29,37,4,14,19,185,121,8
20181115,서울특별시,11,종로구,11110,인천광역시,28,45,184,55,51,109,11,31,36,303,225,26
20181115,서울특별시,11,종로구,11110,대구광역시,27,39,103,34,39,77,13,22,24,267,170,17
20181115,서울특별시,11,종로구,11110,부산광역시,26,42,213,45,51,112,22,39,31,368,229,33
20181115,서울특별시,11,강북구,11305,서울특별시,11,53,633,32,179,261,42,158,155,2139,382,195
20181115,서울특별시,11,강북구,11305,부산광역시,26,14,172,7,37,78,11,46,69,621,128,59
20181115,서울특별시,11,강북구,11305,대구광역시,27,8,120,4,33,55,9,21,44,499,78,27
20181115,서울특별시,11,강북구,11305,인천광역시,28,21,122,14,29,74,5,43,62,718,95,49
20181115,서울특별시,11,강북구,11305,광주광역시,29,7,87,4,18,32,6,37,21,313,51,28
20181115,서울특별시,11,강북구,11305,대전광역시,30,8,53,4,19,26,6,17,18,320,55,19
20181115,서울특별시,11,강북구,11305,울산광역시,31,5,73,3,18,28,0,17,16,254,46,16
20181115,서울특별시,11,강북구,11305,세종특별자치시,36,0,19,3,6,10,0,5,8,71,9,3
20181115,서울특별시,11,강북구,11305,경기도,41,77,811,59,199,392,53,191,257,3260,516,256
20181115,서울특별시,11,강북구,11305,강원도,42,11,77,0,24,30,3,18,26,282,44,19
20181115,서울특별시,11,강북구,11305,충청북도,43,7,102,4,24,38,5,10,26,361,51,16
20181115,서울특별시,11,강북구,11305,충청남도,44,10,105,5,28,56,6,36,47,486,62,40
20181115,서울특별시,11,강북구,11305,전라북도,45,4,92,6,19,31,0,35,35,395,35,27
20181115,서울특별시,11,강북구,11305,전라남도,46,10,76,5,15,32,4,20,26,313,42,23
20181115,서울특별시,11,강북구,11305,경상북도,47,12,133,3,26,64,10,39,34,490,76,40
20181115,서울특별시,11,강북구,11305,경상남도,48,13,177,6,39,64,19,47,54,668,88,46
20181115,서울특별시,11,강북구,11305,제주특별자치도,50,3,18,0,8,9,0,3,8,80,16,5
20181115,서울특별시,11,종로구,11110,서울특별시,11,156,875,740,250,407,45,198,107,1121,803,120
20181115,서울특별시,11,성북구,11290,서울특별시,11,293,3130,193,1274,1818,313,1025,611,12182,4800,1550
20181115,서울특별시,11,구로구,11530,제주특별자치도,50,14,61,0,22,46,6,28,10,63,14,27
20181115,서울특별시,11,구로구,11530,경상남도,48,48,308,21,157,375,44,215,35,358,80,201
20181115,서울특별시,11,구로구,11530,경상북도,47,43,256,25,126,288,45,154,32,256,71,175
20181115,서울특별시,11,구로구,11530,전라남도,46,24,146,16,85,150,21,101,13,165,36,114
20181115,서울특별시,11,구로구,11530,전라북도,45,30,163,48,87,152,22,80,22,230,41,125
20181115,서울특별시,11,구로구,11530,충청남도,44,52,242,12,134,273,31,134,43,270,47,138
20181115,서울특별시,11,구로구,11530,충청북도,43,24,152,15,103,175,21,103,22,241,45,127
20181115,서울특별시,11,구로구,11530,강원도,42,29,128,14,79,179,27,81,13,159,52,100
20181115,서울특별시,11,구로구,11530,경기도,41,268,1545,132,838,1702,231,722,182,2224,459,1040
20181115,서울특별시,11,구로구,11530,세종특별자치시,36,8,44,9,20,52,5,21,3,57,9,18
20181115,서울특별시,11,구로구,11530,울산광역시,31,14,159,12,50,139,21,69,12,150,30,74
20181115,서울특별시,11,구로구,11530,대전광역시,30,19,161,19,88,189,12,125,26,204,47,98
20181115,서울특별시,11,구로구,11530,광주광역시,29,29,144,11,93,140,19,72,9,205,33,112
20181115,서울특별시,11,구로구,11530,인천광역시,28,53,354,22,174,316,38,154,31,464,78,246
20181115,서울특별시,11,노원구,11350,제주특별자치도,50,5,17,0,4,8,0,11,0,45,10,0
20181115,서울특별시,11,노원구,11350,경상남도,48,25,135,6,37,82,12,41,28,304,80,48
20181115,서울특별시,11,동대문구,11230,울산광역시,31,35,125,12,51,110,14,148,20,397,99,55
20181115,서울특별시,11,서대문구,11410,경상남도,48,12,89,7,20,206,12,87,30,272,38,114
20181115,서울특별시,11,동대문구,11230,서울특별시,11,391,1521,195,477,1012,114,1266,151,3629,920,590
20181115,서울특별시,11,동대문구,11230,부산광역시,26,84,415,31,125,333,43,406,47,1077,264,160
20181115,서울특별시,11,동대문구,11230,대구광역시,27,60,319,25,86,260,29,286,52,818,160,116
20181115,서울특별시,11,동대문구,11230,인천광역시,28,99,424,36,135,322,34,407,55,995,228,138
20181115,서울특별시,11,동대문구,11230,광주광역시,29,43,202,20,63,160,21,159,23,535,120,77
20181115,서울특별시,11,동대문구,11230,대전광역시,30,45,213,24,49,160,13,194,28,524,100,81
20181115,서울특별시,11,서대문구,11410,경상북도,47,8,60,8,16,144,10,52,10,194,24,84
20181115,서울특별시,11,서대문구,11410,전라남도,46,8,37,10,4,105,0,60,5,113,25,60
20181115,서울특별시,11,서대문구,11410,전라북도,45,8,46,11,9,104,7,36,9,195,22,52
20181115,서울특별시,11,광진구,11215,울산광역시,31,9,83,6,60,39,17,13,11,94,59,34
20181115,서울특별시,11,광진구,11215,세종특별자치시,36,0,16,0,19,16,6,9,6,23,12,6
20181115,서울특별시,11,광진구,11215,경기도,41,150,1109,91,828,753,195,347,215,1644,783,589
20181115,서울특별시,11,광진구,11215,강원도,42,18,108,9,73,78,25,27,15,129,75,48
20181115,서울특별시,11,광진구,11215,충청북도,43,23,119,17,97,83,16,35,22,151,79,60
20181115,서울특별시,11,광진구,11215,충청남도,44,29,159,16,121,104,39,43,34,184,95,70
20181115,서울특별시,11,노원구,11350,경상북도,47,20,134,7,23,67,3,36,21,188,51,48
20181115,서울특별시,11,노원구,11350,전라남도,46,12,71,5,13,48,7,20,5,132,31,21
20181115,서울특별시,11,노원구,11350,전라북도,45,13,79,0,17,57,3,26,7,205,54,33
20181115,서울특별시,11,노원구,11350,충청남도,44,26,106,8,29,75,9,39,19,210,61,37
20181115,서울특별시,11,노원구,11350,충청북도,43,20,93,6,34,55,13,38,8,202,35,23
20181115,서울특별시,11,노원구,11350,강원도,42,17,60,0,17,42,4,40,13,140,31,23
20181115,서울특별시,11,노원구,11350,경기도,41,149,796,103,368,555,77,274,146,1838,436,289
20181115,서울특별시,11,노원구,11350,세종특별자치시,36,3,13,0,6,10,0,3,5,42,9,6
20181115,서울특별시,11,노원구,11350,울산광역시,31,15,47,3,12,31,6,21,5,124,24,12
20181115,서울특별시,11,노원구,11350,대전광역시,30,19,78,7,27,50,5,29,9,150,27,25
20181115,서울특별시,11,노원구,11350,광주광역시,29,13,89,4,21,36,3,20,11,188,35,26
20181115,서울특별시,11,노원구,11350,인천광역시,28,37,149,11,46,98,11,54,29,316,89,59
20181115,서울특별시,11,노원구,11350,대구광역시,27,25,127,4,27,67,8,106,20,235,62,29
20181115,서울특별시,11,노원구,11350,부산광역시,26,27,178,7,43,81,20,58,30,288,129,53
20181115,서울특별시,11,노원구,11350,서울특별시,11,104,739,63,288,459,43,262,94,1283,319,208
20181115,서울특별시,11,마포구,11440,서울특별시,11,149,2017,436,920,1756,86,1017,391,2098,1432,404
20181115,서울특별시,11,마포구,11440,부산광역시,26,35,426,96,197,443,20,275,81,461,328,109
20181115,서울특별시,11,마포구,11440,대구광역시,27,27,302,56,149,309,18,190,58,353,263,63
20181115,서울특별시,11,마포구,11440,인천광역시,28,57,417,88,201,420,19,249,127,466,282,104
20181115,서울특별시,11,마포구,11440,광주광역시,29,13,215,39,94,214,11,89,46,192,166,42
20181115,서울특별시,11,마포구,11440,대전광역시,30,18,222,63,117,191,21,111,47,236,150,40
20181115,서울특별시,11,마포구,11440,울산광역시,31,14,131,31,61,146,4,86,28,148,119,23
20181115,서울특별시,11,마포구,11440,세종특별자치시,36,5,55,10,15,41,0,31,6,40,29,8
20181115,서울특별시,11,마포구,11440,경기도,41,194,2066,529,1039,1940,122,1141,414,2487,1455,427
20181115,서울특별시,11,마포구,11440,강원도,42,26,212,52,79,198,6,105,41,174,157,37
20181115,서울특별시,11,마포구,11440,충청북도,43,24,210,45,114,230,13,103,42,265,158,50
20181115,서울특별시,11,마포구,11440,충청남도,44,42,248,61,130,279,16,156,49,305,232,48
20181115,서울특별시,11,마포구,11440,전라북도,45,14,184,53,100,225,13,135,38,264,181,31
20181115,서울특별시,11,마포구,11440,전라남도,46,22,200,51,96,200,10,112,41,192,150,27
20181115,서울특별시,11,마포구,11440,경상북도,47,35,338,59,141,305,18,166,53,311,204,67
20181115,서울특별시,11,마포구,11440,경상남도,48,42,382,81,206,410,25,219,81,394,277,69
20181115,서울특별시,11,마포구,11440,제주특별자치도,50,16,80,13,22,81,0,21,25,77,52,5
20181115,서울특별시,11,구로구,11530,대구광역시,27,39,236,28,132,281,22,148,28,311,68,160
20181115,서울특별시,11,구로구,11530,부산광역시,26,47,346,25,200,366,45,251,46,416,91,247
20181115,서울특별시,11,구로구,11530,서울특별시,11,130,1299,140,686,1376,146,556,108,1763,365,748
20181115,서울특별시,11,강서구,11500,제주특별자치도,50,7,74,8,39,54,38,34,10,61,41,28
20181115,서울특별시,11,강서구,11500,경상남도,48,56,322,35,208,412,168,402,95,477,461,264
20181115,서울특별시,11,강서구,11500,경상북도,47,34,302,22,166,292,121,303,53,374,307,174
20181115,서울특별시,11,강서구,11500,전라남도,46,29,204,22,102,218,131,171,38,269,196,110
20181115,서울특별시,11,강서구,11500,전라북도,45,34,167,21,96,172,127,168,31,303,169,152
20181115,서울특별시,11,강서구,11500,충청남도,44,35,243,20,179,284,101,297,63,308,303,156
20181115,서울특별시,11,강서구,11500,충청북도,43,33,188,20,137,186,106,225,23,309,192,120
20181115,서울특별시,11,강서구,11500,강원도,42,30,145,28,89,252,94,177,31,254,186,108
20181115,서울특별시,11,강서구,11500,경기도,41,212,1847,279,1194,1811,702,1777,420,2768,1931,1076
20181115,서울특별시,11,강서구,11500,세종특별자치시,36,6,37,0,21,42,11,41,15,58,58,32
20181115,서울특별시,11,강서구,11500,울산광역시,31,13,128,17,75,198,59,134,32,186,163,82
20181115,서울특별시,11,강서구,11500,대전광역시,30,23,177,24,119,186,62,192,38,269,200,112
20181115,서울특별시,11,강서구,11500,광주광역시,29,18,122,29,107,165,78,185,58,259,205,123
20181115,서울특별시,11,강서구,11500,인천광역시,28,60,367,57,262,377,184,399,57,490,406,233
20181115,서울특별시,11,강서구,11500,대구광역시,27,34,296,41,178,291,121,292,61,386,340,183
20181115,서울특별시,11,강서구,11500,부산광역시,26,53,487,74,237,431,165,506,86,493,479,266
20181115,서울특별시,11,강서구,11500,서울특별시,11,193,1528,228,1097,1437,387,1572,243,1722,1320,889
20181115,서울특별시,11,성북구,11290,부산광역시,26,77,790,54,329,459,86,281,157,3712,1218,436
20181115,서울특별시,11,성북구,11290,대구광역시,27,47,566,40,216,343,68,182,103,2732,935,303
20181115,서울특별시,11,성북구,11290,인천광역시,28,86,720,35,301,526,100,242,177,3628,1275,399
20181115,서울특별시,11,성북구,11290,광주광역시,29,37,331,25,190,247,39,110,59,1965,647,195
20181115,서울특별시,11,성북구,11290,대전광역시,30,39,357,37,166,252,62,119,75,1779,587,218
20181115,서울특별시,11,성북구,11290,울산광역시,31,32,263,11,114,163,42,84,55,1311,475,161
20181115,서울특별시,11,성북구,11290,세종특별자치시,36,9,82,3,27,69,13,23,24,396,132,47
20181115,서울특별시,11,성북구,11290,경기도,41,394,3504,254,1589,2414,416,1163,761,16498,5761,1905
20181115,서울특별시,11,성북구,11290,강원도,42,48,346,25,159,207,56,116,60,1695,557,182
20181115,서울특별시,11,성북구,11290,충청북도,43,56,347,35,216,255,52,120,72,1908,612,214
20181115,서울특별시,11,성북구,11290,충청남도,44,50,473,24,250,336,69,120,110,2603,838,321
20181115,서울특별시,11,성북구,11290,전라북도,45,46,386,18,250,197,57,97,66,2097,660,226
20181115,서울특별시,11,성북구,11290,전라남도,46,49,343,19,241,217,57,90,61,1858,590,208
20181115,서울특별시,11,성북구,11290,경상북도,47,67,607,20,271,321,62,198,123,2773,885,325
20181115,서울특별시,11,성북구,11290,경상남도,48,87,748,62,367,430,120,232,150,3679,1106,410
20181115,서울특별시,11,성북구,11290,제주특별자치도,50,19,108,12,79,45,20,39,23,642,228,57
20181115,서울특별시,11,금천구,11545,제주특별자치도,50,14,59,14,77,67,5,35,6,156,45,98
20181115,서울특별시,11,금천구,11545,경상남도,48,91,476,103,451,449,82,431,83,672,306,861
20181115,서울특별시,11,금천구,11545,경상북도,47,98,383,78,353,433,48,325,77,496,272,443
20181115,서울특별시,11,금천구,11545,전라남도,46,57,205,54,240,239,43,209,30,369,147,292
20181115,서울특별시,11,금천구,11545,전라북도,45,73,257,37,258,264,30,222,45,409,169,388
20181115,서울특별시,11,금천구,11545,충청남도,44,81,335,39,334,381,38,294,54,498,202,394
20181115,서울특별시,11,금천구,11545,충청북도,43,53,235,61,250,268,32,181,36,364,160,293
20181115,서울특별시,11,금천구,11545,강원도,42,73,224,47,224,209,31,187,32,357,147,376
20181115,서울특별시,11,금천구,11545,경기도,41,591,2421,281,2332,2609,325,1980,381,3327,1539,3111
20181115,서울특별시,11,금천구,11545,세종특별자치시,36,11,64,8,45,68,5,55,11,90,42,90
20181115,서울특별시,11,금천구,11545,울산광역시,31,29,153,15,184,162,17,153,20,257,109,322
20181115,서울특별시,11,금천구,11545,대전광역시,30,47,231,25,225,230,40,239,35,381,202,354
20181115,서울특별시,11,금천구,11545,광주광역시,29,48,254,15,223,243,32,213,40,398,196,324
20181115,서울특별시,11,금천구,11545,인천광역시,28,126,498,53,476,576,63,410,98,603,369,676
20181115,서울특별시,11,금천구,11545,대구광역시,27,78,365,29,330,394,63,335,56,528,277,536
20181115,서울특별시,11,금천구,11545,부산광역시,26,113,411,52,512,514,95,527,91,749,341,779
20181115,서울특별시,11,금천구,11545,서울특별시,11,458,2110,283,1783,1877,259,1668,263,2825,1441,2663
20181115,서울특별시,11,송파구,11710,서울특별시,11,83,1448,193,664,1098,113,1208,184,2905,676,686
20181115,서울특별시,11,송파구,11710,부산광역시,26,16,338,47,148,415,27,305,38,738,183,217
20181115,서울특별시,11,송파구,11710,대구광역시,27,18,241,19,108,395,17,214,40,560,95,163
20181115,서울특별시,11,송파구,11710,인천광역시,28,27,304,32,159,553,26,318,49,679,151,216
20181115,서울특별시,11,송파구,11710,광주광역시,29,7,107,6,67,198,8,126,13,392,95,85
20181115,서울특별시,11,송파구,11710,대전광역시,30,9,182,24,70,179,13,152,20,403,79,111
20181115,서울특별시,11,도봉구,11320,제주특별자치도,50,0,113,4,30,35,6,20,5,59,19,33
20181115,서울특별시,11,도봉구,11320,경상남도,48,29,483,33,283,373,31,134,48,310,252,273
20181115,서울특별시,11,도봉구,11320,경상북도,47,14,403,56,257,261,19,100,40,221,172,202
20181115,서울특별시,11,도봉구,11320,전라남도,46,13,210,12,154,287,8,62,24,165,142,119
20181115,서울특별시,11,도봉구,11320,전라북도,45,8,260,24,184,369,15,102,18,185,117,131
20181115,서울특별시,11,도봉구,11320,충청남도,44,22,318,27,252,183,21,124,29,201,169,180
20181115,서울특별시,11,도봉구,11320,충청북도,43,14,238,11,179,195,9,67,18,147,112,110
20181115,서울특별시,11,도봉구,11320,강원도,42,15,250,19,150,123,10,86,15,131,121,99
20181115,서울특별시,11,도봉구,11320,경기도,41,121,2573,142,1594,1176,134,746,193,1680,1028,1178
20181115,서울특별시,11,도봉구,11320,세종특별자치시,36,5,60,3,27,25,4,13,9,25,27,31
20181115,서울특별시,11,도봉구,11320,울산광역시,31,7,171,10,121,104,10,49,21,109,113,86
20181115,서울특별시,11,도봉구,11320,대전광역시,30,11,299,20,181,119,12,66,14,131,126,144
20181115,서울특별시,11,도봉구,11320,광주광역시,29,10,244,18,170,257,10,61,26,161,135,143
20181115,서울특별시,11,도봉구,11320,인천광역시,28,17,610,24,349,238,19,145,45,294,201,266
20181115,서울특별시,11,도봉구,11320,대구광역시,27,28,429,18,263,236,23,119,21,206,169,206
20181115,서울특별시,11,도봉구,11320,부산광역시,26,29,520,31,330,199,28,160,36,321,246,263
20181115,서울특별시,11,도봉구,11320,서울특별시,11,93,2682,131,1437,790,101,572,126,1027,700,838
20181115,서울특별시,11,중랑구,11260,제주특별자치도,50,10,42,3,23,88,3,17,14,151,35,30
20181115,서울특별시,11,중랑구,11260,경상남도,48,78,316,50,178,599,59,137,123,1446,358,202
20181115,서울특별시,11,중랑구,11260,경상북도,47,55,259,33,170,482,34,151,98,1097,231,152
20181115,서울특별시,11,중랑구,11260,전라남도,46,38,159,19,103,284,28,78,50,648,140,82
20181115,서울특별시,11,서초구,11650,서울특별시,11,277,3834,442,781,1370,251,1314,177,1141,815,1331
20181115,서울특별시,11,서초구,11650,부산광역시,26,57,582,80,178,309,48,235,26,223,179,454
20181115,서울특별시,11,서초구,11650,대구광역시,27,43,670,56,119,230,26,156,25,150,126,319
20181115,서울특별시,11,서초구,11650,인천광역시,28,71,709,49,178,281,47,202,46,200,173,398
20181115,서울특별시,11,서초구,11650,광주광역시,29,22,299,56,77,127,21,117,15,113,73,182
20181115,서울특별시,11,서초구,11650,대전광역시,30,23,320,36,79,132,21,111,14,96,79,193
20181115,서울특별시,11,서초구,11650,울산광역시,31,22,179,19,81,96,14,73,15,58,50,133
20181115,서울특별시,11,서초구,11650,세종특별자치시,36,8,55,10,19,27,0,31,6,21,11,37
20181115,서울특별시,11,서초구,11650,경기도,41,345,3503,373,933,1554,239,1105,254,1654,803,1688
20181115,서울특별시,11,서초구,11650,강원도,42,23,269,47,70,134,21,103,16,82,66,183
20181115,서울특별시,11,서초구,11650,충청북도,43,34,262,32,106,150,20,112,19,128,83,161
20181115,서울특별시,11,서초구,11650,충청남도,44,36,348,45,115,230,33,138,30,137,105,211
20181115,서울특별시,11,중랑구,11260,전라북도,45,39,178,21,98,288,28,76,60,760,182,126
20181115,서울특별시,11,중랑구,11260,충청남도,44,64,221,30,143,445,44,100,78,1023,254,129
20181115,서울특별시,11,중랑구,11260,충청북도,43,37,179,23,127,322,33,70,51,754,137,102
20181115,서울특별시,11,중랑구,11260,강원도,42,38,164,36,101,282,32,76,64,677,143,99
20181115,서울특별시,11,중랑구,11260,경기도,41,386,1648,212,997,2714,237,699,507,6527,1524,922
20181115,서울특별시,11,중랑구,11260,세종특별자치시,36,8,34,5,22,86,5,17,13,129,43,16
20181115,서울특별시,11,중랑구,11260,울산광역시,31,32,103,11,70,203,20,56,38,519,121,65
20181115,서울특별시,11,중랑구,11260,대전광역시,30,30,166,18,164,265,21,87,52,673,152,92
20181115,서울특별시,11,중랑구,11260,광주광역시,29,28,147,25,120,296,20,49,52,713,177,88
20181115,서울특별시,11,중랑구,11260,인천광역시,28,76,321,32,192,605,53,135,127,1493,326,206
20181115,서울특별시,11,중랑구,11260,대구광역시,27,54,244,29,146,371,41,116,100,1027,263,145
20181115,서울특별시,11,중랑구,11260,부산광역시,26,83,318,34,200,568,54,169,96,1506,356,201
20181115,서울특별시,11,중랑구,11260,서울특별시,11,303,1271,190,907,1918,168,645,324,4401,1186,667
20181115,서울특별시,11,송파구,11710,울산광역시,31,4,78,5,56,145,8,103,11,274,55,60
20181115,서울특별시,11,송파구,11710,세종특별자치시,36,3,30,11,18,38,3,23,7,72,19,11
20181115,서울특별시,11,송파구,11710,경기도,41,114,1510,262,767,2130,159,1306,218,3822,742,1015
20181115,서울특별시,11,송파구,11710,강원도,42,12,155,11,61,266,15,135,24,353,50,88
20181115,서울특별시,11,송파구,11710,충청북도,43,12,140,358,83,246,8,174,20,389,55,84
20181115,서울특별시,11,송파구,11710,충청남도,44,15,201,158,81,287,14,226,21,509,98,120
20181115,서울특별시,11,송파구,11710,전라북도,45,11,150,9,52,242,7,133,22,416,92,97
20181115,서울특별시,11,송파구,11710,전라남도,46,7,127,7,54,290,10,152,20,325,53,81
20181115,서울특별시,11,송파구,11710,경상북도,47,9,228,17,120,376,35,212,27,482,103,167
20181115,서울특별시,11,광진구,11215,서울특별시,11,126,924,75,733,543,131,249,133,1202,626,548
20181115,서울특별시,11,광진구,11215,부산광역시,26,43,239,26,172,154,38,57,40,332,181,139
20181115,서울특별시,11,광진구,11215,대구광역시,27,34,188,14,130,125,31,39,23,216,125,104
20181115,서울특별시,11,광진구,11215,인천광역시,28,37,258,11,185,154,43,61,34,300,179,122
20181115,서울특별시,11,광진구,11215,광주광역시,29,20,119,13,88,84,20,27,16,140,95,70
20181115,서울특별시,11,송파구,11710,경상남도,48,29,294,76,126,483,21,266,58,688,142,199
20181115,서울특별시,11,송파구,11710,제주특별자치도,50,0,49,0,18,82,3,57,5,120,19,18
20181116,서울특별시,11,마포구,11440,대구광역시,27,30,270,51,120,303,7,122,44,304,286,62
20181116,서울특별시,11,동작구,11590,서울특별시,11,332,694,199,318,359,80,181,36,1004,336,626
20181116,서울특별시,11,동작구,11590,부산광역시,26,64,163,50,93,85,32,70,11,205,113,167
20181116,서울특별시,11,동작구,11590,대구광역시,27,61,143,38,62,66,22,48,8,128,80,95
20181116,서울특별시,11,동작구,11590,인천광역시,28,80,183,45,70,144,28,56,6,181,66,183
20181116,서울특별시,11,동작구,11590,광주광역시,29,39,81,35,48,48,10,14,5,82,49,81
20181116,서울특별시,11,동작구,11590,대전광역시,30,31,80,37,36,36,11,15,8,92,34,73
20181116,서울특별시,11,동작구,11590,울산광역시,31,21,63,18,18,33,16,12,7,46,21,49
20181116,서울특별시,11,동작구,11590,세종특별자치시,36,11,13,5,10,9,0,5,3,10,11,20
20181116,서울특별시,11,동작구,11590,경기도,41,348,909,174,398,513,122,208,64,1216,386,739
20181116,서울특별시,11,동작구,11590,강원도,42,34,74,23,32,35,10,16,10,74,23,60
20181116,서울특별시,11,동작구,11590,충청북도,43,30,86,24,31,39,14,25,13,128,37,75
20181116,서울특별시,11,동작구,11590,충청남도,44,59,108,27,51,89,17,29,7,128,38,99
20181116,서울특별시,11,동작구,11590,전라북도,45,30,89,29,30,54,8,14,12,94,28,74
20181116,서울특별시,11,동작구,11590,전라남도,46,19,95,14,38,53,11,21,11,76,33,65
20181116,서울특별시,11,동작구,11590,경상북도,47,49,124,32,53,69,26,44,11,91,52,100
20181116,서울특별시,11,동작구,11590,경상남도,48,70,166,40,64,91,27,27,16,175,71,136
20181116,서울특별시,11,동작구,11590,제주특별자치도,50,12,23,11,12,11,0,8,0,26,9,30
20181116,서울특별시,11,중구,11140,서울특별시,11,322,2126,291,335,1636,194,543,116,4796,1035,246
20181116,서울특별시,11,중구,11140,부산광역시,26,83,540,76,77,368,74,149,32,1148,313,80
20181116,서울특별시,11,중구,11140,대구광역시,27,57,395,75,53,272,37,111,18,913,199,59
20181116,서울특별시,11,중구,11140,인천광역시,28,79,389,37,70,377,58,143,29,1120,228,68
20181116,서울특별시,11,중구,11140,광주광역시,29,30,296,41,30,156,21,80,18,635,120,46
20181116,서울특별시,11,중구,11140,대전광역시,30,22,294,34,35,186,28,65,15,575,126,32
20181116,서울특별시,11,중구,11140,울산광역시,31,19,194,28,37,98,29,43,11,402,87,34
20181116,서울특별시,11,중구,11140,세종특별자치시,36,5,64,12,4,42,8,26,6,116,27,8
20181116,서울특별시,11,중구,11140,경기도,41,381,2090,334,322,1830,241,651,127,5195,974,290
20181116,서울특별시,11,중구,11140,강원도,42,33,210,40,45,189,31,71,11,475,106,18
20181116,서울특별시,11,중구,11140,충청북도,43,38,259,29,28,163,32,74,13,556,128,34
20181116,서울특별시,11,중구,11140,충청남도,44,39,325,41,44,247,44,98,21,704,151,36
20181116,서울특별시,11,중구,11140,전라북도,45,26,250,38,34,162,26,91,14,616,125,34
20181116,서울특별시,11,중구,11140,전라남도,46,25,251,28,39,164,27,82,18,470,88,32
20181116,서울특별시,11,중구,11140,경상북도,47,39,301,66,58,238,53,113,29,788,165,30
20181116,서울특별시,11,중구,11140,경상남도,48,72,456,77,77,323,63,165,35,1058,220,51
20181116,서울특별시,11,중구,11140,제주특별자치도,50,13,71,25,19,66,23,19,0,201,49,10
20181116,서울특별시,11,은평구,11380,서울특별시,11,173,721,93,312,999,112,301,69,1066,338,942
20181116,서울특별시,11,은평구,11380,부산광역시,26,48,211,25,65,270,39,66,22,319,101,246
20181116,서울특별시,11,은평구,11380,대구광역시,27,30,147,11,48,202,31,34,23,207,72,153
20181116,서울특별시,11,은평구,11380,인천광역시,28,57,184,29,73,293,32,64,28,307,87,208
20181116,서울특별시,11,은평구,11380,광주광역시,29,26,105,13,30,125,22,19,12,151,56,117
20181116,서울특별시,11,은평구,11380,대전광역시,30,20,99,15,26,142,22,30,7,138,51,98
20181116,서울특별시,11,은평구,11380,울산광역시,31,19,63,12,22,82,20,24,3,104,41,88
20181116,서울특별시,11,은평구,11380,세종특별자치시,36,17,13,7,7,25,0,7,4,27,15,27
20181116,서울특별시,11,은평구,11380,경기도,41,262,938,117,347,1177,185,296,120,1674,448,961
20181116,서울특별시,11,은평구,11380,강원도,42,20,92,15,23,111,23,53,7,145,50,54
20181116,서울특별시,11,은평구,11380,충청북도,43,26,98,17,41,129,18,24,10,156,48,88
20181116,서울특별시,11,은평구,11380,충청남도,44,48,116,27,50,202,22,37,45,216,56,114
20181116,서울특별시,11,은평구,11380,전라북도,45,26,122,23,36,139,23,28,15,175,67,97
20181116,서울특별시,11,은평구,11380,전라남도,46,28,105,18,23,130,13,37,10,148,52,95
20181116,서울특별시,11,은평구,11380,경상북도,47,51,156,15,29,201,38,57,11,223,91,168
20181116,서울특별시,11,은평구,11380,경상남도,48,39,183,34,55,234,32,46,23,325,86,229
20181116,서울특별시,11,은평구,11380,제주특별자치도,50,4,25,6,6,37,15,10,0,45,25,11
20181116,서울특별시,11,마포구,11440,서울특별시,11,142,2206,542,863,2053,63,928,265,2036,1353,394
20181116,서울특별시,11,마포구,11440,부산광역시,26,39,418,98,159,414,14,215,59,438,376,79
20181116,서울특별시,11,마포구,11440,인천광역시,28,38,493,82,179,426,14,196,53,375,328,89
20181116,서울특별시,11,마포구,11440,광주광역시,29,11,200,50,97,182,6,99,32,184,202,28
20181116,서울특별시,11,마포구,11440,대전광역시,30,19,202,44,90,185,6,107,27,215,156,48
20181116,서울특별시,11,마포구,11440,울산광역시,31,17,140,27,50,124,7,76,29,118,138,35
20181116,서울특별시,11,마포구,11440,세종특별자치시,36,7,49,12,15,58,0,20,6,36,41,5
20181116,서울특별시,11,마포구,11440,경기도,41,195,2228,469,863,1993,105,1005,319,2271,1524,446
20181116,서울특별시,11,마포구,11440,강원도,42,13,187,42,82,189,6,117,34,208,136,44
20181116,서울특별시,11,마포구,11440,충청북도,43,16,242,27,88,215,8,119,29,224,154,49
20181116,서울특별시,11,마포구,11440,충청남도,44,19,313,58,84,295,7,126,46,247,235,56
20181116,서울특별시,11,마포구,11440,전라북도,45,16,233,53,70,195,7,112,36,242,186,42
20181116,서울특별시,11,마포구,11440,전라남도,46,8,168,36,67,180,13,85,26,186,142,35
20181116,서울특별시,11,마포구,11440,경상북도,47,19,285,72,134,293,7,133,59,291,261,60
20181116,서울특별시,11,마포구,11440,경상남도,48,33,397,58,185,324,17,194,80,388,352,104
20181116,서울특별시,11,마포구,11440,제주특별자치도,50,4,68,14,15,68,4,21,7,83,60,9
20181116,서울특별시,11,양천구,11470,서울특별시,11,222,720,51,601,700,149,415,134,677,278,505
20181116,서울특별시,11,양천구,11470,부산광역시,26,61,169,10,136,186,50,92,47,153,121,140
20181116,서울특별시,11,양천구,11470,대구광역시,27,64,85,11,112,169,29,113,29,122,65,111
20181116,서울특별시,11,양천구,11470,인천광역시,28,71,173,19,133,219,43,117,43,166,53,140
20181116,서울특별시,11,양천구,11470,광주광역시,29,35,62,4,66,111,20,46,21,69,35,53
20181116,서울특별시,11,양천구,11470,대전광역시,30,36,82,0,69,117,20,36,18,77,28,47
20181116,서울특별시,11,양천구,11470,울산광역시,31,26,59,4,48,74,20,31,13,49,23,47
20181116,서울특별시,11,양천구,11470,세종특별자치시,36,5,14,0,10,29,5,18,4,21,12,17
20181116,서울특별시,11,양천구,11470,경기도,41,331,810,58,733,1068,208,519,198,1064,352,662
20181116,서울특별시,11,양천구,11470,강원도,42,32,76,11,65,111,14,51,15,66,24,60
20181116,서울특별시,11,양천구,11470,충청북도,43,40,82,14,85,116,16,55,29,122,48,79
20181116,서울특별시,11,양천구,11470,충청남도,44,55,116,12,101,167,26,77,24,103,53,90
20181116,서울특별시,11,양천구,11470,전라북도,45,23,73,10,81,103,21,52,17,86,33,72
20181116,서울특별시,11,양천구,11470,전라남도,46,29,64,7,71,105,22,40,20,61,26,76
20181116,서울특별시,11,양천구,11470,경상북도,47,51,111,17,106,177,30,91,30,112,49,111
20181116,서울특별시,11,양천구,11470,경상남도,48,68,162,13,134,231,50,120,40,150,62,156
20181116,서울특별시,11,양천구,11470,제주특별자치도,50,7,17,0,23,21,0,8,3,17,13,24
20181116,서울특별시,11,노원구,11350,서울특별시,11,141,721,50,260,451,46,283,106,1321,313,283
20181116,서울특별시,11,노원구,11350,부산광역시,26,20,165,7,38,62,12,49,24,326,103,90
20181116,서울특별시,11,노원구,11350,대구광역시,27,29,121,5,20,82,18,27,12,245,62,49
20181116,서울특별시,11,노원구,11350,인천광역시,28,29,197,13,38,91,4,48,18,339,82,86
20181116,서울특별시,11,노원구,11350,광주광역시,29,13,94,4,18,47,6,19,10,182,49,36
20181116,서울특별시,11,노원구,11350,대전광역시,30,18,76,4,23,39,4,25,14,182,36,32
20181116,서울특별시,11,노원구,11350,울산광역시,31,12,52,0,14,28,8,20,6,112,27,26
20181116,서울특별시,11,노원구,11350,세종특별자치시,36,4,16,0,7,12,0,6,4,47,7,9
20181116,서울특별시,11,노원구,11350,경기도,41,174,734,51,326,490,75,243,114,1932,397,393
20181116,서울특별시,11,노원구,11350,강원도,42,24,75,3,15,45,3,26,4,163,24,29
20181116,서울특별시,11,노원구,11350,충청북도,43,15,70,10,26,37,8,30,12,205,42,35
20181116,서울특별시,11,노원구,11350,충청남도,44,21,102,5,27,57,6,39,13,233,47,75
20181116,서울특별시,11,노원구,11350,전라북도,45,7,76,0,17,37,5,27,11,193,44,30
20181116,서울특별시,11,노원구,11350,전라남도,46,6,71,0,17,38,9,25,11,154,35,37
20181116,서울특별시,11,노원구,11350,경상북도,47,22,107,9,23,82,12,35,16,231,43,59
20181116,서울특별시,11,노원구,11350,경상남도,48,22,150,7,22,81,15,35,33,334,65,64
20181116,서울특별시,11,노원구,11350,제주특별자치도,50,9,22,0,3,6,3,10,3,36,11,3
20181116,서울특별시,11,영등포구,11560,서울특별시,11,71,1571,180,1842,783,97,918,70,957,397,563
20181116,서울특별시,11,영등포구,11560,부산광역시,26,21,430,107,504,257,25,295,12,226,107,165
20181116,서울특별시,11,영등포구,11560,대구광역시,27,17,265,49,333,175,10,221,6,163,65,115
20181116,서울특별시,11,영등포구,11560,인천광역시,28,29,393,34,433,346,18,247,19,220,105,153
20181116,서울특별시,11,영등포구,11560,광주광역시,29,8,197,19,224,115,7,115,8,107,49,76
20181116,서울특별시,11,영등포구,11560,대전광역시,30,8,175,24,264,117,7,108,8,100,49,71
20181116,서울특별시,11,영등포구,11560,울산광역시,31,5,113,26,158,76,11,95,5,66,32,58
20181116,서울특별시,11,영등포구,11560,세종특별자치시,36,0,45,6,51,23,6,22,3,18,9,13
20181116,서울특별시,11,영등포구,11560,경기도,41,101,1802,165,2113,1047,125,1099,77,1297,440,677
20181116,서울특별시,11,영등포구,11560,강원도,42,13,174,16,214,118,6,119,11,109,34,71
20181116,서울특별시,11,영등포구,11560,충청북도,43,0,186,20,236,114,11,99,9,127,36,95
20181116,서울특별시,11,영등포구,11560,충청남도,44,25,247,22,331,173,15,165,7,131,48,117
20181116,서울특별시,11,영등포구,11560,전라북도,45,12,205,24,205,103,21,134,5,111,47,91
20181116,서울특별시,11,영등포구,11560,전라남도,46,7,185,22,219,106,10,103,11,83,39,73
20181116,서울특별시,11,영등포구,11560,경상북도,47,14,287,46,344,354,18,183,13,159,56,133
20181116,서울특별시,11,영등포구,11560,경상남도,48,19,358,121,439,227,29,252,12,237,66,142
20181116,서울특별시,11,영등포구,11560,제주특별자치도,50,0,44,3,58,28,4,35,0,40,19,19
20181116,서울특별시,11,구로구,11530,서울특별시,11,129,1372,119,611,1661,124,676,130,1740,384,721
20181116,서울특별시,11,구로구,11530,부산광역시,26,47,341,22,169,373,47,268,38,453,144,212
20181116,서울특별시,11,구로구,11530,대구광역시,27,38,249,16,163,240,26,186,33,320,84,173
20181116,서울특별시,11,구로구,11530,인천광역시,28,45,328,25,180,366,29,203,47,360,102,189
20181116,서울특별시,11,구로구,11530,광주광역시,29,17,130,14,102,168,17,100,15,214,57,99
20181116,서울특별시,11,구로구,11530,대전광역시,30,12,184,14,75,191,23,129,21,212,48,71
20181116,서울특별시,11,구로구,11530,울산광역시,31,14,112,8,48,131,20,76,11,171,36,100
20181116,서울특별시,11,구로구,11530,세종특별자치시,36,10,35,4,11,48,0,16,5,49,9,24
20181116,서울특별시,11,구로구,11530,경기도,41,204,1542,130,774,1997,193,924,188,2187,508,956
20181116,서울특별시,11,구로구,11530,강원도,42,21,133,8,74,148,22,71,13,196,43,98
20181116,서울특별시,11,구로구,11530,충청북도,43,14,161,12,143,163,26,125,20,226,34,93
20181116,서울특별시,11,구로구,11530,충청남도,44,25,227,17,111,265,28,161,25,266,80,133
20181116,서울특별시,11,구로구,11530,전라북도,45,22,155,21,81,187,29,123,13,253,52,108
20181116,서울특별시,11,구로구,11530,전라남도,46,23,142,13,83,144,18,104,21,203,40,93
20181116,서울특별시,11,구로구,11530,경상북도,47,29,225,10,151,267,36,164,27,329,82,195
20181116,서울특별시,11,구로구,11530,경상남도,48,46,271,23,142,386,37,228,38,411,124,245
20181116,서울특별시,11,구로구,11530,제주특별자치도,50,5,48,0,22,55,5,31,0,58,15,18
20181116,서울특별시,11,동대문구,11230,서울특별시,11,378,1389,120,459,925,115,1103,162,3353,805,624
20181116,서울특별시,11,동대문구,11230,부산광역시,26,97,393,31,124,294,28,311,48,978,228,174
20181116,서울특별시,11,동대문구,11230,대구광역시,27,89,288,18,73,252,20,221,39,727,177,137
20181116,서울특별시,11,동대문구,11230,인천광역시,28,104,379,38,112,301,39,370,72,992,194,167
20181116,서울특별시,11,동대문구,11230,광주광역시,29,36,189,13,65,138,23,146,26,555,108,84
20181116,서울특별시,11,동대문구,11230,대전광역시,30,37,178,9,51,153,17,156,18,443,106,94
20181116,서울특별시,11,동대문구,11230,울산광역시,31,29,149,14,33,95,10,120,24,365,78,81
20181116,서울특별시,11,동대문구,11230,세종특별자치시,36,9,32,5,14,30,3,16,0,91,22,25
20181116,서울특별시,11,동대문구,11230,경기도,41,484,1815,168,540,1499,166,1480,243,4564,892,805
20181116,서울특별시,11,동대문구,11230,강원도,42,48,181,16,51,185,12,149,15,399,88,88
20181116,서울특별시,11,동대문구,11230,충청북도,43,40,195,15,56,170,11,142,31,512,111,97
20181116,서울특별시,11,동대문구,11230,충청남도,44,74,256,18,79,261,31,214,47,658,146,125
20181116,서울특별시,11,동대문구,11230,전라북도,45,37,223,14,52,171,16,195,23,480,116,103
20181116,서울특별시,11,동대문구,11230,전라남도,46,41,202,11,67,185,17,181,23,436,75,88
20181116,서울특별시,11,동대문구,11230,경상북도,47,51,294,9,94,250,26,337,46,708,157,113
20181116,서울특별시,11,동대문구,11230,경상남도,48,104,385,29,136,350,31,355,52,980,192,178
20181116,서울특별시,11,동대문구,11230,제주특별자치도,50,15,53,9,19,50,0,41,14,142,33,30
20181116,서울특별시,11,강동구,11740,서울특별시,11,375,756,160,235,903,85,716,88,1403,328,354
20181116,서울특별시,11,강동구,11740,부산광역시,26,72,170,46,51,257,18,145,15,390,103,74
20181116,서울특별시,11,강동구,11740,대구광역시,27,75,123,38,58,176,13,101,16,282,39,66
20181116,서울특별시,11,강동구,11740,인천광역시,28,74,167,49,67,287,27,133,30,381,78,64
20181116,서울특별시,11,강동구,11740,광주광역시,29,39,88,24,31,124,3,65,8,220,33,44
20181116,서울특별시,11,강동구,11740,대전광역시,30,38,97,15,28,136,10,76,13,164,29,51
20181116,서울특별시,11,강동구,11740,울산광역시,31,32,50,11,18,89,14,52,3,131,28,21
20181116,서울특별시,11,강동구,11740,세종특별자치시,36,8,18,4,4,33,3,19,9,36,8,0
20181116,서울특별시,11,강동구,11740,경기도,41,412,917,237,292,1225,112,694,108,2064,388,389
20181116,서울특별시,11,강동구,11740,강원도,42,44,88,20,26,130,10,102,11,157,40,40
20181116,서울특별시,11,강동구,11740,충청북도,43,46,73,17,20,144,15,90,12,252,42,34
20181116,서울특별시,11,강동구,11740,충청남도,44,50,129,32,45,213,17,93,19,301,49,59
20181116,서울특별시,11,강동구,11740,전라북도,45,42,66,12,30,140,10,67,11,193,29,44
20181116,서울특별시,11,강동구,11740,전라남도,46,42,81,21,20,142,10,49,15,171,23,49
20181116,서울특별시,11,강동구,11740,경상북도,47,58,121,35,41,200,29,124,12,283,50,65
20181116,서울특별시,11,강동구,11740,경상남도,48,68,139,34,45,259,25,139,17,370,63,71
20181116,서울특별시,11,강동구,11740,제주특별자치도,50,8,21,4,7,41,5,25,0,47,9,13
20181116,서울특별시,11,중랑구,11260,서울특별시,11,278,1119,152,844,1504,144,537,289,3589,1029,588
20181116,서울특별시,11,중랑구,11260,부산광역시,26,60,270,36,205,458,39,149,89,1126,304,161
20181116,서울특별시,11,중랑구,11260,대구광역시,27,56,219,23,165,352,39,93,68,776,240,129
20181116,서울특별시,11,중랑구,11260,인천광역시,28,71,277,38,205,440,41,135,107,1141,323,203
20181116,서울특별시,11,중랑구,11260,광주광역시,29,28,108,22,105,238,19,56,39,582,176,67
20181116,서울특별시,11,중랑구,11260,대전광역시,30,32,127,17,135,243,12,54,44,517,143,73
20181116,서울특별시,11,중랑구,11260,울산광역시,31,25,91,10,68,173,16,57,41,385,106,52
20181116,서울특별시,11,중랑구,11260,세종특별자치시,36,4,25,6,20,50,8,11,18,119,26,14
20181116,서울특별시,11,중랑구,11260,경기도,41,351,1401,201,1030,2032,206,613,466,5052,1276,813
20181116,서울특별시,11,중랑구,11260,강원도,42,28,116,12,92,207,16,73,48,499,119,78
20181116,서울특별시,11,중랑구,11260,충청북도,43,32,161,19,122,240,40,67,43,596,147,80
20181116,서울특별시,11,중랑구,11260,충청남도,44,76,186,22,158,369,31,89,90,807,195,90
20181116,서울특별시,11,중랑구,11260,전라북도,45,44,113,14,99,222,25,48,47,550,159,72
20181116,서울특별시,11,중랑구,11260,전라남도,46,30,134,15,117,244,20,71,53,537,163,82
20181116,서울특별시,11,중랑구,11260,경상북도,47,48,192,26,146,390,35,102,97,796,217,128
20181116,서울특별시,11,중랑구,11260,경상남도,48,88,243,31,180,450,55,126,96,1051,299,161
20181116,서울특별시,11,중랑구,11260,제주특별자치도,50,6,29,4,23,43,5,19,14,131,44,17
20181116,서울특별시,11,용산구,11170,서울특별시,11,125,1935,157,8320,1111,198,728,110,1390,600,305
20181116,서울특별시,11,용산구,11170,부산광역시,26,35,452,22,1869,248,48,125,28,405,150,79
20181116,서울특별시,11,용산구,11170,대구광역시,27,21,299,20,1368,158,45,103,23,288,107,59
20181116,서울특별시,11,용산구,11170,인천광역시,28,37,433,30,1873,228,55,169,49,353,127,89
20181116,서울특별시,11,용산구,11170,광주광역시,29,14,188,15,779,111,31,69,12,204,62,38
20181116,서울특별시,11,용산구,11170,대전광역시,30,22,205,30,1020,136,18,75,20,185,67,38
20181116,서울특별시,11,용산구,11170,울산광역시,31,13,164,3,643,77,25,52,15,152,51,26
20181116,서울특별시,11,용산구,11170,세종특별자치시,36,5,54,9,214,32,7,16,6,49,11,12
20181116,서울특별시,11,용산구,11170,경기도,41,191,1901,176,9284,1272,255,732,176,1965,606,355
20181116,서울특별시,11,용산구,11170,강원도,42,13,213,9,804,97,29,74,8,155,60,34
20181116,서울특별시,11,용산구,11170,충청북도,43,20,244,15,917,124,29,85,30,183,58,33
20181116,서울특별시,11,용산구,11170,충청남도,44,26,263,26,1306,184,31,91,25,236,95,44
20181116,서울특별시,11,용산구,11170,전라북도,45,19,227,19,846,140,16,75,23,186,63,40
20181116,서울특별시,11,용산구,11170,전라남도,46,12,155,9,806,106,21,57,19,177,41,32
20181116,서울특별시,11,용산구,11170,경상북도,47,22,323,12,1347,209,41,99,29,249,110,71
20181116,서울특별시,11,용산구,11170,경상남도,48,34,429,22,1600,257,61,101,30,353,120,78
20181116,서울특별시,11,용산구,11170,제주특별자치도,50,5,79,17,233,31,4,21,9,60,19,13
20181116,서울특별시,11,송파구,11710,서울특별시,11,75,1356,87,708,867,119,967,145,2912,733,883
20181116,서울특별시,11,송파구,11710,부산광역시,26,27,334,13,125,337,19,201,46,813,193,259
20181116,서울특별시,11,송파구,11710,대구광역시,27,22,202,21,95,225,18,122,34,590,142,187
20181116,서울특별시,11,송파구,11710,인천광역시,28,40,307,22,157,347,35,191,41,703,180,228
20181116,서울특별시,11,송파구,11710,광주광역시,29,8,134,9,63,142,5,79,26,404,119,121
20181116,서울특별시,11,송파구,11710,대전광역시,30,7,137,14,80,145,14,97,25,387,90,109
20181116,서울특별시,11,송파구,11710,울산광역시,31,6,94,10,29,222,5,76,20,249,72,88
20181116,서울특별시,11,송파구,11710,세종특별자치시,36,0,26,0,11,38,3,30,10,81,15,27
20181116,서울특별시,11,송파구,11710,경기도,41,111,1433,111,668,1478,117,1005,255,3932,846,942
20181116,서울특별시,11,송파구,11710,강원도,42,6,121,10,155,163,8,73,21,347,67,95
20181116,서울특별시,11,송파구,11710,충청북도,43,19,156,11,78,147,15,113,21,463,80,124
20181116,서울특별시,11,송파구,11710,충청남도,44,12,185,8,95,284,24,138,28,516,114,170
20181116,서울특별시,11,송파구,11710,전라북도,45,8,168,7,67,230,6,103,29,411,96,136
20181116,서울특별시,11,송파구,11710,전라남도,46,9,130,6,55,191,9,94,18,359,75,109
20181116,서울특별시,11,송파구,11710,경상북도,47,14,212,12,97,273,17,158,31,486,113,159
20181116,서울특별시,11,송파구,11710,경상남도,48,16,289,10,118,380,24,202,53,741,158,236
20181116,서울특별시,11,송파구,11710,제주특별자치도,50,0,42,6,13,47,0,33,4,122,44,43
20181116,서울특별시,11,종로구,11110,서울특별시,11,142,793,362,241,423,49,222,91,1127,831,119
20181116,서울특별시,11,종로구,11110,부산광역시,26,39,209,50,56,112,5,40,32,410,324,32
20181116,서울특별시,11,종로구,11110,대구광역시,27,37,133,30,38,68,8,19,29,323,215,13
20181116,서울특별시,11,종로구,11110,인천광역시,28,41,152,33,57,103,9,36,38,260,261,21
20181116,서울특별시,11,종로구,11110,광주광역시,29,25,89,18,29,53,0,16,18,177,123,6
20181116,서울특별시,11,종로구,11110,대전광역시,30,28,83,23,34,64,7,24,23,178,117,11
20181116,서울특별시,11,종로구,11110,울산광역시,31,10,66,4,15,33,4,12,10,143,102,6
20181116,서울특별시,11,종로구,11110,세종특별자치시,36,9,21,4,4,18,0,8,0,50,27,0
20181116,서울특별시,11,종로구,11110,경기도,41,215,879,265,273,530,68,293,176,1544,1199,119
20181116,서울특별시,11,종로구,11110,강원도,42,36,78,29,17,60,12,28,16,165,144,13
20181116,서울특별시,11,종로구,11110,충청북도,43,27,113,21,24,57,4,20,17,198,139,18
20181116,서울특별시,11,종로구,11110,충청남도,44,29,131,21,37,97,12,41,28,241,190,21
20181116,서울특별시,11,종로구,11110,전라북도,45,19,80,34,24,39,5,28,21,201,164,16
20181116,서울특별시,11,종로구,11110,전라남도,46,31,73,20,26,59,4,25,18,198,152,26
20181116,서울특별시,11,종로구,11110,경상북도,47,37,112,30,43,86,4,24,21,282,209,16
20181116,서울특별시,11,종로구,11110,경상남도,48,52,126,49,48,94,10,32,38,353,303,22
20181116,서울특별시,11,종로구,11110,제주특별자치도,50,4,34,0,23,16,0,10,7,47,45,0
20181116,서울특별시,11,관악구,11620,서울특별시,11,262,722,211,531,933,42,172,127,1227,319,572
20181116,서울특별시,11,관악구,11620,부산광역시,26,44,213,44,152,258,11,62,45,340,94,142
20181116,서울특별시,11,관악구,11620,대구광역시,27,31,114,30,121,179,12,45,27,264,68,112
20181116,서울특별시,11,관악구,11620,인천광역시,28,103,223,35,173,252,18,39,38,328,91,145
20181116,서울특별시,11,관악구,11620,광주광역시,29,17,108,19,83,92,6,20,27,163,64,67
20181116,서울특별시,11,관악구,11620,대전광역시,30,28,97,14,90,108,9,36,25,190,31,78
20181116,서울특별시,11,관악구,11620,울산광역시,31,10,61,5,75,74,3,19,23,115,27,67
20181116,서울특별시,11,관악구,11620,세종특별자치시,36,6,17,4,13,32,4,0,14,26,10,10
20181116,서울특별시,11,관악구,11620,경기도,41,218,1003,179,755,1173,82,252,214,1866,413,688
20181116,서울특별시,11,관악구,11620,강원도,42,19,109,7,65,90,12,21,21,147,25,86
20181116,서울특별시,11,관악구,11620,충청북도,43,26,147,15,84,129,0,25,72,222,47,85
20181116,서울특별시,11,관악구,11620,충청남도,44,21,143,12,125,145,13,34,37,222,70,100
20181116,서울특별시,11,관악구,11620,전라북도,45,24,112,16,87,117,6,17,31,199,47,74
20181116,서울특별시,11,관악구,11620,전라남도,46,20,114,11,77,87,11,27,17,208,41,68
20181116,서울특별시,11,관악구,11620,경상북도,47,25,139,24,121,140,7,29,32,245,67,98
20181116,서울특별시,11,관악구,11620,경상남도,48,31,239,26,151,257,15,35,59,373,66,163
20181116,서울특별시,11,관악구,11620,제주특별자치도,50,16,22,4,25,16,4,6,5,80,6,15
20181116,서울특별시,11,서대문구,11410,서울특별시,11,36,503,118,111,841,55,289,50,1150,152,269
20181116,서울특별시,11,서대문구,11410,부산광역시,26,9,108,19,24,238,3,84,13,261,58,82
20181116,서울특별시,11,서대문구,11410,대구광역시,27,8,77,22,21,171,3,46,11,199,21,54
20181116,서울특별시,11,서대문구,11410,인천광역시,28,7,115,10,23,251,14,89,10,259,45,71
20181116,서울특별시,11,서대문구,11410,광주광역시,29,5,41,4,3,110,4,34,10,145,24,35
20181116,서울특별시,11,서대문구,11410,대전광역시,30,3,54,10,10,116,3,31,11,105,14,34
20181116,서울특별시,11,서대문구,11410,울산광역시,31,0,38,3,8,96,0,33,7,66,9,22
20181116,서울특별시,11,서대문구,11410,세종특별자치시,36,4,3,0,0,38,0,15,0,25,3,5
20181116,서울특별시,11,서대문구,11410,경기도,41,58,568,75,118,1060,51,344,67,1363,176,370
20181116,서울특별시,11,서대문구,11410,강원도,42,4,56,7,5,127,3,23,7,106,13,27
20181116,서울특별시,11,서대문구,11410,충청북도,43,6,55,3,10,135,3,46,6,120,14,45
20181116,서울특별시,11,서대문구,11410,충청남도,44,10,84,5,11,202,10,52,18,149,19,57
20181116,서울특별시,11,서대문구,11410,전라북도,45,4,41,7,8,118,6,45,12,133,23,37
20181116,서울특별시,11,서대문구,11410,전라남도,46,9,43,65,5,123,3,45,6,114,26,35
20181116,서울특별시,11,서대문구,11410,경상북도,47,8,67,57,13,188,8,62,9,178,24,68
20181116,서울특별시,11,서대문구,11410,경상남도,48,4,81,9,12,252,10,76,10,227,34,71
20181116,서울특별시,11,서대문구,11410,제주특별자치도,50,0,15,5,0,24,3,7,0,31,5,14
20181116,서울특별시,11,강서구,11500,서울특별시,11,170,1445,238,1322,1474,321,1593,232,2992,1471,935
20181116,서울특별시,11,강서구,11500,부산광역시,26,68,390,63,255,419,126,495,67,985,567,256
20181116,서울특별시,11,강서구,11500,대구광역시,27,50,260,36,183,260,84,289,53,663,370,146
20181116,서울특별시,11,강서구,11500,인천광역시,28,68,339,55,270,389,132,453,65,910,447,243
20181116,서울특별시,11,강서구,11500,광주광역시,29,18,155,26,88,191,52,194,22,486,229,131
20181116,서울특별시,11,강서구,11500,대전광역시,30,29,143,21,143,209,61,221,35,464,217,102
20181116,서울특별시,11,강서구,11500,울산광역시,31,15,107,18,81,143,51,128,22,339,182,80
20181116,서울특별시,11,강서구,11500,세종특별자치시,36,6,33,7,29,54,7,31,5,95,66,29
20181116,서울특별시,11,강서구,11500,경기도,41,276,1685,273,1311,1878,503,1892,330,4511,2110,1127
20181116,서울특별시,11,강서구,11500,강원도,42,21,119,21,91,163,84,210,25,464,222,98
20181116,서울특별시,11,강서구,11500,충청북도,43,23,150,36,116,217,76,179,40,514,228,124
20181116,서울특별시,11,강서구,11500,충청남도,44,39,203,30,176,273,105,278,62,636,319,168
20181116,서울특별시,11,강서구,11500,전라북도,45,17,150,21,133,187,91,200,32,572,242,123
20181116,서울특별시,11,강서구,11500,전라남도,46,18,152,18,118,184,79,190,29,505,189,122
20181116,서울특별시,11,강서구,11500,경상북도,47,34,219,37,163,307,104,303,52,653,380,198
20181116,서울특별시,11,강서구,11500,경상남도,48,52,302,56,215,375,152,447,77,1006,506,188
20181116,서울특별시,11,강서구,11500,제주특별자치도,50,4,41,11,44,55,17,44,10,180,66,25
20181116,서울특별시,11,금천구,11545,서울특별시,11,426,2159,290,1721,2940,385,890,278,2542,1348,1791
20181116,서울특별시,11,금천구,11545,부산광역시,26,101,513,25,445,871,71,324,87,637,355,488
20181116,서울특별시,11,금천구,11545,대구광역시,27,57,392,29,298,639,63,167,56,508,268,359
20181116,서울특별시,11,금천구,11545,인천광역시,28,214,547,46,461,706,75,250,80,532,303,410
20181116,서울특별시,11,금천구,11545,광주광역시,29,40,218,18,214,420,43,94,35,382,167,230
20181116,서울특별시,11,금천구,11545,대전광역시,30,48,313,21,222,442,37,97,55,365,167,238
20181116,서울특별시,11,금천구,11545,울산광역시,31,34,179,10,160,268,27,84,28,210,138,199
20181116,서울특별시,11,금천구,11545,세종특별자치시,36,19,71,9,47,67,7,28,12,112,27,42
20181116,서울특별시,11,금천구,11545,경기도,41,669,2539,340,2066,3203,262,1177,385,3006,1498,2099
20181116,서울특별시,11,금천구,11545,강원도,42,51,250,38,209,405,40,100,38,299,153,177
20181116,서울특별시,11,금천구,11545,충청북도,43,55,234,14,254,429,34,122,34,305,153,184
20181116,서울특별시,11,금천구,11545,충청남도,44,72,337,13,362,515,38,170,66,412,232,256
20181116,서울특별시,11,금천구,11545,전라북도,45,60,258,18,198,430,30,131,39,392,181,238
20181116,서울특별시,11,금천구,11545,전라남도,46,52,218,15,196,409,25,113,38,303,143,204
20181116,서울특별시,11,금천구,11545,경상북도,47,100,376,13,293,630,54,169,74,421,236,314
20181116,서울특별시,11,금천구,11545,경상남도,48,108,456,27,380,787,59,188,76,641,311,675
20181116,서울특별시,11,금천구,11545,제주특별자치도,50,12,73,3,54,84,15,19,8,138,47,78
20181116,서울특별시,11,광진구,11215,서울특별시,11,101,726,144,745,588,525,263,101,1074,659,515
20181116,서울특별시,11,광진구,11215,부산광역시,26,27,166,21,187,140,174,66,26,276,177,104
20181116,서울특별시,11,광진구,11215,대구광역시,27,27,112,14,128,100,128,56,18,170,119,66
20181116,서울특별시,11,광진구,11215,인천광역시,28,29,168,11,175,132,167,59,34,250,147,87
20181116,서울특별시,11,광진구,11215,광주광역시,29,14,94,13,85,64,86,34,8,112,58,65
20181116,서울특별시,11,광진구,11215,대전광역시,30,11,68,7,88,92,112,27,12,121,84,47
20181116,서울특별시,11,광진구,11215,울산광역시,31,11,60,4,69,48,74,26,15,88,52,37
20181116,서울특별시,11,광진구,11215,세종특별자치시,36,0,12,4,18,20,17,5,4,26,14,8
20181116,서울특별시,11,광진구,11215,경기도,41,124,881,94,799,709,842,325,167,1456,766,560
20181116,서울특별시,11,광진구,11215,강원도,42,16,72,8,79,63,130,32,11,100,80,37
20181116,서울특별시,11,광진구,11215,충청북도,43,9,94,6,96,77,115,26,12,137,60,41
20181116,서울특별시,11,광진구,11215,충청남도,44,33,115,10,110,98,197,46,30,164,102,62
20181116,서울특별시,11,광진구,11215,전라북도,45,18,69,15,96,59,122,28,15,121,76,75
20181116,서울특별시,11,광진구,11215,전라남도,46,16,70,8,78,63,141,36,18,104,83,43
20181116,서울특별시,11,광진구,11215,경상북도,47,22,136,12,111,102,190,31,25,153,111,66
20181116,서울특별시,11,광진구,11215,경상남도,48,24,129,13,204,138,238,57,44,233,127,108
20181116,서울특별시,11,광진구,11215,제주특별자치도,50,3,28,5,20,19,54,12,0,31,25,16
20181116,서울특별시,11,강북구,11305,서울특별시,11,48,567,54,115,243,31,95,179,1928,331,153
20181116,서울특별시,11,강북구,11305,부산광역시,26,7,150,9,34,69,9,33,59,583,106,45
20181116,서울특별시,11,강북구,11305,대구광역시,27,5,108,7,29,41,7,23,44,455,63,30
20181116,서울특별시,11,강북구,11305,인천광역시,28,8,147,7,34,75,10,41,52,605,87,40
20181116,서울특별시,11,강북구,11305,광주광역시,29,3,87,7,18,27,6,10,20,308,43,17
20181116,서울특별시,11,강북구,11305,대전광역시,30,8,65,6,22,33,0,15,22,292,39,12
20181116,서울특별시,11,강북구,11305,울산광역시,31,3,58,0,18,22,10,11,31,206,34,11
20181116,서울특별시,11,강북구,11305,세종특별자치시,36,0,22,3,0,8,0,5,7,64,11,0
20181116,서울특별시,11,강북구,11305,경기도,41,66,700,56,209,359,49,137,330,2983,446,230
20181116,서울특별시,11,강북구,11305,강원도,42,8,70,5,13,39,8,10,29,265,39,20
20181116,서울특별시,11,강북구,11305,충청북도,43,8,83,0,19,28,6,9,34,346,42,26
20181116,서울특별시,11,강북구,11305,충청남도,44,11,99,5,20,48,9,14,49,516,59,43
20181116,서울특별시,11,강북구,11305,전라북도,45,6,91,5,16,30,3,20,37,314,40,16
20181116,서울특별시,11,강북구,11305,전라남도,46,8,93,3,29,35,4,12,45,330,40,20
20181116,서울특별시,11,강북구,11305,경상북도,47,6,125,6,25,44,3,27,36,478,56,34
20181116,서울특별시,11,강북구,11305,경상남도,48,11,145,9,32,70,12,33,61,599,89,43
20181116,서울특별시,11,강북구,11305,제주특별자치도,50,0,16,0,7,7,0,0,8,102,15,0
20181116,서울특별시,11,도봉구,11320,서울특별시,11,115,2470,112,1149,535,97,558,165,1047,609,523
20181116,서울특별시,11,도봉구,11320,부산광역시,26,22,506,37,278,162,19,141,58,300,193,157
20181116,서울특별시,11,도봉구,11320,대구광역시,27,15,434,23,194,90,17,96,32,225,142,104
20181116,서울특별시,11,도봉구,11320,인천광역시,28,18,602,24,273,126,18,141,56,293,184,152
20181116,서울특별시,11,도봉구,11320,광주광역시,29,12,313,15,151,56,15,66,29,137,93,82
20181116,서울특별시,11,도봉구,11320,대전광역시,30,9,294,8,125,72,9,50,24,149,78,72
20181116,서울특별시,11,도봉구,11320,울산광역시,31,6,177,15,92,95,9,36,24,132,82,74
20181116,서울특별시,11,도봉구,11320,세종특별자치시,36,5,50,4,29,22,5,13,12,40,28,16
20181116,서울특별시,11,도봉구,11320,경기도,41,110,2603,152,1355,657,106,607,239,1638,900,698
20181116,서울특별시,11,도봉구,11320,강원도,42,13,257,9,104,69,7,67,21,148,83,68
20181116,서울특별시,11,도봉구,11320,충청북도,43,9,254,30,128,66,14,51,23,179,110,81
20181116,서울특별시,11,도봉구,11320,충청남도,44,16,334,14,169,94,21,80,46,208,146,99
20181116,서울특별시,11,도봉구,11320,전라북도,45,13,368,13,136,61,11,61,30,151,78,72
20181116,서울특별시,11,도봉구,11320,전라남도,46,13,260,9,130,60,10,51,35,162,99,73
20181116,서울특별시,11,도봉구,11320,경상북도,47,15,407,57,166,144,13,103,47,282,146,119
20181116,서울특별시,11,도봉구,11320,경상남도,48,30,508,32,254,123,20,120,66,328,211,161
20181116,서울특별시,11,도봉구,11320,제주특별자치도,50,3,87,5,26,20,4,17,12,39,23,13
20181116,서울특별시,11,강남구,11680,서울특별시,11,373,2535,435,927,1667,163,1149,207,3537,1042,2853
20181116,서울특별시,11,강남구,11680,부산광역시,26,82,567,49,196,344,37,299,41,796,263,911
20181116,서울특별시,11,강남구,11680,대구광역시,27,60,442,23,148,277,33,315,29,536,163,606
20181116,서울특별시,11,강남구,11680,인천광역시,28,63,467,31,213,370,32,248,31,567,203,557
20181116,서울특별시,11,강남구,11680,광주광역시,29,34,217,13,78,139,27,118,17,323,110,372
20181116,서울특별시,11,강남구,11680,대전광역시,30,40,234,15,94,181,22,122,31,305,108,418
20181116,서울특별시,11,강남구,11680,울산광역시,31,21,163,19,53,135,15,98,15,195,66,185
20181116,서울특별시,11,강남구,11680,세종특별자치시,36,10,59,0,17,51,8,22,7,67,16,66
20181116,서울특별시,11,강남구,11680,경기도,41,394,2368,205,969,1839,231,1289,241,3613,1108,3743
20181116,서울특별시,11,강남구,11680,강원도,42,30,218,14,78,188,31,133,15,235,74,289
20181116,서울특별시,11,강남구,11680,충청북도,43,42,179,21,102,168,16,106,30,339,98,212
20181116,서울특별시,11,강남구,11680,충청남도,44,39,276,23,129,260,23,168,27,410,119,308
20181116,서울특별시,11,강남구,11680,전라북도,45,22,168,15,60,184,15,95,27,306,98,231
20181116,서울특별시,11,강남구,11680,전라남도,46,23,176,14,69,137,28,103,18,254,78,211
20181116,서울특별시,11,강남구,11680,경상북도,47,53,337,23,140,233,34,200,23,363,129,482
20181116,서울특별시,11,강남구,11680,경상남도,48,63,418,28,173,305,46,277,43,518,156,689
20181116,서울특별시,11,강남구,11680,제주특별자치도,50,18,105,13,32,51,7,40,9,106,30,72
20181116,서울특별시,11,성동구,11200,서울특별시,11,193,5652,982,609,867,215,775,114,2263,1089,411
20181116,서울특별시,11,성동구,11200,부산광역시,26,61,1560,352,175,221,51,198,28,582,239,113
20181116,서울특별시,11,성동구,11200,대구광역시,27,41,2304,480,100,188,34,152,32,414,171,90
20181116,서울특별시,11,성동구,11200,인천광역시,28,46,1813,421,153,237,51,184,30,552,226,94
20181116,서울특별시,11,성동구,11200,광주광역시,29,22,971,255,68,100,42,123,18,288,101,52
20181116,서울특별시,11,성동구,11200,대전광역시,30,29,856,194,65,114,34,98,8,261,100,41
20181116,서울특별시,11,성동구,11200,울산광역시,31,25,1055,269,54,61,15,92,18,194,65,39
20181116,서울특별시,11,성동구,11200,세종특별자치시,36,8,239,64,14,21,0,22,5,48,33,16
20181116,서울특별시,11,성동구,11200,경기도,41,266,8409,1913,757,1090,288,1061,184,2797,998,473
20181116,서울특별시,11,성동구,11200,강원도,42,23,777,173,66,95,20,96,16,236,102,37
20181116,서울특별시,11,성동구,11200,충청북도,43,22,879,230,66,104,34,103,21,274,88,43
20181116,서울특별시,11,성동구,11200,충청남도,44,36,1446,357,80,161,42,146,19,386,131,47
20181116,서울특별시,11,성동구,11200,전라북도,45,28,950,249,82,88,30,119,18,303,96,43
20181116,서울특별시,11,성동구,11200,전라남도,46,23,901,243,64,82,25,119,20,233,85,46
20181116,서울특별시,11,성동구,11200,경상북도,47,44,2539,597,106,147,42,184,30,412,166,59
20181116,서울특별시,11,성동구,11200,경상남도,48,56,2332,570,143,215,64,214,46,520,176,89
20181116,서울특별시,11,성동구,11200,제주특별자치도,50,7,89,24,16,34,3,22,4,63,45,6
20181116,서울특별시,11,성북구,11290,서울특별시,11,229,3219,199,1136,1711,326,957,340,11339,3773,1716
20181116,서울특별시,11,성북구,11290,부산광역시,26,59,776,80,270,465,107,231,128,3615,1035,457
20181116,서울특별시,11,성북구,11290,대구광역시,27,42,602,48,214,370,67,156,86,2608,733,333
20181116,서울특별시,11,성북구,11290,인천광역시,28,65,755,37,290,450,95,241,96,3273,946,408
20181116,서울특별시,11,성북구,11290,광주광역시,29,40,375,58,165,208,34,99,57,1834,566,218
20181116,서울특별시,11,성북구,11290,대전광역시,30,38,427,16,145,215,46,112,56,1697,467,196
20181116,서울특별시,11,성북구,11290,울산광역시,31,33,243,17,96,159,33,66,42,1228,374,153
20181116,서울특별시,11,성북구,11290,세종특별자치시,36,9,79,3,37,41,9,23,23,398,110,50
20181116,서울특별시,11,성북구,11290,경기도,41,316,3653,207,1418,2272,440,1056,525,15233,4434,1953
20181116,서울특별시,11,성북구,11290,강원도,42,34,336,19,145,202,45,106,61,1680,449,185
20181116,서울특별시,11,성북구,11290,충청북도,43,36,322,24,140,230,44,123,53,1681,517,193
20181116,서울특별시,11,성북구,11290,충청남도,44,43,516,28,199,325,91,149,95,2348,655,293
20181116,서울특별시,11,성북구,11290,전라북도,45,36,354,16,148,237,41,86,57,1850,494,192
20181116,서울특별시,11,성북구,11290,전라남도,46,28,283,23,138,192,27,109,68,1717,481,186
20181116,서울특별시,11,성북구,11290,경상북도,47,44,540,38,227,327,66,164,97,2546,746,321
20181116,서울특별시,11,성북구,11290,경상남도,48,57,688,40,317,420,98,217,124,3423,975,420
20181116,서울특별시,11,성북구,11290,제주특별자치도,50,4,96,8,39,57,20,18,30,570,179,211
20181116,서울특별시,11,서초구,11650,서울특별시,11,235,2305,339,833,1254,141,1449,184,1094,787,840
20181116,서울특별시,11,서초구,11650,부산광역시,26,63,1790,78,181,266,31,276,34,219,206,238
20181116,서울특별시,11,서초구,11650,대구광역시,27,37,316,67,154,203,17,187,33,142,148,222
20181116,서울특별시,11,서초구,11650,인천광역시,28,54,399,52,177,314,27,250,69,166,176,247
20181116,서울특별시,11,서초구,11650,광주광역시,29,24,164,46,88,134,9,122,21,82,91,116
20181116,서울특별시,11,서초구,11650,대전광역시,30,30,179,35,79,151,14,121,13,77,94,111
20181116,서울특별시,11,서초구,11650,울산광역시,31,26,171,16,68,90,13,94,13,68,70,99
20181116,서울특별시,11,서초구,11650,세종특별자치시,36,11,30,13,20,21,0,32,5,20,23,26
20181116,서울특별시,11,서초구,11650,경기도,41,276,2073,342,853,1268,199,1308,190,1370,932,1008
20181116,서울특별시,11,서초구,11650,강원도,42,37,379,50,99,115,14,98,15,64,76,101
20181116,서울특별시,11,서초구,11650,충청북도,43,31,224,53,103,121,23,108,27,129,87,125
20181116,서울특별시,11,서초구,11650,충청남도,44,54,214,59,116,166,23,177,22,131,110,145
20181116,서울특별시,11,서초구,11650,전라북도,45,25,187,61,90,115,16,156,20,108,84,122
20181116,서울특별시,11,서초구,11650,전라남도,46,28,138,60,80,123,17,118,14,60,87,105
20181116,서울특별시,11,서초구,11650,경상북도,47,42,332,91,131,205,17,203,25,116,121,172
20181116,서울특별시,11,서초구,11650,경상남도,48,57,455,76,177,231,29,243,37,169,145,225
20181116,서울특별시,11,서초구,11650,제주특별자치도,50,10,65,21,23,40,0,45,8,20,30,57
20181117,서울특별시,11,구로구,11530,경상북도,47,3,42,5,5,36,0,4,0,81,5,5
20181117,서울특별시,11,구로구,11530,전라남도,46,6,16,0,3,21,0,6,0,40,5,0
20181117,서울특별시,11,은평구,11380,충청남도,44,0,16,0,7,13,0,0,0,25,6,3
20181117,서울특별시,11,은평구,11380,충청북도,43,0,11,9,9,12,0,4,0,33,0,0
20181117,서울특별시,11,은평구,11380,강원도,42,0,12,0,0,9,0,0,0,9,4,0
20181117,서울특별시,11,은평구,11380,경기도,41,12,164,7,60,122,14,23,13,510,79,32
20181117,서울특별시,11,은평구,11380,세종특별자치시,36,0,4,0,0,0,0,0,0,0,0,0
20181117,서울특별시,11,은평구,11380,울산광역시,31,0,11,0,0,4,0,0,0,6,0,0
20181117,서울특별시,11,은평구,11380,대전광역시,30,0,9,3,4,8,0,4,0,13,8,0
20181117,서울특별시,11,은평구,11380,광주광역시,29,0,13,0,4,7,0,4,0,8,5,0
20181117,서울특별시,11,은평구,11380,인천광역시,28,5,35,0,13,12,0,7,0,32,7,6
20181117,서울특별시,11,은평구,11380,대구광역시,27,0,27,0,11,10,0,0,0,22,5,0
20181117,서울특별시,11,은평구,11380,부산광역시,26,4,33,0,8,15,0,3,0,36,18,0
20181117,서울특별시,11,은평구,11380,서울특별시,11,5,169,13,62,94,7,13,0,236,46,19
20181117,서울특별시,11,광진구,11215,경상남도,48,6,27,4,32,4,0,8,7,35,43,7
20181117,서울특별시,11,광진구,11215,제주특별자치도,50,0,5,0,3,0,0,0,0,10,5,0
20181117,서울특별시,11,동작구,11590,서울특별시,11,6,169,16,43,18,10,19,10,293,57,9
20181117,서울특별시,11,동작구,11590,부산광역시,26,0,46,5,6,0,0,0,0,32,13,0
20181117,서울특별시,11,동작구,11590,대구광역시,27,9,20,3,6,4,0,0,0,19,3,0
20181117,서울특별시,11,구로구,11530,전라북도,45,0,19,3,6,23,0,3,0,82,11,0
20181117,서울특별시,11,구로구,11530,충청남도,44,4,38,0,9,40,4,7,0,107,9,4
20181117,서울특별시,11,구로구,11530,충청북도,43,0,23,4,7,21,0,3,5,83,0,0
20181117,서울특별시,11,구로구,11530,강원도,42,0,33,0,0,22,0,4,0,50,5,6
20181117,서울특별시,11,관악구,11620,제주특별자치도,50,0,9,0,0,0,0,0,0,3,0,0
20181117,서울특별시,11,관악구,11620,경상남도,48,3,55,6,12,15,3,5,6,50,7,0
20181117,서울특별시,11,관악구,11620,경상북도,47,0,62,3,4,12,0,6,4,29,6,0
20181117,서울특별시,11,관악구,11620,전라남도,46,0,29,0,3,13,0,9,0,18,3,0
20181117,서울특별시,11,관악구,11620,전라북도,45,8,42,4,0,18,0,0,0,37,6,0
20181117,서울특별시,11,관악구,11620,충청남도,44,3,44,0,6,8,0,7,3,39,13,0
20181117,서울특별시,11,관악구,11620,충청북도,43,0,24,7,12,9,0,5,0,52,4,4
20181117,서울특별시,11,관악구,11620,강원도,42,0,22,0,0,7,0,3,0,19,5,0
20181117,서울특별시,11,관악구,11620,경기도,41,26,388,34,64,130,33,36,20,513,98,32
20181117,서울특별시,11,관악구,11620,세종특별자치시,36,0,5,0,0,0,0,0,0,5,0,0
20181117,서울특별시,11,관악구,11620,울산광역시,31,0,19,0,0,3,0,0,0,12,0,0
20181117,서울특별시,11,관악구,11620,대전광역시,30,0,40,5,4,12,0,3,0,19,4,0
20181117,서울특별시,11,관악구,11620,광주광역시,29,0,44,5,3,9,0,4,3,22,10,0
20181117,서울특별시,11,관악구,11620,인천광역시,28,9,82,9,10,31,0,5,4,66,10,3
20181117,서울특별시,11,관악구,11620,대구광역시,27,5,67,3,0,16,3,4,0,35,12,0
20181117,서울특별시,11,관악구,11620,부산광역시,26,0,100,8,8,26,0,6,3,69,26,3
20181117,서울특별시,11,관악구,11620,서울특별시,11,13,427,44,53,105,6,30,15,326,52,21
20181117,서울특별시,11,구로구,11530,경기도,41,20,321,28,75,294,18,27,23,966,86,89
20181117,서울특별시,11,구로구,11530,세종특별자치시,36,0,8,0,0,0,0,0,0,20,3,0
20181117,서울특별시,11,구로구,11530,울산광역시,31,0,13,0,0,22,0,0,0,31,4,0
20181117,서울특별시,11,구로구,11530,대전광역시,30,0,37,0,11,36,0,3,0,80,10,0
20181117,서울특별시,11,구로구,11530,광주광역시,29,0,25,3,5,26,0,6,0,60,7,3
20181117,서울특별시,11,구로구,11530,인천광역시,28,6,47,3,6,44,0,0,6,149,16,14
20181117,서울특별시,11,동작구,11590,인천광역시,28,0,23,0,4,5,0,3,0,35,5,3
20181117,서울특별시,11,용산구,11170,서울특별시,11,8,248,26,210,38,5,12,6,159,37,31
20181117,서울특별시,11,용산구,11170,부산광역시,26,0,41,0,88,5,0,0,0,19,10,9
20181117,서울특별시,11,용산구,11170,대구광역시,27,0,69,0,31,6,0,4,0,12,4,6
20181117,서울특별시,11,용산구,11170,인천광역시,28,0,31,0,67,10,0,0,0,16,6,11
20181117,서울특별시,11,용산구,11170,광주광역시,29,0,11,0,35,3,0,0,0,20,0,10
20181117,서울특별시,11,용산구,11170,대전광역시,30,0,68,0,18,0,0,0,0,12,5,6
20181117,서울특별시,11,용산구,11170,울산광역시,31,0,10,0,34,9,0,0,0,4,0,0
20181117,서울특별시,11,용산구,11170,세종특별자치시,36,0,5,0,7,0,0,0,0,0,0,0
20181117,서울특별시,11,용산구,11170,경기도,41,6,196,16,259,54,4,15,3,233,36,39
20181117,서울특별시,11,용산구,11170,강원도,42,0,8,0,19,6,0,3,0,7,0,4
20181117,서울특별시,11,용산구,11170,충청북도,43,0,6,0,20,0,0,0,0,25,0,6
20181117,서울특별시,11,용산구,11170,충청남도,44,3,15,0,26,6,0,0,0,9,11,7
20181117,서울특별시,11,용산구,11170,전라북도,45,0,10,0,22,0,0,3,0,12,5,4
20181117,서울특별시,11,용산구,11170,전라남도,46,0,13,5,31,0,0,0,0,4,0,0
20181117,서울특별시,11,용산구,11170,경상북도,47,0,16,0,41,4,0,0,0,9,4,9
20181117,서울특별시,11,용산구,11170,경상남도,48,5,24,0,57,6,4,0,0,28,6,8
20181117,서울특별시,11,용산구,11170,제주특별자치도,50,0,4,0,10,0,0,0,0,0,0,0
20181117,서울특별시,11,중구,11140,제주특별자치도,50,4,17,9,0,8,0,11,0,16,8,0
20181117,서울특별시,11,중구,11140,경상남도,48,7,168,35,6,30,3,42,3,171,31,4
20181117,서울특별시,11,중구,11140,경상북도,47,6,132,28,0,25,13,40,3,142,19,3
20181117,서울특별시,11,중구,11140,전라남도,46,3,98,17,7,15,14,41,0,77,20,0
20181117,서울특별시,11,중구,11140,전라북도,45,8,82,13,0,15,10,19,0,106,17,0
20181117,서울특별시,11,중구,11140,충청남도,44,4,83,15,4,28,5,18,0,114,20,4
20181117,서울특별시,11,중구,11140,충청북도,43,5,77,18,0,14,5,22,0,98,12,0
20181117,서울특별시,11,강동구,11740,서울특별시,11,19,139,36,50,47,13,17,11,302,57,37
20181117,서울특별시,11,강동구,11740,부산광역시,26,0,35,4,6,12,0,3,0,62,24,0
20181117,서울특별시,11,강동구,11740,대구광역시,27,0,11,9,3,9,0,0,0,46,6,0
20181117,서울특별시,11,강동구,11740,인천광역시,28,5,15,7,20,22,0,4,0,77,3,9
20181117,서울특별시,11,강동구,11740,광주광역시,29,0,5,0,0,13,0,0,0,43,4,0
20181117,서울특별시,11,강동구,11740,대전광역시,30,0,13,5,0,7,0,0,0,24,4,0
20181117,서울특별시,11,강동구,11740,울산광역시,31,0,13,4,0,3,0,0,0,20,0,0
20181117,서울특별시,11,강동구,11740,세종특별자치시,36,0,0,0,0,0,0,0,0,0,0,0
20181117,서울특별시,11,강동구,11740,경기도,41,33,152,35,65,108,24,24,19,605,60,34
20181117,서울특별시,11,강동구,11740,강원도,42,0,11,0,0,5,0,3,0,42,0,0
20181117,서울특별시,11,강동구,11740,충청북도,43,0,7,12,3,13,0,0,0,57,4,4
20181117,서울특별시,11,강동구,11740,충청남도,44,0,17,4,0,15,0,3,0,50,0,0
20181117,서울특별시,11,강동구,11740,전라북도,45,0,11,3,3,6,0,0,0,48,3,4
20181117,서울특별시,11,강동구,11740,전라남도,46,0,10,3,0,7,0,4,0,36,0,3
20181117,서울특별시,11,강동구,11740,경상북도,47,0,18,5,7,13,0,0,0,48,0,4
20181117,서울특별시,11,강동구,11740,경상남도,48,0,35,4,4,9,0,4,0,64,5,8
20181117,서울특별시,11,강동구,11740,제주특별자치도,50,0,0,0,0,3,0,0,0,7,0,0
20181117,서울특별시,11,동작구,11590,광주광역시,29,0,11,3,0,0,0,6,0,11,3,0
20181117,서울특별시,11,동작구,11590,대전광역시,30,0,15,0,3,0,0,5,0,15,3,0
20181117,서울특별시,11,동작구,11590,울산광역시,31,0,14,0,3,0,0,0,0,4,0,0
20181117,서울특별시,11,동작구,11590,세종특별자치시,36,0,0,0,0,0,0,0,0,0,0,0
20181117,서울특별시,11,동작구,11590,경기도,41,19,154,23,45,64,22,13,12,441,79,23
20181117,서울특별시,11,동작구,11590,강원도,42,0,5,5,0,0,0,0,0,3,0,0
20181117,서울특별시,11,동작구,11590,충청북도,43,0,13,8,11,0,0,0,0,37,0,0
20181117,서울특별시,11,동작구,11590,충청남도,44,0,14,5,0,0,0,3,0,19,0,0
20181117,서울특별시,11,동작구,11590,전라북도,45,0,9,0,0,0,0,3,0,23,5,0
20181117,서울특별시,11,동작구,11590,전라남도,46,0,9,0,0,0,0,6,0,5,0,0
20181117,서울특별시,11,동작구,11590,경상북도,47,0,19,0,4,0,0,4,0,7,0,0
20181117,서울특별시,11,동작구,11590,경상남도,48,4,19,0,4,0,0,0,0,29,5,0
20181117,서울특별시,11,동작구,11590,제주특별자치도,50,0,0,0,0,0,0,0,0,0,0,0
20181117,서울특별시,11,강남구,11680,서울특별시,11,71,386,8,77,123,14,95,59,531,101,1030
20181117,서울특별시,11,강남구,11680,부산광역시,26,25,50,0,9,18,0,14,19,98,28,56
20181117,서울특별시,11,강남구,11680,대구광역시,27,35,49,0,5,21,6,5,12,72,14,50
20181117,서울특별시,11,구로구,11530,대구광역시,27,5,41,8,5,54,0,5,3,95,4,9
20181117,서울특별시,11,구로구,11530,부산광역시,26,0,46,11,6,55,0,10,0,108,24,6
20181117,서울특별시,11,구로구,11530,서울특별시,11,5,300,13,48,286,12,13,10,644,78,62
20181117,서울특별시,11,노원구,11350,부산광역시,26,0,27,0,6,3,3,4,0,76,25,0
20181117,서울특별시,11,송파구,11710,제주특별자치도,50,0,5,0,51,4,0,0,0,24,3,0
20181117,서울특별시,11,송파구,11710,경상남도,48,3,27,0,299,64,0,16,20,156,15,5
20181117,서울특별시,11,송파구,11710,경상북도,47,0,27,3,222,49,0,15,5,100,7,0
20181117,서울특별시,11,송파구,11710,전라남도,46,0,7,0,159,49,0,6,0,76,9,0
20181117,서울특별시,11,송파구,11710,전라북도,45,0,7,3,273,49,0,8,6,104,10,5
20181117,서울특별시,11,송파구,11710,충청남도,44,3,22,4,179,38,0,8,7,124,18,5
20181117,서울특별시,11,송파구,11710,충청북도,43,0,21,15,163,25,4,9,3,130,9,0
20181117,서울특별시,11,노원구,11350,서울특별시,11,11,157,713,43,87,8,134,28,420,77,30
20181117,서울특별시,11,강북구,11305,서울특별시,11,0,103,0,27,18,5,13,3,146,27,13
20181117,서울특별시,11,강북구,11305,부산광역시,26,0,16,0,3,5,0,0,0,21,13,0
20181117,서울특별시,11,강북구,11305,대구광역시,27,0,7,0,0,3,0,0,0,13,0,0
20181117,서울특별시,11,강북구,11305,인천광역시,28,3,13,0,4,9,0,5,0,30,3,0
20181117,서울특별시,11,강북구,11305,광주광역시,29,0,8,0,5,0,0,0,0,4,0,0
20181117,서울특별시,11,강남구,11680,인천광역시,28,15,64,0,19,20,3,12,12,86,16,310
20181117,서울특별시,11,중구,11140,강원도,42,7,71,9,3,24,6,21,0,79,12,0
20181117,서울특별시,11,중구,11140,경기도,41,56,461,132,51,252,76,132,14,883,155,20
20181117,서울특별시,11,중구,11140,세종특별자치시,36,0,19,5,0,3,3,3,0,20,0,0
20181117,서울특별시,11,중구,11140,울산광역시,31,0,72,12,0,34,0,20,0,66,11,0
20181117,서울특별시,11,중구,11140,대전광역시,30,7,78,20,3,19,6,24,0,95,15,0
20181117,서울특별시,11,중구,11140,광주광역시,29,4,103,23,0,22,9,23,3,99,15,0
20181117,서울특별시,11,중구,11140,인천광역시,28,8,65,11,8,41,20,23,4,175,37,0
20181117,서울특별시,11,중구,11140,대구광역시,27,0,128,26,3,35,17,49,0,145,26,3
20181117,서울특별시,11,중구,11140,부산광역시,26,18,212,23,0,48,6,65,5,192,31,5
20181117,서울특별시,11,중구,11140,서울특별시,11,43,446,63,52,218,72,118,9,820,189,24
20181117,서울특별시,11,강남구,11680,광주광역시,29,8,29,0,4,7,0,4,9,34,6,52
20181117,서울특별시,11,강남구,11680,대전광역시,30,12,25,3,4,11,0,10,12,32,5,24
20181117,서울특별시,11,강남구,11680,울산광역시,31,11,12,0,4,11,0,0,9,19,0,98
20181117,서울특별시,11,강남구,11680,세종특별자치시,36,0,7,0,0,0,0,0,0,8,0,37
20181117,서울특별시,11,강남구,11680,경기도,41,104,357,32,85,158,54,80,68,813,130,520
20181117,서울특별시,11,강남구,11680,강원도,42,6,17,0,4,5,3,5,7,15,4,30
20181117,서울특별시,11,강남구,11680,충청북도,43,4,14,9,5,8,0,3,4,57,4,136
20181117,서울특별시,11,강북구,11305,대전광역시,30,0,0,0,0,4,0,0,0,6,0,0
20181117,서울특별시,11,강북구,11305,울산광역시,31,0,4,0,0,0,0,0,0,7,0,0
20181117,서울특별시,11,강북구,11305,세종특별자치시,36,0,0,0,0,0,0,0,0,0,0,0
20181117,서울특별시,11,강북구,11305,경기도,41,11,72,11,36,38,7,11,7,282,31,23
20181117,서울특별시,11,강북구,11305,강원도,42,0,7,0,5,4,0,0,0,0,0,0
20181117,서울특별시,11,노원구,11350,전라남도,46,0,8,0,0,0,0,5,0,35,3,0
20181117,서울특별시,11,노원구,11350,전라북도,45,0,7,0,0,0,0,3,0,51,7,0
20181117,서울특별시,11,노원구,11350,충청남도,44,0,13,0,0,0,0,6,3,44,5,0
20181117,서울특별시,11,노원구,11350,충청북도,43,0,8,0,7,5,0,4,3,55,8,0
20181117,서울특별시,11,노원구,11350,강원도,42,0,6,0,0,0,0,6,0,38,3,0
20181117,서울특별시,11,노원구,11350,경기도,41,24,159,413,72,78,31,92,30,768,105,34
20181117,서울특별시,11,강북구,11305,충청북도,43,0,11,0,0,9,0,0,0,30,0,0
20181117,서울특별시,11,강북구,11305,충청남도,44,0,15,0,0,6,0,0,0,12,0,3
20181117,서울특별시,11,강북구,11305,전라북도,45,0,11,0,0,0,0,0,0,19,0,0
20181117,서울특별시,11,강북구,11305,전라남도,46,0,4,0,0,0,0,3,0,10,4,0
20181117,서울특별시,11,강북구,11305,경상북도,47,0,6,0,3,11,0,4,0,9,0,0
20181117,서울특별시,11,강남구,11680,충청남도,44,15,32,0,6,18,0,17,16,33,5,163
20181117,서울특별시,11,강남구,11680,전라북도,45,3,23,0,4,3,3,5,8,45,4,122
20181117,서울특별시,11,강남구,11680,전라남도,46,7,27,0,0,3,0,8,5,23,3,92
20181117,서울특별시,11,강남구,11680,경상북도,47,11,31,0,7,8,3,7,8,50,6,62
20181117,서울특별시,11,강남구,11680,경상남도,48,26,57,0,8,21,7,14,19,78,22,97
20181117,서울특별시,11,강남구,11680,제주특별자치도,50,3,9,0,0,0,0,0,0,9,0,24
20181117,서울특별시,11,중랑구,11260,제주특별자치도,50,0,4,0,0,0,0,0,0,27,5,0
20181117,서울특별시,11,중랑구,11260,경상남도,48,4,35,0,6,12,9,4,5,114,33,18
20181117,서울특별시,11,중랑구,11260,경상북도,47,9,22,6,11,9,8,5,8,104,25,13
20181117,서울특별시,11,중랑구,11260,서울특별시,11,37,188,9,63,35,36,26,40,613,144,45
20181117,서울특별시,11,중랑구,11260,부산광역시,26,9,46,3,17,7,14,7,7,134,58,11
20181117,서울특별시,11,중랑구,11260,대구광역시,27,5,16,3,10,12,6,3,10,111,37,9
20181117,서울특별시,11,중랑구,11260,인천광역시,28,13,29,4,12,16,12,0,10,140,34,19
20181117,서울특별시,11,중랑구,11260,광주광역시,29,4,18,0,4,7,5,0,5,66,19,11
20181117,서울특별시,11,중랑구,11260,대전광역시,30,0,15,0,8,5,8,4,6,57,20,7
20181117,서울특별시,11,중랑구,11260,울산광역시,31,0,11,0,6,3,8,4,0,39,19,9
20181117,서울특별시,11,중랑구,11260,세종특별자치시,36,0,0,0,3,0,0,0,0,12,6,0
20181117,서울특별시,11,중랑구,11260,경기도,41,42,191,17,81,66,49,41,45,864,189,109
20181117,서울특별시,11,중랑구,11260,강원도,42,0,11,0,7,5,6,4,0,69,21,7
20181117,서울특별시,11,중랑구,11260,충청북도,43,0,8,5,10,9,4,4,3,89,13,5
20181117,서울특별시,11,중랑구,11260,충청남도,44,5,20,0,5,5,10,6,5,92,25,9
20181117,서울특별시,11,중랑구,11260,전라북도,45,0,15,0,4,0,7,6,7,85,16,8
20181117,서울특별시,11,중랑구,11260,전라남도,46,3,16,0,4,7,7,6,3,49,12,6
20181117,서울특별시,11,강북구,11305,경상남도,48,0,17,0,3,4,0,0,0,24,6,0
20181117,서울특별시,11,강북구,11305,제주특별자치도,50,0,0,0,0,0,0,3,0,3,0,0
20181117,서울특별시,11,종로구,11110,서울특별시,11,15,141,21,61,83,6,43,6,118,30,8
20181117,서울특별시,11,종로구,11110,부산광역시,26,0,19,3,6,16,0,0,0,131,10,0
20181117,서울특별시,11,종로구,11110,대구광역시,27,11,10,0,12,14,0,6,0,74,5,0
20181117,서울특별시,11,종로구,11110,인천광역시,28,4,15,0,14,14,0,5,0,29,9,0
20181117,서울특별시,11,종로구,11110,광주광역시,29,0,7,3,5,7,0,0,0,44,7,0
20181117,서울특별시,11,종로구,11110,대전광역시,30,5,6,0,3,6,0,4,0,54,8,0
20181117,서울특별시,11,종로구,11110,울산광역시,31,0,0,0,5,3,0,0,0,32,0,0
20181117,서울특별시,11,종로구,11110,세종특별자치시,36,0,0,0,0,0,0,0,0,11,0,0
20181117,서울특별시,11,종로구,11110,경기도,41,23,129,15,36,80,12,97,9,313,64,13
20181117,서울특별시,11,종로구,11110,강원도,42,6,9,0,3,5,0,7,0,30,5,0
20181117,서울특별시,11,송파구,11710,강원도,42,3,17,0,140,36,0,8,5,68,10,0
20181117,서울특별시,11,송파구,11710,경기도,41,38,356,34,1385,238,33,79,81,1239,165,90
20181117,서울특별시,11,송파구,11710,세종특별자치시,36,0,0,0,25,3,0,4,0,9,0,0
20181117,서울특별시,11,송파구,11710,울산광역시,31,0,13,0,162,12,0,0,0,66,5,0
20181117,서울특별시,11,송파구,11710,대전광역시,30,0,22,0,153,15,3,7,6,89,16,6
20181117,서울특별시,11,송파구,11710,광주광역시,29,0,13,0,170,13,0,10,7,102,8,6
20181117,서울특별시,11,송파구,11710,인천광역시,28,5,38,5,416,52,0,11,20,162,20,9
20181117,서울특별시,11,송파구,11710,대구광역시,27,4,38,6,286,20,0,9,15,145,4,0
20181117,서울특별시,11,송파구,11710,부산광역시,26,0,52,6,328,43,0,9,11,176,39,3
20181117,서울특별시,11,송파구,11710,서울특별시,11,11,347,23,888,140,11,100,47,744,146,37
20181117,서울특별시,11,서대문구,11410,서울특별시,11,4,121,324,33,50,10,27,10,390,33,9
20181117,서울특별시,11,서대문구,11410,부산광역시,26,0,27,102,3,6,0,5,0,72,17,0
20181117,서울특별시,11,서대문구,11410,제주특별자치도,50,0,0,0,0,0,0,0,0,9,0,0
20181117,서울특별시,11,서대문구,11410,경상남도,48,0,13,143,6,0,4,4,0,37,0,0
20181117,서울특별시,11,서대문구,11410,경상북도,47,0,13,138,0,0,0,5,0,34,0,0
20181117,서울특별시,11,서대문구,11410,전라남도,46,0,13,95,0,0,0,4,0,28,0,0
20181117,서울특별시,11,서대문구,11410,전라북도,45,0,7,101,0,0,0,0,0,23,3,0
20181117,서울특별시,11,노원구,11350,세종특별자치시,36,0,0,0,0,0,0,0,0,14,0,0
20181117,서울특별시,11,마포구,11440,서울특별시,11,15,242,16,51,2495,11,33,10,381,191,24
20181117,서울특별시,11,마포구,11440,부산광역시,26,0,56,0,5,708,0,8,0,74,50,0
20181117,서울특별시,11,마포구,11440,대구광역시,27,3,48,0,8,485,3,6,0,55,41,0
20181117,서울특별시,11,마포구,11440,광주광역시,29,0,33,0,0,309,0,4,3,46,26,0
20181117,서울특별시,11,마포구,11440,대전광역시,30,0,29,0,4,372,0,5,0,32,21,0
20181117,서울특별시,11,마포구,11440,울산광역시,31,0,17,0,0,224,0,0,0,35,22,0
20181117,서울특별시,11,마포구,11440,세종특별자치시,36,0,7,0,0,53,0,0,0,7,3,0
20181117,서울특별시,11,마포구,11440,경기도,41,18,277,27,45,2687,20,43,25,629,237,39
20181117,서울특별시,11,마포구,11440,강원도,42,0,26,0,4,315,0,3,0,34,19,0
20181117,서울특별시,11,마포구,11440,충청북도,43,0,27,0,3,340,3,5,0,49,14,0
20181117,서울특별시,11,종로구,11110,충청북도,43,4,9,3,6,4,0,3,0,53,6,0
20181117,서울특별시,11,종로구,11110,충청남도,44,0,21,0,6,12,0,6,0,43,8,0
20181117,서울특별시,11,종로구,11110,전라북도,45,0,8,0,4,9,0,3,0,51,5,0
20181117,서울특별시,11,종로구,11110,전라남도,46,0,10,0,3,4,0,8,0,68,0,0
20181117,서울특별시,11,종로구,11110,경상북도,47,9,10,0,8,9,0,4,0,73,3,3
20181117,서울특별시,11,종로구,11110,경상남도,48,8,12,0,8,12,3,5,0,121,8,0
20181117,서울특별시,11,종로구,11110,제주특별자치도,50,0,3,0,0,0,0,0,0,9,0,0
20181117,서울특별시,11,서초구,11650,제주특별자치도,50,0,9,0,4,0,0,4,0,11,3,3
20181117,서울특별시,11,서초구,11650,경상남도,48,4,48,6,28,12,0,14,3,58,22,15
20181117,서울특별시,11,서초구,11650,경상북도,47,0,25,0,13,17,0,19,7,33,18,14
20181117,서울특별시,11,서초구,11650,전라남도,46,0,25,0,9,3,0,5,0,15,6,8
20181117,서울특별시,11,서초구,11650,전라북도,45,0,27,3,8,6,3,8,4,28,10,9
20181117,서울특별시,11,서초구,11650,충청남도,44,0,28,0,14,45,0,16,0,42,10,15
20181117,서울특별시,11,서초구,11650,충청북도,43,0,34,6,13,5,0,6,0,40,11,8
20181117,서울특별시,11,서초구,11650,강원도,42,0,21,0,10,8,0,4,5,15,11,9
20181117,서울특별시,11,서초구,11650,경기도,41,19,338,25,134,138,39,96,29,656,185,84
20181117,서울특별시,11,서초구,11650,세종특별자치시,36,0,8,0,0,0,0,3,0,4,0,0
20181117,서울특별시,11,서초구,11650,울산광역시,31,0,18,0,5,4,0,3,0,9,9,5
20181117,서울특별시,11,서초구,11650,대전광역시,30,0,28,0,4,12,0,11,3,21,15,8
20181117,서울특별시,11,서초구,11650,광주광역시,29,0,25,0,10,5,0,9,4,26,10,9
20181117,서울특별시,11,서초구,11650,인천광역시,28,5,57,3,26,18,0,13,3,42,26,18
20181117,서울특별시,11,서초구,11650,대구광역시,27,4,52,3,25,15,5,9,4,33,23,11
20181117,서울특별시,11,서초구,11650,부산광역시,26,0,71,0,27,16,0,15,4,57,41,8
20181117,서울특별시,11,서대문구,11410,충청남도,44,0,13,88,0,0,0,0,0,48,7,0
20181117,서울특별시,11,서대문구,11410,충청북도,43,0,10,67,5,0,0,0,0,33,0,0
20181117,서울특별시,11,서대문구,11410,강원도,42,0,4,95,0,0,0,0,0,27,0,0
20181117,서울특별시,11,서대문구,11410,경기도,41,11,114,374,35,62,13,23,8,534,45,29
20181117,서울특별시,11,서대문구,11410,세종특별자치시,36,0,0,11,0,0,0,0,0,0,0,0
20181117,서울특별시,11,서대문구,11410,울산광역시,31,0,3,40,0,0,0,0,0,11,0,0
20181117,서울특별시,11,서대문구,11410,대전광역시,30,0,11,48,0,0,0,0,0,22,0,3
20181117,서울특별시,11,서대문구,11410,광주광역시,29,0,9,50,0,0,0,6,0,26,3,0
20181117,서울특별시,11,서대문구,11410,인천광역시,28,0,23,93,5,0,0,5,0,67,8,0
20181117,서울특별시,11,서대문구,11410,대구광역시,27,0,9,70,3,0,0,0,0,48,0,0
20181117,서울특별시,11,서초구,11650,서울특별시,11,21,451,35,157,98,26,313,28,321,154,64
20181117,서울특별시,11,성동구,11200,제주특별자치도,50,0,13,0,0,0,0,4,0,3,4,0
20181117,서울특별시,11,성동구,11200,경상남도,48,0,35,0,5,8,0,5,0,26,9,0
20181117,서울특별시,11,성동구,11200,경상북도,47,0,27,3,0,15,0,3,0,15,8,0
20181117,서울특별시,11,성동구,11200,전라남도,46,0,16,0,0,6,0,0,0,13,8,0
20181117,서울특별시,11,성동구,11200,전라북도,45,0,22,0,0,8,0,7,0,16,6,0
20181117,서울특별시,11,성동구,11200,충청남도,44,0,34,0,3,15,0,15,0,15,5,4
20181117,서울특별시,11,성동구,11200,충청북도,43,0,30,4,3,13,0,10,0,23,4,0
20181117,서울특별시,11,성동구,11200,강원도,42,0,27,0,0,10,0,0,0,4,0,0
20181117,서울특별시,11,성동구,11200,경기도,41,20,399,34,43,121,8,45,14,351,96,29
20181117,서울특별시,11,성동구,11200,세종특별자치시,36,0,5,0,0,0,0,0,0,0,0,0
20181117,서울특별시,11,영등포구,11560,제주특별자치도,50,0,7,0,3,5,0,0,0,0,0,5
20181117,서울특별시,11,영등포구,11560,경상남도,48,0,34,17,8,33,0,26,4,32,0,26
20181117,서울특별시,11,영등포구,11560,경상북도,47,0,18,3,5,25,0,22,0,11,4,15
20181117,서울특별시,11,영등포구,11560,전라남도,46,0,19,0,0,8,0,9,0,5,3,9
20181117,서울특별시,11,영등포구,11560,전라북도,45,0,10,0,3,8,0,10,0,18,3,9
20181117,서울특별시,11,영등포구,11560,충청남도,44,0,28,5,5,13,0,10,0,20,5,15
20181117,서울특별시,11,영등포구,11560,충청북도,43,0,15,0,6,15,0,10,0,36,4,22
20181117,서울특별시,11,영등포구,11560,강원도,42,0,12,0,5,12,0,11,3,7,3,7
20181117,서울특별시,11,영등포구,11560,경기도,41,20,189,24,71,146,23,77,20,399,96,112
20181117,서울특별시,11,영등포구,11560,세종특별자치시,36,0,0,0,0,5,0,0,0,0,0,0
20181117,서울특별시,11,영등포구,11560,울산광역시,31,0,11,0,0,10,0,8,0,8,0,10
20181117,서울특별시,11,영등포구,11560,대전광역시,30,0,13,0,5,8,3,10,0,7,8,9
20181117,서울특별시,11,영등포구,11560,광주광역시,29,0,13,0,3,9,0,10,0,5,6,10
20181117,서울특별시,11,영등포구,11560,인천광역시,28,0,25,0,12,30,0,21,0,28,10,16
20181117,서울특별시,11,영등포구,11560,대구광역시,27,0,25,9,8,31,0,16,3,11,4,8
20181117,서울특별시,11,영등포구,11560,부산광역시,26,3,46,36,11,34,0,19,0,39,28,18
20181117,서울특별시,11,영등포구,11560,서울특별시,11,8,177,28,48,99,10,58,8,185,58,61
20181117,서울특별시,11,성동구,11200,울산광역시,31,0,28,0,0,5,0,0,0,7,0,0
20181117,서울특별시,11,성동구,11200,대전광역시,30,0,29,0,0,16,0,3,0,11,8,0
20181117,서울특별시,11,성동구,11200,광주광역시,29,0,17,3,0,8,0,10,0,12,10,0
20181117,서울특별시,11,성동구,11200,인천광역시,28,3,46,0,7,19,0,5,4,46,10,0
20181117,서울특별시,11,성동구,11200,대구광역시,27,3,23,0,3,25,0,3,0,27,9,0
20181117,서울특별시,11,성동구,11200,부산광역시,26,0,67,0,5,29,0,6,0,31,17,0
20181117,서울특별시,11,성동구,11200,서울특별시,11,10,423,16,41,77,6,45,4,210,104,20
20181117,서울특별시,11,성북구,11290,서울특별시,11,39,477,9,180,231,22,182,49,1077,448,27
20181117,서울특별시,11,성북구,11290,부산광역시,26,11,137,0,50,49,6,171,21,308,143,3
20181117,서울특별시,11,성북구,11290,대구광역시,27,3,97,0,34,42,0,12,8,218,96,0
20181117,서울특별시,11,성북구,11290,인천광역시,28,9,98,0,47,39,5,31,13,295,153,4
20181117,서울특별시,11,성북구,11290,광주광역시,29,3,48,0,17,29,4,34,5,168,63,0
20181117,서울특별시,11,성북구,11290,대전광역시,30,4,69,0,21,18,3,7,7,142,59,0
20181117,서울특별시,11,성북구,11290,울산광역시,31,0,41,3,9,35,3,112,11,86,58,4
20181117,서울특별시,11,성북구,11290,세종특별자치시,36,0,11,0,5,5,0,3,3,27,15,0
20181117,서울특별시,11,성북구,11290,경기도,41,59,542,23,182,285,43,372,77,1550,573,41
20181117,서울특별시,11,성북구,11290,강원도,42,6,52,0,26,25,5,17,6,125,51,0
20181117,서울특별시,11,마포구,11440,충청남도,44,0,46,3,0,466,0,9,0,55,37,3
20181117,서울특별시,11,마포구,11440,전라북도,45,0,33,0,0,317,0,4,0,44,34,0
20181117,서울특별시,11,마포구,11440,전라남도,46,0,36,0,0,289,0,5,0,44,25,0
20181117,서울특별시,11,마포구,11440,경상북도,47,3,52,0,5,518,0,9,0,65,47,4
20181117,서울특별시,11,마포구,11440,경상남도,48,3,61,0,7,531,0,10,0,87,50,3
20181117,서울특별시,11,마포구,11440,제주특별자치도,50,0,9,0,0,5,0,0,0,16,6,0
20181117,서울특별시,11,마포구,11440,인천광역시,28,5,49,0,9,731,3,9,0,60,48,5
20181117,서울특별시,11,도봉구,11320,경상북도,47,0,73,9,0,8,0,0,5,18,3,0
20181117,서울특별시,11,도봉구,11320,경상남도,48,0,85,15,5,17,0,0,4,27,5,8
20181117,서울특별시,11,도봉구,11320,제주특별자치도,50,0,23,3,0,3,0,0,0,3,0,0
20181117,서울특별시,11,노원구,11350,제주특별자치도,50,0,0,0,0,0,0,0,0,11,5,0
20181117,서울특별시,11,노원구,11350,경상남도,48,4,10,0,4,0,6,0,0,97,12,3
20181117,서울특별시,11,노원구,11350,경상북도,47,0,11,0,6,3,0,5,0,55,12,0
20181117,서울특별시,11,도봉구,11320,전라남도,46,0,27,10,0,7,0,3,0,9,4,0
20181117,서울특별시,11,도봉구,11320,전라북도,45,0,52,4,4,3,0,0,0,21,0,0
20181117,서울특별시,11,도봉구,11320,충청남도,44,0,53,6,0,6,0,4,0,17,4,5
20181117,서울특별시,11,도봉구,11320,충청북도,43,3,57,6,8,7,0,0,4,26,0,0
20181117,서울특별시,11,동대문구,11230,서울특별시,11,16,1231,2802,53,76,9,67,9,224,113,17
20181117,서울특별시,11,동대문구,11230,부산광역시,26,5,423,1014,4,13,3,24,5,41,19,4
20181117,서울특별시,11,동대문구,11230,대구광역시,27,6,347,1032,3,16,0,8,5,27,21,0
20181117,서울특별시,11,동대문구,11230,인천광역시,28,13,319,1000,3,19,0,18,0,37,17,0
20181117,서울특별시,11,동대문구,11230,광주광역시,29,0,142,438,0,13,0,12,3,18,6,0
20181117,서울특별시,11,동대문구,11230,대전광역시,30,4,169,678,0,19,0,4,4,12,8,0
20181117,서울특별시,11,동대문구,11230,울산광역시,31,0,159,525,0,6,0,8,3,11,4,0
20181117,서울특별시,11,동대문구,11230,세종특별자치시,36,0,71,198,0,0,0,5,0,5,3,0
20181117,서울특별시,11,동대문구,11230,경기도,41,23,1773,4445,42,101,14,109,13,378,115,23
20181117,서울특별시,11,동대문구,11230,강원도,42,0,118,419,3,12,0,10,0,19,8,0
20181117,서울특별시,11,동대문구,11230,충청북도,43,0,155,436,3,6,0,21,3,35,7,0
20181117,서울특별시,11,동대문구,11230,충청남도,44,0,200,624,3,13,0,27,0,23,6,0
20181117,서울특별시,11,동대문구,11230,전라북도,45,0,178,470,0,4,0,13,0,26,12,3
20181117,서울특별시,11,동대문구,11230,전라남도,46,0,165,441,0,7,0,13,0,22,6,4
20181117,서울특별시,11,동대문구,11230,경상북도,47,0,220,888,0,13,0,12,4,25,14,3
20181117,서울특별시,11,동대문구,11230,경상남도,48,6,378,1061,5,24,4,22,3,24,15,0
20181117,서울특별시,11,동대문구,11230,제주특별자치도,50,0,5,0,0,5,0,0,0,4,5,0
20181117,서울특별시,11,양천구,11470,제주특별자치도,50,0,0,0,0,0,0,0,0,6,0,0
20181117,서울특별시,11,양천구,11470,경상남도,48,6,9,7,7,5,0,5,7,33,11,0
20181117,서울특별시,11,양천구,11470,경상북도,47,0,11,0,0,10,4,8,3,13,8,0
20181117,서울특별시,11,양천구,11470,전라남도,46,0,0,0,0,0,0,0,4,10,0,0
20181117,서울특별시,11,양천구,11470,전라북도,45,0,8,0,0,7,0,7,0,21,5,0
20181117,서울특별시,11,양천구,11470,충청남도,44,0,8,0,0,4,0,0,5,20,9,0
20181117,서울특별시,11,양천구,11470,충청북도,43,4,3,5,8,3,0,0,4,40,3,0
20181117,서울특별시,11,양천구,11470,강원도,42,0,6,0,0,0,0,0,4,7,3,0
20181117,서울특별시,11,양천구,11470,경기도,41,19,115,25,48,77,16,33,50,560,85,34
20181117,서울특별시,11,양천구,11470,세종특별자치시,36,0,0,0,0,0,0,0,0,0,0,0
20181117,서울특별시,11,양천구,11470,울산광역시,31,0,3,0,3,0,0,0,0,8,0,0
20181117,서울특별시,11,양천구,11470,대전광역시,30,0,10,0,4,4,0,0,0,10,6,0
20181117,서울특별시,11,양천구,11470,광주광역시,29,0,6,0,0,0,0,0,5,14,0,0
20181117,서울특별시,11,양천구,11470,인천광역시,28,7,18,0,5,11,0,6,11,38,10,3
20181117,서울특별시,11,양천구,11470,대구광역시,27,5,19,0,0,6,0,0,6,20,11,0
20181117,서울특별시,11,양천구,11470,부산광역시,26,4,23,0,4,8,0,0,7,42,29,0
20181117,서울특별시,11,양천구,11470,서울특별시,11,12,117,6,54,28,12,45,22,234,80,9
20181117,서울특별시,11,강서구,11500,제주특별자치도,50,0,11,0,6,0,0,7,0,46,9,0
20181117,서울특별시,11,강서구,11500,경상남도,48,19,46,9,38,16,4,38,18,220,52,0
20181117,서울특별시,11,강서구,11500,경상북도,47,6,34,10,20,10,0,20,6,159,42,0
20181117,서울특별시,11,강서구,11500,전라남도,46,4,27,0,10,11,4,24,9,116,29,0
20181117,서울특별시,11,강서구,11500,전라북도,45,6,25,8,12,10,5,16,9,122,30,0
20181117,서울특별시,11,강서구,11500,충청남도,44,13,56,8,16,24,4,26,14,172,58,7
20181117,서울특별시,11,강서구,11500,충청북도,43,10,24,10,16,6,0,18,8,116,33,3
20181117,서울특별시,11,강서구,11500,강원도,42,6,33,4,10,8,0,13,6,110,17,0
20181117,서울특별시,11,강서구,11500,경기도,41,114,401,58,165,149,41,82,86,1232,389,58
20181117,서울특별시,11,강서구,11500,세종특별자치시,36,0,7,3,4,0,0,0,0,19,6,0
20181117,서울특별시,11,강서구,11500,울산광역시,31,7,28,4,13,10,0,8,4,59,21,3
20181117,서울특별시,11,강서구,11500,대전광역시,30,12,30,8,14,8,0,11,9,82,41,3
20181117,서울특별시,11,강서구,11500,광주광역시,29,3,44,6,22,8,0,17,8,88,36,0
20181117,서울특별시,11,금천구,11545,서울특별시,11,67,284,153,130,259,16,85,52,724,221,152
20181117,서울특별시,11,금천구,11545,부산광역시,26,0,35,3,29,21,0,20,5,187,66,46
20181117,서울특별시,11,금천구,11545,대구광역시,27,5,35,3,17,16,0,26,10,138,36,28
20181117,서울특별시,11,금천구,11545,인천광역시,28,17,44,22,21,32,0,22,6,161,47,35
20181117,서울특별시,11,금천구,11545,광주광역시,29,0,26,0,11,10,0,6,0,106,42,16
20181117,서울특별시,11,금천구,11545,대전광역시,30,0,14,0,13,10,0,14,0,82,19,17
20181117,서울특별시,11,금천구,11545,울산광역시,31,0,16,0,5,12,0,3,0,52,20,27
20181117,서울특별시,11,금천구,11545,세종특별자치시,36,0,8,0,4,3,0,0,5,22,8,4
20181117,서울특별시,11,금천구,11545,경기도,41,62,216,194,136,175,20,88,65,853,231,300
20181117,서울특별시,11,금천구,11545,강원도,42,0,19,43,11,7,0,8,3,59,27,18
20181117,서울특별시,11,금천구,11545,충청북도,43,0,22,4,10,12,3,14,6,85,28,19
20181117,서울특별시,11,금천구,11545,충청남도,44,0,14,3,16,8,0,12,3,117,30,24
20181117,서울특별시,11,금천구,11545,전라북도,45,0,23,0,10,11,0,18,4,119,19,16
20181117,서울특별시,11,금천구,11545,전라남도,46,0,25,0,10,11,0,7,3,73,27,20
20181117,서울특별시,11,금천구,11545,경상북도,47,0,25,0,16,21,0,16,6,114,35,23
20181117,서울특별시,11,금천구,11545,경상남도,48,0,30,0,27,26,0,13,7,145,47,103
20181117,서울특별시,11,금천구,11545,제주특별자치도,50,0,6,0,6,0,0,0,0,48,15,3
20181117,서울특별시,11,도봉구,11320,강원도,42,0,41,5,0,8,0,0,5,7,0,0
20181117,서울특별시,11,도봉구,11320,경기도,41,7,465,64,36,97,20,15,22,420,65,43
20181117,서울특별시,11,도봉구,11320,세종특별자치시,36,0,16,0,0,0,0,0,0,0,0,0
20181117,서울특별시,11,도봉구,11320,울산광역시,31,0,25,4,0,7,0,0,3,8,4,0
20181117,서울특별시,11,도봉구,11320,대전광역시,30,0,41,7,0,6,0,0,3,11,0,0
20181117,서울특별시,11,도봉구,11320,광주광역시,29,0,59,7,4,3,0,0,0,10,6,0
20181117,서울특별시,11,도봉구,11320,인천광역시,28,0,105,6,7,13,0,4,7,35,8,14
20181117,서울특별시,11,성북구,11290,충청북도,43,4,60,0,19,22,4,28,5,177,66,3
20181117,서울특별시,11,성북구,11290,충청남도,44,8,78,0,26,26,6,30,19,222,84,0
20181117,서울특별시,11,성북구,11290,전라북도,45,3,46,0,19,36,4,72,10,155,77,0
20181117,서울특별시,11,성북구,11290,전라남도,46,8,60,0,25,16,6,53,9,151,52,0
20181117,서울특별시,11,성북구,11290,경상북도,47,7,103,0,40,30,5,38,13,216,73,5
20181117,서울특별시,11,성북구,11290,경상남도,48,10,103,0,50,54,9,170,21,287,129,0
20181117,서울특별시,11,성북구,11290,제주특별자치도,50,0,28,0,5,6,3,35,4,45,20,0
20181117,서울특별시,11,광진구,11215,서울특별시,11,8,229,12,99,40,10,35,23,219,110,30
20181117,서울특별시,11,광진구,11215,부산광역시,26,4,34,0,27,7,0,7,6,34,45,7
20181117,서울특별시,11,광진구,11215,대구광역시,27,0,19,0,13,3,0,9,0,28,25,0
20181117,서울특별시,11,강서구,11500,인천광역시,28,18,73,15,34,16,8,13,18,214,83,11
20181117,서울특별시,11,강서구,11500,대구광역시,27,16,52,10,16,15,0,13,13,135,47,0
20181117,서울특별시,11,강서구,11500,부산광역시,26,21,96,16,49,32,4,53,14,220,109,6
20181117,서울특별시,11,강서구,11500,서울특별시,11,93,345,50,129,97,22,53,69,699,421,29
20181117,서울특별시,11,광진구,11215,인천광역시,28,0,34,3,30,7,0,12,3,39,41,4
20181117,서울특별시,11,광진구,11215,광주광역시,29,0,20,0,11,0,0,9,5,16,19,7
20181117,서울특별시,11,광진구,11215,대전광역시,30,0,24,0,10,0,0,4,3,11,17,0
20181117,서울특별시,11,광진구,11215,울산광역시,31,0,6,0,10,0,0,0,0,5,14,0
20181117,서울특별시,11,광진구,11215,세종특별자치시,36,0,0,0,0,0,0,0,0,0,10,0
20181117,서울특별시,11,광진구,11215,경기도,41,13,204,34,144,62,18,59,41,398,219,48
20181117,서울특별시,11,광진구,11215,강원도,42,0,15,4,13,0,0,0,0,12,18,3
20181117,서울특별시,11,광진구,11215,충청북도,43,3,38,3,25,3,0,4,0,34,10,0
20181117,서울특별시,11,광진구,11215,충청남도,44,5,29,3,20,4,0,9,5,15,23,0
20181117,서울특별시,11,광진구,11215,전라북도,45,0,28,0,12,0,0,5,0,22,11,0
20181117,서울특별시,11,광진구,11215,전라남도,46,0,10,0,8,0,0,7,7,10,18,3
20181117,서울특별시,11,광진구,11215,경상북도,47,0,25,4,15,0,0,8,3,10,24,5
20181117,서울특별시,11,은평구,11380,제주특별자치도,50,0,0,0,0,0,0,0,0,4,3,0
20181117,서울특별시,11,은평구,11380,경상남도,48,3,30,0,15,13,0,8,0,42,5,0
20181117,서울특별시,11,은평구,11380,경상북도,47,0,15,0,6,11,0,4,0,19,4,0
20181117,서울특별시,11,은평구,11380,전라남도,46,0,15,0,4,0,0,5,0,9,5,0
20181117,서울특별시,11,은평구,11380,전라북도,45,0,14,0,0,10,0,0,0,29,4,3
20181117,서울특별시,11,도봉구,11320,대구광역시,27,6,71,6,5,14,0,0,0,28,5,0
20181117,서울특별시,11,도봉구,11320,부산광역시,26,0,96,10,0,13,4,3,6,28,13,5
20181117,서울특별시,11,도봉구,11320,서울특별시,11,5,479,64,29,57,8,8,27,174,42,19
20181117,서울특별시,11,노원구,11350,울산광역시,31,0,3,0,0,4,0,0,0,17,6,0
20181117,서울특별시,11,노원구,11350,대전광역시,30,0,7,5,5,4,0,0,0,32,5,0
20181117,서울특별시,11,노원구,11350,광주광역시,29,0,8,0,0,13,3,0,0,42,8,0
20181117,서울특별시,11,노원구,11350,인천광역시,28,6,19,8,7,14,0,10,0,85,14,6
20181117,서울특별시,11,노원구,11350,대구광역시,27,4,8,0,5,4,0,4,3,68,4,0
20181117,서울특별시,11,구로구,11530,제주특별자치도,50,0,9,0,0,13,0,0,0,19,4,0
20181117,서울특별시,11,구로구,11530,경상남도,48,0,42,8,5,43,6,6,3,114,12,6
20181118,서울특별시,11,중랑구,11260,전라북도,45,0,3,0,0,0,0,0,0,22,9,0
20181118,서울특별시,11,중랑구,11260,충청북도,43,0,0,0,0,0,0,0,0,13,8,0
20181118,서울특별시,11,중랑구,11260,강원도,42,0,0,0,0,0,3,0,0,23,7,0
20181118,서울특별시,11,중랑구,11260,경기도,41,6,39,0,0,4,5,6,3,148,42,0
20181118,서울특별시,11,중랑구,11260,세종특별자치시,36,0,0,0,0,0,0,0,0,4,0,0
20181118,서울특별시,11,중랑구,11260,울산광역시,31,0,0,0,0,0,0,0,0,8,0,0
20181118,서울특별시,11,중랑구,11260,대전광역시,30,0,6,0,0,0,0,0,0,28,5,0
20181118,서울특별시,11,중랑구,11260,광주광역시,29,0,0,0,0,0,0,0,0,12,4,0
20181118,서울특별시,11,중랑구,11260,인천광역시,28,0,6,0,0,0,0,0,0,29,6,0
20181118,서울특별시,11,중랑구,11260,대구광역시,27,0,8,0,0,0,0,3,0,26,10,0
20181118,서울특별시,11,중랑구,11260,부산광역시,26,0,0,0,0,0,0,0,0,18,6,0
20181118,서울특별시,11,중랑구,11260,서울특별시,11,5,27,0,0,5,7,11,3,97,28,0
20181118,서울특별시,11,동작구,11590,전라남도,46,0,0,0,0,0,0,0,0,0,0,0
20181118,서울특별시,11,동작구,11590,경기도,41,0,0,0,0,0,0,0,0,0,0,0
20181118,서울특별시,11,동작구,11590,서울특별시,11,0,0,0,0,0,0,11,0,0,0,0
20181118,서울특별시,11,구로구,11530,서울특별시,11,0,0,0,0,0,0,31,0,283,12,0
20181118,서울특별시,11,구로구,11530,부산광역시,26,0,0,0,0,3,0,7,0,55,0,0
20181118,서울특별시,11,구로구,11530,대구광역시,27,0,0,0,0,0,0,0,0,51,7,0
20181118,서울특별시,11,구로구,11530,인천광역시,28,5,0,0,0,4,0,4,0,62,6,0
20181118,서울특별시,11,구로구,11530,광주광역시,29,0,0,0,0,0,0,0,0,30,4,0
20181118,서울특별시,11,구로구,11530,대전광역시,30,3,0,0,0,3,0,0,0,34,0,0
20181118,서울특별시,11,구로구,11530,울산광역시,31,0,0,0,0,0,0,0,0,21,3,0
20181118,서울특별시,11,구로구,11530,세종특별자치시,36,0,0,0,0,0,0,0,0,12,0,0
20181118,서울특별시,11,구로구,11530,경기도,41,0,7,0,0,5,0,53,3,297,34,0
20181118,서울특별시,11,구로구,11530,강원도,42,0,4,0,0,0,0,0,0,26,0,0
20181118,서울특별시,11,구로구,11530,충청북도,43,0,0,0,0,0,0,0,0,29,0,0
20181118,서울특별시,11,구로구,11530,충청남도,44,0,6,0,0,3,0,0,0,44,5,0
20181118,서울특별시,11,구로구,11530,전라북도,45,0,4,0,0,0,0,3,0,44,5,0
20181118,서울특별시,11,구로구,11530,전라남도,46,0,0,0,0,0,0,0,0,23,0,0
20181118,서울특별시,11,구로구,11530,경상북도,47,0,0,0,0,0,0,0,0,41,5,0
20181118,서울특별시,11,구로구,11530,경상남도,48,0,3,0,0,0,0,0,0,47,3,0
20181118,서울특별시,11,구로구,11530,제주특별자치도,50,0,0,0,0,3,0,0,0,3,0,0
20181118,서울특별시,11,강남구,11680,제주특별자치도,50,0,5,0,0,0,0,0,0,0,0,0
20181118,서울특별시,11,강남구,11680,경상남도,48,0,4,0,0,0,0,0,0,0,0,10
20181118,서울특별시,11,강남구,11680,경상북도,47,0,3,0,0,0,0,0,0,0,0,6
20181118,서울특별시,11,강남구,11680,전라남도,46,0,0,0,0,0,0,0,0,0,0,5
20181118,서울특별시,11,강남구,11680,전라북도,45,0,0,0,0,0,0,0,0,0,0,0
20181118,서울특별시,11,강남구,11680,충청남도,44,0,0,0,0,0,0,0,0,0,0,4
20181118,서울특별시,11,강남구,11680,충청북도,43,0,4,0,0,0,0,0,0,0,0,7
20181118,서울특별시,11,강남구,11680,강원도,42,0,0,0,0,0,0,0,0,0,0,0
20181118,서울특별시,11,강남구,11680,경기도,41,0,21,0,5,0,0,12,0,12,0,10
20181118,서울특별시,11,강남구,11680,울산광역시,31,0,0,0,0,0,0,0,0,0,0,0
20181118,서울특별시,11,강남구,11680,대전광역시,30,0,0,0,0,0,0,0,0,0,0,0
20181118,서울특별시,11,강남구,11680,광주광역시,29,0,14,0,0,0,0,0,0,0,0,0
20181118,서울특별시,11,강남구,11680,인천광역시,28,0,8,0,0,0,0,0,0,0,0,0
20181118,서울특별시,11,강남구,11680,대구광역시,27,0,3,0,0,0,0,0,0,0,0,0
20181118,서울특별시,11,강남구,11680,부산광역시,26,0,0,0,0,0,0,0,0,3,0,0
20181118,서울특별시,11,강남구,11680,서울특별시,11,0,15,0,0,0,0,20,0,32,0,8
20181118,서울특별시,11,성북구,11290,제주특별자치도,50,0,13,0,0,12,7,13,3,21,27,16
20181118,서울특별시,11,성북구,11290,경상남도,48,0,53,8,17,60,30,36,22,195,125,101
20181118,서울특별시,11,성북구,11290,경상북도,47,0,50,0,23,32,17,17,11,121,91,70
20181118,서울특별시,11,성북구,11290,전라남도,46,0,18,3,10,29,9,9,7,74,65,44
20181118,서울특별시,11,성북구,11290,전라북도,45,0,38,3,12,25,10,12,7,87,60,41
20181118,서울특별시,11,도봉구,11320,제주특별자치도,50,0,0,0,0,0,0,0,0,0,0,0
20181118,서울특별시,11,도봉구,11320,경상남도,48,0,0,0,0,0,0,0,0,15,0,0
20181118,서울특별시,11,도봉구,11320,경상북도,47,0,0,0,0,0,0,0,0,9,0,0
20181118,서울특별시,11,도봉구,11320,전라남도,46,0,0,0,0,0,0,0,0,4,0,0
20181118,서울특별시,11,도봉구,11320,전라북도,45,0,0,0,0,0,0,0,0,3,0,0
20181118,서울특별시,11,도봉구,11320,충청남도,44,0,0,0,0,0,0,0,0,6,0,0
20181118,서울특별시,11,도봉구,11320,충청북도,43,0,0,0,0,0,0,0,0,0,0,0
20181118,서울특별시,11,도봉구,11320,강원도,42,0,0,0,0,0,0,0,0,3,0,0
20181118,서울특별시,11,도봉구,11320,경기도,41,0,0,0,0,0,0,0,3,52,7,0
20181118,서울특별시,11,도봉구,11320,세종특별자치시,36,0,0,0,0,0,0,0,0,4,0,0
20181118,서울특별시,11,도봉구,11320,울산광역시,31,0,0,0,0,0,0,0,0,8,0,0
20181118,서울특별시,11,도봉구,11320,대전광역시,30,0,0,0,0,0,0,0,0,6,0,0
20181118,서울특별시,11,도봉구,11320,광주광역시,29,0,0,0,0,0,0,0,0,3,0,0
20181118,서울특별시,11,도봉구,11320,인천광역시,28,0,0,0,0,0,0,0,0,7,0,0
20181118,서울특별시,11,도봉구,11320,대구광역시,27,0,0,0,0,0,0,0,0,10,0,0
20181118,서울특별시,11,도봉구,11320,부산광역시,26,0,0,0,0,0,0,0,0,10,0,0
20181118,서울특별시,11,도봉구,11320,서울특별시,11,0,0,0,0,0,0,6,0,20,0,0
20181118,서울특별시,11,성북구,11290,충청남도,44,0,42,3,12,34,15,17,16,95,80,61
20181118,서울특별시,11,성북구,11290,서울특별시,11,15,291,32,98,333,86,181,104,810,560,511
20181118,서울특별시,11,성북구,11290,부산광역시,26,0,83,4,15,73,30,29,18,218,146,119
20181118,서울특별시,11,성북구,11290,대구광역시,27,4,46,0,15,49,17,30,10,136,99,97
20181118,서울특별시,11,성북구,11290,인천광역시,28,0,61,8,17,65,14,36,18,199,118,82
20181118,서울특별시,11,성북구,11290,광주광역시,29,0,27,4,12,28,3,7,12,103,75,53
20181118,서울특별시,11,성북구,11290,대전광역시,30,0,28,5,12,31,11,14,13,93,63,58
20181118,서울특별시,11,성북구,11290,울산광역시,31,0,17,0,10,23,12,16,7,61,44,42
20181118,서울특별시,11,성북구,11290,세종특별자치시,36,0,4,0,0,12,3,0,4,26,11,16
20181118,서울특별시,11,성북구,11290,경기도,41,21,259,36,94,364,100,286,107,857,539,520
20181118,서울특별시,11,성북구,11290,강원도,42,0,25,7,8,24,14,11,10,68,51,43
20181118,서울특별시,11,성북구,11290,충청북도,43,0,38,0,7,20,11,14,7,95,50,32
20181118,서울특별시,11,서초구,11650,서울특별시,11,0,55,14,3,45,0,279,7,0,5,0
20181118,서울특별시,11,서초구,11650,부산광역시,26,0,4,0,0,0,0,13,0,0,0,0
20181118,서울특별시,11,서초구,11650,대구광역시,27,0,0,6,0,0,0,0,0,0,0,0
20181118,서울특별시,11,서초구,11650,인천광역시,28,0,3,0,0,0,0,10,0,0,0,3
20181118,서울특별시,11,서초구,11650,광주광역시,29,0,0,0,0,0,0,0,0,0,0,0
20181118,서울특별시,11,서초구,11650,대전광역시,30,0,0,0,0,0,0,5,0,0,0,0
20181118,서울특별시,11,서초구,11650,울산광역시,31,0,0,0,0,0,0,0,0,0,0,0
20181118,서울특별시,11,서초구,11650,세종특별자치시,36,0,0,0,0,0,0,0,0,0,0,0
20181118,서울특별시,11,서초구,11650,경기도,41,0,10,16,0,11,0,48,3,0,0,0
20181118,서울특별시,11,서초구,11650,강원도,42,0,0,0,0,0,0,6,0,0,0,0
20181118,서울특별시,11,서초구,11650,충청북도,43,0,0,0,0,0,0,4,0,0,0,0
20181118,서울특별시,11,서초구,11650,충청남도,44,0,0,5,0,3,0,0,0,0,0,0
20181118,서울특별시,11,서초구,11650,전라북도,45,0,0,4,0,0,0,6,0,0,0,0
20181118,서울특별시,11,서초구,11650,전라남도,46,0,0,0,0,0,0,7,0,0,0,0
20181118,서울특별시,11,서초구,11650,경상북도,47,0,0,8,0,0,0,4,0,0,0,0
20181118,서울특별시,11,서초구,11650,경상남도,48,0,0,0,0,0,0,3,0,0,0,0
20181118,서울특별시,11,서초구,11650,제주특별자치도,50,0,0,0,0,0,0,3,0,0,0,0
20181118,서울특별시,11,송파구,11710,제주특별자치도,50,0,0,0,0,0,0,0,0,0,0,0
20181118,서울특별시,11,송파구,11710,경상남도,48,0,7,0,0,0,0,0,0,0,0,0
20181118,서울특별시,11,송파구,11710,경상북도,47,0,52,0,0,0,0,0,0,0,0,0
20181118,서울특별시,11,송파구,11710,전라남도,46,0,0,0,0,0,0,7,0,0,0,0
20181118,서울특별시,11,송파구,11710,전라북도,45,0,0,0,0,0,0,0,0,0,0,0
20181118,서울특별시,11,송파구,11710,충청남도,44,0,5,0,0,0,0,0,0,0,0,0
20181118,서울특별시,11,송파구,11710,충청북도,43,0,3,0,0,0,0,0,0,0,0,0
20181118,서울특별시,11,송파구,11710,강원도,42,0,6,0,0,0,0,0,0,0,0,0
20181118,서울특별시,11,송파구,11710,경기도,41,0,30,0,0,3,0,137,5,4,0,0
20181118,서울특별시,11,송파구,11710,세종특별자치시,36,0,0,0,0,0,0,0,0,0,0,0
20181118,서울특별시,11,송파구,11710,울산광역시,31,0,0,0,0,0,0,0,0,0,0,0
20181118,서울특별시,11,송파구,11710,대전광역시,30,0,0,0,0,0,0,21,0,0,0,0
20181118,서울특별시,11,송파구,11710,광주광역시,29,0,3,0,0,0,0,3,0,0,0,0
20181118,서울특별시,11,송파구,11710,인천광역시,28,0,6,0,0,0,0,9,0,0,0,0
20181118,서울특별시,11,송파구,11710,대구광역시,27,0,0,0,0,0,0,0,0,0,0,0
20181118,서울특별시,11,송파구,11710,부산광역시,26,0,4,0,0,0,0,0,0,0,0,0
20181118,서울특별시,11,송파구,11710,서울특별시,11,0,69,0,0,0,0,212,0,0,0,0
20181118,서울특별시,11,마포구,11440,경상남도,48,0,0,0,0,0,0,0,0,0,0,0
20181118,서울특별시,11,마포구,11440,경상북도,47,0,0,0,0,0,0,0,0,0,0,0
20181118,서울특별시,11,마포구,11440,전라남도,46,3,0,0,0,0,0,0,0,0,0,0
20181118,서울특별시,11,마포구,11440,전라북도,45,0,0,0,0,0,0,0,0,0,0,0
20181118,서울특별시,11,마포구,11440,충청남도,44,0,0,0,0,0,0,0,0,0,0,0
20181118,서울특별시,11,마포구,11440,충청북도,43,3,0,0,0,0,0,0,0,0,0,0
20181118,서울특별시,11,마포구,11440,강원도,42,0,0,0,0,0,0,0,0,0,0,0
20181118,서울특별시,11,성동구,11200,서울특별시,11,0,30,0,0,23,0,3,0,0,0,0
20181118,서울특별시,11,성동구,11200,대구광역시,27,0,0,0,0,0,0,0,0,0,0,0
20181118,서울특별시,11,성동구,11200,인천광역시,28,0,4,0,0,0,0,0,0,0,0,0
20181118,서울특별시,11,성동구,11200,대전광역시,30,0,0,0,0,0,0,0,0,0,0,0
20181118,서울특별시,11,성동구,11200,울산광역시,31,0,0,0,0,0,0,0,0,0,0,0
20181118,서울특별시,11,성동구,11200,경기도,41,0,10,0,0,24,0,0,0,0,0,0
20181118,서울특별시,11,성동구,11200,강원도,42,0,0,0,0,0,0,0,0,0,0,0
20181118,서울특별시,11,성동구,11200,충청북도,43,0,0,0,0,10,0,0,0,0,0,0
20181118,서울특별시,11,성동구,11200,충청남도,44,0,0,0,0,0,0,0,0,0,0,0
20181118,서울특별시,11,성동구,11200,전라북도,45,0,0,0,0,8,0,0,0,0,0,0
20181118,서울특별시,11,성동구,11200,경상북도,47,0,0,0,0,6,0,0,0,0,0,0
20181118,서울특별시,11,성동구,11200,경상남도,48,0,0,0,0,0,0,0,0,0,0,0
20181118,서울특별시,11,양천구,11470,서울특별시,11,0,0,0,0,0,0,0,0,0,0,0
20181118,서울특별시,11,양천구,11470,인천광역시,28,0,0,0,0,0,0,0,0,0,0,0
20181118,서울특별시,11,양천구,11470,대전광역시,30,0,0,0,0,0,0,0,0,0,0,0
20181118,서울특별시,11,양천구,11470,경기도,41,0,0,0,0,0,0,0,0,0,0,0
20181118,서울특별시,11,강북구,11305,서울특별시,11,0,0,0,0,0,0,5,0,0,0,0
20181118,서울특별시,11,강북구,11305,경기도,41,0,0,0,0,0,0,0,0,0,0,0
20181118,서울특별시,11,강북구,11305,충청북도,43,0,0,0,0,0,0,0,0,0,0,0
20181118,서울특별시,11,강북구,11305,충청남도,44,0,0,0,0,0,0,0,0,0,0,0
20181118,서울특별시,11,강북구,11305,경상북도,47,0,0,0,0,0,0,0,0,0,0,0
20181118,서울특별시,11,강북구,11305,경상남도,48,0,0,0,0,0,0,0,0,0,0,0
20181118,서울특별시,11,강서구,11500,서울특별시,11,0,127,0,0,0,0,39,0,9,12,0
20181118,서울특별시,11,강서구,11500,부산광역시,26,0,32,0,0,0,0,4,0,0,0,0
20181118,서울특별시,11,강서구,11500,대구광역시,27,0,15,0,0,0,0,0,0,0,0,0
20181118,서울특별시,11,강서구,11500,인천광역시,28,0,25,0,0,0,0,4,0,0,4,0
20181118,서울특별시,11,강서구,11500,광주광역시,29,0,12,0,0,0,0,3,0,0,0,0
20181118,서울특별시,11,강서구,11500,대전광역시,30,0,13,0,0,0,0,0,0,0,0,0
20181118,서울특별시,11,강서구,11500,울산광역시,31,0,6,0,0,0,0,0,0,0,3,0
20181118,서울특별시,11,강서구,11500,세종특별자치시,36,0,0,0,0,0,0,0,0,0,0,0
20181118,서울특별시,11,강서구,11500,경기도,41,0,138,0,3,0,0,21,0,6,15,0
20181118,서울특별시,11,강서구,11500,강원도,42,0,12,0,0,0,0,0,0,0,0,0
20181118,서울특별시,11,강서구,11500,충청북도,43,0,5,0,0,0,0,3,0,0,0,0
20181118,서울특별시,11,강서구,11500,충청남도,44,0,12,0,0,0,0,0,0,0,0,0
20181118,서울특별시,11,강서구,11500,전라북도,45,0,10,0,0,0,0,8,0,0,0,0
20181118,서울특별시,11,강서구,11500,전라남도,46,0,6,0,0,0,0,0,0,0,0,0
20181118,서울특별시,11,강서구,11500,경상북도,47,0,17,0,0,0,0,0,0,3,0,0
20181118,서울특별시,11,강서구,11500,경상남도,48,0,18,0,0,0,0,0,0,0,4,0
20181118,서울특별시,11,강서구,11500,제주특별자치도,50,0,5,0,0,0,0,0,0,0,0,0
20181118,서울특별시,11,중구,11140,서울특별시,11,0,116,6,0,0,11,14,0,6,0,0
20181118,서울특별시,11,중구,11140,부산광역시,26,0,4,0,0,0,4,0,0,0,0,0
20181118,서울특별시,11,중구,11140,대구광역시,27,0,9,0,0,0,3,0,0,0,0,0
20181118,서울특별시,11,중구,11140,인천광역시,28,0,14,0,0,0,8,0,0,0,0,0
20181118,서울특별시,11,중구,11140,광주광역시,29,0,0,0,0,0,0,0,0,0,0,0
20181118,서울특별시,11,중구,11140,대전광역시,30,0,0,0,0,0,0,0,0,0,0,0
20181118,서울특별시,11,중구,11140,울산광역시,31,0,3,0,0,0,0,0,0,0,0,0
20181118,서울특별시,11,중구,11140,경기도,41,0,42,15,0,0,16,0,0,0,0,0
20181118,서울특별시,11,중구,11140,강원도,42,0,0,0,0,0,0,0,0,0,0,0
20181118,서울특별시,11,중구,11140,충청북도,43,0,0,0,0,0,3,0,0,0,0,0
20181118,서울특별시,11,중구,11140,충청남도,44,0,12,0,0,0,3,0,0,0,0,0
20181118,서울특별시,11,중구,11140,전라북도,45,0,4,0,0,0,3,0,0,0,0,0
20181118,서울특별시,11,중구,11140,전라남도,46,0,5,0,0,0,0,0,0,0,0,0
20181118,서울특별시,11,중구,11140,경상북도,47,0,0,0,0,0,0,0,0,0,0,0
20181118,서울특별시,11,중구,11140,경상남도,48,0,4,0,0,0,4,0,0,0,0,0
20181118,서울특별시,11,중구,11140,제주특별자치도,50,0,0,0,0,0,0,0,0,0,0,0
20181118,서울특별시,11,은평구,11380,충청남도,44,0,0,0,0,0,0,0,0,0,0,0
20181118,서울특별시,11,은평구,11380,충청북도,43,0,0,0,0,0,0,0,0,0,0,0
20181118,서울특별시,11,은평구,11380,경기도,41,0,3,0,0,0,0,0,0,0,0,0
20181118,서울특별시,11,은평구,11380,서울특별시,11,0,0,0,0,4,0,3,0,0,0,0
20181118,서울특별시,11,서대문구,11410,서울특별시,11,0,0,0,0,0,0,5,0,0,0,0
20181118,서울특별시,11,서대문구,11410,부산광역시,26,0,0,28,0,0,0,0,0,0,0,0
20181118,서울특별시,11,서대문구,11410,대구광역시,27,0,0,18,0,0,0,0,0,0,0,0
20181118,서울특별시,11,서대문구,11410,인천광역시,28,0,0,22,0,0,0,0,0,0,0,0
20181118,서울특별시,11,서대문구,11410,광주광역시,29,0,0,14,0,0,0,5,0,0,0,0
20181118,서울특별시,11,서대문구,11410,대전광역시,30,0,0,9,0,0,0,0,0,0,0,0
20181118,서울특별시,11,서대문구,11410,울산광역시,31,0,0,12,0,0,0,0,0,0,0,0
20181118,서울특별시,11,서대문구,11410,세종특별자치시,36,0,0,4,0,0,0,0,0,0,0,0
20181118,서울특별시,11,서대문구,11410,경기도,41,0,0,98,0,0,0,0,0,0,0,0
20181118,서울특별시,11,서대문구,11410,강원도,42,0,0,19,0,0,0,0,0,0,0,0
20181118,서울특별시,11,서대문구,11410,충청북도,43,0,0,13,0,0,0,0,0,0,0,0
20181118,서울특별시,11,서대문구,11410,충청남도,44,0,0,22,0,0,0,0,0,0,0,0
20181118,서울특별시,11,서대문구,11410,전라북도,45,0,0,24,0,0,0,0,0,0,0,0
20181118,서울특별시,11,서대문구,11410,전라남도,46,0,0,20,0,0,0,0,0,0,0,0
20181118,서울특별시,11,서대문구,11410,경상북도,47,0,0,40,0,0,0,0,0,0,0,0
20181118,서울특별시,11,서대문구,11410,경상남도,48,0,0,41,0,0,0,0,0,0,0,0
20181118,서울특별시,11,동대문구,11230,서울특별시,11,0,3,0,0,0,0,0,0,9,0,0
20181118,서울특별시,11,동대문구,11230,부산광역시,26,0,0,0,0,0,0,0,0,0,3,0
20181118,서울특별시,11,동대문구,11230,대구광역시,27,0,0,0,0,0,0,0,0,0,0,0
20181118,서울특별시,11,동대문구,11230,광주광역시,29,0,0,0,0,0,0,0,0,0,0,0
20181118,서울특별시,11,동대문구,11230,경기도,41,0,0,3,3,4,0,0,0,11,3,4
20181118,서울특별시,11,동대문구,11230,충청북도,43,0,0,0,0,0,0,0,0,0,0,0
20181118,서울특별시,11,동대문구,11230,전라남도,46,0,0,0,0,0,0,0,0,0,0,0
20181118,서울특별시,11,동대문구,11230,경상북도,47,0,0,0,0,0,0,0,0,0,0,0
20181118,서울특별시,11,동대문구,11230,경상남도,48,0,0,0,0,0,0,0,0,0,0,0
20181118,서울특별시,11,영등포구,11560,서울특별시,11,0,46,0,0,0,0,6,0,0,0,7
20181118,서울특별시,11,영등포구,11560,부산광역시,26,0,20,0,0,0,0,0,0,0,0,5
20181118,서울특별시,11,영등포구,11560,대구광역시,27,0,8,0,0,0,0,0,0,0,0,0
20181118,서울특별시,11,영등포구,11560,인천광역시,28,0,13,0,0,0,0,0,0,0,0,0
20181118,서울특별시,11,영등포구,11560,광주광역시,29,0,7,0,0,0,0,0,0,0,0,3
20181118,서울특별시,11,영등포구,11560,대전광역시,30,0,0,0,0,0,0,0,0,0,0,0
20181118,서울특별시,11,영등포구,11560,울산광역시,31,0,5,0,0,0,0,0,0,0,0,0
20181118,서울특별시,11,영등포구,11560,세종특별자치시,36,0,3,0,0,0,0,0,0,0,0,0
20181118,서울특별시,11,영등포구,11560,경기도,41,0,69,0,0,0,0,6,0,0,0,11
20181118,서울특별시,11,영등포구,11560,강원도,42,0,8,0,0,0,0,0,0,0,0,0
20181118,서울특별시,11,영등포구,11560,충청북도,43,0,4,0,0,0,0,0,0,0,0,0
20181118,서울특별시,11,영등포구,11560,충청남도,44,0,12,0,0,0,0,0,0,0,0,0
20181118,서울특별시,11,영등포구,11560,전라북도,45,0,15,0,0,0,0,0,0,0,0,3
20181118,서울특별시,11,영등포구,11560,전라남도,46,0,6,0,0,0,0,0,0,0,0,0
20181118,서울특별시,11,영등포구,11560,경상북도,47,0,11,0,0,0,0,0,0,0,0,0
20181118,서울특별시,11,영등포구,11560,경상남도,48,0,19,0,0,0,0,0,0,0,0,4
20181118,서울특별시,11,노원구,11350,서울특별시,11,0,4,0,0,13,0,4,3,0,0,134
20181118,서울특별시,11,노원구,11350,부산광역시,26,0,0,0,0,0,0,0,0,0,0,59
20181118,서울특별시,11,노원구,11350,대구광역시,27,0,0,0,0,0,0,0,0,0,0,21
20181118,서울특별시,11,노원구,11350,인천광역시,28,0,0,0,0,0,0,0,0,0,0,40
20181118,서울특별시,11,노원구,11350,광주광역시,29,0,0,0,0,0,0,0,0,0,0,14
20181118,서울특별시,11,노원구,11350,대전광역시,30,0,0,0,0,0,0,0,0,0,0,19
20181118,서울특별시,11,노원구,11350,울산광역시,31,0,0,0,0,0,0,0,0,0,0,15
20181118,서울특별시,11,노원구,11350,세종특별자치시,36,0,0,0,0,0,0,0,0,0,0,6
20181118,서울특별시,11,노원구,11350,경기도,41,0,6,0,0,14,0,0,0,0,0,182
20181118,서울특별시,11,노원구,11350,강원도,42,0,0,0,0,4,0,0,0,0,0,21
20181118,서울특별시,11,노원구,11350,충청북도,43,0,0,0,0,0,0,0,0,0,0,21
20181118,서울특별시,11,노원구,11350,충청남도,44,0,0,0,0,0,0,0,0,0,0,28
20181118,서울특별시,11,노원구,11350,전라북도,45,0,0,0,0,4,0,0,0,0,0,27
20181118,서울특별시,11,노원구,11350,전라남도,46,0,0,0,0,0,0,0,0,0,0,29
20181118,서울특별시,11,노원구,11350,경상북도,47,0,0,0,0,4,0,0,0,0,0,19
20181118,서울특별시,11,노원구,11350,경상남도,48,0,0,0,0,3,0,0,0,0,0,42
20181118,서울특별시,11,노원구,11350,제주특별자치도,50,0,0,0,0,0,0,0,0,0,0,0
20181118,서울특별시,11,마포구,11440,경기도,41,10,0,14,0,0,0,0,0,0,0,0
20181118,서울특별시,11,마포구,11440,대전광역시,30,0,0,0,0,0,0,0,0,0,0,0
20181118,서울특별시,11,마포구,11440,인천광역시,28,6,0,3,0,0,0,0,0,0,0,0
20181118,서울특별시,11,마포구,11440,대구광역시,27,4,0,0,0,0,0,0,0,0,0,0
20181118,서울특별시,11,마포구,11440,서울특별시,11,0,0,10,0,0,0,10,0,0,0,0
20181118,서울특별시,11,금천구,11545,제주특별자치도,50,0,0,0,0,0,0,0,0,0,0,0
20181118,서울특별시,11,금천구,11545,충청북도,43,0,0,0,0,0,0,0,0,0,0,0
20181118,서울특별시,11,금천구,11545,경기도,41,26,12,0,3,17,0,12,0,7,5,19
20181118,서울특별시,11,금천구,11545,울산광역시,31,0,0,0,0,0,0,0,0,0,0,0
20181118,서울특별시,11,금천구,11545,광주광역시,29,0,0,0,0,0,0,0,0,3,0,0
20181118,서울특별시,11,금천구,11545,인천광역시,28,0,0,0,0,0,0,0,0,0,0,0
20181118,서울특별시,11,금천구,11545,대구광역시,27,0,0,0,0,0,0,0,0,0,0,0
20181118,서울특별시,11,용산구,11170,경기도,41,0,5,0,0,0,0,0,0,0,0,0
20181118,서울특별시,11,용산구,11170,대전광역시,30,0,0,0,0,0,0,0,0,0,0,0
20181118,서울특별시,11,용산구,11170,인천광역시,28,0,0,0,0,0,0,0,0,0,0,0
20181118,서울특별시,11,용산구,11170,대구광역시,27,0,0,0,0,0,0,0,0,0,0,0
20181118,서울특별시,11,용산구,11170,부산광역시,26,0,0,0,0,0,0,0,0,0,0,0
20181118,서울특별시,11,용산구,11170,서울특별시,11,0,4,0,0,0,0,0,0,0,0,0
20181118,서울특별시,11,강동구,11740,충청남도,44,0,0,0,0,0,0,0,0,0,0,0
20181118,서울특별시,11,강동구,11740,서울특별시,11,0,0,0,0,0,0,3,0,0,0,0
20181118,서울특별시,11,종로구,11110,서울특별시,11,0,3,0,0,0,0,9,0,0,0,0
20181118,서울특별시,11,종로구,11110,광주광역시,29,0,0,0,0,0,0,0,0,0,0,0
20181118,서울특별시,11,종로구,11110,경기도,41,0,0,0,0,0,0,3,0,0,0,0
20181118,서울특별시,11,종로구,11110,충청남도,44,0,0,0,0,0,0,0,0,0,0,0
20181118,서울특별시,11,종로구,11110,제주특별자치도,50,0,0,0,0,0,0,0,0,0,0,0
20181118,서울특별시,11,금천구,11545,부산광역시,26,0,0,0,0,0,0,0,0,3,0,0
20181118,서울특별시,11,금천구,11545,서울특별시,11,46,89,0,23,84,0,47,18,12,14,0
20181118,서울특별시,11,관악구,11620,서울특별시,11,0,0,0,0,48,0,10,0,0,0,0
20181118,서울특별시,11,관악구,11620,부산광역시,26,0,0,0,0,0,0,0,0,0,0,0
20181118,서울특별시,11,광진구,11215,전라남도,46,0,0,0,0,0,0,0,0,0,0,0
20181118,서울특별시,11,광진구,11215,전라북도,45,0,0,0,0,0,0,0,0,0,0,0
20181118,서울특별시,11,광진구,11215,충청남도,44,0,0,0,0,0,0,0,0,0,0,0
20181118,서울특별시,11,광진구,11215,강원도,42,0,0,0,0,0,0,0,0,0,0,0
20181118,서울특별시,11,광진구,11215,경기도,41,0,3,0,12,0,0,18,0,0,0,0
20181118,서울특별시,11,광진구,11215,세종특별자치시,36,0,0,0,0,0,0,0,0,0,0,0
20181118,서울특별시,11,광진구,11215,대전광역시,30,0,0,0,0,0,0,0,0,0,0,0
20181118,서울특별시,11,광진구,11215,인천광역시,28,0,0,0,4,0,0,0,0,0,0,0
20181118,서울특별시,11,광진구,11215,대구광역시,27,0,0,0,0,0,0,0,0,0,0,0
20181118,서울특별시,11,광진구,11215,서울특별시,11,0,0,0,4,0,0,54,0,0,0,0
20181118,서울특별시,11,중랑구,11260,제주특별자치도,50,0,0,0,0,0,0,0,0,3,0,0
20181118,서울특별시,11,중랑구,11260,경상남도,48,0,0,0,0,0,0,0,0,19,4,0
20181118,서울특별시,11,중랑구,11260,경상북도,47,0,0,0,0,3,0,0,0,27,3,0
20181118,서울특별시,11,중랑구,11260,전라남도,46,0,0,0,0,0,0,0,0,13,0,0
20181118,서울특별시,11,중랑구,11260,충청남도,44,0,4,0,0,0,0,0,0,24,6,0
20181119,서울특별시,11,마포구,11440,충청북도,43,48,389,75,205,360,27,406,66,360,288,101
20181119,서울특별시,11,마포구,11440,충청남도,44,49,466,83,232,528,29,588,86,415,438,149
20181119,서울특별시,11,마포구,11440,전라북도,45,33,322,75,187,336,19,395,53,339,298,91
20181119,서울특별시,11,마포구,11440,전라남도,46,47,323,80,171,310,27,396,72,302,271,76
20181119,서울특별시,11,마포구,11440,경상북도,47,53,526,102,273,571,29,623,110,489,416,165
20181119,서울특별시,11,마포구,11440,경상남도,48,90,682,141,380,652,48,750,115,569,563,181
20181119,서울특별시,11,마포구,11440,제주특별자치도,50,5,107,24,61,74,7,134,19,137,96,21
20181119,서울특별시,11,송파구,11710,충청남도,44,34,401,24,183,279,41,302,29,772,205,274
20181119,서울특별시,11,송파구,11710,충청북도,43,27,313,30,128,179,29,236,22,572,143,175
20181119,서울특별시,11,송파구,11710,강원도,42,22,269,12,134,191,24,218,20,493,138,154
20181119,서울특별시,11,송파구,11710,경기도,41,188,3028,153,1368,1963,272,2270,253,5461,1303,1886
20181119,서울특별시,11,송파구,11710,세종특별자치시,36,0,66,5,24,58,4,58,11,125,48,46
20181119,서울특별시,11,송파구,11710,울산광역시,31,5,176,4,90,128,18,150,12,398,120,144
20181119,서울특별시,11,송파구,11710,대전광역시,30,12,304,12,135,180,23,267,26,533,123,233
20181119,서울특별시,11,송파구,11710,광주광역시,29,13,257,16,110,193,29,211,26,632,167,230
20181119,서울특별시,11,송파구,11710,인천광역시,28,35,570,26,355,398,48,523,52,1103,268,392
20181119,서울특별시,11,송파구,11710,대구광역시,27,44,476,16,209,314,38,397,30,920,224,317
20181119,서울특별시,11,송파구,11710,부산광역시,26,30,626,18,304,437,51,535,53,1181,316,480
20181119,서울특별시,11,송파구,11710,서울특별시,11,160,2644,109,1141,1596,213,1993,186,4320,1176,1472
20181119,서울특별시,11,서초구,11650,강원도,42,34,342,56,145,284,34,127,32,117,118,122
20181119,서울특별시,11,서초구,11650,경기도,41,394,3867,495,1735,3031,281,1515,397,2161,1331,1422
20181119,서울특별시,11,서초구,11650,세종특별자치시,36,12,110,15,31,51,7,31,9,47,25,39
20181119,서울특별시,11,강서구,11500,서울특별시,11,411,2185,376,1416,2784,347,3233,415,3709,1252,2208
20181119,서울특별시,11,관악구,11620,광주광역시,29,31,202,34,117,178,14,39,39,199,93,166
20181119,서울특별시,11,관악구,11620,인천광역시,28,178,390,73,223,413,34,68,49,407,145,369
20181119,서울특별시,11,영등포구,11560,울산광역시,31,14,254,16,433,166,16,170,14,130,43,105
20181119,서울특별시,11,영등포구,11560,대전광역시,30,17,309,53,582,214,27,207,16,188,87,134
20181119,서울특별시,11,영등포구,11560,광주광역시,29,10,293,40,544,206,18,220,16,201,67,139
20181119,서울특별시,11,영등포구,11560,인천광역시,28,32,567,73,1178,394,39,474,22,390,124,263
20181119,서울특별시,11,영등포구,11560,대구광역시,27,24,437,72,809,274,41,359,28,268,85,222
20181119,서울특별시,11,영등포구,11560,부산광역시,26,25,641,96,1240,484,54,510,29,382,129,298
20181119,서울특별시,11,영등포구,11560,서울특별시,11,147,2342,331,4375,1555,132,1850,102,1572,563,1061
20181119,서울특별시,11,광진구,11215,서울특별시,11,221,1285,143,1556,1467,836,580,205,2034,1061,930
20181119,서울특별시,11,광진구,11215,부산광역시,26,72,367,42,373,411,260,143,63,498,291,252
20181119,서울특별시,11,광진구,11215,대구광역시,27,41,243,19,257,278,218,91,40,347,233,146
20181119,서울특별시,11,광진구,11215,인천광역시,28,63,326,29,386,373,266,127,44,460,277,202
20181119,서울특별시,11,광진구,11215,광주광역시,29,23,178,21,189,157,136,59,30,273,150,107
20181119,서울특별시,11,광진구,11215,대전광역시,30,40,166,30,183,152,156,45,31,250,125,94
20181119,서울특별시,11,광진구,11215,울산광역시,31,33,100,14,125,133,119,47,21,204,131,64
20181119,서울특별시,11,광진구,11215,세종특별자치시,36,7,40,3,40,53,22,20,11,57,38,19
20181119,서울특별시,11,광진구,11215,경기도,41,319,1475,147,1785,1749,1204,678,280,2514,1359,955
20181119,서울특별시,11,광진구,11215,강원도,42,40,175,21,186,189,154,78,35,236,117,87
20181119,서울특별시,11,관악구,11620,대구광역시,27,52,284,60,173,279,20,63,44,295,118,281
20181119,서울특별시,11,관악구,11620,부산광역시,26,304,448,87,240,434,47,72,64,415,159,406
20181119,서울특별시,11,관악구,11620,서울특별시,11,546,1433,408,821,1427,97,246,188,1608,512,1325
20181119,서울특별시,11,광진구,11215,충청북도,43,37,177,17,177,192,152,69,38,256,139,83
20181119,서울특별시,11,광진구,11215,충청남도,44,50,238,16,270,251,236,111,48,357,214,129
20181119,서울특별시,11,강동구,11740,제주특별자치도,50,25,49,18,21,80,8,43,6,63,24,11
20181119,서울특별시,11,강동구,11740,경상남도,48,182,308,97,107,659,49,264,42,503,108,168
20181119,서울특별시,11,강동구,11740,경상북도,47,160,249,85,82,488,46,218,34,397,91,139
20181119,서울특별시,11,강동구,11740,전라남도,46,106,157,33,67,303,15,132,20,245,53,90
20181119,서울특별시,11,강동구,11740,전라북도,45,132,166,49,53,300,26,147,14,265,64,92
20181119,서울특별시,11,강동구,11740,충청남도,44,162,212,65,94,429,29,207,36,367,81,120
20181119,서울특별시,11,강동구,11740,충청북도,43,111,168,38,56,318,33,137,31,276,64,70
20181119,서울특별시,11,강동구,11740,강원도,42,153,146,37,46,284,24,153,28,244,57,66
20181119,서울특별시,11,강동구,11740,경기도,41,976,1426,451,607,2838,225,1482,233,2698,704,724
20181119,서울특별시,11,강동구,11740,세종특별자치시,36,32,33,20,12,83,5,31,7,55,12,19
20181119,서울특별시,11,강동구,11740,울산광역시,31,79,124,37,40,227,17,111,19,195,47,72
20181119,서울특별시,11,강동구,11740,대전광역시,30,114,141,46,69,276,18,132,17,240,82,83
20181119,서울특별시,11,강동구,11740,광주광역시,29,132,163,42,67,286,23,142,18,254,86,90
20181119,서울특별시,11,강동구,11740,인천광역시,28,212,299,149,120,759,36,335,33,541,170,159
20181119,서울특별시,11,강동구,11740,대구광역시,27,161,244,104,77,485,31,218,33,336,106,127
20181119,서울특별시,11,강동구,11740,부산광역시,26,204,332,87,124,637,50,358,63,513,178,180
20181119,서울특별시,11,강동구,11740,서울특별시,11,867,1284,324,502,2272,197,1361,175,1896,692,729
20181119,서울특별시,11,관악구,11620,제주특별자치도,50,7,67,11,26,56,6,19,8,68,24,41
20181119,서울특별시,11,관악구,11620,경상남도,48,118,496,59,261,398,40,53,94,419,166,350
20181119,서울특별시,11,관악구,11620,경상북도,47,50,359,46,185,277,27,54,46,317,121,277
20181119,서울특별시,11,관악구,11620,전라남도,46,27,218,22,115,151,16,44,36,194,85,152
20181119,서울특별시,11,광진구,11215,전라북도,45,40,162,12,181,174,177,59,36,230,157,94
20181119,서울특별시,11,관악구,11620,전라북도,45,18,284,43,130,185,21,47,37,229,69,163
20181119,서울특별시,11,관악구,11620,충청남도,44,76,311,41,188,258,23,65,58,289,107,237
20181119,서울특별시,11,관악구,11620,충청북도,43,44,222,35,153,188,15,41,63,230,72,183
20181119,서울특별시,11,양천구,11470,제주특별자치도,50,31,41,4,27,64,14,16,12,48,20,73
20181119,서울특별시,11,양천구,11470,경상남도,48,131,306,26,310,502,122,184,94,269,177,293
20181119,서울특별시,11,양천구,11470,경상북도,47,106,237,16,232,349,75,165,70,168,125,236
20181119,서울특별시,11,양천구,11470,전라남도,46,65,142,26,141,239,52,89,42,109,83,164
20181119,서울특별시,11,양천구,11470,전라북도,45,64,148,14,145,244,61,118,42,167,89,172
20181119,서울특별시,11,양천구,11470,충청남도,44,93,219,17,197,354,71,146,74,208,130,202
20181119,서울특별시,11,양천구,11470,충청북도,43,93,174,26,145,288,47,105,65,175,95,174
20181119,서울특별시,11,양천구,11470,강원도,42,81,159,11,165,270,39,89,49,127,69,139
20181119,서울특별시,11,중랑구,11260,서울특별시,11,415,2117,261,2126,2842,289,1352,828,6067,2198,1398
20181119,서울특별시,11,중랑구,11260,부산광역시,26,110,648,69,575,886,78,356,259,2049,684,388
20181119,서울특별시,11,중랑구,11260,대구광역시,27,104,473,51,393,691,55,214,229,1423,519,322
20181119,서울특별시,11,중랑구,11260,인천광역시,28,125,582,67,632,854,89,311,244,1996,612,429
20181119,서울특별시,11,중랑구,11260,광주광역시,29,55,315,44,294,467,34,150,134,1044,341,184
20181119,서울특별시,11,중랑구,11260,대전광역시,30,57,293,41,322,471,42,138,130,1026,330,183
20181119,서울특별시,11,중랑구,11260,울산광역시,31,44,213,25,201,372,39,114,92,747,271,135
20181119,서울특별시,11,중랑구,11260,세종특별자치시,36,19,77,11,64,112,14,24,52,206,79,37
20181119,서울특별시,11,중랑구,11260,경기도,41,560,2776,349,2745,4128,462,1415,1296,8885,2922,1812
20181119,서울특별시,11,중랑구,11260,강원도,42,65,276,42,263,451,34,152,137,912,293,188
20181119,서울특별시,11,중랑구,11260,충청북도,43,76,314,37,330,512,43,134,128,995,320,189
20181119,서울특별시,11,중랑구,11260,충청남도,44,91,447,45,459,639,53,241,227,1480,446,278
20181119,서울특별시,11,중랑구,11260,전라북도,45,58,295,32,277,444,41,132,148,1055,336,224
20181119,서울특별시,11,중랑구,11260,전라남도,46,53,329,36,285,453,40,138,112,1024,310,185
20181119,서울특별시,11,중랑구,11260,경상북도,47,75,498,53,454,723,75,234,199,1478,521,312
20181119,서울특별시,11,중랑구,11260,경상남도,48,102,690,68,549,909,104,318,285,2223,667,384
20181119,서울특별시,11,중랑구,11260,제주특별자치도,50,16,75,8,68,90,6,27,27,293,78,46
20181119,서울특별시,11,서초구,11650,울산광역시,31,28,232,39,134,159,17,92,27,116,87,118
20181119,서울특별시,11,서초구,11650,대전광역시,30,40,702,56,186,267,28,150,33,138,145,144
20181119,서울특별시,11,서초구,11650,광주광역시,29,38,532,54,157,248,31,122,35,170,160,126
20181119,서울특별시,11,서초구,11650,인천광역시,28,79,752,88,319,730,58,383,69,349,257,290
20181119,서울특별시,11,서초구,11650,대구광역시,27,75,522,87,244,390,35,236,44,246,219,236
20181119,서울특별시,11,서초구,11650,부산광역시,26,62,798,94,343,508,50,365,75,330,262,315
20181119,서울특별시,11,서초구,11650,서울특별시,11,298,4106,610,1549,2589,215,1820,229,1716,1186,1076
20181119,서울특별시,11,성북구,11290,제주특별자치도,50,16,180,25,64,127,22,94,42,859,339,93
20181119,서울특별시,11,성북구,11290,경상남도,48,121,1105,116,633,884,162,462,237,5320,1778,797
20181119,서울특별시,11,성북구,11290,경상북도,47,74,848,89,491,652,108,330,138,3861,1349,598
20181119,서울특별시,11,성북구,11290,전라남도,46,53,533,79,288,471,88,220,107,2597,885,429
20181119,서울특별시,11,성북구,11290,전라북도,45,46,612,67,348,474,74,256,113,2756,938,399
20181119,서울특별시,11,성북구,11290,충청남도,44,88,721,75,461,684,104,287,156,3518,1225,570
20181119,서울특별시,11,성북구,11290,충청북도,43,56,551,73,360,497,91,209,124,2593,859,393
20181119,서울특별시,11,성북구,11290,강원도,42,63,534,51,327,421,85,258,100,2499,782,369
20181119,서울특별시,11,성북구,11290,경기도,41,586,5303,572,3232,4500,744,1985,1123,22659,8255,3553
20181119,서울특별시,11,성북구,11290,세종특별자치시,36,20,131,6,77,143,19,49,46,641,200,86
20181119,서울특별시,11,성북구,11290,울산광역시,31,48,398,70,248,318,71,144,88,1937,688,309
20181119,서울특별시,11,성북구,11290,대전광역시,30,54,523,69,333,458,66,249,95,2501,949,377
20181119,서울특별시,11,성북구,11290,광주광역시,29,47,552,57,310,453,92,228,98,3034,1082,405
20181119,서울특별시,11,성북구,11290,인천광역시,28,146,1121,181,693,931,174,417,274,5021,1826,750
20181119,서울특별시,11,성북구,11290,대구광역시,27,91,904,98,419,647,117,432,179,3961,1379,610
20181119,서울특별시,11,성북구,11290,부산광역시,26,117,1235,135,634,974,151,525,236,5336,1866,882
20181119,서울특별시,11,성북구,11290,서울특별시,11,413,4264,737,2457,3365,554,1752,788,17413,6575,2816
20181119,서울특별시,11,금천구,11545,서울특별시,11,713,2962,316,2941,3360,526,1940,452,4558,2427,3968
20181119,서울특별시,11,금천구,11545,부산광역시,26,185,801,49,789,943,197,473,128,1175,596,1287
20181119,서울특별시,11,금천구,11545,대구광역시,27,121,561,38,604,699,143,341,111,888,448,858
20181119,서울특별시,11,금천구,11545,인천광역시,28,214,720,43,779,863,103,424,130,1040,576,1130
20181119,서울특별시,11,금천구,11545,광주광역시,29,88,355,27,375,448,64,188,62,695,284,563
20181119,서울특별시,11,서초구,11650,전라북도,45,32,377,61,182,292,24,132,37,147,137,151
20181119,서울특별시,11,서초구,11650,전라남도,46,21,295,54,171,236,26,159,34,126,118,148
20181119,서울특별시,11,서초구,11650,경상북도,47,38,448,99,270,379,37,215,39,224,185,232
20181119,서울특별시,11,서초구,11650,경상남도,48,62,581,101,362,445,45,308,76,286,248,299
20181119,서울특별시,11,서초구,11650,제주특별자치도,50,10,109,27,44,76,4,63,18,50,64,30
20181119,서울특별시,11,양천구,11470,경기도,41,589,1579,143,1405,2338,487,960,440,1640,794,1359
20181119,서울특별시,11,양천구,11470,세종특별자치시,36,9,31,3,38,49,13,31,17,34,19,22
20181119,서울특별시,11,양천구,11470,울산광역시,31,39,121,11,120,170,32,64,29,102,61,110
20181119,서울특별시,11,양천구,11470,대전광역시,30,58,174,8,165,220,54,96,48,133,72,135
20181119,서울특별시,11,양천구,11470,광주광역시,29,71,152,8,154,244,63,100,46,161,95,159
20181119,서울특별시,11,광진구,11215,제주특별자치도,50,3,59,5,47,43,82,30,9,92,48,31
20181119,서울특별시,11,광진구,11215,경상남도,48,57,332,29,336,342,321,131,63,509,311,214
20181119,서울특별시,11,광진구,11215,경상북도,47,51,212,20,287,279,235,95,30,315,196,133
20181119,서울특별시,11,광진구,11215,전라남도,46,32,148,17,158,156,206,57,48,221,129,107
20181119,서울특별시,11,양천구,11470,인천광역시,28,120,345,20,312,465,103,195,92,246,139,323
20181119,서울특별시,11,양천구,11470,대구광역시,27,101,229,24,240,321,92,172,71,206,140,244
20181119,서울특별시,11,양천구,11470,부산광역시,26,126,327,27,314,474,115,190,84,260,178,319
20181119,서울특별시,11,금천구,11545,대전광역시,30,74,367,29,414,486,66,233,48,611,296,542
20181119,서울특별시,11,금천구,11545,울산광역시,31,58,293,12,252,291,53,145,45,400,216,434
20181119,서울특별시,11,금천구,11545,세종특별자치시,36,23,97,6,89,105,16,54,18,191,88,111
20181119,서울특별시,11,금천구,11545,경기도,41,897,3660,393,3761,4367,683,2118,586,5291,2691,4936
20181119,서울특별시,11,금천구,11545,강원도,42,109,385,29,371,440,51,242,59,559,273,484
20181119,서울특별시,11,금천구,11545,충청북도,43,101,368,29,415,436,67,195,53,593,263,544
20181119,서울특별시,11,금천구,11545,충청남도,44,139,547,23,526,589,98,290,83,713,389,727
20181119,서울특별시,11,금천구,11545,전라북도,45,94,403,33,414,430,70,207,67,740,292,649
20181119,서울특별시,11,금천구,11545,전라남도,46,86,331,27,334,449,100,201,57,632,286,523
20181119,서울특별시,11,금천구,11545,경상북도,47,142,551,21,617,753,118,335,91,905,409,872
20181119,서울특별시,11,금천구,11545,경상남도,48,204,756,46,777,898,161,422,139,1148,569,1210
20181119,서울특별시,11,금천구,11545,제주특별자치도,50,26,134,10,72,124,30,47,14,238,105,166
20181119,서울특별시,11,구로구,11530,제주특별자치도,50,9,132,11,25,100,14,49,10,100,22,54
20181119,서울특별시,11,구로구,11530,경상남도,48,62,664,59,256,566,74,430,66,649,162,475
20181119,서울특별시,11,구로구,11530,경상북도,47,48,520,46,207,517,56,290,28,415,119,342
20181119,서울특별시,11,구로구,11530,전라남도,46,32,346,21,106,302,41,173,30,293,103,196
20181119,서울특별시,11,구로구,11530,전라북도,45,38,394,40,158,299,51,210,25,323,105,220
20181119,서울특별시,11,구로구,11530,충청남도,44,46,482,29,177,454,59,257,54,421,117,250
20181119,서울특별시,11,구로구,11530,충청북도,43,38,335,30,157,350,39,197,37,309,81,191
20181119,서울특별시,11,구로구,11530,강원도,42,38,297,31,214,253,35,177,21,290,86,159
20181119,서울특별시,11,구로구,11530,경기도,41,351,3337,271,1304,2920,400,1635,286,2856,913,1959
20181119,서울특별시,11,구로구,11530,세종특별자치시,36,7,66,14,32,67,11,30,10,69,19,46
20181119,서울특별시,11,동작구,11590,서울특별시,11,357,965,428,596,846,162,248,108,1185,714,1211
20181119,서울특별시,11,동작구,11590,부산광역시,26,115,261,120,149,247,55,66,20,269,226,311
20181119,서울특별시,11,동작구,11590,대구광역시,27,69,180,80,115,133,37,46,28,192,188,222
20181119,서울특별시,11,동작구,11590,인천광역시,28,107,234,79,175,191,42,79,39,246,228,300
20181119,서울특별시,11,동작구,11590,광주광역시,29,49,121,56,76,116,28,19,15,131,118,130
20181119,서울특별시,11,동작구,11590,대전광역시,30,44,142,56,68,117,21,35,10,129,112,149
20181119,서울특별시,11,동작구,11590,울산광역시,31,25,108,29,53,87,21,14,8,71,98,88
20181119,서울특별시,11,동작구,11590,세종특별자치시,36,9,37,4,20,17,7,4,6,32,31,34
20181119,서울특별시,11,동작구,11590,경기도,41,495,1078,339,684,1061,251,230,138,1391,985,1366
20181119,서울특별시,11,동작구,11590,강원도,42,48,115,42,66,95,28,35,14,121,96,110
20181119,서울특별시,11,동작구,11590,충청북도,43,46,106,46,77,113,11,37,22,151,113,152
20181119,서울특별시,11,동작구,11590,충청남도,44,80,177,52,120,161,40,33,24,194,122,186
20181119,서울특별시,11,동작구,11590,전라북도,45,46,118,53,87,95,24,27,16,127,89,143
20181119,서울특별시,11,동작구,11590,전라남도,46,54,121,37,76,81,25,20,7,95,102,122
20181119,서울특별시,11,동작구,11590,경상북도,47,63,173,61,108,164,38,38,18,177,180,166
20181119,서울특별시,11,동작구,11590,경상남도,48,103,217,93,170,238,63,39,39,234,189,286
20181119,서울특별시,11,동작구,11590,제주특별자치도,50,12,40,18,29,20,7,8,3,50,29,39
20181119,서울특별시,11,구로구,11530,울산광역시,31,22,252,26,108,220,36,152,23,222,78,171
20181119,서울특별시,11,구로구,11530,대전광역시,30,34,361,36,158,341,47,154,29,284,85,209
20181119,서울특별시,11,구로구,11530,광주광역시,29,16,330,32,115,310,33,189,33,286,99,187
20181119,서울특별시,11,구로구,11530,인천광역시,28,80,697,59,234,654,77,368,70,570,147,431
20181119,서울특별시,11,구로구,11530,대구광역시,27,44,512,54,190,506,36,293,33,439,128,322
20181119,서울특별시,11,구로구,11530,부산광역시,26,84,676,69,293,655,83,365,61,578,202,456
20181119,서울특별시,11,구로구,11530,서울특별시,11,246,3040,291,995,2319,303,1135,192,2239,764,1479
20181119,서울특별시,11,노원구,11350,제주특별자치도,50,12,32,3,9,18,0,17,4,98,17,5
20181119,서울특별시,11,노원구,11350,경상남도,48,61,316,22,76,207,30,77,47,511,171,99
20181119,서울특별시,11,노원구,11350,경상북도,47,46,232,22,44,159,19,65,33,427,122,78
20181119,서울특별시,11,노원구,11350,전라남도,46,33,154,12,26,91,13,49,22,292,70,40
20181119,서울특별시,11,노원구,11350,전라북도,45,46,208,12,33,91,13,42,23,334,79,61
20181119,서울특별시,11,노원구,11350,충청남도,44,68,232,13,48,129,14,56,21,414,92,70
20181119,서울특별시,11,노원구,11350,충청북도,43,54,183,15,38,92,14,47,39,329,89,43
20181119,서울특별시,11,노원구,11350,강원도,42,38,190,89,41,114,13,49,19,277,77,39
20181119,서울특별시,11,노원구,11350,경기도,41,325,1556,136,454,1052,197,492,263,2936,887,515
20181119,서울특별시,11,노원구,11350,세종특별자치시,36,5,39,0,19,28,0,6,3,70,19,11
20181119,서울특별시,11,서대문구,11410,제주특별자치도,50,4,31,3,16,39,0,9,0,53,13,23
20181119,서울특별시,11,서대문구,11410,경상남도,48,15,159,13,83,303,21,153,15,325,71,149
20181119,서울특별시,11,서대문구,11410,경상북도,47,15,120,11,78,278,11,152,18,236,45,123
20181119,서울특별시,11,서대문구,11410,전라남도,46,14,73,9,47,168,7,80,9,155,28,66
20181119,서울특별시,11,서대문구,11410,전라북도,45,17,85,10,50,221,4,103,17,197,42,67
20181119,서울특별시,11,서대문구,11410,충청남도,44,12,113,10,64,321,12,147,23,188,49,126
20181119,서울특별시,11,서대문구,11410,충청북도,43,8,95,6,55,231,11,119,13,181,39,93
20181119,서울특별시,11,서대문구,11410,강원도,42,11,66,12,55,186,6,109,8,151,37,107
20181119,서울특별시,11,서대문구,11410,경기도,41,75,897,88,463,2123,82,959,130,1700,354,779
20181119,서울특별시,11,서대문구,11410,세종특별자치시,36,0,16,0,14,46,0,18,0,40,9,10
20181119,서울특별시,11,서대문구,11410,울산광역시,31,0,59,6,34,101,3,57,8,92,34,48
20181119,서울특별시,11,서대문구,11410,대전광역시,30,8,88,7,47,231,13,116,10,164,33,88
20181119,서울특별시,11,서대문구,11410,광주광역시,29,12,66,6,48,128,7,77,9,195,41,77
20181119,서울특별시,11,서대문구,11410,인천광역시,28,17,178,26,90,472,14,212,30,284,66,180
20181119,서울특별시,11,서대문구,11410,대구광역시,27,14,136,7,55,271,10,175,15,227,45,113
20181119,서울특별시,11,서대문구,11410,부산광역시,26,14,171,10,110,306,18,205,21,315,101,152
20181119,서울특별시,11,서대문구,11410,서울특별시,11,49,833,51,372,1613,67,816,99,1299,309,592
20181119,서울특별시,11,도봉구,11320,제주특별자치도,50,13,144,11,62,47,7,78,6,85,66,59
20181119,서울특별시,11,도봉구,11320,경상남도,48,43,824,58,570,275,53,433,78,576,511,569
20181119,서울특별시,11,도봉구,11320,경상북도,47,32,598,38,435,184,33,337,44,417,423,495
20181119,서울특별시,11,도봉구,11320,전라남도,46,16,363,26,275,129,19,202,34,306,258,267
20181119,서울특별시,11,도봉구,11320,전라북도,45,22,396,31,278,142,22,218,45,286,264,293
20181119,서울특별시,11,도봉구,11320,충청남도,44,26,525,31,399,194,38,318,62,367,358,399
20181119,서울특별시,11,도봉구,11320,충청북도,43,24,472,17,296,122,30,205,39,304,280,296
20181119,서울특별시,11,도봉구,11320,강원도,42,21,451,16,278,133,31,225,30,254,220,254
20181119,서울특별시,11,도봉구,11320,경기도,41,205,4231,230,2689,1390,247,2013,398,2608,2262,2470
20181119,서울특별시,11,도봉구,11320,세종특별자치시,36,6,88,4,65,36,7,31,13,64,55,62
20181119,서울특별시,11,도봉구,11320,울산광역시,31,24,292,19,208,101,19,166,40,231,187,207
20181119,서울특별시,11,도봉구,11320,대전광역시,30,22,429,28,278,139,23,238,40,242,241,305
20181119,서울특별시,11,도봉구,11320,광주광역시,29,18,457,30,280,105,27,210,58,271,279,322
20181119,서울특별시,11,도봉구,11320,인천광역시,28,45,907,41,530,258,54,449,88,530,473,539
20181119,서울특별시,11,도봉구,11320,대구광역시,27,29,726,39,421,187,34,328,58,378,366,455
20181119,서울특별시,11,도봉구,11320,부산광역시,26,37,891,44,601,279,50,459,79,552,472,592
20181119,서울특별시,11,도봉구,11320,서울특별시,11,171,3993,204,2441,1192,215,1674,256,1678,1543,1993
20181119,서울특별시,11,은평구,11380,제주특별자치도,50,11,38,3,13,27,15,24,0,104,24,27
20181119,서울특별시,11,은평구,11380,경상남도,48,44,350,53,102,438,89,130,25,654,160,275
20181119,서울특별시,11,은평구,11380,경상북도,47,37,303,34,86,306,75,86,29,402,149,245
20181119,서울특별시,11,은평구,11380,전라남도,46,25,166,36,33,162,44,53,14,283,99,102
20181119,서울특별시,11,은평구,11380,전라북도,45,42,159,27,54,183,51,68,16,330,70,142
20181119,서울특별시,11,은평구,11380,충청남도,44,26,252,40,52,255,60,74,27,356,110,190
20181119,서울특별시,11,은평구,11380,충청북도,43,23,183,21,53,202,46,63,12,327,71,154
20181119,서울특별시,11,은평구,11380,강원도,42,28,139,24,58,172,38,66,14,252,78,129
20181119,서울특별시,11,은평구,11380,경기도,41,275,1606,202,503,1839,405,570,165,2720,787,1506
20181119,서울특별시,11,은평구,11380,세종특별자치시,36,10,33,7,12,57,11,11,8,56,23,28
20181119,서울특별시,11,은평구,11380,울산광역시,31,16,116,11,33,142,38,45,14,206,49,111
20181119,서울특별시,11,은평구,11380,대전광역시,30,23,161,23,58,199,42,58,14,259,85,135
20181119,서울특별시,11,은평구,11380,광주광역시,29,21,139,19,44,177,49,101,6,283,60,138
20181119,서울특별시,11,은평구,11380,인천광역시,28,37,382,41,97,393,69,118,40,568,154,312
20181119,서울특별시,11,은평구,11380,대구광역시,27,36,221,33,83,287,64,81,19,383,131,222
20181119,서울특별시,11,은평구,11380,부산광역시,26,52,367,53,99,489,102,128,28,555,173,397
20181119,서울특별시,11,은평구,11380,서울특별시,11,211,1299,171,443,1502,323,489,116,1853,560,1144
20181119,서울특별시,11,강남구,11680,서울특별시,11,375,4022,367,1848,2483,278,1676,385,4777,1895,3876
20181119,서울특별시,11,강남구,11680,부산광역시,26,87,955,46,424,603,54,572,80,1102,446,1027
20181119,서울특별시,11,강남구,11680,대구광역시,27,53,656,41,278,426,54,308,79,835,293,771
20181119,서울특별시,11,강남구,11680,인천광역시,28,92,749,46,354,630,67,384,73,943,398,924
20181119,서울특별시,11,강남구,11680,광주광역시,29,32,378,28,215,258,36,185,48,545,192,483
20181119,서울특별시,11,강남구,11680,대전광역시,30,30,401,22,190,317,33,220,75,510,209,456
20181119,서울특별시,11,강남구,11680,울산광역시,31,23,273,20,123,167,25,126,46,354,142,331
20181119,서울특별시,11,강남구,11680,세종특별자치시,36,15,84,10,35,65,7,41,11,115,50,100
20181119,서울특별시,11,강남구,11680,경기도,41,402,3805,268,1914,2916,395,1783,537,5142,2004,3947
20181119,서울특별시,11,강남구,11680,강원도,42,35,358,28,191,250,42,176,39,397,159,391
20181119,서울특별시,11,강남구,11680,충청북도,43,52,341,44,176,272,44,186,46,508,200,406
20181119,서울특별시,11,강남구,11680,충청남도,44,52,462,44,249,363,47,280,58,636,236,538
20181119,서울특별시,11,강남구,11680,전라북도,45,43,368,22,163,321,26,193,43,486,177,450
20181119,서울특별시,11,강남구,11680,전라남도,46,31,343,14,187,246,33,199,37,382,184,417
20181119,서울특별시,11,강남구,11680,경상북도,47,47,525,27,276,380,56,268,66,696,280,611
20181119,서울특별시,11,강남구,11680,경상남도,48,71,752,47,327,508,58,396,76,891,388,804
20181119,서울특별시,11,강남구,11680,제주특별자치도,50,25,129,12,46,92,13,66,17,210,88,113
20181119,서울특별시,11,노원구,11350,울산광역시,31,27,122,5,34,63,10,30,15,205,54,40
20181119,서울특별시,11,노원구,11350,대전광역시,30,30,176,9,35,117,10,56,28,293,78,45
20181119,서울특별시,11,노원구,11350,광주광역시,29,29,152,13,40,101,12,38,20,318,91,38
20181119,서울특별시,11,노원구,11350,인천광역시,28,75,352,25,75,218,32,110,45,557,163,107
20181119,서울특별시,11,노원구,11350,대구광역시,27,49,265,20,53,144,20,71,47,456,172,90
20181119,서울특별시,11,노원구,11350,부산광역시,26,74,317,12,76,209,34,87,48,566,200,81
20181119,서울특별시,11,노원구,11350,서울특별시,11,286,1183,109,391,859,104,520,192,2287,707,382
20181119,서울특별시,11,영등포구,11560,제주특별자치도,50,7,760,1178,159,58,4,80,0,69,16,38
20181119,서울특별시,11,영등포구,11560,경상남도,48,29,624,88,1215,411,60,507,37,357,133,269
20181119,서울특별시,11,영등포구,11560,경상북도,47,30,491,58,961,390,32,439,19,262,70,238
20181119,서울특별시,11,영등포구,11560,전라남도,46,6,352,32,605,221,24,238,15,186,59,120
20181119,서울특별시,11,영등포구,11560,전라북도,45,12,326,35,593,192,24,234,13,191,72,145
20181119,서울특별시,11,영등포구,11560,충청남도,44,23,449,43,828,291,39,310,18,268,85,189
20181119,서울특별시,11,영등포구,11560,충청북도,43,15,316,52,607,203,17,239,10,217,74,154
20181119,서울특별시,11,영등포구,11560,강원도,42,24,323,42,604,212,16,237,13,160,62,142
20181119,서울특별시,11,영등포구,11560,경기도,41,169,2808,429,5371,2205,192,2266,136,1995,634,1242
20181119,서울특별시,11,영등포구,11560,세종특별자치시,36,0,75,15,125,58,0,43,3,36,18,35
20181119,서울특별시,11,동대문구,11230,서울특별시,11,690,2688,253,1008,1985,311,2986,295,6061,1510,1062
20181119,서울특별시,11,동대문구,11230,부산광역시,26,182,821,54,253,584,80,1021,101,1726,421,307
20181119,서울특별시,11,동대문구,11230,대구광역시,27,131,605,54,227,447,55,716,64,1351,307,232
20181119,서울특별시,11,동대문구,11230,인천광역시,28,180,819,54,262,628,90,938,82,1799,382,281
20181119,서울특별시,11,동대문구,11230,광주광역시,29,78,422,20,132,316,37,434,48,951,216,162
20181119,서울특별시,11,동대문구,11230,대전광역시,30,81,417,31,134,301,44,472,28,856,207,154
20181119,서울특별시,11,동대문구,11230,울산광역시,31,72,257,23,93,220,45,344,32,601,148,125
20181119,서울특별시,11,동대문구,11230,세종특별자치시,36,21,96,8,26,77,10,86,9,186,49,42
20181119,서울특별시,11,동대문구,11230,경기도,41,910,3738,246,1225,3137,404,3932,411,7846,1799,1386
20181119,서울특별시,11,동대문구,11230,강원도,42,82,370,23,133,370,39,387,38,800,165,139
20181119,서울특별시,11,동대문구,11230,충청북도,43,86,393,27,163,349,51,462,54,864,205,129
20181119,서울특별시,11,동대문구,11230,충청남도,44,105,560,51,188,470,53,627,55,1120,281,191
20181119,서울특별시,11,양천구,11470,서울특별시,11,526,1343,113,1235,1802,304,820,271,1194,619,1100
20181119,서울특별시,11,관악구,11620,강원도,42,94,221,43,136,163,22,34,29,195,80,152
20181119,서울특별시,11,관악구,11620,경기도,41,674,1982,336,1084,1911,179,309,278,2086,658,1621
20181119,서울특별시,11,관악구,11620,세종특별자치시,36,13,48,17,32,48,0,16,22,57,12,41
20181119,서울특별시,11,관악구,11620,울산광역시,31,67,184,20,78,135,9,24,33,126,55,130
20181119,서울특별시,11,관악구,11620,대전광역시,30,57,224,33,130,205,9,39,42,188,66,198
20181119,서울특별시,11,동대문구,11230,전라북도,45,92,443,32,146,342,52,433,52,903,214,170
20181119,서울특별시,11,동대문구,11230,전라남도,46,70,421,33,141,342,35,505,47,794,179,134
20181119,서울특별시,11,동대문구,11230,경상북도,47,114,595,39,214,566,66,762,62,1252,304,216
20181119,서울특별시,11,동대문구,11230,경상남도,48,149,796,48,281,639,84,959,108,1687,402,324
20181119,서울특별시,11,동대문구,11230,제주특별자치도,50,35,130,11,34,100,13,99,13,276,79,34
20181119,서울특별시,11,강서구,11500,제주특별자치도,50,15,88,25,89,111,17,84,9,261,54,52
20181119,서울특별시,11,강서구,11500,경상남도,48,99,535,89,348,680,117,824,148,1302,361,563
20181119,서울특별시,11,강서구,11500,경상북도,47,76,344,60,266,521,83,498,106,977,252,444
20181119,서울특별시,11,강서구,11500,전라남도,46,34,236,33,153,308,50,364,66,693,192,295
20181119,서울특별시,11,강서구,11500,전라북도,45,42,253,35,155,325,45,365,54,758,155,316
20181119,서울특별시,11,강서구,11500,충청남도,44,64,310,65,226,499,80,506,93,827,292,363
20181119,서울특별시,11,강서구,11500,충청북도,43,56,268,44,184,366,45,387,52,661,187,291
20181119,서울특별시,11,강서구,11500,강원도,42,47,236,30,172,346,48,357,51,628,182,245
20181119,서울특별시,11,강서구,11500,경기도,41,514,2569,449,1655,3409,464,3837,635,5408,1683,2645
20181119,서울특별시,11,강서구,11500,세종특별자치시,36,17,61,7,32,88,8,87,21,119,40,64
20181119,서울특별시,11,강서구,11500,울산광역시,31,41,175,24,119,247,29,271,32,430,137,196
20181119,서울특별시,11,강서구,11500,대전광역시,30,54,281,48,209,344,51,401,47,561,166,288
20181119,서울특별시,11,성동구,11200,제주특별자치도,50,18,148,3,45,50,16,26,10,167,56,26
20181119,서울특별시,11,성동구,11200,경상남도,48,56,680,185,167,294,101,282,79,871,285,178
20181119,서울특별시,11,성동구,11200,경상북도,47,59,567,206,158,276,63,264,60,676,223,130
20181119,서울특별시,11,성동구,11200,전라남도,46,29,277,67,105,164,58,153,35,421,118,78
20181119,서울특별시,11,성동구,11200,전라북도,45,33,342,75,119,170,33,167,35,492,155,87
20181119,서울특별시,11,성동구,11200,충청남도,44,60,499,124,167,238,55,214,44,606,202,123
20181119,서울특별시,11,성동구,11200,충청북도,43,29,341,85,127,151,43,164,31,469,143,87
20181119,서울특별시,11,성동구,11200,강원도,42,38,331,92,116,150,43,149,27,406,135,70
20181119,서울특별시,11,성동구,11200,경기도,41,331,3654,847,1088,1769,383,1566,328,4531,1604,815
20181119,서울특별시,11,성동구,11200,세종특별자치시,36,5,94,19,32,35,10,43,10,112,36,25
20181119,서울특별시,11,성동구,11200,울산광역시,31,24,299,111,66,125,35,113,36,351,105,78
20181119,서울특별시,11,성동구,11200,대전광역시,30,42,343,77,109,146,39,153,26,484,172,91
20181119,서울특별시,11,성동구,11200,광주광역시,29,48,362,63,97,156,40,152,29,491,178,87
20181119,서울특별시,11,성동구,11200,인천광역시,28,74,738,191,216,336,84,280,57,899,307,196
20181119,서울특별시,11,성동구,11200,대구광역시,27,49,569,177,166,256,77,220,43,706,259,135
20181119,서울특별시,11,성동구,11200,부산광역시,26,53,720,142,223,374,88,322,48,997,358,167
20181119,서울특별시,11,성동구,11200,서울특별시,11,277,3558,542,1044,1447,284,1201,207,3882,1680,678
20181119,서울특별시,11,종로구,11110,제주특별자치도,50,13,51,11,29,26,7,21,17,70,85,16
20181119,서울특별시,11,종로구,11110,경상남도,48,87,270,62,149,218,22,45,88,474,489,52
20181119,서울특별시,11,종로구,11110,경상북도,47,73,225,46,104,152,16,51,56,341,389,33
20181119,서울특별시,11,종로구,11110,전라남도,46,40,142,33,113,92,5,31,33,226,255,25
20181119,서울특별시,11,종로구,11110,전라북도,45,47,140,38,84,106,0,39,36,211,237,26
20181119,서울특별시,11,종로구,11110,충청남도,44,80,210,30,176,157,11,42,78,289,369,38
20181119,서울특별시,11,종로구,11110,충청북도,43,53,167,39,98,93,11,33,33,228,239,26
20181119,서울특별시,11,종로구,11110,강원도,42,51,181,23,72,90,7,47,31,226,238,22
20181119,서울특별시,11,종로구,11110,경기도,41,434,1395,484,632,1057,105,398,354,2222,2345,226
20181119,서울특별시,11,종로구,11110,세종특별자치시,36,17,36,15,17,28,0,7,10,50,51,0
20181119,서울특별시,11,종로구,11110,울산광역시,31,35,92,18,59,70,10,16,42,192,186,8
20181119,서울특별시,11,종로구,11110,대전광역시,30,30,161,35,83,126,6,19,41,216,253,27
20181119,서울특별시,11,종로구,11110,광주광역시,29,34,111,32,64,100,8,16,44,269,236,38
20181119,서울특별시,11,종로구,11110,인천광역시,28,66,279,89,136,218,18,56,70,382,424,42
20181119,서울특별시,11,종로구,11110,대구광역시,27,84,212,38,103,148,15,30,51,369,375,42
20181119,서울특별시,11,종로구,11110,부산광역시,26,94,273,56,111,196,22,50,57,505,454,59
20181119,서울특별시,11,중구,11140,서울특별시,11,422,3123,483,474,2259,386,704,360,7219,1763,530
20181119,서울특별시,11,중구,11140,부산광역시,26,90,739,121,128,507,113,193,139,1779,469,160
20181119,서울특별시,11,중구,11140,대구광역시,27,68,524,95,80,325,66,117,86,1320,318,132
20181119,서울특별시,11,중구,11140,인천광역시,28,95,565,63,97,480,75,195,115,1723,410,151
20181119,서울특별시,11,중구,11140,광주광역시,29,50,319,44,57,263,46,93,57,1051,246,84
20181119,서울특별시,11,중구,11140,대전광역시,30,45,286,50,54,224,36,94,48,876,224,62
20181119,서울특별시,11,중구,11140,울산광역시,31,28,228,29,45,187,43,56,38,612,163,48
20181119,서울특별시,11,중구,11140,세종특별자치시,36,11,75,16,11,71,11,28,15,200,37,8
20181119,서울특별시,11,중구,11140,경기도,41,500,3078,390,512,2476,446,750,540,7856,1954,570
20181119,서울특별시,11,중구,11140,강원도,42,45,312,66,54,283,51,96,51,793,197,43
20181119,서울특별시,11,중구,11140,충청북도,43,72,313,40,71,230,46,104,48,816,201,51
20181119,서울특별시,11,중구,11140,충청남도,44,54,380,47,68,323,75,131,113,1106,275,63
20181119,서울특별시,11,중구,11140,전라북도,45,35,293,48,38,221,35,78,61,905,229,62
20181119,서울특별시,11,중구,11140,전라남도,46,43,321,45,51,252,46,93,72,770,190,78
20181119,서울특별시,11,중구,11140,경상북도,47,60,453,51,76,318,66,159,104,1173,294,82
20181119,서울특별시,11,중구,11140,경상남도,48,78,621,61,91,483,115,192,133,1556,362,142
20181119,서울특별시,11,중구,11140,제주특별자치도,50,23,116,34,18,84,9,30,12,300,87,16
20181119,서울특별시,11,종로구,11110,서울특별시,11,364,1128,766,492,724,57,306,203,1677,1669,267
20181119,서울특별시,11,강북구,11305,제주특별자치도,50,6,63,0,6,18,6,9,13,133,28,15
20181119,서울특별시,11,강북구,11305,경상남도,48,33,326,17,85,129,19,85,120,1020,175,131
20181119,서울특별시,11,강북구,11305,경상북도,47,21,252,13,64,90,14,48,88,811,145,102
20181119,서울특별시,11,용산구,11170,제주특별자치도,50,15,113,8,525,87,16,36,7,88,27,18
20181119,서울특별시,11,용산구,11170,경상남도,48,101,735,35,3529,519,131,169,78,536,226,133
20181119,서울특별시,11,용산구,11170,경상북도,47,85,613,30,2788,415,89,170,49,406,161,103
20181119,서울특별시,11,용산구,11170,전라남도,46,26,335,21,1642,246,66,87,25,248,112,55
20181119,서울특별시,11,용산구,11170,전라북도,45,28,395,20,1852,251,58,126,35,253,124,73
20181119,서울특별시,11,용산구,11170,충청남도,44,64,532,33,2774,401,98,143,55,361,142,79
20181119,서울특별시,11,용산구,11170,충청북도,43,38,422,19,1912,284,92,120,34,241,116,57
20181119,서울특별시,11,용산구,11170,강원도,42,54,387,13,1729,252,67,103,27,221,96,52
20181119,서울특별시,11,용산구,11170,경기도,41,468,3820,227,19128,2780,644,1158,298,2665,1189,615
20181119,서울특별시,11,용산구,11170,세종특별자치시,36,7,78,5,432,48,15,33,13,57,27,20
20181119,서울특별시,11,용산구,11170,울산광역시,31,24,242,9,1247,193,41,71,24,208,105,49
20181119,서울특별시,11,용산구,11170,대전광역시,30,33,454,19,2082,275,62,102,30,249,123,60
20181119,서울특별시,11,용산구,11170,광주광역시,29,33,399,12,1636,256,67,120,31,312,114,70
20181119,서울특별시,11,용산구,11170,인천광역시,28,68,806,44,3688,555,130,251,82,470,256,142
20181119,서울특별시,11,용산구,11170,대구광역시,27,54,549,25,2700,381,83,154,56,421,190,99
20181119,서울특별시,11,용산구,11170,부산광역시,26,89,812,42,3845,575,157,170,71,533,263,152
20181119,서울특별시,11,용산구,11170,서울특별시,11,338,3415,163,16618,2422,544,1109,250,2104,1063,540
20181119,서울특별시,11,강서구,11500,광주광역시,29,47,236,44,165,323,47,325,53,647,187,306
20181119,서울특별시,11,강서구,11500,인천광역시,28,113,609,92,330,727,97,944,118,1214,402,614
20181119,서울특별시,11,강서구,11500,대구광역시,27,77,400,66,239,559,80,509,87,839,277,419
20181119,서울특별시,11,강서구,11500,부산광역시,26,132,585,103,352,767,108,901,119,1244,410,644
20181119,서울특별시,11,강북구,11305,전라남도,46,9,150,15,45,58,16,41,56,555,82,58
20181119,서울특별시,11,강북구,11305,전라북도,45,8,181,13,30,49,12,37,63,506,103,63
20181119,서울특별시,11,서초구,11650,충청북도,43,35,644,54,174,295,27,157,54,187,137,151
20181119,서울특별시,11,서초구,11650,충청남도,44,50,439,63,246,356,33,198,39,214,160,229
20181119,서울특별시,11,강북구,11305,충청남도,44,10,224,16,52,107,18,51,92,745,154,84
20181119,서울특별시,11,강북구,11305,충청북도,43,17,140,9,36,62,7,37,64,544,97,71
20181119,서울특별시,11,강북구,11305,강원도,42,12,157,8,30,60,18,27,46,449,75,51
20181119,서울특별시,11,강북구,11305,경기도,41,118,1393,73,375,585,98,301,525,4676,1030,609
20181119,서울특별시,11,강북구,11305,세종특별자치시,36,4,39,0,10,15,0,10,22,101,18,11
20181119,서울특별시,11,강북구,11305,울산광역시,31,4,137,8,35,45,0,30,31,347,69,36
20181119,서울특별시,11,강북구,11305,대전광역시,30,17,158,7,48,60,10,33,57,471,108,65
20181119,서울특별시,11,강북구,11305,광주광역시,29,9,153,16,41,50,11,34,63,531,85,44
20181119,서울특별시,11,강북구,11305,인천광역시,28,32,329,14,89,100,19,77,85,998,210,121
20181119,서울특별시,11,강북구,11305,대구광역시,27,31,228,11,42,95,12,44,84,715,160,92
20181119,서울특별시,11,강북구,11305,부산광역시,26,26,294,14,60,121,21,74,113,1007,208,143
20181119,서울특별시,11,강북구,11305,서울특별시,11,104,1085,72,311,467,88,284,350,3078,754,457
20181119,서울특별시,11,송파구,11710,제주특별자치도,50,8,81,0,30,73,6,74,9,157,47,60
20181119,서울특별시,11,송파구,11710,경상남도,48,36,574,29,273,352,43,503,56,1140,249,401
20181119,서울특별시,11,송파구,11710,경상북도,47,31,422,24,191,347,34,318,32,793,184,299
20181119,서울특별시,11,송파구,11710,전라남도,46,7,258,16,131,188,18,231,15,525,102,177
20181119,서울특별시,11,송파구,11710,전라북도,45,17,269,7,129,200,14,243,19,611,142,199
20181119,서울특별시,11,마포구,11440,서울특별시,11,278,3206,713,1750,2938,215,3165,448,3185,2696,764
20181119,서울특별시,11,마포구,11440,부산광역시,26,78,750,139,393,732,65,888,127,683,691,194
20181119,서울특별시,11,마포구,11440,대구광역시,27,75,508,121,270,537,32,595,85,514,513,135
20181119,서울특별시,11,마포구,11440,인천광역시,28,84,770,131,407,655,48,791,121,679,660,220
20181119,서울특별시,11,마포구,11440,광주광역시,29,36,322,72,233,355,26,334,68,355,377,92
20181119,서울특별시,11,마포구,11440,대전광역시,30,29,331,65,217,376,25,479,57,369,380,92
20181119,서울특별시,11,마포구,11440,울산광역시,31,31,234,66,130,240,10,283,47,237,199,72
20181119,서울특별시,11,마포구,11440,세종특별자치시,36,6,70,12,37,76,0,82,22,86,67,23
20181119,서울특별시,11,마포구,11440,경기도,41,371,3376,687,1857,3492,247,3428,618,3427,2746,1011
20181119,서울특별시,11,마포구,11440,강원도,42,42,339,56,156,343,19,406,55,283,279,90
20181120,서울특별시,11,영등포구,11560,경기도,41,105,2366,486,2679,1239,191,1683,106,1446,531,669
20181120,서울특별시,11,영등포구,11560,울산광역시,31,7,209,23,214,108,13,108,6,83,24,52
20181120,서울특별시,11,영등포구,11560,대전광역시,30,7,234,160,320,127,21,173,6,116,38,66
20181120,서울특별시,11,영등포구,11560,광주광역시,29,12,308,26,266,116,14,185,6,102,39,75
20181120,서울특별시,11,영등포구,11560,인천광역시,28,18,539,120,656,268,35,409,24,230,96,160
20181120,서울특별시,11,영등포구,11560,대구광역시,27,18,358,51,452,170,24,275,20,197,53,95
20181120,서울특별시,11,영등포구,11560,부산광역시,26,10,556,102,598,283,48,412,17,237,134,150
20181120,서울특별시,11,영등포구,11560,서울특별시,11,83,2067,479,2446,1128,135,1525,69,1013,435,571
20181120,서울특별시,11,용산구,11170,제주특별자치도,50,6,81,9,330,35,11,15,6,60,21,9
20181120,서울특별시,11,용산구,11170,경상남도,48,50,432,20,2075,290,92,116,37,393,135,70
20181120,서울특별시,11,용산구,11170,경상북도,47,36,338,11,1602,198,72,76,41,273,81,59
20181120,서울특별시,11,용산구,11170,전라남도,46,36,195,13,882,126,38,58,23,169,63,29
20181120,서울특별시,11,용산구,11170,전라북도,45,33,254,4,1157,152,37,51,26,211,78,34
20181120,서울특별시,11,용산구,11170,충청남도,44,64,307,14,1682,214,46,79,30,281,94,48
20181120,서울특별시,11,용산구,11170,충청북도,43,37,214,8,1204,139,37,62,24,192,73,41
20181120,서울특별시,11,관악구,11620,서울특별시,11,272,1033,265,587,800,105,202,118,1068,368,678
20181120,서울특별시,11,관악구,11620,부산광역시,26,52,274,54,139,238,46,65,44,274,108,182
20181120,서울특별시,11,관악구,11620,대구광역시,27,28,198,49,118,149,32,45,30,168,52,131
20181120,서울특별시,11,관악구,11620,인천광역시,28,66,279,56,153,254,29,61,43,305,70,160
20181120,서울특별시,11,관악구,11620,광주광역시,29,21,127,20,82,85,10,23,16,111,56,82
20181120,서울특별시,11,관악구,11620,대전광역시,30,29,145,15,56,97,20,23,38,140,34,102
20181120,서울특별시,11,관악구,11620,울산광역시,31,10,77,44,58,74,11,16,25,88,39,60
20181120,서울특별시,11,관악구,11620,세종특별자치시,36,0,23,8,14,16,0,3,7,28,11,17
20181120,서울특별시,11,관악구,11620,경기도,41,254,1346,239,697,1040,173,303,198,1616,472,770
20181120,서울특별시,11,관악구,11620,강원도,42,36,115,12,71,93,13,29,18,111,47,65
20181120,서울특별시,11,관악구,11620,충청북도,43,16,175,24,81,182,18,33,68,141,55,68
20181120,서울특별시,11,관악구,11620,충청남도,44,35,207,27,104,161,19,44,45,192,59,99
20181120,서울특별시,11,관악구,11620,전라북도,45,39,146,23,72,106,14,33,31,145,56,94
20181120,서울특별시,11,관악구,11620,전라남도,46,40,113,14,71,80,12,32,19,125,49,86
20181120,서울특별시,11,관악구,11620,경상북도,47,34,192,37,105,141,17,38,33,184,61,117
20181120,서울특별시,11,관악구,11620,경상남도,48,58,324,40,135,231,31,64,55,270,102,164
20181120,서울특별시,11,관악구,11620,제주특별자치도,50,5,27,5,14,24,10,5,0,57,11,17
20181120,서울특별시,11,용산구,11170,강원도,42,27,211,12,979,126,34,69,17,170,75,18
20181120,서울특별시,11,용산구,11170,경기도,41,244,2276,183,10765,1479,407,763,234,1967,784,412
20181120,서울특별시,11,용산구,11170,세종특별자치시,36,7,45,0,252,42,6,13,8,38,12,0
20181120,서울특별시,11,용산구,11170,울산광역시,31,24,164,8,801,91,31,35,15,160,57,17
20181120,서울특별시,11,용산구,11170,대전광역시,30,28,264,12,1339,141,35,73,14,180,76,33
20181120,서울특별시,11,용산구,11170,광주광역시,29,24,201,11,1030,151,42,66,21,227,99,33
20181120,서울특별시,11,용산구,11170,인천광역시,28,64,460,28,2219,309,80,159,47,413,126,70
20181120,서울특별시,11,용산구,11170,대구광역시,27,37,343,19,1545,209,42,105,38,333,105,54
20181120,서울특별시,11,용산구,11170,부산광역시,26,51,430,28,2291,313,83,129,48,454,181,73
20181120,서울특별시,11,용산구,11170,서울특별시,11,223,2013,163,9888,1286,283,843,156,1719,677,322
20181120,서울특별시,11,동작구,11590,서울특별시,11,250,703,262,394,446,95,165,52,1054,520,573
20181120,서울특별시,11,동작구,11590,부산광역시,26,53,173,42,69,124,22,34,10,212,170,145
20181120,서울특별시,11,동작구,11590,대구광역시,27,50,108,41,70,70,19,19,10,146,117,115
20181120,서울특별시,11,동작구,11590,인천광역시,28,66,187,43,90,127,25,40,13,218,174,159
20181120,서울특별시,11,동작구,11590,광주광역시,29,42,71,30,33,54,22,21,9,96,78,78
20181120,서울특별시,11,동작구,11590,대전광역시,30,28,77,26,34,65,20,35,9,121,87,71
20181120,서울특별시,11,동작구,11590,울산광역시,31,26,46,17,34,48,17,8,5,57,65,53
20181120,서울특별시,11,동작구,11590,세종특별자치시,36,8,20,6,6,12,4,7,3,18,10,18
20181120,서울특별시,11,동작구,11590,경기도,41,309,794,221,434,544,176,161,86,1378,699,728
20181120,서울특별시,11,동작구,11590,강원도,42,39,66,23,34,56,24,24,10,82,64,57
20181120,서울특별시,11,동작구,11590,충청북도,43,26,88,28,50,49,17,25,11,121,74,70
20181120,서울특별시,11,동작구,11590,충청남도,44,55,145,28,61,99,25,30,17,138,79,98
20181120,서울특별시,11,동작구,11590,전라북도,45,31,85,21,34,57,28,20,10,113,68,57
20181120,서울특별시,11,동작구,11590,전라남도,46,23,78,16,39,57,18,14,14,73,59,63
20181120,서울특별시,11,동작구,11590,경상북도,47,54,134,32,73,86,31,33,16,145,118,98
20181120,서울특별시,11,동작구,11590,경상남도,48,64,148,46,78,117,32,39,13,198,158,164
20181120,서울특별시,11,동작구,11590,제주특별자치도,50,8,31,8,14,27,0,0,4,24,16,14
20181120,서울특별시,11,서대문구,11410,제주특별자치도,50,0,28,0,0,30,0,13,15,42,9,16
20181120,서울특별시,11,서대문구,11410,경상남도,48,5,117,22,28,490,17,149,22,268,45,134
20181120,서울특별시,11,서대문구,11410,경상북도,47,8,110,28,25,327,12,102,20,251,35,90
20181120,서울특별시,11,서대문구,11410,전라남도,46,4,65,11,16,256,4,80,13,132,28,64
20181120,서울특별시,11,서대문구,11410,전라북도,45,5,55,5,13,187,7,59,11,177,25,77
20181120,서울특별시,11,서대문구,11410,충청남도,44,8,87,8,23,289,14,123,15,198,40,91
20181120,서울특별시,11,서대문구,11410,충청북도,43,5,63,10,19,196,7,84,13,161,23,66
20181120,서울특별시,11,서대문구,11410,강원도,42,7,87,5,13,185,4,63,10,132,21,53
20181120,서울특별시,11,서대문구,11410,경기도,41,58,675,98,155,1482,93,572,118,1837,285,504
20181120,서울특별시,11,강동구,11740,서울특별시,11,426,1012,248,298,1177,85,871,81,1674,401,430
20181120,서울특별시,11,강동구,11740,부산광역시,26,96,216,54,66,328,24,195,24,510,113,107
20181120,서울특별시,11,강동구,11740,대구광역시,27,110,134,55,78,245,18,127,22,361,71,67
20181120,서울특별시,11,강동구,11740,인천광역시,28,127,236,69,87,354,33,160,30,468,82,101
20181120,서울특별시,11,강동구,11740,광주광역시,29,138,111,20,30,158,10,74,14,276,39,70
20181120,서울특별시,11,강동구,11740,대전광역시,30,36,103,21,35,204,14,86,9,239,36,55
20181120,서울특별시,11,강동구,11740,울산광역시,31,39,60,27,13,90,15,74,7,182,27,23
20181120,서울특별시,11,강동구,11740,세종특별자치시,36,12,21,5,3,28,3,16,4,56,11,11
20181120,서울특별시,11,강동구,11740,경기도,41,600,1075,255,372,1562,169,841,126,2527,456,473
20181120,서울특별시,11,강동구,11740,강원도,42,72,89,16,41,219,16,117,14,218,47,49
20181120,서울특별시,11,광진구,11215,제주특별자치도,50,7,46,5,22,18,39,13,5,54,36,13
20181120,서울특별시,11,광진구,11215,경상남도,48,60,202,22,202,174,216,79,32,311,181,92
20181120,서울특별시,11,광진구,11215,경상북도,47,32,141,7,145,142,164,58,23,223,166,69
20181120,서울특별시,11,광진구,11215,전라남도,46,17,82,18,102,74,108,35,20,188,94,48
20181120,서울특별시,11,광진구,11215,전라북도,45,19,111,15,105,70,106,52,21,184,118,50
20181120,서울특별시,11,광진구,11215,충청남도,44,46,173,12,114,122,130,69,27,216,115,61
20181120,서울특별시,11,광진구,11215,충청북도,43,28,142,14,109,100,111,39,14,206,100,45
20181120,서울특별시,11,광진구,11215,강원도,42,21,113,13,83,109,97,41,16,149,97,32
20181120,서울특별시,11,광진구,11215,경기도,41,231,1041,143,915,923,643,393,195,1759,946,505
20181120,서울특별시,11,광진구,11215,세종특별자치시,36,6,27,3,24,16,10,4,0,25,24,17
20181120,서울특별시,11,광진구,11215,울산광역시,31,15,69,7,82,65,53,26,13,97,80,40
20181120,서울특별시,11,광진구,11215,대전광역시,30,27,107,28,99,71,79,26,10,172,127,56
20181120,서울특별시,11,광진구,11215,광주광역시,29,27,91,9,101,65,81,35,14,161,121,29
20181120,서울특별시,11,광진구,11215,인천광역시,28,59,214,35,174,188,165,62,35,327,196,93
20181120,서울특별시,11,광진구,11215,대구광역시,27,36,164,15,120,119,80,66,29,268,137,85
20181120,서울특별시,11,광진구,11215,부산광역시,26,44,204,33,234,163,144,86,31,369,235,113
20181120,서울특별시,11,광진구,11215,서울특별시,11,181,925,147,815,667,491,333,115,1379,756,496
20181120,서울특별시,11,동대문구,11230,서울특별시,11,584,1959,151,650,1165,150,1644,332,4163,1038,652
20181120,서울특별시,11,동대문구,11230,부산광역시,26,136,587,33,167,353,48,530,100,1314,321,185
20181120,서울특별시,11,동대문구,11230,대구광역시,27,95,383,17,118,242,30,374,70,890,220,161
20181120,서울특별시,11,동대문구,11230,인천광역시,28,156,609,27,144,349,55,476,165,1182,269,161
20181120,서울특별시,11,동대문구,11230,광주광역시,29,63,308,14,82,162,21,216,34,707,153,90
20181120,서울특별시,11,동대문구,11230,대전광역시,30,67,308,24,81,168,29,217,55,573,138,93
20181120,서울특별시,11,동대문구,11230,울산광역시,31,40,200,10,58,125,15,167,63,482,119,86
20181120,서울특별시,11,동대문구,11230,세종특별자치시,36,20,59,7,15,45,0,45,22,142,37,24
20181120,서울특별시,11,동대문구,11230,경기도,41,686,2876,169,722,1770,245,2176,452,5551,1303,867
20181120,서울특별시,11,동대문구,11230,강원도,42,78,265,18,78,216,20,249,48,508,113,98
20181120,서울특별시,11,동대문구,11230,충청북도,43,89,297,20,72,434,25,262,71,617,135,78
20181120,서울특별시,11,동대문구,11230,충청남도,44,83,438,17,98,257,35,336,70,748,186,124
20181120,서울특별시,11,동대문구,11230,전라북도,45,63,313,27,98,195,25,234,27,684,138,93
20181120,서울특별시,11,동대문구,11230,전라남도,46,49,292,10,66,165,19,282,37,609,150,96
20181120,서울특별시,11,동대문구,11230,경상북도,47,91,497,28,113,314,43,367,85,921,208,142
20181120,서울특별시,11,동대문구,11230,경상남도,48,120,592,21,178,362,48,502,94,1321,256,199
20181120,서울특별시,11,동대문구,11230,제주특별자치도,50,33,101,6,17,73,10,44,19,195,47,36
20181120,서울특별시,11,중랑구,11260,제주특별자치도,50,19,59,6,26,71,5,13,18,221,52,25
20181120,서울특별시,11,송파구,11710,서울특별시,11,107,1876,108,691,972,91,1241,560,3584,773,1060
20181120,서울특별시,11,송파구,11710,부산광역시,26,21,422,31,162,304,51,280,46,910,244,292
20181120,서울특별시,11,송파구,11710,대구광역시,27,26,321,25,108,235,24,185,42,722,177,259
20181120,서울특별시,11,송파구,11710,인천광역시,28,42,408,22,158,404,35,329,46,908,161,286
20181120,서울특별시,11,송파구,11710,광주광역시,29,13,174,11,73,154,14,107,17,519,97,146
20181120,서울특별시,11,송파구,11710,대전광역시,30,13,248,11,81,180,14,148,31,488,71,130
20181120,서울특별시,11,송파구,11710,울산광역시,31,0,147,8,45,107,8,82,27,325,52,124
20181120,서울특별시,11,송파구,11710,세종특별자치시,36,4,51,3,15,28,0,32,12,97,24,29
20181120,서울특별시,11,송파구,11710,경기도,41,148,2044,144,828,1644,168,1460,244,4802,952,1279
20181120,서울특별시,11,송파구,11710,강원도,42,8,230,11,71,166,11,131,31,440,65,120
20181120,서울특별시,11,송파구,11710,충청북도,43,18,197,22,86,162,18,137,22,505,88,141
20181120,서울특별시,11,송파구,11710,충청남도,44,17,238,8,110,275,28,184,35,687,147,176
20181120,서울특별시,11,송파구,11710,전라북도,45,18,210,13,73,201,13,138,14,514,115,145
20181120,서울특별시,11,송파구,11710,전라남도,46,5,153,14,68,128,20,102,31,451,85,111
20181120,서울특별시,11,송파구,11710,경상북도,47,22,298,20,112,244,17,179,24,685,142,225
20181120,서울특별시,11,송파구,11710,경상남도,48,26,329,43,169,260,34,259,62,955,177,295
20181120,서울특별시,11,송파구,11710,제주특별자치도,50,0,52,0,36,37,7,33,6,134,33,39
20181120,서울특별시,11,중랑구,11260,경상남도,48,100,393,73,281,502,58,171,148,1667,394,215
20181120,서울특별시,11,중랑구,11260,경상북도,47,64,294,45,247,427,48,132,107,1281,283,162
20181120,서울특별시,11,중랑구,11260,전라남도,46,50,178,30,162,289,26,61,71,856,184,106
20181120,서울특별시,11,중랑구,11260,전라북도,45,42,213,18,131,226,27,87,59,907,215,153
20181120,서울특별시,11,중랑구,11260,충청남도,44,72,311,34,207,387,41,110,95,1157,336,166
20181120,서울특별시,11,중랑구,11260,충청북도,43,61,193,22,165,247,35,73,81,938,197,112
20181120,서울특별시,11,중랑구,11260,강원도,42,45,211,29,146,231,31,76,68,766,174,98
20181120,서울특별시,11,중랑구,11260,경기도,41,474,2365,288,1354,2216,254,763,667,7386,1830,1000
20181120,서울특별시,11,중랑구,11260,세종특별자치시,36,10,34,16,25,47,6,14,17,149,43,19
20181120,서울특별시,11,중랑구,11260,울산광역시,31,33,137,18,107,166,26,65,34,616,170,81
20181120,서울특별시,11,중랑구,11260,대전광역시,30,42,195,25,170,236,26,76,54,799,191,108
20181120,서울특별시,11,중랑구,11260,광주광역시,29,44,194,29,137,249,36,90,61,908,242,102
20181120,서울특별시,11,중랑구,11260,인천광역시,28,91,393,41,285,468,51,192,113,1569,392,225
20181120,서울특별시,11,중랑구,11260,대구광역시,27,58,334,38,204,322,31,123,86,1147,311,185
20181120,서울특별시,11,중랑구,11260,부산광역시,26,96,384,49,282,522,49,182,147,1521,451,247
20181120,서울특별시,11,중랑구,11260,서울특별시,11,349,1559,240,1075,1554,184,620,375,4929,1310,803
20181120,서울특별시,11,강동구,11740,충청북도,43,72,76,24,34,175,13,82,8,261,48,54
20181120,서울특별시,11,강동구,11740,충청남도,44,91,149,37,57,259,29,118,20,330,53,68
20181120,서울특별시,11,강동구,11740,전라북도,45,49,99,33,34,199,19,64,12,260,44,56
20181120,서울특별시,11,강동구,11740,전라남도,46,89,80,27,31,171,13,71,16,254,39,51
20181120,서울특별시,11,강동구,11740,경상북도,47,76,154,34,68,251,30,126,17,341,55,63
20181120,서울특별시,11,강동구,11740,경상남도,48,111,183,54,79,342,30,156,15,582,68,96
20181120,서울특별시,11,강동구,11740,제주특별자치도,50,19,21,7,12,49,4,16,0,88,12,23
20181120,서울특별시,11,양천구,11470,제주특별자치도,50,17,22,3,30,43,7,8,5,29,17,27
20181120,서울특별시,11,양천구,11470,경상남도,48,82,189,14,134,245,76,140,83,212,128,137
20181120,서울특별시,11,양천구,11470,경상북도,47,58,139,21,134,206,36,114,76,136,74,134
20181120,서울특별시,11,양천구,11470,전라남도,46,38,78,20,89,139,33,51,49,92,38,88
20181120,서울특별시,11,양천구,11470,전라북도,45,37,96,13,73,117,23,60,36,108,57,104
20181120,서울특별시,11,양천구,11470,충청남도,44,81,112,19,135,205,53,84,68,121,75,109
20181120,서울특별시,11,양천구,11470,충청북도,43,60,82,11,89,149,34,55,47,132,85,76
20181120,서울특별시,11,양천구,11470,강원도,42,42,99,8,83,168,25,44,40,73,58,79
20181120,서울특별시,11,양천구,11470,경기도,41,424,959,121,832,1289,289,627,405,1271,638,806
20181120,서울특별시,11,양천구,11470,세종특별자치시,36,12,41,0,16,21,8,16,17,16,15,22
20181120,서울특별시,11,양천구,11470,울산광역시,31,26,60,4,57,94,28,37,37,71,45,34
20181120,서울특별시,11,양천구,11470,대전광역시,30,38,87,13,102,143,26,54,45,89,52,73
20181120,서울특별시,11,양천구,11470,광주광역시,29,47,93,10,70,150,25,52,41,96,63,77
20181120,서울특별시,11,양천구,11470,인천광역시,28,76,174,22,148,264,61,123,89,188,134,158
20181120,서울특별시,11,양천구,11470,대구광역시,27,48,122,11,134,209,36,127,73,158,96,110
20181120,서울특별시,11,양천구,11470,부산광역시,26,92,182,35,162,265,56,114,88,199,149,154
20181120,서울특별시,11,양천구,11470,서울특별시,11,334,841,110,726,920,204,471,249,845,498,634
20181120,서울특별시,11,서대문구,11410,세종특별자치시,36,0,11,0,0,31,4,9,3,34,9,12
20181120,서울특별시,11,서대문구,11410,울산광역시,31,4,47,19,6,151,8,58,12,91,15,41
20181120,서울특별시,11,서대문구,11410,대전광역시,30,6,61,3,20,150,10,56,7,180,24,58
20181120,서울특별시,11,서대문구,11410,광주광역시,29,4,53,3,14,231,7,70,18,186,27,75
20181120,서울특별시,11,서대문구,11410,인천광역시,28,6,123,85,29,332,19,132,25,347,52,132
20181120,서울특별시,11,서대문구,11410,대구광역시,27,8,74,6,17,194,0,91,15,248,58,62
20181120,서울특별시,11,서대문구,11410,부산광역시,26,13,136,13,20,454,17,183,27,324,72,128
20181120,서울특별시,11,서대문구,11410,서울특별시,11,39,724,104,133,1028,50,383,83,1534,245,368
20181120,서울특별시,11,강남구,11680,제주특별자치도,50,21,110,6,44,61,6,27,22,182,74,95
20181120,서울특별시,11,강남구,11680,경상남도,48,183,569,31,245,367,55,262,55,938,270,564
20181120,서울특별시,11,강남구,11680,경상북도,47,96,381,28,196,316,42,190,46,664,207,422
20181120,서울특별시,11,강남구,11680,전라남도,46,92,252,20,126,172,24,114,31,395,123,289
20181120,서울특별시,11,강남구,11680,전라북도,45,96,248,19,108,224,32,111,31,540,144,275
20181120,서울특별시,11,강남구,11680,충청남도,44,82,327,25,203,264,28,176,45,654,205,341
20181120,서울특별시,11,강남구,11680,충청북도,43,56,280,32,157,195,32,97,31,494,151,271
20181120,서울특별시,11,강남구,11680,강원도,42,72,222,18,127,172,27,124,26,436,144,290
20181120,서울특별시,11,강남구,11680,경기도,41,769,3100,263,1400,1999,252,1310,325,5721,1570,2810
20181120,서울특별시,11,강남구,11680,세종특별자치시,36,9,70,0,18,55,0,28,6,132,44,61
20181120,서울특별시,11,강남구,11680,울산광역시,31,110,234,4,106,143,13,84,29,399,122,258
20181120,서울특별시,11,강남구,11680,대전광역시,30,20,297,37,166,213,32,138,46,574,160,275
20181120,서울특별시,11,강남구,11680,광주광역시,29,28,277,12,127,212,17,109,36,511,153,348
20181120,서울특별시,11,강남구,11680,인천광역시,28,182,606,55,329,412,31,228,46,962,277,592
20181120,서울특별시,11,강남구,11680,대구광역시,27,56,492,32,205,330,26,198,52,965,245,443
20181120,서울특별시,11,강남구,11680,부산광역시,26,256,753,39,251,410,33,285,61,1167,362,706
20181120,서울특별시,11,강남구,11680,서울특별시,11,785,3551,250,1307,1817,228,1093,242,5313,1448,2779
20181120,서울특별시,11,중구,11140,제주특별자치도,50,19,75,30,21,60,9,31,7,200,42,16
20181120,서울특별시,11,중구,11140,경상남도,48,63,600,96,73,475,59,143,72,1129,325,117
20181120,서울특별시,11,중구,11140,경상북도,47,58,434,54,54,353,58,144,36,874,253,74
20181120,서울특별시,11,중구,11140,전라남도,46,44,355,57,34,217,30,82,29,577,143,51
20181120,서울특별시,11,중구,11140,전라북도,45,33,326,62,50,220,46,80,21,602,179,37
20181120,서울특별시,11,중구,11140,충청남도,44,54,426,51,61,313,35,111,42,797,239,48
20181120,서울특별시,11,중구,11140,충청북도,43,55,317,55,46,293,29,96,26,584,168,54
20181120,서울특별시,11,중구,11140,강원도,42,52,311,36,40,199,42,73,27,513,152,44
20181120,서울특별시,11,중구,11140,경기도,41,418,2862,430,513,2370,296,738,244,5398,1617,492
20181120,서울특별시,11,중구,11140,세종특별자치시,36,13,60,5,11,62,12,21,5,139,43,9
20181120,서울특별시,11,중구,11140,울산광역시,31,18,246,20,31,155,28,66,6,412,113,42
20181120,서울특별시,11,중구,11140,대전광역시,30,27,304,48,52,232,24,71,23,613,152,56
20181120,서울특별시,11,중구,11140,광주광역시,29,20,368,53,50,191,40,79,33,708,181,84
20181120,서울특별시,11,중구,11140,인천광역시,28,94,551,72,93,467,51,176,51,1153,365,98
20181120,서울특별시,11,중구,11140,대구광역시,27,44,507,85,62,285,37,103,31,909,265,86
20181120,서울특별시,11,중구,11140,부산광역시,26,96,755,129,119,481,61,162,54,1233,365,134
20181120,서울특별시,11,중구,11140,서울특별시,11,384,3382,404,855,1976,282,572,146,4918,1493,484
20181120,서울특별시,11,마포구,11440,제주특별자치도,50,5,91,35,38,50,0,30,8,148,57,30
20181120,서울특별시,11,마포구,11440,경상남도,48,42,494,170,237,376,23,533,68,627,391,128
20181120,서울특별시,11,마포구,11440,경상북도,47,37,355,99,206,294,23,503,46,460,325,80
20181120,서울특별시,11,마포구,11440,전라남도,46,19,210,65,106,152,11,299,38,320,154,58
20181120,서울특별시,11,마포구,11440,전라북도,45,24,241,84,129,165,14,302,25,314,212,50
20181120,서울특별시,11,마포구,11440,충청남도,44,33,300,99,175,254,14,410,40,438,272,71
20181120,서울특별시,11,마포구,11440,충청북도,43,17,295,98,169,208,14,299,22,342,217,54
20181120,서울특별시,11,마포구,11440,강원도,42,23,232,84,123,146,16,263,23,282,186,54
20181120,서울특별시,11,마포구,11440,경기도,41,225,2462,875,1464,1806,131,2772,244,3108,1852,637
20181120,서울특별시,11,마포구,11440,세종특별자치시,36,7,64,22,28,36,3,60,10,56,43,10
20181120,서울특별시,11,마포구,11440,울산광역시,31,16,173,67,80,136,11,193,17,221,135,60
20181120,서울특별시,11,마포구,11440,대전광역시,30,26,232,92,149,205,15,357,24,353,222,60
20181120,서울특별시,11,마포구,11440,광주광역시,29,15,270,77,144,164,9,268,28,317,234,50
20181120,서울특별시,11,마포구,11440,인천광역시,28,47,522,161,354,374,26,636,58,589,422,125
20181120,서울특별시,11,마포구,11440,대구광역시,27,30,372,148,200,320,23,409,45,456,365,81
20181120,서울특별시,11,마포구,11440,부산광역시,26,41,569,159,286,394,24,691,44,634,485,109
20181120,서울특별시,11,마포구,11440,서울특별시,11,161,2389,763,1298,1849,122,2574,184,2645,1840,503
20181120,서울특별시,11,강북구,11305,서울특별시,11,49,694,51,231,311,33,140,207,2163,775,443
20181120,서울특별시,11,강북구,11305,부산광역시,26,10,198,19,62,74,16,36,64,654,239,126
20181120,서울특별시,11,강북구,11305,대구광역시,27,12,126,7,29,52,13,29,49,447,176,96
20181120,서울특별시,11,강북구,11305,인천광역시,28,11,203,12,58,85,6,29,59,653,219,134
20181120,서울특별시,11,강북구,11305,광주광역시,29,7,85,7,26,32,4,49,29,349,95,54
20181120,서울특별시,11,강북구,11305,대전광역시,30,5,83,7,19,50,4,11,22,325,103,61
20181120,서울특별시,11,강북구,11305,울산광역시,31,3,72,3,21,25,5,16,30,274,75,20
20181120,서울특별시,11,강북구,11305,세종특별자치시,36,0,26,0,0,10,0,0,15,61,21,14
20181120,서울특별시,11,강북구,11305,경기도,41,64,955,58,253,387,73,145,344,3252,934,584
20181120,서울특별시,11,강북구,11305,강원도,42,7,90,4,25,47,4,16,17,295,112,38
20181120,서울특별시,11,강북구,11305,충청북도,43,7,108,11,22,50,6,23,32,360,112,51
20181120,서울특별시,11,강북구,11305,충청남도,44,14,146,8,34,47,10,28,62,470,126,76
20181120,서울특별시,11,강북구,11305,전라북도,45,12,101,9,28,41,5,17,34,399,114,56
20181120,서울특별시,11,강북구,11305,전라남도,46,5,104,7,26,33,5,23,30,346,99,43
20181120,서울특별시,11,강북구,11305,경상북도,47,14,156,21,35,66,9,28,46,509,145,74
20181120,서울특별시,11,강북구,11305,경상남도,48,10,194,4,51,83,17,50,67,700,207,106
20181120,서울특별시,11,강북구,11305,제주특별자치도,50,0,30,3,3,10,3,6,3,84,34,10
20181120,서울특별시,11,금천구,11545,제주특별자치도,50,21,87,17,62,81,20,22,18,229,66,107
20181120,서울특별시,11,금천구,11545,경상남도,48,149,483,99,456,679,67,189,70,860,350,693
20181120,서울특별시,11,금천구,11545,경상북도,47,81,383,94,354,465,55,123,61,672,277,453
20181120,서울특별시,11,금천구,11545,전라남도,46,79,243,103,246,296,32,103,40,474,182,306
20181120,서울특별시,11,금천구,11545,전라북도,45,75,279,83,253,344,48,83,27,497,207,325
20181120,서울특별시,11,금천구,11545,충청남도,44,97,383,79,404,506,45,132,60,544,264,873
20181120,서울특별시,11,금천구,11545,충청북도,43,78,243,62,230,380,34,92,42,399,200,282
20181120,서울특별시,11,금천구,11545,강원도,42,73,274,89,275,300,26,80,33,429,197,299
20181120,서울특별시,11,금천구,11545,경기도,41,769,2549,1041,2347,3185,331,924,432,3924,1880,2758
20181120,서울특별시,11,금천구,11545,세종특별자치시,36,19,56,17,61,106,9,20,12,122,52,64
20181120,서울특별시,11,금천구,11545,울산광역시,31,53,169,61,184,238,22,61,32,313,137,234
20181120,서울특별시,11,금천구,11545,대전광역시,30,73,263,107,227,373,27,80,44,455,223,296
20181120,서울특별시,11,금천구,11545,광주광역시,29,72,271,160,261,340,49,80,49,525,220,320
20181120,서울특별시,11,금천구,11545,인천광역시,28,195,542,151,524,729,63,194,83,731,402,586
20181120,서울특별시,11,금천구,11545,대구광역시,27,91,386,91,282,433,66,141,58,688,295,697
20181120,서울특별시,11,금천구,11545,부산광역시,26,129,502,108,540,671,81,235,76,871,452,660
20181120,서울특별시,11,금천구,11545,서울특별시,11,656,2232,671,1932,2571,252,796,290,3481,1668,2305
20181120,서울특별시,11,노원구,11350,제주특별자치도,50,5,19,0,0,13,0,9,0,58,16,6
20181120,서울특별시,11,노원구,11350,경상남도,48,29,207,9,34,142,28,76,41,407,100,98
20181120,서울특별시,11,노원구,11350,경상북도,47,27,117,5,41,87,9,48,23,294,57,60
20181120,서울특별시,11,노원구,11350,전라남도,46,12,93,5,18,58,10,28,13,212,46,46
20181120,서울특별시,11,노원구,11350,전라북도,45,16,118,11,16,57,4,33,8,287,48,34
20181120,서울특별시,11,노원구,11350,충청남도,44,22,145,4,30,83,15,52,28,364,62,73
20181120,서울특별시,11,노원구,11350,충청북도,43,16,115,5,25,71,7,31,15,259,54,48
20181120,서울특별시,11,노원구,11350,강원도,42,11,85,0,21,67,6,33,16,218,29,36
20181120,서울특별시,11,노원구,11350,경기도,41,143,971,78,489,769,109,322,148,2604,453,376
20181120,서울특별시,11,노원구,11350,세종특별자치시,36,0,28,0,9,14,0,10,5,54,4,9
20181120,서울특별시,11,노원구,11350,울산광역시,31,11,64,0,7,39,8,31,11,144,37,40
20181120,서울특별시,11,노원구,11350,대전광역시,30,12,130,5,20,38,8,21,14,253,43,27
20181120,서울특별시,11,노원구,11350,광주광역시,29,14,90,5,21,66,7,28,13,251,53,47
20181120,서울특별시,11,노원구,11350,인천광역시,28,29,223,24,53,128,20,63,37,457,76,71
20181120,서울특별시,11,노원구,11350,대구광역시,27,19,147,7,21,103,14,29,21,319,75,58
20181120,서울특별시,11,노원구,11350,부산광역시,26,34,249,8,31,115,14,82,39,444,124,119
20181120,서울특별시,11,노원구,11350,서울특별시,11,119,872,69,356,550,62,329,106,1973,346,262
20181120,서울특별시,11,서초구,11650,제주특별자치도,50,11,63,9,32,54,7,45,8,65,35,37
20181120,서울특별시,11,서초구,11650,경상남도,48,51,345,61,171,390,40,230,51,261,178,174
20181120,서울특별시,11,서초구,11650,경상북도,47,37,505,42,138,320,27,174,38,184,158,138
20181120,서울특별시,11,서초구,11650,전라남도,46,37,292,30,102,186,27,106,17,117,84,88
20181120,서울특별시,11,서초구,11650,전라북도,45,21,193,332,75,180,17,100,19,147,129,74
20181120,서울특별시,11,서초구,11650,충청남도,44,47,274,38,134,236,32,151,36,166,132,114
20181120,서울특별시,11,서초구,11650,충청북도,43,32,204,233,95,186,21,111,30,136,110,77
20181120,서울특별시,11,서초구,11650,강원도,42,22,206,43,93,230,23,107,29,80,100,65
20181120,서울특별시,11,서초구,11650,경기도,41,321,2588,480,980,1720,210,1176,302,1843,1065,789
20181120,서울특별시,11,서초구,11650,세종특별자치시,36,6,79,20,23,36,3,23,6,35,14,20
20181120,서울특별시,11,서초구,11650,울산광역시,31,19,108,18,75,167,14,88,20,105,69,62
20181120,서울특별시,11,서초구,11650,대전광역시,30,34,198,47,112,158,13,105,36,157,113,82
20181120,서울특별시,11,서초구,11650,광주광역시,29,17,436,43,87,182,14,122,21,154,136,80
20181120,서울특별시,11,서초구,11650,인천광역시,28,66,449,90,203,325,23,226,54,281,227,178
20181120,서울특별시,11,서초구,11650,대구광역시,27,43,909,67,127,259,22,183,27,225,156,149
20181120,서울특별시,11,서초구,11650,부산광역시,26,52,482,116,175,387,49,290,43,318,221,175
20181120,서울특별시,11,서초구,11650,서울특별시,11,265,2549,465,829,1442,169,1528,190,1397,975,697
20181120,서울특별시,11,도봉구,11320,서울특별시,11,143,2387,146,1529,652,107,688,147,1261,918,911
20181120,서울특별시,11,도봉구,11320,부산광역시,26,30,506,33,340,155,25,192,38,390,288,289
20181120,서울특별시,11,도봉구,11320,대구광역시,27,17,379,24,228,112,18,136,35,305,219,224
20181120,서울특별시,11,도봉구,11320,인천광역시,28,32,546,25,324,162,22,189,42,404,328,269
20181120,서울특별시,11,도봉구,11320,광주광역시,29,16,242,12,146,76,10,83,18,216,156,124
20181120,서울특별시,11,도봉구,11320,대전광역시,30,13,239,16,156,78,12,80,21,180,124,143
20181120,서울특별시,11,도봉구,11320,울산광역시,31,11,160,6,117,62,7,57,11,179,110,99
20181120,서울특별시,11,도봉구,11320,세종특별자치시,36,0,57,0,34,17,3,10,8,36,29,30
20181120,서울특별시,11,도봉구,11320,경기도,41,145,2486,133,1607,894,145,901,215,2118,1269,1225
20181120,서울특별시,11,도봉구,11320,강원도,42,18,258,12,140,74,14,86,20,175,117,125
20181120,서울특별시,11,도봉구,11320,충청북도,43,11,262,15,169,77,6,92,19,212,140,144
20181120,서울특별시,11,도봉구,11320,충청남도,44,24,332,19,238,112,12,110,34,303,208,191
20181120,서울특별시,11,도봉구,11320,전라북도,45,19,245,13,127,71,10,100,25,207,137,149
20181120,서울특별시,11,도봉구,11320,전라남도,46,11,204,21,123,68,14,76,20,186,141,140
20181120,서울특별시,11,도봉구,11320,경상북도,47,18,345,15,233,129,26,157,29,276,228,267
20181120,서울특별시,11,도봉구,11320,경상남도,48,26,448,21,309,148,34,184,53,420,302,297
20181120,서울특별시,11,도봉구,11320,제주특별자치도,50,5,93,3,26,41,5,20,11,68,38,28
20181120,서울특별시,11,성동구,11200,서울특별시,11,148,3539,782,712,921,206,951,187,2950,2395,458
20181120,서울특별시,11,성동구,11200,부산광역시,26,32,772,269,171,229,76,248,44,770,683,109
20181120,서울특별시,11,성동구,11200,대구광역시,27,26,551,287,121,148,52,176,36,522,457,66
20181120,서울특별시,11,성동구,11200,인천광역시,28,35,783,218,138,238,57,185,61,721,571,105
20181120,서울특별시,11,성동구,11200,광주광역시,29,19,417,188,75,96,40,114,34,373,290,38
20181120,서울특별시,11,성동구,11200,대전광역시,30,15,330,112,82,105,39,106,29,325,258,45
20181120,서울특별시,11,성동구,11200,울산광역시,31,15,289,171,43,75,21,94,32,245,207,25
20181120,서울특별시,11,성동구,11200,세종특별자치시,36,5,100,46,17,22,4,28,7,78,77,3
20181120,서울특별시,11,성동구,11200,경기도,41,163,3611,1143,764,1125,295,979,266,3606,2762,513
20181120,서울특별시,11,성동구,11200,강원도,42,17,324,94,66,103,32,111,23,288,227,34
20181120,서울특별시,11,성동구,11200,충청북도,43,14,321,81,86,96,40,108,22,348,232,51
20181120,서울특별시,11,성동구,11200,충청남도,44,29,451,167,97,163,39,157,34,500,320,67
20181120,서울특별시,11,성동구,11200,전라북도,45,33,313,118,67,120,42,114,26,407,226,55
20181120,서울특별시,11,성동구,11200,전라남도,46,17,312,146,49,87,22,122,24,320,229,38
20181120,서울특별시,11,성동구,11200,경상북도,47,23,527,317,93,188,59,182,56,470,400,74
20181120,서울특별시,11,성동구,11200,경상남도,48,36,737,405,131,196,73,228,52,685,541,107
20181120,서울특별시,11,성동구,11200,제주특별자치도,50,10,107,10,19,40,16,35,0,96,106,9
20181120,서울특별시,11,종로구,11110,서울특별시,11,175,1151,272,293,542,38,223,126,1268,1041,162
20181120,서울특별시,11,종로구,11110,부산광역시,26,36,247,61,76,137,18,35,37,481,291,37
20181120,서울특별시,11,종로구,11110,대구광역시,27,36,166,29,45,111,5,25,29,328,198,30
20181120,서울특별시,11,종로구,11110,인천광역시,28,34,250,49,70,132,7,41,46,274,263,31
20181120,서울특별시,11,종로구,11110,광주광역시,29,24,126,15,38,53,7,15,23,228,174,14
20181120,서울특별시,11,종로구,11110,대전광역시,30,23,129,23,39,74,7,15,25,170,148,23
20181120,서울특별시,11,종로구,11110,울산광역시,31,19,60,19,19,54,0,10,14,154,93,12
20181120,서울특별시,11,종로구,11110,세종특별자치시,36,9,26,3,10,15,0,6,13,42,43,9
20181120,서울특별시,11,종로구,11110,경기도,41,247,1162,251,353,659,59,315,212,1894,1386,157
20181120,서울특별시,11,종로구,11110,강원도,42,25,102,21,33,62,0,25,34,169,157,15
20181120,서울특별시,11,종로구,11110,충청북도,43,26,130,24,42,62,3,30,21,191,163,14
20181120,서울특별시,11,종로구,11110,충청남도,44,28,162,24,56,100,9,30,23,301,198,24
20181120,서울특별시,11,종로구,11110,전라북도,45,17,101,19,32,70,11,34,37,194,153,10
20181120,서울특별시,11,종로구,11110,전라남도,46,26,92,21,27,44,8,25,34,248,151,15
20181120,서울특별시,11,종로구,11110,경상북도,47,37,152,33,53,95,14,37,28,362,240,18
20181120,서울특별시,11,종로구,11110,경상남도,48,49,192,36,64,143,9,31,47,498,295,31
20181120,서울특별시,11,종로구,11110,제주특별자치도,50,4,33,5,10,32,3,9,18,60,41,3
20181120,서울특별시,11,강서구,11500,서울특별시,11,340,1712,276,1110,1768,180,1623,268,3057,1293,1040
20181120,서울특별시,11,강서구,11500,부산광역시,26,74,432,76,235,466,64,442,63,918,467,297
20181120,서울특별시,11,강서구,11500,대구광역시,27,66,350,57,182,342,33,349,46,624,307,224
20181120,서울특별시,11,강서구,11500,인천광역시,28,90,375,68,261,433,48,413,65,906,375,296
20181120,서울특별시,11,강서구,11500,광주광역시,29,42,173,40,101,257,29,197,28,486,207,151
20181120,서울특별시,11,강서구,11500,대전광역시,30,29,221,36,123,238,39,212,25,412,173,125
20181120,서울특별시,11,강서구,11500,울산광역시,31,39,135,26,78,166,22,188,18,341,143,107
20181120,서울특별시,11,강서구,11500,세종특별자치시,36,11,38,12,26,65,3,46,8,95,44,31
20181120,서울특별시,11,강서구,11500,경기도,41,382,2076,348,1210,2035,283,1872,324,4373,1795,1355
20181120,서울특별시,11,강서구,11500,강원도,42,36,204,39,97,258,24,196,40,468,192,128
20181120,서울특별시,11,강서구,11500,충청북도,43,40,214,40,135,235,36,229,40,556,180,146
20181120,서울특별시,11,강서구,11500,충청남도,44,49,297,35,182,391,39,290,64,607,280,218
20181120,서울특별시,11,강서구,11500,전라북도,45,32,231,40,123,243,24,233,32,511,183,150
20181120,서울특별시,11,강서구,11500,전라남도,46,35,140,21,110,241,30,216,33,486,167,156
20181120,서울특별시,11,강서구,11500,경상북도,47,66,290,42,173,353,33,344,44,687,304,216
20181120,서울특별시,11,강서구,11500,경상남도,48,65,313,54,213,447,58,459,63,974,421,306
20181120,서울특별시,11,강서구,11500,제주특별자치도,50,10,83,6,32,64,9,32,13,163,53,32
20181120,서울특별시,11,성북구,11290,제주특별자치도,50,17,148,24,51,80,19,38,23,787,251,76
20181120,서울특별시,11,성북구,11290,경상남도,48,70,790,70,393,574,151,230,221,4345,1542,559
20181120,서울특별시,11,성북구,11290,경상북도,47,47,584,70,274,450,91,179,130,3178,1081,419
20181120,서울특별시,11,성북구,11290,전라남도,46,48,356,34,184,280,67,123,84,2124,755,261
20181120,서울특별시,11,성북구,11290,전라북도,45,30,391,40,174,276,81,112,65,2434,726,253
20181120,서울특별시,11,성북구,11290,충청남도,44,55,517,53,285,433,97,174,127,3057,1108,324
20181120,서울특별시,11,성북구,11290,충청북도,43,38,379,56,170,294,59,132,74,2136,711,258
20181120,서울특별시,11,성북구,11290,강원도,42,29,360,31,171,266,52,107,65,2053,730,210
20181120,서울특별시,11,성북구,11290,경기도,41,362,3620,399,1829,2744,605,1258,847,19455,6796,2323
20181120,서울특별시,11,성북구,11290,세종특별자치시,36,5,87,12,41,73,17,23,20,490,163,55
20181120,서울특별시,11,성북구,11290,울산광역시,31,29,256,34,130,200,50,82,73,1651,541,201
20181120,서울특별시,11,성북구,11290,대전광역시,30,25,378,53,206,268,42,140,91,2127,763,261
20181120,서울특별시,11,성북구,11290,광주광역시,29,29,441,41,193,340,48,108,64,2423,891,239
20181120,서울특별시,11,성북구,11290,인천광역시,28,74,859,71,394,567,88,243,191,4189,1563,491
20181120,서울특별시,11,성북구,11290,대구광역시,27,48,576,95,255,432,80,182,131,3339,1133,370
20181120,서울특별시,11,성북구,11290,부산광역시,26,77,792,109,329,629,129,282,211,4181,1513,531
20181120,서울특별시,11,성북구,11290,서울특별시,11,250,2986,557,1475,2167,461,1029,692,14583,5584,1814
20181120,서울특별시,11,은평구,11380,서울특별시,11,198,1137,148,385,827,155,317,92,1352,438,596
20181120,서울특별시,11,은평구,11380,부산광역시,26,35,284,39,62,222,59,85,29,401,159,167
20181120,서울특별시,11,은평구,11380,대구광역시,27,30,219,36,52,149,39,47,17,255,70,116
20181120,서울특별시,11,은평구,11380,인천광역시,28,34,287,33,78,202,39,78,37,406,158,155
20181120,서울특별시,11,은평구,11380,광주광역시,29,22,120,16,24,88,20,25,14,181,51,86
20181120,서울특별시,11,은평구,11380,대전광역시,30,23,118,13,31,100,19,37,10,181,70,74
20181120,서울특별시,11,은평구,11380,울산광역시,31,12,108,11,20,71,34,13,9,131,33,48
20181120,서울특별시,11,은평구,11380,세종특별자치시,36,4,25,15,7,20,6,11,5,39,10,12
20181120,서울특별시,11,은평구,11380,경기도,41,259,1259,199,395,982,220,382,156,2152,676,642
20181120,서울특별시,11,은평구,11380,강원도,42,21,105,21,32,99,25,38,11,177,83,96
20181120,서울특별시,11,은평구,11380,충청북도,43,27,146,42,50,104,34,35,15,226,77,70
20181120,서울특별시,11,은평구,11380,충청남도,44,38,206,24,48,125,36,59,25,314,94,92
20181120,서울특별시,11,은평구,11380,전라북도,45,17,129,26,31,104,33,44,12,211,81,87
20181120,서울특별시,11,은평구,11380,전라남도,46,18,114,31,28,85,16,38,9,187,77,65
20181120,서울특별시,11,은평구,11380,경상북도,47,38,210,34,49,120,34,57,26,291,106,88
20181120,서울특별시,11,은평구,11380,경상남도,48,41,280,45,68,200,48,72,27,420,136,131
20181120,서울특별시,11,은평구,11380,제주특별자치도,50,6,24,0,10,22,16,11,4,45,22,8
20181120,서울특별시,11,구로구,11530,제주특별자치도,50,10,64,8,27,60,3,42,3,67,20,24
20181120,서울특별시,11,구로구,11530,경상남도,48,74,326,28,193,409,50,297,40,596,136,217
20181120,서울특별시,11,구로구,11530,경상북도,47,49,297,41,142,289,42,237,26,443,111,170
20181120,서울특별시,11,구로구,11530,전라남도,46,28,178,16,95,172,26,135,15,283,53,89
20181120,서울특별시,11,구로구,11530,전라북도,45,23,177,19,92,177,38,127,15,317,66,105
20181120,서울특별시,11,구로구,11530,충청남도,44,49,232,18,129,263,46,217,20,396,80,131
20181120,서울특별시,11,구로구,11530,충청북도,43,54,196,16,115,222,29,179,14,309,67,107
20181120,서울특별시,11,구로구,11530,강원도,42,24,190,21,83,195,24,155,11,268,52,95
20181120,서울특별시,11,구로구,11530,경기도,41,254,1918,225,973,1917,237,1226,209,2766,607,943
20181120,서울특별시,11,구로구,11530,세종특별자치시,36,7,35,4,39,43,4,39,0,62,17,21
20181120,서울특별시,11,구로구,11530,울산광역시,31,19,121,20,53,134,21,105,6,221,52,71
20181120,서울특별시,11,구로구,11530,대전광역시,30,27,174,15,111,221,19,148,21,239,90,106
20181120,서울특별시,11,구로구,11530,광주광역시,29,28,187,19,98,182,26,123,20,318,62,101
20181120,서울특별시,11,구로구,11530,인천광역시,28,68,357,30,214,383,36,274,38,580,139,186
20181120,서울특별시,11,구로구,11530,대구광역시,27,61,285,35,180,273,32,203,25,412,83,185
20181120,서울특별시,11,구로구,11530,부산광역시,26,53,349,40,239,373,44,337,30,536,139,226
20181120,서울특별시,11,구로구,11530,서울특별시,11,210,1543,146,856,1487,167,958,122,2099,514,747
20181120,서울특별시,11,영등포구,11560,제주특별자치도,50,0,474,20,74,27,4,47,0,48,10,17
20181120,서울특별시,11,영등포구,11560,경상남도,48,9,517,86,594,329,42,389,25,199,80,160
20181120,서울특별시,11,영등포구,11560,경상북도,47,11,375,46,449,227,23,296,15,169,66,114
20181120,서울특별시,11,영등포구,11560,전라남도,46,7,306,26,287,106,17,187,8,121,46,62
20181120,서울특별시,11,영등포구,11560,전라북도,45,7,283,57,278,141,21,213,17,127,50,71
20181120,서울특별시,11,영등포구,11560,충청남도,44,8,340,75,446,202,19,196,15,169,76,102
20181120,서울특별시,11,영등포구,11560,충청북도,43,12,247,48,278,136,22,202,15,109,48,92
20181120,서울특별시,11,영등포구,11560,강원도,42,12,245,51,259,175,15,185,9,92,49,68
20181120,서울특별시,11,영등포구,11560,세종특별자치시,36,0,55,26,71,28,5,39,8,24,7,11
20181121,서울특별시,11,서대문구,11410,제주특별자치도,50,0,17,0,0,29,0,11,0,49,3,10
20181121,서울특별시,11,노원구,11350,충청북도,43,13,90,6,30,51,10,31,21,188,60,41
20181121,서울특별시,11,노원구,11350,강원도,42,10,88,5,12,63,5,18,13,130,38,35
20181121,서울특별시,11,노원구,11350,경기도,41,151,936,67,354,600,101,355,135,1888,520,293
20181121,서울특별시,11,노원구,11350,세종특별자치시,36,8,34,0,4,10,0,5,0,37,9,3
20181121,서울특별시,11,노원구,11350,울산광역시,31,11,72,0,5,35,7,9,6,127,40,16
20181121,서울특별시,11,노원구,11350,대전광역시,30,17,106,7,20,65,6,23,12,198,51,32
20181121,서울특별시,11,노원구,11350,광주광역시,29,14,94,5,20,41,5,21,13,183,66,20
20181121,서울특별시,11,노원구,11350,인천광역시,28,35,251,16,42,108,25,73,23,344,105,70
20181121,서울특별시,11,노원구,11350,대구광역시,27,25,153,11,31,63,15,36,14,265,70,41
20181121,서울특별시,11,노원구,11350,부산광역시,26,35,182,10,37,101,13,51,21,334,130,63
20181121,서울특별시,11,노원구,11350,서울특별시,11,129,855,63,286,511,74,404,110,1445,403,255
20181121,서울특별시,11,영등포구,11560,충청북도,43,11,196,35,278,187,14,151,12,182,85,95
20181121,서울특별시,11,영등포구,11560,충청남도,44,22,329,38,369,236,20,213,22,186,100,127
20181121,서울특별시,11,영등포구,11560,전라북도,45,8,215,40,268,167,14,135,11,145,86,86
20181121,서울특별시,11,영등포구,11560,전라남도,46,7,200,19,238,128,9,152,8,129,75,95
20181121,서울특별시,11,영등포구,11560,경상북도,47,17,304,73,381,216,21,280,17,203,115,147
20181121,서울특별시,11,영등포구,11560,경상남도,48,30,440,60,510,255,32,341,18,283,132,157
20181121,서울특별시,11,영등포구,11560,제주특별자치도,50,4,67,11,71,38,9,51,0,32,18,21
20181121,서울특별시,11,광진구,11215,제주특별자치도,50,6,30,0,21,21,19,28,4,43,43,11
20181121,서울특별시,11,광진구,11215,경상남도,48,30,189,22,159,168,121,83,47,336,244,119
20181121,서울특별시,11,광진구,11215,경상북도,47,26,112,9,140,120,87,69,29,212,179,65
20181121,서울특별시,11,광진구,11215,전라남도,46,27,71,16,64,104,34,36,11,172,144,45
20181121,서울특별시,11,광진구,11215,전라북도,45,30,91,11,81,93,39,40,23,167,152,50
20181121,서울특별시,11,강남구,11680,서울특별시,11,683,3319,301,1124,1491,150,1104,253,4096,1439,2563
20181121,서울특별시,11,강남구,11680,부산광역시,26,201,749,59,213,349,42,276,68,905,378,655
20181121,서울특별시,11,강남구,11680,대구광역시,27,109,438,39,174,252,41,198,53,747,265,450
20181121,서울특별시,11,강남구,11680,인천광역시,28,213,587,40,252,370,41,211,79,779,342,529
20181121,서울특별시,11,강남구,11680,광주광역시,29,70,278,26,98,189,17,88,32,431,190,323
20181121,서울특별시,11,강남구,11680,대전광역시,30,60,293,37,97,161,20,124,37,421,172,287
20181121,서울특별시,11,강남구,11680,울산광역시,31,29,223,13,65,108,14,78,22,223,106,193
20181121,서울특별시,11,강남구,11680,세종특별자치시,36,17,61,8,25,34,7,30,9,97,38,54
20181121,서울특별시,11,강남구,11680,경기도,41,714,2990,300,1176,1674,309,1155,307,4342,1664,2549
20181121,서울특별시,11,강남구,11680,강원도,42,83,293,24,112,177,37,100,25,290,170,254
20181121,서울특별시,11,강남구,11680,충청북도,43,87,242,34,90,169,24,122,25,467,158,262
20181121,서울특별시,11,강남구,11680,충청남도,44,67,327,26,154,229,22,146,30,513,243,341
20181121,서울특별시,11,강남구,11680,전라북도,45,92,268,19,101,153,25,133,32,394,163,286
20181121,서울특별시,11,강남구,11680,전라남도,46,31,245,47,92,135,17,107,23,335,155,234
20181121,서울특별시,11,강남구,11680,경상북도,47,97,420,34,165,244,27,186,40,493,243,355
20181121,서울특별시,11,강남구,11680,경상남도,48,143,540,41,211,283,44,214,57,666,308,502
20181121,서울특별시,11,강남구,11680,제주특별자치도,50,22,99,10,38,48,6,35,7,140,63,71
20181121,서울특별시,11,도봉구,11320,대전광역시,30,36,257,13,170,69,13,118,20,159,144,144
20181121,서울특별시,11,도봉구,11320,광주광역시,29,82,300,30,150,62,14,110,30,190,177,141
20181121,서울특별시,11,광진구,11215,충청남도,44,38,138,15,135,125,66,57,29,209,196,68
20181121,서울특별시,11,광진구,11215,충청북도,43,22,103,15,104,108,40,24,17,182,153,56
20181121,서울특별시,11,광진구,11215,강원도,42,26,103,12,90,105,40,35,6,134,132,48
20181121,서울특별시,11,도봉구,11320,인천광역시,28,54,523,31,352,114,30,256,52,355,295,243
20181121,서울특별시,11,도봉구,11320,대구광역시,27,50,419,16,265,122,41,163,34,248,244,199
20181121,서울특별시,11,도봉구,11320,부산광역시,26,47,516,26,372,167,40,271,47,392,305,247
20181121,서울특별시,11,도봉구,11320,서울특별시,11,202,2513,124,1626,558,140,984,159,1162,943,885
20181121,서울특별시,11,영등포구,11560,서울특별시,11,81,1866,285,2283,1100,140,1282,83,1207,650,668
20181121,서울특별시,11,마포구,11440,제주특별자치도,50,11,81,24,66,55,0,68,11,116,64,20
20181121,서울특별시,11,마포구,11440,경상남도,48,61,467,109,435,270,14,251,46,433,379,116
20181121,서울특별시,11,마포구,11440,경상북도,47,52,328,90,294,240,14,170,36,289,312,77
20181121,서울특별시,11,마포구,11440,전라남도,46,24,196,50,241,152,3,125,18,191,181,47
20181121,서울특별시,11,성북구,11290,인천광역시,28,106,666,154,339,567,105,313,148,3744,1389,400
20181121,서울특별시,11,성북구,11290,대구광역시,27,58,483,143,249,403,82,221,96,2887,1012,283
20181121,서울특별시,11,성북구,11290,부산광역시,26,80,656,233,338,586,129,317,138,3936,1351,467
20181121,서울특별시,11,성북구,11290,서울특별시,11,287,2553,786,1404,2035,422,1090,421,13044,5198,1410
20181121,서울특별시,11,서초구,11650,서울특별시,11,240,2609,752,878,1440,135,1378,192,1212,735,559
20181121,서울특별시,11,서초구,11650,부산광역시,26,44,448,126,172,403,40,207,40,256,191,122
20181121,서울특별시,11,서초구,11650,대구광역시,27,42,1300,85,118,202,30,153,45,170,145,119
20181121,서울특별시,11,서초구,11650,인천광역시,28,64,1265,88,166,377,42,222,72,211,191,124
20181121,서울특별시,11,서초구,11650,광주광역시,29,31,183,44,85,162,16,88,21,132,87,52
20181121,서울특별시,11,서초구,11650,대전광역시,30,18,184,70,98,165,20,106,18,113,95,66
20181121,서울특별시,11,서초구,11650,울산광역시,31,18,134,22,62,91,13,67,18,65,61,34
20181121,서울특별시,11,서초구,11650,세종특별자치시,36,7,55,15,19,36,0,19,3,29,11,12
20181121,서울특별시,11,서초구,11650,경기도,41,270,2590,643,940,1942,198,1104,310,1630,926,557
20181121,서울특별시,11,서초구,11650,강원도,42,19,194,41,82,208,36,85,20,81,84,51
20181121,서울특별시,11,서초구,11650,충청북도,43,31,847,45,129,196,22,97,20,162,75,58
20181121,서울특별시,11,서초구,11650,충청남도,44,38,316,53,129,248,29,143,41,169,129,78
20181121,서울특별시,11,서초구,11650,전라북도,45,19,300,51,86,178,21,100,20,97,101,70
20181121,서울특별시,11,서초구,11650,전라남도,46,17,140,48,79,145,20,94,22,102,67,49
20181121,서울특별시,11,서초구,11650,경상북도,47,43,702,57,138,286,21,177,41,164,127,74
20181121,서울특별시,11,서초구,11650,경상남도,48,53,343,88,159,365,29,203,53,205,184,99
20181121,서울특별시,11,서초구,11650,제주특별자치도,50,5,56,12,31,59,13,39,7,30,23,55
20181121,서울특별시,11,중구,11140,강원도,42,30,312,56,71,212,28,97,22,505,151,26
20181121,서울특별시,11,중구,11140,충청북도,43,41,281,54,81,201,26,100,24,579,179,44
20181121,서울특별시,11,중구,11140,충청남도,44,55,363,64,116,285,45,118,27,757,199,63
20181121,서울특별시,11,중구,11140,전라북도,45,35,271,40,72,436,30,92,26,656,162,47
20181121,서울특별시,11,중구,11140,전라남도,46,34,268,53,68,222,21,98,29,519,139,44
20181121,서울특별시,11,중구,11140,경상북도,47,58,475,78,113,353,46,92,42,852,224,82
20181121,서울특별시,11,중구,11140,경상남도,48,53,506,85,134,445,45,141,40,1128,299,105
20181121,서울특별시,11,중구,11140,제주특별자치도,50,17,71,24,24,60,9,44,4,203,55,13
20181121,서울특별시,11,마포구,11440,서울특별시,11,267,2265,556,1505,1403,101,1102,184,2343,1628,510
20181121,서울특별시,11,마포구,11440,부산광역시,26,68,447,119,538,369,21,240,40,498,441,130
20181121,서울특별시,11,마포구,11440,대구광역시,27,45,302,111,324,256,24,155,34,339,328,78
20181121,서울특별시,11,마포구,11440,인천광역시,28,72,435,107,377,337,19,286,38,470,375,122
20181121,서울특별시,11,마포구,11440,광주광역시,29,25,203,62,244,210,13,120,23,241,197,45
20181121,서울특별시,11,마포구,11440,전라북도,45,24,226,65,225,170,4,119,31,253,201,60
20181121,서울특별시,11,마포구,11440,충청남도,44,36,289,99,293,226,10,157,33,317,278,71
20181121,서울특별시,11,마포구,11440,충청북도,43,24,221,57,227,170,16,141,22,241,185,57
20181121,서울특별시,11,마포구,11440,강원도,42,18,251,55,183,169,13,105,25,202,161,49
20181121,서울특별시,11,마포구,11440,경기도,41,325,2228,609,1796,1583,120,1131,227,2575,1767,581
20181121,서울특별시,11,마포구,11440,세종특별자치시,36,5,38,22,51,43,0,23,9,66,43,18
20181121,서울특별시,11,마포구,11440,울산광역시,31,15,138,46,156,122,10,91,13,154,117,45
20181121,서울특별시,11,마포구,11440,대전광역시,30,23,203,52,249,164,15,133,16,272,194,53
20181121,서울특별시,11,송파구,11710,울산광역시,31,3,124,13,63,165,22,104,15,292,48,90
20181121,서울특별시,11,송파구,11710,세종특별자치시,36,4,32,6,24,35,7,29,8,96,17,16
20181121,서울특별시,11,송파구,11710,경기도,41,177,1688,109,978,1848,154,1219,287,4270,927,1033
20181121,서울특별시,11,송파구,11710,강원도,42,22,156,7,83,224,20,117,30,371,70,83
20181121,서울특별시,11,광진구,11215,경기도,41,194,1010,133,897,901,313,391,182,1677,1413,481
20181121,서울특별시,11,광진구,11215,세종특별자치시,36,7,22,3,19,18,7,9,12,34,32,8
20181121,서울특별시,11,광진구,11215,울산광역시,31,10,52,4,57,57,34,43,15,120,110,33
20181121,서울특별시,11,광진구,11215,대전광역시,30,23,99,9,106,98,48,33,11,149,139,77
20181121,서울특별시,11,광진구,11215,광주광역시,29,23,94,16,75,87,38,25,10,158,133,48
20181121,서울특별시,11,광진구,11215,인천광역시,28,43,190,25,188,179,74,60,35,333,292,92
20181121,서울특별시,11,광진구,11215,대구광역시,27,26,126,9,128,122,64,42,22,252,227,94
20181121,서울특별시,11,광진구,11215,부산광역시,26,44,195,29,197,188,76,72,23,317,331,102
20181121,서울특별시,11,광진구,11215,서울특별시,11,171,869,110,821,631,237,377,115,1333,1202,496
20181121,서울특별시,11,용산구,11170,서울특별시,11,193,2098,111,10050,1489,408,441,171,1483,624,367
20181121,서울특별시,11,용산구,11170,부산광역시,26,49,507,17,2185,355,118,78,34,386,185,106
20181121,서울특별시,11,용산구,11170,대구광역시,27,48,363,13,1568,270,79,62,22,295,122,81
20181121,서울특별시,11,용산구,11170,인천광역시,28,50,442,27,2200,368,122,115,64,382,172,102
20181121,서울특별시,11,용산구,11170,광주광역시,29,22,250,12,874,167,56,36,15,193,73,49
20181121,서울특별시,11,용산구,11170,대전광역시,30,29,265,6,1218,175,57,44,29,149,63,41
20181121,서울특별시,11,용산구,11170,울산광역시,31,16,168,0,727,126,35,16,16,142,57,42
20181121,서울특별시,11,양천구,11470,대전광역시,30,33,82,10,88,116,17,71,28,76,36,67
20181121,서울특별시,11,양천구,11470,광주광역시,29,37,78,5,62,107,22,76,23,93,46,61
20181121,서울특별시,11,양천구,11470,인천광역시,28,62,201,19,148,237,44,150,64,200,86,174
20181121,서울특별시,11,양천구,11470,대구광역시,27,51,153,13,116,193,44,107,30,164,64,125
20181121,서울특별시,11,양천구,11470,부산광역시,26,59,188,17,142,314,38,143,62,185,96,157
20181121,서울특별시,11,양천구,11470,서울특별시,11,232,759,78,623,1043,141,585,178,834,339,639
20181121,서울특별시,11,성동구,11200,제주특별자치도,50,7,103,10,20,48,16,22,0,115,48,13
20181121,서울특별시,11,성동구,11200,경상남도,48,55,915,626,112,303,67,292,36,695,273,107
20181121,서울특별시,11,성동구,11200,경상북도,47,39,736,541,90,189,32,239,26,557,213,75
20181121,서울특별시,11,성동구,11200,전라남도,46,16,388,216,64,103,19,122,10,371,119,44
20181121,서울특별시,11,성동구,11200,전라북도,45,25,371,177,76,135,23,113,13,389,147,39
20181121,서울특별시,11,성동구,11200,충청남도,44,34,585,243,95,206,43,179,26,526,186,64
20181121,서울특별시,11,성동구,11200,충청북도,43,14,309,159,64,163,29,102,15,413,142,36
20181121,서울특별시,11,성동구,11200,강원도,42,20,339,155,52,110,19,100,6,347,112,39
20181121,서울특별시,11,성동구,11200,경기도,41,178,4283,1900,625,1343,246,1141,147,3717,1453,529
20181121,서울특별시,11,성동구,11200,세종특별자치시,36,5,96,66,7,34,6,37,10,92,47,8
20181121,서울특별시,11,성동구,11200,울산광역시,31,20,409,281,37,78,18,105,15,275,104,39
20181121,서울특별시,11,성동구,11200,대전광역시,30,20,376,194,87,138,29,112,13,379,138,63
20181121,서울특별시,11,성동구,11200,광주광역시,29,20,479,252,65,121,32,119,11,377,143,39
20181121,서울특별시,11,성동구,11200,인천광역시,28,35,902,374,131,265,40,241,34,730,311,81
20181121,서울특별시,11,성동구,11200,대구광역시,27,40,778,509,106,220,31,200,19,554,233,70
20181121,서울특별시,11,성동구,11200,부산광역시,26,47,907,405,126,301,48,244,24,800,333,119
20181121,서울특별시,11,성동구,11200,서울특별시,11,134,3657,1157,606,1096,170,846,116,2954,1533,401
20181121,서울특별시,11,용산구,11170,세종특별자치시,36,0,54,6,238,56,17,14,3,39,14,12
20181121,서울특별시,11,용산구,11170,경기도,41,253,2439,126,11267,1693,546,451,218,1864,797,420
20181121,서울특별시,11,용산구,11170,강원도,42,27,206,14,917,145,70,46,19,164,69,48
20181121,서울특별시,11,용산구,11170,충청북도,43,28,242,14,1079,176,59,35,15,195,78,45
20181121,서울특별시,11,용산구,11170,충청남도,44,42,325,9,1613,259,90,87,34,248,118,52
20181121,서울특별시,11,용산구,11170,전라북도,45,25,250,6,1002,182,61,58,33,192,86,42
20181121,서울특별시,11,용산구,11170,전라남도,46,27,207,13,920,167,72,43,20,200,65,42
20181121,서울특별시,11,용산구,11170,경상북도,47,36,342,11,1499,248,86,73,48,271,118,67
20181121,서울특별시,11,용산구,11170,경상남도,48,63,455,18,1942,361,151,99,40,369,160,96
20181121,서울특별시,11,용산구,11170,제주특별자치도,50,12,86,0,285,45,8,7,5,59,22,9
20181121,서울특별시,11,강동구,11740,서울특별시,11,603,902,271,297,1134,111,923,111,1422,433,306
20181121,서울특별시,11,송파구,11710,충청북도,43,10,185,14,107,236,6,113,23,509,100,127
20181121,서울특별시,11,송파구,11710,충청남도,44,23,255,13,174,372,12,149,24,552,141,154
20181121,서울특별시,11,송파구,11710,전라북도,45,11,164,5,93,213,14,115,19,453,86,115
20181121,서울특별시,11,송파구,11710,전라남도,46,10,154,7,92,173,15,125,18,346,85,101
20181121,서울특별시,11,송파구,11710,경상북도,47,20,237,8,156,326,21,164,31,610,135,155
20181121,서울특별시,11,송파구,11710,경상남도,48,34,321,13,191,604,32,253,40,820,191,206
20181121,서울특별시,11,송파구,11710,제주특별자치도,50,7,60,4,22,70,0,42,8,126,24,20
20181121,서울특별시,11,강동구,11740,부산광역시,26,158,197,54,61,302,24,220,21,412,103,79
20181121,서울특별시,11,강동구,11740,대구광역시,27,110,128,45,45,244,23,141,10,247,51,52
20181121,서울특별시,11,강동구,11740,인천광역시,28,158,197,104,56,351,24,187,28,384,112,72
20181121,서울특별시,11,강동구,11740,광주광역시,29,74,81,25,28,182,13,78,8,219,42,46
20181121,서울특별시,11,강동구,11740,대전광역시,30,75,105,26,27,183,11,69,11,156,41,32
20181121,서울특별시,11,강동구,11740,울산광역시,31,53,69,16,16,136,10,73,12,123,29,27
20181121,서울특별시,11,동대문구,11230,서울특별시,11,431,1808,160,556,1111,137,1564,143,3841,943,536
20181121,서울특별시,11,동대문구,11230,부산광역시,26,83,514,37,138,296,43,479,46,1155,272,173
20181121,서울특별시,11,동대문구,11230,대구광역시,27,85,407,21,84,278,31,288,31,863,203,147
20181121,서울특별시,11,동대문구,11230,인천광역시,28,98,559,43,121,345,46,538,61,1133,239,153
20181121,서울특별시,11,동대문구,11230,광주광역시,29,52,288,15,63,179,21,236,31,597,130,81
20181121,서울특별시,11,동대문구,11230,대전광역시,30,57,267,17,60,185,17,191,24,528,107,89
20181121,서울특별시,11,동대문구,11230,울산광역시,31,35,172,10,49,138,12,166,22,418,111,59
20181121,서울특별시,11,동대문구,11230,세종특별자치시,36,19,67,4,24,35,0,49,6,108,35,23
20181121,서울특별시,11,동대문구,11230,경기도,41,536,2530,219,606,1814,221,2010,241,5106,1155,715
20181121,서울특별시,11,동대문구,11230,강원도,42,54,279,19,59,221,16,247,21,474,99,81
20181121,서울특별시,11,동대문구,11230,충청북도,43,43,286,22,85,198,27,259,24,567,119,109
20181121,서울특별시,11,동대문구,11230,충청남도,44,98,407,28,86,306,36,303,45,767,169,100
20181121,서울특별시,11,동대문구,11230,전라북도,45,43,299,22,69,193,16,256,23,568,115,100
20181121,서울특별시,11,동대문구,11230,전라남도,46,42,287,19,63,166,20,265,24,538,105,72
20181121,서울특별시,11,동대문구,11230,경상북도,47,67,453,32,100,261,27,411,26,759,193,123
20181121,서울특별시,11,동대문구,11230,경상남도,48,84,564,41,145,376,55,484,64,1136,243,205
20181121,서울특별시,11,동대문구,11230,제주특별자치도,50,30,100,5,16,60,0,45,9,184,51,32
20181121,서울특별시,11,구로구,11530,제주특별자치도,50,4,56,8,21,70,6,26,5,83,17,19
20181121,서울특별시,11,구로구,11530,경상남도,48,36,345,21,162,365,45,217,34,495,93,217
20181121,서울특별시,11,구로구,11530,경상북도,47,29,265,33,105,314,37,142,38,353,78,118
20181121,서울특별시,11,구로구,11530,전라남도,46,19,177,10,85,167,22,107,23,238,44,87
20181121,서울특별시,11,구로구,11530,전라북도,45,21,157,23,61,184,23,82,11,271,65,85
20181121,서울특별시,11,구로구,11530,충청남도,44,35,259,12,103,254,30,141,34,339,76,120
20181121,서울특별시,11,구로구,11530,충청북도,43,39,204,16,76,217,23,108,20,284,68,85
20181121,서울특별시,11,구로구,11530,강원도,42,26,225,14,141,158,23,100,19,218,65,68
20181121,서울특별시,11,구로구,11530,경기도,41,202,1787,155,813,1661,253,840,197,2608,577,905
20181121,서울특별시,11,구로구,11530,세종특별자치시,36,7,34,0,14,44,6,22,7,61,14,22
20181121,서울특별시,11,구로구,11530,울산광역시,31,11,146,6,52,132,25,75,16,160,27,74
20181121,서울특별시,11,구로구,11530,대전광역시,30,13,206,17,72,176,16,105,24,215,56,82
20181121,서울특별시,11,구로구,11530,광주광역시,29,18,169,17,74,159,19,93,20,250,58,82
20181121,서울특별시,11,종로구,11110,서울특별시,11,208,1073,230,331,524,39,175,138,1123,926,138
20181121,서울특별시,11,종로구,11110,부산광역시,26,53,207,39,63,108,14,24,35,376,309,55
20181121,서울특별시,11,종로구,11110,대구광역시,27,47,183,32,46,101,5,19,27,289,196,27
20181121,서울특별시,11,종로구,11110,인천광역시,28,63,224,47,67,121,14,42,36,272,311,30
20181121,서울특별시,11,종로구,11110,광주광역시,29,28,109,19,35,56,6,14,25,168,164,13
20181121,서울특별시,11,종로구,11110,대전광역시,30,34,96,28,49,71,8,16,18,155,166,13
20181121,서울특별시,11,종로구,11110,울산광역시,31,24,77,14,29,47,0,12,13,135,107,8
20181121,서울특별시,11,종로구,11110,세종특별자치시,36,10,29,14,6,16,0,5,5,35,45,5
20181121,서울특별시,11,종로구,11110,경기도,41,292,1165,240,332,665,75,265,231,1593,1352,162
20181121,서울특별시,11,종로구,11110,강원도,42,29,95,20,27,76,4,25,22,174,138,18
20181121,서울특별시,11,종로구,11110,충청북도,43,35,114,280,45,60,5,26,28,202,142,7
20181121,서울특별시,11,종로구,11110,충청남도,44,34,149,49,39,106,8,37,18,235,201,20
20181121,서울특별시,11,양천구,11470,제주특별자치도,50,6,25,0,18,35,3,19,0,24,17,31
20181121,서울특별시,11,중랑구,11260,제주특별자치도,50,11,61,0,26,57,0,22,11,172,36,25
20181121,서울특별시,11,중랑구,11260,경상남도,48,52,358,45,276,347,47,191,151,1430,403,196
20181121,서울특별시,11,중랑구,11260,경상북도,47,51,279,42,215,333,44,128,115,1001,297,191
20181121,서울특별시,11,중랑구,11260,전라남도,46,34,174,12,145,208,22,81,65,630,178,92
20181121,서울특별시,11,중랑구,11260,전라북도,45,40,198,25,139,188,26,95,70,684,220,97
20181121,서울특별시,11,중랑구,11260,충청남도,44,57,287,27,207,328,31,122,109,1035,271,135
20181121,서울특별시,11,중랑구,11260,충청북도,43,45,209,19,140,234,22,78,48,735,209,90
20181121,서울특별시,11,중랑구,11260,강원도,42,39,210,20,139,213,26,81,70,625,141,105
20181121,서울특별시,11,중랑구,11260,경기도,41,318,1747,218,1471,1898,286,737,556,5884,1702,920
20181121,서울특별시,11,중랑구,11260,세종특별자치시,36,3,36,3,28,44,9,15,14,115,57,21
20181121,서울특별시,11,중랑구,11260,울산광역시,31,25,120,16,81,126,22,66,53,494,153,70
20181121,서울특별시,11,중랑구,11260,대전광역시,30,55,193,28,167,194,25,87,54,592,185,95
20181121,서울특별시,11,중랑구,11260,광주광역시,29,27,186,31,102,207,19,79,62,665,212,108
20181121,서울특별시,11,중랑구,11260,인천광역시,28,79,351,39,269,368,53,155,125,1215,356,216
20181121,서울특별시,11,중랑구,11260,대구광역시,27,55,244,34,224,310,31,114,93,905,253,133
20181121,서울특별시,11,중랑구,11260,부산광역시,26,65,334,35,295,385,44,172,116,1288,406,167
20181121,서울특별시,11,중랑구,11260,서울특별시,11,286,1302,172,1180,1369,155,691,384,3902,1208,714
20181121,서울특별시,11,종로구,11110,전라북도,45,33,105,23,34,69,9,20,31,178,154,14
20181121,서울특별시,11,종로구,11110,전라남도,46,25,111,25,34,74,8,28,26,182,143,6
20181121,서울특별시,11,종로구,11110,경상북도,47,50,126,36,44,96,10,22,26,258,221,20
20181121,서울특별시,11,종로구,11110,경상남도,48,76,208,44,58,122,18,38,41,356,324,23
20181121,서울특별시,11,종로구,11110,제주특별자치도,50,10,45,7,10,30,0,5,21,57,42,9
20181121,서울특별시,11,금천구,11545,서울특별시,11,494,2012,527,1767,2981,358,788,185,3120,1571,1780
20181121,서울특별시,11,양천구,11470,경상남도,48,69,155,18,130,240,64,162,53,194,81,144
20181121,서울특별시,11,양천구,11470,경상북도,47,44,134,12,1117,225,38,92,38,112,57,117
20181121,서울특별시,11,양천구,11470,전라남도,46,32,58,6,61,116,24,57,33,81,47,76
20181121,서울특별시,11,양천구,11470,전라북도,45,38,85,7,71,128,26,60,18,99,57,97
20181121,서울특별시,11,강동구,11740,세종특별자치시,36,18,18,15,6,44,0,13,5,32,6,3
20181121,서울특별시,11,강동구,11740,경기도,41,680,980,283,350,1690,126,928,125,2056,435,370
20181121,서울특별시,11,양천구,11470,충청남도,44,55,105,10,109,253,41,113,39,127,75,105
20181121,서울특별시,11,양천구,11470,충청북도,43,25,88,19,98,153,29,80,26,135,38,75
20181121,서울특별시,11,양천구,11470,강원도,42,32,83,10,63,130,25,69,26,84,34,82
20181121,서울특별시,11,강북구,11305,서울특별시,11,67,723,34,184,281,48,134,177,2122,460,232
20181121,서울특별시,11,강북구,11305,부산광역시,26,20,191,7,51,72,13,32,55,647,127,73
20181121,서울특별시,11,강북구,11305,대구광역시,27,22,134,8,31,57,6,17,49,488,89,42
20181121,서울특별시,11,강북구,11305,인천광역시,28,21,169,14,55,72,14,21,39,660,139,50
20181121,서울특별시,11,강북구,11305,광주광역시,29,14,86,3,22,28,5,18,35,359,68,34
20181121,서울특별시,11,양천구,11470,경기도,41,318,862,94,759,1309,241,699,269,1273,510,764
20181121,서울특별시,11,양천구,11470,세종특별자치시,36,8,19,0,16,24,6,15,5,22,10,27
20181121,서울특별시,11,양천구,11470,울산광역시,31,18,52,10,55,85,15,40,15,57,28,56
20181121,서울특별시,11,강동구,11740,강원도,42,55,100,23,27,171,17,83,10,184,44,29
20181121,서울특별시,11,강동구,11740,충청북도,43,67,114,21,45,199,16,127,11,251,35,47
20181121,서울특별시,11,강동구,11740,충청남도,44,82,120,27,46,230,15,143,28,267,54,48
20181121,서울특별시,11,강동구,11740,전라북도,45,69,100,19,30,161,17,111,11,198,52,44
20181121,서울특별시,11,강동구,11740,전라남도,46,65,108,23,24,167,9,73,15,179,35,46
20181121,서울특별시,11,강동구,11740,경상북도,47,93,116,42,44,253,20,123,24,268,59,59
20181121,서울특별시,11,강동구,11740,경상남도,48,156,176,38,61,316,30,195,25,411,86,56
20181121,서울특별시,11,금천구,11545,부산광역시,26,102,459,64,477,740,156,227,64,826,366,570
20181121,서울특별시,11,금천구,11545,대구광역시,27,62,355,102,299,576,95,159,53,619,319,382
20181121,서울특별시,11,금천구,11545,인천광역시,28,162,452,122,436,975,66,217,66,726,364,464
20181121,서울특별시,11,송파구,11710,서울특별시,11,124,1533,105,846,1067,136,1110,326,3177,746,820
20181121,서울특별시,11,송파구,11710,부산광역시,26,33,369,17,257,577,57,294,52,814,228,230
20181121,서울특별시,11,송파구,11710,대구광역시,27,16,248,7,153,253,25,182,37,592,144,187
20181121,서울특별시,11,송파구,11710,인천광역시,28,32,329,7,212,469,27,279,59,742,167,235
20181121,서울특별시,11,송파구,11710,광주광역시,29,18,144,7,110,251,25,103,22,418,89,95
20181121,서울특별시,11,송파구,11710,대전광역시,30,18,169,19,106,205,13,103,26,393,89,89
20181121,서울특별시,11,금천구,11545,광주광역시,29,63,224,36,198,391,46,88,34,495,209,258
20181121,서울특별시,11,금천구,11545,대전광역시,30,53,238,84,239,390,44,106,21,443,215,249
20181121,서울특별시,11,금천구,11545,울산광역시,31,34,153,18,141,275,30,88,24,309,133,221
20181121,서울특별시,11,금천구,11545,세종특별자치시,36,11,49,13,55,63,14,35,17,122,51,50
20181121,서울특별시,11,금천구,11545,경기도,41,588,2353,826,2121,3448,393,1025,361,3733,1765,2239
20181121,서울특별시,11,금천구,11545,강원도,42,79,255,34,255,343,52,86,26,370,145,372
20181121,서울특별시,11,강북구,11305,대전광역시,30,20,73,7,16,55,7,13,22,320,55,26
20181121,서울특별시,11,강북구,11305,울산광역시,31,10,61,5,16,28,3,10,20,251,48,23
20181121,서울특별시,11,강북구,11305,세종특별자치시,36,0,16,0,3,12,0,0,6,50,13,4
20181121,서울특별시,11,강북구,11305,경기도,41,84,954,54,236,369,44,158,285,3104,634,308
20181121,서울특별시,11,강북구,11305,강원도,42,11,84,0,15,40,3,14,24,312,49,28
20181121,서울특별시,11,강북구,11305,충청북도,43,18,104,4,31,39,7,11,31,391,62,34
20181121,서울특별시,11,강북구,11305,충청남도,44,16,136,8,35,62,8,23,36,486,82,48
20181121,서울특별시,11,강북구,11305,전라북도,45,13,94,4,23,41,3,18,25,350,62,41
20181121,서울특별시,11,강북구,11305,전라남도,46,6,92,3,27,29,4,23,41,361,60,37
20181121,서울특별시,11,강북구,11305,경상북도,47,13,124,9,31,56,6,27,40,482,90,48
20181121,서울특별시,11,강북구,11305,경상남도,48,28,180,19,37,60,16,32,85,665,124,69
20181121,서울특별시,11,강북구,11305,제주특별자치도,50,0,23,3,3,6,0,0,4,105,15,4
20181121,서울특별시,11,구로구,11530,인천광역시,28,44,372,31,164,317,57,175,41,623,110,171
20181121,서울특별시,11,구로구,11530,대구광역시,27,18,292,24,102,274,31,141,17,340,65,138
20181121,서울특별시,11,구로구,11530,부산광역시,26,37,439,37,168,366,48,203,36,509,131,208
20181121,서울특별시,11,구로구,11530,서울특별시,11,121,1557,147,627,1348,152,628,122,2005,462,725
20181121,서울특별시,11,금천구,11545,충청북도,43,66,300,46,227,422,47,128,35,399,171,238
20181121,서울특별시,11,금천구,11545,충청남도,44,98,323,48,332,538,53,157,43,575,265,618
20181121,서울특별시,11,금천구,11545,전라북도,45,77,239,29,257,323,58,114,33,511,201,275
20181121,서울특별시,11,금천구,11545,전라남도,46,57,225,17,216,328,61,105,26,472,182,257
20181121,서울특별시,11,금천구,11545,경상북도,47,78,327,68,326,542,67,158,46,569,283,369
20181121,서울특별시,11,강서구,11500,서울특별시,11,308,1525,336,1230,1698,158,1497,208,2464,1097,1120
20181121,서울특별시,11,강서구,11500,부산광역시,26,61,471,73,302,445,58,403,72,659,311,298
20181121,서울특별시,11,강서구,11500,대구광역시,27,52,298,48,198,318,32,247,57,496,184,194
20181121,서울특별시,11,강서구,11500,인천광역시,28,58,392,84,281,427,52,350,64,674,270,265
20181121,서울특별시,11,강서구,11500,광주광역시,29,19,151,49,126,242,21,143,27,348,162,130
20181121,서울특별시,11,강서구,11500,대전광역시,30,29,183,36,129,231,17,127,26,355,176,132
20181121,서울특별시,11,강서구,11500,울산광역시,31,18,172,22,110,148,14,111,33,263,94,81
20181121,서울특별시,11,강서구,11500,세종특별자치시,36,10,48,4,34,58,7,30,14,72,31,20
20181121,서울특별시,11,강서구,11500,경기도,41,316,1826,340,1327,2025,253,1606,344,3440,1282,1261
20181121,서울특별시,11,강서구,11500,강원도,42,26,176,26,111,217,25,156,42,336,123,113
20181121,서울특별시,11,강서구,11500,충청북도,43,36,189,42,124,195,25,197,33,398,128,113
20181121,서울특별시,11,강서구,11500,충청남도,44,44,248,47,170,313,26,215,62,508,192,197
20181121,서울특별시,11,강동구,11740,제주특별자치도,50,14,28,5,22,37,4,27,0,51,9,9
20181121,서울특별시,11,강서구,11500,전라북도,45,27,171,28,133,235,25,189,31,375,152,154
20181121,서울특별시,11,강서구,11500,전라남도,46,27,184,19,100,219,19,149,60,312,127,153
20181121,서울특별시,11,강서구,11500,경상북도,47,41,285,49,175,281,41,252,47,529,207,215
20181121,서울특별시,11,강서구,11500,경상남도,48,74,404,64,256,383,56,387,59,729,261,276
20181121,서울특별시,11,강서구,11500,제주특별자치도,50,11,60,6,29,41,8,33,8,120,33,24
20181121,서울특별시,11,중구,11140,서울특별시,11,326,3176,422,626,2169,205,711,129,4633,1375,418
20181121,서울특별시,11,중구,11140,부산광역시,26,52,681,107,155,502,74,199,59,1182,323,116
20181121,서울특별시,11,중구,11140,대구광역시,27,49,469,70,118,368,56,135,59,959,247,85
20181121,서울특별시,11,중구,11140,인천광역시,28,59,490,55,168,448,53,167,46,1182,295,112
20181121,서울특별시,11,중구,11140,광주광역시,29,32,316,54,88,192,21,76,16,633,156,68
20181121,서울특별시,11,중구,11140,대전광역시,30,24,310,43,98,265,15,109,25,595,168,32
20181121,서울특별시,11,중구,11140,울산광역시,31,15,198,24,56,123,21,79,16,440,107,35
20181121,서울특별시,11,중구,11140,세종특별자치시,36,11,65,11,19,36,6,21,3,123,40,13
20181121,서울특별시,11,중구,11140,경기도,41,384,2575,373,745,2499,259,735,208,5288,1437,408
20181121,서울특별시,11,동작구,11590,서울특별시,11,160,646,281,491,444,145,171,65,958,470,665
20181121,서울특별시,11,동작구,11590,부산광역시,26,39,164,61,119,106,51,30,21,214,142,163
20181121,서울특별시,11,동작구,11590,대구광역시,27,30,114,32,70,68,28,14,20,154,87,109
20181121,서울특별시,11,동작구,11590,인천광역시,28,55,166,35,114,103,36,43,15,199,130,182
20181121,서울특별시,11,동작구,11590,광주광역시,29,18,76,31,33,56,20,22,16,106,48,67
20181121,서울특별시,11,동작구,11590,대전광역시,30,22,73,27,60,58,18,24,13,103,67,88
20181121,서울특별시,11,동작구,11590,울산광역시,31,15,47,11,51,29,13,7,7,57,62,39
20181121,서울특별시,11,동작구,11590,세종특별자치시,36,3,23,7,14,10,3,0,3,16,9,17
20181121,서울특별시,11,동작구,11590,경기도,41,199,751,227,620,577,176,154,113,1203,627,792
20181121,서울특별시,11,동작구,11590,강원도,42,20,79,16,58,64,24,15,17,91,68,55
20181121,서울특별시,11,동작구,11590,충청북도,43,23,65,28,66,82,16,20,20,125,61,86
20181121,서울특별시,11,동작구,11590,충청남도,44,41,121,32,103,59,19,25,21,142,76,118
20181121,서울특별시,11,동작구,11590,전라북도,45,23,80,26,67,63,9,14,17,110,61,93
20181121,서울특별시,11,금천구,11545,경상남도,48,122,435,51,418,779,108,233,74,782,365,626
20181121,서울특별시,11,금천구,11545,제주특별자치도,50,30,64,19,54,94,34,32,13,172,75,70
20181121,서울특별시,11,성북구,11290,제주특별자치도,50,19,112,31,44,71,18,31,17,657,180,48
20181121,서울특별시,11,성북구,11290,경상남도,48,70,696,236,337,520,135,283,176,4051,1387,454
20181121,서울특별시,11,영등포구,11560,강원도,42,11,201,20,256,141,19,163,14,99,58,94
20181121,서울특별시,11,영등포구,11560,경기도,41,100,2074,219,2494,1334,148,1468,109,1648,775,862
20181121,서울특별시,11,영등포구,11560,세종특별자치시,36,5,43,8,52,38,3,22,0,29,17,14
20181121,서울특별시,11,영등포구,11560,울산광역시,31,9,151,11,160,107,8,115,8,93,69,69
20181121,서울특별시,11,영등포구,11560,대전광역시,30,10,206,27,287,167,15,151,15,129,89,85
20181121,서울특별시,11,영등포구,11560,광주광역시,29,5,196,18,245,143,8,163,6,143,82,69
20181121,서울특별시,11,영등포구,11560,인천광역시,28,19,401,48,525,284,30,337,24,253,148,175
20181121,서울특별시,11,영등포구,11560,대구광역시,27,16,312,152,402,194,19,249,25,236,121,135
20181121,서울특별시,11,영등포구,11560,부산광역시,26,17,448,52,566,279,59,349,19,293,158,188
20181121,서울특별시,11,동작구,11590,전라남도,46,16,73,18,70,71,25,15,9,91,43,77
20181121,서울특별시,11,동작구,11590,경상북도,47,25,108,30,76,73,35,27,24,126,98,116
20181121,서울특별시,11,동작구,11590,경상남도,48,39,149,33,104,106,44,24,28,177,111,168
20181121,서울특별시,11,동작구,11590,제주특별자치도,50,0,17,8,17,22,7,3,0,23,19,17
20181121,서울특별시,11,관악구,11620,서울특별시,11,214,924,347,495,775,145,289,97,1171,297,696
20181121,서울특별시,11,관악구,11620,부산광역시,26,48,236,53,114,224,34,57,43,274,101,155
20181121,서울특별시,11,관악구,11620,대구광역시,27,35,139,37,117,118,23,41,28,176,63,145
20181121,서울특별시,11,관악구,11620,인천광역시,28,48,232,26,108,187,23,73,27,244,85,142
20181121,서울특별시,11,관악구,11620,광주광역시,29,19,110,18,61,119,7,23,15,142,47,86
20181121,서울특별시,11,관악구,11620,대전광역시,30,11,109,19,68,83,13,24,22,136,47,86
20181121,서울특별시,11,관악구,11620,울산광역시,31,15,85,26,40,80,9,12,20,73,22,53
20181121,서울특별시,11,관악구,11620,세종특별자치시,36,6,26,5,13,16,0,13,7,21,11,13
20181121,서울특별시,11,관악구,11620,경기도,41,220,1071,207,705,1093,153,245,167,1633,451,749
20181121,서울특별시,11,관악구,11620,강원도,42,11,108,19,74,93,17,27,12,136,49,77
20181121,서울특별시,11,관악구,11620,충청북도,43,17,127,23,80,109,13,27,28,165,50,88
20181121,서울특별시,11,관악구,11620,충청남도,44,39,176,14,72,154,17,39,43,219,78,106
20181121,서울특별시,11,관악구,11620,전라북도,45,38,157,22,69,102,20,25,20,129,42,82
20181121,서울특별시,11,관악구,11620,전라남도,46,14,121,7,62,90,11,45,17,130,45,68
20181121,서울특별시,11,관악구,11620,경상북도,47,39,181,27,112,135,17,44,27,208,54,128
20181121,서울특별시,11,관악구,11620,경상남도,48,48,263,38,151,218,37,65,48,260,77,154
20181121,서울특별시,11,관악구,11620,제주특별자치도,50,7,44,7,12,25,9,8,5,53,9,15
20181121,서울특별시,11,도봉구,11320,강원도,42,37,235,6,191,59,13,121,15,163,152,134
20181121,서울특별시,11,도봉구,11320,경기도,41,240,2458,95,1707,773,141,1150,245,1886,1423,1117
20181121,서울특별시,11,도봉구,11320,세종특별자치시,36,8,50,5,38,25,4,31,4,35,32,21
20181121,서울특별시,11,도봉구,11320,충청북도,43,74,261,10,176,65,14,113,30,247,180,146
20181121,서울특별시,11,도봉구,11320,충청남도,44,36,279,8,235,109,20,173,29,252,255,198
20181121,서울특별시,11,도봉구,11320,전라북도,45,67,297,7,149,75,18,98,22,209,161,135
20181121,서울특별시,11,도봉구,11320,전라남도,46,44,250,25,138,64,12,119,25,166,205,127
20181121,서울특별시,11,도봉구,11320,경상북도,47,61,387,13,278,121,28,163,34,298,306,189
20181121,서울특별시,11,도봉구,11320,경상남도,48,86,469,26,314,140,22,237,51,397,388,243
20181121,서울특별시,11,도봉구,11320,제주특별자치도,50,9,83,3,20,24,0,34,8,57,39,29
20181121,서울특별시,11,도봉구,11320,울산광역시,31,24,165,8,137,52,16,100,25,136,150,78
20181121,서울특별시,11,성북구,11290,경상북도,47,62,470,209,272,370,92,240,115,2992,977,384
20181121,서울특별시,11,성북구,11290,전라남도,46,38,340,133,187,283,48,141,67,1883,691,221
20181121,서울특별시,11,성북구,11290,전라북도,45,55,363,156,161,286,75,164,69,2124,687,238
20181121,서울특별시,11,성북구,11290,충청남도,44,54,472,134,246,398,89,178,119,2694,912,314
20181121,서울특별시,11,성북구,11290,충청북도,43,43,344,108,170,261,56,142,59,2023,710,211
20181121,서울특별시,11,성북구,11290,강원도,42,41,331,138,180,255,72,136,77,1792,644,233
20181121,서울특별시,11,성북구,11290,경기도,41,387,3220,770,1792,2691,524,1347,671,17439,6355,1904
20181121,서울특별시,11,성북구,11290,세종특별자치시,36,14,79,16,44,50,13,37,23,422,155,39
20181121,서울특별시,11,은평구,11380,제주특별자치도,50,9,27,3,12,18,12,8,0,68,34,13
20181121,서울특별시,11,은평구,11380,경상남도,48,48,266,32,78,205,55,96,27,463,199,146
20181121,서울특별시,11,은평구,11380,경상북도,47,28,181,30,53,163,45,97,18,296,143,114
20181121,서울특별시,11,은평구,11380,전라남도,46,27,95,18,29,91,24,34,18,226,82,84
20181121,서울특별시,11,은평구,11380,전라북도,45,12,108,19,25,93,22,37,17,223,78,75
20181121,서울특별시,11,은평구,11380,충청남도,44,28,178,11,49,133,32,65,25,325,97,82
20181121,서울특별시,11,은평구,11380,충청북도,43,34,113,19,44,123,22,48,10,260,76,72
20181121,서울특별시,11,은평구,11380,강원도,42,18,107,16,26,110,23,43,14,214,98,57
20181121,서울특별시,11,은평구,11380,경기도,41,228,1002,158,395,1194,182,570,126,2152,760,653
20181121,서울특별시,11,은평구,11380,세종특별자치시,36,9,20,0,5,24,4,12,3,32,22,12
20181121,서울특별시,11,은평구,11380,울산광역시,31,12,76,10,24,73,17,27,11,161,50,46
20181121,서울특별시,11,은평구,11380,대전광역시,30,26,94,8,46,129,18,55,15,184,82,65
20181121,서울특별시,11,은평구,11380,광주광역시,29,25,98,19,21,100,18,54,14,189,71,64
20181121,서울특별시,11,은평구,11380,인천광역시,28,47,239,36,90,247,28,117,31,440,150,133
20181121,서울특별시,11,은평구,11380,대구광역시,27,33,150,15,62,167,31,69,32,279,116,94
20181121,서울특별시,11,은평구,11380,부산광역시,26,45,237,42,80,258,47,122,18,410,172,167
20181121,서울특별시,11,은평구,11380,서울특별시,11,209,877,133,347,944,141,502,85,1300,534,506
20181121,서울특별시,11,성북구,11290,울산광역시,31,37,233,72,112,210,50,110,65,1502,474,155
20181121,서울특별시,11,성북구,11290,대전광역시,30,36,331,106,158,277,61,155,66,1854,683,216
20181121,서울특별시,11,성북구,11290,광주광역시,29,35,319,113,201,257,55,149,54,2098,759,219
20181121,서울특별시,11,노원구,11350,제주특별자치도,50,8,21,0,5,12,0,9,0,45,10,0
20181121,서울특별시,11,노원구,11350,경상남도,48,31,153,9,35,100,16,63,24,325,99,61
20181121,서울특별시,11,노원구,11350,경상북도,47,27,136,5,23,94,11,38,21,277,54,43
20181121,서울특별시,11,노원구,11350,전라남도,46,15,96,4,19,48,3,35,5,149,51,30
20181121,서울특별시,11,노원구,11350,전라북도,45,11,108,9,24,55,6,33,11,181,62,35
20181121,서울특별시,11,노원구,11350,충청남도,44,29,142,12,25,76,18,51,12,243,59,52
20181121,서울특별시,11,서대문구,11410,서울특별시,11,31,558,75,137,1011,41,507,46,1693,197,336
20181121,서울특별시,11,서대문구,11410,부산광역시,26,12,123,27,20,269,8,116,15,371,63,80
20181121,서울특별시,11,서대문구,11410,대구광역시,27,8,74,7,13,175,7,73,11,220,35,62
20181121,서울특별시,11,서대문구,11410,인천광역시,28,5,131,94,23,272,14,114,10,352,59,91
20181121,서울특별시,11,서대문구,11410,광주광역시,29,0,38,11,17,134,7,47,6,210,25,41
20181121,서울특별시,11,서대문구,11410,대전광역시,30,0,57,0,12,135,4,69,6,182,35,62
20181121,서울특별시,11,서대문구,11410,울산광역시,31,3,38,6,7,86,0,41,13,104,14,33
20181121,서울특별시,11,서대문구,11410,세종특별자치시,36,0,9,0,0,26,0,13,0,37,9,15
20181121,서울특별시,11,서대문구,11410,경기도,41,41,630,96,152,1429,63,565,70,1881,281,479
20181121,서울특별시,11,서대문구,11410,강원도,42,4,51,8,8,144,10,46,8,146,25,54
20181121,서울특별시,11,서대문구,11410,충청북도,43,4,43,10,16,169,11,75,8,198,21,57
20181121,서울특별시,11,서대문구,11410,충청남도,44,3,83,6,11,252,6,66,10,200,44,86
20181121,서울특별시,11,서대문구,11410,전라북도,45,4,64,28,9,169,3,77,10,168,28,53
20181121,서울특별시,11,서대문구,11410,전라남도,46,3,51,5,7,176,5,43,8,146,24,45
20181121,서울특별시,11,서대문구,11410,경상북도,47,4,73,8,11,236,6,82,13,230,26,76
20181121,서울특별시,11,서대문구,11410,경상남도,48,5,94,10,22,319,9,138,19,299,53,80
20181122,서울특별시,11,강동구,11740,전라남도,46,36,73,26,23,164,8,95,8,175,37,42
20181122,서울특별시,11,강동구,11740,경상북도,47,55,98,39,40,223,25,122,6,200,65,105
20181122,서울특별시,11,강동구,11740,경상남도,48,73,174,36,54,253,32,144,29,323,96,93
20181122,서울특별시,11,강서구,11500,제주특별자치도,50,6,56,13,32,64,0,21,3,78,41,47
20181122,서울특별시,11,서대문구,11410,강원도,42,4,68,11,12,143,0,65,7,130,23,56
20181122,서울특별시,11,서대문구,11410,경기도,41,51,665,50,121,1085,65,391,113,1644,316,387
20181122,서울특별시,11,서대문구,11410,세종특별자치시,36,0,8,0,0,45,0,8,3,31,7,7
20181122,서울특별시,11,노원구,11350,대구광역시,27,22,122,10,23,85,11,36,17,225,64,44
20181122,서울특별시,11,노원구,11350,부산광역시,26,25,185,9,39,98,16,61,23,273,126,83
20181122,서울특별시,11,노원구,11350,서울특별시,11,152,774,72,244,482,59,338,103,1213,394,264
20181122,서울특별시,11,성북구,11290,제주특별자치도,50,12,87,46,32,59,21,34,16,656,216,63
20181122,서울특별시,11,성북구,11290,경상남도,48,77,655,195,327,543,125,209,151,3623,1285,455
20181122,서울특별시,11,성북구,11290,경상북도,47,65,502,114,260,394,94,170,88,2646,883,346
20181122,서울특별시,11,성북구,11290,전라남도,46,43,336,79,151,254,80,118,81,1909,640,209
20181122,서울특별시,11,성북구,11290,전라북도,45,47,358,105,161,316,63,115,81,2086,686,236
20181122,서울특별시,11,성북구,11290,충청남도,44,65,486,114,227,402,114,149,111,2537,979,350
20181122,서울특별시,11,성북구,11290,충청북도,43,45,334,87,161,275,87,132,70,1883,662,201
20181122,서울특별시,11,성북구,11290,강원도,42,70,340,91,142,256,70,121,61,1730,592,184
20181122,서울특별시,11,성북구,11290,경기도,41,365,3207,1126,1542,2606,575,1161,620,16825,5975,2028
20181122,서울특별시,11,성북구,11290,세종특별자치시,36,11,104,29,37,65,14,26,15,450,177,42
20181122,서울특별시,11,성북구,11290,울산광역시,31,23,211,61,113,174,46,68,43,1206,420,151
20181122,서울특별시,11,성북구,11290,대전광역시,30,41,324,88,157,265,49,126,66,1936,743,226
20181122,서울특별시,11,성북구,11290,광주광역시,29,29,283,81,134,199,31,99,41,1649,644,196
20181122,서울특별시,11,송파구,11710,서울특별시,11,126,1662,120,691,953,91,1173,129,2962,837,664
20181122,서울특별시,11,서대문구,11410,울산광역시,31,0,36,0,11,66,0,27,12,116,12,31
20181122,서울특별시,11,서대문구,11410,대전광역시,30,0,60,4,11,139,5,41,18,149,35,50
20181122,서울특별시,11,서대문구,11410,광주광역시,29,0,57,5,7,104,5,29,15,158,20,32
20181122,서울특별시,11,서대문구,11410,인천광역시,28,12,126,21,28,227,10,90,22,290,50,95
20181122,서울특별시,11,서대문구,11410,대구광역시,27,8,75,17,18,168,10,58,13,222,31,64
20181122,서울특별시,11,서대문구,11410,부산광역시,26,12,117,8,27,233,13,95,24,313,64,77
20181122,서울특별시,11,광진구,11215,부산광역시,26,30,222,22,213,173,61,77,35,285,213,94
20181122,서울특별시,11,은평구,11380,서울특별시,11,217,813,96,330,607,141,262,69,1122,369,556
20181122,서울특별시,11,은평구,11380,부산광역시,26,44,218,33,70,181,36,82,15,364,122,182
20181122,서울특별시,11,은평구,11380,대구광역시,27,29,163,24,64,119,29,53,19,184,78,92
20181122,서울특별시,11,은평구,11380,인천광역시,28,59,194,20,94,183,38,74,17,373,105,161
20181122,서울특별시,11,은평구,11380,광주광역시,29,17,102,16,39,50,26,42,9,110,28,48
20181122,서울특별시,11,은평구,11380,대전광역시,30,20,102,19,43,87,18,37,4,140,52,74
20181122,서울특별시,11,성동구,11200,광주광역시,29,23,434,270,46,118,16,87,32,271,199,59
20181122,서울특별시,11,성동구,11200,인천광역시,28,54,931,557,129,282,39,238,52,653,410,108
20181122,서울특별시,11,성동구,11200,대구광역시,27,33,868,561,102,208,33,201,85,461,347,110
20181122,서울특별시,11,성동구,11200,부산광역시,26,48,983,528,134,282,44,248,68,653,434,100
20181122,서울특별시,11,성동구,11200,서울특별시,11,182,4225,1675,628,984,146,948,211,2591,1989,403
20181122,서울특별시,11,노원구,11350,전라남도,46,9,81,6,13,61,9,34,11,150,38,33
20181122,서울특별시,11,노원구,11350,경상북도,47,19,123,5,14,91,9,34,20,206,58,53
20181122,서울특별시,11,노원구,11350,경상남도,48,23,152,11,27,98,13,43,23,269,81,65
20181122,서울특별시,11,노원구,11350,제주특별자치도,50,7,26,3,0,10,0,7,0,46,10,9
20181122,서울특별시,11,은평구,11380,울산광역시,31,11,63,10,18,44,19,20,7,77,32,49
20181122,서울특별시,11,은평구,11380,세종특별자치시,36,3,25,4,7,19,4,4,3,24,8,17
20181122,서울특별시,11,강동구,11740,제주특별자치도,50,10,30,4,3,33,5,15,5,51,15,11
20181122,서울특별시,11,광진구,11215,대구광역시,27,23,146,10,126,122,48,34,30,206,144,56
20181122,서울특별시,11,광진구,11215,세종특별자치시,36,0,20,5,17,23,8,13,3,23,18,5
20181122,서울특별시,11,광진구,11215,경기도,41,182,970,95,941,823,295,385,186,1655,958,439
20181122,서울특별시,11,광진구,11215,강원도,42,20,93,11,95,95,20,33,17,130,86,35
20181122,서울특별시,11,광진구,11215,충청북도,43,18,104,12,111,92,30,47,23,171,97,41
20181122,서울특별시,11,광진구,11215,충청남도,44,30,150,20,149,118,55,48,18,207,141,50
20181122,서울특별시,11,은평구,11380,전라북도,45,13,120,17,31,71,20,29,8,194,68,73
20181122,서울특별시,11,은평구,11380,전라남도,46,19,118,15,27,61,25,65,13,173,60,88
20181122,서울특별시,11,은평구,11380,경상북도,47,39,165,23,45,107,37,53,17,244,87,124
20181122,서울특별시,11,은평구,11380,경상남도,48,35,227,42,72,141,45,55,17,294,109,149
20181122,서울특별시,11,은평구,11380,제주특별자치도,50,6,24,3,5,18,15,10,3,44,27,20
20181122,서울특별시,11,성북구,11290,인천광역시,28,81,713,135,349,534,119,228,125,3761,1345,482
20181122,서울특별시,11,영등포구,11560,세종특별자치시,36,0,27,4,47,19,4,24,5,29,5,5
20181122,서울특별시,11,영등포구,11560,울산광역시,31,8,99,11,137,60,10,118,5,66,13,21
20181122,서울특별시,11,영등포구,11560,대전광역시,30,10,138,27,301,116,13,135,6,112,33,19
20181122,서울특별시,11,영등포구,11560,광주광역시,29,0,108,18,174,62,7,124,3,84,25,30
20181122,서울특별시,11,영등포구,11560,인천광역시,28,33,448,51,505,313,21,310,17,227,69,96
20181122,서울특별시,11,영등포구,11560,대구광역시,27,16,287,36,355,165,20,200,18,153,47,49
20181122,서울특별시,11,영등포구,11560,부산광역시,26,27,409,58,535,379,29,362,10,221,69,60
20181122,서울특별시,11,영등포구,11560,서울특별시,11,69,1540,160,2034,1227,79,1446,45,1011,274,343
20181122,서울특별시,11,강북구,11305,제주특별자치도,50,0,28,0,9,15,0,0,6,81,5,4
20181122,서울특별시,11,강북구,11305,경상남도,48,11,195,6,40,45,18,31,83,675,99,50
20181122,서울특별시,11,강북구,11305,경상북도,47,13,139,9,31,51,9,23,37,448,81,42
20181122,서울특별시,11,강북구,11305,전라남도,46,7,93,6,28,33,8,20,36,325,46,12
20181122,서울특별시,11,서초구,11650,제주특별자치도,50,6,72,10,18,38,15,37,9,35,25,8
20181122,서울특별시,11,서초구,11650,경상남도,48,38,332,79,127,265,50,203,77,193,129,83
20181122,서울특별시,11,서초구,11650,경상북도,47,33,278,50,127,242,32,165,34,139,122,79
20181122,서울특별시,11,서초구,11650,전라남도,46,20,194,34,81,145,26,119,30,85,92,38
20181122,서울특별시,11,서초구,11650,전라북도,45,37,220,51,102,163,26,105,33,113,90,35
20181122,서울특별시,11,서초구,11650,충청남도,44,30,279,55,114,261,41,156,40,150,139,56
20181122,서울특별시,11,서초구,11650,충청북도,43,15,254,45,74,180,30,111,40,146,111,44
20181122,서울특별시,11,서초구,11650,강원도,42,19,251,36,67,167,18,128,42,83,85,42
20181122,서울특별시,11,서초구,11650,경기도,41,270,3626,545,793,1515,329,1225,290,1662,928,446
20181122,서울특별시,11,서초구,11650,세종특별자치시,36,3,55,8,22,32,5,29,9,24,24,6
20181122,서울특별시,11,서초구,11650,울산광역시,31,15,132,18,38,87,26,78,16,64,59,21
20181122,서울특별시,11,서초구,11650,대전광역시,30,22,231,49,77,161,26,103,32,124,89,38
20181122,서울특별시,11,서초구,11650,광주광역시,29,22,149,34,37,102,21,84,29,91,70,33
20181122,서울특별시,11,서초구,11650,인천광역시,28,45,585,65,153,311,67,267,75,238,190,95
20181122,서울특별시,11,서초구,11650,대구광역시,27,44,338,60,94,251,37,185,38,197,150,96
20181122,서울특별시,11,서초구,11650,부산광역시,26,50,476,83,177,342,55,284,61,266,199,110
20181122,서울특별시,11,서초구,11650,서울특별시,11,227,4939,550,775,1294,280,1409,155,1209,837,514
20181122,서울특별시,11,강북구,11305,전라북도,45,7,105,7,20,38,4,18,37,321,54,23
20181122,서울특별시,11,구로구,11530,제주특별자치도,50,10,60,4,21,48,11,6,13,73,13,21
20181122,서울특별시,11,구로구,11530,경상남도,48,27,262,28,125,301,51,156,16,427,90,154
20181122,서울특별시,11,구로구,11530,경상북도,47,19,208,13,92,253,37,130,22,293,82,117
20181122,서울특별시,11,구로구,11530,전라남도,46,15,161,14,77,152,24,82,10,173,53,89
20181122,서울특별시,11,구로구,11530,전라북도,45,9,133,15,74,177,29,81,17,247,56,85
20181122,서울특별시,11,구로구,11530,충청남도,44,27,227,13,108,252,30,123,24,340,67,110
20181122,서울특별시,11,구로구,11530,충청북도,43,15,172,12,81,192,24,84,19,259,51,66
20181122,서울특별시,11,구로구,11530,강원도,42,11,156,9,101,188,23,65,28,204,42,87
20181122,서울특별시,11,구로구,11530,경기도,41,193,1563,221,740,1590,221,662,166,2372,522,827
20181122,서울특별시,11,구로구,11530,세종특별자치시,36,4,31,3,14,43,8,15,4,50,15,15
20181122,서울특별시,11,성북구,11290,대구광역시,27,55,487,180,223,435,109,198,106,2716,999,335
20181122,서울특별시,11,성북구,11290,부산광역시,26,94,695,220,325,553,133,283,147,3895,1346,506
20181122,서울특별시,11,서대문구,11410,서울특별시,11,40,641,79,98,843,43,357,79,1359,255,291
20181122,서울특별시,11,노원구,11350,강원도,42,12,69,5,16,39,4,24,9,107,44,37
20181122,서울특별시,11,광진구,11215,인천광역시,28,46,200,23,191,159,56,71,45,301,203,85
20181122,서울특별시,11,강동구,11740,서울특별시,11,359,856,202,282,1154,102,882,136,1277,404,421
20181122,서울특별시,11,강동구,11740,부산광역시,26,82,185,51,57,266,26,211,21,366,138,128
20181122,서울특별시,11,강동구,11740,대구광역시,27,48,108,41,54,210,15,145,8,234,64,68
20181122,서울특별시,11,강동구,11740,인천광역시,28,92,160,58,61,341,26,156,29,341,97,92
20181122,서울특별시,11,강동구,11740,광주광역시,29,12,56,18,19,121,10,52,6,134,41,55
20181122,서울특별시,11,강동구,11740,대전광역시,30,32,92,19,23,148,9,65,15,150,51,40
20181122,서울특별시,11,광진구,11215,전라북도,45,15,87,12,85,73,35,29,16,165,105,63
20181122,서울특별시,11,광진구,11215,전라남도,46,12,87,8,88,73,41,32,18,130,123,30
20181122,서울특별시,11,광진구,11215,경상북도,47,26,130,37,123,141,60,51,19,199,136,60
20181122,서울특별시,11,광진구,11215,경상남도,48,28,141,12,182,138,81,76,32,261,207,74
20181122,서울특별시,11,광진구,11215,제주특별자치도,50,8,30,4,25,21,6,4,3,53,23,11
20181122,서울특별시,11,노원구,11350,충청북도,43,14,75,9,18,65,8,37,17,181,44,32
20181122,서울특별시,11,송파구,11710,경기도,41,116,1552,156,814,1818,153,1116,177,3944,1057,751
20181122,서울특별시,11,송파구,11710,강원도,42,6,164,7,66,206,12,122,24,342,95,81
20181122,서울특별시,11,송파구,11710,충청북도,43,18,161,20,83,235,10,95,16,475,102,57
20181122,서울특별시,11,송파구,11710,충청남도,44,6,213,11,108,245,16,129,21,560,140,111
20181122,서울특별시,11,강북구,11305,서울특별시,11,51,678,29,180,242,39,125,165,1918,377,211
20181122,서울특별시,11,강북구,11305,부산광역시,26,12,202,10,25,77,18,43,42,662,107,52
20181122,서울특별시,11,강북구,11305,대구광역시,27,7,143,9,27,55,10,27,38,448,78,39
20181122,서울특별시,11,강북구,11305,인천광역시,28,17,190,13,38,66,14,37,53,648,98,60
20181122,서울특별시,11,강북구,11305,광주광역시,29,3,87,4,14,25,0,17,25,250,41,26
20181122,서울특별시,11,강북구,11305,대전광역시,30,10,88,5,19,35,9,30,27,316,55,28
20181122,서울특별시,11,강북구,11305,울산광역시,31,5,61,3,11,22,0,7,25,194,30,17
20181122,서울특별시,11,강북구,11305,세종특별자치시,36,0,20,0,5,12,3,4,6,89,10,6
20181122,서울특별시,11,송파구,11710,전라북도,45,7,150,13,85,202,17,130,24,419,91,92
20181122,서울특별시,11,도봉구,11320,제주특별자치도,50,3,78,8,10,20,8,48,9,50,28,29
20181122,서울특별시,11,도봉구,11320,경상남도,48,32,364,20,222,145,33,203,62,316,259,260
20181122,서울특별시,11,도봉구,11320,경상북도,47,30,368,18,209,103,25,161,52,259,244,219
20181122,서울특별시,11,도봉구,11320,전라남도,46,14,200,33,130,74,20,99,26,185,121,134
20181122,서울특별시,11,도봉구,11320,전라북도,45,18,245,13,137,65,17,117,35,196,121,152
20181122,서울특별시,11,도봉구,11320,충청남도,44,18,313,16,184,102,19,168,51,251,195,194
20181122,서울특별시,11,송파구,11710,제주특별자치도,50,3,40,6,28,45,5,24,0,107,42,19
20181122,서울특별시,11,송파구,11710,경상남도,48,24,244,11,138,440,21,195,33,714,175,165
20181122,서울특별시,11,송파구,11710,경상북도,47,17,232,10,104,315,19,143,16,513,120,112
20181122,서울특별시,11,도봉구,11320,충청북도,43,12,219,20,141,81,20,115,30,210,122,143
20181122,서울특별시,11,도봉구,11320,강원도,42,13,264,7,123,87,21,120,39,149,119,113
20181122,서울특별시,11,도봉구,11320,경기도,41,139,2456,100,1392,780,156,1098,297,1790,1178,1288
20181122,서울특별시,11,도봉구,11320,세종특별자치시,36,0,52,6,41,14,5,25,8,37,29,35
20181122,서울특별시,11,도봉구,11320,울산광역시,31,3,139,8,83,61,10,75,21,111,98,84
20181122,서울특별시,11,도봉구,11320,대전광역시,30,10,275,17,122,64,10,140,29,168,125,147
20181122,서울특별시,11,도봉구,11320,광주광역시,29,8,211,10,120,68,12,94,17,117,169,106
20181122,서울특별시,11,도봉구,11320,인천광역시,28,32,529,15,258,158,22,231,70,374,244,311
20181122,서울특별시,11,도봉구,11320,대구광역시,27,13,382,13,178,90,20,167,36,257,168,236
20181122,서울특별시,11,도봉구,11320,부산광역시,26,23,516,23,311,152,31,259,71,357,283,316
20181122,서울특별시,11,도봉구,11320,서울특별시,11,101,2486,96,1157,632,114,950,196,1219,855,978
20181122,서울특별시,11,노원구,11350,충청남도,44,27,137,12,34,69,12,69,16,200,57,36
20181122,서울특별시,11,노원구,11350,전라북도,45,9,91,0,13,60,4,28,17,160,28,31
20181122,서울특별시,11,성북구,11290,서울특별시,11,355,2802,1375,1339,1946,421,1096,396,13018,4942,1559
20181122,서울특별시,11,용산구,11170,서울특별시,11,156,1875,127,9433,1084,404,403,159,1462,557,279
20181122,서울특별시,11,용산구,11170,부산광역시,26,38,457,14,2415,296,140,83,38,338,128,48
20181122,서울특별시,11,용산구,11170,대구광역시,27,30,313,9,1531,179,72,42,19,264,95,41
20181122,서울특별시,11,용산구,11170,인천광역시,28,37,484,22,2095,300,130,90,38,336,147,60
20181122,서울특별시,11,용산구,11170,광주광역시,29,14,178,5,754,78,69,35,18,152,39,23
20181122,서울특별시,11,용산구,11170,대전광역시,30,8,208,7,1246,151,66,58,23,177,62,30
20181122,서울특별시,11,용산구,11170,울산광역시,31,9,129,5,601,76,43,26,15,113,43,11
20181122,서울특별시,11,노원구,11350,경기도,41,160,954,92,325,563,83,276,147,1801,505,273
20181122,서울특별시,11,구로구,11530,서울특별시,11,122,1366,228,591,1263,155,563,146,1907,394,700
20181122,서울특별시,11,구로구,11530,부산광역시,26,35,311,19,158,341,58,161,22,465,110,247
20181122,서울특별시,11,구로구,11530,대구광역시,27,22,218,20,99,254,25,122,14,370,67,119
20181122,서울특별시,11,구로구,11530,인천광역시,28,28,308,42,167,358,43,142,41,496,92,192
20181122,서울특별시,11,구로구,11530,광주광역시,29,9,110,5,54,117,17,59,12,223,46,72
20181122,서울특별시,11,구로구,11530,대전광역시,30,8,202,11,72,188,24,85,13,286,65,95
20181122,서울특별시,11,구로구,11530,울산광역시,31,9,69,6,37,80,15,54,11,118,33,52
20181122,서울특별시,11,노원구,11350,세종특별자치시,36,7,19,4,7,10,0,3,7,31,12,7
20181122,서울특별시,11,노원구,11350,울산광역시,31,5,36,0,8,33,5,20,4,63,30,19
20181122,서울특별시,11,노원구,11350,대전광역시,30,8,101,4,15,58,7,22,11,139,47,27
20181122,서울특별시,11,노원구,11350,광주광역시,29,17,83,3,12,35,9,21,4,129,29,32
20181122,서울특별시,11,노원구,11350,인천광역시,28,30,203,15,42,123,11,62,20,322,91,50
20181122,서울특별시,11,종로구,11110,강원도,42,25,113,17,22,67,3,25,26,176,134,13
20181122,서울특별시,11,종로구,11110,경기도,41,251,1044,166,274,715,59,250,166,1462,1252,134
20181122,서울특별시,11,양천구,11470,제주특별자치도,50,24,14,4,13,26,8,11,4,24,15,20
20181122,서울특별시,11,양천구,11470,경상남도,48,70,131,10,128,259,66,140,33,193,93,140
20181122,서울특별시,11,양천구,11470,경상북도,47,59,93,4,90,163,69,73,27,119,65,93
20181122,서울특별시,11,양천구,11470,전라남도,46,51,76,12,67,123,42,69,15,76,42,60
20181122,서울특별시,11,양천구,11470,전라북도,45,54,78,4,70,148,41,68,19,105,36,65
20181122,서울특별시,11,양천구,11470,충청남도,44,72,111,16,91,192,46,103,42,149,57,106
20181122,서울특별시,11,양천구,11470,충청북도,43,52,86,16,79,160,25,71,22,133,42,68
20181122,서울특별시,11,양천구,11470,강원도,42,44,96,0,57,117,26,43,26,71,40,72
20181122,서울특별시,11,양천구,11470,경기도,41,454,871,64,668,1231,283,587,210,1281,523,622
20181122,서울특별시,11,양천구,11470,세종특별자치시,36,14,16,0,14,33,5,18,19,23,13,17
20181122,서울특별시,11,양천구,11470,울산광역시,31,32,36,0,40,67,24,28,13,59,32,35
20181122,서울특별시,11,양천구,11470,대전광역시,30,34,78,5,80,129,26,69,16,87,41,80
20181122,서울특별시,11,양천구,11470,광주광역시,29,36,50,7,40,96,31,53,22,83,39,54
20181122,서울특별시,11,동대문구,11230,서울특별시,11,384,1537,160,542,1060,183,1433,163,3495,940,426
20181122,서울특별시,11,동대문구,11230,부산광역시,26,83,416,45,157,324,48,466,45,1009,255,120
20181122,서울특별시,11,동대문구,11230,대구광역시,27,74,311,21,105,236,33,288,31,743,206,101
20181122,서울특별시,11,동대문구,11230,인천광역시,28,94,468,28,135,328,55,386,59,1042,263,117
20181122,서울특별시,11,동대문구,11230,광주광역시,29,25,170,26,42,106,24,131,20,418,115,54
20181122,서울특별시,11,동대문구,11230,대전광역시,30,51,238,38,81,165,28,217,19,466,130,65
20181122,서울특별시,11,동대문구,11230,울산광역시,31,30,132,18,30,97,21,118,21,296,90,36
20181122,서울특별시,11,양천구,11470,인천광역시,28,92,182,16,127,245,55,147,50,170,84,136
20181122,서울특별시,11,양천구,11470,대구광역시,27,59,129,9,105,175,45,83,36,124,66,102
20181122,서울특별시,11,양천구,11470,부산광역시,26,97,190,8,146,265,71,144,51,194,101,142
20181122,서울특별시,11,양천구,11470,서울특별시,11,331,779,89,574,874,224,501,136,782,381,546
20181122,서울특별시,11,동대문구,11230,제주특별자치도,50,13,96,5,17,42,3,47,5,145,40,15
20181122,서울특별시,11,동대문구,11230,경상남도,48,74,413,29,131,291,68,419,59,964,222,107
20181122,서울특별시,11,동대문구,11230,경상북도,47,57,324,19,103,292,47,333,34,629,187,75
20181122,서울특별시,11,동대문구,11230,전라남도,46,46,250,19,68,160,25,224,27,491,103,64
20181122,서울특별시,11,동대문구,11230,전라북도,45,36,236,21,78,150,26,213,31,524,130,53
20181122,서울특별시,11,동대문구,11230,충청남도,44,64,363,24,84,276,41,294,29,678,172,91
20181122,서울특별시,11,종로구,11110,세종특별자치시,36,6,21,5,0,10,0,11,5,44,33,5
20181122,서울특별시,11,종로구,11110,울산광역시,31,17,53,10,13,30,8,7,13,113,67,4
20181122,서울특별시,11,송파구,11710,전라남도,46,10,143,12,64,280,13,115,15,352,52,101
20181122,서울특별시,11,강북구,11305,충청남도,44,9,135,10,25,39,8,30,42,456,76,38
20181122,서울특별시,11,강북구,11305,충청북도,43,9,130,3,16,32,6,17,28,364,44,26
20181122,서울특별시,11,강북구,11305,강원도,42,4,84,4,21,32,8,45,26,292,40,25
20181122,서울특별시,11,강북구,11305,경기도,41,63,915,52,218,338,47,129,304,2983,543,287
20181122,서울특별시,11,종로구,11110,인천광역시,28,40,241,32,59,122,14,38,42,242,271,34
20181122,서울특별시,11,금천구,11545,제주특별자치도,50,15,77,4,58,102,26,42,10,174,74,58
20181122,서울특별시,11,금천구,11545,경상남도,48,104,409,68,335,501,86,350,75,743,306,502
20181122,서울특별시,11,금천구,11545,경상북도,47,94,313,34,279,446,52,270,43,542,235,312
20181122,서울특별시,11,금천구,11545,전라남도,46,74,218,21,205,343,49,170,27,362,203,200
20181122,서울특별시,11,종로구,11110,충청북도,43,30,102,17,38,57,6,17,13,183,146,8
20181122,서울특별시,11,종로구,11110,충청남도,44,37,155,30,47,90,9,30,29,227,208,32
20181122,서울특별시,11,종로구,11110,전라북도,45,28,100,12,32,59,10,27,22,162,125,12
20181122,서울특별시,11,종로구,11110,전라남도,46,31,76,16,14,62,4,18,16,208,141,14
20181122,서울특별시,11,종로구,11110,경상북도,47,40,136,20,38,105,7,34,25,247,159,13
20181122,서울특별시,11,종로구,11110,경상남도,48,57,208,44,56,126,10,40,35,330,243,15
20181122,서울특별시,11,종로구,11110,제주특별자치도,50,7,34,10,8,18,0,4,20,50,32,8
20181122,서울특별시,11,종로구,11110,대구광역시,27,37,147,33,36,74,5,13,28,254,183,21
20181122,서울특별시,11,종로구,11110,부산광역시,26,63,213,49,55,167,15,37,35,410,276,35
20181122,서울특별시,11,용산구,11170,세종특별자치시,36,5,45,0,261,43,18,9,5,42,12,7
20181122,서울특별시,11,은평구,11380,강원도,42,20,109,17,27,95,20,52,8,163,57,70
20181122,서울특별시,11,강남구,11680,제주특별자치도,50,13,122,0,32,43,6,24,7,145,37,64
20181122,서울특별시,11,금천구,11545,전라북도,45,72,240,39,234,323,39,140,40,485,194,230
20181122,서울특별시,11,금천구,11545,충청남도,44,79,309,43,292,461,43,254,44,499,239,418
20181122,서울특별시,11,금천구,11545,충청북도,43,67,233,28,205,321,36,153,46,399,148,280
20181122,서울특별시,11,금천구,11545,강원도,42,62,222,22,215,277,35,175,41,364,176,208
20181122,서울특별시,11,강남구,11680,경상남도,48,59,409,20,171,270,37,179,40,614,241,325
20181122,서울특별시,11,강남구,11680,경상북도,47,35,282,36,110,174,32,158,19,457,168,264
20181122,서울특별시,11,강남구,11680,전라남도,46,23,228,6,80,124,16,97,13,297,118,163
20181122,서울특별시,11,강남구,11680,전라북도,45,24,209,23,103,138,21,92,31,398,126,191
20181122,서울특별시,11,강남구,11680,충청남도,44,30,296,18,132,211,37,123,29,498,178,241
20181122,서울특별시,11,강남구,11680,충청북도,43,31,238,21,107,161,19,107,17,428,116,202
20181122,서울특별시,11,강남구,11680,강원도,42,20,214,15,76,131,20,110,20,329,117,182
20181122,서울특별시,11,강남구,11680,경기도,41,338,2653,258,975,1594,252,1028,234,4334,1368,1821
20181122,서울특별시,11,강남구,11680,세종특별자치시,36,14,53,6,25,60,4,20,5,65,44,55
20181122,서울특별시,11,동작구,11590,제주특별자치도,50,5,23,6,13,11,4,0,0,38,18,18
20181122,서울특별시,11,동작구,11590,경상남도,48,38,118,30,95,86,28,21,27,160,66,180
20181122,서울특별시,11,동작구,11590,경상북도,47,28,85,23,61,65,9,16,10,109,36,111
20181122,서울특별시,11,동작구,11590,전라남도,46,17,67,11,38,45,11,15,19,62,44,63
20181122,서울특별시,11,동작구,11590,전라북도,45,31,59,18,57,45,18,22,21,111,44,80
20181122,서울특별시,11,동작구,11590,충청남도,44,49,90,21,61,69,20,30,31,114,63,103
20181122,서울특별시,11,동작구,11590,충청북도,43,16,79,17,46,63,8,9,10,116,37,67
20181122,서울특별시,11,동작구,11590,강원도,42,24,49,23,35,33,9,8,17,68,32,55
20181122,서울특별시,11,금천구,11545,경기도,41,658,2355,539,1960,3063,353,1673,359,3482,1721,2037
20181122,서울특별시,11,금천구,11545,세종특별자치시,36,16,53,11,44,92,7,46,11,114,48,51
20181122,서울특별시,11,금천구,11545,울산광역시,31,29,117,16,131,137,13,115,22,266,111,149
20181122,서울특별시,11,금천구,11545,대전광역시,30,75,221,46,209,357,34,176,30,408,201,205
20181122,서울특별시,11,금천구,11545,광주광역시,29,56,181,28,152,185,37,146,37,399,168,188
20181122,서울특별시,11,금천구,11545,인천광역시,28,178,449,80,382,835,60,366,62,702,398,452
20181122,서울특별시,11,금천구,11545,대구광역시,27,70,384,56,293,466,61,248,50,544,272,309
20181122,서울특별시,11,금천구,11545,부산광역시,26,109,464,52,426,759,135,378,75,815,418,516
20181122,서울특별시,11,금천구,11545,서울특별시,11,525,2039,352,1508,2901,299,1424,255,3148,1490,1668
20181122,서울특별시,11,강남구,11680,울산광역시,31,17,135,10,66,80,9,57,17,206,78,149
20181122,서울특별시,11,강남구,11680,대전광역시,30,34,240,30,118,148,19,105,35,417,159,192
20181122,서울특별시,11,강남구,11680,광주광역시,29,20,179,12,74,116,9,82,15,304,111,172
20181122,서울특별시,11,강남구,11680,인천광역시,28,83,521,47,245,340,39,188,38,745,262,415
20181122,서울특별시,11,은평구,11380,충청북도,43,19,117,14,43,68,23,30,6,181,64,84
20181122,서울특별시,11,용산구,11170,경기도,41,191,2053,120,10478,1254,617,389,230,1812,623,283
20181122,서울특별시,11,용산구,11170,강원도,42,21,229,9,1092,131,52,31,23,152,59,23
20181122,서울특별시,11,용산구,11170,충청북도,43,24,208,8,1110,114,73,32,16,191,39,27
20181122,서울특별시,11,용산구,11170,충청남도,44,31,311,13,1611,219,99,49,29,226,88,48
20181122,서울특별시,11,강남구,11680,대구광역시,27,63,458,37,144,234,28,119,38,643,229,309
20181122,서울특별시,11,강남구,11680,부산광역시,26,60,585,50,169,334,33,242,34,1006,307,459
20181122,서울특별시,11,강남구,11680,서울특별시,11,344,2895,356,1077,1382,187,1049,234,3995,1298,1823
20181122,서울특별시,11,용산구,11170,전라북도,45,22,216,10,1048,146,68,39,20,197,56,39
20181122,서울특별시,11,용산구,11170,전라남도,46,24,208,10,898,139,54,43,20,185,42,29
20181122,서울특별시,11,용산구,11170,경상북도,47,33,327,7,1442,193,108,50,22,251,84,53
20181122,서울특별시,11,강서구,11500,대전광역시,30,18,214,45,108,236,9,205,32,261,142,137
20181122,서울특별시,11,강서구,11500,광주광역시,29,16,126,28,68,141,16,121,14,273,121,129
20181122,서울특별시,11,강서구,11500,인천광역시,28,42,394,60,223,364,32,488,45,585,275,283
20181122,서울특별시,11,강서구,11500,대구광역시,27,34,304,47,155,241,31,269,39,386,182,215
20181122,서울특별시,11,강서구,11500,부산광역시,26,44,407,70,198,403,44,470,65,553,301,325
20181122,서울특별시,11,강서구,11500,서울특별시,11,180,1690,250,992,1491,133,1808,172,2006,974,1088
20181122,서울특별시,11,용산구,11170,경상남도,48,38,359,19,1748,255,127,54,29,318,109,49
20181122,서울특별시,11,용산구,11170,제주특별자치도,50,3,71,6,353,28,8,10,6,60,16,12
20181122,서울특별시,11,관악구,11620,서울특별시,11,511,810,319,585,649,64,220,94,1140,335,524
20181122,서울특별시,11,관악구,11620,부산광역시,26,317,201,65,163,182,21,52,32,249,101,164
20181122,서울특별시,11,관악구,11620,대구광역시,27,51,153,45,113,106,21,26,28,193,52,113
20181122,서울특별시,11,관악구,11620,인천광역시,28,245,254,37,128,196,29,47,33,231,72,150
20181122,서울특별시,11,관악구,11620,광주광역시,29,263,83,15,55,70,6,22,20,106,30,68
20181122,서울특별시,11,관악구,11620,대전광역시,30,41,107,26,80,85,8,29,26,127,36,63
20181122,서울특별시,11,관악구,11620,울산광역시,31,82,65,7,34,59,3,15,13,84,17,46
20181122,서울특별시,11,관악구,11620,세종특별자치시,36,4,23,8,17,28,0,5,8,28,11,18
20181122,서울특별시,11,관악구,11620,경기도,41,570,1045,239,575,939,110,231,205,1571,418,612
20181122,서울특별시,11,관악구,11620,강원도,42,164,103,22,71,97,8,24,18,115,22,68
20181122,서울특별시,11,광진구,11215,서울특별시,11,104,849,76,832,676,204,354,110,1218,854,376
20181122,서울특별시,11,관악구,11620,충청북도,43,34,148,23,86,68,11,27,36,172,33,76
20181122,서울특별시,11,관악구,11620,충청남도,44,63,161,21,114,123,15,34,27,192,61,98
20181122,서울특별시,11,성동구,11200,전라남도,46,19,424,306,40,108,17,116,39,336,172,34
20181122,서울특별시,11,성동구,11200,전라북도,45,21,514,328,63,152,23,123,32,335,190,48
20181122,서울특별시,11,동대문구,11230,세종특별자치시,36,13,44,5,15,45,10,39,6,111,41,9
20181122,서울특별시,11,동대문구,11230,경기도,41,414,2086,183,688,1626,257,1793,251,4510,1195,539
20181122,서울특별시,11,동대문구,11230,강원도,42,47,204,15,69,177,27,212,24,461,113,59
20181122,서울특별시,11,동대문구,11230,충청북도,43,54,220,19,96,211,21,225,30,507,128,67
20181122,서울특별시,11,동작구,11590,경기도,41,205,653,232,459,532,135,154,111,1174,422,795
20181122,서울특별시,11,마포구,11440,서울특별시,11,295,2191,813,1386,1374,109,1435,143,2610,1476,612
20181122,서울특별시,11,마포구,11440,부산광역시,26,31,447,115,259,348,24,409,43,620,375,216
20181122,서울특별시,11,마포구,11440,대구광역시,27,38,286,78,159,233,12,200,30,423,272,117
20181122,서울특별시,11,관악구,11620,전라북도,45,26,117,20,77,92,0,24,40,162,48,78
20181122,서울특별시,11,성동구,11200,충청남도,44,20,681,471,80,169,46,206,39,464,225,55
20181122,서울특별시,11,성동구,11200,충청북도,43,17,375,193,64,134,22,117,28,285,169,36
20181122,서울특별시,11,관악구,11620,전라남도,46,147,113,13,91,72,11,31,19,127,42,64
20181122,서울특별시,11,관악구,11620,경상북도,47,47,157,27,93,105,11,32,29,188,59,120
20181122,서울특별시,11,관악구,11620,경상남도,48,90,214,24,125,199,20,47,34,267,79,141
20181122,서울특별시,11,관악구,11620,제주특별자치도,50,13,42,6,28,42,0,31,3,46,13,11
20181122,서울특별시,11,강동구,11740,울산광역시,31,11,39,21,18,131,9,54,3,94,35,27
20181122,서울특별시,11,강동구,11740,세종특별자치시,36,11,15,5,11,41,0,24,3,29,8,7
20181122,서울특별시,11,강동구,11740,경기도,41,406,894,241,273,1440,114,830,126,1826,479,488
20181122,서울특별시,11,중랑구,11260,서울특별시,11,280,1233,211,1155,1584,166,614,302,3582,1239,778
20181122,서울특별시,11,중랑구,11260,부산광역시,26,87,358,44,333,421,49,170,107,1077,381,174
20181122,서울특별시,11,중랑구,11260,대구광역시,27,47,247,33,191,306,40,126,78,772,266,137
20181122,서울특별시,11,중랑구,11260,인천광역시,28,87,378,34,315,392,72,150,105,1099,373,204
20181122,서울특별시,11,중랑구,11260,광주광역시,29,34,124,22,113,157,22,44,46,480,157,69
20181122,서울특별시,11,중랑구,11260,대전광역시,30,30,134,34,186,220,16,72,47,525,197,80
20181122,서울특별시,11,중랑구,11260,울산광역시,31,16,115,12,96,130,22,67,37,331,150,77
20181122,서울특별시,11,마포구,11440,인천광역시,28,82,438,91,254,298,20,515,52,607,347,176
20181122,서울특별시,11,마포구,11440,광주광역시,29,15,192,40,75,111,8,118,13,264,156,51
20181122,서울특별시,11,마포구,11440,대전광역시,30,43,233,61,175,179,9,171,23,337,193,91
20181122,서울특별시,11,마포구,11440,울산광역시,31,9,97,38,59,76,8,89,12,196,99,55
20181122,서울특별시,11,마포구,11440,세종특별자치시,36,8,67,16,22,28,0,42,8,62,35,20
20181122,서울특별시,11,마포구,11440,경기도,41,365,2160,564,1387,1468,97,1562,180,3050,1648,771
20181122,서울특별시,11,마포구,11440,강원도,42,51,209,62,104,135,0,159,29,294,142,77
20181122,서울특별시,11,마포구,11440,충청북도,43,43,215,66,97,156,11,173,30,344,179,75
20181122,서울특별시,11,마포구,11440,충청남도,44,21,292,76,132,214,15,254,37,399,216,105
20181122,서울특별시,11,마포구,11440,전라북도,45,24,195,72,87,159,12,144,24,311,162,83
20181122,서울특별시,11,마포구,11440,전라남도,46,16,225,51,105,127,8,123,19,283,172,63
20181122,서울특별시,11,마포구,11440,경상북도,47,26,291,75,142,211,16,239,31,409,219,110
20181122,서울특별시,11,마포구,11440,경상남도,48,39,332,89,194,284,18,298,29,524,276,170
20181122,서울특별시,11,마포구,11440,제주특별자치도,50,39,77,26,29,55,0,66,13,137,45,35
20181122,서울특별시,11,동작구,11590,서울특별시,11,146,534,241,422,447,93,139,70,886,322,701
20181122,서울특별시,11,동작구,11590,부산광역시,26,39,112,53,88,125,23,29,22,183,81,180
20181122,서울특별시,11,동작구,11590,대구광역시,27,40,97,29,81,95,27,25,15,116,65,123
20181122,서울특별시,11,동작구,11590,인천광역시,28,53,148,37,83,96,25,39,26,172,92,187
20181122,서울특별시,11,동작구,11590,광주광역시,29,19,66,18,34,32,10,8,9,79,45,73
20181122,서울특별시,11,동작구,11590,대전광역시,30,24,61,22,48,70,12,13,7,94,41,78
20181122,서울특별시,11,동작구,11590,울산광역시,31,11,26,9,28,22,10,10,8,46,23,46
20181122,서울특별시,11,동작구,11590,세종특별자치시,36,3,14,7,10,14,6,6,9,16,8,18
20181122,서울특별시,11,중랑구,11260,세종특별자치시,36,7,42,12,32,46,9,24,23,113,44,25
20181122,서울특별시,11,중랑구,11260,경기도,41,352,1766,199,1365,2046,288,684,491,5025,1832,851
20181122,서울특별시,11,중랑구,11260,강원도,42,25,138,25,130,240,37,90,44,450,162,86
20181122,서울특별시,11,중랑구,11260,충청북도,43,30,167,17,136,245,40,67,58,602,191,108
20181122,서울특별시,11,중구,11140,서울특별시,11,427,2395,317,339,2292,190,668,110,4498,1225,465
20181122,서울특별시,11,중구,11140,부산광역시,26,106,617,86,90,607,63,152,35,1114,273,152
20181122,서울특별시,11,중구,11140,대구광역시,27,69,441,76,43,349,35,111,23,780,196,79
20181122,서울특별시,11,중구,11140,인천광역시,28,85,376,61,94,574,39,121,33,1007,271,99
20181122,서울특별시,11,중구,11140,광주광역시,29,21,267,44,30,201,25,55,16,448,100,44
20181122,서울특별시,11,중구,11140,대전광역시,30,29,262,28,32,313,18,69,17,527,142,69
20181122,서울특별시,11,중구,11140,울산광역시,31,16,152,19,18,135,20,44,8,282,76,28
20181122,서울특별시,11,중구,11140,세종특별자치시,36,6,63,21,6,73,12,24,11,105,28,10
20181122,서울특별시,11,중구,11140,경기도,41,387,2443,376,352,2577,238,710,163,4871,1211,459
20181122,서울특별시,11,중구,11140,강원도,42,34,246,30,29,218,32,55,11,454,137,38
20181122,서울특별시,11,중구,11140,충청북도,43,37,271,31,31,253,24,82,18,490,113,48
20181122,서울특별시,11,중구,11140,충청남도,44,53,356,43,30,383,33,88,19,739,182,67
20181122,서울특별시,11,중구,11140,전라북도,45,28,249,27,31,287,31,62,25,562,145,52
20181122,서울특별시,11,중구,11140,전라남도,46,51,299,38,33,231,24,95,12,504,131,51
20181122,서울특별시,11,중구,11140,경상북도,47,50,343,68,46,353,30,100,23,682,152,75
20181122,서울특별시,11,중구,11140,경상남도,48,95,445,65,68,483,42,138,34,930,232,104
20181122,서울특별시,11,중구,11140,제주특별자치도,50,8,83,28,5,88,10,34,9,194,47,11
20181122,서울특별시,11,강동구,11740,강원도,42,46,92,20,34,168,11,83,14,141,43,47
20181122,서울특별시,11,광진구,11215,광주광역시,29,3,76,12,62,75,24,25,17,135,106,30
20181122,서울특별시,11,광진구,11215,대전광역시,30,18,105,9,86,92,33,36,14,140,103,45
20181122,서울특별시,11,광진구,11215,울산광역시,31,4,63,3,66,39,15,12,7,123,67,20
20181122,서울특별시,11,성동구,11200,경상북도,47,26,809,643,88,184,37,198,84,412,254,79
20181122,서울특별시,11,성동구,11200,경상남도,48,97,1135,757,116,227,32,265,95,613,314,88
20181122,서울특별시,11,성동구,11200,제주특별자치도,50,0,106,10,18,31,7,8,4,84,77,3
20181122,서울특별시,11,성동구,11200,강원도,42,19,376,174,55,138,19,110,23,277,160,48
20181122,서울특별시,11,성동구,11200,경기도,41,259,4749,2435,582,1291,225,1219,257,3086,1905,455
20181122,서울특별시,11,성동구,11200,세종특별자치시,36,3,91,52,14,21,8,28,10,64,59,11
20181122,서울특별시,11,성동구,11200,울산광역시,31,30,406,309,27,98,17,87,36,198,145,64
20181122,서울특별시,11,성동구,11200,대전광역시,30,26,460,234,65,159,31,117,37,342,243,43
20181122,서울특별시,11,강동구,11740,충청북도,43,44,75,19,34,165,10,63,17,210,51,37
20181122,서울특별시,11,송파구,11710,부산광역시,26,27,334,28,156,467,27,241,19,818,237,197
20181122,서울특별시,11,송파구,11710,대구광역시,27,14,189,24,120,250,20,131,23,539,132,141
20181122,서울특별시,11,송파구,11710,인천광역시,28,28,266,22,191,385,36,208,43,735,166,195
20181122,서울특별시,11,영등포구,11560,제주특별자치도,50,0,61,12,63,22,0,39,0,28,10,10
20181122,서울특별시,11,강서구,11500,울산광역시,31,8,133,21,51,111,11,116,73,158,82,69
20181122,서울특별시,11,강서구,11500,세종특별자치시,36,5,41,4,21,50,3,36,4,54,33,38
20181122,서울특별시,11,강서구,11500,경기도,41,248,1970,287,1035,1837,229,1913,242,2965,1221,1334
20181122,서울특별시,11,강서구,11500,강원도,42,19,174,32,75,184,34,166,25,268,121,142
20181122,서울특별시,11,강서구,11500,충청북도,43,25,204,38,110,206,26,192,27,360,137,151
20181122,서울특별시,11,강서구,11500,충청남도,44,37,269,30,129,268,27,279,41,408,186,191
20181122,서울특별시,11,강서구,11500,전라북도,45,25,186,26,112,176,27,223,30,319,129,144
20181122,서울특별시,11,강서구,11500,전라남도,46,15,183,20,100,185,21,158,25,256,115,133
20181122,서울특별시,11,강서구,11500,경상북도,47,34,249,40,151,231,34,287,25,400,166,202
20181122,서울특별시,11,강서구,11500,경상남도,48,41,404,45,185,321,36,345,49,552,242,307
20181122,서울특별시,11,서대문구,11410,제주특별자치도,50,0,24,0,3,22,0,7,0,41,8,12
20181122,서울특별시,11,서대문구,11410,경상남도,48,8,135,8,18,276,9,93,28,295,33,70
20181122,서울특별시,11,서대문구,11410,경상북도,47,4,75,11,11,215,8,64,12,194,37,78
20181122,서울특별시,11,서대문구,11410,전라남도,46,3,74,45,9,140,4,49,14,143,24,42
20181122,서울특별시,11,서대문구,11410,전라북도,45,0,62,9,9,126,3,47,11,175,44,39
20181122,서울특별시,11,서대문구,11410,충청남도,44,6,67,5,19,199,6,75,19,184,40,56
20181122,서울특별시,11,서대문구,11410,충청북도,43,3,58,6,16,136,3,55,13,165,25,46
20181122,서울특별시,11,영등포구,11560,경상남도,48,23,318,47,456,188,26,279,16,201,40,76
20181122,서울특별시,11,영등포구,11560,경상북도,47,8,305,28,346,212,15,186,11,117,32,88
20181122,서울특별시,11,은평구,11380,충청남도,44,34,169,24,40,101,31,61,15,235,80,94
20181122,서울특별시,11,영등포구,11560,전라남도,46,10,172,13,266,109,19,112,11,102,22,41
20181122,서울특별시,11,영등포구,11560,전라북도,45,11,177,27,261,110,10,123,9,122,39,42
20181122,서울특별시,11,종로구,11110,서울특별시,11,203,1045,211,231,563,43,235,98,1085,932,129
20181122,서울특별시,11,은평구,11380,경기도,41,202,1038,126,426,818,169,362,107,1755,503,652
20181122,서울특별시,11,영등포구,11560,충청남도,44,13,263,22,344,159,16,198,14,154,54,50
20181122,서울특별시,11,영등포구,11560,충청북도,43,15,157,20,236,114,13,128,7,137,28,41
20181122,서울특별시,11,영등포구,11560,강원도,42,13,196,23,235,117,8,220,7,103,31,36
20181122,서울특별시,11,종로구,11110,대전광역시,30,19,113,14,25,66,7,18,13,177,136,13
20181122,서울특별시,11,종로구,11110,광주광역시,29,23,72,18,23,36,6,8,14,161,92,5
20181122,서울특별시,11,영등포구,11560,경기도,41,114,1873,209,2379,1328,148,1488,62,1397,326,376
20181122,서울특별시,11,송파구,11710,광주광역시,29,6,112,7,56,134,5,56,11,314,62,72
20181122,서울특별시,11,송파구,11710,대전광역시,30,9,127,17,94,231,12,130,17,372,104,95
20181122,서울특별시,11,송파구,11710,울산광역시,31,7,74,7,39,102,11,54,6,184,55,57
20181122,서울특별시,11,송파구,11710,세종특별자치시,36,0,36,0,26,53,6,21,3,91,31,14
20181122,서울특별시,11,강동구,11740,충청남도,44,79,143,26,41,201,18,101,28,254,65,50
20181122,서울특별시,11,강동구,11740,전라북도,45,42,77,15,25,167,15,69,14,217,48,43
20181122,서울특별시,11,중랑구,11260,충청남도,44,54,245,25,195,325,36,103,87,877,248,147
20181122,서울특별시,11,중랑구,11260,전라북도,45,26,209,18,138,244,23,74,56,586,193,106
20181122,서울특별시,11,중랑구,11260,전라남도,46,39,155,21,169,216,43,68,65,567,166,88
20181122,서울특별시,11,중랑구,11260,경상북도,47,45,244,33,261,311,39,107,88,783,269,145
20181122,서울특별시,11,중랑구,11260,경상남도,48,52,295,41,263,396,60,117,116,1120,391,223
20181122,서울특별시,11,중랑구,11260,제주특별자치도,50,17,52,8,25,55,5,17,14,138,37,25
20181123,서울특별시,11,구로구,11530,경상남도,48,89,234,15,104,333,37,164,29,465,124,181
20181123,서울특별시,11,양천구,11470,부산광역시,26,62,165,12,150,226,81,104,36,196,100,161
20181123,서울특별시,11,양천구,11470,대구광역시,27,56,104,6,82,155,46,68,30,118,47,83
20181123,서울특별시,11,송파구,11710,제주특별자치도,50,0,41,11,18,62,8,19,4,98,22,27
20181123,서울특별시,11,송파구,11710,경상남도,48,16,219,29,106,357,17,159,42,592,116,115
20181123,서울특별시,11,송파구,11710,경상북도,47,12,228,38,88,171,12,121,26,458,100,128
20181123,서울특별시,11,송파구,11710,전라남도,46,5,109,41,66,142,10,91,16,306,67,67
20181123,서울특별시,11,송파구,11710,전라북도,45,11,157,46,62,136,14,99,16,393,99,78
20181123,서울특별시,11,양천구,11470,인천광역시,28,57,205,12,153,261,80,102,40,181,88,135
20181123,서울특별시,11,관악구,11620,서울특별시,11,150,884,362,439,673,64,141,139,943,307,522
20181123,서울특별시,11,관악구,11620,부산광역시,26,32,242,39,94,168,15,40,41,251,92,155
20181123,서울특별시,11,관악구,11620,대구광역시,27,29,135,27,80,123,17,20,28,174,56,97
20181123,서울특별시,11,관악구,11620,인천광역시,28,36,232,33,91,177,18,27,44,286,67,129
20181123,서울특별시,11,관악구,11620,광주광역시,29,4,63,16,27,56,0,10,17,94,31,46
20181123,서울특별시,11,관악구,11620,대전광역시,30,15,110,25,45,113,3,27,23,120,34,60
20181123,서울특별시,11,관악구,11620,울산광역시,31,22,70,6,26,62,4,12,10,72,17,29
20181123,서울특별시,11,관악구,11620,세종특별자치시,36,6,20,4,9,21,0,3,3,22,7,11
20181123,서울특별시,11,관악구,11620,경기도,41,187,1022,185,476,870,102,163,176,1444,360,640
20181123,서울특별시,11,관악구,11620,강원도,42,13,119,7,49,112,12,29,29,97,31,52
20181123,서울특별시,11,관악구,11620,충청북도,43,10,107,23,62,95,13,27,19,129,40,72
20181123,서울특별시,11,관악구,11620,충청남도,44,11,157,10,67,129,15,35,41,191,43,102
20181123,서울특별시,11,관악구,11620,전라북도,45,22,123,20,61,98,11,15,23,130,28,68
20181123,서울특별시,11,관악구,11620,전라남도,46,21,94,11,44,105,7,32,36,122,36,75
20181123,서울특별시,11,관악구,11620,경상북도,47,22,168,34,77,103,16,27,36,155,53,79
20181123,서울특별시,11,관악구,11620,경상남도,48,28,239,25,122,160,15,48,49,192,61,115
20181123,서울특별시,11,관악구,11620,제주특별자치도,50,6,31,0,15,23,4,6,4,48,6,17
20181123,서울특별시,11,동작구,11590,충청북도,43,24,72,43,49,52,12,17,11,94,26,40
20181123,서울특별시,11,동작구,11590,강원도,42,20,48,22,46,47,17,18,22,60,28,35
20181123,서울특별시,11,동작구,11590,경기도,41,204,675,245,419,497,116,147,156,1079,383,697
20181123,서울특별시,11,동작구,11590,세종특별자치시,36,4,11,10,6,13,0,0,7,13,9,19
20181123,서울특별시,11,양천구,11470,광주광역시,29,22,54,0,38,109,23,27,12,60,31,39
20181123,서울특별시,11,양천구,11470,대전광역시,30,36,73,4,62,138,32,50,19,67,32,69
20181123,서울특별시,11,양천구,11470,울산광역시,31,15,34,3,29,55,30,22,5,41,20,21
20181123,서울특별시,11,양천구,11470,세종특별자치시,36,9,16,0,16,28,5,9,0,19,10,11
20181123,서울특별시,11,양천구,11470,경기도,41,315,841,60,626,1195,345,466,180,1113,397,609
20181123,서울특별시,11,양천구,11470,강원도,42,56,68,4,79,125,38,56,15,72,33,59
20181123,서울특별시,11,양천구,11470,충청북도,43,45,68,10,65,161,30,31,27,119,41,54
20181123,서울특별시,11,양천구,11470,충청남도,44,54,126,9,92,198,56,52,19,122,49,79
20181123,서울특별시,11,영등포구,11560,부산광역시,26,13,432,86,499,216,18,243,15,241,108,129
20181123,서울특별시,11,영등포구,11560,대구광역시,27,14,273,43,313,162,18,147,12,165,47,97
20181123,서울특별시,11,영등포구,11560,인천광역시,28,16,384,58,491,206,24,239,18,222,68,121
20181123,서울특별시,11,영등포구,11560,광주광역시,29,8,131,33,158,79,7,71,0,83,22,37
20181123,서울특별시,11,영등포구,11560,대전광역시,30,7,204,30,204,123,7,106,8,106,40,59
20181123,서울특별시,11,영등포구,11560,울산광역시,31,9,144,18,116,66,8,59,4,63,20,27
20181123,서울특별시,11,영등포구,11560,세종특별자치시,36,4,31,8,56,38,0,28,0,23,14,10
20181123,서울특별시,11,영등포구,11560,경기도,41,96,1849,226,2184,1149,100,1131,217,1387,405,548
20181123,서울특별시,11,도봉구,11320,서울특별시,11,85,2718,91,965,833,124,1120,122,1792,769,793
20181123,서울특별시,11,도봉구,11320,부산광역시,26,23,561,21,266,253,35,312,31,551,272,285
20181123,서울특별시,11,도봉구,11320,대구광역시,27,16,341,17,170,285,18,221,29,352,203,198
20181123,서울특별시,11,도봉구,11320,인천광역시,28,21,577,13,243,234,26,301,43,580,232,245
20181123,서울특별시,11,도봉구,11320,광주광역시,29,6,189,4,83,178,8,80,9,146,104,67
20181123,서울특별시,11,도봉구,11320,대전광역시,30,14,262,16,125,167,12,171,17,241,131,125
20181123,서울특별시,11,도봉구,11320,울산광역시,31,9,124,9,60,82,6,83,11,142,83,59
20181123,서울특별시,11,도봉구,11320,세종특별자치시,36,3,68,3,21,29,4,25,8,44,27,21
20181123,서울특별시,11,도봉구,11320,경기도,41,124,2542,129,1122,1122,131,1248,166,2633,1181,1061
20181123,서울특별시,11,도봉구,11320,강원도,42,15,255,10,113,95,15,184,18,231,118,106
20181123,서울특별시,11,도봉구,11320,충청북도,43,8,265,15,110,240,15,151,12,259,122,121
20181123,서울특별시,11,도봉구,11320,충청남도,44,20,341,15,172,173,21,249,30,355,182,147
20181123,서울특별시,11,도봉구,11320,전라북도,45,9,260,6,117,323,17,149,20,264,129,115
20181123,서울특별시,11,도봉구,11320,전라남도,46,10,234,7,107,188,21,131,14,227,133,126
20181123,서울특별시,11,도봉구,11320,경상북도,47,17,354,13,156,271,18,210,30,348,195,178
20181123,서울특별시,11,도봉구,11320,경상남도,48,21,392,18,187,391,21,253,34,479,260,266
20181123,서울특별시,11,도봉구,11320,제주특별자치도,50,0,82,0,17,51,0,40,3,47,25,26
20181123,서울특별시,11,영등포구,11560,강원도,42,6,168,26,230,116,15,145,10,92,27,66
20181123,서울특별시,11,영등포구,11560,충청북도,43,9,173,36,232,121,9,109,6,128,31,56
20181123,서울특별시,11,영등포구,11560,충청남도,44,9,255,21,342,207,22,160,18,166,61,82
20181123,서울특별시,11,영등포구,11560,전라북도,45,8,190,62,241,123,4,110,5,120,41,65
20181123,서울특별시,11,영등포구,11560,전라남도,46,4,198,19,225,107,8,103,6,126,39,62
20181123,서울특별시,11,영등포구,11560,경상북도,47,4,301,31,305,304,17,169,15,133,46,82
20181123,서울특별시,11,영등포구,11560,경상남도,48,16,368,39,418,215,25,270,18,190,66,135
20181123,서울특별시,11,영등포구,11560,제주특별자치도,50,0,77,8,61,37,3,35,0,31,13,15
20181123,서울특별시,11,강동구,11740,서울특별시,11,366,835,192,215,1014,91,717,95,1530,600,331
20181123,서울특별시,11,강동구,11740,부산광역시,26,85,182,32,39,272,38,156,21,456,125,85
20181123,서울특별시,11,강동구,11740,대구광역시,27,94,101,38,26,163,14,88,12,297,58,47
20181123,서울특별시,11,강동구,11740,인천광역시,28,98,164,59,54,289,15,159,22,460,147,72
20181123,서울특별시,11,강동구,11740,광주광역시,29,13,42,15,16,88,8,24,8,173,34,14
20181123,서울특별시,11,송파구,11710,충청남도,44,12,181,31,103,237,14,118,29,483,126,124
20181123,서울특별시,11,송파구,11710,충청북도,43,19,141,30,65,170,6,105,17,389,65,88
20181123,서울특별시,11,송파구,11710,강원도,42,12,163,26,55,158,12,94,26,305,70,66
20181123,서울특별시,11,강동구,11740,대전광역시,30,54,67,26,24,145,12,70,11,175,42,77
20181123,서울특별시,11,양천구,11470,전라북도,45,31,89,4,70,121,39,50,14,92,45,78
20181123,서울특별시,11,양천구,11470,전라남도,46,33,69,10,62,112,33,32,22,80,35,62
20181123,서울특별시,11,양천구,11470,경상북도,47,51,109,6,93,178,46,101,28,99,37,81
20181123,서울특별시,11,양천구,11470,경상남도,48,81,151,4,94,203,91,91,34,134,70,111
20181123,서울특별시,11,양천구,11470,제주특별자치도,50,8,20,0,22,28,6,14,4,14,5,16
20181123,서울특별시,11,강동구,11740,울산광역시,31,10,41,8,19,75,11,31,9,142,25,15
20181123,서울특별시,11,강동구,11740,세종특별자치시,36,9,21,5,4,30,3,8,4,33,14,9
20181123,서울특별시,11,금천구,11545,제주특별자치도,50,21,57,17,54,79,18,19,12,121,60,45
20181123,서울특별시,11,성북구,11290,제주특별자치도,50,5,136,15,58,100,23,35,21,634,217,62
20181123,서울특별시,11,성북구,11290,경상남도,48,50,599,179,276,483,128,234,135,3324,1098,400
20181123,서울특별시,11,성북구,11290,경상북도,47,41,490,131,233,398,80,167,112,2348,876,293
20181123,서울특별시,11,성북구,11290,전라남도,46,32,329,88,135,316,51,109,71,1737,584,212
20181123,서울특별시,11,성북구,11290,전라북도,45,28,415,79,145,288,66,106,78,1859,661,238
20181123,서울특별시,11,성북구,11290,충청남도,44,47,469,120,208,403,105,171,113,2403,897,264
20181123,서울특별시,11,성북구,11290,충청북도,43,30,378,83,153,293,51,130,70,1718,586,208
20181123,서울특별시,11,송파구,11710,경기도,41,116,1480,275,687,1444,126,933,195,3671,844,722
20181123,서울특별시,11,송파구,11710,세종특별자치시,36,6,35,4,13,22,4,22,7,83,21,16
20181123,서울특별시,11,송파구,11710,울산광역시,31,5,75,15,44,69,7,47,9,187,30,49
20181123,서울특별시,11,송파구,11710,대전광역시,30,6,128,45,71,157,8,93,14,327,94,86
20181123,서울특별시,11,송파구,11710,광주광역시,29,6,72,29,40,87,8,43,9,288,58,48
20181123,서울특별시,11,송파구,11710,인천광역시,28,27,279,73,148,384,22,257,31,692,162,160
20181123,서울특별시,11,송파구,11710,대구광역시,27,20,223,58,99,232,20,107,35,469,120,115
20181123,서울특별시,11,송파구,11710,부산광역시,26,16,293,73,102,302,30,179,25,702,197,176
20181123,서울특별시,11,송파구,11710,서울특별시,11,105,1578,270,620,870,110,837,167,2913,739,673
20181123,서울특별시,11,강동구,11740,경기도,41,389,816,249,297,1352,106,728,105,2178,613,349
20181123,서울특별시,11,강동구,11740,강원도,42,47,90,20,25,149,17,97,5,159,61,31
20181123,서울특별시,11,강동구,11740,충청북도,43,32,53,27,30,171,11,86,7,212,26,25
20181123,서울특별시,11,강동구,11740,충청남도,44,53,93,33,22,182,17,84,30,278,48,50
20181123,서울특별시,11,강동구,11740,전라북도,45,63,85,18,15,163,12,77,16,204,31,34
20181123,서울특별시,11,강동구,11740,전라남도,46,41,72,18,17,168,6,70,12,194,35,38
20181123,서울특별시,11,강동구,11740,경상북도,47,45,97,36,30,192,16,92,10,269,57,52
20181123,서울특별시,11,강동구,11740,경상남도,48,49,156,33,39,238,15,124,21,408,62,83
20181123,서울특별시,11,강동구,11740,제주특별자치도,50,15,19,4,11,43,4,21,0,59,12,6
20181123,서울특별시,11,금천구,11545,경상남도,48,109,349,71,383,437,61,183,65,524,278,388
20181123,서울특별시,11,금천구,11545,경상북도,47,90,294,64,254,426,53,160,49,447,235,293
20181123,서울특별시,11,금천구,11545,전라남도,46,56,193,18,171,284,36,109,24,311,147,226
20181123,서울특별시,11,금천구,11545,전라북도,45,48,209,34,178,345,47,121,40,359,172,213
20181123,서울특별시,11,금천구,11545,충청남도,44,97,264,51,277,474,47,143,42,468,210,284
20181123,서울특별시,11,금천구,11545,충청북도,43,61,219,68,181,319,48,121,35,269,138,195
20181123,서울특별시,11,금천구,11545,강원도,42,61,195,32,218,288,32,94,24,292,137,196
20181123,서울특별시,11,금천구,11545,경기도,41,577,2190,387,1812,2774,265,1165,300,2888,1481,1965
20181123,서울특별시,11,금천구,11545,세종특별자치시,36,13,38,19,35,98,6,24,11,74,35,46
20181123,서울특별시,11,금천구,11545,울산광역시,31,30,106,14,108,128,13,57,22,181,113,111
20181123,서울특별시,11,금천구,11545,대전광역시,30,55,238,55,251,323,36,133,29,344,178,226
20181123,서울특별시,11,금천구,11545,광주광역시,29,35,164,16,111,128,21,83,13,326,127,164
20181123,서울특별시,11,금천구,11545,인천광역시,28,154,455,46,408,750,56,275,58,562,310,411
20181123,서울특별시,11,금천구,11545,대구광역시,27,77,305,76,224,463,61,148,34,505,229,342
20181123,서울특별시,11,금천구,11545,부산광역시,26,103,449,114,350,670,80,217,59,652,367,549
20181123,서울특별시,11,금천구,11545,서울특별시,11,476,1949,307,1601,2734,272,963,208,2633,1422,1667
20181123,서울특별시,11,성북구,11290,강원도,42,26,321,109,155,304,81,101,67,1539,553,161
20181123,서울특별시,11,노원구,11350,제주특별자치도,50,3,46,0,0,17,6,8,4,49,8,4
20181123,서울특별시,11,성북구,11290,경기도,41,256,3434,983,1487,2427,622,1329,697,15022,5712,1994
20181123,서울특별시,11,성북구,11290,세종특별자치시,36,4,82,27,31,111,19,43,25,379,146,41
20181123,서울특별시,11,성북구,11290,울산광역시,31,19,199,128,96,166,37,77,47,1092,368,147
20181123,서울특별시,11,성북구,11290,대전광역시,30,27,380,91,162,309,63,128,56,1753,637,232
20181123,서울특별시,11,성북구,11290,광주광역시,29,23,268,34,101,190,46,76,57,1322,490,187
20181123,서울특별시,11,성북구,11290,인천광역시,28,55,755,123,310,532,139,292,147,3404,1306,474
20181123,서울특별시,11,성북구,11290,대구광역시,27,34,496,140,190,422,106,166,94,2450,932,307
20181123,서울특별시,11,성북구,11290,부산광역시,26,53,749,224,312,692,134,503,138,3635,1327,493
20181123,서울특별시,11,성북구,11290,서울특별시,11,203,3521,1918,1215,3080,466,1085,486,11719,4730,1560
20181123,서울특별시,11,동대문구,11230,제주특별자치도,50,27,83,3,16,66,7,29,3,195,45,17
20181123,서울특별시,11,동대문구,11230,경상남도,48,66,457,36,118,281,48,370,44,1017,200,103
20181123,서울특별시,11,동대문구,11230,경상북도,47,44,315,22,79,261,34,256,50,754,159,77
20181123,서울특별시,11,동대문구,11230,전라남도,46,36,238,14,68,163,24,188,18,483,95,56
20181123,서울특별시,11,동대문구,11230,전라북도,45,40,266,19,56,185,31,174,30,567,118,56
20181123,서울특별시,11,동대문구,11230,충청남도,44,68,311,20,89,287,38,226,35,764,159,75
20181123,서울특별시,11,동대문구,11230,충청북도,43,47,255,31,53,216,28,163,30,537,121,72
20181123,서울특별시,11,동대문구,11230,강원도,42,60,222,15,50,209,24,167,23,514,93,59
20181123,서울특별시,11,동대문구,11230,경기도,41,454,2181,195,569,1596,258,1630,209,5235,1015,561
20181123,서울특별시,11,동대문구,11230,세종특별자치시,36,15,63,15,4,30,6,39,10,128,21,22
20181123,서울특별시,11,동대문구,11230,울산광역시,31,17,154,15,34,88,25,93,23,328,73,32
20181123,서울특별시,11,동대문구,11230,대전광역시,30,47,224,16,52,201,31,199,18,598,115,77
20181123,서울특별시,11,동대문구,11230,광주광역시,29,30,167,17,40,105,13,113,22,435,77,36
20181123,서울특별시,11,동대문구,11230,인천광역시,28,90,507,44,123,322,46,409,52,1145,211,115
20181123,서울특별시,11,동대문구,11230,대구광역시,27,63,313,30,121,228,42,229,29,852,158,88
20181123,서울특별시,11,동대문구,11230,부산광역시,26,87,458,38,155,314,66,434,66,1164,299,142
20181123,서울특별시,11,동대문구,11230,서울특별시,11,364,1661,181,520,1086,207,1202,149,4216,884,481
20181123,서울특별시,11,종로구,11110,서울특별시,11,184,905,130,258,561,37,226,110,1247,916,146
20181123,서울특별시,11,종로구,11110,제주특별자치도,50,9,27,3,5,14,0,11,15,64,48,6
20181123,서울특별시,11,종로구,11110,경상남도,48,44,159,18,36,123,6,27,28,291,251,16
20181123,서울특별시,11,종로구,11110,경상북도,47,37,111,33,27,88,8,32,30,250,184,24
20181123,서울특별시,11,종로구,11110,전라남도,46,20,81,21,26,54,4,35,22,180,155,8
20181123,서울특별시,11,종로구,11110,전라북도,45,26,95,24,33,51,4,20,19,180,156,14
20181123,서울특별시,11,종로구,11110,충청남도,44,35,142,23,43,117,10,47,39,254,220,14
20181123,서울특별시,11,종로구,11110,충청북도,43,26,91,18,40,60,5,16,18,188,116,16
20181123,서울특별시,11,종로구,11110,강원도,42,38,93,14,26,45,5,28,17,158,125,11
20181123,서울특별시,11,종로구,11110,경기도,41,209,920,150,254,656,53,284,173,1653,1249,162
20181123,서울특별시,11,종로구,11110,세종특별자치시,36,5,22,3,4,23,0,7,3,34,40,6
20181123,서울특별시,11,종로구,11110,울산광역시,31,9,51,9,11,40,4,5,11,69,72,6
20181123,서울특별시,11,종로구,11110,대전광역시,30,20,84,10,23,66,6,27,23,187,125,7
20181123,서울특별시,11,종로구,11110,광주광역시,29,9,54,9,18,36,5,21,9,110,80,10
20181123,서울특별시,11,종로구,11110,인천광역시,28,38,173,23,40,147,8,36,31,319,264,30
20181123,서울특별시,11,마포구,11440,서울특별시,11,140,2109,522,897,1264,101,744,183,2360,1687,384
20181123,서울특별시,11,마포구,11440,부산광역시,26,109,418,91,244,373,23,204,38,578,436,96
20181123,서울특별시,11,마포구,11440,대구광역시,27,46,275,76,132,217,22,117,36,410,345,70
20181123,서울특별시,11,마포구,11440,인천광역시,28,30,419,118,193,346,27,439,42,561,395,88
20181123,서울특별시,11,마포구,11440,광주광역시,29,25,293,28,63,98,6,57,14,216,160,21
20181123,서울특별시,11,종로구,11110,대구광역시,27,29,97,21,27,94,11,20,35,248,186,17
20181123,서울특별시,11,종로구,11110,부산광역시,26,58,199,22,47,122,7,24,33,469,305,62
20181123,서울특별시,11,마포구,11440,대전광역시,30,25,203,40,120,169,16,103,19,288,209,51
20181123,서울특별시,11,강서구,11500,서울특별시,11,186,1358,247,1234,1217,158,1600,145,2783,847,924
20181123,서울특별시,11,강서구,11500,부산광역시,26,69,383,66,220,345,49,418,44,833,277,231
20181123,서울특별시,11,강서구,11500,대구광역시,27,42,257,46,160,221,32,209,19,591,154,148
20181123,서울특별시,11,강서구,11500,인천광역시,28,51,338,70,260,365,38,353,63,801,225,262
20181123,서울특별시,11,강서구,11500,광주광역시,29,9,128,17,81,99,15,98,14,305,98,78
20181123,서울특별시,11,강서구,11500,대전광역시,30,22,152,38,127,176,14,213,27,400,108,101
20181123,서울특별시,11,강서구,11500,울산광역시,31,9,80,17,55,87,10,94,14,226,62,67
20181123,서울특별시,11,강서구,11500,세종특별자치시,36,0,38,7,24,31,6,48,15,85,27,22
20181123,서울특별시,11,강서구,11500,경기도,41,261,1555,291,1123,1494,216,1579,258,3876,1104,1113
20181123,서울특별시,11,강서구,11500,강원도,42,28,135,20,88,149,21,144,21,372,96,112
20181123,서울특별시,11,강서구,11500,충청북도,43,37,154,23,117,178,12,167,58,448,119,110
20181123,서울특별시,11,강서구,11500,충청남도,44,23,226,43,132,237,37,225,40,589,179,166
20181123,서울특별시,11,강서구,11500,전라북도,45,27,159,25,108,156,19,134,30,500,137,113
20181123,서울특별시,11,강서구,11500,전라남도,46,16,132,31,99,145,23,130,32,455,106,125
20181123,서울특별시,11,마포구,11440,울산광역시,31,28,102,25,48,87,8,62,15,161,120,22
20181123,서울특별시,11,마포구,11440,세종특별자치시,36,13,58,8,30,41,3,15,4,57,51,9
20181123,서울특별시,11,마포구,11440,경기도,41,190,2010,510,986,1535,132,808,244,3012,1792,443
20181123,서울특별시,11,마포구,11440,강원도,42,20,210,38,95,146,6,80,18,257,161,40
20181123,서울특별시,11,마포구,11440,충청북도,43,23,205,49,97,152,9,72,20,302,191,40
20181123,서울특별시,11,마포구,11440,충청남도,44,66,317,43,152,217,16,103,34,443,266,63
20181123,서울특별시,11,마포구,11440,전라북도,45,61,243,46,109,162,15,91,20,301,190,44
20181123,서울특별시,11,광진구,11215,제주특별자치도,50,4,27,6,26,17,8,9,0,55,44,13
20181123,서울특별시,11,광진구,11215,경상남도,48,14,155,21,177,146,89,53,24,289,156,81
20181123,서울특별시,11,서대문구,11410,서울특별시,11,46,524,72,120,720,45,383,69,1310,336,251
20181123,서울특별시,11,서대문구,11410,부산광역시,26,4,144,15,27,204,20,116,22,254,107,95
20181123,서울특별시,11,서대문구,11410,대구광역시,27,0,66,9,16,134,7,64,19,212,72,62
20181123,서울특별시,11,노원구,11350,서울특별시,11,120,608,34,283,546,82,310,117,1434,352,244
20181123,서울특별시,11,노원구,11350,부산광역시,26,32,173,7,29,97,18,37,28,292,98,59
20181123,서울특별시,11,노원구,11350,대구광역시,27,15,100,0,32,64,11,27,26,255,62,41
20181123,서울특별시,11,노원구,11350,인천광역시,28,29,149,11,28,124,18,70,24,325,92,66
20181123,서울특별시,11,노원구,11350,광주광역시,29,8,58,0,7,24,8,10,15,135,30,11
20181123,서울특별시,11,노원구,11350,대전광역시,30,16,69,3,12,36,4,16,12,164,36,24
20181123,서울특별시,11,노원구,11350,울산광역시,31,0,46,0,7,29,0,14,9,83,17,18
20181123,서울특별시,11,강서구,11500,경상북도,47,31,199,27,105,227,31,199,22,560,166,159
20181123,서울특별시,11,서대문구,11410,인천광역시,28,8,111,15,26,196,12,120,23,275,94,87
20181123,서울특별시,11,서대문구,11410,광주광역시,29,0,37,7,7,65,5,50,8,102,28,28
20181123,서울특별시,11,서대문구,11410,대전광역시,30,3,88,3,13,93,11,35,11,142,65,48
20181123,서울특별시,11,서대문구,11410,울산광역시,31,0,21,0,5,46,0,31,7,73,25,19
20181123,서울특별시,11,강서구,11500,경상남도,48,39,274,42,157,303,43,274,55,827,191,208
20181123,서울특별시,11,강서구,11500,제주특별자치도,50,5,57,5,34,48,7,38,8,164,28,36
20181123,서울특별시,11,서초구,11650,제주특별자치도,50,9,85,11,10,33,7,42,6,41,27,27
20181123,서울특별시,11,서초구,11650,경상남도,48,35,866,32,107,282,55,151,50,166,146,73
20181123,서울특별시,11,서초구,11650,경상북도,47,42,475,48,84,246,39,153,18,105,108,80
20181123,서울특별시,11,서초구,11650,전라남도,46,24,307,40,61,208,22,104,23,77,61,46
20181123,서울특별시,11,서초구,11650,전라북도,45,32,346,39,54,185,31,95,26,102,94,55
20181123,서울특별시,11,서초구,11650,충청남도,44,36,362,46,79,271,40,123,49,150,101,71
20181123,서울특별시,11,서초구,11650,충청북도,43,30,335,30,64,176,33,83,32,119,67,52
20181123,서울특별시,11,서초구,11650,강원도,42,24,308,39,73,157,33,97,27,77,67,42
20181123,서울특별시,11,서초구,11650,경기도,41,339,2703,379,785,1452,294,1147,259,1433,920,554
20181123,서울특별시,11,서초구,11650,세종특별자치시,36,6,64,9,15,36,5,23,9,23,17,13
20181123,서울특별시,11,서초구,11650,울산광역시,31,22,269,19,47,77,17,50,9,51,34,29
20181123,서울특별시,11,서초구,11650,대전광역시,30,24,302,31,62,148,29,91,27,90,102,51
20181123,서울특별시,11,서초구,11650,광주광역시,29,21,327,38,34,114,16,59,17,80,57,35
20181123,서울특별시,11,서초구,11650,인천광역시,28,73,539,75,139,290,63,229,57,196,195,106
20181123,서울특별시,11,서초구,11650,대구광역시,27,29,488,47,96,232,48,145,37,138,133,81
20181123,서울특별시,11,서초구,11650,부산광역시,26,64,1948,78,136,297,71,197,63,216,195,129
20181123,서울특별시,11,서초구,11650,서울특별시,11,286,2653,390,679,1228,211,1440,209,1129,779,471
20181123,서울특별시,11,마포구,11440,전라남도,46,59,244,31,107,129,7,91,16,268,186,30
20181123,서울특별시,11,마포구,11440,경상북도,47,39,316,47,128,224,16,131,24,374,249,58
20181123,서울특별시,11,마포구,11440,경상남도,48,100,378,112,202,304,19,139,56,483,332,75
20181123,서울특별시,11,마포구,11440,제주특별자치도,50,0,79,15,31,33,4,30,7,108,69,8
20181123,서울특별시,11,광진구,11215,경상북도,47,20,126,6,148,101,56,48,16,191,124,49
20181123,서울특별시,11,광진구,11215,전라남도,46,17,70,19,88,69,37,54,14,150,78,37
20181123,서울특별시,11,광진구,11215,전라북도,45,14,93,4,126,90,36,29,15,200,119,67
20181123,서울특별시,11,광진구,11215,충청남도,44,25,116,11,186,134,69,45,23,226,142,54
20181123,서울특별시,11,광진구,11215,충청북도,43,16,90,11,105,82,37,37,20,179,86,40
20181123,서울특별시,11,광진구,11215,강원도,42,17,80,10,103,112,41,33,10,131,88,38
20181123,서울특별시,11,광진구,11215,경기도,41,149,956,85,1005,825,353,317,175,1758,894,497
20181123,서울특별시,11,광진구,11215,세종특별자치시,36,4,21,5,28,26,12,9,5,25,18,9
20181123,서울특별시,11,광진구,11215,울산광역시,31,11,46,0,44,42,29,16,8,80,55,25
20181123,서울특별시,11,광진구,11215,대전광역시,30,14,83,8,132,82,46,23,13,154,92,47
20181123,서울특별시,11,광진구,11215,광주광역시,29,8,71,17,79,42,22,18,12,112,71,22
20181123,서울특별시,11,용산구,11170,서울특별시,11,123,1819,78,7913,1012,363,653,134,1438,825,331
20181123,서울특별시,11,용산구,11170,부산광역시,26,31,465,9,1799,206,105,109,38,340,192,79
20181123,서울특별시,11,구로구,11530,제주특별자치도,50,6,72,0,17,70,8,28,11,78,26,20
20181123,서울특별시,11,양천구,11470,서울특별시,11,245,801,67,577,843,249,363,107,737,302,432
20181123,서울특별시,11,구로구,11530,경상북도,47,60,185,28,102,297,21,121,16,340,92,127
20181123,서울특별시,11,구로구,11530,전라남도,46,44,142,7,71,189,13,81,17,253,75,100
20181123,서울특별시,11,구로구,11530,전라북도,45,47,142,11,58,211,23,85,11,257,78,76
20181123,서울특별시,11,구로구,11530,충청남도,44,46,205,13,84,302,45,106,29,358,106,124
20181123,서울특별시,11,구로구,11530,충청북도,43,39,160,9,90,165,24,85,13,285,87,78
20181123,서울특별시,11,구로구,11530,강원도,42,46,142,11,61,205,26,92,17,201,81,72
20181123,서울특별시,11,구로구,11530,경기도,41,322,1400,208,696,1543,207,741,196,2608,723,817
20181123,서울특별시,11,구로구,11530,세종특별자치시,36,10,31,3,17,36,0,23,3,53,22,15
20181123,서울특별시,11,구로구,11530,울산광역시,31,29,71,3,37,90,21,54,8,145,56,63
20181123,서울특별시,11,구로구,11530,대전광역시,30,30,157,16,98,155,19,82,14,226,70,80
20181123,서울특별시,11,구로구,11530,광주광역시,29,23,88,3,72,137,16,67,11,172,55,71
20181123,서울특별시,11,구로구,11530,인천광역시,28,74,273,26,133,344,58,158,33,446,138,176
20181123,서울특별시,11,구로구,11530,대구광역시,27,46,158,29,127,257,27,134,15,371,105,123
20181123,서울특별시,11,구로구,11530,부산광역시,26,73,273,15,146,428,52,219,33,574,170,216
20181123,서울특별시,11,구로구,11530,서울특별시,11,202,1265,165,585,1266,156,608,132,1950,518,628
20181123,서울특별시,11,용산구,11170,대구광역시,27,25,354,7,1175,122,79,63,28,220,106,57
20181123,서울특별시,11,용산구,11170,인천광역시,28,44,454,16,1818,241,99,146,43,311,168,101
20181123,서울특별시,11,용산구,11170,광주광역시,29,14,126,0,503,74,44,36,7,138,78,29
20181123,서울특별시,11,용산구,11170,대전광역시,30,24,248,6,1078,147,40,43,17,163,86,38
20181123,서울특별시,11,용산구,11170,울산광역시,31,12,94,5,414,71,26,33,5,119,42,29
20181123,서울특별시,11,용산구,11170,세종특별자치시,36,5,43,4,209,22,6,9,8,37,18,13
20181123,서울특별시,11,용산구,11170,경기도,41,161,2055,117,8302,1136,494,591,162,1765,830,375
20181123,서울특별시,11,서대문구,11410,세종특별자치시,36,0,8,0,0,20,0,4,6,33,12,6
20181123,서울특별시,11,서대문구,11410,경기도,41,49,594,71,123,1021,73,435,97,1483,487,311
20181123,서울특별시,11,서대문구,11410,강원도,42,0,54,7,11,104,8,36,14,123,36,41
20181123,서울특별시,11,서대문구,11410,충청북도,43,3,80,7,12,110,0,60,13,131,44,42
20181123,서울특별시,11,서대문구,11410,충청남도,44,8,122,6,12,159,4,92,25,179,82,75
20181123,서울특별시,11,용산구,11170,강원도,42,18,224,10,789,106,51,58,18,156,73,29
20181123,서울특별시,11,용산구,11170,충청북도,43,20,232,7,826,123,49,59,11,177,85,33
20181123,서울특별시,11,용산구,11170,충청남도,44,27,357,5,1268,171,72,71,19,221,90,44
20181123,서울특별시,11,용산구,11170,전라북도,45,21,241,11,923,112,47,50,9,178,64,44
20181123,서울특별시,11,용산구,11170,전라남도,46,19,248,10,732,98,47,46,28,171,65,24
20181123,서울특별시,11,용산구,11170,경상북도,47,19,339,8,1223,165,75,56,23,227,138,63
20181123,서울특별시,11,용산구,11170,경상남도,48,31,397,11,1448,211,104,73,31,285,115,79
20181123,서울특별시,11,용산구,11170,제주특별자치도,50,4,69,0,265,54,12,14,12,72,23,10
20181123,서울특별시,11,노원구,11350,세종특별자치시,36,0,13,0,0,11,0,3,8,42,10,10
20181123,서울특별시,11,서대문구,11410,전라북도,45,4,54,8,14,115,8,58,10,164,39,45
20181123,서울특별시,11,서대문구,11410,전라남도,46,4,51,16,10,127,5,52,12,122,36,40
20181123,서울특별시,11,서대문구,11410,경상북도,47,5,70,11,15,178,8,68,16,162,54,79
20181123,서울특별시,11,서대문구,11410,경상남도,48,10,75,11,19,172,14,90,29,215,97,67
20181123,서울특별시,11,서대문구,11410,제주특별자치도,50,3,14,0,3,16,0,8,6,26,7,15
20181123,서울특별시,11,노원구,11350,경기도,41,178,727,85,293,529,94,251,123,1914,395,283
20181123,서울특별시,11,노원구,11350,강원도,42,11,55,7,15,47,10,33,13,147,50,20
20181123,서울특별시,11,동작구,11590,울산광역시,31,13,87,18,25,26,7,7,6,40,23,45
20181123,서울특별시,11,동작구,11590,대전광역시,30,12,57,41,49,50,13,15,12,73,43,84
20181123,서울특별시,11,동작구,11590,광주광역시,29,11,49,27,27,27,5,8,5,56,31,55
20181123,서울특별시,11,노원구,11350,충청북도,43,12,66,3,23,57,6,29,12,199,45,18
20181123,서울특별시,11,동작구,11590,제주특별자치도,50,4,15,16,10,15,3,0,4,27,9,19
20181123,서울특별시,11,동작구,11590,경상남도,48,43,104,61,82,96,25,22,25,127,51,144
20181123,서울특별시,11,은평구,11380,제주특별자치도,50,11,22,0,7,16,11,6,0,37,22,13
20181123,서울특별시,11,은평구,11380,경상남도,48,40,219,27,53,145,40,42,22,252,91,97
20181123,서울특별시,11,은평구,11380,경상북도,47,34,147,27,36,110,34,40,23,196,70,82
20181123,서울특별시,11,은평구,11380,전라남도,46,27,113,12,34,110,24,26,11,149,51,74
20181123,서울특별시,11,은평구,11380,전라북도,45,20,127,12,27,68,16,26,6,149,53,55
20181123,서울특별시,11,은평구,11380,충청남도,44,22,156,18,42,91,22,34,27,206,56,79
20181123,서울특별시,11,은평구,11380,충청북도,43,27,102,13,29,76,22,27,11,174,36,44
20181123,서울특별시,11,은평구,11380,강원도,42,17,85,10,26,90,21,28,15,126,42,57
20181123,서울특별시,11,은평구,11380,경기도,41,234,812,99,350,751,181,240,139,1619,484,537
20181123,서울특별시,11,은평구,11380,세종특별자치시,36,6,18,0,5,23,0,5,5,24,8,9
20181123,서울특별시,11,은평구,11380,울산광역시,31,9,56,4,12,46,5,11,6,55,28,35
20181123,서울특별시,11,은평구,11380,대전광역시,30,32,78,10,37,78,17,24,10,133,28,54
20181123,서울특별시,11,은평구,11380,광주광역시,29,14,70,4,29,48,13,21,5,87,23,41
20181123,서울특별시,11,은평구,11380,인천광역시,28,42,152,16,64,167,41,54,38,302,82,126
20181123,서울특별시,11,동작구,11590,인천광역시,28,54,160,53,97,116,18,38,31,189,92,179
20181123,서울특별시,11,동작구,11590,대구광역시,27,29,95,42,61,62,11,21,23,116,42,120
20181123,서울특별시,11,동작구,11590,부산광역시,26,36,142,65,94,109,22,37,27,178,75,156
20181123,서울특별시,11,동작구,11590,서울특별시,11,137,573,225,358,349,92,135,92,850,312,615
20181123,서울특별시,11,동작구,11590,경상북도,47,24,82,33,59,84,15,26,26,92,46,82
20181123,서울특별시,11,동작구,11590,전라남도,46,23,58,16,35,54,5,19,18,66,21,62
20181123,서울특별시,11,동작구,11590,전라북도,45,18,61,39,51,51,9,15,18,89,27,86
20181123,서울특별시,11,동작구,11590,충청남도,44,33,82,35,67,69,13,18,30,121,49,95
20181123,서울특별시,11,강북구,11305,서울특별시,11,37,660,22,175,281,37,89,151,1960,366,264
20181123,서울특별시,11,강북구,11305,부산광역시,26,13,178,0,40,97,12,41,47,599,108,45
20181123,서울특별시,11,강북구,11305,대구광역시,27,15,105,4,28,42,4,10,41,437,77,54
20181123,서울특별시,11,강북구,11305,인천광역시,28,14,183,6,37,85,14,23,68,587,98,77
20181123,서울특별시,11,강북구,11305,광주광역시,29,9,69,5,23,20,4,8,12,229,32,16
20181123,서울특별시,11,은평구,11380,대구광역시,27,23,174,19,41,106,39,37,16,162,54,78
20181123,서울특별시,11,강북구,11305,대전광역시,30,6,73,6,21,35,4,10,20,265,39,17
20181123,서울특별시,11,강북구,11305,울산광역시,31,0,51,0,13,18,4,7,19,183,35,18
20181123,서울특별시,11,강북구,11305,세종특별자치시,36,0,15,3,6,5,0,0,6,72,8,6
20181123,서울특별시,11,강북구,11305,경기도,41,67,886,39,194,356,62,124,248,2883,445,264
20181123,서울특별시,11,광진구,11215,인천광역시,28,36,170,14,223,181,58,58,35,323,156,107
20181123,서울특별시,11,광진구,11215,대구광역시,27,23,135,14,165,77,56,38,24,215,146,76
20181123,서울특별시,11,광진구,11215,부산광역시,26,30,204,19,232,175,82,89,39,364,169,114
20181123,서울특별시,11,광진구,11215,서울특별시,11,101,773,87,886,581,226,279,127,1375,782,456
20181123,서울특별시,11,성동구,11200,제주특별자치도,50,10,119,8,12,31,7,27,3,100,39,9
20181123,서울특별시,11,성동구,11200,경상남도,48,19,450,73,102,157,40,159,32,515,225,71
20181123,서울특별시,11,성동구,11200,경상북도,47,15,334,85,73,137,25,110,22,362,168,78
20181123,서울특별시,11,성동구,11200,전라남도,46,12,238,50,46,96,13,80,13,280,129,26
20181123,서울특별시,11,강북구,11305,강원도,42,3,75,3,15,27,6,12,26,294,48,33
20181123,서울특별시,11,강북구,11305,충청북도,43,7,104,0,22,37,6,21,29,331,37,24
20181123,서울특별시,11,강북구,11305,충청남도,44,11,132,5,35,65,4,24,35,418,69,37
20181123,서울특별시,11,강북구,11305,전라북도,45,7,83,16,17,44,9,15,36,290,41,37
20181123,서울특별시,11,강북구,11305,전라남도,46,6,79,3,17,42,7,20,28,336,42,36
20181123,서울특별시,11,강북구,11305,경상북도,47,11,118,7,27,76,7,21,38,400,63,38
20181123,서울특별시,11,강북구,11305,경상남도,48,6,164,7,30,68,7,27,53,591,95,61
20181123,서울특별시,11,강북구,11305,제주특별자치도,50,0,25,0,8,9,0,3,5,90,12,3
20181123,서울특별시,11,노원구,11350,충청남도,44,20,98,4,21,77,8,34,20,223,45,33
20181123,서울특별시,11,노원구,11350,전라북도,45,10,60,0,18,64,6,23,6,184,34,24
20181123,서울특별시,11,노원구,11350,전라남도,46,11,62,0,14,66,8,29,10,123,38,42
20181123,서울특별시,11,노원구,11350,경상북도,47,21,91,6,20,86,12,28,20,200,52,44
20181123,서울특별시,11,노원구,11350,경상남도,48,26,105,3,28,85,22,37,15,313,63,54
20181123,서울특별시,11,중구,11140,서울특별시,11,268,2452,362,269,1919,204,602,116,4875,1235,271
20181123,서울특별시,11,중구,11140,부산광역시,26,59,478,91,70,486,36,134,34,1213,301,110
20181123,서울특별시,11,중구,11140,대구광역시,27,28,358,51,44,299,49,92,22,817,199,64
20181123,서울특별시,11,중구,11140,인천광역시,28,76,364,46,56,398,34,135,28,1102,247,64
20181123,서울특별시,11,성동구,11200,전라북도,45,25,282,44,56,102,22,68,19,316,129,29
20181123,서울특별시,11,성동구,11200,충청남도,44,26,339,44,83,133,32,107,24,431,207,59
20181123,서울특별시,11,성동구,11200,충청북도,43,17,252,26,73,93,22,101,18,329,124,39
20181123,서울특별시,11,성동구,11200,강원도,42,18,236,35,35,105,25,75,21,289,119,37
20181123,서울특별시,11,성동구,11200,경기도,41,179,2673,317,579,958,176,739,250,3295,1475,403
20181123,서울특별시,11,성동구,11200,세종특별자치시,36,0,57,8,13,30,5,25,4,62,36,7
20181123,서울특별시,11,성동구,11200,울산광역시,31,8,147,23,36,63,17,48,21,179,84,23
20181123,서울특별시,11,성동구,11200,대전광역시,30,18,243,30,64,133,13,69,15,322,157,45
20181123,서울특별시,11,성동구,11200,광주광역시,29,10,174,20,43,83,6,45,6,235,108,24
20181123,서울특별시,11,성동구,11200,인천광역시,28,28,568,48,142,207,39,173,41,675,316,97
20181123,서울특별시,11,성동구,11200,대구광역시,27,27,314,50,93,185,30,106,23,472,223,75
20181123,서울특별시,11,성동구,11200,부산광역시,26,37,602,42,128,256,54,173,34,754,368,104
20181123,서울특별시,11,성동구,11200,서울특별시,11,135,2966,247,532,914,148,641,127,2758,1486,343
20181123,서울특별시,11,중구,11140,광주광역시,29,20,149,19,18,174,11,29,10,439,100,31
20181123,서울특별시,11,중구,11140,대전광역시,30,37,231,38,33,237,21,67,22,557,117,23
20181123,서울특별시,11,중구,11140,울산광역시,31,11,107,12,12,113,16,41,14,285,62,26
20181123,서울특별시,11,중구,11140,세종특별자치시,36,5,49,8,5,45,10,10,0,113,39,3
20181123,서울특별시,11,중구,11140,경기도,41,305,2268,304,297,2197,242,642,158,5124,1226,269
20181123,서울특별시,11,중구,11140,강원도,42,26,222,46,23,232,26,83,23,465,118,21
20181123,서울특별시,11,중구,11140,충청북도,43,41,246,25,29,218,20,75,15,550,139,37
20181123,서울특별시,11,중구,11140,충청남도,44,40,307,32,36,303,45,102,33,748,184,43
20181123,서울특별시,11,중구,11140,전라북도,45,27,203,24,30,218,31,77,20,618,147,24
20181123,서울특별시,11,중구,11140,전라남도,46,42,274,29,21,177,29,73,17,547,132,30
20181123,서울특별시,11,중구,11140,경상북도,47,39,292,40,34,256,39,90,21,744,182,40
20181123,서울특별시,11,중구,11140,경상남도,48,43,362,45,55,409,49,125,28,995,209,80
20181123,서울특별시,11,중구,11140,제주특별자치도,50,8,65,27,3,51,12,14,10,167,44,19
20181123,서울특별시,11,영등포구,11560,서울특별시,11,48,1612,245,1822,839,93,1011,98,1095,375,458
20181123,서울특별시,11,강남구,11680,서울특별시,11,441,3172,372,1059,1345,227,865,160,4104,1419,2062
20181123,서울특별시,11,강남구,11680,부산광역시,26,122,660,66,178,274,69,218,30,891,336,524
20181123,서울특별시,11,강남구,11680,대구광역시,27,96,418,25,110,179,41,120,23,615,197,283
20181123,서울특별시,11,강남구,11680,인천광역시,28,101,493,42,210,293,70,194,44,677,270,412
20181123,서울특별시,11,강남구,11680,광주광역시,29,28,166,10,51,126,35,56,11,264,103,146
20181123,서울특별시,11,강남구,11680,대전광역시,30,30,256,22,126,141,34,96,29,410,153,204
20181123,서울특별시,11,강남구,11680,울산광역시,31,45,158,14,37,74,25,41,11,212,75,135
20181123,서울특별시,11,강남구,11680,세종특별자치시,36,21,64,5,22,38,10,21,5,93,26,39
20181123,서울특별시,11,강남구,11680,경기도,41,488,2673,290,1157,1422,298,934,203,4156,1459,1928
20181123,서울특별시,11,강남구,11680,강원도,42,35,207,15,166,108,29,106,14,302,108,168
20181123,서울특별시,11,강남구,11680,충청북도,43,40,236,40,112,113,42,105,20,405,142,141
20181123,서울특별시,11,강남구,11680,충청남도,44,69,295,30,101,218,41,133,31,505,198,229
20181123,서울특별시,11,강남구,11680,전라북도,45,43,268,31,84,121,42,96,21,364,131,208
20181123,서울특별시,11,강남구,11680,전라남도,46,42,234,35,77,115,24,83,16,299,113,159
20181123,서울특별시,11,강남구,11680,경상북도,47,66,318,29,108,138,68,135,20,461,166,267
20181123,서울특별시,11,강남구,11680,경상남도,48,96,414,39,214,201,62,153,32,600,184,336
20181123,서울특별시,11,강남구,11680,제주특별자치도,50,28,100,9,31,101,9,38,30,148,54,65
20181123,서울특별시,11,은평구,11380,부산광역시,26,46,228,22,62,157,33,58,30,320,112,143
20181123,서울특별시,11,은평구,11380,서울특별시,11,158,747,71,279,592,132,209,108,1038,349,467
20181123,서울특별시,11,중랑구,11260,제주특별자치도,50,8,46,5,24,34,7,21,17,135,44,20
20181123,서울특별시,11,중랑구,11260,경상남도,48,68,311,44,190,280,47,103,125,1079,278,151
20181123,서울특별시,11,중랑구,11260,경상북도,47,34,215,39,132,243,40,82,94,749,228,141
20181123,서울특별시,11,중랑구,11260,전라남도,46,29,145,17,111,152,26,60,46,578,166,99
20181123,서울특별시,11,중랑구,11260,전라북도,45,30,182,19,120,175,18,44,51,623,154,102
20181123,서울특별시,11,중랑구,11260,충청남도,44,51,258,30,135,214,26,72,92,801,197,129
20181123,서울특별시,11,중랑구,11260,충청북도,43,30,166,18,98,191,16,69,41,584,151,82
20181123,서울특별시,11,중랑구,11260,강원도,42,30,138,15,89,173,20,63,58,523,147,78
20181123,서울특별시,11,중랑구,11260,경기도,41,323,1605,194,1007,1449,246,563,461,5078,1417,736
20181123,서울특별시,11,중랑구,11260,세종특별자치시,36,4,33,6,24,39,7,11,15,106,29,17
20181123,서울특별시,11,중랑구,11260,울산광역시,31,21,116,19,45,84,18,39,31,293,101,61
20181123,서울특별시,11,중랑구,11260,대전광역시,30,19,145,24,117,152,19,57,53,551,132,80
20181123,서울특별시,11,중랑구,11260,광주광역시,29,20,109,9,57,98,16,46,37,354,130,59
20181123,서울특별시,11,중랑구,11260,인천광역시,28,68,374,54,194,296,46,146,97,1016,319,181
20181123,서울특별시,11,중랑구,11260,대구광역시,27,49,220,34,160,203,21,97,84,761,235,133
20181123,서울특별시,11,중랑구,11260,부산광역시,26,55,329,46,221,303,40,137,93,1204,371,195
20181123,서울특별시,11,중랑구,11260,서울특별시,11,249,1331,259,767,979,130,491,322,3557,1106,601
20181124,서울특별시,11,송파구,11710,제주특별자치도,50,0,3,3,17,0,0,0,0,30,0,0
20181124,서울특별시,11,송파구,11710,경상북도,47,0,21,15,83,22,0,8,5,121,10,0
20181124,서울특별시,11,송파구,11710,전라남도,46,0,17,10,46,38,0,7,3,72,6,0
20181124,서울특별시,11,송파구,11710,전라북도,45,0,6,17,90,4,0,7,0,118,16,0
20181124,서울특별시,11,은평구,11380,서울특별시,11,11,145,0,47,22,9,26,9,202,60,15
20181124,서울특별시,11,은평구,11380,부산광역시,26,0,19,0,11,7,0,0,0,16,22,3
20181124,서울특별시,11,은평구,11380,대구광역시,27,0,13,0,0,9,0,0,0,18,7,5
20181124,서울특별시,11,은평구,11380,인천광역시,28,5,24,0,7,12,0,5,0,39,12,0
20181124,서울특별시,11,은평구,11380,광주광역시,29,0,14,0,0,4,0,0,0,5,8,0
20181124,서울특별시,11,은평구,11380,대전광역시,30,0,12,0,0,0,0,0,5,9,5,0
20181124,서울특별시,11,은평구,11380,울산광역시,31,0,8,0,3,3,0,0,0,4,0,0
20181124,서울특별시,11,은평구,11380,세종특별자치시,36,0,4,0,0,0,0,0,0,0,0,0
20181124,서울특별시,11,은평구,11380,경기도,41,11,161,12,43,60,21,20,14,481,96,44
20181124,서울특별시,11,은평구,11380,강원도,42,0,11,0,0,3,0,0,0,6,3,0
20181124,서울특별시,11,은평구,11380,충청북도,43,0,12,0,9,4,0,0,0,26,6,0
20181124,서울특별시,11,은평구,11380,충청남도,44,0,26,4,6,8,0,0,0,27,7,3
20181124,서울특별시,11,은평구,11380,전라북도,45,0,6,0,3,4,0,0,0,12,3,3
20181124,서울특별시,11,은평구,11380,전라남도,46,0,19,0,0,0,0,0,0,14,6,6
20181124,서울특별시,11,은평구,11380,경상북도,47,0,24,0,5,6,0,0,0,7,4,0
20181124,서울특별시,11,은평구,11380,경상남도,48,3,16,0,5,12,6,0,0,23,7,3
20181124,서울특별시,11,은평구,11380,제주특별자치도,50,0,0,0,0,0,0,0,0,0,0,0
20181124,서울특별시,11,강북구,11305,서울특별시,11,3,88,3,24,20,0,7,3,270,23,5
20181124,서울특별시,11,강북구,11305,부산광역시,26,0,28,0,6,0,0,5,0,61,16,0
20181124,서울특별시,11,강북구,11305,대구광역시,27,0,9,0,0,0,0,0,0,29,3,0
20181124,서울특별시,11,강북구,11305,인천광역시,28,0,23,0,6,4,0,0,0,62,6,0
20181124,서울특별시,11,강북구,11305,광주광역시,29,0,11,0,0,0,0,0,0,20,0,0
20181124,서울특별시,11,강북구,11305,대전광역시,30,0,7,0,0,0,0,0,0,32,3,0
20181124,서울특별시,11,강북구,11305,울산광역시,31,0,3,0,0,0,0,0,0,24,0,0
20181124,서울특별시,11,강북구,11305,세종특별자치시,36,0,0,0,0,0,0,0,0,6,0,0
20181124,서울특별시,11,강북구,11305,경기도,41,7,96,7,26,27,9,14,14,421,48,13
20181124,서울특별시,11,강북구,11305,강원도,42,0,6,0,0,0,0,0,0,20,0,0
20181124,서울특별시,11,강북구,11305,충청북도,43,0,20,0,0,0,0,0,0,41,0,0
20181124,서울특별시,11,강북구,11305,충청남도,44,0,6,0,5,0,0,0,0,28,5,0
20181124,서울특별시,11,강북구,11305,전라북도,45,0,3,0,0,0,0,0,0,32,0,0
20181124,서울특별시,11,강북구,11305,전라남도,46,0,10,0,4,0,0,0,0,23,0,0
20181124,서울특별시,11,강북구,11305,경상북도,47,0,8,0,0,0,0,4,0,38,4,0
20181124,서울특별시,11,강북구,11305,경상남도,48,0,13,0,0,4,0,0,0,58,3,0
20181124,서울특별시,11,강북구,11305,제주특별자치도,50,0,0,0,0,0,0,0,0,4,0,0
20181124,서울특별시,11,중랑구,11260,대전광역시,30,4,10,0,13,10,0,3,3,32,0,0
20181124,서울특별시,11,중랑구,11260,광주광역시,29,0,5,0,0,8,0,0,0,44,5,0
20181124,서울특별시,11,중랑구,11260,제주특별자치도,50,4,3,0,0,0,0,0,0,5,0,0
20181124,서울특별시,11,중랑구,11260,경상남도,48,20,21,0,16,11,0,8,3,94,8,4
20181124,서울특별시,11,중랑구,11260,경상북도,47,14,16,0,12,9,0,4,0,43,6,4
20181124,서울특별시,11,중랑구,11260,전라남도,46,12,10,0,11,10,0,18,0,58,0,3
20181124,서울특별시,11,관악구,11620,제주특별자치도,50,0,7,0,3,0,0,0,0,33,4,0
20181124,서울특별시,11,관악구,11620,경상남도,48,0,31,0,11,32,0,0,3,189,7,0
20181124,서울특별시,11,관악구,11620,경상북도,47,0,22,0,12,13,0,7,0,108,7,0
20181124,서울특별시,11,관악구,11620,전라남도,46,0,19,0,4,13,0,0,0,80,7,0
20181124,서울특별시,11,송파구,11710,충청남도,44,4,24,19,59,23,0,6,0,125,14,0
20181124,서울특별시,11,송파구,11710,충청북도,43,7,28,23,54,10,0,7,3,129,8,0
20181124,서울특별시,11,송파구,11710,강원도,42,0,31,16,66,26,0,17,3,84,10,0
20181124,서울특별시,11,송파구,11710,경기도,41,34,323,151,454,131,28,67,48,1255,204,47
20181124,서울특별시,11,송파구,11710,세종특별자치시,36,0,0,3,8,3,0,0,0,17,4,0
20181124,서울특별시,11,송파구,11710,울산광역시,31,0,10,9,39,8,0,0,0,41,4,0
20181124,서울특별시,11,송파구,11710,대전광역시,30,0,16,23,45,13,4,9,0,85,10,0
20181124,서울특별시,11,송파구,11710,광주광역시,29,0,19,13,39,6,0,3,0,87,11,0
20181124,서울특별시,11,송파구,11710,인천광역시,28,3,29,40,157,19,0,11,9,193,23,7
20181124,서울특별시,11,송파구,11710,대구광역시,27,9,18,35,63,13,0,7,3,159,17,0
20181124,서울특별시,11,송파구,11710,부산광역시,26,18,40,32,128,21,0,4,0,206,37,0
20181124,서울특별시,11,송파구,11710,서울특별시,11,10,265,167,347,91,10,60,17,870,154,23
20181124,서울특별시,11,영등포구,11560,제주특별자치도,50,0,6,0,0,0,0,0,0,0,0,0
20181124,서울특별시,11,영등포구,11560,경상남도,48,0,66,0,5,18,0,20,0,21,3,4
20181124,서울특별시,11,영등포구,11560,경상북도,47,0,51,0,8,12,3,37,0,10,0,0
20181124,서울특별시,11,영등포구,11560,전라남도,46,0,25,0,0,4,0,7,0,6,0,0
20181124,서울특별시,11,영등포구,11560,전라북도,45,0,24,0,0,8,0,5,0,11,0,0
20181124,서울특별시,11,영등포구,11560,충청남도,44,3,29,0,8,12,0,12,0,17,6,0
20181124,서울특별시,11,영등포구,11560,충청북도,43,0,24,4,8,10,0,0,0,23,0,3
20181124,서울특별시,11,영등포구,11560,강원도,42,5,20,0,5,13,0,16,0,11,0,0
20181124,서울특별시,11,영등포구,11560,경기도,41,24,279,19,77,122,24,63,20,402,86,33
20181124,서울특별시,11,영등포구,11560,세종특별자치시,36,0,6,0,3,6,0,3,0,0,0,0
20181124,서울특별시,11,영등포구,11560,울산광역시,31,0,12,0,0,9,0,5,0,4,0,0
20181124,서울특별시,11,영등포구,11560,대전광역시,30,0,29,0,4,8,0,4,0,5,6,0
20181124,서울특별시,11,영등포구,11560,광주광역시,29,0,30,0,4,4,0,3,0,12,0,0
20181124,서울특별시,11,영등포구,11560,인천광역시,28,5,55,0,15,20,0,11,0,18,9,0
20181124,서울특별시,11,영등포구,11560,대구광역시,27,3,27,0,9,23,0,13,0,23,0,5
20181124,서울특별시,11,영등포구,11560,부산광역시,26,0,64,0,8,27,0,18,0,37,19,3
20181124,서울특별시,11,영등포구,11560,서울특별시,11,11,259,16,55,70,12,34,4,199,50,19
20181124,서울특별시,11,서대문구,11410,서울특별시,11,0,433,0,27,274,9,14,0,213,29,13
20181124,서울특별시,11,서대문구,11410,부산광역시,26,0,34,0,3,40,0,11,0,70,20,0
20181124,서울특별시,11,서대문구,11410,대구광역시,27,0,45,0,0,57,0,3,0,21,0,0
20181124,서울특별시,11,서대문구,11410,인천광역시,28,3,108,0,8,92,0,3,0,32,4,0
20181124,서울특별시,11,서대문구,11410,광주광역시,29,0,45,0,0,55,0,0,0,21,0,0
20181124,서울특별시,11,서대문구,11410,대전광역시,30,0,45,0,0,61,0,3,0,4,0,0
20181124,서울특별시,11,서대문구,11410,울산광역시,31,0,41,0,0,30,0,0,0,10,0,0
20181124,서울특별시,11,서대문구,11410,세종특별자치시,36,0,9,0,0,5,0,0,0,0,0,0
20181124,서울특별시,11,서대문구,11410,경기도,41,13,466,10,37,409,15,19,0,345,48,17
20181124,서울특별시,11,서대문구,11410,강원도,42,0,73,0,0,56,0,3,0,9,0,0
20181124,서울특별시,11,서대문구,11410,충청북도,43,0,65,7,7,52,0,0,0,29,3,0
20181124,서울특별시,11,서대문구,11410,충청남도,44,0,58,0,3,68,0,4,0,16,3,0
20181124,서울특별시,11,서대문구,11410,전라북도,45,0,70,0,0,77,0,0,0,12,0,0
20181124,서울특별시,11,서대문구,11410,전라남도,46,0,30,0,0,48,0,4,0,19,0,0
20181124,서울특별시,11,서대문구,11410,경상북도,47,0,61,0,4,79,0,0,0,25,0,0
20181124,서울특별시,11,서대문구,11410,경상남도,48,0,33,0,0,97,0,4,0,44,0,3
20181124,서울특별시,11,서대문구,11410,제주특별자치도,50,0,0,0,0,0,0,0,0,9,0,0
20181124,서울특별시,11,서초구,11650,서울특별시,11,15,455,35,108,797,39,336,23,310,115,28
20181124,서울특별시,11,서초구,11650,부산광역시,26,0,68,6,14,206,5,24,6,39,39,3
20181124,서울특별시,11,서초구,11650,대구광역시,27,4,43,3,17,158,0,9,0,23,13,3
20181124,서울특별시,11,서초구,11650,인천광역시,28,6,80,4,25,170,6,16,12,35,11,4
20181124,서울특별시,11,서초구,11650,광주광역시,29,0,23,4,0,91,0,4,0,13,5,0
20181124,서울특별시,11,서초구,11650,대전광역시,30,0,35,4,3,120,0,7,6,16,9,3
20181124,서울특별시,11,서초구,11650,울산광역시,31,0,17,0,4,81,0,0,0,4,0,0
20181124,서울특별시,11,서초구,11650,세종특별자치시,36,0,9,0,0,16,0,0,0,3,4,0
20181124,서울특별시,11,서초구,11650,경기도,41,22,320,38,88,800,56,90,37,633,155,45
20181124,서울특별시,11,서초구,11650,강원도,42,0,28,3,7,115,4,3,0,12,7,0
20181124,서울특별시,11,서초구,11650,충청북도,43,0,53,24,11,106,0,11,0,45,9,5
20181124,서울특별시,11,서초구,11650,충청남도,44,0,39,0,13,116,5,10,3,26,16,4
20181124,서울특별시,11,서초구,11650,전라북도,45,0,26,4,6,76,0,9,3,23,8,0
20181124,서울특별시,11,서초구,11650,전라남도,46,0,22,0,4,91,0,5,0,9,8,0
20181124,서울특별시,11,서초구,11650,경상북도,47,0,37,6,6,185,0,6,0,23,10,3
20181124,서울특별시,11,서초구,11650,경상남도,48,0,49,8,12,186,3,7,10,39,16,6
20181124,서울특별시,11,서초구,11650,제주특별자치도,50,0,14,0,0,25,0,5,0,3,0,0
20181124,서울특별시,11,종로구,11110,제주특별자치도,50,0,14,0,0,0,0,4,0,9,3,0
20181124,서울특별시,11,종로구,11110,경상남도,48,11,16,0,6,28,3,4,0,78,18,0
20181124,서울특별시,11,종로구,11110,경상북도,47,6,22,0,8,16,0,0,0,83,10,0
20181124,서울특별시,11,종로구,11110,전라남도,46,6,9,3,3,20,0,3,0,88,11,0
20181124,서울특별시,11,종로구,11110,전라북도,45,3,18,0,6,13,0,0,0,61,6,0
20181124,서울특별시,11,종로구,11110,충청남도,44,4,19,0,4,20,0,8,0,70,22,0
20181124,서울특별시,11,종로구,11110,충청북도,43,4,17,0,3,14,0,3,0,62,16,0
20181124,서울특별시,11,종로구,11110,강원도,42,6,15,0,6,13,0,5,0,40,14,0
20181124,서울특별시,11,종로구,11110,경기도,41,24,148,15,45,149,10,76,3,412,121,14
20181124,서울특별시,11,종로구,11110,세종특별자치시,36,0,0,0,0,0,0,0,0,10,0,0
20181124,서울특별시,11,종로구,11110,울산광역시,31,3,6,0,0,9,0,0,0,17,9,0
20181124,서울특별시,11,성북구,11290,제주특별자치도,50,0,16,0,3,16,5,6,0,94,24,7
20181124,서울특별시,11,성북구,11290,경상남도,48,6,112,3,14,357,24,29,16,399,210,46
20181124,서울특별시,11,성북구,11290,경상북도,47,6,69,0,23,259,15,22,4,249,160,28
20181124,서울특별시,11,성북구,11290,전라남도,46,0,41,3,15,174,11,15,7,193,113,22
20181124,서울특별시,11,성북구,11290,전라북도,45,6,51,0,18,202,9,24,5,228,121,19
20181124,서울특별시,11,성북구,11290,충청남도,44,7,78,0,19,267,14,27,12,302,170,22
20181124,서울특별시,11,성북구,11290,충청북도,43,0,54,3,16,227,16,15,10,248,121,11
20181124,서울특별시,11,성북구,11290,강원도,42,4,49,0,8,253,14,19,12,179,113,23
20181124,서울특별시,11,성북구,11290,경기도,41,60,597,27,161,1870,98,192,62,2146,1068,225
20181124,서울특별시,11,성북구,11290,세종특별자치시,36,0,13,0,0,32,0,7,0,40,24,6
20181124,서울특별시,11,성북구,11290,울산광역시,31,0,41,0,17,95,8,9,0,128,66,18
20181124,서울특별시,11,성북구,11290,대전광역시,30,0,55,0,12,205,3,23,8,205,126,27
20181124,서울특별시,11,성북구,11290,광주광역시,29,6,64,0,7,103,7,12,3,151,96,12
20181124,서울특별시,11,성북구,11290,인천광역시,28,4,107,6,25,391,22,48,9,442,235,48
20181124,서울특별시,11,성북구,11290,대구광역시,27,10,111,3,16,257,18,24,13,312,182,26
20181124,서울특별시,11,성북구,11290,부산광역시,26,11,104,4,24,495,28,59,17,477,245,34
20181124,서울특별시,11,성북구,11290,서울특별시,11,47,888,72,138,1548,79,192,58,1573,833,196
20181124,서울특별시,11,종로구,11110,대전광역시,30,3,11,0,6,14,0,4,0,35,4,3
20181124,서울특별시,11,종로구,11110,광주광역시,29,4,8,0,6,11,0,0,0,16,3,0
20181124,서울특별시,11,종로구,11110,인천광역시,28,6,34,3,7,26,0,7,0,32,17,0
20181124,서울특별시,11,종로구,11110,대구광역시,27,6,17,0,5,17,0,4,0,57,10,6
20181124,서울특별시,11,종로구,11110,부산광역시,26,4,35,0,11,19,0,0,3,122,28,0
20181124,서울특별시,11,종로구,11110,서울특별시,11,28,151,14,37,127,4,34,4,158,85,3
20181124,서울특별시,11,강남구,11680,서울특별시,11,23,575,36,88,78,27,105,9,812,324,75
20181124,서울특별시,11,강남구,11680,부산광역시,26,0,115,4,8,6,4,9,0,173,80,29
20181124,서울특별시,11,강남구,11680,대구광역시,27,3,101,15,11,13,4,0,3,139,79,15
20181124,서울특별시,11,강남구,11680,인천광역시,28,0,79,4,14,23,9,6,4,165,71,23
20181124,서울특별시,11,강남구,11680,광주광역시,29,0,27,0,5,0,0,3,0,42,25,3
20181124,서울특별시,11,강남구,11680,대전광역시,30,0,54,0,7,6,5,9,0,72,45,4
20181124,서울특별시,11,강남구,11680,울산광역시,31,0,29,0,4,0,0,0,0,45,25,3
20181124,서울특별시,11,강남구,11680,세종특별자치시,36,0,14,0,0,0,0,0,0,21,13,0
20181124,서울특별시,11,강남구,11680,경기도,41,32,591,83,81,118,46,69,13,1212,407,100
20181124,서울특별시,11,강남구,11680,강원도,42,3,27,3,4,5,0,4,0,43,30,9
20181124,서울특별시,11,강남구,11680,충청북도,43,0,40,18,5,4,0,8,0,82,30,8
20181124,서울특별시,11,강남구,11680,충청남도,44,0,57,7,5,35,4,8,0,83,38,17
20181124,서울특별시,11,강남구,11680,전라북도,45,3,35,4,4,4,0,6,0,61,35,14
20181124,서울특별시,11,강남구,11680,전라남도,46,0,32,0,0,4,5,9,0,68,27,10
20181124,서울특별시,11,강남구,11680,경상북도,47,0,62,3,9,5,5,13,0,85,52,15
20181124,서울특별시,11,강남구,11680,경상남도,48,3,76,4,3,8,0,17,0,137,51,17
20181124,서울특별시,11,강남구,11680,제주특별자치도,50,0,11,0,0,3,0,3,0,33,12,4
20181124,서울특별시,11,강동구,11740,제주특별자치도,50,0,0,0,0,7,0,0,0,18,0,0
20181124,서울특별시,11,강동구,11740,경상남도,48,0,21,7,4,15,0,0,0,93,0,0
20181124,서울특별시,11,강동구,11740,경상북도,47,0,14,3,0,17,0,4,0,47,0,0
20181124,서울특별시,11,강동구,11740,전라남도,46,0,4,7,0,5,0,0,0,39,0,0
20181124,서울특별시,11,강동구,11740,전라북도,45,0,8,0,0,3,0,0,0,54,0,0
20181124,서울특별시,11,강동구,11740,충청남도,44,0,9,0,4,29,0,4,0,50,5,0
20181124,서울특별시,11,강동구,11740,충청북도,43,0,13,4,5,10,0,3,4,60,0,6
20181124,서울특별시,11,강동구,11740,강원도,42,0,6,0,3,15,0,0,0,51,0,0
20181124,서울특별시,11,강동구,11740,경기도,41,13,140,44,63,176,22,14,28,614,73,30
20181124,서울특별시,11,강동구,11740,세종특별자치시,36,0,3,0,0,0,0,0,0,5,0,0
20181124,서울특별시,11,강동구,11740,울산광역시,31,0,8,3,0,4,0,0,0,16,0,0
20181124,서울특별시,11,강동구,11740,대전광역시,30,0,13,5,0,14,0,0,3,32,0,0
20181124,서울특별시,11,강동구,11740,광주광역시,29,0,4,3,0,5,0,0,0,23,4,0
20181124,서울특별시,11,강동구,11740,인천광역시,28,4,18,10,12,49,0,0,0,110,6,3
20181124,서울특별시,11,강동구,11740,대구광역시,27,0,8,7,0,13,0,0,0,51,0,0
20181124,서울특별시,11,강동구,11740,부산광역시,26,0,16,0,0,25,5,0,0,78,27,0
20181124,서울특별시,11,강동구,11740,서울특별시,11,7,149,25,49,114,8,10,8,336,54,14
20181124,서울특별시,11,마포구,11440,서울특별시,11,8,297,12,43,56,18,27,8,345,267,13
20181124,서울특별시,11,마포구,11440,부산광역시,26,4,51,3,11,8,4,0,0,66,74,0
20181124,서울특별시,11,마포구,11440,대구광역시,27,45,33,0,6,8,0,0,0,37,60,0
20181124,서울특별시,11,마포구,11440,인천광역시,28,4,50,5,9,16,0,0,0,53,59,3
20181124,서울특별시,11,마포구,11440,광주광역시,29,0,15,0,3,4,0,4,0,17,29,0
20181124,서울특별시,11,마포구,11440,대전광역시,30,0,25,5,5,8,0,4,0,29,40,0
20181124,서울특별시,11,마포구,11440,울산광역시,31,0,8,0,0,3,0,0,0,13,15,0
20181124,서울특별시,11,마포구,11440,세종특별자치시,36,0,0,0,0,0,0,0,0,5,4,0
20181124,서울특별시,11,마포구,11440,경기도,41,22,260,28,49,107,20,27,16,562,310,22
20181124,서울특별시,11,마포구,11440,강원도,42,0,22,0,0,0,0,0,0,23,22,0
20181124,서울특별시,11,마포구,11440,충청북도,43,0,23,7,7,3,0,4,0,40,31,0
20181124,서울특별시,11,마포구,11440,충청남도,44,0,20,0,4,9,0,0,0,40,36,0
20181124,서울특별시,11,마포구,11440,전라북도,45,0,20,5,3,7,0,0,0,25,25,0
20181124,서울특별시,11,마포구,11440,전라남도,46,0,11,3,3,5,0,0,0,27,25,0
20181124,서울특별시,11,마포구,11440,경상북도,47,100,32,3,3,6,0,0,0,40,35,0
20181124,서울특별시,11,마포구,11440,경상남도,48,3,43,0,6,9,0,3,0,49,36,0
20181124,서울특별시,11,마포구,11440,제주특별자치도,50,0,13,3,0,0,0,4,0,8,9,0
20181124,서울특별시,11,노원구,11350,서울특별시,11,9,136,3,56,78,9,118,26,340,74,23
20181124,서울특별시,11,노원구,11350,부산광역시,26,0,23,0,5,7,3,15,0,72,29,3
20181124,서울특별시,11,노원구,11350,대구광역시,27,3,13,0,0,8,0,6,0,42,11,0
20181124,서울특별시,11,노원구,11350,인천광역시,28,8,16,0,7,18,0,9,3,69,17,6
20181124,서울특별시,11,노원구,11350,광주광역시,29,0,8,0,5,3,0,3,0,29,9,0
20181124,서울특별시,11,노원구,11350,대전광역시,30,0,7,0,4,0,0,6,0,20,12,0
20181124,서울특별시,11,노원구,11350,울산광역시,31,0,6,0,0,6,0,0,0,16,5,0
20181124,서울특별시,11,노원구,11350,세종특별자치시,36,0,0,0,0,0,0,0,0,8,4,0
20181124,서울특별시,11,노원구,11350,경기도,41,23,159,15,64,71,19,61,15,671,112,26
20181124,서울특별시,11,노원구,11350,강원도,42,0,4,0,0,3,0,4,0,16,3,0
20181124,서울특별시,11,노원구,11350,충청북도,43,0,16,7,8,4,0,5,0,37,4,0
20181124,서울특별시,11,노원구,11350,충청남도,44,0,16,0,0,6,0,3,0,46,8,0
20181124,서울특별시,11,노원구,11350,전라북도,45,0,15,0,4,3,0,5,0,34,9,0
20181124,서울특별시,11,노원구,11350,전라남도,46,0,8,0,0,3,0,11,0,31,7,0
20181124,서울특별시,11,노원구,11350,경상북도,47,0,6,0,0,3,0,8,0,31,0,0
20181124,서울특별시,11,노원구,11350,경상남도,48,4,16,0,0,3,3,0,0,69,13,0
20181124,서울특별시,11,구로구,11530,제주특별자치도,50,4,9,0,0,3,0,4,0,14,4,0
20181124,서울특별시,11,구로구,11530,경상남도,48,10,31,6,7,35,3,0,3,154,16,0
20181124,서울특별시,11,구로구,11530,경상북도,47,11,25,0,12,24,0,4,3,112,14,0
20181124,서울특별시,11,구로구,11530,전라남도,46,9,17,4,5,18,6,0,0,76,4,3
20181124,서울특별시,11,구로구,11530,전라북도,45,4,21,4,10,17,0,0,0,96,9,0
20181124,서울특별시,11,구로구,11530,충청남도,44,4,39,6,5,20,0,4,0,119,12,0
20181124,서울특별시,11,구로구,11530,충청북도,43,7,27,7,16,17,0,4,0,117,6,0
20181124,서울특별시,11,구로구,11530,강원도,42,7,24,3,12,17,0,0,0,69,9,0
20181124,서울특별시,11,구로구,11530,경기도,41,47,252,38,102,145,29,30,26,1019,117,24
20181124,서울특별시,11,구로구,11530,세종특별자치시,36,0,0,0,0,3,0,0,0,15,3,0
20181124,서울특별시,11,구로구,11530,울산광역시,31,3,16,0,0,12,0,0,0,41,3,0
20181124,서울특별시,11,구로구,11530,대전광역시,30,7,23,0,7,17,0,0,0,87,6,0
20181124,서울특별시,11,구로구,11530,광주광역시,29,4,21,0,4,10,0,0,0,67,9,0
20181124,서울특별시,11,구로구,11530,인천광역시,28,14,42,7,19,30,4,9,3,180,17,0
20181124,서울특별시,11,구로구,11530,대구광역시,27,10,34,8,5,19,6,4,4,117,18,0
20181124,서울특별시,11,구로구,11530,부산광역시,26,8,57,7,13,36,0,4,0,179,35,0
20181124,서울특별시,11,구로구,11530,서울특별시,11,43,236,27,69,130,13,20,7,795,110,24
20181124,서울특별시,11,노원구,11350,제주특별자치도,50,0,4,0,0,0,0,0,0,11,0,0
20181124,서울특별시,11,도봉구,11320,서울특별시,11,0,534,27,34,53,7,9,10,153,25,18
20181124,서울특별시,11,도봉구,11320,부산광역시,26,0,109,10,3,16,0,9,4,27,15,3
20181124,서울특별시,11,도봉구,11320,대구광역시,27,0,66,7,0,13,0,0,0,12,4,0
20181124,서울특별시,11,도봉구,11320,인천광역시,28,3,102,8,9,10,0,5,0,35,4,3
20181124,서울특별시,11,도봉구,11320,광주광역시,29,0,34,3,3,5,0,0,0,10,0,0
20181124,서울특별시,11,도봉구,11320,대전광역시,30,0,49,0,4,10,0,0,3,12,0,4
20181124,서울특별시,11,도봉구,11320,울산광역시,31,0,30,0,0,4,0,0,0,0,0,0
20181124,서울특별시,11,도봉구,11320,세종특별자치시,36,0,10,0,0,0,0,0,0,0,0,0
20181124,서울특별시,11,도봉구,11320,경기도,41,12,487,36,43,78,15,10,24,389,58,28
20181124,서울특별시,11,도봉구,11320,강원도,42,0,60,3,0,6,0,3,3,4,0,0
20181124,서울특별시,11,도봉구,11320,충청북도,43,0,55,4,7,5,3,0,7,21,0,0
20181124,서울특별시,11,도봉구,11320,충청남도,44,0,71,6,5,11,0,0,0,17,9,8
20181124,서울특별시,11,도봉구,11320,전라북도,45,0,42,0,3,7,0,0,0,9,3,0
20181124,서울특별시,11,도봉구,11320,전라남도,46,0,30,29,0,7,0,0,0,10,0,0
20181124,서울특별시,11,도봉구,11320,경상북도,47,0,63,3,0,13,0,0,0,8,0,0
20181124,서울특별시,11,도봉구,11320,경상남도,48,0,80,5,3,11,0,0,6,26,4,0
20181124,서울특별시,11,도봉구,11320,제주특별자치도,50,0,17,0,0,0,0,0,0,0,0,0
20181124,서울특별시,11,광진구,11215,제주특별자치도,50,0,3,0,0,0,0,0,0,4,0,0
20181124,서울특별시,11,광진구,11215,경상남도,48,0,27,3,19,4,3,5,0,40,8,5
20181124,서울특별시,11,광진구,11215,경상북도,47,0,12,0,8,0,0,8,0,28,0,0
20181124,서울특별시,11,광진구,11215,전라남도,46,0,22,0,9,0,0,5,0,11,0,0
20181124,서울특별시,11,광진구,11215,전라북도,45,0,9,0,4,0,0,3,0,23,5,4
20181124,서울특별시,11,광진구,11215,충청남도,44,3,22,0,13,7,0,4,0,28,7,4
20181124,서울특별시,11,광진구,11215,충청북도,43,0,22,6,17,0,0,6,0,36,3,0
20181124,서울특별시,11,광진구,11215,강원도,42,0,12,0,9,4,0,9,0,13,0,0
20181124,서울특별시,11,광진구,11215,경기도,41,12,161,25,90,38,23,49,15,397,101,51
20181124,서울특별시,11,광진구,11215,세종특별자치시,36,0,0,0,0,0,0,0,0,0,0,0
20181124,서울특별시,11,광진구,11215,울산광역시,31,0,8,0,6,0,0,3,0,11,0,0
20181124,서울특별시,11,광진구,11215,대전광역시,30,0,10,0,7,0,0,4,0,19,7,6
20181124,서울특별시,11,광진구,11215,광주광역시,29,0,7,0,5,3,0,0,0,8,5,0
20181124,서울특별시,11,광진구,11215,인천광역시,28,3,23,4,23,10,0,12,0,59,11,14
20181124,서울특별시,11,광진구,11215,대구광역시,27,0,11,0,16,0,0,0,3,15,8,5
20181124,서울특별시,11,광진구,11215,부산광역시,26,0,39,0,31,5,0,8,0,36,26,7
20181124,서울특별시,11,광진구,11215,서울특별시,11,11,170,13,92,38,7,39,17,238,68,35
20181124,서울특별시,11,동대문구,11230,서울특별시,11,28,313,20,26,37,9,59,12,179,63,12
20181124,서울특별시,11,동대문구,11230,부산광역시,26,8,75,7,4,6,3,40,0,31,30,0
20181124,서울특별시,11,동대문구,11230,대구광역시,27,5,72,5,3,8,0,18,0,19,14,3
20181124,서울특별시,11,동대문구,11230,인천광역시,28,4,108,11,4,11,0,15,0,26,11,4
20181124,서울특별시,11,동대문구,11230,광주광역시,29,0,35,3,3,3,0,7,0,13,7,0
20181124,서울특별시,11,동대문구,11230,대전광역시,30,0,56,6,0,7,0,12,0,11,7,0
20181124,서울특별시,11,동대문구,11230,울산광역시,31,3,22,14,0,4,0,0,0,7,6,0
20181124,서울특별시,11,동대문구,11230,세종특별자치시,36,0,15,0,0,0,0,0,0,0,0,0
20181124,서울특별시,11,동대문구,11230,경기도,41,30,504,37,31,77,13,96,15,327,82,21
20181124,서울특별시,11,동대문구,11230,강원도,42,5,40,3,3,6,0,9,0,6,3,0
20181124,서울특별시,11,동대문구,11230,충청북도,43,0,50,3,4,5,0,14,0,24,12,0
20181124,서울특별시,11,동대문구,11230,충청남도,44,7,77,3,0,13,0,12,0,21,11,0
20181124,서울특별시,11,동대문구,11230,전라북도,45,5,71,8,0,4,0,18,0,17,7,5
20181124,서울특별시,11,동대문구,11230,전라남도,46,7,58,0,0,11,0,21,0,11,10,0
20181124,서울특별시,11,동대문구,11230,경상북도,47,7,52,3,3,10,0,22,0,16,10,3
20181124,서울특별시,11,동대문구,11230,경상남도,48,8,64,8,3,12,0,32,3,43,12,3
20181124,서울특별시,11,동대문구,11230,제주특별자치도,50,0,31,0,0,0,0,3,0,8,0,0
20181124,서울특별시,11,중랑구,11260,인천광역시,28,8,25,0,8,30,0,10,4,47,12,4
20181124,서울특별시,11,중랑구,11260,대구광역시,27,13,14,0,11,18,0,14,5,34,8,3
20181124,서울특별시,11,중랑구,11260,부산광역시,26,9,22,0,24,17,0,21,3,80,17,0
20181124,서울특별시,11,중랑구,11260,서울특별시,11,27,121,18,52,80,0,49,17,237,47,6
20181124,서울특별시,11,성동구,11200,서울특별시,11,10,533,4,49,150,7,92,12,220,145,8
20181124,서울특별시,11,성동구,11200,부산광역시,26,0,131,4,0,54,0,6,0,30,31,0
20181124,서울특별시,11,성동구,11200,대구광역시,27,0,86,0,5,35,0,5,0,22,20,0
20181124,서울특별시,11,성동구,11200,인천광역시,28,0,98,3,5,39,0,0,0,38,22,4
20181124,서울특별시,11,성동구,11200,광주광역시,29,0,41,0,0,30,0,0,0,12,9,0
20181124,서울특별시,11,성동구,11200,대전광역시,30,0,45,0,7,20,0,0,0,17,9,0
20181124,서울특별시,11,성동구,11200,울산광역시,31,0,22,0,0,16,0,0,0,5,6,0
20181124,서울특별시,11,성동구,11200,세종특별자치시,36,0,11,0,0,9,0,0,0,6,3,0
20181124,서울특별시,11,성동구,11200,경기도,41,22,501,17,60,354,11,69,14,402,155,21
20181124,서울특별시,11,성동구,11200,강원도,42,0,38,0,3,20,0,0,0,7,10,0
20181124,서울특별시,11,성동구,11200,충청북도,43,0,38,4,9,19,0,5,0,27,7,0
20181124,서울특별시,11,성동구,11200,충청남도,44,3,73,0,5,21,0,0,0,24,8,0
20181124,서울특별시,11,성동구,11200,전라북도,45,0,90,0,0,26,0,0,0,12,10,0
20181124,서울특별시,11,성동구,11200,전라남도,46,0,59,0,0,19,0,6,0,9,6,0
20181124,서울특별시,11,성동구,11200,경상북도,47,0,82,0,6,28,0,0,0,15,12,0
20181124,서울특별시,11,성동구,11200,경상남도,48,0,89,0,6,48,3,5,0,25,9,0
20181124,서울특별시,11,성동구,11200,제주특별자치도,50,0,22,0,0,8,0,0,0,5,4,0
20181124,서울특별시,11,중구,11140,서울특별시,11,38,479,56,40,465,14,96,12,565,167,19
20181124,서울특별시,11,중구,11140,부산광역시,26,10,224,29,3,97,4,29,0,143,31,4
20181124,서울특별시,11,중구,11140,대구광역시,27,11,89,10,0,82,5,16,0,90,17,3
20181124,서울특별시,11,중구,11140,인천광역시,28,10,99,8,9,125,0,21,4,132,31,5
20181124,서울특별시,11,중구,11140,광주광역시,29,0,49,0,5,54,0,5,4,36,15,0
20181124,서울특별시,11,중구,11140,대전광역시,30,10,88,11,3,55,0,25,0,65,10,0
20181124,서울특별시,11,중구,11140,울산광역시,31,0,17,0,4,20,0,0,0,27,7,0
20181124,서울특별시,11,중구,11140,세종특별자치시,36,3,18,4,0,7,0,7,0,17,0,3
20181124,서울특별시,11,중구,11140,경기도,41,57,501,87,76,565,20,114,24,694,161,28
20181124,서울특별시,11,중구,11140,강원도,42,7,76,12,3,67,4,28,3,51,18,0
20181124,서울특별시,11,중구,11140,충청북도,43,7,66,15,4,57,3,35,0,50,13,0
20181124,서울특별시,11,중구,11140,충청남도,44,0,97,22,7,87,0,22,0,92,35,6
20181124,서울특별시,11,중구,11140,전라북도,45,5,105,14,5,63,0,15,4,65,16,0
20181124,서울특별시,11,중구,11140,전라남도,46,0,89,12,4,58,0,24,5,59,20,4
20181124,서울특별시,11,중구,11140,경상북도,47,5,99,24,7,76,0,20,0,92,15,0
20181124,서울특별시,11,중구,11140,경상남도,48,10,92,13,6,122,0,25,5,115,30,6
20181124,서울특별시,11,중구,11140,제주특별자치도,50,5,19,5,0,21,0,4,0,25,0,0
20181124,서울특별시,11,용산구,11170,서울특별시,11,13,169,9,218,46,6,8,6,218,79,40
20181124,서울특별시,11,용산구,11170,부산광역시,26,0,29,0,38,18,0,0,0,37,20,8
20181124,서울특별시,11,용산구,11170,대구광역시,27,0,20,0,16,10,0,0,0,34,5,5
20181124,서울특별시,11,용산구,11170,인천광역시,28,0,35,0,23,13,3,0,0,43,6,15
20181124,서울특별시,11,관악구,11620,전라북도,45,0,17,4,9,16,0,0,0,93,9,0
20181124,서울특별시,11,관악구,11620,충청남도,44,0,26,3,11,24,0,0,0,97,7,0
20181124,서울특별시,11,관악구,11620,충청북도,43,0,20,5,10,16,0,0,3,122,3,3
20181124,서울특별시,11,관악구,11620,강원도,42,0,31,3,8,11,0,0,0,61,0,0
20181124,서울특별시,11,관악구,11620,경기도,41,22,197,26,94,183,21,33,18,905,101,26
20181124,서울특별시,11,관악구,11620,세종특별자치시,36,0,4,0,0,3,0,0,0,16,0,0
20181124,서울특별시,11,관악구,11620,울산광역시,31,0,8,0,3,7,0,0,0,26,0,0
20181124,서울특별시,11,관악구,11620,대전광역시,30,0,13,4,12,17,0,4,0,84,0,0
20181124,서울특별시,11,관악구,11620,광주광역시,29,0,12,4,10,8,0,0,0,60,7,0
20181124,서울특별시,11,관악구,11620,인천광역시,28,7,51,3,19,35,0,0,0,140,9,3
20181124,서울특별시,11,관악구,11620,대구광역시,27,0,21,5,10,18,0,0,3,115,5,0
20181124,서울특별시,11,관악구,11620,부산광역시,26,0,41,0,12,27,3,6,3,152,34,0
20181124,서울특별시,11,관악구,11620,서울특별시,11,0,206,69,78,105,5,22,9,453,84,7
20181124,서울특별시,11,용산구,11170,광주광역시,29,0,11,0,16,3,0,0,0,24,0,0
20181124,서울특별시,11,용산구,11170,대전광역시,30,0,15,0,15,5,0,0,0,21,8,0
20181124,서울특별시,11,용산구,11170,울산광역시,31,0,0,0,15,0,0,0,0,16,0,0
20181124,서울특별시,11,용산구,11170,세종특별자치시,36,0,0,0,3,3,0,0,0,3,0,0
20181124,서울특별시,11,용산구,11170,경기도,41,13,154,7,194,82,17,10,7,391,70,52
20181124,서울특별시,11,용산구,11170,강원도,42,0,8,0,17,9,0,0,0,16,4,3
20181124,서울특별시,11,용산구,11170,충청북도,43,0,6,0,22,6,0,0,0,31,0,3
20181124,서울특별시,11,용산구,11170,충청남도,44,0,18,0,23,6,0,0,0,31,5,3
20181124,서울특별시,11,용산구,11170,전라북도,45,0,14,3,14,5,0,0,0,22,5,6
20181124,서울특별시,11,용산구,11170,전라남도,46,0,9,0,16,7,0,0,0,19,4,4
20181124,서울특별시,11,용산구,11170,경상북도,47,0,14,0,18,12,0,0,0,20,5,7
20181124,서울특별시,11,용산구,11170,경상남도,48,0,15,0,32,11,0,0,0,40,3,5
20181124,서울특별시,11,용산구,11170,제주특별자치도,50,0,3,0,12,0,0,0,0,6,0,0
20181124,서울특별시,11,중랑구,11260,전라북도,45,8,12,0,13,7,0,7,0,31,5,0
20181124,서울특별시,11,중랑구,11260,충청남도,44,13,18,0,20,15,0,11,3,35,4,3
20181124,서울특별시,11,중랑구,11260,충청북도,43,8,13,0,9,9,0,16,0,37,0,3
20181124,서울특별시,11,중랑구,11260,강원도,42,14,10,0,5,8,0,3,0,32,3,0
20181124,서울특별시,11,중랑구,11260,경기도,41,51,137,5,83,94,15,72,22,429,60,23
20181124,서울특별시,11,중랑구,11260,세종특별자치시,36,0,4,0,0,0,0,3,0,0,3,0
20181124,서울특별시,11,중랑구,11260,울산광역시,31,4,8,0,4,3,0,4,0,22,0,0
20181124,서울특별시,11,동작구,11590,서울특별시,11,5,142,8,38,13,0,18,8,238,68,10
20181124,서울특별시,11,금천구,11545,제주특별자치도,50,0,17,0,3,5,0,0,0,37,12,11
20181124,서울특별시,11,금천구,11545,경상남도,48,5,51,0,29,39,7,11,9,136,46,55
20181124,서울특별시,11,금천구,11545,경상북도,47,5,31,0,24,28,3,3,5,110,53,43
20181124,서울특별시,11,금천구,11545,전라남도,46,3,20,0,9,10,0,0,6,86,24,24
20181124,서울특별시,11,금천구,11545,전라북도,45,3,15,0,12,23,5,6,4,110,39,36
20181124,서울특별시,11,금천구,11545,충청남도,44,8,25,0,19,32,3,7,6,95,30,33
20181124,서울특별시,11,금천구,11545,충청북도,43,0,28,0,10,11,3,0,12,85,29,30
20181124,서울특별시,11,금천구,11545,강원도,42,0,25,0,16,18,0,0,5,81,28,72
20181124,서울특별시,11,금천구,11545,경기도,41,72,262,14,189,245,23,58,52,756,291,267
20181124,서울특별시,11,금천구,11545,세종특별자치시,36,0,6,0,0,0,0,0,0,27,7,4
20181124,서울특별시,11,금천구,11545,울산광역시,31,0,6,0,4,18,0,4,4,49,28,20
20181124,서울특별시,11,금천구,11545,대전광역시,30,9,14,5,22,20,0,5,5,80,34,28
20181124,서울특별시,11,금천구,11545,광주광역시,29,0,31,0,13,17,3,4,5,77,37,14
20181124,서울특별시,11,금천구,11545,인천광역시,28,33,40,0,38,61,6,8,7,116,55,47
20181124,서울특별시,11,금천구,11545,대구광역시,27,4,31,0,17,31,3,5,7,114,31,40
20181124,서울특별시,11,금천구,11545,부산광역시,26,11,42,0,26,53,4,9,17,149,57,64
20181124,서울특별시,11,금천구,11545,서울특별시,11,80,303,8,163,258,13,50,53,663,264,199
20181124,서울특별시,11,동작구,11590,부산광역시,26,0,20,0,0,4,0,3,0,33,20,3
20181124,서울특별시,11,동작구,11590,대구광역시,27,0,18,3,4,3,0,0,0,17,6,0
20181124,서울특별시,11,동작구,11590,인천광역시,28,0,23,0,8,4,0,0,3,47,7,0
20181124,서울특별시,11,동작구,11590,광주광역시,29,0,9,3,0,0,0,0,0,15,0,0
20181124,서울특별시,11,동작구,11590,대전광역시,30,0,9,0,4,4,0,5,0,9,0,0
20181124,서울특별시,11,동작구,11590,울산광역시,31,0,9,4,0,0,0,0,0,5,0,0
20181124,서울특별시,11,강서구,11500,제주특별자치도,50,9,9,0,29,4,0,6,0,83,3,0
20181124,서울특별시,11,강서구,11500,경상남도,48,24,73,9,89,35,4,71,9,385,27,0
20181124,서울특별시,11,강서구,11500,경상북도,47,13,48,14,72,19,4,49,0,261,26,0
20181124,서울특별시,11,강서구,11500,전라남도,46,9,34,0,42,15,0,48,5,213,11,0
20181124,서울특별시,11,강서구,11500,전라북도,45,11,32,10,56,18,0,46,3,221,17,3
20181124,서울특별시,11,강서구,11500,충청남도,44,21,53,13,68,25,3,39,7,262,21,6
20181124,서울특별시,11,강서구,11500,충청북도,43,10,43,14,43,11,4,46,4,198,9,0
20181124,서울특별시,11,강서구,11500,강원도,42,3,34,12,53,17,0,21,0,140,8,3
20181124,서울특별시,11,강서구,11500,경기도,41,113,500,107,644,176,60,306,61,1944,225,58
20181124,서울특별시,11,강서구,11500,세종특별자치시,36,0,11,0,10,8,0,5,0,33,3,0
20181124,서울특별시,11,강서구,11500,울산광역시,31,9,27,6,30,12,0,18,0,118,10,0
20181124,서울특별시,11,강서구,11500,대전광역시,30,16,42,11,50,13,0,28,8,162,19,4
20181124,서울특별시,11,강서구,11500,광주광역시,29,13,29,6,55,15,4,17,0,165,17,0
20181124,서울특별시,11,강서구,11500,인천광역시,28,26,95,21,119,37,11,50,20,371,38,7
20181124,서울특별시,11,강서구,11500,대구광역시,27,17,71,16,80,24,7,30,5,240,34,5
20181124,서울특별시,11,강서구,11500,부산광역시,26,22,119,17,117,30,8,74,14,378,62,0
20181124,서울특별시,11,강서구,11500,서울특별시,11,101,392,100,644,144,28,221,49,1033,155,43
20181124,서울특별시,11,동작구,11590,세종특별자치시,36,0,4,0,0,0,0,0,0,0,0,0
20181124,서울특별시,11,동작구,11590,경기도,41,12,128,24,44,39,16,31,11,429,82,11
20181124,서울특별시,11,동작구,11590,강원도,42,0,13,0,0,0,0,0,0,15,0,0
20181124,서울특별시,11,동작구,11590,충청북도,43,0,12,4,0,0,0,5,0,32,0,0
20181124,서울특별시,11,동작구,11590,충청남도,44,0,16,0,0,6,0,3,0,27,5,3
20181124,서울특별시,11,동작구,11590,전라북도,45,0,13,6,0,0,0,0,0,9,0,0
20181124,서울특별시,11,동작구,11590,전라남도,46,0,7,0,0,0,0,3,0,6,3,0
20181124,서울특별시,11,동작구,11590,경상북도,47,0,11,3,0,0,0,7,0,8,6,0
20181124,서울특별시,11,동작구,11590,경상남도,48,0,22,3,4,0,0,4,0,38,5,0
20181124,서울특별시,11,동작구,11590,제주특별자치도,50,0,3,0,0,0,0,0,0,7,0,0
20181124,서울특별시,11,양천구,11470,제주특별자치도,50,0,0,0,0,19,0,0,0,5,4,0
20181124,서울특별시,11,양천구,11470,경상남도,48,0,20,0,5,83,3,4,0,37,28,0
20181124,서울특별시,11,양천구,11470,경상북도,47,0,8,0,0,63,0,3,0,30,29,0
20181124,서울특별시,11,양천구,11470,전라남도,46,0,11,0,0,41,0,3,0,19,7,0
20181124,서울특별시,11,양천구,11470,전라북도,45,0,11,0,0,42,0,11,0,21,12,0
20181124,서울특별시,11,양천구,11470,충청남도,44,0,13,0,0,63,0,4,0,36,32,4
20181124,서울특별시,11,양천구,11470,충청북도,43,0,3,11,0,44,0,3,0,33,15,0
20181124,서울특별시,11,양천구,11470,강원도,42,0,12,0,3,44,0,0,0,16,18,0
20181124,서울특별시,11,양천구,11470,경기도,41,23,179,27,53,409,17,19,14,592,226,25
20181124,서울특별시,11,양천구,11470,세종특별자치시,36,0,0,0,0,9,0,0,0,10,5,0
20181124,서울특별시,11,양천구,11470,울산광역시,31,0,9,0,0,39,0,0,0,10,13,0
20181124,서울특별시,11,양천구,11470,대전광역시,30,0,15,0,0,62,0,0,0,31,19,0
20181124,서울특별시,11,양천구,11470,광주광역시,29,0,11,0,0,42,0,0,0,10,25,0
20181124,서울특별시,11,양천구,11470,인천광역시,28,0,22,4,10,98,0,3,0,54,37,5
20181124,서울특별시,11,양천구,11470,대구광역시,27,4,18,0,0,81,0,0,0,31,31,0
20181124,서울특별시,11,양천구,11470,부산광역시,26,8,35,0,4,115,0,5,0,62,56,0
20181124,서울특별시,11,양천구,11470,서울특별시,11,9,157,27,38,456,7,27,6,299,180,10
20181124,서울특별시,11,송파구,11710,경상남도,48,6,28,19,89,28,0,8,3,176,17,3
20181125,서울특별시,11,관악구,11620,충청북도,43,0,0,0,0,0,0,0,0,0,0,0
20181125,서울특별시,11,동작구,11590,제주특별자치도,50,0,0,0,0,0,0,0,0,7,0,0
20181125,서울특별시,11,동작구,11590,경상남도,48,0,0,0,0,0,0,0,0,25,6,0
20181125,서울특별시,11,동작구,11590,경상북도,47,0,0,0,0,0,0,0,0,14,6,0
20181125,서울특별시,11,동작구,11590,전라남도,46,0,0,0,0,0,0,0,0,15,0,0
20181125,서울특별시,11,동작구,11590,전라북도,45,0,0,0,0,0,0,0,0,23,0,0
20181125,서울특별시,11,동작구,11590,충청남도,44,0,0,0,0,0,0,0,0,19,4,0
20181125,서울특별시,11,동작구,11590,충청북도,43,0,0,0,0,0,0,0,0,7,4,0
20181125,서울특별시,11,양천구,11470,경기도,41,0,0,0,0,0,0,0,0,0,0,0
20181125,서울특별시,11,양천구,11470,충청북도,43,0,0,0,0,0,0,0,0,0,0,0
20181125,서울특별시,11,강서구,11500,서울특별시,11,0,0,0,0,5,6,6,0,0,0,9
20181125,서울특별시,11,강서구,11500,부산광역시,26,0,6,0,0,0,0,0,0,0,0,0
20181125,서울특별시,11,강서구,11500,대구광역시,27,0,0,0,0,0,0,0,0,0,0,0
20181125,서울특별시,11,강서구,11500,인천광역시,28,0,0,0,0,0,0,0,0,0,0,0
20181125,서울특별시,11,강서구,11500,광주광역시,29,0,0,0,0,0,0,0,0,0,0,0
20181125,서울특별시,11,강서구,11500,대전광역시,30,0,0,0,0,0,0,0,0,0,0,0
20181125,서울특별시,11,강서구,11500,울산광역시,31,0,3,0,0,0,0,0,0,0,0,0
20181125,서울특별시,11,강서구,11500,경기도,41,0,0,0,4,6,3,0,0,3,0,8
20181125,서울특별시,11,동작구,11590,강원도,42,0,0,0,0,0,0,0,0,19,4,0
20181125,서울특별시,11,동작구,11590,경기도,41,0,3,0,0,0,0,0,0,195,26,3
20181125,서울특별시,11,동작구,11590,세종특별자치시,36,0,0,0,0,0,0,0,0,7,0,0
20181125,서울특별시,11,동작구,11590,울산광역시,31,0,0,0,0,0,0,0,0,9,0,0
20181125,서울특별시,11,동작구,11590,대전광역시,30,0,0,0,0,0,0,0,0,22,5,0
20181125,서울특별시,11,동작구,11590,광주광역시,29,0,0,0,0,0,0,0,0,7,0,0
20181125,서울특별시,11,동작구,11590,인천광역시,28,0,0,0,0,0,0,0,0,43,5,0
20181125,서울특별시,11,동작구,11590,대구광역시,27,0,0,0,0,0,0,0,0,28,9,0
20181125,서울특별시,11,동작구,11590,부산광역시,26,0,0,0,0,0,0,0,0,31,7,0
20181125,서울특별시,11,동작구,11590,서울특별시,11,0,7,0,0,0,0,0,0,213,28,3
20181125,서울특별시,11,중구,11140,제주특별자치도,50,0,0,0,0,0,0,0,0,0,0,0
20181125,서울특별시,11,중구,11140,경상남도,48,0,13,0,0,4,0,0,0,0,0,0
20181125,서울특별시,11,중구,11140,경상북도,47,0,6,0,0,0,0,0,0,3,0,0
20181125,서울특별시,11,중구,11140,전라남도,46,0,5,0,0,0,0,0,0,0,0,0
20181125,서울특별시,11,중구,11140,전라북도,45,0,5,0,0,0,0,0,0,0,0,0
20181125,서울특별시,11,중구,11140,충청남도,44,0,9,0,0,0,0,0,0,0,0,0
20181125,서울특별시,11,중구,11140,충청북도,43,0,6,0,0,0,0,0,0,0,0,0
20181125,서울특별시,11,중구,11140,강원도,42,0,5,0,0,4,0,0,0,0,0,0
20181125,서울특별시,11,중구,11140,경기도,41,0,33,0,0,10,0,0,0,12,5,0
20181125,서울특별시,11,중구,11140,울산광역시,31,0,4,0,0,0,0,0,0,0,0,0
20181125,서울특별시,11,중구,11140,대전광역시,30,0,7,0,0,0,0,0,0,0,0,0
20181125,서울특별시,11,중구,11140,광주광역시,29,0,3,0,0,0,0,0,0,0,0,0
20181125,서울특별시,11,중구,11140,인천광역시,28,0,15,0,0,0,0,0,0,0,0,0
20181125,서울특별시,11,중구,11140,대구광역시,27,0,4,0,0,0,0,0,0,0,0,0
20181125,서울특별시,11,중구,11140,부산광역시,26,0,7,0,0,0,0,0,0,0,0,0
20181125,서울특별시,11,중구,11140,서울특별시,11,0,113,0,0,10,0,6,0,4,5,0
20181125,서울특별시,11,강서구,11500,강원도,42,0,0,0,0,0,0,0,0,0,0,0
20181125,서울특별시,11,강서구,11500,충청북도,43,0,4,0,0,0,0,0,0,0,0,0
20181125,서울특별시,11,은평구,11380,경기도,41,3,230,29,0,0,0,0,0,15,8,7
20181125,서울특별시,11,은평구,11380,강원도,42,0,16,3,0,0,0,0,0,0,0,0
20181125,서울특별시,11,은평구,11380,충청북도,43,0,15,0,0,0,0,0,0,0,0,0
20181125,서울특별시,11,은평구,11380,충청남도,44,0,24,0,0,0,0,0,0,5,6,0
20181125,서울특별시,11,은평구,11380,전라북도,45,0,0,0,0,0,0,0,0,0,0,0
20181125,서울특별시,11,은평구,11380,전라남도,46,0,0,0,0,0,0,0,0,0,0,0
20181125,서울특별시,11,은평구,11380,경상북도,47,0,0,0,0,0,0,0,0,0,0,3
20181125,서울특별시,11,강서구,11500,충청남도,44,0,0,0,0,0,0,0,0,0,0,0
20181125,서울특별시,11,강서구,11500,전라북도,45,0,0,0,0,0,0,0,0,0,0,0
20181125,서울특별시,11,강서구,11500,전라남도,46,0,5,0,0,0,0,0,0,0,0,0
20181125,서울특별시,11,강서구,11500,경상북도,47,0,3,0,0,0,0,0,0,0,0,0
20181125,서울특별시,11,강서구,11500,경상남도,48,0,4,0,0,0,0,0,0,0,0,0
20181125,서울특별시,11,구로구,11530,전라북도,45,0,3,0,0,0,0,0,0,27,11,0
20181125,서울특별시,11,구로구,11530,전라남도,46,0,4,0,0,0,0,0,0,23,7,0
20181125,서울특별시,11,금천구,11545,전라남도,46,0,0,0,0,0,0,0,0,0,0,0
20181125,서울특별시,11,금천구,11545,경상북도,47,0,0,0,0,0,0,4,0,0,0,0
20181125,서울특별시,11,금천구,11545,경상남도,48,0,0,0,0,0,0,5,0,0,0,0
20181125,서울특별시,11,금천구,11545,제주특별자치도,50,0,0,0,0,0,0,0,0,0,0,0
20181125,서울특별시,11,광진구,11215,서울특별시,11,0,4,0,0,0,0,0,0,0,0,0
20181125,서울특별시,11,광진구,11215,부산광역시,26,0,0,0,0,0,0,0,0,0,0,0
20181125,서울특별시,11,광진구,11215,인천광역시,28,0,0,0,0,0,0,0,0,0,0,0
20181125,서울특별시,11,중랑구,11260,서울특별시,11,0,11,0,9,9,0,11,5,43,7,0
20181125,서울특별시,11,중랑구,11260,부산광역시,26,0,5,0,0,3,0,0,0,21,0,0
20181125,서울특별시,11,중랑구,11260,대구광역시,27,0,6,0,0,3,0,4,0,13,0,0
20181125,서울특별시,11,중랑구,11260,인천광역시,28,0,6,0,0,3,0,7,0,24,0,0
20181125,서울특별시,11,중랑구,11260,광주광역시,29,0,0,0,0,0,0,0,0,9,0,0
20181125,서울특별시,11,중랑구,11260,대전광역시,30,0,3,0,3,0,0,0,0,9,0,0
20181125,서울특별시,11,중랑구,11260,울산광역시,31,0,0,0,0,0,0,0,0,16,0,0
20181125,서울특별시,11,중랑구,11260,세종특별자치시,36,0,0,0,0,0,0,0,0,0,0,0
20181125,서울특별시,11,중랑구,11260,경기도,41,0,16,0,8,19,0,19,0,112,6,0
20181125,서울특별시,11,중랑구,11260,강원도,42,0,3,0,0,0,0,0,0,13,0,0
20181125,서울특별시,11,중랑구,11260,충청북도,43,0,9,0,7,0,10,0,0,13,0,0
20181125,서울특별시,11,중랑구,11260,충청남도,44,0,3,0,0,0,0,0,0,20,0,0
20181125,서울특별시,11,중랑구,11260,전라북도,45,0,0,0,4,0,0,0,0,15,0,0
20181125,서울특별시,11,중랑구,11260,전라남도,46,0,0,0,0,7,0,3,0,14,0,0
20181125,서울특별시,11,중랑구,11260,경상북도,47,0,5,0,0,4,0,3,0,19,0,0
20181125,서울특별시,11,중랑구,11260,경상남도,48,0,4,0,3,5,0,3,0,23,0,0
20181125,서울특별시,11,중랑구,11260,제주특별자치도,50,0,0,0,0,0,0,0,0,0,0,0
20181125,서울특별시,11,광진구,11215,광주광역시,29,0,3,0,0,0,0,0,0,0,0,0
20181125,서울특별시,11,광진구,11215,대전광역시,30,0,0,0,0,0,0,0,0,0,0,0
20181125,서울특별시,11,광진구,11215,울산광역시,31,0,0,0,0,0,0,0,0,0,0,0
20181125,서울특별시,11,광진구,11215,경기도,41,0,5,0,0,0,0,0,0,5,0,0
20181125,서울특별시,11,광진구,11215,강원도,42,0,0,0,0,0,0,0,0,0,0,0
20181125,서울특별시,11,광진구,11215,충청북도,43,0,0,0,0,0,0,0,0,0,0,0
20181125,서울특별시,11,광진구,11215,충청남도,44,0,0,0,0,0,0,0,0,0,0,0
20181125,서울특별시,11,광진구,11215,전라북도,45,0,0,0,0,0,0,0,0,0,0,0
20181125,서울특별시,11,광진구,11215,경상북도,47,0,5,0,0,0,0,0,0,0,0,0
20181125,서울특별시,11,성동구,11200,서울특별시,11,15,46,0,61,108,0,41,0,110,119,0
20181125,서울특별시,11,성동구,11200,부산광역시,26,0,0,0,9,25,0,5,0,18,24,0
20181125,서울특별시,11,성동구,11200,대구광역시,27,3,4,0,10,16,0,0,0,15,21,0
20181125,서울특별시,11,성동구,11200,인천광역시,28,5,6,0,20,18,0,0,0,22,24,0
20181125,서울특별시,11,광진구,11215,경상남도,48,0,0,0,0,0,0,0,0,0,0,0
20181125,서울특별시,11,은평구,11380,서울특별시,11,4,130,20,0,0,0,3,0,11,3,6
20181125,서울특별시,11,은평구,11380,부산광역시,26,0,0,0,0,0,0,0,0,3,4,0
20181125,서울특별시,11,은평구,11380,대구광역시,27,0,0,0,0,0,0,0,0,3,0,6
20181125,서울특별시,11,강남구,11680,전라남도,46,0,0,0,0,0,0,8,0,0,0,0
20181125,서울특별시,11,강남구,11680,전라북도,45,0,0,0,0,0,0,50,0,0,0,0
20181125,서울특별시,11,강남구,11680,충청남도,44,0,0,0,0,0,0,7,0,0,0,0
20181125,서울특별시,11,강남구,11680,충청북도,43,0,0,0,0,0,0,38,0,0,0,0
20181125,서울특별시,11,강남구,11680,강원도,42,0,0,0,0,0,0,45,0,0,0,0
20181125,서울특별시,11,강남구,11680,경기도,41,0,4,0,3,0,0,132,0,12,0,0
20181125,서울특별시,11,강남구,11680,울산광역시,31,0,0,0,0,0,0,3,0,0,0,0
20181125,서울특별시,11,강남구,11680,대전광역시,30,0,0,0,0,0,0,8,0,0,0,0
20181125,서울특별시,11,강남구,11680,광주광역시,29,0,0,0,0,0,0,13,0,0,0,0
20181125,서울특별시,11,강남구,11680,인천광역시,28,0,0,0,0,0,0,22,0,0,0,0
20181125,서울특별시,11,강남구,11680,대구광역시,27,0,0,0,0,0,0,66,0,0,0,0
20181125,서울특별시,11,강남구,11680,부산광역시,26,0,3,0,0,0,0,47,0,0,0,0
20181125,서울특별시,11,강남구,11680,서울특별시,11,0,5,0,0,0,0,159,0,34,0,0
20181125,서울특별시,11,은평구,11380,인천광역시,28,0,47,5,0,0,0,0,0,6,3,0
20181125,서울특별시,11,은평구,11380,광주광역시,29,0,0,0,0,0,0,0,0,0,0,0
20181125,서울특별시,11,은평구,11380,대전광역시,30,0,25,3,0,0,0,0,0,0,0,0
20181125,서울특별시,11,은평구,11380,울산광역시,31,0,0,0,0,0,0,0,0,0,0,4
20181125,서울특별시,11,은평구,11380,세종특별자치시,36,0,6,0,0,0,0,0,0,0,0,0
20181125,서울특별시,11,성북구,11290,서울특별시,11,8,1611,926,31,125,58,299,28,180,326,206
20181125,서울특별시,11,종로구,11110,경기도,41,0,0,0,0,0,0,4,0,0,0,0
20181125,서울특별시,11,종로구,11110,광주광역시,29,0,0,0,0,0,0,0,0,0,0,0
20181125,서울특별시,11,은평구,11380,제주특별자치도,50,0,0,0,0,0,0,0,0,0,0,0
20181125,서울특별시,11,은평구,11380,경상남도,48,0,0,0,0,0,0,0,0,0,3,0
20181125,서울특별시,11,종로구,11110,인천광역시,28,0,0,0,0,0,0,0,0,0,0,0
20181125,서울특별시,11,종로구,11110,서울특별시,11,0,0,0,0,0,0,18,0,0,0,0
20181125,서울특별시,11,송파구,11710,서울특별시,11,0,25,0,0,8,0,204,0,3,0,0
20181125,서울특별시,11,송파구,11710,부산광역시,26,0,4,0,0,0,0,0,0,0,5,0
20181125,서울특별시,11,마포구,11440,경상북도,47,0,0,0,0,0,0,0,0,0,0,150
20181125,서울특별시,11,마포구,11440,전라남도,46,0,0,0,0,0,0,0,0,0,0,74
20181125,서울특별시,11,마포구,11440,전라북도,45,0,0,0,0,0,0,0,0,0,0,76
20181125,서울특별시,11,마포구,11440,충청남도,44,0,0,0,0,0,0,0,0,0,0,96
20181125,서울특별시,11,마포구,11440,충청북도,43,0,0,0,0,0,0,0,0,0,0,65
20181125,서울특별시,11,마포구,11440,강원도,42,0,0,0,0,0,0,0,0,0,0,89
20181125,서울특별시,11,마포구,11440,경기도,41,0,4,0,0,0,0,0,0,0,0,766
20181125,서울특별시,11,마포구,11440,세종특별자치시,36,0,0,0,0,0,0,0,0,0,0,9
20181125,서울특별시,11,마포구,11440,울산광역시,31,0,0,0,0,0,0,0,0,0,0,86
20181125,서울특별시,11,송파구,11710,대구광역시,27,0,0,0,0,0,0,0,0,0,0,0
20181125,서울특별시,11,송파구,11710,인천광역시,28,0,3,0,0,0,0,14,0,0,0,0
20181125,서울특별시,11,송파구,11710,광주광역시,29,0,0,0,0,0,0,0,0,0,0,0
20181125,서울특별시,11,송파구,11710,대전광역시,30,0,0,0,0,0,0,0,0,0,0,0
20181125,서울특별시,11,송파구,11710,울산광역시,31,0,0,0,0,0,0,0,0,0,0,0
20181125,서울특별시,11,송파구,11710,세종특별자치시,36,0,0,0,0,0,0,0,0,0,0,0
20181125,서울특별시,11,송파구,11710,경기도,41,0,27,0,3,11,0,152,0,14,0,0
20181125,서울특별시,11,송파구,11710,강원도,42,0,0,0,0,0,0,0,0,0,0,0
20181125,서울특별시,11,강남구,11680,제주특별자치도,50,0,0,0,0,0,0,0,0,0,0,0
20181125,서울특별시,11,강남구,11680,경상남도,48,0,0,0,0,0,0,28,0,0,0,0
20181125,서울특별시,11,강남구,11680,경상북도,47,0,0,0,0,0,0,20,0,0,0,0
20181125,서울특별시,11,성북구,11290,부산광역시,26,0,188,273,110,20,11,12,3,48,91,62
20181125,서울특별시,11,성북구,11290,대구광역시,27,0,113,150,69,20,13,7,4,37,82,31
20181125,서울특별시,11,강동구,11740,서울특별시,11,0,0,0,0,0,0,0,0,0,0,0
20181125,서울특별시,11,강동구,11740,대구광역시,27,0,0,0,0,0,0,0,0,0,0,0
20181125,서울특별시,11,강동구,11740,울산광역시,31,0,3,0,0,0,0,0,0,0,0,0
20181125,서울특별시,11,구로구,11530,부산광역시,26,0,4,0,0,0,0,0,0,59,8,0
20181125,서울특별시,11,구로구,11530,대구광역시,27,0,0,0,0,0,0,0,0,43,10,0
20181125,서울특별시,11,구로구,11530,인천광역시,28,3,6,0,0,3,0,0,0,64,10,0
20181125,서울특별시,11,구로구,11530,광주광역시,29,0,0,0,0,0,0,0,0,18,5,0
20181125,서울특별시,11,구로구,11530,대전광역시,30,0,3,0,0,0,0,0,0,27,8,0
20181125,서울특별시,11,구로구,11530,울산광역시,31,0,0,0,0,0,0,0,0,13,5,0
20181125,서울특별시,11,구로구,11530,세종특별자치시,36,0,0,0,0,0,0,0,0,3,0,0
20181125,서울특별시,11,구로구,11530,경기도,41,4,11,0,0,10,0,4,0,263,42,0
20181125,서울특별시,11,구로구,11530,강원도,42,0,0,0,0,0,0,0,0,34,5,0
20181125,서울특별시,11,서대문구,11410,충청남도,44,0,0,0,0,0,0,0,0,0,0,6
20181125,서울특별시,11,서대문구,11410,충청북도,43,0,0,0,0,0,0,0,0,0,0,6
20181125,서울특별시,11,서대문구,11410,강원도,42,0,0,0,0,0,0,0,0,0,0,3
20181125,서울특별시,11,서대문구,11410,경기도,41,0,0,0,0,5,0,0,0,0,0,44
20181125,서울특별시,11,서대문구,11410,세종특별자치시,36,0,0,0,0,0,0,0,0,0,0,0
20181125,서울특별시,11,서대문구,11410,대전광역시,30,0,0,0,0,0,0,0,0,0,0,8
20181125,서울특별시,11,서대문구,11410,인천광역시,28,0,0,0,0,0,0,0,0,0,0,18
20181125,서울특별시,11,서대문구,11410,서울특별시,11,0,0,0,0,0,0,0,0,0,0,37
20181125,서울특별시,11,강동구,11740,경기도,41,0,0,0,0,0,0,0,0,0,0,0
20181125,서울특별시,11,강북구,11305,경기도,41,0,0,0,0,0,0,0,0,0,0,0
20181125,서울특별시,11,강북구,11305,부산광역시,26,0,0,0,0,0,0,0,0,0,0,0
20181125,서울특별시,11,강북구,11305,서울특별시,11,0,0,0,0,0,0,0,0,0,0,0
20181125,서울특별시,11,강동구,11740,경상남도,48,0,0,0,0,0,0,0,0,0,0,0
20181125,서울특별시,11,성북구,11290,인천광역시,28,4,123,143,17,24,20,71,5,33,113,33
20181125,서울특별시,11,성북구,11290,광주광역시,29,0,40,39,68,12,8,0,0,23,59,16
20181125,서울특별시,11,성북구,11290,대전광역시,30,5,71,62,61,13,9,6,3,25,48,22
20181125,서울특별시,11,성북구,11290,울산광역시,31,0,38,25,3,4,11,3,0,13,40,16
20181125,서울특별시,11,성북구,11290,세종특별자치시,36,0,14,25,0,5,0,0,0,6,11,8
20181125,서울특별시,11,서초구,11650,경기도,41,0,8,3,0,12,0,0,0,0,0,0
20181125,서울특별시,11,서초구,11650,강원도,42,0,0,0,0,0,0,0,0,0,0,0
20181125,서울특별시,11,서초구,11650,충청북도,43,0,0,0,0,0,0,0,0,0,0,0
20181125,서울특별시,11,서초구,11650,충청남도,44,0,0,0,0,0,0,0,0,0,0,0
20181125,서울특별시,11,서초구,11650,전라북도,45,0,0,0,0,0,0,0,0,0,0,0
20181125,서울특별시,11,성북구,11290,경기도,41,16,657,816,47,135,96,340,26,209,474,234
20181125,서울특별시,11,성북구,11290,강원도,42,0,92,43,5,13,17,4,0,25,66,23
20181125,서울특별시,11,성북구,11290,충청북도,43,0,64,71,7,10,15,3,0,26,62,21
20181125,서울특별시,11,성북구,11290,충청남도,44,0,68,114,12,17,21,53,5,39,52,21
20181125,서울특별시,11,성북구,11290,전라북도,45,0,38,80,5,11,15,4,0,32,59,14
20181125,서울특별시,11,성북구,11290,전라남도,46,0,54,78,6,11,10,0,3,26,48,11
20181125,서울특별시,11,구로구,11530,서울특별시,11,0,10,0,0,0,0,0,0,215,22,0
20181125,서울특별시,11,성북구,11290,경상북도,47,0,84,83,10,8,17,4,0,49,81,26
20181125,서울특별시,11,금천구,11545,충청남도,44,0,0,0,0,0,0,0,0,0,0,0
20181125,서울특별시,11,서초구,11650,전라남도,46,0,0,0,0,0,0,0,0,0,0,0
20181125,서울특별시,11,서초구,11650,경상북도,47,0,0,0,0,0,0,0,0,0,0,0
20181125,서울특별시,11,서초구,11650,경상남도,48,0,0,0,0,3,0,0,0,0,0,0
20181125,서울특별시,11,서초구,11650,제주특별자치도,50,0,0,0,0,0,0,0,0,0,0,0
20181125,서울특별시,11,성북구,11290,경상남도,48,0,101,128,8,24,22,11,7,59,106,37
20181125,서울특별시,11,성북구,11290,제주특별자치도,50,0,150,35,0,10,0,0,0,16,33,13
20181125,서울특별시,11,금천구,11545,전라북도,45,0,0,0,0,0,0,0,0,0,0,0
20181125,서울특별시,11,동대문구,11230,충청북도,43,0,0,0,0,0,0,0,0,0,0,0
20181125,서울특별시,11,마포구,11440,대전광역시,30,0,0,0,0,0,0,0,0,0,0,83
20181125,서울특별시,11,마포구,11440,광주광역시,29,0,0,0,0,0,0,0,0,0,0,98
20181125,서울특별시,11,마포구,11440,인천광역시,28,0,0,0,0,0,0,0,0,0,0,153
20181125,서울특별시,11,마포구,11440,대구광역시,27,0,0,0,0,0,0,0,0,0,0,132
20181125,서울특별시,11,마포구,11440,부산광역시,26,0,0,0,0,0,0,0,0,0,0,248
20181125,서울특별시,11,마포구,11440,서울특별시,11,0,6,0,0,0,0,13,0,0,0,628
20181125,서울특별시,11,마포구,11440,제주특별자치도,50,0,0,0,0,0,0,0,0,0,0,43
20181125,서울특별시,11,마포구,11440,경상남도,48,0,0,0,0,0,0,0,0,0,0,207
20181125,서울특별시,11,동대문구,11230,경기도,41,0,3,0,0,0,0,0,0,0,0,0
20181125,서울특별시,11,동대문구,11230,울산광역시,31,0,0,0,0,0,0,0,0,0,0,0
20181125,서울특별시,11,송파구,11710,충청북도,43,0,0,0,0,0,0,0,0,0,0,0
20181125,서울특별시,11,송파구,11710,충청남도,44,0,3,0,0,0,0,3,0,0,0,0
20181125,서울특별시,11,송파구,11710,전라북도,45,0,0,0,0,0,0,0,0,0,0,0
20181125,서울특별시,11,송파구,11710,전라남도,46,0,0,0,0,14,0,0,0,0,0,0
20181125,서울특별시,11,송파구,11710,경상북도,47,0,0,0,0,0,0,0,0,0,0,0
20181125,서울특별시,11,송파구,11710,경상남도,48,0,0,0,0,11,0,0,0,0,0,0
20181125,서울특별시,11,동대문구,11230,부산광역시,26,0,0,0,0,0,0,0,0,0,0,0
20181125,서울특별시,11,동대문구,11230,제주특별자치도,50,0,0,0,0,0,0,0,0,0,0,0
20181125,서울특별시,11,영등포구,11560,경상남도,48,0,0,0,0,0,0,0,0,0,0,0
20181125,서울특별시,11,영등포구,11560,경상북도,47,0,0,0,0,0,0,0,0,0,0,0
20181125,서울특별시,11,영등포구,11560,전라북도,45,0,0,0,0,0,0,0,0,0,0,0
20181125,서울특별시,11,영등포구,11560,충청남도,44,0,0,0,0,3,0,0,0,0,0,0
20181125,서울특별시,11,영등포구,11560,충청북도,43,0,0,0,0,0,0,0,0,0,0,0
20181125,서울특별시,11,영등포구,11560,강원도,42,0,0,0,0,0,0,0,0,0,0,0
20181125,서울특별시,11,영등포구,11560,경기도,41,0,0,0,7,11,0,21,0,0,0,0
20181125,서울특별시,11,영등포구,11560,세종특별자치시,36,0,0,0,0,0,0,0,0,0,0,0
20181125,서울특별시,11,영등포구,11560,대전광역시,30,0,0,0,0,0,0,0,0,0,0,0
20181125,서울특별시,11,영등포구,11560,인천광역시,28,0,0,0,0,0,0,0,0,0,0,0
20181125,서울특별시,11,영등포구,11560,대구광역시,27,0,3,0,0,0,0,0,0,0,0,0
20181125,서울특별시,11,영등포구,11560,서울특별시,11,0,5,0,8,8,0,11,0,0,0,0
20181125,서울특별시,11,동대문구,11230,경상남도,48,0,0,0,0,0,0,0,0,0,0,0
20181125,서울특별시,11,동대문구,11230,경상북도,47,0,3,0,0,0,0,0,0,0,0,0
20181125,서울특별시,11,동대문구,11230,전라남도,46,0,0,0,0,0,0,0,0,0,0,0
20181125,서울특별시,11,동대문구,11230,전라북도,45,0,5,0,0,0,0,0,0,0,3,0
20181125,서울특별시,11,노원구,11350,서울특별시,11,0,0,0,0,0,0,0,0,0,0,0
20181125,서울특별시,11,노원구,11350,경기도,41,0,3,0,0,0,0,0,0,0,0,0
20181125,서울특별시,11,노원구,11350,충청남도,44,0,0,0,0,0,0,0,0,0,0,0
20181125,서울특별시,11,노원구,11350,전라북도,45,0,0,0,0,0,0,0,0,0,0,0
20181125,서울특별시,11,노원구,11350,제주특별자치도,50,0,0,0,0,0,0,0,0,0,0,0
20181125,서울특별시,11,금천구,11545,서울특별시,11,52,48,0,38,64,0,25,12,8,0,0
20181125,서울특별시,11,금천구,11545,부산광역시,26,0,0,0,0,0,0,9,0,0,0,0
20181125,서울특별시,11,금천구,11545,인천광역시,28,0,0,0,0,0,0,14,0,0,0,0
20181125,서울특별시,11,동대문구,11230,서울특별시,11,0,0,0,0,0,0,0,0,0,0,0
20181125,서울특별시,11,용산구,11170,강원도,42,0,0,0,0,0,0,0,0,0,0,0
20181125,서울특별시,11,용산구,11170,경기도,41,0,3,0,0,0,0,0,0,0,0,0
20181125,서울특별시,11,구로구,11530,경상북도,47,0,0,0,0,0,0,0,0,42,8,0
20181125,서울특별시,11,구로구,11530,경상남도,48,0,5,0,0,0,0,0,0,47,16,0
20181125,서울특별시,11,구로구,11530,제주특별자치도,50,0,0,0,0,0,0,0,0,6,0,0
20181125,서울특별시,11,용산구,11170,대전광역시,30,0,0,0,0,0,0,0,0,0,0,0
20181125,서울특별시,11,성동구,11200,제주특별자치도,50,0,0,0,0,0,0,0,0,0,0,0
20181125,서울특별시,11,성동구,11200,경상남도,48,3,3,0,10,19,0,0,0,15,16,0
20181125,서울특별시,11,성동구,11200,경상북도,47,0,4,0,11,13,0,0,0,5,14,0
20181125,서울특별시,11,성동구,11200,전라남도,46,0,4,0,7,8,0,3,0,10,7,0
20181125,서울특별시,11,성동구,11200,전라북도,45,0,0,0,7,13,0,0,0,13,14,0
20181125,서울특별시,11,성동구,11200,충청남도,44,0,0,0,7,9,0,0,0,18,15,0
20181125,서울특별시,11,서초구,11650,대전광역시,30,0,0,0,0,0,0,0,0,0,0,0
20181125,서울특별시,11,서초구,11650,광주광역시,29,0,0,0,0,0,0,0,0,0,0,0
20181125,서울특별시,11,서초구,11650,인천광역시,28,0,0,0,0,3,0,0,0,0,0,0
20181125,서울특별시,11,서초구,11650,대구광역시,27,0,0,0,0,0,0,0,0,0,0,0
20181125,서울특별시,11,서초구,11650,부산광역시,26,0,0,0,0,0,0,0,0,0,0,0
20181125,서울특별시,11,서초구,11650,서울특별시,11,0,21,3,0,31,0,307,0,3,0,0
20181125,서울특별시,11,도봉구,11320,전라남도,46,0,0,0,0,0,0,0,0,0,0,0
20181125,서울특별시,11,도봉구,11320,경기도,41,0,0,0,0,0,0,0,0,0,0,0
20181125,서울특별시,11,성동구,11200,충청북도,43,0,0,0,4,10,0,4,0,10,16,0
20181125,서울특별시,11,성동구,11200,강원도,42,0,0,0,8,10,0,0,0,10,7,0
20181125,서울특별시,11,성동구,11200,경기도,41,11,25,3,73,91,0,5,0,97,78,0
20181125,서울특별시,11,성동구,11200,세종특별자치시,36,0,0,0,0,3,0,0,0,6,0,0
20181125,서울특별시,11,성동구,11200,울산광역시,31,0,0,0,0,3,0,0,0,4,5,0
20181125,서울특별시,11,성동구,11200,대전광역시,30,0,0,0,6,12,0,0,0,12,12,0
20181125,서울특별시,11,성동구,11200,광주광역시,29,0,3,0,4,8,0,0,0,6,8,0
20181125,서울특별시,11,용산구,11170,서울특별시,11,0,0,0,0,0,0,0,0,0,0,0
20181125,서울특별시,11,구로구,11530,충청북도,43,0,3,0,0,0,0,0,0,20,5,0
20181125,서울특별시,11,구로구,11530,충청남도,44,3,3,0,3,3,0,0,0,40,10,0
20181125,서울특별시,11,양천구,11470,서울특별시,11,0,4,0,0,0,0,0,0,0,0,0
20181125,서울특별시,11,관악구,11620,서울특별시,11,0,0,3,0,0,0,0,0,0,0,0
20181125,서울특별시,11,관악구,11620,인천광역시,28,0,0,0,0,0,0,0,0,0,0,0
20181125,서울특별시,11,금천구,11545,광주광역시,29,0,0,0,0,0,0,0,0,0,0,0
20181125,서울특별시,11,금천구,11545,대전광역시,30,0,0,0,0,0,0,0,0,0,0,0
20181125,서울특별시,11,금천구,11545,경기도,41,20,8,0,10,17,0,18,0,6,0,0
20181125,서울특별시,11,금천구,11545,강원도,42,0,0,0,0,0,0,0,0,0,0,0
20181126,서울특별시,11,금천구,11545,전라남도,46,139,356,115,331,457,89,192,39,650,323,577
20181126,서울특별시,11,금천구,11545,경상북도,47,215,498,183,456,634,91,247,77,894,466,791
20181126,서울특별시,11,금천구,11545,경상남도,48,267,696,137,590,863,133,349,117,1107,577,1085
20181126,서울특별시,11,금천구,11545,제주특별자치도,50,55,134,64,109,137,21,42,14,302,131,234
20181126,서울특별시,11,도봉구,11320,서울특별시,11,221,4149,176,2634,1064,246,2052,265,2033,1711,1828
20181126,서울특별시,11,도봉구,11320,부산광역시,26,53,927,43,612,276,54,628,83,651,586,584
20181126,서울특별시,11,도봉구,11320,대구광역시,27,29,631,32,425,211,50,369,51,426,377,428
20181126,서울특별시,11,도봉구,11320,인천광역시,28,51,911,20,629,278,52,550,89,586,518,513
20181126,서울특별시,11,도봉구,11320,광주광역시,29,18,316,14,179,78,9,167,23,220,160,164
20181126,서울특별시,11,도봉구,11320,대전광역시,30,21,436,28,330,143,31,297,26,291,243,274
20181126,서울특별시,11,도봉구,11320,울산광역시,31,7,229,13,142,85,28,135,21,216,147,136
20181126,서울특별시,11,도봉구,11320,세종특별자치시,36,6,121,6,74,42,7,50,17,83,65,66
20181126,서울특별시,11,도봉구,11320,경기도,41,222,4130,170,2995,1397,323,2374,375,3081,2503,2247
20181126,서울특별시,11,도봉구,11320,강원도,42,22,456,20,277,149,33,236,38,292,239,243
20181126,서울특별시,11,도봉구,11320,충청북도,43,19,382,15,301,125,30,259,35,306,296,252
20181126,서울특별시,11,도봉구,11320,충청남도,44,33,580,22,476,206,47,327,65,454,383,354
20181126,서울특별시,11,도봉구,11320,전라북도,45,22,469,24,328,153,24,232,54,310,236,305
20181126,서울특별시,11,도봉구,11320,전라남도,46,29,359,16,281,114,26,230,43,285,281,277
20181126,서울특별시,11,도봉구,11320,경상북도,47,28,594,31,369,187,47,338,67,428,385,392
20181126,서울특별시,11,도봉구,11320,경상남도,48,32,743,41,470,219,64,461,61,581,505,484
20181126,서울특별시,11,도봉구,11320,제주특별자치도,50,12,154,5,52,42,3,92,11,94,42,42
20181126,서울특별시,11,금천구,11545,대전광역시,30,139,402,108,371,494,58,202,59,691,404,555
20181126,서울특별시,11,금천구,11545,광주광역시,29,103,312,90,261,278,41,140,30,524,276,396
20181126,서울특별시,11,금천구,11545,인천광역시,28,337,871,127,782,1039,122,363,113,1211,684,1114
20181126,서울특별시,11,금천구,11545,대구광역시,27,251,574,128,430,683,127,280,95,954,540,787
20181126,서울특별시,11,금천구,11545,부산광역시,26,296,818,154,678,1062,149,418,113,1200,746,1373
20181126,서울특별시,11,금천구,11545,서울특별시,11,1188,4203,799,2826,3901,547,1622,388,4841,2930,4188
20181126,서울특별시,11,성동구,11200,제주특별자치도,50,6,117,17,33,83,10,35,6,213,86,17
20181126,서울특별시,11,성동구,11200,경상남도,48,41,541,82,180,440,80,324,85,936,396,201
20181126,서울특별시,11,광진구,11215,서울특별시,11,313,1495,158,1512,1114,421,634,229,2348,1450,880
20181126,서울특별시,11,광진구,11215,부산광역시,26,69,390,35,363,310,130,156,57,612,406,206
20181126,서울특별시,11,동대문구,11230,전라북도,45,101,484,24,145,367,40,458,57,1020,200,120
20181126,서울특별시,11,동대문구,11230,충청남도,44,147,619,45,175,584,51,593,61,1318,308,164
20181126,서울특별시,11,동대문구,11230,충청북도,43,112,442,32,133,397,54,433,54,966,242,111
20181126,서울특별시,11,동대문구,11230,강원도,42,99,440,28,131,426,55,504,55,864,233,124
20181126,서울특별시,11,동대문구,11230,경기도,41,968,3958,254,1149,3124,443,3507,461,9023,2139,1133
20181126,서울특별시,11,동대문구,11230,세종특별자치시,36,27,98,9,28,74,14,77,21,197,57,23
20181126,서울특별시,11,동대문구,11230,울산광역시,31,37,233,30,74,162,34,207,39,592,145,77
20181126,서울특별시,11,동대문구,11230,대전광역시,30,92,418,37,160,344,48,440,52,946,202,118
20181126,서울특별시,11,동대문구,11230,광주광역시,29,55,300,34,99,204,25,252,41,684,154,68
20181126,서울특별시,11,동대문구,11230,인천광역시,28,158,853,40,274,643,75,858,100,2065,424,224
20181126,서울특별시,11,동대문구,11230,대구광역시,27,136,628,38,194,401,75,576,74,1397,336,152
20181126,서울특별시,11,동대문구,11230,부산광역시,26,195,840,44,301,578,102,992,92,2030,534,250
20181126,서울특별시,11,동대문구,11230,서울특별시,11,774,2880,250,1053,1998,310,2733,307,7294,1751,945
20181126,서울특별시,11,중구,11140,제주특별자치도,50,25,113,16,35,108,17,16,7,364,74,17
20181126,서울특별시,11,중구,11140,경상남도,48,86,554,43,130,514,97,180,103,1614,355,103
20181126,서울특별시,11,중구,11140,경상북도,47,60,476,40,96,394,71,138,77,1195,341,84
20181126,서울특별시,11,중구,11140,전라남도,46,43,338,27,68,272,44,89,58,873,231,66
20181126,서울특별시,11,관악구,11620,경상남도,48,49,565,35,250,345,42,79,102,636,116,273
20181126,서울특별시,11,관악구,11620,제주특별자치도,50,9,81,7,37,59,7,21,24,115,22,22
20181126,서울특별시,11,중구,11140,전라북도,45,55,374,24,80,339,54,79,49,981,229,59
20181126,서울특별시,11,중구,11140,충청남도,44,72,450,56,110,449,69,114,75,1285,297,59
20181126,서울특별시,11,중구,11140,충청북도,43,56,357,28,66,295,41,99,55,967,243,66
20181126,서울특별시,11,중구,11140,강원도,42,54,356,40,70,322,64,116,56,921,225,53
20181126,서울특별시,11,중구,11140,경기도,41,515,3180,332,591,3060,422,804,498,8318,2013,510
20181126,서울특별시,11,중구,11140,세종특별자치시,36,15,74,15,12,77,13,26,16,194,59,22
20181126,서울특별시,11,중구,11140,울산광역시,31,24,187,7,25,140,39,27,37,510,101,33
20181126,서울특별시,11,중구,11140,대전광역시,30,34,397,44,88,337,36,80,50,937,215,75
20181126,서울특별시,11,중구,11140,광주광역시,29,23,275,17,52,215,29,42,26,640,157,50
20181126,서울특별시,11,중구,11140,인천광역시,28,117,625,64,118,656,81,197,111,1832,435,140
20181126,서울특별시,11,중구,11140,대구광역시,27,58,526,57,100,467,71,97,69,1275,328,87
20181126,서울특별시,11,중구,11140,부산광역시,26,86,799,94,136,740,86,152,109,1957,502,131
20181126,서울특별시,11,중구,11140,서울특별시,11,407,3239,350,586,2694,353,641,290,7825,2007,454
20181126,서울특별시,11,성동구,11200,경상북도,47,27,435,63,127,325,72,225,69,732,302,185
20181126,서울특별시,11,성동구,11200,전라남도,46,19,313,47,87,245,33,146,30,487,211,84
20181126,서울특별시,11,성동구,11200,전라북도,45,37,343,35,112,204,40,139,38,555,232,77
20181126,서울특별시,11,성동구,11200,충청남도,44,34,460,58,138,332,66,196,45,806,265,120
20181126,서울특별시,11,성동구,11200,충청북도,43,15,300,28,117,227,48,172,40,555,234,83
20181126,서울특별시,11,성동구,11200,강원도,42,23,285,25,112,203,46,158,32,536,193,71
20181126,서울특별시,11,성동구,11200,경기도,41,202,3429,359,1042,2522,434,1547,395,5732,2341,949
20181126,서울특별시,11,성동구,11200,세종특별자치시,36,0,80,12,26,69,8,88,18,126,65,22
20181126,서울특별시,11,성동구,11200,울산광역시,31,9,148,32,42,105,28,117,31,308,137,49
20181126,서울특별시,11,성동구,11200,대전광역시,30,21,341,48,139,282,55,164,36,657,271,88
20181126,서울특별시,11,성동구,11200,광주광역시,29,13,243,36,68,169,24,125,25,441,159,55
20181126,서울특별시,11,성동구,11200,인천광역시,28,42,681,50,216,594,75,314,71,1156,491,188
20181126,서울특별시,11,성동구,11200,대구광역시,27,43,493,68,179,393,80,264,61,883,367,143
20181126,서울특별시,11,성동구,11200,부산광역시,26,41,764,82,218,584,84,361,83,1296,517,213
20181126,서울특별시,11,영등포구,11560,제주특별자치도,50,3,110,45,107,55,7,73,9,103,27,32
20181126,서울특별시,11,성동구,11200,서울특별시,11,154,3658,430,939,2539,318,1294,367,5391,2365,782
20181126,서울특별시,11,영등포구,11560,경상남도,48,32,564,134,780,473,61,447,38,546,138,250
20181126,서울특별시,11,영등포구,11560,경상북도,47,16,497,108,691,399,34,378,17,351,112,230
20181126,서울특별시,11,영등포구,11560,전라남도,46,15,405,49,476,235,23,243,16,245,67,159
20181126,서울특별시,11,영등포구,11560,전라북도,45,18,344,69,478,266,13,240,22,297,97,168
20181126,서울특별시,11,영등포구,11560,충청남도,44,21,473,176,702,367,33,305,31,349,126,211
20181126,서울특별시,11,영등포구,11560,충청북도,43,15,342,97,477,264,24,223,10,271,77,121
20181126,서울특별시,11,영등포구,11560,강원도,42,13,324,88,434,243,16,233,22,259,93,133
20181126,서울특별시,11,영등포구,11560,경기도,41,166,3023,1172,4313,2796,230,2224,165,2851,873,1320
20181126,서울특별시,11,영등포구,11560,세종특별자치시,36,3,48,31,118,65,0,44,7,53,24,33
20181126,서울특별시,11,영등포구,11560,울산광역시,31,7,215,36,243,148,19,119,9,148,30,95
20181126,서울특별시,11,영등포구,11560,대전광역시,30,16,366,112,470,258,24,229,20,285,85,126
20181126,서울특별시,11,영등포구,11560,광주광역시,29,6,211,98,281,145,20,149,12,227,54,110
20181126,서울특별시,11,영등포구,11560,인천광역시,28,30,671,221,903,514,47,457,27,513,146,284
20181126,서울특별시,11,영등포구,11560,대구광역시,27,29,445,132,596,343,54,338,20,334,107,216
20181126,서울특별시,11,영등포구,11560,부산광역시,26,36,715,175,977,497,46,544,27,626,168,301
20181126,서울특별시,11,영등포구,11560,서울특별시,11,111,2520,2071,3706,2048,168,1812,133,2012,705,1000
20181126,서울특별시,11,관악구,11620,서울특별시,11,276,1724,395,955,1326,182,339,204,2544,570,1389
20181126,서울특별시,11,동작구,11590,제주특별자치도,50,9,57,34,34,30,24,8,9,64,30,32
20181126,서울특별시,11,동작구,11590,경상남도,48,123,227,124,202,220,50,57,37,246,172,257
20181126,서울특별시,11,동작구,11590,경상북도,47,75,170,75,164,176,37,45,41,170,131,184
20181126,서울특별시,11,동작구,11590,전라남도,46,54,127,52,114,128,20,25,38,103,107,85
20181126,서울특별시,11,관악구,11620,대구광역시,27,48,380,45,170,268,22,54,48,509,90,259
20181126,서울특별시,11,관악구,11620,인천광역시,28,69,475,68,271,347,29,74,104,653,128,330
20181126,서울특별시,11,관악구,11620,광주광역시,29,15,167,18,67,133,7,29,45,227,61,126
20181126,서울특별시,11,관악구,11620,대전광역시,30,32,283,33,119,180,22,48,49,326,63,176
20181126,서울특별시,11,동작구,11590,전라북도,45,54,142,113,104,129,27,26,40,150,112,145
20181126,서울특별시,11,동작구,11590,충청남도,44,82,149,105,159,191,47,44,45,199,134,183
20181126,서울특별시,11,동작구,11590,충청북도,43,59,116,71,134,113,21,32,38,155,109,135
20181126,서울특별시,11,동작구,11590,강원도,42,54,127,61,122,114,32,30,34,135,106,112
20181126,서울특별시,11,동작구,11590,경기도,41,462,1174,577,1047,1139,246,282,256,1692,1055,1301
20181126,서울특별시,11,동작구,11590,세종특별자치시,36,18,28,21,22,28,0,9,10,41,30,40
20181126,서울특별시,11,동작구,11590,울산광역시,31,32,61,27,55,51,14,12,22,64,61,85
20181126,서울특별시,11,동작구,11590,대전광역시,30,74,119,81,110,107,13,26,24,150,101,150
20181126,서울특별시,11,동작구,11590,광주광역시,29,39,84,72,80,76,12,30,18,119,60,87
20181126,서울특별시,11,동작구,11590,인천광역시,28,86,241,125,216,235,49,73,65,260,213,295
20181126,서울특별시,11,동작구,11590,대구광역시,27,90,160,88,170,147,31,48,27,231,144,207
20181126,서울특별시,11,동작구,11590,부산광역시,26,113,275,116,251,261,68,54,60,289,250,326
20181126,서울특별시,11,동작구,11590,서울특별시,11,363,936,591,920,871,166,253,147,1343,868,1158
20181126,서울특별시,11,서대문구,11410,서울특별시,11,187,790,119,325,1356,80,765,83,1813,656,380
20181126,서울특별시,11,서대문구,11410,부산광역시,26,30,184,17,77,462,21,246,28,452,150,111
20181126,서울특별시,11,서대문구,11410,대구광역시,27,27,111,8,54,232,9,144,18,308,80,62
20181126,서울특별시,11,서대문구,11410,인천광역시,28,34,183,27,79,400,22,250,18,392,182,112
20181126,서울특별시,11,서대문구,11410,광주광역시,29,8,58,9,34,134,6,84,4,158,50,32
20181126,서울특별시,11,서대문구,11410,대전광역시,30,22,108,8,50,180,8,92,19,225,82,45
20181126,서울특별시,11,서대문구,11410,울산광역시,31,12,55,3,27,129,5,68,5,103,29,26
20181126,서울특별시,11,서대문구,11410,세종특별자치시,36,0,19,0,11,55,7,20,5,59,25,9
20181126,서울특별시,11,서대문구,11410,경기도,41,127,873,111,381,1870,135,1118,128,2222,976,478
20181126,서울특별시,11,서대문구,11410,강원도,42,22,78,18,45,233,6,85,11,204,95,48
20181126,서울특별시,11,서대문구,11410,충청북도,43,22,79,17,47,212,11,105,15,214,77,54
20181126,서울특별시,11,서대문구,11410,충청남도,44,28,123,7,43,310,11,179,17,292,108,74
20181126,서울특별시,11,서대문구,11410,전라북도,45,20,88,23,33,214,5,128,23,224,84,57
20181126,서울특별시,11,관악구,11620,울산광역시,31,42,161,7,74,97,11,33,35,201,44,96
20181126,서울특별시,11,광진구,11215,대구광역시,27,47,231,18,267,200,103,80,47,427,262,127
20181126,서울특별시,11,광진구,11215,인천광역시,28,78,352,22,349,287,127,156,66,616,415,154
20181126,서울특별시,11,광진구,11215,광주광역시,29,14,127,8,134,79,39,52,25,199,131,50
20181126,서울특별시,11,광진구,11215,대전광역시,30,43,175,13,225,145,72,67,22,300,210,89
20181126,서울특별시,11,광진구,11215,울산광역시,31,19,68,8,94,72,49,55,31,172,114,55
20181126,서울특별시,11,광진구,11215,세종특별자치시,36,8,47,9,37,44,11,14,15,77,44,20
20181126,서울특별시,11,광진구,11215,경기도,41,318,1722,144,1720,1542,649,686,316,2873,1800,816
20181126,서울특별시,11,광진구,11215,강원도,42,36,197,18,189,189,76,79,33,267,228,74
20181126,서울특별시,11,광진구,11215,충청북도,43,25,210,6,188,189,73,76,37,318,199,83
20181126,서울특별시,11,광진구,11215,충청남도,44,50,267,19,266,248,98,102,51,420,316,108
20181126,서울특별시,11,광진구,11215,전라북도,45,32,212,10,178,147,59,58,41,318,226,129
20181126,서울특별시,11,광진구,11215,전라남도,46,40,170,7,152,130,71,77,41,242,172,68
20181126,서울특별시,11,관악구,11620,부산광역시,26,65,528,68,295,399,36,94,89,726,156,367
20181126,서울특별시,11,강북구,11305,제주특별자치도,50,5,52,3,16,18,0,4,17,154,28,7
20181126,서울특별시,11,강북구,11305,경상남도,48,31,328,9,66,142,16,73,126,1077,210,118
20181126,서울특별시,11,강북구,11305,경상북도,47,19,271,14,50,112,14,46,101,760,136,87
20181126,서울특별시,11,서대문구,11410,전라남도,46,9,76,15,43,235,0,110,8,188,55,43
20181126,서울특별시,11,서대문구,11410,경상북도,47,31,114,16,64,267,11,160,23,248,120,82
20181126,서울특별시,11,서대문구,11410,경상남도,48,31,166,18,55,415,16,275,28,386,124,84
20181126,서울특별시,11,서대문구,11410,제주특별자치도,50,7,30,9,9,43,4,10,4,61,23,15
20181126,서울특별시,11,강북구,11305,전라남도,46,11,158,5,49,69,12,33,70,588,97,59
20181126,서울특별시,11,강북구,11305,전라북도,45,17,179,14,41,74,10,39,65,572,79,69
20181126,서울특별시,11,강북구,11305,충청남도,44,22,252,19,58,127,16,48,100,782,125,87
20181126,서울특별시,11,강북구,11305,충청북도,43,17,174,7,33,75,10,24,60,578,100,54
20181126,서울특별시,11,강북구,11305,강원도,42,9,172,12,35,83,10,30,40,541,76,51
20181126,서울특별시,11,강북구,11305,경기도,41,125,1564,59,412,760,103,265,635,5105,907,628
20181126,서울특별시,11,강북구,11305,세종특별자치시,36,0,48,4,8,18,0,6,18,126,23,23
20181126,서울특별시,11,강북구,11305,울산광역시,31,12,104,4,36,71,6,15,47,305,53,45
20181126,서울특별시,11,강북구,11305,대전광역시,30,11,160,12,36,83,8,41,68,546,104,80
20181126,서울특별시,11,강북구,11305,광주광역시,29,5,97,5,28,47,8,12,34,337,56,45
20181126,서울특별시,11,강북구,11305,인천광역시,28,35,304,27,91,158,25,57,142,1089,167,136
20181126,서울특별시,11,강북구,11305,대구광역시,27,17,233,12,48,109,11,35,93,773,151,113
20181126,서울특별시,11,강북구,11305,부산광역시,26,22,351,12,75,147,21,83,113,1125,208,133
20181126,서울특별시,11,강북구,11305,서울특별시,11,101,1269,68,370,575,75,250,349,3462,747,447
20181126,서울특별시,11,양천구,11470,제주특별자치도,50,17,34,0,42,83,16,28,0,26,19,48
20181126,서울특별시,11,양천구,11470,경상남도,48,148,254,16,233,637,142,271,70,255,155,218
20181126,서울특별시,11,양천구,11470,경상북도,47,104,180,16,183,500,94,216,55,184,101,210
20181126,서울특별시,11,광진구,11215,경상북도,47,57,242,9,264,221,115,105,54,408,250,116
20181126,서울특별시,11,광진구,11215,경상남도,48,56,309,13,316,273,146,115,57,501,312,143
20181126,서울특별시,11,광진구,11215,제주특별자치도,50,17,61,6,45,41,11,17,8,100,97,30
20181126,서울특별시,11,관악구,11620,세종특별자치시,36,7,68,11,29,55,0,14,25,58,12,45
20181126,서울특별시,11,관악구,11620,경기도,41,319,2476,256,1177,1662,211,367,385,3314,719,1546
20181126,서울특별시,11,양천구,11470,전라남도,46,65,137,14,109,380,74,134,38,132,60,140
20181126,서울특별시,11,양천구,11470,전라북도,45,86,138,15,148,359,63,151,28,123,88,153
20181126,서울특별시,11,양천구,11470,충청남도,44,114,184,15,174,557,99,204,59,174,109,223
20181126,서울특별시,11,양천구,11470,충청북도,43,92,167,22,143,384,63,155,44,151,88,130
20181126,서울특별시,11,양천구,11470,강원도,42,72,162,16,149,365,64,142,48,128,103,159
20181126,서울특별시,11,양천구,11470,경기도,41,721,1442,145,1274,3249,604,1458,368,1650,929,1313
20181126,서울특별시,11,용산구,11170,제주특별자치도,50,11,120,11,475,60,23,35,15,92,42,18
20181126,서울특별시,11,용산구,11170,경상남도,48,69,610,29,2726,405,158,181,68,511,215,131
20181126,서울특별시,11,용산구,11170,경상북도,47,51,491,9,2258,321,125,148,51,392,133,95
20181126,서울특별시,11,용산구,11170,전라남도,46,47,302,8,1668,208,73,97,31,239,104,65
20181126,서울특별시,11,용산구,11170,전라북도,45,41,346,17,1735,245,89,98,56,287,137,79
20181126,서울특별시,11,용산구,11170,충청남도,44,55,522,19,2766,353,123,158,52,345,192,81
20181126,서울특별시,11,용산구,11170,충청북도,43,51,335,19,1801,243,81,102,35,271,140,65
20181126,서울특별시,11,용산구,11170,강원도,42,61,333,13,1635,213,93,114,32,259,112,67
20181126,서울특별시,11,용산구,11170,경기도,41,410,3563,148,17304,2482,785,1151,381,2756,1250,623
20181126,서울특별시,11,용산구,11170,세종특별자치시,36,14,98,7,445,67,15,20,13,66,38,14
20181126,서울특별시,11,용산구,11170,울산광역시,31,20,170,0,889,115,49,62,27,174,76,41
20181126,서울특별시,11,용산구,11170,대전광역시,30,43,382,15,1955,260,79,118,36,277,133,62
20181126,서울특별시,11,용산구,11170,광주광역시,29,27,244,4,975,141,51,73,16,216,84,33
20181126,서울특별시,11,용산구,11170,인천광역시,28,94,706,28,3547,485,174,240,107,581,254,148
20181126,서울특별시,11,용산구,11170,대구광역시,27,60,526,16,2320,343,123,161,39,421,178,111
20181126,서울특별시,11,용산구,11170,부산광역시,26,75,760,25,3595,487,195,199,78,640,312,135
20181126,서울특별시,11,용산구,11170,서울특별시,11,327,3209,119,15743,2182,587,1147,301,2335,1307,517
20181126,서울특별시,11,양천구,11470,세종특별자치시,36,14,35,5,22,94,16,41,13,34,22,22
20181126,서울특별시,11,마포구,11440,제주특별자치도,50,6,106,21,50,85,4,40,5,176,132,30
20181126,서울특별시,11,마포구,11440,경상남도,48,42,638,127,356,458,42,348,92,726,544,171
20181126,서울특별시,11,마포구,11440,경상북도,47,45,497,84,224,338,46,262,60,559,485,148
20181126,서울특별시,11,마포구,11440,전라남도,46,32,336,67,174,217,22,213,48,373,350,92
20181126,서울특별시,11,마포구,11440,전라북도,45,31,319,89,179,274,21,198,54,492,341,89
20181126,서울특별시,11,마포구,11440,충청남도,44,60,512,129,286,380,37,237,60,554,431,134
20181126,서울특별시,11,마포구,11440,충청북도,43,29,349,95,204,267,24,180,50,446,338,105
20181126,서울특별시,11,마포구,11440,강원도,42,33,350,81,167,267,22,185,36,414,327,99
20181126,서울특별시,11,마포구,11440,경기도,41,306,3586,835,1857,2777,225,1770,449,4323,3224,933
20181126,서울특별시,11,마포구,11440,세종특별자치시,36,15,77,34,52,67,3,44,12,76,82,16
20181126,서울특별시,11,마포구,11440,울산광역시,31,90,188,41,112,124,19,114,24,209,195,58
20181126,서울특별시,11,마포구,11440,대전광역시,30,25,330,103,214,301,17,193,40,384,407,100
20181126,서울특별시,11,마포구,11440,광주광역시,29,17,266,67,112,167,16,124,23,297,278,88
20181126,서울특별시,11,마포구,11440,인천광역시,28,81,729,148,380,530,50,414,72,885,677,224
20181126,서울특별시,11,마포구,11440,대구광역시,27,48,494,108,336,393,30,261,77,620,522,168
20181126,서울특별시,11,마포구,11440,부산광역시,26,76,728,172,440,568,56,446,123,913,759,256
20181126,서울특별시,11,마포구,11440,서울특별시,11,232,3507,832,1651,2434,213,1633,373,3700,3213,877
20181126,서울특별시,11,양천구,11470,울산광역시,31,34,75,15,62,189,39,80,20,78,58,77
20181126,서울특별시,11,양천구,11470,대전광역시,30,86,146,9,154,320,61,150,36,152,89,157
20181126,서울특별시,11,양천구,11470,광주광역시,29,58,108,8,79,218,40,89,39,119,54,101
20181126,서울특별시,11,은평구,11380,서울특별시,11,198,1644,199,537,1133,310,497,116,1742,706,1463
20181126,서울특별시,11,은평구,11380,부산광역시,26,47,485,63,117,335,80,128,33,605,206,368
20181126,서울특별시,11,은평구,11380,대구광역시,27,32,302,36,86,189,63,80,17,329,128,226
20181126,서울특별시,11,은평구,11380,인천광역시,28,44,446,62,121,332,80,138,38,597,179,381
20181126,서울특별시,11,은평구,11380,광주광역시,29,20,140,19,48,92,34,54,0,163,53,106
20181126,서울특별시,11,은평구,11380,대전광역시,30,28,211,29,51,161,38,70,14,267,94,162
20181126,서울특별시,11,은평구,11380,울산광역시,31,17,133,22,45,102,30,45,9,119,49,90
20181126,서울특별시,11,은평구,11380,세종특별자치시,36,4,57,4,24,52,12,13,5,79,19,35
20181126,서울특별시,11,은평구,11380,경기도,41,244,2096,239,648,1398,426,570,170,2744,933,1528
20181126,서울특별시,11,은평구,11380,강원도,42,26,233,28,61,143,52,64,9,284,100,132
20181126,서울특별시,11,강동구,11740,서울특별시,11,808,1511,393,488,2167,204,1491,195,2119,650,629
20181126,서울특별시,11,강동구,11740,부산광역시,26,170,307,99,90,600,43,346,66,618,206,176
20181126,서울특별시,11,강동구,11740,대구광역시,27,139,213,69,82,432,30,186,44,403,109,114
20181126,서울특별시,11,강동구,11740,인천광역시,28,186,305,171,114,724,37,320,65,563,147,143
20181126,서울특별시,11,강동구,11740,광주광역시,29,24,87,28,33,169,21,73,22,201,56,48
20181126,서울특별시,11,강동구,11740,대전광역시,30,93,147,45,65,288,23,146,29,260,59,87
20181126,서울특별시,11,강동구,11740,울산광역시,31,27,73,35,29,203,22,65,20,163,45,50
20181126,서울특별시,11,강동구,11740,세종특별자치시,36,27,32,26,12,78,4,24,8,54,10,16
20181126,서울특별시,11,강동구,11740,경기도,41,821,1484,452,536,2746,254,1569,320,2946,750,723
20181126,서울특별시,11,강동구,11740,강원도,42,88,142,36,78,279,19,138,40,259,63,79
20181126,서울특별시,11,강동구,11740,충청북도,43,97,159,32,54,331,22,154,31,340,67,85
20181126,서울특별시,11,강동구,11740,충청남도,44,121,236,56,73,419,30,214,46,406,98,100
20181126,서울특별시,11,강동구,11740,전라북도,45,107,159,40,47,287,29,146,16,264,62,75
20181126,서울특별시,11,강동구,11740,전라남도,46,100,154,35,55,248,30,128,21,284,54,64
20181126,서울특별시,11,강동구,11740,경상북도,47,142,200,56,83,368,35,229,39,430,106,123
20181126,서울특별시,11,강동구,11740,경상남도,48,103,248,72,97,577,49,257,58,529,133,143
20181126,서울특별시,11,강동구,11740,제주특별자치도,50,15,43,11,24,65,12,33,7,76,27,19
20181126,서울특별시,11,성북구,11290,서울특별시,11,406,4557,2137,2531,3467,743,1761,625,17379,7860,2408
20181126,서울특별시,11,성북구,11290,부산광역시,26,101,1189,325,689,997,193,499,206,5265,2326,730
20181126,서울특별시,11,성북구,11290,대구광역시,27,87,819,339,451,658,170,330,126,3662,1586,476
20181126,서울특별시,11,성북구,11290,인천광역시,28,121,1195,353,676,945,221,494,197,4944,2307,718
20181126,서울특별시,11,성북구,11290,광주광역시,29,31,397,84,203,285,56,151,62,1830,776,214
20181126,서울특별시,11,성북구,11290,대전광역시,30,53,594,295,340,474,85,235,112,2506,1159,334
20181126,서울특별시,11,성북구,11290,울산광역시,31,37,322,47,150,241,76,127,47,1514,661,210
20181126,서울특별시,11,성북구,11290,세종특별자치시,36,15,152,68,83,120,33,48,35,617,274,80
20181126,서울특별시,11,성북구,11290,경기도,41,541,5739,1946,3182,4234,1038,2182,864,22380,10289,3212
20181126,서울특별시,11,성북구,11290,강원도,42,77,611,216,353,472,126,237,77,2482,1125,349
20181126,서울특별시,11,성북구,11290,충청북도,43,53,578,401,336,538,122,228,92,2525,1139,363
20181126,서울특별시,11,성북구,11290,충청남도,44,75,764,375,490,659,154,309,157,3624,1614,534
20181126,서울특별시,11,성북구,11290,전라북도,45,64,598,142,332,495,106,200,101,2804,1165,350
20181126,서울특별시,11,성북구,11290,전라남도,46,73,588,103,321,477,108,200,83,2492,1077,352
20181126,서울특별시,11,성북구,11290,경상북도,47,61,824,216,420,637,174,293,136,3487,1603,491
20181126,서울특별시,11,성북구,11290,경상남도,48,146,1088,198,562,822,197,399,216,4785,2052,626
20181126,서울특별시,11,성북구,11290,제주특별자치도,50,16,162,167,94,123,21,58,28,909,363,93
20181126,서울특별시,11,구로구,11530,제주특별자치도,50,16,76,5,29,146,11,41,13,99,23,49
20181126,서울특별시,11,구로구,11530,경상남도,48,80,431,23,184,638,99,310,46,607,161,380
20181126,서울특별시,11,구로구,11530,경상북도,47,62,348,22,133,538,85,229,44,422,148,287
20181126,서울특별시,11,양천구,11470,인천광역시,28,167,306,23,255,657,105,285,95,278,151,288
20181126,서울특별시,11,양천구,11470,대구광역시,27,116,186,11,179,471,111,241,44,198,123,222
20181126,서울특별시,11,양천구,11470,부산광역시,26,161,300,26,271,644,127,393,65,282,180,328
20181126,서울특별시,11,양천구,11470,서울특별시,11,588,1283,136,1111,2161,427,1153,222,1134,704,1046
20181126,서울특별시,11,동대문구,11230,제주특별자치도,50,44,158,7,35,89,14,99,15,361,79,28
20181126,서울특별시,11,동대문구,11230,경상남도,48,135,816,44,289,637,109,845,99,1738,400,235
20181126,서울특별시,11,동대문구,11230,경상북도,47,126,576,36,203,515,78,607,70,1366,335,158
20181126,서울특별시,11,동대문구,11230,전라남도,46,97,451,31,127,365,66,461,49,914,203,95
20181126,서울특별시,11,종로구,11110,제주특별자치도,50,18,62,3,18,23,6,12,31,94,83,13
20181126,서울특별시,11,송파구,11710,제주특별자치도,50,5,78,9,32,109,8,63,8,190,61,37
20181126,서울특별시,11,송파구,11710,경상남도,48,30,438,50,216,439,43,379,55,1000,291,306
20181126,서울특별시,11,송파구,11710,경상북도,47,28,385,23,181,344,38,325,39,764,214,253
20181126,서울특별시,11,송파구,11710,전라남도,46,23,263,13,116,248,22,238,20,560,144,172
20181126,서울특별시,11,송파구,11710,전라북도,45,15,264,11,120,245,15,224,30,614,171,167
20181126,서울특별시,11,송파구,11710,충청남도,44,20,393,25,164,381,29,335,35,813,232,234
20181126,서울특별시,11,송파구,11710,충청북도,43,23,246,22,111,225,15,226,26,599,145,164
20181126,서울특별시,11,송파구,11710,강원도,42,15,264,13,101,324,22,234,28,545,140,144
20181126,서울특별시,11,송파구,11710,경기도,41,247,2596,172,1221,2205,268,2308,318,5712,1679,1562
20181126,서울특별시,11,송파구,11710,세종특별자치시,36,3,54,3,39,49,3,56,3,117,41,43
20181126,서울특별시,11,송파구,11710,울산광역시,31,9,136,10,59,113,15,130,23,306,106,98
20181126,서울특별시,11,송파구,11710,대전광역시,30,27,243,23,119,239,33,258,23,558,133,186
20181126,서울특별시,11,송파구,11710,광주광역시,29,15,161,15,71,156,31,147,11,400,118,112
20181126,서울특별시,11,송파구,11710,인천광역시,28,56,516,41,236,520,52,570,56,1074,283,307
20181126,서울특별시,11,송파구,11710,대구광역시,27,23,366,29,152,360,27,341,37,802,239,294
20181126,서울특별시,11,송파구,11710,부산광역시,26,36,522,29,231,526,46,545,58,1173,345,391
20181126,서울특별시,11,송파구,11710,서울특별시,11,207,2405,165,1004,1499,206,2153,237,4511,1400,1295
20181126,서울특별시,11,중랑구,11260,제주특별자치도,50,16,47,8,72,103,13,35,30,283,86,51
20181126,서울특별시,11,중랑구,11260,경상남도,48,111,448,68,444,735,116,310,200,1765,580,404
20181126,서울특별시,11,중랑구,11260,경상북도,47,90,320,63,356,630,71,208,137,1287,443,340
20181126,서울특별시,11,중랑구,11260,전라남도,46,60,230,37,217,445,60,157,104,944,320,201
20181126,서울특별시,11,구로구,11530,전라남도,46,35,250,21,117,355,36,164,23,307,104,189
20181126,서울특별시,11,구로구,11530,전라북도,45,28,244,17,102,387,47,147,22,352,86,191
20181126,서울특별시,11,구로구,11530,충청남도,44,58,355,23,189,531,65,210,48,405,155,270
20181126,서울특별시,11,구로구,11530,충청북도,43,33,259,20,116,348,41,152,29,328,111,199
20181126,서울특별시,11,구로구,11530,강원도,42,37,268,32,134,376,60,163,26,248,105,183
20181126,서울특별시,11,구로구,11530,경기도,41,320,2418,206,1168,3315,466,1321,253,3042,942,1848
20181126,서울특별시,11,구로구,11530,세종특별자치시,36,8,38,8,23,73,10,34,7,91,33,59
20181126,서울특별시,11,구로구,11530,울산광역시,31,15,133,6,56,193,30,96,18,194,60,130
20181126,서울특별시,11,구로구,11530,대전광역시,30,32,282,22,137,398,39,148,24,308,92,199
20181126,서울특별시,11,구로구,11530,광주광역시,29,15,186,10,75,170,25,93,16,193,60,124
20181126,서울특별시,11,구로구,11530,인천광역시,28,70,558,32,243,729,79,295,56,670,192,446
20181126,서울특별시,11,중랑구,11260,전라북도,45,57,245,40,233,438,36,180,113,971,308,215
20181126,서울특별시,11,중랑구,11260,충청남도,44,112,415,42,352,636,80,240,164,1394,463,320
20181126,서울특별시,11,중랑구,11260,충청북도,43,58,255,40,243,460,47,149,103,995,348,231
20181126,서울특별시,11,중랑구,11260,강원도,42,71,248,43,260,393,50,171,115,875,298,233
20181126,서울특별시,11,중랑구,11260,경기도,41,616,2471,372,2241,3780,465,1664,984,8328,3015,1887
20181126,서울특별시,11,중랑구,11260,세종특별자치시,36,16,49,18,53,86,15,45,28,202,68,36
20181126,서울특별시,11,중랑구,11260,울산광역시,31,37,127,21,135,246,26,83,64,569,193,119
20181126,서울특별시,11,중랑구,11260,대전광역시,30,54,277,43,248,453,46,166,117,986,325,198
20181126,서울특별시,11,중랑구,11260,광주광역시,29,37,142,33,128,276,33,97,57,654,222,153
20181126,서울특별시,11,중랑구,11260,인천광역시,28,135,584,76,454,756,87,355,214,1806,674,437
20181126,서울특별시,11,중랑구,11260,대구광역시,27,72,351,50,320,557,57,258,148,1298,440,315
20181126,서울특별시,11,중랑구,11260,부산광역시,26,109,489,68,444,769,114,376,184,1922,739,495
20181126,서울특별시,11,중랑구,11260,서울특별시,11,412,1971,328,1890,2847,310,1555,606,5958,2248,1572
20181126,서울특별시,11,은평구,11380,충청북도,43,22,224,24,70,161,35,70,9,261,82,176
20181126,서울특별시,11,은평구,11380,충청남도,44,50,319,49,83,242,64,107,31,412,162,215
20181126,서울특별시,11,은평구,11380,전라북도,45,29,245,28,53,144,50,73,14,303,120,160
20181126,서울특별시,11,은평구,11380,전라남도,46,31,255,23,45,139,39,57,23,293,115,143
20181126,서울특별시,11,은평구,11380,경상북도,47,35,336,49,81,196,73,76,23,414,135,191
20181126,서울특별시,11,은평구,11380,경상남도,48,42,420,72,114,267,108,110,27,489,184,275
20181126,서울특별시,11,은평구,11380,제주특별자치도,50,9,39,8,11,36,12,17,3,79,31,43
20181126,서울특별시,11,구로구,11530,대구광역시,27,51,288,32,159,473,60,241,41,416,133,303
20181126,서울특별시,11,구로구,11530,부산광역시,26,76,581,42,290,790,108,382,56,567,210,492
20181126,서울특별시,11,구로구,11530,서울특별시,11,220,2170,228,874,2897,328,1003,207,2243,766,1460
20181126,서울특별시,11,종로구,11110,경상남도,48,78,259,32,91,218,11,28,45,441,455,39
20181126,서울특별시,11,종로구,11110,경상북도,47,75,206,27,92,142,9,34,39,359,367,27
20181126,서울특별시,11,종로구,11110,전라남도,46,52,156,15,42,107,7,42,23,283,295,25
20181126,서울특별시,11,종로구,11110,전라북도,45,38,181,29,58,119,6,31,24,280,276,32
20181126,서울특별시,11,종로구,11110,충청남도,44,66,223,20,77,167,23,57,55,334,378,40
20181126,서울특별시,11,종로구,11110,충청북도,43,66,147,18,44,137,12,32,35,305,281,32
20181126,서울특별시,11,종로구,11110,강원도,42,59,155,20,45,134,19,51,32,233,278,29
20181126,서울특별시,11,종로구,11110,경기도,41,406,1552,229,485,1078,121,445,330,2306,2533,229
20181126,서울특별시,11,종로구,11110,세종특별자치시,36,12,29,8,8,27,0,4,15,65,75,8
20181126,서울특별시,11,종로구,11110,울산광역시,31,30,88,16,29,83,5,18,20,145,150,17
20181126,서울특별시,11,종로구,11110,대전광역시,30,38,149,24,55,103,8,30,23,252,265,45
20181126,서울특별시,11,종로구,11110,광주광역시,29,31,103,17,40,44,6,17,29,192,152,19
20181126,서울특별시,11,종로구,11110,인천광역시,28,82,296,41,116,244,14,55,69,497,517,47
20181126,서울특별시,11,종로구,11110,대구광역시,27,71,214,24,63,157,11,33,37,370,353,56
20181126,서울특별시,11,종로구,11110,부산광역시,26,88,329,46,117,264,17,55,53,596,549,55
20181126,서울특별시,11,종로구,11110,서울특별시,11,347,1368,294,465,935,76,348,211,1934,1811,270
20181126,서울특별시,11,서초구,11650,제주특별자치도,50,11,121,20,40,74,12,69,15,80,33,24
20181126,서울특별시,11,노원구,11350,제주특별자치도,50,9,28,0,4,29,0,12,6,118,16,3
20181126,서울특별시,11,노원구,11350,경상남도,48,58,222,11,58,203,45,82,43,594,135,106
20181126,서울특별시,11,노원구,11350,경상북도,47,45,164,10,54,140,19,80,58,434,108,88
20181126,서울특별시,11,노원구,11350,전라남도,46,26,146,6,22,76,15,46,30,368,61,67
20181126,서울특별시,11,서초구,11650,경상남도,48,90,539,74,241,564,56,402,112,374,245,181
20181126,서울특별시,11,서초구,11650,경상북도,47,58,348,84,169,476,56,228,78,277,160,151
20181126,서울특별시,11,서초구,11650,전라남도,46,52,261,73,129,299,25,162,60,193,141,105
20181126,서울특별시,11,서초구,11650,전라북도,45,42,249,64,135,341,25,208,50,192,132,118
20181126,서울특별시,11,서초구,11650,충청남도,44,62,436,77,203,491,52,284,89,269,192,165
20181126,서울특별시,11,서초구,11650,충청북도,43,70,278,55,118,371,33,163,47,231,158,118
20181126,서울특별시,11,서초구,11650,강원도,42,64,298,60,147,281,41,183,50,165,128,111
20181126,서울특별시,11,서초구,11650,경기도,41,636,2844,556,1326,3114,422,2100,480,2671,1373,1124
20181126,서울특별시,11,노원구,11350,전라북도,45,29,158,7,26,123,18,62,26,407,60,50
20181126,서울특별시,11,노원구,11350,충청남도,44,55,194,14,48,145,22,80,40,515,74,76
20181126,서울특별시,11,노원구,11350,충청북도,43,34,156,11,38,101,31,64,48,393,95,49
20181126,서울특별시,11,노원구,11350,강원도,42,38,130,10,24,125,14,50,31,341,71,56
20181126,서울특별시,11,노원구,11350,경기도,41,348,1307,113,461,1066,162,482,299,3811,807,545
20181126,서울특별시,11,노원구,11350,세종특별자치시,36,7,33,4,7,23,3,6,8,106,16,14
20181126,서울특별시,11,노원구,11350,울산광역시,31,17,66,0,12,67,11,29,21,179,47,27
20181126,서울특별시,11,노원구,11350,대전광역시,30,38,137,11,30,99,12,57,25,361,58,49
20181126,서울특별시,11,노원구,11350,광주광역시,29,16,115,5,16,50,4,46,29,285,54,25
20181126,서울특별시,11,노원구,11350,인천광역시,28,54,292,28,52,225,19,107,54,665,152,121
20181126,서울특별시,11,노원구,11350,대구광역시,27,39,233,19,32,151,25,72,51,570,97,67
20181126,서울특별시,11,노원구,11350,부산광역시,26,55,270,11,58,213,32,95,61,713,183,125
20181126,서울특별시,11,노원구,11350,서울특별시,11,240,1244,118,377,959,124,481,213,2995,591,384
20181126,서울특별시,11,강남구,11680,제주특별자치도,50,11,119,15,56,57,13,66,28,247,89,141
20181126,서울특별시,11,강남구,11680,경상남도,48,62,603,29,288,425,61,331,55,908,319,552
20181126,서울특별시,11,강남구,11680,경상북도,47,43,426,42,320,316,67,292,52,707,244,519
20181126,서울특별시,11,강남구,11680,전라남도,46,26,280,19,162,216,30,231,28,494,179,339
20181126,서울특별시,11,강남구,11680,전라북도,45,24,326,17,201,245,34,220,23,616,215,392
20181126,서울특별시,11,강남구,11680,충청남도,44,32,415,35,234,346,58,269,50,801,292,498
20181126,서울특별시,11,강남구,11680,충청북도,43,35,373,39,152,238,43,207,57,637,213,338
20181126,서울특별시,11,강남구,11680,강원도,42,44,326,33,184,249,69,244,33,567,194,352
20181126,서울특별시,11,강남구,11680,경기도,41,371,3791,253,1699,2577,415,2013,381,6393,2093,3491
20181126,서울특별시,11,강남구,11680,세종특별자치시,36,11,81,5,61,59,5,45,10,149,57,59
20181126,서울특별시,11,강남구,11680,울산광역시,31,13,177,11,91,132,18,106,15,333,113,232
20181126,서울특별시,11,강남구,11680,대전광역시,30,35,355,44,215,240,37,230,65,670,229,387
20181126,서울특별시,11,강남구,11680,광주광역시,29,8,266,8,134,170,22,130,19,394,136,260
20181126,서울특별시,11,강남구,11680,인천광역시,28,69,681,52,319,542,69,448,59,1167,420,752
20181126,서울특별시,11,강남구,11680,대구광역시,27,41,571,47,241,335,59,313,47,859,306,587
20181126,서울특별시,11,강남구,11680,부산광역시,26,98,794,46,408,488,61,505,81,1250,481,826
20181126,서울특별시,11,강남구,11680,서울특별시,11,364,4291,343,1788,2279,307,1916,303,6245,2197,3593
20181126,서울특별시,11,강서구,11500,제주특별자치도,50,13,61,0,42,97,22,194,12,204,50,55
20181126,서울특별시,11,강서구,11500,경상남도,48,74,464,62,307,632,73,1278,87,1134,485,568
20181126,서울특별시,11,강서구,11500,경상북도,47,72,394,44,238,487,57,766,50,756,350,426
20181126,서울특별시,11,강서구,11500,전라남도,46,43,239,33,161,341,41,587,38,621,243,317
20181126,서울특별시,11,강서구,11500,전라북도,45,46,281,39,191,357,50,611,43,655,242,317
20181126,서울특별시,11,강서구,11500,충청남도,44,60,344,38,290,502,60,836,76,825,385,438
20181126,서울특별시,11,강서구,11500,충청북도,43,45,256,46,196,372,52,592,70,585,279,297
20181126,서울특별시,11,강서구,11500,강원도,42,45,235,32,190,359,52,533,51,523,221,299
20181126,서울특별시,11,강서구,11500,경기도,41,472,2516,424,1695,3216,449,6177,468,4997,2467,2729
20181126,서울특별시,11,강서구,11500,세종특별자치시,36,7,64,10,46,70,8,122,11,107,65,80
20181126,서울특별시,11,강서구,11500,울산광역시,31,25,149,20,82,175,22,357,34,341,159,201
20181126,서울특별시,11,강서구,11500,대전광역시,30,50,321,40,173,377,46,646,52,529,237,308
20181126,서울특별시,11,강서구,11500,광주광역시,29,30,207,32,118,216,32,462,33,426,165,196
20181126,서울특별시,11,강서구,11500,인천광역시,28,104,555,70,362,668,98,1191,95,1087,524,617
20181126,서울특별시,11,강서구,11500,대구광역시,27,64,407,66,236,456,57,922,59,799,403,444
20181126,서울특별시,11,강서구,11500,부산광역시,26,111,622,80,379,685,104,1608,111,1205,568,668
20181126,서울특별시,11,서초구,11650,세종특별자치시,36,23,61,19,31,82,12,66,18,51,39,32
20181126,서울특별시,11,서초구,11650,울산광역시,31,36,173,39,65,146,33,86,23,99,87,58
20181126,서울특별시,11,서초구,11650,대전광역시,30,60,275,49,135,329,44,181,60,239,133,150
20181126,서울특별시,11,서초구,11650,광주광역시,29,25,245,45,66,180,20,117,39,144,105,72
20181126,서울특별시,11,강서구,11500,서울특별시,11,407,2211,452,1607,2658,277,5211,351,3659,1859,2234
20181126,서울특별시,11,서초구,11650,인천광역시,28,98,565,100,264,609,88,434,97,443,339,230
20181126,서울특별시,11,서초구,11650,대구광역시,27,80,417,99,195,412,59,234,66,317,188,176
20181126,서울특별시,11,서초구,11650,부산광역시,26,115,768,90,245,678,90,506,100,444,292,251
20181126,서울특별시,11,서초구,11650,서울특별시,11,479,3024,585,1254,2472,314,2284,304,2129,1255,1057
20181126,서울특별시,11,관악구,11620,강원도,42,29,298,21,117,226,21,45,48,324,63,165
20181126,서울특별시,11,관악구,11620,충청북도,43,24,286,28,128,192,21,52,71,363,72,183
20181126,서울특별시,11,관악구,11620,충청남도,44,25,391,33,203,279,21,55,92,467,111,228
20181126,서울특별시,11,관악구,11620,전라북도,45,33,273,30,120,199,14,61,41,382,91,164
20181126,서울특별시,11,관악구,11620,전라남도,46,28,296,19,126,198,19,41,49,378,70,150
20181126,서울특별시,11,관악구,11620,경상북도,47,41,403,39,180,267,28,55,69,466,103,247
20181126,서울특별시,11,금천구,11545,울산광역시,31,85,208,40,184,241,34,120,37,354,200,326
20181126,서울특별시,11,금천구,11545,세종특별자치시,36,49,104,24,75,122,17,51,7,166,84,133
20181126,서울특별시,11,금천구,11545,경기도,41,1670,4486,653,3325,4702,680,1878,577,5372,3318,5080
20181126,서울특별시,11,금천구,11545,강원도,42,167,415,197,374,546,69,170,37,620,353,572
20181126,서울특별시,11,금천구,11545,충청북도,43,166,419,130,332,460,63,193,54,629,362,497
20181126,서울특별시,11,금천구,11545,충청남도,44,224,646,161,558,695,82,276,89,869,464,776
20181126,서울특별시,11,금천구,11545,전라북도,45,237,407,109,364,442,85,220,64,762,365,512
20181127,서울특별시,11,노원구,11350,전라남도,46,8,71,3,15,38,10,29,17,212,44,28
20181127,서울특별시,11,종로구,11110,제주특별자치도,50,5,40,6,9,15,0,10,26,67,42,5
20181127,서울특별시,11,종로구,11110,경상남도,48,48,168,37,57,109,16,50,52,389,291,31
20181127,서울특별시,11,종로구,11110,경상북도,47,44,139,23,46,92,11,29,23,343,230,18
20181127,서울특별시,11,종로구,11110,전라남도,46,34,105,17,34,58,10,34,24,249,174,19
20181127,서울특별시,11,종로구,11110,전라북도,45,37,108,19,30,93,6,31,24,247,206,12
20181127,서울특별시,11,종로구,11110,충청남도,44,45,166,46,50,119,11,48,32,308,244,37
20181127,서울특별시,11,종로구,11110,충청북도,43,32,138,23,41,73,4,28,23,219,195,13
20181127,서울특별시,11,종로구,11110,강원도,42,38,114,22,29,76,14,25,39,188,181,18
20181127,서울특별시,11,종로구,11110,경기도,41,248,1181,232,338,671,86,331,250,2186,1669,179
20181127,서울특별시,11,종로구,11110,세종특별자치시,36,5,26,7,6,13,0,7,6,60,41,4
20181127,서울특별시,11,종로구,11110,울산광역시,31,16,58,17,15,39,6,16,9,110,89,14
20181127,서울특별시,11,종로구,11110,대전광역시,30,22,104,33,27,72,7,35,17,236,155,24
20181127,서울특별시,11,종로구,11110,광주광역시,29,16,66,13,16,60,3,4,14,129,105,14
20181127,서울특별시,11,종로구,11110,인천광역시,28,51,197,27,68,157,7,40,44,349,301,43
20181127,서울특별시,11,종로구,11110,대구광역시,27,27,146,27,46,108,12,27,28,303,241,34
20181127,서울특별시,11,종로구,11110,부산광역시,26,68,208,36,55,141,13,36,43,540,328,40
20181127,서울특별시,11,종로구,11110,서울특별시,11,236,1047,343,321,583,54,383,148,1606,1238,283
20181127,서울특별시,11,강남구,11680,전라북도,45,17,209,26,158,135,22,119,38,484,148,234
20181127,서울특별시,11,강남구,11680,충청남도,44,25,345,28,137,259,36,168,43,616,210,253
20181127,서울특별시,11,강남구,11680,충청북도,43,28,226,21,115,173,39,112,34,487,140,218
20181127,서울특별시,11,강남구,11680,강원도,42,25,210,35,85,201,39,134,27,420,123,239
20181127,서울특별시,11,강남구,11680,경기도,41,338,2790,311,1040,1761,448,1070,334,4865,1464,1894
20181127,서울특별시,11,강남구,11680,세종특별자치시,36,8,53,8,32,47,6,34,9,108,42,42
20181127,서울특별시,11,강남구,11680,울산광역시,31,15,131,17,83,92,12,51,9,239,63,149
20181127,서울특별시,11,강남구,11680,대전광역시,30,29,267,24,136,198,29,140,60,458,148,205
20181127,서울특별시,11,강남구,11680,광주광역시,29,23,163,13,69,124,16,74,14,322,102,149
20181127,서울특별시,11,강남구,11680,인천광역시,28,81,464,38,284,342,75,227,31,833,283,429
20181127,서울특별시,11,강남구,11680,대구광역시,27,65,364,41,146,249,48,190,29,745,197,326
20181127,서울특별시,11,강남구,11680,부산광역시,26,63,619,44,226,369,58,263,73,1003,311,430
20181127,서울특별시,11,강남구,11680,서울특별시,11,255,3222,389,1240,1611,288,1116,238,4689,1465,1994
20181127,서울특별시,11,중랑구,11260,서울특별시,11,377,1556,232,1062,1789,170,851,489,3811,1415,808
20181127,서울특별시,11,중랑구,11260,부산광역시,26,82,421,55,264,487,61,211,155,1244,473,246
20181127,서울특별시,11,중랑구,11260,대구광역시,27,63,281,34,217,353,44,137,116,896,356,183
20181127,서울특별시,11,중랑구,11260,인천광역시,28,90,429,44,249,477,51,224,170,1193,458,255
20181127,서울특별시,11,중랑구,11260,광주광역시,29,35,123,15,78,165,18,82,63,426,145,86
20181127,서울특별시,11,중랑구,11260,대전광역시,30,37,210,29,161,270,26,101,74,594,217,119
20181127,서울특별시,11,중랑구,11260,울산광역시,31,32,154,14,73,156,17,59,50,326,145,58
20181127,서울특별시,11,중랑구,11260,세종특별자치시,36,13,50,12,27,70,10,16,22,124,53,26
20181127,서울특별시,11,중랑구,11260,경기도,41,438,1922,289,1145,2231,246,960,753,5632,2105,1126
20181127,서울특별시,11,중랑구,11260,강원도,42,43,186,23,117,329,30,95,82,555,219,115
20181127,서울특별시,11,중랑구,11260,충청북도,43,38,228,24,133,253,20,95,81,550,240,141
20181127,서울특별시,11,중랑구,11260,충청남도,44,83,318,33,193,380,34,143,134,884,310,176
20181127,서울특별시,11,중랑구,11260,전라북도,45,56,245,27,134,282,20,94,96,629,248,111
20181127,서울특별시,11,중랑구,11260,전라남도,46,48,255,25,120,274,28,108,112,650,192,131
20181127,서울특별시,11,중랑구,11260,경상북도,47,57,275,34,167,380,30,130,132,862,318,177
20181127,서울특별시,11,중랑구,11260,경상남도,48,73,388,29,195,438,54,138,162,1180,398,225
20181127,서울특별시,11,중랑구,11260,제주특별자치도,50,19,59,3,32,55,5,17,19,166,47,37
20181127,서울특별시,11,용산구,11170,서울특별시,11,180,2010,147,9554,1150,412,460,240,1806,599,314
20181127,서울특별시,11,용산구,11170,부산광역시,26,37,508,18,2282,278,110,97,49,468,133,84
20181127,서울특별시,11,용산구,11170,대구광역시,27,36,339,13,1257,183,69,58,44,320,93,62
20181127,서울특별시,11,용산구,11170,인천광역시,28,39,444,27,2169,260,90,92,75,346,114,78
20181127,서울특별시,11,용산구,11170,광주광역시,29,21,150,9,493,69,24,18,19,134,34,22
20181127,서울특별시,11,용산구,11170,대전광역시,30,23,337,20,1227,151,54,37,28,242,68,36
20181127,서울특별시,11,용산구,11170,울산광역시,31,13,115,5,463,57,31,25,15,136,35,28
20181127,서울특별시,11,용산구,11170,세종특별자치시,36,6,39,3,247,26,7,8,6,51,11,8
20181127,서울특별시,11,용산구,11170,경기도,41,225,2165,147,10041,1308,486,443,369,2107,650,340
20181127,서울특별시,11,용산구,11170,강원도,42,15,184,18,987,123,50,40,29,193,82,33
20181127,서울특별시,11,용산구,11170,충청북도,43,17,218,12,1008,132,46,43,33,199,57,28
20181127,서울특별시,11,용산구,11170,충청남도,44,28,358,12,1519,175,68,69,36,300,74,54
20181127,서울특별시,11,용산구,11170,전라북도,45,18,273,13,1025,119,43,41,33,187,55,44
20181127,서울특별시,11,용산구,11170,전라남도,46,33,204,17,880,94,42,45,23,170,57,22
20181127,서울특별시,11,용산구,11170,경상북도,47,25,282,17,1271,170,66,41,43,288,71,47
20181127,서울특별시,11,용산구,11170,경상남도,48,38,343,29,1621,217,83,54,55,404,113,58
20181127,서울특별시,11,용산구,11170,제주특별자치도,50,10,75,0,287,28,14,22,8,80,11,10
20181127,서울특별시,11,광진구,11215,제주특별자치도,50,0,44,5,20,40,15,18,6,88,65,16
20181127,서울특별시,11,광진구,11215,경상남도,48,29,188,21,173,141,104,57,48,348,199,136
20181127,서울특별시,11,광진구,11215,경상북도,47,16,164,15,131,126,63,61,20,258,149,80
20181127,서울특별시,11,광진구,11215,전라남도,46,19,111,12,97,77,30,43,12,178,103,58
20181127,서울특별시,11,광진구,11215,전라북도,45,17,129,15,93,68,56,40,14,295,130,71
20181127,서울특별시,11,광진구,11215,충청남도,44,35,154,19,127,114,63,58,17,323,178,72
20181127,서울특별시,11,광진구,11215,충청북도,43,19,131,10,107,111,50,44,18,246,134,58
20181127,서울특별시,11,광진구,11215,강원도,42,14,106,18,84,119,46,26,15,206,130,60
20181127,서울특별시,11,광진구,11215,경기도,41,155,1176,161,850,869,423,365,202,2219,1149,603
20181127,서울특별시,11,광진구,11215,세종특별자치시,36,0,31,4,20,16,9,10,4,37,27,12
20181127,서울특별시,11,광진구,11215,울산광역시,31,8,68,6,53,42,28,19,10,124,57,40
20181127,서울특별시,11,광진구,11215,대전광역시,30,16,103,18,90,72,36,39,27,211,107,70
20181127,서울특별시,11,광진구,11215,광주광역시,29,4,77,14,50,54,29,24,16,174,78,37
20181127,서울특별시,11,광진구,11215,인천광역시,28,27,216,24,186,141,87,72,45,417,230,127
20181127,서울특별시,11,광진구,11215,대구광역시,27,16,180,20,134,106,56,62,21,293,164,80
20181127,서울특별시,11,광진구,11215,부산광역시,26,26,268,33,213,216,122,88,46,485,249,186
20181127,서울특별시,11,광진구,11215,서울특별시,11,111,1169,156,727,636,293,353,119,1945,938,589
20181127,서울특별시,11,도봉구,11320,경기도,41,161,2408,143,1269,773,159,1143,207,2264,1199,1208
20181127,서울특별시,11,도봉구,11320,세종특별자치시,36,9,69,5,19,18,0,15,6,48,28,19
20181127,서울특별시,11,도봉구,11320,울산광역시,31,9,114,13,73,33,7,67,18,154,91,107
20181127,서울특별시,11,도봉구,11320,대전광역시,30,13,241,9,152,70,13,171,21,211,152,146
20181127,서울특별시,11,도봉구,11320,광주광역시,29,10,157,11,83,55,6,69,19,146,107,90
20181127,서울특별시,11,도봉구,11320,인천광역시,28,36,520,12,260,135,31,234,51,471,248,271
20181127,서울특별시,11,도봉구,11320,대구광역시,27,22,340,13,178,107,16,158,32,316,210,196
20181127,서울특별시,11,도봉구,11320,부산광역시,26,33,507,34,284,150,32,229,54,488,291,301
20181127,서울특별시,11,도봉구,11320,서울특별시,11,113,2390,118,1164,658,125,1114,158,1479,898,969
20181127,서울특별시,11,동대문구,11230,제주특별자치도,50,25,114,7,28,81,5,52,17,221,44,14
20181127,서울특별시,11,동대문구,11230,경상남도,48,111,512,33,135,355,51,426,43,1154,290,67
20181127,서울특별시,11,동대문구,11230,경상북도,47,83,420,20,90,297,28,411,48,905,226,58
20181127,서울특별시,11,동대문구,11230,전라남도,46,48,321,19,66,207,20,229,26,626,146,31
20181127,서울특별시,11,동대문구,11230,전라북도,45,50,289,32,76,214,16,282,37,714,146,26
20181127,서울특별시,11,동대문구,11230,충청남도,44,94,405,44,103,321,23,379,49,837,236,48
20181127,서울특별시,11,동대문구,11230,충청북도,43,67,270,24,73,234,34,248,23,605,140,37
20181127,서울특별시,11,동대문구,11230,강원도,42,69,267,16,63,219,20,266,20,550,159,35
20181127,서울특별시,11,동대문구,11230,경기도,41,578,2532,189,633,1930,240,2244,245,5841,1463,339
20181127,서울특별시,11,동대문구,11230,세종특별자치시,36,13,49,7,12,43,6,54,5,131,42,8
20181127,서울특별시,11,동대문구,11230,울산광역시,31,28,155,8,32,93,14,132,17,333,103,20
20181127,서울특별시,11,동대문구,11230,대전광역시,30,63,286,29,73,212,25,266,32,626,144,32
20181127,서울특별시,11,동대문구,11230,광주광역시,29,32,170,9,47,124,15,136,17,425,112,28
20181127,서울특별시,11,동대문구,11230,인천광역시,28,129,543,23,117,377,48,467,67,1301,265,84
20181127,서울특별시,11,동대문구,11230,대구광역시,27,83,369,17,90,266,42,326,25,926,233,46
20181127,서울특별시,11,동대문구,11230,부산광역시,26,128,530,24,161,362,45,492,42,1353,348,62
20181127,서울특별시,11,동대문구,11230,서울특별시,11,564,1894,159,546,1174,150,1734,168,4670,1148,254
20181127,서울특별시,11,강북구,11305,서울특별시,11,45,879,56,204,325,47,132,245,2267,495,217
20181127,서울특별시,11,강북구,11305,부산광역시,26,17,199,13,44,85,22,30,73,649,156,68
20181127,서울특별시,11,강북구,11305,대구광역시,27,16,140,8,26,61,12,20,55,558,91,44
20181127,서울특별시,11,강북구,11305,인천광역시,28,7,192,18,46,82,20,30,64,741,153,61
20181127,서울특별시,11,강북구,11305,광주광역시,29,0,59,0,14,23,5,10,25,230,43,9
20181127,서울특별시,11,강서구,11500,제주특별자치도,50,6,69,14,28,77,8,47,8,131,41,40
20181127,서울특별시,11,강서구,11500,경상남도,48,55,266,78,176,380,68,475,49,728,291,289
20181127,서울특별시,11,강서구,11500,경상북도,47,43,212,61,140,316,57,408,35,538,258,219
20181127,서울특별시,11,양천구,11470,서울특별시,11,369,832,76,588,1502,202,546,138,735,363,573
20181127,서울특별시,11,양천구,11470,부산광역시,26,77,165,11,120,465,61,143,42,172,102,182
20181127,서울특별시,11,양천구,11470,대구광역시,27,66,91,13,110,241,48,91,23,118,64,122
20181127,서울특별시,11,양천구,11470,인천광역시,28,77,168,8,131,471,64,140,44,211,94,167
20181127,서울특별시,11,양천구,11470,광주광역시,29,28,56,6,46,85,16,29,12,58,36,48
20181127,서울특별시,11,양천구,11470,대전광역시,30,41,71,5,64,245,27,74,14,74,51,77
20181127,서울특별시,11,양천구,11470,울산광역시,31,28,47,5,36,84,24,21,12,48,20,44
20181127,서울특별시,11,양천구,11470,세종특별자치시,36,12,15,0,8,69,3,22,10,14,9,16
20181127,서울특별시,11,양천구,11470,경기도,41,468,830,74,623,2131,277,679,201,1210,522,726
20181127,서울특별시,11,양천구,11470,강원도,42,57,74,6,77,232,33,61,15,82,52,85
20181127,서울특별시,11,양천구,11470,충청북도,43,46,85,12,68,189,39,74,22,89,40,89
20181127,서울특별시,11,양천구,11470,충청남도,44,77,121,9,108,385,40,106,19,134,58,113
20181127,서울특별시,11,양천구,11470,전라북도,45,40,100,8,52,228,40,64,23,112,43,80
20181127,서울특별시,11,양천구,11470,전라남도,46,45,73,3,64,218,40,68,21,85,21,83
20181127,서울특별시,11,양천구,11470,경상북도,47,78,114,7,83,334,53,95,35,108,74,114
20181127,서울특별시,11,양천구,11470,경상남도,48,85,142,6,124,348,68,118,39,170,76,163
20181127,서울특별시,11,양천구,11470,제주특별자치도,50,19,15,0,19,46,6,8,0,22,7,30
20181127,서울특별시,11,금천구,11545,서울특별시,11,573,2271,520,1911,3204,393,928,382,3202,1619,2143
20181127,서울특별시,11,금천구,11545,부산광역시,26,103,458,171,531,848,171,242,95,748,401,573
20181127,서울특별시,11,금천구,11545,대구광역시,27,77,408,125,316,498,74,177,68,652,299,397
20181127,서울특별시,11,금천구,11545,인천광역시,28,161,512,120,492,862,71,209,96,696,373,547
20181127,서울특별시,11,금천구,11545,광주광역시,29,34,169,75,177,181,36,58,32,321,128,152
20181127,서울특별시,11,금천구,11545,대전광역시,30,69,312,127,263,393,45,106,40,474,207,274
20181127,서울특별시,11,금천구,11545,울산광역시,31,37,149,25,141,181,23,61,24,216,106,142
20181127,서울특별시,11,금천구,11545,세종특별자치시,36,21,65,22,65,90,16,24,11,117,40,52
20181127,서울특별시,11,금천구,11545,경기도,41,663,2590,547,2224,3641,383,1033,456,3653,1716,2500
20181127,서울특별시,11,금천구,11545,강원도,42,79,253,51,221,337,46,109,30,401,180,287
20181127,서울특별시,11,금천구,11545,충청북도,43,51,225,96,216,343,47,104,39,372,176,266
20181127,서울특별시,11,금천구,11545,충청남도,44,113,338,168,374,537,67,161,67,586,248,338
20181127,서울특별시,11,금천구,11545,전라북도,45,70,291,28,260,353,53,100,54,491,208,253
20181127,서울특별시,11,금천구,11545,전라남도,46,65,219,42,212,367,72,100,37,402,186,274
20181127,서울특별시,11,금천구,11545,경상북도,47,88,344,173,288,496,55,150,71,578,242,345
20181127,서울특별시,11,금천구,11545,경상남도,48,114,426,90,388,714,133,164,75,658,307,507
20181127,서울특별시,11,금천구,11545,제주특별자치도,50,14,77,5,67,104,24,25,13,207,67,70
20181127,서울특별시,11,강서구,11500,전라남도,46,26,142,36,93,238,27,247,31,424,150,175
20181127,서울특별시,11,강서구,11500,전라북도,45,15,174,48,96,269,33,307,23,385,190,168
20181127,서울특별시,11,강서구,11500,충청남도,44,37,244,50,127,322,55,307,56,615,224,200
20181127,서울특별시,11,강서구,11500,충청북도,43,30,199,51,122,243,23,288,31,441,207,143
20181127,서울특별시,11,강서구,11500,강원도,42,27,183,44,75,237,22,228,21,388,156,145
20181127,서울특별시,11,강서구,11500,경기도,41,272,2014,516,1011,2174,394,2323,276,3597,1497,1416
20181127,서울특별시,11,강서구,11500,세종특별자치시,36,5,32,9,29,57,6,48,13,68,39,45
20181127,서울특별시,11,강서구,11500,울산광역시,31,16,79,27,59,150,20,131,12,203,78,86
20181127,서울특별시,11,강서구,11500,대전광역시,30,29,201,62,114,287,33,269,31,337,169,151
20181127,서울특별시,11,강서구,11500,광주광역시,29,9,105,35,65,132,20,159,16,285,94,97
20181127,서울특별시,11,강서구,11500,인천광역시,28,68,376,97,219,458,82,587,41,658,342,272
20181127,서울특별시,11,강서구,11500,대구광역시,27,40,226,80,133,307,71,318,48,511,281,213
20181127,서울특별시,11,강서구,11500,부산광역시,26,46,382,123,224,464,98,532,50,845,345,364
20181127,서울특별시,11,강서구,11500,서울특별시,11,216,1567,547,837,1726,388,1796,161,2468,1236,1127
20181127,서울특별시,11,강북구,11305,대전광역시,30,8,94,10,19,48,8,19,38,332,62,32
20181127,서울특별시,11,강북구,11305,울산광역시,31,7,60,3,10,18,8,4,28,210,41,21
20181127,서울특별시,11,강북구,11305,세종특별자치시,36,0,20,0,5,11,5,3,8,97,14,8
20181127,서울특별시,11,강북구,11305,경기도,41,87,1122,85,198,438,81,161,382,3248,565,282
20181127,서울특별시,11,강북구,11305,강원도,42,7,96,6,25,42,10,19,36,374,57,33
20181127,서울특별시,11,강북구,11305,충청북도,43,9,90,0,18,42,9,14,57,385,59,30
20181127,서울특별시,11,강북구,11305,충청남도,44,10,168,14,26,66,18,24,56,475,92,35
20181127,서울특별시,11,강북구,11305,전라북도,45,6,101,7,21,37,14,22,38,379,53,35
20181127,서울특별시,11,강북구,11305,전라남도,46,3,127,6,22,46,11,16,39,335,43,30
20181127,서울특별시,11,강북구,11305,경상북도,47,15,163,11,23,53,11,19,66,479,75,43
20181127,서울특별시,11,강북구,11305,경상남도,48,10,197,18,42,100,15,38,75,720,108,67
20181127,서울특별시,11,강북구,11305,제주특별자치도,50,0,26,3,4,9,0,5,8,106,11,4
20181127,서울특별시,11,성북구,11290,서울특별시,11,287,3532,1417,1595,2324,523,1457,541,14547,5680,1645
20181127,서울특별시,11,성북구,11290,부산광역시,26,63,843,164,373,572,172,364,174,4428,1627,529
20181127,서울특별시,11,성북구,11290,대구광역시,27,46,569,144,244,410,101,202,130,3066,1170,304
20181127,서울특별시,11,성북구,11290,인천광역시,28,61,768,133,371,566,135,312,172,4038,1574,488
20181127,서울특별시,11,성북구,11290,광주광역시,29,32,316,50,118,167,38,108,51,1536,540,157
20181127,서울특별시,11,성북구,11290,대전광역시,30,30,408,79,211,267,65,152,88,2127,809,220
20181127,서울특별시,11,성북구,11290,울산광역시,31,15,243,44,98,160,36,82,46,1289,471,126
20181127,서울특별시,11,성북구,11290,세종특별자치시,36,8,80,21,46,58,15,56,35,520,206,51
20181127,서울특별시,11,성북구,11290,경기도,41,347,3679,798,1816,2750,657,1597,775,18714,7103,1958
20181127,서울특별시,11,성북구,11290,강원도,42,33,353,104,163,373,71,128,92,2050,712,200
20181127,서울특별시,11,강동구,11740,제주특별자치도,50,16,21,7,15,59,10,16,0,67,20,15
20181127,서울특별시,11,강동구,11740,경상남도,48,65,130,50,60,247,31,174,22,309,119,81
20181127,서울특별시,11,강동구,11740,경상북도,47,71,120,44,43,220,20,141,16,216,66,73
20181127,서울특별시,11,강동구,11740,전라남도,46,56,81,22,36,184,12,76,8,150,36,38
20181127,서울특별시,11,은평구,11380,서울특별시,11,152,932,133,484,804,154,262,93,959,470,705
20181127,서울특별시,11,은평구,11380,부산광역시,26,33,241,31,89,197,40,83,20,291,137,234
20181127,서울특별시,11,은평구,11380,대구광역시,27,23,164,14,67,184,35,33,14,181,103,130
20181127,서울특별시,11,은평구,11380,인천광역시,28,31,231,27,114,209,38,58,29,266,105,193
20181127,서울특별시,11,은평구,11380,광주광역시,29,9,74,8,23,63,18,24,5,83,42,71
20181127,서울특별시,11,은평구,11380,대전광역시,30,25,97,7,47,99,12,32,11,126,66,91
20181127,서울특별시,11,은평구,11380,울산광역시,31,5,64,11,26,58,14,17,3,67,32,54
20181127,서울특별시,11,은평구,11380,세종특별자치시,36,7,24,4,9,19,3,7,0,29,9,23
20181127,서울특별시,11,은평구,11380,경기도,41,202,1155,178,533,951,193,315,122,1570,641,875
20181127,서울특별시,11,은평구,11380,강원도,42,20,109,16,31,81,15,55,9,126,64,70
20181127,서울특별시,11,은평구,11380,충청북도,43,14,116,13,42,91,22,24,15,110,59,90
20181127,서울특별시,11,은평구,11380,충청남도,44,36,159,24,69,163,27,82,22,238,84,135
20181127,서울특별시,11,은평구,11380,전라북도,45,19,129,17,50,92,26,42,9,165,53,100
20181127,서울특별시,11,은평구,11380,전라남도,46,21,123,23,31,88,24,22,9,153,67,96
20181127,서울특별시,11,은평구,11380,경상북도,47,25,162,23,62,135,38,43,10,219,90,132
20181127,서울특별시,11,은평구,11380,경상남도,48,42,247,30,75,201,42,55,20,259,100,184
20181127,서울특별시,11,은평구,11380,제주특별자치도,50,6,28,3,8,27,11,11,0,41,18,19
20181127,서울특별시,11,영등포구,11560,서울특별시,11,89,1764,732,2442,1007,109,1441,97,1570,630,538
20181127,서울특별시,11,영등포구,11560,부산광역시,26,19,493,109,657,411,26,439,28,421,160,148
20181127,서울특별시,11,영등포구,11560,대구광역시,27,11,362,112,442,206,23,305,28,276,108,112
20181127,서울특별시,11,영등포구,11560,인천광역시,28,17,434,113,599,277,35,402,23,375,103,158
20181127,서울특별시,11,영등포구,11560,광주광역시,29,9,147,50,204,78,6,108,14,137,61,59
20181127,서울특별시,11,영등포구,11560,대전광역시,30,9,297,61,297,121,13,175,14,179,66,79
20181127,서울특별시,11,영등포구,11560,울산광역시,31,6,149,30,154,75,9,107,4,127,44,43
20181127,서울특별시,11,영등포구,11560,세종특별자치시,36,7,34,20,66,29,3,47,5,38,18,14
20181127,서울특별시,11,영등포구,11560,경기도,41,83,2227,640,2860,1234,142,1728,141,2250,683,719
20181127,서울특별시,11,영등포구,11560,강원도,42,10,194,54,297,114,10,168,14,160,64,71
20181127,서울특별시,11,영등포구,11560,충청북도,43,10,208,61,308,113,12,202,12,180,61,84
20181127,서울특별시,11,영등포구,11560,충청남도,44,15,319,90,423,185,29,253,34,237,86,118
20181127,서울특별시,11,영등포구,11560,전라북도,45,11,233,41,317,119,5,259,8,213,46,66
20181127,서울특별시,11,영등포구,11560,전라남도,46,6,214,31,330,244,14,196,4,200,54,103
20181127,서울특별시,11,영등포구,11560,경상북도,47,13,305,71,429,194,16,288,17,241,82,117
20181127,서울특별시,11,영등포구,11560,경상남도,48,17,404,95,534,241,31,420,25,368,112,146
20181127,서울특별시,11,영등포구,11560,제주특별자치도,50,3,68,19,80,54,3,49,6,73,23,20
20181127,서울특별시,11,강동구,11740,전라북도,45,63,86,30,36,151,16,73,10,179,56,47
20181127,서울특별시,11,강동구,11740,충청남도,44,56,126,53,65,234,32,130,17,228,61,69
20181127,서울특별시,11,강동구,11740,충청북도,43,54,97,38,49,182,21,78,8,164,48,45
20181127,서울특별시,11,강동구,11740,강원도,42,45,110,30,34,171,19,117,6,135,64,30
20181127,서울특별시,11,강동구,11740,경기도,41,476,955,356,435,1479,160,885,146,1781,620,433
20181127,서울특별시,11,강동구,11740,세종특별자치시,36,9,15,9,5,34,0,15,4,30,10,15
20181127,서울특별시,11,강동구,11740,울산광역시,31,9,60,28,11,92,6,46,6,103,33,26
20181127,서울특별시,11,강동구,11740,대전광역시,30,50,88,40,31,175,18,93,16,177,42,41
20181127,서울특별시,11,강동구,11740,광주광역시,29,15,58,36,31,85,14,47,7,126,37,37
20181127,서울특별시,11,강동구,11740,인천광역시,28,89,199,80,63,382,46,149,24,332,119,62
20181127,서울특별시,11,강동구,11740,대구광역시,27,71,181,57,43,231,31,82,27,241,70,70
20181127,서울특별시,11,강동구,11740,부산광역시,26,89,189,63,56,318,28,207,29,344,137,90
20181127,서울특별시,11,강동구,11740,서울특별시,11,455,1106,291,307,1285,108,792,94,1242,625,405
20181127,서울특별시,11,서대문구,11410,제주특별자치도,50,0,25,4,0,39,0,3,0,54,8,16
20181127,서울특별시,11,서대문구,11410,경상남도,48,23,110,7,17,386,12,171,16,265,52,179
20181127,서울특별시,11,서대문구,11410,경상북도,47,23,75,9,18,317,10,120,11,199,45,135
20181127,서울특별시,11,서대문구,11410,전라남도,46,11,50,10,10,227,0,78,13,123,18,101
20181127,서울특별시,11,서대문구,11410,전라북도,45,20,75,11,13,242,7,94,7,146,20,101
20181127,서울특별시,11,서대문구,11410,충청남도,44,16,86,7,15,342,6,126,11,194,29,152
20181127,서울특별시,11,서대문구,11410,충청북도,43,11,55,9,21,244,4,83,5,143,36,111
20181127,서울특별시,11,서대문구,11410,강원도,42,15,73,16,10,226,6,70,10,128,33,101
20181127,서울특별시,11,서대문구,11410,경기도,41,127,695,103,120,1873,79,763,55,1676,377,909
20181127,서울특별시,11,서대문구,11410,세종특별자치시,36,6,12,0,0,48,0,10,0,42,9,13
20181127,서울특별시,11,서대문구,11410,울산광역시,31,5,46,0,5,116,6,52,6,96,14,55
20181127,서울특별시,11,서대문구,11410,대전광역시,30,10,52,7,10,194,6,70,5,142,27,104
20181127,서울특별시,11,서대문구,11410,광주광역시,29,5,52,5,7,126,5,59,0,116,20,64
20181127,서울특별시,11,서대문구,11410,인천광역시,28,15,132,68,23,428,13,147,5,315,61,205
20181127,서울특별시,11,서대문구,11410,대구광역시,27,13,92,7,13,259,7,107,7,231,48,122
20181127,서울특별시,11,서대문구,11410,부산광역시,26,14,145,17,23,389,12,181,15,337,60,196
20181127,서울특별시,11,서대문구,11410,서울특별시,11,70,785,85,150,1349,43,558,55,1432,329,650
20181127,서울특별시,11,관악구,11620,서울특별시,11,159,1070,276,647,1013,52,201,144,1195,387,678
20181127,서울특별시,11,관악구,11620,부산광역시,26,29,336,64,168,269,9,51,58,294,97,201
20181127,서울특별시,11,관악구,11620,대구광역시,27,22,167,34,153,202,11,30,34,263,72,150
20181127,서울특별시,11,관악구,11620,인천광역시,28,43,303,38,177,302,18,62,59,274,92,186
20181127,서울특별시,11,관악구,11620,광주광역시,29,17,109,13,47,75,6,16,14,98,39,61
20181127,서울특별시,11,관악구,11620,대전광역시,30,18,150,24,75,121,14,23,35,161,43,110
20181127,서울특별시,11,관악구,11620,울산광역시,31,8,110,12,49,58,5,12,16,102,27,49
20181127,서울특별시,11,관악구,11620,세종특별자치시,36,3,35,5,13,41,3,7,7,38,10,21
20181127,서울특별시,11,관악구,11620,경기도,41,184,1357,199,721,1303,87,271,266,1701,494,813
20181127,서울특별시,11,관악구,11620,강원도,42,34,169,17,82,130,6,32,33,153,41,74
20181127,서울특별시,11,관악구,11620,충청북도,43,7,158,29,96,103,5,37,24,158,50,81
20181127,서울특별시,11,관악구,11620,충청남도,44,29,259,23,134,203,13,74,46,244,82,119
20181127,서울특별시,11,관악구,11620,전라북도,45,12,144,34,87,104,8,31,35,184,50,96
20181127,서울특별시,11,관악구,11620,전라남도,46,20,145,8,90,102,8,30,35,178,44,85
20181127,서울특별시,11,관악구,11620,경상북도,47,19,251,23,112,146,12,37,45,224,56,113
20181127,서울특별시,11,관악구,11620,경상남도,48,41,356,30,160,234,18,42,52,305,115,163
20181127,서울특별시,11,관악구,11620,제주특별자치도,50,0,43,5,24,31,4,4,9,48,14,19
20181127,서울특별시,11,성북구,11290,충청북도,43,35,407,85,203,313,79,130,85,2111,790,257
20181127,서울특별시,11,성북구,11290,충청남도,44,50,584,136,303,440,96,214,140,2922,1049,291
20181127,서울특별시,11,성북구,11290,전라북도,45,45,398,105,206,300,63,153,90,2297,849,221
20181127,서울특별시,11,성북구,11290,전라남도,46,39,369,108,205,272,75,147,83,2054,712,240
20181127,서울특별시,11,성북구,11290,경상북도,47,62,547,133,225,391,116,212,126,2927,1071,315
20181127,서울특별시,11,성북구,11290,경상남도,48,56,705,165,334,487,139,276,161,3960,1425,392
20181127,서울특별시,11,성북구,11290,제주특별자치도,50,8,104,128,50,102,18,38,27,734,274,70
20181127,서울특별시,11,송파구,11710,제주특별자치도,50,0,69,0,28,94,6,38,0,163,34,24
20181127,서울특별시,11,송파구,11710,경상남도,48,16,251,77,151,376,24,234,52,907,130,155
20181127,서울특별시,11,송파구,11710,경상북도,47,18,252,75,106,247,16,164,43,734,123,124
20181127,서울특별시,11,송파구,11710,전라남도,46,4,176,13,57,198,20,107,23,502,68,81
20181127,서울특별시,11,송파구,11710,전라북도,45,8,155,23,86,199,16,156,22,587,87,89
20181127,서울특별시,11,송파구,11710,충청남도,44,17,228,75,99,310,16,164,34,726,126,124
20181127,서울특별시,11,송파구,11710,충청북도,43,15,143,25,67,215,15,113,21,554,70,87
20181127,서울특별시,11,송파구,11710,강원도,42,9,172,19,79,237,13,129,41,481,77,80
20181127,서울특별시,11,송파구,11710,경기도,41,134,1671,199,781,1595,179,1307,246,5298,912,925
20181127,서울특별시,11,송파구,11710,세종특별자치시,36,0,34,7,16,55,6,25,14,95,19,19
20181127,서울특별시,11,송파구,11710,울산광역시,31,9,74,9,44,194,10,77,10,301,44,45
20181127,서울특별시,11,송파구,11710,대전광역시,30,9,164,27,67,162,17,152,29,556,85,100
20181127,서울특별시,11,송파구,11710,광주광역시,29,4,134,6,58,115,4,73,12,430,51,75
20181127,서울특별시,11,송파구,11710,인천광역시,28,30,338,26,172,407,30,259,62,980,143,192
20181127,서울특별시,11,송파구,11710,대구광역시,27,17,210,15,114,234,19,188,33,754,130,167
20181127,서울특별시,11,송파구,11710,부산광역시,26,31,380,34,172,364,29,268,57,1081,199,237
20181127,서울특별시,11,송파구,11710,서울특별시,11,118,1812,203,686,1066,125,1218,180,3941,807,819
20181127,서울특별시,11,동작구,11590,제주특별자치도,50,6,19,11,11,14,0,4,3,27,17,6
20181127,서울특별시,11,동작구,11590,경상남도,48,67,153,32,89,78,38,31,11,134,81,84
20181127,서울특별시,11,동작구,11590,경상북도,47,37,140,22,64,92,30,18,15,128,92,76
20181127,서울특별시,11,동작구,11590,전라남도,46,37,90,24,49,68,15,15,11,66,42,47
20181127,서울특별시,11,동작구,11590,전라북도,45,46,88,38,55,70,14,19,19,92,49,63
20181127,서울특별시,11,동작구,11590,충청남도,44,55,112,40,76,91,25,23,16,165,85,54
20181127,서울특별시,11,동작구,11590,충청북도,43,33,79,65,58,52,19,11,7,92,71,54
20181127,서울특별시,11,동작구,11590,강원도,42,54,79,29,52,72,18,12,9,80,58,35
20181127,서울특별시,11,동작구,11590,경기도,41,350,800,217,490,677,166,172,85,1259,610,533
20181127,서울특별시,11,동작구,11590,세종특별자치시,36,6,23,3,10,12,6,0,0,18,20,15
20181127,서울특별시,11,동작구,11590,울산광역시,31,32,48,20,37,38,14,7,0,54,41,38
20181127,서울특별시,11,동작구,11590,대전광역시,30,32,71,20,56,64,15,14,9,100,67,55
20181127,서울특별시,11,동작구,11590,광주광역시,29,24,45,29,35,25,9,10,7,70,36,32
20181127,서울특별시,11,동작구,11590,인천광역시,28,74,186,48,95,130,33,66,23,179,100,124
20181127,서울특별시,11,동작구,11590,대구광역시,27,38,102,39,69,109,22,15,8,150,78,92
20181127,서울특별시,11,동작구,11590,부산광역시,26,66,165,63,87,125,27,31,17,225,126,126
20181127,서울특별시,11,동작구,11590,서울특별시,11,313,714,284,447,536,122,150,59,984,442,522
20181127,서울특별시,11,마포구,11440,서울특별시,11,133,2266,679,1256,1771,111,987,228,2470,2176,693
20181127,서울특별시,11,마포구,11440,부산광역시,26,30,495,95,276,396,28,227,73,638,495,196
20181127,서울특별시,11,마포구,11440,대구광역시,27,30,327,87,231,285,21,165,50,426,364,114
20181127,서울특별시,11,마포구,11440,인천광역시,28,41,500,114,247,412,19,220,68,529,473,148
20181127,서울특별시,11,마포구,11440,광주광역시,29,7,152,30,102,138,0,63,19,211,202,40
20181127,서울특별시,11,마포구,11440,대전광역시,30,14,228,60,152,208,16,99,24,264,285,91
20181127,서울특별시,11,마포구,11440,울산광역시,31,8,125,43,81,76,4,62,22,175,138,34
20181127,서울특별시,11,마포구,11440,세종특별자치시,36,7,54,18,34,74,3,25,18,56,59,12
20181127,서울특별시,11,마포구,11440,경기도,41,191,2172,617,1332,1954,140,965,283,2853,2272,688
20181127,서울특별시,11,마포구,11440,강원도,42,14,237,59,99,182,12,104,35,265,241,62
20181127,서울특별시,11,마포구,11440,충청북도,43,19,222,50,128,189,15,109,41,279,202,56
20181127,서울특별시,11,마포구,11440,충청남도,44,18,327,84,177,270,18,139,37,367,317,81
20181127,서울특별시,11,마포구,11440,전라북도,45,19,328,76,142,152,10,96,21,287,264,66
20181127,서울특별시,11,마포구,11440,전라남도,46,15,230,42,97,148,13,84,43,243,206,56
20181127,서울특별시,11,마포구,11440,경상북도,47,27,292,79,148,247,10,144,39,370,333,84
20181127,서울특별시,11,마포구,11440,경상남도,48,50,347,89,188,311,40,203,57,483,377,124
20181127,서울특별시,11,마포구,11440,제주특별자치도,50,4,78,18,33,58,4,23,9,126,78,15
20181127,서울특별시,11,노원구,11350,제주특별자치도,50,0,30,0,3,20,0,13,13,79,10,0
20181127,서울특별시,11,노원구,11350,경상남도,48,22,120,14,51,86,17,59,29,387,62,55
20181127,서울특별시,11,노원구,11350,경상북도,47,25,103,3,23,88,3,60,20,287,65,45
20181127,서울특별시,11,노원구,11350,전라북도,45,13,88,11,17,47,8,40,10,262,38,19
20181127,서울특별시,11,노원구,11350,충청남도,44,20,115,4,29,90,12,50,15,303,37,25
20181127,서울특별시,11,노원구,11350,충청북도,43,15,81,3,27,53,12,34,18,207,42,31
20181127,서울특별시,11,노원구,11350,강원도,42,9,85,4,17,53,11,33,16,225,30,27
20181127,서울특별시,11,노원구,11350,경기도,41,142,812,83,359,573,99,373,153,2308,468,297
20181127,서울특별시,11,노원구,11350,세종특별자치시,36,3,24,0,6,18,0,10,5,48,10,4
20181127,서울특별시,11,노원구,11350,울산광역시,31,8,44,0,14,27,4,19,7,125,30,18
20181127,서울특별시,11,노원구,11350,대전광역시,30,10,77,8,20,55,7,44,4,216,42,35
20181127,서울특별시,11,노원구,11350,광주광역시,29,7,55,3,11,20,4,13,9,173,36,21
20181127,서울특별시,11,노원구,11350,인천광역시,28,36,173,19,47,120,17,87,24,444,86,62
20181127,서울특별시,11,노원구,11350,대구광역시,27,20,138,11,35,89,17,71,22,324,62,57
20181127,서울특별시,11,노원구,11350,부산광역시,26,24,177,8,43,111,16,81,21,421,101,68
20181127,서울특별시,11,노원구,11350,서울특별시,11,119,714,86,274,544,77,352,144,1653,371,286
20181127,서울특별시,11,중구,11140,서울특별시,11,274,2897,394,432,2350,203,682,125,4649,1427,653
20181127,서울특별시,11,중구,11140,부산광역시,26,74,727,94,76,463,50,163,38,1138,331,191
20181127,서울특별시,11,중구,11140,대구광역시,27,53,492,59,67,285,29,104,23,771,222,114
20181127,서울특별시,11,중구,11140,인천광역시,28,67,561,57,78,470,64,170,38,1029,336,164
20181127,서울특별시,11,중구,11140,광주광역시,29,17,215,14,26,134,17,37,16,397,100,71
20181127,서울특별시,11,중구,11140,대전광역시,30,32,348,30,43,217,23,77,25,604,140,65
20181127,서울특별시,11,중구,11140,울산광역시,31,25,140,6,29,95,20,36,10,257,78,35
20181127,서울특별시,11,중구,11140,세종특별자치시,36,13,54,17,9,50,4,29,8,135,28,14
20181127,서울특별시,11,중구,11140,경기도,41,353,2712,313,417,2363,265,726,187,4871,1339,717
20181127,서울특별시,11,중구,11140,강원도,42,45,350,47,44,250,33,87,28,492,151,63
20181127,서울특별시,11,중구,11140,충청북도,43,42,357,35,52,209,28,74,17,516,123,67
20181127,서울특별시,11,중구,11140,충청남도,44,56,486,51,67,342,44,108,28,710,199,100
20181127,서울특별시,11,중구,11140,전라북도,45,38,343,52,54,238,29,102,23,559,180,68
20181127,서울특별시,11,중구,11140,전라남도,46,24,314,54,41,175,36,92,15,536,130,70
20181127,서울특별시,11,중구,11140,경상북도,47,49,349,63,39,306,40,103,41,708,196,91
20181127,서울특별시,11,중구,11140,경상남도,48,55,581,56,91,396,64,138,31,927,273,152
20181127,서울특별시,11,중구,11140,제주특별자치도,50,14,86,12,44,68,9,25,10,194,47,8
20181127,서울특별시,11,도봉구,11320,제주특별자치도,50,7,108,3,26,28,6,22,4,73,16,36
20181127,서울특별시,11,도봉구,11320,경상남도,48,19,384,23,239,119,35,194,45,449,269,272
20181127,서울특별시,11,도봉구,11320,경상북도,47,24,295,15,202,93,12,163,33,363,193,201
20181127,서울특별시,11,도봉구,11320,전라남도,46,15,201,10,141,160,10,98,16,224,122,170
20181127,서울특별시,11,도봉구,11320,전라북도,45,14,240,7,145,68,13,142,25,230,125,142
20181127,서울특별시,11,도봉구,11320,충청남도,44,25,300,14,196,88,26,197,42,352,195,208
20181127,서울특별시,11,도봉구,11320,충청북도,43,18,219,12,131,63,18,133,25,235,122,149
20181127,서울특별시,11,구로구,11530,서울특별시,11,168,1669,128,663,1449,165,653,112,1624,563,703
20181127,서울특별시,11,구로구,11530,부산광역시,26,51,321,45,158,365,45,236,48,430,148,243
20181127,서울특별시,11,구로구,11530,대구광역시,27,31,266,27,94,290,30,137,29,295,91,161
20181127,서울특별시,11,구로구,11530,인천광역시,28,64,304,45,139,404,43,183,32,412,134,203
20181127,서울특별시,11,구로구,11530,광주광역시,29,20,173,16,49,118,16,54,14,114,41,61
20181127,서울특별시,11,구로구,11530,대전광역시,30,31,206,26,92,196,31,89,22,204,85,117
20181127,서울특별시,11,구로구,11530,울산광역시,31,19,91,13,41,109,15,59,14,131,37,70
20181127,서울특별시,11,구로구,11530,세종특별자치시,36,10,25,4,17,41,3,19,8,69,18,22
20181127,서울특별시,11,구로구,11530,경기도,41,266,1750,189,833,1734,242,839,186,2146,712,898
20181127,서울특별시,11,구로구,11530,강원도,42,38,198,22,68,190,36,76,22,185,57,99
20181127,서울특별시,11,구로구,11530,충청북도,43,26,182,20,88,179,27,96,37,199,80,116
20181127,서울특별시,11,구로구,11530,충청남도,44,42,244,17,115,256,32,128,37,306,107,136
20181127,서울특별시,11,구로구,11530,전라북도,45,29,167,18,82,168,28,85,28,215,75,132
20181127,서울특별시,11,구로구,11530,전라남도,46,25,184,20,65,162,36,102,30,222,66,100
20181127,서울특별시,11,구로구,11530,경상북도,47,30,261,24,114,237,46,158,24,280,112,180
20181127,서울특별시,11,구로구,11530,경상남도,48,35,339,41,141,312,41,163,38,382,122,225
20181127,서울특별시,11,구로구,11530,제주특별자치도,50,18,79,7,17,56,4,31,0,50,13,31
20181127,서울특별시,11,성동구,11200,제주특별자치도,50,87,120,21,23,59,7,18,0,132,69,16
20181127,서울특별시,11,성동구,11200,경상남도,48,42,477,104,140,188,49,161,35,617,290,108
20181127,서울특별시,11,성동구,11200,경상북도,47,23,395,108,110,174,28,109,40,515,208,79
20181127,서울특별시,11,성동구,11200,전라남도,46,15,281,52,74,106,32,100,22,343,132,58
20181127,서울특별시,11,성동구,11200,전라북도,45,21,291,43,76,124,28,96,16,377,162,50
20181127,서울특별시,11,성동구,11200,충청남도,44,46,398,59,110,164,41,132,33,535,255,67
20181127,서울특별시,11,성동구,11200,충청북도,43,17,274,45,90,120,19,97,21,371,158,68
20181127,서울특별시,11,성동구,11200,강원도,42,19,278,59,78,122,32,104,23,331,145,61
20181127,서울특별시,11,성동구,11200,경기도,41,199,2942,351,935,1224,234,832,186,3718,1786,537
20181127,서울특별시,11,성동구,11200,세종특별자치시,36,3,72,14,22,21,7,23,8,90,33,9
20181127,서울특별시,11,성동구,11200,울산광역시,31,14,143,50,37,58,14,51,15,195,88,21
20181127,서울특별시,11,성동구,11200,대전광역시,30,33,266,55,92,143,34,82,21,416,190,46
20181127,서울특별시,11,성동구,11200,광주광역시,29,25,214,34,50,80,8,52,16,289,147,28
20181127,서울특별시,11,성동구,11200,인천광역시,28,51,582,67,164,249,51,192,38,748,391,110
20181127,서울특별시,11,성동구,11200,대구광역시,27,24,445,108,128,157,26,128,30,529,287,81
20181127,서울특별시,11,성동구,11200,부산광역시,26,53,673,105,220,259,50,193,73,796,409,117
20181127,서울특별시,11,성동구,11200,서울특별시,11,228,3073,322,955,1150,197,740,164,3272,1830,505
20181127,서울특별시,11,도봉구,11320,강원도,42,18,229,12,118,75,17,200,15,202,139,110
20181127,서울특별시,11,서초구,11650,서울특별시,11,292,2845,461,822,1540,237,1769,637,1467,823,605
20181127,서울특별시,11,서초구,11650,부산광역시,26,56,442,61,158,325,77,330,57,278,228,133
20181127,서울특별시,11,서초구,11650,대구광역시,27,54,337,63,131,236,49,227,46,206,127,98
20181127,서울특별시,11,서초구,11650,인천광역시,28,66,501,69,172,344,65,273,103,268,206,119
20181127,서울특별시,11,서초구,11650,광주광역시,29,14,191,24,56,101,15,91,30,98,57,29
20181127,서울특별시,11,서초구,11650,대전광역시,30,23,650,45,70,154,26,122,60,141,109,59
20181127,서울특별시,11,서초구,11650,울산광역시,31,9,109,14,37,71,21,79,21,81,47,31
20181127,서울특별시,11,서초구,11650,세종특별자치시,36,6,78,15,22,46,7,33,11,31,27,18
20181127,서울특별시,11,서초구,11650,경기도,41,295,2881,429,903,1623,349,1432,711,1907,1053,643
20181127,서울특별시,11,서초구,11650,강원도,42,39,242,50,85,189,34,139,49,143,93,87
20181127,서울특별시,11,서초구,11650,충청북도,43,33,289,56,87,140,46,171,54,119,97,84
20181127,서울특별시,11,서초구,11650,충청남도,44,46,419,47,130,274,56,179,78,166,122,91
20181127,서울특별시,11,서초구,11650,전라북도,45,27,226,66,95,156,37,149,44,124,99,58
20181127,서울특별시,11,서초구,11650,전라남도,46,33,159,45,100,181,35,141,30,106,85,56
20181127,서울특별시,11,서초구,11650,경상북도,47,49,301,42,120,225,58,225,46,168,151,106
20181127,서울특별시,11,서초구,11650,경상남도,48,47,351,68,135,286,81,240,69,215,145,92
20181127,서울특별시,11,서초구,11650,제주특별자치도,50,14,63,24,15,50,10,70,15,43,27,14
20181127,서울특별시,11,강남구,11680,제주특별자치도,50,15,94,3,32,40,12,47,10,194,48,68
20181127,서울특별시,11,강남구,11680,경상남도,48,55,367,45,163,248,56,196,39,691,239,379
20181127,서울특별시,11,강남구,11680,경상북도,47,35,288,39,137,204,44,184,44,543,165,277
20181127,서울특별시,11,강남구,11680,전라남도,46,22,180,14,155,155,21,104,18,373,147,197
20181128,서울특별시,11,노원구,11350,충청남도,44,9,105,4,27,78,8,53,15,264,48,25
20181128,서울특별시,11,서초구,11650,광주광역시,29,10,835,217,56,86,9,63,17,64,43,41
20181128,서울특별시,11,구로구,11530,제주특별자치도,50,9,86,6,31,67,6,25,5,85,25,23
20181128,서울특별시,11,구로구,11530,경상남도,48,31,250,32,158,291,58,169,27,495,104,231
20181128,서울특별시,11,구로구,11530,경상북도,47,28,234,29,125,242,40,129,27,327,77,151
20181128,서울특별시,11,구로구,11530,전라남도,46,27,164,4,87,181,21,96,11,239,77,93
20181128,서울특별시,11,구로구,11530,전라북도,45,23,202,16,82,172,27,87,18,286,67,88
20181128,서울특별시,11,구로구,11530,충청남도,44,42,242,35,130,285,33,122,21,373,105,126
20181128,서울특별시,11,구로구,11530,충청북도,43,23,154,20,95,219,26,103,26,286,62,98
20181128,서울특별시,11,구로구,11530,강원도,42,28,188,13,86,211,27,101,18,240,56,114
20181128,서울특별시,11,구로구,11530,경기도,41,212,1619,204,890,1899,246,845,151,2573,636,877
20181128,서울특별시,11,구로구,11530,세종특별자치시,36,5,42,8,16,60,8,8,5,59,12,15
20181128,서울특별시,11,구로구,11530,울산광역시,31,16,76,5,46,102,16,59,11,167,33,59
20181128,서울특별시,11,구로구,11530,대전광역시,30,18,179,26,99,199,23,94,18,240,53,94
20181128,서울특별시,11,구로구,11530,광주광역시,29,13,111,14,70,112,9,65,5,170,42,66
20181128,서울특별시,11,구로구,11530,인천광역시,28,49,320,31,192,416,39,179,34,493,140,203
20181128,서울특별시,11,구로구,11530,대구광역시,27,29,230,34,138,244,29,119,18,416,100,125
20181128,서울특별시,11,구로구,11530,부산광역시,26,46,387,40,198,377,57,216,28,484,141,228
20181128,서울특별시,11,구로구,11530,서울특별시,11,160,1418,161,734,1930,149,695,118,1919,479,810
20181128,서울특별시,11,서초구,11650,대전광역시,30,25,299,42,106,175,18,87,32,104,93,49
20181128,서울특별시,11,송파구,11710,세종특별자치시,36,0,35,4,18,25,0,27,6,92,18,15
20181128,서울특별시,11,송파구,11710,경기도,41,127,1812,191,810,1664,137,1245,194,4251,891,780
20181128,서울특별시,11,동대문구,11230,제주특별자치도,50,17,92,6,12,58,4,60,12,163,30,21
20181128,서울특별시,11,동대문구,11230,경상남도,48,73,446,35,110,310,49,372,66,995,226,183
20181128,서울특별시,11,동대문구,11230,경상북도,47,61,330,23,98,267,33,323,30,716,182,107
20181128,서울특별시,11,동대문구,11230,전라남도,46,33,260,15,65,190,16,231,16,503,109,92
20181128,서울특별시,11,동대문구,11230,전라북도,45,37,285,25,75,204,18,224,36,569,142,101
20181128,서울특별시,11,동대문구,11230,충청남도,44,78,330,29,86,329,26,303,47,743,174,135
20181128,서울특별시,11,동대문구,11230,충청북도,43,51,265,14,77,221,23,182,30,522,110,88
20181128,서울특별시,11,동대문구,11230,강원도,42,49,231,15,68,205,22,214,22,482,134,91
20181128,서울특별시,11,영등포구,11560,전라남도,46,20,255,31,242,154,14,115,9,100,42,51
20181128,서울특별시,11,영등포구,11560,경상북도,47,18,285,56,358,216,20,176,25,135,83,90
20181128,서울특별시,11,영등포구,11560,경상남도,48,20,359,79,430,313,25,251,19,184,94,117
20181128,서울특별시,11,영등포구,11560,제주특별자치도,50,5,69,17,66,30,4,35,0,27,18,20
20181128,서울특별시,11,관악구,11620,울산광역시,31,11,57,10,37,58,4,14,5,73,19,49
20181128,서울특별시,11,관악구,11620,세종특별자치시,36,5,28,10,12,14,0,0,10,33,9,23
20181128,서울특별시,11,동대문구,11230,경기도,41,472,2314,156,691,1755,212,1881,246,5117,1249,850
20181128,서울특별시,11,동대문구,11230,세종특별자치시,36,11,52,3,15,26,0,35,3,129,20,19
20181128,서울특별시,11,동대문구,11230,울산광역시,31,29,139,13,41,90,19,113,21,323,57,65
20181128,서울특별시,11,동대문구,11230,대전광역시,30,49,258,22,70,189,18,189,26,513,119,99
20181128,서울특별시,11,동대문구,11230,광주광역시,29,23,169,8,44,89,8,137,16,390,91,59
20181128,서울특별시,11,동대문구,11230,인천광역시,28,90,495,23,152,358,30,401,57,1064,230,194
20181128,서울특별시,11,동대문구,11230,대구광역시,27,69,344,22,86,239,31,265,34,839,186,119
20181128,서울특별시,11,동대문구,11230,부산광역시,26,112,454,34,127,335,40,454,48,1083,257,176
20181128,서울특별시,11,동대문구,11230,서울특별시,11,376,1711,137,576,1150,106,1393,176,3937,997,731
20181128,서울특별시,11,용산구,11170,경상남도,48,37,412,16,1746,324,57,113,34,330,118,91
20181128,서울특별시,11,용산구,11170,제주특별자치도,50,8,83,8,269,44,9,19,5,52,26,9
20181128,서울특별시,11,노원구,11350,전라북도,45,13,71,0,22,56,7,26,14,204,22,29
20181128,서울특별시,11,노원구,11350,전라남도,46,13,68,0,25,47,4,24,13,159,24,23
20181128,서울특별시,11,노원구,11350,경상북도,47,9,100,6,26,68,9,58,19,243,50,38
20181128,서울특별시,11,노원구,11350,경상남도,48,14,121,3,25,99,21,63,18,348,71,46
20181128,서울특별시,11,노원구,11350,제주특별자치도,50,0,18,0,5,13,3,4,3,50,5,5
20181128,서울특별시,11,금천구,11545,제주특별자치도,50,22,68,27,61,89,12,32,15,139,73,46
20181128,서울특별시,11,금천구,11545,경상남도,48,158,402,53,463,487,67,178,60,566,330,496
20181128,서울특별시,11,금천구,11545,경상북도,47,78,311,191,331,405,57,132,50,492,249,325
20181128,서울특별시,11,금천구,11545,전라남도,46,81,203,56,293,286,34,94,33,346,172,237
20181128,서울특별시,11,금천구,11545,전라북도,45,85,241,38,257,347,36,110,41,359,187,248
20181128,서울특별시,11,금천구,11545,충청남도,44,149,343,128,377,419,46,149,54,435,296,365
20181128,서울특별시,11,금천구,11545,충청북도,43,82,254,93,251,329,43,115,31,314,183,217
20181128,서울특별시,11,금천구,11545,강원도,42,79,267,71,276,299,39,86,40,365,203,246
20181128,서울특별시,11,금천구,11545,경기도,41,770,2385,312,2296,3186,304,903,332,3041,1748,2321
20181128,서울특별시,11,금천구,11545,세종특별자치시,36,13,49,30,47,73,4,31,12,90,45,49
20181128,서울특별시,11,송파구,11710,강원도,42,6,189,4,74,232,10,130,28,378,63,87
20181128,서울특별시,11,관악구,11620,경기도,41,201,1089,180,632,1165,81,185,177,1588,432,757
20181128,서울특별시,11,관악구,11620,강원도,42,19,108,10,87,97,5,29,17,139,43,72
20181128,서울특별시,11,관악구,11620,충청북도,43,9,131,22,72,125,6,52,11,202,46,78
20181128,서울특별시,11,관악구,11620,충청남도,44,26,172,17,93,157,14,48,35,186,48,91
20181128,서울특별시,11,관악구,11620,전라북도,45,16,116,20,60,142,6,22,29,176,32,73
20181128,서울특별시,11,관악구,11620,전라남도,46,19,103,14,63,97,8,23,17,160,34,75
20181128,서울특별시,11,관악구,11620,경상북도,47,23,169,15,75,125,7,29,27,198,59,120
20181128,서울특별시,11,관악구,11620,경상남도,48,32,209,28,126,185,16,42,57,250,75,136
20181128,서울특별시,11,관악구,11620,제주특별자치도,50,6,28,3,18,22,0,9,5,45,18,10
20181128,서울특별시,11,종로구,11110,제주특별자치도,50,10,19,6,5,12,0,6,29,69,55,4
20181128,서울특별시,11,종로구,11110,경상남도,48,48,173,24,60,135,10,29,43,330,254,27
20181128,서울특별시,11,종로구,11110,경상북도,47,23,120,18,49,86,8,35,31,243,192,13
20181128,서울특별시,11,종로구,11110,전라남도,46,21,91,27,29,57,6,38,19,234,147,16
20181128,서울특별시,11,종로구,11110,전라북도,45,21,89,10,33,66,4,36,41,193,187,25
20181128,서울특별시,11,종로구,11110,충청남도,44,45,125,22,41,106,14,40,22,265,246,27
20181128,서울특별시,11,종로구,11110,충청북도,43,25,104,21,54,64,12,25,22,171,176,22
20181128,서울특별시,11,종로구,11110,강원도,42,20,103,8,30,61,8,31,34,181,162,17
20181128,서울특별시,11,종로구,11110,경기도,41,246,1015,213,307,666,60,329,208,1822,1450,159
20181128,서울특별시,11,종로구,11110,세종특별자치시,36,10,19,11,5,21,0,10,3,49,46,0
20181128,서울특별시,11,종로구,11110,울산광역시,31,14,39,10,24,31,4,3,6,74,89,10
20181128,서울특별시,11,송파구,11710,충청북도,43,14,179,20,84,201,9,119,18,458,70,75
20181128,서울특별시,11,송파구,11710,충청남도,44,19,240,12,116,280,21,148,14,652,92,116
20181128,서울특별시,11,송파구,11710,전라북도,45,3,171,13,68,197,14,108,19,495,71,86
20181128,서울특별시,11,송파구,11710,전라남도,46,3,147,13,85,195,12,126,19,428,79,72
20181128,서울특별시,11,송파구,11710,울산광역시,31,6,73,8,39,85,10,54,10,230,39,44
20181128,서울특별시,11,송파구,11710,대전광역시,30,19,186,11,70,189,9,132,16,449,82,90
20181128,서울특별시,11,송파구,11710,광주광역시,29,4,135,9,48,112,4,69,7,292,63,50
20181128,서울특별시,11,송파구,11710,인천광역시,28,21,376,44,155,340,21,238,37,801,158,212
20181128,서울특별시,11,송파구,11710,대구광역시,27,16,257,27,102,213,10,137,22,627,118,126
20181128,서울특별시,11,송파구,11710,부산광역시,26,26,355,23,178,404,19,250,32,884,178,208
20181128,서울특별시,11,송파구,11710,서울특별시,11,113,1717,183,682,1104,91,1275,129,3336,653,686
20181128,서울특별시,11,성동구,11200,서울특별시,11,117,2879,307,772,1312,270,720,141,2863,1384,448
20181128,서울특별시,11,성동구,11200,부산광역시,26,24,582,90,187,323,65,207,41,695,270,122
20181128,서울특별시,11,성동구,11200,대구광역시,27,22,347,81,104,188,44,122,28,484,204,74
20181128,서울특별시,11,성동구,11200,인천광역시,28,27,520,70,168,288,41,123,44,630,254,103
20181128,서울특별시,11,성동구,11200,광주광역시,29,6,175,47,51,81,15,49,7,234,99,39
20181128,서울특별시,11,금천구,11545,울산광역시,31,42,119,15,142,109,15,53,14,187,100,135
20181128,서울특별시,11,종로구,11110,대전광역시,30,22,71,20,41,68,13,25,17,205,160,22
20181128,서울특별시,11,종로구,11110,광주광역시,29,14,66,13,24,42,3,13,12,104,92,13
20181128,서울특별시,11,종로구,11110,인천광역시,28,45,209,42,56,145,8,36,44,309,284,43
20181128,서울특별시,11,종로구,11110,대구광역시,27,30,115,18,64,85,6,23,25,276,214,33
20181128,서울특별시,11,종로구,11110,부산광역시,26,41,166,43,71,126,8,40,30,427,329,47
20181128,서울특별시,11,종로구,11110,서울특별시,11,196,979,267,305,511,57,286,120,1375,1127,241
20181128,서울특별시,11,중구,11140,서울특별시,11,285,2844,307,351,1949,196,571,163,4538,1186,493
20181128,서울특별시,11,중구,11140,부산광역시,26,93,575,63,77,469,51,162,54,1088,274,220
20181128,서울특별시,11,중구,11140,대구광역시,27,30,398,50,50,353,67,89,22,822,196,141
20181128,서울특별시,11,중구,11140,인천광역시,28,88,421,52,83,506,42,145,41,1024,252,158
20181128,서울특별시,11,중구,11140,광주광역시,29,15,156,18,19,142,22,40,15,399,93,69
20181128,서울특별시,11,중구,11140,대전광역시,30,28,259,36,40,231,18,63,13,545,127,96
20181128,서울특별시,11,중구,11140,울산광역시,31,21,108,9,13,108,19,34,9,300,64,66
20181128,서울특별시,11,중구,11140,세종특별자치시,36,9,59,8,5,54,5,26,9,106,31,16
20181128,서울특별시,11,중구,11140,경기도,41,349,2502,266,344,2381,246,644,193,4803,1171,646
20181128,서울특별시,11,중구,11140,강원도,42,24,265,41,30,204,26,88,20,482,140,61
20181128,서울특별시,11,중구,11140,충청북도,43,53,218,93,39,221,23,74,35,562,139,56
20181128,서울특별시,11,중구,11140,충청남도,44,52,347,54,43,324,42,100,31,662,166,96
20181128,서울특별시,11,중구,11140,전라북도,45,25,264,37,35,219,32,83,21,520,157,99
20181128,서울특별시,11,중구,11140,전라남도,46,26,274,31,33,220,20,97,18,511,120,62
20181128,서울특별시,11,중구,11140,경상북도,47,54,361,43,63,321,35,105,29,674,186,123
20181128,서울특별시,11,중구,11140,경상남도,48,76,464,44,69,390,62,120,25,927,238,177
20181128,서울특별시,11,중구,11140,제주특별자치도,50,13,115,11,7,51,13,25,3,187,44,16
20181128,서울특별시,11,은평구,11380,서울특별시,11,119,748,75,316,712,159,312,87,967,378,613
20181128,서울특별시,11,은평구,11380,부산광역시,26,33,223,31,86,205,42,78,24,266,124,199
20181128,서울특별시,11,은평구,11380,대구광역시,27,27,164,16,40,117,24,34,14,150,62,120
20181128,서울특별시,11,금천구,11545,대전광역시,30,84,254,83,226,340,34,114,34,357,220,272
20181128,서울특별시,11,서초구,11650,울산광역시,31,9,122,26,42,66,12,52,18,43,33,25
20181128,서울특별시,11,서초구,11650,세종특별자치시,36,5,63,7,23,53,5,19,12,18,19,13
20181128,서울특별시,11,서초구,11650,경기도,41,268,3383,467,913,1691,218,1194,301,1448,925,582
20181128,서울특별시,11,서초구,11650,강원도,42,21,273,37,69,172,23,123,25,106,93,53
20181128,서울특별시,11,서초구,11650,충청북도,43,36,247,33,89,177,20,113,25,109,76,65
20181128,서울특별시,11,서초구,11650,충청남도,44,31,334,40,122,235,33,163,52,115,146,90
20181128,서울특별시,11,중랑구,11260,울산광역시,31,17,106,15,62,136,18,48,62,302,98,53
20181128,서울특별시,11,중랑구,11260,대전광역시,30,47,163,20,144,211,19,68,95,490,123,112
20181128,서울특별시,11,중랑구,11260,광주광역시,29,20,130,10,72,167,18,48,50,372,119,83
20181128,서울특별시,11,중랑구,11260,인천광역시,28,83,369,33,237,435,60,188,140,1066,310,213
20181128,서울특별시,11,중랑구,11260,대구광역시,27,49,241,34,149,305,34,104,128,678,237,166
20181128,서울특별시,11,중랑구,11260,부산광역시,26,63,360,57,240,427,61,195,183,1071,364,226
20181128,서울특별시,11,중랑구,11260,서울특별시,11,276,1377,201,900,1363,191,606,553,3375,1074,856
20181128,서울특별시,11,서초구,11650,전라북도,45,15,269,61,71,167,15,98,19,85,71,51
20181128,서울특별시,11,서초구,11650,전라남도,46,10,405,85,53,154,12,112,28,78,73,47
20181128,서울특별시,11,서초구,11650,경상북도,47,34,329,54,103,276,29,158,41,100,109,93
20181128,서울특별시,11,은평구,11380,인천광역시,28,28,223,17,73,232,29,61,22,271,102,157
20181128,서울특별시,11,은평구,11380,광주광역시,29,9,71,10,17,68,12,24,3,104,26,61
20181128,서울특별시,11,은평구,11380,대전광역시,30,13,111,11,36,92,22,31,11,131,48,74
20181128,서울특별시,11,은평구,11380,울산광역시,31,8,60,9,25,57,19,13,6,62,25,60
20181128,서울특별시,11,은평구,11380,세종특별자치시,36,3,22,8,8,16,4,8,0,19,13,19
20181128,서울특별시,11,은평구,11380,경기도,41,156,1089,122,378,907,184,328,127,1577,509,742
20181128,서울특별시,11,은평구,11380,강원도,42,18,111,16,22,106,27,37,11,121,60,61
20181128,서울특별시,11,은평구,11380,충청북도,43,23,131,18,36,96,20,18,4,143,44,72
20181128,서울특별시,11,은평구,11380,충청남도,44,18,198,11,44,142,29,29,11,222,80,106
20181128,서울특별시,11,은평구,11380,전라북도,45,24,115,17,28,91,28,31,8,147,62,80
20181128,서울특별시,11,은평구,11380,전라남도,46,12,135,20,31,88,20,46,12,148,55,84
20181128,서울특별시,11,은평구,11380,경상북도,47,22,156,23,36,120,36,34,11,178,75,125
20181128,서울특별시,11,은평구,11380,경상남도,48,22,207,31,63,145,56,46,22,245,86,157
20181128,서울특별시,11,은평구,11380,제주특별자치도,50,22,26,0,6,30,8,9,0,35,15,22
20181128,서울특별시,11,양천구,11470,서울특별시,11,511,831,102,699,1214,158,428,134,798,363,999
20181128,서울특별시,11,양천구,11470,부산광역시,26,64,179,26,125,296,53,111,44,189,104,115
20181128,서울특별시,11,서초구,11650,경상남도,48,51,370,50,150,276,31,153,40,167,151,99
20181128,서울특별시,11,서초구,11650,제주특별자치도,50,9,92,14,16,40,3,50,10,25,35,26
20181128,서울특별시,11,광진구,11215,광주광역시,29,8,63,10,54,39,26,31,17,119,59,34
20181128,서울특별시,11,광진구,11215,대전광역시,30,21,107,15,122,90,34,38,25,176,107,49
20181128,서울특별시,11,광진구,11215,울산광역시,31,7,63,6,41,57,19,27,15,100,61,22
20181128,서울특별시,11,광진구,11215,세종특별자치시,36,3,20,3,21,26,6,10,0,34,26,10
20181128,서울특별시,11,광진구,11215,경기도,41,186,1033,116,953,928,326,352,196,1809,925,574
20181128,서울특별시,11,광진구,11215,강원도,42,23,97,10,88,83,55,34,19,155,104,55
20181128,서울특별시,11,강북구,11305,서울특별시,11,57,800,57,178,262,26,118,199,1986,443,216
20181128,서울특별시,11,강북구,11305,부산광역시,26,19,197,13,44,77,14,48,84,569,128,45
20181128,서울특별시,11,강북구,11305,대구광역시,27,14,147,11,21,45,0,21,39,404,86,39
20181128,서울특별시,11,강북구,11305,인천광역시,28,20,230,13,44,80,6,30,80,634,109,61
20181128,서울특별시,11,강북구,11305,광주광역시,29,5,60,6,13,17,0,10,23,205,43,14
20181128,서울특별시,11,강북구,11305,대전광역시,30,12,109,12,18,37,3,17,40,259,69,29
20181128,서울특별시,11,강북구,11305,울산광역시,31,5,64,6,17,13,0,9,28,177,25,11
20181128,서울특별시,11,강북구,11305,세종특별자치시,36,3,22,0,4,10,4,0,11,65,20,0
20181128,서울특별시,11,강북구,11305,경기도,41,94,1102,52,205,395,57,153,354,2878,554,262
20181128,서울특별시,11,강북구,11305,강원도,42,6,118,8,28,37,6,14,34,295,49,21
20181128,서울특별시,11,강북구,11305,충청북도,43,12,127,6,29,42,7,12,50,320,61,17
20181128,서울특별시,11,강북구,11305,충청남도,44,11,152,6,19,47,9,24,56,452,70,45
20181128,서울특별시,11,강북구,11305,전라북도,45,7,117,7,16,26,5,16,44,307,57,29
20181128,서울특별시,11,강북구,11305,전라남도,46,5,103,8,18,39,8,24,35,296,55,20
20181128,서울특별시,11,강북구,11305,경상북도,47,12,153,10,19,53,6,20,55,383,80,35
20181128,서울특별시,11,강북구,11305,경상남도,48,13,190,9,38,63,10,40,80,555,115,51
20181128,서울특별시,11,강북구,11305,제주특별자치도,50,0,23,0,4,14,0,3,6,76,20,6
20181128,서울특별시,11,금천구,11545,광주광역시,29,47,167,46,181,150,24,53,20,293,125,165
20181128,서울특별시,11,금천구,11545,인천광역시,28,159,530,70,462,735,64,220,67,574,371,478
20181128,서울특별시,11,금천구,11545,대구광역시,27,98,358,89,246,425,45,125,47,516,272,368
20181128,서울특별시,11,금천구,11545,부산광역시,26,129,488,131,476,677,84,198,72,631,352,624
20181128,서울특별시,11,서대문구,11410,제주특별자치도,50,3,23,4,5,34,3,9,0,56,5,15
20181128,서울특별시,11,강동구,11740,제주특별자치도,50,9,22,8,5,59,6,19,4,43,17,34
20181128,서울특별시,11,강동구,11740,경상남도,48,67,190,62,68,268,23,144,17,260,80,171
20181128,서울특별시,11,강동구,11740,경상북도,47,73,125,55,58,262,16,121,25,217,56,111
20181128,서울특별시,11,강동구,11740,전라남도,46,43,94,25,27,183,13,87,11,143,41,70
20181128,서울특별시,11,강동구,11740,전라북도,45,44,61,29,30,195,13,90,13,152,54,70
20181128,서울특별시,11,강동구,11740,충청남도,44,86,103,63,49,292,16,149,19,219,57,98
20181128,서울특별시,11,강동구,11740,충청북도,43,58,94,42,46,179,13,84,14,158,49,77
20181128,서울특별시,11,강동구,11740,강원도,42,48,78,42,44,174,12,74,11,133,46,72
20181128,서울특별시,11,강동구,11740,경기도,41,500,915,452,372,1641,146,931,134,1605,465,748
20181128,서울특별시,11,강동구,11740,세종특별자치시,36,18,18,9,0,38,5,19,5,26,8,12
20181128,서울특별시,11,강동구,11740,울산광역시,31,17,61,33,20,91,12,43,5,84,22,56
20181128,서울특별시,11,강동구,11740,대전광역시,30,58,109,48,21,167,11,103,11,143,51,89
20181128,서울특별시,11,강동구,11740,광주광역시,29,19,75,21,17,93,5,54,8,113,38,35
20181128,서울특별시,11,강동구,11740,인천광역시,28,119,178,158,78,421,24,170,20,293,91,194
20181128,서울특별시,11,강동구,11740,대구광역시,27,63,123,54,40,259,19,140,24,200,62,106
20181128,서울특별시,11,강동구,11740,부산광역시,26,96,206,81,69,394,18,216,28,312,124,201
20181128,서울특별시,11,강동구,11740,서울특별시,11,431,849,428,323,1274,97,876,106,1246,452,615
20181128,서울특별시,11,서대문구,11410,경상남도,48,9,91,8,32,286,10,114,8,301,50,93
20181128,서울특별시,11,광진구,11215,인천광역시,28,46,251,16,209,188,80,64,41,359,182,86
20181128,서울특별시,11,광진구,11215,대구광역시,27,22,157,16,125,156,70,53,25,254,134,80
20181128,서울특별시,11,광진구,11215,부산광역시,26,49,219,32,196,180,91,105,46,364,212,120
20181128,서울특별시,11,광진구,11215,서울특별시,11,134,965,110,779,730,241,338,166,1508,747,581
20181128,서울특별시,11,서대문구,11410,경상북도,47,10,67,12,25,216,5,82,12,200,46,63
20181128,서울특별시,11,서대문구,11410,전라남도,46,8,35,7,15,189,7,49,13,157,25,41
20181128,서울특별시,11,서대문구,11410,전라북도,45,9,41,9,20,190,4,71,13,157,32,67
20181128,서울특별시,11,서대문구,11410,충청남도,44,7,73,13,20,282,12,80,19,204,44,82
20181128,서울특별시,11,서대문구,11410,충청북도,43,7,55,13,25,206,8,70,12,150,27,48
20181128,서울특별시,11,서대문구,11410,강원도,42,8,68,12,14,177,6,43,4,133,33,41
20181128,서울특별시,11,서대문구,11410,경기도,41,62,574,99,143,1581,65,487,74,1674,429,496
20181128,서울특별시,11,성동구,11200,대전광역시,30,12,222,38,65,143,17,79,14,317,138,48
20181128,서울특별시,11,성동구,11200,울산광역시,31,6,129,32,26,58,20,31,19,169,69,24
20181128,서울특별시,11,성동구,11200,세종특별자치시,36,0,55,11,17,43,7,25,5,66,20,11
20181128,서울특별시,11,성동구,11200,경기도,41,124,2676,436,798,1355,258,768,214,3180,1244,546
20181128,서울특별시,11,성동구,11200,강원도,42,14,244,69,83,158,16,75,22,294,120,28
20181128,서울특별시,11,양천구,11470,대구광역시,27,46,88,12,91,227,27,103,26,158,59,81
20181128,서울특별시,11,양천구,11470,인천광역시,28,66,158,13,154,318,42,140,44,168,68,134
20181128,서울특별시,11,양천구,11470,광주광역시,29,20,53,8,32,101,11,31,16,93,36,49
20181128,서울특별시,11,양천구,11470,대전광역시,30,36,116,9,75,179,14,54,22,80,46,65
20181128,서울특별시,11,양천구,11470,울산광역시,31,31,36,9,37,101,16,21,5,42,19,33
20181128,서울특별시,11,양천구,11470,세종특별자치시,36,13,10,0,9,38,7,17,6,22,7,12
20181128,서울특별시,11,양천구,11470,경기도,41,355,881,90,680,1705,233,577,191,1156,465,609
20181128,서울특별시,11,양천구,11470,강원도,42,53,99,24,81,186,20,55,22,71,33,68
20181128,서울특별시,11,양천구,11470,충청북도,43,25,92,24,88,170,21,35,15,117,46,53
20181128,서울특별시,11,양천구,11470,충청남도,44,44,138,15,101,278,27,95,26,129,52,94
20181128,서울특별시,11,양천구,11470,전라북도,45,29,99,16,78,126,26,62,25,101,44,69
20181128,서울특별시,11,성동구,11200,충청북도,43,12,232,31,71,104,48,75,14,349,91,53
20181128,서울특별시,11,성동구,11200,충청남도,44,21,317,73,82,193,31,112,20,432,161,69
20181128,서울특별시,11,성동구,11200,전라북도,45,25,196,48,70,148,16,78,21,319,129,53
20181128,서울특별시,11,성동구,11200,전라남도,46,15,185,44,78,98,22,85,15,320,96,45
20181128,서울특별시,11,양천구,11470,전라남도,46,30,75,16,53,127,26,51,17,83,28,79
20181128,서울특별시,11,양천구,11470,경상북도,47,46,131,10,95,241,37,102,26,114,74,90
20181128,서울특별시,11,양천구,11470,경상남도,48,56,125,10,108,321,53,117,36,188,90,105
20181128,서울특별시,11,양천구,11470,제주특별자치도,50,13,24,8,8,40,0,6,0,16,4,23
20181128,서울특별시,11,강서구,11500,서울특별시,11,200,1663,581,1040,1809,260,1668,276,2701,1139,982
20181128,서울특별시,11,강서구,11500,부산광역시,26,45,451,76,206,443,68,431,77,860,356,272
20181128,서울특별시,11,강서구,11500,대구광역시,27,28,248,59,159,325,45,223,43,568,207,256
20181128,서울특별시,11,강서구,11500,인천광역시,28,38,407,85,192,444,72,498,83,709,337,293
20181128,서울특별시,11,강서구,11500,광주광역시,29,12,110,23,89,140,15,113,23,316,123,71
20181128,서울특별시,11,강서구,11500,대전광역시,30,14,177,33,97,275,30,192,26,434,171,108
20181128,서울특별시,11,강서구,11500,울산광역시,31,22,77,23,66,118,14,92,15,223,87,75
20181128,서울특별시,11,강서구,11500,세종특별자치시,36,8,38,10,20,56,9,41,8,90,35,33
20181128,서울특별시,11,강서구,11500,경기도,41,241,1904,421,1207,2190,301,1869,321,3868,1485,1241
20181128,서울특별시,11,강서구,11500,강원도,42,23,139,45,84,205,29,171,28,391,135,142
20181128,서울특별시,11,강서구,11500,충청북도,43,23,203,44,119,226,29,205,37,434,165,138
20181128,서울특별시,11,강서구,11500,충청남도,44,29,226,49,141,340,46,273,42,530,210,196
20181128,서울특별시,11,강서구,11500,전라북도,45,18,166,31,85,248,36,184,39,461,139,144
20181128,서울특별시,11,강서구,11500,제주특별자치도,50,7,57,10,35,71,4,37,4,116,41,29
20181128,서울특별시,11,강서구,11500,경상남도,48,36,317,56,178,369,55,351,60,859,262,234
20181128,서울특별시,11,강서구,11500,경상북도,47,33,225,47,142,298,41,241,42,562,233,199
20181128,서울특별시,11,강서구,11500,전라남도,46,20,158,60,122,229,14,192,32,397,138,152
20181128,서울특별시,11,성동구,11200,경상북도,47,15,276,73,70,208,37,149,32,396,145,75
20181128,서울특별시,11,성동구,11200,경상남도,48,37,376,108,119,211,61,156,34,539,192,91
20181128,서울특별시,11,성동구,11200,제주특별자치도,50,0,100,15,19,98,11,21,5,84,40,12
20181128,서울특별시,11,성북구,11290,제주특별자치도,50,7,100,79,56,66,18,50,38,646,212,61
20181128,서울특별시,11,성북구,11290,경상남도,48,70,633,204,289,575,152,288,183,3357,1452,429
20181128,서울특별시,11,성북구,11290,경상북도,47,57,507,237,222,490,108,207,159,2392,1060,312
20181128,서울특별시,11,성북구,11290,전라남도,46,41,358,120,167,341,66,162,117,1666,773,196
20181128,서울특별시,11,성북구,11290,전라북도,45,35,368,135,182,308,70,179,81,1978,794,210
20181128,서울특별시,11,서대문구,11410,세종특별자치시,36,3,14,0,4,40,3,12,0,42,10,13
20181128,서울특별시,11,서대문구,11410,울산광역시,31,4,23,0,13,86,4,30,0,90,10,32
20181128,서울특별시,11,서대문구,11410,대전광역시,30,11,56,15,24,161,5,65,12,184,24,43
20181128,서울특별시,11,서대문구,11410,광주광역시,29,8,29,7,11,111,4,35,6,110,29,39
20181128,서울특별시,11,서대문구,11410,인천광역시,28,11,112,44,22,365,8,123,16,294,68,107
20181128,서울특별시,11,서대문구,11410,대구광역시,27,20,88,7,22,214,3,91,11,262,37,77
20181128,서울특별시,11,서대문구,11410,부산광역시,26,10,111,16,41,340,15,103,13,393,51,108
20181128,서울특별시,11,서대문구,11410,서울특별시,11,53,560,111,168,1186,40,523,65,1573,258,380
20181128,서울특별시,11,금천구,11545,서울특별시,11,641,2203,378,1961,2800,271,916,250,2597,1559,1935
20181128,서울특별시,11,중랑구,11260,강원도,42,44,157,23,110,237,22,61,66,496,157,96
20181128,서울특별시,11,광진구,11215,충청북도,43,25,103,14,110,90,34,46,21,185,89,40
20181128,서울특별시,11,광진구,11215,충청남도,44,26,180,10,135,157,48,58,41,257,133,55
20181128,서울특별시,11,광진구,11215,전라북도,45,25,90,4,88,89,30,45,10,192,92,45
20181128,서울특별시,11,광진구,11215,전라남도,46,15,113,6,105,117,32,44,17,160,104,57
20181128,서울특별시,11,광진구,11215,경상북도,47,20,166,10,110,115,150,58,31,224,111,73
20181128,서울특별시,11,성북구,11290,충청남도,44,46,461,312,258,525,128,196,140,2425,1088,292
20181128,서울특별시,11,성북구,11290,충청북도,43,31,348,93,174,274,85,148,98,1710,771,207
20181128,서울특별시,11,성북구,11290,강원도,42,32,366,94,144,265,66,144,93,1629,704,190
20181128,서울특별시,11,성북구,11290,경기도,41,405,3337,1171,1728,2691,707,1450,816,15669,7087,1915
20181128,서울특별시,11,성북구,11290,세종특별자치시,36,6,87,18,39,70,9,34,23,379,183,53
20181128,서울특별시,11,성북구,11290,울산광역시,31,28,215,35,80,147,35,91,63,1018,445,137
20181128,서울특별시,11,성북구,11290,대전광역시,30,41,364,74,179,278,71,151,86,1670,822,246
20181128,서울특별시,11,성북구,11290,광주광역시,29,19,239,39,117,175,46,87,45,1211,537,159
20181128,서울특별시,11,성북구,11290,인천광역시,28,93,723,126,349,855,134,347,197,3461,1501,418
20181128,서울특별시,11,성북구,11290,대구광역시,27,55,477,136,227,384,108,235,150,2525,1115,361
20181128,서울특별시,11,성북구,11290,부산광역시,26,63,665,130,315,548,157,372,163,3631,1619,515
20181128,서울특별시,11,성북구,11290,서울특별시,11,297,2962,1344,1398,2041,477,1371,577,12032,5517,1687
20181128,서울특별시,11,관악구,11620,서울특별시,11,156,842,251,567,851,48,172,134,1109,381,596
20181128,서울특별시,11,관악구,11620,부산광역시,26,35,212,44,127,231,12,47,43,316,88,180
20181128,서울특별시,11,관악구,11620,대구광역시,27,47,142,37,93,147,8,28,21,195,54,126
20181128,서울특별시,11,관악구,11620,인천광역시,28,54,200,32,134,234,9,41,38,258,85,151
20181128,서울특별시,11,관악구,11620,광주광역시,29,12,89,14,36,64,0,19,10,107,36,36
20181128,서울특별시,11,관악구,11620,대전광역시,30,32,110,24,67,83,6,18,28,134,41,69
20181128,서울특별시,11,도봉구,11320,제주특별자치도,50,6,65,5,26,21,9,49,6,67,21,28
20181128,서울특별시,11,도봉구,11320,경상남도,48,25,374,17,201,115,35,242,53,408,190,221
20181128,서울특별시,11,도봉구,11320,경상북도,47,15,320,13,177,107,20,237,37,310,166,205
20181128,서울특별시,11,도봉구,11320,전라남도,46,8,195,7,113,59,12,146,22,188,109,113
20181128,서울특별시,11,도봉구,11320,전라북도,45,18,233,11,138,79,14,166,28,228,91,131
20181128,서울특별시,11,광진구,11215,경상남도,48,26,150,17,162,153,89,70,45,323,153,89
20181128,서울특별시,11,광진구,11215,제주특별자치도,50,8,27,3,17,17,5,17,3,54,33,27
20181128,서울특별시,11,노원구,11350,대전광역시,30,7,97,3,20,45,5,42,14,205,32,22
20181128,서울특별시,11,노원구,11350,광주광역시,29,4,47,7,9,39,6,20,8,140,25,11
20181128,서울특별시,11,노원구,11350,인천광역시,28,25,177,11,37,113,16,75,25,384,90,66
20181128,서울특별시,11,노원구,11350,대구광역시,27,29,107,9,28,63,14,47,9,283,58,39
20181128,서울특별시,11,중랑구,11260,경기도,41,344,1654,242,1022,2018,261,761,748,4993,1480,1010
20181128,서울특별시,11,중랑구,11260,세종특별자치시,36,11,28,13,18,53,5,13,18,103,47,20
20181128,서울특별시,11,용산구,11170,서울특별시,11,163,2305,144,9869,1504,231,623,194,1729,778,383
20181128,서울특별시,11,용산구,11170,부산광역시,26,40,552,24,2173,361,59,149,44,421,159,117
20181128,서울특별시,11,용산구,11170,대구광역시,27,40,337,24,1394,255,46,101,36,284,116,66
20181128,서울특별시,11,용산구,11170,인천광역시,28,48,492,28,2140,411,62,155,56,341,140,80
20181128,서울특별시,11,노원구,11350,부산광역시,26,19,138,8,36,117,18,65,47,389,80,63
20181128,서울특별시,11,마포구,11440,서울특별시,11,174,2125,478,1029,2047,95,794,208,2340,1656,357
20181128,서울특별시,11,마포구,11440,부산광역시,26,35,458,77,201,410,19,203,40,512,422,85
20181128,서울특별시,11,마포구,11440,대구광역시,27,37,329,66,142,316,19,113,45,342,316,62
20181128,서울특별시,11,마포구,11440,인천광역시,28,39,463,99,187,433,28,191,35,500,388,104
20181128,서울특별시,11,마포구,11440,광주광역시,29,8,214,29,72,112,10,55,14,177,162,41
20181128,서울특별시,11,마포구,11440,대전광역시,30,19,245,56,116,292,7,76,22,269,207,39
20181128,서울특별시,11,마포구,11440,울산광역시,31,11,143,23,55,104,11,39,7,123,98,17
20181128,서울특별시,11,마포구,11440,세종특별자치시,36,6,37,14,19,67,0,17,8,47,36,6
20181128,서울특별시,11,마포구,11440,경기도,41,223,2251,452,1054,2212,117,877,191,2568,1988,415
20181128,서울특별시,11,마포구,11440,강원도,42,17,258,60,85,187,7,83,24,242,196,38
20181128,서울특별시,11,마포구,11440,충청북도,43,25,225,51,108,208,10,82,26,277,229,41
20181128,서울특별시,11,마포구,11440,충청남도,44,33,320,91,118,306,18,108,42,361,329,57
20181128,서울특별시,11,마포구,11440,전라북도,45,22,251,48,99,186,15,70,16,264,201,44
20181128,서울특별시,11,마포구,11440,전라남도,46,15,219,49,77,185,8,98,17,252,189,35
20181128,서울특별시,11,마포구,11440,경상북도,47,23,292,77,128,264,8,123,46,348,271,53
20181128,서울특별시,11,마포구,11440,경상남도,48,55,425,91,136,330,26,170,33,435,312,59
20181128,서울특별시,11,마포구,11440,제주특별자치도,50,5,84,21,31,54,0,23,4,92,82,9
20181128,서울특별시,11,노원구,11350,서울특별시,11,76,738,62,312,452,65,299,117,1642,310,203
20181128,서울특별시,11,중랑구,11260,충청북도,43,29,159,23,98,235,23,79,72,540,167,106
20181128,서울특별시,11,중랑구,11260,충청남도,44,69,246,31,161,344,36,97,134,755,242,149
20181128,서울특별시,11,중랑구,11260,전라북도,45,29,200,22,110,232,34,78,88,583,197,113
20181128,서울특별시,11,중랑구,11260,전라남도,46,36,165,27,96,214,20,105,81,571,164,95
20181128,서울특별시,11,중랑구,11260,경상북도,47,41,248,32,158,330,55,110,133,715,223,163
20181128,서울특별시,11,중랑구,11260,경상남도,48,66,324,43,178,385,58,142,147,1087,327,194
20181128,서울특별시,11,중랑구,11260,제주특별자치도,50,10,47,5,23,41,11,20,15,143,16,22
20181128,서울특별시,11,서초구,11650,서울특별시,11,217,4251,517,844,1581,178,1388,219,1201,762,595
20181128,서울특별시,11,서초구,11650,부산광역시,26,57,574,64,142,314,42,240,52,203,160,128
20181128,서울특별시,11,서초구,11650,대구광역시,27,29,374,67,132,244,25,167,34,151,97,113
20181128,서울특별시,11,서초구,11650,인천광역시,28,60,610,56,171,386,35,222,62,212,154,135
20181128,서울특별시,11,용산구,11170,광주광역시,29,14,170,9,523,129,24,48,12,134,52,22
20181128,서울특별시,11,용산구,11170,대전광역시,30,31,311,12,1121,195,36,123,23,200,65,29
20181128,서울특별시,11,용산구,11170,울산광역시,31,11,123,5,548,101,18,36,11,88,60,15
20181128,서울특별시,11,용산구,11170,세종특별자치시,36,10,41,3,270,52,6,18,5,51,22,11
20181128,서울특별시,11,용산구,11170,경기도,41,210,2381,169,9743,1665,304,698,294,2100,790,399
20181128,서울특별시,11,도봉구,11320,충청남도,44,17,300,15,193,95,25,238,44,300,164,176
20181128,서울특별시,11,도봉구,11320,충청북도,43,9,232,13,139,86,8,153,25,218,110,121
20181128,서울특별시,11,도봉구,11320,강원도,42,9,209,8,113,75,16,207,24,209,81,114
20181128,서울특별시,11,도봉구,11320,경기도,41,139,2319,96,1285,770,154,1468,238,2160,966,1202
20181128,서울특별시,11,도봉구,11320,세종특별자치시,36,5,46,3,34,19,4,19,7,39,20,27
20181128,서울특별시,11,도봉구,11320,울산광역시,31,10,119,5,81,54,7,87,13,123,64,82
20181128,서울특별시,11,도봉구,11320,대전광역시,30,10,237,8,161,97,18,162,33,202,93,118
20181128,서울특별시,11,도봉구,11320,광주광역시,29,9,189,6,78,38,12,79,9,135,82,64
20181128,서울특별시,11,도봉구,11320,인천광역시,28,24,529,11,230,141,32,328,54,437,209,262
20181128,서울특별시,11,도봉구,11320,대구광역시,27,16,344,20,169,124,18,260,26,288,157,174
20181128,서울특별시,11,도봉구,11320,부산광역시,26,30,451,19,245,165,40,380,52,438,254,237
20181128,서울특별시,11,도봉구,11320,서울특별시,11,102,2379,77,1118,614,123,1249,160,1366,808,881
20181128,서울특별시,11,송파구,11710,경상북도,47,20,232,14,102,329,17,144,19,567,122,123
20181128,서울특별시,11,송파구,11710,경상남도,48,29,264,24,133,358,14,182,24,781,133,153
20181128,서울특별시,11,송파구,11710,제주특별자치도,50,4,45,3,30,79,6,14,4,130,24,23
20181128,서울특별시,11,영등포구,11560,서울특별시,11,200,1892,865,2174,1049,108,927,98,1031,544,490
20181128,서울특별시,11,영등포구,11560,부산광역시,26,14,486,91,518,292,21,267,21,232,193,134
20181128,서울특별시,11,강남구,11680,제주특별자치도,50,12,129,11,32,51,5,55,17,122,42,83
20181128,서울특별시,11,강남구,11680,경상남도,48,41,378,37,189,293,31,231,42,599,192,376
20181128,서울특별시,11,강남구,11680,경상북도,47,31,300,48,135,251,33,172,31,432,141,292
20181128,서울특별시,11,강남구,11680,전라남도,46,10,170,19,101,128,23,146,25,264,105,196
20181128,서울특별시,11,강남구,11680,전라북도,45,19,216,21,138,144,25,111,31,338,123,226
20181128,서울특별시,11,강남구,11680,충청남도,44,31,257,33,258,207,40,185,57,430,151,257
20181128,서울특별시,11,강남구,11680,충청북도,43,26,215,37,179,164,23,149,36,330,102,196
20181128,서울특별시,11,영등포구,11560,대구광역시,27,23,335,72,367,197,16,197,16,133,94,71
20181128,서울특별시,11,영등포구,11560,인천광역시,28,21,393,113,565,240,26,209,31,222,118,142
20181128,서울특별시,11,영등포구,11560,광주광역시,29,3,238,34,149,80,7,76,8,82,52,32
20181128,서울특별시,11,영등포구,11560,대전광역시,30,12,224,67,262,118,4,141,9,102,61,48
20181128,서울특별시,11,영등포구,11560,울산광역시,31,18,126,27,156,88,7,59,5,70,43,39
20181128,서울특별시,11,영등포구,11560,세종특별자치시,36,0,46,15,47,33,0,26,0,26,19,17
20181128,서울특별시,11,영등포구,11560,경기도,41,101,2167,611,2430,1335,135,1029,142,1359,665,565
20181128,서울특별시,11,영등포구,11560,강원도,42,5,192,45,272,181,11,135,5,93,57,61
20181128,서울특별시,11,영등포구,11560,충청북도,43,7,187,55,286,137,7,107,16,127,49,69
20181128,서울특별시,11,영등포구,11560,충청남도,44,17,321,51,388,174,14,191,26,161,68,86
20181128,서울특별시,11,영등포구,11560,전라북도,45,11,207,42,256,135,6,128,15,121,55,54
20181128,서울특별시,11,강남구,11680,강원도,42,21,218,33,100,209,38,139,26,314,108,228
20181128,서울특별시,11,강남구,11680,경기도,41,258,2877,276,1316,1813,286,1421,413,4158,1295,2112
20181128,서울특별시,11,강남구,11680,세종특별자치시,36,5,51,7,20,60,5,42,12,77,30,43
20181128,서울특별시,11,강남구,11680,울산광역시,31,16,123,11,86,102,15,66,16,199,72,194
20181128,서울특별시,11,강남구,11680,대전광역시,30,21,264,29,125,190,28,138,45,390,114,238
20181128,서울특별시,11,강남구,11680,광주광역시,29,14,163,9,70,110,13,70,26,263,82,164
20181128,서울특별시,11,강남구,11680,인천광역시,28,47,498,40,294,410,67,297,66,700,238,467
20181128,서울특별시,11,강남구,11680,대구광역시,27,31,368,37,179,257,26,184,34,601,185,339
20181128,서울특별시,11,강남구,11680,부산광역시,26,57,600,75,261,398,39,331,83,852,305,536
20181128,서울특별시,11,강남구,11680,서울특별시,11,232,3047,392,1188,1615,218,1412,290,4123,1188,2119
20181128,서울특별시,11,동작구,11590,제주특별자치도,50,0,18,11,10,20,4,0,0,32,19,18
20181128,서울특별시,11,동작구,11590,경상남도,48,51,121,50,60,101,32,33,25,192,105,112
20181128,서울특별시,11,동작구,11590,경상북도,47,41,132,51,53,76,26,15,20,149,105,104
20181128,서울특별시,11,동작구,11590,전라남도,46,32,65,25,41,56,15,22,17,103,51,48
20181128,서울특별시,11,동작구,11590,전라북도,45,32,78,49,40,58,17,12,15,117,59,81
20181128,서울특별시,11,동작구,11590,충청남도,44,39,88,53,57,78,24,31,14,126,91,95
20181128,서울특별시,11,동작구,11590,충청북도,43,26,70,45,53,63,14,15,14,99,54,72
20181128,서울특별시,11,동작구,11590,강원도,42,37,63,27,54,41,13,17,10,88,54,60
20181128,서울특별시,11,동작구,11590,경기도,41,256,724,264,445,650,166,149,111,1291,701,689
20181128,서울특별시,11,동작구,11590,세종특별자치시,36,9,11,10,8,8,6,0,3,29,21,22
20181128,서울특별시,11,동작구,11590,울산광역시,31,14,38,23,26,28,11,7,0,49,48,41
20181128,서울특별시,11,동작구,11590,대전광역시,30,33,81,30,64,50,14,15,7,100,78,71
20181128,서울특별시,11,동작구,11590,광주광역시,29,18,42,32,23,40,9,14,9,76,52,56
20181128,서울특별시,11,동작구,11590,인천광역시,28,59,169,59,77,136,26,24,23,229,135,177
20181128,서울특별시,11,동작구,11590,대구광역시,27,38,111,41,58,76,25,17,10,156,97,120
20181128,서울특별시,11,동작구,11590,부산광역시,26,68,131,68,97,110,38,32,14,207,158,192
20181128,서울특별시,11,동작구,11590,서울특별시,11,172,625,303,410,477,143,136,63,1033,505,666
20181128,서울특별시,11,용산구,11170,강원도,42,20,200,11,903,173,32,55,19,179,60,40
20181128,서울특별시,11,용산구,11170,충청북도,43,27,263,12,998,155,35,68,27,182,67,35
20181128,서울특별시,11,용산구,11170,충청남도,44,26,335,20,1560,246,36,101,49,225,114,55
20181128,서울특별시,11,용산구,11170,전라북도,45,18,263,6,1052,177,24,73,22,184,75,42
20181128,서울특별시,11,용산구,11170,전라남도,46,14,207,10,857,163,22,74,20,173,54,30
20181128,서울특별시,11,용산구,11170,경상북도,47,31,313,19,1372,232,48,97,28,259,107,48
20181128,서울특별시,11,노원구,11350,울산광역시,31,0,44,0,9,18,4,16,4,116,20,11
20181128,서울특별시,11,노원구,11350,세종특별자치시,36,3,9,0,0,7,0,9,0,48,10,5
20181128,서울특별시,11,노원구,11350,경기도,41,123,752,53,353,565,100,295,134,2031,416,281
20181128,서울특별시,11,노원구,11350,강원도,42,8,64,3,10,48,8,27,9,159,35,22
20181128,서울특별시,11,노원구,11350,충청북도,43,7,90,8,21,59,9,38,17,181,36,28
20181129,서울특별시,11,동작구,11590,광주광역시,29,12,57,22,21,32,8,6,14,65,31,49
20181129,서울특별시,11,동작구,11590,대구광역시,27,48,128,33,46,99,34,25,19,165,63,97
20181129,서울특별시,11,동작구,11590,부산광역시,26,46,156,51,88,134,34,29,17,211,100,130
20181129,서울특별시,11,동작구,11590,서울특별시,11,164,554,266,372,446,141,158,48,948,407,586
20181129,서울특별시,11,강남구,11680,제주특별자치도,50,12,105,6,15,70,8,34,7,143,49,40
20181129,서울특별시,11,강남구,11680,경상남도,48,38,356,20,143,291,34,216,31,611,243,263
20181129,서울특별시,11,강남구,11680,경상북도,47,11,298,15,84,254,40,176,26,446,163,194
20181129,서울특별시,11,강남구,11680,전라남도,46,13,208,14,57,147,19,114,14,232,129,175
20181129,서울특별시,11,강남구,11680,전라북도,45,14,200,18,90,181,16,92,25,334,142,148
20181129,서울특별시,11,강남구,11680,충청남도,44,25,238,12,123,254,26,184,22,459,181,198
20181129,서울특별시,11,강남구,11680,충청북도,43,28,197,23,92,200,28,136,21,347,131,148
20181129,서울특별시,11,강남구,11680,강원도,42,19,209,16,74,193,26,147,24,245,120,143
20181129,서울특별시,11,강남구,11680,경기도,41,229,2535,281,948,2013,211,1282,253,4027,1727,1385
20181129,서울특별시,11,강남구,11680,세종특별자치시,36,4,46,0,13,57,4,36,5,80,47,34
20181129,서울특별시,11,강남구,11680,울산광역시,31,10,122,6,43,110,9,78,17,180,124,120
20181129,서울특별시,11,강남구,11680,대전광역시,30,24,242,24,106,206,23,111,35,319,156,125
20181129,서울특별시,11,강남구,11680,광주광역시,29,10,199,13,50,122,17,61,17,247,103,113
20181129,서울특별시,11,강남구,11680,인천광역시,28,50,445,41,167,499,43,263,30,686,277,320
20181129,서울특별시,11,강남구,11680,대구광역시,27,34,365,24,109,297,32,156,22,616,245,243
20181129,서울특별시,11,강남구,11680,부산광역시,26,39,533,35,193,424,39,286,30,865,360,375
20181129,서울특별시,11,강남구,11680,서울특별시,11,270,2779,319,903,1774,153,1189,198,4086,1514,1584
20181129,서울특별시,11,성동구,11200,서울특별시,11,154,2767,394,675,999,149,658,176,2389,1185,432
20181129,서울특별시,11,성동구,11200,부산광역시,26,35,588,142,131,226,37,159,65,590,237,110
20181129,서울특별시,11,성동구,11200,대구광역시,27,17,326,106,90,149,29,96,80,388,185,72
20181129,서울특별시,11,성동구,11200,인천광역시,28,26,497,100,154,210,26,121,58,580,224,102
20181129,서울특별시,11,성동구,11200,광주광역시,29,6,160,52,50,76,11,35,26,183,83,35
20181129,서울특별시,11,성동구,11200,대전광역시,30,15,260,72,70,126,25,58,38,296,125,30
20181129,서울특별시,11,성동구,11200,울산광역시,31,4,103,41,34,70,13,26,50,151,58,24
20181129,서울특별시,11,성동구,11200,세종특별자치시,36,5,67,9,14,28,3,13,8,64,25,9
20181129,서울특별시,11,성동구,11200,경기도,41,190,2703,431,741,1171,196,809,237,2704,1226,438
20181129,서울특별시,11,성동구,11200,강원도,42,14,221,67,75,124,24,64,20,266,88,42
20181129,서울특별시,11,성동구,11200,충청북도,43,14,218,52,73,115,17,82,25,304,108,30
20181129,서울특별시,11,성동구,11200,충청남도,44,19,275,115,84,147,27,122,54,372,122,73
20181129,서울특별시,11,성동구,11200,전라북도,45,21,248,84,70,123,18,85,28,288,97,45
20181129,서울특별시,11,성동구,11200,전라남도,46,13,165,61,62,132,21,72,43,275,92,34
20181129,서울특별시,11,성동구,11200,경상북도,47,11,304,108,70,170,24,90,95,362,148,50
20181129,서울특별시,11,성동구,11200,경상남도,48,20,404,102,112,194,51,117,123,494,195,80
20181129,서울특별시,11,성동구,11200,제주특별자치도,50,7,130,29,21,32,9,20,11,91,37,10
20181129,서울특별시,11,종로구,11110,서울특별시,11,190,1088,324,309,499,47,219,133,1158,946,196
20181129,서울특별시,11,종로구,11110,부산광역시,26,45,215,50,81,99,7,24,32,382,249,35
20181129,서울특별시,11,종로구,11110,대구광역시,27,28,184,40,45,107,7,21,19,265,167,21
20181129,서울특별시,11,종로구,11110,인천광역시,28,52,222,37,69,130,6,47,40,277,247,40
20181129,서울특별시,11,종로구,11110,광주광역시,29,18,65,12,34,39,0,16,9,128,81,11
20181129,서울특별시,11,종로구,11110,대전광역시,30,18,119,27,38,80,0,28,18,141,131,12
20181129,서울특별시,11,송파구,11710,서울특별시,11,105,1384,97,601,1113,93,1038,175,3106,708,564
20181129,서울특별시,11,송파구,11710,부산광역시,26,25,276,15,132,358,28,210,28,821,183,182
20181129,서울특별시,11,송파구,11710,대구광역시,27,24,206,10,111,239,14,141,38,561,107,135
20181129,서울특별시,11,송파구,11710,인천광역시,28,24,258,13,161,320,37,221,49,740,167,185
20181129,서울특별시,11,송파구,11710,광주광역시,29,5,83,7,315,125,7,44,11,294,51,56
20181129,서울특별시,11,송파구,11710,대전광역시,30,5,129,6,70,187,0,99,17,385,85,81
20181129,서울특별시,11,도봉구,11320,제주특별자치도,50,4,64,3,22,24,8,64,11,48,27,29
20181129,서울특별시,11,도봉구,11320,경상남도,48,22,337,20,201,150,23,385,32,329,220,252
20181129,서울특별시,11,도봉구,11320,경상북도,47,18,280,15,139,98,31,273,32,227,198,232
20181129,서울특별시,11,도봉구,11320,전라남도,46,9,164,16,111,72,22,202,25,157,109,175
20181129,서울특별시,11,도봉구,11320,전라북도,45,10,211,17,114,75,12,198,26,194,119,172
20181129,서울특별시,11,도봉구,11320,충청남도,44,16,238,15,161,112,22,311,30,246,138,187
20181129,서울특별시,11,도봉구,11320,충청북도,43,9,185,10,113,84,15,205,24,179,117,140
20181129,서울특별시,11,도봉구,11320,강원도,42,12,214,9,96,68,22,213,22,147,91,150
20181129,서울특별시,11,도봉구,11320,경기도,41,154,2046,127,1120,789,180,1878,234,1715,1086,1279
20181129,서울특별시,11,도봉구,11320,세종특별자치시,36,5,47,3,30,16,8,41,4,33,22,24
20181129,서울특별시,11,도봉구,11320,울산광역시,31,9,107,11,49,43,11,100,17,94,70,89
20181129,서울특별시,11,도봉구,11320,대전광역시,30,7,224,6,132,76,16,246,17,135,113,165
20181129,서울특별시,11,도봉구,11320,광주광역시,29,10,151,14,88,62,9,133,17,103,83,96
20181129,서울특별시,11,도봉구,11320,인천광역시,28,24,487,11,245,162,33,412,45,301,206,312
20181129,서울특별시,11,도봉구,11320,대구광역시,27,22,316,24,166,107,34,291,29,227,152,242
20181129,서울특별시,11,도봉구,11320,부산광역시,26,37,425,20,255,144,37,423,46,296,224,318
20181129,서울특별시,11,도봉구,11320,서울특별시,11,89,2015,122,1073,601,143,1680,177,1129,680,996
20181129,서울특별시,11,송파구,11710,울산광역시,31,5,76,0,36,97,4,58,5,233,33,46
20181129,서울특별시,11,송파구,11710,세종특별자치시,36,0,31,3,9,26,0,35,9,81,21,11
20181129,서울특별시,11,종로구,11110,울산광역시,31,16,56,17,26,33,5,7,15,92,59,8
20181129,서울특별시,11,종로구,11110,세종특별자치시,36,6,31,10,7,19,0,5,6,36,25,3
20181129,서울특별시,11,종로구,11110,경기도,41,228,1123,230,337,571,56,314,155,1584,1328,153
20181129,서울특별시,11,종로구,11110,강원도,42,20,113,29,29,67,7,16,30,139,120,16
20181129,서울특별시,11,중랑구,11260,제주특별자치도,50,12,31,6,26,47,6,15,10,123,36,27
20181129,서울특별시,11,중랑구,11260,경상남도,48,56,289,28,214,336,56,115,101,914,313,185
20181129,서울특별시,11,중랑구,11260,경상북도,47,37,204,23,137,292,47,78,77,628,222,135
20181129,서울특별시,11,중랑구,11260,전라남도,46,33,161,20,93,194,22,58,65,482,135,91
20181129,서울특별시,11,중랑구,11260,전라북도,45,30,147,6,113,228,17,42,62,549,147,87
20181129,서울특별시,11,중랑구,11260,충청남도,44,67,225,32,146,310,26,75,70,644,212,117
20181129,서울특별시,11,중랑구,11260,충청북도,43,42,144,19,121,205,27,84,55,446,141,98
20181129,서울특별시,11,중랑구,11260,강원도,42,26,144,17,107,211,18,62,43,430,133,75
20181129,서울특별시,11,중랑구,11260,경기도,41,291,1660,220,1143,1873,228,689,466,4377,1430,778
20181129,서울특별시,11,중랑구,11260,세종특별자치시,36,11,39,5,32,63,5,11,14,96,28,21
20181129,서울특별시,11,중랑구,11260,울산광역시,31,13,91,10,58,92,11,38,43,269,111,44
20181129,서울특별시,11,중랑구,11260,대전광역시,30,38,187,25,169,195,23,54,47,483,159,97
20181129,서울특별시,11,중랑구,11260,광주광역시,29,20,116,18,91,125,9,48,22,327,129,54
20181129,서울특별시,11,송파구,11710,경기도,41,148,1479,126,677,1719,147,1088,258,4025,863,756
20181129,서울특별시,11,송파구,11710,강원도,42,17,145,8,56,207,14,109,12,356,54,57
20181129,서울특별시,11,송파구,11710,충청북도,43,6,134,8,58,193,13,107,13,401,78,75
20181129,서울특별시,11,송파구,11710,충청남도,44,26,185,14,110,257,10,137,23,559,112,104
20181129,서울특별시,11,송파구,11710,전라북도,45,9,143,10,59,184,4,97,20,430,78,84
20181129,서울특별시,11,송파구,11710,전라남도,46,10,132,8,47,193,13,98,14,368,61,65
20181129,서울특별시,11,송파구,11710,경상북도,47,11,245,14,88,233,23,142,23,498,112,90
20181129,서울특별시,11,송파구,11710,경상남도,48,30,228,9,110,402,14,182,39,690,142,120
20181129,서울특별시,11,송파구,11710,제주특별자치도,50,4,44,0,17,101,5,24,5,97,18,17
20181129,서울특별시,11,중구,11140,서울특별시,11,337,2645,422,333,2332,191,530,102,4134,1147,357
20181129,서울특별시,11,중구,11140,부산광역시,26,85,606,117,65,553,56,130,37,990,289,109
20181129,서울특별시,11,중구,11140,대구광역시,27,65,434,87,39,329,32,80,15,744,212,73
20181129,서울특별시,11,중구,11140,인천광역시,28,77,396,52,102,528,57,146,36,931,233,96
20181129,서울특별시,11,중랑구,11260,인천광역시,28,92,355,46,220,398,33,154,107,992,353,192
20181129,서울특별시,11,중랑구,11260,대구광역시,27,51,235,24,131,235,30,90,81,622,228,156
20181129,서울특별시,11,중랑구,11260,부산광역시,26,70,328,47,197,327,53,136,85,901,304,182
20181129,서울특별시,11,중랑구,11260,서울특별시,11,251,1346,178,901,1311,143,472,309,2997,1067,604
20181129,서울특별시,11,종로구,11110,충청북도,43,21,141,23,48,65,5,21,27,174,128,15
20181129,서울특별시,11,종로구,11110,충청남도,44,38,172,36,50,108,7,29,24,213,202,22
20181129,서울특별시,11,종로구,11110,전라북도,45,24,170,23,39,53,6,24,26,166,162,18
20181129,서울특별시,11,종로구,11110,전라남도,46,22,118,24,36,61,7,17,18,188,129,19
20181129,서울특별시,11,종로구,11110,경상북도,47,27,140,25,49,76,7,32,23,250,180,26
20181129,서울특별시,11,종로구,11110,경상남도,48,53,210,35,52,119,15,28,34,322,259,27
20181129,서울특별시,11,종로구,11110,제주특별자치도,50,16,30,4,6,22,3,5,14,54,34,0
20181129,서울특별시,11,중구,11140,광주광역시,29,16,233,33,22,135,9,43,12,413,78,40
20181129,서울특별시,11,중구,11140,대전광역시,30,34,253,43,41,255,18,58,10,449,134,42
20181129,서울특별시,11,중구,11140,울산광역시,31,21,128,26,16,116,18,27,9,263,75,31
20181129,서울특별시,11,중구,11140,세종특별자치시,36,8,60,13,6,53,7,13,0,97,31,9
20181129,서울특별시,11,중구,11140,경기도,41,406,2469,348,358,2664,259,611,140,4317,1146,387
20181129,서울특별시,11,중구,11140,강원도,42,38,297,34,28,208,31,76,8,443,115,34
20181129,서울특별시,11,중구,11140,충청북도,43,35,252,32,28,239,26,83,23,427,135,38
20181129,서울특별시,11,중구,11140,충청남도,44,47,368,55,42,313,22,118,27,608,150,39
20181129,서울특별시,11,중구,11140,전라북도,45,34,271,35,34,245,29,84,15,515,146,34
20181129,서울특별시,11,중구,11140,전라남도,46,40,282,38,26,209,22,99,23,440,117,41
20181129,서울특별시,11,중구,11140,경상북도,47,43,342,59,54,300,36,118,23,564,154,80
20181129,서울특별시,11,중구,11140,경상남도,48,51,474,68,49,376,57,112,53,851,228,83
20181129,서울특별시,11,중구,11140,제주특별자치도,50,13,90,15,10,64,5,12,0,162,38,10
20181129,서울특별시,11,성북구,11290,서울특별시,11,285,3211,971,1349,4813,548,1220,466,11473,5322,1640
20181129,서울특별시,11,성북구,11290,부산광역시,26,64,854,176,321,630,163,304,140,3386,1471,445
20181129,서울특별시,11,성북구,11290,대구광역시,27,35,565,168,242,413,95,182,94,2527,1068,310
20181129,서울특별시,11,성북구,11290,인천광역시,28,71,849,157,321,704,174,283,138,3172,1471,400
20181129,서울특별시,11,성북구,11290,광주광역시,29,20,303,67,97,157,46,93,42,1207,506,137
20181129,서울특별시,11,성북구,11290,대전광역시,30,24,432,101,164,324,75,129,63,1636,680,229
20181129,서울특별시,11,성북구,11290,울산광역시,31,18,187,165,89,194,38,53,43,962,422,110
20181129,서울특별시,11,성북구,11290,세종특별자치시,36,18,109,39,50,64,20,31,19,390,173,35
20181129,서울특별시,11,성북구,11290,경기도,41,345,3839,909,1517,2844,710,1250,683,14928,6438,1944
20181129,서울특별시,11,성북구,11290,강원도,42,50,344,172,172,352,79,119,77,1597,614,172
20181129,서울특별시,11,성북구,11290,충청북도,43,38,384,121,188,277,56,100,66,1666,681,204
20181129,서울특별시,11,성북구,11290,충청남도,44,45,562,168,240,530,117,177,110,2290,979,271
20181129,서울특별시,11,성북구,11290,전라북도,45,25,418,137,183,431,63,135,78,1910,774,189
20181129,서울특별시,11,성북구,11290,전라남도,46,25,376,188,167,501,67,127,66,1605,675,183
20181129,서울특별시,11,성북구,11290,경상북도,47,52,583,174,235,545,112,220,97,2308,989,281
20181129,서울특별시,11,성북구,11290,경상남도,48,53,746,220,273,694,148,252,145,3194,1346,374
20181129,서울특별시,11,성북구,11290,제주특별자치도,50,9,103,64,41,171,23,49,20,568,192,59
20181129,서울특별시,11,강서구,11500,제주특별자치도,50,10,52,7,33,41,5,28,9,77,22,44
20181129,서울특별시,11,강서구,11500,경상남도,48,35,268,56,190,335,70,314,61,529,194,372
20181129,서울특별시,11,강서구,11500,경상북도,47,57,215,36,143,274,53,214,43,405,150,255
20181129,서울특별시,11,강서구,11500,전라남도,46,28,148,32,111,197,42,126,28,270,102,200
20181129,서울특별시,11,강서구,11500,전라북도,45,19,157,32,95,185,40,143,27,293,106,175
20181129,서울특별시,11,강서구,11500,충청남도,44,30,224,51,140,276,61,188,32,408,162,263
20181129,서울특별시,11,강서구,11500,충청북도,43,27,163,33,114,195,37,148,30,307,109,151
20181129,서울특별시,11,강서구,11500,강원도,42,25,145,30,114,212,36,168,25,216,112,159
20181129,서울특별시,11,강서구,11500,경기도,41,253,1762,338,896,1722,347,1468,360,2796,1152,1772
20181129,서울특별시,11,강서구,11500,세종특별자치시,36,6,49,4,18,43,9,36,8,57,36,58
20181129,서울특별시,11,강서구,11500,울산광역시,31,13,89,19,61,103,19,86,21,148,63,111
20181129,서울특별시,11,강서구,11500,대전광역시,30,20,129,44,95,218,37,135,28,246,129,187
20181129,서울특별시,11,강서구,11500,광주광역시,29,9,114,17,72,112,14,105,17,207,92,152
20181129,서울특별시,11,강서구,11500,인천광역시,28,56,339,77,196,394,100,293,74,579,204,407
20181129,서울특별시,11,강서구,11500,대구광역시,27,47,267,64,147,239,46,181,48,358,171,258
20181129,서울특별시,11,강서구,11500,부산광역시,26,33,385,67,179,359,82,334,56,543,254,351
20181129,서울특별시,11,강서구,11500,서울특별시,11,243,1414,445,887,1452,410,1247,201,1932,820,1448
20181129,서울특별시,11,은평구,11380,서울특별시,11,119,829,98,338,634,121,247,97,1158,349,472
20181129,서울특별시,11,은평구,11380,부산광역시,26,23,235,28,53,142,50,73,23,312,128,134
20181129,서울특별시,11,은평구,11380,대구광역시,27,29,158,20,54,112,17,49,12,164,65,91
20181129,서울특별시,11,은평구,11380,인천광역시,28,26,273,23,77,154,28,53,19,347,104,152
20181129,서울특별시,11,은평구,11380,광주광역시,29,10,79,12,21,48,18,20,5,97,34,33
20181129,서울특별시,11,은평구,11380,대전광역시,30,14,80,12,43,84,16,32,8,158,50,53
20181129,서울특별시,11,은평구,11380,울산광역시,31,4,74,9,19,44,15,9,3,55,28,23
20181129,서울특별시,11,은평구,11380,세종특별자치시,36,7,26,3,15,21,3,9,0,27,13,7
20181129,서울특별시,11,은평구,11380,경기도,41,134,1029,127,431,727,175,287,102,1817,530,548
20181129,서울특별시,11,은평구,11380,강원도,42,20,98,18,33,65,20,57,9,165,48,47
20181129,서울특별시,11,은평구,11380,충청북도,43,16,88,10,43,85,23,30,7,160,53,53
20181129,서울특별시,11,은평구,11380,충청남도,44,29,135,16,46,98,32,50,17,227,78,72
20181129,서울특별시,11,은평구,11380,전라북도,45,13,133,15,38,97,30,36,11,166,56,60
20181129,서울특별시,11,은평구,11380,전라남도,46,9,103,28,23,91,22,34,10,141,50,55
20181129,서울특별시,11,은평구,11380,경상북도,47,22,156,30,53,121,33,37,19,195,83,81
20181129,서울특별시,11,은평구,11380,경상남도,48,13,223,27,57,143,50,62,15,269,102,116
20181129,서울특별시,11,은평구,11380,제주특별자치도,50,4,29,4,7,20,6,0,0,47,14,10
20181129,서울특별시,11,서초구,11650,서울특별시,11,188,4128,464,719,2236,171,1239,2299,1328,622,547
20181129,서울특별시,11,서초구,11650,부산광역시,26,54,1073,79,158,447,54,230,334,228,135,135
20181129,서울특별시,11,서초구,11650,대구광역시,27,37,503,72,105,281,18,141,235,159,76,107
20181129,서울특별시,11,서초구,11650,인천광역시,28,44,744,85,125,459,19,185,457,213,151,108
20181129,서울특별시,11,서초구,11650,광주광역시,29,11,282,40,46,113,5,54,122,74,39,39
20181129,서울특별시,11,서초구,11650,대전광역시,30,24,365,60,67,219,15,89,173,84,78,65
20181129,서울특별시,11,서초구,11650,울산광역시,31,11,197,15,43,70,7,42,74,49,29,37
20181129,서울특별시,11,서초구,11650,세종특별자치시,36,6,50,4,13,49,4,28,27,22,12,19
20181129,서울특별시,11,서초구,11650,경기도,41,262,3492,451,752,2029,249,993,1939,1537,709,664
20181129,서울특별시,11,서초구,11650,강원도,42,17,262,38,57,197,23,92,135,93,62,51
20181129,서울특별시,11,서초구,11650,충청북도,43,26,285,29,125,198,23,94,154,110,62,63
20181129,서울특별시,11,서초구,11650,충청남도,44,24,338,39,112,307,27,112,476,108,90,82
20181129,서울특별시,11,서초구,11650,전라북도,45,22,279,54,57,180,19,98,126,107,74,59
20181129,서울특별시,11,서초구,11650,전라남도,46,20,208,29,70,168,12,101,71,71,64,65
20181129,서울특별시,11,서초구,11650,경상북도,47,29,380,52,96,237,14,132,127,118,84,101
20181129,서울특별시,11,서초구,11650,경상남도,48,37,579,68,128,313,45,176,193,176,99,123
20181129,서울특별시,11,서초구,11650,제주특별자치도,50,5,78,9,13,29,3,34,32,31,17,29
20181129,서울특별시,11,동대문구,11230,서울특별시,11,446,1537,157,1062,1060,112,1204,134,3627,782,414
20181129,서울특별시,11,동대문구,11230,부산광역시,26,101,431,37,222,315,34,448,46,963,237,133
20181129,서울특별시,11,동대문구,11230,대구광역시,27,73,327,28,166,245,31,250,30,692,173,84
20181129,서울특별시,11,동대문구,11230,인천광역시,28,105,463,34,257,331,38,371,51,974,224,119
20181129,서울특별시,11,동대문구,11230,광주광역시,29,33,144,12,81,104,12,127,11,306,64,42
20181129,서울특별시,11,동대문구,11230,대전광역시,30,51,188,10,162,182,18,145,20,419,99,60
20181129,서울특별시,11,동대문구,11230,울산광역시,31,18,105,6,65,91,15,113,11,271,60,35
20181129,서울특별시,11,동대문구,11230,세종특별자치시,36,14,63,3,19,35,3,31,10,107,19,14
20181129,서울특별시,11,동대문구,11230,경기도,41,452,2015,189,1261,1658,185,1578,237,4543,993,498
20181129,서울특별시,11,동대문구,11230,강원도,42,42,192,10,103,209,19,183,21,399,109,42
20181129,서울특별시,11,동대문구,11230,충청북도,43,59,226,22,125,190,16,175,24,476,89,64
20181129,서울특별시,11,동대문구,11230,충청남도,44,81,350,30,176,297,27,258,27,619,171,92
20181129,서울특별시,11,동대문구,11230,전라북도,45,46,223,16,116,196,14,190,24,530,109,50
20181129,서울특별시,11,동대문구,11230,전라남도,46,37,216,18,118,185,18,190,17,412,113,43
20181129,서울특별시,11,동대문구,11230,경상북도,47,67,328,34,153,276,25,252,35,660,132,72
20181129,서울특별시,11,동대문구,11230,경상남도,48,80,411,29,204,333,42,347,45,851,176,111
20181129,서울특별시,11,동대문구,11230,제주특별자치도,50,14,75,6,26,45,3,47,5,163,37,14
20181129,서울특별시,11,노원구,11350,제주특별자치도,50,7,23,12,0,17,4,18,3,45,8,3
20181129,서울특별시,11,노원구,11350,경상남도,48,16,124,12,31,72,15,43,19,264,69,63
20181129,서울특별시,11,노원구,11350,경상북도,47,7,103,12,28,52,14,39,17,181,50,38
20181129,서울특별시,11,노원구,11350,전라남도,46,12,61,8,13,44,7,28,5,132,35,28
20181129,서울특별시,11,노원구,11350,전라북도,45,9,92,5,14,50,7,31,9,168,31,37
20181129,서울특별시,11,노원구,11350,충청남도,44,27,84,8,23,61,3,42,19,192,58,46
20181129,서울특별시,11,노원구,11350,충청북도,43,12,76,9,26,40,7,28,13,167,29,33
20181129,서울특별시,11,노원구,11350,강원도,42,7,65,6,17,53,8,20,6,135,35,26
20181129,서울특별시,11,노원구,11350,경기도,41,104,787,56,349,494,98,333,150,1832,442,287
20181129,서울특별시,11,노원구,11350,세종특별자치시,36,0,20,0,5,6,0,4,5,32,18,0
20181129,서울특별시,11,노원구,11350,울산광역시,31,7,37,0,11,27,5,17,9,83,15,17
20181129,서울특별시,11,노원구,11350,대전광역시,30,11,87,4,22,44,6,25,10,155,47,21
20181129,서울특별시,11,노원구,11350,광주광역시,29,10,56,3,10,29,5,16,3,98,29,26
20181129,서울특별시,11,노원구,11350,인천광역시,28,25,213,18,28,91,10,60,18,329,78,60
20181129,서울특별시,11,노원구,11350,대구광역시,27,11,141,10,35,86,12,31,18,240,77,34
20181129,서울특별시,11,노원구,11350,부산광역시,26,17,204,8,34,89,14,58,22,278,87,59
20181129,서울특별시,11,노원구,11350,서울특별시,11,93,824,51,286,417,61,323,90,1381,341,215
20181129,서울특별시,11,양천구,11470,제주특별자치도,50,5,21,3,15,38,6,11,5,13,11,15
20181129,서울특별시,11,양천구,11470,경상남도,48,76,127,7,112,293,44,97,31,170,77,101
20181129,서울특별시,11,양천구,11470,경상북도,47,43,120,12,77,215,31,76,30,100,66,91
20181129,서울특별시,11,양천구,11470,전라남도,46,25,59,11,49,140,29,69,20,81,29,64
20181129,서울특별시,11,양천구,11470,전라북도,45,28,95,5,58,144,37,66,19,93,41,56
20181129,서울특별시,11,양천구,11470,충청남도,44,42,118,8,75,239,45,77,33,103,44,70
20181129,서울특별시,11,양천구,11470,충청북도,43,32,72,13,66,153,29,68,16,83,34,51
20181129,서울특별시,11,양천구,11470,강원도,42,45,69,12,55,157,29,47,19,74,41,76
20181129,서울특별시,11,양천구,11470,경기도,41,277,908,105,641,1452,237,477,179,1191,533,567
20181129,서울특별시,11,양천구,11470,세종특별자치시,36,7,19,0,16,22,8,10,0,11,4,11
20181129,서울특별시,11,양천구,11470,울산광역시,31,6,61,3,41,73,19,20,10,46,17,42
20181129,서울특별시,11,양천구,11470,대전광역시,30,24,85,11,49,134,19,47,16,74,49,52
20181129,서울특별시,11,양천구,11470,광주광역시,29,26,59,3,39,100,12,31,10,77,32,42
20181129,서울특별시,11,양천구,11470,인천광역시,28,71,165,18,135,285,48,116,20,150,76,112
20181129,서울특별시,11,양천구,11470,대구광역시,27,37,116,13,94,182,38,70,19,139,68,94
20181129,서울특별시,11,양천구,11470,부산광역시,26,54,174,17,138,273,68,123,42,168,111,135
20181129,서울특별시,11,양천구,11470,서울특별시,11,226,715,84,521,993,183,414,111,733,338,469
20181129,서울특별시,11,금천구,11545,서울특별시,11,587,2180,132,1662,2006,283,1035,231,2803,1703,2069
20181129,서울특별시,11,금천구,11545,부산광역시,26,119,467,23,422,469,89,241,68,616,451,507
20181129,서울특별시,11,금천구,11545,대구광역시,27,80,320,20,249,283,71,153,47,444,275,383
20181129,서울특별시,11,금천구,11545,인천광역시,28,139,505,34,453,491,56,294,77,595,378,537
20181129,서울특별시,11,금천구,11545,광주광역시,29,31,161,9,164,132,16,71,23,304,157,153
20181129,서울특별시,11,금천구,11545,대전광역시,30,67,258,12,227,241,32,124,35,332,190,248
20181129,서울특별시,11,용산구,11170,서울특별시,11,187,2127,120,8922,2076,231,1286,179,1497,567,379
20181129,서울특별시,11,용산구,11170,부산광역시,26,54,501,23,2030,486,74,263,35,396,129,87
20181129,서울특별시,11,용산구,11170,대구광역시,27,43,357,14,1208,327,35,180,19,261,79,80
20181129,서울특별시,11,용산구,11170,인천광역시,28,57,488,22,1949,471,55,253,54,327,91,81
20181129,서울특별시,11,용산구,11170,광주광역시,29,15,166,3,483,131,12,85,12,99,46,27
20181129,서울특별시,11,용산구,11170,대전광역시,30,29,287,6,1073,271,25,176,16,200,56,47
20181129,서울특별시,11,용산구,11170,울산광역시,31,15,128,11,461,135,23,89,12,114,37,20
20181129,서울특별시,11,용산구,11170,세종특별자치시,36,9,59,3,193,52,5,35,4,46,12,4
20181129,서울특별시,11,용산구,11170,경기도,41,232,2183,121,9096,2266,307,1474,212,1759,597,393
20181129,서울특별시,11,용산구,11170,강원도,42,17,201,13,821,165,29,123,23,157,60,40
20181129,서울특별시,11,용산구,11170,충청북도,43,26,234,13,933,193,29,126,13,170,63,36
20181129,서울특별시,11,용산구,11170,충청남도,44,34,339,16,1599,295,45,173,39,246,77,40
20181129,서울특별시,11,용산구,11170,전라북도,45,34,245,8,981,204,23,124,27,165,60,41
20181129,서울특별시,11,용산구,11170,전라남도,46,30,211,17,766,190,28,106,26,171,58,33
20181129,서울특별시,11,용산구,11170,경상북도,47,28,311,14,1260,311,36,156,24,263,79,47
20181129,서울특별시,11,용산구,11170,경상남도,48,34,404,24,1557,375,61,217,39,368,90,84
20181129,서울특별시,11,용산구,11170,제주특별자치도,50,5,67,18,222,29,8,30,5,54,12,8
20181129,서울특별시,11,금천구,11545,울산광역시,31,27,129,13,111,133,18,72,38,143,105,123
20181129,서울특별시,11,금천구,11545,세종특별자치시,36,16,59,5,46,69,8,35,9,80,55,60
20181129,서울특별시,11,금천구,11545,경기도,41,691,2166,141,1958,2312,319,1085,378,2935,1751,2141
20181129,서울특별시,11,금천구,11545,강원도,42,87,210,14,206,231,41,98,33,289,167,216
20181129,서울특별시,11,금천구,11545,충청북도,43,58,201,29,222,204,38,91,25,287,194,206
20181129,서울특별시,11,금천구,11545,충청남도,44,91,297,25,318,360,34,147,46,442,292,295
20181129,서울특별시,11,금천구,11545,전라북도,45,68,258,14,237,241,46,118,40,418,202,263
20181129,서울특별시,11,금천구,11545,전라남도,46,60,217,13,193,250,36,104,33,317,150,239
20181129,서울특별시,11,금천구,11545,경상북도,47,86,297,28,293,328,48,181,45,420,234,331
20181129,서울특별시,11,금천구,11545,경상남도,48,106,438,17,367,430,71,203,61,575,277,575
20181129,서울특별시,11,금천구,11545,제주특별자치도,50,15,75,6,48,52,15,22,9,142,67,48
20181129,서울특별시,11,강북구,11305,서울특별시,11,59,755,66,194,302,20,81,192,1743,392,196
20181129,서울특별시,11,강북구,11305,부산광역시,26,13,159,8,43,88,6,30,59,538,119,46
20181129,서울특별시,11,강북구,11305,대구광역시,27,7,95,9,28,65,9,23,38,410,65,51
20181129,서울특별시,11,강북구,11305,인천광역시,28,17,135,9,53,86,7,32,55,533,106,55
20181129,서울특별시,11,강북구,11305,광주광역시,29,7,43,8,13,19,4,5,16,158,35,15
20181129,서울특별시,11,강북구,11305,대전광역시,30,5,75,13,22,34,0,15,28,233,63,33
20181129,서울특별시,11,강북구,11305,울산광역시,31,6,37,0,10,23,3,12,17,146,32,14
20181129,서울특별시,11,강북구,11305,세종특별자치시,36,0,23,0,0,6,0,4,11,54,16,3
20181129,서울특별시,11,강북구,11305,경기도,41,57,792,58,224,405,52,147,349,2535,508,260
20181129,서울특별시,11,강북구,11305,강원도,42,5,80,5,20,26,0,13,28,270,43,20
20181129,서울특별시,11,강북구,11305,충청북도,43,8,66,8,19,42,6,13,41,259,59,22
20181129,서울특별시,11,강북구,11305,충청남도,44,8,88,10,31,70,9,19,52,380,81,30
20181129,서울특별시,11,강북구,11305,전라북도,45,6,88,13,17,41,4,20,36,287,49,27
20181129,서울특별시,11,강북구,11305,전라남도,46,7,74,5,23,33,4,13,39,233,45,22
20181129,서울특별시,11,강북구,11305,경상북도,47,8,87,9,31,72,3,22,47,382,62,31
20181129,서울특별시,11,강북구,11305,경상남도,48,11,137,8,36,68,19,34,73,538,95,41
20181129,서울특별시,11,강북구,11305,제주특별자치도,50,3,17,0,3,5,0,4,5,83,18,6
20181129,서울특별시,11,강동구,11740,서울특별시,11,384,918,291,292,1271,85,758,115,1193,370,517
20181129,서울특별시,11,강동구,11740,부산광역시,26,76,179,55,75,288,24,160,18,351,108,191
20181129,서울특별시,11,강동구,11740,대구광역시,27,59,139,40,43,219,18,102,16,218,63,79
20181129,서울특별시,11,강동구,11740,인천광역시,28,58,203,163,51,372,17,182,23,303,77,130
20181129,서울특별시,11,강동구,11740,광주광역시,29,18,67,26,16,100,13,50,4,112,19,42
20181129,서울특별시,11,강동구,11740,대전광역시,30,55,103,20,27,166,12,76,13,137,46,79
20181129,서울특별시,11,강동구,11740,울산광역시,31,17,48,16,14,86,7,38,8,93,26,36
20181129,서울특별시,11,강동구,11740,세종특별자치시,36,10,18,13,10,51,0,12,5,33,3,14
20181129,서울특별시,11,강동구,11740,경기도,41,386,957,308,369,1562,133,719,145,1723,435,627
20181129,서울특별시,11,강동구,11740,강원도,42,46,91,24,38,176,20,71,10,121,29,56
20181129,서울특별시,11,강동구,11740,충청북도,43,34,82,32,32,178,15,83,13,166,39,76
20181129,서울특별시,11,강동구,11740,충청남도,44,74,121,30,58,218,10,98,24,176,58,97
20181129,서울특별시,11,강동구,11740,전라북도,45,34,71,26,29,157,17,78,17,158,28,69
20181129,서울특별시,11,강동구,11740,전라남도,46,42,70,25,18,193,13,72,10,128,38,71
20181129,서울특별시,11,강동구,11740,경상북도,47,54,105,33,46,233,26,102,9,201,39,99
20181129,서울특별시,11,강동구,11740,경상남도,48,64,159,41,74,285,19,134,13,267,75,143
20181129,서울특별시,11,강동구,11740,제주특별자치도,50,12,34,4,19,32,10,15,0,31,8,21
20181129,서울특별시,11,광진구,11215,서울특별시,11,134,841,99,797,705,166,329,134,1351,575,652
20181129,서울특별시,11,광진구,11215,부산광역시,26,35,199,44,186,183,55,66,20,347,154,140
20181129,서울특별시,11,광진구,11215,대구광역시,27,19,139,23,124,106,38,36,27,232,107,90
20181129,서울특별시,11,광진구,11215,인천광역시,28,52,177,23,171,185,54,78,35,338,132,119
20181129,서울특별시,11,광진구,11215,광주광역시,29,6,69,4,49,39,11,17,13,139,47,48
20181129,서울특별시,11,광진구,11215,대전광역시,30,18,112,8,89,66,21,30,18,167,72,64
20181129,서울특별시,11,광진구,11215,울산광역시,31,5,45,9,46,40,14,11,18,76,35,38
20181129,서울특별시,11,광진구,11215,세종특별자치시,36,5,21,6,23,18,5,9,9,45,12,13
20181129,서울특별시,11,광진구,11215,경기도,41,166,937,120,857,891,275,375,196,1809,731,570
20181129,서울특별시,11,광진구,11215,강원도,42,11,117,9,79,96,34,36,11,175,61,58
20181129,서울특별시,11,광진구,11215,충청북도,43,8,99,14,90,90,31,37,18,181,87,44
20181129,서울특별시,11,광진구,11215,충청남도,44,32,128,20,133,142,40,55,31,218,107,68
20181129,서울특별시,11,광진구,11215,전라북도,45,12,87,25,82,61,29,34,26,204,86,55
20181129,서울특별시,11,광진구,11215,전라남도,46,13,75,23,87,80,28,34,19,143,68,57
20181129,서울특별시,11,광진구,11215,경상북도,47,22,123,16,90,90,34,34,30,206,94,101
20181129,서울특별시,11,구로구,11530,제주특별자치도,50,6,59,4,24,64,3,23,8,72,17,21
20181129,서울특별시,11,광진구,11215,경상남도,48,30,157,21,151,169,56,76,40,297,135,84
20181129,서울특별시,11,마포구,11440,제주특별자치도,50,10,58,11,75,55,3,25,0,65,59,10
20181129,서울특별시,11,마포구,11440,경상남도,48,49,362,68,355,327,25,129,38,325,285,75
20181129,서울특별시,11,마포구,11440,경상북도,47,43,349,48,304,264,17,115,44,242,208,47
20181129,서울특별시,11,마포구,11440,전라남도,46,26,201,39,182,159,8,119,14,180,127,47
20181129,서울특별시,11,마포구,11440,전라북도,45,27,236,49,272,182,5,93,20,218,173,51
20181129,서울특별시,11,마포구,11440,충청남도,44,52,289,55,293,266,15,122,40,277,212,71
20181129,서울특별시,11,마포구,11440,충청북도,43,37,233,44,261,192,6,87,28,221,150,47
20181129,서울특별시,11,마포구,11440,강원도,42,26,239,44,222,173,17,102,17,201,144,46
20181129,서울특별시,11,마포구,11440,경기도,41,300,2405,522,2268,1945,132,771,250,2252,1473,451
20181129,서울특별시,11,마포구,11440,세종특별자치시,36,6,58,16,55,47,0,21,6,45,32,11
20181129,서울특별시,11,마포구,11440,울산광역시,31,21,126,20,110,96,6,60,19,115,92,23
20181129,서울특별시,11,마포구,11440,대전광역시,30,27,232,35,287,203,14,91,19,215,176,48
20181129,서울특별시,11,마포구,11440,광주광역시,29,15,140,24,140,127,8,53,13,167,124,38
20181129,서울특별시,11,마포구,11440,인천광역시,28,71,515,88,528,367,32,172,21,424,314,98
20181129,서울특별시,11,마포구,11440,대구광역시,27,50,313,57,423,253,33,118,25,291,245,91
20181129,서울특별시,11,구로구,11530,경상남도,48,38,332,40,127,270,54,175,85,434,98,184
20181129,서울특별시,11,구로구,11530,경상북도,47,33,198,17,78,231,34,137,65,305,87,118
20181129,서울특별시,11,구로구,11530,전라남도,46,18,132,12,77,129,55,100,31,257,56,82
20181129,서울특별시,11,구로구,11530,전라북도,45,21,135,22,60,144,17,107,47,259,49,114
20181129,서울특별시,11,구로구,11530,충청남도,44,21,217,18,117,231,43,122,66,322,75,120
20181129,서울특별시,11,구로구,11530,충청북도,43,19,139,13,60,133,30,101,55,232,64,95
20181129,서울특별시,11,구로구,11530,강원도,42,11,166,16,69,151,34,83,36,244,62,92
20181129,서울특별시,11,구로구,11530,경기도,41,194,1399,151,693,1567,250,739,577,2261,562,771
20181129,서울특별시,11,구로구,11530,세종특별자치시,36,8,26,5,13,34,8,18,7,73,13,21
20181129,서울특별시,11,구로구,11530,울산광역시,31,10,91,4,28,87,15,61,38,122,33,64
20181129,서울특별시,11,구로구,11530,대전광역시,30,10,193,23,88,183,28,71,52,217,60,104
20181129,서울특별시,11,구로구,11530,광주광역시,29,12,98,4,45,117,20,43,38,146,41,63
20181129,서울특별시,11,구로구,11530,인천광역시,28,30,269,35,143,339,62,165,131,508,116,190
20181129,서울특별시,11,구로구,11530,대구광역시,27,45,220,25,86,214,37,120,84,315,76,136
20181129,서울특별시,11,구로구,11530,부산광역시,26,32,365,37,155,346,50,189,127,424,145,215
20181129,서울특별시,11,구로구,11530,서울특별시,11,130,1249,159,580,1248,205,616,441,1846,420,809
20181129,서울특별시,11,마포구,11440,부산광역시,26,69,455,70,457,449,23,197,44,422,336,106
20181129,서울특별시,11,마포구,11440,서울특별시,11,255,2390,507,1967,1874,119,748,190,2008,1440,418
20181129,서울특별시,11,광진구,11215,제주특별자치도,50,0,23,3,26,24,4,10,0,37,32,17
20181129,서울특별시,11,관악구,11620,제주특별자치도,50,7,25,14,39,62,0,10,4,40,5,13
20181129,서울특별시,11,관악구,11620,경상남도,48,50,195,32,160,192,15,60,57,218,48,117
20181129,서울특별시,11,관악구,11620,경상북도,47,28,147,13,115,149,10,41,35,138,38,94
20181129,서울특별시,11,관악구,11620,전라남도,46,47,116,17,94,108,9,26,24,114,20,74
20181129,서울특별시,11,관악구,11620,전라북도,45,28,116,22,104,118,10,31,24,112,24,78
20181129,서울특별시,11,관악구,11620,충청남도,44,66,143,28,86,163,9,48,30,171,33,107
20181129,서울특별시,11,관악구,11620,충청북도,43,61,108,20,87,141,5,51,21,117,22,76
20181129,서울특별시,11,관악구,11620,강원도,42,40,98,21,70,106,4,58,33,94,32,68
20181129,서울특별시,11,관악구,11620,경기도,41,355,1029,189,726,1240,82,266,196,1380,363,712
20181129,서울특별시,11,관악구,11620,세종특별자치시,36,8,23,4,14,28,0,6,3,24,14,12
20181129,서울특별시,11,관악구,11620,울산광역시,31,9,67,10,36,57,0,16,7,64,15,39
20181129,서울특별시,11,관악구,11620,대전광역시,30,48,95,27,104,145,8,26,23,98,25,92
20181129,서울특별시,11,관악구,11620,광주광역시,29,54,69,15,62,92,0,12,10,75,25,42
20181129,서울특별시,11,관악구,11620,인천광역시,28,60,197,34,166,263,14,56,40,245,53,169
20181129,서울특별시,11,관악구,11620,대구광역시,27,32,159,25,117,169,10,58,29,165,45,113
20181129,서울특별시,11,관악구,11620,부산광역시,26,85,202,42,186,282,19,50,42,233,69,160
20181129,서울특별시,11,관악구,11620,서울특별시,11,260,797,259,606,956,40,212,127,944,257,632
20181129,서울특별시,11,서대문구,11410,서울특별시,11,32,730,60,132,1414,58,373,126,1187,232,258
20181129,서울특별시,11,서대문구,11410,부산광역시,26,5,112,9,21,344,17,123,29,281,61,95
20181129,서울특별시,11,서대문구,11410,대구광역시,27,6,79,9,13,191,6,71,25,207,28,51
20181129,서울특별시,11,서대문구,11410,인천광역시,28,11,125,12,25,321,8,105,37,226,36,82
20181129,서울특별시,11,서대문구,11410,광주광역시,29,6,25,4,7,96,3,35,9,89,14,24
20181129,서울특별시,11,서대문구,11410,대전광역시,30,0,64,4,16,152,5,51,22,135,14,39
20181129,서울특별시,11,서대문구,11410,울산광역시,31,0,24,0,4,65,5,24,14,63,5,16
20181129,서울특별시,11,서대문구,11410,세종특별자치시,36,0,7,0,0,38,0,10,7,27,0,9
20181129,서울특별시,11,서대문구,11410,경기도,41,43,572,58,134,1477,50,457,180,1409,279,346
20181129,서울특별시,11,서대문구,11410,강원도,42,5,52,3,9,164,3,35,21,126,33,33
20181129,서울특별시,11,서대문구,11410,충청북도,43,5,42,0,12,191,0,74,11,140,23,45
20181129,서울특별시,11,서대문구,11410,충청남도,44,4,52,10,13,255,10,83,13,158,31,74
20181129,서울특별시,11,서대문구,11410,전라북도,45,3,45,9,12,193,4,67,29,125,18,53
20181129,서울특별시,11,서대문구,11410,전라남도,46,4,50,13,10,177,4,57,17,110,23,42
20181129,서울특별시,11,서대문구,11410,경상북도,47,17,59,6,13,232,10,76,11,147,20,62
20181129,서울특별시,11,서대문구,11410,경상남도,48,4,84,9,27,299,8,110,48,224,24,103
20181129,서울특별시,11,서대문구,11410,제주특별자치도,50,0,12,3,0,17,0,4,0,46,3,13
20181129,서울특별시,11,영등포구,11560,서울특별시,11,76,1927,493,1818,929,107,1020,92,1011,602,442
20181129,서울특별시,11,영등포구,11560,부산광역시,26,20,462,97,416,258,28,216,19,234,153,125
20181129,서울특별시,11,영등포구,11560,대구광역시,27,17,282,69,289,161,16,182,11,169,99,87
20181129,서울특별시,11,영등포구,11560,인천광역시,28,29,395,73,441,238,50,230,15,226,122,117
20181129,서울특별시,11,영등포구,11560,광주광역시,29,4,170,22,132,74,14,69,10,68,40,39
20181129,서울특별시,11,영등포구,11560,대전광역시,30,6,229,46,218,145,14,109,18,81,65,46
20181129,서울특별시,11,영등포구,11560,울산광역시,31,5,105,21,83,71,7,63,3,54,47,31
20181129,서울특별시,11,영등포구,11560,세종특별자치시,36,4,33,11,55,24,3,20,0,21,18,14
20181129,서울특별시,11,영등포구,11560,경기도,41,104,2006,349,1973,1227,133,1081,145,1396,696,524
20181129,서울특별시,11,영등포구,11560,강원도,42,11,237,22,205,193,9,107,8,122,62,46
20181129,서울특별시,11,영등포구,11560,충청북도,43,4,195,33,219,123,14,117,12,106,60,54
20181129,서울특별시,11,영등포구,11560,충청남도,44,22,290,38,309,195,16,161,15,145,70,94
20181129,서울특별시,11,영등포구,11560,전라북도,45,9,236,35,239,134,6,102,8,131,57,68
20181129,서울특별시,11,영등포구,11560,전라남도,46,5,216,24,227,90,16,112,9,86,47,59
20181129,서울특별시,11,영등포구,11560,경상북도,47,9,263,53,284,194,17,173,13,131,80,96
20181129,서울특별시,11,영등포구,11560,경상남도,48,23,414,60,379,220,24,231,19,221,102,116
20181129,서울특별시,11,영등포구,11560,제주특별자치도,50,4,44,11,56,31,0,34,3,26,25,16
20181129,서울특별시,11,동작구,11590,제주특별자치도,50,10,14,6,12,15,3,5,3,40,16,9
20181129,서울특별시,11,동작구,11590,경상남도,48,46,119,53,76,109,42,21,17,149,69,108
20181129,서울특별시,11,동작구,11590,경상북도,47,45,118,37,31,85,32,30,11,103,57,85
20181129,서울특별시,11,동작구,11590,전라남도,46,21,53,22,30,82,27,14,8,85,30,47
20181129,서울특별시,11,동작구,11590,전라북도,45,20,70,32,41,59,19,18,11,124,49,60
20181129,서울특별시,11,동작구,11590,충청남도,44,53,112,35,64,84,29,32,17,123,55,83
20181129,서울특별시,11,동작구,11590,충청북도,43,27,69,39,59,47,19,15,14,89,38,55
20181129,서울특별시,11,동작구,11590,강원도,42,38,55,26,41,57,17,18,16,90,28,51
20181129,서울특별시,11,동작구,11590,경기도,41,261,761,230,393,625,181,153,102,1197,510,613
20181129,서울특별시,11,동작구,11590,세종특별자치시,36,3,17,11,5,17,4,5,0,26,12,15
20181129,서울특별시,11,동작구,11590,울산광역시,31,8,36,18,25,32,14,4,5,62,14,36
20181129,서울특별시,11,동작구,11590,대전광역시,30,26,84,31,47,53,15,18,10,92,34,72
20181129,서울특별시,11,동작구,11590,인천광역시,28,64,145,46,85,106,35,34,22,201,105,123
20181130,서울특별시,11,중랑구,11260,대전광역시,30,32,163,19,107,195,25,48,56,416,151,75
20181130,서울특별시,11,중랑구,11260,울산광역시,31,15,68,8,47,92,11,24,33,245,100,44
20181130,서울특별시,11,중랑구,11260,세종특별자치시,36,4,20,12,16,35,3,17,9,101,36,14
20181130,서울특별시,11,중랑구,11260,경기도,41,281,1446,177,1026,1525,203,524,528,3971,1383,689
20181130,서울특별시,11,중랑구,11260,강원도,42,26,138,30,94,167,22,48,66,401,111,79
20181130,서울특별시,11,중랑구,11260,충청북도,43,47,158,24,114,176,15,48,44,446,142,80
20181130,서울특별시,11,중랑구,11260,충청남도,44,41,216,22,125,276,21,76,66,615,223,109
20181130,서울특별시,11,중랑구,11260,전라북도,45,26,148,30,78,170,29,45,54,545,156,74
20181130,서울특별시,11,중랑구,11260,전라남도,46,17,102,17,91,158,27,63,47,488,156,68
20181130,서울특별시,11,송파구,11710,제주특별자치도,50,0,33,0,14,91,5,43,4,101,16,15
20181130,서울특별시,11,송파구,11710,경상남도,48,19,202,11,112,351,16,170,27,614,109,134
20181130,서울특별시,11,송파구,11710,경상북도,47,11,220,10,81,222,18,158,15,484,84,115
20181130,서울특별시,11,송파구,11710,전라남도,46,9,99,8,43,176,8,70,22,310,37,63
20181130,서울특별시,11,송파구,11710,전라북도,45,5,139,7,57,227,13,100,10,371,71,78
20181130,서울특별시,11,송파구,11710,충청남도,44,14,190,15,81,207,4,113,24,449,99,103
20181130,서울특별시,11,송파구,11710,충청북도,43,12,130,21,51,181,11,99,20,377,59,72
20181130,서울특별시,11,송파구,11710,강원도,42,14,139,6,52,224,7,130,15,328,47,68
20181130,서울특별시,11,송파구,11710,경기도,41,105,1444,156,583,1551,126,992,203,3475,706,728
20181130,서울특별시,11,송파구,11710,세종특별자치시,36,4,27,3,10,50,18,28,8,80,16,22
20181130,서울특별시,11,송파구,11710,울산광역시,31,8,82,5,24,124,4,54,7,208,32,38
20181130,서울특별시,11,송파구,11710,대전광역시,30,6,117,15,61,164,24,119,7,349,74,87
20181130,서울특별시,11,송파구,11710,광주광역시,29,6,94,7,51,106,8,62,9,240,54,54
20181130,서울특별시,11,송파구,11710,인천광역시,28,24,271,24,123,378,15,196,37,676,127,176
20181130,서울특별시,11,송파구,11710,대구광역시,27,19,205,13,92,232,16,126,16,502,90,118
20181130,서울특별시,11,송파구,11710,부산광역시,26,28,271,12,126,323,41,187,21,661,153,178
20181130,서울특별시,11,송파구,11710,서울특별시,11,84,1348,135,512,1080,74,1025,113,2631,584,617
20181130,서울특별시,11,금천구,11545,인천광역시,28,153,453,31,399,449,57,202,74,585,333,731
20181130,서울특별시,11,금천구,11545,광주광역시,29,53,170,9,139,148,16,61,24,255,149,206
20181130,서울특별시,11,금천구,11545,대전광역시,30,69,216,18,178,202,31,93,33,309,234,319
20181130,서울특별시,11,금천구,11545,울산광역시,31,31,99,11,81,96,18,62,15,200,126,170
20181130,서울특별시,11,금천구,11545,세종특별자치시,36,13,51,0,48,53,4,21,18,95,53,45
20181130,서울특별시,11,금천구,11545,경기도,41,682,1993,158,1765,2201,246,1054,377,2845,1880,2877
20181130,서울특별시,11,마포구,11440,대구광역시,27,28,290,104,183,245,36,146,64,278,238,54
20181130,서울특별시,11,마포구,11440,부산광역시,26,51,396,123,440,292,35,189,47,374,335,116
20181130,서울특별시,11,마포구,11440,서울특별시,11,192,2218,925,1409,1334,164,762,223,1755,1322,377
20181130,서울특별시,11,은평구,11380,광주광역시,29,20,73,5,17,30,14,24,16,87,25,33
20181130,서울특별시,11,은평구,11380,대전광역시,30,20,111,16,33,54,17,23,11,136,47,50
20181130,서울특별시,11,중랑구,11260,경상북도,47,35,209,37,118,232,27,72,74,584,216,102
20181130,서울특별시,11,중랑구,11260,경상남도,48,59,236,35,167,282,43,93,100,904,278,136
20181130,서울특별시,11,중랑구,11260,제주특별자치도,50,15,39,0,15,45,8,11,17,104,41,23
20181130,서울특별시,11,은평구,11380,울산광역시,31,5,48,9,17,37,12,12,0,52,19,22
20181130,서울특별시,11,은평구,11380,세종특별자치시,36,0,25,0,9,19,0,6,0,28,10,9
20181130,서울특별시,11,은평구,11380,경기도,41,128,1140,113,302,664,146,290,131,1475,487,525
20181130,서울특별시,11,은평구,11380,강원도,42,17,116,23,23,80,19,41,6,104,40,46
20181130,서울특별시,11,서초구,11650,서울특별시,11,216,2600,460,630,1012,133,1272,183,1103,651,519
20181130,서울특별시,11,서초구,11650,부산광역시,26,44,469,82,110,218,22,186,27,179,160,114
20181130,서울특별시,11,서초구,11650,대구광역시,27,50,948,46,103,161,18,141,36,156,83,108
20181130,서울특별시,11,서초구,11650,인천광역시,28,45,422,49,113,227,21,191,42,163,141,106
20181130,서울특별시,11,서초구,11650,광주광역시,29,16,172,43,31,63,9,40,22,55,41,40
20181130,서울특별시,11,서초구,11650,대전광역시,30,25,951,23,77,78,10,89,24,77,56,47
20181130,서울특별시,11,서초구,11650,울산광역시,31,16,108,16,37,54,10,57,12,38,31,31
20181130,서울특별시,11,서초구,11650,세종특별자치시,36,0,122,9,10,18,4,25,7,19,10,20
20181130,서울특별시,11,서초구,11650,경기도,41,249,2415,373,675,1170,149,921,210,1267,671,558
20181130,서울특별시,11,서초구,11650,강원도,42,27,205,29,69,98,17,84,15,68,63,48
20181130,서울특별시,11,서초구,11650,충청북도,43,19,346,39,73,111,15,120,23,84,60,57
20181130,서울특별시,11,도봉구,11320,제주특별자치도,50,5,52,3,15,18,0,17,5,27,34,26
20181130,서울특별시,11,도봉구,11320,경상남도,48,25,283,10,155,90,22,104,27,219,209,190
20181130,서울특별시,11,도봉구,11320,경상북도,47,14,275,16,134,71,17,87,21,173,159,140
20181130,서울특별시,11,도봉구,11320,전라남도,46,7,194,10,102,48,11,54,21,109,117,101
20181130,서울특별시,11,도봉구,11320,전라북도,45,14,161,14,103,59,10,77,13,122,124,107
20181130,서울특별시,11,강북구,11305,전라남도,46,5,120,9,11,29,4,10,32,232,48,22
20181130,서울특별시,11,강북구,11305,경상북도,47,9,160,8,28,34,9,15,42,317,62,40
20181130,서울특별시,11,강북구,11305,경상남도,48,10,209,9,35,61,11,16,65,455,110,55
20181130,서울특별시,11,서대문구,11410,대전광역시,30,3,47,15,15,76,6,37,5,85,25,30
20181130,서울특별시,11,서대문구,11410,울산광역시,31,0,36,4,8,42,0,25,0,40,5,5
20181130,서울특별시,11,서대문구,11410,세종특별자치시,36,0,6,0,0,28,0,12,0,20,3,5
20181130,서울특별시,11,서대문구,11410,경기도,41,41,556,70,150,850,64,453,76,1130,231,273
20181130,서울특별시,11,서대문구,11410,강원도,42,5,50,9,16,114,3,34,4,94,22,27
20181130,서울특별시,11,서대문구,11410,충청북도,43,3,55,14,10,116,5,52,8,119,21,27
20181130,서울특별시,11,서대문구,11410,충청남도,44,8,60,33,17,150,6,88,9,127,31,46
20181130,서울특별시,11,강북구,11305,제주특별자치도,50,3,30,0,7,9,0,7,3,78,9,3
20181130,서울특별시,11,도봉구,11320,충청남도,44,7,230,11,169,92,17,100,26,189,177,143
20181130,서울특별시,11,도봉구,11320,충청북도,43,12,203,16,109,72,16,83,18,159,130,118
20181130,서울특별시,11,도봉구,11320,강원도,42,16,195,13,107,61,6,48,13,87,116,83
20181130,서울특별시,11,도봉구,11320,경기도,41,126,1941,107,1004,614,80,568,159,1364,995,808
20181130,서울특별시,11,도봉구,11320,세종특별자치시,36,0,44,5,23,22,3,13,6,21,20,15
20181130,서울특별시,11,도봉구,11320,울산광역시,31,7,94,3,52,34,8,17,10,70,79,63
20181130,서울특별시,11,도봉구,11320,대전광역시,30,13,218,6,93,50,12,62,21,111,112,92
20181130,서울특별시,11,도봉구,11320,광주광역시,29,11,111,6,88,33,9,29,7,80,92,63
20181130,서울특별시,11,도봉구,11320,인천광역시,28,23,443,17,219,102,19,133,51,270,228,233
20181130,서울특별시,11,도봉구,11320,대구광역시,27,16,273,9,134,86,19,86,19,162,171,145
20181130,서울특별시,11,도봉구,11320,부산광역시,26,25,400,17,232,137,23,130,34,250,218,212
20181130,서울특별시,11,도봉구,11320,서울특별시,11,97,1948,92,898,493,79,557,100,895,723,706
20181130,서울특별시,11,서초구,11650,충청남도,44,28,880,46,105,156,13,138,29,108,91,57
20181130,서울특별시,11,서초구,11650,전라북도,45,17,238,35,59,133,14,91,29,78,72,61
20181130,서울특별시,11,서초구,11650,전라남도,46,19,176,20,67,120,8,81,22,62,65,44
20181130,서울특별시,11,서초구,11650,경상북도,47,34,525,35,66,176,19,118,28,90,97,73
20181130,서울특별시,11,서초구,11650,경상남도,48,39,362,48,91,191,32,127,26,138,99,90
20181130,서울특별시,11,서초구,11650,제주특별자치도,50,9,72,12,21,42,0,27,6,28,18,11
20181130,서울특별시,11,광진구,11215,제주특별자치도,50,3,24,0,18,15,4,8,6,40,23,13
20181130,서울특별시,11,광진구,11215,경상남도,48,41,140,15,103,188,48,62,31,214,119,112
20181130,서울특별시,11,광진구,11215,경상북도,47,30,104,10,85,149,48,44,26,153,82,65
20181130,서울특별시,11,광진구,11215,전라남도,46,19,71,11,65,89,23,28,14,100,64,50
20181130,서울특별시,11,광진구,11215,전라북도,45,24,76,0,89,67,29,40,11,117,64,47
20181130,서울특별시,11,성동구,11200,경기도,41,140,2453,283,602,959,189,653,195,2467,1034,430
20181130,서울특별시,11,성동구,11200,세종특별자치시,36,0,52,7,6,16,4,8,7,62,18,7
20181130,서울특별시,11,성동구,11200,울산광역시,31,12,99,27,27,48,18,42,13,131,42,20
20181130,서울특별시,11,성동구,11200,대전광역시,30,14,213,31,62,81,23,72,14,238,114,42
20181130,서울특별시,11,영등포구,11560,제주특별자치도,50,3,47,7,41,31,3,43,3,18,11,12
20181130,서울특별시,11,영등포구,11560,경상남도,48,18,362,67,352,192,22,187,20,170,76,99
20181130,서울특별시,11,영등포구,11560,경상북도,47,15,251,39,249,157,16,181,9,114,36,81
20181130,서울특별시,11,영등포구,11560,전라남도,46,4,204,25,169,91,13,108,5,77,43,50
20181130,서울특별시,11,영등포구,11560,전라북도,45,11,252,16,168,101,15,106,13,124,44,60
20181130,서울특별시,11,영등포구,11560,충청남도,44,11,219,26,296,231,8,139,6,130,40,74
20181130,서울특별시,11,영등포구,11560,충청북도,43,8,183,30,211,119,10,108,10,103,54,57
20181130,서울특별시,11,영등포구,11560,강원도,42,12,188,20,184,105,9,107,11,67,36,50
20181130,서울특별시,11,영등포구,11560,경기도,41,98,1626,250,1846,1039,120,955,115,1211,449,465
20181130,서울특별시,11,영등포구,11560,세종특별자치시,36,0,19,10,32,30,0,31,0,16,7,10
20181130,서울특별시,11,영등포구,11560,울산광역시,31,11,119,22,100,45,7,53,7,52,19,23
20181130,서울특별시,11,영등포구,11560,대전광역시,30,6,173,26,221,108,18,115,7,90,55,52
20181130,서울특별시,11,영등포구,11560,광주광역시,29,3,174,21,110,73,4,73,8,72,19,39
20181130,서울특별시,11,강서구,11500,대구광역시,27,22,198,39,121,280,44,270,43,379,230,174
20181130,서울특별시,11,성동구,11200,광주광역시,29,11,134,22,34,64,12,49,18,171,71,14
20181130,서울특별시,11,영등포구,11560,인천광역시,28,17,355,46,377,216,17,219,27,219,65,105
20181130,서울특별시,11,영등포구,11560,대구광역시,27,9,259,37,279,171,17,160,15,145,60,66
20181130,서울특별시,11,영등포구,11560,부산광역시,26,31,561,117,362,247,26,205,14,204,98,113
20181130,서울특별시,11,영등포구,11560,서울특별시,11,60,1526,239,1567,846,70,793,79,884,376,333
20181130,서울특별시,11,구로구,11530,제주특별자치도,50,7,45,4,19,61,0,34,0,63,20,22
20181130,서울특별시,11,구로구,11530,경상남도,48,51,251,32,110,306,27,156,27,350,96,189
20181130,서울특별시,11,구로구,11530,경상북도,47,29,197,20,95,259,25,127,26,275,81,150
20181130,서울특별시,11,구로구,11530,전라남도,46,35,159,16,51,171,19,101,22,233,48,110
20181130,서울특별시,11,구로구,11530,전라북도,45,18,178,28,66,201,23,85,15,240,58,127
20181130,서울특별시,11,구로구,11530,충청남도,44,47,250,19,112,272,28,131,28,293,75,130
20181130,서울특별시,11,구로구,11530,충청북도,43,33,165,16,79,203,24,115,18,220,46,120
20181130,서울특별시,11,구로구,11530,강원도,42,20,156,7,66,173,14,71,11,169,46,98
20181130,서울특별시,11,구로구,11530,경기도,41,262,1566,153,732,1618,169,733,148,2121,565,975
20181130,서울특별시,11,구로구,11530,세종특별자치시,36,0,27,5,20,44,8,20,0,47,14,30
20181130,서울특별시,11,구로구,11530,울산광역시,31,10,69,5,31,91,16,42,6,107,32,58
20181130,서울특별시,11,구로구,11530,대전광역시,30,30,179,15,83,168,33,91,19,193,53,101
20181130,서울특별시,11,구로구,11530,광주광역시,29,17,106,7,47,112,9,46,7,158,39,83
20181130,서울특별시,11,구로구,11530,인천광역시,28,46,314,36,164,357,31,157,38,367,114,259
20181130,서울특별시,11,구로구,11530,대구광역시,27,34,194,20,85,252,29,130,20,308,77,145
20181130,서울특별시,11,구로구,11530,부산광역시,26,62,321,42,178,372,44,189,24,376,135,214
20181130,서울특별시,11,구로구,11530,서울특별시,11,191,1330,118,610,1345,143,620,101,1642,493,871
20181130,서울특별시,11,성동구,11200,인천광역시,28,36,492,59,122,201,42,121,34,502,195,72
20181130,서울특별시,11,강서구,11500,부산광역시,26,48,294,55,191,445,43,396,50,557,268,278
20181130,서울특별시,11,강서구,11500,서울특별시,11,165,1206,256,692,1461,193,1439,179,2058,926,942
20181130,서울특별시,11,성동구,11200,대구광역시,27,25,258,65,87,156,23,104,31,379,144,64
20181130,서울특별시,11,성동구,11200,부산광역시,26,25,453,51,130,183,56,169,43,487,205,81
20181130,서울특별시,11,성동구,11200,서울특별시,11,121,2469,304,590,782,245,633,117,2217,1106,381
20181130,서울특별시,11,서대문구,11410,전라북도,45,5,41,6,16,95,0,37,6,106,27,9
20181130,서울특별시,11,서대문구,11410,전라남도,46,0,37,7,13,95,6,53,7,110,24,12
20181130,서울특별시,11,서대문구,11410,경상북도,47,4,57,8,21,118,7,56,9,122,17,14
20181130,서울특별시,11,서대문구,11410,경상남도,48,13,85,15,14,164,3,100,4,161,35,30
20181130,서울특별시,11,서대문구,11410,제주특별자치도,50,0,17,4,4,18,0,3,3,22,6,0
20181130,서울특별시,11,동작구,11590,서울특별시,11,135,562,233,363,403,113,92,48,810,361,637
20181130,서울특별시,11,동작구,11590,부산광역시,26,27,124,46,75,101,13,20,16,150,111,177
20181130,서울특별시,11,금천구,11545,제주특별자치도,50,18,53,5,50,67,16,11,10,162,77,97
20181130,서울특별시,11,금천구,11545,경상남도,48,116,328,22,304,409,58,196,65,562,280,593
20181130,서울특별시,11,금천구,11545,경상북도,47,76,258,20,225,316,30,153,78,503,269,408
20181130,서울특별시,11,금천구,11545,전라남도,46,65,191,10,171,175,23,99,41,334,176,311
20181130,서울특별시,11,금천구,11545,전라북도,45,85,231,15,199,205,27,99,63,390,220,353
20181130,서울특별시,11,광진구,11215,충청남도,44,41,99,11,127,88,31,41,25,148,85,72
20181130,서울특별시,11,광진구,11215,충청북도,43,24,87,9,70,76,31,31,13,126,79,50
20181130,서울특별시,11,광진구,11215,강원도,42,24,70,10,77,124,28,25,9,102,56,45
20181130,서울특별시,11,광진구,11215,경기도,41,195,800,96,737,991,244,327,158,1257,581,549
20181130,서울특별시,11,광진구,11215,세종특별자치시,36,7,10,0,25,18,4,7,9,24,16,9
20181130,서울특별시,11,광진구,11215,울산광역시,31,11,37,4,48,64,10,25,11,52,33,27
20181130,서울특별시,11,광진구,11215,대전광역시,30,27,64,7,88,92,23,39,14,111,49,56
20181130,서울특별시,11,광진구,11215,광주광역시,29,13,55,7,43,58,13,29,11,81,35,28
20181130,서울특별시,11,광진구,11215,인천광역시,28,44,149,12,140,225,68,41,44,232,119,108
20181130,서울특별시,11,광진구,11215,대구광역시,27,27,129,7,115,105,27,48,25,175,101,71
20181130,서울특별시,11,광진구,11215,부산광역시,26,46,183,71,158,156,42,69,36,249,117,94
20181130,서울특별시,11,광진구,11215,서울특별시,11,177,762,95,707,639,160,277,98,1013,451,528
20181130,서울특별시,11,용산구,11170,제주특별자치도,50,5,80,4,257,24,7,33,5,63,20,18
20181130,서울특별시,11,용산구,11170,경상남도,48,56,351,18,1282,246,68,154,31,337,108,98
20181130,서울특별시,11,용산구,11170,경상북도,47,46,301,7,1058,219,54,114,17,260,84,64
20181130,서울특별시,11,용산구,11170,전라남도,46,26,171,8,668,100,21,74,11,149,51,47
20181130,서울특별시,11,용산구,11170,전라북도,45,36,210,16,779,177,49,80,36,198,45,40
20181130,서울특별시,11,금천구,11545,충청남도,44,84,294,19,290,319,39,123,70,417,258,435
20181130,서울특별시,11,금천구,11545,충청북도,43,63,219,11,196,202,28,80,36,332,199,320
20181130,서울특별시,11,금천구,11545,강원도,42,54,211,23,165,210,27,130,37,277,195,443
20181130,서울특별시,11,동작구,11590,대구광역시,27,19,99,39,51,69,22,13,10,99,66,108
20181130,서울특별시,11,동작구,11590,인천광역시,28,46,171,53,66,112,22,30,8,195,106,162
20181130,서울특별시,11,동작구,11590,광주광역시,29,13,36,18,22,49,11,5,7,55,33,59
20181130,서울특별시,11,동작구,11590,대전광역시,30,23,58,25,29,56,16,11,9,72,55,73
20181130,서울특별시,11,동작구,11590,울산광역시,31,10,39,13,13,24,7,10,4,50,32,37
20181130,서울특별시,11,동작구,11590,세종특별자치시,36,5,24,8,8,11,0,3,0,17,11,24
20181130,서울특별시,11,동작구,11590,경기도,41,207,610,211,365,521,124,101,71,1041,453,720
20181130,서울특별시,11,동작구,11590,강원도,42,27,74,22,30,42,13,5,10,76,39,61
20181130,서울특별시,11,동작구,11590,충청북도,43,29,71,28,35,69,11,11,6,95,29,70
20181130,서울특별시,11,동작구,11590,충청남도,44,29,91,28,42,72,15,19,7,102,55,98
20181130,서울특별시,11,동작구,11590,전라북도,45,22,81,21,31,73,14,12,11,99,39,69
20181130,서울특별시,11,동작구,11590,전라남도,46,18,65,19,33,45,19,16,9,60,46,62
20181130,서울특별시,11,동작구,11590,경상북도,47,37,73,31,38,60,18,17,10,82,63,97
20181130,서울특별시,11,노원구,11350,전라남도,46,9,57,6,14,44,6,25,9,116,36,27
20181130,서울특별시,11,노원구,11350,충청남도,44,18,100,6,20,58,11,32,12,169,59,38
20181130,서울특별시,11,관악구,11620,서울특별시,11,151,817,213,439,600,33,159,105,884,311,536
20181130,서울특별시,11,관악구,11620,부산광역시,26,52,184,48,112,168,5,67,32,254,85,148
20181130,서울특별시,11,관악구,11620,대구광역시,27,18,138,25,80,89,3,32,21,147,68,122
20181130,서울특별시,11,관악구,11620,인천광역시,28,35,184,41,104,150,6,43,38,209,94,126
20181130,서울특별시,11,관악구,11620,광주광역시,29,12,69,11,24,47,3,10,22,74,37,44
20181130,서울특별시,11,관악구,11620,대전광역시,30,19,100,22,42,97,3,22,28,105,40,67
20181130,서울특별시,11,관악구,11620,울산광역시,31,3,51,3,28,34,4,24,12,53,20,25
20181130,서울특별시,11,관악구,11620,세종특별자치시,36,0,18,5,9,25,0,4,8,24,14,15
20181130,서울특별시,11,관악구,11620,경기도,41,157,980,167,554,808,52,176,171,1255,462,622
20181130,서울특별시,11,관악구,11620,강원도,42,14,94,22,62,73,3,16,13,85,44,57
20181130,서울특별시,11,관악구,11620,충청북도,43,14,130,25,42,97,5,25,20,139,36,58
20181130,서울특별시,11,관악구,11620,충청남도,44,16,141,22,79,96,6,32,24,144,56,83
20181130,서울특별시,11,관악구,11620,전라북도,45,6,128,28,48,73,0,26,15,117,49,81
20181130,서울특별시,11,관악구,11620,전라남도,46,24,109,12,41,56,3,20,19,110,46,62
20181130,서울특별시,11,관악구,11620,경상북도,47,15,144,27,63,104,7,13,31,128,59,96
20181130,서울특별시,11,노원구,11350,충청북도,43,9,68,8,28,49,3,37,9,156,34,33
20181130,서울특별시,11,성동구,11200,제주특별자치도,50,3,81,7,14,25,12,10,6,71,37,6
20181130,서울특별시,11,성동구,11200,경상남도,48,24,325,66,100,138,30,139,40,410,147,78
20181130,서울특별시,11,성동구,11200,경상북도,47,23,264,50,81,105,28,95,34,315,106,46
20181130,서울특별시,11,성동구,11200,전라남도,46,14,186,27,58,77,18,62,18,225,68,23
20181130,서울특별시,11,성동구,11200,전라북도,45,13,199,45,65,83,10,64,19,257,107,37
20181130,서울특별시,11,성동구,11200,충청남도,44,26,270,33,78,126,24,116,27,332,105,42
20181130,서울특별시,11,용산구,11170,충청남도,44,37,332,16,1208,215,43,126,32,245,78,59
20181130,서울특별시,11,용산구,11170,충청북도,43,25,229,17,858,172,54,99,20,178,50,56
20181130,서울특별시,11,용산구,11170,강원도,42,26,223,7,725,119,27,57,20,150,49,34
20181130,서울특별시,11,용산구,11170,경기도,41,307,2102,158,7763,1583,338,993,210,1867,615,488
20181130,서울특별시,11,용산구,11170,세종특별자치시,36,5,40,6,154,39,8,23,6,44,17,16
20181130,서울특별시,11,용산구,11170,울산광역시,31,13,110,0,388,74,18,54,10,108,29,33
20181130,서울특별시,11,용산구,11170,대전광역시,30,30,200,20,871,194,21,91,15,180,59,52
20181130,서울특별시,11,용산구,11170,광주광역시,29,25,152,9,438,90,18,73,11,109,50,46
20181130,서울특별시,11,용산구,11170,인천광역시,28,70,439,26,1647,357,98,233,33,345,135,100
20181130,서울특별시,11,용산구,11170,대구광역시,27,45,265,7,1002,224,55,137,18,286,99,76
20181130,서울특별시,11,용산구,11170,부산광역시,26,61,440,22,1689,301,64,175,42,383,116,111
20181130,서울특별시,11,용산구,11170,서울특별시,11,245,1957,101,7388,1503,299,890,147,1499,583,416
20181130,서울특별시,11,서대문구,11410,서울특별시,11,13,497,68,128,616,39,403,30,959,176,227
20181130,서울특별시,11,서대문구,11410,부산광역시,26,8,110,10,24,182,8,94,5,216,41,33
20181130,서울특별시,11,서대문구,11410,대구광역시,27,5,68,5,13,116,3,66,3,144,31,18
20181130,서울특별시,11,서대문구,11410,인천광역시,28,9,96,15,17,185,10,92,17,205,59,50
20181130,서울특별시,11,서대문구,11410,광주광역시,29,0,32,0,10,53,0,35,8,70,12,10
20181130,서울특별시,11,중구,11140,서울특별시,11,306,2715,553,314,1973,177,465,129,3838,1131,276
20181130,서울특별시,11,중구,11140,부산광역시,26,57,623,118,62,543,36,134,62,903,273,73
20181130,서울특별시,11,중구,11140,대구광역시,27,41,431,72,39,346,31,77,30,685,212,51
20181130,서울특별시,11,중구,11140,인천광역시,28,59,456,81,39,585,35,133,54,846,250,71
20181130,서울특별시,11,중구,11140,광주광역시,29,20,216,46,31,169,12,40,15,331,93,38
20181130,서울특별시,11,중구,11140,대전광역시,30,29,310,53,27,294,17,75,24,474,100,30
20181130,서울특별시,11,중구,11140,울산광역시,31,16,127,16,16,101,17,50,17,235,68,27
20181130,서울특별시,11,중구,11140,세종특별자치시,36,7,58,23,5,54,0,11,10,109,32,9
20181130,서울특별시,11,중구,11140,경기도,41,314,2268,462,345,2350,208,587,226,4153,1250,274
20181130,서울특별시,11,중구,11140,강원도,42,41,264,62,39,265,23,80,14,381,120,21
20181130,서울특별시,11,관악구,11620,경상남도,48,24,232,36,90,169,11,20,88,211,61,135
20181130,서울특별시,11,중구,11140,충청북도,43,35,274,63,47,232,25,89,20,451,103,47
20181130,서울특별시,11,중구,11140,충청남도,44,34,366,75,37,307,35,102,38,596,144,41
20181130,서울특별시,11,중구,11140,전라북도,45,35,273,47,39,265,24,69,22,496,126,32
20181130,서울특별시,11,중구,11140,전라남도,46,32,274,63,26,186,33,59,28,392,121,24
20181130,서울특별시,11,중구,11140,경상북도,47,39,403,84,60,304,29,99,49,585,164,56
20181130,서울특별시,11,중구,11140,경상남도,48,53,423,90,46,415,38,102,58,733,244,72
20181130,서울특별시,11,중구,11140,제주특별자치도,50,10,91,16,14,64,14,24,6,153,41,8
20181130,서울특별시,11,성동구,11200,충청북도,43,16,195,32,68,80,25,70,17,272,89,45
20181130,서울특별시,11,성동구,11200,강원도,42,17,239,36,62,89,20,71,20,219,71,30
20181130,서울특별시,11,강북구,11305,서울특별시,11,43,735,67,162,257,28,98,190,1483,444,207
20181130,서울특별시,11,강북구,11305,부산광역시,26,6,195,11,37,68,7,25,52,456,133,64
20181130,서울특별시,11,강북구,11305,대구광역시,27,14,146,3,25,42,0,17,46,340,67,38
20181130,서울특별시,11,강북구,11305,인천광역시,28,11,209,11,39,64,6,26,69,472,115,52
20181130,서울특별시,11,강북구,11305,광주광역시,29,3,72,0,6,15,0,5,10,173,25,18
20181130,서울특별시,11,강북구,11305,대전광역시,30,4,100,4,19,32,3,11,23,206,45,14
20181130,서울특별시,11,강북구,11305,울산광역시,31,3,55,0,8,16,5,5,17,132,31,14
20181130,서울특별시,11,노원구,11350,강원도,42,12,59,8,13,39,6,20,11,102,36,16
20181130,서울특별시,11,노원구,11350,경기도,41,99,704,80,326,441,80,271,128,1637,421,264
20181130,서울특별시,11,노원구,11350,세종특별자치시,36,0,12,0,0,8,0,5,0,24,6,0
20181130,서울특별시,11,노원구,11350,울산광역시,31,8,28,4,16,22,3,18,0,65,17,11
20181130,서울특별시,11,노원구,11350,대전광역시,30,7,71,0,21,26,8,32,11,133,40,33
20181130,서울특별시,11,노원구,11350,광주광역시,29,6,40,4,15,14,4,16,7,76,34,11
20181130,서울특별시,11,강남구,11680,서울특별시,11,181,2926,404,1072,1644,149,1114,143,3463,1027,2002
20181130,서울특별시,11,강남구,11680,부산광역시,26,45,548,41,244,311,33,268,37,744,237,433
20181130,서울특별시,11,강남구,11680,대구광역시,27,30,369,45,154,188,37,171,21,499,186,322
20181130,서울특별시,11,강남구,11680,인천광역시,28,48,424,38,216,316,31,269,35,576,198,451
20181130,서울특별시,11,강남구,11680,광주광역시,29,12,150,20,53,79,9,60,13,245,68,182
20181130,서울특별시,11,강남구,11680,대전광역시,30,20,206,21,103,192,18,107,20,332,99,185
20181130,서울특별시,11,강남구,11680,울산광역시,31,10,133,16,57,69,8,68,15,167,59,106
20181130,서울특별시,11,강남구,11680,세종특별자치시,36,9,39,0,14,53,5,23,6,62,27,63
20181130,서울특별시,11,강남구,11680,경기도,41,219,2507,353,1163,1746,187,1179,200,3447,972,1905
20181130,서울특별시,11,강남구,11680,강원도,42,22,166,9,96,153,32,138,23,216,85,187
20181130,서울특별시,11,강남구,11680,충청북도,43,20,182,33,125,177,14,134,13,329,80,206
20181130,서울특별시,11,강남구,11680,충청남도,44,18,278,34,157,186,23,151,28,388,120,221
20181130,서울특별시,11,강남구,11680,전라북도,45,15,193,18,83,125,18,108,26,288,107,176
20181130,서울특별시,11,강서구,11500,경기도,41,237,1518,257,809,1881,217,1697,272,2984,1198,1158
20181130,서울특별시,11,강서구,11500,세종특별자치시,36,13,30,4,19,43,3,37,6,46,21,29
20181130,서울특별시,11,강서구,11500,울산광역시,31,12,93,5,27,116,16,100,16,152,85,74
20181130,서울특별시,11,강서구,11500,대전광역시,30,25,159,20,101,199,23,172,60,304,119,124
20181130,서울특별시,11,강서구,11500,광주광역시,29,9,80,31,45,95,16,155,18,216,79,81
20181130,서울특별시,11,강서구,11500,인천광역시,28,59,382,37,148,416,42,387,55,629,255,248
20181130,서울특별시,11,노원구,11350,인천광역시,28,22,136,14,32,112,15,36,17,244,76,64
20181130,서울특별시,11,노원구,11350,대구광역시,27,19,89,5,20,66,7,21,8,206,55,28
20181130,서울특별시,11,노원구,11350,부산광역시,26,16,143,3,33,65,18,46,26,293,86,48
20181130,서울특별시,11,노원구,11350,서울특별시,11,66,603,58,309,396,71,262,98,1159,320,198
20181130,서울특별시,11,노원구,11350,전라북도,45,7,75,4,18,41,9,31,11,149,35,29
20181130,서울특별시,11,강동구,11740,전라남도,46,45,67,28,14,120,14,66,8,172,30,33
20181130,서울특별시,11,성북구,11290,서울특별시,11,189,2648,470,1185,4239,416,1067,354,10350,4536,1279
20181130,서울특별시,11,성북구,11290,부산광역시,26,57,641,72,322,542,118,224,115,3031,1173,364
20181130,서울특별시,11,성북구,11290,대구광역시,27,31,460,50,227,343,84,132,74,2154,901,241
20181130,서울특별시,11,성북구,11290,인천광역시,28,76,653,70,309,497,124,218,90,2993,1260,375
20181130,서울특별시,11,성북구,11290,광주광역시,29,11,190,26,106,139,28,47,37,1115,415,116
20181130,서울특별시,11,성북구,11290,대전광역시,30,28,320,31,125,259,38,102,69,1532,603,186
20181130,서울특별시,11,강남구,11680,전라남도,46,11,185,27,88,124,7,111,13,203,92,182
20181130,서울특별시,11,강남구,11680,경상북도,47,18,232,28,139,217,35,140,22,346,115,264
20181130,서울특별시,11,강남구,11680,경상남도,48,33,346,35,155,222,31,171,36,466,162,298
20181130,서울특별시,11,강남구,11680,제주특별자치도,50,5,70,13,33,38,4,24,9,99,29,71
20181130,서울특별시,11,종로구,11110,울산광역시,31,10,61,7,17,42,5,5,9,98,55,8
20181130,서울특별시,11,종로구,11110,세종특별자치시,36,0,21,5,7,26,0,0,4,48,22,0
20181130,서울특별시,11,종로구,11110,경기도,41,196,995,263,251,592,65,275,168,1482,1193,133
20181130,서울특별시,11,종로구,11110,강원도,42,28,132,27,27,51,6,24,28,171,112,18
20181130,서울특별시,11,종로구,11110,충청북도,43,32,116,36,29,62,8,14,25,206,109,14
20181130,서울특별시,11,종로구,11110,충청남도,44,41,139,26,31,91,7,37,33,226,221,25
20181130,서울특별시,11,종로구,11110,전라북도,45,20,135,31,31,55,0,29,27,162,147,22
20181130,서울특별시,11,종로구,11110,전라남도,46,18,113,30,35,47,10,30,15,197,122,26
20181130,서울특별시,11,종로구,11110,경상북도,47,37,150,24,35,89,6,23,22,257,193,19
20181130,서울특별시,11,종로구,11110,경상남도,48,35,156,30,47,126,11,36,36,321,221,31
20181130,서울특별시,11,종로구,11110,제주특별자치도,50,8,38,10,5,14,6,8,13,52,33,4
20181130,서울특별시,11,양천구,11470,제주특별자치도,50,13,24,0,12,42,5,11,3,19,0,32
20181130,서울특별시,11,양천구,11470,경상남도,48,60,105,4,94,197,37,101,33,153,79,147
20181130,서울특별시,11,양천구,11470,경상북도,47,55,80,6,65,161,22,72,34,102,60,125
20181130,서울특별시,11,양천구,11470,전라남도,46,36,57,11,28,110,25,67,24,71,30,87
20181130,서울특별시,11,양천구,11470,전라북도,45,31,67,0,46,119,21,48,7,104,44,88
20181130,서울특별시,11,양천구,11470,충청남도,44,54,96,11,82,194,26,77,30,102,61,111
20181130,서울특별시,11,양천구,11470,충청북도,43,43,71,20,55,144,22,111,25,124,41,76
20181130,서울특별시,11,양천구,11470,강원도,42,29,52,5,50,115,18,63,7,56,40,84
20181130,서울특별시,11,양천구,11470,경기도,41,299,742,74,506,1160,198,498,184,1068,423,740
20181130,서울특별시,11,양천구,11470,세종특별자치시,36,3,12,0,9,24,3,13,6,17,3,17
20181130,서울특별시,11,양천구,11470,울산광역시,31,10,34,0,22,70,8,17,6,58,16,54
20181130,서울특별시,11,양천구,11470,대전광역시,30,31,58,17,63,100,17,40,20,99,32,103
20181130,서울특별시,11,양천구,11470,광주광역시,29,19,36,0,35,71,14,25,12,65,20,65
20181130,서울특별시,11,양천구,11470,인천광역시,28,66,146,10,96,256,35,124,38,144,69,177
20181130,서울특별시,11,양천구,11470,대구광역시,27,68,87,3,60,194,29,84,35,149,54,153
20181130,서울특별시,11,양천구,11470,부산광역시,26,63,124,9,105,200,45,104,29,183,79,170
20181130,서울특별시,11,양천구,11470,서울특별시,11,234,616,69,432,749,115,423,115,736,298,1045
20181130,서울특별시,11,은평구,11380,서울특별시,11,114,803,112,302,548,135,301,100,972,350,426
20181130,서울특별시,11,은평구,11380,부산광역시,26,25,217,27,56,155,23,84,20,285,104,110
20181130,서울특별시,11,성북구,11290,울산광역시,31,20,166,16,74,134,34,56,38,820,324,79
20181130,서울특별시,11,성북구,11290,세종특별자치시,36,6,73,6,37,64,7,27,11,338,145,31
20181130,서울특별시,11,성북구,11290,경기도,41,273,3100,419,1558,2396,558,1053,542,13465,5585,1602
20181130,서울특별시,11,성북구,11290,강원도,42,35,354,47,130,252,44,117,47,1437,560,141
20181130,서울특별시,11,성북구,11290,충청북도,43,37,305,65,171,264,48,97,61,1630,636,163
20181130,서울특별시,11,성북구,11290,충청남도,44,42,417,56,225,416,76,131,88,2003,836,263
20181130,서울특별시,11,성북구,11290,전라북도,45,26,310,44,169,295,52,93,61,1794,676,162
20181130,서울특별시,11,성북구,11290,전라남도,46,27,263,56,157,223,39,82,58,1577,531,174
20181130,서울특별시,11,성북구,11290,경상북도,47,30,423,46,211,319,81,146,92,2099,799,252
20181130,서울특별시,11,성북구,11290,경상남도,48,50,601,92,258,501,105,172,137,2830,1175,343
20181130,서울특별시,11,성북구,11290,제주특별자치도,50,6,91,20,50,62,19,30,16,519,166,46
20181130,서울특별시,11,동작구,11590,경상남도,48,31,100,35,62,95,22,14,7,135,71,126
20181130,서울특별시,11,동작구,11590,제주특별자치도,50,5,22,5,10,9,3,4,0,19,22,13
20181130,서울특별시,11,노원구,11350,제주특별자치도,50,0,24,0,4,12,0,3,3,29,11,0
20181130,서울특별시,11,노원구,11350,경상남도,48,21,90,7,38,71,22,34,18,261,64,46
20181130,서울특별시,11,노원구,11350,경상북도,47,30,72,11,21,72,11,26,13,143,46,17
20181130,서울특별시,11,관악구,11620,제주특별자치도,50,5,37,0,16,16,4,5,4,28,17,12
20181130,서울특별시,11,강동구,11740,서울특별시,11,347,706,205,224,1159,110,646,88,1167,316,308
20181130,서울특별시,11,강동구,11740,부산광역시,26,74,185,56,37,306,32,153,21,346,98,86
20181130,서울특별시,11,종로구,11110,대전광역시,30,18,107,23,36,63,0,17,18,183,125,30
20181130,서울특별시,11,종로구,11110,광주광역시,29,14,109,11,12,34,0,11,9,149,87,12
20181130,서울특별시,11,종로구,11110,인천광역시,28,38,195,36,54,102,7,40,43,249,249,29
20181130,서울특별시,11,종로구,11110,대구광역시,27,21,112,40,36,95,10,24,19,274,173,38
20181130,서울특별시,11,종로구,11110,부산광역시,26,40,164,65,65,120,14,32,32,407,272,44
20181130,서울특별시,11,종로구,11110,서울특별시,11,166,1058,526,258,481,33,196,129,1245,937,171
20181130,서울특별시,11,은평구,11380,대구광역시,27,12,136,14,30,93,21,32,11,140,71,70
20181130,서울특별시,11,은평구,11380,인천광역시,28,25,251,23,82,151,27,64,31,307,76,125
20181130,서울특별시,11,은평구,11380,제주특별자치도,50,0,25,0,3,14,9,7,3,26,17,9
20181130,서울특별시,11,은평구,11380,경상남도,48,31,213,28,66,130,26,39,17,237,76,93
20181130,서울특별시,11,은평구,11380,경상북도,47,16,160,21,33,101,21,42,18,193,56,95
20181130,서울특별시,11,은평구,11380,전라남도,46,18,112,11,24,85,9,30,7,150,47,47
20181130,서울특별시,11,은평구,11380,전라북도,45,9,109,9,24,64,16,25,12,179,49,43
20181130,서울특별시,11,은평구,11380,충청남도,44,16,165,12,45,109,27,35,19,194,75,68
20181130,서울특별시,11,은평구,11380,충청북도,43,14,112,32,22,62,12,29,11,155,53,51
20181130,서울특별시,11,마포구,11440,제주특별자치도,50,6,66,38,76,56,0,15,9,45,50,8
20181130,서울특별시,11,마포구,11440,경상남도,48,36,315,106,361,288,27,170,39,317,244,67
20181130,서울특별시,11,마포구,11440,경상북도,47,31,269,67,237,276,29,125,43,209,197,56
20181130,서울특별시,11,마포구,11440,전라남도,46,26,227,67,219,123,10,83,64,150,123,40
20181130,서울특별시,11,마포구,11440,전라북도,45,26,200,87,139,190,14,104,29,208,152,37
20181130,서울특별시,11,마포구,11440,충청남도,44,30,227,76,192,210,26,110,39,236,202,44
20181130,서울특별시,11,마포구,11440,충청북도,43,27,210,69,159,144,16,97,39,214,154,35
20181130,서울특별시,11,마포구,11440,강원도,42,26,214,70,131,137,16,84,22,174,119,33
20181130,서울특별시,11,강동구,11740,대구광역시,27,50,97,33,38,213,14,99,12,239,49,46
20181130,서울특별시,11,강동구,11740,인천광역시,28,65,150,138,56,355,20,166,24,346,80,74
20181130,서울특별시,11,강동구,11740,광주광역시,29,8,58,15,17,77,7,34,6,123,23,21
20181130,서울특별시,11,강동구,11740,대전광역시,30,39,87,30,29,187,13,65,17,156,30,37
20181130,서울특별시,11,강동구,11740,울산광역시,31,12,37,22,14,71,11,44,7,89,25,14
20181130,서울특별시,11,강동구,11740,세종특별자치시,36,6,16,12,4,34,0,15,0,29,5,6
20181130,서울특별시,11,강동구,11740,경기도,41,312,817,302,268,1347,128,638,132,1814,396,321
20181130,서울특별시,11,강동구,11740,강원도,42,39,86,20,29,144,8,53,11,150,30,25
20181130,서울특별시,11,강동구,11740,충청북도,43,33,62,32,20,144,11,79,16,190,24,43
20181130,서울특별시,11,강동구,11740,충청남도,44,43,108,28,29,206,15,112,14,209,49,38
20181130,서울특별시,11,강동구,11740,전라북도,45,58,68,16,33,129,13,81,8,170,37,36
20181130,서울특별시,11,강동구,11740,경상북도,47,52,114,34,23,184,16,93,15,255,38,46
20181130,서울특별시,11,강동구,11740,제주특별자치도,50,17,26,5,7,34,0,5,0,47,7,14
20181130,서울특별시,11,강동구,11740,경상남도,48,52,142,58,45,219,12,111,16,323,59,59
20181130,서울특별시,11,동대문구,11230,서울특별시,11,383,1643,429,582,1076,123,1103,105,3423,875,372
20181130,서울특별시,11,동대문구,11230,부산광역시,26,85,409,147,142,322,36,371,25,959,230,103
20181130,서울특별시,11,동대문구,11230,대구광역시,27,61,342,119,116,225,32,238,29,667,168,64
20181130,서울특별시,11,동대문구,11230,인천광역시,28,90,507,132,139,318,42,318,52,959,208,83
20181130,서울특별시,11,동대문구,11230,광주광역시,29,30,144,61,50,96,9,90,11,309,67,30
20181130,서울특별시,11,동대문구,11230,대전광역시,30,54,243,64,87,142,21,143,22,450,108,58
20181130,서울특별시,11,마포구,11440,경기도,41,220,2044,712,1424,1367,186,823,272,1955,1368,402
20181130,서울특별시,11,마포구,11440,세종특별자치시,36,3,29,13,40,52,0,21,6,34,31,11
20181130,서울특별시,11,마포구,11440,울산광역시,31,12,95,28,79,92,8,39,17,83,89,27
20181130,서울특별시,11,마포구,11440,대전광역시,30,25,170,64,186,141,27,94,39,200,164,49
20181130,서울특별시,11,마포구,11440,광주광역시,29,16,157,40,166,92,11,52,28,124,121,26
20181130,서울특별시,11,마포구,11440,인천광역시,28,47,416,154,281,303,34,204,58,357,306,95
20181130,서울특별시,11,강서구,11500,강원도,42,18,123,24,62,175,21,137,19,269,110,118
20181130,서울특별시,11,강서구,11500,충청북도,43,24,146,33,91,227,26,159,26,326,141,127
20181130,서울특별시,11,동대문구,11230,울산광역시,31,26,117,55,41,78,7,104,11,271,59,24
20181130,서울특별시,11,동대문구,11230,세종특별자치시,36,9,66,29,21,34,0,37,0,117,30,7
20181130,서울특별시,11,동대문구,11230,경기도,41,443,2139,657,798,1539,163,1381,170,4257,943,469
20181130,서울특별시,11,동대문구,11230,강원도,42,55,228,56,84,194,11,161,23,389,98,52
20181130,서울특별시,11,동대문구,11230,충청북도,43,51,239,68,90,178,22,168,24,497,109,56
20181130,서울특별시,11,동대문구,11230,충청남도,44,64,346,71,124,278,23,237,33,613,150,72
20181130,서울특별시,11,동대문구,11230,전라북도,45,43,264,62,85,168,22,170,23,500,95,48
20181130,서울특별시,11,동대문구,11230,전라남도,46,35,225,48,69,161,16,153,12,444,104,54
20181130,서울특별시,11,동대문구,11230,경상북도,47,51,337,83,87,219,17,261,14,573,150,63
20181130,서울특별시,11,동대문구,11230,경상남도,48,71,424,118,117,257,31,334,42,838,183,99
20181130,서울특별시,11,동대문구,11230,제주특별자치도,50,24,79,30,27,54,4,35,8,154,31,9
20181130,서울특별시,11,강북구,11305,세종특별자치시,36,0,17,0,3,4,0,0,6,52,7,7
20181130,서울특별시,11,강북구,11305,경기도,41,58,998,54,187,318,43,99,281,2271,607,277
20181130,서울특별시,11,강북구,11305,강원도,42,8,111,6,10,43,3,9,25,203,48,18
20181130,서울특별시,11,강북구,11305,충청북도,43,4,124,3,14,39,3,15,35,270,50,39
20181130,서울특별시,11,강북구,11305,충청남도,44,15,136,3,18,34,6,17,32,326,81,42
20181130,서울특별시,11,강북구,11305,전라북도,45,0,106,7,14,30,4,16,32,275,46,19
20181130,서울특별시,11,강서구,11500,충청남도,44,40,201,26,103,275,22,216,74,409,192,145
20181130,서울특별시,11,강서구,11500,전라북도,45,11,130,19,75,197,23,161,28,306,138,131
20181130,서울특별시,11,강서구,11500,전라남도,46,25,111,23,73,196,21,140,25,249,117,139
20181130,서울특별시,11,강서구,11500,경상북도,47,29,183,24,98,290,24,210,43,380,184,184
20181130,서울특별시,11,강서구,11500,경상남도,48,50,240,33,125,364,40,330,44,529,244,220
20181130,서울특별시,11,강서구,11500,제주특별자치도,50,6,72,12,23,56,4,45,5,98,38,34
20181130,서울특별시,11,금천구,11545,서울특별시,11,540,1779,153,1433,1760,292,930,255,2578,1668,2305
20181130,서울특별시,11,금천구,11545,부산광역시,26,107,439,33,370,460,66,244,85,614,383,696
20181130,서울특별시,11,금천구,11545,대구광역시,27,82,323,24,226,301,42,130,63,430,305,440
20181130,서울특별시,11,중랑구,11260,서울특별시,11,260,1140,146,780,1135,106,455,285,2881,927,599
20181130,서울특별시,11,중랑구,11260,부산광역시,26,58,316,46,186,319,42,116,101,836,294,167
20181130,서울특별시,11,중랑구,11260,대구광역시,27,44,231,29,116,220,23,84,79,650,226,115
20181130,서울특별시,11,중랑구,11260,인천광역시,28,56,323,43,188,310,37,86,101,896,301,164
20181130,서울특별시,11,중랑구,11260,광주광역시,29,21,77,13,71,123,15,27,30,316,89,40
