"배송년월일","송하인_시명","송하인_시코드","송하인_구명","송하인_구코드","수하인_시명","수하인_시코드","대분류_착지물동량 가구/인테리어","대분류_착지물동량 기타","대분류_착지물동량 도서/음반","대분류_착지물동량 디지털/가전","대분류_착지물동량 생활/건강","대분류_착지물동량 스포츠/레저","대분류_착지물동량 식품","대분류_착지물동량 출산/육아","대분류_착지물동량 패션의류","대분류_착지물동량 패션잡화","대분류_착지물동량 화장품/미용"
20190401,서울특별시,11,노원구,11350,강원도,42,24,124,26,33,104,17,34,52,378,58,38
20190401,서울특별시,11,노원구,11350,경기도,41,180,1336,222,390,1201,191,467,460,3993,718,577
20190401,서울특별시,11,노원구,11350,세종특별자치시,36,8,39,6,14,25,4,22,21,110,28,9
20190401,서울특별시,11,노원구,11350,울산광역시,31,15,86,6,22,75,22,28,33,289,41,31
20190401,서울특별시,11,노원구,11350,대전광역시,30,14,140,22,45,100,13,44,43,396,74,60
20190401,서울특별시,11,노원구,11350,광주광역시,29,14,135,15,41,102,20,35,42,435,72,49
20190401,서울특별시,11,노원구,11350,인천광역시,28,46,272,96,74,216,26,113,116,776,125,137
20190401,서울특별시,11,노원구,11350,대구광역시,27,29,159,27,71,163,40,61,78,586,99,89
20190401,서울특별시,11,노원구,11350,부산광역시,26,30,263,29,53,218,45,96,97,744,144,102
20190401,서울특별시,11,노원구,11350,서울특별시,11,156,982,232,335,917,172,422,281,2762,566,480
20190401,서울특별시,11,은평구,11380,경상남도,48,44,382,63,131,355,123,138,78,864,204,364
20190401,서울특별시,11,은평구,11380,경상북도,47,44,309,39,91,264,80,97,59,632,186,273
20190401,서울특별시,11,은평구,11380,전라남도,46,26,243,31,57,155,56,74,47,399,127,158
20190401,서울특별시,11,은평구,11380,전라북도,45,23,205,39,65,185,53,78,40,468,112,162
20190401,서울특별시,11,은평구,11380,충청남도,44,49,251,55,96,242,70,101,70,546,149,230
20190401,서울특별시,11,은평구,11380,충청북도,43,28,196,36,69,188,60,88,38,429,114,156
20190401,서울특별시,11,은평구,11380,강원도,42,36,209,36,66,181,46,78,42,424,115,157
20190401,서울특별시,11,은평구,11380,경기도,41,282,1933,277,568,1687,458,691,405,4193,1036,1653
20190401,서울특별시,11,은평구,11380,세종특별자치시,36,5,60,6,10,38,8,13,9,94,26,37
20190401,서울특별시,11,은평구,11380,울산광역시,31,21,145,23,46,120,27,56,38,305,71,134
20190401,서울특별시,11,은평구,11380,대전광역시,30,24,208,23,52,172,48,59,28,346,116,162
20190401,서울특별시,11,금천구,11545,서울특별시,11,810,3446,528,3556,4213,554,2319,465,2511,3021,3642
20190401,서울특별시,11,금천구,11545,부산광역시,26,190,767,163,815,1119,168,551,126,716,614,1072
20190401,서울특별시,11,금천구,11545,대구광역시,27,139,609,83,604,748,135,378,100,470,418,789
20190401,서울특별시,11,금천구,11545,인천광역시,28,193,770,116,862,1203,127,544,135,626,632,1131
20190401,서울특별시,11,금천구,11545,광주광역시,29,82,426,64,445,511,74,261,67,386,340,486
20190401,서울특별시,11,금천구,11545,대전광역시,30,105,331,70,425,546,57,275,59,355,335,476
20190401,서울특별시,11,금천구,11545,울산광역시,31,87,264,41,276,402,50,203,66,228,194,363
20190401,서울특별시,11,금천구,11545,세종특별자치시,36,22,109,39,129,151,11,73,24,106,71,101
20190401,서울특별시,11,금천구,11545,경기도,41,901,4011,486,4211,5751,686,2687,728,3263,3468,4545
20190401,서울특별시,11,금천구,11545,강원도,42,106,400,53,432,582,54,235,78,311,295,459
20190401,서울특별시,11,금천구,11545,충청북도,43,101,412,62,511,579,74,277,74,324,304,479
20190401,서울특별시,11,은평구,11380,광주광역시,29,27,173,29,70,143,55,91,37,376,106,166
20190401,서울특별시,11,은평구,11380,인천광역시,28,45,420,42,125,397,80,127,109,886,206,399
20190401,서울특별시,11,은평구,11380,대구광역시,27,36,236,32,82,235,82,117,44,581,132,251
20190401,서울특별시,11,은평구,11380,부산광역시,26,48,389,68,111,381,98,139,67,916,232,380
20190401,서울특별시,11,은평구,11380,서울특별시,11,227,1371,228,545,1275,377,589,213,2866,692,1299
20190401,서울특별시,11,서초구,11650,세종특별자치시,36,14,87,34,29,57,4,53,11,44,29,47
20190401,서울특별시,11,서초구,11650,울산광역시,31,20,202,46,72,125,15,157,32,158,77,108
20190401,서울특별시,11,서초구,11650,대전광역시,30,32,390,106,126,199,30,241,25,179,126,161
20190401,서울특별시,11,서초구,11650,광주광역시,29,31,345,91,129,173,27,205,35,197,110,179
20190401,서울특별시,11,양천구,11470,경상남도,48,110,301,30,196,565,97,264,60,213,163,419
20190401,서울특별시,11,양천구,11470,제주특별자치도,50,4,37,5,26,40,8,11,7,20,22,73
20190401,서울특별시,11,영등포구,11560,제주특별자치도,50,4,80,28,121,52,6,61,6,52,21,24
20190401,서울특별시,11,영등포구,11560,경상남도,48,41,678,111,931,397,42,394,57,469,142,213
20190401,서울특별시,11,영등포구,11560,경상북도,47,30,482,57,708,466,29,338,22,286,120,147
20190401,서울특별시,11,영등포구,11560,전라남도,46,17,330,45,457,207,33,180,12,244,69,102
20190401,서울특별시,11,성동구,11200,대구광역시,27,81,560,63,200,409,68,214,105,717,183,145
20190401,서울특별시,11,성동구,11200,부산광역시,26,130,698,96,275,620,108,347,121,1017,268,198
20190401,서울특별시,11,금천구,11545,충청남도,44,148,611,77,626,783,84,357,109,452,410,657
20190401,서울특별시,11,금천구,11545,전라북도,45,148,441,74,458,516,71,253,76,406,319,508
20190401,서울특별시,11,금천구,11545,전라남도,46,114,385,77,437,546,87,228,71,334,271,475
20190401,서울특별시,11,금천구,11545,경상북도,47,155,537,99,628,841,96,366,90,433,405,730
20190401,서울특별시,11,금천구,11545,경상남도,48,207,756,234,851,1060,172,479,145,625,543,1019
20190401,서울특별시,11,금천구,11545,제주특별자치도,50,26,135,20,146,174,28,62,16,119,87,144
20190401,서울특별시,11,강남구,11680,서울특별시,11,410,3975,596,1816,2407,290,2441,482,5165,2021,3604
20190401,서울특별시,11,강남구,11680,부산광역시,26,73,807,100,318,575,53,514,135,1185,485,982
20190401,서울특별시,11,강남구,11680,대구광역시,27,53,616,88,232,448,38,386,101,741,319,660
20190401,서울특별시,11,강남구,11680,인천광역시,28,79,734,100,374,593,57,555,131,934,460,1068
20190401,서울특별시,11,강남구,11680,광주광역시,29,37,391,46,152,275,32,275,52,514,226,430
20190401,서울특별시,11,강남구,11680,대전광역시,30,28,407,44,167,241,33,257,71,512,210,419
20190401,서울특별시,11,강남구,11680,울산광역시,31,21,221,29,96,183,20,159,49,364,127,340
20190401,서울특별시,11,강남구,11680,세종특별자치시,36,11,91,17,44,61,11,65,37,134,48,99
20190401,서울특별시,11,강남구,11680,경기도,41,405,3919,508,1845,2626,341,2569,650,5357,2257,3883
20190401,서울특별시,11,강남구,11680,강원도,42,30,345,38,173,294,39,243,70,437,205,404
20190401,서울특별시,11,강남구,11680,충청북도,43,34,339,62,149,275,26,262,66,493,208,439
20190401,서울특별시,11,강남구,11680,충청남도,44,37,465,59,231,387,42,358,87,629,312,542
20190401,서울특별시,11,강남구,11680,전라북도,45,36,296,41,156,253,26,220,57,482,212,388
20190401,서울특별시,11,강남구,11680,전라남도,46,26,295,39,156,199,38,230,29,395,173,342
20190401,서울특별시,11,강남구,11680,경상북도,47,46,473,56,222,344,55,368,97,618,307,638
20190401,서울특별시,11,강남구,11680,경상남도,48,60,639,81,236,494,56,470,132,768,374,757
20190401,서울특별시,11,강남구,11680,제주특별자치도,50,23,128,18,45,68,9,70,28,203,84,114
20190401,서울특별시,11,광진구,11215,서울특별시,11,257,2064,237,1958,1981,179,1371,137,2284,902,859
20190401,서울특별시,11,광진구,11215,부산광역시,26,75,475,56,492,544,61,366,46,596,243,237
20190401,서울특별시,11,광진구,11215,대구광역시,27,46,302,32,303,396,57,239,34,385,156,159
20190401,서울특별시,11,광진구,11215,인천광역시,28,93,474,44,460,472,47,309,65,502,233,210
20190401,서울특별시,11,광진구,11215,광주광역시,29,33,218,21,222,238,32,138,26,291,124,76
20190401,서울특별시,11,광진구,11215,대전광역시,30,44,246,31,247,250,24,185,24,257,113,99
20190401,서울특별시,11,광진구,11215,울산광역시,31,24,151,10,162,161,30,99,10,208,76,69
20190401,서울특별시,11,광진구,11215,세종특별자치시,36,8,59,9,62,75,12,49,6,49,23,20
20190401,서울특별시,11,광진구,11215,경기도,41,382,2312,240,2222,2488,285,1787,257,2777,1083,944
20190401,서울특별시,11,광진구,11215,강원도,42,50,227,24,251,268,36,177,22,295,86,114
20190401,서울특별시,11,광진구,11215,충청북도,43,56,258,22,237,285,28,150,25,302,117,111
20190401,서울특별시,11,광진구,11215,충청남도,44,70,303,32,318,335,56,272,34,391,147,121
20190401,서울특별시,11,광진구,11215,전라북도,45,36,201,21,198,270,31,128,25,300,119,95
20190401,서울특별시,11,광진구,11215,전라남도,46,36,213,22,192,251,22,170,22,245,113,92
20190401,서울특별시,11,광진구,11215,경상북도,47,54,278,22,341,345,39,243,30,356,153,154
20190401,서울특별시,11,광진구,11215,경상남도,48,59,387,35,428,481,60,269,64,469,231,211
20190401,서울특별시,11,광진구,11215,제주특별자치도,50,12,54,0,68,72,6,17,3,94,44,35
20190401,서울특별시,11,영등포구,11560,전라북도,45,17,331,60,464,188,22,201,21,246,90,104
20190401,서울특별시,11,영등포구,11560,충청남도,44,36,421,105,681,336,28,326,15,296,113,154
20190401,서울특별시,11,영등포구,11560,충청북도,43,19,301,66,492,222,26,207,26,225,86,101
20190401,서울특별시,11,영등포구,11560,강원도,42,14,336,52,505,228,20,234,34,180,72,106
20190401,서울특별시,11,영등포구,11560,경기도,41,169,2921,757,4672,2162,217,1725,503,2425,770,899
20190401,서울특별시,11,영등포구,11560,세종특별자치시,36,6,87,23,119,56,3,45,0,42,26,20
20190401,서울특별시,11,영등포구,11560,울산광역시,31,13,205,35,336,173,21,151,15,170,61,71
20190401,서울특별시,11,영등포구,11560,대전광역시,30,15,313,81,527,263,24,215,19,206,102,106
20190401,서울특별시,11,영등포구,11560,광주광역시,29,22,309,46,487,201,27,182,18,224,61,110
20190401,서울특별시,11,영등포구,11560,인천광역시,28,46,624,153,949,458,29,429,49,413,144,238
20190401,서울특별시,11,영등포구,11560,대구광역시,27,31,413,106,676,288,22,338,20,308,104,156
20190401,서울특별시,11,영등포구,11560,부산광역시,26,40,672,184,911,471,43,443,36,464,190,226
20190401,서울특별시,11,영등포구,11560,서울특별시,11,143,2548,848,4375,1620,145,1492,103,1815,690,777
20190401,서울특별시,11,마포구,11440,대전광역시,30,24,283,119,197,326,5,284,46,415,371,115
20190401,서울특별시,11,마포구,11440,울산광역시,31,17,196,58,144,197,12,160,39,270,193,69
20190401,서울특별시,11,마포구,11440,세종특별자치시,36,4,77,33,61,84,0,79,20,94,59,26
20190401,서울특별시,11,마포구,11440,경기도,41,240,2924,1080,2030,3035,121,2517,517,3907,2738,1131
20190401,서울특별시,11,성동구,11200,인천광역시,28,147,716,102,227,563,85,301,96,969,227,221
20190401,서울특별시,11,성동구,11200,광주광역시,29,76,306,53,106,237,39,142,69,546,128,92
20190401,서울특별시,11,성동구,11200,대전광역시,30,49,360,42,127,321,47,174,63,516,118,82
20190401,서울특별시,11,성동구,11200,울산광역시,31,39,239,23,101,257,58,93,56,334,84,65
20190401,서울특별시,11,성동구,11200,세종특별자치시,36,11,84,17,27,68,7,52,21,107,25,18
20190401,서울특별시,11,성동구,11200,경기도,41,448,3478,497,1202,2563,471,1552,585,4896,1225,993
20190401,서울특별시,11,성동구,11200,강원도,42,34,315,31,112,276,53,153,36,467,110,112
20190401,서울특별시,11,성동구,11200,충청북도,43,38,337,40,110,313,67,151,57,507,103,101
20190401,서울특별시,11,성동구,11200,충청남도,44,63,480,56,159,391,105,239,70,671,145,135
20190401,서울특별시,11,성동구,11200,전라북도,45,62,317,36,123,288,45,192,56,494,116,92
20190401,서울특별시,11,성동구,11200,전라남도,46,22,314,38,79,329,46,162,58,436,96,87
20190401,서울특별시,11,성동구,11200,경상북도,47,62,425,82,188,475,97,230,101,650,150,163
20190401,서울특별시,11,성동구,11200,경상남도,48,115,577,80,233,496,101,253,131,876,197,168
20190401,서울특별시,11,성동구,11200,제주특별자치도,50,10,179,32,53,74,15,24,17,168,40,29
20190401,서울특별시,11,중랑구,11260,제주특별자치도,50,14,55,7,37,80,14,46,15,187,61,47
20190401,서울특별시,11,중랑구,11260,경상남도,48,128,587,68,392,755,144,472,178,1340,650,432
20190401,서울특별시,11,중랑구,11260,경상북도,47,99,444,42,229,606,89,305,150,1049,490,359
20190401,서울특별시,11,마포구,11440,강원도,42,23,274,114,216,296,9,246,45,414,335,105
20190401,서울특별시,11,마포구,11440,충청북도,43,26,269,102,202,300,12,274,37,452,350,96
20190401,서울특별시,11,마포구,11440,충청남도,44,37,390,141,286,460,23,342,82,523,436,154
20190401,서울특별시,11,마포구,11440,전라북도,45,16,295,104,233,297,19,246,33,436,342,102
20190401,서울특별시,11,마포구,11440,전라남도,46,25,244,115,190,274,13,235,51,384,291,82
20190401,서울특별시,11,마포구,11440,경상북도,47,27,476,131,272,485,22,367,59,593,432,158
20190401,서울특별시,11,마포구,11440,경상남도,48,41,527,175,388,621,28,515,91,660,548,195
20190401,서울특별시,11,마포구,11440,제주특별자치도,50,7,91,38,67,90,3,71,13,184,99,37
20190401,서울특별시,11,도봉구,11320,광주광역시,29,49,259,121,297,126,12,167,45,274,211,339
20190401,서울특별시,11,도봉구,11320,대전광역시,30,43,293,92,282,142,26,194,55,258,222,302
20190401,서울특별시,11,도봉구,11320,울산광역시,31,32,185,63,225,109,23,123,41,203,147,231
20190401,서울특별시,11,도봉구,11320,세종특별자치시,36,13,51,16,70,26,7,48,15,57,52,73
20190401,서울특별시,11,도봉구,11320,경기도,41,453,2666,895,2850,1652,270,1646,591,2592,1864,2833
20190401,서울특별시,11,도봉구,11320,강원도,42,37,296,63,320,142,27,214,44,262,187,307
20190401,서울특별시,11,도봉구,11320,충청북도,43,44,297,56,286,152,33,199,49,272,190,337
20190401,서울특별시,11,도봉구,11320,충청남도,44,72,432,99,398,215,45,253,67,373,299,406
20190401,서울특별시,11,도봉구,11320,전라북도,45,44,277,127,291,142,24,177,48,281,223,348
20190401,서울특별시,11,중랑구,11260,전라남도,46,64,298,34,163,410,86,193,82,698,350,220
20190401,서울특별시,11,중랑구,11260,전라북도,45,72,351,43,178,416,60,202,87,745,342,249
20190401,서울특별시,11,중랑구,11260,충청남도,44,118,465,37,266,627,93,288,129,1072,483,308
20190401,서울특별시,11,중랑구,11260,충청북도,43,70,333,31,181,415,64,219,108,763,338,241
20190401,서울특별시,11,중랑구,11260,강원도,42,71,289,34,169,418,41,237,92,650,279,253
20190401,서울특별시,11,중랑구,11260,경기도,41,690,3088,356,1631,4029,532,2250,839,6677,2829,2135
20190401,서울특별시,11,중랑구,11260,세종특별자치시,36,17,57,9,39,107,13,57,31,159,92,63
20190401,서울특별시,11,중랑구,11260,울산광역시,31,50,241,23,108,286,47,150,85,536,234,138
20190401,서울특별시,11,중랑구,11260,대전광역시,30,64,327,25,185,397,49,252,86,762,309,211
20190401,서울특별시,11,중랑구,11260,광주광역시,29,58,277,36,165,388,49,201,79,735,391,247
20190401,서울특별시,11,중랑구,11260,인천광역시,28,133,593,78,361,901,112,467,179,1433,614,480
20190401,서울특별시,11,중랑구,11260,대구광역시,27,91,389,55,264,598,79,324,139,1050,470,376
20190401,서울특별시,11,중랑구,11260,부산광역시,26,136,515,52,339,800,100,484,159,1388,671,472
20190401,서울특별시,11,중랑구,11260,서울특별시,11,518,2224,304,1240,2912,354,1825,512,4910,2140,1611
20190401,서울특별시,11,중구,11140,제주특별자치도,50,18,115,23,27,56,21,11,9,276,93,14
20190401,서울특별시,11,중구,11140,경상남도,48,121,624,88,102,450,155,133,65,1541,415,82
20190401,서울특별시,11,중구,11140,경상북도,47,88,521,57,82,369,121,103,36,1183,344,56
20190401,서울특별시,11,강서구,11500,제주특별자치도,50,13,129,22,51,111,13,108,25,207,68,63
20190401,서울특별시,11,강서구,11500,경상남도,48,87,790,113,369,895,140,892,253,1610,489,800
20190401,서울특별시,11,강서구,11500,경상북도,47,75,653,91,365,728,150,789,177,1477,453,705
20190401,서울특별시,11,강서구,11500,전라남도,46,33,346,64,200,437,89,439,100,837,294,416
20190401,서울특별시,11,강서구,11500,전라북도,45,61,389,83,208,470,78,458,120,913,289,435
20190401,서울특별시,11,도봉구,11320,전라남도,46,27,248,71,258,144,22,140,61,265,212,295
20190401,서울특별시,11,도봉구,11320,경상북도,47,63,436,130,460,237,44,281,74,398,341,525
20190401,서울특별시,11,도봉구,11320,경상남도,48,97,511,152,569,276,43,316,112,539,409,649
20190401,서울특별시,11,도봉구,11320,제주특별자치도,50,15,77,38,50,38,6,48,11,82,31,63
20190401,서울특별시,11,양천구,11470,전라북도,45,44,157,25,135,292,48,147,27,113,71,240
20190401,서울특별시,11,양천구,11470,전라남도,46,50,148,11,125,280,34,125,35,108,79,214
20190401,서울특별시,11,양천구,11470,경상북도,47,88,261,21,162,478,60,220,66,137,130,341
20190401,서울특별시,11,양천구,11470,충청남도,44,98,216,30,181,395,65,197,38,151,112,321
20190401,서울특별시,11,도봉구,11320,서울특별시,11,323,1995,680,2328,1172,234,1498,328,1657,1292,2281
20190401,서울특별시,11,도봉구,11320,부산광역시,26,99,512,156,633,325,57,384,110,551,417,675
20190401,서울특별시,11,도봉구,11320,대구광역시,27,69,378,170,397,223,35,279,82,373,292,507
20190401,서울특별시,11,도봉구,11320,인천광역시,28,89,579,113,540,326,40,379,139,489,404,660
20190401,서울특별시,11,서초구,11650,제주특별자치도,50,13,143,37,31,36,16,61,5,65,21,57
20190401,서울특별시,11,관악구,11620,제주특별자치도,50,12,57,19,22,21,0,18,6,54,11,36
20190401,서울특별시,11,서초구,11650,경상남도,48,76,632,138,208,360,68,470,38,312,192,284
20190401,서울특별시,11,서초구,11650,경상북도,47,73,543,119,158,279,45,343,34,241,158,261
20190401,서울특별시,11,서초구,11650,전라남도,46,33,317,53,103,209,23,211,21,156,80,143
20190401,서울특별시,11,강서구,11500,충청남도,44,94,604,96,310,704,156,666,168,1327,490,580
20190401,서울특별시,11,강서구,11500,충청북도,43,49,431,70,275,494,88,532,132,982,325,417
20190401,서울특별시,11,강서구,11500,강원도,42,65,362,59,329,552,163,547,112,1324,413,551
20190401,서울특별시,11,강서구,11500,경기도,41,466,4166,757,1827,4205,456,4509,997,6426,2111,3221
20190401,서울특별시,11,강서구,11500,세종특별자치시,36,10,122,16,61,111,19,123,35,162,71,99
20190401,서울특별시,11,강서구,11500,울산광역시,31,43,330,57,115,308,32,338,95,444,169,230
20190401,서울특별시,11,강서구,11500,대전광역시,30,46,445,78,198,411,35,455,134,631,237,314
20190401,서울특별시,11,강서구,11500,광주광역시,29,45,365,74,181,342,38,391,94,650,210,354
20190401,서울특별시,11,강서구,11500,인천광역시,28,118,957,159,373,829,89,964,208,1283,453,650
20190401,서울특별시,11,강서구,11500,대구광역시,27,97,673,103,251,617,63,604,184,874,329,463
20190401,서울특별시,11,강서구,11500,부산광역시,26,100,853,161,403,833,76,1105,221,1296,486,666
20190401,서울특별시,11,강서구,11500,서울특별시,11,368,3053,729,1431,3008,285,3576,610,4191,1547,2435
20190401,서울특별시,11,중구,11140,전라남도,46,48,357,37,58,267,63,65,31,775,220,29
20190401,서울특별시,11,중구,11140,전라북도,45,53,315,38,63,254,66,55,17,1007,270,26
20190401,서울특별시,11,중구,11140,충청남도,44,66,397,59,97,310,109,122,42,1121,346,46
20190401,서울특별시,11,중구,11140,충청북도,43,53,336,58,105,249,79,96,28,930,262,31
20190401,서울특별시,11,중구,11140,강원도,42,72,298,33,76,227,76,95,27,777,230,36
20190401,서울특별시,11,중구,11140,경기도,41,585,2920,421,676,2413,722,720,290,8009,2420,392
20190401,서울특별시,11,중구,11140,세종특별자치시,36,17,92,21,16,63,24,28,12,204,59,5
20190401,서울특별시,11,중구,11140,울산광역시,31,47,243,25,40,190,51,49,30,613,203,14
20190401,서울특별시,11,중구,11140,대전광역시,30,57,317,52,83,250,66,89,29,923,285,43
20190401,서울특별시,11,중구,11140,광주광역시,29,50,385,52,68,228,51,58,42,996,278,32
20190401,서울특별시,11,중구,11140,인천광역시,28,127,571,77,145,489,125,163,51,1661,504,99
20190401,서울특별시,11,중구,11140,대구광역시,27,75,558,67,97,344,88,80,51,1346,409,60
20190401,서울특별시,11,중구,11140,부산광역시,26,92,701,110,138,554,140,158,58,1757,548,93
20190401,서울특별시,11,중구,11140,서울특별시,11,518,2986,399,592,2115,481,588,229,7362,2086,345
20190401,서울특별시,11,마포구,11440,서울특별시,11,199,2821,1191,1612,2710,101,2275,366,3552,2462,928
20190401,서울특별시,11,마포구,11440,부산광역시,26,46,654,242,403,651,21,589,82,813,649,211
20190401,서울특별시,11,마포구,11440,대구광역시,27,35,480,153,299,501,21,371,58,604,453,169
20190401,서울특별시,11,마포구,11440,인천광역시,28,60,639,226,421,627,25,572,128,718,577,242
20190401,서울특별시,11,성동구,11200,서울특별시,11,412,3413,438,1163,2073,358,1257,488,4243,1269,918
20190401,서울특별시,11,마포구,11440,광주광역시,29,20,290,80,173,308,8,281,42,401,395,114
20190401,서울특별시,11,성북구,11290,서울특별시,11,423,4196,429,2234,3826,815,2720,638,15415,6622,3379
20190401,서울특별시,11,성북구,11290,부산광역시,26,116,1256,88,616,1094,186,838,202,4494,1902,953
20190401,서울특별시,11,성북구,11290,대구광역시,27,73,811,63,452,767,123,526,156,3353,1369,713
20190401,서울특별시,11,성북구,11290,인천광역시,28,110,1151,78,611,1017,201,679,229,4364,1749,928
20190401,서울특별시,11,성북구,11290,광주광역시,29,64,577,40,301,482,117,329,107,2506,1034,464
20190401,서울특별시,11,성북구,11290,대전광역시,30,74,573,83,339,553,110,327,107,2371,1000,477
20190401,서울특별시,11,성북구,11290,울산광역시,31,46,422,38,260,364,86,222,97,1623,626,305
20190401,서울특별시,11,성북구,11290,세종특별자치시,36,20,118,17,67,121,28,75,35,547,219,109
20190401,서울특별시,11,성북구,11290,경기도,41,566,5366,436,2941,5116,1023,3430,935,20307,8177,4415
20190401,서울특별시,11,서대문구,11410,제주특별자치도,50,3,28,4,7,36,0,16,7,36,12,28
20190401,서울특별시,11,서대문구,11410,경상남도,48,12,176,37,46,446,18,226,68,293,81,146
20190401,서울특별시,11,서대문구,11410,경상북도,47,7,101,28,41,310,16,169,45,230,57,100
20190401,서울특별시,11,서대문구,11410,전라남도,46,5,72,23,24,233,10,118,39,128,45,72
20190401,서울특별시,11,서대문구,11410,전라북도,45,8,61,45,29,206,11,120,35,190,44,69
20190401,서울특별시,11,서대문구,11410,충청남도,44,9,126,23,45,306,14,178,45,213,49,120
20190401,서울특별시,11,서대문구,11410,충청북도,43,7,88,33,28,268,5,110,28,185,43,75
20190401,서울특별시,11,서대문구,11410,강원도,42,7,66,20,36,230,13,92,33,145,39,69
20190401,서울특별시,11,서대문구,11410,경기도,41,83,790,172,331,1944,123,994,209,1670,436,791
20190401,서울특별시,11,서대문구,11410,세종특별자치시,36,0,13,9,9,38,6,27,5,48,8,17
20190401,서울특별시,11,서대문구,11410,울산광역시,31,0,60,13,24,137,12,67,30,126,32,70
20190401,서울특별시,11,종로구,11110,서울특별시,11,297,2614,466,471,1000,55,360,192,1547,1154,322
20190401,서울특별시,11,종로구,11110,부산광역시,26,57,428,84,118,316,9,103,54,455,303,67
20190401,서울특별시,11,종로구,11110,대구광역시,27,54,489,46,88,211,14,80,48,316,219,62
20190401,서울특별시,11,종로구,11110,인천광역시,28,67,574,86,103,239,18,89,65,329,324,73
20190401,서울특별시,11,종로구,11110,광주광역시,29,33,271,39,48,120,8,43,42,240,156,37
20190401,서울특별시,11,종로구,11110,대전광역시,30,38,308,76,61,159,7,33,37,215,157,47
20190401,서울특별시,11,종로구,11110,울산광역시,31,18,149,23,26,110,6,21,18,161,112,31
20190401,서울특별시,11,종로구,11110,세종특별자치시,36,10,77,12,15,36,3,14,8,57,32,11
20190401,서울특별시,11,종로구,11110,경기도,41,329,2734,451,519,1403,91,555,340,1865,1566,335
20190401,서울특별시,11,종로구,11110,강원도,42,33,255,39,53,178,5,88,51,187,175,42
20190401,서울특별시,11,종로구,11110,충청북도,43,42,282,54,62,164,7,55,32,225,170,40
20190401,서울특별시,11,강동구,11740,서울특별시,11,730,1317,838,400,2034,192,1688,161,1373,621,572
20190401,서울특별시,11,서대문구,11410,대전광역시,30,12,83,18,27,222,19,101,29,150,27,91
20190401,서울특별시,11,서대문구,11410,광주광역시,29,5,75,27,18,193,12,104,32,184,41,69
20190401,서울특별시,11,송파구,11710,서울특별시,11,171,2377,447,1454,1871,272,2924,229,4472,1316,1422
20190401,서울특별시,11,송파구,11710,부산광역시,26,42,534,65,329,516,73,578,69,1169,367,391
20190401,서울특별시,11,송파구,11710,대구광역시,27,62,445,115,168,399,40,344,57,848,244,296
20190401,서울특별시,11,송파구,11710,인천광역시,28,46,547,72,460,533,56,596,68,1128,326,408
20190401,서울특별시,11,송파구,11710,광주광역시,29,17,293,38,113,268,32,223,46,624,166,188
20190401,서울특별시,11,송파구,11710,대전광역시,30,23,259,45,152,265,43,217,36,625,182,184
20190401,서울특별시,11,송파구,11710,울산광역시,31,12,164,32,50,191,47,174,21,416,97,133
20190401,서울특별시,11,송파구,11710,세종특별자치시,36,6,56,12,37,74,8,67,9,161,46,47
20190401,서울특별시,11,송파구,11710,경기도,41,261,2666,450,1721,2623,382,3291,377,5803,1632,1758
20190401,서울특별시,11,송파구,11710,강원도,42,12,256,20,140,321,36,263,38,561,167,164
20190401,서울특별시,11,송파구,11710,충청북도,43,21,242,49,150,296,41,257,47,602,170,190
20190401,서울특별시,11,송파구,11710,충청남도,44,23,409,57,215,456,34,352,45,816,227,240
20190401,서울특별시,11,송파구,11710,전라북도,45,18,301,51,105,250,31,245,21,609,159,182
20190401,서울특별시,11,송파구,11710,전라남도,46,21,272,36,87,260,33,253,34,525,136,157
20190401,서울특별시,11,송파구,11710,경상북도,47,28,378,72,161,381,45,371,54,835,258,273
20190401,서울특별시,11,구로구,11530,제주특별자치도,50,6,88,9,29,114,13,98,200,55,33,69
20190401,서울특별시,11,구로구,11530,경상남도,48,37,572,65,192,709,61,524,93,422,224,591
20190401,서울특별시,11,구로구,11530,경상북도,47,39,402,60,144,580,48,334,48,327,145,409
20190401,서울특별시,11,구로구,11530,전라남도,46,21,271,23,117,322,21,178,28,241,124,288
20190401,서울특별시,11,구로구,11530,전라북도,45,14,286,52,137,390,39,198,30,251,121,330
20190401,서울특별시,11,구로구,11530,충청남도,44,32,375,54,203,527,52,332,149,351,160,373
20190401,서울특별시,11,구로구,11530,충청북도,43,34,272,34,113,397,39,228,35,261,112,284
20190401,서울특별시,11,구로구,11530,강원도,42,16,258,37,98,352,34,215,24,208,86,262
20190401,서울특별시,11,구로구,11530,경기도,41,253,2584,462,1031,3605,293,1893,244,2357,904,2631
20190401,서울특별시,11,구로구,11530,세종특별자치시,36,4,71,13,23,90,7,35,46,58,29,59
20190401,서울특별시,11,구로구,11530,울산광역시,31,21,187,37,67,291,21,157,32,168,66,199
20190401,서울특별시,11,구로구,11530,대전광역시,30,18,253,38,133,441,29,196,417,230,90,296
20190401,서울특별시,11,구로구,11530,광주광역시,29,17,273,35,122,326,31,213,21,223,104,261
20190401,서울특별시,11,구로구,11530,인천광역시,28,52,511,85,218,848,52,397,178,427,201,617
20190401,서울특별시,11,구로구,11530,대구광역시,27,26,409,76,178,555,46,293,47,334,152,396
20190401,서울특별시,11,구로구,11530,부산광역시,26,48,557,95,252,809,63,504,62,404,227,572
20190401,서울특별시,11,구로구,11530,서울특별시,11,148,1983,449,878,2960,163,1345,169,1601,739,2114
20190401,서울특별시,11,용산구,11170,제주특별자치도,50,10,124,8,540,98,9,23,7,95,43,15
20190401,서울특별시,11,용산구,11170,경상남도,48,67,717,44,3541,576,50,114,79,576,219,134
20190401,서울특별시,11,용산구,11170,경상북도,47,40,621,45,2927,456,38,105,70,424,174,108
20190401,서울특별시,11,용산구,11170,전라남도,46,24,376,26,1760,303,24,61,31,256,134,57
20190401,서울특별시,11,강동구,11740,부산광역시,26,168,326,273,61,496,42,481,60,348,159,157
20190401,서울특별시,11,강동구,11740,대구광역시,27,135,229,226,48,366,35,293,56,210,98,103
20190401,서울특별시,11,강동구,11740,인천광역시,28,173,336,198,81,501,50,405,51,328,151,166
20190401,서울특별시,11,강동구,11740,광주광역시,29,107,146,99,52,228,17,163,18,133,73,60
20190401,서울특별시,11,강동구,11740,대전광역시,30,94,158,142,53,258,31,191,14,168,78,82
20190401,서울특별시,11,강동구,11740,울산광역시,31,80,98,92,26,203,12,129,21,88,51,47
20190401,서울특별시,11,강동구,11740,세종특별자치시,36,22,35,52,9,64,3,38,13,24,17,10
20190401,서울특별시,11,강동구,11740,경기도,41,914,1689,1013,467,2400,279,1802,233,1804,761,752
20190401,서울특별시,11,강동구,11740,강원도,42,85,165,89,35,226,31,204,26,131,74,67
20190401,서울특별시,11,강동구,11740,충청북도,43,80,153,96,59,290,26,228,23,162,62,84
20190401,서울특별시,11,강동구,11740,충청남도,44,122,230,137,83,390,39,293,45,208,112,99
20190401,서울특별시,11,강동구,11740,전라북도,45,98,149,102,33,275,22,210,28,144,84,78
20190401,서울특별시,11,강동구,11740,전라남도,46,102,131,105,46,289,22,184,28,118,51,74
20190401,서울특별시,11,강동구,11740,경상북도,47,151,241,140,70,361,34,357,40,206,73,123
20190401,서울특별시,11,강동구,11740,경상남도,48,187,315,186,75,496,55,376,52,267,122,164
20190401,서울특별시,11,강동구,11740,제주특별자치도,50,19,37,14,12,58,8,39,5,44,17,15
20190401,서울특별시,11,서대문구,11410,인천광역시,28,7,173,30,41,390,17,230,48,317,67,170
20190401,서울특별시,11,용산구,11170,전라북도,45,31,343,32,1942,331,25,70,47,269,134,77
20190401,서울특별시,11,용산구,11170,충청남도,44,36,560,36,3033,455,43,86,70,370,180,84
20190401,서울특별시,11,용산구,11170,충청북도,43,33,370,32,2218,306,34,80,42,287,121,68
20190401,서울특별시,11,용산구,11170,강원도,42,36,345,32,1986,318,29,51,43,267,119,59
20190401,서울특별시,11,용산구,11170,경기도,41,313,3931,337,20221,2962,325,702,479,3122,1424,594
20190401,서울특별시,11,용산구,11170,세종특별자치시,36,7,95,6,476,85,10,18,19,87,39,17
20190401,서울특별시,11,용산구,11170,울산광역시,31,27,306,14,1335,240,37,38,28,221,99,36
20190401,서울특별시,11,용산구,11170,대전광역시,30,23,468,31,2384,321,25,69,43,297,154,74
20190401,서울특별시,11,용산구,11170,광주광역시,29,26,350,35,1802,308,26,62,43,272,138,62
20190401,서울특별시,11,용산구,11170,인천광역시,28,58,746,51,3922,665,68,131,86,609,295,137
20190401,서울특별시,11,용산구,11170,대구광역시,27,43,563,32,2830,439,47,99,62,434,190,100
20190401,서울특별시,11,용산구,11170,부산광역시,26,74,772,55,3957,712,76,131,86,611,278,130
20190401,서울특별시,11,용산구,11170,서울특별시,11,263,3239,364,17954,2501,228,535,371,2609,1153,510
20190401,서울특별시,11,서대문구,11410,대구광역시,27,8,124,32,39,277,9,151,31,228,59,97
20190401,서울특별시,11,서대문구,11410,부산광역시,26,17,177,51,48,413,35,231,67,296,93,136
20190401,서울특별시,11,서대문구,11410,서울특별시,11,49,795,386,258,1458,114,783,165,1395,323,509
20190401,서울특별시,11,관악구,11620,경상남도,48,67,273,90,104,213,12,92,27,302,107,368
20190401,서울특별시,11,관악구,11620,경상북도,47,41,229,66,116,134,13,69,18,253,87,352
20190401,서울특별시,11,관악구,11620,전라남도,46,26,153,36,65,77,6,55,11,169,48,201
20190401,서울특별시,11,관악구,11620,전라북도,45,28,152,61,86,121,5,49,8,182,51,188
20190401,서울특별시,11,양천구,11470,충청북도,43,58,189,34,140,312,33,145,35,135,78,239
20190401,서울특별시,11,관악구,11620,충청남도,44,40,238,51,118,143,9,88,11,249,75,225
20190401,서울특별시,11,관악구,11620,충청북도,43,28,154,53,75,117,11,56,7,215,50,183
20190401,서울특별시,11,관악구,11620,강원도,42,23,135,53,62,95,12,54,11,202,51,199
20190401,서울특별시,11,관악구,11620,경기도,41,331,1482,514,618,1006,70,543,97,1903,544,1906
20190401,서울특별시,11,관악구,11620,세종특별자치시,36,11,50,14,10,21,0,13,4,37,13,45
20190401,서울특별시,11,관악구,11620,울산광역시,31,25,109,38,45,53,6,59,10,108,30,145
20190401,서울특별시,11,관악구,11620,대전광역시,30,27,141,63,93,88,9,47,12,205,60,237
20190401,서울특별시,11,강북구,11305,제주특별자치도,50,5,40,4,6,20,0,7,19,118,24,5
20190401,서울특별시,11,강북구,11305,경상남도,48,27,220,11,62,156,21,55,143,813,155,44
20190401,서울특별시,11,강북구,11305,경상북도,47,24,202,21,46,113,14,57,120,656,120,34
20190401,서울특별시,11,강북구,11305,전라남도,46,11,124,13,38,80,4,36,55,429,83,18
20190401,서울특별시,11,강북구,11305,전라북도,45,14,122,13,28,81,9,29,82,449,76,29
20190401,서울특별시,11,강북구,11305,충청남도,44,18,149,25,43,110,12,52,86,690,127,33
20190401,서울특별시,11,강북구,11305,충청북도,43,15,119,14,42,99,10,26,74,495,112,27
20190401,서울특별시,11,강북구,11305,강원도,42,20,116,15,37,85,7,43,62,416,85,22
20190401,서울특별시,11,강북구,11305,경기도,41,151,1123,152,318,893,92,302,605,4226,823,279
20190401,서울특별시,11,강북구,11305,세종특별자치시,36,6,42,0,11,30,4,10,20,89,18,7
20190401,서울특별시,11,강북구,11305,울산광역시,31,11,78,5,20,45,0,22,35,343,66,23
20190401,서울특별시,11,강북구,11305,대전광역시,30,23,127,17,45,114,6,22,72,398,75,28
20190401,서울특별시,11,강북구,11305,광주광역시,29,14,121,20,38,68,6,27,58,507,72,24
20190401,서울특별시,11,강북구,11305,인천광역시,28,37,225,32,73,190,20,64,140,865,173,56
20190401,서울특별시,11,강북구,11305,대구광역시,27,19,159,19,52,114,7,55,78,625,126,39
20190401,서울특별시,11,강북구,11305,부산광역시,26,23,255,16,51,197,14,59,145,816,182,53
20190401,서울특별시,11,강북구,11305,서울특별시,11,115,864,98,279,693,61,244,392,2887,585,204
20190401,서울특별시,11,종로구,11110,충청남도,44,53,354,62,77,239,7,97,57,255,209,55
20190401,서울특별시,11,동대문구,11230,서울특별시,11,759,2248,284,1016,2350,145,3559,306,6381,1334,1192
20190401,서울특별시,11,동대문구,11230,부산광역시,26,161,618,77,283,649,49,1159,107,1850,379,364
20190401,서울특별시,11,동대문구,11230,대구광역시,27,127,496,55,203,504,31,753,72,1367,249,251
20190401,서울특별시,11,동대문구,11230,인천광역시,28,195,646,81,261,729,50,1111,143,1855,380,353
20190401,서울특별시,11,동대문구,11230,광주광역시,29,72,328,41,136,364,23,518,88,944,161,151
20190401,서울특별시,11,동대문구,11230,대전광역시,30,99,302,50,152,342,25,570,48,922,190,169
20190401,서울특별시,11,동대문구,11230,울산광역시,31,62,239,30,105,253,21,442,55,682,130,122
20190401,서울특별시,11,동대문구,11230,세종특별자치시,36,31,73,18,39,92,8,116,14,201,46,48
20190401,서울특별시,11,동대문구,11230,경기도,41,903,2984,380,1295,3551,262,4845,560,8419,1674,1574
20190401,서울특별시,11,동대문구,11230,강원도,42,105,333,37,147,414,27,561,57,821,188,133
20190401,서울특별시,11,동대문구,11230,충청북도,43,101,342,48,119,352,31,605,74,920,216,182
20190401,서울특별시,11,동대문구,11230,충청남도,44,146,491,65,191,550,40,757,109,1220,243,229
20190401,서울특별시,11,동대문구,11230,전라북도,45,72,336,38,130,395,36,500,67,960,196,192
20190401,서울특별시,11,동대문구,11230,전라남도,46,82,346,35,117,388,22,542,54,817,172,163
20190401,서울특별시,11,동대문구,11230,경상북도,47,126,520,66,225,616,53,874,97,1264,255,252
20190401,서울특별시,11,동대문구,11230,경상남도,48,133,641,76,272,733,57,1066,108,1712,325,370
20190401,서울특별시,11,동대문구,11230,제주특별자치도,50,36,119,13,37,71,9,87,27,242,48,24
20190401,서울특별시,11,종로구,11110,전라북도,45,34,250,42,57,161,8,59,76,239,150,49
20190401,서울특별시,11,종로구,11110,전라남도,46,38,245,24,44,183,11,61,46,242,162,35
20190401,서울특별시,11,종로구,11110,경상북도,47,55,402,42,81,261,9,52,38,311,251,68
20190401,서울특별시,11,종로구,11110,경상남도,48,106,419,63,99,359,11,85,54,413,292,86
20190401,서울특별시,11,종로구,11110,제주특별자치도,50,13,93,9,15,32,4,22,11,76,39,17
20190401,서울특별시,11,관악구,11620,광주광역시,29,30,127,74,93,95,6,35,12,184,49,199
20190401,서울특별시,11,관악구,11620,인천광역시,28,73,312,75,124,218,7,101,25,370,83,415
20190401,서울특별시,11,관악구,11620,대구광역시,27,55,211,75,96,138,7,60,21,262,89,324
20190401,서울특별시,11,관악구,11620,부산광역시,26,52,273,118,143,186,16,82,21,396,116,390
20190401,서울특별시,11,관악구,11620,서울특별시,11,247,1139,630,623,738,51,396,75,1463,421,1548
20190401,서울특별시,11,은평구,11380,제주특별자치도,50,21,38,7,10,54,20,21,0,130,28,24
20190401,서울특별시,11,성북구,11290,강원도,42,71,533,47,289,524,128,382,104,2192,877,430
20190401,서울특별시,11,성북구,11290,충청북도,43,70,606,63,309,582,99,352,116,2355,940,482
20190401,서울특별시,11,성북구,11290,충청남도,44,94,852,82,437,782,144,531,163,3113,1254,618
20190401,서울특별시,11,성북구,11290,전라북도,45,55,596,51,310,507,89,342,87,2520,964,495
20190401,서울특별시,11,성북구,11290,전라남도,46,68,579,78,252,467,105,350,93,2264,846,468
20190401,서울특별시,11,성북구,11290,경상북도,47,84,924,66,455,834,173,597,170,3313,1262,745
20190401,서울특별시,11,성북구,11290,경상남도,48,131,1150,128,610,1021,216,740,250,4381,1725,873
20190401,서울특별시,11,동작구,11590,제주특별자치도,50,51,22,19,13,29,4,10,4,40,18,26
20190401,서울특별시,11,동작구,11590,경상남도,48,200,174,91,154,201,35,90,41,199,66,244
20190401,서울특별시,11,동작구,11590,경상북도,47,170,162,75,109,156,33,72,25,159,57,202
20190401,서울특별시,11,동작구,11590,전라남도,46,97,88,34,68,132,15,42,26,112,33,116
20190401,서울특별시,11,동작구,11590,전라북도,45,108,104,67,71,93,14,43,25,150,42,145
20190401,서울특별시,11,동작구,11590,충청남도,44,161,144,67,108,143,24,76,29,172,46,192
20190401,서울특별시,11,동작구,11590,충청북도,43,122,100,56,85,112,19,61,21,122,48,142
20190401,서울특별시,11,동작구,11590,강원도,42,147,95,63,65,115,16,51,27,114,41,110
20190401,서울특별시,11,동작구,11590,경기도,41,1199,942,440,666,1066,181,471,209,1406,449,1343
20190401,서울특별시,11,동작구,11590,세종특별자치시,36,31,19,8,21,24,5,10,4,27,3,41
20190401,서울특별시,11,동작구,11590,울산광역시,31,77,68,33,49,63,14,30,10,77,20,94
20190401,서울특별시,11,동작구,11590,대전광역시,30,114,97,57,67,97,23,58,19,114,48,183
20190401,서울특별시,11,동작구,11590,광주광역시,29,145,93,64,58,89,20,52,14,129,32,118
20190401,서울특별시,11,동작구,11590,인천광역시,28,266,215,94,122,223,35,122,27,263,91,315
20190401,서울특별시,11,동작구,11590,대구광역시,27,175,146,77,82,146,28,83,12,168,64,242
20190401,서울특별시,11,동작구,11590,부산광역시,26,234,208,134,134,213,41,121,20,217,111,329
20190401,서울특별시,11,동작구,11590,서울특별시,11,1104,806,563,587,784,138,395,83,1027,364,1301
20190401,서울특별시,11,성북구,11290,제주특별자치도,50,17,162,22,83,150,27,76,31,708,308,128
20190401,서울특별시,11,서초구,11650,서울특별시,11,325,3400,1092,1021,1642,280,2256,244,1891,983,1333
20190401,서울특별시,11,서초구,11650,부산광역시,26,72,872,170,237,459,75,553,47,371,225,292
20190401,서울특별시,11,서초구,11650,대구광역시,27,45,669,163,163,294,58,338,33,284,141,276
20190401,서울특별시,11,서초구,11650,인천광역시,28,65,620,179,210,465,59,413,73,316,247,308
20190401,서울특별시,11,서초구,11650,전라북도,45,30,397,97,112,196,48,204,19,169,116,169
20190401,서울특별시,11,서초구,11650,충청남도,44,63,422,113,168,282,49,312,46,232,153,217
20190401,서울특별시,11,서초구,11650,충청북도,43,45,356,97,143,194,26,226,23,167,101,152
20190401,서울특별시,11,서초구,11650,강원도,42,35,382,87,142,200,27,250,31,141,114,152
20190401,서울특별시,11,서초구,11650,경기도,41,381,3820,916,1165,2065,424,2211,294,2289,1178,1513
20190401,서울특별시,11,노원구,11350,제주특별자치도,50,6,37,10,11,36,4,10,18,113,22,8
20190401,서울특별시,11,노원구,11350,경상남도,48,41,216,29,76,201,47,90,99,757,148,99
20190401,서울특별시,11,노원구,11350,경상북도,47,19,191,25,43,167,28,50,76,563,87,82
20190401,서울특별시,11,노원구,11350,전라남도,46,13,112,9,29,81,20,34,55,408,52,59
20190401,서울특별시,11,노원구,11350,전라북도,45,21,127,23,37,109,15,41,62,448,84,45
20190401,서울특별시,11,노원구,11350,충청남도,44,27,158,20,60,193,24,94,69,555,96,72
20190401,서울특별시,11,노원구,11350,충청북도,43,19,127,23,45,117,22,64,62,423,75,63
20190401,서울특별시,11,송파구,11710,경상남도,48,46,510,91,218,550,69,510,77,1029,322,373
20190401,서울특별시,11,송파구,11710,제주특별자치도,50,10,67,9,44,78,17,71,7,182,63,42
20190401,서울특별시,11,양천구,11470,서울특별시,11,379,1356,198,931,1809,298,1026,163,928,585,1751
20190401,서울특별시,11,양천구,11470,부산광역시,26,105,344,51,230,522,81,262,41,226,189,466
20190401,서울특별시,11,양천구,11470,대구광역시,27,86,247,22,182,393,57,174,44,173,120,360
20190401,서울특별시,11,양천구,11470,인천광역시,28,98,321,31,231,533,73,291,72,206,175,440
20190401,서울특별시,11,양천구,11470,광주광역시,29,56,149,17,95,245,33,120,25,103,68,230
20190401,서울특별시,11,양천구,11470,대전광역시,30,49,150,7,114,271,34,124,25,105,66,237
20190401,서울특별시,11,양천구,11470,울산광역시,31,34,141,13,101,180,29,95,23,88,42,134
20190401,서울특별시,11,양천구,11470,세종특별자치시,36,13,28,0,20,69,13,39,5,17,17,58
20190401,서울특별시,11,양천구,11470,경기도,41,512,1656,227,1144,2576,406,1328,274,1477,825,2090
20190401,서울특별시,11,양천구,11470,강원도,42,53,160,22,126,305,43,149,29,92,89,233
20190402,서울특별시,11,중구,11140,경기도,41,463,2679,553,844,2215,433,748,169,5678,1697,438
20190402,서울특별시,11,강남구,11680,광주광역시,29,23,304,47,97,199,18,205,28,468,149,268
20190402,서울특별시,11,강남구,11680,대전광역시,30,32,307,50,114,203,22,224,57,457,155,272
20190402,서울특별시,11,강남구,11680,울산광역시,31,15,174,24,67,153,14,146,34,278,103,215
20190402,서울특별시,11,강남구,11680,세종특별자치시,36,14,82,20,22,63,4,49,17,79,39,54
20190402,서울특별시,11,강남구,11680,경기도,41,321,3182,531,1152,2067,272,2189,532,4511,1430,2552
20190402,서울특별시,11,강남구,11680,강원도,42,26,248,42,95,147,16,199,48,375,128,275
20190402,서울특별시,11,강남구,11680,충청북도,43,36,279,55,98,174,25,197,44,482,157,247
20190402,서울특별시,11,강남구,11680,충청남도,44,39,352,55,143,235,38,304,60,504,213,341
20190402,서울특별시,11,강남구,11680,전라북도,45,14,252,35,80,183,31,173,43,430,139,257
20190402,서울특별시,11,강남구,11680,전라남도,46,25,215,40,85,146,11,182,30,340,126,228
20190402,서울특별시,11,강남구,11680,경상북도,47,41,378,65,147,237,34,305,69,539,220,385
20190402,서울특별시,11,강남구,11680,경상남도,48,58,486,69,174,375,38,416,74,650,244,481
20190402,서울특별시,11,강남구,11680,제주특별자치도,50,10,123,13,37,56,9,73,10,139,59,93
20190402,서울특별시,11,서대문구,11410,서울특별시,11,41,623,142,196,922,83,553,91,1084,242,260
20190402,서울특별시,11,서대문구,11410,부산광역시,26,10,115,21,33,290,11,173,21,250,56,92
20190402,서울특별시,11,서대문구,11410,대구광역시,27,8,87,11,26,172,12,92,18,161,39,35
20190402,서울특별시,11,서대문구,11410,인천광역시,28,7,134,13,45,287,16,157,30,266,43,70
20190402,서울특별시,11,서대문구,11410,광주광역시,29,5,57,12,18,123,12,67,9,122,19,43
20190402,서울특별시,11,서대문구,11410,대전광역시,30,7,43,108,26,143,8,73,17,121,31,40
20190402,서울특별시,11,서대문구,11410,울산광역시,31,3,38,7,16,100,0,41,8,77,21,28
20190402,서울특별시,11,서대문구,11410,세종특별자치시,36,0,11,4,0,32,0,18,4,26,4,6
20190402,서울특별시,11,서대문구,11410,경기도,41,47,594,140,219,1303,72,715,102,1289,276,325
20190402,서울특별시,11,서대문구,11410,강원도,42,0,51,9,18,139,12,64,17,110,27,36
20190402,서울특별시,11,서대문구,11410,충청북도,43,4,55,9,22,179,7,87,12,130,32,38
20190402,서울특별시,11,서대문구,11410,충청남도,44,3,85,18,25,212,12,124,19,168,31,55
20190402,서울특별시,11,서대문구,11410,전라북도,45,7,63,80,18,170,11,93,8,128,39,24
20190402,서울특별시,11,서대문구,11410,전라남도,46,0,45,8,13,146,8,84,12,107,19,40
20190402,서울특별시,11,서대문구,11410,경상북도,47,9,67,12,22,272,4,109,19,148,29,58
20190402,서울특별시,11,서대문구,11410,경상남도,48,6,94,9,33,302,7,152,16,164,56,83
20190402,서울특별시,11,서대문구,11410,제주특별자치도,50,0,17,0,7,37,0,0,0,39,4,5
20190402,서울특별시,11,광진구,11215,제주특별자치도,50,6,33,7,33,43,9,15,3,64,30,22
20190402,서울특별시,11,광진구,11215,경상남도,48,30,243,16,281,280,51,194,33,255,184,108
20190402,서울특별시,11,광진구,11215,경상북도,47,25,228,16,246,235,28,159,44,201,127,92
20190402,서울특별시,11,광진구,11215,전라남도,46,17,149,10,104,156,16,96,22,125,89,65
20190402,서울특별시,11,광진구,11215,전라북도,45,26,140,16,143,138,18,109,15,195,108,67
20190402,서울특별시,11,광진구,11215,충청남도,44,26,188,17,225,192,33,157,30,215,135,55
20190402,서울특별시,11,광진구,11215,충청북도,43,16,163,21,147,154,17,127,13,175,73,61
20190402,서울특별시,11,광진구,11215,강원도,42,21,126,20,133,220,19,116,20,144,75,52
20190402,서울특별시,11,광진구,11215,경기도,41,194,1614,190,1484,1450,200,1073,152,1795,842,672
20190402,서울특별시,11,광진구,11215,세종특별자치시,36,5,44,7,36,28,5,21,5,26,15,11
20190402,서울특별시,11,광진구,11215,울산광역시,31,10,103,10,103,88,16,106,12,126,63,30
20190402,서울특별시,11,광진구,11215,대전광역시,30,20,151,19,191,133,19,126,15,176,79,65
20190402,서울특별시,11,광진구,11215,광주광역시,29,19,161,10,139,136,13,78,16,165,93,67
20190402,서울특별시,11,광진구,11215,인천광역시,28,35,322,48,275,281,25,238,23,302,173,113
20190402,서울특별시,11,광진구,11215,대구광역시,27,32,209,17,206,181,29,159,23,273,129,86
20190402,서울특별시,11,광진구,11215,부산광역시,26,32,327,49,322,307,39,225,29,346,207,129
20190402,서울특별시,11,광진구,11215,서울특별시,11,136,1414,201,1334,1157,126,927,109,1368,656,490
20190402,서울특별시,11,은평구,11380,서울특별시,11,119,755,130,326,696,197,397,110,1411,484,519
20190402,서울특별시,11,은평구,11380,부산광역시,26,28,201,28,66,218,57,112,41,460,136,171
20190402,서울특별시,11,은평구,11380,대구광역시,27,26,141,24,52,151,43,100,24,284,103,114
20190402,서울특별시,11,은평구,11380,인천광역시,28,39,180,27,72,201,44,90,30,439,122,153
20190402,서울특별시,11,은평구,11380,광주광역시,29,22,86,13,25,101,28,59,25,244,68,97
20190402,서울특별시,11,은평구,11380,대전광역시,30,23,73,12,35,81,25,65,15,210,62,85
20190402,서울특별시,11,은평구,11380,울산광역시,31,10,65,12,30,79,18,35,10,157,50,52
20190402,서울특별시,11,은평구,11380,세종특별자치시,36,0,23,0,7,24,5,14,7,33,9,17
20190402,서울특별시,11,은평구,11380,경기도,41,188,970,155,367,1034,274,445,201,2213,636,731
20190402,서울특별시,11,은평구,11380,강원도,42,18,84,15,43,100,42,42,15,196,85,70
20190402,서울특별시,11,은평구,11380,충청북도,43,22,88,18,42,106,42,53,18,244,73,69
20190402,서울특별시,11,은평구,11380,충청남도,44,29,137,30,46,172,40,91,31,270,99,104
20190402,서울특별시,11,은평구,11380,전라북도,45,15,94,13,34,101,29,64,20,260,68,86
20190402,서울특별시,11,은평구,11380,전라남도,46,18,107,18,29,120,26,66,18,224,87,70
20190402,서울특별시,11,은평구,11380,경상북도,47,28,133,30,51,175,29,190,30,313,114,133
20190402,서울특별시,11,은평구,11380,경상남도,48,29,226,30,66,208,67,107,45,442,126,154
20190402,서울특별시,11,은평구,11380,제주특별자치도,50,4,17,5,6,18,17,5,5,67,27,14
20190402,서울특별시,11,도봉구,11320,제주특별자치도,50,3,48,12,30,18,3,40,5,54,19,32
20190402,서울특별시,11,도봉구,11320,경상남도,48,37,320,70,291,178,27,236,74,357,219,523
20190402,서울특별시,11,도봉구,11320,경상북도,47,28,253,40,230,145,24,171,48,256,151,395
20190402,서울특별시,11,도봉구,11320,전라남도,46,13,135,31,141,78,18,108,37,165,111,240
20190402,서울특별시,11,도봉구,11320,전라북도,45,18,164,44,149,77,12,95,24,205,104,240
20190402,서울특별시,11,도봉구,11320,충청남도,44,16,225,31,245,128,28,138,41,274,170,305
20190402,서울특별시,11,도봉구,11320,충청북도,43,17,159,37,193,80,15,126,23,182,107,248
20190402,서울특별시,11,도봉구,11320,강원도,42,10,206,39,181,71,12,129,24,155,90,229
20190402,서울특별시,11,도봉구,11320,경기도,41,185,1664,458,1663,904,170,1133,268,1789,1022,2287
20190402,서울특별시,11,도봉구,11320,세종특별자치시,36,0,34,9,37,30,5,30,13,39,27,46
20190402,서울특별시,11,도봉구,11320,울산광역시,31,12,103,26,136,59,18,75,25,137,79,182
20190402,서울특별시,11,도봉구,11320,대전광역시,30,13,159,37,170,85,20,105,30,159,132,294
20190402,서울특별시,11,도봉구,11320,광주광역시,29,26,141,43,139,88,9,125,29,192,111,273
20190402,서울특별시,11,도봉구,11320,인천광역시,28,37,348,58,339,184,26,270,70,345,212,521
20190402,서울특별시,11,도봉구,11320,대구광역시,27,30,220,64,196,134,24,204,40,256,161,453
20190402,서울특별시,11,도봉구,11320,부산광역시,26,40,335,91,337,179,34,265,61,351,219,520
20190402,서울특별시,11,도봉구,11320,서울특별시,11,125,1291,355,1400,636,139,1004,195,1106,688,1636
20190402,서울특별시,11,노원구,11350,제주특별자치도,50,0,19,0,5,21,10,15,6,70,8,4
20190402,서울특별시,11,노원구,11350,경상남도,48,19,141,26,50,120,21,56,47,471,93,68
20190402,서울특별시,11,노원구,11350,경상북도,47,22,96,8,31,96,21,38,30,319,64,64
20190402,서울특별시,11,노원구,11350,전라남도,46,13,65,10,26,73,12,39,22,252,39,38
20190402,서울특별시,11,노원구,11350,전라북도,45,10,87,13,21,70,8,42,20,249,26,40
20190402,서울특별시,11,노원구,11350,충청남도,44,17,92,16,27,92,20,52,26,354,47,51
20190402,서울특별시,11,노원구,11350,충청북도,43,12,107,13,24,74,7,46,25,253,40,57
20190402,서울특별시,11,노원구,11350,강원도,42,7,63,9,22,61,7,32,21,214,35,41
20190402,서울특별시,11,노원구,11350,경기도,41,119,812,153,302,717,123,326,228,2390,455,466
20190402,서울특별시,11,노원구,11350,세종특별자치시,36,5,23,5,10,14,3,5,9,69,8,10
20190402,서울특별시,11,노원구,11350,울산광역시,31,3,44,5,11,48,17,17,11,162,29,20
20190402,서울특별시,11,노원구,11350,대전광역시,30,8,83,16,34,60,11,29,17,257,62,38
20190402,서울특별시,11,노원구,11350,광주광역시,29,12,103,18,23,66,11,29,20,209,46,40
20190402,서울특별시,11,노원구,11350,인천광역시,28,22,167,30,62,126,16,73,66,467,97,100
20190402,서울특별시,11,노원구,11350,대구광역시,27,24,130,20,37,98,25,39,32,350,70,52
20190402,서울특별시,11,노원구,11350,부산광역시,26,30,146,26,51,153,16,70,49,424,125,75
20190402,서울특별시,11,노원구,11350,서울특별시,11,80,834,152,258,578,97,335,141,1730,326,342
20190402,서울특별시,11,종로구,11110,서울특별시,11,212,2125,379,368,816,33,459,162,1285,740,186
20190402,서울특별시,11,강북구,11305,제주특별자치도,50,3,28,7,8,13,3,3,14,79,21,0
20190402,서울특별시,11,강북구,11305,경상남도,48,31,173,10,49,97,8,43,88,499,92,23
20190402,서울특별시,11,강북구,11305,경상북도,47,17,156,11,26,76,7,28,63,408,79,20
20190402,서울특별시,11,강북구,11305,전라남도,46,11,75,12,20,47,3,25,38,259,45,11
20190402,서울특별시,11,강북구,11305,전라북도,45,6,78,11,18,42,6,26,42,334,45,11
20190402,서울특별시,11,강북구,11305,충청남도,44,13,108,10,30,91,6,25,61,403,59,20
20190402,서울특별시,11,강북구,11305,충청북도,43,10,92,6,22,55,0,21,54,339,54,18
20190402,서울특별시,11,강북구,11305,강원도,42,10,69,9,21,47,3,21,32,258,47,17
20190402,서울특별시,11,강북구,11305,경기도,41,86,741,92,226,466,45,215,392,2714,476,141
20190402,서울특별시,11,강북구,11305,세종특별자치시,36,4,17,7,4,14,0,5,15,51,11,0
20190402,서울특별시,11,강북구,11305,울산광역시,31,3,43,3,14,38,3,19,21,212,25,8
20190402,서울특별시,11,강북구,11305,대전광역시,30,9,78,11,28,45,0,23,46,263,49,9
20190402,서울특별시,11,강북구,11305,광주광역시,29,4,93,12,16,38,3,19,35,281,43,8
20190402,서울특별시,11,강북구,11305,인천광역시,28,15,153,16,37,95,0,39,82,522,108,33
20190402,서울특별시,11,강북구,11305,대구광역시,27,29,104,8,32,73,4,31,70,365,47,20
20190402,서울특별시,11,강북구,11305,부산광역시,26,18,136,22,53,86,16,41,87,556,115,22
20190402,서울특별시,11,강북구,11305,서울특별시,11,58,573,70,167,347,39,164,220,1666,320,105
20190402,서울특별시,11,종로구,11110,부산광역시,26,68,567,65,65,217,15,142,33,386,207,44
20190402,서울특별시,11,종로구,11110,대구광역시,27,32,299,50,51,194,5,81,31,279,127,38
20190402,서울특별시,11,종로구,11110,인천광역시,28,37,360,45,77,211,12,105,69,287,228,29
20190402,서울특별시,11,종로구,11110,광주광역시,29,37,263,28,32,100,3,65,42,221,109,19
20190402,서울특별시,11,종로구,11110,대전광역시,30,45,170,37,40,118,7,55,22,185,139,22
20190402,서울특별시,11,종로구,11110,울산광역시,31,24,161,21,25,78,6,47,21,138,67,9
20190402,서울특별시,11,종로구,11110,세종특별자치시,36,13,42,8,5,36,0,6,7,38,18,6
20190402,서울특별시,11,종로구,11110,경기도,41,247,2046,315,382,1188,61,702,263,1681,1028,184
20190402,서울특별시,11,종로구,11110,강원도,42,36,266,55,39,138,3,135,36,184,91,47
20190402,서울특별시,11,종로구,11110,충청북도,43,25,233,45,47,118,6,86,22,197,118,30
20190402,서울특별시,11,종로구,11110,충청남도,44,39,304,47,48,154,7,157,42,247,124,26
20190402,서울특별시,11,종로구,11110,전라북도,45,26,306,32,33,117,3,105,56,204,120,26
20190402,서울특별시,11,종로구,11110,전라남도,46,39,265,44,23,98,11,153,44,202,108,20
20190402,서울특별시,11,종로구,11110,경상북도,47,40,316,52,61,163,7,126,43,272,150,28
20190402,서울특별시,11,종로구,11110,경상남도,48,68,492,59,78,245,23,131,53,390,211,36
20190402,서울특별시,11,종로구,11110,제주특별자치도,50,5,68,9,15,21,3,19,21,42,42,6
20190402,서울특별시,11,중랑구,11260,경상북도,47,56,282,24,166,333,61,312,107,670,347,185
20190402,서울특별시,11,용산구,11170,제주특별자치도,50,9,86,4,344,33,6,12,8,72,80,7
20190402,서울특별시,11,용산구,11170,경상남도,48,36,426,21,2232,274,43,102,67,360,402,76
20190402,서울특별시,11,중랑구,11260,전라남도,46,32,202,15,100,220,28,160,42,409,226,129
20190402,서울특별시,11,중랑구,11260,전라북도,45,42,195,27,140,243,29,160,62,491,262,142
20190402,서울특별시,11,중랑구,11260,충청남도,44,75,274,34,167,336,51,212,82,604,302,174
20190402,서울특별시,11,중랑구,11260,충청북도,43,39,180,34,136,248,39,171,66,444,241,174
20190402,서울특별시,11,중랑구,11260,강원도,42,40,203,28,109,232,23,174,45,376,201,117
20190402,서울특별시,11,중랑구,11260,경기도,41,398,1947,258,1123,2103,323,1661,480,4198,2122,1215
20190402,서울특별시,11,중랑구,11260,세종특별자치시,36,17,35,12,26,66,8,54,18,93,51,22
20190402,서울특별시,11,중랑구,11260,울산광역시,31,28,156,15,121,187,24,123,50,318,188,94
20190402,서울특별시,11,중랑구,11260,대전광역시,30,34,179,35,141,237,34,159,41,482,270,129
20190402,서울특별시,11,중랑구,11260,광주광역시,29,44,178,17,183,205,22,166,50,458,286,126
20190402,서울특별시,11,중랑구,11260,인천광역시,28,82,427,52,188,404,64,355,102,884,486,271
20190402,서울특별시,11,중랑구,11260,대구광역시,27,80,309,43,190,335,47,253,72,660,341,187
20190402,서울특별시,11,중랑구,11260,부산광역시,26,79,367,47,221,403,45,336,100,865,505,266
20190402,서울특별시,11,중랑구,11260,서울특별시,11,329,1445,212,964,2051,203,1265,301,3018,1689,927
20190402,서울특별시,11,중랑구,11260,경상남도,48,64,359,39,182,450,68,341,114,901,513,264
20190402,서울특별시,11,중랑구,11260,제주특별자치도,50,10,45,3,24,68,5,29,11,108,54,31
20190402,서울특별시,11,양천구,11470,서울특별시,11,221,867,127,554,1205,153,826,118,862,402,747
20190402,서울특별시,11,용산구,11170,경상북도,47,36,402,29,1799,231,32,97,43,304,291,65
20190402,서울특별시,11,용산구,11170,전라남도,46,8,268,15,1039,93,14,49,29,180,197,35
20190402,서울특별시,11,용산구,11170,전라북도,45,31,236,18,1225,143,16,56,25,248,224,41
20190402,서울특별시,11,용산구,11170,충청남도,44,26,345,28,1823,200,23,74,52,276,237,45
20190402,서울특별시,11,용산구,11170,충청북도,43,25,253,19,1270,143,24,47,34,215,193,42
20190402,서울특별시,11,용산구,11170,강원도,42,25,213,22,1171,130,20,42,29,165,225,36
20190402,서울특별시,11,용산구,11170,경기도,41,228,2426,298,12252,1350,197,463,319,2204,2036,403
20190402,서울특별시,11,용산구,11170,세종특별자치시,36,4,54,3,313,31,4,12,16,64,52,8
20190402,서울특별시,11,용산구,11170,울산광역시,31,11,184,11,843,71,10,29,18,147,148,25
20190402,서울특별시,11,용산구,11170,대전광역시,30,31,265,24,1394,135,30,58,28,203,201,52
20190402,서울특별시,11,용산구,11170,광주광역시,29,21,219,15,1110,135,18,39,31,235,216,42
20190402,서울특별시,11,용산구,11170,인천광역시,28,39,514,31,2569,231,25,104,100,433,432,80
20190402,서울특별시,11,용산구,11170,대구광역시,27,36,394,32,1751,201,31,72,50,359,314,65
20190402,서울특별시,11,용산구,11170,부산광역시,26,27,496,37,2508,263,38,95,56,428,477,88
20190402,서울특별시,11,용산구,11170,서울특별시,11,161,1914,226,11199,1186,147,337,277,1923,1659,330
20190402,서울특별시,11,송파구,11710,서울특별시,11,107,1690,289,869,1406,199,2068,152,3994,756,892
20190402,서울특별시,11,송파구,11710,부산광역시,26,30,384,78,361,592,46,356,44,1056,236,261
20190402,서울특별시,11,송파구,11710,대구광역시,27,41,266,43,248,370,32,197,52,786,114,185
20190402,서울특별시,11,송파구,11710,인천광역시,28,23,414,70,258,514,51,422,46,954,161,264
20190402,서울특별시,11,송파구,11710,광주광역시,29,5,205,31,219,198,25,144,25,596,103,117
20190402,서울특별시,11,송파구,11710,대전광역시,30,11,188,31,116,248,22,170,41,605,112,134
20190402,서울특별시,11,송파구,11710,울산광역시,31,12,108,13,96,186,14,104,17,379,64,81
20190402,서울특별시,11,송파구,11710,세종특별자치시,36,6,40,10,23,37,6,53,9,116,26,23
20190402,서울특별시,11,송파구,11710,경기도,41,176,1761,340,1081,2184,263,2200,243,5209,979,1174
20190402,서울특별시,11,송파구,11710,강원도,42,13,144,24,107,256,21,121,25,500,83,116
20190402,서울특별시,11,송파구,11710,충청북도,43,12,188,27,124,300,22,158,24,632,93,115
20190402,서울특별시,11,송파구,11710,충청남도,44,19,233,46,153,373,34,246,43,738,121,136
20190402,서울특별시,11,송파구,11710,전라북도,45,11,174,28,161,270,30,145,19,551,85,113
20190402,서울특별시,11,송파구,11710,전라남도,46,15,144,29,159,236,14,124,23,507,89,96
20190402,서울특별시,11,송파구,11710,경상북도,47,15,217,30,185,425,35,212,32,716,138,156
20190402,서울특별시,11,송파구,11710,경상남도,48,34,285,47,293,480,46,341,61,980,158,216
20190402,서울특별시,11,송파구,11710,제주특별자치도,50,4,51,6,60,90,9,33,8,146,33,28
20190402,서울특별시,11,양천구,11470,부산광역시,26,62,213,20,149,428,48,226,46,193,106,210
20190402,서울특별시,11,양천구,11470,대구광역시,27,50,147,28,89,291,28,146,35,163,97,157
20190402,서울특별시,11,양천구,11470,인천광역시,28,64,257,23,138,387,35,226,37,220,101,265
20190402,서울특별시,11,양천구,11470,광주광역시,29,32,100,8,74,183,23,113,11,138,52,124
20190402,서울특별시,11,양천구,11470,대전광역시,30,33,99,16,75,169,20,93,11,117,60,115
20190402,서울특별시,11,양천구,11470,울산광역시,31,19,62,11,51,142,20,75,11,88,37,80
20190402,서울특별시,11,양천구,11470,세종특별자치시,36,9,22,5,14,42,9,31,5,17,23,19
20190402,서울특별시,11,양천구,11470,경기도,41,330,1099,124,748,1993,218,1043,182,1253,550,1095
20190402,서울특별시,11,양천구,11470,강원도,42,27,120,5,79,167,25,92,14,101,46,124
20190402,서울특별시,11,양천구,11470,충청북도,43,28,129,9,87,229,21,131,23,148,57,120
20190402,서울특별시,11,양천구,11470,충청남도,44,48,133,20,92,315,29,138,22,152,73,158
20190402,서울특별시,11,양천구,11470,전라북도,45,27,112,18,75,235,23,121,17,109,54,109
20190402,서울특별시,11,양천구,11470,전라남도,46,30,96,9,60,198,24,96,23,77,43,115
20190402,서울특별시,11,양천구,11470,경상북도,47,44,184,15,114,285,33,150,34,138,80,206
20190402,서울특별시,11,양천구,11470,경상남도,48,70,182,9,137,434,52,236,51,180,132,201
20190402,서울특별시,11,양천구,11470,제주특별자치도,50,4,26,0,17,48,6,26,4,26,17,33
20190402,서울특별시,11,동작구,11590,서울특별시,11,329,591,392,346,529,122,301,85,977,312,811
20190402,서울특별시,11,서초구,11650,서울특별시,11,219,2893,715,759,1393,159,1881,144,1386,1016,980
20190402,서울특별시,11,서초구,11650,부산광역시,26,49,643,127,157,319,38,339,36,287,240,316
20190402,서울특별시,11,강동구,11740,서울특별시,11,388,884,593,309,1651,145,1128,86,1034,433,342
20190402,서울특별시,11,강동구,11740,부산광역시,26,106,253,223,38,314,42,315,28,292,103,115
20190402,서울특별시,11,강동구,11740,대구광역시,27,77,147,178,27,219,26,174,33,149,75,69
20190402,서울특별시,11,강동구,11740,인천광역시,28,93,214,141,61,439,58,260,42,263,105,131
20190402,서울특별시,11,강동구,11740,광주광역시,29,48,93,99,19,147,15,101,17,120,41,45
20190402,서울특별시,11,강동구,11740,대전광역시,30,46,122,94,21,217,20,146,14,119,50,47
20190402,서울특별시,11,강동구,11740,울산광역시,31,32,64,71,16,131,9,76,14,84,24,31
20190402,서울특별시,11,강동구,11740,세종특별자치시,36,12,25,32,5,41,4,19,6,19,7,9
20190402,서울특별시,11,강동구,11740,경기도,41,463,1075,753,292,1886,188,1276,175,1427,496,487
20190402,서울특별시,11,강동구,11740,강원도,42,48,109,67,32,187,18,119,12,103,45,33
20190402,서울특별시,11,강동구,11740,충청북도,43,58,92,62,32,197,19,145,21,148,47,44
20190402,서울특별시,11,강동구,11740,충청남도,44,62,164,118,44,273,23,175,19,161,50,53
20190402,서울특별시,11,강동구,11740,전라북도,45,76,94,85,34,171,14,129,23,139,51,54
20190402,서울특별시,11,강동구,11740,전라남도,46,52,67,105,22,190,17,119,19,107,39,39
20190402,서울특별시,11,강동구,11740,경상북도,47,82,143,134,37,251,25,222,30,163,65,74
20190402,서울특별시,11,강동구,11740,경상남도,48,73,197,152,33,310,53,272,20,237,104,80
20190402,서울특별시,11,강동구,11740,제주특별자치도,50,12,36,10,14,48,3,33,3,40,15,6
20190402,서울특별시,11,서초구,11650,대구광역시,27,42,458,101,105,248,26,255,21,190,167,226
20190402,서울특별시,11,서초구,11650,인천광역시,28,51,520,109,163,398,45,363,35,262,248,239
20190402,서울특별시,11,서초구,11650,광주광역시,29,19,256,94,91,171,19,138,7,172,114,133
20190402,서울특별시,11,서초구,11650,대전광역시,30,23,291,93,81,188,27,160,21,142,147,150
20190402,서울특별시,11,서초구,11650,울산광역시,31,12,153,42,50,114,15,91,10,134,74,90
20190402,서울특별시,11,서초구,11650,세종특별자치시,36,7,72,24,15,34,5,33,5,25,19,28
20190402,서울특별시,11,서초구,11650,경기도,41,241,3054,736,847,1934,242,1721,200,1913,1312,1257
20190402,서울특별시,11,서초구,11650,강원도,42,24,240,84,95,189,22,179,9,111,95,103
20190402,서울특별시,11,서초구,11650,충청북도,43,23,272,65,93,188,17,173,18,189,128,115
20190402,서울특별시,11,서초구,11650,충청남도,44,33,340,88,134,264,36,228,26,189,177,159
20190402,서울특별시,11,서초구,11650,전라북도,45,20,313,67,64,151,17,157,14,155,119,131
20190402,서울특별시,11,서초구,11650,전라남도,46,17,261,66,69,150,22,197,14,124,107,101
20190402,서울특별시,11,서초구,11650,경상북도,47,28,412,101,109,238,39,220,18,236,153,205
20190402,서울특별시,11,서초구,11650,경상남도,48,52,468,109,159,328,50,356,32,286,192,270
20190402,서울특별시,11,서초구,11650,제주특별자치도,50,8,96,17,19,40,8,56,3,51,19,50
20190402,서울특별시,11,성동구,11200,서울특별시,11,301,3573,977,640,1012,218,843,327,3118,970,546
20190402,서울특별시,11,성동구,11200,부산광역시,26,129,806,317,148,329,88,173,71,731,204,114
20190402,서울특별시,11,성동구,11200,대구광역시,27,68,549,261,90,231,52,129,92,553,116,104
20190402,서울특별시,11,성동구,11200,인천광역시,28,64,908,248,112,287,48,182,99,708,170,114
20190402,서울특별시,11,성동구,11200,광주광역시,29,34,371,166,48,124,37,78,38,368,115,72
20190402,서울특별시,11,성동구,11200,대전광역시,30,40,423,127,57,122,33,82,29,380,84,75
20190402,서울특별시,11,성동구,11200,울산광역시,31,25,270,180,29,83,23,57,41,247,48,47
20190402,서울특별시,11,성동구,11200,세종특별자치시,36,6,81,41,10,25,7,17,17,61,26,14
20190402,서울특별시,11,성동구,11200,경기도,41,362,3784,1104,594,1514,265,1025,404,3685,842,623
20190402,서울특별시,11,성동구,11200,강원도,42,49,334,90,62,146,24,121,30,333,55,51
20190402,서울특별시,11,성동구,11200,충청북도,43,65,362,114,48,124,32,111,33,416,75,49
20190402,서울특별시,11,성동구,11200,충청남도,44,51,464,169,82,191,37,144,44,555,89,77
20190402,서울특별시,11,성동구,11200,전라북도,45,43,353,128,55,112,27,95,40,410,82,67
20190402,서울특별시,11,성동구,11200,전라남도,46,39,322,126,47,128,30,95,43,333,72,56
20190402,서울특별시,11,성동구,11200,경상북도,47,65,451,317,80,195,59,157,83,489,108,91
20190402,서울특별시,11,성동구,11200,경상남도,48,92,692,286,81,231,64,164,69,660,135,128
20190402,서울특별시,11,성동구,11200,제주특별자치도,50,10,187,25,14,41,9,18,4,112,27,11
20190402,서울특별시,11,동작구,11590,부산광역시,26,76,103,73,67,119,27,61,28,207,100,204
20190402,서울특별시,11,동작구,11590,대구광역시,27,58,97,72,52,92,32,56,25,160,56,156
20190402,서울특별시,11,동작구,11590,인천광역시,28,99,140,68,76,149,37,142,31,226,93,195
20190402,서울특별시,11,동작구,11590,광주광역시,29,39,56,49,29,60,17,34,15,96,33,88
20190402,서울특별시,11,동작구,11590,대전광역시,30,47,70,39,31,56,8,40,21,99,44,92
20190402,서울특별시,11,동작구,11590,울산광역시,31,16,44,20,22,43,9,14,11,64,21,58
20190402,서울특별시,11,동작구,11590,세종특별자치시,36,11,15,12,8,10,3,7,5,30,15,22
20190402,서울특별시,11,동작구,11590,경기도,41,376,661,369,402,693,184,315,129,1284,415,873
20190402,서울특별시,11,동작구,11590,강원도,42,43,72,38,29,49,16,40,20,87,29,68
20190402,서울특별시,11,동작구,11590,충청북도,43,50,48,37,47,71,19,45,21,152,34,68
20190402,서울특별시,11,동작구,11590,충청남도,44,57,102,46,57,86,23,53,27,154,47,118
20190402,서울특별시,11,동작구,11590,전라북도,45,39,70,37,37,74,15,40,22,127,25,90
20190402,서울특별시,11,동작구,11590,전라남도,46,30,57,32,34,68,11,22,34,97,24,86
20190402,서울특별시,11,동작구,11590,경상북도,47,56,80,46,44,97,21,35,30,141,48,115
20190402,서울특별시,11,동작구,11590,경상남도,48,54,110,76,63,127,39,55,22,169,65,183
20190402,서울특별시,11,구로구,11530,서울특별시,11,133,1903,669,682,1673,153,837,122,1144,587,1198
20190402,서울특별시,11,구로구,11530,부산광역시,26,21,436,83,184,444,44,258,38,373,148,381
20190402,서울특별시,11,구로구,11530,대구광역시,27,26,314,61,97,276,25,181,30,279,102,241
20190402,서울특별시,11,구로구,11530,인천광역시,28,31,433,103,155,402,41,244,69,330,155,356
20190402,서울특별시,11,구로구,11530,광주광역시,29,17,186,27,59,190,22,122,17,192,70,165
20190402,서울특별시,11,구로구,11530,대전광역시,30,12,219,51,80,257,25,130,105,167,86,191
20190402,서울특별시,11,구로구,11530,울산광역시,31,11,143,13,63,148,15,87,17,176,71,142
20190402,서울특별시,11,구로구,11530,세종특별자치시,36,4,67,9,16,44,5,30,29,35,27,44
20190402,서울특별시,11,구로구,11530,경기도,41,164,2066,630,863,2031,170,1078,194,1883,733,1548
20190402,서울특별시,11,구로구,11530,강원도,42,11,209,44,87,200,26,135,20,199,69,129
20190402,서울특별시,11,구로구,11530,충청북도,43,15,214,39,80,228,26,156,21,220,74,149
20190402,서울특별시,11,구로구,11530,충청남도,44,16,258,48,131,320,40,215,45,251,124,243
20190402,서울특별시,11,구로구,11530,전라북도,45,9,246,27,93,233,16,121,21,228,90,158
20190402,서울특별시,11,구로구,11530,전라남도,46,8,213,32,73,186,24,144,35,216,83,128
20190402,서울특별시,11,구로구,11530,경상북도,47,27,300,59,143,306,44,213,33,322,122,245
20190402,서울특별시,11,구로구,11530,경상남도,48,38,368,64,137,411,54,269,62,369,160,324
20190402,서울특별시,11,구로구,11530,제주특별자치도,50,10,75,9,26,69,0,47,59,53,27,48
20190402,서울특별시,11,강서구,11500,서울특별시,11,230,2017,531,870,1925,174,2182,347,2727,815,1842
20190402,서울특별시,11,강서구,11500,부산광역시,26,72,610,108,221,533,48,643,145,763,266,568
20190402,서울특별시,11,강서구,11500,대구광역시,27,60,596,70,145,407,34,386,136,499,171,389
20190402,서울특별시,11,강서구,11500,인천광역시,28,64,546,108,190,506,45,546,130,755,231,578
20190402,서울특별시,11,강서구,11500,광주광역시,29,32,249,73,93,222,30,231,52,337,115,262
20190402,서울특별시,11,강서구,11500,대전광역시,30,22,248,65,122,238,23,265,63,363,91,264
20190402,서울특별시,11,강서구,11500,울산광역시,31,24,180,32,62,189,19,190,58,242,87,217
20190402,서울특별시,11,강서구,11500,세종특별자치시,36,8,63,5,36,53,3,64,19,114,35,96
20190402,서울특별시,11,강서구,11500,경기도,41,304,2821,508,1097,2407,258,2752,624,4038,1141,2739
20190402,서울특별시,11,강서구,11500,강원도,42,35,225,45,232,328,45,340,55,1024,237,704
20190402,서울특별시,11,강서구,11500,충청북도,43,62,234,46,182,317,42,370,99,646,191,474
20190402,서울특별시,11,강서구,11500,충청남도,44,52,379,74,233,493,46,554,99,950,235,644
20190402,서울특별시,11,강서구,11500,전라북도,45,22,231,54,132,313,22,329,66,500,157,416
20190402,서울특별시,11,강서구,11500,전라남도,46,43,227,44,174,272,28,274,65,650,171,386
20190402,서울특별시,11,강서구,11500,경상북도,47,56,457,62,284,437,50,452,118,950,284,730
20190402,서울특별시,11,강서구,11500,경상남도,48,72,584,109,258,554,64,587,148,1005,299,772
20190402,서울특별시,11,강서구,11500,제주특별자치도,50,11,62,8,27,65,4,36,17,116,32,65
20190402,서울특별시,11,영등포구,11560,서울특별시,11,98,2326,865,2390,1039,142,957,40,1214,625,541
20190402,서울특별시,11,영등포구,11560,부산광역시,26,22,561,151,577,1911,30,284,23,346,193,143
20190402,서울특별시,11,영등포구,11560,대구광역시,27,24,527,86,399,235,18,203,15,224,119,101
20190402,서울특별시,11,영등포구,11560,인천광역시,28,20,604,133,518,298,26,272,23,310,127,184
20190402,서울특별시,11,영등포구,11560,광주광역시,29,5,250,39,279,148,14,110,4,148,58,78
20190402,서울특별시,11,영등포구,11560,대전광역시,30,9,241,61,302,169,15,104,11,147,90,75
20190402,서울특별시,11,영등포구,11560,울산광역시,31,6,217,41,203,112,8,93,7,135,56,74
20190402,서울특별시,11,영등포구,11560,세종특별자치시,36,0,38,7,64,40,0,34,3,36,11,14
20190402,서울특별시,11,영등포구,11560,경기도,41,125,2577,632,2757,1551,146,1232,119,1717,633,783
20190402,서울특별시,11,영등포구,11560,강원도,42,12,255,52,258,141,18,134,17,145,47,83
20190402,서울특별시,11,영등포구,11560,충청북도,43,11,251,46,305,165,13,115,10,191,69,76
20190402,서울특별시,11,영등포구,11560,충청남도,44,15,322,66,416,232,14,154,17,228,90,129
20190402,서울특별시,11,영등포구,11560,전라북도,45,15,241,56,272,124,14,152,11,176,51,94
20190402,서울특별시,11,영등포구,11560,전라남도,46,6,267,25,288,146,20,99,7,146,47,98
20190402,서울특별시,11,영등포구,11560,경상북도,47,13,423,69,393,245,17,222,24,242,79,127
20190402,서울특별시,11,영등포구,11560,경상남도,48,20,512,88,575,292,20,250,31,298,147,181
20190402,서울특별시,11,영등포구,11560,제주특별자치도,50,0,67,21,72,29,0,28,0,41,12,28
20190402,서울특별시,11,금천구,11545,서울특별시,11,537,2154,277,2131,2932,510,1322,288,1875,2314,2847
20190402,서울특별시,11,금천구,11545,부산광역시,26,120,469,105,561,836,153,360,54,503,635,838
20190402,서울특별시,11,금천구,11545,대구광역시,27,70,393,41,359,606,134,230,41,365,502,670
20190402,서울특별시,11,관악구,11620,서울특별시,11,139,790,394,375,374,41,194,49,1104,259,1088
20190402,서울특별시,11,동작구,11590,제주특별자치도,50,9,13,19,8,23,6,8,0,29,10,13
20190402,서울특별시,11,마포구,11440,서울특별시,11,128,2255,1042,991,1897,93,2210,260,2823,2056,443
20190402,서울특별시,11,마포구,11440,부산광역시,26,40,474,156,256,526,26,573,60,678,532,128
20190402,서울특별시,11,마포구,11440,대구광역시,27,31,349,133,178,405,13,407,78,507,413,70
20190402,서울특별시,11,마포구,11440,인천광역시,28,39,418,162,243,500,26,519,52,639,492,106
20190402,서울특별시,11,마포구,11440,광주광역시,29,13,218,66,126,251,8,266,29,383,299,42
20190402,서울특별시,11,마포구,11440,대전광역시,30,13,242,100,114,228,5,267,25,377,340,61
20190402,서울특별시,11,마포구,11440,울산광역시,31,4,185,46,78,174,9,171,27,225,183,41
20190402,서울특별시,11,마포구,11440,세종특별자치시,36,3,65,26,16,59,0,87,7,74,58,9
20190402,서울특별시,11,마포구,11440,경기도,41,170,2249,959,1162,2535,124,2722,318,3357,2216,586
20190402,서울특별시,11,마포구,11440,강원도,42,16,209,81,141,249,4,228,22,359,244,33
20190402,서울특별시,11,마포구,11440,충청북도,43,20,204,99,125,295,10,283,31,389,286,51
20190402,서울특별시,11,마포구,11440,충청남도,44,18,276,93,133,361,15,397,32,463,369,77
20190402,서울특별시,11,마포구,11440,전라북도,45,12,229,74,116,301,11,259,31,397,264,58
20190402,서울특별시,11,마포구,11440,전라남도,46,11,193,59,95,249,9,214,40,305,241,45
20190402,서울특별시,11,마포구,11440,경상북도,47,22,333,110,140,429,18,403,63,529,398,86
20190402,서울특별시,11,관악구,11620,부산광역시,26,32,219,68,74,95,8,65,12,304,66,305
20190402,서울특별시,11,관악구,11620,대구광역시,27,30,143,48,81,60,5,42,16,201,45,229
20190402,서울특별시,11,관악구,11620,인천광역시,28,41,197,65,112,127,8,79,14,303,59,258
20190402,서울특별시,11,관악구,11620,광주광역시,29,15,94,22,50,46,5,35,7,145,40,138
20190402,서울특별시,11,관악구,11620,대전광역시,30,14,114,35,45,57,9,39,3,164,38,128
20190402,서울특별시,11,관악구,11620,울산광역시,31,13,85,14,46,31,0,21,4,111,23,81
20190402,서울특별시,11,관악구,11620,세종특별자치시,36,0,32,8,13,15,0,7,0,43,8,29
20190402,서울특별시,11,관악구,11620,경기도,41,215,1119,262,443,573,62,348,61,1602,373,1216
20190402,서울특별시,11,관악구,11620,강원도,42,20,99,31,50,47,3,36,5,135,31,85
20190402,서울특별시,11,관악구,11620,충청북도,43,13,111,30,53,59,3,33,5,164,44,136
20190402,서울특별시,11,관악구,11620,충청남도,44,28,156,35,76,81,3,54,12,182,43,164
20190402,서울특별시,11,관악구,11620,전라북도,45,16,127,32,38,51,5,33,5,124,41,116
20190402,서울특별시,11,관악구,11620,전라남도,46,11,110,23,49,36,4,34,9,132,35,134
20190402,서울특별시,11,관악구,11620,경상북도,47,24,190,45,60,68,8,53,17,197,37,191
20190402,서울특별시,11,관악구,11620,경상남도,48,41,225,49,80,93,11,93,20,230,79,270
20190402,서울특별시,11,관악구,11620,제주특별자치도,50,0,27,5,18,17,0,12,0,33,15,19
20190402,서울특별시,11,마포구,11440,경상남도,48,28,456,140,223,609,14,545,71,623,471,85
20190402,서울특별시,11,마포구,11440,제주특별자치도,50,7,68,49,25,98,3,43,8,160,76,8
20190402,서울특별시,11,중구,11140,서울특별시,11,391,2651,455,734,1944,325,560,152,5056,1505,418
20190402,서울특별시,11,중구,11140,부산광역시,26,79,672,113,163,503,104,150,33,1216,410,90
20190402,서울특별시,11,중구,11140,대구광역시,27,57,427,105,124,298,78,82,17,931,255,60
20190402,서울특별시,11,중구,11140,인천광역시,28,79,482,88,193,474,86,157,22,1154,331,84
20190402,서울특별시,11,중구,11140,광주광역시,29,35,360,50,70,201,54,76,16,645,210,29
20190402,서울특별시,11,중구,11140,대전광역시,30,39,297,64,89,218,57,71,19,692,200,82
20190402,서울특별시,11,중구,11140,울산광역시,31,26,195,28,48,117,40,47,10,443,123,23
20190402,서울특별시,11,중구,11140,세종특별자치시,36,6,68,30,9,65,9,22,4,154,42,8
20190402,서울특별시,11,중구,11140,강원도,42,43,310,49,69,253,50,64,17,565,172,27
20190402,서울특별시,11,중구,11140,충청북도,43,55,293,73,70,259,63,94,14,634,174,41
20190402,서울특별시,11,중구,11140,충청남도,44,69,389,96,97,323,91,78,21,882,236,46
20190402,서울특별시,11,중구,11140,전라북도,45,48,278,54,67,209,54,81,20,636,211,31
20190402,서울특별시,11,중구,11140,전라남도,46,45,334,56,47,268,54,116,16,602,164,31
20190402,서울특별시,11,중구,11140,경상북도,47,63,449,104,99,368,85,106,24,923,274,52
20190402,서울특별시,11,중구,11140,경상남도,48,103,582,98,160,423,71,132,38,1098,350,64
20190402,서울특별시,11,중구,11140,제주특별자치도,50,16,97,18,17,106,16,28,8,185,70,7
20190402,서울특별시,11,성북구,11290,서울특별시,11,309,2937,433,1350,2344,392,1691,401,12831,5104,2142
20190402,서울특별시,11,성북구,11290,부산광역시,26,83,862,82,349,618,109,506,131,3786,1396,619
20190402,서울특별시,11,성북구,11290,대구광역시,27,49,601,72,237,470,72,373,102,2716,1012,457
20190402,서울특별시,11,성북구,11290,인천광역시,28,77,806,87,348,669,113,424,134,3627,1370,612
20190402,서울특별시,11,성북구,11290,광주광역시,29,37,360,41,197,299,45,197,70,2090,778,272
20190402,서울특별시,11,성북구,11290,대전광역시,30,46,396,59,173,311,61,204,68,1957,708,298
20190402,서울특별시,11,성북구,11290,울산광역시,31,25,290,25,111,234,33,175,59,1389,472,231
20190402,서울특별시,11,성북구,11290,세종특별자치시,36,10,99,17,33,60,15,51,26,442,173,47
20190402,서울특별시,11,성북구,11290,경기도,41,379,3842,462,1703,3095,540,2198,649,16873,6142,2736
20190402,서울특별시,11,성북구,11290,강원도,42,32,389,73,161,280,51,228,65,1818,613,260
20190402,서울특별시,11,성북구,11290,충청북도,43,43,412,64,193,354,45,247,74,1999,708,328
20190402,서울특별시,11,성북구,11290,충청남도,44,49,588,68,242,443,91,365,95,2716,906,389
20190402,서울특별시,11,성북구,11290,전라북도,45,31,433,56,188,326,56,254,82,2136,677,297
20190402,서울특별시,11,성북구,11290,전라남도,46,38,410,60,227,289,46,233,87,1789,714,277
20190402,서울특별시,11,성북구,11290,경상북도,47,49,564,87,253,486,90,394,128,2798,946,455
20190402,서울특별시,11,성북구,11290,경상남도,48,80,741,147,343,699,131,447,142,3735,1334,575
20190402,서울특별시,11,성북구,11290,제주특별자치도,50,13,95,20,57,97,21,47,28,573,198,66
20190402,서울특별시,11,동대문구,11230,서울특별시,11,693,1630,219,651,1460,103,1887,214,4161,902,675
20190402,서울특별시,11,동대문구,11230,부산광역시,26,170,502,64,175,419,52,586,64,1132,241,209
20190402,서울특별시,11,동대문구,11230,대구광역시,27,118,354,43,121,347,22,409,44,862,174,156
20190402,서울특별시,11,동대문구,11230,인천광역시,28,157,414,53,138,455,27,567,77,1189,230,200
20190402,서울특별시,11,동대문구,11230,광주광역시,29,78,259,25,66,215,14,228,39,631,115,95
20190402,서울특별시,11,동대문구,11230,대전광역시,30,74,201,37,90,254,22,279,33,591,127,107
20190402,서울특별시,11,동대문구,11230,울산광역시,31,49,157,21,59,142,14,206,25,428,93,75
20190402,서울특별시,11,동대문구,11230,세종특별자치시,36,22,47,12,19,56,6,54,11,132,27,26
20190402,서울특별시,11,동대문구,11230,경기도,41,739,2244,274,746,2230,161,2511,320,5594,1054,947
20190402,서울특별시,11,동대문구,11230,강원도,42,76,213,29,86,226,14,300,23,584,94,84
20190402,서울특별시,11,동대문구,11230,충청북도,43,90,221,36,75,235,19,272,32,617,136,106
20190402,서울특별시,11,동대문구,11230,충청남도,44,108,343,34,120,353,13,383,65,809,131,129
20190402,서울특별시,11,동대문구,11230,전라북도,45,82,257,32,89,236,18,297,35,634,112,97
20190402,서울특별시,11,동대문구,11230,전라남도,46,52,214,30,85,209,13,287,34,563,108,93
20190402,서울특별시,11,동대문구,11230,경상북도,47,102,373,43,116,344,26,511,55,869,169,146
20190402,서울특별시,11,동대문구,11230,경상남도,48,123,456,60,141,447,46,582,78,1137,229,218
20190402,서울특별시,11,동대문구,11230,제주특별자치도,50,23,67,4,21,65,6,56,12,173,33,15
20190402,서울특별시,11,금천구,11545,인천광역시,28,111,562,62,486,826,104,308,83,477,593,896
20190402,서울특별시,11,금천구,11545,광주광역시,29,54,290,35,270,416,55,166,39,296,325,408
20190402,서울특별시,11,금천구,11545,대전광역시,30,63,235,100,278,378,69,170,35,233,333,381
20190402,서울특별시,11,금천구,11545,울산광역시,31,37,169,32,189,265,43,107,36,172,207,270
20190402,서울특별시,11,금천구,11545,세종특별자치시,36,11,59,23,70,92,17,42,13,81,80,78
20190402,서울특별시,11,금천구,11545,경기도,41,613,2568,286,2593,3735,566,1442,411,2220,2864,3584
20190402,서울특별시,11,금천구,11545,강원도,42,53,226,45,275,361,50,154,31,214,318,377
20190402,서울특별시,11,금천구,11545,충청북도,43,51,271,42,288,423,65,167,50,235,288,381
20190402,서울특별시,11,금천구,11545,충청남도,44,88,395,58,385,518,83,229,48,331,408,529
20190402,서울특별시,11,금천구,11545,전라북도,45,68,316,41,256,396,58,168,30,281,298,372
20190402,서울특별시,11,금천구,11545,전라남도,46,48,265,33,302,410,82,128,29,242,269,356
20190402,서울특별시,11,금천구,11545,경상북도,47,92,375,62,405,655,110,271,46,328,406,569
20190402,서울특별시,11,금천구,11545,경상남도,48,112,463,65,485,783,162,325,82,445,608,839
20190402,서울특별시,11,금천구,11545,제주특별자치도,50,17,104,11,75,92,30,31,12,74,102,160
20190402,서울특별시,11,강남구,11680,서울특별시,11,297,3545,604,1170,1728,197,1995,306,4073,1329,2661
20190402,서울특별시,11,강남구,11680,부산광역시,26,58,665,99,187,429,50,448,101,964,324,630
20190402,서울특별시,11,강남구,11680,대구광역시,27,44,462,56,127,272,30,359,56,673,231,398
20190402,서울특별시,11,강남구,11680,인천광역시,28,65,588,85,202,379,41,421,81,776,277,600
20190403,서울특별시,11,강서구,11500,대전광역시,30,31,231,62,101,271,30,266,51,346,92,236
20190403,서울특별시,11,성북구,11290,서울특별시,11,310,2737,400,1225,2423,419,1619,629,10536,4541,1947
20190403,서울특별시,11,성북구,11290,부산광역시,26,89,748,83,316,724,113,466,198,3246,1224,602
20190403,서울특별시,11,성북구,11290,대구광역시,27,64,519,59,239,549,81,327,146,2308,901,406
20190403,서울특별시,11,성북구,11290,인천광역시,28,82,697,67,299,692,95,392,184,3114,1254,557
20190403,서울특별시,11,성북구,11290,광주광역시,29,39,371,58,147,320,47,203,93,1723,712,282
20190403,서울특별시,11,성북구,11290,대전광역시,30,38,317,68,161,329,58,172,85,1628,672,275
20190403,서울특별시,11,성북구,11290,울산광역시,31,31,251,28,112,234,44,139,76,1224,407,216
20190403,서울특별시,11,성북구,11290,세종특별자치시,36,15,91,15,25,86,18,48,23,346,152,63
20190403,서울특별시,11,성북구,11290,경기도,41,388,3350,370,1526,3283,580,2101,861,14734,5330,2492
20190403,서울특별시,11,성북구,11290,강원도,42,26,392,36,155,288,78,215,79,1567,536,257
20190403,서울특별시,11,성북구,11290,충청북도,43,50,382,35,158,359,55,221,105,1823,574,281
20190403,서울특별시,11,성북구,11290,충청남도,44,51,514,45,204,486,105,294,120,2309,763,327
20190403,서울특별시,11,성북구,11290,전라북도,45,40,456,43,144,339,61,239,81,1813,563,263
20190403,서울특별시,11,성북구,11290,전라남도,46,29,404,27,144,309,36,189,73,1658,556,263
20190403,서울특별시,11,성북구,11290,경상북도,47,49,568,30,228,523,109,337,152,2376,892,419
20190403,서울특별시,11,성북구,11290,경상남도,48,61,697,68,333,663,124,408,182,3210,1164,571
20190403,서울특별시,11,성북구,11290,제주특별자치도,50,5,91,15,44,86,19,33,29,506,177,64
20190403,서울특별시,11,송파구,11710,제주특별자치도,50,5,41,9,19,109,8,32,9,136,26,29
20190403,서울특별시,11,송파구,11710,경상남도,48,30,298,58,134,441,37,257,62,874,188,252
20190403,서울특별시,11,송파구,11710,경상북도,47,22,208,56,98,321,30,180,33,702,133,160
20190403,서울특별시,11,송파구,11710,전라남도,46,7,132,15,74,282,13,145,18,434,89,112
20190403,서울특별시,11,송파구,11710,전라북도,45,20,170,19,77,306,37,153,30,529,83,147
20190403,서울특별시,11,송파구,11710,충청남도,44,13,178,31,84,309,22,184,55,651,134,143
20190403,서울특별시,11,송파구,11710,충청북도,43,18,166,27,78,222,26,136,30,534,77,123
20190403,서울특별시,11,송파구,11710,강원도,42,16,124,18,95,226,24,123,26,475,82,97
20190403,서울특별시,11,송파구,11710,경기도,41,169,1655,273,657,2015,219,2020,346,4838,940,1184
20190403,서울특별시,11,송파구,11710,세종특별자치시,36,0,37,4,13,47,11,39,16,107,22,29
20190403,서울특별시,11,송파구,11710,울산광역시,31,15,85,26,42,169,19,96,31,328,54,79
20190403,서울특별시,11,송파구,11710,대전광역시,30,13,172,21,68,208,15,167,18,517,102,112
20190403,서울특별시,11,송파구,11710,광주광역시,29,14,144,27,70,202,17,123,19,517,96,112
20190403,서울특별시,11,송파구,11710,인천광역시,28,32,354,68,138,449,33,333,62,875,166,258
20190403,서울특별시,11,송파구,11710,대구광역시,27,19,209,77,96,319,36,190,45,699,133,197
20190403,서울특별시,11,송파구,11710,부산광역시,26,25,334,100,140,434,35,324,49,980,219,241
20190403,서울특별시,11,송파구,11710,서울특별시,11,84,1513,257,653,1067,185,1880,255,3550,838,953
20190403,서울특별시,11,성동구,11200,제주특별자치도,50,10,158,60,25,77,4,20,24,124,131,10
20190403,서울특별시,11,성동구,11200,경상남도,48,29,426,277,162,268,54,149,87,705,593,112
20190403,서울특별시,11,성동구,11200,경상북도,47,16,346,201,125,278,35,124,65,499,364,98
20190403,서울특별시,11,성동구,11200,전라남도,46,25,203,120,70,148,22,84,40,333,271,42
20190403,서울특별시,11,성동구,11200,전라북도,45,20,210,116,73,153,12,88,43,375,278,46
20190403,서울특별시,11,성동구,11200,충청남도,44,36,334,181,103,182,30,124,58,536,308,56
20190403,서울특별시,11,성동구,11200,충청북도,43,14,235,121,81,142,32,102,57,391,233,54
20190403,서울특별시,11,성동구,11200,강원도,42,22,250,100,66,178,28,79,29,365,239,46
20190403,서울특별시,11,성동구,11200,경기도,41,193,3120,1774,850,1360,225,897,572,3733,2780,496
20190403,서울특별시,11,성동구,11200,세종특별자치시,36,3,60,51,23,28,8,21,13,68,66,11
20190403,서울특별시,11,성동구,11200,울산광역시,31,15,157,113,50,109,21,58,39,291,210,35
20190403,서울특별시,11,성동구,11200,대전광역시,30,19,266,149,96,159,27,75,49,378,348,53
20190403,서울특별시,11,성동구,11200,광주광역시,29,11,268,136,89,145,23,74,43,359,316,36
20190403,서울특별시,11,성동구,11200,인천광역시,28,37,570,387,166,284,55,166,97,774,618,119
20190403,서울특별시,11,성동구,11200,대구광역시,27,30,416,270,142,259,43,123,90,580,503,72
20190403,서울특별시,11,성동구,11200,부산광역시,26,20,569,347,211,372,56,145,85,798,717,122
20190403,서울특별시,11,성동구,11200,서울특별시,11,175,3045,1953,781,1304,164,765,625,3123,2677,516
20190403,서울특별시,11,강북구,11305,제주특별자치도,50,5,18,0,3,16,0,0,11,55,13,4
20190403,서울특별시,11,강북구,11305,경상남도,48,11,126,13,48,90,13,36,82,476,105,24
20190403,서울특별시,11,강북구,11305,경상북도,47,15,112,14,34,77,12,28,59,324,75,23
20190403,서울특별시,11,강북구,11305,전라남도,46,3,57,8,34,37,3,14,26,232,48,11
20190403,서울특별시,11,강북구,11305,전라북도,45,7,75,8,31,39,6,20,34,283,54,14
20190403,서울특별시,11,강북구,11305,충청남도,44,15,99,12,29,78,4,24,52,327,66,17
20190403,서울특별시,11,강북구,11305,충청북도,43,5,66,13,35,60,4,20,33,261,50,14
20190403,서울특별시,11,강북구,11305,강원도,42,13,68,13,32,48,0,20,33,203,54,12
20190403,서울특별시,11,강북구,11305,경기도,41,62,705,86,266,468,48,191,299,2194,549,155
20190403,서울특별시,11,강북구,11305,세종특별자치시,36,0,12,3,11,14,0,4,14,53,15,0
20190403,서울특별시,11,강북구,11305,울산광역시,31,6,44,7,12,34,4,18,34,168,46,10
20190403,서울특별시,11,강북구,11305,대전광역시,30,4,70,14,20,42,6,19,24,250,47,7
20190403,서울특별시,11,강북구,11305,광주광역시,29,3,73,7,13,40,4,25,30,247,57,8
20190403,서울특별시,11,강북구,11305,인천광역시,28,10,152,20,35,90,12,29,88,444,108,26
20190403,서울특별시,11,강북구,11305,대구광역시,27,15,100,21,39,64,6,22,59,300,70,14
20190403,서울특별시,11,강북구,11305,부산광역시,26,17,112,25,51,90,11,41,78,447,112,30
20190403,서울특별시,11,강북구,11305,서울특별시,11,52,523,86,187,327,33,144,190,1506,397,88
20190403,서울특별시,11,중랑구,11260,제주특별자치도,50,10,38,6,8,43,7,20,10,104,31,17
20190403,서울특별시,11,중랑구,11260,경상남도,48,71,402,45,155,393,56,274,85,775,350,199
20190403,서울특별시,11,중랑구,11260,경상북도,47,65,319,26,123,325,38,167,85,565,240,158
20190403,서울특별시,11,중랑구,11260,전라남도,46,20,189,30,75,194,22,126,62,423,177,102
20190403,서울특별시,11,중랑구,11260,전라북도,45,46,192,22,110,217,28,137,54,463,164,112
20190403,서울특별시,11,중랑구,11260,충청남도,44,52,339,38,130,296,38,156,69,606,252,145
20190403,서울특별시,11,중랑구,11260,충청북도,43,51,184,24,87,214,31,108,43,468,176,124
20190403,서울특별시,11,중랑구,11260,강원도,42,33,199,27,86,204,22,120,46,381,130,99
20190403,서울특별시,11,중랑구,11260,경기도,41,341,1856,271,922,1988,296,1221,460,3895,1472,998
20190403,서울특별시,11,중랑구,11260,세종특별자치시,36,5,33,11,21,46,10,29,12,65,54,16
20190403,서울특별시,11,중랑구,11260,울산광역시,31,34,149,17,59,169,12,113,29,270,112,84
20190403,서울특별시,11,중랑구,11260,대전광역시,30,44,190,28,103,203,32,108,35,385,155,108
20190403,서울특별시,11,중랑구,11260,광주광역시,29,43,224,28,105,193,29,107,44,460,192,112
20190403,서울특별시,11,중랑구,11260,인천광역시,28,83,390,52,204,396,73,251,103,815,333,250
20190403,서울특별시,11,중랑구,11260,대구광역시,27,43,261,25,147,281,43,187,75,580,226,181
20190403,서울특별시,11,중랑구,11260,부산광역시,26,67,401,56,186,403,56,263,84,816,328,219
20190403,서울특별시,11,중랑구,11260,서울특별시,11,279,1370,216,717,1890,220,1092,294,2769,1102,822
20190403,서울특별시,11,도봉구,11320,제주특별자치도,50,10,44,18,24,15,0,34,7,47,19,50
20190403,서울특별시,11,도봉구,11320,경상남도,48,52,262,74,283,173,26,205,53,320,215,364
20190403,서울특별시,11,도봉구,11320,경상북도,47,35,237,35,214,120,28,147,56,227,188,288
20190403,서울특별시,11,도봉구,11320,전라남도,46,22,131,41,141,68,12,120,19,176,101,153
20190403,서울특별시,11,도봉구,11320,전라북도,45,24,145,50,122,91,16,152,29,193,105,199
20190403,서울특별시,11,도봉구,11320,충청남도,44,31,203,32,179,127,22,180,40,238,156,252
20190403,서울특별시,11,도봉구,11320,충청북도,43,20,143,37,142,81,14,126,22,209,118,176
20190403,서울특별시,11,도봉구,11320,강원도,42,24,158,32,146,90,10,104,30,167,107,137
20190403,서울특별시,11,도봉구,11320,경기도,41,237,1517,383,1453,957,159,1246,279,1806,1023,1598
20190403,서울특별시,11,도봉구,11320,세종특별자치시,36,5,22,9,32,28,4,35,11,33,21,25
20190403,서울특별시,11,도봉구,11320,울산광역시,31,15,104,21,111,72,13,94,17,128,75,123
20190403,서울특별시,11,도봉구,11320,대전광역시,30,18,153,37,149,84,14,133,37,160,95,183
20190403,서울특별시,11,도봉구,11320,광주광역시,29,36,153,47,143,79,15,111,20,150,120,188
20190403,서울특별시,11,도봉구,11320,인천광역시,28,57,307,68,293,190,34,255,60,368,221,368
20190403,서울특별시,11,도봉구,11320,대구광역시,27,61,220,80,196,145,20,176,48,242,157,263
20190403,서울특별시,11,도봉구,11320,부산광역시,26,57,290,57,292,201,79,250,65,355,237,363
20190403,서울특별시,11,도봉구,11320,서울특별시,11,274,1263,365,1166,623,126,1002,169,1083,719,1190
20190403,서울특별시,11,관악구,11620,제주특별자치도,50,4,28,4,8,0,0,9,4,28,8,15
20190403,서울특별시,11,관악구,11620,경상남도,48,39,184,29,74,101,11,50,20,211,65,232
20190403,서울특별시,11,관악구,11620,경상북도,47,18,139,32,65,67,9,54,15,159,26,174
20190403,서울특별시,11,관악구,11620,전라남도,46,10,85,19,49,52,4,26,6,106,19,100
20190403,서울특별시,11,관악구,11620,전라북도,45,7,94,43,39,49,0,20,7,128,34,103
20190403,서울특별시,11,관악구,11620,충청남도,44,30,143,28,60,75,0,46,13,136,43,143
20190403,서울특별시,11,관악구,11620,충청북도,43,15,104,28,38,70,5,36,8,140,42,125
20190403,서울특별시,11,관악구,11620,강원도,42,19,94,20,37,45,4,30,5,109,31,87
20190403,서울특별시,11,관악구,11620,경기도,41,173,1012,262,451,549,59,316,71,1301,355,1138
20190403,서울특별시,11,관악구,11620,세종특별자치시,36,3,23,10,8,10,0,8,0,40,11,27
20190403,서울특별시,11,관악구,11620,울산광역시,31,8,73,17,28,36,0,16,5,84,21,83
20190403,서울특별시,11,관악구,11620,대전광역시,30,11,90,32,51,67,3,32,6,91,28,130
20190403,서울특별시,11,관악구,11620,광주광역시,29,14,90,29,44,44,4,18,12,121,27,137
20190403,서울특별시,11,관악구,11620,인천광역시,28,34,215,52,80,101,9,53,16,222,56,239
20190403,서울특별시,11,금천구,11545,제주특별자치도,50,18,100,16,72,104,11,22,14,58,54,87
20190403,서울특별시,11,금천구,11545,경상남도,48,113,519,51,481,632,104,280,61,386,348,620
20190403,서울특별시,11,금천구,11545,경상북도,47,91,368,44,392,539,73,223,60,316,347,442
20190403,서울특별시,11,금천구,11545,전라남도,46,53,270,32,245,354,52,141,32,220,190,291
20190403,서울특별시,11,금천구,11545,전라북도,45,59,309,34,280,348,44,142,38,246,219,298
20190403,서울특별시,11,금천구,11545,충청남도,44,111,367,48,399,483,53,156,43,305,324,694
20190403,서울특별시,11,금천구,11545,충청북도,43,57,286,46,254,341,43,143,30,211,265,297
20190403,서울특별시,11,금천구,11545,강원도,42,64,298,28,240,355,50,119,31,187,229,265
20190403,서울특별시,11,금천구,11545,경기도,41,563,2697,285,2591,3092,396,1187,316,2068,1797,3432
20190403,서울특별시,11,금천구,11545,세종특별자치시,36,13,68,8,64,75,15,34,9,77,55,66
20190403,서울특별시,11,금천구,11545,울산광역시,31,32,230,12,154,272,42,99,28,148,138,677
20190403,서울특별시,11,금천구,11545,대전광역시,30,44,282,44,276,384,46,132,39,253,277,302
20190403,서울특별시,11,금천구,11545,광주광역시,29,51,272,41,249,388,55,166,44,293,257,334
20190403,서울특별시,11,금천구,11545,인천광역시,28,149,664,43,568,638,61,296,78,392,522,750
20190403,서울특별시,11,금천구,11545,대구광역시,27,93,461,48,366,528,90,194,49,325,387,476
20190403,서울특별시,11,금천구,11545,부산광역시,26,108,576,76,532,723,141,290,55,434,486,685
20190403,서울특별시,11,금천구,11545,서울특별시,11,449,2495,335,2105,2303,352,1091,264,1656,1564,2335
20190403,서울특별시,11,관악구,11620,대구광역시,27,28,123,59,62,78,0,25,10,151,34,199
20190403,서울특별시,11,관악구,11620,부산광역시,26,28,172,76,104,106,6,67,18,230,78,263
20190403,서울특별시,11,관악구,11620,서울특별시,11,108,819,371,348,374,17,237,41,877,269,893
20190403,서울특별시,11,양천구,11470,제주특별자치도,50,5,18,4,15,27,0,13,7,15,9,32
20190403,서울특별시,11,양천구,11470,경상남도,48,64,156,21,131,299,33,159,36,124,87,171
20190403,서울특별시,11,양천구,11470,경상북도,47,50,114,14,81,201,35,137,24,75,61,136
20190403,서울특별시,11,양천구,11470,전라남도,46,17,72,20,61,141,18,94,15,47,29,78
20190403,서울특별시,11,양천구,11470,전라북도,45,22,85,14,66,139,16,72,16,88,35,91
20190403,서울특별시,11,양천구,11470,충청남도,44,46,115,23,91,237,33,122,29,96,63,139
20190403,서울특별시,11,양천구,11470,충청북도,43,34,89,16,61,138,16,116,13,93,28,102
20190403,서울특별시,11,양천구,11470,강원도,42,22,62,15,59,128,20,91,20,61,30,130
20190403,서울특별시,11,양천구,11470,경기도,41,309,773,118,689,1291,198,818,138,1050,464,927
20190403,서울특별시,11,양천구,11470,세종특별자치시,36,3,18,3,15,30,6,20,3,11,8,16
20190403,서울특별시,11,양천구,11470,울산광역시,31,18,50,13,37,90,26,56,10,42,28,60
20190403,서울특별시,11,양천구,11470,대전광역시,30,28,75,14,49,119,18,71,10,51,41,93
20190403,서울특별시,11,양천구,11470,광주광역시,29,23,68,8,46,130,17,91,12,79,37,102
20190403,서울특별시,11,양천구,11470,인천광역시,28,72,173,24,126,265,45,158,35,166,95,219
20190403,서울특별시,11,양천구,11470,대구광역시,27,43,113,19,88,193,25,116,24,97,65,166
20190403,서울특별시,11,양천구,11470,부산광역시,26,58,173,26,137,258,35,183,29,123,95,197
20190403,서울특별시,11,양천구,11470,서울특별시,11,232,706,99,465,935,127,662,77,616,352,658
20190403,서울특별시,11,구로구,11530,서울특별시,11,85,1487,210,716,1484,164,558,116,968,498,886
20190403,서울특별시,11,구로구,11530,부산광역시,26,23,341,56,180,397,57,283,28,188,131,264
20190403,서울특별시,11,구로구,11530,대구광역시,27,43,315,59,122,296,37,227,25,189,102,235
20190403,서울특별시,11,구로구,11530,인천광역시,28,28,373,40,186,384,41,175,36,246,133,254
20190403,서울특별시,11,구로구,11530,광주광역시,29,21,163,26,75,162,22,89,12,106,77,127
20190403,서울특별시,11,구로구,11530,대전광역시,30,11,203,19,97,220,19,153,89,98,67,121
20190403,서울특별시,11,구로구,11530,울산광역시,31,14,107,10,67,122,14,83,8,72,38,96
20190403,서울특별시,11,구로구,11530,세종특별자치시,36,3,48,5,17,38,3,26,27,27,12,20
20190403,서울특별시,11,구로구,11530,경기도,41,124,1796,296,903,1818,213,801,162,1423,698,1144
20190403,서울특별시,11,구로구,11530,강원도,42,9,180,24,114,175,20,90,16,125,69,110
20190403,서울특별시,11,구로구,11530,충청북도,43,11,178,23,94,224,41,135,11,148,68,136
20190403,서울특별시,11,구로구,11530,충청남도,44,19,279,29,137,265,64,142,50,177,104,166
20190403,서울특별시,11,구로구,11530,전라북도,45,18,188,31,129,181,23,117,12,136,80,112
20190403,서울특별시,11,구로구,11530,전라남도,46,17,186,30,108,213,24,96,12,122,70,115
20190403,서울특별시,11,구로구,11530,경상북도,47,19,311,61,146,262,41,188,25,168,100,184
20190403,서울특별시,11,구로구,11530,경상남도,48,53,369,35,179,434,50,210,47,191,116,296
20190403,서울특별시,11,구로구,11530,제주특별자치도,50,0,69,8,34,67,6,43,79,37,23,30
20190403,서울특별시,11,동대문구,11230,제주특별자치도,50,32,60,10,16,44,6,44,6,133,37,21
20190403,서울특별시,11,동대문구,11230,경상남도,48,114,348,55,131,411,25,493,67,1018,174,224
20190403,서울특별시,11,동대문구,11230,경상북도,47,98,313,44,118,338,34,388,40,706,150,203
20190403,서울특별시,11,동대문구,11230,전라남도,46,50,171,20,64,186,14,252,23,441,90,143
20190403,서울특별시,11,동대문구,11230,전라북도,45,59,227,34,91,222,15,236,40,546,105,105
20190403,서울특별시,11,동대문구,11230,충청남도,44,100,293,33,103,336,15,361,39,670,131,164
20190403,서울특별시,11,동대문구,11230,충청북도,43,53,174,25,72,221,19,260,44,536,127,125
20190403,서울특별시,11,동대문구,11230,강원도,42,85,195,27,91,201,16,208,18,474,96,107
20190403,서울특별시,11,동대문구,11230,경기도,41,627,1868,222,650,2047,169,2107,288,4842,924,1125
20190403,서울특별시,11,동대문구,11230,세종특별자치시,36,13,46,6,15,51,3,44,7,102,21,25
20190403,서울특별시,11,동대문구,11230,울산광역시,31,39,126,23,48,148,14,174,27,402,57,95
20190403,서울특별시,11,동대문구,11230,대전광역시,30,79,185,33,88,214,16,215,22,532,104,112
20190403,서울특별시,11,동대문구,11230,광주광역시,29,57,212,25,66,206,13,203,40,525,113,139
20190403,서울특별시,11,동대문구,11230,인천광역시,28,142,392,39,142,389,29,472,78,1034,186,191
20190403,서울특별시,11,동대문구,11230,대구광역시,27,91,262,40,92,285,9,307,42,774,135,194
20190403,서울특별시,11,동대문구,11230,부산광역시,26,125,431,65,147,364,25,460,60,1004,179,240
20190403,서울특별시,11,동대문구,11230,서울특별시,11,543,1340,185,560,1298,85,1454,184,3621,759,745
20190403,서울특별시,11,강남구,11680,제주특별자치도,50,14,95,15,31,45,4,45,29,120,42,60
20190403,서울특별시,11,강남구,11680,경상남도,48,43,494,64,154,259,39,317,80,578,268,418
20190403,서울특별시,11,강남구,11680,경상북도,47,41,338,63,114,203,25,251,56,454,181,310
20190403,서울특별시,11,강남구,11680,전라남도,46,16,220,27,58,123,18,148,29,304,120,203
20190403,서울특별시,11,강남구,11680,전라북도,45,24,261,27,91,157,20,143,35,368,143,204
20190403,서울특별시,11,강남구,11680,충청남도,44,34,345,49,140,204,29,211,46,486,196,276
20190403,서울특별시,11,강남구,11680,충청북도,43,25,214,38,100,123,19,144,46,393,117,224
20190403,서울특별시,11,강남구,11680,강원도,42,29,211,37,98,162,19,152,35,298,131,183
20190403,서울특별시,11,강남구,11680,경기도,41,253,2859,543,1176,1576,242,1668,434,4176,1379,2144
20190403,서울특별시,11,강남구,11680,세종특별자치시,36,6,51,13,29,54,3,33,4,74,23,45
20190403,서울특별시,11,강남구,11680,울산광역시,31,17,155,19,58,97,15,99,27,220,88,198
20190403,서울특별시,11,강남구,11680,대전광역시,30,32,264,45,111,136,19,179,60,381,152,233
20190403,서울특별시,11,강남구,11680,광주광역시,29,21,245,32,95,151,19,132,30,402,133,216
20190403,서울특별시,11,강남구,11680,인천광역시,28,60,542,102,204,288,33,289,66,690,253,480
20190403,서울특별시,11,강남구,11680,대구광역시,27,34,439,68,157,244,14,255,50,532,198,368
20190403,서울특별시,11,강남구,11680,부산광역시,26,56,614,109,187,314,43,428,75,840,314,552
20190403,서울특별시,11,강남구,11680,서울특별시,11,268,3244,672,1199,1387,150,1668,313,3894,1161,2051
20190403,서울특별시,11,동작구,11590,제주특별자치도,50,8,19,10,8,20,0,0,0,18,7,12
20190403,서울특별시,11,동작구,11590,경상남도,48,38,116,39,96,91,26,63,17,145,43,194
20190403,서울특별시,11,동작구,11590,경상북도,47,30,97,36,66,81,31,50,11,119,30,142
20190403,서울특별시,11,동작구,11590,전라남도,46,20,63,34,36,48,21,28,15,65,28,64
20190403,서울특별시,11,동작구,11590,전라북도,45,19,63,37,48,66,17,26,23,97,29,88
20190403,서울특별시,11,동작구,11590,충청남도,44,32,113,54,72,82,22,31,26,99,56,97
20190403,서울특별시,11,동작구,11590,충청북도,43,20,61,44,58,54,14,29,12,98,31,82
20190403,서울특별시,11,동작구,11590,강원도,42,13,44,44,52,52,11,32,14,76,29,71
20190403,서울특별시,11,동작구,11590,경기도,41,205,599,295,521,540,176,313,96,1146,393,750
20190403,서울특별시,11,동작구,11590,세종특별자치시,36,8,12,12,13,19,0,7,0,15,7,24
20190403,서울특별시,11,동작구,11590,울산광역시,31,12,45,18,35,42,12,24,5,58,14,50
20190403,서울특별시,11,동작구,11590,대전광역시,30,32,56,45,47,48,12,33,5,89,39,95
20190403,서울특별시,11,동작구,11590,광주광역시,29,26,47,39,48,36,17,22,9,88,30,82
20190403,서울특별시,11,동작구,11590,인천광역시,28,37,111,48,103,123,32,67,23,169,56,160
20190403,서울특별시,11,동작구,11590,대구광역시,27,31,88,51,73,83,22,82,5,131,51,126
20190403,서울특별시,11,동작구,11590,부산광역시,26,30,104,76,103,120,29,89,10,179,67,186
20190403,서울특별시,11,동작구,11590,서울특별시,11,155,538,351,411,460,95,293,61,833,278,780
20190403,서울특별시,11,용산구,11170,서울특별시,11,206,1936,278,10903,1152,139,390,268,1827,731,348
20190403,서울특별시,11,용산구,11170,부산광역시,26,25,475,49,2507,263,42,87,65,428,190,77
20190403,서울특별시,11,용산구,11170,대구광역시,27,33,343,37,1780,160,16,63,56,342,116,72
20190403,서울특별시,11,용산구,11170,인천광역시,28,48,474,44,2379,240,43,107,60,410,169,88
20190403,서울특별시,11,용산구,11170,광주광역시,29,16,283,28,1038,126,16,48,25,205,83,23
20190403,서울특별시,11,용산구,11170,대전광역시,30,18,253,41,1310,115,12,57,35,192,76,37
20190403,서울특별시,11,용산구,11170,울산광역시,31,22,175,13,739,84,10,27,26,174,54,30
20190403,서울특별시,11,용산구,11170,세종특별자치시,36,6,60,7,299,29,0,11,5,42,23,8
20190403,서울특별시,11,용산구,11170,경기도,41,204,2194,302,11771,1331,174,463,397,2129,801,428
20190403,서울특별시,11,용산구,11170,강원도,42,16,205,29,1035,114,10,37,30,192,79,29
20190403,서울특별시,11,용산구,11170,충청북도,43,25,281,21,1283,118,18,58,24,195,52,34
20190403,서울특별시,11,용산구,11170,충청남도,44,28,313,34,1694,176,20,73,40,261,125,44
20190403,서울특별시,11,용산구,11170,전라북도,45,28,231,20,1228,106,12,49,35,220,74,38
20190403,서울특별시,11,용산구,11170,전라남도,46,13,203,13,1012,106,11,53,25,188,60,46
20190403,서울특별시,11,용산구,11170,경상북도,47,27,391,40,1627,171,25,67,54,297,114,71
20190403,서울특별시,11,용산구,11170,경상남도,48,23,427,53,2181,224,18,96,80,399,121,82
20190403,서울특별시,11,용산구,11170,제주특별자치도,50,4,57,6,392,20,4,9,7,62,17,9
20190403,서울특별시,11,은평구,11380,제주특별자치도,50,5,21,0,10,30,16,9,4,118,30,10
20190403,서울특별시,11,은평구,11380,경상남도,48,37,195,24,78,233,61,73,51,628,126,156
20190403,서울특별시,11,은평구,11380,경상북도,47,26,156,15,49,179,51,57,45,491,102,116
20190403,서울특별시,11,은평구,11380,전라남도,46,16,110,13,39,107,26,48,32,361,56,64
20190403,서울특별시,11,은평구,11380,전라북도,45,27,113,19,34,113,26,42,27,416,50,77
20190403,서울특별시,11,은평구,11380,충청남도,44,25,176,28,49,158,26,64,36,436,85,119
20190403,서울특별시,11,은평구,11380,충청북도,43,13,97,19,39,104,25,49,29,389,75,76
20190403,서울특별시,11,은평구,11380,강원도,42,22,70,14,34,132,38,79,31,330,72,73
20190403,서울특별시,11,은평구,11380,경기도,41,132,854,148,344,1187,238,463,279,3242,614,744
20190403,서울특별시,11,은평구,11380,세종특별자치시,36,4,19,5,16,33,7,10,5,69,13,18
20190403,서울특별시,11,은평구,11380,울산광역시,31,14,51,8,23,80,26,29,27,249,57,42
20190403,서울특별시,11,은평구,11380,대전광역시,30,15,82,13,36,91,22,48,35,299,49,88
20190403,서울특별시,11,은평구,11380,광주광역시,29,6,99,9,50,110,25,47,31,378,48,61
20190403,서울특별시,11,은평구,11380,인천광역시,28,33,214,27,96,231,46,103,57,684,123,150
20190403,서울특별시,11,은평구,11380,대구광역시,27,25,129,32,56,188,45,60,46,419,74,109
20190403,서울특별시,11,은평구,11380,부산광역시,26,19,170,42,71,251,56,113,52,646,135,183
20190403,서울특별시,11,은평구,11380,서울특별시,11,118,688,102,281,1012,184,411,170,1924,427,618
20190403,서울특별시,11,강동구,11740,서울특별시,11,391,790,566,268,1009,108,954,94,977,422,370
20190403,서울특별시,11,강동구,11740,부산광역시,26,95,186,216,49,262,36,282,27,245,121,77
20190403,서울특별시,11,강동구,11740,대구광역시,27,63,113,141,36,174,25,145,23,154,70,73
20190403,서울특별시,11,강동구,11740,인천광역시,28,85,175,136,49,269,38,264,25,225,91,66
20190403,서울특별시,11,강동구,11740,광주광역시,29,35,72,79,25,103,15,89,16,93,48,42
20190403,서울특별시,11,강동구,11740,대전광역시,30,51,74,103,21,115,8,106,13,108,38,42
20190403,서울특별시,11,강동구,11740,울산광역시,31,27,55,56,16,94,12,76,6,74,31,28
20190403,서울특별시,11,강동구,11740,세종특별자치시,36,8,23,26,4,31,4,28,8,19,11,5
20190403,서울특별시,11,강동구,11740,경기도,41,391,934,699,307,1306,172,1008,153,1379,528,428
20190403,서울특별시,11,강동구,11740,강원도,42,43,103,71,27,137,14,131,13,109,41,25
20190403,서울특별시,11,강동구,11740,충청북도,43,41,93,66,35,138,16,127,18,120,49,53
20190403,서울특별시,11,강동구,11740,충청남도,44,53,141,102,39,212,24,159,23,125,51,49
20190403,서울특별시,11,강동구,11740,전라북도,45,39,83,77,28,130,19,98,15,106,44,24
20190403,서울특별시,11,강동구,11740,전라남도,46,54,69,87,24,169,9,118,12,82,44,49
20190403,서울특별시,11,강동구,11740,경상북도,47,70,156,107,43,213,28,168,16,144,61,53
20190403,서울특별시,11,강동구,11740,경상남도,48,86,164,145,53,227,23,219,27,218,91,72
20190403,서울특별시,11,강동구,11740,제주특별자치도,50,9,22,9,9,37,5,19,0,23,13,9
20190403,서울특별시,11,강서구,11500,제주특별자치도,50,9,85,24,23,57,11,24,16,131,21,57
20190403,서울특별시,11,강서구,11500,경상남도,48,67,469,96,179,518,56,512,153,922,305,635
20190403,서울특별시,11,강서구,11500,경상북도,47,60,389,79,146,527,48,434,69,737,376,475
20190403,서울특별시,11,강서구,11500,전라남도,46,31,192,53,100,302,22,263,62,470,225,315
20190403,서울특별시,11,강서구,11500,전라북도,45,26,246,66,90,300,28,282,54,489,154,312
20190403,서울특별시,11,강서구,11500,충청남도,44,57,332,86,147,476,42,429,74,673,294,453
20190403,서울특별시,11,강서구,11500,충청북도,43,41,236,53,79,348,26,313,55,512,212,318
20190403,서울특별시,11,강서구,11500,강원도,42,35,208,44,102,498,42,373,55,607,397,346
20190403,서울특별시,11,강서구,11500,경기도,41,290,2546,720,861,2290,219,2447,488,4112,1040,2654
20190403,서울특별시,11,강서구,11500,세종특별자치시,36,8,55,16,23,57,3,57,19,106,49,54
20190403,서울특별시,11,강서구,11500,울산광역시,31,20,148,43,53,155,17,152,48,288,73,214
20190403,서울특별시,11,강서구,11500,광주광역시,29,20,227,71,87,194,23,214,55,362,95,260
20190403,서울특별시,11,강서구,11500,인천광역시,28,48,518,105,172,433,47,484,108,793,195,532
20190403,서울특별시,11,강서구,11500,대구광역시,27,59,344,124,120,286,34,345,57,562,126,430
20190403,서울특별시,11,강서구,11500,부산광역시,26,66,548,123,170,460,49,556,116,752,197,620
20190403,서울특별시,11,강서구,11500,서울특별시,11,211,1873,648,766,1607,159,1989,328,2659,694,1974
20190403,서울특별시,11,마포구,11440,제주특별자치도,50,6,76,19,26,53,9,33,3,116,68,10
20190403,서울특별시,11,마포구,11440,경상남도,48,29,437,78,177,360,25,371,50,460,417,102
20190403,서울특별시,11,마포구,11440,경상북도,47,25,323,69,99,290,25,285,17,392,353,85
20190403,서울특별시,11,마포구,11440,전라남도,46,16,175,39,72,164,4,153,23,219,191,30
20190403,서울특별시,11,마포구,11440,전라북도,45,19,230,39,82,197,11,173,17,269,259,39
20190403,서울특별시,11,마포구,11440,충청남도,44,12,290,65,127,281,15,281,32,383,336,72
20190403,서울특별시,11,마포구,11440,충청북도,43,12,201,51,89,176,16,213,15,292,259,74
20190403,서울특별시,11,마포구,11440,강원도,42,17,173,46,79,186,20,189,19,251,227,41
20190403,서울특별시,11,마포구,11440,경기도,41,158,2304,531,938,1898,165,1900,235,3007,2046,519
20190403,서울특별시,11,마포구,11440,세종특별자치시,36,0,48,18,17,36,0,47,8,74,63,10
20190403,서울특별시,11,마포구,11440,울산광역시,31,10,148,29,65,100,10,120,22,181,170,49
20190403,서울특별시,11,마포구,11440,대전광역시,30,9,216,49,90,199,14,181,35,295,302,46
20190403,서울특별시,11,노원구,11350,서울특별시,11,83,584,107,239,566,82,373,127,1844,297,300
20190403,서울특별시,11,노원구,11350,부산광역시,26,16,136,21,52,136,23,52,35,407,68,90
20190403,서울특별시,11,노원구,11350,대구광역시,27,12,78,10,39,92,28,37,28,313,52,41
20190403,서울특별시,11,노원구,11350,인천광역시,28,15,122,28,52,182,24,76,41,452,55,93
20190403,서울특별시,11,노원구,11350,광주광역시,29,11,76,8,28,70,10,22,19,203,39,29
20190403,서울특별시,11,노원구,11350,대전광역시,30,13,81,12,22,52,12,31,14,207,41,32
20190403,서울특별시,11,노원구,11350,울산광역시,31,6,35,5,18,47,12,20,12,145,18,22
20190403,서울특별시,11,노원구,11350,세종특별자치시,36,0,17,3,5,10,0,6,4,59,10,8
20190403,서울특별시,11,노원구,11350,경기도,41,107,663,144,298,671,125,354,205,2273,403,372
20190403,서울특별시,11,노원구,11350,강원도,42,10,53,6,24,44,8,20,22,159,33,44
20190403,서울특별시,11,노원구,11350,충청북도,43,14,59,14,28,63,18,22,16,245,36,41
20190403,서울특별시,11,노원구,11350,충청남도,44,16,97,9,25,77,17,55,34,285,42,32
20190403,서울특별시,11,노원구,11350,전라북도,45,5,59,11,14,60,11,22,27,258,41,35
20190403,서울특별시,11,노원구,11350,전라남도,46,8,65,7,31,62,14,39,21,181,28,33
20190403,서울특별시,11,노원구,11350,경상북도,47,17,94,15,46,107,17,42,38,313,51,58
20190403,서울특별시,11,노원구,11350,경상남도,48,20,110,11,41,111,22,49,38,421,71,88
20190403,서울특별시,11,노원구,11350,제주특별자치도,50,0,18,0,3,14,11,11,8,44,11,4
20190403,서울특별시,11,마포구,11440,광주광역시,29,7,197,43,88,204,8,177,9,292,279,45
20190403,서울특별시,11,마포구,11440,인천광역시,28,25,464,73,195,404,33,344,68,509,423,102
20190403,서울특별시,11,마포구,11440,대구광역시,27,18,345,76,138,293,20,276,90,442,376,57
20190403,서울특별시,11,마포구,11440,부산광역시,26,30,439,128,179,354,29,395,90,532,449,102
20190403,서울특별시,11,마포구,11440,서울특별시,11,111,2325,512,796,1576,96,1663,153,2576,1904,404
20190403,서울특별시,11,종로구,11110,서울특별시,11,221,1855,298,311,631,53,231,132,1042,695,171
20190403,서울특별시,11,종로구,11110,부산광역시,26,53,343,33,59,172,11,61,31,349,227,48
20190403,서울특별시,11,종로구,11110,대구광역시,27,30,277,27,47,136,7,39,33,252,121,35
20190403,서울특별시,11,종로구,11110,인천광역시,28,44,355,39,68,167,12,65,43,217,199,77
20190403,서울특별시,11,종로구,11110,광주광역시,29,12,211,20,28,85,8,43,34,199,86,22
20190403,서울특별시,11,종로구,11110,대전광역시,30,24,182,22,36,81,3,27,16,165,98,24
20190403,서울특별시,11,종로구,11110,울산광역시,31,25,89,18,19,69,6,19,18,124,62,11
20190403,서울특별시,11,종로구,11110,세종특별자치시,36,7,42,7,5,42,0,9,4,36,20,5
20190403,서울특별시,11,종로구,11110,경기도,41,282,1853,203,338,853,65,355,283,1362,931,179
20190403,서울특별시,11,종로구,11110,강원도,42,18,194,17,39,68,7,44,39,142,98,26
20190403,서울특별시,11,종로구,11110,충청북도,43,26,164,32,36,95,7,41,22,168,103,30
20190403,서울특별시,11,종로구,11110,충청남도,44,38,227,16,44,121,9,59,28,185,149,26
20190403,서울특별시,11,종로구,11110,전라북도,45,26,167,30,24,86,11,45,41,177,122,36
20190403,서울특별시,11,종로구,11110,전라남도,46,24,143,18,27,97,8,55,37,156,91,14
20190403,서울특별시,11,종로구,11110,경상북도,47,38,219,26,46,143,12,64,41,250,168,38
20190403,서울특별시,11,종로구,11110,경상남도,48,48,335,31,60,191,10,76,35,333,207,27
20190403,서울특별시,11,종로구,11110,제주특별자치도,50,5,52,10,4,22,6,12,21,50,39,7
20190403,서울특별시,11,서대문구,11410,서울특별시,11,24,495,109,130,802,68,585,130,953,185,285
20190403,서울특별시,11,서대문구,11410,부산광역시,26,7,102,19,14,225,13,139,18,195,47,79
20190403,서울특별시,11,서대문구,11410,대구광역시,27,11,68,60,14,162,8,95,11,160,30,41
20190403,서울특별시,11,서대문구,11410,인천광역시,28,10,114,83,15,193,10,155,16,214,35,84
20190403,서울특별시,11,서대문구,11410,광주광역시,29,0,52,9,10,119,7,57,14,91,15,48
20190403,서울특별시,11,서대문구,11410,대전광역시,30,3,37,43,9,116,8,71,12,102,32,39
20190403,서울특별시,11,서대문구,11410,울산광역시,31,0,38,4,9,82,0,43,6,52,10,25
20190403,서울특별시,11,서대문구,11410,세종특별자치시,36,0,10,0,3,20,0,9,0,29,6,6
20190403,서울특별시,11,서대문구,11410,경기도,41,44,570,98,153,1081,80,610,106,1177,252,352
20190403,서울특별시,11,서대문구,11410,강원도,42,6,47,8,13,133,3,66,11,98,22,39
20190403,서울특별시,11,서대문구,11410,충청북도,43,5,44,11,14,120,4,79,12,113,28,55
20190403,서울특별시,11,서대문구,11410,충청남도,44,10,54,16,11,188,6,112,17,142,37,58
20190403,서울특별시,11,서대문구,11410,전라북도,45,6,50,9,16,115,4,77,14,111,24,46
20190403,서울특별시,11,서대문구,11410,전라남도,46,4,41,40,9,148,5,76,13,81,20,32
20190403,서울특별시,11,서대문구,11410,경상북도,47,14,60,28,17,188,3,103,19,119,36,59
20190403,서울특별시,11,서대문구,11410,경상남도,48,5,76,15,28,249,12,161,20,176,24,88
20190403,서울특별시,11,서대문구,11410,제주특별자치도,50,3,15,0,0,25,3,9,4,40,4,18
20190403,서울특별시,11,광진구,11215,서울특별시,11,173,1259,453,916,966,82,799,118,1252,609,1015
20190403,서울특별시,11,광진구,11215,부산광역시,26,70,259,52,219,234,24,182,25,302,169,241
20190403,서울특별시,11,광진구,11215,대구광역시,27,47,176,38,162,182,24,119,17,198,127,162
20190403,서울특별시,11,광진구,11215,인천광역시,28,62,259,51,209,209,22,183,31,319,132,221
20190403,서울특별시,11,광진구,11215,광주광역시,29,16,123,28,88,99,13,64,23,144,68,91
20190403,서울특별시,11,광진구,11215,대전광역시,30,26,126,26,134,118,17,98,4,142,74,111
20190403,서울특별시,11,광진구,11215,울산광역시,31,16,102,12,61,73,10,62,7,98,54,83
20190403,서울특별시,11,광진구,11215,세종특별자치시,36,4,30,4,34,31,6,24,10,31,7,23
20190403,서울특별시,11,광진구,11215,경기도,41,240,1374,237,1048,1213,158,979,165,1609,698,1142
20190403,서울특별시,11,광진구,11215,강원도,42,20,98,18,127,132,9,70,14,129,61,81
20190403,서울특별시,11,광진구,11215,충청북도,43,28,125,26,103,132,20,106,22,162,64,107
20190403,서울특별시,11,광진구,11215,충청남도,44,34,159,28,174,186,14,140,20,202,87,119
20190403,서울특별시,11,광진구,11215,전라북도,45,26,120,21,103,127,12,90,16,160,81,123
20190403,서울특별시,11,광진구,11215,전라남도,46,19,105,27,79,130,13,94,14,127,81,110
20190403,서울특별시,11,광진구,11215,경상북도,47,43,188,28,145,157,30,124,20,198,99,149
20190403,서울특별시,11,광진구,11215,경상남도,48,40,219,30,211,301,45,154,24,231,140,194
20190403,서울특별시,11,광진구,11215,제주특별자치도,50,5,25,9,36,42,6,14,7,43,11,49
20190403,서울특별시,11,서초구,11650,서울특별시,11,396,2885,616,790,1391,135,1406,154,1087,784,761
20190403,서울특별시,11,서초구,11650,부산광역시,26,80,646,129,171,347,29,324,27,194,193,161
20190403,서울특별시,11,서초구,11650,대구광역시,27,74,605,69,128,240,29,317,27,144,138,182
20190403,서울특별시,11,서초구,11650,인천광역시,28,73,570,86,192,361,24,250,33,226,185,173
20190403,서울특별시,11,서초구,11650,광주광역시,29,31,324,77,95,161,17,94,13,103,84,94
20190403,서울특별시,11,서초구,11650,대전광역시,30,43,274,70,92,162,19,127,12,94,97,83
20190403,서울특별시,11,서초구,11650,울산광역시,31,29,204,31,80,95,15,85,8,75,71,58
20190403,서울특별시,11,서초구,11650,세종특별자치시,36,10,92,11,15,43,0,30,7,17,36,19
20190403,서울특별시,11,서초구,11650,경기도,41,372,3338,558,889,1796,193,1323,178,1540,972,867
20190403,서울특별시,11,서초구,11650,강원도,42,28,274,45,84,143,14,108,10,76,74,82
20190403,서울특별시,11,서초구,11650,충청북도,43,47,324,61,74,199,18,103,18,141,87,93
20190403,서울특별시,11,서초구,11650,충청남도,44,49,391,63,147,244,26,187,23,124,130,95
20190403,서울특별시,11,서초구,11650,전라북도,45,34,431,59,98,166,10,110,23,105,68,80
20190403,서울특별시,11,서초구,11650,전라남도,46,27,325,39,74,168,15,128,12,77,76,90
20190403,서울특별시,11,서초구,11650,경상북도,47,49,418,63,131,275,28,185,24,125,122,101
20190403,서울특별시,11,서초구,11650,경상남도,48,58,541,82,152,334,27,231,18,167,169,147
20190403,서울특별시,11,서초구,11650,제주특별자치도,50,7,120,15,39,39,7,39,5,32,25,30
20190403,서울특별시,11,영등포구,11560,제주특별자치도,50,3,35,15,44,37,4,22,5,28,8,11
20190403,서울특별시,11,영등포구,11560,경상남도,48,40,411,56,443,829,25,214,15,245,87,156
20190403,서울특별시,11,영등포구,11560,경상북도,47,24,346,55,368,270,40,171,11,156,68,106
20190403,서울특별시,11,영등포구,11560,전라남도,46,13,220,39,214,126,24,109,7,109,28,64
20190403,서울특별시,11,영등포구,11560,전라북도,45,10,230,29,222,140,26,114,11,129,48,72
20190403,서울특별시,11,영등포구,11560,충청남도,44,19,269,38,350,272,35,174,7,150,61,86
20190403,서울특별시,11,영등포구,11560,충청북도,43,16,182,27,226,170,27,105,10,128,49,83
20190403,서울특별시,11,영등포구,11560,강원도,42,13,194,27,215,129,19,100,12,104,40,65
20190403,서울특별시,11,영등포구,11560,경기도,41,155,2127,313,2256,1863,218,976,75,1350,543,682
20190403,서울특별시,11,영등포구,11560,세종특별자치시,36,5,37,13,56,35,5,11,3,21,12,24
20190403,서울특별시,11,영등포구,11560,울산광역시,31,15,134,23,177,153,19,88,8,80,28,57
20190403,서울특별시,11,영등포구,11560,대전광역시,30,23,238,49,223,174,25,97,4,110,55,75
20190403,서울특별시,11,영등포구,11560,광주광역시,29,12,224,29,229,159,24,95,5,120,47,59
20190403,서울특별시,11,영등포구,11560,인천광역시,28,23,435,75,473,354,54,233,10,236,96,150
20190403,서울특별시,11,영등포구,11560,대구광역시,27,15,328,53,324,278,29,147,14,166,66,159
20190403,서울특별시,11,영등포구,11560,부산광역시,26,29,503,77,468,1199,62,253,14,253,101,161
20190403,서울특별시,11,영등포구,11560,서울특별시,11,102,1799,864,2038,1280,182,834,59,993,461,562
20190403,서울특별시,11,중구,11140,제주특별자치도,50,34,117,15,7,140,14,24,6,195,56,8
20190403,서울특별시,11,중구,11140,경상남도,48,93,622,75,164,373,83,141,37,1054,308,59
20190403,서울특별시,11,중구,11140,경상북도,47,71,428,60,102,300,74,118,22,788,231,38
20190403,서울특별시,11,중구,11140,전라남도,46,40,358,39,63,229,51,95,16,610,140,20
20190403,서울특별시,11,중구,11140,전라북도,45,60,386,40,86,215,49,72,19,637,166,28
20190403,서울특별시,11,중구,11140,충청남도,44,60,433,50,125,284,69,93,13,817,218,41
20190403,서울특별시,11,중구,11140,충청북도,43,55,348,54,97,228,55,93,19,610,145,39
20190403,서울특별시,11,중구,11140,강원도,42,48,356,39,85,232,62,77,11,523,150,27
20190403,서울특별시,11,중구,11140,경기도,41,491,2470,380,1093,2239,425,700,200,5524,1511,382
20190403,서울특별시,11,중구,11140,세종특별자치시,36,8,77,8,18,55,13,23,5,147,28,8
20190403,서울특별시,11,중구,11140,울산광역시,31,25,188,30,82,115,43,40,15,423,134,26
20190403,서울특별시,11,중구,11140,대전광역시,30,33,344,76,117,220,38,64,12,612,188,40
20190403,서울특별시,11,중구,11140,광주광역시,29,24,322,48,91,223,52,66,17,665,230,28
20190403,서울특별시,11,중구,11140,인천광역시,28,85,463,57,271,399,76,159,36,1143,282,84
20190403,서울특별시,11,중구,11140,대구광역시,27,53,488,71,163,281,55,88,17,926,248,68
20190403,서울특별시,11,중구,11140,부산광역시,26,82,633,107,205,415,79,142,40,1210,346,102
20190403,서울특별시,11,중구,11140,서울특별시,11,448,2458,383,1125,1789,305,576,145,4881,1319,295
20190404,서울특별시,11,용산구,11170,광주광역시,29,14,213,23,983,102,11,22,25,175,60,24
20190404,서울특별시,11,용산구,11170,인천광역시,28,42,448,37,2220,205,24,79,63,305,114,55
20190404,서울특별시,11,중랑구,11260,제주특별자치도,50,11,27,3,21,47,6,27,12,81,23,37
20190404,서울특별시,11,중랑구,11260,경상남도,48,68,258,37,202,361,58,244,104,784,291,293
20190404,서울특별시,11,은평구,11380,경상남도,48,30,311,28,67,175,48,61,89,612,142,179
20190404,서울특별시,11,은평구,11380,경상북도,47,26,216,32,40,153,38,77,55,420,93,127
20190404,서울특별시,11,은평구,11380,전라남도,46,21,143,17,23,76,28,67,30,291,57,88
20190404,서울특별시,11,은평구,11380,전라북도,45,17,134,19,27,86,28,49,46,377,73,70
20190404,서울특별시,11,은평구,11380,충청남도,44,23,211,30,38,145,39,58,65,425,80,122
20190404,서울특별시,11,은평구,11380,충청북도,43,24,136,23,35,101,26,44,38,321,53,92
20190404,서울특별시,11,은평구,11380,강원도,42,22,125,16,21,96,27,58,36,306,73,77
20190404,서울특별시,11,은평구,11380,경기도,41,150,1381,200,376,897,246,444,432,3222,596,830
20190404,서울특별시,11,은평구,11380,세종특별자치시,36,5,31,0,5,27,8,9,10,47,16,19
20190404,서울특별시,11,은평구,11380,울산광역시,31,23,89,8,19,71,20,26,40,254,44,64
20190404,서울특별시,11,은평구,11380,대전광역시,30,10,142,23,28,84,25,58,31,276,55,82
20190404,서울특별시,11,은평구,11380,광주광역시,29,12,133,14,36,65,21,37,33,293,64,90
20190404,서울특별시,11,은평구,11380,인천광역시,28,36,306,37,75,218,40,114,95,680,128,181
20190404,서울특별시,11,은평구,11380,대구광역시,27,24,168,31,56,148,42,56,70,432,89,122
20190404,서울특별시,11,은평구,11380,부산광역시,26,35,241,31,63,204,48,102,90,676,143,156
20190404,서울특별시,11,중구,11140,제주특별자치도,50,10,110,31,10,78,17,12,9,149,35,19
20190404,서울특별시,11,중구,11140,경상남도,48,56,641,76,136,455,80,163,36,945,315,94
20190404,서울특별시,11,용산구,11170,대구광역시,27,32,277,24,1651,173,23,44,37,255,102,34
20190404,서울특별시,11,용산구,11170,부산광역시,26,46,432,48,2337,237,28,65,32,286,135,66
20190404,서울특별시,11,용산구,11170,서울특별시,11,206,1788,361,10093,955,133,308,159,1424,634,233
20190404,서울특별시,11,관악구,11620,경상남도,48,31,135,44,71,111,11,39,28,179,50,245
20190404,서울특별시,11,강서구,11500,경상북도,47,60,250,48,254,552,45,458,97,896,358,404
20190404,서울특별시,11,강서구,11500,경상남도,48,54,343,59,351,608,45,584,129,816,375,549
20190404,서울특별시,11,강서구,11500,제주특별자치도,50,6,58,9,33,64,3,35,8,93,55,38
20190404,서울특별시,11,노원구,11350,경상남도,48,19,131,13,40,89,17,41,40,409,67,40
20190404,서울특별시,11,노원구,11350,경상북도,47,10,71,10,18,76,16,50,31,253,47,41
20190404,서울특별시,11,노원구,11350,전라남도,46,8,45,5,20,58,10,31,14,215,36,24
20190404,서울특별시,11,노원구,11350,전라북도,45,10,65,13,14,53,21,27,22,250,32,44
20190404,서울특별시,11,노원구,11350,충청남도,44,11,83,14,18,107,7,50,27,286,48,43
20190404,서울특별시,11,노원구,11350,충청북도,43,8,63,17,20,50,10,22,28,218,45,35
20190404,서울특별시,11,노원구,11350,강원도,42,13,53,8,20,50,9,35,16,186,32,19
20190404,서울특별시,11,노원구,11350,경기도,41,95,683,142,217,680,130,329,197,2177,487,290
20190404,서울특별시,11,노원구,11350,세종특별자치시,36,0,12,3,5,15,0,3,7,56,13,4
20190404,서울특별시,11,관악구,11620,부산광역시,26,36,185,59,71,92,5,49,13,214,71,274
20190404,서울특별시,11,관악구,11620,서울특별시,11,117,708,331,328,423,31,250,37,953,223,893
20190404,서울특별시,11,도봉구,11320,대구광역시,27,23,191,72,193,113,15,155,43,224,197,258
20190404,서울특별시,11,도봉구,11320,부산광역시,26,24,291,69,254,150,25,235,60,325,263,304
20190404,서울특별시,11,서대문구,11410,서울특별시,11,31,457,90,276,743,63,397,83,758,214,408
20190404,서울특별시,11,강남구,11680,제주특별자치도,50,0,83,21,28,39,8,62,8,111,43,81
20190404,서울특별시,11,강남구,11680,경상남도,48,37,443,68,152,283,39,413,87,560,221,484
20190404,서울특별시,11,도봉구,11320,서울특별시,11,146,1051,378,1111,536,129,909,158,1098,776,1122
20190404,서울특별시,11,강북구,11305,제주특별자치도,50,0,24,3,0,14,0,7,8,66,5,0
20190404,서울특별시,11,강북구,11305,경상남도,48,13,135,13,94,105,8,37,71,490,83,26
20190404,서울특별시,11,강북구,11305,경상북도,47,11,86,9,56,61,6,30,39,337,54,14
20190404,서울특별시,11,강북구,11305,전라남도,46,13,55,10,38,51,8,18,31,214,42,6
20190404,서울특별시,11,강북구,11305,전라북도,45,12,70,9,32,61,4,21,26,262,45,13
20190404,서울특별시,11,강북구,11305,충청남도,44,14,82,8,50,77,4,15,59,296,53,21
20190404,서울특별시,11,노원구,11350,울산광역시,31,4,42,4,18,26,4,20,10,131,34,25
20190404,서울특별시,11,노원구,11350,대전광역시,30,9,76,13,23,48,11,35,10,194,50,31
20190404,서울특별시,11,종로구,11110,전라북도,45,14,143,18,33,84,3,51,51,178,133,32
20190404,서울특별시,11,노원구,11350,광주광역시,29,7,59,5,29,54,4,19,28,179,34,31
20190404,서울특별시,11,중랑구,11260,경상북도,47,43,240,22,154,303,26,186,70,503,223,208
20190404,서울특별시,11,중랑구,11260,전라남도,46,24,167,16,108,182,38,94,53,336,135,123
20190404,서울특별시,11,중랑구,11260,전라북도,45,40,181,25,113,202,27,94,53,414,165,151
20190404,서울특별시,11,중랑구,11260,충청남도,44,39,269,19,141,291,38,133,76,548,209,203
20190404,서울특별시,11,중랑구,11260,충청북도,43,35,163,21,97,221,30,132,46,373,155,111
20190404,서울특별시,11,중랑구,11260,강원도,42,22,148,19,107,206,29,79,48,357,137,123
20190404,서울특별시,11,중랑구,11260,경기도,41,371,1665,199,987,1814,239,1093,425,3733,1264,1258
20190404,서울특별시,11,중랑구,11260,세종특별자치시,36,9,38,8,26,56,3,21,10,89,37,34
20190404,서울특별시,11,중랑구,11260,울산광역시,31,26,99,8,65,128,21,84,31,260,89,89
20190404,서울특별시,11,중랑구,11260,대전광역시,30,39,148,16,100,211,19,111,36,379,178,130
20190404,서울특별시,11,중랑구,11260,광주광역시,29,20,148,18,96,151,22,110,43,381,161,117
20190404,서울특별시,11,중랑구,11260,인천광역시,28,62,360,36,269,337,50,230,77,793,263,306
20190404,서울특별시,11,중랑구,11260,대구광역시,27,61,236,31,137,259,29,158,75,567,221,210
20190404,서울특별시,11,중랑구,11260,부산광역시,26,61,311,44,216,320,67,245,105,748,312,299
20190404,서울특별시,11,중랑구,11260,서울특별시,11,274,1218,178,842,1441,193,909,305,2605,1045,1082
20190404,서울특별시,11,노원구,11350,인천광역시,28,16,114,24,42,130,16,53,45,411,78,60
20190404,서울특별시,11,노원구,11350,대구광역시,27,11,125,21,25,70,20,36,22,285,61,49
20190404,서울특별시,11,노원구,11350,부산광역시,26,11,120,18,41,100,21,65,42,391,119,57
20190404,서울특별시,11,노원구,11350,서울특별시,11,88,632,131,206,564,68,312,127,1583,338,246
20190404,서울특별시,11,동대문구,11230,제주특별자치도,50,35,59,7,19,51,5,49,9,168,31,10
20190404,서울특별시,11,강북구,11305,충청북도,43,0,66,4,45,54,0,14,47,230,56,5
20190404,서울특별시,11,강북구,11305,강원도,42,7,63,6,28,46,0,24,28,230,34,10
20190404,서울특별시,11,강북구,11305,경기도,41,73,527,65,351,432,47,171,308,2199,466,133
20190404,서울특별시,11,강북구,11305,세종특별자치시,36,3,8,0,8,17,0,0,5,58,11,0
20190404,서울특별시,11,은평구,11380,서울특별시,11,122,1061,131,290,737,153,315,227,1959,453,697
20190404,서울특별시,11,강북구,11305,울산광역시,31,9,47,0,29,43,0,11,28,151,29,5
20190404,서울특별시,11,강북구,11305,대전광역시,30,7,53,7,31,33,3,18,30,216,45,10
20190404,서울특별시,11,강북구,11305,광주광역시,29,11,64,9,35,39,3,18,37,243,44,8
20190404,서울특별시,11,강북구,11305,인천광역시,28,14,126,10,72,97,4,35,76,514,83,23
20190404,서울특별시,11,강북구,11305,대구광역시,27,15,92,14,47,55,6,21,32,318,70,14
20190404,서울특별시,11,강북구,11305,부산광역시,26,10,130,14,75,85,5,31,66,417,117,29
20190404,서울특별시,11,강북구,11305,서울특별시,11,62,457,68,279,329,41,125,206,1487,336,79
20190404,서울특별시,11,중구,11140,경상북도,47,46,415,68,107,374,62,93,31,716,216,46
20190404,서울특별시,11,중구,11140,전라남도,46,21,349,44,79,312,31,73,8,465,135,25
20190404,서울특별시,11,중구,11140,전라북도,45,30,353,68,57,302,41,75,24,535,172,39
20190404,서울특별시,11,중구,11140,충청남도,44,43,339,66,98,492,62,101,30,699,216,60
20190404,서울특별시,11,종로구,11110,경기도,41,266,1654,214,369,814,44,434,299,1343,1016,164
20190404,서울특별시,11,종로구,11110,세종특별자치시,36,6,37,8,5,23,0,11,7,37,17,7
20190404,서울특별시,11,종로구,11110,울산광역시,31,22,125,13,12,50,5,31,20,88,75,9
20190404,서울특별시,11,종로구,11110,대전광역시,30,26,133,22,28,92,5,31,41,142,114,12
20190404,서울특별시,11,종로구,11110,광주광역시,29,21,154,18,29,67,4,45,36,172,100,18
20190404,서울특별시,11,종로구,11110,인천광역시,28,48,325,42,63,156,9,59,53,235,178,36
20190404,서울특별시,11,관악구,11620,경상북도,47,21,100,34,54,84,8,29,7,148,39,181
20190404,서울특별시,11,관악구,11620,전라남도,46,7,82,19,35,49,0,23,8,96,29,112
20190404,서울특별시,11,관악구,11620,전라북도,45,13,86,27,29,63,7,15,3,113,30,131
20190404,서울특별시,11,관악구,11620,충청남도,44,23,110,34,32,100,4,58,6,129,51,126
20190404,서울특별시,11,관악구,11620,충청북도,43,17,79,28,19,58,3,30,5,116,29,138
20190404,서울특별시,11,관악구,11620,강원도,42,18,87,23,26,45,5,26,7,77,23,114
20190404,서울특별시,11,관악구,11620,경기도,41,159,843,265,327,654,49,253,91,1332,325,1113
20190404,서울특별시,11,관악구,11620,세종특별자치시,36,0,17,13,6,9,0,8,3,24,7,31
20190404,서울특별시,11,관악구,11620,울산광역시,31,3,64,9,16,39,4,18,8,81,18,89
20190404,서울특별시,11,관악구,11620,대전광역시,30,13,94,26,41,60,3,32,0,104,32,129
20190404,서울특별시,11,관악구,11620,광주광역시,29,10,112,41,37,49,3,21,5,101,31,130
20190404,서울특별시,11,관악구,11620,인천광역시,28,31,157,44,78,115,8,65,13,253,48,259
20190404,서울특별시,11,관악구,11620,대구광역시,27,12,117,59,60,83,7,35,6,171,40,209
20190404,서울특별시,11,종로구,11110,전라남도,46,21,150,12,22,83,0,58,26,182,114,13
20190404,서울특별시,11,종로구,11110,경상북도,47,26,232,33,54,126,10,65,45,255,157,26
20190404,서울특별시,11,종로구,11110,경상남도,48,59,305,33,78,164,12,73,48,324,207,39
20190404,서울특별시,11,종로구,11110,제주특별자치도,50,3,52,8,6,18,0,4,16,48,29,11
20190404,서울특별시,11,종로구,11110,충청남도,44,29,245,25,40,115,5,68,44,203,144,31
20190404,서울특별시,11,종로구,11110,충청북도,43,23,175,18,34,91,3,44,27,161,95,20
20190404,서울특별시,11,종로구,11110,강원도,42,18,174,13,25,69,0,46,51,113,118,20
20190404,서울특별시,11,도봉구,11320,제주특별자치도,50,4,44,26,30,14,0,23,7,31,21,23
20190404,서울특별시,11,송파구,11710,서울특별시,11,134,1498,220,537,1081,140,1810,142,2956,663,736
20190404,서울특별시,11,송파구,11710,부산광역시,26,74,308,37,134,376,25,239,36,809,194,225
20190404,서울특별시,11,송파구,11710,대구광역시,27,21,217,41,105,279,20,176,34,535,122,171
20190404,서울특별시,11,송파구,11710,인천광역시,28,18,298,43,122,379,35,377,56,717,157,196
20190404,서울특별시,11,송파구,11710,광주광역시,29,8,130,21,44,189,11,109,16,406,77,82
20190404,서울특별시,11,영등포구,11560,제주특별자치도,50,0,45,14,65,27,6,34,3,27,14,22
20190404,서울특별시,11,중구,11140,충청북도,43,39,296,49,75,313,43,92,29,568,159,48
20190404,서울특별시,11,중구,11140,강원도,42,24,284,56,60,305,39,87,26,462,125,24
20190404,서울특별시,11,중구,11140,경기도,41,387,2595,442,790,2286,374,757,209,5013,1418,415
20190404,서울특별시,11,중구,11140,세종특별자치시,36,9,61,15,13,78,12,25,6,120,36,11
20190404,서울특별시,11,중구,11140,울산광역시,31,23,187,26,55,125,30,40,19,339,136,24
20190404,서울특별시,11,중구,11140,대전광역시,30,31,288,46,90,272,26,81,14,560,151,40
20190404,서울특별시,11,중구,11140,광주광역시,29,27,297,55,67,186,37,69,15,559,180,51
20190404,서울특별시,11,중구,11140,인천광역시,28,85,510,61,205,400,73,142,39,973,316,80
20190404,서울특별시,11,중구,11140,대구광역시,27,44,416,69,114,329,56,102,20,862,291,68
20190404,서울특별시,11,중구,11140,부산광역시,26,74,658,86,197,416,75,144,45,1034,356,107
20190404,서울특별시,11,중구,11140,서울특별시,11,305,2549,442,688,1886,290,626,178,4651,1391,379
20190404,서울특별시,11,강남구,11680,서울특별시,11,254,2945,566,1038,1314,161,1763,428,3531,1101,2107
20190404,서울특별시,11,강남구,11680,부산광역시,26,58,576,61,165,272,39,451,120,787,262,543
20190404,서울특별시,11,강남구,11680,대구광역시,27,35,378,65,154,210,28,336,76,541,204,397
20190404,서울특별시,11,강남구,11680,인천광역시,28,47,481,83,195,271,36,410,72,723,275,524
20190404,서울특별시,11,강남구,11680,광주광역시,29,24,255,49,103,161,12,197,31,363,116,267
20190404,서울특별시,11,강남구,11680,대전광역시,30,11,226,49,90,137,28,183,46,347,118,239
20190404,서울특별시,11,강남구,11680,울산광역시,31,14,173,20,52,98,12,131,36,213,58,203
20190404,서울특별시,11,영등포구,11560,경상남도,48,25,436,88,458,274,44,231,9,207,81,166
20190404,서울특별시,11,영등포구,11560,경상북도,47,12,316,133,339,180,23,182,6,143,66,97
20190404,서울특별시,11,영등포구,11560,전라남도,46,16,193,28,226,109,15,81,12,105,40,76
20190404,서울특별시,11,영등포구,11560,전라북도,45,9,234,48,244,113,10,114,12,134,44,71
20190404,서울특별시,11,영등포구,11560,충청남도,44,22,339,63,342,156,14,173,8,146,67,85
20190404,서울특별시,11,영등포구,11560,충청북도,43,11,209,48,241,123,12,117,6,120,47,75
20190404,서울특별시,11,영등포구,11560,강원도,42,11,201,48,231,120,13,124,8,86,55,76
20190404,서울특별시,11,영등포구,11560,경기도,41,114,2100,432,2485,1314,179,932,109,1426,493,734
20190404,서울특별시,11,영등포구,11560,세종특별자치시,36,0,69,3,63,37,5,27,6,25,12,24
20190404,서울특별시,11,영등포구,11560,울산광역시,31,13,141,32,152,83,7,87,6,90,42,47
20190404,서울특별시,11,영등포구,11560,대전광역시,30,8,233,71,285,116,14,108,11,117,45,69
20190404,서울특별시,11,영등포구,11560,광주광역시,29,15,212,44,219,99,14,76,0,106,70,62
20190404,서울특별시,11,서초구,11650,서울특별시,11,241,2429,630,616,1255,123,2026,128,1140,588,621
20190404,서울특별시,11,서초구,11650,부산광역시,26,56,516,108,136,315,40,343,13,175,141,155
20190404,서울특별시,11,서초구,11650,대구광역시,27,45,400,74,90,220,34,211,29,150,82,133
20190404,서울특별시,11,서초구,11650,인천광역시,28,53,402,109,136,318,31,330,37,201,124,153
20190404,서울특별시,11,서초구,11650,광주광역시,29,20,223,75,71,146,17,134,18,93,63,76
20190404,서울특별시,11,서초구,11650,대전광역시,30,20,220,58,54,148,16,164,15,92,68,75
20190404,서울특별시,11,서초구,11650,울산광역시,31,12,153,23,40,99,17,104,19,81,37,74
20190404,서울특별시,11,서초구,11650,세종특별자치시,36,5,60,17,15,37,4,61,7,21,10,12
20190404,서울특별시,11,서초구,11650,경기도,41,258,2542,636,711,1514,193,1678,162,1524,657,755
20190404,서울특별시,11,서초구,11650,강원도,42,22,207,41,78,144,16,174,10,89,56,65
20190404,서울특별시,11,서초구,11650,충청북도,43,26,184,44,94,117,16,154,17,96,51,74
20190404,서울특별시,11,서초구,11650,충청남도,44,23,259,67,111,196,26,181,24,133,86,106
20190404,서울특별시,11,서초구,11650,전라북도,45,25,248,69,54,134,20,123,10,86,52,87
20190404,서울특별시,11,서초구,11650,전라남도,46,23,195,60,90,119,16,153,6,84,42,63
20190404,서울특별시,11,서초구,11650,경상북도,47,35,293,79,99,183,22,219,16,125,86,125
20190404,서울특별시,11,서초구,11650,경상남도,48,45,413,96,110,278,35,278,18,170,98,128
20190404,서울특별시,11,서초구,11650,제주특별자치도,50,3,84,14,38,28,5,50,4,34,21,24
20190404,서울특별시,11,강동구,11740,서울특별시,11,284,825,634,230,1139,97,911,98,887,384,320
20190404,서울특별시,11,강동구,11740,부산광역시,26,91,184,201,41,244,17,260,28,236,92,80
20190404,서울특별시,11,강동구,11740,대구광역시,27,58,129,149,39,229,14,131,24,131,46,82
20190404,서울특별시,11,강동구,11740,인천광역시,28,91,175,128,51,278,25,210,21,232,85,85
20190404,서울특별시,11,강동구,11740,광주광역시,29,40,81,90,22,133,10,96,12,95,32,43
20190404,서울특별시,11,강남구,11680,세종특별자치시,36,10,66,11,22,47,5,39,21,86,29,66
20190404,서울특별시,11,강남구,11680,경기도,41,246,2716,464,1030,1473,235,2036,561,3834,1236,2358
20190404,서울특별시,11,강남구,11680,강원도,42,14,195,30,82,110,15,208,45,287,95,227
20190404,서울특별시,11,강남구,11680,충청북도,43,39,199,53,88,112,15,190,43,386,92,246
20190404,서울특별시,11,강남구,11680,충청남도,44,37,275,55,115,164,17,278,73,469,151,314
20190404,서울특별시,11,성북구,11290,서울특별시,11,366,2827,496,1197,2249,387,1508,418,10135,3765,1587
20190404,서울특별시,11,성북구,11290,부산광역시,26,124,798,101,361,762,101,437,150,3128,984,502
20190404,서울특별시,11,성북구,11290,대구광역시,27,118,563,59,204,523,82,289,135,2179,789,309
20190404,서울특별시,11,성북구,11290,인천광역시,28,109,754,50,318,630,91,366,123,2816,960,417
20190404,서울특별시,11,성북구,11290,광주광역시,29,65,347,57,154,313,45,185,77,1624,585,181
20190404,서울특별시,11,성북구,11290,대전광역시,30,61,325,47,141,321,33,203,78,1511,564,228
20190404,서울특별시,11,성북구,11290,울산광역시,31,48,250,26,121,222,40,131,64,1093,360,176
20190404,서울특별시,11,성북구,11290,세종특별자치시,36,21,79,14,38,75,16,45,23,309,111,54
20190404,서울특별시,11,성북구,11290,경기도,41,628,3535,477,1479,2666,507,1852,666,13213,4553,2086
20190404,서울특별시,11,성북구,11290,강원도,42,50,477,73,134,314,74,191,64,1415,432,192
20190404,서울특별시,11,강동구,11740,대전광역시,30,54,102,91,22,118,9,84,11,95,40,45
20190404,서울특별시,11,강동구,11740,울산광역시,31,38,63,69,9,71,14,84,4,66,27,23
20190404,서울특별시,11,강동구,11740,세종특별자치시,36,12,20,32,5,35,0,16,4,25,7,12
20190404,서울특별시,11,강동구,11740,경기도,41,388,883,741,256,1325,139,1023,154,1337,453,405
20190404,서울특별시,11,강동구,11740,강원도,42,37,103,63,26,163,7,109,8,81,52,44
20190404,서울특별시,11,강동구,11740,충청북도,43,46,70,72,33,120,4,128,16,105,52,54
20190404,서울특별시,11,강동구,11740,충청남도,44,58,135,104,37,239,17,139,21,122,61,60
20190404,서울특별시,11,강동구,11740,전라북도,45,39,74,95,27,137,22,98,17,105,41,41
20190404,서울특별시,11,강동구,11740,전라남도,46,36,106,64,21,153,6,111,11,65,33,49
20190404,서울특별시,11,강동구,11740,경상북도,47,66,148,130,28,201,19,149,17,108,45,65
20190404,서울특별시,11,강동구,11740,경상남도,48,72,182,123,50,289,32,235,25,150,84,79
20190404,서울특별시,11,강동구,11740,제주특별자치도,50,8,21,9,12,22,0,21,0,20,7,8
20190404,서울특별시,11,영등포구,11560,인천광역시,28,26,393,82,467,253,34,234,14,217,96,140
20190404,서울특별시,11,영등포구,11560,대구광역시,27,20,308,265,380,251,24,174,14,153,69,108
20190404,서울특별시,11,영등포구,11560,부산광역시,26,36,435,135,521,233,33,271,13,233,105,154
20190404,서울특별시,11,영등포구,11560,서울특별시,11,92,1957,1550,2170,947,120,801,69,1003,441,549
20190404,서울특별시,11,관악구,11620,제주특별자치도,50,3,16,7,13,16,0,35,3,24,10,23
20190404,서울특별시,11,양천구,11470,제주특별자치도,50,6,19,0,12,18,0,15,4,18,7,33
20190404,서울특별시,11,양천구,11470,경상남도,48,50,135,20,101,272,42,144,45,117,72,171
20190404,서울특별시,11,강남구,11680,전라북도,45,20,193,32,59,135,16,190,49,352,126,259
20190404,서울특별시,11,강남구,11680,전라남도,46,18,204,21,66,121,17,190,26,294,91,220
20190404,서울특별시,11,강남구,11680,경상북도,47,23,299,48,125,178,30,327,73,453,157,376
20190404,서울특별시,11,양천구,11470,서울특별시,11,144,745,118,454,775,115,513,139,607,332,619
20190404,서울특별시,11,양천구,11470,부산광역시,26,36,168,21,97,241,41,133,44,141,101,193
20190404,서울특별시,11,양천구,11470,대구광역시,27,37,133,21,74,169,21,123,26,103,55,147
20190404,서울특별시,11,양천구,11470,인천광역시,28,53,187,18,102,269,43,152,41,156,57,221
20190404,서울특별시,11,양천구,11470,광주광역시,29,20,64,5,42,93,15,58,23,78,35,92
20190404,서울특별시,11,양천구,11470,대전광역시,30,17,94,4,60,119,15,67,24,56,33,106
20190404,서울특별시,11,양천구,11470,울산광역시,31,17,55,8,31,77,20,59,15,60,24,61
20190404,서울특별시,11,양천구,11470,세종특별자치시,36,5,14,0,16,32,5,20,7,16,5,14
20190404,서울특별시,11,양천구,11470,경기도,41,228,851,124,542,1205,175,660,210,1059,430,867
20190404,서울특별시,11,양천구,11470,강원도,42,19,76,10,62,143,18,65,16,50,39,88
20190404,서울특별시,11,양천구,11470,충청북도,43,28,71,18,70,134,11,78,33,87,45,99
20190404,서울특별시,11,양천구,11470,충청남도,44,31,90,15,64,191,34,87,39,109,55,125
20190404,서울특별시,11,양천구,11470,전라북도,45,20,93,8,55,150,15,54,27,65,35,83
20190404,서울특별시,11,양천구,11470,전라남도,46,18,61,10,52,150,22,88,23,47,29,83
20190404,서울특별시,11,양천구,11470,경상북도,47,37,109,15,76,195,30,104,29,77,50,119
20190404,서울특별시,11,마포구,11440,제주특별자치도,50,7,58,26,13,58,0,35,5,97,58,18
20190404,서울특별시,11,마포구,11440,경상남도,48,19,314,102,145,280,19,417,32,463,384,100
20190404,서울특별시,11,마포구,11440,경상북도,47,24,265,68,98,229,17,297,44,355,336,81
20190404,서울특별시,11,마포구,11440,전라남도,46,8,140,43,69,135,13,179,19,237,198,48
20190404,서울특별시,11,마포구,11440,전라북도,45,14,185,44,74,170,7,189,20,281,233,54
20190404,서울특별시,11,광진구,11215,서울특별시,11,152,1124,159,818,927,101,691,86,1052,558,825
20190404,서울특별시,11,광진구,11215,부산광역시,26,47,340,47,198,250,30,171,19,234,154,191
20190404,서울특별시,11,광진구,11215,대구광역시,27,20,187,29,171,126,16,146,19,158,85,115
20190404,서울특별시,11,광진구,11215,인천광역시,28,43,223,31,224,215,25,179,37,262,136,167
20190404,서울특별시,11,광진구,11215,광주광역시,29,20,136,19,83,111,9,66,17,115,73,64
20190404,서울특별시,11,광진구,11215,대전광역시,30,11,144,18,91,114,12,81,13,124,82,86
20190404,서울특별시,11,광진구,11215,울산광역시,31,17,100,8,67,77,9,65,6,86,45,75
20190404,서울특별시,11,동작구,11590,제주특별자치도,50,8,25,10,11,8,8,9,0,26,9,8
20190404,서울특별시,11,동작구,11590,경상남도,48,46,96,62,70,80,23,55,28,152,50,128
20190404,서울특별시,11,동작구,11590,경상북도,47,39,70,47,25,93,16,33,12,94,44,78
20190404,서울특별시,11,동작구,11590,전라남도,46,16,51,13,28,53,17,24,14,67,30,46
20190404,서울특별시,11,동작구,11590,전라북도,45,30,49,41,30,58,21,33,26,89,31,66
20190404,서울특별시,11,동작구,11590,충청남도,44,49,98,30,47,79,19,38,21,117,29,60
20190404,서울특별시,11,동작구,11590,충청북도,43,33,53,30,28,58,13,25,18,85,28,75
20190404,서울특별시,11,동작구,11590,강원도,42,27,39,29,31,63,10,22,18,70,25,34
20190404,서울특별시,11,동작구,11590,경기도,41,245,558,295,352,504,146,332,125,1126,292,598
20190404,서울특별시,11,동작구,11590,세종특별자치시,36,6,15,7,8,8,4,6,5,15,6,11
20190404,서울특별시,11,동작구,11590,울산광역시,31,13,29,19,17,36,7,16,4,58,21,48
20190404,서울특별시,11,동작구,11590,대전광역시,30,28,49,49,30,47,12,32,10,65,26,65
20190404,서울특별시,11,동작구,11590,광주광역시,29,25,56,35,26,37,21,20,10,89,21,60
20190404,서울특별시,11,동작구,11590,인천광역시,28,52,117,53,78,100,26,71,21,157,50,146
20190404,서울특별시,11,동작구,11590,대구광역시,27,34,57,62,53,62,13,46,13,129,34,116
20190404,서울특별시,11,동작구,11590,부산광역시,26,52,103,64,80,111,33,86,11,142,67,126
20190404,서울특별시,11,동작구,11590,서울특별시,11,184,478,266,302,344,110,306,58,821,281,530
20190404,서울특별시,11,도봉구,11320,경상남도,48,23,244,62,299,146,27,203,61,298,272,312
20190404,서울특별시,11,도봉구,11320,경상북도,47,15,194,52,180,105,17,166,31,230,206,243
20190404,서울특별시,11,도봉구,11320,전라남도,46,10,128,25,131,59,11,93,16,156,126,139
20190404,서울특별시,11,도봉구,11320,전라북도,45,21,143,68,147,66,7,121,33,195,123,143
20190404,서울특별시,11,도봉구,11320,충청남도,44,22,194,39,190,90,21,150,34,214,170,191
20190404,서울특별시,11,도봉구,11320,충청북도,43,21,175,29,136,56,17,108,30,160,108,141
20190404,서울특별시,11,도봉구,11320,강원도,42,10,146,33,116,54,9,109,21,149,111,140
20190404,서울특별시,11,도봉구,11320,경기도,41,163,1370,436,1336,702,156,1087,222,1761,1101,1352
20190404,서울특별시,11,도봉구,11320,세종특별자치시,36,9,24,7,27,24,3,26,11,34,35,29
20190404,서울특별시,11,도봉구,11320,울산광역시,31,12,107,25,102,53,10,105,20,127,96,116
20190404,서울특별시,11,도봉구,11320,대전광역시,30,14,121,41,113,67,16,117,14,132,129,180
20190404,서울특별시,11,도봉구,11320,광주광역시,29,17,142,44,134,73,14,136,27,156,118,175
20190404,서울특별시,11,도봉구,11320,인천광역시,28,41,329,52,254,148,33,248,57,316,227,286
20190404,서울특별시,11,종로구,11110,대구광역시,27,39,242,27,51,122,6,40,52,224,114,28
20190404,서울특별시,11,종로구,11110,부산광역시,26,59,360,29,72,191,8,67,43,324,200,27
20190404,서울특별시,11,종로구,11110,서울특별시,11,196,1681,263,338,583,37,300,154,1014,697,136
20190404,서울특별시,11,노원구,11350,제주특별자치도,50,3,18,3,8,15,7,6,6,61,13,5
20190404,서울특별시,11,송파구,11710,대전광역시,30,9,158,24,71,187,13,137,18,413,71,99
20190404,서울특별시,11,광진구,11215,세종특별자치시,36,5,36,4,19,30,3,20,4,28,16,16
20190404,서울특별시,11,광진구,11215,경기도,41,218,1224,190,928,1037,153,817,132,1405,655,845
20190404,서울특별시,11,광진구,11215,강원도,42,23,96,14,96,120,16,76,17,104,69,57
20190404,서울특별시,11,광진구,11215,충청북도,43,19,158,16,87,128,13,89,16,117,54,86
20190404,서울특별시,11,송파구,11710,울산광역시,31,9,103,10,40,165,15,91,14,253,50,65
20190404,서울특별시,11,송파구,11710,세종특별자치시,36,0,34,6,9,30,4,37,8,71,14,19
20190404,서울특별시,11,송파구,11710,경기도,41,179,1571,276,667,1756,169,1963,217,3961,847,926
20190404,서울특별시,11,송파구,11710,강원도,42,20,143,22,90,242,16,131,19,323,63,72
20190404,서울특별시,11,광진구,11215,충청남도,44,32,153,25,132,158,25,134,21,155,88,94
20190404,서울특별시,11,광진구,11215,전라북도,45,17,121,18,87,119,15,58,19,139,82,100
20190404,서울특별시,11,광진구,11215,전라남도,46,17,160,24,88,115,14,87,8,118,63,82
20190404,서울특별시,11,광진구,11215,경상북도,47,31,172,26,163,169,15,129,15,178,85,111
20190404,서울특별시,11,광진구,11215,경상남도,48,35,238,29,194,259,21,189,19,210,145,181
20190404,서울특별시,11,광진구,11215,제주특별자치도,50,4,34,5,14,26,5,16,0,32,16,19
20190404,서울특별시,11,마포구,11440,충청남도,44,19,215,74,114,243,15,267,33,327,291,64
20190404,서울특별시,11,마포구,11440,충청북도,43,14,182,53,88,170,12,183,22,252,264,41
20190404,서울특별시,11,금천구,11545,서울특별시,11,505,1825,250,1839,2182,299,1274,226,1575,1388,2300
20190404,서울특별시,11,금천구,11545,부산광역시,26,151,461,78,499,584,104,315,58,400,377,667
20190404,서울특별시,11,금천구,11545,대구광역시,27,86,297,51,321,401,97,202,59,293,255,481
20190404,서울특별시,11,금천구,11545,인천광역시,28,107,504,56,423,484,78,269,59,362,336,588
20190404,서울특별시,11,금천구,11545,광주광역시,29,56,225,32,239,296,31,136,32,233,207,347
20190404,서울특별시,11,금천구,11545,대전광역시,30,65,196,43,257,284,27,173,35,200,187,290
20190404,서울특별시,11,금천구,11545,울산광역시,31,30,146,36,157,169,28,92,23,144,126,240
20190404,서울특별시,11,금천구,11545,세종특별자치시,36,11,46,11,59,41,10,37,4,64,44,52
20190404,서울특별시,11,금천구,11545,경기도,41,509,2152,283,2213,2385,380,1296,327,1994,1589,2653
20190404,서울특별시,11,금천구,11545,강원도,42,62,231,59,265,225,36,128,26,164,176,264
20190404,서울특별시,11,금천구,11545,충청북도,43,58,208,56,258,241,36,138,26,195,159,274
20190404,서울특별시,11,금천구,11545,충청남도,44,86,272,66,359,317,54,196,44,233,234,335
20190404,서울특별시,11,금천구,11545,전라북도,45,50,255,47,240,224,32,137,28,255,180,300
20190404,서울특별시,11,금천구,11545,전라남도,46,42,187,61,234,249,54,133,40,211,165,240
20190404,서울특별시,11,금천구,11545,경상북도,47,79,330,97,325,353,64,194,45,253,268,399
20190404,서울특별시,11,금천구,11545,경상남도,48,106,425,81,462,446,84,278,51,419,297,616
20190404,서울특별시,11,금천구,11545,제주특별자치도,50,16,60,16,60,53,17,21,5,70,61,89
20190404,서울특별시,11,서대문구,11410,부산광역시,26,6,86,11,59,202,11,118,22,154,50,81
20190404,서울특별시,11,서대문구,11410,대구광역시,27,12,57,42,39,146,6,66,3,122,36,73
20190404,서울특별시,11,서대문구,11410,인천광역시,28,6,78,27,51,198,11,108,18,191,31,134
20190404,서울특별시,11,서대문구,11410,광주광역시,29,0,33,12,18,88,5,28,10,85,16,33
20190404,서울특별시,11,서대문구,11410,대전광역시,30,3,48,47,28,101,8,45,10,102,22,49
20190404,서울특별시,11,서대문구,11410,울산광역시,31,0,24,4,27,56,5,26,5,51,13,25
20190404,서울특별시,11,서대문구,11410,세종특별자치시,36,0,6,0,8,21,0,11,0,21,3,9
20190404,서울특별시,11,서대문구,11410,경기도,41,36,493,111,337,977,58,514,93,1028,227,554
20190404,서울특별시,11,서대문구,11410,강원도,42,4,40,17,28,99,7,42,7,77,15,53
20190404,서울특별시,11,서대문구,11410,충청북도,43,0,45,19,35,130,4,54,12,84,21,72
20190404,서울특별시,11,서대문구,11410,충청남도,44,6,62,16,40,158,6,69,4,117,26,85
20190404,서울특별시,11,서대문구,11410,전라북도,45,0,32,10,20,116,5,47,10,118,29,48
20190404,서울특별시,11,서대문구,11410,전라남도,46,4,34,10,25,105,6,55,13,77,21,32
20190404,서울특별시,11,서대문구,11410,경상북도,47,7,52,6,37,142,9,77,12,103,30,59
20190404,서울특별시,11,서대문구,11410,경상남도,48,4,81,14,86,202,8,115,29,135,46,68
20190404,서울특별시,11,서대문구,11410,제주특별자치도,50,0,16,0,8,25,0,0,3,22,7,10
20190404,서울특별시,11,마포구,11440,강원도,42,16,191,44,78,162,8,217,28,227,197,43
20190404,서울특별시,11,마포구,11440,경기도,41,132,1816,545,822,1490,117,2002,263,2623,1967,567
20190404,서울특별시,11,마포구,11440,세종특별자치시,36,0,46,13,14,41,0,49,8,59,47,9
20190404,서울특별시,11,마포구,11440,울산광역시,31,10,108,29,56,117,0,146,23,160,150,39
20190404,서울특별시,11,마포구,11440,대전광역시,30,13,179,40,89,138,9,210,20,229,266,70
20190404,서울특별시,11,마포구,11440,광주광역시,29,11,132,44,56,159,12,222,9,245,236,47
20190404,서울특별시,11,마포구,11440,인천광역시,28,24,375,113,142,357,16,377,73,456,423,97
20190404,서울특별시,11,마포구,11440,대구광역시,27,25,264,86,113,251,11,253,52,384,371,85
20190404,서울특별시,11,마포구,11440,부산광역시,26,25,367,107,173,311,21,427,31,507,377,103
20190404,서울특별시,11,마포구,11440,서울특별시,11,113,1776,593,736,1241,81,1550,130,2265,1687,406
20190404,서울특별시,11,성북구,11290,제주특별자치도,50,10,101,37,51,146,18,39,12,478,149,66
20190404,서울특별시,11,성북구,11290,경상남도,48,129,817,193,330,665,102,357,147,2959,998,424
20190404,서울특별시,11,성북구,11290,경상북도,47,106,619,101,210,542,97,261,97,2249,770,329
20190404,서울특별시,11,성북구,11290,전라남도,46,51,435,102,120,322,39,196,69,1558,539,214
20190404,서울특별시,11,성북구,11290,전라북도,45,48,799,90,157,319,61,215,89,1720,541,211
20190404,서울특별시,11,성북구,11290,충청남도,44,100,584,98,196,472,80,265,122,2173,695,284
20190404,서울특별시,11,성북구,11290,충청북도,43,72,393,76,157,353,59,188,82,1580,534,211
20190404,서울특별시,11,동대문구,11230,경상남도,48,108,318,60,132,414,36,437,68,978,167,177
20190404,서울특별시,11,동대문구,11230,경상북도,47,96,290,41,110,287,24,377,47,731,115,136
20190404,서울특별시,11,동대문구,11230,전라남도,46,63,197,24,65,217,15,228,23,491,84,68
20190404,서울특별시,11,동대문구,11230,전라북도,45,56,206,33,74,224,19,243,25,523,74,90
20190404,서울특별시,11,동대문구,11230,충청남도,44,109,264,35,107,277,18,320,34,690,113,100
20190404,서울특별시,11,동대문구,11230,충청북도,43,69,192,28,81,196,17,268,34,499,80,82
20190404,서울특별시,11,동대문구,11230,강원도,42,68,177,28,55,195,11,241,27,474,93,75
20190404,서울특별시,11,동대문구,11230,경기도,41,651,1794,244,667,1863,144,1885,279,4937,800,866
20190404,서울특별시,11,동대문구,11230,세종특별자치시,36,20,37,6,20,32,5,48,4,109,25,14
20190404,서울특별시,11,동대문구,11230,울산광역시,31,44,141,18,46,108,15,164,24,366,55,61
20190404,서울특별시,11,동대문구,11230,대전광역시,30,74,169,24,65,198,13,258,26,516,88,73
20190404,서울특별시,11,동대문구,11230,광주광역시,29,66,185,38,57,164,11,195,23,546,86,85
20190404,서울특별시,11,동대문구,11230,인천광역시,28,137,390,50,152,377,24,415,55,1058,150,184
20190404,서울특별시,11,동대문구,11230,대구광역시,27,90,280,28,97,293,25,314,30,788,132,120
20190404,서울특별시,11,동대문구,11230,부산광역시,26,123,396,44,150,344,26,474,54,995,191,189
20190404,서울특별시,11,구로구,11530,제주특별자치도,50,0,52,4,28,55,8,34,6,35,17,26
20190404,서울특별시,11,구로구,11530,경상남도,48,28,366,26,137,317,41,183,41,265,132,234
20190404,서울특별시,11,구로구,11530,경상북도,47,20,246,27,114,266,24,158,15,229,79,174
20190404,서울특별시,11,구로구,11530,전라남도,46,12,171,22,75,152,15,73,15,179,58,115
20190404,서울특별시,11,구로구,11530,전라북도,45,22,213,28,86,169,17,83,24,173,68,105
20190404,서울특별시,11,구로구,11530,충청남도,44,18,290,28,107,260,24,153,35,239,91,158
20190404,서울특별시,11,구로구,11530,충청북도,43,11,180,17,80,201,19,156,18,194,50,106
20190404,서울특별시,11,구로구,11530,강원도,42,9,167,27,82,182,18,101,19,140,58,99
20190404,서울특별시,11,구로구,11530,경기도,41,135,1803,240,745,1846,150,678,177,1707,646,1201
20190404,서울특별시,11,구로구,11530,세종특별자치시,36,3,53,3,18,52,5,13,15,34,19,32
20190404,서울특별시,11,구로구,11530,울산광역시,31,9,132,14,38,115,18,78,25,126,51,69
20190404,서울특별시,11,구로구,11530,대전광역시,30,16,182,24,115,170,25,101,64,153,62,127
20190404,서울특별시,11,구로구,11530,광주광역시,29,15,163,12,73,147,17,88,13,145,62,96
20190404,서울특별시,11,구로구,11530,인천광역시,28,24,365,52,162,382,27,144,52,348,114,243
20190404,서울특별시,11,구로구,11530,대구광역시,27,17,285,28,104,276,33,152,38,219,95,158
20190404,서울특별시,11,구로구,11530,부산광역시,26,21,409,37,188,386,39,239,31,264,153,237
20190404,서울특별시,11,구로구,11530,서울특별시,11,86,1529,167,616,1495,111,529,141,1159,548,1175
20190404,서울특별시,11,송파구,11710,충청북도,43,12,135,35,56,213,18,141,23,404,75,82
20190404,서울특별시,11,송파구,11710,충청남도,44,12,224,26,85,247,22,197,32,516,94,119
20190404,서울특별시,11,송파구,11710,전라북도,45,14,133,14,50,246,19,159,17,429,87,115
20190404,서울특별시,11,송파구,11710,전라남도,46,11,133,19,42,227,10,113,20,307,70,91
20190404,서울특별시,11,송파구,11710,경상북도,47,18,217,23,129,262,19,187,23,548,120,121
20190404,서울특별시,11,송파구,11710,경상남도,48,27,255,43,141,370,25,242,44,692,146,171
20190404,서울특별시,11,송파구,11710,제주특별자치도,50,0,41,0,20,114,3,32,5,114,26,17
20190404,서울특별시,11,강서구,11500,서울특별시,11,197,1430,376,778,1837,171,2412,326,2211,954,1502
20190404,서울특별시,11,강서구,11500,부산광역시,26,69,386,114,212,534,41,655,114,621,290,440
20190404,서울특별시,11,강서구,11500,대구광역시,27,47,251,67,155,349,33,421,88,377,174,326
20190404,서울특별시,11,강서구,11500,인천광역시,28,65,369,77,242,613,38,555,97,602,277,428
20190404,서울특별시,11,강서구,11500,광주광역시,29,14,159,40,102,246,20,261,45,255,150,208
20190404,서울특별시,11,강서구,11500,대전광역시,30,38,190,37,119,278,29,342,58,235,135,184
20190404,서울특별시,11,강서구,11500,울산광역시,31,17,109,22,68,186,21,200,40,219,111,155
20190404,서울특별시,11,강서구,11500,세종특별자치시,36,5,39,6,27,72,6,66,20,98,38,55
20190404,서울특별시,11,강서구,11500,경기도,41,321,1800,406,1050,2829,231,2844,533,3199,1451,2025
20190404,서울특별시,11,강서구,11500,강원도,42,38,151,30,222,529,23,369,70,978,376,297
20190404,서울특별시,11,동대문구,11230,서울특별시,11,614,1314,197,551,1270,108,1423,163,3613,720,549
20190404,서울특별시,11,은평구,11380,제주특별자치도,50,11,21,4,0,14,11,5,0,78,21,15
20190404,서울특별시,11,강서구,11500,충청북도,43,42,206,31,137,389,25,327,57,570,241,260
20190404,서울특별시,11,강서구,11500,충청남도,44,46,257,57,228,517,40,455,61,859,343,306
20190404,서울특별시,11,강서구,11500,전라북도,45,56,189,36,162,338,29,406,80,492,222,264
20190404,서울특별시,11,강서구,11500,전라남도,46,38,137,33,153,361,32,323,49,567,218,210
20190404,서울특별시,11,성동구,11200,제주특별자치도,50,6,106,17,25,30,13,12,0,96,53,10
20190404,서울특별시,11,성동구,11200,경상남도,48,25,367,143,143,176,39,157,57,568,180,84
20190404,서울특별시,11,성동구,11200,경상북도,47,24,290,100,106,148,43,149,72,435,160,63
20190404,서울특별시,11,성동구,11200,전라남도,46,7,208,56,56,104,26,69,22,273,109,33
20190404,서울특별시,11,성동구,11200,전라북도,45,15,228,59,102,100,16,78,26,324,130,37
20190404,서울특별시,11,성동구,11200,충청남도,44,24,328,131,112,136,24,110,34,411,158,63
20190404,서울특별시,11,성동구,11200,충청북도,43,17,241,45,77,125,27,130,19,364,90,60
20190404,서울특별시,11,성동구,11200,강원도,42,23,222,57,73,104,14,69,24,291,104,37
20190404,서울특별시,11,성동구,11200,경기도,41,206,2628,655,770,1105,263,882,275,3294,1169,514
20190404,서울특별시,11,성동구,11200,세종특별자치시,36,4,48,21,17,16,0,20,8,73,22,9
20190404,서울특별시,11,성동구,11200,울산광역시,31,12,137,43,44,76,13,50,31,203,97,37
20190404,서울특별시,11,성동구,11200,대전광역시,30,20,227,84,97,132,22,62,24,323,147,42
20190404,서울특별시,11,성동구,11200,광주광역시,29,15,187,70,80,73,25,72,18,335,119,94
20190404,서울특별시,11,성동구,11200,인천광역시,28,33,523,133,154,249,43,140,57,628,217,90
20190404,서울특별시,11,성동구,11200,대구광역시,27,22,331,118,127,178,39,116,48,460,173,71
20190404,서울특별시,11,성동구,11200,부산광역시,26,41,489,132,171,248,51,160,52,630,255,102
20190404,서울특별시,11,성동구,11200,서울특별시,11,181,2670,583,698,875,147,636,149,2671,1114,447
20190404,서울특별시,11,용산구,11170,제주특별자치도,50,5,65,14,325,35,0,7,6,55,21,11
20190404,서울특별시,11,용산구,11170,경상남도,48,40,411,36,2099,172,24,64,53,269,113,56
20190404,서울특별시,11,용산구,11170,경상북도,47,23,367,21,1573,136,14,43,32,201,88,45
20190404,서울특별시,11,용산구,11170,전라남도,46,17,176,20,955,93,13,29,10,134,56,26
20190404,서울특별시,11,용산구,11170,전라북도,45,23,191,21,1127,144,10,26,16,144,67,35
20190404,서울특별시,11,용산구,11170,충청남도,44,26,267,16,1638,152,13,46,38,195,90,34
20190404,서울특별시,11,용산구,11170,충청북도,43,26,206,23,1155,111,17,32,12,158,63,29
20190404,서울특별시,11,용산구,11170,강원도,42,17,191,10,1006,73,15,29,11,126,51,30
20190404,서울특별시,11,용산구,11170,경기도,41,226,2070,251,11075,1058,129,349,201,1649,634,298
20190404,서울특별시,11,용산구,11170,세종특별자치시,36,5,46,6,262,23,3,11,0,31,14,6
20190404,서울특별시,11,용산구,11170,울산광역시,31,16,128,12,705,63,13,22,15,116,55,17
20190404,서울특별시,11,용산구,11170,대전광역시,30,19,235,20,1341,107,15,23,23,134,62,30
20190405,서울특별시,11,금천구,11545,충청남도,44,70,291,53,314,316,46,165,31,228,254,825
20190405,서울특별시,11,강북구,11305,제주특별자치도,50,10,20,0,3,11,0,3,6,55,12,0
20190405,서울특별시,11,강북구,11305,경상남도,48,22,101,9,49,65,9,37,76,429,71,18
20190405,서울특별시,11,강북구,11305,경상북도,47,19,77,12,30,70,8,23,44,308,66,11
20190405,서울특별시,11,강북구,11305,전라남도,46,6,57,10,22,48,5,20,32,198,35,13
20190405,서울특별시,11,강북구,11305,전라북도,45,16,53,12,29,43,5,16,33,245,43,10
20190405,서울특별시,11,강북구,11305,충청남도,44,13,85,6,33,70,9,10,34,270,60,7
20190405,서울특별시,11,강북구,11305,충청북도,43,12,63,7,47,52,0,9,34,211,40,11
20190405,서울특별시,11,강북구,11305,강원도,42,14,52,10,9,38,7,18,29,192,30,8
20190405,서울특별시,11,강북구,11305,경기도,41,139,607,76,291,509,33,130,297,2023,425,123
20190405,서울특별시,11,강북구,11305,세종특별자치시,36,0,13,5,0,8,0,0,9,42,10,0
20190405,서울특별시,11,강북구,11305,울산광역시,31,7,37,8,8,32,3,7,19,156,29,4
20190405,서울특별시,11,강북구,11305,대전광역시,30,11,55,11,36,43,6,15,30,199,46,7
20190405,서울특별시,11,강북구,11305,광주광역시,29,8,63,13,25,38,4,15,31,181,37,9
20190405,서울특별시,11,강북구,11305,인천광역시,28,26,123,16,64,98,7,18,60,429,72,26
20190405,서울특별시,11,강북구,11305,대구광역시,27,20,89,7,42,68,5,19,49,326,55,10
20190405,서울특별시,11,강북구,11305,부산광역시,26,27,146,12,45,104,11,27,65,381,65,33
20190405,서울특별시,11,강북구,11305,서울특별시,11,105,435,73,243,413,18,98,185,1314,306,76
20190405,서울특별시,11,구로구,11530,전라남도,46,15,177,15,63,218,9,70,15,132,65,101
20190405,서울특별시,11,구로구,11530,경상북도,47,18,285,47,126,292,23,121,16,204,85,172
20190405,서울특별시,11,구로구,11530,경상남도,48,28,359,47,148,497,31,181,19,310,125,254
20190405,서울특별시,11,구로구,11530,제주특별자치도,50,3,63,14,24,63,3,30,3,34,15,42
20190405,서울특별시,11,은평구,11380,광주광역시,29,15,114,6,31,98,22,41,27,239,57,52
20190405,서울특별시,11,은평구,11380,대전광역시,30,14,106,16,43,92,16,50,13,221,52,46
20190405,서울특별시,11,은평구,11380,울산광역시,31,8,66,12,39,74,16,18,16,180,51,53
20190405,서울특별시,11,은평구,11380,세종특별자치시,36,0,23,3,13,29,4,10,5,50,14,10
20190405,서울특별시,11,은평구,11380,경기도,41,141,1035,155,527,1005,209,616,191,2448,561,712
20190405,서울특별시,11,은평구,11380,강원도,42,12,89,12,37,96,22,39,11,229,57,49
20190405,서울특별시,11,은평구,11380,충청북도,43,12,111,20,47,95,18,55,22,268,68,58
20190405,서울특별시,11,은평구,11380,충청남도,44,14,149,22,41,176,32,70,34,343,80,98
20190405,서울특별시,11,은평구,11380,전라북도,45,13,112,9,39,107,26,73,12,281,56,63
20190405,서울특별시,11,은평구,11380,전라남도,46,14,120,15,34,85,29,45,22,276,43,71
20190405,서울특별시,11,은평구,11380,경상북도,47,20,189,20,46,174,48,67,30,382,105,100
20190405,서울특별시,11,은평구,11380,경상남도,48,21,259,40,73,201,54,109,39,565,134,163
20190405,서울특별시,11,은평구,11380,제주특별자치도,50,8,18,3,10,17,10,5,6,77,25,8
20190405,서울특별시,11,서대문구,11410,제주특별자치도,50,0,9,0,4,28,0,8,5,27,4,8
20190405,서울특별시,11,서대문구,11410,경상남도,48,7,76,13,14,181,8,81,40,146,31,42
20190405,서울특별시,11,서대문구,11410,경상북도,47,6,51,27,6,117,5,66,24,108,29,49
20190405,서울특별시,11,서대문구,11410,전라남도,46,5,24,6,6,92,0,52,34,82,18,27
20190405,서울특별시,11,서대문구,11410,전라북도,45,3,37,7,14,82,4,40,18,89,12,32
20190405,서울특별시,11,성북구,11290,제주특별자치도,50,18,456,25,38,70,15,30,20,447,168,57
20190405,서울특별시,11,성북구,11290,경상남도,48,94,884,64,269,488,99,371,141,2717,874,413
20190405,서울특별시,11,성북구,11290,경상북도,47,84,753,48,190,366,59,280,89,2109,619,324
20190405,서울특별시,11,성북구,11290,전라남도,46,48,600,45,118,226,40,184,58,1443,460,194
20190405,서울특별시,11,성북구,11290,전라북도,45,48,409,53,141,243,46,178,70,1645,450,222
20190405,서울특별시,11,성북구,11290,충청남도,44,81,633,94,191,392,60,294,90,2031,571,317
20190405,서울특별시,11,성북구,11290,충청북도,43,48,439,46,145,245,51,185,85,1475,445,207
20190405,서울특별시,11,성북구,11290,강원도,42,41,412,42,119,255,36,161,57,1329,394,182
20190405,서울특별시,11,성북구,11290,경기도,41,508,3183,455,1477,2530,397,1723,656,12688,4226,1900
20190405,서울특별시,11,성북구,11290,세종특별자치시,36,17,73,7,30,46,9,41,22,315,90,51
20190405,서울특별시,11,성북구,11290,울산광역시,31,57,246,42,106,174,34,133,64,1023,343,145
20190405,서울특별시,11,성북구,11290,대전광역시,30,44,318,78,145,250,50,171,60,1485,505,189
20190405,서울특별시,11,성북구,11290,광주광역시,29,65,341,40,112,231,36,172,49,1496,534,200
20190405,서울특별시,11,성북구,11290,인천광역시,28,109,698,85,301,518,97,390,170,2785,881,427
20190405,서울특별시,11,성북구,11290,대구광역시,27,86,540,94,194,358,62,287,118,2102,712,278
20190405,서울특별시,11,성북구,11290,부산광역시,26,110,709,99,285,547,111,418,148,2756,925,441
20190405,서울특별시,11,성북구,11290,서울특별시,11,323,2604,452,1260,1874,308,1397,476,9742,3591,1606
20190405,서울특별시,11,서대문구,11410,충청남도,44,4,47,5,13,138,6,66,26,113,20,43
20190405,서울특별시,11,서대문구,11410,충청북도,43,3,33,5,13,85,4,53,11,89,17,44
20190405,서울특별시,11,서대문구,11410,강원도,42,0,31,10,9,105,4,42,15,77,16,36
20190405,서울특별시,11,서대문구,11410,경기도,41,38,395,80,146,862,49,385,171,1124,181,374
20190405,서울특별시,11,서대문구,11410,세종특별자치시,36,0,9,0,4,9,0,9,10,16,0,11
20190405,서울특별시,11,서대문구,11410,울산광역시,31,0,21,0,7,64,3,30,5,71,17,21
20190405,서울특별시,11,서대문구,11410,대전광역시,30,3,37,10,12,81,0,47,18,92,23,32
20190405,서울특별시,11,서대문구,11410,광주광역시,29,3,37,6,13,71,3,43,15,111,20,33
20190405,서울특별시,11,서대문구,11410,인천광역시,28,4,71,11,26,178,7,92,40,196,38,67
20190405,서울특별시,11,서대문구,11410,대구광역시,27,5,49,12,13,107,8,67,24,137,26,29
20190405,서울특별시,11,서대문구,11410,부산광역시,26,7,90,11,19,159,14,111,33,166,45,65
20190405,서울특별시,11,서대문구,11410,서울특별시,11,23,374,110,161,603,83,331,150,840,236,230
20190405,서울특별시,11,강남구,11680,제주특별자치도,50,11,77,19,37,38,5,67,18,97,37,66
20190405,서울특별시,11,강남구,11680,경상남도,48,49,439,59,140,250,27,297,65,419,224,415
20190405,서울특별시,11,강남구,11680,경상북도,47,30,288,48,105,146,28,223,39,362,155,296
20190405,서울특별시,11,강남구,11680,전라남도,46,14,211,18,68,128,13,148,29,226,101,161
20190405,서울특별시,11,강남구,11680,전라북도,45,28,227,39,67,147,20,173,32,286,97,227
20190405,서울특별시,11,강남구,11680,충청남도,44,31,289,45,98,160,16,225,48,368,141,257
20190405,서울특별시,11,강남구,11680,충청북도,43,20,214,36,75,119,9,147,49,270,106,202
20190405,서울특별시,11,강남구,11680,강원도,42,23,199,23,60,128,23,154,39,210,114,199
20190405,서울특별시,11,강남구,11680,경기도,41,311,2792,435,896,1489,209,1523,326,3371,1127,1982
20190405,서울특별시,11,강남구,11680,세종특별자치시,36,7,59,20,19,31,3,32,14,50,19,30
20190405,서울특별시,11,강남구,11680,울산광역시,31,10,139,21,46,99,15,114,21,236,64,135
20190405,서울특별시,11,강남구,11680,대전광역시,30,34,218,39,78,155,15,138,36,292,117,215
20190405,서울특별시,11,강남구,11680,광주광역시,29,18,275,22,80,141,12,130,26,307,132,189
20190405,서울특별시,11,강남구,11680,인천광역시,28,56,543,70,179,320,35,331,68,531,223,434
20190405,서울특별시,11,강남구,11680,대구광역시,27,39,366,59,114,221,33,244,48,450,160,314
20190405,서울특별시,11,강남구,11680,부산광역시,26,46,646,65,140,301,40,317,77,686,278,543
20190405,서울특별시,11,강남구,11680,서울특별시,11,252,2976,468,910,1387,132,1318,251,3179,1128,1911
20190405,서울특별시,11,구로구,11530,서울특별시,11,103,1435,205,564,1668,117,427,69,948,481,803
20190405,서울특별시,11,구로구,11530,부산광역시,26,27,382,47,137,583,29,179,16,243,124,212
20190405,서울특별시,11,구로구,11530,대구광역시,27,21,269,35,79,381,26,134,16,218,90,145
20190405,서울특별시,11,구로구,11530,인천광역시,28,32,320,39,144,487,21,124,32,275,138,219
20190405,서울특별시,11,구로구,11530,광주광역시,29,18,164,21,66,326,16,62,8,145,62,112
20190405,서울특별시,11,구로구,11530,대전광역시,30,19,209,33,86,178,16,79,9,112,59,90
20190405,서울특별시,11,구로구,11530,울산광역시,31,5,141,13,43,178,18,70,8,121,49,101
20190405,서울특별시,11,구로구,11530,세종특별자치시,36,7,39,6,20,38,3,11,6,34,14,15
20190405,서울특별시,11,구로구,11530,경기도,41,168,1633,280,617,1764,136,583,100,1468,564,955
20190405,서울특별시,11,구로구,11530,강원도,42,19,175,32,76,299,14,62,13,131,54,80
20190405,서울특별시,11,노원구,11350,서울특별시,11,73,547,113,167,449,75,290,143,1558,369,232
20190405,서울특별시,11,구로구,11530,충청북도,43,12,185,29,61,174,18,136,16,169,78,123
20190405,서울특별시,11,구로구,11530,충청남도,44,21,268,22,90,287,23,126,6,215,113,131
20190405,서울특별시,11,구로구,11530,전라북도,45,13,211,34,72,169,17,76,6,130,65,118
20190405,서울특별시,11,강서구,11500,서울특별시,11,187,1307,353,844,1401,127,1393,244,3022,794,1380
20190405,서울특별시,11,강서구,11500,부산광역시,26,68,319,78,185,406,40,421,110,911,207,384
20190405,서울특별시,11,강서구,11500,대구광역시,27,27,229,54,145,301,25,376,58,619,137,286
20190405,서울특별시,11,강서구,11500,인천광역시,28,68,360,60,230,410,43,349,91,928,207,433
20190405,서울특별시,11,강서구,11500,광주광역시,29,12,127,35,83,176,21,138,52,451,91,173
20190405,서울특별시,11,강서구,11500,대전광역시,30,26,159,34,93,203,23,215,57,423,107,207
20190405,서울특별시,11,강서구,11500,울산광역시,31,20,91,23,66,145,13,360,56,357,69,153
20190405,서울특별시,11,강서구,11500,세종특별자치시,36,10,33,8,16,56,3,56,31,114,27,60
20190405,서울특별시,11,강서구,11500,경기도,41,294,1691,428,942,1998,184,1815,460,4635,1038,2034
20190405,서울특별시,11,강서구,11500,강원도,42,87,107,32,96,270,22,211,73,720,168,592
20190405,서울특별시,11,강서구,11500,충청북도,43,51,163,33,118,236,17,180,60,623,137,370
20190405,서울특별시,11,강서구,11500,충청남도,44,100,203,27,147,335,37,298,108,833,213,510
20190405,서울특별시,11,강서구,11500,전라북도,45,76,176,39,104,285,23,216,92,550,134,402
20190405,서울특별시,11,강서구,11500,전라남도,46,64,123,23,97,227,24,162,51,576,129,342
20190405,서울특별시,11,강서구,11500,경상북도,47,92,228,52,141,394,39,302,96,907,220,597
20190405,서울특별시,11,강서구,11500,경상남도,48,108,474,56,204,491,43,383,153,1062,220,660
20190405,서울특별시,11,강서구,11500,제주특별자치도,50,11,39,8,22,96,4,34,22,167,29,53
20190405,서울특별시,11,도봉구,11320,서울특별시,11,101,1018,244,1020,532,97,1041,135,1046,636,912
20190405,서울특별시,11,도봉구,11320,부산광역시,26,33,247,54,266,138,19,318,34,339,189,320
20190405,서울특별시,11,도봉구,11320,대구광역시,27,19,177,51,158,92,13,199,31,216,147,227
20190405,서울특별시,11,도봉구,11320,인천광역시,28,29,261,58,200,128,28,279,43,335,189,271
20190405,서울특별시,11,금천구,11545,제주특별자치도,50,20,73,14,50,44,16,19,0,62,64,111
20190405,서울특별시,11,금천구,11545,경상남도,48,96,347,95,423,455,56,213,56,362,366,733
20190405,서울특별시,11,금천구,11545,경상북도,47,67,299,61,325,260,67,155,40,249,280,471
20190405,서울특별시,11,금천구,11545,전라남도,46,43,206,52,212,254,29,107,27,172,169,297
20190405,서울특별시,11,금천구,11545,전라북도,45,64,206,53,206,248,35,111,29,236,202,325
20190405,서울특별시,11,금천구,11545,충청북도,43,45,165,51,188,192,29,123,42,176,175,320
20190405,서울특별시,11,노원구,11350,부산광역시,26,17,130,13,29,134,19,45,39,382,94,59
20190405,서울특별시,11,노원구,11350,대구광역시,27,18,89,13,35,91,23,24,33,313,60,44
20190405,서울특별시,11,노원구,11350,인천광역시,28,16,124,25,42,143,19,44,50,456,79,74
20190405,서울특별시,11,노원구,11350,광주광역시,29,9,64,6,10,59,7,21,20,208,33,25
20190405,서울특별시,11,노원구,11350,대전광역시,30,8,65,3,25,55,6,26,17,172,46,31
20190405,서울특별시,11,노원구,11350,울산광역시,31,0,35,3,9,44,9,10,17,155,18,14
20190405,서울특별시,11,노원구,11350,세종특별자치시,36,0,11,0,4,10,0,26,8,43,6,5
20190405,서울특별시,11,노원구,11350,경기도,41,110,576,108,198,600,116,271,237,2278,368,288
20190405,서울특별시,11,노원구,11350,강원도,42,3,51,6,9,53,8,13,18,183,22,18
20190405,서울특별시,11,노원구,11350,충청북도,43,7,69,14,31,47,5,27,21,243,28,28
20190405,서울특별시,11,노원구,11350,충청남도,44,16,75,10,23,78,14,43,31,307,44,43
20190405,서울특별시,11,노원구,11350,전라북도,45,7,59,11,18,62,18,27,29,216,30,25
20190405,서울특별시,11,노원구,11350,전라남도,46,5,47,7,21,54,6,20,20,196,34,26
20190405,서울특별시,11,노원구,11350,경상북도,47,13,54,8,20,88,22,35,36,272,45,22
20190405,서울특별시,11,노원구,11350,경상남도,48,17,113,13,33,115,19,44,50,400,73,46
20190405,서울특별시,11,노원구,11350,제주특별자치도,50,0,12,0,0,14,0,5,6,62,13,4
20190405,서울특별시,11,서초구,11650,서울특별시,11,177,2570,570,605,976,124,1416,141,1138,722,621
20190405,서울특별시,11,금천구,11545,강원도,42,57,196,48,232,155,33,116,32,162,170,270
20190405,서울특별시,11,금천구,11545,경기도,41,507,2130,416,2053,2181,364,1047,257,1821,1895,3039
20190405,서울특별시,11,금천구,11545,세종특별자치시,36,18,47,6,57,57,8,20,8,53,37,73
20190405,서울특별시,11,금천구,11545,울산광역시,31,55,147,36,125,148,19,71,27,137,122,349
20190405,서울특별시,11,금천구,11545,대전광역시,30,52,198,48,239,188,42,118,30,210,188,335
20190405,서울특별시,11,금천구,11545,광주광역시,29,60,256,62,231,179,55,131,27,242,194,338
20190405,서울특별시,11,금천구,11545,인천광역시,28,97,459,73,410,404,68,219,74,379,384,668
20190405,서울특별시,11,금천구,11545,대구광역시,27,74,313,98,319,319,67,178,34,278,299,543
20190405,서울특별시,11,금천구,11545,부산광역시,26,73,441,107,437,515,49,226,51,381,379,761
20190405,서울특별시,11,금천구,11545,서울특별시,11,448,1851,394,1726,1834,268,847,181,1412,1395,2534
20190405,서울특별시,11,양천구,11470,제주특별자치도,50,5,23,0,15,17,0,11,3,13,11,38
20190405,서울특별시,11,양천구,11470,경상남도,48,40,141,10,82,220,28,144,19,76,57,159
20190405,서울특별시,11,양천구,11470,경상북도,47,21,106,8,75,128,27,115,14,67,44,127
20190405,서울특별시,11,양천구,11470,전라남도,46,20,68,9,44,82,13,55,12,49,37,88
20190405,서울특별시,11,양천구,11470,전라북도,45,15,62,6,36,103,15,58,16,60,33,86
20190405,서울특별시,11,양천구,11470,충청남도,44,31,89,9,89,154,21,78,22,102,40,127
20190405,서울특별시,11,양천구,11470,충청북도,43,36,60,17,50,105,11,60,15,69,42,107
20190405,서울특별시,11,서초구,11650,부산광역시,26,38,511,81,135,261,36,199,34,245,148,136
20190405,서울특별시,11,서초구,11650,대구광역시,27,33,351,82,71,208,19,197,19,142,101,131
20190405,서울특별시,11,서초구,11650,인천광역시,28,35,1881,73,160,285,37,203,67,192,149,132
20190405,서울특별시,11,서초구,11650,광주광역시,29,26,219,53,56,102,15,83,15,111,59,63
20190405,서울특별시,11,서초구,11650,대전광역시,30,17,238,62,60,144,16,100,30,100,76,79
20190405,서울특별시,11,서초구,11650,울산광역시,31,10,128,24,33,81,15,100,19,102,48,57
20190405,서울특별시,11,서초구,11650,세종특별자치시,36,6,64,6,17,25,5,20,9,23,16,17
20190405,서울특별시,11,서초구,11650,경기도,41,175,2623,500,596,1330,193,1266,179,1461,799,763
20190405,서울특별시,11,서초구,11650,강원도,42,13,228,37,38,116,18,93,13,87,54,62
20190405,서울특별시,11,서초구,11650,충청북도,43,14,264,55,40,111,20,101,22,116,88,75
20190405,서울특별시,11,서초구,11650,충청남도,44,17,273,55,73,182,19,134,31,118,103,101
20190405,서울특별시,11,서초구,11650,전라북도,45,20,240,56,54,105,19,117,20,92,86,66
20190405,서울특별시,11,서초구,11650,전라남도,46,10,183,27,52,133,11,107,7,80,68,62
20190405,서울특별시,11,서초구,11650,경상북도,47,20,286,48,55,204,22,133,28,108,99,115
20190405,서울특별시,11,서초구,11650,경상남도,48,43,395,89,102,240,31,221,22,157,116,152
20190405,서울특별시,11,서초구,11650,제주특별자치도,50,5,106,10,17,27,10,37,6,33,15,59
20190405,서울특별시,11,용산구,11170,서울특별시,11,168,1574,168,8941,1045,125,301,270,1351,575,296
20190405,서울특별시,11,용산구,11170,부산광역시,26,50,380,25,1997,227,35,57,104,343,136,79
20190405,서울특별시,11,용산구,11170,대구광역시,27,27,250,11,1491,169,18,50,66,264,91,68
20190405,서울특별시,11,용산구,11170,인천광역시,28,41,452,20,2120,179,32,82,79,326,91,96
20190405,서울특별시,11,용산구,11170,광주광역시,29,18,190,9,865,77,15,33,45,174,45,41
20190405,서울특별시,11,용산구,11170,대전광역시,30,23,204,20,1163,89,22,38,35,165,81,42
20190405,서울특별시,11,용산구,11170,울산광역시,31,14,112,9,599,62,9,29,42,152,36,35
20190405,서울특별시,11,용산구,11170,세종특별자치시,36,6,55,8,244,36,3,7,13,40,11,8
20190405,서울특별시,11,용산구,11170,경기도,41,225,1962,190,9944,1073,155,358,423,1812,594,399
20190405,서울특별시,11,용산구,11170,강원도,42,24,155,15,821,83,11,38,38,137,48,32
20190405,서울특별시,11,용산구,11170,충청북도,43,20,196,13,959,90,8,39,42,206,48,45
20190405,서울특별시,11,용산구,11170,충청남도,44,37,243,22,1405,166,24,52,69,191,68,49
20190405,서울특별시,11,용산구,11170,전라북도,45,13,191,26,939,114,16,47,50,189,77,49
20190405,서울특별시,11,용산구,11170,전라남도,46,15,148,13,851,96,8,28,36,146,39,32
20190405,서울특별시,11,용산구,11170,경상북도,47,25,315,16,1341,200,22,60,72,240,68,61
20190405,서울특별시,11,용산구,11170,경상남도,48,42,315,24,1817,156,37,57,111,326,114,73
20190405,서울특별시,11,용산구,11170,제주특별자치도,50,8,93,7,265,35,0,7,8,53,23,5
20190405,서울특별시,11,양천구,11470,강원도,42,20,74,8,53,105,19,58,17,43,27,89
20190405,서울특별시,11,양천구,11470,경기도,41,191,701,132,522,940,182,544,150,963,349,844
20190405,서울특별시,11,양천구,11470,세종특별자치시,36,9,20,0,11,34,5,9,3,11,9,13
20190405,서울특별시,11,양천구,11470,울산광역시,31,15,63,6,58,65,9,37,11,63,23,58
20190405,서울특별시,11,양천구,11470,대전광역시,30,21,100,0,45,88,17,42,8,56,36,90
20190405,서울특별시,11,양천구,11470,광주광역시,29,12,66,9,43,93,13,38,17,73,36,87
20190405,서울특별시,11,양천구,11470,인천광역시,28,34,168,25,98,207,31,119,37,115,51,201
20190405,서울특별시,11,양천구,11470,대구광역시,27,25,92,17,76,156,23,75,13,93,41,137
20190405,서울특별시,11,양천구,11470,부산광역시,26,39,141,14,87,190,30,120,25,112,65,193
20190405,서울특별시,11,양천구,11470,서울특별시,11,153,664,81,433,679,106,427,76,571,292,646
20190405,서울특별시,11,광진구,11215,제주특별자치도,50,4,25,0,20,37,0,14,0,32,23,11
20190405,서울특별시,11,광진구,11215,경상남도,48,29,204,18,134,230,31,102,19,219,118,153
20190405,서울특별시,11,광진구,11215,경상북도,47,20,162,17,137,175,17,110,22,142,96,110
20190405,서울특별시,11,광진구,11215,전라남도,46,9,100,16,68,126,12,66,13,89,69,66
20190405,서울특별시,11,광진구,11215,전라북도,45,18,122,19,73,130,10,78,12,132,64,84
20190405,서울특별시,11,광진구,11215,충청남도,44,32,146,12,127,193,20,121,11,153,55,90
20190405,서울특별시,11,광진구,11215,충청북도,43,10,94,11,83,118,16,65,10,132,66,59
20190405,서울특별시,11,광진구,11215,강원도,42,18,102,15,83,145,13,70,12,85,46,63
20190405,서울특별시,11,광진구,11215,경기도,41,159,1088,161,803,1221,147,667,115,1420,612,638
20190405,서울특별시,11,영등포구,11560,서울특별시,11,77,1654,288,1693,888,68,647,68,941,379,498
20190405,서울특별시,11,영등포구,11560,부산광역시,26,15,395,51,425,224,31,197,11,251,115,158
20190405,서울특별시,11,영등포구,11560,대구광역시,27,22,215,28,304,191,10,122,10,135,58,86
20190405,서울특별시,11,영등포구,11560,인천광역시,28,25,402,77,432,221,15,197,18,212,103,121
20190405,서울특별시,11,영등포구,11560,광주광역시,29,3,180,16,177,102,5,59,5,114,32,62
20190405,서울특별시,11,영등포구,11560,대전광역시,30,10,172,28,192,128,8,85,9,103,57,64
20190405,서울특별시,11,영등포구,11560,울산광역시,31,7,133,17,146,75,10,52,7,81,27,50
20190405,서울특별시,11,영등포구,11560,세종특별자치시,36,4,43,10,45,32,0,26,0,27,9,10
20190405,서울특별시,11,영등포구,11560,경기도,41,97,1690,284,1881,1190,111,782,63,1280,440,582
20190405,서울특별시,11,영등포구,11560,강원도,42,13,176,25,187,124,13,84,9,93,38,51
20190405,서울특별시,11,영등포구,11560,충청북도,43,7,158,23,229,116,12,100,0,128,45,52
20190405,서울특별시,11,영등포구,11560,충청남도,44,11,272,37,274,183,19,120,11,158,50,81
20190405,서울특별시,11,영등포구,11560,전라북도,45,7,202,23,226,103,14,73,14,126,44,48
20190405,서울특별시,11,영등포구,11560,전라남도,46,0,154,26,221,107,9,92,5,87,36,68
20190405,서울특별시,11,영등포구,11560,경상북도,47,18,251,34,303,179,14,145,10,147,43,104
20190405,서울특별시,11,중구,11140,제주특별자치도,50,6,142,26,30,96,9,11,12,155,39,5
20190405,서울특별시,11,중구,11140,경상남도,48,63,543,81,171,461,86,110,77,890,314,39
20190405,서울특별시,11,중구,11140,경상북도,47,45,362,80,125,228,63,90,52,627,189,41
20190405,서울특별시,11,중구,11140,전라남도,46,32,368,57,78,159,36,79,35,440,151,26
20190405,서울특별시,11,영등포구,11560,경상남도,48,13,342,36,402,356,31,184,11,191,76,102
20190405,서울특별시,11,영등포구,11560,제주특별자치도,50,3,67,15,48,25,0,26,0,31,7,12
20190405,서울특별시,11,송파구,11710,서울특별시,11,79,1330,241,533,981,118,1623,132,2666,634,586
20190405,서울특별시,11,송파구,11710,부산광역시,26,30,259,42,85,392,27,259,32,690,155,158
20190405,서울특별시,11,송파구,11710,대구광역시,27,27,189,37,80,233,19,129,41,484,112,115
20190405,서울특별시,11,송파구,11710,인천광역시,28,28,280,40,147,363,29,319,62,676,140,172
20190405,서울특별시,11,송파구,11710,광주광역시,29,8,119,19,41,165,13,78,17,383,70,79
20190405,서울특별시,11,송파구,11710,대전광역시,30,16,125,26,63,175,8,115,17,318,87,73
20190405,서울특별시,11,송파구,11710,울산광역시,31,6,88,15,38,139,10,61,11,225,46,48
20190405,서울특별시,11,광진구,11215,세종특별자치시,36,0,25,0,13,37,3,13,3,25,19,18
20190405,서울특별시,11,광진구,11215,울산광역시,31,15,82,9,63,68,12,36,5,95,41,46
20190405,서울특별시,11,광진구,11215,대전광역시,30,11,120,15,94,128,8,61,10,110,75,70
20190405,서울특별시,11,광진구,11215,광주광역시,29,19,95,11,66,94,11,60,6,133,57,64
20190405,서울특별시,11,광진구,11215,인천광역시,28,29,197,27,174,258,22,134,27,254,132,121
20190405,서울특별시,11,광진구,11215,대구광역시,27,26,153,27,122,170,15,99,18,165,92,115
20190405,서울특별시,11,광진구,11215,부산광역시,26,24,262,29,165,231,34,147,24,264,163,169
20190405,서울특별시,11,광진구,11215,서울특별시,11,100,1077,161,665,1075,99,559,78,1171,565,503
20190405,서울특별시,11,도봉구,11320,광주광역시,29,8,105,26,106,70,0,147,26,151,104,134
20190405,서울특별시,11,도봉구,11320,대전광역시,30,14,154,29,130,54,6,162,21,133,97,142
20190405,서울특별시,11,중구,11140,전라북도,45,39,272,55,92,160,38,46,40,524,165,17
20190405,서울특별시,11,중구,11140,충청남도,44,54,310,69,133,263,64,114,32,650,197,35
20190405,서울특별시,11,중구,11140,충청북도,43,41,219,54,93,166,29,81,20,483,162,33
20190405,서울특별시,11,중구,11140,강원도,42,35,226,64,94,172,36,82,17,401,142,21
20190405,서울특별시,11,중구,11140,경기도,41,356,2169,415,912,1690,395,685,430,4779,1403,277
20190405,서울특별시,11,중구,11140,세종특별자치시,36,8,61,12,16,29,7,11,14,123,41,4
20190405,서울특별시,11,중구,11140,울산광역시,31,25,166,38,67,117,22,47,39,339,131,26
20190405,서울특별시,11,중구,11140,대전광역시,30,24,254,51,91,222,28,68,47,542,168,20
20190405,서울특별시,11,중구,11140,광주광역시,29,32,273,62,66,136,45,73,32,547,170,20
20190405,서울특별시,11,중구,11140,인천광역시,28,56,363,69,197,282,78,131,65,953,298,58
20190405,서울특별시,11,중구,11140,대구광역시,27,47,394,102,138,239,44,90,66,798,233,33
20190405,서울특별시,11,중구,11140,부산광역시,26,67,602,115,205,352,65,133,120,1040,358,53
20190405,서울특별시,11,중구,11140,서울특별시,11,277,2399,402,916,1660,278,628,369,4447,1308,249
20190405,서울특별시,11,도봉구,11320,울산광역시,31,6,75,16,71,47,10,78,18,127,83,102
20190405,서울특별시,11,도봉구,11320,세종특별자치시,36,0,24,7,39,22,5,34,8,30,21,33
20190405,서울특별시,11,도봉구,11320,경기도,41,152,1209,319,1160,644,140,1371,214,1579,911,1234
20190405,서울특별시,11,도봉구,11320,강원도,42,9,117,26,129,56,15,140,14,136,109,108
20190405,서울특별시,11,도봉구,11320,충청북도,43,9,110,34,122,66,9,174,24,192,121,133
20190405,서울특별시,11,도봉구,11320,충청남도,44,11,163,36,176,99,16,206,29,228,146,170
20190405,서울특별시,11,도봉구,11320,전라북도,45,20,111,33,100,62,9,147,22,171,97,117
20190405,서울특별시,11,도봉구,11320,전라남도,46,14,94,22,93,57,3,119,16,180,122,130
20190405,서울특별시,11,도봉구,11320,경상북도,47,15,177,41,201,103,19,225,38,273,144,240
20190405,서울특별시,11,도봉구,11320,경상남도,48,30,222,55,227,126,19,266,34,381,200,271
20190405,서울특별시,11,도봉구,11320,제주특별자치도,50,0,50,21,15,16,4,42,4,65,19,23
20190405,서울특별시,11,송파구,11710,세종특별자치시,36,4,37,8,21,20,3,28,7,76,17,9
20190405,서울특별시,11,송파구,11710,경기도,41,138,1414,207,596,1517,176,1832,233,3469,752,687
20190405,서울특별시,11,송파구,11710,강원도,42,10,134,10,53,213,15,113,12,300,55,52
20190405,서울특별시,11,송파구,11710,충청북도,43,13,119,37,51,185,16,111,26,346,58,70
20190405,서울특별시,11,송파구,11710,충청남도,44,16,196,27,98,316,23,141,32,431,91,94
20190405,서울특별시,11,송파구,11710,전라북도,45,4,124,25,64,272,10,116,17,356,66,63
20190405,서울특별시,11,송파구,11710,전라남도,46,7,119,12,54,190,11,119,17,292,56,59
20190405,서울특별시,11,송파구,11710,경상북도,47,14,175,29,92,326,22,173,31,480,91,95
20190405,서울특별시,11,성동구,11200,제주특별자치도,50,4,103,14,18,44,5,7,5,106,26,7
20190405,서울특별시,11,성동구,11200,경상남도,48,18,463,150,115,182,57,112,68,536,139,87
20190405,서울특별시,11,성동구,11200,경상북도,47,26,309,107,100,168,29,97,64,428,121,60
20190405,서울특별시,11,성동구,11200,전라남도,46,8,182,55,54,92,20,57,18,291,73,46
20190405,서울특별시,11,성동구,11200,전라북도,45,11,242,62,67,103,25,62,18,326,91,35
20190405,서울특별시,11,성동구,11200,충청남도,44,18,303,61,82,170,24,81,27,389,99,48
20190405,서울특별시,11,성동구,11200,충청북도,43,13,218,41,59,124,29,50,22,294,75,38
20190405,서울특별시,11,송파구,11710,경상남도,48,20,244,25,98,380,23,172,40,562,127,136
20190405,서울특별시,11,송파구,11710,제주특별자치도,50,0,40,3,22,55,0,19,7,108,21,23
20190405,서울특별시,11,성동구,11200,강원도,42,8,187,43,62,95,19,71,16,294,64,33
20190405,서울특별시,11,성동구,11200,경기도,41,157,2561,548,666,1175,205,599,244,3201,939,414
20190405,서울특별시,11,성동구,11200,세종특별자치시,36,0,51,31,15,27,4,16,5,52,32,5
20190405,서울특별시,11,성동구,11200,울산광역시,31,8,124,55,45,72,13,26,25,256,58,28
20190405,서울특별시,11,은평구,11380,인천광역시,28,28,216,30,92,199,37,139,39,512,136,153
20190405,서울특별시,11,은평구,11380,대구광역시,27,20,154,19,72,184,42,71,35,344,76,88
20190405,서울특별시,11,성동구,11200,대전광역시,30,16,238,74,65,134,28,34,16,307,84,52
20190405,서울특별시,11,성동구,11200,광주광역시,29,16,199,73,50,126,27,60,18,315,90,67
20190405,서울특별시,11,성동구,11200,인천광역시,28,32,518,99,150,222,40,103,41,630,194,84
20190405,서울특별시,11,성동구,11200,대구광역시,27,19,345,111,98,193,30,86,68,461,133,85
20190405,서울특별시,11,성동구,11200,부산광역시,26,23,552,125,126,235,56,110,47,668,207,96
20190405,서울특별시,11,동대문구,11230,서울특별시,11,619,1264,386,587,1216,79,1390,310,3271,648,483
20190405,서울특별시,11,동대문구,11230,부산광역시,26,145,368,145,123,342,26,465,113,898,196,140
20190405,서울특별시,11,은평구,11380,부산광역시,26,23,233,39,89,201,46,116,34,509,98,145
20190405,서울특별시,11,은평구,11380,서울특별시,11,102,798,116,429,922,133,469,87,1513,430,528
20190405,서울특별시,11,동대문구,11230,대구광역시,27,117,260,132,89,233,22,280,74,693,116,100
20190405,서울특별시,11,동대문구,11230,인천광역시,28,177,343,114,124,404,16,459,139,961,149,151
20190405,서울특별시,11,동대문구,11230,광주광역시,29,51,180,58,65,175,12,201,44,483,69,68
20190405,서울특별시,11,동대문구,11230,대전광역시,30,80,158,67,67,157,14,230,51,430,80,59
20190405,서울특별시,11,동대문구,11230,울산광역시,31,53,125,76,45,137,16,125,43,345,54,61
20190405,서울특별시,11,동대문구,11230,세종특별자치시,36,20,42,24,20,36,4,47,25,102,26,13
20190405,서울특별시,11,동대문구,11230,경기도,41,674,1673,563,572,1834,114,1814,502,4284,811,663
20190405,서울특별시,11,동대문구,11230,강원도,42,86,181,49,56,163,15,193,34,433,66,72
20190405,서울특별시,11,동대문구,11230,충청북도,43,93,141,57,56,207,14,195,57,481,83,77
20190405,서울특별시,11,동대문구,11230,충청남도,44,107,242,104,89,249,23,301,79,622,109,87
20190405,서울특별시,11,동대문구,11230,전라북도,45,57,191,72,83,185,17,199,46,468,80,73
20190405,서울특별시,11,동대문구,11230,전라남도,46,56,160,67,75,188,15,216,48,411,78,56
20190405,서울특별시,11,동대문구,11230,경상북도,47,108,285,130,91,317,32,360,77,652,136,113
20190405,서울특별시,11,동대문구,11230,경상남도,48,124,332,156,136,374,34,420,102,847,161,159
20190405,서울특별시,11,동대문구,11230,제주특별자치도,50,42,84,9,22,53,3,40,11,142,29,12
20190405,서울특별시,11,관악구,11620,서울특별시,11,84,571,262,242,329,21,166,38,960,252,675
20190405,서울특별시,11,관악구,11620,부산광역시,26,41,146,48,53,62,11,55,12,243,71,225
20190405,서울특별시,11,관악구,11620,대구광역시,27,20,80,30,32,54,0,34,10,147,43,153
20190405,서울특별시,11,관악구,11620,인천광역시,28,51,129,52,59,92,6,46,18,254,53,207
20190405,서울특별시,11,관악구,11620,광주광역시,29,15,48,19,21,70,0,17,8,129,27,92
20190405,서울특별시,11,관악구,11620,대전광역시,30,16,68,43,33,47,4,17,8,110,30,85
20190405,서울특별시,11,관악구,11620,울산광역시,31,9,53,23,21,29,4,19,5,88,14,62
20190405,서울특별시,11,관악구,11620,세종특별자치시,36,0,17,11,4,12,0,3,3,23,8,29
20190405,서울특별시,11,관악구,11620,경기도,41,152,719,211,253,371,50,234,72,1395,336,873
20190405,서울특별시,11,관악구,11620,강원도,42,11,66,13,18,33,3,24,9,111,31,73
20190405,서울특별시,11,관악구,11620,충청북도,43,8,90,24,32,47,6,27,8,131,28,87
20190405,서울특별시,11,관악구,11620,충청남도,44,18,115,25,24,51,5,50,11,143,51,124
20190405,서울특별시,11,관악구,11620,전라북도,45,9,78,19,31,38,6,16,5,129,30,88
20190405,서울특별시,11,관악구,11620,전라남도,46,23,66,19,28,45,0,18,6,124,36,98
20190405,서울특별시,11,관악구,11620,경상북도,47,18,104,32,45,40,3,21,9,154,48,126
20190405,서울특별시,11,관악구,11620,경상남도,48,27,129,43,57,67,5,32,14,222,51,156
20190405,서울특별시,11,관악구,11620,제주특별자치도,50,9,17,6,6,14,0,4,4,29,12,13
20190405,서울특별시,11,성동구,11200,서울특별시,11,149,2478,467,572,884,182,531,197,2760,986,358
20190405,서울특별시,11,마포구,11440,서울특별시,11,118,2019,501,845,1191,66,1655,138,2164,1540,385
20190405,서울특별시,11,마포구,11440,부산광역시,26,32,430,115,205,251,17,453,52,550,363,127
20190405,서울특별시,11,마포구,11440,대구광역시,27,16,288,62,133,198,16,336,24,386,324,65
20190405,서울특별시,11,마포구,11440,인천광역시,28,31,521,129,197,288,12,417,49,449,361,106
20190405,서울특별시,11,마포구,11440,광주광역시,29,16,218,36,86,131,11,193,15,245,204,56
20190405,서울특별시,11,마포구,11440,대전광역시,30,14,179,54,104,132,6,185,17,260,227,58
20190405,서울특별시,11,마포구,11440,울산광역시,31,13,158,20,65,92,5,142,16,175,116,40
20190405,서울특별시,11,마포구,11440,세종특별자치시,36,3,71,21,21,45,3,55,6,48,36,12
20190405,서울특별시,11,마포구,11440,경기도,41,136,2373,543,1031,1635,75,2126,241,2561,1583,483
20190405,서울특별시,11,마포구,11440,강원도,42,14,231,44,106,142,7,145,22,215,194,47
20190405,서울특별시,11,종로구,11110,서울특별시,11,131,1545,204,257,546,25,250,157,1047,652,144
20190405,서울특별시,11,종로구,11110,부산광역시,26,32,297,44,60,157,11,53,36,329,182,27
20190405,서울특별시,11,종로구,11110,대구광역시,27,27,232,29,44,119,0,37,30,242,104,35
20190405,서울특별시,11,종로구,11110,인천광역시,28,40,295,31,54,142,6,45,44,248,164,39
20190405,서울특별시,11,종로구,11110,광주광역시,29,20,138,13,24,69,3,22,40,182,89,22
20190405,서울특별시,11,종로구,11110,대전광역시,30,22,188,13,28,69,5,18,21,140,110,14
20190405,서울특별시,11,종로구,11110,울산광역시,31,22,75,10,21,50,4,14,13,105,57,12
20190405,서울특별시,11,종로구,11110,세종특별자치시,36,0,51,5,8,26,0,6,9,43,15,5
20190405,서울특별시,11,종로구,11110,경기도,41,228,1477,211,257,725,48,335,237,1378,857,144
20190405,서울특별시,11,종로구,11110,강원도,42,30,162,15,23,70,5,34,32,152,78,24
20190405,서울특별시,11,종로구,11110,충청북도,43,27,171,19,24,77,3,41,22,153,104,14
20190405,서울특별시,11,종로구,11110,충청남도,44,32,191,20,36,104,8,47,27,205,137,15
20190405,서울특별시,11,종로구,11110,전라북도,45,18,161,23,27,59,4,31,48,168,111,20
20190405,서울특별시,11,종로구,11110,전라남도,46,22,119,10,25,67,3,29,34,181,90,8
20190405,서울특별시,11,종로구,11110,경상북도,47,27,187,22,52,115,4,40,40,249,142,20
20190405,서울특별시,11,종로구,11110,경상남도,48,50,232,31,52,162,8,48,42,325,183,37
20190405,서울특별시,11,종로구,11110,제주특별자치도,50,8,62,11,8,14,0,35,15,44,28,7
20190405,서울특별시,11,마포구,11440,충청북도,43,6,196,61,114,126,6,198,13,274,208,54
20190405,서울특별시,11,마포구,11440,충청남도,44,24,256,67,153,198,7,215,35,308,267,66
20190405,서울특별시,11,마포구,11440,전라북도,45,13,226,57,119,153,8,204,21,255,218,40
20190405,서울특별시,11,마포구,11440,전라남도,46,13,180,38,108,118,4,193,21,247,182,40
20190405,서울특별시,11,마포구,11440,경상북도,47,13,283,62,145,217,16,276,34,327,261,76
20190405,서울특별시,11,마포구,11440,경상남도,48,30,367,84,212,303,15,410,51,433,339,92
20190405,서울특별시,11,마포구,11440,제주특별자치도,50,9,68,23,61,68,0,37,7,98,70,19
20190405,서울특별시,11,동작구,11590,서울특별시,11,102,445,283,232,336,66,265,58,667,302,374
20190405,서울특별시,11,동작구,11590,부산광역시,26,31,95,63,63,99,6,51,18,132,69,92
20190405,서울특별시,11,동작구,11590,대구광역시,27,27,78,39,34,55,17,39,11,89,35,70
20190405,서울특별시,11,중랑구,11260,제주특별자치도,50,10,34,5,23,44,6,11,7,92,31,36
20190405,서울특별시,11,중랑구,11260,경상남도,48,64,270,33,144,325,49,215,107,713,314,304
20190405,서울특별시,11,중랑구,11260,경상북도,47,46,255,33,108,301,36,135,100,545,164,173
20190405,서울특별시,11,중랑구,11260,전라남도,46,31,148,41,69,203,31,119,57,361,125,114
20190405,서울특별시,11,중랑구,11260,전라북도,45,35,134,24,72,194,9,106,66,404,167,94
20190405,서울특별시,11,중랑구,11260,충청남도,44,50,228,25,104,237,42,131,85,538,203,133
20190405,서울특별시,11,중랑구,11260,충청북도,43,35,137,25,68,173,23,75,47,398,126,108
20190405,서울특별시,11,중랑구,11260,강원도,42,24,125,20,74,158,28,71,46,315,97,82
20190405,서울특별시,11,중랑구,11260,경기도,41,328,1514,278,755,1624,239,923,564,3744,1228,1075
20190405,서울특별시,11,중랑구,11260,세종특별자치시,36,7,33,0,17,35,13,34,25,77,25,35
20190405,서울특별시,11,중랑구,11260,울산광역시,31,17,95,20,44,119,19,76,33,292,92,78
20190405,서울특별시,11,중랑구,11260,대전광역시,30,30,148,30,100,177,18,88,34,385,143,109
20190405,서울특별시,11,중랑구,11260,광주광역시,29,30,143,27,58,167,19,89,43,385,146,109
20190405,서울특별시,11,중랑구,11260,인천광역시,28,53,358,26,142,329,50,291,123,760,270,210
20190405,서울특별시,11,중랑구,11260,대구광역시,27,57,191,35,124,293,36,154,87,554,206,168
20190405,서울특별시,11,중랑구,11260,부산광역시,26,61,274,44,148,356,49,216,132,815,253,221
20190405,서울특별시,11,중랑구,11260,서울특별시,11,243,976,175,601,1586,183,752,370,2666,895,846
20190405,서울특별시,11,동작구,11590,인천광역시,28,39,121,47,56,71,24,58,17,146,54,96
20190405,서울특별시,11,동작구,11590,광주광역시,29,16,31,24,27,45,11,11,12,57,27,41
20190405,서울특별시,11,동작구,11590,대전광역시,30,19,47,22,31,45,14,20,4,74,32,47
20190405,서울특별시,11,동작구,11590,울산광역시,31,7,31,21,13,31,7,10,8,69,21,31
20190405,서울특별시,11,동작구,11590,세종특별자치시,36,4,9,7,3,7,6,0,5,11,7,7
20190405,서울특별시,11,동작구,11590,경기도,41,176,535,232,277,492,133,243,85,948,331,426
20190405,서울특별시,11,동작구,11590,강원도,42,11,49,25,23,29,14,17,14,68,33,34
20190405,서울특별시,11,동작구,11590,충청북도,43,16,39,29,27,44,11,20,17,84,21,46
20190405,서울특별시,11,동작구,11590,충청남도,44,45,74,25,36,57,20,33,15,91,37,46
20190405,서울특별시,11,동작구,11590,전라북도,45,16,56,22,39,40,19,25,15,78,35,43
20190405,서울특별시,11,동작구,11590,전라남도,46,11,54,20,19,47,12,24,18,44,24,34
20190405,서울특별시,11,동작구,11590,경상북도,47,17,62,39,36,81,14,34,20,77,28,66
20190405,서울특별시,11,동작구,11590,경상남도,48,36,95,40,49,99,28,45,21,76,52,91
20190405,서울특별시,11,동작구,11590,제주특별자치도,50,7,10,9,14,13,0,0,0,15,5,8
20190405,서울특별시,11,강동구,11740,제주특별자치도,50,8,27,11,4,22,7,28,5,21,14,3
20190405,서울특별시,11,강동구,11740,경상남도,48,68,171,106,39,205,20,207,22,149,75,51
20190405,서울특별시,11,강동구,11740,경상북도,47,62,120,80,23,171,16,147,18,126,49,46
20190405,서울특별시,11,강동구,11740,전라남도,46,49,66,83,31,161,15,85,8,72,27,30
20190405,서울특별시,11,강동구,11740,전라북도,45,47,91,82,19,114,16,83,14,74,46,42
20190405,서울특별시,11,강동구,11740,충청남도,44,32,119,75,43,154,11,116,17,129,43,44
20190405,서울특별시,11,강동구,11740,충청북도,43,35,65,64,26,135,15,77,13,72,33,35
20190405,서울특별시,11,강동구,11740,강원도,42,38,90,51,18,131,11,89,11,62,40,24
20190405,서울특별시,11,강동구,11740,경기도,41,334,826,559,251,1179,122,899,107,1163,480,339
20190405,서울특별시,11,강동구,11740,세종특별자치시,36,6,15,19,3,40,0,23,0,24,10,9
20190405,서울특별시,11,강동구,11740,울산광역시,31,26,54,60,13,87,11,54,13,79,26,31
20190405,서울특별시,11,강동구,11740,대전광역시,30,38,81,54,30,109,8,91,9,70,46,38
20190405,서울특별시,11,강동구,11740,광주광역시,29,71,70,70,16,115,8,62,13,91,45,28
20190405,서울특별시,11,강동구,11740,인천광역시,28,96,184,154,48,232,16,183,26,233,72,78
20190405,서울특별시,11,강동구,11740,대구광역시,27,61,117,122,28,183,16,139,20,143,50,60
20190405,서울특별시,11,강동구,11740,부산광역시,26,74,175,138,39,224,26,228,25,210,114,72
20190405,서울특별시,11,강동구,11740,서울특별시,11,319,806,478,208,902,85,871,96,925,352,263
20190406,서울특별시,11,영등포구,11560,전라북도,45,0,37,0,3,3,0,4,6,13,0,6
20190406,서울특별시,11,영등포구,11560,충청남도,44,0,55,5,4,11,0,5,0,17,0,3
20190406,서울특별시,11,영등포구,11560,충청북도,43,0,31,9,9,8,0,3,0,22,0,4
20190406,서울특별시,11,영등포구,11560,강원도,42,0,27,3,5,10,0,16,3,6,0,0
20190406,서울특별시,11,영등포구,11560,경기도,41,15,331,36,74,97,17,45,22,324,72,41
20190406,서울특별시,11,영등포구,11560,세종특별자치시,36,0,8,0,0,0,0,0,0,0,0,0
20190406,서울특별시,11,영등포구,11560,울산광역시,31,0,23,0,0,4,0,0,0,9,0,0
20190406,서울특별시,11,영등포구,11560,대전광역시,30,0,29,0,0,5,0,0,0,10,0,0
20190406,서울특별시,11,영등포구,11560,광주광역시,29,0,22,4,5,6,0,0,0,7,3,0
20190406,서울특별시,11,영등포구,11560,인천광역시,28,3,62,0,18,13,0,7,3,26,5,8
20190406,서울특별시,11,영등포구,11560,대구광역시,27,7,39,3,9,17,0,10,0,16,5,0
20190406,서울특별시,11,영등포구,11560,부산광역시,26,4,61,0,5,18,0,9,4,18,16,0
20190406,서울특별시,11,영등포구,11560,서울특별시,11,13,270,35,62,61,11,33,13,173,50,24
20190406,서울특별시,11,구로구,11530,강원도,42,0,7,6,13,8,4,0,4,6,4,51
20190406,서울특별시,11,양천구,11470,세종특별자치시,36,0,0,0,0,0,0,0,0,3,0,0
20190406,서울특별시,11,양천구,11470,울산광역시,31,0,6,3,0,0,0,0,0,19,0,0
20190406,서울특별시,11,양천구,11470,대전광역시,30,0,9,0,0,3,0,3,0,6,5,0
20190406,서울특별시,11,동작구,11590,대구광역시,27,0,10,6,0,7,0,0,4,20,3,0
20190406,서울특별시,11,동작구,11590,인천광역시,28,4,19,11,10,9,4,0,4,20,4,3
20190406,서울특별시,11,동작구,11590,광주광역시,29,0,8,10,0,0,0,0,3,11,0,0
20190406,서울특별시,11,동작구,11590,대전광역시,30,0,14,6,0,0,0,0,4,5,0,0
20190406,서울특별시,11,동작구,11590,울산광역시,31,0,6,4,0,0,0,0,0,23,0,0
20190406,서울특별시,11,동작구,11590,세종특별자치시,36,0,0,0,0,0,0,0,0,0,0,0
20190406,서울특별시,11,동작구,11590,경기도,41,14,132,71,45,45,33,22,28,340,75,42
20190406,서울특별시,11,동작구,11590,강원도,42,0,7,5,6,0,0,0,3,7,0,0
20190406,서울특별시,11,동작구,11590,충청북도,43,0,12,12,4,5,4,0,6,28,4,3
20190406,서울특별시,11,동작구,11590,충청남도,44,0,14,0,4,4,0,0,3,17,3,0
20190406,서울특별시,11,동작구,11590,전라북도,45,0,5,6,0,0,0,0,6,10,0,0
20190406,서울특별시,11,동작구,11590,전라남도,46,0,12,7,0,0,3,0,6,8,0,0
20190406,서울특별시,11,동작구,11590,경상북도,47,0,12,10,0,0,0,0,3,8,0,0
20190406,서울특별시,11,동작구,11590,경상남도,48,0,16,6,5,0,4,0,0,12,3,0
20190406,서울특별시,11,동작구,11590,제주특별자치도,50,0,5,0,0,0,0,0,0,0,0,0
20190406,서울특별시,11,양천구,11470,광주광역시,29,0,8,0,0,4,0,0,0,9,0,0
20190406,서울특별시,11,양천구,11470,인천광역시,28,3,16,7,5,5,0,0,3,33,13,6
20190406,서울특별시,11,양천구,11470,대구광역시,27,0,13,0,0,5,0,0,0,26,3,0
20190406,서울특별시,11,양천구,11470,부산광역시,26,0,29,0,3,0,0,4,0,20,16,0
20190406,서울특별시,11,양천구,11470,서울특별시,11,4,83,26,34,27,7,30,4,188,62,25
20190406,서울특별시,11,종로구,11110,경상남도,48,7,65,4,3,27,3,6,3,86,5,8
20190406,서울특별시,11,종로구,11110,경상북도,47,10,55,5,0,30,0,6,3,73,3,0
20190406,서울특별시,11,관악구,11620,제주특별자치도,50,0,6,3,0,0,0,0,0,4,0,0
20190406,서울특별시,11,관악구,11620,경상남도,48,0,26,10,8,5,0,6,0,30,9,0
20190406,서울특별시,11,관악구,11620,경상북도,47,0,9,8,4,3,0,7,0,17,6,0
20190406,서울특별시,11,관악구,11620,전라남도,46,0,10,5,0,0,0,3,0,25,0,0
20190406,서울특별시,11,관악구,11620,전라북도,45,0,12,10,5,8,0,3,3,18,3,0
20190406,서울특별시,11,관악구,11620,충청남도,44,0,14,12,6,5,0,0,0,26,8,0
20190406,서울특별시,11,관악구,11620,충청북도,43,0,10,6,3,4,0,0,0,37,0,3
20190406,서울특별시,11,관악구,11620,강원도,42,0,10,7,4,3,0,0,0,21,4,0
20190406,서울특별시,11,광진구,11215,제주특별자치도,50,0,3,0,3,0,0,3,0,0,0,0
20190406,서울특별시,11,광진구,11215,경상남도,48,0,28,8,19,3,0,16,0,16,6,5
20190406,서울특별시,11,관악구,11620,경기도,41,28,181,76,51,65,19,31,25,474,103,39
20190406,서울특별시,11,관악구,11620,세종특별자치시,36,0,5,0,0,0,0,0,3,5,0,0
20190406,서울특별시,11,관악구,11620,울산광역시,31,0,6,4,3,0,0,0,0,37,0,0
20190406,서울특별시,11,관악구,11620,대전광역시,30,0,15,3,5,13,0,0,0,18,10,0
20190406,서울특별시,11,관악구,11620,광주광역시,29,0,9,8,4,0,0,5,0,25,3,0
20190406,서울특별시,11,관악구,11620,인천광역시,28,4,29,11,16,17,0,3,4,46,6,8
20190406,서울특별시,11,관악구,11620,대구광역시,27,0,12,10,6,6,0,0,3,26,4,0
20190406,서울특별시,11,관악구,11620,부산광역시,26,0,40,21,6,8,0,9,3,46,21,0
20190406,서울특별시,11,관악구,11620,서울특별시,11,6,153,85,57,30,3,13,16,262,69,17
20190406,서울특별시,11,종로구,11110,전라남도,46,5,24,0,0,7,0,0,0,62,0,3
20190406,서울특별시,11,마포구,11440,제주특별자치도,50,0,9,3,0,0,0,0,0,6,3,0
20190406,서울특별시,11,마포구,11440,경상남도,48,0,37,14,4,5,6,8,0,26,19,4
20190406,서울특별시,11,마포구,11440,경상북도,47,0,21,12,0,7,0,0,0,17,7,4
20190406,서울특별시,11,마포구,11440,전라남도,46,0,22,15,4,0,0,3,0,15,6,0
20190406,서울특별시,11,마포구,11440,전라북도,45,0,31,8,0,0,0,3,0,16,6,3
20190406,서울특별시,11,마포구,11440,충청남도,44,0,22,10,3,4,0,3,0,17,7,8
20190406,서울특별시,11,마포구,11440,충청북도,43,0,21,29,0,10,0,3,0,37,4,6
20190406,서울특별시,11,마포구,11440,강원도,42,0,14,3,0,3,0,4,0,11,0,0
20190406,서울특별시,11,마포구,11440,경기도,41,14,269,53,52,102,25,33,8,424,89,59
20190406,서울특별시,11,마포구,11440,세종특별자치시,36,0,9,0,0,0,0,0,0,0,0,0
20190406,서울특별시,11,마포구,11440,울산광역시,31,0,20,0,0,0,0,3,0,24,0,0
20190406,서울특별시,11,마포구,11440,대전광역시,30,0,20,7,3,5,0,8,0,9,7,3
20190406,서울특별시,11,마포구,11440,광주광역시,29,0,16,5,0,3,0,0,0,12,8,0
20190406,서울특별시,11,마포구,11440,인천광역시,28,0,53,12,9,12,0,0,0,42,8,4
20190406,서울특별시,11,마포구,11440,대구광역시,27,4,48,9,5,9,0,0,0,29,13,3
20190406,서울특별시,11,마포구,11440,부산광역시,26,0,43,11,5,8,3,0,0,36,17,4
20190406,서울특별시,11,마포구,11440,서울특별시,11,0,201,67,44,88,7,29,10,231,94,42
20190406,서울특별시,11,광진구,11215,경상북도,47,0,12,4,15,0,0,11,0,18,3,4
20190406,서울특별시,11,광진구,11215,전라남도,46,0,15,3,3,0,0,8,0,8,3,3
20190406,서울특별시,11,광진구,11215,전라북도,45,0,15,7,12,0,0,6,0,14,6,3
20190406,서울특별시,11,광진구,11215,충청남도,44,0,13,0,9,4,0,11,0,20,7,3
20190406,서울특별시,11,광진구,11215,충청북도,43,0,13,15,6,6,0,11,0,16,4,6
20190406,서울특별시,11,광진구,11215,강원도,42,0,10,6,9,0,0,14,3,8,3,5
20190406,서울특별시,11,광진구,11215,경기도,41,20,200,57,125,57,8,67,12,378,75,61
20190406,서울특별시,11,광진구,11215,세종특별자치시,36,0,4,0,0,0,0,3,0,3,0,0
20190406,서울특별시,11,광진구,11215,울산광역시,31,0,14,4,6,0,0,6,0,17,0,0
20190406,서울특별시,11,광진구,11215,대전광역시,30,0,19,5,8,0,0,7,0,8,0,4
20190406,서울특별시,11,광진구,11215,광주광역시,29,0,18,0,8,0,0,6,0,8,0,0
20190406,서울특별시,11,광진구,11215,인천광역시,28,0,28,5,21,10,0,15,3,33,10,9
20190406,서울특별시,11,광진구,11215,대구광역시,27,5,29,3,15,5,0,9,0,14,6,7
20190406,서울특별시,11,광진구,11215,부산광역시,26,3,39,11,24,10,0,16,0,35,14,7
20190406,서울특별시,11,광진구,11215,서울특별시,11,4,202,42,148,23,14,45,17,207,58,38
20190406,서울특별시,11,종로구,11110,전라북도,45,0,29,0,0,5,0,0,0,48,3,0
20190406,서울특별시,11,종로구,11110,충청남도,44,0,46,0,0,12,0,3,4,39,4,5
20190406,서울특별시,11,종로구,11110,충청북도,43,3,45,0,3,16,0,4,3,48,0,0
20190406,서울특별시,11,종로구,11110,강원도,42,3,34,3,0,12,0,0,0,36,0,5
20190406,서울특별시,11,종로구,11110,경기도,41,28,481,29,51,181,14,53,13,264,46,25
20190406,서울특별시,11,중구,11140,울산광역시,31,3,48,9,24,35,4,30,0,54,6,0
20190406,서울특별시,11,중구,11140,대전광역시,30,0,89,11,32,47,5,34,0,50,12,5
20190406,서울특별시,11,중구,11140,광주광역시,29,5,150,17,21,38,8,45,0,88,15,0
20190406,서울특별시,11,은평구,11380,제주특별자치도,50,0,0,0,0,0,0,0,0,12,0,0
20190406,서울특별시,11,은평구,11380,경상남도,48,0,14,7,5,11,0,7,5,49,8,0
20190406,서울특별시,11,은평구,11380,경상북도,47,0,8,0,5,4,0,4,0,29,0,0
20190406,서울특별시,11,은평구,11380,전라남도,46,0,8,3,0,7,0,4,0,30,0,0
20190406,서울특별시,11,은평구,11380,전라북도,45,0,3,0,4,0,0,0,0,48,0,0
20190406,서울특별시,11,은평구,11380,충청남도,44,0,20,3,0,12,0,4,3,38,0,0
20190406,서울특별시,11,은평구,11380,충청북도,43,0,5,4,7,7,0,4,4,29,3,0
20190406,서울특별시,11,은평구,11380,강원도,42,0,8,0,0,0,0,5,0,17,0,0
20190406,서울특별시,11,은평구,11380,경기도,41,30,149,43,47,87,13,28,16,470,61,45
20190406,서울특별시,11,노원구,11350,울산광역시,31,0,9,0,3,0,0,0,3,25,0,0
20190406,서울특별시,11,노원구,11350,대전광역시,30,0,6,3,4,3,0,4,0,26,5,0
20190406,서울특별시,11,노원구,11350,광주광역시,29,0,10,0,4,0,0,5,8,27,5,0
20190406,서울특별시,11,노원구,11350,인천광역시,28,5,13,11,11,15,0,16,5,58,13,4
20190406,서울특별시,11,노원구,11350,대구광역시,27,4,12,0,7,8,0,7,5,43,10,0
20190406,서울특별시,11,노원구,11350,부산광역시,26,0,26,9,4,0,0,0,6,38,31,5
20190406,서울특별시,11,노원구,11350,서울특별시,11,12,102,27,50,63,9,90,29,287,91,39
20190406,서울특별시,11,동대문구,11230,제주특별자치도,50,0,4,0,0,0,0,4,0,8,0,0
20190406,서울특별시,11,동대문구,11230,경상남도,48,5,25,9,3,12,5,25,5,45,7,0
20190406,서울특별시,11,동대문구,11230,경상북도,47,0,21,3,5,10,0,15,3,26,8,0
20190406,서울특별시,11,동대문구,11230,전라남도,46,3,10,5,0,9,0,13,0,20,0,0
20190406,서울특별시,11,동대문구,11230,전라북도,45,0,11,4,0,11,0,12,0,16,0,0
20190406,서울특별시,11,동대문구,11230,충청남도,44,0,17,6,6,10,0,18,5,33,8,5
20190406,서울특별시,11,동대문구,11230,충청북도,43,3,14,4,3,8,0,13,0,24,0,3
20190406,서울특별시,11,동대문구,11230,강원도,42,0,11,3,0,9,0,4,0,18,5,0
20190406,서울특별시,11,동대문구,11230,경기도,41,24,130,61,33,86,17,101,11,397,93,34
20190406,서울특별시,11,동대문구,11230,세종특별자치시,36,0,3,0,0,0,0,3,0,0,0,0
20190406,서울특별시,11,동대문구,11230,울산광역시,31,0,9,0,0,6,0,6,0,23,0,0
20190406,서울특별시,11,동대문구,11230,대전광역시,30,0,13,4,0,4,0,10,0,11,6,0
20190406,서울특별시,11,성동구,11200,제주특별자치도,50,0,25,0,0,0,0,0,0,0,6,0
20190406,서울특별시,11,성동구,11200,경상남도,48,0,65,3,3,13,0,0,0,19,18,0
20190406,서울특별시,11,성동구,11200,경상북도,47,0,43,6,4,16,0,0,11,12,10,0
20190406,서울특별시,11,성동구,11200,전라남도,46,0,11,3,0,0,0,0,0,5,10,0
20190406,서울특별시,11,성동구,11200,전라북도,45,0,35,6,0,11,0,0,0,5,14,0
20190406,서울특별시,11,성동구,11200,충청남도,44,0,48,5,0,10,0,0,3,15,14,0
20190406,서울특별시,11,성동구,11200,충청북도,43,0,39,3,4,13,0,7,0,16,6,4
20190406,서울특별시,11,성동구,11200,강원도,42,0,24,6,4,13,0,0,0,0,11,0
20190406,서울특별시,11,성동구,11200,경기도,41,16,481,74,32,126,21,33,13,308,161,27
20190406,서울특별시,11,성동구,11200,세종특별자치시,36,0,0,3,0,0,0,0,0,0,0,0
20190406,서울특별시,11,성동구,11200,울산광역시,31,0,17,0,3,5,0,0,0,11,10,0
20190406,서울특별시,11,성동구,11200,대전광역시,30,0,54,0,5,10,0,0,0,7,23,0
20190406,서울특별시,11,성동구,11200,광주광역시,29,0,51,0,3,10,0,0,0,13,11,0
20190406,서울특별시,11,성동구,11200,인천광역시,28,4,82,6,8,23,0,0,4,27,32,4
20190406,서울특별시,11,성동구,11200,대구광역시,27,0,54,6,5,17,0,4,3,19,20,0
20190406,서울특별시,11,성동구,11200,부산광역시,26,0,92,3,0,23,3,3,5,24,24,0
20190406,서울특별시,11,성동구,11200,서울특별시,11,6,416,31,19,95,13,51,13,156,139,8
20190406,서울특별시,11,동대문구,11230,광주광역시,29,0,11,0,0,4,0,10,0,24,0,0
20190406,서울특별시,11,동대문구,11230,인천광역시,28,4,24,10,11,18,0,28,5,49,9,5
20190406,서울특별시,11,동대문구,11230,대구광역시,27,0,17,5,0,16,0,11,0,28,11,0
20190406,서울특별시,11,동대문구,11230,부산광역시,26,0,20,9,0,8,3,24,0,36,18,0
20190406,서울특별시,11,동대문구,11230,서울특별시,11,8,105,27,27,45,13,76,10,197,63,20
20190406,서울특별시,11,중랑구,11260,서울특별시,11,4,155,52,47,52,7,33,6,177,40,6
20190406,서울특별시,11,중랑구,11260,부산광역시,26,0,28,13,6,4,3,7,0,44,14,0
20190406,서울특별시,11,중랑구,11260,대구광역시,27,0,20,18,4,7,0,0,0,27,11,3
20190406,서울특별시,11,중랑구,11260,인천광역시,28,0,30,13,10,12,3,11,0,41,7,3
20190406,서울특별시,11,중랑구,11260,광주광역시,29,0,5,13,7,3,0,11,3,15,7,0
20190406,서울특별시,11,중랑구,11260,대전광역시,30,0,9,9,4,7,0,7,0,14,9,0
20190406,서울특별시,11,중랑구,11260,울산광역시,31,0,4,3,4,0,0,0,3,21,0,0
20190406,서울특별시,11,중랑구,11260,세종특별자치시,36,0,0,0,0,0,0,0,0,0,0,0
20190406,서울특별시,11,중랑구,11260,경기도,41,5,150,47,55,47,22,40,8,323,69,26
20190406,서울특별시,11,중랑구,11260,강원도,42,0,10,5,8,0,0,6,0,15,4,0
20190406,서울특별시,11,중랑구,11260,충청북도,43,0,8,12,0,5,0,5,0,37,6,0
20190406,서울특별시,11,중랑구,11260,충청남도,44,0,8,0,6,4,0,3,0,21,7,0
20190406,서울특별시,11,중랑구,11260,전라북도,45,0,6,4,0,4,0,10,0,36,0,4
20190406,서울특별시,11,중랑구,11260,전라남도,46,0,0,0,0,0,0,0,0,17,7,0
20190406,서울특별시,11,중랑구,11260,경상북도,47,0,12,6,5,7,0,11,0,27,13,0
20190406,서울특별시,11,중랑구,11260,경상남도,48,0,17,15,7,4,0,4,3,30,8,0
20190406,서울특별시,11,중랑구,11260,제주특별자치도,50,0,4,0,0,0,0,0,0,3,0,0
20190406,서울특별시,11,중구,11140,세종특별자치시,36,3,21,3,4,10,0,7,0,19,8,0
20190406,서울특별시,11,은평구,11380,세종특별자치시,36,0,0,0,0,0,0,0,0,3,0,0
20190406,서울특별시,11,은평구,11380,울산광역시,31,0,8,0,0,3,0,0,0,22,0,0
20190406,서울특별시,11,은평구,11380,대전광역시,30,0,9,3,3,15,0,3,0,20,7,0
20190406,서울특별시,11,은평구,11380,광주광역시,29,0,5,6,4,6,0,3,0,23,4,0
20190406,서울특별시,11,은평구,11380,인천광역시,28,0,21,13,11,6,0,5,10,67,5,3
20190406,서울특별시,11,은평구,11380,대구광역시,27,5,15,4,7,9,0,3,0,31,5,0
20190406,서울특별시,11,은평구,11380,부산광역시,26,0,27,4,5,6,0,3,0,66,15,0
20190406,서울특별시,11,은평구,11380,서울특별시,11,10,138,34,38,34,8,15,25,288,40,22
20190406,서울특별시,11,중구,11140,인천광역시,28,13,101,22,68,73,9,34,0,143,43,12
20190406,서울특별시,11,중구,11140,대구광역시,27,7,114,18,35,62,9,38,3,137,22,6
20190406,서울특별시,11,중구,11140,부산광역시,26,10,189,25,77,92,10,62,8,180,47,9
20190406,서울특별시,11,중구,11140,서울특별시,11,42,509,100,297,391,44,87,21,531,216,54
20190406,서울특별시,11,중구,11140,경기도,41,75,509,100,344,417,50,134,33,719,190,57
20190406,서울특별시,11,중구,11140,강원도,42,8,71,15,23,50,3,33,3,53,10,6
20190406,서울특별시,11,중구,11140,충청북도,43,9,89,13,19,39,7,30,4,69,13,5
20190406,서울특별시,11,중구,11140,충청남도,44,7,110,29,37,44,11,55,5,91,20,7
20190406,서울특별시,11,중구,11140,전라북도,45,5,91,17,23,48,8,69,0,73,17,0
20190406,서울특별시,11,중구,11140,전라남도,46,10,139,20,22,43,7,39,0,53,17,3
20190406,서울특별시,11,중구,11140,경상북도,47,0,122,22,30,44,4,35,0,79,19,5
20190406,서울특별시,11,중구,11140,경상남도,48,14,179,33,45,77,9,40,6,165,29,0
20190406,서울특별시,11,중구,11140,제주특별자치도,50,5,23,0,0,25,5,13,0,26,8,0
20190406,서울특별시,11,강북구,11305,인천광역시,28,0,11,5,7,11,0,0,0,19,3,0
20190406,서울특별시,11,서대문구,11410,서울특별시,11,3,150,19,51,11,12,8,9,131,36,21
20190406,서울특별시,11,서대문구,11410,부산광역시,26,0,21,3,6,54,3,5,0,40,9,0
20190406,서울특별시,11,서대문구,11410,대구광역시,27,0,5,0,6,33,0,0,0,13,0,3
20190406,서울특별시,11,서대문구,11410,인천광역시,28,3,21,8,7,8,0,0,0,26,9,3
20190406,서울특별시,11,서대문구,11410,광주광역시,29,0,7,4,4,37,0,0,0,5,0,0
20190406,서울특별시,11,서대문구,11410,대전광역시,30,0,8,4,3,17,0,3,0,5,3,0
20190406,서울특별시,11,서대문구,11410,울산광역시,31,0,3,3,4,9,0,0,0,11,0,0
20190406,서울특별시,11,서대문구,11410,세종특별자치시,36,0,0,0,0,4,0,0,0,3,0,0
20190406,서울특별시,11,서대문구,11410,경기도,41,7,117,40,62,70,8,12,9,298,56,18
20190406,서울특별시,11,서대문구,11410,강원도,42,0,7,0,4,21,0,3,0,8,0,0
20190406,서울특별시,11,서대문구,11410,충청북도,43,0,8,7,7,19,0,0,4,23,0,4
20190406,서울특별시,11,서대문구,11410,충청남도,44,0,7,3,6,21,0,4,3,9,0,0
20190406,서울특별시,11,서대문구,11410,전라북도,45,0,6,0,8,30,0,4,0,10,0,0
20190406,서울특별시,11,서대문구,11410,전라남도,46,0,10,0,3,18,0,0,0,4,0,0
20190406,서울특별시,11,서대문구,11410,경상북도,47,0,9,10,3,31,0,0,0,6,0,0
20190406,서울특별시,11,서대문구,11410,경상남도,48,0,15,0,12,39,0,3,0,8,0,0
20190406,서울특별시,11,서대문구,11410,제주특별자치도,50,0,5,0,0,8,0,0,0,0,0,0
20190406,서울특별시,11,종로구,11110,세종특별자치시,36,0,9,3,0,0,0,0,0,9,0,0
20190406,서울특별시,11,종로구,11110,울산광역시,31,0,24,0,0,9,0,0,0,25,0,0
20190406,서울특별시,11,종로구,11110,대전광역시,30,0,37,3,0,14,0,5,0,28,7,3
20190406,서울특별시,11,종로구,11110,광주광역시,29,0,40,0,3,8,0,0,0,44,5,3
20190406,서울특별시,11,종로구,11110,인천광역시,28,9,90,4,8,31,3,4,3,24,11,4
20190406,서울특별시,11,종로구,11110,대구광역시,27,6,70,8,6,15,0,3,4,63,7,0
20190406,서울특별시,11,강동구,11740,제주특별자치도,50,0,0,0,0,0,0,0,0,0,0,0
20190406,서울특별시,11,강동구,11740,경상남도,48,4,11,23,9,5,0,0,0,13,6,0
20190406,서울특별시,11,강동구,11740,경상북도,47,0,9,21,4,5,0,0,0,5,0,0
20190406,서울특별시,11,강동구,11740,전라남도,46,0,7,13,3,6,0,0,0,4,0,0
20190406,서울특별시,11,강동구,11740,전라북도,45,0,5,10,4,6,0,3,0,9,0,0
20190406,서울특별시,11,강동구,11740,충청남도,44,0,9,14,0,11,0,0,0,10,3,0
20190406,서울특별시,11,강동구,11740,충청북도,43,0,5,10,3,8,0,0,0,24,10,0
20190406,서울특별시,11,강동구,11740,강원도,42,0,9,17,4,26,0,3,0,9,0,0
20190406,서울특별시,11,강동구,11740,경기도,41,21,144,171,49,151,17,25,12,381,75,48
20190406,서울특별시,11,강동구,11740,세종특별자치시,36,0,0,9,0,3,0,0,7,0,0,0
20190406,서울특별시,11,강동구,11740,울산광역시,31,0,7,9,0,0,0,0,0,22,0,0
20190406,서울특별시,11,강동구,11740,대전광역시,30,0,14,20,0,7,0,0,0,5,3,0
20190406,서울특별시,11,강동구,11740,광주광역시,29,0,10,13,0,0,0,0,0,15,3,0
20190406,서울특별시,11,강동구,11740,인천광역시,28,3,15,26,8,31,0,3,5,31,4,4
20190406,서울특별시,11,강동구,11740,대구광역시,27,3,6,31,3,10,0,3,0,17,0,0
20190406,서울특별시,11,강동구,11740,부산광역시,26,0,29,35,5,5,3,5,5,23,15,0
20190406,서울특별시,11,서초구,11650,제주특별자치도,50,0,6,51,0,0,0,3,0,0,3,0
20190406,서울특별시,11,서초구,11650,경상남도,48,0,25,108,11,12,0,10,3,14,8,10
20190406,서울특별시,11,서초구,11650,경상북도,47,0,17,86,7,12,3,13,0,4,10,8
20190406,서울특별시,11,서초구,11650,전라남도,46,0,16,63,5,4,0,13,0,6,5,4
20190406,서울특별시,11,서초구,11650,전라북도,45,0,17,82,10,6,0,9,0,16,11,11
20190406,서울특별시,11,서초구,11650,충청남도,44,0,24,79,11,9,3,7,0,14,9,6
20190406,서울특별시,11,서초구,11650,충청북도,43,0,23,93,12,3,0,22,0,27,5,6
20190406,서울특별시,11,서초구,11650,강원도,42,0,26,67,10,5,0,6,0,4,4,0
20190406,서울특별시,11,서초구,11650,경기도,41,25,253,798,98,108,53,92,22,512,146,57
20190406,서울특별시,11,서초구,11650,세종특별자치시,36,0,7,23,0,0,0,3,0,0,4,0
20190406,서울특별시,11,서초구,11650,울산광역시,31,0,14,42,4,4,0,6,0,21,5,6
20190406,서울특별시,11,서초구,11650,대전광역시,30,0,18,53,13,7,0,9,0,11,9,5
20190406,서울특별시,11,서초구,11650,광주광역시,29,0,14,82,5,7,0,7,0,11,7,4
20190406,서울특별시,11,서초구,11650,인천광역시,28,4,51,134,19,17,4,19,0,32,18,7
20190406,서울특별시,11,강동구,11740,서울특별시,11,12,117,133,44,73,10,17,7,149,53,10
20190406,서울특별시,11,종로구,11110,부산광역시,26,5,90,0,3,36,0,7,6,104,7,6
20190406,서울특별시,11,종로구,11110,서울특별시,11,13,459,29,54,87,4,25,6,98,36,14
20190406,서울특별시,11,강북구,11305,대구광역시,27,0,9,3,3,4,0,0,0,16,0,0
20190406,서울특별시,11,강북구,11305,부산광역시,26,0,11,0,6,10,0,3,0,17,8,0
20190406,서울특별시,11,강북구,11305,서울특별시,11,5,56,9,21,45,5,7,7,138,29,10
20190406,서울특별시,11,송파구,11710,제주특별자치도,50,0,4,0,0,0,0,0,0,24,6,0
20190406,서울특별시,11,송파구,11710,경상남도,48,3,24,11,7,12,0,50,3,155,23,4
20190406,서울특별시,11,송파구,11710,경상북도,47,0,21,10,5,11,4,12,3,122,12,0
20190406,서울특별시,11,송파구,11710,전라남도,46,0,25,4,0,4,0,20,0,102,10,7
20190406,서울특별시,11,송파구,11710,전라북도,45,4,11,10,0,5,0,25,0,109,12,4
20190406,서울특별시,11,송파구,11710,충청남도,44,0,18,11,8,13,5,20,4,142,14,0
20190406,서울특별시,11,송파구,11710,충청북도,43,0,7,24,0,4,0,14,4,118,16,7
20190406,서울특별시,11,송파구,11710,강원도,42,0,14,8,5,4,0,22,0,69,13,3
20190406,서울특별시,11,송파구,11710,경기도,41,33,273,100,76,150,48,146,29,1239,228,79
20190406,서울특별시,11,송파구,11710,세종특별자치시,36,0,6,0,0,4,0,7,0,25,3,0
20190406,서울특별시,11,송파구,11710,울산광역시,31,0,4,6,3,6,0,7,0,80,0,0
20190406,서울특별시,11,송파구,11710,대전광역시,30,0,20,8,0,6,0,7,4,99,18,0
20190406,서울특별시,11,송파구,11710,광주광역시,29,0,14,8,5,9,0,9,0,113,12,3
20190406,서울특별시,11,송파구,11710,인천광역시,28,5,43,12,14,28,11,37,6,163,19,14
20190406,서울특별시,11,구로구,11530,서울특별시,11,5,137,38,46,91,13,65,5,175,54,259
20190406,서울특별시,11,서초구,11650,대구광역시,27,6,27,103,10,10,0,9,0,32,9,12
20190406,서울특별시,11,서초구,11650,부산광역시,26,0,45,149,13,10,0,19,3,42,17,8
20190406,서울특별시,11,서초구,11650,서울특별시,11,14,270,731,101,100,22,350,17,252,119,35
20190406,서울특별시,11,노원구,11350,제주특별자치도,50,0,3,0,0,0,0,0,0,0,6,0
20190406,서울특별시,11,노원구,11350,경상남도,48,0,12,11,11,0,0,0,5,37,16,0
20190406,서울특별시,11,노원구,11350,경상북도,47,0,12,0,4,0,0,3,0,24,10,0
20190406,서울특별시,11,노원구,11350,전라남도,46,0,6,3,0,0,0,3,4,25,6,0
20190406,서울특별시,11,노원구,11350,전라북도,45,0,7,0,0,4,0,0,5,33,7,0
20190406,서울특별시,11,노원구,11350,충청남도,44,0,17,3,5,3,0,4,3,34,10,0
20190406,서울특별시,11,성북구,11290,제주특별자치도,50,0,65,0,7,7,0,12,4,66,21,11
20190406,서울특별시,11,성북구,11290,경상남도,48,4,178,9,32,229,29,50,49,378,118,59
20190406,서울특별시,11,성북구,11290,경상북도,47,3,113,4,11,178,19,30,29,283,74,54
20190406,서울특별시,11,성북구,11290,전라남도,46,0,74,4,4,111,9,19,12,180,53,18
20190406,서울특별시,11,성북구,11290,전라북도,45,0,103,5,7,118,9,29,13,251,40,17
20190406,서울특별시,11,성북구,11290,충청남도,44,5,161,4,21,160,18,38,35,314,73,50
20190406,서울특별시,11,구로구,11530,부산광역시,26,0,30,7,10,37,4,7,0,16,31,87
20190406,서울특별시,11,구로구,11530,대구광역시,27,4,15,10,4,20,6,0,5,19,4,74
20190406,서울특별시,11,구로구,11530,인천광역시,28,0,30,6,12,23,6,4,15,21,3,83
20190406,서울특별시,11,구로구,11530,광주광역시,29,0,7,5,3,12,0,0,0,18,5,36
20190406,서울특별시,11,구로구,11530,대전광역시,30,0,15,0,0,13,4,3,24,16,9,28
20190406,서울특별시,11,구로구,11530,울산광역시,31,0,10,3,0,12,0,7,3,19,0,21
20190406,서울특별시,11,구로구,11530,세종특별자치시,36,0,0,0,0,3,0,0,0,4,0,9
20190406,서울특별시,11,구로구,11530,경기도,41,14,161,56,65,133,25,45,17,376,70,430
20190406,서울특별시,11,송파구,11710,대구광역시,27,4,22,17,6,26,4,7,0,142,17,0
20190406,서울특별시,11,송파구,11710,부산광역시,26,0,44,17,9,21,0,8,0,173,33,9
20190406,서울특별시,11,송파구,11710,서울특별시,11,19,251,105,64,80,17,97,23,797,129,36
20190406,서울특별시,11,종로구,11110,제주특별자치도,50,3,9,3,0,0,0,0,0,0,0,0
20190406,서울특별시,11,양천구,11470,제주특별자치도,50,0,0,0,0,0,0,0,0,0,5,0
20190406,서울특별시,11,양천구,11470,경상남도,48,3,12,4,3,0,0,3,0,15,6,0
20190406,서울특별시,11,강서구,11500,제주특별자치도,50,0,15,0,0,4,0,8,0,32,39,0
20190406,서울특별시,11,강서구,11500,경상남도,48,0,135,20,22,37,5,40,7,240,123,11
20190406,서울특별시,11,강서구,11500,경상북도,47,0,105,11,12,39,0,38,3,193,77,14
20190406,서울특별시,11,강서구,11500,전라남도,46,0,71,13,11,22,0,40,6,143,44,5
20190406,서울특별시,11,강서구,11500,전라북도,45,0,62,8,9,14,0,31,16,148,64,5
20190406,서울특별시,11,강서구,11500,충청남도,44,5,98,22,15,27,0,32,11,190,78,12
20190406,서울특별시,11,강서구,11500,충청북도,43,3,78,12,25,22,0,36,4,126,65,13
20190406,서울특별시,11,강서구,11500,강원도,42,0,63,7,10,34,0,17,0,98,56,3
20190406,서울특별시,11,강서구,11500,경기도,41,32,762,105,159,215,33,239,50,1313,664,75
20190406,서울특별시,11,강서구,11500,세종특별자치시,36,0,21,0,4,4,0,3,0,31,16,0
20190406,서울특별시,11,강남구,11680,제주특별자치도,50,0,0,0,3,4,0,3,0,5,0,0
20190406,서울특별시,11,강남구,11680,경상남도,48,5,41,16,6,18,0,14,3,31,7,5
20190406,서울특별시,11,강남구,11680,경상북도,47,0,25,12,4,16,6,14,0,26,5,5
20190406,서울특별시,11,강남구,11680,전라남도,46,0,12,8,4,7,0,5,0,11,0,0
20190406,서울특별시,11,강남구,11680,전라북도,45,0,20,14,4,12,4,8,0,24,4,3
20190406,서울특별시,11,강남구,11680,충청남도,44,0,24,14,0,10,3,10,4,33,6,0
20190406,서울특별시,11,강남구,11680,충청북도,43,0,18,13,6,6,0,12,0,51,7,10
20190406,서울특별시,11,강남구,11680,강원도,42,0,19,10,4,6,3,13,0,11,0,5
20190406,서울특별시,11,강서구,11500,울산광역시,31,0,47,5,11,10,0,12,0,111,32,6
20190406,서울특별시,11,강서구,11500,대전광역시,30,0,72,10,20,15,0,34,0,104,91,5
20190406,서울특별시,11,도봉구,11320,서울특별시,11,5,58,139,17,29,0,6,47,184,78,9
20190406,서울특별시,11,도봉구,11320,부산광역시,26,0,16,44,0,5,0,0,8,30,23,0
20190406,서울특별시,11,도봉구,11320,대구광역시,27,4,7,38,0,4,0,0,8,20,12,3
20190406,서울특별시,11,도봉구,11320,인천광역시,28,3,7,32,5,12,6,4,14,37,17,0
20190406,서울특별시,11,도봉구,11320,광주광역시,29,0,6,32,0,0,0,0,0,18,11,0
20190406,서울특별시,11,도봉구,11320,대전광역시,30,0,6,12,0,0,0,0,4,9,7,0
20190406,서울특별시,11,도봉구,11320,울산광역시,31,0,3,10,0,0,0,0,3,21,6,0
20190406,서울특별시,11,도봉구,11320,세종특별자치시,36,0,0,5,0,0,0,0,0,0,7,0
20190406,서울특별시,11,도봉구,11320,경기도,41,18,70,209,25,50,8,15,37,388,124,23
20190406,서울특별시,11,도봉구,11320,강원도,42,0,0,11,0,3,0,0,5,11,11,0
20190406,서울특별시,11,강서구,11500,광주광역시,29,0,71,11,11,13,0,19,4,114,78,5
20190406,서울특별시,11,강서구,11500,인천광역시,28,4,166,30,35,55,0,64,7,204,126,30
20190406,서울특별시,11,강서구,11500,대구광역시,27,0,97,19,23,32,0,35,8,137,118,7
20190406,서울특별시,11,도봉구,11320,충청북도,43,0,7,12,0,0,0,0,3,24,12,3
20190406,서울특별시,11,도봉구,11320,충청남도,44,0,14,16,3,4,0,0,4,27,17,0
20190406,서울특별시,11,강서구,11500,부산광역시,26,0,163,32,20,43,0,44,6,208,161,6
20190406,서울특별시,11,강서구,11500,서울특별시,11,12,529,119,133,170,18,248,32,652,637,38
20190406,서울특별시,11,양천구,11470,경상북도,47,0,7,0,3,4,0,0,0,11,0,0
20190406,서울특별시,11,양천구,11470,전라남도,46,0,5,0,0,0,0,0,0,5,0,0
20190406,서울특별시,11,양천구,11470,전라북도,45,0,15,0,0,0,0,4,0,20,0,0
20190406,서울특별시,11,강남구,11680,경기도,41,20,337,149,83,164,41,81,28,771,145,105
20190406,서울특별시,11,강남구,11680,세종특별자치시,36,0,10,4,0,0,0,3,0,0,0,0
20190406,서울특별시,11,강남구,11680,울산광역시,31,0,14,7,0,6,5,3,0,38,4,3
20190406,서울특별시,11,강남구,11680,대전광역시,30,3,18,16,3,9,0,8,0,21,9,24
20190406,서울특별시,11,강남구,11680,광주광역시,29,0,22,12,0,10,3,9,0,25,7,0
20190406,서울특별시,11,도봉구,11320,전라북도,45,0,7,15,5,0,0,0,3,18,8,0
20190406,서울특별시,11,도봉구,11320,전라남도,46,0,3,12,0,6,0,0,0,13,10,0
20190406,서울특별시,11,도봉구,11320,경상북도,47,0,7,23,0,3,0,0,6,15,10,0
20190406,서울특별시,11,도봉구,11320,경상남도,48,0,8,37,3,9,0,0,9,16,22,0
20190406,서울특별시,11,도봉구,11320,제주특별자치도,50,0,0,6,0,0,0,0,0,0,0,0
20190406,서울특별시,11,성북구,11290,충청북도,43,0,109,16,10,119,12,30,27,204,59,30
20190406,서울특별시,11,성북구,11290,강원도,42,0,123,0,23,139,12,32,13,179,58,24
20190406,서울특별시,11,성북구,11290,경기도,41,44,1160,65,133,1201,121,245,223,2136,574,402
20190406,서울특별시,11,성북구,11290,세종특별자치시,36,0,33,0,0,16,0,9,9,47,12,13
20190406,서울특별시,11,성북구,11290,울산광역시,31,0,61,4,9,85,10,17,15,164,41,25
20190406,서울특별시,11,성북구,11290,대전광역시,30,3,112,6,34,117,13,13,21,191,61,37
20190406,서울특별시,11,성북구,11290,광주광역시,29,0,91,10,30,93,8,27,16,198,55,29
20190406,서울특별시,11,성북구,11290,인천광역시,28,3,223,10,23,268,19,49,55,433,120,68
20190406,서울특별시,11,성북구,11290,대구광역시,27,8,162,8,10,142,20,35,31,292,83,54
20190406,서울특별시,11,성북구,11290,부산광역시,26,4,198,10,23,329,21,43,44,432,142,74
20190406,서울특별시,11,성북구,11290,서울특별시,11,28,860,60,112,889,80,225,149,1529,491,363
20190406,서울특별시,11,노원구,11350,충청북도,43,0,11,10,3,0,0,3,0,37,9,3
20190406,서울특별시,11,노원구,11350,강원도,42,0,9,0,0,0,0,0,0,16,7,0
20190406,서울특별시,11,노원구,11350,경기도,41,16,131,43,54,50,36,53,43,598,126,50
20190406,서울특별시,11,노원구,11350,세종특별자치시,36,0,0,0,0,0,0,0,0,4,0,0
20190406,서울특별시,11,금천구,11545,제주특별자치도,50,0,12,0,3,63,0,0,0,18,9,8
20190406,서울특별시,11,금천구,11545,경상남도,48,0,64,0,35,194,4,8,6,66,58,29
20190406,서울특별시,11,양천구,11470,충청남도,44,0,11,0,0,0,0,0,0,10,0,3
20190406,서울특별시,11,양천구,11470,충청북도,43,0,9,19,4,3,0,4,0,32,4,4
20190406,서울특별시,11,양천구,11470,강원도,42,0,5,5,0,0,0,0,0,5,0,0
20190406,서울특별시,11,양천구,11470,경기도,41,12,123,37,34,59,17,32,12,431,100,42
20190406,서울특별시,11,강북구,11305,경기도,41,6,66,27,25,52,5,9,7,250,36,27
20190406,서울특별시,11,강북구,11305,세종특별자치시,36,0,0,0,0,0,0,0,0,0,0,0
20190406,서울특별시,11,강북구,11305,울산광역시,31,0,0,0,0,0,0,0,0,17,0,0
20190406,서울특별시,11,강북구,11305,대전광역시,30,0,7,0,0,3,0,0,0,7,3,0
20190406,서울특별시,11,강북구,11305,광주광역시,29,0,5,0,0,0,0,0,0,10,0,0
20190406,서울특별시,11,금천구,11545,경상북도,47,0,57,0,17,204,3,8,8,50,42,11
20190406,서울특별시,11,금천구,11545,전라남도,46,0,28,0,11,90,0,4,0,29,21,12
20190406,서울특별시,11,금천구,11545,전라북도,45,0,43,3,11,115,0,6,3,33,50,9
20190406,서울특별시,11,금천구,11545,충청남도,44,0,50,0,9,136,0,4,6,49,25,1055
20190406,서울특별시,11,금천구,11545,충청북도,43,0,28,6,8,116,0,7,5,38,28,16
20190406,서울특별시,11,금천구,11545,강원도,42,0,26,3,9,121,0,0,3,24,25,8
20190406,서울특별시,11,금천구,11545,경기도,41,46,378,31,98,1082,21,78,30,396,295,640
20190406,서울특별시,11,금천구,11545,세종특별자치시,36,0,7,0,4,28,0,0,0,8,6,7
20190406,서울특별시,11,금천구,11545,울산광역시,31,0,22,0,9,142,0,0,5,35,14,10
20190406,서울특별시,11,금천구,11545,대전광역시,30,0,28,0,16,128,0,3,4,46,40,13
20190406,서울특별시,11,금천구,11545,광주광역시,29,0,25,3,10,105,0,7,5,35,25,12
20190406,서울특별시,11,금천구,11545,인천광역시,28,0,59,11,30,268,0,5,6,82,62,24
20190406,서울특별시,11,금천구,11545,대구광역시,27,0,49,4,17,219,4,6,5,54,44,15
20190406,서울특별시,11,금천구,11545,부산광역시,26,0,56,6,24,281,0,3,12,71,70,29
20190406,서울특별시,11,용산구,11170,제주특별자치도,50,0,0,0,8,3,0,0,0,0,43,3
20190406,서울특별시,11,용산구,11170,경상남도,48,3,41,0,31,7,0,0,6,12,259,15
20190406,서울특별시,11,용산구,11170,경상북도,47,0,6,0,22,4,0,0,4,10,153,25
20190406,서울특별시,11,용산구,11170,전라남도,46,0,9,0,15,4,0,0,0,6,107,12
20190406,서울특별시,11,용산구,11170,전라북도,45,0,10,0,12,0,0,0,0,12,92,18
20190406,서울특별시,11,용산구,11170,충청남도,44,0,8,0,23,6,0,6,0,12,132,11
20190406,서울특별시,11,용산구,11170,충청북도,43,0,13,10,11,5,0,0,0,13,113,10
20190406,서울특별시,11,용산구,11170,강원도,42,0,10,0,12,4,0,3,0,6,96,10
20190406,서울특별시,11,용산구,11170,경기도,41,11,161,21,224,108,24,30,30,252,1211,125
20190406,서울특별시,11,용산구,11170,세종특별자치시,36,0,3,0,0,4,0,0,0,0,25,4
20190406,서울특별시,11,용산구,11170,울산광역시,31,0,8,3,11,7,0,0,3,9,82,6
20190406,서울특별시,11,용산구,11170,대전광역시,30,0,13,5,17,6,0,3,5,11,117,11
20190406,서울특별시,11,용산구,11170,광주광역시,29,5,11,0,11,0,0,0,3,9,117,12
20190406,서울특별시,11,용산구,11170,인천광역시,28,3,29,3,34,13,9,4,4,22,226,19
20190406,서울특별시,11,용산구,11170,대구광역시,27,0,25,0,15,14,0,0,5,15,151,13
20190406,서울특별시,11,용산구,11170,부산광역시,26,0,23,4,35,8,0,5,10,16,280,25
20190406,서울특별시,11,용산구,11170,서울특별시,11,10,172,18,232,147,26,14,28,149,870,56
20190406,서울특별시,11,강남구,11680,인천광역시,28,6,48,23,20,28,8,17,4,50,10,10
20190406,서울특별시,11,강남구,11680,대구광역시,27,7,40,26,7,18,0,7,0,51,7,13
20190406,서울특별시,11,강남구,11680,부산광역시,26,0,121,25,7,20,5,8,0,60,27,19
20190406,서울특별시,11,강남구,11680,서울특별시,11,13,372,159,96,130,26,132,20,467,128,56
20190406,서울특별시,11,금천구,11545,서울특별시,11,53,334,32,107,892,18,69,42,291,222,84
20190406,서울특별시,11,동작구,11590,서울특별시,11,3,104,51,40,16,18,17,21,222,63,10
20190406,서울특별시,11,동작구,11590,부산광역시,26,0,27,9,10,6,0,6,0,27,5,0
20190406,서울특별시,11,구로구,11530,제주특별자치도,50,0,13,0,0,4,0,0,53,4,4,15
20190406,서울특별시,11,구로구,11530,경상남도,48,0,21,14,13,18,4,8,8,16,16,56
20190406,서울특별시,11,강북구,11305,제주특별자치도,50,0,0,0,0,0,0,0,0,0,0,0
20190406,서울특별시,11,강북구,11305,경상남도,48,0,11,3,3,5,0,0,0,12,0,0
20190406,서울특별시,11,강북구,11305,경상북도,47,0,8,0,0,8,0,0,0,9,0,0
20190406,서울특별시,11,강북구,11305,전라남도,46,0,0,0,0,6,0,0,0,0,0,0
20190406,서울특별시,11,강북구,11305,전라북도,45,0,0,0,0,5,0,0,0,8,3,0
20190406,서울특별시,11,강북구,11305,충청남도,44,0,5,6,0,7,0,0,0,11,0,0
20190406,서울특별시,11,강북구,11305,충청북도,43,0,4,4,0,4,0,3,0,14,0,7
20190406,서울특별시,11,강북구,11305,강원도,42,0,9,3,4,3,0,0,0,5,0,0
20190406,서울특별시,11,구로구,11530,경상북도,47,0,17,5,4,17,4,3,0,14,3,71
20190406,서울특별시,11,구로구,11530,전라남도,46,0,14,6,3,10,4,0,0,8,3,27
20190406,서울특별시,11,구로구,11530,전라북도,45,0,11,13,4,11,0,5,0,17,4,40
20190406,서울특별시,11,구로구,11530,충청남도,44,0,24,5,4,13,9,0,9,26,8,54
20190406,서울특별시,11,구로구,11530,충청북도,43,0,7,7,7,15,5,7,0,25,4,49
20190406,서울특별시,11,영등포구,11560,제주특별자치도,50,0,3,0,0,0,0,0,0,0,0,0
20190406,서울특별시,11,영등포구,11560,경상남도,48,3,65,3,12,9,0,19,0,13,3,0
20190406,서울특별시,11,영등포구,11560,경상북도,47,0,38,4,5,11,0,12,0,6,0,0
20190406,서울특별시,11,영등포구,11560,전라남도,46,0,36,0,0,6,0,11,0,4,0,3
20190407,서울특별시,11,은평구,11380,전라북도,45,0,0,0,0,0,0,0,0,0,0,0
20190407,서울특별시,11,강북구,11305,제주특별자치도,50,0,0,0,0,0,0,0,0,0,0,0
20190407,서울특별시,11,강북구,11305,경상남도,48,0,0,0,4,0,0,0,0,6,0,0
20190407,서울특별시,11,강북구,11305,경상북도,47,0,0,0,0,0,0,0,0,0,0,0
20190407,서울특별시,11,강북구,11305,전라남도,46,0,0,0,0,0,0,0,0,3,0,0
20190407,서울특별시,11,강북구,11305,전라북도,45,0,0,0,0,0,0,0,0,0,0,0
20190407,서울특별시,11,강북구,11305,충청남도,44,0,0,0,0,0,0,0,0,0,0,0
20190407,서울특별시,11,강북구,11305,강원도,42,0,0,0,0,0,0,0,0,0,0,0
20190407,서울특별시,11,강북구,11305,경기도,41,0,0,0,0,0,0,0,0,0,0,0
20190407,서울특별시,11,강북구,11305,울산광역시,31,0,0,0,0,0,0,0,0,4,0,0
20190407,서울특별시,11,강북구,11305,광주광역시,29,0,0,0,0,0,0,0,0,0,0,0
20190407,서울특별시,11,강북구,11305,대구광역시,27,0,0,0,0,0,0,0,0,0,0,0
20190407,서울특별시,11,강북구,11305,부산광역시,26,0,0,0,0,0,0,0,0,4,0,0
20190407,서울특별시,11,강북구,11305,서울특별시,11,0,0,0,0,0,0,0,0,0,0,0
20190407,서울특별시,11,영등포구,11560,서울특별시,11,0,0,0,0,0,0,0,0,0,0,0
20190407,서울특별시,11,영등포구,11560,대구광역시,27,0,0,0,0,0,0,0,0,0,0,0
20190407,서울특별시,11,영등포구,11560,경기도,41,0,0,0,0,0,0,0,0,0,0,0
20190407,서울특별시,11,영등포구,11560,경상남도,48,0,0,0,0,0,0,0,0,0,0,0
20190407,서울특별시,11,중구,11140,제주특별자치도,50,0,0,0,0,0,0,0,0,0,0,0
20190407,서울특별시,11,중구,11140,경상남도,48,0,8,0,3,0,0,8,0,8,4,0
20190407,서울특별시,11,중구,11140,경상북도,47,0,5,0,0,0,0,6,0,9,0,0
20190407,서울특별시,11,중구,11140,전라남도,46,0,5,0,0,0,0,4,0,0,0,0
20190407,서울특별시,11,중구,11140,전라북도,45,0,0,0,0,0,0,3,0,5,0,0
20190407,서울특별시,11,중구,11140,충청남도,44,0,7,0,0,0,0,5,0,7,0,0
20190407,서울특별시,11,중구,11140,충청북도,43,0,3,0,0,0,0,7,0,0,0,0
20190407,서울특별시,11,중구,11140,강원도,42,0,4,0,0,0,0,4,0,4,0,0
20190407,서울특별시,11,강동구,11740,제주특별자치도,50,0,0,0,0,0,0,3,0,0,0,0
20190407,서울특별시,11,강동구,11740,경상남도,48,0,0,0,0,0,0,20,0,0,0,0
20190407,서울특별시,11,광진구,11215,서울특별시,11,0,0,0,0,0,0,0,0,0,0,0
20190407,서울특별시,11,광진구,11215,경기도,41,0,3,0,0,0,0,0,0,0,0,0
20190407,서울특별시,11,용산구,11170,서울특별시,11,0,0,0,0,0,0,0,0,0,0,0
20190407,서울특별시,11,용산구,11170,부산광역시,26,0,0,0,0,0,0,0,0,0,0,0
20190407,서울특별시,11,용산구,11170,인천광역시,28,0,0,0,0,0,0,0,0,0,0,0
20190407,서울특별시,11,용산구,11170,경기도,41,0,0,0,0,0,0,0,0,0,0,0
20190407,서울특별시,11,용산구,11170,강원도,42,0,0,0,0,0,0,0,0,0,0,0
20190407,서울특별시,11,용산구,11170,전라북도,45,0,0,0,0,0,0,0,0,0,0,0
20190407,서울특별시,11,강동구,11740,경상북도,47,0,0,0,0,0,0,21,0,0,0,0
20190407,서울특별시,11,강동구,11740,전라남도,46,0,0,0,0,0,0,13,0,0,0,0
20190407,서울특별시,11,강동구,11740,전라북도,45,0,0,0,0,0,0,14,0,0,0,0
20190407,서울특별시,11,강동구,11740,충청남도,44,0,0,0,0,0,0,16,0,0,0,0
20190407,서울특별시,11,강동구,11740,충청북도,43,0,0,0,0,0,0,18,0,0,0,0
20190407,서울특별시,11,강동구,11740,강원도,42,0,0,0,0,0,0,9,0,0,0,0
20190407,서울특별시,11,강동구,11740,경기도,41,0,0,0,0,0,0,123,0,0,0,0
20190407,서울특별시,11,강동구,11740,세종특별자치시,36,0,0,0,0,0,0,0,0,0,0,0
20190407,서울특별시,11,강동구,11740,울산광역시,31,0,0,0,0,0,0,4,0,0,0,0
20190407,서울특별시,11,강동구,11740,대전광역시,30,0,0,0,0,0,0,12,0,0,0,0
20190407,서울특별시,11,강동구,11740,광주광역시,29,0,0,0,0,0,0,9,0,0,0,0
20190407,서울특별시,11,강동구,11740,인천광역시,28,0,0,0,0,0,0,17,0,0,0,0
20190407,서울특별시,11,강동구,11740,대구광역시,27,0,0,0,0,0,0,17,0,0,0,0
20190407,서울특별시,11,강동구,11740,부산광역시,26,0,0,0,0,0,0,28,0,0,0,0
20190407,서울특별시,11,강동구,11740,서울특별시,11,0,0,0,0,0,0,140,0,0,0,0
20190407,서울특별시,11,중구,11140,경기도,41,0,37,0,6,0,0,69,0,25,3,0
20190407,서울특별시,11,중구,11140,세종특별자치시,36,0,0,0,0,0,0,0,0,0,0,0
20190407,서울특별시,11,중구,11140,울산광역시,31,0,3,0,0,0,0,3,0,0,0,0
20190407,서울특별시,11,중구,11140,대전광역시,30,0,3,0,3,0,0,12,0,0,0,0
20190407,서울특별시,11,중구,11140,광주광역시,29,0,3,0,0,0,0,6,0,9,0,0
20190407,서울특별시,11,중구,11140,인천광역시,28,0,6,0,0,3,0,16,0,5,0,0
20190407,서울특별시,11,중구,11140,대구광역시,27,0,5,0,0,0,0,8,0,12,0,0
20190407,서울특별시,11,중구,11140,부산광역시,26,0,4,0,3,0,0,8,0,11,0,0
20190407,서울특별시,11,중구,11140,서울특별시,11,0,89,0,4,7,0,54,0,18,4,0
20190407,서울특별시,11,성동구,11200,제주특별자치도,50,0,0,0,0,0,0,0,0,0,0,0
20190407,서울특별시,11,성동구,11200,경상남도,48,0,0,0,0,0,0,0,0,0,0,0
20190407,서울특별시,11,성동구,11200,경기도,41,0,0,0,0,0,0,0,0,0,0,0
20190407,서울특별시,11,노원구,11350,경상남도,48,0,0,0,0,0,0,0,0,0,0,0
20190407,서울특별시,11,노원구,11350,경상북도,47,0,0,0,0,0,0,0,0,0,0,0
20190407,서울특별시,11,노원구,11350,광주광역시,29,0,0,0,0,0,0,0,0,0,0,0
20190407,서울특별시,11,노원구,11350,부산광역시,26,0,0,0,0,0,0,0,0,0,0,0
20190407,서울특별시,11,노원구,11350,서울특별시,11,0,0,0,0,0,0,0,0,0,0,0
20190407,서울특별시,11,마포구,11440,제주특별자치도,50,0,0,0,0,0,0,0,0,0,0,0
20190407,서울특별시,11,마포구,11440,경상남도,48,3,0,0,0,4,0,0,0,0,0,0
20190407,서울특별시,11,마포구,11440,경상북도,47,0,0,3,0,0,0,0,0,0,0,0
20190407,서울특별시,11,마포구,11440,전라남도,46,0,0,0,0,0,0,0,0,0,0,0
20190407,서울특별시,11,마포구,11440,전라북도,45,0,0,0,0,4,0,0,0,0,0,0
20190407,서울특별시,11,마포구,11440,충청남도,44,0,0,0,0,0,0,0,0,0,0,0
20190407,서울특별시,11,마포구,11440,충청북도,43,0,0,5,0,0,0,0,0,0,0,0
20190407,서울특별시,11,마포구,11440,강원도,42,0,0,0,0,0,0,0,0,0,0,0
20190407,서울특별시,11,마포구,11440,경기도,41,7,0,9,0,12,0,8,0,0,0,0
20190407,서울특별시,11,마포구,11440,울산광역시,31,0,0,5,0,0,0,0,0,0,0,0
20190407,서울특별시,11,마포구,11440,대전광역시,30,0,0,4,0,0,0,0,0,0,0,0
20190407,서울특별시,11,마포구,11440,광주광역시,29,0,0,5,0,0,0,0,0,0,0,0
20190407,서울특별시,11,마포구,11440,인천광역시,28,0,0,0,0,4,0,0,0,0,0,0
20190407,서울특별시,11,마포구,11440,대구광역시,27,0,0,3,0,0,0,0,0,0,0,0
20190407,서울특별시,11,마포구,11440,부산광역시,26,0,0,0,0,4,0,0,0,0,0,0
20190407,서울특별시,11,마포구,11440,서울특별시,11,3,5,9,0,10,0,10,0,0,0,0
20190407,서울특별시,11,도봉구,11320,충청남도,44,0,0,0,0,0,0,0,0,0,0,0
20190407,서울특별시,11,도봉구,11320,경기도,41,0,0,0,0,0,0,0,0,0,0,0
20190407,서울특별시,11,도봉구,11320,인천광역시,28,0,0,0,0,0,0,0,0,0,0,0
20190407,서울특별시,11,도봉구,11320,대구광역시,27,0,0,0,0,0,0,0,0,0,0,0
20190407,서울특별시,11,도봉구,11320,서울특별시,11,0,0,0,0,0,0,0,0,0,0,0
20190407,서울특별시,11,성북구,11290,서울특별시,11,0,100,29,24,79,62,65,30,161,208,91
20190407,서울특별시,11,성북구,11290,부산광역시,26,0,23,11,26,19,20,5,7,64,59,25
20190407,서울특별시,11,성북구,11290,대구광역시,27,0,16,10,29,17,10,4,6,45,41,10
20190407,서울특별시,11,성북구,11290,인천광역시,28,0,36,14,0,15,17,26,7,41,47,14
20190407,서울특별시,11,성북구,11290,광주광역시,29,0,15,3,17,12,6,0,3,23,9,7
20190407,서울특별시,11,성북구,11290,대전광역시,30,0,13,4,8,11,7,0,5,35,22,8
20190407,서울특별시,11,성북구,11290,울산광역시,31,0,10,4,0,5,9,3,0,20,12,3
20190407,서울특별시,11,성북구,11290,세종특별자치시,36,0,0,3,0,0,3,0,0,5,4,0
20190407,서울특별시,11,성북구,11290,경기도,41,6,131,56,35,92,71,103,34,218,220,99
20190407,서울특별시,11,성북구,11290,강원도,42,0,24,0,0,4,13,0,0,11,19,0
20190407,서울특별시,11,성북구,11290,충청북도,43,0,43,0,0,18,6,3,6,14,14,11
20190407,서울특별시,11,성북구,11290,충청남도,44,0,35,3,0,11,16,6,0,28,30,11
20190407,서울특별시,11,성북구,11290,전라북도,45,0,41,0,0,8,6,0,4,13,22,6
20190407,서울특별시,11,성북구,11290,전라남도,46,0,44,3,0,4,14,3,3,15,23,5
20190407,서울특별시,11,성북구,11290,경상북도,47,0,32,5,5,7,11,0,4,26,28,10
20190407,서울특별시,11,성북구,11290,경상남도,48,0,42,8,0,11,16,3,5,36,47,12
20190407,서울특별시,11,성북구,11290,제주특별자치도,50,0,59,0,0,3,7,0,0,7,7,3
20190407,서울특별시,11,성동구,11200,울산광역시,31,0,0,0,0,0,0,0,0,3,0,0
20190407,서울특별시,11,동작구,11590,서울특별시,11,0,0,0,0,0,0,3,0,0,0,0
20190407,서울특별시,11,동작구,11590,부산광역시,26,0,0,0,0,0,0,0,0,0,0,3
20190407,서울특별시,11,동작구,11590,대구광역시,27,0,0,0,0,0,0,0,0,0,0,0
20190407,서울특별시,11,동작구,11590,대전광역시,30,0,0,0,0,0,0,0,0,0,0,0
20190407,서울특별시,11,동작구,11590,울산광역시,31,0,0,0,0,0,0,0,0,0,0,0
20190407,서울특별시,11,동작구,11590,강원도,42,0,0,0,0,0,0,0,0,0,0,0
20190407,서울특별시,11,동작구,11590,충청남도,44,0,0,0,0,0,0,0,0,0,0,0
20190407,서울특별시,11,동작구,11590,전라북도,45,0,0,0,0,0,0,0,0,0,0,0
20190407,서울특별시,11,동작구,11590,경상북도,47,0,0,0,0,0,0,0,0,0,0,0
20190407,서울특별시,11,동작구,11590,경상남도,48,0,0,0,0,0,0,0,0,0,0,4
20190407,서울특별시,11,동작구,11590,제주특별자치도,50,0,0,0,0,0,0,0,0,0,0,0
20190407,서울특별시,11,동대문구,11230,전라북도,45,0,0,0,0,0,0,0,0,0,0,0
20190407,서울특별시,11,동대문구,11230,인천광역시,28,0,0,0,0,0,0,0,0,0,0,0
20190407,서울특별시,11,서초구,11650,제주특별자치도,50,0,28,0,0,0,0,0,0,0,0,0
20190407,서울특별시,11,서초구,11650,경상남도,48,0,167,0,0,0,0,10,0,5,14,0
20190407,서울특별시,11,서초구,11650,경상북도,47,0,99,0,0,0,0,7,0,6,5,0
20190407,서울특별시,11,서초구,11650,전라남도,46,0,72,0,0,0,0,3,0,3,6,0
20190407,서울특별시,11,서초구,11650,전라북도,45,0,95,0,0,0,0,0,0,0,0,0
20190407,서울특별시,11,서초구,11650,충청남도,44,0,84,0,0,0,0,6,0,5,7,0
20190407,서울특별시,11,서초구,11650,충청북도,43,0,65,0,0,0,0,3,0,0,6,0
20190407,서울특별시,11,서초구,11650,강원도,42,0,61,0,0,0,0,4,0,0,4,0
20190407,서울특별시,11,서초구,11650,경기도,41,0,911,0,3,8,0,48,0,40,35,0
20190407,서울특별시,11,서초구,11650,세종특별자치시,36,0,15,0,0,0,0,0,0,0,3,0
20190407,서울특별시,11,서초구,11650,울산광역시,31,0,51,0,0,0,0,0,0,3,7,0
20190407,서울특별시,11,서초구,11650,대전광역시,30,0,97,0,0,0,0,3,0,6,0,0
20190407,서울특별시,11,금천구,11545,서울특별시,11,61,36,0,20,61,0,18,14,8,6,0
20190407,서울특별시,11,금천구,11545,대전광역시,30,0,0,0,0,0,0,0,0,0,0,0
20190407,서울특별시,11,금천구,11545,울산광역시,31,0,0,0,0,0,0,0,0,0,0,0
20190407,서울특별시,11,금천구,11545,경기도,41,22,18,0,4,22,0,12,0,5,0,0
20190407,서울특별시,11,금천구,11545,경상남도,48,0,0,0,0,0,0,0,0,0,0,0
20190407,서울특별시,11,서초구,11650,광주광역시,29,0,117,0,0,0,0,3,0,5,6,0
20190407,서울특별시,11,서초구,11650,인천광역시,28,0,124,0,0,0,0,13,0,8,9,0
20190407,서울특별시,11,서초구,11650,대구광역시,27,0,148,0,0,0,0,28,0,8,8,0
20190407,서울특별시,11,서초구,11650,부산광역시,26,0,203,0,0,0,0,9,0,7,6,0
20190407,서울특별시,11,서초구,11650,서울특별시,11,3,823,0,0,20,0,249,3,26,23,0
20190407,서울특별시,11,관악구,11620,부산광역시,26,0,0,0,0,0,0,0,0,0,0,0
20190407,서울특별시,11,관악구,11620,대구광역시,27,0,0,0,0,0,0,0,0,0,0,0
20190407,서울특별시,11,관악구,11620,인천광역시,28,0,0,0,0,0,0,0,0,0,0,0
20190407,서울특별시,11,관악구,11620,광주광역시,29,0,0,0,0,0,0,0,0,0,0,0
20190407,서울특별시,11,관악구,11620,대전광역시,30,0,0,0,0,0,0,0,0,0,0,0
20190407,서울특별시,11,관악구,11620,울산광역시,31,0,0,0,0,0,0,0,0,0,0,0
20190407,서울특별시,11,관악구,11620,세종특별자치시,36,0,0,0,0,0,0,0,0,0,0,0
20190407,서울특별시,11,관악구,11620,경기도,41,0,4,0,9,3,0,3,0,0,0,0
20190407,서울특별시,11,관악구,11620,강원도,42,0,3,0,0,0,0,0,0,0,0,0
20190407,서울특별시,11,관악구,11620,충청북도,43,0,0,0,0,0,0,0,0,0,0,0
20190407,서울특별시,11,관악구,11620,충청남도,44,0,0,0,0,0,0,0,3,0,0,0
20190407,서울특별시,11,관악구,11620,전라북도,45,0,0,0,0,0,0,0,0,0,0,0
20190407,서울특별시,11,관악구,11620,전라남도,46,0,0,0,0,0,0,0,0,0,0,0
20190407,서울특별시,11,관악구,11620,경상북도,47,0,0,0,0,0,0,0,0,0,0,0
20190407,서울특별시,11,관악구,11620,제주특별자치도,50,0,0,0,0,0,0,0,0,0,0,0
20190407,서울특별시,11,중랑구,11260,서울특별시,11,0,0,3,0,0,0,3,0,12,6,0
20190407,서울특별시,11,중랑구,11260,부산광역시,26,0,0,0,0,3,0,0,3,0,0,0
20190407,서울특별시,11,중랑구,11260,대구광역시,27,0,0,0,0,0,0,0,0,0,0,0
20190407,서울특별시,11,중랑구,11260,인천광역시,28,0,0,0,0,0,0,0,0,0,0,0
20190407,서울특별시,11,중랑구,11260,광주광역시,29,0,0,0,0,0,0,0,3,0,0,0
20190407,서울특별시,11,중랑구,11260,울산광역시,31,0,0,0,0,0,0,0,0,0,0,0
20190407,서울특별시,11,중랑구,11260,경기도,41,0,0,3,0,0,0,5,3,7,5,0
20190407,서울특별시,11,중랑구,11260,강원도,42,0,0,0,0,0,0,0,0,0,0,0
20190407,서울특별시,11,중랑구,11260,충청북도,43,0,0,0,0,0,0,0,0,0,0,0
20190407,서울특별시,11,중랑구,11260,충청남도,44,0,0,0,0,0,0,0,3,0,0,0
20190407,서울특별시,11,중랑구,11260,전라북도,45,0,0,0,4,0,0,0,0,0,0,0
20190407,서울특별시,11,중랑구,11260,전라남도,46,0,0,0,0,0,0,0,0,0,0,0
20190407,서울특별시,11,중랑구,11260,경상북도,47,0,0,0,0,0,0,0,0,0,0,0
20190407,서울특별시,11,중랑구,11260,경상남도,48,0,0,0,5,0,0,0,0,0,0,0
20190407,서울특별시,11,중랑구,11260,제주특별자치도,50,0,0,0,0,0,0,0,0,0,0,0
20190407,서울특별시,11,강서구,11500,제주특별자치도,50,0,0,0,0,0,0,4,0,0,0,0
20190407,서울특별시,11,강서구,11500,경상남도,48,4,3,0,32,36,0,75,3,390,60,176
20190407,서울특별시,11,강서구,11500,경상북도,47,0,3,0,35,75,4,111,8,656,105,336
20190407,서울특별시,11,강서구,11500,전라남도,46,4,0,0,24,34,0,58,3,347,68,156
20190407,서울특별시,11,강서구,11500,전라북도,45,0,0,0,14,31,0,39,0,230,36,118
20190407,서울특별시,11,강서구,11500,충청남도,44,0,3,0,35,45,3,115,12,579,84,287
20190407,서울특별시,11,강서구,11500,충청북도,43,0,0,0,29,42,4,74,7,367,53,203
20190407,서울특별시,11,강서구,11500,강원도,42,10,0,3,69,104,4,152,7,952,140,474
20190407,서울특별시,11,강서구,11500,경기도,41,3,8,3,25,56,0,152,5,447,84,235
20190407,서울특별시,11,강서구,11500,세종특별자치시,36,0,0,0,0,3,0,11,0,52,3,20
20190407,서울특별시,11,강서구,11500,울산광역시,31,0,0,0,0,0,0,18,0,0,0,0
20190407,서울특별시,11,강서구,11500,대전광역시,30,0,0,0,0,0,0,9,0,0,0,0
20190407,서울특별시,11,강서구,11500,광주광역시,29,0,0,0,0,0,0,7,0,0,0,0
20190407,서울특별시,11,강서구,11500,인천광역시,28,0,0,0,0,0,0,15,0,0,3,3
20190407,서울특별시,11,강서구,11500,대구광역시,27,0,0,0,0,0,0,14,0,4,3,0
20190407,서울특별시,11,강서구,11500,부산광역시,26,0,0,0,0,3,0,34,0,3,0,0
20190407,서울특별시,11,강서구,11500,서울특별시,11,0,5,0,0,0,0,98,0,5,9,5
20190407,서울특별시,11,양천구,11470,서울특별시,11,0,0,0,0,0,0,0,0,0,0,0
20190407,서울특별시,11,강남구,11680,서울특별시,11,0,21,0,0,0,0,5,0,11,0,0
20190407,서울특별시,11,강남구,11680,부산광역시,26,0,0,0,0,0,0,0,0,3,0,0
20190407,서울특별시,11,강남구,11680,대구광역시,27,0,0,0,0,0,0,0,0,0,0,0
20190407,서울특별시,11,강남구,11680,인천광역시,28,0,0,0,0,0,0,0,0,0,0,0
20190407,서울특별시,11,강남구,11680,광주광역시,29,0,0,0,0,0,0,0,0,0,0,0
20190407,서울특별시,11,강남구,11680,대전광역시,30,0,6,0,0,0,0,0,0,0,0,0
20190407,서울특별시,11,강남구,11680,울산광역시,31,0,0,0,0,0,0,0,0,0,0,0
20190407,서울특별시,11,강남구,11680,경기도,41,0,13,0,3,0,0,3,0,8,0,0
20190407,서울특별시,11,강남구,11680,강원도,42,0,0,0,0,0,0,0,0,0,0,0
20190407,서울특별시,11,강남구,11680,충청남도,44,0,25,0,0,0,0,0,0,0,0,0
20190407,서울특별시,11,강남구,11680,전라북도,45,0,4,0,0,0,0,0,0,0,0,0
20190407,서울특별시,11,강남구,11680,전라남도,46,0,38,0,0,0,0,0,0,0,0,0
20190407,서울특별시,11,강남구,11680,경상북도,47,0,11,0,0,0,0,0,0,0,0,0
20190407,서울특별시,11,강남구,11680,경상남도,48,0,4,0,0,0,0,0,0,0,0,0
20190407,서울특별시,11,은평구,11380,경상남도,48,0,0,0,0,0,0,0,0,0,0,0
20190407,서울특별시,11,은평구,11380,경상북도,47,0,0,0,0,0,0,0,0,0,0,0
20190407,서울특별시,11,은평구,11380,전라남도,46,0,0,0,0,0,0,0,0,0,0,0
20190407,서울특별시,11,은평구,11380,강원도,42,0,0,0,0,0,0,0,0,0,0,0
20190407,서울특별시,11,은평구,11380,경기도,41,0,0,0,0,0,0,0,0,3,0,0
20190407,서울특별시,11,은평구,11380,울산광역시,31,0,0,0,0,0,0,0,0,0,0,0
20190407,서울특별시,11,은평구,11380,대전광역시,30,0,0,0,0,0,0,0,0,0,0,0
20190407,서울특별시,11,은평구,11380,광주광역시,29,0,0,0,0,0,0,0,0,0,0,0
20190407,서울특별시,11,은평구,11380,인천광역시,28,0,0,0,0,0,0,0,0,0,0,0
20190407,서울특별시,11,은평구,11380,대구광역시,27,0,0,0,0,0,0,0,0,3,0,0
20190407,서울특별시,11,은평구,11380,부산광역시,26,0,0,0,0,0,0,0,0,0,0,0
20190407,서울특별시,11,은평구,11380,서울특별시,11,0,0,0,0,0,0,0,0,0,0,0
20190407,서울특별시,11,구로구,11530,서울특별시,11,0,349,0,16,0,0,0,0,447,216,0
20190407,서울특별시,11,구로구,11530,부산광역시,26,0,62,0,0,0,0,0,0,106,38,0
20190407,서울특별시,11,구로구,11530,대구광역시,27,0,48,0,0,0,0,0,0,90,22,0
20190407,서울특별시,11,구로구,11530,인천광역시,28,0,81,0,6,0,0,0,0,115,59,0
20190407,서울특별시,11,구로구,11530,광주광역시,29,0,33,0,4,0,0,0,0,67,24,0
20190407,서울특별시,11,구로구,11530,대전광역시,30,0,41,0,0,0,0,0,0,81,24,0
20190407,서울특별시,11,구로구,11530,울산광역시,31,0,20,0,0,0,0,0,0,32,10,0
20190407,서울특별시,11,구로구,11530,세종특별자치시,36,0,8,0,0,0,0,0,0,23,4,0
20190407,서울특별시,11,구로구,11530,경기도,41,0,351,0,23,0,0,0,0,564,202,0
20190407,서울특별시,11,구로구,11530,강원도,42,0,27,0,4,0,0,0,0,54,21,0
20190407,서울특별시,11,구로구,11530,충청북도,43,0,35,0,0,0,0,0,0,68,27,0
20190407,서울특별시,11,구로구,11530,충청남도,44,0,59,0,3,0,0,0,0,101,37,0
20190407,서울특별시,11,구로구,11530,전라북도,45,0,30,0,3,0,0,0,0,63,23,0
20190407,서울특별시,11,구로구,11530,전라남도,46,0,21,0,3,0,0,0,0,50,19,0
20190407,서울특별시,11,구로구,11530,경상북도,47,0,46,0,3,0,0,0,0,91,24,0
20190407,서울특별시,11,구로구,11530,경상남도,48,0,69,0,6,0,0,0,0,138,31,0
20190407,서울특별시,11,구로구,11530,제주특별자치도,50,0,5,0,0,0,0,0,0,12,3,0
20190407,서울특별시,11,송파구,11710,경상남도,48,0,0,0,0,0,0,0,0,0,0,0
20190407,서울특별시,11,송파구,11710,경상북도,47,0,0,0,0,0,0,0,0,0,0,0
20190407,서울특별시,11,송파구,11710,전라남도,46,0,0,0,0,0,0,0,0,0,0,0
20190407,서울특별시,11,송파구,11710,전라북도,45,0,0,0,0,0,0,0,0,0,0,0
20190407,서울특별시,11,송파구,11710,충청북도,43,0,0,0,0,0,0,0,0,0,0,0
20190407,서울특별시,11,송파구,11710,경기도,41,0,5,0,0,24,0,785,9,0,0,16
20190407,서울특별시,11,송파구,11710,세종특별자치시,36,0,0,0,0,0,0,0,0,0,0,0
20190407,서울특별시,11,송파구,11710,울산광역시,31,0,0,0,0,0,0,0,0,0,0,0
20190407,서울특별시,11,송파구,11710,대전광역시,30,0,0,0,0,0,0,0,0,0,0,0
20190407,서울특별시,11,송파구,11710,광주광역시,29,0,0,0,0,0,0,0,0,0,0,0
20190407,서울특별시,11,송파구,11710,인천광역시,28,0,0,0,0,4,0,72,0,0,0,0
20190407,서울특별시,11,송파구,11710,대구광역시,27,0,0,0,0,0,0,0,0,3,0,0
20190407,서울특별시,11,송파구,11710,부산광역시,26,0,8,0,0,0,0,0,0,0,0,0
20190407,서울특별시,11,송파구,11710,서울특별시,11,0,9,0,0,32,0,877,8,0,0,15
20190407,서울특별시,11,강남구,11680,제주특별자치도,50,0,0,0,0,0,0,0,0,0,0,0
20190407,서울특별시,11,서대문구,11410,경상남도,48,0,0,0,0,0,0,0,0,0,0,0
20190407,서울특별시,11,서대문구,11410,충청남도,44,0,0,0,0,0,0,0,0,0,0,0
20190407,서울특별시,11,서대문구,11410,강원도,42,0,0,0,0,0,0,0,0,0,0,0
20190407,서울특별시,11,서대문구,11410,경기도,41,0,0,0,0,0,0,0,0,0,0,0
20190407,서울특별시,11,서대문구,11410,대전광역시,30,0,0,0,0,0,0,0,0,0,0,0
20190407,서울특별시,11,서대문구,11410,인천광역시,28,0,0,0,0,0,0,0,0,0,0,0
20190407,서울특별시,11,서대문구,11410,부산광역시,26,0,0,0,0,0,0,0,0,0,0,0
20190407,서울특별시,11,서대문구,11410,서울특별시,11,0,4,0,0,0,0,0,0,0,0,0
20190408,서울특별시,11,강서구,11500,인천광역시,28,104,580,127,378,806,80,803,185,1110,364,695
20190408,서울특별시,11,강서구,11500,대구광역시,27,78,361,97,280,548,74,534,139,823,280,484
20190408,서울특별시,11,강서구,11500,부산광역시,26,81,572,153,403,852,81,1008,175,1148,401,708
20190408,서울특별시,11,강서구,11500,서울특별시,11,357,2079,585,1498,3020,332,3199,558,3807,1227,2563
20190408,서울특별시,11,서대문구,11410,제주특별자치도,50,0,31,0,16,37,3,8,10,44,13,41
20190408,서울특별시,11,서대문구,11410,경상남도,48,10,163,14,66,445,18,224,179,343,100,185
20190408,서울특별시,11,서대문구,11410,경상북도,47,9,127,46,50,292,14,136,125,256,64,131
20190408,서울특별시,11,서대문구,11410,전라남도,46,12,99,8,27,236,4,80,89,158,46,78
20190408,서울특별시,11,서대문구,11410,전라북도,45,5,94,5,36,216,14,76,84,195,41,73
20190408,서울특별시,11,서대문구,11410,충청남도,44,11,123,20,39,340,11,127,88,271,59,144
20190408,서울특별시,11,서대문구,11410,충청북도,43,10,92,18,50,230,14,115,90,199,41,90
20190408,서울특별시,11,서대문구,11410,강원도,42,8,86,20,41,201,11,61,65,182,43,88
20190408,서울특별시,11,서대문구,11410,경기도,41,59,870,162,338,2030,129,817,489,2019,465,890
20190408,서울특별시,11,서대문구,11410,세종특별자치시,36,0,26,0,8,46,5,21,19,50,13,15
20190408,서울특별시,11,서대문구,11410,울산광역시,31,3,52,7,25,143,10,72,62,133,27,55
20190408,서울특별시,11,서대문구,11410,대전광역시,30,6,105,16,45,200,16,84,67,206,52,93
20190408,서울특별시,11,서대문구,11410,광주광역시,29,7,75,11,30,201,13,96,65,192,56,84
20190408,서울특별시,11,서대문구,11410,인천광역시,28,14,205,30,71,380,30,193,114,390,114,174
20190408,서울특별시,11,서대문구,11410,대구광역시,27,11,134,43,52,223,17,125,102,239,56,137
20190408,서울특별시,11,서대문구,11410,부산광역시,26,17,189,27,97,442,27,208,150,355,115,191
20190408,서울특별시,11,서대문구,11410,서울특별시,11,41,871,165,357,1436,118,682,295,1651,405,651
20190408,서울특별시,11,강동구,11740,제주특별자치도,50,19,40,14,15,64,8,35,3,46,25,15
20190408,서울특별시,11,강동구,11740,경상남도,48,153,324,256,87,489,48,347,53,319,124,145
20190408,서울특별시,11,강동구,11740,경상북도,47,129,228,213,65,353,44,259,37,214,79,127
20190408,서울특별시,11,강동구,11740,전라남도,46,78,145,131,53,247,14,168,34,135,66,73
20190408,서울특별시,11,강동구,11740,전라북도,45,88,136,178,43,245,23,141,26,177,58,82
20190408,서울특별시,11,강동구,11740,충청남도,44,106,256,143,73,385,27,232,55,239,71,116
20190408,서울특별시,11,강동구,11740,충청북도,43,71,156,106,47,235,32,189,21,205,64,73
20190408,서울특별시,11,강동구,11740,강원도,42,69,183,124,48,276,23,176,25,123,63,64
20190408,서울특별시,11,강동구,11740,경기도,41,722,1576,1197,429,2326,270,1612,271,1951,686,727
20190408,서울특별시,11,강동구,11740,세종특별자치시,36,9,33,45,14,68,9,41,6,48,23,22
20190408,서울특별시,11,강동구,11740,울산광역시,31,65,111,139,31,197,22,117,20,117,50,53
20190408,서울특별시,11,강동구,11740,대전광역시,30,60,136,169,39,265,12,150,22,178,53,79
20190408,서울특별시,11,강동구,11740,광주광역시,29,98,177,140,47,243,25,138,30,173,57,79
20190408,서울특별시,11,강동구,11740,인천광역시,28,140,271,263,82,546,49,313,49,370,137,148
20190408,서울특별시,11,강동구,11740,대구광역시,27,137,219,271,76,346,40,212,50,232,96,117
20190408,서울특별시,11,강동구,11740,부산광역시,26,145,418,379,74,524,49,350,60,380,150,163
20190408,서울특별시,11,강동구,11740,서울특별시,11,626,1268,1000,358,1925,183,1456,177,1497,618,605
20190408,서울특별시,11,서초구,11650,제주특별자치도,50,11,130,62,49,50,18,73,7,48,24,94
20190408,서울특별시,11,서초구,11650,경상남도,48,69,630,208,214,415,82,476,57,291,159,430
20190408,서울특별시,11,서초구,11650,경상북도,47,51,485,172,142,336,71,302,30,203,163,327
20190408,서울특별시,11,서초구,11650,전라남도,46,28,302,86,112,204,48,186,23,134,96,182
20190408,서울특별시,11,서초구,11650,전라북도,45,29,365,154,106,215,43,233,30,146,113,210
20190408,서울특별시,11,서초구,11650,충청남도,44,53,419,154,176,343,52,312,94,184,140,259
20190408,서울특별시,11,관악구,11620,서울특별시,11,219,1041,590,440,696,49,442,56,2576,438,1531
20190408,서울특별시,11,관악구,11620,부산광역시,26,58,300,110,104,194,15,96,22,607,137,447
20190408,서울특별시,11,관악구,11620,대구광역시,27,43,194,84,72,115,9,79,10,482,99,338
20190408,서울특별시,11,관악구,11620,인천광역시,28,51,253,89,101,166,16,134,21,623,100,441
20190408,서울특별시,11,관악구,11620,광주광역시,29,32,117,52,53,87,6,40,5,297,60,214
20190408,서울특별시,11,관악구,11620,대전광역시,30,30,136,43,49,75,6,43,11,309,53,203
20190408,서울특별시,11,관악구,11620,울산광역시,31,26,103,34,37,55,7,42,3,218,35,174
20190408,서울특별시,11,관악구,11620,세종특별자치시,36,7,32,16,9,24,0,16,5,72,8,36
20190408,서울특별시,11,관악구,11620,경기도,41,298,1352,487,566,882,74,606,87,3269,519,1809
20190408,서울특별시,11,관악구,11620,강원도,42,29,125,54,40,82,4,49,9,257,57,176
20190408,서울특별시,11,관악구,11620,충청북도,43,34,144,68,51,118,12,29,12,339,56,191
20190408,서울특별시,11,관악구,11620,충청남도,44,40,214,66,77,99,18,71,11,385,83,268
20190408,서울특별시,11,관악구,11620,전라북도,45,11,158,57,50,86,4,46,12,318,47,205
20190408,서울특별시,11,관악구,11620,전라남도,46,21,127,35,46,78,7,52,3,304,51,164
20190408,서울특별시,11,관악구,11620,경상북도,47,34,217,73,76,125,17,107,17,413,78,305
20190408,서울특별시,11,관악구,11620,경상남도,48,55,269,74,127,154,13,97,21,630,110,358
20190408,서울특별시,11,관악구,11620,제주특별자치도,50,9,41,16,16,29,0,13,5,91,11,43
20190408,서울특별시,11,서초구,11650,충청북도,43,40,310,109,113,193,37,225,30,171,103,212
20190408,서울특별시,11,서초구,11650,강원도,42,42,383,105,93,210,30,221,39,151,90,200
20190408,서울특별시,11,서초구,11650,경기도,41,347,3771,1315,1156,2179,392,2288,308,2110,1119,1886
20190408,서울특별시,11,서초구,11650,세종특별자치시,36,7,86,38,19,57,10,50,3,44,18,48
20190408,서울특별시,11,서초구,11650,울산광역시,31,21,212,78,81,132,34,133,18,142,68,152
20190408,서울특별시,11,서초구,11650,대전광역시,30,28,350,111,110,201,38,231,39,155,116,198
20190408,서울특별시,11,서초구,11650,광주광역시,29,28,350,139,108,207,29,199,22,160,107,185
20190408,서울특별시,11,서초구,11650,인천광역시,28,51,605,226,223,448,82,453,46,344,211,438
20190408,서울특별시,11,서초구,11650,대구광역시,27,56,660,196,157,339,56,368,41,213,156,348
20190408,서울특별시,11,서초구,11650,부산광역시,26,80,801,261,216,494,96,484,63,364,236,456
20190408,서울특별시,11,서초구,11650,서울특별시,11,292,3566,1535,1055,1746,324,2261,221,1665,953,1559
20190408,서울특별시,11,종로구,11110,서울특별시,11,281,2611,386,452,942,60,437,232,1579,1118,271
20190408,서울특별시,11,종로구,11110,부산광역시,26,80,488,64,100,291,21,96,59,445,276,46
20190408,서울특별시,11,종로구,11110,대구광역시,27,59,423,50,79,206,6,63,52,321,186,54
20190408,서울특별시,11,종로구,11110,인천광역시,28,67,516,69,96,261,8,118,67,325,278,65
20190408,서울특별시,11,종로구,11110,광주광역시,29,42,245,32,48,141,12,52,42,269,158,39
20190408,서울특별시,11,강남구,11680,제주특별자치도,50,16,135,17,60,72,15,77,28,242,80,159
20190408,서울특별시,11,강남구,11680,경상남도,48,77,786,79,295,473,68,477,173,978,405,834
20190408,서울특별시,11,강남구,11680,경상북도,47,47,494,62,223,362,56,374,140,800,311,656
20190408,서울특별시,11,동대문구,11230,서울특별시,11,861,2362,327,898,2166,192,3367,434,6523,1467,1219
20190408,서울특별시,11,동대문구,11230,부산광역시,26,207,729,133,234,707,56,1145,140,1762,421,466
20190408,서울특별시,11,동대문구,11230,대구광역시,27,138,534,126,192,539,51,747,116,1267,341,290
20190408,서울특별시,11,동대문구,11230,인천광역시,28,212,748,113,249,702,74,1067,164,1844,452,393
20190408,서울특별시,11,동대문구,11230,광주광역시,29,102,366,107,95,334,25,491,55,892,202,191
20190408,서울특별시,11,동대문구,11230,대전광역시,30,90,369,98,119,361,35,525,47,845,198,181
20190408,서울특별시,11,동대문구,11230,울산광역시,31,64,252,75,79,242,25,392,52,658,156,150
20190408,서울특별시,11,동대문구,11230,세종특별자치시,36,29,63,13,32,90,8,93,31,191,43,42
20190408,서울특별시,11,동대문구,11230,경기도,41,950,3498,558,1082,3457,297,4664,722,8202,1943,1862
20190408,서울특별시,11,동대문구,11230,강원도,42,104,325,112,120,374,38,490,71,717,185,186
20190408,서울특별시,11,동대문구,11230,충청북도,43,117,347,90,108,402,33,530,61,839,184,166
20190408,서울특별시,11,동대문구,11230,충청남도,44,139,488,202,170,554,39,714,103,1130,253,266
20190408,서울특별시,11,동대문구,11230,전라북도,45,95,366,148,124,372,30,550,77,853,175,204
20190408,서울특별시,11,동대문구,11230,전라남도,46,85,351,144,122,414,36,542,51,787,175,173
20190408,서울특별시,11,동대문구,11230,경상북도,47,118,594,202,174,601,46,861,95,1268,248,313
20190408,서울특별시,11,동대문구,11230,경상남도,48,162,748,207,246,779,74,1141,157,1706,404,410
20190408,서울특별시,11,동대문구,11230,제주특별자치도,50,41,109,33,33,96,9,101,18,289,64,41
20190408,서울특별시,11,금천구,11545,서울특별시,11,778,2899,372,3313,3190,610,2146,404,2429,2475,3930
20190408,서울특별시,11,영등포구,11560,제주특별자치도,50,8,83,83,115,49,10,126,4,51,25,26
20190408,서울특별시,11,영등포구,11560,경상남도,48,49,633,361,923,479,45,593,28,369,151,250
20190408,서울특별시,11,영등포구,11560,경상북도,47,27,419,240,659,360,34,436,15,207,122,171
20190408,서울특별시,11,영등포구,11560,전라남도,46,14,343,112,431,209,18,319,15,136,76,121
20190408,서울특별시,11,영등포구,11560,전라북도,45,20,303,259,457,317,13,262,25,185,78,108
20190408,서울특별시,11,영등포구,11560,충청남도,44,25,382,281,710,306,31,365,21,237,99,183
20190408,서울특별시,11,영등포구,11560,충청북도,43,26,326,223,486,230,22,281,13,188,76,117
20190408,서울특별시,11,영등포구,11560,강원도,42,27,362,207,431,232,15,264,16,165,69,116
20190408,서울특별시,11,영등포구,11560,경기도,41,192,2849,2674,4696,2270,191,2115,141,1840,786,1048
20190408,서울특별시,11,영등포구,11560,세종특별자치시,36,6,64,54,120,58,5,51,3,33,14,32
20190408,서울특별시,11,영등포구,11560,울산광역시,31,18,207,112,307,164,19,168,11,136,58,90
20190408,서울특별시,11,영등포구,11560,대전광역시,30,14,305,285,524,241,15,206,11,154,101,94
20190408,서울특별시,11,영등포구,11560,광주광역시,29,17,302,196,443,206,23,239,12,192,88,107
20190408,서울특별시,11,영등포구,11560,인천광역시,28,33,597,580,944,460,22,387,20,354,148,213
20190408,서울특별시,11,금천구,11545,부산광역시,26,188,775,74,906,971,175,495,107,636,662,1123
20190408,서울특별시,11,금천구,11545,대구광역시,27,135,514,81,600,654,141,347,78,509,445,824
20190408,서울특별시,11,금천구,11545,인천광역시,28,186,729,66,809,883,116,454,119,593,615,1021
20190408,서울특별시,11,금천구,11545,광주광역시,29,86,351,47,394,384,68,232,42,417,338,502
20190408,서울특별시,11,금천구,11545,대전광역시,30,85,334,36,440,436,68,224,50,322,317,509
20190408,서울특별시,11,금천구,11545,울산광역시,31,70,238,26,308,322,59,167,47,249,226,382
20190408,서울특별시,11,금천구,11545,세종특별자치시,36,24,87,17,115,95,20,63,17,107,69,101
20190408,서울특별시,11,금천구,11545,경기도,41,912,3471,383,4104,4265,782,2330,557,3008,3048,4613
20190408,서울특별시,11,금천구,11545,강원도,42,99,357,43,439,428,72,260,38,259,249,436
20190408,서울특별시,11,금천구,11545,충청북도,43,89,359,28,426,447,73,240,50,341,281,429
20190408,서울특별시,11,금천구,11545,충청남도,44,121,525,68,663,531,106,360,87,456,463,1073
20190408,서울특별시,11,금천구,11545,전라북도,45,85,360,44,453,394,76,224,66,342,326,453
20190408,서울특별시,11,금천구,11545,전라남도,46,82,354,39,412,441,87,219,47,312,291,465
20190408,서울특별시,11,금천구,11545,경상북도,47,132,577,80,684,594,106,380,86,461,447,727
20190408,서울특별시,11,금천구,11545,경상남도,48,199,766,88,854,920,175,495,118,639,596,1016
20190408,서울특별시,11,금천구,11545,제주특별자치도,50,30,127,17,146,134,34,51,12,93,88,137
20190408,서울특별시,11,영등포구,11560,대구광역시,27,33,441,377,659,350,35,353,21,258,98,161
20190408,서울특별시,11,영등포구,11560,부산광역시,26,22,615,413,967,474,48,555,27,367,175,240
20190408,서울특별시,11,영등포구,11560,서울특별시,11,119,2592,3440,3904,1533,134,1828,93,1461,652,828
20190408,서울특별시,11,양천구,11470,서울특별시,11,372,1281,184,796,1527,249,1034,153,1054,610,1554
20190408,서울특별시,11,양천구,11470,부산광역시,26,94,338,30,202,471,79,318,46,222,197,423
20190408,서울특별시,11,양천구,11470,대구광역시,27,64,209,35,168,332,43,171,43,177,107,348
20190408,서울특별시,11,양천구,11470,인천광역시,28,80,284,35,204,509,63,297,53,253,138,488
20190408,서울특별시,11,양천구,11470,광주광역시,29,49,139,10,106,222,33,129,27,136,69,226
20190408,서울특별시,11,양천구,11470,대전광역시,30,41,151,17,111,219,39,140,38,104,66,240
20190408,서울특별시,11,양천구,11470,울산광역시,31,25,83,9,69,163,37,113,17,70,59,120
20190408,서울특별시,11,양천구,11470,세종특별자치시,36,8,27,6,20,48,7,42,10,21,19,41
20190408,서울특별시,11,양천구,11470,경기도,41,471,1562,185,1033,2174,350,1434,253,1578,777,1881
20190408,서울특별시,11,양천구,11470,강원도,42,50,147,14,112,252,39,164,54,117,63,219
20190408,서울특별시,11,양천구,11470,충청북도,43,37,154,26,102,249,34,158,15,129,63,215
20190408,서울특별시,11,양천구,11470,충청남도,44,58,203,32,130,343,54,182,33,167,101,295
20190408,서울특별시,11,양천구,11470,전라북도,45,41,154,21,122,252,30,139,32,118,65,232
20190408,서울특별시,11,양천구,11470,전라남도,46,46,116,19,108,211,25,152,34,100,61,187
20190408,서울특별시,11,양천구,11470,경상북도,47,61,246,26,152,361,46,234,40,162,108,319
20190408,서울특별시,11,중구,11140,제주특별자치도,50,17,115,39,26,82,17,34,7,316,85,16
20190408,서울특별시,11,중구,11140,경상남도,48,129,588,77,191,492,127,171,54,1669,487,95
20190408,서울특별시,11,중구,11140,경상북도,47,70,438,68,142,363,109,130,40,1302,344,82
20190408,서울특별시,11,중구,11140,전라남도,46,56,286,30,105,267,71,104,23,793,215,34
20190408,서울특별시,11,중구,11140,전라북도,45,49,296,31,75,299,64,77,22,957,237,34
20190408,서울특별시,11,중구,11140,충청남도,44,82,426,53,121,350,100,131,40,1148,324,78
20190408,서울특별시,11,중구,11140,충청북도,43,71,339,53,90,276,69,92,27,945,242,44
20190408,서울특별시,11,중구,11140,강원도,42,63,304,21,83,224,76,89,21,837,227,37
20190408,서울특별시,11,중구,11140,경기도,41,615,2942,355,911,2691,707,884,266,8788,2390,407
20190408,서울특별시,11,중구,11140,세종특별자치시,36,19,68,10,19,62,15,16,9,209,57,11
20190408,서울특별시,11,중구,11140,울산광역시,31,49,208,25,67,173,57,66,21,622,197,23
20190408,서울특별시,11,중구,11140,대전광역시,30,62,278,47,91,251,65,89,37,924,262,44
20190408,서울특별시,11,중구,11140,광주광역시,29,43,342,36,72,262,57,94,31,1011,257,44
20190408,서울특별시,11,중구,11140,인천광역시,28,107,528,51,187,510,125,197,59,1812,474,90
20190408,서울특별시,11,중구,11140,대구광역시,27,72,473,58,116,367,118,99,37,1406,432,65
20190408,서울특별시,11,중구,11140,부산광역시,26,117,667,73,214,589,141,190,64,1909,556,92
20190408,서울특별시,11,중구,11140,서울특별시,11,501,2765,293,773,2381,538,770,262,7743,2048,403
20190408,서울특별시,11,강남구,11680,전라남도,46,36,291,34,140,193,18,202,66,529,208,355
20190408,서울특별시,11,강남구,11680,전라북도,45,42,354,33,162,201,31,225,68,682,206,372
20190408,서울특별시,11,강남구,11680,충청남도,44,38,481,69,231,306,46,385,117,911,329,585
20190408,서울특별시,11,강남구,11680,충청북도,43,40,351,62,162,212,21,248,67,637,241,392
20190408,서울특별시,11,강남구,11680,강원도,42,41,311,48,155,228,26,239,90,604,218,402
20190408,서울특별시,11,강남구,11680,경기도,41,464,4074,528,1898,2454,370,2438,847,6603,2245,3949
20190408,서울특별시,11,강남구,11680,세종특별자치시,36,11,87,12,32,67,6,55,38,163,54,94
20190408,서울특별시,11,강남구,11680,울산광역시,31,30,292,27,109,187,22,179,70,434,148,300
20190408,서울특별시,11,강남구,11680,대전광역시,30,31,430,55,178,255,36,247,78,661,245,402
20190408,서울특별시,11,강남구,11680,광주광역시,29,36,376,58,164,220,26,234,81,679,244,447
20190408,서울특별시,11,강남구,11680,인천광역시,28,68,782,108,363,498,84,571,170,1194,459,849
20190408,서울특별시,11,강남구,11680,대구광역시,27,44,632,69,251,367,56,363,121,1087,379,682
20190408,서울특별시,11,강남구,11680,부산광역시,26,75,958,105,361,500,59,564,171,1383,518,987
20190408,서울특별시,11,강남구,11680,서울특별시,11,454,4111,652,1881,2123,292,2248,633,6042,2074,3680
20190408,서울특별시,11,노원구,11350,서울특별시,11,120,971,200,253,908,150,499,315,2696,562,485
20190408,서울특별시,11,노원구,11350,부산광역시,26,35,239,42,68,225,43,102,95,667,168,117
20190408,서울특별시,11,노원구,11350,대구광역시,27,34,170,35,37,148,44,51,64,529,108,82
20190408,서울특별시,11,도봉구,11320,제주특별자치도,50,7,70,33,56,96,8,183,10,82,51,53
20190408,서울특별시,11,도봉구,11320,서울특별시,11,249,1712,584,2275,2433,214,3177,296,1695,1416,1920
20190408,서울특별시,11,동작구,11590,제주특별자치도,50,15,28,12,14,20,4,15,6,33,17,42
20190408,서울특별시,11,동작구,11590,경상남도,48,97,195,96,126,210,41,107,43,204,93,268
20190408,서울특별시,11,동작구,11590,경상북도,47,74,146,75,101,153,27,62,19,156,53,173
20190408,서울특별시,11,동작구,11590,전라남도,46,38,79,39,59,123,15,41,20,96,39,90
20190408,서울특별시,11,동작구,11590,전라북도,45,48,89,66,47,91,12,38,23,121,50,107
20190408,서울특별시,11,동작구,11590,충청남도,44,74,123,66,69,181,29,81,23,163,58,161
20190408,서울특별시,11,동작구,11590,충청북도,43,37,101,65,57,92,21,35,31,132,61,113
20190408,서울특별시,11,동작구,11590,강원도,42,61,72,61,46,127,14,40,17,138,50,111
20190408,서울특별시,11,동작구,11590,경기도,41,444,895,501,576,1019,190,467,183,1435,506,1281
20190408,서울특별시,11,동작구,11590,세종특별자치시,36,9,14,16,12,27,7,10,5,33,14,35
20190408,서울특별시,11,동작구,11590,울산광역시,31,27,75,37,47,71,11,35,12,112,29,91
20190408,서울특별시,11,동작구,11590,대전광역시,30,44,97,62,63,99,21,50,9,129,60,129
20190408,서울특별시,11,동작구,11590,광주광역시,29,47,78,81,42,86,21,37,19,125,34,139
20190408,서울특별시,11,노원구,11350,인천광역시,28,29,265,76,79,240,30,88,105,731,127,111
20190408,서울특별시,11,동작구,11590,인천광역시,28,109,224,88,118,198,33,104,45,254,113,262
20190408,서울특별시,11,동작구,11590,대구광역시,27,67,144,90,86,136,27,92,34,178,81,194
20190408,서울특별시,11,동작구,11590,부산광역시,26,97,200,123,127,239,28,93,29,254,98,302
20190408,서울특별시,11,동작구,11590,서울특별시,11,364,785,650,503,761,128,417,98,1144,431,1238
20190408,서울특별시,11,양천구,11470,경상남도,48,100,287,31,211,485,83,292,66,180,127,413
20190408,서울특별시,11,양천구,11470,제주특별자치도,50,11,39,4,18,41,17,27,4,31,8,71
20190408,서울특별시,11,송파구,11710,제주특별자치도,50,5,85,9,53,89,3,54,8,136,44,41
20190408,서울특별시,11,송파구,11710,경상남도,48,41,594,57,306,584,45,510,91,841,322,381
20190408,서울특별시,11,송파구,11710,경상북도,47,36,476,53,284,424,40,358,58,688,227,288
20190408,서울특별시,11,송파구,11710,전라남도,46,19,342,24,177,263,21,234,43,430,158,205
20190408,서울특별시,11,송파구,11710,전라북도,45,27,335,17,215,311,25,230,32,496,179,190
20190408,서울특별시,11,송파구,11710,충청남도,44,27,466,50,225,343,48,316,61,662,203,249
20190408,서울특별시,11,송파구,11710,충청북도,43,26,329,41,164,272,23,274,44,503,148,213
20190408,서울특별시,11,송파구,11710,강원도,42,18,295,29,157,290,27,218,38,452,130,167
20190408,서울특별시,11,송파구,11710,경기도,41,255,3110,349,1719,2615,361,3021,385,5048,1681,1889
20190408,서울특별시,11,송파구,11710,세종특별자치시,36,10,66,5,42,118,5,65,30,100,39,47
20190408,서울특별시,11,송파구,11710,울산광역시,31,16,222,16,130,192,14,172,27,318,118,127
20190408,서울특별시,11,송파구,11710,대전광역시,30,23,338,47,153,304,22,238,43,471,166,176
20190408,서울특별시,11,성북구,11290,제주특별자치도,50,40,180,16,76,160,40,83,32,729,331,145
20190408,서울특별시,11,성북구,11290,경상남도,48,136,1292,61,534,1081,175,731,238,4494,1822,999
20190408,서울특별시,11,성북구,11290,경상북도,47,84,932,66,410,849,150,665,164,3192,1284,751
20190408,서울특별시,11,성북구,11290,전라남도,46,69,601,22,283,493,97,384,107,2219,819,499
20190408,서울특별시,11,성북구,11290,전라북도,45,54,644,36,247,539,114,377,107,2484,880,455
20190408,서울특별시,11,성북구,11290,충청남도,44,95,828,55,385,782,160,557,162,3162,1256,709
20190408,서울특별시,11,성북구,11290,충청북도,43,79,589,28,279,560,113,392,129,2368,880,523
20190408,서울특별시,11,성북구,11290,강원도,42,70,604,66,231,522,103,354,96,2097,788,420
20190408,서울특별시,11,성북구,11290,경기도,41,600,5884,446,2574,5027,905,3484,986,20410,8323,4595
20190408,서울특별시,11,은평구,11380,제주특별자치도,50,13,45,5,16,30,30,16,5,118,34,25
20190408,서울특별시,11,은평구,11380,경상남도,48,48,436,62,118,369,132,133,143,789,219,255
20190408,서울특별시,11,도봉구,11320,부산광역시,26,71,437,153,561,729,66,918,105,518,423,584
20190408,서울특별시,11,도봉구,11320,대구광역시,27,50,319,169,415,501,37,617,62,355,310,468
20190408,서울특별시,11,은평구,11380,경상북도,47,39,321,53,95,266,88,106,102,553,156,202
20190408,서울특별시,11,은평구,11380,전라남도,46,34,198,46,51,154,53,72,50,391,126,148
20190408,서울특별시,11,은평구,11380,전라북도,45,29,223,38,56,155,68,58,52,442,115,121
20190408,서울특별시,11,은평구,11380,충청남도,44,36,295,48,74,259,71,136,93,524,122,185
20190408,서울특별시,11,은평구,11380,충청북도,43,25,205,47,57,219,70,68,69,387,128,112
20190408,서울특별시,11,은평구,11380,강원도,42,36,201,29,55,204,79,69,49,363,118,99
20190408,서울특별시,11,은평구,11380,경기도,41,255,1902,342,576,1654,527,787,579,3828,998,1350
20190408,서울특별시,11,은평구,11380,세종특별자치시,36,8,33,4,10,35,18,11,14,85,12,32
20190408,서울특별시,11,은평구,11380,울산광역시,31,19,134,33,36,128,51,50,56,287,98,97
20190408,서울특별시,11,은평구,11380,대전광역시,30,38,190,44,69,169,41,82,56,329,99,132
20190408,서울특별시,11,은평구,11380,광주광역시,29,30,195,39,56,162,65,62,58,368,101,133
20190408,서울특별시,11,은평구,11380,인천광역시,28,60,373,67,113,368,81,144,129,770,215,273
20190408,서울특별시,11,은평구,11380,대구광역시,27,47,302,43,101,271,89,95,87,524,152,191
20190408,서울특별시,11,은평구,11380,부산광역시,26,72,388,67,118,372,109,196,134,746,264,263
20190408,서울특별시,11,은평구,11380,서울특별시,11,206,1420,255,492,1306,397,628,329,2302,750,1024
20190408,서울특별시,11,성북구,11290,세종특별자치시,36,20,143,7,69,123,12,86,42,548,221,94
20190408,서울특별시,11,성북구,11290,울산광역시,31,40,446,23,172,384,61,264,77,1648,696,353
20190408,서울특별시,11,성북구,11290,대전광역시,30,57,640,34,269,496,98,336,95,2205,936,498
20190408,서울특별시,11,성북구,11290,광주광역시,29,63,583,33,258,512,76,388,105,2406,1037,494
20190408,서울특별시,11,성북구,11290,인천광역시,28,128,1293,68,534,981,193,761,229,4411,1792,1020
20190408,서울특별시,11,성북구,11290,대구광역시,27,94,961,71,346,784,136,543,136,3251,1448,807
20190408,서울특별시,11,성북구,11290,부산광역시,26,118,1310,74,532,1117,200,886,257,4436,1878,1105
20190408,서울특별시,11,성북구,11290,서울특별시,11,438,4658,371,1939,3903,651,2905,669,15277,6775,3644
20190408,서울특별시,11,송파구,11710,광주광역시,29,19,319,29,206,214,30,193,41,523,174,200
20190408,서울특별시,11,송파구,11710,인천광역시,28,46,640,49,453,568,72,546,87,903,328,405
20190408,서울특별시,11,중랑구,11260,제주특별자치도,50,17,62,9,34,93,7,30,23,162,81,54
20190408,서울특별시,11,중랑구,11260,경상남도,48,98,601,68,351,876,90,372,185,1446,682,380
20190408,서울특별시,11,중랑구,11260,경상북도,47,90,456,52,240,648,61,297,149,1022,518,318
20190408,서울특별시,11,중랑구,11260,전라남도,46,63,272,30,173,368,36,176,103,695,313,191
20190408,서울특별시,11,중랑구,11260,전라북도,45,81,296,40,163,387,37,150,92,721,312,214
20190408,서울특별시,11,중랑구,11260,충청남도,44,83,448,35,256,529,62,261,140,1030,458,320
20190408,서울특별시,11,중랑구,11260,충청북도,43,50,315,34,161,430,42,146,99,703,327,212
20190408,서울특별시,11,중랑구,11260,강원도,42,62,293,39,155,399,35,155,93,579,280,192
20190408,서울특별시,11,중랑구,11260,경기도,41,572,2896,466,1696,3783,391,1663,912,6923,3063,1980
20190408,서울특별시,11,중랑구,11260,세종특별자치시,36,17,72,8,50,101,14,40,23,157,90,36
20190408,서울특별시,11,중랑구,11260,울산광역시,31,43,188,31,128,310,31,142,54,527,259,156
20190408,서울특별시,11,중랑구,11260,대전광역시,30,55,301,41,186,407,37,161,60,684,321,197
20190408,서울특별시,11,중랑구,11260,광주광역시,29,59,303,50,188,379,42,179,94,692,379,214
20190408,서울특별시,11,중랑구,11260,인천광역시,28,124,653,62,339,790,87,366,200,1477,639,436
20190408,서울특별시,11,중랑구,11260,대구광역시,27,98,454,51,266,605,54,275,122,1089,510,352
20190408,서울특별시,11,중랑구,11260,부산광역시,26,139,574,84,364,814,94,403,170,1470,681,427
20190408,서울특별시,11,중랑구,11260,서울특별시,11,430,2231,460,1330,3740,293,1398,583,4949,2334,1546
20190408,서울특별시,11,노원구,11350,광주광역시,29,15,122,16,22,91,11,39,46,377,57,50
20190408,서울특별시,11,노원구,11350,대전광역시,30,8,116,27,33,95,24,50,45,388,67,68
20190408,서울특별시,11,노원구,11350,울산광역시,31,10,80,12,20,84,19,18,37,245,41,34
20190408,서울특별시,11,노원구,11350,세종특별자치시,36,4,29,6,11,24,9,10,14,111,17,16
20190408,서울특별시,11,노원구,11350,경기도,41,178,1208,216,352,1049,200,478,465,3723,698,586
20190408,서울특별시,11,노원구,11350,강원도,42,17,110,15,41,94,23,36,43,371,65,58
20190408,서울특별시,11,노원구,11350,충청북도,43,21,126,21,31,118,24,69,67,405,68,74
20190408,서울특별시,11,노원구,11350,충청남도,44,27,168,30,55,137,38,85,71,507,92,99
20190408,서울특별시,11,노원구,11350,전라북도,45,16,118,22,24,112,18,46,48,414,69,59
20190408,서울특별시,11,노원구,11350,전라남도,46,13,104,11,26,104,15,40,69,350,50,62
20190408,서울특별시,11,노원구,11350,경상북도,47,26,178,21,33,189,31,65,58,504,95,101
20190408,서울특별시,11,노원구,11350,경상남도,48,34,227,43,50,225,38,77,108,723,126,131
20190408,서울특별시,11,노원구,11350,제주특별자치도,50,5,33,0,8,21,8,9,13,104,16,11
20190408,서울특별시,11,도봉구,11320,경상북도,47,50,370,101,403,507,35,573,63,376,319,445
20190408,서울특별시,11,강북구,11305,제주특별자치도,50,20,44,0,7,25,0,6,10,120,32,5
20190408,서울특별시,11,강북구,11305,경상남도,48,88,273,20,71,215,23,80,146,973,283,43
20190408,서울특별시,11,강북구,11305,경상북도,47,65,207,17,60,158,14,53,107,699,172,49
20190408,서울특별시,11,강북구,11305,전라남도,46,31,113,24,32,104,6,45,76,449,122,26
20190408,서울특별시,11,강북구,11305,전라북도,45,43,127,19,37,115,5,35,65,539,127,21
20190408,서울특별시,11,강북구,11305,충청남도,44,52,223,20,48,142,9,47,102,683,169,27
20190408,서울특별시,11,강북구,11305,충청북도,43,45,119,8,39,101,6,39,75,500,138,24
20190408,서울특별시,11,강북구,11305,강원도,42,43,137,9,27,109,3,40,67,422,112,16
20190408,서울특별시,11,강북구,11305,경기도,41,475,1219,104,370,1161,96,307,699,4428,1307,231
20190408,서울특별시,11,강북구,11305,세종특별자치시,36,5,44,3,7,24,6,8,20,111,28,4
20190408,서울특별시,11,강북구,11305,울산광역시,31,26,89,13,27,65,8,23,42,344,99,18
20190408,서울특별시,11,강북구,11305,대전광역시,30,33,109,11,45,98,5,39,59,466,118,13
20190408,서울특별시,11,강북구,11305,광주광역시,29,34,153,10,34,110,9,23,63,450,135,18
20190408,서울특별시,11,도봉구,11320,경상남도,48,60,450,129,551,658,49,815,96,547,436,580
20190408,서울특별시,11,강북구,11305,인천광역시,28,107,250,24,76,245,18,86,119,938,261,41
20190408,서울특별시,11,강북구,11305,대구광역시,27,53,200,15,58,153,6,47,102,668,163,43
20190408,서울특별시,11,강북구,11305,부산광역시,26,90,286,31,78,243,17,81,136,925,258,59
20190408,서울특별시,11,강북구,11305,서울특별시,11,384,898,94,277,861,50,294,399,3163,856,176
20190408,서울특별시,11,광진구,11215,서울특별시,11,274,2635,248,1744,1795,199,1291,291,2128,1046,1126
20190408,서울특별시,11,광진구,11215,부산광역시,26,70,725,66,421,487,46,312,61,530,283,264
20190408,서울특별시,11,광진구,11215,대구광역시,27,36,512,25,300,389,46,237,56,371,215,182
20190408,서울특별시,11,광진구,11215,인천광역시,28,76,595,38,400,399,52,283,79,476,247,215
20190408,서울특별시,11,광진구,11215,광주광역시,29,31,332,20,204,178,29,166,28,242,154,108
20190408,서울특별시,11,광진구,11215,대전광역시,30,60,322,23,214,224,32,166,31,271,122,119
20190408,서울특별시,11,광진구,11215,울산광역시,31,24,211,17,149,143,17,115,34,176,91,79
20190408,서울특별시,11,광진구,11215,세종특별자치시,36,10,58,9,43,57,6,35,14,52,25,30
20190408,서울특별시,11,광진구,11215,경기도,41,366,2814,189,1945,2129,329,1656,450,2725,1257,1148
20190408,서울특별시,11,광진구,11215,강원도,42,49,267,20,215,260,31,153,26,278,119,103
20190408,서울특별시,11,광진구,11215,충청북도,43,40,275,22,214,231,21,196,51,299,103,98
20190408,서울특별시,11,광진구,11215,충청남도,44,70,394,26,312,325,43,260,59,363,165,144
20190408,서울특별시,11,광진구,11215,전라북도,45,48,297,24,198,219,31,152,31,282,151,138
20190408,서울특별시,11,광진구,11215,전라남도,46,23,248,19,197,221,37,149,36,235,133,106
20190408,서울특별시,11,종로구,11110,대전광역시,30,44,287,34,70,121,7,46,34,216,143,23
20190408,서울특별시,11,용산구,11170,세종특별자치시,36,9,81,11,528,69,15,17,19,82,69,11
20190408,서울특별시,11,용산구,11170,울산광역시,31,36,266,10,1386,167,19,36,42,204,211,38
20190408,서울특별시,11,용산구,11170,대전광역시,30,36,406,30,2014,228,35,85,55,271,326,69
20190408,서울특별시,11,용산구,11170,광주광역시,29,42,374,41,1797,211,28,73,54,273,339,56
20190408,서울특별시,11,용산구,11170,인천광역시,28,68,797,61,4123,428,78,166,102,514,775,152
20190408,서울특별시,11,용산구,11170,대구광역시,27,55,571,47,2810,316,53,122,106,466,497,103
20190408,서울특별시,11,용산구,11170,부산광역시,26,90,763,76,4062,454,81,146,118,542,656,143
20190408,서울특별시,11,용산구,11170,서울특별시,11,352,3155,352,16581,1963,288,637,399,2376,2515,498
20190408,서울특별시,11,종로구,11110,울산광역시,31,25,183,30,40,100,7,39,23,162,104,19
20190408,서울특별시,11,종로구,11110,세종특별자치시,36,4,73,9,8,29,0,15,4,44,38,8
20190408,서울특별시,11,종로구,11110,경기도,41,397,2729,385,558,1329,77,719,339,1935,1440,290
20190408,서울특별시,11,종로구,11110,강원도,42,54,281,148,36,104,6,50,46,172,178,37
20190408,서울특별시,11,종로구,11110,충청북도,43,38,269,43,54,117,4,62,26,206,165,27
20190408,서울특별시,11,종로구,11110,충청남도,44,51,367,44,76,191,6,90,56,287,235,37
20190408,서울특별시,11,종로구,11110,전라북도,45,37,284,27,53,139,5,60,53,215,147,30
20190408,서울특별시,11,종로구,11110,전라남도,46,44,241,27,39,134,6,65,37,203,159,21
20190408,서울특별시,11,종로구,11110,경상북도,47,52,388,37,92,192,18,80,65,329,216,59
20190408,서울특별시,11,종로구,11110,경상남도,48,102,469,51,127,321,8,96,64,404,315,66
20190408,서울특별시,11,종로구,11110,제주특별자치도,50,8,105,9,21,29,0,18,22,82,58,12
20190408,서울특별시,11,용산구,11170,제주특별자치도,50,12,91,15,571,59,10,29,15,84,142,10
20190408,서울특별시,11,용산구,11170,경상남도,48,87,677,37,3625,465,77,145,112,489,638,110
20190408,서울특별시,11,용산구,11170,경상북도,47,63,524,51,2672,350,42,99,75,375,448,123
20190408,서울특별시,11,용산구,11170,전라남도,46,30,327,26,1730,228,30,63,56,229,293,68
20190408,서울특별시,11,용산구,11170,전라북도,45,44,408,30,1883,225,36,66,59,263,308,74
20190408,서울특별시,11,용산구,11170,충청남도,44,65,509,74,2804,338,52,110,91,330,385,73
20190408,서울특별시,11,용산구,11170,충청북도,43,44,419,28,1948,222,48,72,59,237,332,76
20190408,서울특별시,11,용산구,11170,강원도,42,64,350,31,1726,186,30,78,55,215,306,48
20190408,서울특별시,11,광진구,11215,경상북도,47,44,391,30,303,266,51,269,57,322,171,174
20190408,서울특별시,11,광진구,11215,경상남도,48,58,508,36,433,474,62,346,92,443,246,211
20190408,서울특별시,11,광진구,11215,제주특별자치도,50,10,82,3,46,51,8,23,7,104,33,36
20190408,서울특별시,11,구로구,11530,서울특별시,11,181,1961,282,1034,3048,202,947,137,1357,682,1754
20190408,서울특별시,11,구로구,11530,부산광역시,26,46,502,76,266,917,55,357,54,335,182,564
20190408,서울특별시,11,구로구,11530,대구광역시,27,28,379,59,171,626,43,269,36,251,118,395
20190408,서울특별시,11,구로구,11530,인천광역시,28,56,492,65,233,741,61,289,61,360,183,484
20190408,서울특별시,11,구로구,11530,광주광역시,29,20,219,23,97,413,28,158,22,202,90,231
20190408,서울특별시,11,구로구,11530,대전광역시,30,22,247,33,146,401,28,149,54,164,97,246
20190408,서울특별시,11,구로구,11530,울산광역시,31,15,165,18,70,308,15,152,22,125,73,206
20190408,서울특별시,11,구로구,11530,세종특별자치시,36,10,76,4,25,94,8,36,15,48,13,50
20190408,서울특별시,11,구로구,11530,경기도,41,271,2306,325,1182,3718,276,1356,195,1850,891,2366
20190408,서울특별시,11,구로구,11530,강원도,42,12,294,29,117,376,35,153,17,173,78,226
20190408,서울특별시,11,구로구,11530,충청북도,43,23,259,36,156,407,43,206,24,182,101,267
20190408,서울특별시,11,구로구,11530,충청남도,44,37,379,49,155,495,48,228,42,257,154,347
20190408,서울특별시,11,구로구,11530,전라북도,45,23,318,26,135,351,24,192,20,190,95,232
20190408,서울특별시,11,구로구,11530,전라남도,46,18,283,22,142,308,35,196,24,178,78,254
20190408,서울특별시,11,송파구,11710,대구광역시,27,47,455,37,281,440,45,296,55,697,273,297
20190408,서울특별시,11,송파구,11710,부산광역시,26,49,686,64,420,572,51,528,88,1075,386,409
20190408,서울특별시,11,송파구,11710,서울특별시,11,223,2616,344,1300,1730,231,2759,273,3925,1403,1492
20190408,서울특별시,11,용산구,11170,경기도,41,391,3601,336,19122,2247,351,741,545,2805,3195,585
20190408,서울특별시,11,구로구,11530,경상북도,47,35,397,42,202,600,36,257,34,300,112,366
20190408,서울특별시,11,구로구,11530,경상남도,48,54,476,55,242,774,70,420,76,337,192,484
20190408,서울특별시,11,구로구,11530,제주특별자치도,50,6,66,3,31,228,15,61,36,45,31,62
20190408,서울특별시,11,도봉구,11320,인천광역시,28,70,454,113,570,720,47,888,88,479,406,600
20190408,서울특별시,11,도봉구,11320,광주광역시,29,27,194,86,299,354,28,406,32,224,232,291
20190408,서울특별시,11,도봉구,11320,대전광역시,30,35,215,67,281,386,18,492,37,215,218,303
20190408,서울특별시,11,도봉구,11320,울산광역시,31,30,156,39,207,216,26,310,38,215,183,242
20190408,서울특별시,11,도봉구,11320,세종특별자치시,36,8,43,10,66,67,9,93,24,59,49,75
20190408,서울특별시,11,도봉구,11320,경기도,41,348,2080,765,2794,3173,298,3963,448,2521,1974,2478
20190408,서울특별시,11,도봉구,11320,강원도,42,33,259,67,292,400,26,479,46,235,204,237
20190408,서울특별시,11,도봉구,11320,충청북도,43,31,208,61,279,334,21,489,45,273,223,263
20190408,서울특별시,11,강서구,11500,경기도,41,514,2773,623,1819,3989,421,3998,845,5526,1760,3193
20190408,서울특별시,11,강서구,11500,강원도,42,60,239,58,228,578,51,490,108,1092,235,502
20190408,서울특별시,11,강서구,11500,충청북도,43,66,315,72,214,545,55,584,90,816,206,428
20190408,서울특별시,11,강서구,11500,충청남도,44,80,396,77,283,741,54,614,125,1167,300,607
20190408,서울특별시,11,강서구,11500,전라북도,45,58,434,58,202,502,44,441,111,717,201,503
20190408,서울특별시,11,도봉구,11320,충청남도,44,42,301,76,399,481,37,661,54,379,318,368
20190408,서울특별시,11,도봉구,11320,전라북도,45,29,179,105,273,337,27,375,31,234,212,252
20190408,서울특별시,11,도봉구,11320,전라남도,46,26,178,86,238,259,23,361,40,253,231,263
20190408,서울특별시,11,강서구,11500,전라남도,46,65,203,52,215,461,49,450,78,789,196,383
20190408,서울특별시,11,강서구,11500,경상북도,47,70,347,79,296,726,84,660,135,1152,341,684
20190408,서울특별시,11,강서구,11500,경상남도,48,131,759,129,415,963,85,872,228,1302,411,743
20190408,서울특별시,11,강서구,11500,제주특별자치도,50,19,70,28,53,90,10,97,27,188,44,65
20190408,서울특별시,11,성동구,11200,제주특별자치도,50,13,129,14,44,69,9,38,6,173,45,31
20190408,서울특별시,11,성동구,11200,경상남도,48,41,542,118,238,364,102,275,94,995,206,215
20190408,서울특별시,11,성동구,11200,경상북도,47,46,412,95,151,288,72,194,81,770,154,139
20190408,서울특별시,11,마포구,11440,제주특별자치도,50,9,94,35,36,131,3,68,13,188,134,31
20190408,서울특별시,11,마포구,11440,경상남도,48,46,587,129,272,787,38,646,130,744,624,189
20190408,서울특별시,11,마포구,11440,경상북도,47,28,438,96,191,537,22,472,99,616,456,146
20190408,서울특별시,11,마포구,11440,전라남도,46,15,222,63,147,391,10,302,58,418,337,88
20190408,서울특별시,11,마포구,11440,전라북도,45,23,286,78,114,402,13,343,66,468,360,108
20190408,서울특별시,11,마포구,11440,충청남도,44,33,414,82,163,542,15,458,85,652,504,133
20190408,서울특별시,11,마포구,11440,충청북도,43,23,272,75,112,382,19,329,66,493,349,103
20190408,서울특별시,11,마포구,11440,강원도,42,21,254,65,120,385,11,263,58,412,338,77
20190408,서울특별시,11,마포구,11440,경기도,41,271,3089,678,1289,3680,154,3128,675,4563,3241,1020
20190408,서울특별시,11,성동구,11200,전라남도,46,26,264,55,96,188,56,118,45,459,107,97
20190408,서울특별시,11,성동구,11200,전라북도,45,23,326,52,131,170,33,137,25,601,117,91
20190408,서울특별시,11,성동구,11200,충청남도,44,56,429,65,185,232,65,213,55,706,144,121
20190408,서울특별시,11,성동구,11200,충청북도,43,32,295,49,137,223,56,149,42,566,96,100
20190408,서울특별시,11,성동구,11200,강원도,42,30,331,54,118,202,31,146,32,495,103,89
20190408,서울특별시,11,성동구,11200,경기도,41,334,3460,603,1255,2014,457,1364,380,5455,1289,988
20190408,서울특별시,11,성동구,11200,세종특별자치시,36,4,59,18,42,51,10,42,11,117,23,31
20190408,서울특별시,11,성동구,11200,울산광역시,31,22,211,53,88,132,38,101,39,421,89,73
20190408,서울특별시,11,성동구,11200,대전광역시,30,39,357,63,136,171,66,157,27,620,128,80
20190408,서울특별시,11,성동구,11200,광주광역시,29,40,383,54,115,183,53,146,36,540,116,96
20190408,서울특별시,11,성동구,11200,인천광역시,28,53,727,121,253,376,104,300,80,1075,250,195
20190408,서울특별시,11,성동구,11200,대구광역시,27,43,453,107,188,261,80,206,72,797,187,146
20190408,서울특별시,11,성동구,11200,부산광역시,26,63,651,143,278,411,117,335,92,1150,280,235
20190408,서울특별시,11,성동구,11200,서울특별시,11,261,3198,485,1165,1418,406,1247,255,4687,1362,952
20190408,서울특별시,11,마포구,11440,세종특별자치시,36,6,85,22,44,88,0,90,29,96,87,23
20190408,서울특별시,11,마포구,11440,울산광역시,31,15,212,35,62,292,12,222,59,325,253,74
20190408,서울특별시,11,마포구,11440,대전광역시,30,22,276,100,133,373,6,317,84,492,354,118
20190408,서울특별시,11,마포구,11440,광주광역시,29,9,248,70,119,340,8,313,71,457,420,88
20190408,서울특별시,11,마포구,11440,인천광역시,28,48,605,127,252,741,23,682,159,830,688,205
20190408,서울특별시,11,마포구,11440,대구광역시,27,34,450,113,252,582,16,482,123,727,555,163
20190408,서울특별시,11,마포구,11440,부산광역시,26,49,625,137,283,862,35,702,154,927,710,222
20190408,서울특별시,11,마포구,11440,서울특별시,11,190,2755,653,1239,3157,95,2685,510,3803,2824,795
20190408,서울특별시,11,강서구,11500,세종특별자치시,36,15,65,12,39,101,8,87,29,161,49,82
20190408,서울특별시,11,강서구,11500,울산광역시,31,42,210,34,139,319,31,305,78,392,121,253
20190408,서울특별시,11,강서구,11500,대전광역시,30,45,290,64,211,392,36,425,102,494,167,385
20190408,서울특별시,11,강서구,11500,광주광역시,29,46,281,72,173,388,46,354,88,522,176,323
20190409,서울특별시,11,금천구,11545,서울특별시,11,484,2035,242,1952,1974,334,1754,206,1758,1480,2508
20190409,서울특별시,11,금천구,11545,부산광역시,26,111,480,53,496,569,149,547,47,441,441,764
20190409,서울특별시,11,금천구,11545,대구광역시,27,55,370,71,323,395,89,347,38,350,297,611
20190409,서울특별시,11,금천구,11545,인천광역시,28,113,452,49,504,547,83,522,60,387,355,619
20190409,서울특별시,11,중랑구,11260,서울특별시,11,323,1628,330,873,2054,189,869,326,3138,1193,830
20190409,서울특별시,11,중랑구,11260,부산광역시,26,69,419,59,193,489,53,231,79,936,380,237
20190409,서울특별시,11,중랑구,11260,대구광역시,27,58,338,40,155,355,36,172,60,656,242,155
20190409,서울특별시,11,중랑구,11260,인천광역시,28,81,430,53,161,487,47,240,94,978,317,245
20190409,서울특별시,11,중랑구,11260,광주광역시,29,38,242,27,102,218,30,83,38,450,170,79
20190409,서울특별시,11,중랑구,11260,대전광역시,30,32,196,32,127,223,25,74,37,427,198,104
20190409,서울특별시,11,중랑구,11260,울산광역시,31,21,158,18,76,176,30,70,36,338,139,80
20190409,서울특별시,11,중랑구,11260,세종특별자치시,36,10,27,12,20,57,4,34,17,94,49,17
20190409,서울특별시,11,중랑구,11260,경기도,41,414,2128,328,879,2381,253,976,501,4476,1631,1004
20190409,서울특별시,11,중랑구,11260,강원도,42,42,204,24,84,242,31,114,40,385,162,90
20190409,서울특별시,11,중랑구,11260,충청북도,43,45,236,38,122,264,22,132,50,472,183,112
20190409,서울특별시,11,금천구,11545,광주광역시,29,68,249,29,223,281,50,238,39,288,199,329
20190409,서울특별시,11,성북구,11290,서울특별시,11,291,2916,518,1334,2242,362,1832,509,11663,4756,1838
20190409,서울특별시,11,성북구,11290,부산광역시,26,61,820,82,332,685,100,521,152,3386,1221,515
20190409,서울특별시,11,성북구,11290,대구광역시,27,56,491,73,241,509,99,348,115,2508,931,403
20190409,서울특별시,11,성북구,11290,인천광역시,28,89,775,193,369,613,128,423,149,3296,1187,550
20190409,서울특별시,11,금천구,11545,대전광역시,30,45,228,27,282,296,43,248,43,261,219,303
20190409,서울특별시,11,금천구,11545,울산광역시,31,45,163,14,174,193,26,155,34,125,132,228
20190409,서울특별시,11,금천구,11545,세종특별자치시,36,6,54,12,50,61,19,55,7,61,45,88
20190409,서울특별시,11,서대문구,11410,제주특별자치도,50,0,14,0,0,39,0,6,3,35,6,13
20190409,서울특별시,11,서대문구,11410,경상남도,48,8,105,12,36,456,12,141,25,182,46,106
20190409,서울특별시,11,서대문구,11410,경상북도,47,6,73,23,22,299,5,122,21,164,29,83
20190409,서울특별시,11,서대문구,11410,전라남도,46,7,38,7,11,215,0,54,13,87,21,41
20190409,서울특별시,11,서대문구,11410,전라북도,45,0,73,38,17,224,7,75,15,124,21,65
20190409,서울특별시,11,서대문구,11410,충청남도,44,8,75,13,20,301,5,94,24,141,36,77
20190409,서울특별시,11,서대문구,11410,충청북도,43,5,54,6,13,185,6,56,12,134,20,52
20190409,서울특별시,11,서대문구,11410,강원도,42,4,65,13,12,215,7,41,8,94,16,53
20190409,서울특별시,11,서대문구,11410,경기도,41,52,552,111,139,1791,78,579,110,1228,253,544
20190409,서울특별시,11,서대문구,11410,세종특별자치시,36,0,14,0,5,27,0,15,6,17,6,7
20190409,서울특별시,11,서대문구,11410,울산광역시,31,3,43,6,17,147,0,32,10,71,12,26
20190409,서울특별시,11,서대문구,11410,대전광역시,30,4,53,0,13,187,0,71,10,99,26,41
20190409,서울특별시,11,서대문구,11410,광주광역시,29,7,51,11,13,202,5,55,10,116,24,45
20190409,서울특별시,11,서대문구,11410,인천광역시,28,10,137,12,25,386,10,116,33,231,44,121
20190409,서울특별시,11,서대문구,11410,대구광역시,27,5,92,9,11,284,11,91,15,165,32,72
20190409,서울특별시,11,서대문구,11410,부산광역시,26,10,135,34,26,379,18,127,29,198,56,100
20190409,서울특별시,11,서대문구,11410,서울특별시,11,28,571,103,187,1276,66,425,85,1044,239,350
20190409,서울특별시,11,금천구,11545,경기도,41,610,2452,264,2480,2699,422,2420,343,2106,1800,2973
20190409,서울특별시,11,강북구,11305,제주특별자치도,50,3,35,0,0,10,0,5,12,98,19,6
20190409,서울특별시,11,강북구,11305,경상남도,48,8,162,11,36,117,14,45,75,583,107,27
20190409,서울특별시,11,강북구,11305,경상북도,47,13,90,9,27,59,6,27,71,430,98,17
20190409,서울특별시,11,강북구,11305,전라남도,46,7,86,8,18,51,6,18,40,282,62,9
20190409,서울특별시,11,강북구,11305,전라북도,45,6,76,6,20,48,0,23,34,315,59,15
20190409,서울특별시,11,강북구,11305,충청남도,44,10,109,13,33,65,5,25,57,443,96,15
20190409,서울특별시,11,강북구,11305,충청북도,43,13,91,8,18,54,4,16,32,342,63,16
20190409,서울특별시,11,강북구,11305,강원도,42,6,68,7,13,45,7,9,27,295,59,6
20190409,서울특별시,11,강북구,11305,경기도,41,61,755,123,223,530,46,174,316,2733,676,109
20190409,서울특별시,11,강북구,11305,세종특별자치시,36,0,14,3,7,12,0,6,12,74,18,3
20190409,서울특별시,11,강북구,11305,울산광역시,31,3,45,5,11,30,0,16,21,227,47,9
20190409,서울특별시,11,강북구,11305,대전광역시,30,9,78,8,27,56,4,20,27,293,55,16
20190409,서울특별시,11,금천구,11545,강원도,42,62,240,30,228,282,45,254,35,207,195,260
20190409,서울특별시,11,영등포구,11560,서울특별시,11,62,1805,790,1872,1104,168,897,74,942,427,504
20190409,서울특별시,11,중구,11140,경상북도,47,62,395,40,71,325,74,135,30,881,212,61
20190409,서울특별시,11,관악구,11620,경상북도,47,30,125,34,39,62,7,83,13,167,47,193
20190409,서울특별시,11,관악구,11620,전라남도,46,15,90,19,22,34,10,54,10,141,31,136
20190409,서울특별시,11,관악구,11620,전라북도,45,8,89,31,33,44,4,42,8,138,36,126
20190409,서울특별시,11,관악구,11620,충청남도,44,22,109,33,56,69,3,81,11,187,50,192
20190409,서울특별시,11,관악구,11620,제주특별자치도,50,5,20,6,18,14,0,9,6,44,11,29
20190409,서울특별시,11,중랑구,11260,충청남도,44,62,308,32,151,370,36,127,75,579,232,176
20190409,서울특별시,11,중랑구,11260,전라북도,45,34,232,21,101,254,32,91,38,441,191,110
20190409,서울특별시,11,중랑구,11260,전라남도,46,31,231,22,90,243,27,108,48,421,203,103
20190409,서울특별시,11,중랑구,11260,경상북도,47,50,323,34,148,373,44,183,145,632,238,157
20190409,서울특별시,11,중랑구,11260,경상남도,48,73,420,44,192,500,68,254,106,904,351,192
20190409,서울특별시,11,중랑구,11260,제주특별자치도,50,7,51,8,37,51,9,16,11,93,40,17
20190409,서울특별시,11,관악구,11620,충청북도,43,11,90,18,30,46,3,59,6,139,30,119
20190409,서울특별시,11,관악구,11620,강원도,42,14,89,29,31,42,4,61,9,97,27,129
20190409,서울특별시,11,관악구,11620,경기도,41,178,756,292,342,522,58,845,82,1520,355,1293
20190409,서울특별시,11,강북구,11305,광주광역시,29,5,82,11,21,50,4,26,31,280,55,7
20190409,서울특별시,11,강북구,11305,인천광역시,28,10,151,19,37,109,4,35,72,541,124,39
20190409,서울특별시,11,강북구,11305,대구광역시,27,13,109,13,25,86,5,14,62,399,89,19
20190409,서울특별시,11,강북구,11305,부산광역시,26,8,142,13,48,80,6,46,56,561,129,24
20190409,서울특별시,11,강북구,11305,서울특별시,11,66,544,69,180,334,26,154,196,1936,462,97
20190409,서울특별시,11,관악구,11620,세종특별자치시,36,5,18,7,8,7,0,19,4,31,5,22
20190409,서울특별시,11,관악구,11620,울산광역시,31,12,62,9,27,41,4,45,0,98,21,100
20190409,서울특별시,11,관악구,11620,대전광역시,30,13,92,26,32,45,6,71,12,122,49,136
20190409,서울특별시,11,관악구,11620,광주광역시,29,16,108,35,24,62,0,41,5,126,31,140
20190409,서울특별시,11,관악구,11620,인천광역시,28,31,147,54,56,126,11,172,11,254,57,233
20190409,서울특별시,11,관악구,11620,대구광역시,27,24,103,43,52,67,8,104,12,166,45,247
20190409,서울특별시,11,관악구,11620,부산광역시,26,34,169,69,77,87,12,133,13,268,92,293
20190409,서울특별시,11,관악구,11620,서울특별시,11,117,731,353,322,380,29,907,39,1137,270,990
20190409,서울특별시,11,용산구,11170,제주특별자치도,50,8,84,12,301,45,41,10,9,67,17,23
20190409,서울특별시,11,용산구,11170,경상남도,48,35,480,29,2395,236,177,99,43,390,128,103
20190409,서울특별시,11,용산구,11170,경상북도,47,49,406,13,1882,201,125,62,41,310,95,73
20190409,서울특별시,11,용산구,11170,전라남도,46,13,224,16,1130,101,83,30,29,164,62,42
20190409,서울특별시,11,용산구,11170,전라북도,45,17,262,15,1177,116,84,52,32,203,62,65
20190409,서울특별시,11,용산구,11170,충청남도,44,23,356,24,1810,184,105,58,42,284,104,58
20190409,서울특별시,11,용산구,11170,충청북도,43,33,274,17,1358,132,69,55,27,193,75,57
20190409,서울특별시,11,용산구,11170,강원도,42,22,195,21,1190,156,75,36,17,184,62,49
20190409,서울특별시,11,강동구,11740,제주특별자치도,50,10,39,8,6,40,6,27,0,29,12,12
20190409,서울특별시,11,구로구,11530,제주특별자치도,50,0,57,7,27,85,5,60,7,53,41,40
20190409,서울특별시,11,구로구,11530,경상남도,48,34,362,53,138,426,50,295,61,422,218,250
20190409,서울특별시,11,구로구,11530,경상북도,47,22,312,37,99,308,42,204,38,309,180,168
20190409,서울특별시,11,구로구,11530,전라남도,46,10,169,24,61,198,26,126,26,218,148,103
20190409,서울특별시,11,구로구,11530,전라북도,45,11,207,49,81,186,27,152,18,222,129,108
20190409,서울특별시,11,구로구,11530,충청남도,44,31,276,34,111,288,48,171,45,297,153,146
20190409,서울특별시,11,구로구,11530,충청북도,43,16,207,29,86,209,28,154,21,212,103,123
20190409,서울특별시,11,구로구,11530,강원도,42,20,201,37,90,198,22,106,27,184,128,90
20190409,서울특별시,11,구로구,11530,경기도,41,147,1907,323,756,1870,205,1119,203,1923,917,1085
20190409,서울특별시,11,구로구,11530,세종특별자치시,36,4,51,14,19,34,8,37,19,37,25,34
20190409,서울특별시,11,구로구,11530,울산광역시,31,14,149,20,55,143,17,76,22,156,86,84
20190409,서울특별시,11,구로구,11530,대전광역시,30,12,184,31,79,235,20,121,47,148,99,130
20190409,서울특별시,11,구로구,11530,광주광역시,29,13,165,41,81,180,22,120,20,214,81,127
20190409,서울특별시,11,구로구,11530,인천광역시,28,19,390,48,156,359,41,206,59,359,162,247
20190409,서울특별시,11,구로구,11530,대구광역시,27,17,295,47,131,298,39,196,30,276,131,160
20190409,서울특별시,11,구로구,11530,부산광역시,26,26,397,75,188,402,56,315,50,347,192,279
20190409,서울특별시,11,구로구,11530,서울특별시,11,85,1564,293,613,1476,118,769,104,1169,628,856
20190409,서울특별시,11,강동구,11740,경상남도,48,63,198,144,38,273,24,220,32,185,89,88
20190409,서울특별시,11,강동구,11740,경상북도,47,55,149,114,36,211,26,149,32,133,58,64
20190409,서울특별시,11,강동구,11740,전라남도,46,52,103,77,20,177,13,116,13,87,34,48
20190409,서울특별시,11,강동구,11740,전라북도,45,59,95,69,15,163,16,85,16,120,45,26
20190409,서울특별시,11,강동구,11740,충청남도,44,64,153,99,41,178,14,179,17,146,58,58
20190409,서울특별시,11,강동구,11740,충청북도,43,40,104,70,28,158,19,91,16,114,42,40
20190409,서울특별시,11,강동구,11740,강원도,42,40,116,62,20,170,17,126,18,103,43,46
20190409,서울특별시,11,강동구,11740,경기도,41,420,1037,714,262,1427,177,1061,159,1302,456,376
20190409,서울특별시,11,강동구,11740,세종특별자치시,36,7,12,29,6,35,5,18,3,16,7,4
20190409,서울특별시,11,강동구,11740,울산광역시,31,38,65,53,17,101,7,71,9,86,36,25
20190409,서울특별시,11,서초구,11650,제주특별자치도,50,10,112,29,52,44,7,49,7,35,23,28
20190409,서울특별시,11,서초구,11650,경상남도,48,46,557,131,185,260,27,277,33,224,151,258
20190409,서울특별시,11,서초구,11650,경상북도,47,32,360,127,155,223,44,189,41,198,124,162
20190409,서울특별시,11,서초구,11650,전라남도,46,26,244,60,93,146,22,112,20,103,82,109
20190409,서울특별시,11,서초구,11650,전라북도,45,23,297,199,116,138,25,129,20,133,99,127
20190409,서울특별시,11,서초구,11650,충청남도,44,43,338,100,143,209,22,203,26,138,152,154
20190409,서울특별시,11,서초구,11650,충청북도,43,28,241,66,117,138,13,129,15,134,95,125
20190409,서울특별시,11,영등포구,11560,부산광역시,26,19,442,98,449,282,47,262,14,247,116,149
20190409,서울특별시,11,영등포구,11560,대구광역시,27,16,295,86,317,256,39,159,15,157,63,122
20190409,서울특별시,11,영등포구,11560,인천광역시,28,17,446,138,555,321,51,209,21,236,102,144
20190409,서울특별시,11,영등포구,11560,광주광역시,29,0,182,40,233,340,18,100,7,99,44,66
20190409,서울특별시,11,영등포구,11560,대전광역시,30,10,192,61,236,186,30,127,13,107,58,65
20190409,서울특별시,11,영등포구,11560,울산광역시,31,8,173,35,151,142,18,74,4,88,27,42
20190409,서울특별시,11,영등포구,11560,세종특별자치시,36,3,46,11,53,54,0,33,0,21,14,15
20190409,서울특별시,11,영등포구,11560,경기도,41,111,2144,623,2160,1656,218,1083,96,1348,528,617
20190409,서울특별시,11,영등포구,11560,강원도,42,14,192,41,211,154,17,132,12,93,45,66
20190409,서울특별시,11,영등포구,11560,충청북도,43,12,220,52,237,177,26,123,12,122,48,60
20190409,서울특별시,11,영등포구,11560,충청남도,44,13,294,75,318,233,38,167,9,150,64,73
20190409,서울특별시,11,영등포구,11560,전라북도,45,9,222,105,266,160,35,115,5,111,37,57
20190409,서울특별시,11,영등포구,11560,전라남도,46,10,204,32,235,150,29,109,11,85,45,68
20190409,서울특별시,11,영등포구,11560,경상북도,47,16,294,56,330,234,38,201,9,143,64,94
20190409,서울특별시,11,서초구,11650,강원도,42,21,226,56,119,143,16,132,19,146,80,107
20190409,서울특별시,11,서초구,11650,경기도,41,233,3088,784,1240,1437,254,1519,219,1789,1071,1258
20190409,서울특별시,11,서초구,11650,세종특별자치시,36,7,64,17,30,25,4,30,8,32,30,31
20190409,서울특별시,11,서초구,11650,울산광역시,31,17,158,34,91,100,24,85,14,81,66,82
20190409,서울특별시,11,서초구,11650,대전광역시,30,21,343,61,103,147,17,144,18,118,148,118
20190409,서울특별시,11,서초구,11650,광주광역시,29,20,270,96,106,122,9,131,26,134,102,144
20190409,서울특별시,11,서초구,11650,인천광역시,28,39,470,104,229,304,30,297,33,278,212,261
20190409,서울특별시,11,서초구,11650,대구광역시,27,36,410,109,138,208,30,213,19,191,134,236
20190409,서울특별시,11,도봉구,11320,서울특별시,11,121,1224,298,1090,637,114,2191,154,1077,748,1388
20190409,서울특별시,11,도봉구,11320,부산광역시,26,29,337,74,291,197,28,673,47,325,208,439
20190409,서울특별시,11,도봉구,11320,대구광역시,27,20,234,50,184,146,12,428,29,222,140,319
20190409,서울특별시,11,도봉구,11320,인천광역시,28,29,376,49,270,182,41,676,73,330,200,461
20190409,서울특별시,11,도봉구,11320,광주광역시,29,15,172,32,124,90,13,306,19,165,125,203
20190409,서울특별시,11,도봉구,11320,대전광역시,30,6,148,40,125,97,14,319,26,164,105,251
20190409,서울특별시,11,도봉구,11320,울산광역시,31,12,119,20,107,60,13,229,15,146,75,133
20190409,서울특별시,11,도봉구,11320,세종특별자치시,36,0,29,8,32,17,0,55,9,38,18,53
20190409,서울특별시,11,도봉구,11320,경기도,41,166,1652,363,1349,893,131,2863,217,1713,1065,1865
20190409,서울특별시,11,금천구,11545,충청북도,43,57,223,35,285,283,53,243,35,244,179,240
20190409,서울특별시,11,금천구,11545,충청남도,44,72,350,33,357,405,79,327,48,307,275,491
20190409,서울특별시,11,금천구,11545,전라북도,45,70,261,38,267,283,56,281,29,265,195,297
20190409,서울특별시,11,금천구,11545,전라남도,46,63,232,29,235,286,59,231,36,206,184,257
20190409,서울특별시,11,금천구,11545,경상북도,47,85,337,33,346,425,88,349,50,351,286,510
20190409,서울특별시,11,금천구,11545,경상남도,48,109,457,76,499,487,106,485,58,414,335,651
20190409,서울특별시,11,금천구,11545,제주특별자치도,50,15,81,7,63,80,17,22,6,62,53,64
20190409,서울특별시,11,서초구,11650,부산광역시,26,56,624,149,217,276,41,319,43,261,217,242
20190409,서울특별시,11,서초구,11650,서울특별시,11,220,2900,749,996,1085,175,1656,142,1333,907,1079
20190409,서울특별시,11,성동구,11200,제주특별자치도,50,7,126,55,20,35,6,25,3,118,39,41
20190409,서울특별시,11,성동구,11200,경상남도,48,46,386,111,177,249,73,197,61,597,147,161
20190409,서울특별시,11,성동구,11200,경상북도,47,37,327,77,112,215,41,128,53,455,96,135
20190409,서울특별시,11,성동구,11200,전라남도,46,19,221,41,76,120,29,70,22,313,63,60
20190409,서울특별시,11,성동구,11200,전라북도,45,20,234,63,79,104,27,109,19,368,71,96
20190409,서울특별시,11,성동구,11200,충청남도,44,42,343,46,106,159,39,175,34,406,98,103
20190409,서울특별시,11,성동구,11200,충청북도,43,19,201,27,75,113,31,120,18,364,79,87
20190409,서울특별시,11,성동구,11200,강원도,42,25,234,51,62,128,29,135,17,312,87,77
20190409,서울특별시,11,성동구,11200,경기도,41,215,2756,658,809,1314,304,1096,229,3404,950,790
20190409,서울특별시,11,성동구,11200,세종특별자치시,36,7,60,19,23,22,11,24,6,69,21,15
20190409,서울특별시,11,성동구,11200,울산광역시,31,46,161,55,46,90,11,69,21,219,65,66
20190409,서울특별시,11,성동구,11200,대전광역시,30,26,218,58,90,122,25,169,24,354,76,107
20190409,서울특별시,11,성동구,11200,광주광역시,29,29,211,62,97,103,22,66,19,332,101,106
20190409,서울특별시,11,강동구,11740,대전광역시,30,62,120,86,16,133,9,102,15,99,51,38
20190409,서울특별시,11,강동구,11740,광주광역시,29,38,102,88,30,119,8,98,11,118,42,45
20190409,서울특별시,11,용산구,11170,경기도,41,238,2415,264,13430,1396,681,470,253,2232,718,538
20190409,서울특별시,11,용산구,11170,세종특별자치시,36,8,54,4,323,39,9,14,9,63,22,14
20190409,서울특별시,11,동대문구,11230,충청남도,44,102,336,10,122,346,32,399,59,788,157,111
20190409,서울특별시,11,동대문구,11230,충청북도,43,64,203,21,72,211,16,248,36,579,106,86
20190409,서울특별시,11,동대문구,11230,강원도,42,71,242,26,78,240,14,255,35,540,101,66
20190409,서울특별시,11,동대문구,11230,경기도,41,669,2293,225,752,2160,185,2345,325,5694,1020,825
20190409,서울특별시,11,동대문구,11230,세종특별자치시,36,16,62,10,16,62,5,52,11,120,23,23
20190409,서울특별시,11,동대문구,11230,울산광역시,31,30,173,21,61,122,15,167,36,487,78,69
20190409,서울특별시,11,동작구,11590,서울특별시,11,144,555,306,311,402,141,235,37,904,294,990
20190409,서울특별시,11,동작구,11590,부산광역시,26,24,113,54,70,104,19,60,15,154,78,227
20190409,서울특별시,11,동작구,11590,대구광역시,27,31,77,54,39,71,19,32,16,139,56,149
20190409,서울특별시,11,동작구,11590,인천광역시,28,40,146,60,68,108,28,157,22,197,66,220
20190409,서울특별시,11,동작구,11590,광주광역시,29,16,55,32,32,48,9,20,16,82,32,86
20190409,서울특별시,11,동작구,11590,대전광역시,30,12,49,32,39,46,15,32,14,73,31,116
20190409,서울특별시,11,동작구,11590,울산광역시,31,11,42,16,19,32,9,13,5,51,25,69
20190409,서울특별시,11,동작구,11590,세종특별자치시,36,3,13,11,8,10,4,10,6,23,14,30
20190409,서울특별시,11,동작구,11590,경기도,41,155,594,321,343,558,170,256,94,1156,416,1029
20190409,서울특별시,11,동작구,11590,강원도,42,23,53,26,29,46,13,26,12,89,33,80
20190409,서울특별시,11,동작구,11590,충청북도,43,19,58,36,30,61,11,35,19,106,30,100
20190409,서울특별시,11,동작구,11590,충청남도,44,27,77,34,39,84,21,37,16,113,57,128
20190409,서울특별시,11,동작구,11590,전라북도,45,16,61,40,32,52,14,28,19,106,30,83
20190409,서울특별시,11,동작구,11590,전라남도,46,28,43,28,37,51,15,26,12,74,25,71
20190409,서울특별시,11,동작구,11590,경상북도,47,25,83,57,53,92,23,42,28,121,48,135
20190409,서울특별시,11,동작구,11590,경상남도,48,34,99,43,63,112,19,48,24,155,62,187
20190409,서울특별시,11,동작구,11590,제주특별자치도,50,5,30,12,6,18,4,16,3,25,13,32
20190409,서울특별시,11,영등포구,11560,경상남도,48,15,471,98,442,315,51,270,19,214,87,127
20190409,서울특별시,11,영등포구,11560,제주특별자치도,50,0,58,17,47,84,4,35,0,43,7,18
20190409,서울특별시,11,동대문구,11230,대전광역시,30,76,230,24,69,205,12,262,31,566,111,84
20190409,서울특별시,11,동대문구,11230,광주광역시,29,63,243,20,74,228,13,210,31,642,116,90
20190409,서울특별시,11,동대문구,11230,인천광역시,28,145,473,41,130,419,20,562,81,1227,213,173
20190409,서울특별시,11,동대문구,11230,대구광역시,27,72,351,39,100,297,25,368,49,821,153,128
20190409,서울특별시,11,동대문구,11230,부산광역시,26,131,445,35,148,440,25,544,69,1175,216,152
20190409,서울특별시,11,동대문구,11230,서울특별시,11,612,1670,182,574,1499,110,1649,204,4098,883,534
20190409,서울특별시,11,강동구,11740,인천광역시,28,86,210,134,59,276,37,224,33,246,85,70
20190409,서울특별시,11,강동구,11740,대구광역시,27,64,185,151,34,188,12,165,22,159,59,72
20190409,서울특별시,11,강동구,11740,부산광역시,26,99,266,183,47,275,18,262,34,263,112,74
20190409,서울특별시,11,강동구,11740,서울특별시,11,341,963,617,232,1052,112,993,103,1048,397,305
20190409,서울특별시,11,용산구,11170,울산광역시,31,14,166,14,879,92,63,27,15,149,38,34
20190409,서울특별시,11,용산구,11170,대전광역시,30,17,320,16,1460,119,83,44,23,195,81,29
20190409,서울특별시,11,용산구,11170,광주광역시,29,22,251,23,1090,115,72,33,17,200,48,46
20190409,서울특별시,11,용산구,11170,인천광역시,28,41,533,50,2606,252,127,106,82,431,135,110
20190409,서울특별시,11,중구,11140,경상남도,48,65,558,66,119,452,110,172,25,1155,267,85
20190409,서울특별시,11,중구,11140,제주특별자치도,50,18,94,18,24,66,6,38,4,196,52,12
20190409,서울특별시,11,중구,11140,서울특별시,11,363,2349,328,588,2402,326,571,118,5574,1374,375
20190409,서울특별시,11,중구,11140,부산광역시,26,102,587,100,128,535,93,174,30,1331,332,93
20190409,서울특별시,11,중구,11140,대구광역시,27,58,399,58,73,374,62,115,35,962,235,74
20190409,서울특별시,11,중구,11140,인천광역시,28,91,392,50,132,481,74,178,20,1242,315,87
20190409,서울특별시,11,관악구,11620,경상남도,48,34,145,43,76,110,5,118,17,226,68,309
20190409,서울특별시,11,중구,11140,광주광역시,29,38,310,48,47,241,50,80,20,717,167,41
20190409,서울특별시,11,중구,11140,대전광역시,30,57,277,39,69,256,40,79,14,636,137,39
20190409,서울특별시,11,동대문구,11230,제주특별자치도,50,36,74,6,24,50,7,51,9,145,41,8
20190409,서울특별시,11,동대문구,11230,경상남도,48,115,445,25,178,443,31,532,64,1133,228,158
20190409,서울특별시,11,동대문구,11230,경상북도,47,104,326,27,104,380,30,400,65,864,174,141
20190409,서울특별시,11,동대문구,11230,전라남도,46,60,216,18,69,203,27,306,30,559,110,68
20190409,서울특별시,11,중구,11140,울산광역시,31,32,191,21,40,134,28,49,8,430,89,36
20190409,서울특별시,11,강서구,11500,제주특별자치도,50,13,79,16,22,47,5,46,12,100,24,63
20190409,서울특별시,11,성북구,11290,광주광역시,29,33,368,66,149,329,44,241,69,1751,672,239
20190409,서울특별시,11,중구,11140,세종특별자치시,36,12,66,11,20,44,13,15,5,125,33,11
20190409,서울특별시,11,강남구,11680,서울특별시,11,270,3499,625,1109,1577,175,1744,288,4227,1625,2532
20190409,서울특별시,11,강남구,11680,부산광역시,26,51,649,119,192,347,44,439,83,1040,350,713
20190409,서울특별시,11,강남구,11680,대구광역시,27,29,482,98,114,272,21,260,53,695,283,435
20190409,서울특별시,11,강남구,11680,인천광역시,28,53,640,76,172,324,35,331,79,860,338,579
20190409,서울특별시,11,강남구,11680,광주광역시,29,27,262,55,69,169,15,179,24,483,183,306
20190409,서울특별시,11,강남구,11680,대전광역시,30,24,303,70,103,181,18,193,53,435,182,290
20190409,서울특별시,11,강남구,11680,울산광역시,31,11,194,22,57,124,23,144,29,336,109,197
20190409,서울특별시,11,강남구,11680,세종특별자치시,36,9,80,23,18,51,4,37,7,101,43,51
20190409,서울특별시,11,강남구,11680,경기도,41,281,3327,573,1127,1822,246,1807,404,4597,1834,2780
20190409,서울특별시,11,강남구,11680,강원도,42,16,253,62,92,149,33,177,41,367,170,287
20190409,서울특별시,11,강남구,11680,충청북도,43,38,282,79,86,153,22,171,50,431,181,305
20190409,서울특별시,11,강남구,11680,충청남도,44,42,362,67,121,203,20,239,46,582,206,340
20190409,서울특별시,11,강남구,11680,전라북도,45,25,260,35,78,165,19,164,27,456,159,270
20190409,서울특별시,11,강남구,11680,전라남도,46,23,234,60,75,172,16,157,32,342,133,232
20190409,서울특별시,11,강남구,11680,경상북도,47,52,363,59,102,238,23,261,42,534,274,440
20190409,서울특별시,11,강남구,11680,경상남도,48,38,516,80,150,359,41,338,58,742,311,544
20190409,서울특별시,11,강남구,11680,제주특별자치도,50,20,144,18,30,59,7,54,20,160,59,107
20190409,서울특별시,11,도봉구,11320,강원도,42,13,209,22,120,101,18,383,22,162,102,172
20190409,서울특별시,11,성북구,11290,대전광역시,30,32,340,46,156,346,67,219,78,1733,618,239
20190409,서울특별시,11,성북구,11290,울산광역시,31,27,283,12,129,258,42,170,57,1230,418,190
20190409,서울특별시,11,성북구,11290,세종특별자치시,36,10,91,33,43,80,14,42,26,392,167,73
20190409,서울특별시,11,도봉구,11320,충청북도,43,22,179,37,157,84,12,326,21,208,120,236
20190409,서울특별시,11,도봉구,11320,충청남도,44,19,258,26,192,126,18,451,33,256,177,285
20190409,서울특별시,11,도봉구,11320,전라북도,45,14,156,58,136,90,18,328,26,188,115,225
20190409,서울특별시,11,도봉구,11320,전라남도,46,7,147,36,129,82,17,269,24,156,101,193
20190409,서울특별시,11,도봉구,11320,경상북도,47,33,262,41,206,151,20,446,45,246,149,315
20190409,서울특별시,11,도봉구,11320,경상남도,48,34,325,80,272,166,22,590,64,376,193,418
20190409,서울특별시,11,도봉구,11320,제주특별자치도,50,0,39,18,24,13,0,123,6,61,32,43
20190409,서울특별시,11,은평구,11380,서울특별시,11,159,796,182,357,767,191,324,171,859,456,620
20190409,서울특별시,11,은평구,11380,부산광역시,26,36,227,76,73,225,60,103,55,227,127,168
20190409,서울특별시,11,은평구,11380,대구광역시,27,28,139,42,65,185,51,55,54,163,80,92
20190409,서울특별시,11,은평구,11380,인천광역시,28,35,188,39,63,210,52,95,69,251,89,165
20190409,서울특별시,11,은평구,11380,광주광역시,29,26,91,29,36,109,20,41,27,116,58,66
20190409,서울특별시,11,은평구,11380,대전광역시,30,24,86,19,35,87,19,48,30,104,43,60
20190409,서울특별시,11,은평구,11380,울산광역시,31,14,57,21,34,80,19,20,15,87,39,45
20190409,서울특별시,11,은평구,11380,세종특별자치시,36,6,22,0,11,25,11,10,11,23,11,20
20190409,서울특별시,11,은평구,11380,경기도,41,197,994,229,441,1013,254,429,310,1359,552,755
20190409,서울특별시,11,은평구,11380,강원도,42,17,76,25,51,126,23,43,27,97,65,75
20190409,서울특별시,11,성북구,11290,경기도,41,355,3645,783,1668,3035,553,2241,741,15440,5391,2398
20190409,서울특별시,11,성북구,11290,강원도,42,37,335,103,160,342,60,205,79,1612,580,240
20190409,서울특별시,11,성북구,11290,충청북도,43,39,370,44,168,328,63,255,76,1721,530,291
20190409,서울특별시,11,성북구,11290,충청남도,44,66,522,82,230,512,89,318,122,2411,798,369
20190409,서울특별시,11,성북구,11290,전라북도,45,37,370,99,169,387,65,223,83,1940,594,251
20190409,서울특별시,11,성북구,11290,전라남도,46,24,378,96,169,340,45,229,75,1589,524,257
20190409,서울특별시,11,노원구,11350,제주특별자치도,50,0,15,0,4,26,0,10,13,69,9,29
20190409,서울특별시,11,노원구,11350,경상남도,48,23,155,23,44,144,29,38,53,463,66,66
20190409,서울특별시,11,노원구,11350,경상북도,47,18,138,11,28,111,28,51,34,332,55,45
20190409,서울특별시,11,노원구,11350,전라남도,46,6,80,4,16,56,18,36,24,241,32,32
20190409,서울특별시,11,노원구,11350,전라북도,45,10,79,10,22,79,6,28,23,265,50,38
20190409,서울특별시,11,노원구,11350,충청남도,44,11,138,25,23,89,18,46,33,358,53,66
20190409,서울특별시,11,노원구,11350,충청북도,43,10,86,15,27,50,14,33,22,256,46,39
20190409,서울특별시,11,노원구,11350,강원도,42,6,84,12,30,76,12,61,19,221,37,26
20190409,서울특별시,11,노원구,11350,경기도,41,129,809,166,264,757,178,334,214,2510,430,382
20190409,서울특별시,11,은평구,11380,충청북도,43,12,73,31,45,68,36,41,25,123,64,71
20190409,서울특별시,11,은평구,11380,충청남도,44,32,126,34,48,149,40,82,47,152,73,112
20190409,서울특별시,11,은평구,11380,전라북도,45,18,91,40,39,98,38,50,24,115,49,75
20190409,서울특별시,11,은평구,11380,전라남도,46,19,80,26,32,107,25,64,21,105,49,70
20190409,서울특별시,11,은평구,11380,경상북도,47,22,126,33,89,151,50,72,36,144,73,104
20190409,서울특별시,11,은평구,11380,경상남도,48,36,189,49,81,190,67,93,60,212,131,143
20190409,서울특별시,11,은평구,11380,제주특별자치도,50,3,29,5,12,20,8,9,5,37,13,21
20190409,서울특별시,11,송파구,11710,서울특별시,11,111,2052,244,606,1358,161,1903,155,3460,1202,838
20190409,서울특별시,11,송파구,11710,부산광역시,26,22,491,65,132,511,29,318,56,914,357,263
20190409,서울특별시,11,송파구,11710,대구광역시,27,27,328,30,102,403,25,192,27,597,255,185
20190409,서울특별시,11,송파구,11710,인천광역시,28,25,430,58,156,527,30,371,56,823,304,287
20190409,서울특별시,11,송파구,11710,광주광역시,29,13,247,19,63,187,13,139,27,522,153,111
20190409,서울특별시,11,송파구,11710,대전광역시,30,12,269,24,60,235,23,158,29,428,192,97
20190409,서울특별시,11,송파구,11710,울산광역시,31,10,147,12,43,173,11,85,11,312,95,75
20190409,서울특별시,11,송파구,11710,세종특별자치시,36,4,36,9,13,64,5,40,10,81,51,16
20190409,서울특별시,11,송파구,11710,경기도,41,165,2236,286,714,2136,220,2178,259,4569,1613,1207
20190409,서울특별시,11,송파구,11710,강원도,42,17,230,25,80,263,21,166,16,399,123,111
20190409,서울특별시,11,송파구,11710,충청북도,43,14,245,23,83,251,25,156,28,478,138,125
20190409,서울특별시,11,송파구,11710,충청남도,44,13,335,26,97,339,28,176,32,636,168,164
20190409,서울특별시,11,노원구,11350,세종특별자치시,36,4,45,0,8,12,4,8,8,82,8,5
20190409,서울특별시,11,노원구,11350,울산광역시,31,8,38,6,8,35,16,20,19,152,25,20
20190409,서울특별시,11,노원구,11350,대전광역시,30,16,87,8,26,64,21,31,14,219,35,33
20190409,서울특별시,11,노원구,11350,광주광역시,29,0,108,16,27,50,12,15,18,262,62,28
20190409,서울특별시,11,노원구,11350,인천광역시,28,17,204,33,45,169,21,52,55,488,74,73
20190409,서울특별시,11,노원구,11350,대구광역시,27,23,111,23,29,82,33,33,24,357,77,51
20190409,서울특별시,11,중구,11140,경기도,41,482,2468,343,616,2446,431,796,176,5931,1404,404
20190409,서울특별시,11,중구,11140,강원도,42,48,266,32,61,254,52,100,15,521,106,35
20190409,서울특별시,11,중구,11140,충청북도,43,38,273,36,49,225,39,84,15,596,125,39
20190409,서울특별시,11,종로구,11110,서울특별시,11,185,1688,281,281,652,39,324,127,1430,772,228
20190409,서울특별시,11,종로구,11110,부산광역시,26,69,317,51,81,202,8,76,44,491,190,66
20190409,서울특별시,11,종로구,11110,대구광역시,27,42,237,22,45,125,13,55,37,311,114,34
20190409,서울특별시,11,종로구,11110,인천광역시,28,58,340,37,58,181,12,71,47,330,203,32
20190409,서울특별시,11,종로구,11110,광주광역시,29,27,150,18,29,68,3,31,39,237,103,18
20190409,서울특별시,11,종로구,11110,대전광역시,30,24,156,23,43,87,0,28,33,183,120,21
20190409,서울특별시,11,종로구,11110,울산광역시,31,29,97,10,19,58,5,24,14,136,71,14
20190409,서울특별시,11,종로구,11110,세종특별자치시,36,12,54,0,6,18,0,9,3,45,24,0
20190409,서울특별시,11,종로구,11110,경기도,41,245,1592,208,319,912,53,530,264,1743,1028,180
20190409,서울특별시,11,중구,11140,충청남도,44,45,351,69,76,270,77,136,17,818,182,54
20190409,서울특별시,11,중구,11140,전라북도,45,36,247,39,59,231,48,85,13,613,136,39
20190409,서울특별시,11,마포구,11440,서울특별시,11,143,2273,753,953,1979,66,1885,248,2743,2100,421
20190409,서울특별시,11,마포구,11440,부산광역시,26,40,492,144,212,517,19,533,45,648,534,107
20190409,서울특별시,11,마포구,11440,대구광역시,27,25,351,114,136,384,14,360,47,472,387,89
20190409,서울특별시,11,성북구,11290,경상북도,47,62,560,117,232,525,102,389,128,2394,862,442
20190409,서울특별시,11,성북구,11290,경상남도,48,61,753,159,324,718,138,478,173,3274,1134,574
20190409,서울특별시,11,성북구,11290,제주특별자치도,50,14,107,41,41,138,22,29,16,537,210,89
20190409,서울특별시,11,마포구,11440,인천광역시,28,30,500,146,229,490,24,491,90,586,495,108
20190409,서울특별시,11,마포구,11440,광주광역시,29,7,221,57,108,252,3,245,32,300,276,52
20190409,서울특별시,11,마포구,11440,대전광역시,30,15,234,79,91,230,9,236,37,286,305,60
20190409,서울특별시,11,용산구,11170,대구광역시,27,39,382,36,2037,167,102,83,39,292,87,93
20190409,서울특별시,11,용산구,11170,부산광역시,26,50,521,46,2774,273,168,91,42,456,141,106
20190409,서울특별시,11,마포구,11440,울산광역시,31,19,154,59,63,166,6,170,29,191,156,40
20190409,서울특별시,11,마포구,11440,세종특별자치시,36,4,59,23,17,59,0,64,15,59,55,14
20190409,서울특별시,11,마포구,11440,경기도,41,170,2495,771,1095,2521,122,2370,349,3012,2277,549
20190409,서울특별시,11,송파구,11710,전라북도,45,14,203,22,74,242,26,146,26,454,147,136
20190409,서울특별시,11,송파구,11710,전라남도,46,18,261,41,56,354,20,155,24,419,119,142
20190409,서울특별시,11,송파구,11710,경상북도,47,14,340,31,109,328,30,195,34,595,206,218
20190409,서울특별시,11,송파구,11710,경상남도,48,35,747,51,128,459,38,252,33,816,279,283
20190409,서울특별시,11,송파구,11710,제주특별자치도,50,3,107,5,12,98,9,56,5,167,45,33
20190409,서울특별시,11,마포구,11440,강원도,42,11,216,75,94,275,3,190,27,273,251,44
20190409,서울특별시,11,강서구,11500,서울특별시,11,224,1549,448,731,1596,145,1915,356,1978,760,1945
20190409,서울특별시,11,강서구,11500,부산광역시,26,52,421,102,170,476,46,583,117,556,215,550
20190409,서울특별시,11,강서구,11500,대구광역시,27,36,312,86,114,338,24,355,85,391,152,342
20190409,서울특별시,11,강서구,11500,인천광역시,28,59,452,93,191,450,49,525,127,517,178,507
20190409,서울특별시,11,강서구,11500,광주광역시,29,33,186,57,94,205,12,254,47,260,107,288
20190409,서울특별시,11,강서구,11500,대전광역시,30,16,178,49,73,235,14,212,59,290,98,231
20190409,서울특별시,11,강서구,11500,울산광역시,31,19,154,40,61,166,12,159,56,192,68,173
20190409,서울특별시,11,강서구,11500,세종특별자치시,36,7,36,6,22,72,12,58,19,82,38,77
20190409,서울특별시,11,강서구,11500,경기도,41,313,1908,560,819,2302,223,2513,560,2983,1098,2577
20190409,서울특별시,11,강서구,11500,강원도,42,31,207,36,94,374,28,372,55,727,318,608
20190409,서울특별시,11,마포구,11440,충청북도,43,10,256,84,86,259,11,227,24,322,261,50
20190409,서울특별시,11,강서구,11500,충청북도,43,37,189,41,94,335,22,374,59,492,201,395
20190409,서울특별시,11,강서구,11500,충청남도,44,49,290,90,130,404,43,424,94,638,290,582
20190409,서울특별시,11,강서구,11500,전라북도,45,29,230,54,84,270,19,321,79,387,164,359
20190409,서울특별시,11,강서구,11500,전라남도,46,34,200,43,101,306,27,265,64,473,204,378
20190409,서울특별시,11,마포구,11440,충청남도,44,17,339,107,114,412,6,324,43,391,370,76
20190409,서울특별시,11,마포구,11440,전라북도,45,14,219,81,85,289,8,223,27,301,283,56
20190409,서울특별시,11,용산구,11170,서울특별시,11,191,1968,310,11705,1388,435,380,177,1861,696,395
20190409,서울특별시,11,성동구,11200,서울특별시,11,204,2954,437,911,1021,219,1060,133,2874,1039,606
20190409,서울특별시,11,광진구,11215,서울특별시,11,136,1192,175,797,1125,112,866,645,1271,735,608
20190409,서울특별시,11,광진구,11215,부산광역시,26,33,252,50,210,268,30,220,160,295,176,159
20190409,서울특별시,11,광진구,11215,대구광역시,27,21,189,23,130,169,21,145,110,209,109,122
20190409,서울특별시,11,광진구,11215,인천광역시,28,48,293,26,197,232,36,206,186,312,195,132
20190409,서울특별시,11,광진구,11215,광주광역시,29,25,126,18,91,128,12,87,48,167,85,78
20190409,서울특별시,11,광진구,11215,대전광역시,30,9,142,17,78,123,15,100,56,162,70,60
20190409,서울특별시,11,광진구,11215,울산광역시,31,7,79,14,64,83,8,63,56,110,52,62
20190409,서울특별시,11,광진구,11215,세종특별자치시,36,4,24,6,21,18,4,15,40,44,20,25
20190409,서울특별시,11,광진구,11215,경기도,41,176,1254,178,984,1230,175,1104,969,1604,827,804
20190409,서울특별시,11,광진구,11215,강원도,42,29,120,15,106,132,13,86,55,135,56,55
20190409,서울특별시,11,광진구,11215,충청북도,43,21,133,24,86,127,20,123,83,181,84,81
20190409,서울특별시,11,광진구,11215,충청남도,44,25,165,20,150,210,13,156,120,201,123,95
20190409,서울특별시,11,광진구,11215,전라북도,45,13,125,13,96,108,14,118,52,146,84,69
20190409,서울특별시,11,광진구,11215,전라남도,46,19,117,15,90,142,9,90,44,141,77,61
20190409,서울특별시,11,강서구,11500,경상북도,47,48,323,65,145,503,42,470,72,719,278,654
20190409,서울특별시,11,광진구,11215,경상북도,47,26,171,14,130,175,31,162,123,175,126,130
20190409,서울특별시,11,광진구,11215,경상남도,48,34,250,27,179,254,40,205,157,269,159,129
20190409,서울특별시,11,광진구,11215,제주특별자치도,50,7,34,0,20,31,5,18,9,50,29,19
20190409,서울특별시,11,양천구,11470,서울특별시,11,204,766,120,452,915,140,582,89,588,329,733
20190409,서울특별시,11,양천구,11470,부산광역시,26,75,218,24,96,306,31,163,26,136,79,195
20190409,서울특별시,11,양천구,11470,대구광역시,27,52,125,15,78,222,27,123,19,104,59,161
20190409,서울특별시,11,양천구,11470,인천광역시,28,61,204,16,93,268,37,159,36,140,78,177
20190409,서울특별시,11,양천구,11470,광주광역시,29,32,92,8,57,137,10,74,14,73,41,89
20190409,서울특별시,11,양천구,11470,대전광역시,30,37,85,14,57,130,15,83,13,59,32,98
20190409,서울특별시,11,양천구,11470,울산광역시,31,21,48,3,44,107,16,53,9,38,36,61
20190409,서울특별시,11,양천구,11470,세종특별자치시,36,7,16,0,14,34,6,20,5,7,9,13
20190409,서울특별시,11,양천구,11470,경기도,41,307,953,112,550,1409,203,705,170,1017,454,888
20190409,서울특별시,11,양천구,11470,강원도,42,39,77,9,54,150,22,80,13,58,39,103
20190409,서울특별시,11,양천구,11470,충청북도,43,23,88,13,59,151,23,77,18,88,40,108
20190409,서울특별시,11,양천구,11470,충청남도,44,41,133,17,77,212,15,110,21,84,53,140
20190409,서울특별시,11,양천구,11470,전라북도,45,27,84,9,54,155,17,64,20,65,51,88
20190409,서울특별시,11,양천구,11470,전라남도,46,18,82,7,48,146,21,77,13,55,41,83
20190409,서울특별시,11,양천구,11470,경상북도,47,40,143,16,80,242,21,134,31,94,58,139
20190409,서울특별시,11,양천구,11470,경상남도,48,53,175,11,117,335,30,153,31,128,90,167
20190409,서울특별시,11,양천구,11470,제주특별자치도,50,4,15,3,18,23,0,15,0,18,10,26
20190409,서울특별시,11,노원구,11350,부산광역시,26,10,176,10,65,117,20,57,39,449,110,99
20190409,서울특별시,11,노원구,11350,서울특별시,11,84,693,146,235,567,129,316,132,1825,430,296
20190409,서울특별시,11,성동구,11200,부산광역시,26,37,538,101,175,250,81,225,54,737,180,217
20190409,서울특별시,11,성동구,11200,대구광역시,27,43,372,88,119,194,51,153,36,512,134,141
20190409,서울특별시,11,성동구,11200,인천광역시,28,27,535,112,169,254,41,194,54,682,164,130
20190409,서울특별시,11,종로구,11110,강원도,42,23,167,18,28,72,0,44,42,173,102,14
20190409,서울특별시,11,종로구,11110,충청북도,43,32,153,23,27,95,5,47,21,169,119,21
20190409,서울특별시,11,종로구,11110,충청남도,44,44,218,28,49,126,6,47,34,236,156,25
20190409,서울특별시,11,종로구,11110,전라북도,45,31,181,62,24,91,4,43,44,235,107,34
20190409,서울특별시,11,종로구,11110,전라남도,46,31,148,12,27,72,0,50,23,187,106,18
20190409,서울특별시,11,종로구,11110,경상북도,47,45,217,27,51,163,21,63,37,275,147,32
20190409,서울특별시,11,종로구,11110,경상남도,48,52,281,24,75,186,8,65,50,395,203,38
20190409,서울특별시,11,종로구,11110,제주특별자치도,50,5,61,5,7,19,3,7,17,72,37,0
20190409,서울특별시,11,마포구,11440,전라남도,46,9,288,71,93,280,5,237,30,236,256,27
20190409,서울특별시,11,마포구,11440,경상북도,47,23,374,98,145,402,7,362,55,374,337,69
20190409,서울특별시,11,마포구,11440,경상남도,48,31,464,158,205,532,13,490,111,492,514,108
20190409,서울특별시,11,동대문구,11230,전라북도,45,76,255,17,68,233,27,255,32,589,105,84
20190409,서울특별시,11,마포구,11440,제주특별자치도,50,3,50,33,51,94,4,32,6,120,90,16
20190409,서울특별시,11,중구,11140,전라남도,46,51,280,41,41,209,54,76,20,566,149,35
20190409,서울특별시,11,강서구,11500,경상남도,48,56,367,96,169,531,50,548,117,688,334,634
20190410,서울특별시,11,중구,11140,경상북도,47,52,368,51,59,274,63,125,23,631,193,49
20190410,서울특별시,11,중랑구,11260,서울특별시,11,289,1366,231,796,1660,164,704,334,3084,1140,809
20190410,서울특별시,11,중랑구,11260,부산광역시,26,90,344,44,174,471,62,184,99,899,324,239
20190410,서울특별시,11,중랑구,11260,대구광역시,27,60,229,29,137,288,46,168,63,708,267,161
20190410,서울특별시,11,중랑구,11260,인천광역시,28,78,335,34,226,403,57,153,94,965,350,235
20190410,서울특별시,11,중랑구,11260,광주광역시,29,22,161,29,103,214,39,81,36,481,203,95
20190410,서울특별시,11,중랑구,11260,대전광역시,30,32,166,33,90,229,24,85,33,409,174,110
20190410,서울특별시,11,중랑구,11260,울산광역시,31,19,116,17,80,191,18,53,33,352,132,75
20190410,서울특별시,11,중랑구,11260,세종특별자치시,36,0,38,4,19,58,11,21,18,106,31,26
20190410,서울특별시,11,중랑구,11260,경기도,41,335,1704,207,959,2020,282,786,460,4513,1585,1030
20190410,서울특별시,11,중랑구,11260,강원도,42,34,164,22,103,231,28,83,55,402,150,88
20190410,서울특별시,11,중랑구,11260,충청북도,43,35,194,20,116,245,27,94,41,515,161,127
20190410,서울특별시,11,중랑구,11260,충청남도,44,46,240,24,128,349,51,121,74,677,227,145
20190410,서울특별시,11,중랑구,11260,전라북도,45,35,194,22,111,224,26,81,65,517,188,115
20190410,서울특별시,11,중랑구,11260,전라남도,46,33,180,18,96,248,24,86,52,460,165,107
20190410,서울특별시,11,중랑구,11260,경상북도,47,51,236,30,158,342,42,131,83,672,255,176
20190410,서울특별시,11,중랑구,11260,경상남도,48,51,335,33,209,471,50,197,130,940,360,178
20190410,서울특별시,11,중랑구,11260,제주특별자치도,50,5,31,5,21,48,6,9,8,110,37,25
20190410,서울특별시,11,마포구,11440,서울특별시,11,159,1922,442,1669,1471,87,1940,164,2717,1920,482
20190410,서울특별시,11,마포구,11440,부산광역시,26,28,353,100,378,334,20,538,39,595,458,87
20190410,서울특별시,11,마포구,11440,대구광역시,27,31,261,56,326,212,17,386,44,395,377,68
20190410,서울특별시,11,마포구,11440,인천광역시,28,46,339,79,412,322,15,509,52,505,454,88
20190410,서울특별시,11,마포구,11440,광주광역시,29,14,180,49,253,173,8,237,15,298,282,54
20190410,서울특별시,11,마포구,11440,대전광역시,30,20,183,35,289,170,9,251,20,277,253,49
20190410,서울특별시,11,마포구,11440,울산광역시,31,11,118,30,114,116,10,176,17,188,154,31
20190410,서울특별시,11,마포구,11440,세종특별자치시,36,6,43,13,53,46,0,58,9,51,64,9
20190410,서울특별시,11,마포구,11440,경기도,41,173,1846,423,2015,1652,86,2278,220,2934,2090,504
20190410,서울특별시,11,마포구,11440,강원도,42,11,162,50,259,196,11,201,24,223,215,42
20190410,서울특별시,11,마포구,11440,충청북도,43,20,146,43,203,220,12,225,20,264,223,56
20190410,서울특별시,11,마포구,11440,충청남도,44,24,225,58,269,233,13,362,35,376,323,60
20190410,서울특별시,11,마포구,11440,전라북도,45,24,179,38,220,180,14,273,28,279,239,48
20190410,서울특별시,11,마포구,11440,전라남도,46,22,152,37,171,179,9,247,29,184,209,46
20190410,서울특별시,11,마포구,11440,경상북도,47,21,262,45,312,288,13,333,41,376,316,89
20190410,서울특별시,11,마포구,11440,경상남도,48,44,328,81,394,341,20,485,42,464,429,91
20190410,서울특별시,11,마포구,11440,제주특별자치도,50,7,65,27,81,99,0,37,7,106,77,20
20190410,서울특별시,11,종로구,11110,서울특별시,11,167,1539,326,284,638,44,293,140,1199,739,173
20190410,서울특별시,11,종로구,11110,부산광역시,26,45,275,43,66,145,10,51,34,374,192,51
20190410,서울특별시,11,종로구,11110,대구광역시,27,36,218,37,40,113,4,35,31,247,120,29
20190410,서울특별시,11,종로구,11110,인천광역시,28,37,299,33,62,163,10,54,39,258,189,48
20190410,서울특별시,11,종로구,11110,광주광역시,29,9,164,14,29,92,5,36,30,190,104,19
20190410,서울특별시,11,종로구,11110,대전광역시,30,14,164,31,35,73,8,26,31,125,90,22
20190410,서울특별시,11,종로구,11110,울산광역시,31,19,110,10,19,60,4,19,14,104,67,12
20190410,서울특별시,11,종로구,11110,세종특별자치시,36,3,37,3,6,15,0,7,7,36,31,0
20190410,서울특별시,11,종로구,11110,경기도,41,208,1621,213,323,842,51,390,246,1621,974,179
20190410,서울특별시,11,종로구,11110,강원도,42,27,171,22,31,112,4,35,47,178,136,24
20190410,서울특별시,11,종로구,11110,충청북도,43,20,176,17,34,90,0,46,22,192,97,22
20190410,서울특별시,11,종로구,11110,충청남도,44,31,211,23,41,150,6,44,52,213,155,24
20190410,서울특별시,11,종로구,11110,전라북도,45,29,154,16,16,81,5,40,59,203,94,22
20190410,서울특별시,11,종로구,11110,전라남도,46,29,139,19,22,75,3,24,43,205,98,23
20190410,서울특별시,11,종로구,11110,경상북도,47,37,213,38,47,115,3,52,25,268,173,33
20190410,서울특별시,11,종로구,11110,경상남도,48,60,273,144,60,178,8,62,39,373,212,41
20190410,서울특별시,11,종로구,11110,제주특별자치도,50,9,48,0,8,33,0,6,5,46,27,3
20190410,서울특별시,11,서대문구,11410,서울특별시,11,34,646,94,223,1022,61,471,205,1172,253,328
20190410,서울특별시,11,서대문구,11410,부산광역시,26,8,122,14,55,328,19,125,83,255,44,78
20190410,서울특별시,11,서대문구,11410,대구광역시,27,3,85,91,32,185,7,76,74,166,43,64
20190410,서울특별시,11,서대문구,11410,인천광역시,28,6,137,13,42,288,9,117,70,283,48,89
20190410,서울특별시,11,서대문구,11410,광주광역시,29,3,46,21,19,155,7,59,40,140,35,41
20190410,서울특별시,11,서대문구,11410,대전광역시,30,4,68,9,17,156,4,48,30,121,31,38
20190410,서울특별시,11,서대문구,11410,울산광역시,31,0,52,5,18,108,9,38,46,108,15,32
20190410,서울특별시,11,서대문구,11410,세종특별자치시,36,0,9,0,8,33,0,15,13,38,0,6
20190410,서울특별시,11,서대문구,11410,경기도,41,49,633,78,263,1416,63,498,326,1407,325,429
20190410,서울특별시,11,서대문구,11410,강원도,42,3,45,10,15,174,8,50,25,112,25,58
20190410,서울특별시,11,서대문구,11410,충청북도,43,9,58,11,22,163,9,71,55,147,35,58
20190410,서울특별시,11,서대문구,11410,충청남도,44,7,75,9,32,243,4,71,53,155,39,52
20190410,서울특별시,11,서대문구,11410,전라북도,45,4,54,5,31,167,3,56,40,148,30,51
20190410,서울특별시,11,서대문구,11410,전라남도,46,34,50,10,23,197,4,46,43,121,38,37
20190410,서울특별시,11,서대문구,11410,경상북도,47,11,84,19,40,295,5,86,57,172,46,55
20190410,서울특별시,11,서대문구,11410,경상남도,48,12,108,13,48,325,28,119,105,254,49,86
20190410,서울특별시,11,서대문구,11410,제주특별자치도,50,0,17,3,11,19,0,7,20,38,6,18
20190410,서울특별시,11,서초구,11650,서울특별시,11,228,3748,607,595,1013,155,1333,152,1232,840,913
20190410,서울특별시,11,서초구,11650,부산광역시,26,51,857,110,102,303,38,253,26,215,159,242
20190410,서울특별시,11,서초구,11650,대구광역시,27,25,788,64,115,220,27,171,25,156,151,171
20190410,서울특별시,11,서초구,11650,인천광역시,28,44,623,123,135,240,27,238,34,210,163,215
20190410,서울특별시,11,서초구,11650,광주광역시,29,22,500,59,71,115,18,107,21,92,94,89
20190410,서울특별시,11,서초구,11650,대전광역시,30,14,360,48,72,130,15,113,19,103,105,113
20190410,서울특별시,11,서초구,11650,울산광역시,31,9,261,38,55,88,12,61,14,63,66,59
20190410,서울특별시,11,서초구,11650,세종특별자치시,36,11,96,10,18,34,6,20,5,18,14,29
20190410,서울특별시,11,서초구,11650,경기도,41,238,3921,573,671,1410,244,1190,213,1533,961,1006
20190410,서울특별시,11,서초구,11650,강원도,42,20,319,62,62,192,15,116,24,86,79,106
20190410,서울특별시,11,서초구,11650,충청북도,43,22,427,65,56,142,13,101,18,120,88,73
20190410,서울특별시,11,서초구,11650,충청남도,44,24,437,65,92,187,20,148,31,145,103,114
20190410,서울특별시,11,서초구,11650,전라북도,45,19,556,81,53,134,16,98,17,121,74,90
20190410,서울특별시,11,서초구,11650,전라남도,46,27,358,56,69,125,17,116,16,80,72,77
20190410,서울특별시,11,서초구,11650,경상북도,47,32,469,61,92,194,28,168,40,144,114,137
20190410,서울특별시,11,서초구,11650,경상남도,48,46,715,96,131,259,37,221,33,186,141,197
20190410,서울특별시,11,서초구,11650,제주특별자치도,50,8,162,18,23,42,0,38,3,31,29,18
20190410,서울특별시,11,강동구,11740,서울특별시,11,304,803,535,213,1027,86,943,77,1082,385,296
20190410,서울특별시,11,강동구,11740,부산광역시,26,65,183,154,44,294,28,213,20,240,85,73
20190410,서울특별시,11,강동구,11740,대구광역시,27,68,133,110,34,203,15,151,21,119,58,45
20190410,서울특별시,11,강동구,11740,인천광역시,28,71,177,115,43,238,27,206,25,200,72,64
20190410,서울특별시,11,강동구,11740,광주광역시,29,43,92,80,20,121,7,98,16,95,29,28
20190410,서울특별시,11,강동구,11740,대전광역시,30,34,86,85,26,109,13,100,9,103,34,30
20190410,서울특별시,11,강동구,11740,울산광역시,31,32,50,78,13,94,9,53,4,84,19,15
20190410,서울특별시,11,강동구,11740,세종특별자치시,36,8,9,29,4,31,0,24,0,26,6,6
20190410,서울특별시,11,강동구,11740,경기도,41,346,997,659,230,1291,130,1054,151,1333,415,326
20190410,서울특별시,11,강동구,11740,강원도,42,109,77,71,28,143,14,91,15,65,44,31
20190410,서울특별시,11,강동구,11740,충청북도,43,30,89,59,30,129,15,111,10,93,35,34
20190410,서울특별시,11,강동구,11740,충청남도,44,51,136,101,34,213,18,180,17,133,48,44
20190410,서울특별시,11,강동구,11740,전라북도,45,52,90,87,14,144,9,102,22,100,24,33
20190410,서울특별시,11,강동구,11740,전라남도,46,33,77,88,10,142,8,95,9,81,26,28
20190410,서울특별시,11,강동구,11740,경상북도,47,63,125,154,29,196,21,154,18,131,37,57
20190410,서울특별시,11,강동구,11740,경상남도,48,77,173,140,45,239,22,223,33,193,55,55
20190410,서울특별시,11,강동구,11740,제주특별자치도,50,14,22,8,6,41,4,17,0,23,6,4
20190410,서울특별시,11,강서구,11500,서울특별시,11,261,1495,410,912,1703,138,1816,283,2109,707,1871
20190410,서울특별시,11,강서구,11500,부산광역시,26,74,433,85,215,503,45,541,105,597,193,503
20190410,서울특별시,11,강서구,11500,대구광역시,27,50,311,60,166,353,24,264,89,391,114,344
20190410,서울특별시,11,강서구,11500,인천광역시,28,80,383,89,263,478,52,458,102,561,190,471
20190410,서울특별시,11,강서구,11500,광주광역시,29,13,156,50,94,229,22,184,50,279,89,202
20190410,서울특별시,11,강서구,11500,대전광역시,30,30,181,40,114,218,23,218,62,272,76,221
20190410,서울특별시,11,강서구,11500,울산광역시,31,19,145,33,65,176,9,156,38,236,77,149
20190410,서울특별시,11,강서구,11500,세종특별자치시,36,5,51,7,37,62,0,55,15,74,27,48
20190410,서울특별시,11,강서구,11500,경기도,41,375,1868,391,1059,2194,215,2056,500,3161,982,2239
20190410,서울특별시,11,강서구,11500,강원도,42,58,172,29,151,351,38,309,43,775,179,401
20190410,서울특별시,11,강서구,11500,충청북도,43,39,189,50,128,302,28,285,65,546,141,294
20190410,서울특별시,11,강서구,11500,충청남도,44,71,239,49,154,403,31,370,100,728,193,447
20190410,서울특별시,11,강서구,11500,전라북도,45,31,194,38,108,246,28,224,58,505,124,401
20190410,서울특별시,11,강서구,11500,전라남도,46,58,184,29,142,293,28,242,40,519,126,299
20190410,서울특별시,11,강서구,11500,경상북도,47,58,267,68,207,428,43,405,98,724,210,483
20190410,서울특별시,11,강서구,11500,경상남도,48,72,364,76,218,492,37,486,132,756,230,540
20190410,서울특별시,11,강서구,11500,제주특별자치도,50,13,47,11,26,69,7,31,16,111,28,36
20190410,서울특별시,11,강남구,11680,서울특별시,11,260,3313,569,1121,1201,145,1446,288,3605,1484,1989
20190410,서울특별시,11,강남구,11680,부산광역시,26,43,688,70,175,267,34,381,86,798,360,563
20190410,서울특별시,11,강남구,11680,대구광역시,27,42,480,53,121,232,14,229,64,581,226,330
20190410,서울특별시,11,강남구,11680,인천광역시,28,62,563,81,204,289,44,309,76,677,303,464
20190410,서울특별시,11,강남구,11680,광주광역시,29,25,296,48,86,137,13,143,32,367,167,245
20190410,서울특별시,11,강남구,11680,대전광역시,30,29,345,48,103,116,15,166,43,358,135,212
20190410,서울특별시,11,강남구,11680,울산광역시,31,25,189,25,60,97,11,94,34,224,96,160
20190410,서울특별시,11,강남구,11680,세종특별자치시,36,4,61,10,20,37,3,43,7,80,40,37
20190410,서울특별시,11,강남구,11680,경기도,41,293,3097,487,1029,1423,225,1655,409,4054,1700,1941
20190410,서울특별시,11,강남구,11680,강원도,42,22,231,32,77,123,23,148,41,256,126,187
20190410,서울특별시,11,강남구,11680,충청북도,43,38,282,39,79,137,16,162,33,328,151,209
20190410,서울특별시,11,강남구,11680,충청남도,44,33,350,41,118,161,20,230,49,456,262,277
20190410,서울특별시,11,강남구,11680,전라북도,45,20,260,35,60,120,23,127,39,374,155,217
20190410,서울특별시,11,강남구,11680,전라남도,46,30,216,26,50,119,11,116,29,268,166,174
20190410,서울특별시,11,강남구,11680,경상북도,47,35,352,35,113,164,26,214,52,446,240,321
20190410,서울특별시,11,강남구,11680,경상남도,48,47,520,60,135,252,27,277,80,557,305,412
20190410,서울특별시,11,강남구,11680,제주특별자치도,50,27,143,6,31,33,6,35,12,84,48,59
20190410,서울특별시,11,도봉구,11320,서울특별시,11,100,1053,272,1061,525,105,777,142,1080,674,1212
20190410,서울특별시,11,도봉구,11320,부산광역시,26,24,253,54,271,155,23,241,45,309,226,379
20190410,서울특별시,11,도봉구,11320,대구광역시,27,14,172,43,186,121,14,146,36,194,149,324
20190410,서울특별시,11,도봉구,11320,인천광역시,28,27,258,52,258,136,28,212,36,309,202,379
20190410,서울특별시,11,도봉구,11320,광주광역시,29,20,121,37,123,68,6,110,25,146,115,190
20190410,서울특별시,11,도봉구,11320,대전광역시,30,17,125,40,130,82,13,99,24,128,90,196
20190410,서울특별시,11,도봉구,11320,울산광역시,31,12,107,17,91,62,13,65,16,124,89,134
20190410,서울특별시,11,도봉구,11320,세종특별자치시,36,4,22,15,22,18,3,24,0,35,20,32
20190410,서울특별시,11,도봉구,11320,경기도,41,154,1281,278,1195,742,136,968,189,1554,1066,1716
20190410,서울특별시,11,도봉구,11320,강원도,42,14,173,24,124,65,13,96,24,121,101,140
20190410,서울특별시,11,도봉구,11320,충청북도,43,15,127,20,143,81,11,114,11,160,124,180
20190410,서울특별시,11,도봉구,11320,충청남도,44,15,147,23,200,107,20,171,33,243,151,225
20190410,서울특별시,11,도봉구,11320,전라북도,45,10,93,31,108,92,11,118,19,161,108,212
20190410,서울특별시,11,도봉구,11320,전라남도,46,10,112,25,121,57,12,85,22,138,89,177
20190410,서울특별시,11,도봉구,11320,경상북도,47,12,217,27,169,100,22,138,33,218,157,316
20190410,서울특별시,11,도봉구,11320,경상남도,48,27,236,42,220,135,27,192,45,282,224,350
20190410,서울특별시,11,도봉구,11320,제주특별자치도,50,0,39,10,24,14,5,21,5,53,19,32
20190410,서울특별시,11,성동구,11200,서울특별시,11,145,2935,381,699,996,179,750,121,2562,1027,432
20190410,서울특별시,11,성동구,11200,부산광역시,26,36,609,105,169,249,49,163,31,545,191,97
20190410,서울특별시,11,성동구,11200,대구광역시,27,26,353,71,95,186,36,109,35,399,156,73
20190410,서울특별시,11,성동구,11200,인천광역시,28,35,573,93,154,253,40,143,31,623,177,81
20190410,서울특별시,11,성동구,11200,광주광역시,29,19,252,69,76,130,30,69,13,292,91,42
20190410,서울특별시,11,성동구,11200,대전광역시,30,15,248,85,64,139,50,98,14,261,67,43
20190410,서울특별시,11,성동구,11200,울산광역시,31,14,176,39,49,97,18,44,18,196,60,41
20190410,서울특별시,11,성동구,11200,세종특별자치시,36,5,60,20,17,24,6,21,3,57,25,7
20190410,서울특별시,11,성동구,11200,경기도,41,198,3147,636,696,1180,243,838,156,2992,985,505
20190410,서울특별시,11,성동구,11200,강원도,42,16,255,36,72,169,32,74,8,239,74,34
20190410,서울특별시,11,성동구,11200,충청북도,43,17,300,89,69,151,27,108,13,324,81,42
20190410,서울특별시,11,성동구,11200,충청남도,44,22,413,104,121,207,42,110,22,403,102,79
20190410,서울특별시,11,성동구,11200,전라북도,45,22,274,64,78,162,28,92,16,326,86,47
20190410,서울특별시,11,성동구,11200,전라남도,46,16,288,58,47,114,18,80,18,258,83,37
20190410,서울특별시,11,성동구,11200,경상북도,47,17,361,62,95,190,37,132,30,387,113,84
20190410,서울특별시,11,성동구,11200,경상남도,48,32,505,81,124,230,46,158,47,512,139,107
20190410,서울특별시,11,성동구,11200,제주특별자치도,50,12,115,12,25,65,4,12,0,79,29,15
20190410,서울특별시,11,금천구,11545,서울특별시,11,437,1838,181,1889,1690,333,1982,166,1643,1461,2324
20190410,서울특별시,11,금천구,11545,부산광역시,26,110,453,56,455,440,131,500,64,416,354,700
20190410,서울특별시,11,금천구,11545,대구광역시,27,79,372,40,307,293,92,307,37,365,269,525
20190410,서울특별시,11,금천구,11545,인천광역시,28,98,500,48,471,446,64,458,70,387,380,654
20190410,서울특별시,11,금천구,11545,광주광역시,29,50,249,16,258,210,38,208,38,234,209,322
20190410,서울특별시,11,금천구,11545,대전광역시,30,39,238,15,266,201,38,205,26,254,188,308
20190410,서울특별시,11,금천구,11545,울산광역시,31,30,123,5,145,180,31,135,21,144,114,214
20190410,서울특별시,11,금천구,11545,세종특별자치시,36,14,58,3,67,38,13,46,10,55,42,62
20190410,서울특별시,11,금천구,11545,경기도,41,537,2198,248,2208,2105,403,2058,332,2046,1789,2650
20190410,서울특별시,11,금천구,11545,강원도,42,59,199,27,219,195,35,195,27,179,151,245
20190410,서울특별시,11,금천구,11545,충청북도,43,57,221,17,246,243,41,196,33,219,160,325
20190410,서울특별시,11,금천구,11545,충청남도,44,74,362,28,358,475,61,266,28,316,237,403
20190410,서울특별시,11,금천구,11545,전라북도,45,44,234,29,230,195,46,186,35,214,193,293
20190410,서울특별시,11,금천구,11545,전라남도,46,47,222,19,240,203,61,159,23,229,173,301
20190410,서울특별시,11,금천구,11545,경상북도,47,90,362,52,326,279,64,293,35,310,250,495
20190410,서울특별시,11,금천구,11545,경상남도,48,114,429,38,420,428,117,390,43,431,349,606
20190410,서울특별시,11,금천구,11545,제주특별자치도,50,18,51,12,60,61,20,49,14,62,50,68
20190410,서울특별시,11,송파구,11710,서울특별시,11,128,1941,243,609,1053,145,1732,135,3055,875,644
20190410,서울특별시,11,송파구,11710,부산광역시,26,45,452,71,123,362,32,267,40,787,209,173
20190410,서울특별시,11,송파구,11710,대구광역시,27,34,308,51,84,274,32,159,32,550,136,118
20190410,서울특별시,11,송파구,11710,인천광역시,28,23,413,58,147,383,26,288,39,754,212,166
20190410,서울특별시,11,송파구,11710,광주광역시,29,10,227,19,60,158,18,138,21,429,100,62
20190410,서울특별시,11,송파구,11710,대전광역시,30,19,217,26,63,173,15,120,16,382,77,59
20190410,서울특별시,11,송파구,11710,울산광역시,31,12,124,15,40,126,13,82,10,244,73,49
20190410,서울특별시,11,송파구,11710,세종특별자치시,36,0,46,10,14,68,7,50,8,80,19,19
20190410,서울특별시,11,송파구,11710,경기도,41,209,2093,272,720,1720,244,2055,260,4136,1135,800
20190410,서울특별시,11,송파구,11710,강원도,42,14,190,18,89,269,13,124,24,359,80,68
20190410,서울특별시,11,송파구,11710,충청북도,43,22,195,40,76,221,21,136,18,438,103,83
20190410,서울특별시,11,송파구,11710,충청남도,44,26,333,25,106,292,31,186,33,545,108,102
20190410,서울특별시,11,송파구,11710,전라북도,45,16,210,12,62,271,18,119,25,428,107,85
20190410,서울특별시,11,송파구,11710,전라남도,46,17,182,19,70,218,18,109,13,340,97,89
20190410,서울특별시,11,송파구,11710,경상북도,47,21,292,31,107,324,26,179,46,524,135,118
20190410,서울특별시,11,송파구,11710,경상남도,48,26,388,38,129,418,36,286,38,685,166,158
20190410,서울특별시,11,송파구,11710,제주특별자치도,50,5,57,7,26,62,4,34,8,116,32,20
20190410,서울특별시,11,은평구,11380,서울특별시,11,124,724,186,307,750,177,558,171,1489,350,699
20190410,서울특별시,11,은평구,11380,부산광역시,26,29,170,38,51,242,63,154,56,471,94,202
20190410,서울특별시,11,은평구,11380,대구광역시,27,23,135,47,32,169,53,99,36,285,63,136
20190410,서울특별시,11,은평구,11380,인천광역시,28,33,214,48,61,214,51,154,60,507,99,185
20190410,서울특별시,11,은평구,11380,광주광역시,29,13,75,22,34,99,29,78,40,220,51,95
20190410,서울특별시,11,은평구,11380,대전광역시,30,15,77,25,40,107,23,51,29,190,61,72
20190410,서울특별시,11,은평구,11380,울산광역시,31,7,58,28,30,79,24,42,27,183,33,54
20190410,서울특별시,11,은평구,11380,세종특별자치시,36,0,26,9,4,16,7,19,15,48,9,26
20190410,서울특별시,11,은평구,11380,경기도,41,154,878,233,348,1098,249,732,324,2433,503,898
20190410,서울특별시,11,은평구,11380,강원도,42,9,90,22,25,108,34,81,29,239,54,82
20190410,서울특별시,11,은평구,11380,충청북도,43,24,101,25,33,93,30,76,29,241,49,94
20190410,서울특별시,11,은평구,11380,충청남도,44,25,153,42,30,169,38,107,47,303,55,151
20190410,서울특별시,11,은평구,11380,전라북도,45,10,89,17,40,119,32,68,39,271,53,102
20190410,서울특별시,11,은평구,11380,전라남도,46,15,61,29,32,93,25,72,34,218,54,93
20190410,서울특별시,11,은평구,11380,경상북도,47,35,137,27,42,177,43,139,43,330,70,144
20190410,서울특별시,11,은평구,11380,경상남도,48,35,205,50,71,205,65,122,66,516,98,179
20190410,서울특별시,11,은평구,11380,제주특별자치도,50,11,24,8,6,14,17,11,6,76,15,19
20190410,서울특별시,11,성북구,11290,서울특별시,11,293,2637,940,1492,2119,419,1404,418,10275,4215,1756
20190410,서울특별시,11,성북구,11290,부산광역시,26,76,718,185,389,610,104,451,117,3091,1118,567
20190410,서울특별시,11,성북구,11290,대구광역시,27,41,514,151,237,457,97,277,88,2168,776,397
20190410,서울특별시,11,성북구,11290,인천광역시,28,59,676,105,337,578,97,369,120,3033,1129,507
20190410,서울특별시,11,성북구,11290,광주광역시,29,33,334,68,185,302,66,201,44,1657,612,249
20190410,서울특별시,11,성북구,11290,대전광역시,30,31,312,104,188,290,66,140,57,1526,571,258
20190410,서울특별시,11,성북구,11290,울산광역시,31,17,362,71,144,238,46,135,51,1043,386,200
20190410,서울특별시,11,성북구,11290,세종특별자치시,36,4,85,9,44,61,16,39,20,365,133,60
20190410,서울특별시,11,성북구,11290,경기도,41,325,3256,550,1760,3050,556,1715,579,13859,5251,2302
20190410,서울특별시,11,성북구,11290,강원도,42,35,329,82,188,344,62,172,70,1480,539,225
20190410,서울특별시,11,성북구,11290,충청북도,43,40,362,141,197,321,58,171,63,1543,561,260
20190410,서울특별시,11,성북구,11290,충청남도,44,46,493,128,278,472,87,255,87,2153,759,354
20190410,서울특별시,11,성북구,11290,전라북도,45,32,395,79,190,342,63,201,54,1661,538,286
20190410,서울특별시,11,성북구,11290,전라남도,46,37,379,97,158,323,60,179,62,1456,550,207
20190410,서울특별시,11,성북구,11290,경상북도,47,68,541,147,245,448,92,292,105,2207,780,399
20190410,서울특별시,11,성북구,11290,경상남도,48,67,725,172,338,656,125,356,129,3019,1070,528
20190410,서울특별시,11,성북구,11290,제주특별자치도,50,11,97,15,65,104,22,28,11,521,192,66
20190410,서울특별시,11,양천구,11470,서울특별시,11,161,671,112,436,870,118,669,94,622,349,619
20190410,서울특별시,11,양천구,11470,부산광역시,26,47,148,17,99,252,24,171,29,120,84,172
20190410,서울특별시,11,양천구,11470,대구광역시,27,30,106,18,76,197,23,135,32,94,55,125
20190410,서울특별시,11,양천구,11470,인천광역시,28,48,166,16,118,247,33,219,39,127,76,175
20190410,서울특별시,11,양천구,11470,광주광역시,29,22,68,7,37,106,16,94,17,67,40,68
20190410,서울특별시,11,양천구,11470,대전광역시,30,18,66,9,58,113,19,76,14,63,31,84
20190410,서울특별시,11,양천구,11470,울산광역시,31,11,55,6,29,93,26,66,16,48,18,47
20190410,서울특별시,11,양천구,11470,세종특별자치시,36,5,20,0,18,25,0,19,4,7,8,16
20190410,서울특별시,11,양천구,11470,경기도,41,221,702,120,558,1162,172,891,157,1005,427,773
20190410,서울특별시,11,양천구,11470,강원도,42,23,54,11,59,112,13,81,15,56,30,84
20190410,서울특별시,11,양천구,11470,충청북도,43,25,90,17,53,134,14,108,22,71,35,93
20190410,서울특별시,11,양천구,11470,충청남도,44,30,88,17,76,172,23,136,19,76,61,115
20190410,서울특별시,11,양천구,11470,전라북도,45,25,57,17,60,149,18,103,15,86,38,92
20190410,서울특별시,11,양천구,11470,전라남도,46,16,65,7,61,142,15,107,18,51,34,80
20190410,서울특별시,11,양천구,11470,경상북도,47,47,88,12,110,212,35,157,25,74,51,128
20190410,서울특별시,11,양천구,11470,경상남도,48,37,123,24,85,259,41,185,27,96,75,154
20190410,서울특별시,11,양천구,11470,제주특별자치도,50,6,16,0,16,26,0,12,0,13,8,23
20190410,서울특별시,11,노원구,11350,서울특별시,11,89,598,163,180,491,110,280,152,1575,345,257
20190410,서울특별시,11,노원구,11350,부산광역시,26,16,138,19,33,119,32,50,47,370,75,62
20190410,서울특별시,11,노원구,11350,대구광역시,27,18,98,15,32,73,44,25,34,285,54,42
20190410,서울특별시,11,노원구,11350,인천광역시,28,18,130,34,51,111,31,53,42,414,83,67
20190410,서울특별시,11,노원구,11350,광주광역시,29,6,70,11,21,50,17,21,32,191,32,27
20190410,서울특별시,11,노원구,11350,대전광역시,30,7,81,12,16,40,12,26,25,202,28,23
20190410,서울특별시,11,노원구,11350,울산광역시,31,9,65,5,0,34,10,10,15,133,24,17
20190410,서울특별시,11,노원구,11350,세종특별자치시,36,4,19,3,4,16,5,6,7,50,15,10
20190410,서울특별시,11,노원구,11350,경기도,41,96,706,159,250,623,141,285,201,2258,441,339
20190410,서울특별시,11,노원구,11350,강원도,42,6,60,3,18,69,20,27,15,166,24,37
20190410,서울특별시,11,노원구,11350,충청북도,43,9,50,16,26,62,13,32,23,229,44,39
20190410,서울특별시,11,노원구,11350,충청남도,44,10,94,5,22,75,15,51,42,287,39,32
20190410,서울특별시,11,노원구,11350,전라북도,45,16,63,13,20,65,9,39,16,230,53,38
20190410,서울특별시,11,노원구,11350,전라남도,46,11,51,13,16,54,14,24,25,180,34,21
20190410,서울특별시,11,노원구,11350,경상북도,47,14,80,20,33,81,34,40,20,266,58,43
20190410,서울특별시,11,노원구,11350,경상남도,48,9,142,20,36,143,28,55,36,409,77,55
20190410,서울특별시,11,노원구,11350,제주특별자치도,50,5,19,0,5,15,21,5,7,55,5,3
20190410,서울특별시,11,구로구,11530,서울특별시,11,97,1345,255,610,1463,111,456,122,1026,598,769
20190410,서울특별시,11,구로구,11530,부산광역시,26,60,315,28,136,370,41,156,22,271,132,222
20190410,서울특별시,11,구로구,11530,대구광역시,27,18,251,29,106,294,33,113,24,189,101,147
20190410,서울특별시,11,구로구,11530,인천광역시,28,37,346,49,151,371,21,137,48,275,129,224
20190410,서울특별시,11,구로구,11530,광주광역시,29,11,152,34,68,181,19,56,13,137,60,117
20190410,서울특별시,11,구로구,11530,대전광역시,30,17,160,24,77,159,17,82,39,130,65,104
20190410,서울특별시,11,구로구,11530,울산광역시,31,7,114,12,43,133,7,60,16,84,54,69
20190410,서울특별시,11,구로구,11530,세종특별자치시,36,4,52,9,12,49,0,21,9,34,21,35
20190410,서울특별시,11,구로구,11530,경기도,41,168,1556,289,755,1801,192,639,181,1423,725,1017
20190410,서울특별시,11,구로구,11530,강원도,42,10,167,19,84,179,17,55,16,121,60,85
20190410,서울특별시,11,구로구,11530,충청북도,43,13,200,17,76,159,29,94,13,170,103,84
20190410,서울특별시,11,구로구,11530,충청남도,44,13,250,25,87,284,25,122,28,186,81,142
20190410,서울특별시,11,구로구,11530,전라북도,45,7,193,31,85,171,13,86,15,159,91,98
20190410,서울특별시,11,구로구,11530,전라남도,46,18,144,31,67,167,18,94,11,134,74,113
20190410,서울특별시,11,구로구,11530,경상북도,47,25,233,36,87,288,20,134,26,189,113,150
20190410,서울특별시,11,구로구,11530,경상남도,48,33,300,53,126,364,30,155,32,262,151,211
20190410,서울특별시,11,구로구,11530,제주특별자치도,50,7,45,8,17,66,6,45,7,40,19,34
20190410,서울특별시,11,용산구,11170,서울특별시,11,171,1764,340,10233,1038,122,333,172,1919,751,275
20190410,서울특별시,11,용산구,11170,부산광역시,26,34,489,124,2563,234,29,91,46,451,218,61
20190410,서울특별시,11,용산구,11170,대구광역시,27,44,338,69,1726,180,19,47,33,333,139,61
20190410,서울특별시,11,용산구,11170,인천광역시,28,43,443,103,2202,217,34,91,57,409,226,92
20190410,서울특별시,11,용산구,11170,광주광역시,29,19,204,27,1179,101,11,37,20,225,100,27
20190410,서울특별시,11,용산구,11170,대전광역시,30,21,244,35,1267,113,18,37,28,199,91,36
20190410,서울특별시,11,용산구,11170,울산광역시,31,8,151,15,846,78,10,21,20,181,62,27
20190410,서울특별시,11,용산구,11170,세종특별자치시,36,5,34,4,247,32,3,5,5,51,18,7
20190410,서울특별시,11,용산구,11170,경기도,41,245,2027,396,11446,1172,187,363,286,2324,904,392
20190410,서울특별시,11,용산구,11170,강원도,42,32,196,24,1130,111,18,59,19,178,73,26
20190410,서울특별시,11,용산구,11170,충청북도,43,21,232,23,1240,110,22,31,30,203,82,51
20190410,서울특별시,11,용산구,11170,충청남도,44,28,272,38,1567,182,22,51,36,279,119,34
20190410,서울특별시,11,용산구,11170,전라북도,45,20,221,34,1246,117,23,34,27,197,83,31
20190410,서울특별시,11,용산구,11170,전라남도,46,22,199,34,1123,88,14,28,28,183,90,27
20190410,서울특별시,11,용산구,11170,경상북도,47,24,330,64,1675,164,34,74,54,276,136,55
20190410,서울특별시,11,용산구,11170,경상남도,48,31,374,73,2244,206,34,72,52,436,178,58
20190410,서울특별시,11,용산구,11170,제주특별자치도,50,11,65,15,361,35,0,7,11,74,42,7
20190410,서울특별시,11,관악구,11620,서울특별시,11,124,741,415,304,406,34,179,40,1205,239,697
20190410,서울특별시,11,관악구,11620,부산광역시,26,24,179,88,58,108,3,43,9,345,73,205
20190410,서울특별시,11,관악구,11620,대구광역시,27,17,114,54,47,75,6,19,10,258,38,181
20190410,서울특별시,11,관악구,11620,인천광역시,28,30,189,65,56,125,8,46,10,340,47,194
20190410,서울특별시,11,관악구,11620,광주광역시,29,12,79,33,26,56,3,16,5,140,33,83
20190410,서울특별시,11,관악구,11620,대전광역시,30,14,65,50,29,61,3,14,0,150,30,117
20190410,서울특별시,11,관악구,11620,울산광역시,31,8,57,20,20,36,4,11,5,136,17,68
20190410,서울특별시,11,관악구,11620,세종특별자치시,36,0,21,6,3,7,3,6,0,41,6,20
20190410,서울특별시,11,관악구,11620,경기도,41,195,892,370,321,536,50,210,65,1819,340,932
20190410,서울특별시,11,관악구,11620,강원도,42,18,68,29,33,47,3,24,4,182,25,85
20190410,서울특별시,11,관악구,11620,충청북도,43,26,65,34,30,64,5,20,4,179,29,101
20190410,서울특별시,11,관악구,11620,충청남도,44,24,114,46,53,62,7,28,6,225,49,125
20190410,서울특별시,11,관악구,11620,전라북도,45,11,90,56,26,50,0,22,8,222,29,83
20190410,서울특별시,11,관악구,11620,전라남도,46,13,93,22,43,44,4,25,5,145,24,99
20190410,서울특별시,11,관악구,11620,경상북도,47,23,126,36,37,84,3,32,8,234,47,137
20190410,서울특별시,11,관악구,11620,경상남도,48,33,177,70,75,96,4,40,12,341,55,183
20190410,서울특별시,11,관악구,11620,제주특별자치도,50,5,17,12,13,9,0,0,0,69,7,15
20190410,서울특별시,11,광진구,11215,서울특별시,11,131,1179,176,1016,884,93,791,100,1175,562,661
20190410,서울특별시,11,광진구,11215,부산광역시,26,35,239,41,254,218,27,203,19,283,147,154
20190410,서울특별시,11,광진구,11215,대구광역시,27,23,199,20,176,153,18,138,17,201,105,112
20190410,서울특별시,11,광진구,11215,인천광역시,28,30,235,34,220,241,18,190,37,271,136,141
20190410,서울특별시,11,광진구,11215,광주광역시,29,18,115,17,98,96,17,66,15,153,77,50
20190410,서울특별시,11,광진구,11215,대전광역시,30,19,110,12,103,123,20,129,9,107,77,73
20190410,서울특별시,11,광진구,11215,울산광역시,31,8,97,8,65,61,16,62,17,86,46,43
20190410,서울특별시,11,광진구,11215,세종특별자치시,36,3,31,5,25,32,6,20,5,17,17,18
20190410,서울특별시,11,광진구,11215,경기도,41,161,1377,157,1125,1047,150,944,134,1482,644,727
20190410,서울특별시,11,광진구,11215,강원도,42,19,104,14,91,108,17,98,8,122,63,61
20190410,서울특별시,11,광진구,11215,충청북도,43,18,111,17,101,106,20,95,20,156,67,79
20190410,서울특별시,11,광진구,11215,충청남도,44,25,156,23,145,153,12,199,25,180,98,86
20190410,서울특별시,11,광진구,11215,전라북도,45,15,120,25,100,101,12,88,10,139,65,88
20190410,서울특별시,11,광진구,11215,전라남도,46,25,97,16,103,112,20,92,14,122,63,79
20190410,서울특별시,11,광진구,11215,경상북도,47,29,180,23,172,149,30,169,18,161,100,84
20190410,서울특별시,11,광진구,11215,경상남도,48,30,211,27,202,226,27,176,27,254,126,149
20190410,서울특별시,11,광진구,11215,제주특별자치도,50,5,33,6,29,19,0,9,0,39,25,25
20190410,서울특별시,11,영등포구,11560,서울특별시,11,82,1784,387,2079,1530,82,787,75,884,346,410
20190410,서울특별시,11,영등포구,11560,부산광역시,26,25,473,79,456,509,26,245,25,260,99,103
20190410,서울특별시,11,영등포구,11560,대구광역시,27,21,310,45,316,358,16,141,10,115,51,216
20190410,서울특별시,11,영등포구,11560,인천광역시,28,28,394,67,556,378,16,212,19,172,98,97
20190410,서울특별시,11,영등포구,11560,광주광역시,29,8,225,33,208,154,11,76,13,107,48,48
20190410,서울특별시,11,영등포구,11560,대전광역시,30,15,196,43,252,164,10,100,5,103,46,55
20190410,서울특별시,11,영등포구,11560,울산광역시,31,8,149,13,163,150,7,81,10,66,27,44
20190410,서울특별시,11,영등포구,11560,세종특별자치시,36,4,54,12,68,164,5,14,3,22,8,11
20190410,서울특별시,11,영등포구,11560,경기도,41,118,2056,319,2452,1884,118,949,105,1249,440,558
20190410,서울특별시,11,영등포구,11560,강원도,42,11,195,32,224,147,13,101,8,80,41,41
20190410,서울특별시,11,영등포구,11560,충청북도,43,15,206,46,276,185,18,97,15,110,39,48
20190410,서울특별시,11,영등포구,11560,충청남도,44,17,295,53,371,284,16,144,8,141,63,68
20190410,서울특별시,11,영등포구,11560,전라북도,45,14,221,29,246,206,8,80,16,98,42,47
20190410,서울특별시,11,영등포구,11560,전라남도,46,4,232,33,230,175,13,88,7,81,32,70
20190410,서울특별시,11,영등포구,11560,경상북도,47,19,311,44,331,272,14,196,10,133,66,91
20190410,서울특별시,11,영등포구,11560,경상남도,48,19,465,58,454,418,19,216,15,182,77,111
20190410,서울특별시,11,영등포구,11560,제주특별자치도,50,4,59,12,51,39,0,14,3,20,16,16
20190410,서울특별시,11,중구,11140,서울특별시,11,350,2246,274,483,2054,297,565,146,4303,1409,272
20190410,서울특별시,11,중구,11140,부산광역시,26,77,598,97,82,458,70,141,33,1054,339,101
20190410,서울특별시,11,중구,11140,대구광역시,27,47,480,57,70,300,71,92,29,762,271,57
20190410,서울특별시,11,중구,11140,인천광역시,28,67,396,50,77,446,73,135,20,1037,313,61
20190410,서울특별시,11,중구,11140,광주광역시,29,36,309,38,29,223,45,76,16,559,158,42
20190410,서울특별시,11,중구,11140,대전광역시,30,48,259,46,47,227,50,73,14,509,175,25
20190410,서울특별시,11,중구,11140,울산광역시,31,23,157,31,31,148,35,58,14,341,114,27
20190410,서울특별시,11,중구,11140,세종특별자치시,36,15,71,9,5,45,14,18,6,124,45,11
20190410,서울특별시,11,중구,11140,경기도,41,416,2393,295,454,2282,430,727,164,4824,1617,292
20190410,서울특별시,11,중구,11140,강원도,42,43,295,36,42,182,38,63,14,452,151,26
20190410,서울특별시,11,중구,11140,충청북도,43,37,283,50,60,270,37,97,17,498,136,58
20190410,서울특별시,11,중구,11140,충청남도,44,66,372,55,48,339,65,125,22,666,174,40
20190410,서울특별시,11,중구,11140,전라북도,45,43,261,41,41,236,60,113,10,508,142,32
20190410,서울특별시,11,중구,11140,전라남도,46,39,314,40,51,199,45,88,14,473,131,29
20190410,서울특별시,11,중구,11140,경상남도,48,70,518,77,75,409,95,143,31,946,290,56
20190410,서울특별시,11,중구,11140,제주특별자치도,50,13,101,22,9,50,13,24,3,166,54,13
20190410,서울특별시,11,동대문구,11230,서울특별시,11,647,1580,1953,498,1307,101,1589,185,3793,867,566
20190410,서울특별시,11,동대문구,11230,부산광역시,26,105,391,712,167,379,24,484,63,1013,253,166
20190410,서울특별시,11,동대문구,11230,대구광역시,27,91,291,775,96,309,24,337,59,743,146,110
20190410,서울특별시,11,동대문구,11230,인천광역시,28,129,399,746,89,375,38,558,83,1049,260,172
20190410,서울특별시,11,동대문구,11230,광주광역시,29,57,222,361,49,165,15,227,46,602,132,76
20190410,서울특별시,11,동대문구,11230,대전광역시,30,53,189,500,73,186,14,231,24,543,116,84
20190410,서울특별시,11,동대문구,11230,울산광역시,31,44,139,434,52,144,8,152,27,381,67,74
20190410,서울특별시,11,동대문구,11230,세종특별자치시,36,26,46,127,17,53,0,52,5,87,24,17
20190410,서울특별시,11,동대문구,11230,경기도,41,674,1954,3349,700,1870,169,2078,317,4941,1035,744
20190410,서울특별시,11,동대문구,11230,강원도,42,70,206,292,59,216,16,240,20,450,118,75
20190410,서울특별시,11,동대문구,11230,충청북도,43,65,209,349,78,228,28,237,43,537,114,78
20190410,서울특별시,11,동대문구,11230,충청남도,44,101,280,562,112,346,28,337,50,713,122,104
20190410,서울특별시,11,동대문구,11230,전라북도,45,68,209,380,84,169,15,234,35,507,144,76
20190410,서울특별시,11,동대문구,11230,전라남도,46,51,214,346,59,204,21,244,28,443,87,83
20190410,서울특별시,11,동대문구,11230,경상북도,47,92,294,916,114,314,24,412,62,775,149,144
20190410,서울특별시,11,동대문구,11230,경상남도,48,95,410,967,160,445,24,464,69,976,268,165
20190410,서울특별시,11,동대문구,11230,제주특별자치도,50,20,54,0,13,60,3,39,13,154,44,11
20190410,서울특별시,11,동작구,11590,서울특별시,11,112,536,435,276,421,107,223,53,879,302,484
20190410,서울특별시,11,동작구,11590,부산광역시,26,40,124,71,54,108,20,42,13,177,55,112
20190410,서울특별시,11,동작구,11590,대구광역시,27,33,62,48,45,64,23,34,12,136,28,72
20190410,서울특별시,11,동작구,11590,인천광역시,28,30,132,60,50,114,23,49,26,178,61,121
20190410,서울특별시,11,동작구,11590,광주광역시,29,22,40,30,23,54,9,24,11,82,26,69
20190410,서울특별시,11,동작구,11590,대전광역시,30,16,50,36,20,49,9,35,13,80,28,42
20190410,서울특별시,11,동작구,11590,울산광역시,31,20,41,12,18,33,10,16,8,72,18,30
20190410,서울특별시,11,동작구,11590,세종특별자치시,36,7,9,3,6,11,7,5,0,15,13,15
20190410,서울특별시,11,동작구,11590,경기도,41,191,543,318,353,547,219,182,85,1105,389,533
20190410,서울특별시,11,동작구,11590,강원도,42,13,47,42,31,49,14,19,13,85,19,46
20190410,서울특별시,11,동작구,11590,충청북도,43,18,54,39,27,43,14,21,10,122,26,57
20190410,서울특별시,11,동작구,11590,충청남도,44,28,71,42,43,79,24,32,16,111,43,64
20190410,서울특별시,11,동작구,11590,전라북도,45,21,58,37,39,59,9,16,11,92,29,45
20190410,서울특별시,11,동작구,11590,전라남도,46,21,49,30,28,74,10,24,13,77,16,41
20190410,서울특별시,11,동작구,11590,경상북도,47,23,64,46,41,83,23,37,16,111,33,84
20190410,서울특별시,11,동작구,11590,경상남도,48,31,112,61,63,116,26,29,15,143,39,121
20190410,서울특별시,11,동작구,11590,제주특별자치도,50,10,21,7,5,31,4,0,0,30,8,9
20190410,서울특별시,11,강북구,11305,서울특별시,11,74,616,132,185,309,39,130,193,1674,411,85
20190410,서울특별시,11,강북구,11305,부산광역시,26,21,175,16,42,76,8,36,55,499,122,24
20190410,서울특별시,11,강북구,11305,대구광역시,27,12,110,8,37,62,11,28,49,321,87,16
20190410,서울특별시,11,강북구,11305,인천광역시,28,17,169,14,50,90,6,39,65,455,113,28
20190410,서울특별시,11,강북구,11305,광주광역시,29,12,89,9,24,38,6,17,28,252,60,5
20190410,서울특별시,11,강북구,11305,대전광역시,30,10,61,11,18,21,0,16,23,237,47,15
20190410,서울특별시,11,강북구,11305,울산광역시,31,7,45,0,16,34,6,13,22,154,45,10
20190410,서울특별시,11,강북구,11305,세종특별자치시,36,0,14,3,4,6,0,4,16,65,9,0
20190410,서울특별시,11,강북구,11305,경기도,41,90,715,93,244,423,52,168,265,2300,595,112
20190410,서울특별시,11,강북구,11305,강원도,42,7,66,6,14,38,7,14,40,225,47,11
20190410,서울특별시,11,강북구,11305,충청북도,43,14,79,6,27,45,7,15,31,240,52,14
20190410,서울특별시,11,강북구,11305,충청남도,44,8,113,11,36,49,8,28,52,359,79,13
20190410,서울특별시,11,강북구,11305,전라북도,45,4,93,9,22,45,8,14,26,277,62,9
20190410,서울특별시,11,강북구,11305,전라남도,46,8,85,13,30,33,9,15,40,208,52,10
20190410,서울특별시,11,강북구,11305,경상북도,47,11,123,14,32,64,6,21,50,332,70,17
20190410,서울특별시,11,강북구,11305,경상남도,48,20,134,10,40,74,14,31,75,463,128,22
20190410,서울특별시,11,강북구,11305,제주특별자치도,50,4,15,0,7,13,4,4,10,65,8,0
20190411,서울특별시,11,동대문구,11230,경기도,41,669,1868,199,659,2094,145,3069,248,4744,980,828
20190411,서울특별시,11,동대문구,11230,세종특별자치시,36,17,37,5,12,41,5,50,7,92,24,18
20190411,서울특별시,11,동대문구,11230,울산광역시,31,37,127,16,48,160,7,204,33,390,68,78
20190411,서울특별시,11,동대문구,11230,대전광역시,30,56,188,22,66,225,8,309,36,476,106,86
20190411,서울특별시,11,동대문구,11230,광주광역시,29,53,177,13,54,232,14,261,34,518,105,86
20190411,서울특별시,11,동대문구,11230,인천광역시,28,131,383,42,113,422,31,660,73,1013,219,178
20190411,서울특별시,11,동대문구,11230,대구광역시,27,92,293,28,101,328,22,466,36,737,163,110
20190411,서울특별시,11,동대문구,11230,부산광역시,26,126,411,37,134,430,17,622,73,968,190,190
20190411,서울특별시,11,동대문구,11230,서울특별시,11,571,1307,164,499,1415,95,2245,191,3671,778,580
20190411,서울특별시,11,양천구,11470,제주특별자치도,50,0,18,8,14,30,7,12,6,22,5,34
20190411,서울특별시,11,강남구,11680,서울특별시,11,272,3044,516,1038,1206,165,1195,331,3634,1151,2421
20190411,서울특별시,11,강남구,11680,부산광역시,26,51,617,61,172,281,34,328,92,756,339,693
20190411,서울특별시,11,강남구,11680,대구광역시,27,41,467,45,125,199,31,210,87,555,205,431
20190411,서울특별시,11,성동구,11200,경상북도,47,32,1726,104,68,155,37,149,29,375,130,85
20190411,서울특별시,11,성동구,11200,전라남도,46,21,679,56,44,123,26,90,19,261,95,41
20190411,서울특별시,11,성동구,11200,전라북도,45,15,716,59,66,92,26,89,14,348,93,41
20190411,서울특별시,11,성동구,11200,충청남도,44,25,1159,110,93,149,24,122,25,379,111,48
20190411,서울특별시,11,성동구,11200,충청북도,43,27,675,63,62,113,24,95,14,304,101,48
20190411,서울특별시,11,성동구,11200,강원도,42,11,540,71,47,133,32,90,15,250,89,34
20190411,서울특별시,11,성동구,11200,경기도,41,173,7348,594,615,1195,252,752,188,3197,1239,463
20190411,서울특별시,11,성동구,11200,세종특별자치시,36,8,187,13,18,32,6,18,6,56,30,15
20190411,서울특별시,11,성동구,11200,울산광역시,31,11,1056,51,39,51,14,64,16,224,88,36
20190411,서울특별시,11,성동구,11200,대전광역시,30,19,655,57,55,117,28,80,21,315,118,55
20190411,서울특별시,11,성동구,11200,광주광역시,29,17,637,51,68,119,23,79,20,332,123,46
20190411,서울특별시,11,성동구,11200,인천광역시,28,40,1537,113,132,239,39,165,44,602,202,98
20190411,서울특별시,11,성동구,11200,대구광역시,27,35,1572,110,102,156,37,141,32,438,167,81
20190411,서울특별시,11,성동구,11200,부산광역시,26,39,1380,139,133,255,70,228,24,676,245,117
20190411,서울특별시,11,성동구,11200,서울특별시,11,169,4703,488,570,846,162,700,150,2761,1222,426
20190411,서울특별시,11,강남구,11680,인천광역시,28,48,572,68,172,267,36,283,78,666,279,555
20190411,서울특별시,11,강남구,11680,광주광역시,29,17,276,34,70,151,18,120,47,418,125,284
20190411,서울특별시,11,강남구,11680,대전광역시,30,18,306,40,88,137,15,138,64,421,129,256
20190411,서울특별시,11,강남구,11680,울산광역시,31,16,187,23,62,91,11,101,46,251,78,308
20190411,서울특별시,11,강남구,11680,세종특별자치시,36,11,56,12,24,47,4,38,17,63,40,54
20190411,서울특별시,11,강남구,11680,경기도,41,270,2845,481,1011,1487,228,1378,547,4085,1425,2457
20190411,서울특별시,11,강남구,11680,강원도,42,22,220,39,77,119,24,144,64,309,130,298
20190411,서울특별시,11,강남구,11680,충청북도,43,23,268,63,88,163,18,149,61,371,136,283
20190411,서울특별시,11,강남구,11680,충청남도,44,25,335,31,115,140,26,164,75,489,180,410
20190411,서울특별시,11,강남구,11680,전라북도,45,19,244,30,83,130,12,138,39,331,130,243
20190411,서울특별시,11,강남구,11680,전라남도,46,27,214,20,71,112,8,120,40,238,104,236
20190411,서울특별시,11,강남구,11680,경상북도,47,35,350,37,105,205,17,191,107,427,169,412
20190411,서울특별시,11,강남구,11680,경상남도,48,28,471,63,137,254,37,260,110,548,233,549
20190411,서울특별시,11,강남구,11680,제주특별자치도,50,13,80,22,22,51,7,24,17,109,38,69
20190411,서울특별시,11,중구,11140,서울특별시,11,349,2134,270,434,1745,396,669,105,4637,1320,320
20190411,서울특별시,11,중구,11140,부산광역시,26,74,576,79,90,391,72,222,22,1088,330,87
20190411,서울특별시,11,강북구,11305,제주특별자치도,50,0,21,0,4,14,0,7,0,65,19,0
20190411,서울특별시,11,강북구,11305,경상남도,48,14,123,11,33,86,6,34,70,484,90,32
20190411,서울특별시,11,강북구,11305,경상북도,47,11,130,10,25,65,9,31,47,309,52,22
20190411,서울특별시,11,강북구,11305,전라남도,46,7,73,11,18,37,4,16,40,239,48,13
20190411,서울특별시,11,강북구,11305,전라북도,45,8,67,12,16,47,0,18,43,242,57,10
20190411,서울특별시,11,강북구,11305,충청남도,44,11,106,8,21,58,6,34,44,328,74,18
20190411,서울특별시,11,강북구,11305,충청북도,43,7,66,7,21,36,0,25,22,273,57,14
20190411,서울특별시,11,강북구,11305,강원도,42,5,55,9,22,37,3,12,31,204,53,14
20190411,서울특별시,11,강북구,11305,경기도,41,88,650,85,217,411,40,224,289,2290,529,145
20190411,서울특별시,11,강북구,11305,세종특별자치시,36,0,13,0,4,7,0,4,10,54,10,8
20190411,서울특별시,11,강북구,11305,울산광역시,31,7,43,3,10,20,4,13,30,170,38,13
20190411,서울특별시,11,강북구,11305,대전광역시,30,4,62,7,22,38,0,19,22,218,58,14
20190411,서울특별시,11,강북구,11305,광주광역시,29,10,76,6,21,34,9,11,22,218,55,8
20190411,서울특별시,11,강북구,11305,인천광역시,28,8,142,14,36,82,9,37,59,430,112,28
20190411,서울특별시,11,강북구,11305,대구광역시,27,19,111,11,26,63,7,23,46,326,67,23
20190411,서울특별시,11,강북구,11305,부산광역시,26,14,139,12,39,87,8,43,54,423,104,32
20190411,서울특별시,11,강북구,11305,서울특별시,11,66,529,59,173,293,21,231,181,1481,382,91
20190411,서울특별시,11,마포구,11440,제주특별자치도,50,8,46,20,41,43,4,41,9,92,78,9
20190411,서울특별시,11,마포구,11440,경상남도,48,36,373,97,361,353,21,285,49,404,357,88
20190411,서울특별시,11,마포구,11440,경상북도,47,27,286,89,264,235,14,195,26,288,307,82
20190411,서울특별시,11,마포구,11440,전라남도,46,12,155,52,175,178,8,107,12,176,186,26
20190411,서울특별시,11,마포구,11440,전라북도,45,20,166,59,274,194,9,160,23,235,201,51
20190411,서울특별시,11,마포구,11440,충청남도,44,36,246,73,243,241,11,191,35,308,266,63
20190411,서울특별시,11,마포구,11440,충청북도,43,18,197,56,194,213,9,124,12,250,227,60
20190411,서울특별시,11,마포구,11440,강원도,42,28,187,62,141,220,9,117,15,196,184,48
20190411,서울특별시,11,마포구,11440,경기도,41,200,2221,649,1680,1755,115,1270,195,2406,1875,514
20190411,서울특별시,11,마포구,11440,세종특별자치시,36,3,49,15,44,44,0,39,5,32,40,10
20190411,서울특별시,11,마포구,11440,울산광역시,31,10,138,26,143,178,4,80,20,151,115,36
20190411,서울특별시,11,마포구,11440,대전광역시,30,20,182,63,264,175,13,151,17,226,251,52
20190411,서울특별시,11,마포구,11440,광주광역시,29,22,212,57,234,196,9,132,23,246,241,48
20190411,서울특별시,11,마포구,11440,인천광역시,28,51,466,103,313,397,23,276,37,473,445,92
20190411,서울특별시,11,마포구,11440,대구광역시,27,37,308,84,272,271,7,214,27,336,333,69
20190411,서울특별시,11,마포구,11440,부산광역시,26,30,403,113,520,436,18,279,35,474,418,94
20190411,서울특별시,11,마포구,11440,서울특별시,11,156,2135,661,1279,1371,66,1084,166,2277,1706,407
20190411,서울특별시,11,중구,11140,대구광역시,27,57,357,54,63,265,53,111,20,834,243,55
20190411,서울특별시,11,중구,11140,인천광역시,28,72,404,58,64,394,71,156,32,1088,288,79
20190411,서울특별시,11,중구,11140,광주광역시,29,40,288,39,40,219,38,81,13,558,159,30
20190411,서울특별시,11,중구,11140,대전광역시,30,38,220,31,41,224,31,79,8,558,157,41
20190411,서울특별시,11,중구,11140,울산광역시,31,31,144,29,30,107,34,54,17,367,100,21
20190411,서울특별시,11,중구,11140,세종특별자치시,36,9,59,4,18,37,17,24,7,122,27,4
20190411,서울특별시,11,중구,11140,경기도,41,422,2199,332,421,1870,423,764,173,4951,1507,375
20190411,서울특별시,11,중구,11140,강원도,42,41,255,38,34,204,48,73,13,449,140,40
20190411,서울특별시,11,중구,11140,충청북도,43,41,276,39,50,192,53,86,16,540,145,42
20190411,서울특별시,11,중구,11140,충청남도,44,44,359,47,41,266,63,103,23,679,182,45
20190411,서울특별시,11,중구,11140,전라북도,45,27,210,30,43,201,56,76,18,566,137,27
20190411,서울특별시,11,중구,11140,전라남도,46,32,237,33,39,193,32,100,7,453,144,16
20190411,서울특별시,11,양천구,11470,경상남도,48,31,131,43,157,426,32,191,28,90,77,230
20190411,서울특별시,11,양천구,11470,경상북도,47,31,123,18,119,309,23,160,36,67,56,174
20190411,서울특별시,11,양천구,11470,전라남도,46,18,62,19,65,172,18,91,19,38,42,120
20190411,서울특별시,11,양천구,11470,전라북도,45,19,67,29,81,193,18,105,17,70,39,123
20190411,서울특별시,11,양천구,11470,충청남도,44,33,97,32,116,240,33,167,20,85,55,139
20190411,서울특별시,11,양천구,11470,충청북도,43,26,68,24,107,185,17,104,22,82,42,115
20190411,서울특별시,11,양천구,11470,강원도,42,20,61,15,109,160,27,88,15,55,24,118
20190411,서울특별시,11,영등포구,11560,제주특별자치도,50,0,40,13,46,42,0,40,0,25,10,27
20190411,서울특별시,11,서초구,11650,대전광역시,30,23,244,69,55,119,17,127,17,105,87,56
20190411,서울특별시,11,서초구,11650,광주광역시,29,20,274,62,68,137,18,118,18,103,74,64
20190411,서울특별시,11,서초구,11650,인천광역시,28,47,478,126,178,292,38,299,47,226,170,136
20190411,서울특별시,11,서초구,11650,대구광역시,27,36,439,101,89,233,24,210,32,153,126,143
20190411,서울특별시,11,서초구,11650,부산광역시,26,27,586,131,120,338,38,330,26,230,183,144
20190411,서울특별시,11,중구,11140,제주특별자치도,50,11,75,12,14,72,15,27,4,156,49,7
20190411,서울특별시,11,중구,11140,경상남도,48,68,491,67,82,374,95,174,19,940,302,54
20190411,서울특별시,11,서초구,11650,서울특별시,11,212,2765,720,643,1118,153,1509,137,1192,753,612
20190411,서울특별시,11,영등포구,11560,경상남도,48,24,379,70,373,264,24,282,21,216,102,111
20190411,서울특별시,11,서대문구,11410,경상남도,48,8,282,19,28,410,15,170,92,200,48,72
20190411,서울특별시,11,성북구,11290,서울특별시,11,343,2582,806,1474,2127,410,1897,425,9981,4148,1922
20190411,서울특별시,11,성북구,11290,부산광역시,26,88,691,423,326,588,115,599,121,2851,1134,617
20190411,서울특별시,11,성북구,11290,대구광역시,27,71,451,280,266,438,68,337,99,2071,807,414
20190411,서울특별시,11,성북구,11290,인천광역시,28,110,704,291,284,572,108,550,128,2778,1135,595
20190411,서울특별시,11,성북구,11290,광주광역시,29,33,340,245,186,249,55,267,63,1563,631,279
20190411,서울특별시,11,성북구,11290,대전광역시,30,43,312,221,165,305,56,210,56,1415,611,234
20190411,서울특별시,11,성북구,11290,울산광역시,31,33,243,116,128,235,49,159,40,962,351,191
20190411,서울특별시,11,성북구,11290,세종특별자치시,36,11,86,27,40,60,14,43,16,310,139,52
20190411,서울특별시,11,성북구,11290,경기도,41,431,3155,1229,1649,2722,542,2272,682,12883,5070,2500
20190411,서울특별시,11,성북구,11290,강원도,42,38,309,173,179,281,69,235,67,1320,533,246
20190411,서울특별시,11,성북구,11290,충청북도,43,49,325,175,176,294,57,233,44,1510,503,272
20190411,서울특별시,11,성북구,11290,충청남도,44,65,422,200,253,381,85,298,104,1938,753,371
20190411,서울특별시,11,성북구,11290,전라북도,45,36,314,246,175,319,51,252,69,1685,531,282
20190411,서울특별시,11,성북구,11290,전라남도,46,47,262,208,156,250,60,237,49,1356,541,250
20190411,서울특별시,11,성북구,11290,경상북도,47,73,421,287,277,439,101,342,96,2047,789,393
20190411,서울특별시,11,성북구,11290,경상남도,48,86,625,386,311,592,135,481,143,2779,1092,520
20190411,서울특별시,11,성북구,11290,제주특별자치도,50,16,91,20,39,96,22,42,21,431,173,57
20190411,서울특별시,11,서대문구,11410,경상북도,47,7,264,19,37,278,7,93,56,161,35,63
20190411,서울특별시,11,종로구,11110,제주특별자치도,50,6,61,8,8,23,0,11,19,43,32,8
20190411,서울특별시,11,종로구,11110,경상남도,48,30,297,45,56,158,11,69,50,325,172,32
20190411,서울특별시,11,종로구,11110,경상북도,47,31,250,18,58,150,8,55,37,237,126,22
20190411,서울특별시,11,종로구,11110,전라남도,46,19,138,26,29,88,4,37,47,168,96,21
20190411,서울특별시,11,종로구,11110,전라북도,45,9,155,28,27,69,0,36,56,174,113,24
20190411,서울특별시,11,종로구,11110,충청남도,44,19,195,26,48,108,0,41,33,194,138,26
20190411,서울특별시,11,종로구,11110,충청북도,43,18,169,19,31,80,0,40,19,167,114,19
20190411,서울특별시,11,종로구,11110,강원도,42,20,140,15,29,82,7,44,47,160,112,25
20190411,서울특별시,11,종로구,11110,경기도,41,172,1630,282,315,793,55,411,266,1519,958,194
20190411,서울특별시,11,종로구,11110,세종특별자치시,36,4,35,8,7,33,0,7,6,35,20,8
20190411,서울특별시,11,종로구,11110,울산광역시,31,8,87,16,17,48,3,27,5,105,56,12
20190411,서울특별시,11,종로구,11110,대전광역시,30,18,185,19,23,77,4,34,34,159,84,22
20190411,서울특별시,11,종로구,11110,광주광역시,29,21,159,24,30,79,7,32,40,191,91,22
20190411,서울특별시,11,종로구,11110,인천광역시,28,33,303,47,60,158,13,49,38,230,209,47
20190411,서울특별시,11,종로구,11110,대구광역시,27,25,248,29,42,129,14,48,27,236,129,43
20190411,서울특별시,11,종로구,11110,부산광역시,26,31,322,54,57,172,12,68,52,353,180,60
20190411,서울특별시,11,종로구,11110,서울특별시,11,129,1478,448,301,557,43,244,123,1062,720,238
20190411,서울특별시,11,강서구,11500,강원도,42,60,160,40,114,294,38,371,41,675,198,367
20190411,서울특별시,11,강서구,11500,충청북도,43,56,166,55,134,270,23,251,59,463,143,295
20190411,서울특별시,11,강서구,11500,충청남도,44,62,215,64,165,399,31,432,72,580,249,379
20190411,서울특별시,11,강서구,11500,전라북도,45,26,197,53,104,247,23,437,66,363,136,357
20190411,서울특별시,11,강서구,11500,전라남도,46,38,143,52,104,279,25,265,48,429,163,264
20190411,서울특별시,11,강서구,11500,경상북도,47,56,236,66,156,370,27,514,76,690,254,426
20190411,서울특별시,11,강서구,11500,경상남도,48,74,364,95,202,496,47,499,116,570,257,517
20190411,서울특별시,11,강서구,11500,제주특별자치도,50,6,51,14,28,46,3,33,17,94,37,52
20190411,서울특별시,11,서대문구,11410,전라남도,46,7,110,12,19,213,0,88,45,116,20,42
20190411,서울특별시,11,서대문구,11410,전라북도,45,3,147,11,21,210,0,83,39,139,32,36
20190411,서울특별시,11,서대문구,11410,충청남도,44,12,241,15,27,300,7,122,38,192,43,51
20190411,서울특별시,11,서대문구,11410,충청북도,43,4,205,13,15,187,5,84,40,167,21,37
20190411,서울특별시,11,서대문구,11410,강원도,42,0,207,18,17,183,9,85,35,104,33,41
20190411,서울특별시,11,서대문구,11410,경기도,41,57,2053,87,203,1619,48,809,254,1468,329,413
20190411,서울특별시,11,영등포구,11560,경상북도,47,15,307,46,282,227,15,225,23,118,63,81
20190411,서울특별시,11,영등포구,11560,전라남도,46,13,178,25,194,124,5,128,4,76,51,61
20190411,서울특별시,11,영등포구,11560,전라북도,45,3,200,36,229,138,11,119,10,119,34,72
20190411,서울특별시,11,영등포구,11560,충청남도,44,12,233,47,298,181,20,199,10,152,58,79
20190411,서울특별시,11,영등포구,11560,충청북도,43,19,170,44,215,134,10,137,6,115,49,72
20190411,서울특별시,11,영등포구,11560,강원도,42,11,181,29,223,131,12,156,5,86,39,48
20190411,서울특별시,11,영등포구,11560,경기도,41,116,1855,461,2094,1267,106,1244,98,1240,557,554
20190411,서울특별시,11,영등포구,11560,세종특별자치시,36,5,36,7,55,41,0,31,3,24,17,8
20190411,서울특별시,11,영등포구,11560,울산광역시,31,6,123,22,142,214,7,100,6,85,26,51
20190411,서울특별시,11,영등포구,11560,대전광역시,30,12,189,47,272,111,14,124,7,103,55,44
20190411,서울특별시,11,영등포구,11560,광주광역시,29,11,183,36,195,106,8,124,5,141,49,50
20190411,서울특별시,11,영등포구,11560,인천광역시,28,17,394,83,466,300,19,319,17,200,130,128
20190411,서울특별시,11,영등포구,11560,대구광역시,27,19,285,67,279,217,12,214,10,142,62,82
20190411,서울특별시,11,영등포구,11560,부산광역시,26,25,487,79,461,268,23,301,19,232,116,153
20190411,서울특별시,11,영등포구,11560,서울특별시,11,107,1810,744,1807,1132,77,1039,89,832,402,428
20190411,서울특별시,11,광진구,11215,제주특별자치도,50,9,32,3,24,19,5,13,0,38,24,15
20190411,서울특별시,11,광진구,11215,경상남도,48,46,272,23,204,224,28,197,20,193,121,124
20190411,서울특별시,11,서대문구,11410,세종특별자치시,36,3,40,0,5,31,0,23,15,29,10,7
20190411,서울특별시,11,서대문구,11410,울산광역시,31,4,93,9,11,120,4,59,38,92,24,28
20190411,서울특별시,11,서대문구,11410,대전광역시,30,3,158,14,17,197,3,62,32,133,22,38
20190411,서울특별시,11,서대문구,11410,광주광역시,29,10,115,70,16,178,5,82,52,122,26,35
20190411,서울특별시,11,광진구,11215,경상북도,47,38,191,20,176,137,22,150,16,169,72,72
20190411,서울특별시,11,광진구,11215,전라남도,46,21,104,11,85,97,13,96,8,84,65,62
20190411,서울특별시,11,광진구,11215,전라북도,45,23,118,11,88,128,11,67,16,167,58,60
20190411,서울특별시,11,은평구,11380,제주특별자치도,50,7,21,3,7,16,8,14,9,65,13,22
20190411,서울특별시,11,은평구,11380,경상남도,48,27,188,56,63,218,40,130,60,479,121,183
20190411,서울특별시,11,은평구,11380,경상북도,47,26,184,30,53,198,34,96,51,335,83,131
20190411,서울특별시,11,은평구,11380,전라남도,46,17,93,37,30,118,23,91,32,237,53,70
20190411,서울특별시,11,은평구,11380,전라북도,45,10,122,50,28,116,22,78,46,264,56,79
20190411,서울특별시,11,은평구,11380,충청남도,44,29,143,42,31,151,36,136,50,358,80,117
20190411,서울특별시,11,은평구,11380,충청북도,43,20,104,28,32,117,24,57,38,296,58,77
20190411,서울특별시,11,은평구,11380,강원도,42,18,125,28,34,153,27,70,32,222,50,66
20190411,서울특별시,11,은평구,11380,경기도,41,153,1047,275,350,1285,246,717,268,2440,528,803
20190411,서울특별시,11,은평구,11380,세종특별자치시,36,0,27,8,6,38,6,11,3,48,11,26
20190411,서울특별시,11,은평구,11380,울산광역시,31,15,75,18,15,82,28,69,21,185,38,57
20190411,서울특별시,11,은평구,11380,대전광역시,30,9,98,28,32,112,27,67,31,187,39,99
20190411,서울특별시,11,은평구,11380,광주광역시,29,7,116,22,28,110,30,71,25,208,56,98
20190411,서울특별시,11,중랑구,11260,서울특별시,11,293,1249,230,731,1765,155,714,216,2969,1121,817
20190411,서울특별시,11,중랑구,11260,부산광역시,26,58,315,57,203,494,50,184,66,848,335,234
20190411,서울특별시,11,중랑구,11260,대구광역시,27,49,235,36,117,340,37,133,74,602,228,171
20190411,서울특별시,11,중랑구,11260,인천광역시,28,63,318,46,160,433,41,152,81,894,325,265
20190411,서울특별시,11,중랑구,11260,광주광역시,29,26,161,27,72,247,32,81,36,473,192,133
20190411,서울특별시,11,중랑구,11260,대전광역시,30,36,146,12,109,251,23,93,31,435,139,108
20190411,서울특별시,11,중랑구,11260,울산광역시,31,21,107,19,55,192,23,71,32,320,107,75
20190411,서울특별시,11,중랑구,11260,세종특별자치시,36,7,21,6,16,53,6,20,19,85,25,27
20190411,서울특별시,11,중랑구,11260,경기도,41,311,1590,243,845,2163,223,762,389,4226,1499,983
20190411,서울특별시,11,중랑구,11260,강원도,42,35,166,11,94,223,69,95,43,374,147,107
20190411,서울특별시,11,중랑구,11260,충청북도,43,35,172,30,107,230,26,89,45,465,173,127
20190411,서울특별시,11,중랑구,11260,충청남도,44,29,254,26,130,334,42,99,60,623,208,123
20190411,서울특별시,11,중랑구,11260,전라북도,45,31,175,21,80,258,29,81,31,429,174,103
20190411,서울특별시,11,중랑구,11260,전라남도,46,29,143,22,72,249,66,94,42,420,129,94
20190411,서울특별시,11,중랑구,11260,경상북도,47,46,248,30,121,371,45,136,89,579,208,160
20190411,서울특별시,11,중랑구,11260,경상남도,48,74,283,44,172,375,44,157,83,863,315,202
20190411,서울특별시,11,중랑구,11260,제주특별자치도,50,9,43,3,13,41,4,19,9,110,49,28
20190411,서울특별시,11,은평구,11380,인천광역시,28,33,215,61,78,210,52,179,69,466,118,188
20190411,서울특별시,11,은평구,11380,대구광역시,27,31,144,31,41,195,44,101,46,295,88,142
20190411,서울특별시,11,은평구,11380,부산광역시,26,36,207,37,67,238,42,168,51,436,119,201
20190411,서울특별시,11,은평구,11380,서울특별시,11,131,805,211,309,878,179,608,156,1460,389,607
20190411,서울특별시,11,서대문구,11410,인천광역시,28,9,401,23,40,351,12,140,51,233,59,80
20190411,서울특별시,11,서대문구,11410,대구광역시,27,8,225,100,33,213,9,119,70,159,47,40
20190411,서울특별시,11,서대문구,11410,부산광역시,26,7,268,15,34,350,20,175,68,232,60,70
20190411,서울특별시,11,송파구,11710,서울특별시,11,121,2311,238,540,1057,360,2013,191,2840,1185,724
20190411,서울특별시,11,송파구,11710,부산광역시,26,44,477,47,102,368,93,342,45,631,260,218
20190411,서울특별시,11,송파구,11710,대구광역시,27,42,320,46,93,254,60,187,38,500,176,142
20190411,서울특별시,11,송파구,11710,인천광역시,28,22,514,52,110,369,92,364,54,652,252,168
20190411,서울특별시,11,송파구,11710,광주광역시,29,15,213,12,70,150,34,133,18,374,124,112
20190411,서울특별시,11,송파구,11710,대전광역시,30,18,226,14,59,184,44,163,23,324,138,104
20190411,서울특별시,11,송파구,11710,울산광역시,31,6,163,22,42,127,26,100,17,227,72,48
20190411,서울특별시,11,송파구,11710,세종특별자치시,36,0,47,0,11,30,8,32,8,80,32,22
20190411,서울특별시,11,송파구,11710,경기도,41,195,2423,265,670,1664,461,2290,255,3748,1305,927
20190411,서울특별시,11,중구,11140,경상북도,47,64,308,47,55,276,64,121,17,692,230,40
20190411,서울특별시,11,관악구,11620,서울특별시,11,119,729,321,290,602,25,210,34,1044,279,710
20190411,서울특별시,11,관악구,11620,부산광역시,26,33,154,59,79,143,9,66,9,261,80,191
20190411,서울특별시,11,관악구,11620,대구광역시,27,22,126,55,48,89,4,30,7,196,60,174
20190411,서울특별시,11,관악구,11620,인천광역시,28,25,186,35,67,167,9,69,18,262,57,175
20190411,서울특별시,11,관악구,11620,광주광역시,29,13,82,45,29,90,0,21,6,96,45,93
20190411,서울특별시,11,관악구,11620,대전광역시,30,12,75,29,21,88,5,28,7,112,31,103
20190411,서울특별시,11,관악구,11620,울산광역시,31,8,55,8,24,47,3,20,0,96,25,81
20190411,서울특별시,11,관악구,11620,세종특별자치시,36,3,15,7,5,17,0,7,3,22,9,32
20190411,서울특별시,11,관악구,11620,경기도,41,125,917,279,355,735,58,271,64,1509,378,964
20190411,서울특별시,11,관악구,11620,강원도,42,12,87,18,24,62,3,36,3,116,19,94
20190411,서울특별시,11,관악구,11620,충청북도,43,10,89,30,36,60,4,42,6,145,36,108
20190411,서울특별시,11,관악구,11620,충청남도,44,18,122,30,45,109,3,29,11,161,38,132
20190411,서울특별시,11,관악구,11620,전라북도,45,6,86,39,25,78,0,25,6,123,27,102
20190411,서울특별시,11,관악구,11620,전라남도,46,15,83,15,25,55,4,25,6,130,39,96
20190411,서울특별시,11,관악구,11620,경상북도,47,26,124,33,51,103,9,40,18,171,41,158
20190411,서울특별시,11,관악구,11620,경상남도,48,29,114,37,65,156,9,40,10,228,50,201
20190411,서울특별시,11,양천구,11470,경기도,41,208,822,174,1138,1480,179,890,172,970,446,1049
20190411,서울특별시,11,양천구,11470,세종특별자치시,36,0,11,3,12,39,5,25,9,19,12,43
20190411,서울특별시,11,양천구,11470,울산광역시,31,24,61,12,56,177,15,57,13,42,29,81
20190411,서울특별시,11,양천구,11470,대전광역시,30,10,64,13,78,182,22,87,15,48,41,107
20190411,서울특별시,11,양천구,11470,광주광역시,29,17,80,15,66,188,14,72,11,78,33,122
20190411,서울특별시,11,양천구,11470,인천광역시,28,34,150,28,227,369,38,188,44,117,75,200
20190411,서울특별시,11,양천구,11470,대구광역시,27,42,94,32,113,286,33,126,39,69,68,202
20190411,서울특별시,11,양천구,11470,부산광역시,26,37,130,32,157,398,38,168,35,129,88,246
20190411,서울특별시,11,양천구,11470,서울특별시,11,170,660,146,853,937,118,721,103,578,303,921
20190411,서울특별시,11,관악구,11620,제주특별자치도,50,5,15,9,9,12,0,25,0,39,12,18
20190411,서울특별시,11,송파구,11710,강원도,42,13,203,25,57,216,44,162,31,285,97,80
20190411,서울특별시,11,송파구,11710,충청북도,43,15,240,26,55,172,35,161,26,387,116,105
20190411,서울특별시,11,송파구,11710,충청남도,44,23,335,34,77,244,53,215,32,473,158,123
20190411,서울특별시,11,송파구,11710,전라북도,45,15,252,17,54,163,40,189,23,370,117,97
20190411,서울특별시,11,송파구,11710,전라남도,46,21,203,35,63,171,37,148,22,315,97,76
20190411,서울특별시,11,송파구,11710,경상북도,47,12,322,45,74,302,78,213,40,446,155,135
20190411,서울특별시,11,송파구,11710,경상남도,48,32,410,54,131,431,69,326,40,583,247,183
20190411,서울특별시,11,송파구,11710,제주특별자치도,50,0,55,12,14,59,18,51,10,87,35,37
20190411,서울특별시,11,금천구,11545,강원도,42,63,230,32,240,216,43,293,25,165,191,321
20190411,서울특별시,11,금천구,11545,충청북도,43,47,226,36,242,205,36,319,26,215,218,365
20190411,서울특별시,11,금천구,11545,서울특별시,11,467,1844,263,1777,1913,319,3613,230,1541,1477,2637
20190411,서울특별시,11,금천구,11545,부산광역시,26,90,443,53,527,498,127,821,64,383,416,886
20190411,서울특별시,11,금천구,11545,대구광역시,27,68,342,43,318,325,88,571,70,315,275,615
20190411,서울특별시,11,강서구,11500,경기도,41,325,1718,508,1000,2158,248,2251,528,2673,1206,1998
20190411,서울특별시,11,금천구,11545,인천광역시,28,102,457,53,440,438,73,784,75,350,410,751
20190411,서울특별시,11,금천구,11545,광주광역시,29,52,227,33,226,233,40,355,38,212,196,411
20190411,서울특별시,11,금천구,11545,대전광역시,30,38,223,33,229,217,53,329,25,203,205,331
20190411,서울특별시,11,금천구,11545,울산광역시,31,42,159,19,148,126,26,261,28,142,174,267
20190411,서울특별시,11,금천구,11545,세종특별자치시,36,12,55,7,61,38,9,103,7,59,52,83
20190411,서울특별시,11,금천구,11545,경기도,41,501,2126,255,2127,2319,382,3368,337,1878,1813,3427
20190411,서울특별시,11,금천구,11545,충청남도,44,84,280,49,333,321,50,382,47,266,281,470
20190411,서울특별시,11,금천구,11545,전라북도,45,69,246,18,233,233,33,311,43,230,223,368
20190411,서울특별시,11,금천구,11545,전라남도,46,48,208,35,212,222,52,274,30,191,200,342
20190411,서울특별시,11,금천구,11545,경상북도,47,64,314,56,358,330,56,514,57,262,276,625
20190411,서울특별시,11,금천구,11545,경상남도,48,132,386,56,421,427,88,697,71,357,374,772
20190411,서울특별시,11,서대문구,11410,서울특별시,11,35,2073,104,154,1073,58,626,145,1121,294,268
20190411,서울특별시,11,강서구,11500,세종특별자치시,36,7,74,15,28,68,6,57,15,62,32,60
20190411,서울특별시,11,강서구,11500,울산광역시,31,20,93,36,50,140,15,157,45,143,85,140
20190411,서울특별시,11,강서구,11500,대전광역시,30,29,169,60,90,201,20,264,50,200,108,203
20190411,서울특별시,11,강서구,11500,광주광역시,29,23,166,68,101,214,16,237,43,203,115,223
20190411,서울특별시,11,강서구,11500,인천광역시,28,53,378,114,200,452,42,447,101,431,221,398
20190411,서울특별시,11,강서구,11500,대구광역시,27,49,275,86,147,344,29,311,78,291,178,336
20190411,서울특별시,11,강서구,11500,부산광역시,26,48,364,129,214,479,35,595,117,452,260,489
20190411,서울특별시,11,강서구,11500,서울특별시,11,201,1458,414,833,1588,127,1830,300,1727,831,1550
20190411,서울특별시,11,도봉구,11320,충청남도,44,17,176,34,181,107,16,172,34,245,159,244
20190411,서울특별시,11,도봉구,11320,충청북도,43,12,173,25,129,74,14,119,23,220,115,163
20190411,서울특별시,11,도봉구,11320,강원도,42,12,160,36,118,62,15,127,15,147,91,137
20190411,서울특별시,11,도봉구,11320,경기도,41,141,1319,416,1250,712,124,1177,240,1719,1045,1487
20190411,서울특별시,11,도봉구,11320,세종특별자치시,36,4,34,3,19,20,6,23,7,30,34,41
20190411,서울특별시,11,도봉구,11320,울산광역시,31,12,74,29,106,39,11,100,14,134,88,123
20190411,서울특별시,11,도봉구,11320,대전광역시,30,7,121,50,110,67,23,94,24,153,118,178
20190411,서울특별시,11,도봉구,11320,광주광역시,29,9,129,58,102,64,7,125,22,145,116,165
20190411,서울특별시,11,도봉구,11320,인천광역시,28,28,290,46,264,153,25,251,57,322,193,357
20190411,서울특별시,11,도봉구,11320,대구광역시,27,22,201,53,140,118,23,179,41,231,162,276
20190411,서울특별시,11,도봉구,11320,부산광역시,26,18,259,77,245,162,31,283,39,320,239,358
20190411,서울특별시,11,도봉구,11320,서울특별시,11,96,1120,348,1017,520,111,1008,143,1042,719,1106
20190411,서울특별시,11,광진구,11215,충청남도,44,26,164,20,164,146,19,111,17,167,81,89
20190411,서울특별시,11,광진구,11215,충청북도,43,33,137,11,103,109,10,100,17,141,66,58
20190411,서울특별시,11,노원구,11350,서울특별시,11,71,601,142,180,509,112,297,128,1478,292,232
20190411,서울특별시,11,노원구,11350,부산광역시,26,25,156,15,32,100,25,73,34,334,73,65
20190411,서울특별시,11,노원구,11350,대구광역시,27,12,88,25,31,61,26,35,38,302,59,31
20190411,서울특별시,11,노원구,11350,인천광역시,28,16,127,19,41,99,44,55,44,408,84,72
20190411,서울특별시,11,노원구,11350,광주광역시,29,11,76,0,18,44,6,31,22,174,31,25
20190411,서울특별시,11,노원구,11350,대전광역시,30,10,71,13,12,57,15,21,14,210,30,32
20190411,서울특별시,11,노원구,11350,울산광역시,31,13,39,9,12,37,21,25,12,145,21,15
20190411,서울특별시,11,노원구,11350,세종특별자치시,36,0,19,6,7,13,3,10,5,47,12,7
20190411,서울특별시,11,노원구,11350,경기도,41,100,698,118,212,585,146,293,184,2234,450,327
20190411,서울특별시,11,노원구,11350,강원도,42,20,67,11,21,56,19,26,21,159,28,23
20190411,서울특별시,11,노원구,11350,충청북도,43,9,73,14,28,62,15,41,23,231,35,29
20190411,서울특별시,11,노원구,11350,충청남도,44,9,84,13,25,84,14,51,19,282,38,45
20190411,서울특별시,11,노원구,11350,전라북도,45,10,66,8,19,63,29,43,14,203,30,28
20190411,서울특별시,11,노원구,11350,전라남도,46,21,62,10,24,45,13,24,21,178,34,23
20190411,서울특별시,11,노원구,11350,경상북도,47,14,111,15,22,78,28,45,27,231,49,40
20190411,서울특별시,11,노원구,11350,경상남도,48,13,111,13,32,111,29,65,37,370,59,61
20190411,서울특별시,11,노원구,11350,제주특별자치도,50,0,19,0,5,17,4,5,9,45,10,3
20190411,서울특별시,11,도봉구,11320,전라북도,45,15,126,55,123,55,12,116,26,196,105,168
20190411,서울특별시,11,도봉구,11320,전라남도,46,10,112,36,111,59,16,108,21,173,104,169
20190411,서울특별시,11,도봉구,11320,경상북도,47,15,216,51,166,89,16,177,42,261,153,258
20190411,서울특별시,11,도봉구,11320,경상남도,48,18,232,74,242,156,38,216,57,334,245,329
20190411,서울특별시,11,도봉구,11320,제주특별자치도,50,0,38,14,16,18,3,15,4,57,26,35
20190411,서울특별시,11,성동구,11200,제주특별자치도,50,12,120,18,30,50,8,12,8,87,60,7
20190411,서울특별시,11,서초구,11650,제주특별자치도,50,4,88,19,15,34,6,38,0,37,32,12
20190411,서울특별시,11,서초구,11650,경상남도,48,35,460,95,110,320,44,268,20,186,143,160
20190411,서울특별시,11,서초구,11650,경상북도,47,26,322,66,78,222,25,239,57,175,99,128
20190411,서울특별시,11,서초구,11650,전라남도,46,20,190,64,47,133,25,131,17,82,61,70
20190411,서울특별시,11,서초구,11650,전라북도,45,20,306,78,51,150,16,137,14,132,63,76
20190411,서울특별시,11,서초구,11650,충청남도,44,29,341,79,114,195,38,190,27,129,112,89
20190411,서울특별시,11,서초구,11650,충청북도,43,16,260,61,62,158,16,143,12,157,85,67
20190411,서울특별시,11,서초구,11650,강원도,42,18,224,52,70,134,26,148,17,104,76,56
20190411,서울특별시,11,서초구,11650,경기도,41,227,2863,673,764,1570,188,1386,205,1665,858,701
20190411,서울특별시,11,서초구,11650,세종특별자치시,36,6,38,17,22,29,3,24,5,26,8,11
20190411,서울특별시,11,서초구,11650,울산광역시,31,14,195,37,68,90,9,104,10,81,44,45
20190411,서울특별시,11,광진구,11215,강원도,42,19,123,16,104,77,24,95,9,109,57,69
20190411,서울특별시,11,광진구,11215,경기도,41,192,1328,163,993,999,158,897,141,1481,592,653
20190411,서울특별시,11,광진구,11215,세종특별자치시,36,3,34,4,23,15,0,19,0,16,14,10
20190411,서울특별시,11,광진구,11215,울산광역시,31,19,78,9,78,60,14,59,5,64,51,40
20190411,서울특별시,11,광진구,11215,대전광역시,30,28,158,11,105,115,15,89,8,129,59,71
20190411,서울특별시,11,광진구,11215,광주광역시,29,16,139,12,109,100,12,103,9,118,72,71
20190411,서울특별시,11,광진구,11215,인천광역시,28,29,276,22,191,220,20,178,16,307,116,112
20190411,서울특별시,11,광진구,11215,대구광역시,27,29,215,19,178,149,21,106,8,143,109,90
20190411,서울특별시,11,광진구,11215,부산광역시,26,25,329,30,217,225,21,205,17,257,129,117
20190411,서울특별시,11,광진구,11215,서울특별시,11,123,1266,151,880,888,113,750,83,1119,481,602
20190411,서울특별시,11,용산구,11170,제주특별자치도,50,0,68,9,307,32,0,8,7,58,26,6
20190411,서울특별시,11,용산구,11170,경상남도,48,37,432,96,2095,223,26,85,46,407,159,52
20190411,서울특별시,11,용산구,11170,경상북도,47,32,342,49,1600,144,24,56,24,281,109,74
20190411,서울특별시,11,용산구,11170,전라남도,46,18,153,58,990,118,15,42,20,190,75,31
20190411,서울특별시,11,동작구,11590,서울특별시,11,124,533,302,285,396,101,270,43,994,319,664
20190411,서울특별시,11,동작구,11590,부산광역시,26,29,113,51,66,144,31,69,17,169,65,148
20190411,서울특별시,11,동작구,11590,대구광역시,27,23,77,55,47,80,24,33,10,127,48,127
20190411,서울특별시,11,동작구,11590,인천광역시,28,47,154,57,78,93,26,57,15,198,68,169
20190411,서울특별시,11,동작구,11590,광주광역시,29,23,60,38,42,47,10,23,7,90,30,79
20190411,서울특별시,11,동작구,11590,대전광역시,30,18,39,36,31,60,12,33,8,87,48,87
20190411,서울특별시,11,동작구,11590,울산광역시,31,12,29,21,24,36,5,12,0,60,23,53
20190411,서울특별시,11,동작구,11590,세종특별자치시,36,3,10,4,6,18,4,7,5,16,8,24
20190411,서울특별시,11,동작구,11590,경기도,41,167,601,259,349,540,124,251,83,1272,405,726
20190411,서울특별시,11,동작구,11590,강원도,42,9,50,30,23,68,22,26,17,74,25,62
20190411,서울특별시,11,동작구,11590,충청북도,43,28,68,35,39,50,15,33,13,109,27,67
20190411,서울특별시,11,동작구,11590,충청남도,44,25,90,28,51,67,17,24,12,125,38,73
20190411,서울특별시,11,동작구,11590,전라북도,45,17,47,38,43,51,20,22,11,88,29,58
20190411,서울특별시,11,동작구,11590,전라남도,46,15,44,17,26,82,14,16,16,79,23,56
20190411,서울특별시,11,동작구,11590,경상북도,47,20,85,36,37,82,28,44,11,128,33,87
20190411,서울특별시,11,동작구,11590,경상남도,48,32,86,61,82,93,29,50,14,162,43,145
20190411,서울특별시,11,동작구,11590,제주특별자치도,50,6,11,10,8,17,3,6,0,21,9,18
20190411,서울특별시,11,용산구,11170,전라북도,45,16,222,48,1091,105,16,38,16,210,76,35
20190411,서울특별시,11,용산구,11170,충청남도,44,32,281,35,1668,170,27,60,28,252,98,41
20190411,서울특별시,11,용산구,11170,충청북도,43,26,203,38,1228,111,20,70,21,165,66,37
20190411,서울특별시,11,용산구,11170,강원도,42,20,172,42,1073,120,21,34,21,180,76,35
20190411,서울특별시,11,용산구,11170,경기도,41,242,2045,339,11441,1269,198,397,260,2165,821,312
20190411,서울특별시,11,용산구,11170,세종특별자치시,36,8,42,6,248,28,4,8,3,59,16,10
20190411,서울특별시,11,용산구,11170,울산광역시,31,8,153,63,701,80,12,24,13,152,55,21
20190411,서울특별시,11,용산구,11170,대전광역시,30,28,220,35,1228,116,12,39,26,183,83,31
20190411,서울특별시,11,용산구,11170,광주광역시,29,18,199,30,947,111,12,34,22,233,104,28
20190411,서울특별시,11,용산구,11170,인천광역시,28,41,428,115,2373,239,40,72,66,384,166,71
20190411,서울특별시,11,용산구,11170,대구광역시,27,40,312,42,1657,198,24,63,31,300,138,56
20190411,서울특별시,11,용산구,11170,부산광역시,26,34,419,194,2357,269,40,58,36,414,174,67
20190411,서울특별시,11,용산구,11170,서울특별시,11,211,1810,313,9997,1076,135,363,160,1846,679,283
20190411,서울특별시,11,구로구,11530,제주특별자치도,50,0,52,17,33,63,7,49,5,33,22,28
20190411,서울특별시,11,구로구,11530,경상남도,48,20,321,33,237,373,39,186,26,320,114,197
20190411,서울특별시,11,구로구,11530,경상북도,47,24,232,50,176,302,28,118,20,238,76,166
20190411,서울특별시,11,구로구,11530,전라남도,46,19,168,22,123,165,24,84,11,171,67,87
20190411,서울특별시,11,구로구,11530,전라북도,45,19,184,33,147,176,18,71,17,202,76,96
20190411,서울특별시,11,구로구,11530,충청남도,44,35,222,26,163,259,25,126,29,231,89,134
20190411,서울특별시,11,구로구,11530,충청북도,43,20,166,37,147,186,20,83,15,197,61,112
20190411,서울특별시,11,구로구,11530,강원도,42,18,172,25,123,177,26,85,12,170,63,94
20190411,서울특별시,11,구로구,11530,경기도,41,163,1733,251,1195,1779,167,651,145,1786,624,933
20190411,서울특별시,11,구로구,11530,세종특별자치시,36,4,61,9,27,34,3,23,6,31,21,17
20190411,서울특별시,11,구로구,11530,울산광역시,31,13,111,11,79,133,15,52,11,114,44,85
20190411,서울특별시,11,구로구,11530,대전광역시,30,12,196,24,122,215,19,77,31,141,62,112
20190411,서울특별시,11,구로구,11530,광주광역시,29,19,162,26,126,191,22,70,9,172,65,91
20190411,서울특별시,11,구로구,11530,인천광역시,28,39,302,73,240,356,32,150,30,303,139,200
20190411,서울특별시,11,구로구,11530,대구광역시,27,18,292,41,153,282,29,110,27,216,78,173
20190411,서울특별시,11,구로구,11530,부산광역시,26,38,330,58,241,394,24,141,20,276,131,171
20190411,서울특별시,11,구로구,11530,서울특별시,11,119,1370,191,841,1398,103,437,104,1137,538,749
20190411,서울특별시,11,강동구,11740,서울특별시,11,282,861,502,226,914,77,907,116,1000,323,238
20190411,서울특별시,11,강동구,11740,부산광역시,26,70,169,176,51,245,23,237,21,240,89,75
20190411,서울특별시,11,강동구,11740,대구광역시,27,71,143,114,25,170,27,148,19,156,44,42
20190411,서울특별시,11,강동구,11740,인천광역시,28,67,158,114,57,275,27,230,31,252,75,67
20190411,서울특별시,11,강동구,11740,광주광역시,29,42,94,87,22,103,6,97,10,104,35,31
20190411,서울특별시,11,강동구,11740,대전광역시,30,26,106,72,26,132,17,80,10,89,38,49
20190411,서울특별시,11,강동구,11740,울산광역시,31,23,75,51,19,107,12,62,8,56,34,26
20190411,서울특별시,11,강동구,11740,세종특별자치시,36,10,25,22,8,26,5,18,3,23,6,8
20190411,서울특별시,11,강동구,11740,경기도,41,393,977,650,285,1252,132,909,145,1382,427,335
20190411,서울특별시,11,강동구,11740,강원도,42,44,94,65,16,160,15,98,16,90,24,27
20190411,서울특별시,11,강동구,11740,충청북도,43,27,95,71,19,144,15,111,7,120,32,44
20190411,서울특별시,11,강동구,11740,충청남도,44,57,136,80,27,216,16,131,15,141,58,42
20190411,서울특별시,11,강동구,11740,전라북도,45,37,88,77,27,119,7,99,8,122,38,30
20190411,서울특별시,11,강동구,11740,전라남도,46,29,75,55,21,153,14,107,13,83,28,24
20190411,서울특별시,11,강동구,11740,경상북도,47,56,143,115,40,180,14,138,19,103,55,46
20190411,서울특별시,11,강동구,11740,경상남도,48,62,175,134,52,230,21,241,26,200,65,75
20190411,서울특별시,11,강동구,11740,제주특별자치도,50,14,16,7,10,25,5,15,3,26,9,4
20190411,서울특별시,11,동대문구,11230,제주특별자치도,50,25,57,13,19,46,0,57,9,133,33,16
20190411,서울특별시,11,동대문구,11230,경상남도,48,102,367,34,123,494,35,557,59,894,175,203
20190411,서울특별시,11,동대문구,11230,경상북도,47,91,316,37,101,383,24,421,40,680,144,137
20190411,서울특별시,11,동대문구,11230,전라남도,46,54,208,16,54,216,15,257,29,440,97,70
20190411,서울특별시,11,금천구,11545,제주특별자치도,50,12,64,9,54,56,15,65,8,66,46,120
20190411,서울특별시,11,서대문구,11410,제주특별자치도,50,0,58,4,3,37,0,5,9,25,3,7
20190411,서울특별시,11,성동구,11200,경상남도,48,45,1615,124,103,207,43,167,38,540,200,76
20190411,서울특별시,11,동대문구,11230,전라북도,45,49,202,28,78,242,10,294,28,553,102,84
20190411,서울특별시,11,동대문구,11230,충청남도,44,91,265,22,107,325,20,470,28,650,132,105
20190411,서울특별시,11,동대문구,11230,충청북도,43,68,214,21,73,262,16,290,32,454,98,95
20190411,서울특별시,11,동대문구,11230,강원도,42,64,179,24,59,247,14,280,19,422,91,75
20190412,서울특별시,11,강북구,11305,전라남도,46,9,70,3,23,34,3,25,35,207,47,8
20190412,서울특별시,11,강북구,11305,경상남도,48,9,125,9,24,65,15,41,52,401,98,20
20190412,서울특별시,11,강북구,11305,제주특별자치도,50,0,19,0,7,8,0,0,8,45,14,0
20190412,서울특별시,11,관악구,11620,전라북도,45,13,70,27,40,41,5,20,8,171,28,87
20190412,서울특별시,11,관악구,11620,전라남도,46,11,61,17,32,36,0,10,3,161,23,75
20190412,서울특별시,11,관악구,11620,경상북도,47,21,133,31,55,61,5,25,7,205,34,130
20190412,서울특별시,11,관악구,11620,경상남도,48,33,145,33,59,75,6,39,21,293,52,160
20190412,서울특별시,11,관악구,11620,제주특별자치도,50,3,15,3,12,9,0,5,0,44,5,15
20190412,서울특별시,11,강동구,11740,경기도,41,326,819,466,216,1470,149,868,112,1467,402,314
20190412,서울특별시,11,강동구,11740,세종특별자치시,36,8,24,22,7,47,5,24,3,38,6,11
20190412,서울특별시,11,강동구,11740,울산광역시,31,24,54,42,14,98,4,59,8,93,23,11
20190412,서울특별시,11,강동구,11740,대전광역시,30,40,86,64,15,157,8,76,13,94,27,38
20190412,서울특별시,11,강동구,11740,광주광역시,29,43,93,67,19,114,9,66,12,118,26,36
20190412,서울특별시,11,광진구,11215,제주특별자치도,50,0,24,3,22,34,0,16,0,34,14,23
20190412,서울특별시,11,광진구,11215,경상남도,48,41,198,20,166,191,31,149,21,174,154,170
20190412,서울특별시,11,광진구,11215,경상북도,47,27,151,26,129,117,34,120,21,140,87,95
20190412,서울특별시,11,광진구,11215,전라남도,46,26,125,16,77,76,24,76,14,94,71,62
20190412,서울특별시,11,광진구,11215,전라북도,45,12,112,20,84,121,22,85,10,135,63,50
20190412,서울특별시,11,광진구,11215,충청남도,44,24,152,15,110,137,14,130,12,160,104,85
20190412,서울특별시,11,광진구,11215,충청북도,43,13,109,27,82,116,13,98,14,128,73,61
20190412,서울특별시,11,광진구,11215,강원도,42,17,101,14,132,122,17,72,10,122,59,56
20190412,서울특별시,11,광진구,11215,경기도,41,204,1131,137,887,1043,142,897,105,1295,695,616
20190412,서울특별시,11,광진구,11215,세종특별자치시,36,3,30,3,18,31,3,13,3,36,13,18
20190412,서울특별시,11,광진구,11215,울산광역시,31,9,102,11,54,59,8,50,9,93,50,47
20190412,서울특별시,11,광진구,11215,대전광역시,30,14,117,19,93,95,16,73,5,105,75,49
20190412,서울특별시,11,광진구,11215,광주광역시,29,20,122,12,87,82,8,76,16,121,80,51
20190412,서울특별시,11,광진구,11215,인천광역시,28,44,201,33,160,177,22,178,31,248,158,119
20190412,서울특별시,11,광진구,11215,대구광역시,27,37,175,18,130,135,13,141,16,168,104,82
20190412,서울특별시,11,광진구,11215,부산광역시,26,33,230,31,200,197,23,190,20,242,136,184
20190412,서울특별시,11,광진구,11215,서울특별시,11,142,963,151,713,900,112,659,91,1092,555,622
20190412,서울특별시,11,중랑구,11260,서울특별시,11,264,1170,198,534,1620,124,712,238,2524,1017,879
20190412,서울특별시,11,중랑구,11260,부산광역시,26,60,320,56,165,468,52,180,74,681,304,238
20190412,서울특별시,11,중랑구,11260,대구광역시,27,42,211,34,115,347,47,151,47,542,206,160
20190412,서울특별시,11,중랑구,11260,인천광역시,28,68,371,39,168,418,35,185,86,709,311,232
20190412,서울특별시,11,중랑구,11260,광주광역시,29,34,162,22,77,223,16,76,33,351,158,99
20190412,서울특별시,11,중랑구,11260,대전광역시,30,26,149,22,79,218,20,83,32,335,149,109
20190412,서울특별시,11,중랑구,11260,울산광역시,31,27,118,9,50,210,18,69,29,296,102,77
20190412,서울특별시,11,중랑구,11260,세종특별자치시,36,10,24,3,26,51,3,18,12,87,39,22
20190412,서울특별시,11,중랑구,11260,경기도,41,292,1602,200,730,2073,207,950,383,3438,1336,1029
20190412,서울특별시,11,중랑구,11260,강원도,42,34,145,18,70,219,23,87,43,293,153,96
20190412,서울특별시,11,중랑구,11260,충청북도,43,32,146,28,72,225,12,99,42,343,144,100
20190412,서울특별시,11,중랑구,11260,충청남도,44,39,226,29,117,338,34,128,62,474,207,148
20190412,서울특별시,11,중랑구,11260,전라북도,45,37,176,13,62,225,23,97,43,395,184,97
20190412,서울특별시,11,중랑구,11260,전라남도,46,28,133,17,83,236,15,90,34,334,135,73
20190412,서울특별시,11,중랑구,11260,경상북도,47,37,222,32,105,378,40,172,95,541,213,160
20190412,서울특별시,11,중랑구,11260,경상남도,48,49,305,43,141,476,56,160,73,744,306,205
20190412,서울특별시,11,중랑구,11260,제주특별자치도,50,6,40,7,12,51,6,23,9,95,32,23
20190412,서울특별시,11,도봉구,11320,서울특별시,11,83,1014,326,824,542,116,1161,148,1056,567,1075
20190412,서울특별시,11,도봉구,11320,부산광역시,26,27,263,79,207,147,27,307,37,363,207,332
20190412,서울특별시,11,도봉구,11320,대구광역시,27,19,191,57,146,99,22,187,31,288,131,240
20190412,서울특별시,11,도봉구,11320,인천광역시,28,27,286,43,227,143,26,309,55,344,164,292
20190412,서울특별시,11,도봉구,11320,광주광역시,29,14,132,39,105,59,19,121,13,161,107,173
20190412,서울특별시,11,도봉구,11320,대전광역시,30,14,139,38,103,58,5,121,23,161,97,146
20190412,서울특별시,11,도봉구,11320,울산광역시,31,6,71,22,74,61,8,102,18,149,66,117
20190412,서울특별시,11,도봉구,11320,세종특별자치시,36,0,26,8,25,11,7,29,9,44,19,43
20190412,서울특별시,11,도봉구,11320,경기도,41,136,1284,355,966,689,155,1256,225,1780,901,1416
20190412,서울특별시,11,도봉구,11320,강원도,42,5,142,32,108,53,14,114,23,181,71,139
20190412,서울특별시,11,도봉구,11320,충청북도,43,9,143,32,113,75,10,140,34,207,71,136
20190412,서울특별시,11,도봉구,11320,충청남도,44,15,152,34,141,110,23,153,28,260,130,219
20190412,서울특별시,11,도봉구,11320,전라북도,45,9,119,41,111,71,9,130,29,197,94,176
20190412,서울특별시,11,도봉구,11320,전라남도,46,15,114,27,89,54,14,107,16,190,101,130
20190412,서울특별시,11,도봉구,11320,경상북도,47,26,192,32,137,105,27,185,29,284,130,252
20190412,서울특별시,11,도봉구,11320,경상남도,48,14,256,50,198,153,32,285,58,422,172,306
20190412,서울특별시,11,도봉구,11320,제주특별자치도,50,0,48,14,26,14,5,19,0,58,28,21
20190412,서울특별시,11,강동구,11740,인천광역시,28,64,155,98,36,364,26,185,28,262,63,54
20190412,서울특별시,11,강동구,11740,대구광역시,27,66,139,87,22,151,15,125,19,217,41,67
20190412,서울특별시,11,강동구,11740,부산광역시,26,78,176,132,51,235,26,268,18,299,79,70
20190412,서울특별시,11,강동구,11740,서울특별시,11,261,713,393,207,1133,94,754,82,1143,287,292
20190412,서울특별시,11,동대문구,11230,서울특별시,11,572,1339,142,648,1423,78,1466,160,3471,750,559
20190412,서울특별시,11,동대문구,11230,부산광역시,26,136,384,26,159,400,31,476,66,899,178,154
20190412,서울특별시,11,동대문구,11230,대구광역시,27,86,259,30,123,325,20,322,40,669,150,127
20190412,서울특별시,11,동대문구,11230,인천광역시,28,117,383,37,150,427,34,472,60,898,186,143
20190412,서울특별시,11,동대문구,11230,광주광역시,29,45,161,17,83,215,17,216,27,472,96,74
20190412,서울특별시,11,동대문구,11230,대전광역시,30,70,157,17,94,221,8,233,21,441,117,86
20190412,서울특별시,11,동대문구,11230,울산광역시,31,39,133,7,49,156,11,169,41,360,60,62
20190412,서울특별시,11,동대문구,11230,세종특별자치시,36,22,32,4,16,52,0,47,8,120,27,20
20190412,서울특별시,11,동대문구,11230,경기도,41,558,1715,192,749,2085,123,2023,279,4540,878,740
20190412,서울특별시,11,동대문구,11230,강원도,42,58,179,24,72,228,18,241,36,439,87,76
20190412,서울특별시,11,영등포구,11560,서울특별시,11,90,1762,430,1502,971,63,932,81,971,410,473
20190412,서울특별시,11,영등포구,11560,부산광역시,26,17,476,64,327,264,26,367,22,244,103,169
20190412,서울특별시,11,영등포구,11560,대구광역시,27,20,282,32,270,192,11,196,12,201,75,80
20190412,서울특별시,11,영등포구,11560,인천광역시,28,15,426,58,490,268,19,303,29,221,90,123
20190412,서울특별시,11,영등포구,11560,광주광역시,29,3,197,21,173,146,4,111,11,113,46,48
20190412,서울특별시,11,영등포구,11560,대전광역시,30,9,206,26,193,136,11,124,7,116,37,46
20190412,서울특별시,11,영등포구,11560,울산광역시,31,7,142,23,118,102,6,103,5,74,31,33
20190412,서울특별시,11,영등포구,11560,세종특별자치시,36,5,39,5,38,27,0,15,3,29,4,10
20190412,서울특별시,11,영등포구,11560,경기도,41,103,1952,267,1802,1294,99,1252,107,1456,475,536
20190412,서울특별시,11,영등포구,11560,강원도,42,8,209,16,163,258,6,149,12,93,47,47
20190412,서울특별시,11,영등포구,11560,충청북도,43,8,184,27,210,145,11,112,11,133,40,54
20190412,서울특별시,11,영등포구,11560,충청남도,44,18,310,33,277,253,14,188,10,146,68,81
20190412,서울특별시,11,영등포구,11560,전라북도,45,12,229,22,201,132,4,132,3,116,40,42
20190412,서울특별시,11,영등포구,11560,전라남도,46,9,170,14,175,126,8,98,6,93,32,55
20190412,서울특별시,11,영등포구,11560,경상북도,47,14,257,28,261,212,8,269,8,142,60,69
20190412,서울특별시,11,영등포구,11560,경상남도,48,26,388,29,358,286,15,294,15,237,88,119
20190412,서울특별시,11,영등포구,11560,제주특별자치도,50,0,53,12,43,28,0,38,0,27,20,18
20190412,서울특별시,11,양천구,11470,제주특별자치도,50,5,19,0,20,25,6,11,0,12,13,50
20190412,서울특별시,11,양천구,11470,경상남도,48,36,127,24,115,279,38,136,33,89,101,291
20190412,서울특별시,11,양천구,11470,경상북도,47,32,115,15,69,199,33,127,19,68,62,211
20190412,서울특별시,11,양천구,11470,전라남도,46,16,63,10,65,149,21,72,19,43,47,131
20190412,서울특별시,11,양천구,11470,전라북도,45,22,78,15,54,148,15,80,20,82,42,159
20190412,서울특별시,11,양천구,11470,충청남도,44,27,104,9,62,183,22,101,36,64,53,209
20190412,서울특별시,11,중구,11140,서울특별시,11,305,2116,327,465,1572,261,549,159,4255,1036,335
20190412,서울특별시,11,중구,11140,부산광역시,26,74,498,99,122,343,75,118,31,1010,287,79
20190412,서울특별시,11,중구,11140,대구광역시,27,64,359,43,66,229,64,76,26,732,187,53
20190412,서울특별시,11,중구,11140,인천광역시,28,65,387,60,121,330,70,150,33,910,274,80
20190412,서울특별시,11,중구,11140,광주광역시,29,22,250,43,42,133,54,52,23,556,120,34
20190412,서울특별시,11,중구,11140,대전광역시,30,32,213,37,68,187,37,68,14,475,132,24
20190412,서울특별시,11,중구,11140,울산광역시,31,24,145,27,44,113,28,45,11,344,91,25
20190412,서울특별시,11,중구,11140,세종특별자치시,36,9,54,14,10,64,9,24,12,106,22,12
20190412,서울특별시,11,중구,11140,경기도,41,365,2095,307,479,1823,376,615,177,4772,1177,321
20190412,서울특별시,11,중구,11140,강원도,42,39,215,60,69,191,74,75,18,396,131,26
20190412,서울특별시,11,중구,11140,충청북도,43,33,229,63,72,191,52,70,25,493,116,28
20190412,서울특별시,11,중구,11140,충청남도,44,44,335,67,84,259,50,104,34,617,143,52
20190412,서울특별시,11,중구,11140,전라북도,45,36,239,44,63,174,49,65,23,515,113,26
20190412,서울특별시,11,중구,11140,전라남도,46,28,284,56,76,178,44,75,26,427,117,29
20190412,서울특별시,11,중구,11140,경상북도,47,59,320,62,93,252,59,110,21,669,167,36
20190412,서울특별시,11,중구,11140,경상남도,48,57,444,87,122,417,130,114,35,881,247,64
20190412,서울특별시,11,중구,11140,제주특별자치도,50,10,82,21,31,102,21,10,0,176,49,15
20190412,서울특별시,11,동대문구,11230,충청북도,43,53,170,16,71,232,12,206,22,421,81,81
20190412,서울특별시,11,동대문구,11230,충청남도,44,94,278,20,102,304,17,321,42,617,106,88
20190412,서울특별시,11,동대문구,11230,전라북도,45,59,194,21,72,209,11,249,34,453,88,71
20190412,서울특별시,11,동대문구,11230,전라남도,46,54,174,16,80,228,15,214,37,422,84,60
20190412,서울특별시,11,동대문구,11230,경상북도,47,74,259,23,121,383,35,356,41,571,124,108
20190412,서울특별시,11,동대문구,11230,경상남도,48,95,360,39,148,485,15,466,59,885,169,185
20190412,서울특별시,11,동대문구,11230,제주특별자치도,50,28,54,6,18,47,0,43,9,142,33,23
20190412,서울특별시,11,마포구,11440,서울특별시,11,134,1764,453,1919,1082,66,934,104,2464,1570,345
20190412,서울특별시,11,마포구,11440,부산광역시,26,32,394,71,554,323,18,236,45,615,401,84
20190412,서울특별시,11,마포구,11440,대구광역시,27,27,257,71,405,224,16,171,26,454,293,54
20190412,서울특별시,11,마포구,11440,인천광역시,28,30,442,113,580,271,18,282,61,600,401,100
20190412,서울특별시,11,마포구,11440,광주광역시,29,15,167,40,230,210,9,108,52,310,228,44
20190412,서울특별시,11,마포구,11440,대전광역시,30,17,135,42,289,139,5,116,12,288,228,47
20190412,서울특별시,11,마포구,11440,울산광역시,31,12,132,23,136,110,8,79,20,217,136,24
20190412,서울특별시,11,마포구,11440,세종특별자치시,36,0,40,6,51,34,0,34,11,50,55,12
20190412,서울특별시,11,마포구,11440,경기도,41,158,1991,507,2183,1398,98,1070,202,2938,1735,448
20190412,서울특별시,11,마포구,11440,강원도,42,12,143,38,199,142,6,105,17,279,207,35
20190412,서울특별시,11,마포구,11440,충청북도,43,14,171,37,261,145,7,118,25,330,192,37
20190412,서울특별시,11,마포구,11440,충청남도,44,32,246,58,272,207,13,162,28,384,283,46
20190412,서울특별시,11,마포구,11440,전라북도,45,8,156,41,207,231,10,114,24,277,194,39
20190412,서울특별시,11,마포구,11440,전라남도,46,10,174,38,191,184,8,107,7,271,186,36
20190412,서울특별시,11,마포구,11440,경상북도,47,24,277,56,260,244,16,172,31,446,265,63
20190412,서울특별시,11,마포구,11440,경상남도,48,24,327,63,435,320,26,208,39,537,358,80
20190412,서울특별시,11,마포구,11440,제주특별자치도,50,6,49,12,85,33,0,27,8,123,61,22
20190412,서울특별시,11,구로구,11530,제주특별자치도,50,3,42,7,20,42,8,24,0,40,24,24
20190412,서울특별시,11,구로구,11530,경상남도,48,20,329,34,126,454,33,205,33,276,109,191
20190412,서울특별시,11,구로구,11530,경상북도,47,22,257,40,99,252,31,155,19,216,92,153
20190412,서울특별시,11,구로구,11530,전라남도,46,11,155,13,49,191,26,100,6,135,67,85
20190412,서울특별시,11,구로구,11530,전라북도,45,3,192,27,70,167,16,84,10,168,58,78
20190412,서울특별시,11,구로구,11530,충청남도,44,12,264,33,90,437,32,161,19,195,98,133
20190412,서울특별시,11,구로구,11530,충청북도,43,19,204,21,64,198,25,111,12,189,72,78
20190412,서울특별시,11,구로구,11530,강원도,42,12,159,26,66,341,23,90,13,125,69,98
20190412,서울특별시,11,구로구,11530,경기도,41,113,1623,252,714,1911,133,774,99,1493,562,862
20190412,서울특별시,11,구로구,11530,세종특별자치시,36,3,54,4,16,46,3,16,6,25,20,18
20190412,서울특별시,11,구로구,11530,울산광역시,31,7,132,13,39,174,13,58,11,103,39,75
20190412,서울특별시,11,구로구,11530,대전광역시,30,9,171,28,78,195,14,66,20,135,55,84
20190412,서울특별시,11,구로구,11530,광주광역시,29,9,166,30,61,225,13,95,14,121,54,80
20190412,서울특별시,11,구로구,11530,인천광역시,28,25,379,80,128,482,28,177,41,238,130,216
20190412,서울특별시,11,구로구,11530,대구광역시,27,19,238,22,92,435,24,127,11,210,73,130
20190412,서울특별시,11,구로구,11530,부산광역시,26,24,375,42,179,600,22,178,16,281,123,205
20190412,서울특별시,11,구로구,11530,서울특별시,11,59,1548,217,528,1430,80,471,73,930,454,699
20190412,서울특별시,11,양천구,11470,충청북도,43,14,74,25,61,170,19,84,17,88,48,140
20190412,서울특별시,11,양천구,11470,강원도,42,21,79,21,41,131,23,74,8,38,39,157
20190412,서울특별시,11,양천구,11470,경기도,41,212,829,100,543,1328,172,722,144,914,485,1350
20190412,서울특별시,11,양천구,11470,세종특별자치시,36,3,17,0,18,39,0,16,5,14,10,36
20190412,서울특별시,11,양천구,11470,울산광역시,31,11,48,10,41,88,14,56,15,41,32,114
20190412,서울특별시,11,양천구,11470,대전광역시,30,16,85,15,51,114,20,61,9,56,45,148
20190412,서울특별시,11,양천구,11470,광주광역시,29,17,67,10,53,123,11,60,12,52,50,141
20190412,서울특별시,11,강동구,11740,제주특별자치도,50,9,14,4,5,28,0,14,0,35,11,5
20190412,서울특별시,11,강동구,11740,경상남도,48,66,172,105,43,237,26,188,16,217,62,50
20190412,서울특별시,11,강동구,11740,경상북도,47,62,128,104,24,220,26,125,11,141,48,54
20190412,서울특별시,11,노원구,11350,서울특별시,11,74,557,127,169,500,76,272,124,1412,300,266
20190412,서울특별시,11,강서구,11500,서울특별시,11,134,1280,386,820,1561,142,1621,284,1927,663,1338
20190412,서울특별시,11,강서구,11500,부산광역시,26,47,318,106,173,473,37,531,105,482,170,368
20190412,서울특별시,11,강서구,11500,대구광역시,27,20,233,85,126,287,32,284,78,401,133,274
20190412,서울특별시,11,강서구,11500,인천광역시,28,41,369,83,184,441,45,466,81,522,141,360
20190412,서울특별시,11,강서구,11500,광주광역시,29,28,144,33,97,174,35,225,33,264,83,177
20190412,서울특별시,11,강서구,11500,대전광역시,30,15,189,51,105,218,19,216,69,247,84,191
20190412,서울특별시,11,강서구,11500,울산광역시,31,15,95,38,49,155,24,146,33,205,60,119
20190412,서울특별시,11,강서구,11500,세종특별자치시,36,14,54,12,24,41,12,57,13,74,51,63
20190412,서울특별시,11,강서구,11500,경기도,41,222,1616,437,1016,2143,224,2128,380,2879,991,1769
20190412,서울특별시,11,강서구,11500,강원도,42,29,137,27,201,261,78,313,36,615,285,408
20190412,서울특별시,11,강서구,11500,충청북도,43,35,171,41,159,236,53,304,38,453,195,286
20190412,서울특별시,11,강서구,11500,충청남도,44,39,229,46,217,328,73,363,48,594,252,408
20190412,서울특별시,11,강서구,11500,전라북도,45,38,148,36,138,229,44,250,42,396,133,358
20190412,서울특별시,11,강서구,11500,전라남도,46,27,128,29,164,232,63,234,22,385,184,252
20190412,서울특별시,11,강서구,11500,경상북도,47,39,262,46,218,376,95,379,62,581,297,458
20190412,서울특별시,11,강서구,11500,경상남도,48,53,244,84,226,430,72,515,107,638,306,435
20190412,서울특별시,11,강서구,11500,제주특별자치도,50,10,35,15,28,43,5,22,16,90,31,24
20190412,서울특별시,11,종로구,11110,제주특별자치도,50,5,62,6,6,16,0,11,11,41,33,5
20190412,서울특별시,11,종로구,11110,경상남도,48,30,246,53,50,146,5,53,37,339,245,32
20190412,서울특별시,11,종로구,11110,경상북도,47,17,207,52,45,120,10,39,31,264,157,22
20190412,서울특별시,11,노원구,11350,부산광역시,26,14,118,16,41,126,32,42,34,353,81,55
20190412,서울특별시,11,노원구,11350,대구광역시,27,25,132,13,31,89,22,20,24,274,52,48
20190412,서울특별시,11,노원구,11350,인천광역시,28,9,176,28,50,122,19,55,21,369,68,73
20190412,서울특별시,11,노원구,11350,광주광역시,29,6,57,7,20,62,12,20,19,213,36,24
20190412,서울특별시,11,노원구,11350,대전광역시,30,11,44,9,22,58,11,28,12,181,48,28
20190412,서울특별시,11,노원구,11350,울산광역시,31,5,44,0,12,26,10,11,12,140,23,11
20190412,서울특별시,11,노원구,11350,세종특별자치시,36,5,12,0,0,10,0,6,9,51,20,4
20190412,서울특별시,11,노원구,11350,경기도,41,90,688,132,249,609,148,273,207,2149,395,293
20190412,서울특별시,11,노원구,11350,강원도,42,12,58,6,14,48,13,15,15,176,36,32
20190412,서울특별시,11,노원구,11350,충청북도,43,4,47,9,25,43,14,26,15,219,37,23
20190412,서울특별시,11,노원구,11350,충청남도,44,11,84,7,22,85,22,32,26,253,45,51
20190412,서울특별시,11,노원구,11350,전라북도,45,8,67,4,22,70,14,20,23,207,35,25
20190412,서울특별시,11,노원구,11350,전라남도,46,6,67,5,19,56,9,19,17,159,37,26
20190412,서울특별시,11,노원구,11350,경상북도,47,8,89,12,27,103,12,27,24,288,47,43
20190412,서울특별시,11,노원구,11350,경상남도,48,8,115,7,40,131,38,48,37,386,67,62
20190412,서울특별시,11,노원구,11350,제주특별자치도,50,0,18,0,7,12,0,4,5,53,11,4
20190412,서울특별시,11,은평구,11380,서울특별시,11,89,735,204,258,797,172,394,112,1082,390,644
20190412,서울특별시,11,종로구,11110,전라남도,46,10,118,12,20,66,0,29,48,186,98,18
20190412,서울특별시,11,종로구,11110,전라북도,45,22,148,19,22,89,5,27,42,166,111,15
20190412,서울특별시,11,종로구,11110,충청남도,44,30,172,32,55,104,0,47,29,197,157,30
20190412,서울특별시,11,종로구,11110,충청북도,43,15,146,12,26,77,4,26,20,188,126,21
20190412,서울특별시,11,종로구,11110,강원도,42,17,147,22,35,73,0,36,40,136,101,18
20190412,서울특별시,11,종로구,11110,경기도,41,112,1427,413,295,742,51,375,249,1495,992,169
20190412,서울특별시,11,종로구,11110,세종특별자치시,36,3,35,10,8,12,0,5,6,35,22,5
20190412,서울특별시,11,종로구,11110,울산광역시,31,9,83,25,23,35,3,15,11,128,71,10
20190412,서울특별시,11,종로구,11110,대전광역시,30,8,158,24,26,78,4,35,22,175,100,19
20190412,서울특별시,11,종로구,11110,광주광역시,29,8,126,25,28,78,4,29,25,197,93,16
20190412,서울특별시,11,종로구,11110,인천광역시,28,30,272,60,76,142,7,68,46,287,193,32
20190412,서울특별시,11,종로구,11110,대구광역시,27,24,205,39,43,108,7,45,32,251,130,36
20190412,서울특별시,11,종로구,11110,부산광역시,26,37,240,46,55,153,14,52,38,380,207,32
20190412,서울특별시,11,금천구,11545,서울특별시,11,494,1893,218,1853,1900,271,3720,233,1763,1432,2213
20190412,서울특별시,11,금천구,11545,부산광역시,26,101,499,57,478,427,57,859,56,471,403,626
20190412,서울특별시,11,금천구,11545,대구광역시,27,72,353,32,344,286,52,543,42,380,290,463
20190412,서울특별시,11,금천구,11545,인천광역시,28,103,457,61,514,413,54,785,81,434,379,552
20190412,서울특별시,11,금천구,11545,광주광역시,29,35,203,24,239,203,22,366,38,251,184,293
20190412,서울특별시,11,금천구,11545,대전광역시,30,56,225,24,260,224,39,330,36,248,223,272
20190412,서울특별시,11,금천구,11545,울산광역시,31,31,129,18,154,148,26,260,22,172,109,178
20190412,서울특별시,11,금천구,11545,세종특별자치시,36,11,68,6,61,53,17,92,13,58,44,65
20190412,서울특별시,11,금천구,11545,경기도,41,549,2147,210,2311,2057,344,3362,374,2188,1820,2367
20190412,서울특별시,11,금천구,11545,강원도,42,53,251,34,246,235,36,247,33,184,162,207
20190412,서울특별시,11,금천구,11545,충청북도,43,44,219,31,231,221,36,296,24,235,183,228
20190412,서울특별시,11,금천구,11545,충청남도,44,78,326,28,327,310,43,385,43,307,273,930
20190412,서울특별시,11,금천구,11545,전라북도,45,66,226,25,227,219,38,356,29,284,186,265
20190412,서울특별시,11,금천구,11545,전라남도,46,54,209,37,205,170,28,294,30,227,182,238
20190412,서울특별시,11,금천구,11545,경상북도,47,79,374,26,384,332,60,512,40,339,276,422
20190412,서울특별시,11,금천구,11545,경상남도,48,99,408,52,498,385,87,732,48,473,328,572
20190412,서울특별시,11,금천구,11545,제주특별자치도,50,18,72,13,53,57,10,40,11,74,56,67
20190412,서울특별시,11,종로구,11110,서울특별시,11,116,1309,706,270,556,27,235,114,1096,688,163
20190412,서울특별시,11,은평구,11380,부산광역시,26,25,208,58,49,212,59,98,34,298,122,180
20190412,서울특별시,11,은평구,11380,대구광역시,27,29,132,50,32,140,35,51,14,205,82,112
20190412,서울특별시,11,은평구,11380,인천광역시,28,20,192,64,49,203,27,98,31,306,107,160
20190412,서울특별시,11,은평구,11380,광주광역시,29,6,90,23,30,89,24,45,19,136,52,90
20190412,서울특별시,11,은평구,11380,대전광역시,30,7,99,29,32,113,17,45,15,145,39,67
20190412,서울특별시,11,은평구,11380,울산광역시,31,8,70,20,22,84,16,26,21,111,34,53
20190412,서울특별시,11,은평구,11380,세종특별자치시,36,0,20,11,3,21,4,12,5,27,9,25
20190412,서울특별시,11,은평구,11380,경기도,41,124,974,314,290,1049,221,407,182,1617,487,780
20190412,서울특별시,11,은평구,11380,강원도,42,12,88,32,23,112,15,35,19,142,47,69
20190412,서울특별시,11,은평구,11380,충청북도,43,13,92,36,23,83,20,37,16,156,58,82
20190412,서울특별시,11,은평구,11380,충청남도,44,10,131,46,30,156,25,70,20,196,73,95
20190412,서울특별시,11,은평구,11380,전라북도,45,3,97,39,21,103,25,43,18,179,71,69
20190412,서울특별시,11,은평구,11380,전라남도,46,7,93,36,23,67,20,54,17,127,50,92
20190412,서울특별시,11,은평구,11380,경상북도,47,13,159,57,29,157,35,83,34,189,67,119
20190412,서울특별시,11,은평구,11380,경상남도,48,13,184,50,38,176,51,90,36,254,105,158
20190412,서울특별시,11,은평구,11380,제주특별자치도,50,4,28,4,11,17,14,6,6,37,14,10
20190412,서울특별시,11,양천구,11470,인천광역시,28,45,155,19,104,262,32,161,35,122,82,318
20190412,서울특별시,11,송파구,11710,서울특별시,11,127,2380,262,528,896,457,1934,139,3164,1748,669
20190412,서울특별시,11,송파구,11710,부산광역시,26,36,529,50,119,376,103,276,24,834,374,227
20190412,서울특별시,11,송파구,11710,대구광역시,27,26,390,45,94,270,99,170,28,590,249,117
20190412,서울특별시,11,송파구,11710,인천광역시,28,28,531,56,223,340,90,353,50,769,368,174
20190412,서울특별시,11,송파구,11710,광주광역시,29,11,267,26,64,134,57,141,14,483,188,77
20190412,서울특별시,11,송파구,11710,대전광역시,30,16,272,29,48,149,58,118,23,431,171,75
20190412,서울특별시,11,송파구,11710,울산광역시,31,5,154,21,39,153,31,76,12,301,102,62
20190412,서울특별시,11,송파구,11710,세종특별자치시,36,4,57,6,10,42,11,30,10,103,45,22
20190412,서울특별시,11,송파구,11710,경기도,41,146,2705,258,627,1494,539,1917,206,4233,1800,867
20190412,서울특별시,11,송파구,11710,강원도,42,14,252,17,54,148,53,141,14,339,167,77
20190412,서울특별시,11,송파구,11710,충청북도,43,16,290,31,62,201,48,136,13,443,161,91
20190412,서울특별시,11,송파구,11710,충청남도,44,11,412,42,67,256,59,167,43,556,212,98
20190412,서울특별시,11,송파구,11710,전라북도,45,7,270,29,59,193,60,130,14,434,172,96
20190412,서울특별시,11,송파구,11710,전라남도,46,12,256,21,43,147,31,130,11,360,115,85
20190412,서울특별시,11,송파구,11710,경상북도,47,19,370,24,82,262,54,174,31,580,197,148
20190412,서울특별시,11,송파구,11710,경상남도,48,33,440,30,101,396,86,281,27,770,273,169
20190412,서울특별시,11,송파구,11710,제주특별자치도,50,0,55,3,16,67,21,28,14,124,56,24
20190412,서울특별시,11,서초구,11650,제주특별자치도,50,4,116,19,27,28,4,25,19,23,31,46
20190412,서울특별시,11,서초구,11650,경상남도,48,35,591,76,95,252,34,233,61,181,123,209
20190412,서울특별시,11,서초구,11650,경상북도,47,12,418,70,59,174,26,166,78,187,85,150
20190412,서울특별시,11,서초구,11650,전라남도,46,14,277,51,37,125,19,109,17,83,58,53
20190412,서울특별시,11,서초구,11650,전라북도,45,12,368,54,85,141,14,109,47,95,64,74
20190412,서울특별시,11,서초구,11650,충청남도,44,27,386,55,62,223,19,159,42,133,82,114
20190412,서울특별시,11,서초구,11650,충청북도,43,14,320,50,38,140,22,106,24,145,80,75
20190412,서울특별시,11,서초구,11650,강원도,42,15,275,53,46,148,14,138,28,109,52,74
20190412,서울특별시,11,서초구,11650,경기도,41,184,4070,562,610,1294,194,1184,413,1545,778,926
20190412,서울특별시,11,서초구,11650,세종특별자치시,36,0,81,15,6,35,0,22,17,27,17,25
20190412,서울특별시,11,서초구,11650,울산광역시,31,12,251,16,31,100,18,91,19,110,48,53
20190412,서울특별시,11,서초구,11650,대전광역시,30,13,377,60,44,118,24,108,68,109,53,85
20190412,서울특별시,11,서초구,11650,광주광역시,29,11,355,67,43,104,15,110,88,121,59,89
20190412,서울특별시,11,서초구,11650,인천광역시,28,27,554,98,119,303,35,240,96,237,164,156
20190412,서울특별시,11,서초구,11650,대구광역시,27,26,609,79,68,170,26,211,118,169,107,172
20190412,서울특별시,11,서초구,11650,부산광역시,26,49,743,105,99,287,24,258,41,218,169,216
20190412,서울특별시,11,서초구,11650,서울특별시,11,139,3156,588,483,1058,134,1345,233,1240,693,780
20190412,서울특별시,11,동작구,11590,제주특별자치도,50,4,16,10,4,13,4,6,0,25,5,21
20190412,서울특별시,11,동작구,11590,경상남도,48,25,101,49,64,88,28,42,30,134,45,146
20190412,서울특별시,11,동작구,11590,경상북도,47,16,82,36,22,83,15,26,14,106,40,113
20190412,서울특별시,11,동작구,11590,전라남도,46,10,65,18,24,54,11,22,11,58,18,74
20190412,서울특별시,11,동작구,11590,전라북도,45,22,51,32,36,55,11,23,13,85,37,78
20190412,서울특별시,11,동작구,11590,충청남도,44,16,120,27,40,75,16,47,19,119,49,98
20190412,서울특별시,11,동작구,11590,충청북도,43,20,51,35,42,68,13,23,11,80,28,79
20190412,서울특별시,11,동작구,11590,강원도,42,14,61,33,30,40,16,19,15,72,25,63
20190412,서울특별시,11,동작구,11590,경기도,41,142,553,271,294,523,117,216,85,1076,306,897
20190412,서울특별시,11,동작구,11590,세종특별자치시,36,6,23,12,4,10,0,6,0,19,6,20
20190412,서울특별시,11,동작구,11590,울산광역시,31,7,63,18,11,35,9,9,5,63,24,69
20190412,서울특별시,11,동작구,11590,대전광역시,30,17,55,25,27,59,9,11,7,85,28,92
20190412,서울특별시,11,동작구,11590,광주광역시,29,22,55,35,39,42,10,14,6,77,26,80
20190412,서울특별시,11,동작구,11590,인천광역시,28,30,157,43,57,97,23,41,18,167,59,168
20190412,서울특별시,11,동작구,11590,대구광역시,27,20,63,29,40,85,11,37,10,122,35,147
20190412,서울특별시,11,동작구,11590,부산광역시,26,32,137,48,69,136,18,38,13,170,66,201
20190412,서울특별시,11,동작구,11590,서울특별시,11,117,525,310,248,397,96,178,47,854,247,932
20190412,서울특별시,11,강남구,11680,서울특별시,11,264,2686,600,998,1345,178,1197,202,3692,1332,2118
20190412,서울특별시,11,강남구,11680,부산광역시,26,38,579,104,141,307,32,347,58,835,314,552
20190412,서울특별시,11,강남구,11680,대구광역시,27,42,479,59,124,234,34,191,45,641,221,384
20190412,서울특별시,11,강남구,11680,인천광역시,28,72,557,64,172,332,36,267,61,766,312,520
20190412,서울특별시,11,강남구,11680,광주광역시,29,16,249,35,88,154,28,118,34,401,139,225
20190412,서울특별시,11,성북구,11290,제주특별자치도,50,9,94,13,47,96,14,36,14,465,167,190
20190412,서울특별시,11,성북구,11290,경상남도,48,56,736,45,377,593,109,446,158,2845,950,485
20190412,서울특별시,11,성북구,11290,경상북도,47,41,550,38,275,444,83,339,126,2106,646,360
20190412,서울특별시,11,성북구,11290,전라남도,46,20,351,39,146,276,42,215,74,1448,433,231
20190412,서울특별시,11,성북구,11290,전라북도,45,28,353,37,195,281,42,247,67,1698,505,252
20190412,서울특별시,11,성북구,11290,충청남도,44,44,481,44,232,426,72,353,90,2134,648,322
20190412,서울특별시,11,성북구,11290,충청북도,43,25,380,34,185,308,58,240,72,1499,468,236
20190412,서울특별시,11,성북구,11290,강원도,42,35,500,135,182,309,63,218,53,1348,447,190
20190412,서울특별시,11,성북구,11290,경기도,41,280,3404,394,1704,2855,523,1985,634,13551,4421,2332
20190412,서울특별시,11,성북구,11290,세종특별자치시,36,9,89,13,29,64,10,48,28,352,108,62
20190412,서울특별시,11,성북구,11290,울산광역시,31,21,229,19,119,237,38,174,53,1042,320,188
20190412,서울특별시,11,성북구,11290,대전광역시,30,33,351,29,183,308,48,204,62,1466,474,216
20190412,서울특별시,11,성북구,11290,광주광역시,29,24,318,38,179,282,30,181,61,1700,511,240
20190412,서울특별시,11,성북구,11290,인천광역시,28,66,768,56,373,1580,109,494,169,2910,952,488
20190412,서울특별시,11,성북구,11290,대구광역시,27,55,495,96,247,490,85,296,81,2115,736,348
20190412,서울특별시,11,성북구,11290,부산광역시,26,60,687,132,370,617,99,517,135,3075,1035,527
20190412,서울특별시,11,성북구,11290,서울특별시,11,231,2981,483,1333,2337,391,1769,433,10257,3629,1857
20190412,서울특별시,11,서대문구,11410,제주특별자치도,50,0,51,6,4,20,0,11,0,25,3,16
20190412,서울특별시,11,서대문구,11410,경상남도,48,8,212,21,30,432,8,261,27,171,36,101
20190412,서울특별시,11,서대문구,11410,경상북도,47,5,187,13,25,294,9,170,16,133,30,61
20190412,서울특별시,11,서대문구,11410,전라남도,46,0,100,10,15,220,8,107,10,86,23,31
20190412,서울특별시,11,서대문구,11410,전라북도,45,3,125,13,28,195,6,100,12,96,28,53
20190412,서울특별시,11,서대문구,11410,충청남도,44,6,204,24,22,312,10,145,30,133,24,74
20190412,서울특별시,11,서대문구,11410,충청북도,43,0,106,38,25,197,8,132,17,99,25,43
20190412,서울특별시,11,서대문구,11410,강원도,42,0,149,18,17,213,8,77,12,78,24,38
20190412,서울특별시,11,서대문구,11410,경기도,41,44,1672,121,192,1682,65,1046,112,1125,233,387
20190412,서울특별시,11,서대문구,11410,세종특별자치시,36,0,42,0,7,52,0,22,5,19,4,14
20190412,서울특별시,11,서대문구,11410,울산광역시,31,6,75,5,12,137,6,70,18,58,17,18
20190412,서울특별시,11,서대문구,11410,대전광역시,30,4,113,13,12,171,6,86,17,67,19,53
20190412,서울특별시,11,서대문구,11410,광주광역시,29,5,82,24,22,169,5,104,27,91,19,37
20190412,서울특별시,11,양천구,11470,대구광역시,27,40,119,18,60,218,19,118,22,67,68,227
20190412,서울특별시,11,양천구,11470,부산광역시,26,37,164,16,110,265,39,147,24,116,93,354
20190412,서울특별시,11,양천구,11470,서울특별시,11,145,660,129,434,955,122,569,88,609,339,1061
20190412,서울특별시,11,서대문구,11410,인천광역시,28,8,328,16,46,349,14,213,21,210,36,104
20190412,서울특별시,11,서대문구,11410,대구광역시,27,10,233,50,29,310,8,166,12,125,33,53
20190412,서울특별시,11,서대문구,11410,부산광역시,26,8,217,19,31,383,13,238,24,177,56,94
20190412,서울특별시,11,용산구,11170,제주특별자치도,50,8,93,11,278,15,7,10,3,77,25,14
20190412,서울특별시,11,용산구,11170,경상남도,48,31,333,47,1815,198,24,81,56,510,172,92
20190412,서울특별시,11,용산구,11170,경상북도,47,31,327,41,1384,119,22,58,31,355,112,71
20190412,서울특별시,11,용산구,11170,전라남도,46,12,179,33,889,92,12,34,24,212,76,49
20190412,서울특별시,11,용산구,11170,전라북도,45,20,221,31,900,85,14,41,15,249,97,42
20190412,서울특별시,11,용산구,11170,충청남도,44,16,254,26,1360,141,23,68,31,339,109,58
20190412,서울특별시,11,용산구,11170,충청북도,43,20,178,15,1066,114,22,46,29,248,90,62
20190412,서울특별시,11,용산구,11170,강원도,42,22,187,23,924,115,13,41,23,229,82,65
20190412,서울특별시,11,강동구,11740,전라남도,46,35,61,56,26,155,15,96,10,93,18,32
20190412,서울특별시,11,강동구,11740,전라북도,45,38,81,58,31,113,15,86,6,117,28,37
20190412,서울특별시,11,용산구,11170,경기도,41,267,1983,294,9687,1006,127,396,275,2381,894,527
20190412,서울특별시,11,용산구,11170,세종특별자치시,36,9,40,5,215,31,3,9,3,60,17,11
20190412,서울특별시,11,용산구,11170,울산광역시,31,20,148,22,665,68,7,36,12,202,57,26
20190412,서울특별시,11,용산구,11170,대전광역시,30,29,180,29,1127,118,16,42,13,242,76,41
20190412,서울특별시,11,용산구,11170,광주광역시,29,23,210,24,884,90,14,24,15,229,84,44
20190412,서울특별시,11,용산구,11170,인천광역시,28,50,442,95,1931,215,41,101,59,438,173,111
20190412,서울특별시,11,용산구,11170,대구광역시,27,23,316,43,1461,141,21,73,33,391,121,80
20190412,서울특별시,11,용산구,11170,부산광역시,26,59,446,116,2040,239,35,88,53,528,173,129
20190412,서울특별시,11,용산구,11170,서울특별시,11,194,1711,253,8508,903,117,325,217,1947,703,382
20190412,서울특별시,11,관악구,11620,서울특별시,11,112,574,270,279,318,34,186,31,1366,200,578
20190412,서울특별시,11,관악구,11620,부산광역시,26,26,140,57,67,87,8,48,8,321,61,181
20190412,서울특별시,11,관악구,11620,대구광역시,27,23,102,44,45,46,5,22,8,223,28,146
20190412,서울특별시,11,관악구,11620,인천광역시,28,25,138,32,66,78,7,49,9,310,42,156
20190412,서울특별시,11,관악구,11620,광주광역시,29,8,65,27,59,35,4,15,4,168,29,87
20190412,서울특별시,11,관악구,11620,대전광역시,30,20,61,35,31,50,0,17,6,153,25,92
20190412,서울특별시,11,성동구,11200,제주특별자치도,50,6,90,12,19,27,10,24,13,120,41,9
20190412,서울특별시,11,성동구,11200,경상남도,48,67,382,937,111,179,44,153,94,622,135,111
20190412,서울특별시,11,성동구,11200,경상북도,47,20,294,984,86,138,37,123,83,444,99,65
20190412,서울특별시,11,성동구,11200,전라남도,46,18,190,287,60,97,26,88,31,307,69,41
20190412,서울특별시,11,성동구,11200,전라북도,45,14,218,291,71,125,31,82,38,352,87,45
20190412,서울특별시,11,성동구,11200,충청남도,44,19,327,565,86,135,47,107,59,472,89,58
20190412,서울특별시,11,성동구,11200,충청북도,43,12,201,306,62,100,18,78,28,384,62,41
20190412,서울특별시,11,성동구,11200,강원도,42,12,171,279,62,118,17,63,30,322,68,38
20190412,서울특별시,11,성동구,11200,경기도,41,145,2748,3422,628,1074,193,808,333,3648,1005,486
20190412,서울특별시,11,성동구,11200,세종특별자치시,36,0,55,101,10,28,7,14,13,71,20,8
20190412,서울특별시,11,성동구,11200,울산광역시,31,10,154,598,54,83,20,46,36,253,69,28
20190412,서울특별시,11,성동구,11200,대전광역시,30,9,221,305,63,115,24,72,40,381,86,49
20190412,서울특별시,11,성동구,11200,광주광역시,29,20,207,316,78,112,10,86,33,348,77,38
20190412,서울특별시,11,성동구,11200,인천광역시,28,27,552,673,110,177,55,120,60,691,199,86
20190412,서울특별시,11,성동구,11200,대구광역시,27,21,303,948,88,132,33,127,66,514,132,60
20190412,서울특별시,11,성동구,11200,부산광역시,26,31,518,652,131,230,35,239,66,731,190,104
20190412,서울특별시,11,성동구,11200,서울특별시,11,130,2631,1794,520,770,158,634,193,3061,1037,440
20190412,서울특별시,11,강남구,11680,대전광역시,30,25,276,42,85,131,20,122,24,392,136,263
20190412,서울특별시,11,강남구,11680,울산광역시,31,17,172,27,61,106,14,87,32,294,103,226
20190412,서울특별시,11,강남구,11680,세종특별자치시,36,8,48,11,24,27,0,42,9,85,25,56
20190412,서울특별시,11,강남구,11680,경기도,41,284,2763,449,900,1535,221,1350,312,4228,1476,2257
20190412,서울특별시,11,강남구,11680,강원도,42,30,195,33,78,126,21,120,40,288,131,219
20190412,서울특별시,11,강남구,11680,충청북도,43,26,261,45,88,130,18,115,49,373,133,240
20190412,서울특별시,11,강남구,11680,충청남도,44,31,291,60,108,143,20,174,31,459,191,321
20190412,서울특별시,11,강남구,11680,전라북도,45,21,200,24,64,134,19,126,21,351,119,234
20190412,서울특별시,11,강남구,11680,전라남도,46,29,156,23,55,100,15,144,29,314,115,207
20190412,서울특별시,11,강남구,11680,경상북도,47,37,328,48,109,213,23,189,62,487,197,310
20190412,서울특별시,11,강남구,11680,경상남도,48,36,419,62,130,267,35,290,59,650,250,467
20190412,서울특별시,11,강남구,11680,제주특별자치도,50,8,108,17,29,29,7,33,15,123,56,69
20190412,서울특별시,11,서대문구,11410,서울특별시,11,32,1813,122,144,1194,80,862,60,847,170,288
20190412,서울특별시,11,관악구,11620,울산광역시,31,13,43,14,20,39,3,16,0,96,15,68
20190412,서울특별시,11,관악구,11620,세종특별자치시,36,4,19,10,8,7,0,5,0,45,6,20
20190412,서울특별시,11,관악구,11620,경기도,41,162,710,258,326,420,41,200,59,1749,270,805
20190412,서울특별시,11,관악구,11620,강원도,42,10,69,27,33,46,3,21,7,138,21,72
20190412,서울특별시,11,관악구,11620,충청북도,43,16,64,28,26,43,6,20,3,175,21,86
20190412,서울특별시,11,관악구,11620,충청남도,44,18,99,32,51,66,5,24,13,179,35,106
20190412,서울특별시,11,강동구,11740,충청남도,44,40,117,64,26,192,17,97,9,143,36,46
20190412,서울특별시,11,강동구,11740,충청북도,43,27,68,37,29,121,12,86,9,132,24,41
20190412,서울특별시,11,강동구,11740,강원도,42,32,73,40,17,176,14,78,11,87,20,24
20190412,서울특별시,11,강북구,11305,서울특별시,11,32,531,67,149,260,40,135,180,1496,301,80
20190412,서울특별시,11,강북구,11305,부산광역시,26,22,121,13,43,74,6,34,54,404,94,30
20190412,서울특별시,11,강북구,11305,대구광역시,27,10,92,12,22,56,6,19,46,277,77,16
20190412,서울특별시,11,강북구,11305,인천광역시,28,11,140,16,36,71,8,32,44,468,93,19
20190412,서울특별시,11,강북구,11305,광주광역시,29,7,74,3,11,50,3,15,30,230,35,11
20190412,서울특별시,11,강북구,11305,대전광역시,30,4,57,7,18,48,0,20,26,208,57,13
20190412,서울특별시,11,강북구,11305,울산광역시,31,4,47,3,17,16,0,12,10,162,36,4
20190412,서울특별시,11,강북구,11305,세종특별자치시,36,0,11,5,3,16,0,0,11,62,7,0
20190412,서울특별시,11,강북구,11305,경기도,41,53,677,77,220,346,50,177,262,2173,476,114
20190412,서울특별시,11,강북구,11305,강원도,42,6,60,12,21,33,7,17,22,182,40,6
20190412,서울특별시,11,강북구,11305,충청북도,43,7,57,9,10,48,4,18,25,224,43,7
20190412,서울특별시,11,강북구,11305,충청남도,44,10,78,7,20,36,5,24,46,314,58,24
20190412,서울특별시,11,강북구,11305,전라북도,45,0,90,13,27,21,8,25,38,252,40,10
20190412,서울특별시,11,강북구,11305,경상북도,47,12,88,10,19,50,8,39,40,314,67,12
20190413,서울특별시,11,마포구,11440,경기도,41,36,159,77,1600,382,19,38,17,475,333,37
20190413,서울특별시,11,마포구,11440,강원도,42,0,50,13,280,74,3,4,0,5,20,0
20190413,서울특별시,11,마포구,11440,충청북도,43,0,13,16,268,48,0,6,0,28,32,0
20190413,서울특별시,11,마포구,11440,충청남도,44,0,18,14,294,61,0,7,0,25,55,6
20190413,서울특별시,11,마포구,11440,전라북도,45,3,11,12,357,53,0,3,0,19,48,0
20190413,서울특별시,11,마포구,11440,전라남도,46,0,6,9,256,56,0,0,0,9,24,0
20190413,서울특별시,11,마포구,11440,경상북도,47,0,14,15,316,79,0,6,0,21,57,3
20190413,서울특별시,11,마포구,11440,경상남도,48,0,23,12,428,236,0,10,0,30,55,4
20190413,서울특별시,11,마포구,11440,제주특별자치도,50,0,4,0,43,17,0,0,0,5,16,0
20190413,서울특별시,11,성동구,11200,제주특별자치도,50,0,8,0,0,6,0,0,0,3,50,0
20190413,서울특별시,11,성동구,11200,경상남도,48,3,31,8,0,34,0,5,0,17,168,0
20190413,서울특별시,11,성동구,11200,경상북도,47,0,23,0,4,21,0,0,0,6,135,0
20190413,서울특별시,11,성동구,11200,전라남도,46,3,17,5,0,13,0,0,0,3,87,0
20190413,서울특별시,11,동작구,11590,경기도,41,18,118,50,40,49,30,26,15,397,82,38
20190413,서울특별시,11,동작구,11590,강원도,42,0,11,6,3,0,0,0,0,12,3,3
20190413,서울특별시,11,동작구,11590,충청북도,43,0,12,5,4,4,0,0,0,26,0,3
20190413,서울특별시,11,동작구,11590,충청남도,44,0,9,6,0,7,3,3,0,14,6,3
20190413,서울특별시,11,관악구,11620,충청남도,44,0,17,15,6,6,0,0,0,38,4,0
20190413,서울특별시,11,관악구,11620,충청북도,43,0,11,11,5,7,0,3,0,37,9,0
20190413,서울특별시,11,관악구,11620,강원도,42,0,18,6,4,0,3,4,0,24,3,0
20190413,서울특별시,11,관악구,11620,경기도,41,37,184,98,67,61,17,31,28,451,94,33
20190413,서울특별시,11,관악구,11620,세종특별자치시,36,0,0,4,0,0,0,0,0,3,0,0
20190413,서울특별시,11,관악구,11620,울산광역시,31,0,5,7,3,0,0,0,0,24,4,0
20190413,서울특별시,11,관악구,11620,대전광역시,30,0,14,11,0,0,0,0,0,23,5,0
20190413,서울특별시,11,동작구,11590,전라북도,45,0,17,7,0,0,0,0,0,19,0,0
20190413,서울특별시,11,동작구,11590,전라남도,46,0,7,6,0,0,0,0,0,3,0,0
20190413,서울특별시,11,동작구,11590,경상북도,47,0,14,10,0,0,0,3,0,13,4,5
20190413,서울특별시,11,동작구,11590,경상남도,48,0,28,11,3,5,3,0,0,17,4,0
20190413,서울특별시,11,관악구,11620,광주광역시,29,0,9,9,4,0,0,0,3,27,0,0
20190413,서울특별시,11,관악구,11620,인천광역시,28,6,21,15,10,8,0,3,9,49,12,3
20190413,서울특별시,11,관악구,11620,대구광역시,27,7,16,11,6,8,3,0,4,45,7,0
20190413,서울특별시,11,관악구,11620,부산광역시,26,0,29,16,17,0,0,4,0,51,22,0
20190413,서울특별시,11,관악구,11620,서울특별시,11,0,197,94,53,25,5,27,10,260,64,12
20190413,서울특별시,11,관악구,11620,제주특별자치도,50,0,7,0,0,0,0,0,0,9,0,0
20190413,서울특별시,11,관악구,11620,경상남도,48,4,25,15,14,6,0,4,4,60,14,0
20190413,서울특별시,11,강동구,11740,제주특별자치도,50,0,0,0,0,0,0,0,0,3,0,0
20190413,서울특별시,11,강동구,11740,경상남도,48,0,15,21,8,6,0,0,0,14,3,0
20190413,서울특별시,11,강동구,11740,경상북도,47,0,10,12,0,4,0,3,0,13,0,0
20190413,서울특별시,11,성동구,11200,전라북도,45,0,14,3,0,14,0,0,0,9,91,0
20190413,서울특별시,11,성동구,11200,충청남도,44,4,34,4,3,30,0,0,0,13,106,0
20190413,서울특별시,11,성동구,11200,충청북도,43,0,10,10,3,14,0,0,0,22,100,0
20190413,서울특별시,11,성동구,11200,강원도,42,0,12,0,0,11,0,3,0,9,95,0
20190413,서울특별시,11,성동구,11200,경기도,41,20,286,34,29,166,23,49,14,388,1182,34
20190413,서울특별시,11,성동구,11200,세종특별자치시,36,0,5,0,0,3,0,0,0,0,22,0
20190413,서울특별시,11,성동구,11200,울산광역시,31,0,5,0,0,11,0,0,0,9,82,0
20190413,서울특별시,11,성동구,11200,대전광역시,30,0,15,0,0,21,0,0,0,8,92,0
20190413,서울특별시,11,성동구,11200,광주광역시,29,0,13,7,0,22,0,0,0,11,101,0
20190413,서울특별시,11,성동구,11200,인천광역시,28,0,52,10,8,33,0,6,0,28,234,6
20190413,서울특별시,11,성동구,11200,대구광역시,27,5,33,10,4,49,0,0,0,27,188,0
20190413,서울특별시,11,성동구,11200,부산광역시,26,0,30,5,0,53,3,4,3,30,265,0
20190413,서울특별시,11,성동구,11200,서울특별시,11,11,268,35,35,188,0,67,12,134,1178,9
20190413,서울특별시,11,중구,11140,제주특별자치도,50,0,28,6,0,11,0,5,0,22,3,0
20190413,서울특별시,11,중구,11140,경상남도,48,10,158,22,9,32,12,38,3,117,31,0
20190413,서울특별시,11,중구,11140,경상북도,47,11,125,13,5,31,5,23,3,82,21,0
20190413,서울특별시,11,중구,11140,전라남도,46,0,136,12,0,27,8,29,4,59,13,0
20190413,서울특별시,11,동작구,11590,제주특별자치도,50,0,9,0,0,0,0,0,0,0,0,0
20190413,서울특별시,11,중구,11140,전라북도,45,5,82,13,3,14,3,18,4,56,15,0
20190413,서울특별시,11,중구,11140,충청남도,44,10,110,18,9,30,5,29,5,83,11,6
20190413,서울특별시,11,중구,11140,충청북도,43,4,79,16,3,14,3,17,3,61,18,0
20190413,서울특별시,11,중구,11140,강원도,42,4,86,13,0,34,4,17,0,59,13,0
20190413,서울특별시,11,중구,11140,경기도,41,54,451,127,36,226,54,119,34,545,156,18
20190413,서울특별시,11,중구,11140,세종특별자치시,36,0,18,3,0,3,0,5,0,23,5,0
20190413,서울특별시,11,중구,11140,울산광역시,31,4,55,6,0,27,3,7,0,36,4,0
20190413,서울특별시,11,중구,11140,대전광역시,30,4,86,14,0,19,0,15,6,50,12,0
20190413,서울특별시,11,중구,11140,광주광역시,29,0,113,10,0,19,6,14,15,65,15,0
20190413,서울특별시,11,중구,11140,인천광역시,28,8,55,13,6,41,7,17,4,90,32,0
20190413,서울특별시,11,중구,11140,대구광역시,27,3,121,18,7,31,11,34,0,80,26,0
20190413,서울특별시,11,중구,11140,부산광역시,26,5,172,35,5,45,12,42,7,132,51,0
20190413,서울특별시,11,중구,11140,서울특별시,11,34,450,87,38,221,50,85,16,449,155,18
20190413,서울특별시,11,광진구,11215,서울특별시,11,3,214,42,75,74,8,56,15,222,62,41
20190413,서울특별시,11,광진구,11215,부산광역시,26,3,61,8,9,16,3,12,0,37,23,5
20190413,서울특별시,11,광진구,11215,대구광역시,27,3,36,7,7,11,0,9,0,29,11,4
20190413,서울특별시,11,은평구,11380,서울특별시,11,10,145,34,31,39,5,21,6,338,44,16
20190413,서울특별시,11,은평구,11380,부산광역시,26,0,35,8,6,8,0,5,0,63,10,0
20190413,서울특별시,11,은평구,11380,대구광역시,27,5,14,5,5,6,0,3,0,38,5,0
20190413,서울특별시,11,은평구,11380,인천광역시,28,3,38,10,7,7,0,8,3,69,9,9
20190413,서울특별시,11,은평구,11380,광주광역시,29,0,6,0,0,4,0,5,0,23,7,0
20190413,서울특별시,11,은평구,11380,대전광역시,30,0,9,0,0,5,0,5,0,21,5,0
20190413,서울특별시,11,은평구,11380,울산광역시,31,0,0,0,0,0,0,0,0,22,0,0
20190413,서울특별시,11,은평구,11380,세종특별자치시,36,0,0,0,0,0,0,0,0,7,0,0
20190413,서울특별시,11,은평구,11380,경기도,41,19,146,35,48,79,16,42,16,593,84,36
20190413,서울특별시,11,은평구,11380,강원도,42,0,8,6,4,3,0,0,0,23,4,0
20190413,서울특별시,11,은평구,11380,충청북도,43,0,15,7,4,9,0,3,0,43,3,0
20190413,서울특별시,11,은평구,11380,충청남도,44,0,29,3,0,8,0,0,0,41,0,0
20190413,서울특별시,11,은평구,11380,전라북도,45,0,6,3,4,7,0,0,0,37,3,0
20190413,서울특별시,11,광진구,11215,인천광역시,28,0,48,7,16,9,0,19,3,39,16,15
20190413,서울특별시,11,광진구,11215,광주광역시,29,0,26,0,5,0,0,7,0,16,13,3
20190413,서울특별시,11,광진구,11215,대전광역시,30,0,17,0,7,11,0,8,0,21,4,0
20190413,서울특별시,11,광진구,11215,울산광역시,31,0,13,3,3,7,0,4,0,15,7,4
20190413,서울특별시,11,광진구,11215,세종특별자치시,36,0,6,0,3,0,0,4,0,3,0,0
20190413,서울특별시,11,광진구,11215,경기도,41,14,240,43,108,84,13,68,10,392,115,46
20190413,서울특별시,11,광진구,11215,강원도,42,0,15,0,7,4,0,9,0,10,13,4
20190413,서울특별시,11,광진구,11215,충청북도,43,3,19,6,13,4,0,6,0,24,7,0
20190413,서울특별시,11,광진구,11215,충청남도,44,0,29,4,6,12,0,12,0,15,12,0
20190413,서울특별시,11,광진구,11215,전라북도,45,0,15,3,4,7,0,6,4,22,9,0
20190413,서울특별시,11,광진구,11215,전라남도,46,0,18,4,8,11,0,4,0,14,9,4
20190413,서울특별시,11,광진구,11215,경상북도,47,0,29,9,10,7,0,14,0,9,7,5
20190413,서울특별시,11,광진구,11215,경상남도,48,5,29,6,17,12,0,16,0,24,13,9
20190413,서울특별시,11,동대문구,11230,서울특별시,11,0,98,49,29,51,9,58,0,227,62,15
20190413,서울특별시,11,동대문구,11230,부산광역시,26,0,28,10,0,8,3,12,0,46,13,0
20190413,서울특별시,11,동대문구,11230,대구광역시,27,5,26,7,7,8,0,18,0,35,4,5
20190413,서울특별시,11,성북구,11290,서울특별시,11,22,521,66,132,249,90,144,58,1193,414,246
20190413,서울특별시,11,성북구,11290,부산광역시,26,4,93,15,27,46,34,38,11,293,116,56
20190413,서울특별시,11,강동구,11740,전라남도,46,0,5,14,0,11,0,0,0,7,0,0
20190413,서울특별시,11,강동구,11740,전라북도,45,0,7,10,0,0,0,0,0,13,4,0
20190413,서울특별시,11,강동구,11740,충청남도,44,0,5,15,0,6,0,0,0,11,0,0
20190413,서울특별시,11,강동구,11740,충청북도,43,3,6,9,3,10,0,0,3,25,0,0
20190413,서울특별시,11,강동구,11740,강원도,42,0,6,13,0,18,0,0,0,3,0,0
20190413,서울특별시,11,노원구,11350,제주특별자치도,50,0,0,0,0,7,0,0,0,13,0,0
20190413,서울특별시,11,노원구,11350,경상남도,48,0,12,0,0,0,0,6,0,30,16,0
20190413,서울특별시,11,노원구,11350,경상북도,47,3,9,4,0,3,0,0,0,32,3,0
20190413,서울특별시,11,노원구,11350,전라남도,46,4,5,0,3,30,0,0,0,14,6,0
20190413,서울특별시,11,노원구,11350,전라북도,45,0,10,3,0,15,0,5,0,27,4,0
20190413,서울특별시,11,노원구,11350,충청남도,44,0,11,0,6,4,0,5,0,35,9,0
20190413,서울특별시,11,노원구,11350,충청북도,43,0,8,9,4,0,0,4,0,36,3,0
20190413,서울특별시,11,노원구,11350,강원도,42,0,3,4,4,3,0,3,0,10,3,0
20190413,서울특별시,11,노원구,11350,경기도,41,23,137,53,49,68,26,65,21,567,124,48
20190413,서울특별시,11,노원구,11350,세종특별자치시,36,0,0,0,0,0,0,0,0,6,5,0
20190413,서울특별시,11,노원구,11350,울산광역시,31,0,9,0,0,0,0,0,0,26,3,0
20190413,서울특별시,11,강동구,11740,경기도,41,31,123,110,28,129,14,10,21,424,86,36
20190413,서울특별시,11,강동구,11740,세종특별자치시,36,0,0,0,0,0,0,0,0,4,0,0
20190413,서울특별시,11,강동구,11740,울산광역시,31,0,5,12,0,0,0,0,0,9,0,0
20190413,서울특별시,11,강동구,11740,대전광역시,30,3,5,16,0,6,0,0,0,9,0,0
20190413,서울특별시,11,강동구,11740,광주광역시,29,0,7,19,4,10,0,0,0,8,0,0
20190413,서울특별시,11,강동구,11740,인천광역시,28,4,19,22,6,19,0,0,5,32,9,0
20190413,서울특별시,11,강동구,11740,대구광역시,27,5,11,15,0,3,0,0,4,16,6,0
20190413,서울특별시,11,강동구,11740,부산광역시,26,0,15,25,6,6,0,4,6,28,19,0
20190413,서울특별시,11,강동구,11740,서울특별시,11,12,123,94,38,83,11,8,4,149,68,13
20190413,서울특별시,11,금천구,11545,제주특별자치도,50,0,10,0,0,5,0,0,0,12,7,3
20190413,서울특별시,11,금천구,11545,경상남도,48,5,49,0,15,50,4,10,5,79,48,15
20190413,서울특별시,11,금천구,11545,경상북도,47,3,35,3,13,21,3,6,5,47,41,11
20190413,서울특별시,11,금천구,11545,전라남도,46,0,29,0,22,26,0,3,0,37,14,8
20190413,서울특별시,11,금천구,11545,전라북도,45,0,37,0,12,25,0,3,3,45,24,15
20190413,서울특별시,11,금천구,11545,충청남도,44,0,41,0,16,20,0,3,4,54,27,614
20190413,서울특별시,11,금천구,11545,충청북도,43,0,21,0,14,16,0,6,8,40,40,4
20190413,서울특별시,11,금천구,11545,강원도,42,0,26,0,15,9,0,4,3,33,31,28
20190413,서울특별시,11,노원구,11350,대전광역시,30,0,5,7,4,3,0,4,0,19,10,0
20190413,서울특별시,11,성북구,11290,대구광역시,27,7,91,5,23,43,16,14,8,196,94,31
20190413,서울특별시,11,성북구,11290,인천광역시,28,7,98,4,37,52,35,30,24,296,80,69
20190413,서울특별시,11,성북구,11290,광주광역시,29,0,57,7,10,28,13,9,7,151,41,30
20190413,서울특별시,11,성북구,11290,대전광역시,30,0,56,6,15,18,9,15,13,132,52,24
20190413,서울특별시,11,성북구,11290,울산광역시,31,0,47,0,0,19,6,8,3,130,43,16
20190413,서울특별시,11,성북구,11290,세종특별자치시,36,0,8,0,3,8,4,3,6,26,10,6
20190413,서울특별시,11,성북구,11290,경기도,41,28,581,54,149,321,142,126,77,1650,548,312
20190413,서울특별시,11,성북구,11290,강원도,42,3,45,4,18,15,17,11,4,131,45,18
20190413,서울특별시,11,성북구,11290,충청북도,43,0,61,8,21,24,21,13,7,165,51,20
20190413,서울특별시,11,성북구,11290,충청남도,44,4,61,3,11,25,22,17,8,182,95,33
20190413,서울특별시,11,성북구,11290,전라북도,45,0,43,10,9,28,11,8,5,164,56,28
20190413,서울특별시,11,성북구,11290,전라남도,46,0,47,5,18,19,13,13,6,127,44,18
20190413,서울특별시,11,성북구,11290,경상북도,47,8,56,4,14,29,22,14,10,186,76,39
20190413,서울특별시,11,성북구,11290,경상남도,48,4,101,7,19,49,44,23,15,236,107,42
20190413,서울특별시,11,성북구,11290,제주특별자치도,50,0,13,0,8,7,7,9,0,55,22,16
20190413,서울특별시,11,강남구,11680,제주특별자치도,50,0,4,0,0,5,0,3,9,19,12,0
20190413,서울특별시,11,금천구,11545,경기도,41,67,285,36,120,168,25,52,52,486,320,99
20190413,서울특별시,11,금천구,11545,세종특별자치시,36,0,6,0,3,3,0,0,0,15,3,3
20190413,서울특별시,11,금천구,11545,울산광역시,31,0,19,0,9,16,0,5,0,35,22,7
20190413,서울특별시,11,금천구,11545,대전광역시,30,3,34,3,13,16,0,0,6,47,31,14
20190413,서울특별시,11,금천구,11545,광주광역시,29,0,49,0,11,22,0,8,3,41,30,7
20190413,서울특별시,11,금천구,11545,인천광역시,28,0,49,4,20,35,0,11,8,57,55,13
20190413,서울특별시,11,금천구,11545,대구광역시,27,10,42,0,18,31,0,11,3,50,51,22
20190413,서울특별시,11,금천구,11545,부산광역시,26,11,51,3,23,46,0,9,5,63,61,14
20190413,서울특별시,11,구로구,11530,서울특별시,11,5,213,23,36,97,11,25,7,151,57,11
20190413,서울특별시,11,금천구,11545,서울특별시,11,66,334,24,128,147,5,47,43,312,244,66
20190413,서울특별시,11,강서구,11500,세종특별자치시,36,0,5,0,3,5,0,72,0,3,5,0
20190413,서울특별시,11,강서구,11500,울산광역시,31,0,32,3,6,19,0,329,5,24,6,0
20190413,서울특별시,11,강서구,11500,대전광역시,30,3,39,18,12,22,0,360,0,20,16,10
20190413,서울특별시,11,강서구,11500,광주광역시,29,0,40,12,4,9,0,387,6,38,11,3
20190413,서울특별시,11,구로구,11530,부산광역시,26,3,54,5,6,32,0,0,0,30,10,0
20190413,서울특별시,11,구로구,11530,대구광역시,27,13,23,6,8,10,4,6,0,17,7,0
20190413,서울특별시,11,구로구,11530,인천광역시,28,0,41,6,7,23,6,5,4,29,9,6
20190413,서울특별시,11,구로구,11530,광주광역시,29,0,27,0,0,10,0,3,0,5,0,0
20190413,서울특별시,11,구로구,11530,대전광역시,30,0,25,0,3,18,0,0,0,5,4,0
20190413,서울특별시,11,구로구,11530,울산광역시,31,0,9,0,0,8,0,0,0,14,0,0
20190413,서울특별시,11,구로구,11530,세종특별자치시,36,0,5,3,0,0,0,5,0,0,0,0
20190413,서울특별시,11,구로구,11530,경기도,41,20,239,54,52,118,45,36,20,370,100,27
20190413,서울특별시,11,구로구,11530,강원도,42,0,18,4,3,11,0,0,0,12,0,0
20190413,서울특별시,11,구로구,11530,충청북도,43,0,33,6,4,7,0,0,0,20,3,0
20190413,서울특별시,11,구로구,11530,충청남도,44,0,25,5,5,15,5,4,0,17,5,0
20190413,서울특별시,11,구로구,11530,전라북도,45,0,25,0,0,4,0,0,0,29,0,0
20190413,서울특별시,11,구로구,11530,전라남도,46,0,14,3,5,12,5,0,0,6,0,0
20190413,서울특별시,11,구로구,11530,경상북도,47,0,30,0,0,11,5,0,0,6,0,0
20190413,서울특별시,11,구로구,11530,경상남도,48,0,44,3,3,19,7,3,0,29,7,0
20190413,서울특별시,11,구로구,11530,제주특별자치도,50,0,6,0,0,8,0,0,0,3,0,0
20190413,서울특별시,11,강남구,11680,경상남도,48,0,37,20,15,89,8,5,50,88,94,0
20190413,서울특별시,11,은평구,11380,전라남도,46,0,9,0,0,5,0,4,0,9,7,0
20190413,서울특별시,11,은평구,11380,경상북도,47,0,17,0,6,6,0,5,0,23,3,0
20190413,서울특별시,11,은평구,11380,경상남도,48,3,10,4,0,13,0,5,0,45,8,0
20190413,서울특별시,11,은평구,11380,제주특별자치도,50,0,0,0,0,3,0,0,0,11,0,0
20190413,서울특별시,11,강서구,11500,인천광역시,28,8,93,15,23,37,5,635,7,82,28,15
20190413,서울특별시,11,강서구,11500,대구광역시,27,6,83,20,22,33,3,539,5,37,16,6
20190413,서울특별시,11,서대문구,11410,대구광역시,27,5,30,3,5,34,0,0,0,14,4,0
20190413,서울특별시,11,강남구,11680,경상북도,47,0,25,15,4,56,4,9,32,49,71,6
20190413,서울특별시,11,강남구,11680,전라남도,46,0,13,9,5,6,0,4,22,23,45,0
20190413,서울특별시,11,강남구,11680,전라북도,45,0,20,11,5,5,0,6,20,52,55,0
20190413,서울특별시,11,강남구,11680,충청남도,44,0,23,11,5,80,8,4,37,62,61,0
20190413,서울특별시,11,강남구,11680,충청북도,43,0,7,22,3,10,3,0,23,59,11,0
20190413,서울특별시,11,강남구,11680,강원도,42,0,19,10,0,0,4,9,20,42,27,0
20190413,서울특별시,11,강남구,11680,경기도,41,39,323,168,87,127,40,43,168,1013,351,78
20190413,서울특별시,11,강남구,11680,세종특별자치시,36,0,7,6,0,0,0,0,8,13,0,0
20190413,서울특별시,11,강남구,11680,울산광역시,31,0,15,10,3,5,0,0,31,47,31,0
20190413,서울특별시,11,강남구,11680,대전광역시,30,0,17,10,4,11,3,4,20,55,55,0
20190413,서울특별시,11,강남구,11680,광주광역시,29,0,20,9,3,44,0,3,19,54,44,4
20190413,서울특별시,11,강남구,11680,인천광역시,28,4,37,15,24,12,0,5,33,103,58,10
20190413,서울특별시,11,강남구,11680,대구광역시,27,7,36,19,0,6,5,4,34,109,66,4
20190413,서울특별시,11,강남구,11680,부산광역시,26,0,43,39,9,54,3,7,37,112,107,11
20190413,서울특별시,11,노원구,11350,광주광역시,29,0,4,0,4,16,0,4,0,16,7,0
20190413,서울특별시,11,노원구,11350,인천광역시,28,3,20,7,9,13,0,14,3,50,18,7
20190413,서울특별시,11,노원구,11350,대구광역시,27,6,7,12,4,0,0,7,0,34,10,0
20190413,서울특별시,11,노원구,11350,부산광역시,26,0,26,4,5,3,0,8,0,45,20,3
20190413,서울특별시,11,노원구,11350,서울특별시,11,9,115,29,55,64,10,128,25,261,80,14
20190413,서울특별시,11,강남구,11680,서울특별시,11,10,304,191,106,78,17,67,87,563,204,49
20190413,서울특별시,11,서초구,11650,제주특별자치도,50,0,8,0,4,0,0,4,0,0,0,0
20190413,서울특별시,11,서초구,11650,경상남도,48,4,71,10,30,10,0,17,125,18,17,0
20190413,서울특별시,11,서초구,11650,경상북도,47,0,59,5,19,13,0,14,18,16,10,4
20190413,서울특별시,11,서초구,11650,전라남도,46,0,73,3,12,3,0,9,32,4,5,0
20190413,서울특별시,11,서초구,11650,전라북도,45,0,85,3,9,4,0,16,8,17,10,0
20190413,서울특별시,11,서초구,11650,충청남도,44,0,38,4,13,11,4,9,12,20,12,0
20190413,서울특별시,11,서초구,11650,충청북도,43,0,38,16,8,10,0,23,3,34,6,5
20190413,서울특별시,11,서대문구,11410,부산광역시,26,0,34,7,12,47,0,0,0,30,11,0
20190413,서울특별시,11,서대문구,11410,서울특별시,11,7,479,35,53,39,9,51,3,157,32,18
20190413,서울특별시,11,강서구,11500,부산광역시,26,6,104,24,25,36,4,1044,10,62,29,7
20190413,서울특별시,11,서초구,11650,강원도,42,0,30,0,21,5,0,15,0,11,8,4
20190413,서울특별시,11,서초구,11650,경기도,41,35,494,68,140,97,47,121,185,564,199,44
20190413,서울특별시,11,서초구,11650,세종특별자치시,36,0,6,0,4,3,0,0,0,0,0,0
20190413,서울특별시,11,서초구,11650,울산광역시,31,0,42,3,7,7,0,12,10,25,0,0
20190413,서울특별시,11,서초구,11650,대전광역시,30,0,31,3,13,4,0,8,0,17,12,0
20190413,서울특별시,11,서초구,11650,광주광역시,29,0,69,4,12,3,0,8,14,7,6,0
20190413,서울특별시,11,서초구,11650,인천광역시,28,3,61,11,27,13,3,10,5,27,27,7
20190413,서울특별시,11,서초구,11650,대구광역시,27,3,53,7,20,11,0,13,0,19,20,4
20190413,서울특별시,11,서초구,11650,부산광역시,26,5,112,10,19,22,0,17,100,35,32,0
20190413,서울특별시,11,종로구,11110,제주특별자치도,50,0,10,0,0,0,0,0,0,3,0,0
20190413,서울특별시,11,종로구,11110,경상남도,48,0,66,0,5,20,0,0,0,85,14,0
20190413,서울특별시,11,종로구,11110,경상북도,47,0,47,3,0,9,0,4,0,70,8,0
20190413,서울특별시,11,종로구,11110,전라남도,46,0,33,4,7,8,0,4,0,56,5,0
20190413,서울특별시,11,종로구,11110,전라북도,45,0,32,0,5,7,0,11,0,45,3,0
20190413,서울특별시,11,종로구,11110,충청남도,44,0,41,3,14,10,0,8,0,47,6,0
20190413,서울특별시,11,종로구,11110,충청북도,43,4,34,4,5,11,0,5,0,33,3,3
20190413,서울특별시,11,종로구,11110,강원도,42,0,38,3,7,9,0,4,0,39,4,8
20190413,서울특별시,11,종로구,11110,경기도,41,10,371,28,48,114,7,66,5,287,72,12
20190413,서울특별시,11,종로구,11110,세종특별자치시,36,0,8,0,0,0,0,0,0,10,0,0
20190413,서울특별시,11,종로구,11110,울산광역시,31,0,23,0,0,0,0,3,0,40,0,0
20190413,서울특별시,11,종로구,11110,대전광역시,30,0,46,0,4,9,0,4,0,43,5,6
20190413,서울특별시,11,종로구,11110,광주광역시,29,0,30,0,4,9,0,0,0,54,5,0
20190413,서울특별시,11,종로구,11110,인천광역시,28,0,73,3,10,13,0,5,4,21,11,6
20190413,서울특별시,11,종로구,11110,대구광역시,27,0,46,5,7,12,0,0,0,50,8,7
20190413,서울특별시,11,종로구,11110,부산광역시,26,0,60,0,11,12,0,9,0,100,18,0
20190413,서울특별시,11,종로구,11110,서울특별시,11,10,392,30,32,97,8,27,5,84,48,16
20190413,서울특별시,11,강서구,11500,서울특별시,11,13,370,111,109,150,21,2386,27,343,126,36
20190413,서울특별시,11,강서구,11500,제주특별자치도,50,0,8,0,3,7,0,132,0,17,6,4
20190413,서울특별시,11,강서구,11500,경상남도,48,0,82,17,15,31,7,816,10,65,12,11
20190413,서울특별시,11,강서구,11500,경상북도,47,3,46,11,13,26,3,448,11,48,11,4
20190413,서울특별시,11,강서구,11500,전라남도,46,0,39,8,7,18,0,311,0,33,8,0
20190413,서울특별시,11,강서구,11500,전라북도,45,0,24,9,7,21,0,334,12,33,11,0
20190413,서울특별시,11,강서구,11500,충청남도,44,0,48,15,11,29,8,404,5,49,7,8
20190413,서울특별시,11,중랑구,11260,충청북도,43,0,13,10,16,19,0,36,0,31,3,0
20190413,서울특별시,11,중랑구,11260,충청남도,44,0,6,3,11,34,8,61,0,20,4,0
20190413,서울특별시,11,중랑구,11260,전라북도,45,0,7,6,9,19,0,48,0,26,5,0
20190413,서울특별시,11,중랑구,11260,전라남도,46,0,13,6,7,22,0,67,0,18,4,0
20190413,서울특별시,11,중랑구,11260,경상북도,47,0,8,9,16,49,0,90,0,21,8,0
20190413,서울특별시,11,중랑구,11260,경상남도,48,0,13,10,29,78,3,105,0,33,4,0
20190413,서울특별시,11,중랑구,11260,제주특별자치도,50,0,0,3,4,0,0,0,0,9,0,0
20190413,서울특별시,11,중랑구,11260,강원도,42,0,9,5,11,24,0,34,0,15,0,0
20190413,서울특별시,11,중랑구,11260,경기도,41,24,138,55,154,236,15,464,8,426,114,26
20190413,서울특별시,11,중랑구,11260,세종특별자치시,36,0,0,0,0,5,0,8,0,3,0,0
20190413,서울특별시,11,중랑구,11260,울산광역시,31,0,7,0,4,16,0,60,0,27,0,0
20190413,서울특별시,11,중랑구,11260,대전광역시,30,3,5,13,18,29,3,41,0,17,5,0
20190413,서울특별시,11,중랑구,11260,광주광역시,29,0,5,12,23,27,3,37,0,25,0,0
20190413,서울특별시,11,중랑구,11260,인천광역시,28,4,20,6,25,44,3,99,8,48,10,4
20190413,서울특별시,11,중랑구,11260,대구광역시,27,5,18,11,16,42,0,98,0,22,8,0
20190413,서울특별시,11,중랑구,11260,부산광역시,26,0,22,13,26,61,0,84,0,50,17,0
20190413,서울특별시,11,중랑구,11260,서울특별시,11,22,163,56,140,111,15,365,13,175,43,11
20190413,서울특별시,11,도봉구,11320,제주특별자치도,50,0,0,13,0,0,0,0,0,0,0,0
20190413,서울특별시,11,도봉구,11320,경상남도,48,0,15,29,5,4,0,0,8,9,20,4
20190413,서울특별시,11,용산구,11170,제주특별자치도,50,0,4,20,8,0,0,0,0,3,13,0
20190413,서울특별시,11,용산구,11170,경상남도,48,0,38,55,29,5,3,92,0,16,79,11
20190413,서울특별시,11,용산구,11170,경상북도,47,0,7,40,21,7,3,44,5,30,58,9
20190413,서울특별시,11,용산구,11170,전라남도,46,0,7,41,16,3,0,24,3,13,28,3
20190413,서울특별시,11,용산구,11170,전라북도,45,0,6,25,20,0,3,19,0,12,39,6
20190413,서울특별시,11,용산구,11170,충청남도,44,0,12,32,16,9,0,25,3,36,47,8
20190413,서울특별시,11,용산구,11170,충청북도,43,0,7,25,19,5,3,25,0,28,31,7
20190413,서울특별시,11,용산구,11170,강원도,42,0,9,15,15,7,3,19,0,25,39,3
20190413,서울특별시,11,용산구,11170,경기도,41,31,131,196,139,66,29,241,31,367,432,52
20190413,서울특별시,11,용산구,11170,세종특별자치시,36,0,5,5,4,0,0,4,0,3,8,0
20190413,서울특별시,11,용산구,11170,울산광역시,31,0,5,24,9,6,0,17,0,13,28,3
20190413,서울특별시,11,용산구,11170,대전광역시,30,0,5,33,12,9,0,26,0,22,48,5
20190413,서울특별시,11,용산구,11170,광주광역시,29,0,11,26,12,4,0,38,0,17,48,5
20190413,서울특별시,11,용산구,11170,인천광역시,28,3,17,107,37,12,6,61,7,33,60,17
20190413,서울특별시,11,용산구,11170,대구광역시,27,4,19,29,22,5,3,47,3,29,60,6
20190413,서울특별시,11,용산구,11170,부산광역시,26,0,29,381,22,7,5,69,5,28,97,11
20190413,서울특별시,11,용산구,11170,서울특별시,11,18,189,158,113,43,21,186,13,191,392,43
20190413,서울특별시,11,도봉구,11320,경상북도,47,0,13,24,0,0,0,3,7,5,11,0
20190413,서울특별시,11,도봉구,11320,전라남도,46,0,3,22,0,3,0,0,6,5,4,0
20190413,서울특별시,11,강서구,11500,충청북도,43,0,23,16,9,23,0,250,0,74,11,5
20190413,서울특별시,11,도봉구,11320,전라북도,45,0,5,14,0,0,0,0,4,11,4,0
20190413,서울특별시,11,도봉구,11320,충청남도,44,0,11,23,3,0,0,4,5,12,9,0
20190413,서울특별시,11,도봉구,11320,충청북도,43,0,7,17,0,0,0,0,6,18,5,0
20190413,서울특별시,11,도봉구,11320,강원도,42,0,10,23,0,0,0,3,4,6,3,7
20190413,서울특별시,11,도봉구,11320,경기도,41,9,72,180,22,47,10,17,56,362,87,40
20190413,서울특별시,11,도봉구,11320,세종특별자치시,36,0,3,0,0,0,0,0,0,0,0,0
20190413,서울특별시,11,도봉구,11320,울산광역시,31,0,0,11,0,0,0,0,0,6,3,0
20190413,서울특별시,11,도봉구,11320,대전광역시,30,0,0,20,0,0,0,0,5,3,6,0
20190413,서울특별시,11,도봉구,11320,광주광역시,29,0,3,18,0,4,0,0,5,8,7,0
20190413,서울특별시,11,도봉구,11320,인천광역시,28,0,8,30,0,3,0,0,10,25,11,0
20190413,서울특별시,11,도봉구,11320,대구광역시,27,4,9,30,0,4,0,0,6,9,7,0
20190413,서울특별시,11,도봉구,11320,부산광역시,26,0,16,33,4,6,0,0,8,23,14,3
20190413,서울특별시,11,도봉구,11320,서울특별시,11,4,48,173,34,25,4,6,39,141,47,21
20190413,서울특별시,11,광진구,11215,제주특별자치도,50,0,5,0,0,4,0,0,0,9,3,0
20190413,서울특별시,11,양천구,11470,서울특별시,11,6,491,27,34,31,9,49,5,152,60,16
20190413,서울특별시,11,양천구,11470,부산광역시,26,0,44,5,5,6,0,5,3,33,18,0
20190413,서울특별시,11,양천구,11470,대구광역시,27,5,33,0,5,3,0,0,0,13,8,0
20190413,서울특별시,11,양천구,11470,인천광역시,28,0,82,4,6,8,0,13,5,44,6,0
20190413,서울특별시,11,서초구,11650,서울특별시,11,17,409,60,132,91,23,341,19,251,120,30
20190413,서울특별시,11,서대문구,11410,제주특별자치도,50,0,12,0,0,9,0,0,0,0,0,0
20190413,서울특별시,11,서대문구,11410,경상남도,48,0,22,0,10,26,0,0,0,11,6,0
20190413,서울특별시,11,서대문구,11410,경상북도,47,0,28,4,10,24,0,0,0,3,0,0
20190413,서울특별시,11,서대문구,11410,전라남도,46,0,13,5,9,14,0,3,0,3,0,0
20190413,서울특별시,11,서대문구,11410,전라북도,45,0,13,0,3,10,0,5,0,12,0,0
20190413,서울특별시,11,서대문구,11410,충청남도,44,0,36,4,5,19,0,8,0,10,0,0
20190413,서울특별시,11,서대문구,11410,충청북도,43,0,22,8,4,13,0,0,0,22,0,0
20190413,서울특별시,11,서대문구,11410,강원도,42,0,28,0,3,5,0,0,0,5,0,3
20190413,서울특별시,11,서대문구,11410,경기도,41,8,382,34,51,57,23,39,7,297,70,19
20190413,서울특별시,11,서대문구,11410,세종특별자치시,36,0,5,0,0,0,0,0,0,0,0,0
20190413,서울특별시,11,서대문구,11410,울산광역시,31,0,10,3,3,11,0,0,0,10,0,0
20190413,서울특별시,11,서대문구,11410,대전광역시,30,0,28,0,3,19,0,3,0,0,4,0
20190413,서울특별시,11,서대문구,11410,광주광역시,29,0,12,0,4,18,0,0,0,9,4,0
20190413,서울특별시,11,동대문구,11230,인천광역시,28,4,28,12,5,13,0,17,0,55,7,3
20190413,서울특별시,11,동대문구,11230,광주광역시,29,0,12,10,0,4,0,21,0,21,0,0
20190413,서울특별시,11,동대문구,11230,대전광역시,30,0,13,5,0,6,0,9,0,20,6,0
20190413,서울특별시,11,영등포구,11560,제주특별자치도,50,0,3,0,0,0,0,0,0,0,0,0
20190413,서울특별시,11,영등포구,11560,경상남도,48,0,57,5,17,11,0,27,0,18,8,0
20190413,서울특별시,11,영등포구,11560,경상북도,47,13,32,0,4,8,0,12,0,10,5,0
20190413,서울특별시,11,영등포구,11560,전라남도,46,0,25,3,4,9,0,7,0,8,0,0
20190413,서울특별시,11,영등포구,11560,전라북도,45,0,32,0,0,12,0,5,6,20,6,0
20190413,서울특별시,11,영등포구,11560,충청남도,44,0,25,0,8,11,0,15,0,17,8,0
20190413,서울특별시,11,영등포구,11560,충청북도,43,0,28,9,8,0,0,10,0,19,5,0
20190413,서울특별시,11,영등포구,11560,강원도,42,3,28,0,7,6,3,19,0,6,5,0
20190413,서울특별시,11,영등포구,11560,경기도,41,26,275,37,59,76,16,107,21,390,99,31
20190413,서울특별시,11,영등포구,11560,세종특별자치시,36,0,7,0,0,0,0,0,0,4,0,0
20190413,서울특별시,11,영등포구,11560,울산광역시,31,0,18,4,4,5,0,7,0,22,3,0
20190413,서울특별시,11,영등포구,11560,대전광역시,30,0,31,4,6,5,0,7,0,14,5,0
20190413,서울특별시,11,영등포구,11560,광주광역시,29,0,18,5,4,4,0,9,0,13,0,3
20190413,서울특별시,11,영등포구,11560,인천광역시,28,6,55,7,15,15,0,23,0,22,14,8
20190413,서울특별시,11,영등포구,11560,대구광역시,27,6,32,6,8,13,0,18,0,15,8,0
20190413,서울특별시,11,영등포구,11560,부산광역시,26,0,61,7,7,12,0,24,0,34,21,3
20190413,서울특별시,11,영등포구,11560,서울특별시,11,6,240,24,71,48,5,87,9,190,58,20
20190413,서울특별시,11,강북구,11305,제주특별자치도,50,0,0,0,0,0,0,0,0,0,0,0
20190413,서울특별시,11,강북구,11305,경상남도,48,0,6,0,0,9,0,5,0,15,5,0
20190413,서울특별시,11,강북구,11305,경상북도,47,0,4,0,0,5,0,0,0,5,0,0
20190413,서울특별시,11,강북구,11305,전라남도,46,0,7,0,0,0,0,0,0,5,0,0
20190413,서울특별시,11,동대문구,11230,울산광역시,31,0,5,8,0,9,0,0,0,15,0,0
20190413,서울특별시,11,동대문구,11230,세종특별자치시,36,0,0,4,0,0,0,0,0,7,0,0
20190413,서울특별시,11,동대문구,11230,경기도,41,9,123,40,34,85,24,95,12,487,90,23
20190413,서울특별시,11,동대문구,11230,강원도,42,0,4,6,0,3,0,13,0,20,3,3
20190413,서울특별시,11,동대문구,11230,충청북도,43,0,18,7,0,6,0,10,0,18,0,0
20190413,서울특별시,11,동대문구,11230,충청남도,44,0,13,3,6,8,0,10,3,33,5,0
20190413,서울특별시,11,동대문구,11230,전라북도,45,0,7,4,3,5,0,4,0,31,0,0
20190413,서울특별시,11,동대문구,11230,전라남도,46,0,9,4,0,6,0,12,0,30,0,0
20190413,서울특별시,11,동대문구,11230,경상북도,47,0,15,4,3,9,4,15,0,25,7,3
20190413,서울특별시,11,동대문구,11230,경상남도,48,0,24,7,5,13,0,21,0,34,4,4
20190413,서울특별시,11,동대문구,11230,제주특별자치도,50,0,11,0,0,12,0,5,0,7,3,0
20190413,서울특별시,11,서대문구,11410,인천광역시,28,0,87,0,15,6,3,5,0,26,6,7
20190413,서울특별시,11,강서구,11500,강원도,42,3,42,7,12,18,3,283,6,32,8,8
20190413,서울특별시,11,강서구,11500,경기도,41,32,457,127,129,224,30,3191,51,698,186,74
20190413,서울특별시,11,송파구,11710,서울특별시,11,14,384,76,82,101,20,84,8,756,151,55
20190413,서울특별시,11,송파구,11710,부산광역시,26,4,58,11,4,14,0,21,3,168,34,8
20190413,서울특별시,11,송파구,11710,대구광역시,27,13,59,10,5,22,5,10,0,127,14,8
20190413,서울특별시,11,송파구,11710,인천광역시,28,6,57,15,22,25,4,31,9,131,30,17
20190413,서울특별시,11,송파구,11710,광주광역시,29,0,40,9,13,13,0,7,0,92,10,3
20190413,서울특별시,11,송파구,11710,대전광역시,30,0,36,6,3,11,3,7,3,78,15,5
20190413,서울특별시,11,송파구,11710,울산광역시,31,0,22,8,5,6,0,6,0,57,8,3
20190413,서울특별시,11,송파구,11710,세종특별자치시,36,0,3,0,0,0,0,9,3,6,4,0
20190413,서울특별시,11,송파구,11710,경기도,41,35,438,89,89,152,29,111,33,1237,220,104
20190413,서울특별시,11,송파구,11710,강원도,42,0,46,6,0,14,4,16,4,59,5,3
20190413,서울특별시,11,송파구,11710,충청북도,43,0,47,20,5,18,0,9,0,105,12,6
20190413,서울특별시,11,송파구,11710,충청남도,44,4,54,14,6,22,4,13,4,109,6,7
20190413,서울특별시,11,송파구,11710,전라북도,45,7,40,7,5,11,0,40,4,89,7,3
20190413,서울특별시,11,송파구,11710,전라남도,46,0,41,4,6,12,0,13,0,58,10,4
20190413,서울특별시,11,송파구,11710,경상북도,47,0,56,8,10,18,0,18,0,84,12,12
20190413,서울특별시,11,송파구,11710,경상남도,48,0,65,14,8,22,4,21,0,135,18,7
20190413,서울특별시,11,송파구,11710,제주특별자치도,50,0,6,0,0,4,0,0,0,13,3,0
20190413,서울특별시,11,관악구,11620,경상북도,47,0,13,11,4,0,0,5,3,32,3,0
20190413,서울특별시,11,관악구,11620,전라남도,46,0,18,10,0,0,0,3,0,29,0,0
20190413,서울특별시,11,관악구,11620,전라북도,45,0,14,15,4,4,0,0,0,27,4,0
20190413,서울특별시,11,강북구,11305,전라북도,45,0,3,0,0,0,0,0,0,4,0,0
20190413,서울특별시,11,강북구,11305,충청남도,44,0,3,0,0,3,0,0,0,6,3,0
20190413,서울특별시,11,강북구,11305,충청북도,43,0,7,0,3,5,0,0,0,17,0,0
20190413,서울특별시,11,강북구,11305,강원도,42,0,6,3,0,0,0,0,0,0,0,0
20190413,서울특별시,11,강북구,11305,경기도,41,7,80,13,28,45,7,12,9,256,49,14
20190413,서울특별시,11,강북구,11305,세종특별자치시,36,0,0,0,0,0,0,0,0,4,0,0
20190413,서울특별시,11,강북구,11305,울산광역시,31,0,3,0,3,0,0,0,0,7,0,0
20190413,서울특별시,11,강북구,11305,대전광역시,30,0,6,0,0,0,0,0,0,10,3,0
20190413,서울특별시,11,강북구,11305,광주광역시,29,0,5,0,0,0,0,0,0,7,0,0
20190413,서울특별시,11,양천구,11470,광주광역시,29,0,19,0,4,4,0,0,0,7,0,0
20190413,서울특별시,11,양천구,11470,대전광역시,30,0,38,0,5,0,0,3,0,8,0,0
20190413,서울특별시,11,양천구,11470,울산광역시,31,0,12,0,0,0,0,0,0,13,0,0
20190413,서울특별시,11,양천구,11470,세종특별자치시,36,0,8,0,0,0,0,0,0,0,0,0
20190413,서울특별시,11,양천구,11470,경기도,41,18,410,42,44,83,17,40,20,457,90,36
20190413,서울특별시,11,양천구,11470,강원도,42,0,19,0,0,0,0,16,0,3,0,0
20190413,서울특별시,11,양천구,11470,충청북도,43,0,23,11,0,0,0,3,0,21,0,0
20190413,서울특별시,11,양천구,11470,충청남도,44,0,35,0,0,0,3,9,0,9,4,0
20190413,서울특별시,11,양천구,11470,전라북도,45,0,21,4,3,4,3,0,4,16,0,0
20190413,서울특별시,11,양천구,11470,전라남도,46,0,16,3,5,4,0,0,0,7,0,0
20190413,서울특별시,11,양천구,11470,경상북도,47,0,27,6,0,0,0,3,0,10,0,0
20190413,서울특별시,11,양천구,11470,경상남도,48,0,43,4,0,5,0,0,0,13,4,0
20190413,서울특별시,11,양천구,11470,제주특별자치도,50,0,0,0,0,0,0,0,0,0,0,0
20190413,서울특별시,11,마포구,11440,서울특별시,11,15,142,81,1300,266,6,62,13,234,282,23
20190413,서울특별시,11,마포구,11440,부산광역시,26,0,32,11,570,100,0,4,0,31,72,0
20190413,서울특별시,11,마포구,11440,대구광역시,27,9,19,9,305,77,0,5,0,32,66,4
20190413,서울특별시,11,마포구,11440,인천광역시,28,3,28,11,378,82,0,11,6,37,51,5
20190413,서울특별시,11,강북구,11305,인천광역시,28,0,6,0,0,6,0,0,3,16,3,3
20190413,서울특별시,11,강북구,11305,대구광역시,27,0,4,0,0,6,0,0,3,10,0,0
20190413,서울특별시,11,강북구,11305,부산광역시,26,0,15,3,0,4,0,3,3,10,11,0
20190413,서울특별시,11,강북구,11305,서울특별시,11,0,69,7,15,26,5,7,11,119,18,10
20190413,서울특별시,11,동작구,11590,서울특별시,11,4,105,55,38,21,15,11,6,213,55,10
20190413,서울특별시,11,동작구,11590,부산광역시,26,0,30,9,3,5,0,0,0,26,11,0
20190413,서울특별시,11,동작구,11590,대구광역시,27,6,10,14,3,0,0,0,0,10,3,4
20190413,서울특별시,11,동작구,11590,인천광역시,28,0,13,5,8,7,5,0,0,27,3,0
20190413,서울특별시,11,동작구,11590,광주광역시,29,0,8,8,0,0,0,0,0,11,0,0
20190413,서울특별시,11,동작구,11590,대전광역시,30,0,9,4,0,3,0,3,0,9,0,0
20190413,서울특별시,11,동작구,11590,울산광역시,31,0,4,4,0,0,0,0,0,13,0,0
20190413,서울특별시,11,동작구,11590,세종특별자치시,36,0,0,0,0,0,0,0,0,0,0,0
20190413,서울특별시,11,마포구,11440,광주광역시,29,0,12,13,305,40,0,0,0,20,39,5
20190413,서울특별시,11,마포구,11440,대전광역시,30,0,7,12,255,44,0,0,0,19,46,0
20190413,서울특별시,11,마포구,11440,울산광역시,31,0,9,7,130,36,0,0,0,19,14,0
20190413,서울특별시,11,마포구,11440,세종특별자치시,36,0,4,0,46,8,0,0,0,3,9,0
20190414,서울특별시,11,중랑구,11260,충청북도,43,0,3,0,0,0,0,0,0,48,0,0
20190414,서울특별시,11,강동구,11740,서울특별시,11,0,0,156,0,0,0,137,5,0,0,4
20190414,서울특별시,11,강동구,11740,부산광역시,26,0,0,73,0,0,0,25,0,0,0,0
20190414,서울특별시,11,강동구,11740,대구광역시,27,0,0,52,0,0,0,9,0,0,0,0
20190414,서울특별시,11,강동구,11740,인천광역시,28,0,0,48,0,0,0,27,0,0,0,0
20190414,서울특별시,11,강동구,11740,광주광역시,29,0,0,38,0,0,0,10,0,0,0,0
20190414,서울특별시,11,강동구,11740,대전광역시,30,0,0,22,0,0,0,15,0,0,0,0
20190414,서울특별시,11,강동구,11740,울산광역시,31,0,0,23,0,0,0,8,0,0,0,0
20190414,서울특별시,11,강동구,11740,세종특별자치시,36,0,0,7,0,0,0,3,0,0,0,0
20190414,서울특별시,11,강동구,11740,경기도,41,0,0,240,0,0,0,110,6,0,0,0
20190414,서울특별시,11,강동구,11740,강원도,42,0,0,26,0,0,0,20,0,0,0,0
20190414,서울특별시,11,강동구,11740,충청북도,43,0,0,19,0,0,0,15,0,0,0,0
20190414,서울특별시,11,강동구,11740,충청남도,44,0,0,40,0,0,0,15,0,0,0,0
20190414,서울특별시,11,강동구,11740,전라북도,45,0,0,32,0,0,0,8,0,0,0,0
20190414,서울특별시,11,강동구,11740,전라남도,46,0,0,36,0,0,0,19,3,0,0,0
20190414,서울특별시,11,강동구,11740,경상북도,47,0,0,44,0,0,0,16,0,0,0,0
20190414,서울특별시,11,강동구,11740,경상남도,48,0,0,54,0,0,0,24,0,0,0,0
20190414,서울특별시,11,강동구,11740,제주특별자치도,50,0,0,0,0,0,0,0,0,0,0,0
20190414,서울특별시,11,성북구,11290,제주특별자치도,50,0,0,78,0,3,0,3,8,8,4,0
20190414,서울특별시,11,성북구,11290,경상남도,48,0,9,300,4,21,9,8,46,37,25,6
20190414,서울특별시,11,성북구,11290,경상북도,47,0,11,173,0,14,5,8,30,40,26,8
20190414,서울특별시,11,성북구,11290,전라남도,46,0,4,76,0,9,4,0,9,25,16,3
20190414,서울특별시,11,성북구,11290,전라북도,45,0,7,155,6,0,6,3,14,22,14,3
20190414,서울특별시,11,성북구,11290,충청남도,44,0,14,159,0,9,3,7,31,42,21,8
20190414,서울특별시,11,성북구,11290,충청북도,43,0,11,82,0,6,5,3,21,28,17,4
20190414,서울특별시,11,성북구,11290,강원도,42,0,79,141,0,16,6,12,19,25,20,7
20190414,서울특별시,11,성북구,11290,경기도,41,5,108,1074,24,92,29,156,187,253,140,66
20190414,서울특별시,11,성북구,11290,세종특별자치시,36,0,0,46,0,0,3,0,3,6,5,3
20190414,서울특별시,11,성북구,11290,울산광역시,31,0,8,94,0,8,0,5,21,21,11,7
20190414,서울특별시,11,성북구,11290,대전광역시,30,0,8,51,0,12,4,5,9,35,9,5
20190414,서울특별시,11,성북구,11290,광주광역시,29,0,13,36,0,0,5,0,8,31,10,7
20190414,서울특별시,11,성북구,11290,인천광역시,28,0,17,278,6,691,8,23,54,51,34,11
20190414,서울특별시,11,성북구,11290,대구광역시,27,0,17,175,0,14,7,5,29,41,28,10
20190414,서울특별시,11,성북구,11290,부산광역시,26,0,18,220,7,19,8,6,33,52,35,11
20190414,서울특별시,11,성북구,11290,서울특별시,11,6,67,605,12,94,27,117,125,181,160,67
20190414,서울특별시,11,노원구,11350,서울특별시,11,0,3,0,0,0,0,0,0,0,0,0
20190414,서울특별시,11,노원구,11350,부산광역시,26,0,0,0,0,0,0,0,0,0,0,0
20190414,서울특별시,11,노원구,11350,대구광역시,27,0,0,0,0,0,0,0,0,0,0,0
20190414,서울특별시,11,노원구,11350,인천광역시,28,0,0,0,0,0,0,0,0,0,0,0
20190414,서울특별시,11,노원구,11350,광주광역시,29,0,0,0,0,0,0,0,0,0,0,0
20190414,서울특별시,11,노원구,11350,경기도,41,0,0,0,0,0,0,0,0,0,0,0
20190414,서울특별시,11,은평구,11380,제주특별자치도,50,0,0,0,0,0,0,0,0,0,0,0
20190414,서울특별시,11,은평구,11380,경상남도,48,9,0,0,5,14,0,3,0,0,6,19
20190414,서울특별시,11,은평구,11380,경상북도,47,8,0,0,5,16,0,0,0,0,0,10
20190414,서울특별시,11,은평구,11380,전라남도,46,6,0,0,0,6,0,0,0,0,0,7
20190414,서울특별시,11,은평구,11380,전라북도,45,3,0,0,4,10,0,0,0,0,0,14
20190414,서울특별시,11,은평구,11380,충청남도,44,8,4,0,6,8,0,0,0,0,0,9
20190414,서울특별시,11,은평구,11380,충청북도,43,0,0,0,3,7,0,0,0,0,0,6
20190414,서울특별시,11,은평구,11380,강원도,42,3,0,0,0,3,0,0,0,0,0,4
20190414,서울특별시,11,은평구,11380,경기도,41,29,3,0,36,24,0,3,6,0,10,48
20190414,서울특별시,11,은평구,11380,세종특별자치시,36,0,0,0,0,0,0,0,0,0,0,0
20190414,서울특별시,11,은평구,11380,울산광역시,31,0,0,0,0,6,0,0,0,0,0,9
20190414,서울특별시,11,은평구,11380,대전광역시,30,0,0,0,3,5,0,0,0,0,0,3
20190414,서울특별시,11,은평구,11380,광주광역시,29,0,0,0,0,11,0,0,0,0,0,12
20190414,서울특별시,11,은평구,11380,인천광역시,28,6,0,0,4,3,0,0,0,0,0,16
20190414,서울특별시,11,은평구,11380,대구광역시,27,6,0,0,6,4,0,0,0,0,0,9
20190414,서울특별시,11,은평구,11380,부산광역시,26,8,0,0,6,28,0,0,0,0,0,29
20190414,서울특별시,11,은평구,11380,서울특별시,11,22,0,0,16,21,0,0,0,0,3,49
20190414,서울특별시,11,광진구,11215,경상남도,48,0,0,0,0,0,0,7,0,0,0,0
20190414,서울특별시,11,광진구,11215,경상북도,47,0,0,0,0,0,0,13,0,0,0,0
20190414,서울특별시,11,광진구,11215,전라남도,46,0,0,0,0,0,0,8,0,0,0,0
20190414,서울특별시,11,광진구,11215,전라북도,45,0,0,0,0,0,0,4,0,0,0,0
20190414,서울특별시,11,광진구,11215,충청남도,44,0,0,0,0,0,0,7,0,0,0,0
20190414,서울특별시,11,광진구,11215,충청북도,43,0,0,0,0,0,0,11,0,0,0,0
20190414,서울특별시,11,광진구,11215,강원도,42,0,0,0,0,0,0,12,0,0,0,0
20190414,서울특별시,11,광진구,11215,경기도,41,0,0,0,0,0,0,37,0,0,0,0
20190414,서울특별시,11,광진구,11215,세종특별자치시,36,0,0,0,0,0,0,0,0,0,0,0
20190414,서울특별시,11,광진구,11215,울산광역시,31,0,0,0,0,0,0,5,0,0,0,0
20190414,서울특별시,11,광진구,11215,대전광역시,30,0,0,0,0,0,0,4,0,0,0,0
20190414,서울특별시,11,광진구,11215,광주광역시,29,0,0,0,0,0,0,4,0,0,0,0
20190414,서울특별시,11,광진구,11215,인천광역시,28,0,0,0,0,0,0,16,0,0,0,0
20190414,서울특별시,11,광진구,11215,대구광역시,27,0,0,0,0,0,0,9,0,0,0,0
20190414,서울특별시,11,광진구,11215,부산광역시,26,0,0,0,0,0,0,5,0,0,0,0
20190414,서울특별시,11,광진구,11215,서울특별시,11,0,3,0,0,0,0,27,0,0,0,0
20190414,서울특별시,11,송파구,11710,경상남도,48,0,0,0,0,0,0,0,0,0,0,0
20190414,서울특별시,11,송파구,11710,경상북도,47,0,0,0,0,0,0,0,0,0,0,0
20190414,서울특별시,11,송파구,11710,전라남도,46,0,0,0,0,0,0,0,0,0,0,0
20190414,서울특별시,11,송파구,11710,전라북도,45,0,0,0,0,0,0,0,0,0,0,0
20190414,서울특별시,11,송파구,11710,충청남도,44,0,0,0,0,0,0,0,0,0,0,0
20190414,서울특별시,11,송파구,11710,충청북도,43,0,0,0,0,0,0,0,0,0,0,0
20190414,서울특별시,11,송파구,11710,강원도,42,0,3,0,0,0,0,0,0,0,0,0
20190414,서울특별시,11,송파구,11710,경기도,41,0,20,0,3,28,0,883,8,8,6,20
20190414,서울특별시,11,송파구,11710,세종특별자치시,36,0,0,0,0,0,0,0,0,0,0,0
20190414,서울특별시,11,송파구,11710,대전광역시,30,0,0,0,0,0,0,0,0,0,0,0
20190414,서울특별시,11,송파구,11710,광주광역시,29,0,0,0,0,0,0,0,0,0,0,0
20190414,서울특별시,11,송파구,11710,인천광역시,28,0,0,0,0,0,0,88,0,0,0,3
20190414,서울특별시,11,송파구,11710,대구광역시,27,0,0,0,0,0,0,0,0,0,0,0
20190414,서울특별시,11,송파구,11710,부산광역시,26,0,0,0,0,0,0,0,0,0,0,0
20190414,서울특별시,11,송파구,11710,서울특별시,11,0,18,0,4,28,0,1068,8,5,9,32
20190414,서울특별시,11,도봉구,11320,제주특별자치도,50,0,0,0,0,0,0,3,0,0,0,0
20190414,서울특별시,11,도봉구,11320,경상남도,48,0,0,0,0,0,0,98,40,0,0,0
20190414,서울특별시,11,도봉구,11320,경상북도,47,0,0,0,0,0,0,77,22,3,0,0
20190414,서울특별시,11,도봉구,11320,전라남도,46,0,0,0,0,0,0,35,9,0,0,0
20190414,서울특별시,11,도봉구,11320,전라북도,45,0,0,0,0,0,0,49,16,0,0,0
20190414,서울특별시,11,도봉구,11320,충청남도,44,0,0,0,0,0,0,65,22,0,0,0
20190414,서울특별시,11,도봉구,11320,충청북도,43,0,0,0,0,0,0,48,8,0,0,0
20190414,서울특별시,11,도봉구,11320,강원도,42,0,0,0,0,0,0,28,10,4,0,0
20190414,서울특별시,11,도봉구,11320,경기도,41,0,0,0,0,0,0,429,163,20,0,0
20190414,서울특별시,11,도봉구,11320,세종특별자치시,36,0,0,0,0,0,0,14,6,0,0,0
20190414,서울특별시,11,도봉구,11320,울산광역시,31,0,0,0,0,0,0,37,16,0,0,0
20190414,서울특별시,11,도봉구,11320,대전광역시,30,0,0,0,0,0,0,41,11,0,0,0
20190414,서울특별시,11,도봉구,11320,광주광역시,29,0,0,0,0,0,0,45,11,0,0,0
20190414,서울특별시,11,도봉구,11320,인천광역시,28,0,0,0,0,0,0,114,29,5,0,0
20190414,서울특별시,11,도봉구,11320,대구광역시,27,0,0,0,0,0,0,74,17,0,0,0
20190414,서울특별시,11,도봉구,11320,부산광역시,26,0,0,0,0,0,0,93,34,4,0,0
20190414,서울특별시,11,도봉구,11320,서울특별시,11,0,0,0,0,0,0,334,87,7,0,0
20190414,서울특별시,11,마포구,11440,제주특별자치도,50,0,0,0,71,0,0,0,0,0,0,0
20190414,서울특별시,11,마포구,11440,경상남도,48,0,0,0,67,3,0,0,0,0,0,0
20190414,서울특별시,11,마포구,11440,경상북도,47,0,0,0,57,0,0,0,0,0,0,0
20190414,서울특별시,11,마포구,11440,전라남도,46,0,0,0,25,0,0,0,0,0,0,0
20190414,서울특별시,11,마포구,11440,전라북도,45,0,0,0,18,0,0,0,0,0,0,0
20190414,서울특별시,11,마포구,11440,충청남도,44,0,0,0,56,0,0,0,0,0,0,0
20190414,서울특별시,11,마포구,11440,충청북도,43,0,0,0,41,0,0,0,0,0,0,0
20190414,서울특별시,11,마포구,11440,강원도,42,0,0,0,58,0,0,0,0,0,0,0
20190414,서울특별시,11,마포구,11440,경기도,41,0,8,0,773,4,0,4,0,0,0,0
20190414,서울특별시,11,마포구,11440,세종특별자치시,36,0,0,0,6,0,0,0,0,0,0,0
20190414,서울특별시,11,마포구,11440,울산광역시,31,0,0,0,21,0,0,0,0,0,0,0
20190414,서울특별시,11,마포구,11440,대전광역시,30,0,0,0,74,0,0,0,0,0,0,0
20190414,서울특별시,11,마포구,11440,광주광역시,29,0,0,0,42,0,0,0,0,0,0,0
20190414,서울특별시,11,마포구,11440,인천광역시,28,0,3,0,273,0,0,0,0,0,0,0
20190414,서울특별시,11,마포구,11440,대구광역시,27,0,0,0,19,3,0,0,0,0,0,0
20190414,서울특별시,11,마포구,11440,부산광역시,26,0,0,0,67,4,0,0,0,0,0,0
20190414,서울특별시,11,마포구,11440,서울특별시,11,0,7,0,554,7,0,6,0,0,0,0
20190414,서울특별시,11,강북구,11305,제주특별자치도,50,0,0,0,0,0,0,0,0,0,0,0
20190414,서울특별시,11,강북구,11305,경상남도,48,0,5,0,0,0,0,0,0,0,0,0
20190414,서울특별시,11,강북구,11305,경상북도,47,0,11,0,0,0,0,0,0,0,0,0
20190414,서울특별시,11,강북구,11305,전라남도,46,0,8,0,0,0,0,0,0,0,0,0
20190414,서울특별시,11,강북구,11305,전라북도,45,0,0,0,0,0,0,0,0,0,0,0
20190414,서울특별시,11,강북구,11305,충청남도,44,0,5,0,0,0,0,0,0,0,0,0
20190414,서울특별시,11,강북구,11305,충청북도,43,0,4,0,0,0,0,0,0,0,0,0
20190414,서울특별시,11,강북구,11305,강원도,42,0,9,0,0,0,0,0,0,0,0,0
20190414,서울특별시,11,강북구,11305,경기도,41,0,5,0,0,0,0,0,0,0,0,0
20190414,서울특별시,11,강북구,11305,울산광역시,31,0,0,0,0,0,0,0,0,0,0,0
20190414,서울특별시,11,강북구,11305,대전광역시,30,0,3,0,0,0,0,0,0,0,0,0
20190414,서울특별시,11,강북구,11305,인천광역시,28,0,0,0,0,0,0,0,0,0,0,0
20190414,서울특별시,11,강북구,11305,대구광역시,27,0,0,0,0,0,0,0,0,0,0,0
20190414,서울특별시,11,강북구,11305,부산광역시,26,0,0,0,0,0,0,0,0,0,0,0
20190414,서울특별시,11,강북구,11305,서울특별시,11,0,0,0,0,0,0,3,0,0,0,0
20190414,서울특별시,11,금천구,11545,서울특별시,11,38,46,0,10,67,0,1284,16,4,10,0
20190414,서울특별시,11,금천구,11545,부산광역시,26,0,0,0,0,0,0,483,0,0,0,0
20190414,서울특별시,11,금천구,11545,대구광역시,27,0,0,0,0,0,0,314,0,0,0,0
20190414,서울특별시,11,금천구,11545,인천광역시,28,0,0,0,0,0,0,325,0,0,0,0
20190414,서울특별시,11,금천구,11545,광주광역시,29,0,0,0,0,0,0,247,0,0,0,0
20190414,서울특별시,11,금천구,11545,대전광역시,30,0,0,0,0,0,0,192,0,0,0,0
20190414,서울특별시,11,금천구,11545,울산광역시,31,0,0,0,0,0,0,127,0,0,0,0
20190414,서울특별시,11,금천구,11545,세종특별자치시,36,0,0,0,0,0,0,56,0,0,0,0
20190414,서울특별시,11,금천구,11545,경기도,41,18,17,0,3,24,0,1601,3,0,8,0
20190414,서울특별시,11,금천구,11545,강원도,42,0,0,0,0,0,0,133,0,0,0,0
20190414,서울특별시,11,금천구,11545,충청북도,43,0,0,0,0,0,0,144,0,0,0,0
20190414,서울특별시,11,금천구,11545,충청남도,44,0,0,0,0,0,0,204,0,0,0,0
20190414,서울특별시,11,금천구,11545,전라북도,45,0,0,0,0,0,0,193,0,0,0,0
20190414,서울특별시,11,금천구,11545,전라남도,46,0,0,0,0,0,0,167,0,0,0,0
20190414,서울특별시,11,금천구,11545,경상북도,47,0,0,0,0,0,0,267,0,0,4,0
20190414,서울특별시,11,금천구,11545,경상남도,48,0,0,0,0,0,0,419,0,0,0,0
20190414,서울특별시,11,금천구,11545,제주특별자치도,50,0,0,0,0,0,0,8,0,0,4,0
20190414,서울특별시,11,영등포구,11560,서울특별시,11,0,3,0,0,0,0,0,0,0,0,0
20190414,서울특별시,11,영등포구,11560,경기도,41,0,4,0,0,0,0,0,0,0,0,0
20190414,서울특별시,11,영등포구,11560,충청북도,43,0,0,0,0,0,0,0,0,0,0,0
20190414,서울특별시,11,동대문구,11230,경상북도,47,0,0,0,0,0,0,0,0,0,0,0
20190414,서울특별시,11,동대문구,11230,전라남도,46,0,0,0,0,0,0,0,0,0,0,0
20190414,서울특별시,11,동대문구,11230,충청남도,44,0,0,0,0,0,0,0,0,0,0,0
20190414,서울특별시,11,동대문구,11230,충청북도,43,0,0,0,0,0,0,0,0,0,0,0
20190414,서울특별시,11,동대문구,11230,경기도,41,0,0,0,0,3,0,0,0,0,0,0
20190414,서울특별시,11,동대문구,11230,인천광역시,28,0,0,0,0,0,0,0,0,0,0,0
20190414,서울특별시,11,동대문구,11230,부산광역시,26,0,0,0,0,0,0,0,0,0,0,0
20190414,서울특별시,11,동대문구,11230,서울특별시,11,0,0,0,0,0,0,0,0,0,0,0
20190414,서울특별시,11,종로구,11110,경기도,41,0,0,0,0,0,0,0,0,0,0,0
20190414,서울특별시,11,종로구,11110,서울특별시,11,0,3,0,0,0,0,0,0,0,0,0
20190414,서울특별시,11,성동구,11200,제주특별자치도,50,0,6,0,0,0,0,0,0,0,0,0
20190414,서울특별시,11,성동구,11200,경상남도,48,0,4,0,0,0,0,0,0,0,0,0
20190414,서울특별시,11,성동구,11200,경상북도,47,0,0,0,0,0,0,0,0,0,0,0
20190414,서울특별시,11,성동구,11200,전라남도,46,0,0,0,0,0,0,0,0,0,0,0
20190414,서울특별시,11,성동구,11200,전라북도,45,0,5,0,0,0,0,0,0,0,0,0
20190414,서울특별시,11,성동구,11200,충청남도,44,0,7,0,0,0,0,0,0,0,0,0
20190414,서울특별시,11,성동구,11200,충청북도,43,0,6,0,0,0,0,0,0,0,0,0
20190414,서울특별시,11,성동구,11200,강원도,42,0,3,0,0,0,0,0,0,0,0,0
20190414,서울특별시,11,성동구,11200,경기도,41,0,105,0,0,0,0,0,0,0,0,0
20190414,서울특별시,11,성동구,11200,세종특별자치시,36,0,3,0,0,0,0,0,0,0,0,0
20190414,서울특별시,11,성동구,11200,울산광역시,31,0,0,0,0,0,0,0,0,0,0,0
20190414,서울특별시,11,성동구,11200,대전광역시,30,0,4,0,0,0,0,0,0,0,0,0
20190414,서울특별시,11,성동구,11200,광주광역시,29,0,3,0,0,0,0,0,0,0,0,0
20190414,서울특별시,11,성동구,11200,인천광역시,28,0,26,0,0,0,0,0,0,0,0,0
20190414,서울특별시,11,성동구,11200,대구광역시,27,0,6,0,0,0,0,0,0,0,0,0
20190414,서울특별시,11,성동구,11200,부산광역시,26,0,13,0,0,0,0,0,0,0,0,0
20190414,서울특별시,11,성동구,11200,서울특별시,11,0,180,0,0,0,0,0,0,0,0,0
20190414,서울특별시,11,서초구,11650,서울특별시,11,0,883,0,0,19,0,248,0,30,20,0
20190414,서울특별시,11,서초구,11650,부산광역시,26,0,225,0,0,0,0,0,0,9,12,0
20190414,서울특별시,11,서초구,11650,대구광역시,27,0,212,0,0,0,0,0,0,5,7,0
20190414,서울특별시,11,서초구,11650,인천광역시,28,0,124,0,0,0,0,0,0,16,6,0
20190414,서울특별시,11,서초구,11650,광주광역시,29,0,103,0,0,0,0,0,0,5,5,0
20190414,서울특별시,11,서초구,11650,대전광역시,30,0,97,0,0,0,0,0,0,7,7,0
20190414,서울특별시,11,서초구,11650,울산광역시,31,0,79,0,0,0,0,0,0,5,4,0
20190414,서울특별시,11,서초구,11650,세종특별자치시,36,0,21,0,0,0,0,0,0,0,0,0
20190414,서울특별시,11,서초구,11650,경기도,41,0,1040,0,0,0,0,0,0,56,35,0
20190414,서울특별시,11,서초구,11650,강원도,42,0,78,0,0,0,0,0,0,4,9,0
20190414,서울특별시,11,서초구,11650,충청북도,43,0,73,0,0,0,0,0,0,4,7,0
20190414,서울특별시,11,서초구,11650,충청남도,44,0,81,0,0,0,0,0,0,12,6,0
20190414,서울특별시,11,서초구,11650,전라북도,45,0,126,0,0,0,0,0,0,7,3,0
20190414,서울특별시,11,서초구,11650,전라남도,46,0,75,0,0,0,0,0,0,0,4,0
20190414,서울특별시,11,서초구,11650,경상북도,47,0,134,0,0,0,0,0,0,4,11,0
20190414,서울특별시,11,서초구,11650,경상남도,48,0,156,0,0,0,0,0,0,10,11,0
20190414,서울특별시,11,서초구,11650,제주특별자치도,50,0,46,0,0,0,0,0,0,0,0,0
20190414,서울특별시,11,양천구,11470,서울특별시,11,0,0,0,0,0,0,3,0,7,0,0
20190414,서울특별시,11,양천구,11470,경기도,41,0,0,0,0,0,0,0,0,0,0,0
20190414,서울특별시,11,강남구,11680,제주특별자치도,50,0,0,0,115,0,0,0,0,0,0,0
20190414,서울특별시,11,강남구,11680,경상남도,48,0,0,0,348,0,0,0,10,0,0,0
20190414,서울특별시,11,강남구,11680,경상북도,47,0,0,0,278,0,0,0,9,0,0,0
20190414,서울특별시,11,강남구,11680,전라남도,46,0,0,0,203,0,0,0,10,0,0,0
20190414,서울특별시,11,강남구,11680,전라북도,45,0,0,0,194,0,0,0,6,0,0,0
20190414,서울특별시,11,강남구,11680,충청남도,44,0,0,0,205,0,0,0,8,0,0,0
20190414,서울특별시,11,강남구,11680,충청북도,43,0,0,0,162,0,0,0,6,0,0,0
20190414,서울특별시,11,강남구,11680,강원도,42,0,0,0,165,0,0,0,0,0,0,0
20190414,서울특별시,11,강남구,11680,경기도,41,0,12,0,1575,0,0,0,52,12,0,0
20190414,서울특별시,11,강남구,11680,세종특별자치시,36,0,0,0,30,0,0,0,0,0,0,0
20190414,서울특별시,11,강남구,11680,울산광역시,31,0,0,0,140,0,0,0,3,0,0,0
20190414,서울특별시,11,강남구,11680,대전광역시,30,0,0,0,147,0,0,0,6,0,0,0
20190414,서울특별시,11,강남구,11680,광주광역시,29,0,0,0,186,0,0,0,5,0,0,0
20190414,서울특별시,11,강남구,11680,인천광역시,28,0,3,0,334,0,0,0,5,0,0,0
20190414,서울특별시,11,강남구,11680,대구광역시,27,0,0,0,265,0,0,0,8,0,0,0
20190414,서울특별시,11,강남구,11680,부산광역시,26,0,0,0,405,0,0,0,4,3,0,0
20190414,서울특별시,11,강남구,11680,서울특별시,11,0,30,6,1040,0,0,0,19,13,0,0
20190414,서울특별시,11,강서구,11500,제주특별자치도,50,0,0,0,0,0,0,6,0,0,0,0
20190414,서울특별시,11,강서구,11500,경상남도,48,14,3,0,60,108,4,74,0,232,190,195
20190414,서울특별시,11,강서구,11500,경상북도,47,29,4,3,113,247,7,103,0,418,386,387
20190414,서울특별시,11,강서구,11500,전라남도,46,4,3,0,56,126,6,58,0,215,202,211
20190414,서울특별시,11,강서구,11500,전라북도,45,3,0,0,48,84,4,48,0,147,121,139
20190414,서울특별시,11,강서구,11500,충청남도,44,29,0,0,95,218,4,74,0,316,336,298
20190414,서울특별시,11,강서구,11500,충청북도,43,14,3,0,72,157,0,57,0,231,237,218
20190414,서울특별시,11,강서구,11500,강원도,42,31,5,0,165,324,7,134,0,510,559,481
20190414,서울특별시,11,강서구,11500,경기도,41,13,11,0,95,182,4,293,0,263,305,283
20190414,서울특별시,11,강서구,11500,세종특별자치시,36,0,0,0,15,32,0,11,0,26,36,22
20190414,서울특별시,11,강서구,11500,울산광역시,31,0,0,0,0,0,0,21,0,0,0,0
20190414,서울특별시,11,강서구,11500,대전광역시,30,0,0,0,0,0,0,20,0,0,0,0
20190414,서울특별시,11,강서구,11500,광주광역시,29,0,0,0,0,0,0,17,0,0,0,0
20190414,서울특별시,11,강서구,11500,인천광역시,28,0,4,0,0,0,0,42,0,0,0,3
20190414,서울특별시,11,강서구,11500,대구광역시,27,0,0,0,0,0,0,28,0,0,0,0
20190414,서울특별시,11,강서구,11500,부산광역시,26,0,0,0,0,0,0,61,0,0,0,0
20190414,서울특별시,11,강서구,11500,서울특별시,11,0,10,0,0,8,0,211,0,10,7,5
20190414,서울특별시,11,동작구,11590,서울특별시,11,0,11,0,0,0,0,0,0,0,0,0
20190414,서울특별시,11,동작구,11590,광주광역시,29,0,0,0,0,0,0,0,0,0,0,0
20190414,서울특별시,11,동작구,11590,경기도,41,0,5,0,0,0,0,0,0,0,0,0
20190414,서울특별시,11,동작구,11590,충청남도,44,0,0,0,0,0,0,0,0,0,0,0
20190414,서울특별시,11,동작구,11590,전라북도,45,0,0,0,0,0,0,0,0,0,4,0
20190414,서울특별시,11,동작구,11590,전라남도,46,0,0,0,0,0,0,0,0,0,0,0
20190414,서울특별시,11,동작구,11590,경상북도,47,0,0,0,0,0,0,0,0,0,0,0
20190414,서울특별시,11,구로구,11530,제주특별자치도,50,0,6,0,0,0,0,0,0,16,4,0
20190414,서울특별시,11,구로구,11530,경상남도,48,0,57,0,0,0,0,0,0,91,44,0
20190414,서울특별시,11,구로구,11530,경상북도,47,0,39,0,4,0,0,0,0,70,22,0
20190414,서울특별시,11,구로구,11530,전라남도,46,0,29,0,0,0,0,0,0,55,23,0
20190414,서울특별시,11,구로구,11530,전라북도,45,0,30,0,0,0,0,0,0,48,17,0
20190414,서울특별시,11,구로구,11530,충청남도,44,0,41,0,3,0,0,0,0,82,25,0
20190414,서울특별시,11,구로구,11530,충청북도,43,0,44,0,0,0,0,0,0,50,17,0
20190414,서울특별시,11,구로구,11530,강원도,42,0,30,0,3,0,0,0,0,51,13,0
20190414,서울특별시,11,구로구,11530,경기도,41,0,315,0,14,3,0,0,0,392,160,0
20190414,서울특별시,11,구로구,11530,세종특별자치시,36,0,15,0,0,0,0,0,0,18,6,0
20190414,서울특별시,11,구로구,11530,울산광역시,31,0,23,0,3,0,0,0,0,36,12,0
20190414,서울특별시,11,구로구,11530,대전광역시,30,0,30,0,0,0,0,0,0,46,22,0
20190414,서울특별시,11,구로구,11530,광주광역시,29,0,38,0,3,0,0,0,0,40,21,0
20190414,서울특별시,11,구로구,11530,인천광역시,28,0,72,0,0,0,0,0,0,87,45,0
20190414,서울특별시,11,구로구,11530,대구광역시,27,0,41,0,0,0,0,0,0,56,15,0
20190414,서울특별시,11,구로구,11530,부산광역시,26,0,55,0,3,0,0,0,0,79,39,0
20190414,서울특별시,11,구로구,11530,서울특별시,11,0,306,0,13,0,0,0,0,301,145,0
20190414,서울특별시,11,영등포구,11560,충청남도,44,0,0,0,0,0,0,0,0,0,0,0
20190414,서울특별시,11,중구,11140,서울특별시,11,0,122,0,3,7,0,4,0,0,6,12
20190414,서울특별시,11,중구,11140,부산광역시,26,0,0,0,0,4,0,0,0,0,7,5
20190414,서울특별시,11,중구,11140,대구광역시,27,0,0,0,0,0,0,0,0,0,0,5
20190414,서울특별시,11,중구,11140,인천광역시,28,0,8,0,0,4,0,0,0,0,0,3
20190414,서울특별시,11,중구,11140,광주광역시,29,0,0,0,0,0,0,0,0,0,0,0
20190414,서울특별시,11,중구,11140,대전광역시,30,0,3,0,0,0,0,0,0,0,0,0
20190414,서울특별시,11,중구,11140,울산광역시,31,0,3,0,0,0,0,0,0,0,0,0
20190414,서울특별시,11,중구,11140,세종특별자치시,36,0,0,0,0,0,0,0,0,0,0,0
20190414,서울특별시,11,중구,11140,경기도,41,0,48,0,8,9,0,0,3,5,0,17
20190414,서울특별시,11,중구,11140,강원도,42,0,3,0,0,0,0,0,0,0,0,0
20190414,서울특별시,11,중구,11140,충청북도,43,0,8,0,0,0,0,0,0,0,0,0
20190414,서울특별시,11,중구,11140,충청남도,44,0,8,0,0,0,0,0,0,0,0,0
20190414,서울특별시,11,중구,11140,전라북도,45,0,5,0,0,0,0,0,0,0,0,0
20190414,서울특별시,11,중구,11140,전라남도,46,0,3,0,0,3,0,0,0,0,0,0
20190414,서울특별시,11,중구,11140,경상북도,47,0,11,0,4,0,0,0,0,0,0,0
20190414,서울특별시,11,중구,11140,경상남도,48,0,6,0,0,4,0,0,0,0,3,0
20190414,서울특별시,11,중구,11140,제주특별자치도,50,0,0,0,0,0,0,0,0,0,0,0
20190414,서울특별시,11,관악구,11620,제주특별자치도,50,0,0,0,0,0,0,0,0,0,0,0
20190414,서울특별시,11,관악구,11620,경상남도,48,0,0,0,0,0,0,4,0,0,0,0
20190414,서울특별시,11,관악구,11620,전라남도,46,0,0,0,0,0,0,0,0,0,0,0
20190414,서울특별시,11,관악구,11620,전라북도,45,0,0,0,0,0,0,0,0,0,0,0
20190414,서울특별시,11,관악구,11620,충청남도,44,0,0,0,0,0,0,0,0,0,0,0
20190414,서울특별시,11,관악구,11620,충청북도,43,0,0,0,0,0,0,0,0,0,0,0
20190414,서울특별시,11,용산구,11170,서울특별시,11,0,75,0,0,0,0,0,0,0,0,0
20190414,서울특별시,11,용산구,11170,부산광역시,26,0,5,0,0,0,0,0,0,0,0,0
20190414,서울특별시,11,용산구,11170,대구광역시,27,0,0,0,0,0,0,0,0,0,0,0
20190414,서울특별시,11,용산구,11170,인천광역시,28,0,3,0,0,0,0,0,0,0,0,0
20190414,서울특별시,11,용산구,11170,광주광역시,29,0,0,0,0,0,0,0,0,0,0,0
20190414,서울특별시,11,용산구,11170,대전광역시,30,0,5,0,0,0,0,0,0,0,0,0
20190414,서울특별시,11,용산구,11170,경기도,41,0,47,0,0,0,0,0,0,0,0,0
20190414,서울특별시,11,용산구,11170,강원도,42,0,0,0,0,0,0,0,0,0,0,0
20190414,서울특별시,11,용산구,11170,충청북도,43,0,0,0,0,0,0,0,0,0,0,0
20190414,서울특별시,11,용산구,11170,충청남도,44,0,3,0,0,0,0,0,0,0,0,0
20190414,서울특별시,11,용산구,11170,전라북도,45,0,0,0,0,0,0,0,0,0,0,0
20190414,서울특별시,11,용산구,11170,경상남도,48,0,5,0,0,0,0,0,0,0,0,0
20190414,서울특별시,11,서대문구,11410,서울특별시,11,0,0,0,0,0,0,0,0,0,0,0
20190414,서울특별시,11,서대문구,11410,부산광역시,26,0,0,0,0,0,0,0,0,0,0,0
20190414,서울특별시,11,서대문구,11410,광주광역시,29,0,0,0,0,0,0,0,0,0,0,0
20190414,서울특별시,11,서대문구,11410,울산광역시,31,0,0,0,0,0,0,0,0,0,0,0
20190414,서울특별시,11,서대문구,11410,경기도,41,0,0,0,0,0,0,0,0,5,0,0
20190414,서울특별시,11,서대문구,11410,경상북도,47,0,0,0,0,0,0,0,0,0,0,0
20190414,서울특별시,11,서대문구,11410,경상남도,48,0,0,0,0,0,0,0,0,0,0,0
20190414,서울특별시,11,관악구,11620,강원도,42,0,0,0,0,3,0,0,0,0,0,0
20190414,서울특별시,11,관악구,11620,경기도,41,4,9,0,5,0,0,3,0,0,0,0
20190414,서울특별시,11,관악구,11620,세종특별자치시,36,0,0,0,0,0,0,0,0,0,0,0
20190414,서울특별시,11,관악구,11620,울산광역시,31,0,0,0,0,0,0,0,0,0,0,0
20190414,서울특별시,11,관악구,11620,대전광역시,30,0,0,0,0,0,0,0,0,0,0,0
20190414,서울특별시,11,관악구,11620,광주광역시,29,0,0,0,0,0,0,0,0,0,0,0
20190414,서울특별시,11,관악구,11620,인천광역시,28,0,0,0,0,3,0,0,0,0,0,0
20190414,서울특별시,11,관악구,11620,대구광역시,27,0,0,0,0,0,0,0,0,0,0,0
20190414,서울특별시,11,관악구,11620,부산광역시,26,0,0,0,0,0,0,0,0,0,0,0
20190414,서울특별시,11,관악구,11620,서울특별시,11,0,4,0,0,0,0,0,0,0,0,0
20190414,서울특별시,11,중랑구,11260,서울특별시,11,0,19,0,0,0,0,3,5,453,7,6
20190414,서울특별시,11,중랑구,11260,부산광역시,26,0,5,0,3,0,0,0,0,121,3,3
20190414,서울특별시,11,중랑구,11260,대구광역시,27,0,4,0,0,0,0,0,0,101,0,0
20190414,서울특별시,11,중랑구,11260,인천광역시,28,0,4,0,0,0,0,0,0,128,0,0
20190414,서울특별시,11,중랑구,11260,광주광역시,29,0,0,0,0,0,0,0,0,58,0,0
20190414,서울특별시,11,중랑구,11260,대전광역시,30,0,0,0,0,0,0,0,0,51,0,3
20190414,서울특별시,11,중랑구,11260,울산광역시,31,0,4,0,0,0,0,0,0,44,0,0
20190414,서울특별시,11,중랑구,11260,세종특별자치시,36,0,0,0,0,0,0,0,0,13,0,0
20190414,서울특별시,11,중랑구,11260,경기도,41,0,20,0,0,0,0,0,4,590,4,9
20190414,서울특별시,11,중랑구,11260,강원도,42,0,0,0,0,0,0,0,0,38,0,0
20190414,서울특별시,11,중랑구,11260,충청남도,44,0,3,0,0,0,0,0,0,92,0,0
20190414,서울특별시,11,중랑구,11260,전라북도,45,0,0,0,0,0,0,0,0,45,0,0
20190414,서울특별시,11,중랑구,11260,전라남도,46,0,5,0,0,0,0,0,0,42,0,0
20190414,서울특별시,11,중랑구,11260,경상북도,47,0,4,0,0,0,0,0,0,69,0,0
20190414,서울특별시,11,중랑구,11260,경상남도,48,0,4,0,0,0,0,0,0,91,0,3
20190414,서울특별시,11,중랑구,11260,제주특별자치도,50,0,0,0,0,0,0,0,0,13,0,0
20190415,서울특별시,11,구로구,11530,전라북도,45,12,332,38,138,339,20,229,28,236,131,214
20190415,서울특별시,11,구로구,11530,충청남도,44,38,373,36,189,501,45,308,143,288,144,268
20190415,서울특별시,11,관악구,11620,세종특별자치시,36,6,29,10,13,27,3,7,3,52,8,44
20190415,서울특별시,11,관악구,11620,경기도,41,313,1229,435,603,960,91,377,90,2217,524,1746
20190415,서울특별시,11,관악구,11620,강원도,42,16,132,34,71,106,6,45,6,184,50,184
20190415,서울특별시,11,관악구,11620,충청북도,43,26,124,49,49,103,6,44,19,213,53,190
20190415,서울특별시,11,관악구,11620,충청남도,44,33,206,61,60,125,9,54,12,265,57,246
20190415,서울특별시,11,관악구,11620,전라북도,45,26,148,55,56,94,8,43,9,200,48,200
20190415,서울특별시,11,관악구,11620,전라남도,46,19,106,24,53,96,8,49,8,184,43,164
20190415,서울특별시,11,관악구,11620,경상북도,47,38,201,59,104,146,8,44,14,275,84,298
20190415,서울특별시,11,관악구,11620,경상남도,48,47,289,77,108,212,10,77,17,354,92,379
20190415,서울특별시,11,성동구,11200,전라북도,45,26,410,268,116,229,50,142,31,593,146,90
20190415,서울특별시,11,노원구,11350,제주특별자치도,50,7,30,4,8,34,0,27,6,70,14,6
20190415,서울특별시,11,노원구,11350,경상남도,48,35,222,38,83,204,60,87,73,635,119,115
20190415,서울특별시,11,성동구,11200,서울특별시,11,220,3555,1512,1018,1874,425,1139,228,5014,1604,805
20190415,서울특별시,11,성동구,11200,부산광역시,26,46,821,666,278,537,111,292,49,1195,320,220
20190415,서울특별시,11,성동구,11200,대구광역시,27,41,658,963,167,378,69,217,65,791,241,146
20190415,서울특별시,11,성동구,11200,인천광역시,28,54,859,665,243,475,95,265,54,1128,321,183
20190415,서울특별시,11,서초구,11650,서울특별시,11,378,3787,1658,950,1642,250,2185,244,1674,900,1809
20190415,서울특별시,11,강남구,11680,대전광역시,30,35,355,55,155,230,33,260,65,499,271,385
20190415,서울특별시,11,강남구,11680,광주광역시,29,41,364,38,177,244,30,259,50,536,288,398
20190415,서울특별시,11,강남구,11680,인천광역시,28,99,788,86,316,473,79,589,110,981,546,843
20190415,서울특별시,11,강남구,11680,대구광역시,27,63,604,72,222,330,45,407,90,841,410,631
20190415,서울특별시,11,강남구,11680,부산광역시,26,87,825,88,312,528,79,681,96,1255,590,894
20190415,서울특별시,11,강남구,11680,서울특별시,11,435,4070,678,1767,2158,298,2631,427,5458,2472,3555
20190415,서울특별시,11,양천구,11470,제주특별자치도,50,11,31,0,29,53,8,22,6,26,19,96
20190415,서울특별시,11,양천구,11470,경상남도,48,125,260,35,221,577,83,295,69,178,115,378
20190415,서울특별시,11,강북구,11305,서울특별시,11,82,1005,122,275,715,61,237,396,2983,780,112
20190415,서울특별시,11,강북구,11305,부산광역시,26,25,269,31,73,184,17,70,112,848,211,29
20190415,서울특별시,11,강북구,11305,대구광역시,27,19,198,27,53,132,10,37,75,633,160,20
20190415,서울특별시,11,강북구,11305,인천광역시,28,28,280,26,78,207,18,63,129,874,228,29
20190415,서울특별시,11,강북구,11305,광주광역시,29,6,161,12,34,94,8,29,54,464,97,10
20190415,서울특별시,11,강북구,11305,대전광역시,30,7,132,23,39,92,9,32,46,428,112,18
20190415,서울특별시,11,강북구,11305,울산광역시,31,9,93,8,18,54,6,22,37,316,88,11
20190415,서울특별시,11,강북구,11305,세종특별자치시,36,3,34,7,7,20,0,6,21,113,28,3
20190415,서울특별시,11,강북구,11305,경기도,41,124,1287,135,363,927,67,294,592,4214,1134,161
20190415,서울특별시,11,강북구,11305,강원도,42,19,126,20,39,86,5,40,65,433,96,14
20190415,서울특별시,11,강북구,11305,충청북도,43,16,156,8,31,88,10,29,58,490,109,11
20190415,서울특별시,11,강북구,11305,충청남도,44,15,195,20,66,105,14,43,92,646,149,10
20190415,서울특별시,11,강북구,11305,전라북도,45,15,149,11,48,88,7,38,67,498,124,12
20190415,서울특별시,11,강북구,11305,전라남도,46,10,129,11,31,71,6,41,47,442,113,7
20190415,서울특별시,11,강북구,11305,경상북도,47,16,206,15,61,123,20,50,112,609,158,19
20190415,서울특별시,11,강북구,11305,경상남도,48,29,294,19,85,178,19,78,156,851,207,15
20190415,서울특별시,11,강북구,11305,제주특별자치도,50,3,46,3,9,21,3,13,18,110,29,5
20190415,서울특별시,11,양천구,11470,경상북도,47,69,184,23,186,412,45,217,57,133,96,354
20190415,서울특별시,11,양천구,11470,전라남도,46,34,133,16,93,288,36,125,28,101,55,212
20190415,서울특별시,11,양천구,11470,전라북도,45,39,139,12,104,312,42,164,25,113,64,232
20190415,서울특별시,11,양천구,11470,충청남도,44,64,179,32,165,425,69,230,46,162,92,300
20190415,서울특별시,11,양천구,11470,충청북도,43,32,143,29,123,316,40,135,31,132,74,220
20190415,서울특별시,11,양천구,11470,강원도,42,40,115,21,113,270,37,162,30,102,67,220
20190415,서울특별시,11,양천구,11470,경기도,41,432,1323,225,1091,2555,352,1503,306,1542,694,1994
20190415,서울특별시,11,양천구,11470,세종특별자치시,36,10,34,0,26,76,14,32,11,22,15,46
20190415,서울특별시,11,양천구,11470,울산광역시,31,34,86,10,102,187,27,113,23,78,52,138
20190415,서울특별시,11,관악구,11620,제주특별자치도,50,13,36,11,26,21,3,10,3,61,19,27
20190415,서울특별시,11,강서구,11500,경기도,41,545,3026,714,1598,3948,426,4974,828,4633,1839,3505
20190415,서울특별시,11,강서구,11500,강원도,42,55,292,58,252,560,45,557,99,892,366,496
20190415,서울특별시,11,강서구,11500,충청북도,43,74,367,73,199,521,34,555,112,643,251,464
20190415,서울특별시,11,강서구,11500,충청남도,44,99,476,94,267,623,72,771,159,945,395,603
20190415,서울특별시,11,강서구,11500,전라북도,45,69,276,67,172,466,40,529,89,611,247,424
20190415,서울특별시,11,강서구,11500,전라남도,46,58,252,62,182,435,38,523,103,678,264,427
20190415,서울특별시,11,강서구,11500,경상북도,47,70,478,88,269,725,65,833,122,946,390,739
20190415,서울특별시,11,강서구,11500,경상남도,48,124,658,123,345,923,97,1108,225,1111,453,870
20190415,서울특별시,11,강서구,11500,제주특별자치도,50,22,95,16,38,98,4,96,21,153,47,74
20190415,서울특별시,11,종로구,11110,서울특별시,11,207,2238,562,578,966,57,424,188,1582,1147,301
20190415,서울특별시,11,종로구,11110,부산광역시,26,66,437,87,120,275,12,80,44,474,304,78
20190415,서울특별시,11,종로구,11110,대구광역시,27,45,355,62,88,225,10,51,36,328,216,66
20190415,서울특별시,11,종로구,11110,인천광역시,28,40,447,83,140,249,18,56,62,382,294,58
20190415,서울특별시,11,종로구,11110,광주광역시,29,24,241,49,63,115,10,55,35,224,141,38
20190415,서울특별시,11,종로구,11110,대전광역시,30,18,212,113,56,148,8,27,25,194,159,36
20190415,서울특별시,11,종로구,11110,울산광역시,31,16,145,35,47,114,10,23,21,167,104,17
20190415,서울특별시,11,종로구,11110,세종특별자치시,36,6,75,14,19,44,0,7,6,41,39,8
20190415,서울특별시,11,종로구,11110,경기도,41,280,2443,404,632,1309,84,542,279,2039,1423,301
20190415,서울특별시,11,종로구,11110,강원도,42,28,273,60,49,117,8,56,46,201,129,32
20190415,서울특별시,11,종로구,11110,충청북도,43,18,255,43,61,123,9,66,35,210,177,28
20190415,서울특별시,11,종로구,11110,충청남도,44,35,311,65,92,181,8,67,40,255,209,52
20190415,서울특별시,11,종로구,11110,전라북도,45,26,266,60,56,131,14,48,50,254,192,32
20190415,서울특별시,11,종로구,11110,전라남도,46,27,227,54,55,149,8,42,60,222,149,20
20190415,서울특별시,11,종로구,11110,경상북도,47,35,382,67,102,198,14,57,59,327,220,44
20190415,서울특별시,11,종로구,11110,경상남도,48,56,444,83,98,289,15,79,56,442,287,63
20190415,서울특별시,11,종로구,11110,제주특별자치도,50,10,87,8,24,38,0,10,11,62,51,9
20190415,서울특별시,11,광진구,11215,서울특별시,11,250,2116,260,1575,1619,207,1262,125,2343,980,1350
20190415,서울특별시,11,동대문구,11230,제주특별자치도,50,27,84,7,26,100,8,75,25,243,70,24
20190415,서울특별시,11,양천구,11470,대전광역시,30,49,113,18,122,255,33,143,40,108,65,207
20190415,서울특별시,11,양천구,11470,광주광역시,29,45,121,17,98,252,36,129,35,120,66,214
20190415,서울특별시,11,양천구,11470,인천광역시,28,85,234,29,197,489,77,277,54,230,143,438
20190415,서울특별시,11,양천구,11470,대구광역시,27,69,168,28,160,369,55,203,54,163,108,302
20190415,서울특별시,11,양천구,11470,부산광역시,26,93,283,39,231,575,80,340,56,254,148,468
20190415,서울특별시,11,양천구,11470,서울특별시,11,330,1106,206,843,1770,247,1204,170,1035,500,1512
20190415,서울특별시,11,강동구,11740,인천광역시,28,144,286,141,73,429,44,311,49,362,117,127
20190415,서울특별시,11,강동구,11740,광주광역시,29,119,175,86,40,242,18,137,21,167,88,96
20190415,서울특별시,11,강동구,11740,대전광역시,30,95,143,103,44,255,30,163,23,177,76,64
20190415,서울특별시,11,강동구,11740,울산광역시,31,55,112,69,28,171,20,110,21,149,43,55
20190415,서울특별시,11,강동구,11740,세종특별자치시,36,19,34,44,5,63,5,35,7,39,17,17
20190415,서울특별시,11,강동구,11740,경기도,41,708,1530,733,433,2238,255,1618,234,2057,646,660
20190415,서울특별시,11,강동구,11740,강원도,42,82,159,75,51,222,25,174,28,152,61,63
20190415,서울특별시,11,동대문구,11230,경상남도,48,173,621,61,267,770,63,1075,96,1456,456,306
20190415,서울특별시,11,강동구,11740,충청북도,43,78,138,72,43,256,21,160,22,212,67,78
20190415,서울특별시,11,강동구,11740,충청남도,44,117,212,124,50,322,37,236,29,221,80,102
20190415,서울특별시,11,강동구,11740,전라북도,45,77,136,100,32,240,19,127,21,183,60,69
20190415,서울특별시,11,강동구,11740,전라남도,46,89,132,109,34,265,23,157,17,146,43,42
20190415,서울특별시,11,강동구,11740,경상북도,47,107,215,149,71,360,28,238,30,247,91,91
20190415,서울특별시,11,강동구,11740,경상남도,48,154,332,151,93,558,46,328,45,324,129,139
20190415,서울특별시,11,강동구,11740,제주특별자치도,50,12,30,10,25,60,10,53,3,42,28,6
20190415,서울특별시,11,마포구,11440,서울특별시,11,196,2956,846,1377,2304,118,2325,502,3610,2765,900
20190415,서울특별시,11,마포구,11440,부산광역시,26,49,606,158,474,593,23,661,156,874,699,217
20190415,서울특별시,11,마포구,11440,대구광역시,27,51,392,111,412,431,26,428,97,596,558,157
20190415,서울특별시,11,동대문구,11230,경상북도,47,143,465,33,213,582,53,777,67,1014,343,234
20190415,서울특별시,11,동대문구,11230,전라남도,46,90,254,30,139,332,24,463,46,653,193,137
20190415,서울특별시,11,동대문구,11230,전라북도,45,79,333,42,147,332,32,484,70,791,221,155
20190415,서울특별시,11,동대문구,11230,충청남도,44,122,468,40,204,518,44,692,100,1068,301,218
20190415,서울특별시,11,구로구,11530,충청북도,43,16,272,36,182,382,26,206,39,224,149,214
20190415,서울특별시,11,구로구,11530,강원도,42,18,266,32,140,351,26,174,35,216,97,184
20190415,서울특별시,11,서초구,11650,부산광역시,26,82,858,328,237,470,82,575,71,303,196,385
20190415,서울특별시,11,마포구,11440,인천광역시,28,49,591,197,252,558,34,564,140,797,721,204
20190415,서울특별시,11,마포구,11440,광주광역시,29,22,286,65,224,289,7,265,58,446,404,107
20190415,서울특별시,11,마포구,11440,대전광역시,30,30,279,81,197,272,12,313,75,436,402,111
20190415,서울특별시,11,마포구,11440,울산광역시,31,18,192,62,170,162,15,184,32,310,207,75
20190415,서울특별시,11,서초구,11650,대구광역시,27,62,727,238,171,319,45,366,51,262,147,318
20190415,서울특별시,11,마포구,11440,세종특별자치시,36,7,70,17,35,68,0,72,30,88,88,25
20190415,서울특별시,11,마포구,11440,경기도,41,228,3096,851,1438,2900,159,2832,701,4116,3050,1105
20190415,서울특별시,11,마포구,11440,강원도,42,25,245,76,162,282,9,296,51,351,358,90
20190415,서울특별시,11,마포구,11440,충청북도,43,31,288,95,159,302,16,311,49,489,341,115
20190415,서울특별시,11,마포구,11440,충청남도,44,34,389,102,249,360,21,376,114,534,480,135
20190415,서울특별시,11,마포구,11440,전라북도,45,19,255,65,239,270,14,300,80,412,368,80
20190415,서울특별시,11,마포구,11440,전라남도,46,30,227,69,139,250,11,276,50,348,327,75
20190415,서울특별시,11,마포구,11440,경상북도,47,43,389,124,306,429,22,427,95,551,517,141
20190415,서울특별시,11,마포구,11440,경상남도,48,66,527,158,413,545,26,600,134,766,630,205
20190415,서울특별시,11,마포구,11440,제주특별자치도,50,15,100,30,43,106,0,73,18,198,121,26
20190415,서울특별시,11,성북구,11290,제주특별자치도,50,18,153,13,92,130,31,61,30,719,285,109
20190415,서울특별시,11,성북구,11290,경상남도,48,155,1172,66,640,1060,184,734,241,4250,1702,834
20190415,서울특별시,11,성북구,11290,경상북도,47,106,761,66,534,835,147,577,172,3162,1281,652
20190415,서울특별시,11,성북구,11290,전라남도,46,68,555,27,293,503,79,357,113,2134,853,421
20190415,서울특별시,11,성북구,11290,전라북도,45,77,573,34,322,505,74,328,119,2425,899,457
20190415,서울특별시,11,성북구,11290,충청남도,44,109,830,37,449,769,131,447,169,3195,1200,577
20190415,서울특별시,11,서초구,11650,인천광역시,28,82,666,249,210,448,91,516,69,309,223,384
20190415,서울특별시,11,서초구,11650,광주광역시,29,37,376,158,93,188,35,260,30,154,89,126
20190415,서울특별시,11,서초구,11650,대전광역시,30,48,448,152,129,194,41,261,43,156,107,189
20190415,서울특별시,11,성북구,11290,서울특별시,11,531,4192,390,2273,3698,600,2720,615,15086,6234,3158
20190415,서울특별시,11,금천구,11545,서울특별시,11,718,3273,603,3469,3374,755,4726,442,2575,2441,3715
20190415,서울특별시,11,금천구,11545,부산광역시,26,189,783,130,885,922,214,1102,130,681,659,1087
20190415,서울특별시,11,금천구,11545,대구광역시,27,149,593,107,617,647,180,726,95,594,466,719
20190415,서울특별시,11,금천구,11545,인천광역시,28,207,847,135,831,863,161,1043,145,651,601,962
20190415,서울특별시,11,금천구,11545,광주광역시,29,106,411,83,427,398,85,471,75,424,383,496
20190415,서울특별시,11,금천구,11545,대전광역시,30,89,378,63,430,362,77,497,75,370,310,476
20190415,서울특별시,11,금천구,11545,울산광역시,31,82,283,64,305,319,64,343,48,245,218,305
20190415,서울특별시,11,금천구,11545,세종특별자치시,36,28,119,9,130,99,25,115,28,100,77,98
20190415,서울특별시,11,금천구,11545,경기도,41,923,4183,639,4337,4110,785,4593,654,3343,2975,4349
20190415,서울특별시,11,금천구,11545,강원도,42,108,415,105,480,381,93,435,60,314,302,411
20190415,서울특별시,11,금천구,11545,충청북도,43,123,399,78,460,416,90,439,58,335,340,463
20190415,서울특별시,11,서대문구,11410,서울특별시,11,70,703,157,250,1480,107,759,142,1432,332,404
20190415,서울특별시,11,서대문구,11410,부산광역시,26,18,175,22,131,495,26,250,48,330,95,154
20190415,서울특별시,11,서대문구,11410,대구광역시,27,21,120,18,54,336,20,155,44,231,66,117
20190415,서울특별시,11,성북구,11290,충청북도,43,98,610,65,310,533,89,362,121,2262,894,469
20190415,서울특별시,11,성북구,11290,강원도,42,76,524,41,326,534,103,382,93,2231,799,393
20190415,서울특별시,11,성북구,11290,경기도,41,746,5240,370,2970,5078,802,3454,1031,19938,7806,4039
20190415,서울특별시,11,성북구,11290,세종특별자치시,36,12,138,10,68,141,28,75,30,497,219,107
20190415,서울특별시,11,성북구,11290,울산광역시,31,52,404,15,267,409,65,245,99,1549,608,303
20190415,서울특별시,11,성북구,11290,대전광역시,30,64,558,44,312,509,81,383,117,2131,874,396
20190415,서울특별시,11,성북구,11290,광주광역시,29,81,575,30,323,516,83,344,95,2475,958,434
20190415,서울특별시,11,성북구,11290,인천광역시,28,129,1124,74,585,1020,153,674,237,4302,1745,878
20190415,서울특별시,11,성북구,11290,대구광역시,27,128,870,68,411,777,122,534,145,3247,1355,666
20190415,서울특별시,11,성북구,11290,부산광역시,26,137,1160,74,608,1105,205,915,218,4346,1811,903
20190415,서울특별시,11,은평구,11380,제주특별자치도,50,15,34,12,14,36,27,27,5,77,38,24
20190415,서울특별시,11,용산구,11170,서울특별시,11,345,2905,412,15799,1718,222,691,326,2568,2116,674
20190415,서울특별시,11,용산구,11170,부산광역시,26,83,738,54,3664,420,55,176,75,582,653,201
20190415,서울특별시,11,용산구,11170,대구광역시,27,68,528,58,2632,289,56,126,60,439,401,128
20190415,서울특별시,11,용산구,11170,인천광역시,28,81,688,55,3788,392,51,169,68,548,544,184
20190415,서울특별시,11,용산구,11170,광주광역시,29,38,338,36,1625,149,35,69,46,286,270,63
20190415,서울특별시,11,용산구,11170,대전광역시,30,36,398,26,2026,250,27,74,34,272,249,86
20190415,서울특별시,11,용산구,11170,울산광역시,31,23,245,15,1264,138,21,51,25,212,187,58
20190415,서울특별시,11,용산구,11170,세종특별자치시,36,12,100,11,445,52,3,15,16,73,74,15
20190415,서울특별시,11,용산구,11170,경기도,41,445,3385,372,18122,2025,313,802,381,2974,2547,848
20190415,서울특별시,11,용산구,11170,강원도,42,52,357,34,1809,209,36,78,39,242,262,74
20190415,서울특별시,11,용산구,11170,충청북도,43,36,333,33,1920,173,32,94,44,276,280,77
20190415,서울특별시,11,용산구,11170,충청남도,44,63,467,31,2691,296,47,131,48,348,317,92
20190415,서울특별시,11,용산구,11170,전라북도,45,40,321,32,1897,198,24,89,38,287,268,88
20190415,서울특별시,11,용산구,11170,전라남도,46,41,285,22,1635,167,31,88,33,270,225,87
20190415,서울특별시,11,용산구,11170,경상북도,47,57,549,34,2785,343,36,117,64,398,384,116
20190415,서울특별시,11,용산구,11170,경상남도,48,72,621,49,3335,371,52,200,90,527,536,175
20190415,서울특별시,11,용산구,11170,제주특별자치도,50,16,113,11,467,45,7,25,7,102,116,28
20190415,서울특별시,11,중랑구,11260,서울특별시,11,429,2245,316,1299,2748,284,1708,587,4906,2334,1646
20190415,서울특별시,11,중랑구,11260,부산광역시,26,116,638,69,385,822,87,443,142,1396,692,458
20190415,서울특별시,11,중랑구,11260,대구광역시,27,82,420,53,240,598,55,328,142,1024,564,342
20190415,서울특별시,11,중랑구,11260,인천광역시,28,114,672,84,361,847,83,418,188,1442,670,442
20190415,서울특별시,11,중랑구,11260,광주광역시,29,54,307,35,166,362,28,178,66,775,399,220
20190415,서울특별시,11,중랑구,11260,대전광역시,30,60,310,45,170,448,29,188,71,721,334,221
20190415,서울특별시,11,중랑구,11260,울산광역시,31,51,224,26,132,307,31,156,65,527,266,154
20190415,서울특별시,11,중랑구,11260,세종특별자치시,36,12,64,6,51,103,8,48,36,171,85,41
20190415,서울특별시,11,중랑구,11260,경기도,41,548,3137,347,1729,3794,402,1984,922,6610,3374,2108
20190415,서울특별시,11,중랑구,11260,강원도,42,47,310,42,174,409,41,202,78,647,328,208
20190415,서울특별시,11,중랑구,11260,충청북도,43,50,362,38,191,440,44,211,104,706,368,234
20190415,서울특별시,11,중랑구,11260,충청남도,44,89,512,44,253,612,57,271,137,1012,499,284
20190415,서울특별시,11,중랑구,11260,전라북도,45,60,303,33,165,408,33,205,70,779,402,227
20190415,서울특별시,11,중랑구,11260,전라남도,46,54,321,38,171,427,44,204,114,712,343,193
20190415,서울특별시,11,중랑구,11260,경상북도,47,111,489,48,246,648,63,306,143,1032,506,328
20190415,서울특별시,11,중랑구,11260,경상남도,48,125,609,80,386,832,104,448,196,1386,694,427
20190415,서울특별시,11,중랑구,11260,제주특별자치도,50,15,89,10,33,70,12,40,21,196,102,59
20190415,서울특별시,11,은평구,11380,인천광역시,28,58,332,78,105,411,72,167,55,525,188,282
20190415,서울특별시,11,은평구,11380,광주광역시,29,34,195,43,53,173,49,104,21,238,114,155
20190415,서울특별시,11,은평구,11380,대전광역시,30,28,150,35,72,219,52,81,15,204,93,167
20190415,서울특별시,11,은평구,11380,울산광역시,31,20,121,26,38,188,41,80,26,165,72,97
20190415,서울특별시,11,은평구,11380,세종특별자치시,36,5,34,7,10,51,7,18,13,53,15,26
20190415,서울특별시,11,은평구,11380,경기도,41,281,1548,334,547,2012,507,845,283,2690,912,1355
20190415,서울특별시,11,은평구,11380,강원도,42,36,162,35,46,200,48,111,34,249,112,130
20190415,서울특별시,11,은평구,11380,충청북도,43,22,141,34,58,203,51,90,26,236,117,139
20190415,서울특별시,11,은평구,11380,충청남도,44,42,240,43,60,270,74,116,55,309,131,219
20190415,서울특별시,11,은평구,11380,전라북도,45,31,179,42,43,193,67,89,19,284,114,138
20190415,서울특별시,11,은평구,11380,전라남도,46,31,168,33,62,159,50,77,26,247,113,119
20190415,서울특별시,11,은평구,11380,경상북도,47,41,250,63,77,304,88,139,41,370,158,237
20190415,서울특별시,11,은평구,11380,경상남도,48,58,376,69,104,428,123,150,66,486,211,297
20190415,서울특별시,11,서대문구,11410,인천광역시,28,16,178,31,58,462,19,205,77,329,93,137
20190415,서울특별시,11,구로구,11530,경기도,41,231,2482,341,1323,3509,286,1671,292,2154,1090,1902
20190415,서울특별시,11,구로구,11530,세종특별자치시,36,3,77,16,36,84,0,35,127,62,31,56
20190415,서울특별시,11,구로구,11530,울산광역시,31,21,202,22,119,281,24,169,46,155,87,182
20190415,서울특별시,11,구로구,11530,대전광역시,30,20,267,42,149,362,31,197,376,178,93,211
20190415,서울특별시,11,구로구,11530,광주광역시,29,19,228,37,131,339,26,180,54,192,106,205
20190415,서울특별시,11,구로구,11530,인천광역시,28,42,541,67,235,766,66,400,159,402,246,416
20190415,서울특별시,11,구로구,11530,대구광역시,27,41,384,44,208,535,39,335,46,300,165,352
20190415,서울특별시,11,구로구,11530,부산광역시,26,55,582,62,282,788,53,430,35,396,213,521
20190415,서울특별시,11,구로구,11530,서울특별시,11,168,2132,343,1020,2811,171,1122,149,1381,770,1555
20190415,서울특별시,11,서초구,11650,울산광역시,31,28,279,109,81,164,37,210,24,121,56,133
20190415,서울특별시,11,서초구,11650,세종특별자치시,36,12,90,43,26,59,9,55,14,42,25,61
20190415,서울특별시,11,금천구,11545,충청남도,44,154,676,99,696,608,107,617,108,507,528,566
20190415,서울특별시,11,금천구,11545,전라북도,45,130,428,75,451,428,81,469,68,370,339,480
20190415,서울특별시,11,금천구,11545,전라남도,46,104,409,90,442,392,92,446,43,337,338,397
20190415,서울특별시,11,금천구,11545,경상북도,47,167,575,102,665,641,131,706,74,507,449,710
20190415,서울특별시,11,금천구,11545,경상남도,48,251,782,128,893,812,186,968,128,653,607,874
20190415,서울특별시,11,동대문구,11230,충청북도,43,108,313,34,148,351,36,514,61,771,240,162
20190415,서울특별시,11,동대문구,11230,강원도,42,120,309,25,123,394,32,475,61,741,216,139
20190415,서울특별시,11,동대문구,11230,경기도,41,892,2869,280,1298,3225,267,4437,552,7339,2315,1498
20190415,서울특별시,11,동대문구,11230,세종특별자치시,36,23,80,4,35,88,5,97,8,160,67,53
20190415,서울특별시,11,동대문구,11230,울산광역시,31,67,180,24,86,266,27,396,47,584,172,142
20190415,서울특별시,11,동대문구,11230,대전광역시,30,95,311,29,123,319,32,452,43,743,270,142
20190415,서울특별시,11,금천구,11545,제주특별자치도,50,21,119,27,152,83,43,120,16,108,89,135
20190415,서울특별시,11,서초구,11650,경기도,41,433,5242,1405,1103,2176,383,2441,338,2089,1101,1729
20190415,서울특별시,11,서초구,11650,강원도,42,34,344,129,106,210,45,274,28,131,85,139
20190415,서울특별시,11,서초구,11650,충청북도,43,32,329,158,110,207,34,244,37,149,100,194
20190415,서울특별시,11,서초구,11650,충청남도,44,53,472,167,150,316,45,361,71,185,121,233
20190415,서울특별시,11,서초구,11650,전라북도,45,38,367,164,117,206,45,340,27,166,98,154
20190415,서울특별시,11,서초구,11650,전라남도,46,31,324,138,90,215,44,233,26,127,78,145
20190415,서울특별시,11,서초구,11650,경상북도,47,54,547,201,172,369,50,383,61,215,145,240
20190415,서울특별시,11,서초구,11650,경상남도,48,93,686,244,189,425,74,476,73,271,181,300
20190415,서울특별시,11,서초구,11650,제주특별자치도,50,12,127,100,27,56,7,73,8,49,36,48
20190415,서울특별시,11,성동구,11200,광주광역시,29,36,428,289,112,216,46,153,41,590,169,91
20190415,서울특별시,11,성동구,11200,대전광역시,30,26,341,278,152,203,43,138,30,583,184,82
20190415,서울특별시,11,성동구,11200,울산광역시,31,24,378,577,77,188,37,110,26,365,93,83
20190415,서울특별시,11,성동구,11200,세종특별자치시,36,6,87,75,39,51,10,46,13,138,30,19
20190415,서울특별시,11,성동구,11200,경기도,41,258,4065,2864,1132,2373,491,1550,329,5824,1592,946
20190415,서울특별시,11,성동구,11200,강원도,42,26,364,244,119,225,73,151,35,498,121,73
20190415,서울특별시,11,동작구,11590,서울특별시,11,300,784,483,453,767,129,371,127,1178,449,1185
20190415,서울특별시,11,동작구,11590,부산광역시,26,65,193,101,113,207,39,83,40,241,100,269
20190415,서울특별시,11,노원구,11350,경상북도,47,36,169,30,58,164,35,76,69,488,81,74
20190415,서울특별시,11,노원구,11350,전라남도,46,13,118,14,36,120,14,58,44,333,55,58
20190415,서울특별시,11,노원구,11350,전라북도,45,8,127,26,42,120,13,49,42,379,65,54
20190415,서울특별시,11,노원구,11350,충청남도,44,20,163,24,34,145,31,83,51,550,88,76
20190415,서울특별시,11,노원구,11350,충청북도,43,13,142,21,29,105,20,63,32,358,84,60
20190415,서울특별시,11,노원구,11350,강원도,42,16,120,14,31,108,21,48,22,348,61,52
20190415,서울특별시,11,노원구,11350,경기도,41,188,1156,232,344,1154,227,511,351,3620,684,531
20190415,서울특별시,11,노원구,11350,세종특별자치시,36,6,43,5,10,29,7,15,10,113,14,11
20190415,서울특별시,11,노원구,11350,울산광역시,31,22,96,18,22,79,22,31,30,252,41,36
20190415,서울특별시,11,노원구,11350,대전광역시,30,20,140,25,36,93,23,50,26,363,78,62
20190415,서울특별시,11,노원구,11350,광주광역시,29,19,108,32,38,96,20,48,35,356,58,51
20190415,서울특별시,11,노원구,11350,인천광역시,28,35,266,61,71,226,41,93,99,720,118,114
20190415,서울특별시,11,노원구,11350,대구광역시,27,37,167,41,52,158,43,81,48,493,109,77
20190415,서울특별시,11,노원구,11350,부산광역시,26,31,273,34,65,249,44,101,56,640,127,107
20190415,서울특별시,11,노원구,11350,서울특별시,11,121,986,242,333,889,134,452,197,2572,536,401
20190415,서울특별시,11,성동구,11200,충청북도,43,38,390,261,94,227,70,164,24,561,133,100
20190415,서울특별시,11,서대문구,11410,광주광역시,29,5,87,8,24,214,18,89,44,155,44,62
20190415,서울특별시,11,서대문구,11410,대전광역시,30,5,112,15,40,219,14,111,38,170,45,58
20190415,서울특별시,11,서대문구,11410,울산광역시,31,8,68,10,25,167,6,51,33,109,32,56
20190415,서울특별시,11,서대문구,11410,세종특별자치시,36,0,17,5,9,38,0,22,8,59,12,8
20190415,서울특별시,11,서대문구,11410,경기도,41,109,855,171,329,2084,137,899,302,1761,435,550
20190415,서울특별시,11,서대문구,11410,강원도,42,14,72,21,40,254,13,108,33,139,59,71
20190415,서울특별시,11,서대문구,11410,충청북도,43,10,72,43,51,226,14,98,32,182,51,53
20190415,서울특별시,11,서대문구,11410,충청남도,44,10,97,20,42,364,21,151,46,251,68,88
20190415,서울특별시,11,서대문구,11410,전라북도,45,12,103,12,41,258,17,120,29,174,43,90
20190415,서울특별시,11,서대문구,11410,전라남도,46,9,86,77,36,250,9,94,34,156,45,79
20190415,서울특별시,11,서대문구,11410,경상북도,47,14,144,18,95,373,19,181,43,215,70,113
20190415,서울특별시,11,서대문구,11410,경상남도,48,21,166,26,87,507,19,233,97,316,95,155
20190415,서울특별시,11,서대문구,11410,제주특별자치도,50,3,26,34,15,32,0,12,4,47,13,26
20190415,서울특별시,11,동대문구,11230,광주광역시,29,80,299,28,135,299,29,448,48,804,255,176
20190415,서울특별시,11,동대문구,11230,인천광역시,28,200,645,55,248,679,35,1037,132,1553,460,317
20190415,서울특별시,11,동대문구,11230,대구광역시,27,134,434,32,210,494,40,686,67,1127,350,232
20190415,서울특별시,11,동대문구,11230,부산광역시,26,159,631,62,301,645,57,1031,97,1519,450,324
20190415,서울특별시,11,동대문구,11230,서울특별시,11,880,2149,224,987,2056,200,3283,295,5608,1674,1082
20190415,서울특별시,11,광진구,11215,부산광역시,26,64,530,55,365,441,53,355,50,623,252,366
20190415,서울특별시,11,광진구,11215,대구광역시,27,49,395,36,269,312,77,230,39,547,186,223
20190415,서울특별시,11,광진구,11215,인천광역시,28,71,467,50,376,365,46,301,31,632,243,293
20190415,서울특별시,11,광진구,11215,광주광역시,29,38,261,27,165,197,32,129,20,301,125,155
20190415,서울특별시,11,광진구,11215,대전광역시,30,40,240,18,180,220,33,159,23,353,146,166
20190415,서울특별시,11,광진구,11215,울산광역시,31,28,184,19,117,138,27,122,20,226,90,100
20190415,서울특별시,11,광진구,11215,세종특별자치시,36,6,42,4,44,48,7,44,4,90,29,54
20190415,서울특별시,11,광진구,11215,경기도,41,407,2377,257,1984,1987,311,1730,246,3178,1184,1556
20190415,서울특별시,11,광진구,11215,강원도,42,59,229,23,174,195,41,134,20,299,113,136
20190415,서울특별시,11,광진구,11215,충청북도,43,53,296,23,192,238,25,180,17,351,111,139
20190415,서울특별시,11,광진구,11215,충청남도,44,43,321,42,311,291,48,278,31,448,174,205
20190415,서울특별시,11,광진구,11215,전라북도,45,51,252,17,208,193,42,140,24,342,116,162
20190415,서울특별시,11,광진구,11215,전라남도,46,34,237,27,179,203,36,171,22,254,111,159
20190415,서울특별시,11,광진구,11215,경상북도,47,54,381,43,244,333,57,233,30,459,174,211
20190415,서울특별시,11,광진구,11215,경상남도,48,87,516,39,361,432,71,323,40,553,245,329
20190415,서울특별시,11,광진구,11215,제주특별자치도,50,13,46,9,69,41,9,19,6,109,34,35
20190415,서울특별시,11,중구,11140,전라남도,46,66,302,37,67,264,77,89,20,783,215,38
20190415,서울특별시,11,중구,11140,전라북도,45,79,282,26,61,221,82,72,21,844,231,36
20190415,서울특별시,11,중구,11140,충청남도,44,109,380,49,90,361,109,116,28,1074,281,67
20190415,서울특별시,11,중구,11140,충청북도,43,72,303,44,70,237,70,100,30,832,247,33
20190415,서울특별시,11,중구,11140,강원도,42,64,274,38,77,233,90,100,15,748,224,38
20190415,서울특별시,11,중구,11140,경기도,41,721,2596,352,663,2309,692,906,213,7979,2186,394
20190415,서울특별시,11,중구,11140,경상북도,47,123,423,59,95,346,106,100,35,1140,317,54
20190415,서울특별시,11,중구,11140,세종특별자치시,36,28,67,18,21,62,21,27,7,212,55,7
20190415,서울특별시,11,중구,11140,울산광역시,31,56,185,19,46,153,51,45,16,584,169,26
20190415,서울특별시,11,중구,11140,대전광역시,30,75,257,43,64,242,72,92,24,903,251,32
20190415,서울특별시,11,중구,11140,광주광역시,29,71,320,43,69,206,62,77,17,895,223,42
20190415,서울특별시,11,중구,11140,인천광역시,28,143,472,74,133,525,135,192,45,1595,452,86
20190415,서울특별시,11,중구,11140,대구광역시,27,119,500,60,99,331,111,108,30,1309,357,71
20190415,서울특별시,11,중구,11140,부산광역시,26,160,602,77,141,554,171,151,43,1693,470,100
20190415,서울특별시,11,중구,11140,서울특별시,11,577,2493,388,607,2083,510,769,163,7345,1897,349
20190415,서울특별시,11,강동구,11740,대구광역시,27,132,215,144,58,337,26,223,42,273,97,104
20190415,서울특별시,11,강동구,11740,부산광역시,26,142,310,220,79,500,43,395,43,437,141,148
20190415,서울특별시,11,도봉구,11320,서울특별시,11,175,1928,475,2307,1068,212,1887,282,1667,1251,2274
20190415,서울특별시,11,도봉구,11320,부산광역시,26,49,491,129,567,272,55,440,93,582,390,740
20190415,서울특별시,11,도봉구,11320,대구광역시,27,40,367,143,403,212,33,314,54,363,267,510
20190415,서울특별시,11,도봉구,11320,인천광역시,28,46,522,108,580,289,48,417,86,537,359,666
20190415,서울특별시,11,도봉구,11320,광주광역시,29,24,234,86,289,123,30,213,45,255,182,347
20190415,서울특별시,11,도봉구,11320,대전광역시,30,23,230,57,329,172,16,206,54,248,180,313
20190415,서울특별시,11,성동구,11200,충청남도,44,33,610,508,146,325,76,233,45,717,202,127
20190415,서울특별시,11,동작구,11590,대구광역시,27,58,139,90,88,125,31,76,23,159,77,217
20190415,서울특별시,11,동작구,11590,인천광역시,28,84,189,84,109,185,30,96,35,263,99,260
20190415,서울특별시,11,동작구,11590,광주광역시,29,35,79,35,42,90,17,34,15,120,42,116
20190415,서울특별시,11,동작구,11590,대전광역시,30,31,108,41,45,104,18,32,18,142,55,142
20190415,서울특별시,11,동작구,11590,울산광역시,31,17,60,26,39,77,30,26,16,78,29,103
20190415,서울특별시,11,동작구,11590,세종특별자치시,36,11,16,11,9,18,4,12,8,30,15,37
20190415,서울특별시,11,영등포구,11560,제주특별자치도,50,6,90,21,152,69,11,47,7,45,24,23
20190415,서울특별시,11,영등포구,11560,경상남도,48,40,636,61,1021,593,51,471,26,312,209,266
20190415,서울특별시,11,영등포구,11560,경상북도,47,20,483,41,732,463,27,324,21,229,116,194
20190415,서울특별시,11,영등포구,11560,전라남도,46,13,345,28,464,262,15,185,18,164,88,112
20190415,서울특별시,11,영등포구,11560,전라북도,45,15,312,26,489,258,14,247,24,172,98,109
20190415,서울특별시,11,영등포구,11560,충청남도,44,20,549,53,647,397,39,305,25,206,141,179
20190415,서울특별시,11,영등포구,11560,충청북도,43,17,320,42,517,291,25,213,25,179,96,122
20190415,서울특별시,11,영등포구,11560,강원도,42,13,305,28,496,413,20,225,24,134,87,134
20190415,서울특별시,11,영등포구,11560,경기도,41,176,3066,362,4795,2589,206,2019,181,1848,917,1115
20190415,서울특별시,11,영등포구,11560,세종특별자치시,36,5,54,18,129,162,3,58,8,35,15,25
20190415,서울특별시,11,영등포구,11560,울산광역시,31,6,224,23,348,202,12,151,14,132,75,105
20190415,서울특별시,11,영등포구,11560,대전광역시,30,21,302,44,537,254,16,233,21,158,93,103
20190415,서울특별시,11,영등포구,11560,광주광역시,29,13,317,25,455,271,19,180,14,176,104,117
20190415,서울특별시,11,영등포구,11560,인천광역시,28,32,658,64,971,519,26,489,43,323,162,274
20190415,서울특별시,11,영등포구,11560,대구광역시,27,16,447,48,742,462,16,365,23,225,109,180
20190415,서울특별시,11,영등포구,11560,부산광역시,26,38,640,88,971,599,45,471,34,369,205,231
20190415,서울특별시,11,영등포구,11560,서울특별시,11,96,2545,392,3897,1941,123,1619,136,1389,729,871
20190415,서울특별시,11,동작구,11590,경기도,41,395,840,372,542,991,205,402,199,1535,536,1270
20190415,서울특별시,11,동작구,11590,강원도,42,47,78,48,60,112,29,46,12,122,46,102
20190415,서울특별시,11,동작구,11590,충청북도,43,47,104,39,65,104,20,40,17,139,56,140
20190415,서울특별시,11,동작구,11590,충청남도,44,43,150,60,73,181,40,56,32,181,78,158
20190415,서울특별시,11,동작구,11590,전라북도,45,38,80,42,54,103,20,48,25,132,41,133
20190415,서울특별시,11,동작구,11590,전라남도,46,26,89,33,47,113,13,51,27,92,42,83
20190415,서울특별시,11,동작구,11590,경상북도,47,48,157,60,91,131,36,59,37,147,74,185
20190415,서울특별시,11,은평구,11380,서울특별시,11,257,1130,288,477,1546,367,731,167,1834,674,1079
20190415,서울특별시,11,은평구,11380,부산광역시,26,64,338,58,131,446,119,208,58,504,225,308
20190415,서울특별시,11,은평구,11380,대구광역시,27,55,259,51,81,321,90,137,40,356,157,222
20190415,서울특별시,11,도봉구,11320,울산광역시,31,26,161,40,205,83,11,192,38,202,141,239
20190415,서울특별시,11,동작구,11590,경상남도,48,83,172,72,130,233,35,93,40,195,87,235
20190415,서울특별시,11,동작구,11590,제주특별자치도,50,15,21,25,18,29,4,11,9,33,11,31
20190415,서울특별시,11,송파구,11710,서울특별시,11,287,2568,369,928,1804,280,2694,248,4192,1769,1461
20190415,서울특별시,11,송파구,11710,부산광역시,26,50,588,80,243,637,59,505,74,1050,392,486
20190415,서울특별시,11,송파구,11710,대구광역시,27,48,413,50,168,383,49,308,59,774,256,293
20190415,서울특별시,11,송파구,11710,인천광역시,28,44,558,56,207,622,42,514,69,978,372,465
20190415,서울특별시,11,송파구,11710,광주광역시,29,17,270,29,94,274,28,220,39,565,220,185
20190415,서울특별시,11,송파구,11710,대전광역시,30,23,262,33,103,248,41,202,32,509,178,168
20190415,서울특별시,11,송파구,11710,울산광역시,31,10,218,24,79,238,31,149,30,322,118,164
20190415,서울특별시,11,송파구,11710,세종특별자치시,36,9,68,7,22,92,9,50,8,128,47,65
20190415,서울특별시,11,도봉구,11320,세종특별자치시,36,5,48,11,76,36,5,62,15,57,54,76
20190415,서울특별시,11,도봉구,11320,경기도,41,245,2375,705,2750,1366,224,1973,396,2661,1787,3049
20190415,서울특별시,11,도봉구,11320,강원도,42,25,275,51,288,138,29,189,34,252,180,282
20190415,서울특별시,11,도봉구,11320,충청북도,43,28,269,45,295,134,25,215,53,287,228,369
20190415,서울특별시,11,도봉구,11320,충청남도,44,38,371,59,414,191,34,286,70,382,269,441
20190415,서울특별시,11,도봉구,11320,전라북도,45,22,228,81,272,130,22,210,41,306,179,301
20190415,서울특별시,11,도봉구,11320,전라남도,46,17,223,54,277,128,20,195,54,245,172,322
20190415,서울특별시,11,도봉구,11320,경상북도,47,31,374,87,394,217,33,297,63,394,286,563
20190415,서울특별시,11,도봉구,11320,경상남도,48,48,391,136,579,261,54,428,85,588,407,647
20190415,서울특별시,11,도봉구,11320,제주특별자치도,50,9,66,20,33,34,0,55,8,84,52,71
20190415,서울특별시,11,강남구,11680,제주특별자치도,50,16,118,17,62,66,13,82,15,175,136,146
20190415,서울특별시,11,강남구,11680,경상남도,48,70,673,64,308,451,76,556,89,813,463,785
20190415,서울특별시,11,강남구,11680,경상북도,47,71,452,51,210,336,53,375,89,660,327,585
20190415,서울특별시,11,강동구,11740,서울특별시,11,624,1188,659,411,1727,179,1499,146,1493,590,541
20190415,서울특별시,11,중구,11140,경상남도,48,159,529,65,132,477,174,158,44,1575,440,90
20190415,서울특별시,11,중구,11140,제주특별자치도,50,24,117,12,20,93,22,22,3,310,76,10
20190415,서울특별시,11,강남구,11680,전라남도,46,30,309,42,137,173,36,230,36,409,238,347
20190415,서울특별시,11,송파구,11710,경기도,41,307,2743,373,1154,2662,381,2919,365,5359,1921,1918
20190415,서울특별시,11,송파구,11710,강원도,42,19,307,35,115,298,34,197,37,484,151,179
20190415,서울특별시,11,송파구,11710,충청북도,43,25,289,48,116,329,31,223,26,550,181,197
20190415,서울특별시,11,송파구,11710,충청남도,44,26,386,46,156,421,49,286,56,671,214,265
20190415,서울특별시,11,송파구,11710,전라북도,45,24,274,37,119,274,31,201,28,477,172,212
20190415,서울특별시,11,강남구,11680,전라북도,45,35,327,29,164,209,29,260,56,515,293,369
20190415,서울특별시,11,강남구,11680,충청남도,44,60,465,51,218,296,41,409,88,677,396,501
20190415,서울특별시,11,강남구,11680,충청북도,43,36,375,52,165,271,28,305,58,561,270,430
20190415,서울특별시,11,강남구,11680,강원도,42,23,354,43,161,254,28,284,58,408,234,375
20190415,서울특별시,11,강남구,11680,경기도,41,454,3987,512,1842,2408,381,2879,572,5627,2583,3648
20190415,서울특별시,11,강남구,11680,세종특별자치시,36,10,82,16,52,68,4,68,18,107,49,98
20190415,서울특별시,11,강남구,11680,울산광역시,31,40,262,30,103,182,27,207,47,403,194,324
20190415,서울특별시,11,송파구,11710,전라남도,46,26,240,27,96,224,34,204,36,461,168,192
20190415,서울특별시,11,송파구,11710,경상북도,47,32,396,48,179,403,51,279,51,705,238,301
20190415,서울특별시,11,송파구,11710,경상남도,48,52,507,70,216,612,61,409,74,911,330,426
20190415,서울특별시,11,송파구,11710,제주특별자치도,50,5,100,10,38,96,11,33,6,175,49,56
20190415,서울특별시,11,성동구,11200,전라남도,46,27,314,264,81,196,43,138,26,444,100,79
20190415,서울특별시,11,성동구,11200,경상북도,47,47,650,871,186,323,85,234,50,722,198,138
20190415,서울특별시,11,성동구,11200,경상남도,48,63,772,774,293,469,114,283,60,927,262,187
20190415,서울특별시,11,성동구,11200,제주특별자치도,50,10,133,11,38,71,5,23,11,158,73,23
20190415,서울특별시,11,강서구,11500,서울특별시,11,361,2290,686,1295,2851,250,3990,508,2876,1238,2772
20190415,서울특별시,11,강서구,11500,부산광역시,26,118,615,144,310,857,74,1251,203,925,406,840
20190415,서울특별시,11,강서구,11500,대구광역시,27,92,414,129,220,622,72,749,143,604,248,595
20190415,서울특별시,11,강서구,11500,인천광역시,28,95,681,153,301,826,71,1061,149,850,368,717
20190415,서울특별시,11,강서구,11500,광주광역시,29,56,297,98,148,362,34,485,77,455,172,365
20190415,서울특별시,11,강서구,11500,대전광역시,30,65,381,108,145,404,24,538,75,427,167,380
20190415,서울특별시,11,강서구,11500,울산광역시,31,51,207,51,101,313,34,365,72,362,134,295
20190415,서울특별시,11,강서구,11500,세종특별자치시,36,27,128,30,48,116,10,114,34,107,54,91
20190415,서울특별시,11,관악구,11620,서울특별시,11,247,1028,483,479,712,45,317,49,1663,387,1436
20190415,서울특별시,11,관악구,11620,부산광역시,26,60,281,85,129,199,15,81,21,401,103,413
20190415,서울특별시,11,관악구,11620,대구광역시,27,48,184,71,66,159,9,35,9,330,64,336
20190415,서울특별시,11,관악구,11620,인천광역시,28,46,251,57,99,176,11,80,18,405,89,389
20190415,서울특별시,11,관악구,11620,광주광역시,29,24,120,58,40,125,6,22,13,180,49,198
20190415,서울특별시,11,관악구,11620,대전광역시,30,25,165,35,59,86,10,32,7,188,54,210
20190415,서울특별시,11,관악구,11620,울산광역시,31,15,99,26,20,63,3,18,6,171,38,141
20190415,서울특별시,11,구로구,11530,제주특별자치도,50,3,77,15,55,150,10,76,15,50,28,51
20190415,서울특별시,11,구로구,11530,경상남도,48,33,575,65,293,769,56,482,130,419,241,452
20190415,서울특별시,11,구로구,11530,경상북도,47,38,389,56,226,542,48,336,42,306,195,336
20190415,서울특별시,11,구로구,11530,전라남도,46,20,241,29,127,322,33,217,22,219,124,202
20190416,서울특별시,11,양천구,11470,전라북도,45,27,70,13,65,151,21,102,23,79,36,114
20190416,서울특별시,11,서대문구,11410,제주특별자치도,50,0,14,0,7,33,0,8,5,25,7,11
20190416,서울특별시,11,강동구,11740,대전광역시,30,47,90,83,21,169,13,92,11,113,35,45
20190416,서울특별시,11,강동구,11740,광주광역시,29,49,90,70,17,107,10,84,14,125,42,33
20190416,서울특별시,11,강동구,11740,인천광역시,28,85,193,110,52,284,27,200,28,246,88,87
20190416,서울특별시,11,강동구,11740,대구광역시,27,76,169,94,31,209,16,123,21,205,62,65
20190416,서울특별시,11,강동구,11740,부산광역시,26,80,228,137,47,256,31,204,26,321,98,107
20190416,서울특별시,11,강동구,11740,서울특별시,11,352,836,466,224,1046,111,937,100,1107,392,351
20190416,서울특별시,11,마포구,11440,제주특별자치도,50,7,107,15,31,102,6,38,10,138,78,16
20190416,서울특별시,11,마포구,11440,경상남도,48,43,489,124,209,425,21,310,89,510,474,91
20190416,서울특별시,11,마포구,11440,경상북도,47,32,370,83,157,275,20,238,62,426,382,75
20190416,서울특별시,11,마포구,11440,전라남도,46,14,206,56,111,189,10,160,35,276,257,26
20190416,서울특별시,11,서대문구,11410,경상남도,48,19,96,16,35,538,14,138,50,207,64,116
20190416,서울특별시,11,서대문구,11410,경상북도,47,8,97,12,31,421,7,101,31,171,31,67
20190416,서울특별시,11,마포구,11440,전라북도,45,21,281,64,166,220,18,151,51,347,279,59
20190416,서울특별시,11,마포구,11440,충청남도,44,30,385,102,174,292,24,219,67,417,368,82
20190416,서울특별시,11,마포구,11440,충청북도,43,18,306,65,136,225,14,157,41,348,265,41
20190416,서울특별시,11,마포구,11440,강원도,42,24,267,66,127,180,15,170,28,305,233,46
20190416,서울특별시,11,마포구,11440,경기도,41,179,3037,710,1105,1887,104,1634,417,3286,2370,566
20190416,서울특별시,11,마포구,11440,세종특별자치시,36,5,98,16,37,45,0,28,18,59,53,9
20190416,서울특별시,11,마포구,11440,울산광역시,31,16,222,45,57,146,9,103,23,242,166,39
20190416,서울특별시,11,마포구,11440,대전광역시,30,13,330,66,138,205,10,159,40,311,322,36
20190416,서울특별시,11,마포구,11440,광주광역시,29,18,287,51,111,192,11,149,31,328,295,56
20190416,서울특별시,11,마포구,11440,인천광역시,28,34,628,123,194,414,11,361,80,609,491,119
20190416,서울특별시,11,마포구,11440,대구광역시,27,29,418,95,209,310,19,231,55,491,411,94
20190416,서울특별시,11,마포구,11440,부산광역시,26,51,519,137,180,415,29,351,89,686,539,106
20190416,서울특별시,11,마포구,11440,서울특별시,11,230,2570,631,955,1659,73,1322,281,2911,2107,444
20190416,서울특별시,11,구로구,11530,서울특별시,11,101,2137,347,634,1645,121,700,112,1271,569,924
20190416,서울특별시,11,구로구,11530,부산광역시,26,46,450,77,183,450,27,227,27,377,137,307
20190416,서울특별시,11,서초구,11650,서울특별시,11,402,2905,699,631,1236,193,2037,152,1225,755,677
20190416,서울특별시,11,서초구,11650,부산광역시,26,76,608,137,118,310,36,383,34,238,192,182
20190416,서울특별시,11,서초구,11650,대구광역시,27,61,500,116,89,209,28,257,36,175,135,113
20190416,서울특별시,11,서초구,11650,인천광역시,28,85,501,107,133,314,36,336,40,258,169,169
20190416,서울특별시,11,서초구,11650,광주광역시,29,45,285,79,61,109,12,135,21,129,84,74
20190416,서울특별시,11,서초구,11650,대전광역시,30,49,330,69,56,150,18,137,18,123,83,57
20190416,서울특별시,11,서초구,11650,울산광역시,31,43,180,35,44,99,26,113,11,106,60,46
20190416,서울특별시,11,서초구,11650,세종특별자치시,36,24,70,14,11,35,6,41,6,32,25,14
20190416,서울특별시,11,서초구,11650,경기도,41,386,3642,660,747,1474,250,1634,227,1618,868,766
20190416,서울특별시,11,서초구,11650,강원도,42,56,246,55,53,196,22,185,14,79,100,59
20190416,서울특별시,11,서초구,11650,충청북도,43,39,283,71,66,271,12,134,21,103,86,68
20190416,서울특별시,11,서초구,11650,충청남도,44,49,323,64,77,213,41,208,90,190,138,143
20190416,서울특별시,11,서초구,11650,전라북도,45,80,368,92,76,149,21,169,26,142,91,77
20190416,서울특별시,11,서초구,11650,전라남도,46,36,251,57,73,144,29,136,21,104,66,81
20190416,서울특별시,11,서초구,11650,경상북도,47,54,398,84,76,204,26,268,47,181,110,114
20190416,서울특별시,11,서초구,11650,경상남도,48,95,493,111,127,254,58,335,37,234,159,192
20190416,서울특별시,11,서초구,11650,제주특별자치도,50,8,124,17,26,36,5,38,6,32,18,44
20190416,서울특별시,11,노원구,11350,제주특별자치도,50,0,18,4,6,17,0,14,6,50,13,5
20190416,서울특별시,11,노원구,11350,경상남도,48,32,129,19,58,154,13,66,32,376,80,76
20190416,서울특별시,11,노원구,11350,경상북도,47,23,94,10,44,107,22,47,29,309,53,47
20190416,서울특별시,11,노원구,11350,전라남도,46,8,64,3,27,53,9,24,14,197,35,39
20190416,서울특별시,11,노원구,11350,전라북도,45,7,55,10,23,60,8,37,27,224,35,46
20190416,서울특별시,11,노원구,11350,충청남도,44,11,93,4,32,95,21,48,31,296,51,63
20190416,서울특별시,11,노원구,11350,충청북도,43,10,61,18,35,66,20,20,19,213,41,45
20190416,서울특별시,11,노원구,11350,강원도,42,8,68,10,32,52,18,32,19,234,35,37
20190416,서울특별시,11,노원구,11350,경기도,41,106,707,137,314,768,144,314,190,2181,434,406
20190416,서울특별시,11,노원구,11350,세종특별자치시,36,0,15,6,5,17,6,10,10,51,10,8
20190416,서울특별시,11,노원구,11350,울산광역시,31,5,50,8,17,36,11,16,8,129,24,25
20190416,서울특별시,11,노원구,11350,대전광역시,30,4,72,3,34,61,15,33,10,222,56,52
20190416,서울특별시,11,노원구,11350,광주광역시,29,15,82,9,16,55,16,21,24,198,47,28
20190416,서울특별시,11,노원구,11350,인천광역시,28,15,141,26,60,160,21,65,42,367,60,68
20190416,서울특별시,11,노원구,11350,대구광역시,27,14,117,29,38,113,33,46,23,319,61,52
20190416,서울특별시,11,노원구,11350,부산광역시,26,16,156,22,45,126,35,48,31,408,91,67
20190416,서울특별시,11,서대문구,11410,전라남도,46,8,58,5,20,258,3,64,24,99,35,34
20190416,서울특별시,11,서대문구,11410,전라북도,45,10,61,24,19,263,6,68,26,119,24,51
20190416,서울특별시,11,서대문구,11410,충청남도,44,8,76,23,18,395,6,124,31,149,44,101
20190416,서울특별시,11,서대문구,11410,충청북도,43,7,60,14,16,263,14,84,29,145,34,64
20190416,서울특별시,11,서대문구,11410,강원도,42,4,54,12,17,275,7,51,28,94,31,88
20190416,서울특별시,11,서대문구,11410,경기도,41,51,681,104,192,1852,71,612,181,1263,358,613
20190416,서울특별시,11,서대문구,11410,세종특별자치시,36,0,17,4,4,48,3,10,5,27,7,14
20190416,서울특별시,11,서대문구,11410,울산광역시,31,8,41,11,12,190,3,39,19,83,28,37
20190416,서울특별시,11,서대문구,11410,대전광역시,30,3,59,41,20,254,6,63,19,119,34,61
20190416,서울특별시,11,서대문구,11410,광주광역시,29,6,52,17,12,215,8,47,28,116,27,51
20190416,서울특별시,11,서대문구,11410,인천광역시,28,6,125,21,33,399,20,126,47,247,63,145
20190416,서울특별시,11,서대문구,11410,대구광역시,27,20,78,22,21,320,11,99,32,147,53,64
20190416,서울특별시,11,서대문구,11410,부산광역시,26,8,115,23,41,531,12,124,33,196,63,99
20190416,서울특별시,11,서대문구,11410,서울특별시,11,30,647,151,181,1351,62,457,113,922,314,444
20190416,서울특별시,11,노원구,11350,서울특별시,11,78,666,144,290,572,93,356,119,1484,349,331
20190416,서울특별시,11,광진구,11215,서울특별시,11,155,1482,211,839,914,123,863,93,1608,694,530
20190416,서울특별시,11,광진구,11215,부산광역시,26,56,335,39,199,199,30,206,38,401,155,109
20190416,서울특별시,11,광진구,11215,대구광역시,27,24,253,22,111,134,28,205,28,288,109,89
20190416,서울특별시,11,광진구,11215,인천광역시,28,36,315,29,204,263,34,202,35,374,163,106
20190416,서울특별시,11,양천구,11470,제주특별자치도,50,6,27,3,9,24,6,17,8,21,9,32
20190416,서울특별시,11,양천구,11470,경상남도,48,51,177,30,118,288,57,179,31,112,69,188
20190416,서울특별시,11,양천구,11470,경상북도,47,36,100,11,82,258,46,208,36,83,52,148
20190416,서울특별시,11,양천구,11470,전라남도,46,20,80,16,40,137,22,96,17,64,38,96
20190416,서울특별시,11,동작구,11590,서울특별시,11,112,615,297,256,764,116,221,49,854,345,443
20190416,서울특별시,11,동작구,11590,부산광역시,26,27,136,67,55,127,21,55,15,158,77,109
20190416,서울특별시,11,동작구,11590,대구광역시,27,34,83,54,54,106,12,31,8,117,33,89
20190416,서울특별시,11,동작구,11590,인천광역시,28,45,160,73,52,151,32,131,13,166,81,116
20190416,서울특별시,11,동작구,11590,광주광역시,29,28,75,38,24,65,7,20,12,94,36,60
20190416,서울특별시,11,동작구,11590,대전광역시,30,20,60,38,30,53,10,21,8,73,29,53
20190416,서울특별시,11,동작구,11590,울산광역시,31,11,71,17,15,35,17,19,7,49,16,37
20190416,서울특별시,11,동작구,11590,세종특별자치시,36,6,16,7,4,11,6,6,7,15,7,9
20190416,서울특별시,11,구로구,11530,대구광역시,27,20,281,39,96,314,22,184,23,233,112,184
20190416,서울특별시,11,구로구,11530,인천광역시,28,30,413,78,183,415,34,203,47,383,148,296
20190416,서울특별시,11,구로구,11530,광주광역시,29,15,189,34,79,213,15,94,14,191,59,123
20190416,서울특별시,11,구로구,11530,대전광역시,30,14,223,28,80,221,16,98,47,181,71,136
20190416,서울특별시,11,구로구,11530,울산광역시,31,8,163,21,42,160,6,82,19,151,44,95
20190416,서울특별시,11,구로구,11530,세종특별자치시,36,6,53,8,17,50,5,14,21,57,19,26
20190416,서울특별시,11,동작구,11590,경기도,41,184,705,297,306,748,159,248,88,1127,395,547
20190416,서울특별시,11,동작구,11590,강원도,42,19,53,33,23,41,20,29,15,73,22,40
20190416,서울특별시,11,동작구,11590,충청북도,43,18,65,36,41,61,12,37,14,81,36,48
20190416,서울특별시,11,동작구,11590,충청남도,44,22,103,41,30,91,22,35,17,122,46,74
20190416,서울특별시,11,동작구,11590,전라북도,45,23,51,25,27,54,14,27,13,97,40,37
20190416,서울특별시,11,동작구,11590,전라남도,46,15,54,26,24,74,6,28,20,72,27,51
20190416,서울특별시,11,동작구,11590,경상북도,47,36,97,37,53,89,29,35,33,120,49,81
20190416,서울특별시,11,동작구,11590,경상남도,48,40,110,54,59,111,36,41,13,161,63,112
20190416,서울특별시,11,동작구,11590,제주특별자치도,50,3,22,15,5,17,0,5,4,28,10,5
20190416,서울특별시,11,종로구,11110,제주특별자치도,50,4,63,10,12,26,0,14,21,43,34,4
20190416,서울특별시,11,종로구,11110,경상남도,48,35,322,40,85,181,11,53,56,427,191,45
20190416,서울특별시,11,종로구,11110,경상북도,47,30,260,27,37,128,5,56,56,331,141,27
20190416,서울특별시,11,종로구,11110,전라남도,46,21,150,21,30,90,7,40,60,246,103,23
20190416,서울특별시,11,종로구,11110,전라북도,45,9,178,24,36,86,4,45,63,209,111,24
20190416,서울특별시,11,종로구,11110,충청남도,44,27,252,37,47,124,0,67,42,270,113,36
20190416,서울특별시,11,종로구,11110,충청북도,43,18,204,51,46,89,0,36,38,205,107,21
20190416,서울특별시,11,종로구,11110,강원도,42,16,201,27,38,93,3,41,50,192,98,29
20190416,서울특별시,11,종로구,11110,경기도,41,195,2169,348,405,888,49,435,269,1775,1053,233
20190416,서울특별시,11,종로구,11110,세종특별자치시,36,3,40,11,6,30,0,0,7,63,22,0
20190416,서울특별시,11,종로구,11110,울산광역시,31,19,121,19,27,53,4,27,21,136,66,13
20190416,서울특별시,11,종로구,11110,대전광역시,30,18,197,45,46,69,0,22,54,183,127,32
20190416,서울특별시,11,종로구,11110,광주광역시,29,13,165,22,39,100,4,19,34,238,103,15
20190416,서울특별시,11,종로구,11110,인천광역시,28,32,388,47,79,134,5,65,66,324,192,39
20190416,서울특별시,11,강북구,11305,제주특별자치도,50,0,18,4,4,5,0,0,11,86,18,0
20190416,서울특별시,11,강북구,11305,경상남도,48,15,163,16,43,70,6,31,87,525,140,9
20190416,서울특별시,11,강북구,11305,경상북도,47,16,127,14,27,81,7,22,49,409,81,7
20190416,서울특별시,11,강북구,11305,전라남도,46,10,90,11,28,44,0,23,38,263,58,6
20190416,서울특별시,11,강북구,11305,전라북도,45,7,77,13,34,44,5,21,32,275,57,5
20190416,서울특별시,11,강북구,11305,충청남도,44,14,128,18,30,58,10,40,59,412,112,12
20190416,서울특별시,11,강북구,11305,충청북도,43,6,107,10,19,49,4,25,33,306,67,4
20190416,서울특별시,11,강북구,11305,강원도,42,9,77,7,23,47,7,16,23,303,54,4
20190416,서울특별시,11,강북구,11305,경기도,41,96,871,105,217,441,56,195,352,2659,684,69
20190416,서울특별시,11,강북구,11305,세종특별자치시,36,0,23,0,5,9,0,0,11,59,23,0
20190416,서울특별시,11,강북구,11305,울산광역시,31,6,53,7,16,34,3,16,23,208,41,0
20190416,서울특별시,11,강북구,11305,대전광역시,30,7,74,8,19,38,8,26,33,223,60,3
20190416,서울특별시,11,강북구,11305,광주광역시,29,6,102,7,15,36,3,17,23,284,67,9
20190416,서울특별시,11,강북구,11305,인천광역시,28,13,165,13,49,79,10,49,56,585,140,5
20190416,서울특별시,11,강북구,11305,대구광역시,27,17,128,19,35,64,6,34,46,399,90,6
20190416,서울특별시,11,강북구,11305,부산광역시,26,20,163,10,29,90,3,43,70,506,123,17
20190416,서울특별시,11,종로구,11110,대구광역시,27,20,280,37,44,122,5,47,37,311,141,29
20190416,서울특별시,11,종로구,11110,부산광역시,26,19,349,48,75,210,10,58,60,485,213,49
20190416,서울특별시,11,종로구,11110,서울특별시,11,134,2416,555,364,571,40,268,331,1403,765,183
20190416,서울특별시,11,광진구,11215,광주광역시,29,19,159,24,91,100,16,78,12,182,74,67
20190416,서울특별시,11,광진구,11215,대전광역시,30,22,158,15,118,107,16,112,9,201,84,52
20190416,서울특별시,11,광진구,11215,울산광역시,31,12,99,11,66,82,18,54,10,128,56,32
20190416,서울특별시,11,광진구,11215,세종특별자치시,36,3,53,7,29,33,0,15,3,38,24,11
20190416,서울특별시,11,광진구,11215,경기도,41,193,1557,169,990,1172,147,1039,136,2037,788,609
20190416,서울특별시,11,광진구,11215,강원도,42,23,167,19,87,99,29,117,11,206,61,44
20190416,서울특별시,11,광진구,11215,충청북도,43,20,170,17,100,107,21,108,23,223,73,70
20190416,서울특별시,11,광진구,11215,충청남도,44,36,191,27,132,168,28,153,20,316,97,68
20190416,서울특별시,11,광진구,11215,전라북도,45,21,163,17,82,95,19,89,13,191,76,73
20190416,서울특별시,11,광진구,11215,전라남도,46,10,136,22,91,91,14,98,14,170,68,38
20190416,서울특별시,11,광진구,11215,경상북도,47,31,233,30,152,168,20,180,25,216,99,83
20190416,서울특별시,11,광진구,11215,경상남도,48,45,254,25,171,231,30,196,32,298,159,113
20190416,서울특별시,11,광진구,11215,제주특별자치도,50,0,49,10,26,26,5,16,0,61,27,14
20190416,서울특별시,11,강동구,11740,울산광역시,31,38,57,52,12,90,7,73,16,106,30,27
20190416,서울특별시,11,양천구,11470,충청남도,44,40,87,15,85,208,24,154,31,84,85,147
20190416,서울특별시,11,양천구,11470,충청북도,43,18,89,20,57,157,18,93,15,68,35,113
20190416,서울특별시,11,양천구,11470,강원도,42,13,83,13,69,179,28,93,15,57,44,101
20190416,서울특별시,11,양천구,11470,경기도,41,227,895,136,579,1459,248,877,179,998,483,895
20190416,서울특별시,11,양천구,11470,세종특별자치시,36,9,22,5,15,31,8,26,4,15,10,21
20190416,서울특별시,11,양천구,11470,울산광역시,31,13,45,7,41,99,19,60,23,66,28,64
20190416,서울특별시,11,영등포구,11560,서울특별시,11,99,1766,1075,1943,1210,134,1071,134,1107,517,627
20190416,서울특별시,11,영등포구,11560,부산광역시,26,30,442,122,444,367,28,259,19,283,137,170
20190416,서울특별시,11,영등포구,11560,대구광역시,27,14,298,126,312,290,17,224,23,212,95,100
20190416,서울특별시,11,영등포구,11560,인천광역시,28,27,480,192,441,457,25,303,32,242,116,146
20190416,서울특별시,11,영등포구,11560,광주광역시,29,10,192,72,201,218,8,90,13,122,52,64
20190416,서울특별시,11,영등포구,11560,대전광역시,30,10,206,78,243,224,11,127,14,116,79,70
20190416,서울특별시,11,영등포구,11560,울산광역시,31,7,159,36,141,145,9,98,16,80,48,57
20190416,서울특별시,11,영등포구,11560,세종특별자치시,36,0,47,14,44,39,3,33,6,25,10,14
20190416,서울특별시,11,영등포구,11560,경기도,41,92,2035,856,2234,1614,152,1352,149,1564,635,692
20190416,서울특별시,11,영등포구,11560,강원도,42,10,202,55,253,188,13,167,10,102,55,69
20190416,서울특별시,11,영등포구,11560,충청북도,43,0,189,85,213,202,20,103,9,146,65,72
20190416,서울특별시,11,영등포구,11560,충청남도,44,13,312,109,310,409,31,173,18,174,87,95
20190416,서울특별시,11,영등포구,11560,전라북도,45,0,263,76,208,176,12,135,14,146,59,78
20190416,서울특별시,11,영등포구,11560,전라남도,46,12,222,53,225,173,9,152,13,114,55,92
20190416,서울특별시,11,영등포구,11560,경상북도,47,15,280,79,351,326,17,205,22,151,74,103
20190416,서울특별시,11,영등포구,11560,경상남도,48,14,433,107,463,385,27,530,22,261,95,141
20190416,서울특별시,11,영등포구,11560,제주특별자치도,50,0,49,20,52,66,4,41,3,42,11,15
20190416,서울특별시,11,양천구,11470,대전광역시,30,23,95,7,63,147,36,84,11,78,31,117
20190416,서울특별시,11,양천구,11470,광주광역시,29,26,87,9,66,172,21,81,15,66,36,97
20190416,서울특별시,11,양천구,11470,인천광역시,28,51,165,36,125,278,42,188,27,111,73,188
20190416,서울특별시,11,양천구,11470,대구광역시,27,39,106,20,91,232,27,135,21,99,67,143
20190416,서울특별시,11,양천구,11470,부산광역시,26,51,163,16,104,280,45,190,21,148,108,201
20190416,서울특별시,11,강북구,11305,서울특별시,11,57,641,88,188,350,39,126,224,1768,466,55
20190416,서울특별시,11,구로구,11530,경기도,41,150,2227,329,784,1916,162,943,168,1994,662,1128
20190416,서울특별시,11,구로구,11530,강원도,42,14,198,36,87,222,15,113,12,205,55,131
20190416,서울특별시,11,구로구,11530,충청북도,43,13,239,31,85,267,25,146,16,228,78,137
20190416,서울특별시,11,구로구,11530,충청남도,44,23,314,37,113,285,31,188,39,311,103,168
20190416,서울특별시,11,구로구,11530,전라북도,45,10,234,31,88,233,14,120,15,267,49,113
20190416,서울특별시,11,구로구,11530,전라남도,46,10,194,25,75,183,22,118,23,196,59,122
20190416,서울특별시,11,구로구,11530,경상북도,47,22,301,37,115,291,32,165,24,349,103,177
20190416,서울특별시,11,양천구,11470,서울특별시,11,173,685,105,481,958,143,667,88,593,335,725
20190416,서울특별시,11,중구,11140,서울특별시,11,365,2564,472,413,2027,336,645,117,5085,1298,336
20190416,서울특별시,11,중구,11140,부산광역시,26,84,644,123,100,518,84,175,29,1192,285,54
20190416,서울특별시,11,중구,11140,대구광역시,27,42,534,76,59,440,65,98,18,916,236,41
20190416,서울특별시,11,중구,11140,인천광역시,28,73,463,92,103,462,68,180,25,1103,323,57
20190416,서울특별시,11,중구,11140,광주광역시,29,31,379,54,30,223,47,65,26,674,151,17
20190416,서울특별시,11,중구,11140,대전광역시,30,43,298,44,39,274,41,57,21,625,146,30
20190416,서울특별시,11,중구,11140,울산광역시,31,31,187,34,30,153,48,53,16,396,92,23
20190416,서울특별시,11,중구,11140,세종특별자치시,36,16,77,18,8,83,7,25,7,134,37,4
20190416,서울특별시,11,중구,11140,경기도,41,391,2682,398,421,2468,414,709,175,5723,1413,311
20190416,서울특별시,11,중구,11140,강원도,42,48,288,50,45,282,44,90,15,518,139,27
20190416,서울특별시,11,중구,11140,충청북도,43,37,267,54,41,312,39,101,26,588,141,23
20190416,서울특별시,11,중구,11140,충청남도,44,50,367,94,81,407,72,108,28,800,174,56
20190416,서울특별시,11,구로구,11530,경상남도,48,36,427,58,130,418,36,268,47,402,122,276
20190416,서울특별시,11,중구,11140,전라북도,45,40,284,43,37,270,50,90,18,591,149,33
20190416,서울특별시,11,중구,11140,전라남도,46,40,313,41,32,316,42,68,23,508,156,15
20190416,서울특별시,11,중구,11140,경상북도,47,67,358,62,59,428,57,118,48,874,212,35
20190416,서울특별시,11,중구,11140,경상남도,48,65,573,104,75,524,88,147,38,1065,253,57
20190416,서울특별시,11,중구,11140,제주특별자치도,50,28,96,26,16,102,10,20,12,183,56,5
20190416,서울특별시,11,구로구,11530,제주특별자치도,50,0,87,13,13,55,6,47,8,49,21,23
20190416,서울특별시,11,강서구,11500,서울특별시,11,204,1513,451,803,1586,146,2530,316,2010,815,1558
20190416,서울특별시,11,강남구,11680,제주특별자치도,50,5,132,15,41,45,15,52,10,140,51,121
20190416,서울특별시,11,강남구,11680,경상남도,48,40,505,83,157,349,40,337,71,702,321,643
20190416,서울특별시,11,강남구,11680,경상북도,47,38,353,50,115,248,28,268,68,550,220,488
20190416,서울특별시,11,강남구,11680,전라남도,46,23,216,27,78,167,16,171,26,326,125,294
20190416,서울특별시,11,강남구,11680,전라북도,45,35,257,40,85,129,28,178,30,450,160,301
20190416,서울특별시,11,강남구,11680,충청남도,44,47,378,40,129,198,18,242,43,546,205,424
20190416,서울특별시,11,강남구,11680,충청북도,43,26,281,67,75,152,17,173,33,427,158,294
20190416,서울특별시,11,강남구,11680,강원도,42,25,255,40,82,185,26,214,43,404,151,315
20190416,서울특별시,11,강남구,11680,경기도,41,308,3094,434,1130,1697,243,1904,368,4670,1640,2804
20190416,서울특별시,11,강남구,11680,세종특별자치시,36,5,71,16,21,45,6,47,12,100,33,66
20190416,서울특별시,11,강남구,11680,울산광역시,31,15,212,22,61,121,16,135,22,290,102,260
20190416,서울특별시,11,강남구,11680,대전광역시,30,31,286,40,94,162,17,188,37,484,167,266
20190416,서울특별시,11,강남구,11680,광주광역시,29,19,269,46,93,155,22,175,25,464,155,296
20190416,서울특별시,11,강남구,11680,인천광역시,28,73,606,77,182,333,41,365,71,859,322,609
20190416,서울특별시,11,강남구,11680,대구광역시,27,44,457,65,161,240,28,257,50,665,246,477
20190416,서울특별시,11,강남구,11680,부산광역시,26,53,750,61,159,371,23,379,50,924,365,759
20190416,서울특별시,11,강남구,11680,서울특별시,11,286,3234,577,1111,1428,194,1759,267,4317,1520,2582
20190416,서울특별시,11,강서구,11500,부산광역시,26,60,367,106,151,498,37,714,105,554,229,459
20190416,서울특별시,11,강서구,11500,대구광역시,27,59,267,82,109,348,34,408,73,388,148,318
20190416,서울특별시,11,강서구,11500,인천광역시,28,51,373,110,184,437,44,704,110,571,242,452
20190416,서울특별시,11,강서구,11500,광주광역시,29,28,188,54,76,243,20,265,58,280,105,221
20190416,서울특별시,11,강서구,11500,대전광역시,30,35,192,49,75,243,24,302,55,287,100,219
20190416,서울특별시,11,강서구,11500,울산광역시,31,13,118,28,66,196,17,233,36,216,84,145
20190416,서울특별시,11,강서구,11500,세종특별자치시,36,11,61,12,25,43,6,74,19,104,37,67
20190416,서울특별시,11,강서구,11500,경기도,41,315,1868,515,909,2133,279,3251,479,2990,1129,2185
20190416,서울특별시,11,강서구,11500,강원도,42,32,191,40,140,329,29,353,44,638,223,482
20190416,서울특별시,11,강서구,11500,충청북도,43,39,195,51,134,273,19,441,45,395,187,332
20190416,서울특별시,11,강서구,11500,충청남도,44,49,276,55,157,412,35,483,73,642,237,484
20190416,서울특별시,11,강서구,11500,전라북도,45,28,185,56,94,244,21,333,54,395,141,307
20190416,서울특별시,11,강서구,11500,전라남도,46,22,176,37,98,295,23,361,40,470,164,324
20190416,서울특별시,11,강서구,11500,경상북도,47,28,280,65,179,481,43,543,94,700,276,520
20190416,서울특별시,11,강서구,11500,경상남도,48,56,362,93,203,500,51,712,113,726,307,611
20190416,서울특별시,11,강서구,11500,제주특별자치도,50,5,52,17,19,47,8,49,25,89,32,59
20190416,서울특별시,11,도봉구,11320,제주특별자치도,50,3,50,9,18,14,3,28,4,36,24,46
20190416,서울특별시,11,도봉구,11320,경상남도,48,32,313,59,249,145,34,292,32,397,208,470
20190416,서울특별시,11,도봉구,11320,경상북도,47,33,288,42,181,111,28,177,27,262,175,378
20190416,서울특별시,11,도봉구,11320,전라남도,46,7,141,26,99,75,15,98,27,206,102,209
20190416,서울특별시,11,도봉구,11320,전라북도,45,12,131,26,123,63,13,117,17,193,103,220
20190416,서울특별시,11,도봉구,11320,충청남도,44,17,216,37,174,104,19,210,42,261,165,301
20190416,서울특별시,11,도봉구,11320,충청북도,43,16,175,30,148,80,19,152,11,195,110,250
20190416,서울특별시,11,도봉구,11320,강원도,42,17,187,36,122,81,11,133,16,162,106,175
20190416,서울특별시,11,도봉구,11320,경기도,41,126,1553,399,1277,733,132,1345,244,1875,1002,2090
20190416,서울특별시,11,도봉구,11320,세종특별자치시,36,0,32,7,27,14,6,30,9,47,24,55
20190416,서울특별시,11,도봉구,11320,울산광역시,31,18,98,23,83,58,11,88,10,129,74,195
20190416,서울특별시,11,도봉구,11320,대전광역시,30,13,171,27,145,68,17,159,20,151,121,248
20190416,서울특별시,11,도봉구,11320,광주광역시,29,21,154,40,117,70,10,116,24,182,117,252
20190416,서울특별시,11,도봉구,11320,인천광역시,28,26,303,51,285,183,26,270,38,339,235,487
20190416,서울특별시,11,도봉구,11320,대구광역시,27,15,252,46,174,116,26,210,35,276,143,379
20190416,서울특별시,11,도봉구,11320,부산광역시,26,27,345,66,261,146,37,313,45,349,216,485
20190416,서울특별시,11,은평구,11380,서울특별시,11,157,719,157,295,775,193,369,151,1259,683,680
20190416,서울특별시,11,은평구,11380,부산광역시,26,30,185,28,63,184,56,86,49,385,238,180
20190416,서울특별시,11,은평구,11380,대구광역시,27,23,112,22,42,124,46,79,31,247,163,111
20190416,서울특별시,11,은평구,11380,인천광역시,28,40,187,30,66,180,49,92,59,372,202,171
20190416,서울특별시,11,은평구,11380,광주광역시,29,17,81,10,31,92,34,36,32,199,112,80
20190416,서울특별시,11,은평구,11380,대전광역시,30,22,84,11,32,89,25,42,20,172,112,82
20190416,서울특별시,11,은평구,11380,울산광역시,31,18,66,6,27,64,33,43,22,139,93,58
20190416,서울특별시,11,은평구,11380,세종특별자치시,36,6,24,3,9,28,9,12,9,41,26,16
20190416,서울특별시,11,은평구,11380,경기도,41,169,892,177,328,994,262,441,242,2005,1050,861
20190416,서울특별시,11,은평구,11380,강원도,42,27,82,20,35,144,30,45,21,178,119,78
20190416,서울특별시,11,은평구,11380,충청북도,43,13,118,28,33,82,39,38,27,182,124,101
20190416,서울특별시,11,은평구,11380,충청남도,44,24,136,26,43,142,43,76,46,292,129,95
20190416,서울특별시,11,은평구,11380,전라북도,45,24,87,16,38,105,37,39,23,225,109,85
20190416,서울특별시,11,은평구,11380,전라남도,46,10,82,14,21,91,24,38,21,212,115,74
20190416,서울특별시,11,은평구,11380,경상북도,47,34,167,30,42,142,41,84,45,246,138,137
20190416,서울특별시,11,은평구,11380,경상남도,48,46,170,45,65,189,55,106,60,384,244,186
20190416,서울특별시,11,은평구,11380,제주특별자치도,50,4,25,3,7,14,9,6,0,67,40,24
20190416,서울특별시,11,송파구,11710,서울특별시,11,111,2356,202,681,1094,172,2407,154,3664,1406,699
20190416,서울특별시,11,송파구,11710,부산광역시,26,34,458,64,196,405,44,438,34,849,314,192
20190416,서울특별시,11,송파구,11710,대구광역시,27,20,366,41,112,343,31,270,35,616,177,148
20190416,서울특별시,11,송파구,11710,인천광역시,28,28,456,32,149,377,21,442,41,905,299,171
20190416,서울특별시,11,송파구,11710,광주광역시,29,11,255,27,71,180,19,223,28,461,132,100
20190416,서울특별시,11,송파구,11710,대전광역시,30,27,236,30,69,167,22,191,15,467,138,82
20190416,서울특별시,11,송파구,11710,울산광역시,31,7,142,9,57,124,12,124,14,291,106,71
20190416,서울특별시,11,송파구,11710,세종특별자치시,36,5,57,6,19,55,6,58,9,114,31,13
20190416,서울특별시,11,송파구,11710,경기도,41,162,2308,241,779,1789,229,2685,222,4705,1519,939
20190416,서울특별시,11,송파구,11710,강원도,42,9,234,17,64,185,26,175,29,437,118,76
20190416,서울특별시,11,송파구,11710,충청북도,43,15,234,43,65,219,16,234,22,452,134,99
20190416,서울특별시,11,송파구,11710,충청남도,44,23,337,34,79,324,28,253,34,605,169,103
20190416,서울특별시,11,송파구,11710,전라북도,45,17,224,21,75,179,25,236,22,473,147,79
20190416,서울특별시,11,송파구,11710,전라남도,46,14,199,20,59,179,17,203,24,387,112,60
20190416,서울특별시,11,송파구,11710,경상북도,47,25,329,29,118,332,19,263,42,608,171,145
20190416,서울특별시,11,송파구,11710,경상남도,48,39,445,39,135,434,39,415,46,791,226,177
20190416,서울특별시,11,송파구,11710,제주특별자치도,50,4,67,7,19,85,8,48,12,148,37,25
20190416,서울특별시,11,중랑구,11260,제주특별자치도,50,11,37,6,18,50,7,22,10,110,59,27
20190416,서울특별시,11,중랑구,11260,경상남도,48,88,320,45,164,452,85,249,108,929,392,253
20190416,서울특별시,11,중랑구,11260,경상북도,47,59,297,27,137,399,38,222,65,708,313,177
20190416,서울특별시,11,중랑구,11260,전라남도,46,40,189,23,71,265,28,113,53,437,208,109
20190416,서울특별시,11,중랑구,11260,전라북도,45,41,181,26,72,242,25,133,60,464,222,142
20190416,서울특별시,11,중랑구,11260,충청남도,44,64,348,36,115,365,37,176,80,657,311,180
20190416,서울특별시,11,중랑구,11260,충청북도,43,42,190,22,74,242,23,139,64,473,238,144
20190416,서울특별시,11,중랑구,11260,강원도,42,43,174,14,82,226,30,109,47,421,185,106
20190416,서울특별시,11,중랑구,11260,경기도,41,413,1833,247,774,2295,269,1105,552,4435,1866,1123
20190416,서울특별시,11,중랑구,11260,세종특별자치시,36,16,27,3,13,62,6,25,12,101,62,26
20190416,서울특별시,11,중랑구,11260,울산광역시,31,40,142,14,51,187,22,92,36,313,127,81
20190416,서울특별시,11,중랑구,11260,대전광역시,30,42,193,23,86,251,26,105,46,433,217,110
20190416,서울특별시,11,중랑구,11260,광주광역시,29,44,178,11,63,219,20,108,65,480,235,97
20190416,서울특별시,11,중랑구,11260,인천광역시,28,82,403,38,255,454,49,227,119,997,380,233
20190416,서울특별시,11,중랑구,11260,대구광역시,27,56,244,33,110,323,48,225,61,635,293,182
20190416,서울특별시,11,중랑구,11260,부산광역시,26,83,355,41,141,494,52,253,81,906,423,232
20190416,서울특별시,11,중랑구,11260,서울특별시,11,325,1367,215,623,1682,202,920,331,3254,1396,872
20190416,서울특별시,11,용산구,11170,서울특별시,11,184,1912,320,10002,1137,128,489,153,1945,782,307
20190416,서울특별시,11,용산구,11170,부산광역시,26,45,459,170,2201,311,30,103,33,476,183,73
20190416,서울특별시,11,용산구,11170,대구광역시,27,35,433,44,1585,180,21,106,21,344,134,47
20190416,서울특별시,11,용산구,11170,인천광역시,28,39,424,161,2218,274,37,111,36,444,170,78
20190416,서울특별시,11,관악구,11620,서울특별시,11,147,716,342,424,400,27,238,37,1024,337,942
20190416,서울특별시,11,관악구,11620,부산광역시,26,37,182,58,81,95,5,57,8,245,77,263
20190416,서울특별시,11,관악구,11620,대구광역시,27,24,113,42,70,63,5,24,14,197,57,223
20190416,서울특별시,11,용산구,11170,광주광역시,29,27,188,39,1004,120,18,38,22,217,92,48
20190416,서울특별시,11,용산구,11170,대전광역시,30,26,226,40,1285,110,22,67,19,182,98,29
20190416,서울특별시,11,용산구,11170,울산광역시,31,13,135,23,752,89,13,31,13,193,60,26
20190416,서울특별시,11,용산구,11170,세종특별자치시,36,7,47,12,260,39,8,17,5,62,27,8
20190416,서울특별시,11,용산구,11170,경기도,41,249,2069,328,11133,1323,189,556,234,2326,868,390
20190416,서울특별시,11,용산구,11170,강원도,42,23,188,31,1075,128,12,48,24,208,68,37
20190416,서울특별시,11,용산구,11170,충청북도,43,24,211,42,1225,131,25,63,21,206,93,43
20190416,서울특별시,11,용산구,11170,충청남도,44,32,309,49,1748,184,26,63,39,263,138,43
20190416,서울특별시,11,용산구,11170,전라북도,45,17,182,47,1167,118,17,63,18,226,61,38
20190416,서울특별시,11,용산구,11170,전라남도,46,20,195,27,981,131,15,46,31,192,72,36
20190416,서울특별시,11,용산구,11170,경상북도,47,32,382,42,1758,235,24,71,31,300,138,45
20190416,서울특별시,11,용산구,11170,경상남도,48,48,420,55,2135,248,25,85,50,423,164,81
20190416,서울특별시,11,용산구,11170,제주특별자치도,50,5,67,7,296,22,0,12,6,88,30,13
20190416,서울특별시,11,도봉구,11320,서울특별시,11,126,1305,299,1013,511,125,1078,126,1090,711,1572
20190416,서울특별시,11,관악구,11620,제주특별자치도,50,16,26,11,9,11,0,9,0,40,13,19
20190416,서울특별시,11,관악구,11620,경상남도,48,46,149,33,95,112,7,43,13,231,66,233
20190416,서울특별시,11,관악구,11620,경상북도,47,26,119,39,61,71,4,46,17,161,59,185
20190416,서울특별시,11,관악구,11620,전라남도,46,18,101,19,42,43,7,30,8,106,21,122
20190416,서울특별시,11,관악구,11620,전라북도,45,16,93,36,37,49,3,15,6,135,41,108
20190416,서울특별시,11,관악구,11620,충청남도,44,25,138,30,72,78,4,48,9,139,61,169
20190416,서울특별시,11,금천구,11545,서울특별시,11,469,2405,382,2052,2778,375,1427,227,1778,1850,2912
20190416,서울특별시,11,금천구,11545,부산광역시,26,100,577,57,485,823,97,312,54,424,513,850
20190416,서울특별시,11,금천구,11545,대구광역시,27,65,435,72,331,524,91,186,50,381,366,623
20190416,서울특별시,11,금천구,11545,인천광역시,28,99,582,62,562,679,82,297,79,431,500,745
20190416,서울특별시,11,금천구,11545,광주광역시,29,43,311,18,264,368,51,147,20,257,300,387
20190416,서울특별시,11,금천구,11545,대전광역시,30,40,298,44,264,370,51,151,35,229,259,394
20190416,서울특별시,11,금천구,11545,울산광역시,31,42,194,17,171,242,36,99,24,160,182,385
20190416,서울특별시,11,금천구,11545,세종특별자치시,36,10,64,7,56,62,13,29,12,69,52,63
20190416,서울특별시,11,금천구,11545,경기도,41,544,3207,368,2484,3311,452,1464,372,2209,2267,3470
20190416,서울특별시,11,금천구,11545,강원도,42,50,222,75,284,385,44,157,33,189,220,313
20190416,서울특별시,11,금천구,11545,충청북도,43,57,263,49,266,391,48,148,28,221,281,402
20190416,서울특별시,11,금천구,11545,충청남도,44,56,430,46,366,585,69,208,47,296,308,490
20190416,서울특별시,11,금천구,11545,전라북도,45,50,322,28,268,364,41,144,37,241,264,374
20190416,서울특별시,11,금천구,11545,전라남도,46,52,254,27,272,410,57,145,31,214,212,395
20190416,서울특별시,11,금천구,11545,경상북도,47,77,422,35,409,581,90,211,45,360,395,531
20190416,서울특별시,11,금천구,11545,경상남도,48,102,525,55,549,712,82,257,76,448,465,794
20190416,서울특별시,11,금천구,11545,제주특별자치도,50,14,92,10,68,147,14,40,8,68,83,116
20190416,서울특별시,11,동대문구,11230,제주특별자치도,50,37,88,5,25,47,0,66,31,146,30,16
20190416,서울특별시,11,동대문구,11230,경상남도,48,144,447,56,140,431,37,574,57,1041,262,181
20190416,서울특별시,11,동대문구,11230,경상북도,47,100,355,35,111,310,25,387,51,756,162,127
20190416,서울특별시,11,동대문구,11230,전라남도,46,57,204,41,50,181,27,276,37,454,112,75
20190416,서울특별시,11,동대문구,11230,전라북도,45,67,241,19,74,179,19,276,36,554,130,75
20190416,서울특별시,11,동대문구,11230,충청남도,44,86,341,39,90,270,26,397,50,730,175,137
20190416,서울특별시,11,동대문구,11230,충청북도,43,84,221,26,64,248,12,278,38,577,115,85
20190416,서울특별시,11,동대문구,11230,강원도,42,78,232,30,61,192,12,279,30,536,106,60
20190416,서울특별시,11,동대문구,11230,경기도,41,673,2233,250,650,1914,156,2527,357,5169,1132,759
20190416,서울특별시,11,동대문구,11230,세종특별자치시,36,25,45,6,19,55,5,43,7,121,27,13
20190416,서울특별시,11,동대문구,11230,울산광역시,31,51,161,11,44,149,13,214,29,377,83,58
20190416,서울특별시,11,동대문구,11230,대전광역시,30,65,197,26,73,178,9,277,34,552,98,77
20190416,서울특별시,11,동대문구,11230,광주광역시,29,63,210,23,48,176,11,241,39,560,119,72
20190416,서울특별시,11,동대문구,11230,인천광역시,28,136,483,46,113,370,27,579,110,1058,232,167
20190416,서울특별시,11,동대문구,11230,대구광역시,27,104,304,27,75,260,19,323,52,789,177,135
20190416,서울특별시,11,동대문구,11230,부산광역시,26,141,442,47,146,399,24,566,65,1088,229,195
20190416,서울특별시,11,동대문구,11230,서울특별시,11,676,1570,180,504,1258,102,1835,170,3842,934,542
20190416,서울특별시,11,성북구,11290,서울특별시,11,263,3473,811,1493,2420,399,1696,1243,12081,5498,2109
20190416,서울특별시,11,성북구,11290,부산광역시,26,60,925,302,401,654,102,574,453,3435,1449,598
20190416,서울특별시,11,성북구,11290,대구광역시,27,55,613,142,268,417,72,346,293,2486,1088,475
20190416,서울특별시,11,성북구,11290,인천광역시,28,83,874,327,425,644,127,492,755,3377,1503,565
20190416,서울특별시,11,성북구,11290,광주광역시,29,45,418,72,204,296,46,230,229,1820,760,279
20190416,서울특별시,11,성북구,11290,대전광역시,30,41,417,110,214,306,46,249,234,1757,721,278
20190416,서울특별시,11,성북구,11290,울산광역시,31,30,302,63,156,257,49,163,106,1212,498,220
20190416,서울특별시,11,성북구,11290,세종특별자치시,36,13,111,61,46,94,14,55,101,414,170,63
20190416,서울특별시,11,성북구,11290,경기도,41,377,4144,1369,1932,3083,569,2137,2597,16048,6303,2729
20190416,서울특별시,11,성북구,11290,강원도,42,45,421,108,209,317,64,228,319,1749,676,250
20190416,서울특별시,11,성북구,11290,충청북도,43,53,419,78,233,328,57,262,223,1839,696,282
20190416,서울특별시,11,성북구,11290,충청남도,44,45,581,320,332,522,90,317,622,2470,927,415
20190416,서울특별시,11,성북구,11290,전라북도,45,42,398,221,196,277,65,283,650,1893,659,321
20190416,서울특별시,11,성북구,11290,전라남도,46,29,387,169,197,318,50,218,417,1737,639,287
20190416,서울특별시,11,성북구,11290,경상북도,47,56,614,194,331,513,74,383,447,2613,1015,452
20190416,서울특별시,11,성북구,11290,경상남도,48,85,775,344,402,616,138,508,661,3460,1371,634
20190416,서울특별시,11,성북구,11290,제주특별자치도,50,12,120,13,44,102,13,45,282,541,220,94
20190416,서울특별시,11,관악구,11620,충청북도,43,28,91,23,44,56,8,30,9,139,38,134
20190416,서울특별시,11,관악구,11620,강원도,42,12,72,24,40,45,5,32,9,96,33,116
20190416,서울특별시,11,관악구,11620,경기도,41,205,797,276,389,594,54,269,71,1443,443,1140
20190416,서울특별시,11,관악구,11620,세종특별자치시,36,8,24,7,11,10,4,5,0,35,9,21
20190416,서울특별시,11,관악구,11620,울산광역시,31,15,51,13,20,32,3,16,3,101,28,72
20190416,서울특별시,11,관악구,11620,대전광역시,30,30,73,31,45,54,3,30,11,137,46,127
20190416,서울특별시,11,관악구,11620,광주광역시,29,14,60,32,43,46,4,29,7,127,43,128
20190416,서울특별시,11,관악구,11620,인천광역시,28,48,132,54,94,122,3,64,10,255,58,242
20190416,서울특별시,11,강동구,11740,제주특별자치도,50,10,21,0,6,33,4,24,0,33,19,12
20190416,서울특별시,11,강동구,11740,경상남도,48,98,174,128,41,265,35,181,28,209,71,75
20190416,서울특별시,11,강동구,11740,경상북도,47,70,128,98,29,215,14,145,18,168,56,56
20190416,서울특별시,11,강동구,11740,전라남도,46,56,90,72,20,148,15,105,9,104,34,37
20190416,서울특별시,11,성동구,11200,제주특별자치도,50,5,123,39,39,40,12,17,0,122,28,11
20190416,서울특별시,11,성동구,11200,경상남도,48,42,1240,329,142,231,62,208,50,587,183,112
20190416,서울특별시,11,성동구,11200,경상북도,47,22,1540,286,112,195,64,184,35,479,117,90
20190416,서울특별시,11,성동구,11200,전라남도,46,12,437,119,83,102,26,113,13,308,82,32
20190416,서울특별시,11,성동구,11200,전라북도,45,17,496,112,76,111,34,109,17,326,94,66
20190416,서울특별시,11,성동구,11200,충청남도,44,19,942,214,121,166,44,140,24,479,109,82
20190416,서울특별시,11,성동구,11200,충청북도,43,18,648,106,84,112,39,98,13,371,95,48
20190416,서울특별시,11,성동구,11200,강원도,42,18,453,141,109,129,33,99,17,286,86,50
20190416,서울특별시,11,성동구,11200,경기도,41,162,6146,1351,815,1318,343,1091,194,3631,1020,580
20190416,서울특별시,11,성동구,11200,세종특별자치시,36,3,174,48,11,24,6,22,7,66,21,10
20190416,서울특별시,11,성동구,11200,울산광역시,31,18,503,206,43,96,29,86,23,227,74,43
20190416,서울특별시,11,성동구,11200,대전광역시,30,16,676,199,72,107,30,109,14,316,121,55
20190416,서울특별시,11,성동구,11200,광주광역시,29,16,553,118,88,141,34,86,20,338,97,58
20190416,서울특별시,11,성동구,11200,인천광역시,28,35,1151,242,151,228,72,203,22,722,193,119
20190416,서울특별시,11,성동구,11200,대구광역시,27,28,1306,364,132,205,57,174,38,546,162,94
20190416,서울특별시,11,성동구,11200,부산광역시,26,20,976,271,162,282,78,210,33,695,238,150
20190416,서울특별시,11,성동구,11200,서울특별시,11,171,5319,852,778,1039,272,792,115,3070,1116,496
20190416,서울특별시,11,강동구,11740,전라북도,45,65,95,64,14,171,8,105,11,125,48,33
20190416,서울특별시,11,강동구,11740,충청남도,44,61,151,76,29,224,15,149,11,168,41,50
20190416,서울특별시,11,강동구,11740,충청북도,43,49,100,55,17,154,17,107,16,128,31,42
20190416,서울특별시,11,강동구,11740,강원도,42,41,84,49,18,153,17,78,10,105,38,35
20190416,서울특별시,11,강동구,11740,경기도,41,425,1007,533,262,1404,178,965,150,1463,470,421
20190416,서울특별시,11,강동구,11740,세종특별자치시,36,10,31,21,0,37,0,24,0,27,11,20
20190417,서울특별시,11,양천구,11470,부산광역시,26,46,196,27,92,259,33,176,37,127,114,151
20190417,서울특별시,11,양천구,11470,대구광역시,27,34,137,15,74,171,25,109,24,88,49,105
20190417,서울특별시,11,양천구,11470,인천광역시,28,50,177,22,116,236,50,191,30,120,73,180
20190417,서울특별시,11,양천구,11470,광주광역시,29,12,94,7,45,134,34,61,13,67,38,74
20190417,서울특별시,11,양천구,11470,대전광역시,30,17,90,12,57,162,38,92,12,54,44,88
20190417,서울특별시,11,양천구,11470,울산광역시,31,18,71,10,37,112,25,48,10,74,30,46
20190417,서울특별시,11,중구,11140,전라남도,46,52,315,47,40,171,43,81,37,419,104,20
20190417,서울특별시,11,중구,11140,전라북도,45,38,250,41,42,195,51,72,31,509,150,27
20190417,서울특별시,11,중구,11140,충청남도,44,49,355,78,56,296,64,100,21,640,186,21
20190417,서울특별시,11,중구,11140,충청북도,43,33,310,55,50,219,46,73,27,499,142,24
20190417,서울특별시,11,중구,11140,강원도,42,35,258,43,34,194,44,57,26,433,134,26
20190417,서울특별시,11,중구,11140,경기도,41,376,2684,290,397,2107,424,688,203,4805,1383,242
20190417,서울특별시,11,중구,11140,세종특별자치시,36,5,83,8,5,50,8,13,7,130,43,3
20190417,서울특별시,11,중구,11140,울산광역시,31,31,187,22,26,133,15,46,13,348,103,20
20190417,서울특별시,11,중구,11140,대전광역시,30,39,264,29,38,196,32,70,8,494,168,25
20190417,서울특별시,11,중구,11140,광주광역시,29,39,298,38,33,181,26,88,14,549,117,26
20190417,서울특별시,11,광진구,11215,제주특별자치도,50,3,30,4,18,17,5,23,0,44,18,7
20190417,서울특별시,11,광진구,11215,경상남도,48,33,201,22,188,199,37,344,31,209,132,100
20190417,서울특별시,11,광진구,11215,경상북도,47,18,160,23,156,123,38,261,19,169,99,84
20190417,서울특별시,11,광진구,11215,전라남도,46,15,96,21,95,86,17,197,11,116,86,45
20190417,서울특별시,11,중구,11140,인천광역시,28,69,447,58,77,414,79,146,18,955,272,62
20190417,서울특별시,11,동작구,11590,세종특별자치시,36,14,13,5,9,14,3,10,6,24,14,11
20190417,서울특별시,11,동작구,11590,경기도,41,181,597,249,285,771,156,302,133,1033,401,507
20190417,서울특별시,11,동작구,11590,강원도,42,12,54,32,28,57,21,33,9,66,33,38
20190417,서울특별시,11,동작구,11590,충청북도,43,23,60,30,35,53,16,31,16,65,34,44
20190417,서울특별시,11,양천구,11470,세종특별자치시,36,0,23,3,19,25,5,35,7,18,7,16
20190417,서울특별시,11,양천구,11470,경기도,41,204,1004,124,554,1330,274,876,152,1065,436,806
20190417,서울특별시,11,양천구,11470,강원도,42,22,85,13,53,139,43,98,19,50,33,88
20190417,서울특별시,11,양천구,11470,충청북도,43,23,101,25,61,153,24,119,17,81,34,81
20190417,서울특별시,11,송파구,11710,세종특별자치시,36,5,47,7,12,40,4,42,9,62,45,12
20190417,서울특별시,11,송파구,11710,울산광역시,31,15,148,4,50,135,13,76,10,273,108,60
20190417,서울특별시,11,송파구,11710,대전광역시,30,9,251,23,75,171,16,145,25,402,180,97
20190417,서울특별시,11,관악구,11620,제주특별자치도,50,8,16,7,17,9,0,7,0,56,17,11
20190417,서울특별시,11,양천구,11470,제주특별자치도,50,7,29,4,13,16,6,15,3,15,10,23
20190417,서울특별시,11,양천구,11470,경상남도,48,64,197,22,89,300,62,151,39,99,79,163
20190417,서울특별시,11,양천구,11470,경상북도,47,46,136,11,83,239,43,147,30,92,51,132
20190417,서울특별시,11,양천구,11470,전라남도,46,14,100,13,37,130,34,97,21,51,36,98
20190417,서울특별시,11,서초구,11650,세종특별자치시,36,12,35,15,10,19,6,39,4,31,21,19
20190417,서울특별시,11,서초구,11650,경기도,41,383,3001,667,676,1469,242,1669,259,1808,892,832
20190417,서울특별시,11,서초구,11650,강원도,42,42,191,77,61,148,28,164,20,95,83,88
20190417,서울특별시,11,서초구,11650,충청북도,43,38,208,63,60,133,30,149,11,108,76,94
20190417,서울특별시,11,서초구,11650,충청남도,44,59,297,68,104,208,37,221,35,152,127,137
20190417,서울특별시,11,서초구,11650,전라북도,45,41,203,57,67,128,27,168,12,112,66,92
20190417,서울특별시,11,서초구,11650,전라남도,46,25,181,53,52,112,27,136,14,86,61,67
20190417,서울특별시,11,서초구,11650,경상북도,47,52,302,75,91,217,32,212,51,147,91,117
20190417,서울특별시,11,서초구,11650,경상남도,48,76,370,83,118,295,41,338,27,193,123,174
20190417,서울특별시,11,서초구,11650,제주특별자치도,50,16,82,17,32,30,7,36,3,29,21,25
20190417,서울특별시,11,용산구,11170,제주특별자치도,50,8,54,33,347,32,4,8,0,80,26,12
20190417,서울특별시,11,구로구,11530,제주특별자치도,50,5,71,10,18,57,0,33,3,65,21,37
20190417,서울특별시,11,구로구,11530,경상남도,48,25,415,44,132,343,33,240,40,506,162,289
20190417,서울특별시,11,구로구,11530,경상북도,47,22,286,31,111,288,41,185,29,383,120,178
20190417,서울특별시,11,구로구,11530,전라남도,46,11,200,25,65,176,17,91,20,279,62,130
20190417,서울특별시,11,구로구,11530,전라북도,45,8,207,20,72,208,7,127,13,273,73,148
20190417,서울특별시,11,구로구,11530,충청남도,44,17,307,39,107,260,25,173,35,315,113,166
20190417,서울특별시,11,구로구,11530,충청북도,43,11,209,31,72,200,23,120,17,252,99,117
20190417,서울특별시,11,구로구,11530,강원도,42,9,196,27,64,164,23,105,21,229,64,112
20190417,서울특별시,11,구로구,11530,경기도,41,129,1951,269,689,1676,181,808,140,2220,756,1250
20190417,서울특별시,11,구로구,11530,세종특별자치시,36,0,50,15,16,31,9,18,12,59,25,27
20190417,서울특별시,11,구로구,11530,울산광역시,31,11,132,15,50,121,14,80,13,151,41,94
20190417,서울특별시,11,구로구,11530,대전광역시,30,9,168,20,88,228,14,88,36,184,77,137
20190417,서울특별시,11,구로구,11530,광주광역시,29,14,188,27,55,176,18,90,11,222,69,105
20190417,서울특별시,11,구로구,11530,인천광역시,28,25,397,36,140,346,36,180,33,424,161,256
20190417,서울특별시,11,구로구,11530,대구광역시,27,18,308,40,126,259,28,142,25,300,98,197
20190417,서울특별시,11,구로구,11530,부산광역시,26,18,359,41,150,414,33,181,29,396,145,289
20190417,서울특별시,11,구로구,11530,서울특별시,11,100,1672,191,546,1331,117,501,80,1319,558,1031
20190417,서울특별시,11,용산구,11170,경상남도,48,41,385,81,2298,190,41,59,45,442,120,66
20190417,서울특별시,11,용산구,11170,경상북도,47,26,320,52,1737,139,26,63,24,336,104,50
20190417,서울특별시,11,용산구,11170,전라남도,46,17,185,64,1061,119,16,47,22,191,66,33
20190417,서울특별시,11,용산구,11170,전라북도,45,26,239,54,1202,94,14,43,22,226,63,36
20190417,서울특별시,11,용산구,11170,충청남도,44,26,327,70,1714,150,31,48,36,292,98,43
20190417,서울특별시,11,용산구,11170,충청북도,43,28,208,46,1269,95,23,52,23,225,60,39
20190417,서울특별시,11,양천구,11470,전라북도,45,21,119,8,55,150,35,79,24,65,36,95
20190417,서울특별시,11,양천구,11470,충청남도,44,33,132,18,71,183,44,145,28,89,55,101
20190417,서울특별시,11,송파구,11710,광주광역시,29,15,232,27,75,149,15,120,15,369,157,120
20190417,서울특별시,11,송파구,11710,인천광역시,28,35,496,45,169,364,42,365,41,752,363,171
20190417,서울특별시,11,송파구,11710,대구광역시,27,31,366,34,132,296,26,159,41,574,281,129
20190417,서울특별시,11,동작구,11590,충청남도,44,39,65,21,44,87,23,51,26,102,46,65
20190417,서울특별시,11,동작구,11590,전라북도,45,35,48,26,25,39,11,27,21,72,29,41
20190417,서울특별시,11,동작구,11590,전라남도,46,16,40,14,26,56,19,23,20,71,22,41
20190417,서울특별시,11,동작구,11590,경상북도,47,38,72,38,34,101,21,47,22,84,37,63
20190417,서울특별시,11,동작구,11590,경상남도,48,48,88,48,58,143,38,45,20,137,50,106
20190417,서울특별시,11,노원구,11350,제주특별자치도,50,5,12,0,9,23,5,5,6,66,13,0
20190417,서울특별시,11,노원구,11350,경상남도,48,15,131,13,51,117,27,51,34,394,65,67
20190417,서울특별시,11,노원구,11350,경상북도,47,16,94,13,26,109,23,41,34,304,62,35
20190417,서울특별시,11,노원구,11350,전라남도,46,13,79,7,18,41,7,33,30,233,35,24
20190417,서울특별시,11,노원구,11350,전라북도,45,6,78,8,17,51,7,40,35,266,27,27
20190417,서울특별시,11,노원구,11350,충청남도,44,15,86,12,30,84,14,39,37,310,43,41
20190417,서울특별시,11,노원구,11350,충청북도,43,9,65,11,23,67,9,41,36,239,37,23
20190417,서울특별시,11,관악구,11620,서울특별시,11,113,676,258,369,321,38,179,33,1190,358,733
20190417,서울특별시,11,송파구,11710,부산광역시,26,35,499,48,172,387,32,268,37,710,358,233
20190417,서울특별시,11,송파구,11710,서울특별시,11,157,2277,299,739,1100,149,1727,190,3088,1643,740
20190417,서울특별시,11,관악구,11620,광주광역시,29,11,64,26,54,47,5,16,6,137,37,86
20190417,서울특별시,11,관악구,11620,대전광역시,30,18,104,33,44,34,4,21,6,137,35,106
20190417,서울특별시,11,관악구,11620,울산광역시,31,9,44,9,20,33,0,15,6,106,23,47
20190417,서울특별시,11,관악구,11620,세종특별자치시,36,0,23,6,10,15,0,3,0,42,4,23
20190417,서울특별시,11,관악구,11620,경기도,41,190,804,219,491,461,64,190,68,1607,343,881
20190417,서울특별시,11,중구,11140,대구광역시,27,72,503,51,67,284,68,91,15,763,206,31
20190417,서울특별시,11,중구,11140,부산광역시,26,76,638,90,87,454,103,160,41,1007,338,89
20190417,서울특별시,11,중구,11140,서울특별시,11,361,3151,266,424,2012,297,627,132,4528,1242,235
20190417,서울특별시,11,관악구,11620,강원도,42,14,71,18,26,48,6,21,7,143,26,87
20190417,서울특별시,11,관악구,11620,충청북도,43,16,78,26,39,58,5,12,10,170,31,98
20190417,서울특별시,11,관악구,11620,충청남도,44,18,112,28,75,66,6,34,7,203,39,140
20190417,서울특별시,11,관악구,11620,전라북도,45,14,77,37,58,36,3,20,8,146,25,78
20190417,서울특별시,11,관악구,11620,전라남도,46,11,83,16,53,48,6,24,6,154,29,78
20190417,서울특별시,11,관악구,11620,경상북도,47,17,99,36,64,61,5,26,6,216,49,163
20190417,서울특별시,11,관악구,11620,경상남도,48,32,173,49,62,71,6,30,11,270,63,194
20190417,서울특별시,11,용산구,11170,강원도,42,22,204,36,1170,107,22,51,18,183,63,43
20190417,서울특별시,11,용산구,11170,경기도,41,214,2184,412,11844,1073,176,488,236,2403,733,358
20190417,서울특별시,11,용산구,11170,세종특별자치시,36,3,53,20,285,22,3,14,6,64,15,5
20190417,서울특별시,11,용산구,11170,울산광역시,31,15,160,28,845,78,12,22,17,186,54,26
20190417,서울특별시,11,마포구,11440,제주특별자치도,50,7,101,28,37,45,0,35,8,103,62,8
20190417,서울특별시,11,마포구,11440,경상남도,48,37,542,72,259,341,18,285,60,439,405,95
20190417,서울특별시,11,마포구,11440,경상북도,47,40,452,70,194,230,22,221,54,339,315,69
20190417,서울특별시,11,마포구,11440,전라남도,46,11,284,43,79,164,6,118,13,196,216,40
20190417,서울특별시,11,마포구,11440,전라북도,45,21,346,33,130,179,8,125,23,254,236,47
20190417,서울특별시,11,마포구,11440,충청남도,44,25,476,58,169,261,14,208,41,314,313,65
20190417,서울특별시,11,마포구,11440,충청북도,43,16,392,56,148,212,13,138,57,265,229,70
20190417,서울특별시,11,마포구,11440,강원도,42,19,263,39,96,180,7,141,19,231,213,46
20190417,서울특별시,11,마포구,11440,경기도,41,184,3270,520,1345,1717,90,1255,277,2722,2077,481
20190417,서울특별시,11,마포구,11440,세종특별자치시,36,0,78,15,28,58,4,39,5,49,45,11
20190417,서울특별시,11,마포구,11440,울산광역시,31,12,176,40,104,109,4,95,21,178,143,24
20190417,서울특별시,11,마포구,11440,대전광역시,30,18,379,39,207,261,8,141,35,242,246,59
20190417,서울특별시,11,광진구,11215,전라북도,45,25,96,14,89,97,9,148,12,148,75,60
20190417,서울특별시,11,광진구,11215,충청남도,44,24,161,24,144,145,30,226,25,209,95,75
20190417,서울특별시,11,광진구,11215,충청북도,43,25,127,14,102,112,15,197,11,160,86,47
20190417,서울특별시,11,광진구,11215,강원도,42,19,123,28,104,101,28,131,14,126,54,49
20190417,서울특별시,11,광진구,11215,경기도,41,161,1230,192,994,992,173,1795,142,1590,756,615
20190417,서울특별시,11,광진구,11215,세종특별자치시,36,0,18,5,23,12,6,46,4,33,13,9
20190417,서울특별시,11,광진구,11215,울산광역시,31,6,70,16,75,67,20,111,5,88,58,36
20190417,서울특별시,11,광진구,11215,대전광역시,30,13,124,23,95,96,18,160,11,151,76,38
20190417,서울특별시,11,광진구,11215,광주광역시,29,21,112,16,78,89,13,137,13,133,89,53
20190417,서울특별시,11,광진구,11215,인천광역시,28,43,210,37,187,197,33,353,20,301,147,118
20190417,서울특별시,11,광진구,11215,대구광역시,27,31,240,37,131,176,25,280,20,196,106,66
20190417,서울특별시,11,광진구,11215,부산광역시,26,30,249,35,179,207,30,383,29,291,168,116
20190417,서울특별시,11,광진구,11215,서울특별시,11,127,1079,203,848,765,134,1687,91,1209,612,526
20190417,서울특별시,11,마포구,11440,광주광역시,29,17,346,50,137,176,9,125,28,254,238,30
20190417,서울특별시,11,마포구,11440,인천광역시,28,19,642,100,338,372,14,287,57,479,439,88
20190417,서울특별시,11,마포구,11440,대구광역시,27,23,490,52,236,296,8,192,67,411,359,68
20190417,서울특별시,11,마포구,11440,부산광역시,26,32,592,84,287,390,20,292,58,482,448,89
20190417,서울특별시,11,마포구,11440,서울특별시,11,117,2930,554,1251,1497,50,1150,276,2356,1914,372
20190417,서울특별시,11,용산구,11170,대전광역시,30,15,218,54,1374,120,11,46,14,240,80,39
20190417,서울특별시,11,용산구,11170,광주광역시,29,18,181,65,1054,107,12,37,22,246,55,35
20190417,서울특별시,11,용산구,11170,인천광역시,28,41,433,148,2403,230,28,90,45,436,147,85
20190417,서울특별시,11,용산구,11170,대구광역시,27,27,337,59,1736,160,26,70,38,337,104,63
20190417,서울특별시,11,용산구,11170,부산광역시,26,72,464,128,2495,235,33,100,30,501,138,88
20190417,서울특별시,11,용산구,11170,서울특별시,11,174,2130,453,10609,956,125,592,186,2066,644,313
20190417,서울특별시,11,영등포구,11560,서울특별시,11,90,2001,328,1809,1077,148,776,93,1033,471,586
20190417,서울특별시,11,영등포구,11560,부산광역시,26,21,421,57,413,435,47,200,18,276,124,119
20190417,서울특별시,11,영등포구,11560,대구광역시,27,20,314,47,334,223,35,193,8,184,75,163
20190417,서울특별시,11,영등포구,11560,인천광역시,28,22,363,53,542,297,30,204,23,207,106,150
20190417,서울특별시,11,영등포구,11560,광주광역시,29,7,158,16,179,165,31,89,8,122,46,60
20190417,서울특별시,11,영등포구,11560,대전광역시,30,13,181,19,242,135,9,114,6,113,56,76
20190417,서울특별시,11,노원구,11350,강원도,42,14,76,13,18,89,17,32,21,204,36,19
20190417,서울특별시,11,노원구,11350,경기도,41,95,804,154,253,726,151,339,239,2474,494,365
20190417,서울특별시,11,노원구,11350,세종특별자치시,36,0,22,4,5,11,7,4,10,60,11,8
20190417,서울특별시,11,노원구,11350,울산광역시,31,5,53,10,8,51,9,21,18,149,22,21
20190417,서울특별시,11,영등포구,11560,울산광역시,31,8,133,22,155,103,14,80,11,90,29,45
20190417,서울특별시,11,강북구,11305,서울특별시,11,62,644,74,183,248,54,149,213,1536,455,65
20190417,서울특별시,11,강북구,11305,부산광역시,26,19,153,21,61,77,16,34,67,423,117,17
20190417,서울특별시,11,강북구,11305,대구광역시,27,10,116,12,55,58,10,24,43,333,75,10
20190417,서울특별시,11,강북구,11305,인천광역시,28,15,163,13,58,63,17,38,77,438,139,10
20190417,서울특별시,11,강북구,11305,광주광역시,29,7,82,4,27,41,6,27,39,226,58,4
20190417,서울특별시,11,강북구,11305,대전광역시,30,9,65,9,32,32,5,14,32,193,60,4
20190417,서울특별시,11,강북구,11305,울산광역시,31,4,49,6,19,22,7,14,24,171,51,0
20190417,서울특별시,11,강북구,11305,세종특별자치시,36,0,17,0,5,3,0,0,13,66,6,4
20190417,서울특별시,11,강북구,11305,경기도,41,68,804,82,250,400,56,186,320,2358,636,87
20190417,서울특별시,11,강북구,11305,강원도,42,9,78,10,27,36,5,23,24,228,60,5
20190417,서울특별시,11,강북구,11305,충청북도,43,5,104,3,25,36,10,22,36,254,61,6
20190417,서울특별시,11,강북구,11305,충청남도,44,12,113,18,35,54,7,41,63,351,93,7
20190417,서울특별시,11,강북구,11305,전라북도,45,3,71,12,26,33,8,23,38,252,44,8
20190417,서울특별시,11,노원구,11350,대전광역시,30,4,77,9,25,56,18,29,25,226,30,34
20190417,서울특별시,11,노원구,11350,광주광역시,29,5,53,9,18,55,12,21,11,215,41,21
20190417,서울특별시,11,노원구,11350,인천광역시,28,12,135,32,34,138,12,60,43,407,95,66
20190417,서울특별시,11,노원구,11350,대구광역시,27,18,90,22,31,94,15,32,43,305,62,45
20190417,서울특별시,11,노원구,11350,부산광역시,26,19,167,23,39,142,23,52,50,388,116,60
20190417,서울특별시,11,노원구,11350,서울특별시,11,68,640,114,204,576,105,305,133,1647,383,273
20190417,서울특별시,11,동작구,11590,제주특별자치도,50,6,14,3,4,18,4,7,0,25,9,12
20190417,서울특별시,11,송파구,11710,제주특별자치도,50,4,60,7,30,93,6,32,3,119,47,17
20190417,서울특별시,11,송파구,11710,경상남도,48,35,413,42,171,430,40,250,51,711,276,198
20190417,서울특별시,11,송파구,11710,경상북도,47,38,322,25,148,273,25,188,40,503,230,118
20190417,서울특별시,11,송파구,11710,전라남도,46,21,186,15,74,182,20,123,24,351,113,72
20190417,서울특별시,11,송파구,11710,전라북도,45,17,234,17,83,175,16,125,22,417,144,103
20190417,서울특별시,11,송파구,11710,충청남도,44,21,287,33,101,233,23,181,37,505,247,106
20190417,서울특별시,11,송파구,11710,충청북도,43,16,242,34,69,211,12,133,28,410,146,89
20190417,서울특별시,11,송파구,11710,강원도,42,15,229,26,86,214,29,97,19,382,129,81
20190417,서울특별시,11,송파구,11710,경기도,41,191,2410,299,847,1750,214,1943,251,4197,1788,869
20190417,서울특별시,11,성동구,11200,서울특별시,11,152,5952,1195,755,952,329,879,826,2805,1640,415
20190417,서울특별시,11,성동구,11200,부산광역시,26,36,1537,475,163,294,79,252,324,649,330,122
20190417,서울특별시,11,성동구,11200,대구광역시,27,45,1950,589,97,217,60,192,386,473,251,76
20190417,서울특별시,11,성동구,11200,인천광역시,28,39,1921,491,195,239,66,198,324,673,332,96
20190417,서울특별시,11,성동구,11200,광주광역시,29,11,806,276,92,130,35,118,150,423,161,40
20190417,서울특별시,11,성동구,11200,대전광역시,30,10,776,221,78,148,36,123,166,327,168,43
20190417,서울특별시,11,성동구,11200,울산광역시,31,13,1145,360,62,79,30,96,211,201,113,39
20190417,서울특별시,11,성동구,11200,세종특별자치시,36,0,273,63,20,40,7,31,38,63,40,14
20190417,서울특별시,11,성동구,11200,경기도,41,184,9639,2319,803,1317,378,1164,1733,3336,1688,486
20190417,서울특별시,11,성동구,11200,강원도,42,21,793,199,53,138,54,124,164,275,118,46
20190417,서울특별시,11,성동구,11200,충청북도,43,15,828,259,84,138,50,129,158,330,145,44
20190417,서울특별시,11,성동구,11200,충청남도,44,27,1459,420,95,170,71,159,274,429,172,67
20190417,서울특별시,11,성동구,11200,전라북도,45,17,790,271,67,127,33,146,178,330,134,48
20190417,서울특별시,11,성동구,11200,전라남도,46,30,732,270,75,135,40,103,160,323,127,44
20190417,서울특별시,11,영등포구,11560,세종특별자치시,36,0,44,13,55,37,4,28,6,19,13,13
20190417,서울특별시,11,영등포구,11560,경기도,41,112,1791,259,1966,1375,187,997,95,1446,563,643
20190417,서울특별시,11,영등포구,11560,강원도,42,0,182,18,183,148,18,118,9,98,44,76
20190417,서울특별시,11,양천구,11470,서울특별시,11,172,804,111,446,914,154,659,82,607,344,612
20190417,서울특별시,11,영등포구,11560,충청북도,43,13,194,29,225,176,20,97,6,117,57,72
20190417,서울특별시,11,영등포구,11560,충청남도,44,15,318,33,293,243,48,144,12,173,69,109
20190417,서울특별시,11,영등포구,11560,전라북도,45,13,211,32,228,136,20,104,20,130,51,56
20190417,서울특별시,11,영등포구,11560,전라남도,46,7,211,22,191,134,18,99,8,102,41,47
20190417,서울특별시,11,영등포구,11560,경상북도,47,14,293,26,299,239,35,191,16,150,66,91
20190417,서울특별시,11,영등포구,11560,경상남도,48,25,404,57,402,389,51,192,31,195,97,170
20190417,서울특별시,11,중랑구,11260,울산광역시,31,24,119,19,48,166,13,99,40,323,126,72
20190417,서울특별시,11,관악구,11620,인천광역시,28,40,148,43,107,96,11,34,12,264,75,219
20190417,서울특별시,11,관악구,11620,대구광역시,27,21,123,54,65,77,3,21,18,195,51,158
20190417,서울특별시,11,관악구,11620,부산광역시,26,41,151,58,101,87,4,36,10,304,78,210
20190417,서울특별시,11,중랑구,11260,대전광역시,30,51,172,16,71,185,21,112,52,353,168,91
20190417,서울특별시,11,중랑구,11260,광주광역시,29,38,163,15,65,170,16,119,38,430,181,129
20190417,서울특별시,11,중랑구,11260,인천광역시,28,100,344,38,144,378,41,209,91,956,396,248
20190417,서울특별시,11,중랑구,11260,대구광역시,27,66,251,26,108,294,34,164,55,610,246,177
20190417,서울특별시,11,중랑구,11260,부산광역시,26,64,331,46,156,364,52,223,94,830,391,230
20190417,서울특별시,11,중랑구,11260,서울특별시,11,253,1307,181,567,1403,180,827,287,3034,1257,825
20190417,서울특별시,11,서대문구,11410,제주특별자치도,50,0,21,8,11,34,0,11,5,24,6,13
20190417,서울특별시,11,중랑구,11260,세종특별자치시,36,13,39,5,26,63,5,40,18,107,39,21
20190417,서울특별시,11,중랑구,11260,경기도,41,343,1627,209,689,1983,243,1002,411,4277,1686,1110
20190417,서울특별시,11,중랑구,11260,강원도,42,41,192,14,75,250,26,121,50,418,178,94
20190417,서울특별시,11,중랑구,11260,충청북도,43,37,206,14,68,223,24,141,54,450,199,113
20190417,서울특별시,11,중랑구,11260,충청남도,44,54,246,28,100,308,42,162,96,646,283,176
20190417,서울특별시,11,중랑구,11260,전라북도,45,48,187,19,71,204,25,146,38,455,233,117
20190417,서울특별시,11,중랑구,11260,전라남도,46,38,135,16,55,209,26,107,54,383,180,111
20190417,서울특별시,11,중랑구,11260,경상북도,47,56,264,20,95,329,29,183,69,653,277,179
20190417,서울특별시,11,중랑구,11260,경상남도,48,82,296,37,134,369,48,220,93,872,344,217
20190417,서울특별시,11,중랑구,11260,제주특별자치도,50,12,39,7,19,25,3,16,12,77,36,29
20190417,서울특별시,11,서대문구,11410,경상남도,48,5,101,14,76,407,16,124,46,176,67,88
20190417,서울특별시,11,서대문구,11410,경상북도,47,0,89,40,87,289,10,89,23,123,48,48
20190417,서울특별시,11,서대문구,11410,전라남도,46,4,59,14,30,146,5,64,17,85,41,37
20190417,서울특별시,11,서대문구,11410,전라북도,45,10,59,11,37,180,4,58,24,109,46,36
20190417,서울특별시,11,서대문구,11410,충청남도,44,4,71,20,60,263,7,80,25,114,59,66
20190417,서울특별시,11,서대문구,11410,충청북도,43,0,51,19,39,177,7,66,22,111,36,48
20190417,서울특별시,11,영등포구,11560,제주특별자치도,50,4,43,9,41,23,7,33,3,33,16,34
20190417,서울특별시,11,강남구,11680,서울특별시,11,300,3026,448,1076,1232,176,1473,267,3494,1328,2183
20190417,서울특별시,11,강남구,11680,부산광역시,26,51,693,71,171,293,41,406,76,767,330,605
20190417,서울특별시,11,강남구,11680,대구광역시,27,50,448,45,133,222,29,255,59,496,201,360
20190417,서울특별시,11,강남구,11680,인천광역시,28,74,586,56,185,286,42,323,56,645,287,495
20190417,서울특별시,11,강남구,11680,광주광역시,29,25,258,45,89,114,6,144,20,353,125,227
20190417,서울특별시,11,강남구,11680,대전광역시,30,29,285,46,99,171,21,141,40,337,147,227
20190417,서울특별시,11,강남구,11680,울산광역시,31,22,172,31,44,91,18,90,29,250,94,242
20190417,서울특별시,11,강남구,11680,세종특별자치시,36,7,64,18,19,38,0,33,14,80,37,62
20190417,서울특별시,11,강남구,11680,경기도,41,311,3034,446,1025,1463,249,1538,391,3872,1398,2282
20190417,서울특별시,11,강남구,11680,강원도,42,22,249,31,91,121,16,163,32,301,117,262
20190417,서울특별시,11,강남구,11680,충청북도,43,39,264,26,112,129,16,159,50,362,135,246
20190417,서울특별시,11,강남구,11680,충청남도,44,25,366,38,97,206,31,185,35,456,166,334
20190417,서울특별시,11,강남구,11680,전라북도,45,27,279,31,70,115,16,151,38,336,134,234
20190417,서울특별시,11,강남구,11680,전라남도,46,29,238,34,75,104,19,150,31,259,106,202
20190417,서울특별시,11,강남구,11680,경상북도,47,37,387,46,104,207,31,201,41,394,196,337
20190417,서울특별시,11,강남구,11680,경상남도,48,62,503,40,153,260,47,296,59,515,259,490
20190417,서울특별시,11,동대문구,11230,서울특별시,11,615,2612,2474,514,1117,123,1815,183,3634,847,501
20190417,서울특별시,11,동대문구,11230,부산광역시,26,131,816,891,127,335,32,549,53,975,246,160
20190417,서울특별시,11,동대문구,11230,대구광역시,27,84,624,846,102,275,27,384,48,682,177,121
20190417,서울특별시,11,동대문구,11230,인천광역시,28,152,734,923,118,359,31,595,89,1030,187,146
20190417,서울특별시,11,동대문구,11230,광주광역시,29,51,359,371,64,202,10,220,35,466,121,84
20190417,서울특별시,11,동대문구,11230,대전광역시,30,55,361,570,49,152,9,255,27,455,122,74
20190417,서울특별시,11,동대문구,11230,울산광역시,31,49,300,438,46,111,15,180,47,382,79,83
20190417,서울특별시,11,동대문구,11230,세종특별자치시,36,14,155,179,18,26,3,56,9,101,32,16
20190417,서울특별시,11,동대문구,11230,경기도,41,634,3639,4227,630,1707,167,2388,324,4726,1016,766
20190417,서울특별시,11,동대문구,11230,강원도,42,74,333,400,68,213,23,266,31,441,72,70
20190417,서울특별시,11,동대문구,11230,충청북도,43,84,350,412,60,207,15,242,35,471,126,77
20190417,서울특별시,11,동대문구,11230,충청남도,44,102,519,580,95,268,24,357,52,684,134,96
20190417,서울특별시,11,동대문구,11230,전라북도,45,71,368,468,60,203,18,256,34,523,107,64
20190417,서울특별시,11,동대문구,11230,전라남도,46,58,333,392,78,205,12,262,35,355,98,68
20190417,서울특별시,11,동대문구,11230,경상북도,47,83,510,775,96,300,21,442,32,677,119,106
20190417,서울특별시,11,도봉구,11320,제주특별자치도,50,5,31,8,14,19,0,22,3,52,19,23
20190417,서울특별시,11,도봉구,11320,경상남도,48,30,268,34,230,164,20,227,47,372,177,341
20190417,서울특별시,11,도봉구,11320,경상북도,47,17,201,37,167,146,17,188,44,289,165,262
20190417,서울특별시,11,도봉구,11320,전라남도,46,12,129,23,111,73,8,107,20,161,102,158
20190417,서울특별시,11,도봉구,11320,전라북도,45,10,141,44,93,66,13,125,23,205,107,164
20190417,서울특별시,11,도봉구,11320,충청남도,44,19,186,45,170,104,13,177,30,268,149,202
20190417,서울특별시,11,도봉구,11320,충청북도,43,12,148,21,155,83,12,156,18,202,106,181
20190417,서울특별시,11,도봉구,11320,강원도,42,18,184,28,108,66,23,129,20,162,90,147
20190417,서울특별시,11,도봉구,11320,경기도,41,144,1492,361,1127,704,128,1273,216,1809,912,1488
20190417,서울특별시,11,도봉구,11320,세종특별자치시,36,0,27,9,37,18,0,28,7,33,21,44
20190417,서울특별시,11,도봉구,11320,울산광역시,31,8,68,14,86,48,10,100,16,143,82,113
20190417,서울특별시,11,도봉구,11320,대전광역시,30,10,138,27,114,70,11,130,15,149,102,144
20190417,서울특별시,11,도봉구,11320,광주광역시,29,17,152,31,109,57,14,134,24,169,98,176
20190417,서울특별시,11,도봉구,11320,인천광역시,28,35,296,55,234,144,22,288,46,334,210,337
20190417,서울특별시,11,도봉구,11320,대구광역시,27,13,201,58,162,111,19,177,25,276,149,261
20190417,서울특별시,11,도봉구,11320,부산광역시,26,28,292,51,221,142,23,352,49,339,237,358
20190417,서울특별시,11,동대문구,11230,경상남도,48,116,765,1023,112,420,37,580,61,934,214,156
20190417,서울특별시,11,동대문구,11230,제주특별자치도,50,27,64,0,21,36,3,55,9,144,39,21
20190417,서울특별시,11,서대문구,11410,강원도,42,5,45,14,33,157,9,50,14,85,22,45
20190417,서울특별시,11,서대문구,11410,경기도,41,51,596,109,420,1958,85,470,118,1041,398,445
20190417,서울특별시,11,서대문구,11410,세종특별자치시,36,3,12,0,8,61,0,11,4,21,8,7
20190417,서울특별시,11,서대문구,11410,울산광역시,31,0,35,7,35,126,8,35,10,64,18,25
20190417,서울특별시,11,서대문구,11410,대전광역시,30,0,53,9,30,187,3,52,13,89,27,37
20190417,서울특별시,11,서대문구,11410,광주광역시,29,7,61,51,33,161,10,62,18,88,27,35
20190417,서울특별시,11,서대문구,11410,인천광역시,28,5,114,21,57,389,14,121,34,185,65,95
20190417,서울특별시,11,서대문구,11410,대구광역시,27,7,64,9,84,233,12,74,19,113,53,59
20190417,서울특별시,11,서대문구,11410,부산광역시,26,8,129,15,77,347,13,117,36,203,88,74
20190417,서울특별시,11,서대문구,11410,서울특별시,11,24,606,141,380,1412,76,443,99,779,283,343
20190417,서울특별시,11,강서구,11500,서울특별시,11,147,1536,442,768,1643,144,1700,254,1703,794,1384
20190417,서울특별시,11,강서구,11500,부산광역시,26,39,358,128,185,465,53,537,108,451,215,381
20190417,서울특별시,11,강서구,11500,대구광역시,27,34,262,79,126,343,33,279,65,369,166,285
20190417,서울특별시,11,강서구,11500,인천광역시,28,40,355,78,188,419,38,395,115,443,173,353
20190417,서울특별시,11,금천구,11545,서울특별시,11,403,2087,473,1855,1817,323,1076,251,1531,1660,2081
20190417,서울특별시,11,금천구,11545,부산광역시,26,82,509,46,440,502,108,259,50,351,433,645
20190417,서울특별시,11,금천구,11545,대구광역시,27,67,407,33,303,316,98,177,34,296,336,438
20190417,서울특별시,11,동작구,11590,서울특별시,11,142,549,260,251,624,103,245,54,742,339,413
20190417,서울특별시,11,동작구,11590,부산광역시,26,48,117,46,46,141,22,70,16,134,64,92
20190417,서울특별시,11,동작구,11590,대구광역시,27,24,76,34,26,85,16,58,12,111,60,87
20190417,서울특별시,11,동작구,11590,인천광역시,28,27,101,45,69,148,28,67,33,139,64,90
20190417,서울특별시,11,동작구,11590,광주광역시,29,27,56,25,17,56,8,23,14,68,27,56
20190417,서울특별시,11,동작구,11590,대전광역시,30,25,52,32,23,55,12,27,9,73,57,45
20190417,서울특별시,11,동작구,11590,울산광역시,31,16,28,12,19,50,16,28,4,53,16,38
20190417,서울특별시,11,성동구,11200,경상북도,47,35,2367,663,106,272,53,243,475,429,200,77
20190417,서울특별시,11,성동구,11200,경상남도,48,41,2054,752,153,238,82,221,532,576,268,91
20190417,서울특별시,11,성동구,11200,제주특별자치도,50,7,145,58,25,25,9,20,7,92,73,9
20190417,서울특별시,11,성북구,11290,서울특별시,11,258,2308,1239,1364,2315,378,1591,1233,10725,4326,1829
20190417,서울특별시,11,성북구,11290,부산광역시,26,62,647,450,354,662,118,585,435,3028,1158,541
20190417,서울특별시,11,성북구,11290,대구광역시,27,56,464,324,261,466,77,335,306,2277,891,379
20190417,서울특별시,11,성북구,11290,인천광역시,28,73,698,666,356,607,95,450,734,3130,1127,524
20190417,서울특별시,11,성북구,11290,광주광역시,29,29,333,151,183,296,50,177,223,1654,572,227
20190417,서울특별시,11,성북구,11290,대전광역시,30,33,292,202,163,341,46,195,222,1610,582,255
20190417,서울특별시,11,성북구,11290,울산광역시,31,26,230,120,138,223,39,177,71,1121,383,190
20190417,서울특별시,11,성북구,11290,세종특별자치시,36,9,59,106,40,69,14,55,89,381,137,50
20190417,서울특별시,11,성북구,11290,경기도,41,323,2939,2744,1741,2921,509,2079,2483,14764,5087,2254
20190417,서울특별시,11,성북구,11290,강원도,42,33,315,248,181,279,74,157,276,1510,482,200
20190417,서울특별시,11,중구,11140,제주특별자치도,50,15,93,21,14,82,9,18,4,157,45,6
20190417,서울특별시,11,중구,11140,경상남도,48,89,508,69,76,393,103,133,22,876,244,37
20190417,서울특별시,11,중구,11140,경상북도,47,67,404,61,61,352,69,119,18,715,180,28
20190417,서울특별시,11,강남구,11680,제주특별자치도,50,23,93,4,28,30,0,39,17,114,47,106
20190417,서울특별시,11,금천구,11545,인천광역시,28,104,492,74,479,472,62,282,51,354,417,617
20190417,서울특별시,11,금천구,11545,광주광역시,29,56,250,37,217,206,38,129,37,209,217,265
20190417,서울특별시,11,금천구,11545,대전광역시,30,40,255,39,234,199,39,109,30,199,223,265
20190417,서울특별시,11,금천구,11545,울산광역시,31,32,144,12,161,171,31,91,21,130,149,200
20190417,서울특별시,11,금천구,11545,세종특별자치시,36,8,58,7,55,63,14,29,12,58,45,46
20190417,서울특별시,11,금천구,11545,경기도,41,478,2517,522,2220,2146,402,1256,286,1928,2085,2422
20190417,서울특별시,11,금천구,11545,강원도,42,48,245,60,191,191,37,124,30,180,212,193
20190417,서울특별시,11,강서구,11500,광주광역시,29,20,144,52,79,208,20,171,41,230,90,184
20190417,서울특별시,11,강서구,11500,대전광역시,30,25,165,30,112,198,25,197,57,253,109,179
20190417,서울특별시,11,강서구,11500,울산광역시,31,12,128,32,64,148,21,137,27,182,73,130
20190417,서울특별시,11,강서구,11500,세종특별자치시,36,9,42,16,24,67,0,63,5,103,40,39
20190417,서울특별시,11,강서구,11500,경기도,41,249,1803,419,874,2108,236,2058,402,2847,1136,1785
20190417,서울특별시,11,강서구,11500,강원도,42,38,148,32,112,298,27,456,44,816,289,365
20190417,서울특별시,11,강서구,11500,충청북도,43,21,180,47,118,257,30,308,53,523,187,264
20190417,서울특별시,11,은평구,11380,제주특별자치도,50,0,16,3,5,20,13,7,5,63,12,15
20190417,서울특별시,11,은평구,11380,경상남도,48,42,181,29,62,190,63,143,51,364,114,224
20190417,서울특별시,11,은평구,11380,경상북도,47,19,147,30,54,134,57,123,45,235,95,158
20190417,서울특별시,11,강동구,11740,서울특별시,11,332,887,396,191,1018,101,798,67,1033,414,245
20190417,서울특별시,11,강동구,11740,부산광역시,26,78,244,101,41,286,43,218,28,296,112,76
20190417,서울특별시,11,강동구,11740,대구광역시,27,61,160,104,24,167,18,129,23,183,60,52
20190417,서울특별시,11,강동구,11740,인천광역시,28,75,233,92,61,277,22,194,23,210,86,67
20190417,서울특별시,11,강동구,11740,광주광역시,29,50,95,67,23,96,15,75,11,115,36,23
20190417,서울특별시,11,강동구,11740,대전광역시,30,40,109,38,15,142,7,72,15,112,44,39
20190417,서울특별시,11,강동구,11740,울산광역시,31,21,54,47,17,79,13,54,10,87,22,19
20190417,서울특별시,11,강동구,11740,세종특별자치시,36,5,14,21,6,26,4,17,0,24,13,8
20190417,서울특별시,11,강동구,11740,경기도,41,338,1060,481,249,1265,112,846,133,1520,456,325
20190417,서울특별시,11,강동구,11740,강원도,42,36,114,45,20,158,17,108,8,104,41,42
20190417,서울특별시,11,강동구,11740,충청북도,43,40,108,47,25,152,16,82,9,124,32,28
20190417,서울특별시,11,강동구,11740,충청남도,44,44,121,83,23,182,13,148,17,156,52,46
20190417,서울특별시,11,강동구,11740,전라북도,45,44,89,60,16,124,14,89,9,103,46,35
20190417,서울특별시,11,강동구,11740,전라남도,46,38,78,69,25,151,12,74,10,96,51,25
20190417,서울특별시,11,강동구,11740,경상북도,47,56,149,99,30,213,22,139,19,146,49,52
20190417,서울특별시,11,강동구,11740,경상남도,48,72,194,91,45,265,30,160,20,212,85,58
20190417,서울특별시,11,강동구,11740,제주특별자치도,50,7,21,6,5,43,5,27,0,27,12,3
20190417,서울특별시,11,성북구,11290,충청북도,43,39,325,178,194,292,55,227,208,1639,515,263
20190417,서울특별시,11,성북구,11290,충청남도,44,49,444,693,244,432,79,250,709,2262,745,352
20190417,서울특별시,11,성북구,11290,전라북도,45,37,335,506,174,311,41,223,583,1803,556,217
20190417,서울특별시,11,성북구,11290,전라남도,46,35,311,381,173,310,55,228,401,1540,495,239
20190417,서울특별시,11,성북구,11290,경상북도,47,34,470,360,272,444,87,324,449,2237,786,398
20190417,서울특별시,11,성북구,11290,경상남도,48,111,641,657,330,631,119,449,663,3035,1084,483
20190417,서울특별시,11,성북구,11290,제주특별자치도,50,8,113,465,64,86,18,56,190,502,175,53
20190417,서울특별시,11,강북구,11305,제주특별자치도,50,4,22,3,5,7,0,5,6,64,18,0
20190417,서울특별시,11,강북구,11305,경상남도,48,12,161,18,61,57,16,32,72,455,111,9
20190417,서울특별시,11,강북구,11305,경상북도,47,11,118,7,48,52,9,31,60,344,85,16
20190417,서울특별시,11,강북구,11305,전라남도,46,6,88,8,25,41,9,17,33,226,53,7
20190417,서울특별시,11,은평구,11380,전라남도,46,10,87,17,17,107,27,60,15,169,57,83
20190417,서울특별시,11,은평구,11380,전라북도,45,7,105,23,38,99,22,71,21,203,67,103
20190417,서울특별시,11,은평구,11380,충청남도,44,28,176,24,41,143,33,105,33,246,70,139
20190417,서울특별시,11,은평구,11380,충청북도,43,11,97,19,34,96,29,59,20,178,62,104
20190417,서울특별시,11,은평구,11380,강원도,42,14,87,20,16,108,31,55,20,159,58,78
20190417,서울특별시,11,은평구,11380,경기도,41,127,1014,144,313,957,236,663,206,2077,555,1076
20190417,서울특별시,11,은평구,11380,세종특별자치시,36,3,24,4,11,16,5,22,6,41,14,26
20190417,서울특별시,11,강서구,11500,충청남도,44,34,233,51,153,391,31,415,75,665,251,394
20190417,서울특별시,11,강서구,11500,전라북도,45,21,159,42,100,256,31,306,40,427,162,246
20190417,서울특별시,11,강서구,11500,전라남도,46,19,162,34,111,270,26,319,47,528,140,253
20190417,서울특별시,11,강서구,11500,경상북도,47,25,249,50,168,418,34,450,86,724,293,438
20190417,서울특별시,11,강서구,11500,경상남도,48,69,348,73,183,508,43,566,81,684,253,503
20190417,서울특별시,11,강서구,11500,제주특별자치도,50,8,39,14,24,45,4,46,12,77,27,55
20190417,서울특별시,11,종로구,11110,제주특별자치도,50,0,52,9,9,20,0,5,14,48,39,0
20190417,서울특별시,11,종로구,11110,경상남도,48,40,261,36,74,179,12,48,39,353,197,26
20190417,서울특별시,11,종로구,11110,경상북도,47,25,221,30,57,118,10,43,37,300,137,28
20190417,서울특별시,11,종로구,11110,전라남도,46,17,133,23,28,72,6,25,28,162,116,20
20190417,서울특별시,11,종로구,11110,전라북도,45,11,151,18,30,75,3,31,34,191,131,23
20190417,서울특별시,11,종로구,11110,충청남도,44,22,205,34,60,88,6,54,22,213,129,32
20190417,서울특별시,11,종로구,11110,충청북도,43,17,154,15,41,84,0,34,19,190,121,21
20190417,서울특별시,11,종로구,11110,강원도,42,24,153,26,39,83,5,26,32,162,106,16
20190417,서울특별시,11,종로구,11110,경기도,41,186,1605,248,408,693,60,355,228,1607,1013,170
20190417,서울특별시,11,금천구,11545,충청북도,43,45,282,48,241,226,44,135,34,216,211,281
20190417,서울특별시,11,금천구,11545,충청남도,44,71,627,36,348,277,47,160,44,261,300,315
20190417,서울특별시,11,금천구,11545,전라북도,45,51,254,34,249,211,55,105,27,217,233,249
20190417,서울특별시,11,금천구,11545,전라남도,46,35,226,28,230,237,50,124,28,206,202,233
20190417,서울특별시,11,금천구,11545,경상북도,47,67,375,46,337,345,60,170,46,273,293,389
20190417,서울특별시,11,금천구,11545,경상남도,48,124,470,51,418,385,101,267,64,326,386,558
20190417,서울특별시,11,금천구,11545,제주특별자치도,50,12,75,12,68,50,21,37,4,59,59,48
20190417,서울특별시,11,종로구,11110,세종특별자치시,36,5,31,8,11,20,0,8,0,46,22,0
20190417,서울특별시,11,종로구,11110,울산광역시,31,9,97,15,26,40,5,19,7,103,60,9
20190417,서울특별시,11,종로구,11110,대전광역시,30,16,139,19,35,71,0,35,26,162,131,26
20190417,서울특별시,11,종로구,11110,광주광역시,29,14,133,21,29,59,4,22,23,160,104,15
20190417,서울특별시,11,종로구,11110,인천광역시,28,36,305,46,69,135,7,42,51,282,173,37
20190417,서울특별시,11,종로구,11110,대구광역시,27,11,211,29,59,113,12,39,26,260,129,37
20190417,서울특별시,11,종로구,11110,부산광역시,26,29,267,57,66,139,11,42,47,351,211,42
20190417,서울특별시,11,종로구,11110,서울특별시,11,138,1507,299,348,573,48,222,104,1207,747,173
20190417,서울특별시,11,서초구,11650,서울특별시,11,371,2540,732,608,1124,182,1767,163,1343,776,623
20190417,서울특별시,11,은평구,11380,울산광역시,31,10,72,10,13,68,17,43,30,126,45,53
20190417,서울특별시,11,은평구,11380,대전광역시,30,17,89,10,21,106,21,57,21,163,39,104
20190417,서울특별시,11,은평구,11380,광주광역시,29,16,86,8,25,93,18,76,27,179,45,91
20190417,서울특별시,11,은평구,11380,인천광역시,28,27,216,26,54,178,46,156,58,370,113,206
20190417,서울특별시,11,은평구,11380,대구광역시,27,28,122,22,43,145,37,89,45,257,93,178
20190417,서울특별시,11,은평구,11380,부산광역시,26,23,176,18,60,220,47,102,51,335,145,257
20190417,서울특별시,11,은평구,11380,서울특별시,11,144,722,118,281,779,193,515,131,1425,418,967
20190417,서울특별시,11,서초구,11650,부산광역시,26,74,494,116,125,290,39,366,45,256,208,154
20190417,서울특별시,11,서초구,11650,대구광역시,27,56,422,88,108,228,25,253,27,188,95,155
20190417,서울특별시,11,서초구,11650,인천광역시,28,85,399,81,123,307,41,287,30,280,148,164
20190417,서울특별시,11,서초구,11650,광주광역시,29,44,207,72,63,121,23,140,14,112,79,72
20190417,서울특별시,11,서초구,11650,대전광역시,30,44,186,50,76,149,31,140,19,84,90,77
20190417,서울특별시,11,서초구,11650,울산광역시,31,36,141,26,44,101,23,110,9,93,57,60
20190417,서울특별시,11,도봉구,11320,서울특별시,11,128,1230,278,927,573,103,991,142,1164,672,1147
20190418,서울특별시,11,종로구,11110,경기도,41,165,1666,196,346,1038,54,302,232,1426,1015,183
20190418,서울특별시,11,중구,11140,서울특별시,11,340,5353,348,333,1867,285,678,128,4710,1189,245
20190418,서울특별시,11,중구,11140,부산광역시,26,62,651,123,70,427,66,141,30,1033,300,75
20190418,서울특별시,11,중구,11140,대구광역시,27,53,490,73,59,265,49,115,29,824,206,55
20190418,서울특별시,11,중구,11140,인천광역시,28,60,660,44,71,356,69,183,35,1019,287,51
20190418,서울특별시,11,중구,11140,광주광역시,29,35,330,33,38,176,29,92,16,541,153,43
20190418,서울특별시,11,중구,11140,대전광역시,30,30,358,36,31,199,33,76,19,574,154,32
20190418,서울특별시,11,중구,11140,울산광역시,31,24,198,25,21,115,36,55,15,368,87,16
20190418,서울특별시,11,중구,11140,세종특별자치시,36,8,70,14,6,46,12,19,5,117,35,4
20190418,서울특별시,11,중구,11140,경기도,41,357,4020,329,369,1909,399,802,161,5039,1374,279
20190418,서울특별시,11,중구,11140,강원도,42,34,271,37,33,203,43,97,13,499,117,23
20190418,서울특별시,11,중구,11140,충청북도,43,30,336,49,32,241,43,111,21,567,129,27
20190418,서울특별시,11,중구,11140,충청남도,44,54,489,33,33,269,60,138,24,707,185,36
20190418,서울특별시,11,중구,11140,전라북도,45,46,268,41,22,204,51,171,13,537,147,32
20190418,서울특별시,11,중구,11140,전라남도,46,43,304,30,24,192,45,130,26,447,101,24
20190418,서울특별시,11,중구,11140,경상북도,47,40,409,88,60,279,66,119,25,690,166,32
20190418,서울특별시,11,중구,11140,경상남도,48,62,504,84,71,324,91,189,33,994,267,44
20190418,서울특별시,11,중구,11140,제주특별자치도,50,7,107,13,13,51,4,33,5,175,36,10
20190418,서울특별시,11,광진구,11215,서울특별시,11,100,1082,171,719,847,124,1615,78,1163,527,565
20190418,서울특별시,11,광진구,11215,부산광역시,26,23,252,37,159,217,37,395,15,274,132,127
20190418,서울특별시,11,광진구,11215,대구광역시,27,26,176,19,117,175,23,274,23,199,94,90
20190418,서울특별시,11,광진구,11215,인천광역시,28,29,236,25,169,193,32,330,14,267,125,106
20190418,서울특별시,11,광진구,11215,광주광역시,29,17,102,14,73,78,15,150,6,118,71,59
20190418,서울특별시,11,광진구,11215,대전광역시,30,15,112,15,96,78,16,172,6,124,58,67
20190418,서울특별시,11,광진구,11215,울산광역시,31,8,82,7,62,76,21,150,9,93,40,48
20190418,서울특별시,11,광진구,11215,세종특별자치시,36,4,26,0,17,23,3,36,4,25,13,12
20190418,서울특별시,11,광진구,11215,경기도,41,124,1269,162,865,1003,158,1901,137,1566,599,624
20190418,서울특별시,11,광진구,11215,강원도,42,16,139,25,67,101,18,164,12,124,55,45
20190418,서울특별시,11,광진구,11215,충청북도,43,24,118,14,83,101,24,179,12,139,71,60
20190418,서울특별시,11,광진구,11215,충청남도,44,19,133,36,147,128,16,275,11,214,70,86
20190418,서울특별시,11,광진구,11215,전라북도,45,21,122,14,90,95,18,152,16,156,65,69
20190418,서울특별시,11,광진구,11215,전라남도,46,7,86,17,76,111,13,170,12,114,52,64
20190418,서울특별시,11,광진구,11215,경상북도,47,17,180,21,134,158,22,287,15,179,80,81
20190418,서울특별시,11,광진구,11215,경상남도,48,39,199,17,146,227,34,355,40,201,113,114
20190418,서울특별시,11,광진구,11215,제주특별자치도,50,0,21,6,20,26,0,28,0,41,19,9
20190418,서울특별시,11,종로구,11110,제주특별자치도,50,5,60,9,5,16,0,6,11,46,36,12
20190418,서울특별시,11,종로구,11110,경상남도,48,36,254,38,61,198,11,45,42,333,186,24
20190418,서울특별시,11,종로구,11110,경상북도,47,22,207,18,52,147,0,36,30,246,150,26
20190418,서울특별시,11,종로구,11110,전라남도,46,11,147,11,24,103,9,32,31,170,91,19
20190418,서울특별시,11,종로구,11110,전라북도,45,16,158,18,27,96,4,27,50,161,112,36
20190418,서울특별시,11,종로구,11110,충청남도,44,34,216,24,44,144,6,37,36,202,148,28
20190418,서울특별시,11,종로구,11110,충청북도,43,17,159,20,44,95,5,28,24,168,129,24
20190418,서울특별시,11,종로구,11110,강원도,42,18,154,23,26,100,8,40,18,141,114,20
20190418,서울특별시,11,종로구,11110,세종특별자치시,36,5,58,6,4,26,0,4,9,40,21,5
20190418,서울특별시,11,종로구,11110,울산광역시,31,15,99,17,26,90,7,9,8,113,61,15
20190418,서울특별시,11,종로구,11110,대전광역시,30,12,173,30,39,108,4,19,30,165,107,22
20190418,서울특별시,11,종로구,11110,광주광역시,29,13,152,22,25,70,6,23,21,167,106,18
20190418,서울특별시,11,종로구,11110,인천광역시,28,33,332,43,68,207,8,49,39,207,206,30
20190418,서울특별시,11,종로구,11110,대구광역시,27,13,223,24,58,157,11,24,17,260,140,30
20190418,서울특별시,11,종로구,11110,부산광역시,26,35,312,29,69,208,6,49,37,364,241,43
20190418,서울특별시,11,종로구,11110,서울특별시,11,127,1526,247,276,925,38,212,129,1063,733,179
20190418,서울특별시,11,동작구,11590,제주특별자치도,50,0,17,8,0,12,4,6,3,30,11,18
20190418,서울특별시,11,동작구,11590,경상남도,48,34,90,48,56,104,27,45,22,129,63,111
20190418,서울특별시,11,동작구,11590,경상북도,47,28,80,31,53,80,17,33,15,84,41,81
20190418,서울특별시,11,동작구,11590,전라남도,46,17,57,18,22,76,7,18,19,45,22,57
20190418,서울특별시,11,동작구,11590,전라북도,45,15,52,27,30,79,16,16,17,89,28,64
20190418,서울특별시,11,동작구,11590,충청남도,44,25,84,16,40,80,25,34,14,105,59,67
20190418,서울특별시,11,동작구,11590,충청북도,43,15,62,19,44,67,11,29,14,86,34,50
20190418,서울특별시,11,동작구,11590,강원도,42,24,52,10,28,71,14,13,9,56,30,61
20190418,서울특별시,11,동작구,11590,경기도,41,200,688,223,332,630,150,215,119,1041,390,641
20190418,서울특별시,11,동작구,11590,세종특별자치시,36,0,9,6,9,18,6,3,7,9,12,18
20190418,서울특별시,11,동작구,11590,울산광역시,31,15,29,11,17,32,9,17,4,57,27,30
20190418,서울특별시,11,동작구,11590,대전광역시,30,19,48,22,41,53,8,16,10,60,46,66
20190418,서울특별시,11,동작구,11590,광주광역시,29,15,56,30,24,44,10,22,6,67,34,56
20190418,서울특별시,11,동작구,11590,인천광역시,28,43,140,36,60,111,33,80,30,144,62,130
20190418,서울특별시,11,동작구,11590,대구광역시,27,28,86,30,51,57,13,34,11,107,44,90
20190418,서울특별시,11,동작구,11590,부산광역시,26,39,105,47,47,118,19,40,21,138,69,133
20190418,서울특별시,11,동작구,11590,서울특별시,11,152,547,241,292,473,87,179,52,754,346,637
20190418,서울특별시,11,성동구,11200,서울특별시,11,146,3291,1039,547,979,311,777,140,2902,1021,554
20190418,서울특별시,11,성동구,11200,부산광역시,26,29,738,357,124,244,75,211,42,668,197,100
20190418,서울특별시,11,성동구,11200,대구광역시,27,32,668,428,114,197,50,166,34,506,113,72
20190418,서울특별시,11,성동구,11200,인천광역시,28,31,946,389,116,205,70,210,37,636,175,121
20190418,서울특별시,11,성동구,11200,광주광역시,29,14,427,220,59,116,43,87,22,306,95,53
20190418,서울특별시,11,성동구,11200,대전광역시,30,17,324,193,55,143,42,121,18,342,103,52
20190418,서울특별시,11,성동구,11200,울산광역시,31,16,341,241,46,100,35,90,16,224,60,33
20190418,서울특별시,11,성동구,11200,세종특별자치시,36,6,92,44,14,36,10,26,9,58,32,10
20190418,서울특별시,11,성동구,11200,경기도,41,182,4077,1797,567,1301,359,1081,195,3416,927,567
20190418,서울특별시,11,성동구,11200,강원도,42,23,360,215,61,115,40,101,24,284,61,35
20190418,서울특별시,11,성동구,11200,충청북도,43,13,362,179,60,138,49,97,20,341,72,57
20190418,서울특별시,11,성동구,11200,충청남도,44,25,537,348,84,166,65,135,26,433,112,90
20190418,서울특별시,11,성동구,11200,전라북도,45,24,391,228,68,144,36,120,26,350,76,45
20190418,서울특별시,11,성동구,11200,전라남도,46,21,364,192,49,130,50,99,19,280,75,51
20190418,서울특별시,11,성동구,11200,경상북도,47,27,646,516,92,213,60,196,25,391,93,72
20190418,서울특별시,11,성동구,11200,경상남도,48,39,852,580,115,238,68,220,44,550,144,110
20190418,서울특별시,11,성동구,11200,제주특별자치도,50,4,110,7,22,31,13,20,9,93,30,16
20190418,서울특별시,11,용산구,11170,서울특별시,11,157,1867,301,9043,916,118,363,150,1874,997,294
20190418,서울특별시,11,용산구,11170,부산광역시,26,24,426,155,2075,205,42,77,22,413,318,68
20190418,서울특별시,11,용산구,11170,대구광역시,27,25,329,52,1643,149,19,66,40,322,188,60
20190418,서울특별시,11,용산구,11170,인천광역시,28,38,435,110,1984,194,24,65,33,414,269,64
20190418,서울특별시,11,용산구,11170,광주광역시,29,12,202,27,851,102,18,20,12,225,122,37
20190418,서울특별시,11,용산구,11170,대전광역시,30,21,240,32,1108,113,13,35,20,195,126,39
20190418,서울특별시,11,용산구,11170,울산광역시,31,14,150,21,672,66,7,24,14,155,73,32
20190418,서울특별시,11,용산구,11170,세종특별자치시,36,8,56,18,253,26,5,16,6,49,25,9
20190418,서울특별시,11,용산구,11170,경기도,41,183,2139,330,10012,950,171,391,198,2138,1184,364
20190418,서울특별시,11,용산구,11170,강원도,42,22,208,23,965,90,20,25,21,160,110,27
20190418,서울특별시,11,용산구,11170,충청북도,43,19,188,22,1103,93,14,40,24,195,137,28
20190418,서울특별시,11,용산구,11170,충청남도,44,39,259,32,1477,176,27,61,25,267,158,52
20190418,서울특별시,11,용산구,11170,전라북도,45,12,219,23,967,101,10,44,19,220,155,25
20190418,서울특별시,11,용산구,11170,전라남도,46,12,172,53,948,105,13,56,15,182,125,36
20190418,서울특별시,11,용산구,11170,경상북도,47,18,326,34,1409,166,34,51,25,275,180,47
20190418,서울특별시,11,용산구,11170,경상남도,48,32,364,44,1825,181,46,74,51,370,267,51
20190418,서울특별시,11,용산구,11170,제주특별자치도,50,0,68,8,232,23,4,5,0,64,48,9
20190418,서울특별시,11,서대문구,11410,서울특별시,11,28,587,120,121,591,77,349,105,881,266,165
20190418,서울특별시,11,서대문구,11410,부산광역시,26,9,95,20,28,203,18,92,40,183,58,61
20190418,서울특별시,11,서대문구,11410,대구광역시,27,10,80,12,25,145,9,72,19,133,30,35
20190418,서울특별시,11,서대문구,11410,인천광역시,28,6,139,17,21,173,14,89,41,176,39,47
20190418,서울특별시,11,서대문구,11410,광주광역시,29,3,42,13,14,81,10,50,20,94,26,30
20190418,서울특별시,11,서대문구,11410,대전광역시,30,6,57,11,18,82,12,36,17,94,22,16
20190418,서울특별시,11,서대문구,11410,울산광역시,31,0,34,9,8,41,5,39,23,83,8,25
20190418,서울특별시,11,서대문구,11410,세종특별자치시,36,0,20,0,6,21,0,11,5,19,0,3
20190418,서울특별시,11,서대문구,11410,경기도,41,52,666,108,160,879,94,448,158,1153,271,215
20190418,서울특별시,11,서대문구,11410,강원도,42,4,51,12,6,130,9,46,20,70,17,27
20190418,서울특별시,11,서대문구,11410,충청북도,43,5,65,13,20,126,7,66,23,102,31,24
20190418,서울특별시,11,서대문구,11410,충청남도,44,5,74,19,16,147,7,86,29,134,26,54
20190418,서울특별시,11,서대문구,11410,전라북도,45,7,54,22,18,102,10,54,27,122,17,34
20190418,서울특별시,11,서대문구,11410,전라남도,46,0,50,14,16,115,9,67,26,74,25,26
20190418,서울특별시,11,서대문구,11410,경상북도,47,6,63,71,15,153,10,82,33,149,27,56
20190418,서울특별시,11,서대문구,11410,경상남도,48,14,94,23,32,183,12,101,45,188,43,49
20190418,서울특별시,11,서대문구,11410,제주특별자치도,50,0,8,7,3,21,0,8,5,25,5,10
20190418,서울특별시,11,영등포구,11560,서울특별시,11,98,2562,3062,1518,832,62,930,79,1074,449,576
20190418,서울특별시,11,영등포구,11560,부산광역시,26,26,444,521,348,234,27,188,22,250,107,154
20190418,서울특별시,11,영등포구,11560,대구광역시,27,20,489,353,241,203,18,126,14,162,67,91
20190418,서울특별시,11,영등포구,11560,인천광역시,28,22,399,627,339,381,19,206,17,227,117,104
20190418,서울특별시,11,영등포구,11560,광주광역시,29,11,240,276,186,110,8,82,28,141,39,54
20190418,서울특별시,11,영등포구,11560,대전광역시,30,16,197,275,173,134,4,87,14,107,44,55
20190418,서울특별시,11,영등포구,11560,울산광역시,31,7,153,128,140,95,3,67,3,107,43,38
20190418,서울특별시,11,영등포구,11560,세종특별자치시,36,3,34,39,47,36,0,18,6,37,11,15
20190418,서울특별시,11,영등포구,11560,경기도,41,127,2431,2769,1740,1104,109,958,111,1577,499,667
20190418,서울특별시,11,영등포구,11560,강원도,42,13,202,153,169,120,13,102,14,105,35,50
20190418,서울특별시,11,영등포구,11560,충청북도,43,9,240,219,184,140,10,98,13,117,42,57
20190418,서울특별시,11,영등포구,11560,충청남도,44,19,349,286,263,154,13,168,13,159,60,74
20190418,서울특별시,11,영등포구,11560,전라북도,45,6,223,203,152,128,11,88,10,134,47,64
20190418,서울특별시,11,영등포구,11560,전라남도,46,9,248,122,170,106,4,91,8,105,24,47
20190418,서울특별시,11,영등포구,11560,경상북도,47,14,316,239,260,219,21,147,11,175,63,86
20190418,서울특별시,11,영등포구,11560,경상남도,48,24,492,427,317,347,18,197,28,271,89,130
20190418,서울특별시,11,영등포구,11560,제주특별자치도,50,6,60,34,50,18,0,24,0,34,8,13
20190418,서울특별시,11,강서구,11500,서울특별시,11,161,1515,364,874,1471,168,2089,218,1895,831,1373
20190418,서울특별시,11,강서구,11500,부산광역시,26,43,448,97,194,420,36,604,93,513,229,415
20190418,서울특별시,11,강서구,11500,대구광역시,27,33,360,72,145,294,39,345,48,350,146,277
20190418,서울특별시,11,강서구,11500,인천광역시,28,53,461,88,209,356,44,528,60,529,178,355
20190418,서울특별시,11,강서구,11500,광주광역시,29,24,228,44,96,167,19,206,47,249,109,156
20190418,서울특별시,11,강서구,11500,대전광역시,30,23,225,50,121,197,12,237,42,235,114,200
20190418,서울특별시,11,강서구,11500,울산광역시,31,19,162,24,64,122,13,190,28,176,65,113
20190418,서울특별시,11,강서구,11500,세종특별자치시,36,11,60,8,17,69,11,72,14,62,46,78
20190418,서울특별시,11,강서구,11500,경기도,41,228,2379,426,1015,2014,234,2707,396,2797,1076,2186
20190418,서울특별시,11,강서구,11500,강원도,42,32,202,27,121,403,41,285,39,482,317,932
20190418,서울특별시,11,강서구,11500,충청북도,43,37,296,38,105,290,23,279,39,330,189,524
20190418,서울특별시,11,강서구,11500,충청남도,44,30,321,61,153,415,39,374,59,466,268,667
20190418,서울특별시,11,강서구,11500,전라북도,45,45,266,36,103,229,24,280,44,342,152,461
20190418,서울특별시,11,강서구,11500,전라남도,46,24,246,38,105,314,29,234,39,308,179,408
20190418,서울특별시,11,강서구,11500,경상북도,47,45,298,47,194,472,37,413,76,498,276,817
20190418,서울특별시,11,강서구,11500,경상남도,48,81,458,77,200,433,40,604,86,601,272,686
20190418,서울특별시,11,강서구,11500,제주특별자치도,50,10,58,16,35,46,0,39,64,65,21,33
20190418,서울특별시,11,관악구,11620,서울특별시,11,112,596,284,295,331,26,200,42,983,315,591
20190418,서울특별시,11,관악구,11620,부산광역시,26,29,123,75,75,100,8,58,6,237,85,186
20190418,서울특별시,11,관악구,11620,대구광역시,27,25,89,44,43,75,6,44,12,152,48,127
20190418,서울특별시,11,관악구,11620,인천광역시,28,30,174,49,71,79,5,33,13,228,73,179
20190418,서울특별시,11,관악구,11620,광주광역시,29,12,57,34,33,39,3,16,7,100,31,87
20190418,서울특별시,11,관악구,11620,대전광역시,30,17,72,36,41,37,0,15,6,108,31,103
20190418,서울특별시,11,관악구,11620,울산광역시,31,10,36,19,19,19,0,17,0,70,28,55
20190418,서울특별시,11,관악구,11620,세종특별자치시,36,3,20,6,13,5,0,7,0,30,8,25
20190418,서울특별시,11,관악구,11620,경기도,41,118,786,245,334,483,50,272,59,1383,366,856
20190418,서울특별시,11,관악구,11620,강원도,42,18,68,24,29,40,6,22,3,110,35,69
20190418,서울특별시,11,관악구,11620,충청북도,43,20,81,34,37,45,4,22,11,125,36,66
20190418,서울특별시,11,관악구,11620,충청남도,44,24,102,33,35,60,6,34,10,154,55,92
20190418,서울특별시,11,관악구,11620,전라북도,45,12,74,26,44,38,0,22,9,105,31,78
20190418,서울특별시,11,관악구,11620,전라남도,46,12,91,18,31,28,4,26,6,87,30,59
20190418,서울특별시,11,관악구,11620,경상북도,47,21,97,36,61,59,9,35,12,160,37,98
20190418,서울특별시,11,관악구,11620,경상남도,48,27,137,30,101,71,14,27,13,227,59,135
20190418,서울특별시,11,관악구,11620,제주특별자치도,50,3,22,8,13,8,0,14,0,26,16,13
20190418,서울특별시,11,양천구,11470,서울특별시,11,197,712,95,472,1012,139,533,86,650,293,671
20190418,서울특별시,11,양천구,11470,부산광역시,26,62,167,16,115,267,40,118,24,142,95,186
20190418,서울특별시,11,양천구,11470,대구광역시,27,42,97,10,61,208,29,125,22,105,56,143
20190418,서울특별시,11,양천구,11470,인천광역시,28,75,150,21,91,253,31,154,28,152,73,174
20190418,서울특별시,11,양천구,11470,광주광역시,29,34,56,9,35,119,13,76,13,63,44,81
20190418,서울특별시,11,양천구,11470,대전광역시,30,23,68,10,58,131,21,52,14,60,32,79
20190418,서울특별시,11,양천구,11470,울산광역시,31,21,37,6,30,106,20,41,10,44,28,57
20190418,서울특별시,11,양천구,11470,세종특별자치시,36,8,17,0,16,38,0,15,7,15,7,22
20190418,서울특별시,11,양천구,11470,경기도,41,265,778,108,507,1359,224,675,141,1065,383,819
20190418,서울특별시,11,양천구,11470,강원도,42,30,63,5,58,140,24,76,12,53,26,80
20190418,서울특별시,11,양천구,11470,충청북도,43,32,95,12,60,122,20,77,14,71,34,83
20190418,서울특별시,11,양천구,11470,충청남도,44,44,93,8,74,206,28,93,17,106,52,111
20190418,서울특별시,11,양천구,11470,전라북도,45,19,79,9,58,145,21,82,13,61,47,101
20190418,서울특별시,11,양천구,11470,전라남도,46,30,58,5,52,125,21,100,13,66,39,87
20190418,서울특별시,11,양천구,11470,경상북도,47,43,130,8,85,231,24,120,27,83,48,137
20190418,서울특별시,11,양천구,11470,경상남도,48,55,134,21,111,264,38,145,39,160,74,151
20190418,서울특별시,11,양천구,11470,제주특별자치도,50,6,11,0,10,32,3,9,9,20,7,25
20190418,서울특별시,11,성북구,11290,제주특별자치도,50,16,161,233,32,91,25,40,139,479,159,64
20190418,서울특별시,11,성북구,11290,경상남도,48,63,829,459,338,606,123,402,147,2929,1009,581
20190418,서울특별시,11,성북구,11290,경상북도,47,58,589,215,272,434,103,311,106,2179,728,427
20190418,서울특별시,11,성북구,11290,전라남도,46,30,543,360,148,290,58,208,75,1384,480,256
20190418,서울특별시,11,성북구,11290,전라북도,45,43,427,433,157,328,69,201,89,1629,538,279
20190418,서울특별시,11,성북구,11290,충청남도,44,61,616,615,224,407,109,310,137,2220,714,376
20190418,서울특별시,11,성북구,11290,충청북도,43,31,435,128,171,296,68,205,97,1572,578,243
20190418,서울특별시,11,강북구,11305,서울특별시,11,42,570,57,189,275,41,117,240,1529,391,51
20190418,서울특별시,11,강북구,11305,부산광역시,26,12,142,14,52,65,10,30,71,439,96,11
20190418,서울특별시,11,강북구,11305,대구광역시,27,11,121,21,37,53,4,23,53,373,67,9
20190418,서울특별시,11,강북구,11305,인천광역시,28,7,142,16,42,77,9,17,65,497,120,9
20190418,서울특별시,11,강북구,11305,광주광역시,29,8,70,7,21,48,3,14,23,236,50,6
20190418,서울특별시,11,강북구,11305,대전광역시,30,11,82,7,16,26,0,9,27,239,56,4
20190418,서울특별시,11,강북구,11305,울산광역시,31,4,54,0,11,27,6,6,20,156,42,0
20190418,서울특별시,11,강북구,11305,세종특별자치시,36,0,23,3,7,9,0,0,13,56,15,3
20190418,서울특별시,11,강북구,11305,경기도,41,61,789,77,223,361,48,136,338,2453,515,76
20190418,서울특별시,11,강북구,11305,강원도,42,11,61,8,23,42,5,12,21,234,59,3
20190418,서울특별시,11,강북구,11305,충청북도,43,8,84,9,26,46,11,19,32,275,57,3
20190418,서울특별시,11,강북구,11305,충청남도,44,6,109,12,33,46,0,22,72,327,73,6
20190418,서울특별시,11,강북구,11305,전라북도,45,10,84,11,22,50,0,14,40,244,62,6
20190418,서울특별시,11,강북구,11305,전라남도,46,11,62,5,24,31,5,13,35,214,45,3
20190418,서울특별시,11,강북구,11305,경상북도,47,14,115,9,30,63,6,22,55,354,63,8
20190418,서울특별시,11,강북구,11305,경상남도,48,22,128,11,46,74,12,23,78,506,105,10
20190418,서울특별시,11,강북구,11305,제주특별자치도,50,3,26,0,3,7,0,0,9,74,9,0
20190418,서울특별시,11,성북구,11290,강원도,42,34,432,209,160,289,91,226,55,1565,490,257
20190418,서울특별시,11,성북구,11290,경기도,41,324,3592,1865,1557,2893,598,1988,732,13752,4931,2455
20190418,서울특별시,11,성북구,11290,세종특별자치시,36,9,95,70,35,64,15,37,27,344,126,72
20190418,서울특별시,11,성북구,11290,울산광역시,31,27,247,69,155,228,46,150,54,1069,374,204
20190418,서울특별시,11,성북구,11290,대전광역시,30,27,387,157,161,315,55,207,95,1502,562,276
20190418,서울특별시,11,성북구,11290,광주광역시,29,27,342,171,167,306,55,191,64,1489,544,262
20190418,서울특별시,11,성북구,11290,인천광역시,28,66,767,468,372,608,134,425,166,2883,1119,519
20190418,서울특별시,11,성북구,11290,대구광역시,27,53,516,167,231,424,88,331,91,2260,840,441
20190418,서울특별시,11,성북구,11290,부산광역시,26,76,806,373,428,596,127,442,126,2917,1088,612
20190418,서울특별시,11,성북구,11290,서울특별시,11,259,2742,995,1175,2153,456,1694,460,10660,4239,2008
20190418,서울특별시,11,강남구,11680,서울특별시,11,352,2768,579,1108,1351,156,1443,288,3536,1163,1954
20190418,서울특별시,11,강남구,11680,부산광역시,26,102,561,64,167,282,23,337,104,759,296,482
20190418,서울특별시,11,강남구,11680,대구광역시,27,71,372,56,134,169,22,258,59,520,210,341
20190418,서울특별시,11,강남구,11680,인천광역시,28,76,480,58,181,289,38,314,84,675,258,460
20190418,서울특별시,11,강남구,11680,광주광역시,29,38,246,29,92,125,20,160,31,379,144,213
20190418,서울특별시,11,강남구,11680,대전광역시,30,28,248,34,110,153,16,172,52,356,148,205
20190418,서울특별시,11,강남구,11680,울산광역시,31,32,172,29,49,105,4,127,30,229,84,195
20190418,서울특별시,11,강남구,11680,세종특별자치시,36,17,54,28,29,41,3,41,18,70,25,45
20190418,서울특별시,11,강남구,11680,경기도,41,448,2690,358,1033,1509,239,1612,420,3965,1321,2120
20190418,서울특별시,11,강남구,11680,강원도,42,44,223,28,78,123,27,142,42,294,133,183
20190418,서울특별시,11,강남구,11680,충청북도,43,46,226,51,70,137,17,145,55,335,139,198
20190418,서울특별시,11,강남구,11680,충청남도,44,43,268,28,108,189,28,204,47,442,166,311
20190418,서울특별시,11,강남구,11680,전라북도,45,31,198,42,78,121,11,131,44,321,108,203
20190418,서울특별시,11,강남구,11680,전라남도,46,37,196,14,73,123,17,125,32,255,93,182
20190418,서울특별시,11,강남구,11680,경상북도,47,62,295,28,110,167,21,218,70,460,152,341
20190418,서울특별시,11,강남구,11680,경상남도,48,97,397,41,153,242,42,295,70,566,223,390
20190418,서울특별시,11,강남구,11680,제주특별자치도,50,21,107,9,36,65,7,36,9,109,39,68
20190418,서울특별시,11,금천구,11545,제주특별자치도,50,12,69,11,93,40,33,45,14,69,59,84
20190418,서울특별시,11,금천구,11545,경상남도,48,79,479,42,589,314,132,326,74,378,347,617
20190418,서울특별시,11,금천구,11545,경상북도,47,76,317,30,454,287,89,295,68,332,267,470
20190418,서울특별시,11,금천구,11545,전라남도,46,48,194,14,320,169,78,143,19,194,194,247
20190418,서울특별시,11,금천구,11545,전라북도,45,45,286,10,290,193,68,147,27,198,182,270
20190418,서울특별시,11,금천구,11545,충청남도,44,71,327,31,369,252,89,212,59,300,259,372
20190418,서울특별시,11,금천구,11545,충청북도,43,59,216,23,289,187,77,124,42,197,189,298
20190418,서울특별시,11,금천구,11545,강원도,42,79,255,63,316,167,45,150,33,187,176,281
20190418,서울특별시,11,금천구,11545,경기도,41,516,2340,450,2816,1815,549,1662,376,2170,1726,2697
20190418,서울특별시,11,금천구,11545,세종특별자치시,36,15,48,6,63,38,14,48,12,63,59,62
20190418,서울특별시,11,금천구,11545,울산광역시,31,33,165,14,201,140,39,121,27,156,150,327
20190418,서울특별시,11,금천구,11545,대전광역시,30,56,221,19,245,188,72,149,38,224,209,277
20190418,서울특별시,11,금천구,11545,광주광역시,29,54,228,20,228,196,55,160,44,248,218,288
20190418,서울특별시,11,금천구,11545,인천광역시,28,68,499,51,609,387,108,305,96,378,399,647
20190418,서울특별시,11,금천구,11545,대구광역시,27,69,357,27,388,300,123,272,56,316,308,492
20190418,서울특별시,11,금천구,11545,부산광역시,26,122,439,26,563,384,152,366,64,389,418,712
20190418,서울특별시,11,금천구,11545,서울특별시,11,430,1890,375,2170,1573,566,1378,237,1574,1480,2365
20190418,서울특별시,11,강동구,11740,서울특별시,11,276,764,341,196,944,100,784,104,906,374,249
20190418,서울특별시,11,강동구,11740,부산광역시,26,67,184,95,42,235,22,188,24,225,105,63
20190418,서울특별시,11,강동구,11740,대구광역시,27,56,106,105,25,173,13,94,27,145,65,48
20190418,서울특별시,11,강동구,11740,인천광역시,28,70,156,89,42,276,20,212,27,206,77,52
20190418,서울특별시,11,강동구,11740,광주광역시,29,85,80,57,18,100,12,78,9,86,39,27
20190418,서울특별시,11,강동구,11740,대전광역시,30,37,87,52,21,150,19,79,17,88,37,31
20190418,서울특별시,11,강동구,11740,울산광역시,31,22,51,31,18,70,9,60,9,81,21,23
20190418,서울특별시,11,강동구,11740,세종특별자치시,36,15,22,15,7,31,0,19,4,22,8,8
20190418,서울특별시,11,강동구,11740,경기도,41,374,856,493,214,1304,119,832,165,1305,426,297
20190418,서울특별시,11,강동구,11740,강원도,42,50,64,44,18,148,19,124,11,82,28,31
20190418,서울특별시,11,강동구,11740,충청북도,43,44,88,49,37,133,13,90,20,104,29,38
20190418,서울특별시,11,강동구,11740,충청남도,44,68,109,57,24,202,15,113,14,120,36,51
20190418,서울특별시,11,강동구,11740,전라북도,45,58,80,64,16,146,11,113,16,82,39,25
20190418,서울특별시,11,강동구,11740,전라남도,46,39,70,67,11,144,12,104,17,71,27,38
20190418,서울특별시,11,강동구,11740,경상북도,47,67,95,80,37,202,20,118,15,119,68,42
20190418,서울특별시,11,강동구,11740,경상남도,48,84,154,93,33,225,30,181,21,204,72,46
20190418,서울특별시,11,강동구,11740,제주특별자치도,50,9,16,5,3,26,7,19,0,16,13,3
20190418,서울특별시,11,중랑구,11260,서울특별시,11,216,1368,242,555,1240,180,809,314,2801,1346,869
20190418,서울특별시,11,중랑구,11260,부산광역시,26,56,266,36,181,362,33,219,93,775,410,232
20190418,서울특별시,11,중랑구,11260,대구광역시,27,44,244,21,89,291,43,175,78,586,313,198
20190418,서울특별시,11,중랑구,11260,인천광역시,28,58,294,36,150,371,41,203,87,825,409,246
20190418,서울특별시,11,중랑구,11260,광주광역시,29,26,148,7,80,170,21,82,27,396,215,102
20190418,서울특별시,11,중랑구,11260,대전광역시,30,36,145,27,78,176,29,92,42,423,191,102
20190418,서울특별시,11,중랑구,11260,울산광역시,31,23,125,9,49,140,25,76,39,259,129,84
20190418,서울특별시,11,중랑구,11260,세종특별자치시,36,11,36,3,21,48,5,20,17,85,47,22
20190418,서울특별시,11,중랑구,11260,경기도,41,288,1821,205,678,1860,212,891,486,3870,1817,1067
20190418,서울특별시,11,중랑구,11260,강원도,42,28,119,23,63,193,23,93,61,361,195,100
20190418,서울특별시,11,중랑구,11260,충청북도,43,32,171,25,84,193,21,124,41,423,209,125
20190418,서울특별시,11,중랑구,11260,충청남도,44,30,247,30,103,247,28,135,91,581,305,166
20190418,서울특별시,11,중랑구,11260,전라북도,45,30,154,17,84,196,14,89,56,443,226,114
20190418,서울특별시,11,중랑구,11260,전라남도,46,30,152,18,84,176,22,107,50,349,172,107
20190418,서울특별시,11,중랑구,11260,경상북도,47,36,240,28,107,308,42,162,81,530,281,155
20190418,서울특별시,11,중랑구,11260,경상남도,48,65,255,34,144,363,53,195,80,771,400,242
20190418,서울특별시,11,중랑구,11260,제주특별자치도,50,7,32,3,6,34,4,21,5,89,53,30
20190418,서울특별시,11,도봉구,11320,서울특별시,11,107,962,348,1058,582,96,899,185,1139,639,1009
20190418,서울특별시,11,도봉구,11320,부산광역시,26,26,252,56,305,171,37,270,62,351,200,297
20190418,서울특별시,11,도봉구,11320,대구광역시,27,23,175,46,204,128,7,126,39,254,167,246
20190418,서울특별시,11,도봉구,11320,인천광역시,28,26,245,96,282,154,22,266,61,379,180,277
20190418,서울특별시,11,도봉구,11320,광주광역시,29,11,113,39,146,63,7,82,29,164,104,151
20190418,서울특별시,11,도봉구,11320,대전광역시,30,12,118,29,151,80,16,108,30,170,98,151
20190418,서울특별시,11,도봉구,11320,울산광역시,31,11,82,21,88,49,11,94,27,164,59,123
20190418,서울특별시,11,도봉구,11320,세종특별자치시,36,4,26,11,31,18,5,40,15,37,30,32
20190418,서울특별시,11,도봉구,11320,경기도,41,108,1231,394,1252,680,122,987,284,1813,984,1364
20190418,서울특별시,11,도봉구,11320,강원도,42,9,119,25,151,77,9,74,34,191,107,112
20190418,서울특별시,11,도봉구,11320,충청북도,43,13,131,24,131,85,19,91,26,172,109,159
20190418,서울특별시,11,도봉구,11320,충청남도,44,13,155,34,186,122,26,149,42,299,165,201
20190418,서울특별시,11,도봉구,11320,전라북도,45,14,103,34,131,89,10,127,26,228,91,153
20190418,서울특별시,11,도봉구,11320,전라남도,46,15,96,20,113,59,6,100,33,182,78,149
20190418,서울특별시,11,도봉구,11320,경상북도,47,22,169,29,189,134,15,142,46,281,136,241
20190418,서울특별시,11,도봉구,11320,경상남도,48,30,229,46,244,168,26,195,69,425,208,300
20190418,서울특별시,11,도봉구,11320,제주특별자치도,50,4,29,13,19,40,3,25,6,47,29,27
20190418,서울특별시,11,노원구,11350,서울특별시,11,63,694,127,243,465,98,289,97,1509,343,260
20190418,서울특별시,11,노원구,11350,부산광역시,26,6,113,13,25,128,25,41,34,349,119,99
20190418,서울특별시,11,노원구,11350,대구광역시,27,16,97,19,27,90,16,22,32,278,83,40
20190418,서울특별시,11,노원구,11350,인천광역시,28,25,151,19,53,114,10,57,30,423,67,60
20190418,서울특별시,11,노원구,11350,광주광역시,29,4,57,6,21,48,9,40,16,199,43,24
20190418,서울특별시,11,노원구,11350,대전광역시,30,9,73,18,29,58,7,17,26,221,34,28
20190418,서울특별시,11,노원구,11350,울산광역시,31,6,33,0,16,38,8,11,14,138,23,18
20190418,서울특별시,11,노원구,11350,세종특별자치시,36,0,21,3,8,13,3,4,6,50,7,10
20190418,서울특별시,11,노원구,11350,경기도,41,93,761,124,207,681,111,282,189,2288,389,278
20190418,서울특별시,11,노원구,11350,강원도,42,13,66,7,31,58,27,25,18,193,32,21
20190418,서울특별시,11,노원구,11350,충청북도,43,11,65,18,17,65,14,22,26,210,33,37
20190418,서울특별시,11,노원구,11350,충청남도,44,10,71,6,32,82,16,45,31,294,37,46
20190418,서울특별시,11,노원구,11350,전라북도,45,9,61,6,18,96,13,35,14,227,34,33
20190418,서울특별시,11,노원구,11350,전라남도,46,8,59,5,24,53,10,34,23,191,42,32
20190418,서울특별시,11,노원구,11350,경상북도,47,11,79,17,35,110,28,47,24,247,59,39
20190418,서울특별시,11,노원구,11350,경상남도,48,26,99,17,42,121,32,31,42,380,61,58
20190418,서울특별시,11,노원구,11350,제주특별자치도,50,9,7,0,0,14,15,5,6,47,10,5
20190418,서울특별시,11,송파구,11710,서울특별시,11,118,2210,264,563,1089,157,1928,197,3100,966,890
20190418,서울특별시,11,송파구,11710,부산광역시,26,37,490,40,158,367,32,305,55,771,221,248
20190418,서울특별시,11,송파구,11710,대구광역시,27,35,351,31,103,240,38,180,44,557,149,136
20190418,서울특별시,11,송파구,11710,인천광역시,28,28,486,47,134,381,37,401,58,761,186,222
20190418,서울특별시,11,송파구,11710,광주광역시,29,11,237,25,109,180,13,118,29,387,93,80
20190418,서울특별시,11,송파구,11710,대전광역시,30,15,268,24,69,196,18,131,18,409,114,91
20190418,서울특별시,11,송파구,11710,울산광역시,31,9,179,17,33,111,16,75,11,269,52,90
20190418,서울특별시,11,송파구,11710,세종특별자치시,36,5,55,5,18,33,7,44,10,83,24,23
20190418,서울특별시,11,송파구,11710,경기도,41,170,2757,243,737,1568,237,2070,266,4087,1120,1043
20190418,서울특별시,11,송파구,11710,강원도,42,14,238,16,48,179,24,126,24,329,81,94
20190418,서울특별시,11,송파구,11710,충청북도,43,11,230,32,68,177,19,118,31,381,90,100
20190418,서울특별시,11,송파구,11710,충청남도,44,14,360,30,89,267,33,180,43,506,125,127
20190418,서울특별시,11,송파구,11710,전라북도,45,9,259,17,48,183,19,120,30,394,155,114
20190418,서울특별시,11,송파구,11710,전라남도,46,11,216,12,76,214,23,130,19,299,84,107
20190418,서울특별시,11,송파구,11710,경상북도,47,14,382,17,97,294,29,200,36,537,148,156
20190418,서울특별시,11,송파구,11710,경상남도,48,32,408,33,129,371,28,250,52,695,157,206
20190418,서울특별시,11,송파구,11710,제주특별자치도,50,0,66,9,27,62,10,30,8,120,21,24
20190418,서울특별시,11,구로구,11530,제주특별자치도,50,0,40,6,18,55,8,39,9,41,17,31
20190418,서울특별시,11,구로구,11530,경상남도,48,28,359,35,124,421,30,195,50,305,143,290
20190418,서울특별시,11,구로구,11530,경상북도,47,14,278,30,98,274,30,154,28,221,88,196
20190418,서울특별시,11,구로구,11530,전라남도,46,13,202,17,63,184,17,77,25,173,54,118
20190418,서울특별시,11,구로구,11530,전라북도,45,16,186,29,69,152,17,68,12,173,82,141
20190418,서울특별시,11,구로구,11530,충청남도,44,13,260,19,109,467,48,147,37,225,101,171
20190418,서울특별시,11,구로구,11530,충청북도,43,17,191,27,68,193,19,118,28,167,72,143
20190418,서울특별시,11,구로구,11530,강원도,42,11,161,17,52,259,13,76,18,157,75,118
20190418,서울특별시,11,구로구,11530,경기도,41,145,1976,229,636,1699,182,654,208,1577,745,1449
20190418,서울특별시,11,구로구,11530,세종특별자치시,36,4,63,6,9,42,0,19,11,44,23,36
20190418,서울특별시,11,구로구,11530,울산광역시,31,9,125,12,49,175,12,55,14,92,43,110
20190418,서울특별시,11,구로구,11530,대전광역시,30,19,197,19,63,158,14,74,43,128,65,138
20190418,서울특별시,11,구로구,11530,광주광역시,29,14,144,17,57,184,13,74,17,130,60,134
20190418,서울특별시,11,구로구,11530,인천광역시,28,16,388,52,119,576,29,138,36,281,165,276
20190418,서울특별시,11,구로구,11530,대구광역시,27,21,290,22,118,484,23,129,24,204,91,232
20190418,서울특별시,11,구로구,11530,부산광역시,26,18,358,46,133,571,44,176,31,318,153,331
20190418,서울특별시,11,구로구,11530,서울특별시,11,93,1496,184,529,1837,103,425,106,984,481,1109
20190418,서울특별시,11,서초구,11650,서울특별시,11,330,2273,590,511,1080,156,1388,124,1064,595,521
20190418,서울특별시,11,서초구,11650,부산광역시,26,72,396,119,96,234,39,277,30,191,124,145
20190418,서울특별시,11,서초구,11650,대구광역시,27,58,343,84,88,220,24,200,43,141,95,120
20190418,서울특별시,11,서초구,11650,인천광역시,28,80,401,91,111,258,38,207,31,172,124,122
20190418,서울특별시,11,서초구,11650,광주광역시,29,32,192,67,46,107,17,103,15,103,60,55
20190418,서울특별시,11,서초구,11650,대전광역시,30,36,221,46,48,113,19,131,24,98,65,54
20190418,서울특별시,11,서초구,11650,울산광역시,31,17,101,28,37,76,17,65,12,84,42,41
20190418,서울특별시,11,서초구,11650,세종특별자치시,36,19,53,12,11,30,5,29,4,25,4,20
20190418,서울특별시,11,서초구,11650,경기도,41,350,3072,543,624,1411,224,1373,200,1521,632,650
20190418,서울특별시,11,서초구,11650,강원도,42,38,194,39,46,116,17,90,23,66,43,65
20190418,서울특별시,11,서초구,11650,충청북도,43,30,226,43,73,154,26,146,18,85,57,59
20190418,서울특별시,11,서초구,11650,충청남도,44,36,255,61,59,196,28,178,39,123,80,118
20190418,서울특별시,11,서초구,11650,전라북도,45,22,190,56,67,120,20,130,26,95,66,73
20190418,서울특별시,11,서초구,11650,전라남도,46,36,161,44,46,120,32,116,20,62,43,53
20190418,서울특별시,11,서초구,11650,경상북도,47,54,283,67,81,176,23,160,32,111,82,102
20190418,서울특별시,11,서초구,11650,경상남도,48,67,332,71,107,278,44,215,32,151,94,133
20190418,서울특별시,11,서초구,11650,제주특별자치도,50,10,74,30,21,25,8,37,9,20,18,31
20190418,서울특별시,11,마포구,11440,서울특별시,11,126,2353,557,935,1477,52,1194,165,2371,1854,294
20190418,서울특별시,11,마포구,11440,부산광역시,26,26,480,101,238,401,28,319,44,487,468,84
20190418,서울특별시,11,마포구,11440,대구광역시,27,26,384,108,178,255,14,194,38,377,348,58
20190418,서울특별시,11,마포구,11440,인천광역시,28,42,508,148,217,383,20,353,38,446,437,79
20190418,서울특별시,11,마포구,11440,광주광역시,29,9,316,69,116,175,4,158,27,271,246,32
20190418,서울특별시,11,마포구,11440,대전광역시,30,10,280,58,110,192,10,143,18,250,226,47
20190418,서울특별시,11,마포구,11440,울산광역시,31,10,145,30,94,132,8,103,15,156,178,37
20190418,서울특별시,11,마포구,11440,세종특별자치시,36,8,62,12,26,36,0,27,6,66,42,9
20190418,서울특별시,11,마포구,11440,경기도,41,165,2609,546,1056,1717,94,1328,203,2574,1933,414
20190418,서울특별시,11,마포구,11440,강원도,42,13,225,53,123,180,12,167,20,186,197,39
20190418,서울특별시,11,마포구,11440,충청북도,43,17,258,77,135,195,11,152,9,238,216,43
20190418,서울특별시,11,마포구,11440,충청남도,44,13,358,90,151,271,7,214,30,303,334,57
20190418,서울특별시,11,마포구,11440,전라북도,45,11,328,71,172,173,3,175,24,206,244,33
20190418,서울특별시,11,마포구,11440,전라남도,46,12,207,73,121,186,8,133,18,191,208,27
20190418,서울특별시,11,마포구,11440,경상북도,47,22,399,99,169,306,7,222,36,298,300,64
20190418,서울특별시,11,마포구,11440,경상남도,48,35,396,101,246,355,23,278,47,383,401,54
20190418,서울특별시,11,마포구,11440,제주특별자치도,50,8,83,32,63,64,0,37,8,98,72,6
20190418,서울특별시,11,은평구,11380,제주특별자치도,50,5,21,0,4,22,12,7,6,69,19,19
20190418,서울특별시,11,은평구,11380,경상남도,48,28,214,36,47,199,61,94,42,417,128,203
20190418,서울특별시,11,은평구,11380,경상북도,47,28,184,19,35,149,50,81,41,321,76,142
20190418,서울특별시,11,은평구,11380,전라남도,46,11,94,20,16,95,21,67,35,235,55,84
20190418,서울특별시,11,은평구,11380,전라북도,45,13,127,14,25,106,25,42,28,278,63,78
20190418,서울특별시,11,은평구,11380,충청남도,44,22,128,19,33,129,33,90,42,335,79,134
20190418,서울특별시,11,은평구,11380,충청북도,43,15,87,12,33,93,38,42,32,234,63,91
20190418,서울특별시,11,은평구,11380,강원도,42,14,92,9,21,107,24,50,28,219,78,65
20190418,서울특별시,11,은평구,11380,경기도,41,160,960,128,273,1208,218,517,249,2301,627,861
20190418,서울특별시,11,은평구,11380,세종특별자치시,36,3,13,4,5,22,7,9,6,48,9,25
20190418,서울특별시,11,은평구,11380,울산광역시,31,5,56,16,20,65,21,39,24,200,53,46
20190418,서울특별시,11,은평구,11380,대전광역시,30,13,73,11,28,78,24,46,28,190,65,80
20190418,서울특별시,11,은평구,11380,광주광역시,29,11,129,14,20,86,35,39,22,224,65,105
20190418,서울특별시,11,은평구,11380,인천광역시,28,35,232,16,68,177,46,113,51,442,123,186
20190418,서울특별시,11,은평구,11380,대구광역시,27,23,130,18,40,153,53,70,38,312,90,149
20190418,서울특별시,11,은평구,11380,부산광역시,26,34,250,33,51,224,55,96,50,431,125,232
20190418,서울특별시,11,은평구,11380,서울특별시,11,134,641,114,245,714,150,435,132,1372,421,827
20190418,서울특별시,11,동대문구,11230,제주특별자치도,50,34,64,6,18,56,6,47,12,125,39,11
20190418,서울특별시,11,동대문구,11230,경상남도,48,132,387,27,208,391,32,397,59,864,215,187
20190418,서울특별시,11,동대문구,11230,경상북도,47,99,321,21,180,306,37,332,47,682,159,104
20190418,서울특별시,11,동대문구,11230,전라남도,46,50,227,16,76,192,16,217,39,452,101,62
20190418,서울특별시,11,동대문구,11230,전라북도,45,59,213,16,114,201,12,228,34,504,94,87
20190418,서울특별시,11,동대문구,11230,충청남도,44,101,309,29,160,307,21,286,46,694,161,106
20190418,서울특별시,11,동대문구,11230,충청북도,43,69,235,15,80,228,18,227,34,507,101,93
20190418,서울특별시,11,동대문구,11230,강원도,42,87,198,17,96,216,16,184,33,452,82,67
20190418,서울특별시,11,동대문구,11230,경기도,41,659,1948,184,957,1840,168,1827,290,4960,1029,704
20190418,서울특별시,11,동대문구,11230,세종특별자치시,36,21,49,7,25,51,6,44,16,100,25,22
20190418,서울특별시,11,동대문구,11230,울산광역시,31,27,126,18,64,148,15,152,34,329,69,52
20190418,서울특별시,11,동대문구,11230,대전광역시,30,77,185,19,116,179,9,206,30,495,92,79
20190418,서울특별시,11,동대문구,11230,광주광역시,29,64,196,18,97,155,16,174,27,508,87,83
20190418,서울특별시,11,동대문구,11230,인천광역시,28,131,388,25,199,365,32,416,73,1053,193,149
20190418,서울특별시,11,동대문구,11230,대구광역시,27,106,299,32,164,307,30,322,48,735,176,131
20190418,서울특별시,11,동대문구,11230,부산광역시,26,149,417,37,207,379,26,440,78,963,231,189
20190418,서울특별시,11,동대문구,11230,서울특별시,11,635,1417,164,814,1095,113,1352,192,3758,804,554
20190419,서울특별시,11,용산구,11170,전라남도,46,12,183,33,797,79,22,47,14,185,61,31
20190419,서울특별시,11,용산구,11170,전라북도,45,11,192,35,829,81,16,47,16,224,73,25
20190419,서울특별시,11,용산구,11170,충청남도,44,20,256,46,1294,121,16,66,33,230,117,36
20190419,서울특별시,11,용산구,11170,충청북도,43,19,206,28,917,76,17,28,7,192,67,28
20190419,서울특별시,11,용산구,11170,강원도,42,16,191,30,869,58,22,29,9,159,79,23
20190419,서울특별시,11,용산구,11170,경기도,41,156,2113,419,8837,911,140,403,237,2146,777,292
20190419,서울특별시,11,용산구,11170,세종특별자치시,36,3,58,4,215,21,0,11,11,54,23,8
20190419,서울특별시,11,용산구,11170,울산광역시,31,9,118,42,530,44,8,26,15,165,63,15
20190419,서울특별시,11,용산구,11170,대전광역시,30,9,224,48,966,95,16,64,23,177,72,25
20190419,서울특별시,11,용산구,11170,광주광역시,29,16,186,37,771,125,13,43,16,213,92,27
20190419,서울특별시,11,용산구,11170,인천광역시,28,28,445,70,1740,185,27,104,38,395,159,58
20190419,서울특별시,11,용산구,11170,대구광역시,27,34,316,72,1266,128,26,41,20,309,116,43
20190419,서울특별시,11,용산구,11170,부산광역시,26,37,438,85,1787,214,29,73,40,415,177,75
20190419,서울특별시,11,용산구,11170,서울특별시,11,146,1795,454,7745,913,110,306,144,1835,686,234
20190419,서울특별시,11,마포구,11440,경상남도,48,19,400,79,219,367,19,249,100,410,341,81
20190419,서울특별시,11,마포구,11440,제주특별자치도,50,7,87,13,41,65,4,22,9,99,54,14
20190419,서울특별시,11,구로구,11530,제주특별자치도,50,0,43,5,15,43,10,35,0,48,13,26
20190419,서울특별시,11,구로구,11530,경상남도,48,25,296,33,106,340,34,158,27,367,115,255
20190419,서울특별시,11,구로구,11530,경상북도,47,10,238,34,85,244,24,138,20,237,77,172
20190419,서울특별시,11,구로구,11530,전라남도,46,7,144,22,49,167,22,87,10,189,54,110
20190419,서울특별시,11,구로구,11530,전라북도,45,11,191,26,47,138,22,81,15,187,65,102
20190419,서울특별시,11,구로구,11530,충청남도,44,9,230,22,83,198,33,116,23,238,74,156
20190419,서울특별시,11,광진구,11215,광주광역시,29,13,76,12,54,72,7,93,13,136,64,44
20190419,서울특별시,11,광진구,11215,대전광역시,30,20,95,25,89,135,11,86,6,149,79,48
20190419,서울특별시,11,광진구,11215,울산광역시,31,12,79,5,52,64,16,87,9,83,56,31
20190419,서울특별시,11,광진구,11215,세종특별자치시,36,0,20,0,17,28,3,17,0,29,11,7
20190419,서울특별시,11,광진구,11215,경기도,41,115,1193,169,828,1024,141,944,118,1504,623,484
20190419,서울특별시,11,광진구,11215,강원도,42,23,105,11,71,118,17,88,5,139,52,40
20190419,서울특별시,11,광진구,11215,충청북도,43,20,135,18,98,114,22,124,10,164,62,46
20190419,서울특별시,11,강서구,11500,강원도,42,26,166,45,155,291,32,306,32,684,226,441
20190419,서울특별시,11,강서구,11500,경기도,41,212,2106,311,833,1716,206,2512,317,2875,949,1402
20190419,서울특별시,11,강서구,11500,세종특별자치시,36,6,42,15,33,35,5,68,13,79,32,55
20190419,서울특별시,11,성북구,11290,강원도,42,39,320,42,231,262,44,227,63,1328,401,233
20190419,서울특별시,11,성북구,11290,충청북도,43,37,320,29,255,281,48,200,67,1390,397,223
20190419,서울특별시,11,성북구,11290,충청남도,44,41,426,73,317,383,89,290,100,1828,578,334
20190419,서울특별시,11,성북구,11290,전라북도,45,48,315,61,265,266,61,208,59,1453,455,247
20190419,서울특별시,11,성북구,11290,전라남도,46,38,266,68,289,244,53,178,67,1309,399,234
20190419,서울특별시,11,성북구,11290,경상북도,47,42,445,66,413,402,75,338,101,1905,645,351
20190419,서울특별시,11,강남구,11680,제주특별자치도,50,11,126,8,29,24,0,47,11,101,40,46
20190419,서울특별시,11,강남구,11680,경상남도,48,36,581,53,150,277,40,262,89,489,210,334
20190419,서울특별시,11,구로구,11530,충청북도,43,10,148,15,75,160,20,135,19,199,62,109
20190419,서울특별시,11,구로구,11530,강원도,42,7,163,19,61,162,27,81,17,140,68,97
20190419,서울특별시,11,구로구,11530,경기도,41,120,1721,238,596,1581,137,638,150,1575,622,1119
20190419,서울특별시,11,구로구,11530,세종특별자치시,36,0,33,5,10,33,3,14,0,42,26,18
20190419,서울특별시,11,구로구,11530,울산광역시,31,6,119,11,39,118,9,73,16,116,50,93
20190419,서울특별시,11,구로구,11530,대전광역시,30,9,138,12,58,137,23,90,21,140,61,106
20190419,서울특별시,11,구로구,11530,광주광역시,29,6,146,19,58,124,20,76,18,133,52,92
20190419,서울특별시,11,구로구,11530,인천광역시,28,15,342,49,137,357,33,110,42,332,104,251
20190419,서울특별시,11,구로구,11530,대구광역시,27,24,258,23,103,230,22,150,16,191,91,162
20190419,서울특별시,11,구로구,11530,부산광역시,26,19,329,50,132,301,30,155,30,291,145,226
20190419,서울특별시,11,구로구,11530,서울특별시,11,88,1381,162,576,1269,87,418,90,1048,531,852
20190419,서울특별시,11,강북구,11305,제주특별자치도,50,0,15,0,4,4,0,3,11,56,22,0
20190419,서울특별시,11,강북구,11305,경상남도,48,15,156,9,27,69,11,32,86,430,116,16
20190419,서울특별시,11,강북구,11305,경상북도,47,8,127,7,35,50,4,18,54,353,95,5
20190419,서울특별시,11,강남구,11680,경상북도,47,31,333,46,109,217,21,188,62,354,171,245
20190419,서울특별시,11,강남구,11680,전라남도,46,21,260,23,57,138,15,129,40,207,110,140
20190419,서울특별시,11,강남구,11680,전라북도,45,16,262,26,73,126,15,150,39,312,127,184
20190419,서울특별시,11,강남구,11680,충청남도,44,19,409,33,96,185,23,204,59,434,197,222
20190419,서울특별시,11,강남구,11680,충청북도,43,22,263,41,86,153,14,117,34,318,121,176
20190419,서울특별시,11,강남구,11680,강원도,42,25,269,38,75,134,16,116,37,256,103,154
20190419,서울특별시,11,강남구,11680,경기도,41,273,3180,406,958,1496,191,1499,330,3463,1247,1642
20190419,서울특별시,11,강남구,11680,세종특별자치시,36,5,62,17,24,36,7,31,5,60,39,36
20190419,서울특별시,11,강남구,11680,울산광역시,31,15,216,21,54,100,13,117,11,210,88,138
20190419,서울특별시,11,강남구,11680,대전광역시,30,19,337,45,74,159,16,140,48,327,126,178
20190419,서울특별시,11,강남구,11680,광주광역시,29,24,262,37,83,138,17,133,29,354,129,180
20190419,서울특별시,11,강남구,11680,인천광역시,28,42,627,65,180,287,30,301,63,571,227,414
20190419,서울특별시,11,강남구,11680,대구광역시,27,37,459,53,125,257,20,207,48,505,188,250
20190419,서울특별시,11,성동구,11200,제주특별자치도,50,3,95,8,26,37,12,27,6,96,34,13
20190419,서울특별시,11,성동구,11200,경상남도,48,37,2249,562,118,233,55,199,55,614,119,87
20190419,서울특별시,11,성동구,11200,경상북도,47,22,1112,493,88,164,50,170,43,443,95,83
20190419,서울특별시,11,성동구,11200,전라남도,46,8,868,183,54,94,30,82,15,304,78,46
20190419,서울특별시,11,성동구,11200,전라북도,45,33,897,163,56,96,40,90,23,350,64,41
20190419,서울특별시,11,성동구,11200,충청남도,44,21,590,219,68,155,34,129,28,474,96,57
20190419,서울특별시,11,성동구,11200,충청북도,43,14,418,155,57,106,32,87,21,378,72,38
20190419,서울특별시,11,성동구,11200,강원도,42,14,505,138,51,116,44,97,23,272,62,34
20190419,서울특별시,11,성동구,11200,경기도,41,153,6263,1698,672,1017,337,896,220,3342,926,467
20190419,서울특별시,11,성동구,11200,세종특별자치시,36,4,130,70,17,27,4,26,6,89,16,13
20190419,서울특별시,11,성동구,11200,울산광역시,31,15,928,260,31,85,16,90,16,250,57,34
20190419,서울특별시,11,성동구,11200,대전광역시,30,12,439,156,77,113,39,132,21,335,119,39
20190419,서울특별시,11,성동구,11200,광주광역시,29,12,940,235,56,95,55,88,24,343,83,44
20190419,서울특별시,11,성동구,11200,인천광역시,28,27,1410,338,128,208,71,185,46,677,189,103
20190419,서울특별시,11,성동구,11200,대구광역시,27,34,1543,437,96,162,48,151,44,481,129,86
20190419,서울특별시,11,성동구,11200,부산광역시,26,35,1581,393,111,263,67,187,41,667,209,122
20190419,서울특별시,11,성동구,11200,서울특별시,11,139,4151,1164,574,801,263,734,166,2872,1029,458
20190419,서울특별시,11,강남구,11680,부산광역시,26,45,684,68,184,343,37,360,73,686,301,434
20190419,서울특별시,11,강남구,11680,서울특별시,11,210,2975,467,1045,1281,127,1426,244,3227,1170,1730
20190419,서울특별시,11,성북구,11290,경상남도,48,53,626,73,494,466,96,429,142,2580,849,487
20190419,서울특별시,11,성북구,11290,제주특별자치도,50,8,79,18,39,70,17,42,22,420,142,84
20190419,서울특별시,11,마포구,11440,서울특별시,11,116,2210,437,1406,1305,39,1236,279,2193,1434,311
20190419,서울특별시,11,마포구,11440,부산광역시,26,19,484,96,252,328,14,320,82,442,385,87
20190419,서울특별시,11,마포구,11440,대구광역시,27,26,413,71,187,313,11,222,60,339,323,50
20190419,서울특별시,11,마포구,11440,인천광역시,28,35,526,100,274,339,7,308,100,447,334,93
20190419,서울특별시,11,서대문구,11410,전라남도,46,9,42,9,14,115,5,44,15,85,13,31
20190419,서울특별시,11,서대문구,11410,전라북도,45,4,59,19,19,117,0,55,15,107,29,26
20190419,서울특별시,11,서대문구,11410,충청남도,44,7,74,10,27,146,6,69,34,108,28,48
20190419,서울특별시,11,중구,11140,서울특별시,11,346,4651,771,452,1763,235,480,130,4348,1149,150
20190419,서울특별시,11,중구,11140,부산광역시,26,90,646,83,102,458,64,117,31,1004,262,44
20190419,서울특별시,11,중구,11140,대구광역시,27,54,473,55,80,354,55,85,26,754,213,25
20190419,서울특별시,11,중구,11140,인천광역시,28,77,658,87,82,394,58,116,44,904,220,40
20190419,서울특별시,11,중구,11140,광주광역시,29,36,406,62,48,245,30,74,22,490,117,19
20190419,서울특별시,11,중구,11140,대전광역시,30,38,382,50,35,236,19,72,14,484,128,20
20190419,서울특별시,11,강북구,11305,전라남도,46,5,72,6,14,25,0,13,31,218,64,4
20190419,서울특별시,11,강북구,11305,전라북도,45,3,90,10,18,31,6,12,37,226,68,0
20190419,서울특별시,11,강북구,11305,충청남도,44,11,123,10,28,43,16,21,53,328,110,11
20190419,서울특별시,11,강북구,11305,충청북도,43,7,79,7,17,34,4,9,41,257,61,0
20190419,서울특별시,11,중구,11140,울산광역시,31,18,189,33,25,141,28,38,25,312,89,7
20190419,서울특별시,11,중구,11140,세종특별자치시,36,9,94,7,8,66,12,19,12,117,30,0
20190419,서울특별시,11,중구,11140,경기도,41,416,3697,336,456,2080,315,545,165,4586,1141,178
20190419,서울특별시,11,중구,11140,강원도,42,44,283,80,57,255,27,69,22,413,99,15
20190419,서울특별시,11,중구,11140,충청북도,43,29,344,54,35,202,44,71,20,437,114,10
20190419,서울특별시,11,서대문구,11410,충청북도,43,5,50,12,15,107,7,64,20,86,14,56
20190419,서울특별시,11,서대문구,11410,강원도,42,8,39,29,25,101,6,47,15,84,20,26
20190419,서울특별시,11,서대문구,11410,경기도,41,64,643,95,167,990,70,468,103,982,211,402
20190419,서울특별시,11,서대문구,11410,세종특별자치시,36,3,14,0,7,17,3,11,5,17,5,9
20190419,서울특별시,11,서대문구,11410,울산광역시,31,7,29,0,7,60,3,38,15,64,11,15
20190419,서울특별시,11,서대문구,11410,대전광역시,30,8,68,20,12,99,0,58,14,94,20,49
20190419,서울특별시,11,서대문구,11410,광주광역시,29,5,31,12,18,92,4,38,26,83,15,15
20190419,서울특별시,11,서대문구,11410,인천광역시,28,9,106,19,32,216,8,85,25,161,50,77
20190419,서울특별시,11,서대문구,11410,대구광역시,27,15,75,11,29,142,4,62,19,124,29,62
20190419,서울특별시,11,서대문구,11410,부산광역시,26,15,107,12,76,177,12,92,20,155,50,48
20190419,서울특별시,11,서대문구,11410,서울특별시,11,44,502,87,135,712,61,346,89,721,186,257
20190419,서울특별시,11,노원구,11350,제주특별자치도,50,0,6,4,6,15,4,7,3,31,4,0
20190419,서울특별시,11,노원구,11350,경상남도,48,12,86,13,48,96,19,31,56,279,82,53
20190419,서울특별시,11,노원구,11350,서울특별시,11,71,521,112,204,451,62,248,132,1289,305,205
20190419,서울특별시,11,노원구,11350,부산광역시,26,12,110,17,55,84,20,32,33,295,98,40
20190419,서울특별시,11,노원구,11350,경상북도,47,15,86,10,28,90,20,29,34,218,50,49
20190419,서울특별시,11,노원구,11350,전라남도,46,5,57,10,25,61,7,20,30,129,25,24
20190419,서울특별시,11,노원구,11350,전라북도,45,10,63,6,19,56,18,12,15,189,31,26
20190419,서울특별시,11,노원구,11350,충청남도,44,16,89,11,34,71,13,49,20,226,49,33
20190419,서울특별시,11,서초구,11650,제주특별자치도,50,10,69,21,9,31,6,76,3,23,14,21
20190419,서울특별시,11,서초구,11650,경상남도,48,80,309,58,115,216,27,209,22,184,104,158
20190419,서울특별시,11,서초구,11650,경상북도,47,69,295,61,67,168,37,168,21,138,85,127
20190419,서울특별시,11,서초구,11650,전라남도,46,43,133,58,39,135,20,84,16,72,43,64
20190419,서울특별시,11,서초구,11650,전라북도,45,42,176,62,50,107,18,125,6,92,60,60
20190419,서울특별시,11,서초구,11650,충청남도,44,59,278,61,66,175,23,149,32,110,71,111
20190419,서울특별시,11,서초구,11650,충청북도,43,40,163,44,61,132,16,110,15,114,56,65
20190419,서울특별시,11,서초구,11650,강원도,42,43,163,38,39,138,21,120,22,69,52,68
20190419,서울특별시,11,서초구,11650,경기도,41,415,2399,549,528,1339,208,1220,193,1485,706,762
20190419,서울특별시,11,서초구,11650,세종특별자치시,36,16,56,8,10,29,3,27,5,23,14,21
20190419,서울특별시,11,서초구,11650,울산광역시,31,41,138,15,27,77,13,85,9,83,36,52
20190419,서울특별시,11,서초구,11650,대전광역시,30,53,217,47,48,132,15,95,12,80,50,73
20190419,서울특별시,11,서초구,11650,광주광역시,29,49,207,51,43,107,10,86,22,95,56,69
20190419,서울특별시,11,서초구,11650,인천광역시,28,111,413,76,105,252,45,228,31,254,134,175
20190419,서울특별시,11,서초구,11650,대구광역시,27,68,395,100,81,189,34,169,23,159,90,125
20190419,서울특별시,11,서초구,11650,부산광역시,26,77,453,83,81,266,37,253,30,189,138,166
20190419,서울특별시,11,서초구,11650,서울특별시,11,425,2235,523,503,1190,171,1463,166,1099,575,643
20190419,서울특별시,11,강북구,11305,강원도,42,12,82,10,11,28,4,9,27,210,72,3
20190419,서울특별시,11,강북구,11305,경기도,41,56,839,63,240,301,33,116,338,2235,745,49
20190419,서울특별시,11,강북구,11305,세종특별자치시,36,0,13,3,0,12,0,0,5,57,21,0
20190419,서울특별시,11,강북구,11305,울산광역시,31,3,51,5,14,18,3,9,34,146,47,0
20190419,서울특별시,11,강북구,11305,대전광역시,30,5,74,8,17,26,0,16,31,225,84,3
20190419,서울특별시,11,강북구,11305,광주광역시,29,4,89,4,18,24,6,10,25,207,61,3
20190419,서울특별시,11,강북구,11305,인천광역시,28,12,128,16,40,74,8,28,70,483,132,10
20190419,서울특별시,11,강북구,11305,대구광역시,27,13,105,14,33,58,7,16,41,387,123,11
20190419,서울특별시,11,강북구,11305,부산광역시,26,14,135,9,34,97,8,40,75,431,142,10
20190419,서울특별시,11,강북구,11305,서울특별시,11,41,558,61,144,248,28,80,206,1508,613,50
20190419,서울특별시,11,노원구,11350,충청북도,43,23,66,17,44,54,7,14,31,191,32,30
20190419,서울특별시,11,강서구,11500,울산광역시,31,17,106,21,48,122,16,163,30,195,54,86
20190419,서울특별시,11,강서구,11500,대전광역시,30,23,193,35,101,177,22,246,28,267,97,135
20190419,서울특별시,11,강서구,11500,광주광역시,29,19,150,44,73,168,10,202,32,250,84,137
20190419,서울특별시,11,강서구,11500,인천광역시,28,52,437,85,214,395,51,582,87,466,173,308
20190419,서울특별시,11,강서구,11500,대구광역시,27,49,253,47,113,277,32,305,65,379,160,187
20190419,서울특별시,11,강서구,11500,부산광역시,26,39,410,104,164,351,36,502,105,494,207,250
20190419,서울특별시,11,중랑구,11260,제주특별자치도,50,9,30,0,15,41,4,22,16,75,41,23
20190419,서울특별시,11,중랑구,11260,경상남도,48,77,318,37,141,318,46,167,83,722,319,169
20190419,서울특별시,11,중랑구,11260,경상북도,47,51,227,20,105,244,41,111,65,562,256,142
20190419,서울특별시,11,강서구,11500,서울특별시,11,172,1401,336,752,1269,122,2133,252,1858,702,962
20190419,서울특별시,11,영등포구,11560,제주특별자치도,50,4,57,18,35,25,4,33,6,17,19,21
20190419,서울특별시,11,영등포구,11560,경상남도,48,24,381,149,311,226,19,223,15,151,93,127
20190419,서울특별시,11,영등포구,11560,경상북도,47,20,361,110,289,152,20,176,14,103,73,103
20190419,서울특별시,11,영등포구,11560,전라남도,46,0,241,61,167,103,13,95,7,68,36,61
20190419,서울특별시,11,영등포구,11560,전라북도,45,9,303,79,173,108,5,107,12,80,47,41
20190419,서울특별시,11,영등포구,11560,충청남도,44,6,269,88,261,147,15,127,14,113,75,83
20190419,서울특별시,11,영등포구,11560,충청북도,43,13,223,70,189,110,14,126,8,93,65,41
20190419,서울특별시,11,영등포구,11560,강원도,42,14,245,79,156,82,13,126,7,68,42,51
20190419,서울특별시,11,영등포구,11560,경기도,41,126,2196,950,1620,1084,104,987,106,1158,563,657
20190419,서울특별시,11,영등포구,11560,세종특별자치시,36,3,39,23,42,27,0,24,5,18,24,16
20190419,서울특별시,11,영등포구,11560,울산광역시,31,4,137,53,119,203,16,74,8,59,48,50
20190419,서울특별시,11,영등포구,11560,대전광역시,30,10,193,67,170,129,6,89,10,89,39,73
20190419,서울특별시,11,영등포구,11560,광주광역시,29,7,168,84,166,111,8,84,9,79,42,48
20190419,서울특별시,11,영등포구,11560,인천광역시,28,17,424,120,329,215,20,215,17,181,91,136
20190419,서울특별시,11,영등포구,11560,대구광역시,27,10,252,115,243,161,12,144,10,108,78,96
20190419,서울특별시,11,영등포구,11560,부산광역시,26,20,432,207,322,234,20,250,29,185,124,147
20190419,서울특별시,11,영등포구,11560,서울특별시,11,82,1891,500,1407,856,86,761,75,840,494,731
20190419,서울특별시,11,양천구,11470,제주특별자치도,50,5,22,0,12,25,0,9,0,10,7,28
20190419,서울특별시,11,광진구,11215,충청남도,44,20,161,11,118,143,25,147,15,182,80,65
20190419,서울특별시,11,광진구,11215,전라북도,45,16,123,12,78,101,13,92,13,142,60,47
20190419,서울특별시,11,금천구,11545,전라남도,46,34,204,48,229,174,101,242,26,177,140,231
20190419,서울특별시,11,금천구,11545,경상북도,47,62,320,134,287,255,176,364,32,261,216,364
20190419,서울특별시,11,노원구,11350,강원도,42,8,54,11,27,46,11,21,15,161,37,19
20190419,서울특별시,11,노원구,11350,경기도,41,85,783,149,300,552,150,245,190,1926,319,267
20190419,서울특별시,11,노원구,11350,세종특별자치시,36,0,16,4,8,18,0,9,4,36,8,3
20190419,서울특별시,11,노원구,11350,울산광역시,31,5,39,11,12,41,10,12,19,129,18,21
20190419,서울특별시,11,노원구,11350,대전광역시,30,8,59,8,39,30,14,23,18,194,39,24
20190419,서울특별시,11,노원구,11350,광주광역시,29,5,77,8,42,32,9,9,21,164,25,27
20190419,서울특별시,11,금천구,11545,경상남도,48,79,413,138,379,345,282,516,56,365,284,574
20190419,서울특별시,11,금천구,11545,제주특별자치도,50,12,67,33,47,64,31,35,5,55,53,72
20190419,서울특별시,11,동대문구,11230,서울특별시,11,567,1333,158,320,951,89,1305,385,3070,667,550
20190419,서울특별시,11,노원구,11350,인천광역시,28,25,103,17,67,113,31,54,35,348,49,55
20190419,서울특별시,11,노원구,11350,대구광역시,27,18,63,15,45,76,32,38,30,278,64,35
20190419,서울특별시,11,양천구,11470,광주광역시,29,17,64,11,45,108,6,55,20,67,24,85
20190419,서울특별시,11,양천구,11470,인천광역시,28,51,156,21,95,218,47,153,38,110,62,217
20190419,서울특별시,11,동대문구,11230,광주광역시,29,48,140,18,33,129,11,181,34,434,93,102
20190419,서울특별시,11,동대문구,11230,대전광역시,30,69,173,29,42,151,11,156,49,439,95,84
20190419,서울특별시,11,동대문구,11230,울산광역시,31,40,138,10,40,101,11,129,61,312,65,56
20190419,서울특별시,11,양천구,11470,대구광역시,27,44,116,18,68,183,19,89,20,82,63,135
20190419,서울특별시,11,금천구,11545,부산광역시,26,91,428,210,419,420,271,535,45,387,315,626
20190419,서울특별시,11,금천구,11545,서울특별시,11,396,1891,2020,1700,1843,1920,1974,217,1456,1114,2120
20190419,서울특별시,11,성북구,11290,서울특별시,11,291,2560,610,1780,1945,310,1644,391,9108,3413,1833
20190419,서울특별시,11,성북구,11290,부산광역시,26,71,664,114,525,532,91,458,119,2594,914,512
20190419,서울특별시,11,성북구,11290,대구광역시,27,55,494,107,384,405,65,336,93,1984,666,380
20190419,서울특별시,11,성북구,11290,인천광역시,28,69,745,82,443,576,88,445,107,2461,891,481
20190419,서울특별시,11,금천구,11545,충청북도,43,44,205,76,218,188,125,224,37,206,160,233
20190419,서울특별시,11,금천구,11545,강원도,42,41,211,95,202,204,108,188,36,155,164,268
20190419,서울특별시,11,금천구,11545,경기도,41,393,2828,1549,1996,2062,1435,2318,337,1918,1476,2620
20190419,서울특별시,11,양천구,11470,부산광역시,26,38,169,13,129,256,35,132,20,106,91,216
20190419,서울특별시,11,동대문구,11230,세종특별자치시,36,23,40,7,14,24,3,35,13,96,26,19
20190419,서울특별시,11,동대문구,11230,경기도,41,557,1804,211,476,1331,151,1723,484,4099,857,696
20190419,서울특별시,11,동대문구,11230,강원도,42,68,189,27,39,167,14,214,55,377,79,66
20190419,서울특별시,11,동대문구,11230,충청북도,43,58,171,13,52,176,12,164,61,479,79,85
20190419,서울특별시,11,동대문구,11230,충청남도,44,87,238,33,72,233,14,272,74,587,112,105
20190419,서울특별시,11,동대문구,11230,전라북도,45,59,196,24,46,169,13,203,49,438,78,93
20190419,서울특별시,11,동대문구,11230,전라남도,46,55,195,21,39,170,15,204,41,348,62,83
20190419,서울특별시,11,동대문구,11230,경상북도,47,101,264,24,74,319,18,307,92,599,146,101
20190419,서울특별시,11,동대문구,11230,경상남도,48,109,352,34,87,329,24,423,109,745,162,183
20190419,서울특별시,11,동대문구,11230,제주특별자치도,50,35,53,4,13,40,3,40,12,140,29,29
20190419,서울특별시,11,양천구,11470,서울특별시,11,192,652,82,401,744,119,500,91,537,302,797
20190419,서울특별시,11,중구,11140,충청남도,44,36,431,59,69,332,44,68,26,600,158,19
20190419,서울특별시,11,중구,11140,전라북도,45,29,266,92,40,188,53,59,16,464,108,20
20190419,서울특별시,11,중구,11140,전라남도,46,40,270,92,57,252,30,75,16,408,90,13
20190419,서울특별시,11,중구,11140,경상북도,47,49,414,90,68,297,54,100,29,604,151,26
20190419,서울특별시,11,중구,11140,경상남도,48,76,532,56,79,434,78,95,44,878,217,38
20190419,서울특별시,11,중구,11140,제주특별자치도,50,12,93,8,11,102,11,14,5,156,50,0
20190419,서울특별시,11,금천구,11545,인천광역시,28,71,492,318,459,457,346,475,63,378,279,571
20190419,서울특별시,11,금천구,11545,대구광역시,27,41,346,199,277,290,244,354,50,325,216,450
20190419,서울특별시,11,금천구,11545,전라북도,45,52,227,91,217,194,111,194,38,227,169,287
20190419,서울특별시,11,도봉구,11320,서울특별시,11,112,943,262,845,471,78,729,194,1026,557,968
20190419,서울특별시,11,도봉구,11320,부산광역시,26,25,225,54,191,120,25,214,55,309,186,302
20190419,서울특별시,11,도봉구,11320,대구광역시,27,24,148,42,155,97,15,119,35,222,132,239
20190419,서울특별시,11,도봉구,11320,인천광역시,28,40,215,27,197,145,23,205,61,316,191,275
20190419,서울특별시,11,도봉구,11320,광주광역시,29,13,99,38,118,55,11,87,22,135,83,141
20190419,서울특별시,11,도봉구,11320,대전광역시,30,8,110,18,90,56,7,113,26,132,89,149
20190419,서울특별시,11,도봉구,11320,울산광역시,31,6,107,13,70,33,0,88,25,143,78,103
20190419,서울특별시,11,도봉구,11320,세종특별자치시,36,4,12,0,24,12,3,22,10,31,29,29
20190419,서울특별시,11,도봉구,11320,경기도,41,131,1356,274,928,660,116,899,245,1557,868,1318
20190419,서울특별시,11,도봉구,11320,강원도,42,8,107,22,89,57,12,71,55,151,88,122
20190419,서울특별시,11,종로구,11110,제주특별자치도,50,13,65,13,15,26,0,16,6,37,24,3
20190419,서울특별시,11,종로구,11110,경상남도,48,32,280,25,59,131,11,38,37,302,178,26
20190419,서울특별시,11,종로구,11110,경상북도,47,20,212,25,45,92,4,32,22,232,158,21
20190419,서울특별시,11,종로구,11110,전라남도,46,12,138,10,25,56,3,29,23,175,104,21
20190419,서울특별시,11,종로구,11110,전라북도,45,11,137,15,36,65,0,20,29,168,110,32
20190419,서울특별시,11,종로구,11110,충청남도,44,23,202,24,43,99,8,44,21,213,130,19
20190419,서울특별시,11,종로구,11110,충청북도,43,10,156,24,30,65,6,25,21,158,109,17
20190419,서울특별시,11,종로구,11110,강원도,42,13,150,29,33,75,3,32,23,143,84,10
20190419,서울특별시,11,종로구,11110,경기도,41,166,1568,248,323,681,41,341,182,1338,873,167
20190419,서울특별시,11,종로구,11110,세종특별자치시,36,4,34,6,9,23,0,6,6,37,30,3
20190419,서울특별시,11,종로구,11110,울산광역시,31,8,72,16,32,55,6,19,7,107,63,8
20190419,서울특별시,11,종로구,11110,대전광역시,30,16,140,23,22,75,0,22,18,142,87,19
20190419,서울특별시,11,종로구,11110,광주광역시,29,9,118,26,26,57,5,22,15,179,114,18
20190419,서울특별시,11,종로구,11110,인천광역시,28,27,304,40,63,140,7,52,23,262,185,27
20190419,서울특별시,11,종로구,11110,대구광역시,27,15,213,39,42,101,8,33,25,266,129,24
20190419,서울특별시,11,종로구,11110,부산광역시,26,25,252,46,58,129,9,51,30,329,179,38
20190419,서울특별시,11,종로구,11110,서울특별시,11,131,1405,424,251,503,34,200,100,1050,636,155
20190419,서울특별시,11,강동구,11740,제주특별자치도,50,6,20,3,4,20,7,15,0,33,11,10
20190419,서울특별시,11,강동구,11740,경상남도,48,66,152,78,30,248,36,152,32,215,57,53
20190419,서울특별시,11,강동구,11740,경상북도,47,56,106,67,24,166,26,105,27,134,43,49
20190419,서울특별시,11,강동구,11740,전라남도,46,29,59,66,20,139,11,83,20,78,28,21
20190419,서울특별시,11,강동구,11740,전라북도,45,35,69,45,14,111,11,66,13,121,26,24
20190419,서울특별시,11,강동구,11740,충청남도,44,37,105,45,19,211,27,109,14,149,52,38
20190419,서울특별시,11,강동구,11740,충청북도,43,28,53,33,16,152,21,80,21,151,31,26
20190419,서울특별시,11,강동구,11740,강원도,42,47,77,37,17,144,19,95,11,86,28,27
20190419,서울특별시,11,강동구,11740,경기도,41,290,898,377,184,1131,177,709,185,1489,357,352
20190419,서울특별시,11,강동구,11740,세종특별자치시,36,26,11,18,0,19,4,16,0,22,3,6
20190419,서울특별시,11,강동구,11740,울산광역시,31,17,45,30,9,61,8,44,13,96,22,32
20190419,서울특별시,11,강동구,11740,대전광역시,30,37,80,50,31,86,14,71,12,125,26,28
20190419,서울특별시,11,강동구,11740,광주광역시,29,30,74,66,9,105,10,73,18,116,25,27
20190419,서울특별시,11,중랑구,11260,전라남도,46,29,152,23,56,165,17,89,49,373,168,70
20190419,서울특별시,11,중랑구,11260,전라북도,45,34,194,19,76,169,16,79,41,369,194,86
20190419,서울특별시,11,중랑구,11260,충청남도,44,32,228,22,104,250,31,92,74,539,259,139
20190419,서울특별시,11,중랑구,11260,충청북도,43,29,174,13,75,174,23,92,35,386,178,94
20190419,서울특별시,11,중랑구,11260,강원도,42,38,162,21,75,155,20,66,41,358,145,76
20190419,서울특별시,11,중랑구,11260,경기도,41,234,1633,189,641,1532,192,827,397,3636,1439,910
20190419,서울특별시,11,중랑구,11260,세종특별자치시,36,3,35,7,10,47,0,23,11,88,40,18
20190419,서울특별시,11,중랑구,11260,울산광역시,31,17,114,11,41,123,20,54,30,301,121,67
20190419,서울특별시,11,중랑구,11260,대전광역시,30,28,143,12,76,159,16,69,26,340,177,84
20190419,서울특별시,11,중랑구,11260,광주광역시,29,23,146,10,76,194,14,77,40,357,164,96
20190419,서울특별시,11,중랑구,11260,인천광역시,28,56,341,35,142,316,34,167,75,723,324,183
20190419,서울특별시,11,강동구,11740,인천광역시,28,64,115,66,42,238,26,138,22,246,68,63
20190419,서울특별시,11,강동구,11740,대구광역시,27,54,104,52,25,162,20,96,27,214,50,55
20190419,서울특별시,11,강동구,11740,부산광역시,26,69,196,70,43,240,25,160,34,273,91,69
20190419,서울특별시,11,강동구,11740,서울특별시,11,259,658,297,203,890,127,694,109,1139,336,287
20190419,서울특별시,11,도봉구,11320,충청북도,43,19,114,23,106,61,7,116,27,182,96,143
20190419,서울특별시,11,도봉구,11320,충청남도,44,15,161,19,139,85,17,143,47,225,126,187
20190419,서울특별시,11,도봉구,11320,전라북도,45,14,104,31,90,64,8,105,27,151,93,167
20190419,서울특별시,11,동작구,11590,제주특별자치도,50,5,8,7,6,14,3,7,0,20,3,7
20190419,서울특별시,11,동작구,11590,경상남도,48,30,79,26,48,91,17,39,12,122,52,98
20190419,서울특별시,11,동작구,11590,경상북도,47,22,54,19,38,79,18,23,14,75,28,63
20190419,서울특별시,11,동작구,11590,전라남도,46,8,48,15,17,34,16,14,8,50,19,37
20190419,서울특별시,11,동작구,11590,전라북도,45,8,36,12,26,41,9,20,12,77,26,48
20190419,서울특별시,11,동작구,11590,충청남도,44,31,75,24,40,75,21,35,11,74,36,60
20190419,서울특별시,11,동작구,11590,충청북도,43,12,42,17,18,48,15,25,16,83,25,49
20190419,서울특별시,11,동작구,11590,강원도,42,8,43,17,25,41,11,25,5,67,19,36
20190419,서울특별시,11,동작구,11590,경기도,41,157,673,202,226,528,131,194,78,946,317,563
20190419,서울특별시,11,동작구,11590,세종특별자치시,36,0,13,6,4,10,0,4,0,19,6,14
20190419,서울특별시,11,동작구,11590,울산광역시,31,10,37,17,14,34,10,15,4,37,25,43
20190419,서울특별시,11,동작구,11590,대전광역시,30,12,53,28,28,54,15,23,3,75,24,54
20190419,서울특별시,11,동작구,11590,광주광역시,29,9,44,17,14,46,12,18,10,53,20,40
20190419,서울특별시,11,동작구,11590,인천광역시,28,27,102,43,47,89,31,50,23,161,49,129
20190419,서울특별시,11,동작구,11590,대구광역시,27,21,71,31,26,80,15,14,15,103,34,76
20190419,서울특별시,11,동작구,11590,부산광역시,26,20,93,61,32,123,13,51,9,140,71,123
20190419,서울특별시,11,도봉구,11320,전라남도,46,7,101,19,87,60,14,79,23,153,90,137
20190419,서울특별시,11,도봉구,11320,경상북도,47,12,152,33,143,97,17,117,46,232,144,249
20190419,서울특별시,11,도봉구,11320,경상남도,48,28,220,41,179,147,12,191,56,346,192,349
20190419,서울특별시,11,도봉구,11320,제주특별자치도,50,0,34,3,29,20,0,22,6,45,17,24
20190419,서울특별시,11,은평구,11380,서울특별시,11,156,640,111,242,1277,163,364,129,1318,414,917
20190419,서울특별시,11,은평구,11380,부산광역시,26,33,145,27,55,388,44,75,50,433,142,246
20190419,서울특별시,11,은평구,11380,대구광역시,27,25,139,10,31,316,42,55,26,304,100,184
20190419,서울특별시,11,은평구,11380,인천광역시,28,32,179,22,47,362,40,80,70,422,111,247
20190419,서울특별시,11,은평구,11380,광주광역시,29,14,40,9,12,199,24,46,30,211,55,101
20190419,서울특별시,11,은평구,11380,대전광역시,30,10,96,12,28,173,23,46,19,153,56,107
20190419,서울특별시,11,금천구,11545,충청남도,44,69,278,125,286,251,172,314,47,231,198,311
20190419,서울특별시,11,서대문구,11410,경상남도,48,17,94,11,50,222,11,82,36,145,40,48
20190419,서울특별시,11,서대문구,11410,경상북도,47,5,79,8,33,150,9,58,25,124,23,37
20190419,서울특별시,11,중랑구,11260,대구광역시,27,36,234,33,84,221,34,117,57,542,249,144
20190419,서울특별시,11,중랑구,11260,부산광역시,26,57,318,41,146,357,45,131,72,756,331,187
20190419,서울특별시,11,중랑구,11260,서울특별시,11,229,1168,159,554,1077,163,591,247,2492,1127,624
20190419,서울특별시,11,동작구,11590,서울특별시,11,91,476,202,192,436,92,170,50,618,257,572
20190419,서울특별시,11,성북구,11290,광주광역시,29,22,272,57,262,198,43,196,50,1409,500,221
20190419,서울특별시,11,성북구,11290,대전광역시,30,38,305,42,270,270,34,212,73,1306,449,232
20190419,서울특별시,11,성북구,11290,울산광역시,31,19,227,42,177,198,36,124,39,932,356,151
20190419,서울특별시,11,성북구,11290,세종특별자치시,36,8,71,5,58,70,10,42,13,310,118,50
20190419,서울특별시,11,동대문구,11230,부산광역시,26,122,361,27,96,262,27,343,107,850,199,155
20190419,서울특별시,11,동대문구,11230,대구광역시,27,97,250,34,59,216,9,275,88,676,134,135
20190419,서울특별시,11,동대문구,11230,인천광역시,28,120,337,48,91,294,23,369,120,863,160,176
20190419,서울특별시,11,광진구,11215,서울특별시,11,103,945,173,711,899,104,796,97,1288,483,412
20190419,서울특별시,11,서대문구,11410,제주특별자치도,50,0,12,0,5,38,0,6,6,27,7,7
20190419,서울특별시,11,금천구,11545,세종특별자치시,36,14,61,27,51,41,60,60,9,54,46,62
20190419,서울특별시,11,금천구,11545,울산광역시,31,34,146,40,161,130,101,162,21,145,101,264
20190419,서울특별시,11,금천구,11545,대전광역시,30,45,211,100,230,189,141,204,24,183,181,277
20190419,서울특별시,11,성북구,11290,경기도,41,345,3314,496,2131,2611,439,2150,551,12122,4017,2093
20190419,서울특별시,11,금천구,11545,광주광역시,29,53,239,85,193,149,167,245,27,211,164,280
20190419,서울특별시,11,은평구,11380,울산광역시,31,8,46,4,17,113,17,38,18,140,57,97
20190419,서울특별시,11,은평구,11380,세종특별자치시,36,6,17,5,4,32,7,6,5,35,15,30
20190419,서울특별시,11,은평구,11380,경기도,41,183,930,176,235,1633,222,469,255,2118,537,1227
20190419,서울특별시,11,은평구,11380,강원도,42,18,81,9,24,137,34,33,17,192,54,97
20190419,서울특별시,11,은평구,11380,충청북도,43,14,96,17,22,150,26,44,37,238,68,117
20190419,서울특별시,11,양천구,11470,경상남도,48,30,132,21,85,251,35,133,39,96,74,153
20190419,서울특별시,11,양천구,11470,경상북도,47,30,110,9,54,191,23,106,21,67,42,131
20190419,서울특별시,11,양천구,11470,전라남도,46,22,78,11,46,120,11,67,16,51,31,89
20190419,서울특별시,11,양천구,11470,전라북도,45,24,73,8,61,106,17,70,19,51,31,104
20190419,서울특별시,11,양천구,11470,충청남도,44,31,104,14,75,194,31,87,21,59,47,131
20190419,서울특별시,11,양천구,11470,충청북도,43,18,66,26,58,127,15,70,22,104,31,81
20190419,서울특별시,11,양천구,11470,강원도,42,27,63,13,51,146,18,61,23,46,34,112
20190419,서울특별시,11,양천구,11470,경기도,41,224,915,119,424,1096,171,634,129,908,430,928
20190419,서울특별시,11,양천구,11470,세종특별자치시,36,0,11,0,12,25,4,21,5,11,10,25
20190419,서울특별시,11,양천구,11470,울산광역시,31,15,53,8,48,87,14,42,11,50,32,72
20190419,서울특별시,11,양천구,11470,대전광역시,30,21,67,17,38,109,19,59,9,58,22,102
20190419,서울특별시,11,관악구,11620,서울특별시,11,101,593,257,413,376,27,146,40,1009,225,542
20190419,서울특별시,11,관악구,11620,부산광역시,26,20,128,42,73,98,7,37,10,229,70,160
20190419,서울특별시,11,관악구,11620,대구광역시,27,23,107,43,56,64,4,40,9,183,43,113
20190419,서울특별시,11,관악구,11620,인천광역시,28,47,122,34,89,113,9,32,13,231,54,128
20190419,서울특별시,11,관악구,11620,광주광역시,29,16,75,14,56,48,4,17,3,118,42,65
20190419,서울특별시,11,관악구,11620,대전광역시,30,15,66,16,59,34,3,13,7,104,23,85
20190419,서울특별시,11,관악구,11620,울산광역시,31,5,52,14,22,32,0,10,4,86,21,41
20190419,서울특별시,11,관악구,11620,세종특별자치시,36,3,17,6,6,6,0,3,0,33,4,20
20190419,서울특별시,11,관악구,11620,경기도,41,136,751,209,433,477,56,210,63,1276,310,638
20190419,서울특별시,11,관악구,11620,강원도,42,11,61,19,65,47,5,15,3,86,26,66
20190419,서울특별시,11,관악구,11620,충청북도,43,12,77,29,34,77,5,13,7,132,28,74
20190419,서울특별시,11,관악구,11620,충청남도,44,16,97,25,63,57,3,46,7,144,48,96
20190419,서울특별시,11,관악구,11620,전라북도,45,19,74,22,45,32,0,12,8,121,36,85
20190419,서울특별시,11,관악구,11620,전라남도,46,9,63,15,25,46,9,18,8,96,40,58
20190419,서울특별시,11,관악구,11620,경상북도,47,21,125,30,54,59,5,23,15,161,48,91
20190419,서울특별시,11,관악구,11620,경상남도,48,40,120,33,76,66,6,31,16,224,56,145
20190419,서울특별시,11,관악구,11620,제주특별자치도,50,3,13,6,9,13,0,0,0,29,6,14
20190419,서울특별시,11,은평구,11380,충청남도,44,18,132,22,27,202,26,70,42,301,79,182
20190419,서울특별시,11,은평구,11380,전라북도,45,17,65,7,25,162,36,43,19,239,86,98
20190419,서울특별시,11,은평구,11380,전라남도,46,21,71,7,22,141,12,56,29,208,64,95
20190419,서울특별시,11,은평구,11380,경상북도,47,26,116,20,34,273,29,100,44,303,94,176
20190419,서울특별시,11,은평구,11380,경상남도,48,40,143,17,38,335,46,88,69,364,112,200
20190419,서울특별시,11,은평구,11380,제주특별자치도,50,4,17,0,5,41,13,9,9,68,22,17
20190419,서울특별시,11,송파구,11710,서울특별시,11,124,1550,209,524,1058,134,1765,137,2722,735,741
20190419,서울특별시,11,송파구,11710,부산광역시,26,31,365,32,129,340,24,236,32,652,208,217
20190419,서울특별시,11,송파구,11710,대구광역시,27,40,253,18,87,226,25,161,19,477,144,142
20190419,서울특별시,11,송파구,11710,인천광역시,28,20,328,38,215,327,21,341,34,666,147,262
20190419,서울특별시,11,송파구,11710,광주광역시,29,12,167,17,82,176,13,119,19,331,86,64
20190419,서울특별시,11,송파구,11710,대전광역시,30,12,157,23,55,163,20,91,7,334,97,76
20190419,서울특별시,11,송파구,11710,울산광역시,31,7,110,6,41,266,9,68,12,210,51,55
20190419,서울특별시,11,송파구,11710,세종특별자치시,36,0,31,6,14,26,7,26,10,60,13,16
20190419,서울특별시,11,송파구,11710,경기도,41,152,1995,214,551,1510,233,1881,197,3507,848,942
20190419,서울특별시,11,송파구,11710,강원도,42,14,179,20,53,183,22,101,24,284,60,84
20190419,서울특별시,11,송파구,11710,충청북도,43,15,176,32,54,195,14,110,18,401,71,77
20190419,서울특별시,11,송파구,11710,충청남도,44,14,230,26,87,237,16,144,28,450,101,149
20190419,서울특별시,11,송파구,11710,전라북도,45,4,155,18,56,195,11,130,25,372,84,116
20190419,서울특별시,11,송파구,11710,전라남도,46,10,183,20,64,130,17,90,17,279,69,84
20190419,서울특별시,11,송파구,11710,경상북도,47,14,260,30,93,217,29,172,24,437,108,141
20190419,서울특별시,11,송파구,11710,경상남도,48,27,294,40,109,413,40,186,33,563,150,173
20190419,서울특별시,11,송파구,11710,제주특별자치도,50,3,50,5,11,65,7,12,3,109,30,17
20190419,서울특별시,11,광진구,11215,부산광역시,26,26,214,34,187,255,26,248,27,311,126,100
20190419,서울특별시,11,강서구,11500,제주특별자치도,50,6,43,11,27,49,0,25,12,81,26,19
20190419,서울특별시,11,강서구,11500,경상남도,48,66,383,50,171,384,58,521,75,663,240,401
20190419,서울특별시,11,강서구,11500,경상북도,47,46,256,48,180,311,41,387,62,685,207,409
20190419,서울특별시,11,강서구,11500,전라남도,46,28,168,17,115,226,21,212,44,443,130,243
20190419,서울특별시,11,강서구,11500,전라북도,45,38,167,34,90,205,19,286,31,398,118,228
20190419,서울특별시,11,강서구,11500,충청남도,44,31,282,46,144,310,40,375,49,682,201,391
20190419,서울특별시,11,강서구,11500,충청북도,43,21,213,50,528,212,23,251,53,489,130,242
20190419,서울특별시,11,광진구,11215,전라남도,46,10,94,11,82,97,19,90,11,113,70,47
20190419,서울특별시,11,광진구,11215,경상북도,47,14,183,9,112,137,17,158,20,162,70,73
20190419,서울특별시,11,광진구,11215,경상남도,48,18,193,16,173,193,24,201,24,236,136,79
20190419,서울특별시,11,광진구,11215,제주특별자치도,50,4,26,4,13,35,0,15,4,43,18,6
20190419,서울특별시,11,광진구,11215,대구광역시,27,24,164,14,128,129,16,148,20,221,84,65
20190419,서울특별시,11,광진구,11215,인천광역시,28,33,211,19,165,218,19,201,17,287,116,91
20190419,서울특별시,11,마포구,11440,광주광역시,29,7,260,21,133,162,4,169,30,219,185,21
20190419,서울특별시,11,마포구,11440,대전광역시,30,22,297,32,185,197,5,140,26,250,219,51
20190419,서울특별시,11,마포구,11440,울산광역시,31,11,144,25,96,124,5,93,34,153,149,34
20190419,서울특별시,11,마포구,11440,세종특별자치시,36,4,72,8,28,39,0,37,8,53,42,5
20190419,서울특별시,11,마포구,11440,경기도,41,141,2767,464,1285,1608,75,1351,349,2366,1624,384
20190419,서울특별시,11,마포구,11440,강원도,42,13,241,31,113,144,8,120,37,208,171,57
20190419,서울특별시,11,마포구,11440,충청북도,43,24,254,48,124,187,17,181,39,312,221,34
20190419,서울특별시,11,마포구,11440,충청남도,44,25,343,50,142,261,6,190,45,316,237,40
20190419,서울특별시,11,마포구,11440,전라북도,45,13,334,39,129,219,4,121,36,263,177,24
20190419,서울특별시,11,마포구,11440,전라남도,46,9,190,37,96,134,7,118,43,190,203,27
20190419,서울특별시,11,마포구,11440,경상북도,47,24,363,62,120,237,5,208,60,318,281,50
20190419,서울특별시,11,용산구,11170,제주특별자치도,50,3,59,24,242,27,4,16,5,64,32,10
20190419,서울특별시,11,용산구,11170,경상남도,48,39,401,76,1624,172,29,92,39,419,162,55
20190419,서울특별시,11,용산구,11170,경상북도,47,23,289,42,1290,135,23,62,19,275,107,48
20190420,서울특별시,11,영등포구,11560,전라북도,45,0,31,0,0,6,0,7,0,14,5,5
20190420,서울특별시,11,영등포구,11560,경상북도,47,0,47,7,9,13,0,12,0,12,4,5
20190420,서울특별시,11,영등포구,11560,경상남도,48,4,49,6,13,14,0,17,0,17,3,12
20190420,서울특별시,11,영등포구,11560,제주특별자치도,50,0,0,0,0,0,0,0,0,0,0,0
20190420,서울특별시,11,송파구,11710,대구광역시,27,13,57,15,6,18,3,6,0,123,13,30
20190420,서울특별시,11,송파구,11710,부산광역시,26,0,103,11,5,20,0,3,4,172,58,58
20190420,서울특별시,11,송파구,11710,서울특별시,11,15,451,93,75,106,21,96,28,813,128,123
20190420,서울특별시,11,관악구,11620,세종특별자치시,36,0,3,0,0,0,0,0,0,7,0,0
20190420,서울특별시,11,관악구,11620,울산광역시,31,0,12,5,0,3,0,4,0,22,0,0
20190420,서울특별시,11,관악구,11620,대전광역시,30,0,14,6,0,8,0,0,3,13,0,0
20190420,서울특별시,11,관악구,11620,광주광역시,29,0,9,9,3,8,0,0,0,27,3,0
20190420,서울특별시,11,관악구,11620,인천광역시,28,4,30,11,9,18,0,4,11,32,7,4
20190420,서울특별시,11,관악구,11620,대구광역시,27,0,26,6,6,10,0,0,0,21,5,0
20190420,서울특별시,11,관악구,11620,부산광역시,26,0,36,21,0,10,0,0,5,35,20,0
20190420,서울특별시,11,관악구,11620,서울특별시,11,6,164,78,67,25,0,14,12,242,48,13
20190420,서울특별시,11,중랑구,11260,제주특별자치도,50,0,3,0,0,0,0,0,0,0,0,0
20190420,서울특별시,11,중랑구,11260,경상남도,48,0,15,4,7,0,6,22,0,31,12,0
20190420,서울특별시,11,중랑구,11260,경상북도,47,3,13,0,6,0,0,33,0,21,6,0
20190420,서울특별시,11,중랑구,11260,전라남도,46,0,5,0,0,5,0,11,0,6,0,0
20190420,서울특별시,11,중랑구,11260,전라북도,45,0,5,0,3,0,0,22,0,17,7,0
20190420,서울특별시,11,중랑구,11260,충청남도,44,3,11,0,7,5,0,14,0,31,4,0
20190420,서울특별시,11,중랑구,11260,충청북도,43,0,9,7,0,8,0,8,0,29,4,0
20190420,서울특별시,11,중랑구,11260,강원도,42,0,9,0,6,0,0,6,0,15,0,0
20190420,서울특별시,11,중랑구,11260,경기도,41,10,238,34,58,57,8,109,10,323,73,17
20190420,서울특별시,11,중랑구,11260,세종특별자치시,36,0,0,0,0,0,0,0,0,0,0,0
20190420,서울특별시,11,중랑구,11260,울산광역시,31,0,5,0,0,3,0,10,0,18,0,0
20190420,서울특별시,11,중랑구,11260,대전광역시,30,0,59,3,0,0,0,10,0,9,4,0
20190420,서울특별시,11,중랑구,11260,광주광역시,29,0,8,0,3,3,0,9,0,9,3,0
20190420,서울특별시,11,중랑구,11260,인천광역시,28,0,24,0,9,8,3,22,3,32,5,0
20190420,서울특별시,11,중랑구,11260,대구광역시,27,0,11,0,4,5,0,19,0,17,0,0
20190420,서울특별시,11,중랑구,11260,부산광역시,26,0,21,4,9,4,4,36,0,31,26,0
20190420,서울특별시,11,중랑구,11260,서울특별시,11,0,83,27,42,29,4,94,5,162,43,16
20190420,서울특별시,11,동작구,11590,제주특별자치도,50,0,0,0,0,0,0,0,0,5,0,0
20190420,서울특별시,11,동작구,11590,경상남도,48,5,11,7,0,5,3,3,0,18,0,0
20190420,서울특별시,11,동작구,11590,경상북도,47,0,9,7,4,0,0,4,0,7,0,0
20190420,서울특별시,11,동작구,11590,전라남도,46,0,18,3,6,3,0,0,0,6,0,0
20190420,서울특별시,11,동작구,11590,전라북도,45,0,6,3,0,0,0,0,0,15,5,0
20190420,서울특별시,11,금천구,11545,서울특별시,11,54,285,300,82,362,19,92,44,301,278,278
20190420,서울특별시,11,금천구,11545,부산광역시,26,0,39,0,18,78,6,17,5,62,65,59
20190420,서울특별시,11,금천구,11545,대구광역시,27,0,39,0,9,19,6,10,7,37,53,45
20190420,서울특별시,11,강동구,11740,서울특별시,11,14,123,29,41,79,13,9,16,180,49,10
20190420,서울특별시,11,강동구,11740,부산광역시,26,0,20,4,8,6,0,0,0,35,26,0
20190420,서울특별시,11,동작구,11590,충청남도,44,0,17,4,4,4,0,0,0,17,4,0
20190420,서울특별시,11,동작구,11590,충청북도,43,0,7,19,3,3,4,0,0,43,4,0
20190420,서울특별시,11,광진구,11215,서울특별시,11,5,141,31,78,46,11,52,15,221,43,43
20190420,서울특별시,11,광진구,11215,부산광역시,26,0,30,5,10,13,0,18,0,37,21,11
20190420,서울특별시,11,광진구,11215,대구광역시,27,4,21,5,3,11,4,9,0,19,3,0
20190420,서울특별시,11,광진구,11215,인천광역시,28,0,16,5,21,13,0,15,5,49,10,6
20190420,서울특별시,11,광진구,11215,광주광역시,29,0,8,0,8,6,0,4,0,18,0,0
20190420,서울특별시,11,광진구,11215,대전광역시,30,0,4,5,4,9,0,3,0,15,0,5
20190420,서울특별시,11,광진구,11215,울산광역시,31,0,5,4,4,7,0,0,0,35,3,0
20190420,서울특별시,11,광진구,11215,세종특별자치시,36,0,0,0,0,0,0,0,0,3,0,0
20190420,서울특별시,11,광진구,11215,경기도,41,11,268,28,68,81,15,55,11,405,92,59
20190420,서울특별시,11,광진구,11215,강원도,42,0,7,4,8,0,0,8,0,9,5,5
20190420,서울특별시,11,광진구,11215,충청북도,43,0,11,5,0,9,0,6,0,22,6,5
20190420,서울특별시,11,광진구,11215,충청남도,44,0,9,5,10,3,0,8,0,33,6,0
20190420,서울특별시,11,광진구,11215,전라북도,45,0,7,3,12,6,0,7,0,24,5,3
20190420,서울특별시,11,광진구,11215,전라남도,46,0,11,0,3,0,0,4,0,9,0,0
20190420,서울특별시,11,광진구,11215,경상북도,47,0,19,5,7,4,0,3,0,14,4,5
20190420,서울특별시,11,동작구,11590,강원도,42,0,6,6,0,0,4,0,0,6,0,0
20190420,서울특별시,11,동작구,11590,경기도,41,14,313,62,57,50,49,28,18,366,87,25
20190420,서울특별시,11,동작구,11590,세종특별자치시,36,0,4,0,0,0,0,0,0,0,0,0
20190420,서울특별시,11,동작구,11590,울산광역시,31,0,4,4,0,0,0,0,0,26,0,0
20190420,서울특별시,11,동작구,11590,대전광역시,30,0,7,3,6,5,3,0,0,17,5,0
20190420,서울특별시,11,동작구,11590,광주광역시,29,0,12,0,0,0,0,0,0,15,0,0
20190420,서울특별시,11,동작구,11590,인천광역시,28,4,14,9,8,7,5,5,3,42,0,0
20190420,서울특별시,11,동작구,11590,대구광역시,27,3,4,5,3,4,0,0,0,22,8,0
20190420,서울특별시,11,동작구,11590,부산광역시,26,0,22,9,7,3,4,5,0,31,19,0
20190420,서울특별시,11,동작구,11590,서울특별시,11,5,143,37,40,26,16,13,5,228,44,11
20190420,서울특별시,11,성동구,11200,서울특별시,11,16,519,298,23,83,5,138,10,138,137,15
20190420,서울특별시,11,성동구,11200,부산광역시,26,3,123,113,7,37,0,28,5,18,35,0
20190420,서울특별시,11,성동구,11200,대구광역시,27,9,122,128,4,22,0,31,0,11,16,3
20190420,서울특별시,11,성동구,11200,인천광역시,28,5,129,87,9,30,0,12,6,24,25,5
20190420,서울특별시,11,성동구,11200,광주광역시,29,4,87,69,6,13,0,15,0,15,13,0
20190420,서울특별시,11,성동구,11200,대전광역시,30,5,54,41,4,16,0,7,0,8,17,0
20190420,서울특별시,11,성동구,11200,울산광역시,31,3,74,55,0,6,0,12,0,25,4,0
20190420,서울특별시,11,서대문구,11410,제주특별자치도,50,0,0,0,0,5,0,0,0,0,0,0
20190420,서울특별시,11,서대문구,11410,경상남도,48,4,9,4,4,30,0,11,0,8,4,0
20190420,서울특별시,11,도봉구,11320,제주특별자치도,50,0,0,0,0,0,0,0,3,0,0,0
20190420,서울특별시,11,도봉구,11320,경상남도,48,0,13,21,3,8,3,5,5,8,9,0
20190420,서울특별시,11,도봉구,11320,경상북도,47,0,7,16,0,22,0,0,4,8,0,0
20190420,서울특별시,11,도봉구,11320,전라남도,46,0,8,7,0,0,0,0,0,7,6,0
20190420,서울특별시,11,도봉구,11320,전라북도,45,0,6,20,0,0,0,0,0,11,5,0
20190420,서울특별시,11,도봉구,11320,충청남도,44,0,6,19,0,3,0,4,7,14,6,0
20190420,서울특별시,11,도봉구,11320,충청북도,43,0,3,15,4,3,0,0,0,35,4,0
20190420,서울특별시,11,광진구,11215,경상남도,48,3,21,0,14,0,3,20,0,24,8,8
20190420,서울특별시,11,광진구,11215,제주특별자치도,50,0,7,0,0,0,0,0,0,0,3,0
20190420,서울특별시,11,도봉구,11320,강원도,42,0,6,16,0,0,0,0,5,6,0,6
20190420,서울특별시,11,도봉구,11320,경기도,41,11,153,192,18,42,11,11,41,267,63,25
20190420,서울특별시,11,서대문구,11410,경상북도,47,0,10,0,6,7,0,0,0,13,0,0
20190420,서울특별시,11,서대문구,11410,전라남도,46,0,4,0,0,14,0,5,0,0,0,0
20190420,서울특별시,11,서대문구,11410,전라북도,45,0,6,4,4,25,0,12,0,9,5,0
20190420,서울특별시,11,서대문구,11410,충청남도,44,0,9,0,4,21,0,9,0,14,3,0
20190420,서울특별시,11,서대문구,11410,충청북도,43,0,4,10,0,22,0,8,0,26,0,0
20190420,서울특별시,11,서대문구,11410,강원도,42,0,3,0,0,19,0,0,0,0,0,0
20190420,서울특별시,11,서대문구,11410,경기도,41,19,194,31,49,91,14,28,13,255,60,16
20190420,서울특별시,11,서대문구,11410,세종특별자치시,36,0,0,0,0,0,0,0,0,0,0,0
20190420,서울특별시,11,서대문구,11410,울산광역시,31,0,0,0,0,4,0,0,0,5,0,0
20190420,서울특별시,11,서대문구,11410,대전광역시,30,0,7,3,3,26,0,6,0,6,0,0
20190420,서울특별시,11,서대문구,11410,광주광역시,29,0,5,0,5,24,0,0,0,7,0,0
20190420,서울특별시,11,서대문구,11410,인천광역시,28,3,12,10,6,11,0,7,6,41,0,4
20190420,서울특별시,11,서대문구,11410,대구광역시,27,0,0,3,0,35,0,6,0,10,0,0
20190420,서울특별시,11,서대문구,11410,부산광역시,26,0,19,6,6,40,6,4,0,20,21,0
20190420,서울특별시,11,서대문구,11410,서울특별시,11,4,88,28,38,35,0,17,4,137,30,15
20190420,서울특별시,11,성동구,11200,세종특별자치시,36,0,9,18,0,0,0,3,0,3,0,0
20190420,서울특별시,11,성동구,11200,경기도,41,28,820,439,34,137,11,125,19,298,157,36
20190420,서울특별시,11,성동구,11200,강원도,42,0,22,42,0,7,0,5,0,0,6,0
20190420,서울특별시,11,성동구,11200,충청북도,43,3,56,32,3,17,0,50,0,20,8,0
20190420,서울특별시,11,성동구,11200,충청남도,44,0,74,59,0,13,0,16,0,19,16,0
20190420,서울특별시,11,성동구,11200,전라북도,45,0,64,58,0,7,0,9,0,7,8,0
20190420,서울특별시,11,성동구,11200,전라남도,46,0,59,51,0,10,0,13,0,7,7,0
20190420,서울특별시,11,성동구,11200,경상북도,47,4,107,134,0,25,0,13,0,5,15,0
20190420,서울특별시,11,성동구,11200,경상남도,48,12,184,144,4,24,0,44,0,18,27,4
20190420,서울특별시,11,성동구,11200,제주특별자치도,50,0,8,12,0,3,0,0,0,3,3,0
20190420,서울특별시,11,도봉구,11320,서울특별시,11,4,45,145,22,18,4,9,22,105,43,5
20190420,서울특별시,11,도봉구,11320,부산광역시,26,0,15,31,5,5,0,0,7,7,23,0
20190420,서울특별시,11,도봉구,11320,대구광역시,27,4,7,30,4,5,0,0,10,14,10,0
20190420,서울특별시,11,도봉구,11320,인천광역시,28,3,9,20,3,0,0,3,13,14,9,0
20190420,서울특별시,11,도봉구,11320,광주광역시,29,0,9,19,0,0,0,0,0,7,8,0
20190420,서울특별시,11,도봉구,11320,대전광역시,30,0,4,14,0,0,0,0,5,8,3,0
20190420,서울특별시,11,도봉구,11320,울산광역시,31,0,5,9,0,0,0,0,0,15,4,0
20190420,서울특별시,11,도봉구,11320,세종특별자치시,36,0,0,0,0,0,0,0,0,0,0,0
20190420,서울특별시,11,양천구,11470,서울특별시,11,18,100,27,24,31,8,18,11,168,45,11
20190420,서울특별시,11,양천구,11470,부산광역시,26,0,21,5,4,3,3,5,3,17,18,0
20190420,서울특별시,11,양천구,11470,대구광역시,27,9,6,0,5,6,0,0,0,15,0,0
20190420,서울특별시,11,양천구,11470,인천광역시,28,3,12,0,4,8,0,4,4,22,8,0
20190420,서울특별시,11,양천구,11470,광주광역시,29,0,7,0,0,4,0,0,0,10,3,0
20190420,서울특별시,11,양천구,11470,대전광역시,30,0,8,3,3,5,0,0,0,16,4,0
20190420,서울특별시,11,양천구,11470,울산광역시,31,0,4,0,0,0,0,0,0,27,0,0
20190420,서울특별시,11,양천구,11470,세종특별자치시,36,0,0,0,0,0,0,0,0,0,0,0
20190420,서울특별시,11,양천구,11470,경기도,41,16,285,36,46,51,25,22,18,429,90,22
20190420,서울특별시,11,양천구,11470,강원도,42,0,7,3,3,0,3,0,0,3,0,0
20190420,서울특별시,11,양천구,11470,충청북도,43,0,9,12,0,3,0,0,0,38,3,3
20190420,서울특별시,11,양천구,11470,충청남도,44,0,7,4,3,0,0,0,0,16,0,0
20190420,서울특별시,11,양천구,11470,전라북도,45,0,7,0,0,0,0,14,0,25,5,0
20190420,서울특별시,11,양천구,11470,전라남도,46,0,9,0,0,3,0,3,0,5,0,0
20190420,서울특별시,11,양천구,11470,경상북도,47,0,9,0,3,3,0,0,0,8,4,0
20190420,서울특별시,11,양천구,11470,경상남도,48,3,7,3,3,0,0,0,0,13,12,0
20190420,서울특별시,11,양천구,11470,제주특별자치도,50,0,0,0,0,0,0,0,0,0,0,0
20190420,서울특별시,11,금천구,11545,인천광역시,28,0,58,54,16,17,0,16,12,58,61,61
20190420,서울특별시,11,금천구,11545,광주광역시,29,0,28,4,5,15,5,3,0,27,31,28
20190420,서울특별시,11,금천구,11545,대전광역시,30,0,22,6,21,43,0,3,3,38,37,12
20190420,서울특별시,11,금천구,11545,울산광역시,31,0,9,0,3,10,0,5,3,20,19,9
20190420,서울특별시,11,금천구,11545,세종특별자치시,36,0,7,0,0,0,0,0,0,6,10,3
20190420,서울특별시,11,금천구,11545,경기도,41,45,489,406,108,298,20,127,61,611,330,181
20190420,서울특별시,11,금천구,11545,강원도,42,3,20,15,5,92,0,15,0,21,20,27
20190420,서울특별시,11,금천구,11545,충청북도,43,4,22,3,13,9,0,5,0,34,16,14
20190420,서울특별시,11,금천구,11545,충청남도,44,0,31,3,10,28,4,10,4,42,39,14
20190420,서울특별시,11,금천구,11545,전라북도,45,0,30,0,12,13,0,6,0,35,24,20
20190420,서울특별시,11,금천구,11545,전라남도,46,0,25,0,5,14,0,0,0,28,23,14
20190420,서울특별시,11,금천구,11545,경상북도,47,0,33,0,6,114,0,12,3,41,37,17
20190420,서울특별시,11,금천구,11545,경상남도,48,0,39,0,12,93,0,17,6,46,49,49
20190420,서울특별시,11,금천구,11545,제주특별자치도,50,0,8,0,0,0,0,0,0,3,14,13
20190420,서울특별시,11,은평구,11380,대전광역시,30,0,0,0,5,3,0,0,0,71,3,0
20190420,서울특별시,11,은평구,11380,광주광역시,29,0,17,0,3,6,0,0,0,60,0,0
20190420,서울특별시,11,은평구,11380,인천광역시,28,0,41,4,5,12,0,7,3,143,7,4
20190420,서울특별시,11,은평구,11380,대구광역시,27,8,11,7,6,5,0,3,0,121,3,0
20190420,서울특별시,11,은평구,11380,부산광역시,26,0,18,5,8,5,0,4,0,151,24,0
20190420,서울특별시,11,은평구,11380,서울특별시,11,5,140,28,50,66,7,32,7,539,44,23
20190420,서울특별시,11,송파구,11710,제주특별자치도,50,0,6,3,0,0,0,3,0,18,0,6
20190420,서울특별시,11,송파구,11710,경상남도,48,14,89,13,16,7,0,26,4,173,23,41
20190420,서울특별시,11,강동구,11740,대구광역시,27,3,10,0,0,9,0,0,0,16,5,0
20190420,서울특별시,11,강동구,11740,인천광역시,28,4,14,3,4,32,0,3,11,18,14,0
20190420,서울특별시,11,구로구,11530,제주특별자치도,50,0,5,0,0,7,0,0,0,4,0,0
20190420,서울특별시,11,구로구,11530,경상남도,48,0,23,3,6,6,6,3,0,43,10,3
20190420,서울특별시,11,구로구,11530,경상북도,47,7,21,3,7,7,5,3,0,24,5,0
20190420,서울특별시,11,구로구,11530,전라남도,46,0,20,0,0,0,4,4,0,10,3,0
20190420,서울특별시,11,구로구,11530,전라북도,45,0,12,4,5,5,0,0,0,22,3,0
20190420,서울특별시,11,구로구,11530,충청남도,44,0,26,0,4,6,8,4,0,34,5,0
20190420,서울특별시,11,구로구,11530,충청북도,43,0,19,7,10,4,0,0,0,51,3,3
20190420,서울특별시,11,구로구,11530,강원도,42,0,10,0,3,6,3,4,0,18,4,0
20190420,서울특별시,11,구로구,11530,경기도,41,19,405,35,47,77,31,23,14,432,85,44
20190420,서울특별시,11,구로구,11530,세종특별자치시,36,0,0,0,0,0,0,0,0,0,0,0
20190420,서울특별시,11,구로구,11530,울산광역시,31,0,15,0,0,0,0,3,0,20,0,0
20190420,서울특별시,11,구로구,11530,대전광역시,30,0,14,3,6,0,3,0,0,16,5,0
20190420,서울특별시,11,구로구,11530,광주광역시,29,0,14,0,3,5,6,0,0,10,0,0
20190420,서울특별시,11,구로구,11530,인천광역시,28,0,18,5,9,11,7,0,0,39,11,4
20190420,서울특별시,11,구로구,11530,대구광역시,27,0,32,0,7,11,4,3,0,28,8,6
20190420,서울특별시,11,구로구,11530,부산광역시,26,0,52,6,11,15,5,3,0,38,19,3
20190420,서울특별시,11,구로구,11530,서울특별시,11,5,192,26,48,63,23,17,8,184,49,18
20190420,서울특별시,11,강서구,11500,제주특별자치도,50,0,3,4,3,7,0,9,0,75,5,0
20190420,서울특별시,11,강서구,11500,경상남도,48,6,26,17,14,37,4,67,12,398,16,0
20190420,서울특별시,11,강서구,11500,경상북도,47,3,32,8,6,26,3,37,6,262,6,13
20190420,서울특별시,11,강서구,11500,전라남도,46,4,13,6,5,19,3,40,4,188,3,3
20190420,서울특별시,11,강서구,11500,전라북도,45,3,16,14,10,26,3,38,7,213,9,0
20190420,서울특별시,11,강서구,11500,충청남도,44,5,26,10,16,39,3,43,12,248,10,3
20190420,서울특별시,11,강서구,11500,충청북도,43,0,23,17,12,31,0,38,9,212,12,4
20190420,서울특별시,11,강서구,11500,강원도,42,0,17,9,6,21,4,28,18,174,7,4
20190420,서울특별시,11,강서구,11500,경기도,41,31,561,87,120,233,43,323,83,1929,169,45
20190420,서울특별시,11,강서구,11500,세종특별자치시,36,0,4,4,0,3,0,6,5,33,0,0
20190420,서울특별시,11,강서구,11500,울산광역시,31,0,5,8,3,13,0,17,4,150,5,0
20190420,서울특별시,11,강서구,11500,대전광역시,30,0,23,16,8,23,3,25,7,176,13,0
20190420,서울특별시,11,강서구,11500,광주광역시,29,0,15,14,7,20,3,30,4,203,12,3
20190420,서울특별시,11,강서구,11500,인천광역시,28,4,43,21,24,45,7,64,23,348,22,7
20190420,서울특별시,11,강서구,11500,대구광역시,27,6,30,23,11,35,5,54,11,328,17,4
20190420,서울특별시,11,강서구,11500,부산광역시,26,6,54,32,10,47,6,99,18,408,32,4
20190420,서울특별시,11,강서구,11500,서울특별시,11,20,232,105,78,166,20,254,60,1243,111,29
20190420,서울특별시,11,서초구,11650,서울특별시,11,21,623,109,83,108,24,352,10,272,109,146
20190420,서울특별시,11,서초구,11650,부산광역시,26,0,111,25,19,22,0,21,0,41,26,35
20190420,서울특별시,11,서초구,11650,대구광역시,27,5,97,32,7,17,0,16,0,25,16,17
20190420,서울특별시,11,서초구,11650,인천광역시,28,5,89,21,24,22,3,21,6,36,12,31
20190420,서울특별시,11,서초구,11650,광주광역시,29,0,60,22,16,5,0,8,0,20,7,5
20190420,서울특별시,11,서초구,11650,대전광역시,30,0,49,19,12,8,0,6,0,11,6,19
20190420,서울특별시,11,서초구,11650,울산광역시,31,0,28,9,3,4,13,11,0,40,5,12
20190420,서울특별시,11,서초구,11650,세종특별자치시,36,0,10,3,3,0,0,0,0,0,0,5
20190420,서울특별시,11,서초구,11650,경기도,41,20,1300,106,100,130,49,142,14,593,138,169
20190420,서울특별시,11,서초구,11650,강원도,42,0,56,15,14,7,0,7,0,11,0,11
20190420,서울특별시,11,서초구,11650,충청북도,43,0,51,23,4,5,0,9,4,45,6,16
20190420,서울특별시,11,서초구,11650,충청남도,44,3,69,9,6,20,0,16,0,28,6,16
20190420,서울특별시,11,서초구,11650,전라북도,45,0,54,6,7,8,4,5,0,30,5,9
20190420,서울특별시,11,서초구,11650,전라남도,46,3,44,3,0,6,3,29,0,4,0,10
20190420,서울특별시,11,마포구,11440,서울특별시,11,5,189,54,298,55,9,32,10,349,353,47
20190420,서울특별시,11,노원구,11350,서울특별시,11,9,101,31,39,54,11,105,26,272,105,28
20190420,서울특별시,11,노원구,11350,부산광역시,26,0,20,7,3,8,8,5,3,41,47,0
20190420,서울특별시,11,노원구,11350,대구광역시,27,5,16,12,6,10,0,6,0,27,13,3
20190420,서울특별시,11,노원구,11350,인천광역시,28,0,18,5,10,4,0,4,13,65,19,4
20190420,서울특별시,11,노원구,11350,광주광역시,29,0,10,0,0,0,0,0,0,19,9,0
20190420,서울특별시,11,노원구,11350,대전광역시,30,0,7,6,0,0,0,0,4,10,6,0
20190420,서울특별시,11,노원구,11350,울산광역시,31,0,6,0,0,0,0,0,0,27,4,0
20190420,서울특별시,11,노원구,11350,세종특별자치시,36,0,0,0,0,0,0,0,0,7,3,0
20190420,서울특별시,11,노원구,11350,경기도,41,14,282,29,45,71,22,69,46,553,149,36
20190420,서울특별시,11,노원구,11350,강원도,42,0,10,0,0,0,0,4,0,16,11,0
20190420,서울특별시,11,노원구,11350,충청북도,43,0,9,6,0,5,3,3,0,47,13,0
20190420,서울특별시,11,노원구,11350,충청남도,44,0,5,0,3,5,0,0,0,28,9,0
20190420,서울특별시,11,노원구,11350,전라북도,45,0,7,5,0,0,0,0,3,38,8,0
20190420,서울특별시,11,노원구,11350,전라남도,46,0,6,0,0,0,0,0,0,11,8,0
20190420,서울특별시,11,노원구,11350,경상북도,47,0,10,3,0,3,0,7,0,28,9,0
20190420,서울특별시,11,노원구,11350,경상남도,48,4,13,4,7,0,0,0,3,39,26,0
20190420,서울특별시,11,노원구,11350,제주특별자치도,50,0,0,0,0,0,0,0,0,3,0,0
20190420,서울특별시,11,마포구,11440,제주특별자치도,50,0,6,0,12,0,0,3,0,13,20,0
20190420,서울특별시,11,마포구,11440,경상남도,48,0,36,20,116,19,5,12,4,125,91,12
20190420,서울특별시,11,마포구,11440,경상북도,47,0,44,6,61,16,0,8,6,96,69,12
20190420,서울특별시,11,마포구,11440,전라남도,46,3,28,3,46,0,0,7,0,54,41,5
20190420,서울특별시,11,마포구,11440,전라북도,45,0,19,8,53,9,0,9,0,63,47,8
20190420,서울특별시,11,강동구,11740,광주광역시,29,0,3,6,0,15,0,0,0,16,0,0
20190420,서울특별시,11,마포구,11440,충청남도,44,0,34,5,46,5,0,8,0,86,74,7
20190420,서울특별시,11,마포구,11440,충청북도,43,0,32,17,44,9,0,6,0,71,55,5
20190420,서울특별시,11,마포구,11440,강원도,42,0,20,4,41,8,3,4,0,49,49,5
20190420,서울특별시,11,강동구,11740,대전광역시,30,0,10,3,0,3,0,0,0,15,0,0
20190420,서울특별시,11,강동구,11740,울산광역시,31,0,0,3,0,3,0,0,0,22,0,0
20190420,서울특별시,11,강동구,11740,세종특별자치시,36,0,0,0,0,0,0,0,0,0,0,0
20190420,서울특별시,11,강동구,11740,경기도,41,14,261,53,38,128,11,27,15,334,68,23
20190420,서울특별시,11,강동구,11740,강원도,42,0,5,0,0,12,0,0,0,5,0,0
20190420,서울특별시,11,강동구,11740,충청북도,43,6,11,7,0,15,0,0,0,40,0,0
20190420,서울특별시,11,강동구,11740,충청남도,44,3,13,3,5,30,0,0,4,23,5,0
20190420,서울특별시,11,강동구,11740,전라북도,45,0,6,0,0,4,0,0,0,17,3,0
20190420,서울특별시,11,강동구,11740,전라남도,46,0,5,0,0,9,0,0,0,6,0,0
20190420,서울특별시,11,강동구,11740,경상북도,47,0,9,0,5,6,0,0,0,17,0,0
20190420,서울특별시,11,강동구,11740,경상남도,48,0,13,4,4,8,3,4,0,15,6,0
20190420,서울특별시,11,강동구,11740,제주특별자치도,50,0,0,0,0,4,0,0,0,0,0,0
20190420,서울특별시,11,송파구,11710,경상북도,47,4,60,11,7,8,0,9,0,117,11,30
20190420,서울특별시,11,송파구,11710,전라남도,46,0,51,4,0,5,0,15,0,108,11,25
20190420,서울특별시,11,송파구,11710,전라북도,45,5,60,0,4,6,0,10,0,107,10,21
20190420,서울특별시,11,마포구,11440,경기도,41,16,386,66,353,80,32,46,29,623,439,71
20190420,서울특별시,11,마포구,11440,세종특별자치시,36,0,0,0,4,3,0,4,0,8,7,0
20190420,서울특별시,11,마포구,11440,울산광역시,31,0,16,3,48,7,0,5,0,51,22,3
20190420,서울특별시,11,마포구,11440,대전광역시,30,3,17,0,38,16,0,5,0,43,52,3
20190420,서울특별시,11,마포구,11440,광주광역시,29,0,20,12,42,8,0,3,0,52,51,0
20190420,서울특별시,11,마포구,11440,인천광역시,28,0,40,13,82,18,0,11,7,88,81,7
20190420,서울특별시,11,서초구,11650,경상북도,47,0,75,7,12,14,0,18,0,21,5,17
20190420,서울특별시,11,서초구,11650,경상남도,48,4,70,11,12,14,4,30,0,21,12,34
20190420,서울특별시,11,서초구,11650,제주특별자치도,50,0,26,5,0,0,0,0,0,0,0,3
20190420,서울특별시,11,송파구,11710,충청남도,44,0,85,5,6,14,0,17,0,179,14,20
20190420,서울특별시,11,송파구,11710,충청북도,43,4,453,22,8,8,3,8,0,298,11,19
20190420,서울특별시,11,송파구,11710,강원도,42,3,52,7,16,6,4,4,0,105,9,23
20190420,서울특별시,11,송파구,11710,경기도,41,33,892,93,94,160,42,133,28,1331,213,226
20190420,서울특별시,11,송파구,11710,세종특별자치시,36,0,19,0,0,0,0,0,0,19,0,4
20190420,서울특별시,11,송파구,11710,울산광역시,31,0,38,4,0,8,0,4,0,87,12,12
20190420,서울특별시,11,송파구,11710,대전광역시,30,0,51,7,4,8,0,8,0,98,5,39
20190420,서울특별시,11,송파구,11710,광주광역시,29,0,61,9,12,5,0,4,0,89,14,7
20190420,서울특별시,11,강남구,11680,서울특별시,11,3,317,132,72,124,21,85,10,524,106,53
20190420,서울특별시,11,강남구,11680,부산광역시,26,0,57,16,9,25,0,8,5,59,37,14
20190420,서울특별시,11,강남구,11680,대구광역시,27,8,37,21,6,26,3,6,4,46,11,3
20190420,서울특별시,11,용산구,11170,제주특별자치도,50,0,0,0,11,0,0,0,0,5,0,0
20190420,서울특별시,11,용산구,11170,경상남도,48,3,16,0,34,6,3,3,10,30,5,12
20190420,서울특별시,11,용산구,11170,경상북도,47,0,15,3,20,4,3,0,3,25,5,12
20190420,서울특별시,11,용산구,11170,전라남도,46,0,6,3,12,3,0,0,0,16,0,0
20190420,서울특별시,11,송파구,11710,인천광역시,28,7,103,10,15,34,0,34,15,170,24,39
20190420,서울특별시,11,용산구,11170,전라북도,45,0,9,5,13,6,0,0,6,14,3,4
20190420,서울특별시,11,용산구,11170,충청남도,44,0,16,0,24,5,0,0,3,20,6,10
20190420,서울특별시,11,용산구,11170,충청북도,43,0,9,10,21,6,0,5,0,25,0,4
20190420,서울특별시,11,용산구,11170,강원도,42,0,11,3,19,6,0,0,0,10,0,5
20190420,서울특별시,11,용산구,11170,경기도,41,7,215,18,185,58,16,37,35,292,46,70
20190420,서울특별시,11,용산구,11170,세종특별자치시,36,0,3,0,5,0,0,0,0,0,0,4
20190420,서울특별시,11,용산구,11170,울산광역시,31,0,8,0,21,3,0,0,0,24,0,4
20190420,서울특별시,11,용산구,11170,대전광역시,30,0,13,0,19,6,0,3,0,7,0,5
20190420,서울특별시,11,용산구,11170,광주광역시,29,0,8,0,11,0,0,0,0,19,0,6
20190420,서울특별시,11,용산구,11170,인천광역시,28,4,19,4,51,15,0,0,5,31,7,15
20190420,서울특별시,11,용산구,11170,대구광역시,27,4,14,0,20,0,0,4,0,16,8,9
20190420,서울특별시,11,용산구,11170,부산광역시,26,0,26,4,41,11,0,4,7,35,11,10
20190420,서울특별시,11,용산구,11170,서울특별시,11,4,164,20,211,43,3,11,13,160,38,56
20190420,서울특별시,11,강남구,11680,인천광역시,28,8,39,19,12,29,0,14,7,58,11,5
20190420,서울특별시,11,강남구,11680,광주광역시,29,0,24,7,5,16,0,3,0,33,9,4
20190420,서울특별시,11,강남구,11680,대전광역시,30,0,24,12,4,13,4,8,0,22,7,7
20190420,서울특별시,11,강남구,11680,울산광역시,31,0,7,9,4,12,0,0,0,51,0,3
20190420,서울특별시,11,강남구,11680,세종특별자치시,36,0,0,5,0,3,0,0,0,4,0,0
20190420,서울특별시,11,강남구,11680,경기도,41,32,519,127,65,169,32,77,30,876,177,82
20190420,서울특별시,11,강남구,11680,강원도,42,0,22,14,4,9,4,4,0,18,6,0
20190420,서울특별시,11,강남구,11680,충청북도,43,0,20,21,0,11,0,3,3,55,6,8
20190420,서울특별시,11,강남구,11680,충청남도,44,0,18,10,4,21,6,4,0,34,9,3
20190420,서울특별시,11,강남구,11680,전라북도,45,0,20,11,6,15,3,5,0,30,10,4
20190420,서울특별시,11,강남구,11680,전라남도,46,0,15,12,0,14,0,3,0,19,6,0
20190420,서울특별시,11,종로구,11110,서울특별시,11,13,435,31,34,75,7,38,4,77,35,5
20190420,서울특별시,11,종로구,11110,부산광역시,26,3,96,3,6,25,0,0,0,115,12,3
20190420,서울특별시,11,종로구,11110,대구광역시,27,3,57,5,3,14,0,0,0,55,4,6
20190420,서울특별시,11,종로구,11110,인천광역시,28,0,79,4,8,15,0,8,3,18,8,0
20190420,서울특별시,11,강남구,11680,경상북도,47,3,16,11,6,25,0,4,0,28,4,3
20190420,서울특별시,11,강남구,11680,경상남도,48,6,35,20,9,33,5,5,0,41,13,5
20190420,서울특별시,11,강남구,11680,제주특별자치도,50,0,15,0,0,0,0,0,0,8,6,0
20190420,서울특별시,11,강북구,11305,서울특별시,11,5,86,11,17,35,0,8,10,87,32,4
20190420,서울특별시,11,강북구,11305,부산광역시,26,0,11,0,3,8,3,0,0,14,14,0
20190420,서울특별시,11,강북구,11305,대구광역시,27,0,9,0,0,12,0,0,0,9,0,0
20190420,서울특별시,11,강북구,11305,인천광역시,28,0,16,6,5,13,0,0,6,16,5,4
20190420,서울특별시,11,강북구,11305,광주광역시,29,0,4,0,0,3,0,0,0,5,0,0
20190420,서울특별시,11,강북구,11305,대전광역시,30,0,5,0,0,0,0,0,0,3,3,0
20190420,서울특별시,11,강북구,11305,울산광역시,31,0,6,0,0,5,0,0,0,13,0,0
20190420,서울특별시,11,강북구,11305,세종특별자치시,36,0,0,0,0,0,0,0,0,0,0,0
20190420,서울특별시,11,강북구,11305,경기도,41,12,164,15,33,41,9,13,6,209,55,18
20190420,서울특별시,11,강북구,11305,강원도,42,0,9,4,0,3,0,4,0,0,0,0
20190420,서울특별시,11,강북구,11305,충청북도,43,0,11,0,4,3,0,0,0,29,0,0
20190420,서울특별시,11,강북구,11305,충청남도,44,0,5,0,0,0,0,0,0,11,0,0
20190420,서울특별시,11,강북구,11305,전라북도,45,0,4,3,0,3,0,0,0,8,0,0
20190420,서울특별시,11,강북구,11305,전라남도,46,0,3,0,0,0,0,4,0,3,0,0
20190420,서울특별시,11,동대문구,11230,제주특별자치도,50,0,0,3,0,0,0,0,0,0,3,0
20190420,서울특별시,11,동대문구,11230,경상남도,48,5,30,7,3,18,0,20,12,11,0,0
20190420,서울특별시,11,동대문구,11230,경상북도,47,4,19,13,4,10,0,13,3,11,5,0
20190420,서울특별시,11,동대문구,11230,전라남도,46,4,10,0,0,0,0,12,0,3,0,0
20190420,서울특별시,11,동대문구,11230,전라북도,45,0,8,11,0,3,0,14,8,20,0,0
20190420,서울특별시,11,동대문구,11230,충청남도,44,0,11,7,3,7,0,14,5,16,11,0
20190420,서울특별시,11,동대문구,11230,충청북도,43,3,17,7,3,8,3,16,0,19,3,0
20190420,서울특별시,11,동대문구,11230,강원도,42,0,16,4,0,8,0,15,7,6,0,0
20190420,서울특별시,11,동대문구,11230,경기도,41,15,208,54,24,77,15,78,39,265,69,29
20190420,서울특별시,11,동대문구,11230,세종특별자치시,36,0,0,0,0,0,0,0,0,0,0,0
20190420,서울특별시,11,동대문구,11230,울산광역시,31,0,14,4,0,3,0,5,3,13,0,0
20190420,서울특별시,11,동대문구,11230,대전광역시,30,0,12,5,3,0,0,9,3,10,6,0
20190420,서울특별시,11,동대문구,11230,광주광역시,29,0,18,0,0,6,0,8,0,12,0,0
20190420,서울특별시,11,동대문구,11230,인천광역시,28,0,23,8,5,14,0,13,8,29,10,4
20190420,서울특별시,11,동대문구,11230,대구광역시,27,0,14,8,3,11,0,14,9,15,10,0
20190420,서울특별시,11,동대문구,11230,부산광역시,26,5,28,14,3,9,0,23,8,24,24,0
20190420,서울특별시,11,마포구,11440,대구광역시,27,5,36,12,81,13,0,8,5,80,66,7
20190420,서울특별시,11,마포구,11440,부산광역시,26,0,53,13,98,10,0,7,0,101,99,7
20190420,서울특별시,11,동대문구,11230,서울특별시,11,13,125,51,30,25,7,72,24,139,46,66
20190420,서울특별시,11,성북구,11290,제주특별자치도,50,3,20,0,7,11,8,13,0,77,26,17
20190420,서울특별시,11,성북구,11290,경상남도,48,3,113,5,28,54,34,70,10,440,122,72
20190420,서울특별시,11,성북구,11290,경상북도,47,6,85,8,20,35,21,51,13,330,70,50
20190420,서울특별시,11,성북구,11290,전라남도,46,0,53,5,13,11,10,30,8,203,46,24
20190420,서울특별시,11,성북구,11290,전라북도,45,3,55,3,9,22,10,31,0,250,45,31
20190420,서울특별시,11,성북구,11290,충청남도,44,5,83,16,20,25,7,53,14,332,102,42
20190420,서울특별시,11,성북구,11290,충청북도,43,0,68,14,15,25,9,25,15,289,49,37
20190420,서울특별시,11,성북구,11290,강원도,42,3,53,0,20,22,15,27,9,212,53,36
20190420,서울특별시,11,성북구,11290,경기도,41,38,732,69,150,284,118,435,136,2349,632,396
20190420,서울특별시,11,성북구,11290,세종특별자치시,36,0,19,4,4,6,0,9,3,50,15,8
20190420,서울특별시,11,성북구,11290,울산광역시,31,5,47,4,10,21,10,25,8,172,46,33
20190420,서울특별시,11,성북구,11290,대전광역시,30,0,66,5,15,36,12,43,8,228,68,28
20190420,서울특별시,11,성북구,11290,광주광역시,29,3,57,8,15,28,10,25,9,252,56,30
20190420,서울특별시,11,강북구,11305,경상북도,47,0,6,3,0,8,0,6,0,8,0,0
20190420,서울특별시,11,강북구,11305,경상남도,48,0,6,0,0,5,0,0,0,10,0,0
20190420,서울특별시,11,강북구,11305,제주특별자치도,50,0,0,0,0,0,0,0,0,0,0,0
20190420,서울특별시,11,종로구,11110,광주광역시,29,0,24,0,0,8,0,4,0,34,5,0
20190420,서울특별시,11,종로구,11110,대전광역시,30,0,42,3,3,7,0,0,0,29,8,4
20190420,서울특별시,11,종로구,11110,울산광역시,31,0,23,0,3,9,0,0,0,30,7,0
20190420,서울특별시,11,종로구,11110,세종특별자치시,36,0,18,0,0,3,0,0,0,11,3,0
20190420,서울특별시,11,종로구,11110,경기도,41,7,463,34,45,108,10,86,11,259,66,13
20190420,서울특별시,11,종로구,11110,강원도,42,0,28,0,0,8,0,5,0,38,6,3
20190420,서울특별시,11,종로구,11110,충청북도,43,0,40,0,8,11,0,6,0,57,4,4
20190420,서울특별시,11,종로구,11110,충청남도,44,0,56,0,3,15,0,4,0,45,13,3
20190420,서울특별시,11,종로구,11110,전라북도,45,0,33,0,6,9,0,0,0,49,4,6
20190420,서울특별시,11,종로구,11110,전라남도,46,0,35,0,4,7,0,5,0,50,6,0
20190420,서울특별시,11,종로구,11110,경상북도,47,0,67,3,3,13,0,5,0,78,4,0
20190420,서울특별시,11,종로구,11110,경상남도,48,0,55,3,6,23,0,3,0,92,11,3
20190420,서울특별시,11,종로구,11110,제주특별자치도,50,0,10,0,0,0,0,3,0,9,0,0
20190420,서울특별시,11,은평구,11380,울산광역시,31,0,6,0,0,0,0,0,0,59,3,0
20190420,서울특별시,11,은평구,11380,세종특별자치시,36,0,0,0,0,0,0,0,0,15,0,0
20190420,서울특별시,11,은평구,11380,경기도,41,14,290,29,46,70,15,34,18,925,78,26
20190420,서울특별시,11,중구,11140,서울특별시,11,38,621,94,57,234,25,87,568,437,374,14
20190420,서울특별시,11,중구,11140,부산광역시,26,9,229,29,5,44,9,39,231,136,37,4
20190420,서울특별시,11,중구,11140,대구광역시,27,10,150,18,6,32,0,34,172,89,33,0
20190420,서울특별시,11,중구,11140,인천광역시,28,12,112,15,11,53,7,25,111,94,54,4
20190420,서울특별시,11,중구,11140,광주광역시,29,8,125,12,0,38,4,23,100,63,14,0
20190420,서울특별시,11,중구,11140,대전광역시,30,3,88,20,3,19,3,24,77,54,11,0
20190420,서울특별시,11,중구,11140,울산광역시,31,8,58,10,0,16,3,12,88,33,10,0
20190420,서울특별시,11,중구,11140,세종특별자치시,36,0,25,3,0,6,0,11,49,8,5,0
20190420,서울특별시,11,중구,11140,경기도,41,50,701,144,49,286,46,151,794,630,229,21
20190420,서울특별시,11,중구,11140,강원도,42,5,74,33,5,19,4,19,36,68,10,0
20190420,서울특별시,11,중구,11140,충청북도,43,7,121,17,4,30,0,26,57,82,17,0
20190420,서울특별시,11,중구,11140,충청남도,44,12,118,17,4,23,7,31,67,70,26,0
20190420,서울특별시,11,중구,11140,전라북도,45,9,92,20,3,40,0,24,54,65,15,0
20190420,서울특별시,11,중구,11140,전라남도,46,5,146,19,0,24,3,26,57,64,10,0
20190420,서울특별시,11,중구,11140,경상북도,47,8,173,17,7,33,4,30,99,85,15,0
20190420,서울특별시,11,중구,11140,경상남도,48,8,162,32,0,70,4,38,144,78,32,5
20190420,서울특별시,11,중구,11140,제주특별자치도,50,4,16,7,0,24,3,4,25,33,6,0
20190420,서울특별시,11,은평구,11380,강원도,42,0,12,0,0,3,0,0,0,55,0,0
20190420,서울특별시,11,은평구,11380,충청북도,43,0,18,14,0,0,0,4,0,106,3,0
20190420,서울특별시,11,은평구,11380,충청남도,44,0,20,3,4,0,0,7,0,86,5,0
20190420,서울특별시,11,은평구,11380,전라북도,45,0,9,0,0,0,0,0,0,76,0,0
20190420,서울특별시,11,은평구,11380,전라남도,46,0,5,0,0,3,0,0,0,57,5,0
20190420,서울특별시,11,은평구,11380,경상북도,47,0,21,10,0,6,0,5,0,93,3,0
20190420,서울특별시,11,은평구,11380,경상남도,48,4,17,3,3,8,0,7,0,133,10,0
20190420,서울특별시,11,은평구,11380,제주특별자치도,50,0,0,0,0,0,0,0,0,24,0,0
20190420,서울특별시,11,관악구,11620,제주특별자치도,50,0,4,0,0,0,0,3,0,4,0,0
20190420,서울특별시,11,관악구,11620,경상남도,48,0,25,10,6,8,0,5,0,24,4,0
20190420,서울특별시,11,관악구,11620,경상북도,47,0,14,11,3,7,0,4,0,29,4,0
20190420,서울특별시,11,관악구,11620,전라남도,46,0,9,5,0,3,0,4,3,24,0,0
20190420,서울특별시,11,관악구,11620,전라북도,45,0,10,9,4,3,0,0,4,25,5,0
20190420,서울특별시,11,관악구,11620,충청남도,44,0,15,13,7,0,0,4,4,39,0,3
20190420,서울특별시,11,관악구,11620,충청북도,43,0,9,6,0,3,0,0,0,58,0,0
20190420,서울특별시,11,관악구,11620,강원도,42,0,8,4,4,3,0,0,0,8,3,0
20190420,서울특별시,11,관악구,11620,경기도,41,25,326,80,49,74,25,32,29,446,109,31
20190420,서울특별시,11,성북구,11290,인천광역시,28,7,126,15,24,47,20,92,34,497,105,73
20190420,서울특별시,11,성북구,11290,대구광역시,27,5,112,9,30,51,13,61,18,330,112,73
20190420,서울특별시,11,성북구,11290,부산광역시,26,6,134,16,31,76,22,79,25,482,149,97
20190420,서울특별시,11,성북구,11290,서울특별시,11,37,591,90,151,243,71,356,104,1785,503,401
20190420,서울특별시,11,영등포구,11560,서울특별시,11,8,226,37,40,50,12,37,9,163,47,15
20190420,서울특별시,11,영등포구,11560,부산광역시,26,0,50,7,9,17,0,11,0,22,28,4
20190420,서울특별시,11,영등포구,11560,대구광역시,27,8,37,5,13,19,3,6,4,11,4,7
20190420,서울특별시,11,영등포구,11560,인천광역시,28,3,39,5,16,17,0,5,3,31,13,10
20190420,서울특별시,11,영등포구,11560,광주광역시,29,0,16,0,3,7,0,6,0,3,0,0
20190420,서울특별시,11,영등포구,11560,대전광역시,30,0,21,0,0,5,0,6,0,14,3,3
20190420,서울특별시,11,영등포구,11560,울산광역시,31,3,11,3,0,6,0,9,3,25,0,3
20190420,서울특별시,11,영등포구,11560,세종특별자치시,36,0,7,0,0,0,0,0,0,4,0,0
20190420,서울특별시,11,영등포구,11560,경기도,41,12,470,39,61,81,25,75,17,356,95,42
20190420,서울특별시,11,영등포구,11560,강원도,42,0,37,0,6,8,0,9,3,3,3,5
20190420,서울특별시,11,영등포구,11560,충청북도,43,0,18,7,5,6,0,3,0,32,0,0
20190420,서울특별시,11,영등포구,11560,충청남도,44,0,24,4,8,10,0,9,0,13,8,3
20190420,서울특별시,11,영등포구,11560,전라남도,46,0,30,5,4,18,0,5,0,5,0,0
20190421,서울특별시,11,송파구,11710,서울특별시,11,17,44,106,5,126,0,1058,74,0,0,15
20190421,서울특별시,11,중랑구,11260,전라남도,46,0,0,0,0,4,0,0,3,20,3,0
20190421,서울특별시,11,중랑구,11260,전라북도,45,0,6,0,0,4,0,0,0,38,3,0
20190421,서울특별시,11,중랑구,11260,충청남도,44,0,0,0,0,5,0,0,3,39,0,3
20190421,서울특별시,11,서초구,11650,대전광역시,30,0,8,0,0,0,0,0,0,9,0,0
20190421,서울특별시,11,서초구,11650,울산광역시,31,0,0,0,0,0,0,0,0,3,0,0
20190421,서울특별시,11,강동구,11740,서울특별시,11,0,0,0,0,0,0,0,0,0,0,0
20190421,서울특별시,11,강동구,11740,광주광역시,29,0,0,0,0,0,0,0,0,0,0,0
20190421,서울특별시,11,강동구,11740,경기도,41,0,3,0,0,0,0,0,0,0,0,0
20190421,서울특별시,11,강동구,11740,충청남도,44,0,0,0,0,0,0,0,0,0,0,0
20190421,서울특별시,11,마포구,11440,제주특별자치도,50,0,0,0,0,0,0,0,0,0,0,0
20190421,서울특별시,11,마포구,11440,경상남도,48,0,0,0,0,5,0,0,0,0,0,0
20190421,서울특별시,11,마포구,11440,경상북도,47,0,0,0,0,0,0,0,0,0,0,0
20190421,서울특별시,11,마포구,11440,전라북도,45,0,0,0,0,0,0,0,0,0,0,0
20190421,서울특별시,11,마포구,11440,충청남도,44,0,0,0,0,0,0,0,0,0,0,0
20190421,서울특별시,11,마포구,11440,충청북도,43,0,0,0,0,0,0,0,0,0,0,0
20190421,서울특별시,11,마포구,11440,강원도,42,0,0,0,0,0,0,0,0,0,0,0
20190421,서울특별시,11,마포구,11440,경기도,41,3,0,0,0,22,0,0,0,0,0,0
20190421,서울특별시,11,마포구,11440,세종특별자치시,36,0,0,0,0,0,0,0,0,0,0,0
20190421,서울특별시,11,마포구,11440,울산광역시,31,0,0,0,0,0,0,0,0,0,0,0
20190421,서울특별시,11,마포구,11440,대전광역시,30,0,0,0,0,0,0,0,0,0,0,0
20190421,서울특별시,11,마포구,11440,광주광역시,29,0,0,0,0,0,0,0,0,0,0,0
20190421,서울특별시,11,마포구,11440,인천광역시,28,0,0,0,0,9,0,0,0,0,0,0
20190421,서울특별시,11,마포구,11440,대구광역시,27,0,0,0,0,0,0,0,0,0,0,0
20190421,서울특별시,11,마포구,11440,부산광역시,26,3,0,0,0,3,0,0,0,0,0,0
20190421,서울특별시,11,마포구,11440,서울특별시,11,3,6,0,0,11,0,7,0,0,0,4
20190421,서울특별시,11,중랑구,11260,충청북도,43,0,0,0,0,0,0,0,0,29,0,0
20190421,서울특별시,11,중랑구,11260,강원도,42,0,3,0,0,0,0,0,0,20,0,0
20190421,서울특별시,11,중랑구,11260,경기도,41,7,16,0,0,22,15,10,8,176,5,13
20190421,서울특별시,11,중랑구,11260,세종특별자치시,36,0,0,0,0,0,0,0,0,0,0,0
20190421,서울특별시,11,중랑구,11260,울산광역시,31,0,3,0,4,0,0,0,0,20,0,0
20190421,서울특별시,11,중랑구,11260,대전광역시,30,0,4,0,0,0,0,0,0,28,0,3
20190421,서울특별시,11,중랑구,11260,광주광역시,29,0,4,0,4,0,4,0,0,35,4,0
20190421,서울특별시,11,중랑구,11260,인천광역시,28,0,3,0,0,4,3,0,0,32,0,0
20190421,서울특별시,11,중랑구,11260,대구광역시,27,0,5,0,0,8,0,0,0,45,3,5
20190421,서울특별시,11,중랑구,11260,부산광역시,26,0,4,0,5,9,0,4,0,71,7,5
20190421,서울특별시,11,중랑구,11260,서울특별시,11,5,10,0,0,12,8,4,3,155,0,8
20190421,서울특별시,11,성동구,11200,서울특별시,11,0,9,0,0,0,0,0,0,0,0,0
20190421,서울특별시,11,성동구,11200,부산광역시,26,0,0,0,0,0,0,0,0,0,0,0
20190421,서울특별시,11,성동구,11200,인천광역시,28,0,0,0,0,0,0,0,0,0,0,0
20190421,서울특별시,11,성동구,11200,대전광역시,30,0,0,0,0,0,0,0,0,0,0,0
20190421,서울특별시,11,성동구,11200,울산광역시,31,0,0,0,0,0,0,0,0,0,0,0
20190421,서울특별시,11,성동구,11200,경기도,41,0,8,0,0,0,0,0,0,0,0,0
20190421,서울특별시,11,성동구,11200,충청북도,43,0,0,0,0,0,0,0,0,0,0,0
20190421,서울특별시,11,성동구,11200,경상북도,47,0,0,0,0,0,0,0,0,0,0,0
20190421,서울특별시,11,성동구,11200,경상남도,48,0,0,0,0,0,0,0,0,0,0,0
20190421,서울특별시,11,서초구,11650,세종특별자치시,36,0,0,0,0,0,0,0,0,0,0,0
20190421,서울특별시,11,서초구,11650,경기도,41,0,31,0,13,30,0,68,0,64,28,0
20190421,서울특별시,11,서초구,11650,강원도,42,0,0,0,0,0,0,3,0,5,4,0
20190421,서울특별시,11,서초구,11650,충청북도,43,0,6,0,0,0,0,3,0,5,0,0
20190421,서울특별시,11,서초구,11650,충청남도,44,0,6,0,0,3,0,3,0,12,6,0
20190421,서울특별시,11,용산구,11170,서울특별시,11,0,3,3,0,0,0,3,0,0,0,0
20190421,서울특별시,11,용산구,11170,대구광역시,27,0,0,0,0,0,0,0,0,0,0,0
20190421,서울특별시,11,용산구,11170,인천광역시,28,0,0,0,0,0,0,0,0,0,0,0
20190421,서울특별시,11,용산구,11170,경기도,41,0,3,0,3,0,0,0,0,3,0,0
20190421,서울특별시,11,용산구,11170,강원도,42,0,0,0,0,0,0,0,0,0,0,0
20190421,서울특별시,11,용산구,11170,충청남도,44,0,0,0,0,0,0,0,0,0,0,0
20190421,서울특별시,11,용산구,11170,제주특별자치도,50,0,0,0,0,0,0,0,0,0,0,0
20190421,서울특별시,11,서초구,11650,전라북도,45,0,4,0,0,0,0,4,0,7,7,0
20190421,서울특별시,11,서초구,11650,전라남도,46,0,7,0,0,0,0,6,0,11,0,0
20190421,서울특별시,11,서초구,11650,경상북도,47,0,3,0,0,0,0,3,0,11,7,0
20190421,서울특별시,11,서초구,11650,경상남도,48,0,7,0,0,0,0,9,0,15,9,0
20190421,서울특별시,11,서초구,11650,제주특별자치도,50,0,0,0,0,0,0,0,0,0,3,0
20190421,서울특별시,11,중랑구,11260,경상북도,47,0,3,0,0,9,0,0,4,44,0,3
20190421,서울특별시,11,송파구,11710,부산광역시,26,4,10,37,0,27,0,5,50,0,0,0
20190421,서울특별시,11,송파구,11710,대구광역시,27,4,4,24,0,22,0,0,31,0,0,0
20190421,서울특별시,11,송파구,11710,인천광역시,28,5,4,26,0,15,0,110,21,0,0,0
20190421,서울특별시,11,송파구,11710,광주광역시,29,0,3,24,0,16,0,4,39,0,0,0
20190421,서울특별시,11,송파구,11710,대전광역시,30,0,0,20,0,20,0,6,5,0,0,0
20190421,서울특별시,11,송파구,11710,울산광역시,31,3,3,15,0,11,0,0,16,0,0,0
20190421,서울특별시,11,송파구,11710,세종특별자치시,36,0,0,3,0,0,0,0,0,0,0,0
20190421,서울특별시,11,송파구,11710,경기도,41,22,24,118,0,114,0,910,96,4,0,18
20190421,서울특별시,11,송파구,11710,강원도,42,9,4,22,0,16,0,0,13,0,0,0
20190421,서울특별시,11,송파구,11710,충청북도,43,0,5,24,0,14,0,0,8,0,0,0
20190421,서울특별시,11,송파구,11710,충청남도,44,0,10,28,0,21,0,3,15,0,0,0
20190421,서울특별시,11,송파구,11710,전라북도,45,3,11,24,0,14,0,5,24,0,0,0
20190421,서울특별시,11,광진구,11215,서울특별시,11,0,0,6,0,0,0,0,0,0,0,0
20190421,서울특별시,11,광진구,11215,인천광역시,28,0,0,0,0,0,0,0,0,0,0,0
20190421,서울특별시,11,광진구,11215,경기도,41,0,0,0,0,0,0,0,0,0,0,0
20190421,서울특별시,11,광진구,11215,충청남도,44,0,0,0,0,0,0,0,0,0,0,0
20190421,서울특별시,11,강북구,11305,서울특별시,11,0,0,0,0,28,0,0,171,0,4,0
20190421,서울특별시,11,강북구,11305,부산광역시,26,0,0,0,0,11,0,0,61,0,0,0
20190421,서울특별시,11,강북구,11305,대구광역시,27,0,0,0,0,8,0,0,48,0,0,0
20190421,서울특별시,11,강북구,11305,인천광역시,28,0,0,0,0,10,0,0,66,0,0,0
20190421,서울특별시,11,강북구,11305,광주광역시,29,0,0,0,0,8,0,0,25,0,0,0
20190421,서울특별시,11,강북구,11305,대전광역시,30,0,0,0,0,5,0,0,19,0,0,0
20190421,서울특별시,11,강북구,11305,울산광역시,31,0,0,0,0,7,0,0,14,0,0,0
20190421,서울특별시,11,강북구,11305,세종특별자치시,36,0,0,0,0,0,0,0,12,0,0,0
20190421,서울특별시,11,강북구,11305,경기도,41,0,0,0,0,74,0,0,255,0,4,0
20190421,서울특별시,11,강북구,11305,강원도,42,0,0,0,0,3,0,0,18,0,0,0
20190421,서울특별시,11,강북구,11305,충청북도,43,0,0,0,0,7,0,0,25,0,0,0
20190421,서울특별시,11,강북구,11305,충청남도,44,0,0,0,0,13,0,0,46,0,0,0
20190421,서울특별시,11,강북구,11305,전라북도,45,0,0,0,0,0,0,0,28,0,0,0
20190421,서울특별시,11,강북구,11305,전라남도,46,0,0,0,0,11,0,0,20,0,0,0
20190421,서울특별시,11,강북구,11305,경상북도,47,0,0,0,0,11,0,0,33,0,0,0
20190421,서울특별시,11,강북구,11305,경상남도,48,0,0,0,0,6,0,0,51,0,3,0
20190421,서울특별시,11,강북구,11305,제주특별자치도,50,0,0,0,0,0,0,0,5,0,0,0
20190421,서울특별시,11,송파구,11710,전라남도,46,0,7,41,0,24,0,9,33,0,0,0
20190421,서울특별시,11,송파구,11710,경상북도,47,3,7,21,0,19,0,3,19,0,0,0
20190421,서울특별시,11,송파구,11710,경상남도,48,3,8,48,0,22,0,4,37,0,0,0
20190421,서울특별시,11,관악구,11620,제주특별자치도,50,0,0,0,0,0,0,0,0,0,0,0
20190421,서울특별시,11,관악구,11620,경상남도,48,0,0,0,0,0,0,0,0,0,0,0
20190421,서울특별시,11,관악구,11620,경상북도,47,0,0,0,0,0,0,0,0,0,0,0
20190421,서울특별시,11,관악구,11620,전라남도,46,0,0,0,0,3,0,0,0,0,0,0
20190421,서울특별시,11,관악구,11620,전라북도,45,0,0,0,0,0,0,0,0,0,0,0
20190421,서울특별시,11,관악구,11620,충청남도,44,0,0,0,0,0,0,0,0,0,0,0
20190421,서울특별시,11,관악구,11620,강원도,42,0,0,0,0,0,0,0,0,0,0,0
20190421,서울특별시,11,관악구,11620,경기도,41,4,7,0,0,7,0,0,0,0,0,0
20190421,서울특별시,11,관악구,11620,세종특별자치시,36,0,0,0,0,0,0,0,0,0,0,0
20190421,서울특별시,11,관악구,11620,대전광역시,30,0,0,0,0,0,0,0,0,0,0,0
20190421,서울특별시,11,구로구,11530,서울특별시,11,0,432,0,35,0,0,0,0,355,191,0
20190421,서울특별시,11,구로구,11530,부산광역시,26,0,73,0,0,0,0,0,0,111,33,0
20190421,서울특별시,11,구로구,11530,대구광역시,27,0,55,0,0,0,0,0,0,66,22,0
20190421,서울특별시,11,구로구,11530,인천광역시,28,0,115,0,10,0,0,0,0,60,38,0
20190421,서울특별시,11,구로구,11530,광주광역시,29,0,44,0,0,0,0,0,0,41,24,0
20190421,서울특별시,11,구로구,11530,대전광역시,30,0,48,0,4,0,0,0,0,47,26,0
20190421,서울특별시,11,구로구,11530,울산광역시,31,0,26,0,0,0,0,0,0,26,11,0
20190421,서울특별시,11,구로구,11530,세종특별자치시,36,0,14,0,0,0,0,0,0,18,11,0
20190421,서울특별시,11,구로구,11530,경기도,41,0,493,0,25,0,0,0,0,412,181,0
20190421,서울특별시,11,구로구,11530,강원도,42,0,37,0,3,0,0,0,0,53,14,0
20190421,서울특별시,11,구로구,11530,충청북도,43,0,48,0,0,0,0,0,0,42,23,0
20190421,서울특별시,11,구로구,11530,충청남도,44,0,57,0,0,0,0,0,0,64,29,0
20190421,서울특별시,11,구로구,11530,전라북도,45,0,44,0,5,0,0,0,0,53,17,0
20190421,서울특별시,11,구로구,11530,전라남도,46,0,42,0,3,0,0,0,0,47,12,0
20190421,서울특별시,11,구로구,11530,경상북도,47,0,67,0,0,0,0,0,0,55,29,0
20190421,서울특별시,11,구로구,11530,경상남도,48,0,63,0,8,0,0,0,0,104,39,0
20190421,서울특별시,11,구로구,11530,제주특별자치도,50,0,10,0,0,0,0,0,0,14,0,0
20190421,서울특별시,11,관악구,11620,광주광역시,29,0,0,0,0,0,0,0,0,0,0,0
20190421,서울특별시,11,관악구,11620,인천광역시,28,3,0,0,0,4,0,0,0,0,0,0
20190421,서울특별시,11,관악구,11620,대구광역시,27,0,0,0,0,0,0,0,0,0,0,0
20190421,서울특별시,11,관악구,11620,부산광역시,26,0,0,0,0,0,0,0,0,0,3,0
20190421,서울특별시,11,노원구,11350,제주특별자치도,50,0,0,0,0,0,0,0,0,3,0,0
20190421,서울특별시,11,금천구,11545,경상남도,48,0,0,0,0,0,0,5,0,0,0,0
20190421,서울특별시,11,금천구,11545,경상북도,47,0,0,0,0,0,0,6,0,0,0,0
20190421,서울특별시,11,금천구,11545,전라남도,46,0,0,0,0,0,0,0,0,0,0,0
20190421,서울특별시,11,금천구,11545,전라북도,45,0,0,0,0,0,0,3,0,0,0,0
20190421,서울특별시,11,금천구,11545,충청북도,43,0,0,0,0,0,0,0,0,0,0,0
20190421,서울특별시,11,금천구,11545,강원도,42,0,0,0,0,0,0,3,0,0,0,0
20190421,서울특별시,11,금천구,11545,경기도,41,21,15,0,7,15,0,31,3,5,0,0
20190421,서울특별시,11,금천구,11545,세종특별자치시,36,0,0,0,0,0,0,0,0,0,0,0
20190421,서울특별시,11,금천구,11545,울산광역시,31,0,0,0,0,0,0,0,0,0,0,0
20190421,서울특별시,11,금천구,11545,대전광역시,30,0,0,0,0,0,0,0,0,0,0,0
20190421,서울특별시,11,금천구,11545,광주광역시,29,0,0,0,0,0,0,0,0,0,0,0
20190421,서울특별시,11,금천구,11545,인천광역시,28,0,0,0,0,0,0,4,0,0,0,0
20190421,서울특별시,11,금천구,11545,대구광역시,27,0,0,0,0,0,0,0,0,0,0,0
20190421,서울특별시,11,금천구,11545,부산광역시,26,0,0,0,0,0,0,3,0,0,0,0
20190421,서울특별시,11,금천구,11545,서울특별시,11,48,48,0,28,54,0,53,12,9,9,3
20190421,서울특별시,11,성북구,11290,제주특별자치도,50,0,0,7,0,0,0,0,0,4,6,3
20190421,서울특별시,11,성북구,11290,경상남도,48,0,10,15,4,4,9,0,4,27,25,8
20190421,서울특별시,11,성북구,11290,경상북도,47,0,9,12,0,0,5,0,3,17,11,3
20190421,서울특별시,11,성북구,11290,전라남도,46,0,3,8,0,0,5,0,0,9,7,4
20190421,서울특별시,11,성북구,11290,전라북도,45,0,0,3,0,0,5,0,0,14,9,8
20190421,서울특별시,11,성북구,11290,충청남도,44,0,6,13,0,5,7,0,0,20,21,8
20190421,서울특별시,11,성북구,11290,충청북도,43,0,3,9,3,4,3,0,0,10,12,0
20190421,서울특별시,11,성북구,11290,강원도,42,0,3,5,3,0,4,0,0,14,9,4
20190421,서울특별시,11,성북구,11290,경기도,41,4,45,89,13,17,29,57,14,143,89,46
20190421,서울특별시,11,성북구,11290,세종특별자치시,36,0,0,3,0,0,0,0,0,0,0,0
20190421,서울특별시,11,성북구,11290,울산광역시,31,0,0,13,0,0,3,0,0,12,0,4
20190421,서울특별시,11,성북구,11290,대전광역시,30,0,6,5,3,0,6,0,0,10,11,5
20190421,서울특별시,11,성북구,11290,광주광역시,29,0,7,13,4,0,0,0,0,13,3,3
20190421,서울특별시,11,성북구,11290,인천광역시,28,0,5,14,3,6,3,11,3,30,18,9
20190421,서울특별시,11,성북구,11290,대구광역시,27,0,3,21,3,3,6,0,0,22,18,7
20190421,서울특별시,11,성북구,11290,부산광역시,26,0,5,23,0,0,8,0,0,35,32,11
20190421,서울특별시,11,성북구,11290,서울특별시,11,0,25,151,23,23,24,16,8,91,91,48
20190421,서울특별시,11,동작구,11590,부산광역시,26,0,0,0,0,0,0,0,0,0,0,0
20190421,서울특별시,11,동작구,11590,대구광역시,27,0,0,0,0,0,0,0,0,0,0,0
20190421,서울특별시,11,동작구,11590,울산광역시,31,0,0,0,0,0,0,0,0,0,0,0
20190421,서울특별시,11,동작구,11590,경기도,41,0,0,0,0,0,0,0,0,0,0,0
20190421,서울특별시,11,동작구,11590,강원도,42,0,0,0,0,0,0,0,0,0,0,0
20190421,서울특별시,11,동작구,11590,충청남도,44,0,0,0,0,0,0,0,0,0,0,0
20190421,서울특별시,11,동작구,11590,전라북도,45,0,0,0,0,0,0,0,0,0,0,0
20190421,서울특별시,11,동작구,11590,전라남도,46,0,0,0,0,0,0,0,0,0,0,0
20190421,서울특별시,11,동작구,11590,경상북도,47,0,0,0,0,0,0,0,0,0,0,0
20190421,서울특별시,11,동작구,11590,경상남도,48,0,3,0,0,0,0,0,0,0,0,0
20190421,서울특별시,11,은평구,11380,경상남도,48,0,0,0,0,0,0,0,0,0,0,0
20190421,서울특별시,11,은평구,11380,경기도,41,0,0,0,0,0,0,0,0,0,0,0
20190421,서울특별시,11,강서구,11500,제주특별자치도,50,0,0,0,0,0,0,0,0,0,0,0
20190421,서울특별시,11,강서구,11500,경상남도,48,16,0,0,40,22,0,61,0,502,82,169
20190421,서울특별시,11,강서구,11500,경상북도,47,25,0,0,69,41,5,94,4,961,161,325
20190421,서울특별시,11,강서구,11500,전라남도,46,15,0,0,38,19,3,51,0,565,109,165
20190421,서울특별시,11,강서구,11500,전라북도,45,19,0,0,24,15,0,41,4,338,51,108
20190421,서울특별시,11,강서구,11500,충청남도,44,14,0,0,57,35,4,78,6,801,164,458
20190421,서울특별시,11,강서구,11500,충청북도,43,14,0,0,37,20,3,34,0,559,90,162
20190421,서울특별시,11,강서구,11500,강원도,42,29,6,0,94,36,5,85,7,1349,238,411
20190421,서울특별시,11,강서구,11500,경기도,41,16,0,0,52,31,6,69,3,705,157,203
20190421,서울특별시,11,강서구,11500,세종특별자치시,36,0,0,0,3,0,0,10,0,67,17,17
20190421,서울특별시,11,강서구,11500,울산광역시,31,0,0,0,0,0,0,0,0,0,0,0
20190421,서울특별시,11,강서구,11500,대전광역시,30,0,0,0,0,0,0,0,0,0,0,0
20190421,서울특별시,11,강서구,11500,광주광역시,29,0,0,0,0,0,0,0,0,0,3,0
20190421,서울특별시,11,강서구,11500,인천광역시,28,0,0,0,0,0,0,0,0,0,0,0
20190421,서울특별시,11,강서구,11500,대구광역시,27,0,0,0,0,0,0,0,0,0,4,0
20190421,서울특별시,11,강서구,11500,부산광역시,26,0,0,0,0,0,0,0,0,0,6,0
20190421,서울특별시,11,강서구,11500,서울특별시,11,0,0,0,3,0,5,3,0,3,13,0
20190421,서울특별시,11,동대문구,11230,서울특별시,11,0,0,0,0,0,0,0,0,0,0,0
20190421,서울특별시,11,동대문구,11230,부산광역시,26,0,0,0,0,0,0,0,0,0,0,0
20190421,서울특별시,11,동대문구,11230,전라남도,46,0,0,0,0,0,0,0,0,0,0,0
20190421,서울특별시,11,강남구,11680,경상남도,48,0,0,0,0,0,0,0,0,0,0,0
20190421,서울특별시,11,강남구,11680,전라북도,45,0,0,0,0,0,0,0,0,0,0,0
20190421,서울특별시,11,강남구,11680,충청남도,44,0,0,0,0,0,0,0,0,0,0,0
20190421,서울특별시,11,강남구,11680,충청북도,43,0,0,0,0,0,0,0,0,0,0,0
20190421,서울특별시,11,강남구,11680,강원도,42,0,0,0,0,0,0,0,0,0,0,0
20190421,서울특별시,11,강남구,11680,경기도,41,0,6,5,3,0,0,0,0,8,0,0
20190421,서울특별시,11,강남구,11680,세종특별자치시,36,0,0,0,0,0,0,0,0,0,0,0
20190421,서울특별시,11,강남구,11680,울산광역시,31,0,0,0,0,0,0,0,0,0,0,0
20190421,서울특별시,11,강남구,11680,대전광역시,30,0,0,0,0,0,0,0,0,0,0,0
20190421,서울특별시,11,강남구,11680,광주광역시,29,0,0,0,0,0,0,0,0,0,0,0
20190421,서울특별시,11,강남구,11680,인천광역시,28,0,0,0,0,0,0,0,0,0,0,0
20190421,서울특별시,11,강남구,11680,대구광역시,27,0,0,0,0,0,0,0,0,0,0,0
20190421,서울특별시,11,강남구,11680,부산광역시,26,0,0,0,0,0,0,0,0,4,0,0
20190421,서울특별시,11,강남구,11680,서울특별시,11,0,0,5,0,3,0,0,0,13,0,0
20190421,서울특별시,11,도봉구,11320,서울특별시,11,0,0,0,0,0,0,0,0,9,0,0
20190421,서울특별시,11,도봉구,11320,인천광역시,28,0,0,0,0,0,0,0,0,0,0,0
20190421,서울특별시,11,도봉구,11320,광주광역시,29,0,0,0,0,0,0,0,0,0,0,0
20190421,서울특별시,11,도봉구,11320,경기도,41,0,0,0,0,0,0,0,0,20,0,0
20190421,서울특별시,11,도봉구,11320,충청북도,43,0,0,0,0,0,0,0,0,0,0,0
20190421,서울특별시,11,도봉구,11320,충청남도,44,0,0,0,0,0,0,0,0,4,0,0
20190421,서울특별시,11,도봉구,11320,전라북도,45,0,0,0,0,0,0,0,0,0,0,0
20190421,서울특별시,11,도봉구,11320,전라남도,46,0,0,0,0,0,0,0,0,0,0,0
20190421,서울특별시,11,도봉구,11320,경상북도,47,0,0,0,0,0,0,0,0,0,0,0
20190421,서울특별시,11,도봉구,11320,경상남도,48,0,0,0,0,0,0,0,0,0,0,0
20190421,서울특별시,11,영등포구,11560,경기도,41,0,0,0,0,0,0,0,0,0,0,0
20190421,서울특별시,11,서초구,11650,서울특별시,11,0,52,0,8,36,0,293,3,26,25,0
20190421,서울특별시,11,서초구,11650,부산광역시,26,0,6,0,0,0,0,15,0,13,11,0
20190421,서울특별시,11,서초구,11650,대구광역시,27,0,3,0,0,3,0,6,0,8,6,0
20190421,서울특별시,11,서초구,11650,인천광역시,28,0,5,0,0,0,0,16,0,21,3,0
20190421,서울특별시,11,서초구,11650,광주광역시,29,0,0,0,0,0,0,0,0,12,0,0
20190421,서울특별시,11,서대문구,11410,서울특별시,11,0,0,0,0,3,0,0,0,0,0,0
20190421,서울특별시,11,서대문구,11410,대구광역시,27,0,0,0,0,0,0,0,0,0,0,0
20190421,서울특별시,11,서대문구,11410,경기도,41,0,0,0,0,4,0,0,0,0,0,0
20190421,서울특별시,11,서대문구,11410,충청북도,43,0,0,0,0,0,0,0,0,0,0,0
20190421,서울특별시,11,서대문구,11410,충청남도,44,0,0,0,0,0,0,0,0,0,0,0
20190421,서울특별시,11,서대문구,11410,경상북도,47,0,0,0,0,0,0,0,0,0,0,0
20190421,서울특별시,11,양천구,11470,경상북도,47,0,0,0,0,0,0,0,0,0,0,0
20190421,서울특별시,11,양천구,11470,전라남도,46,0,0,0,0,0,0,0,0,0,0,0
20190421,서울특별시,11,양천구,11470,경기도,41,0,4,0,0,0,0,0,0,0,0,0
20190421,서울특별시,11,양천구,11470,울산광역시,31,0,0,0,0,0,0,0,0,0,0,0
20190421,서울특별시,11,양천구,11470,인천광역시,28,0,0,0,0,0,0,0,0,0,0,0
20190421,서울특별시,11,양천구,11470,부산광역시,26,0,0,0,0,0,0,0,0,0,0,0
20190421,서울특별시,11,양천구,11470,서울특별시,11,0,3,0,0,0,0,0,0,5,0,0
20190421,서울특별시,11,중구,11140,경상남도,48,0,4,0,0,0,0,0,0,3,4,0
20190421,서울특별시,11,중구,11140,경상북도,47,0,7,0,0,0,0,0,0,3,0,0
20190421,서울특별시,11,중구,11140,전라남도,46,0,4,0,0,0,0,0,0,3,0,0
20190421,서울특별시,11,중구,11140,전라북도,45,0,3,0,0,0,0,0,0,0,3,0
20190421,서울특별시,11,중구,11140,충청남도,44,0,6,0,0,0,0,0,0,4,0,0
20190421,서울특별시,11,중구,11140,충청북도,43,0,3,0,0,0,0,0,0,5,0,0
20190421,서울특별시,11,중구,11140,강원도,42,0,3,0,0,0,0,0,0,0,0,0
20190421,서울특별시,11,중구,11140,경기도,41,0,27,0,14,3,0,0,0,14,8,0
20190421,서울특별시,11,중구,11140,세종특별자치시,36,0,0,0,0,0,0,0,0,0,0,0
20190421,서울특별시,11,중구,11140,울산광역시,31,0,3,0,3,0,0,0,0,0,0,0
20190421,서울특별시,11,중구,11140,대전광역시,30,0,4,0,3,0,0,0,0,0,0,0
20190421,서울특별시,11,중구,11140,광주광역시,29,0,0,0,0,0,0,0,0,0,0,0
20190421,서울특별시,11,중구,11140,인천광역시,28,0,6,0,0,0,0,0,0,4,0,0
20190421,서울특별시,11,중구,11140,대구광역시,27,0,3,0,0,0,0,0,0,0,0,0
20190421,서울특별시,11,중구,11140,부산광역시,26,0,3,0,3,0,0,0,0,5,0,0
20190421,서울특별시,11,중구,11140,서울특별시,11,0,175,0,0,6,0,6,0,10,5,0
20190421,서울특별시,11,노원구,11350,서울특별시,11,8,0,0,13,69,3,66,8,30,8,7
20190421,서울특별시,11,노원구,11350,부산광역시,26,0,4,0,0,0,0,0,0,11,3,3
20190421,서울특별시,11,노원구,11350,대구광역시,27,0,0,0,0,0,0,0,0,0,0,0
20190421,서울특별시,11,노원구,11350,인천광역시,28,0,0,0,0,7,0,13,3,4,0,0
20190421,서울특별시,11,노원구,11350,광주광역시,29,0,0,0,0,0,0,0,0,15,0,0
20190421,서울특별시,11,노원구,11350,울산광역시,31,0,0,0,0,0,0,0,0,0,0,0
20190421,서울특별시,11,노원구,11350,세종특별자치시,36,0,0,0,0,0,0,0,0,0,0,0
20190421,서울특별시,11,노원구,11350,경기도,41,0,0,0,3,15,0,24,4,13,0,4
20190421,서울특별시,11,노원구,11350,강원도,42,0,0,0,0,0,0,0,0,3,0,0
20190421,서울특별시,11,노원구,11350,충청북도,43,0,0,0,0,0,0,0,0,5,0,0
20190421,서울특별시,11,노원구,11350,충청남도,44,0,0,0,0,0,0,0,0,6,0,0
20190421,서울특별시,11,노원구,11350,전라북도,45,0,0,0,0,0,0,0,0,11,0,0
20190421,서울특별시,11,노원구,11350,전라남도,46,0,0,0,0,0,0,0,0,10,0,0
20190421,서울특별시,11,노원구,11350,경상북도,47,0,0,0,0,0,0,0,0,9,0,0
20190421,서울특별시,11,노원구,11350,경상남도,48,0,0,0,0,0,0,3,0,15,0,0
20190421,서울특별시,11,중랑구,11260,제주특별자치도,50,0,0,0,0,0,0,0,0,6,0,0
20190421,서울특별시,11,중랑구,11260,경상남도,48,0,6,0,3,8,4,0,3,56,5,0
20190422,서울특별시,11,은평구,11380,경기도,41,396,1894,264,527,1688,564,715,507,3711,1064,1651
20190422,서울특별시,11,은평구,11380,세종특별자치시,36,7,44,6,12,43,16,18,19,86,35,53
20190422,서울특별시,11,은평구,11380,울산광역시,31,17,137,22,39,131,44,63,38,259,85,135
20190422,서울특별시,11,은평구,11380,대전광역시,30,41,148,26,56,173,60,64,39,397,119,182
20190422,서울특별시,11,강북구,11305,광주광역시,29,7,155,5,29,83,9,20,83,480,122,9
20190422,서울특별시,11,강북구,11305,대전광역시,30,6,165,9,34,89,5,11,60,450,124,15
20190422,서울특별시,11,강북구,11305,울산광역시,31,10,108,9,27,53,8,19,54,327,74,9
20190422,서울특별시,11,강북구,11305,세종특별자치시,36,3,37,3,12,16,3,0,19,102,35,0
20190422,서울특별시,11,강북구,11305,경기도,41,129,1381,61,349,829,91,168,614,4287,1121,121
20190422,서울특별시,11,도봉구,11320,서울특별시,11,242,1847,444,1984,1284,206,1479,269,1816,1531,1990
20190422,서울특별시,11,도봉구,11320,부산광역시,26,58,525,92,544,350,54,414,82,545,434,668
20190422,서울특별시,11,도봉구,11320,대구광역시,27,52,375,93,363,242,29,271,61,448,329,481
20190422,서울특별시,11,도봉구,11320,인천광역시,28,74,486,71,476,380,41,373,78,499,452,619
20190422,서울특별시,11,도봉구,11320,광주광역시,29,26,241,58,234,174,21,176,40,279,257,287
20190422,서울특별시,11,도봉구,11320,대전광역시,30,26,262,59,253,170,22,182,42,263,241,300
20190422,서울특별시,11,도봉구,11320,울산광역시,31,28,168,47,189,116,19,156,29,252,199,219
20190422,서울특별시,11,도봉구,11320,세종특별자치시,36,14,71,10,63,40,5,27,12,58,53,65
20190422,서울특별시,11,도봉구,11320,경기도,41,335,2497,574,2560,1633,236,1665,345,2787,2104,2634
20190422,서울특별시,11,도봉구,11320,강원도,42,29,305,43,252,159,24,190,34,269,212,279
20190422,서울특별시,11,도봉구,11320,충청북도,43,30,278,49,250,198,39,184,39,281,266,307
20190422,서울특별시,11,도봉구,11320,충청남도,44,38,369,64,399,286,33,267,51,390,322,412
20190422,서울특별시,11,도봉구,11320,전라북도,45,35,245,61,241,183,22,169,30,292,230,310
20190422,서울특별시,11,도봉구,11320,전라남도,46,18,239,42,226,160,17,141,36,275,270,280
20190422,서울특별시,11,도봉구,11320,경상북도,47,55,390,67,375,285,34,234,43,467,333,459
20190422,서울특별시,11,도봉구,11320,경상남도,48,70,523,94,461,343,59,368,77,601,488,637
20190422,서울특별시,11,도봉구,11320,제주특별자치도,50,6,67,27,48,42,8,40,11,82,56,62
20190422,서울특별시,11,강북구,11305,강원도,42,12,114,12,32,74,11,17,68,442,99,9
20190422,서울특별시,11,강북구,11305,충청북도,43,13,160,6,36,104,11,14,67,531,136,14
20190422,서울특별시,11,강북구,11305,충청남도,44,12,225,10,32,130,11,33,92,696,190,17
20190422,서울특별시,11,강북구,11305,전라북도,45,4,152,11,49,78,10,21,66,537,100,11
20190422,서울특별시,11,강북구,11305,전라남도,46,13,138,10,34,71,7,13,68,469,111,17
20190422,서울특별시,11,강북구,11305,경상북도,47,17,222,10,56,154,11,26,99,662,165,15
20190422,서울특별시,11,강북구,11305,경상남도,48,14,308,11,60,156,13,39,134,915,197,22
20190422,서울특별시,11,강북구,11305,제주특별자치도,50,4,58,0,8,21,4,5,14,122,38,3
20190422,서울특별시,11,노원구,11350,서울특별시,11,152,952,207,313,951,161,399,318,2559,552,419
20190422,서울특별시,11,노원구,11350,부산광역시,26,24,243,39,90,205,42,89,90,686,155,101
20190422,서울특별시,11,노원구,11350,대구광역시,27,28,173,52,58,165,54,53,82,522,116,75
20190422,서울특별시,11,노원구,11350,인천광역시,28,50,259,60,75,244,55,109,96,664,149,127
20190422,서울특별시,11,노원구,11350,광주광역시,29,18,122,15,41,101,27,32,58,373,68,37
20190422,서울특별시,11,노원구,11350,대전광역시,30,17,111,21,46,107,12,48,70,351,53,50
20190422,서울특별시,11,노원구,11350,울산광역시,31,18,72,8,16,84,15,24,35,255,45,40
20190422,서울특별시,11,노원구,11350,세종특별자치시,36,0,32,5,18,32,9,19,15,133,14,13
20190422,서울특별시,11,노원구,11350,경기도,41,230,1223,206,391,1187,301,476,577,3608,671,577
20190422,서울특별시,11,중랑구,11260,세종특별자치시,36,17,90,9,34,104,10,46,31,168,81,66
20190422,서울특별시,11,중랑구,11260,경기도,41,532,3162,314,1401,3796,395,1996,848,6661,3017,2177
20190422,서울특별시,11,중랑구,11260,강원도,42,65,304,30,185,465,42,171,95,659,312,243
20190422,서울특별시,11,중랑구,11260,충청북도,43,54,352,45,198,452,48,200,87,755,361,256
20190422,서울특별시,11,노원구,11350,강원도,42,25,92,12,46,124,16,33,54,302,49,37
20190422,서울특별시,11,노원구,11350,충청북도,43,16,133,26,37,108,22,43,59,390,69,73
20190422,서울특별시,11,노원구,11350,충청남도,44,31,168,26,70,149,29,70,82,538,87,77
20190422,서울특별시,11,노원구,11350,전라북도,45,25,122,19,36,95,18,53,62,458,69,54
20190422,서울특별시,11,노원구,11350,전라남도,46,21,127,18,37,126,29,37,55,384,71,55
20190422,서울특별시,11,노원구,11350,경상북도,47,36,174,18,76,210,43,62,69,481,70,84
20190422,서울특별시,11,노원구,11350,경상남도,48,48,238,37,70,259,49,82,120,722,129,108
20190422,서울특별시,11,노원구,11350,제주특별자치도,50,5,53,8,9,18,4,15,14,71,17,8
20190422,서울특별시,11,송파구,11710,제주특별자치도,50,6,83,8,65,72,15,54,10,179,61,61
20190422,서울특별시,11,송파구,11710,경상남도,48,73,568,47,304,679,58,462,90,1042,313,415
20190422,서울특별시,11,송파구,11710,경상북도,47,41,467,46,254,463,46,316,81,697,205,309
20190422,서울특별시,11,송파구,11710,전라남도,46,20,286,19,161,238,21,255,37,447,156,225
20190422,서울특별시,11,송파구,11710,전라북도,45,26,282,24,262,306,41,223,48,575,155,206
20190422,서울특별시,11,송파구,11710,충청남도,44,30,429,60,224,369,65,324,59,695,218,282
20190422,서울특별시,11,송파구,11710,충청북도,43,24,629,99,149,307,39,214,39,660,140,204
20190422,서울특별시,11,송파구,11710,강원도,42,23,313,34,151,273,55,233,37,486,141,181
20190422,서울특별시,11,송파구,11710,경기도,41,291,2804,325,1376,2656,374,3032,426,5314,1581,1823
20190422,서울특별시,11,은평구,11380,광주광역시,29,35,176,30,50,196,76,72,38,374,127,180
20190422,서울특별시,11,은평구,11380,인천광역시,28,35,377,61,121,369,108,179,107,753,243,381
20190422,서울특별시,11,은평구,11380,대구광역시,27,35,269,44,83,342,88,154,60,535,175,294
20190422,서울특별시,11,은평구,11380,부산광역시,26,56,406,66,112,397,110,153,93,725,263,418
20190422,서울특별시,11,은평구,11380,서울특별시,11,177,1281,194,480,1395,413,635,259,2540,756,1333
20190422,서울특별시,11,송파구,11710,세종특별자치시,36,11,73,5,23,62,9,67,18,118,40,41
20190422,서울특별시,11,송파구,11710,울산광역시,31,17,208,25,122,191,19,142,27,312,104,138
20190422,서울특별시,11,송파구,11710,대전광역시,30,19,296,31,152,363,30,229,47,524,178,179
20190422,서울특별시,11,중랑구,11260,충청남도,44,79,504,35,202,639,76,244,151,1009,523,316
20190422,서울특별시,11,송파구,11710,광주광역시,29,29,312,38,205,294,22,222,36,543,182,185
20190422,서울특별시,11,송파구,11710,인천광역시,28,63,618,53,349,545,60,598,74,949,318,390
20190422,서울특별시,11,송파구,11710,대구광역시,27,68,473,69,320,444,51,340,66,760,247,302
20190422,서울특별시,11,송파구,11710,부산광역시,26,61,560,54,380,565,58,512,68,1081,330,451
20190422,서울특별시,11,송파구,11710,서울특별시,11,226,2457,339,1150,1768,248,2766,256,4179,1272,1538
20190422,서울특별시,11,용산구,11170,서울특별시,11,295,2832,315,14641,1618,287,581,345,2578,1174,509
20190422,서울특별시,11,용산구,11170,부산광역시,26,74,742,44,3765,367,89,163,111,609,300,124
20190422,서울특별시,11,용산구,11170,대구광역시,27,57,536,35,2484,245,56,122,72,509,194,96
20190422,서울특별시,11,중랑구,11260,전라북도,45,56,344,36,156,402,41,190,78,720,382,250
20190422,서울특별시,11,서대문구,11410,서울특별시,11,69,832,387,341,1276,118,624,88,1184,299,437
20190422,서울특별시,11,서대문구,11410,부산광역시,26,20,200,79,89,382,32,226,37,275,89,145
20190422,서울특별시,11,서대문구,11410,대구광역시,27,15,117,49,66,257,16,138,28,204,52,94
20190422,서울특별시,11,서대문구,11410,인천광역시,28,19,180,47,66,390,17,220,43,284,67,120
20190422,서울특별시,11,서대문구,11410,광주광역시,29,8,76,29,33,208,10,70,27,159,58,85
20190422,서울특별시,11,서대문구,11410,대전광역시,30,9,104,22,37,187,12,100,18,145,39,62
20190422,서울특별시,11,서대문구,11410,울산광역시,31,7,63,21,25,141,9,78,31,91,26,56
20190422,서울특별시,11,서대문구,11410,세종특별자치시,36,3,19,4,8,49,4,24,6,37,10,16
20190422,서울특별시,11,서대문구,11410,경기도,41,79,891,205,392,1916,137,892,201,1522,410,600
20190422,서울특별시,11,서대문구,11410,강원도,42,10,94,24,36,189,8,80,24,138,25,80
20190422,서울특별시,11,서대문구,11410,충청북도,43,7,97,40,40,224,10,113,15,150,40,68
20190422,서울특별시,11,서대문구,11410,충청남도,44,15,126,37,57,329,18,149,25,200,40,114
20190422,서울특별시,11,서대문구,11410,전라북도,45,10,113,45,35,236,16,122,37,169,39,72
20190422,서울특별시,11,서대문구,11410,전라남도,46,8,73,78,36,208,14,101,25,131,45,72
20190422,서울특별시,11,서대문구,11410,경상북도,47,10,125,40,56,335,24,163,27,202,50,116
20190422,서울특별시,11,서대문구,11410,경상남도,48,37,151,55,73,470,32,241,47,324,75,167
20190422,서울특별시,11,서대문구,11410,제주특별자치도,50,0,27,13,10,46,6,16,4,40,14,25
20190422,서울특별시,11,동작구,11590,제주특별자치도,50,20,25,12,15,25,10,12,0,35,28,24
20190422,서울특별시,11,동작구,11590,경상남도,48,83,220,78,109,227,46,72,50,216,97,230
20190422,서울특별시,11,동작구,11590,경상북도,47,64,163,58,74,157,27,59,24,167,87,160
20190422,서울특별시,11,용산구,11170,인천광역시,28,75,719,43,3357,404,66,138,93,558,273,134
20190422,서울특별시,11,용산구,11170,광주광역시,29,31,297,25,1474,186,45,61,32,345,147,73
20190422,서울특별시,11,용산구,11170,대전광역시,30,42,379,22,1889,188,41,78,40,315,119,57
20190422,서울특별시,11,용산구,11170,울산광역시,31,29,267,11,1123,139,35,58,37,233,116,48
20190422,서울특별시,11,용산구,11170,세종특별자치시,36,5,82,5,446,53,4,19,10,85,47,13
20190422,서울특별시,11,용산구,11170,경기도,41,334,3306,286,16983,1914,395,693,410,3026,1353,568
20190422,서울특별시,11,용산구,11170,강원도,42,36,330,24,1527,151,51,69,26,238,137,52
20190422,서울특별시,11,용산구,11170,충청북도,43,41,390,25,1720,182,47,77,47,301,117,75
20190422,서울특별시,11,용산구,11170,충청남도,44,50,540,24,2481,280,51,88,58,399,192,94
20190422,서울특별시,11,용산구,11170,전라북도,45,27,349,19,1595,203,53,88,32,318,141,58
20190422,서울특별시,11,용산구,11170,전라남도,46,34,319,23,1634,183,31,70,31,281,101,55
20190422,서울특별시,11,용산구,11170,경상북도,47,64,569,32,2492,279,67,136,56,403,192,112
20190422,서울특별시,11,용산구,11170,경상남도,48,63,731,50,3220,365,101,142,82,569,280,125
20190422,서울특별시,11,동작구,11590,전라남도,46,36,92,41,30,94,22,37,18,94,48,81
20190422,서울특별시,11,동작구,11590,전라북도,45,43,94,48,32,104,19,52,24,131,52,92
20190422,서울특별시,11,동작구,11590,충청남도,44,64,146,45,68,143,30,66,39,156,90,125
20190422,서울특별시,11,동작구,11590,충청북도,43,47,108,49,67,100,19,55,24,123,69,95
20190422,서울특별시,11,동작구,11590,강원도,42,41,81,41,51,83,21,43,21,105,56,74
20190422,서울특별시,11,동작구,11590,경기도,41,379,1096,476,431,991,234,371,167,1382,679,998
20190422,서울특별시,11,동작구,11590,세종특별자치시,36,11,25,11,12,32,8,13,4,31,19,22
20190422,서울특별시,11,동작구,11590,울산광역시,31,34,99,38,40,83,26,27,12,77,40,76
20190422,서울특별시,11,동작구,11590,대전광역시,30,50,103,51,53,92,28,41,15,125,60,94
20190422,서울특별시,11,동작구,11590,광주광역시,29,48,110,45,36,80,20,30,24,116,58,97
20190422,서울특별시,11,동작구,11590,인천광역시,28,95,232,81,110,207,42,97,40,236,109,239
20190422,서울특별시,11,동작구,11590,대구광역시,27,54,156,76,61,126,40,56,31,174,86,160
20190422,서울특별시,11,동작구,11590,부산광역시,26,80,201,123,97,214,33,75,31,246,122,230
20190422,서울특별시,11,동작구,11590,서울특별시,11,338,858,498,393,722,139,364,121,1077,539,866
20190422,서울특별시,11,용산구,11170,제주특별자치도,50,16,105,9,473,49,8,22,13,92,61,19
20190422,서울특별시,11,광진구,11215,제주특별자치도,50,10,60,5,37,70,10,26,6,91,38,44
20190422,서울특별시,11,광진구,11215,경상남도,48,75,418,32,354,485,97,345,63,500,228,265
20190422,서울특별시,11,광진구,11215,경상북도,47,49,293,24,271,370,63,290,36,387,159,206
20190422,서울특별시,11,성북구,11290,서울특별시,11,472,4332,1197,2222,3816,547,2933,776,14797,6565,2943
20190422,서울특별시,11,성북구,11290,부산광역시,26,138,1150,216,594,1074,153,940,227,4310,1780,973
20190422,서울특별시,11,성북구,11290,대구광역시,27,68,859,234,411,705,115,580,165,3167,1304,665
20190422,서울특별시,11,성북구,11290,인천광역시,28,120,1156,165,599,1025,147,736,231,4197,1755,873
20190422,서울특별시,11,성북구,11290,광주광역시,29,50,569,154,294,494,77,362,116,2395,955,423
20190422,서울특별시,11,성북구,11290,대전광역시,30,65,568,144,288,523,92,387,114,2265,935,416
20190422,서울특별시,11,성북구,11290,울산광역시,31,39,419,83,223,391,46,284,86,1503,630,299
20190422,서울특별시,11,성북구,11290,세종특별자치시,36,11,132,33,72,110,20,95,40,546,212,107
20190422,서울특별시,11,성북구,11290,경기도,41,547,5309,1056,2764,4937,719,3622,1079,19784,7866,3747
20190422,서울특별시,11,성북구,11290,강원도,42,56,583,79,265,503,101,407,102,2218,904,379
20190422,서울특별시,11,성북구,11290,충청북도,43,61,593,94,316,504,98,417,130,2333,866,462
20190422,서울특별시,11,성북구,11290,충청남도,44,83,809,119,429,713,125,518,176,3164,1245,604
20190422,서울특별시,11,성북구,11290,전라북도,45,58,596,135,251,547,93,411,115,2388,875,433
20190422,서울특별시,11,성북구,11290,전라남도,46,61,596,116,253,495,73,380,108,2188,868,376
20190422,서울특별시,11,성북구,11290,경상북도,47,84,844,144,397,870,132,616,175,3193,1277,659
20190422,서울특별시,11,성북구,11290,경상남도,48,118,1126,223,602,1067,167,832,215,4156,1659,872
20190422,서울특별시,11,성북구,11290,제주특별자치도,50,13,180,72,74,167,37,83,36,720,297,93
20190422,서울특별시,11,동대문구,11230,제주특별자치도,50,35,108,10,36,105,7,86,31,258,56,26
20190422,서울특별시,11,동대문구,11230,경상남도,48,151,651,73,289,742,69,980,173,1520,398,377
20190422,서울특별시,11,강남구,11680,서울특별시,11,398,3879,661,1856,2079,270,2677,432,5963,2384,3276
20190422,서울특별시,11,강남구,11680,부산광역시,26,86,943,111,315,598,59,647,111,1271,578,961
20190422,서울특별시,11,강남구,11680,대구광역시,27,67,691,64,238,418,41,455,89,887,353,620
20190422,서울특별시,11,강남구,11680,인천광역시,28,84,724,75,341,507,65,572,112,1046,487,940
20190422,서울특별시,11,강남구,11680,광주광역시,29,27,335,39,179,251,23,237,53,532,271,384
20190422,서울특별시,11,강남구,11680,대전광역시,30,43,351,46,183,274,30,318,72,571,270,390
20190422,서울특별시,11,양천구,11470,제주특별자치도,50,14,17,3,23,49,5,33,3,34,16,53
20190422,서울특별시,11,양천구,11470,경상남도,48,109,302,40,203,629,80,289,71,182,182,370
20190422,서울특별시,11,양천구,11470,경상북도,47,83,222,28,164,455,55,185,44,156,122,303
20190422,서울특별시,11,양천구,11470,전라남도,46,38,151,23,97,285,40,148,41,105,93,167
20190422,서울특별시,11,양천구,11470,전라북도,45,54,162,18,91,286,48,126,23,114,81,183
20190422,서울특별시,11,양천구,11470,충청남도,44,70,192,35,149,414,58,180,38,151,142,265
20190422,서울특별시,11,양천구,11470,충청북도,43,39,182,34,112,325,56,150,37,115,83,213
20190422,서울특별시,11,양천구,11470,강원도,42,38,120,21,102,258,42,133,28,97,78,193
20190422,서울특별시,11,양천구,11470,경기도,41,421,1369,221,1008,2779,364,1353,296,1358,940,1708
20190422,서울특별시,11,양천구,11470,세종특별자치시,36,14,29,6,31,61,10,34,11,17,24,41
20190422,서울특별시,11,양천구,11470,울산광역시,31,27,101,13,51,212,35,86,22,79,53,135
20190422,서울특별시,11,양천구,11470,대전광역시,30,34,153,20,103,287,26,132,25,93,82,198
20190422,서울특별시,11,양천구,11470,광주광역시,29,41,146,21,98,286,31,124,23,114,83,188
20190422,서울특별시,11,양천구,11470,인천광역시,28,78,284,47,205,545,68,284,48,203,185,414
20190422,서울특별시,11,양천구,11470,대구광역시,27,66,216,28,158,440,57,191,46,150,143,337
20190422,서울특별시,11,양천구,11470,부산광역시,26,93,279,31,193,612,75,250,51,208,222,375
20190422,서울특별시,11,양천구,11470,서울특별시,11,298,1107,203,773,1804,255,995,173,873,645,1362
20190422,서울특별시,11,마포구,11440,제주특별자치도,50,12,118,34,45,76,3,70,12,179,116,20
20190422,서울특별시,11,마포구,11440,경상남도,48,86,757,148,308,592,32,524,128,716,651,158
20190422,서울특별시,11,마포구,11440,경상북도,47,42,530,112,241,398,24,369,77,550,503,114
20190422,서울특별시,11,마포구,11440,전라남도,46,31,335,53,201,276,5,251,49,291,311,86
20190422,서울특별시,11,마포구,11440,전라북도,45,24,422,78,151,281,11,247,46,461,391,91
20190422,서울특별시,11,마포구,11440,충청남도,44,45,481,97,198,418,24,400,75,593,519,141
20190422,서울특별시,11,마포구,11440,충청북도,43,23,414,73,146,279,16,290,55,440,391,87
20190422,서울특별시,11,마포구,11440,강원도,42,27,375,70,132,285,5,242,47,381,351,92
20190422,서울특별시,11,마포구,11440,경기도,41,265,3963,882,1547,2826,131,2622,556,3937,3222,915
20190422,서울특별시,11,마포구,11440,세종특별자치시,36,4,103,29,48,66,3,59,25,113,78,12
20190422,서울특별시,11,마포구,11440,울산광역시,31,23,243,53,92,223,10,196,36,277,243,60
20190422,서울특별시,11,마포구,11440,대전광역시,30,28,412,85,178,323,17,284,65,436,420,78
20190422,서울특별시,11,마포구,11440,광주광역시,29,19,377,92,139,268,16,233,62,431,428,99
20190422,서울특별시,11,마포구,11440,인천광역시,28,54,793,153,301,552,24,601,111,714,705,191
20190422,서울특별시,11,마포구,11440,대구광역시,27,36,538,114,207,430,20,365,93,595,586,132
20190422,서울특별시,11,마포구,11440,부산광역시,26,54,778,176,337,578,32,609,111,814,737,193
20190422,서울특별시,11,마포구,11440,서울특별시,11,216,3527,821,1282,2186,116,2228,414,3826,2881,766
20190422,서울특별시,11,강남구,11680,울산광역시,31,32,270,31,107,214,28,228,50,445,172,343
20190422,서울특별시,11,강남구,11680,세종특별자치시,36,9,92,20,43,82,0,75,18,118,62,79
20190422,서울특별시,11,강남구,11680,경기도,41,430,3901,539,1859,2604,358,2882,635,5918,2395,3457
20190422,서울특별시,11,강남구,11680,강원도,42,32,308,44,173,224,27,297,68,495,218,354
20190422,서울특별시,11,강남구,11680,충청북도,43,54,308,68,153,241,21,265,70,601,208,395
20190422,서울특별시,11,강남구,11680,충청남도,44,47,493,43,213,344,36,363,93,726,366,491
20190422,서울특별시,11,중구,11140,서울특별시,11,573,3325,425,527,2081,484,687,240,7228,1978,267
20190422,서울특별시,11,중구,11140,부산광역시,26,110,800,118,110,618,127,191,59,1851,532,82
20190422,서울특별시,11,중구,11140,대구광역시,27,76,554,85,77,389,99,108,44,1280,368,60
20190422,서울특별시,11,중구,11140,인천광역시,28,125,600,87,116,510,117,187,54,1552,419,76
20190422,서울특별시,11,중구,11140,광주광역시,29,53,411,56,62,215,75,86,27,952,277,33
20190422,서울특별시,11,중랑구,11260,전라남도,46,60,338,28,147,417,37,181,81,627,364,201
20190422,서울특별시,11,중랑구,11260,경상북도,47,103,491,50,241,680,66,289,146,1057,495,380
20190422,서울특별시,11,중랑구,11260,경상남도,48,109,610,67,300,854,90,383,162,1335,678,498
20190422,서울특별시,11,강남구,11680,전라북도,45,43,319,36,162,257,26,255,58,611,240,374
20190422,서울특별시,11,강남구,11680,전라남도,46,35,294,26,150,218,28,269,58,447,213,347
20190422,서울특별시,11,강남구,11680,경상북도,47,63,560,69,201,379,58,387,98,691,364,600
20190422,서울특별시,11,강남구,11680,경상남도,48,79,721,74,304,552,62,521,124,888,439,810
20190422,서울특별시,11,강남구,11680,제주특별자치도,50,56,118,20,59,77,11,85,18,221,80,132
20190422,서울특별시,11,동대문구,11230,경상북도,47,104,558,43,204,580,70,770,117,1116,301,270
20190422,서울특별시,11,동대문구,11230,전라남도,46,66,336,32,153,339,32,479,77,731,199,163
20190422,서울특별시,11,동대문구,11230,전라북도,45,101,349,30,161,372,35,453,77,879,199,156
20190422,서울특별시,11,동대문구,11230,충청남도,44,125,463,41,210,483,51,701,107,1123,283,258
20190422,서울특별시,11,동대문구,11230,충청북도,43,89,375,33,146,355,37,479,77,802,214,170
20190422,서울특별시,11,동대문구,11230,강원도,42,98,330,36,123,388,31,478,66,690,186,163
20190422,서울특별시,11,동대문구,11230,경기도,41,851,3162,268,1382,3242,242,4248,712,7640,1804,1539
20190422,서울특별시,11,동대문구,11230,세종특별자치시,36,33,71,6,38,95,7,96,27,181,39,42
20190422,서울특별시,11,광진구,11215,전라남도,46,42,203,26,174,256,44,220,23,256,101,121
20190422,서울특별시,11,광진구,11215,전라북도,45,32,225,18,176,240,34,196,28,307,121,153
20190422,서울특별시,11,광진구,11215,충청남도,44,72,318,20,251,367,60,305,29,378,149,122
20190422,서울특별시,11,광진구,11215,충청북도,43,50,240,18,198,264,46,171,33,287,117,132
20190422,서울특별시,11,중랑구,11260,제주특별자치도,50,19,76,9,34,85,7,40,18,192,79,51
20190422,서울특별시,11,서초구,11650,서울특별시,11,647,3924,1001,895,1643,438,2366,238,1703,822,1415
20190422,서울특별시,11,서초구,11650,부산광역시,26,133,840,196,193,482,99,546,50,344,240,364
20190422,서울특별시,11,서초구,11650,대구광역시,27,112,593,129,147,309,79,404,43,248,143,278
20190422,서울특별시,11,서초구,11650,인천광역시,28,123,698,179,199,451,109,452,59,332,212,390
20190422,서울특별시,11,서초구,11650,광주광역시,29,61,411,129,99,203,50,276,31,166,85,141
20190422,서울특별시,11,서초구,11650,대전광역시,30,71,417,71,124,240,50,216,20,167,98,157
20190422,서울특별시,11,서초구,11650,울산광역시,31,66,280,52,83,138,33,144,21,132,80,145
20190422,서울특별시,11,서초구,11650,세종특별자치시,36,28,88,16,19,56,10,48,9,36,21,32
20190422,서울특별시,11,서초구,11650,경기도,41,597,4000,948,994,2077,542,2428,293,2197,1045,1675
20190422,서울특별시,11,서초구,11650,강원도,42,45,328,84,98,185,61,272,26,133,110,164
20190422,서울특별시,11,서초구,11650,충청북도,43,59,336,84,111,205,55,254,26,189,81,152
20190422,서울특별시,11,서초구,11650,충청남도,44,87,577,99,146,308,74,339,58,201,139,263
20190422,서울특별시,11,서초구,11650,전라북도,45,73,350,73,93,199,59,242,29,179,97,155
20190422,서울특별시,11,서초구,11650,전라남도,46,41,277,76,101,209,71,251,12,127,103,155
20190422,서울특별시,11,서초구,11650,경상북도,47,94,505,109,148,308,95,325,37,223,144,272
20190422,서울특별시,11,서초구,11650,경상남도,48,105,620,135,186,435,126,502,53,317,192,378
20190422,서울특별시,11,서초구,11650,제주특별자치도,50,17,119,30,29,51,22,69,5,67,29,66
20190422,서울특별시,11,구로구,11530,제주특별자치도,50,9,64,6,29,102,11,39,34,72,34,73
20190422,서울특별시,11,구로구,11530,경상남도,48,44,435,39,192,641,52,314,96,456,204,644
20190422,서울특별시,11,중구,11140,대전광역시,30,63,394,63,64,252,67,96,30,866,256,32
20190422,서울특별시,11,중구,11140,울산광역시,31,35,211,22,35,161,58,64,36,586,168,21
20190422,서울특별시,11,중구,11140,세종특별자치시,36,35,87,24,16,53,21,30,9,217,67,8
20190422,서울특별시,11,중구,11140,경기도,41,646,3340,477,580,2638,665,838,308,7841,2165,372
20190422,서울특별시,11,중구,11140,강원도,42,79,311,30,67,260,64,91,29,736,208,32
20190422,서울특별시,11,중구,11140,충청북도,43,74,330,59,48,261,84,108,30,809,263,33
20190422,서울특별시,11,중구,11140,충청남도,44,104,433,51,90,355,90,106,50,1148,311,55
20190422,서울특별시,11,중구,11140,전라북도,45,66,325,38,60,271,78,105,23,959,251,39
20190422,서울특별시,11,중구,11140,전라남도,46,47,308,41,46,246,72,62,27,760,207,33
20190422,서울특별시,11,중구,11140,경상북도,47,81,512,55,94,424,113,124,41,1132,316,52
20190422,서울특별시,11,중구,11140,경상남도,48,104,637,78,116,523,150,179,74,1529,441,55
20190422,서울특별시,11,중구,11140,제주특별자치도,50,22,113,52,18,89,27,17,8,288,71,5
20190422,서울특별시,11,광진구,11215,강원도,42,62,216,20,207,311,37,196,29,257,111,106
20190422,서울특별시,11,광진구,11215,경기도,41,360,2143,172,1669,2328,356,1905,293,2687,1070,1287
20190422,서울특별시,11,광진구,11215,세종특별자치시,36,5,57,11,50,38,15,60,14,66,26,38
20190422,서울특별시,11,광진구,11215,울산광역시,31,24,170,16,134,181,33,137,24,212,89,86
20190422,서울특별시,11,광진구,11215,대전광역시,30,43,252,29,167,230,38,174,35,263,114,121
20190422,서울특별시,11,광진구,11215,광주광역시,29,36,220,39,191,214,36,186,24,279,122,119
20190422,서울특별시,11,동대문구,11230,울산광역시,31,63,226,22,107,250,18,362,57,554,150,134
20190422,서울특별시,11,동대문구,11230,대전광역시,30,85,349,29,134,325,30,473,82,869,206,181
20190422,서울특별시,11,동대문구,11230,광주광역시,29,69,337,30,112,324,31,457,82,812,212,170
20190422,서울특별시,11,동대문구,11230,인천광역시,28,191,689,79,301,710,49,889,175,1676,367,345
20190422,서울특별시,11,동대문구,11230,대구광역시,27,151,489,45,228,492,36,709,106,1209,301,287
20190422,서울특별시,11,동대문구,11230,부산광역시,26,173,709,49,298,637,30,1013,137,1530,442,351
20190422,서울특별시,11,동대문구,11230,서울특별시,11,813,2259,242,1016,2247,158,3100,418,5699,1524,1134
20190422,서울특별시,11,광진구,11215,인천광역시,28,85,413,35,401,443,74,337,61,522,231,259
20190422,서울특별시,11,광진구,11215,대구광역시,27,39,322,40,287,328,52,261,43,451,168,194
20190422,서울특별시,11,광진구,11215,부산광역시,26,64,419,46,368,489,70,402,66,584,238,276
20190422,서울특별시,11,광진구,11215,서울특별시,11,289,2025,177,1553,1913,248,1670,165,2259,979,1122
20190422,서울특별시,11,영등포구,11560,제주특별자치도,50,4,101,19,102,69,9,65,4,46,28,43
20190422,서울특별시,11,영등포구,11560,경상남도,48,37,606,235,766,549,36,391,46,320,168,279
20190422,서울특별시,11,영등포구,11560,경상북도,47,30,493,131,569,419,34,310,28,229,138,215
20190422,서울특별시,11,영등포구,11560,전라남도,46,12,334,87,407,243,14,137,8,155,86,120
20190422,서울특별시,11,영등포구,11560,전라북도,45,21,344,152,398,232,14,156,21,197,109,117
20190422,서울특별시,11,영등포구,11560,충청남도,44,28,464,151,536,376,35,246,12,188,137,189
20190422,서울특별시,11,영등포구,11560,충청북도,43,16,308,124,396,286,21,180,13,159,94,156
20190422,서울특별시,11,영등포구,11560,강원도,42,16,345,158,349,242,16,209,9,160,91,140
20190422,서울특별시,11,영등포구,11560,경기도,41,142,3567,1371,3685,2456,209,1711,215,1922,954,1253
20190422,서울특별시,11,영등포구,11560,세종특별자치시,36,3,71,44,104,88,0,43,4,38,17,30
20190422,서울특별시,11,영등포구,11560,울산광역시,31,15,294,77,273,175,18,125,12,120,68,83
20190422,서울특별시,11,영등포구,11560,대전광역시,30,8,308,150,407,284,15,164,25,148,101,133
20190422,서울특별시,11,영등포구,11560,광주광역시,29,11,313,148,381,230,10,157,16,182,101,136
20190422,서울특별시,11,영등포구,11560,인천광역시,28,40,655,212,810,497,28,356,29,324,178,291
20190422,서울특별시,11,관악구,11620,제주특별자치도,50,8,33,22,22,11,3,15,0,89,12,33
20190422,서울특별시,11,관악구,11620,경상남도,48,52,272,64,124,189,13,80,24,410,104,313
20190422,서울특별시,11,관악구,11620,경상북도,47,40,241,58,75,98,11,48,10,300,77,220
20190422,서울특별시,11,관악구,11620,전라남도,46,22,159,39,47,66,4,32,7,201,47,129
20190422,서울특별시,11,관악구,11620,전라북도,45,17,126,44,49,80,7,26,6,218,63,156
20190422,서울특별시,11,관악구,11620,충청남도,44,41,254,55,66,111,10,36,15,299,85,206
20190422,서울특별시,11,관악구,11620,충청북도,43,27,171,50,48,79,11,31,14,240,52,158
20190422,서울특별시,11,관악구,11620,강원도,42,23,137,39,58,87,10,31,9,208,56,134
20190422,서울특별시,11,관악구,11620,경기도,41,271,1414,364,560,860,97,330,88,2385,543,1311
20190422,서울특별시,11,관악구,11620,세종특별자치시,36,9,36,13,15,20,4,7,4,55,10,49
20190422,서울특별시,11,관악구,11620,울산광역시,31,17,95,22,47,71,3,20,8,174,36,119
20190422,서울특별시,11,관악구,11620,대전광역시,30,28,162,56,72,91,9,36,10,244,52,141
20190422,서울특별시,11,관악구,11620,광주광역시,29,34,135,44,56,88,4,15,4,225,48,116
20190422,서울특별시,11,관악구,11620,인천광역시,28,60,303,61,100,147,7,57,19,433,101,291
20190422,서울특별시,11,관악구,11620,대구광역시,27,49,226,64,79,123,7,41,14,358,87,259
20190422,서울특별시,11,관악구,11620,부산광역시,26,47,288,76,124,168,15,47,23,494,121,339
20190422,서울특별시,11,관악구,11620,서울특별시,11,206,1103,398,476,680,61,231,50,1873,415,1060
20190422,서울특별시,11,영등포구,11560,대구광역시,27,19,488,214,521,407,15,268,26,219,137,207
20190422,서울특별시,11,영등포구,11560,부산광역시,26,32,715,290,829,718,44,446,31,380,236,287
20190422,서울특별시,11,영등포구,11560,서울특별시,11,128,2578,788,3063,1928,126,1654,145,1361,880,933
20190422,서울특별시,11,강서구,11500,서울특별시,11,337,2594,567,1348,2664,303,3755,591,4021,1209,2027
20190422,서울특별시,11,강서구,11500,부산광역시,26,87,722,168,346,839,88,1152,193,1375,397,569
20190422,서울특별시,11,강서구,11500,대구광역시,27,68,515,124,227,569,67,664,113,998,247,448
20190422,서울특별시,11,종로구,11110,서울특별시,11,199,2584,453,472,903,81,360,164,1762,1118,308
20190422,서울특별시,11,종로구,11110,부산광역시,26,37,476,338,120,279,7,66,44,492,300,82
20190422,서울특별시,11,종로구,11110,대구광역시,27,37,375,45,87,169,12,45,45,375,195,63
20190422,서울특별시,11,종로구,11110,인천광역시,28,35,489,64,127,234,10,62,42,378,323,78
20190422,서울특별시,11,종로구,11110,광주광역시,29,13,207,37,59,118,6,32,25,282,177,28
20190422,서울특별시,11,종로구,11110,대전광역시,30,38,271,32,67,115,9,34,30,260,172,34
20190422,서울특별시,11,종로구,11110,울산광역시,31,25,153,32,44,104,3,28,21,173,107,28
20190422,서울특별시,11,종로구,11110,세종특별자치시,36,5,68,16,17,40,0,14,8,64,38,8
20190422,서울특별시,11,종로구,11110,경기도,41,212,2668,328,630,1257,90,526,300,2061,1527,339
20190422,서울특별시,11,종로구,11110,강원도,42,24,309,33,73,114,9,46,25,222,161,49
20190422,서울특별시,11,종로구,11110,충청북도,43,29,256,43,58,140,6,41,40,244,183,34
20190422,서울특별시,11,종로구,11110,충청남도,44,39,317,32,73,192,7,72,46,317,250,50
20190422,서울특별시,11,구로구,11530,경상북도,47,35,359,40,133,495,52,210,52,307,152,474
20190422,서울특별시,11,구로구,11530,전라남도,46,17,249,22,104,321,33,122,32,248,100,267
20190422,서울특별시,11,구로구,11530,전라북도,45,16,286,42,105,327,25,121,37,279,98,287
20190422,서울특별시,11,구로구,11530,충청남도,44,24,338,37,158,499,46,194,80,320,159,409
20190422,서울특별시,11,구로구,11530,충청북도,43,24,258,36,112,348,32,132,31,244,103,313
20190422,서울특별시,11,구로구,11530,강원도,42,21,248,29,97,293,38,126,19,195,105,264
20190422,서울특별시,11,구로구,11530,경기도,41,259,2347,293,971,3203,299,1069,298,2213,880,2609
20190422,서울특별시,11,구로구,11530,세종특별자치시,36,7,56,10,20,71,9,30,20,58,26,50
20190422,서울특별시,11,구로구,11530,울산광역시,31,17,160,24,85,231,29,102,32,181,50,245
20190422,서울특별시,11,구로구,11530,대전광역시,30,25,227,26,114,332,34,100,85,192,93,285
20190422,서울특별시,11,구로구,11530,광주광역시,29,22,204,29,100,292,24,109,37,224,98,272
20190422,서울특별시,11,구로구,11530,인천광역시,28,42,501,76,206,645,61,227,96,384,189,578
20190422,서울특별시,11,구로구,11530,대구광역시,27,27,346,36,169,480,45,188,56,296,132,503
20190422,서울특별시,11,구로구,11530,부산광역시,26,50,504,69,265,699,48,293,58,427,196,655
20190422,서울특별시,11,구로구,11530,서울특별시,11,210,1820,283,824,2628,187,742,194,1489,715,1943
20190422,서울특별시,11,종로구,11110,전라북도,45,21,289,28,55,127,3,50,48,268,165,43
20190422,서울특별시,11,종로구,11110,전라남도,46,19,256,29,58,118,4,50,32,237,171,38
20190422,서울특별시,11,종로구,11110,경상북도,47,33,396,48,103,203,7,52,54,319,243,43
20190422,서울특별시,11,종로구,11110,경상남도,48,56,434,74,126,285,13,80,74,450,314,64
20190422,서울특별시,11,종로구,11110,제주특별자치도,50,5,86,12,14,23,0,7,26,72,54,5
20190422,서울특별시,11,성동구,11200,서울특별시,11,264,4307,973,949,1828,546,1476,274,4868,1551,956
20190422,서울특별시,11,성동구,11200,부산광역시,26,78,1000,361,237,527,177,393,62,1133,328,208
20190422,서울특별시,11,성동구,11200,대구광역시,27,42,780,360,156,384,129,324,84,817,212,146
20190422,서울특별시,11,성동구,11200,인천광역시,28,71,946,274,206,478,152,409,88,1105,298,193
20190422,서울특별시,11,성동구,11200,광주광역시,29,31,485,193,125,269,75,241,45,560,159,102
20190422,서울특별시,11,성동구,11200,대전광역시,30,21,455,154,112,285,71,266,35,556,175,105
20190422,서울특별시,11,성동구,11200,울산광역시,31,20,379,180,87,175,66,180,28,357,90,79
20190422,서울특별시,11,성동구,11200,세종특별자치시,36,6,102,52,30,53,16,115,12,133,25,25
20190422,서울특별시,11,성동구,11200,경기도,41,287,4599,1431,1069,2330,781,1873,351,5593,1515,1042
20190422,서울특별시,11,성동구,11200,강원도,42,29,391,139,120,223,95,217,31,491,126,76
20190422,서울특별시,11,성동구,11200,충청북도,43,36,383,129,123,274,111,188,37,587,132,94
20190422,서울특별시,11,성동구,11200,충청남도,44,33,606,188,159,344,106,241,55,795,160,126
20190422,서울특별시,11,성동구,11200,전라북도,45,33,483,140,96,233,118,188,42,599,122,101
20190422,서울특별시,11,성동구,11200,전라남도,46,33,439,158,102,254,87,173,36,495,135,104
20190422,서울특별시,11,성동구,11200,경상북도,47,45,769,385,178,412,125,298,64,776,177,147
20190422,서울특별시,11,성동구,11200,경상남도,48,80,1022,488,208,486,182,425,94,1031,252,193
20190422,서울특별시,11,성동구,11200,제주특별자치도,50,8,145,24,30,56,38,37,12,191,53,29
20190422,서울특별시,11,강서구,11500,인천광역시,28,103,725,117,351,792,81,926,206,1293,302,587
20190422,서울특별시,11,강서구,11500,광주광역시,29,46,359,82,145,337,32,471,99,695,190,271
20190422,서울특별시,11,강서구,11500,대전광역시,30,45,328,85,154,375,40,537,128,677,172,248
20190422,서울특별시,11,강서구,11500,울산광역시,31,37,229,36,129,289,36,367,61,534,113,182
20190422,서울특별시,11,강서구,11500,세종특별자치시,36,10,117,13,48,99,11,101,29,159,41,78
20190422,서울특별시,11,강서구,11500,경기도,41,473,3476,645,1632,3689,467,4566,816,6459,1723,2730
20190422,서울특별시,11,강서구,11500,강원도,42,58,319,63,267,448,61,619,98,1126,277,610
20190422,서울특별시,11,강서구,11500,충청북도,43,54,411,73,230,431,40,543,84,973,213,414
20190422,서울특별시,11,강서구,11500,충청남도,44,73,485,91,290,587,82,632,149,1234,344,604
20190422,서울특별시,11,강서구,11500,전라북도,45,70,325,71,195,357,57,421,108,907,213,359
20190422,서울특별시,11,강서구,11500,전라남도,46,49,339,54,201,428,54,517,89,896,220,418
20190422,서울특별시,11,강서구,11500,경상북도,47,74,521,77,290,637,84,732,140,1339,324,667
20190422,서울특별시,11,강서구,11500,경상남도,48,89,753,101,331,859,102,987,177,1595,381,747
20190422,서울특별시,11,강서구,11500,제주특별자치도,50,19,85,17,48,93,11,84,27,237,48,61
20190422,서울특별시,11,중랑구,11260,서울특별시,11,413,2252,289,1150,2911,287,1604,544,4837,2310,1739
20190422,서울특별시,11,중랑구,11260,부산광역시,26,124,584,67,298,819,77,462,168,1317,734,523
20190422,서울특별시,11,강북구,11305,서울특별시,11,73,1007,80,287,591,54,129,435,2786,826,105
20190422,서울특별시,11,강북구,11305,부산광역시,26,24,304,22,71,160,17,33,131,816,231,17
20190422,서울특별시,11,강동구,11740,제주특별자치도,50,15,32,15,7,46,7,43,4,48,14,8
20190422,서울특별시,11,강동구,11740,경상남도,48,174,254,126,83,543,49,264,55,335,123,105
20190422,서울특별시,11,강동구,11740,경상북도,47,107,238,161,59,409,46,229,39,274,92,88
20190422,서울특별시,11,강동구,11740,전라남도,46,82,137,140,37,262,36,153,23,159,60,65
20190422,서울특별시,11,강동구,11740,전라북도,45,68,132,87,43,243,29,136,15,218,56,65
20190422,서울특별시,11,강동구,11740,충청남도,44,88,238,103,51,340,40,200,52,274,100,99
20190422,서울특별시,11,강동구,11740,충청북도,43,79,138,75,47,290,22,142,25,227,70,63
20190422,서울특별시,11,강동구,11740,강원도,42,74,117,71,45,270,33,153,19,170,66,46
20190422,서울특별시,11,강동구,11740,경기도,41,697,1452,731,419,2347,302,1445,254,2285,650,628
20190422,서울특별시,11,강동구,11740,세종특별자치시,36,15,30,35,9,61,4,32,7,50,16,15
20190422,서울특별시,11,강동구,11740,울산광역시,31,47,88,75,23,192,24,104,17,141,40,46
20190422,서울특별시,11,강동구,11740,대전광역시,30,88,127,107,35,244,20,151,26,207,69,61
20190422,서울특별시,11,강동구,11740,광주광역시,29,64,119,99,33,221,22,107,29,195,69,63
20190422,서울특별시,11,강동구,11740,인천광역시,28,135,291,169,63,486,41,367,58,419,154,120
20190422,서울특별시,11,강동구,11740,대구광역시,27,115,221,139,65,342,41,211,30,301,99,88
20190422,서울특별시,11,강동구,11740,부산광역시,26,128,271,150,81,496,46,357,53,447,151,126
20190422,서울특별시,11,강동구,11740,서울특별시,11,603,1169,582,363,1853,208,1403,162,1622,578,496
20190422,서울특별시,11,금천구,11545,제주특별자치도,50,22,116,39,128,105,43,77,19,101,82,115
20190422,서울특별시,11,금천구,11545,경상남도,48,200,771,136,890,1035,296,749,117,552,617,953
20190422,서울특별시,11,금천구,11545,경상북도,47,120,595,93,698,747,204,570,89,478,458,739
20190422,서울특별시,11,금천구,11545,전라남도,46,77,370,88,493,502,142,340,64,322,350,435
20190422,서울특별시,11,금천구,11545,전라북도,45,89,404,71,464,509,149,354,54,374,344,504
20190422,서울특별시,11,금천구,11545,충청남도,44,126,571,102,659,694,202,499,84,424,484,612
20190422,서울특별시,11,금천구,11545,충청북도,43,99,413,102,495,513,133,395,49,345,308,493
20190422,서울특별시,11,금천구,11545,강원도,42,110,396,76,446,473,132,300,46,272,328,434
20190422,서울특별시,11,금천구,11545,경기도,41,805,3944,801,4457,4896,1657,3256,536,3089,3062,4440
20190422,서울특별시,11,금천구,11545,세종특별자치시,36,28,96,20,126,136,128,88,22,117,79,112
20190422,서울특별시,11,금천구,11545,울산광역시,31,73,268,63,305,415,159,237,44,240,242,375
20190422,서울특별시,11,금천구,11545,대전광역시,30,94,439,82,475,486,155,379,39,358,349,502
20190422,서울특별시,11,금천구,11545,광주광역시,29,70,448,87,466,445,155,353,64,411,356,554
20190422,서울특별시,11,금천구,11545,인천광역시,28,163,809,168,929,1079,331,677,87,594,632,1024
20190422,서울특별시,11,금천구,11545,대구광역시,27,145,596,133,649,734,253,514,77,587,512,770
20190422,서울특별시,11,금천구,11545,부산광역시,26,168,823,155,894,1057,360,773,85,673,691,1144
20190422,서울특별시,11,금천구,11545,서울특별시,11,590,3354,625,3361,3803,2207,2595,346,2509,2569,3857
20190422,서울특별시,11,강북구,11305,대구광역시,27,20,213,8,44,100,10,24,73,696,189,11
20190422,서울특별시,11,강북구,11305,인천광역시,28,21,287,10,56,189,15,27,119,915,216,26
20190422,서울특별시,11,중랑구,11260,대구광역시,27,77,433,51,203,616,68,278,105,1027,529,357
20190422,서울특별시,11,중랑구,11260,인천광역시,28,104,702,67,310,781,84,426,159,1435,701,458
20190422,서울특별시,11,중랑구,11260,광주광역시,29,52,318,40,141,355,39,186,73,752,431,221
20190422,서울특별시,11,중랑구,11260,대전광역시,30,64,322,29,157,417,49,175,84,711,367,239
20190422,서울특별시,11,중랑구,11260,울산광역시,31,40,226,28,138,300,29,149,44,520,233,178
20190422,서울특별시,11,은평구,11380,제주특별자치도,50,10,48,11,13,32,29,16,6,158,46,42
20190422,서울특별시,11,은평구,11380,경상남도,48,61,383,71,119,337,130,144,106,751,265,349
20190422,서울특별시,11,은평구,11380,경상북도,47,44,307,61,78,309,104,133,80,548,215,248
20190422,서울특별시,11,은평구,11380,전라남도,46,22,195,34,54,152,47,53,48,372,126,161
20190422,서울특별시,11,은평구,11380,전라북도,45,15,194,40,45,181,68,89,65,467,111,179
20190422,서울특별시,11,은평구,11380,충청남도,44,22,284,37,82,243,67,115,67,516,168,236
20190422,서울특별시,11,은평구,11380,충청북도,43,15,198,27,74,155,57,82,70,392,120,164
20190422,서울특별시,11,은평구,11380,강원도,42,39,171,33,59,168,47,69,44,328,137,150
20190423,서울특별시,11,강북구,11305,경기도,41,70,964,125,202,475,37,91,535,2869,717,57
20190423,서울특별시,11,성북구,11290,제주특별자치도,50,11,101,45,50,78,16,45,31,554,245,90
20190423,서울특별시,11,성북구,11290,경상남도,48,83,778,204,372,615,100,563,140,3278,1326,527
20190423,서울특별시,11,성북구,11290,경상북도,47,28,522,127,299,435,79,435,111,2579,920,425
20190423,서울특별시,11,성북구,11290,전라남도,46,24,365,102,144,271,44,278,74,1757,616,248
20190423,서울특별시,11,성북구,11290,전라북도,45,35,389,70,175,295,45,267,79,1989,652,262
20190423,서울특별시,11,성북구,11290,충청남도,44,45,532,129,265,464,54,380,115,2583,857,325
20190423,서울특별시,11,성북구,11290,충청북도,43,26,404,85,190,324,55,274,77,1874,628,250
20190423,서울특별시,11,성북구,11290,강원도,42,32,339,96,163,295,48,245,66,1717,593,268
20190423,서울특별시,11,성북구,11290,경기도,41,304,4020,1000,1866,2769,479,2361,693,16266,5904,2319
20190423,서울특별시,11,성북구,11290,세종특별자치시,36,11,101,30,46,68,12,57,21,453,173,56
20190423,서울특별시,11,성북구,11290,울산광역시,31,24,245,57,138,228,38,176,52,1215,440,163
20190423,서울특별시,11,성북구,11290,대전광역시,30,34,419,82,168,289,30,275,64,1745,667,260
20190423,서울특별시,11,성북구,11290,광주광역시,29,32,367,90,171,271,61,263,79,1852,782,260
20190423,서울특별시,11,성북구,11290,인천광역시,28,60,788,150,456,612,93,489,149,3214,1347,545
20190423,서울특별시,11,성북구,11290,대구광역시,27,36,552,193,244,440,76,335,119,2531,1006,323
20190423,서울특별시,11,성북구,11290,부산광역시,26,62,835,243,404,660,82,603,119,3356,1320,567
20190423,서울특별시,11,성북구,11290,서울특별시,11,237,4207,1148,1505,2212,317,1884,457,12212,5064,1720
20190423,서울특별시,11,서대문구,11410,제주특별자치도,50,0,18,4,5,28,3,4,3,27,10,7
20190423,서울특별시,11,서대문구,11410,경상남도,48,35,123,81,46,302,14,114,46,251,56,84
20190423,서울특별시,11,서대문구,11410,경상북도,47,12,74,25,46,214,13,82,21,162,31,37
20190423,서울특별시,11,서대문구,11410,전라남도,46,0,52,12,20,134,6,65,14,108,26,40
20190423,서울특별시,11,서대문구,11410,전라북도,45,3,65,13,24,163,9,60,15,161,24,41
20190423,서울특별시,11,서대문구,11410,충청남도,44,15,82,11,21,244,8,100,25,172,37,57
20190423,서울특별시,11,서대문구,11410,충청북도,43,4,63,18,28,131,6,77,12,132,23,29
20190423,서울특별시,11,서대문구,11410,강원도,42,0,61,16,20,151,6,52,15,100,28,37
20190423,서울특별시,11,서대문구,11410,경기도,41,50,691,197,223,1242,107,493,125,1192,253,398
20190423,서울특별시,11,서대문구,11410,세종특별자치시,36,0,15,6,4,31,0,7,10,21,0,13
20190423,서울특별시,11,서대문구,11410,울산광역시,31,5,46,10,17,117,0,43,20,74,19,21
20190423,서울특별시,11,서대문구,11410,대전광역시,30,3,72,7,26,133,8,55,16,93,27,38
20190423,서울특별시,11,서대문구,11410,광주광역시,29,3,48,62,23,124,5,68,19,109,22,29
20190423,서울특별시,11,서대문구,11410,인천광역시,28,8,131,21,35,299,11,127,30,212,43,100
20190423,서울특별시,11,서대문구,11410,대구광역시,27,4,91,17,25,159,6,92,23,152,40,36
20190423,서울특별시,11,서대문구,11410,부산광역시,26,4,140,23,61,313,13,110,28,210,61,72
20190423,서울특별시,11,서대문구,11410,서울특별시,11,44,653,143,184,1061,61,409,80,865,215,280
20190423,서울특별시,11,관악구,11620,제주특별자치도,50,5,24,4,9,9,0,5,0,28,4,16
20190423,서울특별시,11,관악구,11620,경상남도,48,32,165,43,78,68,12,44,11,231,64,167
20190423,서울특별시,11,관악구,11620,경상북도,47,23,134,41,54,64,4,25,15,160,53,103
20190423,서울특별시,11,관악구,11620,전라남도,46,21,87,18,30,55,5,15,13,121,30,95
20190423,서울특별시,11,관악구,11620,전라북도,45,9,90,21,36,39,5,33,7,149,43,87
20190423,서울특별시,11,관악구,11620,충청남도,44,23,140,33,72,70,10,60,7,162,50,96
20190423,서울특별시,11,관악구,11620,충청북도,43,22,90,21,50,38,3,22,5,141,38,84
20190423,서울특별시,11,관악구,11620,강원도,42,14,101,24,32,38,0,15,6,131,28,60
20190423,서울특별시,11,관악구,11620,경기도,41,181,997,261,508,482,60,222,87,1463,352,813
20190423,서울특별시,11,관악구,11620,세종특별자치시,36,9,26,5,11,10,0,5,3,29,6,17
20190423,서울특별시,11,관악구,11620,울산광역시,31,14,58,10,27,22,4,18,4,84,20,67
20190423,서울특별시,11,관악구,11620,대전광역시,30,10,92,25,60,49,4,17,8,116,46,91
20190423,서울특별시,11,관악구,11620,광주광역시,29,11,88,22,64,44,0,16,10,137,29,98
20190423,서울특별시,11,관악구,11620,인천광역시,28,27,173,47,121,122,12,32,16,270,73,162
20190423,서울특별시,11,관악구,11620,대구광역시,27,20,122,27,87,59,3,30,15,186,52,148
20190423,서울특별시,11,관악구,11620,부산광역시,26,34,179,41,106,89,9,50,17,245,76,186
20190423,서울특별시,11,관악구,11620,서울특별시,11,125,807,640,421,334,30,180,91,1080,273,678
20190423,서울특별시,11,서초구,11650,제주특별자치도,50,9,120,30,21,44,9,44,8,30,13,48
20190423,서울특별시,11,서초구,11650,경상남도,48,75,469,81,122,282,47,256,37,271,152,177
20190423,서울특별시,11,서초구,11650,경상북도,47,43,351,84,128,201,39,243,22,180,104,138
20190423,서울특별시,11,서초구,11650,전라남도,46,31,253,67,82,142,23,136,23,116,61,87
20190423,서울특별시,11,서초구,11650,전라북도,45,35,299,63,65,152,19,137,22,146,77,89
20190423,서울특별시,11,서초구,11650,충청남도,44,76,381,68,120,217,35,175,45,189,120,152
20190423,서울특별시,11,서초구,11650,충청북도,43,30,242,81,64,144,25,132,17,143,76,86
20190423,서울특별시,11,서초구,11650,강원도,42,43,233,55,42,127,19,144,18,112,74,69
20190423,서울특별시,11,서초구,11650,경기도,41,356,3097,815,818,1588,252,1666,243,1775,866,875
20190423,서울특별시,11,서초구,11650,세종특별자치시,36,10,65,20,22,25,6,43,12,30,19,22
20190423,서울특별시,11,서초구,11650,울산광역시,31,55,179,39,60,89,26,105,10,103,46,67
20190423,서울특별시,11,서초구,11650,대전광역시,30,48,267,73,113,136,17,154,19,148,94,79
20190423,서울특별시,11,서초구,11650,광주광역시,29,35,270,98,70,124,13,109,14,133,86,79
20190423,서울특별시,11,서초구,11650,인천광역시,28,71,484,123,148,291,43,290,42,250,190,182
20190423,서울특별시,11,서초구,11650,대구광역시,27,55,430,110,142,249,33,206,29,213,106,155
20190423,서울특별시,11,서초구,11650,부산광역시,26,61,615,161,146,311,37,370,49,252,183,186
20190423,서울특별시,11,서초구,11650,서울특별시,11,288,2814,809,573,1412,160,1658,165,1399,717,731
20190423,서울특별시,11,노원구,11350,서울특별시,11,87,591,141,360,574,111,367,146,1782,327,291
20190423,서울특별시,11,노원구,11350,부산광역시,26,17,146,30,75,128,25,78,46,454,76,76
20190423,서울특별시,11,노원구,11350,대구광역시,27,15,100,24,45,96,23,30,46,352,44,54
20190423,서울특별시,11,노원구,11350,인천광역시,28,17,135,39,73,171,25,57,57,455,65,61
20190423,서울특별시,11,노원구,11350,광주광역시,29,9,66,10,37,59,14,23,21,250,37,26
20190423,서울특별시,11,노원구,11350,대전광역시,30,7,78,4,40,59,11,33,32,261,32,33
20190423,서울특별시,11,노원구,11350,울산광역시,31,12,39,4,23,40,21,16,18,166,17,31
20190423,서울특별시,11,노원구,11350,세종특별자치시,36,4,11,0,6,8,3,5,5,74,9,6
20190423,서울특별시,11,노원구,11350,경기도,41,105,838,147,347,754,173,321,266,2740,439,344
20190423,서울특별시,11,노원구,11350,강원도,42,13,57,10,23,51,16,34,25,224,32,25
20190423,서울특별시,11,노원구,11350,충청북도,43,11,65,18,43,61,21,33,33,279,36,34
20190423,서울특별시,11,노원구,11350,충청남도,44,10,87,12,43,90,13,37,43,388,42,60
20190423,서울특별시,11,노원구,11350,전라북도,45,8,62,12,38,56,14,35,37,319,44,29
20190423,서울특별시,11,노원구,11350,전라남도,46,15,66,10,18,53,8,47,22,245,37,24
20190423,서울특별시,11,노원구,11350,경상북도,47,14,75,13,50,108,22,40,38,362,46,49
20190423,서울특별시,11,노원구,11350,경상남도,48,34,138,16,76,130,32,40,39,451,86,58
20190423,서울특별시,11,노원구,11350,제주특별자치도,50,3,25,0,5,16,3,9,12,76,12,36
20190423,서울특별시,11,은평구,11380,제주특별자치도,50,31,22,7,7,14,12,15,5,105,30,12
20190423,서울특별시,11,은평구,11380,경상남도,48,70,257,32,67,182,67,87,60,601,161,141
20190423,서울특별시,11,은평구,11380,경상북도,47,50,200,23,45,131,56,90,47,466,129,109
20190423,서울특별시,11,은평구,11380,전라남도,46,61,103,12,32,84,23,46,24,327,96,63
20190423,서울특별시,11,은평구,11380,전라북도,45,45,124,23,24,80,42,54,24,353,92,56
20190423,서울특별시,11,은평구,11380,충청남도,44,72,183,22,42,140,47,87,51,390,123,107
20190423,서울특별시,11,은평구,11380,충청북도,43,45,122,15,26,99,37,46,31,331,70,71
20190423,서울특별시,11,은평구,11380,강원도,42,49,141,11,33,80,33,61,23,303,79,56
20190423,서울특별시,11,은평구,11380,경기도,41,224,1377,152,364,916,287,477,264,2933,701,748
20190423,서울특별시,11,은평구,11380,세종특별자치시,36,9,23,3,9,18,3,7,11,66,19,22
20190423,서울특별시,11,은평구,11380,울산광역시,31,33,89,8,15,68,27,29,15,242,42,48
20190423,서울특별시,11,은평구,11380,대전광역시,30,40,104,15,31,82,30,57,27,303,60,61
20190423,서울특별시,11,은평구,11380,광주광역시,29,41,119,11,27,91,32,55,24,282,77,69
20190423,서울특별시,11,은평구,11380,인천광역시,28,113,260,24,68,165,55,102,51,569,162,176
20190423,서울특별시,11,은평구,11380,대구광역시,27,59,166,28,39,119,41,94,43,419,132,149
20190423,서울특별시,11,은평구,11380,부산광역시,26,70,292,30,73,205,63,116,49,576,162,163
20190423,서울특별시,11,은평구,11380,서울특별시,11,373,1036,139,315,738,222,446,127,1863,526,604
20190423,서울특별시,11,강북구,11305,서울특별시,11,50,668,72,187,329,28,68,321,1928,558,44
20190423,서울특별시,11,강북구,11305,부산광역시,26,11,177,15,32,88,9,18,91,552,132,18
20190423,서울특별시,11,강북구,11305,대구광역시,27,12,140,18,24,78,7,12,79,424,110,4
20190423,서울특별시,11,강북구,11305,인천광역시,28,14,137,18,47,116,8,16,102,575,132,13
20190423,서울특별시,11,강북구,11305,광주광역시,29,6,100,10,18,79,7,8,57,295,56,5
20190423,서울특별시,11,강북구,11305,대전광역시,30,3,100,16,27,46,5,11,48,332,70,4
20190423,서울특별시,11,강북구,11305,울산광역시,31,9,58,5,8,39,5,6,44,176,43,4
20190423,서울특별시,11,강북구,11305,세종특별자치시,36,0,16,0,6,12,0,0,20,73,22,3
20190423,서울특별시,11,강북구,11305,강원도,42,6,82,12,18,45,5,8,48,287,91,3
20190423,서울특별시,11,강북구,11305,충청북도,43,5,94,12,21,48,7,5,51,326,87,5
20190423,서울특별시,11,강북구,11305,충청남도,44,8,140,19,28,79,7,11,91,474,111,6
20190423,서울특별시,11,강북구,11305,전라북도,45,6,101,10,20,56,7,9,68,337,61,7
20190423,서울특별시,11,강북구,11305,전라남도,46,13,103,8,16,53,11,11,62,317,58,5
20190423,서울특별시,11,강북구,11305,경상북도,47,14,161,11,23,84,8,17,72,431,118,13
20190423,서울특별시,11,강북구,11305,경상남도,48,13,198,17,38,95,9,18,122,585,138,10
20190423,서울특별시,11,강북구,11305,제주특별자치도,50,3,26,0,5,12,0,0,8,80,18,0
20190423,서울특별시,11,도봉구,11320,제주특별자치도,50,9,40,13,32,22,0,105,5,61,16,32
20190423,서울특별시,11,도봉구,11320,경상남도,48,20,324,62,237,169,26,617,59,419,181,407
20190423,서울특별시,11,도봉구,11320,경상북도,47,23,202,41,194,148,18,488,30,340,134,305
20190423,서울특별시,11,도봉구,11320,전라남도,46,8,122,29,122,88,16,328,24,217,95,190
20190423,서울특별시,11,도봉구,11320,전라북도,45,10,121,43,135,94,17,342,12,248,91,232
20190423,서울특별시,11,도봉구,11320,충청남도,44,23,222,33,195,127,23,519,33,302,135,264
20190423,서울특별시,11,도봉구,11320,충청북도,43,10,168,30,116,92,16,376,23,234,129,179
20190423,서울특별시,11,도봉구,11320,강원도,42,22,178,26,130,100,13,374,16,189,74,166
20190423,서울특별시,11,도봉구,11320,경기도,41,157,1546,363,1209,946,150,3062,241,2095,928,1746
20190423,서울특별시,11,도봉구,11320,세종특별자치시,36,0,31,9,27,17,4,65,10,23,16,42
20190423,서울특별시,11,도봉구,11320,울산광역시,31,10,93,27,97,51,16,239,10,166,60,145
20190423,서울특별시,11,도봉구,11320,대전광역시,30,11,124,32,132,101,11,362,28,193,95,195
20190423,서울특별시,11,도봉구,11320,광주광역시,29,14,134,36,140,90,9,336,26,209,95,185
20190423,서울특별시,11,도봉구,11320,인천광역시,28,34,293,51,250,211,29,688,49,367,193,358
20190423,서울특별시,11,도봉구,11320,대구광역시,27,29,218,44,191,127,23,467,29,302,137,289
20190423,서울특별시,11,도봉구,11320,부산광역시,26,41,318,82,289,219,30,738,53,406,187,379
20190423,서울특별시,11,도봉구,11320,서울특별시,11,97,1239,289,1142,726,114,2410,146,1325,633,1204
20190423,서울특별시,11,양천구,11470,제주특별자치도,50,7,25,0,13,36,3,22,5,9,11,37
20190423,서울특별시,11,양천구,11470,경상남도,48,58,159,19,107,308,60,200,33,126,151,186
20190423,서울특별시,11,양천구,11470,경상북도,47,38,130,18,66,280,44,107,37,77,71,141
20190423,서울특별시,11,양천구,11470,전라남도,46,19,70,15,57,159,28,66,14,58,73,83
20190423,서울특별시,11,양천구,11470,전라북도,45,25,79,11,53,170,24,62,14,82,48,87
20190423,서울특별시,11,양천구,11470,충청남도,44,32,141,17,76,264,46,133,16,86,80,104
20190423,서울특별시,11,양천구,11470,충청북도,43,31,90,14,51,166,36,98,20,86,71,104
20190423,서울특별시,11,양천구,11470,강원도,42,25,93,5,47,142,16,72,21,55,46,112
20190423,서울특별시,11,양천구,11470,경기도,41,261,1018,130,576,1581,268,807,157,1017,552,884
20190423,서울특별시,11,양천구,11470,세종특별자치시,36,6,21,0,8,43,8,18,8,12,20,23
20190423,서울특별시,11,양천구,11470,울산광역시,31,11,59,4,34,110,17,59,11,56,45,57
20190423,서울특별시,11,양천구,11470,대전광역시,30,18,97,6,79,167,41,90,7,79,52,80
20190423,서울특별시,11,양천구,11470,광주광역시,29,34,79,9,44,173,23,69,19,75,45,87
20190423,서울특별시,11,양천구,11470,인천광역시,28,49,167,31,137,327,49,151,32,105,96,231
20190423,서울특별시,11,양천구,11470,대구광역시,27,33,121,22,62,238,36,128,18,88,75,166
20190423,서울특별시,11,양천구,11470,부산광역시,26,53,194,21,148,323,35,188,39,109,130,199
20190423,서울특별시,11,양천구,11470,서울특별시,11,199,758,147,511,1129,185,595,93,568,343,715
20190423,서울특별시,11,강동구,11740,제주특별자치도,50,28,24,4,8,21,5,32,4,28,10,4
20190423,서울특별시,11,강동구,11740,경상남도,48,91,154,54,57,226,39,186,29,233,77,67
20190423,서울특별시,11,강동구,11740,경상북도,47,58,129,60,53,191,14,148,19,173,54,59
20190423,서울특별시,11,강동구,11740,전라남도,46,40,66,58,35,194,11,100,14,132,29,35
20190423,서울특별시,11,강동구,11740,전라북도,45,44,84,47,34,138,15,99,14,154,28,38
20190423,서울특별시,11,강동구,11740,충청남도,44,53,145,45,38,199,19,144,20,177,63,57
20190423,서울특별시,11,강동구,11740,충청북도,43,53,83,40,27,202,16,75,11,160,43,36
20190423,서울특별시,11,강동구,11740,강원도,42,42,86,39,32,141,17,107,9,112,38,29
20190423,서울특별시,11,강동구,11740,경기도,41,443,1004,359,291,1376,137,961,162,1538,474,380
20190423,서울특별시,11,강동구,11740,세종특별자치시,36,7,16,15,14,42,4,15,4,32,5,11
20190423,서울특별시,11,강동구,11740,울산광역시,31,52,60,28,22,75,12,46,10,96,28,23
20190423,서울특별시,11,강동구,11740,대전광역시,30,64,80,26,29,169,12,93,16,136,46,42
20190423,서울특별시,11,강동구,11740,광주광역시,29,47,80,40,31,121,12,70,18,132,43,38
20190423,서울특별시,11,강동구,11740,인천광역시,28,79,177,77,63,281,14,203,31,262,94,75
20190423,서울특별시,11,강동구,11740,대구광역시,27,71,121,53,30,160,38,147,18,178,69,48
20190423,서울특별시,11,강동구,11740,부산광역시,26,91,176,92,62,272,39,200,22,307,119,78
20190423,서울특별시,11,강동구,11740,서울특별시,11,340,780,368,283,1020,124,822,106,1146,405,311
20190423,서울특별시,11,중구,11140,서울특별시,11,354,2341,600,439,1765,263,594,138,5038,1191,328
20190423,서울특별시,11,중구,11140,부산광역시,26,64,558,148,114,432,79,147,38,1174,294,78
20190423,서울특별시,11,중구,11140,대구광역시,27,65,460,104,75,266,57,120,23,892,222,40
20190423,서울특별시,11,중구,11140,인천광역시,28,68,465,102,99,426,76,180,37,1074,266,44
20190423,서울특별시,11,중구,11140,광주광역시,29,19,306,81,64,176,41,77,17,701,132,14
20190423,서울특별시,11,중구,11140,대전광역시,30,59,257,69,50,197,39,58,18,585,171,50
20190423,서울특별시,11,중구,11140,울산광역시,31,25,140,37,33,122,40,48,13,388,92,24
20190423,서울특별시,11,중구,11140,세종특별자치시,36,8,67,44,10,49,14,35,8,121,46,14
20190423,서울특별시,11,중구,11140,경기도,41,395,2678,585,552,2073,455,753,210,5638,1455,293
20190423,서울특별시,11,중구,11140,강원도,42,33,243,69,53,187,43,78,10,521,132,20
20190423,서울특별시,11,중구,11140,충청북도,43,45,290,68,62,178,34,81,35,591,138,22
20190423,서울특별시,11,중구,11140,충청남도,44,70,359,70,76,295,75,113,26,780,181,44
20190423,서울특별시,11,중구,11140,전라북도,45,26,260,72,55,175,51,80,23,656,130,27
20190423,서울특별시,11,중구,11140,전라남도,46,45,296,54,63,265,51,88,29,532,123,17
20190423,서울특별시,11,중구,11140,경상북도,47,46,385,90,80,296,72,108,33,747,179,35
20190423,서울특별시,11,중구,11140,경상남도,48,68,515,113,116,386,113,146,39,1038,259,45
20190423,서울특별시,11,중구,11140,제주특별자치도,50,20,85,40,18,48,13,25,6,199,53,6
20190423,서울특별시,11,중랑구,11260,제주특별자치도,50,16,41,0,19,51,10,14,12,106,34,21
20190423,서울특별시,11,중랑구,11260,경상남도,48,81,394,41,179,443,68,308,109,853,399,233
20190423,서울특별시,11,중랑구,11260,경상북도,47,60,305,21,209,341,41,223,65,603,287,190
20190423,서울특별시,11,중랑구,11260,전라남도,46,40,172,29,66,208,25,117,60,396,192,103
20190423,서울특별시,11,중랑구,11260,전라북도,45,44,226,24,83,227,29,132,54,503,238,106
20190423,서울특별시,11,중랑구,11260,충청남도,44,70,286,15,146,305,45,179,69,613,317,146
20190423,서울특별시,11,중랑구,11260,충청북도,43,43,205,19,86,229,29,130,48,449,222,106
20190423,서울특별시,11,중랑구,11260,강원도,42,42,205,27,78,236,26,148,44,384,197,126
20190423,서울특별시,11,중랑구,11260,경기도,41,399,2055,235,809,2139,304,1389,522,4204,1843,1054
20190423,서울특별시,11,중랑구,11260,세종특별자치시,36,10,51,9,20,49,7,35,24,99,51,20
20190423,서울특별시,11,중랑구,11260,울산광역시,31,27,155,14,43,170,29,93,31,286,122,80
20190423,서울특별시,11,중랑구,11260,대전광역시,30,55,164,15,88,221,30,107,59,455,182,100
20190423,서울특별시,11,중랑구,11260,광주광역시,29,43,202,22,80,170,31,113,37,429,228,98
20190423,서울특별시,11,중랑구,11260,인천광역시,28,91,436,49,153,423,46,264,109,869,380,224
20190423,서울특별시,11,중랑구,11260,대구광역시,27,68,288,23,110,305,43,198,58,646,292,198
20190423,서울특별시,11,중랑구,11260,부산광역시,26,106,412,30,158,390,54,285,82,800,402,204
20190423,서울특별시,11,중랑구,11260,서울특별시,11,348,1442,147,688,1474,207,1054,320,2974,1404,797
20190423,서울특별시,11,강남구,11680,서울특별시,11,298,3343,934,1134,1475,210,1626,559,4802,1569,2480
20190423,서울특별시,11,구로구,11530,제주특별자치도,50,4,39,10,17,55,5,31,8,67,14,75
20190423,서울특별시,11,구로구,11530,경상남도,48,26,402,42,125,406,44,160,43,489,152,555
20190423,서울특별시,11,구로구,11530,경상북도,47,20,292,26,102,256,31,111,34,394,115,405
20190423,서울특별시,11,구로구,11530,전라남도,46,16,206,22,55,206,30,92,16,253,87,267
20190423,서울특별시,11,강남구,11680,부산광역시,26,61,664,97,185,367,48,365,119,1082,351,579
20190423,서울특별시,11,강남구,11680,대구광역시,27,43,443,60,120,217,36,255,98,720,214,350
20190423,서울특별시,11,강남구,11680,인천광역시,28,73,543,133,235,359,40,352,141,998,300,563
20190423,서울특별시,11,강남구,11680,광주광역시,29,25,252,36,61,149,24,153,42,505,141,258
20190423,서울특별시,11,강남구,11680,대전광역시,30,28,308,50,102,162,19,178,70,583,148,269
20190423,서울특별시,11,강남구,11680,울산광역시,31,20,191,25,50,121,15,119,41,317,94,215
20190423,서울특별시,11,강남구,11680,세종특별자치시,36,5,61,11,19,38,6,36,9,121,36,80
20190423,서울특별시,11,강남구,11680,경기도,41,311,3115,543,1124,1799,260,1781,591,5219,1426,2470
20190423,서울특별시,11,강남구,11680,강원도,42,18,237,42,73,155,21,160,58,444,128,243
20190423,서울특별시,11,강남구,11680,충청북도,43,30,241,34,89,177,23,169,61,487,135,242
20190423,서울특별시,11,강남구,11680,충청남도,44,35,294,57,115,238,26,238,68,706,183,383
20190423,서울특별시,11,강남구,11680,전라북도,45,38,215,25,86,122,18,133,48,588,153,233
20190423,서울특별시,11,강남구,11680,전라남도,46,33,189,29,72,155,15,149,62,356,132,197
20190423,서울특별시,11,강남구,11680,경상북도,47,31,343,48,94,214,29,256,87,581,178,355
20190423,서울특별시,11,강남구,11680,경상남도,48,49,458,59,140,346,41,320,128,753,280,453
20190423,서울특별시,11,강남구,11680,제주특별자치도,50,3,146,15,33,59,6,56,19,170,57,90
20190423,서울특별시,11,동대문구,11230,서울특별시,11,619,1506,183,602,1391,117,1600,494,4377,1020,607
20190423,서울특별시,11,동대문구,11230,부산광역시,26,112,443,43,124,465,38,486,139,1114,282,170
20190423,서울특별시,11,동대문구,11230,대구광역시,27,88,315,30,113,304,27,339,123,887,189,153
20190423,서울특별시,11,동대문구,11230,인천광역시,28,153,440,35,117,451,36,539,191,1218,254,172
20190423,서울특별시,11,동대문구,11230,광주광역시,29,60,238,21,57,174,17,195,75,531,141,86
20190423,서울특별시,11,동대문구,11230,대전광역시,30,70,207,19,71,205,16,229,83,589,137,99
20190423,서울특별시,11,동대문구,11230,울산광역시,31,38,136,18,40,172,20,145,52,379,79,63
20190423,서울특별시,11,동대문구,11230,세종특별자치시,36,20,58,5,15,50,12,58,39,114,31,29
20190423,서울특별시,11,동대문구,11230,경기도,41,687,2144,190,732,2125,192,2257,813,5705,1284,804
20190423,서울특별시,11,동대문구,11230,강원도,42,75,256,15,68,220,26,251,76,489,118,84
20190423,서울특별시,11,동대문구,11230,충청북도,43,77,241,18,76,220,15,232,90,575,145,78
20190423,서울특별시,11,동대문구,11230,충청남도,44,91,310,27,100,333,25,332,160,816,193,143
20190423,서울특별시,11,동대문구,11230,전라북도,45,70,281,16,90,235,23,254,119,593,122,106
20190423,서울특별시,11,동대문구,11230,전라남도,46,55,233,12,79,243,12,250,93,513,109,84
20190423,서울특별시,11,동대문구,11230,경상북도,47,88,342,27,97,368,31,368,115,796,183,125
20190423,서울특별시,11,동대문구,11230,경상남도,48,128,435,40,152,477,24,476,166,1090,249,200
20190423,서울특별시,11,동대문구,11230,제주특별자치도,50,34,54,7,15,45,0,35,23,167,37,22
20190423,서울특별시,11,구로구,11530,전라북도,45,9,229,26,81,158,28,83,14,250,73,230
20190423,서울특별시,11,구로구,11530,충청남도,44,25,320,36,117,265,38,117,23,329,105,350
20190423,서울특별시,11,구로구,11530,충청북도,43,22,219,22,79,184,22,105,10,246,103,281
20190423,서울특별시,11,구로구,11530,강원도,42,21,160,19,77,168,15,85,12,239,70,184
20190423,서울특별시,11,구로구,11530,경기도,41,162,1916,365,687,1828,198,697,187,2125,751,2090
20190423,서울특별시,11,구로구,11530,세종특별자치시,36,6,62,8,11,37,5,22,6,63,22,28
20190423,서울특별시,11,구로구,11530,울산광역시,31,12,128,17,47,137,10,68,29,151,61,170
20190423,서울특별시,11,구로구,11530,대전광역시,30,22,213,37,77,200,25,75,19,201,75,212
20190423,서울특별시,11,구로구,11530,광주광역시,29,10,182,26,74,177,19,67,20,232,86,246
20190423,서울특별시,11,구로구,11530,인천광역시,28,34,424,66,148,398,30,171,39,435,135,443
20190423,서울특별시,11,구로구,11530,대구광역시,27,21,308,38,95,278,22,128,17,310,121,389
20190423,서울특별시,11,구로구,11530,부산광역시,26,30,419,43,200,392,29,162,41,425,136,537
20190423,서울특별시,11,구로구,11530,서울특별시,11,149,1607,434,606,1414,117,547,127,1366,548,1386
20190423,서울특별시,11,강서구,11500,서울특별시,11,194,1781,392,869,1613,201,2537,303,3541,769,1109
20190423,서울특별시,11,강서구,11500,부산광역시,26,74,497,110,220,466,39,704,131,1191,225,308
20190423,서울특별시,11,강서구,11500,대구광역시,27,56,349,76,135,316,35,402,91,945,173,233
20190423,서울특별시,11,강서구,11500,인천광역시,28,77,488,75,215,429,58,609,130,1182,229,268
20190423,서울특별시,11,강서구,11500,광주광역시,29,30,203,53,112,188,22,284,55,610,121,139
20190423,서울특별시,11,강서구,11500,대전광역시,30,36,256,56,108,198,24,266,53,569,113,167
20190423,서울특별시,11,강서구,11500,울산광역시,31,23,176,34,63,159,18,223,60,433,65,97
20190423,서울특별시,11,강서구,11500,세종특별자치시,36,7,56,7,17,70,6,90,19,147,36,50
20190423,서울특별시,11,강서구,11500,경기도,41,306,2484,446,1033,2110,283,2993,526,5866,1043,1595
20190423,서울특별시,11,강서구,11500,강원도,42,35,227,41,122,251,30,383,54,931,166,320
20190423,서울특별시,11,강서구,11500,충청북도,43,37,233,59,106,236,35,352,64,846,153,245
20190423,서울특별시,11,강서구,11500,충청남도,44,68,317,68,160,330,39,489,107,1149,209,290
20190423,서울특별시,11,강서구,11500,전라북도,45,48,245,59,116,245,28,309,63,852,125,190
20190423,서울특별시,11,강서구,11500,전라남도,46,38,193,40,103,242,29,340,66,850,168,234
20190423,서울특별시,11,강서구,11500,경상북도,47,42,364,65,161,381,58,453,84,1235,196,360
20190423,서울특별시,11,강서구,11500,경상남도,48,72,452,75,165,488,54,626,148,1516,266,391
20190423,서울특별시,11,강서구,11500,제주특별자치도,50,13,84,17,24,64,8,41,16,227,28,58
20190423,서울특별시,11,용산구,11170,제주특별자치도,50,3,77,8,284,28,5,4,14,82,20,10
20190423,서울특별시,11,용산구,11170,경상남도,48,40,415,36,1834,234,42,84,71,456,155,81
20190423,서울특별시,11,용산구,11170,경상북도,47,27,371,18,1484,160,30,68,66,322,139,60
20190423,서울특별시,11,용산구,11170,전라남도,46,22,186,13,885,107,14,47,31,219,89,41
20190423,서울특별시,11,용산구,11170,전라북도,45,20,227,24,899,79,19,63,29,234,79,37
20190423,서울특별시,11,용산구,11170,충청남도,44,32,322,38,1443,146,40,69,47,300,120,54
20190423,서울특별시,11,용산구,11170,충청북도,43,17,234,19,1052,98,25,43,42,222,76,38
20190423,서울특별시,11,용산구,11170,강원도,42,22,187,15,853,117,16,38,22,180,75,29
20190423,서울특별시,11,용산구,11170,경기도,41,212,2305,270,9853,1202,256,410,347,2411,874,425
20190423,서울특별시,11,용산구,11170,세종특별자치시,36,5,44,7,262,25,3,6,11,54,18,7
20190423,서울특별시,11,용산구,11170,울산광역시,31,5,157,11,651,63,19,23,20,184,47,34
20190423,서울특별시,11,용산구,11170,대전광역시,30,15,230,30,1087,140,24,43,23,272,95,34
20190423,서울특별시,11,용산구,11170,광주광역시,29,12,216,22,891,99,20,33,32,294,80,45
20190423,서울특별시,11,용산구,11170,인천광역시,28,40,451,46,1960,244,41,77,61,423,172,106
20190423,서울특별시,11,용산구,11170,대구광역시,27,34,355,25,1567,145,42,91,51,394,140,54
20190423,서울특별시,11,용산구,11170,부산광역시,26,35,514,36,2111,230,32,91,70,475,179,92
20190423,서울특별시,11,용산구,11170,서울특별시,11,142,1973,295,8722,1085,137,412,237,2040,803,374
20190423,서울특별시,11,영등포구,11560,서울특별시,11,98,1629,253,1672,1101,125,1031,100,1094,437,447
20190423,서울특별시,11,영등포구,11560,부산광역시,26,23,383,59,457,329,41,276,30,281,133,137
20190423,서울특별시,11,영등포구,11560,대구광역시,27,17,319,40,275,211,34,204,23,190,70,83
20190423,서울특별시,11,영등포구,11560,인천광역시,28,22,385,48,422,281,41,253,37,252,117,123
20190423,서울특별시,11,영등포구,11560,광주광역시,29,11,206,123,216,115,24,111,12,151,53,52
20190423,서울특별시,11,영등포구,11560,대전광역시,30,8,226,26,224,257,18,119,11,119,54,54
20190423,서울특별시,11,영등포구,11560,울산광역시,31,7,152,16,155,95,13,124,7,98,29,38
20190423,서울특별시,11,영등포구,11560,세종특별자치시,36,7,41,9,60,39,3,34,4,30,12,15
20190423,서울특별시,11,영등포구,11560,경기도,41,121,2116,266,2037,1351,201,1230,111,1820,530,575
20190423,서울특별시,11,영등포구,11560,강원도,42,11,201,14,205,158,19,157,8,122,43,47
20190423,서울특별시,11,영등포구,11560,충청북도,43,8,169,27,227,167,17,136,18,155,42,63
20190423,서울특별시,11,영등포구,11560,충청남도,44,16,280,28,295,217,28,211,23,166,78,76
20190423,서울특별시,11,영등포구,11560,전라북도,45,11,175,27,187,295,20,131,12,155,54,54
20190423,서울특별시,11,영등포구,11560,전라남도,46,8,192,36,221,133,24,120,9,119,32,62
20190423,서울특별시,11,영등포구,11560,경상북도,47,23,334,28,313,240,45,210,16,202,70,89
20190423,서울특별시,11,영등포구,11560,경상남도,48,27,451,42,449,269,39,293,21,276,84,126
20190423,서울특별시,11,영등포구,11560,제주특별자치도,50,0,51,9,38,67,11,45,3,43,18,19
20190423,서울특별시,11,성동구,11200,제주특별자치도,50,8,104,19,31,35,15,23,7,120,33,14
20190423,서울특별시,11,성동구,11200,경상남도,48,30,578,218,166,210,69,221,94,707,152,108
20190423,서울특별시,11,성동구,11200,경상북도,47,15,433,141,99,200,57,150,40,463,119,95
20190423,서울특별시,11,성동구,11200,전라남도,46,14,289,72,67,100,40,89,27,364,94,54
20190423,서울특별시,11,성동구,11200,전라북도,45,15,261,50,74,119,47,100,23,397,64,50
20190423,서울특별시,11,성동구,11200,충청남도,44,20,430,98,149,178,58,153,46,533,129,80
20190423,서울특별시,11,성동구,11200,충청북도,43,9,300,86,79,117,46,112,15,384,88,50
20190423,서울특별시,11,성동구,11200,강원도,42,15,279,110,73,113,36,96,24,310,73,45
20190423,서울특별시,11,성동구,11200,경기도,41,182,3421,701,809,1414,367,987,263,4072,993,595
20190423,서울특별시,11,성동구,11200,세종특별자치시,36,4,69,18,24,26,7,27,11,95,26,13
20190423,서울특별시,11,성동구,11200,울산광역시,31,11,185,64,52,91,26,73,24,272,64,35
20190423,서울특별시,11,성동구,11200,대전광역시,30,18,312,76,76,140,48,144,22,396,94,62
20190423,서울특별시,11,성동구,11200,광주광역시,29,21,259,88,84,115,52,98,19,381,99,66
20190423,서울특별시,11,송파구,11710,서울특별시,11,130,1883,283,939,1373,162,2202,182,3936,882,760
20190423,서울특별시,11,송파구,11710,부산광역시,26,32,406,43,218,459,34,386,47,918,211,191
20190423,서울특별시,11,송파구,11710,대구광역시,27,41,297,38,134,255,32,305,35,700,157,138
20190423,서울특별시,11,송파구,11710,인천광역시,28,37,373,34,293,459,44,471,50,906,192,229
20190423,서울특별시,11,송파구,11710,광주광역시,29,39,198,9,133,181,15,146,26,542,111,87
20190423,서울특별시,11,송파구,11710,대전광역시,30,21,178,35,107,208,21,188,25,510,109,91
20190423,서울특별시,11,송파구,11710,울산광역시,31,14,153,36,80,121,12,141,11,310,61,49
20190423,서울특별시,11,송파구,11710,세종특별자치시,36,0,43,6,21,39,7,45,14,108,17,17
20190423,서울특별시,11,송파구,11710,경기도,41,204,2257,301,1244,2149,235,2526,277,5077,990,983
20190423,서울특별시,11,송파구,11710,강원도,42,14,189,18,109,270,22,181,23,447,96,89
20190423,서울특별시,11,송파구,11710,충청북도,43,14,197,173,116,274,12,192,30,489,88,92
20190423,서울특별시,11,송파구,11710,충청남도,44,41,285,36,183,324,21,271,43,713,131,133
20190423,서울특별시,11,송파구,11710,전라북도,45,19,224,17,132,259,10,200,30,521,101,72
20190423,서울특별시,11,송파구,11710,전라남도,46,10,165,7,120,216,13,213,32,432,80,140
20190423,서울특별시,11,송파구,11710,경상북도,47,28,293,41,157,298,26,263,42,708,120,156
20190423,서울특별시,11,송파구,11710,경상남도,48,41,348,43,202,582,47,370,32,906,199,213
20190423,서울특별시,11,송파구,11710,제주특별자치도,50,8,64,7,32,52,0,35,9,150,34,22
20190423,서울특별시,11,동작구,11590,서울특별시,11,179,546,307,279,435,139,205,59,795,338,508
20190423,서울특별시,11,동작구,11590,부산광역시,26,46,121,45,59,137,29,55,20,152,73,101
20190423,서울특별시,11,동작구,11590,대구광역시,27,37,72,40,43,60,21,38,20,108,53,79
20190423,서울특별시,11,동작구,11590,인천광역시,28,42,136,51,61,117,32,142,17,168,91,133
20190423,서울특별시,11,동작구,11590,광주광역시,29,24,53,24,11,38,14,22,11,64,44,56
20190423,서울특별시,11,동작구,11590,대전광역시,30,33,54,28,26,44,18,24,11,76,39,66
20190423,서울특별시,11,동작구,11590,울산광역시,31,15,24,17,13,36,12,15,0,59,11,44
20190423,서울특별시,11,동작구,11590,세종특별자치시,36,4,12,10,0,10,6,6,4,18,12,15
20190423,서울특별시,11,동작구,11590,경기도,41,212,711,312,283,548,206,285,91,1090,455,570
20190423,서울특별시,11,동작구,11590,강원도,42,26,60,31,24,30,14,28,12,76,39,45
20190423,서울특별시,11,동작구,11590,충청북도,43,21,52,26,21,52,12,24,19,89,32,48
20190423,서울특별시,11,동작구,11590,충청남도,44,33,78,33,31,65,29,34,18,111,56,75
20190423,서울특별시,11,동작구,11590,전라북도,45,21,51,36,23,69,18,33,23,106,32,49
20190423,서울특별시,11,동작구,11590,전라남도,46,32,53,25,20,54,22,12,22,58,38,44
20190423,서울특별시,11,동작구,11590,경상북도,47,37,81,29,37,84,21,40,25,96,41,89
20190423,서울특별시,11,동작구,11590,경상남도,48,61,92,61,44,94,34,46,36,138,71,114
20190423,서울특별시,11,동작구,11590,제주특별자치도,50,5,14,12,13,13,3,9,6,25,10,12
20190423,서울특별시,11,성동구,11200,서울특별시,11,156,3357,627,783,1107,293,860,245,3541,1075,542
20190423,서울특별시,11,성동구,11200,부산광역시,26,35,641,151,173,242,101,193,44,764,213,135
20190423,서울특별시,11,성동구,11200,대구광역시,27,25,486,154,133,185,72,125,55,578,139,91
20190423,서울특별시,11,광진구,11215,제주특별자치도,50,7,35,6,20,64,4,11,4,51,28,17
20190423,서울특별시,11,광진구,11215,경상남도,48,28,247,25,166,306,41,225,49,348,144,82
20190423,서울특별시,11,광진구,11215,경상북도,47,19,221,18,143,283,39,179,35,255,109,70
20190423,서울특별시,11,광진구,11215,전라남도,46,20,125,22,87,216,18,119,23,164,68,48
20190423,서울특별시,11,광진구,11215,전라북도,45,18,151,20,95,191,23,113,25,203,82,77
20190423,서울특별시,11,광진구,11215,충청남도,44,25,245,28,128,251,33,190,41,268,103,64
20190423,서울특별시,11,광진구,11215,충청북도,43,26,161,19,95,173,34,152,24,190,85,30
20190423,서울특별시,11,광진구,11215,강원도,42,28,150,18,93,197,22,99,18,156,75,41
20190423,서울특별시,11,광진구,11215,경기도,41,176,1558,164,945,1581,215,1017,202,1890,786,581
20190423,서울특별시,11,광진구,11215,세종특별자치시,36,0,35,4,34,33,4,22,9,47,21,15
20190423,서울특별시,11,광진구,11215,울산광역시,31,10,96,11,63,97,18,58,14,122,58,40
20190423,서울특별시,11,광진구,11215,대전광역시,30,20,184,13,93,144,14,101,22,178,81,60
20190423,서울특별시,11,광진구,11215,광주광역시,29,15,147,15,71,126,16,98,42,188,86,42
20190423,서울특별시,11,광진구,11215,인천광역시,28,37,328,35,177,290,45,151,41,370,157,87
20190423,서울특별시,11,광진구,11215,대구광역시,27,23,213,19,141,212,30,176,28,280,126,70
20190423,서울특별시,11,광진구,11215,부산광역시,26,33,292,37,180,285,35,264,54,388,172,126
20190423,서울특별시,11,광진구,11215,서울특별시,11,106,1531,186,811,1091,173,860,171,1446,658,565
20190423,서울특별시,11,성동구,11200,인천광역시,28,42,625,123,163,280,81,192,51,766,207,130
20190423,서울특별시,11,마포구,11440,강원도,42,23,167,70,73,178,8,127,22,302,243,44
20190423,서울특별시,11,마포구,11440,경기도,41,191,2109,694,780,1579,140,1418,329,3275,2513,601
20190423,서울특별시,11,마포구,11440,세종특별자치시,36,5,44,38,18,66,6,40,24,54,59,12
20190423,서울특별시,11,마포구,11440,울산광역시,31,17,147,50,47,123,11,110,23,268,208,47
20190423,서울특별시,11,마포구,11440,대전광역시,30,23,244,85,122,163,12,159,33,319,318,48
20190423,서울특별시,11,마포구,11440,광주광역시,29,14,205,60,94,168,12,159,24,323,308,62
20190423,서울특별시,11,마포구,11440,인천광역시,28,40,399,150,145,333,15,313,71,554,545,134
20190423,서울특별시,11,마포구,11440,대구광역시,27,33,357,97,137,246,12,181,38,489,439,91
20190423,서울특별시,11,마포구,11440,부산광역시,26,55,411,136,192,317,20,295,48,640,579,136
20190423,서울특별시,11,마포구,11440,서울특별시,11,158,1929,696,777,1313,65,1165,227,2604,2243,555
20190423,서울특별시,11,마포구,11440,충청북도,43,18,228,68,71,141,10,131,35,361,323,45
20190423,서울특별시,11,마포구,11440,충청남도,44,32,331,99,90,254,11,199,35,481,429,60
20190423,서울특별시,11,마포구,11440,전라북도,45,30,212,76,136,168,6,124,39,391,332,52
20190423,서울특별시,11,마포구,11440,전라남도,46,16,215,67,76,145,13,125,31,343,266,41
20190423,서울특별시,11,마포구,11440,경상북도,47,25,273,101,98,215,12,247,48,498,396,99
20190423,서울특별시,11,마포구,11440,경상남도,48,37,370,118,144,350,22,295,58,611,555,87
20190423,서울특별시,11,마포구,11440,제주특별자치도,50,11,66,28,19,56,3,37,6,134,101,22
20190423,서울특별시,11,종로구,11110,서울특별시,11,166,1758,270,331,603,43,256,111,1442,818,195
20190423,서울특별시,11,종로구,11110,부산광역시,26,38,355,67,56,154,5,56,48,473,212,47
20190423,서울특별시,11,종로구,11110,대구광역시,27,26,268,19,49,107,3,53,34,359,151,35
20190423,서울특별시,11,종로구,11110,인천광역시,28,30,364,40,61,162,12,70,31,326,227,49
20190423,서울특별시,11,종로구,11110,광주광역시,29,17,174,38,30,59,0,23,30,229,124,24
20190423,서울특별시,11,종로구,11110,대전광역시,30,9,200,27,40,70,6,40,21,219,116,30
20190423,서울특별시,11,종로구,11110,울산광역시,31,11,99,14,32,66,5,24,20,166,54,24
20190423,서울특별시,11,종로구,11110,세종특별자치시,36,10,35,6,9,20,4,8,6,41,24,4
20190423,서울특별시,11,종로구,11110,경기도,41,183,1860,232,337,820,42,408,238,1938,1112,216
20190423,서울특별시,11,종로구,11110,강원도,42,15,160,22,33,77,4,44,27,195,99,23
20190423,서울특별시,11,종로구,11110,충청북도,43,17,185,28,38,75,0,49,29,229,132,13
20190423,서울특별시,11,종로구,11110,충청남도,44,27,229,27,40,111,0,52,36,291,137,43
20190423,서울특별시,11,종로구,11110,전라북도,45,15,184,28,34,57,5,28,40,256,148,28
20190423,서울특별시,11,종로구,11110,전라남도,46,18,156,19,46,79,5,30,28,242,109,14
20190423,서울특별시,11,종로구,11110,경상북도,47,24,281,31,47,107,9,62,36,334,157,22
20190423,서울특별시,11,종로구,11110,경상남도,48,36,315,42,76,185,10,69,59,453,237,44
20190423,서울특별시,11,종로구,11110,제주특별자치도,50,8,96,7,14,29,0,33,12,58,45,8
20190423,서울특별시,11,금천구,11545,제주특별자치도,50,15,81,18,70,86,52,27,16,83,62,68
20190423,서울특별시,11,금천구,11545,경상남도,48,103,499,35,446,579,277,396,86,465,369,622
20190423,서울특별시,11,금천구,11545,경상북도,47,83,364,21,346,418,175,292,54,360,288,513
20190423,서울특별시,11,금천구,11545,전라남도,46,56,247,49,234,267,99,220,30,233,178,292
20190423,서울특별시,11,금천구,11545,전라북도,45,76,251,49,255,326,114,185,44,314,218,313
20190423,서울특별시,11,금천구,11545,충청남도,44,65,389,36,359,439,170,229,65,341,323,645
20190423,서울특별시,11,금천구,11545,충청북도,43,53,253,18,278,355,122,185,47,240,216,274
20190423,서울특별시,11,금천구,11545,강원도,42,68,247,13,247,280,117,169,43,214,197,232
20190423,서울특별시,11,금천구,11545,경기도,41,574,2683,318,2446,2777,1533,1806,434,2236,2007,2920
20190423,서울특별시,11,금천구,11545,세종특별자치시,36,14,68,11,59,61,162,41,22,73,37,69
20190423,서울특별시,11,금천구,11545,울산광역시,31,38,157,15,162,211,79,156,34,163,137,228
20190423,서울특별시,11,금천구,11545,대전광역시,30,41,258,28,250,334,154,152,38,282,193,287
20190423,서울특별시,11,금천구,11545,광주광역시,29,42,246,115,258,342,122,209,50,272,225,313
20190423,서울특별시,11,금천구,11545,인천광역시,28,89,535,50,471,605,293,368,88,481,379,591
20190423,서울특별시,11,금천구,11545,대구광역시,27,77,363,41,371,436,212,328,74,401,342,476
20190423,서울특별시,11,금천구,11545,부산광역시,26,107,447,46,486,646,299,422,55,459,508,631
20190423,서울특별시,11,금천구,11545,서울특별시,11,526,1967,279,2131,2251,1933,1413,314,1928,1702,2225
20190424,서울특별시,11,관악구,11620,경상남도,48,41,144,43,76,91,9,63,15,215,54,136
20190424,서울특별시,11,관악구,11620,경상북도,47,16,129,40,78,52,8,34,8,136,51,103
20190424,서울특별시,11,관악구,11620,전라남도,46,10,85,18,37,30,0,26,9,99,25,77
20190424,서울특별시,11,마포구,11440,경상남도,48,29,350,73,169,323,19,404,47,379,362,89
20190424,서울특별시,11,서대문구,11410,서울특별시,11,41,676,154,150,1119,58,470,52,750,224,324
20190424,서울특별시,11,서대문구,11410,부산광역시,26,10,124,92,51,294,14,117,20,187,66,48
20190424,서울특별시,11,서대문구,11410,대구광역시,27,6,90,28,19,192,14,80,19,139,43,68
20190424,서울특별시,11,서대문구,11410,인천광역시,28,10,150,40,36,306,16,103,18,184,42,95
20190424,서울특별시,11,서대문구,11410,광주광역시,29,8,53,23,18,125,7,50,15,76,27,34
20190424,서울특별시,11,마포구,11440,경상북도,47,24,283,54,89,235,11,241,31,287,281,75
20190424,서울특별시,11,마포구,11440,전라남도,46,11,181,38,51,143,8,196,20,189,176,40
20190424,서울특별시,11,마포구,11440,전라북도,45,8,232,55,64,176,7,211,23,252,235,53
20190424,서울특별시,11,마포구,11440,충청남도,44,23,259,52,80,231,14,246,32,322,266,78
20190424,서울특별시,11,마포구,11440,충청북도,43,15,268,55,82,150,7,222,35,311,213,44
20190424,서울특별시,11,마포구,11440,강원도,42,14,243,45,66,185,5,190,26,222,193,35
20190424,서울특별시,11,마포구,11440,경기도,41,152,2151,479,637,1625,106,1810,284,2605,1915,560
20190424,서울특별시,11,성동구,11200,광주광역시,29,25,267,131,88,120,40,80,25,318,260,42
20190424,서울특별시,11,성동구,11200,인천광역시,28,53,965,441,155,333,71,220,42,661,506,103
20190424,서울특별시,11,성동구,11200,대구광역시,27,34,577,326,115,254,51,172,36,471,497,99
20190424,서울특별시,11,성동구,11200,부산광역시,26,54,781,365,166,280,65,225,31,639,673,120
20190424,서울특별시,11,강남구,11680,서울특별시,11,241,3016,602,1068,1315,207,1506,307,3935,1436,2042
20190424,서울특별시,11,강남구,11680,부산광역시,26,43,732,72,177,387,52,354,87,820,344,511
20190424,서울특별시,11,강남구,11680,대구광역시,27,42,443,49,138,285,31,267,60,587,206,347
20190424,서울특별시,11,강남구,11680,인천광역시,28,62,612,59,163,365,41,332,70,693,300,451
20190424,서울특별시,11,강남구,11680,광주광역시,29,31,343,24,88,148,22,127,45,456,131,231
20190424,서울특별시,11,서초구,11650,서울특별시,11,302,2182,733,476,1095,185,1644,158,1398,598,616
20190424,서울특별시,11,서초구,11650,부산광역시,26,70,537,162,96,279,21,302,36,261,151,173
20190424,서울특별시,11,서초구,11650,대구광역시,27,44,381,135,80,216,28,325,22,185,76,135
20190424,서울특별시,11,서초구,11650,인천광역시,28,61,366,107,85,254,41,268,29,260,130,223
20190424,서울특별시,11,서초구,11650,광주광역시,29,45,198,103,56,126,23,123,10,117,75,91
20190424,서울특별시,11,서초구,11650,대전광역시,30,38,225,90,40,142,14,154,26,120,57,104
20190424,서울특별시,11,마포구,11440,세종특별자치시,36,3,46,13,16,42,0,48,7,47,58,12
20190424,서울특별시,11,마포구,11440,울산광역시,31,13,135,29,43,112,4,151,17,148,130,42
20190424,서울특별시,11,마포구,11440,대전광역시,30,11,213,45,64,154,0,219,22,230,216,49
20190424,서울특별시,11,마포구,11440,광주광역시,29,9,185,37,74,167,10,178,15,233,208,51
20190424,서울특별시,11,마포구,11440,인천광역시,28,31,388,102,147,344,24,387,59,474,396,100
20190424,서울특별시,11,마포구,11440,대구광역시,27,26,265,53,96,260,9,272,28,366,327,101
20190424,서울특별시,11,마포구,11440,부산광역시,26,42,415,90,144,359,16,415,59,463,405,128
20190424,서울특별시,11,송파구,11710,서울특별시,11,172,1825,235,564,1215,150,1793,165,3061,934,767
20190424,서울특별시,11,송파구,11710,광주광역시,29,18,208,22,75,153,20,163,14,392,106,72
20190424,서울특별시,11,송파구,11710,울산광역시,31,16,140,12,48,168,23,100,15,240,68,66
20190424,서울특별시,11,송파구,11710,대전광역시,30,17,215,37,50,181,34,144,24,349,99,74
20190424,서울특별시,11,송파구,11710,강원도,42,23,203,19,54,251,30,129,27,338,80,87
20190424,서울특별시,11,송파구,11710,충청북도,43,23,202,41,72,227,27,119,27,399,79,102
20190424,서울특별시,11,송파구,11710,충청남도,44,25,300,35,92,250,24,168,41,511,152,120
20190424,서울특별시,11,송파구,11710,전라북도,45,20,245,28,64,205,19,152,22,387,96,88
20190424,서울특별시,11,서대문구,11410,강원도,42,6,66,12,18,150,10,52,5,85,19,41
20190424,서울특별시,11,서대문구,11410,경기도,41,64,686,166,172,1433,75,519,95,1028,282,452
20190424,서울특별시,11,양천구,11470,경기도,41,298,978,132,557,1160,203,720,210,935,457,841
20190424,서울특별시,11,양천구,11470,세종특별자치시,36,4,22,4,12,26,0,11,4,12,6,22
20190424,서울특별시,11,양천구,11470,울산광역시,31,13,57,3,37,74,17,41,31,72,33,43
20190424,서울특별시,11,도봉구,11320,서울특별시,11,179,785,317,1067,494,99,876,139,1273,632,1066
20190424,서울특별시,11,도봉구,11320,부산광역시,26,53,196,86,268,120,24,238,55,383,215,325
20190424,서울특별시,11,도봉구,11320,대구광역시,27,52,119,69,155,96,13,147,28,276,147,235
20190424,서울특별시,11,도봉구,11320,인천광역시,28,30,206,61,258,156,34,216,38,377,208,316
20190424,서울특별시,11,도봉구,11320,광주광역시,29,32,105,49,125,72,15,115,25,182,117,176
20190424,서울특별시,11,도봉구,11320,대전광역시,30,21,86,46,134,85,11,123,29,172,94,170
20190424,서울특별시,11,도봉구,11320,울산광역시,31,22,46,30,86,52,11,80,21,161,81,94
20190424,서울특별시,11,도봉구,11320,세종특별자치시,36,6,18,5,31,11,3,21,7,43,23,37
20190424,서울특별시,11,도봉구,11320,경기도,41,192,986,402,1175,705,145,987,239,2064,1001,1348
20190424,서울특별시,11,도봉구,11320,강원도,42,21,81,36,134,56,20,104,10,181,103,133
20190424,서울특별시,11,도봉구,11320,충청북도,43,23,83,34,132,63,16,97,24,257,110,148
20190424,서울특별시,11,도봉구,11320,충청남도,44,30,102,46,186,86,25,150,26,297,159,213
20190424,서울특별시,11,도봉구,11320,전라북도,45,21,66,55,135,67,8,103,22,228,119,178
20190424,서울특별시,11,도봉구,11320,전라남도,46,22,94,17,114,60,6,83,21,209,96,175
20190424,서울특별시,11,도봉구,11320,경상북도,47,32,114,40,154,84,22,143,38,300,176,262
20190424,서울특별시,11,도봉구,11320,경상남도,48,48,172,55,218,129,35,173,41,432,239,327
20190424,서울특별시,11,도봉구,11320,제주특별자치도,50,13,24,21,27,13,4,29,4,85,29,36
20190424,서울특별시,11,서초구,11650,울산광역시,31,23,154,38,37,110,18,106,12,112,34,71
20190424,서울특별시,11,서초구,11650,세종특별자치시,36,14,65,15,11,30,9,31,3,24,17,22
20190424,서울특별시,11,서초구,11650,경기도,41,325,2497,680,554,1495,210,1636,197,1670,698,813
20190424,서울특별시,11,서초구,11650,강원도,42,23,211,55,53,125,21,149,19,102,53,80
20190424,서울특별시,11,서초구,11650,충청북도,43,24,219,67,44,141,18,208,16,149,57,80
20190424,서울특별시,11,서초구,11650,충청남도,44,36,332,76,73,188,34,215,24,169,94,125
20190424,서울특별시,11,서초구,11650,전라북도,45,24,228,70,43,146,16,169,13,129,59,81
20190424,서울특별시,11,서초구,11650,전라남도,46,29,192,55,52,125,19,162,20,83,56,71
20190424,서울특별시,11,서초구,11650,경상북도,47,32,304,84,70,245,27,223,26,182,88,125
20190424,서울특별시,11,서초구,11650,경상남도,48,56,397,110,91,263,37,310,32,229,134,170
20190424,서울특별시,11,서초구,11650,제주특별자치도,50,6,73,18,9,30,4,48,9,37,17,45
20190424,서울특별시,11,중구,11140,제주특별자치도,50,16,83,21,9,80,7,21,7,151,41,3
20190424,서울특별시,11,중구,11140,경상남도,48,97,460,105,78,368,114,109,32,857,243,38
20190424,서울특별시,11,중구,11140,경상북도,47,92,353,92,69,262,61,114,41,642,195,22
20190424,서울특별시,11,중구,11140,전라남도,46,68,297,76,53,173,41,90,15,436,116,15
20190424,서울특별시,11,중구,11140,전라북도,45,60,288,75,45,187,55,77,18,513,129,22
20190424,서울특별시,11,강남구,11680,대전광역시,30,29,368,32,100,183,12,119,70,415,143,231
20190424,서울특별시,11,양천구,11470,대전광역시,30,24,73,9,43,111,15,63,20,58,42,83
20190424,서울특별시,11,양천구,11470,광주광역시,29,24,74,17,44,105,14,55,16,58,36,102
20190424,서울특별시,11,양천구,11470,인천광역시,28,54,182,25,102,235,34,107,44,118,72,184
20190424,서울특별시,11,양천구,11470,대구광역시,27,39,157,24,64,184,25,76,21,101,57,135
20190424,서울특별시,11,양천구,11470,부산광역시,26,59,173,18,95,260,32,124,46,143,105,212
20190424,서울특별시,11,양천구,11470,서울특별시,11,170,770,151,382,933,124,501,105,597,362,674
20190424,서울특별시,11,종로구,11110,제주특별자치도,50,6,39,8,9,28,0,14,14,65,32,18
20190424,서울특별시,11,종로구,11110,경상남도,48,38,287,314,65,157,8,66,50,375,206,44
20190424,서울특별시,11,종로구,11110,경상북도,47,23,225,195,34,104,4,44,39,310,148,36
20190424,서울특별시,11,종로구,11110,전라남도,46,10,130,135,27,73,3,36,27,197,108,23
20190424,서울특별시,11,종로구,11110,전라북도,45,26,143,123,29,63,6,45,39,192,119,16
20190424,서울특별시,11,종로구,11110,충청남도,44,21,210,154,50,98,0,47,45,222,155,20
20190424,서울특별시,11,강남구,11680,울산광역시,31,16,191,27,48,127,12,112,33,262,96,194
20190424,서울특별시,11,강남구,11680,세종특별자치시,36,4,92,10,18,32,3,35,17,98,33,39
20190424,서울특별시,11,강남구,11680,경기도,41,265,3126,462,1104,1665,215,1460,450,4189,1493,1941
20190424,서울특별시,11,강남구,11680,강원도,42,20,215,24,69,149,16,128,46,317,132,215
20190424,서울특별시,11,강남구,11680,충청북도,43,40,289,52,92,167,13,130,35,417,136,168
20190424,서울특별시,11,강남구,11680,충청남도,44,31,429,46,107,216,24,161,54,485,192,291
20190424,서울특별시,11,강남구,11680,전라북도,45,23,334,44,76,174,12,132,44,389,127,195
20190424,서울특별시,11,강남구,11680,전라남도,46,18,278,29,67,144,12,103,32,276,112,181
20190424,서울특별시,11,강남구,11680,경상북도,47,17,388,48,116,215,25,180,81,458,176,269
20190424,서울특별시,11,강남구,11680,경상남도,48,55,544,41,157,312,45,257,83,586,260,395
20190424,서울특별시,11,강남구,11680,제주특별자치도,50,12,143,12,25,46,6,43,11,132,48,60
20190424,서울특별시,11,중구,11140,충청남도,44,91,378,90,62,256,60,94,31,666,175,30
20190424,서울특별시,11,중구,11140,충청북도,43,59,255,101,36,238,35,74,20,469,129,28
20190424,서울특별시,11,중구,11140,강원도,42,51,260,77,34,197,62,55,20,480,123,16
20190424,서울특별시,11,중구,11140,경기도,41,568,2363,501,422,1897,420,745,167,4688,1329,247
20190424,서울특별시,11,중구,11140,세종특별자치시,36,11,64,21,11,39,17,19,4,107,28,4
20190424,서울특별시,11,중구,11140,울산광역시,31,28,193,37,24,116,39,58,11,332,98,23
20190424,서울특별시,11,중구,11140,대전광역시,30,55,293,47,35,189,32,77,8,499,109,65
20190424,서울특별시,11,중구,11140,광주광역시,29,47,254,70,24,160,33,64,18,547,145,27
20190424,서울특별시,11,중구,11140,인천광역시,28,116,406,99,104,328,89,160,25,874,259,44
20190424,서울특별시,11,중구,11140,대구광역시,27,54,352,89,88,295,56,91,29,718,184,40
20190424,서울특별시,11,중구,11140,부산광역시,26,95,514,142,95,429,77,160,27,947,268,60
20190424,서울특별시,11,중구,11140,서울특별시,11,471,2214,512,409,1767,259,621,150,4140,1184,259
20190424,서울특별시,11,동작구,11590,제주특별자치도,50,5,12,5,5,9,5,0,4,23,14,9
20190424,서울특별시,11,동작구,11590,경상남도,48,38,98,63,76,95,33,67,12,134,62,96
20190424,서울특별시,11,동작구,11590,경상북도,47,25,76,44,46,75,24,46,15,80,41,85
20190424,서울특별시,11,동작구,11590,전라남도,46,12,44,19,28,51,11,28,10,84,33,54
20190424,서울특별시,11,동작구,11590,전라북도,45,11,50,29,15,59,14,41,22,85,31,43
20190424,서울특별시,11,동작구,11590,충청남도,44,18,64,44,43,80,29,37,14,103,49,68
20190424,서울특별시,11,동작구,11590,충청북도,43,8,48,44,30,47,16,31,12,92,25,46
20190424,서울특별시,11,동작구,11590,강원도,42,10,52,24,18,59,27,31,12,62,36,36
20190424,서울특별시,11,동작구,11590,경기도,41,120,604,264,330,503,173,331,99,1032,334,500
20190424,서울특별시,11,동작구,11590,세종특별자치시,36,3,9,3,9,13,7,9,0,28,6,14
20190424,서울특별시,11,동작구,11590,울산광역시,31,6,29,22,23,35,13,24,5,62,19,49
20190424,서울특별시,11,동작구,11590,대전광역시,30,15,47,29,32,49,15,36,8,84,33,66
20190424,서울특별시,11,동작구,11590,광주광역시,29,22,40,52,29,52,11,31,9,76,25,60
20190424,서울특별시,11,동작구,11590,인천광역시,28,27,111,56,60,92,28,83,19,155,55,119
20190424,서울특별시,11,노원구,11350,제주특별자치도,50,5,14,5,5,14,0,0,9,71,15,11
20190424,서울특별시,11,노원구,11350,경상남도,48,9,114,9,42,109,37,42,56,432,80,49
20190424,서울특별시,11,동작구,11590,대구광역시,27,20,81,40,37,75,24,62,16,104,44,100
20190424,서울특별시,11,동작구,11590,부산광역시,26,26,104,57,61,111,22,101,12,143,77,114
20190424,서울특별시,11,동작구,11590,서울특별시,11,94,546,322,303,399,99,273,56,690,311,464
20190424,서울특별시,11,동대문구,11230,제주특별자치도,50,28,83,8,21,37,4,47,18,168,36,22
20190424,서울특별시,11,동대문구,11230,경상남도,48,125,471,38,118,401,34,486,186,917,209,159
20190424,서울특별시,11,동대문구,11230,경상북도,47,91,336,43,78,352,30,434,124,700,136,112
20190424,서울특별시,11,노원구,11350,세종특별자치시,36,0,14,5,5,17,5,3,6,60,13,0
20190424,서울특별시,11,노원구,11350,경기도,41,105,689,131,252,640,135,386,260,2456,386,297
20190424,서울특별시,11,노원구,11350,강원도,42,11,63,12,21,71,16,25,19,226,37,33
20190424,서울특별시,11,노원구,11350,충청북도,43,9,58,17,29,49,14,50,29,263,29,27
20190424,서울특별시,11,노원구,11350,충청남도,44,12,102,14,38,88,17,35,35,339,39,47
20190424,서울특별시,11,노원구,11350,전라북도,45,12,50,9,26,46,11,30,29,260,48,30
20190424,서울특별시,11,노원구,11350,전라남도,46,8,74,6,25,53,12,32,23,252,32,19
20190424,서울특별시,11,노원구,11350,경상북도,47,19,89,12,30,90,25,27,39,315,42,44
20190424,서울특별시,11,동대문구,11230,전라남도,46,55,278,22,52,214,14,227,75,449,95,70
20190424,서울특별시,11,동대문구,11230,전라북도,45,53,244,18,70,197,16,274,90,531,123,78
20190424,서울특별시,11,동대문구,11230,충청남도,44,105,346,31,89,279,21,291,112,729,151,119
20190424,서울특별시,11,동대문구,11230,충청북도,43,62,240,18,53,218,25,224,100,527,110,80
20190424,서울특별시,11,동대문구,11230,강원도,42,75,222,19,79,205,25,238,80,497,92,74
20190424,서울특별시,11,동대문구,11230,경기도,41,720,2267,233,590,1945,144,2416,965,4965,1093,741
20190424,서울특별시,11,동대문구,11230,서울특별시,11,634,1638,187,480,1230,81,1715,617,3807,859,539
20190424,서울특별시,11,동대문구,11230,부산광역시,26,131,448,50,143,388,26,513,121,935,223,156
20190424,서울특별시,11,동대문구,11230,대구광역시,27,75,343,32,91,260,18,325,110,676,146,102
20190424,서울특별시,11,동대문구,11230,인천광역시,28,173,494,42,121,362,22,539,214,1059,214,161
20190424,서울특별시,11,동대문구,11230,광주광역시,29,87,228,17,61,181,11,214,78,513,107,79
20190424,서울특별시,11,동대문구,11230,대전광역시,30,79,218,17,70,206,14,247,94,475,123,86
20190424,서울특별시,11,동대문구,11230,울산광역시,31,49,139,23,42,138,13,187,55,328,77,61
20190424,서울특별시,11,동대문구,11230,세종특별자치시,36,16,51,9,11,47,4,46,40,135,34,21
20190424,서울특별시,11,마포구,11440,서울특별시,11,113,2082,533,674,1499,53,1594,170,2284,1698,447
20190424,서울특별시,11,구로구,11530,세종특별자치시,36,0,32,10,19,41,6,19,6,32,24,35
20190424,서울특별시,11,구로구,11530,경기도,41,142,1769,244,760,1918,179,785,179,1571,664,1308
20190424,서울특별시,11,서대문구,11410,충청북도,43,10,77,15,22,154,6,47,6,103,26,54
20190424,서울특별시,11,서대문구,11410,충청남도,44,3,88,15,23,233,6,73,13,120,46,67
20190424,서울특별시,11,서대문구,11410,전라북도,45,5,58,10,16,187,4,67,7,117,43,46
20190424,서울특별시,11,서대문구,11410,전라남도,46,5,53,12,13,168,5,69,12,92,25,25
20190424,서울특별시,11,관악구,11620,전라북도,45,12,75,25,28,42,0,26,3,120,27,77
20190424,서울특별시,11,관악구,11620,충청남도,44,21,109,19,53,49,9,45,10,132,42,87
20190424,서울특별시,11,관악구,11620,충청북도,43,13,62,20,62,30,4,39,8,103,26,67
20190424,서울특별시,11,서대문구,11410,대전광역시,30,4,69,14,22,149,9,58,10,87,34,51
20190424,서울특별시,11,서대문구,11410,울산광역시,31,4,45,14,10,91,0,35,10,60,22,20
20190424,서울특별시,11,서대문구,11410,세종특별자치시,36,0,23,7,9,25,0,11,5,39,4,13
20190424,서울특별시,11,관악구,11620,강원도,42,16,78,16,64,36,11,26,5,108,18,67
20190424,서울특별시,11,관악구,11620,경기도,41,184,909,239,600,390,51,257,70,1341,310,683
20190424,서울특별시,11,관악구,11620,세종특별자치시,36,6,20,8,15,8,0,5,0,23,7,18
20190424,서울특별시,11,관악구,11620,울산광역시,31,18,47,18,25,42,4,15,8,82,21,65
20190424,서울특별시,11,관악구,11620,대전광역시,30,14,60,24,77,44,3,25,10,96,26,51
20190424,서울특별시,11,관악구,11620,광주광역시,29,19,94,30,23,42,0,24,7,121,27,82
20190424,서울특별시,11,관악구,11620,인천광역시,28,26,154,43,113,103,8,53,14,247,53,151
20190424,서울특별시,11,관악구,11620,대구광역시,27,26,112,32,62,54,5,40,10,156,46,104
20190424,서울특별시,11,관악구,11620,부산광역시,26,29,169,52,67,73,5,64,9,225,82,140
20190424,서울특별시,11,관악구,11620,서울특별시,11,114,710,440,523,312,32,205,45,1032,260,539
20190424,서울특별시,11,은평구,11380,경기도,41,172,1245,168,337,1220,340,775,235,3409,570,730
20190424,서울특별시,11,은평구,11380,강원도,42,17,128,10,34,104,43,78,22,337,57,59
20190424,서울특별시,11,은평구,11380,충청북도,43,16,110,15,32,134,32,64,26,359,71,80
20190424,서울특별시,11,은평구,11380,충청남도,44,12,172,28,34,189,52,84,38,525,93,108
20190424,서울특별시,11,은평구,11380,전라북도,45,9,108,12,32,107,32,73,17,436,66,56
20190424,서울특별시,11,은평구,11380,전라남도,46,15,106,10,26,91,48,69,24,397,67,58
20190424,서울특별시,11,은평구,11380,경상북도,47,22,161,17,34,207,51,102,30,482,71,115
20190424,서울특별시,11,은평구,11380,경상남도,48,51,205,26,54,242,69,166,42,795,126,124
20190424,서울특별시,11,은평구,11380,제주특별자치도,50,5,27,3,7,39,7,9,7,154,15,4
20190424,서울특별시,11,서대문구,11410,경상북도,47,4,94,24,29,224,13,78,15,118,45,60
20190424,서울특별시,11,서대문구,11410,경상남도,48,17,125,46,48,287,15,120,20,189,80,63
20190424,서울특별시,11,강북구,11305,강원도,42,5,84,8,14,39,10,8,67,245,54,6
20190424,서울특별시,11,용산구,11170,제주특별자치도,50,5,76,6,278,28,9,6,8,81,29,20
20190424,서울특별시,11,용산구,11170,경상남도,48,40,423,22,1847,162,35,75,73,443,134,108
20190424,서울특별시,11,성북구,11290,서울특별시,11,262,4886,1357,1438,3418,318,1911,465,10685,4268,1670
20190424,서울특별시,11,성북구,11290,부산광역시,26,70,937,466,367,995,74,577,145,2670,1087,485
20190424,서울특별시,11,성북구,11290,대구광역시,27,38,604,229,250,636,87,321,81,2187,795,364
20190424,서울특별시,11,성북구,11290,인천광역시,28,60,908,107,397,906,92,536,151,2999,1085,456
20190424,서울특별시,11,성북구,11290,광주광역시,29,35,425,246,179,425,41,280,83,1558,586,214
20190424,서울특별시,11,성북구,11290,대전광역시,30,32,427,74,183,428,40,227,75,1463,567,221
20190424,서울특별시,11,성북구,11290,울산광역시,31,27,244,116,135,324,33,160,44,1010,373,148
20190424,서울특별시,11,성북구,11290,세종특별자치시,36,7,101,20,43,85,12,51,26,370,140,54
20190424,서울특별시,11,성북구,11290,경기도,41,336,4351,654,1840,4382,422,2211,621,14264,5051,2073
20190424,서울특별시,11,용산구,11170,경상북도,47,24,330,16,1455,146,34,47,30,354,101,69
20190424,서울특별시,11,용산구,11170,전라남도,46,13,187,12,863,76,17,36,16,221,69,39
20190424,서울특별시,11,용산구,11170,전라북도,45,27,227,14,1000,79,17,29,30,230,79,52
20190424,서울특별시,11,구로구,11530,충청남도,44,19,227,27,88,310,37,151,39,192,97,190
20190424,서울특별시,11,구로구,11530,전라북도,45,15,199,28,87,176,16,111,24,166,51,152
20190424,서울특별시,11,구로구,11530,전라남도,46,10,180,21,63,239,21,70,19,112,66,174
20190424,서울특별시,11,구로구,11530,경상북도,47,29,241,29,91,296,40,151,31,217,83,214
20190424,서울특별시,11,구로구,11530,경상남도,48,31,324,49,137,428,41,169,46,259,112,344
20190424,서울특별시,11,구로구,11530,제주특별자치도,50,3,54,8,15,36,6,53,14,32,14,45
20190424,서울특별시,11,송파구,11710,전라남도,46,13,191,24,54,283,22,208,23,335,86,138
20190424,서울특별시,11,송파구,11710,경상북도,47,25,297,29,99,251,28,213,46,490,135,130
20190424,서울특별시,11,송파구,11710,경상남도,48,34,359,37,150,358,39,320,45,686,219,182
20190424,서울특별시,11,송파구,11710,제주특별자치도,50,8,53,9,16,114,9,50,4,113,24,20
20190424,서울특별시,11,송파구,11710,경기도,41,195,2111,283,614,1743,195,2049,229,3940,1109,979
20190424,서울특별시,11,송파구,11710,세종특별자치시,36,3,33,9,12,35,8,42,11,86,25,16
20190424,서울특별시,11,송파구,11710,인천광역시,28,40,407,49,167,341,31,371,65,659,251,209
20190424,서울특별시,11,구로구,11530,울산광역시,31,12,126,13,60,133,19,76,14,92,29,161
20190424,서울특별시,11,구로구,11530,대전광역시,30,13,164,28,97,184,18,72,20,133,42,148
20190424,서울특별시,11,구로구,11530,광주광역시,29,14,141,28,61,382,21,62,13,114,56,159
20190424,서울특별시,11,구로구,11530,인천광역시,28,33,331,32,123,486,33,151,44,248,104,276
20190424,서울특별시,11,강동구,11740,광주광역시,29,47,116,34,21,94,8,48,11,128,37,29
20190424,서울특별시,11,영등포구,11560,제주특별자치도,50,3,38,18,53,25,0,49,4,25,13,17
20190424,서울특별시,11,영등포구,11560,경상남도,48,21,330,78,382,295,21,339,27,182,95,146
20190424,서울특별시,11,영등포구,11560,경상북도,47,23,274,59,285,214,18,238,16,156,69,129
20190424,서울특별시,11,강북구,11305,경기도,41,60,912,93,191,443,84,86,646,2632,571,48
20190424,서울특별시,11,강북구,11305,세종특별자치시,36,3,17,3,0,7,0,4,25,61,10,0
20190424,서울특별시,11,강북구,11305,울산광역시,31,5,54,7,16,32,10,7,49,161,40,5
20190424,서울특별시,11,은평구,11380,서울특별시,11,129,868,134,331,967,209,527,138,2294,406,545
20190424,서울특별시,11,강동구,11740,대전광역시,30,36,97,28,27,165,13,102,16,121,30,25
20190424,서울특별시,11,강동구,11740,울산광역시,31,26,56,29,12,92,11,51,13,75,22,18
20190424,서울특별시,11,강북구,11305,대전광역시,30,5,96,7,15,42,6,9,51,254,47,4
20190424,서울특별시,11,강북구,11305,광주광역시,29,7,94,9,14,37,4,9,52,255,43,7
20190424,서울특별시,11,강북구,11305,인천광역시,28,14,191,18,45,79,14,24,127,516,135,47
20190424,서울특별시,11,강북구,11305,대구광역시,27,5,125,9,13,64,9,14,93,333,92,8
20190424,서울특별시,11,강북구,11305,부산광역시,26,8,165,11,40,81,8,12,109,438,114,9
20190424,서울특별시,11,강북구,11305,서울특별시,11,45,614,70,153,281,48,88,377,1867,442,57
20190424,서울특별시,11,광진구,11215,제주특별자치도,50,4,33,3,25,21,5,11,4,42,18,10
20190424,서울특별시,11,광진구,11215,경상남도,48,30,224,30,188,194,30,178,121,252,110,102
20190424,서울특별시,11,광진구,11215,경상북도,47,24,208,11,161,154,20,139,71,162,69,78
20190424,서울특별시,11,광진구,11215,전라남도,46,13,116,15,99,86,30,96,30,116,57,42
20190424,서울특별시,11,광진구,11215,전라북도,45,23,110,12,89,103,14,98,33,136,58,61
20190424,서울특별시,11,광진구,11215,충청남도,44,42,174,18,146,190,24,149,70,205,80,69
20190424,서울특별시,11,광진구,11215,충청북도,43,21,173,29,94,101,13,98,53,159,69,42
20190424,서울특별시,11,광진구,11215,강원도,42,22,116,8,87,106,15,93,27,149,60,42
20190424,서울특별시,11,광진구,11215,경기도,41,193,1352,174,1018,1016,151,894,583,1484,670,693
20190424,서울특별시,11,광진구,11215,세종특별자치시,36,4,38,5,25,20,4,28,17,27,17,9
20190424,서울특별시,11,광진구,11215,울산광역시,31,13,94,9,64,50,8,53,38,91,40,40
20190424,서울특별시,11,광진구,11215,대전광역시,30,13,109,20,91,106,15,79,58,145,68,50
20190424,서울특별시,11,광진구,11215,광주광역시,29,16,153,19,96,83,22,71,35,126,64,50
20190424,서울특별시,11,광진구,11215,인천광역시,28,31,266,35,211,227,29,170,119,272,121,99
20190424,서울특별시,11,광진구,11215,대구광역시,27,32,184,28,147,131,20,136,79,195,86,89
20190424,서울특별시,11,광진구,11215,부산광역시,26,37,275,25,211,225,39,173,105,297,138,104
20190424,서울특별시,11,광진구,11215,서울특별시,11,111,1195,223,858,897,108,795,351,1244,549,528
20190424,서울특별시,11,은평구,11380,부산광역시,26,33,228,34,62,225,59,156,42,816,142,144
20190424,서울특별시,11,은평구,11380,대구광역시,27,26,161,20,50,191,40,116,36,452,65,104
20190424,서울특별시,11,은평구,11380,인천광역시,28,41,241,29,74,254,68,164,63,666,119,172
20190424,서울특별시,11,은평구,11380,광주광역시,29,14,102,15,20,107,34,77,15,344,50,70
20190424,서울특별시,11,용산구,11170,충청남도,44,23,331,25,1396,129,26,44,36,310,82,52
20190424,서울특별시,11,용산구,11170,충청북도,43,15,183,18,1062,99,27,35,38,251,77,46
20190424,서울특별시,11,용산구,11170,강원도,42,16,183,15,889,78,22,29,16,179,62,47
20190424,서울특별시,11,용산구,11170,경기도,41,177,2223,188,10312,1119,252,398,279,2505,714,474
20190424,서울특별시,11,용산구,11170,세종특별자치시,36,3,41,7,239,26,5,3,10,65,24,9
20190424,서울특별시,11,용산구,11170,울산광역시,31,13,133,12,689,58,17,15,17,164,45,33
20190424,서울특별시,11,용산구,11170,대전광역시,30,29,264,16,1098,113,28,60,23,234,87,46
20190424,서울특별시,11,용산구,11170,광주광역시,29,14,220,12,918,91,28,26,24,236,70,39
20190424,서울특별시,11,용산구,11170,인천광역시,28,26,465,28,2096,227,47,69,65,461,149,90
20190424,서울특별시,11,용산구,11170,대구광역시,27,26,305,23,1580,133,43,77,37,354,122,89
20190424,서울특별시,11,용산구,11170,부산광역시,26,29,468,26,2144,242,53,90,54,508,171,110
20190424,서울특별시,11,용산구,11170,서울특별시,11,144,1893,170,9222,958,173,349,223,2139,714,363
20190424,서울특별시,11,강북구,11305,충청북도,43,6,97,8,22,40,6,7,58,291,55,8
20190424,서울특별시,11,노원구,11350,서울특별시,11,69,586,138,201,508,84,384,189,1666,331,239
20190424,서울특별시,11,구로구,11530,대구광역시,27,35,224,28,86,473,28,125,17,181,88,225
20190424,서울특별시,11,구로구,11530,부산광역시,26,22,307,38,151,582,49,217,36,282,138,297
20190424,서울특별시,11,구로구,11530,서울특별시,11,76,1397,175,580,1730,119,568,123,1139,510,969
20190424,서울특별시,11,양천구,11470,제주특별자치도,50,0,18,0,9,21,8,16,7,12,14,35
20190424,서울특별시,11,양천구,11470,경상남도,48,62,161,21,91,253,40,146,40,129,97,176
20190424,서울특별시,11,양천구,11470,경상북도,47,31,124,17,67,201,38,125,22,66,66,117
20190424,서울특별시,11,양천구,11470,전라남도,46,19,95,13,48,115,32,60,17,49,43,75
20190424,서울특별시,11,양천구,11470,전라북도,45,19,110,19,48,137,20,60,21,68,54,101
20190424,서울특별시,11,양천구,11470,충청남도,44,49,125,21,74,179,31,98,34,89,95,145
20190424,서울특별시,11,은평구,11380,대전광역시,30,17,140,13,31,136,32,68,17,321,52,71
20190424,서울특별시,11,은평구,11380,울산광역시,31,4,63,5,21,82,16,49,20,301,36,39
20190424,서울특별시,11,은평구,11380,세종특별자치시,36,0,31,9,6,21,7,18,8,79,13,13
20190424,서울특별시,11,강동구,11740,세종특별자치시,36,9,22,16,8,35,4,21,4,25,7,3
20190424,서울특별시,11,강동구,11740,경기도,41,422,1030,320,247,1434,140,960,154,1593,406,314
20190424,서울특별시,11,강동구,11740,강원도,42,34,100,31,21,141,18,91,14,110,45,30
20190424,서울특별시,11,강북구,11305,충청남도,44,21,124,4,28,72,9,8,101,393,82,6
20190424,서울특별시,11,강북구,11305,전라북도,45,3,77,12,21,27,12,7,87,274,50,4
20190424,서울특별시,11,노원구,11350,부산광역시,26,16,116,20,45,118,33,89,38,405,85,67
20190424,서울특별시,11,노원구,11350,대구광역시,27,11,110,21,27,100,26,31,44,323,43,37
20190424,서울특별시,11,노원구,11350,인천광역시,28,20,137,30,55,122,17,87,60,465,71,56
20190424,서울특별시,11,노원구,11350,광주광역시,29,6,54,3,24,44,14,23,19,234,27,17
20190424,서울특별시,11,노원구,11350,대전광역시,30,9,55,7,25,51,13,26,29,245,36,25
20190424,서울특별시,11,노원구,11350,울산광역시,31,7,44,4,21,42,6,14,22,156,27,16
20190424,서울특별시,11,강동구,11740,충청북도,43,53,83,42,22,158,11,120,16,153,34,29
20190424,서울특별시,11,강북구,11305,전라남도,46,4,87,7,20,35,5,9,62,275,57,35
20190424,서울특별시,11,강북구,11305,경상북도,47,8,130,11,27,67,12,9,102,403,80,5
20190424,서울특별시,11,강동구,11740,충청남도,44,64,134,52,26,178,20,144,18,156,51,43
20190424,서울특별시,11,강동구,11740,전라북도,45,53,68,34,18,125,6,95,18,122,43,25
20190424,서울특별시,11,강동구,11740,전라남도,46,44,92,38,15,159,13,101,13,83,28,23
20190424,서울특별시,11,강동구,11740,경상북도,47,62,158,56,23,202,14,118,17,164,51,40
20190424,서울특별시,11,강동구,11740,경상남도,48,91,173,65,25,266,20,190,24,202,69,49
20190424,서울특별시,11,강동구,11740,제주특별자치도,50,22,21,0,4,28,0,29,0,27,16,4
20190424,서울특별시,11,강동구,11740,인천광역시,28,90,166,79,35,295,26,205,22,289,103,54
20190424,서울특별시,11,강동구,11740,대구광역시,27,58,165,63,88,186,18,148,10,163,58,34
20190424,서울특별시,11,성북구,11290,강원도,42,34,403,89,193,504,58,231,64,1542,478,191
20190424,서울특별시,11,성북구,11290,충청북도,43,42,433,70,187,437,42,267,73,1530,560,219
20190424,서울특별시,11,성북구,11290,충청남도,44,56,566,110,272,592,89,343,107,2150,805,330
20190424,서울특별시,11,성북구,11290,전라북도,45,38,435,117,199,491,48,327,62,1662,566,232
20190424,서울특별시,11,성북구,11290,전라남도,46,35,373,97,193,426,43,308,81,1404,563,230
20190424,서울특별시,11,성북구,11290,경상북도,47,55,528,147,287,647,68,365,106,2126,749,372
20190424,서울특별시,11,성북구,11290,경상남도,48,66,738,252,393,936,102,518,129,2773,1125,483
20190424,서울특별시,11,성북구,11290,제주특별자치도,50,11,300,55,53,64,39,43,23,495,200,56
20190424,서울특별시,11,금천구,11545,서울특별시,11,401,2176,274,1887,1742,1130,1540,259,1830,1592,2277
20190424,서울특별시,11,금천구,11545,부산광역시,26,90,456,38,592,424,207,411,71,389,413,618
20190424,서울특별시,11,금천구,11545,대구광역시,27,64,363,24,348,293,153,339,64,316,290,458
20190424,서울특별시,11,금천구,11545,인천광역시,28,108,433,44,526,440,193,364,83,389,365,623
20190424,서울특별시,11,강동구,11740,부산광역시,26,76,199,64,39,285,12,209,17,276,93,61
20190424,서울특별시,11,강동구,11740,서울특별시,11,333,780,450,184,1072,96,874,142,1258,333,246
20190424,서울특별시,11,강서구,11500,제주특별자치도,50,10,58,12,37,39,6,44,17,141,23,33
20190424,서울특별시,11,강서구,11500,경상남도,48,73,429,64,267,446,41,468,166,991,247,307
20190424,서울특별시,11,성동구,11200,서울특별시,11,231,3725,1499,720,1212,280,886,231,2851,2241,511
20190424,서울특별시,11,강서구,11500,경상북도,47,62,287,42,253,313,43,391,85,735,183,295
20190424,서울특별시,11,강서구,11500,전라남도,46,59,202,34,131,225,25,243,85,530,99,197
20190424,서울특별시,11,강서구,11500,전라북도,45,35,206,25,132,240,25,249,66,571,118,214
20190424,서울특별시,11,강서구,11500,충청남도,44,64,292,44,177,320,24,365,106,687,192,249
20190424,서울특별시,11,강서구,11500,충청북도,43,47,219,35,165,212,19,236,67,556,134,193
20190424,서울특별시,11,강서구,11500,강원도,42,65,211,32,187,286,31,357,97,583,121,302
20190424,서울특별시,11,강서구,11500,경기도,41,293,2118,360,1289,2025,275,2003,599,4046,1000,1334
20190424,서울특별시,11,강서구,11500,세종특별자치시,36,10,48,8,28,57,6,59,18,101,37,47
20190424,서울특별시,11,강서구,11500,울산광역시,31,22,129,21,66,157,20,138,61,333,76,70
20190424,서울특별시,11,강서구,11500,대전광역시,30,39,216,34,123,203,28,177,66,375,95,125
20190424,서울특별시,11,강서구,11500,광주광역시,29,21,238,48,99,163,21,178,67,408,105,128
20190424,서울특별시,11,강서구,11500,인천광역시,28,52,403,75,222,379,49,392,124,810,184,282
20190424,서울특별시,11,강서구,11500,대구광역시,27,48,324,62,172,280,31,273,121,605,145,170
20190424,서울특별시,11,강서구,11500,부산광역시,26,61,405,80,215,404,43,474,144,815,222,279
20190424,서울특별시,11,강서구,11500,서울특별시,11,178,1592,651,1067,1595,189,1577,387,2688,670,1065
20190424,서울특별시,11,송파구,11710,대구광역시,27,38,311,31,105,296,30,195,15,543,180,159
20190424,서울특별시,11,송파구,11710,부산광역시,26,38,378,61,111,391,35,302,44,707,278,214
20190424,서울특별시,11,금천구,11545,광주광역시,29,38,270,20,226,199,105,220,35,284,195,306
20190424,서울특별시,11,중랑구,11260,제주특별자치도,50,17,43,5,10,50,5,21,15,109,41,16
20190424,서울특별시,11,중랑구,11260,경상남도,48,66,317,32,146,431,53,193,106,870,426,175
20190424,서울특별시,11,중랑구,11260,경상북도,47,59,270,22,143,315,37,139,97,705,297,134
20190424,서울특별시,11,중랑구,11260,전라남도,46,43,197,9,68,194,19,84,61,454,208,94
20190424,서울특별시,11,중랑구,11260,전라북도,45,39,186,19,108,197,20,100,75,479,246,113
20190424,서울특별시,11,중랑구,11260,충청남도,44,49,256,30,82,320,31,131,94,645,356,122
20190424,서울특별시,11,중랑구,11260,충청북도,43,29,163,24,118,228,27,87,66,479,218,106
20190424,서울특별시,11,중랑구,11260,강원도,42,31,198,25,62,199,33,122,76,416,247,83
20190424,서울특별시,11,중랑구,11260,경기도,41,367,1741,249,996,1873,262,873,547,4645,2109,859
20190424,서울특별시,11,중랑구,11260,세종특별자치시,36,14,39,8,24,62,6,17,15,96,44,28
20190424,서울특별시,11,중랑구,11260,울산광역시,31,28,114,16,59,184,16,84,46,334,150,57
20190424,서울특별시,11,중랑구,11260,대전광역시,30,34,153,15,122,205,20,83,51,451,239,86
20190424,서울특별시,11,중랑구,11260,광주광역시,29,47,151,25,113,200,24,69,57,453,256,89
20190424,서울특별시,11,중랑구,11260,인천광역시,28,92,368,35,168,398,43,181,152,953,455,208
20190424,서울특별시,11,중랑구,11260,대구광역시,27,54,219,33,106,283,30,121,86,762,312,149
20190424,서울특별시,11,중랑구,11260,부산광역시,26,74,339,33,160,364,55,186,106,862,420,214
20190424,서울특별시,11,중랑구,11260,서울특별시,11,344,1294,229,714,1455,150,754,372,3286,1475,669
20190424,서울특별시,11,금천구,11545,대전광역시,30,50,216,31,292,192,97,205,29,266,205,244
20190424,서울특별시,11,금천구,11545,울산광역시,31,28,147,16,174,166,71,150,39,161,118,254
20190424,서울특별시,11,금천구,11545,세종특별자치시,36,11,55,7,48,35,43,40,11,53,59,44
20190424,서울특별시,11,금천구,11545,경기도,41,489,2270,257,2442,1975,909,1795,395,2177,1800,2531
20190424,서울특별시,11,금천구,11545,강원도,42,47,244,30,304,225,78,173,36,188,194,295
20190424,서울특별시,11,금천구,11545,충청북도,43,48,243,24,276,175,70,169,34,224,199,250
20190424,서울특별시,11,금천구,11545,충청남도,44,76,348,32,408,292,115,248,69,603,265,1020
20190424,서울특별시,11,금천구,11545,전라북도,45,46,254,21,270,197,102,191,32,226,186,257
20190424,서울특별시,11,금천구,11545,전라남도,46,46,236,22,267,203,71,205,29,207,171,268
20190424,서울특별시,11,금천구,11545,경상북도,47,81,289,35,393,307,110,250,63,305,298,416
20190424,서울특별시,11,금천구,11545,경상남도,48,93,436,45,569,372,192,402,76,407,336,569
20190424,서울특별시,11,금천구,11545,제주특별자치도,50,19,50,11,83,72,26,51,6,68,61,87
20190424,서울특별시,11,강북구,11305,경상남도,48,14,141,7,44,85,13,20,134,448,111,11
20190424,서울특별시,11,강북구,11305,제주특별자치도,50,0,19,4,6,13,5,4,12,81,14,0
20190424,서울특별시,11,종로구,11110,서울특별시,11,134,1565,950,325,702,37,339,119,1253,719,141
20190424,서울특별시,11,종로구,11110,부산광역시,26,37,340,302,70,166,5,78,42,395,208,34
20190424,서울특별시,11,종로구,11110,대구광역시,27,25,240,218,40,122,8,49,39,266,135,30
20190424,서울특별시,11,종로구,11110,인천광역시,28,30,267,257,74,143,10,52,43,292,186,56
20190424,서울특별시,11,종로구,11110,광주광역시,29,15,131,121,34,64,0,33,20,173,107,12
20190424,서울특별시,11,종로구,11110,대전광역시,30,18,152,105,31,58,0,32,19,197,98,15
20190424,서울특별시,11,종로구,11110,울산광역시,31,12,109,109,25,49,4,20,23,137,58,9
20190424,서울특별시,11,종로구,11110,세종특별자치시,36,4,36,42,4,29,0,10,7,48,28,0
20190424,서울특별시,11,종로구,11110,경기도,41,180,1564,1206,319,760,49,427,212,1697,961,147
20190424,서울특별시,11,종로구,11110,강원도,42,18,147,166,31,73,0,43,32,164,97,12
20190424,서울특별시,11,종로구,11110,충청북도,43,12,134,125,41,86,5,41,23,215,114,12
20190424,서울특별시,11,구로구,11530,강원도,42,10,151,19,58,375,21,93,6,107,53,107
20190424,서울특별시,11,구로구,11530,충청북도,43,17,170,24,87,182,35,106,17,145,62,167
20190424,서울특별시,11,서대문구,11410,제주특별자치도,50,4,22,0,11,24,0,8,3,23,6,12
20190424,서울특별시,11,성동구,11200,제주특별자치도,50,14,158,26,15,45,10,19,0,114,117,11
20190424,서울특별시,11,성동구,11200,경상남도,48,96,739,418,195,220,71,195,45,559,505,106
20190424,서울특별시,11,성동구,11200,경상북도,47,30,529,358,97,189,64,169,40,435,374,80
20190424,서울특별시,11,성동구,11200,전라남도,46,17,322,160,57,117,34,100,24,303,250,37
20190424,서울특별시,11,성동구,11200,전라북도,45,17,387,226,89,129,27,93,20,356,274,55
20190424,서울특별시,11,양천구,11470,충청북도,43,30,101,17,60,124,14,80,17,87,57,94
20190424,서울특별시,11,양천구,11470,강원도,42,22,86,11,69,137,17,57,25,59,36,88
20190424,서울특별시,11,영등포구,11560,전라남도,46,13,201,48,185,134,10,123,12,93,47,86
20190424,서울특별시,11,영등포구,11560,전라북도,45,9,221,45,191,116,9,130,18,104,48,112
20190424,서울특별시,11,영등포구,11560,충청남도,44,21,312,56,298,306,17,189,18,142,80,159
20190424,서울특별시,11,영등포구,11560,충청북도,43,8,187,44,195,125,10,122,21,149,80,92
20190424,서울특별시,11,영등포구,11560,강원도,42,7,191,43,198,115,16,133,12,83,39,108
20190424,서울특별시,11,영등포구,11560,경기도,41,131,1968,358,1869,1214,128,1761,153,1416,555,833
20190424,서울특별시,11,영등포구,11560,세종특별자치시,36,3,40,11,42,37,0,41,0,24,16,23
20190424,서울특별시,11,영등포구,11560,울산광역시,31,9,120,16,145,94,7,102,13,81,37,53
20190424,서울특별시,11,영등포구,11560,대전광역시,30,22,179,33,221,124,11,164,23,83,56,88
20190424,서울특별시,11,영등포구,11560,광주광역시,29,7,174,50,208,131,10,150,11,111,47,74
20190424,서울특별시,11,영등포구,11560,인천광역시,28,31,384,67,429,259,19,332,34,222,104,251
20190424,서울특별시,11,영등포구,11560,대구광역시,27,22,251,78,253,179,8,216,16,145,65,147
20190424,서울특별시,11,영등포구,11560,부산광역시,26,33,420,130,418,363,21,354,22,229,121,161
20190424,서울특별시,11,성동구,11200,충청남도,44,37,557,333,103,162,62,170,31,458,341,71
20190424,서울특별시,11,성동구,11200,충청북도,43,25,292,139,72,154,25,100,27,364,228,58
20190424,서울특별시,11,성동구,11200,강원도,42,21,276,141,60,132,40,103,21,277,222,55
20190424,서울특별시,11,성동구,11200,경기도,41,296,3987,1737,760,1386,346,1150,274,3458,2488,581
20190424,서울특별시,11,성동구,11200,세종특별자치시,36,4,54,27,11,42,6,33,9,73,72,6
20190424,서울특별시,11,성동구,11200,울산광역시,31,13,275,160,39,90,19,76,22,219,223,36
20190424,서울특별시,11,성동구,11200,대전광역시,30,31,315,126,82,144,38,130,22,328,342,45
20190424,서울특별시,11,영등포구,11560,서울특별시,11,87,1615,341,1613,1137,74,1738,112,996,412,662
20190424,서울특별시,11,마포구,11440,제주특별자치도,50,8,94,13,17,43,0,52,3,77,57,14
20190424,서울특별시,11,관악구,11620,제주특별자치도,50,6,19,4,9,13,0,7,5,38,5,17
20190425,서울특별시,11,용산구,11170,세종특별자치시,36,0,42,4,224,22,0,5,15,45,21,9
20190425,서울특별시,11,용산구,11170,경기도,41,165,1986,272,9345,976,181,286,308,1877,694,322
20190425,서울특별시,11,용산구,11170,강원도,42,15,194,17,874,131,18,31,26,146,42,33
20190425,서울특별시,11,용산구,11170,충청북도,43,17,196,20,946,90,23,27,21,175,58,30
20190425,서울특별시,11,용산구,11170,충청남도,44,26,257,25,1502,119,26,39,41,222,77,48
20190425,서울특별시,11,용산구,11170,전라북도,45,19,220,23,955,106,11,35,31,183,57,31
20190425,서울특별시,11,용산구,11170,전라남도,46,8,177,10,904,130,19,41,36,162,49,24
20190425,서울특별시,11,강동구,11740,인천광역시,28,60,192,86,57,283,23,175,29,223,83,66
20190425,서울특별시,11,강동구,11740,광주광역시,29,34,94,48,26,141,9,59,24,89,28,38
20190425,서울특별시,11,강동구,11740,대전광역시,30,34,72,37,39,132,13,79,13,101,42,33
20190425,서울특별시,11,강동구,11740,울산광역시,31,22,71,40,14,68,6,39,14,75,22,22
20190425,서울특별시,11,강동구,11740,세종특별자치시,36,3,24,19,7,28,0,31,8,22,8,11
20190425,서울특별시,11,강동구,11740,경기도,41,355,963,504,258,1647,113,884,122,1356,434,346
20190425,서울특별시,11,강동구,11740,강원도,42,40,104,47,25,141,14,100,10,91,23,35
20190425,서울특별시,11,강동구,11740,충청북도,43,27,91,42,27,138,7,57,31,141,30,27
20190425,서울특별시,11,강동구,11740,충청남도,44,46,132,52,40,217,18,142,14,153,46,43
20190425,서울특별시,11,강동구,11740,전라북도,45,53,94,58,30,117,6,82,15,120,34,30
20190425,서울특별시,11,강동구,11740,전라남도,46,49,84,57,25,169,12,103,17,85,28,33
20190425,서울특별시,11,강동구,11740,경상북도,47,62,145,84,37,182,18,148,14,130,50,55
20190425,서울특별시,11,강동구,11740,경상남도,48,67,176,88,55,242,25,224,24,179,67,67
20190425,서울특별시,11,강동구,11740,제주특별자치도,50,11,26,0,3,55,0,22,0,21,7,7
20190425,서울특별시,11,서대문구,11410,제주특별자치도,50,3,15,4,0,33,0,3,5,41,3,7
20190425,서울특별시,11,서대문구,11410,경상남도,48,8,90,51,21,307,8,110,9,217,69,79
20190425,서울특별시,11,서대문구,11410,경상북도,47,7,63,9,17,214,8,81,15,152,45,57
20190425,서울특별시,11,서대문구,11410,전라남도,46,5,43,10,14,159,3,53,14,119,28,44
20190425,서울특별시,11,서대문구,11410,전라북도,45,13,63,7,14,160,7,43,15,135,31,33
20190425,서울특별시,11,서대문구,11410,충청남도,44,17,95,27,18,211,6,59,16,177,52,61
20190425,서울특별시,11,서대문구,11410,충청북도,43,9,53,13,18,170,6,68,7,165,39,39
20190425,서울특별시,11,용산구,11170,경상북도,47,23,316,27,1365,150,29,37,46,253,72,60
20190425,서울특별시,11,용산구,11170,경상남도,48,26,335,32,1757,172,37,45,73,312,113,70
20190425,서울특별시,11,용산구,11170,제주특별자치도,50,4,65,6,257,35,6,6,4,46,30,5
20190425,서울특별시,11,노원구,11350,서울특별시,11,59,530,137,166,514,117,334,204,1538,328,225
20190425,서울특별시,11,노원구,11350,부산광역시,26,20,141,27,37,108,25,36,51,334,98,44
20190425,서울특별시,11,노원구,11350,대구광역시,27,14,89,19,44,83,21,28,36,287,46,35
20190425,서울특별시,11,노원구,11350,인천광역시,28,26,96,20,42,120,26,41,59,349,90,49
20190425,서울특별시,11,노원구,11350,광주광역시,29,4,56,12,19,62,11,20,21,197,37,27
20190425,서울특별시,11,서대문구,11410,강원도,42,3,54,7,18,133,7,55,15,125,15,36
20190425,서울특별시,11,서대문구,11410,경기도,41,54,557,91,140,1446,48,454,92,1369,255,414
20190425,서울특별시,11,노원구,11350,대전광역시,30,7,55,6,26,37,11,16,30,192,44,23
20190425,서울특별시,11,노원구,11350,울산광역시,31,6,31,7,14,36,9,11,23,151,14,13
20190425,서울특별시,11,노원구,11350,세종특별자치시,36,0,16,5,6,10,0,0,14,59,14,5
20190425,서울특별시,11,노원구,11350,경기도,41,82,602,141,243,631,140,331,286,2320,420,258
20190425,서울특별시,11,노원구,11350,강원도,42,0,48,17,28,57,19,19,34,173,32,18
20190425,서울특별시,11,노원구,11350,충청북도,43,8,70,18,25,52,16,26,28,210,29,27
20190425,서울특별시,11,노원구,11350,충청남도,44,12,81,10,27,83,10,36,35,279,44,29
20190425,서울특별시,11,노원구,11350,전라북도,45,3,67,6,11,46,8,31,32,219,33,30
20190425,서울특별시,11,노원구,11350,전라남도,46,8,58,7,15,43,7,31,27,198,39,24
20190425,서울특별시,11,노원구,11350,경상북도,47,12,81,8,27,71,18,40,26,267,42,27
20190425,서울특별시,11,노원구,11350,경상남도,48,27,91,6,47,98,31,42,50,316,69,49
20190425,서울특별시,11,노원구,11350,제주특별자치도,50,0,10,0,4,10,5,5,9,63,5,0
20190425,서울특별시,11,서대문구,11410,세종특별자치시,36,0,11,0,6,18,0,13,0,33,6,13
20190425,서울특별시,11,서대문구,11410,울산광역시,31,5,34,3,10,96,0,34,0,86,22,25
20190425,서울특별시,11,서대문구,11410,대전광역시,30,5,67,17,9,130,4,67,5,133,20,38
20190425,서울특별시,11,서대문구,11410,광주광역시,29,0,46,7,8,128,4,44,9,139,17,30
20190425,서울특별시,11,서대문구,11410,인천광역시,28,7,98,7,34,269,10,98,20,241,40,94
20190425,서울특별시,11,서대문구,11410,대구광역시,27,10,59,8,17,165,11,76,10,181,32,59
20190425,서울특별시,11,서대문구,11410,부산광역시,26,8,137,24,29,286,21,104,24,256,74,96
20190425,서울특별시,11,서대문구,11410,서울특별시,11,38,525,86,117,1029,42,410,47,1078,166,308
20190425,서울특별시,11,관악구,11620,서울특별시,11,134,650,348,473,279,24,179,43,1143,247,491
20190425,서울특별시,11,관악구,11620,부산광역시,26,28,149,55,140,85,13,57,11,262,85,129
20190425,서울특별시,11,관악구,11620,대구광역시,27,34,98,29,57,42,3,35,5,196,49,90
20190425,서울특별시,11,관악구,11620,인천광역시,28,31,128,40,72,76,7,61,23,271,53,106
20190425,서울특별시,11,관악구,11620,광주광역시,29,9,63,36,47,40,0,23,7,127,38,64
20190425,서울특별시,11,관악구,11620,대전광역시,30,14,67,22,57,31,5,16,8,129,30,52
20190425,서울특별시,11,관악구,11620,울산광역시,31,9,46,13,58,18,3,12,4,95,18,38
20190425,서울특별시,11,관악구,11620,세종특별자치시,36,4,9,6,7,12,0,7,4,23,14,17
20190425,서울특별시,11,관악구,11620,경기도,41,170,805,225,449,439,61,240,68,1626,326,567
20190425,서울특별시,11,관악구,11620,강원도,42,11,81,10,42,45,5,24,6,135,21,57
20190425,서울특별시,11,관악구,11620,충청북도,43,10,92,17,39,40,5,14,9,165,28,56
20190425,서울특별시,11,관악구,11620,충청남도,44,21,109,14,82,54,0,32,15,220,60,63
20190425,서울특별시,11,관악구,11620,전라북도,45,16,61,25,58,37,5,16,6,182,32,60
20190425,서울특별시,11,관악구,11620,전라남도,46,13,76,19,46,41,3,24,8,147,33,47
20190425,서울특별시,11,관악구,11620,경상북도,47,23,117,27,78,62,7,37,12,186,39,85
20190425,서울특별시,11,관악구,11620,경상남도,48,25,132,40,148,79,4,37,10,230,55,92
20190425,서울특별시,11,관악구,11620,제주특별자치도,50,6,17,8,7,22,0,22,3,38,10,11
20190425,서울특별시,11,송파구,11710,인천광역시,28,46,339,31,109,334,43,346,46,704,273,278
20190425,서울특별시,11,송파구,11710,대구광역시,27,56,278,23,75,243,35,213,28,528,183,196
20190425,서울특별시,11,송파구,11710,부산광역시,26,51,359,65,119,353,47,293,29,724,283,268
20190425,서울특별시,11,송파구,11710,서울특별시,11,156,1673,203,849,974,192,1856,152,3119,1087,967
20190425,서울특별시,11,양천구,11470,제주특별자치도,50,10,16,0,10,28,3,13,6,12,6,22
20190425,서울특별시,11,양천구,11470,경상남도,48,79,136,10,106,298,30,108,36,92,87,156
20190425,서울특별시,11,양천구,11470,경상북도,47,52,133,12,76,231,28,91,26,69,62,122
20190425,서울특별시,11,양천구,11470,전라남도,46,39,78,12,40,141,31,65,23,45,44,68
20190425,서울특별시,11,송파구,11710,세종특별자치시,36,7,44,6,12,31,7,27,6,94,17,19
20190425,서울특별시,11,송파구,11710,경기도,41,223,1961,248,578,1550,266,2180,227,3906,1276,1171
20190425,서울특별시,11,중구,11140,제주특별자치도,50,9,78,46,11,59,13,13,4,160,43,7
20190425,서울특별시,11,구로구,11530,제주특별자치도,50,5,82,10,18,64,7,36,14,30,14,52
20190425,서울특별시,11,구로구,11530,경상남도,48,30,282,43,111,343,45,175,52,279,107,325
20190425,서울특별시,11,구로구,11530,경상북도,47,13,227,29,112,228,38,151,30,211,87,243
20190425,서울특별시,11,구로구,11530,전라남도,46,15,144,22,44,146,20,86,28,140,66,172
20190425,서울특별시,11,구로구,11530,전라북도,45,9,198,38,69,169,24,74,25,176,71,161
20190425,서울특별시,11,구로구,11530,충청남도,44,13,246,34,85,230,64,126,42,227,110,211
20190425,서울특별시,11,구로구,11530,충청북도,43,11,214,22,75,164,48,132,17,151,68,158
20190425,서울특별시,11,구로구,11530,강원도,42,15,138,20,67,162,25,78,11,130,76,130
20190425,서울특별시,11,성동구,11200,제주특별자치도,50,10,86,41,14,27,8,16,5,92,28,9
20190425,서울특별시,11,성동구,11200,경상남도,48,37,524,274,195,190,68,194,57,544,125,88
20190425,서울특별시,11,성동구,11200,경상북도,47,25,336,189,88,145,57,126,32,410,101,55
20190425,서울특별시,11,성동구,11200,전라남도,46,12,192,98,73,117,24,72,22,277,66,31
20190425,서울특별시,11,성동구,11200,전라북도,45,19,207,103,73,83,28,81,19,349,78,28
20190425,서울특별시,11,성동구,11200,충청남도,44,26,300,182,191,99,53,101,33,436,107,61
20190425,서울특별시,11,성동구,11200,충청북도,43,15,210,120,60,114,43,95,21,362,72,53
20190425,서울특별시,11,성동구,11200,강원도,42,19,258,107,64,88,42,86,21,312,63,51
20190425,서울특별시,11,성동구,11200,경기도,41,143,2928,1350,663,1081,306,884,243,3357,871,458
20190425,서울특별시,11,성동구,11200,세종특별자치시,36,0,72,37,13,14,7,22,6,66,20,3
20190425,서울특별시,11,성동구,11200,울산광역시,31,12,131,64,27,77,25,49,18,230,54,24
20190425,서울특별시,11,성동구,11200,대전광역시,30,21,219,118,60,153,44,99,26,325,86,51
20190425,서울특별시,11,성동구,11200,광주광역시,29,13,209,118,72,82,33,82,32,321,83,32
20190425,서울특별시,11,성동구,11200,인천광역시,28,36,571,238,170,204,54,173,55,679,151,90
20190425,서울특별시,11,성동구,11200,대구광역시,27,25,348,201,101,182,58,120,33,441,111,57
20190425,서울특별시,11,성동구,11200,부산광역시,26,24,568,244,177,219,68,182,40,701,190,91
20190425,서울특별시,11,성동구,11200,서울특별시,11,151,2841,1061,632,870,267,692,179,3087,917,379
20190425,서울특별시,11,중랑구,11260,서울특별시,11,280,1190,274,542,1207,149,699,376,2863,1312,657
20190425,서울특별시,11,중랑구,11260,부산광역시,26,56,298,30,157,403,46,196,103,740,334,210
20190425,서울특별시,11,중랑구,11260,대구광역시,27,59,228,29,104,302,44,181,70,578,222,141
20190425,서울특별시,11,중랑구,11260,인천광역시,28,72,344,40,135,405,47,215,105,862,328,195
20190425,서울특별시,11,중랑구,11260,광주광역시,29,40,159,13,73,174,23,69,60,409,198,97
20190425,서울특별시,11,중랑구,11260,대전광역시,30,44,162,17,75,173,24,85,60,423,185,90
20190425,서울특별시,11,중랑구,11260,울산광역시,31,38,97,15,59,142,14,57,31,263,106,52
20190425,서울특별시,11,중랑구,11260,세종특별자치시,36,11,22,3,29,53,6,33,18,92,46,21
20190425,서울특별시,11,중랑구,11260,경기도,41,338,1568,210,641,1810,282,908,540,4054,1619,838
20190425,서울특별시,11,중랑구,11260,강원도,42,43,161,12,64,218,23,115,45,354,170,86
20190425,서울특별시,11,중랑구,11260,충청북도,43,46,183,27,125,215,23,90,53,441,191,85
20190425,서울특별시,11,중랑구,11260,충청남도,44,46,267,27,95,294,28,107,85,620,228,118
20190425,서울특별시,11,중랑구,11260,전라북도,45,44,177,15,83,218,28,88,61,435,175,103
20190425,서울특별시,11,중랑구,11260,전라남도,46,30,185,24,75,208,26,113,53,361,174,80
20190425,서울특별시,11,중랑구,11260,경상북도,47,57,246,32,88,308,32,135,84,599,258,131
20190425,서울특별시,11,중랑구,11260,경상남도,48,70,314,31,124,413,51,202,109,757,372,196
20190425,서울특별시,11,중랑구,11260,제주특별자치도,50,10,44,4,24,47,4,14,19,94,49,15
20190425,서울특별시,11,동작구,11590,서울특별시,11,129,511,360,220,388,109,210,65,741,299,366
20190425,서울특별시,11,동작구,11590,부산광역시,26,26,123,56,51,120,31,64,18,135,69,96
20190425,서울특별시,11,동작구,11590,대구광역시,27,27,79,42,32,43,26,28,19,110,43,78
20190425,서울특별시,11,동작구,11590,인천광역시,28,46,112,58,38,84,38,52,31,159,54,91
20190425,서울특별시,11,동작구,11590,광주광역시,29,16,52,36,27,50,14,25,15,64,29,33
20190425,서울특별시,11,동작구,11590,대전광역시,30,17,47,29,32,50,14,19,10,67,25,34
20190425,서울특별시,11,동작구,11590,울산광역시,31,20,43,14,9,28,9,19,7,53,19,39
20190425,서울특별시,11,동작구,11590,세종특별자치시,36,3,16,6,4,4,5,5,3,7,3,10
20190425,서울특별시,11,동작구,11590,경기도,41,156,634,259,271,521,183,214,110,1008,375,427
20190425,서울특별시,11,동작구,11590,강원도,42,14,52,33,35,46,16,22,8,57,26,33
20190425,서울특별시,11,구로구,11530,경기도,41,112,1722,258,662,1586,200,709,195,1704,650,1434
20190425,서울특별시,11,구로구,11530,세종특별자치시,36,3,37,7,11,31,4,16,6,35,22,28
20190425,서울특별시,11,구로구,11530,울산광역시,31,5,108,13,41,118,19,92,11,102,43,128
20190425,서울특별시,11,구로구,11530,대전광역시,30,13,200,36,68,179,19,112,19,117,105,139
20190425,서울특별시,11,구로구,11530,광주광역시,29,21,177,29,63,151,21,83,21,130,66,142
20190425,서울특별시,11,구로구,11530,인천광역시,28,25,361,56,120,349,41,123,52,297,126,292
20190425,서울특별시,11,구로구,11530,대구광역시,27,19,262,32,132,213,47,174,29,213,104,247
20190425,서울특별시,11,구로구,11530,부산광역시,26,16,349,61,144,354,61,230,30,299,130,335
20190425,서울특별시,11,구로구,11530,서울특별시,11,79,1657,303,512,1315,152,454,117,1122,566,1105
20190425,서울특별시,11,도봉구,11320,제주특별자치도,50,4,19,10,21,10,5,15,3,42,22,28
20190425,서울특별시,11,도봉구,11320,경상남도,48,35,191,52,233,117,33,192,37,398,183,310
20190425,서울특별시,11,도봉구,11320,경상북도,47,15,132,34,152,84,25,110,29,277,152,209
20190425,서울특별시,11,도봉구,11320,전라남도,46,9,88,19,79,65,11,87,23,192,88,157
20190425,서울특별시,11,도봉구,11320,전라북도,45,12,79,30,120,46,11,89,22,231,101,148
20190425,서울특별시,11,도봉구,11320,충청남도,44,19,110,28,170,92,12,155,33,307,134,167
20190425,서울특별시,11,도봉구,11320,충청북도,43,10,84,25,103,60,13,117,34,224,106,135
20190425,서울특별시,11,도봉구,11320,강원도,42,11,88,26,108,64,17,89,20,202,95,103
20190425,서울특별시,11,도봉구,11320,경기도,41,139,1047,284,1038,624,132,868,226,2075,914,1303
20190425,서울특별시,11,도봉구,11320,세종특별자치시,36,0,26,8,22,16,4,13,6,32,21,37
20190425,서울특별시,11,도봉구,11320,울산광역시,31,8,53,19,78,47,6,51,19,151,51,103
20190425,서울특별시,11,도봉구,11320,대전광역시,30,9,99,38,95,66,7,105,16,152,103,159
20190425,서울특별시,11,도봉구,11320,광주광역시,29,13,68,36,137,64,17,74,34,193,112,148
20190425,서울특별시,11,도봉구,11320,인천광역시,28,26,239,41,239,117,22,155,43,402,215,298
20190425,서울특별시,11,도봉구,11320,대구광역시,27,28,131,62,163,91,23,140,28,288,117,232
20190425,서울특별시,11,도봉구,11320,부산광역시,26,22,184,69,225,122,29,210,45,397,192,324
20190425,서울특별시,11,도봉구,11320,서울특별시,11,107,822,255,925,467,107,729,160,1289,631,981
20190425,서울특별시,11,서초구,11650,서울특별시,11,359,2148,570,546,1154,146,1687,206,1278,604,863
20190425,서울특별시,11,서초구,11650,부산광역시,26,78,431,109,112,285,33,326,43,200,157,234
20190425,서울특별시,11,서초구,11650,대구광역시,27,57,307,92,89,251,36,227,32,153,94,195
20190425,서울특별시,11,서초구,11650,인천광역시,28,63,356,78,112,283,45,275,42,217,137,214
20190425,서울특별시,11,서초구,11650,광주광역시,29,36,188,44,49,129,25,127,15,117,66,112
20190425,서울특별시,11,서초구,11650,대전광역시,30,32,252,41,56,127,17,124,25,91,54,101
20190425,서울특별시,11,서초구,11650,울산광역시,31,27,153,26,44,81,8,109,6,75,47,99
20190425,서울특별시,11,서초구,11650,제주특별자치도,50,13,67,19,34,28,10,34,6,25,19,29
20190425,서울특별시,11,서초구,11650,경상남도,48,53,332,83,88,288,40,271,29,152,119,236
20190425,서울특별시,11,서초구,11650,경상북도,47,58,243,48,59,222,34,212,32,125,89,178
20190425,서울특별시,11,서초구,11650,전라남도,46,19,155,56,54,139,30,136,16,79,41,86
20190425,서울특별시,11,서초구,11650,전라북도,45,38,178,43,57,152,20,164,12,117,67,113
20190425,서울특별시,11,서초구,11650,충청남도,44,66,293,66,67,226,27,197,37,156,90,164
20190425,서울특별시,11,서초구,11650,충청북도,43,21,229,47,63,133,28,160,19,127,71,91
20190425,서울특별시,11,서초구,11650,강원도,42,31,186,43,45,174,25,157,16,99,60,92
20190425,서울특별시,11,서초구,11650,경기도,41,360,2256,535,531,1482,279,1630,216,1573,685,1019
20190425,서울특별시,11,서초구,11650,세종특별자치시,36,6,52,10,8,37,3,36,8,23,10,23
20190425,서울특별시,11,중구,11140,경상남도,48,73,477,60,83,362,77,120,29,947,211,47
20190425,서울특별시,11,중구,11140,경상북도,47,69,356,55,51,252,54,87,27,672,155,36
20190425,서울특별시,11,중구,11140,전라남도,46,44,287,32,22,163,39,83,18,475,99,25
20190425,서울특별시,11,중구,11140,전라북도,45,44,272,48,44,210,41,70,23,514,112,14
20190425,서울특별시,11,중구,11140,충청남도,44,61,407,46,53,259,49,114,29,744,159,26
20190425,서울특별시,11,중구,11140,충청북도,43,49,297,27,32,179,43,72,28,502,104,28
20190425,서울특별시,11,중구,11140,강원도,42,58,300,31,40,233,50,79,10,487,119,22
20190425,서울특별시,11,중구,11140,경기도,41,432,2648,345,376,1774,416,615,163,4954,1188,246
20190425,서울특별시,11,중구,11140,세종특별자치시,36,12,73,4,11,33,17,14,5,137,36,8
20190425,서울특별시,11,중구,11140,울산광역시,31,25,145,18,35,107,32,46,9,359,85,9
20190425,서울특별시,11,중구,11140,대전광역시,30,47,260,41,44,178,42,78,17,535,129,21
20190425,서울특별시,11,중구,11140,광주광역시,29,41,309,53,33,169,34,51,27,563,120,23
20190425,서울특별시,11,중구,11140,인천광역시,28,82,523,64,80,370,69,148,30,980,252,52
20190425,서울특별시,11,중구,11140,대구광역시,27,65,430,94,74,306,46,79,27,847,173,49
20190425,서울특별시,11,중구,11140,부산광역시,26,76,533,83,75,405,63,127,38,1051,232,61
20190425,서울특별시,11,중구,11140,서울특별시,11,379,2792,397,372,1623,269,558,117,4338,1068,273
20190425,서울특별시,11,영등포구,11560,서울특별시,11,70,1762,2623,1447,1039,57,1257,225,963,399,512
20190425,서울특별시,11,영등포구,11560,부산광역시,26,34,384,87,366,231,27,311,26,182,97,128
20190425,서울특별시,11,영등포구,11560,대구광역시,27,13,309,62,250,150,14,178,10,115,63,101
20190425,서울특별시,11,양천구,11470,전라북도,45,30,92,5,47,153,20,90,24,76,48,86
20190425,서울특별시,11,양천구,11470,충청남도,44,53,132,16,73,207,24,86,26,113,68,111
20190425,서울특별시,11,성북구,11290,제주특별자치도,50,10,69,134,43,108,26,36,67,402,153,56
20190425,서울특별시,11,성북구,11290,경상남도,48,64,634,438,261,561,110,463,286,2604,925,413
20190425,서울특별시,11,성북구,11290,경상북도,47,31,460,360,222,445,73,350,231,1999,716,336
20190425,서울특별시,11,성북구,11290,전라남도,46,33,326,239,115,270,42,206,169,1340,440,209
20190425,서울특별시,11,성북구,11290,전라북도,45,36,319,263,147,274,54,376,179,1529,534,220
20190425,서울특별시,11,성북구,11290,충청남도,44,43,472,362,194,448,61,248,175,2056,707,283
20190425,서울특별시,11,성북구,11290,충청북도,43,39,351,277,156,320,53,220,144,1454,491,216
20190425,서울특별시,11,성북구,11290,강원도,42,29,337,316,133,306,58,222,133,1508,472,190
20190425,서울특별시,11,성북구,11290,경기도,41,278,3327,3150,1418,2871,398,2078,1133,13363,4535,2046
20190425,서울특별시,11,성북구,11290,세종특별자치시,36,6,66,78,25,79,12,52,36,310,125,47
20190425,서울특별시,11,성북구,11290,울산광역시,31,27,220,155,106,199,25,164,82,925,356,174
20190425,서울특별시,11,성북구,11290,대전광역시,30,37,341,316,142,330,64,232,125,1374,513,214
20190425,서울특별시,11,성북구,11290,광주광역시,29,31,341,214,132,307,39,195,137,1485,549,192
20190425,서울특별시,11,성북구,11290,인천광역시,28,55,720,414,255,592,76,429,240,2748,1036,445
20190425,서울특별시,11,성북구,11290,대구광역시,27,50,474,433,232,412,76,317,229,1982,754,328
20190425,서울특별시,11,성북구,11290,부산광역시,26,62,668,541,317,620,72,494,204,2600,968,449
20190425,서울특별시,11,성북구,11290,서울특별시,11,222,2788,4211,1194,2555,314,1809,812,10045,3806,1659
20190425,서울특별시,11,은평구,11380,서울특별시,11,90,743,135,241,785,178,347,202,1821,453,839
20190425,서울특별시,11,은평구,11380,부산광역시,26,15,208,33,60,193,56,80,65,552,137,241
20190425,서울특별시,11,은평구,11380,대구광역시,27,18,159,15,37,133,44,78,63,364,68,159
20190425,서울특별시,11,은평구,11380,인천광역시,28,27,258,30,60,190,59,108,90,577,114,272
20190425,서울특별시,11,강북구,11305,제주특별자치도,50,5,27,0,13,8,0,6,14,60,10,0
20190425,서울특별시,11,강북구,11305,경상남도,48,18,159,8,73,79,7,14,124,497,110,6
20190425,서울특별시,11,강북구,11305,경상북도,47,7,142,8,55,64,7,7,95,328,68,8
20190425,서울특별시,11,강북구,11305,전라남도,46,4,82,8,50,39,4,10,44,203,46,0
20190425,서울특별시,11,강북구,11305,전라북도,45,6,88,7,58,38,5,9,59,274,47,0
20190425,서울특별시,11,강북구,11305,충청남도,44,0,131,4,59,55,8,12,85,397,84,5
20190425,서울특별시,11,강북구,11305,충청북도,43,5,80,4,44,53,6,7,80,264,58,6
20190425,서울특별시,11,강북구,11305,강원도,42,7,89,8,36,51,5,7,49,224,50,5
20190425,서울특별시,11,영등포구,11560,인천광역시,28,16,409,263,400,204,21,255,33,204,102,164
20190425,서울특별시,11,영등포구,11560,광주광역시,29,13,219,57,162,117,11,98,16,91,47,57
20190425,서울특별시,11,영등포구,11560,대전광역시,30,14,256,75,219,133,6,90,18,83,49,73
20190425,서울특별시,11,영등포구,11560,울산광역시,31,5,155,29,132,90,7,77,9,81,28,42
20190425,서울특별시,11,영등포구,11560,세종특별자치시,36,0,69,24,44,23,4,18,3,26,21,23
20190425,서울특별시,11,영등포구,11560,경기도,41,93,2140,1831,1864,1222,97,1203,162,1402,487,636
20190425,서울특별시,11,영등포구,11560,강원도,42,11,229,81,186,96,6,118,11,66,36,88
20190425,서울특별시,11,영등포구,11560,충청북도,43,6,242,68,182,122,10,130,5,104,44,100
20190425,서울특별시,11,영등포구,11560,충청남도,44,10,252,129,286,151,14,125,22,142,53,99
20190425,서울특별시,11,영등포구,11560,전라북도,45,12,216,60,201,103,9,81,13,120,49,68
20190425,서울특별시,11,영등포구,11560,전라남도,46,8,237,57,188,105,10,98,13,85,37,59
20190425,서울특별시,11,영등포구,11560,경상북도,47,13,298,90,267,177,17,209,14,137,58,100
20190425,서울특별시,11,영등포구,11560,경상남도,48,19,350,148,370,205,21,250,25,162,85,133
20190425,서울특별시,11,영등포구,11560,제주특별자치도,50,0,59,20,42,25,0,29,4,27,11,21
20190425,서울특별시,11,강서구,11500,제주특별자치도,50,6,54,24,25,51,5,41,15,87,32,12
20190425,서울특별시,11,강서구,11500,경상남도,48,91,326,100,222,388,42,489,127,690,344,283
20190425,서울특별시,11,강서구,11500,경상북도,47,75,222,108,175,428,31,398,73,581,219,248
20190425,서울특별시,11,강서구,11500,전라남도,46,42,145,48,98,223,22,272,49,469,183,147
20190425,서울특별시,11,강서구,11500,전라북도,45,32,188,80,111,247,31,267,53,393,164,173
20190425,서울특별시,11,강서구,11500,충청남도,44,70,233,103,153,394,34,381,95,585,222,187
20190425,서울특별시,11,강서구,11500,충청북도,43,49,205,81,129,297,22,309,70,400,142,139
20190425,서울특별시,11,강서구,11500,강원도,42,86,134,72,150,319,20,375,59,588,227,219
20190425,서울특별시,11,강서구,11500,경기도,41,304,1718,724,971,1811,238,1934,487,3166,1031,1110
20190425,서울특별시,11,강서구,11500,세종특별자치시,36,13,32,10,25,54,4,35,16,67,37,34
20190425,서울특별시,11,강서구,11500,울산광역시,31,27,111,38,69,162,21,158,49,198,75,70
20190425,서울특별시,11,강서구,11500,대전광역시,30,34,165,74,116,157,18,174,47,220,113,99
20190425,서울특별시,11,강서구,11500,광주광역시,29,26,166,110,79,145,15,182,46,266,72,91
20190425,서울특별시,11,강서구,11500,인천광역시,28,38,328,110,210,371,46,369,91,581,198,236
20190425,서울특별시,11,강서구,11500,대구광역시,27,47,224,132,139,256,32,236,72,401,177,183
20190425,서울특별시,11,강서구,11500,부산광역시,26,50,383,172,195,363,44,437,116,597,217,249
20190425,서울특별시,11,강서구,11500,서울특별시,11,209,1377,752,860,1382,149,1618,302,2101,759,863
20190425,서울특별시,11,강북구,11305,경기도,41,79,896,73,306,384,46,96,584,2501,520,59
20190425,서울특별시,11,강북구,11305,세종특별자치시,36,0,18,0,8,16,0,0,24,54,15,3
20190425,서울특별시,11,강북구,11305,울산광역시,31,5,46,7,23,44,3,7,45,148,32,4
20190425,서울특별시,11,강북구,11305,대전광역시,30,0,91,13,37,43,4,6,61,224,57,7
20190425,서울특별시,11,강북구,11305,광주광역시,29,4,80,3,26,47,4,3,43,238,44,4
20190425,서울특별시,11,강북구,11305,인천광역시,28,9,163,8,65,81,6,13,132,490,96,8
20190425,서울특별시,11,강북구,11305,대구광역시,27,10,125,9,42,65,6,9,104,334,91,6
20190425,서울특별시,11,강북구,11305,부산광역시,26,9,151,6,83,73,11,22,127,414,107,6
20190425,서울특별시,11,강북구,11305,서울특별시,11,43,638,50,234,288,33,84,374,1645,377,42
20190425,서울특별시,11,은평구,11380,광주광역시,29,5,88,14,26,84,22,23,33,255,66,89
20190425,서울특별시,11,은평구,11380,대전광역시,30,10,95,8,26,94,27,40,39,224,61,107
20190425,서울특별시,11,은평구,11380,울산광역시,31,8,75,16,16,63,26,22,40,217,39,64
20190425,서울특별시,11,은평구,11380,세종특별자치시,36,0,32,5,6,18,3,13,9,48,11,28
20190425,서울특별시,11,은평구,11380,경기도,41,124,1047,151,316,997,247,480,350,2979,585,1063
20190425,서울특별시,11,은평구,11380,강원도,42,17,87,21,17,89,24,47,35,263,60,82
20190425,서울특별시,11,은평구,11380,충청북도,43,5,137,29,27,123,30,46,46,258,70,91
20190425,서울특별시,11,은평구,11380,충청남도,44,23,132,27,31,128,39,75,54,409,100,141
20190425,서울특별시,11,은평구,11380,전라북도,45,15,95,21,32,99,30,33,38,347,60,104
20190425,서울특별시,11,은평구,11380,전라남도,46,21,91,17,13,96,28,26,31,293,50,78
20190425,서울특별시,11,은평구,11380,경상북도,47,17,163,23,36,132,50,55,49,396,92,144
20190425,서울특별시,11,은평구,11380,경상남도,48,15,189,30,50,163,62,40,80,535,129,222
20190425,서울특별시,11,은평구,11380,제주특별자치도,50,8,22,4,8,13,4,3,0,71,17,8
20190425,서울특별시,11,동작구,11590,충청북도,43,26,49,39,39,38,14,32,14,78,18,43
20190425,서울특별시,11,동작구,11590,충청남도,44,30,88,26,36,65,25,32,12,98,53,43
20190425,서울특별시,11,동작구,11590,전라북도,45,20,62,23,26,46,15,29,12,80,29,35
20190425,서울특별시,11,동작구,11590,전라남도,46,15,51,42,20,51,14,21,19,68,24,30
20190425,서울특별시,11,동작구,11590,경상북도,47,12,77,29,42,74,16,33,16,102,46,60
20190425,서울특별시,11,동작구,11590,경상남도,48,37,97,48,65,102,20,47,15,114,58,79
20190425,서울특별시,11,동작구,11590,제주특별자치도,50,3,24,9,8,15,0,8,3,26,11,7
20190425,서울특별시,11,동대문구,11230,서울특별시,11,549,1733,170,429,1157,79,1358,471,3528,965,450
20190425,서울특별시,11,동대문구,11230,부산광역시,26,111,468,36,138,343,26,565,147,842,284,144
20190425,서울특별시,11,동대문구,11230,대구광역시,27,89,338,33,77,248,29,344,88,681,211,113
20190425,서울특별시,11,동대문구,11230,인천광역시,28,142,526,40,126,381,25,434,165,1089,274,144
20190425,서울특별시,11,동대문구,11230,광주광역시,29,58,238,18,59,184,15,169,62,488,127,66
20190425,서울특별시,11,동대문구,11230,대전광역시,30,76,215,22,58,149,11,215,67,430,139,73
20190425,서울특별시,11,동대문구,11230,울산광역시,31,40,179,14,41,140,9,142,39,312,103,56
20190425,서울특별시,11,동대문구,11230,세종특별자치시,36,16,60,6,10,42,0,38,17,101,37,9
20190425,서울특별시,11,동대문구,11230,경기도,41,658,2445,207,594,1781,140,1874,773,4997,1318,653
20190425,서울특별시,11,동대문구,11230,강원도,42,61,222,17,70,186,13,234,82,445,102,57
20190425,서울특별시,11,동대문구,11230,충청북도,43,59,233,20,53,233,19,225,66,485,143,73
20190425,서울특별시,11,동대문구,11230,충청남도,44,94,331,25,98,267,18,312,108,673,143,97
20190425,서울특별시,11,동대문구,11230,전라북도,45,51,256,18,42,210,19,219,70,479,124,72
20190425,서울특별시,11,동대문구,11230,전라남도,46,61,269,24,51,196,24,209,64,387,113,59
20190425,서울특별시,11,동대문구,11230,경상북도,47,97,343,39,94,298,27,377,111,676,189,106
20190425,서울특별시,11,동대문구,11230,경상남도,48,113,498,41,107,381,33,447,155,842,243,137
20190425,서울특별시,11,동대문구,11230,제주특별자치도,50,29,70,7,15,35,0,38,18,129,36,9
20190425,서울특별시,11,금천구,11545,제주특별자치도,50,13,59,6,61,60,11,44,7,54,54,66
20190425,서울특별시,11,금천구,11545,경상남도,48,82,359,101,422,404,101,433,84,368,365,514
20190425,서울특별시,11,금천구,11545,경상북도,47,90,318,263,337,267,40,316,48,299,273,346
20190425,서울특별시,11,금천구,11545,전라남도,46,38,187,119,193,172,53,195,27,207,185,233
20190425,서울특별시,11,금천구,11545,전라북도,45,52,197,20,222,163,38,190,42,218,250,239
20190425,서울특별시,11,금천구,11545,충청남도,44,66,275,87,299,236,52,294,40,390,303,470
20190425,서울특별시,11,금천구,11545,충청북도,43,44,185,116,230,219,45,209,38,191,158,232
20190425,서울특별시,11,금천구,11545,강원도,42,45,207,213,223,171,40,180,38,195,179,219
20190425,서울특별시,11,금천구,11545,경기도,41,487,1989,273,2117,1790,379,1892,333,2135,1941,2651
20190425,서울특별시,11,금천구,11545,세종특별자치시,36,18,66,170,75,52,13,59,12,59,45,64
20190425,서울특별시,11,금천구,11545,울산광역시,31,33,119,15,128,147,34,137,17,142,122,195
20190425,서울특별시,11,금천구,11545,대전광역시,30,38,188,41,231,190,51,165,21,210,249,262
20190425,서울특별시,11,금천구,11545,광주광역시,29,35,194,13,221,185,36,209,29,230,209,295
20190425,서울특별시,11,금천구,11545,인천광역시,28,88,401,40,428,337,66,363,55,391,404,534
20190425,서울특별시,11,금천구,11545,대구광역시,27,52,292,205,298,271,76,293,46,352,308,437
20190425,서울특별시,11,금천구,11545,부산광역시,26,86,440,208,446,381,97,458,55,366,457,609
20190425,서울특별시,11,금천구,11545,서울특별시,11,385,1700,293,1775,1538,325,1513,273,1714,1633,2060
20190425,서울특별시,11,송파구,11710,광주광역시,29,19,195,15,65,146,28,156,20,328,121,100
20190425,서울특별시,11,양천구,11470,충청북도,43,39,88,19,57,167,20,59,25,94,43,91
20190425,서울특별시,11,양천구,11470,강원도,42,24,72,5,43,154,14,61,16,45,45,84
20190425,서울특별시,11,송파구,11710,대전광역시,30,20,172,23,56,131,23,134,18,368,120,103
20190425,서울특별시,11,양천구,11470,경기도,41,326,821,121,514,1322,201,591,211,1018,422,760
20190425,서울특별시,11,양천구,11470,세종특별자치시,36,8,28,3,11,41,3,10,7,18,6,21
20190425,서울특별시,11,양천구,11470,울산광역시,31,23,46,3,29,94,11,45,8,52,28,57
20190425,서울특별시,11,양천구,11470,대전광역시,30,35,73,12,47,146,22,43,11,48,42,89
20190425,서울특별시,11,양천구,11470,광주광역시,29,34,63,6,45,130,14,61,24,64,43,76
20190425,서울특별시,11,양천구,11470,인천광역시,28,62,145,15,87,288,38,117,42,133,70,184
20190425,서울특별시,11,양천구,11470,대구광역시,27,58,113,17,78,224,32,89,29,88,48,120
20190425,서울특별시,11,양천구,11470,부산광역시,26,83,155,25,103,295,39,114,41,119,119,192
20190425,서울특별시,11,양천구,11470,서울특별시,11,268,649,113,402,971,138,439,98,658,300,620
20190425,서울특별시,11,종로구,11110,제주특별자치도,50,7,69,6,8,32,0,14,8,55,29,6
20190425,서울특별시,11,종로구,11110,경상남도,48,47,228,22,51,146,9,69,34,342,191,39
20190425,서울특별시,11,종로구,11110,경상북도,47,21,194,19,46,111,5,43,30,260,133,23
20190425,서울특별시,11,종로구,11110,전라남도,46,13,124,13,27,59,6,38,28,205,93,12
20190425,서울특별시,11,종로구,11110,전라북도,45,11,119,13,32,59,0,31,32,211,128,14
20190425,서울특별시,11,종로구,11110,충청남도,44,28,205,18,40,100,10,55,20,253,147,19
20190425,서울특별시,11,종로구,11110,충청북도,43,16,135,9,30,73,4,31,25,185,107,24
20190425,서울특별시,11,종로구,11110,강원도,42,10,126,9,31,67,0,35,21,168,93,14
20190425,서울특별시,11,종로구,11110,경기도,41,161,1479,245,323,651,57,461,192,1707,936,145
20190425,서울특별시,11,종로구,11110,세종특별자치시,36,5,37,3,4,25,0,7,8,44,19,7
20190425,서울특별시,11,종로구,11110,울산광역시,31,10,93,13,15,48,4,24,17,125,59,9
20190425,서울특별시,11,종로구,11110,대전광역시,30,17,139,12,36,64,4,27,29,169,111,18
20190425,서울특별시,11,종로구,11110,광주광역시,29,12,125,15,21,57,8,28,27,214,97,19
20190425,서울특별시,11,종로구,11110,인천광역시,28,35,319,25,63,114,9,67,31,295,175,24
20190425,서울특별시,11,종로구,11110,대구광역시,27,18,193,19,40,87,10,49,27,293,112,17
20190425,서울특별시,11,종로구,11110,부산광역시,26,34,285,46,67,167,11,60,29,378,178,31
20190425,서울특별시,11,종로구,11110,서울특별시,11,144,1497,640,277,540,29,363,128,1275,725,172
20190425,서울특별시,11,강남구,11680,제주특별자치도,50,8,63,15,21,40,8,52,8,92,38,75
20190425,서울특별시,11,강남구,11680,경상남도,48,41,360,68,163,286,39,374,95,594,231,377
20190425,서울특별시,11,강남구,11680,경상북도,47,30,277,59,106,167,24,225,72,431,147,302
20190425,서울특별시,11,강남구,11680,전라남도,46,19,190,27,57,121,20,137,42,251,110,178
20190425,서울특별시,11,강남구,11680,전라북도,45,25,179,32,64,127,18,172,43,365,135,193
20190425,서울특별시,11,강남구,11680,충청남도,44,32,264,55,111,172,25,246,74,543,152,284
20190425,서울특별시,11,강남구,11680,충청북도,43,30,182,57,88,121,15,167,60,382,97,195
20190425,서울특별시,11,강남구,11680,강원도,42,24,186,39,76,109,26,155,67,342,98,187
20190425,서울특별시,11,강남구,11680,경기도,41,295,2479,459,1001,1484,239,1874,509,4161,1263,1906
20190425,서울특별시,11,강남구,11680,세종특별자치시,36,6,56,13,21,42,3,41,9,75,27,34
20190425,서울특별시,11,강남구,11680,울산광역시,31,22,155,25,56,104,15,145,45,267,69,158
20190425,서울특별시,11,강남구,11680,대전광역시,30,20,235,47,76,123,17,175,56,370,113,200
20190425,서울특별시,11,강남구,11680,광주광역시,29,20,202,31,72,131,19,236,35,378,127,191
20190425,서울특별시,11,강남구,11680,인천광역시,28,61,420,84,180,284,35,370,91,726,248,444
20190425,서울특별시,11,강남구,11680,대구광역시,27,34,352,68,109,217,38,282,72,536,183,336
20190425,서울특별시,11,강남구,11680,부산광역시,26,51,564,75,172,277,44,389,89,764,285,505
20190425,서울특별시,11,강남구,11680,서울특별시,11,239,2667,561,993,1211,184,1673,316,3912,1237,2053
20190425,서울특별시,11,송파구,11710,강원도,42,24,157,11,45,196,26,146,18,337,92,118
20190425,서울특별시,11,마포구,11440,제주특별자치도,50,4,54,20,9,44,4,31,0,77,55,21
20190425,서울특별시,11,마포구,11440,경상남도,48,18,357,75,105,335,16,325,40,290,354,119
20190425,서울특별시,11,마포구,11440,경상북도,47,34,276,55,87,273,11,240,30,258,256,77
20190425,서울특별시,11,마포구,11440,전라남도,46,10,161,50,42,157,10,165,16,158,164,63
20190425,서울특별시,11,마포구,11440,전라북도,45,12,171,50,64,165,6,161,23,220,201,61
20190425,서울특별시,11,마포구,11440,충청남도,44,17,209,61,101,208,13,251,35,290,278,59
20190425,서울특별시,11,마포구,11440,충청북도,43,16,189,51,65,160,5,161,16,242,187,68
20190425,서울특별시,11,마포구,11440,강원도,42,16,151,54,58,172,6,160,20,195,180,50
20190425,서울특별시,11,마포구,11440,경기도,41,164,1932,555,664,1658,95,1580,227,2339,1804,587
20190425,서울특별시,11,마포구,11440,세종특별자치시,36,4,42,19,16,36,4,36,6,51,38,14
20190425,서울특별시,11,마포구,11440,울산광역시,31,15,114,39,38,131,3,98,27,139,138,57
20190425,서울특별시,11,마포구,11440,대전광역시,30,15,168,41,84,205,7,153,21,199,227,68
20190425,서울특별시,11,마포구,11440,광주광역시,29,16,158,42,55,170,13,153,13,228,194,68
20190425,서울특별시,11,마포구,11440,인천광역시,28,50,363,110,131,346,14,311,55,412,399,139
20190425,서울특별시,11,마포구,11440,대구광역시,27,24,231,77,112,275,15,265,27,300,279,110
20190425,서울특별시,11,마포구,11440,부산광역시,26,40,391,98,136,380,17,330,27,410,374,140
20190425,서울특별시,11,마포구,11440,서울특별시,11,145,1994,638,622,1246,58,1307,187,2103,1753,537
20190425,서울특별시,11,강동구,11740,서울특별시,11,312,834,321,252,1129,101,812,98,1059,373,271
20190425,서울특별시,11,강동구,11740,부산광역시,26,73,270,85,60,324,32,168,26,231,106,102
20190425,서울특별시,11,송파구,11710,제주특별자치도,50,6,89,0,17,53,4,41,4,93,49,28
20190425,서울특별시,11,송파구,11710,경상남도,48,55,340,38,100,352,50,315,45,704,225,213
20190425,서울특별시,11,송파구,11710,경상북도,47,36,213,22,94,251,43,214,30,471,161,185
20190425,서울특별시,11,송파구,11710,전라남도,46,26,188,24,53,225,24,163,19,284,92,143
20190425,서울특별시,11,송파구,11710,전라북도,45,16,195,9,60,172,22,186,19,394,106,127
20190425,서울특별시,11,송파구,11710,충청남도,44,24,224,31,86,311,28,204,26,538,129,157
20190425,서울특별시,11,송파구,11710,충청북도,43,19,184,21,72,190,14,152,28,396,114,106
20190425,서울특별시,11,강동구,11740,대구광역시,27,59,140,70,38,174,14,87,15,149,55,36
20190425,서울특별시,11,송파구,11710,울산광역시,31,18,133,15,41,148,16,96,21,270,63,93
20190425,서울특별시,11,광진구,11215,제주특별자치도,50,0,34,4,26,49,4,15,4,34,30,15
20190425,서울특별시,11,광진구,11215,경상남도,48,33,225,19,153,287,36,186,167,269,115,95
20190425,서울특별시,11,광진구,11215,경상북도,47,23,162,17,139,223,32,136,95,188,96,61
20190425,서울특별시,11,광진구,11215,전라남도,46,14,107,13,95,221,17,80,41,126,47,36
20190425,서울특별시,11,광진구,11215,전라북도,45,17,115,17,91,176,21,92,43,189,68,46
20190425,서울특별시,11,광진구,11215,충청남도,44,23,181,13,143,232,23,143,90,241,78,43
20190425,서울특별시,11,광진구,11215,충청북도,43,15,137,16,82,175,21,129,63,175,68,39
20190425,서울특별시,11,광진구,11215,강원도,42,20,133,20,74,149,25,86,46,156,57,38
20190425,서울특별시,11,광진구,11215,경기도,41,173,1272,178,921,1211,157,1053,783,1797,712,471
20190425,서울특별시,11,광진구,11215,세종특별자치시,36,0,33,5,23,34,0,28,22,35,12,14
20190425,서울특별시,11,광진구,11215,울산광역시,31,10,104,10,63,95,10,66,37,107,36,25
20190425,서울특별시,11,용산구,11170,서울특별시,11,149,1731,261,8451,872,113,279,236,1508,521,264
20190425,서울특별시,11,용산구,11170,부산광역시,26,35,373,39,1958,204,23,43,61,317,145,72
20190425,서울특별시,11,용산구,11170,대구광역시,27,19,313,22,1372,139,16,63,45,271,92,44
20190425,서울특별시,11,용산구,11170,인천광역시,28,41,372,40,1870,183,35,62,51,336,133,71
20190425,서울특별시,11,광진구,11215,대전광역시,30,22,168,12,81,110,12,87,65,162,71,43
20190425,서울특별시,11,광진구,11215,광주광역시,29,17,120,10,69,138,9,69,41,156,52,34
20190425,서울특별시,11,광진구,11215,인천광역시,28,30,263,35,178,275,27,163,128,331,126,74
20190425,서울특별시,11,광진구,11215,대구광역시,27,27,180,19,125,157,24,118,77,219,83,44
20190425,서울특별시,11,광진구,11215,부산광역시,26,24,292,31,189,254,29,201,141,298,159,88
20190425,서울특별시,11,광진구,11215,서울특별시,11,120,1231,138,761,939,110,734,449,1363,571,417
20190425,서울특별시,11,용산구,11170,광주광역시,29,15,189,14,802,92,17,26,20,179,48,34
20190425,서울특별시,11,용산구,11170,대전광역시,30,20,275,26,1179,79,15,38,22,205,64,29
20190425,서울특별시,11,용산구,11170,울산광역시,31,8,168,6,661,58,12,15,24,141,34,23
20190426,서울특별시,11,동대문구,11230,인천광역시,28,139,375,22,97,319,16,356,114,949,198,115
20190426,서울특별시,11,송파구,11710,제주특별자치도,50,9,65,0,26,58,9,16,4,83,38,17
20190426,서울특별시,11,양천구,11470,충청남도,44,35,99,18,57,228,25,120,20,80,44,114
20190426,서울특별시,11,양천구,11470,충청북도,43,32,70,16,47,170,20,76,21,87,39,78
20190426,서울특별시,11,양천구,11470,강원도,42,26,54,9,42,153,13,66,22,48,36,85
20190426,서울특별시,11,양천구,11470,경기도,41,202,776,117,397,1388,217,744,182,813,417,817
20190426,서울특별시,11,양천구,11470,세종특별자치시,36,6,10,0,7,37,0,11,8,12,5,21
20190426,서울특별시,11,양천구,11470,울산광역시,31,9,49,10,23,93,24,40,13,46,25,49
20190426,서울특별시,11,양천구,11470,대전광역시,30,13,67,5,51,111,13,59,18,49,27,92
20190426,서울특별시,11,양천구,11470,광주광역시,29,23,63,8,42,143,17,66,14,53,35,96
20190426,서울특별시,11,양천구,11470,인천광역시,28,42,184,22,76,262,35,135,42,129,80,173
20190426,서울특별시,11,양천구,11470,대구광역시,27,28,101,10,69,186,26,101,18,75,49,109
20190426,서울특별시,11,양천구,11470,부산광역시,26,34,153,11,89,288,44,156,40,120,92,168
20190426,서울특별시,11,송파구,11710,경상남도,48,51,341,40,110,354,45,250,53,599,197,174
20190426,서울특별시,11,양천구,11470,서울특별시,11,173,654,107,345,931,126,529,92,571,301,629
20190426,서울특별시,11,성동구,11200,제주특별자치도,50,4,111,21,19,42,13,18,4,95,31,8
20190426,서울특별시,11,성동구,11200,경상남도,48,14,422,179,129,241,53,158,69,513,130,76
20190426,서울특별시,11,성동구,11200,경상북도,47,24,274,94,86,169,58,121,44,416,113,53
20190426,서울특별시,11,성동구,11200,전라남도,46,12,203,49,35,121,25,71,22,280,69,33
20190426,서울특별시,11,성동구,11200,전라북도,45,11,214,59,52,126,51,88,29,345,72,23
20190426,서울특별시,11,송파구,11710,경상북도,47,26,273,22,81,185,32,176,36,428,155,108
20190426,서울특별시,11,송파구,11710,전라남도,46,21,172,18,38,146,24,114,27,303,94,95
20190426,서울특별시,11,송파구,11710,전라북도,45,27,197,15,66,199,23,132,19,314,129,91
20190426,서울특별시,11,송파구,11710,충청남도,44,41,275,29,73,219,23,171,32,450,145,107
20190426,서울특별시,11,송파구,11710,충청북도,43,20,174,34,45,185,16,158,26,318,86,74
20190426,서울특별시,11,송파구,11710,강원도,42,21,169,19,54,222,25,110,31,280,103,79
20190426,서울특별시,11,송파구,11710,경기도,41,160,1808,224,560,1457,198,2099,233,3508,1147,855
20190426,서울특별시,11,송파구,11710,세종특별자치시,36,5,36,4,13,57,7,34,6,67,22,18
20190426,서울특별시,11,동대문구,11230,대구광역시,27,87,267,21,80,249,17,248,38,634,183,119
20190426,서울특별시,11,동대문구,11230,부산광역시,26,124,376,32,127,308,27,396,113,897,232,131
20190426,서울특별시,11,동대문구,11230,서울특별시,11,566,1403,139,382,1015,90,1119,253,3405,852,443
20190426,서울특별시,11,용산구,11170,충청남도,44,17,231,26,1279,129,13,57,49,280,83,53
20190426,서울특별시,11,용산구,11170,부산광역시,26,44,346,37,1826,195,25,82,43,425,136,72
20190426,서울특별시,11,용산구,11170,서울특별시,11,135,1651,237,7512,928,125,333,231,1640,582,305
20190426,서울특별시,11,은평구,11380,광주광역시,29,18,85,9,31,96,36,69,19,215,73,104
20190426,서울특별시,11,은평구,11380,대전광역시,30,16,91,14,32,80,22,39,18,211,95,109
20190426,서울특별시,11,은평구,11380,울산광역시,31,5,55,7,14,67,30,53,11,190,60,69
20190426,서울특별시,11,은평구,11380,세종특별자치시,36,0,17,5,6,13,6,14,10,43,13,16
20190426,서울특별시,11,은평구,11380,경기도,41,134,862,141,270,817,259,475,217,2259,727,812
20190426,서울특별시,11,은평구,11380,강원도,42,10,112,16,23,113,26,44,16,222,96,84
20190426,서울특별시,11,은평구,11380,충청북도,43,8,114,20,39,100,25,46,21,205,93,96
20190426,서울특별시,11,은평구,11380,충청남도,44,17,133,25,36,139,27,79,37,313,112,137
20190426,서울특별시,11,은평구,11380,전라북도,45,8,82,21,25,130,27,62,21,271,110,109
20190426,서울특별시,11,은평구,11380,전라남도,46,9,83,21,25,72,16,69,30,275,113,87
20190426,서울특별시,11,은평구,11380,경상북도,47,15,157,23,41,145,61,96,26,343,139,117
20190426,서울특별시,11,은평구,11380,경상남도,48,31,165,31,53,199,52,146,51,456,184,204
20190426,서울특별시,11,은평구,11380,제주특별자치도,50,5,24,5,0,14,9,3,7,81,38,22
20190426,서울특별시,11,서초구,11650,서울특별시,11,263,2152,475,483,1061,113,1581,188,1315,693,559
20190426,서울특별시,11,서초구,11650,부산광역시,26,55,374,90,123,275,30,375,35,214,182,146
20190426,서울특별시,11,서초구,11650,대구광역시,27,33,313,61,94,266,18,298,35,173,102,132
20190426,서울특별시,11,동작구,11590,서울특별시,11,123,471,273,212,296,92,189,52,686,349,438
20190426,서울특별시,11,동작구,11590,부산광역시,26,37,113,61,55,91,18,51,13,157,60,92
20190426,서울특별시,11,동작구,11590,대구광역시,27,26,71,38,39,61,20,21,16,105,41,70
20190426,서울특별시,11,동작구,11590,인천광역시,28,28,86,39,34,67,20,38,35,161,79,91
20190426,서울특별시,11,동작구,11590,광주광역시,29,16,41,28,30,34,17,19,8,67,39,31
20190426,서울특별시,11,은평구,11380,서울특별시,11,101,624,133,261,713,144,379,111,1529,492,747
20190426,서울특별시,11,은평구,11380,부산광역시,26,30,199,30,52,211,42,134,21,447,182,233
20190426,서울특별시,11,은평구,11380,대구광역시,27,16,139,27,48,132,38,74,37,338,91,129
20190426,서울특별시,11,은평구,11380,인천광역시,28,25,169,32,65,315,39,100,38,438,170,219
20190426,서울특별시,11,동대문구,11230,제주특별자치도,50,32,65,4,10,43,3,25,15,147,30,10
20190426,서울특별시,11,동대문구,11230,경상남도,48,125,415,25,107,304,27,395,99,854,234,136
20190426,서울특별시,11,구로구,11530,전라남도,46,15,151,14,46,150,13,66,23,130,56,127
20190426,서울특별시,11,구로구,11530,경상북도,47,15,226,18,79,254,28,97,22,204,74,214
20190426,서울특별시,11,구로구,11530,경상남도,48,22,304,26,127,308,16,143,39,278,113,279
20190426,서울특별시,11,구로구,11530,제주특별자치도,50,0,86,10,17,44,8,7,14,34,23,38
20190426,서울특별시,11,동대문구,11230,경상북도,47,97,292,25,85,278,16,349,72,557,168,95
20190426,서울특별시,11,강동구,11740,제주특별자치도,50,13,26,3,7,40,5,23,0,19,15,10
20190426,서울특별시,11,용산구,11170,충청북도,43,21,174,22,856,82,25,36,30,176,54,42
20190426,서울특별시,11,용산구,11170,강원도,42,19,183,22,744,79,23,36,33,176,45,31
20190426,서울특별시,11,서대문구,11410,대구광역시,27,7,70,15,34,156,9,67,26,180,40,35
20190426,서울특별시,11,서대문구,11410,부산광역시,26,11,126,25,48,226,10,103,35,270,65,56
20190426,서울특별시,11,금천구,11545,인천광역시,28,93,458,63,491,791,61,353,62,401,381,707
20190426,서울특별시,11,금천구,11545,광주광역시,29,50,251,22,206,182,30,172,32,217,195,326
20190426,서울특별시,11,금천구,11545,대전광역시,30,43,239,17,244,170,32,155,32,201,191,344
20190426,서울특별시,11,금천구,11545,울산광역시,31,25,123,13,152,144,20,110,23,129,130,275
20190426,서울특별시,11,금천구,11545,세종특별자치시,36,12,55,4,59,50,5,45,5,57,38,65
20190426,서울특별시,11,금천구,11545,경기도,41,492,2557,235,2254,2573,310,1638,308,2421,1998,2830
20190426,서울특별시,11,금천구,11545,강원도,42,46,245,44,219,189,35,145,35,179,137,289
20190426,서울특별시,11,금천구,11545,충청북도,43,52,248,27,234,175,35,157,21,211,184,266
20190426,서울특별시,11,금천구,11545,충청남도,44,53,359,34,389,252,43,205,109,334,286,1163
20190426,서울특별시,11,금천구,11545,전라북도,45,55,247,43,274,165,37,196,32,246,188,364
20190426,서울특별시,11,금천구,11545,전라남도,46,47,210,62,249,183,43,171,23,203,191,313
20190426,서울특별시,11,금천구,11545,경상북도,47,67,382,44,353,281,58,220,44,277,268,491
20190426,서울특별시,11,금천구,11545,경상남도,48,73,418,79,455,333,61,362,57,385,372,616
20190426,서울특별시,11,금천구,11545,제주특별자치도,50,9,74,22,74,50,9,38,9,70,65,120
20190426,서울특별시,11,서대문구,11410,서울특별시,11,26,535,139,94,735,46,351,104,1152,218,240
20190426,서울특별시,11,성북구,11290,세종특별자치시,36,8,67,39,37,55,11,34,57,317,109,36
20190426,서울특별시,11,강남구,11680,대구광역시,27,51,419,55,111,205,27,216,61,520,174,379
20190426,서울특별시,11,강남구,11680,부산광역시,26,63,702,58,143,274,34,275,75,773,262,553
20190426,서울특별시,11,강동구,11740,부산광역시,26,66,165,60,44,195,24,184,26,242,106,75
20190426,서울특별시,11,강남구,11680,서울특별시,11,247,3140,461,833,1166,162,1140,248,3729,1179,2090
20190426,서울특별시,11,동작구,11590,대전광역시,30,13,45,23,23,47,9,26,11,75,22,54
20190426,서울특별시,11,동작구,11590,울산광역시,31,8,47,14,43,36,8,10,7,40,20,25
20190426,서울특별시,11,동작구,11590,세종특별자치시,36,4,7,7,4,9,0,4,0,17,5,11
20190426,서울특별시,11,동작구,11590,경기도,41,147,490,214,215,477,126,204,124,922,402,472
20190426,서울특별시,11,동작구,11590,강원도,42,22,37,17,19,49,13,19,10,60,19,33
20190426,서울특별시,11,동작구,11590,충청북도,43,15,51,30,16,48,10,23,15,89,26,47
20190426,서울특별시,11,동작구,11590,충청남도,44,22,75,26,35,61,12,29,9,82,47,59
20190426,서울특별시,11,동작구,11590,전라북도,45,14,43,27,18,43,12,25,9,70,40,50
20190426,서울특별시,11,동작구,11590,전라남도,46,14,54,17,14,46,10,15,14,47,27,52
20190426,서울특별시,11,동작구,11590,경상북도,47,24,89,39,24,61,15,29,19,82,42,60
20190426,서울특별시,11,동작구,11590,경상남도,48,28,78,37,48,86,22,46,19,118,55,76
20190426,서울특별시,11,동작구,11590,제주특별자치도,50,5,10,3,13,8,0,3,0,16,7,8
20190426,서울특별시,11,강동구,11740,대구광역시,27,63,130,45,33,158,15,132,17,133,47,62
20190426,서울특별시,11,강동구,11740,인천광역시,28,72,146,50,53,242,24,172,22,242,60,44
20190426,서울특별시,11,강동구,11740,광주광역시,29,41,100,30,21,102,11,59,11,118,29,37
20190426,서울특별시,11,강동구,11740,대전광역시,30,45,78,29,26,126,9,67,9,108,18,26
20190426,서울특별시,11,강동구,11740,울산광역시,31,18,56,33,11,84,13,50,12,58,20,15
20190426,서울특별시,11,강동구,11740,세종특별자치시,36,4,28,9,4,39,0,23,0,21,0,0
20190426,서울특별시,11,강동구,11740,경기도,41,286,768,301,239,1333,142,830,121,1276,365,328
20190426,서울특별시,11,강동구,11740,강원도,42,29,62,29,19,164,14,74,10,79,37,25
20190426,서울특별시,11,강동구,11740,충청북도,43,25,64,28,21,150,8,93,11,122,29,31
20190426,서울특별시,11,강동구,11740,충청남도,44,47,115,38,32,230,20,140,18,147,41,36
20190426,서울특별시,11,강동구,11740,전라북도,45,37,60,20,31,95,13,75,14,99,26,25
20190426,서울특별시,11,강동구,11740,전라남도,46,38,67,23,25,125,9,73,9,80,39,21
20190426,서울특별시,11,용산구,11170,경기도,41,143,1841,206,8532,997,153,377,262,2101,695,368
20190426,서울특별시,11,용산구,11170,세종특별자치시,36,0,46,4,193,22,5,4,13,50,16,5
20190426,서울특별시,11,용산구,11170,울산광역시,31,10,138,6,594,71,12,18,16,148,35,33
20190426,서울특별시,11,용산구,11170,대전광역시,30,15,197,20,959,102,13,34,26,226,69,42
20190426,서울특별시,11,관악구,11620,제주특별자치도,50,4,11,9,8,6,0,3,0,45,12,8
20190426,서울특별시,11,관악구,11620,경상남도,48,35,153,22,42,96,5,35,18,264,72,122
20190426,서울특별시,11,관악구,11620,경상북도,47,19,128,28,31,77,6,30,15,183,37,103
20190426,서울특별시,11,관악구,11620,전라남도,46,10,94,8,25,32,3,18,6,119,22,75
20190426,서울특별시,11,관악구,11620,전라북도,45,10,95,24,20,53,0,18,9,169,28,66
20190426,서울특별시,11,관악구,11620,충청남도,44,17,91,18,54,61,4,37,10,170,53,87
20190426,서울특별시,11,마포구,11440,제주특별자치도,50,5,73,10,13,46,0,40,5,99,71,20
20190426,서울특별시,11,마포구,11440,경상남도,48,27,327,65,113,292,16,336,48,512,310,88
20190426,서울특별시,11,마포구,11440,경상북도,47,12,250,67,86,192,18,234,56,407,254,77
20190426,서울특별시,11,마포구,11440,전라남도,46,13,169,36,106,129,5,150,16,249,152,46
20190426,서울특별시,11,마포구,11440,전라북도,45,16,167,37,57,144,4,159,43,272,177,58
20190426,서울특별시,11,강동구,11740,경상북도,47,57,100,57,38,196,25,123,16,147,40,36
20190426,서울특별시,11,강동구,11740,경상남도,48,70,161,56,37,218,30,180,29,177,61,57
20190426,서울특별시,11,마포구,11440,충청남도,44,21,241,64,69,184,9,213,55,404,242,73
20190426,서울특별시,11,성동구,11200,충청남도,44,10,314,90,79,167,48,113,31,448,93,47
20190426,서울특별시,11,성동구,11200,충청북도,43,13,234,71,70,144,29,95,17,326,72,43
20190426,서울특별시,11,성동구,11200,강원도,42,13,230,50,67,129,29,87,21,290,64,42
20190426,서울특별시,11,성동구,11200,경기도,41,107,2764,774,649,1334,276,841,256,3291,897,373
20190426,서울특별시,11,성동구,11200,세종특별자치시,36,3,66,25,20,29,6,24,5,63,25,10
20190426,서울특별시,11,성동구,11200,울산광역시,31,5,151,50,43,92,26,58,19,186,59,35
20190426,서울특별시,11,성동구,11200,대전광역시,30,12,251,83,63,150,27,82,15,287,89,38
20190426,서울특별시,11,성동구,11200,광주광역시,29,11,241,66,70,115,27,59,30,319,97,40
20190426,서울특별시,11,성동구,11200,인천광역시,28,34,522,159,141,288,79,152,50,680,170,81
20190426,서울특별시,11,성동구,11200,대구광역시,27,35,391,135,98,209,43,125,55,464,121,52
20190426,서울특별시,11,강북구,11305,제주특별자치도,50,3,20,0,5,8,3,0,10,69,20,0
20190426,서울특별시,11,서초구,11650,인천광역시,28,44,388,106,114,261,24,342,32,219,136,176
20190426,서울특별시,11,서초구,11650,광주광역시,29,40,175,62,73,133,12,135,21,136,76,72
20190426,서울특별시,11,서초구,11650,대전광역시,30,36,196,42,89,165,7,152,25,91,74,94
20190426,서울특별시,11,서초구,11650,울산광역시,31,20,125,24,36,81,7,108,3,89,46,42
20190426,서울특별시,11,서초구,11650,세종특별자치시,36,5,51,17,9,35,0,32,6,33,18,14
20190426,서울특별시,11,서초구,11650,경기도,41,266,2269,522,590,1320,170,1577,219,1608,780,660
20190426,서울특별시,11,서초구,11650,강원도,42,26,168,69,57,113,17,163,28,94,68,64
20190426,서울특별시,11,서초구,11650,충청북도,43,21,190,53,77,139,7,169,21,97,56,58
20190426,서울특별시,11,서초구,11650,충청남도,44,30,277,52,79,205,17,231,25,142,101,102
20190426,서울특별시,11,서초구,11650,전라북도,45,38,174,48,70,140,8,151,16,130,91,67
20190426,서울특별시,11,서초구,11650,전라남도,46,30,167,43,56,121,11,161,8,82,75,51
20190426,서울특별시,11,서초구,11650,경상북도,47,30,209,58,72,215,17,234,23,132,111,106
20190426,서울특별시,11,서초구,11650,경상남도,48,87,332,102,128,280,21,314,35,193,144,160
20190426,서울특별시,11,서초구,11650,제주특별자치도,50,7,66,31,21,36,4,53,7,36,25,12
20190426,서울특별시,11,마포구,11440,충청북도,43,23,191,43,61,115,8,166,20,307,173,41
20190426,서울특별시,11,마포구,11440,강원도,42,14,215,55,91,135,14,150,18,259,190,54
20190426,서울특별시,11,마포구,11440,경기도,41,124,2003,414,572,1376,114,1408,287,2794,1595,516
20190426,서울특별시,11,마포구,11440,세종특별자치시,36,10,44,11,11,31,0,41,5,51,31,10
20190426,서울특별시,11,마포구,11440,울산광역시,31,13,142,22,54,122,6,114,17,211,125,37
20190426,서울특별시,11,마포구,11440,대전광역시,30,11,189,58,58,160,12,148,19,270,184,58
20190426,서울특별시,11,중구,11140,전라남도,46,46,249,40,39,157,41,57,20,450,122,23
20190426,서울특별시,11,중구,11140,경상북도,47,57,329,56,47,269,45,92,33,647,185,36
20190426,서울특별시,11,중구,11140,경상남도,48,71,460,71,72,352,90,96,37,877,248,36
20190426,서울특별시,11,중구,11140,제주특별자치도,50,17,77,32,4,63,9,17,12,164,51,6
20190426,서울특별시,11,금천구,11545,서울특별시,11,455,1811,288,1797,2830,247,1429,216,1628,1374,2201
20190426,서울특별시,11,금천구,11545,부산광역시,26,80,443,57,517,365,66,410,69,391,428,705
20190426,서울특별시,11,종로구,11110,경상남도,48,28,225,36,86,140,28,56,48,355,224,35
20190426,서울특별시,11,종로구,11110,경상북도,47,23,184,26,48,95,6,64,38,270,145,31
20190426,서울특별시,11,종로구,11110,전라남도,46,13,117,23,29,44,5,44,24,176,100,21
20190426,서울특별시,11,중랑구,11260,대구광역시,27,50,194,27,110,310,26,124,63,565,200,147
20190426,서울특별시,11,중랑구,11260,부산광역시,26,60,272,36,165,390,49,128,103,735,292,154
20190426,서울특별시,11,중랑구,11260,서울특별시,11,233,1135,172,738,1288,141,557,327,2764,945,559
20190426,서울특별시,11,종로구,11110,제주특별자치도,50,4,51,10,8,15,0,11,10,45,38,11
20190426,서울특별시,11,금천구,11545,대구광역시,27,58,338,42,356,263,61,283,52,314,278,502
20190426,서울특별시,11,마포구,11440,광주광역시,29,14,153,41,76,135,5,150,15,267,173,45
20190426,서울특별시,11,마포구,11440,인천광역시,28,25,519,143,113,292,20,327,37,506,344,87
20190426,서울특별시,11,마포구,11440,대구광역시,27,22,251,65,90,216,17,218,71,434,272,73
20190426,서울특별시,11,마포구,11440,부산광역시,26,37,404,75,146,285,21,333,60,586,327,110
20190426,서울특별시,11,마포구,11440,서울특별시,11,143,1914,448,611,1160,62,1269,264,2279,1608,411
20190426,서울특별시,11,관악구,11620,충청북도,43,11,87,17,33,49,4,32,14,140,28,53
20190426,서울특별시,11,관악구,11620,강원도,42,15,92,27,28,38,3,13,8,142,21,57
20190426,서울특별시,11,관악구,11620,경기도,41,153,813,203,312,520,45,211,85,1480,348,635
20190426,서울특별시,11,관악구,11620,세종특별자치시,36,6,23,6,7,9,0,5,0,29,6,29
20190426,서울특별시,11,관악구,11620,울산광역시,31,8,62,10,12,31,3,8,6,96,22,39
20190426,서울특별시,11,관악구,11620,대전광역시,30,4,93,24,46,42,0,14,8,119,27,70
20190426,서울특별시,11,관악구,11620,광주광역시,29,11,72,31,33,47,3,12,5,127,27,76
20190426,서울특별시,11,관악구,11620,인천광역시,28,26,147,41,59,120,3,38,17,254,57,169
20190426,서울특별시,11,관악구,11620,대구광역시,27,26,105,28,41,56,8,27,11,163,52,111
20190426,서울특별시,11,관악구,11620,부산광역시,26,23,181,52,51,90,4,27,7,273,57,150
20190426,서울특별시,11,관악구,11620,서울특별시,11,100,643,285,301,372,29,158,36,1036,296,512
20190426,서울특별시,11,중랑구,11260,경상남도,48,51,257,40,165,418,52,131,103,729,281,134
20190426,서울특별시,11,서대문구,11410,제주특별자치도,50,0,17,5,0,33,0,4,3,27,8,5
20190426,서울특별시,11,중구,11140,서울특별시,11,373,2373,469,295,1528,232,532,147,4240,1141,201
20190426,서울특별시,11,중구,11140,부산광역시,26,80,517,99,56,345,59,95,34,941,244,50
20190426,서울특별시,11,중구,11140,대구광역시,27,59,346,60,53,273,51,71,29,742,215,29
20190426,서울특별시,11,중구,11140,인천광역시,28,84,431,53,72,325,58,115,39,942,274,36
20190426,서울특별시,11,중구,11140,광주광역시,29,35,271,59,24,169,28,42,16,536,141,19
20190426,서울특별시,11,중구,11140,대전광역시,30,42,277,46,26,219,33,73,21,502,137,15
20190426,서울특별시,11,중구,11140,울산광역시,31,24,158,18,15,103,29,45,15,310,91,9
20190426,서울특별시,11,중구,11140,세종특별자치시,36,11,49,22,3,41,9,9,10,126,36,3
20190426,서울특별시,11,중구,11140,경기도,41,400,2468,399,299,1697,307,584,155,4664,1233,254
20190426,서울특별시,11,중구,11140,강원도,42,26,234,54,37,230,41,53,20,447,130,12
20190426,서울특별시,11,중구,11140,충청북도,43,39,263,46,33,186,38,75,14,478,134,7
20190426,서울특별시,11,중구,11140,충청남도,44,56,327,73,25,237,55,82,27,611,165,23
20190426,서울특별시,11,중구,11140,전라북도,45,48,278,53,24,185,46,78,19,505,156,18
20190426,서울특별시,11,서대문구,11410,경상남도,48,4,120,22,24,192,8,112,43,216,62,65
20190426,서울특별시,11,서대문구,11410,경상북도,47,8,71,12,27,173,4,73,44,133,51,38
20190426,서울특별시,11,서대문구,11410,전라남도,46,26,48,5,12,145,0,48,25,89,24,35
20190426,서울특별시,11,서대문구,11410,전라북도,45,4,56,8,16,114,0,56,12,150,29,25
20190426,서울특별시,11,서대문구,11410,충청남도,44,5,80,4,17,177,5,62,27,167,50,39
20190426,서울특별시,11,서대문구,11410,충청북도,43,3,59,23,15,115,0,56,14,141,45,38
20190426,서울특별시,11,종로구,11110,전라북도,45,13,135,11,31,75,0,32,22,179,87,11
20190426,서울특별시,11,종로구,11110,충청남도,44,29,219,16,45,94,8,64,31,242,136,22
20190426,서울특별시,11,종로구,11110,충청북도,43,9,132,18,31,79,3,29,23,199,118,21
20190426,서울특별시,11,종로구,11110,강원도,42,13,130,21,33,77,7,40,35,150,109,16
20190426,서울특별시,11,종로구,11110,경기도,41,161,1469,127,301,635,55,403,178,1485,895,186
20190426,서울특별시,11,성동구,11200,부산광역시,26,36,511,145,148,274,90,159,38,632,186,72
20190426,서울특별시,11,서대문구,11410,강원도,42,3,52,11,16,99,0,41,13,103,45,37
20190426,서울특별시,11,중랑구,11260,제주특별자치도,50,4,31,3,20,41,10,18,14,94,33,16
20190426,서울특별시,11,서대문구,11410,경기도,41,41,630,152,123,1051,68,444,116,1333,294,313
20190426,서울특별시,11,서대문구,11410,세종특별자치시,36,0,14,0,3,22,0,7,0,25,10,3
20190426,서울특별시,11,성북구,11290,충청북도,43,35,257,93,190,253,37,176,122,1599,379,169
20190426,서울특별시,11,강북구,11305,경상남도,48,16,186,8,35,76,15,12,146,413,111,8
20190426,서울특별시,11,강북구,11305,경상북도,47,8,153,4,22,39,8,9,97,325,63,8
20190426,서울특별시,11,강북구,11305,전라남도,46,9,102,6,23,39,3,8,69,219,39,0
20190426,서울특별시,11,강북구,11305,전라북도,45,5,96,5,15,32,7,5,68,234,62,0
20190426,서울특별시,11,강북구,11305,충청남도,44,0,152,9,26,45,9,10,82,343,87,8
20190426,서울특별시,11,강북구,11305,충청북도,43,12,89,4,17,34,8,7,68,265,39,5
20190426,서울특별시,11,강북구,11305,강원도,42,6,85,6,22,31,5,5,65,225,44,7
20190426,서울특별시,11,강북구,11305,경기도,41,62,954,63,215,354,53,95,611,2146,526,55
20190426,서울특별시,11,강북구,11305,세종특별자치시,36,0,20,5,0,12,0,0,22,59,12,0
20190426,서울특별시,11,종로구,11110,세종특별자치시,36,6,35,3,4,25,0,9,3,35,18,6
20190426,서울특별시,11,강서구,11500,제주특별자치도,50,8,58,13,23,56,8,81,13,138,19,22
20190426,서울특별시,11,강서구,11500,경상남도,48,60,386,53,205,455,45,560,99,975,224,270
20190426,서울특별시,11,강서구,11500,경상북도,47,37,302,48,122,419,35,424,68,807,183,336
20190426,서울특별시,11,강서구,11500,전라남도,46,24,208,27,82,251,29,305,56,638,116,186
20190426,서울특별시,11,강서구,11500,전라북도,45,24,212,37,91,255,28,278,50,576,122,177
20190426,서울특별시,11,강서구,11500,충청남도,44,37,288,50,117,363,41,361,79,848,162,274
20190426,서울특별시,11,강서구,11500,충청북도,43,33,191,31,130,315,49,288,52,617,128,221
20190426,서울특별시,11,강서구,11500,강원도,42,33,179,28,87,364,53,361,72,830,161,312
20190426,서울특별시,11,강서구,11500,경기도,41,245,1858,297,835,1816,224,2436,508,3820,977,1181
20190426,서울특별시,11,강서구,11500,세종특별자치시,36,4,41,12,21,54,4,43,22,81,19,36
20190426,서울특별시,11,강서구,11500,울산광역시,31,20,144,17,58,128,19,230,38,296,74,54
20190426,서울특별시,11,강서구,11500,대전광역시,30,18,181,42,68,179,26,240,44,321,87,98
20190426,서울특별시,11,강서구,11500,광주광역시,29,18,197,36,101,147,24,196,50,371,88,96
20190426,서울특별시,11,성북구,11290,충청남도,44,36,375,117,222,379,46,250,180,2076,592,255
20190426,서울특별시,11,동대문구,11230,전라남도,46,54,188,8,32,165,11,200,52,408,89,60
20190426,서울특별시,11,송파구,11710,울산광역시,31,11,106,7,34,106,20,82,16,214,69,63
20190426,서울특별시,11,송파구,11710,대전광역시,30,26,156,20,46,166,15,109,22,308,101,84
20190426,서울특별시,11,송파구,11710,광주광역시,29,12,174,19,38,124,23,93,18,316,110,68
20190426,서울특별시,11,송파구,11710,인천광역시,28,29,334,43,114,355,51,333,53,617,246,194
20190426,서울특별시,11,송파구,11710,대구광역시,27,33,221,25,90,240,39,149,21,468,202,116
20190426,서울특별시,11,송파구,11710,부산광역시,26,29,353,38,100,292,60,280,39,660,242,189
20190426,서울특별시,11,송파구,11710,서울특별시,11,128,1561,185,477,889,144,1871,156,2742,900,724
20190426,서울특별시,11,동대문구,11230,전라북도,45,73,200,20,50,160,9,199,54,452,119,58
20190426,서울특별시,11,동대문구,11230,충청남도,44,99,275,27,79,281,12,217,76,623,160,95
20190426,서울특별시,11,강북구,11305,울산광역시,31,6,65,3,13,34,7,5,59,162,33,0
20190426,서울특별시,11,강북구,11305,대전광역시,30,11,98,4,18,34,5,8,56,188,65,5
20190426,서울특별시,11,강동구,11740,서울특별시,11,232,610,238,170,957,96,769,84,1054,349,320
20190426,서울특별시,11,노원구,11350,제주특별자치도,50,0,15,3,3,11,3,11,10,46,10,5
20190426,서울특별시,11,노원구,11350,경상남도,48,19,94,11,36,103,27,47,29,337,62,47
20190426,서울특별시,11,노원구,11350,경상북도,47,19,83,11,21,73,21,27,38,252,36,36
20190426,서울특별시,11,노원구,11350,전라남도,46,10,59,5,17,67,16,30,23,188,36,18
20190426,서울특별시,11,노원구,11350,전라북도,45,3,60,4,22,69,13,24,19,197,31,25
20190426,서울특별시,11,노원구,11350,충청남도,44,14,78,10,20,78,20,43,41,293,45,29
20190426,서울특별시,11,노원구,11350,충청북도,43,6,53,8,22,57,13,21,24,183,22,17
20190426,서울특별시,11,노원구,11350,강원도,42,11,69,8,20,67,17,18,22,152,35,19
20190426,서울특별시,11,노원구,11350,경기도,41,103,627,95,215,593,129,263,205,1958,352,224
20190426,서울특별시,11,노원구,11350,세종특별자치시,36,3,10,0,4,10,3,0,5,49,8,6
20190426,서울특별시,11,강남구,11680,제주특별자치도,50,12,112,12,21,32,9,31,12,136,32,105
20190426,서울특별시,11,동대문구,11230,충청북도,43,59,217,16,53,198,13,204,58,439,126,77
20190426,서울특별시,11,광진구,11215,서울특별시,11,106,1287,157,667,1048,80,604,98,1077,501,447
20190426,서울특별시,11,광진구,11215,부산광역시,26,30,294,34,178,265,33,154,26,255,133,85
20190426,서울특별시,11,광진구,11215,대구광역시,27,17,185,27,126,190,16,112,15,173,103,58
20190426,서울특별시,11,광진구,11215,인천광역시,28,27,260,23,155,279,21,174,23,231,140,94
20190426,서울특별시,11,광진구,11215,광주광역시,29,10,128,19,76,145,21,61,16,115,67,48
20190426,서울특별시,11,광진구,11215,대전광역시,30,22,143,4,62,136,17,79,16,122,74,44
20190426,서울특별시,11,광진구,11215,울산광역시,31,10,81,28,48,99,12,41,11,77,42,29
20190426,서울특별시,11,광진구,11215,세종특별자치시,36,5,34,8,16,31,0,15,13,37,12,12
20190426,서울특별시,11,광진구,11215,경기도,41,149,1396,140,755,1359,153,716,175,1351,599,525
20190426,서울특별시,11,광진구,11215,강원도,42,31,121,8,74,192,14,77,9,111,57,50
20190426,서울특별시,11,광진구,11215,충청북도,43,18,125,13,80,185,15,107,12,138,49,35
20190426,서울특별시,11,광진구,11215,충청남도,44,24,161,18,118,235,23,104,18,206,83,52
20190426,서울특별시,11,광진구,11215,전라북도,45,13,110,8,85,189,12,69,19,129,67,44
20190426,서울특별시,11,광진구,11215,전라남도,46,16,106,19,64,230,16,63,10,121,69,40
20190426,서울특별시,11,광진구,11215,경상북도,47,31,201,14,119,233,13,125,28,162,83,62
20190426,서울특별시,11,광진구,11215,경상남도,48,28,218,32,137,358,35,134,31,234,109,87
20190426,서울특별시,11,광진구,11215,제주특별자치도,50,6,30,5,23,65,5,7,6,25,18,14
20190426,서울특별시,11,노원구,11350,울산광역시,31,6,23,11,11,37,12,7,10,130,19,14
20190426,서울특별시,11,노원구,11350,대전광역시,30,15,55,6,29,57,13,21,28,167,27,22
20190426,서울특별시,11,노원구,11350,광주광역시,29,12,46,7,15,54,13,25,16,190,34,16
20190426,서울특별시,11,노원구,11350,인천광역시,28,23,130,27,39,127,16,46,43,346,61,49
20190426,서울특별시,11,노원구,11350,대구광역시,27,15,73,10,19,68,30,32,35,240,56,33
20190426,서울특별시,11,노원구,11350,부산광역시,26,19,119,22,34,114,29,48,27,323,92,41
20190426,서울특별시,11,노원구,11350,서울특별시,11,73,489,97,167,401,94,277,128,1285,294,183
20190426,서울특별시,11,강서구,11500,인천광역시,28,71,343,66,188,360,47,533,86,777,167,204
20190426,서울특별시,11,강서구,11500,대구광역시,27,36,279,78,118,274,29,349,55,589,121,139
20190426,서울특별시,11,강서구,11500,부산광역시,26,39,414,77,168,369,49,653,134,754,201,226
20190426,서울특별시,11,강서구,11500,서울특별시,11,163,1386,336,767,1316,136,1882,304,2380,662,799
20190426,서울특별시,11,동대문구,11230,강원도,42,56,187,13,48,199,16,200,49,417,95,66
20190426,서울특별시,11,서대문구,11410,울산광역시,31,6,60,3,15,99,0,32,17,82,16,25
20190426,서울특별시,11,서대문구,11410,대전광역시,30,0,58,20,11,105,0,52,18,124,30,23
20190426,서울특별시,11,서대문구,11410,광주광역시,29,0,52,8,15,100,3,49,26,130,32,22
20190426,서울특별시,11,서대문구,11410,인천광역시,28,9,119,24,23,226,8,87,25,254,58,77
20190426,서울특별시,11,성북구,11290,경기도,41,270,3016,1377,1719,2492,339,1797,1141,13280,3688,1731
20190426,서울특별시,11,성북구,11290,강원도,42,42,282,111,165,281,37,196,135,1439,363,181
20190426,서울특별시,11,중랑구,11260,인천광역시,28,50,331,37,238,393,32,152,95,821,284,153
20190426,서울특별시,11,성동구,11200,서울특별시,11,103,2728,810,576,978,273,729,205,2894,938,361
20190426,서울특별시,11,용산구,11170,광주광역시,29,17,165,11,824,96,15,29,24,182,68,43
20190426,서울특별시,11,용산구,11170,인천광역시,28,23,415,28,1669,194,32,89,48,398,150,87
20190426,서울특별시,11,중랑구,11260,광주광역시,29,35,151,23,75,201,16,81,59,377,164,85
20190426,서울특별시,11,중랑구,11260,대전광역시,30,39,144,21,99,215,17,67,43,389,114,96
20190426,서울특별시,11,중랑구,11260,울산광역시,31,20,98,15,58,136,22,61,29,264,113,42
20190426,서울특별시,11,중랑구,11260,세종특별자치시,36,8,20,5,20,43,3,19,18,73,29,17
20190426,서울특별시,11,중랑구,11260,경기도,41,317,1521,193,885,1906,231,708,434,3819,1319,818
20190426,서울특별시,11,중랑구,11260,강원도,42,41,164,16,77,206,14,76,31,371,118,62
20190426,서울특별시,11,중랑구,11260,충청북도,43,26,136,26,93,191,26,69,51,385,128,75
20190426,서울특별시,11,중랑구,11260,충청남도,44,41,239,20,123,298,36,113,74,604,179,114
20190426,서울특별시,11,중랑구,11260,전라북도,45,27,158,15,73,220,16,79,64,430,126,70
20190426,서울특별시,11,중랑구,11260,전라남도,46,29,138,8,90,216,18,75,51,377,139,71
20190426,서울특별시,11,중랑구,11260,경상북도,47,44,221,22,132,330,25,139,89,602,203,144
20190426,서울특별시,11,도봉구,11320,제주특별자치도,50,3,94,9,19,17,4,20,7,49,12,36
20190426,서울특별시,11,강북구,11305,광주광역시,29,4,84,6,12,45,6,8,57,207,51,5
20190426,서울특별시,11,강북구,11305,인천광역시,28,9,187,13,26,73,13,14,120,465,101,7
20190426,서울특별시,11,강북구,11305,대구광역시,27,6,139,12,22,39,6,9,90,297,70,5
20190426,서울특별시,11,강북구,11305,부산광역시,26,10,179,19,26,78,8,19,135,348,103,10
20190426,서울특별시,11,강북구,11305,서울특별시,11,47,752,67,147,272,36,73,409,1468,373,37
20190426,서울특별시,11,용산구,11170,대구광역시,27,32,232,22,1259,142,17,50,35,313,113,49
20190426,서울특별시,11,구로구,11530,인천광역시,28,23,333,48,124,282,24,105,45,282,96,297
20190426,서울특별시,11,영등포구,11560,강원도,42,8,178,102,159,98,8,133,19,60,41,66
20190426,서울특별시,11,영등포구,11560,경기도,41,87,2098,2451,1764,1147,83,986,150,1270,403,511
20190426,서울특별시,11,영등포구,11560,세종특별자치시,36,0,51,24,49,35,4,26,5,17,15,16
20190426,서울특별시,11,영등포구,11560,울산광역시,31,5,127,36,119,70,7,93,10,59,33,44
20190426,서울특별시,11,영등포구,11560,대전광역시,30,14,251,103,186,90,0,123,15,71,33,57
20190426,서울특별시,11,영등포구,11560,광주광역시,29,8,196,96,176,85,4,111,13,80,32,56
20190426,서울특별시,11,영등포구,11560,인천광역시,28,25,404,411,366,233,13,229,31,207,86,149
20190426,서울특별시,11,영등포구,11560,대구광역시,27,14,275,76,249,149,15,175,13,141,58,104
20190426,서울특별시,11,영등포구,11560,부산광역시,26,18,414,119,379,253,20,248,25,166,94,95
20190426,서울특별시,11,도봉구,11320,경상남도,48,15,426,37,208,130,28,217,39,281,171,250
20190426,서울특별시,11,영등포구,11560,서울특별시,11,90,2192,4132,1412,1036,65,887,116,815,387,423
20190426,서울특별시,11,성북구,11290,경상북도,47,44,422,114,269,404,60,247,198,2032,546,273
20190426,서울특별시,11,성북구,11290,경상남도,48,68,574,148,338,510,67,381,231,2758,803,403
20190426,서울특별시,11,도봉구,11320,경상북도,47,23,352,28,140,107,18,152,54,206,108,208
20190426,서울특별시,11,도봉구,11320,전라남도,46,13,211,18,96,63,7,90,25,158,77,126
20190426,서울특별시,11,도봉구,11320,전라북도,45,13,213,30,98,62,11,110,31,185,75,127
20190426,서울특별시,11,도봉구,11320,충청남도,44,26,319,21,140,72,16,136,37,229,121,163
20190426,서울특별시,11,강남구,11680,경상남도,48,60,491,43,133,240,32,225,61,591,227,424
20190426,서울특별시,11,강남구,11680,경상북도,47,28,419,37,99,185,17,159,57,471,161,329
20190426,서울특별시,11,강남구,11680,전라남도,46,29,246,16,49,104,19,124,32,275,114,206
20190426,서울특별시,11,강남구,11680,전라북도,45,19,259,30,60,122,13,111,29,352,139,249
20190426,서울특별시,11,강남구,11680,충청남도,44,16,351,22,99,171,23,203,53,510,154,325
20190426,서울특별시,11,강남구,11680,충청북도,43,35,356,40,81,136,13,118,46,367,128,221
20190426,서울특별시,11,강남구,11680,강원도,42,28,212,25,62,124,8,106,39,286,94,224
20190426,서울특별시,11,강남구,11680,경기도,41,299,3146,398,901,1391,205,1283,373,4106,1296,2263
20190426,서울특별시,11,강남구,11680,세종특별자치시,36,11,59,7,25,30,6,31,12,72,36,77
20190426,서울특별시,11,강남구,11680,울산광역시,31,15,249,10,52,115,16,114,32,226,77,203
20190426,서울특별시,11,강남구,11680,대전광역시,30,32,334,38,85,132,17,135,39,346,115,248
20190426,서울특별시,11,강남구,11680,광주광역시,29,26,367,42,59,117,18,113,41,353,108,225
20190426,서울특별시,11,강남구,11680,인천광역시,28,68,628,64,160,267,37,267,75,654,253,501
20190426,서울특별시,11,구로구,11530,광주광역시,29,10,149,29,40,176,20,53,21,119,60,135
20190426,서울특별시,11,구로구,11530,대전광역시,30,7,195,19,56,198,9,52,24,136,53,135
20190426,서울특별시,11,구로구,11530,울산광역시,31,5,116,14,61,109,12,39,13,113,33,103
20190426,서울특별시,11,성북구,11290,제주특별자치도,50,11,82,35,51,79,19,33,40,476,131,42
20190426,서울특별시,11,영등포구,11560,충청북도,43,3,234,79,197,135,24,120,12,83,36,70
20190426,서울특별시,11,구로구,11530,세종특별자치시,36,0,28,5,9,37,0,12,5,21,14,27
20190426,서울특별시,11,영등포구,11560,충청남도,44,4,462,155,270,232,10,193,24,131,50,90
20190426,서울특별시,11,영등포구,11560,전라북도,45,5,230,76,163,112,4,135,24,114,41,47
20190426,서울특별시,11,영등포구,11560,전라남도,46,9,189,60,165,108,6,117,11,87,26,54
20190426,서울특별시,11,성북구,11290,서울특별시,11,238,2725,2008,1295,2041,269,1403,780,9832,3092,1363
20190426,서울특별시,11,성북구,11290,부산광역시,26,53,581,200,365,532,56,438,216,2701,811,376
20190426,서울특별시,11,성북구,11290,대구광역시,27,59,408,110,230,388,44,302,173,2027,580,234
20190426,서울특별시,11,구로구,11530,경기도,41,107,1629,281,566,1636,157,574,215,1485,524,1273
20190426,서울특별시,11,구로구,11530,강원도,42,14,140,23,58,175,23,82,20,125,45,126
20190426,서울특별시,11,구로구,11530,충청북도,43,9,181,25,67,174,12,71,24,145,74,141
20190426,서울특별시,11,구로구,11530,충청남도,44,8,284,35,79,212,26,101,31,217,90,176
20190426,서울특별시,11,구로구,11530,전라북도,45,12,215,29,42,159,23,50,13,168,62,159
20190426,서울특별시,11,영등포구,11560,제주특별자치도,50,3,45,27,27,53,0,61,5,24,15,14
20190426,서울특별시,11,용산구,11170,제주특별자치도,50,5,64,4,251,26,4,7,13,76,34,13
20190426,서울특별시,11,영등포구,11560,경상북도,47,12,277,97,235,195,24,189,25,117,50,84
20190426,서울특별시,11,영등포구,11560,경상남도,48,14,758,112,328,222,27,249,34,167,93,110
20190426,서울특별시,11,용산구,11170,경상남도,48,29,313,23,1686,173,33,99,53,415,120,64
20190426,서울특별시,11,성북구,11290,인천광역시,28,54,852,165,383,521,54,348,224,2816,802,391
20190426,서울특별시,11,도봉구,11320,충청북도,43,20,260,17,99,54,13,103,23,174,89,113
20190426,서울특별시,11,도봉구,11320,강원도,42,11,316,26,103,55,10,106,32,155,76,123
20190426,서울특별시,11,도봉구,11320,경기도,41,132,2088,271,900,665,106,933,225,1646,830,1141
20190426,서울특별시,11,도봉구,11320,세종특별자치시,36,3,50,7,28,20,3,28,5,32,13,29
20190426,서울특별시,11,도봉구,11320,울산광역시,31,16,164,10,66,40,12,63,25,105,57,107
20190426,서울특별시,11,도봉구,11320,대전광역시,30,17,233,27,102,69,14,95,21,132,80,128
20190426,서울특별시,11,도봉구,11320,광주광역시,29,14,234,24,83,45,10,102,22,134,112,136
20190426,서울특별시,11,도봉구,11320,인천광역시,28,33,422,48,203,113,26,215,49,306,155,253
20190426,서울특별시,11,도봉구,11320,대구광역시,27,20,284,40,137,119,15,160,36,228,121,207
20190426,서울특별시,11,도봉구,11320,부산광역시,26,17,386,52,204,161,31,212,59,299,174,241
20190426,서울특별시,11,도봉구,11320,서울특별시,11,95,1592,196,819,546,108,786,144,994,542,825
20190426,서울특별시,11,용산구,11170,경상북도,47,20,334,26,1257,142,22,42,48,317,76,58
20190426,서울특별시,11,성북구,11290,전라북도,45,26,292,82,173,266,28,219,143,1486,439,210
20190426,서울특별시,11,성북구,11290,전라남도,46,24,274,84,154,242,36,187,136,1446,402,190
20190426,서울특별시,11,구로구,11530,서울특별시,11,89,1415,176,468,1336,90,385,117,978,432,893
20190426,서울특별시,11,구로구,11530,부산광역시,26,22,349,49,118,340,29,115,28,233,104,294
20190426,서울특별시,11,구로구,11530,대구광역시,27,16,242,22,78,243,24,97,32,162,71,209
20190426,서울특별시,11,양천구,11470,제주특별자치도,50,9,22,0,8,22,6,23,3,18,7,32
20190426,서울특별시,11,양천구,11470,경상남도,48,49,141,14,75,298,37,149,31,106,96,134
20190426,서울특별시,11,양천구,11470,경상북도,47,37,105,17,149,253,29,127,20,62,39,118
20190426,서울특별시,11,양천구,11470,전라남도,46,19,58,11,44,158,16,59,20,41,35,64
20190426,서울특별시,11,용산구,11170,전라남도,46,17,151,10,726,84,17,23,26,188,51,36
20190426,서울특별시,11,성북구,11290,광주광역시,29,25,267,90,158,244,30,207,111,1458,439,183
20190426,서울특별시,11,성북구,11290,대전광역시,30,31,263,108,182,261,36,202,132,1388,410,156
20190426,서울특별시,11,성북구,11290,울산광역시,31,31,177,51,134,204,20,137,90,941,261,160
20190426,서울특별시,11,용산구,11170,전라북도,45,14,205,9,921,94,23,29,24,208,54,41
20190426,서울특별시,11,동대문구,11230,경기도,41,644,1840,135,505,1570,124,1654,432,4299,1079,648
20190426,서울특별시,11,동대문구,11230,세종특별자치시,36,18,48,0,13,36,3,37,21,100,31,12
20190426,서울특별시,11,동대문구,11230,울산광역시,31,50,136,10,40,98,8,125,26,293,80,56
20190426,서울특별시,11,종로구,11110,울산광역시,31,13,101,11,15,47,4,29,19,110,67,8
20190426,서울특별시,11,종로구,11110,대전광역시,30,15,123,15,27,59,0,23,7,199,95,17
20190426,서울특별시,11,종로구,11110,광주광역시,29,15,111,11,26,67,3,24,25,187,90,19
20190426,서울특별시,11,종로구,11110,인천광역시,28,20,285,22,70,136,4,48,36,253,186,36
20190426,서울특별시,11,종로구,11110,대구광역시,27,15,219,21,55,113,3,42,31,282,136,35
20190426,서울특별시,11,종로구,11110,부산광역시,26,35,281,41,67,144,11,62,32,377,208,44
20190426,서울특별시,11,종로구,11110,서울특별시,11,151,1364,181,343,516,33,236,101,1262,639,165
20190426,서울특별시,11,동대문구,11230,대전광역시,30,79,170,16,62,149,6,183,51,411,100,71
20190426,서울특별시,11,동대문구,11230,광주광역시,29,69,173,11,46,156,10,172,47,458,121,71
20190426,서울특별시,11,양천구,11470,전라북도,45,21,75,6,46,150,18,80,17,79,32,57
20190427,서울특별시,11,금천구,11545,경상북도,47,0,30,139,22,20,0,5,7,52,27,22
20190427,서울특별시,11,금천구,11545,전라북도,45,0,13,96,10,8,0,0,8,48,23,9
20190427,서울특별시,11,중구,11140,부산광역시,26,10,213,33,3,49,0,45,6,104,29,0
20190427,서울특별시,11,금천구,11545,충청남도,44,0,35,97,12,15,0,9,10,61,24,1155
20190427,서울특별시,11,성북구,11290,서울특별시,11,89,712,1676,361,136,60,222,93,1351,546,194
20190427,서울특별시,11,성북구,11290,부산광역시,26,17,169,171,25,32,20,72,21,340,148,58
20190427,서울특별시,11,성북구,11290,대구광역시,27,27,103,339,19,23,16,30,11,242,93,40
20190427,서울특별시,11,성북구,11290,인천광역시,28,19,163,405,36,39,13,43,35,330,141,43
20190427,서울특별시,11,성북구,11290,광주광역시,29,5,69,89,9,14,9,21,13,162,49,15
20190427,서울특별시,11,성북구,11290,대전광역시,30,0,77,125,19,16,4,21,10,155,58,16
20190427,서울특별시,11,성북구,11290,울산광역시,31,5,53,94,10,16,4,18,9,111,41,21
20190427,서울특별시,11,성북구,11290,세종특별자치시,36,0,21,52,0,7,3,3,0,31,16,9
20190427,서울특별시,11,성북구,11290,경기도,41,126,813,2033,196,196,126,271,150,1815,601,255
20190427,서울특별시,11,성북구,11290,강원도,42,3,65,54,45,7,11,14,16,154,40,20
20190427,서울특별시,11,성북구,11290,충청북도,43,7,63,61,17,12,15,26,11,176,63,18
20190427,서울특별시,11,성북구,11290,충청남도,44,10,108,141,10,23,16,43,17,247,69,31
20190427,서울특별시,11,성북구,11290,전라북도,45,7,83,166,9,17,12,27,16,165,63,18
20190427,서울특별시,11,영등포구,11560,제주특별자치도,50,0,7,0,0,0,0,0,0,3,0,0
20190427,서울특별시,11,영등포구,11560,경상남도,48,4,50,5,8,31,0,24,5,11,8,0
20190427,서울특별시,11,영등포구,11560,경상북도,47,4,30,0,6,10,0,31,6,7,0,0
20190427,서울특별시,11,영등포구,11560,전라남도,46,0,14,0,0,5,0,15,0,7,3,0
20190427,서울특별시,11,영등포구,11560,전라북도,45,0,18,4,0,3,0,10,7,19,4,0
20190427,서울특별시,11,영등포구,11560,충청남도,44,3,31,5,6,15,0,13,8,16,4,0
20190427,서울특별시,11,영등포구,11560,충청북도,43,0,38,11,7,3,0,4,3,26,3,0
20190427,서울특별시,11,용산구,11170,서울특별시,11,0,150,28,178,43,15,14,43,261,99,59
20190427,서울특별시,11,용산구,11170,부산광역시,26,0,27,5,34,12,0,0,14,44,21,17
20190427,서울특별시,11,용산구,11170,대구광역시,27,7,16,7,20,9,0,0,10,42,8,21
20190427,서울특별시,11,용산구,11170,인천광역시,28,0,17,7,46,8,6,8,13,64,17,20
20190427,서울특별시,11,용산구,11170,광주광역시,29,0,6,0,19,3,0,3,9,19,12,14
20190427,서울특별시,11,용산구,11170,대전광역시,30,0,6,0,15,4,0,0,4,23,7,6
20190427,서울특별시,11,용산구,11170,울산광역시,31,0,4,0,16,6,0,0,13,18,3,6
20190427,서울특별시,11,용산구,11170,세종특별자치시,36,0,0,0,5,0,0,0,4,7,3,0
20190427,서울특별시,11,용산구,11170,경기도,41,15,169,24,222,70,24,24,75,391,107,98
20190427,서울특별시,11,용산구,11170,강원도,42,0,12,0,20,5,0,0,6,20,4,9
20190427,서울특별시,11,용산구,11170,충청북도,43,0,7,4,27,3,0,0,6,28,10,10
20190427,서울특별시,11,용산구,11170,충청남도,44,0,12,0,23,10,4,0,14,36,12,11
20190427,서울특별시,11,용산구,11170,전라북도,45,0,18,0,13,4,0,4,4,28,6,6
20190427,서울특별시,11,용산구,11170,전라남도,46,0,10,3,20,0,0,3,5,24,11,9
20190427,서울특별시,11,용산구,11170,경상북도,47,0,10,3,46,4,4,6,12,28,14,13
20190427,서울특별시,11,용산구,11170,경상남도,48,0,25,3,45,8,3,3,15,56,15,17
20190427,서울특별시,11,용산구,11170,제주특별자치도,50,0,4,0,5,0,0,0,0,3,0,4
20190427,서울특별시,11,동대문구,11230,부산광역시,26,4,56,7,3,16,4,14,16,66,15,0
20190427,서울특별시,11,동대문구,11230,대구광역시,27,8,34,7,13,23,3,9,6,27,6,3
20190427,서울특별시,11,동대문구,11230,인천광역시,28,4,54,5,6,10,3,21,20,89,10,9
20190427,서울특별시,11,동대문구,11230,광주광역시,29,3,23,4,0,10,0,8,0,22,4,0
20190427,서울특별시,11,동대문구,11230,대전광역시,30,0,21,3,3,12,0,11,6,30,7,5
20190427,서울특별시,11,동대문구,11230,울산광역시,31,0,16,4,0,6,0,11,3,14,5,0
20190427,서울특별시,11,동대문구,11230,세종특별자치시,36,0,5,0,0,0,0,3,4,4,0,0
20190427,서울특별시,11,동대문구,11230,경기도,41,28,258,34,35,115,33,96,49,486,81,37
20190427,서울특별시,11,동대문구,11230,강원도,42,4,14,7,6,13,0,14,3,23,5,0
20190427,서울특별시,11,강서구,11500,제주특별자치도,50,0,6,0,0,3,0,17,4,22,0,0
20190427,서울특별시,11,강서구,11500,경상남도,48,7,43,25,9,18,5,63,9,138,24,5
20190427,서울특별시,11,강서구,11500,경상북도,47,5,27,15,5,28,6,54,3,88,14,0
20190427,서울특별시,11,강서구,11500,전라남도,46,5,23,5,9,10,0,36,6,70,4,3
20190427,서울특별시,11,강서구,11500,전라북도,45,0,22,7,7,13,0,38,4,68,6,3
20190427,서울특별시,11,강서구,11500,충청남도,44,4,36,14,10,20,6,72,15,73,16,11
20190427,서울특별시,11,강서구,11500,충청북도,43,6,28,16,6,17,4,44,13,86,15,0
20190427,서울특별시,11,강서구,11500,강원도,42,3,20,10,12,9,0,40,0,68,11,3
20190427,서울특별시,11,영등포구,11560,강원도,42,0,20,0,7,7,0,17,3,12,6,0
20190427,서울특별시,11,영등포구,11560,경기도,41,16,579,34,73,68,19,84,43,285,83,36
20190427,서울특별시,11,영등포구,11560,세종특별자치시,36,0,3,0,3,0,0,4,0,0,0,0
20190427,서울특별시,11,영등포구,11560,울산광역시,31,0,14,0,0,3,0,6,0,7,3,0
20190427,서울특별시,11,영등포구,11560,대전광역시,30,0,26,6,4,7,0,7,3,5,0,3
20190427,서울특별시,11,영등포구,11560,광주광역시,29,0,15,4,3,5,0,7,0,9,6,0
20190427,서울특별시,11,영등포구,11560,인천광역시,28,0,67,3,16,14,0,15,6,33,4,9
20190427,서울특별시,11,영등포구,11560,대구광역시,27,0,28,5,12,10,0,16,7,25,5,0
20190427,서울특별시,11,영등포구,11560,부산광역시,26,0,51,0,9,12,0,22,6,31,14,0
20190427,서울특별시,11,영등포구,11560,서울특별시,11,3,366,37,90,58,15,59,19,187,41,28
20190427,서울특별시,11,동대문구,11230,전라남도,46,0,24,0,0,13,0,14,6,46,5,0
20190427,서울특별시,11,동대문구,11230,전라북도,45,4,25,6,3,13,0,6,7,35,12,0
20190427,서울특별시,11,동대문구,11230,충청남도,44,3,14,6,0,11,3,14,6,53,7,0
20190427,서울특별시,11,동대문구,11230,충청북도,43,0,22,4,3,6,4,7,6,45,10,0
20190427,서울특별시,11,강동구,11740,서울특별시,11,21,106,56,27,91,9,13,8,180,58,12
20190427,서울특별시,11,중구,11140,대구광역시,27,9,120,23,0,34,0,23,7,86,19,0
20190427,서울특별시,11,중구,11140,인천광역시,28,10,101,18,12,46,6,32,17,106,27,4
20190427,서울특별시,11,중구,11140,광주광역시,29,3,104,25,5,42,0,26,0,54,13,0
20190427,서울특별시,11,중구,11140,대전광역시,30,5,110,15,4,14,0,23,0,57,17,20
20190427,서울특별시,11,중구,11140,울산광역시,31,0,72,19,0,17,0,12,0,47,0,0
20190427,서울특별시,11,중구,11140,세종특별자치시,36,0,20,0,0,8,0,9,0,12,4,0
20190427,서울특별시,11,중구,11140,경기도,41,32,589,136,46,190,22,148,144,526,123,19
20190427,서울특별시,11,중구,11140,강원도,42,3,77,17,6,25,5,18,3,41,15,0
20190427,서울특별시,11,중구,11140,충청북도,43,5,78,9,4,34,3,35,4,62,9,0
20190427,서울특별시,11,중구,11140,충청남도,44,6,107,20,4,23,7,29,6,89,16,0
20190427,서울특별시,11,중구,11140,전라북도,45,13,76,12,3,12,3,27,4,52,11,0
20190427,서울특별시,11,중구,11140,전라남도,46,0,149,21,4,9,5,45,0,49,5,0
20190427,서울특별시,11,중구,11140,경상북도,47,3,123,24,5,32,3,25,6,74,7,0
20190427,서울특별시,11,중구,11140,경상남도,48,7,192,27,14,56,7,44,11,121,22,0
20190427,서울특별시,11,중구,11140,제주특별자치도,50,0,20,8,0,7,0,5,0,14,4,0
20190427,서울특별시,11,금천구,11545,충청북도,43,0,31,67,13,10,0,4,5,54,11,10
20190427,서울특별시,11,금천구,11545,강원도,42,0,16,86,13,12,0,0,0,33,28,25
20190427,서울특별시,11,금천구,11545,경기도,41,44,307,1010,103,178,14,119,58,480,233,201
20190427,서울특별시,11,금천구,11545,세종특별자치시,36,0,9,18,0,4,0,0,0,13,4,0
20190427,서울특별시,11,금천구,11545,울산광역시,31,0,13,46,4,9,0,4,5,25,17,13
20190427,서울특별시,11,금천구,11545,대전광역시,30,0,32,57,12,18,0,6,4,49,22,20
20190427,서울특별시,11,금천구,11545,광주광역시,29,0,24,60,7,16,0,6,4,60,17,15
20190427,서울특별시,11,금천구,11545,인천광역시,28,0,34,113,21,31,3,17,5,71,34,33
20190427,서울특별시,11,금천구,11545,대구광역시,27,4,33,85,11,21,0,10,0,68,31,15
20190427,서울특별시,11,금천구,11545,부산광역시,26,0,34,117,16,26,3,9,8,84,43,19
20190427,서울특별시,11,구로구,11530,서울특별시,11,0,133,26,52,50,12,18,10,195,45,14
20190427,서울특별시,11,구로구,11530,부산광역시,26,0,30,5,3,5,3,0,4,30,19,0
20190427,서울특별시,11,구로구,11530,대구광역시,27,0,10,0,3,5,0,0,0,20,6,0
20190427,서울특별시,11,구로구,11530,인천광역시,28,4,23,6,14,8,3,4,0,51,6,10
20190427,서울특별시,11,구로구,11530,광주광역시,29,0,9,0,4,0,4,0,3,16,0,0
20190427,서울특별시,11,구로구,11530,대전광역시,30,0,10,0,0,0,0,5,0,11,0,0
20190427,서울특별시,11,구로구,11530,울산광역시,31,0,5,0,0,0,4,0,0,14,0,0
20190427,서울특별시,11,구로구,11530,세종특별자치시,36,0,4,0,0,0,0,0,0,0,0,0
20190427,서울특별시,11,구로구,11530,경기도,41,18,145,41,57,66,27,30,14,349,90,30
20190427,서울특별시,11,구로구,11530,강원도,42,0,9,3,3,0,0,4,0,10,0,0
20190427,서울특별시,11,금천구,11545,서울특별시,11,52,204,470,79,146,6,65,47,323,178,79
20190427,서울특별시,11,양천구,11470,제주특별자치도,50,0,4,5,0,0,0,0,0,3,0,0
20190427,서울특별시,11,양천구,11470,경상남도,48,0,16,5,5,4,0,0,0,17,6,0
20190427,서울특별시,11,송파구,11710,경상북도,47,0,34,14,4,10,5,7,0,101,10,0
20190427,서울특별시,11,송파구,11710,경상남도,48,8,38,13,3,21,3,15,0,143,28,0
20190427,서울특별시,11,송파구,11710,제주특별자치도,50,0,13,7,0,0,0,0,0,16,5,0
20190427,서울특별시,11,서초구,11650,강원도,42,0,49,10,6,19,0,5,0,9,7,5
20190427,서울특별시,11,서초구,11650,경기도,41,20,673,89,102,164,33,107,11,608,156,47
20190427,서울특별시,11,서초구,11650,세종특별자치시,36,0,14,0,0,0,0,4,0,4,5,0
20190427,서울특별시,11,서초구,11650,울산광역시,31,0,32,6,0,11,0,3,0,15,6,0
20190427,서울특별시,11,서초구,11650,대전광역시,30,0,55,6,4,13,0,6,0,11,4,5
20190427,서울특별시,11,서초구,11650,광주광역시,29,0,51,8,0,14,3,7,0,18,10,0
20190427,서울특별시,11,서초구,11650,인천광역시,28,8,71,17,20,27,7,16,4,39,14,5
20190427,서울특별시,11,서초구,11650,대구광역시,27,7,71,10,12,26,0,14,0,25,8,0
20190427,서울특별시,11,서초구,11650,부산광역시,26,0,97,13,17,38,0,22,0,40,28,3
20190427,서울특별시,11,서초구,11650,서울특별시,11,13,637,78,75,118,21,317,11,291,124,32
20190427,서울특별시,11,동대문구,11230,제주특별자치도,50,0,3,0,3,3,0,0,6,9,4,0
20190427,서울특별시,11,동대문구,11230,경상남도,48,5,62,11,0,15,4,32,14,74,12,3
20190427,서울특별시,11,동대문구,11230,경상북도,47,3,26,9,3,19,5,15,10,38,5,0
20190427,서울특별시,11,동작구,11590,제주특별자치도,50,0,3,3,0,0,0,0,0,0,0,0
20190427,서울특별시,11,동작구,11590,경상남도,48,0,9,10,4,0,0,5,0,14,8,0
20190427,서울특별시,11,동작구,11590,경상북도,47,0,25,9,0,0,0,3,0,12,0,0
20190427,서울특별시,11,동작구,11590,전라남도,46,0,15,5,3,0,3,0,0,7,0,0
20190427,서울특별시,11,동작구,11590,전라북도,45,0,12,4,0,4,4,3,0,13,0,3
20190427,서울특별시,11,동작구,11590,충청남도,44,0,16,7,4,3,0,8,0,17,5,3
20190427,서울특별시,11,동작구,11590,충청북도,43,3,17,9,4,0,0,3,0,26,6,0
20190427,서울특별시,11,동작구,11590,강원도,42,0,8,3,0,0,0,0,0,5,0,0
20190427,서울특별시,11,동작구,11590,경기도,41,16,170,42,34,39,36,24,10,371,70,22
20190427,서울특별시,11,동작구,11590,세종특별자치시,36,0,4,0,0,0,0,0,0,0,0,0
20190427,서울특별시,11,동작구,11590,울산광역시,31,0,4,3,0,0,0,0,0,13,0,0
20190427,서울특별시,11,동작구,11590,대전광역시,30,0,6,0,0,4,0,3,0,6,0,0
20190427,서울특별시,11,동작구,11590,광주광역시,29,0,7,4,0,0,0,0,0,13,0,0
20190427,서울특별시,11,동작구,11590,인천광역시,28,3,22,6,7,7,5,0,3,48,4,7
20190427,서울특별시,11,동작구,11590,대구광역시,27,3,18,7,0,5,0,0,0,21,4,0
20190427,서울특별시,11,동작구,11590,부산광역시,26,0,25,6,4,4,4,3,0,17,13,0
20190427,서울특별시,11,동작구,11590,서울특별시,11,6,107,67,34,11,9,3,10,214,56,11
20190427,서울특별시,11,강서구,11500,경기도,41,33,393,122,116,150,29,508,52,879,187,84
20190427,서울특별시,11,강서구,11500,세종특별자치시,36,0,10,3,0,0,0,17,0,10,4,3
20190427,서울특별시,11,강서구,11500,울산광역시,31,0,17,9,3,10,0,38,0,46,6,3
20190427,서울특별시,11,강서구,11500,대전광역시,30,4,23,9,5,12,0,40,10,49,16,4
20190427,서울특별시,11,강서구,11500,광주광역시,29,4,22,10,9,8,4,36,8,51,9,0
20190427,서울특별시,11,강서구,11500,인천광역시,28,6,55,27,21,28,7,103,10,161,28,13
20190427,서울특별시,11,강서구,11500,대구광역시,27,12,38,21,8,21,3,68,8,83,19,3
20190427,서울특별시,11,강서구,11500,부산광역시,26,6,67,33,19,14,5,126,6,127,54,19
20190427,서울특별시,11,강서구,11500,서울특별시,11,23,242,189,97,89,18,475,44,462,136,37
20190427,서울특별시,11,서대문구,11410,제주특별자치도,50,0,0,0,0,0,0,0,0,8,0,0
20190427,서울특별시,11,서대문구,11410,경상남도,48,0,14,7,10,0,0,0,0,73,4,0
20190427,서울특별시,11,서대문구,11410,경상북도,47,0,14,5,13,0,0,4,3,36,4,0
20190427,서울특별시,11,서대문구,11410,전라남도,46,0,9,5,5,0,0,0,0,31,0,0
20190427,서울특별시,11,서대문구,11410,전라북도,45,0,19,3,14,0,0,3,0,58,4,0
20190427,서울특별시,11,서대문구,11410,충청남도,44,0,5,5,7,0,0,3,0,51,5,0
20190427,서울특별시,11,서대문구,11410,충청북도,43,0,9,6,9,0,0,3,0,45,4,0
20190427,서울특별시,11,서대문구,11410,강원도,42,0,8,3,9,0,0,0,0,30,0,0
20190427,서울특별시,11,서대문구,11410,경기도,41,15,125,39,81,45,13,21,6,639,50,22
20190427,서울특별시,11,양천구,11470,경상북도,47,0,10,7,3,0,0,3,0,7,0,0
20190427,서울특별시,11,양천구,11470,전라남도,46,0,7,4,0,0,0,3,0,7,0,0
20190427,서울특별시,11,양천구,11470,전라북도,45,0,4,0,0,0,0,0,0,22,0,0
20190427,서울특별시,11,양천구,11470,충청남도,44,0,0,6,0,9,0,0,0,12,4,0
20190427,서울특별시,11,양천구,11470,충청북도,43,0,10,14,3,3,0,3,0,28,0,0
20190427,서울특별시,11,양천구,11470,강원도,42,0,6,0,0,0,0,0,0,7,0,0
20190427,서울특별시,11,양천구,11470,경기도,41,16,153,33,56,35,17,31,12,465,94,30
20190427,서울특별시,11,양천구,11470,세종특별자치시,36,0,0,0,0,0,0,0,0,3,3,0
20190427,서울특별시,11,양천구,11470,울산광역시,31,0,4,0,0,0,0,0,0,17,0,0
20190427,서울특별시,11,양천구,11470,대전광역시,30,0,5,0,0,4,3,0,0,9,6,0
20190427,서울특별시,11,양천구,11470,광주광역시,29,0,0,0,0,0,0,0,0,12,0,0
20190427,서울특별시,11,양천구,11470,인천광역시,28,0,18,5,10,6,0,4,0,62,6,4
20190427,서울특별시,11,양천구,11470,대구광역시,27,0,10,4,0,6,0,3,0,18,5,3
20190427,서울특별시,11,양천구,11470,부산광역시,26,0,30,8,8,0,0,0,0,19,15,0
20190427,서울특별시,11,양천구,11470,서울특별시,11,9,96,30,31,22,6,35,9,179,51,12
20190427,서울특별시,11,광진구,11215,제주특별자치도,50,0,0,0,4,0,0,0,0,0,0,0
20190427,서울특별시,11,광진구,11215,경상남도,48,3,21,7,11,4,0,15,0,21,5,7
20190427,서울특별시,11,광진구,11215,경상북도,47,0,17,5,13,3,0,5,5,23,6,5
20190427,서울특별시,11,광진구,11215,전라남도,46,0,15,4,5,0,0,8,0,10,4,3
20190427,서울특별시,11,광진구,11215,전라북도,45,0,14,0,0,4,0,0,3,20,0,3
20190427,서울특별시,11,광진구,11215,충청남도,44,0,15,0,13,5,0,8,7,30,6,5
20190427,서울특별시,11,광진구,11215,충청북도,43,0,18,10,0,3,0,12,0,28,5,6
20190427,서울특별시,11,광진구,11215,강원도,42,0,10,6,7,0,0,3,3,8,3,4
20190427,서울특별시,11,광진구,11215,경기도,41,13,148,42,69,53,14,63,29,398,60,67
20190427,서울특별시,11,광진구,11215,세종특별자치시,36,0,0,0,3,0,0,0,0,3,0,0
20190427,서울특별시,11,광진구,11215,울산광역시,31,0,5,4,4,0,0,0,0,10,0,0
20190427,서울특별시,11,광진구,11215,대전광역시,30,0,5,6,8,5,0,7,0,18,0,0
20190427,서울특별시,11,광진구,11215,광주광역시,29,0,8,0,5,3,0,5,0,15,0,0
20190427,서울특별시,11,광진구,11215,인천광역시,28,3,21,0,20,7,0,13,8,57,6,12
20190427,서울특별시,11,광진구,11215,대구광역시,27,0,17,4,11,8,0,3,0,26,3,8
20190427,서울특별시,11,광진구,11215,부산광역시,26,0,32,9,17,4,3,15,6,42,6,10
20190427,서울특별시,11,광진구,11215,서울특별시,11,6,162,25,66,27,11,35,18,219,49,32
20190427,서울특별시,11,송파구,11710,서울특별시,11,20,268,71,58,92,18,92,12,826,126,24
20190427,서울특별시,11,송파구,11710,부산광역시,26,0,48,8,8,12,3,23,8,175,45,4
20190427,서울특별시,11,송파구,11710,대구광역시,27,4,37,10,9,21,6,14,4,154,15,0
20190427,서울특별시,11,송파구,11710,인천광역시,28,6,55,13,17,18,5,18,7,186,20,13
20190427,서울특별시,11,강북구,11305,제주특별자치도,50,0,0,4,0,0,0,0,0,0,0,0
20190427,서울특별시,11,강북구,11305,경상남도,48,0,13,0,4,6,0,0,0,15,5,0
20190427,서울특별시,11,강북구,11305,경상북도,47,0,12,3,0,0,0,0,0,7,0,0
20190427,서울특별시,11,강북구,11305,전라남도,46,0,0,0,0,0,0,0,0,9,0,0
20190427,서울특별시,11,강북구,11305,전라북도,45,0,5,0,0,0,0,0,0,13,0,0
20190427,서울특별시,11,강북구,11305,충청남도,44,0,8,7,0,0,0,5,0,13,0,0
20190427,서울특별시,11,강북구,11305,충청북도,43,0,12,0,0,0,0,0,3,17,4,0
20190427,서울특별시,11,강북구,11305,강원도,42,0,7,5,0,6,0,0,0,8,0,0
20190427,서울특별시,11,강북구,11305,경기도,41,0,91,24,29,44,6,16,10,255,38,16
20190427,서울특별시,11,강북구,11305,세종특별자치시,36,0,0,0,0,0,0,0,0,3,0,0
20190427,서울특별시,11,강북구,11305,울산광역시,31,0,0,0,0,4,0,0,0,8,0,0
20190427,서울특별시,11,강북구,11305,대전광역시,30,0,4,0,0,5,0,0,0,9,0,0
20190427,서울특별시,11,강북구,11305,광주광역시,29,0,3,0,0,0,0,0,0,7,0,0
20190427,서울특별시,11,강북구,11305,인천광역시,28,0,19,5,7,7,0,0,0,36,8,5
20190427,서울특별시,11,강북구,11305,대구광역시,27,7,12,0,0,6,0,0,0,9,5,0
20190427,서울특별시,11,서대문구,11410,세종특별자치시,36,0,0,0,0,0,0,0,0,8,0,0
20190427,서울특별시,11,서대문구,11410,울산광역시,31,0,5,0,3,0,0,0,0,23,0,0
20190427,서울특별시,11,서대문구,11410,대전광역시,30,0,9,0,8,0,0,0,0,43,3,0
20190427,서울특별시,11,서대문구,11410,광주광역시,29,0,7,5,3,6,0,0,0,49,3,0
20190427,서울특별시,11,서대문구,11410,인천광역시,28,0,14,7,11,3,0,3,4,113,3,0
20190427,서울특별시,11,서대문구,11410,대구광역시,27,0,6,8,9,0,0,0,0,59,3,0
20190427,서울특별시,11,서대문구,11410,부산광역시,26,0,18,6,6,4,0,0,0,101,12,0
20190427,서울특별시,11,서대문구,11410,서울특별시,11,9,97,34,48,24,4,11,5,504,40,17
20190427,서울특별시,11,은평구,11380,제주특별자치도,50,0,0,0,0,0,0,0,0,10,0,0
20190427,서울특별시,11,은평구,11380,경상남도,48,0,10,4,7,7,0,8,6,38,6,0
20190427,서울특별시,11,은평구,11380,경상북도,47,0,21,3,7,7,0,4,0,24,3,0
20190427,서울특별시,11,은평구,11380,전라남도,46,0,4,0,3,4,0,6,0,9,0,0
20190427,서울특별시,11,은평구,11380,전라북도,45,0,14,4,3,4,0,6,0,26,0,0
20190427,서울특별시,11,은평구,11380,충청남도,44,0,15,3,0,4,0,5,0,35,0,0
20190427,서울특별시,11,은평구,11380,충청북도,43,3,10,8,0,7,0,8,0,30,0,0
20190427,서울특별시,11,은평구,11380,강원도,42,0,6,0,3,4,0,6,0,17,0,0
20190427,서울특별시,11,은평구,11380,경기도,41,15,182,27,61,52,21,63,25,457,73,32
20190427,서울특별시,11,은평구,11380,세종특별자치시,36,0,0,0,0,0,0,0,0,0,0,0
20190427,서울특별시,11,은평구,11380,울산광역시,31,0,6,0,0,0,0,4,0,22,0,0
20190427,서울특별시,11,은평구,11380,대전광역시,30,0,8,0,6,6,0,8,0,20,5,3
20190427,서울특별시,11,은평구,11380,광주광역시,29,0,6,5,4,0,0,6,4,18,8,0
20190427,서울특별시,11,은평구,11380,인천광역시,28,0,27,5,16,7,0,15,8,69,13,5
20190427,서울특별시,11,은평구,11380,대구광역시,27,6,11,3,11,9,0,5,0,27,8,8
20190427,서울특별시,11,은평구,11380,부산광역시,26,0,22,0,5,6,0,11,0,41,20,0
20190427,서울특별시,11,은평구,11380,서울특별시,11,8,119,25,35,32,18,39,7,246,54,27
20190427,서울특별시,11,송파구,11710,광주광역시,29,0,26,5,5,7,0,10,3,113,8,0
20190427,서울특별시,11,송파구,11710,대전광역시,30,3,21,6,6,13,0,7,0,87,5,0
20190427,서울특별시,11,송파구,11710,울산광역시,31,3,15,4,0,4,0,0,0,70,6,0
20190427,서울특별시,11,송파구,11710,세종특별자치시,36,0,6,0,0,0,0,0,0,10,3,0
20190427,서울특별시,11,송파구,11710,경기도,41,33,408,77,94,169,26,104,29,1422,189,50
20190427,서울특별시,11,송파구,11710,강원도,42,0,17,3,0,9,0,13,3,65,4,0
20190427,서울특별시,11,송파구,11710,충청북도,43,0,25,9,5,13,0,17,6,111,13,3
20190427,서울특별시,11,강북구,11305,부산광역시,26,0,22,3,4,5,0,0,0,24,7,0
20190427,서울특별시,11,강북구,11305,서울특별시,11,0,49,17,23,25,4,13,4,126,27,10
20190427,서울특별시,11,송파구,11710,충청남도,44,7,34,12,5,15,0,10,0,123,9,0
20190427,서울특별시,11,성북구,11290,전라남도,46,3,47,71,11,21,9,34,11,152,44,20
20190427,서울특별시,11,관악구,11620,제주특별자치도,50,0,5,3,0,0,0,0,0,3,0,0
20190427,서울특별시,11,관악구,11620,경상남도,48,0,26,7,6,5,0,0,9,28,3,0
20190427,서울특별시,11,관악구,11620,경상북도,47,0,17,9,9,8,0,8,0,22,0,0
20190427,서울특별시,11,관악구,11620,전라남도,46,0,7,0,4,4,0,0,0,13,0,0
20190427,서울특별시,11,관악구,11620,전라북도,45,0,17,12,6,5,0,0,5,31,0,0
20190427,서울특별시,11,관악구,11620,충청남도,44,0,15,7,7,9,0,7,0,31,9,0
20190427,서울특별시,11,관악구,11620,충청북도,43,0,15,13,6,3,0,3,4,31,0,0
20190427,서울특별시,11,관악구,11620,강원도,42,0,11,5,9,3,0,5,0,20,0,0
20190427,서울특별시,11,관악구,11620,경기도,41,20,201,74,61,69,34,33,30,453,106,38
20190427,서울특별시,11,관악구,11620,세종특별자치시,36,0,0,0,0,0,0,0,0,4,0,0
20190427,서울특별시,11,관악구,11620,울산광역시,31,0,6,4,4,3,0,0,3,20,0,0
20190427,서울특별시,11,관악구,11620,대전광역시,30,0,6,5,5,4,0,0,0,16,6,0
20190427,서울특별시,11,관악구,11620,광주광역시,29,0,7,8,3,0,0,7,0,15,4,0
20190427,서울특별시,11,성북구,11290,경상북도,47,11,78,119,23,30,15,48,9,246,63,30
20190427,서울특별시,11,성북구,11290,경상남도,48,12,154,308,23,45,15,56,29,270,140,36
20190427,서울특별시,11,성동구,11200,제주특별자치도,50,0,6,0,0,3,0,0,0,0,35,0
20190427,서울특별시,11,성동구,11200,경상남도,48,0,35,4,4,17,0,4,0,9,125,0
20190427,서울특별시,11,성동구,11200,경상북도,47,0,28,5,3,14,0,3,0,4,92,3
20190427,서울특별시,11,성동구,11200,전라남도,46,0,11,0,0,5,0,0,0,5,73,0
20190427,서울특별시,11,성동구,11200,전라북도,45,0,39,4,3,7,0,3,0,9,75,0
20190427,서울특별시,11,성동구,11200,충청남도,44,0,52,3,3,15,0,4,3,16,78,3
20190427,서울특별시,11,성동구,11200,충청북도,43,0,15,11,0,8,0,3,4,19,59,0
20190427,서울특별시,11,성동구,11200,강원도,42,0,11,0,0,6,0,0,0,0,52,0
20190427,서울특별시,11,성동구,11200,경기도,41,8,423,28,25,144,15,50,33,273,769,39
20190427,서울특별시,11,성동구,11200,세종특별자치시,36,0,6,0,0,0,0,0,0,0,12,0
20190427,서울특별시,11,성동구,11200,울산광역시,31,0,63,0,0,5,0,0,0,9,50,0
20190427,서울특별시,11,성동구,11200,대전광역시,30,0,25,3,0,12,0,0,3,8,73,0
20190427,서울특별시,11,성동구,11200,광주광역시,29,0,13,4,0,7,0,0,0,9,83,3
20190427,서울특별시,11,성동구,11200,인천광역시,28,0,50,8,5,25,0,0,3,35,134,5
20190427,서울특별시,11,성동구,11200,대구광역시,27,4,28,0,4,13,0,0,0,14,132,6
20190427,서울특별시,11,관악구,11620,인천광역시,28,7,20,14,23,9,0,8,6,62,5,9
20190427,서울특별시,11,관악구,11620,대구광역시,27,3,16,8,8,5,0,0,0,32,4,0
20190427,서울특별시,11,관악구,11620,부산광역시,26,0,48,20,13,10,0,0,0,40,25,0
20190427,서울특별시,11,관악구,11620,서울특별시,11,0,157,94,50,31,3,27,11,242,54,9
20190427,서울특별시,11,노원구,11350,경상남도,48,5,5,4,3,5,0,0,4,38,6,0
20190427,서울특별시,11,노원구,11350,제주특별자치도,50,0,0,0,0,0,0,0,0,0,0,0
20190427,서울특별시,11,송파구,11710,전라북도,45,0,23,8,4,10,0,12,0,104,11,0
20190427,서울특별시,11,송파구,11710,전라남도,46,0,16,3,3,4,0,8,0,73,6,0
20190427,서울특별시,11,성북구,11290,제주특별자치도,50,0,27,28,4,6,5,4,3,67,26,12
20190427,서울특별시,11,서초구,11650,충청남도,44,0,62,8,0,30,4,13,0,17,14,5
20190427,서울특별시,11,서초구,11650,전라북도,45,0,45,5,6,12,0,13,0,26,8,0
20190427,서울특별시,11,서초구,11650,전라남도,46,0,35,4,4,14,0,10,0,10,7,0
20190427,서울특별시,11,서초구,11650,경상북도,47,0,57,10,12,21,0,13,0,15,7,0
20190427,서울특별시,11,서초구,11650,경상남도,48,5,70,5,15,27,0,17,0,16,17,4
20190427,서울특별시,11,서초구,11650,제주특별자치도,50,0,10,4,0,3,0,0,0,0,4,0
20190427,서울특별시,11,구로구,11530,전라북도,45,0,8,0,5,0,3,3,0,28,3,0
20190427,서울특별시,11,구로구,11530,충청남도,44,0,11,3,6,7,8,8,0,29,0,0
20190427,서울특별시,11,구로구,11530,충청북도,43,0,6,9,8,3,5,7,0,39,6,0
20190427,서울특별시,11,구로구,11530,경상북도,47,0,9,4,6,4,5,3,0,23,3,0
20190427,서울특별시,11,구로구,11530,경상남도,48,4,22,0,3,8,10,0,4,36,11,3
20190427,서울특별시,11,구로구,11530,제주특별자치도,50,0,0,0,3,0,0,0,0,4,0,0
20190427,서울특별시,11,도봉구,11320,제주특별자치도,50,0,0,12,0,0,0,0,0,3,0,0
20190427,서울특별시,11,도봉구,11320,경상남도,48,6,7,23,0,0,0,0,3,6,7,0
20190427,서울특별시,11,도봉구,11320,경상북도,47,0,4,25,3,0,0,0,6,6,5,0
20190427,서울특별시,11,도봉구,11320,전라남도,46,0,0,17,0,0,0,0,0,4,3,0
20190427,서울특별시,11,도봉구,11320,전라북도,45,0,4,19,0,21,0,0,3,13,6,0
20190427,서울특별시,11,도봉구,11320,충청남도,44,3,5,19,0,7,0,0,0,12,7,0
20190427,서울특별시,11,도봉구,11320,충청북도,43,0,6,10,0,0,0,0,0,16,4,0
20190427,서울특별시,11,도봉구,11320,강원도,42,0,0,22,0,0,0,0,4,3,3,0
20190427,서울특별시,11,도봉구,11320,경기도,41,11,92,291,26,30,6,24,32,275,64,30
20190427,서울특별시,11,도봉구,11320,세종특별자치시,36,0,0,4,0,0,0,0,3,0,0,0
20190427,서울특별시,11,도봉구,11320,울산광역시,31,0,3,8,0,0,0,0,0,7,3,0
20190427,서울특별시,11,도봉구,11320,대전광역시,30,0,7,26,0,0,0,0,0,8,6,0
20190427,서울특별시,11,성동구,11200,부산광역시,26,0,62,6,5,23,0,0,5,22,193,5
20190427,서울특별시,11,성동구,11200,서울특별시,11,6,444,32,28,59,8,25,12,156,719,25
20190427,서울특별시,11,도봉구,11320,광주광역시,29,0,0,26,0,16,0,0,4,6,4,3
20190427,서울특별시,11,도봉구,11320,인천광역시,28,3,6,37,5,36,0,0,5,36,10,7
20190427,서울특별시,11,도봉구,11320,대구광역시,27,3,12,32,0,7,0,4,7,17,5,0
20190427,서울특별시,11,종로구,11110,서울특별시,11,10,315,44,34,75,0,31,0,118,23,5
20190427,서울특별시,11,종로구,11110,부산광역시,26,0,52,0,5,13,0,3,0,120,49,0
20190427,서울특별시,11,종로구,11110,대구광역시,27,0,72,4,6,18,0,4,0,59,67,3
20190427,서울특별시,11,종로구,11110,인천광역시,28,4,62,0,12,17,0,7,0,34,6,0
20190427,서울특별시,11,종로구,11110,광주광역시,29,0,19,0,0,12,0,7,0,51,27,3
20190427,서울특별시,11,강남구,11680,경기도,41,23,424,129,85,134,38,73,28,845,147,67
20190427,서울특별시,11,강남구,11680,강원도,42,0,22,9,5,12,3,4,0,11,18,3
20190427,서울특별시,11,강남구,11680,충청북도,43,0,32,15,4,4,0,6,3,30,6,0
20190427,서울특별시,11,강남구,11680,충청남도,44,0,37,6,4,9,0,8,0,37,11,4
20190427,서울특별시,11,강남구,11680,전라북도,45,0,31,9,4,0,4,9,0,44,12,6
20190427,서울특별시,11,강남구,11680,전라남도,46,0,28,6,3,19,0,7,0,33,8,3
20190427,서울특별시,11,강동구,11740,제주특별자치도,50,0,7,3,0,3,0,0,0,0,0,0
20190427,서울특별시,11,강동구,11740,경상남도,48,0,20,14,0,7,0,0,0,18,3,0
20190427,서울특별시,11,강동구,11740,경상북도,47,0,9,7,0,5,0,0,0,12,0,0
20190427,서울특별시,11,강동구,11740,전라남도,46,0,3,7,0,5,0,0,0,4,0,0
20190427,서울특별시,11,강동구,11740,전라북도,45,0,10,3,0,3,0,0,0,17,0,0
20190427,서울특별시,11,강동구,11740,충청남도,44,0,13,14,0,7,0,0,0,24,4,0
20190427,서울특별시,11,강동구,11740,충청북도,43,0,5,11,0,7,0,0,0,19,3,0
20190427,서울특별시,11,강동구,11740,강원도,42,3,8,10,0,21,0,0,0,5,0,0
20190427,서울특별시,11,강동구,11740,경기도,41,14,142,76,37,164,14,31,20,366,77,28
20190427,서울특별시,11,강동구,11740,세종특별자치시,36,0,0,4,0,0,0,0,0,0,3,0
20190427,서울특별시,11,강동구,11740,울산광역시,31,0,4,9,0,0,0,0,0,10,0,0
20190427,서울특별시,11,강동구,11740,대전광역시,30,0,12,10,4,15,0,0,0,12,0,0
20190427,서울특별시,11,강동구,11740,광주광역시,29,0,9,7,0,0,0,0,0,7,0,0
20190427,서울특별시,11,강남구,11680,세종특별자치시,36,0,8,3,0,0,0,3,0,0,5,0
20190427,서울특별시,11,강남구,11680,울산광역시,31,0,19,9,4,0,0,0,0,24,0,3
20190427,서울특별시,11,강남구,11680,대전광역시,30,3,39,10,0,5,3,6,0,21,9,4
20190427,서울특별시,11,강남구,11680,광주광역시,29,0,44,11,0,9,4,4,0,32,8,4
20190427,서울특별시,11,강남구,11680,인천광역시,28,6,65,18,18,8,0,3,0,60,20,10
20190427,서울특별시,11,강남구,11680,대구광역시,27,11,62,19,8,6,3,4,0,52,13,0
20190427,서울특별시,11,강남구,11680,부산광역시,26,5,83,25,14,9,9,6,4,70,35,7
20190427,서울특별시,11,강남구,11680,서울특별시,11,17,459,117,120,91,20,77,18,464,123,38
20190427,서울특별시,11,중랑구,11260,전라북도,45,0,9,0,6,0,0,18,0,19,5,0
20190427,서울특별시,11,중랑구,11260,충청남도,44,0,9,0,47,0,0,43,0,37,3,0
20190427,서울특별시,11,중랑구,11260,충청북도,43,0,8,4,108,0,0,11,0,28,3,0
20190427,서울특별시,11,중랑구,11260,강원도,42,0,3,0,7,5,0,10,0,12,3,0
20190427,서울특별시,11,중랑구,11260,경기도,41,11,177,27,77,40,17,126,18,306,60,23
20190427,서울특별시,11,중랑구,11260,세종특별자치시,36,0,3,0,11,0,0,5,0,5,0,0
20190427,서울특별시,11,중랑구,11260,울산광역시,31,0,4,0,4,0,0,15,0,12,4,0
20190427,서울특별시,11,중랑구,11260,대전광역시,30,0,4,0,37,3,0,13,0,11,4,0
20190427,서울특별시,11,중랑구,11260,광주광역시,29,0,8,0,9,4,0,22,0,20,0,0
20190427,서울특별시,11,중랑구,11260,인천광역시,28,0,10,4,23,10,0,11,4,57,7,8
20190427,서울특별시,11,마포구,11440,서울특별시,11,87,204,48,75,49,0,17,10,316,318,9
20190427,서울특별시,11,마포구,11440,부산광역시,26,25,36,7,20,4,0,3,4,51,83,3
20190427,서울특별시,11,마포구,11440,대구광역시,27,25,18,0,17,10,0,3,0,36,57,4
20190427,서울특별시,11,마포구,11440,인천광역시,28,29,27,6,25,11,0,6,0,51,81,8
20190427,서울특별시,11,마포구,11440,광주광역시,29,12,20,5,7,0,0,0,0,15,41,0
20190427,서울특별시,11,마포구,11440,대전광역시,30,12,12,5,9,6,0,3,0,23,43,0
20190427,서울특별시,11,마포구,11440,울산광역시,31,11,5,5,6,3,0,0,0,20,20,0
20190427,서울특별시,11,종로구,11110,대전광역시,30,0,29,3,5,8,0,4,0,46,28,0
20190427,서울특별시,11,종로구,11110,울산광역시,31,0,10,0,3,3,0,4,0,40,21,0
20190427,서울특별시,11,종로구,11110,세종특별자치시,36,0,11,0,0,5,0,0,0,6,7,0
20190427,서울특별시,11,종로구,11110,경기도,41,14,329,17,41,109,15,87,4,322,36,23
20190427,서울특별시,11,종로구,11110,강원도,42,0,28,0,3,7,0,3,0,38,7,0
20190427,서울특별시,11,마포구,11440,세종특별자치시,36,3,0,0,0,0,0,0,0,4,7,0
20190427,서울특별시,11,마포구,11440,경기도,41,129,244,43,105,75,16,22,16,455,400,46
20190427,서울특별시,11,마포구,11440,강원도,42,10,9,6,8,0,0,3,0,17,50,0
20190427,서울특별시,11,마포구,11440,충청북도,43,12,10,11,11,19,0,6,0,35,48,3
20190427,서울특별시,11,구로구,11530,전라남도,46,0,5,0,4,0,3,0,0,8,0,0
20190427,서울특별시,11,마포구,11440,충청남도,44,12,17,3,9,7,0,0,0,29,51,0
20190427,서울특별시,11,마포구,11440,전라북도,45,13,16,3,6,4,0,0,3,22,48,0
20190427,서울특별시,11,마포구,11440,전라남도,46,8,5,0,7,3,0,5,0,12,42,0
20190427,서울특별시,11,마포구,11440,경상북도,47,18,19,0,18,6,0,0,3,22,51,4
20190427,서울특별시,11,마포구,11440,경상남도,48,28,18,9,20,0,0,3,0,32,67,3
20190427,서울특별시,11,마포구,11440,제주특별자치도,50,4,0,0,3,0,0,0,0,4,13,0
20190427,서울특별시,11,서초구,11650,충청북도,43,0,39,30,9,20,0,19,3,23,4,0
20190427,서울특별시,11,강남구,11680,경상북도,47,0,49,13,11,5,0,5,4,30,17,3
20190427,서울특별시,11,강남구,11680,경상남도,48,0,35,15,6,10,6,11,0,41,21,4
20190427,서울특별시,11,강남구,11680,제주특별자치도,50,0,15,4,0,4,0,0,0,9,3,0
20190427,서울특별시,11,중랑구,11260,전라남도,46,0,6,0,12,0,0,12,0,13,0,0
20190427,서울특별시,11,중랑구,11260,경상북도,47,0,11,0,18,0,0,22,0,13,6,0
20190427,서울특별시,11,중랑구,11260,경상남도,48,0,16,3,14,4,0,13,0,27,11,0
20190427,서울특별시,11,중랑구,11260,제주특별자치도,50,0,0,0,7,0,0,0,0,0,4,0
20190427,서울특별시,11,중랑구,11260,대구광역시,27,4,15,3,10,8,3,9,0,16,8,0
20190427,서울특별시,11,중랑구,11260,부산광역시,26,0,22,7,12,3,3,27,3,34,13,0
20190427,서울특별시,11,중랑구,11260,서울특별시,11,0,155,23,69,28,6,88,12,173,58,9
20190427,서울특별시,11,도봉구,11320,부산광역시,26,0,16,40,0,3,0,0,3,15,21,6
20190427,서울특별시,11,도봉구,11320,서울특별시,11,6,51,188,30,25,5,16,24,141,40,11
20190427,서울특별시,11,강동구,11740,인천광역시,28,14,18,17,8,35,0,0,9,40,6,5
20190427,서울특별시,11,강동구,11740,대구광역시,27,0,18,13,0,5,0,0,0,16,6,0
20190427,서울특별시,11,강동구,11740,부산광역시,26,3,32,19,5,6,0,0,0,21,16,0
20190427,서울특별시,11,중구,11140,서울특별시,11,52,534,88,35,241,17,127,177,422,143,21
20190427,서울특별시,11,종로구,11110,충청북도,43,0,33,0,3,6,0,6,0,49,27,0
20190427,서울특별시,11,종로구,11110,충청남도,44,0,47,4,5,21,0,12,0,50,35,0
20190427,서울특별시,11,종로구,11110,전라북도,45,3,23,0,0,3,0,4,0,42,28,0
20190427,서울특별시,11,종로구,11110,전라남도,46,0,23,0,4,6,0,0,0,70,25,0
20190427,서울특별시,11,종로구,11110,경상북도,47,0,47,4,6,13,4,0,0,92,37,0
20190427,서울특별시,11,종로구,11110,경상남도,48,0,54,0,7,12,0,3,0,105,54,0
20190427,서울특별시,11,종로구,11110,제주특별자치도,50,0,11,0,0,0,0,0,0,8,11,0
20190427,서울특별시,11,동대문구,11230,서울특별시,11,15,233,45,45,68,17,61,46,258,54,14
20190427,서울특별시,11,노원구,11350,서울특별시,11,15,103,33,34,135,12,175,47,286,86,21
20190427,서울특별시,11,노원구,11350,부산광역시,26,0,23,6,0,5,0,7,3,44,20,0
20190427,서울특별시,11,노원구,11350,대구광역시,27,3,14,4,6,9,0,8,4,48,8,0
20190427,서울특별시,11,노원구,11350,인천광역시,28,9,11,3,9,24,4,15,12,55,7,9
20190427,서울특별시,11,노원구,11350,광주광역시,29,0,8,3,0,3,0,0,0,11,3,0
20190427,서울특별시,11,노원구,11350,대전광역시,30,0,8,0,3,0,0,3,0,16,0,0
20190427,서울특별시,11,노원구,11350,울산광역시,31,0,5,0,0,0,0,0,0,24,0,0
20190427,서울특별시,11,노원구,11350,세종특별자치시,36,0,0,0,0,0,0,0,0,9,0,0
20190427,서울특별시,11,노원구,11350,경기도,41,12,177,38,40,86,33,102,37,521,99,42
20190427,서울특별시,11,노원구,11350,강원도,42,0,6,3,3,0,0,3,0,13,0,0
20190427,서울특별시,11,노원구,11350,충청북도,43,3,6,10,0,4,0,5,0,38,3,0
20190427,서울특별시,11,노원구,11350,충청남도,44,0,7,4,4,0,0,15,0,35,4,0
20190427,서울특별시,11,노원구,11350,전라북도,45,0,7,4,5,0,0,0,3,33,4,0
20190427,서울특별시,11,노원구,11350,전라남도,46,0,3,0,0,0,0,3,0,10,5,0
20190427,서울특별시,11,노원구,11350,경상북도,47,8,4,0,3,6,0,4,0,20,7,0
20190427,서울특별시,11,금천구,11545,제주특별자치도,50,0,0,21,0,5,0,0,0,9,9,5
20190427,서울특별시,11,금천구,11545,경상남도,48,0,39,150,18,26,3,4,8,86,33,21
20190427,서울특별시,11,금천구,11545,전라남도,46,0,21,90,12,8,0,0,5,47,26,12
20190428,서울특별시,11,중랑구,11260,세종특별자치시,36,0,0,0,0,0,0,0,0,0,0,0
20190428,서울특별시,11,금천구,11545,서울특별시,11,24,40,0,24,35,0,22,16,4,6,0
20190428,서울특별시,11,금천구,11545,울산광역시,31,0,0,0,0,0,0,0,0,0,0,0
20190428,서울특별시,11,금천구,11545,경기도,41,17,13,3,5,7,0,10,9,0,0,0
20190428,서울특별시,11,영등포구,11560,경기도,41,0,0,0,0,0,0,0,0,0,0,0
20190428,서울특별시,11,영등포구,11560,충청북도,43,0,0,0,0,0,0,0,0,0,0,0
20190428,서울특별시,11,구로구,11530,제주특별자치도,50,0,3,0,0,0,0,0,0,4,7,0
20190428,서울특별시,11,구로구,11530,경상남도,48,0,54,0,3,0,0,0,0,84,42,0
20190428,서울특별시,11,구로구,11530,경상북도,47,0,36,0,3,0,0,0,0,55,32,0
20190428,서울특별시,11,구로구,11530,전라남도,46,0,27,0,0,0,0,0,0,31,18,0
20190428,서울특별시,11,구로구,11530,전라북도,45,0,37,0,0,0,0,0,0,40,23,0
20190428,서울특별시,11,구로구,11530,충청남도,44,0,41,0,0,0,0,0,0,64,47,0
20190428,서울특별시,11,구로구,11530,충청북도,43,0,28,0,4,0,0,0,0,41,16,0
20190428,서울특별시,11,구로구,11530,강원도,42,0,34,0,0,0,0,0,0,33,22,0
20190428,서울특별시,11,구로구,11530,경기도,41,0,282,0,15,3,0,0,0,366,192,0
20190428,서울특별시,11,구로구,11530,세종특별자치시,36,0,13,0,0,0,0,0,0,11,4,0
20190428,서울특별시,11,구로구,11530,울산광역시,31,0,14,0,0,0,0,0,0,19,10,0
20190428,서울특별시,11,구로구,11530,대전광역시,30,0,23,0,0,0,0,0,0,35,25,0
20190428,서울특별시,11,구로구,11530,광주광역시,29,0,36,0,0,0,0,0,0,21,19,0
20190428,서울특별시,11,구로구,11530,인천광역시,28,0,78,0,3,0,0,0,0,70,31,0
20190428,서울특별시,11,구로구,11530,대구광역시,27,0,39,0,0,0,0,0,0,47,22,0
20190428,서울특별시,11,구로구,11530,부산광역시,26,0,66,0,0,0,0,0,0,83,36,0
20190428,서울특별시,11,구로구,11530,서울특별시,11,0,298,0,11,3,0,0,0,296,209,0
20190428,서울특별시,11,은평구,11380,서울특별시,11,0,0,0,0,0,0,0,0,0,0,0
20190428,서울특별시,11,은평구,11380,대구광역시,27,0,0,0,0,0,0,0,0,0,0,0
20190428,서울특별시,11,관악구,11620,제주특별자치도,50,0,0,0,0,0,0,0,0,0,0,0
20190428,서울특별시,11,관악구,11620,경상남도,48,0,0,0,0,0,0,0,0,0,0,0
20190428,서울특별시,11,관악구,11620,경상북도,47,0,0,0,0,0,0,0,0,0,0,0
20190428,서울특별시,11,강남구,11680,서울특별시,11,0,5,5,4,0,0,0,0,4,0,0
20190428,서울특별시,11,강남구,11680,부산광역시,26,0,3,0,0,0,0,0,0,3,0,0
20190428,서울특별시,11,강남구,11680,대구광역시,27,0,0,0,0,0,0,0,0,0,0,0
20190428,서울특별시,11,강남구,11680,인천광역시,28,0,0,0,0,0,0,0,0,0,0,0
20190428,서울특별시,11,강남구,11680,광주광역시,29,0,0,0,0,0,0,0,0,0,0,0
20190428,서울특별시,11,강남구,11680,대전광역시,30,0,0,0,0,0,0,0,0,0,0,0
20190428,서울특별시,11,강남구,11680,경기도,41,0,8,0,5,0,0,10,0,8,0,0
20190428,서울특별시,11,강남구,11680,강원도,42,0,0,0,0,0,0,0,0,0,0,0
20190428,서울특별시,11,강남구,11680,충청북도,43,0,0,0,0,0,0,0,0,0,0,0
20190428,서울특별시,11,강남구,11680,전라북도,45,0,0,0,0,0,0,0,0,0,0,0
20190428,서울특별시,11,강남구,11680,경상북도,47,0,0,0,0,0,0,0,0,3,0,0
20190428,서울특별시,11,강남구,11680,경상남도,48,0,0,0,0,0,0,0,0,0,0,0
20190428,서울특별시,11,관악구,11620,전라남도,46,0,0,0,0,0,0,0,0,0,0,0
20190428,서울특별시,11,관악구,11620,전라북도,45,0,0,0,0,0,0,0,0,0,0,0
20190428,서울특별시,11,관악구,11620,충청남도,44,0,0,0,0,0,0,0,0,0,0,0
20190428,서울특별시,11,관악구,11620,충청북도,43,0,0,0,0,0,0,0,0,0,0,0
20190428,서울특별시,11,관악구,11620,강원도,42,0,0,0,0,0,0,0,0,0,0,0
20190428,서울특별시,11,관악구,11620,경기도,41,0,6,0,4,3,0,0,4,0,0,0
20190428,서울특별시,11,관악구,11620,세종특별자치시,36,0,0,0,0,0,0,0,0,0,0,0
20190428,서울특별시,11,관악구,11620,대전광역시,30,0,0,0,0,0,0,0,0,0,0,0
20190428,서울특별시,11,관악구,11620,광주광역시,29,0,0,0,0,0,0,0,0,0,0,0
20190428,서울특별시,11,관악구,11620,인천광역시,28,3,3,0,0,0,0,0,4,0,0,0
20190428,서울특별시,11,관악구,11620,대구광역시,27,0,0,0,0,0,0,0,0,0,0,0
20190428,서울특별시,11,관악구,11620,부산광역시,26,0,0,0,0,0,0,0,0,0,0,0
20190428,서울특별시,11,중구,11140,서울특별시,11,0,48,3,12,0,0,4,0,55,5,0
20190428,서울특별시,11,중구,11140,부산광역시,26,0,6,0,4,0,0,0,0,16,0,0
20190428,서울특별시,11,중구,11140,대구광역시,27,0,0,0,0,0,0,0,0,6,0,0
20190428,서울특별시,11,중구,11140,인천광역시,28,0,0,0,3,0,0,0,0,12,0,0
20190428,서울특별시,11,중구,11140,광주광역시,29,0,0,0,0,0,0,0,0,8,0,0
20190428,서울특별시,11,중구,11140,대전광역시,30,0,0,0,0,0,0,0,0,7,0,0
20190428,서울특별시,11,중구,11140,울산광역시,31,0,0,0,3,0,0,0,0,5,0,0
20190428,서울특별시,11,중구,11140,세종특별자치시,36,0,0,0,0,0,0,0,0,0,0,0
20190428,서울특별시,11,중구,11140,경기도,41,0,25,0,9,0,0,0,0,71,8,0
20190428,서울특별시,11,중구,11140,강원도,42,0,0,0,3,0,0,0,0,5,0,0
20190428,서울특별시,11,중구,11140,충청북도,43,0,0,0,0,0,0,0,0,5,0,0
20190428,서울특별시,11,중구,11140,충청남도,44,0,0,0,4,0,0,0,0,7,0,0
20190428,서울특별시,11,중구,11140,전라북도,45,0,4,0,0,0,0,0,0,5,0,0
20190428,서울특별시,11,중구,11140,전라남도,46,0,0,0,5,0,0,0,0,9,0,0
20190428,서울특별시,11,중구,11140,경상북도,47,0,0,0,0,0,0,0,0,15,0,0
20190428,서울특별시,11,중구,11140,경상남도,48,0,3,0,0,0,0,0,0,20,0,0
20190428,서울특별시,11,중구,11140,제주특별자치도,50,0,0,0,0,0,0,0,0,14,0,0
20190428,서울특별시,11,서대문구,11410,경상북도,47,0,0,0,0,0,0,0,0,0,0,0
20190428,서울특별시,11,서대문구,11410,강원도,42,0,0,0,0,0,0,0,0,0,0,0
20190428,서울특별시,11,서대문구,11410,경기도,41,0,3,0,0,0,0,0,0,0,0,0
20190428,서울특별시,11,서대문구,11410,인천광역시,28,0,0,0,0,0,0,0,0,0,0,0
20190428,서울특별시,11,서대문구,11410,부산광역시,26,0,0,0,0,0,0,0,0,0,0,0
20190428,서울특별시,11,서대문구,11410,서울특별시,11,0,0,0,0,0,0,0,0,0,0,0
20190428,서울특별시,11,마포구,11440,서울특별시,11,0,33,5,0,3,0,6,0,0,0,0
20190428,서울특별시,11,종로구,11110,서울특별시,11,0,0,0,0,0,0,0,0,0,353,0
20190428,서울특별시,11,종로구,11110,부산광역시,26,0,0,0,0,0,0,0,0,0,96,0
20190428,서울특별시,11,종로구,11110,대구광역시,27,0,0,0,0,0,0,0,0,0,62,0
20190428,서울특별시,11,종로구,11110,인천광역시,28,0,0,0,0,0,0,0,0,0,92,0
20190428,서울특별시,11,종로구,11110,광주광역시,29,0,0,0,0,0,0,0,0,3,34,0
20190428,서울특별시,11,종로구,11110,대전광역시,30,0,0,0,0,0,0,0,0,0,34,0
20190428,서울특별시,11,종로구,11110,울산광역시,31,0,0,0,0,0,0,0,0,0,30,0
20190428,서울특별시,11,종로구,11110,세종특별자치시,36,0,0,0,0,0,0,0,0,0,7,0
20190428,서울특별시,11,종로구,11110,경기도,41,0,0,0,0,0,0,0,0,0,392,0
20190428,서울특별시,11,종로구,11110,강원도,42,0,0,0,0,0,0,0,0,0,30,0
20190428,서울특별시,11,종로구,11110,충청북도,43,0,0,0,0,0,0,0,0,0,37,0
20190428,서울특별시,11,종로구,11110,충청남도,44,0,0,0,0,0,0,0,0,0,42,0
20190428,서울특별시,11,종로구,11110,전라북도,45,0,0,0,0,0,0,0,0,0,45,0
20190428,서울특별시,11,종로구,11110,전라남도,46,0,0,0,0,0,0,0,0,0,31,0
20190428,서울특별시,11,종로구,11110,경상북도,47,0,0,0,0,0,0,0,0,0,50,0
20190428,서울특별시,11,종로구,11110,경상남도,48,0,0,0,0,0,0,0,0,3,72,0
20190428,서울특별시,11,종로구,11110,제주특별자치도,50,0,0,0,0,0,0,0,0,0,20,0
20190428,서울특별시,11,중랑구,11260,서울특별시,11,0,3,0,12,0,0,0,0,36,0,0
20190428,서울특별시,11,중랑구,11260,부산광역시,26,0,3,0,3,0,0,0,0,13,0,0
20190428,서울특별시,11,중랑구,11260,대구광역시,27,0,0,0,3,0,0,0,0,14,0,0
20190428,서울특별시,11,중랑구,11260,인천광역시,28,0,0,0,0,0,0,0,0,13,0,0
20190428,서울특별시,11,중랑구,11260,광주광역시,29,0,0,0,0,0,0,0,0,9,0,0
20190428,서울특별시,11,중랑구,11260,대전광역시,30,0,0,0,0,0,0,0,0,4,0,0
20190428,서울특별시,11,중랑구,11260,울산광역시,31,0,0,0,0,0,0,0,0,4,0,0
20190428,서울특별시,11,중랑구,11260,경기도,41,0,0,0,12,0,0,5,0,76,0,0
20190428,서울특별시,11,중랑구,11260,강원도,42,0,0,0,0,0,0,0,0,8,0,0
20190428,서울특별시,11,동작구,11590,부산광역시,26,0,0,0,0,0,0,0,0,0,0,0
20190428,서울특별시,11,동작구,11590,대구광역시,27,0,0,0,0,0,0,0,0,0,0,0
20190428,서울특별시,11,동작구,11590,광주광역시,29,0,0,0,0,0,0,0,0,0,4,0
20190428,서울특별시,11,동작구,11590,경기도,41,0,0,0,0,0,0,0,0,0,0,0
20190428,서울특별시,11,동작구,11590,강원도,42,0,0,0,0,0,0,0,0,0,0,0
20190428,서울특별시,11,동작구,11590,충청남도,44,0,0,0,0,0,0,0,0,0,0,0
20190428,서울특별시,11,동작구,11590,전라남도,46,0,0,0,0,0,0,0,0,0,0,0
20190428,서울특별시,11,동작구,11590,경상북도,47,0,0,0,0,0,0,0,0,0,0,0
20190428,서울특별시,11,동작구,11590,경상남도,48,0,3,0,0,0,0,0,0,0,0,0
20190428,서울특별시,11,중랑구,11260,충청북도,43,0,0,0,0,0,0,0,0,3,0,0
20190428,서울특별시,11,중랑구,11260,충청남도,44,0,0,0,0,0,0,0,0,14,0,0
20190428,서울특별시,11,중랑구,11260,전라북도,45,0,0,0,0,0,0,0,0,6,0,0
20190428,서울특별시,11,중랑구,11260,전라남도,46,0,0,0,0,0,0,0,0,10,0,0
20190428,서울특별시,11,중랑구,11260,경상북도,47,0,0,0,0,0,0,0,0,10,0,0
20190428,서울특별시,11,중랑구,11260,경상남도,48,0,0,0,0,0,0,0,0,24,0,0
20190428,서울특별시,11,중랑구,11260,제주특별자치도,50,0,0,0,0,0,0,0,0,0,0,0
20190428,서울특별시,11,마포구,11440,부산광역시,26,0,12,4,0,0,0,0,0,0,0,0
20190428,서울특별시,11,마포구,11440,대구광역시,27,0,8,0,0,0,0,0,0,0,0,0
20190428,서울특별시,11,마포구,11440,인천광역시,28,0,31,0,0,0,0,0,0,0,0,0
20190428,서울특별시,11,마포구,11440,광주광역시,29,0,6,0,0,0,0,0,0,0,0,0
20190428,서울특별시,11,마포구,11440,대전광역시,30,0,5,0,0,0,0,0,0,0,0,0
20190428,서울특별시,11,마포구,11440,울산광역시,31,0,6,3,0,0,0,0,0,0,0,0
20190428,서울특별시,11,마포구,11440,세종특별자치시,36,0,0,0,0,0,0,0,0,0,0,0
20190428,서울특별시,11,마포구,11440,경기도,41,0,65,17,0,0,0,3,0,0,0,0
20190428,서울특별시,11,마포구,11440,강원도,42,0,3,0,0,0,0,0,0,0,0,0
20190428,서울특별시,11,마포구,11440,충청북도,43,0,10,0,0,0,0,0,0,0,0,0
20190428,서울특별시,11,마포구,11440,충청남도,44,0,8,0,0,0,0,0,0,0,0,0
20190428,서울특별시,11,마포구,11440,전라북도,45,0,10,3,0,0,0,0,0,0,0,0
20190428,서울특별시,11,마포구,11440,전라남도,46,0,11,0,0,0,0,0,0,0,0,0
20190428,서울특별시,11,마포구,11440,경상북도,47,0,0,3,0,0,0,0,0,0,0,0
20190428,서울특별시,11,마포구,11440,경상남도,48,0,12,3,0,0,0,0,0,0,0,0
20190428,서울특별시,11,동대문구,11230,서울특별시,11,0,0,0,0,0,0,0,0,0,0,0
20190428,서울특별시,11,동대문구,11230,인천광역시,28,0,0,0,0,0,0,0,0,0,0,0
20190428,서울특별시,11,동대문구,11230,대전광역시,30,0,0,0,0,0,0,0,0,0,0,0
20190428,서울특별시,11,동대문구,11230,경기도,41,0,0,0,0,0,0,0,0,0,0,0
20190428,서울특별시,11,동대문구,11230,충청남도,44,0,0,0,0,0,0,0,0,0,0,0
20190428,서울특별시,11,성북구,11290,서울특별시,11,4,42,6,20,58,39,33,13,149,116,83
20190428,서울특별시,11,성북구,11290,부산광역시,26,0,11,3,0,11,4,0,0,47,35,19
20190428,서울특별시,11,성북구,11290,대구광역시,27,0,5,0,7,9,10,0,3,29,26,11
20190428,서울특별시,11,강북구,11305,제주특별자치도,50,0,0,0,0,0,0,0,11,0,0,0
20190428,서울특별시,11,강북구,11305,경상남도,48,0,0,0,0,5,0,0,110,0,0,0
20190428,서울특별시,11,강북구,11305,경상북도,47,0,0,0,0,3,0,0,61,0,0,0
20190428,서울특별시,11,강북구,11305,전라남도,46,0,0,0,0,0,0,0,33,0,0,0
20190428,서울특별시,11,강북구,11305,전라북도,45,0,0,0,0,5,0,0,41,0,0,0
20190428,서울특별시,11,강북구,11305,충청남도,44,0,0,0,0,8,0,0,69,0,0,0
20190428,서울특별시,11,강북구,11305,충청북도,43,0,0,0,0,4,0,0,41,0,0,0
20190428,서울특별시,11,강북구,11305,강원도,42,0,0,0,0,0,0,0,23,0,0,0
20190428,서울특별시,11,성북구,11290,인천광역시,28,0,6,0,3,17,13,20,0,37,27,24
20190428,서울특별시,11,용산구,11170,서울특별시,11,0,105,0,0,0,0,0,0,0,0,0
20190428,서울특별시,11,용산구,11170,부산광역시,26,0,6,0,0,0,0,0,0,0,0,0
20190428,서울특별시,11,용산구,11170,대구광역시,27,0,0,0,0,0,0,0,0,0,0,0
20190428,서울특별시,11,용산구,11170,인천광역시,28,0,3,0,0,0,0,0,0,0,0,0
20190428,서울특별시,11,용산구,11170,대전광역시,30,0,9,0,0,0,0,0,0,0,0,0
20190428,서울특별시,11,용산구,11170,세종특별자치시,36,0,0,0,0,0,0,0,0,0,0,0
20190428,서울특별시,11,용산구,11170,경기도,41,0,56,4,0,0,0,0,0,0,0,0
20190428,서울특별시,11,용산구,11170,강원도,42,0,0,0,0,0,0,0,0,0,0,0
20190428,서울특별시,11,용산구,11170,충청북도,43,0,0,0,0,0,0,0,0,0,0,0
20190428,서울특별시,11,용산구,11170,충청남도,44,0,4,0,0,0,0,0,0,0,0,0
20190428,서울특별시,11,강북구,11305,경기도,41,3,0,0,0,25,3,0,414,0,7,4
20190428,서울특별시,11,강북구,11305,세종특별자치시,36,0,0,0,0,0,0,0,24,0,0,0
20190428,서울특별시,11,강북구,11305,울산광역시,31,0,0,0,0,0,0,0,37,0,0,0
20190428,서울특별시,11,강북구,11305,대전광역시,30,0,0,0,0,0,0,0,37,0,0,0
20190428,서울특별시,11,강북구,11305,광주광역시,29,0,0,0,0,4,0,0,43,0,0,0
20190428,서울특별시,11,강북구,11305,인천광역시,28,0,0,0,0,10,0,0,79,0,0,0
20190428,서울특별시,11,강북구,11305,대구광역시,27,0,0,0,0,3,0,0,63,0,0,0
20190428,서울특별시,11,강북구,11305,부산광역시,26,0,0,0,0,3,0,0,103,0,0,0
20190428,서울특별시,11,강북구,11305,서울특별시,11,0,3,0,0,16,0,0,315,0,0,0
20190428,서울특별시,11,용산구,11170,전라북도,45,0,0,0,0,0,0,0,0,0,0,0
20190428,서울특별시,11,용산구,11170,경상북도,47,0,0,0,0,0,0,0,0,0,0,0
20190428,서울특별시,11,용산구,11170,경상남도,48,0,5,0,0,0,0,0,0,0,0,0
20190428,서울특별시,11,용산구,11170,제주특별자치도,50,0,0,0,0,0,0,0,0,0,0,0
20190428,서울특별시,11,서초구,11650,전라남도,46,0,0,0,0,0,0,0,0,0,0,0
20190428,서울특별시,11,서초구,11650,충청남도,44,0,0,0,0,0,0,0,0,0,0,0
20190428,서울특별시,11,서초구,11650,충청북도,43,0,0,0,0,0,0,0,0,0,0,0
20190428,서울특별시,11,서초구,11650,경기도,41,0,0,0,0,0,0,0,0,0,0,0
20190428,서울특별시,11,서초구,11650,대전광역시,30,0,0,0,0,0,0,0,0,0,0,0
20190428,서울특별시,11,서초구,11650,부산광역시,26,0,0,0,0,0,0,0,0,0,0,0
20190428,서울특별시,11,서초구,11650,서울특별시,11,5,43,0,0,22,0,209,0,0,0,0
20190428,서울특별시,11,성동구,11200,충청남도,44,0,0,0,0,0,0,0,0,0,0,0
20190428,서울특별시,11,성동구,11200,충청북도,43,0,0,0,0,0,0,0,0,0,0,0
20190428,서울특별시,11,성동구,11200,경기도,41,0,7,0,0,0,0,0,0,0,0,0
20190428,서울특별시,11,성동구,11200,울산광역시,31,0,0,0,0,0,0,0,0,0,0,0
20190428,서울특별시,11,성동구,11200,대전광역시,30,0,0,0,0,0,0,0,0,0,0,0
20190428,서울특별시,11,성동구,11200,인천광역시,28,0,0,0,0,0,0,0,0,0,0,0
20190428,서울특별시,11,성동구,11200,서울특별시,11,0,9,0,0,0,0,0,0,0,0,0
20190428,서울특별시,11,강동구,11740,서울특별시,11,0,0,0,0,0,0,0,0,0,0,0
20190428,서울특별시,11,강동구,11740,경기도,41,0,0,0,0,0,0,0,0,0,0,0
20190428,서울특별시,11,강동구,11740,경상남도,48,0,0,0,0,0,0,0,0,0,0,0
20190428,서울특별시,11,노원구,11350,경상남도,48,0,0,0,0,0,0,0,0,0,0,0
20190428,서울특별시,11,노원구,11350,경기도,41,0,0,0,0,0,0,0,0,0,0,0
20190428,서울특별시,11,노원구,11350,울산광역시,31,0,0,0,0,0,0,0,0,0,0,0
20190428,서울특별시,11,노원구,11350,부산광역시,26,0,0,0,0,0,0,0,0,0,0,0
20190428,서울특별시,11,노원구,11350,서울특별시,11,0,0,0,0,0,0,0,0,0,0,0
20190428,서울특별시,11,강서구,11500,경상남도,48,4,0,5,48,73,0,115,0,476,39,264
20190428,서울특별시,11,강서구,11500,경상북도,47,8,0,4,116,131,6,208,0,760,82,435
20190428,서울특별시,11,강서구,11500,전라남도,46,6,0,0,45,90,4,103,0,462,42,216
20190428,서울특별시,11,강서구,11500,전라북도,45,0,0,3,45,46,0,64,0,299,33,149
20190428,서울특별시,11,강서구,11500,충청남도,44,11,0,5,86,120,4,167,0,674,67,385
20190428,서울특별시,11,강서구,11500,충청북도,43,3,0,3,60,95,5,110,0,461,51,230
20190428,서울특별시,11,강서구,11500,강원도,42,9,4,0,154,202,6,285,0,1177,124,576
20190428,서울특별시,11,강서구,11500,경기도,41,9,6,0,71,113,5,146,0,528,67,337
20190428,서울특별시,11,강서구,11500,세종특별자치시,36,0,0,0,4,8,0,11,0,60,4,25
20190428,서울특별시,11,성북구,11290,광주광역시,29,0,4,0,0,6,4,0,0,32,14,16
20190428,서울특별시,11,성북구,11290,대전광역시,30,0,3,3,3,6,9,3,0,19,10,14
20190428,서울특별시,11,성북구,11290,울산광역시,31,0,6,0,0,5,0,0,0,5,8,5
20190428,서울특별시,11,성북구,11290,세종특별자치시,36,0,0,0,0,0,3,0,0,11,0,4
20190428,서울특별시,11,성북구,11290,경기도,41,4,41,3,12,65,47,72,13,196,133,93
20190428,서울특별시,11,성북구,11290,강원도,42,0,0,0,0,4,8,0,0,13,10,8
20190428,서울특별시,11,성북구,11290,충청북도,43,0,8,0,0,0,7,0,3,20,8,9
20190428,서울특별시,11,성북구,11290,충청남도,44,0,5,0,0,11,10,0,3,35,19,16
20190428,서울특별시,11,성북구,11290,전라북도,45,0,3,0,3,3,3,0,0,22,14,5
20190428,서울특별시,11,성북구,11290,전라남도,46,0,0,0,4,0,7,0,0,20,16,8
20190428,서울특별시,11,성북구,11290,경상북도,47,0,7,0,0,5,5,0,0,40,17,9
20190428,서울특별시,11,성북구,11290,경상남도,48,0,11,0,3,8,15,0,0,35,27,19
20190428,서울특별시,11,성북구,11290,제주특별자치도,50,0,0,0,0,3,3,0,0,11,10,0
20190428,서울특별시,11,강서구,11500,울산광역시,31,0,0,0,0,0,0,0,0,0,0,0
20190428,서울특별시,11,강서구,11500,대전광역시,30,0,0,0,0,0,0,0,0,0,0,0
20190428,서울특별시,11,강서구,11500,광주광역시,29,0,0,0,0,0,0,0,0,0,0,0
20190428,서울특별시,11,강서구,11500,인천광역시,28,0,0,0,0,0,0,0,0,0,0,0
20190428,서울특별시,11,강서구,11500,대구광역시,27,0,0,0,0,0,0,0,0,0,0,0
20190428,서울특별시,11,강서구,11500,부산광역시,26,0,0,0,0,0,0,0,0,0,0,0
20190428,서울특별시,11,강서구,11500,서울특별시,11,0,0,0,0,0,0,4,0,0,8,3
20190428,서울특별시,11,도봉구,11320,서울특별시,11,0,0,0,0,0,0,0,0,10,0,0
20190428,서울특별시,11,도봉구,11320,부산광역시,26,0,0,0,0,0,0,0,0,0,0,0
20190428,서울특별시,11,도봉구,11320,대구광역시,27,0,0,0,0,0,0,0,0,0,0,0
20190428,서울특별시,11,도봉구,11320,인천광역시,28,0,0,0,0,0,0,0,0,0,0,0
20190428,서울특별시,11,도봉구,11320,광주광역시,29,0,0,0,0,0,0,0,0,0,0,0
20190428,서울특별시,11,도봉구,11320,대전광역시,30,0,0,0,0,0,0,0,0,0,0,0
20190428,서울특별시,11,도봉구,11320,울산광역시,31,0,0,0,0,0,0,0,0,0,0,0
20190428,서울특별시,11,도봉구,11320,경기도,41,0,0,0,0,0,0,0,0,22,0,0
20190428,서울특별시,11,도봉구,11320,충청북도,43,0,0,0,0,0,0,0,0,4,0,0
20190428,서울특별시,11,도봉구,11320,충청남도,44,0,0,0,0,0,0,0,0,0,0,0
20190428,서울특별시,11,도봉구,11320,전라남도,46,0,0,0,0,0,0,0,0,5,0,0
20190428,서울특별시,11,도봉구,11320,경상북도,47,0,0,0,0,0,0,0,0,0,0,0
20190428,서울특별시,11,도봉구,11320,경상남도,48,0,0,0,0,0,0,0,0,0,0,0
20190428,서울특별시,11,송파구,11710,제주특별자치도,50,0,0,0,0,0,0,0,0,0,0,0
20190428,서울특별시,11,송파구,11710,경상남도,48,0,0,0,0,0,0,0,0,0,0,0
20190428,서울특별시,11,송파구,11710,경상북도,47,0,0,0,0,0,0,0,0,0,0,0
20190428,서울특별시,11,송파구,11710,전라남도,46,0,0,0,0,0,0,0,0,0,0,0
20190428,서울특별시,11,송파구,11710,전라북도,45,0,0,0,0,3,0,0,0,0,0,0
20190428,서울특별시,11,송파구,11710,충청남도,44,0,0,0,0,0,0,0,0,0,0,0
20190428,서울특별시,11,송파구,11710,강원도,42,0,0,0,0,0,0,0,0,0,0,0
20190428,서울특별시,11,송파구,11710,경기도,41,0,12,0,0,38,0,999,9,0,0,20
20190428,서울특별시,11,송파구,11710,울산광역시,31,0,0,0,0,0,0,0,0,0,0,0
20190428,서울특별시,11,송파구,11710,대전광역시,30,0,0,0,0,0,0,0,0,0,0,0
20190428,서울특별시,11,송파구,11710,광주광역시,29,0,0,0,0,0,0,0,0,0,0,0
20190428,서울특별시,11,송파구,11710,인천광역시,28,0,0,0,0,8,0,96,0,0,0,0
20190428,서울특별시,11,송파구,11710,대구광역시,27,0,0,0,0,0,0,0,0,0,0,0
20190428,서울특별시,11,양천구,11470,경기도,41,0,0,0,0,0,0,0,0,0,0,0
20190428,서울특별시,11,양천구,11470,서울특별시,11,0,0,0,0,0,0,0,0,3,0,0
20190428,서울특별시,11,송파구,11710,부산광역시,26,0,0,0,0,0,0,0,0,0,0,0
20190428,서울특별시,11,송파구,11710,서울특별시,11,0,15,0,0,26,0,1032,7,0,0,9
20190428,서울특별시,11,광진구,11215,제주특별자치도,50,0,0,0,0,0,0,0,0,0,0,0
20190428,서울특별시,11,광진구,11215,전라북도,45,0,0,0,0,0,0,0,0,0,0,0
20190428,서울특별시,11,광진구,11215,경기도,41,0,0,0,0,0,0,0,0,0,0,0
20190428,서울특별시,11,광진구,11215,광주광역시,29,0,0,0,0,0,0,0,0,0,0,0
20190428,서울특별시,11,광진구,11215,대구광역시,27,0,0,0,0,0,0,0,0,0,0,0
20190428,서울특별시,11,광진구,11215,서울특별시,11,0,0,0,0,0,0,0,0,0,0,0
20190429,서울특별시,11,강동구,11740,전라북도,45,73,123,64,40,282,24,166,23,241,72,48
20190429,서울특별시,11,강동구,11740,전라남도,46,78,123,50,41,331,16,131,29,172,60,55
20190429,서울특별시,11,동작구,11590,부산광역시,26,95,176,112,89,189,53,89,30,215,158,187
20190429,서울특별시,11,동작구,11590,서울특별시,11,276,750,559,437,695,143,346,84,1116,505,775
20190429,서울특별시,11,마포구,11440,인천광역시,28,242,570,170,262,456,24,560,95,786,709,182
20190429,서울특별시,11,마포구,11440,광주광역시,29,134,257,61,138,230,13,265,66,370,374,94
20190429,서울특별시,11,마포구,11440,대전광역시,30,143,322,129,148,246,11,275,51,383,426,89
20190429,서울특별시,11,마포구,11440,울산광역시,31,106,184,49,81,156,12,184,43,259,226,63
20190429,서울특별시,11,마포구,11440,세종특별자치시,36,23,80,29,45,45,3,66,22,94,86,22
20190429,서울특별시,11,마포구,11440,경기도,41,1085,2875,784,1452,2342,141,2529,426,3896,3251,863
20190429,서울특별시,11,중랑구,11260,서울특별시,11,495,2164,342,1138,2914,289,1268,625,4400,2244,1530
20190429,서울특별시,11,중랑구,11260,부산광역시,26,141,641,69,336,826,76,344,183,1247,648,480
20190429,서울특별시,11,중랑구,11260,대구광역시,27,104,455,52,215,613,72,286,137,912,485,315
20190429,서울특별시,11,중랑구,11260,인천광역시,28,160,693,67,335,797,63,339,185,1312,583,409
20190429,서울특별시,11,중랑구,11260,광주광역시,29,63,323,26,145,425,39,187,97,704,352,234
20190429,서울특별시,11,마포구,11440,강원도,42,127,285,49,165,223,17,287,48,365,362,86
20190429,서울특별시,11,마포구,11440,충청북도,43,112,307,84,152,259,11,304,68,450,388,93
20190429,서울특별시,11,강북구,11305,충청북도,43,14,176,10,30,65,8,8,97,489,86,6
20190429,서울특별시,11,강북구,11305,충청남도,44,22,224,12,58,71,12,15,116,717,164,14
20190429,서울특별시,11,강북구,11305,전라북도,45,15,166,14,41,69,8,17,88,480,98,5
20190429,서울특별시,11,강북구,11305,전라남도,46,17,135,16,30,55,11,18,93,468,87,10
20190429,서울특별시,11,강북구,11305,경상북도,47,22,230,24,56,120,14,13,138,684,146,14
20190429,서울특별시,11,강북구,11305,경상남도,48,26,318,18,57,134,20,23,222,881,203,15
20190429,서울특별시,11,강북구,11305,제주특별자치도,50,0,54,0,13,15,0,4,18,143,25,0
20190429,서울특별시,11,마포구,11440,충청남도,44,158,387,84,193,339,25,369,72,565,539,107
20190429,서울특별시,11,마포구,11440,전라북도,45,131,292,80,126,222,9,290,73,481,376,88
20190429,서울특별시,11,금천구,11545,제주특별자치도,50,30,107,18,143,144,32,106,18,108,82,123
20190429,서울특별시,11,금천구,11545,경상남도,48,154,720,278,931,717,188,702,152,574,568,868
20190429,서울특별시,11,금천구,11545,경상북도,47,142,545,233,646,519,125,598,64,430,416,698
20190429,서울특별시,11,금천구,11545,전라남도,46,98,363,89,449,334,117,364,66,339,284,457
20190429,서울특별시,11,마포구,11440,전라남도,46,126,258,76,135,230,14,276,59,327,319,71
20190429,서울특별시,11,마포구,11440,경상북도,47,192,409,102,185,367,15,440,93,510,553,135
20190429,서울특별시,11,구로구,11530,세종특별자치시,36,7,67,9,23,76,4,41,11,58,28,45
20190429,서울특별시,11,구로구,11530,경기도,41,218,2309,365,1058,2987,302,1711,351,2787,986,2413
20190429,서울특별시,11,구로구,11530,강원도,42,20,256,35,110,342,34,221,39,263,102,237
20190429,서울특별시,11,구로구,11530,충청북도,43,32,278,42,108,358,63,352,24,316,121,256
20190429,서울특별시,11,구로구,11530,충청남도,44,44,378,59,140,504,59,323,56,416,167,384
20190429,서울특별시,11,구로구,11530,전라북도,45,19,256,44,116,348,33,206,25,304,120,254
20190429,서울특별시,11,구로구,11530,전라남도,46,21,246,25,98,326,36,191,51,311,119,265
20190429,서울특별시,11,구로구,11530,경상북도,47,30,335,56,176,479,56,335,54,441,148,414
20190429,서울특별시,11,구로구,11530,경상남도,48,33,482,46,209,628,65,441,88,531,231,527
20190429,서울특별시,11,구로구,11530,제주특별자치도,50,4,71,19,34,116,8,92,12,95,47,59
20190429,서울특별시,11,중구,11140,서울특별시,11,489,2992,384,593,2041,436,715,246,6985,1763,433
20190429,서울특별시,11,중구,11140,부산광역시,26,110,724,127,152,511,132,149,71,1611,456,122
20190429,서울특별시,11,중구,11140,대구광역시,27,86,465,67,89,351,103,89,51,1205,309,103
20190429,서울특별시,11,광진구,11215,제주특별자치도,50,6,64,9,41,126,7,25,5,79,40,47
20190429,서울특별시,11,광진구,11215,경상남도,48,67,467,55,329,590,56,335,69,368,200,222
20190429,서울특별시,11,광진구,11215,경상북도,47,53,356,33,253,499,51,280,64,295,163,149
20190429,서울특별시,11,광진구,11215,전라남도,46,34,202,19,182,389,42,174,38,220,118,101
20190429,서울특별시,11,광진구,11215,전라북도,45,35,252,31,205,371,40,198,40,269,117,122
20190429,서울특별시,11,광진구,11215,충청남도,44,57,359,25,278,482,50,303,45,374,167,137
20190429,서울특별시,11,광진구,11215,충청북도,43,50,238,21,201,337,22,159,50,274,114,103
20190429,서울특별시,11,강동구,11740,경상북도,47,138,211,77,76,395,37,232,41,317,89,99
20190429,서울특별시,11,강동구,11740,경상남도,48,137,272,105,93,533,43,295,63,415,108,116
20190429,서울특별시,11,강동구,11740,제주특별자치도,50,11,45,10,16,51,3,60,10,51,20,7
20190429,서울특별시,11,마포구,11440,경상남도,48,288,569,119,284,439,29,517,95,641,676,153
20190429,서울특별시,11,마포구,11440,제주특별자치도,50,69,115,28,49,64,6,59,11,175,120,25
20190429,서울특별시,11,강남구,11680,충청남도,44,53,437,56,200,299,52,291,138,745,315,503
20190429,서울특별시,11,강남구,11680,충청북도,43,48,333,62,153,192,45,258,90,642,228,406
20190429,서울특별시,11,강남구,11680,제주특별자치도,50,26,118,27,51,73,15,93,29,188,70,133
20190429,서울특별시,11,강남구,11680,경상남도,48,98,670,90,288,439,85,520,160,937,423,787
20190429,서울특별시,11,강남구,11680,경상북도,47,79,450,66,234,355,68,324,123,676,320,591
20190429,서울특별시,11,영등포구,11560,서울특별시,11,152,4024,1834,3022,2212,137,1689,197,1269,1027,1020
20190429,서울특별시,11,영등포구,11560,부산광역시,26,40,710,230,745,497,26,461,64,294,278,250
20190429,서울특별시,11,영등포구,11560,대구광역시,27,21,578,151,484,377,16,336,44,209,175,197
20190429,서울특별시,11,강서구,11500,서울특별시,11,303,2325,558,1292,2575,313,3145,573,3974,1289,2024
20190429,서울특별시,11,강서구,11500,부산광역시,26,76,607,145,340,727,94,956,181,1181,412,548
20190429,서울특별시,11,강서구,11500,대구광역시,27,91,439,99,200,552,63,636,126,928,265,394
20190429,서울특별시,11,강서구,11500,인천광역시,28,78,641,110,343,689,110,863,193,1323,330,479
20190429,서울특별시,11,영등포구,11560,인천광역시,28,32,824,304,699,544,32,386,48,319,249,305
20190429,서울특별시,11,영등포구,11560,광주광역시,29,11,393,104,407,203,9,151,18,154,123,141
20190429,서울특별시,11,영등포구,11560,대전광역시,30,11,374,152,384,286,17,172,21,122,123,143
20190429,서울특별시,11,동작구,11590,대구광역시,27,42,111,69,74,123,33,69,20,151,100,144
20190429,서울특별시,11,영등포구,11560,울산광역시,31,10,284,52,266,182,11,121,21,80,72,80
20190429,서울특별시,11,영등포구,11560,세종특별자치시,36,3,82,43,87,72,3,48,14,17,24,34
20190429,서울특별시,11,영등포구,11560,경기도,41,196,4575,1473,3729,2590,187,1785,238,2213,1226,1242
20190429,서울특별시,11,영등포구,11560,강원도,42,9,604,135,329,219,18,214,20,125,110,154
20190429,서울특별시,11,중구,11140,대전광역시,30,55,335,43,67,249,77,78,28,868,218,60
20190429,서울특별시,11,중구,11140,울산광역시,31,63,226,33,39,137,54,47,31,515,150,43
20190429,서울특별시,11,중구,11140,세종특별자치시,36,12,69,15,22,70,22,22,19,183,54,18
20190429,서울특별시,11,중구,11140,경기도,41,662,3079,318,627,2525,579,825,332,7714,1963,603
20190429,서울특별시,11,중구,11140,강원도,42,70,377,29,63,305,60,96,31,781,212,50
20190429,서울특별시,11,중구,11140,충청북도,43,59,319,39,77,301,60,87,43,827,205,38
20190429,서울특별시,11,중구,11140,충청남도,44,69,472,85,137,339,95,122,56,1140,275,73
20190429,서울특별시,11,중구,11140,전라북도,45,56,318,30,55,260,70,65,34,850,213,42
20190429,서울특별시,11,영등포구,11560,충청북도,43,15,373,108,366,265,18,188,24,156,109,177
20190429,서울특별시,11,영등포구,11560,충청남도,44,31,564,175,544,348,29,250,43,220,180,203
20190429,서울특별시,11,영등포구,11560,전라북도,45,15,440,111,381,212,19,166,28,168,97,146
20190429,서울특별시,11,영등포구,11560,전라남도,46,13,292,67,355,219,14,157,17,138,90,146
20190429,서울특별시,11,강북구,11305,서울특별시,11,77,1198,114,253,479,67,170,529,2918,737,91
20190429,서울특별시,11,강북구,11305,부산광역시,26,29,320,19,60,145,13,25,174,823,172,26
20190429,서울특별시,11,강북구,11305,대구광역시,27,22,221,14,57,75,11,18,113,635,125,15
20190429,서울특별시,11,중랑구,11260,대전광역시,30,66,332,42,166,420,44,175,86,655,322,191
20190429,서울특별시,11,중랑구,11260,울산광역시,31,48,216,20,112,332,27,137,72,471,236,142
20190429,서울특별시,11,중랑구,11260,세종특별자치시,36,14,75,7,31,107,9,40,26,154,76,46
20190429,서울특별시,11,중랑구,11260,경기도,41,685,3049,329,1495,3834,414,1751,922,6171,2924,1907
20190429,서울특별시,11,중랑구,11260,강원도,42,78,293,38,187,438,51,180,100,649,263,180
20190429,서울특별시,11,중랑구,11260,충청북도,43,63,371,35,164,473,36,209,88,677,318,215
20190429,서울특별시,11,중랑구,11260,충청남도,44,106,474,43,237,623,66,245,165,994,493,263
20190429,서울특별시,11,중랑구,11260,전라북도,45,91,346,33,168,449,34,159,87,694,293,195
20190429,서울특별시,11,송파구,11710,서울특별시,11,429,2332,323,1327,1574,242,2820,310,4109,1320,1569
20190429,서울특별시,11,송파구,11710,부산광역시,26,153,542,51,283,508,71,512,77,937,381,519
20190429,서울특별시,11,송파구,11710,대구광역시,27,112,408,38,225,374,49,341,61,715,241,336
20190429,서울특별시,11,송파구,11710,인천광역시,28,90,557,37,326,512,63,582,90,959,291,446
20190429,서울특별시,11,송파구,11710,광주광역시,29,49,264,28,126,185,30,200,37,481,169,196
20190429,서울특별시,11,송파구,11710,대전광역시,30,39,266,33,126,223,24,225,43,495,188,166
20190429,서울특별시,11,송파구,11710,울산광역시,31,38,159,17,97,213,28,185,24,345,116,152
20190429,서울특별시,11,송파구,11710,세종특별자치시,36,8,62,10,29,87,11,53,17,106,43,51
20190429,서울특별시,11,송파구,11710,경기도,41,528,2651,332,1434,2306,303,2994,458,5207,1636,2053
20190429,서울특별시,11,송파구,11710,강원도,42,40,282,25,136,246,32,265,48,451,157,229
20190429,서울특별시,11,송파구,11710,충청북도,43,39,263,47,163,230,46,210,40,546,151,214
20190429,서울특별시,11,송파구,11710,충청남도,44,70,376,34,188,334,35,348,66,675,219,315
20190429,서울특별시,11,송파구,11710,전라북도,45,46,279,27,166,283,33,219,35,526,173,218
20190429,서울특별시,11,송파구,11710,전라남도,46,35,274,25,125,274,34,192,34,466,170,196
20190429,서울특별시,11,송파구,11710,경상북도,47,59,381,35,189,405,43,331,63,708,226,326
20190429,서울특별시,11,송파구,11710,경상남도,48,106,497,40,242,527,66,445,88,967,293,442
20190429,서울특별시,11,송파구,11710,제주특별자치도,50,15,82,4,40,63,10,59,14,144,51,75
20190429,서울특별시,11,영등포구,11560,경상북도,47,24,505,131,558,392,27,307,39,179,176,198
20190429,서울특별시,11,동작구,11590,제주특별자치도,50,12,34,13,13,15,0,12,4,43,24,22
20190429,서울특별시,11,동작구,11590,경상남도,48,56,129,90,91,216,37,70,34,208,144,172
20190429,서울특별시,11,동작구,11590,경상북도,47,49,126,70,65,134,24,69,20,156,102,142
20190429,서울특별시,11,동작구,11590,전라남도,46,32,80,45,52,104,15,38,17,114,78,96
20190429,서울특별시,11,동작구,11590,전라북도,45,32,66,61,53,85,22,29,15,132,79,98
20190429,서울특별시,11,동작구,11590,충청남도,44,49,125,56,74,132,25,71,23,154,111,118
20190429,서울특별시,11,동작구,11590,충청북도,43,33,71,53,48,93,27,52,15,130,67,82
20190429,서울특별시,11,동작구,11590,강원도,42,38,87,41,46,75,26,48,14,94,82,70
20190429,서울특별시,11,동작구,11590,경기도,41,281,788,421,461,878,222,406,142,1384,743,890
20190429,서울특별시,11,동작구,11590,세종특별자치시,36,8,26,10,17,19,4,13,7,27,15,25
20190429,서울특별시,11,동작구,11590,울산광역시,31,28,82,21,41,61,24,33,11,111,51,62
20190429,서울특별시,11,동작구,11590,대전광역시,30,31,83,53,37,83,20,35,12,133,77,99
20190429,서울특별시,11,동작구,11590,광주광역시,29,29,83,54,43,95,15,38,18,139,52,91
20190429,서울특별시,11,동작구,11590,인천광역시,28,56,160,96,143,187,30,77,32,281,141,233
20190429,서울특별시,11,중랑구,11260,전라남도,46,76,306,25,192,427,50,195,104,603,322,218
20190429,서울특별시,11,중랑구,11260,경상북도,47,108,511,69,240,709,85,258,153,934,464,291
20190429,서울특별시,11,중랑구,11260,경상남도,48,157,652,74,286,828,107,409,206,1255,624,381
20190429,서울특별시,11,중랑구,11260,제주특별자치도,50,17,94,5,28,88,6,45,18,169,75,48
20190429,서울특별시,11,영등포구,11560,경상남도,48,26,743,201,748,578,41,396,47,298,227,264
20190429,서울특별시,11,도봉구,11320,서울특별시,11,176,2063,541,2028,1055,208,1654,278,1899,1282,1960
20190429,서울특별시,11,도봉구,11320,부산광역시,26,54,439,140,519,321,61,476,102,544,419,596
20190429,서울특별시,11,도봉구,11320,대구광역시,27,39,328,117,388,224,36,312,72,417,307,485
20190429,서울특별시,11,도봉구,11320,인천광역시,28,54,476,89,490,245,46,454,83,574,390,552
20190429,서울특별시,11,도봉구,11320,광주광역시,29,27,209,56,250,119,17,195,40,303,206,282
20190429,서울특별시,11,도봉구,11320,대전광역시,30,40,274,56,283,150,29,202,57,282,190,268
20190429,서울특별시,11,도봉구,11320,울산광역시,31,20,166,42,171,90,17,168,50,198,124,241
20190429,서울특별시,11,도봉구,11320,세종특별자치시,36,5,53,15,58,44,7,48,20,60,43,68
20190429,서울특별시,11,도봉구,11320,경기도,41,263,2351,723,2557,1358,252,1966,472,2887,1814,2509
20190429,서울특별시,11,도봉구,11320,강원도,42,23,269,48,244,117,21,178,43,286,173,256
20190429,서울특별시,11,도봉구,11320,충청북도,43,37,275,51,268,148,31,232,45,377,193,288
20190429,서울특별시,11,도봉구,11320,충청남도,44,32,327,68,346,204,29,310,73,430,272,361
20190429,서울특별시,11,도봉구,11320,전라북도,45,22,216,71,267,149,23,210,50,315,192,283
20190429,서울특별시,11,도봉구,11320,전라남도,46,24,194,32,242,117,26,184,40,268,203,280
20190429,서울특별시,11,도봉구,11320,경상북도,47,45,317,85,394,203,43,288,69,474,318,464
20190429,서울특별시,11,도봉구,11320,경상남도,48,45,471,112,471,283,59,422,116,598,353,584
20190429,서울특별시,11,도봉구,11320,제주특별자치도,50,6,82,25,56,34,8,40,20,76,40,60
20190429,서울특별시,11,영등포구,11560,제주특별자치도,50,4,99,15,91,38,0,71,7,28,36,49
20190429,서울특별시,11,서초구,11650,경상북도,47,95,373,119,207,379,39,387,48,223,156,215
20190429,서울특별시,11,서초구,11650,전라남도,46,61,271,73,114,246,22,285,35,121,105,122
20190429,서울특별시,11,서초구,11650,전라북도,45,92,310,107,149,208,28,263,36,175,124,126
20190429,서울특별시,11,서초구,11650,충청남도,44,106,448,110,151,376,43,325,72,199,146,244
20190429,서울특별시,11,서초구,11650,충청북도,43,71,368,93,110,235,18,270,48,203,110,140
20190429,서울특별시,11,서초구,11650,강원도,42,56,308,86,130,228,24,269,32,140,109,121
20190429,서울특별시,11,종로구,11110,서울특별시,11,184,1568,578,516,980,57,421,193,1515,1101,352
20190429,서울특별시,11,종로구,11110,부산광역시,26,52,299,364,119,304,6,73,54,412,349,77
20190429,서울특별시,11,종로구,11110,대구광역시,27,27,233,267,104,234,12,62,54,293,217,64
20190429,서울특별시,11,종로구,11110,인천광역시,28,47,356,83,126,222,12,68,52,331,292,73
20190429,서울특별시,11,종로구,11110,광주광역시,29,16,160,46,50,128,3,34,31,215,142,40
20190429,서울특별시,11,종로구,11110,대전광역시,30,14,179,96,66,131,4,40,25,190,128,27
20190429,서울특별시,11,중구,11140,전라남도,46,59,345,46,67,281,74,87,36,704,169,45
20190429,서울특별시,11,광진구,11215,부산광역시,26,68,553,45,361,498,56,404,73,473,262,220
20190429,서울특별시,11,광진구,11215,서울특별시,11,247,2378,219,1467,2061,194,1443,259,1974,964,876
20190429,서울특별시,11,중구,11140,경상북도,47,99,507,47,93,368,87,127,58,1152,311,92
20190429,서울특별시,11,중구,11140,경상남도,48,106,647,59,133,547,137,163,64,1470,392,119
20190429,서울특별시,11,용산구,11170,서울특별시,11,347,2871,338,15460,1587,210,450,455,2350,1735,578
20190429,서울특별시,11,용산구,11170,부산광역시,26,67,751,39,3629,373,52,113,116,569,485,183
20190429,서울특별시,11,용산구,11170,대구광역시,27,56,513,31,2517,266,62,93,86,418,282,107
20190429,서울특별시,11,용산구,11170,인천광역시,28,70,679,44,3636,343,69,108,137,556,475,167
20190429,서울특별시,11,용산구,11170,광주광역시,29,39,375,30,1512,167,31,44,66,286,224,50
20190429,서울특별시,11,용산구,11170,대전광역시,30,44,397,44,1944,181,40,67,79,249,200,56
20190429,서울특별시,11,용산구,11170,울산광역시,31,40,232,13,1202,112,29,30,57,222,141,61
20190429,서울특별시,11,용산구,11170,세종특별자치시,36,12,84,10,405,55,5,14,23,66,51,16
20190429,서울특별시,11,용산구,11170,경기도,41,376,3407,272,17550,1834,349,542,729,2911,2063,719
20190429,서울특별시,11,용산구,11170,강원도,42,36,299,29,1553,186,29,43,58,234,191,84
20190429,서울특별시,11,용산구,11170,충청북도,43,42,337,43,1748,191,35,53,79,261,202,76
20190429,서울특별시,11,용산구,11170,충청남도,44,45,527,36,2703,281,46,66,87,348,275,112
20190429,서울특별시,11,용산구,11170,전라북도,45,30,323,38,1738,171,19,78,76,261,204,75
20190429,서울특별시,11,용산구,11170,전라남도,46,45,368,29,1549,145,33,38,78,252,201,86
20190429,서울특별시,11,용산구,11170,경상북도,47,54,596,32,2642,262,42,82,75,366,315,125
20190429,서울특별시,11,용산구,11170,경상남도,48,77,638,52,3398,347,57,85,152,510,437,178
20190429,서울특별시,11,용산구,11170,제주특별자치도,50,17,109,10,483,41,8,18,7,83,81,37
20190429,서울특별시,11,종로구,11110,울산광역시,31,20,121,241,45,106,0,40,44,149,124,31
20190429,서울특별시,11,종로구,11110,세종특별자치시,36,7,57,20,15,33,0,21,11,43,29,9
20190429,서울특별시,11,종로구,11110,경기도,41,185,1708,422,592,1280,78,568,287,1870,1538,338
20190429,서울특별시,11,종로구,11110,강원도,42,26,194,48,53,124,11,92,29,180,164,42
20190429,서울특별시,11,종로구,11110,충청북도,43,24,199,53,65,120,5,40,34,223,182,39
20190429,서울특별시,11,종로구,11110,충청남도,44,20,207,60,80,183,14,68,40,241,212,64
20190429,서울특별시,11,종로구,11110,전라북도,45,27,196,53,66,108,0,62,49,223,178,32
20190429,서울특별시,11,종로구,11110,전라남도,46,22,186,43,47,134,14,52,29,247,141,56
20190429,서울특별시,11,종로구,11110,경상북도,47,38,222,1069,82,201,15,51,43,291,227,56
20190429,서울특별시,11,종로구,11110,경상남도,48,43,335,202,111,270,15,69,53,405,309,71
20190429,서울특별시,11,금천구,11545,전라북도,45,101,392,70,433,362,87,342,52,388,305,437
20190429,서울특별시,11,금천구,11545,충청남도,44,151,584,231,691,531,93,472,104,408,429,578
20190429,서울특별시,11,금천구,11545,충청북도,43,85,392,112,498,372,96,427,55,335,278,451
20190429,서울특별시,11,금천구,11545,강원도,42,113,414,144,460,317,81,363,55,280,286,433
20190429,서울특별시,11,금천구,11545,경기도,41,755,3861,599,4072,3371,702,3168,620,3011,2673,4704
20190429,서울특별시,11,금천구,11545,세종특별자치시,36,21,99,52,112,70,27,65,23,133,77,115
20190429,서울특별시,11,금천구,11545,울산광역시,31,55,247,45,340,264,56,236,59,229,172,324
20190429,서울특별시,11,강북구,11305,인천광역시,28,19,331,24,73,118,19,25,163,936,224,14
20190429,서울특별시,11,강북구,11305,광주광역시,29,8,178,10,30,70,7,14,84,442,95,8
20190429,서울특별시,11,강북구,11305,대전광역시,30,16,187,10,42,67,16,17,81,479,104,4
20190429,서울특별시,11,금천구,11545,대전광역시,30,75,431,90,447,415,76,386,59,330,326,479
20190429,서울특별시,11,금천구,11545,광주광역시,29,92,434,69,405,391,80,389,47,383,309,436
20190429,서울특별시,11,금천구,11545,인천광역시,28,136,848,161,839,751,141,638,128,592,544,1252
20190429,서울특별시,11,금천구,11545,대구광역시,27,127,566,128,610,576,152,567,96,515,413,725
20190429,서울특별시,11,금천구,11545,부산광역시,26,124,779,202,871,916,204,703,107,597,593,984
20190429,서울특별시,11,금천구,11545,서울특별시,11,642,3055,504,3136,2704,631,2778,411,2462,2164,3699
20190429,서울특별시,11,은평구,11380,제주특별자치도,50,3,52,4,6,53,21,17,8,190,39,24
20190429,서울특별시,11,은평구,11380,경상남도,48,41,371,76,81,341,121,206,102,921,237,284
20190429,서울특별시,11,은평구,11380,경상북도,47,39,290,50,76,260,85,141,75,666,191,201
20190429,서울특별시,11,은평구,11380,전라남도,46,20,203,33,52,150,58,96,47,497,138,110
20190429,서울특별시,11,은평구,11380,전라북도,45,14,184,39,53,153,79,82,44,544,133,127
20190429,서울특별시,11,은평구,11380,충청남도,44,22,257,53,72,244,62,123,68,623,194,207
20190429,서울특별시,11,은평구,11380,충청북도,43,16,176,43,50,162,59,88,46,498,111,125
20190429,서울특별시,11,은평구,11380,강원도,42,12,183,34,50,158,59,93,37,468,129,119
20190429,서울특별시,11,은평구,11380,경기도,41,193,1786,336,566,1887,505,990,464,4344,1166,1361
20190429,서울특별시,11,은평구,11380,세종특별자치시,36,4,30,5,14,53,12,20,12,89,21,33
20190429,서울특별시,11,은평구,11380,울산광역시,31,12,137,24,46,110,41,68,39,386,77,107
20190429,서울특별시,11,강북구,11305,울산광역시,31,7,117,5,24,56,5,4,60,355,66,5
20190429,서울특별시,11,강북구,11305,세종특별자치시,36,5,33,5,12,18,3,5,30,94,28,6
20190429,서울특별시,11,강북구,11305,경기도,41,116,1589,142,349,706,86,166,766,4378,1002,108
20190429,서울특별시,11,강북구,11305,강원도,42,15,160,11,27,71,19,16,84,435,105,13
20190429,서울특별시,11,은평구,11380,대전광역시,30,13,176,34,65,157,65,94,38,376,130,125
20190429,서울특별시,11,은평구,11380,광주광역시,29,21,197,31,41,191,61,105,42,403,123,115
20190429,서울특별시,11,은평구,11380,인천광역시,28,23,374,77,132,385,107,207,103,888,245,363
20190429,서울특별시,11,은평구,11380,대구광역시,27,36,276,53,75,267,78,155,63,578,147,230
20190429,서울특별시,11,은평구,11380,부산광역시,26,36,387,75,98,448,83,208,79,969,265,290
20190429,서울특별시,11,은평구,11380,서울특별시,11,163,1384,283,517,1510,337,721,231,2825,809,1091
20190429,서울특별시,11,종로구,11110,제주특별자치도,50,11,51,13,15,39,3,13,14,72,60,4
20190429,서울특별시,11,구로구,11530,서울특별시,11,154,2136,325,907,2522,218,1256,236,1881,811,1816
20190429,서울특별시,11,구로구,11530,부산광역시,26,39,492,71,245,699,72,524,54,593,233,599
20190429,서울특별시,11,노원구,11350,서울특별시,11,141,963,233,350,900,189,412,334,2266,493,433
20190429,서울특별시,11,노원구,11350,부산광역시,26,35,210,40,61,211,46,81,90,625,129,120
20190429,서울특별시,11,노원구,11350,대구광역시,27,34,191,53,41,144,52,68,71,421,114,79
20190429,서울특별시,11,노원구,11350,인천광역시,28,38,261,82,66,251,57,111,99,656,112,118
20190429,서울특별시,11,서대문구,11410,제주특별자치도,50,4,42,3,13,38,0,5,4,43,13,16
20190429,서울특별시,11,성동구,11200,서울특별시,11,190,4010,517,1211,1410,567,1344,311,4835,2563,983
20190429,서울특별시,11,성동구,11200,부산광역시,26,29,810,184,299,393,164,324,97,1033,630,242
20190429,서울특별시,11,성동구,11200,대구광역시,27,38,536,114,199,286,134,255,66,725,445,146
20190429,서울특별시,11,성동구,11200,인천광역시,28,31,864,114,256,382,163,343,81,1111,498,211
20190429,서울특별시,11,성동구,11200,광주광역시,29,12,351,49,110,192,79,159,46,537,301,98
20190429,서울특별시,11,성동구,11200,대전광역시,30,17,354,56,130,204,88,164,46,562,297,90
20190429,서울특별시,11,성동구,11200,울산광역시,31,18,268,30,86,135,63,142,43,350,187,69
20190429,서울특별시,11,성동구,11200,세종특별자치시,36,0,73,20,27,42,13,80,17,121,73,21
20190429,서울특별시,11,성동구,11200,경기도,41,184,3969,555,1234,1813,756,1667,427,5426,2694,1021
20190429,서울특별시,11,성동구,11200,강원도,42,17,363,54,138,205,86,170,42,473,231,85
20190429,서울특별시,11,중구,11140,제주특별자치도,50,19,107,19,19,107,26,20,9,293,73,10
20190429,서울특별시,11,강서구,11500,제주특별자치도,50,11,111,18,71,89,19,83,15,197,59,64
20190429,서울특별시,11,강서구,11500,경상남도,48,96,678,88,334,803,89,899,176,1546,483,675
20190429,서울특별시,11,강서구,11500,경상북도,47,80,489,75,273,677,87,720,138,1439,355,600
20190429,서울특별시,11,강서구,11500,전라남도,46,39,293,54,179,420,41,412,91,899,222,345
20190429,서울특별시,11,양천구,11470,제주특별자치도,50,16,41,4,28,54,7,25,10,21,24,59
20190429,서울특별시,11,양천구,11470,경상남도,48,107,301,44,177,565,80,255,78,172,196,355
20190429,서울특별시,11,양천구,11470,경상북도,47,90,245,19,131,406,63,235,59,130,134,293
20190429,서울특별시,11,양천구,11470,전라남도,46,41,146,22,94,276,37,136,35,70,87,213
20190429,서울특별시,11,양천구,11470,전라북도,45,42,163,27,77,260,52,137,42,93,101,211
20190429,서울특별시,11,양천구,11470,충청남도,44,73,218,27,138,364,48,196,63,136,122,285
20190429,서울특별시,11,서대문구,11410,경상남도,48,23,160,31,44,516,32,184,59,357,163,166
20190429,서울특별시,11,서대문구,11410,경상북도,47,16,128,14,33,434,17,158,35,267,109,130
20190429,서울특별시,11,서대문구,11410,전라남도,46,17,87,10,19,282,12,83,20,197,62,87
20190429,서울특별시,11,서대문구,11410,전라북도,45,8,107,9,26,230,10,116,26,199,58,79
20190429,서울특별시,11,서대문구,11410,충청남도,44,19,161,12,28,377,24,140,29,272,80,83
20190429,서울특별시,11,서대문구,11410,충청북도,43,9,102,24,27,276,10,107,25,203,62,86
20190429,서울특별시,11,서대문구,11410,강원도,42,10,92,26,21,288,14,88,20,180,50,77
20190429,서울특별시,11,서대문구,11410,경기도,41,91,978,127,258,2276,139,917,226,2034,579,710
20190429,서울특별시,11,서대문구,11410,세종특별자치시,36,0,30,5,6,56,3,23,7,51,19,21
20190429,서울특별시,11,서대문구,11410,울산광역시,31,6,53,9,21,166,7,72,15,152,54,38
20190429,서울특별시,11,서대문구,11410,대전광역시,30,8,85,14,31,218,8,115,35,232,69,70
20190429,서울특별시,11,서대문구,11410,광주광역시,29,8,93,10,19,257,18,76,26,206,42,64
20190429,서울특별시,11,서대문구,11410,인천광역시,28,16,208,27,42,509,23,232,32,425,104,186
20190429,서울특별시,11,서대문구,11410,대구광역시,27,13,117,14,40,354,23,130,31,349,89,126
20190429,서울특별시,11,서대문구,11410,부산광역시,26,23,189,36,56,531,30,217,69,405,163,155
20190429,서울특별시,11,서대문구,11410,서울특별시,11,61,831,184,223,1720,95,709,164,1762,374,496
20190429,서울특별시,11,강서구,11500,전라북도,45,49,273,63,178,424,36,401,84,925,205,412
20190429,서울특별시,11,강서구,11500,충청남도,44,67,443,82,275,621,74,639,134,1281,300,505
20190429,서울특별시,11,강서구,11500,충청북도,43,37,318,72,200,451,47,467,108,993,234,375
20190429,서울특별시,11,강서구,11500,강원도,42,54,303,63,217,529,47,531,85,1237,252,499
20190429,서울특별시,11,강서구,11500,경기도,41,442,3027,627,1701,3465,452,3949,919,6144,1790,2503
20190429,서울특별시,11,강서구,11500,세종특별자치시,36,11,88,18,50,113,11,84,31,170,45,75
20190429,서울특별시,11,강서구,11500,울산광역시,31,46,238,42,110,270,20,287,73,407,141,162
20190429,서울특별시,11,강서구,11500,대전광역시,30,42,304,75,187,357,49,412,89,574,165,245
20190429,서울특별시,11,강서구,11500,광주광역시,29,54,301,58,135,312,39,347,88,653,192,236
20190429,서울특별시,11,서초구,11650,경기도,41,654,3728,942,1251,2279,283,2465,400,2286,1196,1292
20190429,서울특별시,11,서초구,11650,세종특별자치시,36,16,77,16,30,56,6,56,11,42,27,32
20190429,서울특별시,11,노원구,11350,광주광역시,29,16,124,16,50,92,25,48,60,330,66,40
20190429,서울특별시,11,노원구,11350,대전광역시,30,9,123,29,26,85,22,37,47,308,61,55
20190429,서울특별시,11,노원구,11350,울산광역시,31,14,75,14,22,87,15,26,39,222,36,31
20190429,서울특별시,11,서초구,11650,울산광역시,31,46,220,51,127,182,15,171,23,155,78,90
20190429,서울특별시,11,서초구,11650,대전광역시,30,80,347,81,124,242,29,272,35,180,115,148
20190429,서울특별시,11,서초구,11650,광주광역시,29,61,307,95,120,226,20,240,46,187,105,125
20190429,서울특별시,11,서초구,11650,인천광역시,28,133,586,182,254,461,44,482,65,350,257,243
20190429,서울특별시,11,성동구,11200,충청북도,43,20,382,67,118,208,115,146,53,551,227,101
20190429,서울특별시,11,성동구,11200,충청남도,44,32,534,67,160,251,123,218,76,731,295,133
20190429,서울특별시,11,성동구,11200,전라북도,45,13,325,52,124,184,97,149,72,562,270,99
20190429,서울특별시,11,성동구,11200,전라남도,46,19,338,39,129,181,84,130,50,437,216,103
20190429,서울특별시,11,성동구,11200,경상북도,47,33,525,71,205,271,113,246,65,695,334,143
20190429,서울특별시,11,성동구,11200,경상남도,48,33,674,128,233,358,167,317,105,933,485,195
20190429,서울특별시,11,성동구,11200,제주특별자치도,50,6,118,23,46,58,26,36,10,150,127,29
20190429,서울특별시,11,서초구,11650,대구광역시,27,94,476,140,197,337,41,491,43,251,178,199
20190429,서울특별시,11,서초구,11650,부산광역시,26,140,643,207,310,501,38,608,70,308,243,274
20190429,서울특별시,11,서초구,11650,서울특별시,11,645,3290,1086,1051,1872,244,2582,240,1903,963,1058
20190429,서울특별시,11,강남구,11680,전라남도,46,60,291,35,127,210,35,211,63,485,207,361
20190429,서울특별시,11,강남구,11680,전라북도,45,43,346,38,128,200,60,237,81,565,251,312
20190429,서울특별시,11,마포구,11440,서울특별시,11,1105,2669,799,1332,1836,97,2142,303,3504,2877,749
20190429,서울특별시,11,양천구,11470,충청북도,43,48,182,35,114,272,37,118,45,142,93,192
20190429,서울특별시,11,양천구,11470,강원도,42,48,127,19,107,249,43,137,45,71,84,200
20190429,서울특별시,11,양천구,11470,경기도,41,491,1551,236,1003,2329,341,1297,391,1228,866,1926
20190429,서울특별시,11,양천구,11470,세종특별자치시,36,5,25,8,21,48,16,32,11,22,19,39
20190429,서울특별시,11,양천구,11470,울산광역시,31,33,87,16,64,194,30,93,42,69,49,115
20190429,서울특별시,11,양천구,11470,대전광역시,30,37,166,30,105,250,32,120,31,104,74,208
20190429,서울특별시,11,양천구,11470,광주광역시,29,40,164,17,98,274,29,140,29,75,92,237
20190429,서울특별시,11,양천구,11470,인천광역시,28,92,304,42,170,471,72,283,87,195,164,413
20190429,서울특별시,11,양천구,11470,대구광역시,27,75,247,36,124,388,58,188,67,131,110,310
20190429,서울특별시,11,양천구,11470,부산광역시,26,93,316,38,189,533,82,314,109,188,193,384
20190429,서울특별시,11,양천구,11470,서울특별시,11,328,1249,227,816,1694,266,923,236,817,545,1471
20190429,서울특별시,11,마포구,11440,부산광역시,26,298,682,194,360,607,24,566,103,793,810,193
20190429,서울특별시,11,마포구,11440,대구광역시,27,231,426,92,194,345,14,416,116,623,554,140
20190429,서울특별시,11,강남구,11680,강원도,42,42,280,46,134,258,39,247,66,519,229,419
20190429,서울특별시,11,강남구,11680,경기도,41,527,3666,641,1672,2343,509,2567,828,5881,2205,3693
20190429,서울특별시,11,강남구,11680,세종특별자치시,36,11,97,18,45,52,11,59,26,140,75,100
20190429,서울특별시,11,강남구,11680,울산광역시,31,38,242,30,92,160,38,195,66,389,153,353
20190429,서울특별시,11,강남구,11680,대전광역시,30,46,377,65,156,253,50,275,82,578,241,419
20190429,서울특별시,11,강남구,11680,광주광역시,29,32,341,53,149,223,34,222,66,563,214,367
20190429,서울특별시,11,강남구,11680,인천광역시,28,117,720,127,303,489,93,514,157,1049,454,839
20190429,서울특별시,11,강남구,11680,대구광역시,27,76,524,88,204,362,62,357,120,880,363,628
20190429,서울특별시,11,강남구,11680,부산광역시,26,102,825,99,331,533,93,577,153,1200,488,905
20190429,서울특별시,11,광진구,11215,광주광역시,29,34,238,20,147,250,34,150,31,216,146,96
20190429,서울특별시,11,광진구,11215,인천광역시,28,65,527,62,310,520,53,375,74,437,230,223
20190429,서울특별시,11,광진구,11215,대구광역시,27,47,361,35,239,320,45,249,37,315,178,160
20190429,서울특별시,11,강남구,11680,서울특별시,11,465,3923,844,1590,2010,454,2476,535,5712,2013,3666
20190429,서울특별시,11,광진구,11215,경기도,41,338,2521,223,1775,2622,313,1767,392,2377,1140,965
20190429,서울특별시,11,광진구,11215,강원도,42,51,278,17,183,410,46,171,28,239,125,100
20190429,서울특별시,11,중구,11140,인천광역시,28,140,568,61,145,470,112,198,70,1538,365,110
20190429,서울특별시,11,중구,11140,광주광역시,29,49,343,42,59,213,56,72,29,891,224,74
20190429,서울특별시,11,동대문구,11230,광주광역시,29,78,314,47,130,346,26,402,78,767,199,138
20190429,서울특별시,11,동대문구,11230,인천광역시,28,210,678,78,236,649,60,820,210,1556,361,281
20190429,서울특별시,11,동대문구,11230,대구광역시,27,123,452,66,153,497,50,622,96,1015,307,206
20190429,서울특별시,11,동대문구,11230,부산광역시,26,177,601,88,232,705,60,940,107,1378,342,263
20190429,서울특별시,11,동대문구,11230,서울특별시,11,827,2208,414,879,2186,171,2804,439,5407,1502,1124
20190429,서울특별시,11,노원구,11350,세종특별자치시,36,5,33,6,16,25,9,9,20,109,11,16
20190429,서울특별시,11,노원구,11350,경기도,41,168,1120,271,358,1066,306,560,525,3293,606,608
20190429,서울특별시,11,노원구,11350,강원도,42,24,112,18,31,93,32,55,58,321,55,58
20190429,서울특별시,11,노원구,11350,충청북도,43,14,133,32,21,113,25,99,64,414,61,35
20190429,서울특별시,11,노원구,11350,충청남도,44,28,158,24,53,147,41,61,56,439,77,77
20190429,서울특별시,11,노원구,11350,전라북도,45,14,126,24,38,94,24,68,67,393,58,37
20190429,서울특별시,11,노원구,11350,전라남도,46,25,108,30,33,122,22,55,39,334,63,44
20190429,서울특별시,11,노원구,11350,경상북도,47,20,142,33,51,195,31,73,95,498,90,76
20190429,서울특별시,11,노원구,11350,경상남도,48,35,250,48,57,250,57,84,107,610,113,128
20190429,서울특별시,11,노원구,11350,제주특별자치도,50,0,19,3,8,24,6,11,21,90,13,12
20190429,서울특별시,11,구로구,11530,대구광역시,27,32,384,41,146,536,56,390,52,402,147,409
20190429,서울특별시,11,구로구,11530,인천광역시,28,66,499,75,225,643,68,345,67,531,212,604
20190429,서울특별시,11,관악구,11620,제주특별자치도,50,5,49,15,12,14,0,20,0,119,19,24
20190429,서울특별시,11,관악구,11620,경상남도,48,52,290,89,106,148,17,105,19,447,117,269
20190429,서울특별시,11,관악구,11620,경상북도,47,34,204,47,89,124,16,50,20,334,72,258
20190429,서울특별시,11,관악구,11620,전라남도,46,26,161,40,50,71,9,41,9,265,55,109
20190429,서울특별시,11,관악구,11620,전라북도,45,29,149,47,58,74,9,46,12,294,65,131
20190429,서울특별시,11,관악구,11620,충청남도,44,27,248,34,99,108,37,65,21,351,76,194
20190429,서울특별시,11,관악구,11620,충청북도,43,21,156,47,59,92,28,34,14,304,67,141
20190429,서울특별시,11,관악구,11620,강원도,42,23,166,35,55,78,11,36,6,235,59,123
20190429,서울특별시,11,관악구,11620,경기도,41,218,1417,324,593,783,128,357,119,2531,560,1304
20190429,서울특별시,11,관악구,11620,세종특별자치시,36,6,31,11,11,19,0,12,4,55,11,26
20190429,서울특별시,11,관악구,11620,울산광역시,31,29,86,22,37,60,3,30,10,174,34,92
20190429,서울특별시,11,관악구,11620,대전광역시,30,30,146,57,66,95,7,41,7,199,49,127
20190429,서울특별시,11,관악구,11620,광주광역시,29,24,143,56,49,60,9,36,7,220,69,158
20190429,서울특별시,11,관악구,11620,인천광역시,28,48,283,81,104,176,13,81,16,452,115,281
20190429,서울특별시,11,구로구,11530,광주광역시,29,21,236,35,113,328,28,167,30,266,96,227
20190429,서울특별시,11,구로구,11530,대전광역시,30,19,245,43,143,380,40,236,31,297,92,251
20190429,서울특별시,11,구로구,11530,울산광역시,31,10,159,26,75,241,22,164,33,215,74,187
20190429,서울특별시,11,관악구,11620,대구광역시,27,68,212,62,92,115,7,55,16,331,62,211
20190429,서울특별시,11,관악구,11620,부산광역시,26,64,290,78,124,167,6,111,21,506,135,274
20190429,서울특별시,11,관악구,11620,서울특별시,11,198,1109,484,515,677,52,364,55,1954,460,1067
20190429,서울특별시,11,강동구,11740,서울특별시,11,585,1170,374,390,1725,186,1376,193,2062,567,486
20190429,서울특별시,11,강동구,11740,부산광역시,26,142,321,83,81,514,57,310,53,471,115,96
20190429,서울특별시,11,강동구,11740,대구광역시,27,106,204,64,45,370,48,228,46,329,93,93
20190429,서울특별시,11,강동구,11740,인천광역시,28,127,280,104,90,470,40,317,58,471,136,108
20190429,서울특별시,11,강동구,11740,광주광역시,29,75,102,49,36,250,27,128,26,238,58,54
20190429,서울특별시,11,성북구,11290,서울특별시,11,344,4408,1007,2205,4075,632,2857,764,14391,6498,2772
20190429,서울특별시,11,성북구,11290,부산광역시,26,109,1077,133,567,1223,157,862,244,3919,1735,836
20190429,서울특별시,11,성북구,11290,대구광역시,27,85,816,92,423,773,138,551,178,2852,1332,526
20190429,서울특별시,11,성북구,11290,인천광역시,28,105,1069,102,586,1040,161,695,245,4063,1704,823
20190429,서울특별시,11,성북구,11290,광주광역시,29,42,567,51,286,540,75,350,131,2243,890,379
20190429,서울특별시,11,성북구,11290,대전광역시,30,46,560,77,267,497,88,353,117,2017,862,401
20190429,서울특별시,11,성북구,11290,울산광역시,31,30,372,42,207,386,61,266,92,1385,616,290
20190429,서울특별시,11,서초구,11650,제주특별자치도,50,29,110,36,41,53,9,72,9,65,25,54
20190429,서울특별시,11,서초구,11650,경상남도,48,135,627,173,252,487,46,528,65,270,187,297
20190429,서울특별시,11,성북구,11290,세종특별자치시,36,8,136,9,83,145,23,88,31,541,198,89
20190429,서울특별시,11,성북구,11290,경기도,41,501,5144,632,2783,5190,882,3355,1158,19178,7814,3514
20190429,서울특별시,11,동대문구,11230,제주특별자치도,50,40,111,14,30,80,15,97,21,240,57,24
20190429,서울특별시,11,동대문구,11230,경상남도,48,163,537,79,232,730,76,1031,151,1413,410,296
20190429,서울특별시,11,동대문구,11230,경상북도,47,121,493,71,176,620,54,770,131,1046,292,217
20190429,서울특별시,11,동대문구,11230,전라남도,46,94,330,61,124,408,38,496,82,657,184,116
20190429,서울특별시,11,동대문구,11230,전라북도,45,90,293,58,137,363,30,481,71,819,203,131
20190429,서울특별시,11,동대문구,11230,충청남도,44,118,424,67,202,565,49,626,127,998,240,185
20190429,서울특별시,11,동대문구,11230,충청북도,43,100,327,35,121,362,30,475,78,783,207,139
20190429,서울특별시,11,동대문구,11230,강원도,42,105,299,59,122,399,29,447,86,708,153,135
20190429,서울특별시,11,동대문구,11230,경기도,41,905,3042,421,1099,3314,316,3867,771,7201,1762,1335
20190429,서울특별시,11,동대문구,11230,세종특별자치시,36,29,71,13,28,88,5,105,24,167,52,25
20190429,서울특별시,11,동대문구,11230,울산광역시,31,63,213,27,95,277,37,325,61,523,146,99
20190429,서울특별시,11,동대문구,11230,대전광역시,30,90,303,59,133,306,28,389,66,742,182,156
20190429,서울특별시,11,광진구,11215,세종특별자치시,36,11,65,7,59,61,8,38,15,56,30,22
20190429,서울특별시,11,광진구,11215,울산광역시,31,26,174,13,119,207,27,107,28,155,81,68
20190429,서울특별시,11,광진구,11215,대전광역시,30,40,264,16,164,244,28,181,31,239,117,122
20190429,서울특별시,11,성북구,11290,강원도,42,61,563,46,268,529,110,378,115,2035,812,364
20190429,서울특별시,11,성북구,11290,충청북도,43,52,532,47,304,546,84,401,132,2218,855,397
20190429,서울특별시,11,성북구,11290,충청남도,44,72,751,83,412,790,105,504,186,3002,1168,535
20190429,서울특별시,11,성북구,11290,전라북도,45,48,543,55,268,624,99,379,138,2370,849,380
20190429,서울특별시,11,성북구,11290,전라남도,46,47,517,45,278,577,88,372,119,2163,845,418
20190429,서울특별시,11,성북구,11290,경상북도,47,81,848,86,447,808,125,598,190,3007,1232,592
20190429,서울특별시,11,성북구,11290,경상남도,48,105,1199,125,565,1063,175,756,294,3910,1657,828
20190429,서울특별시,11,성북구,11290,제주특별자치도,50,20,166,20,74,178,37,66,47,691,282,84
20190429,서울특별시,11,강동구,11740,대전광역시,30,77,139,45,52,231,13,128,22,218,66,61
20190429,서울특별시,11,강동구,11740,울산광역시,31,35,98,46,28,168,14,113,26,196,30,48
20190429,서울특별시,11,강동구,11740,세종특별자치시,36,12,30,18,9,58,8,26,12,47,20,12
20190429,서울특별시,11,강동구,11740,경기도,41,699,1418,490,466,2186,244,1456,308,2642,719,553
20190429,서울특별시,11,강동구,11740,강원도,42,82,117,55,63,271,29,141,30,207,72,55
20190429,서울특별시,11,강동구,11740,충청북도,43,72,138,48,41,254,21,160,30,248,79,62
20190429,서울특별시,11,강동구,11740,충청남도,44,117,197,70,61,368,36,218,35,334,101,100
20190430,서울특별시,11,마포구,11440,전라북도,45,43,286,76,272,176,29,161,20,356,263,36
20190430,서울특별시,11,마포구,11440,충청북도,43,29,240,86,223,193,41,153,21,403,262,46
20190430,서울특별시,11,마포구,11440,강원도,42,35,224,82,205,162,33,153,30,337,248,48
20190430,서울특별시,11,마포구,11440,경기도,41,311,2744,878,1791,1588,410,1558,271,3193,2112,494
20190430,서울특별시,11,마포구,11440,세종특별자치시,36,9,65,24,56,43,12,41,5,81,45,5
20190430,서울특별시,11,마포구,11440,울산광역시,31,26,195,67,166,117,22,117,21,216,187,42
20190430,서울특별시,11,마포구,11440,대전광역시,30,35,274,80,231,188,30,146,17,356,261,46
20190430,서울특별시,11,마포구,11440,광주광역시,29,31,242,79,215,135,38,126,19,341,243,56
20190430,서울특별시,11,마포구,11440,인천광역시,28,74,598,150,379,347,77,318,48,610,431,115
20190430,서울특별시,11,마포구,11440,대구광역시,27,49,419,132,349,249,60,227,34,541,383,76
20190430,서울특별시,11,마포구,11440,부산광역시,26,85,505,189,469,333,48,335,35,687,459,109
20190430,서울특별시,11,마포구,11440,서울특별시,11,281,2443,1109,1322,1264,352,1243,165,2647,1879,392
20190430,서울특별시,11,은평구,11380,부산광역시,26,17,200,149,70,213,47,168,66,478,135,149
20190430,서울특별시,11,은평구,11380,대구광역시,27,19,179,117,60,145,48,128,58,337,89,157
20190430,서울특별시,11,은평구,11380,인천광역시,28,19,278,136,66,240,44,147,104,512,127,228
20190430,서울특별시,11,은평구,11380,광주광역시,29,11,110,50,32,80,26,87,42,261,73,79
20190430,서울특별시,11,은평구,11380,대전광역시,30,10,115,64,34,124,25,69,34,244,79,74
20190430,서울특별시,11,동대문구,11230,제주특별자치도,50,25,57,0,17,50,0,52,13,161,28,17
20190430,서울특별시,11,동대문구,11230,경상남도,48,124,381,57,125,443,37,471,74,937,210,156
20190430,서울특별시,11,동대문구,11230,경상북도,47,99,310,28,109,335,27,440,56,737,151,118
20190430,서울특별시,11,동대문구,11230,전라남도,46,60,212,25,68,198,24,263,45,482,114,48
20190430,서울특별시,11,동대문구,11230,전라북도,45,63,200,31,62,170,15,263,40,529,105,57
20190430,서울특별시,11,동대문구,11230,충청남도,44,110,311,27,109,295,22,333,67,740,157,104
20190430,서울특별시,11,은평구,11380,울산광역시,31,5,70,38,28,75,18,57,34,206,48,45
20190430,서울특별시,11,은평구,11380,세종특별자치시,36,0,37,19,12,39,10,16,8,54,8,21
20190430,서울특별시,11,은평구,11380,경기도,41,133,1250,640,380,1030,244,659,449,2662,653,786
20190430,서울특별시,11,은평구,11380,강원도,42,18,121,60,26,86,22,75,39,261,73,62
20190430,서울특별시,11,은평구,11380,충청북도,43,10,150,66,26,108,25,71,34,265,70,66
20190430,서울특별시,11,은평구,11380,충청남도,44,17,180,94,38,149,27,94,61,364,96,107
20190430,서울특별시,11,은평구,11380,전라북도,45,9,130,79,27,112,39,60,29,295,85,81
20190430,서울특별시,11,은평구,11380,전라남도,46,13,141,52,32,98,28,90,34,288,79,74
20190430,서울특별시,11,은평구,11380,경상북도,47,28,175,100,48,177,54,176,72,366,99,125
20190430,서울특별시,11,성북구,11290,서울특별시,11,428,3243,591,1369,2259,402,1744,542,11675,4289,1593
20190430,서울특별시,11,성북구,11290,부산광역시,26,98,884,127,371,594,107,482,152,3246,1171,508
20190430,서울특별시,11,성북구,11290,대구광역시,27,62,635,76,231,454,80,325,118,2380,920,354
20190430,서울특별시,11,성북구,11290,인천광역시,28,101,778,67,382,608,94,407,158,3254,1209,473
20190430,서울특별시,11,성북구,11290,광주광역시,29,45,444,38,197,272,42,188,86,1789,684,221
20190430,서울특별시,11,성북구,11290,대전광역시,30,57,420,94,191,300,54,245,84,1652,623,231
20190430,서울특별시,11,영등포구,11560,서울특별시,11,76,2142,444,2124,1041,129,1004,146,909,547,466
20190430,서울특별시,11,영등포구,11560,부산광역시,26,22,429,82,476,397,42,295,47,218,157,166
20190430,서울특별시,11,영등포구,11560,대구광역시,27,15,306,41,342,221,23,169,38,150,80,106
20190430,서울특별시,11,성북구,11290,울산광역시,31,33,308,49,143,227,32,163,50,1155,419,185
20190430,서울특별시,11,성북구,11290,세종특별자치시,36,26,93,58,24,68,22,35,23,404,142,65
20190430,서울특별시,11,성북구,11290,경기도,41,596,3976,420,1736,2815,526,2219,759,15424,5254,2108
20190430,서울특별시,11,성북구,11290,강원도,42,36,454,52,180,289,50,221,85,1638,563,199
20190430,서울특별시,11,성북구,11290,충청북도,43,35,449,59,178,293,52,241,76,1793,603,256
20190430,서울특별시,11,성북구,11290,충청남도,44,49,605,51,232,367,72,303,125,2394,826,311
20190430,서울특별시,11,성북구,11290,전라북도,45,41,456,53,183,402,52,247,62,1955,616,230
20190430,서울특별시,11,성북구,11290,전라남도,46,43,456,60,176,268,41,221,75,1685,581,216
20190430,서울특별시,11,성북구,11290,경상북도,47,69,652,76,285,474,81,359,123,2331,849,340
20190430,서울특별시,11,성북구,11290,경상남도,48,94,794,147,345,605,108,508,190,3192,1170,461
20190430,서울특별시,11,성북구,11290,제주특별자치도,50,8,157,20,48,103,17,52,21,556,194,84
20190430,서울특별시,11,강서구,11500,제주특별자치도,50,11,80,19,28,54,6,43,20,129,44,26
20190430,서울특별시,11,강서구,11500,경상남도,48,68,409,92,208,438,54,543,152,867,345,381
20190430,서울특별시,11,강서구,11500,경상북도,47,51,311,59,215,355,54,423,106,749,313,376
20190430,서울특별시,11,강서구,11500,전라남도,46,26,216,39,107,230,24,259,67,530,217,250
20190430,서울특별시,11,강서구,11500,전라북도,45,25,195,44,101,210,24,279,78,463,193,223
20190430,서울특별시,11,강서구,11500,충청남도,44,47,267,56,151,353,44,376,111,688,292,330
20190430,서울특별시,11,강서구,11500,충청북도,43,28,213,49,106,239,25,263,65,521,206,214
20190430,서울특별시,11,강서구,11500,강원도,42,21,204,41,139,248,36,312,65,677,316,388
20190430,서울특별시,11,강서구,11500,경기도,41,252,2076,464,1001,1889,303,1951,612,3473,1266,1249
20190430,서울특별시,11,강서구,11500,세종특별자치시,36,9,50,10,22,37,4,58,25,99,41,36
20190430,서울특별시,11,강서구,11500,울산광역시,31,17,135,31,100,143,15,128,52,237,89,84
20190430,서울특별시,11,강서구,11500,대전광역시,30,29,179,70,125,185,24,194,52,300,131,117
20190430,서울특별시,11,강서구,11500,광주광역시,29,29,212,62,95,173,16,221,64,324,134,125
20190430,서울특별시,11,강서구,11500,인천광역시,28,55,405,98,211,370,47,385,133,659,225,245
20190430,서울특별시,11,강서구,11500,대구광역시,27,57,297,81,144,309,43,315,99,511,172,156
20190430,서울특별시,11,강서구,11500,부산광역시,26,51,453,102,220,390,51,499,153,675,285,264
20190430,서울특별시,11,강서구,11500,서울특별시,11,180,1760,437,799,1402,172,1572,441,2450,849,933
20190430,서울특별시,11,강북구,11305,제주특별자치도,50,0,23,3,4,10,0,0,15,63,9,0
20190430,서울특별시,11,강북구,11305,경상남도,48,17,183,15,47,69,12,29,252,457,120,7
20190430,서울특별시,11,강북구,11305,경상북도,47,15,128,6,32,58,7,8,118,355,83,12
20190430,서울특별시,11,강북구,11305,전라남도,46,8,88,6,24,50,7,14,105,252,46,6
20190430,서울특별시,11,강북구,11305,전라북도,45,11,96,8,27,27,9,13,99,272,61,6
20190430,서울특별시,11,강북구,11305,충청남도,44,8,139,10,30,68,14,18,140,353,75,10
20190430,서울특별시,11,강북구,11305,충청북도,43,10,93,3,19,49,7,7,100,283,69,6
20190430,서울특별시,11,강북구,11305,강원도,42,5,90,11,23,46,12,10,86,230,59,9
20190430,서울특별시,11,강북구,11305,경기도,41,69,900,90,209,369,59,105,907,2365,546,78
20190430,서울특별시,11,강북구,11305,세종특별자치시,36,0,29,0,5,10,5,0,27,71,24,0
20190430,서울특별시,11,강북구,11305,울산광역시,31,3,60,4,15,35,3,8,70,162,40,0
20190430,서울특별시,11,강북구,11305,대전광역시,30,9,90,9,17,46,8,12,94,247,63,3
20190430,서울특별시,11,강북구,11305,광주광역시,29,5,95,10,17,35,6,14,93,217,51,5
20190430,서울특별시,11,강북구,11305,인천광역시,28,6,173,19,37,80,20,22,176,498,124,13
20190430,서울특별시,11,강북구,11305,대구광역시,27,7,119,16,28,46,9,15,151,327,77,8
20190430,서울특별시,11,강북구,11305,부산광역시,26,12,190,19,48,76,10,27,235,460,117,11
20190430,서울특별시,11,강북구,11305,서울특별시,11,57,679,80,139,285,39,113,653,1641,427,51
20190430,서울특별시,11,서대문구,11410,제주특별자치도,50,0,16,4,8,30,0,9,12,54,5,12
20190430,서울특별시,11,서대문구,11410,경상남도,48,15,121,83,45,270,11,152,135,281,109,81
20190430,서울특별시,11,서대문구,11410,경상북도,47,12,83,20,49,240,11,128,76,174,44,66
20190430,서울특별시,11,서대문구,11410,전라남도,46,9,57,15,14,156,0,94,59,121,31,36
20190430,서울특별시,11,영등포구,11560,인천광역시,28,25,444,71,521,254,39,261,31,206,131,127
20190430,서울특별시,11,영등포구,11560,광주광역시,29,10,250,41,242,119,17,104,28,84,57,66
20190430,서울특별시,11,영등포구,11560,대전광역시,30,3,199,84,263,120,15,117,13,95,56,48
20190430,서울특별시,11,영등포구,11560,울산광역시,31,3,140,22,169,107,21,89,20,61,46,53
20190430,서울특별시,11,영등포구,11560,세종특별자치시,36,4,49,18,81,30,7,27,9,28,15,5
20190430,서울특별시,11,영등포구,11560,경기도,41,110,2375,362,2442,1233,171,1127,209,1233,618,576
20190430,서울특별시,11,영등포구,11560,강원도,42,9,235,45,241,121,24,114,27,90,70,53
20190430,서울특별시,11,영등포구,11560,충청북도,43,10,227,30,261,144,23,144,13,124,59,85
20190430,서울특별시,11,영등포구,11560,충청남도,44,11,296,71,405,382,40,161,36,154,80,95
20190430,서울특별시,11,영등포구,11560,전라북도,45,10,210,39,213,137,21,120,22,108,68,66
20190430,서울특별시,11,영등포구,11560,전라남도,46,4,176,27,260,126,24,109,15,67,54,72
20190430,서울특별시,11,영등포구,11560,경상북도,47,19,274,54,355,207,29,198,41,141,89,86
20190430,서울특별시,11,영등포구,11560,경상남도,48,26,420,56,430,357,32,258,43,197,157,138
20190430,서울특별시,11,영등포구,11560,제주특별자치도,50,0,61,9,63,33,8,18,4,26,17,14
20190430,서울특별시,11,서대문구,11410,전라북도,45,4,81,6,21,151,6,92,47,166,35,33
20190430,서울특별시,11,노원구,11350,서울특별시,11,69,579,132,203,487,91,322,266,1483,377,212
20190430,서울특별시,11,노원구,11350,부산광역시,26,18,154,20,40,124,43,56,56,330,114,50
20190430,서울특별시,11,노원구,11350,대구광역시,27,19,82,26,35,76,25,36,53,300,52,49
20190430,서울특별시,11,노원구,11350,인천광역시,28,29,148,33,54,143,26,54,79,410,61,41
20190430,서울특별시,11,노원구,11350,광주광역시,29,8,69,9,26,50,18,28,28,239,38,23
20190430,서울특별시,11,노원구,11350,대전광역시,30,8,57,14,20,47,9,28,23,191,51,22
20190430,서울특별시,11,노원구,11350,울산광역시,31,12,42,4,17,39,21,20,43,119,23,15
20190430,서울특별시,11,노원구,11350,세종특별자치시,36,3,12,5,3,14,6,7,10,45,10,11
20190430,서울특별시,11,노원구,11350,경기도,41,104,751,129,253,579,170,360,328,2207,403,261
20190430,서울특별시,11,노원구,11350,강원도,42,9,60,11,21,74,16,25,29,174,45,31
20190430,서울특별시,11,노원구,11350,충청북도,43,13,76,13,17,65,11,27,38,248,47,30
20190430,서울특별시,11,노원구,11350,충청남도,44,11,108,16,31,69,17,42,56,315,54,25
20190430,서울특별시,11,노원구,11350,전라북도,45,7,73,9,18,54,11,33,40,271,46,31
20190430,서울특별시,11,노원구,11350,전라남도,46,7,71,11,23,51,13,41,31,183,25,25
20190430,서울특별시,11,노원구,11350,경상북도,47,13,95,20,28,74,23,58,49,265,40,43
20190430,서울특별시,11,노원구,11350,경상남도,48,33,134,22,33,107,23,68,69,391,65,57
20190430,서울특별시,11,노원구,11350,제주특별자치도,50,0,20,0,6,14,4,9,11,61,5,4
20190430,서울특별시,11,서대문구,11410,충청남도,44,10,98,15,31,195,7,150,64,212,32,72
20190430,서울특별시,11,구로구,11530,서울특별시,11,114,1406,222,505,1814,126,1017,197,1219,529,887
20190430,서울특별시,11,구로구,11530,부산광역시,26,28,338,67,192,424,51,456,68,380,150,290
20190430,서울특별시,11,구로구,11530,대구광역시,27,29,232,46,96,312,36,275,62,304,113,198
20190430,서울특별시,11,구로구,11530,인천광역시,28,43,367,38,131,420,39,310,73,389,150,307
20190430,서울특별시,11,구로구,11530,광주광역시,29,12,199,30,64,211,22,195,28,207,80,171
20190430,서울특별시,11,구로구,11530,대전광역시,30,16,212,18,62,259,19,154,71,175,71,132
20190430,서울특별시,11,구로구,11530,울산광역시,31,9,116,17,36,165,25,153,31,153,68,110
20190430,서울특별시,11,구로구,11530,세종특별자치시,36,3,54,4,17,59,3,25,15,39,15,20
20190430,서울특별시,11,구로구,11530,경기도,41,177,1811,293,661,2148,173,1390,374,1995,776,1286
20190430,서울특별시,11,구로구,11530,강원도,42,10,173,12,84,218,22,136,31,243,92,122
20190430,서울특별시,11,구로구,11530,충청북도,43,17,173,30,73,215,26,211,41,265,100,143
20190430,서울특별시,11,구로구,11530,충청남도,44,23,254,26,77,297,42,241,70,298,138,161
20190430,서울특별시,11,구로구,11530,전라북도,45,17,181,18,58,203,7,159,32,254,100,156
20190430,서울특별시,11,구로구,11530,전라남도,46,16,165,16,72,232,22,159,23,242,95,152
20190430,서울특별시,11,구로구,11530,경상북도,47,19,280,23,81,331,44,275,60,323,134,224
20190430,서울특별시,11,서대문구,11410,충청북도,43,5,68,15,28,162,9,70,27,155,30,53
20190430,서울특별시,11,서대문구,11410,강원도,42,0,57,48,20,150,6,62,49,132,28,43
20190430,서울특별시,11,서대문구,11410,경기도,41,54,685,147,224,1213,77,670,489,1656,259,476
20190430,서울특별시,11,서대문구,11410,세종특별자치시,36,0,12,0,3,33,0,15,19,44,11,8
20190430,서울특별시,11,서대문구,11410,울산광역시,31,0,46,6,18,95,5,57,22,128,32,26
20190430,서울특별시,11,서대문구,11410,대전광역시,30,5,74,16,26,120,11,64,34,160,34,61
20190430,서울특별시,11,서대문구,11410,광주광역시,29,4,75,12,32,131,6,71,35,195,30,43
20190430,서울특별시,11,서대문구,11410,인천광역시,28,13,168,32,39,240,17,105,94,331,48,118
20190430,서울특별시,11,서대문구,11410,대구광역시,27,18,102,9,34,184,10,129,39,267,48,52
20190430,서울특별시,11,서대문구,11410,부산광역시,26,9,149,30,67,283,17,188,112,352,87,92
20190430,서울특별시,11,서대문구,11410,서울특별시,11,26,750,126,186,888,43,679,267,1464,182,346
20190430,서울특별시,11,구로구,11530,경상남도,48,37,342,46,122,474,44,363,83,395,186,291
20190430,서울특별시,11,구로구,11530,제주특별자치도,50,6,57,3,13,63,7,83,33,52,29,49
20190430,서울특별시,11,성동구,11200,제주특별자치도,50,5,188,41,38,45,16,36,6,93,43,10
20190430,서울특별시,11,성동구,11200,경상남도,48,26,678,234,267,276,55,200,59,559,179,103
20190430,서울특별시,11,성동구,11200,경상북도,47,21,466,110,166,199,55,151,44,406,157,71
20190430,서울특별시,11,성동구,11200,전라남도,46,9,274,70,82,146,46,82,18,283,90,46
20190430,서울특별시,11,성동구,11200,전라북도,45,10,401,58,105,153,41,97,17,341,114,48
20190430,서울특별시,11,성동구,11200,충청남도,44,20,516,96,153,183,57,145,28,415,142,56
20190430,서울특별시,11,성동구,11200,충청북도,43,11,412,77,104,147,31,95,23,310,72,66
20190430,서울특별시,11,성동구,11200,강원도,42,14,365,80,128,146,42,93,28,275,106,45
20190430,서울특별시,11,성동구,11200,경기도,41,107,4016,735,1094,1428,353,1114,266,3275,1174,536
20190430,서울특별시,11,성동구,11200,세종특별자치시,36,4,76,17,26,16,7,42,5,69,21,13
20190430,서울특별시,11,성동구,11200,울산광역시,31,12,278,53,89,82,16,66,19,196,73,33
20190430,서울특별시,11,성동구,11200,대전광역시,30,9,384,75,125,169,36,99,15,296,111,69
20190430,서울특별시,11,도봉구,11320,서울특별시,11,103,1837,472,939,981,94,1850,148,1177,643,1244
20190430,서울특별시,11,도봉구,11320,부산광역시,26,21,442,79,244,282,23,557,48,326,191,374
20190430,서울특별시,11,도봉구,11320,대구광역시,27,25,313,72,162,176,24,401,32,267,142,298
20190430,서울특별시,11,도봉구,11320,인천광역시,28,20,383,58,221,269,26,456,43,363,178,380
20190430,서울특별시,11,도봉구,11320,광주광역시,29,15,190,62,122,135,14,247,25,174,94,181
20190430,서울특별시,11,도봉구,11320,대전광역시,30,11,206,42,133,160,13,267,23,166,97,161
20190430,서울특별시,11,도봉구,11320,울산광역시,31,8,144,11,90,84,10,192,17,144,72,165
20190430,서울특별시,11,도봉구,11320,세종특별자치시,36,5,55,6,22,32,4,58,4,44,30,45
20190430,서울특별시,11,도봉구,11320,경기도,41,144,2092,485,1145,1209,161,2303,201,2001,943,1648
20190430,서울특별시,11,도봉구,11320,강원도,42,12,185,28,119,138,10,254,20,175,87,143
20190430,서울특별시,11,도봉구,11320,충청북도,43,20,195,36,129,143,16,277,24,205,91,165
20190430,서울특별시,11,도봉구,11320,충청남도,44,24,258,30,151,191,23,353,42,275,155,266
20190430,서울특별시,11,도봉구,11320,전라북도,45,8,178,45,112,118,9,235,31,236,110,197
20190430,서울특별시,11,도봉구,11320,전라남도,46,18,166,15,98,128,19,243,20,217,110,205
20190430,서울특별시,11,도봉구,11320,경상북도,47,20,245,33,173,197,25,373,37,293,171,295
20190430,서울특별시,11,도봉구,11320,경상남도,48,34,409,55,217,234,31,472,54,395,200,365
20190430,서울특별시,11,도봉구,11320,제주특별자치도,50,4,55,13,18,33,3,47,3,53,21,33
20190430,서울특별시,11,성동구,11200,광주광역시,29,16,375,50,102,175,39,94,23,313,131,49
20190430,서울특별시,11,성동구,11200,인천광역시,28,16,917,147,274,327,72,164,43,677,228,98
20190430,서울특별시,11,성동구,11200,대구광역시,27,20,520,101,172,256,45,140,33,497,184,94
20190430,서울특별시,11,성동구,11200,부산광역시,26,28,829,194,284,296,83,231,55,644,368,109
20190430,서울특별시,11,성동구,11200,서울특별시,11,119,3642,639,1077,1147,224,1097,174,2880,1200,473
20190430,서울특별시,11,은평구,11380,경상남도,48,23,273,151,61,216,56,121,96,481,138,158
20190430,서울특별시,11,은평구,11380,제주특별자치도,50,6,22,7,7,27,22,9,5,80,22,10
20190430,서울특별시,11,동작구,11590,전라남도,46,33,74,31,21,39,17,33,10,70,44,50
20190430,서울특별시,11,동작구,11590,경상북도,47,44,83,51,43,69,24,55,15,96,39,71
20190430,서울특별시,11,동작구,11590,경상남도,48,71,122,57,53,101,34,67,21,153,74,86
20190430,서울특별시,11,동작구,11590,제주특별자치도,50,11,36,9,0,13,9,10,0,21,13,10
20190430,서울특별시,11,광진구,11215,서울특별시,11,103,1199,225,775,1043,132,879,179,1123,616,557
20190430,서울특별시,11,광진구,11215,부산광역시,26,27,234,36,225,269,35,234,52,276,154,131
20190430,서울특별시,11,광진구,11215,대구광역시,27,26,171,23,158,136,19,148,44,188,95,79
20190430,서울특별시,11,광진구,11215,인천광역시,28,33,241,41,164,238,36,163,57,277,158,115
20190430,서울특별시,11,광진구,11215,광주광역시,29,16,120,22,73,105,16,99,26,124,87,64
20190430,서울특별시,11,광진구,11215,대전광역시,30,16,133,25,90,102,19,109,20,140,96,74
20190430,서울특별시,11,광진구,11215,울산광역시,31,7,63,15,55,84,16,72,24,77,51,47
20190430,서울특별시,11,광진구,11215,세종특별자치시,36,8,32,5,21,27,6,39,13,27,12,16
20190430,서울특별시,11,광진구,11215,경기도,41,166,1219,240,939,1243,195,1002,299,1438,728,645
20190430,서울특별시,11,광진구,11215,강원도,42,21,125,19,94,161,24,117,18,142,53,62
20190430,서울특별시,11,광진구,11215,충청북도,43,18,139,26,102,148,15,116,31,149,85,63
20190430,서울특별시,11,광진구,11215,충청남도,44,29,168,32,146,176,29,152,33,204,95,71
20190430,서울특별시,11,광진구,11215,전라북도,45,22,95,11,86,154,16,102,28,141,64,77
20190430,서울특별시,11,광진구,11215,전라남도,46,15,130,13,80,130,12,73,22,106,77,73
20190430,서울특별시,11,광진구,11215,경상북도,47,24,156,21,152,204,25,152,35,160,114,110
20190430,서울특별시,11,광진구,11215,경상남도,48,52,189,27,199,234,40,184,53,234,129,136
20190430,서울특별시,11,광진구,11215,제주특별자치도,50,3,26,6,28,36,6,12,5,36,24,5
20190430,서울특별시,11,서초구,11650,서울특별시,11,310,2441,1353,753,1468,148,2222,189,1256,725,744
20190430,서울특별시,11,서초구,11650,부산광역시,26,73,494,132,142,360,18,530,49,256,169,187
20190430,서울특별시,11,서초구,11650,대구광역시,27,68,349,118,96,259,21,366,27,169,138,151
20190430,서울특별시,11,서초구,11650,인천광역시,28,72,385,105,126,325,27,450,52,194,169,181
20190430,서울특별시,11,서초구,11650,광주광역시,29,27,190,86,57,165,12,177,30,126,107,95
20190430,서울특별시,11,서초구,11650,대전광역시,30,44,219,85,86,174,17,249,27,114,84,56
20190430,서울특별시,11,서초구,11650,울산광역시,31,25,181,45,53,133,13,147,16,68,49,58
20190430,서울특별시,11,서초구,11650,세종특별자치시,36,11,51,12,16,49,7,39,14,29,14,26
20190430,서울특별시,11,서초구,11650,경기도,41,366,2661,832,808,1684,180,2144,255,1500,888,679
20190430,서울특별시,11,서초구,11650,강원도,42,44,243,56,85,179,12,211,30,108,99,65
20190430,서울특별시,11,서초구,11650,충청북도,43,43,200,99,68,144,11,181,23,146,72,73
20190430,서울특별시,11,서초구,11650,충청남도,44,47,353,82,89,287,21,320,33,129,115,222
20190430,서울특별시,11,서초구,11650,전라북도,45,26,233,75,98,177,19,208,24,106,101,69
20190430,서울특별시,11,서초구,11650,전라남도,46,29,233,62,59,141,10,248,23,73,69,64
20190430,서울특별시,11,서초구,11650,경상북도,47,63,276,72,97,245,12,308,31,156,112,114
20190430,서울특별시,11,서초구,11650,경상남도,48,75,404,113,142,325,19,437,44,172,159,114
20190430,서울특별시,11,서초구,11650,제주특별자치도,50,9,74,23,23,64,4,61,8,44,16,29
20190430,서울특별시,11,양천구,11470,제주특별자치도,50,5,19,5,7,32,4,16,3,21,6,33
20190430,서울특별시,11,양천구,11470,경상남도,48,56,162,35,106,309,42,122,49,111,111,180
20190430,서울특별시,11,송파구,11710,서울특별시,11,164,1848,352,600,1009,166,1764,172,3446,1198,746
20190430,서울특별시,11,송파구,11710,부산광역시,26,53,413,80,121,378,37,310,39,863,398,169
20190430,서울특별시,11,송파구,11710,대구광역시,27,50,290,159,108,254,29,154,39,610,278,150
20190430,서울특별시,11,송파구,11710,인천광역시,28,42,422,72,203,324,33,295,52,851,334,214
20190430,서울특별시,11,송파구,11710,광주광역시,29,18,212,40,75,210,15,147,20,438,178,83
20190430,서울특별시,11,송파구,11710,대전광역시,30,13,170,28,63,179,13,153,18,415,200,87
20190430,서울특별시,11,송파구,11710,울산광역시,31,18,120,43,70,148,8,75,15,270,120,53
20190430,서울특별시,11,송파구,11710,세종특별자치시,36,3,52,5,16,21,7,33,12,100,43,22
20190430,서울특별시,11,송파구,11710,경기도,41,233,2098,413,705,1500,209,1812,251,4423,1548,969
20190430,서울특별시,11,송파구,11710,강원도,42,17,192,26,70,170,10,141,24,411,116,90
20190430,서울특별시,11,송파구,11710,충청북도,43,23,222,64,71,156,21,118,23,448,135,109
20190430,서울특별시,11,송파구,11710,충청남도,44,27,274,58,101,199,33,167,32,595,200,116
20190430,서울특별시,11,송파구,11710,전라북도,45,19,254,61,115,185,13,130,21,439,138,84
20190430,서울특별시,11,송파구,11710,전라남도,46,30,187,40,82,234,17,178,16,388,140,123
20190430,서울특별시,11,송파구,11710,경상북도,47,27,336,97,132,276,34,180,41,578,208,124
20190430,서울특별시,11,송파구,11710,경상남도,48,65,384,122,156,372,38,263,53,889,322,187
20190430,서울특별시,11,송파구,11710,제주특별자치도,50,3,74,11,20,76,6,60,4,132,32,25
20190430,서울특별시,11,양천구,11470,경상북도,47,24,126,17,74,216,29,131,43,81,74,165
20190430,서울특별시,11,동대문구,11230,충청북도,43,74,240,12,56,206,23,244,53,536,115,99
20190430,서울특별시,11,동대문구,11230,강원도,42,79,198,20,66,219,15,252,26,498,100,67
20190430,서울특별시,11,동대문구,11230,경기도,41,711,2042,238,629,1973,165,2144,353,5335,1110,757
20190430,서울특별시,11,동대문구,11230,세종특별자치시,36,28,38,4,14,50,7,52,10,129,32,27
20190430,서울특별시,11,동대문구,11230,울산광역시,31,52,135,15,54,156,17,190,31,365,86,59
20190430,서울특별시,11,양천구,11470,전라남도,46,34,69,25,49,123,18,94,37,49,44,110
20190430,서울특별시,11,양천구,11470,전라북도,45,30,89,18,41,149,11,73,26,84,44,113
20190430,서울특별시,11,양천구,11470,충청남도,44,51,126,37,70,242,22,99,30,69,75,171
20190430,서울특별시,11,양천구,11470,충청북도,43,23,80,21,59,144,24,95,23,85,53,116
20190430,서울특별시,11,양천구,11470,강원도,42,25,86,21,49,151,29,66,14,50,36,120
20190430,서울특별시,11,양천구,11470,경기도,41,254,866,176,523,1357,196,738,178,942,495,1082
20190430,서울특별시,11,양천구,11470,세종특별자치시,36,8,22,0,9,38,5,16,3,15,13,32
20190430,서울특별시,11,양천구,11470,울산광역시,31,13,55,11,29,103,17,54,19,41,29,89
20190430,서울특별시,11,양천구,11470,대전광역시,30,18,95,19,63,154,17,65,17,59,53,100
20190430,서울특별시,11,양천구,11470,광주광역시,29,27,78,15,36,130,16,68,20,67,56,116
20190430,서울특별시,11,양천구,11470,인천광역시,28,53,195,26,106,242,49,127,36,136,88,217
20190430,서울특별시,11,양천구,11470,대구광역시,27,45,125,26,80,235,34,113,39,101,73,185
20190430,서울특별시,11,양천구,11470,부산광역시,26,46,189,22,110,281,50,169,39,138,99,212
20190430,서울특별시,11,양천구,11470,서울특별시,11,177,740,194,387,964,111,601,99,505,343,820
20190430,서울특별시,11,관악구,11620,제주특별자치도,50,6,35,10,17,17,8,5,4,42,12,15
20190430,서울특별시,11,관악구,11620,경상남도,48,44,144,55,83,76,40,49,13,233,106,149
20190430,서울특별시,11,관악구,11620,경상북도,47,22,111,41,63,79,45,46,15,184,65,108
20190430,서울특별시,11,관악구,11620,전라남도,46,14,66,28,75,50,25,29,13,122,46,66
20190430,서울특별시,11,관악구,11620,전라북도,45,17,78,52,53,48,27,28,10,146,53,73
20190430,서울특별시,11,관악구,11620,충청남도,44,24,105,54,55,57,18,42,18,157,55,101
20190430,서울특별시,11,관악구,11620,충청북도,43,17,80,36,42,41,13,24,17,145,45,88
20190430,서울특별시,11,관악구,11620,강원도,42,10,85,35,44,41,25,29,6,133,42,64
20190430,서울특별시,11,관악구,11620,경기도,41,143,916,351,425,491,199,299,90,1487,470,705
20190430,서울특별시,11,관악구,11620,세종특별자치시,36,7,17,18,15,5,6,4,4,30,12,15
20190430,서울특별시,11,관악구,11620,울산광역시,31,14,53,18,26,32,26,18,7,95,38,44
20190430,서울특별시,11,관악구,11620,대전광역시,30,19,76,65,43,43,37,39,11,129,39,65
20190430,서울특별시,11,관악구,11620,광주광역시,29,12,67,56,45,54,45,17,12,121,47,65
20190430,서울특별시,11,관악구,11620,인천광역시,28,38,185,56,92,94,42,57,23,263,103,168
20190430,서울특별시,11,관악구,11620,대구광역시,27,25,94,69,86,102,25,42,16,180,83,147
20190430,서울특별시,11,관악구,11620,부산광역시,26,32,170,90,66,90,41,41,18,257,108,167
20190430,서울특별시,11,관악구,11620,서울특별시,11,100,730,456,352,345,121,191,46,1115,433,625
20190430,서울특별시,11,강남구,11680,제주특별자치도,50,14,91,12,27,50,12,69,8,162,36,92
20190430,서울특별시,11,강남구,11680,경상남도,48,67,421,64,179,303,43,350,106,720,263,457
20190430,서울특별시,11,강남구,11680,경상북도,47,24,360,61,121,225,47,280,71,575,194,369
20190430,서울특별시,11,강남구,11680,전라남도,46,20,218,24,89,129,26,163,39,324,122,242
20190430,서울특별시,11,강남구,11680,전라북도,45,42,284,19,92,152,19,159,40,534,146,288
20190430,서울특별시,11,강남구,11680,충청남도,44,41,356,43,118,239,22,226,56,654,205,312
20190430,서울특별시,11,강남구,11680,충청북도,43,25,215,59,106,158,26,181,52,474,137,252
20190430,서울특별시,11,강남구,11680,강원도,42,23,260,37,77,156,26,186,38,435,142,290
20190430,서울특별시,11,강남구,11680,경기도,41,335,2737,462,1021,1711,326,1656,428,4665,1580,2296
20190430,서울특별시,11,강남구,11680,세종특별자치시,36,10,71,14,23,39,6,37,12,90,40,48
20190430,서울특별시,11,강남구,11680,울산광역시,31,32,175,19,56,142,15,118,33,284,96,234
20190430,서울특별시,11,강남구,11680,대전광역시,30,25,229,56,103,175,24,172,47,438,179,239
20190430,서울특별시,11,강남구,11680,광주광역시,29,30,260,37,81,145,33,155,37,423,147,268
20190430,서울특별시,11,강남구,11680,인천광역시,28,52,509,69,202,329,50,335,74,831,284,567
20190430,서울특별시,11,강남구,11680,대구광역시,27,70,411,49,140,261,56,396,72,649,229,364
20190430,서울특별시,11,강남구,11680,부산광역시,26,53,607,81,170,342,55,371,70,932,323,634
20190430,서울특별시,11,강남구,11680,서울특별시,11,298,3205,547,1043,1584,249,1513,299,4339,1543,2217
20190430,서울특별시,11,용산구,11170,제주특별자치도,50,20,90,6,290,57,3,11,17,87,28,6
20190430,서울특별시,11,동대문구,11230,대전광역시,30,77,204,26,81,180,21,199,41,579,125,95
20190430,서울특별시,11,동대문구,11230,광주광역시,29,59,225,12,64,217,13,214,42,563,104,80
20190430,서울특별시,11,동대문구,11230,인천광역시,28,141,406,51,129,439,35,445,94,1197,205,150
20190430,서울특별시,11,동대문구,11230,대구광역시,27,105,307,35,90,291,24,344,52,754,174,115
20190430,서울특별시,11,동대문구,11230,부산광역시,26,161,441,39,121,431,32,533,77,995,208,167
20190430,서울특별시,11,동대문구,11230,서울특별시,11,691,1455,152,504,1355,119,1529,191,3975,892,524
20190430,서울특별시,11,강동구,11740,제주특별자치도,50,12,19,4,10,59,3,41,5,43,21,12
20190430,서울특별시,11,강동구,11740,경상남도,48,85,162,61,54,300,25,223,34,400,110,54
20190430,서울특별시,11,강동구,11740,경상북도,47,60,139,48,27,253,21,149,22,264,90,47
20190430,서울특별시,11,강동구,11740,전라남도,46,44,63,31,21,169,6,117,16,156,54,31
20190430,서울특별시,11,강동구,11740,전라북도,45,31,89,32,27,179,5,69,14,210,60,23
20190430,서울특별시,11,강동구,11740,충청남도,44,65,157,57,39,266,17,149,17,279,99,37
20190430,서울특별시,11,강동구,11740,서울특별시,11,305,949,232,187,1105,111,857,105,1885,597,275
20190430,서울특별시,11,강동구,11740,부산광역시,26,71,205,66,54,292,22,243,38,448,154,80
20190430,서울특별시,11,강동구,11740,대구광역시,27,63,141,42,33,233,24,156,16,339,71,57
20190430,서울특별시,11,강동구,11740,인천광역시,28,70,246,52,49,402,29,207,41,482,140,80
20190430,서울특별시,11,강동구,11740,광주광역시,29,46,80,36,15,172,13,94,23,213,65,34
20190430,서울특별시,11,강동구,11740,충청북도,43,45,106,29,22,203,18,109,16,229,60,32
20190430,서울특별시,11,강동구,11740,강원도,42,54,96,39,22,195,8,138,17,169,61,22
20190430,서울특별시,11,강동구,11740,경기도,41,421,1087,329,242,1562,132,953,198,2531,737,349
20190430,서울특별시,11,강동구,11740,세종특별자치시,36,5,16,11,3,51,0,23,8,52,9,5
20190430,서울특별시,11,강동구,11740,울산광역시,31,28,65,28,14,89,10,63,8,176,47,20
20190430,서울특별시,11,강동구,11740,대전광역시,30,43,68,19,19,188,18,84,13,235,90,41
20190430,서울특별시,11,용산구,11170,경상남도,48,39,435,27,1998,230,38,51,159,448,138,57
20190430,서울특별시,11,용산구,11170,경상북도,47,33,379,16,1545,172,22,43,115,326,94,56
20190430,서울특별시,11,용산구,11170,전라남도,46,15,233,17,955,122,17,22,52,197,74,22
20190430,서울특별시,11,용산구,11170,전라북도,45,20,228,25,1051,118,12,50,57,232,72,28
20190430,서울특별시,11,용산구,11170,충청남도,44,20,314,23,1514,154,27,49,101,254,76,55
20190430,서울특별시,11,용산구,11170,충청북도,43,26,210,16,1126,112,15,35,57,198,59,32
20190430,서울특별시,11,용산구,11170,강원도,42,15,191,16,983,104,27,34,61,223,56,35
20190430,서울특별시,11,용산구,11170,경기도,41,163,2053,273,10507,1322,175,357,610,2247,667,310
20190430,서울특별시,11,용산구,11170,세종특별자치시,36,8,53,6,246,36,7,5,19,44,27,6
20190430,서울특별시,11,용산구,11170,울산광역시,31,14,146,9,724,89,18,20,53,163,52,21
20190430,서울특별시,11,용산구,11170,대전광역시,30,22,213,19,1219,136,27,27,48,188,69,34
20190430,서울특별시,11,용산구,11170,광주광역시,29,19,192,22,985,99,12,32,67,227,76,38
20190430,서울특별시,11,용산구,11170,인천광역시,28,32,449,40,2095,234,26,72,136,418,149,77
20190430,서울특별시,11,용산구,11170,대구광역시,27,27,365,19,1503,184,23,40,109,341,87,43
20190430,서울특별시,11,용산구,11170,부산광역시,26,33,514,34,2407,249,48,52,122,485,152,64
20190430,서울특별시,11,용산구,11170,서울특별시,11,153,2009,240,9785,1394,129,304,442,1898,660,273
20190430,서울특별시,11,중구,11140,제주특별자치도,50,38,88,36,18,61,6,36,8,172,40,6
20190430,서울특별시,11,중구,11140,경상남도,48,69,514,92,96,390,92,160,59,1001,264,50
20190430,서울특별시,11,중구,11140,경상북도,47,64,369,80,78,300,57,111,51,766,186,39
20190430,서울특별시,11,중구,11140,전라남도,46,38,294,34,50,177,43,100,28,481,139,29
20190430,서울특별시,11,중구,11140,전라북도,45,35,279,74,57,215,40,92,34,542,137,22
20190430,서울특별시,11,중구,11140,충청남도,44,61,399,67,67,287,53,117,40,653,185,41
20190430,서울특별시,11,중구,11140,충청북도,43,49,341,61,34,213,29,103,33,559,156,24
20190430,서울특별시,11,중구,11140,강원도,42,46,267,57,49,194,38,85,30,467,125,28
20190430,서울특별시,11,중구,11140,경기도,41,460,2594,445,523,2098,405,724,297,5226,1174,309
20190430,서울특별시,11,중구,11140,세종특별자치시,36,11,66,8,7,38,4,25,5,144,37,8
20190430,서울특별시,11,중구,11140,울산광역시,31,34,189,33,28,131,27,71,16,403,102,30
20190430,서울특별시,11,중구,11140,대전광역시,30,35,299,43,58,222,36,65,20,566,115,28
20190430,서울특별시,11,동작구,11590,서울특별시,11,234,576,365,235,425,130,262,62,792,302,436
20190430,서울특별시,11,동작구,11590,부산광역시,26,71,122,60,49,117,45,78,12,169,95,104
20190430,서울특별시,11,동작구,11590,대구광역시,27,48,102,50,38,70,19,52,13,130,39,74
20190430,서울특별시,11,동작구,11590,인천광역시,28,54,146,74,69,91,32,143,18,165,73,108
20190430,서울특별시,11,동작구,11590,광주광역시,29,24,76,51,34,44,17,31,7,70,34,56
20190430,서울특별시,11,동작구,11590,대전광역시,30,35,60,37,25,55,23,23,9,93,36,53
20190430,서울특별시,11,동작구,11590,울산광역시,31,22,45,26,24,32,25,29,10,57,23,36
20190430,서울특별시,11,동작구,11590,세종특별자치시,36,4,10,10,10,6,5,6,3,21,6,7
20190430,서울특별시,11,동작구,11590,경기도,41,315,675,330,300,510,173,295,107,1065,386,486
20190430,서울특별시,11,동작구,11590,강원도,42,36,64,41,19,55,13,28,21,71,41,43
20190430,서울특별시,11,동작구,11590,충청북도,43,39,69,48,29,56,16,40,18,92,33,39
20190430,서울특별시,11,동작구,11590,충청남도,44,44,112,53,37,93,24,67,12,114,39,69
20190430,서울특별시,11,동작구,11590,전라북도,45,33,79,40,25,51,13,39,14,92,39,46
20190430,서울특별시,11,중구,11140,광주광역시,29,42,330,63,49,185,29,86,24,616,137,23
20190430,서울특별시,11,중구,11140,인천광역시,28,74,489,92,104,382,69,154,46,1063,267,65
20190430,서울특별시,11,중구,11140,대구광역시,27,53,534,87,60,302,54,111,42,862,194,50
20190430,서울특별시,11,중구,11140,부산광역시,26,83,682,131,100,434,72,179,65,1134,361,72
20190430,서울특별시,11,중구,11140,서울특별시,11,394,2626,561,420,1919,260,607,234,4670,1189,263
20190430,서울특별시,11,은평구,11380,서울특별시,11,98,947,510,365,773,193,596,251,1663,436,718
20190430,서울특별시,11,금천구,11545,서울특별시,11,489,1967,421,1859,2464,411,2480,299,2085,1854,2404
20190430,서울특별시,11,금천구,11545,부산광역시,26,88,470,133,513,687,85,827,60,535,437,595
20190430,서울특별시,11,금천구,11545,대구광역시,27,69,329,62,342,520,78,487,56,444,365,458
20190430,서울특별시,11,금천구,11545,인천광역시,28,100,434,85,475,641,78,775,62,501,448,579
20190430,서울특별시,11,금천구,11545,광주광역시,29,65,259,62,232,329,38,319,36,300,247,297
20190430,서울특별시,11,금천구,11545,대전광역시,30,53,229,35,246,353,44,351,47,244,233,280
20190430,서울특별시,11,금천구,11545,울산광역시,31,35,157,24,171,236,40,273,29,189,136,188
20190430,서울특별시,11,중랑구,11260,서울특별시,11,387,1431,194,659,1432,202,843,455,3309,1249,848
20190430,서울특별시,11,중랑구,11260,부산광역시,26,98,340,54,201,430,53,201,137,919,393,251
20190430,서울특별시,11,중랑구,11260,대구광역시,27,68,234,43,132,339,46,150,93,711,264,204
20190430,서울특별시,11,중랑구,11260,인천광역시,28,86,314,61,198,427,59,170,154,991,350,222
20190430,서울특별시,11,중랑구,11260,광주광역시,29,40,171,25,94,216,29,95,82,492,214,131
20190430,서울특별시,11,중랑구,11260,대전광역시,30,47,169,22,104,212,22,72,79,431,206,117
20190430,서울특별시,11,중랑구,11260,울산광역시,31,38,118,15,79,140,31,72,58,360,129,87
20190430,서울특별시,11,중랑구,11260,세종특별자치시,36,10,41,7,17,40,6,32,17,100,52,32
20190430,서울특별시,11,중랑구,11260,경기도,41,498,1789,241,873,1922,256,919,724,4645,1818,1132
20190430,서울특별시,11,중랑구,11260,강원도,42,54,188,35,88,215,30,96,75,435,188,107
20190430,서울특별시,11,중랑구,11260,충청북도,43,54,204,18,110,234,23,118,71,507,202,126
20190430,서울특별시,11,중랑구,11260,충청남도,44,84,259,38,161,324,35,118,115,698,236,171
20190430,서울특별시,11,중랑구,11260,전라북도,45,47,217,26,98,226,15,92,77,511,207,126
20190430,서울특별시,11,중랑구,11260,전라남도,46,34,191,23,94,228,44,106,76,459,206,125
20190430,서울특별시,11,중랑구,11260,경상북도,47,68,263,23,144,417,42,179,101,683,316,199
20190430,서울특별시,11,중랑구,11260,경상남도,48,87,355,46,189,431,64,207,159,866,429,244
20190430,서울특별시,11,중랑구,11260,제주특별자치도,50,16,50,9,12,48,7,24,14,123,62,26
20190430,서울특별시,11,종로구,11110,경상북도,47,26,196,85,41,111,13,48,47,295,157,36
20190430,서울특별시,11,종로구,11110,전라남도,46,19,154,17,38,77,9,42,28,251,111,33
20190430,서울특별시,11,종로구,11110,전라북도,45,12,128,32,52,78,0,39,51,213,124,30
20190430,서울특별시,11,종로구,11110,충청남도,44,24,187,83,30,82,9,54,42,271,123,30
20190430,서울특별시,11,종로구,11110,충청북도,43,15,107,27,35,76,5,33,25,232,94,25
20190430,서울특별시,11,종로구,11110,강원도,42,19,139,24,31,73,4,45,23,161,106,29
20190430,서울특별시,11,종로구,11110,경기도,41,164,1125,402,347,675,51,417,276,1854,951,260
20190430,서울특별시,11,종로구,11110,세종특별자치시,36,3,24,17,9,21,0,7,7,49,22,9
20190430,서울특별시,11,종로구,11110,울산광역시,31,20,115,24,26,56,8,20,22,147,67,23
20190430,서울특별시,11,종로구,11110,대전광역시,30,14,89,91,41,65,4,25,30,210,105,37
20190430,서울특별시,11,종로구,11110,광주광역시,29,14,120,38,44,68,3,24,21,219,129,44
20190430,서울특별시,11,종로구,11110,인천광역시,28,30,218,72,74,159,16,70,59,356,174,59
20190430,서울특별시,11,종로구,11110,대구광역시,27,25,159,52,35,123,6,40,34,314,169,36
20190430,서울특별시,11,종로구,11110,부산광역시,26,37,271,53,67,136,5,59,46,405,241,63
20190430,서울특별시,11,종로구,11110,서울특별시,11,154,1083,544,328,549,43,322,171,1457,702,253
20190430,서울특별시,11,금천구,11545,세종특별자치시,36,8,46,10,58,92,28,69,10,81,60,59
20190430,서울특별시,11,금천구,11545,경기도,41,540,2376,477,2220,3156,448,3136,409,2593,2204,2521
20190430,서울특별시,11,금천구,11545,강원도,42,60,222,85,197,293,53,346,33,271,233,346
20190430,서울특별시,11,금천구,11545,충청북도,43,53,178,70,245,321,50,360,40,225,223,238
20190430,서울특별시,11,금천구,11545,충청남도,44,78,1175,115,385,425,67,430,60,1078,339,376
20190430,서울특별시,11,금천구,11545,전라북도,45,73,227,71,268,347,48,308,41,317,233,249
20190430,서울특별시,11,금천구,11545,전라남도,46,41,220,101,248,347,57,297,34,269,208,295
20190430,서울특별시,11,금천구,11545,경상북도,47,72,306,96,363,476,74,436,59,362,312,480
20190430,서울특별시,11,금천구,11545,경상남도,48,112,458,118,420,664,96,664,72,513,452,553
20190430,서울특별시,11,금천구,11545,제주특별자치도,50,24,60,19,74,72,10,43,9,83,67,86
20190430,서울특별시,11,종로구,11110,경상남도,48,44,273,42,56,147,11,52,61,412,235,54
20190430,서울특별시,11,종로구,11110,제주특별자치도,50,13,35,15,5,15,0,17,7,80,32,11
20190430,서울특별시,11,마포구,11440,제주특별자치도,50,14,89,49,81,47,21,44,13,123,94,14
20190430,서울특별시,11,마포구,11440,경상남도,48,70,475,123,461,316,41,310,46,640,458,86
20190430,서울특별시,11,마포구,11440,경상북도,47,47,381,99,343,248,52,265,33,534,335,81
20190430,서울특별시,11,마포구,11440,전라남도,46,37,246,62,247,132,27,167,31,312,234,39
20190430,서울특별시,11,마포구,11440,충청남도,44,36,400,91,372,234,53,221,43,481,359,68
