"배송년월일","송하인_시명","송하인_시코드","송하인_구명","송하인_구코드","수하인_시명","수하인_시코드","대분류_착지물동량 가구/인테리어","대분류_착지물동량 기타","대분류_착지물동량 도서/음반","대분류_착지물동량 디지털/가전","대분류_착지물동량 생활/건강","대분류_착지물동량 스포츠/레저","대분류_착지물동량 식품","대분류_착지물동량 출산/육아","대분류_착지물동량 패션의류","대분류_착지물동량 패션잡화","대분류_착지물동량 화장품/미용"
20220401,서울특별시,11,구로구,11530,경상북도,47,22,328,42,118,164,46,88,14,296,81,80
20220401,서울특별시,11,강동구,11740,전라북도,45,39,65,38,54,107,11,138,7,64,33,19
20220401,서울특별시,11,강동구,11740,전라남도,46,26,70,46,49,89,6,185,8,49,29,12
20220401,서울특별시,11,강동구,11740,경상북도,47,51,128,86,66,146,19,224,13,83,53,30
20220401,서울특별시,11,강동구,11740,경상남도,48,51,142,75,78,225,23,303,13,114,61,59
20220401,서울특별시,11,강동구,11740,제주특별자치도,50,3,40,4,10,27,5,37,0,19,8,3
20220401,서울특별시,11,영등포구,11560,제주특별자치도,50,7,60,6,34,29,0,59,9,60,19,28
20220401,서울특별시,11,영등포구,11560,경상남도,48,34,470,86,216,278,21,464,72,250,111,146
20220401,서울특별시,11,영등포구,11560,경상북도,47,25,337,68,161,221,17,375,44,198,88,130
20220401,서울특별시,11,영등포구,11560,전라남도,46,19,233,233,101,162,7,239,24,122,60,74
20220401,서울특별시,11,영등포구,11560,전라북도,45,18,213,165,124,128,7,247,13,177,50,63
20220401,서울특별시,11,노원구,11350,서울특별시,11,122,573,117,229,824,141,738,205,989,259,151
20220401,서울특별시,11,노원구,11350,부산광역시,26,39,126,19,67,264,34,188,86,243,58,52
20220401,서울특별시,11,노원구,11350,대구광역시,27,25,100,9,34,163,36,90,56,178,47,25
20220401,서울특별시,11,노원구,11350,인천광역시,28,37,140,17,69,223,43,174,74,267,59,40
20220401,서울특별시,11,노원구,11350,광주광역시,29,11,52,11,21,108,17,57,37,124,28,26
20220401,서울특별시,11,도봉구,11320,충청남도,44,27,70,7,101,158,30,117,14,346,84,102
20220401,서울특별시,11,도봉구,11320,충청북도,43,20,51,4,60,102,26,106,12,254,68,69
20220401,서울특별시,11,도봉구,11320,강원도,42,31,74,3,68,91,14,106,7,227,55,66
20220401,서울특별시,11,도봉구,11320,경기도,41,213,600,107,671,1025,162,1037,190,2615,538,670
20220401,서울특별시,11,도봉구,11320,세종특별자치시,36,5,11,0,17,31,5,19,11,61,15,18
20220401,서울특별시,11,도봉구,11320,울산광역시,31,13,27,3,42,49,18,71,13,171,33,26
20220401,서울특별시,11,도봉구,11320,대전광역시,30,20,34,10,60,93,21,109,15,209,53,75
20220401,서울특별시,11,도봉구,11320,광주광역시,29,8,41,0,61,85,10,113,17,264,59,66
20220401,서울특별시,11,도봉구,11320,인천광역시,28,60,141,13,124,189,45,240,49,512,98,150
20220401,서울특별시,11,도봉구,11320,대구광역시,27,30,73,11,77,154,22,173,20,342,84,92
20220401,서울특별시,11,도봉구,11320,부산광역시,26,36,102,10,95,208,32,261,31,467,120,126
20220401,서울특별시,11,도봉구,11320,서울특별시,11,137,405,89,422,649,120,738,69,1604,370,449
20220401,서울특별시,11,영등포구,11560,서울특별시,11,147,2153,455,853,1104,126,1977,195,1513,585,452
20220401,서울특별시,11,영등포구,11560,충청북도,43,17,264,95,121,159,14,251,34,183,78,56
20220401,서울특별시,11,영등포구,11560,강원도,42,15,239,172,118,156,9,227,21,142,61,73
20220401,서울특별시,11,영등포구,11560,경기도,41,177,2582,400,1150,1724,153,2356,387,2059,750,656
20220401,서울특별시,11,성북구,11290,서울특별시,11,251,1658,190,476,1593,196,1153,379,6260,1849,872
20220401,서울특별시,11,성북구,11290,부산광역시,26,75,436,50,126,494,62,319,125,1764,454,146
20220401,서울특별시,11,강북구,11305,서울특별시,11,64,475,62,186,316,31,104,69,1460,286,90
20220401,서울특별시,11,강북구,11305,부산광역시,26,15,120,16,41,74,4,15,27,426,98,30
20220401,서울특별시,11,강북구,11305,대구광역시,27,11,71,17,48,55,6,14,22,342,68,14
20220401,서울특별시,11,강북구,11305,인천광역시,28,10,111,11,49,76,6,33,33,447,96,17
20220401,서울특별시,11,강북구,11305,광주광역시,29,9,58,8,28,33,5,8,10,222,56,8
20220401,서울특별시,11,강북구,11305,대전광역시,30,10,70,5,23,26,5,8,11,233,42,7
20220401,서울특별시,11,강북구,11305,울산광역시,31,6,30,0,17,35,7,6,4,142,32,14
20220401,서울특별시,11,강북구,11305,세종특별자치시,36,0,6,0,6,5,0,4,0,41,10,0
20220401,서울특별시,11,강북구,11305,경기도,41,60,627,89,271,429,46,137,111,2271,445,145
20220401,서울특별시,11,강북구,11305,강원도,42,10,85,8,29,40,5,13,9,225,57,15
20220401,서울특별시,11,강북구,11305,충청북도,43,6,72,6,29,42,4,8,7,254,53,8
20220401,서울특별시,11,강북구,11305,충청남도,44,11,85,13,46,61,6,10,19,305,66,12
20220401,서울특별시,11,강북구,11305,전라북도,45,8,64,8,26,34,4,13,10,225,48,10
20220401,서울특별시,11,강북구,11305,전라남도,46,8,66,5,22,41,5,17,6,207,44,13
20220401,서울특별시,11,강북구,11305,경상북도,47,18,101,15,40,60,0,19,25,373,73,10
20220401,서울특별시,11,강북구,11305,경상남도,48,15,134,16,28,68,6,27,28,404,94,14
20220401,서울특별시,11,노원구,11350,대전광역시,30,15,49,0,33,85,32,79,49,109,28,19
20220401,서울특별시,11,노원구,11350,울산광역시,31,10,33,9,20,86,18,44,25,79,23,16
20220401,서울특별시,11,노원구,11350,세종특별자치시,36,5,17,3,9,40,7,25,20,40,9,0
20220401,서울특별시,11,노원구,11350,경기도,41,151,695,148,320,1256,212,997,413,1742,368,184
20220401,서울특별시,11,노원구,11350,강원도,42,21,67,4,27,130,25,81,25,102,30,21
20220401,서울특별시,11,은평구,11380,제주특별자치도,50,17,8,0,7,14,13,17,3,19,9,19
20220401,서울특별시,11,은평구,11380,경상남도,48,55,71,13,31,195,69,163,23,98,120,194
20220401,서울특별시,11,은평구,11380,경상북도,47,66,83,13,40,142,50,101,17,73,103,155
20220401,서울특별시,11,은평구,11380,전라남도,46,38,33,17,17,105,35,69,5,66,50,82
20220401,서울특별시,11,은평구,11380,전라북도,45,40,32,3,23,121,26,82,13,74,51,103
20220401,서울특별시,11,은평구,11380,충청남도,44,50,47,5,39,151,44,130,20,72,85,136
20220401,서울특별시,11,은평구,11380,충청북도,43,36,33,3,27,109,20,116,12,99,57,80
20220401,서울특별시,11,은평구,11380,강원도,42,37,42,7,22,117,28,91,8,54,69,100
20220401,서울특별시,11,은평구,11380,경기도,41,262,481,111,264,920,283,700,107,1064,559,840
20220401,서울특별시,11,은평구,11380,세종특별자치시,36,8,8,0,5,29,5,21,4,14,7,27
20220401,서울특별시,11,은평구,11380,울산광역시,31,21,32,0,10,53,21,65,10,48,45,53
20220401,서울특별시,11,은평구,11380,대전광역시,30,28,36,7,23,101,18,90,9,44,51,63
20220401,서울특별시,11,은평구,11380,광주광역시,29,19,40,5,21,75,23,84,16,60,47,72
20220401,서울특별시,11,은평구,11380,인천광역시,28,52,77,19,36,167,51,156,28,146,128,183
20220401,서울특별시,11,은평구,11380,대구광역시,27,52,43,9,27,106,38,96,16,93,88,120
20220401,서울특별시,11,은평구,11380,부산광역시,26,69,78,10,44,158,46,138,18,123,106,173
20220401,서울특별시,11,은평구,11380,서울특별시,11,167,5479,89,206,551,162,4202,68,590,378,545
20220401,서울특별시,11,마포구,11440,경상남도,48,51,368,159,384,762,37,612,29,343,189,128
20220401,서울특별시,11,마포구,11440,제주특별자치도,50,10,101,31,49,91,7,43,4,112,51,19
20220401,서울특별시,11,강북구,11305,제주특별자치도,50,0,14,0,4,15,0,8,3,44,14,0
20220401,서울특별시,11,영등포구,11560,세종특별자치시,36,5,53,15,30,62,7,55,8,37,14,10
20220401,서울특별시,11,종로구,11110,세종특별자치시,36,10,27,19,8,26,0,16,6,102,28,5
20220401,서울특별시,11,종로구,11110,울산광역시,31,10,71,16,28,77,5,36,21,274,85,10
20220401,서울특별시,11,종로구,11110,대전광역시,30,34,97,37,35,116,7,37,29,392,128,24
20220401,서울특별시,11,종로구,11110,광주광역시,29,17,91,26,37,93,9,27,33,437,160,24
20220401,서울특별시,11,종로구,11110,인천광역시,28,42,239,51,77,208,15,113,49,836,262,43
20220401,서울특별시,11,종로구,11110,대구광역시,27,19,167,44,64,162,6,52,39,582,149,25
20220401,서울특별시,11,종로구,11110,부산광역시,26,53,245,71,67,255,22,92,54,883,265,56
20220401,서울특별시,11,종로구,11110,서울특별시,11,187,1030,406,316,780,49,353,119,3074,936,176
20220401,서울특별시,11,영등포구,11560,울산광역시,31,10,177,64,77,89,5,139,24,112,53,40
20220401,서울특별시,11,중구,11140,제주특별자치도,50,17,53,13,10,53,14,50,4,171,50,5
20220401,서울특별시,11,동작구,11590,충청북도,43,20,56,41,26,147,11,88,22,84,35,32
20220401,서울특별시,11,영등포구,11560,대전광역시,30,21,219,69,100,162,9,233,28,158,65,61
20220401,서울특별시,11,영등포구,11560,광주광역시,29,24,271,35,100,145,9,198,29,141,70,56
20220401,서울특별시,11,중랑구,11260,경상남도,48,43,312,52,149,237,78,283,70,366,141,74
20220401,서울특별시,11,동대문구,11230,부산광역시,26,58,293,50,96,318,23,344,34,1050,172,101
20220401,서울특별시,11,중랑구,11260,제주특별자치도,50,3,53,3,50,19,12,17,3,75,20,5
20220401,서울특별시,11,금천구,11545,대전광역시,30,63,149,70,208,170,80,174,83,701,268,252
20220401,서울특별시,11,금천구,11545,광주광역시,29,61,140,82,171,166,82,180,99,763,269,223
20220401,서울특별시,11,중구,11140,경상남도,48,52,264,51,38,272,44,104,55,813,264,36
20220401,서울특별시,11,서초구,11650,서울특별시,11,280,1745,704,376,1016,89,1125,77,1675,524,588
20220401,서울특별시,11,서초구,11650,부산광역시,26,52,317,140,104,240,16,231,29,331,124,123
20220401,서울특별시,11,서초구,11650,대구광역시,27,34,248,136,49,171,27,171,20,239,84,96
20220401,서울특별시,11,서초구,11650,인천광역시,28,45,299,197,100,251,28,182,28,307,99,119
20220401,서울특별시,11,서초구,11650,광주광역시,29,12,160,83,32,119,10,83,10,175,49,59
20220401,서울특별시,11,서초구,11650,대전광역시,30,19,151,81,26,101,17,89,17,165,51,68
20220401,서울특별시,11,서초구,11650,울산광역시,31,16,82,50,25,64,5,78,9,103,40,28
20220401,서울특별시,11,서초구,11650,세종특별자치시,36,6,38,36,11,32,5,33,10,42,21,11
20220401,서울특별시,11,서초구,11650,경기도,41,275,1898,874,506,1257,126,1000,131,2336,642,636
20220401,서울특별시,11,서초구,11650,강원도,42,26,126,83,42,104,8,77,11,139,42,60
20220401,서울특별시,11,서초구,11650,충청북도,43,15,131,61,35,129,12,97,12,174,46,52
20220401,서울특별시,11,서초구,11650,충청남도,44,35,197,87,55,162,14,148,19,211,98,91
20220401,서울특별시,11,서초구,11650,전라북도,45,15,138,78,34,103,6,94,16,166,39,62
20220401,서울특별시,11,서초구,11650,전라남도,46,16,122,80,34,121,6,83,13,133,43,46
20220401,서울특별시,11,서초구,11650,경상북도,47,26,198,120,64,158,17,142,17,195,71,83
20220401,서울특별시,11,서초구,11650,경상남도,48,30,229,150,82,201,26,183,27,284,107,134
20220401,서울특별시,11,서초구,11650,제주특별자치도,50,7,52,19,7,38,5,29,4,55,18,15
20220401,서울특별시,11,금천구,11545,인천광역시,28,116,342,118,422,387,140,425,185,1377,563,504
20220401,서울특별시,11,광진구,11215,전라남도,46,179,121,56,77,110,17,58,32,133,105,61
20220401,서울특별시,11,광진구,11215,전라북도,45,146,119,42,76,124,24,58,23,165,85,35
20220401,서울특별시,11,광진구,11215,충청남도,44,147,182,78,102,160,22,89,38,205,173,76
20220401,서울특별시,11,광진구,11215,충청북도,43,123,132,60,63,106,19,51,24,181,102,37
20220401,서울특별시,11,광진구,11215,강원도,42,134,110,9,68,137,23,49,13,132,111,33
20220401,서울특별시,11,광진구,11215,경기도,41,872,1378,168,715,1029,202,533,233,1946,1036,386
20220401,서울특별시,11,광진구,11215,세종특별자치시,36,17,55,0,14,27,8,14,8,37,32,5
20220401,서울특별시,11,성북구,11290,대구광역시,27,51,275,37,86,294,50,203,94,1240,298,125
20220401,서울특별시,11,성북구,11290,인천광역시,28,71,440,42,148,568,49,349,154,1772,449,165
20220401,서울특별시,11,성북구,11290,광주광역시,29,31,246,11,57,240,28,133,69,929,242,73
20220401,서울특별시,11,성북구,11290,대전광역시,30,32,199,23,48,235,23,145,52,841,200,61
20220401,서울특별시,11,성북구,11290,울산광역시,31,24,116,9,30,171,17,100,46,556,144,42
20220401,서울특별시,11,광진구,11215,울산광역시,31,82,133,25,34,78,10,38,11,84,66,35
20220401,서울특별시,11,광진구,11215,대전광역시,30,118,153,13,64,106,16,50,10,152,107,38
20220401,서울특별시,11,성동구,11200,경상남도,48,48,579,57,246,249,36,137,20,744,271,117
20220401,서울특별시,11,성동구,11200,충청남도,44,48,464,30,159,146,31,119,50,525,198,86
20220401,서울특별시,11,중구,11140,경상북도,47,46,238,22,29,213,33,108,34,642,190,29
20220401,서울특별시,11,중구,11140,전라남도,46,24,148,20,35,166,20,79,14,412,121,19
20220401,서울특별시,11,중구,11140,전라북도,45,31,146,26,27,128,33,60,22,513,112,19
20220401,서울특별시,11,중구,11140,충청남도,44,49,189,37,57,242,32,87,44,625,181,22
20220401,서울특별시,11,중구,11140,충청북도,43,37,158,41,53,170,21,84,26,479,154,20
20220401,서울특별시,11,중구,11140,강원도,42,26,128,20,31,175,19,80,24,476,128,14
20220401,서울특별시,11,중구,11140,경기도,41,347,1731,203,289,1653,246,975,207,4756,1521,236
20220401,서울특별시,11,중구,11140,세종특별자치시,36,10,38,6,12,47,6,18,6,172,27,8
20220401,서울특별시,11,중구,11140,울산광역시,31,18,84,17,15,69,18,51,11,337,92,14
20220401,서울특별시,11,중구,11140,대전광역시,30,21,144,24,33,117,20,103,22,579,142,19
20220401,서울특별시,11,중구,11140,광주광역시,29,29,135,29,45,131,19,59,19,542,141,22
20220401,서울특별시,11,중구,11140,인천광역시,28,86,318,40,46,308,41,187,38,919,300,46
20220401,서울특별시,11,중구,11140,대구광역시,27,32,240,38,92,255,40,69,39,727,208,29
20220401,서울특별시,11,성북구,11290,세종특별자치시,36,7,49,7,11,60,6,32,30,226,46,16
20220401,서울특별시,11,성북구,11290,경기도,41,372,2167,226,607,2601,297,1630,679,8777,2120,722
20220401,서울특별시,11,성북구,11290,강원도,42,39,195,22,53,247,32,175,53,814,220,64
20220401,서울특별시,11,성북구,11290,충청북도,43,25,244,21,76,344,23,146,74,887,212,85
20220401,서울특별시,11,성북구,11290,충청남도,44,46,284,21,96,365,41,208,116,1100,327,120
20220401,서울특별시,11,성북구,11290,전라북도,45,22,195,28,51,276,29,162,79,915,215,50
20220401,서울특별시,11,성동구,11200,전라북도,45,31,391,14,100,120,18,71,13,405,151,54
20220401,서울특별시,11,성동구,11200,전라남도,46,37,292,31,119,113,17,71,10,370,141,56
20220401,서울특별시,11,금천구,11545,울산광역시,31,28,86,40,125,98,51,157,81,522,180,194
20220401,서울특별시,11,동대문구,11230,강원도,42,45,164,25,52,210,13,198,14,471,44,56
20220401,서울특별시,11,동대문구,11230,충청북도,43,48,154,22,50,212,9,187,11,527,70,62
20220401,서울특별시,11,동대문구,11230,충청남도,44,48,216,32,61,276,15,250,22,652,73,61
20220401,서울특별시,11,동대문구,11230,전라북도,45,33,157,19,42,170,13,171,23,518,70,58
20220401,서울특별시,11,중구,11140,부산광역시,26,48,305,62,77,300,35,119,36,1055,309,47
20220401,서울특별시,11,중구,11140,서울특별시,11,310,1592,248,256,1406,177,824,124,4309,1196,274
20220401,서울특별시,11,동작구,11590,전라남도,46,22,55,23,35,177,7,86,20,61,26,44
20220401,서울특별시,11,동작구,11590,경상북도,47,33,82,37,46,210,17,84,36,97,45,57
20220401,서울특별시,11,동작구,11590,경상남도,48,34,82,66,61,266,17,115,29,149,59,82
20220401,서울특별시,11,성북구,11290,경상북도,47,49,311,27,99,408,58,209,116,1227,294,123
20220401,서울특별시,11,동작구,11590,서울특별시,11,189,587,446,271,953,64,504,76,772,276,320
20220401,서울특별시,11,동작구,11590,부산광역시,26,44,123,84,57,291,9,135,21,130,87,95
20220401,서울특별시,11,동작구,11590,대구광역시,27,30,82,50,49,191,9,57,20,114,36,33
20220401,서울특별시,11,동작구,11590,인천광역시,28,52,99,70,75,255,13,127,23,139,93,95
20220401,서울특별시,11,동작구,11590,광주광역시,29,18,63,31,31,122,7,69,11,92,34,39
20220401,서울특별시,11,동작구,11590,대전광역시,30,14,42,32,34,131,7,52,24,81,16,40
20220401,서울특별시,11,동작구,11590,울산광역시,31,9,30,25,17,84,5,28,9,54,13,32
20220401,서울특별시,11,성북구,11290,경상남도,48,59,393,52,117,474,48,278,118,1611,377,130
20220401,서울특별시,11,성북구,11290,제주특별자치도,50,6,68,6,14,55,6,22,21,311,72,14
20220401,서울특별시,11,성북구,11290,전라남도,46,27,188,16,40,289,27,133,73,792,201,73
20220401,서울특별시,11,강남구,11680,제주특별자치도,50,7,96,38,20,66,5,86,9,190,63,50
20220401,서울특별시,11,강남구,11680,경상남도,48,54,480,169,167,417,15,553,69,1359,335,318
20220401,서울특별시,11,강남구,11680,경상북도,47,44,375,87,150,294,11,395,37,1103,233,266
20220401,서울특별시,11,강남구,11680,전라남도,46,28,216,66,86,205,13,307,24,703,151,175
20220401,서울특별시,11,강남구,11680,전라북도,45,31,261,89,94,193,12,283,40,833,184,169
20220401,서울특별시,11,강남구,11680,충청남도,44,53,390,104,140,298,18,489,40,1106,251,273
20220401,서울특별시,11,강남구,11680,충청북도,43,32,288,81,81,222,17,328,24,788,198,189
20220401,서울특별시,11,강남구,11680,강원도,42,32,370,84,95,241,14,328,20,731,182,170
20220401,서울특별시,11,강남구,11680,경기도,41,422,3688,1256,1028,2419,186,3090,355,8536,2036,2077
20220401,서울특별시,11,강남구,11680,세종특별자치시,36,6,75,43,29,55,0,82,12,202,62,51
20220401,서울특별시,11,동대문구,11230,전라남도,46,33,168,28,50,220,11,182,16,467,63,42
20220401,서울특별시,11,동대문구,11230,경상북도,47,48,281,39,77,284,14,276,15,656,105,70
20220401,서울특별시,11,동대문구,11230,경상남도,48,63,309,42,91,357,18,349,26,881,153,95
20220401,서울특별시,11,성동구,11200,경상북도,47,42,445,49,183,140,33,139,15,566,191,92
20220401,서울특별시,11,동대문구,11230,제주특별자치도,50,16,47,7,9,34,3,29,0,143,28,16
20220401,서울특별시,11,구로구,11530,제주특별자치도,50,7,56,8,21,27,9,15,6,65,17,19
20220401,서울특별시,11,강동구,11740,서울특별시,11,263,726,350,334,844,84,1132,73,813,351,218
20220401,서울특별시,11,강동구,11740,부산광역시,26,53,198,148,79,229,18,258,26,193,75,38
20220401,서울특별시,11,동작구,11590,충청남도,44,26,64,45,43,215,14,117,34,75,53,62
20220401,서울특별시,11,동작구,11590,전라북도,45,24,53,47,30,158,12,79,23,66,35,48
20220401,서울특별시,11,금천구,11545,경상남도,48,92,286,153,363,350,140,336,162,1256,495,467
20220401,서울특별시,11,금천구,11545,경상북도,47,81,224,151,263,296,107,314,135,958,422,301
20220401,서울특별시,11,금천구,11545,전라남도,46,53,126,121,187,194,82,205,91,732,290,255
20220401,서울특별시,11,동대문구,11230,대구광역시,27,45,206,27,48,231,9,235,26,728,121,82
20220401,서울특별시,11,동대문구,11230,인천광역시,28,70,276,72,99,342,17,397,33,1011,161,92
20220401,서울특별시,11,동대문구,11230,광주광역시,29,26,148,17,44,159,6,168,16,538,93,60
20220401,서울특별시,11,동대문구,11230,대전광역시,30,53,130,31,56,157,12,142,7,446,94,66
20220401,서울특별시,11,동대문구,11230,울산광역시,31,21,98,20,27,99,15,113,8,308,59,28
20220401,서울특별시,11,동대문구,11230,세종특별자치시,36,10,53,8,11,46,4,46,6,131,15,11
20220401,서울특별시,11,동대문구,11230,경기도,41,406,1673,309,500,1659,110,1672,148,5035,763,520
20220401,서울특별시,11,강동구,11740,인천광역시,28,79,157,99,76,242,26,314,35,145,71,36
20220401,서울특별시,11,성동구,11200,대전광역시,30,27,340,24,121,121,21,89,15,416,155,50
20220401,서울특별시,11,광진구,11215,광주광역시,29,91,137,15,61,99,13,56,17,179,136,45
20220401,서울특별시,11,광진구,11215,인천광역시,28,218,291,38,142,218,43,113,44,334,219,94
20220401,서울특별시,11,광진구,11215,대구광역시,27,155,263,12,91,133,25,69,35,249,156,52
20220401,서울특별시,11,광진구,11215,부산광역시,26,212,312,34,131,186,40,90,49,346,218,72
20220401,서울특별시,11,광진구,11215,서울특별시,11,558,1244,147,486,696,121,461,113,1492,762,295
20220401,서울특별시,11,구로구,11530,경상남도,48,41,414,96,124,212,47,108,37,390,100,95
20220401,서울특별시,11,성동구,11200,울산광역시,31,21,202,21,78,109,20,40,0,308,111,36
20220401,서울특별시,11,성동구,11200,세종특별자치시,36,9,97,10,35,45,7,25,5,98,49,17
20220401,서울특별시,11,성동구,11200,경기도,41,321,4296,291,1335,1204,221,809,158,4518,1589,615
20220401,서울특별시,11,성동구,11200,강원도,42,44,306,23,108,91,21,84,7,337,149,68
20220401,서울특별시,11,성동구,11200,충청북도,43,26,395,17,149,110,32,100,11,412,146,59
20220401,서울특별시,11,금천구,11545,전라북도,45,62,116,92,189,183,65,212,81,708,275,213
20220401,서울특별시,11,금천구,11545,충청남도,44,75,213,115,258,259,79,279,137,885,384,284
20220401,서울특별시,11,금천구,11545,충청북도,43,57,128,86,212,214,85,198,93,670,302,207
20220401,서울특별시,11,금천구,11545,강원도,42,76,136,100,219,202,100,204,72,650,326,247
20220401,서울특별시,11,금천구,11545,경기도,41,538,1607,632,1950,1739,753,2043,900,6740,2590,2312
20220401,서울특별시,11,금천구,11545,세종특별자치시,36,13,35,19,62,65,13,45,45,240,84,72
20220401,서울특별시,11,동작구,11590,제주특별자치도,50,7,23,12,3,27,0,12,3,18,6,7
20220401,서울특별시,11,강동구,11740,대구광역시,27,49,118,102,62,158,17,203,17,105,54,50
20220401,서울특별시,11,광진구,11215,제주특별자치도,50,35,30,5,15,20,7,19,0,44,33,14
20220401,서울특별시,11,광진구,11215,경상남도,48,207,266,45,108,187,28,112,34,273,195,78
20220401,서울특별시,11,양천구,11470,제주특별자치도,50,4,25,3,10,12,0,8,0,21,9,6
20220401,서울특별시,11,양천구,11470,경상남도,48,27,134,24,66,155,37,113,9,113,71,57
20220401,서울특별시,11,양천구,11470,경상북도,47,19,136,15,52,139,21,95,4,83,52,50
20220401,서울특별시,11,양천구,11470,전라남도,46,15,59,6,41,86,13,67,5,53,37,33
20220401,서울특별시,11,양천구,11470,전라북도,45,13,58,14,38,87,8,53,0,79,36,36
20220401,서울특별시,11,광진구,11215,경상북도,47,194,191,45,95,156,25,85,30,203,154,72
20220401,서울특별시,11,중랑구,11260,서울특별시,11,185,1534,138,520,882,258,990,173,1728,673,378
20220401,서울특별시,11,중랑구,11260,부산광역시,26,44,332,36,137,279,72,332,67,436,174,101
20220401,서울특별시,11,양천구,11470,충청남도,44,17,120,21,73,115,18,89,12,80,56,34
20220401,서울특별시,11,양천구,11470,충청북도,43,11,79,15,26,87,6,64,4,98,45,37
20220401,서울특별시,11,양천구,11470,강원도,42,13,97,14,36,77,8,75,8,51,36,31
20220401,서울특별시,11,종로구,11110,제주특별자치도,50,10,42,6,16,38,0,15,20,154,54,8
20220401,서울특별시,11,종로구,11110,경상남도,48,45,234,44,73,243,30,80,68,687,230,31
20220401,서울특별시,11,종로구,11110,경상북도,47,39,163,38,56,175,4,75,40,536,141,31
20220401,서울특별시,11,종로구,11110,전라남도,46,20,122,22,31,140,5,36,25,399,110,23
20220401,서울특별시,11,종로구,11110,전라북도,45,27,132,32,33,115,9,34,39,382,143,15
20220401,서울특별시,11,종로구,11110,충청남도,44,22,170,49,52,152,9,56,25,531,198,29
20220401,서울특별시,11,종로구,11110,충청북도,43,23,114,29,44,113,7,40,23,391,130,24
20220401,서울특별시,11,종로구,11110,강원도,42,21,127,42,45,102,12,77,38,348,107,16
20220401,서울특별시,11,종로구,11110,경기도,41,226,1220,369,399,1079,100,489,274,3932,1187,213
20220401,서울특별시,11,강동구,11740,광주광역시,29,27,69,66,32,133,11,100,15,72,32,18
20220401,서울특별시,11,강동구,11740,대전광역시,30,32,90,37,45,119,9,119,13,71,50,21
20220401,서울특별시,11,강동구,11740,울산광역시,31,15,53,46,20,51,6,104,10,41,20,8
20220401,서울특별시,11,강동구,11740,세종특별자치시,36,11,24,26,10,32,0,50,6,17,8,5
20220401,서울특별시,11,양천구,11470,경기도,41,139,882,143,403,932,135,586,58,1274,416,365
20220401,서울특별시,11,양천구,11470,세종특별자치시,36,4,13,4,12,8,4,15,0,16,16,9
20220401,서울특별시,11,양천구,11470,울산광역시,31,4,44,4,30,52,7,34,8,39,36,21
20220401,서울특별시,11,양천구,11470,대전광역시,30,19,79,10,44,80,11,57,3,69,33,30
20220401,서울특별시,11,양천구,11470,광주광역시,29,8,59,10,31,77,14,38,4,71,33,27
20220401,서울특별시,11,양천구,11470,인천광역시,28,18,176,24,87,153,27,101,22,129,73,64
20220401,서울특별시,11,양천구,11470,대구광역시,27,22,116,12,56,118,10,63,4,129,57,56
20220401,서울특별시,11,양천구,11470,부산광역시,26,23,146,16,94,152,10,112,7,172,84,72
20220401,서울특별시,11,양천구,11470,서울특별시,11,72,606,126,350,577,51,455,24,858,290,259
20220401,서울특별시,11,동작구,11590,세종특별자치시,36,9,19,6,9,40,0,21,6,17,13,9
20220401,서울특별시,11,동작구,11590,경기도,41,211,661,331,358,1516,71,614,149,1177,414,436
20220401,서울특별시,11,동작구,11590,강원도,42,16,58,41,28,153,10,78,26,66,32,35
20220401,서울특별시,11,중랑구,11260,대구광역시,27,35,225,27,109,184,64,190,47,308,117,95
20220401,서울특별시,11,중랑구,11260,인천광역시,28,58,365,41,115,243,104,249,53,442,158,134
20220401,서울특별시,11,중랑구,11260,광주광역시,29,24,145,17,81,117,34,106,30,197,73,42
20220401,서울특별시,11,중랑구,11260,대전광역시,30,17,184,29,91,128,35,148,33,222,69,51
20220401,서울특별시,11,중랑구,11260,울산광역시,31,16,135,17,53,84,22,99,17,152,49,26
20220401,서울특별시,11,중랑구,11260,세종특별자치시,36,0,46,5,10,43,13,29,11,65,19,19
20220401,서울특별시,11,동대문구,11230,서울특별시,11,307,1218,230,353,1041,63,1094,103,3795,659,417
20220401,서울특별시,11,중랑구,11260,경기도,41,232,1798,211,651,1338,434,1231,315,2359,765,545
20220401,서울특별시,11,중랑구,11260,강원도,42,31,214,28,90,160,45,121,39,212,70,46
20220401,서울특별시,11,서대문구,11410,제주특별자치도,50,0,20,0,6,15,0,0,16,32,14,0
20220401,서울특별시,11,용산구,11170,제주특별자치도,50,0,36,4,195,23,0,17,0,52,25,0
20220401,서울특별시,11,용산구,11170,경상남도,48,447,242,24,1279,162,21,166,22,195,133,49
20220401,서울특별시,11,용산구,11170,경상북도,47,501,217,31,1057,136,8,116,21,139,107,37
20220401,서울특별시,11,용산구,11170,전라남도,46,8,107,10,684,96,3,69,7,95,76,24
20220401,서울특별시,11,용산구,11170,전라북도,45,3,129,14,713,89,5,86,12,95,72,23
20220401,서울특별시,11,용산구,11170,충청남도,44,15,151,29,1090,128,8,76,14,123,116,43
20220401,서울특별시,11,용산구,11170,충청북도,43,15,102,12,842,61,7,72,8,110,85,33
20220401,서울특별시,11,용산구,11170,강원도,42,431,118,14,747,105,10,62,14,83,67,28
20220401,서울특별시,11,용산구,11170,경기도,41,2377,1354,179,7441,921,106,687,146,1434,878,258
20220401,서울특별시,11,용산구,11170,세종특별자치시,36,8,27,3,204,33,3,19,0,39,26,7
20220401,서울특별시,11,용산구,11170,울산광역시,31,7,73,3,440,52,6,50,4,66,59,16
20220401,서울특별시,11,서대문구,11410,경상남도,48,0,100,17,27,256,11,118,83,190,58,181
20220401,서울특별시,11,서대문구,11410,경상북도,47,0,65,8,32,184,4,110,46,161,34,41
20220401,서울특별시,11,서대문구,11410,전라남도,46,0,62,0,12,131,6,58,34,118,25,16
20220401,서울특별시,11,서대문구,11410,전라북도,45,0,41,7,9,121,4,67,23,98,33,14
20220401,서울특별시,11,서대문구,11410,충청남도,44,0,86,10,20,159,3,104,37,136,32,22
20220401,서울특별시,11,서대문구,11410,충청북도,43,3,53,8,21,146,6,59,31,128,33,18
20220401,서울특별시,11,서대문구,11410,강원도,42,0,49,11,22,120,0,44,32,92,36,29
20220401,서울특별시,11,서대문구,11410,경기도,41,35,642,124,180,1116,44,706,297,1432,353,217
20220401,서울특별시,11,강남구,11680,울산광역시,31,12,152,77,50,151,9,169,16,525,110,112
20220401,서울특별시,11,강남구,11680,대전광역시,30,41,291,77,74,205,12,324,28,875,194,218
20220401,서울특별시,11,용산구,11170,대전광역시,30,376,115,13,859,98,6,64,10,115,94,17
20220401,서울특별시,11,용산구,11170,광주광역시,29,322,129,13,576,86,4,60,10,105,91,21
20220401,서울특별시,11,용산구,11170,인천광역시,28,23,291,35,1511,196,12,149,33,199,181,62
20220401,서울특별시,11,용산구,11170,대구광역시,27,365,172,18,976,135,9,121,11,184,131,31
20220401,서울특별시,11,용산구,11170,부산광역시,26,421,231,24,1524,156,18,147,14,224,183,69
20220401,서울특별시,11,용산구,11170,서울특별시,11,152,1077,160,6132,737,70,532,76,1277,773,200
20220401,서울특별시,11,송파구,11710,제주특별자치도,50,0,33,16,18,47,7,26,0,104,21,10
20220401,서울특별시,11,송파구,11710,경상남도,48,34,190,70,89,593,52,4307,84,510,115,165
20220401,서울특별시,11,송파구,11710,경상북도,47,26,176,43,110,451,34,3469,64,435,93,129
20220401,서울특별시,11,송파구,11710,전라남도,46,18,90,27,56,339,20,2324,35,284,38,77
20220401,서울특별시,11,송파구,11710,전라북도,45,17,132,45,49,279,30,2268,36,299,63,77
20220401,서울특별시,11,송파구,11710,충청남도,44,31,164,35,94,705,33,6377,100,359,98,130
20220401,서울특별시,11,송파구,11710,충청북도,43,23,97,15,53,487,25,4776,73,324,68,96
20220401,서울특별시,11,송파구,11710,강원도,42,21,129,19,72,340,24,2703,54,287,68,86
20220401,서울특별시,11,송파구,11710,경기도,41,189,1437,332,560,2017,285,7081,224,3627,893,608
20220401,서울특별시,11,송파구,11710,세종특별자치시,36,9,36,16,15,257,10,2922,38,62,21,41
20220401,서울특별시,11,송파구,11710,울산광역시,31,20,73,18,35,146,20,559,13,188,34,29
20220401,서울특별시,11,관악구,11620,제주특별자치도,50,4,18,6,3,18,0,5,0,27,19,9
20220401,서울특별시,11,관악구,11620,경상남도,48,29,114,26,58,133,16,53,8,178,156,97
20220401,서울특별시,11,관악구,11620,경상북도,47,15,90,33,56,107,12,49,7,131,135,91
20220401,서울특별시,11,관악구,11620,전라남도,46,13,71,13,38,79,4,30,8,84,82,45
20220401,서울특별시,11,관악구,11620,전라북도,45,3,58,20,43,51,8,36,5,97,75,57
20220401,서울특별시,11,관악구,11620,충청남도,44,15,97,22,65,95,9,69,5,105,114,88
20220401,서울특별시,11,관악구,11620,충청북도,43,13,63,20,50,80,4,27,11,110,89,68
20220401,서울특별시,11,관악구,11620,강원도,42,7,64,19,52,57,7,41,9,75,75,68
20220401,서울특별시,11,관악구,11620,경기도,41,132,720,267,377,778,98,375,60,1286,763,718
20220401,서울특별시,11,관악구,11620,세종특별자치시,36,0,15,8,6,19,0,13,5,15,23,8
20220401,서울특별시,11,관악구,11620,울산광역시,31,6,39,12,17,44,6,16,4,57,34,36
20220401,서울특별시,11,관악구,11620,대전광역시,30,8,69,24,39,59,4,27,7,73,65,43
20220401,서울특별시,11,관악구,11620,광주광역시,29,16,70,17,45,76,6,31,8,80,88,66
20220401,서울특별시,11,관악구,11620,인천광역시,28,27,150,43,92,163,11,53,16,184,165,143
20220401,서울특별시,11,송파구,11710,대전광역시,30,39,140,27,116,636,36,7060,85,303,80,145
20220401,서울특별시,11,송파구,11710,광주광역시,29,10,130,22,42,285,18,1940,28,263,59,94
20220401,서울특별시,11,관악구,11620,대구광역시,27,20,79,49,58,117,8,52,9,134,104,121
20220401,서울특별시,11,관악구,11620,부산광역시,26,21,124,47,96,152,13,77,13,174,185,146
20220401,서울특별시,11,관악구,11620,서울특별시,11,75,628,331,315,532,51,207,33,756,513,549
20220401,서울특별시,11,서대문구,11410,세종특별자치시,36,0,25,0,3,22,0,18,4,35,7,0
20220401,서울특별시,11,서대문구,11410,울산광역시,31,0,22,10,4,75,3,29,17,67,24,6
20220401,서울특별시,11,서대문구,11410,대전광역시,30,0,56,7,17,89,7,73,30,128,30,25
20220401,서울특별시,11,서대문구,11410,광주광역시,29,0,50,6,14,118,7,51,17,117,36,8
20220401,서울특별시,11,서대문구,11410,인천광역시,28,8,91,21,35,255,9,135,59,218,52,76
20220401,서울특별시,11,서대문구,11410,대구광역시,27,7,84,6,24,167,8,80,30,161,42,25
20220401,서울특별시,11,서대문구,11410,부산광역시,26,0,115,18,30,207,10,144,64,188,63,37
20220401,서울특별시,11,서대문구,11410,서울특별시,11,12,689,79,195,686,42,534,87,1181,311,159
20220401,서울특별시,11,도봉구,11320,제주특별자치도,50,3,16,0,12,19,9,22,0,55,11,21
20220401,서울특별시,11,도봉구,11320,경상남도,48,38,106,5,118,197,37,201,34,477,117,155
20220401,서울특별시,11,강동구,11740,경기도,41,308,966,464,429,1153,146,1474,113,1220,476,246
20220401,서울특별시,11,중랑구,11260,충청북도,43,22,174,14,117,150,43,144,33,233,74,35
20220401,서울특별시,11,중랑구,11260,충청남도,44,45,214,25,120,223,74,189,40,257,77,67
20220401,서울특별시,11,강동구,11740,강원도,42,39,79,30,49,105,17,162,9,57,31,22
20220401,서울특별시,11,강동구,11740,충청북도,43,35,97,41,52,99,10,147,12,89,37,23
20220401,서울특별시,11,송파구,11710,인천광역시,28,28,262,64,116,296,51,376,52,532,138,120
20220401,서울특별시,11,구로구,11530,서울특별시,11,237,1669,349,577,903,148,343,100,1682,450,386
20220401,서울특별시,11,구로구,11530,부산광역시,26,42,434,66,147,231,51,107,35,461,130,115
20220401,서울특별시,11,구로구,11530,대구광역시,27,32,332,64,104,157,40,77,30,326,94,72
20220401,서울특별시,11,구로구,11530,인천광역시,28,55,386,102,178,266,54,116,46,433,112,130
20220401,서울특별시,11,강동구,11740,충청남도,44,58,101,51,77,131,14,212,15,91,40,35
20220401,서울특별시,11,금천구,11545,제주특별자치도,50,19,24,35,75,50,42,62,28,212,102,52
20220401,서울특별시,11,중랑구,11260,전라북도,45,24,154,27,104,138,38,156,38,251,93,48
20220401,서울특별시,11,강서구,11500,서울특별시,11,253,1594,644,1116,1484,282,3213,230,3177,864,1615
20220401,서울특별시,11,강서구,11500,부산광역시,26,64,345,177,293,460,96,1186,62,1043,259,440
20220401,서울특별시,11,강서구,11500,대구광역시,27,53,232,132,171,307,67,621,51,662,161,319
20220401,서울특별시,11,강서구,11500,인천광역시,28,55,400,136,292,403,78,925,67,913,236,462
20220401,서울특별시,11,강서구,11500,광주광역시,29,39,158,98,126,192,50,470,42,477,95,208
20220401,서울특별시,11,강서구,11500,대전광역시,30,36,158,65,151,233,41,416,31,433,109,203
20220401,서울특별시,11,강서구,11500,울산광역시,31,25,96,52,97,128,46,339,16,339,66,144
20220401,서울특별시,11,강서구,11500,세종특별자치시,36,13,41,30,48,70,14,136,14,138,34,74
20220401,서울특별시,11,강서구,11500,경기도,41,321,1942,679,1376,2456,493,4606,364,5431,1233,2219
20220401,서울특별시,11,강서구,11500,강원도,42,32,176,75,173,383,44,664,29,892,169,323
20220401,서울특별시,11,강서구,11500,충청북도,43,25,171,70,146,343,42,593,40,804,160,286
20220401,서울특별시,11,강서구,11500,충청남도,44,38,211,101,236,381,61,732,55,863,217,321
20220401,서울특별시,11,강서구,11500,전라북도,45,34,158,74,183,255,37,526,32,630,115,253
20220401,서울특별시,11,강서구,11500,전라남도,46,20,171,60,150,341,41,587,47,813,129,285
20220401,서울특별시,11,강서구,11500,경상북도,47,38,251,99,195,445,66,830,54,1053,207,406
20220401,서울특별시,11,강서구,11500,경상남도,48,63,301,131,304,474,95,1027,66,1162,236,454
20220401,서울특별시,11,강서구,11500,제주특별자치도,50,8,51,18,30,44,15,118,14,153,23,81
20220401,서울특별시,11,마포구,11440,서울특별시,11,235,2258,774,1656,2548,422,2192,126,2186,1052,508
20220401,서울특별시,11,마포구,11440,부산광역시,26,45,414,189,426,788,34,636,45,426,233,156
20220401,서울특별시,11,마포구,11440,대구광역시,27,50,294,145,261,555,28,367,36,301,165,75
20220401,서울특별시,11,마포구,11440,인천광역시,28,50,497,172,413,724,109,610,43,431,222,136
20220401,서울특별시,11,마포구,11440,광주광역시,29,33,203,83,179,361,22,248,18,215,122,64
20220401,서울특별시,11,마포구,11440,대전광역시,30,27,214,84,201,371,12,273,22,219,100,52
20220401,서울특별시,11,마포구,11440,울산광역시,31,14,120,54,116,250,13,177,10,135,79,32
20220401,서울특별시,11,마포구,11440,세종특별자치시,36,6,51,35,52,107,5,84,9,32,36,18
20220401,서울특별시,11,마포구,11440,경기도,41,266,2436,1066,2338,3537,468,2840,203,2501,1247,652
20220401,서울특별시,11,마포구,11440,강원도,42,25,214,84,235,378,18,287,14,189,114,47
20220401,서울특별시,11,마포구,11440,충청북도,43,29,184,86,201,384,24,275,29,198,102,45
20220401,서울특별시,11,마포구,11440,충청남도,44,40,274,114,289,563,30,380,32,263,160,81
20220401,서울특별시,11,마포구,11440,전라북도,45,21,213,90,190,387,14,266,15,211,104,64
20220401,서울특별시,11,마포구,11440,전라남도,46,27,198,72,195,364,15,269,12,174,113,50
20220401,서울특별시,11,마포구,11440,경상북도,47,28,279,128,314,581,31,483,31,269,147,73
20220401,서울특별시,11,중랑구,11260,전라남도,46,22,158,16,67,145,41,145,34,174,78,44
20220401,서울특별시,11,금천구,11545,대구광역시,27,83,187,95,276,261,119,274,148,1034,384,360
20220401,서울특별시,11,노원구,11350,충청북도,43,17,49,15,27,130,21,113,38,180,46,17
20220401,서울특별시,11,노원구,11350,충청남도,44,29,85,4,49,187,57,162,52,148,39,30
20220401,서울특별시,11,노원구,11350,전라북도,45,17,53,8,23,128,19,84,27,140,36,18
20220401,서울특별시,11,노원구,11350,전라남도,46,15,61,5,22,173,34,78,36,123,35,23
20220401,서울특별시,11,노원구,11350,경상북도,47,34,78,16,34,208,37,112,46,161,33,34
20220401,서울특별시,11,노원구,11350,경상남도,48,47,99,9,43,221,45,177,69,245,58,36
20220401,서울특별시,11,노원구,11350,제주특별자치도,50,0,14,3,4,24,0,29,7,38,10,5
20220401,서울특별시,11,강남구,11680,광주광역시,29,40,239,105,72,224,11,248,24,961,188,180
20220401,서울특별시,11,강남구,11680,인천광역시,28,96,638,244,199,467,29,544,114,1688,375,447
20220401,서울특별시,11,강남구,11680,대구광역시,27,42,382,173,119,328,16,372,38,1249,272,286
20220401,서울특별시,11,강남구,11680,부산광역시,26,69,598,198,182,395,17,598,45,1810,442,416
20220401,서울특별시,11,강남구,11680,서울특별시,11,299,3171,1041,777,1724,128,2306,213,6654,1632,2021
20220401,서울특별시,11,금천구,11545,부산광역시,26,112,267,164,361,387,128,420,164,1301,543,491
20220401,서울특별시,11,금천구,11545,서울특별시,11,477,1212,534,1749,1388,538,1669,668,4770,1945,1819
20220401,서울특별시,11,성동구,11200,제주특별자치도,50,6,146,13,21,40,6,21,3,131,64,20
20220401,서울특별시,11,성동구,11200,서울특별시,11,242,3963,291,977,895,189,692,87,3831,1383,610
20220401,서울특별시,11,송파구,11710,대구광역시,27,47,201,28,83,674,42,6756,88,366,103,160
20220401,서울특별시,11,송파구,11710,부산광역시,26,45,242,57,98,429,54,1838,54,627,142,130
20220401,서울특별시,11,송파구,11710,서울특별시,11,129,1186,265,394,1374,174,2860,76,2652,639,379
20220401,서울특별시,11,중랑구,11260,경상북도,47,41,247,27,123,205,66,237,62,303,109,62
20220401,서울특별시,11,영등포구,11560,충청남도,44,21,321,70,161,249,12,344,43,209,78,88
20220401,서울특별시,11,영등포구,11560,인천광역시,28,42,521,70,233,341,25,546,56,341,133,147
20220401,서울특별시,11,영등포구,11560,대구광역시,27,25,349,108,161,218,18,361,37,225,98,91
20220401,서울특별시,11,영등포구,11560,부산광역시,26,42,516,142,185,295,29,512,67,333,131,147
20220401,서울특별시,11,도봉구,11320,경상북도,47,41,102,8,107,146,26,163,27,326,104,92
20220401,서울특별시,11,도봉구,11320,전라남도,46,8,43,6,70,100,17,97,15,239,55,63
20220401,서울특별시,11,도봉구,11320,전라북도,45,21,48,7,66,102,12,99,9,256,51,64
20220401,서울특별시,11,성동구,11200,부산광역시,26,49,856,56,232,218,45,205,26,923,388,138
20220401,서울특별시,11,성동구,11200,대구광역시,27,49,615,37,182,191,33,108,14,613,219,83
20220401,서울특별시,11,성동구,11200,인천광역시,28,57,843,51,267,233,27,136,30,824,324,148
20220401,서울특별시,11,성동구,11200,광주광역시,29,36,479,13,125,77,20,68,11,475,167,68
20220401,서울특별시,11,구로구,11530,광주광역시,29,20,221,29,69,99,13,100,19,200,56,36
20220401,서울특별시,11,구로구,11530,대전광역시,30,27,218,39,87,97,28,52,11,206,66,41
20220401,서울특별시,11,구로구,11530,울산광역시,31,15,164,13,36,77,17,52,10,138,35,33
20220401,서울특별시,11,구로구,11530,세종특별자치시,36,10,56,20,30,32,8,12,5,56,19,9
20220401,서울특별시,11,구로구,11530,경기도,41,228,2162,406,819,1231,255,506,201,2534,617,577
20220401,서울특별시,11,구로구,11530,강원도,42,13,246,31,88,136,38,61,13,199,57,49
20220401,서울특별시,11,구로구,11530,충청북도,43,28,237,44,98,138,28,48,10,225,54,59
20220401,서울특별시,11,구로구,11530,충청남도,44,30,257,60,126,154,31,62,19,301,73,63
20220401,서울특별시,11,구로구,11530,전라북도,45,21,215,31,66,99,24,49,12,233,56,44
20220401,서울특별시,11,구로구,11530,전라남도,46,26,157,28,69,123,32,51,12,219,49,44
20220402,서울특별시,11,노원구,11350,부산광역시,26,100,12,7,4,5,0,0,0,35,22,0
20220402,서울특별시,11,중구,11140,서울특별시,11,29,363,42,59,259,11,76,3,234,146,73
20220402,서울특별시,11,중구,11140,부산광역시,26,8,51,11,9,49,0,23,0,57,53,17
20220402,서울특별시,11,중구,11140,대구광역시,27,8,41,5,7,16,0,18,0,32,28,16
20220402,서울특별시,11,중구,11140,인천광역시,28,15,55,9,15,52,0,29,5,40,39,20
20220402,서울특별시,11,강남구,11680,서울특별시,11,7,386,215,59,195,31,127,21,1608,162,708
20220402,서울특별시,11,강남구,11680,부산광역시,26,0,52,36,7,17,4,19,0,428,38,15
20220402,서울특별시,11,강남구,11680,대구광역시,27,8,41,31,7,14,11,16,3,285,18,9
20220402,서울특별시,11,강남구,11680,인천광역시,28,3,61,36,20,23,3,17,7,436,24,23
20220402,서울특별시,11,송파구,11710,서울특별시,11,12,260,91,72,284,312,3467,11,426,108,24
20220402,서울특별시,11,송파구,11710,부산광역시,26,8,25,18,17,156,81,1663,16,66,26,33
20220402,서울특별시,11,송파구,11710,대구광역시,27,28,31,11,17,637,62,8218,70,36,18,134
20220402,서울특별시,11,송파구,11710,인천광역시,28,3,40,29,21,38,71,186,11,40,13,10
20220402,서울특별시,11,송파구,11710,광주광역시,29,6,14,10,8,129,37,1507,14,20,0,31
20220402,서울특별시,11,송파구,11710,대전광역시,30,19,29,4,21,600,51,8177,88,11,11,114
20220402,서울특별시,11,송파구,11710,울산광역시,31,0,9,4,0,26,20,487,0,14,0,9
20220402,서울특별시,11,송파구,11710,세종특별자치시,36,13,20,10,12,254,15,3848,46,6,5,67
20220402,서울특별시,11,성동구,11200,전라북도,45,0,52,4,4,0,0,0,0,18,11,0
20220402,서울특별시,11,성동구,11200,전라남도,46,0,23,0,0,0,0,5,0,4,4,0
20220402,서울특별시,11,성동구,11200,경상북도,47,0,30,6,0,8,0,3,0,9,16,0
20220402,서울특별시,11,종로구,11110,제주특별자치도,50,0,4,0,3,4,0,0,0,6,0,0
20220402,서울특별시,11,종로구,11110,경상남도,48,5,26,13,20,11,0,10,0,48,3,0
20220402,서울특별시,11,종로구,11110,경상북도,47,0,11,13,5,6,0,17,0,36,3,0
20220402,서울특별시,11,종로구,11110,전라남도,46,5,7,9,6,4,0,11,0,18,0,0
20220402,서울특별시,11,종로구,11110,전라북도,45,4,11,13,0,7,0,8,0,31,0,0
20220402,서울특별시,11,종로구,11110,충청남도,44,0,12,12,11,11,3,17,0,31,0,3
20220402,서울특별시,11,종로구,11110,충청북도,43,0,6,8,8,11,0,4,0,38,0,0
20220402,서울특별시,11,종로구,11110,강원도,42,4,8,10,6,10,0,10,0,21,3,0
20220402,서울특별시,11,종로구,11110,경기도,41,35,151,81,92,105,18,119,4,388,43,22
20220402,서울특별시,11,종로구,11110,세종특별자치시,36,0,0,11,4,0,0,0,0,10,0,0
20220402,서울특별시,11,종로구,11110,울산광역시,31,0,4,3,3,10,0,0,0,15,0,0
20220402,서울특별시,11,종로구,11110,대전광역시,30,6,11,4,12,6,0,10,0,20,0,0
20220402,서울특별시,11,중구,11140,광주광역시,29,3,30,0,4,11,0,8,0,21,21,13
20220402,서울특별시,11,중구,11140,대전광역시,30,0,28,0,4,16,0,6,0,13,26,12
20220402,서울특별시,11,중구,11140,울산광역시,31,4,12,3,5,18,0,9,0,9,11,3
20220402,서울특별시,11,중구,11140,세종특별자치시,36,0,6,0,0,0,0,0,0,7,4,0
20220402,서울특별시,11,구로구,11530,서울특별시,11,10,538,405,31,316,33,17,11,527,102,13
20220402,서울특별시,11,구로구,11530,부산광역시,26,0,93,65,7,94,4,6,3,129,21,3
20220402,서울특별시,11,구로구,11530,대구광역시,27,4,16,59,7,54,12,0,4,85,13,0
20220402,서울특별시,11,구로구,11530,인천광역시,28,4,216,77,11,76,6,3,9,150,32,4
20220402,서울특별시,11,구로구,11530,광주광역시,29,0,14,31,0,21,5,3,0,62,9,0
20220402,서울특별시,11,구로구,11530,대전광역시,30,0,12,53,0,35,7,0,0,67,11,0
20220402,서울특별시,11,구로구,11530,울산광역시,31,0,4,18,0,34,3,0,0,47,5,0
20220402,서울특별시,11,구로구,11530,세종특별자치시,36,0,6,8,0,17,0,0,0,22,0,0
20220402,서울특별시,11,구로구,11530,경기도,41,16,529,476,53,407,63,30,37,945,141,29
20220402,서울특별시,11,구로구,11530,강원도,42,0,6,44,0,43,7,0,6,70,0,3
20220402,서울특별시,11,구로구,11530,충청북도,43,0,12,39,0,30,7,5,8,75,12,0
20220402,서울특별시,11,구로구,11530,충청남도,44,0,277,73,10,35,14,0,5,82,11,3
20220402,서울특별시,11,구로구,11530,전라북도,45,0,12,42,0,20,8,4,0,68,11,0
20220402,서울특별시,11,강남구,11680,광주광역시,29,0,23,18,0,7,0,4,0,215,9,6
20220402,서울특별시,11,강남구,11680,대전광역시,30,0,18,20,6,22,0,84,0,234,10,10
20220402,서울특별시,11,강남구,11680,울산광역시,31,0,16,14,4,6,0,5,0,100,5,0
20220402,서울특별시,11,강남구,11680,세종특별자치시,36,0,5,9,0,0,0,34,0,38,0,0
20220402,서울특별시,11,강남구,11680,경기도,41,33,593,437,104,242,35,187,104,2521,240,116
20220402,서울특별시,11,강남구,11680,강원도,42,0,14,16,3,7,0,6,0,192,7,9
20220402,서울특별시,11,강남구,11680,충청북도,43,3,18,8,3,11,0,48,3,233,10,12
20220402,서울특별시,11,강남구,11680,충청남도,44,0,35,40,10,14,0,46,5,269,8,10
20220402,서울특별시,11,강남구,11680,전라북도,45,0,12,13,3,4,0,9,0,230,9,9
20220402,서울특별시,11,강남구,11680,전라남도,46,0,14,18,0,8,0,10,5,171,4,9
20220402,서울특별시,11,강남구,11680,경상북도,47,0,20,19,4,10,0,20,3,263,15,10
20220402,서울특별시,11,강남구,11680,경상남도,48,5,33,26,7,16,0,15,5,358,12,18
20220402,서울특별시,11,구로구,11530,전라남도,46,0,8,26,0,28,7,4,0,84,11,0
20220402,서울특별시,11,구로구,11530,경상북도,47,0,14,47,4,63,6,3,4,105,9,0
20220402,서울특별시,11,구로구,11530,경상남도,48,4,863,68,7,76,23,0,3,141,20,3
20220402,서울특별시,11,구로구,11530,제주특별자치도,50,0,0,18,0,7,3,3,0,23,0,0
20220402,서울특별시,11,중구,11140,경기도,41,65,341,38,51,247,29,135,8,294,185,78
20220402,서울특별시,11,중구,11140,강원도,42,3,25,0,5,19,0,8,0,9,13,6
20220402,서울특별시,11,중구,11140,충청북도,43,3,17,0,0,20,0,14,0,20,18,3
20220402,서울특별시,11,중구,11140,충청남도,44,8,27,4,10,26,0,21,0,22,37,11
20220402,서울특별시,11,중구,11140,전라북도,45,4,17,0,4,11,0,19,0,20,17,0
20220402,서울특별시,11,중구,11140,전라남도,46,3,20,0,3,16,0,21,0,15,8,4
20220402,서울특별시,11,중구,11140,경상북도,47,11,32,3,7,24,0,17,0,22,21,10
20220402,서울특별시,11,노원구,11350,서울특별시,11,17,122,37,25,34,6,13,7,234,46,8
20220402,서울특별시,11,서초구,11650,제주특별자치도,50,0,11,4,0,0,0,0,6,3,0,0
20220402,서울특별시,11,서초구,11650,경상남도,48,3,27,12,0,19,4,9,31,25,9,0
20220402,서울특별시,11,서초구,11650,경상북도,47,0,25,10,0,9,0,9,20,13,0,0
20220402,서울특별시,11,서초구,11650,전라남도,46,0,7,7,0,6,0,4,16,5,0,0
20220402,서울특별시,11,종로구,11110,광주광역시,29,6,7,7,6,6,0,11,0,20,5,0
20220402,서울특별시,11,종로구,11110,인천광역시,28,3,16,9,27,21,0,28,0,47,3,0
20220402,서울특별시,11,종로구,11110,대구광역시,27,6,10,9,12,9,0,9,0,39,3,0
20220402,서울특별시,11,종로구,11110,부산광역시,26,3,18,9,12,11,0,18,0,51,3,0
20220402,서울특별시,11,종로구,11110,서울특별시,11,26,195,78,91,76,9,51,7,199,26,10
20220402,서울특별시,11,강남구,11680,제주특별자치도,50,0,8,6,0,4,0,6,0,48,6,3
20220402,서울특별시,11,송파구,11710,경기도,41,52,311,135,141,624,380,4899,74,957,166,141
20220402,서울특별시,11,송파구,11710,강원도,42,6,12,22,12,176,30,2157,30,10,7,49
20220402,서울특별시,11,송파구,11710,충청북도,43,13,31,12,27,394,39,5272,65,57,8,94
20220402,서울특별시,11,송파구,11710,충청남도,44,17,50,40,40,476,61,6776,72,19,13,97
20220402,서울특별시,11,송파구,11710,전라북도,45,6,9,15,12,134,29,1852,22,27,6,38
20220402,서울특별시,11,서초구,11650,전라북도,45,0,13,7,0,5,4,4,26,21,5,0
20220402,서울특별시,11,서초구,11650,충청남도,44,0,29,28,9,9,0,6,23,24,5,3
20220402,서울특별시,11,서초구,11650,충청북도,43,0,10,8,0,0,0,3,20,30,0,0
20220402,서울특별시,11,서초구,11650,강원도,42,0,10,12,0,7,0,5,15,13,0,0
20220402,서울특별시,11,노원구,11350,제주특별자치도,50,21,0,0,0,0,0,4,0,0,0,0
20220402,서울특별시,11,서초구,11650,경기도,41,12,284,142,57,147,30,40,205,693,128,29
20220402,서울특별시,11,서초구,11650,세종특별자치시,36,0,6,0,0,0,0,0,6,3,0,0
20220402,서울특별시,11,서초구,11650,울산광역시,31,0,3,6,0,5,0,0,13,9,0,0
20220402,서울특별시,11,서초구,11650,대전광역시,30,0,10,12,0,7,3,3,19,13,5,0
20220402,서울특별시,11,서초구,11650,광주광역시,29,0,7,10,3,11,0,3,19,10,0,3
20220402,서울특별시,11,서초구,11650,인천광역시,28,0,24,8,14,29,3,8,41,38,4,4
20220402,서울특별시,11,서초구,11650,대구광역시,27,0,18,12,0,9,0,8,29,36,8,3
20220402,서울특별시,11,서초구,11650,부산광역시,26,0,25,13,8,21,3,7,39,36,20,0
20220402,서울특별시,11,서초구,11650,서울특별시,11,10,236,119,35,107,18,229,12,348,74,19
20220402,서울특별시,11,은평구,11380,제주특별자치도,50,0,0,0,0,0,0,5,0,0,6,0
20220402,서울특별시,11,은평구,11380,경상남도,48,0,9,0,4,6,4,22,0,13,33,6
20220402,서울특별시,11,은평구,11380,경상북도,47,0,12,0,3,14,0,16,0,4,35,12
20220402,서울특별시,11,은평구,11380,전라남도,46,0,8,0,0,0,0,12,0,4,28,5
20220402,서울특별시,11,은평구,11380,전라북도,45,0,11,4,0,0,0,9,0,19,22,7
20220402,서울특별시,11,은평구,11380,충청남도,44,0,10,9,12,14,0,17,0,10,18,7
20220402,서울특별시,11,은평구,11380,충청북도,43,0,5,3,3,7,0,16,0,27,15,6
20220402,서울특별시,11,은평구,11380,강원도,42,0,8,0,0,3,0,9,0,3,38,3
20220402,서울특별시,11,은평구,11380,경기도,41,12,178,47,42,134,29,103,5,524,246,49
20220402,서울특별시,11,은평구,11380,세종특별자치시,36,0,0,0,0,0,0,6,0,5,3,0
20220402,서울특별시,11,노원구,11350,경상남도,48,154,10,3,5,3,0,0,0,31,5,0
20220402,서울특별시,11,노원구,11350,경상북도,47,134,12,4,4,0,0,0,0,15,0,0
20220402,서울특별시,11,노원구,11350,전라남도,46,115,9,0,0,0,0,0,0,6,0,0
20220402,서울특별시,11,노원구,11350,전라북도,45,93,11,0,0,0,0,0,0,17,0,0
20220402,서울특별시,11,노원구,11350,충청남도,44,70,6,7,10,4,0,3,0,13,6,0
20220402,서울특별시,11,노원구,11350,충청북도,43,51,4,0,8,0,0,0,0,32,0,0
20220402,서울특별시,11,노원구,11350,강원도,42,47,4,0,0,0,0,0,0,6,0,0
20220402,서울특별시,11,은평구,11380,울산광역시,31,0,0,0,0,5,0,0,0,6,16,0
20220402,서울특별시,11,은평구,11380,대전광역시,30,0,8,0,5,7,0,11,0,5,7,3
20220402,서울특별시,11,은평구,11380,광주광역시,29,0,8,0,0,4,0,6,0,6,18,0
20220402,서울특별시,11,은평구,11380,인천광역시,28,0,15,4,0,18,3,8,7,34,45,8
20220402,서울특별시,11,은평구,11380,대구광역시,27,5,6,4,7,5,0,9,0,19,17,3
20220402,서울특별시,11,은평구,11380,부산광역시,26,0,18,10,0,8,5,7,0,30,49,0
20220402,서울특별시,11,은평구,11380,서울특별시,11,4,153,37,33,43,16,82,4,225,110,10
20220402,서울특별시,11,성동구,11200,경상남도,48,3,72,10,0,4,3,0,0,22,23,0
20220402,서울특별시,11,성동구,11200,제주특별자치도,50,0,19,0,0,0,0,3,0,3,6,0
20220402,서울특별시,11,중랑구,11260,서울특별시,11,6,382,33,77,64,10,24,5,179,81,43
20220402,서울특별시,11,중랑구,11260,부산광역시,26,11,43,5,20,14,5,4,0,28,16,6
20220402,서울특별시,11,중랑구,11260,대구광역시,27,6,50,0,18,9,3,0,4,21,7,4
20220402,서울특별시,11,영등포구,11560,제주특별자치도,50,0,8,0,5,9,0,5,0,22,5,3
20220402,서울특별시,11,영등포구,11560,경상남도,48,0,42,4,12,24,6,13,0,94,19,7
20220402,서울특별시,11,영등포구,11560,경상북도,47,3,52,4,12,19,0,15,3,81,9,3
20220402,서울특별시,11,영등포구,11560,전라남도,46,0,36,0,7,7,0,16,0,55,5,3
20220402,서울특별시,11,영등포구,11560,전라북도,45,0,21,6,7,16,0,14,0,90,14,5
20220402,서울특별시,11,영등포구,11560,충청남도,44,4,45,15,13,17,0,14,4,99,12,4
20220402,서울특별시,11,영등포구,11560,충청북도,43,3,29,6,6,11,0,11,4,92,12,9
20220402,서울특별시,11,영등포구,11560,강원도,42,3,23,3,6,10,0,12,3,64,9,5
20220402,서울특별시,11,영등포구,11560,경기도,41,14,426,49,112,234,28,119,18,1206,168,78
20220402,서울특별시,11,영등포구,11560,세종특별자치시,36,0,7,0,0,3,0,4,0,17,3,0
20220402,서울특별시,11,동대문구,11230,제주특별자치도,50,0,0,0,0,6,0,0,0,6,0,0
20220402,서울특별시,11,동대문구,11230,경상남도,48,0,14,15,7,26,3,9,5,20,5,3
20220402,서울특별시,11,동대문구,11230,경상북도,47,0,20,6,4,17,0,14,0,21,0,0
20220402,서울특별시,11,동대문구,11230,전라남도,46,0,7,9,0,10,0,7,0,12,0,0
20220402,서울특별시,11,동대문구,11230,전라북도,45,0,10,8,0,11,0,5,0,13,0,0
20220402,서울특별시,11,동대문구,11230,충청남도,44,0,9,10,6,15,0,14,7,20,0,0
20220402,서울특별시,11,동대문구,11230,충청북도,43,0,8,9,4,19,3,7,0,29,0,0
20220402,서울특별시,11,동대문구,11230,강원도,42,4,7,8,0,17,0,8,3,9,0,0
20220402,서울특별시,11,동대문구,11230,경기도,41,25,163,77,53,189,16,57,6,480,56,39
20220402,서울특별시,11,동대문구,11230,세종특별자치시,36,0,0,0,0,3,0,3,0,0,0,0
20220402,서울특별시,11,동대문구,11230,울산광역시,31,0,7,7,0,8,0,6,0,13,0,0
20220402,서울특별시,11,동대문구,11230,대전광역시,30,0,12,5,4,9,0,7,0,13,0,4
20220402,서울특별시,11,동대문구,11230,광주광역시,29,0,7,10,4,10,0,0,0,9,0,0
20220402,서울특별시,11,동대문구,11230,인천광역시,28,0,31,13,12,27,0,12,3,45,5,6
20220402,서울특별시,11,동대문구,11230,대구광역시,27,0,15,15,6,17,3,8,0,29,0,0
20220402,서울특별시,11,동대문구,11230,부산광역시,26,0,20,10,6,30,0,11,0,46,10,4
20220402,서울특별시,11,동대문구,11230,서울특별시,11,5,175,47,38,101,5,44,8,252,36,18
20220402,서울특별시,11,영등포구,11560,울산광역시,31,0,23,0,6,11,0,3,0,44,9,0
20220402,서울특별시,11,영등포구,11560,대전광역시,30,0,29,3,5,10,0,6,0,89,14,0
20220402,서울특별시,11,영등포구,11560,광주광역시,29,0,21,8,8,13,0,0,0,53,18,0
20220402,서울특별시,11,영등포구,11560,인천광역시,28,7,67,15,21,40,4,14,9,185,26,15
20220402,서울특별시,11,영등포구,11560,대구광역시,27,5,54,10,12,15,0,6,0,111,21,5
20220402,서울특별시,11,영등포구,11560,부산광역시,26,3,71,10,12,20,3,14,5,170,38,4
20220402,서울특별시,11,영등포구,11560,서울특별시,11,13,276,56,108,151,16,143,19,1061,175,48
20220402,서울특별시,11,마포구,11440,서울특별시,11,7,825,116,35,156,18,30,15,344,85,8
20220402,서울특별시,11,마포구,11440,부산광역시,26,0,98,19,0,19,0,8,4,45,15,3
20220402,서울특별시,11,마포구,11440,대구광역시,27,3,82,15,0,10,0,6,3,32,12,0
20220402,서울특별시,11,마포구,11440,인천광역시,28,7,128,15,11,40,3,10,9,59,11,6
20220402,서울특별시,11,마포구,11440,광주광역시,29,0,54,10,0,3,0,0,0,9,0,4
20220402,서울특별시,11,마포구,11440,대전광역시,30,0,57,4,3,19,0,0,0,15,4,0
20220402,서울특별시,11,마포구,11440,울산광역시,31,0,31,0,0,7,0,3,0,6,3,0
20220402,서울특별시,11,마포구,11440,세종특별자치시,36,0,9,3,0,0,0,0,0,4,0,0
20220402,서울특별시,11,마포구,11440,경기도,41,15,720,100,42,237,22,29,28,598,91,40
20220402,서울특별시,11,마포구,11440,강원도,42,0,48,13,0,11,0,0,0,14,0,0
20220402,서울특별시,11,마포구,11440,충청북도,43,0,49,5,0,8,0,0,7,36,3,0
20220402,서울특별시,11,마포구,11440,충청남도,44,3,62,26,7,19,0,5,10,20,3,0
20220402,서울특별시,11,마포구,11440,전라북도,45,0,36,11,3,8,0,4,4,23,0,0
20220402,서울특별시,11,마포구,11440,전라남도,46,0,30,4,0,6,0,0,6,13,0,0
20220402,서울특별시,11,마포구,11440,경상북도,47,3,55,8,7,11,0,3,5,24,3,0
20220402,서울특별시,11,마포구,11440,경상남도,48,5,84,10,6,18,0,6,0,21,4,0
20220402,서울특별시,11,마포구,11440,제주특별자치도,50,0,14,4,0,0,0,3,0,3,0,0
20220402,서울특별시,11,중랑구,11260,인천광역시,28,0,58,3,25,25,0,6,4,31,10,12
20220402,서울특별시,11,중랑구,11260,광주광역시,29,0,30,0,7,0,3,0,0,12,4,7
20220402,서울특별시,11,중랑구,11260,대전광역시,30,4,33,0,18,7,6,3,0,10,0,0
20220402,서울특별시,11,중랑구,11260,울산광역시,31,4,17,0,10,4,0,0,0,11,0,8
20220402,서울특별시,11,중랑구,11260,세종특별자치시,36,0,4,0,3,0,0,0,0,0,0,0
20220402,서울특별시,11,중랑구,11260,경기도,41,23,325,36,111,139,24,30,11,475,112,66
20220402,서울특별시,11,중랑구,11260,강원도,42,0,51,0,11,8,0,0,0,8,7,5
20220402,서울특별시,11,중랑구,11260,충청북도,43,0,30,5,15,8,4,0,0,19,0,4
20220402,서울특별시,11,서대문구,11410,제주특별자치도,50,0,0,0,0,0,0,0,0,0,0,0
20220402,서울특별시,11,서대문구,11410,경상남도,48,0,9,6,3,5,0,0,0,12,3,0
20220402,서울특별시,11,서대문구,11410,경상북도,47,0,6,4,3,0,0,3,0,9,4,0
20220402,서울특별시,11,서대문구,11410,전라남도,46,0,5,4,0,3,0,0,0,3,0,0
20220402,서울특별시,11,서대문구,11410,전라북도,45,0,3,0,0,0,0,0,0,6,0,0
20220402,서울특별시,11,서대문구,11410,충청남도,44,0,9,5,6,0,0,3,0,10,0,3
20220402,서울특별시,11,서대문구,11410,충청북도,43,0,4,0,0,0,0,0,0,20,5,0
20220402,서울특별시,11,서대문구,11410,강원도,42,0,10,8,0,3,0,4,0,0,0,0
20220402,서울특별시,11,서대문구,11410,경기도,41,9,145,45,28,80,10,35,9,387,71,25
20220402,서울특별시,11,서대문구,11410,세종특별자치시,36,0,4,0,0,0,0,0,0,0,0,0
20220402,서울특별시,11,서대문구,11410,울산광역시,31,0,7,0,0,4,0,0,0,0,0,0
20220402,서울특별시,11,서대문구,11410,대전광역시,30,0,3,4,0,0,0,3,0,8,0,0
20220402,서울특별시,11,서대문구,11410,광주광역시,29,0,5,0,0,0,0,0,0,0,0,0
20220402,서울특별시,11,서대문구,11410,인천광역시,28,3,23,6,4,9,0,7,0,22,0,7
20220402,서울특별시,11,서대문구,11410,대구광역시,27,0,10,3,0,4,0,0,0,12,0,0
20220402,서울특별시,11,서대문구,11410,부산광역시,26,0,12,0,0,5,0,0,0,21,9,0
20220402,서울특별시,11,서대문구,11410,서울특별시,11,7,118,42,32,19,8,44,4,176,28,9
20220402,서울특별시,11,강서구,11500,서울특별시,11,39,316,107,94,281,32,111,33,1995,229,70
20220402,서울특별시,11,강서구,11500,부산광역시,26,14,60,39,15,86,20,21,8,809,70,20
20220402,서울특별시,11,노원구,11350,광주광역시,29,49,6,3,0,3,0,0,0,11,5,0
20220402,서울특별시,11,노원구,11350,인천광역시,28,11,22,0,13,10,0,3,0,46,6,4
20220402,서울특별시,11,용산구,11170,제주특별자치도,50,0,6,3,6,0,0,0,0,0,0,0
20220402,서울특별시,11,용산구,11170,경상남도,48,0,7,0,17,3,0,0,0,15,3,0
20220402,서울특별시,11,용산구,11170,경상북도,47,0,10,4,12,4,0,0,0,10,4,4
20220402,서울특별시,11,용산구,11170,전라남도,46,0,3,3,11,0,0,0,0,4,0,0
20220402,서울특별시,11,양천구,11470,제주특별자치도,50,0,0,0,0,0,0,0,0,0,0,0
20220402,서울특별시,11,양천구,11470,경상남도,48,4,9,10,5,8,0,0,0,19,5,0
20220402,서울특별시,11,양천구,11470,경상북도,47,0,15,0,4,4,0,5,0,8,0,0
20220402,서울특별시,11,양천구,11470,전라남도,46,0,0,4,0,0,0,0,0,4,0,0
20220402,서울특별시,11,양천구,11470,전라북도,45,0,6,0,0,4,0,0,0,18,0,0
20220402,서울특별시,11,양천구,11470,충청남도,44,0,9,23,5,0,0,0,0,14,0,4
20220402,서울특별시,11,양천구,11470,충청북도,43,0,5,5,3,0,0,3,0,18,0,0
20220402,서울특별시,11,양천구,11470,강원도,42,0,11,0,0,4,0,3,0,5,0,0
20220402,서울특별시,11,양천구,11470,경기도,41,14,190,57,44,106,32,28,10,613,89,29
20220402,서울특별시,11,노원구,11350,대구광역시,27,26,15,4,3,5,0,0,0,16,4,0
20220402,서울특별시,11,양천구,11470,세종특별자치시,36,0,0,0,0,0,0,0,0,0,0,0
20220402,서울특별시,11,양천구,11470,울산광역시,31,0,3,0,0,0,0,0,0,6,0,0
20220402,서울특별시,11,양천구,11470,대전광역시,30,0,5,0,0,0,0,0,0,3,3,0
20220402,서울특별시,11,양천구,11470,광주광역시,29,0,5,0,0,0,0,0,0,5,0,0
20220402,서울특별시,11,양천구,11470,인천광역시,28,4,22,8,6,13,0,5,6,25,3,5
20220402,서울특별시,11,양천구,11470,대구광역시,27,6,10,4,0,6,0,0,0,15,3,3
20220402,서울특별시,11,양천구,11470,부산광역시,26,0,11,4,4,0,3,4,0,31,19,3
20220402,서울특별시,11,양천구,11470,서울특별시,11,4,151,36,30,24,17,26,3,230,40,19
20220402,서울특별시,11,강서구,11500,대구광역시,27,9,38,12,17,63,7,8,0,507,38,13
20220402,서울특별시,11,강서구,11500,인천광역시,28,14,65,18,26,92,18,20,17,702,45,25
20220402,서울특별시,11,강서구,11500,광주광역시,29,0,22,15,9,20,5,10,0,329,23,9
20220402,서울특별시,11,강서구,11500,대전광역시,30,0,26,15,7,43,5,3,0,350,34,9
20220402,서울특별시,11,강서구,11500,울산광역시,31,0,27,8,3,34,5,15,0,238,16,4
20220402,서울특별시,11,강서구,11500,세종특별자치시,36,0,9,3,4,3,5,5,0,77,4,0
20220402,서울특별시,11,강서구,11500,경기도,41,51,416,116,131,600,74,129,42,3353,333,86
20220402,서울특별시,11,강서구,11500,강원도,42,0,27,13,9,74,9,10,5,358,21,0
20220402,서울특별시,11,강서구,11500,충청북도,43,4,24,11,10,53,5,9,0,369,22,5
20220402,서울특별시,11,강서구,11500,충청남도,44,5,37,18,15,59,10,15,5,411,38,7
20220402,서울특별시,11,강서구,11500,전라북도,45,0,25,11,9,42,7,9,4,424,23,8
20220402,서울특별시,11,강서구,11500,전라남도,46,3,14,4,11,45,10,11,0,392,29,7
20220402,서울특별시,11,강서구,11500,경상북도,47,3,40,15,7,75,7,8,4,507,41,10
20220402,서울특별시,11,강서구,11500,경상남도,48,7,36,12,16,72,8,14,5,708,44,13
20220402,서울특별시,11,강서구,11500,제주특별자치도,50,0,9,3,0,3,3,5,0,127,6,0
20220402,서울특별시,11,용산구,11170,전라북도,45,0,10,5,5,4,0,0,0,7,3,0
20220402,서울특별시,11,용산구,11170,충청남도,44,0,9,7,13,0,0,4,0,7,4,0
20220402,서울특별시,11,용산구,11170,충청북도,43,0,6,4,6,4,0,0,0,15,0,0
20220402,서울특별시,11,용산구,11170,강원도,42,0,6,0,5,4,0,0,0,7,0,0
20220402,서울특별시,11,용산구,11170,경기도,41,4,170,52,140,56,12,30,0,332,49,14
20220402,서울특별시,11,용산구,11170,세종특별자치시,36,0,3,0,5,0,0,0,0,0,0,0
20220402,서울특별시,11,용산구,11170,울산광역시,31,0,7,3,5,0,0,3,0,4,0,0
20220402,서울특별시,11,용산구,11170,대전광역시,30,0,10,4,4,0,0,0,0,9,0,0
20220402,서울특별시,11,용산구,11170,광주광역시,29,0,5,0,6,0,0,0,0,10,0,0
20220402,서울특별시,11,용산구,11170,인천광역시,28,0,29,4,25,7,0,9,0,30,5,0
20220402,서울특별시,11,송파구,11710,제주특별자치도,50,0,5,3,0,0,12,5,0,0,0,0
20220402,서울특별시,11,용산구,11170,대구광역시,27,0,11,4,12,7,0,0,0,16,3,0
20220402,서울특별시,11,용산구,11170,부산광역시,26,0,17,8,12,0,0,4,0,26,11,0
20220402,서울특별시,11,용산구,11170,서울특별시,11,4,187,46,106,17,5,18,0,196,33,4
20220402,서울특별시,11,강북구,11305,경상남도,48,3,20,3,0,7,0,0,0,14,0,0
20220402,서울특별시,11,강북구,11305,경상북도,47,0,6,0,0,5,0,0,0,18,3,0
20220402,서울특별시,11,강북구,11305,전라남도,46,0,4,0,0,0,0,0,0,4,0,0
20220402,서울특별시,11,강북구,11305,전라북도,45,0,9,0,0,0,0,0,0,5,0,0
20220402,서울특별시,11,강북구,11305,충청남도,44,0,9,3,3,3,0,0,0,10,0,0
20220402,서울특별시,11,강북구,11305,충청북도,43,0,6,0,0,0,0,0,0,21,0,0
20220402,서울특별시,11,강북구,11305,강원도,42,0,11,0,0,0,0,3,0,11,0,0
20220402,서울특별시,11,동작구,11590,서울특별시,11,11,187,111,38,16,9,35,0,323,94,18
20220402,서울특별시,11,동작구,11590,부산광역시,26,0,30,18,10,6,0,4,0,45,28,4
20220402,서울특별시,11,동작구,11590,대구광역시,27,10,20,14,6,3,0,9,0,23,10,0
20220402,서울특별시,11,동작구,11590,인천광역시,28,0,30,24,13,10,3,15,6,26,9,8
20220402,서울특별시,11,동작구,11590,광주광역시,29,0,10,7,0,4,0,3,0,6,0,0
20220402,서울특별시,11,동작구,11590,대전광역시,30,0,5,8,4,3,0,4,0,7,6,0
20220402,서울특별시,11,동작구,11590,울산광역시,31,0,10,5,0,3,0,0,0,7,7,0
20220402,서울특별시,11,동작구,11590,세종특별자치시,36,0,0,5,0,0,0,0,0,3,0,0
20220402,서울특별시,11,동작구,11590,경기도,41,19,174,96,53,127,25,56,8,616,118,37
20220402,서울특별시,11,동작구,11590,강원도,42,0,6,9,3,0,0,0,0,7,0,0
20220402,서울특별시,11,동작구,11590,충청북도,43,3,10,10,3,6,0,8,0,30,3,3
20220402,서울특별시,11,동작구,11590,충청남도,44,0,11,22,12,5,0,7,0,8,0,5
20220402,서울특별시,11,동작구,11590,전라북도,45,0,12,14,0,0,0,4,0,17,0,0
20220402,서울특별시,11,동작구,11590,전라남도,46,0,5,12,3,0,0,0,0,6,0,0
20220402,서울특별시,11,동작구,11590,경상북도,47,0,17,16,5,3,0,11,0,15,0,0
20220402,서울특별시,11,동작구,11590,경상남도,48,0,19,20,9,8,3,8,0,11,7,0
20220402,서울특별시,11,동작구,11590,제주특별자치도,50,0,0,0,0,0,0,4,0,4,0,0
20220402,서울특별시,11,중랑구,11260,충청남도,44,5,23,0,19,7,3,5,0,9,7,9
20220402,서울특별시,11,중랑구,11260,전라북도,45,0,16,0,11,7,0,0,0,16,9,4
20220402,서울특별시,11,중랑구,11260,전라남도,46,4,15,0,9,5,3,4,0,5,0,7
20220402,서울특별시,11,중랑구,11260,경상북도,47,0,17,0,20,12,0,4,0,13,5,7
20220402,서울특별시,11,중랑구,11260,경상남도,48,4,70,0,24,10,5,3,0,17,14,16
20220402,서울특별시,11,강북구,11305,경기도,41,18,99,25,32,60,13,14,9,327,55,11
20220402,서울특별시,11,강북구,11305,세종특별자치시,36,0,0,0,0,0,0,0,0,3,0,0
20220402,서울특별시,11,강북구,11305,울산광역시,31,0,0,0,0,0,0,0,0,4,0,0
20220402,서울특별시,11,강북구,11305,대전광역시,30,0,5,3,0,4,0,0,3,7,0,0
20220402,서울특별시,11,강북구,11305,광주광역시,29,0,7,0,0,6,0,0,0,16,0,0
20220402,서울특별시,11,강북구,11305,인천광역시,28,3,10,0,7,4,0,3,4,26,3,3
20220402,서울특별시,11,강북구,11305,대구광역시,27,0,14,3,0,3,0,3,0,21,0,0
20220402,서울특별시,11,중랑구,11260,제주특별자치도,50,0,5,0,0,5,0,3,0,3,0,0
20220402,서울특별시,11,관악구,11620,제주특별자치도,50,0,4,0,0,0,0,0,0,0,0,5
20220402,서울특별시,11,관악구,11620,경상남도,48,0,19,7,6,10,4,4,0,32,51,78
20220402,서울특별시,11,노원구,11350,경기도,41,64,151,62,47,94,14,31,16,655,88,28
20220402,서울특별시,11,노원구,11350,세종특별자치시,36,0,0,0,0,0,0,0,0,6,0,0
20220402,서울특별시,11,노원구,11350,울산광역시,31,43,4,0,0,0,0,0,0,12,0,0
20220402,서울특별시,11,노원구,11350,대전광역시,30,5,6,4,0,0,0,6,0,10,0,0
20220402,서울특별시,11,중구,11140,경상남도,48,10,50,5,8,30,0,21,0,20,34,17
20220402,서울특별시,11,중구,11140,제주특별자치도,50,0,6,0,0,3,0,0,0,7,0,5
20220402,서울특별시,11,광진구,11215,제주특별자치도,50,0,9,0,0,0,0,0,0,0,0,0
20220402,서울특별시,11,광진구,11215,경상남도,48,3,20,6,15,12,0,0,0,9,5,0
20220402,서울특별시,11,광진구,11215,경상북도,47,0,16,0,16,8,0,3,0,7,4,0
20220402,서울특별시,11,광진구,11215,전라남도,46,0,15,4,4,3,0,5,0,8,0,0
20220402,서울특별시,11,광진구,11215,전라북도,45,0,10,0,6,5,0,0,0,8,4,0
20220402,서울특별시,11,광진구,11215,충청남도,44,0,16,16,19,6,0,8,5,12,3,0
20220402,서울특별시,11,광진구,11215,충청북도,43,0,21,0,14,7,0,3,0,18,5,0
20220402,서울특별시,11,광진구,11215,강원도,42,0,7,3,9,3,0,0,0,12,4,0
20220402,서울특별시,11,광진구,11215,경기도,41,18,200,45,102,121,23,41,10,423,86,26
20220402,서울특별시,11,광진구,11215,세종특별자치시,36,0,4,0,0,0,0,0,0,0,0,0
20220402,서울특별시,11,광진구,11215,울산광역시,31,0,10,0,11,4,0,0,0,9,0,0
20220402,서울특별시,11,광진구,11215,대전광역시,30,3,18,0,4,9,0,3,0,5,3,0
20220402,서울특별시,11,광진구,11215,광주광역시,29,0,11,0,10,7,0,3,0,9,5,0
20220402,서울특별시,11,광진구,11215,인천광역시,28,0,32,9,23,12,3,6,0,13,6,4
20220402,서울특별시,11,광진구,11215,대구광역시,27,0,18,0,14,0,3,4,0,28,8,0
20220402,서울특별시,11,광진구,11215,부산광역시,26,4,27,6,17,6,4,10,3,32,14,0
20220402,서울특별시,11,광진구,11215,서울특별시,11,9,209,31,68,44,10,24,6,189,44,6
20220402,서울특별시,11,관악구,11620,경상북도,47,0,17,9,9,4,0,4,0,14,35,60
20220402,서울특별시,11,관악구,11620,전라남도,46,0,16,8,0,6,0,7,0,14,22,48
20220402,서울특별시,11,관악구,11620,전라북도,45,0,9,9,3,5,0,7,0,18,21,48
20220402,서울특별시,11,성북구,11290,제주특별자치도,50,0,3,0,0,0,0,6,0,12,0,0
20220402,서울특별시,11,성북구,11290,경상남도,48,3,42,0,7,7,0,15,8,104,21,15
20220402,서울특별시,11,성북구,11290,경상북도,47,3,32,3,6,13,0,17,5,75,5,12
20220402,서울특별시,11,성북구,11290,전라남도,46,0,16,0,4,8,0,12,7,57,8,3
20220402,서울특별시,11,성북구,11290,전라북도,45,0,15,3,4,8,0,13,5,62,7,0
20220402,서울특별시,11,성북구,11290,충청남도,44,0,29,8,11,6,0,18,8,60,18,4
20220402,서울특별시,11,성북구,11290,충청북도,43,3,18,0,0,6,0,10,4,63,8,0
20220402,서울특별시,11,성북구,11290,강원도,42,0,23,3,7,8,0,5,3,47,4,0
20220402,서울특별시,11,성북구,11290,경기도,41,22,315,59,70,170,30,54,49,913,217,111
20220402,서울특별시,11,성북구,11290,세종특별자치시,36,0,6,0,0,0,0,4,0,8,0,0
20220402,서울특별시,11,성북구,11290,울산광역시,31,0,17,0,0,5,0,5,6,39,8,0
20220402,서울특별시,11,성북구,11290,대전광역시,30,0,29,0,3,6,5,4,4,42,11,0
20220402,서울특별시,11,성북구,11290,광주광역시,29,0,16,3,0,3,0,7,8,53,7,7
20220402,서울특별시,11,성북구,11290,인천광역시,28,0,56,7,9,14,4,11,13,120,27,15
20220402,서울특별시,11,성북구,11290,대구광역시,27,3,37,0,5,7,0,15,5,66,10,7
20220402,서울특별시,11,성북구,11290,부산광역시,26,0,43,3,8,13,0,18,6,119,53,10
20220402,서울특별시,11,성북구,11290,서울특별시,11,9,282,40,55,99,13,109,37,472,143,640
20220402,서울특별시,11,관악구,11620,충청남도,44,3,20,10,6,3,0,3,0,15,26,22
20220402,서울특별시,11,금천구,11545,서울특별시,11,137,154,137,347,248,147,193,325,2123,988,340
20220402,서울특별시,11,금천구,11545,부산광역시,26,22,37,23,92,39,51,41,77,523,257,50
20220402,서울특별시,11,금천구,11545,대구광역시,27,23,15,11,59,33,43,25,75,478,209,64
20220402,서울특별시,11,금천구,11545,인천광역시,28,17,30,12,43,48,45,36,96,609,301,79
20220402,서울특별시,11,금천구,11545,광주광역시,29,25,4,17,42,23,24,10,44,367,163,34
20220402,서울특별시,11,금천구,11545,대전광역시,30,10,14,29,29,28,26,19,61,291,124,29
20220402,서울특별시,11,금천구,11545,울산광역시,31,6,8,0,31,14,25,11,33,220,97,17
20220402,서울특별시,11,금천구,11545,세종특별자치시,36,5,0,6,10,5,9,18,28,131,53,10
20220402,서울특별시,11,금천구,11545,경기도,41,153,201,125,317,229,213,173,469,3061,1361,393
20220402,서울특별시,11,금천구,11545,강원도,42,9,10,24,26,22,35,8,50,290,160,20
20220402,서울특별시,11,금천구,11545,충청북도,43,6,9,20,25,21,32,15,43,332,145,32
20220402,서울특별시,11,금천구,11545,충청남도,44,23,10,26,28,24,29,16,69,389,214,47
20220402,서울특별시,11,금천구,11545,전라북도,45,8,12,19,33,18,33,16,48,302,134,22
20220402,서울특별시,11,금천구,11545,전라남도,46,11,8,11,34,20,24,20,39,312,146,22
20220402,서울특별시,11,금천구,11545,경상북도,47,20,12,29,38,30,47,13,69,395,210,42
20220402,서울특별시,11,금천구,11545,경상남도,48,28,28,19,63,55,56,23,75,514,290,41
20220402,서울특별시,11,금천구,11545,제주특별자치도,50,5,7,4,20,0,15,0,16,126,51,10
20220402,서울특별시,11,성동구,11200,서울특별시,11,5,529,45,30,22,8,29,5,232,114,5
20220402,서울특별시,11,성동구,11200,부산광역시,26,0,74,0,0,0,5,5,0,34,27,0
20220402,서울특별시,11,성동구,11200,대구광역시,27,0,38,7,3,0,0,0,0,25,14,0
20220402,서울특별시,11,성동구,11200,인천광역시,28,0,88,13,6,10,0,0,6,30,31,4
20220402,서울특별시,11,강북구,11305,부산광역시,26,0,10,5,0,5,0,0,0,31,10,0
20220402,서울특별시,11,강북구,11305,서울특별시,11,11,83,21,11,22,6,8,7,163,49,0
20220402,서울특별시,11,관악구,11620,충청북도,43,0,11,5,5,4,0,6,0,30,18,46
20220402,서울특별시,11,관악구,11620,강원도,42,3,11,14,4,0,0,4,0,10,12,24
20220402,서울특별시,11,관악구,11620,경기도,41,24,221,91,73,119,23,47,9,535,245,226
20220402,서울특별시,11,성동구,11200,광주광역시,29,0,32,4,0,8,0,6,0,7,11,0
20220402,서울특별시,11,성동구,11200,대전광역시,30,0,35,0,3,0,0,4,0,11,16,0
20220402,서울특별시,11,성동구,11200,울산광역시,31,0,13,0,3,0,0,0,0,4,10,0
20220402,서울특별시,11,성동구,11200,세종특별자치시,36,0,11,0,0,0,0,3,0,0,3,0
20220402,서울특별시,11,성동구,11200,경기도,41,13,540,49,36,86,17,48,9,445,178,14
20220402,서울특별시,11,성동구,11200,강원도,42,0,31,0,3,0,0,4,0,10,11,0
20220402,서울특별시,11,성동구,11200,충청북도,43,0,35,6,0,8,0,3,0,21,10,0
20220402,서울특별시,11,성동구,11200,충청남도,44,0,66,15,4,5,0,4,0,9,14,3
20220402,서울특별시,11,강동구,11740,서울특별시,11,9,147,222,38,17,10,42,13,230,154,16
20220402,서울특별시,11,강동구,11740,부산광역시,26,0,24,96,3,0,4,9,3,23,27,0
20220402,서울특별시,11,강동구,11740,대구광역시,27,0,19,79,0,5,0,0,0,23,14,0
20220402,서울특별시,11,강동구,11740,인천광역시,28,3,21,65,14,12,4,3,12,37,23,8
20220402,서울특별시,11,강동구,11740,광주광역시,29,0,11,62,0,0,0,3,0,8,6,0
20220402,서울특별시,11,강동구,11740,대전광역시,30,0,6,32,0,0,0,4,3,6,8,0
20220402,서울특별시,11,강동구,11740,울산광역시,31,0,10,39,0,0,4,3,0,4,3,0
20220402,서울특별시,11,강동구,11740,세종특별자치시,36,0,0,14,0,0,0,0,0,6,0,0
20220402,서울특별시,11,강동구,11740,경기도,41,12,193,306,52,97,29,35,38,648,182,49
20220402,서울특별시,11,강동구,11740,강원도,42,0,6,22,0,0,0,3,0,6,15,4
20220402,서울특별시,11,강동구,11740,충청북도,43,0,9,29,0,4,0,0,0,29,7,0
20220402,서울특별시,11,강동구,11740,충청남도,44,0,10,50,7,4,0,0,4,8,14,0
20220402,서울특별시,11,강동구,11740,전라북도,45,0,4,36,0,0,0,0,0,15,10,0
20220402,서울특별시,11,강동구,11740,전라남도,46,0,7,34,0,0,0,0,3,0,6,0
20220402,서울특별시,11,강북구,11305,제주특별자치도,50,0,0,0,0,0,0,0,0,0,0,0
20220402,서울특별시,11,강동구,11740,경상북도,47,0,8,39,3,6,0,0,0,6,14,3
20220402,서울특별시,11,강동구,11740,경상남도,48,0,14,58,6,4,0,4,3,9,15,0
20220402,서울특별시,11,강동구,11740,제주특별자치도,50,0,0,3,0,0,0,0,0,0,3,0
20220402,서울특별시,11,도봉구,11320,제주특별자치도,50,0,0,0,0,0,0,0,0,0,0,0
20220402,서울특별시,11,도봉구,11320,경상남도,48,24,13,0,0,4,3,0,0,9,5,0
20220402,서울특별시,11,도봉구,11320,경상북도,47,7,13,0,0,0,0,0,0,5,0,0
20220402,서울특별시,11,도봉구,11320,전라남도,46,3,3,0,0,3,0,0,0,6,0,0
20220402,서울특별시,11,도봉구,11320,전라북도,45,3,6,0,0,0,0,0,0,6,0,0
20220402,서울특별시,11,도봉구,11320,충청남도,44,12,5,0,4,5,0,0,0,6,4,0
20220402,서울특별시,11,도봉구,11320,충청북도,43,4,8,0,3,0,0,0,0,19,0,0
20220402,서울특별시,11,도봉구,11320,강원도,42,8,15,0,0,0,0,0,0,3,0,0
20220402,서울특별시,11,도봉구,11320,경기도,41,41,131,36,39,52,17,18,4,352,50,18
20220402,서울특별시,11,도봉구,11320,세종특별자치시,36,0,3,0,0,0,0,0,0,4,0,0
20220402,서울특별시,11,도봉구,11320,울산광역시,31,4,0,0,0,0,0,0,0,5,0,0
20220402,서울특별시,11,도봉구,11320,대전광역시,30,3,8,4,0,0,0,0,0,8,0,0
20220402,서울특별시,11,도봉구,11320,광주광역시,29,4,5,0,0,0,0,0,0,5,0,0
20220402,서울특별시,11,도봉구,11320,인천광역시,28,5,18,7,5,4,4,0,0,19,4,3
20220402,서울특별시,11,도봉구,11320,대구광역시,27,8,5,0,0,0,0,0,0,14,5,0
20220402,서울특별시,11,도봉구,11320,부산광역시,26,3,15,0,0,3,0,0,0,27,10,0
20220402,서울특별시,11,도봉구,11320,서울특별시,11,26,85,19,29,18,3,14,0,133,34,3
20220402,서울특별시,11,송파구,11710,경상남도,48,12,26,41,27,291,62,2855,35,34,9,45
20220402,서울특별시,11,송파구,11710,경상북도,47,8,16,19,25,258,45,2684,34,11,8,38
20220402,서울특별시,11,송파구,11710,전라남도,46,7,16,21,11,159,30,1850,18,11,7,38
20220402,서울특별시,11,관악구,11620,세종특별자치시,36,0,0,0,0,0,0,0,0,5,6,15
20220402,서울특별시,11,관악구,11620,울산광역시,31,0,9,0,0,0,0,0,0,8,14,29
20220402,서울특별시,11,관악구,11620,대전광역시,30,0,12,9,0,3,0,0,0,6,21,47
20220402,서울특별시,11,관악구,11620,광주광역시,29,0,12,6,3,0,0,0,0,11,18,20
20220402,서울특별시,11,관악구,11620,인천광역시,28,7,25,5,14,14,4,7,4,37,50,48
20220402,서울특별시,11,관악구,11620,대구광역시,27,0,21,18,4,9,0,3,0,34,39,44
20220402,서울특별시,11,관악구,11620,부산광역시,26,4,33,16,8,5,4,0,0,55,62,76
20220402,서울특별시,11,관악구,11620,서울특별시,11,11,186,116,40,27,7,24,8,295,171,159
20220403,서울특별시,11,용산구,11170,광주광역시,29,0,0,0,8,0,0,0,0,0,0,0
20220403,서울특별시,11,용산구,11170,대구광역시,27,0,0,0,0,0,0,0,0,3,0,0
20220403,서울특별시,11,용산구,11170,부산광역시,26,163,0,0,8,4,0,3,0,5,0,0
20220403,서울특별시,11,용산구,11170,서울특별시,11,2073,6,0,22,4,0,0,0,22,0,0
20220403,서울특별시,11,강남구,11680,제주특별자치도,50,0,0,0,0,0,0,0,0,0,0,0
20220403,서울특별시,11,강남구,11680,경상남도,48,0,0,0,0,0,0,0,0,0,0,0
20220403,서울특별시,11,강남구,11680,경상북도,47,0,0,0,0,0,0,0,0,3,0,0
20220403,서울특별시,11,강남구,11680,전라남도,46,0,0,0,0,0,0,0,0,0,0,0
20220403,서울특별시,11,강남구,11680,전라북도,45,0,0,0,0,0,0,0,0,0,0,0
20220403,서울특별시,11,강남구,11680,충청남도,44,0,0,0,0,0,0,0,0,3,0,0
20220403,서울특별시,11,강동구,11740,제주특별자치도,50,0,0,0,0,0,0,0,0,0,0,0
20220403,서울특별시,11,강동구,11740,경상남도,48,0,0,55,0,0,0,0,0,0,0,0
20220403,서울특별시,11,강동구,11740,경상북도,47,0,0,39,0,0,0,0,0,0,0,0
20220403,서울특별시,11,영등포구,11560,서울특별시,11,4,3,4,16,67,3,49,7,23,12,24
20220403,서울특별시,11,영등포구,11560,부산광역시,26,0,0,0,3,7,0,7,0,0,0,0
20220403,서울특별시,11,영등포구,11560,대구광역시,27,0,0,0,0,3,0,3,0,0,0,0
20220403,서울특별시,11,영등포구,11560,인천광역시,28,0,0,0,0,5,0,5,0,0,0,5
20220403,서울특별시,11,영등포구,11560,광주광역시,29,0,0,0,0,3,0,4,0,0,0,0
20220403,서울특별시,11,영등포구,11560,대전광역시,30,0,0,0,0,0,0,0,0,0,0,0
20220403,서울특별시,11,영등포구,11560,울산광역시,31,0,0,0,0,0,0,5,0,0,0,0
20220403,서울특별시,11,영등포구,11560,세종특별자치시,36,0,0,0,0,0,0,0,0,0,0,0
20220403,서울특별시,11,영등포구,11560,경기도,41,3,5,0,17,52,3,70,11,22,17,20
20220403,서울특별시,11,영등포구,11560,강원도,42,0,0,0,0,5,0,5,0,0,0,0
20220403,서울특별시,11,영등포구,11560,충청북도,43,0,0,0,0,0,0,4,0,0,0,0
20220403,서울특별시,11,영등포구,11560,충청남도,44,0,0,0,0,5,0,10,0,3,0,0
20220403,서울특별시,11,영등포구,11560,전라북도,45,0,0,0,0,3,0,0,0,0,0,0
20220403,서울특별시,11,영등포구,11560,전라남도,46,0,0,0,0,0,0,3,0,0,0,0
20220403,서울특별시,11,영등포구,11560,경상북도,47,0,0,0,0,6,0,8,0,0,3,4
20220403,서울특별시,11,영등포구,11560,경상남도,48,0,0,0,3,5,0,10,0,0,0,3
20220403,서울특별시,11,영등포구,11560,제주특별자치도,50,0,0,0,0,0,0,4,0,0,0,0
20220403,서울특별시,11,강남구,11680,충청북도,43,0,0,0,0,0,0,0,0,6,0,0
20220403,서울특별시,11,강남구,11680,강원도,42,0,0,0,0,0,0,0,0,0,0,0
20220403,서울특별시,11,강남구,11680,경기도,41,0,0,0,0,0,4,7,0,12,0,0
20220403,서울특별시,11,강남구,11680,울산광역시,31,0,0,0,0,0,0,0,0,0,0,0
20220403,서울특별시,11,강남구,11680,대전광역시,30,0,0,0,0,0,0,0,0,4,0,0
20220403,서울특별시,11,강남구,11680,광주광역시,29,0,0,0,0,0,0,0,0,0,0,0
20220403,서울특별시,11,강남구,11680,인천광역시,28,0,0,0,0,0,0,0,0,0,0,0
20220403,서울특별시,11,강동구,11740,전라남도,46,0,0,28,0,0,0,3,0,0,0,0
20220403,서울특별시,11,강동구,11740,전라북도,45,0,0,41,0,0,0,0,0,0,0,0
20220403,서울특별시,11,강동구,11740,충청남도,44,0,0,36,0,0,0,0,0,0,0,0
20220403,서울특별시,11,강동구,11740,충청북도,43,0,0,28,0,0,0,0,0,0,0,0
20220403,서울특별시,11,강동구,11740,강원도,42,0,0,20,0,0,0,0,0,0,0,0
20220403,서울특별시,11,강동구,11740,경기도,41,0,20,269,0,3,0,3,0,0,0,0
20220403,서울특별시,11,강동구,11740,세종특별자치시,36,0,0,23,0,0,0,0,0,0,0,0
20220403,서울특별시,11,강동구,11740,울산광역시,31,0,0,47,0,0,0,0,0,0,0,0
20220403,서울특별시,11,강동구,11740,대전광역시,30,0,0,34,0,0,0,0,0,0,0,0
20220403,서울특별시,11,강동구,11740,광주광역시,29,0,0,43,0,0,0,0,0,0,0,0
20220403,서울특별시,11,강동구,11740,인천광역시,28,0,0,80,0,0,0,0,0,0,0,0
20220403,서울특별시,11,강동구,11740,대구광역시,27,0,0,60,0,0,0,0,0,0,0,0
20220403,서울특별시,11,강동구,11740,부산광역시,26,0,0,93,0,0,0,0,0,0,0,0
20220403,서울특별시,11,강동구,11740,서울특별시,11,0,13,203,0,5,0,9,0,0,0,0
20220403,서울특별시,11,강남구,11680,대구광역시,27,0,0,0,0,0,0,0,0,0,0,0
20220403,서울특별시,11,강남구,11680,부산광역시,26,0,0,0,0,0,0,0,0,0,0,0
20220403,서울특별시,11,강남구,11680,서울특별시,11,0,0,0,0,0,3,31,0,5,3,37
20220403,서울특별시,11,종로구,11110,서울특별시,11,0,0,4,0,0,0,0,0,0,0,0
20220403,서울특별시,11,종로구,11110,부산광역시,26,0,0,0,0,0,0,0,0,0,0,0
20220403,서울특별시,11,종로구,11110,대구광역시,27,0,0,0,0,0,0,0,0,0,0,0
20220403,서울특별시,11,종로구,11110,세종특별자치시,36,0,0,0,0,0,0,0,0,0,0,0
20220403,서울특별시,11,종로구,11110,경기도,41,0,0,0,0,0,0,0,0,0,0,0
20220403,서울특별시,11,종로구,11110,강원도,42,0,0,0,0,0,0,0,0,0,0,0
20220403,서울특별시,11,종로구,11110,충청북도,43,0,0,0,0,0,0,0,0,0,0,0
20220403,서울특별시,11,종로구,11110,전라북도,45,0,0,0,0,0,0,0,0,0,0,0
20220403,서울특별시,11,종로구,11110,경상북도,47,0,0,0,0,0,0,0,0,0,0,0
20220403,서울특별시,11,종로구,11110,경상남도,48,0,0,0,0,0,0,0,0,0,0,0
20220403,서울특별시,11,광진구,11215,서울특별시,11,0,313,0,0,0,0,0,0,0,0,0
20220403,서울특별시,11,송파구,11710,제주특별자치도,50,0,0,0,0,0,0,0,0,0,0,0
20220403,서울특별시,11,송파구,11710,경상남도,48,0,0,0,0,18,0,253,4,0,0,6
20220403,서울특별시,11,송파구,11710,경상북도,47,0,0,0,0,16,0,251,0,0,0,3
20220403,서울특별시,11,송파구,11710,전라남도,46,0,3,0,0,8,0,146,0,0,0,3
20220403,서울특별시,11,송파구,11710,전라북도,45,0,0,0,0,9,0,186,0,0,0,5
20220403,서울특별시,11,송파구,11710,충청남도,44,0,4,0,4,137,4,1566,21,0,0,22
20220403,서울특별시,11,송파구,11710,충청북도,43,0,14,0,0,75,0,1276,11,0,0,22
20220403,서울특별시,11,송파구,11710,강원도,42,0,0,0,0,17,0,221,3,0,0,5
20220403,서울특별시,11,송파구,11710,경기도,41,0,25,0,0,33,6,565,8,3,0,7
20220403,서울특별시,11,송파구,11710,세종특별자치시,36,0,3,0,0,59,0,917,10,0,0,13
20220403,서울특별시,11,송파구,11710,울산광역시,31,0,0,0,0,0,0,11,0,0,0,0
20220403,서울특별시,11,송파구,11710,대전광역시,30,7,4,0,5,218,3,2574,32,0,5,37
20220403,서울특별시,11,송파구,11710,광주광역시,29,0,3,0,0,8,0,154,0,0,0,0
20220403,서울특별시,11,송파구,11710,인천광역시,28,0,0,0,0,4,0,9,0,0,0,0
20220403,서울특별시,11,은평구,11380,서울특별시,11,0,0,0,0,0,0,0,0,0,0,0
20220403,서울특별시,11,은평구,11380,부산광역시,26,0,0,0,0,0,0,0,0,0,0,0
20220403,서울특별시,11,은평구,11380,대전광역시,30,0,0,0,0,0,0,0,0,0,0,0
20220403,서울특별시,11,은평구,11380,경기도,41,0,0,0,0,0,0,0,0,0,0,0
20220403,서울특별시,11,은평구,11380,강원도,42,0,0,0,0,0,0,0,0,0,0,0
20220403,서울특별시,11,은평구,11380,충청북도,43,0,0,0,0,0,0,0,0,0,0,0
20220403,서울특별시,11,은평구,11380,전라남도,46,0,0,0,0,0,0,0,0,0,0,0
20220403,서울특별시,11,은평구,11380,경상북도,47,0,0,0,0,0,0,0,0,0,0,0
20220403,서울특별시,11,은평구,11380,경상남도,48,0,0,0,0,0,0,0,0,0,0,0
20220403,서울특별시,11,중구,11140,서울특별시,11,0,50,0,0,69,0,23,0,0,0,0
20220403,서울특별시,11,중구,11140,부산광역시,26,0,5,0,0,15,0,28,0,0,0,0
20220403,서울특별시,11,중구,11140,대구광역시,27,0,4,0,0,10,0,6,0,0,0,0
20220403,서울특별시,11,중구,11140,인천광역시,28,3,4,0,0,15,0,7,0,0,0,0
20220403,서울특별시,11,서대문구,11410,경상남도,48,0,0,0,0,0,0,0,0,0,0,0
20220403,서울특별시,11,서대문구,11410,전라북도,45,0,0,0,0,0,0,0,0,0,0,0
20220403,서울특별시,11,서대문구,11410,경기도,41,0,0,0,0,0,0,4,0,0,0,0
20220403,서울특별시,11,서대문구,11410,광주광역시,29,0,0,0,0,0,0,0,0,0,0,0
20220403,서울특별시,11,서대문구,11410,대구광역시,27,0,0,0,0,0,0,0,0,0,0,0
20220403,서울특별시,11,서대문구,11410,서울특별시,11,0,0,0,0,0,0,3,0,0,0,0
20220403,서울특별시,11,강북구,11305,경기도,41,0,0,0,0,0,0,0,0,0,0,0
20220403,서울특별시,11,강북구,11305,충청북도,43,0,0,0,0,0,0,0,0,0,0,0
20220403,서울특별시,11,광진구,11215,부산광역시,26,0,129,0,0,0,0,0,0,0,0,0
20220403,서울특별시,11,광진구,11215,대구광역시,27,0,119,0,0,0,0,0,0,0,0,0
20220403,서울특별시,11,광진구,11215,인천광역시,28,0,95,0,0,0,0,0,0,0,0,0
20220403,서울특별시,11,광진구,11215,광주광역시,29,0,45,0,0,0,0,0,0,0,0,0
20220403,서울특별시,11,광진구,11215,대전광역시,30,0,40,0,0,0,0,0,0,0,0,0
20220403,서울특별시,11,광진구,11215,울산광역시,31,0,47,0,0,0,0,0,0,0,0,0
20220403,서울특별시,11,광진구,11215,세종특별자치시,36,0,19,0,0,0,0,0,0,0,0,0
20220403,서울특별시,11,광진구,11215,경기도,41,0,387,0,0,0,0,0,0,3,0,0
20220403,서울특별시,11,광진구,11215,강원도,42,0,30,0,0,0,0,0,0,0,0,0
20220403,서울특별시,11,광진구,11215,충청북도,43,0,35,0,0,0,0,0,0,0,0,0
20220403,서울특별시,11,광진구,11215,충청남도,44,0,81,0,0,0,0,0,0,0,0,0
20220403,서울특별시,11,광진구,11215,전라북도,45,0,42,0,0,0,0,0,0,0,0,0
20220403,서울특별시,11,광진구,11215,전라남도,46,0,36,0,0,0,0,0,0,0,0,0
20220403,서울특별시,11,광진구,11215,경상북도,47,0,71,0,0,0,0,0,0,0,0,0
20220403,서울특별시,11,광진구,11215,경상남도,48,0,75,0,0,0,0,0,0,0,0,0
20220403,서울특별시,11,광진구,11215,제주특별자치도,50,0,3,0,0,0,0,0,0,0,0,0
20220403,서울특별시,11,강서구,11500,제주특별자치도,50,0,0,0,0,0,0,3,0,27,0,0
20220403,서울특별시,11,강서구,11500,경상남도,48,0,14,0,7,245,4,155,0,736,15,179
20220403,서울특별시,11,강서구,11500,경상북도,47,0,16,0,14,193,5,220,0,984,22,248
20220403,서울특별시,11,강서구,11500,전라남도,46,6,23,0,24,171,5,159,0,890,20,224
20220403,서울특별시,11,강서구,11500,전라북도,45,5,6,0,8,137,3,75,0,434,3,82
20220403,서울특별시,11,강서구,11500,충청남도,44,5,10,0,15,187,7,137,0,835,11,165
20220403,서울특별시,11,강서구,11500,충청북도,43,0,19,0,11,177,3,157,0,805,20,202
20220403,서울특별시,11,강서구,11500,강원도,42,0,20,0,20,181,7,250,4,1077,28,299
20220403,서울특별시,11,강서구,11500,경기도,41,0,40,0,24,867,7,261,3,1770,37,375
20220403,서울특별시,11,강서구,11500,세종특별자치시,36,0,0,0,0,18,0,33,0,127,0,21
20220403,서울특별시,11,강서구,11500,울산광역시,31,0,0,0,0,43,0,3,0,36,0,0
20220403,서울특별시,11,강서구,11500,대전광역시,30,0,3,0,0,68,0,6,0,67,4,0
20220403,서울특별시,11,강서구,11500,광주광역시,29,0,0,0,0,113,0,88,0,88,0,9
20220403,서울특별시,11,강서구,11500,인천광역시,28,0,0,0,0,221,0,11,0,146,0,0
20220403,서울특별시,11,강서구,11500,대구광역시,27,0,5,0,0,138,0,12,0,81,0,0
20220403,서울특별시,11,강서구,11500,부산광역시,26,0,0,0,0,176,0,20,0,162,0,0
20220403,서울특별시,11,성동구,11200,제주특별자치도,50,0,0,0,0,0,0,0,0,0,0,0
20220403,서울특별시,11,성동구,11200,경상남도,48,0,0,0,0,0,0,0,0,0,40,0
20220403,서울특별시,11,성동구,11200,경상북도,47,0,0,0,0,0,0,0,0,0,29,0
20220403,서울특별시,11,성동구,11200,전라남도,46,0,3,0,0,0,0,0,0,0,10,0
20220403,서울특별시,11,성동구,11200,전라북도,45,0,0,0,0,0,0,0,0,0,17,0
20220403,서울특별시,11,성동구,11200,충청남도,44,0,0,0,0,0,0,0,0,0,22,0
20220403,서울특별시,11,성동구,11200,충청북도,43,0,0,0,0,0,0,0,0,0,14,0
20220403,서울특별시,11,성동구,11200,강원도,42,0,4,0,0,0,0,0,0,0,16,0
20220403,서울특별시,11,성동구,11200,경기도,41,0,25,0,0,0,0,4,0,4,294,0
20220403,서울특별시,11,강서구,11500,서울특별시,11,0,18,0,5,461,0,89,0,536,4,59
20220403,서울특별시,11,동대문구,11230,경상남도,48,0,0,0,0,0,0,0,0,0,0,0
20220403,서울특별시,11,동대문구,11230,전라북도,45,0,0,0,0,0,0,0,0,0,0,0
20220403,서울특별시,11,동대문구,11230,충청북도,43,0,0,0,0,0,0,0,0,0,0,0
20220403,서울특별시,11,동대문구,11230,강원도,42,0,0,0,0,0,0,0,0,0,0,0
20220403,서울특별시,11,동대문구,11230,경기도,41,0,0,0,0,0,0,6,0,0,0,0
20220403,서울특별시,11,동대문구,11230,세종특별자치시,36,0,0,0,0,0,0,0,0,0,0,0
20220403,서울특별시,11,동대문구,11230,울산광역시,31,0,0,0,0,0,0,0,0,0,0,0
20220403,서울특별시,11,동대문구,11230,대전광역시,30,0,0,0,0,0,0,0,0,0,0,0
20220403,서울특별시,11,동대문구,11230,대구광역시,27,0,0,0,0,0,0,0,0,0,0,0
20220403,서울특별시,11,동대문구,11230,부산광역시,26,0,0,0,0,0,0,0,0,0,0,0
20220403,서울특별시,11,동대문구,11230,서울특별시,11,0,0,0,0,0,0,0,0,0,0,0
20220403,서울특별시,11,성동구,11200,세종특별자치시,36,0,0,0,0,0,0,0,0,0,10,0
20220403,서울특별시,11,성동구,11200,울산광역시,31,0,0,0,0,0,0,0,0,0,17,0
20220403,서울특별시,11,성동구,11200,대전광역시,30,0,5,0,0,0,0,0,0,0,26,0
20220403,서울특별시,11,성동구,11200,광주광역시,29,0,3,0,0,0,0,0,0,0,20,0
20220403,서울특별시,11,성동구,11200,인천광역시,28,0,8,0,0,0,0,0,0,0,49,0
20220403,서울특별시,11,성동구,11200,대구광역시,27,0,6,0,0,0,0,0,0,0,28,0
20220403,서울특별시,11,성동구,11200,부산광역시,26,0,8,0,0,0,0,0,0,0,55,0
20220403,서울특별시,11,성동구,11200,서울특별시,11,0,49,0,0,3,0,0,0,0,352,0
20220403,서울특별시,11,구로구,11530,서울특별시,11,0,231,0,28,0,0,0,4,219,71,0
20220403,서울특별시,11,구로구,11530,부산광역시,26,0,45,0,11,0,0,0,0,60,6,0
20220403,서울특별시,11,구로구,11530,대구광역시,27,0,31,0,14,0,0,0,0,55,7,0
20220403,서울특별시,11,구로구,11530,인천광역시,28,0,61,0,16,0,0,0,0,58,16,0
20220403,서울특별시,11,구로구,11530,광주광역시,29,0,33,0,5,0,0,0,0,31,5,0
20220403,서울특별시,11,구로구,11530,대전광역시,30,0,34,0,7,0,0,0,0,30,7,0
20220403,서울특별시,11,구로구,11530,울산광역시,31,0,22,0,4,0,0,0,0,19,3,0
20220403,서울특별시,11,구로구,11530,세종특별자치시,36,0,12,0,0,0,0,0,0,7,0,0
20220403,서울특별시,11,구로구,11530,경기도,41,0,283,0,32,5,0,0,0,291,81,0
20220403,서울특별시,11,구로구,11530,강원도,42,0,21,0,4,0,0,0,0,34,7,0
20220403,서울특별시,11,구로구,11530,충청북도,43,0,40,0,5,0,0,0,0,30,8,0
20220403,서울특별시,11,구로구,11530,충청남도,44,0,42,0,6,0,0,0,0,53,11,0
20220403,서울특별시,11,구로구,11530,전라북도,45,0,28,0,6,0,0,0,0,32,7,0
20220403,서울특별시,11,구로구,11530,전라남도,46,0,17,0,4,0,0,0,0,27,8,0
20220403,서울특별시,11,구로구,11530,경상북도,47,0,26,0,7,0,0,0,0,41,14,0
20220403,서울특별시,11,구로구,11530,경상남도,48,0,58,0,5,0,0,0,0,50,13,0
20220403,서울특별시,11,구로구,11530,제주특별자치도,50,0,6,0,0,0,0,0,0,11,0,0
20220403,서울특별시,11,관악구,11620,부산광역시,26,0,0,0,0,0,0,0,0,0,0,0
20220403,서울특별시,11,관악구,11620,대구광역시,27,0,0,0,0,0,0,0,0,0,0,0
20220403,서울특별시,11,관악구,11620,인천광역시,28,0,0,0,0,0,0,0,0,0,0,0
20220403,서울특별시,11,중구,11140,제주특별자치도,50,0,0,0,0,3,0,0,0,0,0,0
20220403,서울특별시,11,중구,11140,경상남도,48,0,0,0,0,23,0,13,0,0,0,0
20220403,서울특별시,11,중구,11140,경상북도,47,0,0,0,3,33,0,11,0,0,0,0
20220403,서울특별시,11,노원구,11350,경상남도,48,0,0,0,0,0,0,0,0,0,0,0
20220403,서울특별시,11,노원구,11350,대구광역시,27,0,0,0,0,0,0,0,0,0,0,0
20220403,서울특별시,11,노원구,11350,서울특별시,11,0,0,0,0,0,0,3,0,0,0,0
20220403,서울특별시,11,서초구,11650,서울특별시,11,0,41,0,0,20,0,167,0,46,0,0
20220403,서울특별시,11,중구,11140,전라남도,46,0,0,0,0,40,0,0,0,0,0,0
20220403,서울특별시,11,중구,11140,전라북도,45,0,0,0,0,16,0,0,0,0,0,0
20220403,서울특별시,11,중구,11140,충청남도,44,0,4,0,0,15,0,5,0,0,0,0
20220403,서울특별시,11,중구,11140,충청북도,43,0,0,0,0,14,0,4,0,0,0,0
20220403,서울특별시,11,중구,11140,강원도,42,0,0,0,0,14,0,5,0,0,0,0
20220403,서울특별시,11,중구,11140,경기도,41,6,13,0,4,120,0,35,0,0,0,0
20220403,서울특별시,11,중구,11140,세종특별자치시,36,0,0,0,0,0,0,0,0,0,0,0
20220403,서울특별시,11,중구,11140,울산광역시,31,0,0,0,0,6,0,4,0,0,0,0
20220403,서울특별시,11,중구,11140,대전광역시,30,0,0,0,0,13,0,7,0,0,0,0
20220403,서울특별시,11,중구,11140,광주광역시,29,0,0,0,0,7,0,9,0,0,0,0
20220403,서울특별시,11,서초구,11650,부산광역시,26,0,0,0,0,0,0,5,0,14,0,0
20220403,서울특별시,11,서초구,11650,대구광역시,27,0,0,0,0,0,0,0,0,5,0,0
20220403,서울특별시,11,동작구,11590,경기도,41,0,0,0,0,0,0,0,0,3,0,0
20220403,서울특별시,11,동작구,11590,대전광역시,30,0,0,0,0,0,0,0,0,0,0,0
20220403,서울특별시,11,동작구,11590,서울특별시,11,0,0,0,0,0,0,0,0,0,0,0
20220403,서울특별시,11,도봉구,11320,인천광역시,28,0,0,0,0,0,0,0,0,0,0,0
20220403,서울특별시,11,도봉구,11320,전라북도,45,0,0,0,0,0,0,0,0,0,0,0
20220403,서울특별시,11,도봉구,11320,경상북도,47,0,0,0,0,0,0,0,0,0,0,0
20220403,서울특별시,11,서초구,11650,인천광역시,28,0,0,0,0,0,0,0,0,9,0,0
20220403,서울특별시,11,서초구,11650,광주광역시,29,0,0,0,0,0,0,0,0,6,0,0
20220403,서울특별시,11,서초구,11650,대전광역시,30,0,0,0,0,0,0,0,0,0,0,0
20220403,서울특별시,11,서초구,11650,울산광역시,31,0,0,0,0,0,0,0,0,3,0,0
20220403,서울특별시,11,서초구,11650,세종특별자치시,36,0,0,0,0,0,0,0,0,0,0,0
20220403,서울특별시,11,서초구,11650,경기도,41,0,4,0,0,0,0,9,0,46,0,0
20220403,서울특별시,11,서초구,11650,강원도,42,0,0,0,0,0,0,0,0,0,0,0
20220403,서울특별시,11,서초구,11650,충청북도,43,0,0,0,0,0,0,0,0,6,0,0
20220403,서울특별시,11,서초구,11650,충청남도,44,0,0,0,0,0,0,0,0,3,0,0
20220403,서울특별시,11,서초구,11650,전라북도,45,0,0,0,0,0,0,0,0,5,0,0
20220403,서울특별시,11,서초구,11650,전라남도,46,0,0,0,0,0,0,0,0,3,0,0
20220403,서울특별시,11,서초구,11650,경상북도,47,0,0,0,0,0,0,0,0,4,0,0
20220403,서울특별시,11,서초구,11650,경상남도,48,0,0,0,0,0,0,7,0,9,0,0
20220403,서울특별시,11,서초구,11650,제주특별자치도,50,0,0,0,0,0,0,0,0,0,0,0
20220403,서울특별시,11,양천구,11470,경기도,41,0,0,0,0,0,0,0,0,0,0,0
20220403,서울특별시,11,양천구,11470,경상북도,47,0,0,0,0,0,0,0,0,0,0,0
20220403,서울특별시,11,성북구,11290,제주특별자치도,50,0,0,0,0,0,0,0,0,3,0,0
20220403,서울특별시,11,관악구,11620,광주광역시,29,0,0,0,0,0,0,0,0,0,0,0
20220403,서울특별시,11,관악구,11620,대전광역시,30,0,0,0,0,0,0,0,0,0,0,0
20220403,서울특별시,11,관악구,11620,경기도,41,4,0,0,0,5,0,0,5,0,0,0
20220403,서울특별시,11,관악구,11620,강원도,42,0,0,0,0,0,0,0,0,0,0,0
20220403,서울특별시,11,관악구,11620,충청북도,43,0,0,0,0,0,0,0,0,0,0,0
20220403,서울특별시,11,관악구,11620,충청남도,44,0,0,0,0,0,0,0,0,0,0,0
20220403,서울특별시,11,관악구,11620,전라북도,45,0,0,0,0,0,0,0,0,0,0,0
20220403,서울특별시,11,관악구,11620,전라남도,46,0,0,0,0,0,0,0,0,0,0,0
20220403,서울특별시,11,관악구,11620,경상북도,47,0,0,0,0,0,0,0,0,0,0,0
20220403,서울특별시,11,관악구,11620,경상남도,48,0,0,0,0,0,0,0,0,0,0,0
20220403,서울특별시,11,관악구,11620,제주특별자치도,50,0,0,0,0,0,0,0,0,0,0,0
20220403,서울특별시,11,성북구,11290,경상남도,48,0,12,0,0,12,0,24,0,25,15,0
20220403,서울특별시,11,성북구,11290,경상북도,47,6,10,0,3,9,0,9,0,22,3,0
20220403,서울특별시,11,성북구,11290,전라남도,46,0,5,0,0,4,0,6,0,14,0,0
20220403,서울특별시,11,성북구,11290,전라북도,45,0,3,0,3,11,0,14,0,15,0,0
20220403,서울특별시,11,성북구,11290,충청남도,44,0,14,0,0,7,0,9,0,11,5,0
20220403,서울특별시,11,성북구,11290,충청북도,43,3,0,0,0,7,0,5,0,8,3,0
20220403,서울특별시,11,성북구,11290,강원도,42,3,11,0,0,3,0,0,0,0,0,0
20220403,서울특별시,11,성북구,11290,경기도,41,23,50,0,8,45,0,4,0,8,26,3
20220403,서울특별시,11,성북구,11290,세종특별자치시,36,0,3,0,0,0,0,3,0,5,0,0
20220403,서울특별시,11,성북구,11290,울산광역시,31,0,0,0,0,0,0,4,0,10,5,0
20220403,서울특별시,11,성북구,11290,대전광역시,30,0,6,0,0,0,0,15,0,18,3,0
20220403,서울특별시,11,성북구,11290,광주광역시,29,0,6,0,0,5,0,11,0,19,12,0
20220403,서울특별시,11,성북구,11290,인천광역시,28,5,13,0,0,13,0,5,0,0,9,0
20220403,서울특별시,11,성북구,11290,대구광역시,27,0,8,0,0,13,0,25,0,22,13,0
20220403,서울특별시,11,성북구,11290,부산광역시,26,0,15,0,4,10,3,35,0,33,4,3
20220403,서울특별시,11,성북구,11290,서울특별시,11,16,43,0,0,38,3,17,0,15,26,50
20220403,서울특별시,11,송파구,11710,대구광역시,27,0,0,0,0,7,0,63,0,0,0,3
20220403,서울특별시,11,송파구,11710,부산광역시,26,0,0,0,0,5,0,39,0,0,0,0
20220403,서울특별시,11,송파구,11710,서울특별시,11,0,52,0,0,161,4,297,0,0,0,0
20220403,서울특별시,11,마포구,11440,서울특별시,11,0,0,0,0,0,0,0,0,0,0,0
20220403,서울특별시,11,금천구,11545,서울특별시,11,47,20,8,21,95,68,129,169,757,348,179
20220403,서울특별시,11,금천구,11545,부산광역시,26,0,0,0,0,8,22,25,34,191,62,31
20220403,서울특별시,11,금천구,11545,대구광역시,27,0,0,0,0,12,17,21,34,174,66,27
20220403,서울특별시,11,금천구,11545,인천광역시,28,3,0,0,0,10,30,17,35,206,103,37
20220403,서울특별시,11,금천구,11545,광주광역시,29,0,0,0,0,4,6,3,17,116,53,15
20220403,서울특별시,11,금천구,11545,대전광역시,30,0,0,0,0,4,12,8,23,128,41,19
20220403,서울특별시,11,금천구,11545,울산광역시,31,0,0,0,0,3,13,12,18,107,28,14
20220403,서울특별시,11,금천구,11545,세종특별자치시,36,0,0,0,0,0,3,6,8,39,19,4
20220403,서울특별시,11,금천구,11545,경기도,41,24,13,0,6,56,84,120,259,1027,407,172
20220403,서울특별시,11,금천구,11545,강원도,42,0,0,0,0,4,13,5,27,102,52,12
20220403,서울특별시,11,금천구,11545,충청북도,43,0,0,0,0,0,8,8,27,120,51,21
20220403,서울특별시,11,금천구,11545,충청남도,44,0,0,0,0,7,16,14,39,121,59,13
20220403,서울특별시,11,금천구,11545,전라북도,45,0,0,0,0,4,13,6,20,95,51,12
20220403,서울특별시,11,마포구,11440,경기도,41,0,0,0,0,0,0,0,0,0,0,0
20220403,서울특별시,11,마포구,11440,강원도,42,0,0,0,0,0,0,0,0,0,0,0
20220403,서울특별시,11,마포구,11440,충청남도,44,0,0,0,0,0,0,0,0,0,0,0
20220403,서울특별시,11,마포구,11440,경상남도,48,0,0,0,0,0,0,0,0,0,0,0
20220403,서울특별시,11,중랑구,11260,서울특별시,11,0,4,0,0,0,0,0,0,162,5,0
20220403,서울특별시,11,중랑구,11260,부산광역시,26,0,0,0,0,4,0,0,0,54,0,0
20220403,서울특별시,11,중랑구,11260,대구광역시,27,0,0,0,0,0,0,0,0,52,0,0
20220403,서울특별시,11,중랑구,11260,인천광역시,28,0,0,0,0,0,0,0,0,42,0,0
20220403,서울특별시,11,중랑구,11260,광주광역시,29,0,0,0,0,0,0,0,0,35,0,0
20220403,서울특별시,11,중랑구,11260,대전광역시,30,0,0,0,0,0,0,0,0,38,0,0
20220403,서울특별시,11,중랑구,11260,울산광역시,31,0,0,0,0,0,0,0,0,29,0,0
20220403,서울특별시,11,중랑구,11260,세종특별자치시,36,0,0,0,0,0,0,0,0,4,0,0
20220403,서울특별시,11,중랑구,11260,경기도,41,0,5,0,0,3,0,0,0,295,3,0
20220403,서울특별시,11,중랑구,11260,강원도,42,0,0,0,0,0,0,0,0,36,0,0
20220403,서울특별시,11,중랑구,11260,충청북도,43,0,0,0,0,0,0,0,0,25,0,0
20220403,서울특별시,11,중랑구,11260,충청남도,44,0,0,0,0,0,0,0,0,47,0,0
20220403,서울특별시,11,중랑구,11260,전라북도,45,0,0,0,0,0,0,0,0,33,0,0
20220403,서울특별시,11,중랑구,11260,전라남도,46,0,0,0,0,0,0,0,0,27,0,0
20220403,서울특별시,11,중랑구,11260,경상북도,47,0,0,0,0,0,0,0,0,53,0,0
20220403,서울특별시,11,중랑구,11260,경상남도,48,0,0,0,0,0,0,0,0,40,0,0
20220403,서울특별시,11,중랑구,11260,제주특별자치도,50,0,0,0,0,0,0,0,0,12,0,0
20220403,서울특별시,11,금천구,11545,전라남도,46,0,0,3,0,0,9,7,28,124,32,11
20220403,서울특별시,11,금천구,11545,경상북도,47,0,0,0,0,0,12,15,34,149,52,13
20220403,서울특별시,11,금천구,11545,경상남도,48,0,0,0,0,4,23,20,29,220,65,15
20220403,서울특별시,11,금천구,11545,제주특별자치도,50,0,0,0,0,0,7,0,7,31,16,0
20220403,서울특별시,11,용산구,11170,제주특별자치도,50,195,0,0,0,0,0,0,0,0,0,0
20220403,서울특별시,11,용산구,11170,경상남도,48,0,0,0,0,0,0,0,0,0,0,0
20220403,서울특별시,11,용산구,11170,경상북도,47,0,0,0,4,0,0,0,0,0,0,0
20220403,서울특별시,11,용산구,11170,전라남도,46,470,0,0,0,0,0,0,0,0,0,0
20220403,서울특별시,11,용산구,11170,전라북도,45,389,0,0,0,3,0,0,0,0,0,0
20220403,서울특별시,11,용산구,11170,충청남도,44,369,0,0,0,3,0,0,0,0,0,0
20220403,서울특별시,11,용산구,11170,충청북도,43,310,0,0,3,0,0,0,0,0,0,0
20220403,서울특별시,11,용산구,11170,강원도,42,0,0,0,0,0,0,0,0,0,0,0
20220403,서울특별시,11,용산구,11170,경기도,41,3,14,4,26,5,0,7,0,33,3,0
20220403,서울특별시,11,용산구,11170,세종특별자치시,36,87,0,0,0,0,0,0,0,0,0,0
20220403,서울특별시,11,용산구,11170,울산광역시,31,166,0,0,0,0,0,0,0,0,0,0
20220403,서울특별시,11,용산구,11170,대전광역시,30,0,0,0,0,0,0,0,0,0,0,0
20220403,서울특별시,11,용산구,11170,인천광역시,28,430,0,0,10,0,0,0,0,3,0,0
20220404,서울특별시,11,마포구,11440,경상북도,47,101,603,182,778,1107,79,686,66,445,324,141
20220404,서울특별시,11,양천구,11470,경상남도,48,64,271,50,156,414,65,329,16,208,130,146
20220404,서울특별시,11,양천구,11470,경상북도,47,43,223,40,118,288,44,265,13,165,102,116
20220404,서울특별시,11,양천구,11470,전라남도,46,24,150,12,65,231,22,149,8,111,70,68
20220404,서울특별시,11,양천구,11470,전라북도,45,19,151,20,98,205,31,183,10,143,67,70
20220404,서울특별시,11,강북구,11305,서울특별시,11,110,1056,111,469,741,54,168,175,2828,738,193
20220404,서울특별시,11,강북구,11305,부산광역시,26,21,256,32,111,178,10,22,60,800,220,63
20220404,서울특별시,11,강북구,11305,대구광역시,27,25,178,17,74,141,11,35,51,620,150,28
20220404,서울특별시,11,강북구,11305,인천광역시,28,40,252,35,119,200,11,48,66,863,223,53
20220404,서울특별시,11,강북구,11305,광주광역시,29,13,124,12,49,61,3,21,34,433,99,18
20220404,서울특별시,11,강북구,11305,대전광역시,30,14,135,19,54,97,8,20,33,418,103,26
20220404,서울특별시,11,강북구,11305,울산광역시,31,10,75,15,28,52,8,15,23,255,59,22
20220404,서울특별시,11,강북구,11305,세종특별자치시,36,8,45,8,17,29,0,5,5,101,28,4
20220404,서울특별시,11,강북구,11305,경기도,41,139,1361,133,688,906,71,178,269,4174,952,289
20220404,서울특별시,11,강북구,11305,강원도,42,17,138,15,64,113,13,17,30,460,112,16
20220404,서울특별시,11,강북구,11305,충청북도,43,18,180,19,80,113,4,21,35,432,115,20
20220404,서울특별시,11,강북구,11305,충청남도,44,24,192,24,98,128,18,25,38,653,161,20
20220404,서울특별시,11,강북구,11305,전라북도,45,18,147,21,60,75,4,13,36,417,114,19
20220404,서울특별시,11,강북구,11305,전라남도,46,19,134,18,60,82,13,19,32,487,114,19
20220404,서울특별시,11,강북구,11305,경상북도,47,24,201,20,101,125,15,31,39,666,164,42
20220404,서울특별시,11,강북구,11305,경상남도,48,33,274,20,117,164,14,41,66,842,219,51
20220404,서울특별시,11,강북구,11305,제주특별자치도,50,0,36,6,9,27,4,3,10,110,24,4
20220404,서울특별시,11,양천구,11470,충청남도,44,29,185,49,141,333,39,261,24,163,100,77
20220404,서울특별시,11,양천구,11470,충청북도,43,34,141,23,101,245,35,164,5,149,80,93
20220404,서울특별시,11,양천구,11470,강원도,42,30,162,20,89,254,36,143,7,93,64,88
20220404,서울특별시,11,양천구,11470,경기도,41,260,1234,272,816,2211,312,1611,86,1655,725,784
20220404,서울특별시,11,양천구,11470,세종특별자치시,36,6,43,9,31,57,13,46,6,24,15,25
20220404,서울특별시,11,양천구,11470,울산광역시,31,20,103,15,56,130,19,87,10,84,51,48
20220404,서울특별시,11,양천구,11470,대전광역시,30,21,144,30,87,212,32,146,11,115,54,79
20220404,서울특별시,11,양천구,11470,광주광역시,29,21,158,17,59,169,20,140,18,117,69,75
20220404,서울특별시,11,양천구,11470,인천광역시,28,45,224,45,165,423,43,298,22,272,142,151
20220404,서울특별시,11,양천구,11470,대구광역시,27,23,214,42,107,284,38,200,19,155,104,104
20220404,서울특별시,11,양천구,11470,부산광역시,26,46,303,58,159,406,53,303,14,210,130,168
20220404,서울특별시,11,양천구,11470,서울특별시,11,169,1038,251,643,1470,161,1184,78,1314,543,694
20220404,서울특별시,11,종로구,11110,서울특별시,11,384,2108,779,622,1189,114,781,214,5011,1544,387
20220404,서울특별시,11,종로구,11110,부산광역시,26,85,505,84,118,283,29,162,59,1305,389,102
20220404,서울특별시,11,종로구,11110,대구광역시,27,55,348,47,110,223,23,109,36,912,231,62
20220404,서울특별시,11,종로구,11110,인천광역시,28,70,529,177,138,297,32,212,67,1279,381,76
20220404,서울특별시,11,종로구,11110,광주광역시,29,42,245,41,82,143,13,57,58,691,198,49
20220404,서울특별시,11,종로구,11110,대전광역시,30,38,290,50,89,150,11,80,38,636,191,52
20220404,서울특별시,11,종로구,11110,울산광역시,31,23,151,35,51,95,7,43,25,404,130,34
20220404,서울특별시,11,종로구,11110,세종특별자치시,36,12,70,16,18,40,4,32,12,135,52,8
20220404,서울특별시,11,종로구,11110,경기도,41,428,2732,516,809,1593,192,1022,389,6258,1994,431
20220404,서울특별시,11,종로구,11110,강원도,42,39,308,49,69,145,14,103,46,548,205,45
20220404,서울특별시,11,영등포구,11560,서울특별시,11,305,3845,521,2028,1885,262,3890,370,3035,1303,1097
20220404,서울특별시,11,영등포구,11560,부산광역시,26,82,778,69,486,557,74,1009,163,602,242,272
20220404,서울특별시,11,영등포구,11560,대구광역시,27,52,579,86,352,352,23,772,71,415,174,192
20220404,서울특별시,11,영등포구,11560,인천광역시,28,85,1004,101,558,569,56,963,109,621,343,360
20220404,서울특별시,11,영등포구,11560,광주광역시,29,30,403,59,248,270,24,411,60,317,123,107
20220404,서울특별시,11,영등포구,11560,대전광역시,30,39,405,47,267,300,24,468,42,303,138,126
20220404,서울특별시,11,영등포구,11560,울산광역시,31,24,268,45,169,203,23,297,60,158,102,90
20220404,서울특별시,11,영등포구,11560,세종특별자치시,36,12,82,18,91,65,5,127,15,77,29,29
20220404,서울특별시,11,영등포구,11560,경기도,41,413,4066,503,2736,2881,302,4663,876,3560,1480,1322
20220404,서울특별시,11,영등포구,11560,강원도,42,43,381,77,284,316,25,498,43,274,120,153
20220404,서울특별시,11,영등포구,11560,충청북도,43,50,419,63,292,318,31,467,66,308,130,126
20220404,서울특별시,11,영등포구,11560,충청남도,44,52,518,61,379,413,29,612,60,428,173,202
20220404,서울특별시,11,영등포구,11560,전라북도,45,42,447,77,254,275,25,470,43,324,130,121
20220404,서울특별시,11,영등포구,11560,전라남도,46,39,456,55,270,315,17,465,66,252,115,125
20220404,서울특별시,11,영등포구,11560,경상북도,47,86,531,81,370,478,40,653,101,389,210,233
20220404,서울특별시,11,영등포구,11560,경상남도,48,67,732,92,487,538,54,902,158,512,234,302
20220404,서울특별시,11,영등포구,11560,제주특별자치도,50,9,108,22,60,105,3,107,27,101,39,34
20220404,서울특별시,11,종로구,11110,충청북도,43,33,306,34,91,156,16,95,53,656,224,50
20220404,서울특별시,11,종로구,11110,충청남도,44,61,379,52,119,213,26,127,57,796,265,57
20220404,서울특별시,11,종로구,11110,전라북도,45,32,297,39,99,130,29,83,38,648,179,37
20220404,서울특별시,11,종로구,11110,전라남도,46,45,236,41,77,148,21,84,48,617,171,46
20220404,서울특별시,11,종로구,11110,경상북도,47,51,405,61,109,224,15,114,54,872,283,56
20220404,서울특별시,11,종로구,11110,경상남도,48,67,482,71,147,286,35,143,90,1130,388,84
20220404,서울특별시,11,종로구,11110,제주특별자치도,50,16,65,17,28,40,3,31,30,241,65,11
20220404,서울특별시,11,서초구,11650,서울특별시,11,421,2820,1330,873,1829,223,2262,205,2360,955,1199
20220404,서울특별시,11,서초구,11650,부산광역시,26,100,544,322,189,434,51,544,51,435,232,300
20220404,서울특별시,11,서초구,11650,대구광역시,27,50,417,231,124,297,39,330,30,297,151,214
20220404,서울특별시,11,서초구,11650,인천광역시,28,93,466,369,210,485,59,448,94,439,217,290
20220404,서울특별시,11,서초구,11650,광주광역시,29,45,232,173,78,212,26,229,27,242,79,129
20220404,서울특별시,11,서초구,11650,대전광역시,30,46,286,180,97,237,26,211,28,209,92,126
20220404,서울특별시,11,서초구,11650,울산광역시,31,30,141,114,59,138,14,170,28,123,58,77
20220404,서울특별시,11,서초구,11650,세종특별자치시,36,14,70,74,18,75,9,66,13,54,28,45
20220404,서울특별시,11,서초구,11650,경기도,41,482,3099,1778,1031,2557,308,2311,330,2971,1174,1469
20220404,서울특별시,11,서초구,11650,강원도,42,30,255,171,79,241,27,224,31,202,110,126
20220404,서울특별시,11,서초구,11650,충청북도,43,60,245,134,96,227,32,218,34,230,79,151
20220404,서울특별시,11,서초구,11650,충청남도,44,69,334,240,145,332,42,306,41,276,148,167
20220404,서울특별시,11,서초구,11650,전라북도,45,31,229,177,89,199,31,193,31,216,102,124
20220404,서울특별시,11,서초구,11650,전라남도,46,39,204,126,76,221,25,212,28,178,87,115
20220404,서울특별시,11,서초구,11650,경상북도,47,64,336,191,136,327,38,308,43,259,128,201
20220404,서울특별시,11,서초구,11650,경상남도,48,80,461,285,180,443,55,387,49,343,173,248
20220404,서울특별시,11,서초구,11650,제주특별자치도,50,14,122,37,24,74,14,54,8,71,35,29
20220404,서울특별시,11,강서구,11500,제주특별자치도,50,18,99,29,80,95,10,126,7,381,58,134
20220404,서울특별시,11,강서구,11500,경상남도,48,147,596,191,723,970,226,1444,131,2515,458,939
20220404,서울특별시,11,강서구,11500,경상북도,47,119,497,157,554,816,172,1193,114,1952,374,809
20220404,서울특별시,11,강서구,11500,전라남도,46,68,296,87,374,619,144,776,83,1534,268,570
20220404,서울특별시,11,강서구,11500,전라북도,45,64,326,107,369,521,111,715,74,1375,264,510
20220404,서울특별시,11,강서구,11500,충청남도,44,123,469,188,510,777,173,1120,114,1829,375,762
20220404,서울특별시,11,강서구,11500,충청북도,43,97,345,88,400,587,143,838,71,1628,292,576
20220404,서울특별시,11,강서구,11500,강원도,42,100,332,125,379,689,161,811,86,1636,280,663
20220404,서울특별시,11,강서구,11500,경기도,41,789,3473,1180,3543,4706,1005,6351,737,11195,2464,4940
20220404,서울특별시,11,강서구,11500,세종특별자치시,36,31,100,48,102,123,26,171,32,279,67,132
20220404,서울특별시,11,강남구,11680,제주특별자치도,50,24,161,40,66,137,6,231,25,200,136,94
20220404,서울특별시,11,강남구,11680,경상남도,48,101,727,283,359,866,45,782,143,1328,705,568
20220404,서울특별시,11,강남구,11680,경상북도,47,97,555,224,277,674,24,692,119,1137,529,424
20220404,서울특별시,11,강남구,11680,전라남도,46,62,397,154,204,500,13,458,68,694,357,270
20220404,서울특별시,11,강남구,11680,전라북도,45,60,369,140,191,438,12,409,68,874,415,287
20220404,서울특별시,11,강남구,11680,충청남도,44,79,576,244,273,575,25,629,126,1168,560,431
20220404,서울특별시,11,강남구,11680,충청북도,43,52,403,133,231,452,26,477,97,858,405,275
20220404,서울특별시,11,강남구,11680,강원도,42,71,385,113,199,440,13,467,90,750,412,319
20220404,서울특별시,11,강남구,11680,경기도,41,686,4958,1870,1876,4635,299,4966,1081,8974,4104,3242
20220404,서울특별시,11,강남구,11680,세종특별자치시,36,19,93,103,45,110,7,141,29,214,140,117
20220404,서울특별시,11,강남구,11680,울산광역시,31,38,225,137,140,248,18,282,44,458,240,194
20220404,서울특별시,11,강남구,11680,대전광역시,30,64,436,143,163,421,23,484,111,947,392,329
20220404,서울특별시,11,강남구,11680,광주광역시,29,53,407,178,162,458,25,369,83,901,411,349
20220404,서울특별시,11,강남구,11680,인천광역시,28,164,912,349,354,890,33,923,203,1725,807,664
20220404,서울특별시,11,강남구,11680,대구광역시,27,89,609,315,248,695,26,588,129,1261,580,503
20220404,서울특별시,11,강남구,11680,부산광역시,26,120,883,400,324,965,29,892,159,1704,830,685
20220404,서울특별시,11,강남구,11680,서울특별시,11,599,4555,1550,1598,3269,230,3862,674,7288,3209,3208
20220404,서울특별시,11,서대문구,11410,제주특별자치도,50,0,40,4,20,29,0,7,15,65,40,18
20220404,서울특별시,11,서대문구,11410,경상남도,48,3,243,35,97,480,22,304,123,399,156,192
20220404,서울특별시,11,서대문구,11410,경상북도,47,4,180,20,71,336,10,210,79,277,124,101
20220404,서울특별시,11,서대문구,11410,전라남도,46,0,100,13,41,267,11,164,64,170,67,53
20220404,서울특별시,11,서대문구,11410,전라북도,45,0,116,15,39,239,10,170,64,223,79,39
20220404,서울특별시,11,서대문구,11410,충청남도,44,6,159,25,72,330,21,238,82,292,110,179
20220404,서울특별시,11,서대문구,11410,충청북도,43,7,118,18,57,226,13,156,55,243,88,45
20220404,서울특별시,11,서대문구,11410,강원도,42,0,106,5,48,244,7,162,58,212,84,33
20220404,서울특별시,11,서대문구,11410,경기도,41,40,1195,135,503,1823,103,1527,577,2321,841,672
20220404,서울특별시,11,서대문구,11410,세종특별자치시,36,0,40,0,13,37,0,39,30,66,31,22
20220404,서울특별시,11,서대문구,11410,울산광역시,31,0,72,4,26,116,7,96,38,119,48,26
20220404,서울특별시,11,서대문구,11410,대전광역시,30,0,110,14,34,167,10,162,53,249,97,59
20220404,서울특별시,11,서대문구,11410,광주광역시,29,0,95,10,34,193,8,109,41,226,64,43
20220404,서울특별시,11,서대문구,11410,인천광역시,28,9,264,33,104,387,18,326,129,440,173,114
20220404,서울특별시,11,서대문구,11410,대구광역시,27,13,153,18,76,294,14,198,75,280,136,181
20220404,서울특별시,11,서대문구,11410,부산광역시,26,6,240,20,91,410,22,378,103,365,148,178
20220404,서울특별시,11,서대문구,11410,서울특별시,11,42,1011,145,480,1259,114,1100,290,1859,724,651
20220404,서울특별시,11,중구,11140,제주특별자치도,50,26,104,14,15,122,16,31,7,306,63,15
20220404,서울특별시,11,중구,11140,경상남도,48,135,471,67,136,665,99,203,68,1680,351,74
20220404,서울특별시,11,중구,11140,경상북도,47,99,358,54,78,468,61,175,36,1289,298,76
20220404,서울특별시,11,중구,11140,전라남도,46,57,264,27,67,275,47,106,35,845,181,43
20220404,서울특별시,11,중구,11140,전라북도,45,72,239,40,61,333,53,138,37,966,227,36
20220404,서울특별시,11,중구,11140,충청남도,44,110,356,61,86,430,65,164,53,1274,278,48
20220404,서울특별시,11,중구,11140,충청북도,43,68,304,40,57,335,42,148,57,932,219,41
20220404,서울특별시,11,중구,11140,강원도,42,86,253,41,58,397,63,127,42,822,198,41
20220404,서울특별시,11,중구,11140,경기도,41,705,2758,374,477,2917,451,1331,322,9195,1941,514
20220404,서울특별시,11,중구,11140,세종특별자치시,36,17,65,31,17,92,12,28,17,268,51,5
20220404,서울특별시,11,중구,11140,울산광역시,31,42,147,15,32,193,34,89,23,600,142,22
20220404,서울특별시,11,중구,11140,대전광역시,30,72,225,28,57,286,52,125,39,961,236,32
20220404,서울특별시,11,중구,11140,광주광역시,29,71,248,38,42,354,39,112,39,1092,248,36
20220404,서울특별시,11,중구,11140,인천광역시,28,127,505,68,105,599,79,298,73,1849,420,86
20220404,서울특별시,11,용산구,11170,서울특별시,11,266,2077,280,11930,1581,151,1208,139,1971,910,407
20220404,서울특별시,11,용산구,11170,부산광역시,26,61,442,46,2790,381,39,373,29,382,226,111
20220404,서울특별시,11,용산구,11170,대구광역시,27,32,319,23,1945,261,28,251,37,290,137,81
20220404,서울특별시,11,용산구,11170,인천광역시,28,55,443,62,2976,351,40,305,52,352,183,120
20220404,서울특별시,11,용산구,11170,광주광역시,29,16,208,22,1097,163,11,128,25,182,86,55
20220404,서울특별시,11,용산구,11170,대전광역시,30,30,286,42,1543,202,36,143,14,166,100,45
20220404,서울특별시,11,용산구,11170,울산광역시,31,12,158,11,778,107,10,91,14,110,42,53
20220404,서울특별시,11,용산구,11170,세종특별자치시,36,13,59,8,455,56,3,45,5,55,23,20
20220404,서울특별시,11,용산구,11170,경기도,41,282,2337,295,14827,1981,205,1502,206,2098,994,572
20220404,서울특별시,11,용산구,11170,강원도,42,33,243,30,1483,213,14,152,25,143,63,61
20220404,서울특별시,11,용산구,11170,충청북도,43,29,236,22,1413,185,21,165,26,175,95,60
20220404,서울특별시,11,용산구,11170,충청남도,44,32,296,35,2026,274,21,215,20,216,128,61
20220404,서울특별시,11,용산구,11170,전라북도,45,23,226,33,1268,184,18,156,24,173,91,62
20220404,서울특별시,11,용산구,11170,전라남도,46,36,197,23,1337,197,15,170,19,145,81,44
20220404,서울특별시,11,용산구,11170,경상북도,47,35,315,42,2077,251,25,268,33,209,114,90
20220404,서울특별시,11,용산구,11170,경상남도,48,46,484,53,2583,365,45,323,42,314,156,116
20220404,서울특별시,11,용산구,11170,제주특별자치도,50,12,69,14,351,46,10,35,9,66,42,8
20220404,서울특별시,11,중구,11140,대구광역시,27,75,362,61,66,492,66,159,47,1488,320,71
20220404,서울특별시,11,중구,11140,부산광역시,26,134,511,84,117,652,95,206,71,1973,428,95
20220404,서울특별시,11,중구,11140,서울특별시,11,510,2468,364,379,2634,275,1094,174,7974,1594,425
20220404,서울특별시,11,성북구,11290,제주특별자치도,50,27,101,13,24,95,29,76,42,402,166,32
20220404,서울특별시,11,성북구,11290,경상남도,48,122,763,65,236,1134,122,676,259,2610,739,298
20220404,서울특별시,11,성북구,11290,경상북도,47,104,586,51,176,872,71,603,223,1931,606,247
20220404,서울특별시,11,성북구,11290,전라남도,46,49,361,23,107,646,55,393,127,1240,403,185
20220404,서울특별시,11,성북구,11290,전라북도,45,69,373,29,106,619,60,344,132,1455,435,146
20220404,서울특별시,11,성북구,11290,충청남도,44,95,484,42,162,866,71,534,191,1917,637,234
20220404,서울특별시,11,성북구,11290,충청북도,43,81,356,39,142,576,45,411,159,1487,451,142
20220404,서울특별시,11,성북구,11290,강원도,42,78,387,33,130,553,63,418,132,1302,399,167
20220404,서울특별시,11,성북구,11290,경기도,41,740,3928,304,1172,5117,530,3643,1408,13872,4553,1528
20220404,서울특별시,11,성북구,11290,세종특별자치시,36,18,106,8,41,172,20,88,60,400,144,29
20220404,서울특별시,11,성북구,11290,울산광역시,31,55,251,17,61,438,32,243,85,946,289,79
20220404,서울특별시,11,성북구,11290,대전광역시,30,52,348,26,105,539,51,354,122,1393,497,127
20220404,서울특별시,11,성북구,11290,광주광역시,29,71,368,39,105,488,49,306,135,1438,458,114
20220404,서울특별시,11,성북구,11290,인천광역시,28,166,842,62,240,1138,92,737,264,2975,985,304
20220404,서울특별시,11,성북구,11290,대구광역시,27,84,512,30,148,793,76,473,226,2004,665,254
20220404,서울특별시,11,성북구,11290,부산광역시,26,151,799,47,235,1082,100,784,262,2794,960,338
20220404,서울특별시,11,성북구,11290,서울특별시,11,529,3100,422,864,3390,372,2653,832,10170,3923,1380
20220404,서울특별시,11,중랑구,11260,제주특별자치도,50,19,93,5,30,95,21,51,18,122,45,19
20220404,서울특별시,11,중랑구,11260,경상남도,48,78,585,57,342,712,215,655,137,734,243,206
20220404,서울특별시,11,중랑구,11260,경상북도,47,99,449,61,227,519,149,532,115,612,208,157
20220404,서울특별시,11,중랑구,11260,전라남도,46,48,261,43,151,367,100,332,81,390,140,102
20220404,서울특별시,11,중랑구,11260,전라북도,45,52,299,35,175,330,98,326,90,452,152,123
20220404,서울특별시,11,중랑구,11260,충청남도,44,68,486,64,237,467,141,458,110,570,220,131
20220404,서울특별시,11,중랑구,11260,충청북도,43,61,308,39,142,338,109,327,91,434,165,86
20220404,서울특별시,11,중랑구,11260,강원도,42,55,370,38,141,364,114,328,83,422,141,116
20220404,서울특별시,11,중랑구,11260,경기도,41,535,3321,394,1268,3071,1000,2968,687,4287,1561,1051
20220404,서울특별시,11,중랑구,11260,세종특별자치시,36,25,84,9,43,96,22,74,16,103,37,20
20220404,서울특별시,11,중랑구,11260,울산광역시,31,29,252,27,101,220,75,184,56,272,80,55
20220404,서울특별시,11,중랑구,11260,대전광역시,30,54,323,31,138,340,106,314,80,448,139,119
20220404,서울특별시,11,중랑구,11260,광주광역시,29,47,298,43,154,320,104,306,73,475,154,113
20220404,서울특별시,11,중랑구,11260,인천광역시,28,98,682,78,255,642,179,602,142,876,290,219
20220404,서울특별시,11,중랑구,11260,대구광역시,27,66,444,55,200,444,142,462,96,568,204,181
20220404,서울특별시,11,중랑구,11260,부산광역시,26,105,575,65,294,670,198,716,127,807,282,238
20220404,서울특별시,11,중랑구,11260,서울특별시,11,378,2590,251,960,2019,652,2244,471,3044,1277,829
20220404,서울특별시,11,금천구,11545,서울특별시,11,876,1989,530,2727,2466,1176,2430,616,6170,2768,3566
20220404,서울특별시,11,금천구,11545,부산광역시,26,259,487,136,664,621,423,640,140,1557,680,874
20220404,서울특별시,11,금천구,11545,대구광역시,27,167,318,81,482,444,276,442,114,1273,512,698
20220404,서울특별시,11,금천구,11545,인천광역시,28,215,528,86,686,686,258,652,143,1673,786,819
20220404,서울특별시,11,금천구,11545,광주광역시,29,117,233,60,341,285,136,349,81,944,340,421
20220404,서울특별시,11,금천구,11545,대전광역시,30,112,274,59,350,318,141,324,88,904,378,459
20220404,서울특별시,11,금천구,11545,울산광역시,31,69,136,38,230,201,97,218,55,603,246,277
20220404,서울특별시,11,금천구,11545,세종특별자치시,36,47,92,17,92,108,60,73,34,275,123,129
20220404,서울특별시,11,금천구,11545,경기도,41,1145,2450,510,3370,3271,1586,3014,893,8275,3563,3888
20220404,서울특별시,11,금천구,11545,강원도,42,154,244,136,341,359,151,308,106,840,365,339
20220404,서울특별시,11,금천구,11545,충청북도,43,141,263,75,374,335,164,334,76,919,425,416
20220404,서울특별시,11,금천구,11545,충청남도,44,201,374,103,507,482,224,444,122,1210,494,477
20220404,서울특별시,11,금천구,11545,전라북도,45,137,237,107,371,334,155,326,89,844,386,347
20220404,서울특별시,11,금천구,11545,전라남도,46,122,243,143,333,306,189,311,86,859,369,359
20220404,서울특별시,11,금천구,11545,경상북도,47,217,346,163,520,487,193,459,121,1190,549,582
20220404,서울특별시,11,금천구,11545,경상남도,48,252,452,136,660,615,295,541,173,1519,664,713
20220404,서울특별시,11,금천구,11545,제주특별자치도,50,32,83,21,84,91,59,81,14,298,122,112
20220404,서울특별시,11,강서구,11500,울산광역시,31,74,239,75,218,274,73,456,59,772,150,270
20220404,서울특별시,11,강서구,11500,대전광역시,30,87,317,121,369,434,78,694,72,1056,238,424
20220404,서울특별시,11,강서구,11500,광주광역시,29,59,332,152,319,428,81,656,60,1005,213,432
20220404,서울특별시,11,강서구,11500,인천광역시,28,150,711,250,703,848,142,1306,82,2247,456,915
20220404,서울특별시,11,강서구,11500,대구광역시,27,99,436,216,538,617,127,884,101,1449,344,718
20220404,서울특별시,11,강서구,11500,부산광역시,26,147,641,279,700,835,167,1435,157,2319,450,1009
20220404,서울특별시,11,강서구,11500,서울특별시,11,541,2647,1155,2725,3163,517,4709,483,6915,1674,3551
20220404,서울특별시,11,은평구,11380,제주특별자치도,50,12,22,0,14,33,19,26,0,22,27,29
20220404,서울특별시,11,은평구,11380,경상남도,48,94,108,22,74,321,156,263,48,223,195,547
20220404,서울특별시,11,은평구,11380,경상북도,47,72,107,28,49,307,110,240,37,169,154,431
20220404,서울특별시,11,은평구,11380,전라남도,46,58,62,10,57,207,75,125,32,118,74,297
20220404,서울특별시,11,은평구,11380,전라북도,45,50,74,19,54,170,61,149,24,137,104,264
20220404,서울특별시,11,은평구,11380,충청남도,44,57,93,23,66,305,89,249,41,157,138,383
20220404,서울특별시,11,은평구,11380,충청북도,43,75,66,12,38,204,73,138,20,123,105,303
20220404,서울특별시,11,은평구,11380,강원도,42,40,46,15,53,210,74,151,27,111,110,237
20220404,서울특별시,11,은평구,11380,경기도,41,336,721,148,457,1735,623,1389,229,1530,956,2496
20220404,서울특별시,11,은평구,11380,세종특별자치시,36,0,23,0,7,52,21,31,10,25,29,54
20220404,서울특별시,11,은평구,11380,울산광역시,31,41,29,13,17,80,48,89,14,97,57,171
20220404,서울특별시,11,은평구,11380,대전광역시,30,45,60,16,50,150,64,121,14,112,82,261
20220404,서울특별시,11,은평구,11380,광주광역시,29,38,53,28,44,134,55,198,28,126,85,208
20220404,서울특별시,11,은평구,11380,인천광역시,28,70,134,33,70,377,118,283,53,245,185,532
20220404,서울특별시,11,은평구,11380,대구광역시,27,71,146,13,66,234,104,159,29,159,126,363
20220404,서울특별시,11,은평구,11380,부산광역시,26,95,136,30,70,322,117,301,33,212,179,521
20220404,서울특별시,11,은평구,11380,서울특별시,11,255,658,232,336,1144,426,1022,104,976,560,1675
20220404,서울특별시,11,동대문구,11230,제주특별자치도,50,23,93,4,23,120,5,73,4,215,55,24
20220404,서울특별시,11,동대문구,11230,경상남도,48,127,598,60,199,849,62,822,66,1307,272,215
20220404,서울특별시,11,동대문구,11230,경상북도,47,102,460,43,160,664,40,623,46,1066,197,173
20220404,서울특별시,11,동대문구,11230,전라남도,46,64,324,43,69,404,31,385,34,645,131,103
20220404,서울특별시,11,동대문구,11230,전라북도,45,73,290,26,97,378,32,428,27,824,137,123
20220404,서울특별시,11,동대문구,11230,충청남도,44,101,400,49,140,587,38,559,38,992,171,201
20220404,서울특별시,11,동대문구,11230,충청북도,43,92,351,33,121,434,23,446,25,740,140,130
20220404,서울특별시,11,동대문구,11230,강원도,42,79,312,44,91,413,23,448,27,693,113,120
20220404,서울특별시,11,동대문구,11230,경기도,41,831,3010,289,935,3822,260,3967,295,7768,1427,1310
20220404,서울특별시,11,강동구,11740,제주특별자치도,50,12,49,10,24,56,6,47,0,38,46,9
20220404,서울특별시,11,강동구,11740,경상남도,48,113,294,122,157,483,61,480,37,244,267,73
20220404,서울특별시,11,강동구,11740,경상북도,47,117,219,98,136,378,41,369,34,186,167,52
20220404,서울특별시,11,강동구,11740,전라남도,46,74,138,56,100,253,35,290,22,117,129,40
20220404,서울특별시,11,강동구,11740,전라북도,45,62,150,46,96,216,25,260,27,155,116,44
20220404,서울특별시,11,강동구,11740,충청남도,44,90,258,98,123,347,50,341,37,187,155,44
20220404,서울특별시,11,강동구,11740,충청북도,43,76,152,34,89,240,19,266,31,161,144,27
20220404,서울특별시,11,강동구,11740,강원도,42,58,157,31,120,235,41,263,20,124,137,40
20220404,서울특별시,11,강동구,11740,경기도,41,616,1837,590,947,2639,312,2336,228,1899,1549,454
20220404,서울특별시,11,강동구,11740,세종특별자치시,36,19,46,36,28,70,6,66,10,35,36,9
20220404,서울특별시,11,강동구,11740,울산광역시,31,39,83,56,65,171,23,151,22,82,100,32
20220404,서울특별시,11,강동구,11740,대전광역시,30,66,187,49,95,264,30,238,19,158,134,39
20220404,서울특별시,11,강동구,11740,광주광역시,29,65,148,73,94,238,33,222,18,152,121,38
20220404,서울특별시,11,강동구,11740,인천광역시,28,137,330,142,243,539,57,450,54,294,281,88
20220404,서울특별시,11,강동구,11740,대구광역시,27,104,200,115,102,406,37,364,32,228,211,81
20220404,서울특별시,11,강동구,11740,부산광역시,26,97,352,148,174,530,59,491,59,320,301,97
20220404,서울특별시,11,강동구,11740,서울특별시,11,544,1462,464,738,1903,208,2015,166,1375,1211,359
20220404,서울특별시,11,동대문구,11230,세종특별자치시,36,28,88,5,17,101,7,110,8,216,33,30
20220404,서울특별시,11,동대문구,11230,울산광역시,31,34,202,29,53,256,17,256,24,483,75,88
20220404,서울특별시,11,동대문구,11230,대전광역시,30,79,301,28,89,373,30,364,22,793,138,131
20220404,서울특별시,11,동대문구,11230,광주광역시,29,70,238,19,71,345,20,316,32,808,147,129
20220404,서울특별시,11,동대문구,11230,인천광역시,28,161,633,57,184,763,42,895,59,1490,271,256
20220404,서울특별시,11,동대문구,11230,대구광역시,27,81,388,38,151,572,38,495,38,1112,192,178
20220404,서울특별시,11,동대문구,11230,부산광역시,26,144,589,38,168,710,51,891,46,1435,268,260
20220404,서울특별시,11,동대문구,11230,서울특별시,11,678,2097,229,688,2297,181,2629,167,5888,1148,1022
20220404,서울특별시,11,송파구,11710,제주특별자치도,50,8,98,29,27,102,36,42,7,130,56,27
20220404,서울특별시,11,송파구,11710,경상남도,48,79,418,102,192,1066,158,4556,117,766,212,296
20220404,서울특별시,11,송파구,11710,경상북도,47,74,343,75,193,778,127,3997,96,548,172,185
20220404,서울특별시,11,송파구,11710,전라남도,46,31,224,43,111,481,88,2424,63,373,118,110
20220404,서울특별시,11,송파구,11710,전라북도,45,21,225,63,105,484,91,2656,58,437,113,128
20220404,서울특별시,11,송파구,11710,충청남도,44,54,343,78,153,938,113,7158,128,600,175,218
20220404,서울특별시,11,송파구,11710,충청북도,43,52,248,67,129,732,89,5709,102,486,143,173
20220404,서울특별시,11,송파구,11710,강원도,42,44,228,66,135,554,95,3284,60,392,120,134
20220404,서울특별시,11,송파구,11710,경기도,41,385,2464,451,1044,3772,820,9831,425,5248,1449,1175
20220404,서울특별시,11,송파구,11710,세종특별자치시,36,15,65,18,31,310,27,3404,56,116,41,75
20220404,서울특별시,11,송파구,11710,울산광역시,31,23,145,15,60,270,50,878,19,272,62,71
20220404,서울특별시,11,성동구,11200,제주특별자치도,50,30,185,11,34,61,16,39,5,220,170,33
20220404,서울특별시,11,성동구,11200,경상남도,48,136,821,56,432,388,74,348,27,1137,710,232
20220404,서울특별시,11,성동구,11200,경상북도,47,134,556,63,308,356,74,275,20,861,516,199
20220404,서울특별시,11,성동구,11200,전라남도,46,76,389,43,211,226,33,157,18,571,365,122
20220404,서울특별시,11,성동구,11200,전라북도,45,59,465,42,221,185,48,202,15,643,416,108
20220404,서울특별시,11,성동구,11200,충청남도,44,124,615,63,342,276,68,230,31,903,486,187
20220404,서울특별시,11,성동구,11200,충청북도,43,108,458,40,219,191,53,203,11,657,352,125
20220404,서울특별시,11,성동구,11200,강원도,42,77,413,66,232,201,54,193,11,616,382,124
20220404,서울특별시,11,성동구,11200,경기도,41,740,4868,441,2394,2290,485,1917,183,6817,3774,1310
20220404,서울특별시,11,성동구,11200,세종특별자치시,36,13,110,12,56,68,13,59,4,211,116,32
20220404,서울특별시,11,성동구,11200,울산광역시,31,53,240,70,150,133,39,129,12,399,277,85
20220404,서울특별시,11,성동구,11200,대전광역시,30,103,445,33,254,204,44,186,10,616,416,159
20220404,서울특별시,11,성동구,11200,광주광역시,29,69,447,25,196,199,38,172,17,762,375,115
20220404,서울특별시,11,성동구,11200,인천광역시,28,168,942,76,445,400,77,374,31,1308,811,293
20220404,서울특별시,11,성동구,11200,대구광역시,27,77,630,38,308,301,67,281,26,922,610,202
20220404,서울특별시,11,성동구,11200,부산광역시,26,157,957,84,470,377,97,457,38,1294,876,292
20220404,서울특별시,11,성동구,11200,서울특별시,11,601,4536,401,1785,1594,385,1533,126,5769,3166,1135
20220404,서울특별시,11,구로구,11530,서울특별시,11,270,2571,938,1360,2222,720,879,230,2572,852,877
20220404,서울특별시,11,구로구,11530,부산광역시,26,61,578,237,329,647,201,303,47,735,256,226
20220404,서울특별시,11,구로구,11530,대구광역시,27,48,438,296,221,392,232,179,59,524,155,187
20220404,서울특별시,11,구로구,11530,인천광역시,28,66,637,386,310,673,220,327,60,719,295,290
20220404,서울특별시,11,구로구,11530,광주광역시,29,20,314,142,176,261,139,124,32,338,117,103
20220404,서울특별시,11,구로구,11530,대전광역시,30,38,326,85,172,280,173,171,21,341,99,121
20220404,서울특별시,11,구로구,11530,울산광역시,31,26,197,168,103,192,96,72,24,227,75,69
20220404,서울특별시,11,구로구,11530,세종특별자치시,36,15,92,26,38,81,38,36,8,115,27,39
20220404,서울특별시,11,구로구,11530,경기도,41,326,3149,982,1764,3233,1215,1231,352,3735,1315,1239
20220404,서울특별시,11,구로구,11530,강원도,42,43,296,154,171,357,136,108,24,341,93,134
20220404,서울특별시,11,구로구,11530,충청북도,43,43,317,83,184,321,149,114,28,362,126,102
20220404,서울특별시,11,구로구,11530,충청남도,44,43,403,295,264,449,172,167,39,510,150,146
20220404,서울특별시,11,구로구,11530,전라북도,45,28,308,79,189,309,132,139,29,390,117,124
20220404,서울특별시,11,구로구,11530,전라남도,46,30,278,117,166,298,132,125,23,346,103,125
20220404,서울특별시,11,구로구,11530,경상북도,47,31,446,125,293,488,173,210,61,507,173,193
20220404,서울특별시,11,구로구,11530,경상남도,48,48,502,382,313,608,264,258,59,687,253,204
20220404,서울특별시,11,구로구,11530,제주특별자치도,50,4,106,22,47,71,46,41,3,104,28,24
20220404,서울특별시,11,송파구,11710,대전광역시,30,59,236,48,127,936,94,8087,97,424,148,222
20220404,서울특별시,11,송파구,11710,광주광역시,29,42,206,41,94,456,86,2226,40,413,122,154
20220404,서울특별시,11,송파구,11710,인천광역시,28,79,405,69,216,761,157,746,77,904,247,224
20220404,서울특별시,11,송파구,11710,대구광역시,27,68,396,60,173,910,139,7144,117,610,203,242
20220404,서울특별시,11,송파구,11710,부산광역시,26,75,404,101,196,878,168,2878,103,838,277,261
20220404,서울특별시,11,송파구,11710,서울특별시,11,304,2074,491,806,2687,656,3215,223,4238,1201,951
20220404,서울특별시,11,노원구,11350,서울특별시,11,255,1011,160,426,1673,275,1623,445,2106,560,272
20220404,서울특별시,11,노원구,11350,부산광역시,26,73,257,26,112,531,84,489,144,521,154,94
20220404,서울특별시,11,노원구,11350,대구광역시,27,45,162,23,79,340,61,281,90,410,118,51
20220404,서울특별시,11,노원구,11350,인천광역시,28,82,239,27,112,454,78,421,139,532,148,71
20220404,서울특별시,11,노원구,11350,광주광역시,29,34,102,11,65,207,35,136,59,250,68,34
20220404,서울특별시,11,노원구,11350,대전광역시,30,26,85,13,64,206,57,160,80,278,68,26
20220404,서울특별시,11,노원구,11350,울산광역시,31,36,77,8,27,147,27,134,47,193,38,30
20220404,서울특별시,11,노원구,11350,세종특별자치시,36,11,31,3,15,49,16,61,37,95,16,11
20220404,서울특별시,11,노원구,11350,경기도,41,358,1261,160,638,2374,451,2110,787,3170,758,390
20220404,서울특별시,11,노원구,11350,강원도,42,47,153,15,77,260,59,194,80,259,60,38
20220404,서울특별시,11,노원구,11350,충청북도,43,34,110,15,61,244,64,172,79,314,60,57
20220404,서울특별시,11,노원구,11350,충청남도,44,57,162,20,89,314,56,426,107,360,105,55
20220404,서울특별시,11,노원구,11350,전라북도,45,41,100,8,48,232,55,153,66,284,66,51
20220404,서울특별시,11,노원구,11350,전라남도,46,32,120,7,71,276,61,192,54,239,74,59
20220404,서울특별시,11,노원구,11350,경상북도,47,63,165,12,70,443,80,279,100,369,104,56
20220404,서울특별시,11,노원구,11350,경상남도,48,74,214,26,127,499,70,422,155,492,137,87
20220404,서울특별시,11,노원구,11350,제주특별자치도,50,8,30,0,13,33,17,39,12,66,17,4
20220404,서울특별시,11,도봉구,11320,제주특별자치도,50,13,21,5,30,42,5,77,4,142,26,35
20220404,서울특별시,11,도봉구,11320,경상남도,48,65,237,13,301,335,71,458,60,974,271,305
20220404,서울특별시,11,도봉구,11320,경상북도,47,70,162,13,236,253,65,344,41,708,237,199
20220404,서울특별시,11,도봉구,11320,전라남도,46,32,111,11,186,165,42,227,25,524,145,130
20220404,서울특별시,11,도봉구,11320,전라북도,45,39,128,5,153,148,26,225,17,584,134,133
20220404,서울특별시,11,도봉구,11320,충청남도,44,69,121,15,247,257,54,288,42,695,186,178
20220404,서울특별시,11,도봉구,11320,충청북도,43,45,92,9,156,179,46,246,20,537,132,157
20220404,서울특별시,11,도봉구,11320,강원도,42,52,117,11,179,188,48,266,19,488,145,139
20220404,서울특별시,11,도봉구,11320,경기도,41,364,1069,115,1487,1664,387,2324,277,5148,1324,1307
20220404,서울특별시,11,도봉구,11320,세종특별자치시,36,8,25,0,39,43,15,65,5,162,39,28
20220404,서울특별시,11,도봉구,11320,울산광역시,31,28,72,3,99,113,26,164,19,352,108,97
20220404,서울특별시,11,도봉구,11320,대전광역시,30,35,113,9,158,144,27,212,25,469,134,127
20220404,서울특별시,11,도봉구,11320,광주광역시,29,28,94,12,118,125,33,206,20,532,135,145
20220404,서울특별시,11,도봉구,11320,인천광역시,28,63,196,18,304,365,83,438,46,1117,274,289
20220404,서울특별시,11,도봉구,11320,대구광역시,27,54,155,18,215,225,58,366,24,723,166,194
20220404,서울특별시,11,도봉구,11320,부산광역시,26,72,244,19,291,359,73,510,68,1041,265,297
20220404,서울특별시,11,도봉구,11320,서울특별시,11,264,783,133,1089,1053,291,1624,152,3667,863,916
20220404,서울특별시,11,마포구,11440,서울특별시,11,534,3828,1191,4938,5101,328,3829,265,3566,1914,984
20220404,서울특별시,11,마포구,11440,부산광역시,26,137,854,318,1019,1490,67,958,72,728,457,256
20220404,서울특별시,11,마포구,11440,대구광역시,27,87,585,199,750,1114,58,683,48,539,352,163
20220404,서울특별시,11,마포구,11440,인천광역시,28,129,852,245,993,1543,59,928,87,739,455,236
20220404,서울특별시,11,마포구,11440,광주광역시,29,52,382,130,448,639,36,400,34,329,184,125
20220404,서울특별시,11,마포구,11440,대전광역시,30,71,406,129,565,747,58,438,31,356,233,123
20220404,서울특별시,11,마포구,11440,울산광역시,31,41,236,79,285,489,31,299,21,208,141,70
20220404,서울특별시,11,마포구,11440,세종특별자치시,36,17,112,55,176,207,12,122,12,90,71,24
20220404,서울특별시,11,마포구,11440,경기도,41,641,4412,1364,5453,7464,491,4654,386,3918,2538,1170
20220404,서울특별시,11,마포구,11440,강원도,42,81,397,121,594,810,52,471,39,337,213,119
20220404,서울특별시,11,마포구,11440,충청북도,43,66,437,103,551,777,58,497,52,373,238,117
20220404,서울특별시,11,마포구,11440,충청남도,44,100,553,184,715,1117,76,686,56,434,314,173
20220404,서울특별시,11,마포구,11440,전라북도,45,48,414,125,487,773,37,503,33,377,223,91
20220404,서울특별시,11,마포구,11440,전라남도,46,54,344,130,538,809,46,497,45,278,183,84
20220404,서울특별시,11,양천구,11470,제주특별자치도,50,5,31,13,31,37,5,31,0,42,18,17
20220404,서울특별시,11,마포구,11440,경상남도,48,137,770,218,1026,1520,104,945,100,575,400,223
20220404,서울특별시,11,마포구,11440,제주특별자치도,50,23,152,47,126,174,17,121,11,174,83,30
20220404,서울특별시,11,관악구,11620,제주특별자치도,50,9,29,7,13,32,5,18,0,50,31,57
20220404,서울특별시,11,관악구,11620,경상남도,48,60,184,68,96,305,38,131,18,292,359,745
20220404,서울특별시,11,관악구,11620,경상북도,47,37,173,38,89,222,30,89,19,229,282,474
20220404,서울특별시,11,관악구,11620,전라남도,46,23,118,23,53,153,10,74,8,167,186,319
20220404,서울특별시,11,관악구,11620,전라북도,45,31,121,44,67,149,18,58,6,204,165,352
20220404,서울특별시,11,관악구,11620,충청남도,44,21,163,63,70,219,19,115,17,215,225,462
20220404,서울특별시,11,관악구,11620,충청북도,43,39,106,34,63,150,15,61,16,193,185,350
20220404,서울특별시,11,관악구,11620,강원도,42,24,120,37,67,172,29,66,13,158,191,308
20220404,서울특별시,11,관악구,11620,경기도,41,232,1177,446,520,1626,191,611,116,1944,1641,3227
20220404,서울특별시,11,관악구,11620,세종특별자치시,36,6,22,20,13,37,4,12,0,35,41,67
20220404,서울특별시,11,관악구,11620,울산광역시,31,12,58,21,39,93,9,58,0,91,113,226
20220404,서울특별시,11,관악구,11620,대전광역시,30,20,98,38,61,153,21,56,7,146,174,339
20220404,서울특별시,11,관악구,11620,광주광역시,29,20,95,37,57,141,9,55,8,146,161,339
20220404,서울특별시,11,관악구,11620,인천광역시,28,57,218,77,104,325,24,120,15,360,313,753
20220404,서울특별시,11,관악구,11620,대구광역시,27,46,148,68,72,231,32,67,16,239,242,502
20220404,서울특별시,11,관악구,11620,부산광역시,26,41,217,93,128,292,22,130,27,318,330,717
20220404,서울특별시,11,관악구,11620,서울특별시,11,155,1060,679,467,1124,119,563,53,1271,1027,2477
20220404,서울특별시,11,동작구,11590,제주특별자치도,50,14,30,20,24,45,0,24,9,34,15,11
20220404,서울특별시,11,동작구,11590,경상남도,48,121,229,103,159,610,27,196,82,213,108,197
20220404,서울특별시,11,동작구,11590,경상북도,47,86,159,69,108,501,18,135,56,181,101,145
20220404,서울특별시,11,동작구,11590,전라남도,46,71,109,50,69,303,11,124,43,105,54,92
20220404,서울특별시,11,동작구,11590,전라북도,45,65,117,60,69,342,15,103,56,148,74,85
20220404,서울특별시,11,동작구,11590,충청남도,44,89,155,77,120,465,20,169,61,162,98,125
20220404,서울특별시,11,동작구,11590,충청북도,43,75,127,47,60,329,11,123,48,145,59,106
20220404,서울특별시,11,동작구,11590,강원도,42,80,149,61,80,327,10,131,51,105,75,68
20220404,서울특별시,11,동작구,11590,경기도,41,699,1356,527,725,3125,153,943,347,1643,742,999
20220404,서울특별시,11,동작구,11590,세종특별자치시,36,20,27,12,26,89,0,24,15,36,21,30
20220404,서울특별시,11,동작구,11590,울산광역시,31,47,75,33,41,183,10,63,29,89,42,72
20220404,서울특별시,11,동작구,11590,대전광역시,30,68,116,64,86,283,15,77,36,148,64,99
20220404,서울특별시,11,동작구,11590,광주광역시,29,48,92,68,75,292,9,95,35,114,63,78
20220404,서울특별시,11,동작구,11590,인천광역시,28,139,235,90,159,598,27,186,69,243,134,162
20220404,서울특별시,11,동작구,11590,대구광역시,27,69,174,89,86,383,17,149,43,197,109,136
20220404,서울특별시,11,동작구,11590,부산광역시,26,143,192,134,119,551,28,204,42,266,124,198
20220404,서울특별시,11,동작구,11590,서울특별시,11,572,1074,633,546,2070,128,770,233,1299,569,755
20220404,서울특별시,11,광진구,11215,제주특별자치도,50,42,40,47,28,38,19,34,19,99,58,26
20220404,서울특별시,11,광진구,11215,경상남도,48,81,446,70,289,405,77,200,76,528,437,200
20220404,서울특별시,11,광진구,11215,경상북도,47,113,334,56,238,335,89,143,64,403,327,173
20220404,서울특별시,11,광진구,11215,전라남도,46,83,240,25,130,212,48,114,56,273,209,99
20220404,서울특별시,11,광진구,11215,전라북도,45,66,234,18,162,221,53,92,41,321,210,117
20220404,서울특별시,11,광진구,11215,충청남도,44,137,345,45,206,355,66,156,85,428,311,142
20220404,서울특별시,11,광진구,11215,충청북도,43,139,220,27,157,223,59,118,56,315,258,87
20220404,서울특별시,11,광진구,11215,강원도,42,110,219,22,140,253,49,120,43,277,237,105
20220404,서울특별시,11,광진구,11215,경기도,41,877,2332,271,1498,2083,430,1056,510,3435,2292,1095
20220404,서울특별시,11,광진구,11215,세종특별자치시,36,18,97,0,29,45,10,29,13,85,70,20
20220404,서울특별시,11,광진구,11215,울산광역시,31,22,162,15,76,148,32,62,53,196,149,70
20220404,서울특별시,11,광진구,11215,대전광역시,30,101,196,32,138,208,43,90,44,321,253,99
20220404,서울특별시,11,광진구,11215,광주광역시,29,36,216,13,133,212,40,114,50,370,227,100
20220404,서울특별시,11,광진구,11215,인천광역시,28,185,510,47,307,407,101,239,111,691,499,197
20220404,서울특별시,11,광진구,11215,대구광역시,27,120,401,41,180,292,54,117,71,467,351,142
20220404,서울특별시,11,광진구,11215,부산광역시,26,77,550,78,286,419,84,225,85,622,437,245
20220404,서울특별시,11,광진구,11215,서울특별시,11,548,1986,386,1103,1482,270,850,323,2870,1724,723
20220405,서울특별시,11,서대문구,11410,대전광역시,30,3,63,5,33,112,4,78,53,126,25,31
20220405,서울특별시,11,서대문구,11410,광주광역시,29,3,50,9,30,130,8,66,57,138,30,65
20220405,서울특별시,11,서대문구,11410,인천광역시,28,5,104,28,68,290,7,157,138,249,86,42
20220405,서울특별시,11,서대문구,11410,대구광역시,27,6,84,35,58,159,7,92,76,174,54,79
20220405,서울특별시,11,서대문구,11410,부산광역시,26,0,121,11,73,268,9,184,146,244,72,165
20220405,서울특별시,11,서대문구,11410,서울특별시,11,17,626,112,324,804,31,523,360,1256,359,452
20220405,서울특별시,11,강서구,11500,울산광역시,31,39,114,42,96,129,59,249,36,256,62,158
20220405,서울특별시,11,강서구,11500,세종특별자치시,36,14,43,25,40,55,8,84,25,164,54,87
20220405,서울특별시,11,강서구,11500,경기도,41,415,2254,806,1620,2568,507,3491,425,5059,1321,2496
20220405,서울특별시,11,강서구,11500,강원도,42,43,218,55,174,332,65,467,46,1108,162,431
20220405,서울특별시,11,강서구,11500,충청북도,43,62,200,72,174,336,51,432,42,1017,155,372
20220405,서울특별시,11,강서구,11500,충청남도,44,61,264,82,265,412,65,568,62,983,222,438
20220405,서울특별시,11,강서구,11500,전라북도,45,48,172,83,182,249,57,409,35,696,121,297
20220405,서울특별시,11,구로구,11530,광주광역시,29,10,241,46,71,194,32,65,22,390,81,57
20220405,서울특별시,11,구로구,11530,인천광역시,28,42,572,112,175,359,62,114,58,756,132,105
20220405,서울특별시,11,구로구,11530,대구광역시,27,29,374,74,116,233,43,67,36,525,117,72
20220405,서울특별시,11,구로구,11530,부산광역시,26,39,598,101,169,331,63,115,55,716,146,103
20220405,서울특별시,11,구로구,11530,서울특별시,11,172,2283,451,636,1252,162,376,195,2558,545,396
20220405,서울특별시,11,종로구,11110,제주특별자치도,50,17,40,7,16,25,0,13,9,131,64,7
20220405,서울특별시,11,강서구,11500,전라남도,46,40,201,57,160,324,44,445,46,961,139,348
20220405,서울특별시,11,강서구,11500,경상북도,47,71,291,82,219,460,90,590,72,1235,211,506
20220405,서울특별시,11,강서구,11500,경상남도,48,90,482,139,316,571,108,747,71,1151,277,592
20220405,서울특별시,11,강서구,11500,제주특별자치도,50,10,53,14,42,56,14,97,18,166,33,63
20220405,서울특별시,11,노원구,11350,제주특별자치도,50,6,12,3,8,17,7,19,20,52,3,5
20220405,서울특별시,11,노원구,11350,경상남도,48,39,136,10,63,295,39,205,173,406,80,38
20220405,서울특별시,11,노원구,11350,경상북도,47,35,91,12,46,209,41,158,113,305,57,41
20220405,서울특별시,11,노원구,11350,전라남도,46,20,63,9,28,145,20,111,86,214,34,24
20220405,서울특별시,11,노원구,11350,전라북도,45,20,72,4,32,145,25,75,62,264,43,21
20220405,서울특별시,11,노원구,11350,충청남도,44,29,83,21,45,211,47,229,126,355,55,39
20220405,서울특별시,11,노원구,11350,충청북도,43,22,79,8,37,125,22,110,79,227,46,25
20220405,서울특별시,11,노원구,11350,강원도,42,19,68,10,25,127,28,153,92,210,39,21
20220405,서울특별시,11,노원구,11350,경기도,41,173,858,126,368,1502,286,1143,884,2907,486,279
20220405,서울특별시,11,노원구,11350,세종특별자치시,36,0,23,3,11,29,6,30,36,97,6,3
20220405,서울특별시,11,노원구,11350,울산광역시,31,14,39,10,15,76,12,114,69,161,20,19
20220405,서울특별시,11,노원구,11350,대전광역시,30,8,66,6,30,129,17,142,72,218,35,46
20220405,서울특별시,11,노원구,11350,광주광역시,29,20,44,3,38,118,34,104,61,230,26,27
20220405,서울특별시,11,노원구,11350,인천광역시,28,33,142,16,68,339,46,256,174,467,108,53
20220405,서울특별시,11,노원구,11350,대구광역시,27,33,86,13,43,213,20,145,110,342,69,42
20220405,서울특별시,11,노원구,11350,부산광역시,26,46,140,11,55,270,37,320,175,445,82,51
20220405,서울특별시,11,노원구,11350,서울특별시,11,114,766,133,282,1037,172,918,492,1920,351,209
20220405,서울특별시,11,성동구,11200,제주특별자치도,50,11,198,10,33,36,9,25,4,185,60,21
20220405,서울특별시,11,성동구,11200,경상남도,48,75,619,35,308,287,45,215,12,857,267,138
20220405,서울특별시,11,성동구,11200,경상북도,47,77,438,39,245,192,48,170,14,608,210,108
20220405,서울특별시,11,성동구,11200,전라남도,46,45,301,31,158,123,26,96,7,437,132,66
20220405,서울특별시,11,성동구,11200,전라북도,45,38,350,23,146,164,25,98,12,521,154,73
20220405,서울특별시,11,성동구,11200,충청남도,44,63,505,39,238,216,40,138,18,648,168,87
20220405,서울특별시,11,성동구,11200,충청북도,43,46,343,21,135,158,34,89,8,493,150,78
20220405,서울특별시,11,성동구,11200,강원도,42,44,382,28,164,151,29,113,4,471,124,62
20220405,서울특별시,11,성동구,11200,경기도,41,451,4581,383,1487,1461,306,939,109,5396,1447,665
20220405,서울특별시,11,성동구,11200,세종특별자치시,36,8,78,5,55,32,8,29,6,130,56,17
20220405,서울특별시,11,성동구,11200,울산광역시,31,36,253,14,117,83,24,61,5,341,99,46
20220405,서울특별시,11,성동구,11200,대전광역시,30,51,360,41,132,139,30,98,9,516,134,50
20220405,서울특별시,11,성동구,11200,광주광역시,29,45,441,23,132,164,21,81,6,519,156,75
20220405,서울특별시,11,성동구,11200,인천광역시,28,87,927,66,284,255,60,160,26,1079,269,163
20220405,서울특별시,11,성동구,11200,대구광역시,27,71,530,57,208,213,38,153,7,731,214,92
20220405,서울특별시,11,성동구,11200,부산광역시,26,82,863,50,325,248,61,230,23,1016,344,144
20220405,서울특별시,11,성동구,11200,서울특별시,11,340,4375,379,1122,1052,210,839,71,4497,1362,621
20220405,서울특별시,11,용산구,11170,서울특별시,11,205,1414,235,7269,798,144,645,91,1413,741,227
20220405,서울특별시,11,강남구,11680,부산광역시,26,57,602,309,216,578,29,802,82,2353,597,446
20220405,서울특별시,11,양천구,11470,인천광역시,28,30,246,32,100,237,23,193,20,166,66,74
20220405,서울특별시,11,양천구,11470,광주광역시,29,14,69,10,39,103,10,74,4,84,51,30
20220405,서울특별시,11,양천구,11470,대전광역시,30,8,80,18,52,134,14,70,6,88,28,37
20220405,서울특별시,11,양천구,11470,울산광역시,31,6,51,0,35,81,9,48,0,57,25,17
20220405,서울특별시,11,동작구,11590,광주광역시,29,16,64,45,36,161,16,68,20,124,48,46
20220405,서울특별시,11,양천구,11470,세종특별자치시,36,0,16,3,15,27,5,27,0,15,15,9
20220405,서울특별시,11,양천구,11470,경기도,41,132,1168,184,451,1321,125,801,56,1419,502,376
20220405,서울특별시,11,양천구,11470,강원도,42,20,89,19,40,137,16,92,7,98,44,36
20220405,서울특별시,11,양천구,11470,충청북도,43,10,70,16,55,145,9,71,5,119,44,38
20220405,서울특별시,11,양천구,11470,충청남도,44,16,114,37,107,185,15,131,10,118,60,48
20220405,서울특별시,11,양천구,11470,전라북도,45,13,71,21,53,126,8,72,5,77,40,40
20220405,서울특별시,11,양천구,11470,전라남도,46,8,64,13,46,123,14,92,3,80,27,37
20220405,서울특별시,11,양천구,11470,경상북도,47,14,116,19,70,189,21,150,8,91,68,55
20220405,서울특별시,11,양천구,11470,경상남도,48,38,136,25,71,217,19,165,9,139,81,70
20220405,서울특별시,11,양천구,11470,제주특별자치도,50,5,15,3,10,30,5,21,0,29,13,3
20220405,서울특별시,11,중랑구,11260,광주광역시,29,39,198,24,92,171,61,149,31,272,106,81
20220405,서울특별시,11,중랑구,11260,대전광역시,30,58,245,21,115,205,46,176,29,264,82,62
20220405,서울특별시,11,중랑구,11260,울산광역시,31,25,165,14,61,114,42,108,21,208,53,39
20220405,서울특별시,11,강남구,11680,서울특별시,11,324,3218,1354,1025,2104,139,3472,334,8725,2236,2091
20220405,서울특별시,11,중랑구,11260,세종특별자치시,36,13,37,4,22,58,17,36,12,77,27,15
20220405,서울특별시,11,중랑구,11260,경기도,41,300,2264,209,1132,2430,569,1781,350,2972,1035,739
20220405,서울특별시,11,중랑구,11260,강원도,42,31,283,19,117,242,63,167,31,276,102,71
20220405,서울특별시,11,중랑구,11260,충청북도,43,41,201,19,123,265,60,180,48,331,92,56
20220405,서울특별시,11,중랑구,11260,충청남도,44,51,281,37,167,299,78,237,46,356,116,91
20220405,서울특별시,11,중랑구,11260,전라북도,45,38,160,27,111,196,48,243,35,281,80,62
20220405,서울특별시,11,중랑구,11260,전라남도,46,31,179,23,112,198,54,175,32,268,112,65
20220405,서울특별시,11,중랑구,11260,경상북도,47,70,253,36,147,305,76,289,56,375,123,102
20220405,서울특별시,11,중랑구,11260,경상남도,48,61,357,33,161,358,129,328,70,529,163,122
20220405,서울특별시,11,중랑구,11260,제주특별자치도,50,10,52,4,25,37,15,24,12,81,32,18
20220405,서울특별시,11,중구,11140,제주특별자치도,50,23,62,6,9,72,5,20,5,209,72,8
20220405,서울특별시,11,중구,11140,경상남도,48,68,319,47,74,359,52,123,55,1122,225,59
20220405,서울특별시,11,중구,11140,경상북도,47,75,275,35,54,315,30,120,35,789,182,40
20220405,서울특별시,11,중구,11140,전라남도,46,33,183,25,33,167,26,81,18,572,149,25
20220405,서울특별시,11,용산구,11170,부산광역시,26,26,315,32,1602,164,43,184,23,277,150,70
20220405,서울특별시,11,용산구,11170,대구광역시,27,27,238,22,1089,180,17,134,22,214,101,36
20220405,서울특별시,11,용산구,11170,인천광역시,28,44,283,35,1649,212,30,138,36,246,138,61
20220405,서울특별시,11,용산구,11170,광주광역시,29,16,139,16,755,81,9,71,8,130,67,30
20220405,서울특별시,11,용산구,11170,대전광역시,30,21,166,21,947,100,19,75,13,128,76,20
20220405,서울특별시,11,용산구,11170,울산광역시,31,10,101,10,505,55,12,48,8,90,43,14
20220405,서울특별시,11,용산구,11170,세종특별자치시,36,4,31,4,196,27,4,27,9,30,12,8
20220405,서울특별시,11,용산구,11170,경기도,41,199,1610,230,8354,979,210,846,171,1611,772,250
20220405,서울특별시,11,용산구,11170,강원도,42,14,153,22,750,97,21,60,15,96,58,25
20220405,서울특별시,11,용산구,11170,충청북도,43,8,158,23,840,99,15,92,15,144,66,20
20220405,서울특별시,11,용산구,11170,충청남도,44,13,202,25,1226,119,13,95,15,155,91,40
20220405,서울특별시,11,용산구,11170,전라북도,45,21,143,26,784,88,14,75,14,121,56,34
20220405,서울특별시,11,용산구,11170,전라남도,46,24,117,18,798,97,23,75,14,109,55,28
20220405,서울특별시,11,용산구,11170,경상북도,47,15,248,20,1173,150,18,116,27,167,95,40
20220405,서울특별시,11,용산구,11170,경상남도,48,25,303,28,1407,161,30,151,26,202,133,56
20220405,서울특별시,11,용산구,11170,제주특별자치도,50,0,56,5,224,25,6,24,4,49,17,7
20220405,서울특별시,11,마포구,11440,서울특별시,11,241,2960,1139,3169,3053,191,2561,218,2926,1217,490
20220405,서울특별시,11,마포구,11440,부산광역시,26,74,568,222,619,1041,68,563,50,533,271,112
20220405,서울특별시,11,마포구,11440,대구광역시,27,49,346,182,462,616,37,429,40,426,222,78
20220405,서울특별시,11,마포구,11440,인천광역시,28,66,656,215,639,937,56,625,81,564,268,84
20220405,서울특별시,11,마포구,11440,광주광역시,29,22,234,182,268,421,18,280,23,242,130,58
20220405,서울특별시,11,마포구,11440,대전광역시,30,38,283,200,317,459,31,300,47,292,131,42
20220405,서울특별시,11,중구,11140,전라북도,45,52,167,35,40,198,29,72,25,659,122,48
20220405,서울특별시,11,중구,11140,충청남도,44,67,222,48,67,276,33,115,42,779,161,48
20220405,서울특별시,11,중구,11140,충청북도,43,37,167,22,45,266,25,76,27,635,140,25
20220405,서울특별시,11,중구,11140,강원도,42,42,210,36,30,252,29,92,35,553,118,23
20220405,서울특별시,11,중구,11140,경기도,41,501,1887,262,410,2177,317,947,302,6031,1466,358
20220405,서울특별시,11,중구,11140,세종특별자치시,36,14,44,9,8,40,4,22,17,152,49,12
20220405,서울특별시,11,중구,11140,울산광역시,31,24,112,12,22,120,20,60,11,419,83,13
20220405,서울특별시,11,중구,11140,대전광역시,30,39,164,24,47,154,32,69,25,638,152,20
20220405,서울특별시,11,중구,11140,광주광역시,29,41,168,30,42,154,28,71,37,716,140,31
20220405,서울특별시,11,중구,11140,인천광역시,28,94,378,49,82,395,46,183,68,1156,301,67
20220405,서울특별시,11,중구,11140,대구광역시,27,58,258,36,56,274,37,107,46,956,220,46
20220405,서울특별시,11,중구,11140,부산광역시,26,90,401,45,103,403,47,142,69,1346,327,71
20220405,서울특별시,11,중구,11140,서울특별시,11,410,1886,350,360,1816,174,807,173,5359,1212,268
20220405,서울특별시,11,금천구,11545,경기도,41,658,1789,439,1896,2161,959,2494,731,6630,3139,2398
20220405,서울특별시,11,금천구,11545,강원도,42,73,128,76,168,230,127,285,54,675,330,239
20220405,서울특별시,11,금천구,11545,충청북도,43,70,141,56,173,212,94,266,75,694,290,267
20220405,서울특별시,11,금천구,11545,충청남도,44,81,243,90,254,313,133,380,110,895,413,311
20220405,서울특별시,11,금천구,11545,전라북도,45,66,126,70,185,216,86,300,59,715,334,243
20220405,서울특별시,11,금천구,11545,전라남도,46,60,132,84,186,207,161,243,67,635,345,217
20220405,서울특별시,11,금천구,11545,경상북도,47,96,222,78,289,336,208,352,103,915,486,321
20220405,서울특별시,11,금천구,11545,경상남도,48,104,256,95,380,408,245,454,141,1206,578,480
20220405,서울특별시,11,금천구,11545,제주특별자치도,50,20,39,48,55,40,40,70,18,232,111,80
20220405,서울특별시,11,마포구,11440,울산광역시,31,16,176,73,174,291,29,224,71,146,103,40
20220405,서울특별시,11,마포구,11440,세종특별자치시,36,8,53,67,103,143,6,90,15,84,37,9
20220405,서울특별시,11,마포구,11440,경기도,41,331,2808,1237,3476,4553,316,3206,368,3157,1453,613
20220405,서울특별시,11,마포구,11440,강원도,42,40,235,88,367,501,33,326,20,257,117,51
20220405,서울특별시,11,마포구,11440,충청북도,43,33,247,168,301,443,32,364,37,315,131,51
20220405,서울특별시,11,마포구,11440,충청남도,44,32,310,210,379,689,52,504,40,324,161,93
20220405,서울특별시,11,마포구,11440,전라북도,45,26,225,116,304,461,31,322,12,296,120,52
20220405,서울특별시,11,마포구,11440,전라남도,46,21,228,90,283,441,23,346,55,215,121,55
20220405,서울특별시,11,강동구,11740,제주특별자치도,50,9,23,5,13,28,3,47,0,26,19,12
20220405,서울특별시,11,관악구,11620,제주특별자치도,50,4,17,4,10,16,0,20,0,34,15,15
20220405,서울특별시,11,관악구,11620,경상남도,48,17,140,36,46,162,19,70,12,182,166,265
20220405,서울특별시,11,관악구,11620,경상북도,47,14,109,36,39,104,12,52,13,144,108,195
20220405,서울특별시,11,관악구,11620,전라남도,46,12,77,13,36,70,3,41,4,90,80,101
20220405,서울특별시,11,관악구,11620,전라북도,45,6,65,22,27,83,10,47,4,121,75,134
20220405,서울특별시,11,관악구,11620,충청남도,44,18,108,24,37,108,11,56,12,165,123,172
20220405,서울특별시,11,관악구,11620,충청북도,43,16,56,25,44,78,15,40,5,132,93,117
20220405,서울특별시,11,관악구,11620,강원도,42,10,70,18,32,71,5,47,11,124,86,113
20220405,서울특별시,11,마포구,11440,경상북도,47,45,301,140,424,668,36,475,34,347,180,79
20220405,서울특별시,11,마포구,11440,경상남도,48,62,494,209,567,1022,66,631,52,439,249,111
20220405,서울특별시,11,마포구,11440,제주특별자치도,50,12,89,40,75,143,9,47,18,116,55,10
20220405,서울특별시,11,서초구,11650,서울특별시,11,248,1933,930,461,1326,146,1349,146,1915,570,763
20220405,서울특별시,11,서초구,11650,부산광역시,26,60,363,195,106,302,24,248,22,354,112,167
20220405,서울특별시,11,서초구,11650,대구광역시,27,44,241,138,58,184,24,160,19,273,85,113
20220405,서울특별시,11,강북구,11305,서울특별시,11,70,599,74,190,449,30,118,62,1899,424,104
20220405,서울특별시,11,강북구,11305,부산광역시,26,16,144,17,50,109,8,19,18,549,118,39
20220405,서울특별시,11,강북구,11305,대구광역시,27,13,102,10,39,79,7,16,18,374,91,17
20220405,서울특별시,11,강북구,11305,인천광역시,28,11,140,25,43,108,10,34,20,572,103,27
20220405,서울특별시,11,강북구,11305,광주광역시,29,7,81,15,20,43,8,8,9,296,61,5
20220405,서울특별시,11,강북구,11305,대전광역시,30,8,67,15,23,64,10,6,10,303,67,11
20220405,서울특별시,11,강북구,11305,울산광역시,31,4,48,12,19,43,4,3,4,180,43,11
20220405,서울특별시,11,강북구,11305,세종특별자치시,36,0,11,0,5,10,0,0,0,76,23,3
20220405,서울특별시,11,강북구,11305,경기도,41,105,766,100,282,586,45,147,132,2771,644,172
20220405,서울특별시,11,강북구,11305,강원도,42,11,68,9,23,51,4,7,12,290,70,7
20220405,서울특별시,11,강북구,11305,충청북도,43,10,84,17,21,54,3,17,14,296,67,11
20220405,서울특별시,11,관악구,11620,경기도,41,126,857,350,376,826,116,372,97,1360,844,1252
20220405,서울특별시,11,관악구,11620,세종특별자치시,36,4,10,11,4,15,5,14,0,25,17,40
20220405,서울특별시,11,관악구,11620,울산광역시,31,5,36,23,18,56,11,20,7,65,55,77
20220405,서울특별시,11,관악구,11620,대전광역시,30,11,68,39,33,77,10,39,6,112,78,124
20220405,서울특별시,11,강동구,11740,경상남도,48,68,151,90,142,262,30,352,26,200,85,89
20220405,서울특별시,11,강동구,11740,경상북도,47,68,128,72,78,205,24,283,25,139,59,72
20220405,서울특별시,11,강동구,11740,전라남도,46,38,69,49,64,170,11,202,10,81,41,39
20220405,서울특별시,11,도봉구,11320,제주특별자치도,50,6,13,5,12,26,4,41,4,66,15,10
20220405,서울특별시,11,도봉구,11320,경상남도,48,43,120,10,126,173,36,267,48,541,135,80
20220405,서울특별시,11,도봉구,11320,경상북도,47,46,101,3,116,135,18,216,17,452,127,64
20220405,서울특별시,11,도봉구,11320,전라남도,46,26,54,5,70,80,16,124,14,294,81,45
20220405,서울특별시,11,도봉구,11320,전라북도,45,25,59,5,65,79,32,105,15,312,78,36
20220405,서울특별시,11,도봉구,11320,충청남도,44,19,100,21,109,115,25,150,27,410,92,52
20220405,서울특별시,11,도봉구,11320,충청북도,43,18,74,10,84,84,21,126,16,308,68,39
20220405,서울특별시,11,도봉구,11320,강원도,42,29,65,6,90,78,26,134,12,304,75,35
20220405,서울특별시,11,도봉구,11320,경기도,41,230,717,115,725,889,207,1229,179,3141,702,403
20220405,서울특별시,11,도봉구,11320,세종특별자치시,36,3,23,0,23,21,4,25,3,82,19,8
20220405,서울특별시,11,도봉구,11320,울산광역시,31,9,20,0,43,59,17,92,12,195,51,33
20220405,서울특별시,11,도봉구,11320,대전광역시,30,18,53,0,69,70,20,98,17,314,66,37
20220405,서울특별시,11,도봉구,11320,광주광역시,29,12,58,5,57,98,17,162,10,318,72,33
20220405,서울특별시,11,도봉구,11320,인천광역시,28,38,135,16,122,164,30,246,32,653,120,72
20220405,서울특별시,11,도봉구,11320,대구광역시,27,28,92,9,76,147,23,169,27,453,83,58
20220405,서울특별시,11,도봉구,11320,부산광역시,26,30,99,14,121,175,43,275,33,637,139,91
20220405,서울특별시,11,도봉구,11320,서울특별시,11,154,522,95,559,591,159,902,76,2134,423,267
20220405,서울특별시,11,강동구,11740,전라북도,45,38,89,54,54,156,16,173,9,113,40,38
20220405,서울특별시,11,강동구,11740,충청남도,44,54,153,110,93,192,20,231,25,131,51,70
20220405,서울특별시,11,강동구,11740,충청북도,43,50,82,57,71,142,21,216,20,130,43,40
20220405,서울특별시,11,강동구,11740,강원도,42,54,97,48,67,139,23,173,9,99,43,35
20220405,서울특별시,11,강동구,11740,경기도,41,428,1023,473,689,1446,192,1730,150,1544,513,460
20220405,서울특별시,11,강동구,11740,세종특별자치시,36,14,28,30,18,36,4,44,7,25,6,12
20220405,서울특별시,11,강동구,11740,울산광역시,31,25,47,41,35,98,8,100,6,72,26,36
20220405,서울특별시,11,강동구,11740,대전광역시,30,46,75,58,58,126,14,175,11,100,48,52
20220405,서울특별시,11,강동구,11740,광주광역시,29,36,82,90,62,129,22,148,16,102,42,38
20220405,서울특별시,11,강동구,11740,인천광역시,28,67,171,120,123,289,21,342,37,233,107,96
20220405,서울특별시,11,강동구,11740,대구광역시,27,63,117,110,95,203,23,252,15,187,87,74
20220405,서울특별시,11,강동구,11740,부산광역시,26,86,181,140,123,327,27,382,28,280,103,112
20220405,서울특별시,11,강동구,11740,서울특별시,11,282,893,431,483,1139,128,1439,117,1091,421,354
20220405,서울특별시,11,동작구,11590,서울특별시,11,233,739,383,322,1154,75,582,114,994,442,427
20220405,서울특별시,11,동작구,11590,부산광역시,26,66,154,75,81,354,13,117,25,213,98,103
20220405,서울특별시,11,동작구,11590,대구광역시,27,33,85,64,47,237,15,117,16,155,55,74
20220405,서울특별시,11,동작구,11590,인천광역시,28,73,161,57,79,318,20,143,37,226,109,96
20220405,서울특별시,11,강북구,11305,충청남도,44,8,102,17,41,90,3,18,21,388,92,19
20220405,서울특별시,11,강북구,11305,전라북도,45,9,75,11,27,52,6,16,14,344,87,14
20220405,서울특별시,11,강북구,11305,전라남도,46,15,72,8,41,50,4,16,10,291,83,11
20220405,서울특별시,11,강북구,11305,경상북도,47,13,110,16,46,87,9,22,23,416,85,24
20220405,서울특별시,11,강북구,11305,경상남도,48,12,139,13,59,86,8,25,28,530,124,24
20220405,서울특별시,11,강북구,11305,제주특별자치도,50,0,15,5,4,9,0,6,5,48,15,0
20220405,서울특별시,11,서초구,11650,인천광역시,28,63,319,226,102,320,32,224,40,379,107,173
20220405,서울특별시,11,서초구,11650,광주광역시,29,26,167,110,54,140,22,108,7,196,59,69
20220405,서울특별시,11,서초구,11650,대전광역시,30,33,188,94,49,177,22,118,14,169,42,97
20220405,서울특별시,11,서초구,11650,울산광역시,31,13,101,68,36,87,9,79,7,118,35,46
20220405,서울특별시,11,서초구,11650,세종특별자치시,36,7,44,57,20,47,5,39,10,48,11,26
20220405,서울특별시,11,서초구,11650,경기도,41,294,1973,1129,528,1748,174,1140,188,2514,677,895
20220405,서울특별시,11,서초구,11650,강원도,42,20,165,128,53,136,14,139,18,183,56,81
20220405,서울특별시,11,서초구,11650,충청북도,43,23,145,105,52,144,13,106,18,196,46,85
20220405,서울특별시,11,서초구,11650,충청남도,44,26,236,157,82,232,21,136,43,274,88,118
20220405,서울특별시,11,서초구,11650,전라북도,45,22,150,118,71,127,13,99,15,181,56,85
20220405,서울특별시,11,서초구,11650,전라남도,46,24,109,90,46,146,13,105,17,158,49,83
20220405,서울특별시,11,관악구,11620,광주광역시,29,8,72,39,36,68,8,40,8,99,87,102
20220405,서울특별시,11,관악구,11620,인천광역시,28,22,159,59,63,145,12,104,24,228,191,239
20220405,서울특별시,11,관악구,11620,대구광역시,27,23,101,42,42,103,12,58,12,137,126,206
20220405,서울특별시,11,관악구,11620,부산광역시,26,23,126,73,45,134,20,70,13,247,162,265
20220405,서울특별시,11,관악구,11620,서울특별시,11,94,787,542,254,544,42,381,35,928,518,913
20220405,서울특별시,11,광진구,11215,서울특별시,11,333,1361,141,713,745,134,537,170,2023,1124,355
20220405,서울특별시,11,광진구,11215,부산광역시,26,194,385,30,160,239,45,140,51,507,300,120
20220405,서울특별시,11,광진구,11215,대구광역시,27,103,263,23,127,143,27,79,28,337,239,58
20220405,서울특별시,11,광진구,11215,인천광역시,28,126,344,25,177,241,44,132,48,454,325,108
20220405,서울특별시,11,광진구,11215,광주광역시,29,102,172,12,75,111,26,51,17,245,177,37
20220405,서울특별시,11,서초구,11650,경상북도,47,21,209,140,68,259,11,166,23,259,95,107
20220405,서울특별시,11,서초구,11650,경상남도,48,43,276,170,74,293,32,232,37,372,104,172
20220405,서울특별시,11,서초구,11650,제주특별자치도,50,13,47,19,20,30,4,25,0,66,30,16
20220405,서울특별시,11,중랑구,11260,서울특별시,11,277,1959,164,862,1435,358,1287,186,1974,799,483
20220405,서울특별시,11,중랑구,11260,부산광역시,26,68,361,48,162,363,117,356,60,564,204,143
20220405,서울특별시,11,광진구,11215,대전광역시,30,54,140,17,68,134,22,67,20,216,162,48
20220405,서울특별시,11,중랑구,11260,대구광역시,27,49,253,32,137,307,72,398,45,393,146,119
20220405,서울특별시,11,중랑구,11260,인천광역시,28,59,469,42,250,479,97,348,75,570,211,136
20220405,서울특별시,11,양천구,11470,서울특별시,11,111,852,168,376,903,87,612,36,986,347,276
20220405,서울특별시,11,양천구,11470,부산광역시,26,19,140,26,73,253,19,154,10,193,81,92
20220405,서울특별시,11,동작구,11590,제주특별자치도,50,9,16,8,4,38,0,14,4,34,7,5
20220405,서울특별시,11,동작구,11590,경상남도,48,68,123,79,76,355,19,160,37,174,77,86
20220405,서울특별시,11,동작구,11590,경상북도,47,46,87,52,60,268,10,145,43,158,70,78
20220405,서울특별시,11,동작구,11590,전라남도,46,28,66,42,30,179,12,84,26,108,44,49
20220405,서울특별시,11,동작구,11590,전라북도,45,23,80,49,33,195,7,77,31,118,54,61
20220405,서울특별시,11,동작구,11590,충청남도,44,44,115,55,53,248,13,116,47,141,63,70
20220405,서울특별시,11,동작구,11590,충청북도,43,36,58,22,41,212,12,100,21,114,48,53
20220405,서울특별시,11,동작구,11590,강원도,42,24,76,38,28,188,19,122,33,94,35,45
20220405,서울특별시,11,동작구,11590,경기도,41,312,852,390,402,1693,112,770,195,1440,544,517
20220405,서울특별시,11,동작구,11590,세종특별자치시,36,0,15,9,11,31,0,37,8,27,13,15
20220405,서울특별시,11,동작구,11590,울산광역시,31,15,38,36,18,105,5,50,14,74,26,36
20220405,서울특별시,11,동작구,11590,대전광역시,30,38,73,40,38,192,9,68,16,94,52,42
20220405,서울특별시,11,양천구,11470,대구광역시,27,18,115,24,61,148,11,100,6,129,59,33
20220405,서울특별시,11,종로구,11110,서울특별시,11,222,1319,451,498,685,69,647,146,2815,984,186
20220405,서울특별시,11,종로구,11110,부산광역시,26,46,310,51,100,146,21,88,45,887,292,55
20220405,서울특별시,11,종로구,11110,대구광역시,27,31,195,39,56,112,16,71,33,554,179,35
20220405,서울특별시,11,영등포구,11560,충청남도,44,30,362,42,209,286,17,348,46,180,111,102
20220405,서울특별시,11,영등포구,11560,충청북도,43,20,235,38,120,233,17,287,51,171,59,79
20220405,서울특별시,11,영등포구,11560,강원도,42,28,213,29,144,246,15,263,33,132,56,79
20220405,서울특별시,11,영등포구,11560,경기도,41,212,2717,386,1435,2066,161,2865,449,1779,895,970
20220405,서울특별시,11,영등포구,11560,세종특별자치시,36,3,60,37,31,50,3,78,13,43,31,19
20220405,서울특별시,11,영등포구,11560,울산광역시,31,14,161,22,82,132,9,171,24,94,36,53
20220405,서울특별시,11,영등포구,11560,대전광역시,30,10,236,33,134,189,13,272,51,120,59,74
20220405,서울특별시,11,영등포구,11560,광주광역시,29,23,217,24,126,208,18,273,27,138,68,77
20220405,서울특별시,11,종로구,11110,인천광역시,28,59,288,50,96,143,26,116,52,793,272,43
20220405,서울특별시,11,종로구,11110,광주광역시,29,32,121,38,40,64,11,40,40,493,123,19
20220405,서울특별시,11,종로구,11110,대전광역시,30,23,137,32,53,73,6,38,37,413,152,18
20220405,서울특별시,11,종로구,11110,울산광역시,31,8,97,15,29,51,4,30,17,262,105,8
20220405,서울특별시,11,종로구,11110,세종특별자치시,36,4,40,7,15,35,0,21,4,99,41,5
20220405,서울특별시,11,종로구,11110,경기도,41,256,1650,270,538,970,118,732,319,3935,1334,238
20220405,서울특별시,11,종로구,11110,강원도,42,27,151,21,44,87,9,65,47,353,144,33
20220405,서울특별시,11,종로구,11110,충청북도,43,33,162,22,57,99,8,54,38,430,120,29
20220405,서울특별시,11,영등포구,11560,전라북도,45,23,270,51,108,208,13,272,21,154,57,80
20220405,서울특별시,11,영등포구,11560,전라남도,46,16,261,29,132,188,24,280,36,99,44,89
20220405,서울특별시,11,영등포구,11560,경상북도,47,23,403,41,201,310,21,402,55,195,104,156
20220405,서울특별시,11,영등포구,11560,경상남도,48,31,473,48,216,381,25,530,76,244,116,150
20220405,서울특별시,11,영등포구,11560,제주특별자치도,50,9,75,11,32,47,0,68,16,47,19,16
20220405,서울특별시,11,성북구,11290,제주특별자치도,50,14,61,7,10,84,0,26,24,329,85,38
20220405,서울특별시,11,성북구,11290,경상남도,48,70,452,36,108,640,51,282,200,1925,543,199
20220405,서울특별시,11,성북구,11290,경상북도,47,52,347,42,104,490,35,242,174,1402,360,138
20220405,서울특별시,11,성북구,11290,전라남도,46,44,204,20,74,368,25,145,89,966,274,95
20220405,서울특별시,11,성북구,11290,전라북도,45,38,222,24,46,339,20,169,104,1117,288,94
20220405,서울특별시,11,성북구,11290,충청남도,44,47,310,35,90,447,50,249,128,1338,387,121
20220405,서울특별시,11,성북구,11290,충청북도,43,37,235,28,74,343,27,202,108,1034,289,78
20220405,서울특별시,11,성북구,11290,강원도,42,35,223,27,63,331,30,220,130,1023,283,107
20220405,서울특별시,11,성북구,11290,경기도,41,418,2387,288,661,2757,325,1960,1132,10332,3071,926
20220405,서울특별시,11,성북구,11290,세종특별자치시,36,7,62,6,18,68,14,60,42,248,87,30
20220405,서울특별시,11,성북구,11290,울산광역시,31,21,157,21,37,170,17,105,71,721,182,49
20220405,서울특별시,11,성북구,11290,대전광역시,30,30,255,16,51,237,33,208,108,1002,305,97
20220405,서울특별시,11,영등포구,11560,인천광역시,28,55,592,65,269,445,55,604,121,303,181,197
20220405,서울특별시,11,영등포구,11560,대구광역시,27,19,376,73,178,318,18,352,53,196,80,169
20220405,서울특별시,11,영등포구,11560,부산광역시,26,28,557,93,241,373,26,520,61,276,130,169
20220405,서울특별시,11,영등포구,11560,서울특별시,11,155,2240,343,1089,1424,145,2337,223,1392,794,801
20220405,서울특별시,11,종로구,11110,충청남도,44,45,205,24,55,131,16,89,42,569,205,44
20220405,서울특별시,11,성북구,11290,광주광역시,29,39,233,29,55,268,23,121,82,1010,295,99
20220405,서울특별시,11,성북구,11290,인천광역시,28,71,472,50,114,566,59,410,257,2094,641,181
20220405,서울특별시,11,성북구,11290,대구광역시,27,53,341,27,85,377,39,287,146,1520,452,155
20220405,서울특별시,11,성북구,11290,부산광역시,26,87,431,37,121,551,59,345,198,1978,577,196
20220405,서울특별시,11,성북구,11290,서울특별시,11,333,1999,254,505,1737,199,1476,688,7181,2684,926
20220405,서울특별시,11,송파구,11710,서울특별시,11,134,1507,482,427,1573,264,2176,131,2947,945,542
20220405,서울특별시,11,송파구,11710,부산광역시,26,27,310,117,92,530,87,2439,57,574,217,163
20220405,서울특별시,11,송파구,11710,대구광역시,27,41,208,48,134,827,51,7030,112,388,143,184
20220405,서울특별시,11,송파구,11710,인천광역시,28,32,310,151,99,422,80,406,64,642,196,126
20220405,서울특별시,11,송파구,11710,광주광역시,29,19,136,40,76,405,55,2546,51,301,73,79
20220405,서울특별시,11,종로구,11110,전라북도,45,27,142,19,35,99,5,66,66,412,148,23
20220405,서울특별시,11,종로구,11110,전라남도,46,26,107,24,47,95,7,65,36,417,123,22
20220405,서울특별시,11,종로구,11110,경상북도,47,23,190,29,72,126,14,79,38,569,170,28
20220405,서울특별시,11,종로구,11110,경상남도,48,45,268,51,82,175,21,116,58,724,256,38
20220405,서울특별시,11,광진구,11215,울산광역시,31,76,130,6,44,63,23,44,12,113,93,45
20220405,서울특별시,11,광진구,11215,세종특별자치시,36,8,50,0,25,28,8,13,6,67,46,11
20220405,서울특별시,11,광진구,11215,경기도,41,459,1555,158,860,1184,231,631,261,2642,1547,480
20220405,서울특별시,11,광진구,11215,강원도,42,50,156,10,65,130,30,57,17,201,167,45
20220405,서울특별시,11,송파구,11710,대전광역시,30,33,160,53,66,656,50,7418,73,275,105,143
20220405,서울특별시,11,송파구,11710,울산광역시,31,11,71,73,31,144,24,836,13,184,72,40
20220405,서울특별시,11,송파구,11710,세종특별자치시,36,11,39,24,21,260,17,3076,39,76,28,50
20220405,서울특별시,11,금천구,11545,세종특별자치시,36,21,39,16,43,56,37,83,41,238,86,82
20220405,서울특별시,11,금천구,11545,울산광역시,31,35,87,35,121,131,89,142,65,509,241,179
20220405,서울특별시,11,금천구,11545,대전광역시,30,63,139,72,208,214,88,311,83,720,320,242
20220405,서울특별시,11,금천구,11545,광주광역시,29,56,158,49,176,178,138,293,73,773,295,229
20220405,서울특별시,11,금천구,11545,인천광역시,28,116,353,81,355,441,203,539,158,1393,632,486
20220405,서울특별시,11,금천구,11545,대구광역시,27,89,231,59,263,313,220,378,102,978,485,400
20220405,서울특별시,11,금천구,11545,부산광역시,26,102,274,111,399,400,220,543,129,1249,615,559
20220405,서울특별시,11,금천구,11545,서울특별시,11,510,1402,432,1612,1748,712,2246,535,4911,2288,2135
20220405,서울특별시,11,송파구,11710,경기도,41,232,1794,581,559,2399,449,9101,277,4053,1043,725
20220405,서울특별시,11,송파구,11710,강원도,42,24,165,66,69,407,43,3189,68,278,89,99
20220405,서울특별시,11,송파구,11710,충청북도,43,23,185,45,47,550,48,5146,66,310,109,116
20220405,서울특별시,11,송파구,11710,충청남도,44,32,231,90,106,747,61,6701,99,390,136,168
20220405,서울특별시,11,송파구,11710,전라북도,45,20,148,80,60,342,48,2797,57,275,87,92
20220405,서울특별시,11,송파구,11710,전라남도,46,21,127,91,64,353,44,2762,46,270,68,89
20220405,서울특별시,11,송파구,11710,경상북도,47,23,242,75,91,619,69,4151,73,394,117,142
20220405,서울특별시,11,송파구,11710,경상남도,48,39,283,201,113,829,66,4929,92,500,144,181
20220405,서울특별시,11,송파구,11710,제주특별자치도,50,4,53,44,12,62,13,43,7,75,25,11
20220405,서울특별시,11,은평구,11380,서울특별시,11,93,564,120,190,754,206,751,66,747,502,712
20220405,서울특별시,11,은평구,11380,부산광역시,26,14,103,18,29,185,57,188,29,158,159,238
20220405,서울특별시,11,은평구,11380,대구광역시,27,16,71,7,36,134,46,107,26,137,96,156
20220405,서울특별시,11,은평구,11380,인천광역시,28,25,102,22,37,186,46,215,32,160,178,217
20220405,서울특별시,11,은평구,11380,광주광역시,29,9,38,4,12,90,39,105,19,89,61,96
20220405,서울특별시,11,은평구,11380,대전광역시,30,10,47,13,19,122,26,106,11,67,81,109
20220405,서울특별시,11,은평구,11380,울산광역시,31,6,19,8,11,71,22,62,21,48,68,86
20220405,서울특별시,11,은평구,11380,세종특별자치시,36,6,13,3,6,27,7,24,0,22,19,33
20220405,서울특별시,11,은평구,11380,경기도,41,126,624,129,268,1075,314,1041,136,1201,768,1143
20220405,서울특별시,11,은평구,11380,강원도,42,17,46,7,22,129,29,137,7,63,84,117
20220405,서울특별시,11,은평구,11380,충청북도,43,17,42,8,29,134,37,115,13,107,100,124
20220405,서울특별시,11,은평구,11380,충청남도,44,18,84,15,49,176,55,164,21,120,96,151
20220405,서울특별시,11,은평구,11380,전라북도,45,12,51,5,15,123,24,102,10,86,85,127
20220405,서울특별시,11,강남구,11680,대구광역시,27,62,420,208,183,355,39,515,52,1610,369,321
20220405,서울특별시,11,강남구,11680,인천광역시,28,74,596,328,234,483,43,776,89,2387,548,429
20220405,서울특별시,11,강남구,11680,광주광역시,29,20,239,130,113,212,13,301,24,1262,268,218
20220405,서울특별시,11,강남구,11680,대전광역시,30,39,279,146,130,231,18,431,42,1277,292,196
20220405,서울특별시,11,강남구,11680,울산광역시,31,18,166,90,102,142,13,260,21,697,175,137
20220405,서울특별시,11,강남구,11680,세종특별자치시,36,14,89,48,36,60,4,123,14,291,86,57
20220405,서울특별시,11,강남구,11680,경기도,41,411,3721,1663,1233,2905,234,3956,537,11618,2796,2118
20220405,서울특별시,11,강남구,11680,강원도,42,40,266,87,106,264,12,414,46,1077,278,168
20220405,서울특별시,11,강남구,11680,충청북도,43,41,249,108,146,255,16,425,39,1213,269,193
20220405,서울특별시,11,강남구,11680,충청남도,44,38,353,176,166,342,22,606,50,1577,367,261
20220405,서울특별시,11,강남구,11680,전라북도,45,35,247,98,96,229,18,383,36,1297,263,194
20220405,서울특별시,11,강남구,11680,전라남도,46,22,217,88,140,246,11,437,25,980,230,170
20220405,서울특별시,11,강남구,11680,경상북도,47,51,366,129,170,346,21,599,54,1558,360,270
20220405,서울특별시,11,강남구,11680,경상남도,48,74,493,214,203,486,27,778,77,1891,500,473
20220405,서울특별시,11,강남구,11680,제주특별자치도,50,12,109,37,42,73,8,141,14,236,75,51
20220405,서울특별시,11,광진구,11215,충청북도,43,69,140,9,88,135,22,70,20,231,165,46
20220405,서울특별시,11,광진구,11215,충청남도,44,97,208,19,121,178,38,103,36,287,229,70
20220405,서울특별시,11,광진구,11215,전라북도,45,113,160,14,70,157,28,58,36,233,173,78
20220405,서울특별시,11,광진구,11215,전라남도,46,98,146,10,65,111,19,44,18,193,145,35
20220405,서울특별시,11,광진구,11215,경상북도,47,138,257,13,126,173,28,84,31,246,218,60
20220405,서울특별시,11,광진구,11215,경상남도,48,228,315,13,151,206,51,110,47,400,309,95
20220405,서울특별시,11,광진구,11215,제주특별자치도,50,25,40,7,17,28,7,22,4,63,35,8
20220405,서울특별시,11,동대문구,11230,제주특별자치도,50,24,66,15,24,57,12,32,6,184,36,8
20220405,서울특별시,11,동대문구,11230,경상남도,48,67,402,33,102,406,37,385,118,1110,184,80
20220405,서울특별시,11,동대문구,11230,경상북도,47,66,296,39,102,315,33,268,89,868,121,74
20220405,서울특별시,11,동대문구,11230,전라남도,46,32,221,29,50,238,13,265,61,563,98,39
20220405,서울특별시,11,동대문구,11230,전라북도,45,53,178,28,57,200,21,189,46,628,116,55
20220405,서울특별시,11,동대문구,11230,충청남도,44,65,274,40,80,323,29,302,72,825,121,68
20220405,서울특별시,11,동대문구,11230,충청북도,43,35,218,32,54,184,18,192,58,648,84,52
20220405,서울특별시,11,동대문구,11230,강원도,42,44,217,22,58,223,20,224,42,537,102,68
20220405,서울특별시,11,동대문구,11230,경기도,41,461,2092,246,547,2062,254,1777,555,6196,1075,504
20220405,서울특별시,11,동대문구,11230,세종특별자치시,36,15,49,13,17,39,4,67,22,169,24,11
20220405,서울특별시,11,동대문구,11230,울산광역시,31,19,124,15,31,142,8,143,38,423,66,28
20220405,서울특별시,11,동대문구,11230,대전광역시,30,51,190,28,60,189,23,200,62,613,114,50
20220405,서울특별시,11,은평구,11380,전라남도,46,8,46,9,13,102,31,107,19,84,97,138
20220405,서울특별시,11,은평구,11380,경상북도,47,11,75,16,29,178,51,155,29,108,157,180
20220405,서울특별시,11,은평구,11380,경상남도,48,14,91,14,37,204,53,205,34,149,161,249
20220405,서울특별시,11,은평구,11380,제주특별자치도,50,3,15,0,0,22,0,22,5,14,18,15
20220405,서울특별시,11,강서구,11500,서울특별시,11,301,1782,776,1284,1651,295,2596,219,3058,943,1742
20220405,서울특별시,11,강서구,11500,부산광역시,26,47,386,153,294,473,82,782,80,843,260,437
20220405,서울특별시,11,강서구,11500,대구광역시,27,75,284,118,211,299,66,468,49,581,197,263
20220405,서울특별시,11,강서구,11500,인천광역시,28,98,470,151,342,498,70,654,79,832,221,455
20220405,서울특별시,11,강서구,11500,광주광역시,29,23,167,54,149,225,38,413,46,425,120,216
20220405,서울특별시,11,강서구,11500,대전광역시,30,35,179,63,154,241,52,328,39,398,132,196
20220405,서울특별시,11,서대문구,11410,제주특별자치도,50,0,19,4,5,13,0,4,12,42,12,7
20220405,서울특별시,11,서대문구,11410,경상남도,48,4,102,13,62,253,14,169,160,231,55,132
20220405,서울특별시,11,서대문구,11410,경상북도,47,0,86,12,52,185,8,85,82,193,49,59
20220405,서울특별시,11,서대문구,11410,전라남도,46,0,52,12,24,163,3,74,59,105,23,13
20220405,서울특별시,11,서대문구,11410,전라북도,45,0,61,7,32,145,3,81,57,121,38,32
20220405,서울특별시,11,서대문구,11410,충청남도,44,4,92,26,58,194,3,113,99,166,48,53
20220405,서울특별시,11,서대문구,11410,충청북도,43,5,59,7,42,140,8,82,74,143,40,24
20220405,서울특별시,11,서대문구,11410,강원도,42,0,51,7,51,155,5,67,67,118,33,19
20220405,서울특별시,11,서대문구,11410,경기도,41,40,612,126,336,1273,60,679,659,1550,353,462
20220405,서울특별시,11,서대문구,11410,세종특별자치시,36,0,14,0,5,28,0,18,16,41,13,10
20220405,서울특별시,11,서대문구,11410,울산광역시,31,3,38,6,18,73,3,50,56,74,18,219
20220405,서울특별시,11,동대문구,11230,광주광역시,29,45,181,26,33,161,13,146,53,619,114,50
20220405,서울특별시,11,동대문구,11230,인천광역시,28,92,433,36,126,356,46,362,106,1244,203,122
20220405,서울특별시,11,동대문구,11230,대구광역시,27,66,260,28,71,294,22,235,77,884,151,69
20220405,서울특별시,11,동대문구,11230,부산광역시,26,86,424,35,101,369,44,372,85,1201,213,121
20220405,서울특별시,11,동대문구,11230,서울특별시,11,389,1633,203,444,1256,141,1236,284,4513,858,415
20220405,서울특별시,11,구로구,11530,제주특별자치도,50,7,92,30,46,44,6,19,7,119,13,11
20220405,서울특별시,11,구로구,11530,경상남도,48,31,515,108,160,308,62,90,49,696,140,109
20220405,서울특별시,11,구로구,11530,경상북도,47,20,328,62,125,259,49,75,42,565,126,78
20220405,서울특별시,11,구로구,11530,전라남도,46,16,238,45,81,167,30,62,31,363,75,56
20220405,서울특별시,11,구로구,11530,전라북도,45,23,217,36,81,159,32,50,27,426,85,52
20220405,서울특별시,11,구로구,11530,충청남도,44,33,362,88,143,252,57,83,33,503,110,75
20220405,서울특별시,11,구로구,11530,충청북도,43,24,262,56,103,210,47,52,29,367,89,45
20220405,서울특별시,11,구로구,11530,강원도,42,18,252,57,90,193,41,49,22,339,75,45
20220405,서울특별시,11,구로구,11530,경기도,41,229,2803,566,908,1761,344,539,283,3792,859,593
20220405,서울특별시,11,구로구,11530,세종특별자치시,36,6,69,11,13,49,8,11,11,101,13,10
20220405,서울특별시,11,구로구,11530,울산광역시,31,10,162,23,46,84,32,34,27,251,37,33
20220405,서울특별시,11,구로구,11530,대전광역시,30,23,294,46,90,155,37,52,24,342,69,53
20220406,서울특별시,11,구로구,11530,제주특별자치도,50,0,61,12,32,59,16,22,9,79,12,8
20220406,서울특별시,11,송파구,11710,제주특별자치도,50,3,54,10,10,33,10,29,0,93,29,14
20220406,서울특별시,11,송파구,11710,경상남도,48,42,237,72,79,669,96,4862,102,506,152,185
20220406,서울특별시,11,송파구,11710,경상북도,47,27,179,63,73,482,54,4287,81,359,121,112
20220406,서울특별시,11,송파구,11710,전라남도,46,18,118,70,51,318,37,2567,44,245,61,86
20220406,서울특별시,11,송파구,11710,전라북도,45,19,110,48,32,296,39,2521,49,332,88,91
20220406,서울특별시,11,송파구,11710,충청남도,44,40,207,56,85,644,60,6746,84,343,98,155
20220406,서울특별시,11,송파구,11710,충청북도,43,27,159,29,55,501,34,5180,60,328,73,158
20220406,서울특별시,11,송파구,11710,강원도,42,29,149,37,52,426,44,3384,69,256,83,103
20220406,서울특별시,11,송파구,11710,경기도,41,214,1792,363,561,1928,362,8432,251,3695,889,689
20220406,서울특별시,11,송파구,11710,세종특별자치시,36,11,48,13,18,237,21,3164,40,78,32,57
20220406,서울특별시,11,송파구,11710,울산광역시,31,10,84,22,30,131,24,888,15,167,65,53
20220406,서울특별시,11,송파구,11710,대전광역시,30,22,118,22,57,718,42,7320,85,274,97,159
20220406,서울특별시,11,송파구,11710,광주광역시,29,21,108,19,45,298,29,2319,33,260,89,82
20220406,서울특별시,11,송파구,11710,인천광역시,28,43,262,134,94,239,55,408,28,564,166,120
20220406,서울특별시,11,송파구,11710,대구광역시,27,45,207,30,146,724,68,7095,86,393,133,198
20220406,서울특별시,11,송파구,11710,부산광역시,26,47,271,61,64,420,65,2693,71,564,190,133
20220406,서울특별시,11,송파구,11710,서울특별시,11,147,1479,333,345,1146,237,2132,86,2679,795,479
20220406,서울특별시,11,성북구,11290,서울특별시,11,224,1691,194,435,1772,195,1556,454,6975,2307,958
20220406,서울특별시,11,성북구,11290,부산광역시,26,59,440,60,120,546,61,441,164,1862,538,166
20220406,서울특별시,11,성북구,11290,대구광역시,27,36,331,30,81,365,57,274,119,1359,421,123
20220406,서울특별시,11,성북구,11290,인천광역시,28,66,426,32,116,595,62,455,169,2041,510,209
20220406,서울특별시,11,성북구,11290,광주광역시,29,27,199,19,66,248,26,201,61,1029,266,108
20220406,서울특별시,11,성북구,11290,대전광역시,30,23,204,20,64,210,38,167,73,938,271,99
20220406,서울특별시,11,성북구,11290,울산광역시,31,16,139,13,33,174,34,147,45,624,158,64
20220406,서울특별시,11,성북구,11290,세종특별자치시,36,9,54,7,23,61,8,67,31,243,77,17
20220406,서울특별시,11,성북구,11290,경기도,41,382,2209,183,611,2785,301,2139,744,9808,2496,960
20220406,서울특별시,11,성북구,11290,강원도,42,21,207,17,72,317,45,178,58,963,268,108
20220406,서울특별시,11,성북구,11290,충청북도,43,38,190,19,60,323,22,223,86,1093,268,94
20220406,서울특별시,11,성북구,11290,충청남도,44,39,284,32,88,413,35,324,110,1266,348,152
20220406,서울특별시,11,성북구,11290,전라북도,45,17,198,22,45,321,25,197,96,1000,264,109
20220406,서울특별시,11,성북구,11290,전라남도,46,24,181,15,69,358,45,214,88,974,244,82
20220406,서울특별시,11,성북구,11290,경상북도,47,55,306,31,84,481,52,326,145,1333,336,145
20220406,서울특별시,11,성북구,11290,경상남도,48,72,449,39,111,606,60,400,125,1775,466,186
20220406,서울특별시,11,성북구,11290,제주특별자치도,50,6,50,5,21,72,9,37,21,269,78,29
20220406,서울특별시,11,강동구,11740,제주특별자치도,50,6,29,9,15,30,7,29,5,31,57,3
20220406,서울특별시,11,강동구,11740,경상남도,48,55,147,99,77,241,27,342,29,173,283,49
20220406,서울특별시,11,구로구,11530,경상남도,48,17,329,34,179,299,73,143,61,525,153,108
20220406,서울특별시,11,구로구,11530,경상북도,47,12,263,37,178,203,54,94,35,362,115,63
20220406,서울특별시,11,구로구,11530,전라남도,46,12,159,20,99,135,46,51,19,257,71,46
20220406,서울특별시,11,구로구,11530,전라북도,45,18,158,28,93,133,31,73,20,257,73,42
20220406,서울특별시,11,구로구,11530,충청남도,44,16,248,36,165,202,60,86,24,374,125,82
20220406,서울특별시,11,은평구,11380,서울특별시,11,248,478,129,173,677,155,583,59,657,309,646
20220406,서울특별시,11,은평구,11380,부산광역시,26,83,98,24,37,206,57,170,25,145,92,218
20220406,서울특별시,11,은평구,11380,대구광역시,27,52,69,13,29,140,42,113,18,125,74,138
20220406,서울특별시,11,은평구,11380,인천광역시,28,76,96,21,44,176,48,154,30,151,96,216
20220406,서울특별시,11,은평구,11380,광주광역시,29,40,40,13,20,90,32,86,15,65,54,99
20220406,서울특별시,11,은평구,11380,대전광역시,30,46,37,7,18,86,17,67,19,80,40,98
20220406,서울특별시,11,은평구,11380,울산광역시,31,29,24,5,11,64,20,51,10,49,31,58
20220406,서울특별시,11,은평구,11380,세종특별자치시,36,11,11,3,8,23,6,17,0,16,12,22
20220406,서울특별시,11,은평구,11380,경기도,41,388,592,137,240,1040,293,803,130,1267,477,960
20220406,서울특별시,11,은평구,11380,강원도,42,41,34,10,21,107,29,81,12,62,52,112
20220406,서울특별시,11,은평구,11380,충청북도,43,49,50,8,22,109,27,107,17,94,59,131
20220406,서울특별시,11,은평구,11380,충청남도,44,50,70,13,32,171,28,135,11,113,69,159
20220406,서울특별시,11,은평구,11380,전라북도,45,35,44,4,13,115,25,81,15,98,56,121
20220406,서울특별시,11,은평구,11380,전라남도,46,42,44,12,18,77,33,85,14,75,62,130
20220406,서울특별시,11,은평구,11380,경상북도,47,72,74,13,32,161,42,124,26,102,82,152
20220406,서울특별시,11,은평구,11380,경상남도,48,81,85,11,26,206,57,161,27,146,98,225
20220406,서울특별시,11,은평구,11380,제주특별자치도,50,18,8,0,9,17,13,12,0,16,12,20
20220406,서울특별시,11,마포구,11440,서울특별시,11,238,2709,844,1955,2479,248,2393,127,2457,1141,472
20220406,서울특별시,11,마포구,11440,부산광역시,26,70,655,245,518,677,72,642,79,532,273,128
20220406,서울특별시,11,마포구,11440,대구광역시,27,43,465,153,348,471,59,408,125,389,173,82
20220406,서울특별시,11,마포구,11440,인천광역시,28,55,553,142,439,622,65,614,55,486,227,105
20220406,서울특별시,11,마포구,11440,광주광역시,29,38,236,91,262,318,35,270,28,229,123,54
20220406,서울특별시,11,마포구,11440,대전광역시,30,24,260,79,260,357,32,276,30,230,109,57
20220406,서울특별시,11,마포구,11440,울산광역시,31,14,179,70,167,201,48,190,15,132,76,39
20220406,서울특별시,11,마포구,11440,세종특별자치시,36,6,65,58,86,97,11,83,13,64,32,17
20220406,서울특별시,11,마포구,11440,경기도,41,308,3107,1022,2436,3507,406,3088,390,2885,1308,648
20220406,서울특별시,11,마포구,11440,강원도,42,18,298,72,269,350,27,301,27,214,120,49
20220406,서울특별시,11,마포구,11440,충청북도,43,35,292,110,238,324,36,298,29,281,123,70
20220406,서울특별시,11,마포구,11440,충청남도,44,40,371,139,359,529,62,468,56,298,160,60
20220406,서울특별시,11,마포구,11440,전라북도,45,29,281,132,269,335,30,275,27,227,127,49
20220406,서울특별시,11,마포구,11440,전라남도,46,28,264,63,236,384,35,278,22,197,91,62
20220406,서울특별시,11,마포구,11440,경상북도,47,47,397,191,369,479,51,441,67,312,167,92
20220406,서울특별시,11,마포구,11440,경상남도,48,54,585,221,503,645,70,627,38,358,218,124
20220406,서울특별시,11,마포구,11440,제주특별자치도,50,5,78,40,58,92,12,53,6,88,56,17
20220406,서울특별시,11,구로구,11530,충청북도,43,20,197,29,124,176,44,71,16,285,83,61
20220406,서울특별시,11,구로구,11530,강원도,42,13,178,32,105,146,39,74,15,246,76,45
20220406,서울특별시,11,구로구,11530,경기도,41,156,2003,306,1020,1593,406,663,216,2953,798,529
20220406,서울특별시,11,구로구,11530,세종특별자치시,36,0,55,216,20,34,8,10,7,87,32,17
20220406,서울특별시,11,구로구,11530,울산광역시,31,6,135,15,61,97,19,42,14,194,46,30
20220406,서울특별시,11,구로구,11530,대전광역시,30,5,204,55,97,136,30,58,23,267,87,51
20220406,서울특별시,11,구로구,11530,광주광역시,29,10,156,29,89,127,28,67,13,281,68,44
20220406,서울특별시,11,구로구,11530,인천광역시,28,30,390,43,205,306,63,143,33,509,141,103
20220406,서울특별시,11,구로구,11530,대구광역시,27,23,260,38,151,206,42,93,26,365,111,82
20220406,서울특별시,11,구로구,11530,부산광역시,26,32,380,67,196,327,54,191,38,535,147,145
20220406,서울특별시,11,구로구,11530,서울특별시,11,120,1643,285,758,1154,238,462,114,1989,640,422
20220406,서울특별시,11,중랑구,11260,서울특별시,11,260,1967,171,581,1121,377,1093,206,1946,828,490
20220406,서울특별시,11,중랑구,11260,부산광역시,26,63,406,37,157,363,93,314,54,530,183,166
20220406,서울특별시,11,중랑구,11260,대구광역시,27,34,289,26,111,447,68,190,74,378,143,116
20220406,서울특별시,11,중랑구,11260,인천광역시,28,67,444,41,153,348,104,267,64,552,204,189
20220406,서울특별시,11,중랑구,11260,광주광역시,29,27,212,19,64,138,56,118,27,260,79,73
20220406,서울특별시,11,중랑구,11260,대전광역시,30,39,323,17,73,186,74,141,27,302,92,54
20220406,서울특별시,11,중랑구,11260,울산광역시,31,22,153,9,44,107,41,111,23,186,62,43
20220406,서울특별시,11,중랑구,11260,세종특별자치시,36,13,36,6,14,37,16,35,10,61,31,20
20220406,서울특별시,11,중랑구,11260,경기도,41,294,2238,238,735,1718,521,1312,349,2961,982,663
20220406,서울특별시,11,중랑구,11260,강원도,42,32,365,22,89,182,62,157,43,249,93,52
20220406,서울특별시,11,중랑구,11260,충청북도,43,38,210,25,93,204,55,154,42,271,108,65
20220406,서울특별시,11,중랑구,11260,충청남도,44,61,299,31,128,255,80,231,48,371,142,85
20220406,서울특별시,11,중랑구,11260,전라북도,45,31,162,18,71,172,46,137,37,287,86,69
20220406,서울특별시,11,중랑구,11260,전라남도,46,25,158,28,66,183,55,166,54,249,93,62
20220406,서울특별시,11,중랑구,11260,경상북도,47,52,269,37,113,393,86,259,53,385,130,96
20220406,서울특별시,11,중랑구,11260,경상남도,48,62,372,42,155,374,122,318,77,498,183,121
20220406,서울특별시,11,중랑구,11260,제주특별자치도,50,9,56,0,16,38,13,13,5,88,20,47
20220406,서울특별시,11,강동구,11740,경상북도,47,42,126,71,78,187,25,277,24,114,190,110
20220406,서울특별시,11,강동구,11740,전라남도,46,36,77,56,45,124,18,214,7,72,136,21
20220406,서울특별시,11,강동구,11740,전라북도,45,35,61,59,39,136,15,168,21,82,117,23
20220406,서울특별시,11,강동구,11740,충청남도,44,35,134,87,79,177,21,219,18,122,169,28
20220406,서울특별시,11,강동구,11740,충청북도,43,26,92,49,57,92,15,201,18,105,133,25
20220406,서울특별시,11,강동구,11740,강원도,42,30,82,31,40,132,19,181,16,91,153,18
20220406,서울특별시,11,강동구,11740,경기도,41,267,1036,525,566,1360,176,1531,156,1554,1441,243
20220406,서울특별시,11,강동구,11740,세종특별자치시,36,9,30,36,15,24,3,29,5,23,34,6
20220406,서울특별시,11,종로구,11110,서울특별시,11,235,1315,284,446,635,67,479,172,2682,853,154
20220406,서울특별시,11,종로구,11110,부산광역시,26,61,255,38,85,150,11,67,72,784,241,26
20220406,서울특별시,11,종로구,11110,대구광역시,27,39,215,24,62,126,14,70,32,528,164,26
20220406,서울특별시,11,종로구,11110,인천광역시,28,64,288,55,90,124,14,103,61,711,241,40
20220406,서울특별시,11,종로구,11110,광주광역시,29,23,116,18,43,71,8,45,37,462,106,17
20220406,서울특별시,11,종로구,11110,대전광역시,30,35,124,26,51,72,6,34,34,381,125,17
20220406,서울특별시,11,종로구,11110,울산광역시,31,16,81,10,22,58,6,30,14,238,79,13
20220406,서울특별시,11,종로구,11110,세종특별자치시,36,11,38,6,15,15,5,18,5,94,36,0
20220406,서울특별시,11,종로구,11110,경기도,41,285,1560,274,437,851,100,589,379,3632,1182,175
20220406,서울특별시,11,종로구,11110,강원도,42,30,146,30,43,89,10,54,76,332,105,13
20220406,서울특별시,11,종로구,11110,충청북도,43,32,167,23,61,90,6,47,27,357,146,20
20220406,서울특별시,11,종로구,11110,충청남도,44,48,210,29,70,115,8,69,40,461,154,14
20220406,서울특별시,11,종로구,11110,전라북도,45,19,173,18,47,90,7,47,53,376,115,16
20220406,서울특별시,11,종로구,11110,전라남도,46,20,132,12,42,81,4,63,41,376,104,16
20220406,서울특별시,11,종로구,11110,경상북도,47,43,195,27,50,131,12,73,44,509,152,20
20220406,서울특별시,11,종로구,11110,경상남도,48,45,209,28,77,139,18,83,68,683,204,61
20220406,서울특별시,11,종로구,11110,제주특별자치도,50,9,47,8,10,32,0,10,22,129,36,6
20220406,서울특별시,11,용산구,11170,제주특별자치도,50,0,49,3,180,17,0,19,4,51,10,3
20220406,서울특별시,11,용산구,11170,경상남도,48,37,276,26,1434,161,14,124,27,206,85,48
20220406,서울특별시,11,용산구,11170,경상북도,47,19,210,20,1180,128,17,116,32,149,64,46
20220406,서울특별시,11,용산구,11170,전라남도,46,15,138,9,730,71,9,74,19,105,41,23
20220406,서울특별시,11,용산구,11170,전라북도,45,14,132,10,758,85,7,61,13,112,44,34
20220406,서울특별시,11,용산구,11170,충청남도,44,32,172,23,1229,138,13,82,26,161,59,34
20220406,서울특별시,11,용산구,11170,충청북도,43,24,134,13,914,89,16,73,13,129,54,31
20220406,서울특별시,11,용산구,11170,강원도,42,16,117,13,828,103,3,69,16,88,52,21
20220406,서울특별시,11,용산구,11170,경기도,41,186,1582,196,8451,946,130,706,169,1623,569,311
20220406,서울특별시,11,용산구,11170,세종특별자치시,36,6,31,0,217,23,4,15,3,40,8,6
20220406,서울특별시,11,용산구,11170,울산광역시,31,8,80,12,475,67,7,51,11,83,26,12
20220406,서울특별시,11,용산구,11170,대전광역시,30,18,142,10,882,86,11,55,19,121,39,20
20220406,서울특별시,11,용산구,11170,광주광역시,29,17,131,12,668,68,10,59,16,135,38,20
20220406,서울특별시,11,용산구,11170,인천광역시,28,35,257,33,1665,153,30,136,31,259,101,58
20220406,서울특별시,11,용산구,11170,대구광역시,27,26,211,19,1147,114,17,98,27,217,75,30
20220406,서울특별시,11,용산구,11170,부산광역시,26,31,305,29,1585,186,23,143,30,272,137,57
20220406,서울특별시,11,용산구,11170,서울특별시,11,143,1319,289,7249,698,97,553,110,1439,590,223
20220406,서울특별시,11,강동구,11740,울산광역시,31,15,56,41,25,81,12,98,16,48,95,14
20220406,서울특별시,11,강동구,11740,대전광역시,30,32,86,44,61,108,17,145,17,98,133,19
20220406,서울특별시,11,강동구,11740,광주광역시,29,26,55,73,37,95,9,126,8,103,148,16
20220406,서울특별시,11,강동구,11740,인천광역시,28,64,152,127,105,243,30,308,31,197,271,44
20220406,서울특별시,11,강동구,11740,대구광역시,27,57,114,123,60,215,27,217,27,140,225,44
20220406,서울특별시,11,영등포구,11560,제주특별자치도,50,6,55,9,47,59,0,51,0,63,20,14
20220406,서울특별시,11,영등포구,11560,경상남도,48,35,384,65,257,420,23,412,30,285,129,160
20220406,서울특별시,11,영등포구,11560,경상북도,47,35,306,55,196,318,26,303,15,202,89,110
20220406,서울특별시,11,영등포구,11560,전라남도,46,29,187,72,163,198,10,230,10,129,61,78
20220406,서울특별시,11,영등포구,11560,전라북도,45,24,215,45,150,206,9,225,10,199,66,58
20220406,서울특별시,11,영등포구,11560,충청남도,44,32,256,75,197,241,12,309,29,204,80,113
20220406,서울특별시,11,영등포구,11560,충청북도,43,23,215,44,150,201,17,235,21,204,56,77
20220406,서울특별시,11,영등포구,11560,강원도,42,40,186,52,149,182,9,208,8,158,55,62
20220406,서울특별시,11,영등포구,11560,경기도,41,189,2296,489,1439,2023,159,2172,184,2419,890,912
20220406,서울특별시,11,영등포구,11560,세종특별자치시,36,7,38,11,37,47,5,52,8,40,18,19
20220406,서울특별시,11,영등포구,11560,울산광역시,31,18,122,35,76,109,12,122,6,111,55,55
20220406,서울특별시,11,영등포구,11560,대전광역시,30,18,198,33,135,216,11,186,23,158,62,78
20220406,서울특별시,11,영등포구,11560,광주광역시,29,17,182,124,124,188,8,199,30,176,66,59
20220406,서울특별시,11,영등포구,11560,인천광역시,28,55,492,82,313,375,28,458,55,389,194,219
20220406,서울특별시,11,영등포구,11560,대구광역시,27,36,272,69,209,292,17,289,27,259,85,217
20220406,서울특별시,11,영등포구,11560,부산광역시,26,46,410,105,272,443,21,410,29,374,145,154
20220406,서울특별시,11,영등포구,11560,서울특별시,11,188,1993,653,1243,1447,105,1898,105,1940,783,863
20220406,서울특별시,11,강남구,11680,제주특별자치도,50,23,107,21,29,57,3,88,9,229,63,63
20220406,서울특별시,11,강남구,11680,경상남도,48,39,449,165,211,381,19,559,74,1292,423,398
20220406,서울특별시,11,동대문구,11230,서울특별시,11,289,1403,142,340,1027,86,1363,105,3638,846,382
20220406,서울특별시,11,동대문구,11230,부산광역시,26,83,371,30,100,354,23,422,31,978,194,99
20220406,서울특별시,11,동대문구,11230,대구광역시,27,57,255,19,74,251,19,248,36,689,145,70
20220406,서울특별시,11,동대문구,11230,인천광역시,28,72,389,44,112,371,23,453,47,1006,181,98
20220406,서울특별시,11,동대문구,11230,광주광역시,29,27,164,20,42,178,8,176,18,504,98,47
20220406,서울특별시,11,동대문구,11230,대전광역시,30,39,194,16,51,169,15,202,11,450,109,47
20220406,서울특별시,11,동대문구,11230,울산광역시,31,16,118,13,39,123,12,179,16,344,56,29
20220406,서울특별시,11,동대문구,11230,세종특별자치시,36,18,50,8,12,47,3,52,9,149,20,10
20220406,서울특별시,11,동대문구,11230,경기도,41,348,1989,216,502,1761,149,2111,207,5141,933,512
20220406,서울특별시,11,동대문구,11230,강원도,42,30,162,17,51,200,20,197,21,447,70,42
20220406,서울특별시,11,동대문구,11230,충청북도,43,42,164,23,47,183,16,224,20,509,90,44
20220406,서울특별시,11,동대문구,11230,충청남도,44,67,271,28,75,279,17,305,37,590,113,93
20220406,서울특별시,11,동대문구,11230,전라북도,45,28,173,20,40,203,9,233,16,518,79,42
20220406,서울특별시,11,동대문구,11230,전라남도,46,30,173,19,40,189,0,219,24,415,76,34
20220406,서울특별시,11,동대문구,11230,경상북도,47,52,263,31,82,312,23,321,33,628,130,67
20220406,서울특별시,11,동대문구,11230,경상남도,48,50,368,32,100,350,27,446,43,815,145,76
20220406,서울특별시,11,동대문구,11230,제주특별자치도,50,9,58,3,16,42,0,31,0,131,25,8
20220406,서울특별시,11,강남구,11680,경상북도,47,35,308,152,167,256,18,405,68,1160,335,269
20220406,서울특별시,11,강남구,11680,전라남도,46,26,206,71,88,151,14,281,55,707,200,184
20220406,서울특별시,11,강남구,11680,전라북도,45,19,274,100,98,144,11,249,38,868,256,211
20220406,서울특별시,11,강남구,11680,충청남도,44,26,366,141,160,284,20,416,72,1113,298,274
20220406,서울특별시,11,강남구,11680,충청북도,43,25,287,89,109,208,16,332,49,902,211,217
20220406,서울특별시,11,강남구,11680,강원도,42,24,279,65,127,208,10,335,48,778,230,191
20220406,서울특별시,11,강남구,11680,경기도,41,315,3448,1061,1178,2233,161,2771,497,9061,2458,2279
20220406,서울특별시,11,강남구,11680,세종특별자치시,36,12,71,43,26,60,3,108,15,233,64,63
20220406,서울특별시,11,강남구,11680,울산광역시,31,13,167,72,58,125,8,166,35,468,163,174
20220406,서울특별시,11,강남구,11680,대전광역시,30,35,278,98,108,211,12,316,56,887,227,223
20220406,서울특별시,11,강남구,11680,광주광역시,29,24,271,131,101,176,10,220,34,931,254,198
20220406,서울특별시,11,강남구,11680,인천광역시,28,51,609,232,245,455,26,556,85,1748,456,484
20220406,서울특별시,11,강남구,11680,대구광역시,27,38,396,152,134,292,17,401,54,1185,335,301
20220406,서울특별시,11,강남구,11680,부산광역시,26,46,660,218,219,393,21,565,73,1789,514,436
20220406,서울특별시,11,강남구,11680,서울특별시,11,256,3202,960,958,1660,145,2236,344,6719,1821,2041
20220406,서울특별시,11,강동구,11740,부산광역시,26,54,173,163,101,262,40,333,37,252,386,63
20220406,서울특별시,11,강동구,11740,서울특별시,11,235,736,426,395,887,111,1361,130,1015,1154,193
20220406,서울특별시,11,서초구,11650,제주특별자치도,50,10,56,44,14,33,5,48,4,61,32,8
20220406,서울특별시,11,서초구,11650,경상남도,48,36,225,344,76,315,26,223,33,291,110,128
20220406,서울특별시,11,서초구,11650,경상북도,47,29,180,237,69,216,15,155,17,214,65,104
20220406,서울특별시,11,서초구,11650,전라남도,46,19,106,164,55,148,19,95,16,145,47,61
20220406,서울특별시,11,서초구,11650,전라북도,45,19,149,224,42,146,18,105,22,189,65,74
20220406,서울특별시,11,서초구,11650,충청남도,44,32,199,187,74,200,26,135,29,226,85,89
20220406,서울특별시,11,서초구,11650,충청북도,43,19,125,163,48,157,14,142,17,216,42,66
20220406,서울특별시,11,서초구,11650,강원도,42,17,151,150,53,165,15,119,17,160,41,54
20220406,서울특별시,11,서초구,11650,경기도,41,279,1717,1849,561,1628,172,1151,225,2356,632,693
20220406,서울특별시,11,서초구,11650,세종특별자치시,36,7,48,55,30,54,5,26,5,60,19,11
20220406,서울특별시,11,서초구,11650,울산광역시,31,18,94,138,27,93,11,86,9,115,33,28
20220406,서울특별시,11,서초구,11650,대전광역시,30,29,143,152,57,132,11,105,10,177,65,65
20220406,서울특별시,11,서초구,11650,광주광역시,29,24,132,164,45,122,19,110,11,172,67,53
20220406,서울특별시,11,서초구,11650,인천광역시,28,38,275,345,98,314,23,246,24,338,101,133
20220406,서울특별시,11,서초구,11650,대구광역시,27,41,218,289,59,215,27,135,23,251,105,85
20220406,서울특별시,11,서초구,11650,부산광역시,26,49,292,351,84,288,28,241,26,357,128,148
20220406,서울특별시,11,서초구,11650,서울특별시,11,239,1669,1466,498,1143,131,1202,125,1756,591,519
20220406,서울특별시,11,금천구,11545,제주특별자치도,50,21,63,18,71,57,40,43,17,186,92,82
20220406,서울특별시,11,금천구,11545,경상남도,48,104,250,68,294,368,181,385,101,1045,430,445
20220406,서울특별시,11,금천구,11545,경상북도,47,80,241,88,226,258,124,275,95,730,334,337
20220406,서울특별시,11,금천구,11545,전라남도,46,56,155,76,153,178,129,208,63,557,213,237
20220406,서울특별시,11,금천구,11545,전라북도,45,60,161,36,171,163,94,215,67,659,237,258
20220406,서울특별시,11,금천구,11545,충청남도,44,99,220,75,231,242,134,333,93,741,328,300
20220406,서울특별시,11,금천구,11545,충청북도,43,63,141,51,184,179,98,228,76,654,270,267
20220406,서울특별시,11,금천구,11545,강원도,42,74,164,70,147,186,97,187,64,546,263,214
20220406,서울특별시,11,금천구,11545,경기도,41,626,1835,311,1619,1982,926,2139,714,5589,2277,2521
20220406,서울특별시,11,금천구,11545,세종특별자치시,36,13,45,18,47,47,28,83,25,191,65,61
20220406,서울특별시,11,금천구,11545,울산광역시,31,28,83,30,103,126,67,125,41,417,154,178
20220406,서울특별시,11,금천구,11545,대전광역시,30,53,154,44,195,203,100,216,64,575,247,269
20220406,서울특별시,11,금천구,11545,광주광역시,29,59,134,50,146,182,96,256,68,606,224,233
20220406,서울특별시,11,금천구,11545,인천광역시,28,127,368,68,351,416,145,422,132,1073,507,530
20220406,서울특별시,11,금천구,11545,대구광역시,27,69,221,48,236,253,159,259,99,823,376,375
20220406,서울특별시,11,금천구,11545,부산광역시,26,114,287,60,344,378,259,467,115,1031,465,532
20220406,서울특별시,11,금천구,11545,서울특별시,11,539,1469,274,1441,1480,707,1916,490,4084,1769,2042
20220406,서울특별시,11,양천구,11470,서울특별시,11,75,665,200,341,664,64,828,33,816,298,262
20220406,서울특별시,11,양천구,11470,부산광역시,26,27,155,45,133,197,27,237,10,160,87,78
20220406,서울특별시,11,양천구,11470,대구광역시,27,16,84,26,53,122,15,175,10,117,45,51
20220406,서울특별시,11,양천구,11470,인천광역시,28,30,163,48,92,194,25,239,10,152,68,78
20220406,서울특별시,11,양천구,11470,광주광역시,29,13,62,18,32,71,7,126,0,78,38,40
20220406,서울특별시,11,양천구,11470,대전광역시,30,9,67,24,42,96,11,134,4,74,35,36
20220406,서울특별시,11,양천구,11470,울산광역시,31,5,44,14,16,59,9,73,0,44,14,18
20220406,서울특별시,11,양천구,11470,세종특별자치시,36,3,25,6,9,19,5,38,4,16,6,0
20220406,서울특별시,11,양천구,11470,경기도,41,123,836,226,482,1033,152,1135,56,1321,396,393
20220406,서울특별시,11,양천구,11470,강원도,42,14,74,29,34,106,6,130,5,60,32,32
20220406,서울특별시,11,양천구,11470,충청북도,43,9,66,26,39,110,19,127,10,96,42,43
20220406,서울특별시,11,양천구,11470,충청남도,44,13,114,41,64,162,13,187,10,86,56,55
20220406,서울특별시,11,양천구,11470,전라북도,45,12,85,14,40,108,27,121,0,110,43,29
20220406,서울특별시,11,양천구,11470,전라남도,46,12,52,16,36,108,9,119,8,62,28,28
20220406,서울특별시,11,양천구,11470,경상북도,47,15,100,33,50,148,19,201,3,104,43,47
20220406,서울특별시,11,양천구,11470,경상남도,48,25,135,30,61,186,28,278,12,135,82,76
20220406,서울특별시,11,양천구,11470,제주특별자치도,50,4,17,6,12,16,4,13,0,22,16,9
20220406,서울특별시,11,광진구,11215,서울특별시,11,223,1167,162,547,628,158,357,156,1750,1244,282
20220406,서울특별시,11,광진구,11215,부산광역시,26,93,354,37,154,182,37,78,66,421,310,81
20220406,서울특별시,11,광진구,11215,대구광역시,27,65,234,17,86,123,35,78,42,315,243,48
20220406,서울특별시,11,광진구,11215,인천광역시,28,76,298,35,141,205,35,105,53,410,346,72
20220406,서울특별시,11,광진구,11215,광주광역시,29,37,161,11,63,85,18,41,31,224,145,39
20220406,서울특별시,11,광진구,11215,대전광역시,30,41,117,8,65,80,18,40,21,210,172,37
20220406,서울특별시,11,광진구,11215,울산광역시,31,46,96,6,42,63,17,26,20,116,103,25
20220406,서울특별시,11,광진구,11215,세종특별자치시,36,7,61,4,19,22,0,10,4,53,49,13
20220406,서울특별시,11,광진구,11215,경기도,41,343,1515,158,765,1022,214,434,257,2362,1586,383
20220406,서울특별시,11,광진구,11215,강원도,42,53,136,12,59,104,32,56,25,179,187,46
20220406,서울특별시,11,광진구,11215,충청북도,43,64,134,11,79,101,32,64,29,221,158,38
20220406,서울특별시,11,광진구,11215,충청남도,44,59,203,16,104,146,32,64,47,290,207,67
20220406,서울특별시,11,광진구,11215,전라북도,45,71,140,8,43,80,17,40,16,207,179,44
20220406,서울특별시,11,광진구,11215,전라남도,46,64,111,8,69,113,21,43,34,160,144,50
20220406,서울특별시,11,광진구,11215,경상북도,47,62,182,22,101,164,47,83,35,284,239,68
20220406,서울특별시,11,광진구,11215,경상남도,48,119,259,17,117,189,45,96,48,325,298,80
20220406,서울특별시,11,광진구,11215,제주특별자치도,50,9,25,7,16,39,6,17,6,61,34,11
20220406,서울특별시,11,강서구,11500,제주특별자치도,50,4,45,26,53,48,11,80,15,121,40,58
20220406,서울특별시,11,강서구,11500,경상남도,48,65,315,125,381,509,154,816,65,989,284,504
20220406,서울특별시,11,강서구,11500,경상북도,47,52,301,86,283,440,82,558,33,969,223,390
20220406,서울특별시,11,강서구,11500,전라남도,46,27,158,60,195,331,72,388,38,658,173,297
20220406,서울특별시,11,강서구,11500,전라북도,45,29,179,79,177,252,72,333,38,571,145,259
20220406,서울특별시,11,강서구,11500,충청남도,44,67,219,119,302,343,91,641,45,796,196,362
20220406,서울특별시,11,강서구,11500,충청북도,43,36,209,69,204,313,84,425,28,699,171,301
20220406,서울특별시,11,강서구,11500,강원도,42,42,213,71,236,371,83,400,29,791,190,351
20220406,서울특별시,11,강서구,11500,경기도,41,375,1967,731,1884,2240,605,3297,305,4856,1519,2093
20220406,서울특별시,11,강서구,11500,세종특별자치시,36,8,51,29,48,64,15,95,7,125,51,43
20220406,서울특별시,11,강서구,11500,울산광역시,31,20,104,42,111,138,30,245,24,282,85,144
20220406,서울특별시,11,강서구,11500,대전광역시,30,32,170,81,171,202,65,347,33,373,152,200
20220406,서울특별시,11,강서구,11500,광주광역시,29,26,176,73,165,214,61,280,21,428,147,193
20220406,서울특별시,11,강서구,11500,인천광역시,28,64,406,168,388,427,98,713,56,858,276,420
20220406,서울특별시,11,강서구,11500,대구광역시,27,47,297,127,230,288,88,447,49,571,230,288
20220406,서울특별시,11,강서구,11500,부산광역시,26,55,367,171,394,446,105,753,61,872,319,392
20220406,서울특별시,11,강서구,11500,서울특별시,11,282,1587,694,1356,1373,275,2320,196,3033,1126,1548
20220406,서울특별시,11,성동구,11200,서울특별시,11,275,4415,353,925,878,174,756,81,3955,1169,596
20220406,서울특별시,11,성동구,11200,부산광역시,26,75,825,68,237,226,55,192,38,944,279,129
20220406,서울특별시,11,성동구,11200,대구광역시,27,56,618,45,157,180,49,115,19,669,199,84
20220406,서울특별시,11,성동구,11200,인천광역시,28,78,876,39,217,211,45,160,20,906,249,137
20220406,서울특별시,11,강북구,11305,서울특별시,11,45,653,82,236,428,32,114,83,1570,523,102
20220406,서울특별시,11,강북구,11305,부산광역시,26,14,207,13,67,107,6,17,23,415,154,36
20220406,서울특별시,11,강북구,11305,대구광역시,27,12,144,16,37,60,7,13,17,301,100,13
20220406,서울특별시,11,강북구,11305,인천광역시,28,15,214,14,49,91,8,37,23,515,126,33
20220406,서울특별시,11,강북구,11305,광주광역시,29,7,98,5,27,44,0,14,9,221,82,14
20220406,서울특별시,11,강북구,11305,대전광역시,30,10,89,15,31,45,5,6,9,216,75,11
20220406,서울특별시,11,강북구,11305,울산광역시,31,6,79,0,16,34,0,7,6,152,41,7
20220406,서울특별시,11,강북구,11305,세종특별자치시,36,3,23,3,5,20,0,0,4,44,21,5
20220406,서울특별시,11,강북구,11305,경기도,41,73,965,116,319,487,63,154,114,2439,727,156
20220406,서울특별시,11,강북구,11305,강원도,42,7,95,10,44,57,3,15,9,272,71,14
20220406,서울특별시,11,강북구,11305,충청북도,43,10,84,9,30,59,8,6,18,248,70,12
20220406,서울특별시,11,강북구,11305,충청남도,44,11,117,16,56,57,5,16,20,357,112,19
20220406,서울특별시,11,강북구,11305,전라북도,45,8,74,9,29,49,4,7,15,264,89,21
20220406,서울특별시,11,강북구,11305,전라남도,46,9,81,11,22,42,9,14,8,210,62,7
20220406,서울특별시,11,강북구,11305,경상북도,47,10,152,9,33,62,7,21,17,333,116,17
20220406,서울특별시,11,강북구,11305,경상남도,48,17,196,13,61,92,15,18,26,471,170,17
20220406,서울특별시,11,강북구,11305,제주특별자치도,50,3,10,4,7,16,0,5,4,38,15,0
20220406,서울특별시,11,성동구,11200,광주광역시,29,36,449,35,89,138,33,77,13,441,122,62
20220406,서울특별시,11,성동구,11200,대전광역시,30,36,366,41,112,121,27,90,8,452,121,72
20220406,서울특별시,11,성동구,11200,울산광역시,31,17,181,13,79,83,19,63,6,323,103,52
20220406,서울특별시,11,성동구,11200,세종특별자치시,36,8,83,7,39,35,12,18,3,121,34,17
20220406,서울특별시,11,성동구,11200,경기도,41,356,4614,408,1147,1253,288,866,105,4952,1310,624
20220406,서울특별시,11,성동구,11200,강원도,42,26,346,39,126,94,35,94,7,421,140,54
20220406,서울특별시,11,성동구,11200,충청북도,43,42,389,26,109,122,39,97,0,455,131,65
20220406,서울특별시,11,성동구,11200,충청남도,44,48,535,45,150,169,37,114,18,547,190,71
20220406,서울특별시,11,성동구,11200,전라북도,45,24,335,49,99,123,18,89,6,462,126,53
20220406,서울특별시,11,성동구,11200,전라남도,46,43,297,23,120,100,18,94,8,383,123,39
20220406,서울특별시,11,성동구,11200,경상북도,47,39,481,47,168,176,33,132,20,579,149,79
20220406,서울특별시,11,성동구,11200,경상남도,48,63,570,60,209,204,65,151,21,783,232,108
20220406,서울특별시,11,성동구,11200,제주특별자치도,50,14,149,12,19,34,7,31,0,134,35,20
20220406,서울특별시,11,노원구,11350,서울특별시,11,125,673,115,238,762,130,599,242,1307,353,153
20220406,서울특별시,11,노원구,11350,부산광역시,26,34,109,20,45,281,34,174,73,295,76,43
20220406,서울특별시,11,노원구,11350,대구광역시,27,34,69,14,42,171,22,136,64,223,53,21
20220406,서울특별시,11,노원구,11350,인천광역시,28,31,111,12,63,224,36,141,76,322,74,59
20220406,서울특별시,11,노원구,11350,광주광역시,29,16,59,6,26,91,15,59,31,144,36,18
20220406,서울특별시,11,노원구,11350,대전광역시,30,21,66,4,31,105,19,81,38,155,40,10
20220406,서울특별시,11,노원구,11350,울산광역시,31,5,49,10,19,69,15,65,23,96,23,11
20220406,서울특별시,11,노원구,11350,세종특별자치시,36,4,6,0,6,26,6,24,16,48,8,0
20220406,서울특별시,11,노원구,11350,경기도,41,162,707,116,362,1201,219,877,429,2057,470,237
20220406,서울특별시,11,노원구,11350,강원도,42,11,68,5,32,108,29,84,39,115,40,18
20220406,서울특별시,11,노원구,11350,충청북도,43,18,69,6,29,135,37,77,40,148,46,22
20220406,서울특별시,11,노원구,11350,충청남도,44,26,84,19,49,133,29,127,70,236,45,31
20220406,서울특별시,11,노원구,11350,전라북도,45,9,70,8,30,113,18,77,36,166,44,16
20220406,서울특별시,11,노원구,11350,전라남도,46,21,53,6,30,150,35,68,41,157,41,28
20220406,서울특별시,11,노원구,11350,경상북도,47,26,90,5,48,182,29,133,63,220,49,26
20220406,서울특별시,11,노원구,11350,경상남도,48,33,115,13,53,240,54,178,74,306,80,33
20220406,서울특별시,11,노원구,11350,제주특별자치도,50,0,15,0,7,11,0,17,8,49,7,0
20220406,서울특별시,11,중구,11140,제주특별자치도,50,27,60,16,7,55,10,29,7,168,34,3
20220406,서울특별시,11,중구,11140,경상남도,48,63,319,56,69,485,50,125,47,995,212,53
20220406,서울특별시,11,중구,11140,경상북도,47,41,206,68,41,263,24,117,52,752,156,60
20220406,서울특별시,11,중구,11140,전라남도,46,22,131,52,34,166,30,69,24,496,100,30
20220406,서울특별시,11,중구,11140,전라북도,45,33,161,52,34,191,22,62,32,592,126,29
20220406,서울특별시,11,중구,11140,충청남도,44,45,273,55,52,287,35,106,46,679,147,39
20220406,서울특별시,11,중구,11140,충청북도,43,38,172,41,37,176,33,93,33,563,123,28
20220406,서울특별시,11,중구,11140,강원도,42,46,194,55,33,236,28,81,35,517,114,27
20220406,서울특별시,11,중구,11140,경기도,41,401,2001,334,359,2204,274,840,287,5319,1089,374
20220406,서울특별시,11,중구,11140,세종특별자치시,36,11,36,9,11,47,12,22,7,150,22,7
20220406,서울특별시,11,중구,11140,울산광역시,31,29,125,18,21,99,13,47,23,384,58,19
20220406,서울특별시,11,중구,11140,대전광역시,30,26,173,42,66,169,23,54,22,583,117,24
20220406,서울특별시,11,중구,11140,광주광역시,29,25,186,26,48,164,15,63,31,613,122,42
20220406,서울특별시,11,중구,11140,인천광역시,28,72,415,84,54,430,50,173,51,1058,267,52
20220406,서울특별시,11,중구,11140,대구광역시,27,40,257,47,43,298,29,98,48,830,196,49
20220406,서울특별시,11,중구,11140,부산광역시,26,74,338,55,66,412,56,140,37,1195,228,67
20220406,서울특별시,11,중구,11140,서울특별시,11,340,1780,390,365,1764,183,748,149,4678,1004,331
20220406,서울특별시,11,동작구,11590,제주특별자치도,50,7,7,8,6,31,3,20,3,21,9,4
20220406,서울특별시,11,동작구,11590,경상남도,48,53,118,71,77,298,18,186,41,146,79,102
20220406,서울특별시,11,서대문구,11410,제주특별자치도,50,0,12,8,10,10,0,9,13,39,14,5
20220406,서울특별시,11,서대문구,11410,경상남도,48,7,103,10,35,217,7,116,194,211,61,109
20220406,서울특별시,11,서대문구,11410,경상북도,47,0,64,8,25,175,9,100,95,182,49,30
20220406,서울특별시,11,서대문구,11410,전라남도,46,0,50,11,23,126,0,77,73,123,30,19
20220406,서울특별시,11,서대문구,11410,전라북도,45,0,56,8,19,128,0,77,64,132,37,115
20220406,서울특별시,11,서대문구,11410,충청남도,44,4,71,13,34,160,6,97,104,173,41,43
20220406,서울특별시,11,서대문구,11410,충청북도,43,3,51,6,18,108,0,81,59,156,39,22
20220406,서울특별시,11,서대문구,11410,강원도,42,0,59,7,16,92,0,56,92,129,37,16
20220406,서울특별시,11,서대문구,11410,경기도,41,20,668,134,212,973,48,604,795,1695,358,382
20220406,서울특별시,11,서대문구,11410,세종특별자치시,36,0,18,0,3,16,0,21,32,37,5,9
20220406,서울특별시,11,서대문구,11410,울산광역시,31,0,29,7,18,61,0,61,46,60,19,157
20220406,서울특별시,11,서대문구,11410,대전광역시,30,0,68,6,27,95,0,61,71,126,47,17
20220406,서울특별시,11,서대문구,11410,광주광역시,29,0,50,3,17,97,4,67,80,137,26,38
20220406,서울특별시,11,서대문구,11410,인천광역시,28,4,126,14,39,210,5,144,160,256,58,35
20220406,서울특별시,11,서대문구,11410,대구광역시,27,6,70,11,21,165,6,115,104,176,57,30
20220406,서울특별시,11,서대문구,11410,부산광역시,26,3,122,11,44,192,3,151,166,254,52,134
20220406,서울특별시,11,서대문구,11410,서울특별시,11,21,612,176,225,660,40,455,374,1340,340,213
20220406,서울특별시,11,동작구,11590,경상북도,47,43,95,45,54,226,19,148,41,132,43,64
20220406,서울특별시,11,동작구,11590,전라남도,46,31,63,34,39,141,6,112,31,77,36,67
20220406,서울특별시,11,동작구,11590,전라북도,45,29,63,28,34,158,5,97,15,94,39,58
20220406,서울특별시,11,동작구,11590,충청남도,44,40,95,43,60,232,15,121,41,101,56,63
20220406,서울특별시,11,동작구,11590,충청북도,43,29,66,31,42,162,11,114,30,110,33,45
20220406,서울특별시,11,동작구,11590,강원도,42,34,89,39,41,177,8,152,22,89,37,49
20220406,서울특별시,11,동작구,11590,경기도,41,295,876,344,360,1551,98,868,215,1533,461,520
20220406,서울특별시,11,관악구,11620,제주특별자치도,50,3,13,6,13,21,0,9,0,31,12,19
20220406,서울특별시,11,관악구,11620,경상남도,48,14,107,35,45,148,21,58,9,180,137,208
20220406,서울특별시,11,관악구,11620,경상북도,47,20,74,31,36,97,20,40,8,147,118,157
20220406,서울특별시,11,관악구,11620,전라남도,46,6,53,10,29,82,8,36,10,105,85,120
20220406,서울특별시,11,관악구,11620,전라북도,45,10,66,39,22,74,14,31,9,162,64,122
20220406,서울특별시,11,관악구,11620,충청남도,44,18,114,29,45,118,11,62,14,123,106,142
20220406,서울특별시,11,관악구,11620,충청북도,43,12,59,29,38,69,11,23,6,123,90,115
20220406,서울특별시,11,관악구,11620,강원도,42,12,61,17,28,78,9,31,7,96,80,90
20220406,서울특별시,11,관악구,11620,경기도,41,133,742,314,290,810,124,345,84,1564,776,1088
20220406,서울특별시,11,관악구,11620,세종특별자치시,36,0,19,4,4,21,0,6,3,31,15,26
20220406,서울특별시,11,관악구,11620,울산광역시,31,7,36,12,15,47,6,25,7,72,52,68
20220406,서울특별시,11,관악구,11620,대전광역시,30,12,61,28,23,77,14,41,7,104,70,93
20220406,서울특별시,11,관악구,11620,광주광역시,29,10,63,27,33,71,3,10,6,120,50,118
20220406,서울특별시,11,관악구,11620,인천광역시,28,20,137,46,62,138,23,76,13,205,159,204
20220406,서울특별시,11,관악구,11620,대구광역시,27,19,74,34,44,124,18,34,5,148,99,178
20220406,서울특별시,11,관악구,11620,부산광역시,26,26,144,65,46,143,25,78,10,215,161,271
20220406,서울특별시,11,관악구,11620,서울특별시,11,90,745,424,214,506,73,221,31,998,495,767
20220406,서울특별시,11,도봉구,11320,제주특별자치도,50,5,14,3,13,20,4,39,3,65,13,8
20220406,서울특별시,11,도봉구,11320,경상남도,48,41,141,13,138,169,41,198,32,641,143,98
20220406,서울특별시,11,도봉구,11320,경상북도,47,33,90,8,99,121,30,168,19,443,127,58
20220406,서울특별시,11,도봉구,11320,전라남도,46,24,48,7,69,101,28,111,16,305,82,39
20220406,서울특별시,11,도봉구,11320,전라북도,45,22,63,17,67,86,19,110,10,365,72,53
20220406,서울특별시,11,도봉구,11320,충청남도,44,28,72,6,120,113,31,119,17,427,91,56
20220406,서울특별시,11,도봉구,11320,충청북도,43,19,60,3,80,78,27,122,12,320,78,52
20220406,서울특별시,11,도봉구,11320,강원도,42,24,67,7,88,84,18,114,17,290,65,48
20220406,서울특별시,11,도봉구,11320,경기도,41,182,618,93,682,840,274,1000,133,3278,692,425
20220406,서울특별시,11,도봉구,11320,세종특별자치시,36,0,10,0,18,24,7,26,7,106,21,6
20220406,서울특별시,11,도봉구,11320,울산광역시,31,11,23,7,56,56,16,92,9,203,54,29
20220406,서울특별시,11,도봉구,11320,대전광역시,30,21,46,4,63,88,21,100,13,360,65,32
20220406,서울특별시,11,도봉구,11320,광주광역시,29,20,44,6,56,85,24,115,11,362,68,48
20220406,서울특별시,11,도봉구,11320,인천광역시,28,38,137,11,130,183,48,211,30,631,118,77
20220406,서울특별시,11,도봉구,11320,대구광역시,27,34,69,11,88,121,23,187,17,453,89,61
20220406,서울특별시,11,도봉구,11320,부산광역시,26,32,135,12,128,149,38,240,32,649,148,79
20220406,서울특별시,11,동작구,11590,세종특별자치시,36,7,7,11,6,33,5,27,8,19,7,18
20220406,서울특별시,11,동작구,11590,울산광역시,31,11,39,20,22,92,5,58,10,56,31,37
20220406,서울특별시,11,동작구,11590,대전광역시,30,37,56,37,35,207,3,82,19,88,44,51
20220406,서울특별시,11,동작구,11590,광주광역시,29,27,69,38,28,126,6,60,20,100,31,49
20220406,서울특별시,11,동작구,11590,인천광역시,28,77,146,68,90,346,15,151,34,175,63,121
20220406,서울특별시,11,동작구,11590,대구광역시,27,31,120,54,38,197,15,114,28,122,40,83
20220406,서울특별시,11,동작구,11590,부산광역시,26,57,150,74,59,310,18,184,26,196,83,125
20220406,서울특별시,11,동작구,11590,서울특별시,11,223,743,407,314,992,57,680,79,979,332,387
20220406,서울특별시,11,도봉구,11320,서울특별시,11,148,477,75,503,577,121,771,70,2143,426,274
20220407,서울특별시,11,구로구,11530,인천광역시,28,44,416,73,165,296,34,117,38,494,139,116
20220407,서울특별시,11,구로구,11530,광주광역시,29,10,232,29,57,111,26,75,17,236,50,51
20220407,서울특별시,11,용산구,11170,서울특별시,11,147,1380,243,6523,682,96,471,103,1238,512,179
20220407,서울특별시,11,구로구,11530,대전광역시,30,14,217,42,67,156,21,60,14,230,72,49
20220407,서울특별시,11,서대문구,11410,광주광역시,29,0,48,8,15,75,4,59,28,123,24,102
20220407,서울특별시,11,서대문구,11410,인천광역시,28,8,99,22,44,153,5,128,46,317,71,35
20220407,서울특별시,11,서대문구,11410,대구광역시,27,7,78,14,28,85,5,76,48,198,39,23
20220407,서울특별시,11,서대문구,11410,부산광역시,26,3,126,27,40,140,6,206,56,257,68,82
20220407,서울특별시,11,서대문구,11410,서울특별시,11,31,585,125,252,445,36,456,130,1477,322,171
20220407,서울특별시,11,강서구,11500,경기도,41,433,1977,664,1488,2299,627,3563,310,4114,1216,2204
20220407,서울특별시,11,마포구,11440,서울특별시,11,237,2529,780,1447,2559,187,1847,139,2442,1119,439
20220407,서울특별시,11,마포구,11440,부산광역시,26,65,520,162,345,689,42,497,40,441,258,111
20220407,서울특별시,11,마포구,11440,대구광역시,27,56,309,118,322,459,39,868,42,331,169,70
20220407,서울특별시,11,마포구,11440,인천광역시,28,68,532,136,366,665,39,481,46,449,219,87
20220407,서울특별시,11,마포구,11440,광주광역시,29,38,202,81,158,332,15,194,28,232,91,40
20220407,서울특별시,11,마포구,11440,대전광역시,30,40,289,67,189,306,22,262,28,211,119,44
20220407,서울특별시,11,마포구,11440,울산광역시,31,14,148,52,148,201,22,166,9,143,90,38
20220407,서울특별시,11,마포구,11440,세종특별자치시,36,6,62,33,43,81,10,79,6,60,35,12
20220407,서울특별시,11,마포구,11440,경기도,41,343,2930,906,1838,3274,288,2356,288,2852,1324,501
20220407,서울특별시,11,은평구,11380,서울특별시,11,86,491,107,154,734,159,715,61,634,354,606
20220407,서울특별시,11,은평구,11380,부산광역시,26,29,89,25,42,220,52,203,25,166,126,217
20220407,서울특별시,11,은평구,11380,대구광역시,27,21,65,21,33,146,36,100,18,115,71,120
20220407,서울특별시,11,은평구,11380,인천광역시,28,18,102,24,30,187,44,176,44,161,86,157
20220407,서울특별시,11,은평구,11380,광주광역시,29,15,40,9,24,92,21,100,15,54,56,82
20220407,서울특별시,11,은평구,11380,대전광역시,30,17,38,10,20,104,21,104,6,54,39,83
20220407,서울특별시,11,강서구,11500,강원도,42,33,160,72,164,337,70,475,49,791,168,350
20220407,서울특별시,11,강서구,11500,충청북도,43,37,183,60,163,302,48,434,39,739,137,348
20220407,서울특별시,11,강서구,11500,충청남도,44,53,252,119,206,362,78,588,38,720,178,345
20220407,서울특별시,11,강서구,11500,전라북도,45,29,175,60,131,285,72,364,38,507,143,259
20220407,서울특별시,11,강서구,11500,전라남도,46,30,171,59,148,338,39,415,44,753,144,321
20220407,서울특별시,11,영등포구,11560,서울특별시,11,365,1910,462,993,1177,116,2129,146,1964,854,704
20220407,서울특별시,11,영등포구,11560,부산광역시,26,88,482,113,248,357,22,407,62,404,162,133
20220407,서울특별시,11,영등포구,11560,대구광역시,27,57,314,71,130,246,13,381,50,248,111,202
20220407,서울특별시,11,영등포구,11560,인천광역시,28,63,586,84,266,358,20,458,84,391,193,173
20220407,서울특별시,11,영등포구,11560,광주광역시,29,33,188,39,118,208,14,202,39,184,77,67
20220407,서울특별시,11,영등포구,11560,대전광역시,30,31,188,29,110,174,15,238,42,173,69,60
20220407,서울특별시,11,양천구,11470,경기도,41,115,935,122,400,1049,141,775,50,1241,438,372
20220407,서울특별시,11,동대문구,11230,제주특별자치도,50,8,55,15,18,45,3,36,3,127,13,12
20220407,서울특별시,11,동대문구,11230,경상남도,48,63,365,89,91,346,25,436,38,971,145,80
20220407,서울특별시,11,동대문구,11230,경상북도,47,33,255,49,82,328,24,330,30,732,90,51
20220407,서울특별시,11,동대문구,11230,전라남도,46,24,187,32,55,179,8,213,13,475,78,56
20220407,서울특별시,11,양천구,11470,강원도,42,8,75,12,43,116,21,102,4,43,30,47
20220407,서울특별시,11,양천구,11470,충청북도,43,11,96,16,41,85,18,87,4,106,39,38
20220407,서울특별시,11,양천구,11470,충청남도,44,13,102,14,92,158,14,121,8,86,41,42
20220407,서울특별시,11,양천구,11470,전라북도,45,11,65,14,30,90,11,87,7,72,43,46
20220407,서울특별시,11,강서구,11500,경상북도,47,67,301,93,253,447,111,602,64,908,184,398
20220407,서울특별시,11,강서구,11500,경상남도,48,70,339,109,276,540,118,754,54,849,218,528
20220407,서울특별시,11,강서구,11500,제주특별자치도,50,14,33,18,30,64,19,71,7,100,25,64
20220407,서울특별시,11,송파구,11710,서울특별시,11,128,1244,307,472,1185,327,2135,99,2524,763,616
20220407,서울특별시,11,동대문구,11230,경기도,41,358,1921,485,454,1728,179,2002,213,5693,826,484
20220407,서울특별시,11,동대문구,11230,세종특별자치시,36,10,47,25,14,37,0,52,3,143,27,13
20220407,서울특별시,11,동작구,11590,서울특별시,11,162,663,373,292,1249,72,618,77,957,386,316
20220407,서울특별시,11,동작구,11590,부산광역시,26,43,129,82,63,355,12,153,15,179,97,89
20220407,서울특별시,11,구로구,11530,울산광역시,31,9,95,14,44,73,13,31,10,137,40,29
20220407,서울특별시,11,은평구,11380,경상북도,47,16,46,8,36,199,38,142,20,92,81,140
20220407,서울특별시,11,은평구,11380,경상남도,48,19,90,44,40,201,78,185,21,131,112,192
20220407,서울특별시,11,은평구,11380,제주특별자치도,50,6,13,0,5,15,18,12,0,18,10,24
20220407,서울특별시,11,강북구,11305,대전광역시,30,11,51,10,17,50,5,7,10,172,63,12
20220407,서울특별시,11,강북구,11305,광주광역시,29,6,52,14,28,44,8,7,11,203,52,15
20220407,서울특별시,11,동대문구,11230,울산광역시,31,17,115,35,34,113,13,124,15,361,54,22
20220407,서울특별시,11,동작구,11590,대구광역시,27,42,87,62,51,265,13,90,19,130,60,67
20220407,서울특별시,11,용산구,11170,부산광역시,26,38,326,49,1595,172,14,147,20,262,101,41
20220407,서울특별시,11,용산구,11170,대구광역시,27,30,287,19,1007,123,11,99,28,163,66,38
20220407,서울특별시,11,용산구,11170,인천광역시,28,35,289,54,1534,160,20,123,37,225,99,45
20220407,서울특별시,11,용산구,11170,광주광역시,29,16,175,23,635,74,5,58,3,123,37,12
20220407,서울특별시,11,용산구,11170,대전광역시,30,16,180,21,818,89,12,37,17,118,55,23
20220407,서울특별시,11,동작구,11590,인천광역시,28,56,152,51,52,356,16,178,28,215,98,93
20220407,서울특별시,11,양천구,11470,전라남도,46,10,62,11,35,114,11,91,8,47,39,29
20220407,서울특별시,11,양천구,11470,경상북도,47,14,135,15,52,135,19,109,9,72,41,70
20220407,서울특별시,11,양천구,11470,경상남도,48,17,158,15,75,168,23,157,8,93,68,62
20220407,서울특별시,11,양천구,11470,제주특별자치도,50,0,26,3,16,22,0,16,0,23,8,9
20220407,서울특별시,11,동작구,11590,광주광역시,29,26,64,30,37,184,15,45,13,97,38,55
20220407,서울특별시,11,동작구,11590,대전광역시,30,14,58,33,31,149,14,74,16,102,49,54
20220407,서울특별시,11,동작구,11590,울산광역시,31,23,42,19,27,121,5,57,7,67,19,28
20220407,서울특별시,11,동작구,11590,세종특별자치시,36,3,15,5,14,47,0,24,7,22,11,14
20220407,서울특별시,11,동작구,11590,경기도,41,269,796,347,364,1820,97,825,163,1426,532,482
20220407,서울특별시,11,양천구,11470,서울특별시,11,76,727,143,323,678,72,611,29,771,278,281
20220407,서울특별시,11,동대문구,11230,대전광역시,30,35,191,36,58,168,12,198,21,517,65,46
20220407,서울특별시,11,동대문구,11230,광주광역시,29,35,178,52,29,167,7,183,14,514,66,42
20220407,서울특별시,11,양천구,11470,부산광역시,26,21,160,30,57,171,37,140,8,137,78,84
20220407,서울특별시,11,양천구,11470,대구광역시,27,15,122,14,51,117,13,108,7,102,55,45
20220407,서울특별시,11,노원구,11350,서울특별시,11,116,534,108,218,832,107,556,234,1262,271,105
20220407,서울특별시,11,노원구,11350,부산광역시,26,27,124,15,45,238,31,170,74,286,71,39
20220407,서울특별시,11,노원구,11350,대구광역시,27,34,77,15,34,169,32,119,52,205,46,24
20220407,서울특별시,11,노원구,11350,인천광역시,28,46,126,18,49,279,40,140,86,323,61,33
20220407,서울특별시,11,노원구,11350,광주광역시,29,10,44,8,31,130,17,59,37,169,27,19
20220407,서울특별시,11,노원구,11350,대전광역시,30,18,46,6,26,105,16,62,27,125,29,12
20220407,서울특별시,11,노원구,11350,울산광역시,31,8,37,5,16,71,14,39,31,97,15,10
20220407,서울특별시,11,노원구,11350,세종특별자치시,36,3,12,4,7,36,5,17,21,47,5,4
20220407,서울특별시,11,노원구,11350,경기도,41,168,711,110,304,1298,198,755,384,2099,376,221
20220407,서울특별시,11,노원구,11350,강원도,42,25,49,3,27,114,17,84,50,150,32,17
20220407,서울특별시,11,노원구,11350,충청북도,43,25,42,8,31,118,19,65,37,199,42,23
20220407,서울특별시,11,노원구,11350,충청남도,44,25,113,14,58,203,28,149,70,222,42,18
20220407,서울특별시,11,노원구,11350,전라북도,45,15,45,13,30,145,26,65,37,151,31,26
20220407,서울특별시,11,노원구,11350,전라남도,46,14,51,0,27,131,16,73,40,149,18,19
20220407,서울특별시,11,노원구,11350,경상북도,47,31,66,10,44,186,33,124,59,192,66,30
20220407,서울특별시,11,노원구,11350,경상남도,48,29,122,10,43,239,47,127,75,227,56,29
20220407,서울특별시,11,노원구,11350,제주특별자치도,50,6,20,0,8,69,7,21,10,35,6,0
20220407,서울특별시,11,동대문구,11230,인천광역시,28,69,389,79,91,368,18,361,40,1088,171,120
20220407,서울특별시,11,동대문구,11230,대구광역시,27,48,238,59,64,257,22,275,36,793,92,60
20220407,서울특별시,11,동대문구,11230,부산광역시,26,64,323,87,81,344,23,456,38,1035,135,98
20220407,서울특별시,11,동대문구,11230,서울특별시,11,271,1311,328,358,1038,111,1285,87,3969,592,371
20220407,서울특별시,11,관악구,11620,전라남도,46,4,40,17,24,73,6,45,5,77,69,81
20220407,서울특별시,11,동작구,11590,제주특별자치도,50,4,21,10,7,51,0,9,0,28,7,0
20220407,서울특별시,11,동작구,11590,경상남도,48,34,123,69,56,348,15,139,38,189,67,102
20220407,서울특별시,11,동작구,11590,경상북도,47,33,70,39,36,260,13,101,35,126,65,79
20220407,서울특별시,11,동작구,11590,전라남도,46,19,52,28,34,188,11,80,15,76,28,41
20220407,서울특별시,11,동작구,11590,전라북도,45,36,78,36,31,189,4,83,21,78,43,49
20220407,서울특별시,11,동작구,11590,충청남도,44,32,100,45,62,241,19,122,27,146,42,53
20220407,서울특별시,11,동작구,11590,충청북도,43,29,64,46,53,190,7,84,20,143,39,47
20220407,서울특별시,11,은평구,11380,울산광역시,31,10,18,7,9,66,20,52,10,50,31,67
20220407,서울특별시,11,은평구,11380,세종특별자치시,36,3,18,4,6,25,9,25,0,12,16,20
20220407,서울특별시,11,강북구,11305,제주특별자치도,50,0,13,3,3,7,3,0,0,45,10,0
20220407,서울특별시,11,강북구,11305,경상남도,48,18,125,8,33,88,12,29,26,387,109,21
20220407,서울특별시,11,강북구,11305,경상북도,47,12,93,11,42,81,8,15,23,314,87,24
20220407,서울특별시,11,강북구,11305,전라남도,46,9,64,6,27,51,0,9,17,209,41,6
20220407,서울특별시,11,강북구,11305,전라북도,45,16,67,7,22,46,6,12,9,210,42,10
20220407,서울특별시,11,강북구,11305,충청남도,44,13,99,9,39,69,6,16,17,315,66,17
20220407,서울특별시,11,마포구,11440,강원도,42,25,212,79,209,330,19,249,17,178,110,43
20220407,서울특별시,11,마포구,11440,충청북도,43,33,262,68,198,308,21,221,26,262,146,55
20220407,서울특별시,11,마포구,11440,충청남도,44,55,307,105,250,538,55,335,31,252,154,76
20220407,서울특별시,11,동작구,11590,강원도,42,21,70,35,43,240,4,78,16,84,37,31
20220407,서울특별시,11,영등포구,11560,울산광역시,31,30,157,19,68,106,6,128,18,94,47,47
20220407,서울특별시,11,영등포구,11560,세종특별자치시,36,9,47,13,30,44,0,55,13,43,35,14
20220407,서울특별시,11,영등포구,11560,경기도,41,407,2417,427,1176,1860,129,2335,380,2456,898,826
20220407,서울특별시,11,영등포구,11560,강원도,42,26,160,37,132,188,8,241,27,161,67,79
20220407,서울특별시,11,영등포구,11560,충청북도,43,35,210,39,155,192,11,231,39,216,68,83
20220407,서울특별시,11,영등포구,11560,충청남도,44,34,278,39,176,246,13,298,57,227,112,103
20220407,서울특별시,11,영등포구,11560,전라북도,45,38,208,60,112,199,7,272,30,184,64,82
20220407,서울특별시,11,영등포구,11560,전라남도,46,25,225,40,128,205,7,229,35,128,66,60
20220407,서울특별시,11,영등포구,11560,경상북도,47,48,332,81,178,271,16,314,34,210,90,113
20220407,서울특별시,11,영등포구,11560,경상남도,48,71,510,167,196,378,25,421,60,305,125,137
20220407,서울특별시,11,영등포구,11560,제주특별자치도,50,9,56,8,35,42,5,51,3,43,22,14
20220407,서울특별시,11,강남구,11680,제주특별자치도,50,11,83,17,33,41,7,84,10,244,55,47
20220407,서울특별시,11,강남구,11680,경상남도,48,54,419,183,167,335,36,554,97,1536,358,318
20220407,서울특별시,11,강남구,11680,경상북도,47,32,287,132,132,217,18,412,63,1236,253,197
20220407,서울특별시,11,강남구,11680,전라남도,46,22,178,80,93,208,13,308,44,813,166,128
20220407,서울특별시,11,강남구,11680,전라북도,45,34,207,103,97,160,11,305,40,1002,205,162
20220407,서울특별시,11,강남구,11680,충청남도,44,37,293,135,149,226,20,398,58,1313,275,180
20220407,서울특별시,11,강남구,11680,충청북도,43,28,228,83,105,186,9,323,46,1052,227,152
20220407,서울특별시,11,강남구,11680,강원도,42,28,248,75,92,177,16,361,41,882,179,141
20220407,서울특별시,11,강남구,11680,경기도,41,342,3110,1087,998,1981,187,2914,460,10112,2339,1745
20220407,서울특별시,11,강남구,11680,세종특별자치시,36,10,75,38,12,43,4,99,25,227,72,46
20220407,서울특별시,11,강남구,11680,울산광역시,31,17,135,78,56,114,16,198,30,557,130,119
20220407,서울특별시,11,강남구,11680,대전광역시,30,26,219,107,84,223,21,304,58,1034,184,184
20220407,서울특별시,11,강남구,11680,광주광역시,29,28,203,105,86,153,15,261,33,1026,196,132
20220407,서울특별시,11,강남구,11680,인천광역시,28,54,535,230,181,353,27,554,79,2042,461,338
20220407,서울특별시,11,강남구,11680,대구광역시,27,47,420,186,118,238,15,377,55,1364,304,206
20220407,서울특별시,11,강남구,11680,부산광역시,26,78,495,221,181,354,39,578,79,1873,452,339
20220407,서울특별시,11,강남구,11680,서울특별시,11,248,3047,2369,838,1444,135,2323,307,7580,1913,1657
20220407,서울특별시,11,도봉구,11320,서울특별시,11,143,494,59,501,530,123,666,98,2225,407,301
20220407,서울특별시,11,도봉구,11320,부산광역시,26,33,105,7,127,176,31,249,33,639,124,82
20220407,서울특별시,11,양천구,11470,인천광역시,28,23,211,33,87,213,17,159,23,136,65,59
20220407,서울특별시,11,중랑구,11260,제주특별자치도,50,14,56,7,28,35,6,32,0,64,14,14
20220407,서울특별시,11,중랑구,11260,경상남도,48,43,315,29,136,398,108,327,78,397,159,121
20220407,서울특별시,11,중랑구,11260,경상북도,47,29,305,38,127,312,54,276,64,308,119,72
20220407,서울특별시,11,중랑구,11260,전라남도,46,26,178,22,96,190,45,183,41,190,77,54
20220407,서울특별시,11,중랑구,11260,전라북도,45,28,152,30,82,198,51,164,43,240,78,45
20220407,서울특별시,11,중랑구,11260,충청남도,44,39,245,29,137,298,62,231,52,291,83,65
20220407,서울특별시,11,중랑구,11260,충청북도,43,33,176,20,108,209,48,226,37,245,81,45
20220407,서울특별시,11,중랑구,11260,강원도,42,30,357,17,116,173,58,169,29,190,115,67
20220407,서울특별시,11,중랑구,11260,경기도,41,233,2037,238,872,1873,444,1598,341,2412,848,568
20220407,서울특별시,11,중랑구,11260,세종특별자치시,36,4,38,3,21,45,13,40,14,55,14,17
20220407,서울특별시,11,중랑구,11260,울산광역시,31,13,131,7,86,156,30,105,19,138,44,24
20220407,서울특별시,11,중랑구,11260,대전광역시,30,24,319,16,101,191,33,181,39,224,71,51
20220407,서울특별시,11,중랑구,11260,광주광역시,29,20,157,18,99,178,35,150,28,210,57,62
20220407,서울특별시,11,중랑구,11260,인천광역시,28,54,443,50,180,347,79,329,55,476,170,131
20220407,서울특별시,11,중랑구,11260,대구광역시,27,36,308,26,112,270,55,224,40,315,108,87
20220407,서울특별시,11,중랑구,11260,부산광역시,26,40,411,31,201,452,77,356,56,417,169,130
20220407,서울특별시,11,중랑구,11260,서울특별시,11,202,1941,224,686,1154,279,1189,173,1741,635,350
20220407,서울특별시,11,구로구,11530,세종특별자치시,36,6,58,10,27,26,7,12,10,71,20,25
20220407,서울특별시,11,구로구,11530,경기도,41,167,2111,358,842,1388,272,552,217,2812,637,458
20220407,서울특별시,11,구로구,11530,강원도,42,22,196,36,97,136,24,61,13,196,50,43
20220407,서울특별시,11,중구,11140,제주특별자치도,50,8,54,9,9,44,6,14,12,197,27,8
20220407,서울특별시,11,중구,11140,경상남도,48,64,353,26,116,378,57,149,50,907,197,39
20220407,서울특별시,11,중구,11140,경상북도,47,44,262,51,50,255,57,97,43,689,123,27
20220407,서울특별시,11,동대문구,11230,전라북도,45,32,167,42,49,171,6,220,16,523,84,31
20220407,서울특별시,11,중구,11140,전라남도,46,42,198,18,35,166,30,65,18,463,113,18
20220407,서울특별시,11,중구,11140,전라북도,45,30,184,19,43,162,27,67,26,520,109,20
20220407,서울특별시,11,중구,11140,충청남도,44,49,207,37,63,227,29,92,30,646,126,22
20220407,서울특별시,11,중구,11140,충청북도,43,50,202,38,31,162,35,92,23,526,113,20
20220407,서울특별시,11,중구,11140,강원도,42,42,239,33,60,201,44,84,21,452,83,16
20220407,서울특별시,11,중구,11140,경기도,41,423,1880,253,525,1992,279,1099,238,5150,1043,269
20220407,서울특별시,11,중구,11140,세종특별자치시,36,11,43,8,0,41,7,29,6,157,30,9
20220407,서울특별시,11,중구,11140,울산광역시,31,17,111,9,44,119,24,37,7,359,69,18
20220407,서울특별시,11,중구,11140,대전광역시,30,37,144,18,51,137,23,89,18,526,123,14
20220407,서울특별시,11,관악구,11620,제주특별자치도,50,4,25,8,6,18,0,11,0,26,19,18
20220407,서울특별시,11,강북구,11305,인천광역시,28,22,159,22,39,110,12,20,23,447,89,36
20220407,서울특별시,11,도봉구,11320,제주특별자치도,50,3,17,0,8,25,6,25,4,66,12,9
20220407,서울특별시,11,도봉구,11320,경상남도,48,52,130,10,123,167,27,187,23,606,126,93
20220407,서울특별시,11,도봉구,11320,경상북도,47,29,107,6,133,169,30,188,19,435,121,73
20220407,서울특별시,11,도봉구,11320,전라남도,46,18,44,3,64,84,20,84,14,280,75,43
20220407,서울특별시,11,중구,11140,광주광역시,29,32,165,38,63,135,18,64,23,588,97,22
20220407,서울특별시,11,중구,11140,인천광역시,28,101,364,61,140,405,42,222,27,1029,231,52
20220407,서울특별시,11,중구,11140,대구광역시,27,37,265,46,64,269,32,83,31,817,164,28
20220407,서울특별시,11,중구,11140,부산광역시,26,70,378,41,70,359,53,151,50,1149,232,52
20220407,서울특별시,11,중구,11140,서울특별시,11,304,1905,257,397,1741,175,1083,139,4461,946,258
20220407,서울특별시,11,동대문구,11230,충청남도,44,46,255,67,69,240,25,280,27,702,81,61
20220407,서울특별시,11,동대문구,11230,충청북도,43,33,197,42,48,212,18,224,28,556,68,51
20220407,서울특별시,11,강북구,11305,충청북도,43,9,89,5,29,49,5,11,15,238,63,9
20220407,서울특별시,11,용산구,11170,울산광역시,31,9,92,10,462,43,7,34,6,52,25,5
20220407,서울특별시,11,용산구,11170,세종특별자치시,36,7,31,9,208,20,3,12,6,33,13,0
20220407,서울특별시,11,용산구,11170,경기도,41,152,1685,289,7959,904,127,633,134,1467,543,204
20220407,서울특별시,11,용산구,11170,강원도,42,19,142,6,748,65,12,52,17,85,42,11
20220407,서울특별시,11,용산구,11170,충청북도,43,6,165,21,864,78,11,60,10,109,48,22
20220407,서울특별시,11,용산구,11170,충청남도,44,16,224,28,1120,127,14,73,22,114,51,29
20220407,서울특별시,11,용산구,11170,전라북도,45,16,176,23,684,74,8,76,6,128,41,29
20220407,서울특별시,11,용산구,11170,전라남도,46,8,147,25,621,72,10,75,8,95,36,20
20220407,서울특별시,11,도봉구,11320,전라북도,45,19,61,14,64,93,12,101,20,326,59,47
20220407,서울특별시,11,도봉구,11320,충청남도,44,26,88,9,114,111,26,117,23,426,66,57
20220407,서울특별시,11,도봉구,11320,충청북도,43,26,70,6,76,91,23,86,17,338,67,36
20220407,서울특별시,11,도봉구,11320,강원도,42,26,91,0,95,102,23,106,20,307,61,29
20220407,서울특별시,11,도봉구,11320,경기도,41,208,676,73,718,845,226,930,151,3302,574,365
20220407,서울특별시,11,도봉구,11320,세종특별자치시,36,6,19,0,17,22,7,22,4,85,16,16
20220407,서울특별시,11,도봉구,11320,울산광역시,31,13,29,0,36,55,15,66,10,217,32,32
20220407,서울특별시,11,도봉구,11320,대전광역시,30,21,36,5,66,77,17,95,14,300,53,28
20220407,서울특별시,11,도봉구,11320,광주광역시,29,16,50,5,50,73,16,104,18,302,72,49
20220407,서울특별시,11,도봉구,11320,인천광역시,28,41,147,7,135,190,35,222,27,679,97,79
20220407,서울특별시,11,관악구,11620,경상남도,48,31,102,32,36,168,23,64,12,156,149,178
20220407,서울특별시,11,서초구,11650,제주특별자치도,50,5,51,19,12,34,7,27,0,62,16,16
20220407,서울특별시,11,서초구,11650,경상남도,48,31,560,182,78,253,27,196,23,285,80,125
20220407,서울특별시,11,서초구,11650,경상북도,47,25,403,106,61,214,19,136,15,207,59,79
20220407,서울특별시,11,서초구,11650,전라남도,46,19,142,64,36,148,19,97,9,132,33,48
20220407,서울특별시,11,서초구,11650,전라북도,45,20,358,85,44,117,16,114,11,146,50,53
20220407,서울특별시,11,서초구,11650,충청남도,44,32,446,111,71,172,10,162,27,209,69,93
20220407,서울특별시,11,서초구,11650,충청북도,43,20,272,79,41,126,14,118,11,218,48,54
20220407,서울특별시,11,서초구,11650,강원도,42,21,281,99,42,134,15,108,15,137,33,55
20220407,서울특별시,11,서초구,11650,경기도,41,288,2337,940,500,1463,156,1141,142,2357,557,626
20220407,서울특별시,11,서초구,11650,세종특별자치시,36,5,108,34,15,47,3,35,3,59,16,11
20220407,서울특별시,11,용산구,11170,경상북도,47,18,218,24,1047,103,18,75,12,130,68,41
20220407,서울특별시,11,강서구,11500,서울특별시,11,257,1532,650,1211,1395,339,2509,208,2364,883,1494
20220407,서울특별시,11,강서구,11500,부산광역시,26,67,341,151,268,462,111,735,57,615,247,461
20220407,서울특별시,11,강서구,11500,대구광역시,27,64,252,117,207,316,109,457,45,425,187,298
20220407,서울특별시,11,강서구,11500,인천광역시,28,68,422,139,282,426,66,704,65,585,206,376
20220407,서울특별시,11,강서구,11500,광주광역시,29,47,147,72,161,249,43,435,24,320,110,185
20220407,서울특별시,11,강서구,11500,대전광역시,30,35,179,77,125,191,60,332,23,294,116,182
20220407,서울특별시,11,강서구,11500,울산광역시,31,30,97,43,88,148,61,206,26,215,78,120
20220407,서울특별시,11,강서구,11500,세종특별자치시,36,8,48,24,41,70,31,87,13,102,38,75
20220407,서울특별시,11,용산구,11170,경상남도,48,26,296,38,1244,151,25,149,28,170,93,41
20220407,서울특별시,11,용산구,11170,제주특별자치도,50,0,34,6,147,19,6,16,4,36,18,5
20220407,서울특별시,11,강북구,11305,강원도,42,15,81,14,32,58,7,13,10,208,33,13
20220407,서울특별시,11,강북구,11305,경기도,41,93,644,95,288,545,71,126,133,2245,464,130
20220407,서울특별시,11,강북구,11305,세종특별자치시,36,4,16,7,4,11,0,0,0,41,15,0
20220407,서울특별시,11,강북구,11305,울산광역시,31,3,32,5,11,28,3,5,6,135,34,7
20220407,서울특별시,11,구로구,11530,충청북도,43,12,180,41,97,146,22,55,22,286,55,45
20220407,서울특별시,11,구로구,11530,충청남도,44,22,266,59,123,170,38,57,25,334,80,60
20220407,서울특별시,11,송파구,11710,대전광역시,30,39,117,17,79,712,76,7811,101,249,70,187
20220407,서울특별시,11,송파구,11710,광주광역시,29,26,134,18,43,296,62,2610,42,234,83,95
20220407,서울특별시,11,송파구,11710,인천광역시,28,37,257,39,118,292,82,462,40,600,145,158
20220407,서울특별시,11,서초구,11650,울산광역시,31,12,239,58,26,81,9,60,9,86,26,33
20220407,서울특별시,11,서초구,11650,대전광역시,30,23,391,92,36,125,13,107,11,144,45,50
20220407,서울특별시,11,서초구,11650,광주광역시,29,22,163,113,40,138,12,89,11,147,49,61
20220407,서울특별시,11,서초구,11650,인천광역시,28,42,285,165,84,252,19,214,25,339,86,137
20220407,서울특별시,11,서초구,11650,대구광역시,27,39,612,145,69,197,23,158,14,265,60,83
20220407,서울특별시,11,서초구,11650,부산광역시,26,53,335,163,66,260,26,235,21,355,100,129
20220407,서울특별시,11,서초구,11650,서울특별시,11,258,1836,959,447,1043,134,1246,74,1532,494,536
20220407,서울특별시,11,광진구,11215,제주특별자치도,50,28,34,7,15,22,4,18,3,62,21,13
20220407,서울특별시,11,광진구,11215,경상남도,48,169,257,39,108,197,41,108,43,349,277,102
20220407,서울특별시,11,광진구,11215,경상북도,47,131,184,21,82,161,41,72,36,271,190,45
20220407,서울특별시,11,광진구,11215,전라남도,46,92,126,14,61,101,24,61,15,192,115,37
20220407,서울특별시,11,광진구,11215,전라북도,45,90,127,16,67,99,13,50,19,214,146,38
20220407,서울특별시,11,광진구,11215,충청남도,44,114,177,32,77,157,34,79,37,282,191,72
20220407,서울특별시,11,광진구,11215,충청북도,43,85,110,13,85,88,29,68,24,237,133,53
20220407,서울특별시,11,송파구,11710,대구광역시,27,46,189,22,84,763,67,7893,100,379,151,226
20220407,서울특별시,11,송파구,11710,부산광역시,26,30,255,53,103,455,71,2886,67,517,199,191
20220407,서울특별시,11,서대문구,11410,울산광역시,31,3,26,3,10,35,3,39,29,82,21,11
20220407,서울특별시,11,동대문구,11230,강원도,42,47,176,30,48,180,14,249,11,476,54,46
20220407,서울특별시,11,송파구,11710,제주특별자치도,50,4,26,12,18,26,13,29,0,68,20,9
20220407,서울특별시,11,송파구,11710,경상남도,48,43,231,72,122,600,78,5179,89,402,149,227
20220407,서울특별시,11,송파구,11710,경상북도,47,34,151,24,93,541,65,4414,61,294,92,152
20220407,서울특별시,11,송파구,11710,전라남도,46,16,106,26,70,324,44,2716,48,218,59,84
20220407,서울특별시,11,송파구,11710,전라북도,45,21,116,20,71,328,37,2753,41,242,57,113
20220407,서울특별시,11,광진구,11215,강원도,42,62,110,18,64,124,22,53,29,172,103,43
20220407,서울특별시,11,광진구,11215,경기도,41,614,1374,208,686,959,207,554,223,2668,1301,451
20220407,서울특별시,11,광진구,11215,세종특별자치시,36,18,40,0,21,21,7,14,9,58,45,16
20220407,서울특별시,11,광진구,11215,울산광역시,31,50,105,5,34,48,19,38,20,104,71,24
20220407,서울특별시,11,광진구,11215,대전광역시,30,73,122,10,78,90,15,52,24,223,116,50
20220407,서울특별시,11,광진구,11215,광주광역시,29,62,158,14,63,80,14,44,21,217,159,42
20220407,서울특별시,11,광진구,11215,인천광역시,28,140,304,32,104,216,37,106,57,466,266,98
20220407,서울특별시,11,광진구,11215,대구광역시,27,88,227,18,80,117,14,62,36,293,186,68
20220407,서울특별시,11,종로구,11110,서울특별시,11,206,1223,366,358,628,113,418,129,2475,855,156
20220407,서울특별시,11,종로구,11110,부산광역시,26,61,237,45,86,190,29,80,49,841,252,35
20220407,서울특별시,11,종로구,11110,대구광역시,27,36,175,28,46,114,11,68,26,545,149,27
20220407,서울특별시,11,종로구,11110,인천광역시,28,48,254,49,79,167,25,122,59,761,255,39
20220407,서울특별시,11,종로구,11110,광주광역시,29,17,98,21,33,61,13,39,25,427,110,19
20220407,서울특별시,11,종로구,11110,대전광역시,30,21,110,19,44,90,15,49,25,360,124,16
20220407,서울특별시,11,종로구,11110,울산광역시,31,10,75,7,32,52,10,28,17,215,82,14
20220407,서울특별시,11,종로구,11110,세종특별자치시,36,13,41,12,10,28,0,12,4,104,35,0
20220407,서울특별시,11,종로구,11110,경기도,41,245,1402,313,436,827,113,590,307,3795,1243,173
20220407,서울특별시,11,종로구,11110,강원도,42,18,140,34,47,86,12,55,45,321,119,19
20220407,서울특별시,11,종로구,11110,충청북도,43,27,162,25,53,77,12,43,58,403,143,23
20220407,서울특별시,11,종로구,11110,충청남도,44,40,196,37,69,116,19,70,38,465,162,27
20220407,서울특별시,11,종로구,11110,전라북도,45,19,133,24,29,91,7,43,40,404,106,29
20220407,서울특별시,11,종로구,11110,전라남도,46,20,124,18,29,97,10,45,30,399,124,20
20220407,서울특별시,11,종로구,11110,경상북도,47,37,203,23,47,106,22,73,43,510,165,31
20220407,서울특별시,11,종로구,11110,경상남도,48,48,232,39,86,139,25,89,63,639,239,42
20220407,서울특별시,11,종로구,11110,제주특별자치도,50,11,66,5,17,22,6,14,17,123,42,8
20220407,서울특별시,11,성동구,11200,서울특별시,11,288,4101,245,1018,994,231,715,68,3389,1335,522
20220407,서울특별시,11,성동구,11200,부산광역시,26,78,881,55,261,245,77,202,27,756,332,108
20220407,서울특별시,11,성동구,11200,대구광역시,27,42,518,32,163,180,37,134,19,582,193,72
20220407,서울특별시,11,성동구,11200,인천광역시,28,83,828,74,223,248,39,188,33,773,249,109
20220407,서울특별시,11,성동구,11200,광주광역시,29,38,381,37,112,125,19,116,11,434,131,52
20220407,서울특별시,11,성동구,11200,대전광역시,30,32,329,16,131,130,23,83,13,383,122,49
20220407,서울특별시,11,성동구,11200,울산광역시,31,27,210,14,72,92,20,61,7,258,78,30
20220407,서울특별시,11,성동구,11200,세종특별자치시,36,9,72,14,36,26,6,18,3,103,27,12
20220407,서울특별시,11,성동구,11200,경기도,41,359,4538,271,1303,1386,303,946,130,4252,1419,536
20220407,서울특별시,11,성동구,11200,강원도,42,29,353,26,136,148,19,92,17,354,126,56
20220407,서울특별시,11,성동구,11200,충청북도,43,38,302,17,120,130,39,88,13,401,131,44
20220407,서울특별시,11,성동구,11200,충청남도,44,59,475,38,187,155,46,130,17,502,171,58
20220407,서울특별시,11,성동구,11200,전라북도,45,28,341,22,115,123,29,92,17,360,121,58
20220407,서울특별시,11,성동구,11200,전라남도,46,35,300,23,124,140,24,76,21,338,105,32
20220407,서울특별시,11,성동구,11200,경상북도,47,48,422,37,187,173,45,147,23,528,160,69
20220407,서울특별시,11,성동구,11200,경상남도,48,50,641,38,241,252,50,154,20,700,238,103
20220407,서울특별시,11,성동구,11200,제주특별자치도,50,9,181,6,24,64,10,19,3,128,70,15
20220407,서울특별시,11,금천구,11545,서울특별시,11,486,1163,307,1490,1457,657,1630,511,4098,1641,1759
20220407,서울특별시,11,금천구,11545,부산광역시,26,130,272,82,376,391,198,373,116,1036,443,451
20220407,서울특별시,11,금천구,11545,대구광역시,27,74,180,57,266,246,166,294,98,867,341,349
20220407,서울특별시,11,금천구,11545,인천광역시,28,102,291,65,340,364,140,408,131,1144,493,430
20220407,서울특별시,11,금천구,11545,광주광역시,29,54,169,35,148,154,125,192,70,641,233,194
20220407,서울특별시,11,금천구,11545,대전광역시,30,55,119,35,211,190,74,173,88,587,255,221
20220407,서울특별시,11,금천구,11545,울산광역시,31,25,85,26,113,92,78,99,60,446,168,154
20220407,서울특별시,11,금천구,11545,세종특별자치시,36,14,38,11,59,61,23,52,40,199,72,55
20220407,서울특별시,11,금천구,11545,경기도,41,620,1507,321,1670,1942,806,1939,745,5642,2229,2158
20220407,서울특별시,11,금천구,11545,강원도,42,81,112,110,210,188,113,225,69,552,242,194
20220407,서울특별시,11,금천구,11545,충청북도,43,68,139,41,197,182,73,203,80,599,243,224
20220407,서울특별시,11,금천구,11545,충청남도,44,104,209,56,254,274,131,278,98,792,301,258
20220407,서울특별시,11,금천구,11545,전라북도,45,48,145,59,147,162,77,211,70,548,254,195
20220407,서울특별시,11,금천구,11545,전라남도,46,72,97,54,193,197,113,171,65,549,225,216
20220407,서울특별시,11,금천구,11545,경상북도,47,89,191,75,237,291,168,312,93,796,364,336
20220407,서울특별시,11,금천구,11545,경상남도,48,97,217,85,326,347,222,329,126,1077,402,369
20220407,서울특별시,11,금천구,11545,제주특별자치도,50,13,27,16,45,29,29,62,13,211,72,62
20220407,서울특별시,11,광진구,11215,부산광역시,26,129,323,24,155,189,35,103,31,425,262,81
20220407,서울특별시,11,광진구,11215,서울특별시,11,419,1095,192,561,611,126,394,131,1998,985,288
20220407,서울특별시,11,은평구,11380,충청북도,43,12,35,9,24,101,31,81,14,108,54,82
20220407,서울특별시,11,구로구,11530,전라북도,45,13,172,35,75,115,22,61,19,265,53,36
20220407,서울특별시,11,구로구,11530,전라남도,46,10,143,33,86,125,27,48,16,266,59,44
20220407,서울특별시,11,구로구,11530,경상북도,47,20,274,55,112,188,51,89,20,345,87,71
20220407,서울특별시,11,구로구,11530,경상남도,48,43,347,79,144,233,52,80,36,457,133,95
20220407,서울특별시,11,구로구,11530,제주특별자치도,50,0,60,12,29,35,7,17,0,75,14,17
20220407,서울특별시,11,은평구,11380,충청남도,44,30,61,32,41,163,27,138,29,83,68,146
20220407,서울특별시,11,은평구,11380,전라북도,45,6,38,5,26,98,29,92,14,96,45,107
20220407,서울특별시,11,은평구,11380,전라남도,46,12,57,9,26,110,32,74,15,67,56,97
20220407,서울특별시,11,관악구,11620,경상북도,47,19,104,31,35,105,11,48,6,112,111,151
20220407,서울특별시,11,서대문구,11410,대전광역시,30,0,33,8,23,58,3,50,25,133,41,16
20220407,서울특별시,11,송파구,11710,충청남도,44,23,183,49,86,736,76,7074,109,315,98,186
20220407,서울특별시,11,송파구,11710,충청북도,43,33,133,26,54,483,70,5673,79,337,69,154
20220407,서울특별시,11,송파구,11710,강원도,42,32,118,27,76,375,55,3330,37,212,71,138
20220407,서울특별시,11,도봉구,11320,대구광역시,27,48,75,8,105,125,27,148,20,452,86,75
20220407,서울특별시,11,강동구,11740,제주특별자치도,50,4,38,4,12,22,4,32,0,21,53,7
20220407,서울특별시,11,강동구,11740,경상남도,48,41,159,85,80,222,29,298,24,155,180,45
20220407,서울특별시,11,강동구,11740,경상북도,47,61,133,68,57,151,14,246,15,102,143,36
20220407,서울특별시,11,관악구,11620,서울특별시,11,93,667,373,211,482,67,320,41,898,494,685
20220407,서울특별시,11,관악구,11620,부산광역시,26,25,106,59,58,156,17,65,10,197,137,228
20220407,서울특별시,11,관악구,11620,대구광역시,27,14,84,31,27,107,14,49,6,112,100,153
20220407,서울특별시,11,관악구,11620,인천광역시,28,17,111,56,59,168,12,69,15,193,116,174
20220407,서울특별시,11,관악구,11620,광주광역시,29,7,47,23,27,69,4,47,4,107,61,96
20220407,서울특별시,11,관악구,11620,대전광역시,30,9,52,22,24,68,7,31,8,99,68,93
20220407,서울특별시,11,서대문구,11410,제주특별자치도,50,0,23,6,4,10,0,11,7,40,8,3
20220407,서울특별시,11,서대문구,11410,경상남도,48,3,89,15,34,135,4,126,82,237,66,30
20220407,서울특별시,11,서대문구,11410,경상북도,47,3,84,15,32,85,4,103,46,168,34,14
20220407,서울특별시,11,서대문구,11410,전라남도,46,0,45,13,17,78,4,70,43,132,38,16
20220407,서울특별시,11,서대문구,11410,전라북도,45,3,49,12,12,67,0,75,32,147,27,64
20220407,서울특별시,11,서대문구,11410,충청남도,44,4,73,17,41,89,5,109,51,176,53,21
20220407,서울특별시,11,서대문구,11410,충청북도,43,0,45,13,27,66,5,73,49,168,38,22
20220407,서울특별시,11,서대문구,11410,강원도,42,0,62,17,22,69,6,99,46,136,30,18
20220407,서울특별시,11,서대문구,11410,경기도,41,26,677,109,198,656,50,586,334,1887,369,295
20220407,서울특별시,11,서대문구,11410,세종특별자치시,36,0,8,0,0,13,0,12,20,49,14,9
20220407,서울특별시,11,관악구,11620,울산광역시,31,6,36,21,15,42,5,27,0,44,52,68
20220407,서울특별시,11,관악구,11620,세종특별자치시,36,0,17,8,0,22,4,18,0,10,16,27
20220407,서울특별시,11,관악구,11620,경기도,41,119,758,303,281,720,111,399,63,1419,670,913
20220407,서울특별시,11,성북구,11290,제주특별자치도,50,10,66,5,19,55,7,28,22,291,79,32
20220407,서울특별시,11,성북구,11290,경상남도,48,81,383,43,112,643,72,283,195,1841,498,187
20220407,서울특별시,11,성북구,11290,경상북도,47,45,296,33,91,518,61,249,118,1337,369,152
20220407,서울특별시,11,성북구,11290,전라남도,46,48,174,18,70,371,33,173,71,937,234,87
20220407,서울특별시,11,성북구,11290,전라북도,45,35,221,39,52,332,25,171,55,1040,242,82
20220407,서울특별시,11,마포구,11440,전라북도,45,27,238,85,162,345,23,262,27,230,121,45
20220407,서울특별시,11,마포구,11440,전라남도,46,24,201,74,185,339,34,251,21,149,89,29
20220407,서울특별시,11,마포구,11440,경상북도,47,31,337,121,265,567,48,349,34,259,154,72
20220407,서울특별시,11,마포구,11440,경상남도,48,43,436,167,347,641,67,457,43,312,226,89
20220407,서울특별시,11,마포구,11440,제주특별자치도,50,8,122,32,42,74,5,61,7,112,40,16
20220407,서울특별시,11,성북구,11290,충청남도,44,58,282,37,80,480,45,246,93,1275,367,123
20220407,서울특별시,11,성북구,11290,충청북도,43,48,207,24,55,329,33,165,72,1013,265,116
20220407,서울특별시,11,성북구,11290,강원도,42,46,193,26,62,355,38,188,77,919,235,87
20220407,서울특별시,11,성북구,11290,경기도,41,460,2282,209,571,3293,294,1909,749,9589,2625,916
20220407,서울특별시,11,성북구,11290,세종특별자치시,36,5,60,3,14,76,13,35,31,260,82,18
20220407,서울특별시,11,성북구,11290,울산광역시,31,17,140,14,36,220,19,98,61,681,158,52
20220407,서울특별시,11,성북구,11290,대전광역시,30,33,215,23,69,346,32,152,57,931,235,78
20220407,서울특별시,11,은평구,11380,경기도,41,114,651,137,235,1035,280,926,121,1205,521,890
20220407,서울특별시,11,성북구,11290,광주광역시,29,38,196,17,51,263,34,148,73,978,273,91
20220407,서울특별시,11,관악구,11620,강원도,42,9,49,24,19,81,9,41,5,78,58,71
20220407,서울특별시,11,관악구,11620,충청북도,43,13,44,20,28,56,9,50,4,121,60,104
20220407,서울특별시,11,관악구,11620,충청남도,44,6,99,33,51,98,12,54,11,135,106,127
20220407,서울특별시,11,관악구,11620,전라북도,45,16,40,31,27,62,6,28,4,108,52,98
20220407,서울특별시,11,은평구,11380,강원도,42,19,51,7,39,106,41,101,14,75,49,91
20220407,서울특별시,11,양천구,11470,광주광역시,29,5,77,26,28,71,9,68,0,67,35,34
20220407,서울특별시,11,양천구,11470,대전광역시,30,9,83,7,35,87,11,92,7,58,25,32
20220407,서울특별시,11,성북구,11290,인천광역시,28,98,425,60,126,695,62,345,148,2019,540,193
20220407,서울특별시,11,성북구,11290,대구광역시,27,74,296,40,82,480,49,252,90,1310,362,143
20220407,서울특별시,11,성북구,11290,부산광역시,26,92,378,56,99,580,39,342,137,1944,505,183
20220407,서울특별시,11,성북구,11290,서울특별시,11,332,1809,221,454,1985,205,1437,414,6560,2293,866
20220407,서울특별시,11,양천구,11470,울산광역시,31,10,60,8,19,79,7,66,3,35,25,21
20220407,서울특별시,11,양천구,11470,세종특별자치시,36,0,33,3,8,27,0,20,4,19,11,8
20220407,서울특별시,11,강동구,11740,전라남도,46,22,68,52,49,108,19,171,13,64,89,22
20220407,서울특별시,11,강동구,11740,전라북도,45,44,84,57,52,108,15,150,16,104,90,23
20220407,서울특별시,11,송파구,11710,경기도,41,196,1525,289,561,2022,444,8960,251,3685,887,875
20220407,서울특별시,11,송파구,11710,세종특별자치시,36,12,35,34,24,276,13,3477,61,76,24,70
20220407,서울특별시,11,강동구,11740,충청남도,44,26,137,78,56,179,12,244,19,116,137,23
20220407,서울특별시,11,강동구,11740,충청북도,43,33,79,40,33,122,9,167,9,102,84,34
20220407,서울특별시,11,강동구,11740,강원도,42,38,64,27,56,109,16,191,11,57,85,12
20220407,서울특별시,11,강동구,11740,경기도,41,264,1017,467,501,1222,180,1425,137,1469,1152,252
20220407,서울특별시,11,강동구,11740,세종특별자치시,36,0,20,37,9,32,4,40,6,15,27,8
20220407,서울특별시,11,강동구,11740,울산광역시,31,16,42,55,22,78,8,75,9,54,72,21
20220407,서울특별시,11,강동구,11740,대전광역시,30,16,60,46,53,93,10,115,14,82,105,29
20220407,서울특별시,11,강동구,11740,광주광역시,29,26,78,90,36,86,16,126,15,105,116,14
20220407,서울특별시,11,강동구,11740,인천광역시,28,48,172,115,105,277,28,284,29,200,187,51
20220407,서울특별시,11,강동구,11740,대구광역시,27,41,113,101,51,153,16,201,27,127,165,39
20220407,서울특별시,11,강동구,11740,부산광역시,26,51,187,137,67,221,29,289,22,218,263,67
20220407,서울특별시,11,강동구,11740,서울특별시,11,201,832,424,361,875,118,1121,85,952,808,199
20220407,서울특별시,11,강북구,11305,대구광역시,27,16,91,14,34,71,10,14,19,301,66,11
20220407,서울특별시,11,강북구,11305,부산광역시,26,12,134,14,42,115,10,14,25,356,108,21
20220407,서울특별시,11,강북구,11305,서울특별시,11,60,510,88,191,394,34,73,69,1414,390,92
20220407,서울특별시,11,구로구,11530,서울특별시,11,138,1806,317,604,1040,111,450,121,1853,490,395
20220407,서울특별시,11,구로구,11530,부산광역시,26,28,391,81,136,243,38,123,33,474,121,95
20220407,서울특별시,11,송파구,11710,울산광역시,31,6,72,9,40,130,28,816,13,164,50,65
20220407,서울특별시,11,구로구,11530,대구광역시,27,19,300,44,106,192,30,85,38,390,85,62
20220408,서울특별시,11,강서구,11500,광주광역시,29,26,146,79,145,207,72,346,22,293,124,190
20220408,서울특별시,11,강서구,11500,대구광역시,27,30,217,83,253,258,158,488,29,428,171,251
20220408,서울특별시,11,강서구,11500,부산광역시,26,63,352,145,315,416,121,723,65,624,259,364
20220408,서울특별시,11,강서구,11500,서울특별시,11,249,1454,538,1361,1374,286,2467,184,2364,913,1560
20220408,서울특별시,11,은평구,11380,전라북도,45,14,48,7,25,99,25,77,13,76,39,61
20220408,서울특별시,11,은평구,11380,전라남도,46,13,45,5,30,90,17,102,20,81,47,74
20220408,서울특별시,11,은평구,11380,경상북도,47,13,77,11,36,122,41,128,13,103,64,146
20220408,서울특별시,11,은평구,11380,경상남도,48,18,93,10,38,165,50,174,31,120,96,177
20220408,서울특별시,11,은평구,11380,제주특별자치도,50,3,10,0,5,12,3,14,0,18,10,13
20220408,서울특별시,11,종로구,11110,제주특별자치도,50,10,39,3,18,22,0,11,25,125,45,4
20220408,서울특별시,11,종로구,11110,경상남도,48,56,205,39,54,182,19,77,62,577,234,46
20220408,서울특별시,11,종로구,11110,경상북도,47,29,170,18,47,112,11,58,47,455,181,34
20220408,서울특별시,11,종로구,11110,전라남도,46,22,121,32,39,65,7,50,36,324,102,23
20220408,서울특별시,11,마포구,11440,부산광역시,26,58,406,156,333,608,32,415,53,462,185,107
20220408,서울특별시,11,마포구,11440,대구광역시,27,39,316,165,225,452,24,257,36,339,146,54
20220408,서울특별시,11,마포구,11440,인천광역시,28,50,435,171,305,568,40,426,56,416,227,107
20220408,서울특별시,11,종로구,11110,충청남도,44,43,177,33,56,109,15,66,35,387,158,29
20220408,서울특별시,11,성북구,11290,제주특별자치도,50,9,59,54,15,41,0,16,17,285,62,16
20220408,서울특별시,11,성북구,11290,경상남도,48,72,342,247,85,525,48,246,153,1679,370,158
20220408,서울특별시,11,성북구,11290,경상북도,47,46,279,195,83,353,52,283,112,1246,297,115
20220408,서울특별시,11,성북구,11290,전라남도,46,19,203,150,66,277,31,161,79,879,203,65
20220408,서울특별시,11,성북구,11290,전라북도,45,32,204,145,57,266,20,136,71,973,215,82
20220408,서울특별시,11,성북구,11290,충청남도,44,50,262,151,104,342,40,201,110,1196,316,85
20220408,서울특별시,11,성북구,11290,충청북도,43,23,180,83,64,280,30,167,73,939,255,72
20220408,서울특별시,11,성북구,11290,강원도,42,35,158,113,54,242,44,161,78,881,193,72
20220408,서울특별시,11,성북구,11290,경기도,41,324,2116,642,556,2278,284,1880,750,9133,2300,742
20220408,서울특별시,11,성북구,11290,세종특별자치시,36,5,53,23,14,69,5,31,28,214,63,17
20220408,서울특별시,11,성북구,11290,울산광역시,31,15,152,44,38,149,14,98,49,611,145,54
20220408,서울특별시,11,성북구,11290,대전광역시,30,23,178,85,45,211,20,168,44,882,218,74
20220408,서울특별시,11,성북구,11290,광주광역시,29,15,199,133,59,238,32,122,63,961,234,72
20220408,서울특별시,11,성북구,11290,인천광역시,28,92,394,112,121,497,54,423,150,1927,533,152
20220408,서울특별시,11,성북구,11290,대구광역시,27,42,268,108,87,324,38,215,97,1293,298,97
20220408,서울특별시,11,성북구,11290,부산광역시,26,58,392,132,86,464,60,288,149,1882,448,136
20220408,서울특별시,11,성북구,11290,서울특별시,11,217,1510,468,414,1424,141,1411,383,6315,2048,764
20220408,서울특별시,11,용산구,11170,제주특별자치도,50,4,41,3,179,72,3,14,4,36,17,8
20220408,서울특별시,11,용산구,11170,경상남도,48,27,240,30,1251,281,23,139,26,207,118,46
20220408,서울특별시,11,용산구,11170,경상북도,47,24,169,24,951,207,17,112,19,153,72,29
20220408,서울특별시,11,도봉구,11320,서울특별시,11,152,481,89,439,567,109,547,90,1604,466,245
20220408,서울특별시,11,도봉구,11320,부산광역시,26,42,111,16,136,180,21,191,32,411,140,92
20220408,서울특별시,11,도봉구,11320,대구광역시,27,31,75,6,74,124,31,135,23,344,93,78
20220408,서울특별시,11,도봉구,11320,인천광역시,28,45,101,15,111,155,39,175,30,494,109,100
20220408,서울특별시,11,도봉구,11320,광주광역시,29,20,33,4,51,71,29,89,9,247,75,50
20220408,서울특별시,11,도봉구,11320,대전광역시,30,16,35,12,62,101,20,84,16,232,55,37
20220408,서울특별시,11,도봉구,11320,울산광역시,31,12,29,3,42,64,15,65,8,150,39,27
20220408,서울특별시,11,도봉구,11320,세종특별자치시,36,7,11,0,22,22,7,16,4,62,13,7
20220408,서울특별시,11,도봉구,11320,경기도,41,205,640,98,649,868,214,755,162,2580,729,379
20220408,서울특별시,11,도봉구,11320,강원도,42,36,34,5,56,99,26,93,8,256,75,32
20220408,서울특별시,11,도봉구,11320,충청북도,43,19,42,6,62,72,26,87,16,263,61,37
20220408,서울특별시,11,도봉구,11320,충청남도,44,29,65,8,99,111,31,133,24,307,84,54
20220408,서울특별시,11,도봉구,11320,전라북도,45,23,49,14,75,79,21,76,13,269,64,41
20220408,서울특별시,11,도봉구,11320,전라남도,46,16,29,0,50,81,16,74,15,249,67,42
20220408,서울특별시,11,도봉구,11320,경상북도,47,27,81,5,93,174,22,135,37,319,115,54
20220408,서울특별시,11,도봉구,11320,경상남도,48,37,129,20,107,188,32,175,45,463,152,83
20220408,서울특별시,11,도봉구,11320,제주특별자치도,50,8,9,12,9,21,5,31,3,53,13,3
20220408,서울특별시,11,용산구,11170,전라남도,46,17,106,16,669,156,7,74,13,102,48,23
20220408,서울특별시,11,강북구,11305,광주광역시,29,8,51,9,22,50,0,5,10,165,54,10
20220408,서울특별시,11,강북구,11305,대전광역시,30,5,47,13,24,42,0,9,13,198,54,11
20220408,서울특별시,11,강북구,11305,울산광역시,31,0,35,0,16,36,0,8,9,134,44,7
20220408,서울특별시,11,강북구,11305,세종특별자치시,36,0,16,4,5,16,0,0,5,46,11,3
20220408,서울특별시,11,강북구,11305,경기도,41,71,595,117,257,533,69,72,116,2226,526,142
20220408,서울특별시,11,강북구,11305,강원도,42,7,54,15,32,45,7,11,14,201,49,9
20220408,서울특별시,11,강북구,11305,충청북도,43,9,52,8,28,45,4,8,9,260,48,11
20220408,서울특별시,11,강북구,11305,충청남도,44,10,77,20,44,73,5,11,20,306,84,14
20220408,서울특별시,11,강북구,11305,전라북도,45,7,63,17,29,54,4,10,14,214,49,13
20220408,서울특별시,11,강북구,11305,전라남도,46,14,52,12,20,47,3,9,12,211,66,15
20220408,서울특별시,11,강북구,11305,경상북도,47,9,73,12,30,73,4,18,8,295,67,21
20220408,서울특별시,11,강북구,11305,경상남도,48,18,115,14,53,81,6,13,24,400,133,26
20220408,서울특별시,11,강북구,11305,제주특별자치도,50,0,15,4,4,7,0,4,0,55,11,3
20220408,서울특별시,11,서초구,11650,제주특별자치도,50,10,44,15,10,36,4,37,0,62,18,22
20220408,서울특별시,11,서초구,11650,경상남도,48,60,224,148,71,319,32,207,25,355,100,96
20220408,서울특별시,11,서초구,11650,경상북도,47,38,156,110,69,204,28,182,16,262,61,71
20220408,서울특별시,11,서초구,11650,전라남도,46,26,109,58,40,129,12,153,14,183,28,55
20220408,서울특별시,11,서초구,11650,전라북도,45,18,108,86,37,130,9,115,18,179,42,65
20220408,서울특별시,11,서초구,11650,충청남도,44,71,214,104,53,195,17,150,23,226,62,99
20220408,서울특별시,11,서초구,11650,충청북도,43,34,129,80,48,142,13,120,9,226,35,73
20220408,서울특별시,11,서초구,11650,강원도,42,32,126,83,53,153,8,121,16,205,40,59
20220408,서울특별시,11,서초구,11650,경기도,41,436,1575,847,466,1512,169,1230,179,2605,570,643
20220408,서울특별시,11,서초구,11650,세종특별자치시,36,14,43,32,11,43,6,30,3,51,15,22
20220408,서울특별시,11,서초구,11650,울산광역시,31,13,88,56,24,95,14,82,7,126,28,41
20220408,서울특별시,11,서초구,11650,대전광역시,30,25,128,56,49,122,6,127,8,182,43,52
20220408,서울특별시,11,서초구,11650,광주광역시,29,30,138,79,36,129,17,81,6,192,41,46
20220408,서울특별시,11,서초구,11650,인천광역시,28,75,249,146,87,259,15,217,37,357,103,163
20220408,서울특별시,11,서초구,11650,대구광역시,27,38,214,117,60,204,25,181,11,262,94,95
20220408,서울특별시,11,서초구,11650,부산광역시,26,58,287,130,80,244,27,304,24,400,104,140
20220408,서울특별시,11,서초구,11650,서울특별시,11,470,1466,678,431,1055,116,1238,97,1738,461,580
20220408,서울특별시,11,종로구,11110,전라북도,45,23,120,26,32,74,4,50,53,335,109,29
20220408,서울특별시,11,마포구,11440,광주광역시,29,16,191,89,152,276,17,168,26,210,100,47
20220408,서울특별시,11,마포구,11440,대전광역시,30,25,258,82,183,271,11,187,31,196,88,49
20220408,서울특별시,11,강동구,11740,세종특별자치시,36,3,17,27,6,30,0,27,7,16,9,5
20220408,서울특별시,11,강동구,11740,경기도,41,248,932,383,417,1227,185,1298,116,1580,493,203
20220408,서울특별시,11,강동구,11740,강원도,42,23,88,26,38,102,14,161,14,69,37,11
20220408,서울특별시,11,송파구,11710,제주특별자치도,50,0,40,11,11,44,12,19,4,78,24,12
20220408,서울특별시,11,송파구,11710,경상남도,48,38,247,73,119,515,63,3804,62,383,137,175
20220408,서울특별시,11,송파구,11710,경상북도,47,29,192,33,90,433,46,3290,64,282,83,146
20220408,서울특별시,11,송파구,11710,전라남도,46,21,118,25,62,303,31,2120,38,184,67,88
20220408,서울특별시,11,송파구,11710,전라북도,45,17,123,31,45,280,31,2291,29,243,63,76
20220408,서울특별시,11,송파구,11710,충청남도,44,29,173,73,78,609,46,5549,96,290,87,133
20220408,서울특별시,11,송파구,11710,충청북도,43,22,133,29,65,464,30,4458,70,305,69,131
20220408,서울특별시,11,송파구,11710,강원도,42,17,144,26,46,309,42,2440,54,223,72,94
20220408,서울특별시,11,중랑구,11260,서울특별시,11,132,2100,198,614,923,242,1105,163,1550,608,336
20220408,서울특별시,11,중랑구,11260,부산광역시,26,38,362,31,144,309,88,314,55,409,163,101
20220408,서울특별시,11,중랑구,11260,대구광역시,27,37,303,29,108,208,73,206,58,263,114,90
20220408,서울특별시,11,영등포구,11560,서울특별시,11,622,1709,335,898,1148,129,2216,88,1828,754,547
20220408,서울특별시,11,영등포구,11560,부산광역시,26,138,391,64,212,357,11,512,14,411,139,141
20220408,서울특별시,11,영등포구,11560,대구광역시,27,106,256,41,175,291,17,375,21,249,88,106
20220408,서울특별시,11,영등포구,11560,인천광역시,28,165,483,56,221,389,25,442,28,332,185,159
20220408,서울특별시,11,영등포구,11560,광주광역시,29,62,191,32,123,176,7,229,12,180,71,63
20220408,서울특별시,11,영등포구,11560,대전광역시,30,93,206,27,102,188,10,220,17,183,72,57
20220408,서울특별시,11,영등포구,11560,울산광역시,31,33,150,27,68,102,4,165,4,105,39,39
20220408,서울특별시,11,영등포구,11560,세종특별자치시,36,17,52,12,38,49,0,64,3,53,22,9
20220408,서울특별시,11,영등포구,11560,경기도,41,715,2088,364,1138,1651,128,2581,99,2261,803,651
20220408,서울특별시,11,영등포구,11560,강원도,42,72,184,34,96,224,9,308,13,160,53,64
20220408,서울특별시,11,영등포구,11560,충청북도,43,67,239,41,112,211,6,294,12,211,64,51
20220408,서울특별시,11,영등포구,11560,충청남도,44,82,262,41,137,286,10,451,16,220,72,81
20220408,서울특별시,11,영등포구,11560,전라북도,45,59,221,46,103,207,11,332,11,214,59,48
20220408,서울특별시,11,영등포구,11560,전라남도,46,59,185,32,114,204,3,432,67,145,55,66
20220408,서울특별시,11,중랑구,11260,인천광역시,28,43,529,38,166,255,102,311,63,358,149,109
20220408,서울특별시,11,중랑구,11260,광주광역시,29,16,176,24,67,126,53,156,38,178,58,50
20220408,서울특별시,11,중랑구,11260,대전광역시,30,34,269,28,97,145,35,141,38,215,67,37
20220408,서울특별시,11,중랑구,11260,울산광역시,31,13,145,14,68,100,43,102,17,140,60,38
20220408,서울특별시,11,중랑구,11260,세종특별자치시,36,10,46,9,20,37,17,46,10,51,28,12
20220408,서울특별시,11,중랑구,11260,경기도,41,200,2118,224,848,1371,458,1501,285,2173,857,541
20220408,서울특별시,11,중랑구,11260,강원도,42,23,329,14,79,156,53,160,34,188,113,42
20220408,서울특별시,11,중랑구,11260,충청북도,43,21,196,23,69,180,40,170,46,209,58,41
20220408,서울특별시,11,중랑구,11260,충청남도,44,51,256,37,125,230,60,201,46,256,112,46
20220408,서울특별시,11,중랑구,11260,전라북도,45,21,158,17,73,133,49,152,43,219,84,56
20220408,서울특별시,11,중랑구,11260,전라남도,46,21,133,16,71,137,44,165,38,173,69,43
20220408,서울특별시,11,중랑구,11260,경상북도,47,34,272,26,106,232,67,255,62,269,106,74
20220408,서울특별시,11,중랑구,11260,경상남도,48,51,373,39,139,275,85,309,77,345,161,111
20220408,서울특별시,11,송파구,11710,경기도,41,181,1480,317,544,1827,290,6543,238,3216,853,647
20220408,서울특별시,11,영등포구,11560,경상북도,47,85,296,57,174,315,15,498,54,218,86,100
20220408,서울특별시,11,영등포구,11560,경상남도,48,122,388,66,193,414,23,540,14,328,127,131
20220408,서울특별시,11,영등포구,11560,제주특별자치도,50,14,55,17,32,62,3,98,0,61,29,13
20220408,서울특별시,11,중랑구,11260,제주특별자치도,50,6,72,0,23,26,11,25,7,58,25,5
20220408,서울특별시,11,송파구,11710,세종특별자치시,36,10,29,7,28,249,12,2848,37,56,21,52
20220408,서울특별시,11,강동구,11740,서울특별시,11,204,777,354,303,894,104,1129,79,982,418,168
20220408,서울특별시,11,강동구,11740,부산광역시,26,47,167,113,63,265,29,266,28,220,110,50
20220408,서울특별시,11,강동구,11740,대구광역시,27,44,95,114,52,179,19,192,26,131,80,28
20220408,서울특별시,11,강동구,11740,인천광역시,28,46,135,107,137,228,33,236,24,241,66,39
20220408,서울특별시,11,강동구,11740,광주광역시,29,24,46,53,33,106,14,118,4,82,59,19
20220408,서울특별시,11,송파구,11710,울산광역시,31,14,92,13,39,115,27,563,14,142,39,43
20220408,서울특별시,11,송파구,11710,대전광역시,30,35,156,31,68,605,53,6536,76,264,80,126
20220408,서울특별시,11,송파구,11710,광주광역시,29,20,108,17,55,274,24,2016,30,238,66,87
20220408,서울특별시,11,송파구,11710,인천광역시,28,21,255,44,115,322,39,330,39,448,148,130
20220408,서울특별시,11,송파구,11710,대구광역시,27,45,166,28,123,706,50,6689,97,319,117,212
20220408,서울특별시,11,송파구,11710,부산광역시,26,35,238,48,126,367,60,1862,45,472,146,133
20220408,서울특별시,11,송파구,11710,서울특별시,11,110,1269,263,390,1656,182,1743,96,2139,738,447
20220408,서울특별시,11,강동구,11740,충청북도,43,24,73,36,34,113,24,143,16,137,57,19
20220408,서울특별시,11,강동구,11740,충청남도,44,32,132,69,57,140,27,206,17,123,63,23
20220408,서울특별시,11,강동구,11740,전라북도,45,28,63,51,25,100,13,127,15,89,41,17
20220408,서울특별시,11,강동구,11740,전라남도,46,23,51,45,35,105,11,150,8,72,44,16
20220408,서울특별시,11,강동구,11740,경상북도,47,34,113,66,53,173,30,226,26,111,69,24
20220408,서울특별시,11,강동구,11740,경상남도,48,37,112,73,63,191,38,288,32,141,82,28
20220408,서울특별시,11,강동구,11740,제주특별자치도,50,5,22,4,13,23,6,18,3,21,27,4
20220408,서울특별시,11,용산구,11170,전라북도,45,19,106,18,669,134,10,58,5,136,60,31
20220408,서울특별시,11,용산구,11170,충청남도,44,16,173,30,1011,181,9,99,14,143,76,41
20220408,서울특별시,11,용산구,11170,충청북도,43,17,164,15,748,147,10,91,12,132,65,19
20220408,서울특별시,11,용산구,11170,강원도,42,9,138,21,660,121,9,57,11,100,58,16
20220408,서울특별시,11,용산구,11170,경기도,41,160,1558,152,7344,1582,125,648,131,1485,680,265
20220408,서울특별시,11,용산구,11170,세종특별자치시,36,4,43,6,195,48,5,9,0,33,23,8
20220408,서울특별시,11,용산구,11170,울산광역시,31,6,77,6,409,90,5,51,4,95,33,10
20220408,서울특별시,11,관악구,11620,서울특별시,11,87,691,487,213,558,49,263,37,783,509,503
20220408,서울특별시,11,관악구,11620,제주특별자치도,50,0,20,8,7,15,0,5,0,16,21,7
20220408,서울특별시,11,동대문구,11230,부산광역시,26,64,275,34,80,333,25,302,41,899,154,93
20220408,서울특별시,11,관악구,11620,경상남도,48,15,113,43,41,138,21,55,16,140,157,161
20220408,서울특별시,11,관악구,11620,경상북도,47,15,105,20,21,112,7,41,5,121,117,87
20220408,서울특별시,11,관악구,11620,전라남도,46,5,56,21,29,67,6,30,5,65,78,55
20220408,서울특별시,11,관악구,11620,전라북도,45,10,57,35,20,79,7,30,10,98,79,65
20220408,서울특별시,11,관악구,11620,충청남도,44,12,78,37,42,113,6,46,7,107,105,84
20220408,서울특별시,11,관악구,11620,충청북도,43,15,68,15,26,85,8,29,5,131,87,82
20220408,서울특별시,11,관악구,11620,강원도,42,16,57,21,15,91,4,34,6,76,70,57
20220408,서울특별시,11,동대문구,11230,대구광역시,27,43,188,30,46,247,12,203,29,646,112,59
20220408,서울특별시,11,동대문구,11230,인천광역시,28,69,285,26,86,335,22,327,33,916,145,80
20220408,서울특별시,11,동대문구,11230,광주광역시,29,19,128,12,43,145,18,147,15,451,62,38
20220408,서울특별시,11,동대문구,11230,대전광역시,30,32,120,19,34,173,7,133,16,419,77,29
20220408,서울특별시,11,동대문구,11230,울산광역시,31,19,81,20,32,104,11,97,17,290,46,37
20220408,서울특별시,11,동대문구,11230,세종특별자치시,36,9,27,0,12,48,3,44,10,156,23,10
20220408,서울특별시,11,동대문구,11230,경기도,41,348,1466,208,378,1662,123,1468,171,4823,766,435
20220408,서울특별시,11,종로구,11110,충청북도,43,22,118,10,40,72,8,36,40,337,132,22
20220408,서울특별시,11,종로구,11110,강원도,42,25,118,27,29,53,6,50,67,286,114,15
20220408,서울특별시,11,종로구,11110,경기도,41,296,1318,214,350,868,86,530,389,3362,1275,177
20220408,서울특별시,11,종로구,11110,세종특별자치시,36,7,28,6,10,22,0,6,4,80,37,3
20220408,서울특별시,11,종로구,11110,울산광역시,31,16,65,14,28,45,8,32,12,186,74,9
20220408,서울특별시,11,종로구,11110,대전광역시,30,24,106,21,41,64,6,44,27,306,133,10
20220408,서울특별시,11,종로구,11110,광주광역시,29,17,97,20,39,67,3,37,51,365,118,13
20220408,서울특별시,11,종로구,11110,인천광역시,28,59,227,45,81,158,15,105,66,625,252,29
20220408,서울특별시,11,종로구,11110,대구광역시,27,27,168,28,58,102,5,51,31,493,167,20
20220408,서울특별시,11,종로구,11110,부산광역시,26,55,196,41,63,160,16,103,51,699,271,32
20220408,서울특별시,11,종로구,11110,서울특별시,11,206,1031,273,354,931,46,440,403,2471,929,133
20220408,서울특별시,11,동작구,11590,제주특별자치도,50,3,29,33,7,29,0,13,18,16,9,6
20220408,서울특별시,11,동작구,11590,경상남도,48,43,143,176,54,368,14,120,52,181,72,92
20220408,서울특별시,11,동작구,11590,경상북도,47,33,101,105,52,290,11,106,58,114,54,65
20220408,서울특별시,11,동작구,11590,전라남도,46,19,71,81,26,209,6,100,45,82,33,50
20220408,서울특별시,11,동작구,11590,전라북도,45,22,85,84,36,205,6,80,48,93,35,44
20220408,서울특별시,11,동작구,11590,충청남도,44,34,88,104,42,291,15,102,63,116,58,54
20220408,서울특별시,11,관악구,11620,경기도,41,124,733,367,224,827,104,310,67,1299,747,698
20220408,서울특별시,11,동대문구,11230,강원도,42,37,150,29,49,192,13,161,12,390,58,35
20220408,서울특별시,11,구로구,11530,서울특별시,11,169,1397,300,611,958,129,344,128,2122,517,372
20220408,서울특별시,11,구로구,11530,부산광역시,26,40,337,58,134,230,43,120,37,569,130,97
20220408,서울특별시,11,구로구,11530,대구광역시,27,37,219,60,96,176,36,73,28,428,101,57
20220408,서울특별시,11,구로구,11530,인천광역시,28,44,378,56,157,258,50,120,35,575,143,111
20220408,서울특별시,11,구로구,11530,광주광역시,29,13,153,33,66,111,19,72,11,296,68,43
20220408,서울특별시,11,구로구,11530,대전광역시,30,18,178,30,83,105,30,37,17,265,65,48
20220408,서울특별시,11,구로구,11530,울산광역시,31,10,76,17,41,81,21,21,12,183,38,37
20220408,서울특별시,11,구로구,11530,세종특별자치시,36,6,55,12,20,48,9,5,8,80,13,15
20220408,서울특별시,11,구로구,11530,경기도,41,254,1871,342,794,1339,257,469,217,3092,704,498
20220408,서울특별시,11,관악구,11620,세종특별자치시,36,3,26,9,5,27,0,6,4,15,13,18
20220408,서울특별시,11,관악구,11620,울산광역시,31,5,35,18,13,47,9,16,0,47,49,43
20220408,서울특별시,11,동작구,11590,충청북도,43,27,63,73,29,205,5,88,45,138,29,45
20220408,서울특별시,11,동작구,11590,강원도,42,21,64,100,33,206,10,106,40,91,50,39
20220408,서울특별시,11,동작구,11590,경기도,41,207,849,623,326,1812,101,576,315,1481,460,386
20220408,서울특별시,11,동작구,11590,세종특별자치시,36,5,23,23,8,56,0,11,14,27,9,7
20220408,서울특별시,11,동작구,11590,울산광역시,31,12,35,54,25,121,7,43,20,52,25,27
20220408,서울특별시,11,동작구,11590,대전광역시,30,24,77,70,37,167,4,45,44,88,30,47
20220408,서울특별시,11,동작구,11590,광주광역시,29,23,65,74,31,184,6,78,38,87,36,39
20220408,서울특별시,11,동작구,11590,인천광역시,28,52,144,136,72,407,13,110,70,213,62,99
20220408,서울특별시,11,동작구,11590,대구광역시,27,35,130,142,38,290,13,87,35,133,68,58
20220408,서울특별시,11,동작구,11590,부산광역시,26,54,148,191,67,407,20,132,47,200,94,101
20220408,서울특별시,11,동작구,11590,서울특별시,11,164,708,547,259,1213,69,401,448,989,341,342
20220408,서울특별시,11,구로구,11530,강원도,42,22,135,28,82,140,21,33,13,263,59,55
20220408,서울특별시,11,구로구,11530,충청북도,43,16,161,35,85,148,27,51,20,279,69,43
20220408,서울특별시,11,구로구,11530,충청남도,44,36,209,33,109,211,38,65,24,363,84,69
20220408,서울특별시,11,구로구,11530,전라북도,45,22,139,34,70,112,28,61,10,284,50,45
20220408,서울특별시,11,구로구,11530,전라남도,46,24,227,15,88,140,33,60,9,267,67,37
20220408,서울특별시,11,구로구,11530,경상북도,47,28,219,45,123,173,31,84,30,419,106,68
20220408,서울특별시,11,구로구,11530,경상남도,48,38,316,52,135,220,45,116,41,575,113,101
20220408,서울특별시,11,관악구,11620,대전광역시,30,10,50,36,23,87,8,33,0,67,66,61
20220408,서울특별시,11,관악구,11620,광주광역시,29,7,65,37,4,67,6,27,5,75,66,69
20220408,서울특별시,11,관악구,11620,인천광역시,28,20,127,79,47,175,9,66,9,204,156,160
20220408,서울특별시,11,관악구,11620,대구광역시,27,25,91,52,29,115,14,37,6,108,91,121
20220408,서울특별시,11,관악구,11620,부산광역시,26,28,134,82,53,142,15,47,11,202,145,181
20220408,서울특별시,11,금천구,11545,제주특별자치도,50,22,38,9,50,47,41,37,19,195,69,61
20220408,서울특별시,11,양천구,11470,서울특별시,11,73,605,333,301,634,70,718,40,719,236,244
20220408,서울특별시,11,구로구,11530,제주특별자치도,50,5,43,8,27,23,10,20,3,81,18,9
20220408,서울특별시,11,양천구,11470,부산광역시,26,22,135,45,66,180,14,229,6,136,56,72
20220408,서울특별시,11,강남구,11680,제주특별자치도,50,9,80,17,25,52,7,77,14,242,81,44
20220408,서울특별시,11,동대문구,11230,충청북도,43,38,141,17,49,175,14,149,15,455,79,50
20220408,서울특별시,11,동대문구,11230,충청남도,44,42,220,32,57,258,27,236,28,549,86,69
20220408,서울특별시,11,동대문구,11230,전라북도,45,29,124,21,50,167,13,164,12,448,80,50
20220408,서울특별시,11,동대문구,11230,전라남도,46,24,116,31,37,184,6,148,18,416,59,28
20220408,서울특별시,11,동대문구,11230,경상북도,47,45,227,30,69,286,17,255,32,643,97,48
20220408,서울특별시,11,동대문구,11230,경상남도,48,50,277,34,84,349,15,315,37,807,155,64
20220408,서울특별시,11,마포구,11440,울산광역시,31,21,133,59,101,188,16,130,19,122,84,24
20220408,서울특별시,11,광진구,11215,제주특별자치도,50,15,40,3,10,22,5,12,6,44,30,11
20220408,서울특별시,11,광진구,11215,경상남도,48,75,247,21,109,196,52,108,36,252,192,82
20220408,서울특별시,11,광진구,11215,경상북도,47,60,173,12,105,160,41,78,34,196,126,67
20220408,서울특별시,11,광진구,11215,전라남도,46,36,116,15,64,103,26,54,21,113,99,40
20220408,서울특별시,11,광진구,11215,전라북도,45,48,127,12,70,96,14,71,21,140,101,44
20220408,서울특별시,11,광진구,11215,충청남도,44,49,158,20,92,149,40,69,51,187,135,58
20220408,서울특별시,11,광진구,11215,충청북도,43,39,106,12,70,110,19,50,26,192,109,30
20220408,서울특별시,11,광진구,11215,강원도,42,45,90,14,56,130,27,53,24,126,107,36
20220408,서울특별시,11,광진구,11215,경기도,41,289,1321,160,624,1050,196,498,240,1863,1069,449
20220408,서울특별시,11,광진구,11215,세종특별자치시,36,12,54,5,10,22,5,13,9,29,25,10
20220408,서울특별시,11,서대문구,11410,제주특별자치도,50,0,24,4,4,3,0,8,12,48,12,0
20220408,서울특별시,11,서대문구,11410,경상남도,48,6,86,6,25,142,14,129,84,230,63,31
20220408,서울특별시,11,서대문구,11410,경상북도,47,0,68,10,20,93,8,87,71,141,46,42
20220408,서울특별시,11,서대문구,11410,전라남도,46,4,32,9,19,77,0,82,38,120,27,15
20220408,서울특별시,11,서대문구,11410,전라북도,45,0,51,8,26,63,4,62,48,142,33,24
20220408,서울특별시,11,서대문구,11410,충청남도,44,3,86,15,25,92,5,86,42,147,30,14
20220408,서울특별시,11,서대문구,11410,충청북도,43,3,43,5,19,59,5,63,38,131,25,17
20220408,서울특별시,11,서대문구,11410,강원도,42,0,49,12,14,60,0,67,27,129,27,18
20220408,서울특별시,11,서대문구,11410,경기도,41,23,646,88,201,668,57,536,331,1708,404,188
20220408,서울특별시,11,서대문구,11410,세종특별자치시,36,0,11,0,3,17,0,18,12,25,9,4
20220408,서울특별시,11,서대문구,11410,울산광역시,31,0,36,4,11,55,0,40,17,69,14,12
20220408,서울특별시,11,서대문구,11410,대전광역시,30,3,49,9,13,55,0,52,48,141,31,112
20220408,서울특별시,11,서대문구,11410,광주광역시,29,0,44,8,0,49,0,48,26,114,55,11
20220408,서울특별시,11,서대문구,11410,인천광역시,28,0,112,12,37,123,10,123,83,255,72,29
20220408,서울특별시,11,서대문구,11410,대구광역시,27,0,57,22,25,88,5,82,49,164,50,119
20220408,서울특별시,11,서대문구,11410,부산광역시,26,4,113,19,39,142,8,130,76,268,70,71
20220408,서울특별시,11,서대문구,11410,서울특별시,11,20,610,104,166,409,40,435,165,1262,354,225
20220408,서울특별시,11,광진구,11215,울산광역시,31,28,99,6,33,60,20,36,15,70,67,21
20220408,서울특별시,11,광진구,11215,대전광역시,30,30,107,15,65,76,21,55,18,150,101,23
20220408,서울특별시,11,광진구,11215,광주광역시,29,34,132,16,55,106,25,55,15,168,121,42
20220408,서울특별시,11,광진구,11215,인천광역시,28,62,262,35,113,203,47,104,44,313,217,94
20220408,서울특별시,11,광진구,11215,대구광역시,27,63,199,18,84,128,22,74,23,231,158,58
20220408,서울특별시,11,광진구,11215,부산광역시,26,77,304,22,99,222,36,131,48,315,202,87
20220408,서울특별시,11,광진구,11215,서울특별시,11,178,1092,165,450,684,134,397,130,1381,816,307
20220408,서울특별시,11,마포구,11440,세종특별자치시,36,9,40,48,36,89,6,53,10,42,20,16
20220408,서울특별시,11,마포구,11440,경기도,41,257,2200,1049,1711,3064,269,2165,332,2685,1116,498
20220408,서울특별시,11,마포구,11440,강원도,42,38,168,87,174,309,23,203,18,187,101,39
20220408,서울특별시,11,마포구,11440,충청북도,43,30,159,71,174,275,18,191,34,231,114,50
20220408,서울특별시,11,마포구,11440,충청남도,44,43,274,109,222,410,30,280,81,264,124,73
20220408,서울특별시,11,마포구,11440,전라북도,45,35,160,76,145,296,14,171,51,228,106,44
20220408,서울특별시,11,마포구,11440,전라남도,46,34,184,66,155,307,12,220,55,179,82,31
20220408,서울특별시,11,마포구,11440,경상북도,47,30,284,104,305,503,19,299,32,263,155,61
20220408,서울특별시,11,마포구,11440,경상남도,48,56,391,151,322,630,44,391,52,350,185,83
20220408,서울특별시,11,강남구,11680,경상남도,48,36,425,141,181,420,24,596,118,1559,455,254
20220408,서울특별시,11,강남구,11680,경상북도,47,34,331,98,153,324,12,465,91,1177,313,247
20220408,서울특별시,11,강남구,11680,전라남도,46,26,183,60,103,233,14,299,59,758,207,104
20220408,서울특별시,11,강남구,11680,전라북도,45,26,239,68,83,193,9,282,65,938,237,109
20220408,서울특별시,11,강남구,11680,충청남도,44,28,301,109,152,281,13,458,91,1178,314,144
20220408,서울특별시,11,강남구,11680,충청북도,43,18,233,64,107,213,5,365,54,1007,231,100
20220408,서울특별시,11,강남구,11680,강원도,42,22,256,83,96,225,11,317,51,862,190,161
20220408,서울특별시,11,강남구,11680,경기도,41,336,3425,1160,1091,2511,224,3214,954,9885,2365,1426
20220408,서울특별시,11,강남구,11680,세종특별자치시,36,10,65,35,26,62,0,107,23,247,63,29
20220408,서울특별시,11,강남구,11680,울산광역시,31,17,177,75,67,115,14,179,43,645,175,85
20220408,서울특별시,11,마포구,11440,제주특별자치도,50,11,83,48,37,72,5,41,50,91,39,10
20220408,서울특별시,11,동대문구,11230,제주특별자치도,50,9,21,3,15,24,3,25,5,128,25,9
20220408,서울특별시,11,금천구,11545,서울특별시,11,439,1069,265,1377,1599,625,1441,513,3895,1610,1891
20220408,서울특별시,11,금천구,11545,부산광역시,26,96,263,59,329,386,128,406,113,1109,426,478
20220408,서울특별시,11,금천구,11545,대구광역시,27,80,212,42,268,273,117,282,127,831,331,360
20220408,서울특별시,11,금천구,11545,인천광역시,28,117,278,59,296,364,131,378,147,1121,451,501
20220408,서울특별시,11,강남구,11680,대전광역시,30,36,292,74,92,188,8,351,79,1006,254,142
20220408,서울특별시,11,강남구,11680,광주광역시,29,21,230,83,62,229,10,275,73,974,251,123
20220408,서울특별시,11,강남구,11680,인천광역시,28,70,572,174,198,406,12,628,172,1915,502,281
20220408,서울특별시,11,강남구,11680,대구광역시,27,38,378,147,138,297,24,411,105,1395,322,245
20220408,서울특별시,11,강남구,11680,부산광역시,26,57,595,184,186,448,31,585,146,1921,509,295
20220408,서울특별시,11,강남구,11680,서울특별시,11,222,2810,873,978,1949,133,2603,538,7423,1974,1356
20220408,서울특별시,11,양천구,11470,대구광역시,27,19,98,23,33,111,16,131,6,93,35,42
20220408,서울특별시,11,양천구,11470,인천광역시,28,20,158,53,87,159,44,197,19,145,65,70
20220408,서울특별시,11,양천구,11470,광주광역시,29,9,64,25,26,89,14,107,3,59,25,30
20220408,서울특별시,11,양천구,11470,대전광역시,30,12,61,41,36,87,5,91,7,55,21,22
20220408,서울특별시,11,양천구,11470,울산광역시,31,4,49,18,22,59,8,52,0,38,20,15
20220408,서울특별시,11,양천구,11470,세종특별자치시,36,3,17,32,10,16,0,27,0,12,12,6
20220408,서울특별시,11,양천구,11470,경기도,41,101,752,322,392,878,158,923,63,1221,380,336
20220408,서울특별시,11,양천구,11470,강원도,42,13,62,34,39,86,9,110,7,51,19,32
20220408,서울특별시,11,양천구,11470,충청북도,43,8,77,34,48,80,19,93,3,114,36,33
20220408,서울특별시,11,양천구,11470,충청남도,44,21,87,50,55,131,8,156,7,63,41,33
20220408,서울특별시,11,양천구,11470,전라북도,45,12,57,43,42,79,12,99,0,86,36,29
20220408,서울특별시,11,금천구,11545,광주광역시,29,52,123,21,162,179,66,194,64,664,204,205
20220408,서울특별시,11,금천구,11545,대전광역시,30,43,109,22,174,180,64,203,77,555,203,235
20220408,서울특별시,11,금천구,11545,울산광역시,31,36,106,20,97,106,53,115,63,398,168,181
20220408,서울특별시,11,금천구,11545,세종특별자치시,36,12,29,6,50,45,28,38,26,168,81,65
20220408,서울특별시,11,금천구,11545,경기도,41,592,1383,290,1663,2047,756,1726,710,5479,2045,2116
20220408,서울특별시,11,금천구,11545,강원도,42,54,138,45,179,217,89,169,68,511,242,191
20220408,서울특별시,11,금천구,11545,충청북도,43,53,159,36,187,204,80,176,86,598,215,189
20220408,서울특별시,11,중구,11140,제주특별자치도,50,20,63,16,8,73,19,15,0,182,34,4
20220408,서울특별시,11,양천구,11470,전라남도,46,8,63,32,43,89,10,107,4,48,27,36
20220408,서울특별시,11,양천구,11470,경상북도,47,14,100,34,46,122,33,143,8,73,40,45
20220408,서울특별시,11,양천구,11470,경상남도,48,28,130,56,81,164,31,217,6,103,41,54
20220408,서울특별시,11,양천구,11470,제주특별자치도,50,0,18,17,8,27,4,11,0,18,6,5
20220408,서울특별시,11,노원구,11350,제주특별자치도,50,6,12,3,10,14,7,13,6,37,7,3
20220408,서울특별시,11,노원구,11350,경상남도,48,27,123,12,41,220,36,137,73,242,63,45
20220408,서울특별시,11,노원구,11350,경상북도,47,33,92,7,23,173,32,92,37,175,48,27
20220408,서울특별시,11,노원구,11350,전라남도,46,16,55,6,24,121,21,43,30,117,31,26
20220408,서울특별시,11,노원구,11350,전라북도,45,19,58,0,21,89,24,76,28,148,38,16
20220408,서울특별시,11,노원구,11350,충청남도,44,27,79,10,35,152,26,138,41,182,31,20
20220408,서울특별시,11,노원구,11350,충청북도,43,17,66,10,23,134,19,77,27,162,28,25
20220408,서울특별시,11,노원구,11350,강원도,42,27,53,8,34,112,23,66,21,125,35,11
20220408,서울특별시,11,노원구,11350,경기도,41,169,679,115,316,1171,212,765,275,1829,390,208
20220408,서울특별시,11,노원구,11350,세종특별자치시,36,6,15,3,6,23,8,13,5,40,6,3
20220408,서울특별시,11,노원구,11350,울산광역시,31,16,33,6,11,78,22,45,20,81,21,15
20220408,서울특별시,11,노원구,11350,대전광역시,30,18,37,10,24,102,16,106,21,112,34,18
20220408,서울특별시,11,노원구,11350,광주광역시,29,11,45,0,26,93,9,46,26,126,32,19
20220408,서울특별시,11,노원구,11350,인천광역시,28,25,110,12,71,179,33,143,47,275,58,55
20220408,서울특별시,11,노원구,11350,대구광역시,27,19,75,14,38,160,27,98,48,171,52,22
20220408,서울특별시,11,노원구,11350,부산광역시,26,34,113,9,43,218,29,140,50,260,87,31
20220408,서울특별시,11,노원구,11350,서울특별시,11,87,532,116,213,780,100,537,137,1084,299,131
20220408,서울특별시,11,중구,11140,경상남도,48,48,292,53,61,320,65,112,47,892,213,45
20220408,서울특별시,11,중구,11140,경상북도,47,45,335,34,50,263,40,89,39,720,146,23
20220408,서울특별시,11,중구,11140,전라남도,46,29,197,23,29,182,30,67,22,492,93,17
20220408,서울특별시,11,중구,11140,전라북도,45,37,215,25,31,235,23,55,21,501,108,16
20220408,서울특별시,11,중구,11140,충청남도,44,36,217,42,47,214,29,96,27,643,136,33
20220408,서울특별시,11,중구,11140,충청북도,43,48,195,37,33,156,26,78,22,518,103,20
20220408,서울특별시,11,중구,11140,강원도,42,29,172,47,30,161,31,62,23,440,85,18
20220408,서울특별시,11,중구,11140,경기도,41,379,2017,322,341,1845,247,976,211,4784,1070,242
20220408,서울특별시,11,중구,11140,세종특별자치시,36,9,46,7,24,55,6,16,8,149,32,5
20220408,서울특별시,11,중구,11140,울산광역시,31,12,114,25,13,137,22,36,25,306,79,18
20220408,서울특별시,11,중구,11140,대전광역시,30,28,165,28,30,162,25,86,24,507,109,22
20220408,서울특별시,11,중구,11140,광주광역시,29,24,182,34,34,160,19,46,20,560,109,24
20220408,서울특별시,11,중구,11140,인천광역시,28,68,348,50,72,335,42,190,32,937,216,46
20220408,서울특별시,11,중구,11140,대구광역시,27,44,232,37,52,233,55,96,30,770,175,44
20220408,서울특별시,11,중구,11140,부산광역시,26,56,382,52,69,412,48,119,40,1061,223,54
20220408,서울특별시,11,중구,11140,서울특별시,11,290,1808,292,268,1609,144,888,120,4257,911,244
20220408,서울특별시,11,금천구,11545,충청남도,44,68,189,52,232,286,104,239,99,778,311,250
20220408,서울특별시,11,은평구,11380,부산광역시,26,17,67,16,46,140,42,144,21,150,100,159
20220408,서울특별시,11,은평구,11380,서울특별시,11,96,455,135,180,537,130,553,60,655,302,497
20220408,서울특별시,11,성동구,11200,서울특별시,11,254,4256,253,889,903,139,515,63,3461,1122,495
20220408,서울특별시,11,성동구,11200,부산광역시,26,65,821,26,199,232,42,192,13,796,257,118
20220408,서울특별시,11,성동구,11200,대구광역시,27,50,537,6,139,193,27,94,12,662,186,83
20220408,서울특별시,11,성동구,11200,인천광역시,28,79,917,33,192,236,30,143,22,827,231,139
20220408,서울특별시,11,성동구,11200,광주광역시,29,26,396,9,75,105,21,65,5,408,108,69
20220408,서울특별시,11,성동구,11200,대전광역시,30,31,400,8,87,142,16,43,4,415,123,40
20220408,서울특별시,11,성동구,11200,울산광역시,31,18,212,5,67,98,22,48,20,288,84,29
20220408,서울특별시,11,성동구,11200,세종특별자치시,36,11,101,6,29,32,6,16,3,123,39,9
20220408,서울특별시,11,성동구,11200,경기도,41,335,4417,240,1018,1193,222,654,106,4442,1206,612
20220408,서울특별시,11,성동구,11200,강원도,42,45,336,13,105,109,27,74,10,316,124,69
20220408,서울특별시,11,성동구,11200,충청북도,43,38,349,19,113,121,21,76,10,406,129,47
20220408,서울특별시,11,성동구,11200,충청남도,44,59,478,17,152,157,25,111,12,501,146,63
20220408,서울특별시,11,성동구,11200,전라북도,45,34,324,7,93,97,16,67,6,397,125,53
20220408,서울특별시,11,성동구,11200,전라남도,46,36,289,5,90,107,12,81,7,352,110,49
20220408,서울특별시,11,성동구,11200,경상북도,47,63,432,17,138,148,35,109,16,559,156,65
20220408,서울특별시,11,성동구,11200,경상남도,48,51,561,23,182,221,46,124,19,721,222,109
20220408,서울특별시,11,성동구,11200,제주특별자치도,50,15,139,5,19,36,5,20,0,141,41,8
20220408,서울특별시,11,은평구,11380,대구광역시,27,17,40,12,33,102,43,81,14,94,68,105
20220408,서울특별시,11,은평구,11380,인천광역시,28,23,90,28,56,164,47,150,29,145,82,187
20220408,서울특별시,11,은평구,11380,광주광역시,29,11,29,8,22,65,24,87,11,62,41,83
20220408,서울특별시,11,은평구,11380,대전광역시,30,11,24,9,25,60,24,83,9,59,39,64
20220408,서울특별시,11,용산구,11170,서울특별시,11,102,1243,242,6166,1229,96,486,86,1210,644,210
20220408,서울특별시,11,강동구,11740,대전광역시,30,24,67,42,26,87,14,145,9,80,36,13
20220408,서울특별시,11,강동구,11740,울산광역시,31,10,43,48,14,75,10,73,6,59,21,5
20220408,서울특별시,11,은평구,11380,울산광역시,31,27,26,3,10,77,17,32,9,41,20,64
20220408,서울특별시,11,은평구,11380,세종특별자치시,36,0,10,0,0,11,3,16,3,24,11,17
20220408,서울특별시,11,은평구,11380,경기도,41,137,595,127,252,917,261,687,117,1179,450,742
20220408,서울특별시,11,은평구,11380,강원도,42,14,41,12,35,81,13,125,10,60,57,69
20220408,서울특별시,11,은평구,11380,충청북도,43,22,36,13,41,91,20,74,14,96,52,89
20220408,서울특별시,11,동대문구,11230,서울특별시,11,283,1055,174,335,962,90,935,86,3503,572,336
20220408,서울특별시,11,용산구,11170,부산광역시,26,22,238,20,1290,302,26,147,18,271,155,50
20220408,서울특별시,11,용산구,11170,대구광역시,27,18,177,20,969,220,18,115,17,197,91,32
20220408,서울특별시,11,용산구,11170,인천광역시,28,35,258,22,1476,251,15,125,38,232,130,58
20220408,서울특별시,11,강북구,11305,서울특별시,11,53,446,153,201,393,16,87,51,1394,393,97
20220408,서울특별시,11,강북구,11305,부산광역시,26,10,93,17,45,105,6,14,28,416,113,20
20220408,서울특별시,11,강북구,11305,대구광역시,27,15,72,15,39,75,7,14,12,297,89,13
20220408,서울특별시,11,강북구,11305,인천광역시,28,20,104,27,58,94,15,41,20,376,124,29
20220408,서울특별시,11,용산구,11170,광주광역시,29,8,152,20,528,133,9,58,5,140,59,20
20220408,서울특별시,11,용산구,11170,대전광역시,30,17,131,18,769,144,11,53,9,97,53,15
20220408,서울특별시,11,마포구,11440,서울특별시,11,235,2155,846,1359,2160,125,1580,212,2333,993,465
20220408,서울특별시,11,금천구,11545,전라북도,45,50,132,47,200,186,68,184,66,574,232,235
20220408,서울특별시,11,금천구,11545,전라남도,46,55,129,60,175,218,73,157,48,544,214,190
20220408,서울특별시,11,금천구,11545,경상북도,47,82,225,66,224,311,120,263,109,785,322,319
20220408,서울특별시,11,금천구,11545,경상남도,48,95,208,71,295,338,160,312,155,1045,363,361
20220408,서울특별시,11,은평구,11380,충청남도,44,21,52,17,36,153,22,132,22,85,64,118
20220408,서울특별시,11,강서구,11500,제주특별자치도,50,10,46,9,38,41,19,54,5,75,20,51
20220408,서울특별시,11,강서구,11500,경상남도,48,84,334,96,330,438,136,733,41,928,244,572
20220408,서울특별시,11,강서구,11500,경상북도,47,40,261,77,247,360,98,535,48,1022,200,430
20220408,서울특별시,11,강서구,11500,전라남도,46,29,171,48,175,259,71,337,27,742,151,326
20220408,서울특별시,11,강서구,11500,전라북도,45,39,152,41,171,224,47,358,24,534,112,264
20220408,서울특별시,11,강서구,11500,충청남도,44,47,212,74,259,304,79,503,56,816,237,365
20220408,서울특별시,11,강서구,11500,충청북도,43,40,169,47,221,231,86,400,33,793,157,309
20220408,서울특별시,11,강서구,11500,강원도,42,41,155,59,187,234,68,345,33,920,178,353
20220408,서울특별시,11,강서구,11500,경기도,41,330,1883,568,1788,1980,604,3244,315,4163,1281,2071
20220408,서울특별시,11,강서구,11500,세종특별자치시,36,10,38,12,46,59,13,92,11,121,27,65
20220408,서울특별시,11,강서구,11500,울산광역시,31,23,90,28,87,129,50,258,25,214,75,125
20220408,서울특별시,11,강서구,11500,대전광역시,30,23,159,64,143,197,29,321,21,246,106,194
20220408,서울특별시,11,강서구,11500,인천광역시,28,63,403,125,319,382,99,676,66,545,196,394
20220409,서울특별시,11,마포구,11440,전라남도,46,3,32,5,3,0,0,11,0,13,3,0
20220409,서울특별시,11,마포구,11440,충청남도,44,8,58,27,4,14,0,4,6,21,0,0
20220409,서울특별시,11,마포구,11440,충청북도,43,7,40,5,0,6,0,4,3,36,0,0
20220409,서울특별시,11,마포구,11440,강원도,42,0,40,7,6,3,0,5,0,21,3,0
20220409,서울특별시,11,마포구,11440,경기도,41,45,522,90,55,131,63,59,18,607,123,31
20220409,서울특별시,11,마포구,11440,세종특별자치시,36,0,7,0,0,0,0,0,0,4,0,0
20220409,서울특별시,11,마포구,11440,울산광역시,31,0,15,10,0,3,0,0,0,11,3,0
20220409,서울특별시,11,마포구,11440,대전광역시,30,0,28,9,4,4,0,5,0,24,0,3
20220409,서울특별시,11,마포구,11440,광주광역시,29,3,38,6,0,0,0,6,0,10,0,4
20220409,서울특별시,11,마포구,11440,인천광역시,28,0,78,12,12,16,0,18,5,61,15,5
20220409,서울특별시,11,마포구,11440,대구광역시,27,4,67,8,0,15,0,4,0,33,7,3
20220409,서울특별시,11,마포구,11440,부산광역시,26,0,67,11,6,14,4,16,0,57,22,3
20220409,서울특별시,11,마포구,11440,서울특별시,11,22,484,80,49,75,11,58,5,370,77,16
20220409,서울특별시,11,강북구,11305,전라북도,45,0,4,0,3,0,0,0,7,18,3,0
20220409,서울특별시,11,강북구,11305,전라남도,46,0,5,3,0,0,0,0,3,5,0,0
20220409,서울특별시,11,강북구,11305,경상북도,47,0,12,0,0,0,0,0,3,3,3,0
20220409,서울특별시,11,강북구,11305,경상남도,48,5,8,5,3,6,3,0,7,9,7,0
20220409,서울특별시,11,강북구,11305,제주특별자치도,50,0,0,0,0,0,0,0,0,3,0,0
20220409,서울특별시,11,종로구,11110,서울특별시,11,10,92,33,79,66,10,265,5,268,35,6
20220409,서울특별시,11,종로구,11110,부산광역시,26,0,21,7,11,11,0,149,0,65,15,0
20220409,서울특별시,11,종로구,11110,대구광역시,27,0,14,7,11,6,0,94,0,38,3,4
20220409,서울특별시,11,종로구,11110,인천광역시,28,4,30,4,17,11,0,100,0,56,9,3
20220409,서울특별시,11,종로구,11110,광주광역시,29,0,9,0,4,9,0,70,0,25,0,0
20220409,서울특별시,11,종로구,11110,대전광역시,30,0,8,0,12,6,0,64,0,18,0,0
20220409,서울특별시,11,종로구,11110,울산광역시,31,0,9,0,0,8,0,46,0,22,0,0
20220409,서울특별시,11,종로구,11110,세종특별자치시,36,0,6,0,0,0,0,0,0,10,0,0
20220409,서울특별시,11,종로구,11110,경기도,41,14,129,44,96,104,15,326,0,422,49,25
20220409,서울특별시,11,종로구,11110,강원도,42,0,9,0,5,6,0,36,0,28,0,9
20220409,서울특별시,11,종로구,11110,충청북도,43,3,13,0,5,3,0,30,0,25,0,0
20220409,서울특별시,11,종로구,11110,충청남도,44,4,14,4,9,10,0,58,0,40,0,0
20220409,서울특별시,11,종로구,11110,전라북도,45,0,13,3,14,6,0,52,0,32,0,0
20220409,서울특별시,11,종로구,11110,전라남도,46,3,11,0,10,0,0,60,0,28,0,12
20220409,서울특별시,11,종로구,11110,경상북도,47,0,19,3,6,13,0,47,0,33,5,8
20220409,서울특별시,11,종로구,11110,경상남도,48,0,9,3,4,16,0,136,0,59,8,8
20220409,서울특별시,11,종로구,11110,제주특별자치도,50,0,3,0,0,3,0,11,0,8,0,0
20220409,서울특별시,11,양천구,11470,광주광역시,29,0,5,0,0,3,0,0,0,4,0,3
20220409,서울특별시,11,양천구,11470,인천광역시,28,3,18,8,7,20,0,5,10,28,4,6
20220409,서울특별시,11,양천구,11470,대구광역시,27,3,11,7,3,5,0,0,0,13,4,0
20220409,서울특별시,11,양천구,11470,부산광역시,26,0,16,7,4,4,0,0,0,36,19,3
20220409,서울특별시,11,양천구,11470,서울특별시,11,0,148,42,34,37,13,22,0,243,47,11
20220409,서울특별시,11,동작구,11590,경상남도,48,0,16,30,3,3,5,8,0,13,6,0
20220409,서울특별시,11,동작구,11590,제주특별자치도,50,0,0,0,0,0,0,0,0,4,0,0
20220409,서울특별시,11,관악구,11620,광주광역시,29,0,11,8,6,7,0,0,0,14,0,21
20220409,서울특별시,11,관악구,11620,인천광역시,28,0,34,19,10,14,0,6,7,67,8,36
20220409,서울특별시,11,관악구,11620,대구광역시,27,5,18,22,5,10,0,5,0,28,0,33
20220409,서울특별시,11,관악구,11620,부산광역시,26,0,23,27,9,12,0,4,0,55,19,53
20220409,서울특별시,11,관악구,11620,서울특별시,11,6,249,161,46,46,12,24,3,311,60,163
20220409,서울특별시,11,도봉구,11320,서울특별시,11,11,94,22,23,6,5,10,7,135,35,14
20220409,서울특별시,11,도봉구,11320,부산광역시,26,0,13,4,0,3,0,0,0,36,14,0
20220409,서울특별시,11,도봉구,11320,대구광역시,27,3,6,5,3,0,3,0,0,5,3,0
20220409,서울특별시,11,도봉구,11320,인천광역시,28,0,18,5,3,10,0,0,0,24,0,3
20220409,서울특별시,11,도봉구,11320,광주광역시,29,0,6,0,0,0,0,0,0,5,0,0
20220409,서울특별시,11,도봉구,11320,대전광역시,30,0,6,0,0,0,0,0,0,7,4,0
20220409,서울특별시,11,도봉구,11320,울산광역시,31,0,4,0,0,0,0,0,0,8,0,0
20220409,서울특별시,11,도봉구,11320,세종특별자치시,36,0,3,0,0,0,0,0,0,3,0,0
20220409,서울특별시,11,도봉구,11320,경기도,41,15,106,25,21,33,29,16,13,312,56,14
20220409,서울특별시,11,동대문구,11230,서울특별시,11,6,139,1238,34,76,8,41,4,251,43,17
20220409,서울특별시,11,동대문구,11230,부산광역시,26,3,17,681,8,26,0,17,0,30,10,0
20220409,서울특별시,11,동대문구,11230,대구광역시,27,0,4,573,4,16,0,11,0,22,3,3
20220409,서울특별시,11,동대문구,11230,인천광역시,28,0,23,571,9,26,0,10,7,26,5,7
20220409,서울특별시,11,동대문구,11230,광주광역시,29,0,3,221,3,17,0,4,0,8,0,3
20220409,서울특별시,11,동대문구,11230,대전광역시,30,0,9,298,4,7,0,4,0,9,0,3
20220409,서울특별시,11,용산구,11170,충청남도,44,0,5,7,16,0,3,18,0,5,0,0
20220409,서울특별시,11,용산구,11170,충청북도,43,0,3,3,6,0,0,10,0,12,3,0
20220409,서울특별시,11,용산구,11170,강원도,42,0,3,3,7,0,0,9,0,0,0,0
20220409,서울특별시,11,용산구,11170,경기도,41,5,113,36,93,63,15,66,4,331,48,29
20220409,서울특별시,11,용산구,11170,세종특별자치시,36,0,0,0,0,0,0,0,0,0,0,0
20220409,서울특별시,11,용산구,11170,울산광역시,31,0,5,0,3,0,0,0,0,4,0,0
20220409,서울특별시,11,용산구,11170,대전광역시,30,0,0,0,12,0,0,6,0,7,0,0
20220409,서울특별시,11,용산구,11170,광주광역시,29,0,4,0,5,0,0,6,0,8,0,0
20220409,서울특별시,11,용산구,11170,인천광역시,28,0,22,3,17,6,0,22,3,26,7,0
20220409,서울특별시,11,용산구,11170,대구광역시,27,0,9,0,6,7,0,6,0,13,0,0
20220409,서울특별시,11,용산구,11170,부산광역시,26,0,16,5,17,4,0,18,0,25,7,0
20220409,서울특별시,11,용산구,11170,서울특별시,11,6,102,39,96,23,5,37,3,192,28,7
20220409,서울특별시,11,동대문구,11230,울산광역시,31,0,6,338,3,6,0,0,0,3,0,0
20220409,서울특별시,11,동대문구,11230,세종특별자치시,36,0,3,112,0,0,0,0,0,3,0,0
20220409,서울특별시,11,동대문구,11230,경기도,41,22,170,2571,48,146,33,85,20,449,61,36
20220409,서울특별시,11,동대문구,11230,강원도,42,0,6,194,3,9,0,6,0,0,0,0
20220409,서울특별시,11,동대문구,11230,충청북도,43,0,10,264,0,17,0,10,0,26,0,4
20220409,서울특별시,11,동대문구,11230,충청남도,44,0,12,460,11,19,0,12,4,12,0,0
20220409,서울특별시,11,동대문구,11230,전라북도,45,0,4,321,5,9,0,5,0,15,0,0
20220409,서울특별시,11,동대문구,11230,전라남도,46,0,8,280,3,15,0,5,0,8,0,0
20220409,서울특별시,11,동대문구,11230,경상북도,47,0,15,687,4,24,0,17,0,8,0,0
20220409,서울특별시,11,동대문구,11230,경상남도,48,6,12,872,3,25,0,18,0,8,4,6
20220409,서울특별시,11,동대문구,11230,제주특별자치도,50,0,0,0,0,0,0,0,0,0,0,0
20220409,서울특별시,11,중랑구,11260,서울특별시,11,6,259,23,37,17,10,13,5,227,52,24
20220409,서울특별시,11,강동구,11740,제주특별자치도,50,0,0,0,0,0,0,4,0,3,37,0
20220409,서울특별시,11,강동구,11740,경상남도,48,0,11,37,3,6,6,0,0,12,221,0
20220409,서울특별시,11,강동구,11740,경상북도,47,0,4,20,6,0,0,7,0,5,141,0
20220409,서울특별시,11,강동구,11740,전라남도,46,0,7,12,0,0,0,5,3,0,90,0
20220409,서울특별시,11,강동구,11740,전라북도,45,0,8,17,0,3,0,0,0,22,126,0
20220409,서울특별시,11,강동구,11740,충청남도,44,0,6,37,5,9,3,5,6,11,109,0
20220409,서울특별시,11,강동구,11740,충청북도,43,0,8,19,4,0,0,3,0,34,92,0
20220409,서울특별시,11,강동구,11740,강원도,42,0,0,15,0,0,0,4,0,4,91,0
20220409,서울특별시,11,강동구,11740,경기도,41,22,185,165,49,122,62,44,12,641,918,33
20220409,서울특별시,11,강동구,11740,세종특별자치시,36,0,0,10,0,0,0,0,0,0,21,0
20220409,서울특별시,11,강동구,11740,울산광역시,31,0,0,16,0,0,0,0,0,7,68,0
20220409,서울특별시,11,강동구,11740,대전광역시,30,0,9,17,0,0,0,3,0,9,98,0
20220409,서울특별시,11,강동구,11740,광주광역시,29,0,6,28,0,0,0,0,0,6,92,0
20220409,서울특별시,11,강동구,11740,인천광역시,28,0,17,40,6,12,0,3,8,37,195,10
20220409,서울특별시,11,강동구,11740,대구광역시,27,7,13,53,3,3,3,6,3,22,156,0
20220409,서울특별시,11,강동구,11740,부산광역시,26,0,17,45,4,6,0,5,0,51,289,4
20220409,서울특별시,11,강동구,11740,서울특별시,11,11,152,140,38,28,14,29,13,234,666,15
20220409,서울특별시,11,중랑구,11260,부산광역시,26,5,28,3,5,10,0,4,0,50,25,14
20220409,서울특별시,11,중랑구,11260,대구광역시,27,4,19,0,3,8,4,3,0,27,7,6
20220409,서울특별시,11,중랑구,11260,인천광역시,28,4,54,0,6,9,3,5,0,54,15,7
20220409,서울특별시,11,중랑구,11260,광주광역시,29,0,20,0,4,3,0,0,0,17,0,0
20220409,서울특별시,11,중랑구,11260,대전광역시,30,0,30,0,0,0,0,4,0,15,0,5
20220409,서울특별시,11,중랑구,11260,울산광역시,31,0,20,0,0,5,0,0,0,11,3,3
20220409,서울특별시,11,중랑구,11260,세종특별자치시,36,0,3,0,0,0,0,0,0,0,0,0
20220409,서울특별시,11,중랑구,11260,경기도,41,16,205,24,40,83,35,15,9,456,64,45
20220409,서울특별시,11,중랑구,11260,강원도,42,0,43,0,0,3,0,3,0,18,0,3
20220409,서울특별시,11,중랑구,11260,충청북도,43,0,12,0,6,0,0,3,0,32,0,4
20220409,서울특별시,11,중랑구,11260,충청남도,44,0,18,0,10,6,0,4,0,21,0,3
20220409,서울특별시,11,중랑구,11260,전라북도,45,0,17,0,0,7,0,3,0,23,5,3
20220409,서울특별시,11,중랑구,11260,전라남도,46,0,6,0,0,4,0,0,0,22,0,4
20220409,서울특별시,11,중랑구,11260,경상북도,47,3,25,0,5,11,0,3,0,20,0,0
20220409,서울특별시,11,중랑구,11260,경상남도,48,0,30,0,9,13,4,0,0,38,6,6
20220409,서울특별시,11,중랑구,11260,제주특별자치도,50,0,5,0,0,0,0,5,0,9,0,0
20220409,서울특별시,11,송파구,11710,제주특별자치도,50,0,0,3,0,4,0,4,0,6,0,0
20220409,서울특별시,11,송파구,11710,경상남도,48,16,28,27,20,286,9,2749,43,41,15,68
20220409,서울특별시,11,송파구,11710,경상북도,47,9,20,7,5,220,6,2425,31,30,11,48
20220409,서울특별시,11,송파구,11710,전라남도,46,3,13,12,7,166,0,1632,20,19,8,38
20220409,서울특별시,11,송파구,11710,전라북도,45,5,5,10,5,195,7,1487,26,38,7,31
20220409,서울특별시,11,송파구,11710,충청남도,44,22,30,33,31,506,7,6018,81,28,14,97
20220409,서울특별시,11,송파구,11710,충청북도,43,18,24,7,11,377,7,4868,60,71,7,90
20220409,서울특별시,11,송파구,11710,강원도,42,6,15,9,16,229,4,1949,33,13,5,50
20220409,서울특별시,11,송파구,11710,경기도,41,54,357,114,103,562,101,3915,88,1093,174,155
20220409,서울특별시,11,송파구,11710,세종특별자치시,36,13,12,5,7,240,3,3391,47,6,10,47
20220409,서울특별시,11,송파구,11710,울산광역시,31,0,9,6,0,30,4,489,11,22,4,8
20220409,서울특별시,11,송파구,11710,대전광역시,30,29,27,3,20,558,10,7862,71,22,19,123
20220409,서울특별시,11,송파구,11710,광주광역시,29,0,8,4,3,118,6,1334,23,14,0,19
20220409,서울특별시,11,송파구,11710,인천광역시,28,5,34,21,12,35,7,119,17,61,11,15
20220409,서울특별시,11,송파구,11710,대구광역시,27,30,19,8,27,567,18,7420,84,62,37,103
20220409,서울특별시,11,송파구,11710,부산광역시,26,5,27,12,11,116,6,1542,18,71,34,30
20220409,서울특별시,11,송파구,11710,서울특별시,11,13,242,101,65,234,28,1454,32,539,106,41
20220409,서울특별시,11,서초구,11650,제주특별자치도,50,0,3,4,0,12,0,3,7,0,0,0
20220409,서울특별시,11,서초구,11650,경상남도,48,6,39,14,7,194,6,24,41,29,10,0
20220409,서울특별시,11,서초구,11650,경상북도,47,0,30,9,5,138,0,25,35,17,0,0
20220409,서울특별시,11,서초구,11650,전라남도,46,0,18,8,4,95,0,7,25,14,0,0
20220409,서울특별시,11,서초구,11650,전라북도,45,0,16,9,0,87,6,10,24,21,3,0
20220409,서울특별시,11,서초구,11650,충청남도,44,0,30,35,10,120,0,18,39,21,4,3
20220409,서울특별시,11,서초구,11650,충청북도,43,0,19,9,6,102,0,13,27,27,4,0
20220409,서울특별시,11,서초구,11650,강원도,42,0,20,9,6,67,0,14,15,13,3,8
20220409,서울특별시,11,서초구,11650,경기도,41,13,388,168,95,982,51,106,216,722,146,34
20220409,서울특별시,11,서초구,11650,세종특별자치시,36,0,8,5,0,36,0,6,9,7,0,0
20220409,서울특별시,11,서초구,11650,울산광역시,31,0,19,6,0,86,3,6,6,6,0,0
20220409,서울특별시,11,서초구,11650,대전광역시,30,0,25,9,10,74,0,12,29,19,3,0
20220409,서울특별시,11,서초구,11650,광주광역시,29,0,17,14,5,100,5,9,27,8,5,0
20220409,서울특별시,11,서초구,11650,인천광역시,28,0,32,19,16,179,6,20,59,30,9,7
20220409,서울특별시,11,서초구,11650,대구광역시,27,0,46,16,9,121,5,10,32,28,8,0
20220409,서울특별시,11,서초구,11650,부산광역시,26,0,47,24,11,185,4,16,44,50,25,3
20220409,서울특별시,11,서초구,11650,서울특별시,11,10,348,118,87,574,41,290,28,362,97,34
20220409,서울특별시,11,도봉구,11320,강원도,42,0,4,0,0,0,0,0,0,4,3,0
20220409,서울특별시,11,도봉구,11320,충청북도,43,0,7,0,0,3,0,0,0,25,0,0
20220409,서울특별시,11,도봉구,11320,충청남도,44,0,6,3,3,3,0,0,0,15,0,0
20220409,서울특별시,11,도봉구,11320,전라북도,45,3,5,0,0,0,0,0,0,20,0,0
20220409,서울특별시,11,도봉구,11320,전라남도,46,0,8,0,0,0,0,0,0,6,0,0
20220409,서울특별시,11,도봉구,11320,경상북도,47,0,9,3,0,4,0,3,0,9,0,0
20220409,서울특별시,11,도봉구,11320,경상남도,48,10,18,4,0,5,3,3,0,8,10,0
20220409,서울특별시,11,도봉구,11320,제주특별자치도,50,0,0,0,0,0,0,0,0,0,0,0
20220409,서울특별시,11,강북구,11305,울산광역시,31,0,0,5,0,3,0,0,3,5,0,0
20220409,서울특별시,11,강북구,11305,대전광역시,30,0,4,3,0,0,0,0,0,5,0,0
20220409,서울특별시,11,강북구,11305,광주광역시,29,3,4,0,0,0,0,0,3,5,0,0
20220409,서울특별시,11,강북구,11305,인천광역시,28,3,13,8,4,8,0,0,8,25,0,5
20220409,서울특별시,11,강북구,11305,대구광역시,27,4,3,4,0,4,0,0,5,14,0,0
20220409,서울특별시,11,강북구,11305,부산광역시,26,3,14,8,0,4,0,0,5,29,9,0
20220409,서울특별시,11,강북구,11305,서울특별시,11,19,79,28,23,24,7,4,27,110,26,5
20220409,서울특별시,11,성동구,11200,서울특별시,11,0,402,43,23,32,15,25,13,231,106,9
20220409,서울특별시,11,성동구,11200,부산광역시,26,0,52,6,0,0,3,8,5,22,24,0
20220409,서울특별시,11,성동구,11200,대구광역시,27,0,22,0,0,5,0,10,0,23,7,0
20220409,서울특별시,11,성동구,11200,인천광역시,28,0,63,0,8,7,0,0,0,37,14,0
20220409,서울특별시,11,성동구,11200,광주광역시,29,0,20,0,0,0,0,6,0,7,7,0
20220409,서울특별시,11,성동구,11200,대전광역시,30,0,38,5,0,4,0,0,0,11,5,0
20220409,서울특별시,11,성동구,11200,울산광역시,31,0,9,0,0,0,0,3,0,10,0,0
20220409,서울특별시,11,성동구,11200,세종특별자치시,36,0,5,0,0,0,0,6,49,0,0,0
20220409,서울특별시,11,성동구,11200,경기도,41,14,520,29,30,86,35,30,14,442,120,22
20220409,서울특별시,11,성동구,11200,강원도,42,0,26,0,0,0,0,6,0,7,4,0
20220409,서울특별시,11,성동구,11200,충청북도,43,0,35,0,3,0,3,6,0,24,0,0
20220409,서울특별시,11,성동구,11200,충청남도,44,0,36,11,5,0,0,4,4,7,0,0
20220409,서울특별시,11,성동구,11200,전라북도,45,0,28,4,0,0,0,4,0,14,7,0
20220409,서울특별시,11,성동구,11200,전라남도,46,0,18,3,0,0,0,0,0,6,5,0
20220409,서울특별시,11,성동구,11200,경상북도,47,0,18,0,3,6,0,4,0,10,11,0
20220409,서울특별시,11,성동구,11200,경상남도,48,0,14,7,3,7,3,4,0,17,12,0
20220409,서울특별시,11,성동구,11200,제주특별자치도,50,0,23,0,0,0,0,3,0,0,0,0
20220409,서울특별시,11,은평구,11380,서울특별시,11,11,167,29,36,28,10,27,0,193,84,5
20220409,서울특별시,11,은평구,11380,부산광역시,26,0,21,4,4,5,0,0,0,39,29,0
20220409,서울특별시,11,은평구,11380,대구광역시,27,8,16,4,0,4,3,4,0,13,10,0
20220409,서울특별시,11,은평구,11380,인천광역시,28,4,23,3,7,9,3,13,7,40,14,7
20220409,서울특별시,11,은평구,11380,광주광역시,29,0,4,4,3,0,0,5,0,4,5,0
20220409,서울특별시,11,은평구,11380,대전광역시,30,0,5,0,0,0,3,11,0,7,6,0
20220409,서울특별시,11,동작구,11590,서울특별시,11,5,162,94,42,23,11,33,9,289,64,16
20220409,서울특별시,11,동작구,11590,부산광역시,26,0,19,25,6,3,0,6,0,53,10,0
20220409,서울특별시,11,동작구,11590,대구광역시,27,3,16,12,4,3,9,0,0,18,0,0
20220409,서울특별시,11,동작구,11590,인천광역시,28,4,20,22,12,16,0,9,0,32,0,0
20220409,서울특별시,11,동작구,11590,광주광역시,29,0,4,10,0,4,0,0,0,3,0,0
20220409,서울특별시,11,동작구,11590,대전광역시,30,0,14,14,3,0,0,4,0,4,0,0
20220409,서울특별시,11,동작구,11590,울산광역시,31,0,4,5,0,0,0,0,0,0,0,0
20220409,서울특별시,11,동작구,11590,세종특별자치시,36,0,0,4,0,0,0,0,0,0,0,0
20220409,서울특별시,11,은평구,11380,울산광역시,31,0,4,0,0,0,0,0,0,6,0,0
20220409,서울특별시,11,은평구,11380,세종특별자치시,36,0,0,0,0,0,0,0,0,0,0,0
20220409,서울특별시,11,은평구,11380,경기도,41,15,158,42,47,91,66,38,6,544,104,18
20220409,서울특별시,11,은평구,11380,강원도,42,0,6,0,0,0,0,5,0,0,0,0
20220409,서울특별시,11,은평구,11380,충청북도,43,0,5,0,3,0,0,0,0,42,7,0
20220409,서울특별시,11,은평구,11380,충청남도,44,0,9,10,6,0,0,3,0,9,5,0
20220409,서울특별시,11,은평구,11380,전라북도,45,0,6,0,0,0,0,11,0,30,3,0
20220409,서울특별시,11,은평구,11380,전라남도,46,0,6,4,0,0,0,4,0,6,3,0
20220409,서울특별시,11,은평구,11380,경상북도,47,0,6,0,0,0,0,7,0,6,7,0
20220409,서울특별시,11,은평구,11380,경상남도,48,0,12,4,0,3,3,8,0,22,17,0
20220409,서울특별시,11,은평구,11380,제주특별자치도,50,0,0,0,0,0,0,0,0,0,7,0
20220409,서울특별시,11,구로구,11530,서울특별시,11,18,143,32,51,121,38,53,18,405,97,14
20220409,서울특별시,11,구로구,11530,부산광역시,26,0,23,0,6,21,15,7,0,108,37,0
20220409,서울특별시,11,구로구,11530,대구광역시,27,0,11,3,5,10,0,4,8,78,18,0
20220409,서울특별시,11,구로구,11530,인천광역시,28,0,330,6,10,35,10,12,11,122,30,5
20220409,서울특별시,11,구로구,11530,광주광역시,29,0,3,0,0,8,0,0,3,45,11,0
20220409,서울특별시,11,구로구,11530,대전광역시,30,0,3,0,4,16,4,4,0,41,17,0
20220409,서울특별시,11,구로구,11530,울산광역시,31,0,4,0,0,7,3,0,4,38,10,0
20220409,서울특별시,11,구로구,11530,세종특별자치시,36,0,0,0,0,3,0,0,3,17,4,0
20220409,서울특별시,11,구로구,11530,경기도,41,15,333,31,61,169,80,87,28,834,176,27
20220409,서울특별시,11,구로구,11530,강원도,42,0,467,0,0,14,5,6,3,43,10,0
20220409,서울특별시,11,구로구,11530,충청북도,43,0,13,0,0,11,7,5,5,64,12,0
20220409,서울특별시,11,구로구,11530,충청남도,44,0,21,9,10,15,14,10,7,57,19,0
20220409,서울특별시,11,구로구,11530,전라북도,45,0,9,0,0,7,8,4,0,77,10,0
20220409,서울특별시,11,구로구,11530,전라남도,46,0,11,3,3,13,6,0,3,54,13,0
20220409,서울특별시,11,구로구,11530,경상북도,47,0,577,4,0,16,4,6,4,56,11,0
20220409,서울특별시,11,구로구,11530,경상남도,48,0,560,0,8,24,27,9,15,86,30,0
20220409,서울특별시,11,구로구,11530,제주특별자치도,50,0,5,0,0,0,0,3,0,14,0,0
20220409,서울특별시,11,강남구,11680,제주특별자치도,50,3,12,0,0,5,0,6,0,52,4,4
20220409,서울특별시,11,강남구,11680,경상남도,48,8,72,19,12,67,0,10,3,420,22,13
20220409,서울특별시,11,강남구,11680,경상북도,47,0,43,19,10,41,0,12,4,320,13,3
20220409,서울특별시,11,강남구,11680,전라남도,46,0,37,11,5,41,0,7,0,197,9,0
20220409,서울특별시,11,강서구,11500,제주특별자치도,50,0,3,0,0,0,0,4,0,9,8,0
20220409,서울특별시,11,강서구,11500,경상남도,48,8,54,8,16,22,29,8,0,48,37,26
20220409,서울특별시,11,강서구,11500,경상북도,47,0,28,5,5,11,37,5,6,45,31,34
20220409,서울특별시,11,강서구,11500,전라남도,46,0,22,3,11,8,25,6,0,35,17,21
20220409,서울특별시,11,강서구,11500,전라북도,45,0,16,3,3,10,15,4,0,46,20,17
20220409,서울특별시,11,강서구,11500,충청남도,44,9,24,26,13,12,20,9,3,33,23,17
20220409,서울특별시,11,강서구,11500,충청북도,43,5,25,6,12,5,28,4,4,87,27,25
20220409,서울특별시,11,강서구,11500,강원도,42,0,15,3,10,10,36,0,0,35,12,34
20220409,서울특별시,11,강서구,11500,경기도,41,32,366,66,105,208,211,61,48,857,282,112
20220409,서울특별시,11,강서구,11500,세종특별자치시,36,0,5,0,0,0,4,0,0,5,7,0
20220409,서울특별시,11,강서구,11500,울산광역시,31,0,9,0,0,6,4,0,0,10,9,0
20220409,서울특별시,11,강서구,11500,대전광역시,30,5,16,3,5,9,0,0,0,15,13,6
20220409,서울특별시,11,강서구,11500,광주광역시,29,0,17,4,5,8,4,4,0,23,15,4
20220409,서울특별시,11,강서구,11500,인천광역시,28,7,67,9,13,27,7,14,7,58,35,22
20220409,서울특별시,11,강서구,11500,대구광역시,27,7,40,4,6,8,10,5,4,62,34,5
20220409,서울특별시,11,강서구,11500,부산광역시,26,0,66,7,11,21,3,7,6,73,63,12
20220409,서울특별시,11,강서구,11500,서울특별시,11,23,290,62,62,106,34,41,23,351,181,51
20220409,서울특별시,11,강남구,11680,전라북도,45,0,34,13,0,32,0,6,5,207,7,0
20220409,서울특별시,11,강남구,11680,충청남도,44,4,49,38,11,50,0,59,12,336,9,11
20220409,서울특별시,11,강남구,11680,충청북도,43,0,25,9,4,22,0,49,8,280,3,6
20220409,서울특별시,11,강남구,11680,강원도,42,0,26,11,7,24,0,0,5,198,8,6
20220409,서울특별시,11,강남구,11680,경기도,41,46,789,266,86,417,62,108,106,3052,201,88
20220409,서울특별시,11,강남구,11680,세종특별자치시,36,0,7,4,0,8,0,35,0,88,6,4
20220409,서울특별시,11,강남구,11680,울산광역시,31,0,26,6,7,21,0,5,4,146,5,6
20220409,서울특별시,11,강남구,11680,대전광역시,30,5,33,15,8,34,0,84,6,259,13,11
20220409,서울특별시,11,강남구,11680,광주광역시,29,0,39,17,5,26,0,9,3,271,13,0
20220409,서울특별시,11,강남구,11680,인천광역시,28,7,78,20,31,84,3,28,16,449,19,16
20220409,서울특별시,11,강남구,11680,대구광역시,27,6,78,20,8,56,6,8,7,367,14,9
20220409,서울특별시,11,중구,11140,제주특별자치도,50,10,9,0,0,19,0,5,0,12,51,0
20220409,서울특별시,11,중구,11140,경상남도,48,10,39,0,10,21,3,32,0,38,280,10
20220409,서울특별시,11,중구,11140,경상북도,47,9,29,0,7,24,6,32,0,26,167,6
20220409,서울특별시,11,중구,11140,전라남도,46,3,11,0,8,14,0,21,0,19,115,5
20220409,서울특별시,11,중구,11140,전라북도,45,7,16,0,7,21,0,24,4,24,136,10
20220409,서울특별시,11,중구,11140,충청남도,44,7,24,0,7,36,0,25,3,40,177,4
20220409,서울특별시,11,중구,11140,충청북도,43,3,30,7,12,24,4,22,0,31,138,12
20220409,서울특별시,11,중구,11140,강원도,42,16,12,0,5,23,0,13,5,23,161,4
20220409,서울특별시,11,중구,11140,경기도,41,41,275,34,51,307,29,160,20,387,1315,63
20220409,서울특별시,11,중구,11140,세종특별자치시,36,0,4,0,0,3,0,4,0,4,32,0
20220409,서울특별시,11,중구,11140,울산광역시,31,3,10,0,4,6,0,11,0,18,114,3
20220409,서울특별시,11,중구,11140,대전광역시,30,4,22,0,4,15,0,20,0,31,154,7
20220409,서울특별시,11,중구,11140,광주광역시,29,4,21,0,7,17,0,23,4,40,142,4
20220409,서울특별시,11,중구,11140,인천광역시,28,6,44,0,6,33,0,28,6,60,260,14
20220409,서울특별시,11,중구,11140,대구광역시,27,9,39,0,3,20,0,27,0,35,213,10
20220409,서울특별시,11,중구,11140,부산광역시,26,8,43,3,9,31,6,39,4,68,358,19
20220409,서울특별시,11,중구,11140,서울특별시,11,37,228,32,31,240,9,69,12,321,986,65
20220409,서울특별시,11,동작구,11590,경기도,41,14,160,114,49,89,37,44,10,572,89,30
20220409,서울특별시,11,동작구,11590,강원도,42,0,8,10,0,4,0,4,0,7,0,0
20220409,서울특별시,11,동작구,11590,충청북도,43,0,11,6,8,7,0,3,0,37,0,0
20220409,서울특별시,11,동작구,11590,충청남도,44,0,15,23,6,6,0,7,3,15,0,0
20220409,서울특별시,11,용산구,11170,전라남도,46,0,3,0,6,0,0,12,0,5,0,0
20220409,서울특별시,11,용산구,11170,전라북도,45,0,0,5,10,0,0,4,0,9,0,0
20220409,서울특별시,11,용산구,11170,제주특별자치도,50,0,0,3,0,0,0,0,0,5,0,0
20220409,서울특별시,11,강남구,11680,부산광역시,26,0,67,27,17,82,9,9,8,461,27,32
20220409,서울특별시,11,강남구,11680,서울특별시,11,37,455,152,82,344,17,161,31,1794,134,536
20220409,서울특별시,11,영등포구,11560,서울특별시,11,22,327,45,68,158,24,179,20,267,72,91
20220409,서울특별시,11,영등포구,11560,부산광역시,26,0,85,6,19,11,6,25,0,41,20,16
20220409,서울특별시,11,영등포구,11560,대구광역시,27,3,55,3,8,10,0,9,4,29,7,17
20220409,서울특별시,11,영등포구,11560,인천광역시,28,0,79,7,20,21,6,28,12,23,6,22
20220409,서울특별시,11,영등포구,11560,광주광역시,29,0,24,4,6,10,0,6,0,13,0,7
20220409,서울특별시,11,영등포구,11560,대전광역시,30,0,49,3,7,5,0,5,0,9,3,12
20220409,서울특별시,11,영등포구,11560,울산광역시,31,5,25,3,4,8,0,12,0,11,0,0
20220409,서울특별시,11,영등포구,11560,세종특별자치시,36,0,9,0,0,3,0,0,0,4,0,0
20220409,서울특별시,11,영등포구,11560,경기도,41,33,417,48,93,213,65,188,37,548,89,119
20220409,서울특별시,11,영등포구,11560,강원도,42,0,32,3,5,16,0,17,0,9,0,12
20220409,서울특별시,11,영등포구,11560,충청북도,43,0,39,8,0,8,7,19,0,32,0,14
20220409,서울특별시,11,영등포구,11560,충청남도,44,0,60,12,16,8,0,31,5,11,6,12
20220409,서울특별시,11,영등포구,11560,전라북도,45,0,45,3,0,7,0,12,0,13,0,4
20220409,서울특별시,11,영등포구,11560,전라남도,46,0,39,3,3,18,3,14,0,4,0,9
20220409,서울특별시,11,영등포구,11560,경상북도,47,0,45,3,4,14,0,26,0,10,3,13
20220409,서울특별시,11,영등포구,11560,경상남도,48,9,68,3,12,20,5,23,3,18,17,21
20220409,서울특별시,11,영등포구,11560,제주특별자치도,50,0,23,0,0,0,0,4,0,0,0,3
20220409,서울특별시,11,용산구,11170,경상남도,48,0,22,4,13,0,0,17,0,12,3,0
20220409,서울특별시,11,광진구,11215,제주특별자치도,50,0,0,0,0,0,0,5,0,0,0,0
20220409,서울특별시,11,광진구,11215,경상남도,48,3,43,3,10,0,0,5,0,11,8,0
20220409,서울특별시,11,광진구,11215,경상북도,47,0,31,3,6,5,0,4,0,8,7,0
20220409,서울특별시,11,광진구,11215,전라남도,46,0,23,3,8,0,0,5,0,4,4,0
20220409,서울특별시,11,광진구,11215,전라북도,45,0,23,3,5,4,0,3,0,20,0,0
20220409,서울특별시,11,광진구,11215,충청남도,44,0,41,11,22,4,0,8,0,5,7,0
20220409,서울특별시,11,광진구,11215,충청북도,43,5,28,5,13,4,0,0,0,33,6,0
20220409,서울특별시,11,광진구,11215,강원도,42,0,22,3,7,0,0,3,0,5,0,0
20220409,서울특별시,11,광진구,11215,경기도,41,21,304,59,69,73,29,28,10,426,122,29
20220409,서울특별시,11,광진구,11215,세종특별자치시,36,0,12,3,0,0,0,0,0,0,0,0
20220409,서울특별시,11,광진구,11215,울산광역시,31,0,19,6,5,0,0,0,0,4,3,0
20220409,서울특별시,11,광진구,11215,대전광역시,30,0,32,3,3,3,0,0,0,9,8,0
20220409,서울특별시,11,광진구,11215,광주광역시,29,0,30,0,3,3,0,0,0,6,8,0
20220409,서울특별시,11,광진구,11215,인천광역시,28,0,52,6,17,9,3,7,4,27,23,0
20220409,서울특별시,11,광진구,11215,대구광역시,27,3,46,5,13,4,0,0,0,18,15,0
20220409,서울특별시,11,광진구,11215,부산광역시,26,3,72,4,14,0,0,10,0,29,19,0
20220409,서울특별시,11,광진구,11215,서울특별시,11,9,273,33,65,29,12,25,5,222,101,10
20220409,서울특별시,11,노원구,11350,제주특별자치도,50,0,0,0,0,0,0,0,0,0,0,0
20220409,서울특별시,11,노원구,11350,경상남도,48,0,11,4,4,4,3,0,0,10,9,0
20220409,서울특별시,11,노원구,11350,경상북도,47,0,21,6,0,0,0,3,0,11,6,0
20220409,서울특별시,11,노원구,11350,전라남도,46,0,5,8,0,3,0,0,0,5,3,0
20220409,서울특별시,11,노원구,11350,전라북도,45,0,7,0,3,0,0,0,0,24,0,0
20220409,서울특별시,11,노원구,11350,충청남도,44,0,11,8,8,4,0,0,0,9,5,0
20220409,서울특별시,11,노원구,11350,충청북도,43,0,7,4,3,3,0,0,0,38,3,0
20220409,서울특별시,11,노원구,11350,강원도,42,0,10,0,4,0,0,0,0,4,0,0
20220409,서울특별시,11,노원구,11350,경기도,41,16,182,38,59,94,45,30,12,628,91,45
20220409,서울특별시,11,노원구,11350,세종특별자치시,36,0,0,0,0,0,0,0,0,0,3,0
20220409,서울특별시,11,노원구,11350,울산광역시,31,0,5,0,4,0,0,0,0,6,4,0
20220409,서울특별시,11,노원구,11350,대전광역시,30,0,9,3,3,4,0,7,0,5,5,0
20220409,서울특별시,11,노원구,11350,광주광역시,29,0,4,3,3,0,0,0,0,7,0,0
20220409,서울특별시,11,노원구,11350,인천광역시,28,0,21,5,7,10,3,5,0,36,7,4
20220409,서울특별시,11,노원구,11350,대구광역시,27,8,11,3,0,4,0,0,0,16,7,0
20220409,서울특별시,11,노원구,11350,부산광역시,26,0,17,4,0,9,0,0,0,30,26,0
20220409,서울특별시,11,노원구,11350,서울특별시,11,3,137,36,31,26,7,22,5,224,60,15
20220409,서울특별시,11,용산구,11170,경상북도,47,0,4,0,11,0,0,9,0,8,0,0
20220409,서울특별시,11,성북구,11290,서울특별시,11,6,288,191,57,73,18,147,13,703,187,486
20220409,서울특별시,11,성북구,11290,부산광역시,26,0,47,30,7,3,4,152,3,190,45,4
20220409,서울특별시,11,성북구,11290,대구광역시,27,5,40,20,7,4,0,86,0,121,12,4
20220409,서울특별시,11,성북구,11290,인천광역시,28,0,53,19,10,9,4,18,7,204,36,20
20220409,서울특별시,11,성북구,11290,광주광역시,29,0,23,11,5,0,0,62,0,86,12,4
20220409,서울특별시,11,성북구,11290,대전광역시,30,0,20,10,0,4,0,43,0,82,12,7
20220409,서울특별시,11,성북구,11290,울산광역시,31,0,24,15,0,0,3,46,0,62,8,0
20220409,서울특별시,11,성북구,11290,세종특별자치시,36,0,4,3,0,0,0,23,0,36,8,0
20220409,서울특별시,11,성북구,11290,경기도,41,22,357,152,54,93,59,73,22,1253,224,61
20220409,서울특별시,11,성북구,11290,강원도,42,0,22,3,0,0,0,30,0,83,15,0
20220409,서울특별시,11,성북구,11290,충청북도,43,0,17,9,0,11,5,34,0,110,9,5
20220409,서울특별시,11,관악구,11620,제주특별자치도,50,0,5,3,0,0,0,4,0,4,0,7
20220409,서울특별시,11,성북구,11290,충청남도,44,0,41,28,9,4,0,39,4,88,14,6
20220409,서울특별시,11,관악구,11620,경상남도,48,4,13,7,6,12,0,8,0,32,13,47
20220409,서울특별시,11,관악구,11620,경상북도,47,0,18,0,4,8,4,4,0,21,3,31
20220409,서울특별시,11,관악구,11620,전라남도,46,0,11,5,0,7,0,3,0,20,0,30
20220409,서울특별시,11,관악구,11620,전라북도,45,0,10,13,4,5,0,3,3,39,0,20
20220409,서울특별시,11,관악구,11620,충청남도,44,0,14,12,8,7,0,4,0,19,4,31
20220409,서울특별시,11,관악구,11620,충청북도,43,0,10,10,8,8,0,6,0,37,0,31
20220409,서울특별시,11,관악구,11620,강원도,42,0,7,7,5,0,0,3,3,14,0,24
20220409,서울특별시,11,관악구,11620,경기도,41,41,232,135,72,104,56,47,12,604,91,222
20220409,서울특별시,11,관악구,11620,세종특별자치시,36,0,0,0,0,0,0,0,0,0,0,7
20220409,서울특별시,11,관악구,11620,울산광역시,31,0,6,8,4,9,0,0,0,11,0,22
20220409,서울특별시,11,관악구,11620,대전광역시,30,0,19,11,4,4,0,3,0,16,3,18
20220409,서울특별시,11,동작구,11590,전라북도,45,0,5,10,0,0,0,6,0,19,0,0
20220409,서울특별시,11,동작구,11590,전라남도,46,0,9,12,0,0,0,4,0,7,0,0
20220409,서울특별시,11,동작구,11590,경상북도,47,0,12,15,3,7,0,11,0,8,0,0
20220409,서울특별시,11,서대문구,11410,서울특별시,11,4,142,918,33,23,15,35,0,185,49,0
20220409,서울특별시,11,서대문구,11410,부산광역시,26,0,20,13,0,0,0,0,0,27,18,0
20220409,서울특별시,11,서대문구,11410,대구광역시,27,0,11,4,3,0,0,0,0,16,0,0
20220409,서울특별시,11,서대문구,11410,인천광역시,28,0,26,19,12,8,0,6,0,27,10,0
20220409,서울특별시,11,서대문구,11410,광주광역시,29,0,8,5,0,0,3,0,0,10,0,0
20220409,서울특별시,11,서대문구,11410,대전광역시,30,0,8,4,0,0,0,0,0,7,0,0
20220409,서울특별시,11,서대문구,11410,울산광역시,31,0,0,0,0,0,0,0,0,0,0,0
20220409,서울특별시,11,서대문구,11410,세종특별자치시,36,0,0,0,0,0,0,0,0,0,0,0
20220409,서울특별시,11,서대문구,11410,경기도,41,13,260,210,35,46,41,27,8,411,70,22
20220409,서울특별시,11,서대문구,11410,강원도,42,0,10,0,0,0,0,6,0,8,0,0
20220409,서울특별시,11,서대문구,11410,충청북도,43,0,9,3,0,0,0,3,0,21,4,0
20220409,서울특별시,11,서대문구,11410,충청남도,44,0,7,8,4,0,0,0,3,4,0,0
20220409,서울특별시,11,서대문구,11410,전라북도,45,0,6,0,0,0,0,3,0,14,0,0
20220409,서울특별시,11,서대문구,11410,전라남도,46,0,3,0,3,0,0,4,0,5,0,0
20220409,서울특별시,11,서대문구,11410,경상북도,47,0,12,0,0,3,0,0,0,4,0,0
20220409,서울특별시,11,서대문구,11410,경상남도,48,0,15,5,0,8,0,0,0,15,4,0
20220409,서울특별시,11,서대문구,11410,제주특별자치도,50,0,3,0,0,0,0,3,0,3,0,0
20220409,서울특별시,11,성북구,11290,전라북도,45,0,14,19,3,0,0,54,0,83,8,4
20220409,서울특별시,11,성북구,11290,전라남도,46,0,27,11,4,3,0,47,0,67,9,3
20220409,서울특별시,11,성북구,11290,경상북도,47,0,31,14,7,10,0,81,0,118,24,9
20220409,서울특별시,11,성북구,11290,경상남도,48,8,59,22,8,6,6,122,0,178,32,18
20220409,서울특별시,11,성북구,11290,제주특별자치도,50,0,7,6,0,0,0,6,0,20,3,0
20220409,서울특별시,11,금천구,11545,서울특별시,11,108,152,22,58,165,130,156,309,1748,775,321
20220409,서울특별시,11,금천구,11545,부산광역시,26,26,16,0,16,21,31,41,70,454,192,58
20220409,서울특별시,11,금천구,11545,대구광역시,27,25,9,0,8,23,23,17,86,409,159,61
20220409,서울특별시,11,금천구,11545,인천광역시,28,18,18,3,19,27,38,22,70,481,197,67
20220409,서울특별시,11,금천구,11545,광주광역시,29,12,4,0,0,14,22,12,47,305,92,24
20220409,서울특별시,11,금천구,11545,대전광역시,30,6,7,0,0,15,20,10,45,234,105,23
20220409,서울특별시,11,금천구,11545,울산광역시,31,6,5,0,0,11,11,6,35,214,64,24
20220409,서울특별시,11,금천구,11545,세종특별자치시,36,3,0,0,0,3,9,0,23,89,31,11
20220409,서울특별시,11,금천구,11545,경기도,41,138,159,19,69,150,189,168,450,2435,992,295
20220409,서울특별시,11,금천구,11545,강원도,42,7,9,0,3,17,24,6,49,239,109,16
20220409,서울특별시,11,금천구,11545,충청북도,43,15,5,0,0,13,22,12,41,256,106,32
20220409,서울특별시,11,금천구,11545,충청남도,44,14,13,3,4,19,22,16,80,320,137,38
20220409,서울특별시,11,금천구,11545,전라북도,45,5,10,0,4,9,17,18,37,250,87,29
20220409,서울특별시,11,금천구,11545,전라남도,46,8,7,0,3,10,21,13,31,273,99,31
20220409,서울특별시,11,금천구,11545,경상북도,47,20,7,0,10,14,38,19,54,303,142,33
20220409,서울특별시,11,금천구,11545,경상남도,48,20,13,0,3,22,31,15,93,464,186,53
20220409,서울특별시,11,금천구,11545,제주특별자치도,50,6,3,0,0,4,14,7,12,92,38,15
20220409,서울특별시,11,양천구,11470,제주특별자치도,50,0,0,0,0,0,0,0,0,0,0,0
20220409,서울특별시,11,양천구,11470,경상남도,48,0,9,9,0,8,6,3,0,11,9,0
20220409,서울특별시,11,양천구,11470,경상북도,47,0,16,5,3,3,0,0,0,7,0,3
20220409,서울특별시,11,양천구,11470,전라남도,46,0,5,4,0,0,0,0,0,0,0,0
20220409,서울특별시,11,양천구,11470,전라북도,45,0,8,0,0,0,0,3,0,22,0,0
20220409,서울특별시,11,양천구,11470,충청남도,44,0,8,16,12,0,0,0,3,7,0,0
20220409,서울특별시,11,양천구,11470,충청북도,43,0,7,0,0,4,0,0,0,32,0,0
20220409,서울특별시,11,양천구,11470,강원도,42,0,8,5,0,0,0,0,0,4,0,3
20220409,서울특별시,11,양천구,11470,경기도,41,16,172,50,54,84,63,32,11,590,95,30
20220409,서울특별시,11,양천구,11470,세종특별자치시,36,0,3,0,0,0,0,0,0,0,0,0
20220409,서울특별시,11,양천구,11470,울산광역시,31,0,0,0,0,0,0,0,0,8,0,0
20220409,서울특별시,11,양천구,11470,대전광역시,30,0,5,3,4,3,0,4,0,7,0,0
20220409,서울특별시,11,강북구,11305,세종특별자치시,36,0,0,0,0,0,0,0,0,0,0,0
20220409,서울특별시,11,강북구,11305,경기도,41,20,91,56,23,48,18,16,39,277,52,13
20220409,서울특별시,11,강북구,11305,강원도,42,4,3,0,0,4,0,0,4,6,0,0
20220409,서울특별시,11,강북구,11305,충청북도,43,0,8,0,0,4,0,3,4,28,0,0
20220409,서울특별시,11,강북구,11305,충청남도,44,0,5,6,3,3,0,0,5,6,0,0
20220409,서울특별시,11,마포구,11440,제주특별자치도,50,0,12,0,0,0,0,3,0,3,0,0
20220409,서울특별시,11,마포구,11440,경상남도,48,5,72,11,10,13,0,11,0,24,9,3
20220409,서울특별시,11,마포구,11440,경상북도,47,0,59,3,6,10,0,11,0,31,0,0
20220409,서울특별시,11,마포구,11440,전라북도,45,0,37,10,0,7,0,4,0,28,3,0
20220410,서울특별시,11,송파구,11710,서울특별시,11,18,86,128,0,91,0,77,77,7,0,0
20220410,서울특별시,11,송파구,11710,부산광역시,26,4,11,55,0,29,0,71,52,0,0,0
20220410,서울특별시,11,송파구,11710,대구광역시,27,4,5,31,0,23,0,115,38,0,0,0
20220410,서울특별시,11,송파구,11710,인천광역시,28,4,24,36,0,16,0,16,21,0,0,0
20220410,서울특별시,11,송파구,11710,광주광역시,29,0,8,27,0,25,0,257,38,0,0,0
20220410,서울특별시,11,송파구,11710,대전광역시,30,10,5,27,5,230,5,2359,36,0,11,43
20220410,서울특별시,11,송파구,11710,울산광역시,31,3,0,16,0,14,0,39,17,0,0,0
20220410,서울특별시,11,송파구,11710,세종특별자치시,36,0,0,4,0,65,0,927,19,0,4,20
20220410,서울특별시,11,송파구,11710,경기도,41,18,114,144,0,122,0,1010,113,10,5,5
20220410,서울특별시,11,송파구,11710,강원도,42,13,5,23,0,32,0,410,17,0,0,0
20220410,서울특별시,11,동대문구,11230,경상남도,48,0,0,0,0,0,0,0,0,0,0,0
20220410,서울특별시,11,동대문구,11230,경상북도,47,0,0,3,0,0,0,0,0,0,0,0
20220410,서울특별시,11,동대문구,11230,전라남도,46,0,0,0,0,0,0,0,0,0,0,0
20220410,서울특별시,11,동대문구,11230,전라북도,45,0,0,0,0,0,0,0,0,0,0,0
20220410,서울특별시,11,동대문구,11230,충청남도,44,0,3,4,0,0,0,0,0,0,0,0
20220410,서울특별시,11,동대문구,11230,충청북도,43,0,0,0,0,0,0,0,0,0,0,0
20220410,서울특별시,11,동대문구,11230,강원도,42,0,0,0,0,0,0,0,0,0,0,0
20220410,서울특별시,11,동대문구,11230,경기도,41,0,0,10,3,0,0,5,0,6,0,0
20220410,서울특별시,11,동대문구,11230,울산광역시,31,0,0,0,0,0,0,0,0,0,0,0
20220410,서울특별시,11,동대문구,11230,대전광역시,30,0,0,0,0,0,0,0,0,0,0,0
20220410,서울특별시,11,동대문구,11230,인천광역시,28,0,0,0,0,0,0,0,0,0,0,0
20220410,서울특별시,11,동대문구,11230,대구광역시,27,0,0,0,0,0,0,0,0,0,0,0
20220410,서울특별시,11,동대문구,11230,부산광역시,26,0,0,3,0,0,0,3,0,0,0,0
20220410,서울특별시,11,동대문구,11230,서울특별시,11,0,0,0,0,0,0,0,0,7,0,0
20220410,서울특별시,11,중구,11140,부산광역시,26,0,6,0,0,16,0,0,0,0,3,0
20220410,서울특별시,11,송파구,11710,충청북도,43,4,9,27,4,98,0,1294,23,0,4,18
20220410,서울특별시,11,송파구,11710,충청남도,44,6,10,27,6,125,3,1634,37,0,0,21
20220410,서울특별시,11,송파구,11710,전라북도,45,0,11,30,0,22,0,316,23,0,0,0
20220410,서울특별시,11,중구,11140,서울특별시,11,0,43,0,0,55,0,0,0,0,8,0
20220410,서울특별시,11,서대문구,11410,강원도,42,0,0,0,0,0,0,0,0,0,0,0
20220410,서울특별시,11,광진구,11215,서울특별시,11,0,126,0,0,0,0,0,0,0,0,0
20220410,서울특별시,11,노원구,11350,서울특별시,11,0,0,0,0,23,0,4,0,0,0,9
20220410,서울특별시,11,노원구,11350,부산광역시,26,0,0,0,0,7,0,0,0,0,0,4
20220410,서울특별시,11,노원구,11350,대구광역시,27,0,0,0,0,0,0,0,0,0,0,4
20220410,서울특별시,11,노원구,11350,인천광역시,28,0,0,0,0,0,0,0,0,0,0,0
20220410,서울특별시,11,중랑구,11260,서울특별시,11,0,0,0,0,0,0,0,0,0,0,0
20220410,서울특별시,11,중랑구,11260,인천광역시,28,0,0,0,0,0,0,0,0,0,0,0
20220410,서울특별시,11,중랑구,11260,울산광역시,31,0,0,0,0,0,0,0,0,0,0,0
20220410,서울특별시,11,중랑구,11260,충청북도,43,0,0,0,0,0,0,0,0,0,0,0
20220410,서울특별시,11,중랑구,11260,경상북도,47,0,0,0,0,0,0,0,0,0,0,0
20220410,서울특별시,11,은평구,11380,인천광역시,28,0,0,0,0,0,0,0,0,0,0,0
20220410,서울특별시,11,은평구,11380,경기도,41,0,0,0,0,0,0,0,0,0,0,0
20220410,서울특별시,11,은평구,11380,경상남도,48,0,0,0,0,0,0,0,0,0,0,0
20220410,서울특별시,11,중랑구,11260,경기도,41,0,0,0,0,0,0,0,0,0,0,0
20220410,서울특별시,11,송파구,11710,전라남도,46,0,11,47,0,23,0,184,40,0,0,3
20220410,서울특별시,11,송파구,11710,경상북도,47,0,35,28,0,29,0,415,30,3,0,0
20220410,서울특별시,11,송파구,11710,경상남도,48,3,17,52,0,33,0,441,43,0,0,3
20220410,서울특별시,11,송파구,11710,제주특별자치도,50,0,3,9,0,3,0,0,5,0,0,0
20220410,서울특별시,11,서초구,11650,제주특별자치도,50,0,0,0,0,0,0,0,0,3,0,0
20220410,서울특별시,11,서초구,11650,경상남도,48,0,0,0,0,0,0,0,0,10,0,0
20220410,서울특별시,11,서초구,11650,경상북도,47,0,0,0,0,0,0,0,0,9,0,0
20220410,서울특별시,11,서초구,11650,전라남도,46,0,0,0,0,0,0,0,0,4,0,0
20220410,서울특별시,11,서초구,11650,전라북도,45,0,0,0,0,0,0,0,0,3,0,0
20220410,서울특별시,11,서초구,11650,충청남도,44,0,0,0,0,0,0,0,0,9,0,0
20220410,서울특별시,11,서초구,11650,충청북도,43,0,0,0,0,0,0,0,0,3,0,0
20220410,서울특별시,11,서초구,11650,강원도,42,0,0,0,0,0,0,0,0,9,0,0
20220410,서울특별시,11,서초구,11650,경기도,41,0,0,0,0,0,0,0,0,48,0,0
20220410,서울특별시,11,서초구,11650,세종특별자치시,36,0,0,0,0,0,0,0,0,0,0,0
20220410,서울특별시,11,서초구,11650,울산광역시,31,0,0,0,0,0,0,0,0,5,0,0
20220410,서울특별시,11,노원구,11350,광주광역시,29,0,0,0,0,0,0,0,0,0,0,0
20220410,서울특별시,11,서초구,11650,대전광역시,30,0,0,0,0,0,0,0,0,6,0,0
20220410,서울특별시,11,서초구,11650,광주광역시,29,0,0,0,0,0,0,0,0,10,0,0
20220410,서울특별시,11,서초구,11650,인천광역시,28,0,0,0,0,0,0,0,0,16,0,0
20220410,서울특별시,11,서초구,11650,대구광역시,27,0,0,0,0,0,0,0,0,10,0,0
20220410,서울특별시,11,서초구,11650,부산광역시,26,0,0,0,0,0,0,0,0,7,0,0
20220410,서울특별시,11,서초구,11650,서울특별시,11,0,49,0,0,8,0,150,0,38,0,0
20220410,서울특별시,11,종로구,11110,제주특별자치도,50,0,0,0,0,8,0,0,0,0,0,0
20220410,서울특별시,11,종로구,11110,경상남도,48,0,9,0,0,28,0,0,0,0,0,0
20220410,서울특별시,11,종로구,11110,경상북도,47,0,3,6,0,14,0,0,0,0,0,0
20220410,서울특별시,11,종로구,11110,전라남도,46,0,4,4,0,13,0,0,0,0,0,0
20220410,서울특별시,11,종로구,11110,전라북도,45,0,4,0,0,13,0,0,0,0,0,0
20220410,서울특별시,11,종로구,11110,충청남도,44,0,7,4,0,17,0,0,0,0,0,0
20220410,서울특별시,11,종로구,11110,충청북도,43,0,4,4,0,18,0,0,0,0,0,0
20220410,서울특별시,11,종로구,11110,강원도,42,0,3,5,0,22,0,0,0,0,0,0
20220410,서울특별시,11,종로구,11110,경기도,41,0,31,26,0,170,0,0,0,8,9,0
20220410,서울특별시,11,종로구,11110,세종특별자치시,36,0,0,0,0,7,0,0,0,0,0,0
20220410,서울특별시,11,종로구,11110,울산광역시,31,0,3,3,0,12,0,0,0,0,0,0
20220410,서울특별시,11,종로구,11110,대전광역시,30,0,3,6,0,26,0,0,0,0,0,0
20220410,서울특별시,11,종로구,11110,광주광역시,29,0,4,0,0,21,0,0,0,0,0,0
20220410,서울특별시,11,종로구,11110,인천광역시,28,0,10,8,0,45,0,0,0,3,0,0
20220410,서울특별시,11,종로구,11110,대구광역시,27,0,6,6,0,35,0,0,0,0,0,0
20220410,서울특별시,11,종로구,11110,부산광역시,26,0,11,5,0,35,0,0,0,0,0,0
20220410,서울특별시,11,종로구,11110,서울특별시,11,0,36,45,0,227,0,0,0,5,7,0
20220410,서울특별시,11,구로구,11530,세종특별자치시,36,0,11,0,0,0,0,0,0,12,9,0
20220410,서울특별시,11,구로구,11530,경기도,41,0,308,0,17,0,0,0,18,322,87,0
20220410,서울특별시,11,구로구,11530,강원도,42,0,17,0,3,0,0,0,4,24,9,0
20220410,서울특별시,11,구로구,11530,충청북도,43,0,29,0,5,0,0,0,0,35,8,0
20220410,서울특별시,11,구로구,11530,충청남도,44,0,47,0,3,0,0,0,4,54,22,0
20220410,서울특별시,11,구로구,11530,전라북도,45,0,39,0,0,0,0,0,0,46,12,0
20220410,서울특별시,11,구로구,11530,전라남도,46,0,27,0,0,0,0,0,0,30,7,0
20220410,서울특별시,11,구로구,11530,경상북도,47,0,35,0,0,0,0,0,4,48,10,0
20220410,서울특별시,11,구로구,11530,경상남도,48,0,53,0,0,0,0,0,0,53,17,0
20220410,서울특별시,11,구로구,11530,제주특별자치도,50,0,4,0,0,0,0,0,0,6,0,0
20220410,서울특별시,11,중구,11140,제주특별자치도,50,0,0,0,0,3,0,0,0,0,0,0
20220410,서울특별시,11,중구,11140,경상남도,48,0,5,0,0,23,0,0,0,0,0,0
20220410,서울특별시,11,강서구,11500,제주특별자치도,50,0,0,0,0,0,0,11,0,0,0,3
20220410,서울특별시,11,강서구,11500,경상남도,48,3,6,0,8,309,175,149,11,628,99,144
20220410,서울특별시,11,강서구,11500,경상북도,47,0,10,0,14,240,262,174,7,966,165,215
20220410,서울특별시,11,강서구,11500,전라남도,46,0,8,0,29,160,288,147,6,810,112,130
20220410,서울특별시,11,강서구,11500,전라북도,45,0,0,0,5,147,107,65,3,344,58,84
20220410,서울특별시,11,노원구,11350,대전광역시,30,0,0,0,0,0,0,0,0,0,0,0
20220410,서울특별시,11,노원구,11350,울산광역시,31,0,0,0,0,3,0,0,0,0,0,0
20220410,서울특별시,11,노원구,11350,세종특별자치시,36,0,0,0,0,0,0,0,0,0,0,3
20220410,서울특별시,11,노원구,11350,경기도,41,0,0,0,0,33,0,0,0,0,0,16
20220410,서울특별시,11,노원구,11350,강원도,42,0,0,0,0,0,0,0,0,0,0,0
20220410,서울특별시,11,노원구,11350,충청북도,43,0,0,0,0,5,0,0,0,0,0,0
20220410,서울특별시,11,노원구,11350,충청남도,44,0,0,0,0,0,0,0,0,0,0,0
20220410,서울특별시,11,노원구,11350,전라북도,45,0,0,0,0,9,0,0,0,0,0,0
20220410,서울특별시,11,노원구,11350,전라남도,46,0,0,0,0,6,0,0,0,0,0,0
20220410,서울특별시,11,관악구,11620,부산광역시,26,0,0,0,0,0,0,0,0,0,0,0
20220410,서울특별시,11,관악구,11620,인천광역시,28,3,0,0,0,4,0,0,0,0,0,0
20220410,서울특별시,11,광진구,11215,대구광역시,27,0,48,0,0,0,0,0,0,0,0,0
20220410,서울특별시,11,광진구,11215,부산광역시,26,0,49,0,0,0,0,0,0,0,0,0
20220410,서울특별시,11,관악구,11620,세종특별자치시,36,0,0,0,0,0,0,0,0,0,0,0
20220410,서울특별시,11,관악구,11620,경기도,41,0,0,0,3,6,0,7,0,0,0,0
20220410,서울특별시,11,관악구,11620,강원도,42,0,0,0,0,0,0,0,0,0,0,0
20220410,서울특별시,11,관악구,11620,충청남도,44,0,0,0,0,0,0,0,0,0,0,0
20220410,서울특별시,11,관악구,11620,전라북도,45,0,0,0,0,0,0,0,0,0,0,0
20220410,서울특별시,11,관악구,11620,전라남도,46,0,0,0,0,0,0,0,0,0,0,0
20220410,서울특별시,11,관악구,11620,경상북도,47,0,0,0,0,0,0,0,0,0,0,0
20220410,서울특별시,11,관악구,11620,경상남도,48,0,0,0,0,0,0,0,0,0,0,0
20220410,서울특별시,11,관악구,11620,제주특별자치도,50,0,3,0,0,0,0,0,0,0,0,0
20220410,서울특별시,11,강남구,11680,서울특별시,11,0,17,4,0,101,0,18,4,9,0,77
20220410,서울특별시,11,강남구,11680,부산광역시,26,0,4,0,0,16,0,9,0,0,0,9
20220410,서울특별시,11,강남구,11680,대구광역시,27,0,4,0,0,14,0,3,0,4,0,4
20220410,서울특별시,11,강남구,11680,인천광역시,28,0,8,0,0,17,0,8,0,0,0,12
20220410,서울특별시,11,강남구,11680,광주광역시,29,0,0,0,0,4,0,4,0,0,0,9
20220410,서울특별시,11,강서구,11500,충청남도,44,0,5,0,11,164,196,120,6,707,116,168
20220410,서울특별시,11,강남구,11680,대전광역시,30,0,3,0,0,10,0,5,0,5,0,5
20220410,서울특별시,11,강남구,11680,울산광역시,31,0,0,0,0,7,0,0,0,0,0,3
20220410,서울특별시,11,강남구,11680,세종특별자치시,36,0,0,0,0,0,0,0,0,0,0,3
20220410,서울특별시,11,강남구,11680,경기도,41,0,27,0,0,80,0,34,0,15,0,45
20220410,서울특별시,11,강남구,11680,강원도,42,0,6,0,0,8,0,5,0,0,0,6
20220410,서울특별시,11,강남구,11680,충청북도,43,0,0,0,0,14,0,3,0,0,0,3
20220410,서울특별시,11,강남구,11680,충청남도,44,0,0,0,0,10,0,11,0,0,0,5
20220410,서울특별시,11,강남구,11680,전라북도,45,0,0,0,0,7,0,9,0,3,0,4
20220410,서울특별시,11,강남구,11680,전라남도,46,0,3,0,0,10,0,6,0,0,0,7
20220410,서울특별시,11,강남구,11680,경상북도,47,0,0,0,0,13,0,10,0,0,0,8
20220410,서울특별시,11,성동구,11200,경상북도,47,0,0,0,0,0,0,0,0,0,0,0
20220410,서울특별시,11,성동구,11200,전라남도,46,0,0,0,0,0,0,0,0,0,0,0
20220410,서울특별시,11,성동구,11200,충청북도,43,0,0,0,0,0,0,0,0,0,0,0
20220410,서울특별시,11,성동구,11200,강원도,42,0,0,0,0,0,0,0,0,0,0,0
20220410,서울특별시,11,성동구,11200,경기도,41,0,0,0,0,0,0,5,0,0,0,0
20220410,서울특별시,11,성동구,11200,세종특별자치시,36,0,0,0,0,0,0,0,0,0,0,0
20220410,서울특별시,11,성동구,11200,대전광역시,30,0,0,0,0,0,0,0,0,0,0,0
20220410,서울특별시,11,동작구,11590,서울특별시,11,0,0,0,0,0,0,0,0,0,0,0
20220410,서울특별시,11,동작구,11590,경기도,41,0,0,0,0,0,0,0,0,4,0,0
20220410,서울특별시,11,동작구,11590,충청북도,43,0,0,0,0,0,0,0,0,0,0,0
20220410,서울특별시,11,동작구,11590,전라북도,45,0,0,0,0,0,0,0,0,0,0,0
20220410,서울특별시,11,성동구,11200,광주광역시,29,0,0,0,0,0,0,0,0,0,0,0
20220410,서울특별시,11,성동구,11200,부산광역시,26,0,0,0,0,0,0,0,0,0,0,0
20220410,서울특별시,11,성동구,11200,서울특별시,11,0,0,0,0,0,0,0,0,0,0,0
20220410,서울특별시,11,강남구,11680,경상남도,48,0,6,0,0,16,0,7,0,0,0,12
20220410,서울특별시,11,강남구,11680,제주특별자치도,50,0,0,0,0,0,0,0,0,0,0,0
20220410,서울특별시,11,강서구,11500,충청북도,43,0,7,0,10,162,222,129,9,817,136,154
20220410,서울특별시,11,강서구,11500,강원도,42,0,5,0,7,202,309,178,7,1121,183,206
20220410,서울특별시,11,강서구,11500,경기도,41,4,24,0,12,1071,359,411,19,1206,248,493
20220410,서울특별시,11,강서구,11500,세종특별자치시,36,0,0,0,0,21,38,23,0,77,12,15
20220410,서울특별시,11,강서구,11500,울산광역시,31,0,0,0,0,67,0,18,0,0,0,7
20220410,서울특별시,11,강서구,11500,대전광역시,30,0,0,0,0,90,8,15,0,3,0,21
20220410,서울특별시,11,강서구,11500,광주광역시,29,0,0,0,0,121,11,23,3,42,12,32
20220410,서울특별시,11,강서구,11500,인천광역시,28,0,0,0,0,219,0,53,3,3,5,50
20220410,서울특별시,11,강서구,11500,대구광역시,27,0,0,0,0,141,0,44,0,0,5,41
20220410,서울특별시,11,강서구,11500,부산광역시,26,0,6,0,0,238,0,63,0,4,4,47
20220410,서울특별시,11,강서구,11500,서울특별시,11,8,10,3,8,552,56,221,8,211,57,246
20220410,서울특별시,11,노원구,11350,경상북도,47,0,0,0,0,5,0,0,0,0,0,4
20220410,서울특별시,11,노원구,11350,경상남도,48,0,0,0,0,19,0,0,0,0,0,9
20220410,서울특별시,11,광진구,11215,인천광역시,28,0,44,0,0,0,0,0,0,0,0,0
20220410,서울특별시,11,광진구,11215,광주광역시,29,0,27,0,0,0,0,0,0,0,0,0
20220410,서울특별시,11,광진구,11215,대전광역시,30,0,26,0,0,0,0,0,0,0,0,0
20220410,서울특별시,11,광진구,11215,울산광역시,31,0,33,0,0,0,0,0,0,0,0,0
20220410,서울특별시,11,광진구,11215,세종특별자치시,36,0,11,0,0,0,0,0,0,0,0,0
20220410,서울특별시,11,광진구,11215,경기도,41,0,164,0,0,0,0,0,0,0,0,0
20220410,서울특별시,11,광진구,11215,강원도,42,0,9,0,0,0,0,0,0,0,0,0
20220410,서울특별시,11,광진구,11215,충청북도,43,0,19,0,0,0,0,0,0,0,0,0
20220410,서울특별시,11,광진구,11215,충청남도,44,0,27,0,0,0,0,0,0,0,0,0
20220410,서울특별시,11,광진구,11215,전라북도,45,0,21,0,0,0,0,0,0,0,0,0
20220410,서울특별시,11,광진구,11215,전라남도,46,0,19,0,0,0,0,0,0,0,0,0
20220410,서울특별시,11,마포구,11440,경상북도,47,0,0,0,0,0,0,0,0,0,0,0
20220410,서울특별시,11,마포구,11440,충청북도,43,0,0,0,0,0,0,0,0,0,0,0
20220410,서울특별시,11,마포구,11440,강원도,42,0,0,0,0,0,0,0,0,0,0,0
20220410,서울특별시,11,마포구,11440,경기도,41,0,0,0,0,8,0,0,0,0,0,0
20220410,서울특별시,11,마포구,11440,울산광역시,31,0,0,0,0,0,0,0,0,0,0,0
20220410,서울특별시,11,마포구,11440,대전광역시,30,0,0,0,0,0,0,0,0,0,0,0
20220410,서울특별시,11,마포구,11440,광주광역시,29,0,0,0,0,0,0,0,0,0,0,0
20220410,서울특별시,11,마포구,11440,인천광역시,28,0,0,0,0,3,0,0,0,0,0,0
20220410,서울특별시,11,마포구,11440,대구광역시,27,0,0,0,0,0,0,0,0,0,0,0
20220410,서울특별시,11,마포구,11440,부산광역시,26,0,0,0,0,0,0,0,0,0,0,0
20220410,서울특별시,11,광진구,11215,경상북도,47,0,39,0,0,0,0,0,0,0,0,0
20220410,서울특별시,11,광진구,11215,경상남도,48,0,35,0,0,0,0,0,0,0,0,0
20220410,서울특별시,11,광진구,11215,제주특별자치도,50,0,0,0,0,0,0,0,0,0,0,0
20220410,서울특별시,11,중구,11140,경상북도,47,0,4,0,0,23,0,0,0,0,0,0
20220410,서울특별시,11,중구,11140,전라남도,46,0,0,0,0,23,0,0,0,0,0,0
20220410,서울특별시,11,중구,11140,전라북도,45,0,4,0,0,14,0,0,0,0,0,0
20220410,서울특별시,11,중구,11140,충청남도,44,0,0,0,0,14,0,0,0,0,3,0
20220410,서울특별시,11,중구,11140,충청북도,43,0,0,0,0,15,0,0,0,0,0,0
20220410,서울특별시,11,중구,11140,강원도,42,0,4,0,0,13,0,0,0,0,3,0
20220410,서울특별시,11,중구,11140,경기도,41,0,22,0,6,92,0,0,0,0,14,0
20220410,서울특별시,11,중구,11140,세종특별자치시,36,0,0,0,0,0,0,0,0,0,0,0
20220410,서울특별시,11,중구,11140,울산광역시,31,0,3,0,0,5,0,0,0,0,0,0
20220410,서울특별시,11,중구,11140,대전광역시,30,0,4,0,0,13,0,0,0,0,4,0
20220410,서울특별시,11,중구,11140,광주광역시,29,0,0,0,0,7,0,0,0,0,0,0
20220410,서울특별시,11,중구,11140,인천광역시,28,0,7,0,0,16,0,0,0,0,0,0
20220410,서울특별시,11,중구,11140,대구광역시,27,0,3,0,3,8,0,0,0,0,0,0
20220410,서울특별시,11,양천구,11470,서울특별시,11,0,0,0,0,29,0,0,0,0,0,0
20220410,서울특별시,11,양천구,11470,인천광역시,28,0,0,0,0,0,0,0,0,0,0,0
20220410,서울특별시,11,양천구,11470,경기도,41,0,0,0,0,18,0,0,0,0,0,0
20220410,서울특별시,11,양천구,11470,충청북도,43,0,0,0,0,0,0,0,0,0,0,0
20220410,서울특별시,11,용산구,11170,서울특별시,11,0,5,0,53,0,0,0,0,3,0,0
20220410,서울특별시,11,용산구,11170,부산광역시,26,0,0,0,19,0,0,0,0,0,0,0
20220410,서울특별시,11,용산구,11170,대구광역시,27,0,0,0,13,0,0,0,0,0,0,0
20220410,서울특별시,11,용산구,11170,인천광역시,28,0,0,0,25,0,0,0,0,0,0,0
20220410,서울특별시,11,용산구,11170,광주광역시,29,0,0,0,11,0,0,0,0,0,0,0
20220410,서울특별시,11,용산구,11170,대전광역시,30,0,0,0,10,0,0,0,0,0,0,0
20220410,서울특별시,11,용산구,11170,울산광역시,31,0,0,0,7,0,0,0,0,0,0,0
20220410,서울특별시,11,용산구,11170,세종특별자치시,36,0,0,0,5,0,0,0,0,0,0,0
20220410,서울특별시,11,영등포구,11560,서울특별시,11,0,0,0,0,0,0,0,0,0,0,0
20220410,서울특별시,11,영등포구,11560,대구광역시,27,0,0,0,0,0,0,0,0,0,0,0
20220410,서울특별시,11,영등포구,11560,대전광역시,30,0,0,0,0,0,0,0,0,0,0,0
20220410,서울특별시,11,영등포구,11560,울산광역시,31,0,0,0,0,0,0,0,0,0,0,0
20220410,서울특별시,11,영등포구,11560,경기도,41,0,0,0,0,0,0,0,0,5,0,0
20220410,서울특별시,11,영등포구,11560,강원도,42,0,0,0,0,0,0,0,0,0,0,0
20220410,서울특별시,11,마포구,11440,서울특별시,11,0,0,0,0,6,0,0,0,0,0,0
20220410,서울특별시,11,영등포구,11560,충청북도,43,0,0,0,0,0,0,0,0,0,0,0
20220410,서울특별시,11,영등포구,11560,전라북도,45,0,0,0,0,0,0,0,0,0,0,0
20220410,서울특별시,11,영등포구,11560,전라남도,46,0,0,0,0,0,0,0,0,0,0,0
20220410,서울특별시,11,영등포구,11560,경상남도,48,0,0,0,0,0,0,0,0,0,0,0
20220410,서울특별시,11,용산구,11170,경기도,41,0,5,0,99,6,0,0,0,0,0,0
20220410,서울특별시,11,용산구,11170,강원도,42,0,0,0,17,0,0,0,0,0,0,0
20220410,서울특별시,11,용산구,11170,충청북도,43,0,0,0,16,0,0,0,0,0,0,0
20220410,서울특별시,11,용산구,11170,충청남도,44,0,0,0,18,0,0,0,0,0,0,0
20220410,서울특별시,11,용산구,11170,전라북도,45,0,0,0,7,0,0,0,0,0,0,0
20220410,서울특별시,11,용산구,11170,전라남도,46,0,0,0,18,0,0,0,0,0,0,0
20220410,서울특별시,11,용산구,11170,경상북도,47,0,0,0,24,0,0,0,0,0,0,0
20220410,서울특별시,11,용산구,11170,경상남도,48,0,0,0,24,0,0,0,0,0,0,0
20220410,서울특별시,11,용산구,11170,제주특별자치도,50,0,0,0,5,0,0,0,0,0,0,0
20220410,서울특별시,11,성북구,11290,서울특별시,11,26,52,0,0,11,0,4,0,0,7,63
20220410,서울특별시,11,성북구,11290,부산광역시,26,6,15,0,0,0,0,3,0,0,0,0
20220410,서울특별시,11,성북구,11290,대구광역시,27,5,14,0,0,0,0,0,0,0,0,0
20220410,서울특별시,11,성북구,11290,인천광역시,28,6,13,0,0,3,0,0,0,0,5,0
20220410,서울특별시,11,성북구,11290,광주광역시,29,0,5,0,0,0,0,0,0,0,0,0
20220410,서울특별시,11,성북구,11290,대전광역시,30,5,4,0,0,0,0,0,0,0,0,0
20220410,서울특별시,11,성북구,11290,울산광역시,31,6,0,0,0,0,0,0,0,0,0,0
20220410,서울특별시,11,성북구,11290,세종특별자치시,36,0,0,0,0,0,0,0,0,0,0,0
20220410,서울특별시,11,성북구,11290,경기도,41,24,47,0,0,15,0,3,0,7,15,3
20220410,서울특별시,11,성북구,11290,강원도,42,0,5,0,0,0,0,0,0,0,3,0
20220410,서울특별시,11,성북구,11290,충청북도,43,0,5,0,0,0,0,0,0,0,0,0
20220410,서울특별시,11,강동구,11740,서울특별시,11,0,0,166,0,0,0,0,0,0,0,0
20220410,서울특별시,11,강동구,11740,부산광역시,26,0,0,66,0,0,0,0,0,0,0,0
20220410,서울특별시,11,성북구,11290,충청남도,44,0,8,0,0,0,0,0,0,0,0,0
20220410,서울특별시,11,성북구,11290,전라북도,45,5,5,0,0,3,0,0,0,0,0,0
20220410,서울특별시,11,성북구,11290,전라남도,46,0,4,0,0,0,0,0,0,0,0,0
20220410,서울특별시,11,성북구,11290,경상북도,47,0,7,0,0,0,0,0,0,3,0,0
20220410,서울특별시,11,성북구,11290,경상남도,48,7,11,0,0,5,0,0,0,3,0,0
20220410,서울특별시,11,성북구,11290,제주특별자치도,50,3,0,0,0,0,0,0,0,0,0,0
20220410,서울특별시,11,금천구,11545,제주특별자치도,50,0,0,0,0,0,7,0,10,40,23,6
20220410,서울특별시,11,금천구,11545,경상남도,48,0,0,0,0,6,22,23,42,203,66,20
20220410,서울특별시,11,금천구,11545,경상북도,47,0,0,0,0,5,14,9,30,151,72,9
20220410,서울특별시,11,금천구,11545,전라남도,46,0,0,0,0,0,4,0,23,100,36,0
20220410,서울특별시,11,금천구,11545,전라북도,45,0,0,0,0,0,9,4,23,102,32,9
20220410,서울특별시,11,금천구,11545,충청남도,44,0,0,0,0,5,10,8,27,124,48,11
20220410,서울특별시,11,금천구,11545,충청북도,43,0,0,0,0,0,13,15,23,108,37,13
20220410,서울특별시,11,금천구,11545,강원도,42,0,0,0,0,0,15,8,22,98,58,9
20220410,서울특별시,11,금천구,11545,경기도,41,12,14,0,4,40,82,86,227,954,407,137
20220410,서울특별시,11,금천구,11545,세종특별자치시,36,0,0,0,0,0,0,0,13,50,19,12
20220410,서울특별시,11,금천구,11545,울산광역시,31,0,0,0,0,0,6,6,11,103,30,13
20220410,서울특별시,11,금천구,11545,대전광역시,30,0,0,0,0,4,6,4,18,104,36,13
20220410,서울특별시,11,강동구,11740,대구광역시,27,0,0,57,0,0,0,0,0,0,0,0
20220410,서울특별시,11,강동구,11740,인천광역시,28,0,0,59,0,0,0,0,0,0,0,0
20220410,서울특별시,11,강동구,11740,광주광역시,29,0,0,44,0,0,0,0,0,0,0,0
20220410,서울특별시,11,강동구,11740,대전광역시,30,0,0,22,0,0,0,0,0,0,0,0
20220410,서울특별시,11,강동구,11740,울산광역시,31,0,0,26,0,0,0,0,0,0,0,0
20220410,서울특별시,11,강동구,11740,세종특별자치시,36,0,0,14,0,0,0,0,0,0,0,0
20220410,서울특별시,11,강동구,11740,경기도,41,0,0,216,0,0,0,0,0,0,0,0
20220410,서울특별시,11,강동구,11740,강원도,42,0,0,18,0,0,0,0,0,0,0,0
20220410,서울특별시,11,금천구,11545,광주광역시,29,0,0,0,0,5,12,6,18,118,40,14
20220410,서울특별시,11,금천구,11545,인천광역시,28,0,0,0,0,0,18,11,36,176,89,36
20220410,서울특별시,11,금천구,11545,대구광역시,27,0,0,0,0,4,12,15,33,203,65,21
20220410,서울특별시,11,금천구,11545,부산광역시,26,0,0,0,0,7,16,18,39,176,89,31
20220410,서울특별시,11,금천구,11545,서울특별시,11,31,23,0,24,82,60,100,143,749,333,180
20220410,서울특별시,11,강동구,11740,충청북도,43,0,0,23,0,0,0,0,0,0,0,0
20220410,서울특별시,11,강북구,11305,대구광역시,27,0,0,0,0,0,0,0,0,0,0,0
20220410,서울특별시,11,강북구,11305,경기도,41,0,0,0,0,0,0,0,0,0,0,0
20220410,서울특별시,11,도봉구,11320,전라남도,46,0,0,0,0,0,0,0,0,0,0,0
20220410,서울특별시,11,도봉구,11320,경기도,41,0,0,0,0,0,0,0,0,0,0,0
20220410,서울특별시,11,도봉구,11320,서울특별시,11,0,0,0,0,0,0,0,0,0,0,0
20220410,서울특별시,11,강동구,11740,충청남도,44,0,0,37,0,0,0,0,0,0,0,0
20220410,서울특별시,11,강동구,11740,전라북도,45,0,0,18,0,0,0,0,0,0,0,0
20220410,서울특별시,11,강동구,11740,전라남도,46,0,0,29,0,0,0,0,0,0,0,0
20220410,서울특별시,11,강동구,11740,경상북도,47,0,0,32,0,0,0,0,0,0,0,0
20220410,서울특별시,11,강동구,11740,경상남도,48,0,0,40,0,0,0,0,0,0,0,0
20220410,서울특별시,11,강동구,11740,제주특별자치도,50,0,0,0,0,0,0,0,0,0,0,0
20220410,서울특별시,11,구로구,11530,서울특별시,11,0,270,0,18,0,0,0,14,263,74,0
20220410,서울특별시,11,구로구,11530,부산광역시,26,0,54,0,7,0,0,0,7,70,24,0
20220410,서울특별시,11,구로구,11530,대구광역시,27,0,35,0,3,0,0,0,8,52,12,0
20220410,서울특별시,11,구로구,11530,인천광역시,28,0,68,0,0,0,0,0,4,93,39,0
20220410,서울특별시,11,구로구,11530,광주광역시,29,0,39,0,0,0,0,0,0,44,4,0
20220410,서울특별시,11,구로구,11530,대전광역시,30,0,32,0,0,0,0,0,0,34,14,0
20220410,서울특별시,11,구로구,11530,울산광역시,31,0,18,0,0,0,0,0,4,25,7,0
20220411,서울특별시,11,구로구,11530,경상북도,47,45,420,50,264,456,83,179,75,536,145,246
20220411,서울특별시,11,성북구,11290,인천광역시,28,182,749,65,221,988,114,827,284,2949,950,384
20220411,서울특별시,11,성북구,11290,광주광역시,29,61,354,32,96,524,47,378,163,1445,424,207
20220411,서울특별시,11,성북구,11290,대전광역시,30,76,359,38,103,503,42,423,124,1378,443,179
20220411,서울특별시,11,성북구,11290,울산광역시,31,40,260,34,80,338,40,283,101,931,276,131
20220411,서울특별시,11,성북구,11290,세종특별자치시,36,17,122,8,34,170,20,114,66,379,139,52
20220411,서울특별시,11,성북구,11290,경기도,41,733,3939,383,1160,5074,564,4025,1385,14275,4464,1894
20220411,서울특별시,11,성북구,11290,강원도,42,61,388,31,124,501,73,425,133,1431,474,217
20220411,서울특별시,11,성북구,11290,충청북도,43,94,391,42,102,541,62,464,137,1538,445,219
20220411,서울특별시,11,성북구,11290,충청남도,44,74,544,54,154,817,90,635,204,1913,645,289
20220411,서울특별시,11,성북구,11290,전라북도,45,50,366,41,109,568,55,405,119,1529,400,224
20220411,서울특별시,11,성북구,11290,전라남도,46,60,408,33,129,628,57,485,156,1323,419,221
20220411,서울특별시,11,성북구,11290,경상북도,47,91,530,58,178,879,87,672,213,2010,606,328
20220411,서울특별시,11,성북구,11290,경상남도,48,117,714,72,228,1150,139,908,280,2669,868,448
20220411,서울특별시,11,성북구,11290,제주특별자치도,50,26,116,15,25,117,18,95,51,424,141,76
20220411,서울특별시,11,강동구,11740,서울특별시,11,583,1354,474,642,1728,286,1972,127,1434,1084,375
20220411,서울특별시,11,강동구,11740,부산광역시,26,114,346,152,167,511,73,485,39,395,315,89
20220411,서울특별시,11,강동구,11740,대구광역시,27,111,211,122,137,311,57,368,27,213,201,71
20220411,서울특별시,11,강동구,11740,인천광역시,28,110,316,142,177,479,52,493,36,330,298,68
20220411,서울특별시,11,강동구,11740,광주광역시,29,61,147,73,79,205,30,187,26,149,138,36
20220411,서울특별시,11,강동구,11740,대전광역시,30,76,167,48,90,218,28,241,23,137,153,39
20220411,서울특별시,11,강동구,11740,울산광역시,31,40,76,59,69,125,21,183,10,98,106,35
20220411,서울특별시,11,강동구,11740,세종특별자치시,36,14,47,28,24,62,15,61,7,43,33,9
20220411,서울특별시,11,강동구,11740,경기도,41,600,1652,526,896,2406,384,2294,189,2031,1413,425
20220411,서울특별시,11,강동구,11740,강원도,42,81,129,43,89,249,47,252,27,115,142,38
20220411,서울특별시,11,강동구,11740,충청북도,43,54,160,53,87,236,32,294,10,182,137,45
20220411,서울특별시,11,강동구,11740,충청남도,44,102,237,96,126,320,46,375,33,173,190,59
20220411,서울특별시,11,강동구,11740,전라북도,45,77,132,66,55,239,33,291,21,132,150,32
20220411,서울특별시,11,강동구,11740,전라남도,46,72,116,77,93,218,40,248,32,104,142,37
20220411,서울특별시,11,강동구,11740,경상북도,47,146,234,85,151,367,49,350,34,196,206,56
20220411,서울특별시,11,강동구,11740,경상남도,48,116,266,118,174,454,72,461,32,243,304,70
20220411,서울특별시,11,강동구,11740,제주특별자치도,50,16,30,5,16,41,8,43,7,29,60,14
20220411,서울특별시,11,성동구,11200,전라남도,46,78,467,21,191,188,59,179,15,632,299,105
20220411,서울특별시,11,성동구,11200,경상북도,47,105,612,29,346,306,58,288,25,1034,437,161
20220411,서울특별시,11,성동구,11200,경상남도,48,142,830,27,437,383,91,337,31,1306,559,212
20220411,서울특별시,11,성동구,11200,제주특별자치도,50,24,206,9,56,56,21,52,0,220,134,19
20220411,서울특별시,11,강서구,11500,서울특별시,11,554,2504,1325,2514,2687,519,5048,387,6253,1609,3810
20220411,서울특별시,11,강서구,11500,부산광역시,26,149,705,341,655,814,185,1652,103,1936,458,1047
20220411,서울특별시,11,강서구,11500,대구광역시,27,107,468,234,452,541,171,1051,79,1330,347,760
20220411,서울특별시,11,강서구,11500,인천광역시,28,157,761,293,642,732,177,1379,121,1785,453,1037
20220411,서울특별시,11,강서구,11500,광주광역시,29,44,317,161,323,350,83,645,50,924,232,502
20220411,서울특별시,11,강서구,11500,대전광역시,30,79,332,130,304,351,83,611,58,911,206,452
20220411,서울특별시,11,강서구,11500,울산광역시,31,59,207,80,205,247,92,482,37,574,166,299
20220411,서울특별시,11,강서구,11500,세종특별자치시,36,20,83,53,101,104,30,174,28,211,76,140
20220411,서울특별시,11,강서구,11500,경기도,41,744,3382,1363,3246,3975,1140,6739,605,9496,2272,5204
20220411,서울특별시,11,강서구,11500,강원도,42,85,362,128,351,487,151,799,67,1118,277,737
20220411,서울특별시,11,강서구,11500,충청북도,43,89,303,122,336,449,156,817,55,1044,291,684
20220411,서울특별시,11,강서구,11500,충청남도,44,112,480,205,472,578,218,1140,85,1313,342,833
20220411,서울특별시,11,강서구,11500,전라북도,45,70,314,150,290,447,125,691,56,1031,234,594
20220411,서울특별시,11,강서구,11500,전라남도,46,69,314,126,315,455,204,832,60,1093,229,654
20220411,서울특별시,11,강서구,11500,경상북도,47,106,466,194,520,733,249,1205,84,1464,381,990
20220411,서울특별시,11,강서구,11500,경상남도,48,156,629,249,729,854,247,1575,98,1948,500,1159
20220411,서울특별시,11,강서구,11500,제주특별자치도,50,23,84,36,79,87,31,256,16,316,62,135
20220411,서울특별시,11,송파구,11710,서울특별시,11,297,2184,475,761,2202,377,2453,210,4277,1233,1003
20220411,서울특별시,11,송파구,11710,부산광역시,26,59,468,89,205,739,112,3111,100,915,306,281
20220411,서울특별시,11,송파구,11710,대구광역시,27,73,334,41,156,849,104,7406,136,654,235,285
20220411,서울특별시,11,송파구,11710,인천광역시,28,70,446,98,178,577,102,640,69,933,279,263
20220411,서울특별시,11,송파구,11710,광주광역시,29,37,221,22,149,452,54,2887,73,499,142,148
20220411,서울특별시,11,송파구,11710,대전광역시,30,41,239,31,107,739,79,7452,121,447,145,260
20220411,서울특별시,11,송파구,11710,울산광역시,31,22,184,23,72,252,47,1061,37,270,94,116
20220411,서울특별시,11,송파구,11710,세종특별자치시,36,18,82,18,33,319,20,3372,57,127,47,105
20220411,서울특별시,11,송파구,11710,경기도,41,368,2514,526,1042,3367,637,10452,490,5566,1517,1431
20220411,서울특별시,11,송파구,11710,강원도,42,32,237,66,136,537,93,3901,70,392,150,187
20220411,서울특별시,11,송파구,11710,충청북도,43,31,251,32,132,701,67,5531,96,525,148,215
20220411,서울특별시,11,송파구,11710,충청남도,44,53,314,86,160,824,87,7298,139,581,220,289
20220411,서울특별시,11,송파구,11710,전라북도,45,32,225,59,120,443,67,3064,69,453,121,130
20220411,서울특별시,11,영등포구,11560,인천광역시,28,71,864,227,421,567,38,803,63,692,289,349
20220411,서울특별시,11,영등포구,11560,광주광역시,29,37,345,67,200,285,23,358,36,333,122,155
20220411,서울특별시,11,영등포구,11560,대전광역시,30,23,394,202,229,315,22,400,42,335,121,118
20220411,서울특별시,11,영등포구,11560,울산광역시,31,20,245,31,142,200,20,221,16,210,69,103
20220411,서울특별시,11,영등포구,11560,세종특별자치시,36,10,89,35,77,77,6,91,8,82,32,35
20220411,서울특별시,11,영등포구,11560,경기도,41,360,3840,737,2269,2876,278,4059,270,3953,1549,1634
20220411,서울특별시,11,영등포구,11560,강원도,42,39,373,86,225,370,22,458,29,320,135,125
20220411,서울특별시,11,영등포구,11560,충청북도,43,21,389,100,240,340,17,403,25,394,122,146
20220411,서울특별시,11,영등포구,11560,충청남도,44,40,526,126,306,464,31,554,43,454,206,197
20220411,서울특별시,11,영등포구,11560,전라북도,45,22,337,110,206,292,14,385,23,318,144,178
20220411,서울특별시,11,영등포구,11560,전라남도,46,33,405,41,198,304,25,443,27,300,150,185
20220411,서울특별시,11,영등포구,11560,경상북도,47,43,539,170,357,607,48,620,33,409,175,243
20220411,서울특별시,11,영등포구,11560,경상남도,48,68,767,116,433,627,25,782,44,577,246,277
20220411,서울특별시,11,영등포구,11560,제주특별자치도,50,8,98,28,63,93,3,92,10,123,46,41
20220411,서울특별시,11,강북구,11305,경상남도,48,30,262,19,122,189,21,28,45,827,311,46
20220411,서울특별시,11,관악구,11620,서울특별시,11,155,1024,513,483,970,125,556,127,1273,995,2494
20220411,서울특별시,11,관악구,11620,부산광역시,26,49,207,75,153,323,31,137,42,350,296,774
20220411,서울특별시,11,관악구,11620,대구광역시,27,44,174,70,86,201,26,82,33,201,255,555
20220411,서울특별시,11,송파구,11710,전라남도,46,23,222,51,123,496,56,3299,82,359,118,176
20220411,서울특별시,11,송파구,11710,경상북도,47,67,335,62,160,710,94,5109,105,564,195,242
20220411,서울특별시,11,송파구,11710,경상남도,48,75,403,143,247,948,141,6277,146,764,254,331
20220411,서울특별시,11,관악구,11620,인천광역시,28,45,239,80,105,315,27,130,26,339,302,648
20220411,서울특별시,11,관악구,11620,광주광역시,29,23,98,35,77,133,26,46,14,144,179,394
20220411,서울특별시,11,관악구,11620,대전광역시,30,19,85,46,54,164,12,43,11,155,161,336
20220411,서울특별시,11,관악구,11620,울산광역시,31,12,83,21,34,120,13,44,22,103,119,258
20220411,서울특별시,11,관악구,11620,세종특별자치시,36,8,27,11,20,38,4,26,4,35,42,104
20220411,서울특별시,11,관악구,11620,경기도,41,201,1229,427,594,1563,233,668,187,2016,1596,3323
20220411,서울특별시,11,관악구,11620,강원도,42,14,129,35,76,168,12,81,13,155,182,306
20220411,서울특별시,11,관악구,11620,충청북도,43,23,134,29,79,164,21,58,23,222,182,408
20220411,서울특별시,11,관악구,11620,충청남도,44,27,152,39,96,203,21,100,22,208,254,454
20220411,서울특별시,11,관악구,11620,전라북도,45,19,143,29,60,130,14,76,14,180,170,343
20220411,서울특별시,11,관악구,11620,전라남도,46,17,158,36,46,159,18,79,16,141,181,402
20220411,서울특별시,11,관악구,11620,경상북도,47,33,211,54,81,263,35,104,22,237,262,544
20220411,서울특별시,11,송파구,11710,제주특별자치도,50,10,80,7,20,85,12,49,9,135,42,27
20220411,서울특별시,11,광진구,11215,서울특별시,11,875,1764,233,1004,1427,277,1742,295,2894,1799,885
20220411,서울특별시,11,광진구,11215,부산광역시,26,271,494,43,256,463,84,656,89,686,559,279
20220411,서울특별시,11,광진구,11215,대구광역시,27,188,378,26,189,316,60,354,76,552,348,210
20220411,서울특별시,11,광진구,11215,인천광역시,28,267,433,37,266,470,89,551,86,656,485,262
20220411,서울특별시,11,광진구,11215,광주광역시,29,146,227,15,122,231,38,259,53,394,228,124
20220411,서울특별시,11,광진구,11215,대전광역시,30,157,206,18,137,215,40,268,53,355,227,112
20220411,서울특별시,11,광진구,11215,울산광역시,31,110,147,17,101,149,31,197,33,176,150,116
20220411,서울특별시,11,광진구,11215,세종특별자치시,36,27,79,4,38,65,9,33,24,101,87,17
20220411,서울특별시,11,광진구,11215,경기도,41,1272,2074,200,1328,2218,501,2623,529,3769,2391,1225
20220411,서울특별시,11,광진구,11215,강원도,42,182,201,19,154,244,48,297,64,336,204,145
20220411,서울특별시,11,광진구,11215,충청북도,43,170,200,15,138,249,45,306,68,356,262,120
20220411,서울특별시,11,광진구,11215,충청남도,44,220,338,34,194,351,64,433,79,423,332,200
20220411,서울특별시,11,광진구,11215,전라북도,45,185,220,19,129,242,28,283,54,349,245,139
20220411,서울특별시,11,광진구,11215,전라남도,46,210,195,15,158,258,32,305,49,287,231,162
20220411,서울특별시,11,광진구,11215,경상북도,47,256,348,18,213,370,72,460,89,475,352,203
20220411,서울특별시,11,광진구,11215,경상남도,48,331,388,29,276,445,88,606,103,564,469,276
20220411,서울특별시,11,광진구,11215,제주특별자치도,50,63,45,3,32,68,17,132,11,97,63,33
20220411,서울특별시,11,관악구,11620,경상남도,48,43,256,60,94,289,34,119,33,271,337,698
20220411,서울특별시,11,관악구,11620,제주특별자치도,50,14,24,10,17,35,4,19,0,34,39,56
20220411,서울특별시,11,강북구,11305,제주특별자치도,50,5,33,4,15,24,0,7,4,125,27,4
20220411,서울특별시,11,구로구,11530,제주특별자치도,50,8,55,11,57,69,16,38,12,107,32,52
20220411,서울특별시,11,구로구,11530,경상남도,48,48,377,67,292,554,108,229,102,724,154,352
20220411,서울특별시,11,구로구,11530,전라남도,46,27,189,34,186,281,58,126,38,403,103,153
20220411,서울특별시,11,구로구,11530,전라북도,45,26,240,32,166,283,56,126,30,412,110,160
20220411,서울특별시,11,구로구,11530,충청남도,44,37,323,69,297,399,98,185,62,498,96,227
20220411,서울특별시,11,구로구,11530,충청북도,43,39,259,49,221,298,52,134,49,401,111,183
20220411,서울특별시,11,구로구,11530,강원도,42,39,272,33,258,303,72,127,32,374,76,142
20220411,서울특별시,11,구로구,11530,경기도,41,305,2571,355,1699,2996,557,1081,389,3896,1036,1898
20220411,서울특별시,11,구로구,11530,세종특별자치시,36,7,58,29,44,100,11,22,16,116,22,49
20220411,서울특별시,11,구로구,11530,울산광역시,31,18,114,29,105,183,48,72,38,260,63,143
20220411,서울특별시,11,구로구,11530,대전광역시,30,21,229,28,172,286,53,121,40,392,84,184
20220411,서울특별시,11,구로구,11530,광주광역시,29,19,193,44,154,304,49,170,28,359,83,168
20220411,서울특별시,11,구로구,11530,인천광역시,28,57,522,70,348,622,90,233,68,709,191,405
20220411,서울특별시,11,구로구,11530,대구광역시,27,45,312,64,233,398,88,154,71,556,133,257
20220411,서울특별시,11,구로구,11530,부산광역시,26,43,440,90,347,486,89,278,75,665,186,379
20220411,서울특별시,11,구로구,11530,서울특별시,11,245,2126,306,1263,2186,314,804,219,2648,744,1673
20220411,서울특별시,11,양천구,11470,제주특별자치도,50,4,34,5,23,42,6,22,0,24,15,20
20220411,서울특별시,11,은평구,11380,서울특별시,11,134,852,220,416,1544,495,848,97,1031,582,1329
20220411,서울특별시,11,은평구,11380,부산광역시,26,44,161,25,98,498,112,293,47,222,186,398
20220411,서울특별시,11,은평구,11380,대구광역시,27,31,97,26,74,295,117,169,35,163,124,304
20220411,서울특별시,11,은평구,11380,인천광역시,28,38,159,37,87,407,91,230,39,245,167,359
20220411,서울특별시,11,은평구,11380,광주광역시,29,11,71,9,42,211,72,139,28,111,96,183
20220411,서울특별시,11,은평구,11380,대전광역시,30,9,98,12,59,211,59,100,32,117,84,167
20220411,서울특별시,11,은평구,11380,울산광역시,31,17,43,18,31,124,46,77,24,91,53,135
20220411,서울특별시,11,은평구,11380,세종특별자치시,36,5,18,6,12,59,15,22,4,38,20,47
20220411,서울특별시,11,양천구,11470,경상남도,48,51,270,33,187,385,60,337,28,143,119,181
20220411,서울특별시,11,양천구,11470,경상북도,47,35,244,24,142,296,50,241,23,131,93,148
20220411,서울특별시,11,양천구,11470,전라남도,46,25,128,17,84,210,26,169,5,75,43,92
20220411,서울특별시,11,양천구,11470,전라북도,45,30,126,18,114,189,20,164,11,107,63,97
20220411,서울특별시,11,양천구,11470,충청남도,44,34,182,30,151,294,31,251,17,122,80,134
20220411,서울특별시,11,양천구,11470,충청북도,43,30,133,24,105,214,39,163,10,130,71,86
20220411,서울특별시,11,양천구,11470,강원도,42,24,134,23,99,243,24,173,9,105,63,88
20220411,서울특별시,11,양천구,11470,경기도,41,240,1412,242,941,2176,292,1502,112,1473,683,884
20220411,서울특별시,11,양천구,11470,세종특별자치시,36,3,31,7,18,71,8,46,0,18,16,21
20220411,서울특별시,11,양천구,11470,울산광역시,31,14,101,16,51,133,25,117,3,53,34,63
20220411,서울특별시,11,양천구,11470,대전광역시,30,49,137,11,106,179,22,143,5,107,67,88
20220411,서울특별시,11,양천구,11470,광주광역시,29,20,137,25,100,173,30,134,15,98,82,78
20220411,서울특별시,11,양천구,11470,인천광역시,28,46,298,41,170,435,42,340,18,197,111,173
20220411,서울특별시,11,양천구,11470,대구광역시,27,34,214,26,133,280,34,215,13,139,94,138
20220411,서울특별시,11,양천구,11470,부산광역시,26,42,263,38,187,429,44,326,26,186,139,186
20220411,서울특별시,11,양천구,11470,서울특별시,11,154,1077,210,716,1500,152,1302,53,951,458,665
20220411,서울특별시,11,중구,11140,서울특별시,11,542,2405,831,475,2295,295,1060,219,7732,1715,415
20220411,서울특별시,11,중구,11140,부산광역시,26,135,550,113,106,517,94,165,75,1961,426,99
20220411,서울특별시,11,중구,11140,대구광역시,27,115,397,57,73,388,80,111,60,1380,370,77
20220411,서울특별시,11,중구,11140,인천광역시,28,108,503,134,134,494,70,235,73,1755,465,99
20220411,서울특별시,11,중구,11140,광주광역시,29,93,274,46,57,260,45,85,57,942,197,48
20220411,서울특별시,11,중구,11140,대전광역시,30,63,258,57,68,250,46,105,33,888,220,35
20220411,서울특별시,11,중구,11140,울산광역시,31,50,205,43,25,153,52,60,43,600,139,20
20220411,서울특별시,11,중구,11140,세종특별자치시,36,29,55,15,10,70,10,36,17,251,56,6
20220411,서울특별시,11,중구,11140,경기도,41,671,2917,547,571,2600,465,1214,377,8673,2068,486
20220411,서울특별시,11,중구,11140,강원도,42,61,308,33,72,275,62,126,32,787,198,35
20220411,서울특별시,11,중구,11140,충청북도,43,91,295,55,61,291,56,121,40,919,245,27
20220411,서울특별시,11,중구,11140,충청남도,44,94,391,71,88,363,73,200,57,1191,288,42
20220411,서울특별시,11,중구,11140,전라북도,45,68,310,67,70,274,56,87,44,899,203,38
20220411,서울특별시,11,중구,11140,전라남도,46,41,257,59,73,311,59,80,39,781,178,38
20220411,서울특별시,11,중구,11140,경상북도,47,87,442,66,108,380,78,148,50,1253,325,54
20220411,서울특별시,11,중구,11140,경상남도,48,115,531,101,125,507,96,176,89,1595,451,84
20220411,서울특별시,11,중구,11140,제주특별자치도,50,28,114,23,21,113,26,35,3,277,73,18
20220411,서울특별시,11,은평구,11380,경기도,41,181,977,165,518,2253,641,1269,234,1718,899,1907
20220411,서울특별시,11,은평구,11380,강원도,42,18,76,15,70,218,69,150,26,122,71,215
20220411,서울특별시,11,은평구,11380,충청북도,43,21,74,14,59,218,71,129,34,156,99,226
20220411,서울특별시,11,은평구,11380,충청남도,44,34,115,28,85,356,90,227,40,156,128,290
20220411,서울특별시,11,은평구,11380,전라북도,45,17,75,0,61,224,63,135,31,137,102,216
20220411,서울특별시,11,은평구,11380,전라남도,46,25,75,14,61,224,73,130,26,106,87,243
20220411,서울특별시,11,은평구,11380,경상북도,47,35,106,14,81,345,123,224,41,168,172,358
20220411,서울특별시,11,은평구,11380,경상남도,48,50,270,29,99,440,148,264,49,245,192,480
20220411,서울특별시,11,은평구,11380,제주특별자치도,50,14,18,7,10,32,19,22,3,37,27,24
20220411,서울특별시,11,강남구,11680,서울특별시,11,480,4376,1644,1524,2880,230,5486,593,7708,3007,3067
20220411,서울특별시,11,강남구,11680,부산광역시,26,144,878,385,346,686,50,1386,171,1962,768,739
20220411,서울특별시,11,강남구,11680,대구광역시,27,98,664,264,220,496,35,869,101,1426,561,499
20220411,서울특별시,11,강남구,11680,인천광역시,28,106,820,297,326,746,44,1259,160,1876,712,594
20220411,서울특별시,11,강남구,11680,광주광역시,29,54,401,172,162,330,21,570,79,942,403,316
20220411,서울특별시,11,강남구,11680,대전광역시,30,70,402,148,188,320,20,668,82,889,321,335
20220411,서울특별시,11,강남구,11680,울산광역시,31,39,246,112,104,230,16,392,43,597,210,207
20220411,서울특별시,11,강남구,11680,세종특별자치시,36,17,112,78,47,86,4,172,25,258,92,91
20220411,서울특별시,11,강남구,11680,경기도,41,658,4831,1917,1950,3685,308,6263,1018,10062,3756,3129
20220411,서울특별시,11,강남구,11680,강원도,42,62,396,117,235,409,21,590,96,826,321,274
20220411,서울특별시,11,강남구,11680,충청북도,43,80,373,131,186,391,20,679,80,926,318,327
20220411,서울특별시,11,강남구,11680,충청남도,44,77,554,230,249,468,33,982,130,1231,456,414
20220411,서울특별시,11,강남구,11680,전라북도,45,65,328,145,180,352,28,583,75,933,366,313
20220411,서울특별시,11,강남구,11680,전라남도,46,56,353,145,163,358,18,588,77,753,307,278
20220411,서울특별시,11,강남구,11680,경상북도,47,76,566,189,274,533,30,846,94,1198,502,441
20220411,서울특별시,11,강남구,11680,경상남도,48,122,703,273,306,666,53,1182,120,1546,618,595
20220411,서울특별시,11,강남구,11680,제주특별자치도,50,28,107,30,49,102,8,132,32,212,105,90
20220411,서울특별시,11,마포구,11440,서울특별시,11,468,3614,994,3089,5017,346,3311,285,3797,2081,978
20220411,서울특별시,11,마포구,11440,부산광역시,26,114,735,251,823,1464,88,958,94,733,521,246
20220411,서울특별시,11,마포구,11440,대구광역시,27,81,497,169,534,1081,74,627,69,569,359,171
20220411,서울특별시,11,마포구,11440,인천광역시,28,119,709,197,780,1390,72,874,75,721,485,203
20220411,서울특별시,11,마포구,11440,광주광역시,29,40,336,93,378,632,39,367,42,343,199,131
20220411,서울특별시,11,마포구,11440,대전광역시,30,67,335,123,415,707,47,375,38,391,234,107
20220411,서울특별시,11,마포구,11440,울산광역시,31,35,185,77,231,441,26,270,23,237,163,69
20220411,서울특별시,11,마포구,11440,세종특별자치시,36,16,97,44,103,190,5,124,25,82,76,27
20220411,서울특별시,11,마포구,11440,경기도,41,593,3769,1143,4014,6946,535,4288,422,4234,2414,1322
20220411,서울특별시,11,마포구,11440,강원도,42,59,318,109,480,752,47,410,51,351,236,108
20220411,서울특별시,11,마포구,11440,충청북도,43,55,366,106,458,767,53,449,36,403,247,97
20220411,서울특별시,11,마포구,11440,충청남도,44,84,445,161,545,999,88,583,59,466,332,171
20220411,서울특별시,11,마포구,11440,전라북도,45,54,325,129,409,686,36,449,43,406,224,107
20220411,서울특별시,11,마포구,11440,전라남도,46,45,339,104,480,738,49,459,35,285,210,113
20220411,서울특별시,11,마포구,11440,경상북도,47,75,488,131,625,1018,78,646,46,518,331,168
20220411,서울특별시,11,마포구,11440,경상남도,48,105,628,205,785,1385,103,820,128,611,416,214
20220411,서울특별시,11,마포구,11440,제주특별자치도,50,23,131,46,115,207,17,114,11,174,83,31
20220411,서울특별시,11,중랑구,11260,제주특별자치도,50,10,100,10,26,75,18,54,8,126,56,17
20220411,서울특별시,11,중랑구,11260,경상남도,48,75,556,74,290,600,175,663,144,780,349,238
20220411,서울특별시,11,중랑구,11260,경상북도,47,74,401,51,212,540,142,500,99,654,253,214
20220411,서울특별시,11,중랑구,11260,전라남도,46,49,289,44,143,322,111,320,76,389,145,105
20220411,서울특별시,11,중랑구,11260,전라북도,45,56,303,39,156,327,94,340,81,462,153,110
20220411,서울특별시,11,중랑구,11260,충청남도,44,69,509,59,211,456,134,402,92,615,230,186
20220411,서울특별시,11,중랑구,11260,충청북도,43,44,299,43,173,361,108,321,71,544,181,152
20220411,서울특별시,11,중랑구,11260,강원도,42,63,372,39,180,371,137,330,68,457,166,88
20220411,서울특별시,11,중랑구,11260,경기도,41,472,2950,470,1500,3183,950,2862,711,4399,1588,1267
20220411,서울특별시,11,중랑구,11260,세종특별자치시,36,14,78,15,39,99,30,73,28,112,38,35
20220411,서울특별시,11,중랑구,11260,울산광역시,31,38,190,38,83,191,60,214,46,279,119,89
20220411,서울특별시,11,중랑구,11260,대전광역시,30,48,287,30,168,344,84,307,74,423,167,123
20220411,서울특별시,11,중랑구,11260,광주광역시,29,44,242,34,157,281,71,293,59,460,157,135
20220411,서울특별시,11,중랑구,11260,인천광역시,28,88,639,102,282,590,158,623,148,933,288,282
20220411,서울특별시,11,중랑구,11260,대구광역시,27,56,404,66,225,480,132,427,105,670,227,189
20220411,서울특별시,11,중랑구,11260,부산광역시,26,83,541,78,323,617,162,695,135,837,286,236
20220411,서울특별시,11,중랑구,11260,서울특별시,11,305,2320,406,1032,2015,573,2226,427,3112,1257,905
20220411,서울특별시,11,강북구,11305,서울특별시,11,100,1077,171,476,699,76,163,125,2866,1052,158
20220411,서울특별시,11,강북구,11305,부산광역시,26,24,301,37,118,183,22,53,55,879,295,49
20220411,서울특별시,11,강북구,11305,대구광역시,27,19,207,27,88,124,12,31,27,631,245,32
20220411,서울특별시,11,강북구,11305,인천광역시,28,33,301,42,136,184,24,44,34,892,322,50
20220411,서울특별시,11,강북구,11305,광주광역시,29,18,140,17,56,71,12,14,25,466,200,24
20220411,서울특별시,11,강북구,11305,대전광역시,30,12,135,16,58,101,15,13,24,453,200,13
20220411,서울특별시,11,강북구,11305,울산광역시,31,5,88,14,42,50,12,9,18,301,111,19
20220411,서울특별시,11,용산구,11170,제주특별자치도,50,9,72,10,335,78,38,44,5,55,28,12
20220411,서울특별시,11,용산구,11170,경상남도,48,69,418,41,2338,503,243,339,44,318,197,187
20220411,서울특별시,11,용산구,11170,경상북도,47,38,368,26,1893,339,187,245,38,224,145,153
20220411,서울특별시,11,용산구,11170,전라남도,46,27,188,21,1258,240,93,155,25,156,91,92
20220411,서울특별시,11,용산구,11170,전라북도,45,21,208,19,1274,201,112,149,16,173,89,104
20220411,서울특별시,11,용산구,11170,충청남도,44,32,327,36,2139,352,168,181,28,197,129,133
20220411,서울특별시,11,용산구,11170,충청북도,43,20,215,29,1446,241,123,165,31,157,89,86
20220411,서울특별시,11,용산구,11170,강원도,42,22,216,23,1331,227,141,157,24,150,91,89
20220411,서울특별시,11,용산구,11170,경기도,41,319,2287,257,14069,2496,1392,1386,234,2034,1231,931
20220411,서울특별시,11,용산구,11170,세종특별자치시,36,11,47,10,363,55,37,40,10,39,39,23
20220411,서울특별시,11,용산구,11170,울산광역시,31,14,160,15,848,156,86,103,23,114,80,59
20220411,서울특별시,11,용산구,11170,대전광역시,30,21,229,29,1323,204,137,153,21,165,114,91
20220411,서울특별시,11,용산구,11170,광주광역시,29,25,234,20,1071,217,124,155,13,183,101,99
20220411,서울특별시,11,용산구,11170,인천광역시,28,57,398,55,2734,463,284,300,42,329,229,188
20220411,서울특별시,11,용산구,11170,대구광역시,27,40,293,21,1825,347,208,253,39,286,174,130
20220411,서울특별시,11,용산구,11170,부산광역시,26,57,452,27,2628,471,318,356,41,389,242,182
20220411,서울특별시,11,용산구,11170,서울특별시,11,234,1830,367,10902,1771,1340,1039,111,1849,1108,761
20220411,서울특별시,11,강북구,11305,세종특별자치시,36,5,33,7,20,25,5,0,10,101,60,10
20220411,서울특별시,11,강북구,11305,경기도,41,129,1501,178,644,903,115,190,240,4470,1532,243
20220411,서울특별시,11,강북구,11305,강원도,42,21,162,17,76,105,14,18,23,513,168,31
20220411,서울특별시,11,강북구,11305,충청북도,43,15,150,11,65,85,18,17,33,488,181,17
20220411,서울특별시,11,강북구,11305,충청남도,44,22,204,24,90,116,28,29,44,680,264,38
20220411,서울특별시,11,강북구,11305,전라북도,45,26,147,17,58,71,11,18,31,479,156,26
20220411,서울특별시,11,강북구,11305,전라남도,46,16,165,28,59,88,9,18,22,460,176,25
20220411,서울특별시,11,강북구,11305,경상북도,47,25,250,20,105,144,21,26,40,698,270,40
20220411,서울특별시,11,종로구,11110,서울특별시,11,376,1841,554,545,1444,96,692,194,4585,1583,320
20220411,서울특별시,11,종로구,11110,부산광역시,26,91,422,79,130,330,22,152,73,1394,411,83
20220411,서울특별시,11,종로구,11110,대구광역시,27,48,330,50,81,253,24,123,45,933,307,57
20220411,서울특별시,11,종로구,11110,인천광역시,28,92,408,82,154,299,24,178,68,1145,397,73
20220411,서울특별시,11,종로구,11110,광주광역시,29,36,195,29,60,171,13,66,51,699,192,40
20220411,서울특별시,11,노원구,11350,제주특별자치도,50,3,35,0,20,57,12,30,15,53,18,6
20220411,서울특별시,11,노원구,11350,경상남도,48,84,214,22,95,468,83,398,118,478,116,62
20220411,서울특별시,11,노원구,11350,경상북도,47,69,179,14,90,402,69,252,107,364,119,53
20220411,서울특별시,11,노원구,11350,전라남도,46,42,121,17,62,268,51,150,72,244,69,42
20220411,서울특별시,11,노원구,11350,전라북도,45,48,102,14,57,257,58,133,76,234,61,36
20220411,서울특별시,11,노원구,11350,충청남도,44,65,142,20,75,332,67,359,91,358,82,61
20220411,서울특별시,11,노원구,11350,충청북도,43,46,101,14,49,243,58,186,70,281,103,32
20220411,서울특별시,11,노원구,11350,강원도,42,65,109,7,69,264,60,181,58,242,73,40
20220411,서울특별시,11,노원구,11350,경기도,41,381,1160,182,555,2305,419,1926,653,3075,734,360
20220411,서울특별시,11,노원구,11350,세종특별자치시,36,9,24,3,14,52,23,69,28,84,20,4
20220411,서울특별시,11,노원구,11350,울산광역시,31,36,85,6,33,151,33,135,65,163,52,16
20220411,서울특별시,11,노원구,11350,대전광역시,30,38,113,12,41,197,51,180,57,268,68,26
20220411,서울특별시,11,노원구,11350,광주광역시,29,53,104,8,45,183,33,137,55,209,74,39
20220411,서울특별시,11,노원구,11350,인천광역시,28,89,202,27,103,420,74,384,122,532,134,67
20220411,서울특별시,11,노원구,11350,대구광역시,27,75,153,14,83,305,73,289,95,371,132,45
20220411,서울특별시,11,노원구,11350,부산광역시,26,65,223,23,94,475,75,498,127,471,142,61
20220411,서울특별시,11,노원구,11350,서울특별시,11,283,856,177,417,1614,226,1340,366,1915,523,232
20220411,서울특별시,11,종로구,11110,대전광역시,30,40,190,54,83,152,24,90,33,631,189,37
20220411,서울특별시,11,종로구,11110,울산광역시,31,32,134,32,39,103,17,49,21,373,142,27
20220411,서울특별시,11,종로구,11110,세종특별자치시,36,22,52,15,19,43,7,12,16,171,50,9
20220411,서울특별시,11,종로구,11110,경기도,41,501,2302,447,721,1664,147,958,365,5974,2140,391
20220411,서울특별시,11,종로구,11110,강원도,42,38,255,32,76,182,9,89,72,551,188,57
20220411,서울특별시,11,종로구,11110,충청북도,43,43,219,44,64,174,21,87,47,638,223,38
20220411,서울특별시,11,종로구,11110,충청남도,44,55,340,65,101,223,14,117,37,822,308,75
20220411,서울특별시,11,종로구,11110,전라북도,45,45,226,27,74,164,12,83,77,595,190,62
20220411,서울특별시,11,종로구,11110,전라남도,46,37,222,35,76,178,10,84,48,603,174,55
20220411,서울특별시,11,종로구,11110,경상북도,47,63,314,49,108,241,13,154,60,851,281,68
20220411,서울특별시,11,종로구,11110,경상남도,48,91,384,196,133,334,25,145,93,1063,356,75
20220411,서울특별시,11,종로구,11110,제주특별자치도,50,15,74,6,19,53,7,28,28,226,67,9
20220411,서울특별시,11,동대문구,11230,제주특별자치도,50,24,60,6,30,62,7,56,8,239,43,20
20220411,서울특별시,11,동대문구,11230,경상남도,48,140,492,58,197,816,54,959,74,1457,272,200
20220411,서울특별시,11,도봉구,11320,서울특별시,11,217,829,90,1152,1112,298,1175,180,3984,943,984
20220411,서울특별시,11,도봉구,11320,부산광역시,26,72,207,17,289,370,90,474,64,1203,322,311
20220411,서울특별시,11,도봉구,11320,대구광역시,27,56,159,15,206,245,72,312,46,898,235,241
20220411,서울특별시,11,도봉구,11320,인천광역시,28,84,202,19,298,319,72,401,59,1201,263,342
20220411,서울특별시,11,도봉구,11320,광주광역시,29,27,112,7,124,142,45,167,25,567,162,144
20220411,서울특별시,11,도봉구,11320,대전광역시,30,19,102,6,163,148,28,148,29,590,129,163
20220411,서울특별시,11,도봉구,11320,울산광역시,31,27,61,7,82,98,31,145,19,424,110,103
20220411,서울특별시,11,도봉구,11320,세종특별자치시,36,13,28,0,48,54,18,44,11,167,41,34
20220411,서울특별시,11,도봉구,11320,경기도,41,352,1191,95,1611,1649,467,1636,300,5835,1601,1501
20220411,서울특별시,11,도봉구,11320,강원도,42,37,115,7,226,185,51,164,26,592,172,130
20220411,서울특별시,11,도봉구,11320,충청북도,43,24,129,11,166,227,43,174,26,648,169,144
20220411,서울특별시,11,도봉구,11320,충청남도,44,61,158,9,237,270,70,220,49,849,200,177
20220411,서울특별시,11,도봉구,11320,전라북도,45,32,108,12,167,165,50,162,32,637,172,138
20220411,서울특별시,11,도봉구,11320,전라남도,46,38,100,5,178,178,42,176,24,600,189,136
20220411,서울특별시,11,도봉구,11320,경상북도,47,63,183,13,231,260,68,279,51,812,257,205
20220411,서울특별시,11,도봉구,11320,경상남도,48,66,245,16,269,332,99,375,58,1153,329,271
20220411,서울특별시,11,도봉구,11320,제주특별자치도,50,14,30,0,42,43,6,47,9,165,42,33
20220411,서울특별시,11,영등포구,11560,서울특별시,11,300,2930,732,1760,1849,244,3273,180,3222,1209,1157
20220411,서울특별시,11,영등포구,11560,부산광역시,26,75,857,140,453,596,43,859,60,741,289,358
20220411,서울특별시,11,영등포구,11560,대구광역시,27,62,502,110,355,493,43,568,45,518,180,217
20220411,서울특별시,11,동대문구,11230,경상북도,47,106,424,46,172,662,35,653,55,1080,205,144
20220411,서울특별시,11,동대문구,11230,전라남도,46,52,255,28,87,438,32,496,49,725,160,78
20220411,서울특별시,11,동대문구,11230,전라북도,45,90,264,31,101,403,33,463,43,798,170,103
20220411,서울특별시,11,동대문구,11230,충청남도,44,117,366,30,153,595,48,646,47,1111,178,155
20220411,서울특별시,11,동대문구,11230,충청북도,43,87,261,21,101,427,35,431,40,906,174,91
20220411,서울특별시,11,동대문구,11230,강원도,42,87,258,28,102,456,34,496,37,760,125,101
20220411,서울특별시,11,동대문구,11230,경기도,41,765,2653,289,946,3866,262,4157,355,8177,1523,1025
20220411,서울특별시,11,동대문구,11230,세종특별자치시,36,20,64,4,20,109,7,117,14,243,51,30
20220411,서울특별시,11,동대문구,11230,울산광역시,31,42,173,20,70,266,16,315,36,515,105,64
20220411,서울특별시,11,동대문구,11230,대전광역시,30,85,218,23,88,354,35,415,45,766,166,105
20220411,서울특별시,11,동대문구,11230,광주광역시,29,67,249,20,86,351,24,408,30,804,143,101
20220411,서울특별시,11,동대문구,11230,인천광역시,28,169,534,71,202,757,41,886,84,1606,301,229
20220411,서울특별시,11,동대문구,11230,대구광역시,27,113,355,48,144,578,46,538,50,1165,213,160
20220411,서울특별시,11,동대문구,11230,부산광역시,26,143,582,47,214,800,50,941,60,1541,339,223
20220411,서울특별시,11,동대문구,11230,서울특별시,11,700,1944,211,675,2280,176,2875,186,6136,1163,767
20220411,서울특별시,11,서초구,11650,제주특별자치도,50,17,77,29,36,78,10,50,9,95,35,29
20220411,서울특별시,11,서초구,11650,경상남도,48,58,388,258,225,469,52,365,59,436,193,263
20220411,서울특별시,11,서초구,11650,경상북도,47,53,326,220,169,317,27,271,54,372,121,178
20220411,서울특별시,11,서초구,11650,전라남도,46,30,182,154,106,216,26,203,29,194,76,101
20220411,서울특별시,11,서초구,11650,전라북도,45,29,201,164,113,222,18,152,38,263,87,105
20220411,서울특별시,11,서초구,11650,충청남도,44,51,302,191,160,380,40,214,55,307,125,180
20220411,서울특별시,11,서초구,11650,충청북도,43,44,210,133,107,263,46,201,42,242,81,114
20220411,서울특별시,11,서초구,11650,강원도,42,25,267,130,116,238,20,217,43,258,72,134
20220411,서울특별시,11,서초구,11650,경기도,41,406,2761,1600,1192,2510,279,1817,342,3241,1057,1323
20220411,서울특별시,11,서초구,11650,세종특별자치시,36,8,75,56,26,82,10,41,13,70,34,31
20220411,서울특별시,11,서초구,11650,울산광역시,31,15,154,95,73,133,26,114,25,163,66,77
20220411,서울특별시,11,서초구,11650,대전광역시,30,28,253,141,155,231,28,158,25,246,101,128
20220411,서울특별시,11,서초구,11650,광주광역시,29,26,222,197,120,236,23,143,25,210,106,105
20220411,서울특별시,11,서초구,11650,인천광역시,28,77,466,271,221,440,43,315,56,431,198,340
20220411,서울특별시,11,서초구,11650,대구광역시,27,47,396,239,173,342,58,248,43,370,153,200
20220411,서울특별시,11,서초구,11650,부산광역시,26,68,507,278,247,458,45,381,42,507,217,259
20220411,서울특별시,11,서초구,11650,서울특별시,11,447,2432,1224,1076,1731,232,1644,201,2407,895,1092
20220411,서울특별시,11,동작구,11590,서울특별시,11,399,1012,789,485,2144,98,944,160,1325,618,705
20220411,서울특별시,11,동작구,11590,부산광역시,26,121,194,149,119,664,39,282,55,300,180,193
20220411,서울특별시,11,동작구,11590,대구광역시,27,71,220,136,104,416,27,137,35,205,119,138
20220411,서울특별시,11,동작구,11590,인천광역시,28,98,236,146,131,573,35,231,59,285,158,189
20220411,서울특별시,11,동작구,11590,광주광역시,29,43,90,88,62,318,11,89,30,150,66,90
20220411,서울특별시,11,동작구,11590,대전광역시,30,62,107,57,56,311,16,119,31,142,81,91
20220411,서울특별시,11,동작구,11590,울산광역시,31,22,58,44,47,190,14,75,16,96,49,73
20220411,서울특별시,11,동작구,11590,세종특별자치시,36,12,30,27,21,94,6,37,15,33,28,39
20220411,서울특별시,11,동작구,11590,경기도,41,509,1225,661,623,3130,206,1226,279,1842,829,955
20220411,서울특별시,11,동작구,11590,강원도,42,47,125,66,68,320,21,260,37,157,78,92
20220411,서울특별시,11,동작구,11590,충청북도,43,50,107,89,56,334,21,139,33,167,75,109
20220411,서울특별시,11,동작구,11590,충청남도,44,64,159,99,94,527,21,178,39,205,102,106
20220411,서울특별시,11,동작구,11590,전라북도,45,66,108,95,64,323,11,97,35,141,56,95
20220411,서울특별시,11,동작구,11590,전라남도,46,51,124,72,47,350,26,134,36,141,63,82
20220411,서울특별시,11,동작구,11590,경상북도,47,73,147,87,90,496,42,229,61,195,98,134
20220411,서울특별시,11,동작구,11590,경상남도,48,96,232,156,129,639,43,242,68,312,130,219
20220411,서울특별시,11,동작구,11590,제주특별자치도,50,16,31,21,13,78,3,24,4,31,8,9
20220411,서울특별시,11,금천구,11545,서울특별시,11,745,2047,741,2822,3727,1519,2768,530,5545,2439,3641
20220411,서울특별시,11,금천구,11545,부산광역시,26,235,489,90,660,943,444,696,147,1486,728,896
20220411,서울특별시,11,금천구,11545,대구광역시,27,160,353,81,481,695,302,452,117,1163,528,635
20220411,서울특별시,11,금천구,11545,인천광역시,28,214,517,79,668,883,297,702,149,1572,733,890
20220411,서울특별시,11,금천구,11545,광주광역시,29,121,260,51,308,384,200,322,80,895,319,392
20220411,서울특별시,11,금천구,11545,대전광역시,30,97,263,56,347,463,156,347,95,802,328,421
20220411,서울특별시,11,금천구,11545,울산광역시,31,70,148,19,196,297,134,223,55,580,261,323
20220411,서울특별시,11,금천구,11545,세종특별자치시,36,36,55,17,93,125,61,71,24,225,115,119
20220411,서울특별시,11,금천구,11545,경기도,41,1068,2457,389,3311,4527,1940,3408,802,7412,3234,4110
20220411,서울특별시,11,금천구,11545,강원도,42,144,274,80,369,452,184,386,82,777,310,361
20220411,서울특별시,11,금천구,11545,충청북도,43,134,292,66,388,454,214,355,102,827,380,412
20220411,서울특별시,11,금천구,11545,충청남도,44,171,364,84,512,576,240,495,112,1029,481,509
20220411,서울특별시,11,금천구,11545,전라북도,45,122,226,54,324,407,169,301,61,796,278,409
20220411,서울특별시,11,금천구,11545,전라남도,46,124,241,71,333,400,220,358,71,750,332,383
20220411,서울특별시,11,금천구,11545,경상북도,47,186,360,85,500,603,231,529,118,1062,513,587
20220411,서울특별시,11,금천구,11545,경상남도,48,233,443,92,624,868,403,642,150,1441,700,784
20220411,서울특별시,11,금천구,11545,제주특별자치도,50,28,80,17,114,101,70,81,29,251,105,116
20220411,서울특별시,11,성북구,11290,서울특별시,11,517,2996,411,760,3242,391,3001,858,10194,3760,1631
20220411,서울특별시,11,성동구,11200,서울특별시,11,564,5080,423,1721,1668,420,1300,122,6276,2767,946
20220411,서울특별시,11,성동구,11200,부산광역시,26,140,1050,47,473,386,92,381,29,1497,708,302
20220411,서울특별시,11,성동구,11200,대구광역시,27,109,817,26,305,314,71,265,15,1102,465,177
20220411,서울특별시,11,성동구,11200,인천광역시,28,135,1060,43,411,410,89,325,33,1463,629,240
20220411,서울특별시,11,성동구,11200,광주광역시,29,60,499,26,232,196,49,198,18,779,316,114
20220411,서울특별시,11,성동구,11200,대전광역시,30,77,463,16,219,197,49,187,11,761,310,118
20220411,서울특별시,11,성동구,11200,울산광역시,31,38,278,14,153,117,38,135,8,478,224,79
20220411,서울특별시,11,성동구,11200,세종특별자치시,36,19,127,7,53,64,22,56,4,220,95,33
20220411,서울특별시,11,성동구,11200,경기도,41,732,5432,312,2236,2232,542,1715,191,7838,3274,1178
20220411,서울특별시,11,성동구,11200,강원도,42,73,478,33,231,272,48,170,20,677,304,102
20220411,서울특별시,11,성동구,11200,충청북도,43,84,481,22,211,208,49,173,15,739,341,91
20220411,서울특별시,11,성동구,11200,충청남도,44,101,657,39,344,322,73,248,30,995,427,162
20220411,서울특별시,11,성동구,11200,전라북도,45,64,443,11,207,227,50,182,16,754,295,100
20220411,서울특별시,11,서대문구,11410,서울특별시,11,32,1069,231,443,974,94,964,233,2480,809,375
20220411,서울특별시,11,서대문구,11410,부산광역시,26,7,230,53,101,323,22,321,153,511,181,99
20220411,서울특별시,11,서대문구,11410,대구광역시,27,6,181,23,74,224,21,172,75,336,157,73
20220411,서울특별시,11,서대문구,11410,인천광역시,28,5,238,35,90,300,14,327,94,473,157,103
20220411,서울특별시,11,서대문구,11410,광주광역시,29,0,106,13,35,135,7,120,68,283,91,47
20220411,서울특별시,11,서대문구,11410,대전광역시,30,5,112,17,40,145,7,152,51,271,103,55
20220411,서울특별시,11,서대문구,11410,울산광역시,31,3,72,14,28,105,9,77,49,144,47,36
20220411,서울특별시,11,서대문구,11410,세종특별자치시,36,0,32,7,7,36,0,33,11,82,39,16
20220411,서울특별시,11,서대문구,11410,경기도,41,26,1220,190,497,1524,128,1244,661,2899,944,569
20220411,서울특별시,11,서대문구,11410,강원도,42,0,144,28,50,165,7,141,82,280,88,50
20220411,서울특별시,11,서대문구,11410,충청북도,43,7,134,11,45,172,17,171,80,282,99,80
20220411,서울특별시,11,서대문구,11410,충청남도,44,5,154,28,74,242,3,180,60,352,131,77
20220411,서울특별시,11,서대문구,11410,전라북도,45,3,114,20,38,154,6,172,59,257,111,51
20220411,서울특별시,11,서대문구,11410,전라남도,46,3,122,21,33,161,6,154,67,211,74,43
20220411,서울특별시,11,서대문구,11410,경상북도,47,0,170,47,62,275,21,177,88,349,134,72
20220411,서울특별시,11,서대문구,11410,경상남도,48,12,181,32,79,328,11,275,123,442,175,191
20220411,서울특별시,11,서대문구,11410,제주특별자치도,50,3,34,10,17,14,3,10,12,113,38,11
20220411,서울특별시,11,성북구,11290,부산광역시,26,149,775,126,246,1069,115,890,281,2820,936,392
20220411,서울특별시,11,성북구,11290,대구광역시,27,89,548,44,176,822,67,618,203,2170,648,317
20220412,서울특별시,11,관악구,11620,경상북도,47,20,102,26,46,111,10,84,11,151,185,209
20220412,서울특별시,11,강서구,11500,울산광역시,31,17,133,45,111,168,128,321,38,277,98,135
20220412,서울특별시,11,강서구,11500,세종특별자치시,36,14,50,23,57,71,69,102,14,150,47,70
20220412,서울특별시,11,강서구,11500,경기도,41,410,2243,772,1858,2388,1670,4253,318,5222,1522,2297
20220412,서울특별시,11,동대문구,11230,서울특별시,11,294,1352,172,354,1257,95,1267,210,4582,835,400
20220412,서울특별시,11,동대문구,11230,부산광역시,26,83,334,27,89,397,20,448,54,1201,227,112
20220412,서울특별시,11,동대문구,11230,대구광역시,27,50,247,29,73,287,19,266,38,970,140,66
20220412,서울특별시,11,동대문구,11230,인천광역시,28,68,356,55,112,415,28,442,51,1299,220,103
20220412,서울특별시,11,동대문구,11230,광주광역시,29,31,134,18,47,217,11,221,44,719,111,37
20220412,서울특별시,11,동대문구,11230,대전광역시,30,33,129,37,53,187,18,170,35,637,87,52
20220412,서울특별시,11,동대문구,11230,울산광역시,31,12,101,25,33,131,7,172,17,419,46,32
20220412,서울특별시,11,동대문구,11230,세종특별자치시,36,10,42,9,16,46,0,54,10,198,39,14
20220412,서울특별시,11,동대문구,11230,경기도,41,350,1874,290,500,2050,154,2008,301,6550,934,490
20220412,서울특별시,11,동대문구,11230,강원도,42,31,182,30,55,226,14,198,27,595,90,52
20220412,서울특별시,11,동대문구,11230,충청북도,43,29,165,34,56,222,25,231,30,645,97,68
20220412,서울특별시,11,동대문구,11230,충청남도,44,55,218,38,93,327,18,266,44,833,99,73
20220412,서울특별시,11,동대문구,11230,전라북도,45,34,159,24,56,188,18,235,28,663,106,56
20220412,서울특별시,11,동대문구,11230,전라남도,46,39,160,20,64,231,18,262,40,568,92,47
20220412,서울특별시,11,동대문구,11230,경상북도,47,49,254,34,99,325,31,386,47,846,130,82
20220412,서울특별시,11,동대문구,11230,경상남도,48,49,351,38,112,437,32,453,62,1176,151,85
20220412,서울특별시,11,동대문구,11230,제주특별자치도,50,9,46,6,9,46,6,44,5,176,27,10
20220412,서울특별시,11,양천구,11470,충청남도,44,20,160,17,75,162,23,263,13,163,55,67
20220412,서울특별시,11,양천구,11470,전라북도,45,9,95,13,45,122,22,171,5,172,53,51
20220412,서울특별시,11,양천구,11470,전라남도,46,12,91,13,44,125,13,184,0,87,41,50
20220412,서울특별시,11,양천구,11470,경상북도,47,17,143,9,66,169,32,246,7,178,60,64
20220412,서울특별시,11,강서구,11500,강원도,42,33,187,75,193,366,189,471,42,1172,175,371
20220412,서울특별시,11,강서구,11500,충청북도,43,42,204,77,186,289,230,460,37,1005,176,319
20220412,서울특별시,11,강서구,11500,충청남도,44,66,271,108,247,405,315,694,47,1026,204,391
20220412,서울특별시,11,강서구,11500,전라북도,45,41,185,88,201,283,142,406,39,745,166,260
20220412,서울특별시,11,강서구,11500,전라남도,46,37,176,64,169,336,195,502,35,1064,163,310
20220412,서울특별시,11,강서구,11500,경상북도,47,51,344,122,256,418,294,731,41,1296,223,431
20220412,서울특별시,11,강서구,11500,경상남도,48,80,345,150,301,546,335,993,43,1262,261,478
20220412,서울특별시,11,양천구,11470,경상남도,48,23,195,16,78,218,35,360,9,194,89,87
20220412,서울특별시,11,양천구,11470,제주특별자치도,50,0,24,3,22,20,7,24,0,46,13,6
20220412,서울특별시,11,종로구,11110,제주특별자치도,50,7,64,11,11,17,0,10,15,146,57,5
20220412,서울특별시,11,용산구,11170,서울특별시,11,128,1512,252,7502,791,108,718,104,1389,573,381
20220412,서울특별시,11,노원구,11350,인천광역시,28,35,164,16,65,251,31,278,83,372,81,30
20220412,서울특별시,11,노원구,11350,광주광역시,29,15,51,13,29,115,15,100,46,170,49,26
20220412,서울특별시,11,노원구,11350,대전광역시,30,17,58,12,40,121,24,191,29,181,40,19
20220412,서울특별시,11,노원구,11350,울산광역시,31,13,46,4,22,70,13,97,22,101,23,15
20220412,서울특별시,11,노원구,11350,세종특별자치시,36,5,14,0,7,41,5,48,16,57,13,7
20220412,서울특별시,11,노원구,11350,경기도,41,169,885,138,379,1364,211,1504,437,2262,473,277
20220412,서울특별시,11,노원구,11350,강원도,42,27,71,12,34,149,39,136,50,169,44,22
20220412,서울특별시,11,노원구,11350,충청북도,43,25,81,21,32,160,25,117,44,217,42,35
20220412,서울특별시,11,강서구,11500,제주특별자치도,50,12,71,18,43,70,72,84,12,143,36,48
20220412,서울특별시,11,노원구,11350,충청남도,44,25,109,15,52,206,40,238,76,252,53,29
20220412,서울특별시,11,노원구,11350,전라북도,45,31,68,12,36,150,24,105,55,202,53,23
20220412,서울특별시,11,노원구,11350,전라남도,46,18,62,7,34,152,20,124,41,172,35,20
20220412,서울특별시,11,노원구,11350,경상북도,47,40,98,9,44,195,49,178,64,259,45,36
20220412,서울특별시,11,노원구,11350,경상남도,48,43,132,23,71,265,33,301,64,276,80,45
20220412,서울특별시,11,노원구,11350,제주특별자치도,50,0,24,3,5,38,10,25,12,44,14,6
20220412,서울특별시,11,금천구,11545,제주특별자치도,50,14,33,10,79,56,47,51,21,261,96,68
20220412,서울특별시,11,금천구,11545,경상남도,48,131,275,50,427,405,291,319,168,1373,600,482
20220412,서울특별시,11,금천구,11545,경상북도,47,131,197,47,343,319,217,261,134,1135,457,363
20220412,서울특별시,11,금천구,11545,전라남도,46,84,161,41,200,193,171,182,81,816,333,252
20220412,서울특별시,11,금천구,11545,전라북도,45,65,168,39,242,216,105,184,95,826,363,291
20220412,서울특별시,11,금천구,11545,충청남도,44,119,240,50,323,294,190,224,149,1123,473,349
20220412,서울특별시,11,금천구,11545,충청북도,43,77,160,46,262,203,120,177,134,862,345,286
20220412,서울특별시,11,금천구,11545,강원도,42,87,160,45,233,226,139,201,86,810,310,256
20220412,서울특별시,11,금천구,11545,경기도,41,636,1643,393,2213,2331,1255,1787,863,7409,3186,2666
20220412,서울특별시,11,용산구,11170,충청남도,44,21,222,33,1236,139,14,129,16,154,65,44
20220412,서울특별시,11,용산구,11170,충청북도,43,11,148,29,890,107,14,99,19,172,65,36
20220412,서울특별시,11,금천구,11545,세종특별자치시,36,23,39,15,66,63,39,36,44,265,108,82
20220412,서울특별시,11,금천구,11545,울산광역시,31,49,110,22,153,137,99,114,59,599,257,233
20220412,서울특별시,11,금천구,11545,대전광역시,30,75,174,40,247,237,134,182,107,786,324,219
20220412,서울특별시,11,금천구,11545,광주광역시,29,67,156,22,210,190,142,208,116,878,318,279
20220412,서울특별시,11,금천구,11545,인천광역시,28,131,323,53,419,413,228,384,152,1639,687,534
20220412,서울특별시,11,금천구,11545,대구광역시,27,116,231,37,382,334,273,256,147,1220,540,451
20220412,서울특별시,11,금천구,11545,부산광역시,26,135,325,76,467,486,311,372,155,1430,615,552
20220412,서울특별시,11,용산구,11170,강원도,42,14,174,20,825,88,11,80,14,122,49,42
20220412,서울특별시,11,용산구,11170,경기도,41,131,1684,240,8694,1059,151,909,178,1652,645,385
20220412,서울특별시,11,동작구,11590,서울특별시,11,188,802,322,351,1281,67,510,86,1177,405,390
20220412,서울특별시,11,동작구,11590,부산광역시,26,60,154,65,73,385,17,126,25,252,135,119
20220412,서울특별시,11,동작구,11590,대구광역시,27,38,129,67,48,216,22,67,23,188,66,77
20220412,서울특별시,11,강남구,11680,제주특별자치도,50,15,101,34,18,67,8,98,15,283,104,72
20220412,서울특별시,11,동작구,11590,인천광역시,28,58,179,60,72,328,22,131,37,213,102,109
20220412,서울특별시,11,동작구,11590,광주광역시,29,13,78,50,35,177,13,40,10,102,39,51
20220412,서울특별시,11,동작구,11590,대전광역시,30,24,76,34,37,185,8,60,10,117,43,56
20220412,서울특별시,11,동작구,11590,울산광역시,31,23,47,24,31,109,5,46,12,77,30,36
20220412,서울특별시,11,동작구,11590,세종특별자치시,36,7,21,9,14,53,0,15,5,24,15,13
20220412,서울특별시,11,관악구,11620,서울특별시,11,116,787,379,270,507,52,454,43,984,695,978
20220412,서울특별시,11,관악구,11620,부산광역시,26,20,119,63,41,142,17,97,23,253,203,287
20220412,서울특별시,11,관악구,11620,대구광역시,27,14,103,30,39,94,8,77,9,150,152,233
20220412,서울특별시,11,관악구,11620,인천광역시,28,45,158,53,73,137,17,108,27,266,207,279
20220412,서울특별시,11,관악구,11620,광주광역시,29,16,59,26,30,84,9,75,8,131,95,145
20220412,서울특별시,11,관악구,11620,대전광역시,30,12,79,25,25,83,8,42,5,117,111,130
20220412,서울특별시,11,관악구,11620,울산광역시,31,10,51,15,12,56,10,32,4,65,66,69
20220412,서울특별시,11,관악구,11620,세종특별자치시,36,0,12,7,8,22,4,19,0,29,30,36
20220412,서울특별시,11,관악구,11620,경기도,41,140,857,277,362,820,138,531,92,1447,1137,1351
20220412,서울특별시,11,강남구,11680,경상남도,48,70,536,174,209,453,48,711,69,1695,484,509
20220412,서울특별시,11,강남구,11680,경상북도,47,44,375,140,145,267,29,517,60,1382,384,336
20220412,서울특별시,11,강남구,11680,전라남도,46,19,241,90,129,223,16,373,32,822,232,247
20220412,서울특별시,11,강남구,11680,전라북도,45,29,267,85,90,199,19,380,48,1043,276,242
20220412,서울특별시,11,강남구,11680,충청남도,44,53,384,158,195,311,21,604,58,1414,404,326
20220412,서울특별시,11,강남구,11680,충청북도,43,30,314,89,148,207,11,423,50,1122,264,235
20220412,서울특별시,11,강남구,11680,강원도,42,40,288,90,110,217,19,368,38,998,240,231
20220412,서울특별시,11,강남구,11680,경기도,41,376,3811,1739,1161,2540,236,3702,618,10681,2938,2523
20220412,서울특별시,11,강남구,11680,세종특별자치시,36,9,83,50,16,69,0,120,18,285,80,58
20220412,서울특별시,11,강남구,11680,울산광역시,31,21,200,83,70,150,12,239,30,570,183,158
20220412,서울특별시,11,강남구,11680,대전광역시,30,17,290,90,119,229,14,382,59,1123,307,245
20220412,서울특별시,11,강남구,11680,광주광역시,29,33,292,95,95,234,19,344,38,1054,285,292
20220412,서울특별시,11,강남구,11680,인천광역시,28,84,603,211,217,455,53,763,94,2169,556,529
20220412,서울특별시,11,강남구,11680,대구광역시,27,45,404,186,139,299,30,488,69,1556,393,362
20220412,서울특별시,11,강남구,11680,부산광역시,26,60,632,223,205,413,40,822,73,2106,594,579
20220412,서울특별시,11,강남구,11680,서울특별시,11,291,3387,1240,1003,1888,182,3051,356,8176,2440,2453
20220412,서울특별시,11,관악구,11620,강원도,42,12,79,18,27,91,11,61,7,103,124,146
20220412,서울특별시,11,구로구,11530,제주특별자치도,50,5,66,13,45,40,11,21,7,123,15,16
20220412,서울특별시,11,구로구,11530,경상남도,48,48,449,156,172,289,56,126,33,608,169,119
20220412,서울특별시,11,구로구,11530,경상북도,47,27,343,122,161,206,49,109,26,509,99,99
20220412,서울특별시,11,관악구,11620,충청북도,43,20,69,32,37,74,5,57,7,158,123,120
20220412,서울특별시,11,관악구,11620,충청남도,44,28,97,34,53,108,14,66,11,158,163,205
20220412,서울특별시,11,관악구,11620,전라북도,45,11,95,25,38,57,5,41,6,124,121,173
20220412,서울특별시,11,관악구,11620,전라남도,46,9,76,15,31,77,11,55,17,104,137,133
20220412,서울특별시,11,강서구,11500,대전광역시,30,35,204,95,177,210,157,419,23,366,133,192
20220412,서울특별시,11,동작구,11590,경기도,41,253,979,329,465,1895,125,672,171,1539,497,524
20220412,서울특별시,11,동작구,11590,강원도,42,20,106,40,42,214,6,144,20,95,44,41
20220412,서울특별시,11,동작구,11590,충청북도,43,23,66,32,50,224,16,62,10,129,45,44
20220412,서울특별시,11,동작구,11590,충청남도,44,38,107,48,75,241,26,102,25,134,68,78
20220412,서울특별시,11,동작구,11590,전라북도,45,22,94,57,37,163,13,92,20,118,34,45
20220412,서울특별시,11,동작구,11590,전라남도,46,19,87,39,39,209,17,80,27,93,36,46
20220412,서울특별시,11,동작구,11590,경상북도,47,32,124,69,62,269,16,126,22,155,79,80
20220412,서울특별시,11,동작구,11590,경상남도,48,49,174,74,77,371,20,124,38,184,108,89
20220412,서울특별시,11,동작구,11590,제주특별자치도,50,8,24,14,11,34,0,18,5,34,18,8
20220412,서울특별시,11,서초구,11650,부산광역시,26,67,589,192,106,818,28,335,36,382,110,191
20220412,서울특별시,11,서초구,11650,서울특별시,11,386,3574,1073,477,2281,137,1808,183,1955,554,731
20220412,서울특별시,11,서초구,11650,제주특별자치도,50,11,140,22,18,99,6,29,8,73,21,29
20220412,서울특별시,11,서초구,11650,경상남도,48,62,512,173,96,769,41,280,37,338,102,156
20220412,서울특별시,11,서초구,11650,경상북도,47,38,358,132,75,587,23,213,32,270,78,111
20220412,서울특별시,11,구로구,11530,전라남도,46,21,195,140,103,144,34,48,15,380,65,49
20220412,서울특별시,11,구로구,11530,전라북도,45,23,247,79,93,125,28,57,19,399,78,61
20220412,서울특별시,11,구로구,11530,충청남도,44,31,332,214,183,230,38,101,32,481,103,74
20220412,서울특별시,11,구로구,11530,충청북도,43,19,249,76,127,188,48,64,15,412,65,54
20220412,서울특별시,11,구로구,11530,강원도,42,26,204,183,93,180,35,68,19,366,76,48
20220412,서울특별시,11,구로구,11530,경기도,41,233,2671,906,979,1688,329,660,179,3727,863,548
20220412,서울특별시,11,구로구,11530,세종특별자치시,36,5,75,27,30,37,11,26,0,101,23,18
20220412,서울특별시,11,구로구,11530,울산광역시,31,13,124,182,53,102,25,42,12,265,57,43
20220412,서울특별시,11,구로구,11530,서울특별시,11,211,2066,793,677,1158,169,495,111,2446,612,398
20220412,서울특별시,11,구로구,11530,부산광역시,26,39,490,401,200,285,44,126,39,702,142,114
20220412,서울특별시,11,구로구,11530,대구광역시,27,40,320,266,96,220,39,68,23,499,114,130
20220412,서울특별시,11,구로구,11530,인천광역시,28,43,538,410,203,354,54,132,53,717,152,121
20220412,서울특별시,11,구로구,11530,광주광역시,29,24,221,206,80,141,29,63,12,366,90,69
20220412,서울특별시,11,구로구,11530,대전광역시,30,21,237,95,116,161,28,68,18,341,79,50
20220412,서울특별시,11,은평구,11380,서울특별시,11,64,613,122,216,1527,208,669,76,763,491,726
20220412,서울특별시,11,광진구,11215,서울특별시,11,343,1181,134,477,892,196,813,247,1829,1339,390
20220412,서울특별시,11,광진구,11215,부산광역시,26,78,319,19,124,252,58,291,53,389,301,132
20220412,서울특별시,11,광진구,11215,대구광역시,27,57,239,18,82,174,35,184,42,317,258,95
20220412,서울특별시,11,광진구,11215,인천광역시,28,77,296,22,117,268,64,273,74,413,291,110
20220412,서울특별시,11,광진구,11215,광주광역시,29,27,168,8,67,129,31,111,29,206,189,57
20220412,서울특별시,11,광진구,11215,대전광역시,30,38,112,14,66,139,27,117,32,247,171,44
20220412,서울특별시,11,광진구,11215,울산광역시,31,16,118,6,42,78,24,106,18,123,96,37
20220412,서울특별시,11,광진구,11215,세종특별자치시,36,10,54,4,21,35,13,20,6,74,45,12
20220412,서울특별시,11,광진구,11215,경기도,41,428,1458,152,639,1318,311,1239,364,2441,1735,619
20220412,서울특별시,11,광진구,11215,강원도,42,35,113,13,65,149,33,150,40,216,181,62
20220412,서울특별시,11,광진구,11215,충청북도,43,41,132,11,63,132,37,147,32,245,182,48
20220412,서울특별시,11,광진구,11215,충청남도,44,53,200,19,103,183,46,202,43,290,261,79
20220412,서울특별시,11,광진구,11215,전라북도,45,36,137,3,58,139,26,172,26,219,187,51
20220412,서울특별시,11,광진구,11215,전라남도,46,42,148,12,64,135,25,170,45,181,151,52
20220412,서울특별시,11,광진구,11215,경상북도,47,45,188,14,128,196,57,227,56,320,225,85
20220412,서울특별시,11,광진구,11215,경상남도,48,78,263,25,111,236,53,310,55,353,297,128
20220412,서울특별시,11,광진구,11215,제주특별자치도,50,6,24,3,12,40,10,78,5,61,29,18
20220412,서울특별시,11,은평구,11380,제주특별자치도,50,0,14,3,5,32,15,13,0,11,17,12
20220412,서울특별시,11,은평구,11380,경상남도,48,21,92,16,55,411,85,183,35,178,139,254
20220412,서울특별시,11,은평구,11380,경상북도,47,15,67,7,35,254,59,138,19,138,125,206
20220412,서울특별시,11,은평구,11380,전라남도,46,9,55,10,20,232,38,90,17,85,76,141
20220412,서울특별시,11,은평구,11380,전라북도,45,5,47,8,23,179,38,82,18,100,98,116
20220412,서울특별시,11,은평구,11380,충청남도,44,12,74,15,37,312,64,143,26,125,118,189
20220412,서울특별시,11,은평구,11380,충청북도,43,11,43,9,29,191,45,92,25,122,88,129
20220412,서울특별시,11,은평구,11380,강원도,42,5,55,11,27,182,46,90,16,87,108,131
20220412,서울특별시,11,은평구,11380,경기도,41,112,670,140,270,2066,351,880,164,1324,802,1101
20220412,서울특별시,11,은평구,11380,세종특별자치시,36,5,14,0,12,63,8,38,7,27,25,22
20220412,서울특별시,11,은평구,11380,울산광역시,31,7,35,6,18,124,23,60,12,66,69,72
20220412,서울특별시,11,은평구,11380,대전광역시,30,9,36,13,28,166,38,101,12,61,63,132
20220412,서울특별시,11,서초구,11650,전라남도,46,35,226,97,47,330,12,139,27,171,48,78
20220412,서울특별시,11,서초구,11650,전라북도,45,24,293,112,42,343,17,166,19,201,55,93
20220412,서울특별시,11,마포구,11440,제주특별자치도,50,10,108,39,49,98,5,32,18,119,44,11
20220412,서울특별시,11,마포구,11440,경상남도,48,68,580,169,492,863,46,587,72,441,244,121
20220412,서울특별시,11,마포구,11440,경상북도,47,45,380,159,381,714,47,452,49,348,180,95
20220412,서울특별시,11,마포구,11440,전라남도,46,34,261,84,284,422,26,336,21,229,119,39
20220412,서울특별시,11,마포구,11440,전라북도,45,29,287,82,236,403,17,304,39,275,120,37
20220412,서울특별시,11,마포구,11440,충청남도,44,55,418,128,332,555,63,421,47,336,174,76
20220412,서울특별시,11,마포구,11440,충청북도,43,21,337,85,256,445,31,340,39,347,162,59
20220412,서울특별시,11,마포구,11440,강원도,42,40,299,73,273,420,26,307,33,261,149,49
20220412,서울특별시,11,마포구,11440,경기도,41,331,3418,1105,2372,4045,302,2694,315,3339,1529,657
20220412,서울특별시,11,마포구,11440,세종특별자치시,36,11,68,51,75,122,9,82,20,72,39,15
20220412,서울특별시,11,마포구,11440,울산광역시,31,13,216,66,144,322,19,184,9,158,91,27
20220412,서울특별시,11,마포구,11440,대전광역시,30,21,288,104,243,380,25,255,27,315,149,59
20220412,서울특별시,11,금천구,11545,서울특별시,11,545,1376,513,1892,1836,1032,1456,625,5554,2460,2139
20220412,서울특별시,11,은평구,11380,광주광역시,29,5,38,7,32,217,76,80,15,94,75,125
20220412,서울특별시,11,은평구,11380,인천광역시,28,17,107,16,63,369,60,172,39,214,144,208
20220412,서울특별시,11,용산구,11170,부산광역시,26,34,341,36,1643,240,15,202,29,301,126,110
20220412,서울특별시,11,용산구,11170,대구광역시,27,16,256,38,1141,155,25,165,22,223,87,66
20220412,서울특별시,11,용산구,11170,인천광역시,28,26,317,46,1719,204,25,159,29,295,115,86
20220412,서울특별시,11,용산구,11170,광주광역시,29,13,185,27,738,117,14,90,12,124,57,52
20220412,서울특별시,11,용산구,11170,대전광역시,30,20,173,26,921,99,17,112,13,129,55,25
20220412,서울특별시,11,용산구,11170,울산광역시,31,12,102,10,521,58,7,60,13,80,33,27
20220412,서울특별시,11,용산구,11170,세종특별자치시,36,4,50,6,242,25,5,23,4,35,15,10
20220412,서울특별시,11,은평구,11380,대구광역시,27,16,121,10,37,340,56,116,15,115,108,172
20220412,서울특별시,11,은평구,11380,부산광역시,26,18,123,18,64,458,52,166,32,196,171,265
20220412,서울특별시,11,서초구,11650,충청남도,44,52,393,145,72,475,23,202,48,241,65,121
20220412,서울특별시,11,서초구,11650,충청북도,43,25,249,85,60,377,12,162,17,222,40,92
20220412,서울특별시,11,서초구,11650,강원도,42,48,243,82,49,312,11,156,33,196,40,80
20220412,서울특별시,11,서초구,11650,경기도,41,387,4033,1164,574,3677,198,1678,229,2585,589,895
20220412,서울특별시,11,서초구,11650,세종특별자치시,36,6,121,37,11,150,5,50,11,57,18,25
20220412,서울특별시,11,서초구,11650,울산광역시,31,18,250,59,27,300,13,101,15,123,42,44
20220412,서울특별시,11,서초구,11650,대전광역시,30,34,391,86,56,310,15,122,21,186,52,93
20220412,서울특별시,11,서초구,11650,광주광역시,29,24,344,103,38,362,17,140,19,194,44,84
20220412,서울특별시,11,서초구,11650,인천광역시,28,72,589,180,118,697,27,305,42,375,111,183
20220412,서울특별시,11,중랑구,11260,제주특별자치도,50,12,95,0,16,44,13,28,13,86,34,10
20220412,서울특별시,11,중랑구,11260,경상남도,48,47,451,56,148,341,88,310,127,477,175,101
20220412,서울특별시,11,중랑구,11260,경상북도,47,47,356,63,117,255,72,204,114,393,137,106
20220412,서울특별시,11,영등포구,11560,제주특별자치도,50,0,70,13,34,59,0,30,4,88,24,20
20220412,서울특별시,11,성동구,11200,서울특별시,11,341,4763,290,848,1082,263,759,105,4465,1891,540
20220412,서울특별시,11,성동구,11200,부산광역시,26,102,956,50,186,267,62,222,21,1027,475,139
20220412,서울특별시,11,성동구,11200,대구광역시,27,63,630,33,138,230,32,150,13,853,320,86
20220412,서울특별시,11,성동구,11200,인천광역시,28,87,924,52,207,268,41,192,44,1014,413,135
20220412,서울특별시,11,성동구,11200,광주광역시,29,41,388,36,81,122,37,86,16,512,204,74
20220412,서울특별시,11,도봉구,11320,제주특별자치도,50,4,15,5,20,22,4,35,11,98,18,24
20220412,서울특별시,11,도봉구,11320,경상남도,48,37,115,15,148,170,51,247,29,664,152,206
20220412,서울특별시,11,도봉구,11320,경상북도,47,32,110,6,122,120,41,171,16,524,152,179
20220412,서울특별시,11,도봉구,11320,전라남도,46,23,67,5,76,64,25,116,9,344,105,102
20220412,서울특별시,11,도봉구,11320,전라북도,45,24,60,7,92,90,21,125,20,390,95,102
20220412,서울특별시,11,도봉구,11320,충청남도,44,22,103,8,138,132,34,142,20,510,141,138
20220412,서울특별시,11,도봉구,11320,충청북도,43,22,73,0,85,96,34,128,19,440,86,99
20220412,서울특별시,11,성동구,11200,대전광역시,30,37,436,17,86,147,28,99,12,513,175,62
20220412,서울특별시,11,성동구,11200,울산광역시,31,24,205,24,69,83,22,67,7,331,129,33
20220412,서울특별시,11,성동구,11200,세종특별자치시,36,13,116,7,26,28,11,21,4,160,54,13
20220412,서울특별시,11,성동구,11200,경기도,41,432,4990,328,1035,1427,361,985,142,5339,2098,624
20220412,서울특별시,11,성동구,11200,강원도,42,46,377,24,112,134,26,98,16,463,177,58
20220412,서울특별시,11,성동구,11200,충청북도,43,45,449,19,102,146,40,100,11,550,215,56
20220412,서울특별시,11,성동구,11200,충청남도,44,51,528,42,147,184,48,119,18,702,268,86
20220412,서울특별시,11,성동구,11200,전라북도,45,27,353,32,90,130,26,102,11,579,245,66
20220412,서울특별시,11,성동구,11200,전라남도,46,36,325,23,84,136,39,84,11,450,209,46
20220412,서울특별시,11,성동구,11200,경상북도,47,66,493,52,171,181,53,163,19,669,306,84
20220412,서울특별시,11,성동구,11200,경상남도,48,73,717,69,193,270,63,207,23,879,381,105
20220412,서울특별시,11,성동구,11200,제주특별자치도,50,14,199,3,23,33,9,39,8,151,82,11
20220412,서울특별시,11,영등포구,11560,경상남도,48,39,504,57,277,380,35,489,34,418,132,164
20220412,서울특별시,11,영등포구,11560,경상북도,47,42,424,44,186,327,32,402,12,351,104,117
20220412,서울특별시,11,영등포구,11560,전라남도,46,21,255,28,122,212,18,276,12,237,67,89
20220412,서울특별시,11,영등포구,11560,전라북도,45,20,259,66,142,206,26,287,8,305,90,96
20220412,서울특별시,11,영등포구,11560,충청남도,44,27,392,57,173,358,37,363,118,342,102,123
20220412,서울특별시,11,영등포구,11560,충청북도,43,18,355,32,129,213,21,285,15,297,62,86
20220412,서울특별시,11,영등포구,11560,강원도,42,17,243,25,106,245,21,319,13,240,69,78
20220412,서울특별시,11,영등포구,11560,경기도,41,212,2784,373,1301,2216,214,2732,177,3080,928,1069
20220412,서울특별시,11,영등포구,11560,세종특별자치시,36,7,62,5,30,48,7,69,3,70,22,20
20220412,서울특별시,11,영등포구,11560,울산광역시,31,8,203,30,68,138,20,157,8,150,42,52
20220412,서울특별시,11,영등포구,11560,대전광역시,30,22,267,33,116,195,12,255,18,256,58,80
20220412,서울특별시,11,영등포구,11560,광주광역시,29,22,245,34,102,211,19,261,12,254,79,81
20220412,서울특별시,11,영등포구,11560,인천광역시,28,52,701,76,294,396,34,559,45,610,246,258
20220412,서울특별시,11,영등포구,11560,대구광역시,27,29,366,55,176,314,32,384,17,387,97,116
20220412,서울특별시,11,영등포구,11560,부산광역시,26,31,583,79,268,405,37,557,31,483,136,172
20220412,서울특별시,11,영등포구,11560,서울특별시,11,190,2339,341,1002,1454,176,2271,124,2580,852,816
20220412,서울특별시,11,송파구,11710,서울특별시,11,195,1676,433,515,1154,305,1512,121,3151,1009,509
20220412,서울특별시,11,송파구,11710,부산광역시,26,46,313,51,101,436,79,2721,62,714,226,168
20220412,서울특별시,11,송파구,11710,대구광역시,27,46,225,43,99,749,73,7179,106,455,162,228
20220412,서울특별시,11,성북구,11290,제주특별자치도,50,13,74,21,36,52,8,33,31,326,99,34
20220412,서울특별시,11,성북구,11290,경상남도,48,101,431,47,141,600,50,428,170,1988,588,202
20220412,서울특별시,11,성북구,11290,경상북도,47,79,344,38,133,439,59,339,111,1594,467,160
20220412,서울특별시,11,성북구,11290,전라남도,46,39,225,25,82,342,37,237,108,1057,332,112
20220412,서울특별시,11,성북구,11290,전라북도,45,41,233,27,74,322,30,243,84,1224,313,91
20220412,서울특별시,11,성북구,11290,충청남도,44,84,344,47,129,447,54,282,129,1534,479,130
20220412,서울특별시,11,성북구,11290,충청북도,43,54,253,37,94,377,40,216,82,1259,330,112
20220412,서울특별시,11,성북구,11290,강원도,42,45,236,38,86,293,43,218,105,1077,306,101
20220412,서울특별시,11,성북구,11290,경기도,41,624,2452,265,872,2776,371,2183,944,11207,3129,903
20220412,서울특별시,11,성북구,11290,세종특별자치시,36,13,65,6,19,66,5,54,33,275,83,18
20220412,서울특별시,11,성북구,11290,울산광역시,31,30,157,25,52,184,25,130,77,772,203,60
20220412,서울특별시,11,성북구,11290,대전광역시,30,56,243,18,75,251,19,223,77,1142,310,106
20220412,서울특별시,11,성북구,11290,광주광역시,29,61,231,34,87,277,29,203,85,1197,314,92
20220412,서울특별시,11,성북구,11290,인천광역시,28,132,549,54,179,572,63,454,196,2347,638,191
20220412,서울특별시,11,성북구,11290,대구광역시,27,94,340,44,112,389,51,311,117,1579,476,132
20220412,서울특별시,11,성북구,11290,부산광역시,26,99,496,46,159,481,66,506,196,2123,646,199
20220412,서울특별시,11,성북구,11290,서울특별시,11,443,1991,213,594,1774,196,1629,557,7841,2493,937
20220412,서울특별시,11,강북구,11305,제주특별자치도,50,6,29,7,5,8,0,4,3,93,24,5
20220412,서울특별시,11,강북구,11305,경상남도,48,15,208,23,66,115,8,26,57,612,201,24
20220412,서울특별시,11,강북구,11305,경상북도,47,15,180,24,49,75,14,18,23,518,148,17
20220412,서울특별시,11,강동구,11740,서울특별시,11,308,1010,333,394,1135,135,1604,89,1022,430,170
20220412,서울특별시,11,강동구,11740,부산광역시,26,67,192,160,89,348,38,387,24,278,104,55
20220412,서울특별시,11,강동구,11740,대구광역시,27,61,216,100,49,219,23,273,23,180,58,33
20220412,서울특별시,11,강동구,11740,인천광역시,28,127,223,101,109,294,27,339,55,266,57,55
20220412,서울특별시,11,강동구,11740,광주광역시,29,34,96,63,33,149,10,134,10,130,40,23
20220412,서울특별시,11,강동구,11740,대전광역시,30,39,105,55,65,151,14,174,14,102,40,23
20220412,서울특별시,11,강동구,11740,울산광역시,31,15,55,33,24,89,13,126,4,88,35,9
20220412,서울특별시,11,강북구,11305,전라남도,46,22,100,18,35,48,4,17,22,372,100,15
20220412,서울특별시,11,강북구,11305,전라북도,45,10,118,10,29,36,6,8,34,449,106,15
20220412,서울특별시,11,강북구,11305,충청남도,44,18,173,15,65,83,6,25,43,565,174,16
20220412,서울특별시,11,강북구,11305,충청북도,43,14,121,17,35,71,8,14,26,455,134,16
20220412,서울특별시,11,강북구,11305,강원도,42,9,101,14,40,51,5,13,27,362,84,17
20220412,서울특별시,11,강북구,11305,경기도,41,75,1144,136,327,550,66,131,190,3580,1035,165
20220412,서울특별시,11,강북구,11305,세종특별자치시,36,0,21,8,11,15,0,4,4,76,31,3
20220412,서울특별시,11,강북구,11305,울산광역시,31,8,62,6,22,33,11,3,18,228,90,4
20220412,서울특별시,11,강북구,11305,대전광역시,30,4,111,14,31,55,4,13,21,368,103,11
20220412,서울특별시,11,강북구,11305,광주광역시,29,11,100,17,33,43,6,15,22,396,112,13
20220412,서울특별시,11,강북구,11305,인천광역시,28,23,239,26,49,110,6,25,46,676,198,31
20220412,서울특별시,11,강북구,11305,대구광역시,27,12,153,27,34,66,7,15,42,528,171,24
20220412,서울특별시,11,강북구,11305,부산광역시,26,14,193,19,67,93,6,14,38,657,184,24
20220412,서울특별시,11,강북구,11305,서울특별시,11,63,884,146,295,382,35,109,126,2364,712,118
20220412,서울특별시,11,관악구,11620,제주특별자치도,50,0,17,6,6,18,0,19,0,28,35,19
20220412,서울특별시,11,관악구,11620,경상남도,48,32,128,27,56,154,23,105,6,196,232,272
20220412,서울특별시,11,중구,11140,서울특별시,11,418,2115,510,296,2052,189,1011,214,5691,1458,317
20220412,서울특별시,11,강동구,11740,세종특별자치시,36,8,33,23,14,37,7,47,0,34,7,5
20220412,서울특별시,11,강동구,11740,경기도,41,387,1259,404,511,1534,196,1792,130,1623,461,250
20220412,서울특별시,11,서대문구,11410,제주특별자치도,50,3,15,5,11,18,0,7,20,76,22,4
20220412,서울특별시,11,중구,11140,부산광역시,26,95,397,151,91,414,70,156,63,1459,357,72
20220412,서울특별시,11,중구,11140,대구광역시,27,61,316,86,46,362,30,94,39,1123,284,46
20220412,서울특별시,11,중구,11140,인천광역시,28,77,380,91,84,460,44,204,78,1297,320,54
20220412,서울특별시,11,중구,11140,광주광역시,29,32,224,38,32,221,29,87,34,757,185,30
20220412,서울특별시,11,중구,11140,대전광역시,30,47,202,51,41,307,30,72,34,729,174,16
20220412,서울특별시,11,중구,11140,울산광역시,31,27,117,28,19,108,28,43,28,460,102,9
20220412,서울특별시,11,도봉구,11320,강원도,42,21,64,34,97,89,31,132,10,405,64,70
20220412,서울특별시,11,도봉구,11320,경기도,41,196,788,123,805,844,251,989,147,3885,824,823
20220412,서울특별시,11,도봉구,11320,세종특별자치시,36,7,24,0,24,16,5,20,6,106,20,21
20220412,서울특별시,11,도봉구,11320,울산광역시,31,13,36,4,46,56,24,82,12,221,67,72
20220412,서울특별시,11,도봉구,11320,대전광역시,30,16,56,5,76,90,28,109,11,364,75,102
20220412,서울특별시,11,도봉구,11320,광주광역시,29,23,60,0,70,81,25,129,15,413,65,112
20220412,서울특별시,11,도봉구,11320,인천광역시,28,43,133,9,162,176,52,220,31,762,149,170
20220412,서울특별시,11,도봉구,11320,대구광역시,27,35,90,16,102,152,25,172,20,521,116,161
20220412,서울특별시,11,도봉구,11320,부산광역시,26,33,131,9,137,143,45,268,27,719,125,207
20220412,서울특별시,11,도봉구,11320,서울특별시,11,141,560,129,591,545,153,823,86,2519,519,525
20220412,서울특별시,11,중구,11140,세종특별자치시,36,18,58,11,10,62,9,24,14,189,40,7
20220412,서울특별시,11,중랑구,11260,서울특별시,11,241,2609,360,736,1089,295,1063,309,1994,868,509
20220412,서울특별시,11,중랑구,11260,부산광역시,26,75,570,70,168,323,106,290,115,536,203,129
20220412,서울특별시,11,마포구,11440,광주광역시,29,27,287,110,238,357,19,259,60,276,136,51
20220412,서울특별시,11,마포구,11440,인천광역시,28,70,706,239,446,751,41,576,62,629,272,104
20220412,서울특별시,11,마포구,11440,대구광역시,27,44,432,190,320,600,30,404,38,438,183,67
20220412,서울특별시,11,마포구,11440,부산광역시,26,66,695,235,530,978,53,586,52,571,260,137
20220412,서울특별시,11,마포구,11440,서울특별시,11,286,3300,1181,1988,2956,231,2216,163,2803,1278,502
20220412,서울특별시,11,서초구,11650,대구광역시,27,59,571,124,68,490,32,210,30,269,79,127
20220412,서울특별시,11,중랑구,11260,대구광역시,27,44,341,63,117,208,58,229,82,383,167,92
20220412,서울특별시,11,중랑구,11260,인천광역시,28,58,671,66,181,303,90,278,94,593,209,137
20220412,서울특별시,11,중랑구,11260,광주광역시,29,32,225,24,73,139,40,113,64,284,102,74
20220412,서울특별시,11,중랑구,11260,대전광역시,30,36,303,30,94,145,51,172,39,278,113,64
20220412,서울특별시,11,중구,11140,경기도,41,468,2306,439,394,2698,322,1088,300,6598,1710,316
20220412,서울특별시,11,서대문구,11410,경상남도,48,9,107,19,76,183,7,188,355,311,94,47
20220412,서울특별시,11,서대문구,11410,경상북도,47,7,97,18,44,147,10,94,213,284,95,37
20220412,서울특별시,11,서대문구,11410,전라남도,46,3,71,11,33,105,3,57,129,170,39,82
20220412,서울특별시,11,서대문구,11410,전라북도,45,0,86,10,36,122,6,87,152,228,88,13
20220412,서울특별시,11,서대문구,11410,충청남도,44,7,103,30,69,175,11,136,215,234,89,45
20220412,서울특별시,11,서대문구,11410,충청북도,43,0,62,4,43,111,4,80,132,221,69,16
20220412,서울특별시,11,서대문구,11410,강원도,42,0,80,11,40,108,0,76,168,194,68,17
20220412,서울특별시,11,서대문구,11410,경기도,41,43,825,141,449,966,85,809,1378,2207,619,291
20220412,서울특별시,11,서대문구,11410,세종특별자치시,36,0,13,4,15,18,0,12,45,50,13,7
20220412,서울특별시,11,서대문구,11410,울산광역시,31,0,43,4,17,71,0,49,120,127,34,19
20220412,서울특별시,11,서대문구,11410,대전광역시,30,0,76,5,44,86,4,70,127,208,53,22
20220412,서울특별시,11,서대문구,11410,광주광역시,29,0,67,11,35,93,0,69,150,199,57,15
20220412,서울특별시,11,서대문구,11410,인천광역시,28,7,160,23,67,172,6,177,234,380,98,45
20220412,서울특별시,11,서대문구,11410,대구광역시,27,6,110,22,57,132,7,144,202,295,98,34
20220412,서울특별시,11,서대문구,11410,부산광역시,26,4,134,16,113,179,8,190,308,374,103,64
20220412,서울특별시,11,서대문구,11410,서울특별시,11,23,754,145,458,549,41,561,679,1718,571,293
20220412,서울특별시,11,강동구,11740,강원도,42,46,98,25,60,152,28,247,8,90,43,20
20220412,서울특별시,11,강동구,11740,충청북도,43,61,96,47,48,170,12,205,22,149,40,17
20220412,서울특별시,11,강동구,11740,충청남도,44,52,162,63,99,238,16,310,28,163,50,25
20220412,서울특별시,11,강동구,11740,전라북도,45,46,88,44,40,135,18,202,10,102,32,19
20220412,서울특별시,11,강동구,11740,전라남도,46,52,98,54,56,170,12,199,9,103,32,13
20220412,서울특별시,11,강동구,11740,경상북도,47,61,178,58,85,293,29,307,17,143,68,25
20220412,서울특별시,11,강동구,11740,경상남도,48,73,215,78,117,329,29,371,23,229,76,43
20220412,서울특별시,11,강동구,11740,제주특별자치도,50,17,36,7,21,39,3,40,0,32,11,10
20220412,서울특별시,11,송파구,11710,인천광역시,28,34,314,65,117,325,79,423,48,732,207,120
20220412,서울특별시,11,송파구,11710,광주광역시,29,28,168,30,92,347,48,2621,49,343,95,114
20220412,서울특별시,11,송파구,11710,대전광역시,30,40,163,29,66,587,54,7447,91,358,128,197
20220412,서울특별시,11,송파구,11710,울산광역시,31,11,96,16,25,140,31,842,25,190,74,50
20220412,서울특별시,11,송파구,11710,세종특별자치시,36,15,57,16,17,253,13,3120,45,94,27,86
20220412,서울특별시,11,송파구,11710,경기도,41,204,1844,455,622,2138,448,8522,311,4278,1100,755
20220412,서울특별시,11,송파구,11710,강원도,42,33,180,39,73,386,67,3335,48,309,103,122
20220412,서울특별시,11,송파구,11710,충청북도,43,35,178,39,79,481,61,5531,64,376,105,129
20220412,서울특별시,11,송파구,11710,충청남도,44,49,216,60,129,636,75,6883,103,509,158,178
20220412,서울특별시,11,송파구,11710,전라북도,45,15,144,62,58,313,46,2914,42,364,84,95
20220412,서울특별시,11,송파구,11710,전라남도,46,26,146,47,64,342,41,2782,52,278,96,102
20220412,서울특별시,11,송파구,11710,경상북도,47,40,230,31,103,540,76,4291,94,435,147,160
20220412,서울특별시,11,송파구,11710,경상남도,48,38,245,75,104,648,83,5280,89,591,162,220
20220412,서울특별시,11,송파구,11710,제주특별자치도,50,7,42,11,19,29,13,28,3,133,37,9
20220412,서울특별시,11,중랑구,11260,울산광역시,31,19,152,29,55,106,37,99,38,180,85,43
20220412,서울특별시,11,중랑구,11260,전라남도,46,34,189,29,102,174,58,150,65,259,99,62
20220412,서울특별시,11,중랑구,11260,전라북도,45,34,193,24,87,180,40,137,50,286,123,59
20220412,서울특별시,11,중랑구,11260,충청남도,44,44,360,53,111,244,94,215,92,382,162,88
20220412,서울특별시,11,중랑구,11260,충청북도,43,25,235,39,56,193,53,150,56,308,91,62
20220412,서울특별시,11,중랑구,11260,강원도,42,43,339,31,79,156,53,116,53,291,122,52
20220412,서울특별시,11,중랑구,11260,경기도,41,326,2669,305,926,1484,532,1382,506,2812,1038,637
20220412,서울특별시,11,중랑구,11260,세종특별자치시,36,10,59,14,15,40,15,23,23,84,34,15
20220412,서울특별시,11,용산구,11170,제주특별자치도,50,7,55,8,241,32,7,24,0,46,22,8
20220412,서울특별시,11,용산구,11170,경상남도,48,14,302,31,1484,180,22,194,24,208,91,75
20220412,서울특별시,11,용산구,11170,경상북도,47,15,195,29,1155,176,17,162,25,180,87,63
20220412,서울특별시,11,용산구,11170,전라남도,46,13,135,15,787,104,9,104,7,101,46,27
20220412,서울특별시,11,용산구,11170,전라북도,45,11,145,28,797,75,20,113,15,141,46,40
20220412,서울특별시,11,종로구,11110,서울특별시,11,259,1310,255,387,856,105,468,198,3646,1049,144
20220412,서울특별시,11,종로구,11110,부산광역시,26,56,296,43,93,210,21,115,51,995,283,54
20220412,서울특별시,11,종로구,11110,대구광역시,27,43,222,33,74,159,13,72,25,754,171,25
20220412,서울특별시,11,종로구,11110,인천광역시,28,65,299,44,90,204,31,142,66,932,266,40
20220412,서울특별시,11,종로구,11110,광주광역시,29,27,130,21,34,93,14,66,56,543,143,18
20220412,서울특별시,11,종로구,11110,대전광역시,30,24,157,22,57,93,21,58,28,484,166,18
20220412,서울특별시,11,종로구,11110,울산광역시,31,16,86,15,24,57,11,17,10,276,107,12
20220412,서울특별시,11,종로구,11110,세종특별자치시,36,4,42,8,15,23,0,16,11,107,41,6
20220412,서울특별시,11,종로구,11110,경기도,41,337,1596,213,481,1049,155,617,352,4552,1466,236
20220412,서울특별시,11,종로구,11110,강원도,42,31,160,24,59,98,14,70,83,394,110,28
20220412,서울특별시,11,종로구,11110,충청북도,43,25,175,28,48,104,22,62,56,469,147,32
20220412,서울특별시,11,종로구,11110,충청남도,44,44,224,22,92,128,20,64,43,579,195,36
20220412,서울특별시,11,종로구,11110,전라북도,45,35,146,20,45,100,13,56,67,478,118,35
20220412,서울특별시,11,중구,11140,강원도,42,36,228,58,44,280,32,104,18,655,164,17
20220412,서울특별시,11,중구,11140,충청북도,43,57,236,55,39,306,17,100,31,700,163,28
20220412,서울특별시,11,중구,11140,충청남도,44,65,282,42,62,353,50,105,44,934,211,30
20220412,서울특별시,11,중구,11140,전라북도,45,42,230,59,36,404,38,56,26,719,153,16
20220412,서울특별시,11,종로구,11110,전라남도,46,27,178,24,39,97,9,60,50,435,132,24
20220412,서울특별시,11,종로구,11110,경상북도,47,44,236,24,85,155,18,64,50,629,216,39
20220412,서울특별시,11,종로구,11110,경상남도,48,52,245,96,80,205,22,95,64,812,256,36
20220412,서울특별시,11,양천구,11470,서울특별시,11,85,932,128,343,848,103,1304,43,1211,354,382
20220412,서울특별시,11,양천구,11470,부산광역시,26,29,218,29,83,243,17,346,8,250,89,110
20220412,서울특별시,11,양천구,11470,대구광역시,27,18,146,17,53,153,15,217,12,216,69,75
20220412,서울특별시,11,양천구,11470,인천광역시,28,28,253,27,82,237,33,320,29,256,76,95
20220412,서울특별시,11,양천구,11470,광주광역시,29,8,110,13,31,71,15,154,7,127,40,50
20220412,서울특별시,11,양천구,11470,대전광역시,30,14,100,5,38,92,13,145,3,129,63,54
20220412,서울특별시,11,양천구,11470,울산광역시,31,8,76,3,26,87,12,98,3,81,37,47
20220412,서울특별시,11,양천구,11470,세종특별자치시,36,3,30,0,17,39,0,49,0,28,8,21
20220412,서울특별시,11,양천구,11470,경기도,41,126,1172,138,420,1123,142,1758,61,1661,503,506
20220412,서울특별시,11,중구,11140,전라남도,46,54,222,35,36,349,30,84,17,599,146,20
20220412,서울특별시,11,중구,11140,경상북도,47,69,303,55,76,374,32,85,43,939,264,34
20220412,서울특별시,11,양천구,11470,강원도,42,24,100,12,62,109,16,187,3,132,35,44
20220412,서울특별시,11,양천구,11470,충청북도,43,22,118,14,39,109,17,183,7,158,47,37
20220412,서울특별시,11,중구,11140,경상남도,48,82,335,112,102,494,59,138,65,1199,308,61
20220412,서울특별시,11,중구,11140,제주특별자치도,50,16,69,17,17,113,10,20,9,235,51,6
20220412,서울특별시,11,노원구,11350,서울특별시,11,104,705,127,297,964,122,1020,256,1514,396,168
20220412,서울특별시,11,노원구,11350,부산광역시,26,30,148,22,48,297,45,337,69,342,91,63
20220412,서울특별시,11,노원구,11350,대구광역시,27,36,92,7,57,184,34,199,62,271,68,21
20220412,서울특별시,11,강서구,11500,서울특별시,11,287,1708,636,1519,1576,731,3278,190,3217,992,1612
20220412,서울특별시,11,강서구,11500,부산광역시,26,82,403,154,349,442,307,1066,59,887,298,440
20220412,서울특별시,11,강서구,11500,대구광역시,27,59,335,130,260,337,234,600,43,589,200,297
20220412,서울특별시,11,강서구,11500,인천광역시,28,85,439,154,376,438,328,887,81,877,290,470
20220412,서울특별시,11,강서구,11500,광주광역시,29,30,212,89,164,227,146,434,30,486,138,247
20220413,서울특별시,11,종로구,11110,대구광역시,27,43,198,44,69,110,16,64,42,687,184,40
20220413,서울특별시,11,종로구,11110,부산광역시,26,63,259,47,93,165,30,95,44,1017,277,43
20220413,서울특별시,11,종로구,11110,서울특별시,11,250,1202,320,355,728,94,433,180,3542,998,182
20220413,서울특별시,11,광진구,11215,제주특별자치도,50,8,29,0,15,37,6,58,15,68,33,17
20220413,서울특별시,11,광진구,11215,경상남도,48,70,237,18,153,211,49,262,72,373,325,86
20220413,서울특별시,11,광진구,11215,경상북도,47,43,155,13,131,214,38,234,68,307,259,87
20220413,서울특별시,11,광진구,11215,전라남도,46,38,122,10,85,148,25,144,47,209,156,44
20220413,서울특별시,11,광진구,11215,전라북도,45,37,132,9,76,131,27,113,37,257,190,86
20220413,서울특별시,11,구로구,11530,충청북도,43,18,153,23,101,155,32,54,39,317,49,67
20220413,서울특별시,11,구로구,11530,강원도,42,17,168,15,89,144,34,75,29,305,58,79
20220413,서울특별시,11,용산구,11170,충청북도,43,12,129,24,791,95,48,63,7,108,45,30
20220413,서울특별시,11,용산구,11170,충청남도,44,23,197,25,1127,140,38,232,21,151,42,33
20220413,서울특별시,11,용산구,11170,전라북도,45,13,113,26,721,86,22,71,15,136,39,29
20220413,서울특별시,11,용산구,11170,전라남도,46,11,119,15,760,107,33,87,12,107,40,19
20220413,서울특별시,11,용산구,11170,경상북도,47,14,215,13,1119,133,44,121,13,131,68,37
20220413,서울특별시,11,구로구,11530,경기도,41,195,1757,222,864,1542,337,597,304,3174,629,766
20220413,서울특별시,11,구로구,11530,세종특별자치시,36,5,53,5,22,51,12,20,13,75,16,19
20220413,서울특별시,11,구로구,11530,울산광역시,31,8,110,13,58,96,18,54,35,180,27,53
20220413,서울특별시,11,구로구,11530,대전광역시,30,15,159,18,94,157,31,65,28,282,55,58
20220413,서울특별시,11,구로구,11530,광주광역시,29,22,145,21,59,131,29,100,29,299,53,78
20220413,서울특별시,11,구로구,11530,인천광역시,28,18,340,50,174,308,61,134,55,591,105,154
20220413,서울특별시,11,강서구,11500,충청남도,44,90,281,99,261,354,199,592,58,1288,250,423
20220413,서울특별시,11,강서구,11500,전라북도,45,47,201,58,153,249,122,380,42,926,176,240
20220413,서울특별시,11,강서구,11500,전라남도,46,51,180,57,170,293,140,442,47,1219,227,376
20220413,서울특별시,11,강서구,11500,경상북도,47,80,313,102,277,423,185,591,77,1498,284,411
20220413,서울특별시,11,강서구,11500,경상남도,48,91,376,93,322,484,249,799,94,1613,352,510
20220413,서울특별시,11,강서구,11500,제주특별자치도,50,12,65,20,34,53,57,68,9,234,35,61
20220413,서울특별시,11,구로구,11530,대구광역시,27,19,284,29,111,191,47,74,41,439,87,125
20220413,서울특별시,11,성동구,11200,제주특별자치도,50,17,232,16,21,33,8,22,5,160,79,7
20220413,서울특별시,11,동작구,11590,제주특별자치도,50,8,15,5,5,29,3,12,0,24,14,7
20220413,서울특별시,11,동작구,11590,경상남도,48,45,127,92,70,329,26,96,40,186,71,92
20220413,서울특별시,11,동작구,11590,경상북도,47,27,94,55,64,242,14,90,47,119,62,80
20220413,서울특별시,11,동작구,11590,전라남도,46,26,60,43,35,187,15,100,23,76,31,62
20220413,서울특별시,11,구로구,11530,부산광역시,26,20,286,29,164,273,53,128,58,553,148,179
20220413,서울특별시,11,구로구,11530,서울특별시,11,138,1405,203,595,1056,185,436,161,2112,450,504
20220413,서울특별시,11,중구,11140,울산광역시,31,18,102,14,24,112,19,45,17,396,87,14
20220413,서울특별시,11,송파구,11710,광주광역시,29,9,101,21,100,303,73,2892,45,264,72,95
20220413,서울특별시,11,송파구,11710,인천광역시,28,21,279,78,138,294,126,458,42,502,142,135
20220413,서울특별시,11,송파구,11710,대구광역시,27,51,192,32,121,737,89,8609,115,398,137,243
20220413,서울특별시,11,송파구,11710,부산광역시,26,23,267,56,126,456,139,3321,75,515,187,199
20220413,서울특별시,11,도봉구,11320,서울특별시,11,147,479,70,554,561,155,691,90,2004,467,376
20220413,서울특별시,11,도봉구,11320,부산광역시,26,34,125,7,152,176,52,224,35,585,153,109
20220413,서울특별시,11,도봉구,11320,대구광역시,27,39,76,10,96,116,37,186,24,447,128,94
20220413,서울특별시,11,도봉구,11320,인천광역시,28,45,130,14,115,179,38,213,29,602,155,101
20220413,서울특별시,11,도봉구,11320,광주광역시,29,16,56,7,66,72,26,95,10,331,78,53
20220413,서울특별시,11,송파구,11710,서울특별시,11,103,1360,381,510,1159,491,2028,119,2609,769,524
20220413,서울특별시,11,영등포구,11560,서울특별시,11,201,2072,419,935,1359,143,2294,90,1949,867,820
20220413,서울특별시,11,성동구,11200,경상남도,48,60,641,50,205,288,72,161,24,869,455,88
20220413,서울특별시,11,강북구,11305,제주특별자치도,50,0,18,9,6,10,0,4,0,69,12,4
20220413,서울특별시,11,강북구,11305,경상남도,48,15,167,20,54,90,15,18,22,590,150,22
20220413,서울특별시,11,강북구,11305,경상북도,47,16,124,21,42,74,7,20,22,487,123,14
20220413,서울특별시,11,성동구,11200,경상북도,47,54,466,48,190,200,47,127,28,696,361,72
20220413,서울특별시,11,중구,11140,세종특별자치시,36,16,59,11,10,74,5,27,12,168,37,6
20220413,서울특별시,11,중구,11140,경기도,41,480,2042,233,392,2544,307,1034,250,5768,1379,317
20220413,서울특별시,11,중구,11140,강원도,42,42,168,32,47,326,51,88,24,524,106,39
20220413,서울특별시,11,중구,11140,충청북도,43,37,211,26,40,282,41,96,32,636,138,37
20220413,서울특별시,11,중구,11140,충청남도,44,61,275,29,83,371,44,83,43,721,160,42
20220413,서울특별시,11,중구,11140,전라북도,45,31,192,27,69,293,32,72,24,617,137,24
20220413,서울특별시,11,중구,11140,전라남도,46,34,181,39,34,265,19,119,19,567,122,34
20220413,서울특별시,11,서대문구,11410,제주특별자치도,50,0,31,4,5,19,0,11,15,50,25,4
20220413,서울특별시,11,서대문구,11410,경상남도,48,3,102,19,59,277,11,173,167,255,94,34
20220413,서울특별시,11,서대문구,11410,경상북도,47,0,114,20,44,189,4,120,163,197,83,25
20220413,서울특별시,11,서대문구,11410,전라남도,46,5,56,14,25,120,8,71,111,115,38,27
20220413,서울특별시,11,서대문구,11410,전라북도,45,7,78,11,16,112,4,87,65,185,66,36
20220413,서울특별시,11,서대문구,11410,충청남도,44,4,111,12,53,181,11,107,118,179,78,24
20220413,서울특별시,11,서대문구,11410,충청북도,43,0,74,10,27,127,0,86,71,194,70,19
20220413,서울특별시,11,서대문구,11410,강원도,42,4,71,17,33,97,3,74,73,139,51,16
20220413,서울특별시,11,서대문구,11410,경기도,41,50,789,138,321,1028,59,700,787,1926,557,247
20220413,서울특별시,11,서대문구,11410,세종특별자치시,36,0,15,0,8,31,0,16,37,47,11,5
20220413,서울특별시,11,서대문구,11410,울산광역시,31,3,36,10,19,76,8,55,57,98,38,10
20220413,서울특별시,11,서대문구,11410,대전광역시,30,5,85,10,45,91,3,78,81,168,71,22
20220413,서울특별시,11,서대문구,11410,광주광역시,29,0,63,10,28,95,5,41,49,126,49,19
20220413,서울특별시,11,중구,11140,경상북도,47,50,290,29,80,350,48,132,35,797,173,42
20220413,서울특별시,11,광진구,11215,충청남도,44,38,213,21,134,182,37,182,53,317,264,71
20220413,서울특별시,11,광진구,11215,충청북도,43,40,117,8,82,129,30,113,44,273,180,57
20220413,서울특별시,11,광진구,11215,강원도,42,33,109,14,81,130,31,129,32,176,192,50
20220413,서울특별시,11,광진구,11215,경기도,41,653,1382,142,805,1312,254,1058,368,2542,1771,514
20220413,서울특별시,11,광진구,11215,세종특별자치시,36,5,48,5,20,29,4,29,15,51,50,11
20220413,서울특별시,11,광진구,11215,울산광역시,31,28,97,7,46,78,19,77,28,150,111,28
20220413,서울특별시,11,마포구,11440,전라북도,45,24,291,100,289,339,32,254,24,289,127,45
20220413,서울특별시,11,광진구,11215,대전광역시,30,31,117,6,76,112,20,101,43,212,176,48
20220413,서울특별시,11,관악구,11620,제주특별자치도,50,4,13,9,7,16,0,16,0,38,18,14
20220413,서울특별시,11,관악구,11620,경상남도,48,46,131,40,50,111,22,87,11,161,196,201
20220413,서울특별시,11,성동구,11200,전라남도,46,22,339,33,100,165,32,79,11,477,255,49
20220413,서울특별시,11,성동구,11200,전라북도,45,34,368,35,106,157,29,69,16,530,271,64
20220413,서울특별시,11,성동구,11200,충청남도,44,40,469,53,145,208,37,108,20,674,335,70
20220413,서울특별시,11,중랑구,11260,경상북도,47,37,282,32,143,214,77,237,49,336,100,78
20220413,서울특별시,11,중랑구,11260,전라남도,46,29,150,30,68,154,54,191,39,221,68,57
20220413,서울특별시,11,중랑구,11260,전라북도,45,15,172,20,82,142,38,186,40,282,82,57
20220413,서울특별시,11,중랑구,11260,충청남도,44,47,261,36,128,221,70,274,53,337,126,84
20220413,서울특별시,11,중랑구,11260,충청북도,43,19,166,25,76,137,47,179,51,260,109,55
20220413,서울특별시,11,중랑구,11260,강원도,42,29,289,26,83,161,54,190,40,243,77,46
20220413,서울특별시,11,중랑구,11260,경기도,41,274,2067,257,805,1379,496,1950,358,2797,901,544
20220413,서울특별시,11,영등포구,11560,부산광역시,26,40,462,48,197,420,29,593,20,437,159,158
20220413,서울특별시,11,영등포구,11560,대구광역시,27,33,263,58,147,262,16,389,218,297,110,87
20220413,서울특별시,11,서초구,11650,제주특별자치도,50,14,47,19,18,43,5,24,7,69,16,19
20220413,서울특별시,11,서초구,11650,경상남도,48,58,254,161,83,304,35,174,36,307,94,118
20220413,서울특별시,11,서초구,11650,경상북도,47,34,181,118,63,215,21,137,24,257,67,100
20220413,서울특별시,11,서초구,11650,전라남도,46,20,110,64,54,114,20,74,14,184,44,75
20220413,서울특별시,11,서초구,11650,전라북도,45,19,115,97,30,122,16,93,13,169,41,51
20220413,서울특별시,11,서초구,11650,충청남도,44,33,198,116,65,183,20,125,35,249,98,83
20220413,서울특별시,11,서초구,11650,충청북도,43,19,152,77,47,163,9,90,18,216,38,60
20220413,서울특별시,11,서초구,11650,강원도,42,21,157,93,58,152,14,83,23,141,46,64
20220413,서울특별시,11,서초구,11650,경기도,41,285,1801,1039,547,1730,178,1036,166,2672,722,652
20220413,서울특별시,11,서초구,11650,세종특별자치시,36,6,39,27,11,44,0,27,5,78,17,26
20220413,서울특별시,11,서초구,11650,울산광역시,31,9,99,64,28,82,7,58,7,125,35,37
20220413,서울특별시,11,영등포구,11560,인천광역시,28,48,539,101,220,377,32,524,35,390,180,228
20220413,서울특별시,11,강북구,11305,전라남도,46,9,92,10,35,42,5,15,20,340,86,17
20220413,서울특별시,11,강북구,11305,전라북도,45,8,108,24,38,49,5,13,28,400,75,13
20220413,서울특별시,11,강북구,11305,충청남도,44,12,151,89,52,61,10,20,21,474,121,11
20220413,서울특별시,11,강북구,11305,충청북도,43,4,105,30,32,52,9,11,16,372,88,11
20220413,서울특별시,11,강북구,11305,강원도,42,10,87,30,32,63,5,13,17,347,65,18
20220413,서울특별시,11,영등포구,11560,광주광역시,29,22,214,45,92,176,16,262,6,173,66,81
20220413,서울특별시,11,관악구,11620,경상북도,47,11,100,33,32,85,12,54,10,147,128,156
20220413,서울특별시,11,양천구,11470,세종특별자치시,36,0,17,3,6,27,4,15,0,29,8,4
20220413,서울특별시,11,양천구,11470,경기도,41,136,845,124,454,1152,147,593,65,1658,429,298
20220413,서울특별시,11,양천구,11470,강원도,42,18,59,9,39,121,9,59,5,95,35,30
20220413,서울특별시,11,양천구,11470,충청북도,43,6,72,12,52,124,15,52,4,148,37,33
20220413,서울특별시,11,양천구,11470,충청남도,44,16,91,24,66,149,21,97,10,130,53,42
20220413,서울특별시,11,양천구,11470,전라북도,45,7,61,10,36,108,11,68,0,139,42,46
20220413,서울특별시,11,양천구,11470,전라남도,46,14,69,8,26,124,19,49,8,78,45,28
20220413,서울특별시,11,양천구,11470,경상북도,47,17,100,8,46,181,11,94,8,151,49,46
20220413,서울특별시,11,양천구,11470,경상남도,48,24,116,21,73,199,25,123,14,141,84,60
20220413,서울특별시,11,서대문구,11410,인천광역시,28,6,132,30,63,206,5,127,164,288,101,36
20220413,서울특별시,11,서대문구,11410,대구광역시,27,9,95,12,41,174,10,97,116,215,76,67
20220413,서울특별시,11,서대문구,11410,부산광역시,26,4,134,16,67,240,10,159,153,326,111,32
20220413,서울특별시,11,서대문구,11410,서울특별시,11,27,728,151,300,735,57,484,501,1403,500,167
20220413,서울특별시,11,영등포구,11560,대전광역시,30,22,214,37,125,191,16,286,12,173,61,89
20220413,서울특별시,11,영등포구,11560,울산광역시,31,12,151,26,80,132,5,192,7,112,59,62
20220413,서울특별시,11,은평구,11380,세종특별자치시,36,6,11,5,5,24,7,15,0,17,11,28
20220413,서울특별시,11,은평구,11380,울산광역시,31,5,33,0,17,55,26,43,11,32,37,65
20220413,서울특별시,11,은평구,11380,대전광역시,30,9,33,10,21,83,27,73,10,63,68,90
20220413,서울특별시,11,은평구,11380,광주광역시,29,6,62,6,18,87,34,56,14,66,57,86
20220413,서울특별시,11,은평구,11380,인천광역시,28,20,95,16,39,185,43,113,34,149,97,182
20220413,서울특별시,11,마포구,11440,전라남도,46,23,229,92,294,368,21,280,17,186,101,48
20220413,서울특별시,11,마포구,11440,경상북도,47,44,371,148,385,565,54,379,40,291,162,79
20220413,서울특별시,11,마포구,11440,경상남도,48,58,512,188,583,714,49,463,45,442,209,102
20220413,서울특별시,11,서초구,11650,대전광역시,30,43,180,90,59,152,12,84,12,176,55,52
20220413,서울특별시,11,서초구,11650,광주광역시,29,14,147,92,44,151,23,78,16,178,56,73
20220413,서울특별시,11,서초구,11650,인천광역시,28,42,314,168,106,275,26,232,24,336,118,141
20220413,서울특별시,11,은평구,11380,대구광역시,27,21,48,4,31,115,50,87,13,114,103,124
20220413,서울특별시,11,은평구,11380,부산광역시,26,23,83,25,50,197,76,152,23,141,137,193
20220413,서울특별시,11,서초구,11650,서울특별시,11,278,1875,766,503,1271,151,1288,114,1814,546,585
20220413,서울특별시,11,서초구,11650,부산광역시,26,65,318,147,91,287,19,200,37,365,95,130
20220413,서울특별시,11,은평구,11380,서울특별시,11,70,452,128,190,592,204,539,76,650,451,616
20220413,서울특별시,11,강북구,11305,경기도,41,79,890,310,325,508,51,115,137,3101,751,165
20220413,서울특별시,11,강북구,11305,세종특별자치시,36,0,18,4,10,17,3,4,4,88,24,4
20220413,서울특별시,11,강북구,11305,울산광역시,31,6,60,7,29,26,3,6,10,202,48,17
20220413,서울특별시,11,강북구,11305,대전광역시,30,8,86,44,39,47,6,12,22,318,90,13
20220413,서울특별시,11,강북구,11305,광주광역시,29,5,88,5,36,35,0,12,21,371,100,10
20220413,서울특별시,11,강북구,11305,인천광역시,28,18,179,97,53,91,11,22,30,586,138,30
20220413,서울특별시,11,강동구,11740,경기도,41,271,1035,384,400,1319,210,1356,334,1566,512,273
20220413,서울특별시,11,강동구,11740,강원도,42,35,93,34,40,149,24,173,19,72,39,27
20220413,서울특별시,11,강동구,11740,충청북도,43,31,81,46,43,141,15,174,26,120,42,25
20220413,서울특별시,11,강동구,11740,충청남도,44,49,127,52,55,193,34,221,38,149,46,34
20220413,서울특별시,11,양천구,11470,제주특별자치도,50,0,19,0,9,22,4,12,0,34,10,7
20220413,서울특별시,11,관악구,11620,전라남도,46,8,79,17,25,64,6,59,10,87,89,98
20220413,서울특별시,11,관악구,11620,전라북도,45,9,71,28,28,69,9,50,6,136,77,99
20220413,서울특별시,11,마포구,11440,제주특별자치도,50,20,105,47,87,81,12,48,10,111,50,12
20220413,서울특별시,11,관악구,11620,충청남도,44,16,96,26,48,79,20,57,12,149,133,142
20220413,서울특별시,11,관악구,11620,충청북도,43,12,76,21,24,78,9,56,12,125,102,120
20220413,서울특별시,11,관악구,11620,강원도,42,12,70,22,35,84,9,73,9,85,79,98
20220413,서울특별시,11,관악구,11620,경기도,41,129,852,264,321,685,120,491,79,1460,932,964
20220413,서울특별시,11,동작구,11590,전라북도,45,22,77,69,40,163,9,59,28,67,47,45
20220413,서울특별시,11,동작구,11590,충청남도,44,33,99,58,66,239,13,92,32,119,57,66
20220413,서울특별시,11,동작구,11590,충청북도,43,28,74,44,50,171,5,89,21,124,51,55
20220413,서울특별시,11,동작구,11590,강원도,42,16,86,55,44,208,13,79,21,68,44,34
20220413,서울특별시,11,동작구,11590,경기도,41,228,825,434,440,1615,101,605,203,1410,509,483
20220413,서울특별시,11,동작구,11590,세종특별자치시,36,5,15,9,8,47,3,12,9,27,12,18
20220413,서울특별시,11,동작구,11590,울산광역시,31,12,26,19,20,95,7,45,9,53,38,25
20220413,서울특별시,11,동작구,11590,대전광역시,30,28,62,58,34,166,10,63,22,89,49,49
20220413,서울특별시,11,동작구,11590,광주광역시,29,21,59,64,51,154,10,59,21,101,62,53
20220413,서울특별시,11,동작구,11590,인천광역시,28,43,142,73,75,352,22,125,28,161,108,106
20220413,서울특별시,11,동작구,11590,대구광역시,27,40,87,74,55,245,17,82,15,148,73,63
20220413,서울특별시,11,동작구,11590,부산광역시,26,42,124,93,75,329,17,114,27,166,95,114
20220413,서울특별시,11,동작구,11590,서울특별시,11,207,640,451,313,1136,64,506,67,823,383,363
20220413,서울특별시,11,영등포구,11560,세종특별자치시,36,5,44,14,22,45,0,80,6,39,24,16
20220413,서울특별시,11,영등포구,11560,경기도,41,193,2357,432,1161,1743,160,2702,168,2483,838,900
20220413,서울특별시,11,영등포구,11560,강원도,42,23,210,49,115,160,22,243,17,161,60,51
20220413,서울특별시,11,영등포구,11560,충청북도,43,15,248,42,110,191,9,285,18,215,60,78
20220413,서울특별시,11,관악구,11620,세종특별자치시,36,6,12,10,6,12,0,20,4,18,22,22
20220413,서울특별시,11,관악구,11620,울산광역시,31,10,41,8,26,30,10,28,3,57,54,55
20220413,서울특별시,11,관악구,11620,대전광역시,30,8,69,44,30,71,16,42,4,79,86,108
20220413,서울특별시,11,관악구,11620,광주광역시,29,22,52,37,53,57,15,44,7,98,79,124
20220413,서울특별시,11,관악구,11620,인천광역시,28,39,126,47,51,114,18,95,8,208,174,194
20220413,서울특별시,11,관악구,11620,대구광역시,27,22,78,36,54,102,18,74,7,130,129,158
20220413,서울특별시,11,관악구,11620,부산광역시,26,26,143,55,57,139,27,97,16,218,180,196
20220413,서울특별시,11,중랑구,11260,제주특별자치도,50,6,77,6,18,28,16,33,9,73,24,14
20220413,서울특별시,11,중랑구,11260,경상남도,48,45,377,47,155,293,110,364,94,427,171,105
20220413,서울특별시,11,영등포구,11560,충청남도,44,24,293,70,171,225,19,377,25,236,66,108
20220413,서울특별시,11,마포구,11440,서울특별시,11,224,3141,868,1926,2354,185,1982,221,2502,1083,438
20220413,서울특별시,11,강북구,11305,대구광역시,27,15,128,14,37,62,3,11,24,444,106,20
20220413,서울특별시,11,강북구,11305,부산광역시,26,8,130,31,58,109,15,23,30,553,153,22
20220413,서울특별시,11,강동구,11740,경상남도,48,52,149,74,63,238,30,361,62,152,80,42
20220413,서울특별시,11,강동구,11740,경상북도,47,51,129,76,60,193,25,252,54,123,45,29
20220413,서울특별시,11,강동구,11740,전라남도,46,31,77,40,45,115,19,129,29,89,32,24
20220413,서울특별시,11,강동구,11740,전라북도,45,28,80,44,26,141,14,138,21,112,41,17
20220413,서울특별시,11,중랑구,11260,세종특별자치시,36,8,41,8,9,29,22,53,11,59,30,6
20220413,서울특별시,11,중랑구,11260,울산광역시,31,16,132,15,42,88,35,101,32,166,47,18
20220413,서울특별시,11,중랑구,11260,대전광역시,30,22,267,21,94,134,38,168,41,278,81,52
20220413,서울특별시,11,중랑구,11260,광주광역시,29,24,182,12,66,123,54,151,41,264,82,54
20220413,서울특별시,11,중랑구,11260,인천광역시,28,55,485,44,184,292,72,382,71,502,206,90
20220413,서울특별시,11,중랑구,11260,대구광역시,27,35,279,31,91,184,60,250,47,347,121,108
20220413,서울특별시,11,중랑구,11260,부산광역시,26,50,435,59,140,277,108,390,68,482,188,108
20220413,서울특별시,11,중랑구,11260,서울특별시,11,210,1859,227,716,910,303,1547,248,1922,740,382
20220413,서울특별시,11,마포구,11440,부산광역시,26,82,548,164,593,726,59,528,73,537,263,105
20220413,서울특별시,11,마포구,11440,대구광역시,27,40,434,132,339,455,40,348,62,405,181,66
20220413,서울특별시,11,중구,11140,경상남도,48,69,380,33,80,472,56,113,57,1028,265,69
20220413,서울특별시,11,중구,11140,제주특별자치도,50,22,61,15,14,138,8,22,8,226,35,6
20220413,서울특별시,11,강서구,11500,울산광역시,31,20,134,49,97,135,96,256,32,456,87,156
20220413,서울특별시,11,강서구,11500,세종특별자치시,36,9,45,16,48,70,31,82,17,221,45,77
20220413,서울특별시,11,양천구,11470,울산광역시,31,8,45,5,20,75,8,28,8,68,28,20
20220413,서울특별시,11,노원구,11350,서울특별시,11,174,542,87,233,894,141,688,197,1242,319,157
20220413,서울특별시,11,노원구,11350,부산광역시,26,53,146,22,53,279,32,166,66,266,87,30
20220413,서울특별시,11,노원구,11350,대구광역시,27,43,83,15,52,179,22,127,53,220,45,26
20220413,서울특별시,11,노원구,11350,인천광역시,28,59,117,13,66,234,37,173,67,302,63,33
20220413,서울특별시,11,노원구,11350,광주광역시,29,13,76,9,21,105,15,50,52,157,28,14
20220413,서울특별시,11,노원구,11350,대전광역시,30,24,69,6,25,136,29,74,48,130,32,16
20220413,서울특별시,11,노원구,11350,울산광역시,31,19,47,3,22,79,14,42,34,104,21,13
20220413,서울특별시,11,노원구,11350,세종특별자치시,36,8,13,0,3,27,3,24,14,44,14,3
20220413,서울특별시,11,노원구,11350,경기도,41,257,801,137,332,1256,210,881,349,2065,423,197
20220413,서울특별시,11,노원구,11350,강원도,42,28,63,3,23,145,41,84,53,146,39,19
20220413,서울특별시,11,관악구,11620,서울특별시,11,94,719,429,245,458,66,385,48,955,595,747
20220413,서울특별시,11,노원구,11350,충청북도,43,30,64,21,37,129,32,96,41,181,33,28
20220413,서울특별시,11,노원구,11350,충청남도,44,38,88,14,46,140,34,153,74,196,42,19
20220413,서울특별시,11,종로구,11110,제주특별자치도,50,10,54,10,0,17,5,16,15,176,46,8
20220413,서울특별시,11,종로구,11110,경상남도,48,50,236,141,72,132,27,113,52,788,261,55
20220413,서울특별시,11,마포구,11440,인천광역시,28,84,607,202,486,683,58,502,52,488,256,120
20220413,서울특별시,11,노원구,11350,전라북도,45,30,64,7,35,142,25,95,53,181,40,18
20220413,서울특별시,11,노원구,11350,전라남도,46,33,56,8,25,131,19,78,33,124,33,21
20220413,서울특별시,11,강남구,11680,제주특별자치도,50,29,94,22,34,81,7,150,19,241,72,67
20220413,서울특별시,11,강남구,11680,경상남도,48,61,487,129,168,447,35,916,77,1620,403,363
20220413,서울특별시,11,강남구,11680,경상북도,47,25,374,120,146,338,30,633,61,1327,306,265
20220413,서울특별시,11,노원구,11350,경상북도,47,34,113,6,51,206,25,133,60,202,46,29
20220413,서울특별시,11,노원구,11350,경상남도,48,52,149,16,48,246,44,155,80,280,76,36
20220413,서울특별시,11,노원구,11350,제주특별자치도,50,10,15,0,5,12,7,16,6,38,8,4
20220413,서울특별시,11,양천구,11470,대전광역시,30,13,71,12,31,119,11,46,0,113,37,28
20220413,서울특별시,11,강서구,11500,경기도,41,452,2239,606,1647,2118,1278,3678,431,7541,1487,2385
20220413,서울특별시,11,강서구,11500,강원도,42,67,173,72,159,329,118,420,41,1322,239,354
20220413,서울특별시,11,강서구,11500,충청북도,43,53,207,66,200,293,151,413,49,1210,230,359
20220413,서울특별시,11,강북구,11305,서울특별시,11,56,687,218,214,324,22,82,67,2018,548,121
20220413,서울특별시,11,강남구,11680,전라남도,46,27,239,76,103,223,20,436,30,798,192,170
20220413,서울특별시,11,강남구,11680,전라북도,45,24,285,73,106,221,13,439,37,1039,246,182
20220413,서울특별시,11,강남구,11680,충청남도,44,42,363,135,156,340,19,591,68,1303,267,223
20220413,서울특별시,11,강남구,11680,충청북도,43,37,278,67,111,225,20,494,51,1027,242,184
20220413,서울특별시,11,강남구,11680,강원도,42,28,250,75,107,266,13,467,44,924,208,175
20220413,서울특별시,11,강남구,11680,경기도,41,303,3539,876,1050,2560,202,4790,473,10453,2313,2149
20220413,서울특별시,11,강남구,11680,세종특별자치시,36,7,80,19,30,67,3,153,10,269,59,58
20220413,서울특별시,11,도봉구,11320,대전광역시,30,20,55,0,70,82,21,96,18,270,76,52
20220413,서울특별시,11,도봉구,11320,울산광역시,31,10,36,5,46,56,19,68,15,196,53,31
20220413,서울특별시,11,도봉구,11320,세종특별자치시,36,6,13,0,24,25,8,30,8,65,18,9
20220413,서울특별시,11,도봉구,11320,경기도,41,197,684,69,738,826,243,981,146,3160,765,551
20220413,서울특별시,11,도봉구,11320,강원도,42,34,52,28,82,91,30,82,14,276,74,50
20220413,서울특별시,11,도봉구,11320,충청북도,43,18,67,4,75,95,35,99,11,314,82,57
20220413,서울특별시,11,도봉구,11320,충청남도,44,25,111,8,124,110,39,123,14,387,108,71
20220413,서울특별시,11,도봉구,11320,전라북도,45,20,68,5,84,79,25,95,11,311,63,38
20220413,서울특별시,11,도봉구,11320,전라남도,46,26,74,5,68,114,25,91,9,296,96,48
20220413,서울특별시,11,도봉구,11320,경상북도,47,43,89,9,109,146,38,167,26,390,139,56
20220413,서울특별시,11,도봉구,11320,경상남도,48,53,129,13,149,146,60,190,32,520,161,110
20220413,서울특별시,11,도봉구,11320,제주특별자치도,50,9,19,0,13,24,6,33,5,73,17,5
20220413,서울특별시,11,용산구,11170,제주특별자치도,50,6,42,5,223,25,5,17,6,47,11,0
20220413,서울특별시,11,용산구,11170,경상남도,48,27,261,28,1350,176,64,167,17,224,91,45
20220413,서울특별시,11,성동구,11200,서울특별시,11,317,4245,359,950,1029,197,701,113,4520,1955,457
20220413,서울특별시,11,성동구,11200,부산광역시,26,76,856,86,239,246,48,199,24,1079,547,103
20220413,서울특별시,11,성동구,11200,대구광역시,27,58,561,46,166,246,39,116,27,802,394,77
20220413,서울특별시,11,성동구,11200,인천광역시,28,73,860,68,235,288,48,151,50,955,500,118
20220413,서울특별시,11,성동구,11200,광주광역시,29,30,360,38,86,137,12,84,16,573,265,59
20220413,서울특별시,11,성동구,11200,대전광역시,30,38,317,34,113,149,45,73,18,490,245,50
20220413,서울특별시,11,성동구,11200,울산광역시,31,23,184,17,67,91,17,46,7,341,175,30
20220413,서울특별시,11,성동구,11200,세종특별자치시,36,6,102,9,33,44,5,26,4,135,64,6
20220413,서울특별시,11,성동구,11200,경기도,41,369,4529,371,1144,1558,320,848,158,5602,2419,558
20220413,서울특별시,11,성동구,11200,강원도,42,34,350,33,96,144,34,89,15,431,238,56
20220413,서울특별시,11,강서구,11500,대구광역시,27,69,242,119,232,300,176,511,61,947,210,316
20220413,서울특별시,11,강서구,11500,인천광역시,28,80,429,143,324,436,202,756,60,1248,242,434
20220413,서울특별시,11,양천구,11470,광주광역시,29,14,83,6,44,92,13,62,4,86,47,34
20220413,서울특별시,11,양천구,11470,인천광역시,28,29,169,20,69,200,26,126,12,220,73,59
20220413,서울특별시,11,영등포구,11560,전라북도,45,12,233,42,103,171,8,316,13,198,59,84
20220413,서울특별시,11,마포구,11440,광주광역시,29,28,268,84,254,331,23,214,24,239,129,49
20220413,서울특별시,11,마포구,11440,대전광역시,30,23,287,111,268,366,17,236,25,265,118,49
20220413,서울특별시,11,성동구,11200,충청북도,43,43,342,38,110,162,34,93,16,561,251,38
20220413,서울특별시,11,마포구,11440,울산광역시,31,7,164,62,163,181,15,163,15,153,92,37
20220413,서울특별시,11,마포구,11440,세종특별자치시,36,9,67,27,84,95,3,73,10,42,30,16
20220413,서울특별시,11,마포구,11440,경기도,41,292,2945,1058,2581,3464,306,2437,381,2897,1326,585
20220413,서울특별시,11,마포구,11440,강원도,42,40,255,93,276,299,22,265,29,184,122,35
20220413,서울특별시,11,마포구,11440,충청북도,43,25,275,75,264,352,29,284,22,311,112,69
20220413,서울특별시,11,마포구,11440,충청남도,44,37,329,111,413,532,42,359,35,308,179,75
20220413,서울특별시,11,양천구,11470,대구광역시,27,20,75,7,56,139,18,85,5,165,53,43
20220413,서울특별시,11,양천구,11470,부산광역시,26,32,142,15,85,214,12,130,13,213,74,72
20220413,서울특별시,11,양천구,11470,서울특별시,11,83,620,145,342,790,89,522,35,1078,341,289
20220413,서울특별시,11,강서구,11500,광주광역시,29,33,160,65,176,193,135,318,46,697,157,200
20220413,서울특별시,11,강서구,11500,대전광역시,30,41,174,72,171,197,89,332,33,612,121,218
20220413,서울특별시,11,중구,11140,서울특별시,11,381,1780,276,301,1908,217,941,141,4799,1208,322
20220413,서울특별시,11,중구,11140,부산광역시,26,99,398,43,91,483,71,124,45,1270,325,89
20220413,서울특별시,11,중구,11140,대구광역시,27,66,291,40,54,289,33,98,50,919,249,45
20220413,서울특별시,11,광진구,11215,광주광역시,29,30,136,7,65,131,17,129,43,243,202,65
20220413,서울특별시,11,광진구,11215,인천광역시,28,55,254,14,146,285,33,233,55,454,395,98
20220413,서울특별시,11,금천구,11545,제주특별자치도,50,28,57,7,43,55,33,48,30,270,95,77
20220413,서울특별시,11,용산구,11170,서울특별시,11,99,1173,212,7238,772,268,508,94,1357,538,238
20220413,서울특별시,11,강남구,11680,울산광역시,31,17,163,49,61,189,14,327,34,532,128,161
20220413,서울특별시,11,용산구,11170,부산광역시,26,29,294,34,1590,206,74,178,25,313,111,47
20220413,서울특별시,11,용산구,11170,대구광역시,27,13,198,17,1055,125,48,96,17,209,60,39
20220413,서울특별시,11,용산구,11170,인천광역시,28,27,309,39,1663,181,57,134,23,241,104,52
20220413,서울특별시,11,성북구,11290,제주특별자치도,50,11,42,7,11,61,18,49,36,329,89,22
20220413,서울특별시,11,성북구,11290,경상남도,48,68,450,56,109,465,66,381,136,1779,530,176
20220413,서울특별시,11,성북구,11290,경상북도,47,73,333,46,97,363,47,292,121,1397,467,128
20220413,서울특별시,11,성북구,11290,전라남도,46,36,195,23,65,248,25,185,62,952,251,84
20220413,서울특별시,11,성북구,11290,전라북도,45,34,209,32,73,227,33,206,66,1024,270,99
20220413,서울특별시,11,성북구,11290,충청남도,44,44,301,40,107,366,37,295,123,1416,415,108
20220413,서울특별시,11,성북구,11290,충청북도,43,34,215,33,69,250,34,186,63,1104,303,98
20220413,서울특별시,11,성북구,11290,강원도,42,31,186,22,53,206,40,197,68,953,310,89
20220413,서울특별시,11,성북구,11290,경기도,41,377,2226,256,634,2388,343,2061,795,10308,2944,885
20220413,서울특별시,11,성북구,11290,세종특별자치시,36,4,59,6,16,59,11,49,21,273,100,15
20220413,서울특별시,11,성북구,11290,울산광역시,31,22,160,10,30,142,20,123,40,674,185,57
20220413,서울특별시,11,성북구,11290,대전광역시,30,43,207,19,57,221,26,210,66,1046,287,57
20220413,서울특별시,11,성북구,11290,광주광역시,29,58,226,18,61,189,34,173,57,1066,287,68
20220413,서울특별시,11,성북구,11290,인천광역시,28,96,436,48,144,470,62,423,145,2138,588,166
20220413,서울특별시,11,강남구,11680,대전광역시,30,29,264,81,91,241,9,548,40,1034,198,236
20220413,서울특별시,11,강남구,11680,광주광역시,29,30,302,95,78,273,19,421,48,1068,200,186
20220413,서울특별시,11,강남구,11680,인천광역시,28,65,592,184,197,508,27,955,56,2053,438,438
20220413,서울특별시,11,강남구,11680,대구광역시,27,49,410,144,149,303,28,698,57,1501,326,332
20220413,서울특별시,11,강남구,11680,부산광역시,26,60,607,205,183,459,38,1024,97,2100,506,487
20220413,서울특별시,11,강남구,11680,서울특별시,11,275,3265,1105,904,2048,136,3979,300,7603,1861,2211
20220413,서울특별시,11,강동구,11740,서울특별시,11,261,803,340,338,957,138,1178,245,1022,429,248
20220413,서울특별시,11,강동구,11740,부산광역시,26,48,136,104,68,286,36,285,73,258,112,67
20220413,서울특별시,11,강동구,11740,대구광역시,27,46,105,93,52,219,25,184,38,162,66,38
20220413,서울특별시,11,강동구,11740,인천광역시,28,51,162,118,73,266,37,255,75,199,80,49
20220413,서울특별시,11,강동구,11740,광주광역시,29,30,68,66,28,124,22,136,30,116,44,21
20220413,서울특별시,11,강동구,11740,대전광역시,30,36,64,55,33,130,13,124,35,95,37,15
20220413,서울특별시,11,강동구,11740,울산광역시,31,16,34,46,28,82,21,112,14,53,25,13
20220413,서울특별시,11,강동구,11740,세종특별자치시,36,5,11,22,11,31,4,40,13,29,10,4
20220413,서울특별시,11,광진구,11215,대구광역시,27,53,254,21,102,170,37,169,46,387,278,76
20220413,서울특별시,11,광진구,11215,부산광역시,26,54,284,26,164,278,55,339,45,498,334,114
20220413,서울특별시,11,용산구,11170,광주광역시,29,14,130,16,671,83,39,69,11,139,56,21
20220413,서울특별시,11,서초구,11650,대구광역시,27,42,249,146,71,217,28,133,21,276,93,87
20220413,서울특별시,11,송파구,11710,제주특별자치도,50,0,36,17,13,33,14,22,3,66,30,18
20220413,서울특별시,11,송파구,11710,경상남도,48,38,251,109,145,631,142,6106,126,425,149,225
20220413,서울특별시,11,송파구,11710,경상북도,47,26,206,48,138,498,94,4746,69,324,101,166
20220413,서울특별시,11,송파구,11710,전라남도,46,8,120,34,96,338,70,3026,53,202,74,110
20220413,서울특별시,11,송파구,11710,전라북도,45,15,127,37,73,347,65,3235,48,263,67,89
20220413,서울특별시,11,송파구,11710,충청남도,44,31,194,71,126,694,73,7798,98,335,112,202
20220413,서울특별시,11,송파구,11710,충청북도,43,20,141,60,85,526,81,6203,90,342,92,154
20220413,서울특별시,11,금천구,11545,경상남도,48,119,296,51,363,357,199,449,128,1530,608,394
20220413,서울특별시,11,금천구,11545,경상북도,47,94,217,18,292,268,197,323,114,1164,467,329
20220413,서울특별시,11,금천구,11545,전라남도,46,82,176,16,207,210,121,252,76,786,298,204
20220413,서울특별시,11,금천구,11545,전라북도,45,68,148,13,188,168,77,210,93,967,324,230
20220413,서울특별시,11,금천구,11545,충청남도,44,100,240,17,283,283,152,348,140,1078,459,298
20220413,서울특별시,11,금천구,11545,충청북도,43,70,177,30,190,221,102,249,95,854,345,203
20220413,서울특별시,11,금천구,11545,강원도,42,66,173,46,199,232,97,255,76,794,306,207
20220413,서울특별시,11,금천구,11545,경기도,41,690,1729,334,1964,2009,964,2459,752,8181,2862,2411
20220413,서울특별시,11,금천구,11545,세종특별자치시,36,11,46,6,73,52,39,61,47,273,99,76
20220413,서울특별시,11,동대문구,11230,서울특별시,11,270,1217,124,354,1133,81,1223,140,4585,663,390
20220413,서울특별시,11,동대문구,11230,부산광역시,26,60,352,25,93,343,22,383,42,1113,181,99
20220413,서울특별시,11,동대문구,11230,대구광역시,27,49,226,22,74,278,22,239,42,887,134,61
20220413,서울특별시,11,동대문구,11230,인천광역시,28,77,354,35,102,361,26,396,40,1182,183,93
20220413,서울특별시,11,동대문구,11230,광주광역시,29,31,140,19,53,164,13,163,27,671,105,43
20220413,서울특별시,11,동대문구,11230,대전광역시,30,41,154,20,42,179,17,186,21,601,79,49
20220413,서울특별시,11,동대문구,11230,울산광역시,31,25,108,16,24,114,11,144,13,376,59,23
20220413,서울특별시,11,동대문구,11230,세종특별자치시,36,6,34,8,16,38,5,51,15,197,27,12
20220413,서울특별시,11,동대문구,11230,경기도,41,352,1705,207,469,1868,141,1688,249,6424,941,485
20220413,서울특별시,11,동대문구,11230,강원도,42,40,182,28,49,233,14,189,14,600,78,36
20220413,서울특별시,11,동대문구,11230,충청북도,43,35,179,16,64,219,14,196,34,682,86,38
20220413,서울특별시,11,동대문구,11230,충청남도,44,54,221,31,78,317,18,257,38,861,102,53
20220413,서울특별시,11,동대문구,11230,전라북도,45,24,154,17,43,172,14,183,27,675,80,45
20220413,서울특별시,11,동대문구,11230,전라남도,46,32,161,18,39,224,7,212,35,564,86,46
20220413,서울특별시,11,동대문구,11230,경상북도,47,30,212,24,84,299,25,293,53,947,126,71
20220413,서울특별시,11,동대문구,11230,경상남도,48,70,330,37,108,348,38,393,53,1103,160,90
20220413,서울특별시,11,동대문구,11230,제주특별자치도,50,12,45,3,9,52,5,27,6,182,22,13
20220413,서울특별시,11,용산구,11170,대전광역시,30,11,133,14,878,99,43,77,11,133,54,31
20220413,서울특별시,11,광진구,11215,서울특별시,11,462,1088,160,654,889,132,718,172,1898,1468,338
20220413,서울특별시,11,강동구,11740,제주특별자치도,50,7,14,10,10,34,7,22,13,26,14,7
20220413,서울특별시,11,종로구,11110,경상북도,47,24,217,33,58,115,19,83,48,603,194,58
20220413,서울특별시,11,종로구,11110,전라남도,46,28,135,27,38,78,14,63,54,402,118,28
20220413,서울특별시,11,은평구,11380,제주특별자치도,50,4,10,3,7,16,8,15,0,13,17,12
20220413,서울특별시,11,은평구,11380,경상남도,48,26,69,17,41,191,75,145,42,119,134,185
20220413,서울특별시,11,은평구,11380,경상북도,47,22,66,13,37,143,56,118,25,98,86,161
20220413,서울특별시,11,은평구,11380,전라남도,46,11,37,6,22,120,39,78,22,74,63,113
20220413,서울특별시,11,은평구,11380,전라북도,45,7,45,7,33,94,40,72,30,82,53,104
20220413,서울특별시,11,은평구,11380,충청남도,44,17,59,8,44,154,50,123,33,101,82,136
20220413,서울특별시,11,은평구,11380,충청북도,43,8,52,6,31,76,28,72,15,121,50,91
20220413,서울특별시,11,은평구,11380,강원도,42,13,38,9,23,91,42,94,19,73,75,110
20220413,서울특별시,11,은평구,11380,경기도,41,88,577,146,267,1010,296,727,132,1230,594,916
20220413,서울특별시,11,종로구,11110,전라북도,45,18,144,20,38,89,6,70,64,446,129,29
20220413,서울특별시,11,중구,11140,인천광역시,28,77,416,33,78,455,42,207,48,1108,288,61
20220413,서울특별시,11,중구,11140,광주광역시,29,35,213,25,39,214,25,70,35,624,142,23
20220413,서울특별시,11,성북구,11290,대구광역시,27,58,308,31,58,297,56,298,96,1492,434,104
20220413,서울특별시,11,성북구,11290,부산광역시,26,77,449,60,115,429,80,473,162,2016,602,181
20220413,서울특별시,11,성북구,11290,서울특별시,11,241,1757,246,427,1533,242,1553,486,7462,2548,939
20220413,서울특별시,11,중구,11140,대전광역시,30,50,230,21,54,287,30,79,22,602,148,33
20220413,서울특별시,11,강서구,11500,서울특별시,11,304,1570,606,1319,1477,549,2649,284,4429,982,1756
20220413,서울특별시,11,강서구,11500,부산광역시,26,96,413,148,307,435,197,801,67,1339,275,477
20220413,서울특별시,11,영등포구,11560,전라남도,46,29,266,47,93,189,17,296,9,147,63,68
20220413,서울특별시,11,영등포구,11560,경상북도,47,21,332,63,156,301,19,400,16,235,77,112
20220413,서울특별시,11,영등포구,11560,경상남도,48,44,474,82,178,375,44,545,10,306,129,134
20220413,서울특별시,11,영등포구,11560,제주특별자치도,50,4,53,15,22,33,0,61,4,63,25,14
20220413,서울특별시,11,구로구,11530,제주특별자치도,50,3,40,4,18,36,11,24,8,93,14,17
20220413,서울특별시,11,구로구,11530,경상남도,48,25,275,28,178,276,73,131,73,570,106,187
20220413,서울특별시,11,구로구,11530,경상북도,47,25,210,31,131,218,37,98,51,459,87,115
20220413,서울특별시,11,구로구,11530,전라남도,46,15,129,46,93,158,43,53,39,294,47,78
20220413,서울특별시,11,구로구,11530,전라북도,45,16,147,15,72,156,32,66,38,335,58,72
20220413,서울특별시,11,종로구,11110,충청남도,44,42,253,26,59,121,18,75,38,565,202,45
20220413,서울특별시,11,종로구,11110,충청북도,43,35,174,13,47,108,11,69,46,464,149,35
20220413,서울특별시,11,금천구,11545,울산광역시,31,34,124,13,102,131,67,135,73,588,201,153
20220413,서울특별시,11,금천구,11545,대전광역시,30,72,179,23,225,207,89,237,87,898,317,274
20220413,서울특별시,11,금천구,11545,광주광역시,29,76,129,24,210,179,90,192,102,927,326,229
20220413,서울특별시,11,금천구,11545,인천광역시,28,134,328,51,369,376,153,504,137,1610,644,484
20220413,서울특별시,11,금천구,11545,대구광역시,27,83,200,30,294,321,163,308,136,1267,445,441
20220413,서울특별시,11,금천구,11545,부산광역시,26,134,329,31,404,399,260,510,138,1507,583,476
20220413,서울특별시,11,금천구,11545,서울특별시,11,525,1496,886,1659,1614,841,2021,517,5920,2031,2002
20220413,서울특별시,11,구로구,11530,충청남도,44,20,224,38,157,201,41,118,49,358,67,94
20220413,서울특별시,11,송파구,11710,강원도,42,17,140,35,90,380,93,4049,66,230,66,110
20220413,서울특별시,11,송파구,11710,경기도,41,152,1565,387,764,1989,663,9986,274,3583,937,786
20220413,서울특별시,11,송파구,11710,세종특별자치시,36,11,43,8,57,262,26,3436,36,61,27,59
20220413,서울특별시,11,송파구,11710,울산광역시,31,6,76,26,37,165,40,1202,22,146,42,70
20220413,서울특별시,11,용산구,11170,울산광역시,31,6,79,12,499,57,32,52,3,87,27,21
20220413,서울특별시,11,용산구,11170,세종특별자치시,36,0,26,9,240,25,12,24,0,33,11,11
20220413,서울특별시,11,용산구,11170,경기도,41,131,1459,199,8151,954,334,747,131,1622,555,260
20220413,서울특별시,11,용산구,11170,강원도,42,15,83,16,714,85,30,75,12,112,48,15
20220413,서울특별시,11,송파구,11710,대전광역시,30,24,134,18,94,710,67,8784,114,272,81,193
20220413,서울특별시,11,종로구,11110,강원도,42,30,152,27,41,70,6,71,75,391,119,38
20220413,서울특별시,11,종로구,11110,경기도,41,295,1568,218,448,859,109,605,313,4467,1436,247
20220413,서울특별시,11,종로구,11110,세종특별자치시,36,8,40,8,15,32,3,15,13,119,50,9
20220413,서울특별시,11,종로구,11110,울산광역시,31,25,90,16,35,54,8,46,13,284,73,3
20220413,서울특별시,11,종로구,11110,대전광역시,30,21,155,19,46,78,8,58,32,434,139,24
20220413,서울특별시,11,종로구,11110,광주광역시,29,20,143,24,35,79,12,55,32,480,151,33
20220413,서울특별시,11,종로구,11110,인천광역시,28,50,267,37,84,170,27,102,49,865,271,61
20220414,서울특별시,11,구로구,11530,서울특별시,11,103,1558,247,624,1036,151,314,85,1901,411,371
20220414,서울특별시,11,광진구,11215,제주특별자치도,50,22,34,9,9,21,4,61,13,54,31,12
20220414,서울특별시,11,광진구,11215,경상남도,48,110,216,37,149,246,45,244,50,348,273,94
20220414,서울특별시,11,광진구,11215,경상북도,47,91,189,25,112,157,41,189,37,284,197,81
20220414,서울특별시,11,광진구,11215,전라남도,46,64,122,21,72,99,12,135,32,197,129,48
20220414,서울특별시,11,광진구,11215,전라북도,45,71,123,17,75,119,24,152,33,237,151,117
20220414,서울특별시,11,광진구,11215,충청남도,44,80,174,19,112,181,31,147,39,299,196,61
20220414,서울특별시,11,광진구,11215,충청북도,43,50,132,15,77,143,23,137,25,238,157,49
20220414,서울특별시,11,광진구,11215,강원도,42,46,94,21,82,120,16,131,27,145,112,61
20220414,서울특별시,11,광진구,11215,경기도,41,582,1283,186,764,1168,202,998,239,2486,1356,548
20220414,서울특별시,11,광진구,11215,세종특별자치시,36,7,39,4,13,42,7,17,11,64,34,17
20220414,서울특별시,11,광진구,11215,울산광역시,31,37,86,11,51,78,14,81,28,97,75,33
20220414,서울특별시,11,광진구,11215,대전광역시,30,32,88,12,70,102,18,103,25,214,131,42
20220414,서울특별시,11,광진구,11215,광주광역시,29,42,134,17,71,104,16,116,35,197,144,49
20220414,서울특별시,11,광진구,11215,인천광역시,28,92,289,30,142,254,53,218,54,356,266,100
20220414,서울특별시,11,광진구,11215,대구광역시,27,59,197,22,119,154,22,168,40,277,218,75
20220414,서울특별시,11,광진구,11215,부산광역시,26,82,270,41,152,202,33,234,45,439,295,99
20220414,서울특별시,11,광진구,11215,서울특별시,11,310,1047,177,499,798,137,679,160,1662,1140,363
20220414,서울특별시,11,양천구,11470,경기도,41,133,736,133,349,982,140,1633,59,1367,538,326
20220414,서울특별시,11,양천구,11470,강원도,42,13,53,13,35,97,14,153,7,78,39,40
20220414,서울특별시,11,양천구,11470,충청북도,43,4,55,7,47,108,3,149,10,105,61,33
20220414,서울특별시,11,양천구,11470,충청남도,44,17,86,20,60,127,14,214,10,110,68,42
20220414,서울특별시,11,양천구,11470,전라북도,45,9,68,9,29,116,9,147,12,110,63,30
20220414,서울특별시,11,양천구,11470,전라남도,46,11,57,17,38,83,14,158,5,70,40,38
20220414,서울특별시,11,양천구,11470,경상북도,47,14,74,13,49,139,21,200,7,92,58,46
20220414,서울특별시,11,양천구,11470,경상남도,48,20,115,16,75,185,19,314,10,114,96,69
20220414,서울특별시,11,양천구,11470,제주특별자치도,50,0,11,4,9,11,0,21,0,29,17,9
20220414,서울특별시,11,강동구,11740,강원도,42,38,85,37,65,128,20,183,27,83,32,24
20220414,서울특별시,11,송파구,11710,서울특별시,11,114,1239,286,422,1086,230,1778,137,2607,763,599
20220414,서울특별시,11,송파구,11710,부산광역시,26,24,274,35,92,448,71,2897,72,595,200,195
20220414,서울특별시,11,송파구,11710,대구광역시,27,54,178,29,80,815,63,8222,124,384,151,279
20220414,서울특별시,11,송파구,11710,인천광역시,28,31,212,61,99,315,62,407,43,591,143,156
20220414,서울특별시,11,송파구,11710,광주광역시,29,20,108,17,63,356,32,2981,41,269,84,114
20220414,서울특별시,11,송파구,11710,대전광역시,30,36,129,14,65,661,37,8129,101,282,109,211
20220414,서울특별시,11,송파구,11710,울산광역시,31,10,67,17,43,133,43,856,25,177,53,65
20220414,서울특별시,11,송파구,11710,세종특별자치시,36,10,34,24,21,256,12,3500,43,62,21,88
20220414,서울특별시,11,송파구,11710,경기도,41,138,1523,326,574,2065,358,9320,275,3773,953,826
20220414,서울특별시,11,송파구,11710,강원도,42,19,126,28,68,424,40,3646,58,241,71,120
20220414,서울특별시,11,송파구,11710,충청북도,43,22,128,20,76,575,44,6054,80,375,82,168
20220414,서울특별시,11,송파구,11710,충청남도,44,31,209,45,84,733,65,7654,126,332,106,177
20220414,서울특별시,11,송파구,11710,전라북도,45,11,129,27,68,357,42,2991,67,293,76,99
20220414,서울특별시,11,송파구,11710,전라남도,46,26,106,23,63,361,31,2981,48,208,71,108
20220414,서울특별시,11,송파구,11710,경상북도,47,32,174,28,101,534,47,4653,79,328,99,173
20220414,서울특별시,11,송파구,11710,경상남도,48,31,203,46,100,736,73,5955,109,464,151,249
20220414,서울특별시,11,송파구,11710,제주특별자치도,50,0,40,8,14,40,8,37,6,86,26,20
20220414,서울특별시,11,관악구,11620,대구광역시,27,32,99,47,28,89,10,39,6,128,127,147
20220414,서울특별시,11,관악구,11620,부산광역시,26,20,136,41,39,150,20,51,13,183,189,227
20220414,서울특별시,11,관악구,11620,서울특별시,11,85,751,331,229,447,44,274,36,823,586,686
20220414,서울특별시,11,성북구,11290,제주특별자치도,50,9,73,17,16,78,10,30,17,274,91,18
20220414,서울특별시,11,도봉구,11320,제주특별자치도,50,3,10,0,17,29,7,27,0,80,7,11
20220414,서울특별시,11,도봉구,11320,경상남도,48,32,108,6,105,216,60,194,45,505,127,117
20220414,서울특별시,11,도봉구,11320,경상북도,47,26,114,5,103,143,42,156,29,361,130,88
20220414,서울특별시,11,도봉구,11320,전라남도,46,19,61,0,89,91,27,111,20,277,74,43
20220414,서울특별시,11,도봉구,11320,전라북도,45,12,57,5,83,98,19,96,14,322,87,59
20220414,서울특별시,11,도봉구,11320,충청남도,44,30,88,7,123,145,35,142,31,390,82,73
20220414,서울특별시,11,도봉구,11320,충청북도,43,23,36,5,95,115,27,103,17,329,80,39
20220414,서울특별시,11,도봉구,11320,강원도,42,27,76,18,104,101,30,93,16,270,62,67
20220414,서울특별시,11,도봉구,11320,경기도,41,207,619,97,728,927,236,912,185,3070,720,508
20220414,서울특별시,11,도봉구,11320,세종특별자치시,36,5,15,0,17,30,0,16,3,66,25,14
20220414,서울특별시,11,도봉구,11320,울산광역시,31,6,27,0,43,59,19,69,5,188,44,36
20220414,서울특별시,11,도봉구,11320,대전광역시,30,10,33,8,66,97,16,59,18,256,52,46
20220414,서울특별시,11,도봉구,11320,광주광역시,29,19,50,6,67,83,17,103,22,294,63,56
20220414,서울특별시,11,성북구,11290,서울특별시,11,277,1783,252,430,1886,157,1534,478,6624,2077,822
20220414,서울특별시,11,성북구,11290,부산광역시,26,139,403,67,126,619,49,457,135,1806,553,163
20220414,서울특별시,11,성북구,11290,대구광역시,27,76,290,44,77,441,37,288,123,1314,364,110
20220414,서울특별시,11,성북구,11290,인천광역시,28,81,435,59,131,616,39,383,147,1976,490,154
20220414,서울특별시,11,마포구,11440,서울특별시,11,226,2567,667,1384,2471,190,2011,172,2340,1028,787
20220414,서울특별시,11,마포구,11440,부산광역시,26,51,553,119,415,777,37,572,71,467,226,122
20220414,서울특별시,11,마포구,11440,대구광역시,27,39,301,95,224,566,41,367,69,345,144,91
20220414,서울특별시,11,마포구,11440,인천광역시,28,62,528,120,343,801,42,519,58,424,198,177
20220414,서울특별시,11,마포구,11440,광주광역시,29,24,195,61,170,343,21,255,39,208,93,52
20220414,서울특별시,11,마포구,11440,대전광역시,30,29,199,74,189,410,17,274,42,259,112,59
20220414,서울특별시,11,마포구,11440,울산광역시,31,21,135,36,116,241,14,174,18,149,74,31
20220414,서울특별시,11,마포구,11440,세종특별자치시,36,12,68,22,55,103,5,69,10,47,39,10
20220414,서울특별시,11,마포구,11440,경기도,41,272,2676,734,1808,3672,265,2619,412,2844,1218,989
20220414,서울특별시,11,마포구,11440,강원도,42,34,211,64,188,378,16,264,32,189,108,66
20220414,서울특별시,11,마포구,11440,충청북도,43,29,218,52,196,400,30,302,72,264,108,58
20220414,서울특별시,11,마포구,11440,충청남도,44,37,308,85,274,530,39,392,76,303,137,96
20220414,서울특별시,11,마포구,11440,전라북도,45,21,213,67,175,374,22,244,33,242,108,53
20220414,서울특별시,11,마포구,11440,전라남도,46,24,184,40,205,378,20,267,33,155,105,45
20220414,서울특별시,11,마포구,11440,경상북도,47,47,271,88,287,601,34,393,73,289,148,70
20220414,서울특별시,11,마포구,11440,경상남도,48,63,445,126,345,844,71,534,46,346,160,80
20220414,서울특별시,11,마포구,11440,제주특별자치도,50,10,109,17,44,149,7,35,15,93,41,12
20220414,서울특별시,11,노원구,11350,서울특별시,11,97,572,97,217,859,94,627,182,1110,293,95
20220414,서울특별시,11,노원구,11350,부산광역시,26,43,114,15,52,258,32,193,59,258,86,29
20220414,서울특별시,11,노원구,11350,대구광역시,27,39,81,7,34,188,25,114,49,173,52,25
20220414,서울특별시,11,노원구,11350,인천광역시,28,32,124,8,57,227,26,167,54,266,69,38
20220414,서울특별시,11,노원구,11350,광주광역시,29,20,62,3,20,84,14,51,41,145,47,17
20220414,서울특별시,11,노원구,11350,대전광역시,30,14,58,10,21,76,23,64,21,139,27,12
20220414,서울특별시,11,노원구,11350,울산광역시,31,10,34,3,5,74,11,47,21,80,22,12
20220414,서울특별시,11,노원구,11350,세종특별자치시,36,11,23,0,8,24,4,22,18,28,8,5
20220414,서울특별시,11,노원구,11350,경기도,41,199,707,101,337,1138,202,874,375,1877,442,211
20220414,서울특별시,11,노원구,11350,강원도,42,15,54,8,25,130,25,82,26,117,32,15
20220414,서울특별시,11,노원구,11350,충청북도,43,25,48,13,36,137,21,101,32,153,32,27
20220414,서울특별시,11,노원구,11350,충청남도,44,32,94,14,54,180,22,149,60,176,28,23
20220414,서울특별시,11,노원구,11350,전라북도,45,20,52,5,33,121,13,72,39,142,35,22
20220414,서울특별시,11,노원구,11350,전라남도,46,29,59,5,28,156,11,80,34,96,37,28
20220414,서울특별시,11,노원구,11350,경상북도,47,26,81,13,35,155,19,131,50,147,45,26
20220414,서울특별시,11,노원구,11350,경상남도,48,45,116,13,50,231,37,172,84,234,61,35
20220414,서울특별시,11,노원구,11350,제주특별자치도,50,0,10,0,5,13,4,11,6,37,9,3
20220414,서울특별시,11,도봉구,11320,인천광역시,28,30,123,13,134,195,39,188,49,561,115,107
20220414,서울특별시,11,도봉구,11320,대구광역시,27,20,80,5,92,138,36,161,21,381,91,106
20220414,서울특별시,11,도봉구,11320,부산광역시,26,30,112,12,115,189,57,243,36,495,133,145
20220414,서울특별시,11,도봉구,11320,서울특별시,11,143,438,59,517,677,145,726,89,1931,426,377
20220414,서울특별시,11,서대문구,11410,제주특별자치도,50,0,19,4,14,22,0,15,14,46,15,3
20220414,서울특별시,11,서대문구,11410,경상남도,48,3,85,13,46,178,15,143,114,201,75,110
20220414,서울특별시,11,서대문구,11410,경상북도,47,6,85,13,51,153,4,100,90,165,72,78
20220414,서울특별시,11,서대문구,11410,전라남도,46,3,52,15,41,86,5,67,81,98,40,21
20220414,서울특별시,11,서대문구,11410,전라북도,45,0,60,17,28,103,0,66,55,139,42,20
20220414,서울특별시,11,서대문구,11410,충청남도,44,3,82,20,47,154,4,91,99,167,59,31
20220414,서울특별시,11,서대문구,11410,충청북도,43,3,65,5,31,110,0,78,76,156,43,20
20220414,서울특별시,11,서대문구,11410,강원도,42,0,63,52,34,104,0,96,45,116,38,29
20220414,서울특별시,11,서대문구,11410,경기도,41,38,724,255,379,871,64,707,582,1682,469,328
20220414,서울특별시,11,서대문구,11410,세종특별자치시,36,0,14,3,12,27,3,19,39,40,13,5
20220414,서울특별시,11,서대문구,11410,울산광역시,31,0,35,5,21,48,0,45,38,115,23,12
20220414,서울특별시,11,서대문구,11410,대전광역시,30,6,62,9,29,73,4,117,48,132,43,10
20220414,서울특별시,11,서대문구,11410,광주광역시,29,0,45,10,32,67,3,64,46,134,44,11
20220414,서울특별시,11,서대문구,11410,인천광역시,28,7,142,64,79,170,11,163,108,263,87,73
20220414,서울특별시,11,서대문구,11410,대구광역시,27,10,98,17,47,121,5,75,67,196,67,23
20220414,서울특별시,11,서대문구,11410,부산광역시,26,4,104,13,77,154,13,171,125,249,76,35
20220414,서울특별시,11,서대문구,11410,서울특별시,11,28,611,308,390,558,28,537,264,1315,351,179
20220414,서울특별시,11,중랑구,11260,서울특별시,11,251,1977,181,663,1034,265,1171,211,1743,744,376
20220414,서울특별시,11,중랑구,11260,부산광역시,26,51,446,38,167,278,83,351,60,479,158,104
20220414,서울특별시,11,중랑구,11260,대구광역시,27,44,268,35,99,214,62,238,44,317,129,77
20220414,서울특별시,11,중랑구,11260,인천광역시,28,71,498,34,178,297,92,330,65,471,187,128
20220414,서울특별시,11,중랑구,11260,광주광역시,29,31,198,22,73,148,45,160,23,234,86,54
20220414,서울특별시,11,중랑구,11260,대전광역시,30,42,266,22,79,155,37,155,29,228,81,39
20220414,서울특별시,11,중랑구,11260,울산광역시,31,17,144,13,49,94,30,101,17,136,66,25
20220414,서울특별시,11,중랑구,11260,세종특별자치시,36,7,53,8,16,39,22,45,10,61,17,7
20220414,서울특별시,11,중랑구,11260,경기도,41,295,1995,277,937,1573,468,1574,339,2579,967,583
20220414,서울특별시,11,중랑구,11260,강원도,42,33,311,26,81,180,57,161,47,216,121,61
20220414,서울특별시,11,중랑구,11260,충청북도,43,28,180,29,100,168,39,158,37,260,102,54
20220414,서울특별시,11,중랑구,11260,충청남도,44,46,282,30,129,220,67,211,56,318,122,69
20220414,서울특별시,11,중랑구,11260,전라북도,45,21,180,27,83,152,31,163,42,222,81,52
20220414,서울특별시,11,중랑구,11260,전라남도,46,22,141,18,72,178,34,152,45,207,81,44
20220414,서울특별시,11,중랑구,11260,경상북도,47,42,315,37,118,242,88,210,53,302,118,64
20220414,서울특별시,11,중랑구,11260,경상남도,48,46,445,35,149,344,79,254,84,402,180,92
20220414,서울특별시,11,중랑구,11260,제주특별자치도,50,11,81,0,25,36,10,33,8,66,31,7
20220414,서울특별시,11,금천구,11545,제주특별자치도,50,22,49,37,39,49,41,46,30,212,83,67
20220414,서울특별시,11,금천구,11545,경상남도,48,132,274,55,319,359,216,319,117,1175,419,440
20220414,서울특별시,11,금천구,11545,경상북도,47,106,244,53,211,341,193,225,79,873,368,299
20220414,서울특별시,11,금천구,11545,전라남도,46,78,145,54,175,197,154,175,69,722,267,216
20220414,서울특별시,11,금천구,11545,전라북도,45,64,146,40,151,179,85,160,78,733,246,245
20220414,서울특별시,11,금천구,11545,충청남도,44,93,194,49,267,305,150,229,97,875,399,300
20220414,서울특별시,11,금천구,11545,충청북도,43,66,117,47,153,201,97,190,96,653,266,218
20220414,서울특별시,11,금천구,11545,강원도,42,76,125,44,159,200,90,213,67,571,247,178
20220414,서울특별시,11,금천구,11545,경기도,41,642,1575,494,1599,2210,916,1763,692,6368,2546,2437
20220414,서울특별시,11,금천구,11545,세종특별자치시,36,12,46,10,60,61,33,37,39,230,71,73
20220414,서울특별시,11,금천구,11545,울산광역시,31,54,87,24,91,143,79,100,44,448,168,216
20220414,서울특별시,11,금천구,11545,대전광역시,30,63,155,51,153,228,71,199,75,655,251,229
20220414,서울특별시,11,금천구,11545,광주광역시,29,51,126,34,148,182,133,131,77,791,290,249
20220414,서울특별시,11,금천구,11545,인천광역시,28,133,340,86,298,404,194,351,137,1214,529,476
20220414,서울특별시,11,금천구,11545,대구광역시,27,92,192,68,218,268,233,240,93,920,389,360
20220414,서울특별시,11,금천구,11545,부산광역시,26,119,268,61,305,404,233,377,119,1130,445,538
20220414,서울특별시,11,금천구,11545,서울특별시,11,545,1200,399,1307,1611,687,1469,507,4484,1776,2116
20220414,서울특별시,11,동대문구,11230,제주특별자치도,50,13,42,7,17,32,3,36,5,174,27,13
20220414,서울특별시,11,동대문구,11230,경상남도,48,57,300,37,92,379,26,359,33,1067,167,83
20220414,서울특별시,11,동대문구,11230,경상북도,47,51,206,39,65,308,14,262,28,813,98,81
20220414,서울특별시,11,동대문구,11230,전라남도,46,32,139,16,55,156,12,252,25,520,72,57
20220414,서울특별시,11,동대문구,11230,전라북도,45,33,148,20,31,149,11,207,22,583,77,58
20220414,서울특별시,11,동대문구,11230,충청남도,44,37,224,26,88,278,23,233,30,766,110,72
20220414,서울특별시,11,동대문구,11230,충청북도,43,36,149,21,60,209,14,195,28,627,76,55
20220414,서울특별시,11,동대문구,11230,강원도,42,33,175,25,44,212,18,180,20,503,70,52
20220414,서울특별시,11,동대문구,11230,경기도,41,286,1539,218,398,1837,136,1580,220,5933,894,527
20220414,서울특별시,11,동대문구,11230,세종특별자치시,36,8,31,5,8,33,6,39,13,178,28,11
20220414,서울특별시,11,동대문구,11230,울산광역시,31,22,104,16,23,101,8,115,19,346,50,35
20220414,서울특별시,11,동대문구,11230,대전광역시,30,33,157,17,45,169,11,202,26,553,77,44
20220414,서울특별시,11,동대문구,11230,광주광역시,29,30,132,23,32,160,10,155,26,652,76,44
20220414,서울특별시,11,동대문구,11230,인천광역시,28,67,320,44,80,344,19,405,56,1122,146,105
20220414,서울특별시,11,동대문구,11230,대구광역시,27,38,210,28,47,260,24,261,29,814,111,77
20220414,서울특별시,11,동대문구,11230,부산광역시,26,72,342,41,78,342,28,334,30,1110,184,117
20220414,서울특별시,11,동대문구,11230,서울특별시,11,260,1159,138,340,1087,103,1188,114,4214,674,397
20220414,서울특별시,11,성동구,11200,서울특별시,11,189,4915,202,861,954,176,725,115,3963,1370,470
20220414,서울특별시,11,성동구,11200,부산광역시,26,40,1026,31,202,234,75,207,29,876,367,122
20220414,서울특별시,11,성동구,11200,대구광역시,27,31,658,23,126,179,42,144,21,694,223,85
20220414,서울특별시,11,성동구,11200,인천광역시,28,38,1060,29,209,278,50,186,23,906,320,116
20220414,서울특별시,11,성동구,11200,광주광역시,29,22,507,15,93,107,41,81,17,453,158,59
20220414,서울특별시,11,성동구,11200,대전광역시,30,27,441,9,103,149,25,87,4,427,163,47
20220414,서울특별시,11,성동구,11200,울산광역시,31,21,263,14,77,80,20,56,7,273,105,39
20220414,서울특별시,11,성동구,11200,세종특별자치시,36,5,102,7,23,41,3,24,3,115,53,7
20220414,서울특별시,11,성동구,11200,경기도,41,274,5391,229,959,1261,256,932,137,4809,1523,583
20220414,서울특별시,11,성동구,11200,강원도,42,25,467,28,112,125,41,97,9,395,146,54
20220414,서울특별시,11,성동구,11200,충청북도,43,23,438,14,104,118,26,115,7,495,172,51
20220414,서울특별시,11,성동구,11200,충청남도,44,22,549,37,150,223,30,129,20,571,197,60
20220414,서울특별시,11,성동구,11200,전라북도,45,19,416,18,90,105,32,94,5,471,139,34
20220414,서울특별시,11,성동구,11200,전라남도,46,30,382,25,84,127,23,81,8,386,172,39
20220414,서울특별시,11,은평구,11380,서울특별시,11,46,552,83,234,559,158,494,90,704,393,494
20220414,서울특별시,11,은평구,11380,부산광역시,26,19,111,20,36,159,54,142,26,161,157,127
20220414,서울특별시,11,은평구,11380,대구광역시,27,22,64,9,41,102,46,103,12,115,93,110
20220414,서울특별시,11,은평구,11380,인천광역시,28,20,149,20,61,152,44,169,39,196,134,152
20220414,서울특별시,11,은평구,11380,광주광역시,29,7,36,12,21,80,35,72,4,80,68,83
20220414,서울특별시,11,은평구,11380,대전광역시,30,7,66,5,27,86,25,68,12,82,57,75
20220414,서울특별시,11,은평구,11380,울산광역시,31,8,34,5,12,38,21,58,13,51,39,62
20220414,서울특별시,11,은평구,11380,세종특별자치시,36,3,16,0,9,26,9,19,8,21,9,11
20220414,서울특별시,11,은평구,11380,경기도,41,92,632,118,270,843,282,807,146,1436,676,774
20220414,서울특별시,11,은평구,11380,강원도,42,14,36,4,34,100,34,132,7,63,79,75
20220414,서울특별시,11,은평구,11380,충청북도,43,6,42,13,29,76,22,83,15,140,77,78
20220414,서울특별시,11,은평구,11380,충청남도,44,12,88,17,57,141,46,212,20,103,77,124
20220414,서울특별시,11,은평구,11380,전라북도,45,6,38,7,24,75,34,132,13,82,57,80
20220414,서울특별시,11,은평구,11380,전라남도,46,13,48,7,23,80,29,75,17,75,61,88
20220414,서울특별시,11,은평구,11380,경상북도,47,15,67,7,32,141,56,158,21,104,123,112
20220414,서울특별시,11,은평구,11380,경상남도,48,23,100,8,38,150,68,171,27,177,138,180
20220414,서울특별시,11,은평구,11380,제주특별자치도,50,4,8,6,0,46,4,19,3,12,14,12
20220414,서울특별시,11,성북구,11290,광주광역시,29,36,210,14,53,320,23,161,69,974,287,80
20220414,서울특별시,11,성북구,11290,대전광역시,30,52,224,34,63,294,24,195,76,917,230,71
20220414,서울특별시,11,성북구,11290,울산광역시,31,29,131,18,39,222,18,110,51,592,159,56
20220414,서울특별시,11,성북구,11290,세종특별자치시,36,10,60,7,13,85,5,47,31,234,65,19
20220414,서울특별시,11,성북구,11290,경기도,41,502,2308,315,556,3135,262,2090,784,9313,2419,808
20220414,서울특별시,11,성북구,11290,강원도,42,49,234,31,34,342,29,189,79,908,245,70
20220414,서울특별시,11,성북구,11290,충청북도,43,49,223,40,61,351,23,185,84,980,219,78
20220414,서울특별시,11,강동구,11740,대구광역시,27,57,119,95,76,210,24,187,39,151,61,34
20220414,서울특별시,11,강동구,11740,인천광역시,28,59,149,110,115,290,24,265,67,241,75,51
20220414,서울특별시,11,강동구,11740,광주광역시,29,37,73,70,38,114,13,144,28,98,28,25
20220414,서울특별시,11,강동구,11740,대전광역시,30,36,69,44,46,118,18,148,18,92,40,21
20220414,서울특별시,11,강동구,11740,울산광역시,31,13,57,40,35,84,7,83,20,60,31,14
20220414,서울특별시,11,강동구,11740,서울특별시,11,265,766,344,411,947,147,1223,204,977,371,212
20220414,서울특별시,11,강동구,11740,부산광역시,26,51,166,101,88,260,52,309,60,248,122,52
20220414,서울특별시,11,성북구,11290,충청남도,44,42,352,56,92,483,39,243,109,1215,342,112
20220414,서울특별시,11,성북구,11290,전라북도,45,36,226,26,53,372,20,167,66,995,254,72
20220414,서울특별시,11,성북구,11290,전라남도,46,47,287,29,46,406,29,160,78,862,235,60
20220414,서울특별시,11,성북구,11290,경상북도,47,79,305,56,81,530,34,275,103,1242,374,103
20220414,서울특별시,11,성북구,11290,경상남도,48,136,392,60,106,699,58,357,162,1639,409,154
20220414,서울특별시,11,동작구,11590,서울특별시,11,169,629,387,274,1039,64,482,87,974,568,291
20220414,서울특별시,11,동작구,11590,부산광역시,26,42,129,90,77,313,56,114,16,191,158,72
20220414,서울특별시,11,동작구,11590,대구광역시,27,28,76,60,37,222,19,64,22,173,79,45
20220414,서울특별시,11,동작구,11590,인천광역시,28,43,151,71,71,301,17,124,36,222,194,71
20220414,서울특별시,11,동작구,11590,광주광역시,29,25,63,33,34,130,24,45,21,120,53,32
20220414,서울특별시,11,동작구,11590,대전광역시,30,13,64,48,30,142,6,72,13,97,60,32
20220414,서울특별시,11,동작구,11590,울산광역시,31,14,33,25,24,97,3,36,6,63,54,22
20220414,서울특별시,11,동작구,11590,세종특별자치시,36,8,20,10,5,34,0,24,0,13,13,5
20220414,서울특별시,11,동작구,11590,경기도,41,230,795,366,368,1515,127,652,172,1551,762,330
20220414,서울특별시,11,영등포구,11560,제주특별자치도,50,4,38,12,28,30,3,45,0,56,16,39
20220414,서울특별시,11,영등포구,11560,경상남도,48,16,373,74,222,333,27,429,58,268,110,185
20220414,서울특별시,11,동작구,11590,강원도,42,27,60,39,41,168,8,73,25,92,62,31
20220414,서울특별시,11,동작구,11590,충청북도,43,25,62,33,42,163,12,66,13,119,73,29
20220414,서울특별시,11,동작구,11590,충청남도,44,39,77,54,46,223,18,96,35,153,96,48
20220414,서울특별시,11,동작구,11590,전라북도,45,23,52,34,25,174,13,87,33,110,45,36
20220414,서울특별시,11,동작구,11590,전라남도,46,19,56,28,36,160,5,98,20,87,42,32
20220414,서울특별시,11,동작구,11590,경상북도,47,35,87,44,54,215,18,102,33,155,83,46
20220414,서울특별시,11,동작구,11590,경상남도,48,44,94,67,58,284,34,144,45,165,108,62
20220414,서울특별시,11,동작구,11590,제주특별자치도,50,6,28,7,15,21,0,8,6,39,30,3
20220414,서울특별시,11,종로구,11110,울산광역시,31,20,99,5,23,35,8,37,16,248,98,19
20220414,서울특별시,11,강동구,11740,세종특별자치시,36,7,22,17,10,29,5,43,7,33,8,4
20220414,서울특별시,11,강동구,11740,경기도,41,320,1000,365,545,1265,184,1419,322,1624,533,221
20220414,서울특별시,11,종로구,11110,대전광역시,30,33,138,16,44,83,9,43,43,412,144,25
20220414,서울특별시,11,종로구,11110,광주광역시,29,26,119,16,41,66,17,30,44,474,115,26
20220414,서울특별시,11,종로구,11110,인천광역시,28,65,285,22,92,132,20,62,82,797,259,40
20220414,서울특별시,11,종로구,11110,대구광역시,27,34,188,23,48,101,18,44,30,651,132,29
20220414,서울특별시,11,종로구,11110,부산광역시,26,65,248,36,85,150,21,75,57,873,275,56
20220414,서울특별시,11,종로구,11110,서울특별시,11,215,1209,206,365,621,80,351,157,2646,907,219
20220414,서울특별시,11,강동구,11740,경상북도,47,46,119,66,73,196,18,247,34,121,54,33
20220414,서울특별시,11,강동구,11740,전라남도,46,24,73,50,55,99,17,180,29,71,42,25
20220414,서울특별시,11,강동구,11740,전라북도,45,40,67,46,48,110,19,158,26,97,39,16
20220414,서울특별시,11,강동구,11740,충청남도,44,38,140,78,87,174,19,233,42,114,48,25
20220414,서울특별시,11,서초구,11650,부산광역시,26,67,282,150,79,247,31,235,20,341,111,122
20220414,서울특별시,11,서초구,11650,서울특별시,11,404,1566,711,494,1246,134,1462,105,1782,457,672
20220414,서울특별시,11,성동구,11200,경상북도,47,35,597,33,138,158,30,148,15,613,198,64
20220414,서울특별시,11,성동구,11200,경상남도,48,61,787,20,171,240,49,154,16,795,308,99
20220414,서울특별시,11,성동구,11200,제주특별자치도,50,10,222,9,17,36,5,25,5,155,50,18
20220414,서울특별시,11,강북구,11305,서울특별시,11,43,574,126,219,392,31,59,63,1684,507,111
20220414,서울특별시,11,강북구,11305,부산광역시,26,9,127,26,49,73,12,25,16,478,136,33
20220414,서울특별시,11,강북구,11305,대구광역시,27,14,78,14,33,59,6,19,25,356,99,15
20220414,서울특별시,11,강북구,11305,인천광역시,28,17,152,26,63,100,5,25,20,514,121,39
20220414,서울특별시,11,강북구,11305,광주광역시,29,9,75,9,32,35,5,7,13,280,72,17
20220414,서울특별시,11,강북구,11305,대전광역시,30,5,71,10,30,50,3,7,10,267,75,9
20220414,서울특별시,11,강북구,11305,울산광역시,31,0,38,7,13,25,6,4,6,162,55,10
20220414,서울특별시,11,강북구,11305,세종특별자치시,36,0,20,5,6,9,4,5,3,50,14,0
20220414,서울특별시,11,강북구,11305,경기도,41,75,752,108,278,498,57,95,97,2747,698,142
20220414,서울특별시,11,강북구,11305,강원도,42,5,65,8,38,51,8,7,12,253,76,13
20220414,서울특별시,11,강북구,11305,충청북도,43,9,69,7,40,45,7,8,12,275,71,11
20220414,서울특별시,11,강북구,11305,충청남도,44,11,121,25,64,69,7,20,15,349,102,9
20220414,서울특별시,11,강북구,11305,전라북도,45,9,82,19,32,39,6,7,12,338,72,10
20220414,서울특별시,11,강북구,11305,전라남도,46,7,63,6,30,39,6,5,10,257,75,11
20220414,서울특별시,11,강북구,11305,경상북도,47,11,98,12,47,72,7,7,18,347,104,13
20220414,서울특별시,11,강북구,11305,경상남도,48,13,148,11,55,99,8,16,23,478,121,17
20220414,서울특별시,11,강북구,11305,제주특별자치도,50,0,14,7,6,8,3,4,3,75,17,0
20220414,서울특별시,11,강동구,11740,충청북도,43,37,84,57,50,115,17,171,28,125,42,20
20220414,서울특별시,11,강동구,11740,제주특별자치도,50,10,20,9,14,28,4,37,7,34,11,12
20220414,서울특별시,11,강동구,11740,경상남도,48,66,164,89,101,240,32,277,44,177,82,43
20220414,서울특별시,11,강서구,11500,서울특별시,11,389,1681,574,1190,1666,360,2241,236,2409,932,2021
20220414,서울특별시,11,강서구,11500,부산광역시,26,112,428,126,253,466,132,644,78,617,238,532
20220414,서울특별시,11,강서구,11500,대구광역시,27,79,240,107,183,346,139,428,53,431,177,392
20220414,서울특별시,11,강서구,11500,인천광역시,28,103,438,122,284,436,93,624,81,605,235,553
20220414,서울특별시,11,강서구,11500,광주광역시,29,56,181,63,127,303,48,432,35,334,122,260
20220414,서울특별시,11,강서구,11500,대전광역시,30,49,176,58,143,213,55,287,40,359,120,242
20220414,서울특별시,11,강서구,11500,울산광역시,31,33,129,33,101,150,44,195,25,202,81,167
20220414,서울특별시,11,종로구,11110,제주특별자치도,50,7,42,5,13,15,3,21,5,144,55,7
20220414,서울특별시,11,종로구,11110,경상남도,48,61,233,102,67,173,25,70,59,730,204,53
20220414,서울특별시,11,종로구,11110,경상북도,47,42,215,16,47,134,12,58,29,566,170,52
20220414,서울특별시,11,강서구,11500,세종특별자치시,36,15,53,16,35,56,18,76,15,103,49,76
20220414,서울특별시,11,강서구,11500,경기도,41,549,2008,589,1439,2530,582,3119,414,4080,1740,2849
20220414,서울특별시,11,강서구,11500,강원도,42,71,232,52,172,324,80,425,39,728,487,388
20220414,서울특별시,11,강서구,11500,충청북도,43,53,204,64,208,305,81,400,40,686,383,366
20220414,서울특별시,11,강서구,11500,충청남도,44,88,316,80,228,379,106,552,57,693,448,390
20220414,서울특별시,11,강서구,11500,전라북도,45,47,182,60,144,244,54,353,33,500,244,303
20220414,서울특별시,11,강서구,11500,전라남도,46,73,161,52,158,345,70,357,44,703,400,334
20220414,서울특별시,11,종로구,11110,전라남도,46,32,124,8,47,69,12,33,42,419,109,25
20220414,서울특별시,11,종로구,11110,전라북도,45,29,151,27,39,73,7,35,59,400,145,29
20220414,서울특별시,11,종로구,11110,충청남도,44,34,210,17,69,137,12,58,45,535,184,45
20220414,서울특별시,11,종로구,11110,충청북도,43,36,166,21,43,88,9,45,36,424,112,21
20220414,서울특별시,11,종로구,11110,강원도,42,50,145,16,40,96,11,42,52,351,107,22
20220414,서울특별시,11,종로구,11110,경기도,41,285,1475,204,439,795,112,522,284,4061,1217,271
20220414,서울특별시,11,종로구,11110,세종특별자치시,36,7,38,4,11,21,4,14,5,97,32,5
20220414,서울특별시,11,중구,11140,서울특별시,11,359,1856,387,374,1804,164,1046,155,4606,925,487
20220414,서울특별시,11,중구,11140,부산광역시,26,99,406,74,89,393,53,158,55,1134,257,136
20220414,서울특별시,11,중구,11140,대구광역시,27,43,290,48,49,295,30,78,49,831,177,78
20220414,서울특별시,11,중구,11140,인천광역시,28,93,360,61,89,423,46,201,63,1030,236,97
20220414,서울특별시,11,중구,11140,광주광역시,29,36,224,25,44,186,19,76,24,634,126,55
20220414,서울특별시,11,중구,11140,대전광역시,30,32,191,32,25,184,22,121,19,542,133,45
20220414,서울특별시,11,중구,11140,울산광역시,31,17,118,25,22,122,21,43,25,364,88,30
20220414,서울특별시,11,중구,11140,세종특별자치시,36,14,44,9,10,49,8,27,11,161,28,9
20220414,서울특별시,11,중구,11140,경기도,41,411,1980,459,396,2222,300,1141,280,5518,1121,478
20220414,서울특별시,11,중구,11140,강원도,42,38,197,26,35,184,27,68,30,439,125,32
20220414,서울특별시,11,중구,11140,충청북도,43,42,178,43,61,193,36,95,31,502,124,54
20220414,서울특별시,11,중구,11140,충청남도,44,49,230,38,52,302,47,134,48,750,154,47
20220414,서울특별시,11,중구,11140,전라북도,45,36,171,37,52,200,28,73,28,588,96,36
20220414,서울특별시,11,중구,11140,전라남도,46,40,178,30,45,182,24,90,37,520,90,36
20220414,서울특별시,11,중구,11140,경상북도,47,37,220,37,58,271,50,119,63,774,172,69
20220414,서울특별시,11,중구,11140,경상남도,48,67,326,85,58,328,44,136,55,939,207,76
20220414,서울특별시,11,중구,11140,제주특별자치도,50,12,73,12,8,73,8,25,6,207,34,14
20220414,서울특별시,11,강서구,11500,경상북도,47,95,300,69,237,332,112,630,73,867,504,479
20220414,서울특별시,11,강서구,11500,경상남도,48,109,344,106,292,552,131,701,55,812,437,610
20220414,서울특별시,11,강서구,11500,제주특별자치도,50,8,57,7,31,46,15,52,5,90,29,85
20220414,서울특별시,11,강남구,11680,서울특별시,11,249,2919,1666,836,2162,186,3775,339,7167,1787,1836
20220414,서울특별시,11,강남구,11680,부산광역시,26,69,523,257,199,410,41,922,81,1856,433,384
20220414,서울특별시,11,강남구,11680,대구광역시,27,47,416,201,138,246,24,568,48,1286,273,252
20220414,서울특별시,11,강남구,11680,인천광역시,28,50,517,236,183,443,29,857,60,1960,412,366
20220414,서울특별시,11,강남구,11680,광주광역시,29,31,255,106,97,204,17,414,36,964,200,173
20220414,서울특별시,11,강남구,11680,대전광역시,30,37,260,155,110,232,10,444,70,935,184,158
20220414,서울특별시,11,강남구,11680,울산광역시,31,12,178,74,50,128,7,310,21,497,114,83
20220414,서울특별시,11,강남구,11680,세종특별자치시,36,7,67,46,16,51,3,121,14,247,55,42
20220414,서울특별시,11,강남구,11680,경기도,41,333,3082,1249,995,2507,183,4287,454,10026,2150,1709
20220414,서울특별시,11,강남구,11680,강원도,42,41,248,74,111,231,22,416,40,862,169,145
20220414,서울특별시,11,강남구,11680,충청북도,43,31,269,87,140,178,18,420,33,1015,219,150
20220414,서울특별시,11,강남구,11680,충청남도,44,45,305,163,132,278,17,599,60,1161,251,207
20220414,서울특별시,11,강남구,11680,전라북도,45,35,234,103,103,194,18,404,47,952,215,152
20220414,서울특별시,11,강남구,11680,전라남도,46,38,212,88,90,198,10,399,29,782,179,130
20220414,서울특별시,11,강남구,11680,경상북도,47,38,331,129,154,263,14,590,55,1213,259,226
20220414,서울특별시,11,강남구,11680,경상남도,48,59,418,156,173,387,25,761,50,1464,344,344
20220414,서울특별시,11,강남구,11680,제주특별자치도,50,28,106,57,29,86,8,119,8,189,52,52
20220414,서울특별시,11,영등포구,11560,경상북도,47,18,306,51,163,246,16,277,37,204,55,145
20220414,서울특별시,11,영등포구,11560,전라남도,46,11,201,76,117,203,10,219,15,134,41,69
20220414,서울특별시,11,영등포구,11560,전라북도,45,14,205,67,95,152,9,185,19,151,48,73
20220414,서울특별시,11,영등포구,11560,충청남도,44,19,267,63,182,227,13,294,42,196,63,123
20220414,서울특별시,11,영등포구,11560,충청북도,43,25,228,32,109,152,10,197,18,188,57,101
20220414,서울특별시,11,영등포구,11560,강원도,42,18,189,50,112,169,9,214,16,143,47,72
20220414,서울특별시,11,영등포구,11560,경기도,41,155,2084,399,1218,1458,117,2045,264,2281,728,1000
20220414,서울특별시,11,영등포구,11560,세종특별자치시,36,6,49,19,22,40,3,48,5,40,19,15
20220414,서울특별시,11,영등포구,11560,울산광역시,31,12,120,34,57,83,8,112,20,92,41,51
20220414,서울특별시,11,영등포구,11560,대전광역시,30,14,190,68,100,123,12,204,46,172,51,86
20220414,서울특별시,11,영등포구,11560,광주광역시,29,13,161,67,105,145,10,189,15,171,53,98
20220414,서울특별시,11,영등포구,11560,인천광역시,28,40,442,81,256,265,17,454,67,362,182,247
20220414,서울특별시,11,영등포구,11560,대구광역시,27,31,273,63,159,216,20,286,25,239,68,122
20220414,서울특별시,11,영등포구,11560,부산광역시,26,36,456,100,215,247,31,424,47,409,127,177
20220414,서울특별시,11,영등포구,11560,서울특별시,11,132,1757,464,983,970,118,1746,130,1809,723,755
20220414,서울특별시,11,양천구,11470,서울특별시,11,83,574,153,359,674,69,1160,29,826,391,204
20220414,서울특별시,11,양천구,11470,부산광역시,26,24,105,16,60,165,35,341,12,163,111,56
20220414,서울특별시,11,양천구,11470,대구광역시,27,18,90,14,47,119,19,238,5,103,80,38
20220414,서울특별시,11,양천구,11470,인천광역시,28,31,152,20,72,196,26,309,22,185,93,59
20220414,서울특별시,11,양천구,11470,광주광역시,29,14,59,9,54,74,13,139,4,99,40,36
20220414,서울특별시,11,양천구,11470,대전광역시,30,7,66,9,48,79,5,165,6,92,44,30
20220414,서울특별시,11,양천구,11470,울산광역시,31,8,32,6,24,64,9,111,4,40,34,16
20220414,서울특별시,11,서초구,11650,대구광역시,27,45,235,116,51,194,22,152,20,277,65,94
20220414,서울특별시,11,서초구,11650,인천광역시,28,51,299,162,97,279,28,210,25,327,95,145
20220414,서울특별시,11,서초구,11650,광주광역시,29,28,144,67,28,119,19,88,16,180,55,50
20220414,서울특별시,11,서초구,11650,대전광역시,30,28,148,65,47,135,24,99,11,210,50,57
20220414,서울특별시,11,서초구,11650,울산광역시,31,17,98,53,22,75,22,70,8,123,26,70
20220414,서울특별시,11,서초구,11650,세종특별자치시,36,18,37,34,11,49,0,37,0,131,14,13
20220414,서울특별시,11,서초구,11650,경기도,41,376,1723,1012,516,1476,166,1125,179,2638,635,660
20220414,서울특별시,11,서초구,11650,강원도,42,26,117,57,42,126,17,108,6,135,43,59
20220414,서울특별시,11,서초구,11650,충청북도,43,24,131,89,45,150,13,90,22,202,39,66
20220414,서울특별시,11,서초구,11650,충청남도,44,32,194,93,75,203,15,138,29,198,60,79
20220414,서울특별시,11,서초구,11650,전라북도,45,19,137,72,32,112,12,85,13,179,37,48
20220414,서울특별시,11,서초구,11650,전라남도,46,33,142,87,47,124,6,73,13,147,32,51
20220414,서울특별시,11,서초구,11650,경상북도,47,31,204,97,60,178,23,122,13,234,66,83
20220414,서울특별시,11,서초구,11650,경상남도,48,44,250,133,84,256,28,168,25,300,88,128
20220414,서울특별시,11,서초구,11650,제주특별자치도,50,12,55,20,20,27,4,26,0,70,17,13
20220414,서울특별시,11,관악구,11620,전라북도,45,5,72,16,26,84,10,35,5,115,82,102
20220414,서울특별시,11,관악구,11620,충청남도,44,14,102,32,38,114,13,39,7,148,119,129
20220414,서울특별시,11,관악구,11620,충청북도,43,10,67,28,36,90,12,34,11,119,83,93
20220414,서울특별시,11,관악구,11620,강원도,42,16,60,28,29,78,8,32,6,88,69,86
20220414,서울특별시,11,관악구,11620,경기도,41,119,812,286,307,780,114,309,66,1401,836,983
20220414,서울특별시,11,관악구,11620,세종특별자치시,36,4,6,9,6,24,3,10,3,18,21,31
20220414,서울특별시,11,관악구,11620,울산광역시,31,7,48,8,12,59,7,12,4,64,50,61
20220414,서울특별시,11,관악구,11620,대전광역시,30,13,67,25,19,75,6,30,5,78,82,95
20220414,서울특별시,11,관악구,11620,광주광역시,29,7,82,27,20,59,6,23,5,70,92,87
20220414,서울특별시,11,용산구,11170,서울특별시,11,95,1422,210,6661,854,106,511,107,1471,619,264
20220414,서울특별시,11,용산구,11170,부산광역시,26,21,470,25,1422,193,34,170,28,257,120,71
20220414,서울특별시,11,용산구,11170,대구광역시,27,22,216,11,1016,135,29,110,28,184,93,57
20220414,서울특별시,11,용산구,11170,인천광역시,28,25,292,28,1508,202,33,143,37,251,124,65
20220414,서울특별시,11,용산구,11170,광주광역시,29,14,211,15,613,82,17,77,16,114,50,34
20220414,서울특별시,11,용산구,11170,대전광역시,30,16,149,13,850,104,21,72,19,125,54,31
20220414,서울특별시,11,용산구,11170,울산광역시,31,6,161,10,418,58,18,52,18,71,35,20
20220414,서울특별시,11,용산구,11170,세종특별자치시,36,9,42,5,181,26,4,16,6,30,22,14
20220414,서울특별시,11,용산구,11170,경기도,41,145,1591,154,7451,1001,181,689,207,1660,680,311
20220414,서울특별시,11,용산구,11170,강원도,42,12,206,14,721,92,13,74,19,112,45,28
20220414,서울특별시,11,용산구,11170,충청북도,43,5,155,12,794,113,12,81,21,125,44,23
20220414,서울특별시,11,용산구,11170,충청남도,44,18,221,27,1078,143,28,110,33,147,63,26
20220414,서울특별시,11,용산구,11170,전라북도,45,12,189,16,596,100,16,56,17,109,60,34
20220414,서울특별시,11,용산구,11170,전라남도,46,16,200,9,657,79,15,72,19,111,44,31
20220414,서울특별시,11,용산구,11170,경상북도,47,23,419,19,987,133,15,127,46,138,70,46
20220414,서울특별시,11,용산구,11170,경상남도,48,16,426,27,1356,184,30,132,41,205,114,50
20220414,서울특별시,11,용산구,11170,제주특별자치도,50,5,87,5,158,17,4,28,5,37,26,8
20220414,서울특별시,11,관악구,11620,제주특별자치도,50,4,15,6,8,33,5,19,0,29,13,18
20220414,서울특별시,11,관악구,11620,경상남도,48,15,120,40,52,161,16,46,13,152,182,176
20220414,서울특별시,11,관악구,11620,경상북도,47,16,80,27,30,103,13,42,13,105,117,150
20220414,서울특별시,11,양천구,11470,세종특별자치시,36,0,15,0,12,26,7,56,0,14,14,8
20220414,서울특별시,11,관악구,11620,인천광역시,28,23,106,48,56,158,15,55,19,193,159,205
20220414,서울특별시,11,구로구,11530,제주특별자치도,50,0,49,11,28,37,6,20,3,69,15,18
20220414,서울특별시,11,구로구,11530,경상남도,48,24,265,98,117,246,60,98,28,476,106,114
20220414,서울특별시,11,구로구,11530,경상북도,47,15,204,49,103,214,53,85,22,370,60,79
20220414,서울특별시,11,구로구,11530,전라남도,46,13,125,36,76,169,25,57,27,251,49,55
20220414,서울특별시,11,구로구,11530,전라북도,45,14,123,49,74,141,22,48,18,284,41,69
20220414,서울특별시,11,구로구,11530,충청남도,44,17,241,58,127,211,32,88,31,359,76,84
20220414,서울특별시,11,구로구,11530,충청북도,43,11,157,50,92,160,36,58,22,290,61,58
20220414,서울특별시,11,구로구,11530,강원도,42,11,171,44,84,177,17,51,16,227,56,55
20220414,서울특별시,11,구로구,11530,경기도,41,155,1711,362,829,1579,298,485,198,2995,627,570
20220414,서울특별시,11,구로구,11530,세종특별자치시,36,4,52,10,21,62,7,10,5,65,21,11
20220414,서울특별시,11,구로구,11530,울산광역시,31,7,77,24,59,81,14,21,6,173,32,37
20220414,서울특별시,11,구로구,11530,대전광역시,30,17,144,43,82,156,31,34,16,264,44,46
20220414,서울특별시,11,구로구,11530,광주광역시,29,8,164,39,81,132,32,47,18,269,46,65
20220414,서울특별시,11,구로구,11530,인천광역시,28,36,326,55,165,280,61,100,37,532,111,100
20220414,서울특별시,11,구로구,11530,대구광역시,27,15,245,65,110,203,44,82,21,358,92,75
20220414,서울특별시,11,구로구,11530,부산광역시,26,12,335,87,164,248,60,113,38,455,112,154
20220414,서울특별시,11,관악구,11620,전라남도,46,13,67,13,32,82,3,40,5,92,83,89
20220415,서울특별시,11,동대문구,11230,강원도,42,25,205,42,54,172,14,191,19,501,59,32
20220415,서울특별시,11,광진구,11215,부산광역시,26,291,259,25,139,244,41,261,50,437,275,111
20220415,서울특별시,11,광진구,11215,대구광역시,27,203,188,22,87,169,30,149,41,256,182,84
20220415,서울특별시,11,광진구,11215,인천광역시,28,303,216,20,122,255,38,231,52,345,259,118
20220415,서울특별시,11,광진구,11215,광주광역시,29,123,138,16,68,134,17,131,23,236,149,43
20220415,서울특별시,11,광진구,11215,대전광역시,30,164,114,10,64,123,22,105,17,177,136,38
20220415,서울특별시,11,광진구,11215,울산광역시,31,105,83,7,49,95,16,77,14,96,72,32
20220415,서울특별시,11,광진구,11215,세종특별자치시,36,26,37,3,12,44,3,29,8,45,31,13
20220415,서울특별시,11,광진구,11215,경기도,41,557,1220,136,637,1297,193,914,224,2016,1305,490
20220415,서울특별시,11,광진구,11215,강원도,42,206,109,14,55,110,22,143,19,155,132,54
20220415,서울특별시,11,광진구,11215,충청북도,43,209,91,11,74,141,23,131,23,221,123,48
20220415,서울특별시,11,광진구,11215,충청남도,44,238,164,20,92,191,29,160,23,242,194,74
20220415,서울특별시,11,광진구,11215,전라북도,45,217,126,14,63,147,17,129,23,201,144,97
20220415,서울특별시,11,광진구,11215,전라남도,46,210,89,7,68,112,17,127,19,174,110,56
20220415,서울특별시,11,광진구,11215,경상북도,47,276,151,14,98,172,18,189,49,260,167,70
20220415,서울특별시,11,광진구,11215,경상남도,48,401,178,18,107,270,33,209,39,301,245,98
20220415,서울특별시,11,광진구,11215,제주특별자치도,50,80,19,0,10,28,7,59,9,44,26,13
20220415,서울특별시,11,도봉구,11320,제주특별자치도,50,4,11,0,6,34,6,29,0,81,13,9
20220415,서울특별시,11,동대문구,11230,경기도,41,305,2475,189,391,1614,131,1536,156,5508,778,445
20220415,서울특별시,11,동대문구,11230,세종특별자치시,36,5,32,3,11,37,0,33,10,187,22,6
20220415,서울특별시,11,동대문구,11230,울산광역시,31,15,164,11,24,123,10,114,12,374,54,20
20220415,서울특별시,11,강남구,11680,경기도,41,337,3603,1524,998,2146,203,2688,487,8203,2159,2282
20220415,서울특별시,11,동대문구,11230,대전광역시,30,31,130,17,39,153,7,152,14,509,77,33
20220415,서울특별시,11,동대문구,11230,광주광역시,29,32,224,15,33,134,5,145,22,619,79,38
20220415,서울특별시,11,동대문구,11230,인천광역시,28,53,484,38,80,319,32,331,30,1100,158,92
20220415,서울특별시,11,동대문구,11230,대구광역시,27,36,241,11,54,224,8,201,20,805,87,61
20220415,서울특별시,11,동대문구,11230,부산광역시,26,52,511,29,69,324,23,340,21,1033,150,88
20220415,서울특별시,11,동대문구,11230,서울특별시,11,237,1745,155,301,932,84,1122,88,3862,576,338
20220415,서울특별시,11,은평구,11380,충청남도,44,11,67,26,48,119,41,231,34,79,76,109
20220415,서울특별시,11,은평구,11380,충청북도,43,15,25,25,25,101,26,171,13,96,54,78
20220415,서울특별시,11,은평구,11380,강원도,42,10,29,15,19,84,28,139,16,66,57,57
20220415,서울특별시,11,은평구,11380,경기도,41,103,571,174,222,774,266,1718,143,1214,566,743
20220415,서울특별시,11,송파구,11710,전라북도,45,30,103,27,51,301,24,2501,38,202,68,109
20220415,서울특별시,11,송파구,11710,전라남도,46,27,124,30,38,314,33,2434,43,187,65,103
20220415,서울특별시,11,은평구,11380,세종특별자치시,36,0,10,9,3,23,10,61,3,14,9,24
20220415,서울특별시,11,도봉구,11320,경상남도,48,49,132,10,126,139,42,128,25,571,137,94
20220415,서울특별시,11,도봉구,11320,경상북도,47,25,110,7,70,109,40,152,22,400,110,59
20220415,서울특별시,11,은평구,11380,울산광역시,31,6,19,12,12,42,17,127,3,39,35,57
20220415,서울특별시,11,은평구,11380,대전광역시,30,10,19,18,22,60,22,165,16,60,54,73
20220415,서울특별시,11,은평구,11380,광주광역시,29,13,30,15,23,63,31,153,12,54,49,75
20220415,서울특별시,11,노원구,11350,서울특별시,11,103,532,165,225,787,106,791,191,1059,259,125
20220415,서울특별시,11,노원구,11350,부산광역시,26,42,131,10,47,213,35,240,72,249,64,45
20220415,서울특별시,11,노원구,11350,대구광역시,27,25,61,13,30,169,25,146,45,152,46,26
20220415,서울특별시,11,노원구,11350,인천광역시,28,28,140,15,42,219,39,183,73,251,52,46
20220415,서울특별시,11,노원구,11350,광주광역시,29,15,57,3,23,107,23,77,37,119,31,24
20220415,서울특별시,11,도봉구,11320,전라남도,46,15,61,3,65,79,29,83,15,304,69,37
20220415,서울특별시,11,도봉구,11320,전라북도,45,10,61,6,73,62,23,83,22,271,50,46
20220415,서울특별시,11,도봉구,11320,충청남도,44,25,79,11,107,104,29,102,25,399,82,54
20220415,서울특별시,11,도봉구,11320,충청북도,43,20,60,11,60,84,27,95,14,326,65,45
20220415,서울특별시,11,도봉구,11320,강원도,42,25,75,4,66,70,27,80,13,285,62,31
20220415,서울특별시,11,도봉구,11320,경기도,41,168,681,79,662,702,207,777,130,2923,613,437
20220415,서울특별시,11,도봉구,11320,세종특별자치시,36,4,11,0,15,23,13,17,7,76,18,11
20220415,서울특별시,11,도봉구,11320,울산광역시,31,16,34,4,39,37,20,73,4,198,36,32
20220415,서울특별시,11,도봉구,11320,대전광역시,30,14,66,5,62,60,22,73,10,268,51,39
20220415,서울특별시,11,도봉구,11320,광주광역시,29,13,54,6,49,72,18,104,18,315,71,52
20220415,서울특별시,11,도봉구,11320,인천광역시,28,35,121,14,102,148,46,180,38,553,105,113
20220415,서울특별시,11,도봉구,11320,대구광역시,27,26,90,15,81,97,27,126,20,373,76,81
20220415,서울특별시,11,도봉구,11320,부산광역시,26,18,118,6,120,146,52,193,33,504,107,115
20220415,서울특별시,11,도봉구,11320,서울특별시,11,117,430,74,455,536,159,583,78,1867,378,322
20220415,서울특별시,11,중구,11140,서울특별시,11,342,1777,347,278,1443,190,1019,171,4172,1085,205
20220415,서울특별시,11,중구,11140,부산광역시,26,57,380,72,52,417,57,150,72,1132,311,72
20220415,서울특별시,11,중구,11140,대구광역시,27,43,244,65,37,204,40,77,63,796,222,40
20220415,서울특별시,11,중구,11140,인천광역시,28,77,331,58,67,300,55,215,64,971,286,59
20220415,서울특별시,11,중구,11140,광주광역시,29,29,169,28,36,160,33,70,46,595,153,18
20220415,서울특별시,11,중구,11140,대전광역시,30,28,170,35,39,163,22,90,33,524,115,37
20220415,서울특별시,11,중구,11140,울산광역시,31,21,87,19,15,87,53,29,34,382,107,18
20220415,서울특별시,11,중구,11140,세종특별자치시,36,9,44,18,8,57,13,22,10,145,35,4
20220415,서울특별시,11,마포구,11440,서울특별시,11,358,2242,712,1472,2832,152,1884,124,2313,1014,565
20220415,서울특별시,11,마포구,11440,부산광역시,26,81,442,139,386,754,47,488,43,481,205,213
20220415,서울특별시,11,마포구,11440,대구광역시,27,49,316,158,264,498,37,395,47,363,165,130
20220415,서울특별시,11,마포구,11440,인천광역시,28,67,437,152,367,667,38,510,45,458,220,153
20220415,서울특별시,11,마포구,11440,광주광역시,29,38,196,51,156,297,16,236,23,252,102,94
20220415,서울특별시,11,마포구,11440,대전광역시,30,45,218,50,182,311,22,240,21,236,106,101
20220415,서울특별시,11,마포구,11440,울산광역시,31,28,149,35,136,238,19,165,19,157,57,70
20220415,서울특별시,11,마포구,11440,세종특별자치시,36,11,57,27,48,99,6,76,7,47,26,32
20220415,서울특별시,11,마포구,11440,경기도,41,444,2271,707,1916,3366,245,2589,246,2763,1237,706
20220415,서울특별시,11,마포구,11440,강원도,42,43,236,56,212,351,28,219,20,217,83,66
20220415,서울특별시,11,마포구,11440,충청북도,43,45,209,57,205,352,20,265,29,276,111,89
20220415,서울특별시,11,중구,11140,경기도,41,380,1866,348,345,1706,315,1057,289,5056,1366,262
20220415,서울특별시,11,은평구,11380,인천광역시,28,17,127,24,32,141,42,318,29,154,103,129
20220415,서울특별시,11,은평구,11380,대구광역시,27,16,42,29,24,87,48,223,14,73,67,104
20220415,서울특별시,11,은평구,11380,부산광역시,26,10,84,33,32,143,61,345,19,156,125,169
20220415,서울특별시,11,은평구,11380,서울특별시,11,76,439,163,197,462,154,1189,67,636,313,533
20220415,서울특별시,11,중구,11140,제주특별자치도,50,12,62,23,11,62,9,16,7,198,54,5
20220415,서울특별시,11,중구,11140,경상남도,48,65,335,71,82,296,61,122,76,962,263,27
20220415,서울특별시,11,중구,11140,경상북도,47,44,260,55,66,252,42,94,72,704,180,19
20220415,서울특별시,11,강남구,11680,충청북도,43,33,274,81,90,175,15,300,41,824,185,232
20220415,서울특별시,11,강남구,11680,강원도,42,30,233,85,96,186,10,304,43,727,174,174
20220415,서울특별시,11,강남구,11680,서울특별시,11,261,2973,2152,797,1579,142,2062,282,6316,1650,1924
20220415,서울특별시,11,강남구,11680,부산광역시,26,65,547,345,141,387,28,507,76,1678,418,531
20220415,서울특별시,11,강남구,11680,대구광역시,27,36,363,246,136,258,18,347,61,1091,273,370
20220415,서울특별시,11,강남구,11680,인천광역시,28,50,501,219,182,357,28,519,84,1684,409,463
20220415,서울특별시,11,송파구,11710,경상북도,47,27,196,27,64,472,57,3705,59,290,96,133
20220415,서울특별시,11,송파구,11710,경상남도,48,77,234,82,86,639,73,4572,86,348,149,199
20220415,서울특별시,11,송파구,11710,제주특별자치도,50,5,40,6,29,45,11,21,6,59,28,11
20220415,서울특별시,11,종로구,11110,서울특별시,11,232,1133,233,788,649,59,520,180,2555,855,265
20220415,서울특별시,11,서초구,11650,서울특별시,11,302,1834,690,453,1095,115,1033,137,1682,419,661
20220415,서울특별시,11,서초구,11650,부산광역시,26,54,366,150,78,265,29,188,34,320,116,183
20220415,서울특별시,11,서초구,11650,대구광역시,27,40,252,101,67,188,25,136,33,257,64,96
20220415,서울특별시,11,서초구,11650,인천광역시,28,55,326,120,80,266,24,202,43,351,82,176
20220415,서울특별시,11,서초구,11650,광주광역시,29,25,151,82,31,118,18,74,18,191,33,59
20220415,서울특별시,11,서초구,11650,대전광역시,30,20,170,65,46,147,7,77,18,159,40,70
20220415,서울특별시,11,서초구,11650,울산광역시,31,13,108,41,32,90,9,59,14,109,37,46
20220415,서울특별시,11,서초구,11650,세종특별자치시,36,8,51,30,7,43,5,25,8,67,21,20
20220415,서울특별시,11,서초구,11650,경기도,41,296,1886,865,513,1493,153,909,203,2383,552,771
20220415,서울특별시,11,서초구,11650,강원도,42,14,141,50,27,121,13,73,13,145,29,72
20220415,서울특별시,11,서초구,11650,충청북도,43,21,166,68,55,123,14,139,26,224,50,66
20220415,서울특별시,11,서초구,11650,충청남도,44,34,187,105,69,177,11,127,28,204,66,87
20220415,서울특별시,11,서초구,11650,전라북도,45,18,133,70,34,120,14,77,14,188,37,75
20220415,서울특별시,11,서초구,11650,전라남도,46,14,118,67,29,160,12,72,17,147,34,46
20220415,서울특별시,11,서초구,11650,경상북도,47,31,230,99,54,195,16,116,26,223,72,96
20220415,서울특별시,11,서초구,11650,경상남도,48,43,275,103,70,263,36,161,36,293,63,154
20220415,서울특별시,11,서초구,11650,제주특별자치도,50,11,47,21,10,25,0,30,5,65,22,20
20220415,서울특별시,11,노원구,11350,대전광역시,30,13,56,8,24,96,9,86,35,117,35,17
20220415,서울특별시,11,노원구,11350,울산광역시,31,5,30,5,8,81,14,61,29,68,13,10
20220415,서울특별시,11,노원구,11350,세종특별자치시,36,4,9,0,11,27,0,25,19,25,7,5
20220415,서울특별시,11,노원구,11350,경기도,41,187,721,119,249,1140,164,1051,387,1801,374,227
20220415,서울특별시,11,노원구,11350,강원도,42,13,70,10,24,118,24,88,32,111,27,26
20220415,서울특별시,11,노원구,11350,충청북도,43,18,44,13,28,113,22,80,31,145,36,22
20220415,서울특별시,11,노원구,11350,충청남도,44,30,77,22,47,186,32,187,54,154,48,16
20220415,서울특별시,11,노원구,11350,전라북도,45,26,61,4,23,97,14,77,35,135,27,25
20220415,서울특별시,11,노원구,11350,전라남도,46,13,38,8,21,114,19,79,39,95,29,19
20220415,서울특별시,11,노원구,11350,경상북도,47,13,88,11,39,172,31,129,49,146,44,35
20220415,서울특별시,11,노원구,11350,경상남도,48,21,119,10,46,234,27,211,80,186,63,42
20220415,서울특별시,11,노원구,11350,제주특별자치도,50,7,16,0,4,14,0,18,8,36,8,5
20220415,서울특별시,11,중구,11140,강원도,42,35,154,59,24,205,31,72,43,458,108,29
20220415,서울특별시,11,중구,11140,충청북도,43,34,166,47,55,166,27,99,31,508,140,24
20220415,서울특별시,11,중구,11140,충청남도,44,38,204,58,67,237,29,93,41,632,172,25
20220415,서울특별시,11,중구,11140,전라북도,45,20,149,45,27,156,28,59,37,535,127,20
20220415,서울특별시,11,중구,11140,전라남도,46,36,159,48,63,174,24,68,39,501,127,23
20220415,서울특별시,11,양천구,11470,경기도,41,102,696,135,395,869,119,1167,46,1241,398,292
20220415,서울특별시,11,양천구,11470,강원도,42,12,63,11,35,81,16,137,5,60,26,27
20220415,서울특별시,11,양천구,11470,충청북도,43,15,69,14,43,75,6,118,6,118,32,25
20220415,서울특별시,11,종로구,11110,부산광역시,26,42,226,56,128,168,22,129,43,772,220,65
20220415,서울특별시,11,종로구,11110,대구광역시,27,32,181,28,85,105,10,92,50,594,152,46
20220415,서울특별시,11,종로구,11110,인천광역시,28,48,254,31,108,136,14,120,49,737,220,67
20220415,서울특별시,11,종로구,11110,광주광역시,29,26,116,25,50,63,10,54,35,441,119,23
20220415,서울특별시,11,종로구,11110,대전광역시,30,27,137,27,53,85,9,57,30,356,120,29
20220415,서울특별시,11,종로구,11110,울산광역시,31,22,88,14,33,47,5,42,19,210,74,16
20220415,서울특별시,11,종로구,11110,세종특별자치시,36,7,27,3,20,24,0,21,9,75,31,6
20220415,서울특별시,11,종로구,11110,경기도,41,260,1367,194,747,851,105,670,297,3618,1188,300
20220415,서울특별시,11,종로구,11110,강원도,42,26,110,31,57,72,4,55,42,316,108,30
20220415,서울특별시,11,종로구,11110,충청북도,43,29,143,31,61,81,7,83,46,385,123,33
20220415,서울특별시,11,종로구,11110,충청남도,44,32,189,47,64,107,12,84,29,500,152,47
20220415,서울특별시,11,종로구,11110,전라북도,45,26,162,30,53,75,7,59,54,353,110,29
20220415,서울특별시,11,종로구,11110,전라남도,46,27,127,53,48,73,6,58,47,371,102,27
20220415,서울특별시,11,종로구,11110,경상북도,47,41,206,31,61,113,8,107,42,497,172,59
20220415,서울특별시,11,종로구,11110,경상남도,48,46,214,72,91,158,22,127,61,660,198,56
20220415,서울특별시,11,양천구,11470,충청남도,44,14,91,33,79,125,10,176,6,80,26,40
20220415,서울특별시,11,양천구,11470,전라북도,45,4,73,12,32,85,12,131,3,86,40,27
20220415,서울특별시,11,양천구,11470,전라남도,46,10,51,15,39,88,17,124,0,54,29,32
20220415,서울특별시,11,양천구,11470,경상북도,47,12,95,12,51,129,15,160,5,88,47,50
20220415,서울특별시,11,양천구,11470,경상남도,48,20,100,17,72,159,32,245,5,113,63,62
20220415,서울특별시,11,양천구,11470,제주특별자치도,50,0,15,9,10,30,0,15,0,23,10,9
20220415,서울특별시,11,관악구,11620,제주특별자치도,50,3,20,6,6,24,0,6,4,23,16,18
20220415,서울특별시,11,관악구,11620,경상남도,48,19,116,34,31,109,16,46,8,149,149,147
20220415,서울특별시,11,관악구,11620,경상북도,47,13,96,27,24,104,6,45,3,90,100,147
20220415,서울특별시,11,관악구,11620,전라남도,46,3,67,15,23,60,7,25,0,91,65,72
20220415,서울특별시,11,관악구,11620,전라북도,45,8,56,21,21,71,4,30,4,82,59,75
20220415,서울특별시,11,동작구,11590,서울특별시,11,141,571,337,249,1212,45,421,80,809,416,368
20220415,서울특별시,11,동작구,11590,부산광역시,26,48,115,102,58,306,16,110,45,177,131,89
20220415,서울특별시,11,관악구,11620,충청남도,44,7,83,29,40,88,9,33,8,111,115,109
20220415,서울특별시,11,강북구,11305,제주특별자치도,50,0,7,0,0,12,0,6,0,54,15,0
20220415,서울특별시,11,강북구,11305,경상남도,48,16,116,11,51,67,7,23,15,471,86,32
20220415,서울특별시,11,강북구,11305,경상북도,47,12,90,18,39,50,8,11,15,357,75,13
20220415,서울특별시,11,강서구,11500,제주특별자치도,50,10,43,14,31,65,25,56,5,140,34,68
20220415,서울특별시,11,강서구,11500,경상남도,48,99,356,79,240,488,95,613,69,1113,262,565
20220415,서울특별시,11,강서구,11500,경상북도,47,57,292,73,210,411,117,481,71,1096,222,470
20220415,서울특별시,11,강서구,11500,전라남도,46,41,163,46,114,309,84,338,47,912,147,336
20220415,서울특별시,11,강서구,11500,전라북도,45,34,145,56,110,237,47,263,50,703,147,250
20220415,서울특별시,11,강서구,11500,충청남도,44,64,228,72,193,351,65,437,54,889,221,376
20220415,서울특별시,11,강서구,11500,충청북도,43,46,145,47,154,260,77,308,38,830,179,327
20220415,서울특별시,11,강서구,11500,강원도,42,50,201,37,130,302,69,352,38,957,176,379
20220415,서울특별시,11,강서구,11500,경기도,41,489,1993,518,1240,2262,619,2401,376,4897,1263,2247
20220415,서울특별시,11,강서구,11500,세종특별자치시,36,13,49,11,36,63,12,68,20,145,39,67
20220415,서울특별시,11,강서구,11500,울산광역시,31,26,110,27,88,134,54,175,23,278,76,118
20220415,서울특별시,11,강서구,11500,대전광역시,30,51,189,83,104,221,50,225,27,416,111,180
20220415,서울특별시,11,강서구,11500,광주광역시,29,49,174,53,111,207,53,199,40,439,121,216
20220415,서울특별시,11,강북구,11305,전라남도,46,8,61,9,22,27,6,10,8,247,59,7
20220415,서울특별시,11,강북구,11305,전라북도,45,6,67,4,33,32,10,17,6,271,62,18
20220415,서울특별시,11,강북구,11305,충청남도,44,11,102,11,60,54,6,15,14,360,91,16
20220415,서울특별시,11,강북구,11305,충청북도,43,9,71,3,22,42,6,11,9,271,57,13
20220415,서울특별시,11,강북구,11305,강원도,42,6,60,11,34,28,3,7,15,247,64,4
20220415,서울특별시,11,동작구,11590,대구광역시,27,42,89,59,43,226,10,85,20,156,79,65
20220415,서울특별시,11,동작구,11590,인천광역시,28,36,119,69,70,352,15,98,15,223,165,86
20220415,서울특별시,11,동작구,11590,광주광역시,29,20,67,35,37,161,10,32,16,89,34,58
20220415,서울특별시,11,동작구,11590,대전광역시,30,19,58,49,26,163,4,35,15,90,36,51
20220415,서울특별시,11,동작구,11590,울산광역시,31,7,32,33,17,84,0,41,14,48,34,28
20220415,서울특별시,11,동작구,11590,세종특별자치시,36,3,14,18,7,37,4,22,13,25,11,8
20220415,서울특별시,11,동작구,11590,경기도,41,218,775,385,296,1685,97,482,152,1365,566,468
20220415,서울특별시,11,동작구,11590,강원도,42,17,50,52,20,166,6,84,23,71,40,39
20220415,서울특별시,11,동작구,11590,충청북도,43,25,52,45,28,164,13,69,20,116,46,52
20220415,서울특별시,11,동작구,11590,충청남도,44,34,78,71,40,256,8,91,19,116,56,46
20220415,서울특별시,11,동작구,11590,전라북도,45,18,86,64,19,153,9,62,18,98,28,53
20220415,서울특별시,11,동작구,11590,전라남도,46,20,65,35,27,175,5,109,17,89,28,42
20220415,서울특별시,11,동작구,11590,경상북도,47,22,95,64,42,232,10,95,31,132,57,73
20220415,서울특별시,11,강북구,11305,경기도,41,74,736,76,239,420,51,115,84,2513,535,154
20220415,서울특별시,11,강북구,11305,세종특별자치시,36,0,16,0,4,12,0,0,5,64,17,0
20220415,서울특별시,11,강북구,11305,울산광역시,31,4,36,8,9,20,4,5,8,165,39,6
20220415,서울특별시,11,강북구,11305,대전광역시,30,10,74,4,30,30,5,9,14,248,62,8
20220415,서울특별시,11,동작구,11590,경상남도,48,39,116,106,59,315,22,124,30,188,85,80
20220415,서울특별시,11,동작구,11590,제주특별자치도,50,3,25,11,5,24,0,13,4,28,20,5
20220415,서울특별시,11,중랑구,11260,서울특별시,11,215,1775,167,610,826,273,1024,179,1507,709,339
20220415,서울특별시,11,중랑구,11260,부산광역시,26,65,409,49,154,230,72,324,63,427,149,72
20220415,서울특별시,11,중랑구,11260,대구광역시,27,45,219,30,125,186,61,215,52,324,112,81
20220415,서울특별시,11,서대문구,11410,제주특별자치도,50,0,41,0,5,14,0,5,6,47,16,0
20220415,서울특별시,11,서대문구,11410,경상남도,48,6,110,28,34,149,6,120,69,193,75,88
20220415,서울특별시,11,서대문구,11410,경상북도,47,0,86,22,21,91,4,84,44,143,54,23
20220415,서울특별시,11,중랑구,11260,인천광역시,28,59,456,32,183,240,77,274,67,443,201,113
20220415,서울특별시,11,중랑구,11260,광주광역시,29,49,187,18,60,115,41,137,29,229,88,46
20220415,서울특별시,11,중랑구,11260,대전광역시,30,39,201,11,92,152,36,122,33,207,76,41
20220415,서울특별시,11,중랑구,11260,울산광역시,31,17,107,19,59,92,30,107,15,143,62,19
20220415,서울특별시,11,중랑구,11260,세종특별자치시,36,11,41,5,16,47,14,31,16,42,26,9
20220415,서울특별시,11,중랑구,11260,경기도,41,300,1983,192,787,1368,426,1300,288,2288,863,506
20220415,서울특별시,11,중랑구,11260,강원도,42,53,295,24,92,130,39,139,40,187,123,33
20220415,서울특별시,11,중랑구,11260,충청북도,43,39,168,19,95,137,29,141,27,253,85,48
20220415,서울특별시,11,중랑구,11260,충청남도,44,41,252,35,123,201,67,179,42,276,107,43
20220415,서울특별시,11,중랑구,11260,전라북도,45,32,174,30,98,137,35,124,26,227,81,58
20220415,서울특별시,11,중랑구,11260,전라남도,46,34,154,16,79,174,54,142,45,212,72,39
20220415,서울특별시,11,중랑구,11260,경상북도,47,61,252,33,115,220,68,229,52,329,121,69
20220415,서울특별시,11,중랑구,11260,경상남도,48,48,380,28,176,293,84,245,56,355,178,99
20220415,서울특별시,11,중랑구,11260,제주특별자치도,50,11,56,0,27,32,12,31,0,65,27,6
20220415,서울특별시,11,서대문구,11410,전라남도,46,0,56,28,17,79,4,62,30,102,45,65
20220415,서울특별시,11,서대문구,11410,전라북도,45,0,43,17,16,60,5,54,33,147,58,38
20220415,서울특별시,11,서대문구,11410,충청남도,44,4,94,24,30,105,4,74,47,165,53,33
20220415,서울특별시,11,서대문구,11410,충청북도,43,0,67,4,20,73,0,59,32,168,37,69
20220415,서울특별시,11,서대문구,11410,강원도,42,3,61,16,23,70,3,61,32,123,37,27
20220415,서울특별시,11,서대문구,11410,경기도,41,23,640,115,214,698,51,546,332,1691,467,321
20220415,서울특별시,11,서대문구,11410,세종특별자치시,36,0,18,3,6,14,0,10,4,45,8,6
20220415,서울특별시,11,서대문구,11410,울산광역시,31,0,26,9,9,32,4,41,11,87,16,21
20220415,서울특별시,11,서대문구,11410,대전광역시,30,0,62,18,19,73,5,53,28,118,46,18
20220415,서울특별시,11,서대문구,11410,광주광역시,29,0,54,7,15,65,4,44,33,142,41,10
20220415,서울특별시,11,서대문구,11410,인천광역시,28,6,111,15,61,143,8,115,66,284,68,97
20220415,서울특별시,11,서대문구,11410,대구광역시,27,7,80,13,31,91,6,73,41,184,84,127
20220415,서울특별시,11,서대문구,11410,부산광역시,26,5,110,26,37,126,13,137,54,248,89,194
20220415,서울특별시,11,서대문구,11410,서울특별시,11,27,555,121,235,432,48,445,117,1363,342,155
20220415,서울특별시,11,강북구,11305,광주광역시,29,5,77,4,24,25,6,5,13,248,57,17
20220415,서울특별시,11,강북구,11305,인천광역시,28,15,134,12,43,68,5,27,22,487,103,31
20220415,서울특별시,11,강북구,11305,대구광역시,27,16,96,7,23,47,7,10,19,330,69,19
20220415,서울특별시,11,강북구,11305,부산광역시,26,10,114,21,43,61,20,15,19,472,105,23
20220415,서울특별시,11,마포구,11440,제주특별자치도,50,12,70,21,62,97,8,41,26,95,47,43
20220415,서울특별시,11,강동구,11740,울산광역시,31,9,60,35,18,65,7,84,7,56,22,10
20220415,서울특별시,11,강동구,11740,대전광역시,30,28,96,32,39,95,16,136,14,75,31,15
20220415,서울특별시,11,강동구,11740,광주광역시,29,25,73,70,22,115,21,111,13,95,42,29
20220415,서울특별시,11,강동구,11740,인천광역시,28,50,170,80,159,253,37,270,55,197,89,56
20220415,서울특별시,11,강동구,11740,대구광역시,27,47,127,68,77,181,21,191,24,139,53,29
20220415,서울특별시,11,강동구,11740,부산광역시,26,54,170,89,94,236,27,316,39,218,79,56
20220415,서울특별시,11,강동구,11740,서울특별시,11,194,807,252,386,816,119,1102,137,932,348,275
20220415,서울특별시,11,성북구,11290,제주특별자치도,50,8,76,8,13,49,4,29,18,258,60,20
20220415,서울특별시,11,성북구,11290,경상남도,48,72,428,61,92,473,44,268,124,1446,391,136
20220415,서울특별시,11,성북구,11290,경상북도,47,48,270,31,57,386,30,193,97,1052,261,124
20220415,서울특별시,11,성북구,11290,전라남도,46,29,167,35,42,273,21,140,63,762,190,74
20220415,서울특별시,11,성북구,11290,전라북도,45,26,181,40,48,289,16,142,64,892,197,77
20220415,서울특별시,11,성북구,11290,충청남도,44,40,287,46,73,339,29,181,87,1095,283,102
20220415,서울특별시,11,성북구,11290,충청북도,43,26,189,33,64,224,21,153,59,843,190,72
20220415,서울특별시,11,성북구,11290,강원도,42,28,174,35,40,242,24,155,55,779,226,69
20220415,서울특별시,11,성북구,11290,경기도,41,376,2009,330,490,2254,255,1479,657,8282,2066,730
20220415,서울특별시,11,성북구,11290,세종특별자치시,36,0,47,6,14,62,10,39,18,192,65,19
20220415,서울특별시,11,성북구,11290,울산광역시,31,20,115,23,35,135,16,97,51,539,116,64
20220415,서울특별시,11,강동구,11740,세종특별자치시,36,10,26,18,12,26,0,36,8,17,11,8
20220415,서울특별시,11,강동구,11740,경기도,41,292,1114,306,398,1173,192,1432,183,1518,464,310
20220415,서울특별시,11,강동구,11740,강원도,42,25,72,26,56,124,25,153,12,49,37,23
20220415,서울특별시,11,강동구,11740,충청북도,43,31,76,37,53,117,16,152,11,121,33,38
20220415,서울특별시,11,영등포구,11560,충청남도,44,22,287,59,175,226,13,255,8,180,70,74
20220415,서울특별시,11,영등포구,11560,전라북도,45,16,240,36,129,211,6,182,9,181,51,55
20220415,서울특별시,11,영등포구,11560,전라남도,46,13,172,62,94,124,8,175,9,124,63,55
20220415,서울특별시,11,성북구,11290,대전광역시,30,40,160,34,45,228,22,152,54,810,223,89
20220415,서울특별시,11,성북구,11290,광주광역시,29,35,221,26,35,207,26,133,60,873,227,77
20220415,서울특별시,11,성북구,11290,인천광역시,28,78,431,75,112,462,48,296,126,1772,465,136
20220415,서울특별시,11,성북구,11290,대구광역시,27,50,279,53,55,342,32,206,75,1166,313,86
20220415,서울특별시,11,강서구,11500,인천광역시,28,95,393,118,230,442,94,451,76,835,205,441
20220415,서울특별시,11,강서구,11500,대구광역시,27,65,249,82,171,308,73,363,57,525,173,305
20220415,서울특별시,11,강서구,11500,부산광역시,26,80,398,136,223,441,95,597,79,813,257,461
20220415,서울특별시,11,강서구,11500,서울특별시,11,327,1596,465,955,1479,336,1837,241,2721,802,1639
20220415,서울특별시,11,마포구,11440,경상남도,48,103,389,132,385,678,53,526,39,384,194,193
20220415,서울특별시,11,강북구,11305,서울특별시,11,49,585,73,209,296,20,104,61,1665,362,103
20220415,서울특별시,11,마포구,11440,충청남도,44,62,306,85,274,466,37,367,29,282,131,99
20220415,서울특별시,11,마포구,11440,전라북도,45,30,207,65,216,341,22,254,27,218,103,92
20220415,서울특별시,11,마포구,11440,전라남도,46,22,190,66,212,293,30,258,22,193,92,98
20220415,서울특별시,11,종로구,11110,제주특별자치도,50,8,41,9,20,22,7,16,17,113,40,9
20220415,서울특별시,11,은평구,11380,제주특별자치도,50,0,5,18,9,21,5,15,0,12,17,13
20220415,서울특별시,11,은평구,11380,경상남도,48,18,77,26,40,118,45,317,17,130,114,159
20220415,서울특별시,11,은평구,11380,경상북도,47,13,72,26,35,110,41,224,22,89,103,104
20220415,서울특별시,11,영등포구,11560,경상북도,47,24,315,68,139,212,16,270,8,199,86,95
20220415,서울특별시,11,영등포구,11560,경상남도,48,33,385,85,224,312,23,353,21,244,94,115
20220415,서울특별시,11,영등포구,11560,제주특별자치도,50,3,52,12,31,25,0,37,0,53,22,17
20220415,서울특별시,11,은평구,11380,전라남도,46,9,43,14,20,76,28,152,13,58,63,93
20220415,서울특별시,11,은평구,11380,전라북도,45,10,31,28,16,69,26,167,15,96,48,84
20220415,서울특별시,11,성북구,11290,부산광역시,26,78,365,103,82,432,59,294,132,1655,417,153
20220415,서울특별시,11,성북구,11290,서울특별시,11,270,1603,462,347,1457,155,1061,373,6099,1710,715
20220415,서울특별시,11,강남구,11680,광주광역시,29,35,415,144,74,174,14,250,34,854,208,247
20220415,서울특별시,11,마포구,11440,경상북도,47,59,297,82,286,491,40,403,25,311,145,122
20220415,서울특별시,11,용산구,11170,제주특별자치도,50,4,43,13,206,24,8,14,5,31,18,4
20220415,서울특별시,11,용산구,11170,경상남도,48,19,236,32,1188,206,30,141,42,163,101,32
20220415,서울특별시,11,용산구,11170,경상북도,47,16,179,47,985,133,24,125,20,135,59,29
20220415,서울특별시,11,용산구,11170,전라남도,46,17,118,37,604,92,11,71,13,91,46,15
20220415,서울특별시,11,용산구,11170,전라북도,45,12,126,26,527,93,9,59,14,106,59,28
20220415,서울특별시,11,용산구,11170,충청남도,44,14,161,40,978,151,18,94,15,115,75,29
20220415,서울특별시,11,용산구,11170,충청북도,43,9,149,40,681,97,13,83,12,106,38,17
20220415,서울특별시,11,용산구,11170,강원도,42,8,132,25,646,100,6,44,13,75,42,20
20220415,서울특별시,11,용산구,11170,경기도,41,107,1514,336,6893,921,179,614,147,1427,687,230
20220415,서울특별시,11,용산구,11170,세종특별자치시,36,5,32,25,185,21,4,14,4,23,19,6
20220415,서울특별시,11,용산구,11170,울산광역시,31,4,70,22,390,69,6,52,10,67,41,13
20220415,서울특별시,11,용산구,11170,대전광역시,30,13,120,37,723,90,21,54,13,105,62,19
20220415,서울특별시,11,용산구,11170,광주광역시,29,10,147,26,575,88,17,61,14,102,66,27
20220415,서울특별시,11,용산구,11170,인천광역시,28,28,241,53,1322,172,39,156,25,208,102,61
20220415,서울특별시,11,용산구,11170,대구광역시,27,17,183,26,872,143,25,101,11,187,82,34
20220415,서울특별시,11,강동구,11740,충청남도,44,42,140,56,62,145,28,217,26,125,47,33
20220415,서울특별시,11,강동구,11740,전라북도,45,25,65,35,42,89,20,147,14,77,31,18
20220415,서울특별시,11,강동구,11740,전라남도,46,32,54,40,38,88,9,179,22,61,27,15
20220415,서울특별시,11,강동구,11740,경상북도,47,43,104,45,62,146,23,255,23,106,55,22
20220415,서울특별시,11,강동구,11740,경상남도,48,45,159,57,67,204,24,277,30,158,69,40
20220415,서울특별시,11,강동구,11740,제주특별자치도,50,9,29,12,7,22,4,21,6,18,12,4
20220415,서울특별시,11,관악구,11620,서울특별시,11,89,636,319,230,436,67,225,29,802,470,592
20220415,서울특별시,11,관악구,11620,부산광역시,26,21,110,49,52,123,21,60,7,157,135,187
20220415,서울특별시,11,관악구,11620,대구광역시,27,18,86,24,35,77,10,42,7,100,109,140
20220415,서울특별시,11,관악구,11620,인천광역시,28,21,108,41,59,122,16,44,12,172,133,177
20220415,서울특별시,11,관악구,11620,광주광역시,29,10,44,18,18,64,7,26,3,70,77,89
20220415,서울특별시,11,관악구,11620,대전광역시,30,11,41,21,28,72,9,18,6,73,64,97
20220415,서울특별시,11,관악구,11620,울산광역시,31,7,32,7,22,39,0,9,0,55,36,62
20220415,서울특별시,11,관악구,11620,세종특별자치시,36,0,8,3,4,16,3,7,0,11,17,32
20220415,서울특별시,11,관악구,11620,경기도,41,118,710,248,269,673,117,305,58,1177,748,718
20220415,서울특별시,11,관악구,11620,강원도,42,11,51,17,21,58,8,35,4,78,73,69
20220415,서울특별시,11,관악구,11620,충청북도,43,9,48,13,27,62,12,18,8,104,70,91
20220415,서울특별시,11,성동구,11200,서울특별시,11,311,4048,204,759,909,164,664,84,3758,2010,361
20220415,서울특별시,11,성동구,11200,부산광역시,26,94,833,32,158,186,42,224,17,851,542,92
20220415,서울특별시,11,성동구,11200,대구광역시,27,60,556,18,139,130,37,116,14,615,411,86
20220415,서울특별시,11,성동구,11200,인천광역시,28,93,893,25,167,231,30,151,21,883,559,87
20220415,서울특별시,11,성동구,11200,광주광역시,29,37,364,8,78,93,23,74,12,454,301,40
20220415,서울특별시,11,성동구,11200,대전광역시,30,52,338,11,68,134,17,83,12,448,262,51
20220415,서울특별시,11,성동구,11200,울산광역시,31,26,192,8,50,87,15,51,9,247,203,27
20220415,서울특별시,11,성동구,11200,세종특별자치시,36,9,109,5,25,34,4,15,5,79,71,10
20220415,서울특별시,11,성동구,11200,경기도,41,394,4435,206,871,1132,248,840,113,4416,2596,482
20220415,서울특별시,11,구로구,11530,제주특별자치도,50,4,50,9,22,36,10,20,3,106,16,9
20220415,서울특별시,11,구로구,11530,경상남도,48,33,282,116,112,273,47,92,27,498,113,111
20220415,서울특별시,11,구로구,11530,경상북도,47,31,215,98,111,229,41,86,16,390,78,75
20220415,서울특별시,11,구로구,11530,전라남도,46,20,147,57,73,143,25,43,19,271,53,53
20220415,서울특별시,11,구로구,11530,전라북도,45,14,157,35,71,137,12,39,35,294,68,51
20220415,서울특별시,11,구로구,11530,충청남도,44,26,220,149,118,198,36,83,27,396,73,76
20220415,서울특별시,11,구로구,11530,충청북도,43,28,181,27,91,146,22,44,15,292,72,51
20220415,서울특별시,11,영등포구,11560,충청북도,43,9,236,46,128,128,9,176,12,183,51,65
20220415,서울특별시,11,용산구,11170,부산광역시,26,14,237,39,1271,209,39,162,21,240,138,47
20220415,서울특별시,11,용산구,11170,서울특별시,11,91,1263,325,5645,706,129,477,64,1224,680,187
20220415,서울특별시,11,강남구,11680,제주특별자치도,50,15,110,33,26,67,7,75,13,215,48,65
20220415,서울특별시,11,강남구,11680,경상남도,48,54,466,162,214,346,28,505,80,1294,360,463
20220415,서울특별시,11,강남구,11680,경상북도,47,52,348,158,131,274,25,404,50,1049,247,343
20220415,서울특별시,11,강남구,11680,전라남도,46,17,220,85,77,175,6,254,37,590,179,213
20220415,서울특별시,11,영등포구,11560,강원도,42,15,237,47,111,129,12,202,3,116,65,68
20220415,서울특별시,11,구로구,11530,강원도,42,27,123,327,57,156,35,51,14,265,64,53
20220415,서울특별시,11,구로구,11530,경기도,41,215,1744,461,795,1614,253,464,139,3068,677,530
20220415,서울특별시,11,구로구,11530,세종특별자치시,36,8,44,9,9,41,7,14,7,78,13,15
20220415,서울특별시,11,구로구,11530,울산광역시,31,15,105,188,52,86,13,30,7,156,42,34
20220415,서울특별시,11,구로구,11530,대전광역시,30,14,140,20,74,143,25,39,9,262,63,38
20220415,서울특별시,11,구로구,11530,광주광역시,29,14,190,212,54,130,26,38,17,316,61,43
20220415,서울특별시,11,구로구,11530,인천광역시,28,38,354,244,156,344,49,87,32,588,118,103
20220415,서울특별시,11,구로구,11530,대구광역시,27,35,216,168,91,177,44,76,23,429,75,70
20220415,서울특별시,11,구로구,11530,부산광역시,26,53,275,201,131,313,41,90,34,515,105,111
20220415,서울특별시,11,구로구,11530,서울특별시,11,178,1470,434,602,1254,151,319,102,2020,407,352
20220415,서울특별시,11,금천구,11545,제주특별자치도,50,28,35,12,53,39,33,46,18,264,93,59
20220415,서울특별시,11,양천구,11470,서울특별시,11,77,547,103,294,593,81,907,31,706,244,212
20220415,서울특별시,11,양천구,11470,부산광역시,26,8,140,17,70,149,24,224,5,134,66,54
20220415,서울특별시,11,양천구,11470,대구광역시,27,14,72,13,49,125,15,147,8,130,47,41
20220415,서울특별시,11,양천구,11470,인천광역시,28,18,147,17,85,161,18,245,16,139,61,61
20220415,서울특별시,11,양천구,11470,광주광역시,29,12,75,14,38,63,22,97,3,55,36,35
20220415,서울특별시,11,양천구,11470,대전광역시,30,6,90,17,44,75,6,116,6,81,33,21
20220415,서울특별시,11,금천구,11545,경상남도,48,120,278,39,306,317,160,373,106,1226,402,434
20220415,서울특별시,11,금천구,11545,경상북도,47,81,208,44,242,229,121,274,99,917,326,347
20220415,서울특별시,11,금천구,11545,전라남도,46,63,124,47,168,157,104,179,73,734,230,223
20220415,서울특별시,11,강남구,11680,전라북도,45,23,228,100,75,153,11,243,49,816,217,188
20220415,서울특별시,11,강남구,11680,충청남도,44,48,318,162,127,243,19,367,59,1032,254,232
20220415,서울특별시,11,송파구,11710,서울특별시,11,175,1313,228,411,945,207,1740,71,2211,643,515
20220415,서울특별시,11,송파구,11710,부산광역시,26,66,265,47,109,366,60,2048,50,420,176,151
20220415,서울특별시,11,송파구,11710,대구광역시,27,58,190,22,99,788,82,8035,96,334,118,234
20220415,서울특별시,11,송파구,11710,인천광역시,28,65,260,85,101,229,49,351,41,442,116,134
20220415,서울특별시,11,송파구,11710,광주광역시,29,31,107,31,42,263,31,2245,32,231,74,95
20220415,서울특별시,11,금천구,11545,전라북도,45,57,176,23,174,187,73,186,65,779,285,242
20220415,서울특별시,11,금천구,11545,충청남도,44,95,180,45,226,238,92,255,104,927,367,310
20220415,서울특별시,11,금천구,11545,충청북도,43,63,160,35,161,185,94,192,82,707,255,190
20220415,서울특별시,11,금천구,11545,강원도,42,75,130,43,184,185,79,196,69,608,235,224
20220415,서울특별시,11,금천구,11545,경기도,41,621,1550,473,1588,1917,808,1883,680,6540,2370,2483
20220415,서울특별시,11,금천구,11545,세종특별자치시,36,14,34,8,38,39,23,46,32,235,89,62
20220415,서울특별시,11,금천구,11545,울산광역시,31,50,70,19,116,138,67,125,66,479,179,182
20220415,서울특별시,11,송파구,11710,대전광역시,30,39,139,17,74,708,47,7477,89,219,82,184
20220415,서울특별시,11,송파구,11710,울산광역시,31,14,80,10,21,126,15,665,11,133,45,45
20220415,서울특별시,11,송파구,11710,세종특별자치시,36,17,50,18,29,262,12,3438,68,62,20,76
20220415,서울특별시,11,금천구,11545,대전광역시,30,53,128,31,161,223,72,191,67,777,238,249
20220415,서울특별시,11,금천구,11545,광주광역시,29,88,128,18,152,158,88,211,74,781,222,259
20220415,서울특별시,11,금천구,11545,인천광역시,28,109,276,62,314,380,154,372,138,1308,456,506
20220415,서울특별시,11,금천구,11545,대구광역시,27,79,183,26,218,263,128,258,95,1025,314,466
20220415,서울특별시,11,금천구,11545,부산광역시,26,118,245,34,303,341,138,369,128,1184,417,546
20220415,서울특별시,11,금천구,11545,서울특별시,11,487,1252,461,1229,1471,593,1485,476,4652,1648,1940
20220415,서울특별시,11,성동구,11200,강원도,42,48,362,10,81,125,13,104,5,329,273,34
20220415,서울특별시,11,성동구,11200,제주특별자치도,50,5,191,3,17,48,7,26,5,135,114,13
20220415,서울특별시,11,성동구,11200,경상남도,48,91,634,18,176,294,43,199,23,676,481,89
20220415,서울특별시,11,성동구,11200,경상북도,47,53,470,24,132,148,37,146,13,527,426,68
20220415,서울특별시,11,성동구,11200,전라남도,46,52,299,12,83,147,15,74,9,364,300,38
20220415,서울특별시,11,성동구,11200,전라북도,45,28,367,13,76,110,19,88,13,395,325,38
20220415,서울특별시,11,성동구,11200,충청남도,44,66,451,30,128,151,32,99,19,500,348,60
20220415,서울특별시,11,성동구,11200,충청북도,43,43,354,5,100,120,14,74,15,423,298,44
20220415,서울특별시,11,영등포구,11560,경기도,41,167,1884,433,1178,1357,115,1863,133,2105,722,744
20220415,서울특별시,11,영등포구,11560,세종특별자치시,36,3,37,10,36,34,0,60,0,28,14,9
20220415,서울특별시,11,영등포구,11560,울산광역시,31,10,155,44,92,109,0,91,6,94,33,41
20220415,서울특별시,11,송파구,11710,경기도,41,312,1536,218,513,1781,314,7572,219,3331,850,718
20220415,서울특별시,11,송파구,11710,강원도,42,37,111,26,58,338,34,2776,52,206,59,95
20220415,서울특별시,11,송파구,11710,충청북도,43,31,129,18,48,467,40,4998,62,293,74,138
20220415,서울특별시,11,송파구,11710,충청남도,44,51,180,50,89,614,56,6559,113,283,102,194
20220415,서울특별시,11,강남구,11680,대전광역시,30,36,263,106,85,164,19,271,40,751,186,226
20220415,서울특별시,11,강남구,11680,울산광역시,31,10,136,82,55,101,10,173,27,422,135,146
20220415,서울특별시,11,동대문구,11230,경상남도,48,48,456,62,74,311,23,326,32,973,131,56
20220415,서울특별시,11,영등포구,11560,대전광역시,30,25,188,60,129,144,14,163,12,179,60,54
20220415,서울특별시,11,영등포구,11560,광주광역시,29,20,195,54,109,115,8,165,6,143,52,67
20220415,서울특별시,11,양천구,11470,울산광역시,31,7,40,6,20,46,5,70,3,49,20,38
20220415,서울특별시,11,양천구,11470,세종특별자치시,36,0,18,3,8,19,0,34,0,16,5,6
20220415,서울특별시,11,영등포구,11560,인천광역시,28,25,488,73,226,271,24,397,29,320,171,130
20220415,서울특별시,11,영등포구,11560,대구광역시,27,32,267,67,158,179,17,281,18,222,80,89
20220415,서울특별시,11,영등포구,11560,부산광역시,26,29,413,96,232,296,16,413,8,297,125,139
20220415,서울특별시,11,영등포구,11560,서울특별시,11,123,1565,403,993,1062,117,1713,83,1581,718,554
20220415,서울특별시,11,동대문구,11230,제주특별자치도,50,11,44,3,10,30,4,29,4,133,21,9
20220415,서울특별시,11,광진구,11215,서울특별시,11,379,998,153,480,794,104,687,164,1583,1056,297
20220415,서울특별시,11,동대문구,11230,경상북도,47,37,299,102,71,280,17,244,23,816,104,62
20220415,서울특별시,11,동대문구,11230,전라남도,46,23,214,85,32,171,10,178,20,505,65,36
20220415,서울특별시,11,동대문구,11230,전라북도,45,20,220,53,39,134,12,160,12,509,68,50
20220415,서울특별시,11,동대문구,11230,충청남도,44,44,307,52,67,244,18,239,34,719,83,65
20220415,서울특별시,11,동대문구,11230,충청북도,43,33,181,33,45,175,11,161,18,578,62,36
20220415,서울특별시,11,강남구,11680,세종특별자치시,36,14,55,41,16,51,0,89,16,180,49,53
20220416,서울특별시,11,동작구,11590,전라북도,45,3,13,12,3,12,3,0,0,20,0,0
20220416,서울특별시,11,노원구,11350,제주특별자치도,50,0,3,0,0,0,0,0,0,0,0,0
20220416,서울특별시,11,노원구,11350,경상남도,48,0,12,0,0,0,3,0,0,12,11,0
20220416,서울특별시,11,노원구,11350,경상북도,47,0,5,0,0,0,0,0,0,7,3,0
20220416,서울특별시,11,노원구,11350,전라남도,46,0,5,0,0,0,0,3,0,0,0,0
20220416,서울특별시,11,노원구,11350,전라북도,45,0,6,5,0,0,0,4,0,11,0,0
20220416,서울특별시,11,노원구,11350,충청남도,44,0,8,8,8,0,0,4,0,10,0,0
20220416,서울특별시,11,노원구,11350,충청북도,43,0,9,0,3,0,0,0,0,37,0,5
20220416,서울특별시,11,노원구,11350,강원도,42,0,0,0,0,0,0,0,0,5,0,0
20220416,서울특별시,11,노원구,11350,경기도,41,12,159,52,40,73,22,39,9,640,101,24
20220416,서울특별시,11,노원구,11350,세종특별자치시,36,0,0,0,0,0,0,0,0,0,0,0
20220416,서울특별시,11,노원구,11350,울산광역시,31,0,0,3,0,0,0,0,0,8,0,0
20220416,서울특별시,11,노원구,11350,대전광역시,30,0,4,0,13,4,0,4,0,3,0,5
20220416,서울특별시,11,노원구,11350,광주광역시,29,0,9,0,0,0,0,0,0,7,0,0
20220416,서울특별시,11,노원구,11350,인천광역시,28,0,19,7,3,11,0,5,0,31,5,0
20220416,서울특별시,11,노원구,11350,대구광역시,27,4,16,6,0,3,0,0,0,26,6,0
20220416,서울특별시,11,노원구,11350,부산광역시,26,0,18,6,0,0,13,3,3,28,16,3
20220416,서울특별시,11,노원구,11350,서울특별시,11,3,126,53,26,20,13,23,3,230,51,10
20220416,서울특별시,11,서대문구,11410,서울특별시,11,7,122,819,23,21,10,44,3,194,51,7
20220416,서울특별시,11,서대문구,11410,부산광역시,26,0,14,12,0,0,0,3,0,35,18,0
20220416,서울특별시,11,서대문구,11410,대구광역시,27,0,11,9,0,4,0,5,0,17,0,0
20220416,서울특별시,11,서대문구,11410,인천광역시,28,3,15,22,8,10,0,8,4,35,4,0
20220416,서울특별시,11,서대문구,11410,광주광역시,29,0,8,4,0,0,0,0,0,7,0,0
20220416,서울특별시,11,서대문구,11410,대전광역시,30,0,6,4,0,3,0,7,0,3,0,0
20220416,서울특별시,11,서대문구,11410,울산광역시,31,0,3,3,0,0,0,0,0,6,0,0
20220416,서울특별시,11,서대문구,11410,세종특별자치시,36,0,0,0,0,0,0,0,0,0,0,0
20220416,서울특별시,11,서대문구,11410,경기도,41,16,150,172,39,70,15,44,4,438,92,18
20220416,서울특별시,11,서대문구,11410,강원도,42,0,10,9,0,3,0,0,0,7,0,0
20220416,서울특별시,11,서대문구,11410,충청북도,43,0,9,0,0,0,0,0,3,29,0,0
20220416,서울특별시,11,서대문구,11410,충청남도,44,0,15,9,3,0,0,7,3,15,0,0
20220416,서울특별시,11,서대문구,11410,전라북도,45,0,8,0,0,0,0,0,0,14,4,0
20220416,서울특별시,11,서대문구,11410,전라남도,46,0,5,0,0,0,0,4,0,9,0,0
20220416,서울특별시,11,서대문구,11410,경상북도,47,0,7,5,3,0,0,5,0,13,3,3
20220416,서울특별시,11,서대문구,11410,경상남도,48,0,12,5,6,0,0,0,0,10,14,0
20220416,서울특별시,11,서대문구,11410,제주특별자치도,50,0,0,0,0,0,0,5,0,0,0,0
20220416,서울특별시,11,강동구,11740,제주특별자치도,50,0,0,3,0,0,0,0,0,5,7,0
20220416,서울특별시,11,강동구,11740,경상남도,48,4,16,21,4,3,4,3,3,21,25,0
20220416,서울특별시,11,강동구,11740,경상북도,47,0,13,23,0,0,0,7,0,12,13,4
20220416,서울특별시,11,강동구,11740,전라남도,46,0,9,12,0,0,0,11,0,5,4,0
20220416,서울특별시,11,강동구,11740,전라북도,45,0,12,12,0,0,0,5,0,20,5,0
20220416,서울특별시,11,강동구,11740,충청남도,44,0,19,42,6,5,0,5,6,12,11,0
20220416,서울특별시,11,강동구,11740,충청북도,43,0,6,6,4,0,0,9,0,30,8,4
20220416,서울특별시,11,강동구,11740,강원도,42,0,8,15,0,0,0,5,0,6,5,0
20220416,서울특별시,11,강동구,11740,경기도,41,23,192,157,39,100,37,67,27,609,184,33
20220416,서울특별시,11,강동구,11740,세종특별자치시,36,0,0,3,0,0,0,3,0,0,0,0
20220416,서울특별시,11,강동구,11740,울산광역시,31,0,6,15,0,0,0,0,0,7,8,0
20220416,서울특별시,11,강동구,11740,대전광역시,30,0,8,8,0,0,0,0,0,6,9,0
20220416,서울특별시,11,강동구,11740,광주광역시,29,0,9,22,0,3,0,0,3,8,6,0
20220416,서울특별시,11,강동구,11740,인천광역시,28,3,18,41,9,10,6,12,5,32,26,3
20220416,서울특별시,11,강동구,11740,대구광역시,27,5,16,38,0,6,5,8,0,19,12,0
20220416,서울특별시,11,강동구,11740,부산광역시,26,0,17,42,5,4,4,9,0,27,54,0
20220416,서울특별시,11,강동구,11740,서울특별시,11,16,158,119,45,29,17,50,18,261,115,10
20220416,서울특별시,11,강북구,11305,서울특별시,11,10,78,22,18,19,4,10,5,152,22,7
20220416,서울특별시,11,강북구,11305,부산광역시,26,3,8,3,0,5,3,0,0,28,10,0
20220416,서울특별시,11,강북구,11305,대구광역시,27,3,4,0,0,4,0,0,0,19,0,0
20220416,서울특별시,11,강북구,11305,인천광역시,28,0,11,0,0,6,0,3,0,31,0,0
20220416,서울특별시,11,강북구,11305,광주광역시,29,0,0,0,0,0,0,0,0,6,0,0
20220416,서울특별시,11,강북구,11305,대전광역시,30,0,5,0,0,0,0,3,0,10,5,0
20220416,서울특별시,11,강북구,11305,울산광역시,31,0,4,0,0,0,0,0,0,5,0,0
20220416,서울특별시,11,강북구,11305,세종특별자치시,36,0,3,0,0,0,0,0,0,0,0,0
20220416,서울특별시,11,강북구,11305,경기도,41,9,107,27,20,45,12,22,5,317,45,13
20220416,서울특별시,11,강북구,11305,강원도,42,3,3,0,0,5,0,0,0,3,0,0
20220416,서울특별시,11,강북구,11305,충청북도,43,0,5,0,0,0,0,0,0,31,0,0
20220416,서울특별시,11,강북구,11305,충청남도,44,0,5,5,7,5,0,3,0,23,0,0
20220416,서울특별시,11,강북구,11305,전라북도,45,0,4,0,0,0,0,0,0,14,0,0
20220416,서울특별시,11,강북구,11305,전라남도,46,0,0,0,0,0,0,3,0,4,0,0
20220416,서울특별시,11,강북구,11305,경상북도,47,3,10,0,3,3,0,0,0,14,0,0
20220416,서울특별시,11,강북구,11305,경상남도,48,3,7,0,0,3,0,3,0,16,5,0
20220416,서울특별시,11,강북구,11305,제주특별자치도,50,0,0,0,0,0,0,0,0,0,0,0
20220416,서울특별시,11,관악구,11620,제주특별자치도,50,0,6,3,0,0,0,0,0,0,0,3
20220416,서울특별시,11,관악구,11620,경상남도,48,0,26,17,6,8,0,9,0,16,10,16
20220416,서울특별시,11,관악구,11620,경상북도,47,0,17,9,4,8,0,5,0,17,5,8
20220416,서울특별시,11,관악구,11620,전라남도,46,0,20,4,0,4,0,8,0,14,7,9
20220416,서울특별시,11,관악구,11620,전라북도,45,0,8,9,0,4,0,5,0,28,4,5
20220416,서울특별시,11,관악구,11620,충청남도,44,4,11,4,11,8,3,0,5,12,10,19
20220416,서울특별시,11,관악구,11620,충청북도,43,0,8,10,7,5,0,3,0,34,3,13
20220416,서울특별시,11,관악구,11620,강원도,42,5,10,6,3,3,0,4,0,4,3,5
20220416,서울특별시,11,관악구,11620,경기도,41,28,179,105,80,111,35,49,14,569,145,187
20220416,서울특별시,11,관악구,11620,세종특별자치시,36,0,3,0,3,0,0,0,0,5,0,0
20220416,서울특별시,11,관악구,11620,울산광역시,31,0,3,0,5,4,0,0,0,7,0,4
20220416,서울특별시,11,관악구,11620,대전광역시,30,0,12,10,0,6,0,0,0,4,4,0
20220416,서울특별시,11,관악구,11620,광주광역시,29,0,16,7,5,5,0,0,0,15,6,7
20220416,서울특별시,11,관악구,11620,인천광역시,28,5,19,14,15,11,0,10,6,42,9,43
20220416,서울특별시,11,관악구,11620,대구광역시,27,3,16,16,5,6,0,3,0,20,4,0
20220416,서울특별시,11,관악구,11620,부산광역시,26,0,21,15,10,5,3,4,0,42,15,0
20220416,서울특별시,11,관악구,11620,서울특별시,11,10,185,102,46,31,8,41,5,292,66,149
20220416,서울특별시,11,송파구,11710,서울특별시,11,12,233,90,71,2839,24,964,13,450,179,26
20220416,서울특별시,11,송파구,11710,부산광역시,26,3,25,14,6,113,4,1251,22,68,50,24
20220416,서울특별시,11,송파구,11710,대구광역시,27,14,36,5,19,492,14,6233,82,45,25,108
20220416,서울특별시,11,송파구,11710,인천광역시,28,7,38,12,14,27,7,117,14,53,23,6
20220416,서울특별시,11,송파구,11710,광주광역시,29,4,10,4,0,105,3,1203,14,21,14,31
20220416,서울특별시,11,송파구,11710,대전광역시,30,17,27,3,14,488,13,6978,94,21,16,129
20220416,서울특별시,11,송파구,11710,울산광역시,31,0,7,3,5,35,3,413,0,17,7,6
20220416,서울특별시,11,송파구,11710,세종특별자치시,36,7,23,0,7,232,3,3107,40,6,9,65
20220416,서울특별시,11,송파구,11710,경기도,41,25,343,90,103,463,52,3715,68,1091,237,133
20220416,서울특별시,11,송파구,11710,강원도,42,8,13,5,7,149,0,1705,28,9,13,41
20220416,서울특별시,11,송파구,11710,충청북도,43,9,22,7,14,343,22,4332,65,50,17,76
20220416,서울특별시,11,송파구,11710,충청남도,44,9,33,36,25,469,16,5427,63,13,19,78
20220416,서울특별시,11,송파구,11710,전라북도,45,4,17,6,0,148,3,1350,22,31,12,25
20220416,서울특별시,11,송파구,11710,전라남도,46,6,12,5,3,128,6,1394,20,10,14,30
20220416,서울특별시,11,송파구,11710,경상북도,47,10,23,9,7,188,0,2125,33,29,16,47
20220416,서울특별시,11,송파구,11710,경상남도,48,7,38,5,12,278,18,2449,52,19,39,52
20220416,서울특별시,11,송파구,11710,제주특별자치도,50,0,4,0,0,0,0,6,0,4,5,0
20220416,서울특별시,11,강남구,11680,서울특별시,11,14,368,138,70,219,26,118,19,1857,103,545
20220416,서울특별시,11,강남구,11680,부산광역시,26,0,40,37,9,23,3,13,5,521,32,47
20220416,서울특별시,11,강남구,11680,대구광역시,27,0,28,15,0,18,0,10,0,344,10,4
20220416,서울특별시,11,강남구,11680,인천광역시,28,0,45,24,9,33,0,24,5,504,15,5
20220416,서울특별시,11,강남구,11680,광주광역시,29,0,16,9,0,11,0,8,0,257,11,0
20220416,서울특별시,11,강남구,11680,대전광역시,30,0,12,7,8,11,0,92,3,247,9,0
20220416,서울특별시,11,강남구,11680,울산광역시,31,0,12,5,0,6,0,4,0,151,4,3
20220416,서울특별시,11,강남구,11680,세종특별자치시,36,0,6,3,0,6,0,27,3,59,0,0
20220416,서울특별시,11,강남구,11680,경기도,41,35,590,380,83,356,58,153,85,3016,176,55
20220416,서울특별시,11,강남구,11680,강원도,42,0,14,13,3,11,0,6,0,224,3,0
20220416,서울특별시,11,강남구,11680,충청북도,43,0,10,13,3,15,0,42,4,249,3,5
20220416,서울특별시,11,강남구,11680,충청남도,44,0,39,25,10,21,0,61,4,315,7,0
20220416,서울특별시,11,강남구,11680,전라북도,45,0,18,12,0,14,0,4,0,248,4,0
20220416,서울특별시,11,강남구,11680,전라남도,46,0,17,4,0,12,0,6,0,184,5,0
20220416,서울특별시,11,강남구,11680,경상북도,47,12,20,13,0,16,0,10,0,324,12,5
20220416,서울특별시,11,강남구,11680,경상남도,48,0,32,16,4,24,0,9,0,424,15,8
20220416,서울특별시,11,강남구,11680,제주특별자치도,50,0,13,3,0,3,3,5,0,78,0,0
20220416,서울특별시,11,동작구,11590,제주특별자치도,50,0,0,3,0,3,0,0,0,0,0,0
20220416,서울특별시,11,동작구,11590,경상남도,48,6,29,13,7,18,0,0,3,18,7,3
20220416,서울특별시,11,동작구,11590,경상북도,47,3,22,17,5,18,3,6,3,16,0,0
20220416,서울특별시,11,동작구,11590,전라남도,46,0,6,6,5,13,0,7,7,7,0,0
20220416,서울특별시,11,동작구,11590,충청남도,44,0,24,21,11,13,0,12,8,12,3,0
20220416,서울특별시,11,동작구,11590,충청북도,43,3,15,7,6,8,0,5,3,32,0,4
20220416,서울특별시,11,동작구,11590,강원도,42,0,14,13,3,3,0,3,3,4,0,0
20220416,서울특별시,11,동작구,11590,경기도,41,23,240,96,60,215,31,45,20,634,110,34
20220416,서울특별시,11,동작구,11590,세종특별자치시,36,0,0,6,0,4,0,0,0,0,3,0
20220416,서울특별시,11,동작구,11590,울산광역시,31,0,0,0,0,15,0,4,0,0,0,0
20220416,서울특별시,11,동작구,11590,대전광역시,30,0,14,4,4,8,5,3,0,8,8,0
20220416,서울특별시,11,동작구,11590,광주광역시,29,0,10,16,0,11,0,0,5,0,0,0
20220416,서울특별시,11,동작구,11590,인천광역시,28,0,29,26,5,61,3,6,7,44,10,4
20220416,서울특별시,11,동작구,11590,대구광역시,27,0,20,8,4,20,4,8,0,17,8,0
20220416,서울특별시,11,동작구,11590,부산광역시,26,3,30,13,8,22,5,10,6,52,16,0
20220416,서울특별시,11,동작구,11590,서울특별시,11,17,213,99,58,146,19,36,11,287,80,9
20220416,서울특별시,11,중구,11140,서울특별시,11,39,315,15,41,259,15,20,6,324,100,67
20220416,서울특별시,11,중구,11140,부산광역시,26,8,20,10,11,44,0,4,0,73,26,9
20220416,서울특별시,11,중구,11140,대구광역시,27,6,25,20,8,21,3,0,0,45,34,12
20220416,서울특별시,11,중구,11140,인천광역시,28,4,34,0,8,42,0,5,0,78,27,14
20220416,서울특별시,11,중구,11140,광주광역시,29,0,8,0,7,27,0,0,0,41,12,7
20220416,서울특별시,11,중구,11140,대전광역시,30,3,13,0,5,9,0,0,3,48,12,4
20220416,서울특별시,11,중구,11140,울산광역시,31,3,8,0,0,4,0,0,0,16,18,6
20220416,서울특별시,11,중구,11140,세종특별자치시,36,0,8,0,0,6,0,0,0,3,6,0
20220416,서울특별시,11,중구,11140,경기도,41,46,226,26,56,238,23,80,17,408,146,71
20220416,서울특별시,11,중구,11140,강원도,42,0,17,3,4,23,0,0,0,29,7,0
20220416,서울특별시,11,중구,11140,충청북도,43,7,10,0,3,15,0,5,0,38,11,3
20220416,서울특별시,11,중구,11140,충청남도,44,5,29,0,6,24,0,0,0,47,11,8
20220416,서울특별시,11,중구,11140,전라북도,45,0,12,0,4,17,0,0,0,43,17,4
20220416,서울특별시,11,중구,11140,전라남도,46,3,12,0,5,11,0,3,3,24,14,7
20220416,서울특별시,11,중구,11140,경상북도,47,7,21,6,0,52,3,6,0,43,32,6
20220416,서울특별시,11,중구,11140,경상남도,48,7,36,0,7,28,0,6,0,56,22,5
20220416,서울특별시,11,중구,11140,제주특별자치도,50,0,11,0,0,18,0,0,0,15,5,4
20220416,서울특별시,11,동대문구,11230,서울특별시,11,8,283,1171,43,91,3,56,5,248,33,18
20220416,서울특별시,11,동대문구,11230,부산광역시,26,0,20,448,7,21,4,10,0,37,14,4
20220416,서울특별시,11,동대문구,11230,대구광역시,27,0,133,393,0,11,0,7,0,19,4,4
20220416,서울특별시,11,동대문구,11230,인천광역시,28,6,36,480,8,34,0,21,5,36,10,0
20220416,서울특별시,11,동대문구,11230,광주광역시,29,0,10,203,0,13,0,8,0,10,0,3
20220416,서울특별시,11,동대문구,11230,대전광역시,30,0,115,246,4,14,0,10,0,9,0,0
20220416,서울특별시,11,동대문구,11230,울산광역시,31,0,4,187,0,12,0,0,0,5,0,3
20220416,서울특별시,11,동대문구,11230,세종특별자치시,36,0,68,83,0,3,0,0,0,0,0,0
20220416,서울특별시,11,동대문구,11230,경기도,41,14,330,2212,44,159,26,56,11,434,60,34
20220416,서울특별시,11,동대문구,11230,강원도,42,0,16,145,4,3,0,10,0,5,0,0
20220416,서울특별시,11,동대문구,11230,충청북도,43,0,73,181,5,14,0,4,0,20,0,0
20220416,서울특별시,11,동대문구,11230,충청남도,44,0,34,290,8,20,0,11,0,12,0,3
20220416,서울특별시,11,동대문구,11230,전라북도,45,0,11,167,0,19,0,4,3,16,0,0
20220416,서울특별시,11,동대문구,11230,전라남도,46,0,7,117,0,6,0,5,0,5,0,0
20220416,서울특별시,11,동대문구,11230,경상북도,47,3,28,279,0,21,0,9,0,4,0,5
20220416,서울특별시,11,동대문구,11230,경상남도,48,3,9,505,4,21,5,18,0,10,9,8
20220416,서울특별시,11,동대문구,11230,제주특별자치도,50,0,5,0,0,0,0,0,0,0,0,0
20220416,서울특별시,11,성북구,11290,제주특별자치도,50,0,0,0,0,0,0,5,4,12,0,51
20220416,서울특별시,11,성북구,11290,경상남도,48,0,35,3,6,5,6,37,10,122,12,14
20220416,서울특별시,11,성북구,11290,경상북도,47,0,22,9,11,13,7,14,4,90,5,7
20220416,서울특별시,11,성북구,11290,전라남도,46,0,27,0,4,5,0,10,6,66,5,6
20220416,서울특별시,11,성북구,11290,전라북도,45,0,24,0,4,5,0,9,4,76,7,3
20220416,서울특별시,11,성북구,11290,충청남도,44,0,32,13,12,5,0,13,5,82,10,3
20220416,서울특별시,11,성북구,11290,충청북도,43,0,19,7,0,4,0,16,6,85,3,4
20220416,서울특별시,11,성북구,11290,강원도,42,0,19,4,3,5,0,18,8,66,5,0
20220416,서울특별시,11,성북구,11290,경기도,41,16,323,56,54,115,25,93,51,1140,112,67
20220416,서울특별시,11,성북구,11290,세종특별자치시,36,0,6,0,0,0,0,0,0,21,0,0
20220416,서울특별시,11,성북구,11290,울산광역시,31,0,11,0,0,0,0,3,0,58,5,0
20220416,서울특별시,11,성북구,11290,대전광역시,30,0,18,0,0,10,0,26,5,58,0,5
20220416,서울특별시,11,성북구,11290,광주광역시,29,0,18,4,0,9,0,9,5,60,0,10
20220416,서울특별시,11,성북구,11290,인천광역시,28,3,39,9,6,30,5,30,12,172,15,10
20220416,서울특별시,11,성북구,11290,대구광역시,27,4,30,3,5,0,0,22,5,108,8,6
20220416,서울특별시,11,성북구,11290,부산광역시,26,0,43,9,10,9,5,14,6,171,14,4
20220416,서울특별시,11,성북구,11290,서울특별시,11,13,309,57,39,121,13,169,27,667,102,536
20220416,서울특별시,11,도봉구,11320,제주특별자치도,50,0,0,0,0,0,0,0,0,0,0,0
20220416,서울특별시,11,성동구,11200,서울특별시,11,5,418,59,18,36,5,29,8,1276,222,6
20220416,서울특별시,11,성동구,11200,부산광역시,26,0,72,16,0,9,3,6,5,259,51,0
20220416,서울특별시,11,성동구,11200,대구광역시,27,5,26,10,0,4,0,10,0,193,20,9
20220416,서울특별시,11,성동구,11200,인천광역시,28,0,98,22,0,9,0,3,10,254,32,0
20220416,서울특별시,11,성동구,11200,광주광역시,29,0,14,8,0,0,0,6,6,142,14,0
20220416,서울특별시,11,성동구,11200,대전광역시,30,0,27,10,0,9,0,0,0,144,31,0
20220416,서울특별시,11,성동구,11200,울산광역시,31,0,10,7,0,0,3,7,0,95,13,0
20220416,서울특별시,11,성동구,11200,세종특별자치시,36,0,8,3,0,0,0,0,0,38,14,0
20220416,서울특별시,11,성동구,11200,경기도,41,15,446,94,30,100,24,41,34,1589,303,18
20220416,서울특별시,11,성동구,11200,강원도,42,0,36,8,0,5,0,4,5,112,16,0
20220416,서울특별시,11,성동구,11200,충청북도,43,0,31,26,0,0,0,7,4,170,19,0
20220416,서울특별시,11,성동구,11200,충청남도,44,0,46,17,5,4,0,4,9,171,24,0
20220416,서울특별시,11,성동구,11200,전라북도,45,0,27,6,0,0,0,4,0,128,19,0
20220416,서울특별시,11,성동구,11200,전라남도,46,0,15,6,0,0,0,5,6,113,14,0
20220416,서울특별시,11,성동구,11200,경상북도,47,0,28,14,0,0,0,4,6,169,27,0
20220416,서울특별시,11,성동구,11200,경상남도,48,0,29,21,0,0,3,3,5,225,38,0
20220416,서울특별시,11,성동구,11200,제주특별자치도,50,0,15,0,0,0,0,0,0,43,6,0
20220416,서울특별시,11,은평구,11380,서울특별시,11,6,132,52,24,25,6,17,0,250,40,6
20220416,서울특별시,11,은평구,11380,부산광역시,26,0,15,5,3,0,4,0,0,27,26,0
20220416,서울특별시,11,은평구,11380,대구광역시,27,3,10,7,0,3,4,0,0,11,4,0
20220416,서울특별시,11,은평구,11380,인천광역시,28,0,18,5,7,9,3,5,7,43,7,4
20220416,서울특별시,11,은평구,11380,광주광역시,29,0,7,0,0,0,0,0,0,10,0,0
20220416,서울특별시,11,은평구,11380,대전광역시,30,0,8,12,3,0,0,0,0,5,0,0
20220416,서울특별시,11,은평구,11380,울산광역시,31,0,4,3,0,0,0,0,0,4,3,0
20220416,서울특별시,11,은평구,11380,세종특별자치시,36,0,0,0,0,0,0,0,0,0,0,0
20220416,서울특별시,11,은평구,11380,경기도,41,14,147,47,43,79,14,29,8,576,99,30
20220416,서울특별시,11,은평구,11380,강원도,42,0,8,0,0,3,0,10,0,3,0,0
20220416,서울특별시,11,은평구,11380,충청북도,43,0,5,0,3,4,0,10,0,43,0,0
20220416,서울특별시,11,은평구,11380,충청남도,44,0,12,13,6,8,0,7,4,11,4,0
20220416,서울특별시,11,은평구,11380,전라북도,45,0,10,0,0,0,0,8,0,21,0,0
20220416,서울특별시,11,은평구,11380,전라남도,46,0,8,3,0,0,0,16,0,7,0,0
20220416,서울특별시,11,은평구,11380,경상북도,47,0,12,4,5,0,0,15,0,9,6,0
20220416,서울특별시,11,은평구,11380,경상남도,48,0,11,0,3,6,4,10,0,13,18,0
20220416,서울특별시,11,은평구,11380,제주특별자치도,50,0,0,0,0,0,0,0,0,0,0,0
20220416,서울특별시,11,도봉구,11320,경상남도,48,0,19,0,0,11,0,0,0,12,11,0
20220416,서울특별시,11,도봉구,11320,경상북도,47,0,0,0,0,0,0,9,0,7,5,0
20220416,서울특별시,11,도봉구,11320,전라남도,46,0,3,0,0,0,0,3,0,4,0,0
20220416,서울특별시,11,도봉구,11320,전라북도,45,0,6,0,0,0,0,0,0,19,0,0
20220416,서울특별시,11,도봉구,11320,충청남도,44,0,11,8,7,0,0,3,0,11,0,0
20220416,서울특별시,11,도봉구,11320,충청북도,43,0,12,0,0,0,0,0,0,18,0,0
20220416,서울특별시,11,도봉구,11320,강원도,42,0,10,4,0,4,0,0,0,5,0,0
20220416,서울특별시,11,도봉구,11320,경기도,41,13,101,22,18,49,10,17,0,353,63,21
20220416,서울특별시,11,도봉구,11320,세종특별자치시,36,0,0,0,0,0,0,0,0,3,0,0
20220416,서울특별시,11,도봉구,11320,울산광역시,31,0,3,0,0,0,0,0,0,5,3,0
20220416,서울특별시,11,도봉구,11320,대전광역시,30,0,6,0,0,0,0,4,0,0,0,0
20220416,서울특별시,11,도봉구,11320,광주광역시,29,0,3,0,0,0,0,0,0,6,3,0
20220416,서울특별시,11,도봉구,11320,인천광역시,28,0,19,5,5,6,0,5,0,26,6,0
20220416,서울특별시,11,도봉구,11320,대구광역시,27,0,10,0,3,3,0,0,0,20,0,0
20220416,서울특별시,11,도봉구,11320,부산광역시,26,0,12,5,0,5,3,4,0,27,9,0
20220416,서울특별시,11,도봉구,11320,서울특별시,11,12,111,26,16,17,5,9,3,140,23,5
20220416,서울특별시,11,종로구,11110,서울특별시,11,21,129,28,95,66,3,65,19,115,32,25
20220416,서울특별시,11,종로구,11110,부산광역시,26,5,20,0,13,14,0,19,7,22,8,0
20220416,서울특별시,11,종로구,11110,대구광역시,27,4,16,0,8,18,0,14,5,11,4,4
20220416,서울특별시,11,종로구,11110,인천광역시,28,11,26,4,19,8,0,20,0,18,5,6
20220416,서울특별시,11,종로구,11110,광주광역시,29,0,4,5,9,6,0,9,3,6,0,0
20220416,서울특별시,11,종로구,11110,대전광역시,30,4,9,0,15,6,0,5,0,0,0,6
20220416,서울특별시,11,종로구,11110,울산광역시,31,0,6,4,6,9,0,7,0,4,0,0
20220416,서울특별시,11,종로구,11110,세종특별자치시,36,0,6,0,0,0,0,3,0,0,0,0
20220416,서울특별시,11,종로구,11110,경기도,41,31,161,27,97,75,14,136,22,234,60,39
20220416,서울특별시,11,종로구,11110,강원도,42,0,12,0,8,8,0,8,0,0,0,0
20220416,서울특별시,11,종로구,11110,충청북도,43,6,10,0,9,7,0,6,6,9,0,5
20220416,서울특별시,11,종로구,11110,충청남도,44,4,37,5,14,8,0,9,0,8,3,6
20220416,서울특별시,11,종로구,11110,전라북도,45,4,9,0,4,9,0,14,0,17,0,5
20220416,서울특별시,11,종로구,11110,전라남도,46,0,7,0,5,6,0,8,0,0,0,10
20220416,서울특별시,11,종로구,11110,경상북도,47,0,13,9,15,12,0,6,5,7,3,4
20220416,서울특별시,11,종로구,11110,경상남도,48,7,16,5,18,22,0,19,0,5,7,6
20220416,서울특별시,11,종로구,11110,제주특별자치도,50,0,7,0,6,3,0,6,0,0,0,0
20220416,서울특별시,11,중랑구,11260,서울특별시,11,3,272,27,32,18,4,11,6,181,51,37
20220416,서울특별시,11,중랑구,11260,부산광역시,26,0,41,4,7,3,0,0,0,30,23,6
20220416,서울특별시,11,중랑구,11260,대구광역시,27,4,37,0,7,0,0,3,0,21,5,3
20220416,서울특별시,11,중랑구,11260,인천광역시,28,5,42,4,6,8,0,0,0,48,7,6
20220416,서울특별시,11,중랑구,11260,광주광역시,29,0,15,3,4,0,0,0,0,8,0,5
20220416,서울특별시,11,중랑구,11260,대전광역시,30,0,36,3,0,3,0,0,0,6,0,7
20220416,서울특별시,11,중랑구,11260,울산광역시,31,0,10,0,0,0,0,0,0,4,0,0
20220416,서울특별시,11,중랑구,11260,세종특별자치시,36,0,0,0,0,0,0,0,0,0,0,0
20220416,서울특별시,11,중랑구,11260,경기도,41,11,260,40,36,64,13,36,7,440,63,44
20220416,서울특별시,11,중랑구,11260,강원도,42,0,29,3,3,7,0,0,0,5,0,3
20220416,서울특별시,11,중랑구,11260,충청북도,43,0,17,3,0,6,0,0,0,23,0,6
20220416,서울특별시,11,중랑구,11260,충청남도,44,0,19,0,4,7,0,4,0,12,5,4
20220416,서울특별시,11,중랑구,11260,전라북도,45,0,12,0,0,3,0,0,0,18,0,4
20220416,서울특별시,11,중랑구,11260,전라남도,46,0,10,3,0,0,0,0,0,0,0,0
20220416,서울특별시,11,중랑구,11260,경상북도,47,0,20,3,3,5,4,0,0,13,0,0
20220416,서울특별시,11,중랑구,11260,경상남도,48,0,71,4,0,6,0,0,0,10,3,10
20220416,서울특별시,11,중랑구,11260,제주특별자치도,50,0,6,0,0,0,0,0,0,0,0,0
20220416,서울특별시,11,구로구,11530,서울특별시,11,9,336,36,69,153,29,30,21,371,91,30
20220416,서울특별시,11,구로구,11530,부산광역시,26,0,21,3,4,28,9,3,3,85,25,0
20220416,서울특별시,11,구로구,11530,대구광역시,27,0,188,4,5,19,8,3,4,82,8,0
20220416,서울특별시,11,구로구,11530,인천광역시,28,3,237,5,15,36,11,10,7,103,20,9
20220416,서울특별시,11,구로구,11530,광주광역시,29,0,7,4,3,16,6,0,3,41,6,4
20220416,서울특별시,11,구로구,11530,대전광역시,30,0,4,0,3,14,0,5,0,34,5,0
20220416,서울특별시,11,구로구,11530,울산광역시,31,0,6,0,3,10,3,0,0,26,6,4
20220416,서울특별시,11,구로구,11530,세종특별자치시,36,0,4,0,0,6,0,0,0,8,0,0
20220416,서울특별시,11,구로구,11530,경기도,41,17,1698,47,63,202,49,47,36,717,151,43
20220416,서울특별시,11,구로구,11530,강원도,42,0,9,3,0,17,0,5,3,28,4,4
20220416,서울특별시,11,구로구,11530,충청북도,43,0,15,0,12,14,5,0,0,68,9,3
20220416,서울특별시,11,구로구,11530,충청남도,44,0,18,11,11,15,14,6,6,60,7,3
20220416,서울특별시,11,구로구,11530,전라북도,45,0,11,6,3,15,0,0,5,59,7,0
20220416,서울특별시,11,구로구,11530,전라남도,46,0,6,3,4,17,4,4,0,43,5,4
20220416,서울특별시,11,구로구,11530,경상북도,47,0,258,0,4,15,0,8,9,48,8,6
20220416,서울특별시,11,구로구,11530,경상남도,48,0,23,8,4,27,23,0,4,79,17,8
20220416,서울특별시,11,구로구,11530,제주특별자치도,50,0,9,0,0,8,0,0,0,14,0,0
20220416,서울특별시,11,광진구,11215,서울특별시,11,8,245,32,75,20,11,26,3,257,133,11
20220416,서울특별시,11,광진구,11215,부산광역시,26,0,61,0,13,0,0,0,0,25,43,0
20220416,서울특별시,11,광진구,11215,대구광역시,27,7,36,6,11,6,0,4,0,17,14,3
20220416,서울특별시,11,광진구,11215,인천광역시,28,0,53,9,18,7,0,0,4,45,22,4
20220416,서울특별시,11,광진구,11215,광주광역시,29,0,32,0,0,0,0,8,0,13,18,0
20220416,서울특별시,11,광진구,11215,대전광역시,30,0,19,4,11,0,0,4,0,7,9,0
20220416,서울특별시,11,광진구,11215,울산광역시,31,0,19,4,5,0,0,0,0,8,5,0
20220416,서울특별시,11,광진구,11215,세종특별자치시,36,0,11,0,0,0,0,0,0,4,0,0
20220416,서울특별시,11,광진구,11215,경기도,41,13,315,55,99,72,21,36,9,448,181,16
20220416,서울특별시,11,광진구,11215,강원도,42,0,23,0,13,4,0,3,0,11,8,0
20220416,서울특별시,11,광진구,11215,충청북도,43,0,16,0,13,3,0,4,0,30,12,0
20220416,서울특별시,11,광진구,11215,충청남도,44,0,35,15,18,0,0,0,4,13,9,0
20220416,서울특별시,11,광진구,11215,전라북도,45,0,21,0,11,0,0,3,0,27,12,0
20220416,서울특별시,11,광진구,11215,전라남도,46,0,24,0,5,0,0,3,0,5,6,0
20220416,서울특별시,11,광진구,11215,경상북도,47,0,40,0,9,0,0,3,0,7,11,0
20220416,서울특별시,11,광진구,11215,경상남도,48,4,48,9,26,5,4,3,0,12,14,0
20220416,서울특별시,11,광진구,11215,제주특별자치도,50,0,4,0,3,0,0,0,0,4,0,0
20220416,서울특별시,11,강서구,11500,서울특별시,11,15,296,81,82,91,19,324,69,414,155,82
20220416,서울특별시,11,강서구,11500,부산광역시,26,0,50,9,12,21,10,74,4,72,46,12
20220416,서울특별시,11,강서구,11500,대구광역시,27,4,40,10,8,10,6,42,4,39,19,10
20220416,서울특별시,11,강서구,11500,인천광역시,28,7,47,18,19,25,6,67,27,84,24,20
20220416,서울특별시,11,강서구,11500,광주광역시,29,0,13,4,8,10,0,32,0,47,16,9
20220416,서울특별시,11,강서구,11500,대전광역시,30,0,20,20,9,22,0,42,3,24,11,6
20220416,서울특별시,11,강서구,11500,울산광역시,31,0,13,4,0,8,5,26,3,23,11,3
20220416,서울특별시,11,강서구,11500,세종특별자치시,36,0,6,0,0,0,0,6,0,9,3,3
20220416,서울특별시,11,강서구,11500,경기도,41,23,393,86,89,180,52,397,57,954,229,102
20220416,서울특별시,11,강서구,11500,강원도,42,0,17,0,5,6,6,21,0,58,25,4
20220416,서울특별시,11,강서구,11500,충청북도,43,0,25,6,9,12,0,32,4,91,16,3
20220416,서울특별시,11,강서구,11500,충청남도,44,0,35,22,13,11,9,40,6,69,18,5
20220416,서울특별시,11,강서구,11500,전라북도,45,3,23,11,5,8,4,26,3,70,12,6
20220416,서울특별시,11,강서구,11500,전라남도,46,0,12,0,6,8,3,38,0,54,12,6
20220416,서울특별시,11,강서구,11500,경상북도,47,3,34,12,14,15,3,56,3,83,24,13
20220416,서울특별시,11,강서구,11500,경상남도,48,6,29,13,15,18,6,54,6,73,45,6
20220416,서울특별시,11,강서구,11500,제주특별자치도,50,0,5,0,0,0,3,13,0,6,4,0
20220416,서울특별시,11,양천구,11470,서울특별시,11,5,175,27,24,18,12,54,0,223,55,12
20220416,서울특별시,11,양천구,11470,부산광역시,26,0,14,4,0,0,5,15,0,25,20,0
20220416,서울특별시,11,양천구,11470,대구광역시,27,0,15,5,0,5,3,6,3,21,3,0
20220416,서울특별시,11,양천구,11470,인천광역시,28,0,34,5,12,6,0,18,4,30,6,5
20220416,서울특별시,11,양천구,11470,광주광역시,29,0,10,0,0,0,0,6,0,0,0,0
20220416,서울특별시,11,양천구,11470,대전광역시,30,0,9,5,0,0,0,0,0,7,0,0
20220416,서울특별시,11,양천구,11470,울산광역시,31,0,6,0,0,0,0,0,0,5,0,0
20220416,서울특별시,11,양천구,11470,세종특별자치시,36,0,0,0,0,0,0,0,0,0,0,0
20220416,서울특별시,11,양천구,11470,경기도,41,13,168,38,29,69,26,68,10,565,86,27
20220416,서울특별시,11,양천구,11470,강원도,42,0,6,0,0,0,0,3,0,0,0,0
20220416,서울특별시,11,양천구,11470,충청북도,43,0,3,3,0,3,0,4,0,29,0,3
20220416,서울특별시,11,양천구,11470,충청남도,44,0,12,16,3,7,3,6,3,13,0,0
20220416,서울특별시,11,양천구,11470,전라북도,45,0,13,3,0,0,0,8,0,16,0,0
20220416,서울특별시,11,양천구,11470,전라남도,46,0,6,0,0,0,0,0,0,6,3,0
20220416,서울특별시,11,양천구,11470,경상북도,47,0,17,6,4,6,0,5,0,10,0,0
20220416,서울특별시,11,양천구,11470,경상남도,48,0,19,0,3,0,0,12,0,15,11,4
20220416,서울특별시,11,양천구,11470,제주특별자치도,50,0,0,0,3,0,0,0,0,3,0,0
20220416,서울특별시,11,마포구,11440,서울특별시,11,23,438,84,58,131,18,55,9,378,89,41
20220416,서울특별시,11,마포구,11440,부산광역시,26,13,60,22,8,37,6,14,0,66,33,10
20220416,서울특별시,11,마포구,11440,대구광역시,27,7,51,16,8,14,0,7,3,37,8,6
20220416,서울특별시,11,마포구,11440,인천광역시,28,12,76,16,13,52,0,5,4,45,15,9
20220416,서울특별시,11,마포구,11440,광주광역시,29,5,28,13,8,15,0,5,0,27,7,0
20220416,서울특별시,11,마포구,11440,대전광역시,30,3,33,8,0,14,0,9,0,16,4,0
20220416,서울특별시,11,마포구,11440,울산광역시,31,0,10,9,0,3,0,0,0,14,5,0
20220416,서울특별시,11,마포구,11440,세종특별자치시,36,0,10,0,0,6,0,0,0,3,0,0
20220416,서울특별시,11,마포구,11440,경기도,41,46,384,131,58,222,28,62,20,635,168,62
20220416,서울특별시,11,마포구,11440,강원도,42,0,27,15,5,21,0,4,0,18,6,0
20220416,서울특별시,11,마포구,11440,충청북도,43,0,24,11,6,27,3,7,0,48,10,3
20220416,서울특별시,11,마포구,11440,충청남도,44,0,55,32,8,85,0,4,6,14,12,4
20220416,서울특별시,11,마포구,11440,전라북도,45,0,27,16,3,14,0,5,0,27,10,0
20220416,서울특별시,11,마포구,11440,전라남도,46,3,23,12,4,31,0,3,0,16,9,3
20220416,서울특별시,11,마포구,11440,경상북도,47,6,42,23,4,66,0,3,0,22,13,6
20220416,서울특별시,11,마포구,11440,경상남도,48,8,43,27,7,32,0,0,4,37,18,10
20220416,서울특별시,11,마포구,11440,제주특별자치도,50,0,9,4,3,0,0,3,0,8,4,0
20220416,서울특별시,11,영등포구,11560,서울특별시,11,12,250,35,66,111,16,112,18,301,78,72
20220416,서울특별시,11,영등포구,11560,부산광역시,26,0,53,10,8,6,6,12,5,27,12,8
20220416,서울특별시,11,영등포구,11560,대구광역시,27,4,22,0,7,8,0,8,0,29,7,3
20220416,서울특별시,11,영등포구,11560,인천광역시,28,3,53,8,16,11,6,16,12,38,12,11
20220416,서울특별시,11,영등포구,11560,광주광역시,29,0,36,4,5,3,0,0,0,8,0,8
20220416,서울특별시,11,영등포구,11560,대전광역시,30,0,24,3,5,5,0,7,0,6,5,5
20220416,서울특별시,11,영등포구,11560,울산광역시,31,0,11,0,5,3,0,3,0,12,0,4
20220416,서울특별시,11,영등포구,11560,세종특별자치시,36,0,7,0,0,0,0,0,0,0,0,0
20220416,서울특별시,11,영등포구,11560,경기도,41,30,339,51,101,140,24,143,35,513,121,75
20220416,서울특별시,11,영등포구,11560,강원도,42,0,17,4,11,13,0,13,0,3,0,3
20220416,서울특별시,11,영등포구,11560,충청북도,43,0,19,0,10,8,0,7,0,34,3,5
20220416,서울특별시,11,영등포구,11560,충청남도,44,0,35,11,9,13,0,15,5,18,9,7
20220416,서울특별시,11,영등포구,11560,전라북도,45,0,27,0,3,5,0,7,0,14,0,5
20220416,서울특별시,11,영등포구,11560,전라남도,46,0,28,3,0,6,0,13,0,6,3,3
20220416,서울특별시,11,영등포구,11560,경상북도,47,0,22,0,3,8,5,11,0,13,4,4
20220416,서울특별시,11,영등포구,11560,경상남도,48,0,48,0,9,12,4,19,3,13,6,7
20220416,서울특별시,11,영등포구,11560,제주특별자치도,50,0,3,0,0,0,0,0,0,0,0,0
20220416,서울특별시,11,서초구,11650,서울특별시,11,61,452,109,36,73,18,196,11,359,87,281
20220416,서울특별시,11,서초구,11650,부산광역시,26,0,57,22,9,15,5,4,34,39,13,66
20220416,서울특별시,11,서초구,11650,대구광역시,27,3,46,21,7,8,0,6,20,30,9,48
20220416,서울특별시,11,서초구,11650,인천광역시,28,4,35,18,8,15,3,15,31,27,10,75
20220416,서울특별시,11,서초구,11650,광주광역시,29,0,19,11,0,0,3,0,19,12,4,14
20220416,서울특별시,11,서초구,11650,대전광역시,30,0,19,7,4,5,0,9,14,10,3,25
20220416,서울특별시,11,서초구,11650,울산광역시,31,0,17,17,0,4,0,0,18,9,3,17
20220416,서울특별시,11,서초구,11650,세종특별자치시,36,0,7,0,0,6,0,0,7,0,0,7
20220416,서울특별시,11,서초구,11650,경기도,41,54,443,168,69,144,31,34,208,737,121,346
20220416,서울특별시,11,서초구,11650,강원도,42,0,29,12,3,6,0,4,21,8,0,22
20220416,서울특별시,11,서초구,11650,충청북도,43,0,20,8,3,4,0,7,20,37,5,23
20220416,서울특별시,11,서초구,11650,충청남도,44,0,51,42,10,5,0,8,27,20,6,29
20220416,서울특별시,11,서초구,11650,전라북도,45,0,21,4,0,4,0,3,22,26,4,27
20220416,서울특별시,11,서초구,11650,전라남도,46,0,15,15,0,4,0,0,21,15,0,23
20220416,서울특별시,11,서초구,11650,경상북도,47,0,28,16,0,4,0,9,27,21,0,31
20220416,서울특별시,11,서초구,11650,경상남도,48,4,42,13,0,16,0,8,37,29,7,52
20220416,서울특별시,11,서초구,11650,제주특별자치도,50,0,13,4,0,0,0,0,10,5,0,0
20220416,서울특별시,11,금천구,11545,제주특별자치도,50,0,4,0,0,0,18,0,9,108,49,24
20220416,서울특별시,11,금천구,11545,경상남도,48,22,14,5,7,13,40,17,92,669,201,45
20220416,서울특별시,11,금천구,11545,경상북도,47,16,12,0,8,14,33,16,48,443,150,36
20220416,서울특별시,11,금천구,11545,전라남도,46,11,12,0,0,12,36,10,41,389,117,22
20220416,서울특별시,11,금천구,11545,전라북도,45,14,8,0,0,9,20,12,49,382,124,24
20220416,서울특별시,11,금천구,11545,충청남도,44,18,13,8,4,11,33,23,73,466,147,38
20220416,서울특별시,11,금천구,11545,충청북도,43,8,8,13,0,7,23,14,56,335,135,37
20220416,서울특별시,11,금천구,11545,강원도,42,18,9,24,3,7,28,7,25,291,122,29
20220416,서울특별시,11,금천구,11545,경기도,41,142,141,210,40,152,207,129,492,3150,1105,400
20220416,서울특별시,11,금천구,11545,세종특별자치시,36,4,0,0,0,0,6,3,33,156,41,15
20220416,서울특별시,11,금천구,11545,울산광역시,31,9,5,0,0,6,22,6,43,228,79,30
20220416,서울특별시,11,금천구,11545,대전광역시,30,10,16,3,0,9,17,17,62,378,114,36
20220416,서울특별시,11,금천구,11545,광주광역시,29,10,6,0,3,8,25,7,49,401,124,28
20220416,서울특별시,11,금천구,11545,인천광역시,28,26,18,40,10,16,42,22,109,657,226,72
20220416,서울특별시,11,금천구,11545,대구광역시,27,14,13,0,0,21,38,10,67,537,175,58
20220416,서울특별시,11,금천구,11545,부산광역시,26,25,22,5,8,20,45,20,81,564,226,63
20220416,서울특별시,11,금천구,11545,서울특별시,11,139,185,186,54,139,143,146,336,2352,899,384
20220416,서울특별시,11,용산구,11170,서울특별시,11,3,97,58,66,13,3,20,5,238,28,6
20220416,서울특별시,11,용산구,11170,부산광역시,26,0,8,11,12,0,0,0,0,39,8,0
20220416,서울특별시,11,용산구,11170,대구광역시,27,0,11,6,11,4,0,0,0,25,0,0
20220416,서울특별시,11,용산구,11170,인천광역시,28,0,16,4,10,0,0,4,0,40,0,6
20220416,서울특별시,11,용산구,11170,광주광역시,29,0,5,8,3,0,0,0,0,11,0,0
20220416,서울특별시,11,용산구,11170,대전광역시,30,0,5,4,4,0,0,0,0,8,0,0
20220416,서울특별시,11,용산구,11170,울산광역시,31,0,0,0,0,0,0,0,0,5,0,0
20220416,서울특별시,11,용산구,11170,세종특별자치시,36,0,0,0,0,0,0,0,0,0,0,0
20220416,서울특별시,11,용산구,11170,경기도,41,6,94,75,84,43,16,19,4,403,55,18
20220416,서울특별시,11,용산구,11170,강원도,42,0,4,8,5,0,0,0,0,6,0,0
20220416,서울특별시,11,용산구,11170,충청북도,43,0,4,3,5,0,0,0,0,19,0,0
20220416,서울특별시,11,용산구,11170,충청남도,44,0,6,7,9,0,0,0,0,12,0,0
20220416,서울특별시,11,용산구,11170,전라북도,45,0,5,4,3,0,0,0,0,14,0,0
20220416,서울특별시,11,용산구,11170,전라남도,46,0,7,3,4,0,0,0,0,4,0,0
20220416,서울특별시,11,용산구,11170,경상북도,47,0,6,6,7,6,0,0,0,15,0,0
20220416,서울특별시,11,용산구,11170,경상남도,48,0,10,9,10,0,0,0,0,15,4,0
20220416,서울특별시,11,용산구,11170,제주특별자치도,50,0,4,0,0,0,0,0,0,3,0,0
20220417,서울특별시,11,양천구,11470,대전광역시,30,0,0,0,0,0,0,5,0,0,0,0
20220417,서울특별시,11,양천구,11470,울산광역시,31,0,0,0,0,0,0,4,0,0,0,0
20220417,서울특별시,11,양천구,11470,세종특별자치시,36,0,0,0,0,0,0,4,0,0,0,0
20220417,서울특별시,11,양천구,11470,경기도,41,0,0,0,0,16,0,45,0,0,0,0
20220417,서울특별시,11,양천구,11470,강원도,42,0,0,0,0,0,0,6,0,0,0,0
20220417,서울특별시,11,양천구,11470,충청북도,43,0,0,0,0,0,0,6,0,0,0,0
20220417,서울특별시,11,양천구,11470,충청남도,44,0,0,0,0,0,0,6,0,0,0,0
20220417,서울특별시,11,양천구,11470,전라북도,45,0,0,0,0,0,0,8,0,0,0,0
20220417,서울특별시,11,양천구,11470,전라남도,46,0,0,0,0,0,0,7,0,0,0,0
20220417,서울특별시,11,송파구,11710,충청남도,44,3,0,0,4,75,3,1105,13,14,0,22
20220417,서울특별시,11,송파구,11710,전라북도,45,0,0,0,0,9,0,183,3,19,0,4
20220417,서울특별시,11,송파구,11710,전라남도,46,0,0,0,0,4,0,127,0,7,0,0
20220417,서울특별시,11,송파구,11710,경상북도,47,0,3,0,0,14,0,255,0,11,0,4
20220417,서울특별시,11,송파구,11710,경상남도,48,0,0,0,0,14,0,255,3,16,0,0
20220417,서울특별시,11,송파구,11710,제주특별자치도,50,0,0,0,0,0,0,0,0,6,0,0
20220417,서울특별시,11,관악구,11620,제주특별자치도,50,0,0,0,0,0,0,0,0,0,0,0
20220417,서울특별시,11,관악구,11620,경상남도,48,0,0,0,0,0,0,0,0,0,0,0
20220417,서울특별시,11,관악구,11620,경상북도,47,0,0,0,0,0,0,0,0,0,0,0
20220417,서울특별시,11,관악구,11620,전라남도,46,0,0,0,0,0,0,0,0,0,0,0
20220417,서울특별시,11,관악구,11620,충청남도,44,0,0,0,0,0,0,0,0,0,0,0
20220417,서울특별시,11,관악구,11620,충청북도,43,0,0,0,0,0,0,0,0,0,0,0
20220417,서울특별시,11,양천구,11470,경상북도,47,0,0,0,0,0,0,9,0,0,0,0
20220417,서울특별시,11,양천구,11470,경상남도,48,0,0,0,0,3,0,9,0,0,0,0
20220417,서울특별시,11,성북구,11290,서울특별시,11,0,41,6,0,14,0,4,0,64,0,38
20220417,서울특별시,11,성북구,11290,부산광역시,26,0,11,3,0,0,0,0,0,36,5,0
20220417,서울특별시,11,성북구,11290,대구광역시,27,0,8,0,0,0,0,0,0,43,0,0
20220417,서울특별시,11,성북구,11290,인천광역시,28,0,10,3,0,0,0,0,0,16,0,3
20220417,서울특별시,11,성북구,11290,광주광역시,29,0,8,0,0,0,0,3,0,39,0,0
20220417,서울특별시,11,성북구,11290,대전광역시,30,0,3,0,0,0,0,0,0,19,0,0
20220417,서울특별시,11,성북구,11290,울산광역시,31,0,0,0,0,0,0,0,0,22,0,0
20220417,서울특별시,11,성북구,11290,세종특별자치시,36,0,0,0,0,0,0,0,0,4,0,0
20220417,서울특별시,11,성북구,11290,경기도,41,0,48,6,0,5,0,0,0,82,0,8
20220417,서울특별시,11,성북구,11290,강원도,42,0,0,0,0,0,0,0,0,12,0,0
20220417,서울특별시,11,성북구,11290,충청북도,43,0,12,0,0,0,0,0,0,25,0,0
20220417,서울특별시,11,성북구,11290,충청남도,44,0,9,0,0,0,0,0,0,23,0,0
20220417,서울특별시,11,성북구,11290,전라북도,45,0,3,0,0,0,0,0,0,27,0,0
20220417,서울특별시,11,성북구,11290,전라남도,46,0,5,0,0,0,0,0,0,19,0,0
20220417,서울특별시,11,성북구,11290,경상북도,47,0,4,0,0,0,0,0,0,34,0,0
20220417,서울특별시,11,성북구,11290,경상남도,48,0,5,0,0,0,0,0,0,48,0,3
20220417,서울특별시,11,성북구,11290,제주특별자치도,50,0,0,0,0,0,0,0,0,9,0,0
20220417,서울특별시,11,중구,11140,서울특별시,11,0,51,0,0,65,0,3,0,0,0,0
20220417,서울특별시,11,중구,11140,부산광역시,26,0,0,0,0,17,0,0,0,0,0,0
20220417,서울특별시,11,중구,11140,대구광역시,27,0,0,0,0,11,0,0,0,0,0,0
20220417,서울특별시,11,중구,11140,인천광역시,28,0,0,0,0,18,0,0,0,0,0,0
20220417,서울특별시,11,중구,11140,광주광역시,29,0,0,0,0,9,0,0,0,0,0,0
20220417,서울특별시,11,중구,11140,대전광역시,30,0,0,0,0,12,0,0,0,0,0,0
20220417,서울특별시,11,중구,11140,울산광역시,31,0,0,0,0,6,0,0,0,0,0,0
20220417,서울특별시,11,중구,11140,세종특별자치시,36,0,0,0,0,0,0,0,0,0,0,0
20220417,서울특별시,11,중구,11140,경기도,41,0,10,0,4,114,0,0,0,0,0,0
20220417,서울특별시,11,중구,11140,강원도,42,0,3,0,0,14,0,0,0,0,0,0
20220417,서울특별시,11,중구,11140,충청북도,43,0,0,0,0,11,0,0,0,0,0,0
20220417,서울특별시,11,중구,11140,충청남도,44,0,0,0,0,13,0,0,0,0,0,0
20220417,서울특별시,11,중구,11140,전라북도,45,0,0,0,0,14,0,0,0,0,0,0
20220417,서울특별시,11,중구,11140,전라남도,46,0,0,0,0,41,0,0,0,0,0,0
20220417,서울특별시,11,중구,11140,경상북도,47,0,0,0,0,31,0,0,0,0,0,0
20220417,서울특별시,11,중구,11140,경상남도,48,0,0,0,0,23,0,0,0,0,0,0
20220417,서울특별시,11,중구,11140,제주특별자치도,50,0,0,0,0,3,0,0,0,0,0,0
20220417,서울특별시,11,용산구,11170,서울특별시,11,0,0,0,12,0,0,0,0,0,0,0
20220417,서울특별시,11,용산구,11170,부산광역시,26,0,0,0,8,0,0,0,0,0,0,0
20220417,서울특별시,11,용산구,11170,인천광역시,28,0,0,0,5,0,0,0,0,0,0,0
20220417,서울특별시,11,용산구,11170,광주광역시,29,0,0,0,3,0,0,0,0,0,0,0
20220417,서울특별시,11,용산구,11170,대전광역시,30,0,0,0,0,0,0,0,0,0,0,0
20220417,서울특별시,11,용산구,11170,경기도,41,0,0,0,15,0,0,0,0,0,0,0
20220417,서울특별시,11,용산구,11170,강원도,42,0,0,0,0,0,0,0,0,0,0,0
20220417,서울특별시,11,용산구,11170,충청북도,43,0,0,0,0,0,0,0,0,0,0,0
20220417,서울특별시,11,용산구,11170,충청남도,44,0,0,0,4,0,0,0,0,0,0,0
20220417,서울특별시,11,용산구,11170,전라북도,45,0,0,0,0,0,0,0,0,0,0,0
20220417,서울특별시,11,용산구,11170,전라남도,46,0,0,0,0,0,0,0,0,0,0,0
20220417,서울특별시,11,용산구,11170,경상북도,47,0,0,0,7,0,0,0,0,0,0,0
20220417,서울특별시,11,용산구,11170,경상남도,48,0,0,0,5,0,0,0,0,0,0,0
20220417,서울특별시,11,용산구,11170,제주특별자치도,50,0,0,0,3,0,0,0,0,0,0,0
20220417,서울특별시,11,동작구,11590,서울특별시,11,0,0,0,0,0,0,0,0,3,0,0
20220417,서울특별시,11,동작구,11590,대전광역시,30,0,0,0,0,0,0,0,0,0,0,0
20220417,서울특별시,11,관악구,11620,강원도,42,0,0,0,0,0,0,0,0,0,0,0
20220417,서울특별시,11,관악구,11620,경기도,41,4,3,0,3,5,0,3,3,0,0,0
20220417,서울특별시,11,관악구,11620,울산광역시,31,0,0,0,0,0,0,0,0,0,0,0
20220417,서울특별시,11,서초구,11650,경기도,41,0,3,0,0,0,0,0,0,39,0,0
20220417,서울특별시,11,서초구,11650,세종특별자치시,36,0,0,0,0,0,0,0,0,0,0,0
20220417,서울특별시,11,서초구,11650,울산광역시,31,0,0,0,0,0,0,0,0,0,0,0
20220417,서울특별시,11,서초구,11650,대전광역시,30,0,0,0,0,0,0,0,0,0,0,0
20220417,서울특별시,11,서초구,11650,광주광역시,29,0,0,0,0,0,0,0,0,6,0,0
20220417,서울특별시,11,서초구,11650,인천광역시,28,0,0,0,0,0,0,0,0,10,0,0
20220417,서울특별시,11,노원구,11350,경기도,41,0,0,0,0,38,0,3,0,0,0,22
20220417,서울특별시,11,노원구,11350,대전광역시,30,0,0,0,0,10,0,0,0,0,0,0
20220417,서울특별시,11,노원구,11350,광주광역시,29,0,0,0,0,7,0,0,0,0,0,4
20220417,서울특별시,11,노원구,11350,인천광역시,28,0,0,0,0,9,0,0,0,0,0,6
20220417,서울특별시,11,노원구,11350,대구광역시,27,0,0,0,0,6,0,0,0,0,0,0
20220417,서울특별시,11,노원구,11350,부산광역시,26,0,0,0,0,9,0,0,0,0,0,4
20220417,서울특별시,11,노원구,11350,서울특별시,11,0,0,0,0,26,0,0,0,0,0,10
20220417,서울특별시,11,노원구,11350,세종특별자치시,36,0,0,0,0,0,0,0,0,0,0,0
20220417,서울특별시,11,노원구,11350,울산광역시,31,0,0,0,0,0,0,0,0,0,0,0
20220417,서울특별시,11,서초구,11650,제주특별자치도,50,0,0,0,0,0,0,0,0,0,0,0
20220417,서울특별시,11,서초구,11650,경상남도,48,0,0,0,0,0,0,0,0,6,0,0
20220417,서울특별시,11,서초구,11650,경상북도,47,0,0,0,0,0,0,0,0,3,0,0
20220417,서울특별시,11,광진구,11215,제주특별자치도,50,0,0,0,0,0,0,0,0,0,0,0
20220417,서울특별시,11,광진구,11215,경상남도,48,0,59,0,0,0,0,0,0,0,0,0
20220417,서울특별시,11,서대문구,11410,충청북도,43,0,0,0,0,0,0,0,0,0,0,0
20220417,서울특별시,11,서대문구,11410,충청남도,44,0,0,0,0,0,0,0,0,0,0,0
20220417,서울특별시,11,마포구,11440,서울특별시,11,17,0,0,0,4,0,0,0,3,0,0
20220417,서울특별시,11,마포구,11440,부산광역시,26,8,0,0,0,0,0,0,0,0,0,0
20220417,서울특별시,11,마포구,11440,대구광역시,27,4,0,0,0,0,0,0,0,0,0,0
20220417,서울특별시,11,마포구,11440,인천광역시,28,13,0,0,0,0,0,0,0,0,0,0
20220417,서울특별시,11,마포구,11440,광주광역시,29,5,0,0,0,0,0,0,0,0,0,0
20220417,서울특별시,11,마포구,11440,대전광역시,30,4,0,0,0,0,0,0,0,0,0,0
20220417,서울특별시,11,마포구,11440,울산광역시,31,0,0,0,0,0,0,0,0,0,0,0
20220417,서울특별시,11,마포구,11440,경기도,41,27,0,0,0,0,0,5,0,6,0,0
20220417,서울특별시,11,마포구,11440,강원도,42,11,0,0,0,0,0,0,0,0,0,0
20220417,서울특별시,11,마포구,11440,충청북도,43,8,0,0,0,0,0,0,0,0,0,0
20220417,서울특별시,11,마포구,11440,충청남도,44,6,0,0,0,3,0,0,0,0,0,0
20220417,서울특별시,11,마포구,11440,전라북도,45,7,0,0,0,0,0,0,0,0,0,0
20220417,서울특별시,11,마포구,11440,전라남도,46,0,0,0,0,0,0,0,0,0,0,0
20220417,서울특별시,11,마포구,11440,경상북도,47,15,0,0,0,0,0,0,0,0,0,0
20220417,서울특별시,11,마포구,11440,경상남도,48,25,0,0,0,0,0,0,0,0,0,0
20220417,서울특별시,11,마포구,11440,제주특별자치도,50,0,0,0,0,0,0,0,0,0,0,0
20220417,서울특별시,11,관악구,11620,광주광역시,29,0,0,0,0,0,0,0,0,0,0,0
20220417,서울특별시,11,관악구,11620,인천광역시,28,4,0,0,0,4,0,0,3,0,0,0
20220417,서울특별시,11,관악구,11620,대구광역시,27,0,0,0,0,0,0,0,0,0,0,0
20220417,서울특별시,11,관악구,11620,부산광역시,26,0,0,0,0,0,0,0,0,0,0,0
20220417,서울특별시,11,관악구,11620,서울특별시,11,0,0,0,0,0,0,0,0,0,0,0
20220417,서울특별시,11,은평구,11380,경상북도,47,0,0,0,0,0,0,0,0,0,0,0
20220417,서울특별시,11,은평구,11380,충청북도,43,0,0,0,0,0,0,0,0,0,0,0
20220417,서울특별시,11,은평구,11380,경기도,41,0,0,0,0,0,0,0,0,0,0,0
20220417,서울특별시,11,은평구,11380,대전광역시,30,0,0,0,0,0,0,3,0,0,0,0
20220417,서울특별시,11,은평구,11380,대구광역시,27,0,0,0,0,0,0,0,0,0,0,0
20220417,서울특별시,11,강서구,11500,서울특별시,11,3,15,0,8,35,15,62,8,292,45,41
20220417,서울특별시,11,강서구,11500,부산광역시,26,0,5,0,0,9,0,15,0,0,14,3
20220417,서울특별시,11,강서구,11500,대구광역시,27,0,4,0,0,0,0,10,0,6,5,5
20220417,서울특별시,11,강서구,11500,인천광역시,28,0,7,0,0,0,0,8,0,0,13,0
20220417,서울특별시,11,동대문구,11230,서울특별시,11,0,0,0,0,0,0,0,0,42,0,0
20220417,서울특별시,11,동대문구,11230,대구광역시,27,0,0,0,0,0,0,0,0,4,0,0
20220417,서울특별시,11,동대문구,11230,인천광역시,28,0,0,0,0,0,0,0,0,10,0,0
20220417,서울특별시,11,동대문구,11230,대전광역시,30,0,0,0,0,0,0,0,0,6,0,0
20220417,서울특별시,11,동대문구,11230,경기도,41,0,0,0,0,0,0,0,0,60,0,0
20220417,서울특별시,11,동대문구,11230,강원도,42,0,0,0,0,0,0,0,0,0,0,0
20220417,서울특별시,11,동대문구,11230,충청북도,43,0,0,0,0,0,0,0,0,4,0,0
20220417,서울특별시,11,동대문구,11230,충청남도,44,0,0,0,0,0,0,0,0,3,0,0
20220417,서울특별시,11,동대문구,11230,전라남도,46,0,0,0,0,0,0,0,0,0,0,0
20220417,서울특별시,11,동대문구,11230,경상북도,47,0,0,0,0,0,0,0,0,0,0,0
20220417,서울특별시,11,강서구,11500,광주광역시,29,0,0,0,0,4,0,6,0,57,6,8
20220417,서울특별시,11,강서구,11500,대전광역시,30,0,0,0,0,0,0,3,0,4,0,0
20220417,서울특별시,11,강서구,11500,울산광역시,31,0,3,0,0,4,0,3,0,0,0,0
20220417,서울특별시,11,광진구,11215,경상북도,47,0,40,0,0,0,0,0,0,0,0,0
20220417,서울특별시,11,광진구,11215,전라남도,46,0,41,0,0,0,0,0,0,0,0,0
20220417,서울특별시,11,광진구,11215,전라북도,45,0,33,0,0,0,0,0,0,0,0,0
20220417,서울특별시,11,광진구,11215,충청남도,44,0,33,0,0,0,0,0,0,0,0,0
20220417,서울특별시,11,광진구,11215,충청북도,43,0,19,0,0,0,0,0,0,0,0,0
20220417,서울특별시,11,광진구,11215,강원도,42,0,15,0,0,0,0,0,0,0,0,0
20220417,서울특별시,11,광진구,11215,경기도,41,0,204,0,0,0,0,0,0,0,0,0
20220417,서울특별시,11,광진구,11215,세종특별자치시,36,0,13,0,0,0,0,0,0,0,0,0
20220417,서울특별시,11,광진구,11215,울산광역시,31,0,12,0,0,0,0,0,0,0,0,0
20220417,서울특별시,11,광진구,11215,대전광역시,30,0,28,0,0,0,0,0,0,0,0,0
20220417,서울특별시,11,광진구,11215,광주광역시,29,0,20,0,0,0,0,0,0,0,0,0
20220417,서울특별시,11,광진구,11215,인천광역시,28,0,56,0,0,0,0,0,0,0,0,0
20220417,서울특별시,11,광진구,11215,대구광역시,27,0,52,0,0,0,0,0,0,0,0,0
20220417,서울특별시,11,광진구,11215,부산광역시,26,0,56,0,0,0,0,0,0,0,0,0
20220417,서울특별시,11,동작구,11590,경기도,41,0,0,0,0,0,0,0,0,3,0,0
20220417,서울특별시,11,동작구,11590,충청북도,43,0,0,0,0,0,0,0,0,0,0,0
20220417,서울특별시,11,동작구,11590,충청남도,44,0,0,0,0,0,0,0,0,0,0,0
20220417,서울특별시,11,동작구,11590,전라북도,45,0,0,0,0,0,0,0,0,0,0,0
20220417,서울특별시,11,동작구,11590,전라남도,46,0,0,0,0,0,0,0,0,0,0,0
20220417,서울특별시,11,강동구,11740,제주특별자치도,50,0,0,0,0,0,0,0,0,0,0,0
20220417,서울특별시,11,강동구,11740,경상남도,48,0,0,31,0,0,0,0,0,0,0,0
20220417,서울특별시,11,강동구,11740,경상북도,47,0,0,23,0,0,0,0,0,0,0,0
20220417,서울특별시,11,강동구,11740,전라남도,46,0,0,21,0,0,0,0,0,0,0,0
20220417,서울특별시,11,강동구,11740,전라북도,45,0,0,24,0,0,0,0,0,0,0,0
20220417,서울특별시,11,강동구,11740,충청남도,44,0,0,30,0,0,0,0,0,0,0,0
20220417,서울특별시,11,강동구,11740,충청북도,43,0,0,21,0,0,0,0,0,0,0,0
20220417,서울특별시,11,광진구,11215,서울특별시,11,0,158,0,0,0,0,0,0,0,0,0
20220417,서울특별시,11,강서구,11500,세종특별자치시,36,0,0,0,0,9,6,11,3,136,9,22
20220417,서울특별시,11,강서구,11500,경기도,41,3,18,5,22,159,55,217,18,1845,250,354
20220417,서울특별시,11,강서구,11500,강원도,42,0,10,0,13,158,41,125,8,1622,161,287
20220417,서울특별시,11,강서구,11500,충청북도,43,0,8,0,6,88,43,109,6,1185,112,194
20220417,서울특별시,11,강서구,11500,충청남도,44,5,5,0,10,99,22,110,8,1075,112,169
20220417,서울특별시,11,강서구,11500,전라북도,45,0,4,0,4,41,12,45,0,557,50,89
20220417,서울특별시,11,강서구,11500,전라남도,46,0,12,0,7,113,47,91,4,1345,122,199
20220417,서울특별시,11,강서구,11500,경상북도,47,0,7,0,9,143,47,102,5,1394,144,222
20220417,서울특별시,11,강서구,11500,경상남도,48,3,4,0,6,84,35,83,6,892,100,187
20220417,서울특별시,11,강서구,11500,제주특별자치도,50,0,0,0,0,0,0,0,0,0,0,0
20220417,서울특별시,11,강남구,11680,제주특별자치도,50,0,0,0,0,0,0,0,0,0,0,0
20220417,서울특별시,11,강남구,11680,경상남도,48,0,0,0,0,0,0,0,0,0,0,0
20220417,서울특별시,11,영등포구,11560,서울특별시,11,0,6,0,4,33,0,34,6,23,11,13
20220417,서울특별시,11,영등포구,11560,부산광역시,26,0,0,0,0,4,0,3,0,0,0,4
20220417,서울특별시,11,영등포구,11560,대구광역시,27,0,3,0,0,0,0,0,0,0,0,0
20220417,서울특별시,11,영등포구,11560,인천광역시,28,0,3,0,0,0,0,4,0,0,0,0
20220417,서울특별시,11,영등포구,11560,광주광역시,29,0,0,0,0,0,0,3,0,0,0,0
20220417,서울특별시,11,영등포구,11560,대전광역시,30,0,4,0,0,0,0,0,0,3,0,0
20220417,서울특별시,11,영등포구,11560,울산광역시,31,0,3,0,0,0,0,0,0,0,0,0
20220417,서울특별시,11,영등포구,11560,세종특별자치시,36,0,0,0,0,0,0,0,0,0,0,0
20220417,서울특별시,11,영등포구,11560,경기도,41,4,20,0,8,35,6,41,5,27,10,14
20220417,서울특별시,11,영등포구,11560,강원도,42,0,5,0,0,3,0,9,0,0,0,0
20220417,서울특별시,11,영등포구,11560,충청북도,43,0,0,0,3,4,0,3,0,0,0,0
20220417,서울특별시,11,영등포구,11560,충청남도,44,0,5,0,0,0,0,4,0,0,0,5
20220417,서울특별시,11,영등포구,11560,전라북도,45,0,0,0,0,0,0,3,0,0,0,0
20220417,서울특별시,11,영등포구,11560,전라남도,46,0,0,0,0,5,0,4,0,0,0,0
20220417,서울특별시,11,영등포구,11560,경상북도,47,0,0,0,0,8,0,3,0,0,0,0
20220417,서울특별시,11,영등포구,11560,경상남도,48,0,5,0,0,0,0,7,3,0,4,0
20220417,서울특별시,11,영등포구,11560,제주특별자치도,50,0,0,0,0,0,0,0,0,0,0,0
20220417,서울특별시,11,강남구,11680,경상북도,47,0,0,0,0,0,0,0,0,3,0,0
20220417,서울특별시,11,강남구,11680,전라남도,46,0,0,0,0,0,0,0,0,0,0,0
20220417,서울특별시,11,강남구,11680,전라북도,45,0,0,0,0,0,0,0,0,0,0,0
20220417,서울특별시,11,강남구,11680,충청남도,44,0,0,0,0,0,0,0,0,3,0,0
20220417,서울특별시,11,강남구,11680,충청북도,43,0,0,0,0,0,0,0,0,5,0,0
20220417,서울특별시,11,강남구,11680,강원도,42,0,0,0,0,0,0,0,0,0,0,0
20220417,서울특별시,11,강남구,11680,경기도,41,0,0,3,0,0,0,0,0,9,0,0
20220417,서울특별시,11,강남구,11680,세종특별자치시,36,0,0,0,0,0,0,0,0,0,0,0
20220417,서울특별시,11,강남구,11680,울산광역시,31,0,0,0,0,0,0,0,0,0,0,0
20220417,서울특별시,11,강남구,11680,대전광역시,30,0,0,0,0,0,0,0,0,0,0,0
20220417,서울특별시,11,강남구,11680,광주광역시,29,0,0,0,0,0,0,0,0,3,0,0
20220417,서울특별시,11,강남구,11680,인천광역시,28,0,0,0,0,0,0,0,0,0,0,0
20220417,서울특별시,11,강남구,11680,대구광역시,27,0,0,0,0,0,0,0,0,0,0,0
20220417,서울특별시,11,강남구,11680,부산광역시,26,0,0,0,0,0,0,0,0,3,0,0
20220417,서울특별시,11,강남구,11680,서울특별시,11,0,0,4,0,5,0,3,0,4,0,35
20220417,서울특별시,11,금천구,11545,제주특별자치도,50,0,0,0,0,3,3,0,7,57,21,5
20220417,서울특별시,11,금천구,11545,경상남도,48,0,3,0,0,8,26,18,35,228,80,25
20220417,서울특별시,11,강동구,11740,강원도,42,0,0,18,0,0,0,0,0,0,0,0
20220417,서울특별시,11,강동구,11740,경기도,41,0,0,148,0,0,0,0,0,0,0,0
20220417,서울특별시,11,강동구,11740,세종특별자치시,36,0,0,10,0,0,0,0,0,0,0,0
20220417,서울특별시,11,강동구,11740,울산광역시,31,0,0,19,0,0,0,0,0,0,0,0
20220417,서울특별시,11,강동구,11740,대전광역시,30,0,0,16,0,0,0,0,0,0,0,0
20220417,서울특별시,11,강동구,11740,광주광역시,29,0,0,35,0,0,0,0,0,0,0,0
20220417,서울특별시,11,강동구,11740,인천광역시,28,0,0,55,0,0,0,0,0,0,0,0
20220417,서울특별시,11,강동구,11740,대구광역시,27,0,0,48,0,0,0,0,0,0,0,0
20220417,서울특별시,11,강동구,11740,부산광역시,26,0,0,43,0,0,0,0,0,0,0,0
20220417,서울특별시,11,강동구,11740,서울특별시,11,0,0,133,0,0,0,0,0,0,0,0
20220417,서울특별시,11,금천구,11545,경상북도,47,4,3,0,0,0,15,10,23,180,67,27
20220417,서울특별시,11,금천구,11545,전라남도,46,0,3,0,0,0,12,5,15,134,55,10
20220417,서울특별시,11,금천구,11545,전라북도,45,0,6,0,0,3,16,10,20,138,52,7
20220417,서울특별시,11,금천구,11545,충청남도,44,0,6,0,0,0,4,11,38,149,74,11
20220417,서울특별시,11,금천구,11545,충청북도,43,0,0,0,0,3,16,9,19,135,73,18
20220417,서울특별시,11,금천구,11545,강원도,42,0,0,0,0,0,20,6,28,117,55,21
20220417,서울특별시,11,금천구,11545,경기도,41,16,39,22,7,37,90,75,232,1094,558,200
20220417,서울특별시,11,금천구,11545,세종특별자치시,36,0,0,0,0,0,8,0,11,49,18,5
20220417,서울특별시,11,금천구,11545,울산광역시,31,0,5,0,0,6,13,0,15,106,49,17
20220417,서울특별시,11,금천구,11545,대전광역시,30,0,0,0,0,3,10,4,40,137,50,12
20220417,서울특별시,11,금천구,11545,광주광역시,29,0,4,0,0,0,11,4,19,115,56,16
20220417,서울특별시,11,금천구,11545,인천광역시,28,0,4,3,0,4,16,18,40,261,125,41
20220417,서울특별시,11,금천구,11545,대구광역시,27,0,3,3,0,5,16,18,32,208,73,39
20220417,서울특별시,11,금천구,11545,부산광역시,26,0,11,0,0,0,16,17,32,226,84,34
20220417,서울특별시,11,금천구,11545,서울특별시,11,63,54,8,22,67,77,94,164,865,444,237
20220417,서울특별시,11,종로구,11110,경기도,41,0,0,0,0,0,0,0,0,8,0,0
20220417,서울특별시,11,종로구,11110,서울특별시,11,0,0,0,0,0,0,0,0,0,0,0
20220417,서울특별시,11,양천구,11470,서울특별시,11,0,0,0,0,0,0,37,0,0,0,0
20220417,서울특별시,11,양천구,11470,부산광역시,26,0,0,0,0,0,0,5,0,0,0,0
20220417,서울특별시,11,양천구,11470,대구광역시,27,0,0,0,0,0,0,8,0,0,0,0
20220417,서울특별시,11,양천구,11470,인천광역시,28,0,0,0,0,0,0,13,0,0,0,0
20220417,서울특별시,11,양천구,11470,광주광역시,29,0,0,0,0,7,0,7,0,0,0,0
20220417,서울특별시,11,서초구,11650,전라남도,46,0,0,0,0,0,0,0,0,4,0,0
20220417,서울특별시,11,서초구,11650,전라북도,45,0,0,0,0,0,0,0,0,0,0,0
20220417,서울특별시,11,서초구,11650,충청남도,44,0,0,0,0,0,0,0,0,7,0,0
20220417,서울특별시,11,서초구,11650,충청북도,43,0,0,0,0,0,0,0,0,4,0,0
20220417,서울특별시,11,서초구,11650,강원도,42,0,0,0,0,0,0,0,0,0,0,0
20220417,서울특별시,11,서초구,11650,대구광역시,27,0,0,0,0,0,0,0,0,0,0,0
20220417,서울특별시,11,서초구,11650,부산광역시,26,0,6,0,0,0,0,0,0,0,0,0
20220417,서울특별시,11,서초구,11650,서울특별시,11,0,16,0,0,15,0,197,0,31,0,0
20220417,서울특별시,11,노원구,11350,강원도,42,0,0,0,0,3,0,0,0,0,0,0
20220417,서울특별시,11,노원구,11350,충청북도,43,0,0,0,0,3,0,0,0,0,0,0
20220417,서울특별시,11,노원구,11350,충청남도,44,0,0,0,0,9,0,0,0,0,0,0
20220417,서울특별시,11,노원구,11350,전라북도,45,0,0,0,0,0,0,0,0,0,0,0
20220417,서울특별시,11,노원구,11350,전라남도,46,0,0,0,0,6,0,0,0,0,0,0
20220417,서울특별시,11,노원구,11350,경상북도,47,0,0,0,0,12,0,0,0,0,0,0
20220417,서울특별시,11,노원구,11350,경상남도,48,0,0,0,0,6,0,0,0,3,0,0
20220417,서울특별시,11,구로구,11530,서울특별시,11,0,189,0,35,0,0,0,0,199,47,0
20220417,서울특별시,11,구로구,11530,부산광역시,26,0,46,0,14,0,0,0,0,32,14,0
20220417,서울특별시,11,구로구,11530,대구광역시,27,0,32,0,5,0,0,0,0,41,8,0
20220417,서울특별시,11,구로구,11530,인천광역시,28,0,49,0,7,0,0,0,0,57,15,0
20220417,서울특별시,11,구로구,11530,광주광역시,29,0,12,0,4,0,0,0,0,25,5,0
20220417,서울특별시,11,구로구,11530,대전광역시,30,0,33,0,3,0,0,0,0,28,7,0
20220417,서울특별시,11,구로구,11530,울산광역시,31,0,15,0,0,0,0,0,0,12,3,0
20220417,서울특별시,11,구로구,11530,세종특별자치시,36,0,5,0,0,0,0,0,0,13,0,0
20220417,서울특별시,11,구로구,11530,경기도,41,0,202,0,49,6,0,0,0,232,59,0
20220417,서울특별시,11,구로구,11530,강원도,42,0,18,0,0,0,0,0,0,19,4,0
20220417,서울특별시,11,구로구,11530,충청북도,43,0,21,0,7,0,0,0,0,30,11,0
20220417,서울특별시,11,구로구,11530,충청남도,44,0,29,0,7,0,0,0,0,29,10,0
20220417,서울특별시,11,구로구,11530,전라북도,45,0,18,0,5,0,0,0,0,18,6,0
20220417,서울특별시,11,구로구,11530,전라남도,46,0,18,0,3,0,0,0,0,29,9,0
20220417,서울특별시,11,구로구,11530,경상북도,47,0,24,0,3,0,0,0,0,30,8,0
20220417,서울특별시,11,구로구,11530,경상남도,48,0,46,0,8,0,0,0,0,51,10,0
20220417,서울특별시,11,구로구,11530,제주특별자치도,50,0,3,0,0,0,0,0,0,15,0,0
20220417,서울특별시,11,도봉구,11320,충청남도,44,0,0,0,0,0,0,0,0,0,0,0
20220417,서울특별시,11,송파구,11710,서울특별시,11,0,6,0,0,9,0,41,0,108,5,3
20220417,서울특별시,11,송파구,11710,부산광역시,26,0,0,0,0,0,0,39,0,23,0,0
20220417,서울특별시,11,송파구,11710,대구광역시,27,0,0,0,0,6,0,61,0,17,3,0
20220417,서울특별시,11,송파구,11710,인천광역시,28,0,0,0,0,0,0,7,0,17,3,0
20220417,서울특별시,11,송파구,11710,광주광역시,29,0,0,0,0,5,0,134,0,9,0,0
20220417,서울특별시,11,송파구,11710,대전광역시,30,4,5,0,4,132,0,1618,18,16,5,30
20220417,서울특별시,11,송파구,11710,울산광역시,31,0,0,0,0,0,0,14,0,5,0,0
20220417,서울특별시,11,송파구,11710,세종특별자치시,36,4,0,0,3,45,4,602,12,0,3,7
20220417,서울특별시,11,송파구,11710,경기도,41,0,3,0,0,33,0,636,3,126,12,7
20220417,서울특별시,11,중랑구,11260,경상북도,47,0,0,0,0,0,0,0,0,0,0,0
20220417,서울특별시,11,중랑구,11260,충청북도,43,0,0,0,0,0,0,0,0,3,0,0
20220417,서울특별시,11,중랑구,11260,강원도,42,0,0,0,0,0,0,0,0,0,0,0
20220417,서울특별시,11,중랑구,11260,경기도,41,0,0,0,0,0,0,0,0,4,0,0
20220417,서울특별시,11,중랑구,11260,인천광역시,28,0,0,0,0,0,0,0,0,0,0,0
20220417,서울특별시,11,중랑구,11260,부산광역시,26,0,0,0,0,0,0,0,0,0,0,0
20220417,서울특별시,11,중랑구,11260,서울특별시,11,0,0,0,0,0,0,0,0,6,0,0
20220417,서울특별시,11,송파구,11710,강원도,42,0,0,0,0,15,0,259,0,16,3,4
20220417,서울특별시,11,송파구,11710,충청북도,43,0,3,0,0,70,0,878,12,16,9,15
20220417,서울특별시,11,성동구,11200,제주특별자치도,50,0,0,0,0,0,0,0,0,22,12,0
20220417,서울특별시,11,성동구,11200,경상남도,48,0,0,0,0,0,15,0,0,77,33,0
20220417,서울특별시,11,성동구,11200,경상북도,47,0,0,0,0,0,9,0,0,61,23,0
20220417,서울특별시,11,성동구,11200,전라남도,46,0,0,0,0,0,6,0,0,39,24,0
20220417,서울특별시,11,성동구,11200,전라북도,45,0,0,0,0,0,6,0,0,53,17,0
20220417,서울특별시,11,성동구,11200,충청남도,44,0,0,3,0,0,6,0,0,62,22,0
20220417,서울특별시,11,성동구,11200,충청북도,43,0,0,0,0,0,5,0,0,45,20,0
20220417,서울특별시,11,성동구,11200,강원도,42,0,0,0,0,0,8,0,0,37,8,0
20220417,서울특별시,11,성동구,11200,경기도,41,0,0,0,0,0,95,0,0,479,184,0
20220417,서울특별시,11,성동구,11200,세종특별자치시,36,0,0,0,0,0,6,0,0,13,10,0
20220417,서울특별시,11,성동구,11200,울산광역시,31,0,0,0,0,0,8,0,0,25,10,0
20220417,서울특별시,11,성동구,11200,대전광역시,30,0,0,0,0,0,9,0,0,46,28,0
20220417,서울특별시,11,성동구,11200,광주광역시,29,0,0,0,0,0,4,0,0,39,19,0
20220417,서울특별시,11,성동구,11200,인천광역시,28,0,0,0,0,0,17,0,0,91,35,0
20220417,서울특별시,11,성동구,11200,대구광역시,27,0,0,0,0,0,9,0,0,55,26,0
20220417,서울특별시,11,성동구,11200,부산광역시,26,0,0,0,0,0,15,0,0,90,36,0
20220417,서울특별시,11,성동구,11200,서울특별시,11,0,5,0,0,0,94,0,0,423,171,0
20220418,서울특별시,11,성동구,11200,세종특별자치시,36,20,97,8,56,82,12,38,6,201,60,28
20220418,서울특별시,11,용산구,11170,강원도,42,31,242,31,1346,209,34,132,30,139,72,81
20220418,서울특별시,11,용산구,11170,충청북도,43,15,291,36,1437,185,20,147,36,165,72,72
20220418,서울특별시,11,용산구,11170,충청남도,44,27,324,34,1972,278,49,186,33,191,123,114
20220418,서울특별시,11,용산구,11170,전라북도,45,21,218,12,1228,155,35,157,32,157,69,88
20220418,서울특별시,11,용산구,11170,전라남도,46,25,205,28,1279,179,38,124,25,134,78,87
20220418,서울특별시,11,용산구,11170,경상북도,47,32,372,29,1908,286,49,209,33,191,105,131
20220418,서울특별시,11,용산구,11170,경상남도,48,39,467,50,2454,333,69,316,52,246,172,174
20220418,서울특별시,11,용산구,11170,제주특별자치도,50,11,65,7,383,35,15,36,7,43,27,9
20220418,서울특별시,11,영등포구,11560,서울특별시,11,251,2578,908,2114,1802,242,3581,78,2599,1081,1031
20220418,서울특별시,11,중구,11140,제주특별자치도,50,23,104,13,15,82,8,43,8,286,74,16
20220418,서울특별시,11,중구,11140,경상남도,48,118,506,36,146,576,96,196,88,1419,374,94
20220418,서울특별시,11,중구,11140,경상북도,47,69,410,31,83,427,58,153,65,1073,296,57
20220418,서울특별시,11,중구,11140,전라남도,46,56,325,41,66,298,47,104,48,752,199,49
20220418,서울특별시,11,중구,11140,전라북도,45,68,272,43,61,247,53,104,54,833,213,31
20220418,서울특별시,11,중구,11140,충청남도,44,84,435,47,117,424,65,146,59,1050,283,57
20220418,서울특별시,11,중구,11140,충청북도,43,70,311,34,87,305,43,117,56,843,214,42
20220418,서울특별시,11,중구,11140,강원도,42,56,302,34,57,329,50,92,36,708,220,51
20220418,서울특별시,11,중구,11140,경기도,41,718,3064,285,582,2905,454,1303,397,7701,2079,543
20220418,서울특별시,11,중구,11140,세종특별자치시,36,26,72,7,11,58,16,31,22,233,58,16
20220418,서울특별시,11,중구,11140,울산광역시,31,40,197,10,41,165,42,86,28,499,155,42
20220418,서울특별시,11,중구,11140,대전광역시,30,52,277,33,75,248,38,116,32,839,205,34
20220418,서울특별시,11,중구,11140,광주광역시,29,69,365,43,71,294,51,91,71,932,231,58
20220418,서울특별시,11,중구,11140,인천광역시,28,141,673,46,129,518,71,238,93,1557,432,103
20220418,서울특별시,11,중구,11140,대구광역시,27,96,443,49,85,375,73,153,60,1238,297,89
20220418,서울특별시,11,중구,11140,부산광역시,26,131,646,52,142,554,87,211,77,1648,450,102
20220418,서울특별시,11,중구,11140,서울특별시,11,583,2678,352,520,2273,283,1150,211,6753,1642,713
20220418,서울특별시,11,영등포구,11560,부산광역시,26,68,656,165,505,505,50,964,26,564,276,209
20220418,서울특별시,11,영등포구,11560,대구광역시,27,34,441,96,326,358,39,691,12,365,164,158
20220418,서울특별시,11,영등포구,11560,인천광역시,28,60,659,108,498,490,46,967,22,541,284,328
20220418,서울특별시,11,영등포구,11560,광주광역시,29,24,276,81,225,234,29,447,5,268,112,120
20220418,서울특별시,11,영등포구,11560,대전광역시,30,25,276,35,262,258,25,433,13,283,117,120
20220418,서울특별시,11,영등포구,11560,울산광역시,31,28,243,67,157,134,14,258,7,120,61,64
20220418,서울특별시,11,영등포구,11560,세종특별자치시,36,10,64,13,72,70,3,129,3,66,31,26
20220418,서울특별시,11,영등포구,11560,경기도,41,301,3038,573,2620,2470,287,4615,128,3188,1370,1293
20220418,서울특별시,11,영등포구,11560,강원도,42,35,332,62,255,266,33,444,17,236,118,106
20220418,서울특별시,11,영등포구,11560,충청북도,43,26,337,45,279,280,23,450,15,295,125,122
20220418,서울특별시,11,영등포구,11560,충청남도,44,43,468,93,353,361,44,660,20,335,176,192
20220418,서울특별시,11,영등포구,11560,전라북도,45,33,340,47,227,230,31,426,15,309,118,128
20220418,서울특별시,11,영등포구,11560,전라남도,46,30,347,54,243,249,33,449,11,189,99,121
20220418,서울특별시,11,영등포구,11560,경상북도,47,31,414,79,384,414,36,669,11,338,172,169
20220418,서울특별시,11,영등포구,11560,경상남도,48,61,662,179,447,440,48,849,21,437,217,238
20220418,서울특별시,11,영등포구,11560,제주특별자치도,50,7,77,8,58,58,4,69,0,104,33,33
20220418,서울특별시,11,노원구,11350,서울특별시,11,227,906,202,397,1564,265,1641,434,2595,476,257
20220418,서울특별시,11,노원구,11350,부산광역시,26,73,239,20,93,433,70,456,142,782,126,80
20220418,서울특별시,11,노원구,11350,대구광역시,27,43,174,14,91,312,62,301,128,538,79,50
20220418,서울특별시,11,노원구,11350,인천광역시,28,66,207,30,104,448,66,471,172,806,119,69
20220418,서울특별시,11,노원구,11350,광주광역시,29,28,99,10,56,200,32,136,70,359,48,33
20220418,서울특별시,11,노원구,11350,대전광역시,30,35,113,20,58,185,50,197,75,409,68,31
20220418,서울특별시,11,노원구,11350,울산광역시,31,22,72,13,34,182,34,123,48,310,44,20
20220418,서울특별시,11,노원구,11350,세종특별자치시,36,13,34,4,13,59,13,41,26,109,17,7
20220418,서울특별시,11,노원구,11350,경기도,41,349,1172,182,546,2187,415,2099,770,4305,676,334
20220418,서울특별시,11,노원구,11350,강원도,42,48,134,14,70,250,59,188,76,364,46,34
20220418,서울특별시,11,노원구,11350,충청북도,43,33,108,13,58,246,51,216,88,417,53,41
20220418,서울특별시,11,노원구,11350,충청남도,44,67,174,26,74,327,84,454,120,541,76,56
20220418,서울특별시,11,노원구,11350,전라북도,45,31,111,19,64,218,53,189,76,419,49,48
20220418,서울특별시,11,노원구,11350,전라남도,46,31,147,10,46,224,62,165,76,401,77,44
20220418,서울특별시,11,노원구,11350,경상북도,47,53,152,24,88,350,66,218,127,556,85,68
20220418,서울특별시,11,노원구,11350,경상남도,48,72,224,21,107,459,90,416,177,781,125,71
20220418,서울특별시,11,노원구,11350,제주특별자치도,50,16,34,4,12,36,11,27,22,157,26,8
20220418,서울특별시,11,마포구,11440,제주특별자치도,50,24,143,44,132,167,11,98,26,167,77,31
20220418,서울특별시,11,마포구,11440,경상남도,48,161,681,203,955,1259,130,729,57,551,390,223
20220418,서울특별시,11,마포구,11440,경상북도,47,94,483,146,750,1083,77,575,44,469,312,178
20220418,서울특별시,11,마포구,11440,전라남도,46,61,365,88,524,673,54,457,35,296,201,85
20220418,서울특별시,11,마포구,11440,전라북도,45,78,354,104,541,656,63,393,45,398,219,116
20220418,서울특별시,11,마포구,11440,충청남도,44,117,536,149,769,951,69,562,52,513,291,168
20220418,서울특별시,11,마포구,11440,충청북도,43,73,365,104,562,662,49,416,37,403,210,137
20220418,서울특별시,11,마포구,11440,강원도,42,68,356,111,557,700,40,354,37,352,228,119
20220418,서울특별시,11,마포구,11440,경기도,41,748,3689,1206,5138,6646,561,3665,365,4077,2163,1220
20220418,서울특별시,11,마포구,11440,세종특별자치시,36,25,86,42,161,181,12,115,11,90,66,31
20220418,서울특별시,11,마포구,11440,울산광역시,31,43,229,73,335,434,43,263,35,236,121,68
20220418,서울특별시,11,마포구,11440,대전광역시,30,73,318,125,519,699,45,350,45,347,222,107
20220418,서울특별시,11,마포구,11440,광주광역시,29,64,298,102,460,638,51,374,53,378,211,127
20220418,서울특별시,11,마포구,11440,인천광역시,28,133,774,180,989,1351,104,738,67,728,421,249
20220418,서울특별시,11,마포구,11440,대구광역시,27,123,493,161,714,965,76,499,54,561,296,134
20220418,서울특별시,11,마포구,11440,부산광역시,26,146,792,221,924,1371,102,882,75,785,418,239
20220418,서울특별시,11,마포구,11440,서울특별시,11,591,3366,1191,3966,4890,405,2958,278,3669,1795,1044
20220418,서울특별시,11,서대문구,11410,제주특별자치도,50,0,30,9,12,31,0,11,10,87,36,29
20220418,서울특별시,11,서대문구,11410,경상남도,48,9,194,19,75,269,13,208,137,358,176,87
20220418,서울특별시,11,서대문구,11410,경상북도,47,6,176,33,60,225,15,186,86,281,127,74
20220418,서울특별시,11,서대문구,11410,전라남도,46,8,99,22,25,164,7,127,61,204,85,52
20220418,서울특별시,11,관악구,11620,서울특별시,11,163,992,492,363,830,112,477,120,1129,1065,2263
20220418,서울특별시,11,관악구,11620,부산광역시,26,46,210,84,95,249,29,95,37,263,344,670
20220418,서울특별시,11,관악구,11620,대구광역시,27,31,145,49,58,169,18,85,27,180,266,485
20220418,서울특별시,11,관악구,11620,인천광역시,28,34,181,72,103,241,31,96,39,298,322,637
20220418,서울특별시,11,관악구,11620,광주광역시,29,12,86,37,36,113,7,52,16,161,178,333
20220418,서울특별시,11,관악구,11620,대전광역시,30,22,104,44,45,105,12,48,15,99,168,299
20220418,서울특별시,11,관악구,11620,울산광역시,31,15,69,48,31,90,7,20,12,99,122,229
20220418,서울특별시,11,관악구,11620,세종특별자치시,36,6,27,16,14,28,6,15,0,26,48,83
20220418,서울특별시,11,관악구,11620,경기도,41,213,1158,421,463,1241,185,569,240,1828,1626,3027
20220418,서울특별시,11,관악구,11620,강원도,42,20,92,29,55,135,18,78,19,134,171,298
20220418,서울특별시,11,관악구,11620,충청북도,43,23,97,32,57,135,18,62,30,192,196,320
20220418,서울특별시,11,관악구,11620,충청남도,44,19,130,50,66,195,26,91,24,194,238,440
20220418,서울특별시,11,관악구,11620,전라북도,45,21,117,35,49,115,9,48,18,156,159,336
20220418,서울특별시,11,관악구,11620,전라남도,46,11,92,31,45,140,16,67,20,124,185,302
20220418,서울특별시,11,관악구,11620,경상북도,47,31,150,50,69,179,15,82,32,188,249,505
20220418,서울특별시,11,관악구,11620,경상남도,48,52,191,54,87,249,35,94,33,259,335,644
20220418,서울특별시,11,관악구,11620,제주특별자치도,50,5,24,11,9,33,3,11,3,36,33,44
20220418,서울특별시,11,서대문구,11410,전라북도,45,3,101,33,27,152,7,138,65,218,99,103
20220418,서울특별시,11,서대문구,11410,충청남도,44,4,141,39,48,242,8,181,78,257,133,96
20220418,서울특별시,11,서대문구,11410,충청북도,43,5,104,14,52,138,11,124,52,248,90,40
20220418,서울특별시,11,서대문구,11410,강원도,42,4,120,18,42,152,0,122,42,188,125,50
20220418,서울특별시,11,서대문구,11410,경기도,41,55,1125,235,395,1354,104,1096,567,2486,969,534
20220418,서울특별시,11,서대문구,11410,세종특별자치시,36,3,26,5,13,44,7,24,19,65,26,11
20220418,서울특별시,11,서대문구,11410,울산광역시,31,6,65,7,16,97,8,73,38,118,54,25
20220418,서울특별시,11,서대문구,11410,대전광역시,30,4,92,34,39,138,7,111,57,240,105,89
20220418,서울특별시,11,서대문구,11410,광주광역시,29,5,102,22,23,122,11,102,56,207,114,39
20220418,서울특별시,11,서대문구,11410,인천광역시,28,3,215,41,85,279,17,218,89,406,173,104
20220418,서울특별시,11,서대문구,11410,대구광역시,27,8,134,20,71,201,11,166,66,274,149,58
20220418,서울특별시,11,서대문구,11410,부산광역시,26,9,197,28,65,271,16,274,95,414,172,95
20220418,서울특별시,11,서대문구,11410,서울특별시,11,45,937,273,402,911,76,784,236,1943,754,422
20220418,서울특별시,11,은평구,11380,제주특별자치도,50,6,10,7,16,40,23,28,9,26,29,26
20220418,서울특별시,11,은평구,11380,경상남도,48,23,173,26,87,459,129,435,42,202,160,443
20220418,서울특별시,11,은평구,11380,경상북도,47,16,131,26,99,345,118,300,26,132,137,358
20220418,서울특별시,11,은평구,11380,전라남도,46,13,65,11,59,214,75,209,23,135,117,232
20220418,서울특별시,11,은평구,11380,전라북도,45,13,79,7,74,231,82,203,26,144,93,229
20220418,서울특별시,11,은평구,11380,충청남도,44,26,103,37,90,382,97,318,35,181,110,291
20220418,서울특별시,11,은평구,11380,충청북도,43,14,75,10,53,229,61,212,31,137,81,203
20220418,서울특별시,11,은평구,11380,강원도,42,14,55,18,65,238,58,181,21,103,81,175
20220418,서울특별시,11,은평구,11380,경기도,41,149,803,167,517,2230,640,2076,181,1688,887,1955
20220418,서울특별시,11,은평구,11380,세종특별자치시,36,5,20,6,19,71,24,73,6,31,16,52
20220418,서울특별시,11,은평구,11380,울산광역시,31,4,48,9,37,122,51,134,21,75,62,150
20220418,서울특별시,11,은평구,11380,대전광역시,30,16,66,27,44,200,46,210,17,118,84,197
20220418,서울특별시,11,성동구,11200,제주특별자치도,50,33,173,14,34,84,16,56,11,220,81,21
20220418,서울특별시,11,성동구,11200,경상남도,48,167,788,37,343,434,115,339,60,1363,458,222
20220418,서울특별시,11,성동구,11200,경상북도,47,166,562,51,295,288,86,285,53,978,363,160
20220418,서울특별시,11,성동구,11200,전라남도,46,92,469,24,152,190,58,151,28,652,228,97
20220418,서울특별시,11,성동구,11200,전라북도,45,67,434,28,145,214,44,183,29,768,253,117
20220418,서울특별시,11,성동구,11200,충청남도,44,107,616,51,272,301,74,254,44,1001,310,154
20220418,서울특별시,11,성동구,11200,충청북도,43,107,495,19,179,203,54,177,26,787,269,124
20220418,서울특별시,11,성동구,11200,강원도,42,92,414,27,191,262,52,165,34,712,254,103
20220418,서울특별시,11,성동구,11200,경기도,41,852,5205,357,1782,2348,504,1644,328,7848,2481,1185
20220418,서울특별시,11,성동구,11200,울산광역시,31,70,305,10,110,146,33,140,30,501,162,77
20220418,서울특별시,11,성동구,11200,대전광역시,30,103,515,19,202,229,38,179,21,718,251,100
20220418,서울특별시,11,성동구,11200,광주광역시,29,69,464,23,167,195,46,165,30,862,255,125
20220418,서울특별시,11,성동구,11200,인천광역시,28,172,1020,59,315,417,74,352,59,1543,486,277
20220418,서울특별시,11,성동구,11200,대구광역시,27,121,665,57,253,345,85,275,50,1127,362,187
20220418,서울특별시,11,성동구,11200,부산광역시,26,172,1088,44,370,472,110,387,48,1469,567,271
20220418,서울특별시,11,성동구,11200,서울특별시,11,661,4796,392,1382,1742,360,1292,214,6402,2176,899
20220418,서울특별시,11,강서구,11500,제주특별자치도,50,19,80,23,71,108,43,98,14,209,75,160
20220418,서울특별시,11,강서구,11500,경상남도,48,132,603,200,644,1019,244,1382,111,1616,468,962
20220418,서울특별시,11,강서구,11500,경상북도,47,113,510,140,466,830,191,1117,72,1378,419,796
20220418,서울특별시,11,강서구,11500,전라남도,46,90,335,102,314,557,150,683,62,1072,268,542
20220418,서울특별시,11,강서구,11500,전라북도,45,79,283,119,284,509,148,662,61,892,292,544
20220418,서울특별시,11,강서구,11500,충청남도,44,129,453,167,420,766,178,997,97,1173,363,781
20220418,서울특별시,11,강서구,11500,충청북도,43,81,346,100,311,566,119,698,63,1074,308,593
20220418,서울특별시,11,강서구,11500,강원도,42,111,352,84,329,609,138,763,69,1162,278,617
20220418,서울특별시,11,강서구,11500,경기도,41,864,3532,1062,2872,4621,1324,6105,628,7246,2437,4969
20220418,서울특별시,11,강서구,11500,세종특별자치시,36,30,93,40,80,149,36,171,28,209,71,145
20220418,서울특별시,11,강서구,11500,울산광역시,31,58,231,67,205,302,109,388,33,455,168,355
20220418,서울특별시,11,강서구,11500,대전광역시,30,78,321,103,255,430,98,582,52,643,250,495
20220418,서울특별시,11,강서구,11500,광주광역시,29,83,306,138,256,426,132,523,73,670,234,468
20220418,서울특별시,11,강서구,11500,인천광역시,28,162,698,215,593,940,201,1255,113,1279,481,1021
20220418,서울특별시,11,강서구,11500,대구광역시,27,141,482,162,434,630,200,936,93,921,381,772
20220418,서울특별시,11,강서구,11500,부산광역시,26,159,679,260,561,977,224,1477,107,1345,471,1011
20220418,서울특별시,11,강서구,11500,서울특별시,11,610,2610,1043,2163,2971,713,4406,395,4450,1692,3707
20220418,서울특별시,11,강북구,11305,제주특별자치도,50,4,26,28,9,23,8,4,6,135,30,8
20220418,서울특별시,11,강북구,11305,경상남도,48,24,233,14,153,147,16,24,89,950,228,37
20220418,서울특별시,11,강북구,11305,경상북도,47,22,218,9,119,118,15,31,48,735,162,40
20220418,서울특별시,11,강북구,11305,전라남도,46,15,154,7,58,65,16,20,46,507,126,24
20220418,서울특별시,11,강북구,11305,전라북도,45,14,145,9,82,71,15,19,44,588,135,47
20220418,서울특별시,11,강북구,11305,충청남도,44,30,212,13,102,134,18,26,47,795,170,47
20220418,서울특별시,11,강북구,11305,충청북도,43,16,160,5,68,97,14,16,33,537,115,28
20220418,서울특별시,11,강북구,11305,강원도,42,19,141,12,93,87,15,10,29,493,98,24
20220418,서울특별시,11,강북구,11305,경기도,41,137,1448,84,592,826,95,152,286,4987,1075,279
20220418,서울특별시,11,강북구,11305,세종특별자치시,36,3,34,5,17,29,4,8,8,126,34,13
20220418,서울특별시,11,강북구,11305,울산광역시,31,9,90,4,29,54,8,3,27,359,58,20
20220418,서울특별시,11,강북구,11305,대전광역시,30,11,144,13,65,69,3,14,43,488,123,18
20220418,서울특별시,11,강북구,11305,광주광역시,29,8,124,7,65,89,5,12,52,555,125,17
20220418,서울특별시,11,강북구,11305,인천광역시,28,27,302,12,142,162,21,41,64,966,201,51
20220418,서울특별시,11,강북구,11305,대구광역시,27,19,173,11,65,109,16,21,53,660,152,31
20220418,서울특별시,11,강북구,11305,부산광역시,26,35,284,18,130,142,26,33,63,878,212,56
20220418,서울특별시,11,강북구,11305,서울특별시,11,74,995,92,449,693,71,132,163,3162,747,184
20220418,서울특별시,11,종로구,11110,제주특별자치도,50,13,99,12,23,42,5,24,16,217,61,12
20220418,서울특별시,11,종로구,11110,경상남도,48,89,395,106,154,286,34,140,83,965,332,132
20220418,서울특별시,11,종로구,11110,경상북도,47,60,322,40,132,232,33,133,56,784,243,88
20220418,서울특별시,11,종로구,11110,전라남도,46,30,241,33,69,150,12,84,60,553,170,69
20220418,서울특별시,11,강동구,11740,서울특별시,11,423,1564,409,720,1778,299,1789,217,1366,677,373
20220418,서울특별시,11,강동구,11740,부산광역시,26,103,339,115,166,493,88,513,49,372,182,117
20220418,서울특별시,11,강동구,11740,대구광역시,27,91,209,98,114,352,54,284,35,200,104,74
20220418,서울특별시,11,강동구,11740,인천광역시,28,90,369,113,233,492,77,410,59,294,151,81
20220418,서울특별시,11,강동구,11740,광주광역시,29,57,179,66,78,228,40,156,19,177,69,40
20220418,서울특별시,11,강동구,11740,대전광역시,30,50,200,56,83,221,39,179,29,138,76,43
20220418,서울특별시,11,강동구,11740,울산광역시,31,40,95,32,61,146,26,169,16,95,45,22
20220418,서울특별시,11,강동구,11740,세종특별자치시,36,14,50,18,21,64,12,74,12,40,26,12
20220418,서울특별시,11,강동구,11740,경기도,41,514,1908,453,971,2406,420,2020,250,1977,831,436
20220418,서울특별시,11,강동구,11740,강원도,42,53,169,34,96,240,28,255,29,110,72,40
20220418,서울특별시,11,강동구,11740,충청북도,43,63,161,60,104,229,42,214,27,166,79,51
20220418,서울특별시,11,강동구,11740,충청남도,44,80,302,63,132,344,54,277,39,177,106,59
20220418,서울특별시,11,강동구,11740,전라북도,45,52,193,53,93,203,43,230,24,145,74,36
20220418,서울특별시,11,강동구,11740,전라남도,46,77,175,51,91,226,27,247,21,134,62,50
20220418,서울특별시,11,강동구,11740,경상북도,47,88,282,67,122,373,36,286,30,169,82,56
20220418,서울특별시,11,강동구,11740,경상남도,48,131,365,89,164,489,103,444,37,251,164,97
20220418,서울특별시,11,강동구,11740,제주특별자치도,50,16,76,13,17,41,4,60,9,40,21,9
20220418,서울특별시,11,종로구,11110,전라북도,45,55,231,47,72,146,18,76,49,601,194,57
20220418,서울특별시,11,종로구,11110,충청남도,44,61,391,43,123,200,22,112,44,751,279,91
20220418,서울특별시,11,종로구,11110,충청북도,43,46,245,45,77,141,21,81,57,574,201,73
20220418,서울특별시,11,종로구,11110,강원도,42,49,264,39,84,159,17,105,84,519,172,58
20220418,서울특별시,11,종로구,11110,경기도,41,454,2416,395,779,1582,210,933,379,5510,1911,585
20220418,서울특별시,11,종로구,11110,세종특별자치시,36,14,79,9,25,51,7,22,11,129,62,20
20220418,서울특별시,11,종로구,11110,울산광역시,31,32,130,38,60,100,13,62,20,362,142,29
20220418,서울특별시,11,종로구,11110,대전광역시,30,33,281,51,79,128,15,89,40,562,196,53
20220418,서울특별시,11,종로구,11110,광주광역시,29,35,235,38,73,140,19,69,52,689,182,47
20220418,서울특별시,11,종로구,11110,인천광역시,28,91,418,75,146,272,34,164,62,1090,404,106
20220418,서울특별시,11,종로구,11110,대구광역시,27,60,386,59,133,228,28,114,37,836,267,88
20220418,서울특별시,11,종로구,11110,부산광역시,26,91,395,90,149,315,45,146,64,1223,419,142
20220418,서울특별시,11,종로구,11110,서울특별시,11,340,1889,512,653,1185,112,659,181,4145,1535,486
20220418,서울특별시,11,송파구,11710,서울특별시,11,223,2088,408,697,8621,521,2539,197,4183,1364,1057
20220418,서울특별시,11,송파구,11710,부산광역시,26,70,441,57,188,814,135,2978,88,945,320,326
20220418,서울특별시,11,송파구,11710,대구광역시,27,47,358,48,146,996,88,8052,143,625,228,365
20220418,서울특별시,11,송파구,11710,인천광역시,28,44,423,88,173,574,106,636,60,1009,284,257
20220418,서울특별시,11,송파구,11710,광주광역시,29,23,235,28,79,442,56,2823,59,509,151,167
20220418,서울특별시,11,송파구,11710,대전광역시,30,50,208,39,108,855,65,8234,92,499,139,224
20220418,서울특별시,11,송파구,11710,울산광역시,31,14,140,29,57,229,65,1001,46,298,93,87
20220418,서울특별시,11,송파구,11710,세종특별자치시,36,16,89,18,33,343,22,3690,53,98,46,91
20220418,서울특별시,11,송파구,11710,경기도,41,291,2414,421,921,3259,661,10210,498,5596,1563,1543
20220418,서울특별시,11,송파구,11710,강원도,42,28,232,66,117,588,67,3963,95,427,136,191
20220418,서울특별시,11,송파구,11710,충청북도,43,35,230,38,106,685,87,5882,92,538,135,231
20220418,서울특별시,11,송파구,11710,충청남도,44,44,303,73,153,928,102,7675,124,654,223,298
20220418,서울특별시,11,송파구,11710,전라북도,45,19,205,67,115,424,57,3219,63,529,138,155
20220418,서울특별시,11,송파구,11710,전라남도,46,35,222,49,92,480,62,3000,48,431,129,196
20220418,서울특별시,11,송파구,11710,경상북도,47,42,322,59,138,738,95,4864,105,655,193,256
20220418,서울특별시,11,송파구,11710,경상남도,48,49,378,89,160,1053,139,6108,124,798,287,384
20220418,서울특별시,11,송파구,11710,제주특별자치도,50,7,70,8,56,98,16,53,8,167,37,27
20220418,서울특별시,11,강남구,11680,제주특별자치도,50,16,149,28,56,122,7,257,30,227,127,81
20220418,서울특별시,11,강남구,11680,경상남도,48,99,708,232,333,754,48,1017,94,1568,803,630
20220418,서울특별시,11,강남구,11680,경상북도,47,80,571,179,249,552,35,653,89,1261,567,443
20220418,서울특별시,11,강남구,11680,전라남도,46,62,354,108,173,397,19,542,67,817,399,288
20220418,서울특별시,11,강남구,11680,전라북도,45,69,381,127,152,405,17,499,66,957,436,311
20220418,서울특별시,11,강남구,11680,충청남도,44,87,579,213,241,534,39,743,95,1247,551,416
20220418,서울특별시,11,강남구,11680,충청북도,43,70,363,103,198,394,29,563,44,879,444,296
20220418,서울특별시,11,강남구,11680,강원도,42,53,382,124,169,387,19,548,57,837,369,312
20220418,서울특별시,11,강남구,11680,경기도,41,625,5199,1773,1766,4312,342,4861,744,10088,4247,3229
20220418,서울특별시,11,강남구,11680,세종특별자치시,36,24,115,55,48,100,6,145,33,258,98,80
20220418,서울특별시,11,강남구,11680,울산광역시,31,26,258,113,102,260,20,331,35,539,301,189
20220418,서울특별시,11,강남구,11680,대전광역시,30,45,384,124,160,330,31,506,71,945,395,354
20220418,서울특별시,11,강남구,11680,광주광역시,29,54,401,163,144,307,19,455,59,995,426,293
20220418,서울특별시,11,강남구,11680,인천광역시,28,130,842,263,331,754,51,1042,116,1924,926,614
20220418,서울특별시,11,강남구,11680,대구광역시,27,103,653,229,223,534,36,644,77,1379,661,437
20220418,서울특별시,11,강남구,11680,부산광역시,26,131,861,260,339,760,44,997,104,1986,914,697
20220418,서울특별시,11,강남구,11680,서울특별시,11,474,4400,1325,1477,2986,236,4348,454,7768,3303,3157
20220418,서울특별시,11,은평구,11380,광주광역시,29,18,100,16,57,214,77,185,16,126,92,214
20220418,서울특별시,11,은평구,11380,인천광역시,28,26,164,33,103,418,106,420,37,243,147,396
20220418,서울특별시,11,은평구,11380,대구광역시,27,33,91,25,73,339,96,233,24,173,130,353
20220418,서울특별시,11,광진구,11215,서울특별시,11,421,1503,199,865,1669,264,1550,308,2745,1849,865
20220418,서울특별시,11,광진구,11215,부산광역시,26,136,438,23,234,502,65,554,80,661,530,311
20220418,서울특별시,11,광진구,11215,대구광역시,27,100,313,32,176,358,67,339,70,511,346,189
20220418,서울특별시,11,광진구,11215,인천광역시,28,125,398,52,265,520,75,511,119,628,457,280
20220418,서울특별시,11,광진구,11215,광주광역시,29,67,174,13,123,262,31,198,57,374,267,152
20220418,서울특별시,11,광진구,11215,대전광역시,30,60,178,15,117,293,41,193,44,351,256,113
20220418,서울특별시,11,광진구,11215,울산광역시,31,38,135,10,75,148,30,155,37,199,165,87
20220418,서울특별시,11,광진구,11215,세종특별자치시,36,12,58,9,31,67,15,44,13,112,80,32
20220418,서울특별시,11,광진구,11215,경기도,41,553,1936,213,1273,2586,432,2281,487,3544,2372,1295
20220418,서울특별시,11,광진구,11215,강원도,42,76,215,18,145,262,54,248,53,282,278,140
20220418,서울특별시,11,광진구,11215,충청북도,43,91,199,18,134,241,52,251,48,330,234,145
20220418,서울특별시,11,광진구,11215,충청남도,44,117,271,31,189,386,70,321,80,444,351,195
20220418,서울특별시,11,광진구,11215,전라북도,45,90,182,28,140,257,42,224,40,348,243,196
20220418,서울특별시,11,광진구,11215,전라남도,46,82,207,8,135,287,46,256,49,271,231,160
20220418,서울특별시,11,광진구,11215,경상북도,47,118,297,22,190,394,77,380,79,432,379,209
20220418,서울특별시,11,광진구,11215,경상남도,48,133,370,21,260,538,68,475,100,505,437,316
20220418,서울특별시,11,광진구,11215,제주특별자치도,50,17,36,6,23,66,9,113,13,103,43,34
20220418,서울특별시,11,양천구,11470,제주특별자치도,50,3,32,3,31,40,7,22,0,38,18,9
20220418,서울특별시,11,양천구,11470,경상남도,48,48,275,37,162,315,47,343,21,185,140,124
20220418,서울특별시,11,양천구,11470,경상북도,47,30,203,24,135,280,37,293,25,137,112,109
20220418,서울특별시,11,양천구,11470,전라남도,46,23,115,15,81,181,27,180,13,89,62,80
20220418,서울특별시,11,양천구,11470,전라북도,45,19,122,17,79,177,27,176,5,137,78,87
20220418,서울특별시,11,양천구,11470,충청남도,44,31,180,40,157,276,47,244,22,161,98,102
20220418,서울특별시,11,양천구,11470,충청북도,43,39,117,13,118,195,36,175,18,124,72,70
20220418,서울특별시,11,양천구,11470,강원도,42,30,126,23,75,200,30,165,16,113,60,67
20220418,서울특별시,11,양천구,11470,경기도,41,209,1323,233,826,1839,289,1569,83,1627,766,669
20220418,서울특별시,11,양천구,11470,세종특별자치시,36,10,31,3,21,44,7,49,5,29,21,17
20220418,서울특별시,11,양천구,11470,울산광역시,31,16,83,12,48,129,23,110,0,62,47,39
20220418,서울특별시,11,양천구,11470,대전광역시,30,32,128,9,75,165,27,168,23,107,66,71
20220418,서울특별시,11,양천구,11470,광주광역시,29,18,118,21,75,160,25,129,10,105,80,92
20220418,서울특별시,11,양천구,11470,인천광역시,28,42,231,45,151,370,53,317,19,200,143,164
20220418,서울특별시,11,양천구,11470,대구광역시,27,38,206,16,133,281,33,211,9,157,113,117
20220418,서울특별시,11,양천구,11470,부산광역시,26,53,259,39,148,363,59,307,13,214,161,169
20220418,서울특별시,11,양천구,11470,서울특별시,11,173,1079,208,686,1369,162,1132,46,1109,503,551
20220418,서울특별시,11,동작구,11590,서울특별시,11,383,1003,559,505,1955,135,734,172,1283,894,881
20220418,서울특별시,11,동작구,11590,부산광역시,26,103,227,101,122,620,30,195,47,263,206,267
20220418,서울특별시,11,동작구,11590,대구광역시,27,70,131,84,95,391,31,94,36,230,127,167
20220418,서울특별시,11,동작구,11590,인천광역시,28,94,237,80,132,543,27,172,57,275,194,253
20220418,서울특별시,11,동작구,11590,광주광역시,29,30,112,63,64,270,19,67,28,155,83,114
20220418,서울특별시,11,동작구,11590,대전광역시,30,55,125,68,61,284,21,76,25,143,97,107
20220418,서울특별시,11,동작구,11590,울산광역시,31,34,75,38,42,185,11,66,28,92,69,74
20220418,서울특별시,11,동작구,11590,세종특별자치시,36,17,23,22,21,104,3,25,11,46,32,27
20220418,서울특별시,11,동작구,11590,경기도,41,482,1275,567,678,2979,209,898,325,1884,1082,1172
20220418,서울특별시,11,동작구,11590,강원도,42,43,137,55,55,330,18,156,50,140,88,106
20220418,서울특별시,11,동작구,11590,충청북도,43,50,122,97,74,296,20,123,29,162,98,110
20220418,서울특별시,11,동작구,11590,충청남도,44,46,180,77,93,449,33,150,63,186,129,143
20220418,서울특별시,11,동작구,11590,전라북도,45,46,118,56,66,275,18,90,41,164,105,124
20220418,서울특별시,11,동작구,11590,전라남도,46,42,100,49,58,321,12,117,53,138,61,132
20220418,서울특별시,11,동작구,11590,경상북도,47,66,160,85,82,442,32,193,73,209,117,201
20220418,서울특별시,11,동작구,11590,경상남도,48,100,235,86,97,587,35,191,86,279,159,233
20220418,서울특별시,11,동작구,11590,제주특별자치도,50,10,38,14,20,67,3,21,10,39,18,9
20220418,서울특별시,11,서초구,11650,제주특별자치도,50,15,99,36,26,60,4,40,3,75,27,25
20220418,서울특별시,11,서초구,11650,경상남도,48,74,396,185,167,447,52,377,82,403,139,252
20220418,서울특별시,11,서초구,11650,경상북도,47,51,319,153,137,311,45,299,44,276,110,166
20220418,서울특별시,11,서초구,11650,전라남도,46,29,188,112,113,233,23,194,32,214,61,150
20220418,서울특별시,11,서초구,11650,전라북도,45,49,231,133,70,199,37,166,46,201,85,149
20220418,서울특별시,11,서초구,11650,충청남도,44,69,321,163,117,314,35,268,54,273,118,192
20220418,서울특별시,11,서초구,11650,충청북도,43,41,243,101,109,241,27,217,26,254,89,129
20220418,서울특별시,11,서초구,11650,강원도,42,43,213,108,88,240,28,199,34,186,58,131
20220418,서울특별시,11,서초구,11650,경기도,41,489,2850,1388,986,2347,278,1881,410,2972,979,1353
20220418,서울특별시,11,서초구,11650,세종특별자치시,36,16,62,44,28,76,9,60,16,55,30,40
20220418,서울특별시,11,서초구,11650,울산광역시,31,26,138,96,55,137,20,128,29,127,66,95
20220418,서울특별시,11,서초구,11650,대전광역시,30,43,264,123,74,231,25,179,45,244,74,126
20220418,서울특별시,11,서초구,11650,광주광역시,29,28,205,162,95,223,23,201,42,249,108,141
20220418,서울특별시,11,서초구,11650,인천광역시,28,74,475,247,188,451,41,396,59,404,166,269
20220418,서울특별시,11,서초구,11650,대구광역시,27,46,375,185,116,336,43,265,67,319,133,201
20220418,서울특별시,11,서초구,11650,부산광역시,26,97,508,289,201,418,37,430,74,444,183,279
20220418,서울특별시,11,서초구,11650,서울특별시,11,478,2583,984,834,1775,239,1555,245,2174,771,1162
20220418,서울특별시,11,금천구,11545,서울특별시,11,880,1978,862,2424,2488,1058,2594,281,3471,1716,3146
20220418,서울특별시,11,금천구,11545,부산광역시,26,235,440,104,626,634,386,695,87,822,487,798
20220418,서울특별시,11,금천구,11545,대구광역시,27,171,366,71,460,462,248,436,70,684,345,631
20220418,서울특별시,11,금천구,11545,인천광역시,28,216,545,119,596,593,194,685,96,888,457,744
20220418,서울특별시,11,금천구,11545,광주광역시,29,118,234,37,301,293,103,315,43,550,247,376
20220418,서울특별시,11,금천구,11545,대전광역시,30,138,238,59,339,293,104,349,49,464,218,391
20220418,서울특별시,11,금천구,11545,울산광역시,31,70,154,25,192,220,71,186,28,313,159,249
20220418,서울특별시,11,금천구,11545,세종특별자치시,36,35,78,13,94,98,49,94,14,133,87,89
20220418,서울특별시,11,금천구,11545,경기도,41,1211,2441,716,3219,3356,1449,2992,460,4676,2459,3689
20220418,서울특별시,11,금천구,11545,강원도,42,167,252,54,344,370,109,308,46,447,251,363
20220418,서울특별시,11,금천구,11545,충청북도,43,142,291,65,405,344,137,383,60,500,260,362
20220418,서울특별시,11,금천구,11545,충청남도,44,186,330,84,466,437,185,492,66,613,396,467
20220418,서울특별시,11,금천구,11545,전라북도,45,130,219,103,342,304,86,292,49,503,265,360
20220418,서울특별시,11,금천구,11545,전라남도,46,144,228,50,348,328,167,283,44,481,246,387
20220418,서울특별시,11,금천구,11545,경상북도,47,205,334,104,523,504,179,463,65,657,363,522
20220418,서울특별시,11,금천구,11545,경상남도,48,216,507,106,615,552,253,600,80,903,430,766
20220418,서울특별시,11,금천구,11545,제주특별자치도,50,46,60,23,83,78,53,73,14,143,78,95
20220418,서울특별시,11,은평구,11380,서울특별시,11,107,679,197,392,1608,434,1522,96,910,539,1413
20220418,서울특별시,11,은평구,11380,부산광역시,26,41,180,38,124,461,149,456,28,215,159,466
20220418,서울특별시,11,구로구,11530,제주특별자치도,50,7,77,11,58,104,27,40,7,92,27,23
20220418,서울특별시,11,구로구,11530,경상남도,48,54,406,69,300,577,99,260,57,573,154,263
20220418,서울특별시,11,구로구,11530,경상북도,47,50,355,60,261,431,78,199,45,410,100,188
20220418,서울특별시,11,구로구,11530,전라남도,46,30,227,40,157,293,64,126,31,328,64,125
20220418,서울특별시,11,구로구,11530,전라북도,45,27,251,50,182,279,63,128,33,323,61,133
20220418,서울특별시,11,구로구,11530,충청남도,44,45,350,66,267,454,110,190,42,405,97,190
20220418,서울특별시,11,구로구,11530,충청북도,43,31,239,39,210,361,58,123,27,320,74,121
20220418,서울특별시,11,구로구,11530,강원도,42,22,269,30,153,344,54,132,24,299,76,129
20220418,서울특별시,11,구로구,11530,경기도,41,256,2625,413,1618,3499,517,1217,257,3303,755,1301
20220418,서울특별시,11,구로구,11530,세종특별자치시,36,12,70,15,44,115,16,33,13,98,23,30
20220418,서울특별시,11,구로구,11530,울산광역시,31,16,138,26,94,161,34,81,22,212,47,104
20220418,서울특별시,11,구로구,11530,대전광역시,30,26,282,32,149,302,57,114,33,311,77,119
20220418,서울특별시,11,구로구,11530,광주광역시,29,30,213,32,137,274,41,99,27,343,68,133
20220418,서울특별시,11,구로구,11530,인천광역시,28,66,502,85,296,687,96,285,43,612,155,285
20220418,서울특별시,11,구로구,11530,대구광역시,27,33,397,52,187,422,70,181,43,423,106,215
20220418,서울특별시,11,구로구,11530,부산광역시,26,59,477,98,288,563,96,310,57,565,159,287
20220418,서울특별시,11,구로구,11530,서울특별시,11,217,2064,339,1084,2504,271,901,174,2238,588,982
20220418,서울특별시,11,도봉구,11320,제주특별자치도,50,10,26,0,25,53,6,58,9,154,25,30
20220418,서울특별시,11,도봉구,11320,경상남도,48,78,255,15,292,327,96,402,56,1191,296,265
20220418,서울특별시,11,도봉구,11320,경상북도,47,55,175,12,231,254,80,339,46,843,243,185
20220418,서울특별시,11,도봉구,11320,전라남도,46,33,111,8,170,195,53,166,37,622,161,124
20220418,서울특별시,11,도봉구,11320,전라북도,45,22,118,8,163,164,46,174,39,717,151,112
20220418,서울특별시,11,도봉구,11320,충청남도,44,65,159,12,243,250,62,232,59,886,222,170
20220418,서울특별시,11,도봉구,11320,충청북도,43,47,118,7,148,209,56,188,128,681,142,137
20220418,서울특별시,11,도봉구,11320,강원도,42,47,120,7,177,180,61,191,22,640,158,94
20220418,서울특별시,11,도봉구,11320,경기도,41,395,1183,103,1522,1657,452,1900,325,6524,1481,1138
20220418,서울특별시,11,도봉구,11320,세종특별자치시,36,13,24,3,41,59,14,49,11,164,52,26
20220418,서울특별시,11,도봉구,11320,울산광역시,31,18,70,4,78,106,38,135,23,375,109,79
20220418,서울특별시,11,도봉구,11320,대전광역시,30,36,110,8,148,160,47,172,41,622,140,118
20220418,서울특별시,11,도봉구,11320,광주광역시,29,14,99,5,146,140,41,187,27,701,150,138
20220418,서울특별시,11,도봉구,11320,인천광역시,28,64,206,24,273,292,69,381,74,1279,265,275
20220418,서울특별시,11,도봉구,11320,대구광역시,27,36,140,18,206,318,50,361,67,870,200,195
20220418,서울특별시,11,도봉구,11320,부산광역시,26,71,209,16,258,314,100,454,81,1216,260,255
20220418,서울특별시,11,도봉구,11320,서울특별시,11,207,845,121,1027,1117,335,1399,202,4310,920,726
20220418,서울특별시,11,성북구,11290,서울특별시,11,509,2964,309,758,2833,361,2304,874,9411,3279,1367
20220418,서울특별시,11,성북구,11290,부산광역시,26,159,757,88,215,841,118,773,286,2540,883,309
20220418,서울특별시,11,성북구,11290,대구광역시,27,135,558,51,149,586,85,499,178,1876,559,244
20220418,서울특별시,11,성북구,11290,인천광역시,28,155,690,68,211,953,89,610,272,2683,870,313
20220418,서울특별시,11,성북구,11290,광주광역시,29,68,349,37,111,443,48,319,119,1418,429,139
20220418,서울특별시,11,성북구,11290,대전광역시,30,65,347,24,99,409,49,318,119,1283,423,140
20220418,서울특별시,11,성북구,11290,울산광역시,31,50,250,26,82,292,33,233,98,784,267,120
20220418,서울특별시,11,성북구,11290,세종특별자치시,36,15,98,9,32,128,12,92,44,348,107,38
20220418,서울특별시,11,성북구,11290,경기도,41,738,3721,326,1071,4097,538,3111,1405,12851,3968,1561
20220418,서울특별시,11,성북구,11290,강원도,42,71,368,39,113,432,59,333,131,1255,358,168
20220418,서울특별시,11,성북구,11290,충청북도,43,75,355,39,121,437,38,356,110,1372,399,174
20220418,서울특별시,11,성북구,11290,충청남도,44,104,520,64,175,704,73,453,177,1862,594,234
20220418,서울특별시,11,성북구,11290,전라북도,45,57,385,39,148,496,51,329,154,1395,410,149
20220418,서울특별시,11,성북구,11290,전라남도,46,71,314,29,114,508,52,351,132,1229,393,141
20220418,서울특별시,11,성북구,11290,경상북도,47,86,553,48,201,725,91,522,236,1768,590,257
20220418,서울특별시,11,성북구,11290,경상남도,48,148,716,91,243,928,115,656,289,2335,747,353
20220418,서울특별시,11,성북구,11290,제주특별자치도,50,24,116,21,37,107,8,61,42,435,120,38
20220418,서울특별시,11,동대문구,11230,서울특별시,11,589,2116,221,693,2087,219,2430,148,6064,995,861
20220418,서울특별시,11,동대문구,11230,부산광역시,26,150,585,43,186,690,52,794,43,1568,329,260
20220418,서울특별시,11,동대문구,11230,대구광역시,27,111,353,25,139,491,41,493,39,1179,186,168
20220418,서울특별시,11,동대문구,11230,인천광역시,28,144,570,45,188,722,43,754,43,1626,272,243
20220418,서울특별시,11,동대문구,11230,광주광역시,29,52,285,13,71,350,20,313,17,936,150,116
20220418,서울특별시,11,동대문구,11230,대전광역시,30,81,234,13,97,323,25,314,12,806,125,113
20220418,서울특별시,11,동대문구,11230,울산광역시,31,45,179,17,65,249,27,276,13,536,99,66
20220418,서울특별시,11,동대문구,11230,세종특별자치시,36,15,56,0,21,140,8,108,10,232,39,26
20220418,서울특별시,11,동대문구,11230,경기도,41,660,2805,239,1020,3406,326,3457,229,8122,1416,1142
20220418,서울특별시,11,동대문구,11230,강원도,42,91,279,25,114,413,30,356,24,710,117,110
20220418,서울특별시,11,동대문구,11230,충청북도,43,80,285,34,91,384,26,400,28,832,127,133
20220418,서울특별시,11,동대문구,11230,충청남도,44,98,378,44,143,539,45,534,32,1115,211,152
20220418,서울특별시,11,동대문구,11230,전라북도,45,60,256,26,87,359,21,398,16,862,160,95
20220418,서울특별시,11,동대문구,11230,전라남도,46,72,276,29,100,385,28,378,31,713,122,94
20220418,서울특별시,11,동대문구,11230,경상북도,47,114,427,40,156,606,46,595,37,1116,187,171
20220418,서울특별시,11,동대문구,11230,경상남도,48,102,569,53,206,733,59,757,46,1469,221,201
20220418,서울특별시,11,동대문구,11230,제주특별자치도,50,19,84,0,35,54,9,69,6,237,44,19
20220418,서울특별시,11,중랑구,11260,제주특별자치도,50,18,98,6,34,91,22,44,14,145,64,16
20220418,서울특별시,11,중랑구,11260,경상남도,48,92,478,88,237,821,202,520,128,892,312,229
20220418,서울특별시,11,중랑구,11260,경상북도,47,79,455,87,164,611,172,380,86,649,237,178
20220418,서울특별시,11,중랑구,11260,전라남도,46,41,249,38,116,495,112,245,80,436,133,94
20220418,서울특별시,11,중랑구,11260,전라북도,45,52,285,43,132,439,111,238,59,463,178,122
20220418,서울특별시,11,중랑구,11260,충청남도,44,68,441,64,188,575,138,350,79,672,210,141
20220418,서울특별시,11,중랑구,11260,충청북도,43,62,271,48,118,468,91,251,68,487,153,91
20220418,서울특별시,11,중랑구,11260,강원도,42,46,341,38,137,443,113,272,66,412,188,95
20220418,서울특별시,11,중랑구,11260,경기도,41,477,3051,426,1144,3998,958,2366,588,4610,1610,1195
20220418,서울특별시,11,중랑구,11260,세종특별자치시,36,10,76,13,34,112,24,58,14,117,52,25
20220418,서울특별시,11,중랑구,11260,울산광역시,31,26,227,23,75,287,72,178,35,269,118,70
20220418,서울특별시,11,중랑구,11260,대전광역시,30,44,314,37,121,411,96,213,59,475,156,97
20220418,서울특별시,11,중랑구,11260,광주광역시,29,32,283,47,113,369,88,206,52,538,159,119
20220418,서울특별시,11,중랑구,11260,인천광역시,28,104,663,94,265,872,165,482,131,926,352,267
20220418,서울특별시,11,중랑구,11260,대구광역시,27,64,418,79,178,534,151,323,88,679,237,145
20220418,서울특별시,11,중랑구,11260,부산광역시,26,82,532,88,258,825,193,574,119,924,297,275
20220418,서울특별시,11,중랑구,11260,서울특별시,11,344,2534,299,891,2537,658,1991,396,3349,1239,804
20220418,서울특별시,11,용산구,11170,서울특별시,11,208,1996,377,10767,1476,371,1141,170,1788,961,746
20220418,서울특별시,11,용산구,11170,부산광역시,26,42,441,49,2510,415,83,337,59,327,212,230
20220418,서울특별시,11,용산구,11170,대구광역시,27,25,333,30,1803,293,54,262,46,265,142,146
20220418,서울특별시,11,용산구,11170,인천광역시,28,45,502,44,2677,355,101,292,46,300,184,195
20220418,서울특별시,11,용산구,11170,광주광역시,29,14,225,18,1088,167,55,137,32,162,99,87
20220418,서울특별시,11,용산구,11170,대전광역시,30,23,273,28,1409,139,29,127,26,145,107,79
20220418,서울특별시,11,용산구,11170,울산광역시,31,14,147,11,813,117,18,91,23,88,59,71
20220418,서울특별시,11,용산구,11170,세종특별자치시,36,4,66,8,350,42,18,30,8,41,28,25
20220418,서울특별시,11,용산구,11170,경기도,41,247,2624,275,13915,1965,400,1344,274,1894,1017,941
20220419,서울특별시,11,동대문구,11230,제주특별자치도,50,24,61,0,20,48,3,33,11,162,40,0
20220419,서울특별시,11,중랑구,11260,부산광역시,26,66,507,32,143,367,116,313,77,568,236,100
20220419,서울특별시,11,중랑구,11260,대구광역시,27,52,324,28,111,219,93,186,61,442,195,94
20220419,서울특별시,11,중랑구,11260,인천광역시,28,70,597,39,133,317,120,255,70,610,230,137
20220419,서울특별시,11,중랑구,11260,광주광역시,29,44,207,27,70,189,50,124,38,326,116,61
20220419,서울특별시,11,중랑구,11260,대전광역시,30,41,306,14,76,135,55,130,50,308,105,49
20220419,서울특별시,11,중랑구,11260,울산광역시,31,23,192,11,40,98,47,114,37,176,77,40
20220419,서울특별시,11,중랑구,11260,세종특별자치시,36,9,56,7,21,60,23,35,13,75,33,15
20220419,서울특별시,11,중랑구,11260,경기도,41,350,2551,241,660,1823,604,1317,414,3222,1203,689
20220419,서울특별시,11,중랑구,11260,강원도,42,36,374,21,80,190,61,140,34,258,127,71
20220419,서울특별시,11,중랑구,11260,충청북도,43,47,203,19,83,178,78,156,34,307,103,65
20220419,서울특별시,11,중랑구,11260,충청남도,44,64,321,31,131,246,99,179,54,372,146,81
20220419,서울특별시,11,중랑구,11260,전라북도,45,31,194,17,73,162,60,124,48,304,118,53
20220419,서울특별시,11,중랑구,11260,전라남도,46,35,192,26,75,201,46,88,53,268,107,47
20220419,서울특별시,11,강서구,11500,전라북도,45,54,186,59,135,308,76,388,42,613,186,256
20220419,서울특별시,11,강서구,11500,전라남도,46,57,201,50,152,364,87,385,34,852,235,353
20220419,서울특별시,11,강서구,11500,경상북도,47,75,364,79,232,505,113,582,83,1032,334,472
20220419,서울특별시,11,중랑구,11260,경상북도,47,58,357,28,107,260,104,236,63,407,144,101
20220419,서울특별시,11,중랑구,11260,경상남도,48,80,456,37,136,367,115,269,82,510,209,127
20220419,서울특별시,11,중랑구,11260,제주특별자치도,50,13,57,0,20,49,13,35,12,77,26,11
20220419,서울특별시,11,용산구,11170,충청남도,44,16,232,36,1154,135,19,100,22,155,59,46
20220419,서울특별시,11,용산구,11170,전라북도,45,10,139,39,720,91,14,59,16,117,61,27
20220419,서울특별시,11,용산구,11170,전라남도,46,12,131,44,689,127,9,79,17,119,46,37
20220419,서울특별시,11,용산구,11170,경상북도,47,17,213,46,1029,147,33,124,33,153,61,47
20220419,서울특별시,11,용산구,11170,경상남도,48,20,286,56,1241,211,25,148,46,209,99,78
20220419,서울특별시,11,용산구,11170,제주특별자치도,50,0,40,11,212,24,6,18,5,55,26,6
20220419,서울특별시,11,노원구,11350,제주특별자치도,50,4,16,0,6,19,16,20,6,39,11,0
20220419,서울특별시,11,노원구,11350,경상남도,48,33,137,12,54,257,70,340,57,282,79,40
20220419,서울특별시,11,노원구,11350,경상북도,47,21,94,14,53,196,49,200,50,219,44,38
20220419,서울특별시,11,노원구,11350,전라남도,46,25,80,0,28,153,60,103,39,141,32,21
20220419,서울특별시,11,노원구,11350,전라북도,45,22,58,5,24,127,41,109,34,152,28,27
20220419,서울특별시,11,노원구,11350,충청남도,44,28,80,21,56,187,35,334,49,196,41,42
20220419,서울특별시,11,노원구,11350,충청북도,43,21,65,8,39,124,45,110,37,171,37,21
20220419,서울특별시,11,노원구,11350,강원도,42,23,70,9,21,138,46,112,30,169,41,25
20220419,서울특별시,11,노원구,11350,경기도,41,203,833,126,367,1350,322,1459,349,2117,435,232
20220419,서울특별시,11,노원구,11350,세종특별자치시,36,6,26,4,6,34,12,54,20,27,8,5
20220419,서울특별시,11,노원구,11350,울산광역시,31,9,53,6,22,73,20,96,19,90,19,13
20220419,서울특별시,11,노원구,11350,대전광역시,30,14,65,10,29,107,38,153,39,127,32,15
20220419,서울특별시,11,노원구,11350,광주광역시,29,11,68,4,21,110,40,111,38,134,31,23
20220419,서울특별시,11,노원구,11350,인천광역시,28,40,137,15,71,245,46,275,61,283,70,32
20220419,서울특별시,11,노원구,11350,대구광역시,27,34,91,15,37,198,53,222,34,222,50,35
20220419,서울특별시,11,노원구,11350,부산광역시,26,31,139,16,71,256,50,329,58,283,81,47
20220419,서울특별시,11,노원구,11350,서울특별시,11,115,644,106,255,1003,199,971,200,1288,328,156
20220419,서울특별시,11,관악구,11620,제주특별자치도,50,5,11,5,20,22,0,15,0,29,17,24
20220419,서울특별시,11,관악구,11620,경상남도,48,27,117,42,50,128,18,54,27,138,226,191
20220419,서울특별시,11,관악구,11620,경상북도,47,11,93,27,46,106,15,68,20,127,146,150
20220419,서울특별시,11,관악구,11620,전라남도,46,7,73,10,20,62,7,33,15,62,110,99
20220419,서울특별시,11,관악구,11620,전라북도,45,9,51,23,48,68,9,23,10,88,113,109
20220419,서울특별시,11,관악구,11620,충청남도,44,19,78,26,33,90,17,57,21,90,159,142
20220419,서울특별시,11,관악구,11620,충청북도,43,7,81,13,31,74,11,33,17,123,101,124
20220419,서울특별시,11,관악구,11620,강원도,42,11,58,23,27,74,12,45,14,89,98,92
20220419,서울특별시,11,관악구,11620,경기도,41,126,762,266,326,704,112,335,150,1322,1054,1065
20220419,서울특별시,11,관악구,11620,세종특별자치시,36,3,10,8,9,19,0,9,4,19,32,32
20220419,서울특별시,11,관악구,11620,울산광역시,31,8,32,13,20,46,11,28,8,47,74,87
20220419,서울특별시,11,관악구,11620,대전광역시,30,19,49,24,32,50,11,31,16,70,97,104
20220419,서울특별시,11,관악구,11620,광주광역시,29,16,73,19,26,56,7,38,14,93,109,82
20220419,서울특별시,11,관악구,11620,인천광역시,28,26,135,54,64,127,18,68,36,198,182,231
20220419,서울특별시,11,관악구,11620,대구광역시,27,27,66,39,44,80,15,47,22,97,143,174
20220419,서울특별시,11,관악구,11620,부산광역시,26,29,104,50,58,128,14,61,27,188,222,227
20220419,서울특별시,11,관악구,11620,서울특별시,11,83,657,348,270,457,71,296,93,855,732,823
20220419,서울특별시,11,성동구,11200,제주특별자치도,50,5,143,4,17,55,8,45,6,200,87,12
20220419,서울특별시,11,성동구,11200,경상남도,48,69,599,34,180,248,59,273,22,1049,378,110
20220419,서울특별시,11,성동구,11200,경상북도,47,65,481,33,121,189,45,223,18,751,255,86
20220419,서울특별시,11,성동구,11200,전라남도,46,39,283,12,60,123,21,93,18,488,190,51
20220419,서울특별시,11,성동구,11200,전라북도,45,38,352,16,66,131,19,97,7,596,202,56
20220419,서울특별시,11,성동구,11200,충청남도,44,52,534,22,115,194,42,131,27,752,263,66
20220419,서울특별시,11,성동구,11200,충청북도,43,44,344,12,94,170,36,91,12,521,181,45
20220419,서울특별시,11,성동구,11200,강원도,42,34,357,16,72,153,21,125,8,463,170,61
20220419,서울특별시,11,성동구,11200,경기도,41,359,4348,248,857,1471,297,1154,128,6046,1809,635
20220419,서울특별시,11,성동구,11200,세종특별자치시,36,11,87,6,31,33,16,25,8,170,44,20
20220419,서울특별시,11,성동구,11200,울산광역시,31,35,187,4,42,81,28,145,10,351,141,35
20220419,서울특별시,11,성동구,11200,대전광역시,30,40,384,15,78,127,29,86,14,578,184,45
20220419,서울특별시,11,성동구,11200,광주광역시,29,24,433,12,80,137,28,99,17,613,196,55
20220419,서울특별시,11,성동구,11200,인천광역시,28,73,843,32,176,301,58,187,22,1117,316,127
20220419,서울특별시,11,성동구,11200,대구광역시,27,46,491,33,114,220,60,255,15,798,286,84
20220419,서울특별시,11,성동구,11200,부산광역시,26,70,719,33,148,235,59,395,29,1188,426,135
20220419,서울특별시,11,성동구,11200,서울특별시,11,277,3996,329,742,997,292,1066,83,4977,1526,519
20220419,서울특별시,11,구로구,11530,제주특별자치도,50,5,38,8,19,54,9,20,4,102,18,25
20220419,서울특별시,11,구로구,11530,경상남도,48,37,299,34,166,310,78,165,34,550,110,172
20220419,서울특별시,11,구로구,11530,경상북도,47,36,205,32,115,243,59,133,34,420,72,128
20220419,서울특별시,11,구로구,11530,전라남도,46,30,138,24,99,198,27,77,18,291,39,59
20220419,서울특별시,11,구로구,11530,전라북도,45,24,173,25,99,160,23,72,23,346,65,78
20220419,서울특별시,11,구로구,11530,충청남도,44,33,214,28,139,207,55,101,19,421,84,104
20220419,서울특별시,11,구로구,11530,충청북도,43,29,135,22,108,188,40,71,19,344,43,66
20220419,서울특별시,11,구로구,11530,강원도,42,27,141,22,91,162,46,89,10,307,61,62
20220419,서울특별시,11,구로구,11530,경기도,41,273,1734,298,913,1851,339,718,150,3411,638,761
20220419,서울특별시,11,구로구,11530,세종특별자치시,36,10,58,9,27,46,7,13,4,102,17,20
20220419,서울특별시,11,구로구,11530,울산광역시,31,16,102,19,36,111,19,48,10,190,34,52
20220419,서울특별시,11,구로구,11530,대전광역시,30,20,168,21,96,168,27,62,13,287,50,57
20220419,서울특별시,11,구로구,11530,광주광역시,29,20,145,23,82,145,32,58,13,349,52,79
20220419,서울특별시,11,구로구,11530,인천광역시,28,49,331,45,203,345,54,180,29,618,139,194
20220419,서울특별시,11,구로구,11530,대구광역시,27,40,215,34,94,250,39,110,27,433,90,133
20220419,서울특별시,11,구로구,11530,부산광역시,26,37,303,53,155,331,66,168,29,616,124,179
20220419,서울특별시,11,구로구,11530,서울특별시,11,205,1495,231,621,1409,188,491,86,2306,475,594
20220419,서울특별시,11,은평구,11380,제주특별자치도,50,0,8,3,10,17,8,16,0,10,20,16
20220419,서울특별시,11,금천구,11545,제주특별자치도,50,21,64,5,78,58,49,49,28,293,117,107
20220419,서울특별시,11,금천구,11545,경상남도,48,153,277,33,369,438,323,535,177,1454,784,604
20220419,서울특별시,11,금천구,11545,경상북도,47,126,201,45,284,340,274,424,154,1074,654,475
20220419,서울특별시,11,금천구,11545,전라남도,46,61,181,14,229,232,173,262,99,859,388,314
20220419,서울특별시,11,금천구,11545,전라북도,45,78,136,32,201,244,99,303,101,867,423,367
20220419,서울특별시,11,금천구,11545,충청남도,44,107,202,26,289,333,199,431,120,1111,565,385
20220419,서울특별시,11,금천구,11545,충청북도,43,70,171,22,211,213,124,278,109,829,431,361
20220419,서울특별시,11,금천구,11545,강원도,42,78,140,26,223,229,139,372,109,751,436,293
20220419,서울특별시,11,금천구,11545,경기도,41,747,1614,756,1938,2314,1252,3239,1018,7659,4041,3744
20220419,서울특별시,11,금천구,11545,세종특별자치시,36,20,37,10,53,53,37,62,49,273,145,103
20220419,서울특별시,11,금천구,11545,울산광역시,31,41,84,11,112,139,105,190,77,590,295,265
20220419,서울특별시,11,금천구,11545,대전광역시,30,75,139,45,230,210,111,300,100,833,426,371
20220419,서울특별시,11,금천구,11545,광주광역시,29,63,151,20,155,207,175,372,117,899,453,407
20220419,서울특별시,11,금천구,11545,인천광역시,28,137,335,99,366,486,254,716,201,1500,825,768
20220419,서울특별시,11,금천구,11545,대구광역시,27,90,216,20,286,331,272,389,178,1200,598,590
20220419,서울특별시,11,금천구,11545,부산광역시,26,151,270,42,402,399,234,664,177,1373,799,791
20220419,서울특별시,11,금천구,11545,서울특별시,11,632,1411,664,1566,1791,951,2429,661,5468,3087,3417
20220419,서울특별시,11,강서구,11500,경상남도,48,94,412,107,290,542,187,735,68,1030,351,523
20220419,서울특별시,11,강서구,11500,제주특별자치도,50,18,76,29,39,62,24,67,11,113,41,72
20220419,서울특별시,11,송파구,11710,제주특별자치도,50,7,58,8,19,29,13,24,5,104,22,14
20220419,서울특별시,11,송파구,11710,경상남도,48,46,249,99,95,701,78,5955,134,567,205,211
20220419,서울특별시,11,송파구,11710,경상북도,47,34,193,57,71,523,69,4734,103,456,136,162
20220419,서울특별시,11,송파구,11710,전라남도,46,17,138,41,49,387,49,3143,47,290,92,113
20220419,서울특별시,11,송파구,11710,전라북도,45,13,154,36,62,357,42,3023,63,306,110,102
20220419,서울특별시,11,송파구,11710,충청남도,44,25,189,65,124,717,56,7417,106,460,149,220
20220419,서울특별시,11,송파구,11710,충청북도,43,19,145,19,68,575,44,5834,94,387,105,173
20220419,서울특별시,11,송파구,11710,강원도,42,31,129,39,61,411,44,3679,74,274,94,134
20220419,서울특별시,11,송파구,11710,경기도,41,183,1618,442,553,2126,386,9205,363,4020,1178,766
20220419,서울특별시,11,송파구,11710,세종특별자치시,36,13,40,18,19,274,21,3632,48,95,31,99
20220419,서울특별시,11,송파구,11710,울산광역시,31,19,78,22,35,143,29,910,21,163,53,58
20220419,서울특별시,11,송파구,11710,대전광역시,30,33,124,39,63,757,44,8337,92,359,122,250
20220419,서울특별시,11,송파구,11710,광주광역시,29,15,169,29,62,336,44,2937,59,312,107,97
20220419,서울특별시,11,송파구,11710,인천광역시,28,31,290,78,102,280,67,367,73,631,202,153
20220419,서울특별시,11,송파구,11710,대구광역시,27,67,223,43,101,783,57,8084,108,484,181,268
20220419,서울특별시,11,송파구,11710,부산광역시,26,34,271,64,109,470,83,3065,81,739,233,186
20220419,서울특별시,11,송파구,11710,서울특별시,11,92,1631,345,440,5912,284,1502,150,3068,992,543
20220419,서울특별시,11,성북구,11290,제주특별자치도,50,9,54,24,23,57,9,36,15,340,75,27
20220419,서울특별시,11,성북구,11290,경상남도,48,116,472,59,123,545,110,331,145,1897,515,194
20220419,서울특별시,11,성북구,11290,경상북도,47,66,302,51,95,399,94,225,113,1510,395,133
20220419,서울특별시,11,성북구,11290,전라남도,46,35,245,24,70,301,46,213,65,947,294,95
20220419,서울특별시,11,성북구,11290,전라북도,45,35,259,30,70,285,67,144,58,1096,270,91
20220419,서울특별시,11,성북구,11290,충청남도,44,66,271,49,100,421,55,258,100,1412,381,121
20220419,서울특별시,11,성북구,11290,충청북도,43,60,240,43,71,309,39,169,87,1008,250,120
20220419,서울특별시,11,성북구,11290,강원도,42,44,226,32,71,261,43,196,78,1025,269,89
20220419,서울특별시,11,성북구,11290,경기도,41,427,2482,278,755,2702,451,1838,668,10615,2883,934
20220419,서울특별시,11,성북구,11290,세종특별자치시,36,9,54,9,19,69,17,57,26,252,66,22
20220419,서울특별시,11,성북구,11290,울산광역시,31,27,152,24,34,177,38,138,53,690,164,59
20220419,서울특별시,11,성북구,11290,대전광역시,30,38,217,31,64,239,47,162,64,1006,282,87
20220419,서울특별시,11,성북구,11290,광주광역시,29,44,214,32,46,236,51,136,79,1132,280,94
20220419,서울특별시,11,성북구,11290,인천광역시,28,86,470,44,155,522,107,371,135,2298,561,184
20220419,서울특별시,11,성북구,11290,대구광역시,27,58,315,30,93,362,90,248,94,1477,422,147
20220419,서울특별시,11,은평구,11380,경상남도,48,15,74,18,43,174,62,150,23,154,109,184
20220419,서울특별시,11,은평구,11380,경상북도,47,12,57,14,35,152,55,130,9,102,102,137
20220419,서울특별시,11,은평구,11380,전라남도,46,6,24,6,20,109,32,77,18,76,64,79
20220419,서울특별시,11,은평구,11380,전라북도,45,8,45,17,32,126,32,102,11,96,52,85
20220419,서울특별시,11,은평구,11380,충청남도,44,7,53,19,56,134,36,125,12,115,70,150
20220419,서울특별시,11,은평구,11380,충청북도,43,7,50,17,26,115,34,121,12,106,54,124
20220419,서울특별시,11,은평구,11380,강원도,42,13,32,9,34,89,29,107,15,61,76,83
20220419,서울특별시,11,은평구,11380,경기도,41,92,536,151,291,952,295,959,113,1274,559,851
20220419,서울특별시,11,은평구,11380,세종특별자치시,36,4,9,4,3,24,12,26,0,19,13,31
20220419,서울특별시,11,은평구,11380,울산광역시,31,5,23,8,15,43,22,40,3,47,26,62
20220419,서울특별시,11,은평구,11380,대전광역시,30,8,29,16,33,86,40,110,9,62,42,89
20220419,서울특별시,11,은평구,11380,광주광역시,29,5,39,5,21,76,27,73,8,78,53,82
20220419,서울특별시,11,은평구,11380,인천광역시,28,32,134,19,43,117,57,187,23,193,108,175
20220419,서울특별시,11,은평구,11380,대구광역시,27,19,58,16,37,116,49,120,9,109,55,122
20220419,서울특별시,11,은평구,11380,부산광역시,26,13,88,20,46,186,61,137,24,150,122,159
20220419,서울특별시,11,은평구,11380,서울특별시,11,90,519,101,198,634,170,708,50,651,352,630
20220419,서울특별시,11,양천구,11470,서울특별시,11,76,973,221,342,673,69,601,35,974,358,282
20220419,서울특별시,11,양천구,11470,부산광역시,26,23,223,29,95,189,35,155,8,192,106,77
20220419,서울특별시,11,양천구,11470,대구광역시,27,13,151,16,51,128,18,96,11,169,70,72
20220419,서울특별시,11,양천구,11470,인천광역시,28,26,266,32,80,212,30,154,24,228,96,90
20220419,서울특별시,11,양천구,11470,광주광역시,29,13,108,18,37,80,12,55,11,107,43,44
20220419,서울특별시,11,양천구,11470,대전광역시,30,17,115,18,56,93,15,55,0,116,32,37
20220419,서울특별시,11,양천구,11470,울산광역시,31,15,88,4,21,65,8,36,5,46,25,25
20220419,서울특별시,11,양천구,11470,세종특별자치시,36,0,31,8,11,15,3,11,0,26,19,8
20220419,서울특별시,11,양천구,11470,경기도,41,131,1506,161,441,1029,115,724,55,1544,563,363
20220419,서울특별시,11,양천구,11470,강원도,42,17,125,12,49,83,19,69,4,101,42,39
20220419,서울특별시,11,양천구,11470,충청북도,43,12,109,7,35,91,19,79,5,135,53,34
20220419,서울특별시,11,양천구,11470,충청남도,44,24,139,35,81,126,25,119,15,141,75,43
20220419,서울특별시,11,양천구,11470,전라북도,45,8,116,5,42,90,14,74,8,139,48,31
20220419,서울특별시,11,양천구,11470,전라남도,46,11,107,12,50,88,11,79,10,96,57,34
20220419,서울특별시,11,양천구,11470,경상북도,47,14,168,17,66,151,21,121,11,129,71,57
20220419,서울특별시,11,양천구,11470,경상남도,48,18,193,14,85,176,24,179,8,182,81,90
20220419,서울특별시,11,양천구,11470,제주특별자치도,50,4,35,0,17,23,0,17,0,33,13,5
20220419,서울특별시,11,성북구,11290,부산광역시,26,98,439,39,114,497,109,326,140,2042,596,178
20220419,서울특별시,11,성북구,11290,서울특별시,11,278,1922,322,515,1594,279,1332,438,7509,2403,1116
20220419,서울특별시,11,강동구,11740,서울특별시,11,249,943,282,404,1059,157,1555,74,1286,492,221
20220419,서울특별시,11,강동구,11740,부산광역시,26,56,241,101,98,304,51,377,27,320,116,35
20220419,서울특별시,11,강동구,11740,대구광역시,27,40,144,105,58,190,28,243,20,184,63,23
20220419,서울특별시,11,강동구,11740,인천광역시,28,53,183,83,79,323,34,313,32,300,89,51
20220419,서울특별시,11,강동구,11740,광주광역시,29,32,90,55,41,133,18,110,18,146,31,14
20220419,서울특별시,11,종로구,11110,서울특별시,11,218,1394,274,370,744,89,488,141,2972,861,246
20220419,서울특별시,11,종로구,11110,부산광역시,26,51,299,28,71,174,22,97,48,882,257,79
20220419,서울특별시,11,종로구,11110,대구광역시,27,34,183,37,59,123,17,71,41,658,172,53
20220419,서울특별시,11,종로구,11110,인천광역시,28,59,298,44,87,166,25,115,57,795,263,55
20220419,서울특별시,11,종로구,11110,광주광역시,29,28,127,20,37,63,11,43,33,521,133,26
20220419,서울특별시,11,종로구,11110,대전광역시,30,26,138,17,43,84,14,37,24,400,140,40
20220419,서울특별시,11,종로구,11110,울산광역시,31,13,84,31,21,51,6,25,23,245,70,21
20220419,서울특별시,11,강동구,11740,제주특별자치도,50,7,22,6,12,33,4,65,0,33,13,3
20220419,서울특별시,11,강동구,11740,경상남도,48,49,187,63,76,261,59,338,17,212,68,35
20220419,서울특별시,11,강동구,11740,경상북도,47,39,136,50,66,199,23,265,18,156,55,21
20220419,서울특별시,11,종로구,11110,세종특별자치시,36,6,32,8,12,19,5,16,8,101,40,16
20220419,서울특별시,11,종로구,11110,경기도,41,249,1503,209,475,897,130,620,304,4031,1267,295
20220419,서울특별시,11,종로구,11110,강원도,42,39,155,19,50,82,15,66,59,378,141,39
20220419,서울특별시,11,강북구,11305,제주특별자치도,50,5,18,0,11,11,0,3,4,72,7,0
20220419,서울특별시,11,강북구,11305,경상남도,48,19,164,19,60,102,17,12,59,589,121,37
20220419,서울특별시,11,강북구,11305,경상북도,47,12,106,19,47,57,4,17,33,387,80,20
20220419,서울특별시,11,강북구,11305,전라남도,46,6,68,13,32,47,8,8,34,282,59,7
20220419,서울특별시,11,강북구,11305,전라북도,45,6,76,13,30,42,4,12,29,307,43,11
20220419,서울특별시,11,강북구,11305,충청남도,44,18,119,6,51,78,10,16,30,422,83,14
20220419,서울특별시,11,강북구,11305,충청북도,43,6,98,14,32,45,5,5,23,346,58,12
20220419,서울특별시,11,강북구,11305,강원도,42,4,89,15,29,53,6,10,28,311,49,15
20220419,서울특별시,11,강북구,11305,경기도,41,97,907,128,294,511,54,94,247,2928,515,173
20220419,서울특별시,11,강북구,11305,세종특별자치시,36,0,19,7,6,16,0,4,7,74,18,3
20220419,서울특별시,11,강북구,11305,울산광역시,31,0,46,6,25,34,5,8,15,160,37,13
20220419,서울특별시,11,강북구,11305,대전광역시,30,8,74,8,27,52,10,11,23,282,56,11
20220419,서울특별시,11,강북구,11305,광주광역시,29,8,70,17,23,50,7,8,26,302,45,11
20220419,서울특별시,11,강북구,11305,인천광역시,28,15,162,16,56,118,13,22,51,560,95,54
20220419,서울특별시,11,강북구,11305,대구광역시,27,9,113,13,39,72,7,8,40,399,60,22
20220419,서울특별시,11,강북구,11305,부산광역시,26,19,130,28,49,81,9,12,48,520,103,26
20220419,서울특별시,11,강북구,11305,서울특별시,11,67,669,118,235,415,39,92,124,1839,357,118
20220419,서울특별시,11,종로구,11110,충청북도,43,29,145,13,46,95,13,52,35,433,152,45
20220419,서울특별시,11,종로구,11110,충청남도,44,32,215,34,62,130,17,95,51,556,187,51
20220419,서울특별시,11,종로구,11110,전라북도,45,23,135,14,43,81,14,38,43,428,125,26
20220419,서울특별시,11,종로구,11110,전라남도,46,25,166,21,34,84,14,52,37,444,138,34
20220419,서울특별시,11,종로구,11110,경상북도,47,40,198,19,56,135,18,85,52,620,200,45
20220419,서울특별시,11,종로구,11110,경상남도,48,51,248,35,69,136,27,80,71,760,241,62
20220419,서울특별시,11,종로구,11110,제주특별자치도,50,6,60,12,11,23,4,20,7,157,43,10
20220419,서울특별시,11,광진구,11215,제주특별자치도,50,38,39,6,23,47,3,39,9,66,31,23
20220419,서울특별시,11,광진구,11215,경상남도,48,153,222,14,122,261,48,263,49,387,310,186
20220419,서울특별시,11,광진구,11215,경상북도,47,99,199,7,110,161,45,162,42,314,234,165
20220419,서울특별시,11,광진구,11215,전라남도,46,91,132,6,69,158,23,127,30,166,153,84
20220419,서울특별시,11,광진구,11215,전라북도,45,80,100,4,76,127,25,151,21,235,168,88
20220419,서울특별시,11,광진구,11215,충청남도,44,107,184,20,117,203,47,138,51,296,206,131
20220419,서울특별시,11,광진구,11215,충청북도,43,71,121,15,72,151,35,116,36,226,162,97
20220419,서울특별시,11,광진구,11215,강원도,42,93,106,15,77,144,35,134,22,233,157,77
20220419,서울특별시,11,광진구,11215,경기도,41,534,1313,161,810,1358,295,982,237,2462,1560,832
20220419,서울특별시,11,광진구,11215,세종특별자치시,36,13,45,0,16,40,0,12,11,61,52,16
20220419,서울특별시,11,광진구,11215,울산광역시,31,61,99,10,51,72,18,80,15,136,102,64
20220419,서울특별시,11,강동구,11740,전라남도,46,28,72,31,48,131,16,203,15,106,43,27
20220419,서울특별시,11,강동구,11740,전라북도,45,39,98,38,51,141,18,180,12,122,41,16
20220419,서울특별시,11,강동구,11740,충청남도,44,50,132,51,85,206,19,316,8,152,48,14
20220419,서울특별시,11,강동구,11740,충청북도,43,30,103,57,43,123,16,177,23,148,50,15
20220419,서울특별시,11,강동구,11740,강원도,42,23,85,28,54,152,24,201,12,79,45,21
20220419,서울특별시,11,강동구,11740,경기도,41,317,1092,341,463,1504,182,1625,114,1880,539,252
20220419,서울특별시,11,강동구,11740,세종특별자치시,36,4,25,14,9,31,4,58,0,36,10,5
20220419,서울특별시,11,강동구,11740,울산광역시,31,16,59,53,32,97,17,80,12,91,25,19
20220419,서울특별시,11,강동구,11740,대전광역시,30,26,85,42,54,136,21,132,10,112,51,18
20220419,서울특별시,11,마포구,11440,강원도,42,28,249,78,254,347,34,282,45,195,122,67
20220419,서울특별시,11,광진구,11215,대전광역시,30,59,122,10,90,119,28,101,24,210,135,101
20220419,서울특별시,11,광진구,11215,광주광역시,29,40,136,7,51,127,20,95,40,251,121,70
20220419,서울특별시,11,광진구,11215,인천광역시,28,114,273,21,141,237,47,202,44,428,304,195
20220419,서울특별시,11,광진구,11215,대구광역시,27,101,193,15,102,181,27,153,45,335,209,157
20220419,서울특별시,11,광진구,11215,부산광역시,26,123,303,19,150,253,49,258,35,459,288,276
20220419,서울특별시,11,광진구,11215,서울특별시,11,346,1146,162,645,978,188,763,129,1973,1150,601
20220419,서울특별시,11,중구,11140,제주특별자치도,50,12,66,15,14,74,10,31,9,216,64,10
20220419,서울특별시,11,중구,11140,경상남도,48,47,378,68,70,443,68,152,48,1074,388,41
20220419,서울특별시,11,중구,11140,경상북도,47,46,285,64,43,259,46,130,35,814,294,40
20220419,서울특별시,11,중구,11140,전라남도,46,34,220,62,54,179,31,71,22,559,166,22
20220419,서울특별시,11,중구,11140,전라북도,45,38,175,50,45,171,33,73,25,621,184,22
20220419,서울특별시,11,중구,11140,충청남도,44,65,267,64,59,315,43,120,21,820,242,36
20220419,서울특별시,11,중구,11140,충청북도,43,35,227,43,39,203,41,81,29,558,190,34
20220419,서울특별시,11,마포구,11440,충청북도,43,43,278,106,261,421,25,290,47,295,135,89
20220419,서울특별시,11,마포구,11440,충청남도,44,35,297,102,358,456,41,359,25,309,171,114
20220419,서울특별시,11,마포구,11440,전라북도,45,31,238,73,248,342,17,270,51,244,149,78
20220419,서울특별시,11,마포구,11440,전라남도,46,29,233,62,230,330,20,268,26,183,110,80
20220419,서울특별시,11,마포구,11440,경상북도,47,36,394,152,432,571,35,435,36,318,162,101
20220419,서울특별시,11,마포구,11440,경상남도,48,68,487,196,509,683,49,547,40,364,238,145
20220419,서울특별시,11,마포구,11440,제주특별자치도,50,7,87,46,63,65,5,42,29,80,47,18
20220419,서울특별시,11,중구,11140,강원도,42,35,194,60,55,187,35,80,33,463,180,21
20220419,서울특별시,11,중구,11140,경기도,41,437,2090,414,501,2015,314,1027,182,5741,1907,317
20220419,서울특별시,11,중구,11140,세종특별자치시,36,10,41,11,7,38,12,14,13,181,51,8
20220419,서울특별시,11,중구,11140,울산광역시,31,22,120,21,39,92,31,51,33,354,138,8
20220419,서울특별시,11,중구,11140,대전광역시,30,41,211,43,55,180,22,87,30,637,190,27
20220419,서울특별시,11,중구,11140,광주광역시,29,21,173,25,44,168,29,63,27,675,194,27
20220419,서울특별시,11,중구,11140,인천광역시,28,69,393,56,115,419,67,205,52,1152,413,84
20220419,서울특별시,11,중구,11140,대구광역시,27,50,291,43,56,274,45,105,41,919,295,48
20220419,서울특별시,11,중구,11140,부산광역시,26,80,430,81,131,424,62,184,38,1300,407,74
20220419,서울특별시,11,중구,11140,서울특별시,11,342,2017,456,388,1878,181,859,141,4855,1612,328
20220419,서울특별시,11,마포구,11440,서울특별시,11,289,2627,941,1660,2482,209,2223,108,2440,1189,703
20220419,서울특별시,11,마포구,11440,부산광역시,26,67,549,224,492,745,60,597,54,468,280,171
20220419,서울특별시,11,마포구,11440,대구광역시,27,44,351,181,345,457,47,423,43,347,188,94
20220419,서울특별시,11,마포구,11440,인천광역시,28,78,508,187,401,695,37,570,67,495,296,160
20220419,서울특별시,11,마포구,11440,광주광역시,29,26,220,100,221,299,24,270,23,240,121,106
20220419,서울특별시,11,마포구,11440,대전광역시,30,37,253,109,221,312,16,255,36,225,114,70
20220419,서울특별시,11,마포구,11440,울산광역시,31,22,153,62,147,195,23,178,20,124,110,59
20220419,서울특별시,11,마포구,11440,세종특별자치시,36,9,54,45,71,87,8,76,12,63,43,15
20220419,서울특별시,11,마포구,11440,경기도,41,339,2642,1091,2282,3554,274,2858,389,2824,1455,812
20220419,서울특별시,11,용산구,11170,서울특별시,11,113,2485,347,6877,2678,170,558,147,1466,683,300
20220419,서울특별시,11,용산구,11170,부산광역시,26,23,335,56,1424,229,25,156,40,297,132,63
20220419,서울특별시,11,용산구,11170,대구광역시,27,19,316,27,1037,138,25,157,27,234,75,54
20220419,서울특별시,11,용산구,11170,인천광역시,28,21,390,44,1594,205,32,148,46,245,113,92
20220419,서울특별시,11,용산구,11170,광주광역시,29,7,137,30,609,99,19,59,21,122,54,33
20220419,서울특별시,11,용산구,11170,대전광역시,30,11,273,25,821,112,21,77,22,123,66,29
20220419,서울특별시,11,용산구,11170,울산광역시,31,7,94,15,477,81,11,61,14,78,51,24
20220419,서울특별시,11,용산구,11170,세종특별자치시,36,0,71,10,191,31,4,13,10,33,16,6
20220419,서울특별시,11,용산구,11170,경기도,41,132,2324,270,7894,1666,205,730,241,1637,702,381
20220419,서울특별시,11,용산구,11170,강원도,42,11,204,51,635,103,24,70,14,82,44,29
20220419,서울특별시,11,용산구,11170,충청북도,43,7,227,21,823,100,26,63,24,129,55,37
20220419,서울특별시,11,서초구,11650,제주특별자치도,50,9,49,26,14,55,7,25,3,91,18,12
20220419,서울특별시,11,서초구,11650,경상남도,48,47,228,141,117,346,39,179,52,409,113,134
20220419,서울특별시,11,서초구,11650,경상북도,47,43,194,125,71,234,20,135,39,301,107,124
20220419,서울특별시,11,서초구,11650,전라남도,46,28,124,87,50,164,20,114,29,188,53,66
20220419,서울특별시,11,서초구,11650,전라북도,45,23,120,89,52,187,26,115,26,244,66,82
20220419,서울특별시,11,서초구,11650,충청남도,44,53,206,109,68,257,26,121,32,305,119,111
20220419,서울특별시,11,서초구,11650,충청북도,43,23,153,71,60,182,18,115,23,214,65,63
20220419,서울특별시,11,서초구,11650,강원도,42,22,138,74,56,174,15,99,21,233,65,77
20220419,서울특별시,11,서초구,11650,경기도,41,306,1756,1034,585,1938,188,1071,246,3159,913,819
20220419,서울특별시,11,서초구,11650,세종특별자치시,36,14,42,19,13,52,5,19,8,64,26,17
20220419,서울특별시,11,서초구,11650,울산광역시,31,13,72,51,35,133,36,60,12,131,48,41
20220419,서울특별시,11,서초구,11650,대전광역시,30,31,132,91,50,164,18,79,22,235,47,72
20220419,서울특별시,11,서초구,11650,광주광역시,29,18,136,83,47,147,24,116,28,208,84,68
20220419,서울특별시,11,서초구,11650,인천광역시,28,63,284,208,117,348,27,195,64,477,167,148
20220419,서울특별시,11,서초구,11650,대구광역시,27,44,255,102,56,232,39,154,29,369,92,123
20220419,서울특별시,11,서초구,11650,부산광역시,26,70,320,141,103,331,37,222,47,446,163,159
20220419,서울특별시,11,강서구,11500,서울특별시,11,370,1835,613,1193,1733,435,2347,261,2803,1121,1743
20220419,서울특별시,11,강서구,11500,부산광역시,26,98,451,192,287,563,137,730,69,740,328,462
20220419,서울특별시,11,강서구,11500,대구광역시,27,67,290,121,219,354,116,465,68,549,236,317
20220419,서울특별시,11,강서구,11500,인천광역시,28,97,479,122,258,490,105,656,84,835,294,471
20220419,서울특별시,11,강서구,11500,광주광역시,29,37,211,61,141,225,68,331,33,418,139,164
20220419,서울특별시,11,강서구,11500,대전광역시,30,39,206,58,192,231,54,311,36,351,147,199
20220419,서울특별시,11,강서구,11500,울산광역시,31,29,132,35,95,153,50,206,21,271,108,153
20220419,서울특별시,11,서초구,11650,서울특별시,11,272,1749,904,639,1384,148,1182,182,2332,697,736
20220419,서울특별시,11,강남구,11680,서울특별시,11,333,3442,881,983,1801,281,2371,734,8227,1957,1754
20220419,서울특별시,11,강남구,11680,부산광역시,26,75,628,201,197,439,89,609,200,2229,477,392
20220419,서울특별시,11,강남구,11680,대구광역시,27,55,414,175,138,350,63,359,151,1591,325,223
20220419,서울특별시,11,강남구,11680,인천광역시,28,80,625,183,221,474,45,590,211,2090,508,332
20220419,서울특별시,11,강남구,11680,광주광역시,29,37,269,86,83,173,28,284,92,1136,228,145
20220419,서울특별시,11,강남구,11680,대전광역시,30,40,248,84,99,227,17,321,99,1082,239,158
20220419,서울특별시,11,강남구,11680,울산광역시,31,27,173,68,100,112,33,149,64,628,152,82
20220419,서울특별시,11,강남구,11680,세종특별자치시,36,11,88,34,25,54,4,85,39,257,70,45
20220419,서울특별시,11,강남구,11680,경기도,41,420,3668,1198,1111,2477,309,2774,1347,11161,2430,1689
20220419,서울특별시,11,강남구,11680,강원도,42,52,309,68,98,259,40,319,80,950,207,135
20220419,서울특별시,11,강남구,11680,충청북도,43,42,264,60,125,214,32,301,98,1088,255,138
20220419,서울특별시,11,강남구,11680,충청남도,44,64,367,104,166,289,43,378,126,1458,282,184
20220419,서울특별시,11,강남구,11680,전라북도,45,49,259,74,83,194,30,306,87,1180,198,134
20220419,서울특별시,11,강남구,11680,전라남도,46,42,250,84,133,186,25,235,75,860,179,134
20220419,서울특별시,11,강남구,11680,경상북도,47,85,346,128,133,320,39,395,157,1436,299,225
20220419,서울특별시,11,강남구,11680,경상남도,48,70,515,158,195,417,54,534,210,1692,444,285
20220419,서울특별시,11,강남구,11680,제주특별자치도,50,11,87,16,29,58,21,85,49,282,62,37
20220419,서울특별시,11,강서구,11500,세종특별자치시,36,26,49,17,27,75,13,102,12,148,88,61
20220419,서울특별시,11,강서구,11500,경기도,41,565,2464,651,1419,2579,721,3165,426,4886,1750,2441
20220419,서울특별시,11,강서구,11500,강원도,42,49,212,57,175,332,73,441,60,882,300,360
20220419,서울특별시,11,강서구,11500,충청북도,43,60,219,57,153,352,81,407,44,862,255,344
20220419,서울특별시,11,강서구,11500,충청남도,44,74,303,91,232,455,97,487,72,986,317,402
20220419,서울특별시,11,동작구,11590,제주특별자치도,50,10,19,5,15,40,0,16,4,21,24,6
20220419,서울특별시,11,동작구,11590,경상남도,48,40,126,63,75,294,20,143,46,165,77,90
20220419,서울특별시,11,동작구,11590,경상북도,47,30,126,53,65,222,18,120,22,115,45,88
20220419,서울특별시,11,동작구,11590,전라남도,46,26,61,39,44,173,10,78,24,77,35,47
20220419,서울특별시,11,동작구,11590,전라북도,45,21,56,41,47,153,8,68,17,79,34,47
20220419,서울특별시,11,동작구,11590,충청남도,44,32,123,43,79,269,20,96,24,105,64,66
20220419,서울특별시,11,영등포구,11560,서울특별시,11,153,2284,1249,1009,1295,100,2966,141,1794,878,921
20220419,서울특별시,11,영등포구,11560,부산광역시,26,38,572,190,209,327,23,666,50,384,136,177
20220419,서울특별시,11,영등포구,11560,대구광역시,27,26,350,149,155,198,19,522,92,242,97,113
20220419,서울특별시,11,영등포구,11560,인천광역시,28,40,695,180,252,315,29,705,53,405,281,226
20220419,서울특별시,11,영등포구,11560,광주광역시,29,14,255,124,123,137,8,314,24,211,76,99
20220419,서울특별시,11,영등포구,11560,대전광역시,30,20,245,110,119,161,12,344,19,157,66,78
20220419,서울특별시,11,영등포구,11560,울산광역시,31,10,213,144,70,79,9,186,75,95,45,59
20220419,서울특별시,11,영등포구,11560,세종특별자치시,36,9,47,22,36,48,4,106,4,52,18,25
20220419,서울특별시,11,영등포구,11560,경기도,41,184,2967,1308,1241,1721,146,3521,293,2247,924,1008
20220419,서울특별시,11,영등포구,11560,강원도,42,13,243,148,136,156,12,307,18,142,67,74
20220419,서울특별시,11,영등포구,11560,충청북도,43,16,326,230,143,144,10,337,28,210,76,106
20220419,서울특별시,11,영등포구,11560,충청남도,44,26,447,151,205,228,18,455,25,242,80,131
20220419,서울특별시,11,영등포구,11560,전라북도,45,19,288,216,129,135,9,326,35,193,58,87
20220419,서울특별시,11,영등포구,11560,전라남도,46,20,310,293,135,154,8,329,59,159,62,97
20220419,서울특별시,11,영등포구,11560,경상북도,47,23,444,243,175,231,25,452,85,211,103,136
20220419,서울특별시,11,영등포구,11560,경상남도,48,35,614,325,239,264,21,596,41,257,107,171
20220419,서울특별시,11,영등포구,11560,제주특별자치도,50,5,70,78,26,33,0,63,13,78,24,14
20220419,서울특별시,11,동작구,11590,충청북도,43,29,77,42,47,150,13,65,23,99,38,41
20220419,서울특별시,11,동작구,11590,강원도,42,22,73,32,32,176,4,106,20,89,39,63
20220419,서울특별시,11,동작구,11590,경기도,41,266,800,390,451,1645,99,636,183,1479,447,481
20220419,서울특별시,11,동작구,11590,세종특별자치시,36,6,19,7,7,39,0,20,9,16,9,16
20220419,서울특별시,11,동작구,11590,울산광역시,31,17,33,25,27,97,4,41,18,44,25,33
20220419,서울특별시,11,동작구,11590,대전광역시,30,26,54,37,48,152,8,75,32,100,33,43
20220419,서울특별시,11,동작구,11590,광주광역시,29,22,62,29,50,168,7,39,19,89,38,43
20220419,서울특별시,11,동작구,11590,인천광역시,28,49,162,68,86,324,18,135,42,186,82,116
20220419,서울특별시,11,동작구,11590,대구광역시,27,37,81,61,62,212,12,88,16,142,50,69
20220419,서울특별시,11,동작구,11590,부산광역시,26,44,138,76,93,311,11,116,35,191,98,109
20220419,서울특별시,11,동작구,11590,서울특별시,11,321,752,392,340,1064,89,435,105,948,319,391
20220419,서울특별시,11,도봉구,11320,서울특별시,11,132,576,151,542,573,143,675,101,2028,423,480
20220419,서울특별시,11,도봉구,11320,부산광역시,26,40,115,3,134,185,36,196,37,546,146,178
20220419,서울특별시,11,도봉구,11320,대구광역시,27,28,73,4,105,119,30,137,31,396,100,124
20220419,서울특별시,11,도봉구,11320,인천광역시,28,33,132,10,146,154,38,166,41,613,127,160
20220419,서울특별시,11,도봉구,11320,광주광역시,29,13,64,11,64,51,21,83,19,293,82,77
20220419,서울특별시,11,도봉구,11320,대전광역시,30,13,70,4,80,89,24,87,14,256,61,74
20220419,서울특별시,11,도봉구,11320,울산광역시,31,8,30,4,49,45,23,62,14,184,46,56
20220419,서울특별시,11,도봉구,11320,세종특별자치시,36,6,11,5,25,20,10,16,6,72,22,16
20220419,서울특별시,11,도봉구,11320,경기도,41,170,751,95,744,862,217,872,196,3061,696,787
20220419,서울특별시,11,도봉구,11320,강원도,42,21,65,35,90,125,22,99,17,274,63,68
20220419,서울특별시,11,도봉구,11320,충청북도,43,25,77,6,77,88,33,93,26,293,78,80
20220419,서울특별시,11,도봉구,11320,충청남도,44,28,79,9,149,126,35,134,30,390,103,95
20220419,서울특별시,11,도봉구,11320,전라북도,45,16,58,4,77,86,21,104,19,272,68,81
20220419,서울특별시,11,도봉구,11320,전라남도,46,27,66,6,79,84,25,76,21,273,72,61
20220419,서울특별시,11,도봉구,11320,경상북도,47,33,95,5,112,115,34,148,39,400,130,98
20220419,서울특별시,11,도봉구,11320,경상남도,48,41,122,13,139,169,52,185,61,563,152,150
20220419,서울특별시,11,도봉구,11320,제주특별자치도,50,3,26,0,15,24,5,20,7,70,13,12
20220419,서울특별시,11,서대문구,11410,제주특별자치도,50,0,17,3,15,20,0,9,8,36,15,11
20220419,서울특별시,11,서대문구,11410,경상남도,48,7,141,25,60,184,10,180,221,231,72,56
20220419,서울특별시,11,서대문구,11410,경상북도,47,6,78,52,59,115,9,112,149,176,70,71
20220419,서울특별시,11,서대문구,11410,전라남도,46,0,57,20,23,101,5,89,74,110,36,20
20220419,서울특별시,11,서대문구,11410,전라북도,45,0,73,11,24,87,4,118,67,147,39,31
20220419,서울특별시,11,서대문구,11410,충청남도,44,0,94,21,52,124,7,116,122,165,60,26
20220419,서울특별시,11,서대문구,11410,충청북도,43,0,67,15,27,85,7,79,89,150,41,26
20220419,서울특별시,11,서대문구,11410,강원도,42,0,86,17,34,89,5,108,71,106,56,36
20220419,서울특별시,11,서대문구,11410,경기도,41,36,770,168,314,890,59,853,980,1731,526,303
20220419,서울특별시,11,서대문구,11410,세종특별자치시,36,0,15,17,5,32,3,16,36,38,20,3
20220419,서울특별시,11,서대문구,11410,울산광역시,31,0,30,9,17,47,0,66,84,77,22,12
20220419,서울특별시,11,서대문구,11410,대전광역시,30,0,53,9,25,84,0,77,84,115,45,44
20220419,서울특별시,11,서대문구,11410,광주광역시,29,0,68,14,25,83,7,63,87,126,40,21
20220419,서울특별시,11,서대문구,11410,인천광역시,28,6,140,17,62,180,6,181,151,278,100,51
20220419,서울특별시,11,서대문구,11410,대구광역시,27,3,103,23,37,125,9,105,166,185,67,29
20220419,서울특별시,11,서대문구,11410,부산광역시,26,10,132,24,60,177,7,181,236,236,105,214
20220419,서울특별시,11,서대문구,11410,서울특별시,11,39,829,221,321,854,34,732,627,1206,437,246
20220419,서울특별시,11,동대문구,11230,서울특별시,11,285,1346,234,380,1132,106,1125,205,4146,774,375
20220419,서울특별시,11,동대문구,11230,부산광역시,26,79,316,32,105,445,28,346,71,1047,187,123
20220419,서울특별시,11,동대문구,11230,대구광역시,27,53,224,18,92,255,15,214,55,793,153,66
20220419,서울특별시,11,동대문구,11230,인천광역시,28,59,366,34,104,384,31,310,99,1028,211,114
20220419,서울특별시,11,동대문구,11230,광주광역시,29,22,147,18,41,184,15,143,51,550,92,51
20220419,서울특별시,11,동대문구,11230,대전광역시,30,33,155,17,40,196,10,145,26,500,95,48
20220419,서울특별시,11,동대문구,11230,울산광역시,31,20,88,10,24,131,9,113,42,330,81,29
20220419,서울특별시,11,동대문구,11230,세종특별자치시,36,9,39,8,14,50,6,40,19,165,31,7
20220419,서울특별시,11,동대문구,11230,경기도,41,350,1728,255,555,1863,146,1654,441,5667,1001,515
20220419,서울특별시,11,동대문구,11230,강원도,42,51,145,33,58,213,21,173,45,459,81,39
20220419,서울특별시,11,동대문구,11230,충청북도,43,43,167,22,59,200,13,195,47,546,88,45
20220419,서울특별시,11,동대문구,11230,충청남도,44,61,227,47,62,288,27,250,78,737,118,56
20220419,서울특별시,11,동대문구,11230,전라북도,45,32,161,16,50,187,8,202,38,521,96,84
20220419,서울특별시,11,동대문구,11230,전라남도,46,24,189,19,54,190,21,177,38,518,88,46
20220419,서울특별시,11,동대문구,11230,경상북도,47,47,234,41,79,323,26,265,57,802,124,74
20220419,서울특별시,11,동대문구,11230,경상남도,48,62,313,26,95,385,39,360,77,1001,164,109
20220419,서울특별시,11,중랑구,11260,서울특별시,11,320,2271,165,593,1278,390,1121,229,2219,997,512
20220420,서울특별시,11,용산구,11170,충청남도,44,20,219,11,1124,136,23,127,18,141,63,44
20220420,서울특별시,11,용산구,11170,전라북도,45,9,120,22,688,93,14,89,7,126,43,43
20220420,서울특별시,11,용산구,11170,전라남도,46,16,135,21,685,89,16,102,17,81,42,20
20220420,서울특별시,11,용산구,11170,경상북도,47,9,230,29,1063,131,25,134,19,144,63,52
20220420,서울특별시,11,용산구,11170,경상남도,48,21,255,34,1297,159,32,177,27,191,97,58
20220420,서울특별시,11,용산구,11170,제주특별자치도,50,3,48,4,181,17,6,21,3,37,11,11
20220420,서울특별시,11,용산구,11170,서울특별시,11,97,1191,227,6337,1644,151,664,103,1216,567,228
20220420,서울특별시,11,용산구,11170,부산광역시,26,23,275,43,1406,204,47,182,28,264,121,79
20220420,서울특별시,11,용산구,11170,대구광역시,27,23,204,21,1001,93,25,134,22,165,82,59
20220420,서울특별시,11,용산구,11170,인천광역시,28,22,253,41,1426,200,28,180,28,216,130,72
20220420,서울특별시,11,강서구,11500,제주특별자치도,50,5,42,20,31,56,30,57,7,131,25,59
20220420,서울특별시,11,광진구,11215,서울특별시,11,378,1034,243,548,940,203,594,161,1699,1206,670
20220420,서울특별시,11,광진구,11215,부산광역시,26,122,260,23,154,246,54,187,42,427,343,226
20220420,서울특별시,11,광진구,11215,대구광역시,27,103,198,10,103,175,45,108,30,327,221,143
20220420,서울특별시,11,강서구,11500,전라북도,45,35,189,63,117,251,86,343,25,619,170,244
20220420,서울특별시,11,강서구,11500,충청남도,44,49,259,106,193,325,124,493,42,1016,253,371
20220420,서울특별시,11,강서구,11500,충청북도,43,46,200,65,142,257,94,351,25,969,218,304
20220420,서울특별시,11,동작구,11590,대구광역시,27,30,84,58,59,158,10,70,16,136,47,75
20220420,서울특별시,11,동작구,11590,인천광역시,28,47,128,73,69,327,14,124,42,182,59,94
20220420,서울특별시,11,동작구,11590,광주광역시,29,21,53,40,35,146,8,53,8,72,24,38
20220420,서울특별시,11,동작구,11590,대전광역시,30,20,55,33,32,135,5,48,30,88,40,41
20220420,서울특별시,11,동작구,11590,울산광역시,31,17,31,21,14,101,0,43,9,51,17,22
20220420,서울특별시,11,동작구,11590,세종특별자치시,36,12,17,14,14,44,4,16,3,28,9,14
20220420,서울특별시,11,동작구,11590,경기도,41,220,755,433,323,1572,108,633,149,1317,401,477
20220420,서울특별시,11,동작구,11590,강원도,42,22,69,38,30,168,8,129,22,82,29,44
20220420,서울특별시,11,동작구,11590,충청북도,43,23,66,41,37,165,11,71,26,139,29,42
20220420,서울특별시,11,동작구,11590,충청남도,44,36,83,50,50,215,16,95,26,115,50,51
20220420,서울특별시,11,동작구,11590,전라북도,45,20,62,35,36,169,9,77,19,91,25,46
20220420,서울특별시,11,광진구,11215,인천광역시,28,125,269,29,141,300,42,160,38,417,325,183
20220420,서울특별시,11,광진구,11215,광주광역시,29,66,142,13,64,124,28,67,31,231,160,109
20220420,서울특별시,11,광진구,11215,대전광역시,30,56,127,6,58,122,29,76,24,183,143,99
20220420,서울특별시,11,광진구,11215,울산광역시,31,40,96,0,53,81,29,53,14,128,118,53
20220420,서울특별시,11,광진구,11215,세종특별자치시,36,8,40,0,17,28,8,20,12,53,33,19
20220420,서울특별시,11,광진구,11215,경기도,41,574,1270,127,679,1356,317,759,256,2373,1585,870
20220420,서울특별시,11,성동구,11200,제주특별자치도,50,14,169,44,22,28,15,25,0,157,131,12
20220420,서울특별시,11,성동구,11200,경상남도,48,69,696,89,166,197,54,174,25,850,648,80
20220420,서울특별시,11,성동구,11200,경상북도,47,65,444,69,128,179,46,140,14,624,464,66
20220420,서울특별시,11,성동구,11200,전라남도,46,30,356,34,81,102,25,83,10,438,346,45
20220420,서울특별시,11,성동구,11200,전라북도,45,34,281,38,81,96,28,108,24,448,357,45
20220420,서울특별시,11,성동구,11200,충청남도,44,71,463,73,130,164,37,106,16,609,435,69
20220420,서울특별시,11,성동구,11200,충청북도,43,40,345,62,76,112,43,89,18,517,345,42
20220420,서울특별시,11,성동구,11200,강원도,42,44,373,92,93,104,25,79,20,393,321,36
20220420,서울특별시,11,성동구,11200,경기도,41,379,4526,490,961,1118,311,973,148,4956,3320,524
20220420,서울특별시,11,성동구,11200,세종특별자치시,36,8,87,20,32,29,6,26,7,132,98,12
20220420,서울특별시,11,성동구,11200,울산광역시,31,22,195,31,57,62,17,57,8,336,217,45
20220420,서울특별시,11,성동구,11200,대전광역시,30,30,345,59,97,103,38,82,20,439,374,48
20220420,서울특별시,11,성동구,11200,광주광역시,29,38,380,42,64,102,19,103,11,470,355,55
20220420,서울특별시,11,성동구,11200,인천광역시,28,67,856,88,200,198,43,194,39,962,652,106
20220420,서울특별시,11,성동구,11200,대구광역시,27,57,562,72,125,144,43,136,21,720,559,76
20220420,서울특별시,11,성동구,11200,부산광역시,26,75,794,97,192,228,55,202,30,955,780,99
20220420,서울특별시,11,성동구,11200,서울특별시,11,327,4329,399,838,853,234,777,137,3977,2593,436
20220420,서울특별시,11,강서구,11500,강원도,42,46,185,73,141,351,108,380,30,1020,205,306
20220420,서울특별시,11,강서구,11500,경기도,41,382,2244,692,1391,2493,959,3222,308,5168,1409,2611
20220420,서울특별시,11,강서구,11500,세종특별자치시,36,8,67,25,29,64,17,81,10,146,47,60
20220420,서울특별시,11,강서구,11500,울산광역시,31,24,159,48,93,153,64,201,16,313,84,159
20220420,서울특별시,11,강서구,11500,대전광역시,30,31,175,57,133,258,72,280,25,423,121,239
20220420,서울특별시,11,강서구,11500,광주광역시,29,35,182,73,140,203,78,269,29,447,131,235
20220420,서울특별시,11,강서구,11500,인천광역시,28,81,423,151,293,485,132,618,56,940,259,495
20220420,서울특별시,11,강서구,11500,대구광역시,27,44,286,106,191,333,178,446,41,607,171,298
20220420,서울특별시,11,강서구,11500,부산광역시,26,73,412,144,257,453,153,713,37,840,260,523
20220420,서울특별시,11,강서구,11500,서울특별시,11,259,1758,647,1103,1652,513,2363,243,2894,883,1815
20220420,서울특별시,11,광진구,11215,강원도,42,85,133,10,86,148,46,99,34,185,181,118
20220420,서울특별시,11,광진구,11215,충청북도,43,74,123,18,70,155,40,97,39,243,152,88
20220420,서울특별시,11,광진구,11215,충청남도,44,125,193,16,102,203,42,121,46,269,234,115
20220420,서울특별시,11,광진구,11215,전라북도,45,85,125,9,86,156,29,102,35,223,181,97
20220420,서울특별시,11,광진구,11215,전라남도,46,86,116,7,67,143,33,106,25,189,154,77
20220420,서울특별시,11,광진구,11215,경상북도,47,114,229,21,109,192,43,144,40,246,225,135
20220420,서울특별시,11,광진구,11215,경상남도,48,175,230,22,131,275,71,182,36,331,317,216
20220420,서울특별시,11,광진구,11215,제주특별자치도,50,36,21,5,16,30,10,30,5,59,34,16
20220420,서울특별시,11,성북구,11290,서울특별시,11,233,1690,188,407,1369,428,992,414,7192,2441,793
20220420,서울특별시,11,성북구,11290,부산광역시,26,76,395,52,111,441,115,304,128,1981,584,144
20220420,서울특별시,11,서초구,11650,서울특별시,11,215,1628,809,450,1281,214,1145,136,2081,439,667
20220420,서울특별시,11,서초구,11650,부산광역시,26,35,273,191,108,339,29,175,37,457,104,141
20220420,서울특별시,11,서초구,11650,대구광역시,27,28,195,142,54,218,33,111,35,334,53,108
20220420,서울특별시,11,서초구,11650,인천광역시,28,39,272,179,104,329,40,181,35,408,80,162
20220420,서울특별시,11,서초구,11650,광주광역시,29,12,100,85,30,151,51,64,18,209,40,73
20220420,서울특별시,11,서초구,11650,대전광역시,30,30,115,75,54,179,14,72,25,225,57,65
20220420,서울특별시,11,서초구,11650,울산광역시,31,12,71,60,21,111,13,59,14,138,25,46
20220420,서울특별시,11,서초구,11650,세종특별자치시,36,3,33,31,12,58,4,22,8,63,10,19
20220420,서울특별시,11,서초구,11650,경기도,41,201,1688,999,546,1814,229,994,180,2792,550,766
20220420,서울특별시,11,서초구,11650,강원도,42,24,124,87,35,147,20,82,15,159,30,69
20220420,서울특별시,11,서초구,11650,충청북도,43,24,129,77,54,164,20,96,20,293,41,70
20220420,서울특별시,11,서초구,11650,충청남도,44,31,154,111,77,217,23,112,21,308,69,80
20220420,서울특별시,11,서초구,11650,전라북도,45,16,108,95,20,124,18,98,10,235,53,50
20220420,서울특별시,11,도봉구,11320,제주특별자치도,50,0,13,0,11,25,0,24,9,71,12,18
20220420,서울특별시,11,양천구,11470,서울특별시,11,70,713,119,330,630,89,718,92,743,323,271
20220420,서울특별시,11,양천구,11470,부산광역시,26,14,167,22,83,147,23,209,43,152,85,68
20220420,서울특별시,11,양천구,11470,대구광역시,27,15,113,12,52,107,14,129,21,104,56,45
20220420,서울특별시,11,양천구,11470,인천광역시,28,25,178,24,78,188,32,242,23,155,100,73
20220420,서울특별시,11,양천구,11470,광주광역시,29,6,84,13,36,66,12,103,17,60,35,31
20220420,서울특별시,11,성북구,11290,대구광역시,27,56,299,47,59,300,98,218,101,1512,403,82
20220420,서울특별시,11,서대문구,11410,충청북도,43,5,56,8,33,99,8,63,79,178,49,23
20220420,서울특별시,11,서대문구,11410,충청남도,44,0,75,27,41,130,7,103,113,157,63,48
20220420,서울특별시,11,서대문구,11410,전라북도,45,0,59,7,19,86,6,46,62,138,49,18
20220420,서울특별시,11,서대문구,11410,전라남도,46,3,66,9,17,106,5,62,85,111,33,113
20220420,서울특별시,11,용산구,11170,광주광역시,29,8,119,13,599,81,19,84,5,130,51,37
20220420,서울특별시,11,용산구,11170,대전광역시,30,10,132,23,808,91,19,80,11,111,53,34
20220420,서울특별시,11,용산구,11170,울산광역시,31,7,73,12,448,70,7,53,10,80,28,19
20220420,서울특별시,11,용산구,11170,세종특별자치시,36,0,40,0,179,24,5,21,0,29,11,10
20220420,서울특별시,11,용산구,11170,경기도,41,112,1546,245,7776,1722,182,845,162,1461,607,345
20220420,서울특별시,11,용산구,11170,강원도,42,8,129,12,658,89,19,61,16,85,48,23
20220420,서울특별시,11,용산구,11170,충청북도,43,12,142,14,780,92,18,101,11,128,45,33
20220420,서울특별시,11,동작구,11590,서울특별시,11,210,612,548,247,1197,68,468,65,875,287,366
20220420,서울특별시,11,동작구,11590,부산광역시,26,53,110,94,66,300,19,115,76,164,83,111
20220420,서울특별시,11,서대문구,11410,경상북도,47,12,79,33,24,161,9,98,103,155,54,95
20220420,서울특별시,11,서대문구,11410,경상남도,48,12,101,23,39,177,3,101,213,213,81,112
20220420,서울특별시,11,서대문구,11410,제주특별자치도,50,0,24,7,4,9,0,0,12,40,9,5
20220420,서울특별시,11,성북구,11290,인천광역시,28,52,417,40,122,493,166,310,166,2109,564,132
20220420,서울특별시,11,성북구,11290,광주광역시,29,18,205,30,47,207,53,114,58,1061,287,79
20220420,서울특별시,11,성북구,11290,대전광역시,30,36,183,32,41,241,83,146,63,967,276,57
20220420,서울특별시,11,성북구,11290,울산광역시,31,17,126,29,33,158,50,87,47,660,174,41
20220420,서울특별시,11,강동구,11740,제주특별자치도,50,10,30,6,18,26,0,33,3,26,42,4
20220420,서울특별시,11,강동구,11740,경상남도,48,48,137,71,87,256,29,215,20,190,227,34
20220420,서울특별시,11,강동구,11740,경상북도,47,39,123,64,48,162,27,221,15,122,120,34
20220420,서울특별시,11,강동구,11740,전라남도,46,36,78,32,66,105,12,129,11,108,70,19
20220420,서울특별시,11,강동구,11740,전라북도,45,28,88,41,39,105,18,114,10,133,107,22
20220420,서울특별시,11,강동구,11740,충청남도,44,39,131,52,68,154,28,167,14,144,122,30
20220420,서울특별시,11,강동구,11740,충청북도,43,35,87,31,58,111,16,143,13,172,75,18
20220420,서울특별시,11,서대문구,11410,강원도,42,4,64,11,26,72,7,51,80,115,42,28
20220420,서울특별시,11,서대문구,11410,경기도,41,58,688,151,235,986,49,587,922,1634,436,337
20220420,서울특별시,11,서대문구,11410,세종특별자치시,36,0,16,3,11,26,0,12,42,24,14,6
20220420,서울특별시,11,서대문구,11410,울산광역시,31,4,36,5,11,57,4,56,65,68,25,21
20220420,서울특별시,11,서대문구,11410,대전광역시,30,3,53,29,17,95,0,51,105,116,43,156
20220420,서울특별시,11,서대문구,11410,광주광역시,29,3,39,7,22,74,5,34,79,146,36,38
20220420,서울특별시,11,도봉구,11320,경상남도,48,47,99,8,150,184,35,203,42,581,141,183
20220420,서울특별시,11,도봉구,11320,경상북도,47,26,84,0,125,132,33,168,19,386,100,138
20220420,서울특별시,11,도봉구,11320,전라남도,46,16,63,7,77,85,14,91,17,301,89,96
20220420,서울특별시,11,도봉구,11320,전라북도,45,14,60,3,81,97,15,88,18,303,83,84
20220420,서울특별시,11,도봉구,11320,충청남도,44,22,74,10,123,99,31,141,24,427,81,114
20220420,서울특별시,11,도봉구,11320,충청북도,43,22,60,0,82,98,18,125,15,379,94,96
20220420,서울특별시,11,도봉구,11320,강원도,42,22,70,9,75,128,22,111,16,298,62,79
20220420,서울특별시,11,도봉구,11320,경기도,41,163,666,58,798,874,208,959,153,3215,699,896
20220420,서울특별시,11,도봉구,11320,세종특별자치시,36,5,15,0,13,20,8,18,0,70,18,23
20220420,서울특별시,11,도봉구,11320,울산광역시,31,10,29,3,50,63,12,81,12,174,50,67
20220420,서울특별시,11,도봉구,11320,대전광역시,30,22,49,0,55,77,16,81,14,279,56,97
20220420,서울특별시,11,도봉구,11320,광주광역시,29,10,48,3,72,80,18,98,17,321,54,101
20220420,서울특별시,11,도봉구,11320,인천광역시,28,35,93,6,124,185,32,221,35,597,119,214
20220420,서울특별시,11,도봉구,11320,대구광역시,27,32,81,5,88,99,22,214,31,430,106,152
20220420,서울특별시,11,도봉구,11320,부산광역시,26,23,137,9,141,145,38,210,27,559,145,157
20220420,서울특별시,11,송파구,11710,제주특별자치도,50,0,31,9,10,24,12,19,5,79,33,10
20220420,서울특별시,11,송파구,11710,경상남도,48,46,259,54,109,788,98,5496,97,447,164,226
20220420,서울특별시,11,도봉구,11320,서울특별시,11,98,491,75,530,512,155,677,268,2015,422,627
20220420,서울특별시,11,서초구,11650,전라남도,46,17,116,82,48,155,11,82,17,173,40,50
20220420,서울특별시,11,양천구,11470,대전광역시,30,7,84,11,37,72,17,102,10,72,43,29
20220420,서울특별시,11,양천구,11470,울산광역시,31,8,49,7,18,47,6,56,9,44,25,19
20220420,서울특별시,11,양천구,11470,세종특별자치시,36,4,20,3,11,20,4,24,6,24,10,7
20220420,서울특별시,11,양천구,11470,경기도,41,124,964,153,408,914,137,1017,160,1350,453,316
20220420,서울특별시,11,양천구,11470,강원도,42,14,79,15,46,87,14,97,11,62,46,35
20220420,서울특별시,11,양천구,11470,충청북도,43,11,100,12,46,73,10,100,7,119,45,34
20220420,서울특별시,11,양천구,11470,충청남도,44,24,111,26,73,128,25,151,16,94,50,50
20220420,서울특별시,11,양천구,11470,전라북도,45,12,100,8,37,94,24,95,16,88,43,34
20220420,서울특별시,11,양천구,11470,전라남도,46,9,97,11,40,90,13,116,15,63,41,31
20220420,서울특별시,11,양천구,11470,경상북도,47,16,131,12,42,139,22,182,17,83,64,44
20220420,서울특별시,11,양천구,11470,경상남도,48,23,143,18,72,198,37,180,20,116,90,78
20220420,서울특별시,11,양천구,11470,제주특별자치도,50,6,15,0,7,15,0,12,3,21,15,5
20220420,서울특별시,11,서초구,11650,경상북도,47,20,142,118,62,204,31,130,26,300,60,111
20220420,서울특별시,11,서초구,11650,경상남도,48,41,220,145,78,288,26,192,30,372,76,154
20220420,서울특별시,11,서초구,11650,제주특별자치도,50,8,47,22,17,42,5,25,0,73,23,12
20220420,서울특별시,11,서대문구,11410,인천광역시,28,8,104,21,44,210,5,161,188,259,76,83
20220420,서울특별시,11,서대문구,11410,대구광역시,27,8,86,32,37,127,7,107,110,190,49,53
20220420,서울특별시,11,서대문구,11410,부산광역시,26,12,138,27,45,178,4,121,193,248,86,65
20220420,서울특별시,11,서대문구,11410,서울특별시,11,30,608,188,245,592,36,467,535,1352,386,263
20220420,서울특별시,11,성북구,11290,세종특별자치시,36,3,54,9,12,60,10,31,26,261,79,26
20220420,서울특별시,11,성북구,11290,경기도,41,336,2205,240,559,2270,743,1457,695,10405,2794,628
20220420,서울특별시,11,성북구,11290,강원도,42,24,214,26,43,255,80,147,72,1022,268,62
20220420,서울특별시,11,관악구,11620,제주특별자치도,50,4,20,5,7,26,3,12,0,26,21,20
20220420,서울특별시,11,관악구,11620,경상남도,48,29,102,42,47,106,27,60,17,130,230,223
20220420,서울특별시,11,관악구,11620,경상북도,47,26,68,31,35,91,12,34,10,98,168,176
20220420,서울특별시,11,관악구,11620,전라남도,46,12,55,20,22,66,13,34,8,77,115,99
20220420,서울특별시,11,관악구,11620,전라북도,45,14,53,22,28,53,10,32,10,77,113,107
20220420,서울특별시,11,관악구,11620,충청남도,44,19,89,38,57,74,18,46,10,110,171,142
20220420,서울특별시,11,관악구,11620,충청북도,43,17,79,19,23,71,10,29,8,159,150,111
20220420,서울특별시,11,관악구,11620,강원도,42,12,40,19,15,77,8,48,10,70,102,106
20220420,서울특별시,11,관악구,11620,경기도,41,130,715,323,323,621,119,372,74,1226,1050,1101
20220420,서울특별시,11,관악구,11620,세종특별자치시,36,4,19,13,4,18,3,15,0,22,24,29
20220420,서울특별시,11,관악구,11620,울산광역시,31,8,39,16,24,38,8,18,6,50,63,83
20220420,서울특별시,11,관악구,11620,대전광역시,30,21,48,30,26,65,8,32,8,49,123,102
20220420,서울특별시,11,관악구,11620,광주광역시,29,14,50,21,30,41,8,37,8,93,102,121
20220420,서울특별시,11,관악구,11620,인천광역시,28,43,121,42,57,111,16,52,21,157,180,208
20220420,서울특별시,11,관악구,11620,대구광역시,27,28,82,34,37,57,17,33,10,93,154,161
20220420,서울특별시,11,관악구,11620,부산광역시,26,24,106,61,63,118,17,51,19,178,238,239
20220420,서울특별시,11,관악구,11620,서울특별시,11,91,594,522,255,432,85,321,39,796,576,858
20220420,서울특별시,11,강동구,11740,강원도,42,29,65,27,49,112,18,148,13,86,103,23
20220420,서울특별시,11,강동구,11740,경기도,41,268,956,341,493,1217,189,1110,122,1690,1094,296
20220420,서울특별시,11,강동구,11740,세종특별자치시,36,8,15,10,13,29,7,34,5,35,33,11
20220420,서울특별시,11,강동구,11740,울산광역시,31,17,51,31,30,80,13,89,9,58,61,14
20220420,서울특별시,11,강동구,11740,대전광역시,30,29,89,46,35,113,15,106,10,96,91,14
20220420,서울특별시,11,강동구,11740,광주광역시,29,35,83,47,33,122,13,83,13,132,91,16
20220420,서울특별시,11,강동구,11740,인천광역시,28,59,152,96,86,240,26,254,25,244,229,41
20220420,서울특별시,11,종로구,11110,제주특별자치도,50,14,64,9,6,31,4,16,7,133,45,9
20220420,서울특별시,11,종로구,11110,경상남도,48,55,303,26,70,211,29,95,63,769,216,68
20220420,서울특별시,11,종로구,11110,경상북도,47,41,203,28,62,151,14,89,43,597,163,64
20220420,서울특별시,11,종로구,11110,전라남도,46,29,124,15,29,111,6,60,37,369,121,42
20220420,서울특별시,11,종로구,11110,전라북도,45,24,136,17,41,138,8,62,38,394,124,26
20220420,서울특별시,11,종로구,11110,충청남도,44,40,229,14,57,105,20,99,37,543,179,39
20220420,서울특별시,11,종로구,11110,충청북도,43,25,161,12,42,118,11,59,47,438,128,40
20220420,서울특별시,11,종로구,11110,강원도,42,22,131,17,39,122,10,60,48,356,109,30
20220420,서울특별시,11,종로구,11110,경기도,41,314,1500,202,431,1067,101,634,280,3867,1214,354
20220420,서울특별시,11,종로구,11110,세종특별자치시,36,8,42,7,16,28,0,14,10,110,36,6
20220420,서울특별시,11,종로구,11110,울산광역시,31,15,96,10,25,68,8,42,18,252,63,18
20220420,서울특별시,11,종로구,11110,대전광역시,30,38,139,37,47,113,10,34,26,394,113,24
20220420,서울특별시,11,종로구,11110,광주광역시,29,21,130,7,30,87,10,74,29,480,98,37
20220420,서울특별시,11,종로구,11110,인천광역시,28,52,290,30,86,168,26,113,52,763,244,61
20220420,서울특별시,11,종로구,11110,대구광역시,27,45,204,20,60,172,13,62,35,636,156,61
20220420,서울특별시,11,종로구,11110,부산광역시,26,41,278,29,64,178,20,123,43,836,229,80
20220420,서울특별시,11,종로구,11110,서울특별시,11,251,1205,298,287,710,73,450,141,2798,855,322
20220420,서울특별시,11,강동구,11740,대구광역시,27,50,133,64,50,193,25,134,12,181,175,26
20220420,서울특별시,11,강동구,11740,부산광역시,26,36,169,86,62,275,24,231,21,287,266,41
20220420,서울특별시,11,동작구,11590,전라남도,46,21,56,36,40,173,17,81,18,77,32,63
20220420,서울특별시,11,동작구,11590,경상북도,47,19,75,51,60,221,13,118,21,110,53,65
20220420,서울특별시,11,동작구,11590,경상남도,48,43,105,69,75,321,24,117,32,166,58,85
20220420,서울특별시,11,동작구,11590,제주특별자치도,50,7,19,8,9,29,0,7,5,25,8,3
20220420,서울특별시,11,강남구,11680,서울특별시,11,336,2965,918,1058,1899,166,2440,343,6968,1684,1618
20220420,서울특별시,11,강남구,11680,부산광역시,26,73,518,163,215,417,46,621,95,1901,460,291
20220420,서울특별시,11,강남구,11680,대구광역시,27,58,417,141,197,268,33,433,85,1419,311,215
20220420,서울특별시,11,강남구,11680,인천광역시,28,69,632,235,212,401,44,628,90,1826,400,310
20220420,서울특별시,11,강남구,11680,광주광역시,29,29,258,90,73,166,10,248,42,905,202,136
20220420,서울특별시,11,강남구,11680,대전광역시,30,34,252,92,115,193,17,301,50,933,211,107
20220420,서울특별시,11,강남구,11680,울산광역시,31,20,189,55,60,121,19,173,34,488,125,79
20220420,서울특별시,11,강남구,11680,세종특별자치시,36,5,59,40,21,60,4,116,16,209,38,45
20220420,서울특별시,11,강남구,11680,경기도,41,356,3078,1058,1305,2231,261,3241,575,9493,2114,1490
20220420,서울특별시,11,강남구,11680,강원도,42,38,251,74,117,203,19,323,40,865,181,113
20220420,서울특별시,11,강남구,11680,충청북도,43,34,265,62,115,206,20,282,35,983,162,130
20220420,서울특별시,11,은평구,11380,제주특별자치도,50,9,13,3,9,15,10,9,0,8,20,15
20220420,서울특별시,11,은평구,11380,경상남도,48,27,111,15,43,168,52,170,8,137,115,203
20220420,서울특별시,11,은평구,11380,경상북도,47,14,82,17,36,137,42,123,10,114,80,150
20220420,서울특별시,11,은평구,11380,전라남도,46,7,32,6,19,93,25,86,10,57,56,103
20220420,서울특별시,11,은평구,11380,전라북도,45,6,26,19,18,72,34,87,7,89,62,106
20220420,서울특별시,11,은평구,11380,충청남도,44,16,62,23,45,139,32,117,21,97,76,144
20220420,서울특별시,11,은평구,11380,충청북도,43,9,72,10,24,88,32,112,11,125,59,108
20220420,서울특별시,11,은평구,11380,강원도,42,15,35,11,18,98,37,115,9,59,52,97
20220420,서울특별시,11,은평구,11380,경기도,41,93,643,101,248,880,248,739,78,1130,519,937
20220420,서울특별시,11,은평구,11380,세종특별자치시,36,0,15,5,10,23,7,22,0,14,6,22
20220420,서울특별시,11,은평구,11380,울산광역시,31,6,26,4,9,54,27,53,7,45,33,58
20220420,서울특별시,11,은평구,11380,대전광역시,30,5,41,4,24,82,24,80,4,48,52,67
20220420,서울특별시,11,은평구,11380,광주광역시,29,8,38,6,24,73,28,53,9,67,50,81
20220420,서울특별시,11,은평구,11380,인천광역시,28,19,119,20,47,173,38,142,16,149,116,194
20220420,서울특별시,11,은평구,11380,대구광역시,27,16,46,7,38,117,42,92,16,96,67,130
20220420,서울특별시,11,은평구,11380,부산광역시,26,16,89,13,48,185,42,160,27,160,118,219
20220420,서울특별시,11,은평구,11380,서울특별시,11,68,533,109,199,540,183,558,42,570,350,640
20220420,서울특별시,11,강동구,11740,서울특별시,11,207,819,286,392,929,145,920,86,1097,838,241
20220420,서울특별시,11,성북구,11290,충청북도,43,30,193,20,57,265,76,158,57,1117,275,59
20220420,서울특별시,11,성북구,11290,충청남도,44,40,289,42,79,350,115,219,112,1362,394,82
20220420,서울특별시,11,성북구,11290,전라북도,45,27,202,21,44,261,78,124,63,1081,253,69
20220420,서울특별시,11,성북구,11290,전라남도,46,32,213,19,53,285,100,99,68,962,267,59
20220420,서울특별시,11,구로구,11530,서울특별시,11,134,1251,423,588,1074,165,456,74,2021,686,511
20220420,서울특별시,11,구로구,11530,부산광역시,26,41,312,66,152,284,64,149,28,542,156,178
20220420,서울특별시,11,구로구,11530,대구광역시,27,27,186,51,81,189,54,113,31,377,121,124
20220420,서울특별시,11,중구,11140,제주특별자치도,50,12,61,14,10,80,8,18,11,188,46,11
20220420,서울특별시,11,중구,11140,경상남도,48,71,359,69,92,340,67,129,86,1061,288,40
20220420,서울특별시,11,중구,11140,경상북도,47,40,290,50,67,230,33,82,60,765,254,41
20220420,서울특별시,11,중구,11140,전라남도,46,40,217,34,35,178,23,85,48,536,177,28
20220420,서울특별시,11,중구,11140,전라북도,45,30,168,133,64,186,47,71,35,571,168,29
20220420,서울특별시,11,중구,11140,충청남도,44,54,258,69,82,292,48,117,39,690,226,44
20220420,서울특별시,11,중구,11140,충청북도,43,40,201,52,85,185,27,115,40,569,146,29
20220420,서울특별시,11,중구,11140,강원도,42,30,198,80,36,180,30,74,32,498,159,26
20220420,서울특별시,11,중구,11140,경기도,41,427,2065,318,382,1955,273,928,336,5429,1582,335
20220420,서울특별시,11,중구,11140,세종특별자치시,36,11,38,15,15,35,9,18,16,143,35,4
20220420,서울특별시,11,중구,11140,울산광역시,31,17,115,30,27,107,28,33,32,370,118,17
20220420,서울특별시,11,중구,11140,대전광역시,30,28,165,37,41,167,23,82,28,571,131,35
20220420,서울특별시,11,구로구,11530,인천광역시,28,40,293,74,137,248,57,164,26,573,144,140
20220420,서울특별시,11,구로구,11530,광주광역시,29,12,136,30,69,107,40,63,9,297,58,83
20220420,서울특별시,11,구로구,11530,대전광역시,30,16,170,32,72,127,27,67,14,268,90,62
20220420,서울특별시,11,구로구,11530,울산광역시,31,13,105,17,61,99,21,47,13,188,53,56
20220420,서울특별시,11,구로구,11530,세종특별자치시,36,6,45,13,29,23,11,16,6,91,23,22
20220420,서울특별시,11,구로구,11530,경기도,41,166,1618,406,795,1498,313,754,170,3080,866,766
20220420,서울특별시,11,구로구,11530,강원도,42,10,139,36,101,154,26,71,13,271,65,67
20220420,서울특별시,11,구로구,11530,충청북도,43,19,130,50,78,141,26,85,17,341,64,81
20220420,서울특별시,11,구로구,11530,충청남도,44,24,190,49,124,212,53,107,21,312,102,89
20220420,서울특별시,11,구로구,11530,전라북도,45,10,134,35,80,124,33,83,15,281,53,83
20220420,서울특별시,11,마포구,11440,서울특별시,11,249,2122,805,1503,2152,196,2154,182,2358,967,579
20220420,서울특별시,11,마포구,11440,부산광역시,26,53,367,176,339,655,42,618,81,538,228,122
20220420,서울특별시,11,마포구,11440,대구광역시,27,56,253,131,228,466,34,364,49,377,163,84
20220420,서울특별시,11,마포구,11440,인천광역시,28,69,398,184,341,650,44,609,74,483,227,132
20220420,서울특별시,11,마포구,11440,광주광역시,29,25,177,78,170,310,18,228,30,237,98,56
20220420,서울특별시,11,마포구,11440,대전광역시,30,38,214,86,187,281,22,257,52,245,99,62
20220420,서울특별시,11,마포구,11440,울산광역시,31,20,134,48,109,204,18,187,31,123,75,30
20220420,서울특별시,11,마포구,11440,세종특별자치시,36,9,43,44,49,87,4,90,14,61,33,14
20220420,서울특별시,11,마포구,11440,경기도,41,373,2130,894,1811,3249,317,3078,518,2896,1165,620
20220420,서울특별시,11,중구,11140,광주광역시,29,32,192,38,49,156,33,59,64,646,162,43
20220420,서울특별시,11,중구,11140,인천광역시,28,87,429,76,87,348,46,194,67,1041,307,78
20220420,서울특별시,11,중구,11140,대구광역시,27,69,287,53,48,256,36,102,51,856,270,63
20220420,서울특별시,11,중구,11140,부산광역시,26,86,459,117,90,383,53,141,69,1176,334,87
20220420,서울특별시,11,중구,11140,서울특별시,11,338,2049,368,318,1635,147,798,185,4595,1196,340
20220420,서울특별시,11,중랑구,11260,서울특별시,11,163,1654,180,506,977,311,1006,218,2045,666,404
20220420,서울특별시,11,중랑구,11260,부산광역시,26,30,430,40,119,296,81,281,59,489,156,116
20220420,서울특별시,11,중랑구,11260,대구광역시,27,19,303,35,124,208,67,188,55,375,104,111
20220420,서울특별시,11,중랑구,11260,인천광역시,28,46,473,35,162,286,82,268,59,515,198,134
20220420,서울특별시,11,중랑구,11260,광주광역시,29,12,182,19,57,138,30,112,29,270,76,54
20220420,서울특별시,11,강남구,11680,충청남도,44,46,329,110,148,240,15,471,71,1216,272,167
20220420,서울특별시,11,강남구,11680,전라북도,45,38,217,82,118,201,12,301,32,879,227,113
20220420,서울특별시,11,강남구,11680,전라남도,46,25,193,51,106,188,17,295,40,765,190,127
20220420,서울특별시,11,강남구,11680,경상북도,47,53,298,97,172,245,15,433,68,1201,272,179
20220420,서울특별시,11,강남구,11680,경상남도,48,56,450,131,202,337,34,562,79,1489,330,247
20220420,서울특별시,11,강남구,11680,제주특별자치도,50,20,100,15,34,30,11,140,8,219,71,30
20220420,서울특별시,11,강북구,11305,제주특별자치도,50,0,18,4,9,9,0,3,0,79,14,0
20220420,서울특별시,11,강북구,11305,경상남도,48,21,141,8,55,79,8,14,28,531,105,29
20220420,서울특별시,11,강북구,11305,경상북도,47,16,100,14,47,62,7,12,32,377,90,20
20220420,서울특별시,11,강북구,11305,전라남도,46,18,76,0,40,29,8,10,28,253,52,6
20220420,서울특별시,11,강북구,11305,전라북도,45,17,84,7,45,27,5,10,12,288,56,22
20220420,서울특별시,11,강북구,11305,충청남도,44,11,99,17,44,68,0,8,23,366,91,24
20220420,서울특별시,11,강북구,11305,충청북도,43,8,64,11,30,38,4,9,14,295,61,8
20220420,서울특별시,11,강북구,11305,강원도,42,7,79,8,33,42,3,10,15,258,53,12
20220420,서울특별시,11,강북구,11305,경기도,41,65,801,107,336,414,42,79,136,2611,525,183
20220420,서울특별시,11,강북구,11305,세종특별자치시,36,0,15,10,6,6,3,0,5,55,13,0
20220420,서울특별시,11,강북구,11305,울산광역시,31,7,44,6,26,26,0,8,18,180,47,12
20220420,서울특별시,11,중랑구,11260,대전광역시,30,12,182,12,98,142,38,112,27,254,102,59
20220420,서울특별시,11,중랑구,11260,울산광역시,31,8,202,16,31,100,20,84,24,162,66,32
20220420,서울특별시,11,중랑구,11260,세종특별자치시,36,8,42,7,11,37,10,33,9,66,22,15
20220420,서울특별시,11,중랑구,11260,경기도,41,224,2015,185,619,1519,452,1178,363,2763,855,610
20220420,서울특별시,11,중랑구,11260,강원도,42,17,262,23,66,182,49,125,24,229,117,59
20220420,서울특별시,11,중랑구,11260,경상남도,48,32,431,37,111,328,82,231,73,453,157,137
20220420,서울특별시,11,중랑구,11260,제주특별자치도,50,4,56,4,23,31,12,28,6,68,29,7
20220420,서울특별시,11,중랑구,11260,충청북도,43,24,201,24,82,142,50,131,39,306,87,56
20220420,서울특별시,11,중랑구,11260,충청남도,44,34,254,33,107,201,72,174,45,314,119,65
20220420,서울특별시,11,중랑구,11260,전라북도,45,18,169,12,53,148,51,111,32,259,91,66
20220420,서울특별시,11,중랑구,11260,전라남도,46,18,144,24,40,180,38,135,36,227,78,60
20220420,서울특별시,11,중랑구,11260,경상북도,47,29,239,28,89,206,81,193,64,342,130,92
20220420,서울특별시,11,마포구,11440,강원도,42,39,194,76,223,355,23,254,61,189,115,43
20220420,서울특별시,11,마포구,11440,충청북도,43,42,248,99,221,334,25,343,49,330,141,52
20220420,서울특별시,11,마포구,11440,충청남도,44,50,253,133,245,462,37,423,135,306,149,85
20220420,서울특별시,11,마포구,11440,전라북도,45,41,170,103,186,308,26,268,23,274,98,52
20220420,서울특별시,11,동대문구,11230,제주특별자치도,50,10,49,3,8,31,6,32,7,134,24,6
20220420,서울특별시,11,마포구,11440,전라남도,46,38,191,85,191,308,26,302,20,200,115,43
20220420,서울특별시,11,마포구,11440,경상북도,47,52,293,117,258,470,48,418,35,315,165,68
20220420,서울특별시,11,강북구,11305,대전광역시,30,11,54,12,32,33,7,6,13,252,58,17
20220420,서울특별시,11,강북구,11305,광주광역시,29,7,55,10,22,45,8,4,20,294,64,8
20220420,서울특별시,11,마포구,11440,경상남도,48,57,339,161,343,688,45,621,51,362,196,111
20220420,서울특별시,11,마포구,11440,제주특별자치도,50,17,62,26,37,65,8,40,27,90,42,22
20220420,서울특별시,11,구로구,11530,전라남도,46,28,129,42,99,143,23,76,16,279,53,70
20220420,서울특별시,11,구로구,11530,경상북도,47,14,201,55,115,217,52,111,27,368,97,124
20220420,서울특별시,11,구로구,11530,경상남도,48,26,249,62,148,236,57,150,29,511,145,157
20220420,서울특별시,11,강북구,11305,인천광역시,28,16,147,24,55,82,9,17,37,471,104,32
20220420,서울특별시,11,강북구,11305,대구광역시,27,17,92,12,35,56,8,6,22,301,74,13
20220420,서울특별시,11,강북구,11305,부산광역시,26,12,126,25,53,95,10,13,40,462,123,29
20220420,서울특별시,11,강북구,11305,서울특별시,11,52,497,127,231,335,30,79,85,1665,389,103
20220420,서울특별시,11,구로구,11530,제주특별자치도,50,6,25,7,21,26,9,23,3,70,15,20
20220420,서울특별시,11,성북구,11290,경상북도,47,63,311,45,76,363,131,216,124,1418,384,83
20220420,서울특별시,11,성북구,11290,경상남도,48,50,424,48,112,432,126,280,122,2003,556,140
20220420,서울특별시,11,성북구,11290,제주특별자치도,50,21,43,15,17,66,21,19,17,304,101,10
20220420,서울특별시,11,강서구,11500,경상남도,48,59,386,124,267,529,152,661,64,1211,275,512
20220420,서울특별시,11,노원구,11350,제주특별자치도,50,0,15,0,8,12,11,21,7,60,0,5
20220420,서울특별시,11,노원구,11350,경상남도,48,36,105,16,45,268,80,164,107,411,67,31
20220420,서울특별시,11,노원구,11350,경상북도,47,23,70,20,35,220,54,117,65,266,40,28
20220420,서울특별시,11,노원구,11350,전라남도,46,18,36,0,36,147,41,89,45,220,26,16
20220420,서울특별시,11,송파구,11710,경상북도,47,23,165,27,106,588,79,4425,73,334,118,176
20220420,서울특별시,11,송파구,11710,전라남도,46,28,129,35,60,373,50,2811,43,232,72,111
20220420,서울특별시,11,송파구,11710,전라북도,45,26,137,38,49,383,45,2695,48,260,77,120
20220420,서울특별시,11,송파구,11710,충청남도,44,32,183,46,90,716,58,6614,98,336,119,370
20220420,서울특별시,11,송파구,11710,충청북도,43,27,179,21,64,511,46,4974,57,348,108,126
20220420,서울특별시,11,송파구,11710,강원도,42,24,160,21,84,431,54,3369,53,249,96,117
20220420,서울특별시,11,송파구,11710,경기도,41,185,1626,333,588,2237,367,8725,262,3579,1022,728
20220420,서울특별시,11,송파구,11710,세종특별자치시,36,10,35,10,13,229,8,2823,29,78,28,71
20220420,서울특별시,11,송파구,11710,울산광역시,31,5,74,16,26,139,34,804,16,152,57,53
20220420,서울특별시,11,송파구,11710,대전광역시,30,36,168,14,69,655,50,6808,86,231,115,176
20220420,서울특별시,11,송파구,11710,광주광역시,29,18,112,19,50,383,41,2803,46,248,81,110
20220420,서울특별시,11,송파구,11710,인천광역시,28,18,317,62,131,352,49,425,36,584,147,134
20220420,서울특별시,11,송파구,11710,대구광역시,27,30,204,28,96,788,56,7195,88,412,149,222
20220420,서울특별시,11,송파구,11710,부산광역시,26,32,268,40,116,537,77,2471,59,570,209,154
20220420,서울특별시,11,송파구,11710,서울특별시,11,116,1420,388,465,6670,224,1497,100,2545,833,490
20220420,서울특별시,11,동대문구,11230,경상남도,48,49,308,44,84,424,26,414,74,939,149,87
20220420,서울특별시,11,동대문구,11230,경상북도,47,57,246,33,85,328,25,311,56,712,105,70
20220420,서울특별시,11,노원구,11350,전라북도,45,22,48,12,34,152,43,72,51,213,27,20
20220420,서울특별시,11,노원구,11350,충청남도,44,24,98,20,32,159,53,148,69,266,32,27
20220420,서울특별시,11,노원구,11350,충청북도,43,10,53,8,23,137,42,84,45,282,33,18
20220420,서울특별시,11,노원구,11350,강원도,42,18,86,10,32,144,58,107,37,185,21,22
20220420,서울특별시,11,노원구,11350,경기도,41,144,629,124,296,1251,360,858,351,2283,359,205
20220420,서울특별시,11,노원구,11350,세종특별자치시,36,3,22,4,6,30,14,17,16,46,8,3
20220420,서울특별시,11,노원구,11350,울산광역시,31,11,40,3,17,97,16,42,19,131,20,10
20220420,서울특별시,11,노원구,11350,대전광역시,30,22,42,7,25,102,30,79,38,175,23,15
20220420,서울특별시,11,노원구,11350,광주광역시,29,15,46,3,25,88,34,63,45,211,24,15
20220420,서울특별시,11,노원구,11350,인천광역시,28,30,119,15,53,272,70,146,73,392,52,35
20220420,서울특별시,11,노원구,11350,대구광역시,27,23,80,13,32,237,61,98,57,250,47,21
20220420,서울특별시,11,노원구,11350,부산광역시,26,19,135,15,50,238,55,159,59,348,80,31
20220420,서울특별시,11,노원구,11350,서울특별시,11,86,542,139,236,891,205,651,201,1285,245,118
20220420,서울특별시,11,강서구,11500,경상북도,47,60,318,72,224,347,119,574,41,1094,249,365
20220420,서울특별시,11,강서구,11500,전라남도,46,33,178,62,133,286,83,336,37,892,172,257
20220420,서울특별시,11,영등포구,11560,서울특별시,11,180,1775,425,927,1160,118,2380,180,1676,798,701
20220420,서울특별시,11,영등포구,11560,부산광역시,26,46,423,108,210,389,30,632,64,334,141,149
20220420,서울특별시,11,영등포구,11560,대구광역시,27,24,325,140,125,216,10,409,49,203,90,92
20220420,서울특별시,11,영등포구,11560,인천광역시,28,36,542,132,237,319,23,567,70,314,181,193
20220420,서울특별시,11,영등포구,11560,광주광역시,29,18,205,100,80,119,9,342,20,173,64,69
20220420,서울특별시,11,영등포구,11560,대전광역시,30,14,194,51,114,153,12,252,37,146,67,50
20220420,서울특별시,11,영등포구,11560,울산광역시,31,11,158,101,67,92,11,188,52,85,48,34
20220420,서울특별시,11,영등포구,11560,세종특별자치시,36,0,43,17,26,22,0,95,10,43,18,14
20220420,서울특별시,11,영등포구,11560,경기도,41,209,2200,612,1073,1473,167,2670,362,2142,852,780
20220420,서울특별시,11,영등포구,11560,강원도,42,33,211,80,92,160,12,285,37,156,72,70
20220420,서울특별시,11,영등포구,11560,충청북도,43,13,223,98,84,154,10,282,102,228,54,77
20220420,서울특별시,11,영등포구,11560,충청남도,44,16,287,111,175,200,16,417,38,187,77,107
20220420,서울특별시,11,영등포구,11560,전라북도,45,17,202,93,107,142,6,364,18,194,67,82
20220420,서울특별시,11,영등포구,11560,전라남도,46,25,232,157,118,134,11,265,67,121,58,80
20220420,서울특별시,11,영등포구,11560,경상북도,47,18,320,161,141,215,20,404,78,184,91,118
20220420,서울특별시,11,영등포구,11560,경상남도,48,38,440,137,196,326,20,584,61,240,137,150
20220420,서울특별시,11,영등포구,11560,제주특별자치도,50,12,56,61,17,41,5,66,45,51,9,12
20220420,서울특별시,11,동대문구,11230,전라남도,46,30,132,21,56,168,16,232,34,469,75,39
20220420,서울특별시,11,동대문구,11230,전라북도,45,21,153,15,50,213,20,234,40,553,75,40
20220420,서울특별시,11,동대문구,11230,충청남도,44,53,212,35,66,281,20,308,62,691,103,67
20220420,서울특별시,11,동대문구,11230,충청북도,43,34,165,21,72,175,20,199,42,556,93,56
20220420,서울특별시,11,동대문구,11230,강원도,42,36,148,29,52,210,14,233,29,418,58,46
20220420,서울특별시,11,동대문구,11230,경기도,41,338,1690,197,481,1816,169,2014,407,5447,838,508
20220420,서울특별시,11,동대문구,11230,세종특별자치시,36,9,37,7,10,40,4,41,13,134,20,13
20220420,서울특별시,11,동대문구,11230,울산광역시,31,19,129,14,29,96,9,140,26,356,55,23
20220420,서울특별시,11,동대문구,11230,대전광역시,30,42,158,20,43,183,18,193,41,486,85,35
20220420,서울특별시,11,동대문구,11230,광주광역시,29,28,148,14,35,190,6,192,38,516,94,44
20220420,서울특별시,11,동대문구,11230,인천광역시,28,70,361,43,109,369,31,443,74,974,172,95
20220420,서울특별시,11,동대문구,11230,대구광역시,27,40,235,20,85,256,19,248,49,723,113,79
20220420,서울특별시,11,동대문구,11230,부산광역시,26,57,318,23,98,353,22,415,86,963,170,107
20220420,서울특별시,11,동대문구,11230,서울특별시,11,266,1249,144,346,1320,108,1459,186,3840,633,363
20220420,서울특별시,11,금천구,11545,제주특별자치도,50,19,51,32,48,39,39,47,28,204,127,62
20220420,서울특별시,11,금천구,11545,경상남도,48,112,347,82,336,396,192,440,151,1134,539,472
20220420,서울특별시,11,금천구,11545,경상북도,47,121,273,81,259,238,141,373,107,865,411,351
20220420,서울특별시,11,금천구,11545,전라남도,46,84,186,72,152,175,137,252,83,609,293,218
20220420,서울특별시,11,금천구,11545,전라북도,45,85,176,72,150,161,87,290,63,651,330,247
20220420,서울특별시,11,금천구,11545,충청남도,44,94,247,84,277,276,106,324,105,826,449,323
20220420,서울특별시,11,금천구,11545,충청북도,43,81,220,62,195,195,90,290,93,645,335,220
20220420,서울특별시,11,금천구,11545,강원도,42,67,191,58,139,189,86,242,72,575,329,226
20220420,서울특별시,11,금천구,11545,경기도,41,718,1834,915,1548,2031,887,2661,799,5782,2843,2720
20220420,서울특별시,11,금천구,11545,세종특별자치시,36,21,41,33,30,95,24,77,44,223,91,74
20220420,서울특별시,11,금천구,11545,울산광역시,31,39,112,23,94,133,59,163,63,461,217,186
20220420,서울특별시,11,금천구,11545,대전광역시,30,83,192,48,166,217,85,313,69,568,307,279
20220420,서울특별시,11,금천구,11545,광주광역시,29,62,175,34,154,236,85,285,85,680,301,271
20220420,서울특별시,11,금천구,11545,인천광역시,28,120,353,118,318,383,143,562,107,1107,608,546
20220420,서울특별시,11,금천구,11545,대구광역시,27,80,314,36,224,285,180,342,127,934,378,412
20220420,서울특별시,11,금천구,11545,부산광역시,26,127,443,78,326,441,249,548,130,1211,568,557
20220420,서울특별시,11,금천구,11545,서울특별시,11,565,1476,724,1310,1735,741,2168,568,4300,2072,2357
20220421,서울특별시,11,서초구,11650,충청남도,44,36,188,95,65,174,19,129,34,283,84,95
20220421,서울특별시,11,강북구,11305,서울특별시,11,51,494,66,209,286,40,67,68,1484,325,102
20220421,서울특별시,11,강북구,11305,부산광역시,26,12,136,11,39,76,10,26,17,407,100,19
20220421,서울특별시,11,강북구,11305,대구광역시,27,14,99,7,44,51,6,8,19,307,54,15
20220421,서울특별시,11,강북구,11305,인천광역시,28,10,156,12,40,98,8,21,21,426,82,25
20220421,서울특별시,11,강북구,11305,광주광역시,29,8,61,3,30,33,3,7,20,223,40,10
20220421,서울특별시,11,강북구,11305,대전광역시,30,8,53,7,23,30,0,10,14,218,35,12
20220421,서울특별시,11,강북구,11305,울산광역시,31,4,40,6,11,29,0,10,12,160,25,11
20220421,서울특별시,11,강북구,11305,세종특별자치시,36,0,13,3,15,6,0,0,3,53,12,3
20220421,서울특별시,11,강북구,11305,경기도,41,77,767,71,236,351,62,106,146,2481,476,147
20220421,서울특별시,11,강북구,11305,강원도,42,10,76,4,25,39,6,4,6,238,43,11
20220421,서울특별시,11,강북구,11305,충청북도,43,9,81,4,21,38,6,10,15,274,46,7
20220421,서울특별시,11,강북구,11305,충청남도,44,9,85,7,40,55,11,11,22,353,75,14
20220421,서울특별시,11,강북구,11305,전라북도,45,8,71,7,27,30,4,19,14,245,46,9
20220421,서울특별시,11,강북구,11305,전라남도,46,10,62,7,32,45,5,12,13,247,51,11
20220421,서울특별시,11,강북구,11305,경상북도,47,20,112,3,31,61,12,23,31,334,72,17
20220421,서울특별시,11,강북구,11305,경상남도,48,8,137,6,58,77,12,17,29,448,86,23
20220421,서울특별시,11,강북구,11305,제주특별자치도,50,6,20,0,3,7,0,5,0,43,15,0
20220421,서울특별시,11,도봉구,11320,서울특별시,11,128,468,71,469,564,125,513,91,2434,477,528
20220421,서울특별시,11,도봉구,11320,부산광역시,26,38,96,8,123,163,29,165,33,738,144,165
20220421,서울특별시,11,도봉구,11320,대구광역시,27,22,62,5,92,108,34,120,33,541,104,138
20220421,서울특별시,11,도봉구,11320,인천광역시,28,29,108,11,127,183,36,156,52,732,137,182
20220421,서울특별시,11,도봉구,11320,광주광역시,29,13,47,8,61,74,17,56,22,377,64,83
20220421,서울특별시,11,도봉구,11320,대전광역시,30,18,45,6,59,107,14,53,10,328,71,87
20220421,서울특별시,11,도봉구,11320,울산광역시,31,6,31,0,48,61,24,71,17,238,43,61
20220421,서울특별시,11,도봉구,11320,세종특별자치시,36,4,7,0,16,17,3,20,6,102,18,19
20220421,서울특별시,11,도봉구,11320,경기도,41,204,613,84,586,835,215,708,157,3901,715,730
20220421,서울특별시,11,도봉구,11320,강원도,42,31,69,3,74,95,26,87,11,329,76,66
20220421,서울특별시,11,도봉구,11320,충청북도,43,27,55,8,77,82,28,69,13,396,80,71
20220421,서울특별시,11,도봉구,11320,충청남도,44,23,72,5,112,125,27,94,19,487,113,108
20220421,서울특별시,11,도봉구,11320,전라북도,45,13,67,3,66,73,17,78,18,404,68,85
20220421,서울특별시,11,도봉구,11320,전라남도,46,13,57,4,61,76,26,70,13,364,78,88
20220421,서울특별시,11,도봉구,11320,경상북도,47,28,88,7,115,106,42,125,24,499,106,140
20220421,서울특별시,11,도봉구,11320,경상남도,48,40,109,8,122,154,55,145,37,704,145,155
20220421,서울특별시,11,도봉구,11320,제주특별자치도,50,7,12,0,8,21,7,19,7,81,13,14
20220421,서울특별시,11,강남구,11680,서울특별시,11,292,2911,825,736,1741,129,2804,379,6194,1822,1749
20220421,서울특별시,11,강남구,11680,부산광역시,26,69,585,142,163,423,29,713,125,1662,493,334
20220421,서울특별시,11,강남구,11680,대구광역시,27,58,374,106,104,304,19,494,57,1138,317,245
20220421,서울특별시,11,강남구,11680,인천광역시,28,79,559,162,184,445,28,676,105,1562,431,318
20220421,서울특별시,11,강남구,11680,광주광역시,29,30,239,79,73,189,17,314,40,810,200,153
20220421,서울특별시,11,강남구,11680,대전광역시,30,33,273,77,87,218,15,338,55,798,208,159
20220421,서울특별시,11,강남구,11680,울산광역시,31,18,161,86,54,198,8,208,30,423,141,114
20220421,서울특별시,11,강남구,11680,세종특별자치시,36,8,63,29,18,50,5,111,21,184,54,49
20220421,서울특별시,11,강남구,11680,경기도,41,334,2980,872,939,2456,207,3546,589,8444,2289,1604
20220421,서울특별시,11,강남구,11680,강원도,42,23,253,56,92,236,10,376,39,709,193,132
20220421,서울특별시,11,강남구,11680,충청북도,43,39,277,55,85,224,12,353,34,852,186,153
20220421,서울특별시,11,강남구,11680,충청남도,44,40,349,106,131,313,23,527,67,1015,296,190
20220421,서울특별시,11,강남구,11680,전라북도,45,30,214,81,82,203,13,308,52,830,188,129
20220421,서울특별시,11,강남구,11680,전라남도,46,24,238,69,92,219,12,345,28,601,192,127
20220421,서울특별시,11,강남구,11680,경상북도,47,49,336,90,125,310,21,488,75,1077,281,214
20220421,서울특별시,11,강남구,11680,경상남도,48,50,432,100,173,442,37,651,88,1242,371,282
20220421,서울특별시,11,강남구,11680,제주특별자치도,50,22,94,16,20,75,6,88,18,176,66,36
20220421,서울특별시,11,송파구,11710,서울특별시,11,93,1286,788,418,7177,236,1500,121,2478,810,503
20220421,서울특별시,11,송파구,11710,부산광역시,26,29,242,40,109,446,67,2144,44,603,193,186
20220421,서울특별시,11,송파구,11710,대구광역시,27,42,172,21,97,672,64,6446,83,399,150,234
20220421,서울특별시,11,송파구,11710,인천광역시,28,25,213,77,124,361,51,422,44,610,169,129
20220421,서울특별시,11,송파구,11710,광주광역시,29,16,125,16,41,299,28,2203,41,236,92,90
20220421,서울특별시,11,송파구,11710,대전광역시,30,30,106,25,62,557,40,6260,76,285,112,177
20220421,서울특별시,11,송파구,11710,울산광역시,31,17,67,12,32,155,24,660,19,224,56,50
20220421,서울특별시,11,송파구,11710,세종특별자치시,36,8,32,14,19,243,16,2669,44,84,41,72
20220421,서울특별시,11,송파구,11710,경기도,41,164,1401,319,510,2047,353,7391,240,3886,1062,703
20220421,서울특별시,11,송파구,11710,강원도,42,21,137,27,55,343,36,2691,44,291,85,97
20220421,서울특별시,11,송파구,11710,충청북도,43,19,121,28,61,469,52,4687,75,422,104,144
20220421,서울특별시,11,송파구,11710,충청남도,44,23,157,48,80,646,55,5584,103,416,123,227
20220421,서울특별시,11,송파구,11710,전라북도,45,13,110,19,41,330,33,2530,42,344,91,97
20220421,서울특별시,11,송파구,11710,전라남도,46,14,88,30,44,354,37,2365,50,302,93,112
20220421,서울특별시,11,송파구,11710,경상북도,47,23,155,23,88,498,53,3705,66,384,139,170
20220421,서울특별시,11,송파구,11710,경상남도,48,34,191,59,110,604,62,4515,77,570,184,195
20220421,서울특별시,11,송파구,11710,제주특별자치도,50,0,53,9,15,21,7,20,0,94,23,12
20220421,서울특별시,11,성북구,11290,서울특별시,11,265,1741,217,386,1372,169,1089,406,6738,2131,767
20220421,서울특별시,11,성북구,11290,부산광역시,26,50,442,41,102,410,48,312,123,1928,554,131
20220421,서울특별시,11,성북구,11290,대구광역시,27,53,313,43,76,322,52,201,103,1382,421,94
20220421,서울특별시,11,성북구,11290,인천광역시,28,89,461,40,115,450,55,288,142,2011,514,134
20220421,서울특별시,11,성북구,11290,광주광역시,29,44,210,41,49,168,26,107,64,995,272,49
20220421,서울특별시,11,성북구,11290,대전광역시,30,32,194,30,56,186,25,140,77,909,247,63
20220421,서울특별시,11,성북구,11290,울산광역시,31,23,122,14,35,128,29,102,50,613,181,48
20220421,서울특별시,11,성북구,11290,세종특별자치시,36,11,50,8,16,60,8,27,29,197,71,17
20220421,서울특별시,11,성북구,11290,경기도,41,463,2347,274,535,2199,344,1562,662,9579,2744,622
20220421,서울특별시,11,성북구,11290,강원도,42,34,194,37,46,257,26,128,54,833,249,60
20220421,서울특별시,11,성북구,11290,충청북도,43,40,205,23,47,222,33,158,61,954,263,78
20220421,서울특별시,11,성북구,11290,충청남도,44,59,290,44,101,306,46,198,91,1281,409,94
20220421,서울특별시,11,성북구,11290,전라북도,45,27,213,24,38,208,29,155,64,1041,260,88
20220421,서울특별시,11,성북구,11290,전라남도,46,29,219,41,53,244,24,128,41,890,247,76
20220421,서울특별시,11,성북구,11290,경상북도,47,54,346,60,86,314,44,224,104,1293,377,110
20220421,서울특별시,11,성북구,11290,경상남도,48,77,415,73,106,416,54,316,124,1816,488,132
20220421,서울특별시,11,성북구,11290,제주특별자치도,50,7,63,19,17,46,6,25,22,275,74,9
20220421,서울특별시,11,성동구,11200,서울특별시,11,274,3983,270,792,680,159,777,102,3924,1547,459
20220421,서울특별시,11,성동구,11200,부산광역시,26,70,741,23,163,170,40,245,25,902,404,110
20220421,서울특별시,11,성동구,11200,대구광역시,27,53,487,17,133,136,28,143,25,708,277,95
20220421,서울특별시,11,성동구,11200,인천광역시,28,70,817,36,166,176,35,165,27,868,361,107
20220421,서울특별시,11,성동구,11200,광주광역시,29,33,396,10,97,75,18,93,14,451,165,50
20220421,서울특별시,11,성동구,11200,대전광역시,30,30,323,14,80,90,24,81,13,419,196,40
20220421,서울특별시,11,성동구,11200,울산광역시,31,17,175,12,69,58,9,75,7,278,126,27
20220421,서울특별시,11,성동구,11200,세종특별자치시,36,12,92,9,26,19,4,24,0,121,53,12
20220421,서울특별시,11,성동구,11200,경기도,41,312,4191,185,908,987,204,921,126,4888,1723,510
20220421,서울특별시,11,성동구,11200,강원도,42,34,316,16,91,109,21,120,12,357,169,49
20220421,서울특별시,11,성동구,11200,충청북도,43,41,335,8,70,117,31,117,12,466,177,33
20220421,서울특별시,11,성동구,11200,충청남도,44,55,438,33,132,124,30,136,17,535,227,69
20220421,서울특별시,11,성동구,11200,전라북도,45,31,323,13,91,71,12,91,8,398,165,42
20220421,서울특별시,11,성동구,11200,전라남도,46,42,304,9,81,68,18,69,13,374,190,43
20220421,서울특별시,11,성동구,11200,경상북도,47,42,453,21,137,137,27,136,20,544,215,81
20220421,서울특별시,11,성동구,11200,경상남도,48,83,600,22,198,160,37,186,27,846,333,100
20220421,서울특별시,11,성동구,11200,제주특별자치도,50,16,142,7,19,34,0,19,0,134,71,11
20220421,서울특별시,11,양천구,11470,서울특별시,11,65,712,98,330,612,73,754,145,698,376,305
20220421,서울특별시,11,양천구,11470,부산광역시,26,22,174,22,104,154,23,207,30,141,91,95
20220421,서울특별시,11,양천구,11470,대구광역시,27,18,129,14,62,123,13,131,13,101,53,64
20220421,서울특별시,11,양천구,11470,인천광역시,28,16,165,23,93,173,17,205,37,133,79,91
20220421,서울특별시,11,양천구,11470,광주광역시,29,6,85,8,37,88,9,88,12,60,40,46
20220421,서울특별시,11,양천구,11470,대전광역시,30,0,80,11,52,78,7,118,11,63,46,35
20220421,서울특별시,11,양천구,11470,울산광역시,31,7,60,5,25,40,15,70,7,43,27,24
20220421,서울특별시,11,양천구,11470,세종특별자치시,36,0,21,4,14,27,4,36,4,11,11,8
20220421,서울특별시,11,양천구,11470,경기도,41,95,891,129,378,923,108,999,156,1257,463,427
20220421,서울특별시,11,양천구,11470,강원도,42,12,90,13,47,96,12,108,21,65,61,35
20220421,서울특별시,11,양천구,11470,충청북도,43,10,70,4,33,77,13,109,13,122,38,34
20220421,서울특별시,11,양천구,11470,충청남도,44,10,123,22,73,121,22,161,21,94,67,69
20220421,서울특별시,11,양천구,11470,전라북도,45,11,74,11,49,95,12,121,4,74,46,36
20220421,서울특별시,11,양천구,11470,전라남도,46,6,82,13,37,91,12,90,12,46,41,54
20220421,서울특별시,11,양천구,11470,경상북도,47,19,140,15,74,104,26,161,27,80,63,81
20220421,서울특별시,11,양천구,11470,경상남도,48,27,172,16,74,140,22,209,28,94,74,88
20220421,서울특별시,11,양천구,11470,제주특별자치도,50,4,33,3,17,15,3,22,9,15,16,10
20220421,서울특별시,11,강서구,11500,서울특별시,11,292,1703,685,1498,1598,372,1866,218,2650,1140,1704
20220421,서울특별시,11,강서구,11500,부산광역시,26,107,377,156,407,586,139,581,67,707,379,463
20220421,서울특별시,11,강서구,11500,대구광역시,27,56,305,117,271,403,123,339,50,524,251,288
20220421,서울특별시,11,강서구,11500,인천광역시,28,94,444,146,424,500,103,499,60,765,354,441
20220421,서울특별시,11,강서구,11500,광주광역시,29,35,174,75,205,280,61,350,40,383,146,202
20220421,서울특별시,11,강서구,11500,대전광역시,30,41,204,65,202,246,59,205,36,321,163,236
20220421,서울특별시,11,강서구,11500,울산광역시,31,26,111,50,129,169,87,180,19,235,118,127
20220421,서울특별시,11,강서구,11500,세종특별자치시,36,9,49,18,51,65,15,57,9,91,60,62
20220421,서울특별시,11,강서구,11500,경기도,41,427,2213,663,2156,2505,615,2602,341,4573,1940,2319
20220421,서울특별시,11,강서구,11500,강원도,42,45,187,76,235,343,70,377,59,689,276,327
20220421,서울특별시,11,강서구,11500,충청북도,43,47,196,67,214,330,64,390,39,705,247,352
20220421,서울특별시,11,강서구,11500,충청남도,44,62,279,118,323,404,95,447,58,737,310,323
20220421,서울특별시,11,강서구,11500,전라북도,45,41,170,81,208,288,58,315,35,510,201,230
20220421,서울특별시,11,강서구,11500,전라남도,46,58,193,110,248,378,63,396,37,704,214,280
20220421,서울특별시,11,강서구,11500,경상북도,47,81,311,95,312,459,87,557,73,872,336,425
20220421,서울특별시,11,강서구,11500,경상남도,48,81,370,102,378,548,109,620,65,907,412,575
20220421,서울특별시,11,강서구,11500,제주특별자치도,50,17,55,20,42,64,20,74,11,117,69,72
20220421,서울특별시,11,중구,11140,서울특별시,11,345,1705,449,322,1651,187,997,152,4321,1115,317
20220421,서울특별시,11,중구,11140,부산광역시,26,73,366,80,91,323,73,115,42,1149,300,52
20220421,서울특별시,11,중구,11140,대구광역시,27,55,242,62,73,246,54,76,46,805,249,33
20220421,서울특별시,11,중구,11140,인천광역시,28,71,338,98,105,336,56,186,47,956,262,66
20220421,서울특별시,11,중구,11140,광주광역시,29,36,190,78,36,173,34,68,35,554,148,23
20220421,서울특별시,11,중구,11140,대전광역시,30,38,200,61,48,182,33,77,28,556,128,20
20220421,서울특별시,11,중구,11140,울산광역시,31,36,126,37,18,107,25,52,17,333,80,7
20220421,서울특별시,11,중구,11140,세종특별자치시,36,11,59,23,16,42,7,29,7,142,32,8
20220421,서울특별시,11,중구,11140,경기도,41,386,1817,509,446,2026,294,1132,176,5139,1267,239
20220421,서울특별시,11,중구,11140,강원도,42,32,213,49,60,226,36,70,30,455,123,19
20220421,서울특별시,11,중구,11140,충청북도,43,30,180,57,43,218,30,73,20,524,137,29
20220421,서울특별시,11,중구,11140,충청남도,44,44,200,66,68,261,40,89,32,693,168,29
20220421,서울특별시,11,중구,11140,전라북도,45,36,166,85,52,154,38,77,22,497,119,30
20220421,서울특별시,11,중구,11140,전라남도,46,32,171,78,60,147,31,64,29,517,120,15
20220421,서울특별시,11,중구,11140,경상북도,47,56,224,63,61,271,36,103,27,732,186,27
20220421,서울특별시,11,중구,11140,경상남도,48,58,304,65,85,339,78,125,48,1002,258,44
20220421,서울특별시,11,중구,11140,제주특별자치도,50,60,79,17,10,82,11,21,10,141,50,3
20220421,서울특별시,11,관악구,11620,서울특별시,11,82,647,319,250,442,72,247,42,827,440,761
20220421,서울특별시,11,관악구,11620,부산광역시,26,34,154,44,55,127,8,44,17,171,150,200
20220421,서울특별시,11,관악구,11620,대구광역시,27,28,76,38,34,72,14,41,10,121,97,151
20220421,서울특별시,11,관악구,11620,인천광역시,28,27,148,45,72,133,18,50,16,219,120,223
20220421,서울특별시,11,관악구,11620,광주광역시,29,14,53,41,26,47,11,20,10,85,66,112
20220421,서울특별시,11,관악구,11620,대전광역시,30,19,51,23,24,58,10,29,8,84,68,103
20220421,서울특별시,11,관악구,11620,울산광역시,31,11,39,7,19,38,11,18,3,52,42,70
20220421,서울특별시,11,관악구,11620,세종특별자치시,36,0,9,7,10,17,4,10,0,16,21,18
20220421,서울특별시,11,관악구,11620,경기도,41,120,799,249,267,655,114,289,82,1373,727,979
20220421,서울특별시,11,관악구,11620,강원도,42,11,53,19,31,72,6,38,7,77,74,79
20220421,서울특별시,11,관악구,11620,충청북도,43,10,73,20,37,57,9,31,5,136,80,101
20220421,서울특별시,11,관악구,11620,충청남도,44,18,79,26,48,95,14,44,9,112,109,121
20220421,서울특별시,11,관악구,11620,전라북도,45,6,66,33,25,66,3,25,9,91,63,92
20220421,서울특별시,11,관악구,11620,전라남도,46,5,63,12,22,54,6,26,9,78,70,97
20220421,서울특별시,11,관악구,11620,경상북도,47,12,84,16,34,92,14,48,4,109,99,142
20220421,서울특별시,11,관악구,11620,경상남도,48,19,103,33,45,101,19,45,13,165,141,193
20220421,서울특별시,11,관악구,11620,제주특별자치도,50,0,29,5,12,17,3,14,4,26,18,9
20220421,서울특별시,11,종로구,11110,서울특별시,11,208,1199,270,294,626,62,409,148,2458,858,213
20220421,서울특별시,11,종로구,11110,부산광역시,26,40,247,28,63,147,15,73,41,772,263,63
20220421,서울특별시,11,종로구,11110,대구광역시,27,27,237,24,56,127,15,39,31,532,155,36
20220421,서울특별시,11,종로구,11110,인천광역시,28,37,323,31,60,154,15,100,46,653,263,39
20220421,서울특별시,11,종로구,11110,광주광역시,29,15,117,13,40,58,9,42,27,360,103,24
20220421,서울특별시,11,종로구,11110,대전광역시,30,17,132,27,47,70,9,35,25,331,134,25
20220421,서울특별시,11,종로구,11110,울산광역시,31,10,63,6,36,44,11,33,8,204,75,14
20220421,서울특별시,11,종로구,11110,세종특별자치시,36,9,34,6,9,19,0,13,10,88,35,13
20220421,서울특별시,11,종로구,11110,경기도,41,254,1527,187,360,851,80,532,236,3376,1292,257
20220421,서울특별시,11,종로구,11110,강원도,42,34,160,17,40,77,9,53,39,291,116,25
20220421,서울특별시,11,종로구,11110,충청북도,43,23,168,7,42,81,6,48,23,377,119,26
20220421,서울특별시,11,종로구,11110,충청남도,44,42,188,15,56,106,6,51,33,450,177,45
20220421,서울특별시,11,종로구,11110,전라북도,45,21,128,13,36,82,14,50,39,335,128,35
20220421,서울특별시,11,종로구,11110,전라남도,46,16,113,11,28,86,9,36,25,309,127,33
20220421,서울특별시,11,종로구,11110,경상북도,47,26,229,19,61,132,14,69,39,505,192,45
20220421,서울특별시,11,종로구,11110,경상남도,48,40,245,18,61,172,23,81,41,590,234,79
20220421,서울특별시,11,종로구,11110,제주특별자치도,50,6,64,0,13,16,0,23,11,131,51,3
20220421,서울특별시,11,서대문구,11410,서울특별시,11,14,751,129,213,512,35,536,248,1770,379,211
20220421,서울특별시,11,서대문구,11410,부산광역시,26,4,139,33,37,195,8,233,88,286,88,60
20220421,서울특별시,11,서대문구,11410,대구광역시,27,0,76,9,40,109,6,100,44,190,61,40
20220421,서울특별시,11,서대문구,11410,인천광역시,28,4,134,14,45,166,9,178,89,349,94,65
20220421,서울특별시,11,서대문구,11410,광주광역시,29,0,58,0,16,70,0,56,54,151,33,24
20220421,서울특별시,11,서대문구,11410,대전광역시,30,0,56,8,25,77,3,103,41,150,39,27
20220421,서울특별시,11,서대문구,11410,울산광역시,31,0,34,5,17,38,0,36,33,88,32,25
20220421,서울특별시,11,서대문구,11410,세종특별자치시,36,0,12,0,6,19,0,19,8,28,17,7
20220421,서울특별시,11,서대문구,11410,경기도,41,48,667,100,245,785,59,702,482,1846,503,308
20220421,서울특별시,11,서대문구,11410,강원도,42,0,61,8,22,70,3,75,42,128,41,25
20220421,서울특별시,11,서대문구,11410,충청북도,43,5,67,6,28,93,3,57,60,149,47,22
20220421,서울특별시,11,서대문구,11410,충청남도,44,4,96,13,25,117,3,100,76,172,52,41
20220421,서울특별시,11,서대문구,11410,전라북도,45,0,61,4,46,83,3,87,52,133,30,26
20220421,서울특별시,11,서대문구,11410,전라남도,46,3,53,8,23,86,3,70,58,110,24,29
20220421,서울특별시,11,서대문구,11410,경상북도,47,5,91,15,42,126,6,111,87,177,65,34
20220421,서울특별시,11,서대문구,11410,경상남도,48,3,98,16,33,165,14,118,112,246,89,52
20220421,서울특별시,11,서대문구,11410,제주특별자치도,50,0,17,4,3,7,0,8,15,45,16,6
20220421,서울특별시,11,금천구,11545,서울특별시,11,516,1089,651,1249,1505,636,1490,500,4467,1892,1922
20220421,서울특별시,11,금천구,11545,부산광역시,26,115,230,57,279,418,196,385,129,1147,484,469
20220421,서울특별시,11,금천구,11545,대구광역시,27,77,201,35,202,256,190,253,90,959,342,315
20220421,서울특별시,11,금천구,11545,인천광역시,28,125,282,208,329,377,148,395,123,1242,510,415
20220421,서울특별시,11,금천구,11545,광주광역시,29,52,136,20,172,168,114,179,83,698,328,223
20220421,서울특별시,11,금천구,11545,대전광역시,30,69,109,40,154,179,82,178,78,615,257,197
20220421,서울특별시,11,금천구,11545,울산광역시,31,43,89,11,104,131,77,109,59,490,179,156
20220421,서울특별시,11,금천구,11545,세종특별자치시,36,24,32,9,37,66,17,53,32,215,83,57
20220421,서울특별시,11,금천구,11545,경기도,41,658,1451,756,1508,2092,805,1714,751,6139,2561,2279
20220421,서울특별시,11,금천구,11545,강원도,42,86,129,66,200,203,83,180,60,603,245,181
20220421,서울특별시,11,금천구,11545,충청북도,43,59,116,43,156,223,94,175,67,631,292,199
20220421,서울특별시,11,금천구,11545,충청남도,44,80,172,68,220,258,131,248,106,849,405,223
20220421,서울특별시,11,금천구,11545,전라북도,45,62,142,15,120,180,87,178,80,735,273,223
20220421,서울특별시,11,금천구,11545,전라남도,46,74,99,44,177,213,119,171,62,700,266,166
20220421,서울특별시,11,금천구,11545,경상북도,47,98,202,52,255,308,176,271,108,881,432,275
20220421,서울특별시,11,금천구,11545,경상남도,48,118,248,46,308,411,213,369,133,1211,445,439
20220421,서울특별시,11,금천구,11545,제주특별자치도,50,15,40,15,44,44,39,61,20,197,90,57
20220421,서울특별시,11,마포구,11440,서울특별시,11,247,2185,916,1705,2234,186,2048,141,2372,965,540
20220421,서울특별시,11,마포구,11440,부산광역시,26,65,370,149,428,700,52,484,44,477,252,156
20220421,서울특별시,11,마포구,11440,대구광역시,27,55,310,130,324,458,36,369,63,347,171,92
20220421,서울특별시,11,마포구,11440,인천광역시,28,63,423,171,397,690,50,519,49,456,201,115
20220421,서울특별시,11,마포구,11440,광주광역시,29,25,168,99,180,285,28,208,23,240,84,73
20220421,서울특별시,11,마포구,11440,대전광역시,30,24,184,76,222,344,27,225,23,257,99,75
20220421,서울특별시,11,마포구,11440,울산광역시,31,26,92,42,122,177,12,175,11,145,64,51
20220421,서울특별시,11,마포구,11440,세종특별자치시,36,3,64,27,52,89,7,81,6,56,29,12
20220421,서울특별시,11,마포구,11440,경기도,41,303,2110,826,2217,3239,268,2578,284,2868,1173,679
20220421,서울특별시,11,마포구,11440,강원도,42,31,211,82,241,474,19,272,33,205,101,67
20220421,서울특별시,11,마포구,11440,충청북도,43,28,200,66,205,291,17,253,19,283,108,49
20220421,서울특별시,11,마포구,11440,충청남도,44,47,286,124,330,472,46,379,45,320,129,95
20220421,서울특별시,11,마포구,11440,전라북도,45,28,163,80,214,364,23,230,24,255,119,67
20220421,서울특별시,11,마포구,11440,전라남도,46,19,171,92,228,268,20,239,22,162,101,63
20220421,서울특별시,11,마포구,11440,경상북도,47,35,260,126,386,487,37,412,41,320,134,82
20220421,서울특별시,11,마포구,11440,경상남도,48,60,336,149,379,646,50,531,51,366,174,137
20220421,서울특별시,11,마포구,11440,제주특별자치도,50,10,70,24,52,77,8,42,0,97,32,21
20220421,서울특별시,11,서초구,11650,서울특별시,11,307,1678,585,462,1140,130,1244,146,1821,479,785
20220421,서울특별시,11,서초구,11650,부산광역시,26,44,281,154,98,295,35,170,51,396,126,172
20220421,서울특별시,11,서초구,11650,대구광역시,27,30,171,97,57,210,32,130,38,312,83,102
20220421,서울특별시,11,서초구,11650,인천광역시,28,56,249,145,102,264,23,158,73,353,107,193
20220421,서울특별시,11,서초구,11650,광주광역시,29,19,124,63,41,147,9,73,20,199,45,88
20220421,서울특별시,11,서초구,11650,대전광역시,30,20,138,68,48,122,22,85,44,203,59,85
20220421,서울특별시,11,서초구,11650,울산광역시,31,15,71,54,39,110,14,50,8,98,35,46
20220421,서울특별시,11,서초구,11650,세종특별자치시,36,7,31,22,9,37,3,23,5,47,14,24
20220421,서울특별시,11,서초구,11650,경기도,41,317,1602,799,584,1478,159,944,233,2786,651,886
20220421,서울특별시,11,서초구,11650,강원도,42,17,117,66,51,143,15,78,22,156,44,72
20220421,서울특별시,11,서초구,11650,충청북도,43,31,148,45,36,155,14,100,25,251,47,70
20220421,서울특별시,11,서초구,11650,전라북도,45,18,103,77,34,129,21,68,11,200,48,75
20220421,서울특별시,11,서초구,11650,전라남도,46,19,121,70,43,111,7,66,19,182,36,72
20220421,서울특별시,11,서초구,11650,경상북도,47,35,173,77,55,219,25,110,29,278,64,104
20220421,서울특별시,11,서초구,11650,경상남도,48,36,195,109,72,288,38,150,31,350,86,142
20220421,서울특별시,11,서초구,11650,제주특별자치도,50,7,43,11,15,40,4,16,6,86,14,24
20220421,서울특별시,11,은평구,11380,서울특별시,11,88,411,107,212,495,169,547,63,661,315,547
20220421,서울특별시,11,은평구,11380,부산광역시,26,20,80,15,49,166,44,164,19,147,136,186
20220421,서울특별시,11,은평구,11380,대구광역시,27,15,60,11,34,96,42,83,15,104,46,119
20220421,서울특별시,11,은평구,11380,인천광역시,28,23,103,17,50,130,42,132,32,147,104,156
20220421,서울특별시,11,은평구,11380,광주광역시,29,7,44,6,22,70,23,67,15,73,49,83
20220421,서울특별시,11,은평구,11380,대전광역시,30,10,38,4,21,67,20,78,8,48,45,77
20220421,서울특별시,11,은평구,11380,울산광역시,31,8,19,6,10,55,11,33,13,34,19,55
20220421,서울특별시,11,은평구,11380,세종특별자치시,36,3,10,0,0,28,4,17,0,17,14,17
20220421,서울특별시,11,은평구,11380,경기도,41,89,508,85,268,815,241,697,110,1226,547,844
20220421,서울특별시,11,은평구,11380,강원도,42,15,35,4,27,73,38,82,12,61,57,74
20220421,서울특별시,11,은평구,11380,충청북도,43,10,45,4,30,96,32,65,11,125,48,106
20220421,서울특별시,11,은평구,11380,충청남도,44,7,70,21,46,124,33,131,21,112,69,122
20220421,서울특별시,11,은평구,11380,전라북도,45,5,39,6,18,78,26,91,10,93,55,95
20220421,서울특별시,11,은평구,11380,전라남도,46,6,26,5,15,136,40,94,10,56,55,104
20220421,서울특별시,11,은평구,11380,경상북도,47,17,63,13,39,121,40,105,19,106,96,122
20220421,서울특별시,11,은평구,11380,경상남도,48,21,90,7,46,171,54,160,28,139,131,179
20220421,서울특별시,11,은평구,11380,제주특별자치도,50,0,8,0,5,17,7,13,0,12,16,14
20220421,서울특별시,11,중랑구,11260,서울특별시,11,194,2016,169,611,1024,298,750,191,1617,699,370
20220421,서울특별시,11,중랑구,11260,부산광역시,26,53,370,46,120,305,114,237,53,430,208,101
20220421,서울특별시,11,중랑구,11260,대구광역시,27,50,310,22,82,194,58,157,40,317,144,86
20220421,서울특별시,11,중랑구,11260,인천광역시,28,58,594,32,169,283,107,194,54,453,199,119
20220421,서울특별시,11,중랑구,11260,광주광역시,29,17,182,17,57,140,54,111,30,210,72,52
20220421,서울특별시,11,중랑구,11260,대전광역시,30,28,216,16,46,152,48,103,33,213,75,49
20220421,서울특별시,11,중랑구,11260,울산광역시,31,13,144,10,31,81,26,71,19,133,55,25
20220421,서울특별시,11,중랑구,11260,세종특별자치시,36,9,37,6,13,45,19,27,12,53,27,15
20220421,서울특별시,11,중랑구,11260,경기도,41,261,2087,208,741,1428,500,973,302,2325,906,442
20220421,서울특별시,11,중랑구,11260,강원도,42,24,261,19,57,146,88,100,33,197,102,39
20220421,서울특별시,11,중랑구,11260,충청북도,43,24,175,24,58,146,44,102,36,236,82,37
20220421,서울특별시,11,중랑구,11260,충청남도,44,47,239,22,85,236,62,160,74,280,106,66
20220421,서울특별시,11,중랑구,11260,전라북도,45,21,165,26,74,144,49,115,28,222,90,68
20220421,서울특별시,11,중랑구,11260,전라남도,46,20,157,22,52,156,47,120,28,197,67,52
20220421,서울특별시,11,중랑구,11260,경상북도,47,36,288,39,85,240,61,168,57,295,108,73
20220421,서울특별시,11,중랑구,11260,경상남도,48,39,339,37,95,320,101,192,61,385,168,106
20220421,서울특별시,11,중랑구,11260,제주특별자치도,50,6,48,5,16,52,28,19,6,67,33,7
20220421,서울특별시,11,강동구,11740,서울특별시,11,295,921,380,361,820,138,1086,72,1182,493,289
20220421,서울특별시,11,강동구,11740,부산광역시,26,52,213,81,107,270,42,289,25,300,146,72
20220421,서울특별시,11,강동구,11740,대구광역시,27,58,165,71,52,199,26,174,11,201,99,38
20220421,서울특별시,11,강동구,11740,인천광역시,28,56,236,89,91,239,26,235,20,254,129,52
20220421,서울특별시,11,강동구,11740,광주광역시,29,22,95,60,35,105,12,103,9,121,51,14
20220421,서울특별시,11,강동구,11740,대전광역시,30,46,85,45,47,107,12,126,8,139,68,32
20220421,서울특별시,11,강동구,11740,울산광역시,31,13,57,22,26,76,26,74,9,77,38,12
20220421,서울특별시,11,강동구,11740,세종특별자치시,36,3,24,20,13,51,3,35,3,26,20,14
20220421,서울특별시,11,강동구,11740,경기도,41,303,1179,394,480,1182,194,1345,117,1790,683,265
20220421,서울특별시,11,강동구,11740,강원도,42,33,78,33,60,114,19,156,5,87,48,25
20220421,서울특별시,11,강동구,11740,충청북도,43,31,83,22,44,104,16,133,8,153,61,17
20220421,서울특별시,11,강동구,11740,충청남도,44,45,151,58,67,149,15,218,12,115,78,32
20220421,서울특별시,11,강동구,11740,전라북도,45,34,90,43,63,106,21,149,0,112,54,21
20220421,서울특별시,11,강동구,11740,전라남도,46,27,103,37,59,98,20,140,13,124,48,26
20220421,서울특별시,11,강동구,11740,경상북도,47,56,128,57,68,167,13,193,18,122,95,34
20220421,서울특별시,11,강동구,11740,경상남도,48,75,162,84,79,266,45,349,19,186,129,45
20220421,서울특별시,11,강동구,11740,제주특별자치도,50,3,24,8,12,38,5,39,4,20,18,10
20220421,서울특별시,11,노원구,11350,서울특별시,11,103,513,99,262,830,141,588,200,1424,294,144
20220421,서울특별시,11,노원구,11350,부산광역시,26,31,124,12,58,272,37,204,59,397,67,60
20220421,서울특별시,11,노원구,11350,대구광역시,27,27,67,10,40,193,34,118,48,284,61,31
20220421,서울특별시,11,노원구,11350,인천광역시,28,33,104,16,73,281,44,152,64,421,67,40
20220421,서울특별시,11,노원구,11350,광주광역시,29,15,60,3,23,130,18,67,26,197,38,13
20220421,서울특별시,11,노원구,11350,대전광역시,30,9,50,8,27,127,23,69,40,187,26,9
20220421,서울특별시,11,노원구,11350,울산광역시,31,8,41,3,12,83,23,71,23,144,23,10
20220421,서울특별시,11,노원구,11350,세종특별자치시,36,6,14,0,8,41,7,27,16,50,13,0
20220421,서울특별시,11,노원구,11350,경기도,41,162,653,119,344,1255,248,761,377,2463,414,195
20220421,서울특별시,11,노원구,11350,강원도,42,12,57,6,39,144,28,111,47,214,36,30
20220421,서울특별시,11,노원구,11350,충청북도,43,17,67,22,33,133,36,111,52,258,36,21
20220421,서울특별시,11,노원구,11350,충청남도,44,26,80,22,61,210,46,149,74,298,52,28
20220421,서울특별시,11,노원구,11350,전라북도,45,13,40,7,31,113,17,80,41,202,36,19
20220421,서울특별시,11,노원구,11350,전라남도,46,14,53,6,36,117,24,84,42,249,29,15
20220421,서울특별시,11,노원구,11350,경상북도,47,24,87,13,54,225,26,117,68,339,39,38
20220421,서울특별시,11,노원구,11350,경상남도,48,28,97,10,59,307,48,185,91,435,76,39
20220421,서울특별시,11,노원구,11350,제주특별자치도,50,0,9,5,6,30,6,18,6,80,9,5
20220421,서울특별시,11,영등포구,11560,서울특별시,11,133,2079,411,909,969,131,3135,210,1884,682,722
20220421,서울특별시,11,영등포구,11560,부산광역시,26,25,502,98,198,202,21,788,42,384,131,134
20220421,서울특별시,11,영등포구,11560,대구광역시,27,21,313,150,128,149,22,808,52,276,100,213
20220421,서울특별시,11,영등포구,11560,인천광역시,28,35,591,81,244,233,23,789,71,392,154,210
20220421,서울특별시,11,영등포구,11560,광주광역시,29,9,199,77,107,111,6,300,42,172,47,72
20220421,서울특별시,11,영등포구,11560,대전광역시,30,13,225,28,106,113,11,237,32,193,45,62
20220421,서울특별시,11,영등포구,11560,울산광역시,31,7,175,143,67,79,5,213,28,112,24,43
20220421,서울특별시,11,영등포구,11560,세종특별자치시,36,5,72,5,34,27,0,75,42,52,22,19
20220421,서울특별시,11,영등포구,11560,경기도,41,156,2531,693,1123,1299,187,3201,625,2466,731,903
20220421,서울특별시,11,영등포구,11560,강원도,42,10,258,96,137,146,14,311,37,169,35,61
20220421,서울특별시,11,영등포구,11560,충청북도,43,13,262,122,122,103,11,244,45,244,50,95
20220421,서울특별시,11,영등포구,11560,충청남도,44,31,326,83,150,203,42,357,108,274,82,84
20220421,서울특별시,11,영등포구,11560,전라북도,45,16,228,65,118,126,15,383,50,191,62,64
20220421,서울특별시,11,영등포구,11560,전라남도,46,9,239,75,97,98,5,379,46,158,52,76
20220421,서울특별시,11,영등포구,11560,경상북도,47,18,353,112,131,211,23,542,62,232,62,119
20220421,서울특별시,11,영등포구,11560,경상남도,48,32,463,160,188,256,21,667,68,313,117,170
20220421,서울특별시,11,영등포구,11560,제주특별자치도,50,5,76,85,20,29,0,45,34,36,12,9
20220421,서울특별시,11,구로구,11530,서울특별시,11,105,1184,170,547,1141,185,459,93,1960,475,531
20220421,서울특별시,11,구로구,11530,부산광역시,26,21,286,44,122,335,62,121,34,519,141,186
20220421,서울특별시,11,구로구,11530,대구광역시,27,19,195,29,103,201,35,103,22,413,72,122
20220421,서울특별시,11,구로구,11530,인천광역시,28,34,292,40,159,320,59,113,40,537,129,156
20220421,서울특별시,11,구로구,11530,광주광역시,29,6,127,17,75,159,27,47,19,287,81,82
20220421,서울특별시,11,구로구,11530,대전광역시,30,8,136,23,75,150,39,46,18,263,53,61
20220421,서울특별시,11,구로구,11530,울산광역시,31,8,86,10,41,110,24,40,12,174,33,60
20220421,서울특별시,11,구로구,11530,세종특별자치시,36,0,46,9,13,40,9,20,5,76,18,13
20220421,서울특별시,11,구로구,11530,경기도,41,140,1422,187,780,1631,318,572,153,3025,633,782
20220421,서울특별시,11,구로구,11530,강원도,42,16,147,16,81,162,48,56,14,277,59,64
20220421,서울특별시,11,구로구,11530,충청북도,43,11,135,20,109,155,33,60,18,315,39,79
20220421,서울특별시,11,구로구,11530,충청남도,44,18,182,27,115,217,57,92,35,356,62,103
20220421,서울특별시,11,구로구,11530,전라북도,45,13,122,20,75,149,33,52,19,292,53,74
20220421,서울특별시,11,구로구,11530,전라남도,46,14,133,21,92,137,30,60,18,285,68,67
20220421,서울특별시,11,구로구,11530,경상북도,47,22,202,24,126,228,49,98,19,377,81,121
20220421,서울특별시,11,구로구,11530,경상남도,48,26,226,30,163,295,56,97,42,537,127,158
20220421,서울특별시,11,구로구,11530,제주특별자치도,50,0,30,4,22,35,10,18,0,62,23,23
20220421,서울특별시,11,동대문구,11230,서울특별시,11,229,1063,155,299,971,96,1070,148,3873,634,382
20220421,서울특별시,11,동대문구,11230,부산광역시,26,63,314,35,84,364,22,358,56,986,172,93
20220421,서울특별시,11,동대문구,11230,대구광역시,27,46,185,22,60,259,20,214,46,742,123,70
20220421,서울특별시,11,동대문구,11230,인천광역시,28,57,322,44,83,336,22,364,41,991,191,107
20220421,서울특별시,11,동대문구,11230,광주광역시,29,15,130,14,29,172,15,140,19,571,78,47
20220421,서울특별시,11,동대문구,11230,대전광역시,30,34,131,12,32,173,13,158,18,489,68,48
20220421,서울특별시,11,동대문구,11230,울산광역시,31,17,101,9,25,119,6,97,13,309,56,56
20220421,서울특별시,11,동대문구,11230,세종특별자치시,36,11,28,3,6,50,5,35,6,154,20,7
20220421,서울특별시,11,동대문구,11230,경기도,41,296,1494,205,426,1657,140,1676,224,5220,894,496
20220421,서울특별시,11,동대문구,11230,강원도,42,37,124,16,34,192,10,199,24,444,69,41
20220421,서울특별시,11,동대문구,11230,충청북도,43,32,162,12,52,211,16,194,30,524,74,40
20220421,서울특별시,11,동대문구,11230,충청남도,44,42,206,24,60,265,20,282,40,734,107,73
20220421,서울특별시,11,동대문구,11230,전라북도,45,37,133,8,42,184,17,182,27,485,85,53
20220421,서울특별시,11,동대문구,11230,전라남도,46,23,123,12,37,174,11,167,25,492,73,32
20220421,서울특별시,11,동대문구,11230,경상북도,47,33,165,30,61,268,23,223,45,675,100,60
20220421,서울특별시,11,동대문구,11230,경상남도,48,42,265,34,87,394,36,394,44,944,153,80
20220421,서울특별시,11,동대문구,11230,제주특별자치도,50,5,42,8,10,38,5,23,7,131,28,11
20220421,서울특별시,11,광진구,11215,서울특별시,11,321,873,157,519,874,144,475,133,1860,1168,524
20220421,서울특별시,11,광진구,11215,부산광역시,26,136,251,31,135,269,47,133,42,510,306,157
20220421,서울특별시,11,광진구,11215,대구광역시,27,69,185,20,99,194,30,77,31,335,227,107
20220421,서울특별시,11,광진구,11215,인천광역시,28,105,238,27,137,261,44,104,56,434,318,138
20220421,서울특별시,11,광진구,11215,광주광역시,29,65,121,14,68,141,18,70,28,254,140,64
20220421,서울특별시,11,광진구,11215,대전광역시,30,57,92,15,77,131,21,57,24,236,129,56
20220421,서울특별시,11,광진구,11215,울산광역시,31,32,86,9,50,87,19,39,19,119,116,51
20220421,서울특별시,11,광진구,11215,세종특별자치시,36,7,27,3,12,33,5,9,7,50,35,15
20220421,서울특별시,11,광진구,11215,경기도,41,468,1140,164,616,1301,275,604,242,2560,1459,703
20220421,서울특별시,11,광진구,11215,강원도,42,79,102,20,72,127,27,72,15,201,126,65
20220421,서울특별시,11,광진구,11215,충청북도,43,72,109,17,63,129,21,74,29,282,142,77
20220421,서울특별시,11,광진구,11215,충청남도,44,96,148,31,113,174,31,84,37,280,194,90
20220421,서울특별시,11,광진구,11215,전라북도,45,75,110,10,79,131,12,67,26,211,141,70
20220421,서울특별시,11,광진구,11215,전라남도,46,87,94,15,61,139,22,77,21,197,130,71
20220421,서울특별시,11,광진구,11215,경상북도,47,101,153,28,86,194,42,100,35,275,190,83
20220421,서울특별시,11,광진구,11215,경상남도,48,145,193,23,133,254,42,142,50,377,265,153
20220421,서울특별시,11,광진구,11215,제주특별자치도,50,25,21,6,8,31,12,22,8,65,29,18
20220421,서울특별시,11,용산구,11170,서울특별시,11,93,1193,289,6238,822,128,633,83,1137,543,222
20220421,서울특별시,11,용산구,11170,부산광역시,26,19,286,44,1306,232,43,183,32,240,111,61
20220421,서울특별시,11,용산구,11170,대구광역시,27,13,239,28,886,138,21,144,22,151,61,42
20220421,서울특별시,11,용산구,11170,인천광역시,28,28,298,35,1531,188,25,176,33,252,104,68
20220421,서울특별시,11,용산구,11170,광주광역시,29,14,144,27,488,77,9,81,22,114,44,23
20220421,서울특별시,11,용산구,11170,대전광역시,30,12,177,29,751,104,20,81,13,95,36,18
20220421,서울특별시,11,용산구,11170,울산광역시,31,4,87,12,407,57,13,66,9,66,32,15
20220421,서울특별시,11,용산구,11170,세종특별자치시,36,3,38,6,195,30,3,18,12,27,10,9
20220421,서울특별시,11,용산구,11170,경기도,41,114,1531,253,7207,1125,189,847,167,1406,524,274
20220421,서울특별시,11,용산구,11170,강원도,42,6,119,30,664,121,9,66,13,92,45,25
20220421,서울특별시,11,용산구,11170,충청북도,43,9,108,21,776,98,15,93,20,111,47,33
20220421,서울특별시,11,용산구,11170,충청남도,44,9,191,33,1113,140,21,115,20,120,59,53
20220421,서울특별시,11,용산구,11170,전라북도,45,8,124,48,648,99,13,99,9,102,52,37
20220421,서울특별시,11,용산구,11170,전라남도,46,10,124,30,638,116,12,86,11,84,44,34
20220421,서울특별시,11,용산구,11170,경상북도,47,17,210,40,1014,181,16,140,28,138,57,47
20220421,서울특별시,11,용산구,11170,경상남도,48,20,242,50,1269,197,35,160,21,164,64,53
20220421,서울특별시,11,용산구,11170,제주특별자치도,50,4,44,4,180,21,3,16,6,39,17,0
20220421,서울특별시,11,동작구,11590,서울특별시,11,144,646,432,253,1004,61,471,100,753,312,295
20220421,서울특별시,11,동작구,11590,부산광역시,26,33,160,86,56,290,16,116,30,157,83,99
20220421,서울특별시,11,동작구,11590,대구광역시,27,31,130,45,33,257,16,78,29,141,47,65
20220421,서울특별시,11,동작구,11590,인천광역시,28,47,166,62,56,339,15,115,33,161,86,85
20220421,서울특별시,11,동작구,11590,광주광역시,29,40,79,37,35,138,7,53,16,89,30,49
20220421,서울특별시,11,동작구,11590,대전광역시,30,17,69,35,39,161,9,53,41,80,40,42
20220421,서울특별시,11,동작구,11590,울산광역시,31,7,46,20,17,110,7,28,7,62,21,35
20220421,서울특별시,11,동작구,11590,세종특별자치시,36,9,11,11,11,40,0,9,7,20,11,5
20220421,서울특별시,11,동작구,11590,경기도,41,225,900,354,333,1535,91,602,166,1354,438,402
20220421,서울특별시,11,동작구,11590,강원도,42,18,85,29,31,159,11,77,28,82,38,34
20220421,서울특별시,11,동작구,11590,충청북도,43,23,72,30,30,160,6,56,14,134,35,39
20220421,서울특별시,11,동작구,11590,충청남도,44,41,108,41,39,208,16,89,29,113,44,50
20220421,서울특별시,11,동작구,11590,전라북도,45,14,69,27,37,176,13,64,24,88,40,43
20220421,서울특별시,11,동작구,11590,전라남도,46,17,63,29,26,173,15,81,11,90,29,39
20220421,서울특별시,11,동작구,11590,경상북도,47,39,119,43,46,257,14,89,36,114,59,84
20220421,서울특별시,11,동작구,11590,경상남도,48,43,148,75,52,323,20,138,31,157,78,88
20220421,서울특별시,11,동작구,11590,제주특별자치도,50,4,23,6,9,20,4,19,4,31,7,3
20220422,서울특별시,11,서대문구,11410,전라남도,46,0,50,8,25,84,3,66,53,98,24,21
20220422,서울특별시,11,중구,11140,충청북도,43,29,181,48,38,158,20,81,32,554,136,25
20220422,서울특별시,11,중구,11140,강원도,42,36,182,53,34,171,22,83,26,476,138,21
20220422,서울특별시,11,중구,11140,경기도,41,344,2124,446,357,1578,257,1743,267,5294,1515,249
20220422,서울특별시,11,중구,11140,세종특별자치시,36,8,56,51,15,61,10,25,27,164,53,8
20220422,서울특별시,11,중구,11140,울산광역시,31,21,114,31,20,85,32,51,16,343,90,10
20220422,서울특별시,11,중구,11140,대전광역시,30,21,162,66,43,137,27,87,35,584,123,19
20220422,서울특별시,11,중구,11140,광주광역시,29,33,193,66,62,143,24,65,33,594,149,30
20220422,서울특별시,11,중구,11140,인천광역시,28,72,404,105,91,318,45,226,31,965,313,45
20220422,서울특별시,11,중구,11140,대구광역시,27,50,324,89,70,199,36,84,33,813,212,40
20220422,서울특별시,11,중구,11140,부산광역시,26,61,410,131,65,335,49,154,31,1148,316,52
20220422,서울특별시,11,중구,11140,서울특별시,11,280,1876,579,312,1449,135,1321,129,4431,1208,242
20220422,서울특별시,11,동대문구,11230,서울특별시,11,245,931,122,271,843,73,997,101,3300,562,315
20220422,서울특별시,11,동대문구,11230,부산광역시,26,64,270,30,81,280,21,309,44,864,178,97
20220422,서울특별시,11,동대문구,11230,대구광역시,27,38,160,27,53,219,12,211,32,650,110,48
20220422,서울특별시,11,동대문구,11230,인천광역시,28,59,260,23,68,299,27,315,43,898,141,106
20220422,서울특별시,11,동대문구,11230,광주광역시,29,26,127,12,29,128,12,137,25,444,84,30
20220422,서울특별시,11,관악구,11620,서울특별시,11,78,661,327,234,521,322,252,45,715,402,641
20220422,서울특별시,11,관악구,11620,부산광역시,26,23,111,65,51,147,69,52,12,197,166,190
20220422,서울특별시,11,관악구,11620,대구광역시,27,23,83,55,31,75,39,34,11,118,103,148
20220422,서울특별시,11,동대문구,11230,대전광역시,30,24,124,18,32,159,6,118,21,410,62,35
20220422,서울특별시,11,관악구,11620,인천광역시,28,17,153,56,57,141,70,50,15,163,123,207
20220422,서울특별시,11,관악구,11620,광주광역시,29,14,59,24,26,54,26,21,6,77,58,104
20220422,서울특별시,11,관악구,11620,대전광역시,30,10,76,22,23,60,37,25,6,72,63,90
20220422,서울특별시,11,관악구,11620,울산광역시,31,4,42,14,11,43,32,29,4,46,50,69
20220422,서울특별시,11,관악구,11620,세종특별자치시,36,3,18,7,0,16,7,3,3,12,10,27
20220422,서울특별시,11,관악구,11620,경기도,41,105,757,268,246,781,454,302,79,1172,714,828
20220422,서울특별시,11,동대문구,11230,울산광역시,31,15,69,10,19,109,9,116,16,284,61,21
20220422,서울특별시,11,동대문구,11230,세종특별자치시,36,6,24,0,12,30,0,26,12,117,23,4
20220422,서울특별시,11,동대문구,11230,경기도,41,281,1369,197,403,1576,125,1422,272,4629,674,406
20220422,서울특별시,11,동대문구,11230,강원도,42,30,144,20,47,157,14,155,20,402,47,33
20220422,서울특별시,11,동대문구,11230,충청북도,43,39,118,11,46,170,12,141,20,465,68,44
20220422,서울특별시,11,동대문구,11230,충청남도,44,34,177,23,66,210,20,207,31,587,96,51
20220422,서울특별시,11,동대문구,11230,전라북도,45,19,129,22,47,167,12,126,20,444,60,45
20220422,서울특별시,11,동대문구,11230,전라남도,46,27,124,12,43,162,22,180,20,422,87,31
20220422,서울특별시,11,동대문구,11230,경상북도,47,42,202,14,52,281,14,241,42,621,112,60
20220422,서울특별시,11,동대문구,11230,경상남도,48,42,287,24,69,327,20,349,57,763,121,86
20220422,서울특별시,11,동대문구,11230,제주특별자치도,50,9,29,3,8,33,0,20,9,116,20,17
20220422,서울특별시,11,도봉구,11320,서울특별시,11,122,427,56,438,549,95,536,82,2136,347,430
20220422,서울특별시,11,도봉구,11320,부산광역시,26,29,90,12,92,141,44,196,35,640,86,147
20220422,서울특별시,11,도봉구,11320,대구광역시,27,23,71,0,78,120,42,144,25,462,71,118
20220422,서울특별시,11,도봉구,11320,인천광역시,28,43,122,9,105,143,41,159,43,650,113,142
20220422,서울특별시,11,도봉구,11320,광주광역시,29,13,42,6,46,48,13,59,12,307,72,74
20220422,서울특별시,11,도봉구,11320,대전광역시,30,18,47,5,53,86,8,60,26,278,53,74
20220422,서울특별시,11,관악구,11620,강원도,42,10,76,21,28,59,48,40,7,77,59,82
20220422,서울특별시,11,금천구,11545,제주특별자치도,50,16,52,31,38,58,37,26,20,195,96,59
20220422,서울특별시,11,금천구,11545,경상남도,48,137,255,217,285,348,188,247,138,1146,459,350
20220422,서울특별시,11,도봉구,11320,울산광역시,31,11,22,0,35,47,17,56,12,216,50,62
20220422,서울특별시,11,도봉구,11320,세종특별자치시,36,0,12,0,21,26,5,9,5,78,23,24
20220422,서울특별시,11,도봉구,11320,경기도,41,161,622,68,569,836,164,716,151,3321,561,688
20220422,서울특별시,11,도봉구,11320,강원도,42,14,68,6,66,76,20,64,15,322,54,59
20220422,서울특별시,11,도봉구,11320,충청북도,43,11,51,10,52,121,18,70,23,338,68,63
20220422,서울특별시,11,도봉구,11320,충청남도,44,24,88,9,95,119,32,97,21,434,80,77
20220422,서울특별시,11,도봉구,11320,전라북도,45,18,53,6,58,90,25,59,15,360,43,60
20220422,서울특별시,11,도봉구,11320,전라남도,46,17,41,3,58,88,14,66,16,300,65,66
20220422,서울특별시,11,도봉구,11320,경상북도,47,36,79,10,99,117,27,147,34,469,123,94
20220422,서울특별시,11,도봉구,11320,경상남도,48,31,101,8,95,169,35,164,28,594,123,145
20220422,서울특별시,11,도봉구,11320,제주특별자치도,50,3,12,0,14,28,4,26,0,75,11,12
20220422,서울특별시,11,송파구,11710,서울특별시,11,71,1194,341,386,9859,170,1077,117,2225,732,405
20220422,서울특별시,11,송파구,11710,부산광역시,26,34,237,43,74,435,58,1797,43,482,138,151
20220422,서울특별시,11,송파구,11710,대구광역시,27,50,178,30,74,644,51,6342,93,337,141,225
20220422,서울특별시,11,송파구,11710,인천광역시,28,20,281,68,84,343,54,342,44,486,143,110
20220422,서울특별시,11,송파구,11710,광주광역시,29,10,105,20,44,227,28,1753,38,200,58,79
20220422,서울특별시,11,서대문구,11410,서울특별시,11,20,632,164,208,447,50,386,191,1224,317,159
20220422,서울특별시,11,서대문구,11410,부산광역시,26,5,94,20,43,138,12,125,52,217,55,78
20220422,서울특별시,11,서대문구,11410,대구광역시,27,9,85,11,24,103,7,88,47,170,47,22
20220422,서울특별시,11,서대문구,11410,인천광역시,28,5,136,21,32,143,10,120,76,257,50,81
20220422,서울특별시,11,서대문구,11410,광주광역시,29,3,54,8,19,58,3,42,34,108,41,17
20220422,서울특별시,11,서대문구,11410,대전광역시,30,0,68,5,20,55,0,47,30,110,23,34
20220422,서울특별시,11,서대문구,11410,울산광역시,31,0,26,4,10,43,5,35,29,53,16,14
20220422,서울특별시,11,서대문구,11410,세종특별자치시,36,0,16,0,5,16,0,16,7,32,10,8
20220422,서울특별시,11,서대문구,11410,경기도,41,41,635,103,211,676,68,476,391,1587,377,293
20220422,서울특별시,11,서대문구,11410,강원도,42,3,51,8,18,87,0,54,49,101,37,14
20220422,서울특별시,11,서대문구,11410,충청북도,43,0,55,17,26,72,3,61,39,146,31,24
20220422,서울특별시,11,서대문구,11410,충청남도,44,3,69,21,24,79,5,61,59,139,47,26
20220422,서울특별시,11,서대문구,11410,전라북도,45,0,51,10,19,81,0,60,38,112,26,19
20220422,서울특별시,11,서대문구,11410,경상북도,47,3,82,33,32,107,5,72,80,145,44,25
20220422,서울특별시,11,서대문구,11410,경상남도,48,4,87,5,59,152,8,117,67,179,56,84
20220422,서울특별시,11,서대문구,11410,제주특별자치도,50,0,18,6,5,13,0,10,6,35,13,0
20220422,서울특별시,11,송파구,11710,대전광역시,30,22,141,44,46,516,42,6318,74,202,74,182
20220422,서울특별시,11,송파구,11710,울산광역시,31,3,81,15,17,121,25,578,25,131,53,38
20220422,서울특별시,11,송파구,11710,세종특별자치시,36,17,41,18,22,203,16,2789,42,63,36,78
20220422,서울특별시,11,송파구,11710,경기도,41,131,1436,299,455,1810,278,5834,254,3285,851,635
20220422,서울특별시,11,송파구,11710,강원도,42,18,99,43,45,326,32,2170,36,211,74,108
20220422,서울특별시,11,송파구,11710,충청북도,43,21,173,48,63,432,46,4190,83,259,65,144
20220422,서울특별시,11,송파구,11710,충청남도,44,28,152,85,74,521,40,5446,98,300,100,168
20220422,서울특별시,11,송파구,11710,전라북도,45,13,124,58,43,271,29,1937,43,242,101,82
20220422,서울특별시,11,송파구,11710,전라남도,46,15,96,38,54,228,25,1853,34,157,58,81
20220422,서울특별시,11,송파구,11710,경상북도,47,17,172,45,69,400,53,2923,63,302,107,153
20220422,서울특별시,11,송파구,11710,경상남도,48,23,217,75,70,577,53,3586,68,385,126,187
20220422,서울특별시,11,송파구,11710,제주특별자치도,50,0,46,14,12,35,9,15,5,69,23,13
20220422,서울특별시,11,금천구,11545,경상북도,47,95,185,143,213,275,141,222,100,823,387,270
20220422,서울특별시,11,금천구,11545,전라남도,46,57,127,114,167,167,96,163,84,641,281,173
20220422,서울특별시,11,금천구,11545,전라북도,45,75,142,115,143,167,64,134,64,650,257,184
20220422,서울특별시,11,금천구,11545,충청남도,44,89,203,127,206,245,109,201,103,791,373,244
20220422,서울특별시,11,금천구,11545,충청북도,43,58,126,68,159,178,75,163,74,637,288,175
20220422,서울특별시,11,금천구,11545,강원도,42,71,136,80,173,173,77,140,72,623,273,178
20220422,서울특별시,11,금천구,11545,경기도,41,676,1372,746,1442,1900,786,1498,688,5814,2386,1942
20220422,서울특별시,11,금천구,11545,세종특별자치시,36,26,36,12,35,52,20,38,34,201,104,54
20220422,서울특별시,11,금천구,11545,울산광역시,31,34,87,40,89,108,51,89,47,432,167,173
20220422,서울특별시,11,금천구,11545,대전광역시,30,63,139,40,132,212,62,161,77,601,251,192
20220422,서울특별시,11,금천구,11545,광주광역시,29,75,126,56,116,159,79,166,64,729,261,192
20220422,서울특별시,11,금천구,11545,인천광역시,28,114,324,128,294,362,150,265,119,1181,549,384
20220422,서울특별시,11,금천구,11545,대구광역시,27,90,171,57,210,255,126,234,117,877,376,309
20220422,서울특별시,11,금천구,11545,부산광역시,26,112,256,108,295,375,165,300,138,1031,484,439
20220422,서울특별시,11,금천구,11545,서울특별시,11,522,1062,613,1224,1415,620,1210,448,4112,1796,1861
20220422,서울특별시,11,관악구,11620,충청북도,43,13,67,11,24,77,44,26,6,97,75,83
20220422,서울특별시,11,관악구,11620,충청남도,44,11,97,29,40,105,50,48,6,115,107,113
20220422,서울특별시,11,관악구,11620,전라북도,45,8,79,28,19,57,22,34,7,71,62,88
20220422,서울특별시,11,관악구,11620,전라남도,46,7,50,17,21,77,37,36,6,63,66,91
20220422,서울특별시,11,관악구,11620,경상북도,47,14,81,31,38,90,49,43,5,94,108,143
20220422,서울특별시,11,관악구,11620,경상남도,48,13,127,33,37,148,101,57,12,145,121,156
20220422,서울특별시,11,관악구,11620,제주특별자치도,50,4,22,4,6,12,21,11,3,19,21,14
20220422,서울특별시,11,영등포구,11560,서울특별시,11,178,1734,535,967,1074,109,4213,110,1629,686,565
20220422,서울특별시,11,영등포구,11560,부산광역시,26,33,494,78,224,259,24,510,30,322,119,124
20220422,서울특별시,11,영등포구,11560,대구광역시,27,38,268,141,151,191,40,348,76,248,76,84
20220422,서울특별시,11,영등포구,11560,인천광역시,28,44,575,91,235,259,47,533,38,332,153,146
20220422,서울특별시,11,영등포구,11560,광주광역시,29,20,167,90,118,176,29,239,44,131,43,53
20220422,서울특별시,11,영등포구,11560,대전광역시,30,18,199,60,116,150,44,319,51,143,60,54
20220422,서울특별시,11,영등포구,11560,울산광역시,31,12,180,51,78,82,6,184,20,91,27,29
20220422,서울특별시,11,영등포구,11560,세종특별자치시,36,4,59,18,33,40,5,83,0,37,21,14
20220422,서울특별시,11,영등포구,11560,경기도,41,228,2206,656,1192,1436,235,2855,323,2107,716,586
20220422,서울특별시,11,영등포구,11560,강원도,42,21,245,62,112,144,11,187,4,131,45,51
20220422,서울특별시,11,영등포구,11560,충청북도,43,19,249,58,110,113,9,210,11,206,50,59
20220422,서울특별시,11,영등포구,11560,충청남도,44,21,330,70,170,185,32,301,37,206,81,62
20220422,서울특별시,11,영등포구,11560,전라북도,45,12,234,48,106,127,12,208,15,156,61,53
20220422,서울특별시,11,영등포구,11560,전라남도,46,17,203,123,105,159,46,236,85,119,49,50
20220422,서울특별시,11,영등포구,11560,경상북도,47,23,303,168,132,211,54,331,65,203,86,81
20220422,서울특별시,11,영등포구,11560,경상남도,48,43,427,112,212,266,49,424,62,239,116,121
20220422,서울특별시,11,영등포구,11560,제주특별자치도,50,8,68,59,26,35,4,63,6,50,16,12
20220422,서울특별시,11,성북구,11290,서울특별시,11,262,1650,339,453,1188,169,1075,440,6252,1745,783
20220422,서울특별시,11,성북구,11290,부산광역시,26,107,398,40,97,355,47,294,119,1770,479,144
20220422,서울특별시,11,성북구,11290,대구광역시,27,60,306,40,75,231,43,235,85,1269,348,98
20220422,서울특별시,11,성북구,11290,인천광역시,28,99,407,53,110,394,49,304,143,1871,427,143
20220422,서울특별시,11,성북구,11290,광주광역시,29,52,217,23,52,173,18,131,66,890,241,109
20220422,서울특별시,11,성북구,11290,대전광역시,30,45,200,37,62,161,13,140,61,841,192,78
20220422,서울특별시,11,성북구,11290,울산광역시,31,30,131,37,44,115,19,100,46,536,154,47
20220422,서울특별시,11,성북구,11290,세종특별자치시,36,8,54,13,20,48,7,53,23,211,65,12
20220422,서울특별시,11,성북구,11290,경기도,41,459,2138,342,529,1846,249,1530,716,9096,2063,732
20220422,서울특별시,11,성북구,11290,강원도,42,33,188,19,48,198,27,166,74,821,212,71
20220422,서울특별시,11,성북구,11290,충청북도,43,56,232,32,74,182,17,152,69,920,219,78
20220422,서울특별시,11,성북구,11290,충청남도,44,55,296,36,84,290,38,175,103,1245,252,89
20220422,서울특별시,11,성북구,11290,전라북도,45,34,202,28,43,199,28,141,69,943,236,56
20220422,서울특별시,11,성북구,11290,전라남도,46,33,158,23,45,218,23,151,55,859,209,75
20220422,서울특별시,11,성북구,11290,경상북도,47,65,289,50,72,298,33,210,105,1183,260,99
20220422,서울특별시,11,성북구,11290,경상남도,48,79,397,54,87,381,46,311,140,1574,397,127
20220422,서울특별시,11,성북구,11290,제주특별자치도,50,17,59,6,19,37,3,39,21,245,77,10
20220422,서울특별시,11,동작구,11590,경기도,41,153,855,265,293,1352,116,878,158,1342,345,420
20220422,서울특별시,11,동작구,11590,세종특별자치시,36,4,9,13,9,39,0,20,8,20,12,14
20220422,서울특별시,11,동작구,11590,울산광역시,31,14,41,14,22,63,4,55,9,57,19,30
20220422,서울특별시,11,동작구,11590,대전광역시,30,15,59,26,37,160,10,86,9,81,41,42
20220422,서울특별시,11,동작구,11590,광주광역시,29,18,78,36,24,192,10,63,17,85,21,50
20220422,서울특별시,11,동작구,11590,인천광역시,28,36,129,46,65,252,19,172,39,197,49,66
20220422,서울특별시,11,강북구,11305,서울특별시,11,54,531,65,181,285,28,193,75,1356,373,80
20220422,서울특별시,11,강북구,11305,부산광역시,26,14,122,15,46,69,13,15,23,391,119,24
20220422,서울특별시,11,강북구,11305,대구광역시,27,5,84,15,40,57,5,12,20,250,68,12
20220422,서울특별시,11,강북구,11305,인천광역시,28,13,109,18,44,72,10,18,26,422,92,26
20220422,서울특별시,11,강북구,11305,광주광역시,29,3,66,5,28,31,0,7,17,193,57,10
20220422,서울특별시,11,강북구,11305,대전광역시,30,8,59,4,22,32,3,10,10,204,54,11
20220422,서울특별시,11,강북구,11305,울산광역시,31,4,32,0,13,26,4,4,10,141,32,12
20220422,서울특별시,11,강북구,11305,세종특별자치시,36,0,10,0,4,11,0,5,4,54,14,3
20220422,서울특별시,11,강북구,11305,경기도,41,54,701,77,252,370,47,137,121,2290,598,148
20220422,서울특별시,11,강북구,11305,강원도,42,13,64,5,38,32,8,13,15,195,67,11
20220422,서울특별시,11,강북구,11305,충청북도,43,5,54,10,28,35,0,13,15,252,67,18
20220422,서울특별시,11,강북구,11305,충청남도,44,9,86,15,54,33,4,13,21,299,73,13
20220422,서울특별시,11,강북구,11305,전라북도,45,11,55,11,22,33,4,11,13,231,55,8
20220422,서울특별시,11,강북구,11305,전라남도,46,8,62,8,32,26,3,6,21,208,58,7
20220422,서울특별시,11,강북구,11305,경상북도,47,9,95,10,42,45,9,13,21,316,98,20
20220422,서울특별시,11,강북구,11305,경상남도,48,12,118,10,52,54,11,16,30,415,115,25
20220422,서울특별시,11,강북구,11305,제주특별자치도,50,3,19,3,10,11,0,8,0,40,11,0
20220422,서울특별시,11,강남구,11680,서울특별시,11,283,2597,1254,829,1718,109,2057,666,6509,1756,1923
20220422,서울특별시,11,강남구,11680,부산광역시,26,69,541,290,160,419,31,525,162,1739,453,550
20220422,서울특별시,11,강남구,11680,대구광역시,27,44,357,253,134,303,24,349,119,1215,302,376
20220422,서울특별시,11,강남구,11680,인천광역시,28,56,480,395,205,397,23,543,185,1536,370,420
20220422,서울특별시,11,강남구,11680,광주광역시,29,27,201,166,97,165,13,224,75,827,191,230
20220422,서울특별시,11,강남구,11680,대전광역시,30,32,249,140,88,179,16,272,87,808,181,198
20220422,서울특별시,11,강남구,11680,울산광역시,31,19,147,120,59,129,8,168,64,504,130,133
20220422,서울특별시,11,강남구,11680,세종특별자치시,36,8,64,59,24,51,3,82,49,202,47,52
20220422,서울특별시,11,강남구,11680,경기도,41,339,3194,2047,1014,2245,185,2699,1247,8445,2127,2080
20220422,서울특별시,11,강남구,11680,강원도,42,40,232,127,76,168,9,279,85,760,215,186
20220422,서울특별시,11,강남구,11680,충청북도,43,26,232,147,87,198,13,298,84,841,208,180
20220422,서울특별시,11,강남구,11680,충청남도,44,40,307,229,133,263,14,400,135,1083,253,264
20220422,서울특별시,11,강남구,11680,전라북도,45,23,207,128,85,179,16,269,74,834,195,183
20220422,서울특별시,11,강남구,11680,전라남도,46,19,223,115,86,184,22,244,78,615,160,205
20220422,서울특별시,11,강남구,11680,경상북도,47,41,319,203,125,261,16,347,118,1102,270,307
20220422,서울특별시,11,강남구,11680,경상남도,48,45,382,303,167,404,27,536,175,1299,351,429
20220422,서울특별시,11,강남구,11680,제주특별자치도,50,16,75,62,18,62,5,59,41,206,59,92
20220422,서울특별시,11,동작구,11590,대구광역시,27,33,99,49,33,192,11,85,25,127,43,66
20220422,서울특별시,11,동작구,11590,부산광역시,26,37,142,55,69,267,14,180,41,196,63,97
20220422,서울특별시,11,동작구,11590,서울특별시,11,120,635,352,252,905,76,663,79,858,283,349
20220422,서울특별시,11,용산구,11170,제주특별자치도,50,3,38,3,141,32,10,16,0,36,28,3
20220422,서울특별시,11,중랑구,11260,제주특별자치도,50,5,69,0,16,27,10,21,6,58,20,8
20220422,서울특별시,11,중랑구,11260,경상남도,48,47,377,38,122,770,90,275,48,388,193,103
20220422,서울특별시,11,중랑구,11260,경상북도,47,39,289,25,91,673,76,212,53,337,117,72
20220422,서울특별시,11,중랑구,11260,전라남도,46,24,158,19,65,598,64,146,33,194,87,41
20220422,서울특별시,11,중랑구,11260,전라북도,45,22,272,20,72,586,45,127,26,230,95,55
20220422,서울특별시,11,중랑구,11260,충청남도,44,35,281,27,93,601,66,218,46,282,129,82
20220422,서울특별시,11,중랑구,11260,충청북도,43,24,183,29,71,414,45,158,31,227,81,56
20220422,서울특별시,11,중랑구,11260,강원도,42,27,242,8,66,471,65,137,42,187,91,60
20220422,서울특별시,11,중랑구,11260,경기도,41,220,2296,219,715,2634,463,1303,317,2403,923,552
20220422,서울특별시,11,서초구,11650,제주특별자치도,50,5,65,10,20,35,16,20,0,64,21,21
20220422,서울특별시,11,서초구,11650,경상남도,48,52,240,126,74,294,25,163,27,289,129,141
20220422,서울특별시,11,서초구,11650,경상북도,47,37,170,84,52,176,29,127,17,248,78,102
20220422,서울특별시,11,서초구,11650,전라남도,46,28,101,66,22,129,9,68,19,140,43,71
20220422,서울특별시,11,서초구,11650,전라북도,45,22,125,62,40,126,13,86,7,193,47,76
20220422,서울특별시,11,서초구,11650,충청남도,44,27,153,91,50,194,15,121,32,229,77,114
20220422,서울특별시,11,중랑구,11260,세종특별자치시,36,8,44,5,10,77,13,27,8,55,10,13
20220422,서울특별시,11,중랑구,11260,울산광역시,31,17,221,9,36,213,31,87,17,162,80,36
20220422,서울특별시,11,중랑구,11260,대전광역시,30,19,263,18,65,276,44,123,25,208,77,46
20220422,서울특별시,11,중랑구,11260,광주광역시,29,21,215,20,57,285,48,113,36,224,85,58
20220422,서울특별시,11,중랑구,11260,인천광역시,28,46,607,38,169,1043,85,300,60,420,172,114
20220422,서울특별시,11,중랑구,11260,대구광역시,27,26,358,31,114,400,71,195,50,348,152,74
20220422,서울특별시,11,중랑구,11260,부산광역시,26,25,406,44,137,559,88,305,48,433,188,110
20220422,서울특별시,11,중랑구,11260,서울특별시,11,143,1996,230,544,1454,256,1009,176,1623,652,354
20220422,서울특별시,11,마포구,11440,서울특별시,11,201,1918,604,1599,1986,191,2298,199,2115,981,560
20220422,서울특별시,11,마포구,11440,부산광역시,26,66,382,130,391,570,59,638,59,431,281,174
20220422,서울특별시,11,마포구,11440,대구광역시,27,37,231,97,285,409,28,383,49,328,178,93
20220422,서울특별시,11,마포구,11440,인천광역시,28,64,407,98,374,603,45,646,87,426,258,153
20220422,서울특별시,11,마포구,11440,광주광역시,29,34,180,60,175,306,15,264,49,207,114,65
20220422,서울특별시,11,마포구,11440,대전광역시,30,33,172,54,212,321,9,279,36,214,106,49
20220422,서울특별시,11,마포구,11440,울산광역시,31,20,100,45,119,168,17,212,27,120,66,49
20220422,서울특별시,11,마포구,11440,세종특별자치시,36,8,49,25,58,90,3,82,4,51,34,26
20220422,서울특별시,11,마포구,11440,경기도,41,301,2059,754,1958,2939,340,2915,390,2577,1223,671
20220422,서울특별시,11,서초구,11650,충청북도,43,20,137,62,44,133,8,92,13,230,40,81
20220422,서울특별시,11,서초구,11650,강원도,42,23,127,59,37,145,8,93,8,142,53,76
20220422,서울특별시,11,서초구,11650,경기도,41,269,1590,837,439,1441,157,950,151,2513,700,884
20220422,서울특별시,11,서초구,11650,세종특별자치시,36,4,47,24,9,41,0,25,3,43,17,24
20220422,서울특별시,11,광진구,11215,제주특별자치도,50,31,24,5,27,26,3,20,8,33,20,15
20220422,서울특별시,11,광진구,11215,경상남도,48,146,152,14,162,268,34,107,54,297,224,150
20220422,서울특별시,11,광진구,11215,경상북도,47,119,140,13,112,209,47,83,29,281,179,120
20220422,서울특별시,11,광진구,11215,전라남도,46,93,85,12,88,130,10,46,19,160,103,75
20220422,서울특별시,11,광진구,11215,전라북도,45,100,85,10,84,159,11,44,26,192,123,139
20220422,서울특별시,11,광진구,11215,충청남도,44,92,123,17,109,190,29,74,33,257,162,105
20220422,서울특별시,11,광진구,11215,충청북도,43,73,90,5,71,141,28,68,23,196,119,75
20220422,서울특별시,11,광진구,11215,강원도,42,92,79,7,78,122,19,53,25,168,125,82
20220422,서울특별시,11,광진구,11215,경기도,41,568,1015,131,766,1319,185,493,208,2108,1197,715
20220422,서울특별시,11,광진구,11215,세종특별자치시,36,14,22,6,18,42,7,9,10,50,14,22
20220422,서울특별시,11,광진구,11215,울산광역시,31,54,67,7,46,75,16,20,10,90,60,56
20220422,서울특별시,11,광진구,11215,대전광역시,30,69,91,13,84,155,18,35,16,160,97,72
20220422,서울특별시,11,광진구,11215,광주광역시,29,56,131,15,60,129,21,45,33,195,128,62
20220422,서울특별시,11,광진구,11215,인천광역시,28,146,196,24,160,243,34,110,40,374,241,161
20220422,서울특별시,11,광진구,11215,대구광역시,27,93,157,13,105,156,32,54,37,287,170,99
20220422,서울특별시,11,광진구,11215,부산광역시,26,112,203,20,142,286,32,103,35,410,249,160
20220422,서울특별시,11,광진구,11215,서울특별시,11,379,825,148,513,851,105,390,130,1701,986,511
20220422,서울특별시,11,서초구,11650,울산광역시,31,14,74,47,23,88,8,54,7,123,41,54
20220422,서울특별시,11,서초구,11650,대전광역시,30,26,147,80,39,125,13,63,9,178,56,63
20220422,서울특별시,11,서초구,11650,광주광역시,29,28,100,85,30,133,10,85,20,177,53,76
20220422,서울특별시,11,서초구,11650,인천광역시,28,50,308,145,69,245,22,165,25,327,96,182
20220422,서울특별시,11,서초구,11650,대구광역시,27,39,199,105,51,174,20,129,18,265,74,107
20220422,서울특별시,11,강동구,11740,서울특별시,11,217,924,266,330,778,139,796,73,1074,356,150
20220422,서울특별시,11,강동구,11740,부산광역시,26,46,195,56,84,233,23,219,22,268,96,33
20220422,서울특별시,11,강동구,11740,대구광역시,27,37,131,51,42,168,23,187,14,173,48,30
20220422,서울특별시,11,강동구,11740,인천광역시,28,53,168,62,95,209,37,200,21,258,90,33
20220422,서울특별시,11,강동구,11740,광주광역시,29,26,93,44,43,96,11,83,17,125,33,19
20220422,서울특별시,11,강동구,11740,대전광역시,30,28,93,40,46,92,13,122,12,117,32,16
20220422,서울특별시,11,강동구,11740,울산광역시,31,11,61,27,21,60,12,80,7,53,34,14
20220422,서울특별시,11,강동구,11740,세종특별자치시,36,5,29,14,12,28,3,32,6,28,9,5
20220422,서울특별시,11,강동구,11740,경기도,41,246,1081,328,407,1076,175,1162,112,1673,458,209
20220422,서울특별시,11,강동구,11740,강원도,42,31,79,31,46,86,15,131,10,84,42,9
20220422,서울특별시,11,강동구,11740,충청북도,43,19,84,26,40,121,9,155,10,121,36,29
20220422,서울특별시,11,강동구,11740,충청남도,44,44,124,48,52,143,13,150,11,122,38,20
20220422,서울특별시,11,강동구,11740,전라북도,45,21,76,34,38,93,11,119,9,116,34,14
20220422,서울특별시,11,강동구,11740,전라남도,46,27,81,40,43,89,25,131,13,86,49,12
20220422,서울특별시,11,강동구,11740,경상북도,47,44,159,19,68,129,23,188,10,132,53,30
20220422,서울특별시,11,강동구,11740,경상남도,48,52,154,47,62,221,31,260,22,205,70,38
20220422,서울특별시,11,강동구,11740,제주특별자치도,50,5,24,6,13,19,5,24,0,27,20,5
20220422,서울특별시,11,은평구,11380,제주특별자치도,50,4,12,5,5,15,10,19,0,15,13,14
20220422,서울특별시,11,은평구,11380,경상남도,48,14,69,14,39,155,59,120,28,162,100,165
20220422,서울특별시,11,은평구,11380,경상북도,47,18,70,11,28,119,45,84,32,112,69,137
20220422,서울특별시,11,은평구,11380,전라남도,46,9,27,4,16,81,30,60,10,67,56,80
20220422,서울특별시,11,은평구,11380,전라북도,45,10,39,5,24,66,30,52,11,103,58,99
20220422,서울특별시,11,은평구,11380,충청남도,44,16,30,15,34,91,35,99,35,125,63,97
20220422,서울특별시,11,은평구,11380,충청북도,43,9,44,11,29,83,36,62,8,120,34,90
20220422,서울특별시,11,은평구,11380,강원도,42,7,35,10,18,81,32,66,21,72,57,80
20220422,서울특별시,11,은평구,11380,경기도,41,93,485,116,235,766,252,574,170,1389,528,758
20220422,서울특별시,11,은평구,11380,세종특별자치시,36,6,7,4,5,21,0,11,4,23,10,15
20220422,서울특별시,11,은평구,11380,울산광역시,31,6,10,4,6,48,17,30,14,59,20,61
20220422,서울특별시,11,은평구,11380,대전광역시,30,5,26,12,11,58,31,63,8,63,36,80
20220422,서울특별시,11,은평구,11380,광주광역시,29,8,34,6,15,65,26,71,6,77,42,63
20220422,서울특별시,11,은평구,11380,인천광역시,28,12,80,13,37,148,29,120,47,206,90,173
20220422,서울특별시,11,은평구,11380,대구광역시,27,18,51,12,21,98,37,87,31,113,63,123
20220422,서울특별시,11,은평구,11380,부산광역시,26,24,70,15,38,139,52,124,35,171,122,164
20220422,서울특별시,11,은평구,11380,서울특별시,11,74,370,101,159,444,130,428,71,640,341,562
20220422,서울특별시,11,용산구,11170,경상남도,48,15,228,24,1115,191,37,117,39,148,99,56
20220422,서울특별시,11,용산구,11170,경상북도,47,14,211,17,901,143,22,94,23,141,64,39
20220422,서울특별시,11,용산구,11170,전라남도,46,11,97,8,635,113,17,59,17,76,46,30
20220422,서울특별시,11,용산구,11170,전라북도,45,8,120,13,568,122,12,57,19,93,42,26
20220422,서울특별시,11,용산구,11170,충청남도,44,13,167,24,861,154,27,77,28,111,69,48
20220422,서울특별시,11,용산구,11170,충청북도,43,18,95,14,736,102,17,61,27,112,56,30
20220422,서울특별시,11,용산구,11170,강원도,42,9,124,7,625,108,16,55,20,90,40,21
20220422,서울특별시,11,용산구,11170,경기도,41,110,1316,160,6696,1272,176,547,192,1328,664,327
20220422,서울특별시,11,용산구,11170,세종특별자치시,36,0,30,8,148,32,7,14,3,35,17,10
20220422,서울특별시,11,성동구,11200,제주특별자치도,50,12,162,7,17,39,8,22,4,167,90,12
20220422,서울특별시,11,성동구,11200,경상남도,48,63,710,35,129,209,42,164,10,898,380,96
20220422,서울특별시,11,성동구,11200,경상북도,47,55,439,32,121,162,26,122,15,658,291,60
20220422,서울특별시,11,성동구,11200,전라남도,46,29,225,13,67,104,24,67,5,459,190,37
20220422,서울특별시,11,성동구,11200,전라북도,45,39,306,19,75,122,17,64,7,521,195,42
20220422,서울특별시,11,성동구,11200,충청남도,44,53,433,51,140,125,25,129,13,622,262,65
20220422,서울특별시,11,성동구,11200,충청북도,43,32,386,21,64,100,16,93,9,510,199,28
20220422,서울특별시,11,성동구,11200,강원도,42,37,277,19,83,101,16,73,8,425,223,32
20220422,서울특별시,11,성동구,11200,경기도,41,358,4285,264,915,1153,248,861,106,5353,2130,461
20220422,서울특별시,11,성동구,11200,세종특별자치시,36,11,79,4,19,41,8,22,3,167,60,10
20220422,서울특별시,11,성동구,11200,울산광역시,31,28,185,15,56,83,17,54,5,352,128,34
20220422,서울특별시,11,성동구,11200,대전광역시,30,27,346,20,85,92,20,73,12,498,221,31
20220422,서울특별시,11,성동구,11200,광주광역시,29,29,373,24,57,113,36,86,15,502,238,43
20220422,서울특별시,11,성동구,11200,인천광역시,28,63,710,43,181,208,45,181,19,1052,413,86
20220422,서울특별시,11,성동구,11200,대구광역시,27,51,526,32,129,172,39,125,11,787,325,52
20220422,서울특별시,11,성동구,11200,부산광역시,26,69,811,42,157,222,44,190,28,980,510,85
20220422,서울특별시,11,성동구,11200,서울특별시,11,267,3920,381,708,820,184,653,74,4262,1782,374
20220422,서울특별시,11,마포구,11440,강원도,42,33,186,51,210,297,20,277,51,188,102,49
20220422,서울특별시,11,마포구,11440,충청북도,43,46,166,76,203,305,28,307,88,241,117,68
20220422,서울특별시,11,마포구,11440,충청남도,44,53,213,70,303,434,53,428,76,290,142,85
20220422,서울특별시,11,마포구,11440,전라북도,45,38,145,52,184,303,21,308,28,182,107,52
20220422,서울특별시,11,마포구,11440,전라남도,46,31,167,52,206,249,17,283,20,153,99,54
20220422,서울특별시,11,마포구,11440,경상북도,47,60,245,86,312,409,31,447,41,298,166,77
20220422,서울특별시,11,마포구,11440,경상남도,48,55,325,143,376,615,50,533,45,341,213,154
20220422,서울특별시,11,마포구,11440,제주특별자치도,50,8,58,19,34,79,4,49,64,90,41,12
20220422,서울특별시,11,서초구,11650,부산광역시,26,55,233,120,62,278,29,180,25,364,127,175
20220422,서울특별시,11,서초구,11650,서울특별시,11,300,1528,625,387,1123,135,1030,91,1593,492,747
20220422,서울특별시,11,중구,11140,제주특별자치도,50,14,53,43,11,76,9,17,3,170,59,4
20220422,서울특별시,11,중구,11140,경상남도,48,49,321,122,109,281,73,135,50,900,272,39
20220422,서울특별시,11,중구,11140,경상북도,47,31,261,86,59,217,33,107,59,757,206,30
20220422,서울특별시,11,구로구,11530,서울특별시,11,195,1405,239,557,846,162,416,112,2023,327,384
20220422,서울특별시,11,구로구,11530,부산광역시,26,50,269,48,140,222,34,130,30,525,95,113
20220422,서울특별시,11,구로구,11530,대구광역시,27,34,233,35,106,152,40,94,23,402,63,77
20220422,서울특별시,11,구로구,11530,인천광역시,28,34,340,65,144,239,43,139,34,525,77,123
20220422,서울특별시,11,구로구,11530,광주광역시,29,26,157,32,75,113,32,72,18,267,43,51
20220422,서울특별시,11,구로구,11530,대전광역시,30,29,157,37,72,132,19,69,15,267,37,44
20220422,서울특별시,11,구로구,11530,울산광역시,31,12,75,19,53,82,22,44,7,168,28,39
20220422,서울특별시,11,구로구,11530,세종특별자치시,36,8,35,15,21,36,0,18,5,70,9,10
20220422,서울특별시,11,구로구,11530,경기도,41,220,1571,273,780,1185,280,612,177,2907,476,586
20220422,서울특별시,11,구로구,11530,강원도,42,25,174,41,70,128,29,54,12,248,44,56
20220422,서울특별시,11,구로구,11530,충청북도,43,27,148,41,95,147,23,62,13,274,42,49
20220422,서울특별시,11,구로구,11530,충청남도,44,34,194,41,117,177,44,102,16,359,49,62
20220422,서울특별시,11,구로구,11530,전라북도,45,27,134,27,70,115,25,80,8,309,39,61
20220422,서울특별시,11,구로구,11530,전라남도,46,13,143,32,69,120,31,61,14,235,35,72
20220422,서울특별시,11,구로구,11530,경상북도,47,30,204,49,107,151,52,97,20,359,60,96
20220422,서울특별시,11,구로구,11530,경상남도,48,32,274,65,145,209,55,112,40,474,75,108
20220422,서울특별시,11,구로구,11530,제주특별자치도,50,6,40,9,21,38,8,14,5,107,10,19
20220422,서울특별시,11,용산구,11170,울산광역시,31,5,64,9,392,56,7,48,9,66,39,26
20220422,서울특별시,11,용산구,11170,대전광역시,30,13,113,14,698,105,13,61,8,92,64,30
20220422,서울특별시,11,용산구,11170,광주광역시,29,9,156,10,524,78,13,54,22,115,52,36
20220422,서울특별시,11,용산구,11170,인천광역시,28,14,253,25,1261,222,46,130,40,188,105,69
20220422,서울특별시,11,용산구,11170,대구광역시,27,16,174,24,824,144,21,113,22,141,96,35
20220422,서울특별시,11,용산구,11170,부산광역시,26,24,245,33,1185,181,43,147,21,198,140,83
20220422,서울특별시,11,용산구,11170,서울특별시,11,93,1117,248,5660,1024,156,469,114,1160,516,231
20220422,서울특별시,11,종로구,11110,서울특별시,11,199,1091,253,516,586,71,378,104,2444,903,200
20220422,서울특별시,11,종로구,11110,부산광역시,26,55,249,36,103,171,27,103,29,798,259,49
20220422,서울특별시,11,종로구,11110,대구광역시,27,18,169,19,59,97,18,62,27,529,170,41
20220422,서울특별시,11,종로구,11110,인천광역시,28,47,240,17,82,126,32,109,41,630,252,60
20220422,서울특별시,11,종로구,11110,광주광역시,29,26,126,9,41,54,11,36,20,446,126,26
20220422,서울특별시,11,노원구,11350,서울특별시,11,92,629,124,200,717,112,860,181,1382,277,130
20220422,서울특별시,11,노원구,11350,부산광역시,26,27,126,21,59,203,15,310,47,491,72,35
20220422,서울특별시,11,노원구,11350,대구광역시,27,10,96,13,39,151,22,180,46,309,54,20
20220422,서울특별시,11,노원구,11350,인천광역시,28,31,118,20,53,206,32,241,57,535,63,38
20220422,서울특별시,11,노원구,11350,광주광역시,29,16,44,3,19,83,9,94,34,212,25,19
20220422,서울특별시,11,노원구,11350,대전광역시,30,19,48,7,26,72,21,131,34,238,24,9
20220422,서울특별시,11,노원구,11350,울산광역시,31,7,41,4,16,73,14,57,26,163,19,10
20220422,서울특별시,11,노원구,11350,세종특별자치시,36,4,15,3,4,23,5,37,22,57,11,0
20220422,서울특별시,11,노원구,11350,경기도,41,157,790,96,294,1086,188,1202,335,2686,404,168
20220422,서울특별시,11,노원구,11350,강원도,42,15,61,5,22,123,19,131,44,246,31,28
20220422,서울특별시,11,노원구,11350,충청북도,43,19,51,32,25,115,21,108,41,269,32,13
20220422,서울특별시,11,노원구,11350,충청남도,44,14,93,19,48,184,37,203,67,323,49,26
20220422,서울특별시,11,노원구,11350,전라북도,45,12,53,3,24,132,25,91,30,282,37,21
20220422,서울특별시,11,노원구,11350,전라남도,46,18,47,6,36,155,16,84,45,250,34,17
20220422,서울특별시,11,노원구,11350,경상북도,47,20,108,16,35,168,24,164,50,312,41,28
20220422,서울특별시,11,노원구,11350,경상남도,48,30,136,9,59,248,40,248,60,461,67,31
20220422,서울특별시,11,노원구,11350,제주특별자치도,50,3,23,0,4,16,5,9,5,88,6,6
20220422,서울특별시,11,중구,11140,전라남도,46,32,186,56,36,132,37,68,17,468,132,20
20220422,서울특별시,11,중구,11140,전라북도,45,20,179,81,47,154,37,51,14,577,136,22
20220422,서울특별시,11,강서구,11500,제주특별자치도,50,9,54,9,34,51,16,45,7,87,25,51
20220422,서울특별시,11,강서구,11500,경상남도,48,64,346,108,256,547,118,608,61,804,332,493
20220422,서울특별시,11,강서구,11500,경상북도,47,55,296,78,274,455,107,518,43,1004,203,352
20220422,서울특별시,11,강서구,11500,전라남도,46,40,182,51,170,329,81,340,28,749,127,273
20220422,서울특별시,11,강서구,11500,전라북도,45,27,157,44,148,301,55,289,34,468,126,231
20220422,서울특별시,11,강서구,11500,충청남도,44,52,228,89,210,389,90,464,33,789,179,326
20220422,서울특별시,11,강서구,11500,충청북도,43,39,174,60,172,353,76,355,42,760,134,255
20220422,서울특별시,11,강서구,11500,강원도,42,24,209,50,180,315,106,338,30,847,188,270
20220422,서울특별시,11,강서구,11500,경기도,41,314,1985,602,1236,2497,473,2675,343,3968,1314,2214
20220422,서울특별시,11,강서구,11500,세종특별자치시,36,8,47,10,32,83,15,60,14,122,39,41
20220422,서울특별시,11,강서구,11500,울산광역시,31,51,117,36,116,148,53,166,22,156,85,124
20220422,서울특별시,11,강서구,11500,대전광역시,30,28,159,64,127,243,47,220,27,284,120,224
20220422,서울특별시,11,강서구,11500,광주광역시,29,29,147,61,107,222,49,265,23,285,109,198
20220422,서울특별시,11,강서구,11500,인천광역시,28,70,398,158,225,448,88,575,74,520,202,436
20220422,서울특별시,11,강서구,11500,대구광역시,27,51,261,94,169,380,84,375,48,408,190,287
20220422,서울특별시,11,강서구,11500,부산광역시,26,66,403,106,230,504,128,606,73,614,310,398
20220422,서울특별시,11,강서구,11500,서울특별시,11,278,1444,632,1060,1461,294,1886,202,2110,870,1614
20220422,서울특별시,11,종로구,11110,대전광역시,30,32,107,9,59,66,10,65,27,367,117,33
20220422,서울특별시,11,종로구,11110,울산광역시,31,18,85,4,35,41,11,32,11,226,90,18
20220422,서울특별시,11,종로구,11110,세종특별자치시,36,9,45,0,14,24,0,13,4,96,36,7
20220422,서울특별시,11,종로구,11110,경기도,41,297,1425,165,487,794,121,535,201,3526,1252,247
20220422,서울특별시,11,종로구,11110,강원도,42,30,115,14,37,70,7,56,30,306,100,22
20220422,서울특별시,11,종로구,11110,충청북도,43,26,143,9,54,53,12,41,31,386,137,22
20220422,서울특별시,11,종로구,11110,충청남도,44,43,154,18,55,109,11,86,34,468,146,38
20220422,서울특별시,11,종로구,11110,전라북도,45,20,134,12,43,75,12,67,41,402,112,33
20220422,서울특별시,11,종로구,11110,전라남도,46,36,146,15,34,63,12,55,21,402,119,24
20220422,서울특별시,11,종로구,11110,경상북도,47,44,148,14,70,110,10,66,34,553,170,44
20220422,서울특별시,11,종로구,11110,경상남도,48,51,219,19,65,147,28,88,42,690,246,63
20220422,서울특별시,11,종로구,11110,제주특별자치도,50,9,61,5,18,25,6,9,8,146,38,10
20220422,서울특별시,11,동작구,11590,제주특별자치도,50,3,21,6,7,17,5,9,3,21,0,6
20220422,서울특별시,11,동작구,11590,경상남도,48,31,129,54,56,291,25,166,44,149,65,88
20220422,서울특별시,11,동작구,11590,경상북도,47,24,90,41,41,240,9,131,36,113,42,58
20220422,서울특별시,11,동작구,11590,전라남도,46,19,54,25,35,148,5,125,19,61,18,40
20220422,서울특별시,11,동작구,11590,전라북도,45,16,67,24,30,154,5,91,20,90,17,39
20220422,서울특별시,11,동작구,11590,충청남도,44,25,88,25,42,220,20,118,30,107,37,52
20220422,서울특별시,11,동작구,11590,충청북도,43,11,65,25,31,150,9,80,20,127,20,55
20220422,서울특별시,11,동작구,11590,강원도,42,13,73,28,25,163,11,115,28,65,36,39
20220422,서울특별시,11,중구,11140,충청남도,44,48,238,71,56,242,28,161,44,695,190,28
20220422,서울특별시,11,양천구,11470,서울특별시,11,64,607,131,257,800,68,942,38,706,316,287
20220422,서울특별시,11,양천구,11470,부산광역시,26,20,132,19,67,236,21,293,8,138,78,94
20220422,서울특별시,11,양천구,11470,대구광역시,27,17,104,19,41,146,18,215,4,86,55,64
20220422,서울특별시,11,양천구,11470,인천광역시,28,21,130,24,74,222,18,301,14,121,82,73
20220422,서울특별시,11,양천구,11470,광주광역시,29,10,63,8,26,108,12,150,5,56,38,37
20220422,서울특별시,11,양천구,11470,대전광역시,30,13,70,14,29,109,11,114,0,64,39,38
20220422,서울특별시,11,양천구,11470,울산광역시,31,5,54,9,20,84,8,104,4,55,23,27
20220422,서울특별시,11,양천구,11470,세종특별자치시,36,0,13,4,5,25,0,44,0,18,8,8
20220422,서울특별시,11,양천구,11470,경기도,41,114,692,106,353,1081,155,1359,49,1165,446,380
20220422,서울특별시,11,양천구,11470,강원도,42,10,64,7,68,104,11,126,4,46,29,27
20220422,서울특별시,11,양천구,11470,충청북도,43,11,74,12,31,120,11,143,3,95,41,38
20220422,서울특별시,11,양천구,11470,충청남도,44,18,104,24,51,150,12,183,5,79,58,44
20220422,서울특별시,11,양천구,11470,전라북도,45,5,74,13,35,101,8,151,5,66,45,35
20220422,서울특별시,11,양천구,11470,전라남도,46,12,89,14,29,104,14,162,5,52,42,41
20220422,서울특별시,11,양천구,11470,경상북도,47,16,112,13,41,155,28,202,7,73,52,71
20220422,서울특별시,11,양천구,11470,경상남도,48,18,129,22,63,224,27,338,9,110,69,77
20220422,서울특별시,11,양천구,11470,제주특별자치도,50,0,24,7,14,29,0,12,0,21,8,11
20220423,서울특별시,11,중구,11140,대전광역시,30,0,18,0,7,16,0,0,0,41,3,0
20220423,서울특별시,11,광진구,11215,충청북도,43,0,7,0,6,7,0,0,0,17,5,0
20220423,서울특별시,11,광진구,11215,강원도,42,0,11,0,7,4,0,4,0,4,0,0
20220423,서울특별시,11,광진구,11215,경기도,41,12,208,42,83,76,23,28,14,442,66,36
20220423,서울특별시,11,광진구,11215,세종특별자치시,36,0,0,0,0,0,0,0,0,3,0,0
20220423,서울특별시,11,광진구,11215,울산광역시,31,0,9,0,8,0,0,0,0,4,0,0
20220423,서울특별시,11,광진구,11215,대전광역시,30,0,11,0,9,3,0,0,0,8,0,0
20220423,서울특별시,11,광진구,11215,광주광역시,29,0,11,0,7,3,0,0,0,4,0,0
20220423,서울특별시,11,광진구,11215,인천광역시,28,6,34,5,19,11,0,6,5,38,7,0
20220423,서울특별시,11,광진구,11215,대구광역시,27,3,16,5,7,7,0,0,0,14,3,0
20220423,서울특별시,11,광진구,11215,부산광역시,26,3,23,0,11,9,4,6,0,23,8,0
20220423,서울특별시,11,광진구,11215,서울특별시,11,4,164,37,61,39,4,20,7,186,51,9
20220423,서울특별시,11,송파구,11710,세종특별자치시,36,11,8,0,4,210,3,3235,40,6,13,55
20220423,서울특별시,11,송파구,11710,경기도,41,33,314,80,95,564,64,4905,83,1049,237,151
20220423,서울특별시,11,송파구,11710,강원도,42,6,14,7,11,165,4,2297,49,14,22,59
20220423,서울특별시,11,송파구,11710,충청북도,43,11,27,4,11,326,6,4596,50,58,27,93
20220423,서울특별시,11,송파구,11710,충청남도,44,13,25,27,22,416,9,5844,64,21,24,106
20220423,서울특별시,11,송파구,11710,전라북도,45,4,15,0,11,135,5,1736,32,35,15,30
20220423,서울특별시,11,송파구,11710,전라남도,46,6,15,3,8,159,4,1725,24,11,16,30
20220423,서울특별시,11,송파구,11710,경상북도,47,11,13,6,9,231,0,2635,34,16,25,56
20220423,서울특별시,11,송파구,11710,경상남도,48,9,33,15,15,272,7,3147,47,31,36,74
20220423,서울특별시,11,송파구,11710,제주특별자치도,50,0,6,0,0,4,0,10,0,0,0,0
20220423,서울특별시,11,노원구,11350,서울특별시,11,6,114,28,31,28,13,18,8,233,46,13
20220423,서울특별시,11,노원구,11350,부산광역시,26,0,16,6,3,0,4,0,0,43,23,0
20220423,서울특별시,11,노원구,11350,대구광역시,27,3,12,0,5,3,0,0,0,26,3,0
20220423,서울특별시,11,노원구,11350,인천광역시,28,0,17,3,10,9,4,7,0,57,12,3
20220423,서울특별시,11,노원구,11350,광주광역시,29,0,3,0,0,3,0,0,0,8,0,0
20220423,서울특별시,11,노원구,11350,대전광역시,30,0,5,5,0,0,0,0,0,7,0,0
20220423,서울특별시,11,노원구,11350,울산광역시,31,0,0,0,0,0,0,0,0,7,0,0
20220423,서울특별시,11,노원구,11350,세종특별자치시,36,0,0,0,0,0,0,0,0,6,0,0
20220423,서울특별시,11,노원구,11350,경기도,41,18,170,37,53,78,23,25,16,575,93,35
20220423,서울특별시,11,노원구,11350,강원도,42,0,8,3,0,0,0,0,0,9,0,3
20220423,서울특별시,11,노원구,11350,충청북도,43,0,5,0,3,4,0,0,0,29,0,0
20220423,서울특별시,11,노원구,11350,충청남도,44,0,5,7,7,5,0,3,5,10,3,3
20220423,서울특별시,11,노원구,11350,전라북도,45,0,4,3,0,0,0,0,0,24,4,0
20220423,서울특별시,11,노원구,11350,전라남도,46,0,5,0,0,0,0,0,0,4,4,0
20220423,서울특별시,11,노원구,11350,경상북도,47,0,7,4,0,0,0,5,0,13,0,0
20220423,서울특별시,11,노원구,11350,경상남도,48,0,10,0,0,3,3,0,0,17,0,0
20220423,서울특별시,11,노원구,11350,제주특별자치도,50,0,4,0,0,0,0,0,0,0,3,0
20220423,서울특별시,11,양천구,11470,부산광역시,26,0,6,5,0,0,5,7,0,24,13,7
20220423,서울특별시,11,양천구,11470,대구광역시,27,4,12,0,0,5,4,0,0,19,6,3
20220423,서울특별시,11,종로구,11110,제주특별자치도,50,0,34,0,0,3,0,0,0,4,0,0
20220423,서울특별시,11,종로구,11110,경상남도,48,6,88,0,4,22,3,0,0,189,6,5
20220423,서울특별시,11,종로구,11110,경상북도,47,7,67,6,3,11,0,9,0,115,0,6
20220423,서울특별시,11,종로구,11110,전라남도,46,3,34,0,0,12,0,4,0,91,0,3
20220423,서울특별시,11,종로구,11110,전라북도,45,5,50,0,0,7,0,13,0,102,0,6
20220423,서울특별시,11,종로구,11110,충청남도,44,0,62,9,4,26,0,8,0,108,0,12
20220423,서울특별시,11,종로구,11110,충청북도,43,9,34,3,0,5,0,5,0,84,3,4
20220423,서울특별시,11,종로구,11110,강원도,42,0,57,0,0,7,0,7,0,93,0,3
20220423,서울특별시,11,종로구,11110,경기도,41,40,437,35,25,122,12,101,5,830,47,24
20220423,서울특별시,11,종로구,11110,세종특별자치시,36,0,5,0,0,4,0,0,0,24,0,0
20220423,서울특별시,11,종로구,11110,울산광역시,31,3,30,3,0,5,0,3,0,55,0,0
20220423,서울특별시,11,종로구,11110,대전광역시,30,3,41,0,0,11,0,0,0,65,0,0
20220423,서울특별시,11,종로구,11110,광주광역시,29,0,56,0,0,7,0,9,0,92,0,0
20220423,서울특별시,11,종로구,11110,인천광역시,28,9,62,5,5,16,0,14,0,155,4,4
20220423,서울특별시,11,종로구,11110,대구광역시,27,4,60,4,0,9,0,5,0,117,0,4
20220423,서울특별시,11,관악구,11620,충청북도,43,3,5,0,7,3,0,0,0,41,6,4
20220423,서울특별시,11,관악구,11620,충청남도,44,0,9,10,10,6,0,5,0,15,5,3
20220423,서울특별시,11,관악구,11620,전라북도,45,5,10,10,4,5,0,6,0,25,3,3
20220423,서울특별시,11,관악구,11620,전라남도,46,0,6,5,3,7,0,0,0,7,0,0
20220423,서울특별시,11,관악구,11620,경상북도,47,0,11,10,3,9,0,6,0,18,3,0
20220423,서울특별시,11,관악구,11620,경상남도,48,4,16,8,3,9,0,9,3,26,8,0
20220423,서울특별시,11,관악구,11620,제주특별자치도,50,0,3,0,0,4,0,4,0,0,0,0
20220423,서울특별시,11,종로구,11110,부산광역시,26,0,97,8,0,16,0,5,0,151,6,4
20220423,서울특별시,11,종로구,11110,서울특별시,11,35,316,28,32,69,6,21,0,451,31,31
20220423,서울특별시,11,영등포구,11560,제주특별자치도,50,0,22,0,0,3,0,7,0,4,0,0
20220423,서울특별시,11,영등포구,11560,경상남도,48,0,41,351,5,12,0,24,5,28,4,0
20220423,서울특별시,11,영등포구,11560,경상북도,47,0,28,4,4,7,0,17,8,7,0,7
20220423,서울특별시,11,영등포구,11560,전라남도,46,0,28,4,3,6,0,8,4,4,4,0
20220423,서울특별시,11,영등포구,11560,전라북도,45,0,24,3,0,4,0,8,4,13,0,4
20220423,서울특별시,11,영등포구,11560,충청남도,44,0,35,18,10,15,0,26,6,13,3,0
20220423,서울특별시,11,영등포구,11560,충청북도,43,0,21,0,3,6,0,23,4,17,4,5
20220423,서울특별시,11,영등포구,11560,강원도,42,0,19,0,0,7,0,8,4,8,0,3
20220423,서울특별시,11,영등포구,11560,경기도,41,24,344,145,63,157,26,220,41,507,86,72
20220423,서울특별시,11,영등포구,11560,세종특별자치시,36,0,0,3,0,0,0,0,0,0,0,0
20220423,서울특별시,11,영등포구,11560,울산광역시,31,3,10,6,0,4,0,3,3,4,0,3
20220423,서울특별시,11,영등포구,11560,대전광역시,30,0,16,5,0,4,0,7,6,8,0,3
20220423,서울특별시,11,영등포구,11560,광주광역시,29,0,17,5,0,9,0,9,0,6,3,3
20220423,서울특별시,11,영등포구,11560,인천광역시,28,3,53,20,10,22,6,21,11,38,0,10
20220423,서울특별시,11,영등포구,11560,대구광역시,27,8,31,0,6,9,3,19,4,20,4,4
20220423,서울특별시,11,중구,11140,울산광역시,31,0,9,0,5,12,3,0,0,22,0,0
20220423,서울특별시,11,강서구,11500,제주특별자치도,50,0,5,0,0,3,0,110,0,4,9,0
20220423,서울특별시,11,강서구,11500,경상남도,48,6,38,15,8,29,12,632,7,49,36,35
20220423,서울특별시,11,강서구,11500,경상북도,47,4,26,13,7,22,11,337,3,25,30,42
20220423,서울특별시,11,강서구,11500,전라남도,46,0,21,9,3,16,10,219,0,23,16,30
20220423,서울특별시,11,강서구,11500,전라북도,45,3,26,9,3,11,6,257,0,38,18,22
20220423,서울특별시,11,강서구,11500,충청남도,44,0,23,18,14,15,17,289,5,44,22,35
20220423,서울특별시,11,강서구,11500,충청북도,43,9,21,5,3,18,10,251,0,56,16,34
20220423,서울특별시,11,강서구,11500,강원도,42,9,21,3,6,8,16,243,0,23,13,46
20220423,서울특별시,11,강서구,11500,경기도,41,54,332,81,79,256,82,2487,43,800,239,118
20220423,서울특별시,11,강서구,11500,세종특별자치시,36,0,6,0,3,4,3,56,0,8,3,5
20220423,서울특별시,11,강서구,11500,울산광역시,31,0,11,3,4,9,4,211,3,17,13,0
20220423,서울특별시,11,강서구,11500,대전광역시,30,0,16,11,7,15,5,267,3,27,22,5
20220423,서울특별시,11,강서구,11500,광주광역시,29,0,15,15,0,12,7,276,0,31,22,4
20220423,서울특별시,11,강서구,11500,인천광역시,28,10,56,18,23,32,7,543,9,73,41,10
20220423,서울특별시,11,강서구,11500,대구광역시,27,4,32,17,5,17,6,406,0,40,39,0
20220423,서울특별시,11,강서구,11500,부산광역시,26,0,51,17,11,32,6,765,9,54,67,10
20220423,서울특별시,11,강서구,11500,서울특별시,11,24,267,95,81,116,17,1686,38,387,208,57
20220423,서울특별시,11,중구,11140,세종특별자치시,36,0,4,0,0,3,0,0,0,11,0,0
20220423,서울특별시,11,성북구,11290,서울특별시,11,11,294,40,69,130,13,75,11,409,71,707
20220423,서울특별시,11,은평구,11380,제주특별자치도,50,0,0,0,0,0,0,3,0,0,0,0
20220423,서울특별시,11,은평구,11380,경상남도,48,0,24,9,3,0,3,20,0,19,10,0
20220423,서울특별시,11,은평구,11380,경상북도,47,0,7,5,3,4,0,8,0,11,5,0
20220423,서울특별시,11,은평구,11380,전라남도,46,0,7,0,0,0,0,0,0,11,3,0
20220423,서울특별시,11,은평구,11380,전라북도,45,0,5,3,0,0,0,3,0,31,0,0
20220423,서울특별시,11,은평구,11380,충청남도,44,0,25,4,6,0,0,4,5,15,5,0
20220423,서울특별시,11,은평구,11380,충청북도,43,0,4,3,5,0,0,3,0,38,0,0
20220423,서울특별시,11,은평구,11380,강원도,42,0,4,5,0,3,0,3,0,8,5,0
20220423,서울특별시,11,금천구,11545,제주특별자치도,50,4,0,0,0,5,9,0,16,83,39,8
20220423,서울특별시,11,금천구,11545,경상남도,48,27,21,0,10,30,44,24,79,451,186,31
20220423,서울특별시,11,금천구,11545,경상북도,47,21,11,3,3,15,32,31,57,378,144,33
20220423,서울특별시,11,금천구,11545,전라남도,46,9,10,0,6,9,17,18,42,263,92,21
20220423,서울특별시,11,금천구,11545,전라북도,45,9,6,0,4,9,21,12,35,281,114,18
20220423,서울특별시,11,금천구,11545,충청남도,44,20,14,0,6,14,29,20,52,352,127,30
20220423,서울특별시,11,금천구,11545,충청북도,43,10,8,0,0,14,21,4,42,254,92,31
20220423,서울특별시,11,금천구,11545,강원도,42,14,8,394,5,14,25,16,40,202,107,17
20220423,서울특별시,11,금천구,11545,경기도,41,143,139,32,67,179,184,131,377,2434,983,316
20220423,서울특별시,11,금천구,11545,세종특별자치시,36,0,0,0,0,4,6,3,27,92,26,13
20220423,서울특별시,11,금천구,11545,울산광역시,31,6,4,0,0,13,18,9,34,200,89,10
20220423,서울특별시,11,금천구,11545,대전광역시,30,12,8,0,5,14,18,18,47,257,91,24
20220423,서울특별시,11,금천구,11545,광주광역시,29,11,6,3,7,15,14,10,47,306,116,21
20220423,서울특별시,11,금천구,11545,인천광역시,28,25,22,4,8,34,30,22,75,519,214,58
20220423,서울특별시,11,금천구,11545,대구광역시,27,17,18,5,11,23,42,19,60,392,153,49
20220423,서울특별시,11,금천구,11545,부산광역시,26,13,22,5,8,20,39,38,56,492,191,55
20220423,서울특별시,11,금천구,11545,서울특별시,11,111,168,23,66,175,115,169,301,1768,688,322
20220423,서울특별시,11,영등포구,11560,부산광역시,26,0,69,48,6,11,3,24,4,44,21,8
20220423,서울특별시,11,영등포구,11560,서울특별시,11,9,321,230,83,100,7,188,30,246,69,35
20220423,서울특별시,11,은평구,11380,경기도,41,17,154,54,57,71,20,28,6,573,99,30
20220423,서울특별시,11,은평구,11380,세종특별자치시,36,0,0,0,0,0,0,0,0,0,0,0
20220423,서울특별시,11,은평구,11380,울산광역시,31,0,0,4,3,0,0,4,0,5,0,0
20220423,서울특별시,11,은평구,11380,대전광역시,30,0,5,0,0,0,0,0,0,5,0,0
20220423,서울특별시,11,은평구,11380,광주광역시,29,0,8,3,3,0,0,4,0,7,3,0
20220423,서울특별시,11,은평구,11380,인천광역시,28,4,14,8,6,4,3,0,9,31,6,3
20220423,서울특별시,11,은평구,11380,대구광역시,27,4,11,0,0,0,0,0,0,23,0,0
20220423,서울특별시,11,은평구,11380,부산광역시,26,0,11,7,4,0,0,4,0,32,21,3
20220423,서울특별시,11,은평구,11380,서울특별시,11,10,166,42,28,26,5,16,11,240,53,5
20220423,서울특별시,11,중랑구,11260,경기도,41,15,159,32,36,73,13,17,14,382,72,60
20220423,서울특별시,11,중랑구,11260,세종특별자치시,36,0,0,0,0,0,0,0,0,0,0,0
20220423,서울특별시,11,중랑구,11260,울산광역시,31,0,7,0,3,0,0,0,0,8,0,3
20220423,서울특별시,11,강북구,11305,서울특별시,11,5,82,16,17,25,0,4,9,122,27,7
20220423,서울특별시,11,강북구,11305,부산광역시,26,0,19,0,0,3,0,0,0,27,9,0
20220423,서울특별시,11,강북구,11305,대구광역시,27,0,10,0,5,4,0,0,0,18,0,0
20220423,서울특별시,11,강북구,11305,인천광역시,28,0,22,3,8,3,0,4,0,30,6,0
20220423,서울특별시,11,강북구,11305,광주광역시,29,0,7,0,4,0,0,0,0,7,0,0
20220423,서울특별시,11,강북구,11305,대전광역시,30,0,10,0,0,0,0,0,0,3,0,0
20220423,서울특별시,11,강북구,11305,울산광역시,31,0,8,0,0,0,0,0,0,4,3,0
20220423,서울특별시,11,중랑구,11260,대전광역시,30,0,9,0,3,0,0,3,0,8,0,6
20220423,서울특별시,11,중랑구,11260,광주광역시,29,0,9,0,0,3,0,0,0,11,0,11
20220423,서울특별시,11,중랑구,11260,인천광역시,28,0,25,6,4,7,0,0,0,44,5,15
20220423,서울특별시,11,중랑구,11260,대구광역시,27,0,16,3,4,4,0,0,0,16,11,10
20220423,서울특별시,11,중랑구,11260,부산광역시,26,0,28,4,3,6,0,4,0,34,12,17
20220423,서울특별시,11,중랑구,11260,서울특별시,11,3,177,26,25,22,6,15,8,208,44,43
20220423,서울특별시,11,성북구,11290,부산광역시,26,4,50,10,0,7,0,5,0,92,21,4
20220423,서울특별시,11,성북구,11290,대구광역시,27,0,29,3,3,9,0,3,3,54,12,4
20220423,서울특별시,11,마포구,11440,충청남도,44,5,28,23,73,16,4,3,4,24,6,3
20220423,서울특별시,11,마포구,11440,전라북도,45,4,22,9,63,12,5,6,3,28,0,0
20220423,서울특별시,11,마포구,11440,전라남도,46,4,23,5,51,7,0,5,0,8,4,0
20220423,서울특별시,11,마포구,11440,경상북도,47,3,28,12,67,14,5,9,0,26,0,3
20220423,서울특별시,11,마포구,11440,경상남도,48,10,55,7,103,20,9,5,4,26,5,4
20220423,서울특별시,11,마포구,11440,제주특별자치도,50,0,12,4,23,6,0,5,0,7,4,0
20220423,서울특별시,11,용산구,11170,제주특별자치도,50,0,0,0,3,0,0,4,0,5,0,0
20220423,서울특별시,11,용산구,11170,경상남도,48,0,12,0,14,3,3,3,0,8,0,0
20220423,서울특별시,11,용산구,11170,경상북도,47,0,5,3,3,0,0,3,0,7,0,0
20220423,서울특별시,11,용산구,11170,전라남도,46,0,3,0,4,0,0,4,0,4,0,0
20220423,서울특별시,11,용산구,11170,전라북도,45,0,8,0,7,0,0,0,0,10,0,0
20220423,서울특별시,11,용산구,11170,충청남도,44,0,4,5,7,3,0,0,3,6,0,0
20220423,서울특별시,11,용산구,11170,충청북도,43,0,3,4,3,0,0,0,0,23,0,0
20220423,서울특별시,11,용산구,11170,강원도,42,0,5,6,3,0,0,0,0,5,0,0
20220423,서울특별시,11,용산구,11170,경기도,41,14,106,95,75,137,15,36,4,303,40,7
20220423,서울특별시,11,양천구,11470,제주특별자치도,50,0,0,0,0,0,0,5,0,0,0,0
20220423,서울특별시,11,양천구,11470,경상남도,48,6,10,0,0,3,0,5,0,5,6,7
20220423,서울특별시,11,양천구,11470,경상북도,47,0,13,0,0,0,0,5,0,4,5,0
20220423,서울특별시,11,양천구,11470,전라남도,46,0,5,0,3,0,0,0,0,7,0,0
20220423,서울특별시,11,양천구,11470,전라북도,45,0,8,3,0,0,0,3,0,17,4,0
20220423,서울특별시,11,양천구,11470,충청남도,44,0,15,10,8,0,0,0,4,7,5,9
20220423,서울특별시,11,양천구,11470,충청북도,43,0,9,5,4,0,0,7,0,25,3,5
20220423,서울특별시,11,양천구,11470,강원도,42,0,8,0,0,0,0,3,0,3,3,3
20220423,서울특별시,11,양천구,11470,경기도,41,19,158,33,49,75,31,18,8,587,89,47
20220423,서울특별시,11,양천구,11470,세종특별자치시,36,0,0,0,0,0,0,0,0,0,0,0
20220423,서울특별시,11,양천구,11470,울산광역시,31,0,7,0,0,0,0,0,0,8,5,0
20220423,서울특별시,11,양천구,11470,대전광역시,30,0,8,3,0,0,4,5,0,5,0,3
20220423,서울특별시,11,양천구,11470,광주광역시,29,0,8,0,0,3,0,0,0,4,4,0
20220423,서울특별시,11,양천구,11470,인천광역시,28,0,12,6,10,4,5,15,0,28,12,12
20220423,서울특별시,11,용산구,11170,세종특별자치시,36,0,0,3,0,0,0,0,0,3,0,0
20220423,서울특별시,11,용산구,11170,울산광역시,31,0,3,0,5,0,0,0,0,4,0,0
20220423,서울특별시,11,용산구,11170,대전광역시,30,0,5,6,7,0,0,0,0,6,0,0
20220423,서울특별시,11,용산구,11170,광주광역시,29,0,9,0,5,0,0,0,0,8,0,0
20220423,서울특별시,11,용산구,11170,인천광역시,28,0,17,20,14,7,0,0,0,17,0,0
20220423,서울특별시,11,용산구,11170,대구광역시,27,0,10,5,8,0,0,0,0,14,0,0
20220423,서울특별시,11,용산구,11170,부산광역시,26,0,9,4,9,0,0,4,0,20,8,0
20220423,서울특별시,11,용산구,11170,서울특별시,11,0,109,166,47,148,0,33,6,155,30,9
20220423,서울특별시,11,서대문구,11410,제주특별자치도,50,0,3,0,0,0,0,3,0,0,0,0
20220423,서울특별시,11,서대문구,11410,경상남도,48,0,9,6,0,4,4,0,0,9,3,0
20220423,서울특별시,11,서대문구,11410,경상북도,47,0,5,5,0,0,3,4,0,7,0,0
20220423,서울특별시,11,서대문구,11410,전라남도,46,0,5,4,0,0,0,4,0,5,0,0
20220423,서울특별시,11,서대문구,11410,전라북도,45,0,8,5,0,0,0,3,0,20,0,0
20220423,서울특별시,11,서대문구,11410,충청남도,44,0,12,10,5,0,0,3,5,7,0,0
20220423,서울특별시,11,서대문구,11410,충청북도,43,3,7,4,3,0,0,3,0,17,4,0
20220423,서울특별시,11,서대문구,11410,강원도,42,0,7,4,0,0,0,4,0,4,0,0
20220423,서울특별시,11,서대문구,11410,경기도,41,9,145,186,29,60,18,23,3,380,81,24
20220423,서울특별시,11,서대문구,11410,세종특별자치시,36,0,0,0,0,0,0,0,0,0,0,0
20220423,서울특별시,11,서대문구,11410,울산광역시,31,0,4,3,0,0,0,0,0,3,0,0
20220423,서울특별시,11,서대문구,11410,대전광역시,30,0,0,4,0,3,0,0,0,5,3,0
20220423,서울특별시,11,서대문구,11410,광주광역시,29,0,6,4,0,0,0,0,0,7,0,0
20220423,서울특별시,11,서대문구,11410,인천광역시,28,0,16,13,10,8,5,3,0,29,7,0
20220423,서울특별시,11,서대문구,11410,대구광역시,27,0,11,7,0,3,0,3,0,13,3,0
20220423,서울특별시,11,서대문구,11410,부산광역시,26,0,22,23,6,0,0,4,0,40,12,0
20220423,서울특별시,11,서대문구,11410,서울특별시,11,0,149,870,22,23,17,35,0,194,53,41
20220423,서울특별시,11,강북구,11305,세종특별자치시,36,0,0,0,0,0,0,0,0,0,0,0
20220423,서울특별시,11,양천구,11470,서울특별시,11,5,109,29,20,21,13,15,6,225,60,40
20220423,서울특별시,11,강동구,11740,충청북도,43,0,4,7,0,0,0,6,0,29,41,0
20220423,서울특별시,11,강동구,11740,충청남도,44,0,11,28,10,5,0,0,5,12,38,0
20220423,서울특별시,11,광진구,11215,충청남도,44,0,10,10,12,4,0,0,0,10,4,0
20220423,서울특별시,11,강동구,11740,전라북도,45,0,7,7,0,0,0,0,0,28,43,0
20220423,서울특별시,11,강동구,11740,전라남도,46,0,7,7,3,4,0,3,0,10,33,0
20220423,서울특별시,11,강동구,11740,경상북도,47,0,14,15,0,4,0,5,0,7,48,3
20220423,서울특별시,11,강동구,11740,경상남도,48,4,12,13,5,10,0,0,4,16,75,0
20220423,서울특별시,11,강동구,11740,제주특별자치도,50,0,3,0,0,0,0,3,0,4,17,0
20220423,서울특별시,11,광진구,11215,전라남도,46,0,10,3,7,0,0,0,0,0,0,0
20220423,서울특별시,11,광진구,11215,전라북도,45,0,8,3,11,3,0,6,0,14,4,0
20220423,서울특별시,11,송파구,11710,서울특별시,11,5,223,72,64,10264,23,671,21,398,153,24
20220423,서울특별시,11,송파구,11710,부산광역시,26,4,29,9,9,108,5,1561,29,37,41,23
20220423,서울특별시,11,송파구,11710,대구광역시,27,30,30,9,30,514,17,6991,74,42,32,124
20220423,서울특별시,11,송파구,11710,인천광역시,28,4,33,7,17,27,0,203,6,72,18,9
20220423,서울특별시,11,송파구,11710,광주광역시,29,5,14,3,7,130,0,1520,18,16,16,40
20220423,서울특별시,11,송파구,11710,대전광역시,30,20,42,8,23,567,12,7199,89,12,35,130
20220423,서울특별시,11,송파구,11710,울산광역시,31,0,5,3,3,29,3,448,4,14,6,6
20220423,서울특별시,11,구로구,11530,제주특별자치도,50,0,3,0,0,0,6,0,0,9,0,0
20220423,서울특별시,11,강동구,11740,경기도,41,15,169,99,47,102,22,24,30,584,409,53
20220423,서울특별시,11,구로구,11530,경상남도,48,0,19,3,6,11,8,0,7,73,18,5
20220423,서울특별시,11,구로구,11530,경상북도,47,0,9,0,0,7,6,4,0,65,10,3
20220423,서울특별시,11,구로구,11530,전라남도,46,0,8,0,3,9,6,0,0,35,9,0
20220423,서울특별시,11,구로구,11530,전라북도,45,0,5,0,0,5,4,0,0,39,8,0
20220423,서울특별시,11,마포구,11440,서울특별시,11,18,395,63,219,117,16,34,10,359,105,18
20220423,서울특별시,11,마포구,11440,부산광역시,26,7,54,8,91,24,5,11,6,62,18,6
20220423,서울특별시,11,마포구,11440,대구광역시,27,4,47,6,59,21,4,3,0,41,10,3
20220423,서울특별시,11,강남구,11680,경기도,41,44,668,359,92,269,52,152,95,2633,218,80
20220423,서울특별시,11,강남구,11680,강원도,42,0,27,13,0,7,0,13,0,201,10,5
20220423,서울특별시,11,강남구,11680,충청북도,43,0,18,6,0,10,0,26,0,269,6,6
20220423,서울특별시,11,강남구,11680,충청남도,44,0,36,43,10,14,0,40,5,312,7,8
20220423,서울특별시,11,강남구,11680,전라북도,45,0,21,7,0,12,0,9,0,250,5,4
20220423,서울특별시,11,강남구,11680,전라남도,46,0,15,9,0,16,0,9,0,191,4,4
20220423,서울특별시,11,강남구,11680,경상북도,47,0,35,10,8,8,0,20,3,294,11,7
20220423,서울특별시,11,강남구,11680,경상남도,48,0,42,15,9,12,5,13,0,384,20,5
20220423,서울특별시,11,강남구,11680,제주특별자치도,50,0,9,3,0,5,0,0,0,49,4,3
20220423,서울특별시,11,동작구,11590,인천광역시,28,4,25,8,9,64,0,21,0,46,3,0
20220423,서울특별시,11,동작구,11590,대구광역시,27,0,12,12,3,23,0,7,0,15,4,0
20220423,서울특별시,11,동작구,11590,부산광역시,26,0,19,27,0,28,3,11,0,29,21,0
20220423,서울특별시,11,동작구,11590,서울특별시,11,10,167,74,37,186,12,38,5,217,62,16
20220423,서울특별시,11,강북구,11305,제주특별자치도,50,0,0,0,0,0,0,0,0,0,0,0
20220423,서울특별시,11,성북구,11290,인천광역시,28,3,51,6,5,15,3,7,7,80,13,23
20220423,서울특별시,11,성북구,11290,광주광역시,29,0,16,0,3,5,0,3,0,40,0,0
20220423,서울특별시,11,강북구,11305,경상남도,48,3,14,3,0,7,0,0,0,12,5,0
20220423,서울특별시,11,강북구,11305,경상북도,47,0,13,0,0,0,0,4,0,12,0,0
20220423,서울특별시,11,강북구,11305,전라남도,46,0,8,0,0,3,0,0,0,8,0,0
20220423,서울특별시,11,강북구,11305,전라북도,45,0,6,0,0,0,0,0,0,16,0,0
20220423,서울특별시,11,강북구,11305,충청남도,44,0,10,0,4,8,0,0,0,11,0,0
20220423,서울특별시,11,성동구,11200,경상북도,47,0,22,4,0,0,0,4,4,29,5,0
20220423,서울특별시,11,성동구,11200,경상남도,48,0,48,9,4,5,0,24,9,22,12,0
20220423,서울특별시,11,성동구,11200,제주특별자치도,50,0,28,0,50,0,0,0,0,0,0,0
20220423,서울특별시,11,구로구,11530,충청남도,44,0,16,5,8,9,8,0,0,54,6,0
20220423,서울특별시,11,구로구,11530,충청북도,43,0,9,0,6,8,3,7,0,67,4,4
20220423,서울특별시,11,구로구,11530,강원도,42,0,7,0,4,9,6,0,0,39,8,0
20220423,서울특별시,11,도봉구,11320,서울특별시,11,6,92,19,33,168,9,4,0,154,32,0
20220423,서울특별시,11,도봉구,11320,부산광역시,26,0,12,0,0,4,0,0,0,18,9,0
20220423,서울특별시,11,도봉구,11320,대구광역시,27,3,8,0,0,0,0,4,0,9,5,0
20220423,서울특별시,11,도봉구,11320,인천광역시,28,3,17,5,6,3,4,5,0,26,5,4
20220423,서울특별시,11,도봉구,11320,광주광역시,29,0,3,0,0,0,0,0,0,10,0,0
20220423,서울특별시,11,도봉구,11320,대전광역시,30,0,6,0,0,0,0,0,0,5,0,0
20220423,서울특별시,11,도봉구,11320,울산광역시,31,0,4,0,0,0,0,0,0,7,0,0
20220423,서울특별시,11,도봉구,11320,세종특별자치시,36,0,0,0,0,0,0,0,0,0,0,0
20220423,서울특별시,11,도봉구,11320,경기도,41,21,115,26,24,63,17,26,9,346,54,21
20220423,서울특별시,11,도봉구,11320,강원도,42,0,6,0,0,0,0,0,0,5,0,0
20220423,서울특별시,11,도봉구,11320,충청북도,43,0,7,0,0,0,0,0,0,24,3,0
20220423,서울특별시,11,도봉구,11320,충청남도,44,0,8,8,5,0,0,0,0,13,0,0
20220423,서울특별시,11,도봉구,11320,전라북도,45,0,5,5,0,0,0,0,0,17,0,0
20220423,서울특별시,11,도봉구,11320,전라남도,46,0,3,3,0,0,0,0,0,0,0,0
20220423,서울특별시,11,도봉구,11320,경상북도,47,0,9,4,4,0,0,0,0,10,7,0
20220423,서울특별시,11,도봉구,11320,경상남도,48,4,16,0,0,0,0,0,0,7,10,0
20220423,서울특별시,11,도봉구,11320,제주특별자치도,50,0,0,0,0,0,0,0,0,0,0,0
20220423,서울특별시,11,성동구,11200,전라남도,46,0,16,4,0,0,0,0,8,11,3,0
20220423,서울특별시,11,성동구,11200,전라북도,45,0,38,0,3,0,0,0,4,16,5,0
20220423,서울특별시,11,성동구,11200,충청남도,44,0,33,13,9,3,0,3,10,10,12,0
20220423,서울특별시,11,성동구,11200,충청북도,43,0,41,3,0,0,0,3,3,26,0,0
20220423,서울특별시,11,성동구,11200,강원도,42,3,25,0,0,6,0,18,3,11,5,0
20220423,서울특별시,11,성동구,11200,경기도,41,13,564,56,34,93,14,55,38,449,102,14
20220423,서울특별시,11,성동구,11200,세종특별자치시,36,0,8,0,0,0,0,7,0,6,0,0
20220423,서울특별시,11,성동구,11200,울산광역시,31,0,9,0,0,0,0,20,0,9,0,0
20220423,서울특별시,11,성동구,11200,대전광역시,30,0,37,0,0,6,0,4,3,14,0,0
20220423,서울특별시,11,성동구,11200,광주광역시,29,0,52,0,4,4,0,23,4,17,4,0
20220423,서울특별시,11,성동구,11200,인천광역시,28,0,104,9,6,9,3,7,13,36,12,0
20220423,서울특별시,11,성동구,11200,대구광역시,27,0,32,3,3,10,0,8,4,23,11,0
20220423,서울특별시,11,성동구,11200,부산광역시,26,0,75,4,5,7,3,0,7,48,17,0
20220423,서울특별시,11,성동구,11200,서울특별시,11,6,603,36,33,56,13,12,37,246,80,0
20220423,서울특별시,11,성북구,11290,대전광역시,30,0,20,0,3,0,0,4,0,32,5,0
20220423,서울특별시,11,성북구,11290,울산광역시,31,0,13,0,0,0,0,0,0,35,0,0
20220423,서울특별시,11,성북구,11290,세종특별자치시,36,0,6,0,0,0,0,0,0,11,0,0
20220423,서울특별시,11,구로구,11530,경기도,41,9,922,34,46,129,39,28,26,798,136,29
20220423,서울특별시,11,구로구,11530,세종특별자치시,36,0,3,0,0,0,0,0,0,10,3,0
20220423,서울특별시,11,구로구,11530,울산광역시,31,0,7,0,4,5,3,0,0,23,5,0
20220423,서울특별시,11,구로구,11530,대전광역시,30,0,14,0,3,5,0,3,4,41,8,0
20220423,서울특별시,11,구로구,11530,광주광역시,29,0,404,0,3,6,5,0,3,39,8,0
20220423,서울특별시,11,구로구,11530,인천광역시,28,6,437,5,16,21,12,8,5,103,18,5
20220423,서울특별시,11,동대문구,11230,서울특별시,11,8,129,29,26,58,4,74,4,191,34,31
20220423,서울특별시,11,동대문구,11230,부산광역시,26,4,12,9,6,13,0,16,0,19,6,6
20220423,서울특별시,11,동대문구,11230,대구광역시,27,0,9,11,6,11,0,7,0,16,3,6
20220423,서울특별시,11,동대문구,11230,인천광역시,28,0,24,16,8,24,0,16,6,26,7,7
20220423,서울특별시,11,동대문구,11230,광주광역시,29,0,7,5,4,10,0,5,0,0,0,3
20220423,서울특별시,11,동대문구,11230,대전광역시,30,0,15,10,4,10,0,8,0,4,0,4
20220423,서울특별시,11,동대문구,11230,울산광역시,31,3,8,6,0,0,0,3,0,5,0,4
20220423,서울특별시,11,동대문구,11230,세종특별자치시,36,0,0,0,0,0,0,4,0,0,0,0
20220423,서울특별시,11,동대문구,11230,경기도,41,20,163,55,44,159,9,93,12,430,70,55
20220423,서울특별시,11,동대문구,11230,강원도,42,0,6,9,0,6,0,7,0,0,0,3
20220423,서울특별시,11,동대문구,11230,충청북도,43,3,10,6,4,11,0,10,0,21,0,0
20220423,서울특별시,11,동대문구,11230,충청남도,44,5,14,11,9,12,0,4,0,6,0,4
20220423,서울특별시,11,동대문구,11230,전라북도,45,0,7,5,3,7,0,7,0,17,0,6
20220423,서울특별시,11,동대문구,11230,전라남도,46,0,9,6,0,14,0,4,0,7,0,5
20220423,서울특별시,11,동대문구,11230,경상북도,47,0,10,5,3,9,0,10,0,12,0,4
20220423,서울특별시,11,동대문구,11230,경상남도,48,4,18,15,0,21,0,16,0,12,8,9
20220423,서울특별시,11,동대문구,11230,제주특별자치도,50,0,0,0,0,0,0,5,0,6,0,0
20220423,서울특별시,11,구로구,11530,대구광역시,27,0,11,3,4,15,8,0,0,55,13,0
20220423,서울특별시,11,구로구,11530,부산광역시,26,3,489,7,5,17,6,0,5,120,26,0
20220423,서울특별시,11,서초구,11650,서울특별시,11,15,408,170,51,63,27,222,11,309,84,11
20220423,서울특별시,11,서초구,11650,부산광역시,26,0,43,22,6,11,8,6,33,32,21,0
20220423,서울특별시,11,서초구,11650,대구광역시,27,4,41,35,4,8,4,3,17,27,10,0
20220423,서울특별시,11,서초구,11650,인천광역시,28,3,52,28,6,17,0,5,32,32,11,6
20220423,서울특별시,11,서초구,11650,광주광역시,29,0,27,18,0,5,0,5,26,5,5,0
20220423,서울특별시,11,서초구,11650,대전광역시,30,0,23,14,0,8,3,3,17,9,12,0
20220423,서울특별시,11,서초구,11650,울산광역시,31,0,13,9,0,0,0,0,15,9,0,0
20220423,서울특별시,11,서초구,11650,세종특별자치시,36,0,11,7,0,0,0,3,9,0,0,0
20220423,서울특별시,11,서초구,11650,경기도,41,13,439,228,56,152,45,51,190,649,126,41
20220423,서울특별시,11,서초구,11650,강원도,42,0,17,10,0,3,5,3,19,6,6,0
20220423,서울특별시,11,서초구,11650,충청북도,43,0,15,5,4,10,0,0,16,31,4,3
20220423,서울특별시,11,서초구,11650,충청남도,44,0,41,35,6,11,0,4,33,7,7,3
20220423,서울특별시,11,서초구,11650,전라북도,45,0,19,9,0,0,0,0,24,18,0,0
20220423,서울특별시,11,서초구,11650,전라남도,46,0,19,9,3,3,0,3,10,3,7,0
20220423,서울특별시,11,서초구,11650,경상북도,47,0,24,17,3,6,4,6,20,12,3,0
20220423,서울특별시,11,성북구,11290,경기도,41,33,324,42,32,117,12,26,8,742,102,41
20220423,서울특별시,11,성북구,11290,강원도,42,0,19,0,0,3,0,0,0,46,3,3
20220423,서울특별시,11,성북구,11290,충청북도,43,5,19,3,0,6,0,5,0,57,7,0
20220423,서울특별시,11,성북구,11290,충청남도,44,6,41,6,6,6,0,12,3,42,4,0
20220423,서울특별시,11,성북구,11290,전라북도,45,11,21,0,0,4,0,6,0,57,6,7
20220423,서울특별시,11,성북구,11290,전라남도,46,0,30,3,0,0,0,0,0,40,5,0
20220423,서울특별시,11,성북구,11290,경상북도,47,0,25,3,4,0,0,9,0,44,6,8
20220423,서울특별시,11,성북구,11290,경상남도,48,5,41,6,8,10,7,8,0,56,19,16
20220423,서울특별시,11,성북구,11290,제주특별자치도,50,0,9,0,0,0,0,0,0,13,0,20
20220423,서울특별시,11,강동구,11740,서울특별시,11,10,118,75,25,40,21,31,16,222,281,12
20220423,서울특별시,11,강동구,11740,부산광역시,26,0,9,21,0,12,8,0,0,31,96,0
20220423,서울특별시,11,강동구,11740,대구광역시,27,3,8,14,0,4,3,0,0,16,70,3
20220423,서울특별시,11,서초구,11650,경상남도,48,0,46,19,3,9,7,11,37,12,15,0
20220423,서울특별시,11,서초구,11650,제주특별자치도,50,0,10,0,0,0,0,5,12,4,3,0
20220423,서울특별시,11,구로구,11530,서울특별시,11,0,418,18,41,79,28,22,20,456,73,16
20220423,서울특별시,11,관악구,11620,서울특별시,11,17,209,102,29,40,5,17,3,270,55,15
20220423,서울특별시,11,강동구,11740,강원도,42,0,6,6,0,0,0,0,0,8,39,0
20220423,서울특별시,11,관악구,11620,부산광역시,26,3,26,7,6,12,3,6,0,53,21,0
20220423,서울특별시,11,관악구,11620,대구광역시,27,3,15,8,6,7,3,0,0,27,7,0
20220423,서울특별시,11,관악구,11620,인천광역시,28,4,28,3,9,22,0,6,3,41,11,0
20220423,서울특별시,11,관악구,11620,광주광역시,29,0,8,6,4,4,0,0,0,11,0,5
20220423,서울특별시,11,관악구,11620,대전광역시,30,0,9,3,3,7,0,0,0,13,4,0
20220423,서울특별시,11,강동구,11740,인천광역시,28,3,23,18,10,11,0,6,6,39,57,4
20220423,서울특별시,11,강동구,11740,광주광역시,29,0,8,12,0,0,0,0,0,12,36,0
20220423,서울특별시,11,강동구,11740,대전광역시,30,0,11,10,4,5,0,0,0,6,30,0
20220423,서울특별시,11,강동구,11740,울산광역시,31,0,3,6,0,0,16,0,0,4,29,0
20220423,서울특별시,11,강동구,11740,세종특별자치시,36,0,0,0,0,0,0,0,0,3,15,0
20220423,서울특별시,11,중구,11140,경기도,41,35,180,27,57,265,11,47,12,618,64,62
20220423,서울특별시,11,중구,11140,강원도,42,11,12,0,10,14,0,3,3,47,5,3
20220423,서울특별시,11,중구,11140,충청북도,43,5,10,0,5,15,0,3,3,62,4,3
20220423,서울특별시,11,중구,11140,충청남도,44,4,19,3,9,30,0,4,0,59,11,6
20220423,서울특별시,11,중구,11140,전라북도,45,4,10,0,0,13,0,0,0,55,0,6
20220423,서울특별시,11,중구,11140,전라남도,46,6,10,0,0,14,0,5,0,42,4,3
20220423,서울특별시,11,관악구,11620,울산광역시,31,0,6,5,4,5,0,0,0,10,0,0
20220423,서울특별시,11,관악구,11620,세종특별자치시,36,0,0,3,0,0,0,0,0,0,0,0
20220423,서울특별시,11,관악구,11620,경기도,41,18,234,77,55,105,19,44,10,519,106,28
20220423,서울특별시,11,관악구,11620,강원도,42,0,10,0,0,7,0,0,3,10,5,0
20220423,서울특별시,11,광진구,11215,제주특별자치도,50,0,4,0,0,0,0,0,0,0,0,0
20220423,서울특별시,11,광진구,11215,경상남도,48,0,24,5,15,5,3,0,0,9,9,0
20220423,서울특별시,11,광진구,11215,경상북도,47,0,19,3,7,4,0,4,0,6,3,0
20220423,서울특별시,11,강북구,11305,충청북도,43,0,5,0,0,0,0,0,0,16,0,0
20220423,서울특별시,11,강북구,11305,강원도,42,0,8,0,0,3,0,0,0,10,0,0
20220423,서울특별시,11,강북구,11305,경기도,41,17,89,22,21,54,11,27,7,288,34,19
20220423,서울특별시,11,마포구,11440,인천광역시,28,7,69,11,75,26,0,11,13,57,15,6
20220423,서울특별시,11,마포구,11440,광주광역시,29,4,31,8,38,11,0,3,3,24,0,3
20220423,서울특별시,11,마포구,11440,대전광역시,30,0,22,4,38,16,0,7,0,22,4,3
20220423,서울특별시,11,중구,11140,인천광역시,28,11,41,0,16,43,3,9,0,109,13,15
20220423,서울특별시,11,중구,11140,대구광역시,27,6,19,0,9,25,4,5,0,89,8,12
20220423,서울특별시,11,중구,11140,부산광역시,26,6,32,0,7,41,0,4,4,116,10,16
20220423,서울특별시,11,중구,11140,서울특별시,11,33,254,39,58,228,15,28,12,508,77,61
20220423,서울특별시,11,동작구,11590,제주특별자치도,50,0,0,0,0,0,0,0,0,0,0,0
20220423,서울특별시,11,동작구,11590,경상남도,48,0,17,22,0,33,3,9,0,11,3,0
20220423,서울특별시,11,동작구,11590,경상북도,47,0,4,12,0,22,0,7,0,12,0,3
20220423,서울특별시,11,동작구,11590,전라남도,46,0,6,6,0,18,0,4,0,7,0,0
20220423,서울특별시,11,동작구,11590,전라북도,45,0,10,8,3,16,0,5,0,15,0,0
20220423,서울특별시,11,동작구,11590,충청남도,44,0,11,20,4,23,0,3,7,4,5,0
20220423,서울특별시,11,동작구,11590,충청북도,43,0,5,6,4,8,0,13,3,27,0,0
20220423,서울특별시,11,동작구,11590,강원도,42,0,7,3,0,14,0,5,0,0,0,0
20220423,서울특별시,11,동작구,11590,경기도,41,17,161,73,46,250,25,48,8,521,86,19
20220423,서울특별시,11,동작구,11590,세종특별자치시,36,0,0,5,0,3,0,0,0,0,0,0
20220423,서울특별시,11,동작구,11590,울산광역시,31,0,7,5,0,12,0,3,0,3,0,0
20220423,서울특별시,11,동작구,11590,대전광역시,30,0,8,7,3,12,0,0,0,6,4,4
20220423,서울특별시,11,동작구,11590,광주광역시,29,0,6,4,0,11,0,3,0,13,0,0
20220423,서울특별시,11,마포구,11440,울산광역시,31,0,17,3,39,7,0,3,0,15,4,0
20220423,서울특별시,11,마포구,11440,세종특별자치시,36,3,5,0,11,6,0,0,0,4,0,0
20220423,서울특별시,11,마포구,11440,경기도,41,21,456,78,367,227,26,35,25,625,104,36
20220423,서울특별시,11,마포구,11440,강원도,42,5,27,4,51,13,0,5,0,14,4,0
20220423,서울특별시,11,마포구,11440,충청북도,43,0,34,4,47,11,3,6,4,38,3,0
20220423,서울특별시,11,강남구,11680,서울특별시,11,11,451,147,72,225,24,117,15,1565,143,720
20220423,서울특별시,11,강남구,11680,부산광역시,26,0,52,18,8,24,4,7,0,438,30,11
20220423,서울특별시,11,강남구,11680,대구광역시,27,6,34,8,0,24,0,13,0,292,18,5
20220423,서울특별시,11,강남구,11680,인천광역시,28,3,59,20,17,29,6,32,3,368,26,15
20220423,서울특별시,11,강남구,11680,광주광역시,29,0,19,6,0,14,0,6,0,197,11,4
20220423,서울특별시,11,강남구,11680,대전광역시,30,0,30,14,0,32,0,60,0,217,5,5
20220423,서울특별시,11,강남구,11680,울산광역시,31,0,13,5,0,10,4,9,0,145,10,0
20220423,서울특별시,11,강남구,11680,세종특별자치시,36,0,6,8,0,8,0,20,0,44,4,0
20220423,서울특별시,11,중랑구,11260,제주특별자치도,50,0,4,0,0,0,0,0,0,0,0,0
20220423,서울특별시,11,중랑구,11260,경상남도,48,0,12,6,5,5,4,0,0,21,4,11
20220423,서울특별시,11,중랑구,11260,경상북도,47,0,16,3,0,7,0,7,0,11,0,5
20220423,서울특별시,11,중랑구,11260,전라남도,46,0,9,0,3,0,0,0,0,8,0,6
20220423,서울특별시,11,중랑구,11260,전라북도,45,0,12,0,0,4,0,0,0,16,0,7
20220423,서울특별시,11,중랑구,11260,충청남도,44,0,10,7,7,4,0,0,4,17,3,13
20220423,서울특별시,11,중랑구,11260,충청북도,43,3,13,0,0,4,0,0,0,31,0,8
20220423,서울특별시,11,중랑구,11260,강원도,42,0,9,0,0,0,0,0,0,10,0,3
20220423,서울특별시,11,중구,11140,경상북도,47,4,16,0,0,13,0,0,0,79,4,11
20220423,서울특별시,11,중구,11140,경상남도,48,13,28,3,10,27,4,3,4,83,3,5
20220423,서울특별시,11,중구,11140,제주특별자치도,50,0,9,0,0,12,0,0,0,28,6,0
20220423,서울특별시,11,중구,11140,광주광역시,29,3,8,0,0,11,0,0,0,71,0,3
20220424,서울특별시,11,강동구,11740,강원도,42,0,0,0,0,0,0,0,0,0,0,0
20220424,서울특별시,11,종로구,11110,서울특별시,11,0,86,0,0,0,0,0,0,0,0,0
20220424,서울특별시,11,종로구,11110,부산광역시,26,0,6,0,0,0,0,0,0,0,0,0
20220424,서울특별시,11,종로구,11110,대구광역시,27,0,0,0,0,3,0,0,0,0,0,0
20220424,서울특별시,11,종로구,11110,인천광역시,28,0,10,0,0,0,0,0,0,0,0,0
20220424,서울특별시,11,송파구,11710,서울특별시,11,0,0,0,0,29,0,80,0,0,0,0
20220424,서울특별시,11,송파구,11710,부산광역시,26,0,0,0,0,0,0,60,0,0,0,0
20220424,서울특별시,11,송파구,11710,대구광역시,27,0,0,0,0,0,0,64,0,0,0,0
20220424,서울특별시,11,송파구,11710,인천광역시,28,0,0,0,0,0,0,35,0,0,0,0
20220424,서울특별시,11,송파구,11710,광주광역시,29,0,0,0,0,4,0,111,0,0,0,0
20220424,서울특별시,11,송파구,11710,대전광역시,30,4,0,0,6,163,0,2335,25,0,3,60
20220424,서울특별시,11,송파구,11710,울산광역시,31,0,0,0,0,0,0,26,0,0,0,0
20220424,서울특별시,11,송파구,11710,세종특별자치시,36,0,3,0,3,75,0,965,18,0,11,18
20220424,서울특별시,11,송파구,11710,경기도,41,0,0,0,0,18,0,473,5,0,0,0
20220424,서울특별시,11,송파구,11710,강원도,42,0,0,0,0,8,0,167,3,0,0,0
20220424,서울특별시,11,송파구,11710,충청북도,43,5,3,0,0,87,4,1280,10,0,4,21
20220424,서울특별시,11,송파구,11710,충청남도,44,0,4,0,3,108,0,1347,16,0,7,17
20220424,서울특별시,11,송파구,11710,전라북도,45,0,0,0,0,6,0,123,0,0,0,0
20220424,서울특별시,11,송파구,11710,전라남도,46,0,0,0,0,0,0,89,0,3,0,0
20220424,서울특별시,11,송파구,11710,경상북도,47,0,0,0,0,9,0,162,3,0,0,0
20220424,서울특별시,11,송파구,11710,경상남도,48,0,0,0,0,5,0,188,0,0,0,3
20220424,서울특별시,11,노원구,11350,경상남도,48,0,0,0,0,0,0,0,0,0,0,0
20220424,서울특별시,11,노원구,11350,경상북도,47,0,0,0,0,0,0,0,0,0,0,0
20220424,서울특별시,11,노원구,11350,충청남도,44,0,0,0,0,0,0,0,0,0,0,0
20220424,서울특별시,11,노원구,11350,강원도,42,0,0,0,0,0,0,0,0,0,0,0
20220424,서울특별시,11,노원구,11350,경기도,41,0,0,0,0,3,0,0,0,0,0,0
20220424,서울특별시,11,노원구,11350,광주광역시,29,0,0,0,0,0,0,0,0,0,0,0
20220424,서울특별시,11,노원구,11350,인천광역시,28,0,0,0,0,0,0,0,0,0,0,0
20220424,서울특별시,11,노원구,11350,대구광역시,27,0,0,0,0,0,0,0,0,0,0,0
20220424,서울특별시,11,노원구,11350,부산광역시,26,0,0,0,0,0,0,0,0,0,0,0
20220424,서울특별시,11,노원구,11350,서울특별시,11,0,0,0,0,0,0,0,0,3,0,0
20220424,서울특별시,11,종로구,11110,광주광역시,29,0,19,0,0,0,0,0,0,0,0,0
20220424,서울특별시,11,종로구,11110,대전광역시,30,0,0,0,0,0,0,0,0,0,0,0
20220424,서울특별시,11,종로구,11110,울산광역시,31,0,0,0,0,0,0,0,0,0,0,0
20220424,서울특별시,11,종로구,11110,경기도,41,0,76,0,0,0,0,0,0,0,0,0
20220424,서울특별시,11,영등포구,11560,제주특별자치도,50,0,0,0,0,0,0,0,0,0,0,0
20220424,서울특별시,11,영등포구,11560,경상남도,48,0,100,41,0,14,19,11,33,0,0,0
20220424,서울특별시,11,영등포구,11560,경상북도,47,0,80,55,0,5,3,4,10,0,0,0
20220424,서울특별시,11,영등포구,11560,전라남도,46,0,71,39,0,6,0,3,29,0,0,0
20220424,서울특별시,11,영등포구,11560,전라북도,45,0,61,41,0,6,7,0,16,0,0,0
20220424,서울특별시,11,영등포구,11560,충청남도,44,0,51,33,0,11,24,7,43,0,0,0
20220424,서울특별시,11,영등포구,11560,충청북도,43,0,45,9,0,3,0,3,12,0,0,0
20220424,서울특별시,11,영등포구,11560,강원도,42,0,48,19,0,3,0,0,0,0,0,0
20220424,서울특별시,11,영등포구,11560,경기도,41,10,256,75,3,115,38,40,77,0,12,10
20220424,서울특별시,11,영등포구,11560,세종특별자치시,36,0,16,7,0,0,0,0,8,0,0,0
20220424,서울특별시,11,영등포구,11560,울산광역시,31,0,30,9,0,3,0,0,3,0,0,0
20220424,서울특별시,11,영등포구,11560,대전광역시,30,0,32,13,0,9,10,6,46,0,0,0
20220424,서울특별시,11,영등포구,11560,광주광역시,29,0,32,52,0,14,0,0,7,0,5,0
20220424,서울특별시,11,마포구,11440,경상남도,48,10,0,0,0,0,0,0,0,0,0,0
20220424,서울특별시,11,마포구,11440,경상북도,47,6,0,0,0,0,0,0,0,0,0,0
20220424,서울특별시,11,마포구,11440,전라남도,46,5,0,0,0,0,0,0,0,0,0,0
20220424,서울특별시,11,마포구,11440,전라북도,45,3,0,0,0,0,0,0,0,0,0,0
20220424,서울특별시,11,마포구,11440,충청남도,44,5,0,0,0,0,0,0,0,0,0,0
20220424,서울특별시,11,마포구,11440,충청북도,43,0,0,0,0,0,0,0,0,0,0,0
20220424,서울특별시,11,마포구,11440,강원도,42,8,0,0,0,0,0,0,0,0,0,0
20220424,서울특별시,11,마포구,11440,경기도,41,21,0,0,4,0,0,0,0,0,0,0
20220424,서울특별시,11,마포구,11440,울산광역시,31,0,0,0,0,0,0,0,0,0,0,0
20220424,서울특별시,11,마포구,11440,대전광역시,30,0,0,0,3,0,0,0,0,0,0,0
20220424,서울특별시,11,마포구,11440,광주광역시,29,0,0,0,0,0,0,0,0,0,0,0
20220424,서울특별시,11,마포구,11440,인천광역시,28,10,0,0,0,0,0,0,0,0,0,0
20220424,서울특별시,11,마포구,11440,대구광역시,27,7,0,0,0,0,0,0,0,0,0,0
20220424,서울특별시,11,마포구,11440,부산광역시,26,25,0,0,0,0,0,0,0,0,0,0
20220424,서울특별시,11,마포구,11440,서울특별시,11,22,0,0,3,0,0,0,0,0,0,0
20220424,서울특별시,11,영등포구,11560,인천광역시,28,0,43,5,0,14,9,5,15,0,0,0
20220424,서울특별시,11,영등포구,11560,대구광역시,27,0,40,59,0,6,12,0,29,0,0,0
20220424,서울특별시,11,영등포구,11560,부산광역시,26,0,35,28,0,11,4,7,14,0,0,3
20220424,서울특별시,11,영등포구,11560,서울특별시,11,7,87,49,0,54,0,19,16,0,7,10
20220424,서울특별시,11,종로구,11110,강원도,42,0,14,0,0,0,0,0,0,0,0,0
20220424,서울특별시,11,종로구,11110,충청북도,43,0,8,0,0,0,0,0,0,0,0,0
20220424,서울특별시,11,종로구,11110,충청남도,44,0,5,0,0,0,0,0,0,0,0,0
20220424,서울특별시,11,종로구,11110,전라북도,45,0,19,0,0,0,0,0,0,0,0,0
20220424,서울특별시,11,종로구,11110,전라남도,46,0,31,0,0,0,0,0,0,0,0,0
20220424,서울특별시,11,종로구,11110,경상북도,47,0,25,0,0,3,0,0,0,0,0,0
20220424,서울특별시,11,종로구,11110,경상남도,48,0,14,0,0,3,0,0,0,0,0,0
20220424,서울특별시,11,중랑구,11260,서울특별시,11,0,0,0,0,0,0,0,0,156,0,0
20220424,서울특별시,11,중랑구,11260,부산광역시,26,0,0,0,0,0,0,0,0,51,0,0
20220424,서울특별시,11,중랑구,11260,대구광역시,27,0,0,0,0,0,0,0,0,49,0,0
20220424,서울특별시,11,중랑구,11260,인천광역시,28,0,0,0,0,0,0,0,0,73,0,0
20220424,서울특별시,11,중랑구,11260,광주광역시,29,0,0,0,0,0,0,0,0,40,0,0
20220424,서울특별시,11,중랑구,11260,대전광역시,30,0,0,0,0,0,0,0,0,38,0,0
20220424,서울특별시,11,강북구,11305,서울특별시,11,0,0,0,0,0,0,0,0,0,0,0
20220424,서울특별시,11,중랑구,11260,울산광역시,31,0,0,0,0,0,0,0,0,27,0,0
20220424,서울특별시,11,중랑구,11260,세종특별자치시,36,0,0,0,0,0,0,0,0,7,0,0
20220424,서울특별시,11,중랑구,11260,경기도,41,0,0,0,0,0,0,0,0,254,0,0
20220424,서울특별시,11,중랑구,11260,강원도,42,0,0,0,0,0,0,0,0,35,0,0
20220424,서울특별시,11,중랑구,11260,충청북도,43,0,0,0,0,0,0,0,0,20,0,0
20220424,서울특별시,11,중랑구,11260,충청남도,44,0,0,0,0,0,0,0,0,43,0,0
20220424,서울특별시,11,중랑구,11260,전라북도,45,0,0,0,0,0,0,0,0,34,0,0
20220424,서울특별시,11,중랑구,11260,전라남도,46,0,0,0,0,0,0,0,0,31,0,0
20220424,서울특별시,11,중랑구,11260,경상북도,47,0,0,0,0,0,0,0,0,52,0,0
20220424,서울특별시,11,중랑구,11260,경상남도,48,0,0,0,0,0,0,0,0,56,0,0
20220424,서울특별시,11,중랑구,11260,제주특별자치도,50,0,0,0,0,0,0,0,0,9,0,0
20220424,서울특별시,11,구로구,11530,서울특별시,11,0,222,0,19,0,0,0,0,225,52,0
20220424,서울특별시,11,구로구,11530,부산광역시,26,0,40,0,3,0,0,0,0,69,11,0
20220424,서울특별시,11,구로구,11530,대구광역시,27,0,33,0,0,0,0,0,0,50,11,0
20220424,서울특별시,11,구로구,11530,인천광역시,28,0,57,0,8,0,0,0,0,60,15,0
20220424,서울특별시,11,구로구,11530,광주광역시,29,0,15,0,0,0,0,0,0,29,5,0
20220424,서울특별시,11,구로구,11530,대전광역시,30,0,30,0,0,0,0,0,0,39,5,0
20220424,서울특별시,11,구로구,11530,울산광역시,31,0,14,0,0,0,0,0,0,20,5,0
20220424,서울특별시,11,구로구,11530,세종특별자치시,36,0,9,0,0,0,0,0,0,7,3,0
20220424,서울특별시,11,구로구,11530,경기도,41,0,267,0,20,0,0,0,0,278,47,0
20220424,서울특별시,11,구로구,11530,강원도,42,0,18,0,0,0,0,0,0,22,7,0
20220424,서울특별시,11,구로구,11530,충청북도,43,0,24,0,0,0,0,0,0,18,5,0
20220424,서울특별시,11,구로구,11530,충청남도,44,0,37,0,0,0,0,0,0,33,9,0
20220424,서울특별시,11,구로구,11530,전라북도,45,0,30,0,5,0,0,0,0,27,5,0
20220424,서울특별시,11,구로구,11530,전라남도,46,0,13,0,0,0,0,0,0,22,4,0
20220424,서울특별시,11,구로구,11530,경상북도,47,0,24,0,0,0,0,0,0,36,4,0
20220424,서울특별시,11,구로구,11530,경상남도,48,0,35,0,4,0,0,0,0,57,9,0
20220424,서울특별시,11,구로구,11530,제주특별자치도,50,0,4,0,0,0,0,0,0,3,0,0
20220424,서울특별시,11,서대문구,11410,울산광역시,31,0,0,0,0,0,0,0,0,0,0,0
20220424,서울특별시,11,서대문구,11410,경기도,41,0,0,0,0,0,0,0,0,0,0,0
20220424,서울특별시,11,서대문구,11410,경상북도,47,0,0,0,0,0,0,0,0,0,0,0
20220424,서울특별시,11,서초구,11650,경기도,41,0,3,0,0,0,0,0,0,45,0,0
20220424,서울특별시,11,서초구,11650,울산광역시,31,0,0,0,0,0,0,0,0,0,0,0
20220424,서울특별시,11,서초구,11650,대전광역시,30,0,0,0,0,0,0,0,0,5,0,0
20220424,서울특별시,11,광진구,11215,경상남도,48,0,3,0,0,7,0,0,0,0,0,0
20220424,서울특별시,11,광진구,11215,경상북도,47,0,0,0,0,3,0,0,0,0,0,0
20220424,서울특별시,11,광진구,11215,전라남도,46,0,0,0,0,3,0,0,0,0,0,0
20220424,서울특별시,11,광진구,11215,전라북도,45,0,0,0,0,0,0,0,0,0,0,0
20220424,서울특별시,11,광진구,11215,충청남도,44,0,0,0,0,4,0,0,0,0,0,0
20220424,서울특별시,11,광진구,11215,충청북도,43,0,0,0,0,3,0,0,0,0,0,0
20220424,서울특별시,11,광진구,11215,강원도,42,0,0,0,0,0,0,0,0,0,0,0
20220424,서울특별시,11,서초구,11650,광주광역시,29,0,0,0,0,0,0,0,0,7,0,0
20220424,서울특별시,11,서초구,11650,인천광역시,28,0,0,0,0,0,0,0,0,3,0,0
20220424,서울특별시,11,서초구,11650,대구광역시,27,0,0,0,0,0,0,0,0,4,0,0
20220424,서울특별시,11,서초구,11650,부산광역시,26,0,0,0,0,0,0,0,0,4,0,0
20220424,서울특별시,11,서초구,11650,서울특별시,11,4,46,0,0,17,0,180,0,41,0,0
20220424,서울특별시,11,강동구,11740,서울특별시,11,0,5,0,0,0,3,0,3,6,6,0
20220424,서울특별시,11,강동구,11740,대구광역시,27,0,0,0,0,0,0,0,0,0,0,0
20220424,서울특별시,11,금천구,11545,제주특별자치도,50,0,0,0,0,0,5,0,9,35,22,10
20220424,서울특별시,11,금천구,11545,경상남도,48,0,0,0,0,3,24,9,39,200,68,36
20220424,서울특별시,11,금천구,11545,경상북도,47,0,0,0,0,3,18,14,40,117,60,27
20220424,서울특별시,11,금천구,11545,전라남도,46,0,0,0,0,5,12,6,28,115,46,17
20220424,서울특별시,11,금천구,11545,전라북도,45,0,0,0,0,5,5,9,18,111,35,11
20220424,서울특별시,11,금천구,11545,충청남도,44,0,0,0,0,0,12,6,26,127,62,20
20220424,서울특별시,11,금천구,11545,충청북도,43,0,0,0,0,0,14,6,20,119,46,28
20220424,서울특별시,11,금천구,11545,강원도,42,0,0,0,0,0,10,0,16,83,52,15
20220424,서울특별시,11,금천구,11545,경기도,41,27,6,3,12,39,90,72,223,979,430,192
20220424,서울특별시,11,광진구,11215,경기도,41,0,9,0,0,29,0,0,0,0,0,0
20220424,서울특별시,11,광진구,11215,울산광역시,31,0,0,0,0,0,0,0,0,0,0,0
20220424,서울특별시,11,광진구,11215,대전광역시,30,0,0,0,0,0,0,0,0,0,0,0
20220424,서울특별시,11,광진구,11215,광주광역시,29,0,0,0,0,4,0,0,0,0,0,0
20220424,서울특별시,11,광진구,11215,인천광역시,28,0,0,0,0,3,0,0,0,0,0,0
20220424,서울특별시,11,광진구,11215,대구광역시,27,0,0,0,0,0,0,0,0,0,0,0
20220424,서울특별시,11,광진구,11215,부산광역시,26,0,0,0,0,5,0,0,0,0,0,0
20220424,서울특별시,11,광진구,11215,서울특별시,11,3,10,0,0,14,0,0,0,0,0,0
20220424,서울특별시,11,금천구,11545,세종특별자치시,36,0,0,0,0,0,6,3,12,44,20,10
20220424,서울특별시,11,금천구,11545,울산광역시,31,0,0,0,0,4,8,0,18,98,30,14
20220424,서울특별시,11,금천구,11545,대전광역시,30,0,0,0,0,3,8,4,24,121,26,16
20220424,서울특별시,11,금천구,11545,광주광역시,29,0,0,0,0,3,14,4,40,123,35,11
20220424,서울특별시,11,금천구,11545,인천광역시,28,0,0,0,0,21,12,12,46,188,60,37
20220424,서울특별시,11,금천구,11545,대구광역시,27,0,0,0,0,3,12,7,34,183,65,35
20220424,서울특별시,11,금천구,11545,부산광역시,26,0,0,0,0,4,16,12,40,194,77,35
20220424,서울특별시,11,금천구,11545,서울특별시,11,51,33,3,21,62,50,67,146,695,291,263
20220424,서울특별시,11,성동구,11200,전라남도,46,0,0,0,0,0,0,0,0,0,0,0
20220424,서울특별시,11,성동구,11200,경기도,41,0,0,0,0,0,0,0,0,0,0,0
20220424,서울특별시,11,성동구,11200,광주광역시,29,0,0,0,0,0,0,0,0,0,0,0
20220424,서울특별시,11,성동구,11200,인천광역시,28,0,0,0,0,0,0,0,0,0,0,0
20220424,서울특별시,11,동대문구,11230,전라남도,46,0,0,0,0,0,0,0,0,0,0,0
20220424,서울특별시,11,동대문구,11230,경기도,41,0,0,0,0,0,0,0,0,0,0,0
20220424,서울특별시,11,동대문구,11230,인천광역시,28,0,0,0,0,0,0,0,0,0,0,0
20220424,서울특별시,11,동대문구,11230,부산광역시,26,0,0,0,0,0,0,0,0,0,0,0
20220424,서울특별시,11,동대문구,11230,서울특별시,11,0,0,0,0,0,0,0,0,0,0,0
20220424,서울특별시,11,은평구,11380,서울특별시,11,0,0,0,0,0,0,0,0,0,0,0
20220424,서울특별시,11,은평구,11380,인천광역시,28,0,0,0,0,0,0,0,0,0,0,0
20220424,서울특별시,11,은평구,11380,경기도,41,0,0,0,0,0,0,0,0,4,0,0
20220424,서울특별시,11,은평구,11380,전라남도,46,0,0,0,0,0,0,0,0,0,0,0
20220424,서울특별시,11,은평구,11380,경상남도,48,0,0,0,0,0,0,0,0,0,0,0
20220424,서울특별시,11,관악구,11620,서울특별시,11,0,0,0,0,0,0,0,0,0,0,0
20220424,서울특별시,11,관악구,11620,부산광역시,26,0,0,0,0,0,0,0,0,0,0,0
20220424,서울특별시,11,관악구,11620,대구광역시,27,0,0,0,0,0,0,0,0,0,0,0
20220424,서울특별시,11,관악구,11620,인천광역시,28,0,0,0,0,3,0,0,0,0,0,0
20220424,서울특별시,11,용산구,11170,경상남도,48,0,0,0,4,3,0,0,0,0,0,0
20220424,서울특별시,11,용산구,11170,경상북도,47,0,0,0,3,0,0,0,0,0,0,0
20220424,서울특별시,11,용산구,11170,전라남도,46,0,0,0,0,3,0,0,0,0,0,0
20220424,서울특별시,11,용산구,11170,전라북도,45,0,0,0,5,0,0,0,0,0,0,0
20220424,서울특별시,11,용산구,11170,충청남도,44,0,0,0,5,0,0,0,0,0,0,0
20220424,서울특별시,11,용산구,11170,충청북도,43,0,0,0,0,0,0,0,0,0,0,0
20220424,서울특별시,11,용산구,11170,강원도,42,0,0,0,0,0,0,0,0,0,0,0
20220424,서울특별시,11,용산구,11170,경기도,41,0,4,0,14,0,0,0,0,9,3,0
20220424,서울특별시,11,용산구,11170,세종특별자치시,36,0,0,0,0,0,0,0,0,0,0,0
20220424,서울특별시,11,용산구,11170,울산광역시,31,0,0,0,3,3,0,0,0,0,0,0
20220424,서울특별시,11,용산구,11170,대전광역시,30,0,0,0,3,0,0,0,0,0,0,0
20220424,서울특별시,11,용산구,11170,광주광역시,29,0,0,0,4,0,0,0,0,0,0,0
20220424,서울특별시,11,용산구,11170,인천광역시,28,0,0,0,5,0,0,0,0,0,0,0
20220424,서울특별시,11,용산구,11170,대구광역시,27,0,0,0,5,0,0,0,0,0,0,0
20220424,서울특별시,11,용산구,11170,부산광역시,26,0,0,0,13,3,0,0,0,0,0,0
20220424,서울특별시,11,용산구,11170,서울특별시,11,0,7,0,13,0,0,0,0,5,0,0
20220424,서울특별시,11,관악구,11620,광주광역시,29,0,0,0,0,0,0,0,0,0,0,0
20220424,서울특별시,11,관악구,11620,세종특별자치시,36,0,0,0,0,0,0,0,0,0,0,0
20220424,서울특별시,11,관악구,11620,경기도,41,6,3,0,0,8,0,0,0,0,0,0
20220424,서울특별시,11,관악구,11620,강원도,42,0,0,0,0,0,0,0,0,0,0,0
20220424,서울특별시,11,관악구,11620,충청북도,43,0,0,0,0,0,0,0,0,0,0,0
20220424,서울특별시,11,관악구,11620,충청남도,44,0,0,0,0,0,0,0,0,0,0,0
20220424,서울특별시,11,관악구,11620,전라북도,45,0,0,0,0,0,0,0,0,0,0,0
20220424,서울특별시,11,관악구,11620,경상북도,47,0,0,0,0,0,0,0,0,0,0,0
20220424,서울특별시,11,관악구,11620,경상남도,48,0,0,0,0,0,0,0,0,0,0,0
20220424,서울특별시,11,관악구,11620,제주특별자치도,50,0,0,0,0,0,0,0,0,0,0,0
20220424,서울특별시,11,중구,11140,제주특별자치도,50,0,0,0,0,3,0,0,0,0,0,0
20220424,서울특별시,11,중구,11140,경상남도,48,0,6,0,0,21,0,0,0,0,0,0
20220424,서울특별시,11,중구,11140,경상북도,47,0,4,0,0,23,0,0,0,0,0,0
20220424,서울특별시,11,중구,11140,전라남도,46,0,3,0,0,25,0,0,0,0,0,0
20220424,서울특별시,11,중구,11140,전라북도,45,0,0,0,0,16,0,0,0,0,0,0
20220424,서울특별시,11,중구,11140,충청남도,44,0,0,0,0,16,0,0,0,0,0,0
20220424,서울특별시,11,중구,11140,충청북도,43,0,0,0,0,16,0,0,0,0,0,0
20220424,서울특별시,11,도봉구,11320,경기도,41,0,0,0,0,0,0,0,0,0,0,0
20220424,서울특별시,11,중구,11140,강원도,42,0,6,0,0,14,0,0,0,0,0,0
20220424,서울특별시,11,중구,11140,경기도,41,0,7,0,7,97,0,0,0,4,0,0
20220424,서울특별시,11,중구,11140,세종특별자치시,36,0,0,0,0,0,0,0,0,0,0,0
20220424,서울특별시,11,중구,11140,울산광역시,31,0,0,0,0,5,0,0,0,0,0,0
20220424,서울특별시,11,중구,11140,대전광역시,30,0,0,0,0,11,0,0,0,0,0,0
20220424,서울특별시,11,중구,11140,광주광역시,29,0,0,0,0,7,0,0,0,0,0,0
20220424,서울특별시,11,중구,11140,인천광역시,28,0,3,0,0,18,0,0,0,0,0,0
20220424,서울특별시,11,중구,11140,대구광역시,27,0,0,0,0,8,0,0,0,0,0,0
20220424,서울특별시,11,중구,11140,부산광역시,26,0,4,0,0,14,0,0,0,0,0,0
20220424,서울특별시,11,중구,11140,서울특별시,11,0,57,0,3,54,0,6,0,6,0,0
20220424,서울특별시,11,강동구,11740,인천광역시,28,0,0,0,0,0,0,0,0,0,0,0
20220424,서울특별시,11,강동구,11740,대전광역시,30,0,0,0,0,0,0,0,0,0,0,0
20220424,서울특별시,11,강동구,11740,경기도,41,0,7,0,0,0,0,0,0,7,0,0
20220424,서울특별시,11,강동구,11740,충청북도,43,0,0,0,0,0,0,0,0,0,0,0
20220424,서울특별시,11,강동구,11740,전라남도,46,0,0,0,0,0,0,0,0,0,0,0
20220424,서울특별시,11,강동구,11740,경상북도,47,0,0,0,0,0,0,0,0,0,0,0
20220424,서울특별시,11,양천구,11470,전라남도,46,0,0,0,0,0,0,0,0,0,0,0
20220424,서울특별시,11,양천구,11470,경기도,41,0,0,0,0,0,0,3,0,0,0,0
20220424,서울특별시,11,양천구,11470,대전광역시,30,0,0,0,0,0,0,0,0,0,0,0
20220424,서울특별시,11,양천구,11470,광주광역시,29,0,0,0,0,0,0,0,0,0,0,0
20220424,서울특별시,11,양천구,11470,부산광역시,26,0,0,0,0,0,0,0,0,0,0,0
20220424,서울특별시,11,양천구,11470,서울특별시,11,0,0,0,0,0,0,0,0,0,0,0
20220424,서울특별시,11,성북구,11290,서울특별시,11,0,40,0,0,13,0,5,0,36,0,45
20220424,서울특별시,11,성북구,11290,부산광역시,26,0,12,0,0,3,0,0,0,57,3,0
20220424,서울특별시,11,성북구,11290,대구광역시,27,0,8,0,0,3,0,0,0,51,11,0
20220424,서울특별시,11,성북구,11290,인천광역시,28,0,12,0,0,0,0,0,0,6,0,0
20220424,서울특별시,11,성북구,11290,광주광역시,29,0,10,0,0,3,0,0,0,32,9,0
20220424,서울특별시,11,성북구,11290,대전광역시,30,0,0,0,0,0,0,0,0,43,3,0
20220424,서울특별시,11,성북구,11290,울산광역시,31,0,5,0,0,5,0,0,0,20,5,0
20220424,서울특별시,11,성북구,11290,세종특별자치시,36,0,3,0,0,0,0,0,0,9,0,0
20220424,서울특별시,11,성북구,11290,경기도,41,0,49,0,0,3,0,0,0,35,0,0
20220424,서울특별시,11,성북구,11290,강원도,42,0,8,0,0,0,0,0,0,14,0,0
20220424,서울특별시,11,성북구,11290,충청북도,43,0,8,0,0,3,0,0,0,38,10,0
20220424,서울특별시,11,성북구,11290,충청남도,44,0,7,0,0,0,0,0,0,25,0,0
20220424,서울특별시,11,성북구,11290,전라북도,45,0,0,0,0,5,0,0,0,41,5,0
20220424,서울특별시,11,성북구,11290,전라남도,46,0,6,0,0,3,0,0,0,46,6,0
20220424,서울특별시,11,성북구,11290,경상북도,47,0,7,0,0,4,0,0,0,45,0,0
20220424,서울특별시,11,성북구,11290,경상남도,48,0,17,0,0,7,0,0,0,64,20,0
20220424,서울특별시,11,성북구,11290,제주특별자치도,50,0,0,0,0,0,0,0,0,14,3,0
20220424,서울특별시,11,서초구,11650,제주특별자치도,50,0,0,0,0,0,0,0,0,0,0,0
20220424,서울특별시,11,서초구,11650,경상남도,48,0,0,0,0,0,0,0,0,3,0,0
20220424,서울특별시,11,서초구,11650,전라남도,46,0,0,0,0,0,0,0,0,0,0,0
20220424,서울특별시,11,서초구,11650,전라북도,45,0,0,0,0,0,0,0,0,5,0,0
20220424,서울특별시,11,서초구,11650,충청남도,44,0,0,0,0,0,0,0,0,3,0,0
20220424,서울특별시,11,서초구,11650,충청북도,43,0,0,0,0,0,0,0,0,3,0,0
20220424,서울특별시,11,서초구,11650,강원도,42,0,0,0,0,0,0,0,0,3,0,0
20220424,서울특별시,11,강남구,11680,서울특별시,11,0,0,0,0,10,0,5,0,5,0,56
20220424,서울특별시,11,강남구,11680,부산광역시,26,0,0,3,0,4,0,0,0,0,0,0
20220424,서울특별시,11,강남구,11680,대구광역시,27,0,0,0,0,0,0,0,0,0,0,0
20220424,서울특별시,11,강남구,11680,인천광역시,28,0,0,0,0,3,0,0,0,0,0,0
20220424,서울특별시,11,강남구,11680,광주광역시,29,0,0,0,0,0,0,0,0,0,0,0
20220424,서울특별시,11,강남구,11680,대전광역시,30,0,0,0,0,0,0,0,0,0,0,0
20220424,서울특별시,11,강남구,11680,울산광역시,31,0,0,0,0,0,0,0,0,0,0,0
20220424,서울특별시,11,강남구,11680,세종특별자치시,36,0,0,0,0,0,0,0,0,0,0,0
20220424,서울특별시,11,강남구,11680,경기도,41,0,0,0,0,7,3,3,0,6,0,0
20220424,서울특별시,11,강남구,11680,강원도,42,0,0,0,0,4,0,0,0,0,0,0
20220424,서울특별시,11,강남구,11680,충청북도,43,0,0,0,0,0,0,0,0,0,0,0
20220424,서울특별시,11,강남구,11680,전라북도,45,0,0,3,0,0,0,0,0,0,0,0
20220424,서울특별시,11,강남구,11680,전라남도,46,0,0,0,0,0,0,0,0,0,0,0
20220424,서울특별시,11,강남구,11680,경상북도,47,0,0,0,0,4,0,0,0,0,0,0
20220424,서울특별시,11,강남구,11680,경상남도,48,0,0,3,0,0,0,0,0,3,0,0
20220424,서울특별시,11,강남구,11680,제주특별자치도,50,0,0,0,0,0,0,0,0,0,0,0
20220424,서울특별시,11,강서구,11500,제주특별자치도,50,0,0,0,0,0,0,3,0,0,0,0
20220424,서울특별시,11,강서구,11500,경상남도,48,9,5,0,7,199,117,124,0,722,80,376
20220424,서울특별시,11,강서구,11500,경상북도,47,11,16,0,6,186,201,164,0,1112,111,421
20220424,서울특별시,11,강서구,11500,전라남도,46,14,5,0,14,234,185,113,0,1056,120,374
20220424,서울특별시,11,강서구,11500,전라북도,45,10,4,0,0,100,78,66,0,396,40,139
20220424,서울특별시,11,강서구,11500,충청남도,44,5,11,0,7,139,153,132,3,820,105,278
20220424,서울특별시,11,강서구,11500,충청북도,43,6,9,0,5,130,168,128,0,861,87,388
20220424,서울특별시,11,강서구,11500,강원도,42,4,6,0,5,154,201,145,4,1196,148,454
20220424,서울특별시,11,강서구,11500,경기도,41,5,33,4,17,654,266,291,8,1311,213,571
20220424,서울특별시,11,강서구,11500,세종특별자치시,36,0,0,0,0,21,14,18,0,113,10,39
20220424,서울특별시,11,강서구,11500,울산광역시,31,0,0,0,0,57,0,4,0,0,0,4
20220424,서울특별시,11,강서구,11500,대전광역시,30,0,4,0,0,51,0,5,0,0,7,0
20220424,서울특별시,11,강서구,11500,광주광역시,29,0,0,0,0,68,0,12,0,57,15,21
20220424,서울특별시,11,강서구,11500,인천광역시,28,0,0,0,5,133,10,12,4,12,11,0
20220424,서울특별시,11,강서구,11500,대구광역시,27,0,5,0,0,90,3,14,0,4,6,3
20220424,서울특별시,11,강서구,11500,부산광역시,26,0,17,3,0,154,0,22,0,7,11,3
20220424,서울특별시,11,강서구,11500,서울특별시,11,6,24,4,12,366,46,87,6,246,84,93
20220424,서울특별시,11,동작구,11590,경상남도,48,0,0,0,0,0,0,0,0,0,0,0
20220424,서울특별시,11,동작구,11590,경상북도,47,0,0,0,0,0,0,0,0,0,0,10
20220424,서울특별시,11,동작구,11590,전라남도,46,0,0,0,0,0,0,0,0,0,0,5
20220424,서울특별시,11,동작구,11590,전라북도,45,0,0,0,0,0,0,0,0,0,0,3
20220424,서울특별시,11,동작구,11590,충청남도,44,0,0,0,0,0,0,0,0,0,0,5
20220424,서울특별시,11,동작구,11590,충청북도,43,0,0,0,0,0,0,0,0,0,0,4
20220424,서울특별시,11,동작구,11590,강원도,42,0,0,0,0,0,0,0,0,0,0,0
20220424,서울특별시,11,동작구,11590,경기도,41,0,0,0,0,0,0,0,0,7,0,29
20220424,서울특별시,11,동작구,11590,세종특별자치시,36,0,0,0,0,0,0,0,0,0,0,0
20220424,서울특별시,11,동작구,11590,울산광역시,31,0,0,0,0,0,0,0,0,0,0,0
20220424,서울특별시,11,동작구,11590,대전광역시,30,0,0,0,0,0,0,0,0,0,0,3
20220424,서울특별시,11,동작구,11590,광주광역시,29,0,0,0,0,0,0,0,0,0,0,3
20220424,서울특별시,11,동작구,11590,인천광역시,28,0,0,0,0,0,0,0,0,0,0,6
20220424,서울특별시,11,동작구,11590,대구광역시,27,0,0,0,0,0,0,0,0,0,0,7
20220424,서울특별시,11,동작구,11590,부산광역시,26,0,0,0,0,0,0,0,0,0,0,7
20220424,서울특별시,11,동작구,11590,서울특별시,11,0,0,0,0,0,0,0,3,0,0,31
20220425,서울특별시,11,양천구,11470,광주광역시,29,15,168,20,75,178,31,124,13,109,81,80
20220425,서울특별시,11,양천구,11470,대전광역시,30,20,143,22,58,170,20,129,27,104,66,54
20220425,서울특별시,11,양천구,11470,울산광역시,31,16,96,6,33,90,25,68,14,67,53,48
20220425,서울특별시,11,양천구,11470,세종특별자치시,36,4,47,5,18,49,7,32,14,38,17,24
20220425,서울특별시,11,양천구,11470,경기도,41,218,1460,210,719,1878,244,1368,320,1634,764,767
20220425,서울특별시,11,양천구,11470,강원도,42,32,142,14,78,219,33,131,16,80,65,91
20220425,서울특별시,11,양천구,11470,충청북도,43,28,136,18,70,170,31,169,27,154,75,68
20220425,서울특별시,11,양천구,11470,충청남도,44,34,216,35,113,255,57,166,35,134,96,112
20220425,서울특별시,11,양천구,11470,전라북도,45,11,115,20,66,176,30,154,19,115,76,96
20220425,서울특별시,11,양천구,11470,전라남도,46,25,155,21,69,202,21,146,13,90,66,75
20220425,서울특별시,11,양천구,11470,경상북도,47,41,188,28,108,262,46,206,37,152,101,110
20220425,서울특별시,11,서대문구,11410,서울특별시,11,25,1098,179,364,947,94,910,366,2234,864,461
20220425,서울특별시,11,서대문구,11410,부산광역시,26,3,238,30,60,284,27,287,128,488,217,74
20220425,서울특별시,11,서대문구,11410,대구광역시,27,18,171,33,45,175,10,173,132,362,173,60
20220425,서울특별시,11,서대문구,11410,인천광역시,28,4,206,39,50,276,20,365,137,437,179,89
20220425,서울특별시,11,서대문구,11410,광주광역시,29,3,129,13,33,121,12,103,73,266,110,26
20220425,서울특별시,11,서대문구,11410,대전광역시,30,6,122,22,33,133,9,115,91,252,103,138
20220425,서울특별시,11,서대문구,11410,울산광역시,31,0,69,14,22,100,5,72,50,158,55,23
20220425,서울특별시,11,양천구,11470,경상남도,48,32,284,28,142,319,62,282,43,181,153,171
20220425,서울특별시,11,양천구,11470,제주특별자치도,50,9,38,5,27,28,7,21,0,29,17,17
20220425,서울특별시,11,은평구,11380,서울특별시,11,109,620,171,357,1308,505,907,93,871,683,1569
20220425,서울특별시,11,은평구,11380,부산광역시,26,28,114,19,85,432,153,257,31,218,242,461
20220425,서울특별시,11,은평구,11380,대구광역시,27,18,92,13,53,266,140,161,21,170,143,359
20220425,서울특별시,11,은평구,11380,인천광역시,28,19,131,50,101,356,127,243,24,243,207,459
20220425,서울특별시,11,은평구,11380,광주광역시,29,12,56,14,53,191,91,127,19,114,106,202
20220425,서울특별시,11,은평구,11380,대전광역시,30,19,48,20,44,177,77,108,19,125,112,228
20220425,서울특별시,11,은평구,11380,울산광역시,31,3,51,7,28,129,81,71,16,71,72,157
20220425,서울특별시,11,은평구,11380,세종특별자치시,36,6,15,8,15,51,17,26,8,30,28,62
20220425,서울특별시,11,은평구,11380,경기도,41,155,778,178,501,1887,773,1294,153,1694,1093,2331
20220425,서울특별시,11,은평구,11380,강원도,42,16,67,11,51,202,94,150,15,111,144,222
20220425,서울특별시,11,은평구,11380,충청북도,43,15,157,14,53,230,102,141,21,158,114,273
20220425,서울특별시,11,은평구,11380,충청남도,44,18,85,28,84,305,109,233,32,150,193,337
20220425,서울특별시,11,은평구,11380,전라북도,45,11,71,6,36,210,93,98,25,135,124,228
20220425,서울특별시,11,은평구,11380,전라남도,46,16,75,7,57,235,100,115,17,127,140,254
20220425,서울특별시,11,은평구,11380,경상북도,47,22,103,18,85,280,125,215,35,177,181,397
20220425,서울특별시,11,용산구,11170,전라북도,45,24,251,38,1191,170,105,139,22,169,91,70
20220425,서울특별시,11,용산구,11170,충청남도,44,32,339,97,1844,254,107,228,36,201,180,92
20220425,서울특별시,11,용산구,11170,충청북도,43,26,235,60,1341,191,77,183,20,149,127,74
20220425,서울특별시,11,용산구,11170,강원도,42,19,245,57,1360,158,91,127,24,116,125,71
20220425,서울특별시,11,용산구,11170,경기도,41,243,2511,941,13190,2078,928,1409,235,1880,1443,702
20220425,서울특별시,11,용산구,11170,세종특별자치시,36,7,71,26,352,60,35,40,0,42,39,21
20220425,서울특별시,11,종로구,11110,서울특별시,11,320,2021,441,555,1131,109,620,186,4360,1607,529
20220425,서울특별시,11,종로구,11110,부산광역시,26,80,435,51,150,296,24,129,59,1304,402,109
20220425,서울특별시,11,종로구,11110,대구광역시,27,46,388,40,93,195,20,105,50,967,287,82
20220425,서울특별시,11,종로구,11110,인천광역시,28,81,467,55,118,296,28,157,61,1190,398,103
20220425,서울특별시,11,종로구,11110,광주광역시,29,38,219,27,74,114,13,71,39,665,199,64
20220425,서울특별시,11,종로구,11110,대전광역시,30,42,224,34,78,140,18,73,33,593,215,66
20220425,서울특별시,11,종로구,11110,울산광역시,31,31,125,21,48,97,5,51,18,387,129,41
20220425,서울특별시,11,종로구,11110,세종특별자치시,36,13,60,12,12,48,6,22,11,158,67,21
20220425,서울특별시,11,종로구,11110,경기도,41,434,2393,340,722,1488,157,907,327,5965,2123,596
20220425,서울특별시,11,종로구,11110,강원도,42,46,245,30,70,151,18,91,37,544,184,59
20220425,서울특별시,11,종로구,11110,충청북도,43,47,237,25,63,149,18,94,34,698,230,71
20220425,서울특별시,11,서대문구,11410,세종특별자치시,36,0,27,5,7,43,0,15,23,63,39,12
20220425,서울특별시,11,서대문구,11410,경기도,41,37,1201,163,335,1286,112,1268,721,2707,979,584
20220425,서울특별시,11,서대문구,11410,강원도,42,0,121,15,41,129,7,122,86,210,100,35
20220425,서울특별시,11,서대문구,11410,충청북도,43,7,148,18,30,143,14,98,94,295,108,46
20220425,서울특별시,11,서대문구,11410,충청남도,44,7,160,27,42,194,14,145,113,300,133,198
20220425,서울특별시,11,서대문구,11410,전라북도,45,3,124,18,20,129,9,125,85,274,116,89
20220425,서울특별시,11,서대문구,11410,전라남도,46,3,99,11,28,107,12,109,78,235,93,29
20220425,서울특별시,11,서대문구,11410,경상북도,47,6,161,28,40,207,9,187,121,333,143,44
20220425,서울특별시,11,서대문구,11410,경상남도,48,18,210,50,76,274,22,241,189,436,186,69
20220425,서울특별시,11,서대문구,11410,제주특별자치도,50,0,44,3,11,26,0,19,13,80,40,6
20220425,서울특별시,11,광진구,11215,제주특별자치도,50,25,44,18,68,77,10,33,14,87,45,28
20220425,서울특별시,11,광진구,11215,경상남도,48,147,312,65,364,643,114,188,129,633,472,305
20220425,서울특별시,11,광진구,11215,경상북도,47,106,282,60,295,441,65,173,109,500,396,229
20220425,서울특별시,11,광진구,11215,전라남도,46,90,169,52,215,297,47,112,88,279,243,159
20220425,서울특별시,11,광진구,11215,전라북도,45,86,197,41,201,374,57,123,70,346,241,160
20220425,서울특별시,11,광진구,11215,충청남도,44,93,231,50,321,431,70,148,93,432,338,202
20220425,서울특별시,11,광진구,11215,충청북도,43,68,212,46,195,325,64,101,61,347,245,131
20220425,서울특별시,11,은평구,11380,경상남도,48,34,131,18,76,427,177,221,36,242,256,506
20220425,서울특별시,11,은평구,11380,제주특별자치도,50,6,32,5,13,35,27,23,0,19,42,49
20220425,서울특별시,11,금천구,11545,서울특별시,11,879,1875,375,2345,2358,1218,2627,634,5454,2629,3681
20220425,서울특별시,11,금천구,11545,부산광역시,26,231,512,134,594,638,424,661,166,1525,746,870
20220425,서울특별시,11,금천구,11545,대구광역시,27,178,324,44,421,424,278,447,136,1213,557,660
20220425,서울특별시,11,금천구,11545,인천광역시,28,246,479,95,606,606,218,630,171,1470,740,797
20220425,서울특별시,11,금천구,11545,광주광역시,29,131,204,44,339,310,145,319,103,910,389,397
20220425,서울특별시,11,종로구,11110,충청남도,44,66,333,40,87,212,25,118,56,784,266,77
20220425,서울특별시,11,종로구,11110,전라북도,45,38,245,30,74,141,16,79,36,621,193,69
20220425,서울특별시,11,종로구,11110,전라남도,46,41,216,26,74,154,22,84,24,621,215,67
20220425,서울특별시,11,종로구,11110,경상북도,47,68,336,40,113,277,24,95,43,872,300,115
20220425,서울특별시,11,종로구,11110,경상남도,48,79,369,53,132,288,22,146,89,1062,404,118
20220425,서울특별시,11,종로구,11110,제주특별자치도,50,13,84,12,16,36,3,23,12,241,77,18
20220425,서울특별시,11,서초구,11650,제주특별자치도,50,17,220,23,32,82,5,47,10,134,44,30
20220425,서울특별시,11,용산구,11170,울산광역시,31,15,146,33,737,125,66,100,17,106,93,57
20220425,서울특별시,11,용산구,11170,대전광역시,30,14,234,66,1292,150,84,167,22,171,144,65
20220425,서울특별시,11,용산구,11170,광주광역시,29,17,220,50,1018,135,104,131,31,129,119,52
20220425,서울특별시,11,광진구,11215,강원도,42,83,180,61,182,333,57,109,53,320,258,140
20220425,서울특별시,11,광진구,11215,경기도,41,551,1897,233,1799,3138,507,1010,552,3466,2410,1439
20220425,서울특별시,11,광진구,11215,세종특별자치시,36,22,51,11,44,86,12,18,24,112,76,38
20220425,서울특별시,11,광진구,11215,울산광역시,31,48,139,17,109,206,34,81,39,198,152,95
20220425,서울특별시,11,광진구,11215,대전광역시,30,93,187,15,182,327,52,78,64,320,239,120
20220425,서울특별시,11,광진구,11215,광주광역시,29,67,193,44,171,290,41,110,79,386,255,141
20220425,서울특별시,11,광진구,11215,인천광역시,28,110,364,50,374,628,84,195,117,611,453,299
20220425,서울특별시,11,광진구,11215,대구광역시,27,110,277,38,266,455,74,136,100,470,376,194
20220425,서울특별시,11,광진구,11215,부산광역시,26,144,384,57,376,576,100,229,97,701,468,296
20220425,서울특별시,11,광진구,11215,서울특별시,11,362,1509,257,1186,2033,332,837,337,2590,1745,980
20220425,서울특별시,11,금천구,11545,대전광역시,30,108,204,58,340,300,125,309,83,808,389,425
20220425,서울특별시,11,금천구,11545,울산광역시,31,64,183,23,183,206,102,225,70,621,253,280
20220425,서울특별시,11,금천구,11545,세종특별자치시,36,38,73,155,77,100,53,63,62,265,131,122
20220425,서울특별시,11,금천구,11545,경기도,41,1179,2325,409,2957,3133,1522,3031,1002,7476,3720,4142
20220425,서울특별시,11,금천구,11545,강원도,42,166,210,44,328,348,160,333,88,733,365,369
20220425,서울특별시,11,금천구,11545,충청북도,43,134,209,81,320,282,151,342,102,875,413,393
20220425,서울특별시,11,금천구,11545,충청남도,44,225,341,85,507,502,203,461,156,1097,587,479
20220425,서울특별시,11,금천구,11545,전라북도,45,113,223,52,340,277,142,335,92,868,368,399
20220425,서울특별시,11,금천구,11545,전라남도,46,156,243,108,318,289,176,327,94,808,364,382
20220425,서울특별시,11,금천구,11545,경상북도,47,195,334,150,493,463,216,461,130,1125,577,581
20220425,서울특별시,11,금천구,11545,경상남도,48,234,450,231,686,625,303,647,156,1514,698,686
20220425,서울특별시,11,금천구,11545,제주특별자치도,50,33,67,19,86,76,72,85,28,253,132,119
20220425,서울특별시,11,동작구,11590,제주특별자치도,50,10,28,20,23,63,0,23,10,51,17,7
20220425,서울특별시,11,동작구,11590,경상남도,48,84,251,111,147,639,46,244,89,333,133,179
20220425,서울특별시,11,동작구,11590,경상북도,47,56,191,79,88,494,22,186,63,229,105,128
20220425,서울특별시,11,동작구,11590,전라남도,46,38,128,45,71,333,30,183,47,163,66,103
20220425,서울특별시,11,동작구,11590,전라북도,45,42,133,62,68,285,19,127,42,187,67,96
20220425,서울특별시,11,동작구,11590,충청남도,44,42,176,72,83,438,30,185,45,234,100,109
20220425,서울특별시,11,동작구,11590,충청북도,43,34,145,59,73,308,18,144,40,181,68,86
20220425,서울특별시,11,동작구,11590,강원도,42,45,142,53,62,300,22,176,45,140,71,86
20220425,서울특별시,11,동작구,11590,경기도,41,400,1391,536,629,2794,192,1097,349,1959,772,912
20220425,서울특별시,11,동작구,11590,세종특별자치시,36,12,30,16,14,75,5,45,15,47,19,12
20220425,서울특별시,11,동작구,11590,울산광역시,31,20,72,33,42,174,18,76,20,92,59,67
20220425,서울특별시,11,동작구,11590,대전광역시,30,29,130,52,61,242,13,107,39,128,72,89
20220425,서울특별시,11,동작구,11590,광주광역시,29,37,128,42,71,237,18,92,29,179,79,90
20220425,서울특별시,11,동작구,11590,인천광역시,28,74,262,83,119,537,40,257,67,325,162,214
20220425,서울특별시,11,동작구,11590,대구광역시,27,59,158,89,85,401,29,128,43,263,109,135
20220425,서울특별시,11,동작구,11590,부산광역시,26,71,217,124,140,574,34,234,54,298,142,205
20220425,서울특별시,11,동작구,11590,서울특별시,11,237,1031,758,485,1956,127,860,194,1315,618,641
20220425,서울특별시,11,강북구,11305,제주특별자치도,50,0,30,8,12,24,4,8,10,115,25,5
20220425,서울특별시,11,강북구,11305,경상남도,48,50,295,21,114,168,22,28,55,924,244,48
20220425,서울특별시,11,강북구,11305,경상북도,47,27,213,18,95,119,18,25,42,648,163,37
20220425,서울특별시,11,강북구,11305,전라남도,46,9,125,20,79,83,13,18,27,475,108,26
20220425,서울특별시,11,강북구,11305,전라북도,45,13,165,21,82,83,18,18,32,498,109,24
20220425,서울특별시,11,강북구,11305,충청남도,44,28,219,23,96,118,20,28,44,653,172,28
20220425,서울특별시,11,강북구,11305,충청북도,43,19,158,19,67,85,11,18,25,573,113,14
20220425,서울특별시,11,강북구,11305,강원도,42,17,139,10,70,85,12,10,26,513,132,20
20220425,서울특별시,11,강북구,11305,경기도,41,126,1379,137,570,844,113,187,241,4531,1086,233
20220425,서울특별시,11,강북구,11305,세종특별자치시,36,9,34,3,25,32,0,0,11,113,35,4
20220425,서울특별시,11,강북구,11305,울산광역시,31,5,87,7,35,40,12,10,20,272,76,16
20220425,서울특별시,11,강북구,11305,대전광역시,30,12,136,11,69,94,16,13,24,488,105,22
20220425,서울특별시,11,용산구,11170,인천광역시,28,43,428,153,2503,369,196,295,57,280,256,156
20220425,서울특별시,11,용산구,11170,대구광역시,27,29,343,69,1742,235,157,250,34,242,210,123
20220425,서울특별시,11,용산구,11170,부산광역시,26,42,506,85,2514,307,205,372,52,318,327,169
20220425,서울특별시,11,용산구,11170,서울특별시,11,209,1966,2434,10473,2400,745,1190,180,1584,1247,512
20220425,서울특별시,11,강북구,11305,광주광역시,29,12,136,11,76,80,10,20,29,477,122,16
20220425,서울특별시,11,강북구,11305,인천광역시,28,19,275,26,101,172,19,26,57,785,211,51
20220425,서울특별시,11,강북구,11305,대구광역시,27,16,204,13,84,119,22,18,54,632,177,31
20220425,서울특별시,11,강북구,11305,부산광역시,26,31,286,25,128,184,27,24,49,881,246,56
20220425,서울특별시,11,강북구,11305,서울특별시,11,83,1075,144,453,702,68,120,171,2902,721,190
20220425,서울특별시,11,동대문구,11230,제주특별자치도,50,25,70,7,20,71,12,77,8,230,55,31
20220425,서울특별시,11,동대문구,11230,경상남도,48,91,506,70,173,736,64,730,56,1332,254,229
20220425,서울특별시,11,동대문구,11230,경상북도,47,71,423,48,142,564,49,536,65,1141,183,157
20220425,서울특별시,11,동대문구,11230,전라남도,46,57,227,39,89,367,44,432,33,717,136,95
20220425,서울특별시,11,동대문구,11230,전라북도,45,59,256,46,85,349,38,419,34,816,129,120
20220425,서울특별시,11,동대문구,11230,충청남도,44,91,374,58,121,493,43,564,43,1008,157,170
20220425,서울특별시,11,동대문구,11230,충청북도,43,63,255,35,86,359,31,383,32,727,129,113
20220425,서울특별시,11,동대문구,11230,강원도,42,69,253,41,107,384,45,377,23,642,123,111
20220425,서울특별시,11,동대문구,11230,경기도,41,605,2396,377,878,3236,299,3541,306,7245,1315,1149
20220425,서울특별시,11,동대문구,11230,세종특별자치시,36,18,57,15,17,95,5,85,23,256,37,38
20220425,서울특별시,11,동대문구,11230,울산광역시,31,38,175,19,60,235,26,234,33,478,88,78
20220425,서울특별시,11,동대문구,11230,대전광역시,30,54,241,37,71,324,33,337,34,710,127,113
20220425,서울특별시,11,동대문구,11230,광주광역시,29,59,222,29,76,296,27,326,32,802,127,101
20220425,서울특별시,11,동대문구,11230,인천광역시,28,121,469,65,192,685,50,667,56,1435,257,264
20220425,서울특별시,11,동대문구,11230,대구광역시,27,91,344,47,122,502,46,509,48,1115,208,190
20220425,서울특별시,11,동대문구,11230,부산광역시,26,116,463,62,188,667,40,793,59,1465,276,254
20220425,서울특별시,11,동대문구,11230,서울특별시,11,441,1766,305,617,2036,193,2433,173,5207,1028,967
20220425,서울특별시,11,중구,11140,서울특별시,11,441,2556,239,456,2263,299,1005,315,7462,1745,454
20220425,서울특별시,11,중구,11140,부산광역시,26,124,649,49,117,500,97,179,161,1841,480,110
20220425,서울특별시,11,중구,11140,대구광역시,27,70,397,33,88,398,55,130,116,1360,354,88
20220425,서울특별시,11,중구,11140,인천광역시,28,104,604,46,115,607,94,234,86,1757,403,109
20220425,서울특별시,11,중구,11140,광주광역시,29,53,322,28,52,239,52,88,81,1003,232,40
20220425,서울특별시,11,중구,11140,대전광역시,30,51,312,28,92,261,40,92,70,941,218,44
20220425,서울특별시,11,중구,11140,울산광역시,31,34,194,20,37,164,46,68,73,602,152,35
20220425,서울특별시,11,중구,11140,세종특별자치시,36,27,90,7,17,74,20,29,23,260,55,13
20220425,서울특별시,11,강동구,11740,서울특별시,11,430,1442,406,716,1816,282,1607,145,1564,1632,409
20220425,서울특별시,11,강동구,11740,부산광역시,26,105,315,89,197,482,82,441,48,415,444,85
20220425,서울특별시,11,강동구,11740,대구광역시,27,83,253,88,116,310,59,304,21,258,281,73
20220425,서울특별시,11,강동구,11740,인천광역시,28,114,344,106,205,444,68,380,91,355,387,80
20220425,서울특별시,11,강동구,11740,광주광역시,29,51,145,57,82,198,33,183,17,196,196,32
20220425,서울특별시,11,강동구,11740,대전광역시,30,54,155,49,99,224,36,174,12,172,184,37
20220425,서울특별시,11,강동구,11740,울산광역시,31,35,80,35,71,146,26,133,8,104,135,24
20220425,서울특별시,11,강동구,11740,세종특별자치시,36,16,38,17,20,66,16,58,3,58,53,14
20220425,서울특별시,11,강동구,11740,경기도,41,516,1819,498,997,2242,415,1975,209,2166,2048,516
20220425,서울특별시,11,강동구,11740,강원도,42,47,140,46,111,201,45,260,15,136,181,39
20220425,서울특별시,11,강동구,11740,충청북도,43,65,160,47,114,210,38,253,15,188,176,43
20220425,서울특별시,11,강동구,11740,충청남도,44,70,236,57,150,307,49,307,41,196,239,68
20220425,서울특별시,11,강동구,11740,전라북도,45,65,158,51,100,197,47,213,16,160,188,31
20220425,서울특별시,11,강동구,11740,전라남도,46,56,147,70,90,215,27,220,19,121,181,49
20220425,서울특별시,11,강동구,11740,경상북도,47,103,253,84,156,330,41,286,23,210,242,68
20220425,서울특별시,11,강동구,11740,경상남도,48,107,304,88,172,454,87,450,29,296,339,97
20220425,서울특별시,11,강동구,11740,제주특별자치도,50,14,38,8,22,40,8,42,5,40,83,14
20220425,서울특별시,11,중구,11140,경기도,41,633,3093,231,573,2738,470,1321,560,8719,2124,475
20220425,서울특별시,11,중구,11140,강원도,42,86,311,23,73,390,46,110,68,853,213,32
20220425,서울특별시,11,중구,11140,충청북도,43,75,314,26,47,262,48,108,84,943,253,38
20220425,서울특별시,11,중구,11140,충청남도,44,78,412,51,80,416,70,175,93,1180,277,44
20220425,서울특별시,11,중구,11140,전라북도,45,68,272,24,60,260,60,102,51,912,237,51
20220425,서울특별시,11,중구,11140,전라남도,46,62,299,26,55,255,47,136,62,792,241,31
20220425,서울특별시,11,중구,11140,경상북도,47,72,418,41,83,424,61,156,84,1223,362,62
20220425,서울특별시,11,중구,11140,경상남도,48,100,559,36,122,554,105,208,128,1629,449,92
20220425,서울특별시,11,중구,11140,제주특별자치도,50,25,121,15,38,111,6,43,43,289,80,8
20220425,서울특별시,11,영등포구,11560,제주특별자치도,50,7,80,21,57,55,4,105,3,97,39,23
20220425,서울특별시,11,영등포구,11560,경상남도,48,63,715,120,464,452,52,728,40,437,224,250
20220425,서울특별시,11,영등포구,11560,경상북도,47,55,492,107,344,421,48,575,33,363,164,216
20220425,서울특별시,11,영등포구,11560,전라남도,46,42,351,80,251,243,7,394,19,209,110,108
20220425,서울특별시,11,송파구,11710,제주특별자치도,50,6,72,13,49,122,15,53,9,241,51,33
20220425,서울특별시,11,송파구,11710,경상남도,48,77,393,107,164,1068,154,6380,134,1358,291,317
20220425,서울특별시,11,송파구,11710,경상북도,47,60,319,65,159,800,99,5037,127,918,191,247
20220425,서울특별시,11,송파구,11710,전라남도,46,36,177,35,87,471,64,3554,77,674,146,178
20220425,서울특별시,11,영등포구,11560,전라북도,45,49,320,153,242,223,29,360,27,271,137,114
20220425,서울특별시,11,영등포구,11560,충청남도,44,46,555,78,351,321,34,508,32,359,164,206
20220425,서울특별시,11,영등포구,11560,충청북도,43,46,361,56,273,256,67,391,31,322,121,123
20220425,서울특별시,11,영등포구,11560,강원도,42,53,341,51,266,249,20,461,17,264,113,124
20220425,서울특별시,11,영등포구,11560,경기도,41,409,3760,515,2639,2671,400,3912,255,3110,1514,1289
20220425,서울특별시,11,영등포구,11560,세종특별자치시,36,7,107,39,73,78,9,93,4,65,35,35
20220425,서울특별시,11,영등포구,11560,울산광역시,31,31,241,32,174,160,18,246,18,151,73,67
20220425,서울특별시,11,영등포구,11560,대전광역시,30,35,347,160,254,228,34,378,14,274,130,100
20220425,서울특별시,11,영등포구,11560,광주광역시,29,28,329,111,261,215,14,489,45,292,114,112
20220425,서울특별시,11,영등포구,11560,인천광역시,28,95,987,108,546,458,38,835,35,517,325,328
20220425,서울특별시,11,영등포구,11560,대구광역시,27,57,453,69,385,335,39,555,32,398,189,172
20220425,서울특별시,11,영등포구,11560,부산광역시,26,95,670,131,507,483,35,765,41,553,284,248
20220425,서울특별시,11,영등포구,11560,서울특별시,11,291,2910,680,2470,2058,225,3549,193,2662,1089,1000
20220425,서울특별시,11,노원구,11350,제주특별자치도,50,12,29,3,16,37,17,24,19,67,11,7
20220425,서울특별시,11,노원구,11350,경상남도,48,63,214,47,134,468,121,343,161,617,159,72
20220425,서울특별시,11,노원구,11350,경상북도,47,64,193,14,88,339,90,237,131,450,111,58
20220425,서울특별시,11,노원구,11350,전라남도,46,37,104,8,74,256,46,149,85,335,74,53
20220425,서울특별시,11,노원구,11350,전라북도,45,43,93,11,58,230,66,148,96,312,69,39
20220425,서울특별시,11,노원구,11350,충청남도,44,61,158,33,87,344,95,390,108,407,106,52
20220425,서울특별시,11,노원구,11350,충청북도,43,33,98,32,65,217,48,158,89,380,66,32
20220425,서울특별시,11,노원구,11350,강원도,42,36,116,19,81,260,65,135,70,307,60,43
20220425,서울특별시,11,노원구,11350,경기도,41,428,1136,212,624,2223,549,1810,704,3150,724,403
20220425,서울특별시,11,노원구,11350,세종특별자치시,36,4,31,3,15,53,14,52,28,87,15,6
20220425,서울특별시,11,노원구,11350,울산광역시,31,31,67,6,31,125,36,122,47,238,51,23
20220425,서울특별시,11,노원구,11350,대전광역시,30,40,91,8,60,203,46,192,83,308,53,28
20220425,서울특별시,11,노원구,11350,광주광역시,29,40,90,11,45,186,51,137,85,343,64,36
20220425,서울특별시,11,노원구,11350,인천광역시,28,84,204,30,95,475,93,357,121,593,113,88
20220425,서울특별시,11,노원구,11350,대구광역시,27,69,164,26,100,303,65,234,112,424,83,42
20220425,서울특별시,11,노원구,11350,부산광역시,26,74,209,44,105,482,69,356,115,583,153,74
20220425,서울특별시,11,노원구,11350,서울특별시,11,293,942,275,474,1570,322,1341,393,1936,526,275
20220425,서울특별시,11,서초구,11650,경상남도,48,74,737,217,135,389,43,396,66,640,201,289
20220425,서울특별시,11,서초구,11650,경상북도,47,52,584,158,114,334,34,290,45,512,147,244
20220425,서울특별시,11,송파구,11710,전라북도,45,38,205,46,97,520,67,3337,80,738,153,150
20220425,서울특별시,11,서초구,11650,전라남도,46,34,303,100,68,171,24,168,47,311,79,135
20220425,서울특별시,11,송파구,11710,충청남도,44,79,293,82,143,966,116,8996,176,894,193,286
20220425,서울특별시,11,송파구,11710,충청북도,43,52,232,35,103,710,71,6714,112,735,169,221
20220425,서울특별시,11,송파구,11710,강원도,42,36,242,42,132,573,95,3796,96,690,144,157
20220425,서울특별시,11,송파구,11710,경기도,41,307,2320,389,916,3685,623,10625,511,6798,1563,1278
20220425,서울특별시,11,송파구,11710,세종특별자치시,36,16,68,21,32,360,19,4222,80,160,70,111
20220425,서울특별시,11,송파구,11710,울산광역시,31,22,131,19,53,315,44,1094,51,446,87,91
20220425,서울특별시,11,송파구,11710,대전광역시,30,51,221,42,112,889,71,9535,150,671,183,287
20220425,서울특별시,11,송파구,11710,광주광역시,29,42,180,25,77,496,64,3277,69,644,133,182
20220425,서울특별시,11,송파구,11710,인천광역시,28,63,402,85,180,680,132,605,86,1258,278,218
20220425,서울특별시,11,송파구,11710,대구광역시,27,85,362,56,170,997,103,9371,143,831,244,384
20220425,서울특별시,11,송파구,11710,부산광역시,26,58,403,70,167,982,133,3677,100,1259,303,298
20220425,서울특별시,11,송파구,11710,서울특별시,11,229,1896,582,700,6418,426,2166,225,4688,1492,934
20220425,서울특별시,11,중랑구,11260,제주특별자치도,50,8,88,4,32,73,34,46,11,118,53,19
20220425,서울특별시,11,중랑구,11260,경상남도,48,90,594,80,239,716,222,525,128,825,312,228
20220425,서울특별시,11,중랑구,11260,경상북도,47,73,448,71,167,579,169,401,94,642,229,180
20220425,서울특별시,11,중랑구,11260,전라남도,46,49,269,37,89,395,110,235,79,423,183,132
20220425,서울특별시,11,중랑구,11260,전라북도,45,38,324,49,120,321,130,271,77,480,178,122
20220425,서울특별시,11,강서구,11500,서울특별시,11,563,2612,1074,2165,3074,704,4252,549,4340,1785,4082
20220425,서울특별시,11,강서구,11500,부산광역시,26,140,682,257,617,968,219,1306,146,1207,558,1167
20220425,서울특별시,11,강서구,11500,대구광역시,27,104,429,179,418,649,185,843,112,895,409,809
20220425,서울특별시,11,강서구,11500,인천광역시,28,153,651,243,533,843,191,1170,120,1142,497,1092
20220425,서울특별시,11,강서구,11500,광주광역시,29,78,312,105,253,438,107,521,79,584,275,539
20220425,서울특별시,11,강서구,11500,대전광역시,30,75,290,124,272,440,112,503,67,625,277,535
20220425,서울특별시,11,강서구,11500,울산광역시,31,41,185,85,200,314,78,407,54,400,199,332
20220425,서울특별시,11,강서구,11500,세종특별자치시,36,29,92,33,78,121,50,143,26,220,130,152
20220425,서울특별시,11,강서구,11500,경기도,41,763,3575,1108,2906,4755,1169,5707,789,6821,2989,5620
20220425,서울특별시,11,강서구,11500,강원도,42,81,356,115,296,636,152,778,65,1319,542,733
20220425,서울특별시,11,강서구,11500,충청북도,43,88,360,103,293,515,168,741,74,1216,482,674
20220425,서울특별시,11,강서구,11500,충청남도,44,111,472,161,424,773,233,1002,101,1298,605,851
20220425,서울특별시,11,강서구,11500,전라북도,45,76,318,125,323,491,138,705,61,904,377,612
20220425,서울특별시,11,강서구,11500,전라남도,46,71,303,91,317,611,162,692,80,1166,426,616
20220425,서울특별시,11,강서구,11500,경상북도,47,104,544,154,462,780,206,1036,104,1489,640,936
20220425,서울특별시,11,강서구,11500,경상남도,48,127,615,187,593,1062,250,1341,140,1570,769,1224
20220425,서울특별시,11,강서구,11500,제주특별자치도,50,23,90,41,70,137,51,125,16,173,65,149
20220425,서울특별시,11,서초구,11650,전라북도,45,23,499,162,78,229,20,163,26,375,96,162
20220425,서울특별시,11,서초구,11650,충청남도,44,42,593,153,103,306,46,248,69,452,145,184
20220425,서울특별시,11,서초구,11650,충청북도,43,41,335,105,82,284,33,191,34,459,91,148
20220425,서울특별시,11,서초구,11650,강원도,42,36,374,108,69,183,32,215,37,286,102,164
20220425,서울특별시,11,서초구,11650,경기도,41,395,5730,1370,821,2164,303,1970,398,3907,1243,1585
20220425,서울특별시,11,서초구,11650,세종특별자치시,36,11,143,28,14,55,13,53,17,80,22,36
20220425,서울특별시,11,서초구,11650,울산광역시,31,24,342,68,41,165,18,113,24,222,68,111
20220425,서울특별시,11,서초구,11650,대전광역시,30,42,495,125,100,233,21,173,33,304,91,173
20220425,서울특별시,11,서초구,11650,광주광역시,29,38,518,128,80,251,34,164,36,323,106,149
20220425,서울특별시,11,서초구,11650,인천광역시,28,80,764,243,149,408,38,397,57,568,208,339
20220425,서울특별시,11,서초구,11650,대구광역시,27,54,833,184,109,314,42,325,61,501,175,219
20220425,서울특별시,11,서초구,11650,부산광역시,26,74,902,267,155,441,55,444,81,678,221,302
20220425,서울특별시,11,서초구,11650,서울특별시,11,369,4678,1042,643,1851,271,1866,264,2582,909,1276
20220425,서울특별시,11,성동구,11200,제주특별자치도,50,41,221,14,42,71,19,28,0,230,118,22
20220425,서울특별시,11,성동구,11200,경상남도,48,189,999,39,427,384,93,329,36,1283,499,203
20220425,서울특별시,11,성동구,11200,경상북도,47,101,651,37,281,341,68,290,30,989,392,146
20220425,서울특별시,11,성동구,11200,전라남도,46,95,429,27,186,209,42,156,16,727,269,97
20220425,서울특별시,11,관악구,11620,제주특별자치도,50,7,22,10,18,39,3,12,0,36,35,58
20220425,서울특별시,11,관악구,11620,경상남도,48,41,212,59,107,226,40,90,24,325,400,659
20220425,서울특별시,11,관악구,11620,경상북도,47,33,186,41,83,197,31,89,19,255,265,479
20220425,서울특별시,11,관악구,11620,전라남도,46,19,120,20,41,120,13,68,14,167,190,347
20220425,서울특별시,11,관악구,11620,전라북도,45,16,112,49,47,119,24,50,12,178,137,334
20220425,서울특별시,11,관악구,11620,충청남도,44,34,153,48,80,164,20,77,23,246,293,423
20220425,서울특별시,11,관악구,11620,충청북도,43,18,144,23,62,124,25,59,13,190,209,335
20220425,서울특별시,11,관악구,11620,강원도,42,16,101,25,63,131,19,63,19,146,177,281
20220425,서울특별시,11,관악구,11620,경기도,41,199,1301,396,515,1216,224,506,137,2051,1630,3053
20220425,서울특별시,11,관악구,11620,세종특별자치시,36,14,20,16,17,27,9,21,6,49,38,92
20220425,서울특별시,11,관악구,11620,울산광역시,31,19,79,10,21,100,15,24,5,110,136,219
20220425,서울특별시,11,관악구,11620,대전광역시,30,20,108,42,51,126,17,52,11,137,174,328
20220425,서울특별시,11,관악구,11620,광주광역시,29,21,131,30,49,111,14,46,8,159,175,308
20220425,서울특별시,11,관악구,11620,인천광역시,28,39,220,54,86,246,28,95,23,343,386,610
20220425,서울특별시,11,관악구,11620,대구광역시,27,42,173,60,68,158,30,51,23,240,243,507
20220425,서울특별시,11,관악구,11620,부산광역시,26,42,217,89,97,228,39,85,29,336,341,705
20220425,서울특별시,11,관악구,11620,서울특별시,11,149,890,551,414,852,121,427,72,1236,1019,2321
20220425,서울특별시,11,중랑구,11260,충청남도,44,62,444,49,183,509,191,339,92,647,260,163
20220425,서울특별시,11,성북구,11290,서울특별시,11,580,3098,324,798,2727,336,2578,1080,10472,3438,1196
20220425,서울특별시,11,성북구,11290,부산광역시,26,139,764,73,213,917,116,800,334,2927,907,287
20220425,서울특별시,11,성북구,11290,대구광역시,27,130,629,66,141,666,100,494,247,2220,664,181
20220425,서울특별시,11,성북구,11290,인천광역시,28,151,735,76,251,1082,104,732,303,2972,835,236
20220425,서울특별시,11,성북구,11290,광주광역시,29,66,383,43,122,475,58,337,146,1433,404,134
20220425,서울특별시,11,성북구,11290,대전광역시,30,78,344,38,111,401,52,359,159,1479,409,124
20220425,서울특별시,11,성북구,11290,울산광역시,31,47,220,29,79,332,42,268,127,1015,280,78
20220425,서울특별시,11,성북구,11290,세종특별자치시,36,21,110,9,33,125,18,103,70,400,105,32
20220425,서울특별시,11,성북구,11290,제주특별자치도,50,20,120,11,29,127,14,71,44,422,151,25
20220425,서울특별시,11,성북구,11290,경상남도,48,166,748,74,213,893,124,751,375,2568,807,270
20220425,서울특별시,11,성북구,11290,경상북도,47,109,574,75,177,861,71,594,232,2072,595,216
20220425,서울특별시,11,성북구,11290,전라남도,46,78,366,32,96,558,78,368,167,1228,450,151
20220425,서울특별시,11,성북구,11290,전라북도,45,75,413,33,131,491,49,455,135,1502,465,130
20220425,서울특별시,11,성북구,11290,충청남도,44,112,503,64,161,643,71,513,247,1976,620,182
20220425,서울특별시,11,성북구,11290,충청북도,43,99,410,42,100,507,63,347,157,1495,441,150
20220425,서울특별시,11,성북구,11290,강원도,42,77,383,55,100,426,59,384,166,1372,441,119
20220425,서울특별시,11,중랑구,11260,충청북도,43,59,334,38,119,390,143,248,80,469,179,145
20220425,서울특별시,11,중랑구,11260,강원도,42,39,350,38,121,369,136,255,84,413,181,99
20220425,서울특별시,11,중랑구,11260,경기도,41,462,3226,377,1132,3237,1122,2326,605,4545,1654,1128
20220425,서울특별시,11,중랑구,11260,세종특별자치시,36,18,70,10,25,92,32,65,36,132,41,34
20220425,서울특별시,11,중랑구,11260,울산광역시,31,22,292,23,71,220,93,153,29,340,127,80
20220425,서울특별시,11,중랑구,11260,대전광역시,30,57,304,40,116,374,112,235,65,454,175,131
20220425,서울특별시,11,중랑구,11260,광주광역시,29,40,315,42,114,322,121,211,63,480,151,114
20220425,서울특별시,11,중랑구,11260,인천광역시,28,83,774,78,226,649,219,464,121,828,355,216
20220425,서울특별시,11,중랑구,11260,대구광역시,27,59,463,66,162,478,136,359,112,648,255,195
20220425,서울특별시,11,중랑구,11260,부산광역시,26,84,607,78,225,638,206,536,126,907,323,242
20220425,서울특별시,11,중랑구,11260,서울특별시,11,316,2454,303,844,2080,645,1844,404,3275,1230,780
20220425,서울특별시,11,성동구,11200,전라북도,45,78,490,31,192,210,40,175,22,777,297,93
20220425,서울특별시,11,성동구,11200,충청남도,44,159,712,50,262,295,78,256,28,937,409,131
20220425,서울특별시,11,성동구,11200,충청북도,43,102,544,14,234,195,60,183,16,731,333,88
20220425,서울특별시,11,성동구,11200,강원도,42,92,496,44,220,213,56,185,17,669,316,110
20220425,서울특별시,11,성동구,11200,경기도,41,896,6171,334,1979,2241,462,1952,185,7643,3233,971
20220425,서울특별시,11,성동구,11200,세종특별자치시,36,15,161,4,58,60,18,62,0,183,88,25
20220425,서울특별시,11,성동구,11200,울산광역시,31,61,350,12,109,146,31,129,17,464,242,71
20220425,서울특별시,11,성동구,11200,대전광역시,30,107,593,22,206,257,42,182,18,747,298,106
20220425,서울특별시,11,성동구,11200,광주광역시,29,77,517,20,180,189,47,167,28,809,285,71
20220425,서울특별시,11,성동구,11200,인천광역시,28,197,1222,54,394,397,93,419,42,1450,664,205
20220425,서울특별시,11,성동구,11200,대구광역시,27,146,772,32,254,332,74,319,24,1182,478,155
20220425,서울특별시,11,성동구,11200,부산광역시,26,209,1180,59,384,408,89,420,40,1483,695,231
20220425,서울특별시,11,성동구,11200,서울특별시,11,753,5773,386,1606,1625,435,1462,155,6391,2745,824
20220425,서울특별시,11,용산구,11170,제주특별자치도,50,11,101,20,332,22,19,41,10,55,37,11
20220425,서울특별시,11,용산구,11170,경상남도,48,41,447,67,2299,307,140,347,52,236,227,145
20220425,서울특별시,11,용산구,11170,경상북도,47,32,382,62,1766,242,98,284,37,193,175,112
20220425,서울특별시,11,용산구,11170,전라남도,46,26,254,36,1279,162,81,158,30,120,124,62
20220425,서울특별시,11,도봉구,11320,대구광역시,27,47,132,18,181,244,58,349,53,931,333,305
20220425,서울특별시,11,도봉구,11320,인천광역시,28,64,190,22,269,295,83,416,70,1288,397,405
20220425,서울특별시,11,도봉구,11320,광주광역시,29,32,79,11,98,129,47,178,33,686,238,223
20220425,서울특별시,11,도봉구,11320,대전광역시,30,19,120,7,122,169,42,189,27,599,241,176
20220425,서울특별시,11,도봉구,11320,울산광역시,31,17,64,6,94,119,36,145,32,406,142,176
20220425,서울특별시,11,마포구,11440,서울특별시,11,522,3997,842,3704,4461,447,4081,385,3367,2215,1124
20220425,서울특별시,11,도봉구,11320,부산광역시,26,67,211,22,271,316,79,496,74,1260,442,396
20220425,서울특별시,11,도봉구,11320,서울특별시,11,218,733,123,1049,1139,277,1797,203,4134,1326,1379
20220425,서울특별시,11,강남구,11680,제주특별자치도,50,35,167,55,66,124,19,258,32,273,115,90
20220425,서울특별시,11,강남구,11680,경상남도,48,115,752,246,294,758,58,949,136,1814,769,601
20220425,서울특별시,11,강남구,11680,경상북도,47,75,563,189,265,585,37,747,118,1544,563,424
20220425,서울특별시,11,강남구,11680,전라남도,46,54,371,136,174,381,36,508,72,895,379,311
20220425,서울특별시,11,강남구,11680,전라북도,45,41,343,111,189,369,37,509,70,1116,399,293
20220425,서울특별시,11,강남구,11680,충청남도,44,79,584,207,268,527,38,686,136,1462,562,428
20220425,서울특별시,11,강남구,11680,충청북도,43,67,404,145,147,373,21,556,84,1147,413,322
20220425,서울특별시,11,강남구,11680,강원도,42,63,405,131,179,405,26,554,82,923,375,290
20220425,서울특별시,11,강남구,11680,경기도,41,642,5121,1898,1828,4020,368,4731,972,11250,4273,3438
20220425,서울특별시,11,강남구,11680,세종특별자치시,36,13,134,52,51,128,9,129,31,277,98,95
20220425,서울특별시,11,마포구,11440,부산광역시,26,120,886,196,800,1286,128,1083,110,751,591,273
20220425,서울특별시,11,마포구,11440,대구광역시,27,96,642,180,588,852,94,671,81,578,389,174
20220425,서울특별시,11,마포구,11440,인천광역시,28,116,883,184,808,1255,139,1138,101,692,538,296
20220425,서울특별시,11,마포구,11440,광주광역시,29,58,349,105,431,521,73,459,57,336,294,103
20220425,서울특별시,11,마포구,11440,대전광역시,30,55,382,86,421,594,70,501,62,375,259,105
20220425,서울특별시,11,마포구,11440,울산광역시,31,42,283,66,283,364,52,345,23,248,189,78
20220425,서울특별시,11,마포구,11440,세종특별자치시,36,12,95,44,137,189,21,171,15,84,78,27
20220425,서울특별시,11,마포구,11440,경기도,41,623,4329,1030,4610,6031,755,5089,506,3829,2818,1306
20220425,서울특별시,11,마포구,11440,강원도,42,55,368,89,502,629,57,471,34,326,258,108
20220425,서울특별시,11,마포구,11440,충청북도,43,68,406,91,495,611,75,513,40,446,268,117
20220425,서울특별시,11,마포구,11440,충청남도,44,109,539,163,672,885,124,724,67,440,377,195
20220425,서울특별시,11,마포구,11440,전라북도,45,60,365,104,441,629,61,517,41,388,277,100
20220425,서울특별시,11,마포구,11440,전라남도,46,60,381,98,515,615,56,452,42,281,257,110
20220425,서울특별시,11,마포구,11440,경상북도,47,81,597,147,703,891,103,724,70,480,378,172
20220425,서울특별시,11,마포구,11440,경상남도,48,121,798,197,897,1267,148,988,105,604,510,227
20220425,서울특별시,11,마포구,11440,제주특별자치도,50,13,136,37,100,178,14,108,19,157,98,29
20220425,서울특별시,11,구로구,11530,서울특별시,11,231,2319,544,1027,1887,329,778,196,2626,664,940
20220425,서울특별시,11,구로구,11530,부산광역시,26,52,522,115,276,501,95,224,51,644,181,298
20220425,서울특별시,11,구로구,11530,대구광역시,27,48,319,81,183,360,70,185,44,581,147,191
20220425,서울특별시,11,구로구,11530,인천광역시,28,54,484,125,251,517,106,235,59,656,222,287
20220425,서울특별시,11,구로구,11530,광주광역시,29,21,211,58,118,234,53,119,25,365,85,144
20220425,서울특별시,11,구로구,11530,대전광역시,30,29,246,49,147,238,41,111,29,346,92,105
20220425,서울특별시,11,구로구,11530,울산광역시,31,26,142,33,102,171,35,97,28,237,54,96
20220425,서울특별시,11,구로구,11530,세종특별자치시,36,9,59,18,51,77,22,20,12,104,29,37
20220425,서울특별시,11,구로구,11530,경기도,41,312,2489,607,1456,2534,603,1116,277,3630,996,1238
20220425,서울특별시,11,구로구,11530,강원도,42,31,301,85,172,269,59,129,22,313,117,135
20220425,서울특별시,11,구로구,11530,충청북도,43,43,257,87,159,288,78,130,23,393,103,140
20220425,서울특별시,11,구로구,11530,충청남도,44,47,302,117,238,372,90,193,38,422,158,177
20220425,서울특별시,11,구로구,11530,전라북도,45,32,200,104,147,218,54,141,27,340,81,123
20220425,서울특별시,11,구로구,11530,전라남도,46,34,256,126,161,265,84,128,20,337,110,123
20220425,서울특별시,11,구로구,11530,경상북도,47,54,352,133,232,350,108,202,40,473,129,198
20220425,서울특별시,11,구로구,11530,경상남도,48,60,393,124,312,498,119,269,64,609,200,266
20220425,서울특별시,11,구로구,11530,제주특별자치도,50,12,80,14,41,72,8,35,8,110,27,35
20220425,서울특별시,11,성북구,11290,경기도,41,780,3766,377,1027,4441,537,3552,1643,14482,4347,1187
20220425,서울특별시,11,강남구,11680,울산광역시,31,40,273,100,115,246,24,338,55,653,255,202
20220425,서울특별시,11,강남구,11680,대전광역시,30,44,400,141,182,443,27,449,94,1091,431,365
20220425,서울특별시,11,강남구,11680,광주광역시,29,49,368,142,185,398,33,413,75,1121,392,357
20220425,서울특별시,11,강남구,11680,인천광역시,28,122,864,315,338,726,61,1017,150,2021,848,705
20220425,서울특별시,11,강남구,11680,대구광역시,27,103,653,235,224,572,47,647,124,1682,591,521
20220425,서울특별시,11,도봉구,11320,세종특별자치시,36,11,49,3,46,40,17,51,14,159,77,43
20220425,서울특별시,11,도봉구,11320,경기도,41,356,1095,92,1503,1537,436,1915,342,6279,2182,1844
20220425,서울특별시,11,도봉구,11320,강원도,42,45,112,4,178,181,45,180,45,622,208,156
20220425,서울특별시,11,도봉구,11320,충청북도,43,38,110,11,167,166,58,220,43,668,251,166
20220425,서울특별시,11,도봉구,11320,충청남도,44,52,161,17,225,234,64,283,58,843,305,237
20220425,서울특별시,11,도봉구,11320,전라북도,45,27,90,10,149,166,34,182,30,622,215,205
20220425,서울특별시,11,도봉구,11320,전라남도,46,35,107,5,165,182,52,188,37,613,246,187
20220425,서울특별시,11,도봉구,11320,경상북도,47,56,192,6,194,249,70,327,47,894,371,286
20220425,서울특별시,11,도봉구,11320,경상남도,48,65,215,13,281,333,105,448,77,1238,471,382
20220425,서울특별시,11,도봉구,11320,제주특별자치도,50,7,27,5,30,61,10,53,8,140,38,50
20220425,서울특별시,11,강남구,11680,부산광역시,26,124,943,320,366,822,65,1023,168,2432,870,710
20220425,서울특별시,11,강남구,11680,서울특별시,11,461,4290,1396,1497,2985,316,3565,635,8411,3303,3196
20220425,서울특별시,11,양천구,11470,서울특별시,11,143,1043,226,588,1260,162,989,226,1110,498,628
20220425,서울특별시,11,양천구,11470,부산광역시,26,38,291,34,166,309,33,255,49,244,129,180
20220425,서울특별시,11,양천구,11470,대구광역시,27,45,192,21,125,228,41,184,34,176,74,109
20220425,서울특별시,11,양천구,11470,인천광역시,28,34,253,32,144,327,45,269,51,245,152,142
20220426,서울특별시,11,동작구,11590,부산광역시,26,27,193,57,65,332,13,163,28,238,77,75
20220426,서울특별시,11,송파구,11710,서울특별시,11,123,1451,357,521,1491,280,1962,134,3143,1109,506
20220426,서울특별시,11,송파구,11710,부산광역시,26,30,301,61,98,627,66,2595,62,671,253,158
20220426,서울특별시,11,송파구,11710,대구광역시,27,46,205,22,99,881,58,8411,134,462,200,235
20220426,서울특별시,11,송파구,11710,인천광역시,28,29,283,92,105,436,55,434,42,658,218,150
20220426,서울특별시,11,송파구,11710,광주광역시,29,15,125,29,63,411,32,3057,51,301,134,108
20220426,서울특별시,11,송파구,11710,대전광역시,30,35,119,29,74,719,53,8013,115,326,127,207
20220426,서울특별시,11,송파구,11710,울산광역시,31,11,112,30,41,171,25,855,21,201,68,55
20220426,서울특별시,11,송파구,11710,세종특별자치시,36,8,31,11,20,254,17,3256,58,99,39,95
20220426,서울특별시,11,송파구,11710,경기도,41,191,1706,440,596,2679,394,9254,350,4234,1305,785
20220426,서울특별시,11,송파구,11710,강원도,42,27,144,34,71,467,41,3679,71,291,121,118
20220426,서울특별시,11,송파구,11710,충청북도,43,37,137,23,89,568,50,5750,94,370,138,168
20220426,서울특별시,11,송파구,11710,충청남도,44,32,184,62,143,742,65,7198,133,425,151,181
20220426,서울특별시,11,송파구,11710,전라북도,45,27,149,25,74,406,45,3071,63,359,100,131
20220426,서울특별시,11,송파구,11710,전라남도,46,23,121,50,63,426,38,3159,62,269,112,107
20220426,서울특별시,11,송파구,11710,경상북도,47,62,176,32,101,589,50,4817,99,444,167,208
20220426,서울특별시,11,송파구,11710,경상남도,48,35,246,69,143,826,80,5934,137,518,252,281
20220426,서울특별시,11,송파구,11710,제주특별자치도,50,0,43,10,18,100,11,38,5,79,28,14
20220426,서울특별시,11,구로구,11530,서울특별시,11,199,1535,212,625,1270,282,411,124,2660,623,637
20220426,서울특별시,11,구로구,11530,부산광역시,26,51,388,26,161,360,80,107,44,740,172,201
20220426,서울특별시,11,구로구,11530,대구광역시,27,42,244,35,125,285,63,85,42,554,110,137
20220426,서울특별시,11,구로구,11530,인천광역시,28,65,333,47,152,383,84,137,41,780,159,144
20220426,서울특별시,11,구로구,11530,광주광역시,29,26,144,24,71,192,38,59,15,369,77,69
20220426,서울특별시,11,구로구,11530,대전광역시,30,27,149,28,84,209,40,54,14,337,87,87
20220426,서울특별시,11,구로구,11530,울산광역시,31,21,117,8,48,138,35,34,9,259,71,46
20220426,서울특별시,11,구로구,11530,세종특별자치시,36,7,49,0,16,63,14,8,9,122,31,23
20220426,서울특별시,11,구로구,11530,경기도,41,286,1735,236,880,2048,433,615,224,4020,915,816
20220426,서울특별시,11,구로구,11530,강원도,42,35,155,24,94,189,44,58,17,397,96,85
20220426,서울특별시,11,구로구,11530,충청북도,43,29,189,24,109,202,52,63,24,407,77,81
20220426,서울특별시,11,구로구,11530,충청남도,44,45,220,35,139,285,72,85,30,486,114,103
20220426,서울특별시,11,구로구,11530,전라북도,45,25,163,20,79,192,39,62,26,373,67,83
20220426,서울특별시,11,구로구,11530,전라남도,46,23,145,13,84,209,44,50,31,327,69,71
20220426,서울특별시,11,구로구,11530,경상북도,47,37,219,29,147,301,64,88,30,549,134,136
20220426,서울특별시,11,구로구,11530,경상남도,48,55,284,36,156,379,88,106,46,737,165,186
20220426,서울특별시,11,구로구,11530,제주특별자치도,50,10,40,6,25,64,15,12,5,118,20,19
20220426,서울특별시,11,관악구,11620,제주특별자치도,50,3,15,15,8,27,0,25,0,27,18,9
20220426,서울특별시,11,관악구,11620,경상남도,48,28,125,45,46,121,23,65,19,170,192,137
20220426,서울특별시,11,관악구,11620,경상북도,47,25,104,42,35,103,24,60,6,149,166,104
20220426,서울특별시,11,관악구,11620,전라남도,46,12,80,24,29,65,16,28,10,97,91,76
20220426,서울특별시,11,관악구,11620,전라북도,45,12,71,35,19,50,11,34,5,109,96,80
20220426,서울특별시,11,관악구,11620,충청남도,44,24,101,52,55,93,12,49,5,138,131,90
20220426,서울특별시,11,관악구,11620,충청북도,43,17,75,34,28,62,18,45,10,140,99,81
20220426,서울특별시,11,관악구,11620,강원도,42,16,64,23,22,83,15,38,9,98,96,92
20220426,서울특별시,11,관악구,11620,경기도,41,128,855,421,318,757,130,381,82,1303,896,898
20220426,서울특별시,11,관악구,11620,세종특별자치시,36,4,16,12,8,21,0,8,3,14,22,17
20220426,서울특별시,11,관악구,11620,울산광역시,31,12,32,26,17,42,5,6,5,54,69,46
20220426,서울특별시,11,관악구,11620,대전광역시,30,15,69,33,25,64,8,24,9,89,96,75
20220426,서울특별시,11,관악구,11620,광주광역시,29,8,51,36,24,50,7,28,9,99,95,82
20220426,서울특별시,11,관악구,11620,인천광역시,28,30,149,87,79,169,21,81,21,207,198,186
20220426,서울특별시,11,관악구,11620,대구광역시,27,29,92,75,23,86,14,41,12,130,121,97
20220426,서울특별시,11,관악구,11620,부산광역시,26,30,118,103,60,133,19,78,16,192,169,152
20220426,서울특별시,11,관악구,11620,서울특별시,11,93,730,659,263,508,78,311,43,892,556,628
20220426,서울특별시,11,강북구,11305,제주특별자치도,50,3,16,3,14,13,0,3,3,61,14,4
20220426,서울특별시,11,강북구,11305,경상남도,48,17,189,14,68,109,28,40,46,546,146,30
20220426,서울특별시,11,강북구,11305,경상북도,47,12,173,13,60,79,13,32,36,424,109,11
20220426,서울특별시,11,강북구,11305,전라남도,46,14,121,9,38,67,9,26,28,283,77,6
20220426,서울특별시,11,강북구,11305,전라북도,45,9,103,14,40,46,10,11,36,297,88,11
20220426,서울특별시,11,강북구,11305,충청남도,44,18,187,7,59,64,9,27,36,403,110,16
20220426,서울특별시,11,강북구,11305,충청북도,43,14,109,5,36,52,9,13,29,320,65,12
20220426,서울특별시,11,강북구,11305,강원도,42,11,96,11,38,60,10,12,29,298,62,11
20220426,서울특별시,11,강북구,11305,경기도,41,93,1095,91,333,530,66,204,195,3040,723,163
20220426,서울특별시,11,강북구,11305,세종특별자치시,36,0,35,3,7,23,0,5,11,78,20,0
20220426,서울특별시,11,강북구,11305,울산광역시,31,8,55,4,15,42,3,5,18,224,44,11
20220426,서울특별시,11,강북구,11305,대전광역시,30,5,104,10,41,46,4,12,19,309,79,13
20220426,서울특별시,11,강북구,11305,광주광역시,29,4,98,6,21,51,0,17,37,315,60,8
20220426,서울특별시,11,강북구,11305,인천광역시,28,10,192,17,66,101,14,35,51,616,137,35
20220426,서울특별시,11,강북구,11305,대구광역시,27,19,154,13,51,74,13,25,32,424,103,21
20220426,서울특별시,11,강북구,11305,부산광역시,26,21,190,17,52,103,12,33,37,595,153,17
20220426,서울특별시,11,강북구,11305,서울특별시,11,67,757,76,258,397,21,150,121,1952,487,101
20220426,서울특별시,11,금천구,11545,제주특별자치도,50,27,50,16,52,78,40,68,24,246,113,79
20220426,서울특별시,11,금천구,11545,경상남도,48,153,319,81,394,443,325,513,153,1512,625,428
20220426,서울특별시,11,금천구,11545,경상북도,47,131,236,219,288,377,220,436,127,1144,489,325
20220426,서울특별시,11,금천구,11545,전라남도,46,91,136,59,213,227,166,276,93,797,309,228
20220426,서울특별시,11,금천구,11545,전라북도,45,82,145,47,195,226,110,280,111,900,332,236
20220426,서울특별시,11,금천구,11545,충청남도,44,110,259,109,281,372,160,380,122,1072,464,249
20220426,서울특별시,11,금천구,11545,충청북도,43,88,177,83,207,245,116,283,113,819,322,189
20220426,서울특별시,11,금천구,11545,강원도,42,107,187,913,205,278,127,316,80,741,331,224
20220426,서울특별시,11,금천구,11545,경기도,41,832,1704,418,1953,2613,1099,2766,884,7721,3086,2431
20220426,서울특별시,11,금천구,11545,세종특별자치시,36,18,38,28,60,87,27,56,49,237,101,72
20220426,서울특별시,11,금천구,11545,울산광역시,31,44,105,25,115,164,95,149,66,611,249,163
20220426,서울특별시,11,금천구,11545,대전광역시,30,85,174,97,220,234,84,248,90,786,317,255
20220426,서울특별시,11,금천구,11545,광주광역시,29,88,216,45,183,214,133,278,106,908,311,233
20220426,서울특별시,11,금천구,11545,인천광역시,28,158,344,100,412,470,205,619,168,1472,662,435
20220426,서울특별시,11,금천구,11545,대구광역시,27,109,217,108,288,361,235,358,136,1228,461,366
20220426,서울특별시,11,금천구,11545,부산광역시,26,159,288,120,395,508,216,556,189,1462,667,449
20220426,서울특별시,11,금천구,11545,서울특별시,11,593,1424,414,1494,2066,820,2006,653,5598,2332,1997
20220426,서울특별시,11,용산구,11170,제주특별자치도,50,4,45,21,203,23,8,18,0,53,13,9
20220426,서울특별시,11,용산구,11170,경상남도,48,33,289,87,1451,182,40,157,45,247,113,43
20220426,서울특별시,11,용산구,11170,경상북도,47,19,241,47,1105,141,22,115,25,202,71,40
20220426,서울특별시,11,용산구,11170,전라남도,46,22,141,35,742,104,18,81,12,168,57,24
20220426,서울특별시,11,용산구,11170,전라북도,45,15,132,40,677,93,20,100,13,173,56,21
20220426,서울특별시,11,용산구,11170,충청남도,44,21,220,64,1061,119,32,101,20,180,66,34
20220426,서울특별시,11,용산구,11170,충청북도,43,13,141,24,795,73,14,95,16,151,54,20
20220426,서울특별시,11,용산구,11170,강원도,42,18,153,29,700,100,24,89,12,112,59,31
20220426,서울특별시,11,용산구,11170,경기도,41,170,1564,322,8063,1120,202,777,206,1854,660,249
20220426,서울특별시,11,용산구,11170,세종특별자치시,36,4,30,10,204,28,8,17,3,42,14,5
20220426,서울특별시,11,용산구,11170,울산광역시,31,5,99,29,449,68,12,58,11,100,44,13
20220426,서울특별시,11,용산구,11170,대전광역시,30,14,154,40,854,71,19,80,18,155,58,29
20220426,서울특별시,11,용산구,11170,광주광역시,29,23,143,63,643,115,13,98,18,171,51,22
20220426,서울특별시,11,용산구,11170,인천광역시,28,43,341,61,1639,207,41,196,44,320,106,51
20220426,서울특별시,11,용산구,11170,대구광역시,27,31,227,60,1034,116,27,114,25,277,86,38
20220426,서울특별시,11,용산구,11170,부산광역시,26,30,307,105,1465,199,31,187,28,327,162,51
20220426,서울특별시,11,용산구,11170,서울특별시,11,158,1341,878,7062,1040,175,643,84,1613,607,193
20220426,서울특별시,11,강동구,11740,제주특별자치도,50,8,28,5,11,33,5,25,0,27,26,6
20220426,서울특별시,11,강동구,11740,경상남도,48,55,217,53,77,256,44,281,26,228,89,52
20220426,서울특별시,11,강동구,11740,경상북도,47,42,144,40,80,195,30,226,9,152,81,31
20220426,서울특별시,11,강동구,11740,전라남도,46,36,79,28,63,137,20,157,10,124,41,30
20220426,서울특별시,11,강동구,11740,전라북도,45,29,89,29,35,134,19,148,4,142,47,19
20220426,서울특별시,11,강동구,11740,충청남도,44,48,143,45,74,201,23,180,18,175,67,37
20220426,서울특별시,11,강동구,11740,충청북도,43,43,81,29,58,146,15,150,16,135,43,16
20220426,서울특별시,11,강동구,11740,강원도,42,40,87,15,52,155,29,162,6,109,34,21
20220426,서울특별시,11,강동구,11740,경기도,41,315,1220,349,546,1404,215,1362,125,1923,530,304
20220426,서울특별시,11,강동구,11740,세종특별자치시,36,11,37,11,14,34,9,29,7,32,10,6
20220426,서울특별시,11,강동구,11740,울산광역시,31,21,67,16,22,89,11,83,11,82,39,19
20220426,서울특별시,11,강동구,11740,대전광역시,30,39,81,34,37,122,12,123,13,112,34,16
20220426,서울특별시,11,강동구,11740,광주광역시,29,28,95,37,37,133,19,96,12,149,40,21
20220426,서울특별시,11,강동구,11740,인천광역시,28,46,190,69,119,287,30,275,43,274,104,54
20220426,서울특별시,11,강동구,11740,대구광역시,27,53,177,50,61,221,31,160,22,200,95,35
20220426,서울특별시,11,강동구,11740,부산광역시,26,59,231,81,84,250,35,274,25,355,101,43
20220426,서울특별시,11,강동구,11740,서울특별시,11,259,1062,315,404,999,145,1177,80,1322,461,217
20220426,서울특별시,11,동작구,11590,제주특별자치도,50,4,25,9,8,42,0,12,0,24,8,4
20220426,서울특별시,11,동작구,11590,경상남도,48,42,231,65,83,356,20,143,49,210,102,84
20220426,서울특별시,11,동작구,11590,경상북도,47,21,141,56,56,318,22,106,41,149,57,60
20220426,서울특별시,11,동작구,11590,전라남도,46,22,77,32,45,284,11,93,27,113,41,46
20220426,서울특별시,11,동작구,11590,전라북도,45,29,94,41,33,178,12,80,22,105,53,52
20220426,서울특별시,11,동작구,11590,충청남도,44,28,132,52,59,242,16,89,36,164,62,55
20220426,서울특별시,11,동작구,11590,충청북도,43,23,104,32,32,177,7,76,25,143,52,50
20220426,서울특별시,11,동작구,11590,강원도,42,14,71,42,38,178,12,83,36,103,56,43
20220426,서울특별시,11,동작구,11590,경기도,41,188,1137,331,400,1709,117,617,175,1569,487,447
20220426,서울특별시,11,동작구,11590,세종특별자치시,36,0,14,19,7,48,3,23,7,29,15,12
20220426,서울특별시,11,동작구,11590,울산광역시,31,19,56,22,29,102,8,40,12,91,28,37
20220426,서울특별시,11,동작구,11590,대전광역시,30,17,96,39,27,164,7,67,25,117,36,35
20220426,서울특별시,11,동작구,11590,광주광역시,29,22,87,45,39,165,20,51,19,136,35,50
20220426,서울특별시,11,동작구,11590,인천광역시,28,44,207,61,74,327,23,128,52,273,93,101
20220426,서울특별시,11,동작구,11590,대구광역시,27,27,166,59,57,236,10,80,23,169,58,55
20220426,서울특별시,11,동작구,11590,서울특별시,11,121,821,374,323,1184,67,480,121,1035,334,369
20220426,서울특별시,11,성동구,11200,제주특별자치도,50,17,171,7,28,59,5,28,8,222,88,12
20220426,서울특별시,11,성동구,11200,경상남도,48,87,690,36,166,263,62,207,39,1087,453,126
20220426,서울특별시,11,성동구,11200,경상북도,47,56,569,32,124,155,27,188,24,823,345,63
20220426,서울특별시,11,성동구,11200,전라남도,46,28,281,19,80,134,15,158,25,516,237,63
20220426,서울특별시,11,성동구,11200,전라북도,45,49,365,29,80,143,15,154,19,576,259,51
20220426,서울특별시,11,성동구,11200,충청남도,44,76,520,40,136,193,35,220,68,773,278,90
20220426,서울특별시,11,성동구,11200,충청북도,43,35,370,25,84,128,19,187,15,623,233,49
20220426,서울특별시,11,성동구,11200,강원도,42,47,340,18,95,151,18,170,16,562,210,51
20220426,서울특별시,11,성동구,11200,경기도,41,423,4809,400,965,1484,251,1407,251,6146,2051,591
20220426,서울특별시,11,성동구,11200,세종특별자치시,36,14,98,12,27,32,4,30,5,170,81,13
20220426,서울특별시,11,성동구,11200,울산광역시,31,29,223,9,50,73,18,78,17,399,157,33
20220426,서울특별시,11,성동구,11200,대전광역시,30,40,399,26,91,126,22,158,20,571,210,49
20220426,서울특별시,11,성동구,11200,광주광역시,29,51,365,31,82,125,20,138,24,653,223,50
20220426,서울특별시,11,성동구,11200,인천광역시,28,79,865,55,215,246,46,313,39,1194,413,114
20220426,서울특별시,11,성동구,11200,대구광역시,27,65,534,42,128,181,28,163,33,896,326,90
20220426,서울특별시,11,성동구,11200,부산광역시,26,99,875,70,173,220,38,267,50,1232,479,137
20220426,서울특별시,11,성동구,11200,서울특별시,11,371,4508,356,777,1043,152,1063,139,5189,1856,481
20220426,서울특별시,11,성북구,11290,제주특별자치도,50,11,84,10,23,57,7,37,30,328,107,43
20220426,서울특별시,11,성북구,11290,경상남도,48,75,524,46,224,601,81,458,225,2122,642,216
20220426,서울특별시,11,성북구,11290,경상북도,47,43,423,34,128,403,49,323,167,1589,475,155
20220426,서울특별시,11,성북구,11290,전라남도,46,25,249,22,120,330,41,204,111,1027,346,114
20220426,서울특별시,11,성북구,11290,전라북도,45,26,249,33,72,265,35,254,105,1225,327,107
20220426,서울특별시,11,성북구,11290,충청남도,44,50,358,49,151,418,37,336,129,1598,459,133
20220426,서울특별시,11,성북구,11290,충청북도,43,38,309,28,117,331,44,251,114,1197,330,123
20220426,서울특별시,11,성북구,11290,강원도,42,44,238,27,73,287,36,237,105,1103,342,113
20220426,서울특별시,11,성북구,11290,경기도,41,391,2773,266,964,2494,368,2379,1013,11548,3312,1103
20220426,서울특별시,11,성북구,11290,세종특별자치시,36,7,75,7,39,82,14,48,38,314,98,18
20220426,서울특별시,11,성북구,11290,울산광역시,31,28,160,17,69,157,26,138,76,758,231,74
20220426,서울특별시,11,성북구,11290,대전광역시,30,31,252,18,103,238,35,245,92,1100,322,108
20220426,서울특별시,11,성북구,11290,광주광역시,29,37,275,34,97,232,33,178,104,1251,363,117
20220426,서울특별시,11,성북구,11290,인천광역시,28,82,522,56,177,483,60,461,200,2413,685,230
20220426,서울특별시,11,성북구,11290,대구광역시,27,47,416,36,118,345,49,338,182,1622,524,114
20220426,서울특별시,11,성북구,11290,부산광역시,26,61,563,46,155,480,73,536,185,2334,674,181
20220426,서울특별시,11,성북구,11290,서울특별시,11,253,2237,244,560,1611,238,1669,639,8235,2544,1140
20220426,서울특별시,11,강남구,11680,제주특별자치도,50,37,109,21,31,75,8,181,13,243,64,47
20220426,서울특별시,11,강남구,11680,경상남도,48,59,491,100,155,453,86,866,97,1501,416,289
20220426,서울특별시,11,강남구,11680,경상북도,47,59,392,83,125,325,58,713,72,1261,301,183
20220426,서울특별시,11,강남구,11680,전라남도,46,41,269,57,93,244,41,485,45,821,232,129
20220426,서울특별시,11,강남구,11680,전라북도,45,34,243,67,105,215,48,411,45,963,236,120
20220426,서울특별시,11,강남구,11680,충청남도,44,57,371,109,153,365,45,649,72,1315,291,179
20220426,서울특별시,11,강남구,11680,충청북도,43,45,299,80,114,240,32,479,44,1030,206,156
20220426,서울특별시,11,강남구,11680,강원도,42,31,253,68,106,234,40,473,37,878,233,122
20220426,서울특별시,11,강남구,11680,경기도,41,409,3289,857,985,2727,516,4326,483,9875,2400,1607
20220426,서울특별시,11,강남구,11680,세종특별자치시,36,8,78,19,30,52,15,125,14,254,69,53
20220426,서울특별시,11,강남구,11680,울산광역시,31,18,145,52,59,167,31,310,29,542,166,108
20220426,서울특별시,11,강남구,11680,대전광역시,30,50,261,87,99,255,39,403,53,1007,218,191
20220426,서울특별시,11,강남구,11680,광주광역시,29,40,264,95,68,236,51,433,43,982,209,151
20220426,서울특별시,11,강남구,11680,인천광역시,28,70,525,169,191,480,84,895,84,1887,478,334
20220426,서울특별시,11,강남구,11680,대구광역시,27,60,384,129,135,346,109,596,53,1506,312,205
20220426,서울특별시,11,강남구,11680,부산광역시,26,82,627,189,194,442,128,1002,100,2068,504,349
20220426,서울특별시,11,강남구,11680,서울특별시,11,348,2995,825,890,2108,316,3304,366,7507,2016,1786
20220426,서울특별시,11,중랑구,11260,제주특별자치도,50,8,56,5,24,66,13,17,10,70,31,11
20220426,서울특별시,11,중랑구,11260,경상남도,48,55,394,51,203,388,105,288,89,513,193,133
20220426,서울특별시,11,중랑구,11260,경상북도,47,44,280,39,118,329,86,231,71,393,139,116
20220426,서울특별시,11,중랑구,11260,전라남도,46,30,133,29,54,237,64,150,50,233,99,51
20220426,서울특별시,11,중랑구,11260,전라북도,45,27,215,24,72,205,68,147,47,304,92,55
20220426,서울특별시,11,중랑구,11260,충청남도,44,48,280,55,117,262,96,210,63,388,125,86
20220426,서울특별시,11,중랑구,11260,충청북도,43,33,227,31,99,221,58,169,54,316,117,60
20220426,서울특별시,11,중랑구,11260,강원도,42,34,288,31,71,191,76,133,58,253,140,61
20220426,서울특별시,11,중랑구,11260,경기도,41,311,2307,244,746,2504,610,1400,405,2856,1049,734
20220426,서울특별시,11,중랑구,11260,세종특별자치시,36,7,48,7,18,57,21,32,18,70,34,22
20220426,서울특별시,11,중랑구,11260,울산광역시,31,18,228,13,39,119,47,91,22,178,60,34
20220426,서울특별시,11,중랑구,11260,대전광역시,30,28,235,13,88,171,72,145,57,276,103,69
20220426,서울특별시,11,중랑구,11260,광주광역시,29,15,220,22,91,186,61,121,44,260,89,77
20220426,서울특별시,11,중랑구,11260,인천광역시,28,74,625,47,168,436,109,278,85,596,172,155
20220426,서울특별시,11,중랑구,11260,대구광역시,27,47,271,36,130,252,71,198,70,399,127,114
20220426,서울특별시,11,중랑구,11260,부산광역시,26,56,386,45,127,392,116,342,89,546,187,153
20220426,서울특별시,11,중랑구,11260,서울특별시,11,283,1925,216,548,1935,404,1200,290,1938,875,514
20220426,서울특별시,11,중구,11140,제주특별자치도,50,42,87,14,4,77,4,29,10,224,39,7
20220426,서울특별시,11,중구,11140,경상남도,48,70,391,65,105,392,79,186,81,1276,292,56
20220426,서울특별시,11,중구,11140,경상북도,47,55,286,42,58,301,49,144,48,996,228,40
20220426,서울특별시,11,중구,11140,전라남도,46,40,178,43,47,151,50,91,56,688,117,30
20220426,서울특별시,11,중구,11140,전라북도,45,61,207,52,28,211,37,102,34,692,164,29
20220426,서울특별시,11,중구,11140,충청남도,44,47,281,58,55,344,34,118,63,922,206,33
20220426,서울특별시,11,중구,11140,충청북도,43,41,222,62,42,238,31,117,44,695,173,31
20220426,서울특별시,11,중구,11140,강원도,42,38,225,88,39,236,38,102,75,625,143,26
20220426,서울특별시,11,중구,11140,경기도,41,444,2249,352,433,2257,297,1208,453,6518,1600,316
20220426,서울특별시,11,중구,11140,세종특별자치시,36,13,40,13,7,64,10,20,19,204,55,7
20220426,서울특별시,11,중구,11140,울산광역시,31,15,125,25,23,116,17,75,31,497,108,37
20220426,서울특별시,11,중구,11140,대전광역시,30,33,199,41,35,206,36,99,33,702,156,30
20220426,서울특별시,11,중구,11140,광주광역시,29,29,195,47,44,213,30,117,34,822,190,31
20220426,서울특별시,11,중구,11140,인천광역시,28,105,415,77,76,446,41,239,91,1211,378,74
20220426,서울특별시,11,중구,11140,대구광역시,27,65,309,60,50,314,39,126,53,1124,245,49
20220426,서울특별시,11,중구,11140,부산광역시,26,66,440,94,85,465,64,194,61,1514,336,75
20220426,서울특별시,11,중구,11140,서울특별시,11,403,1962,358,305,2048,181,1642,190,5541,1480,361
20220426,서울특별시,11,광진구,11215,제주특별자치도,50,0,23,4,32,40,3,18,8,94,41,26
20220426,서울특별시,11,광진구,11215,경상남도,48,29,182,49,157,343,44,120,104,600,326,244
20220426,서울특별시,11,광진구,11215,경상북도,47,25,129,37,116,264,31,79,58,498,230,172
20220426,서울특별시,11,광진구,11215,전라남도,46,22,102,37,96,172,13,58,44,311,157,114
20220426,서울특별시,11,광진구,11215,전라북도,45,21,91,27,81,220,17,68,54,385,172,131
20220426,서울특별시,11,광진구,11215,충청남도,44,23,142,34,140,304,25,72,78,459,277,148
20220426,서울특별시,11,광진구,11215,충청북도,43,23,120,32,70,171,22,84,45,365,182,103
20220426,서울특별시,11,광진구,11215,강원도,42,32,94,34,84,182,17,58,53,317,184,137
20220426,서울특별시,11,광진구,11215,경기도,41,181,1174,168,790,1795,208,575,505,3801,1665,1003
20220426,서울특별시,11,광진구,11215,세종특별자치시,36,0,33,5,19,34,6,21,17,90,45,25
20220426,서울특별시,11,광진구,11215,울산광역시,31,13,84,12,46,129,15,42,28,211,90,72
20220426,서울특별시,11,광진구,11215,대전광역시,30,14,87,23,77,170,15,57,44,344,171,95
20220426,서울특별시,11,광진구,11215,광주광역시,29,26,117,18,66,151,18,68,50,332,185,100
20220426,서울특별시,11,광진구,11215,인천광역시,28,29,248,30,164,346,37,143,116,728,358,237
20220426,서울특별시,11,광진구,11215,대구광역시,27,25,154,32,94,237,27,84,64,515,260,173
20220426,서울특별시,11,광진구,11215,부산광역시,26,31,187,39,151,339,33,163,103,684,360,256
20220426,서울특별시,11,광진구,11215,서울특별시,11,131,954,172,613,1194,141,524,320,2541,1305,655
20220426,서울특별시,11,동대문구,11230,서울특별시,11,242,1361,147,383,1256,99,1217,149,4655,787,459
20220426,서울특별시,11,동대문구,11230,부산광역시,26,55,343,28,95,400,38,354,60,1185,201,111
20220426,서울특별시,11,동대문구,11230,대구광역시,27,49,246,18,64,334,27,208,48,971,148,86
20220426,서울특별시,11,동대문구,11230,인천광역시,28,71,372,34,76,425,35,358,64,1193,213,126
20220426,서울특별시,11,동대문구,11230,광주광역시,29,26,172,24,40,191,23,149,31,646,129,60
20220426,서울특별시,11,동대문구,11230,대전광역시,30,32,165,21,37,212,19,176,24,609,102,62
20220426,서울특별시,11,동대문구,11230,울산광역시,31,22,128,10,32,128,10,136,16,430,64,37
20220426,서울특별시,11,동대문구,11230,세종특별자치시,36,8,52,9,12,59,5,57,18,188,31,12
20220426,서울특별시,11,동대문구,11230,경기도,41,343,1945,227,480,2271,178,1811,296,6470,979,602
20220426,서울특별시,11,동대문구,11230,강원도,42,37,180,15,48,275,18,189,19,563,91,68
20220426,서울특별시,11,동대문구,11230,충청북도,43,35,200,18,49,243,18,171,50,666,87,66
20220426,서울특별시,11,동대문구,11230,충청남도,44,44,269,34,59,350,23,253,43,802,115,74
20220426,서울특별시,11,동대문구,11230,전라북도,45,27,163,23,53,228,15,186,39,631,84,64
20220426,서울특별시,11,동대문구,11230,전라남도,46,23,162,13,48,243,17,204,18,511,115,58
20220426,서울특별시,11,동대문구,11230,경상북도,47,51,291,32,75,380,24,249,39,900,148,77
20220426,서울특별시,11,동대문구,11230,경상남도,48,60,375,41,83,454,41,406,74,1162,171,111
20220426,서울특별시,11,동대문구,11230,제주특별자치도,50,14,48,6,15,54,0,32,9,208,34,11
20220426,서울특별시,11,은평구,11380,제주특별자치도,50,3,25,0,8,13,14,16,3,14,24,19
20220426,서울특별시,11,은평구,11380,경상남도,48,18,112,23,51,215,75,194,15,139,156,211
20220426,서울특별시,11,은평구,11380,경상북도,47,15,105,24,32,196,52,140,21,124,139,199
20220426,서울특별시,11,은평구,11380,전라남도,46,6,45,18,32,114,42,97,12,74,91,136
20220426,서울특별시,11,은평구,11380,전라북도,45,6,55,9,24,104,25,107,11,95,78,132
20220426,서울특별시,11,은평구,11380,충청남도,44,14,62,29,46,155,43,147,15,88,92,183
20220426,서울특별시,11,은평구,11380,충청북도,43,7,114,7,31,126,39,103,13,103,88,122
20220426,서울특별시,11,은평구,11380,강원도,42,13,48,15,30,106,43,84,11,79,74,112
20220426,서울특별시,11,은평구,11380,경기도,41,86,678,189,290,1192,309,969,98,1134,744,1120
20220426,서울특별시,11,은평구,11380,세종특별자치시,36,6,13,6,13,25,10,28,0,23,12,35
20220426,서울특별시,11,은평구,11380,울산광역시,31,16,31,8,15,71,22,64,7,49,66,76
20220426,서울특별시,11,은평구,11380,대전광역시,30,9,44,15,19,86,23,90,9,53,63,116
20220426,서울특별시,11,서대문구,11410,서울특별시,11,24,764,133,275,600,34,373,518,1451,462,322
20220426,서울특별시,11,서대문구,11410,부산광역시,26,6,148,15,59,167,13,112,205,337,94,92
20220426,서울특별시,11,서대문구,11410,대구광역시,27,3,105,15,43,127,11,69,144,194,88,51
20220426,서울특별시,11,서대문구,11410,인천광역시,28,10,164,22,54,202,6,115,216,315,120,102
20220426,서울특별시,11,서대문구,11410,광주광역시,29,0,69,7,11,60,6,76,128,139,45,41
20220426,서울특별시,11,서대문구,11410,대전광역시,30,5,59,10,33,84,0,45,115,154,40,187
20220426,서울특별시,11,서대문구,11410,울산광역시,31,0,48,10,17,51,6,41,92,106,29,27
20220426,서울특별시,11,서대문구,11410,세종특별자치시,36,0,20,4,6,32,0,18,35,50,15,9
20220426,서울특별시,11,서대문구,11410,경기도,41,29,840,173,308,931,57,512,1069,1822,584,469
20220426,서울특별시,11,서대문구,11410,강원도,42,0,83,15,30,108,4,52,94,124,50,53
20220426,서울특별시,11,서대문구,11410,충청북도,43,6,75,7,33,94,5,56,103,151,55,36
20220426,서울특별시,11,서대문구,11410,충청남도,44,9,112,26,47,165,4,89,175,184,68,77
20220426,서울특별시,11,서대문구,11410,전라북도,45,0,89,13,26,102,3,43,96,152,50,67
20220426,서울특별시,11,서대문구,11410,전라남도,46,0,54,7,28,84,5,55,129,128,41,45
20220426,서울특별시,11,서대문구,11410,경상북도,47,3,102,17,39,137,9,74,180,205,70,71
20220426,서울특별시,11,서대문구,11410,경상남도,48,3,120,20,70,181,5,108,269,290,89,77
20220426,서울특별시,11,서대문구,11410,제주특별자치도,50,0,30,4,6,18,0,10,13,50,25,3
20220426,서울특별시,11,은평구,11380,광주광역시,29,7,40,9,24,106,33,68,5,68,74,111
20220426,서울특별시,11,은평구,11380,인천광역시,28,17,112,18,49,191,56,176,33,186,164,235
20220426,서울특별시,11,은평구,11380,대구광역시,27,13,58,19,42,127,46,119,7,105,122,177
20220426,서울특별시,11,은평구,11380,부산광역시,26,13,104,21,54,228,64,178,22,141,163,240
20220426,서울특별시,11,은평구,11380,서울특별시,11,73,553,166,220,718,200,650,55,597,455,788
20220426,서울특별시,11,도봉구,11320,제주특별자치도,50,3,20,3,21,24,3,32,7,105,20,19
20220426,서울특별시,11,도봉구,11320,경상남도,48,38,147,10,137,213,56,207,47,852,183,169
20220426,서울특별시,11,도봉구,11320,경상북도,47,31,108,10,98,130,30,168,30,618,160,173
20220426,서울특별시,11,도봉구,11320,전라남도,46,19,56,4,81,117,19,96,14,431,86,89
20220426,서울특별시,11,도봉구,11320,전라북도,45,14,50,9,66,82,28,111,16,439,65,101
20220426,서울특별시,11,도봉구,11320,충청남도,44,26,88,0,129,129,35,150,9,531,124,132
20220426,서울특별시,11,도봉구,11320,충청북도,43,25,64,6,80,97,27,129,21,424,102,116
20220426,서울특별시,11,도봉구,11320,강원도,42,16,82,9,66,83,25,117,14,405,82,97
20220426,서울특별시,11,도봉구,11320,경기도,41,186,744,143,722,862,274,1094,177,4301,850,971
20220426,서울특별시,11,도봉구,11320,세종특별자치시,36,4,14,0,15,34,6,25,6,127,20,29
20220426,서울특별시,11,도봉구,11320,울산광역시,31,10,37,0,35,58,17,77,12,282,49,71
20220426,서울특별시,11,도봉구,11320,대전광역시,30,20,59,6,62,89,23,101,21,387,79,108
20220426,서울특별시,11,도봉구,11320,광주광역시,29,10,48,4,66,72,19,110,21,456,86,133
20220426,서울특별시,11,도봉구,11320,인천광역시,28,38,174,13,131,132,38,221,48,876,165,241
20220426,서울특별시,11,도봉구,11320,대구광역시,27,23,79,0,86,108,28,198,33,582,116,166
20220426,서울특별시,11,도봉구,11320,부산광역시,26,35,107,9,138,177,38,245,31,854,137,250
20220426,서울특별시,11,도봉구,11320,서울특별시,11,141,512,198,518,600,160,745,110,2730,491,747
20220426,서울특별시,11,영등포구,11560,제주특별자치도,50,6,51,22,35,37,11,45,0,42,20,20
20220426,서울특별시,11,영등포구,11560,경상남도,48,29,573,207,244,316,60,446,49,288,112,206
20220426,서울특별시,11,영등포구,11560,경상북도,47,28,398,113,178,233,27,386,18,239,100,161
20220426,서울특별시,11,영등포구,11560,전라남도,46,7,315,252,128,149,22,250,19,173,56,92
20220426,서울특별시,11,영등포구,11560,전라북도,45,15,314,139,146,159,14,252,28,168,79,112
20220426,서울특별시,11,영등포구,11560,충청남도,44,24,376,101,238,240,24,364,21,234,102,138
20220426,서울특별시,11,영등포구,11560,충청북도,43,15,259,121,158,214,29,363,22,215,53,120
20220426,서울특별시,11,영등포구,11560,강원도,42,15,244,181,132,166,13,277,18,163,60,113
20220426,서울특별시,11,영등포구,11560,경기도,41,183,2847,1038,1497,1683,257,2968,411,2326,948,1124
20220426,서울특별시,11,영등포구,11560,세종특별자치시,36,7,58,26,39,58,34,62,52,48,19,20
20220426,서울특별시,11,영등포구,11560,울산광역시,31,6,185,82,90,120,19,134,25,103,42,76
20220426,서울특별시,11,영등포구,11560,대전광역시,30,16,262,106,140,169,29,257,88,189,85,80
20220426,서울특별시,11,영등포구,11560,광주광역시,29,20,257,73,130,153,53,239,69,200,89,94
20220426,서울특별시,11,영등포구,11560,인천광역시,28,44,636,157,308,316,83,585,107,394,212,327
20220426,서울특별시,11,영등포구,11560,대구광역시,27,17,409,141,197,219,26,356,42,264,101,123
20220426,서울특별시,11,영등포구,11560,부산광역시,26,32,542,206,279,302,33,470,39,390,155,216
20220426,서울특별시,11,영등포구,11560,서울특별시,11,138,2302,1074,1325,1215,149,2630,154,1847,958,990
20220426,서울특별시,11,양천구,11470,제주특별자치도,50,3,21,7,4,24,0,14,5,36,12,15
20220426,서울특별시,11,양천구,11470,경상남도,48,23,241,23,61,177,19,151,35,193,90,72
20220426,서울특별시,11,양천구,11470,경상북도,47,15,172,25,67,146,21,105,32,139,64,62
20220426,서울특별시,11,양천구,11470,전라남도,46,6,105,9,36,98,13,64,15,93,46,33
20220426,서울특별시,11,양천구,11470,전라북도,45,8,126,18,43,95,9,65,12,129,61,47
20220426,서울특별시,11,양천구,11470,충청남도,44,16,175,32,86,153,15,88,25,133,59,59
20220426,서울특별시,11,양천구,11470,충청북도,43,6,120,6,32,110,19,71,18,139,46,44
20220426,서울특별시,11,양천구,11470,강원도,42,9,104,15,45,126,14,78,12,129,37,38
20220426,서울특별시,11,양천구,11470,경기도,41,117,1305,180,428,1043,154,749,236,1580,520,476
20220426,서울특별시,11,양천구,11470,세종특별자치시,36,0,29,4,12,40,0,21,4,27,11,4
20220426,서울특별시,11,양천구,11470,울산광역시,31,15,85,9,20,72,6,27,13,49,42,27
20220426,서울특별시,11,양천구,11470,대전광역시,30,7,129,16,47,103,8,89,16,117,48,40
20220426,서울특별시,11,양천구,11470,광주광역시,29,10,124,19,34,94,11,64,14,105,42,36
20220426,서울특별시,11,양천구,11470,인천광역시,28,25,239,24,105,185,23,136,91,245,110,89
20220426,서울특별시,11,양천구,11470,대구광역시,27,13,154,7,63,130,18,101,24,167,45,68
20220426,서울특별시,11,양천구,11470,부산광역시,26,15,266,28,80,198,22,139,40,248,110,80
20220426,서울특별시,11,양천구,11470,서울특별시,11,78,1005,152,352,709,82,565,144,1048,374,330
20220426,서울특별시,11,노원구,11350,제주특별자치도,50,8,15,0,6,19,6,12,13,56,6,0
20220426,서울특별시,11,노원구,11350,경상남도,48,43,133,28,47,254,60,255,108,382,77,50
20220426,서울특별시,11,종로구,11110,서울특별시,11,259,1421,309,400,907,88,463,130,3058,977,206
20220426,서울특별시,11,종로구,11110,부산광역시,26,68,318,39,72,183,33,99,35,935,314,42
20220426,서울특별시,11,종로구,11110,대구광역시,27,39,208,23,60,141,23,66,31,695,170,28
20220426,서울특별시,11,종로구,11110,인천광역시,28,54,328,36,87,189,44,115,54,814,255,49
20220426,서울특별시,11,종로구,11110,광주광역시,29,33,138,17,28,89,15,39,27,525,138,29
20220426,서울특별시,11,종로구,11110,대전광역시,30,30,141,23,41,94,10,52,17,409,129,17
20220426,서울특별시,11,종로구,11110,울산광역시,31,16,95,13,25,48,13,34,18,290,98,18
20220426,서울특별시,11,종로구,11110,세종특별자치시,36,6,47,7,13,45,0,8,10,102,38,9
20220426,서울특별시,11,종로구,11110,경기도,41,286,1722,235,432,1047,183,664,279,4331,1358,299
20220426,서울특별시,11,종로구,11110,강원도,42,34,172,14,32,95,12,68,39,415,119,31
20220426,서울특별시,11,종로구,11110,충청북도,43,33,168,11,42,116,14,65,29,461,155,42
20220426,서울특별시,11,종로구,11110,충청남도,44,31,190,21,51,120,22,79,51,565,178,39
20220426,서울특별시,11,종로구,11110,전라북도,45,27,151,21,29,107,9,52,50,469,153,41
20220426,서울특별시,11,종로구,11110,전라남도,46,20,146,27,47,101,21,51,28,407,112,55
20220426,서울특별시,11,종로구,11110,경상북도,47,40,213,24,65,169,23,66,31,605,181,50
20220426,서울특별시,11,종로구,11110,경상남도,48,48,293,21,75,192,35,91,57,844,246,57
20220426,서울특별시,11,종로구,11110,제주특별자치도,50,11,50,4,13,30,4,24,6,157,44,8
20220426,서울특별시,11,마포구,11440,서울특별시,11,293,2751,822,1645,3013,227,2709,243,2868,1248,542
20220426,서울특별시,11,마포구,11440,부산광역시,26,68,553,175,386,769,49,731,47,638,352,117
20220426,서울특별시,11,마포구,11440,대구광역시,27,57,410,134,237,593,46,490,39,447,232,70
20220426,서울특별시,11,마포구,11440,인천광역시,28,86,575,166,388,835,61,726,66,634,323,108
20220426,서울특별시,11,마포구,11440,광주광역시,29,31,278,87,213,341,20,290,37,323,149,58
20220426,서울특별시,11,마포구,11440,대전광역시,30,43,309,60,173,376,34,340,36,296,180,45
20220426,서울특별시,11,마포구,11440,울산광역시,31,32,151,68,128,223,19,218,23,193,100,20
20220426,서울특별시,11,마포구,11440,세종특별자치시,36,10,64,36,56,119,8,106,18,74,31,15
20220426,서울특별시,11,마포구,11440,경기도,41,385,2924,962,2036,4040,324,3150,454,3366,1656,579
20220426,서울특별시,11,마포구,11440,강원도,42,31,243,79,177,433,23,337,47,258,150,46
20220426,서울특별시,11,마포구,11440,충청북도,43,31,255,80,190,389,35,323,39,318,159,62
20220426,서울특별시,11,마포구,11440,충청남도,44,52,352,97,320,524,58,452,63,355,176,67
20220426,서울특별시,11,마포구,11440,전라북도,45,35,221,80,210,400,30,349,25,295,141,42
20220426,서울특별시,11,마포구,11440,전라남도,46,33,226,99,223,354,21,307,41,270,117,60
20220426,서울특별시,11,마포구,11440,경상북도,47,72,378,117,325,547,48,434,32,435,180,82
20220426,서울특별시,11,마포구,11440,경상남도,48,79,466,167,382,819,74,678,52,534,281,126
20220426,서울특별시,11,마포구,11440,제주특별자치도,50,4,96,18,40,79,6,59,12,113,48,16
20220426,서울특별시,11,노원구,11350,경상북도,47,35,88,32,53,203,34,166,116,323,52,39
20220426,서울특별시,11,노원구,11350,전라남도,46,12,44,16,38,132,25,119,54,244,36,21
20220426,서울특별시,11,노원구,11350,전라북도,45,19,66,21,32,115,20,115,65,231,43,19
20220426,서울특별시,11,노원구,11350,충청남도,44,37,76,37,65,203,34,203,98,329,42,33
20220426,서울특별시,11,노원구,11350,충청북도,43,29,48,42,31,127,24,130,50,246,31,27
20220426,서울특별시,11,노원구,11350,강원도,42,28,63,21,39,128,41,109,53,240,30,16
20220426,서울특별시,11,노원구,11350,경기도,41,277,786,175,397,1389,272,1244,521,2613,463,242
20220426,서울특별시,11,노원구,11350,세종특별자치시,36,7,17,9,8,35,9,37,18,55,6,3
20220426,서울특별시,11,노원구,11350,울산광역시,31,15,43,8,22,55,16,88,36,156,20,10
20220426,서울특별시,11,노원구,11350,대전광역시,30,22,56,26,25,140,25,124,50,203,29,16
20220426,서울특별시,11,노원구,11350,광주광역시,29,18,63,15,28,113,20,80,43,209,40,18
20220426,서울특별시,11,노원구,11350,인천광역시,28,43,130,17,63,286,44,275,106,434,83,51
20220426,서울특별시,11,노원구,11350,대구광역시,27,45,82,28,49,167,35,154,67,290,65,34
20220426,서울특별시,11,노원구,11350,부산광역시,26,45,137,48,61,277,45,264,84,427,74,46
20220426,서울특별시,11,노원구,11350,서울특별시,11,157,694,162,270,930,150,912,248,1577,344,192
20220426,서울특별시,11,강서구,11500,제주특별자치도,50,12,55,13,46,80,16,84,9,220,44,86
20220426,서울특별시,11,강서구,11500,경상남도,48,69,501,106,377,614,154,935,90,1462,446,949
20220426,서울특별시,11,강서구,11500,경상북도,47,45,348,79,291,523,89,702,52,1255,378,749
20220426,서울특별시,11,강서구,11500,전라남도,46,42,236,50,223,379,79,468,32,1079,300,535
20220426,서울특별시,11,강서구,11500,전라북도,45,32,240,63,190,328,68,418,48,863,210,440
20220426,서울특별시,11,강서구,11500,충청남도,44,51,356,63,316,518,89,591,51,1102,318,613
20220426,서울특별시,11,강서구,11500,충청북도,43,36,284,55,212,378,65,428,26,937,255,520
20220426,서울특별시,11,강서구,11500,강원도,42,31,226,59,230,412,89,444,38,1088,296,575
20220426,서울특별시,11,강서구,11500,경기도,41,391,2718,743,1749,2849,663,3941,426,6647,1958,3969
20220426,서울특별시,11,강서구,11500,세종특별자치시,36,7,69,18,55,81,21,97,16,162,72,113
20220426,서울특별시,11,강서구,11500,울산광역시,31,22,149,40,108,155,47,294,27,384,142,222
20220426,서울특별시,11,강서구,11500,대전광역시,30,42,226,50,162,247,49,369,39,624,158,338
20220426,서울특별시,11,강서구,11500,광주광역시,29,40,243,85,160,263,82,375,40,633,195,359
20220426,서울특별시,11,강서구,11500,인천광역시,28,100,476,160,325,544,94,863,103,1222,353,746
20220426,서울특별시,11,강서구,11500,대구광역시,27,60,384,87,229,378,86,604,69,841,287,522
20220426,서울특별시,11,강서구,11500,부산광역시,26,78,542,120,359,538,117,941,73,1268,422,724
20220426,서울특별시,11,강서구,11500,서울특별시,11,311,2089,639,1437,1817,395,2826,276,3937,1244,2751
20220426,서울특별시,11,서초구,11650,서울특별시,11,299,1922,694,505,1256,168,1159,135,2111,580,792
20220426,서울특별시,11,서초구,11650,부산광역시,26,65,314,141,100,289,38,203,37,447,141,195
20220426,서울특별시,11,서초구,11650,대구광역시,27,40,196,120,52,213,21,106,21,361,79,128
20220426,서울특별시,11,서초구,11650,인천광역시,28,50,306,136,101,293,30,172,40,466,154,185
20220426,서울특별시,11,서초구,11650,광주광역시,29,31,108,81,39,117,21,80,17,260,61,83
20220426,서울특별시,11,서초구,11650,대전광역시,30,16,137,76,47,159,12,73,15,214,44,70
20220426,서울특별시,11,서초구,11650,울산광역시,31,15,90,63,22,92,12,50,8,170,28,63
20220426,서울특별시,11,서초구,11650,세종특별자치시,36,8,40,33,13,48,4,27,9,64,17,29
20220426,서울특별시,11,서초구,11650,경기도,41,313,1883,917,552,1763,183,949,205,2967,688,934
20220426,서울특별시,11,서초구,11650,강원도,42,25,131,82,52,154,12,104,24,250,52,94
20220426,서울특별시,11,서초구,11650,충청북도,43,19,128,76,48,166,9,91,20,269,54,90
20220426,서울특별시,11,서초구,11650,충청남도,44,31,215,106,73,200,18,139,25,295,82,129
20220426,서울특별시,11,서초구,11650,전라북도,45,20,128,85,35,139,18,91,12,227,44,98
20220426,서울특별시,11,서초구,11650,전라남도,46,21,117,63,33,136,12,92,23,232,47,78
20220426,서울특별시,11,서초구,11650,경상북도,47,29,160,101,66,203,16,105,31,327,66,136
20220426,서울특별시,11,서초구,11650,경상남도,48,41,274,141,84,294,35,147,38,472,81,164
20220426,서울특별시,11,서초구,11650,제주특별자치도,50,11,53,22,15,42,5,26,3,87,21,23
20220427,서울특별시,11,서대문구,11410,충청남도,44,4,112,26,22,104,6,96,92,186,58,33
20220427,서울특별시,11,서대문구,11410,충청북도,43,3,82,9,22,56,3,56,39,179,52,17
20220427,서울특별시,11,구로구,11530,제주특별자치도,50,0,52,8,20,38,11,15,8,74,12,39
20220427,서울특별시,11,구로구,11530,경상남도,48,34,293,55,147,257,76,122,41,471,97,169
20220427,서울특별시,11,구로구,11530,경상북도,47,26,241,35,149,220,47,88,19,342,74,123
20220427,서울특별시,11,구로구,11530,전라남도,46,15,152,15,86,139,38,55,13,246,45,78
20220427,서울특별시,11,구로구,11530,전라북도,45,11,176,18,74,148,27,59,22,252,41,89
20220427,서울특별시,11,구로구,11530,충청남도,44,17,221,50,141,176,72,68,25,340,54,102
20220427,서울특별시,11,구로구,11530,충청북도,43,16,162,32,97,135,39,56,20,300,28,61
20220427,서울특별시,11,구로구,11530,강원도,42,16,205,37,94,117,40,52,17,200,55,82
20220427,서울특별시,11,도봉구,11320,충청남도,44,33,103,12,144,118,29,119,23,495,128,98
20220427,서울특별시,11,도봉구,11320,전라북도,45,20,65,3,61,86,24,79,13,384,87,74
20220427,서울특별시,11,도봉구,11320,전라남도,46,21,70,10,82,80,27,119,19,361,92,62
20220427,서울특별시,11,도봉구,11320,경상북도,47,26,84,6,85,126,24,157,21,509,109,120
20220427,서울특별시,11,도봉구,11320,경상남도,48,30,138,6,113,159,43,192,37,725,200,142
20220427,서울특별시,11,도봉구,11320,제주특별자치도,50,7,10,3,14,11,6,20,4,69,26,17
20220427,서울특별시,11,관악구,11620,서울특별시,11,98,606,413,236,423,78,284,43,842,578,487
20220427,서울특별시,11,관악구,11620,부산광역시,26,19,138,63,48,130,34,60,13,195,161,141
20220427,서울특별시,11,관악구,11620,대구광역시,27,36,90,54,68,97,24,49,11,106,129,107
20220427,서울특별시,11,관악구,11620,인천광역시,28,25,118,63,56,117,21,68,9,182,168,140
20220427,서울특별시,11,관악구,11620,광주광역시,29,12,34,33,31,54,8,31,9,69,95,75
20220427,서울특별시,11,관악구,11620,대전광역시,30,10,57,34,27,56,9,32,4,78,90,73
20220427,서울특별시,11,관악구,11620,울산광역시,31,8,41,20,16,43,7,19,7,48,58,47
20220427,서울특별시,11,관악구,11620,세종특별자치시,36,3,21,10,7,28,0,8,0,21,17,17
20220427,서울특별시,11,관악구,11620,경기도,41,135,760,308,289,653,108,374,85,1350,887,701
20220427,서울특별시,11,관악구,11620,강원도,42,8,69,32,23,99,9,38,8,83,77,63
20220427,서울특별시,11,관악구,11620,충청북도,43,18,67,22,30,74,16,46,7,105,94,82
20220427,서울특별시,11,관악구,11620,충청남도,44,15,77,30,35,87,18,44,11,124,124,100
20220427,서울특별시,11,동작구,11590,제주특별자치도,50,0,19,29,9,43,0,16,0,31,9,8
20220427,서울특별시,11,동작구,11590,경상남도,48,34,109,136,70,287,17,106,47,206,61,111
20220427,서울특별시,11,동작구,11590,경상북도,47,23,91,79,53,189,20,79,26,134,51,61
20220427,서울특별시,11,동작구,11590,전라남도,46,11,58,51,38,176,7,72,21,86,35,43
20220427,서울특별시,11,동작구,11590,전라북도,45,19,48,73,36,151,10,53,17,114,27,52
20220427,서울특별시,11,동작구,11590,충청남도,44,31,88,79,41,181,22,97,26,145,69,71
20220427,서울특별시,11,동작구,11590,충청북도,43,29,79,57,49,210,14,63,14,135,40,52
20220427,서울특별시,11,동작구,11590,강원도,42,15,56,61,34,148,14,108,21,83,40,55
20220427,서울특별시,11,동작구,11590,경기도,41,194,745,502,368,1772,153,592,180,1443,474,508
20220427,서울특별시,11,동작구,11590,세종특별자치시,36,6,15,20,12,26,3,20,6,26,14,12
20220427,서울특별시,11,동작구,11590,울산광역시,31,15,42,33,24,93,8,49,9,76,19,19
20220427,서울특별시,11,동작구,11590,대전광역시,30,22,62,58,32,156,13,56,18,85,42,41
20220427,서울특별시,11,동작구,11590,광주광역시,29,19,69,64,39,152,13,50,12,98,24,75
20220427,서울특별시,11,동작구,11590,인천광역시,28,38,135,97,72,306,31,129,38,226,87,114
20220427,서울특별시,11,동작구,11590,대구광역시,27,32,97,87,54,165,12,75,31,154,62,54
20220427,서울특별시,11,동작구,11590,부산광역시,26,27,151,134,68,293,24,95,29,202,91,108
20220427,서울특별시,11,동작구,11590,서울특별시,11,145,655,411,287,1033,90,485,74,946,352,389
20220427,서울특별시,11,관악구,11620,전라북도,45,8,60,36,24,63,5,29,8,123,70,87
20220427,서울특별시,11,관악구,11620,전라남도,46,12,50,17,15,68,6,39,10,82,91,81
20220427,서울특별시,11,관악구,11620,경상북도,47,25,102,30,45,108,29,57,9,124,141,132
20220427,서울특별시,11,관악구,11620,경상남도,48,20,122,54,51,150,24,54,15,180,187,181
20220427,서울특별시,11,구로구,11530,경기도,41,179,1963,274,844,1459,390,575,182,2818,634,853
20220427,서울특별시,11,용산구,11170,제주특별자치도,50,0,46,13,172,19,7,9,8,42,17,8
20220427,서울특별시,11,용산구,11170,경상남도,48,29,259,31,1323,151,30,166,25,174,79,72
20220427,서울특별시,11,용산구,11170,경상북도,47,19,228,18,1053,129,40,113,22,137,73,56
20220427,서울특별시,11,용산구,11170,전라남도,46,22,128,26,684,90,17,78,15,66,51,40
20220427,서울특별시,11,용산구,11170,전라북도,45,17,137,13,610,82,14,66,20,104,44,35
20220427,서울특별시,11,용산구,11170,충청남도,44,14,205,30,1119,117,37,114,20,118,74,47
20220427,서울특별시,11,용산구,11170,충청북도,43,6,123,26,768,99,26,79,16,105,57,33
20220427,서울특별시,11,용산구,11170,강원도,42,15,123,18,672,126,24,88,12,87,49,45
20220427,서울특별시,11,용산구,11170,경기도,41,150,1500,301,7929,928,248,679,162,1439,629,421
20220427,서울특별시,11,구로구,11530,세종특별자치시,36,4,49,13,20,26,14,12,9,77,17,32
20220427,서울특별시,11,구로구,11530,울산광역시,31,16,111,11,46,88,31,35,15,151,25,66
20220427,서울특별시,11,구로구,11530,대전광역시,30,16,176,20,101,118,39,50,13,244,69,73
20220427,서울특별시,11,구로구,11530,광주광역시,29,12,158,32,92,131,33,31,25,225,40,82
20220427,서울특별시,11,구로구,11530,인천광역시,28,35,369,44,177,268,71,98,35,521,96,179
20220427,서울특별시,11,구로구,11530,대구광역시,27,21,265,27,118,221,52,54,29,369,77,110
20220427,서울특별시,11,구로구,11530,부산광역시,26,35,328,56,142,262,79,116,36,492,129,164
20220427,서울특별시,11,구로구,11530,서울특별시,11,134,1470,332,568,945,214,456,110,1969,537,627
20220427,서울특별시,11,용산구,11170,세종특별자치시,36,5,22,5,195,18,7,11,4,31,14,8
20220427,서울특별시,11,용산구,11170,울산광역시,31,5,79,19,455,45,17,53,14,72,39,26
20220427,서울특별시,11,용산구,11170,대전광역시,30,21,142,25,843,77,31,64,14,102,57,27
20220427,서울특별시,11,용산구,11170,광주광역시,29,6,129,23,676,63,20,49,14,105,53,38
20220427,서울특별시,11,용산구,11170,인천광역시,28,31,260,48,1473,149,57,128,31,193,113,85
20220427,서울특별시,11,용산구,11170,대구광역시,27,16,205,26,990,99,42,121,20,192,75,53
20220427,서울특별시,11,용산구,11170,부산광역시,26,29,261,45,1480,163,56,159,24,214,107,85
20220427,서울특별시,11,용산구,11170,서울특별시,11,121,1160,304,6878,720,235,510,103,1222,583,268
20220427,서울특별시,11,종로구,11110,경상남도,48,57,288,79,69,161,23,105,54,769,240,53
20220427,서울특별시,11,송파구,11710,서울특별시,11,110,1538,428,479,1244,221,1316,111,2448,880,491
20220427,서울특별시,11,송파구,11710,부산광역시,26,31,290,78,124,644,67,2889,68,500,213,176
20220427,서울특별시,11,송파구,11710,대구광역시,27,54,183,48,121,813,63,7925,152,385,145,258
20220427,서울특별시,11,송파구,11710,인천광역시,28,25,296,76,117,402,70,405,47,502,176,125
20220427,서울특별시,11,송파구,11710,광주광역시,29,21,117,19,43,442,37,2882,61,222,91,122
20220427,서울특별시,11,송파구,11710,대전광역시,30,32,140,45,76,695,46,7656,109,221,117,193
20220427,서울특별시,11,송파구,11710,울산광역시,31,11,79,22,36,210,32,966,32,173,54,43
20220427,서울특별시,11,송파구,11710,세종특별자치시,36,10,44,19,20,242,9,3265,65,67,33,66
20220427,서울특별시,11,송파구,11710,경기도,41,174,1746,460,697,2364,375,9324,327,3489,1012,714
20220427,서울특별시,11,송파구,11710,강원도,42,16,124,33,76,457,47,3595,77,247,106,117
20220427,서울특별시,11,송파구,11710,충청북도,43,24,147,25,67,549,35,5483,100,281,99,152
20220427,서울특별시,11,송파구,11710,충청남도,44,40,203,34,129,675,60,7209,150,315,121,248
20220427,서울특별시,11,송파구,11710,전라북도,45,23,140,42,63,430,45,3206,67,245,96,103
20220427,서울특별시,11,송파구,11710,전라남도,46,27,147,44,64,438,35,3231,63,192,73,111
20220427,서울특별시,11,송파구,11710,경상북도,47,45,181,42,96,643,45,4978,112,304,133,192
20220427,서울특별시,11,송파구,11710,경상남도,48,41,239,99,141,858,74,6230,134,458,184,254
20220427,서울특별시,11,송파구,11710,제주특별자치도,50,3,43,13,10,115,4,17,3,48,16,10
20220427,서울특별시,11,종로구,11110,경상북도,47,39,208,90,73,141,13,73,32,593,159,51
20220427,서울특별시,11,종로구,11110,전라남도,46,34,157,19,29,93,8,81,26,422,108,32
20220427,서울특별시,11,종로구,11110,전라북도,45,23,174,17,49,78,4,47,27,404,131,36
20220427,서울특별시,11,종로구,11110,충청남도,44,46,253,23,63,106,16,69,29,548,170,49
20220427,서울특별시,11,종로구,11110,충청북도,43,28,155,14,51,91,9,64,29,441,114,28
20220427,서울특별시,11,종로구,11110,강원도,42,27,125,26,35,101,7,85,36,353,141,37
20220427,서울특별시,11,종로구,11110,경기도,41,266,1593,253,426,1019,137,727,231,4285,1280,284
20220427,서울특별시,11,종로구,11110,세종특별자치시,36,8,37,7,11,22,3,9,6,108,39,8
20220427,서울특별시,11,광진구,11215,서울특별시,11,119,901,191,631,1244,146,388,188,2497,1082,506
20220427,서울특별시,11,광진구,11215,부산광역시,26,43,198,32,176,342,47,109,63,644,265,154
20220427,서울특별시,11,광진구,11215,대구광역시,27,21,154,25,125,258,42,55,51,490,211,96
20220427,서울특별시,11,광진구,11215,인천광역시,28,49,240,29,171,390,43,107,82,666,313,129
20220427,서울특별시,11,광진구,11215,광주광역시,29,16,117,18,88,155,17,50,36,351,174,75
20220427,서울특별시,11,광진구,11215,대전광역시,30,17,96,7,79,162,18,53,26,323,137,49
20220427,서울특별시,11,광진구,11215,울산광역시,31,17,61,6,51,130,16,25,26,210,83,35
20220427,서울특별시,11,광진구,11215,세종특별자치시,36,0,27,8,17,60,6,7,6,105,32,16
20220427,서울특별시,11,광진구,11215,경기도,41,169,1221,173,893,1930,285,483,327,3515,1454,721
20220427,서울특별시,11,광진구,11215,강원도,42,13,98,15,95,191,29,47,37,318,131,58
20220427,서울특별시,11,광진구,11215,충청북도,43,26,102,20,102,204,36,39,34,347,146,72
20220427,서울특별시,11,광진구,11215,충청남도,44,33,154,14,117,291,37,71,38,493,214,106
20220427,서울특별시,11,광진구,11215,전라북도,45,20,90,11,103,177,20,48,39,366,146,92
20220427,서울특별시,11,광진구,11215,전라남도,46,31,100,16,97,196,19,53,47,285,153,69
20220427,서울특별시,11,광진구,11215,경상북도,47,30,130,23,143,290,51,83,32,445,208,112
20220427,서울특별시,11,광진구,11215,경상남도,48,39,193,26,163,396,47,108,64,572,268,151
20220427,서울특별시,11,금천구,11545,서울특별시,11,574,1531,815,1357,1631,777,1338,572,5189,1982,2110
20220427,서울특별시,11,금천구,11545,부산광역시,26,135,350,161,317,408,272,369,137,1370,574,515
20220427,서울특별시,11,금천구,11545,대구광역시,27,104,231,96,233,289,195,234,127,1055,372,369
20220427,서울특별시,11,금천구,11545,인천광역시,28,115,360,315,339,418,140,335,143,1407,561,501
20220427,서울특별시,11,금천구,11545,광주광역시,29,67,168,42,160,167,95,141,74,761,270,240
20220427,서울특별시,11,금천구,11545,대전광역시,30,66,189,65,154,188,91,159,64,721,264,243
20220427,서울특별시,11,금천구,11545,울산광역시,31,51,109,46,120,142,63,102,56,492,212,183
20220427,서울특별시,11,종로구,11110,울산광역시,31,19,99,15,30,59,9,24,19,271,79,28
20220427,서울특별시,11,종로구,11110,대전광역시,30,32,158,34,53,101,4,48,16,422,126,30
20220427,서울특별시,11,종로구,11110,광주광역시,29,25,140,22,40,77,9,34,35,470,115,20
20220427,서울특별시,11,종로구,11110,인천광역시,28,74,342,37,83,199,19,116,52,803,238,43
20220427,서울특별시,11,종로구,11110,대구광역시,27,41,210,45,60,137,10,68,34,647,168,46
20220427,서울특별시,11,종로구,11110,부산광역시,26,56,312,38,65,181,15,81,40,885,292,51
20220427,서울특별시,11,종로구,11110,서울특별시,11,228,1391,364,399,746,79,692,144,3013,978,280
20220427,서울특별시,11,중랑구,11260,제주특별자치도,50,10,62,4,16,46,17,16,8,70,25,10
20220427,서울특별시,11,중랑구,11260,경상남도,48,60,383,45,127,364,93,251,100,548,189,138
20220427,서울특별시,11,중랑구,11260,경상북도,47,55,307,44,74,289,80,213,85,419,162,79
20220427,서울특별시,11,중랑구,11260,전라남도,46,25,203,28,57,193,57,136,57,245,117,66
20220427,서울특별시,11,중랑구,11260,전라북도,45,44,222,23,81,189,43,133,51,309,98,58
20220427,서울특별시,11,중랑구,11260,충청남도,44,54,276,43,94,271,91,177,78,426,142,77
20220427,서울특별시,11,중랑구,11260,충청북도,43,22,241,20,85,191,49,133,46,305,95,51
20220427,서울특별시,11,중랑구,11260,강원도,42,41,299,25,70,185,68,130,52,284,124,74
20220427,서울특별시,11,중랑구,11260,경기도,41,266,2367,329,662,1950,514,1305,472,3139,1146,602
20220427,서울특별시,11,중랑구,11260,세종특별자치시,36,7,41,9,16,45,16,37,19,62,28,12
20220427,서울특별시,11,중랑구,11260,울산광역시,31,20,151,21,45,141,39,101,30,194,74,29
20220427,서울특별시,11,중랑구,11260,대전광역시,30,48,219,24,72,166,45,148,44,293,101,45
20220427,서울특별시,11,중랑구,11260,광주광역시,29,35,207,27,66,205,50,129,49,280,108,49
20220427,서울특별시,11,중랑구,11260,인천광역시,28,54,558,52,111,349,98,239,100,615,231,134
20220427,서울특별시,11,중랑구,11260,대구광역시,27,48,325,29,96,264,84,189,56,411,155,81
20220427,서울특별시,11,중랑구,11260,부산광역시,26,59,449,66,129,316,95,291,96,585,235,119
20220427,서울특별시,11,중랑구,11260,서울특별시,11,236,2023,221,577,1483,338,1029,320,2212,866,467
20220427,서울특별시,11,금천구,11545,세종특별자치시,36,25,57,77,42,50,25,33,36,234,91,53
20220427,서울특별시,11,금천구,11545,경기도,41,691,1834,1133,1651,2090,933,1707,803,6991,2611,2486
20220427,서울특별시,11,금천구,11545,강원도,42,72,162,165,197,201,133,216,78,658,277,199
20220427,서울특별시,11,금천구,11545,충청북도,43,92,178,157,170,211,86,188,82,705,295,246
20220427,서울특별시,11,금천구,11545,충청남도,44,91,229,162,281,315,162,228,118,951,420,301
20220427,서울특별시,11,금천구,11545,전라북도,45,76,178,113,193,184,88,179,67,695,294,213
20220427,서울특별시,11,금천구,11545,전라남도,46,89,165,140,208,174,129,184,58,698,266,183
20220427,서울특별시,11,금천구,11545,경상북도,47,98,283,222,233,342,161,250,113,994,378,327
20220427,서울특별시,11,금천구,11545,경상남도,48,129,315,234,339,362,177,329,162,1286,507,443
20220427,서울특별시,11,금천구,11545,제주특별자치도,50,15,51,25,41,47,31,42,21,231,79,52
20220427,서울특별시,11,서대문구,11410,강원도,42,0,83,17,28,75,4,47,69,144,47,20
20220427,서울특별시,11,강동구,11740,제주특별자치도,50,6,26,6,10,24,4,29,0,27,9,7
20220427,서울특별시,11,강동구,11740,경상남도,48,64,178,52,83,238,32,184,26,208,77,62
20220427,서울특별시,11,강동구,11740,경상북도,47,54,114,43,71,175,30,187,15,130,53,24
20220427,서울특별시,11,강동구,11740,전라남도,46,27,84,39,41,125,17,122,7,100,44,27
20220427,서울특별시,11,서대문구,11410,경기도,41,36,827,148,207,631,79,443,427,1942,526,184
20220427,서울특별시,11,서대문구,11410,세종특별자치시,36,0,10,4,7,19,0,13,23,38,9,4
20220427,서울특별시,11,서대문구,11410,울산광역시,31,0,47,5,6,33,3,29,33,85,23,8
20220427,서울특별시,11,서대문구,11410,대전광역시,30,0,84,10,18,56,8,38,51,172,39,20
20220427,서울특별시,11,서대문구,11410,광주광역시,29,0,57,7,13,42,4,26,43,160,36,16
20220427,서울특별시,11,서대문구,11410,인천광역시,28,9,172,18,44,132,13,92,99,303,103,43
20220427,서울특별시,11,서대문구,11410,대구광역시,27,0,112,21,37,93,13,56,62,193,66,32
20220427,서울특별시,11,은평구,11380,대구광역시,27,23,58,15,31,128,39,100,16,116,76,122
20220427,서울특별시,11,은평구,11380,인천광역시,28,30,99,19,42,177,45,151,19,127,89,163
20220427,서울특별시,11,은평구,11380,광주광역시,29,5,38,11,28,88,25,67,7,69,60,73
20220427,서울특별시,11,은평구,11380,대전광역시,30,8,33,7,36,100,33,60,13,63,43,68
20220427,서울특별시,11,은평구,11380,울산광역시,31,9,48,8,11,65,20,47,11,47,31,43
20220427,서울특별시,11,은평구,11380,세종특별자치시,36,0,7,0,13,25,7,23,0,16,8,23
20220427,서울특별시,11,은평구,11380,경기도,41,122,506,134,310,905,292,739,125,1229,516,898
20220427,서울특별시,11,은평구,11380,강원도,42,6,36,12,27,80,41,109,12,74,53,76
20220427,서울특별시,11,은평구,11380,충청북도,43,14,54,10,25,135,33,95,11,110,61,78
20220427,서울특별시,11,은평구,11380,충청남도,44,15,44,23,43,180,50,122,22,122,70,113
20220427,서울특별시,11,강동구,11740,전라북도,45,42,82,17,38,108,15,117,12,119,43,29
20220427,서울특별시,11,강동구,11740,충청남도,44,42,137,37,74,163,27,197,15,148,58,30
20220427,서울특별시,11,강동구,11740,충청북도,43,31,79,33,53,117,21,103,14,144,49,27
20220427,서울특별시,11,강동구,11740,강원도,42,37,79,21,54,118,18,125,16,108,37,41
20220427,서울특별시,11,강동구,11740,경기도,41,312,1144,379,449,1233,212,1010,124,1757,516,414
20220427,서울특별시,11,강동구,11740,세종특별자치시,36,11,31,11,14,35,0,17,6,29,16,12
20220427,서울특별시,11,강동구,11740,울산광역시,31,22,54,25,32,91,17,54,4,78,35,26
20220427,서울특별시,11,강동구,11740,대전광역시,30,32,70,27,46,97,29,93,11,122,46,19
20220427,서울특별시,11,강동구,11740,광주광역시,29,38,96,34,30,94,13,76,10,112,45,25
20220427,서울특별시,11,강동구,11740,인천광역시,28,63,187,61,85,235,26,180,20,266,82,88
20220427,서울특별시,11,강동구,11740,대구광역시,27,52,128,74,58,211,27,143,9,218,85,47
20220427,서울특별시,11,강동구,11740,부산광역시,26,66,171,71,96,241,28,192,24,272,127,73
20220427,서울특별시,11,강동구,11740,서울특별시,11,252,900,236,392,920,138,870,91,1237,458,411
20220427,서울특별시,11,중구,11140,서울특별시,11,329,1971,396,286,2230,175,1064,302,4996,1101,271
20220427,서울특별시,11,중구,11140,부산광역시,26,83,391,80,81,429,69,190,62,1222,268,69
20220427,서울특별시,11,중구,11140,대구광역시,27,57,280,89,51,270,38,114,42,873,234,48
20220427,서울특별시,11,중구,11140,인천광역시,28,86,422,46,85,375,44,221,55,1091,274,55
20220427,서울특별시,11,중구,11140,광주광역시,29,28,210,37,37,155,34,83,31,659,161,23
20220427,서울특별시,11,중구,11140,대전광역시,30,37,196,33,61,191,25,83,26,615,125,20
20220427,서울특별시,11,중구,11140,울산광역시,31,27,118,31,23,106,35,75,22,386,95,26
20220427,서울특별시,11,광진구,11215,제주특별자치도,50,0,31,9,24,43,3,15,17,90,28,20
20220427,서울특별시,11,성북구,11290,경상북도,47,48,339,32,81,359,36,289,199,1461,383,124
20220427,서울특별시,11,성북구,11290,전라남도,46,24,226,25,53,221,36,172,123,947,258,81
20220427,서울특별시,11,성북구,11290,전라북도,45,31,200,20,61,221,37,148,117,1083,284,76
20220427,서울특별시,11,성북구,11290,충청남도,44,35,302,38,85,325,41,269,161,1364,370,102
20220427,서울특별시,11,성북구,11290,충청북도,43,22,247,22,65,264,37,206,107,1057,268,74
20220427,서울특별시,11,성북구,11290,강원도,42,27,207,21,55,225,30,197,107,1020,264,65
20220427,서울특별시,11,성북구,11290,경기도,41,390,2426,196,604,2167,273,1861,1063,10297,2783,667
20220427,서울특별시,11,성북구,11290,세종특별자치시,36,6,61,6,22,57,5,36,54,306,88,17
20220427,서울특별시,11,동대문구,11230,서울특별시,11,250,1069,160,289,1352,128,1123,136,4083,748,499
20220427,서울특별시,11,동대문구,11230,부산광역시,26,54,275,30,89,454,21,392,51,1082,198,135
20220427,서울특별시,11,동대문구,11230,대구광역시,27,44,195,15,70,329,28,207,35,824,119,95
20220427,서울특별시,11,동대문구,11230,인천광역시,28,60,326,38,84,591,26,349,49,1123,189,136
20220427,서울특별시,11,동대문구,11230,광주광역시,29,23,129,18,37,218,15,157,24,567,99,68
20220427,서울특별시,11,동대문구,11230,대전광역시,30,25,120,34,37,221,16,156,19,487,88,56
20220427,서울특별시,11,동대문구,11230,울산광역시,31,13,90,15,27,134,14,133,18,358,62,40
20220427,서울특별시,11,동대문구,11230,세종특별자치시,36,3,35,3,6,66,7,42,9,159,23,13
20220427,서울특별시,11,중구,11140,세종특별자치시,36,6,57,12,12,49,7,26,10,159,31,7
20220427,서울특별시,11,중구,11140,경기도,41,373,2239,341,396,2287,282,1129,381,5785,1458,307
20220427,서울특별시,11,중구,11140,강원도,42,39,208,53,57,250,26,99,32,564,110,27
20220427,서울특별시,11,중구,11140,충청북도,43,49,208,37,40,227,24,98,46,607,141,23
20220427,서울특별시,11,중구,11140,충청남도,44,54,285,60,59,313,36,134,46,786,172,36
20220427,서울특별시,11,중구,11140,전라북도,45,35,190,36,67,168,30,99,35,613,155,32
20220427,서울특별시,11,중구,11140,전라남도,46,44,208,34,34,226,36,84,22,560,119,19
20220427,서울특별시,11,중구,11140,경상북도,47,55,274,61,53,314,53,122,56,805,217,46
20220427,서울특별시,11,중구,11140,경상남도,48,67,377,67,79,395,77,172,68,1032,282,52
20220427,서울특별시,11,중구,11140,제주특별자치도,50,14,66,26,15,85,3,25,7,211,42,10
20220427,서울특별시,11,은평구,11380,전라북도,45,9,36,7,27,98,23,82,11,92,61,83
20220427,서울특별시,11,은평구,11380,전라남도,46,11,61,9,26,93,21,79,11,75,49,92
20220427,서울특별시,11,서대문구,11410,부산광역시,26,3,130,26,35,125,15,91,97,325,96,38
20220427,서울특별시,11,서대문구,11410,전라북도,45,0,65,17,11,54,0,41,36,169,38,15
20220427,서울특별시,11,서대문구,11410,전라남도,46,0,52,8,16,68,5,48,42,132,44,14
20220427,서울특별시,11,서대문구,11410,경상북도,47,0,91,25,27,95,7,75,78,234,59,21
20220427,서울특별시,11,서대문구,11410,경상남도,48,7,138,15,32,134,6,90,116,277,77,34
20220427,서울특별시,11,동대문구,11230,경기도,41,280,1559,218,435,2294,190,1674,245,5848,835,621
20220427,서울특별시,11,동대문구,11230,강원도,42,31,178,28,54,218,14,200,18,498,81,71
20220427,서울특별시,11,동대문구,11230,충청북도,43,34,137,23,49,282,17,184,26,625,83,70
20220427,서울특별시,11,동대문구,11230,충청남도,44,48,208,39,71,322,25,264,39,784,119,83
20220427,서울특별시,11,동대문구,11230,전라북도,45,26,140,12,52,240,7,190,28,528,68,67
20220427,서울특별시,11,동대문구,11230,전라남도,46,29,150,16,46,268,29,216,29,539,71,47
20220427,서울특별시,11,동대문구,11230,경상북도,47,35,217,24,66,401,27,296,46,749,118,98
20220427,서울특별시,11,동대문구,11230,경상남도,48,53,287,46,70,466,28,366,47,1038,158,116
20220427,서울특별시,11,동대문구,11230,제주특별자치도,50,9,49,6,13,53,0,36,9,133,25,16
20220427,서울특별시,11,성북구,11290,울산광역시,31,19,148,13,30,119,26,132,85,657,174,52
20220427,서울특별시,11,성북구,11290,대전광역시,30,27,199,36,56,210,25,196,125,1004,257,67
20220427,서울특별시,11,성북구,11290,광주광역시,29,37,210,22,61,190,30,207,114,1067,295,75
20220427,서울특별시,11,성북구,11290,인천광역시,28,66,441,44,109,479,51,384,259,2156,595,155
20220427,서울특별시,11,성북구,11290,대구광역시,27,44,373,94,77,288,31,260,182,1478,412,111
20220427,서울특별시,11,성북구,11290,부산광역시,26,58,460,47,108,408,58,406,207,1991,589,149
20220427,서울특별시,11,성북구,11290,서울특별시,11,239,1902,351,458,1414,195,1406,672,7179,2330,817
20220427,서울특별시,11,서대문구,11410,제주특별자치도,50,0,23,5,8,12,0,4,10,54,17,0
20220427,서울특별시,11,은평구,11380,서울특별시,11,117,468,123,205,587,219,453,53,595,345,580
20220427,서울특별시,11,은평구,11380,경상북도,47,19,76,17,29,161,34,129,21,99,85,159
20220427,서울특별시,11,은평구,11380,경상남도,48,20,84,14,61,184,72,161,19,138,108,220
20220427,서울특별시,11,은평구,11380,제주특별자치도,50,6,10,3,0,29,4,14,3,15,8,11
20220427,서울특별시,11,강북구,11305,제주특별자치도,50,3,16,0,7,16,0,0,0,74,33,0
20220427,서울특별시,11,마포구,11440,제주특별자치도,50,11,95,42,67,81,6,33,16,96,33,15
20220427,서울특별시,11,마포구,11440,경상남도,48,64,548,236,477,689,68,639,45,372,261,105
20220427,서울특별시,11,마포구,11440,경상북도,47,52,371,165,334,511,57,505,33,347,191,60
20220427,서울특별시,11,마포구,11440,전라남도,46,42,266,96,273,340,25,367,49,186,94,43
20220427,서울특별시,11,마포구,11440,전라북도,45,48,246,95,232,372,23,305,29,283,128,50
20220427,서울특별시,11,마포구,11440,충청남도,44,55,372,155,322,523,47,467,76,333,167,86
20220427,서울특별시,11,마포구,11440,충청북도,43,33,256,91,309,397,28,300,41,298,139,30
20220427,서울특별시,11,마포구,11440,강원도,42,45,273,75,254,398,25,283,30,228,117,45
20220427,서울특별시,11,마포구,11440,경기도,41,372,2872,1245,2313,3866,323,3096,374,3123,1415,580
20220427,서울특별시,11,마포구,11440,세종특별자치시,36,15,71,39,62,118,11,96,12,65,37,9
20220427,서울특별시,11,마포구,11440,울산광역시,31,38,168,65,135,231,21,219,13,160,84,43
20220427,서울특별시,11,마포구,11440,대전광역시,30,49,270,121,235,426,32,319,43,270,135,45
20220427,서울특별시,11,마포구,11440,광주광역시,29,33,252,98,249,369,22,347,20,235,121,58
20220427,서울특별시,11,마포구,11440,인천광역시,28,77,618,198,464,766,42,673,55,521,319,143
20220427,서울특별시,11,마포구,11440,대구광역시,27,72,427,178,282,532,33,543,35,402,206,81
20220427,서울특별시,11,마포구,11440,부산광역시,26,98,550,272,515,769,72,791,53,542,281,108
20220427,서울특별시,11,마포구,11440,서울특별시,11,327,2820,1119,1898,2830,229,2328,164,2745,1210,544
20220427,서울특별시,11,강남구,11680,제주특별자치도,50,15,96,16,17,66,12,103,12,286,86,51
20220427,서울특별시,11,강남구,11680,경상남도,48,68,532,86,151,426,46,756,70,1957,445,276
20220427,서울특별시,11,강남구,11680,경상북도,47,41,374,61,123,284,39,511,66,1611,380,213
20220427,서울특별시,11,강남구,11680,전라남도,46,37,251,47,76,193,22,386,37,976,226,140
20220427,서울특별시,11,강남구,11680,전라북도,45,30,241,58,83,191,21,339,32,1207,262,153
20220427,서울특별시,11,강남구,11680,충청남도,44,61,409,85,110,335,29,559,59,1614,336,193
20220427,서울특별시,11,강남구,11680,충청북도,43,45,270,43,90,226,25,385,56,1242,243,159
20220427,서울특별시,11,강남구,11680,강원도,42,32,294,46,84,223,24,413,47,1074,242,178
20220427,서울특별시,11,강남구,11680,경기도,41,409,3513,827,911,2406,300,3658,481,12022,2756,1700
20220427,서울특별시,11,강남구,11680,세종특별자치시,36,9,87,30,15,55,10,106,17,273,85,36
20220427,서울특별시,11,강남구,11680,울산광역시,31,29,151,29,53,117,20,282,35,710,178,101
20220427,서울특별시,11,강남구,11680,대전광역시,30,30,261,82,115,219,21,353,41,1209,232,150
20220427,서울특별시,11,강남구,11680,광주광역시,29,34,271,59,84,182,38,321,45,1164,253,173
20220427,서울특별시,11,강남구,11680,인천광역시,28,93,546,120,170,446,35,767,94,2245,524,325
20220427,서울특별시,11,강남구,11680,대구광역시,27,52,420,83,114,321,49,500,53,1818,350,211
20220427,서울특별시,11,강남구,11680,부산광역시,26,81,717,141,164,391,56,773,78,2549,571,361
20220427,서울특별시,11,강남구,11680,서울특별시,11,358,3304,1043,759,2017,227,2805,332,8828,2190,1755
20220427,서울특별시,11,양천구,11470,제주특별자치도,50,9,21,0,13,20,4,9,0,26,13,8
20220427,서울특별시,11,양천구,11470,경상남도,48,26,173,15,80,248,31,137,15,137,74,66
20220427,서울특별시,11,양천구,11470,경상북도,47,25,132,12,49,150,22,126,12,101,59,52
20220427,서울특별시,11,양천구,11470,전라남도,46,16,64,7,36,87,17,96,11,60,29,28
20220427,서울특별시,11,양천구,11470,전라북도,45,15,63,11,34,73,13,86,7,83,61,33
20220427,서울특별시,11,양천구,11470,충청남도,44,23,124,29,78,134,27,117,21,99,70,48
20220427,서울특별시,11,양천구,11470,충청북도,43,16,73,10,40,102,22,85,5,105,51,34
20220427,서울특별시,11,양천구,11470,강원도,42,15,74,7,31,105,19,91,8,71,36,24
20220427,서울특별시,11,양천구,11470,경기도,41,197,1017,135,409,1033,181,802,67,1352,452,335
20220427,서울특별시,11,양천구,11470,세종특별자치시,36,3,25,0,17,25,7,15,0,14,8,6
20220427,서울특별시,11,양천구,11470,울산광역시,31,12,42,3,19,57,0,66,4,34,16,11
20220427,서울특별시,11,양천구,11470,대전광역시,30,11,83,10,35,102,8,74,5,57,43,33
20220427,서울특별시,11,양천구,11470,광주광역시,29,17,66,12,38,94,20,66,5,66,51,30
20220427,서울특별시,11,양천구,11470,인천광역시,28,28,191,33,72,208,26,161,18,181,88,65
20220427,서울특별시,11,양천구,11470,대구광역시,27,22,91,13,59,143,24,103,11,104,60,46
20220427,서울특별시,11,양천구,11470,부산광역시,26,28,178,18,68,162,31,138,17,153,107,67
20220427,서울특별시,11,양천구,11470,서울특별시,11,176,758,157,316,673,93,579,53,736,342,230
20220427,서울특별시,11,영등포구,11560,제주특별자치도,50,14,53,9,15,46,3,32,0,44,26,21
20220427,서울특별시,11,영등포구,11560,경상남도,48,31,544,120,167,305,40,369,37,251,114,134
20220427,서울특별시,11,영등포구,11560,경상북도,47,22,399,79,153,233,24,276,27,190,85,134
20220427,서울특별시,11,영등포구,11560,전라남도,46,22,276,49,80,158,15,230,27,131,58,73
20220427,서울특별시,11,영등포구,11560,전라북도,45,18,291,43,101,151,20,211,11,176,54,75
20220427,서울특별시,11,영등포구,11560,충청남도,44,25,387,114,173,256,56,265,89,233,79,87
20220427,서울특별시,11,영등포구,11560,충청북도,43,16,275,63,93,195,34,192,100,164,65,66
20220427,서울특별시,11,영등포구,11560,강원도,42,42,250,104,99,170,7,231,24,139,58,86
20220427,서울특별시,11,영등포구,11560,경기도,41,177,2833,653,1054,1635,201,1973,304,2168,823,793
20220427,서울특별시,11,영등포구,11560,세종특별자치시,36,9,73,23,20,38,4,54,12,50,14,15
20220427,서울특별시,11,서초구,11650,서울특별시,11,284,1652,886,415,1135,134,1163,121,1966,550,626
20220427,서울특별시,11,서초구,11650,부산광역시,26,44,307,177,101,291,19,243,23,430,111,124
20220427,서울특별시,11,서초구,11650,대구광역시,27,39,212,154,56,202,16,130,23,295,73,99
20220427,서울특별시,11,서초구,11650,인천광역시,28,75,240,140,93,271,37,164,40,422,114,144
20220427,서울특별시,11,서초구,11650,광주광역시,29,27,140,85,43,127,18,104,10,216,55,58
20220427,서울특별시,11,서초구,11650,대전광역시,30,27,146,78,42,129,6,104,11,191,44,62
20220427,서울특별시,11,서초구,11650,울산광역시,31,21,72,64,25,88,8,66,6,129,33,31
20220427,서울특별시,11,서초구,11650,세종특별자치시,36,0,45,34,7,40,5,35,6,61,12,17
20220427,서울특별시,11,서초구,11650,경기도,41,285,1790,961,494,1453,148,1114,208,2775,615,802
20220427,서울특별시,11,서초구,11650,강원도,42,24,128,65,52,116,13,107,24,169,42,77
20220427,서울특별시,11,서초구,11650,충청북도,43,28,128,63,44,141,11,96,19,234,44,62
20220427,서울특별시,11,서초구,11650,충청남도,44,30,191,99,69,161,15,113,31,285,76,91
20220427,서울특별시,11,서초구,11650,전라북도,45,17,100,86,40,100,19,117,18,236,47,75
20220427,서울특별시,11,서초구,11650,전라남도,46,20,114,76,33,115,19,84,22,187,36,49
20220427,서울특별시,11,서초구,11650,경상북도,47,36,187,107,73,212,18,133,22,264,58,92
20220427,서울특별시,11,서초구,11650,경상남도,48,45,231,136,73,269,21,180,31,343,89,136
20220427,서울특별시,11,서초구,11650,제주특별자치도,50,10,65,12,6,40,5,26,5,68,24,12
20220427,서울특별시,11,영등포구,11560,울산광역시,31,4,206,103,53,88,21,119,23,85,32,44
20220427,서울특별시,11,영등포구,11560,대전광역시,30,15,222,99,102,180,23,156,69,168,56,70
20220427,서울특별시,11,영등포구,11560,광주광역시,29,20,269,51,84,128,27,188,31,160,70,81
20220427,서울특별시,11,영등포구,11560,인천광역시,28,45,624,166,253,322,27,461,56,370,195,170
20220427,서울특별시,11,영등포구,11560,대구광역시,27,26,381,66,114,218,25,251,31,224,77,101
20220427,서울특별시,11,영등포구,11560,부산광역시,26,26,594,104,151,278,33,389,58,322,126,142
20220427,서울특별시,11,영등포구,11560,서울특별시,11,152,2372,559,758,1108,154,1615,197,1747,776,658
20220427,서울특별시,11,서대문구,11410,서울특별시,11,15,919,145,229,483,60,346,216,1435,410,120
20220427,서울특별시,11,성북구,11290,경상남도,48,54,414,47,99,445,82,408,256,1918,577,140
20220427,서울특별시,11,성동구,11200,서울특별시,11,332,4970,1006,729,870,170,628,142,4702,1969,400
20220427,서울특별시,11,성동구,11200,부산광역시,26,75,952,201,168,251,39,231,25,1068,427,84
20220427,서울특별시,11,성동구,11200,대구광역시,27,49,678,112,125,193,46,122,22,810,340,72
20220427,서울특별시,11,성동구,11200,인천광역시,28,69,1002,163,186,248,34,163,54,1105,441,83
20220427,서울특별시,11,성동구,11200,광주광역시,29,37,365,79,69,109,20,74,21,548,218,45
20220427,서울특별시,11,성동구,11200,대전광역시,30,39,429,93,94,123,21,74,14,516,202,46
20220427,서울특별시,11,성동구,11200,울산광역시,31,13,226,61,55,91,19,56,18,322,120,30
20220427,서울특별시,11,성동구,11200,세종특별자치시,36,11,107,41,39,35,9,28,8,144,47,13
20220427,서울특별시,11,성동구,11200,경기도,41,355,5081,1049,869,1393,238,880,249,5764,2210,518
20220427,서울특별시,11,성동구,11200,강원도,42,41,409,125,91,161,27,87,22,486,217,38
20220427,서울특별시,11,은평구,11380,부산광역시,26,21,88,22,53,193,61,140,22,161,107,178
20220427,서울특별시,11,강북구,11305,경상남도,48,14,140,17,44,91,12,22,44,468,191,27
20220427,서울특별시,11,강북구,11305,경상북도,47,18,95,13,47,88,3,19,35,368,131,16
20220427,서울특별시,11,강북구,11305,전라남도,46,11,74,13,25,60,3,14,27,237,103,16
20220427,서울특별시,11,강북구,11305,전라북도,45,9,63,17,29,56,7,16,19,273,99,16
20220427,서울특별시,11,강북구,11305,충청남도,44,13,114,17,44,71,10,21,42,395,118,11
20220427,서울특별시,11,강북구,11305,충청북도,43,8,52,4,38,47,7,6,22,277,98,14
20220427,서울특별시,11,강북구,11305,강원도,42,14,73,8,27,52,6,13,22,213,96,8
20220427,서울특별시,11,성동구,11200,충청북도,43,31,413,77,85,152,19,89,12,577,207,49
20220427,서울특별시,11,성동구,11200,충청남도,44,45,596,169,136,207,36,105,29,659,300,72
20220427,서울특별시,11,성동구,11200,전라북도,45,27,412,90,84,168,17,80,17,512,204,45
20220427,서울특별시,11,성동구,11200,전라남도,46,38,344,90,82,141,23,79,20,447,189,37
20220427,서울특별시,11,성동구,11200,경상북도,47,38,560,133,113,191,53,123,23,694,286,68
20220427,서울특별시,11,성동구,11200,경상남도,48,57,679,200,156,341,43,177,49,901,342,95
20220427,서울특별시,11,성동구,11200,제주특별자치도,50,7,230,46,17,43,11,17,6,163,81,9
20220427,서울특별시,11,강서구,11500,제주특별자치도,50,7,72,17,49,63,55,58,15,162,37,55
20220427,서울특별시,11,성북구,11290,제주특별자치도,50,5,64,9,15,58,10,31,37,328,88,17
20220427,서울특별시,11,관악구,11620,제주특별자치도,50,4,19,7,11,19,0,9,0,15,19,21
20220427,서울특별시,11,강서구,11500,경상남도,48,96,447,98,359,553,264,673,103,956,511,463
20220427,서울특별시,11,강서구,11500,경상북도,47,57,338,66,300,433,226,639,82,821,471,419
20220427,서울특별시,11,강서구,11500,전라남도,46,36,223,49,173,304,165,407,46,588,383,319
20220427,서울특별시,11,강서구,11500,전라북도,45,44,236,49,169,281,134,348,45,522,244,242
20220427,서울특별시,11,강서구,11500,충청남도,44,94,317,85,253,399,226,518,87,723,392,397
20220427,서울특별시,11,강서구,11500,충청북도,43,38,233,59,209,280,148,364,54,592,403,287
20220427,서울특별시,11,강서구,11500,강원도,42,49,261,59,182,295,162,450,56,601,408,324
20220427,서울특별시,11,강서구,11500,경기도,41,429,2465,657,1737,2801,1468,3064,541,4975,1900,2405
20220427,서울특별시,11,강서구,11500,세종특별자치시,36,6,61,20,47,56,50,94,22,144,80,77
20220427,서울특별시,11,강서구,11500,울산광역시,31,26,166,32,100,188,97,217,28,287,94,154
20220427,서울특별시,11,강서구,11500,대전광역시,30,51,196,53,164,218,113,252,54,411,188,219
20220427,서울특별시,11,강서구,11500,광주광역시,29,45,178,55,186,247,133,278,55,466,189,208
20220427,서울특별시,11,강서구,11500,인천광역시,28,101,495,125,339,494,269,599,76,892,319,401
20220427,서울특별시,11,강서구,11500,대구광역시,27,71,295,103,243,323,239,418,67,636,271,302
20220427,서울특별시,11,강서구,11500,부산광역시,26,103,452,134,277,562,240,703,107,895,384,437
20220427,서울특별시,11,강서구,11500,서울특별시,11,329,1765,634,1365,1797,815,2146,247,3334,1173,1661
20220427,서울특별시,11,종로구,11110,제주특별자치도,50,17,48,16,17,22,4,19,11,101,40,13
20220427,서울특별시,11,도봉구,11320,서울특별시,11,120,477,104,512,539,159,686,107,2458,539,552
20220427,서울특별시,11,도봉구,11320,부산광역시,26,40,114,10,109,155,38,196,40,685,172,157
20220427,서울특별시,11,도봉구,11320,대구광역시,27,23,73,5,96,122,21,163,22,516,91,149
20220427,서울특별시,11,도봉구,11320,인천광역시,28,46,143,19,129,139,43,193,39,777,158,154
20220427,서울특별시,11,도봉구,11320,광주광역시,29,15,62,4,70,82,13,64,15,323,74,89
20220427,서울특별시,11,도봉구,11320,대전광역시,30,18,53,4,53,77,18,82,14,365,90,79
20220427,서울특별시,11,도봉구,11320,울산광역시,31,14,27,4,47,46,20,62,14,259,51,58
20220427,서울특별시,11,도봉구,11320,세종특별자치시,36,5,18,0,16,25,4,25,4,112,27,23
20220427,서울특별시,11,도봉구,11320,경기도,41,203,669,79,608,790,221,881,177,3936,915,737
20220427,서울특별시,11,노원구,11350,서울특별시,11,88,561,113,297,940,130,532,313,1362,292,164
20220427,서울특별시,11,노원구,11350,부산광역시,26,33,111,20,65,242,32,163,74,331,89,35
20220427,서울특별시,11,노원구,11350,대구광역시,27,28,88,6,33,176,32,109,50,264,47,13
20220427,서울특별시,11,노원구,11350,인천광역시,28,35,110,21,78,241,34,167,99,376,84,41
20220427,서울특별시,11,노원구,11350,광주광역시,29,23,46,4,25,105,16,58,51,172,37,19
20220427,서울특별시,11,노원구,11350,대전광역시,30,18,55,7,45,139,17,75,46,195,31,12
20220427,서울특별시,11,노원구,11350,울산광역시,31,17,58,6,20,76,19,65,31,154,18,11
20220427,서울특별시,11,노원구,11350,세종특별자치시,36,6,9,6,13,26,9,33,20,47,8,3
20220427,서울특별시,11,노원구,11350,경기도,41,182,723,121,418,1265,265,740,538,2328,437,215
20220427,서울특별시,11,노원구,11350,강원도,42,23,55,4,33,148,33,94,57,166,32,29
20220427,서울특별시,11,노원구,11350,충청북도,43,16,59,9,32,130,30,92,53,190,42,18
20220427,서울특별시,11,노원구,11350,충청남도,44,27,91,12,60,184,26,159,66,263,58,19
20220427,서울특별시,11,노원구,11350,전라북도,45,17,60,8,47,149,18,76,45,221,41,24
20220427,서울특별시,11,노원구,11350,전라남도,46,23,61,8,26,116,25,74,53,209,37,16
20220427,서울특별시,11,노원구,11350,경상북도,47,51,105,13,46,175,36,109,64,235,52,30
20220427,서울특별시,11,노원구,11350,경상남도,48,26,122,11,66,262,38,185,91,339,71,38
20220427,서울특별시,11,노원구,11350,제주특별자치도,50,5,11,0,5,29,6,4,9,46,9,0
20220427,서울특별시,11,도봉구,11320,강원도,42,25,73,5,75,104,23,98,24,371,104,57
20220427,서울특별시,11,도봉구,11320,충청북도,43,16,58,5,72,90,20,89,19,367,98,73
20220427,서울특별시,11,강북구,11305,경기도,41,83,690,82,318,490,56,99,162,2560,978,152
20220427,서울특별시,11,강북구,11305,세종특별자치시,36,0,14,5,7,11,0,5,0,57,22,3
20220427,서울특별시,11,강북구,11305,울산광역시,31,4,33,3,16,33,3,3,11,163,52,11
20220427,서울특별시,11,강북구,11305,대전광역시,30,0,64,10,31,50,7,13,17,239,85,11
20220427,서울특별시,11,강북구,11305,광주광역시,29,9,68,11,31,49,8,7,14,251,93,12
20220427,서울특별시,11,강북구,11305,인천광역시,28,17,156,16,53,89,14,14,35,442,192,31
20220427,서울특별시,11,강북구,11305,대구광역시,27,11,85,24,41,67,5,11,34,377,146,8
20220427,서울특별시,11,강북구,11305,부산광역시,26,16,144,23,60,89,9,23,35,456,158,34
20220427,서울특별시,11,강북구,11305,서울특별시,11,72,577,76,228,361,44,88,92,1658,575,116
20220428,서울특별시,11,구로구,11530,전라남도,46,16,120,16,65,129,41,80,16,324,53,53
20220428,서울특별시,11,구로구,11530,경상북도,47,31,198,21,134,193,56,147,36,435,81,83
20220428,서울특별시,11,구로구,11530,경상남도,48,35,243,36,163,259,64,216,45,571,97,112
20220428,서울특별시,11,구로구,11530,제주특별자치도,50,3,48,5,29,28,19,43,6,78,23,13
20220428,서울특별시,11,구로구,11530,충청북도,43,19,164,21,100,145,40,103,30,332,56,68
20220428,서울특별시,11,노원구,11350,경기도,41,212,635,107,361,1194,230,723,542,2068,372,185
20220428,서울특별시,11,은평구,11380,제주특별자치도,50,0,35,8,4,21,10,9,3,19,15,18
20220428,서울특별시,11,은평구,11380,경상남도,48,28,69,13,45,187,74,123,27,136,165,183
20220428,서울특별시,11,은평구,11380,경상북도,47,28,62,8,28,141,55,99,25,113,158,144
20220428,서울특별시,11,은평구,11380,전라남도,46,10,31,7,23,99,38,69,11,75,97,101
20220428,서울특별시,11,은평구,11380,전라북도,45,20,48,5,31,92,31,57,8,86,88,103
20220428,서울특별시,11,은평구,11380,충청남도,44,36,67,20,42,144,33,103,18,103,103,117
20220428,서울특별시,11,은평구,11380,충청북도,43,20,43,8,27,113,29,76,21,105,94,100
20220428,서울특별시,11,은평구,11380,강원도,42,18,35,12,34,92,40,57,16,69,94,92
20220428,서울특별시,11,은평구,11380,경기도,41,174,526,118,275,983,306,779,99,1258,839,886
20220428,서울특별시,11,은평구,11380,세종특별자치시,36,3,4,3,7,11,9,20,3,22,16,24
20220428,서울특별시,11,은평구,11380,울산광역시,31,7,25,0,16,52,18,38,8,39,57,72
20220428,서울특별시,11,은평구,11380,대전광역시,30,19,42,10,37,83,30,74,10,57,78,75
20220428,서울특별시,11,은평구,11380,광주광역시,29,24,54,4,29,83,34,64,9,63,71,76
20220428,서울특별시,11,은평구,11380,인천광역시,28,54,98,15,66,169,47,121,45,167,149,162
20220428,서울특별시,11,은평구,11380,대구광역시,27,30,63,11,36,132,64,94,14,110,91,136
20220428,서울특별시,11,은평구,11380,부산광역시,26,28,91,24,54,177,52,160,20,153,194,195
20220428,서울특별시,11,은평구,11380,서울특별시,11,143,443,87,211,626,174,515,69,635,484,588
20220428,서울특별시,11,노원구,11350,강원도,42,27,54,7,39,105,42,67,54,132,33,22
20220428,서울특별시,11,노원구,11350,충청북도,43,26,61,3,35,134,22,99,59,179,44,25
20220428,서울특별시,11,노원구,11350,충청남도,44,21,90,13,63,162,28,163,95,215,51,34
20220428,서울특별시,11,노원구,11350,전라북도,45,13,58,6,24,116,18,67,40,185,24,21
20220428,서울특별시,11,노원구,11350,전라남도,46,21,63,4,23,135,24,63,61,154,21,19
20220428,서울특별시,11,노원구,11350,경상북도,47,33,77,7,53,189,23,93,97,192,48,37
20220428,서울특별시,11,노원구,11350,경상남도,48,22,140,9,39,270,38,134,107,275,57,39
20220428,서울특별시,11,노원구,11350,제주특별자치도,50,6,17,0,13,23,6,9,18,32,7,3
20220428,서울특별시,11,구로구,11530,충청남도,44,23,225,34,157,182,64,159,43,467,82,72
20220428,서울특별시,11,광진구,11215,서울특별시,11,118,922,227,644,1068,216,447,172,2173,949,507
20220428,서울특별시,11,광진구,11215,부산광역시,26,33,189,37,154,332,68,128,64,563,255,140
20220428,서울특별시,11,광진구,11215,대구광역시,27,24,140,29,118,229,45,71,45,406,181,115
20220428,서울특별시,11,서대문구,11410,부산광역시,26,3,129,41,43,131,11,169,118,270,59,89
20220428,서울특별시,11,서대문구,11410,대구광역시,27,5,106,26,45,90,6,82,88,197,43,56
20220428,서울특별시,11,도봉구,11320,제주특별자치도,50,3,14,0,10,45,9,18,10,66,12,14
20220428,서울특별시,11,서대문구,11410,인천광역시,28,7,140,47,40,94,17,106,100,241,72,51
20220428,서울특별시,11,구로구,11530,강원도,42,19,143,21,92,140,40,108,11,345,57,64
20220428,서울특별시,11,구로구,11530,경기도,41,189,1725,252,859,1415,341,1149,217,3658,616,566
20220428,서울특별시,11,구로구,11530,세종특별자치시,36,4,47,3,22,43,13,23,8,80,14,12
20220428,서울특별시,11,구로구,11530,울산광역시,31,16,94,5,58,88,24,71,13,190,34,34
20220428,서울특별시,11,구로구,11530,대전광역시,30,21,164,21,94,117,27,95,22,292,53,56
20220428,서울특별시,11,구로구,11530,광주광역시,29,15,130,19,74,125,28,98,24,324,48,39
20220428,서울특별시,11,구로구,11530,인천광역시,28,37,337,50,165,264,57,193,51,726,114,112
20220428,서울특별시,11,구로구,11530,대구광역시,27,19,223,31,120,191,56,147,36,481,90,83
20220428,서울특별시,11,구로구,11530,부산광역시,26,18,303,37,154,295,53,213,51,602,129,123
20220428,서울특별시,11,구로구,11530,서울특별시,11,121,1339,300,611,931,166,864,134,2337,462,422
20220428,서울특별시,11,서대문구,11410,광주광역시,29,0,62,18,12,42,11,28,54,126,33,17
20220428,서울특별시,11,서대문구,11410,대전광역시,30,0,88,44,21,54,6,50,46,129,34,22
20220428,서울특별시,11,서대문구,11410,울산광역시,31,0,51,14,19,36,4,34,50,79,16,13
20220428,서울특별시,11,서대문구,11410,세종특별자치시,36,0,28,3,3,11,0,13,29,35,9,7
20220428,서울특별시,11,서대문구,11410,경기도,41,44,828,211,212,617,83,463,588,1726,409,410
20220428,서울특별시,11,중구,11140,제주특별자치도,50,16,48,19,8,102,10,22,8,193,47,9
20220428,서울특별시,11,중구,11140,경상남도,48,63,332,141,65,338,55,145,79,1083,245,50
20220428,서울특별시,11,중구,11140,경상북도,47,56,295,66,60,260,41,136,36,785,219,21
20220428,서울특별시,11,중구,11140,전라남도,46,28,177,58,77,199,31,80,22,565,117,14
20220428,서울특별시,11,중구,11140,전라북도,45,38,164,79,45,166,34,101,43,587,134,33
20220428,서울특별시,11,중구,11140,충청남도,44,54,278,81,51,266,43,115,52,812,157,38
20220428,서울특별시,11,중구,11140,충청북도,43,31,200,67,43,178,37,85,44,646,149,27
20220428,서울특별시,11,금천구,11545,서울특별시,11,486,1241,451,1265,1574,671,1337,642,4710,2093,1868
20220428,서울특별시,11,금천구,11545,부산광역시,26,125,340,409,284,433,203,346,172,1178,470,486
20220428,서울특별시,11,금천구,11545,대구광역시,27,96,193,266,244,278,155,260,123,974,418,330
20220428,서울특별시,11,금천구,11545,인천광역시,28,130,324,152,270,392,168,320,158,1303,617,371
20220428,서울특별시,11,금천구,11545,광주광역시,29,79,127,94,132,172,92,148,82,808,272,221
20220428,서울특별시,11,금천구,11545,대전광역시,30,77,124,138,156,232,69,178,105,646,275,209
20220428,서울특별시,11,금천구,11545,울산광역시,31,40,104,63,76,125,66,104,71,515,188,143
20220428,서울특별시,11,금천구,11545,세종특별자치시,36,20,62,219,43,60,27,35,56,236,83,58
20220428,서울특별시,11,금천구,11545,경기도,41,649,1540,708,1656,1988,925,1538,850,6436,2852,2200
20220428,서울특별시,11,금천구,11545,강원도,42,105,133,221,149,233,109,152,91,656,321,189
20220428,서울특별시,11,금천구,11545,충청북도,43,59,130,203,161,208,108,176,94,711,333,197
20220428,서울특별시,11,서대문구,11410,강원도,42,3,63,38,48,66,6,94,63,127,25,77
20220428,서울특별시,11,노원구,11350,서울특별시,11,121,547,115,323,828,124,545,273,1228,264,134
20220428,서울특별시,11,노원구,11350,부산광역시,26,43,102,15,52,251,40,180,65,257,89,45
20220428,서울특별시,11,노원구,11350,대구광역시,27,27,74,18,27,145,23,85,57,205,46,26
20220428,서울특별시,11,노원구,11350,인천광역시,28,45,95,11,55,298,41,133,109,284,66,38
20220428,서울특별시,11,노원구,11350,광주광역시,29,20,47,6,26,99,17,54,51,164,26,17
20220428,서울특별시,11,노원구,11350,대전광역시,30,27,41,6,28,98,17,60,50,131,28,15
20220428,서울특별시,11,노원구,11350,울산광역시,31,13,47,0,11,61,13,28,26,99,21,12
20220428,서울특별시,11,강남구,11680,경상남도,48,86,484,176,152,402,26,587,77,2034,373,271
20220428,서울특별시,11,강남구,11680,경상북도,47,57,369,144,136,323,24,471,73,1713,305,206
20220428,서울특별시,11,강남구,11680,전라남도,46,33,191,120,76,205,19,349,35,1122,177,103
20220428,서울특별시,11,강남구,11680,전라북도,45,34,234,149,73,173,10,303,45,1315,206,153
20220428,서울특별시,11,강남구,11680,충청남도,44,44,301,164,127,272,25,413,62,1666,277,191
20220428,서울특별시,11,강남구,11680,충청북도,43,54,238,115,75,238,14,310,48,1261,190,140
20220428,서울특별시,11,강남구,11680,강원도,42,31,276,120,107,190,15,341,32,1160,225,105
20220428,서울특별시,11,강남구,11680,경기도,41,406,3029,941,889,2524,245,2928,441,12072,2320,1535
20220428,서울특별시,11,강남구,11680,세종특별자치시,36,11,62,30,22,51,6,73,10,303,59,43
20220428,서울특별시,11,금천구,11545,충청남도,44,76,215,167,221,272,106,211,143,948,460,235
20220428,서울특별시,11,금천구,11545,전라북도,45,75,157,143,126,208,81,177,94,711,292,196
20220428,서울특별시,11,금천구,11545,전라남도,46,77,192,227,130,188,133,151,85,671,278,186
20220428,서울특별시,11,금천구,11545,경상북도,47,97,242,461,227,307,148,264,125,939,393,285
20220428,서울특별시,11,금천구,11545,경상남도,48,122,278,375,327,394,216,320,174,1298,535,368
20220428,서울특별시,11,금천구,11545,제주특별자치도,50,16,45,43,43,42,35,60,25,193,123,56
20220428,서울특별시,11,성동구,11200,제주특별자치도,50,18,169,23,21,41,4,25,4,158,167,8
20220428,서울특별시,11,중구,11140,강원도,42,44,204,76,32,219,35,86,22,586,141,27
20220428,서울특별시,11,중구,11140,경기도,41,443,2148,604,436,2069,291,1095,298,5875,1303,283
20220428,서울특별시,11,중구,11140,세종특별자치시,36,15,43,38,9,49,14,23,10,184,34,4
20220428,서울특별시,11,강서구,11500,제주특별자치도,50,23,69,19,28,71,13,52,13,103,31,65
20220428,서울특별시,11,강서구,11500,경상남도,48,85,485,115,275,603,144,840,76,1052,322,488
20220428,서울특별시,11,강서구,11500,경상북도,47,40,314,59,207,461,139,575,89,970,273,413
20220428,서울특별시,11,강서구,11500,전라남도,46,36,196,45,145,343,108,363,53,792,191,295
20220428,서울특별시,11,강서구,11500,전라북도,45,37,220,49,137,322,62,377,54,550,158,307
20220428,서울특별시,11,강서구,11500,충청남도,44,47,379,77,186,436,136,472,73,806,234,362
20220428,서울특별시,11,강서구,11500,충청북도,43,25,259,66,142,321,98,390,58,856,181,309
20220428,서울특별시,11,중구,11140,울산광역시,31,16,120,33,20,121,25,69,26,381,89,15
20220428,서울특별시,11,중구,11140,대전광역시,30,44,160,43,42,172,29,99,41,622,143,32
20220428,서울특별시,11,중구,11140,광주광역시,29,38,206,71,39,190,24,79,46,686,129,23
20220428,서울특별시,11,중구,11140,인천광역시,28,103,406,131,87,362,58,216,61,1170,309,56
20220428,서울특별시,11,중구,11140,대구광역시,27,51,270,94,46,240,46,103,54,926,232,44
20220428,서울특별시,11,중구,11140,부산광역시,26,65,390,142,87,363,65,155,73,1296,303,63
20220428,서울특별시,11,중구,11140,서울특별시,11,337,1954,714,288,1983,166,916,204,5046,1161,275
20220428,서울특별시,11,동대문구,11230,제주특별자치도,50,8,43,5,4,39,3,28,6,135,25,6
20220428,서울특별시,11,동대문구,11230,경상남도,48,58,290,27,77,387,27,350,69,866,141,69
20220428,서울특별시,11,동대문구,11230,경상북도,47,52,224,37,82,320,16,259,46,668,126,69
20220428,서울특별시,11,동대문구,11230,전라남도,46,24,163,13,38,191,14,161,24,441,69,58
20220428,서울특별시,11,동대문구,11230,전라북도,45,24,154,16,61,192,23,178,26,471,96,43
20220428,서울특별시,11,동대문구,11230,충청남도,44,51,206,30,67,319,17,231,47,631,107,72
20220428,서울특별시,11,동대문구,11230,충청북도,43,24,144,21,38,248,13,160,32,479,67,51
20220428,서울특별시,11,동대문구,11230,강원도,42,41,156,25,44,194,16,185,17,401,82,38
20220428,서울특별시,11,동대문구,11230,경기도,41,356,1523,195,426,1912,160,1578,274,5098,958,487
20220428,서울특별시,11,동대문구,11230,세종특별자치시,36,12,44,5,10,59,4,43,11,154,25,6
20220428,서울특별시,11,강서구,11500,강원도,42,46,236,42,136,311,118,386,58,974,181,317
20220428,서울특별시,11,강서구,11500,경기도,41,332,2383,687,1353,2715,660,2828,479,4493,1682,2319
20220428,서울특별시,11,강서구,11500,세종특별자치시,36,11,54,26,35,66,21,83,28,138,51,85
20220428,서울특별시,11,강서구,11500,울산광역시,31,19,116,22,88,173,30,222,43,245,119,121
20220428,서울특별시,11,강서구,11500,대전광역시,30,21,256,56,132,260,50,225,43,363,139,213
20220428,서울특별시,11,강서구,11500,광주광역시,29,42,218,65,139,355,31,363,58,355,185,236
20220428,서울특별시,11,강서구,11500,인천광역시,28,83,455,103,263,589,95,538,120,717,279,427
20220428,서울특별시,11,강서구,11500,대구광역시,27,58,291,76,166,355,69,369,62,521,224,295
20220428,서울특별시,11,강서구,11500,부산광역시,26,65,423,119,264,528,122,603,81,696,307,456
20220428,서울특별시,11,강서구,11500,서울특별시,11,257,1700,557,1047,1900,347,1775,318,2529,1048,1699
20220428,서울특별시,11,도봉구,11320,경상남도,48,43,153,6,124,186,40,173,47,651,172,118
20220428,서울특별시,11,성북구,11290,제주특별자치도,50,5,55,28,9,55,6,27,26,285,62,16
20220428,서울특별시,11,성북구,11290,경상남도,48,66,476,80,124,465,61,335,243,1754,455,96
20220428,서울특별시,11,성북구,11290,경상북도,47,44,338,73,83,328,32,241,147,1301,346,89
20220428,서울특별시,11,성북구,11290,전라남도,46,39,217,54,70,207,29,149,104,839,238,50
20220428,서울특별시,11,성북구,11290,전라북도,45,35,229,74,48,205,24,139,115,959,257,53
20220428,서울특별시,11,성북구,11290,충청남도,44,58,275,51,88,319,30,193,151,1200,307,71
20220428,서울특별시,11,도봉구,11320,경상북도,47,49,82,12,114,136,34,137,22,407,123,96
20220428,서울특별시,11,도봉구,11320,전라남도,46,21,81,5,65,82,22,94,18,308,85,64
20220428,서울특별시,11,관악구,11620,서울특별시,11,78,708,410,228,401,59,229,35,734,504,673
20220428,서울특별시,11,관악구,11620,부산광역시,26,19,118,61,60,155,27,43,14,182,176,192
20220428,서울특별시,11,관악구,11620,대구광역시,27,19,78,43,30,70,15,26,14,118,107,129
20220428,서울특별시,11,관악구,11620,인천광역시,28,31,119,62,50,126,21,54,21,208,182,176
20220428,서울특별시,11,종로구,11110,제주특별자치도,50,6,51,15,4,25,3,20,13,121,51,4
20220428,서울특별시,11,용산구,11170,제주특별자치도,50,3,51,4,185,20,6,12,0,39,17,25
20220428,서울특별시,11,용산구,11170,경상남도,48,22,324,36,1139,119,35,120,31,179,78,179
20220428,서울특별시,11,용산구,11170,경상북도,47,21,229,30,969,120,39,112,20,145,69,135
20220428,서울특별시,11,용산구,11170,전라남도,46,12,119,22,659,85,20,68,17,78,31,76
20220428,서울특별시,11,용산구,11170,전라북도,45,11,150,18,634,79,16,61,10,100,46,77
20220428,서울특별시,11,용산구,11170,충청남도,44,21,179,39,932,105,27,85,22,103,55,123
20220428,서울특별시,11,용산구,11170,충청북도,43,15,146,32,726,68,20,61,15,105,47,86
20220428,서울특별시,11,용산구,11170,강원도,42,16,148,34,630,74,16,58,17,84,44,63
20220428,서울특별시,11,용산구,11170,경기도,41,117,1658,378,7372,936,351,628,175,1438,598,902
20220428,서울특별시,11,용산구,11170,세종특별자치시,36,5,36,11,187,22,8,13,4,32,11,26
20220428,서울특별시,11,용산구,11170,울산광역시,31,0,94,11,364,47,10,40,13,73,34,55
20220428,서울특별시,11,용산구,11170,대전광역시,30,16,127,31,772,84,37,56,17,98,67,81
20220428,서울특별시,11,용산구,11170,광주광역시,29,8,146,15,539,66,25,58,27,102,58,86
20220428,서울특별시,11,용산구,11170,인천광역시,28,19,348,70,1305,154,56,124,32,234,110,173
20220428,서울특별시,11,용산구,11170,대구광역시,27,13,227,28,924,103,47,105,24,172,65,110
20220428,서울특별시,11,용산구,11170,부산광역시,26,28,287,39,1335,183,51,150,33,209,125,185
20220428,서울특별시,11,용산구,11170,서울특별시,11,108,1390,722,5992,775,212,459,103,1250,541,699
20220428,서울특별시,11,종로구,11110,경상남도,48,64,260,35,63,195,15,192,56,764,280,37
20220428,서울특별시,11,종로구,11110,경상북도,47,38,215,38,65,131,13,101,32,639,202,62
20220428,서울특별시,11,종로구,11110,전라남도,46,26,114,30,47,88,13,108,28,392,151,35
20220428,서울특별시,11,종로구,11110,전라북도,45,19,123,41,40,77,8,80,37,446,154,34
20220428,서울특별시,11,종로구,11110,충청남도,44,44,178,35,47,115,21,84,36,525,208,39
20220428,서울특별시,11,종로구,11110,충청북도,43,27,122,25,46,103,6,67,23,437,168,26
20220428,서울특별시,11,종로구,11110,강원도,42,19,152,25,23,88,19,51,43,376,149,29
20220428,서울특별시,11,중랑구,11260,서울특별시,11,391,2144,188,611,1076,300,952,272,1872,864,440
20220428,서울특별시,11,중랑구,11260,부산광역시,26,96,470,55,157,300,88,259,58,509,205,116
20220428,서울특별시,11,중랑구,11260,대구광역시,27,62,326,34,125,211,70,150,55,352,154,90
20220428,서울특별시,11,중랑구,11260,인천광역시,28,101,575,39,145,368,75,224,80,537,204,158
20220428,서울특별시,11,중랑구,11260,광주광역시,29,61,174,25,63,168,51,94,26,290,100,65
20220428,서울특별시,11,중랑구,11260,대전광역시,30,38,283,15,67,173,42,133,44,262,94,47
20220428,서울특별시,11,중랑구,11260,울산광역시,31,31,127,11,35,111,35,99,30,160,60,32
20220428,서울특별시,11,중랑구,11260,세종특별자치시,36,14,51,10,15,45,11,36,23,71,15,17
20220428,서울특별시,11,중랑구,11260,경기도,41,472,2354,233,724,1724,486,1035,427,2879,1000,613
20220428,서울특별시,11,중랑구,11260,강원도,42,48,272,23,77,185,59,102,30,226,123,50
20220428,서울특별시,11,중랑구,11260,충청북도,43,60,231,27,99,177,48,151,36,297,116,38
20220428,서울특별시,11,중랑구,11260,충청남도,44,62,268,33,90,237,62,172,47,334,119,66
20220428,서울특별시,11,중랑구,11260,전라북도,45,48,220,24,81,153,50,153,42,261,98,57
20220428,서울특별시,11,중랑구,11260,전라남도,46,51,188,29,70,169,56,109,29,234,98,56
20220428,서울특별시,11,중랑구,11260,경상북도,47,57,291,28,99,244,86,170,59,376,130,100
20220428,서울특별시,11,중랑구,11260,경상남도,48,81,428,48,148,381,102,246,63,506,149,111
20220428,서울특별시,11,중랑구,11260,제주특별자치도,50,28,80,4,19,24,12,20,20,81,33,12
20220428,서울특별시,11,종로구,11110,경기도,41,260,1421,285,383,1023,92,637,253,4235,1499,284
20220428,서울특별시,11,종로구,11110,세종특별자치시,36,10,41,16,6,26,0,21,11,121,40,6
20220428,서울특별시,11,종로구,11110,울산광역시,31,21,77,23,27,71,7,48,17,272,94,16
20220428,서울특별시,11,종로구,11110,대전광역시,30,28,126,41,30,84,7,78,27,389,157,26
20220428,서울특별시,11,종로구,11110,광주광역시,29,25,96,29,37,92,7,103,25,459,155,19
20220428,서울특별시,11,종로구,11110,인천광역시,28,66,284,65,60,188,17,123,33,757,323,51
20220428,서울특별시,11,종로구,11110,대구광역시,27,32,188,43,58,104,12,110,42,578,164,47
20220428,서울특별시,11,종로구,11110,부산광역시,26,52,285,89,79,165,17,362,41,819,275,44
20220428,서울특별시,11,종로구,11110,서울특별시,11,215,1154,725,322,771,61,468,158,2808,992,258
20220428,서울특별시,11,서대문구,11410,서울특별시,11,13,728,200,222,361,58,364,279,1313,333,156
20220428,서울특별시,11,관악구,11620,광주광역시,29,15,61,26,21,53,7,31,12,78,68,84
20220428,서울특별시,11,관악구,11620,대전광역시,30,10,56,31,30,69,14,18,6,90,72,100
20220428,서울특별시,11,관악구,11620,울산광역시,31,10,33,17,15,45,8,12,4,54,45,58
20220428,서울특별시,11,관악구,11620,세종특별자치시,36,3,8,9,3,23,3,10,0,18,19,23
20220428,서울특별시,11,관악구,11620,경기도,41,108,813,312,259,599,151,325,70,1165,868,898
20220428,서울특별시,11,관악구,11620,강원도,42,12,50,18,29,67,10,37,9,68,73,94
20220428,서울특별시,11,관악구,11620,충청북도,43,10,72,26,33,53,11,28,6,90,95,81
20220428,서울특별시,11,관악구,11620,충청남도,44,14,91,27,36,103,15,46,7,105,109,121
20220428,서울특별시,11,관악구,11620,전라북도,45,11,60,34,24,57,9,21,4,106,88,95
20220428,서울특별시,11,관악구,11620,전라남도,46,6,42,17,23,64,7,32,9,92,82,74
20220428,서울특별시,11,관악구,11620,경상북도,47,7,91,36,27,91,12,62,12,105,118,125
20220428,서울특별시,11,강남구,11680,울산광역시,31,27,165,60,29,176,9,194,21,700,154,88
20220428,서울특별시,11,강남구,11680,대전광역시,30,37,300,93,84,197,13,304,65,1282,202,151
20220428,서울특별시,11,강남구,11680,광주광역시,29,44,231,105,68,199,13,278,33,1241,229,144
20220428,서울특별시,11,서초구,11650,제주특별자치도,50,5,62,28,8,50,7,26,5,80,14,11
20220428,서울특별시,11,마포구,11440,제주특별자치도,50,15,73,43,78,102,11,37,5,97,43,15
20220428,서울특별시,11,마포구,11440,경상남도,48,70,326,214,375,730,50,609,54,350,209,87
20220428,서울특별시,11,마포구,11440,경상북도,47,40,214,146,266,491,41,400,46,283,146,71
20220428,서울특별시,11,마포구,11440,전라남도,46,16,159,102,198,374,18,299,22,160,92,50
20220428,서울특별시,11,마포구,11440,전라북도,45,45,185,113,214,409,21,268,24,245,112,52
20220428,서울특별시,11,마포구,11440,충청남도,44,50,243,118,282,584,46,436,41,272,150,59
20220428,서울특별시,11,마포구,11440,충청북도,43,28,181,90,195,329,26,295,30,246,124,36
20220428,서울특별시,11,마포구,11440,강원도,42,40,183,106,199,369,23,273,32,223,102,32
20220428,서울특별시,11,마포구,11440,경기도,41,405,2326,1153,1893,3915,325,2867,327,2679,1271,489
20220428,서울특별시,11,마포구,11440,세종특별자치시,36,11,58,38,56,109,9,67,6,59,25,14
20220428,서울특별시,11,마포구,11440,울산광역시,31,18,90,77,122,269,17,180,23,139,62,35
20220428,서울특별시,11,마포구,11440,대전광역시,30,27,242,114,199,400,12,330,20,243,131,59
20220428,서울특별시,11,마포구,11440,광주광역시,29,39,187,109,170,334,25,272,19,193,106,48
20220428,서울특별시,11,마포구,11440,인천광역시,28,80,405,216,355,755,61,616,56,462,278,96
20220428,서울특별시,11,마포구,11440,대구광역시,27,57,280,158,333,528,41,399,50,355,159,72
20220428,서울특별시,11,마포구,11440,부산광역시,26,67,397,256,368,774,42,680,52,440,246,98
20220428,서울특별시,11,마포구,11440,서울특별시,11,418,2198,1057,1558,2732,184,1994,198,2426,1012,385
20220428,서울특별시,11,강남구,11680,인천광역시,28,71,618,163,159,459,20,557,66,2382,458,290
20220428,서울특별시,11,강남구,11680,대구광역시,27,57,382,130,101,299,21,414,48,1841,320,191
20220428,서울특별시,11,강남구,11680,부산광역시,26,77,606,193,162,401,36,647,82,2482,512,300
20220428,서울특별시,11,강남구,11680,서울특별시,11,303,2853,1005,732,1918,133,2354,302,9050,1807,1705
20220428,서울특별시,11,서대문구,11410,충청북도,43,9,73,49,24,57,5,66,59,162,23,27
20220428,서울특별시,11,서대문구,11410,충청남도,44,0,84,93,24,81,6,117,59,198,37,34
20220428,서울특별시,11,성동구,11200,서울특별시,11,357,4234,332,792,1033,205,797,164,3977,3005,492
20220428,서울특별시,11,성동구,11200,부산광역시,26,94,878,46,174,244,58,218,56,916,877,98
20220428,서울특별시,11,성동구,11200,대구광역시,27,72,567,23,125,205,30,114,36,667,618,80
20220428,서울특별시,11,성동구,11200,인천광역시,28,76,833,47,187,252,40,193,38,908,786,130
20220428,서울특별시,11,성동구,11200,광주광역시,29,38,351,20,75,143,36,73,27,437,363,53
20220428,서울특별시,11,성동구,11200,대전광역시,30,33,362,31,110,160,22,96,33,428,325,52
20220428,서울특별시,11,성동구,11200,울산광역시,31,49,204,12,55,76,12,59,20,278,271,37
20220428,서울특별시,11,성동구,11200,세종특별자치시,36,10,79,13,31,49,6,27,8,125,94,15
20220428,서울특별시,11,성동구,11200,경기도,41,422,4483,321,921,1321,285,925,247,5146,3705,551
20220428,서울특별시,11,서대문구,11410,전라북도,45,0,84,29,24,65,4,56,54,156,26,17
20220428,서울특별시,11,강북구,11305,서울특별시,11,58,602,91,196,333,42,75,75,1392,500,98
20220428,서울특별시,11,강북구,11305,부산광역시,26,17,149,12,59,81,6,18,28,377,145,21
20220428,서울특별시,11,강북구,11305,대구광역시,27,15,84,18,42,87,12,19,27,289,115,21
20220428,서울특별시,11,강북구,11305,인천광역시,28,10,157,27,53,101,9,23,30,461,123,27
20220428,서울특별시,11,강북구,11305,광주광역시,29,7,63,14,22,42,5,6,9,186,74,15
20220428,서울특별시,11,강북구,11305,대전광역시,30,7,51,11,29,44,6,10,14,187,75,10
20220428,서울특별시,11,강북구,11305,울산광역시,31,5,47,0,11,33,3,4,12,143,56,11
20220428,서울특별시,11,강북구,11305,세종특별자치시,36,0,17,9,10,11,3,4,12,54,13,4
20220428,서울특별시,11,강북구,11305,경기도,41,62,795,107,296,462,65,120,138,2261,697,150
20220428,서울특별시,11,강북구,11305,강원도,42,5,77,14,28,63,7,13,20,214,82,7
20220428,서울특별시,11,강북구,11305,충청북도,43,3,79,8,30,29,6,9,17,229,79,10
20220428,서울특별시,11,서초구,11650,경상남도,48,38,248,125,85,309,32,148,26,324,116,100
20220428,서울특별시,11,서초구,11650,경상북도,47,27,198,105,52,247,18,122,17,220,63,88
20220428,서울특별시,11,서초구,11650,전라남도,46,23,120,91,47,164,21,79,22,157,44,62
20220428,서울특별시,11,서초구,11650,전라북도,45,22,137,91,46,149,11,95,16,175,61,50
20220428,서울특별시,11,서초구,11650,충청남도,44,35,205,90,56,402,16,98,30,198,72,85
20220428,서울특별시,11,서초구,11650,충청북도,43,20,159,77,35,166,16,86,16,198,54,52
20220428,서울특별시,11,서초구,11650,강원도,42,25,147,81,39,151,20,74,15,154,46,66
20220428,서울특별시,11,서초구,11650,경기도,41,249,1669,971,458,1937,192,919,205,2407,681,689
20220428,서울특별시,11,서초구,11650,세종특별자치시,36,11,46,25,11,115,9,26,8,35,18,18
20220428,서울특별시,11,송파구,11710,서울특별시,11,105,1265,335,471,992,263,1060,118,2632,717,506
20220428,서울특별시,11,송파구,11710,부산광역시,26,36,227,48,119,520,63,2714,71,640,176,157
20220428,서울특별시,11,송파구,11710,대구광역시,27,43,179,26,108,715,57,7504,111,438,123,302
20220428,서울특별시,11,송파구,11710,인천광역시,28,17,222,74,132,271,54,413,41,717,152,143
20220428,서울특별시,11,송파구,11710,광주광역시,29,17,118,25,70,279,31,2472,49,314,78,124
20220428,서울특별시,11,송파구,11710,대전광역시,30,33,115,39,98,670,63,7322,102,315,104,203
20220428,서울특별시,11,송파구,11710,울산광역시,31,9,81,21,32,138,32,822,23,186,40,52
20220428,서울특별시,11,송파구,11710,세종특별자치시,36,4,37,10,27,243,11,3122,47,80,20,77
20220428,서울특별시,11,송파구,11710,경기도,41,186,1544,366,677,1966,344,8765,309,3908,926,781
20220428,서울특별시,11,송파구,11710,강원도,42,21,125,55,86,379,36,3423,67,305,85,119
20220428,서울특별시,11,송파구,11710,충청북도,43,25,138,35,83,551,50,4950,86,367,102,132
20220428,서울특별시,11,송파구,11710,충청남도,44,23,166,57,107,654,60,6782,111,409,103,214
20220428,서울특별시,11,송파구,11710,전라북도,45,18,92,29,57,324,32,2794,47,363,106,132
20220428,서울특별시,11,송파구,11710,전라남도,46,12,123,49,97,318,38,2769,59,309,81,116
20220428,서울특별시,11,송파구,11710,경상북도,47,30,185,62,118,504,65,4640,96,408,105,198
20220428,서울특별시,11,송파구,11710,경상남도,48,36,245,71,159,684,62,5816,113,647,145,242
20220428,서울특별시,11,송파구,11710,제주특별자치도,50,7,36,12,10,49,7,34,0,127,22,16
20220428,서울특별시,11,서초구,11650,울산광역시,31,10,104,40,25,81,13,60,17,96,32,34
20220428,서울특별시,11,서초구,11650,대전광역시,30,24,150,80,34,176,14,103,20,154,60,53
20220428,서울특별시,11,서초구,11650,광주광역시,29,20,159,86,35,160,15,71,12,181,69,50
20220428,서울특별시,11,서초구,11650,인천광역시,28,44,319,157,97,362,17,164,38,313,118,122
20220428,서울특별시,11,서초구,11650,대구광역시,27,33,239,107,61,237,21,114,21,265,71,93
20220428,서울특별시,11,서초구,11650,부산광역시,26,54,325,172,79,276,30,183,29,319,121,99
20220428,서울특별시,11,서초구,11650,서울특별시,11,256,1630,716,485,1612,160,1199,125,1668,516,573
20220428,서울특별시,11,양천구,11470,제주특별자치도,50,0,20,6,6,17,4,25,7,15,13,6
20220428,서울특별시,11,양천구,11470,경상남도,48,20,217,14,55,201,30,184,28,105,81,62
20220428,서울특별시,11,양천구,11470,경상북도,47,10,189,20,53,138,20,136,14,101,62,56
20220428,서울특별시,11,양천구,11470,전라남도,46,18,104,8,32,100,11,80,12,40,49,38
20220428,서울특별시,11,양천구,11470,전라북도,45,4,111,9,36,80,12,95,13,74,47,35
20220428,서울특별시,11,양천구,11470,충청남도,44,17,176,24,78,142,23,114,27,89,82,38
20220428,서울특별시,11,양천구,11470,충청북도,43,9,122,9,22,93,15,91,17,96,47,40
20220428,서울특별시,11,양천구,11470,강원도,42,9,128,5,33,102,11,67,13,55,59,37
20220428,서울특별시,11,강동구,11740,제주특별자치도,50,6,51,5,9,31,9,28,4,22,21,5
20220428,서울특별시,11,강동구,11740,경상남도,48,70,234,50,79,201,37,210,31,205,73,44
20220428,서울특별시,11,강동구,11740,경상북도,47,48,173,39,55,169,39,168,26,165,68,26
20220428,서울특별시,11,강동구,11740,전라남도,46,33,91,26,36,112,17,140,20,92,40,18
20220428,서울특별시,11,강동구,11740,전라북도,45,35,106,17,55,108,23,109,17,138,52,14
20220428,서울특별시,11,강동구,11740,충청남도,44,40,162,30,76,186,35,156,16,164,56,39
20220428,서울특별시,11,강동구,11740,충청북도,43,32,110,21,35,132,19,125,10,142,41,33
20220428,서울특별시,11,강동구,11740,강원도,42,33,126,28,44,115,28,148,12,114,32,29
20220428,서울특별시,11,강동구,11740,경기도,41,313,1311,328,489,1108,213,1187,138,1740,553,294
20220428,서울특별시,11,양천구,11470,경기도,41,98,1286,150,341,934,144,690,181,1211,556,364
20220428,서울특별시,11,양천구,11470,세종특별자치시,36,0,34,5,11,23,0,20,6,29,8,4
20220428,서울특별시,11,강동구,11740,서울특별시,11,247,1113,239,349,893,147,999,96,1217,445,256
20220428,서울특별시,11,강동구,11740,부산광역시,26,67,269,64,96,219,46,219,23,268,127,62
20220428,서울특별시,11,강동구,11740,대구광역시,27,57,186,42,58,172,32,171,17,227,59,32
20220428,서울특별시,11,강동구,11740,인천광역시,28,70,247,59,87,224,42,253,43,280,96,71
20220428,서울특별시,11,강동구,11740,광주광역시,29,28,117,37,30,96,15,100,14,140,32,22
20220428,서울특별시,11,강동구,11740,대전광역시,30,23,95,20,40,95,16,115,13,118,38,18
20220428,서울특별시,11,강동구,11740,울산광역시,31,10,77,21,23,55,15,68,17,89,22,17
20220428,서울특별시,11,강동구,11740,세종특별자치시,36,7,44,8,9,29,3,33,0,31,6,12
20220428,서울특별시,11,양천구,11470,서울특별시,11,66,896,128,288,602,87,575,111,699,382,263
20220428,서울특별시,11,양천구,11470,부산광역시,26,21,252,30,79,168,23,153,26,146,103,77
20220428,서울특별시,11,양천구,11470,대구광역시,27,17,153,18,59,127,14,112,18,97,66,39
20220428,서울특별시,11,양천구,11470,인천광역시,28,18,258,28,80,195,18,145,41,157,96,64
20220428,서울특별시,11,양천구,11470,광주광역시,29,9,102,14,39,91,13,55,11,58,45,29
20220428,서울특별시,11,양천구,11470,대전광역시,30,6,94,9,30,76,14,59,6,62,55,26
20220428,서울특별시,11,양천구,11470,울산광역시,31,13,80,7,13,63,9,42,7,34,27,22
20220428,서울특별시,11,강북구,11305,충청남도,44,15,97,8,40,62,7,18,21,328,104,17
20220428,서울특별시,11,강북구,11305,전라북도,45,6,78,12,37,40,6,7,16,230,70,12
20220428,서울특별시,11,강북구,11305,전라남도,46,7,75,13,29,43,7,15,20,216,88,7
20220428,서울특별시,11,강북구,11305,경상북도,47,8,133,13,40,71,14,11,28,323,119,12
20220428,서울특별시,11,성북구,11290,충청북도,43,40,251,67,62,216,19,165,79,999,253,59
20220428,서울특별시,11,성북구,11290,강원도,42,44,222,62,53,225,30,154,100,929,263,53
20220428,서울특별시,11,성북구,11290,경기도,41,437,2385,361,586,2209,250,1542,1060,9359,2403,544
20220428,서울특별시,11,성북구,11290,세종특별자치시,36,8,60,9,21,59,9,23,47,221,72,20
20220428,서울특별시,11,성북구,11290,울산광역시,31,18,136,18,29,112,15,100,71,554,133,32
20220428,서울특별시,11,성북구,11290,대전광역시,30,32,215,53,53,194,23,139,90,931,219,50
20220428,서울특별시,11,성북구,11290,광주광역시,29,26,209,87,52,217,25,153,100,980,247,54
20220428,서울특별시,11,성북구,11290,인천광역시,28,84,417,80,125,445,47,279,196,1967,492,113
20220428,서울특별시,11,성북구,11290,대구광역시,27,52,351,78,78,288,38,218,157,1339,348,82
20220428,서울특별시,11,성북구,11290,부산광역시,26,71,456,81,121,432,54,347,194,1798,513,109
20220428,서울특별시,11,성북구,11290,서울특별시,11,276,1906,363,460,1369,175,1176,664,6528,1926,671
20220428,서울특별시,11,관악구,11620,경상남도,48,43,122,51,64,117,22,61,24,142,165,187
20220428,서울특별시,11,관악구,11620,제주특별자치도,50,0,23,3,10,18,0,33,3,16,17,14
20220428,서울특별시,11,도봉구,11320,전라북도,45,19,63,5,49,80,16,85,20,352,70,75
20220428,서울특별시,11,도봉구,11320,충청남도,44,26,78,7,106,114,33,105,28,448,122,91
20220428,서울특별시,11,도봉구,11320,충청북도,43,18,62,0,49,112,22,99,13,349,78,65
20220428,서울특별시,11,도봉구,11320,강원도,42,25,60,3,67,102,24,90,16,316,69,45
20220428,서울특별시,11,도봉구,11320,경기도,41,221,699,68,647,743,225,836,212,3634,761,619
20220428,서울특별시,11,도봉구,11320,세종특별자치시,36,7,12,0,18,20,5,26,7,79,25,17
20220428,서울특별시,11,도봉구,11320,울산광역시,31,8,31,0,27,53,16,61,4,201,47,45
20220428,서울특별시,11,도봉구,11320,대전광역시,30,16,56,5,46,177,19,87,13,302,64,74
20220428,서울특별시,11,도봉구,11320,광주광역시,29,15,41,3,52,120,20,90,19,283,62,80
20220428,서울특별시,11,도봉구,11320,인천광역시,28,48,134,24,109,177,38,177,33,697,151,142
20220428,서울특별시,11,도봉구,11320,대구광역시,27,21,94,6,74,197,31,143,33,469,88,104
20220428,서울특별시,11,도봉구,11320,부산광역시,26,28,108,8,113,233,42,210,27,620,128,150
20220428,서울특별시,11,도봉구,11320,서울특별시,11,116,462,55,435,552,139,578,77,2316,443,439
20220428,서울특별시,11,강남구,11680,제주특별자치도,50,13,105,75,17,62,4,114,8,284,57,37
20220428,서울특별시,11,동대문구,11230,울산광역시,31,17,93,12,25,133,8,104,18,308,48,21
20220428,서울특별시,11,동대문구,11230,대전광역시,30,31,155,11,33,154,18,155,27,422,71,45
20220428,서울특별시,11,동대문구,11230,광주광역시,29,22,130,15,37,179,11,128,22,457,89,49
20220428,서울특별시,11,동대문구,11230,인천광역시,28,69,309,38,100,433,34,324,39,967,180,119
20220428,서울특별시,11,동대문구,11230,대구광역시,27,52,202,24,66,276,17,224,42,646,118,86
20220428,서울특별시,11,동대문구,11230,부산광역시,26,60,318,32,72,388,33,331,52,883,163,115
20220428,서울특별시,11,동대문구,11230,서울특별시,11,247,1134,124,313,1199,120,1082,143,3546,672,387
20220428,서울특별시,11,강북구,11305,경상남도,48,15,138,24,62,109,15,29,35,379,155,28
20220428,서울특별시,11,성동구,11200,강원도,42,41,362,82,93,138,26,96,26,388,384,48
20220428,서울특별시,11,성동구,11200,충청북도,43,48,370,38,90,149,41,93,31,468,369,53
20220428,서울특별시,11,성동구,11200,충청남도,44,50,530,67,136,168,39,132,38,575,458,74
20220428,서울특별시,11,성동구,11200,전라북도,45,49,351,46,77,141,30,87,29,427,475,55
20220428,서울특별시,11,성동구,11200,전라남도,46,47,299,57,86,110,24,80,24,417,365,53
20220428,서울특별시,11,성동구,11200,경상북도,47,68,441,70,113,201,43,135,46,617,501,87
20220428,서울특별시,11,성동구,11200,경상남도,48,95,628,71,173,286,57,182,59,852,725,106
20220428,서울특별시,11,서대문구,11410,전라남도,46,0,54,18,19,64,4,51,59,128,26,87
20220428,서울특별시,11,서대문구,11410,경상북도,47,4,86,53,25,92,7,71,81,177,43,33
20220428,서울특별시,11,서대문구,11410,경상남도,48,7,124,34,39,107,12,144,106,248,54,89
20220428,서울특별시,11,서대문구,11410,제주특별자치도,50,0,16,9,10,12,0,9,6,35,10,5
20220428,서울특별시,11,강북구,11305,제주특별자치도,50,0,22,6,7,9,0,0,0,56,16,0
20220428,서울특별시,11,광진구,11215,인천광역시,28,30,203,43,179,286,62,83,60,519,263,139
20220428,서울특별시,11,광진구,11215,광주광역시,29,24,112,21,69,160,23,45,28,275,117,62
20220428,서울특별시,11,광진구,11215,대전광역시,30,21,94,17,80,155,26,44,21,248,106,76
20220428,서울특별시,11,광진구,11215,울산광역시,31,8,70,14,55,99,23,39,20,161,75,46
20220428,서울특별시,11,광진구,11215,세종특별자치시,36,6,24,8,23,34,8,14,10,78,34,17
20220428,서울특별시,11,광진구,11215,경기도,41,170,1168,211,883,1594,349,507,346,3058,1275,700
20220428,서울특별시,11,광진구,11215,강원도,42,30,72,25,96,151,42,69,26,272,104,71
20220428,서울특별시,11,광진구,11215,충청북도,43,28,69,27,92,176,35,53,24,273,146,66
20220428,서울특별시,11,광진구,11215,충청남도,44,38,117,23,132,218,45,72,53,374,156,88
20220428,서울특별시,11,광진구,11215,전라북도,45,14,92,12,99,153,21,69,34,290,122,82
20220428,서울특별시,11,광진구,11215,전라남도,46,20,108,15,88,152,22,56,29,241,107,66
20220428,서울특별시,11,광진구,11215,경상북도,47,35,138,18,145,261,46,82,61,389,168,92
20220428,서울특별시,11,영등포구,11560,제주특별자치도,50,5,64,16,30,30,7,47,0,67,26,9
20220428,서울특별시,11,영등포구,11560,경상남도,48,19,357,95,215,280,34,355,60,375,123,135
20220428,서울특별시,11,영등포구,11560,경상북도,47,15,329,141,137,192,33,345,31,224,78,97
20220428,서울특별시,11,영등포구,11560,전라남도,46,11,213,43,110,125,20,209,30,162,65,76
20220428,서울특별시,11,영등포구,11560,전라북도,45,16,231,88,119,131,12,205,21,212,53,91
20220428,서울특별시,11,영등포구,11560,충청남도,44,17,273,85,140,195,63,240,53,282,76,77
20220428,서울특별시,11,동작구,11590,서울특별시,11,126,700,477,239,1037,65,449,92,930,732,372
20220428,서울특별시,11,동작구,11590,부산광역시,26,48,146,111,61,346,19,81,34,199,204,100
20220428,서울특별시,11,동작구,11590,대구광역시,27,22,118,63,36,200,24,56,28,142,160,69
20220428,서울특별시,11,동작구,11590,인천광역시,28,27,150,81,54,295,22,114,35,198,188,116
20220428,서울특별시,11,동작구,11590,광주광역시,29,13,45,42,30,144,9,37,14,99,83,40
20220428,서울특별시,11,동작구,11590,대전광역시,30,23,73,44,34,141,10,51,17,111,100,52
20220428,서울특별시,11,동작구,11590,울산광역시,31,8,36,25,13,87,5,34,15,59,83,36
20220428,서울특별시,11,동작구,11590,세종특별자치시,36,5,27,17,3,42,0,8,9,26,21,20
20220428,서울특별시,11,동작구,11590,경기도,41,192,824,492,353,1582,109,537,190,1441,983,511
20220428,서울특별시,11,동작구,11590,강원도,42,18,99,44,35,174,11,83,30,105,93,61
20220428,서울특별시,11,동작구,11590,충청북도,43,24,67,60,36,173,8,81,14,128,73,60
20220428,서울특별시,11,동작구,11590,충청남도,44,26,88,82,43,196,15,108,21,134,123,59
20220428,서울특별시,11,동작구,11590,전라북도,45,18,72,63,43,141,12,64,16,109,80,71
20220428,서울특별시,11,동작구,11590,전라남도,46,17,81,48,24,171,18,91,22,89,73,39
20220428,서울특별시,11,동작구,11590,경상북도,47,36,101,64,41,245,15,116,37,152,112,72
20220428,서울특별시,11,동작구,11590,경상남도,48,45,149,88,56,294,20,108,32,197,175,97
20220428,서울특별시,11,동작구,11590,제주특별자치도,50,0,21,14,6,37,0,14,3,20,22,9
20220428,서울특별시,11,영등포구,11560,충청북도,43,20,258,41,105,154,42,158,46,199,59,70
20220428,서울특별시,11,영등포구,11560,강원도,42,10,212,77,135,121,9,193,12,205,51,70
20220428,서울특별시,11,영등포구,11560,경기도,41,175,2209,653,1142,1453,287,1840,383,2558,797,713
20220428,서울특별시,11,영등포구,11560,세종특별자치시,36,0,50,13,24,37,4,29,6,59,18,13
20220428,서울특별시,11,영등포구,11560,울산광역시,31,4,144,72,70,83,24,102,36,106,34,37
20220428,서울특별시,11,영등포구,11560,대전광역시,30,12,162,76,105,128,28,163,76,205,55,53
20220428,서울특별시,11,영등포구,11560,광주광역시,29,11,167,64,112,117,17,159,29,179,44,66
20220428,서울특별시,11,영등포구,11560,인천광역시,28,31,461,121,207,268,75,393,96,413,164,191
20220428,서울특별시,11,영등포구,11560,대구광역시,27,22,316,103,162,159,22,243,32,290,66,203
20220428,서울특별시,11,영등포구,11560,부산광역시,26,29,421,100,210,312,42,408,63,429,140,122
20220428,서울특별시,11,영등포구,11560,서울특별시,11,158,1838,738,903,1151,178,1562,186,2093,724,661
20220428,서울특별시,11,노원구,11350,세종특별자치시,36,3,9,0,8,30,13,24,17,44,10,4
20220428,서울특별시,11,광진구,11215,경상남도,48,58,189,36,143,335,68,96,53,490,224,148
20220428,서울특별시,11,광진구,11215,제주특별자치도,50,4,27,7,27,40,9,25,10,80,21,23
20220428,서울특별시,11,구로구,11530,전라북도,45,15,140,25,96,109,26,96,22,347,48,63
20220429,서울특별시,11,마포구,11440,경상북도,47,61,303,95,265,523,41,360,48,299,152,50
20220429,서울특별시,11,성북구,11290,서울특별시,11,281,1800,244,384,1109,135,1008,1276,6389,1949,655
20220429,서울특별시,11,성북구,11290,부산광역시,26,77,525,58,104,338,54,275,439,1644,528,116
20220429,서울특별시,11,성북구,11290,대구광역시,27,64,349,46,81,269,30,200,313,1166,342,102
20220429,서울특별시,11,성북구,11290,인천광역시,28,88,432,44,121,388,43,301,441,1829,522,133
20220429,서울특별시,11,성북구,11290,광주광역시,29,27,242,14,52,187,22,143,156,864,284,60
20220429,서울특별시,11,성북구,11290,대전광역시,30,45,213,18,38,160,22,122,143,852,228,45
20220429,서울특별시,11,성북구,11290,울산광역시,31,22,143,16,44,100,15,103,144,575,147,36
20220429,서울특별시,11,성북구,11290,세종특별자치시,36,10,48,4,10,41,4,44,74,238,66,10
20220429,서울특별시,11,성북구,11290,경기도,41,411,2403,251,518,1873,223,1465,2020,8899,2445,578
20220429,서울특별시,11,성북구,11290,강원도,42,33,218,30,62,183,20,150,171,843,242,61
20220429,서울특별시,11,성북구,11290,충청북도,43,32,270,25,52,207,15,146,164,903,225,71
20220429,서울특별시,11,성북구,11290,충청남도,44,56,319,40,78,266,21,155,191,1137,317,76
20220429,서울특별시,11,성북구,11290,전라북도,45,32,237,29,51,199,21,155,162,861,250,50
20220429,서울특별시,11,성북구,11290,전라남도,46,33,216,21,67,173,13,114,222,796,271,62
20220429,서울특별시,11,성북구,11290,경상북도,47,54,323,27,85,295,38,221,288,1217,385,88
20220429,서울특별시,11,성북구,11290,경상남도,48,62,412,36,140,382,39,268,442,1609,512,149
20220429,서울특별시,11,성북구,11290,제주특별자치도,50,8,76,11,16,51,0,34,40,274,67,17
20220429,서울특별시,11,중랑구,11260,서울특별시,11,134,2106,181,473,1119,711,869,231,2007,934,389
20220429,서울특별시,11,중랑구,11260,부산광역시,26,55,460,43,118,266,200,291,73,556,210,92
20220429,서울특별시,11,중랑구,11260,대구광역시,27,32,325,36,83,218,150,160,59,386,157,72
20220429,서울특별시,11,중랑구,11260,인천광역시,28,41,552,49,133,312,166,213,53,597,234,108
20220429,서울특별시,11,중랑구,11260,광주광역시,29,16,231,20,59,130,129,101,45,276,101,68
20220429,서울특별시,11,중랑구,11260,대전광역시,30,24,260,13,57,143,102,99,48,240,101,50
20220429,서울특별시,11,중랑구,11260,울산광역시,31,22,123,16,63,86,77,77,26,205,68,28
20220429,서울특별시,11,중랑구,11260,세종특별자치시,36,7,46,5,21,34,23,23,19,78,26,14
20220429,서울특별시,11,중랑구,11260,경기도,41,256,2375,275,566,1554,940,1068,347,2902,1005,504
20220429,서울특별시,11,중랑구,11260,강원도,42,22,297,20,50,164,110,230,55,232,101,48
20220429,서울특별시,11,중랑구,11260,충청북도,43,25,232,27,69,147,114,115,50,278,76,53
20220429,서울특별시,11,중랑구,11260,충청남도,44,29,275,27,112,220,126,167,59,381,128,65
20220429,서울특별시,11,중랑구,11260,전라북도,45,24,247,19,67,164,98,93,29,292,101,46
20220429,서울특별시,11,중랑구,11260,전라남도,46,20,153,20,57,173,82,110,38,253,86,46
20220429,서울특별시,11,중랑구,11260,경상북도,47,35,249,34,76,197,147,174,62,360,135,83
20220429,서울특별시,11,중랑구,11260,경상남도,48,57,469,46,109,272,182,253,60,483,176,96
20220429,서울특별시,11,중랑구,11260,제주특별자치도,50,5,56,8,11,47,41,25,6,60,37,11
20220429,서울특별시,11,강남구,11680,서울특별시,11,294,2631,723,636,1892,163,2539,259,7671,1887,1508
20220429,서울특별시,11,강남구,11680,부산광역시,26,69,482,122,145,488,42,787,74,2050,470,255
20220429,서울특별시,11,강남구,11680,대구광역시,27,53,375,99,103,297,35,408,48,1382,320,195
20220429,서울특별시,11,강남구,11680,인천광역시,28,71,477,132,169,403,31,655,85,1932,501,306
20220429,서울특별시,11,강남구,11680,광주광역시,29,41,240,58,62,180,15,280,46,994,251,145
20220429,서울특별시,11,강남구,11680,대전광역시,30,38,231,73,51,176,14,287,30,1009,197,141
20220429,서울특별시,11,강남구,11680,울산광역시,31,16,145,45,48,143,8,219,16,536,160,86
20220429,서울특별시,11,강남구,11680,세종특별자치시,36,5,54,17,14,53,5,82,14,252,68,34
20220429,서울특별시,11,강남구,11680,경기도,41,373,2872,691,822,2224,235,3258,407,9893,2425,1366
20220429,서울특별시,11,강남구,11680,강원도,42,31,218,50,68,202,19,404,26,845,160,128
20220429,서울특별시,11,강남구,11680,충청북도,43,36,240,69,67,192,11,439,35,979,221,119
20220429,서울특별시,11,강남구,11680,충청남도,44,41,302,85,113,277,14,477,58,1228,280,144
20220429,서울특별시,11,강남구,11680,전라북도,45,34,209,59,69,195,14,341,40,928,251,124
20220429,서울특별시,11,강남구,11680,전라남도,46,34,193,35,75,197,19,342,29,807,207,120
20220429,서울특별시,11,강남구,11680,경상북도,47,45,322,76,99,295,23,496,67,1308,298,163
20220429,서울특별시,11,강남구,11680,경상남도,48,50,351,106,172,368,26,696,83,1571,394,255
20220429,서울특별시,11,강남구,11680,제주특별자치도,50,8,89,18,17,61,8,112,8,235,98,40
20220429,서울특별시,11,광진구,11215,강원도,42,15,86,14,80,136,24,43,25,236,134,33
20220429,서울특별시,11,관악구,11620,서울특별시,11,71,512,416,186,372,55,187,36,811,505,583
20220429,서울특별시,11,관악구,11620,부산광역시,26,20,109,65,45,94,20,30,17,167,176,175
20220429,서울특별시,11,관악구,11620,대구광역시,27,16,80,41,32,68,15,25,7,119,104,138
20220429,서울특별시,11,관악구,11620,인천광역시,28,24,127,48,54,95,24,41,15,180,164,193
20220429,서울특별시,11,관악구,11620,광주광역시,29,6,65,29,24,43,4,19,7,88,87,93
20220429,서울특별시,11,관악구,11620,대전광역시,30,6,37,33,23,44,8,25,3,84,75,75
20220429,서울특별시,11,관악구,11620,울산광역시,31,11,36,21,8,31,5,9,7,60,67,66
20220429,서울특별시,11,관악구,11620,세종특별자치시,36,0,20,14,6,17,4,14,4,15,15,16
20220429,서울특별시,11,관악구,11620,경기도,41,115,697,317,243,596,92,263,78,1285,825,760
20220429,서울특별시,11,관악구,11620,강원도,42,13,59,17,21,70,12,28,12,85,80,65
20220429,서울특별시,11,관악구,11620,충청북도,43,6,61,21,23,70,24,24,3,111,82,72
20220429,서울특별시,11,관악구,11620,충청남도,44,17,73,23,33,80,17,33,17,124,116,81
20220429,서울특별시,11,관악구,11620,전라북도,45,11,44,24,21,55,5,19,4,95,81,61
20220429,서울특별시,11,관악구,11620,전라남도,46,4,49,17,16,67,10,30,7,87,90,57
20220429,서울특별시,11,관악구,11620,경상북도,47,18,82,46,35,74,22,25,13,123,135,127
20220429,서울특별시,11,관악구,11620,경상남도,48,11,115,38,37,95,23,36,18,143,152,135
20220429,서울특별시,11,관악구,11620,제주특별자치도,50,0,17,8,4,17,0,10,0,17,17,15
20220429,서울특별시,11,강북구,11305,제주특별자치도,50,0,16,5,9,12,0,3,4,42,15,0
20220429,서울특별시,11,강북구,11305,경상남도,48,18,123,9,44,74,18,10,30,378,106,26
20220429,서울특별시,11,강북구,11305,경상북도,47,16,101,9,40,72,11,15,20,296,80,21
20220429,서울특별시,11,강북구,11305,전라남도,46,7,62,4,34,37,7,7,12,219,63,9
20220429,서울특별시,11,강북구,11305,전라북도,45,6,69,10,23,42,7,13,23,211,65,17
20220429,서울특별시,11,강북구,11305,충청남도,44,7,94,11,33,52,0,14,19,282,89,11
20220429,서울특별시,11,강북구,11305,충청북도,43,3,76,11,20,48,6,21,18,227,69,15
20220429,서울특별시,11,강북구,11305,강원도,42,9,59,10,23,50,9,11,11,215,59,9
20220429,서울특별시,11,강북구,11305,경기도,41,68,710,71,247,421,39,105,148,2159,580,117
20220429,서울특별시,11,강북구,11305,세종특별자치시,36,0,13,0,4,14,0,0,6,48,16,4
20220429,서울특별시,11,강북구,11305,울산광역시,31,3,32,3,11,20,0,8,8,139,33,5
20220429,서울특별시,11,강북구,11305,대전광역시,30,7,62,5,25,45,4,8,16,196,51,7
20220429,서울특별시,11,강북구,11305,광주광역시,29,6,67,11,21,47,3,14,14,199,49,14
20220429,서울특별시,11,강북구,11305,인천광역시,28,13,123,9,55,90,6,17,34,462,88,30
20220429,서울특별시,11,강북구,11305,대구광역시,27,8,57,12,31,69,12,5,27,276,61,17
20220429,서울특별시,11,강북구,11305,부산광역시,26,15,108,8,53,77,8,25,28,387,112,21
20220429,서울특별시,11,강북구,11305,서울특별시,11,56,470,74,175,345,30,72,83,1389,405,87
20220429,서울특별시,11,종로구,11110,서울특별시,11,197,1298,327,280,689,53,466,740,2554,877,289
20220429,서울특별시,11,종로구,11110,부산광역시,26,47,264,53,77,158,14,81,207,761,214,50
20220429,서울특별시,11,종로구,11110,대구광역시,27,33,190,23,36,92,11,46,140,548,146,37
20220429,서울특별시,11,종로구,11110,인천광역시,28,40,275,49,72,165,17,97,191,744,243,55
20220429,서울특별시,11,종로구,11110,광주광역시,29,17,97,22,39,82,6,28,83,420,119,18
20220429,서울특별시,11,종로구,11110,대전광역시,30,18,124,24,35,95,10,38,97,374,117,23
20220429,서울특별시,11,종로구,11110,울산광역시,31,12,66,12,17,55,4,10,55,237,77,12
20220429,서울특별시,11,종로구,11110,세종특별자치시,36,4,41,5,8,21,4,11,30,102,31,4
20220429,서울특별시,11,종로구,11110,경기도,41,239,1344,266,349,852,94,538,937,3802,1175,275
20220429,서울특별시,11,종로구,11110,강원도,42,23,147,27,37,70,9,46,90,371,135,24
20220429,서울특별시,11,종로구,11110,충청북도,43,21,133,14,30,93,12,47,70,408,136,22
20220429,서울특별시,11,종로구,11110,충청남도,44,43,204,36,51,128,16,49,89,477,160,36
20220429,서울특별시,11,종로구,11110,전라북도,45,24,136,21,32,67,9,44,86,380,102,26
20220429,서울특별시,11,종로구,11110,전라남도,46,17,115,11,34,82,7,34,70,361,111,37
20220429,서울특별시,11,종로구,11110,경상북도,47,32,181,26,44,119,11,59,128,557,149,36
20220429,서울특별시,11,종로구,11110,경상남도,48,36,213,25,65,165,14,70,191,731,225,52
20220429,서울특별시,11,종로구,11110,제주특별자치도,50,11,48,5,6,16,7,8,37,116,40,8
20220429,서울특별시,11,성동구,11200,서울특별시,11,311,4101,536,740,917,182,609,128,4236,3796,479
20220429,서울특별시,11,성동구,11200,부산광역시,26,80,785,25,159,203,52,182,37,884,1137,156
20220429,서울특별시,11,성동구,11200,대구광역시,27,57,537,27,112,192,39,118,30,706,807,92
20220429,서울특별시,11,성동구,11200,인천광역시,28,62,828,43,190,279,42,142,40,987,1133,128
20220429,서울특별시,11,성동구,11200,광주광역시,29,20,400,13,85,96,16,60,11,485,488,53
20220429,서울특별시,11,성동구,11200,대전광역시,30,30,367,12,89,87,25,72,11,448,512,58
20220429,서울특별시,11,성동구,11200,울산광역시,31,20,183,19,39,86,18,54,11,301,345,34
20220429,서울특별시,11,성동구,11200,세종특별자치시,36,8,84,7,14,19,7,16,6,131,108,21
20220429,서울특별시,11,성동구,11200,경기도,41,373,4362,254,841,1266,270,759,185,5166,4902,550
20220429,서울특별시,11,성동구,11200,강원도,42,42,320,33,80,95,15,87,16,448,479,56
20220429,서울특별시,11,성동구,11200,충청북도,43,38,348,20,66,142,33,85,12,536,470,43
20220429,서울특별시,11,성동구,11200,충청남도,44,37,476,52,109,150,33,110,38,615,577,79
20220429,서울특별시,11,성동구,11200,전라북도,45,24,338,13,73,92,21,63,12,428,521,50
20220429,서울특별시,11,성동구,11200,전라남도,46,27,292,23,80,118,18,56,13,424,481,38
20220429,서울특별시,11,성동구,11200,경상북도,47,60,444,34,101,136,36,108,29,634,631,100
20220429,서울특별시,11,성동구,11200,경상남도,48,53,608,22,161,229,50,142,31,836,927,90
20220429,서울특별시,11,성동구,11200,제주특별자치도,50,7,147,18,26,33,3,19,3,157,193,16
20220429,서울특별시,11,도봉구,11320,제주특별자치도,50,0,17,0,5,15,6,23,5,67,20,6
20220429,서울특별시,11,도봉구,11320,경상남도,48,35,117,7,120,146,38,178,28,551,186,108
20220429,서울특별시,11,도봉구,11320,경상북도,47,25,83,6,85,89,26,138,25,406,163,69
20220429,서울특별시,11,도봉구,11320,전라남도,46,18,52,3,67,81,22,77,12,284,87,42
20220429,서울특별시,11,도봉구,11320,전라북도,45,19,56,6,63,49,20,93,7,289,78,52
20220429,서울특별시,11,도봉구,11320,충청남도,44,25,87,6,85,98,25,97,28,378,117,68
20220429,서울특별시,11,도봉구,11320,충청북도,43,20,45,5,60,69,12,79,23,326,96,53
20220429,서울특별시,11,도봉구,11320,강원도,42,23,46,7,71,72,25,76,14,293,84,40
20220429,서울특별시,11,도봉구,11320,경기도,41,211,657,96,523,683,182,799,168,3115,863,507
20220429,서울특별시,11,도봉구,11320,세종특별자치시,36,0,14,0,19,25,4,23,7,77,24,12
20220429,서울특별시,11,도봉구,11320,울산광역시,31,7,36,0,31,64,17,51,18,178,57,31
20220429,서울특별시,11,도봉구,11320,대전광역시,30,15,34,3,51,60,18,82,15,291,85,45
20220429,서울특별시,11,도봉구,11320,광주광역시,29,15,51,0,55,80,7,86,10,300,75,50
20220429,서울특별시,11,도봉구,11320,인천광역시,28,22,125,37,111,132,33,161,43,578,140,101
20220429,서울특별시,11,도봉구,11320,대구광역시,27,22,86,8,77,80,15,128,23,421,126,91
20220429,서울특별시,11,도봉구,11320,부산광역시,26,34,115,10,76,136,22,176,30,526,157,104
20220429,서울특별시,11,도봉구,11320,서울특별시,11,119,469,82,407,429,129,570,75,1984,547,329
20220429,서울특별시,11,중구,11140,서울특별시,11,285,1819,358,249,1525,160,916,227,4525,990,287
20220429,서울특별시,11,중구,11140,부산광역시,26,55,367,65,64,341,59,156,90,1212,264,64
20220429,서울특별시,11,중구,11140,대구광역시,27,48,242,45,62,221,25,81,66,873,231,30
20220429,서울특별시,11,중구,11140,인천광역시,28,66,400,56,77,370,54,222,67,1050,264,59
20220429,서울특별시,11,중구,11140,광주광역시,29,21,193,29,32,168,25,76,50,630,136,36
20220429,서울특별시,11,중구,11140,대전광역시,30,25,180,28,29,171,28,83,38,595,121,28
20220429,서울특별시,11,중구,11140,울산광역시,31,13,102,21,27,93,15,36,44,377,84,10
20220429,서울특별시,11,중구,11140,세종특별자치시,36,18,39,10,3,40,9,30,15,162,40,13
20220429,서울특별시,11,중구,11140,경기도,41,368,2072,336,294,1863,251,1054,408,5450,1296,308
20220429,서울특별시,11,중구,11140,강원도,42,32,196,46,28,194,32,86,36,506,132,23
20220429,서울특별시,11,중구,11140,충청북도,43,39,196,59,38,188,28,100,41,596,132,35
20220429,서울특별시,11,중구,11140,충청남도,44,47,237,50,35,245,37,119,63,742,184,24
20220429,서울특별시,11,중구,11140,전라북도,45,26,192,37,28,225,26,96,31,605,141,27
20220429,서울특별시,11,중구,11140,전라남도,46,27,207,37,25,145,33,75,31,521,107,22
20220429,서울특별시,11,중구,11140,경상북도,47,44,256,56,57,208,51,111,61,809,186,25
20220429,서울특별시,11,중구,11140,경상남도,48,55,356,60,68,317,54,145,104,1122,261,43
20220429,서울특별시,11,중구,11140,제주특별자치도,50,16,50,12,10,72,8,21,7,191,35,10
20220429,서울특별시,11,동대문구,11230,서울특별시,11,340,1026,142,260,972,95,877,220,4319,628,336
20220429,서울특별시,11,동대문구,11230,부산광역시,26,78,271,21,68,304,20,270,94,1028,174,84
20220429,서울특별시,11,동대문구,11230,대구광역시,27,58,192,12,46,237,17,194,65,792,125,52
20220429,서울특별시,11,동대문구,11230,인천광역시,28,79,282,24,72,356,20,252,77,1157,150,100
20220429,서울특별시,11,동대문구,11230,광주광역시,29,30,121,14,35,136,9,125,34,552,66,30
20220429,서울특별시,11,동대문구,11230,대전광역시,30,42,129,8,37,151,4,133,39,543,62,50
20220429,서울특별시,11,동대문구,11230,울산광역시,31,18,84,9,29,116,8,94,27,362,48,30
20220429,서울특별시,11,동대문구,11230,세종특별자치시,36,11,37,0,8,45,0,34,11,184,20,7
20220429,서울특별시,11,동대문구,11230,경기도,41,381,1463,214,335,1660,144,1290,399,5965,776,406
20220429,서울특별시,11,동대문구,11230,강원도,42,37,122,12,29,175,10,150,41,530,71,44
20220429,서울특별시,11,동대문구,11230,충청북도,43,27,126,20,59,180,15,129,30,618,76,35
20220429,서울특별시,11,동대문구,11230,충청남도,44,62,205,21,52,292,16,206,65,729,107,49
20220429,서울특별시,11,동대문구,11230,전라북도,45,34,131,16,32,156,16,176,39,562,72,35
20220429,서울특별시,11,동대문구,11230,전라남도,46,40,105,18,38,203,13,155,44,547,71,37
20220429,서울특별시,11,동대문구,11230,경상북도,47,61,236,28,61,325,19,259,56,768,107,58
20220429,서울특별시,11,동대문구,11230,경상남도,48,61,287,27,71,315,27,292,69,1003,162,76
20220429,서울특별시,11,동대문구,11230,제주특별자치도,50,9,28,3,9,38,5,29,4,155,25,4
20220429,서울특별시,11,은평구,11380,제주특별자치도,50,5,4,0,11,17,11,12,0,17,18,17
20220429,서울특별시,11,은평구,11380,경상남도,48,31,86,19,30,137,56,138,30,149,137,157
20220429,서울특별시,11,은평구,11380,경상북도,47,25,61,15,50,118,48,114,20,110,110,127
20220429,서울특별시,11,은평구,11380,전라남도,46,6,48,7,23,76,22,94,10,66,82,81
20220429,서울특별시,11,은평구,11380,전라북도,45,12,32,6,18,66,18,64,13,91,76,82
20220429,서울특별시,11,은평구,11380,충청남도,44,13,45,21,37,101,29,106,18,140,95,126
20220429,서울특별시,11,은평구,11380,충청북도,43,7,35,7,29,82,32,72,12,111,74,75
20220429,서울특별시,11,송파구,11710,제주특별자치도,50,0,45,6,17,59,9,47,5,65,19,15
20220429,서울특별시,11,송파구,11710,경상남도,48,29,238,75,132,715,52,4674,104,419,153,186
20220429,서울특별시,11,송파구,11710,경상북도,47,26,154,25,78,502,53,3955,80,318,88,193
20220429,서울특별시,11,송파구,11710,전라남도,46,19,133,37,80,282,33,2426,43,222,54,76
20220429,서울특별시,11,송파구,11710,전라북도,45,13,109,33,67,288,25,2368,48,289,73,93
20220429,서울특별시,11,송파구,11710,충청남도,44,35,178,35,90,726,41,6539,130,302,100,179
20220429,서울특별시,11,송파구,11710,충청북도,43,26,153,23,64,541,40,5170,90,303,75,144
20220429,서울특별시,11,송파구,11710,강원도,42,11,142,25,59,377,48,2929,65,207,86,116
20220429,서울특별시,11,송파구,11710,경기도,41,166,1564,322,568,2041,291,7643,285,3542,868,648
20220429,서울특별시,11,송파구,11710,세종특별자치시,36,12,47,19,11,274,6,3252,58,63,28,52
20220429,서울특별시,11,송파구,11710,울산광역시,31,6,104,31,32,147,18,759,23,154,53,45
20220429,서울특별시,11,송파구,11710,대전광역시,30,38,153,17,85,721,44,7546,113,250,93,181
20220429,서울특별시,11,송파구,11710,광주광역시,29,13,118,21,53,313,34,2180,44,220,95,93
20220429,서울특별시,11,송파구,11710,인천광역시,28,28,246,61,101,266,49,443,39,510,165,94
20220429,서울특별시,11,송파구,11710,대구광역시,27,42,181,16,91,913,67,8066,117,355,148,206
20220429,서울특별시,11,송파구,11710,부산광역시,26,40,268,42,102,522,52,2574,58,537,158,161
20220429,서울특별시,11,송파구,11710,서울특별시,11,99,1236,266,379,981,201,1541,113,2590,860,428
20220429,서울특별시,11,은평구,11380,강원도,42,10,28,5,25,64,23,69,17,67,100,75
20220429,서울특별시,11,은평구,11380,경기도,41,140,555,123,234,893,284,581,104,1268,712,716
20220429,서울특별시,11,은평구,11380,세종특별자치시,36,4,6,3,5,24,7,11,4,21,13,14
20220429,서울특별시,11,은평구,11380,울산광역시,31,8,20,10,9,46,12,50,16,56,43,43
20220429,서울특별시,11,은평구,11380,대전광역시,30,8,41,7,20,52,23,48,5,75,58,66
20220429,서울특별시,11,은평구,11380,광주광역시,29,0,29,6,10,45,33,72,13,69,67,75
20220429,서울특별시,11,은평구,11380,인천광역시,28,34,83,14,37,157,34,113,30,164,126,142
20220429,서울특별시,11,은평구,11380,대구광역시,27,11,48,12,20,119,32,102,10,109,88,101
20220429,서울특별시,11,은평구,11380,부산광역시,26,15,73,14,36,128,46,128,23,173,154,164
20220429,서울특별시,11,은평구,11380,서울특별시,11,112,367,92,133,572,173,479,55,686,414,558
20220429,서울특별시,11,영등포구,11560,서울특별시,11,106,1483,528,870,1294,114,1435,180,2099,794,678
20220429,서울특별시,11,마포구,11440,서울특별시,11,493,2413,928,1277,2978,178,1637,294,2211,1151,368
20220429,서울특별시,11,마포구,11440,부산광역시,26,79,370,186,341,726,41,486,107,469,259,67
20220429,서울특별시,11,마포구,11440,대구광역시,27,53,263,166,211,537,18,292,61,359,159,64
20220429,서울특별시,11,마포구,11440,인천광역시,28,113,470,150,326,779,38,477,146,491,274,85
20220429,서울특별시,11,마포구,11440,광주광역시,29,43,160,81,140,355,23,198,44,203,104,38
20220429,서울특별시,11,마포구,11440,대전광역시,30,28,179,100,153,368,19,207,63,232,131,36
20220429,서울특별시,11,마포구,11440,울산광역시,31,17,133,59,102,216,8,136,33,146,65,34
20220429,서울특별시,11,마포구,11440,세종특별자치시,36,15,50,33,49,120,5,58,15,58,25,11
20220429,서울특별시,11,마포구,11440,경기도,41,451,2330,1072,1766,3935,280,2029,684,2638,1391,506
20220429,서울특별시,11,마포구,11440,강원도,42,52,211,72,197,401,23,177,100,233,108,29
20220429,서울특별시,11,마포구,11440,충청북도,43,38,172,70,145,381,16,252,56,275,133,39
20220429,서울특별시,11,마포구,11440,충청남도,44,46,265,115,226,500,40,305,99,291,156,53
20220429,서울특별시,11,마포구,11440,전라북도,45,36,204,107,193,364,19,196,57,237,127,35
20220429,서울특별시,11,마포구,11440,전라남도,46,21,151,59,196,317,21,211,47,196,93,42
20220429,서울특별시,11,마포구,11440,경상남도,48,71,348,169,330,746,43,454,87,384,200,111
20220429,서울특별시,11,마포구,11440,제주특별자치도,50,9,78,31,39,103,4,33,38,92,45,10
20220429,서울특별시,11,서초구,11650,제주특별자치도,50,3,41,13,10,31,12,41,6,55,16,10
20220429,서울특별시,11,서초구,11650,경상남도,48,41,219,104,80,299,54,181,27,284,125,131
20220429,서울특별시,11,서초구,11650,경상북도,47,37,156,65,49,208,29,137,20,202,82,94
20220429,서울특별시,11,서초구,11650,전라남도,46,17,98,63,26,119,22,112,10,151,54,52
20220429,서울특별시,11,서초구,11650,전라북도,45,18,86,68,39,100,18,73,15,186,68,66
20220429,서울특별시,11,서초구,11650,충청남도,44,19,146,91,54,229,36,168,19,215,68,80
20220429,서울특별시,11,서초구,11650,충청북도,43,26,112,61,46,128,33,115,11,212,54,61
20220429,서울특별시,11,서초구,11650,강원도,42,20,106,60,37,118,21,107,26,161,50,69
20220429,서울특별시,11,서초구,11650,경기도,41,252,1361,715,437,1404,303,1205,181,2491,764,725
20220429,서울특별시,11,서초구,11650,세종특별자치시,36,7,35,25,7,43,9,28,0,54,17,17
20220429,서울특별시,11,서초구,11650,울산광역시,31,10,64,36,16,79,19,70,6,101,42,38
20220429,서울특별시,11,서초구,11650,대전광역시,30,50,100,64,42,127,26,106,18,152,54,70
20220429,서울특별시,11,서초구,11650,광주광역시,29,21,110,72,31,127,23,93,15,179,49,45
20220429,서울특별시,11,서초구,11650,인천광역시,28,54,225,153,112,271,66,238,63,296,135,128
20220429,서울특별시,11,서초구,11650,대구광역시,27,39,198,84,37,185,53,145,25,259,99,111
20220429,서울특별시,11,서초구,11650,부산광역시,26,71,241,132,62,283,58,224,25,353,142,110
20220429,서울특별시,11,서초구,11650,서울특별시,11,247,1283,710,344,1013,275,1475,128,1696,601,574
20220429,서울특별시,11,용산구,11170,제주특별자치도,50,5,35,5,157,33,0,24,4,38,18,7
20220429,서울특별시,11,용산구,11170,경상남도,48,20,236,34,1125,154,31,148,25,154,99,72
20220429,서울특별시,11,용산구,11170,경상북도,47,14,234,21,906,112,19,112,26,127,69,44
20220429,서울특별시,11,용산구,11170,전라남도,46,5,120,18,620,79,15,82,12,86,29,29
20220429,서울특별시,11,용산구,11170,전라북도,45,14,116,20,543,70,14,74,11,116,36,29
20220429,서울특별시,11,용산구,11170,충청남도,44,16,148,29,884,97,15,81,16,131,58,31
20220429,서울특별시,11,용산구,11170,충청북도,43,10,114,26,698,80,22,75,10,85,38,32
20220429,서울특별시,11,용산구,11170,강원도,42,5,114,18,602,77,15,61,17,104,45,28
20220429,서울특별시,11,용산구,11170,경기도,41,136,1395,211,6243,1212,176,631,130,1461,484,350
20220429,서울특별시,11,용산구,11170,세종특별자치시,36,3,22,4,205,19,5,13,3,32,9,9
20220429,서울특별시,11,용산구,11170,울산광역시,31,0,59,11,397,50,5,45,6,52,28,17
20220429,서울특별시,11,용산구,11170,대전광역시,30,12,114,13,681,66,19,49,7,114,44,41
20220429,서울특별시,11,용산구,11170,광주광역시,29,7,131,16,548,88,13,57,10,107,35,34
20220429,서울특별시,11,용산구,11170,인천광역시,28,16,266,38,1236,164,39,161,28,235,78,73
20220429,서울특별시,11,용산구,11170,대구광역시,27,14,141,15,931,123,19,118,13,175,68,57
20220429,서울특별시,11,용산구,11170,부산광역시,26,19,236,32,1321,187,35,163,20,218,129,72
20220429,서울특별시,11,용산구,11170,서울특별시,11,81,1133,226,5495,1070,147,488,77,1409,465,233
20220429,서울특별시,11,영등포구,11560,부산광역시,26,28,380,98,172,331,39,355,73,430,171,153
20220429,서울특별시,11,영등포구,11560,대구광역시,27,17,220,71,105,187,27,234,32,285,118,99
20220429,서울특별시,11,영등포구,11560,인천광역시,28,26,425,90,189,360,23,379,46,391,213,190
20220429,서울특별시,11,영등포구,11560,광주광역시,29,18,141,48,83,134,7,161,20,204,72,55
20220429,서울특별시,11,영등포구,11560,대전광역시,30,12,146,51,79,175,20,150,37,188,62,60
20220429,서울특별시,11,영등포구,11560,울산광역시,31,10,131,32,55,83,10,78,21,104,37,38
20220429,서울특별시,11,영등포구,11560,세종특별자치시,36,4,33,12,18,43,0,33,9,53,25,26
20220429,서울특별시,11,영등포구,11560,경기도,41,158,1900,502,917,1832,212,1624,343,2546,910,754
20220429,서울특별시,11,영등포구,11560,강원도,42,16,183,43,93,196,5,197,24,230,61,68
20220429,서울특별시,11,영등포구,11560,충청북도,43,16,190,40,110,156,23,162,36,248,75,72
20220429,서울특별시,11,영등포구,11560,충청남도,44,18,258,79,117,215,14,260,31,287,100,112
20220429,서울특별시,11,영등포구,11560,전라북도,45,15,173,42,86,172,15,125,26,214,81,66
20220429,서울특별시,11,영등포구,11560,전라남도,46,13,178,52,94,144,8,171,25,202,55,67
20220429,서울특별시,11,영등포구,11560,경상북도,47,16,255,64,117,243,15,224,39,284,94,95
20220429,서울특별시,11,영등포구,11560,경상남도,48,31,333,102,178,328,26,280,67,381,149,122
20220429,서울특별시,11,영등포구,11560,제주특별자치도,50,3,50,25,23,38,3,44,8,68,18,24
20220429,서울특별시,11,구로구,11530,제주특별자치도,50,8,44,6,21,38,8,20,6,79,13,11
20220429,서울특별시,11,구로구,11530,경상남도,48,38,254,30,149,260,54,89,40,482,105,101
20220429,서울특별시,11,구로구,11530,경상북도,47,36,193,22,93,180,42,86,27,362,67,89
20220429,서울특별시,11,구로구,11530,전라남도,46,16,106,14,76,146,29,56,42,269,49,52
20220429,서울특별시,11,구로구,11530,전라북도,45,24,126,23,65,130,28,67,13,253,47,56
20220429,서울특별시,11,구로구,11530,충청남도,44,22,180,39,137,183,31,76,26,330,57,63
20220429,서울특별시,11,구로구,11530,충청북도,43,12,137,28,111,132,27,39,24,285,44,46
20220429,서울특별시,11,구로구,11530,강원도,42,16,162,20,65,136,32,50,23,209,45,43
20220429,서울특별시,11,구로구,11530,경기도,41,200,1557,257,809,1348,288,574,190,3037,515,530
20220429,서울특별시,11,구로구,11530,세종특별자치시,36,8,28,10,21,41,6,7,8,79,9,12
20220429,서울특별시,11,구로구,11530,울산광역시,31,15,78,17,43,88,18,48,16,160,30,35
20220429,서울특별시,11,구로구,11530,대전광역시,30,25,185,22,71,149,24,54,14,258,35,52
20220429,서울특별시,11,구로구,11530,광주광역시,29,24,122,19,62,91,18,44,20,252,36,39
20220429,서울특별시,11,구로구,11530,인천광역시,28,34,285,60,139,258,49,120,35,512,108,106
20220429,서울특별시,11,구로구,11530,대구광역시,27,22,184,35,104,158,38,74,24,383,74,69
20220429,서울특별시,11,구로구,11530,부산광역시,26,31,303,56,132,249,68,82,38,456,95,114
20220429,서울특별시,11,구로구,11530,서울특별시,11,160,1250,190,542,968,188,350,121,1985,366,392
20220429,서울특별시,11,금천구,11545,서울특별시,11,458,1107,335,1214,1520,650,1336,559,4281,1926,1670
20220429,서울특별시,11,금천구,11545,부산광역시,26,121,266,108,302,403,161,355,146,1095,537,391
20220429,서울특별시,11,금천구,11545,대구광역시,27,90,184,80,198,235,134,240,121,909,400,290
20220429,서울특별시,11,금천구,11545,인천광역시,28,111,306,103,292,352,135,343,183,1124,581,389
20220429,서울특별시,11,금천구,11545,광주광역시,29,62,172,60,133,155,76,196,86,651,285,194
20220429,서울특별시,11,금천구,11545,대전광역시,30,60,124,72,146,181,79,131,81,627,272,192
20220429,서울특별시,11,금천구,11545,울산광역시,31,25,104,52,94,102,57,103,48,389,167,125
20220429,서울특별시,11,강동구,11740,서울특별시,11,199,843,204,309,852,134,711,90,1119,1189,183
20220429,서울특별시,11,강동구,11740,부산광역시,26,41,186,65,79,217,36,207,23,305,420,38
20220429,서울특별시,11,강동구,11740,대구광역시,27,41,131,63,60,147,34,140,17,165,242,36
20220429,서울특별시,11,강동구,11740,인천광역시,28,53,191,67,72,217,31,173,27,240,343,66
20220429,서울특별시,11,강동구,11740,광주광역시,29,11,83,32,31,106,19,76,8,125,166,29
20220429,서울특별시,11,강동구,11740,대전광역시,30,26,82,20,34,107,15,74,12,96,150,29
20220429,서울특별시,11,강동구,11740,울산광역시,31,13,58,15,18,62,11,49,14,73,127,16
20220429,서울특별시,11,강동구,11740,세종특별자치시,36,9,35,10,18,31,3,24,5,27,38,8
20220429,서울특별시,11,강동구,11740,경기도,41,274,1051,291,438,1021,177,870,150,1637,1527,260
20220429,서울특별시,11,강동구,11740,강원도,42,43,89,30,43,99,16,143,13,76,149,19
20220429,서울특별시,11,강동구,11740,충청북도,43,22,71,22,42,97,16,126,14,133,120,23
20220429,서울특별시,11,강동구,11740,충청남도,44,38,130,37,61,135,45,147,12,132,165,34
20220429,서울특별시,11,강동구,11740,전라북도,45,36,67,34,47,89,16,108,4,116,175,18
20220429,서울특별시,11,강동구,11740,전라남도,46,31,72,14,32,124,17,127,6,70,148,13
20220429,서울특별시,11,강동구,11740,경상북도,47,33,97,39,53,204,32,153,18,141,224,25
20220429,서울특별시,11,강동구,11740,경상남도,48,39,159,40,64,172,31,176,24,201,333,41
20220429,서울특별시,11,강동구,11740,제주특별자치도,50,8,34,3,7,16,3,23,3,18,69,0
20220429,서울특별시,11,금천구,11545,세종특별자치시,36,20,29,27,41,65,28,39,42,205,68,46
20220429,서울특별시,11,금천구,11545,경기도,41,645,1539,432,1561,1991,838,1588,839,5634,2613,2258
20220429,서울특별시,11,금천구,11545,강원도,42,74,130,72,151,200,97,148,86,561,306,159
20220429,서울특별시,11,금천구,11545,충청북도,43,60,148,50,168,178,71,164,80,623,292,194
20220429,서울특별시,11,금천구,11545,충청남도,44,89,204,66,204,299,104,232,125,793,376,192
20220429,서울특별시,11,금천구,11545,전라북도,45,72,132,72,143,160,72,164,80,636,255,200
20220429,서울특별시,11,금천구,11545,전라남도,46,77,121,69,140,213,88,166,77,682,244,147
20220429,서울특별시,11,금천구,11545,경상북도,47,111,204,97,214,271,115,269,111,881,347,269
20220429,서울특별시,11,금천구,11545,경상남도,48,134,325,68,298,404,152,303,152,1092,466,340
20220429,서울특별시,11,금천구,11545,제주특별자치도,50,20,22,37,35,62,26,35,27,192,88,87
20220429,서울특별시,11,동작구,11590,제주특별자치도,50,0,31,9,19,39,0,12,3,34,5,0
20220429,서울특별시,11,동작구,11590,경상남도,48,49,125,84,52,329,13,113,32,195,78,108
20220429,서울특별시,11,동작구,11590,경상북도,47,27,120,77,38,212,13,93,21,143,53,54
20220429,서울특별시,11,동작구,11590,전라남도,46,10,85,52,30,171,15,77,22,138,37,31
20220429,서울특별시,11,동작구,11590,전라북도,45,15,83,45,24,159,10,68,15,103,33,37
20220429,서울특별시,11,동작구,11590,충청남도,44,26,102,62,48,212,21,82,32,153,39,51
20220429,서울특별시,11,동작구,11590,충청북도,43,16,93,43,35,144,10,49,16,154,40,34
20220429,서울특별시,11,동작구,11590,강원도,42,14,86,53,43,161,9,77,19,84,34,40
20220429,서울특별시,11,동작구,11590,경기도,41,186,836,391,318,1634,90,473,166,1565,496,393
20220429,서울특별시,11,동작구,11590,세종특별자치시,36,7,14,9,9,38,3,13,7,28,12,8
20220429,서울특별시,11,동작구,11590,울산광역시,31,12,50,19,18,90,6,36,9,77,28,17
20220429,서울특별시,11,동작구,11590,대전광역시,30,22,60,34,26,152,7,47,13,111,36,42
20220429,서울특별시,11,동작구,11590,광주광역시,29,18,77,37,27,150,13,41,15,125,42,32
20220429,서울특별시,11,동작구,11590,인천광역시,28,45,152,88,69,322,15,109,34,238,78,102
20220429,서울특별시,11,동작구,11590,대구광역시,27,23,91,51,39,226,18,63,21,185,64,48
20220429,서울특별시,11,동작구,11590,부산광역시,26,35,152,94,66,327,23,105,45,242,124,85
20220429,서울특별시,11,동작구,11590,서울특별시,11,91,641,389,268,1044,64,317,81,989,320,306
20220429,서울특별시,11,노원구,11350,제주특별자치도,50,0,13,0,5,14,0,9,21,105,9,3
20220429,서울특별시,11,노원구,11350,경상남도,48,34,108,14,27,226,50,150,133,450,54,31
20220429,서울특별시,11,노원구,11350,경상북도,47,27,90,19,39,163,33,111,112,317,44,30
20220429,서울특별시,11,노원구,11350,전라남도,46,18,56,8,17,93,22,69,86,271,28,25
20220429,서울특별시,11,노원구,11350,전라북도,45,19,61,3,18,105,21,46,59,312,44,29
20220429,서울특별시,11,노원구,11350,충청남도,44,26,71,17,40,170,27,165,102,330,30,31
20220429,서울특별시,11,노원구,11350,충청북도,43,17,65,12,33,101,22,92,57,276,24,25
20220429,서울특별시,11,노원구,11350,강원도,42,19,70,13,31,151,17,89,67,239,38,21
20220429,서울특별시,11,노원구,11350,경기도,41,147,791,118,270,1106,184,750,684,2847,380,212
20220429,서울특별시,11,노원구,11350,세종특별자치시,36,6,19,0,7,26,3,21,29,57,15,3
20220429,서울특별시,11,노원구,11350,울산광역시,31,12,33,4,15,71,8,55,37,193,15,12
20220429,서울특별시,11,노원구,11350,대전광역시,30,8,32,11,27,104,14,86,78,251,22,22
20220429,서울특별시,11,노원구,11350,광주광역시,29,9,47,12,25,95,18,42,54,260,32,21
20220429,서울특별시,11,노원구,11350,인천광역시,28,33,128,13,69,191,28,160,113,477,63,31
20220429,서울특별시,11,노원구,11350,대구광역시,27,16,70,12,33,171,22,130,89,350,62,22
20220429,서울특별시,11,노원구,11350,부산광역시,26,25,96,16,54,177,28,160,95,509,84,33
20220429,서울특별시,11,노원구,11350,서울특별시,11,112,674,100,237,722,112,574,354,1720,255,153
20220429,서울특별시,11,서대문구,11410,제주특별자치도,50,0,22,4,4,12,3,7,4,47,10,29
20220429,서울특별시,11,서대문구,11410,경상남도,48,5,108,36,27,142,9,204,119,210,68,37
20220429,서울특별시,11,서대문구,11410,경상북도,47,0,91,90,19,121,6,189,76,201,38,118
20220429,서울특별시,11,서대문구,11410,전라남도,46,6,47,18,9,80,7,108,73,134,25,18
20220429,서울특별시,11,서대문구,11410,전라북도,45,3,53,62,12,71,8,143,60,150,31,12
20220429,서울특별시,11,서대문구,11410,충청남도,44,3,86,152,30,95,11,166,71,193,36,130
20220429,서울특별시,11,서대문구,11410,충청북도,43,0,74,58,16,70,7,121,58,166,32,63
20220429,서울특별시,11,서대문구,11410,강원도,42,3,77,27,15,71,7,118,76,117,25,21
20220429,서울특별시,11,서대문구,11410,경기도,41,49,733,211,187,725,70,1252,541,1794,326,368
20220429,서울특별시,11,서대문구,11410,세종특별자치시,36,0,17,0,4,24,0,26,20,48,7,0
20220429,서울특별시,11,서대문구,11410,울산광역시,31,0,45,8,8,41,3,77,49,93,14,12
20220429,서울특별시,11,서대문구,11410,대전광역시,30,0,53,75,14,56,6,118,34,133,29,22
20220429,서울특별시,11,서대문구,11410,광주광역시,29,0,58,14,13,66,7,81,55,155,34,29
20220429,서울특별시,11,서대문구,11410,인천광역시,28,10,133,40,33,132,8,248,108,299,70,54
20220429,서울특별시,11,서대문구,11410,대구광역시,27,6,86,43,46,79,9,140,64,214,37,37
20220429,서울특별시,11,서대문구,11410,부산광역시,26,10,133,29,23,150,6,255,131,275,66,388
20220429,서울특별시,11,서대문구,11410,서울특별시,11,20,640,148,169,486,40,807,276,1390,301,199
20220429,서울특별시,11,강서구,11500,제주특별자치도,50,13,54,16,28,64,23,36,4,105,43,62
20220429,서울특별시,11,강서구,11500,경상남도,48,77,392,84,292,521,116,736,97,846,356,524
20220429,서울특별시,11,강서구,11500,경상북도,47,77,316,63,191,404,83,582,76,845,294,475
20220429,서울특별시,11,강서구,11500,전라남도,46,46,171,43,131,307,65,403,61,655,192,322
20220429,서울특별시,11,강서구,11500,전라북도,45,41,169,54,119,260,65,287,44,487,166,259
20220429,서울특별시,11,강서구,11500,충청남도,44,67,256,82,205,395,78,528,68,711,273,374
20220429,서울특별시,11,강서구,11500,충청북도,43,43,208,53,129,301,53,425,57,661,206,355
20220429,서울특별시,11,강서구,11500,강원도,42,58,178,65,126,357,68,389,51,722,234,324
20220429,서울특별시,11,강서구,11500,경기도,41,427,2308,706,1308,2327,512,2426,439,4085,1635,2440
20220429,서울특별시,11,강서구,11500,세종특별자치시,36,10,46,20,42,71,11,71,14,105,40,49
20220429,서울특별시,11,강서구,11500,울산광역시,31,18,120,46,84,129,41,169,32,226,116,147
20220429,서울특별시,11,강서구,11500,대전광역시,30,30,180,46,121,221,47,236,56,287,148,225
20220429,서울특별시,11,강서구,11500,광주광역시,29,29,168,55,127,209,43,268,30,335,177,209
20220429,서울특별시,11,강서구,11500,인천광역시,28,67,426,101,277,457,95,488,92,720,316,433
20220429,서울특별시,11,강서구,11500,대구광역시,27,68,270,83,172,357,99,347,48,463,224,369
20220429,서울특별시,11,강서구,11500,부산광역시,26,87,401,117,239,439,103,571,89,688,361,468
20220429,서울특별시,11,강서구,11500,서울특별시,11,284,1593,583,1009,1643,349,1615,290,2490,1151,1809
20220429,서울특별시,11,양천구,11470,서울특별시,11,50,737,105,271,567,58,424,75,907,278,221
20220429,서울특별시,11,양천구,11470,부산광역시,26,12,168,16,64,210,24,122,16,188,97,63
20220429,서울특별시,11,양천구,11470,대구광역시,27,21,104,21,47,107,7,71,10,145,43,39
20220429,서울특별시,11,양천구,11470,인천광역시,28,9,188,19,75,159,24,88,23,171,85,69
20220429,서울특별시,11,양천구,11470,광주광역시,29,8,58,11,26,60,10,55,11,97,41,20
20220429,서울특별시,11,양천구,11470,대전광역시,30,9,82,12,34,76,10,43,21,84,32,17
20220429,서울특별시,11,양천구,11470,울산광역시,31,6,56,6,23,55,12,40,15,52,28,19
20220429,서울특별시,11,양천구,11470,세종특별자치시,36,3,20,3,6,28,3,12,0,24,6,7
20220429,서울특별시,11,양천구,11470,경기도,41,96,968,114,376,896,145,555,144,1426,448,321
20220429,서울특별시,11,양천구,11470,강원도,42,10,105,14,32,72,9,65,11,84,36,29
20220429,서울특별시,11,양천구,11470,충청북도,43,14,78,11,27,95,16,49,13,125,25,39
20220429,서울특별시,11,양천구,11470,충청남도,44,10,109,30,44,134,13,66,16,107,47,27
20220429,서울특별시,11,양천구,11470,전라북도,45,15,70,5,37,78,8,52,10,100,42,29
20220429,서울특별시,11,양천구,11470,전라남도,46,12,75,8,33,101,16,65,14,61,34,30
20220429,서울특별시,11,양천구,11470,경상북도,47,18,136,17,44,134,32,95,31,98,51,37
20220429,서울특별시,11,양천구,11470,경상남도,48,22,164,23,71,174,26,94,15,137,66,50
20220429,서울특별시,11,양천구,11470,제주특별자치도,50,5,22,3,4,21,5,15,0,29,8,6
20220429,서울특별시,11,광진구,11215,제주특별자치도,50,0,16,0,15,26,4,13,4,80,29,5
20220429,서울특별시,11,광진구,11215,경상남도,48,37,211,19,127,244,45,75,62,511,246,63
20220429,서울특별시,11,광진구,11215,경상북도,47,19,129,18,102,232,28,72,37,409,185,49
20220429,서울특별시,11,광진구,11215,전라남도,46,17,100,11,79,151,18,45,36,270,116,35
20220429,서울특별시,11,광진구,11215,전라북도,45,18,93,3,90,146,16,53,38,301,141,41
20220429,서울특별시,11,광진구,11215,충청남도,44,26,125,20,107,172,23,59,53,393,188,58
20220429,서울특별시,11,광진구,11215,충청북도,43,22,90,8,71,131,25,67,40,286,134,38
20220429,서울특별시,11,광진구,11215,부산광역시,26,32,212,12,140,260,39,83,63,549,325,82
20220429,서울특별시,11,광진구,11215,대구광역시,27,25,134,21,94,149,17,45,43,447,185,59
20220429,서울특별시,11,광진구,11215,인천광역시,28,28,183,36,146,275,43,102,72,584,260,57
20220429,서울특별시,11,광진구,11215,광주광역시,29,11,108,10,54,117,21,34,38,265,140,30
20220429,서울특별시,11,광진구,11215,대전광역시,30,15,69,12,88,138,15,37,32,282,118,32
20220429,서울특별시,11,광진구,11215,울산광역시,31,10,63,7,50,97,11,19,23,186,71,19
20220429,서울특별시,11,광진구,11215,세종특별자치시,36,4,25,0,23,44,0,13,10,91,37,7
20220429,서울특별시,11,광진구,11215,경기도,41,143,1058,145,682,1164,200,426,394,3009,1206,388
20220429,서울특별시,11,광진구,11215,서울특별시,11,76,895,149,486,780,135,330,261,2232,897,247
20220430,서울특별시,11,관악구,11620,경기도,41,15,226,159,44,107,14,49,13,518,190,135
20220430,서울특별시,11,관악구,11620,세종특별자치시,36,0,3,0,0,0,0,0,0,3,0,8
20220430,서울특별시,11,관악구,11620,울산광역시,31,0,8,24,0,6,0,0,4,8,6,10
20220430,서울특별시,11,관악구,11620,대전광역시,30,0,7,8,3,7,0,6,0,12,8,19
20220430,서울특별시,11,관악구,11620,광주광역시,29,0,10,8,0,9,0,0,0,16,9,23
20220430,서울특별시,11,관악구,11620,인천광역시,28,11,27,29,7,16,0,7,8,32,30,35
20220430,서울특별시,11,관악구,11620,대구광역시,27,5,23,21,5,6,3,0,0,20,16,28
20220430,서울특별시,11,관악구,11620,부산광역시,26,3,27,34,5,9,10,4,4,56,33,33
20220430,서울특별시,11,관악구,11620,서울특별시,11,9,190,157,34,33,5,24,7,279,89,108
20220430,서울특별시,11,종로구,11110,경기도,41,20,143,29,33,94,11,73,11,716,64,23
20220430,서울특별시,11,종로구,11110,강원도,42,6,5,4,3,6,0,19,0,55,0,4
20220430,서울특별시,11,종로구,11110,충청북도,43,0,4,0,3,4,0,4,0,72,0,5
20220430,서울특별시,11,종로구,11110,충청남도,44,0,13,4,7,11,0,7,0,108,4,13
20220430,서울특별시,11,종로구,11110,전라북도,45,4,9,0,0,8,0,5,0,102,5,3
20220430,서울특별시,11,종로구,11110,전라남도,46,0,8,0,0,9,0,7,0,84,3,8
20220430,서울특별시,11,종로구,11110,경상북도,47,6,17,5,3,6,0,0,0,114,5,8
20220430,서울특별시,11,종로구,11110,경상남도,48,4,12,4,6,13,0,6,0,141,0,3
20220430,서울특별시,11,종로구,11110,제주특별자치도,50,0,12,0,0,3,0,3,0,14,0,0
20220430,서울특별시,11,중구,11140,서울특별시,11,22,250,76,33,208,11,33,9,514,126,86
20220430,서울특별시,11,중구,11140,부산광역시,26,11,33,18,3,35,10,4,0,91,30,39
20220430,서울특별시,11,중구,11140,대구광역시,27,3,15,13,5,19,5,3,0,62,23,13
20220430,서울특별시,11,중구,11140,인천광역시,28,6,43,12,8,24,4,13,3,105,29,16
20220430,서울특별시,11,중구,11140,광주광역시,29,5,11,6,0,13,0,3,0,60,15,5
20220430,서울특별시,11,중구,11140,대전광역시,30,4,16,6,3,14,0,4,0,54,11,4
20220430,서울특별시,11,중구,11140,울산광역시,31,5,6,7,0,7,0,0,0,21,5,8
20220430,서울특별시,11,중구,11140,세종특별자치시,36,0,0,10,0,0,0,0,0,12,3,0
20220430,서울특별시,11,중구,11140,경기도,41,47,223,75,35,201,16,52,5,605,172,94
20220430,서울특별시,11,중구,11140,강원도,42,7,18,12,4,15,0,0,0,50,18,4
20220430,서울특별시,11,중구,11140,충청북도,43,18,29,9,4,17,0,6,0,59,25,5
20220430,서울특별시,11,중구,11140,충청남도,44,4,17,16,10,19,3,7,0,68,19,12
20220430,서울특별시,11,중구,11140,전라북도,45,0,13,16,0,8,0,0,0,57,14,9
20220430,서울특별시,11,중구,11140,전라남도,46,7,15,14,3,8,0,0,0,45,22,6
20220430,서울특별시,11,중구,11140,경상북도,47,16,27,21,5,16,0,5,0,56,26,7
20220430,서울특별시,11,중구,11140,경상남도,48,12,18,21,3,19,4,5,0,76,28,13
20220430,서울특별시,11,중구,11140,제주특별자치도,50,4,5,8,0,8,0,0,0,17,6,3
20220430,서울특별시,11,양천구,11470,서울특별시,11,8,109,37,28,47,9,71,26,193,55,58
20220430,서울특별시,11,양천구,11470,부산광역시,26,0,23,5,5,11,0,15,6,34,22,15
20220430,서울특별시,11,양천구,11470,대구광역시,27,0,10,0,3,8,0,10,3,19,3,9
20220430,서울특별시,11,양천구,11470,인천광역시,28,0,23,0,4,13,5,13,7,22,7,12
20220430,서울특별시,11,양천구,11470,광주광역시,29,0,3,5,0,0,0,7,5,4,5,6
20220430,서울특별시,11,양천구,11470,대전광역시,30,0,7,0,0,5,0,3,4,7,0,7
20220430,서울특별시,11,양천구,11470,울산광역시,31,0,0,0,0,6,0,5,4,0,0,6
20220430,서울특별시,11,양천구,11470,세종특별자치시,36,0,0,0,0,0,0,0,0,0,0,3
20220430,서울특별시,11,양천구,11470,경기도,41,15,175,32,51,99,35,75,37,519,84,93
20220430,서울특별시,11,양천구,11470,강원도,42,0,8,0,0,7,0,8,0,9,0,6
20220430,서울특별시,11,양천구,11470,충청북도,43,0,10,3,0,5,0,6,0,24,0,10
20220430,서울특별시,11,양천구,11470,충청남도,44,0,9,24,11,7,0,11,5,10,0,6
20220430,서울특별시,11,양천구,11470,전라북도,45,0,10,4,0,3,0,7,0,16,3,7
20220430,서울특별시,11,양천구,11470,전라남도,46,0,10,3,0,4,0,12,6,6,0,5
20220430,서울특별시,11,양천구,11470,경상북도,47,3,10,0,0,7,0,12,5,8,5,6
20220430,서울특별시,11,양천구,11470,경상남도,48,4,15,8,0,4,7,7,7,10,3,8
20220430,서울특별시,11,양천구,11470,제주특별자치도,50,0,0,0,0,0,0,3,0,0,0,0
20220430,서울특별시,11,도봉구,11320,서울특별시,11,6,82,18,47,13,0,7,6,230,41,6
20220430,서울특별시,11,도봉구,11320,부산광역시,26,0,16,7,48,0,5,0,0,49,17,0
20220430,서울특별시,11,도봉구,11320,대구광역시,27,0,9,0,30,3,0,0,0,49,9,0
20220430,서울특별시,11,도봉구,11320,인천광역시,28,3,11,3,11,4,0,4,5,46,4,0
20220430,서울특별시,11,도봉구,11320,광주광역시,29,0,4,0,20,0,0,0,0,29,3,0
20220430,서울특별시,11,도봉구,11320,대전광역시,30,0,4,0,36,0,0,3,0,17,4,0
20220430,서울특별시,11,도봉구,11320,울산광역시,31,0,0,0,0,0,0,0,0,17,0,0
20220430,서울특별시,11,도봉구,11320,세종특별자치시,36,0,0,0,0,0,0,0,0,3,3,0
20220430,서울특별시,11,도봉구,11320,경기도,41,11,120,30,25,36,15,22,22,488,95,22
20220430,서울특별시,11,도봉구,11320,강원도,42,3,7,0,6,0,0,0,0,15,0,0
20220430,서울특별시,11,도봉구,11320,충청북도,43,3,8,0,14,0,0,0,0,26,3,0
20220430,서울특별시,11,도봉구,11320,충청남도,44,0,14,3,19,0,0,0,3,34,4,0
20220430,서울특별시,11,도봉구,11320,전라북도,45,0,19,0,17,3,0,0,0,34,0,0
20220430,서울특별시,11,도봉구,11320,전라남도,46,0,5,0,5,0,0,0,0,15,4,0
20220430,서울특별시,11,도봉구,11320,경상북도,47,0,11,0,11,4,0,0,0,32,3,0
20220430,서울특별시,11,도봉구,11320,경상남도,48,0,18,0,0,0,0,5,0,41,3,0
20220430,서울특별시,11,도봉구,11320,제주특별자치도,50,0,5,0,8,0,0,0,0,0,0,0
20220430,서울특별시,11,용산구,11170,제주특별자치도,50,0,3,0,3,0,0,0,0,3,22,0
20220430,서울특별시,11,노원구,11350,서울특별시,11,4,146,23,32,18,5,13,6,232,79,16
20220430,서울특별시,11,노원구,11350,부산광역시,26,0,20,3,3,0,3,0,0,37,24,0
20220430,서울특별시,11,노원구,11350,대구광역시,27,0,8,0,0,6,0,0,0,14,5,0
20220430,서울특별시,11,노원구,11350,인천광역시,28,0,17,6,3,13,0,0,3,39,9,9
20220430,서울특별시,11,노원구,11350,광주광역시,29,0,5,0,3,0,0,0,0,5,0,0
20220430,서울특별시,11,노원구,11350,대전광역시,30,0,12,0,3,0,3,0,0,7,3,0
20220430,서울특별시,11,노원구,11350,울산광역시,31,0,5,0,0,4,0,0,0,7,0,0
20220430,서울특별시,11,노원구,11350,세종특별자치시,36,0,0,0,0,0,0,0,0,5,3,0
20220430,서울특별시,11,노원구,11350,경기도,41,10,167,52,41,53,29,35,12,547,95,24
20220430,서울특별시,11,노원구,11350,강원도,42,0,6,3,0,0,0,0,0,0,7,0
20220430,서울특별시,11,노원구,11350,충청북도,43,0,5,0,4,0,0,0,0,22,9,0
20220430,서울특별시,11,노원구,11350,충청남도,44,0,8,18,13,0,0,0,0,8,4,4
20220430,서울특별시,11,노원구,11350,전라북도,45,0,3,0,3,3,0,0,0,14,4,0
20220430,서울특별시,11,노원구,11350,전라남도,46,0,8,0,0,0,0,0,0,5,0,0
20220430,서울특별시,11,노원구,11350,경상북도,47,0,12,0,3,0,0,0,0,8,4,0
20220430,서울특별시,11,노원구,11350,경상남도,48,0,10,0,8,3,5,4,0,9,9,0
20220430,서울특별시,11,노원구,11350,제주특별자치도,50,0,0,0,0,0,0,0,0,0,0,0
20220430,서울특별시,11,용산구,11170,경상남도,48,0,4,3,16,0,0,0,0,13,110,0
20220430,서울특별시,11,용산구,11170,경상북도,47,0,8,4,15,0,0,0,0,8,74,0
20220430,서울특별시,11,용산구,11170,전라남도,46,0,3,0,5,0,0,0,0,3,37,0
20220430,서울특별시,11,용산구,11170,전라북도,45,0,3,0,11,0,0,0,0,16,59,0
20220430,서울특별시,11,용산구,11170,충청남도,44,0,0,7,31,0,0,3,0,14,66,0
20220430,서울특별시,11,용산구,11170,충청북도,43,0,3,3,9,0,0,0,0,16,45,0
20220430,서울특별시,11,용산구,11170,강원도,42,0,5,0,11,0,0,0,0,4,48,0
20220430,서울특별시,11,용산구,11170,경기도,41,7,94,26,131,102,12,16,3,275,563,13
20220430,서울특별시,11,용산구,11170,세종특별자치시,36,0,0,0,5,0,0,0,0,0,11,0
20220430,서울특별시,11,용산구,11170,울산광역시,31,0,3,0,12,0,0,0,0,5,44,0
20220430,서울특별시,11,용산구,11170,대전광역시,30,0,3,0,10,0,0,3,0,8,62,0
20220430,서울특별시,11,용산구,11170,광주광역시,29,0,4,3,11,0,0,3,0,10,60,0
20220430,서울특별시,11,용산구,11170,인천광역시,28,0,12,4,24,21,0,0,0,25,108,3
20220430,서울특별시,11,강남구,11680,대구광역시,27,23,36,14,6,47,0,18,0,418,17,7
20220430,서울특별시,11,강남구,11680,인천광역시,28,16,60,19,15,67,7,15,10,513,16,12
20220430,서울특별시,11,강남구,11680,광주광역시,29,13,29,10,3,15,3,8,0,269,7,4
20220430,서울특별시,11,영등포구,11560,제주특별자치도,50,0,5,0,0,4,0,3,0,0,3,5
20220430,서울특별시,11,영등포구,11560,경상남도,48,3,47,0,8,11,4,13,12,13,4,14
20220430,서울특별시,11,영등포구,11560,경상북도,47,0,29,9,3,10,0,13,11,15,3,14
20220430,서울특별시,11,영등포구,11560,전라남도,46,0,25,0,0,7,0,9,6,7,0,7
20220430,서울특별시,11,영등포구,11560,전라북도,45,0,28,3,3,5,0,13,3,20,0,7
20220430,서울특별시,11,영등포구,11560,충청남도,44,0,33,6,15,14,0,20,9,12,4,8
20220430,서울특별시,11,영등포구,11560,충청북도,43,0,20,4,0,3,0,11,4,35,6,11
20220430,서울특별시,11,영등포구,11560,강원도,42,0,14,4,6,7,0,14,4,8,0,6
20220430,서울특별시,11,영등포구,11560,경기도,41,26,319,39,52,99,36,110,52,460,113,96
20220430,서울특별시,11,영등포구,11560,세종특별자치시,36,0,3,0,0,3,0,3,0,0,0,0
20220430,서울특별시,11,영등포구,11560,울산광역시,31,0,15,0,0,9,0,5,0,7,0,5
20220430,서울특별시,11,영등포구,11560,대전광역시,30,0,19,8,3,4,0,9,0,10,7,0
20220430,서울특별시,11,영등포구,11560,광주광역시,29,5,13,0,4,0,0,9,0,11,0,6
20220430,서울특별시,11,광진구,11215,제주특별자치도,50,0,0,0,0,0,0,0,0,0,0,0
20220430,서울특별시,11,용산구,11170,대구광역시,27,0,13,0,13,0,0,0,0,16,77,0
20220430,서울특별시,11,용산구,11170,부산광역시,26,0,12,6,23,0,5,4,0,21,145,0
20220430,서울특별시,11,강서구,11500,서울특별시,11,20,344,124,70,162,38,59,44,406,217,44
20220430,서울특별시,11,중랑구,11260,서울특별시,11,6,154,15,26,26,65,6,0,101,78,46
20220430,서울특별시,11,중랑구,11260,부산광역시,26,3,30,0,10,6,16,0,0,24,21,16
20220430,서울특별시,11,중랑구,11260,대구광역시,27,3,20,0,0,6,11,0,0,17,7,6
20220430,서울특별시,11,중랑구,11260,인천광역시,28,0,38,3,3,0,20,0,0,19,17,16
20220430,서울특별시,11,중랑구,11260,광주광역시,29,0,8,0,0,5,6,0,0,15,7,3
20220430,서울특별시,11,중랑구,11260,대전광역시,30,0,9,0,0,3,15,3,0,5,4,7
20220430,서울특별시,11,중랑구,11260,울산광역시,31,0,9,0,0,0,12,0,0,6,3,5
20220430,서울특별시,11,중랑구,11260,세종특별자치시,36,0,4,0,0,0,0,0,0,0,0,0
20220430,서울특별시,11,중랑구,11260,경기도,41,13,169,21,29,58,77,27,9,228,93,70
20220430,서울특별시,11,중랑구,11260,강원도,42,0,18,0,4,4,6,0,0,4,9,4
20220430,서울특별시,11,중랑구,11260,충청북도,43,4,13,0,5,3,9,0,0,17,4,4
20220430,서울특별시,11,중랑구,11260,충청남도,44,0,12,5,17,4,14,18,0,9,7,12
20220430,서울특별시,11,중랑구,11260,전라북도,45,5,9,0,3,0,3,9,0,9,6,0
20220430,서울특별시,11,중랑구,11260,전라남도,46,0,4,6,0,0,8,3,0,0,0,4
20220430,서울특별시,11,중랑구,11260,경상북도,47,0,11,0,4,5,6,5,0,7,8,6
20220430,서울특별시,11,중랑구,11260,경상남도,48,0,19,3,4,6,19,0,0,10,10,8
20220430,서울특별시,11,중랑구,11260,제주특별자치도,50,0,0,0,0,0,5,0,0,3,4,0
20220430,서울특별시,11,강서구,11500,부산광역시,26,5,91,24,18,46,15,7,9,92,95,10
20220430,서울특별시,11,강서구,11500,대구광역시,27,10,44,19,12,24,11,8,8,49,29,6
20220430,서울특별시,11,강서구,11500,인천광역시,28,4,73,30,17,40,12,20,11,71,48,11
20220430,서울특별시,11,강서구,11500,광주광역시,29,3,32,16,4,17,0,5,0,26,18,6
20220430,서울특별시,11,강서구,11500,대전광역시,30,0,25,13,10,27,3,5,3,26,34,3
20220430,서울특별시,11,강서구,11500,울산광역시,31,0,18,4,0,12,5,3,0,20,15,3
20220430,서울특별시,11,강서구,11500,세종특별자치시,36,0,5,4,0,0,0,3,0,3,7,3
20220430,서울특별시,11,강서구,11500,경기도,41,35,419,157,105,203,72,86,67,842,318,71
20220430,서울특별시,11,강서구,11500,강원도,42,0,27,9,6,16,5,5,0,13,20,6
20220430,서울특별시,11,강서구,11500,충청북도,43,0,20,15,12,14,3,10,7,53,21,13
20220430,서울특별시,11,강서구,11500,충청남도,44,0,42,24,23,23,3,11,11,30,37,6
20220430,서울특별시,11,강서구,11500,전라북도,45,0,34,11,3,26,5,10,4,38,25,6
20220430,서울특별시,11,강서구,11500,전라남도,46,0,40,11,9,17,10,6,8,29,15,19
20220430,서울특별시,11,강서구,11500,경상북도,47,6,66,17,16,16,16,7,7,37,48,4
20220430,서울특별시,11,강서구,11500,경상남도,48,5,62,22,11,43,11,16,16,52,63,13
20220430,서울특별시,11,강서구,11500,제주특별자치도,50,0,6,0,0,3,3,4,0,3,6,0
20220430,서울특별시,11,용산구,11170,서울특별시,11,0,81,35,111,134,9,7,0,205,391,3
20220430,서울특별시,11,은평구,11380,제주특별자치도,50,0,3,0,0,0,0,0,0,3,0,0
20220430,서울특별시,11,은평구,11380,경상남도,48,0,12,4,5,4,0,3,0,10,6,0
20220430,서울특별시,11,은평구,11380,경상북도,47,0,9,5,0,0,0,5,3,9,0,0
20220430,서울특별시,11,은평구,11380,전라남도,46,0,8,0,0,0,0,8,0,6,0,0
20220430,서울특별시,11,은평구,11380,전라북도,45,0,4,0,0,0,0,0,0,22,5,3
20220430,서울특별시,11,은평구,11380,충청남도,44,0,6,12,13,0,0,0,0,17,0,0
20220430,서울특별시,11,은평구,11380,충청북도,43,0,4,3,3,4,0,0,0,32,0,3
20220430,서울특별시,11,은평구,11380,강원도,42,0,5,0,0,0,0,0,0,7,0,0
20220430,서울특별시,11,동작구,11590,제주특별자치도,50,0,0,3,0,0,0,0,0,3,4,0
20220430,서울특별시,11,동작구,11590,경상남도,48,0,14,21,5,5,0,3,0,17,18,0
20220430,서울특별시,11,동작구,11590,경상북도,47,0,13,12,0,0,0,8,0,15,6,0
20220430,서울특별시,11,동작구,11590,전라남도,46,0,7,6,3,0,0,0,0,7,6,0
20220430,서울특별시,11,동작구,11590,전라북도,45,0,10,9,0,0,3,0,0,19,4,0
20220430,서울특별시,11,동작구,11590,충청남도,44,0,12,26,17,7,0,3,0,14,6,0
20220430,서울특별시,11,동작구,11590,충청북도,43,0,3,12,5,0,0,7,0,34,3,0
20220430,서울특별시,11,동작구,11590,강원도,42,0,11,9,4,7,0,7,0,9,6,0
20220430,서울특별시,11,동작구,11590,경기도,41,12,200,121,56,87,26,54,16,522,111,35
20220430,서울특별시,11,동작구,11590,세종특별자치시,36,0,0,0,0,0,0,4,0,0,0,0
20220430,서울특별시,11,동작구,11590,울산광역시,31,0,5,7,4,0,0,4,0,4,0,0
20220430,서울특별시,11,동작구,11590,대전광역시,30,0,5,6,4,4,0,3,0,15,7,4
20220430,서울특별시,11,동작구,11590,광주광역시,29,0,12,6,5,0,0,0,0,17,0,0
20220430,서울특별시,11,동작구,11590,인천광역시,28,0,16,17,5,5,3,8,7,48,6,3
20220430,서울특별시,11,동작구,11590,대구광역시,27,4,18,13,4,3,3,7,0,19,8,0
20220430,서울특별시,11,동작구,11590,부산광역시,26,0,19,23,6,9,4,4,0,51,28,3
20220430,서울특별시,11,동작구,11590,서울특별시,11,0,196,112,36,20,11,28,3,310,70,7
20220430,서울특별시,11,광진구,11215,경상남도,48,0,18,5,21,6,0,4,0,14,8,0
20220430,서울특별시,11,광진구,11215,경상북도,47,0,11,0,10,4,0,0,0,3,6,0
20220430,서울특별시,11,광진구,11215,전라남도,46,0,4,4,9,7,0,0,0,6,0,0
20220430,서울특별시,11,광진구,11215,전라북도,45,0,0,0,0,0,0,3,0,21,4,3
20220430,서울특별시,11,광진구,11215,충청남도,44,3,9,13,18,5,0,7,0,19,4,0
20220430,서울특별시,11,광진구,11215,충청북도,43,0,3,0,11,4,0,0,0,22,6,0
20220430,서울특별시,11,광진구,11215,강원도,42,0,13,0,8,3,0,3,0,5,3,0
20220430,서울특별시,11,광진구,11215,경기도,41,10,161,40,88,68,26,22,7,432,124,19
20220430,서울특별시,11,광진구,11215,세종특별자치시,36,0,0,3,0,0,0,0,0,0,0,0
20220430,서울특별시,11,영등포구,11560,인천광역시,28,0,72,10,9,15,0,11,10,22,6,23
20220430,서울특별시,11,광진구,11215,울산광역시,31,0,14,3,3,0,0,0,0,9,0,0
20220430,서울특별시,11,광진구,11215,대전광역시,30,0,9,0,9,0,0,4,0,4,6,0
20220430,서울특별시,11,광진구,11215,광주광역시,29,0,7,0,7,4,0,0,0,4,5,0
20220430,서울특별시,11,광진구,11215,인천광역시,28,0,22,10,16,10,3,6,0,20,9,0
20220430,서울특별시,11,광진구,11215,대구광역시,27,5,7,4,8,0,4,5,0,18,11,0
20220430,서울특별시,11,광진구,11215,부산광역시,26,0,18,8,12,5,6,5,0,24,17,0
20220430,서울특별시,11,광진구,11215,서울특별시,11,0,139,36,63,42,9,9,4,207,69,4
20220430,서울특별시,11,은평구,11380,경기도,41,15,154,37,36,67,24,37,10,489,95,37
20220430,서울특별시,11,은평구,11380,세종특별자치시,36,0,0,0,0,0,0,0,0,4,0,0
20220430,서울특별시,11,은평구,11380,울산광역시,31,0,9,4,0,0,0,0,0,10,0,0
20220430,서울특별시,11,은평구,11380,대전광역시,30,0,15,0,0,0,0,0,0,10,0,0
20220430,서울특별시,11,은평구,11380,광주광역시,29,0,9,0,3,9,0,0,0,0,0,0
20220430,서울특별시,11,은평구,11380,인천광역시,28,6,24,6,5,11,0,3,11,38,9,8
20220430,서울특별시,11,은평구,11380,대구광역시,27,6,13,7,3,3,0,0,0,25,4,0
20220430,서울특별시,11,은평구,11380,부산광역시,26,0,22,4,3,0,8,0,0,28,34,0
20220430,서울특별시,11,은평구,11380,서울특별시,11,5,147,34,31,13,5,23,4,205,58,15
20220430,서울특별시,11,영등포구,11560,대구광역시,27,4,39,7,0,6,0,6,7,24,4,17
20220430,서울특별시,11,영등포구,11560,부산광역시,26,0,50,3,6,16,5,10,9,27,12,16
20220430,서울특별시,11,영등포구,11560,서울특별시,11,13,247,45,54,107,10,136,34,230,54,78
20220430,서울특별시,11,강남구,11680,대전광역시,30,10,18,7,4,28,0,22,3,263,12,4
20220430,서울특별시,11,강남구,11680,울산광역시,31,6,13,6,0,20,0,4,0,131,0,0
20220430,서울특별시,11,강남구,11680,세종특별자치시,36,0,5,5,0,3,0,10,0,51,4,0
20220430,서울특별시,11,강남구,11680,경기도,41,89,480,148,74,321,50,118,19,2904,205,82
20220430,서울특별시,11,강남구,11680,강원도,42,9,19,10,0,12,0,9,0,257,4,0
20220430,서울특별시,11,강남구,11680,충청북도,43,8,36,5,3,32,0,18,0,266,7,8
20220430,서울특별시,11,강남구,11680,충청남도,44,14,37,37,12,29,0,24,3,351,10,11
20220430,서울특별시,11,강남구,11680,전라북도,45,6,27,13,0,21,5,3,3,271,12,0
20220430,서울특별시,11,강남구,11680,전라남도,46,7,19,7,0,21,4,10,0,226,6,5
20220430,서울특별시,11,강남구,11680,경상북도,47,13,30,15,6,40,0,12,3,366,13,6
20220430,서울특별시,11,강남구,11680,경상남도,48,17,34,15,7,32,7,12,0,378,16,5
20220430,서울특별시,11,강남구,11680,제주특별자치도,50,0,9,3,0,3,0,6,0,71,0,0
20220430,서울특별시,11,마포구,11440,제주특별자치도,50,0,19,27,0,40,0,0,0,11,0,0
20220430,서울특별시,11,마포구,11440,경상남도,48,9,63,98,13,100,5,7,9,53,20,5
20220430,서울특별시,11,강북구,11305,서울특별시,11,6,72,14,18,22,3,6,20,150,26,7
20220430,서울특별시,11,강북구,11305,부산광역시,26,5,13,0,3,4,3,0,10,27,17,0
20220430,서울특별시,11,강북구,11305,대구광역시,27,3,10,0,0,5,0,0,7,13,0,0
20220430,서울특별시,11,강북구,11305,인천광역시,28,4,12,0,6,4,0,3,10,31,6,0
20220430,서울특별시,11,강북구,11305,광주광역시,29,0,0,0,0,0,0,0,0,5,0,0
20220430,서울특별시,11,강북구,11305,대전광역시,30,0,6,0,3,4,0,3,3,6,0,0
20220430,서울특별시,11,강북구,11305,울산광역시,31,0,3,0,0,0,0,0,3,14,0,0
20220430,서울특별시,11,강북구,11305,세종특별자치시,36,0,0,0,0,0,0,0,0,0,0,0
20220430,서울특별시,11,강북구,11305,경기도,41,14,65,24,26,51,15,12,37,265,57,27
20220430,서울특별시,11,강북구,11305,강원도,42,0,5,0,0,0,0,0,7,8,0,0
20220430,서울특별시,11,강북구,11305,충청북도,43,0,6,0,0,3,0,4,7,20,0,0
20220430,서울특별시,11,강북구,11305,충청남도,44,0,7,4,7,3,0,0,4,6,4,0
20220430,서울특별시,11,강북구,11305,전라북도,45,3,6,0,0,3,0,0,3,11,0,0
20220430,서울특별시,11,강북구,11305,전라남도,46,0,3,0,0,3,0,0,5,5,0,0
20220430,서울특별시,11,강북구,11305,경상북도,47,4,8,0,0,4,0,0,8,15,5,0
20220430,서울특별시,11,강북구,11305,경상남도,48,0,8,6,0,8,3,0,3,12,4,0
20220430,서울특별시,11,강북구,11305,제주특별자치도,50,0,0,0,0,0,0,0,0,0,0,0
20220430,서울특별시,11,금천구,11545,서울특별시,11,95,205,20,40,135,129,116,252,1549,634,336
20220430,서울특별시,11,금천구,11545,부산광역시,26,10,28,5,5,17,37,26,68,350,151,48
20220430,서울특별시,11,금천구,11545,대구광역시,27,14,22,0,3,11,33,25,44,335,110,34
20220430,서울특별시,11,금천구,11545,인천광역시,28,17,38,3,9,13,37,27,64,361,167,61
20220430,서울특별시,11,금천구,11545,광주광역시,29,7,15,0,4,8,20,16,44,246,95,31
20220430,서울특별시,11,금천구,11545,대전광역시,30,10,7,0,3,10,13,19,45,197,104,33
20220430,서울특별시,11,금천구,11545,울산광역시,31,6,10,0,5,6,16,5,29,166,73,19
20220430,서울특별시,11,금천구,11545,세종특별자치시,36,0,7,0,0,0,8,3,11,61,30,8
20220430,서울특별시,11,금천구,11545,경기도,41,137,205,13,34,122,136,141,341,2034,857,372
20220430,서울특별시,11,금천구,11545,강원도,42,8,8,0,5,6,28,14,32,214,65,26
20220430,서울특별시,11,금천구,11545,충청북도,43,11,13,0,0,9,17,13,32,222,95,29
20220430,서울특별시,11,금천구,11545,충청남도,44,13,16,3,5,12,26,17,40,256,108,30
20220430,서울특별시,11,금천구,11545,전라북도,45,10,11,0,3,7,21,5,29,246,95,21
20220430,서울특별시,11,금천구,11545,전라남도,46,12,13,0,3,8,13,11,33,222,96,15
20220430,서울특별시,11,금천구,11545,경상북도,47,9,22,9,3,18,29,22,46,290,131,36
20220430,서울특별시,11,금천구,11545,경상남도,48,12,26,0,3,20,32,15,59,405,157,40
20220430,서울특별시,11,금천구,11545,제주특별자치도,50,6,6,0,0,6,6,6,17,77,35,9
20220430,서울특별시,11,송파구,11710,제주특별자치도,50,0,6,0,0,0,0,0,0,0,0,0
20220430,서울특별시,11,송파구,11710,경상남도,48,14,20,20,15,230,7,2211,61,31,35,44
20220430,서울특별시,11,송파구,11710,경상북도,47,10,17,13,10,202,10,1892,56,22,12,50
20220430,서울특별시,11,송파구,11710,전라남도,46,3,15,19,8,139,4,1292,35,13,8,18
20220430,서울특별시,11,송파구,11710,전라북도,45,9,17,15,10,134,5,1173,19,19,13,33
20220430,서울특별시,11,송파구,11710,충청남도,44,9,30,34,29,306,11,3252,69,21,19,61
20220430,서울특별시,11,송파구,11710,충청북도,43,12,49,8,10,215,7,2444,42,41,15,33
20220430,서울특별시,11,송파구,11710,강원도,42,11,23,14,8,164,4,1761,25,13,12,36
20220430,서울특별시,11,강동구,11740,제주특별자치도,50,0,6,0,0,0,0,0,0,3,8,0
20220430,서울특별시,11,강동구,11740,경상남도,48,0,11,33,10,7,0,6,5,14,21,0
20220430,서울특별시,11,강동구,11740,경상북도,47,0,12,18,0,3,0,4,3,6,22,0
20220430,서울특별시,11,강동구,11740,전라남도,46,0,6,8,3,0,0,4,0,4,13,0
20220430,서울특별시,11,강동구,11740,전라북도,45,0,11,6,0,0,3,4,0,14,15,0
20220430,서울특별시,11,강동구,11740,충청남도,44,0,10,35,19,4,0,4,9,14,17,0
20220430,서울특별시,11,강동구,11740,충청북도,43,0,5,5,0,3,0,3,0,30,14,6
20220430,서울특별시,11,강동구,11740,강원도,42,0,4,6,0,0,0,9,0,11,9,0
20220430,서울특별시,11,강동구,11740,경기도,41,10,201,114,56,72,21,27,42,609,169,39
20220430,서울특별시,11,강동구,11740,세종특별자치시,36,0,3,3,0,0,0,0,0,3,7,0
20220430,서울특별시,11,강동구,11740,울산광역시,31,0,5,6,0,0,0,0,0,9,12,0
20220430,서울특별시,11,강동구,11740,대전광역시,30,0,7,5,0,0,0,0,0,8,14,0
20220430,서울특별시,11,강동구,11740,광주광역시,29,0,8,16,0,0,0,5,0,4,10,0
20220430,서울특별시,11,강동구,11740,인천광역시,28,3,32,23,3,6,4,6,9,29,20,6
20220430,서울특별시,11,강동구,11740,대구광역시,27,6,9,32,3,4,3,0,4,18,24,0
20220430,서울특별시,11,강동구,11740,부산광역시,26,0,18,22,7,0,3,4,6,32,40,3
20220430,서울특별시,11,강동구,11740,서울특별시,11,8,144,81,26,28,10,24,22,238,136,19
20220430,서울특별시,11,동대문구,11230,서울특별시,11,4,136,46,34,147,7,44,62,190,32,23
20220430,서울특별시,11,동대문구,11230,부산광역시,26,0,18,8,3,26,3,23,23,25,18,7
20220430,서울특별시,11,동대문구,11230,대구광역시,27,0,12,9,0,13,0,10,12,15,5,3
20220430,서울특별시,11,동대문구,11230,인천광역시,28,6,16,12,11,23,0,52,14,32,6,7
20220430,서울특별시,11,동대문구,11230,광주광역시,29,0,3,4,0,6,0,13,6,6,0,0
20220430,서울특별시,11,동대문구,11230,대전광역시,30,0,9,8,4,5,0,7,7,7,0,4
20220430,서울특별시,11,송파구,11710,경기도,41,40,312,109,95,460,43,3630,108,958,216,140
20220430,서울특별시,11,송파구,11710,세종특별자치시,36,0,12,9,7,105,0,1378,25,0,8,20
20220430,서울특별시,11,송파구,11710,울산광역시,31,0,10,8,5,35,3,336,4,10,8,4
20220430,서울특별시,11,송파구,11710,대전광역시,30,15,24,4,13,297,8,3455,60,14,17,58
20220430,서울특별시,11,송파구,11710,광주광역시,29,10,9,4,8,133,0,1074,18,25,8,31
20220430,서울특별시,11,송파구,11710,인천광역시,28,7,28,62,21,27,5,102,7,51,21,4
20220430,서울특별시,11,송파구,11710,대구광역시,27,25,32,9,15,317,15,3307,38,39,24,43
20220430,서울특별시,11,송파구,11710,부산광역시,26,4,18,12,14,103,7,1105,26,72,46,19
20220430,서울특별시,11,송파구,11710,서울특별시,11,18,262,99,65,83,14,506,14,400,129,30
20220430,서울특별시,11,동대문구,11230,울산광역시,31,0,5,0,0,5,0,0,8,8,0,0
20220430,서울특별시,11,동대문구,11230,세종특별자치시,36,0,0,0,0,5,0,0,0,0,0,0
20220430,서울특별시,11,동대문구,11230,경기도,41,28,180,67,39,163,18,79,75,332,80,22
20220430,서울특별시,11,동대문구,11230,강원도,42,0,5,3,0,7,0,6,12,7,0,0
20220430,서울특별시,11,동대문구,11230,충청북도,43,0,8,4,0,16,0,5,12,23,0,3
20220430,서울특별시,11,동대문구,11230,충청남도,44,0,11,12,10,20,0,13,11,8,0,0
20220430,서울특별시,11,동대문구,11230,전라북도,45,0,6,4,0,7,0,14,14,14,0,3
20220430,서울특별시,11,동대문구,11230,전라남도,46,0,8,7,0,9,0,13,9,4,0,0
20220430,서울특별시,11,동대문구,11230,경상북도,47,0,17,10,3,15,0,11,15,8,3,4
20220430,서울특별시,11,동대문구,11230,경상남도,48,0,11,8,4,19,0,17,10,14,0,4
20220430,서울특별시,11,동대문구,11230,제주특별자치도,50,0,3,0,0,4,0,3,0,0,0,0
20220430,서울특별시,11,성북구,11290,서울특별시,11,10,254,51,42,124,8,163,18,431,109,686
20220430,서울특별시,11,성북구,11290,부산광역시,26,0,37,8,8,4,3,6,0,113,32,5
20220430,서울특별시,11,성북구,11290,대구광역시,27,4,30,3,0,8,0,6,0,79,20,4
20220430,서울특별시,11,성북구,11290,인천광역시,28,3,47,10,8,11,0,10,9,86,19,9
20220430,서울특별시,11,성북구,11290,광주광역시,29,0,20,3,0,3,0,0,0,51,9,4
20220430,서울특별시,11,성북구,11290,대전광역시,30,0,18,0,0,7,0,6,0,42,13,0
20220430,서울특별시,11,성북구,11290,울산광역시,31,0,9,0,0,0,0,0,0,37,6,0
20220430,서울특별시,11,성북구,11290,세종특별자치시,36,0,7,0,0,0,0,0,0,11,0,0
20220430,서울특별시,11,성북구,11290,경기도,41,20,343,58,39,112,31,48,18,750,124,58
20220430,서울특별시,11,성북구,11290,강원도,42,0,19,0,0,6,0,11,0,41,6,3
20220430,서울특별시,11,성북구,11290,충청북도,43,4,20,3,6,7,0,10,0,77,7,0
20220430,서울특별시,11,마포구,11440,경상북도,47,10,53,73,6,89,0,6,5,25,16,0
20220430,서울특별시,11,마포구,11440,전라남도,46,3,31,57,8,81,0,7,7,17,7,0
20220430,서울특별시,11,마포구,11440,전라북도,45,12,52,60,8,102,3,0,0,30,10,0
20220430,서울특별시,11,마포구,11440,충청남도,44,9,57,89,21,92,0,7,12,27,7,4
20220430,서울특별시,11,마포구,11440,충청북도,43,5,44,43,6,106,4,9,6,32,8,0
20220430,서울특별시,11,마포구,11440,강원도,42,12,44,48,3,64,3,8,6,16,9,0
20220430,서울특별시,11,성동구,11200,제주특별자치도,50,0,106,24,3,0,0,0,0,3,0,0
20220430,서울특별시,11,성동구,11200,경상남도,48,3,326,165,34,7,0,9,5,15,13,0
20220430,서울특별시,11,성동구,11200,경상북도,47,3,231,105,9,0,3,0,4,6,11,0
20220430,서울특별시,11,성동구,11200,전라남도,46,0,191,35,19,5,0,0,0,6,7,0
20220430,서울특별시,11,성동구,11200,전라북도,45,3,181,30,7,0,0,5,0,17,5,0
20220430,서울특별시,11,성동구,11200,충청남도,44,7,227,110,12,7,0,3,8,8,8,0
20220430,서울특별시,11,성동구,11200,충청북도,43,0,197,63,15,0,0,7,0,24,16,0
20220430,서울특별시,11,성동구,11200,강원도,42,0,172,47,4,0,0,3,0,5,7,0
20220430,서울특별시,11,성동구,11200,경기도,41,22,2400,495,80,63,22,38,32,413,168,19
20220430,서울특별시,11,성동구,11200,세종특별자치시,36,0,43,16,5,0,0,5,3,0,0,0
20220430,서울특별시,11,서대문구,11410,서울특별시,11,0,129,33,21,17,3,40,5,191,55,0
20220430,서울특별시,11,서대문구,11410,부산광역시,26,0,21,0,4,3,0,0,0,21,23,0
20220430,서울특별시,11,서대문구,11410,대구광역시,27,4,10,6,0,0,0,3,4,17,6,0
20220430,서울특별시,11,서대문구,11410,인천광역시,28,0,12,6,5,4,0,5,5,31,5,3
20220430,서울특별시,11,서대문구,11410,광주광역시,29,0,9,0,0,0,0,4,0,8,0,0
20220430,서울특별시,11,서대문구,11410,대전광역시,30,0,4,5,0,0,0,4,0,6,3,3
20220430,서울특별시,11,서대문구,11410,울산광역시,31,0,0,3,0,0,0,0,0,4,4,0
20220430,서울특별시,11,서대문구,11410,세종특별자치시,36,0,0,0,0,0,0,0,0,0,0,0
20220430,서울특별시,11,서대문구,11410,경기도,41,7,155,60,24,60,15,42,11,369,103,26
20220430,서울특별시,11,서대문구,11410,강원도,42,0,7,4,0,0,0,7,0,6,3,0
20220430,서울특별시,11,서대문구,11410,충청북도,43,0,5,6,0,4,0,0,0,28,0,0
20220430,서울특별시,11,서대문구,11410,충청남도,44,0,9,10,5,3,0,0,4,7,6,0
20220430,서울특별시,11,서대문구,11410,전라북도,45,0,9,5,0,3,0,0,0,14,0,0
20220430,서울특별시,11,서대문구,11410,전라남도,46,0,6,0,0,0,0,0,0,0,0,0
20220430,서울특별시,11,서대문구,11410,경상북도,47,0,12,0,0,0,0,3,0,7,0,0
20220430,서울특별시,11,마포구,11440,경기도,41,27,614,394,71,287,27,52,32,661,154,51
20220430,서울특별시,11,마포구,11440,세종특별자치시,36,0,15,10,0,19,0,0,0,4,0,0
20220430,서울특별시,11,마포구,11440,울산광역시,31,5,26,37,0,27,0,0,0,16,12,0
20220430,서울특별시,11,마포구,11440,대전광역시,30,11,55,78,7,79,0,5,3,27,16,0
20220430,서울특별시,11,마포구,11440,서울특별시,11,28,625,277,58,228,18,32,27,387,123,19
20220430,서울특별시,11,마포구,11440,광주광역시,29,8,33,46,8,80,0,4,0,28,8,0
20220430,서울특별시,11,마포구,11440,인천광역시,28,4,118,93,14,90,4,13,4,80,27,6
20220430,서울특별시,11,마포구,11440,대구광역시,27,11,95,66,7,110,6,12,5,46,17,5
20220430,서울특별시,11,마포구,11440,부산광역시,26,8,121,104,12,128,3,8,8,70,37,4
20220430,서울특별시,11,서초구,11650,제주특별자치도,50,0,7,0,0,0,0,0,4,5,0,0
20220430,서울특별시,11,서초구,11650,경상남도,48,3,29,9,0,15,4,3,28,25,17,0
20220430,서울특별시,11,서초구,11650,경상북도,47,0,13,7,0,13,3,5,42,23,4,0
20220430,서울특별시,11,서초구,11650,전라남도,46,0,10,5,0,0,0,3,9,7,6,0
20220430,서울특별시,11,서초구,11650,전라북도,45,0,12,9,0,4,0,0,30,24,4,0
20220430,서울특별시,11,서초구,11650,충청남도,44,0,39,19,10,12,4,5,35,18,5,5
20220430,서울특별시,11,서초구,11650,충청북도,43,0,11,0,3,3,3,4,13,40,9,0
20220430,서울특별시,11,서초구,11650,강원도,42,0,14,6,0,4,0,4,23,11,8,0
20220430,서울특별시,11,서초구,11650,경기도,41,18,338,80,40,118,53,70,232,680,150,36
20220430,서울특별시,11,서초구,11650,세종특별자치시,36,0,0,0,0,0,0,0,10,3,0,0
20220430,서울특별시,11,서초구,11650,울산광역시,31,0,16,0,0,4,3,0,9,4,5,0
20220430,서울특별시,11,서초구,11650,대전광역시,30,0,6,6,0,6,0,0,12,14,6,0
20220430,서울특별시,11,서초구,11650,광주광역시,29,0,18,4,3,0,3,0,17,17,0,0
20220430,서울특별시,11,서초구,11650,인천광역시,28,3,49,12,7,18,3,7,58,43,15,3
20220430,서울특별시,11,서초구,11650,대구광역시,27,0,22,9,3,13,5,0,33,35,9,0
20220430,서울특별시,11,서초구,11650,부산광역시,26,0,49,8,5,14,8,5,31,54,28,0
20220430,서울특별시,11,서초구,11650,서울특별시,11,3,354,79,49,94,38,169,15,312,111,12
20220430,서울특별시,11,성북구,11290,충청남도,44,0,24,17,13,9,0,7,3,59,11,3
20220430,서울특별시,11,성북구,11290,전라북도,45,0,14,0,0,4,0,0,0,68,11,0
20220430,서울특별시,11,성북구,11290,전라남도,46,0,19,4,0,6,0,0,0,54,8,5
20220430,서울특별시,11,성북구,11290,경상북도,47,0,29,0,0,10,0,8,0,67,9,11
20220430,서울특별시,11,성북구,11290,경상남도,48,0,34,4,0,12,0,24,3,108,7,12
20220430,서울특별시,11,성북구,11290,제주특별자치도,50,0,3,0,0,0,0,3,0,11,3,45
20220430,서울특별시,11,강남구,11680,서울특별시,11,68,380,128,85,273,32,174,27,1807,135,718
20220430,서울특별시,11,강남구,11680,부산광역시,26,26,51,27,7,42,12,14,6,489,39,11
20220430,서울특별시,11,서대문구,11410,경상남도,48,0,11,0,0,0,3,3,0,13,6,0
20220430,서울특별시,11,서대문구,11410,제주특별자치도,50,0,7,3,0,0,0,0,0,0,0,0
20220430,서울특별시,11,구로구,11530,서울특별시,11,19,227,35,47,103,24,23,15,553,122,31
20220430,서울특별시,11,구로구,11530,부산광역시,26,6,246,6,10,20,7,5,7,159,38,8
20220430,서울특별시,11,구로구,11530,대구광역시,27,3,252,0,6,23,0,0,4,116,14,5
20220430,서울특별시,11,구로구,11530,인천광역시,28,5,59,4,8,23,7,9,22,184,30,10
20220430,서울특별시,11,구로구,11530,광주광역시,29,0,22,0,4,9,5,0,5,92,11,0
20220430,서울특별시,11,구로구,11530,대전광역시,30,3,33,0,3,7,4,3,3,60,16,0
20220430,서울특별시,11,구로구,11530,울산광역시,31,3,222,0,4,7,0,0,0,55,5,0
20220430,서울특별시,11,구로구,11530,세종특별자치시,36,0,4,0,3,5,0,0,0,23,3,0
20220430,서울특별시,11,구로구,11530,경기도,41,33,581,40,71,166,58,35,50,1089,169,53
20220430,서울특별시,11,구로구,11530,강원도,42,3,213,4,5,12,7,0,0,84,13,4
20220430,서울특별시,11,구로구,11530,충청북도,43,0,25,0,5,7,13,3,0,96,9,4
20220430,서울특별시,11,구로구,11530,충청남도,44,5,34,9,13,17,8,4,8,102,15,5
20220430,서울특별시,11,구로구,11530,전라북도,45,5,31,5,4,9,4,8,6,95,11,3
20220430,서울특별시,11,구로구,11530,전라남도,46,0,37,0,5,11,5,3,3,100,14,3
20220430,서울특별시,11,구로구,11530,경상북도,47,5,218,0,0,19,7,3,7,122,16,6
20220430,서울특별시,11,구로구,11530,경상남도,48,3,47,5,14,20,6,0,9,155,29,3
20220430,서울특별시,11,구로구,11530,제주특별자치도,50,0,11,0,0,0,0,0,0,28,3,0
20220430,서울특별시,11,성동구,11200,울산광역시,31,0,120,56,11,0,0,6,0,6,4,0
20220430,서울특별시,11,성동구,11200,대전광역시,30,3,208,60,5,3,3,4,0,6,8,0
20220430,서울특별시,11,성동구,11200,광주광역시,29,0,272,44,8,0,0,6,3,6,5,0
20220430,서울특별시,11,성동구,11200,인천광역시,28,9,452,144,15,8,4,6,6,21,27,3
20220430,서울특별시,11,성동구,11200,대구광역시,27,3,338,74,16,4,0,7,5,9,9,0
20220430,서울특별시,11,성동구,11200,부산광역시,26,0,439,126,23,21,0,8,0,33,27,0
20220430,서울특별시,11,성동구,11200,서울특별시,11,8,2405,244,66,29,9,26,10,213,120,6
20220430,서울특별시,11,종로구,11110,서울특별시,11,15,99,32,18,64,7,31,6,398,25,50
20220430,서울특별시,11,종로구,11110,부산광역시,26,5,13,0,3,17,0,6,0,135,13,0
20220430,서울특별시,11,종로구,11110,대구광역시,27,7,6,3,6,12,0,0,0,77,7,0
20220430,서울특별시,11,종로구,11110,인천광역시,28,7,30,0,6,17,4,13,0,152,9,8
20220430,서울특별시,11,종로구,11110,광주광역시,29,0,5,4,4,11,9,5,0,66,6,0
20220430,서울특별시,11,종로구,11110,대전광역시,30,0,10,0,6,6,0,0,0,53,0,0
20220430,서울특별시,11,종로구,11110,울산광역시,31,0,7,0,0,5,0,0,0,44,3,0
20220430,서울특별시,11,종로구,11110,세종특별자치시,36,0,3,0,0,0,0,0,0,21,0,0
20220430,서울특별시,11,관악구,11620,제주특별자치도,50,0,3,0,0,6,0,0,0,5,0,6
20220430,서울특별시,11,관악구,11620,경상남도,48,3,20,19,3,8,0,5,3,15,21,30
20220430,서울특별시,11,관악구,11620,경상북도,47,0,12,15,6,4,0,6,0,10,8,23
20220430,서울특별시,11,관악구,11620,전라남도,46,0,14,10,3,3,0,0,0,9,6,24
20220430,서울특별시,11,관악구,11620,전라북도,45,0,11,9,0,3,0,0,4,31,4,25
20220430,서울특별시,11,관악구,11620,충청남도,44,0,20,22,10,0,3,6,6,23,11,18
20220430,서울특별시,11,관악구,11620,충청북도,43,0,14,9,4,3,0,4,0,43,8,19
20220430,서울특별시,11,관악구,11620,강원도,42,0,7,13,5,7,0,5,0,10,7,10
